Ville;Latitude;Longitude;Date;Heure;temperature_2m;weathercode;Temps_Label;windspeed_10m;wind_gusts_10m;precipitation
Amiens;49.894;2.295;16/07/2026;00:00;21.6;0;SOLEIL;4;27.0;0
Amiens;49.894;2.295;16/07/2026;01:00;21.7;0;SOLEIL;4;28.1;0
Amiens;49.894;2.295;16/07/2026;02:00;21.4;0;SOLEIL;4;24.8;0
Amiens;49.894;2.295;16/07/2026;03:00;20.6;0;SOLEIL;3;24.8;0
Amiens;49.894;2.295;16/07/2026;04:00;20.5;0;SOLEIL;3;25.6;0
Amiens;49.894;2.295;16/07/2026;05:00;20.9;0;SOLEIL;3;25.6;0
Amiens;49.894;2.295;16/07/2026;06:00;21.9;0;SOLEIL;3;24.8;0
Amiens;49.894;2.295;16/07/2026;07:00;22.7;0;SOLEIL;3;24.1;0
Amiens;49.894;2.295;16/07/2026;08:00;24.6;0;SOLEIL;3;24.8;0
Amiens;49.894;2.295;16/07/2026;09:00;26.4;0;SOLEIL;3;23.4;0
Amiens;49.894;2.295;16/07/2026;10:00;27.9;0;SOLEIL;4;20.9;0
Amiens;49.894;2.295;16/07/2026;11:00;28.6;0;SOLEIL;4;24.1;0
Amiens;49.894;2.295;16/07/2026;12:00;29.1;0;SOLEIL;3;30.2;0
Amiens;49.894;2.295;16/07/2026;13:00;29.9;0;SOLEIL;3;31.0;0
Amiens;49.894;2.295;16/07/2026;14:00;30;2;NUAGEUX;4;31.0;0
Amiens;49.894;2.295;16/07/2026;15:00;30.1;0;SOLEIL;5;27.7;0
Amiens;49.894;2.295;16/07/2026;16:00;28.1;0;SOLEIL;5;29.5;0
Amiens;49.894;2.295;16/07/2026;17:00;26.6;0;SOLEIL;5;39.2;0
Amiens;49.894;2.295;16/07/2026;18:00;25;0;SOLEIL;5;42.1;0
Amiens;49.894;2.295;16/07/2026;19:00;23.1;0;SOLEIL;5;42.8;0
Amiens;49.894;2.295;16/07/2026;20:00;21.6;0;SOLEIL;4;43.2;0
Amiens;49.894;2.295;16/07/2026;21:00;20.4;0;SOLEIL;4;37.1;0
Amiens;49.894;2.295;16/07/2026;22:00;19.6;0;SOLEIL;3;32.4;0
Amiens;49.894;2.295;16/07/2026;23:00;18.6;0;SOLEIL;3;28.1;0
Amiens;49.894;2.295;17/07/2026;00:00;18.6;0;SOLEIL;3;27.4;0
Amiens;49.894;2.295;17/07/2026;01:00;18.6;0;SOLEIL;3;25.2;0
Amiens;49.894;2.295;17/07/2026;02:00;17.9;0;SOLEIL;3;22.3;0
Amiens;49.894;2.295;17/07/2026;03:00;17.9;0;SOLEIL;3;19.1;0
Amiens;49.894;2.295;17/07/2026;04:00;17.9;0;SOLEIL;3;18.7;0
Amiens;49.894;2.295;17/07/2026;05:00;19.4;0;SOLEIL;3;18.7;0
Amiens;49.894;2.295;17/07/2026;06:00;19.4;0;SOLEIL;3;18.7;0
Amiens;49.894;2.295;17/07/2026;07:00;19.4;0;SOLEIL;3;18.4;0
Amiens;49.894;2.295;17/07/2026;08:00;23.2;0;SOLEIL;4;20.9;0
Amiens;49.894;2.295;17/07/2026;09:00;23.2;0;SOLEIL;4;24.5;0
Amiens;49.894;2.295;17/07/2026;10:00;23.2;0;SOLEIL;4;23.4;0
Amiens;49.894;2.295;17/07/2026;11:00;25.4;0;SOLEIL;5;25.2;0
Amiens;49.894;2.295;17/07/2026;12:00;25.4;0;SOLEIL;5;28.8;0
Amiens;49.894;2.295;17/07/2026;13:00;25.4;0;SOLEIL;5;31.0;0
Amiens;49.894;2.295;17/07/2026;14:00;26;0;SOLEIL;6;33.5;0
Amiens;49.894;2.295;17/07/2026;15:00;26;0;SOLEIL;6;33.8;0
Amiens;49.894;2.295;17/07/2026;16:00;26;0;SOLEIL;6;34.6;0
Amiens;49.894;2.295;17/07/2026;17:00;23.6;0;SOLEIL;5;37.4;0
Amiens;49.894;2.295;17/07/2026;18:00;23.6;0;SOLEIL;5;40.0;0
Amiens;49.894;2.295;17/07/2026;19:00;23.6;0;SOLEIL;5;40.0;0
Amiens;49.894;2.295;17/07/2026;20:00;20.6;0;SOLEIL;3;33.8;0
Amiens;49.894;2.295;17/07/2026;21:00;20.6;0;SOLEIL;3;29.0;0
Amiens;49.894;2.295;17/07/2026;22:00;20.6;0;SOLEIL;3;25.7;0
Amiens;49.894;2.295;17/07/2026;23:00;18.1;0;SOLEIL;3;24.8;0
Amiens;49.894;2.295;18/07/2026;00:00;18.1;0;SOLEIL;3;25.2;0
Amiens;49.894;2.295;18/07/2026;01:00;18.1;0;SOLEIL;3;24.1;0
Amiens;49.894;2.295;18/07/2026;02:00;16.9;0;SOLEIL;3;21.2;0
Amiens;49.894;2.295;18/07/2026;03:00;16.9;0;SOLEIL;3;20.2;0
Amiens;49.894;2.295;18/07/2026;04:00;16.9;0;SOLEIL;3;18.0;0
Amiens;49.894;2.295;18/07/2026;05:00;17.4;2;NUAGEUX;4;16.6;0
Amiens;49.894;2.295;18/07/2026;06:00;17.4;2;NUAGEUX;4;15.1;0
Amiens;49.894;2.295;18/07/2026;07:00;17.4;2;NUAGEUX;4;11.5;0
Amiens;49.894;2.295;18/07/2026;08:00;20.9;2;NUAGEUX;4;15.1;0
Amiens;49.894;2.295;18/07/2026;09:00;20.9;2;NUAGEUX;4;25.2;0
Amiens;49.894;2.295;18/07/2026;10:00;20.9;2;NUAGEUX;4;29.5;0
Amiens;49.894;2.295;18/07/2026;11:00;21.7;0;SOLEIL;5;32.8;0
Amiens;49.894;2.295;18/07/2026;12:00;21.7;0;SOLEIL;5;34.6;0
Amiens;49.894;2.295;18/07/2026;13:00;21.7;0;SOLEIL;5;35.3;0
Amiens;49.894;2.295;18/07/2026;14:00;21.9;0;SOLEIL;6;37.8;0
Amiens;49.894;2.295;18/07/2026;15:00;21.9;0;SOLEIL;6;41.0;0
Amiens;49.894;2.295;18/07/2026;16:00;21.9;0;SOLEIL;6;43.9;0
Amiens;49.894;2.295;18/07/2026;17:00;20.4;0;SOLEIL;6;44.3;0
Amiens;49.894;2.295;18/07/2026;18:00;20.4;0;SOLEIL;6;44.3;0
Amiens;49.894;2.295;18/07/2026;19:00;20.4;0;SOLEIL;6;43.9;0
Amiens;49.894;2.295;18/07/2026;20:00;19.2;0;SOLEIL;5;43.9;0
Amiens;49.894;2.295;18/07/2026;21:00;18.4;0;SOLEIL;5;42.8;0
Amiens;49.894;2.295;18/07/2026;22:00;17.6;0;SOLEIL;5;41.0;0
Amiens;49.894;2.295;18/07/2026;23:00;16.6;0;SOLEIL;3;38.9;0
Amiens;49.894;2.295;19/07/2026;00:00;16.6;0;SOLEIL;3;35.6;0
Amiens;49.894;2.295;19/07/2026;01:00;16.6;0;SOLEIL;3;31.7;0
Amiens;49.894;2.295;19/07/2026;02:00;15.4;0;SOLEIL;5;27.7;0
Amiens;49.894;2.295;19/07/2026;03:00;15.4;0;SOLEIL;5;23.0;0
Amiens;49.894;2.295;19/07/2026;04:00;15.4;0;SOLEIL;5;18.4;0
Amiens;49.894;2.295;19/07/2026;05:00;17.6;0;SOLEIL;4;15.5;0
Amiens;49.894;2.295;19/07/2026;06:00;17.6;0;SOLEIL;4;14.8;0
Amiens;49.894;2.295;19/07/2026;07:00;17.6;0;SOLEIL;4;16.2;0
Amiens;49.894;2.295;19/07/2026;08:00;16.8;0;SOLEIL;5;18.7;0
Amiens;49.894;2.295;19/07/2026;09:00;17.5;0;SOLEIL;5;24.1;0
Amiens;49.894;2.295;19/07/2026;10:00;18.2;0;SOLEIL;5;31.0;0
Amiens;49.894;2.295;19/07/2026;11:00;20.9;6;AVERSES;5;36.0;0
Amiens;49.894;2.295;19/07/2026;12:00;20.9;6;AVERSES;5;37.8;0
Amiens;49.894;2.295;19/07/2026;13:00;20.9;6;AVERSES;5;38.2;0
Amiens;49.894;2.295;19/07/2026;14:00;21.0;0;SOLEIL;5;38.5;0
Amiens;49.894;2.295;19/07/2026;15:00;21.7;0;SOLEIL;5;40.0;0
Amiens;49.894;2.295;19/07/2026;16:00;21.0;0;SOLEIL;5;41.4;0
Amiens;49.894;2.295;19/07/2026;17:00;19.5;0;SOLEIL;5;42.5;0
Amiens;49.894;2.295;19/07/2026;18:00;19.5;0;SOLEIL;5;42.8;0
Amiens;49.894;2.295;19/07/2026;19:00;19.5;0;SOLEIL;5;42.5;0
Amiens;49.894;2.295;19/07/2026;20:00;18.2;0;SOLEIL;5;41.4;0
Amiens;49.894;2.295;19/07/2026;21:00;17.5;0;SOLEIL;5;39.6;0
Amiens;49.894;2.295;19/07/2026;22:00;16.8;0;SOLEIL;5;37.1;0
Amiens;49.894;2.295;19/07/2026;23:00;16.7;0;SOLEIL;2;33.5;0
Amiens;49.894;2.295;20/07/2026;00:00;16.7;0;SOLEIL;2;27.7;0
Amiens;49.894;2.295;20/07/2026;01:00;16.7;0;SOLEIL;2;20.9;0
Amiens;49.894;2.295;20/07/2026;02:00;14.9;0;SOLEIL;5;16.2;0
Amiens;49.894;2.295;20/07/2026;03:00;14.9;0;SOLEIL;5;14.8;0
Amiens;49.894;2.295;20/07/2026;04:00;14.9;0;SOLEIL;5;15.5;0
Amiens;49.894;2.295;20/07/2026;05:00;17.1;0;SOLEIL;2;15.8;0
Amiens;49.894;2.295;20/07/2026;06:00;17.1;0;SOLEIL;2;14.8;0
Amiens;49.894;2.295;20/07/2026;07:00;17.1;0;SOLEIL;2;14.0;0
Amiens;49.894;2.295;20/07/2026;08:00;16.5;0;SOLEIL;5;14.8;0
Amiens;49.894;2.295;20/07/2026;09:00;17.3;0;SOLEIL;5;19.1;0
Amiens;49.894;2.295;20/07/2026;10:00;18.1;0;SOLEIL;5;25.2;0
Amiens;49.894;2.295;20/07/2026;11:00;21.1;2;NUAGEUX;5;30.2;0
Amiens;49.894;2.295;20/07/2026;12:00;21.1;2;NUAGEUX;5;32.8;0
Amiens;49.894;2.295;20/07/2026;13:00;21.1;2;NUAGEUX;5;34.6;0
Amiens;49.894;2.295;20/07/2026;14:00;21.4;0;SOLEIL;5;36.0;0
Amiens;49.894;2.295;20/07/2026;15:00;22.2;0;SOLEIL;5;37.8;0
Amiens;49.894;2.295;20/07/2026;16:00;21.4;0;SOLEIL;5;39.2;0
Amiens;49.894;2.295;20/07/2026;17:00;20.1;0;SOLEIL;5;40.3;0
Amiens;49.894;2.295;20/07/2026;18:00;20.1;0;SOLEIL;5;41.0;0
Amiens;49.894;2.295;20/07/2026;19:00;20.1;0;SOLEIL;5;41.4;0
Amiens;49.894;2.295;20/07/2026;20:00;18.1;0;SOLEIL;5;41.0;0
Amiens;49.894;2.295;20/07/2026;21:00;17.3;0;SOLEIL;5;39.6;0
Amiens;49.894;2.295;20/07/2026;22:00;16.5;0;SOLEIL;5;37.1;0
Amiens;49.894;2.295;20/07/2026;23:00;16.7;0;SOLEIL;2;34.2;0
Amiens;49.894;2.295;21/07/2026;00:00;16.7;0;SOLEIL;2;28.4;0
Amiens;49.894;2.295;21/07/2026;01:00;16.7;0;SOLEIL;2;24.8;0
Amiens;49.894;2.295;21/07/2026;02:00;15.4;0;SOLEIL;5;22.0;0
Amiens;49.894;2.295;21/07/2026;03:00;15.4;0;SOLEIL;5;19.4;0
Amiens;49.894;2.295;21/07/2026;04:00;15.4;0;SOLEIL;5;16.9;0
Amiens;49.894;2.295;21/07/2026;05:00;17.6;0;SOLEIL;3;14.8;0
Amiens;49.894;2.295;21/07/2026;06:00;17.6;0;SOLEIL;3;13.3;0
Amiens;49.894;2.295;21/07/2026;07:00;17.6;0;SOLEIL;3;12.6;0
Amiens;49.894;2.295;21/07/2026;08:00;17.2;0;SOLEIL;5;13.0;0
Amiens;49.894;2.295;21/07/2026;09:00;18.1;0;SOLEIL;5;15.1;0
Amiens;49.894;2.295;21/07/2026;10:00;19.0;0;SOLEIL;5;18.7;0
Amiens;49.894;2.295;21/07/2026;11:00;22.1;6;AVERSES;4;23.0;0
Amiens;49.894;2.295;21/07/2026;12:00;22.1;6;AVERSES;4;28.1;0
Amiens;49.894;2.295;21/07/2026;13:00;22.1;6;AVERSES;4;32.4;0
Amiens;49.894;2.295;21/07/2026;14:00;22.7;0;SOLEIL;5;35.6;0
Amiens;49.894;2.295;21/07/2026;15:00;23.6;0;SOLEIL;5;38.2;0
Amiens;49.894;2.295;21/07/2026;16:00;22.7;0;SOLEIL;5;40.3;0
Amiens;49.894;2.295;21/07/2026;17:00;21.7;2;NUAGEUX;4;42.1;0
Amiens;49.894;2.295;21/07/2026;18:00;21.7;2;NUAGEUX;4;43.6;0
Amiens;49.894;2.295;21/07/2026;19:00;21.7;2;NUAGEUX;4;44.3;0
Amiens;49.894;2.295;21/07/2026;20:00;19.0;0;SOLEIL;5;44.6;0
Amiens;49.894;2.295;21/07/2026;21:00;18.1;0;SOLEIL;5;44.3;0
Amiens;49.894;2.295;21/07/2026;22:00;17.2;0;SOLEIL;5;43.6;0
Amiens;49.894;2.295;21/07/2026;23:00;17.6;0;SOLEIL;2;42.1;0
Amiens;49.894;2.295;22/07/2026;00:00;17.6;0;SOLEIL;2;40.3;0
Amiens;49.894;2.295;22/07/2026;01:00;17.6;0;SOLEIL;2;38.2;0
Amiens;49.894;2.295;22/07/2026;02:00;16.1;2;NUAGEUX;5;36.0;0
Amiens;49.894;2.295;22/07/2026;03:00;16.1;2;NUAGEUX;5;33.1;0
Amiens;49.894;2.295;22/07/2026;04:00;16.1;2;NUAGEUX;5;29.2;0
Amiens;49.894;2.295;22/07/2026;05:00;18.2;0;SOLEIL;2;25.2;0
Amiens;49.894;2.295;22/07/2026;06:00;18.2;0;SOLEIL;2;21.6;0
Amiens;49.894;2.295;22/07/2026;07:00;18.2;0;SOLEIL;2;18.7;0
Amiens;49.894;2.295;22/07/2026;08:00;18.2;2;NUAGEUX;5;17.3;0
Amiens;49.894;2.295;22/07/2026;09:00;19.2;2;NUAGEUX;5;17.6;0
Amiens;49.894;2.295;22/07/2026;10:00;20.2;2;NUAGEUX;5;19.8;0
Amiens;49.894;2.295;22/07/2026;11:00;23.7;2;NUAGEUX;4;22.7;0
Amiens;49.894;2.295;22/07/2026;12:00;23.7;2;NUAGEUX;4;25.9;0
Amiens;49.894;2.295;22/07/2026;13:00;23.7;2;NUAGEUX;4;28.8;0
Amiens;49.894;2.295;22/07/2026;14:00;24.4;2;NUAGEUX;5;31.0;0
Amiens;49.894;2.295;22/07/2026;15:00;25.4;2;NUAGEUX;5;32.4;0
Amiens;49.894;2.295;22/07/2026;16:00;24.4;2;NUAGEUX;5;34.2;0
Amiens;49.894;2.295;22/07/2026;17:00;23.6;2;NUAGEUX;4;35.3;0
Amiens;49.894;2.295;22/07/2026;18:00;23.6;2;NUAGEUX;4;36.4;0
Amiens;49.894;2.295;22/07/2026;19:00;23.6;2;NUAGEUX;4;36.7;0
Amiens;49.894;2.295;22/07/2026;20:00;20.2;2;NUAGEUX;5;36.7;0
Amiens;49.894;2.295;22/07/2026;21:00;19.2;2;NUAGEUX;5;36.0;0
Amiens;49.894;2.295;22/07/2026;22:00;18.2;2;NUAGEUX;5;34.6;0
Amiens;49.894;2.295;22/07/2026;23:00;18.2;0;SOLEIL;2;32.8;0
Amiens;49.894;2.295;23/07/2026;00:00;18.2;0;SOLEIL;2;31.0;0
Amiens;49.894;2.295;23/07/2026;01:00;18.2;0;SOLEIL;2;28.8;0
Amiens;49.894;2.295;23/07/2026;02:00;16.6;0;SOLEIL;5;27.0;0
Amiens;49.894;2.295;23/07/2026;03:00;16.6;0;SOLEIL;5;24.8;0
Amiens;49.894;2.295;23/07/2026;04:00;16.6;0;SOLEIL;5;22.3;0
Amiens;49.894;2.295;23/07/2026;05:00;18.5;0;SOLEIL;3;19.8;0
Amiens;49.894;2.295;23/07/2026;06:00;18.5;0;SOLEIL;3;17.6;0
Amiens;49.894;2.295;23/07/2026;07:00;18.5;0;SOLEIL;3;16.2;0
Amiens;49.894;2.295;23/07/2026;08:00;18.6;0;SOLEIL;5;15.8;0
Amiens;49.894;2.295;23/07/2026;09:00;19.6;0;SOLEIL;5;17.3;0
Amiens;49.894;2.295;23/07/2026;10:00;20.6;0;SOLEIL;5;19.8;0
Amiens;49.894;2.295;23/07/2026;11:00;24.1;0;SOLEIL;4;23.4;0
Amiens;49.894;2.295;23/07/2026;12:00;24.1;0;SOLEIL;4;27.0;0
Amiens;49.894;2.295;23/07/2026;13:00;24.1;0;SOLEIL;4;29.9;0
Amiens;49.894;2.295;23/07/2026;14:00;24.6;0;SOLEIL;5;32.0;0
Amiens;49.894;2.295;23/07/2026;15:00;25.6;0;SOLEIL;5;33.1;0
Amiens;49.894;2.295;23/07/2026;16:00;24.6;0;SOLEIL;5;33.5;0
Amiens;49.894;2.295;23/07/2026;17:00;24.1;0;SOLEIL;4;33.8;0
Amiens;49.894;2.295;23/07/2026;18:00;24.1;0;SOLEIL;4;33.5;0
Amiens;49.894;2.295;23/07/2026;19:00;24.1;0;SOLEIL;4;32.8;0
Amiens;49.894;2.295;23/07/2026;20:00;20.6;0;SOLEIL;5;32.0;0
Amiens;49.894;2.295;23/07/2026;21:00;19.6;0;SOLEIL;5;30.6;0
Amiens;49.894;2.295;23/07/2026;22:00;18.6;0;SOLEIL;5;28.8;0
Amiens;49.894;2.295;23/07/2026;23:00;18.7;0;SOLEIL;2;26.6;0
Amiens;49.894;2.295;24/07/2026;00:00;18.7;0;SOLEIL;2;24.5;0
Amiens;49.894;2.295;24/07/2026;01:00;18.7;0;SOLEIL;2;22.3;0
Amiens;49.894;2.295;24/07/2026;02:00;16.6;0;SOLEIL;5;20.9;0
Amiens;49.894;2.295;24/07/2026;03:00;16.6;0;SOLEIL;5;19.4;0
Amiens;49.894;2.295;24/07/2026;04:00;16.6;0;SOLEIL;5;18.0;0
Amiens;49.894;2.295;24/07/2026;05:00;18.1;0;SOLEIL;2;16.9;0
Amiens;49.894;2.295;24/07/2026;06:00;18.1;0;SOLEIL;2;16.2;0
Amiens;49.894;2.295;24/07/2026;07:00;18.1;0;SOLEIL;2;16.2;0
Amiens;49.894;2.295;24/07/2026;08:00;18.9;0;SOLEIL;5;16.9;0
Amiens;49.894;2.295;24/07/2026;09:00;20.1;0;SOLEIL;5;19.1;0
Amiens;49.894;2.295;24/07/2026;10:00;21.3;0;SOLEIL;5;22.7;0
Amiens;49.894;2.295;24/07/2026;11:00;24.7;0;SOLEIL;4;26.6;0
Amiens;49.894;2.295;24/07/2026;12:00;24.7;0;SOLEIL;4;30.6;0
Amiens;49.894;2.295;24/07/2026;13:00;24.7;0;SOLEIL;4;34.2;0
Amiens;49.894;2.295;24/07/2026;14:00;25.9;0;SOLEIL;5;36.7;0
Amiens;49.894;2.295;24/07/2026;15:00;27.1;0;SOLEIL;5;37.8;0
Amiens;49.894;2.295;24/07/2026;16:00;25.9;0;SOLEIL;5;38.2;0
Amiens;49.894;2.295;24/07/2026;17:00;25.7;0;SOLEIL;4;37.8;0
Amiens;49.894;2.295;24/07/2026;18:00;25.7;0;SOLEIL;4;37.1;0
Amiens;49.894;2.295;24/07/2026;19:00;25.7;0;SOLEIL;4;36.4;0
Amiens;49.894;2.295;24/07/2026;20:00;21.3;0;SOLEIL;5;36.0;0
Amiens;49.894;2.295;24/07/2026;21:00;20.1;0;SOLEIL;5;35.6;0
Amiens;49.894;2.295;24/07/2026;22:00;18.9;0;SOLEIL;5;34.9;0
Amiens;49.894;2.295;24/07/2026;23:00;19.1;0;SOLEIL;3;34.6;0
Amiens;49.894;2.295;25/07/2026;00:00;19.1;0;SOLEIL;3;33.8;0
Amiens;49.894;2.295;25/07/2026;01:00;19.1;0;SOLEIL;3;33.1;0
Amiens;49.894;2.295;25/07/2026;02:00;17;0;SOLEIL;5;32.4;0
Amiens;49.894;2.295;25/07/2026;03:00;17;0;SOLEIL;5;31.3;0
Amiens;49.894;2.295;25/07/2026;04:00;17;0;SOLEIL;5;29.9;0
Amiens;49.894;2.295;25/07/2026;05:00;;0;SOLEIL;;28.4;0
Amiens;49.894;2.295;25/07/2026;06:00;;0;SOLEIL;;27.4;0
Amiens;49.894;2.295;25/07/2026;07:00;;0;SOLEIL;;26.6;0
Amiens;49.894;2.295;25/07/2026;08:00;18.9;0;SOLEIL;5;27.0;0
Amiens;49.894;2.295;25/07/2026;09:00;19.8;0;SOLEIL;5;28.4;0
Amiens;49.894;2.295;25/07/2026;10:00;20.8;0;SOLEIL;5;31.0;0
Amiens;49.894;2.295;25/07/2026;11:00;;0;SOLEIL;;34.2;0
Amiens;49.894;2.295;25/07/2026;12:00;;0;SOLEIL;;37.4;0
Amiens;49.894;2.295;25/07/2026;13:00;;0;SOLEIL;;40.0;0
Amiens;49.894;2.295;25/07/2026;14:00;24.6;0;SOLEIL;5;42.1;0
Amiens;49.894;2.295;25/07/2026;15:00;25.5;0;SOLEIL;5;43.6;0
Amiens;49.894;2.295;25/07/2026;16:00;24.6;0;SOLEIL;5;44.6;0
Amiens;49.894;2.295;25/07/2026;17:00;;0;SOLEIL;;45.4;0
Amiens;49.894;2.295;25/07/2026;18:00;;0;SOLEIL;;45.7;0
Amiens;49.894;2.295;25/07/2026;19:00;;0;SOLEIL;;45.4;0
Amiens;49.894;2.295;25/07/2026;20:00;20.8;0;SOLEIL;5;44.3;0
Amiens;49.894;2.295;25/07/2026;21:00;19.8;0;SOLEIL;5;42.1;0
Amiens;49.894;2.295;25/07/2026;22:00;18.9;0;SOLEIL;5;38.5;0
Amiens;49.894;2.295;25/07/2026;23:00;;6;AVERSES;;34.6;0
Amiens;49.894;2.295;26/07/2026;00:00;;6;AVERSES;;30.2;0
Amiens;49.894;2.295;26/07/2026;01:00;;6;AVERSES;;27.0;0
Amiens;49.894;2.295;26/07/2026;02:00;16.9;6;AVERSES;5;24.5;0
Amiens;49.894;2.295;26/07/2026;03:00;16.9;6;AVERSES;5;23.0;0
Amiens;49.894;2.295;26/07/2026;04:00;16.9;6;AVERSES;5;22.7;0
Amiens;49.894;2.295;26/07/2026;05:00;;6;AVERSES;;22.3;0
Amiens;49.894;2.295;26/07/2026;06:00;;6;AVERSES;;22.7;0
Amiens;49.894;2.295;26/07/2026;07:00;;6;AVERSES;;23.8;0
Amiens;49.894;2.295;26/07/2026;08:00;18.5;6;AVERSES;5;24.8;0
Amiens;49.894;2.295;26/07/2026;09:00;19.3;6;AVERSES;5;26.6;0
Amiens;49.894;2.295;26/07/2026;10:00;20.1;6;AVERSES;5;29.5;0
Amiens;49.894;2.295;26/07/2026;11:00;;6;AVERSES;;32.8;0
Amiens;49.894;2.295;26/07/2026;12:00;;6;AVERSES;;36.0;0
Amiens;49.894;2.295;26/07/2026;13:00;;6;AVERSES;;38.9;0
Amiens;49.894;2.295;26/07/2026;14:00;23.3;6;AVERSES;5;41.0;0
Amiens;49.894;2.295;26/07/2026;15:00;24.1;6;AVERSES;5;42.1;0
Amiens;49.894;2.295;26/07/2026;16:00;23.3;6;AVERSES;5;42.8;0
Amiens;49.894;2.295;26/07/2026;17:00;;6;AVERSES;;43.2;0
Amiens;49.894;2.295;26/07/2026;18:00;;6;AVERSES;;43.2;0
Amiens;49.894;2.295;26/07/2026;19:00;;6;AVERSES;;42.8;0
Amiens;49.894;2.295;26/07/2026;20:00;20.1;6;AVERSES;5;42.1;0
Amiens;49.894;2.295;26/07/2026;21:00;19.3;6;AVERSES;5;41.0;0
Amiens;49.894;2.295;26/07/2026;22:00;18.5;6;AVERSES;5;40.0;0
Amiens;49.894;2.295;26/07/2026;23:00;;6;AVERSES;;38.2;0
Amiens;49.894;2.295;27/07/2026;00:00;;6;AVERSES;;36.4;0
Amiens;49.894;2.295;27/07/2026;01:00;;6;AVERSES;;34.6;0
Amiens;49.894;2.295;27/07/2026;02:00;16.6;6;AVERSES;5;32.4;0
Amiens;49.894;2.295;27/07/2026;03:00;16.6;6;AVERSES;5;29.9;0
Amiens;49.894;2.295;27/07/2026;04:00;16.6;6;AVERSES;5;26.3;0
Amiens;49.894;2.295;27/07/2026;05:00;;6;AVERSES;;22.7;0
Amiens;49.894;2.295;27/07/2026;06:00;;6;AVERSES;;19.8;0
Amiens;49.894;2.295;27/07/2026;07:00;;6;AVERSES;;17.6;0
Amiens;49.894;2.295;27/07/2026;08:00;18.5;6;AVERSES;5;17.3;0
Amiens;49.894;2.295;27/07/2026;09:00;19.5;6;AVERSES;5;19.1;0
Amiens;49.894;2.295;27/07/2026;10:00;20.4;6;AVERSES;5;23.0;0
Amiens;49.894;2.295;27/07/2026;11:00;;6;AVERSES;;28.1;0
Amiens;49.894;2.295;27/07/2026;12:00;;6;AVERSES;;33.1;0
Amiens;49.894;2.295;27/07/2026;13:00;;6;AVERSES;;37.8;0
Amiens;49.894;2.295;27/07/2026;14:00;24.2;6;AVERSES;5;41.0;0
Amiens;49.894;2.295;27/07/2026;15:00;25.2;6;AVERSES;5;43.2;0
Amiens;49.894;2.295;27/07/2026;16:00;24.2;6;AVERSES;5;44.3;0
Amiens;49.894;2.295;27/07/2026;17:00;;6;AVERSES;;45.4;0
Amiens;49.894;2.295;27/07/2026;18:00;;6;AVERSES;;45.7;0
Amiens;49.894;2.295;27/07/2026;19:00;;6;AVERSES;;45.4;0
Amiens;49.894;2.295;27/07/2026;20:00;20.4;6;AVERSES;5;44.6;0
Amiens;49.894;2.295;27/07/2026;21:00;19.5;6;AVERSES;5;43.2;0
Amiens;49.894;2.295;27/07/2026;22:00;18.5;6;AVERSES;5;40.7;0
Amiens;49.894;2.295;27/07/2026;23:00;;6;AVERSES;;37.8;0
Amiens;49.894;2.295;28/07/2026;00:00;;6;AVERSES;;34.9;0
Amiens;49.894;2.295;28/07/2026;01:00;;6;AVERSES;;32.0;0
Amiens;49.894;2.295;28/07/2026;02:00;16.5;6;AVERSES;5;29.5;0
Amiens;49.894;2.295;28/07/2026;03:00;16.5;6;AVERSES;5;27.0;0
Amiens;49.894;2.295;28/07/2026;04:00;16.5;6;AVERSES;5;24.5;0
Amiens;49.894;2.295;28/07/2026;05:00;;6;AVERSES;;22.3;0
Amiens;49.894;2.295;28/07/2026;06:00;;6;AVERSES;;20.2;0
Amiens;49.894;2.295;28/07/2026;07:00;;6;AVERSES;;19.1;0
Amiens;49.894;2.295;28/07/2026;08:00;18.2;6;AVERSES;5;18.7;0
Amiens;49.894;2.295;28/07/2026;09:00;19.1;6;AVERSES;5;20.2;0
Amiens;49.894;2.295;28/07/2026;10:00;19.9;6;AVERSES;5;22.7;0
Amiens;49.894;2.295;28/07/2026;11:00;;6;AVERSES;;25.9;0
Amiens;49.894;2.295;28/07/2026;12:00;;6;AVERSES;;29.5;0
Amiens;49.894;2.295;28/07/2026;13:00;;6;AVERSES;;32.8;0
Amiens;49.894;2.295;28/07/2026;14:00;23.3;6;AVERSES;5;34.9;0
Amiens;49.894;2.295;28/07/2026;15:00;24.2;6;AVERSES;5;36.4;0
Amiens;49.894;2.295;28/07/2026;16:00;23.3;6;AVERSES;5;37.4;0
Amiens;49.894;2.295;28/07/2026;17:00;;6;AVERSES;;38.2;0
Amiens;49.894;2.295;28/07/2026;18:00;;6;AVERSES;;38.5;0
Amiens;49.894;2.295;28/07/2026;19:00;;6;AVERSES;;38.5;0
Amiens;49.894;2.295;28/07/2026;20:00;19.9;6;AVERSES;5;38.2;0
Amiens;49.894;2.295;28/07/2026;21:00;19.1;6;AVERSES;5;37.4;0
Amiens;49.894;2.295;28/07/2026;22:00;18.2;6;AVERSES;5;36.4;0
Amiens;49.894;2.295;28/07/2026;23:00;;6;AVERSES;;34.9;0
Amiens;49.894;2.295;29/07/2026;00:00;;6;AVERSES;;33.5;0
Amiens;49.894;2.295;29/07/2026;01:00;;6;AVERSES;;31.7;0
Amiens;49.894;2.295;29/07/2026;02:00;16;6;AVERSES;5;30.2;0
Amiens;49.894;2.295;29/07/2026;03:00;16;6;AVERSES;5;28.8;0
Amiens;49.894;2.295;29/07/2026;04:00;16;6;AVERSES;5;27.0;0
Amiens;49.894;2.295;29/07/2026;05:00;;6;AVERSES;;25.2;0
Amiens;49.894;2.295;29/07/2026;06:00;;6;AVERSES;;23.4;0
Amiens;49.894;2.295;29/07/2026;07:00;;6;AVERSES;;22.3;0
Amiens;49.894;2.295;29/07/2026;08:00;18.0;6;AVERSES;5;22.0;0
Amiens;49.894;2.295;29/07/2026;09:00;19.0;6;AVERSES;5;22.3;0
Amiens;49.894;2.295;29/07/2026;10:00;20.0;6;AVERSES;5;23.8;0
Amiens;49.894;2.295;29/07/2026;11:00;;6;AVERSES;;25.6;0
Amiens;49.894;2.295;29/07/2026;12:00;;6;AVERSES;;27.4;0
Amiens;49.894;2.295;29/07/2026;13:00;;6;AVERSES;;29.5;0
Amiens;49.894;2.295;29/07/2026;14:00;24.0;6;AVERSES;5;31.0;0
Amiens;49.894;2.295;29/07/2026;15:00;25.0;6;AVERSES;5;32.4;0
Amiens;49.894;2.295;29/07/2026;16:00;24.0;6;AVERSES;5;34.2;0
Amiens;49.894;2.295;29/07/2026;17:00;;6;AVERSES;;36.0;0
Amiens;49.894;2.295;29/07/2026;18:00;;6;AVERSES;;37.1;0
Amiens;49.894;2.295;29/07/2026;19:00;;6;AVERSES;;38.2;0
Amiens;49.894;2.295;29/07/2026;20:00;20.0;6;AVERSES;5;38.2;0
Amiens;49.894;2.295;29/07/2026;21:00;19.0;6;AVERSES;5;37.1;0
Amiens;49.894;2.295;29/07/2026;22:00;18.0;6;AVERSES;5;35.3;0
Amiens;49.894;2.295;29/07/2026;23:00;17.0;6;AVERSES;5;33.1;0
Amiens;49.894;2.295;30/07/2026;00:00;12;0;SOLEIL;5;29.5;0
Amiens;49.894;2.295;30/07/2026;01:00;12;0;SOLEIL;5;26.1;0
Amiens;49.894;2.295;30/07/2026;02:00;12;0;SOLEIL;5;23.5;0
Amiens;49.894;2.295;30/07/2026;03:00;12;0;SOLEIL;5;22.0;0
Amiens;49.894;2.295;30/07/2026;04:00;12;0;SOLEIL;5;22.0;0
Amiens;49.894;2.295;30/07/2026;05:00;12;0;SOLEIL;5;0.0;0
Amiens;49.894;2.295;30/07/2026;06:00;12;0;SOLEIL;5;0.0;0
Amiens;49.894;2.295;30/07/2026;07:00;13.1;0;SOLEIL;5;0.0;0
Amiens;49.894;2.295;30/07/2026;08:00;14.2;0;SOLEIL;5;0.0;0
Amiens;49.894;2.295;30/07/2026;09:00;15.3;0;SOLEIL;5;0.0;0
Amiens;49.894;2.295;30/07/2026;10:00;16.4;0;SOLEIL;5;0.0;0
Amiens;49.894;2.295;30/07/2026;11:00;17.6;0;SOLEIL;5;0.0;0
Amiens;49.894;2.295;30/07/2026;12:00;18.7;0;SOLEIL;5;0.0;0
Amiens;49.894;2.295;30/07/2026;13:00;19.8;0;SOLEIL;5;0.0;0
Amiens;49.894;2.295;30/07/2026;14:00;20.9;0;SOLEIL;5;0.0;0
Amiens;49.894;2.295;30/07/2026;15:00;22.0;0;SOLEIL;5;0.0;0
Amiens;49.894;2.295;30/07/2026;16:00;20.9;0;SOLEIL;5;0.0;0
Amiens;49.894;2.295;30/07/2026;17:00;19.8;0;SOLEIL;5;0.0;0
Amiens;49.894;2.295;30/07/2026;18:00;18.7;0;SOLEIL;5;0.0;0
Amiens;49.894;2.295;30/07/2026;19:00;17.6;0;SOLEIL;5;0.0;0
Amiens;49.894;2.295;30/07/2026;20:00;16.4;0;SOLEIL;5;0.0;0
Amiens;49.894;2.295;30/07/2026;21:00;15.3;0;SOLEIL;5;0.0;0
Amiens;49.894;2.295;30/07/2026;22:00;14.2;0;SOLEIL;5;0.0;0
Amiens;49.894;2.295;30/07/2026;23:00;13.1;0;SOLEIL;5;0.0;0
Amiens;49.894;2.295;31/07/2026;00:00;12;0;SOLEIL;5;0.0;0
Amiens;49.894;2.295;31/07/2026;01:00;12;0;SOLEIL;5;0.0;0
Amiens;49.894;2.295;31/07/2026;02:00;12;0;SOLEIL;5;0.0;0
Amiens;49.894;2.295;31/07/2026;03:00;12;0;SOLEIL;5;0.0;0
Amiens;49.894;2.295;31/07/2026;04:00;12;0;SOLEIL;5;0.0;0
Amiens;49.894;2.295;31/07/2026;05:00;12;0;SOLEIL;5;0.0;0
Amiens;49.894;2.295;31/07/2026;06:00;12;0;SOLEIL;5;0.0;0
Amiens;49.894;2.295;31/07/2026;07:00;13.1;0;SOLEIL;5;0.0;0
Amiens;49.894;2.295;31/07/2026;08:00;14.2;0;SOLEIL;5;0.0;0
Amiens;49.894;2.295;31/07/2026;09:00;15.3;0;SOLEIL;5;0.0;0
Amiens;49.894;2.295;31/07/2026;10:00;16.4;0;SOLEIL;5;0.0;0
Amiens;49.894;2.295;31/07/2026;11:00;17.6;0;SOLEIL;5;0.0;0
Amiens;49.894;2.295;31/07/2026;12:00;18.7;0;SOLEIL;5;0.0;0
Amiens;49.894;2.295;31/07/2026;13:00;19.8;0;SOLEIL;5;0.0;0
Amiens;49.894;2.295;31/07/2026;14:00;20.9;0;SOLEIL;5;0.0;0
Amiens;49.894;2.295;31/07/2026;15:00;22.0;0;SOLEIL;5;0.0;0
Amiens;49.894;2.295;31/07/2026;16:00;20.9;0;SOLEIL;5;0.0;0
Amiens;49.894;2.295;31/07/2026;17:00;19.8;0;SOLEIL;5;0.0;0
Amiens;49.894;2.295;31/07/2026;18:00;18.7;0;SOLEIL;5;0.0;0
Amiens;49.894;2.295;31/07/2026;19:00;17.6;0;SOLEIL;5;0.0;0
Amiens;49.894;2.295;31/07/2026;20:00;16.4;0;SOLEIL;5;0.0;0
Amiens;49.894;2.295;31/07/2026;21:00;15.3;0;SOLEIL;5;0.0;0
Amiens;49.894;2.295;31/07/2026;22:00;14.2;0;SOLEIL;5;0.0;0
Amiens;49.894;2.295;31/07/2026;23:00;13.1;0;SOLEIL;5;0.0;0
Château-Thierry;49.046;3.403;16/07/2026;00:00;20.6;0;SOLEIL;3;35.3;0
Château-Thierry;49.046;3.403;16/07/2026;01:00;20.6;0;SOLEIL;3;28.8;0
Château-Thierry;49.046;3.403;16/07/2026;02:00;20;0;SOLEIL;3;28.8;0
Château-Thierry;49.046;3.403;16/07/2026;03:00;19.6;0;SOLEIL;3;27.0;0
Château-Thierry;49.046;3.403;16/07/2026;04:00;19.1;0;SOLEIL;3;24.1;0
Château-Thierry;49.046;3.403;16/07/2026;05:00;19.1;0;SOLEIL;3;19.4;0
Château-Thierry;49.046;3.403;16/07/2026;06:00;20.9;0;SOLEIL;3;16.2;0
Château-Thierry;49.046;3.403;16/07/2026;07:00;22.7;0;SOLEIL;3;14.8;0
Château-Thierry;49.046;3.403;16/07/2026;08:00;24.5;0;SOLEIL;3;13.7;0
Château-Thierry;49.046;3.403;16/07/2026;09:00;26.4;0;SOLEIL;3;17.3;0
Château-Thierry;49.046;3.403;16/07/2026;10:00;28.1;0;SOLEIL;4;20.9;0
Château-Thierry;49.046;3.403;16/07/2026;11:00;29.2;0;SOLEIL;4;24.1;0
Château-Thierry;49.046;3.403;16/07/2026;12:00;30;0;SOLEIL;4;24.8;0
Château-Thierry;49.046;3.403;16/07/2026;13:00;30.2;2;NUAGEUX;3;25.2;0
Château-Thierry;49.046;3.403;16/07/2026;14:00;30.9;2;NUAGEUX;3;25.2;0
Château-Thierry;49.046;3.403;16/07/2026;15:00;30.9;0;SOLEIL;3;24.5;0
Château-Thierry;49.046;3.403;16/07/2026;16:00;30.1;2;NUAGEUX;4;23.0;0
Château-Thierry;49.046;3.403;16/07/2026;17:00;29.2;0;SOLEIL;5;24.8;0
Château-Thierry;49.046;3.403;16/07/2026;18:00;26.5;0;SOLEIL;5;30.2;0
Château-Thierry;49.046;3.403;16/07/2026;19:00;24.1;0;SOLEIL;5;35.6;0
Château-Thierry;49.046;3.403;16/07/2026;20:00;22.6;0;SOLEIL;4;57.6;0
Château-Thierry;49.046;3.403;16/07/2026;21:00;21.6;2;NUAGEUX;4;23.0;0
Château-Thierry;49.046;3.403;16/07/2026;22:00;21;2;NUAGEUX;2;15.5;0
Château-Thierry;49.046;3.403;16/07/2026;23:00;20;2;NUAGEUX;2;33.1;0
Château-Thierry;49.046;3.403;17/07/2026;00:00;19.1;2;NUAGEUX;3;34.2;0
Château-Thierry;49.046;3.403;17/07/2026;01:00;19.1;2;NUAGEUX;3;30.6;0
Château-Thierry;49.046;3.403;17/07/2026;02:00;17.6;5;SOLEIL VOILÉ;3;19.8;0
Château-Thierry;49.046;3.403;17/07/2026;03:00;17.6;5;SOLEIL VOILÉ;3;17.3;0
Château-Thierry;49.046;3.403;17/07/2026;04:00;17.6;5;SOLEIL VOILÉ;3;16.2;0
Château-Thierry;49.046;3.403;17/07/2026;05:00;18.4;5;SOLEIL VOILÉ;3;14.8;0
Château-Thierry;49.046;3.403;17/07/2026;06:00;18.4;5;SOLEIL VOILÉ;3;15.8;0
Château-Thierry;49.046;3.403;17/07/2026;07:00;18.4;5;SOLEIL VOILÉ;3;21.6;0
Château-Thierry;49.046;3.403;17/07/2026;08:00;22.5;0;SOLEIL;3;21.6;0
Château-Thierry;49.046;3.403;17/07/2026;09:00;22.5;0;SOLEIL;3;20.2;0
Château-Thierry;49.046;3.403;17/07/2026;10:00;22.5;0;SOLEIL;3;20.2;0
Château-Thierry;49.046;3.403;17/07/2026;11:00;24.6;0;SOLEIL;4;20.9;0
Château-Thierry;49.046;3.403;17/07/2026;12:00;24.6;0;SOLEIL;4;21.2;0
Château-Thierry;49.046;3.403;17/07/2026;13:00;24.6;0;SOLEIL;4;15.8;0
Château-Thierry;49.046;3.403;17/07/2026;14:00;25.2;0;SOLEIL;4;16.9;0
Château-Thierry;49.046;3.403;17/07/2026;15:00;25.2;0;SOLEIL;4;29.9;0
Château-Thierry;49.046;3.403;17/07/2026;16:00;25.2;0;SOLEIL;4;36.0;0
Château-Thierry;49.046;3.403;17/07/2026;17:00;24;0;SOLEIL;5;31.3;0
Château-Thierry;49.046;3.403;17/07/2026;18:00;24;0;SOLEIL;5;31.0;0
Château-Thierry;49.046;3.403;17/07/2026;19:00;24;0;SOLEIL;5;26.3;0
Château-Thierry;49.046;3.403;17/07/2026;20:00;21;0;SOLEIL;3;32.4;0
Château-Thierry;49.046;3.403;17/07/2026;21:00;21;0;SOLEIL;3;31.9;0
Château-Thierry;49.046;3.403;17/07/2026;22:00;21;0;SOLEIL;3;27.9;0
Château-Thierry;49.046;3.403;17/07/2026;23:00;17.9;0;SOLEIL;2;16.7;0
Château-Thierry;49.046;3.403;18/07/2026;00:00;17.9;0;SOLEIL;2;20.5;0
Château-Thierry;49.046;3.403;18/07/2026;01:00;17.9;0;SOLEIL;2;20.9;0
Château-Thierry;49.046;3.403;18/07/2026;02:00;16.6;0;SOLEIL;2;17.6;0
Château-Thierry;49.046;3.403;18/07/2026;03:00;16.6;0;SOLEIL;2;14.0;0
Château-Thierry;49.046;3.403;18/07/2026;04:00;16.6;0;SOLEIL;2;10.1;0
Château-Thierry;49.046;3.403;18/07/2026;05:00;16.6;0;SOLEIL;2;7.6;0
Château-Thierry;49.046;3.403;18/07/2026;06:00;16.6;0;SOLEIL;2;7.9;0
Château-Thierry;49.046;3.403;18/07/2026;07:00;16.6;0;SOLEIL;2;10.8;0
Château-Thierry;49.046;3.403;18/07/2026;08:00;20.9;0;SOLEIL;3;13.0;0
Château-Thierry;49.046;3.403;18/07/2026;09:00;20.9;0;SOLEIL;3;15.8;0
Château-Thierry;49.046;3.403;18/07/2026;10:00;20.9;0;SOLEIL;3;20.5;0
Château-Thierry;49.046;3.403;18/07/2026;11:00;24.6;0;SOLEIL;4;25.9;0
Château-Thierry;49.046;3.403;18/07/2026;12:00;24.6;0;SOLEIL;4;34.2;0
Château-Thierry;49.046;3.403;18/07/2026;13:00;24.6;0;SOLEIL;4;36.4;0
Château-Thierry;49.046;3.403;18/07/2026;14:00;25;0;SOLEIL;5;36.7;0
Château-Thierry;49.046;3.403;18/07/2026;15:00;25;0;SOLEIL;5;36.4;0
Château-Thierry;49.046;3.403;18/07/2026;16:00;25;0;SOLEIL;5;35.3;0
Château-Thierry;49.046;3.403;18/07/2026;17:00;22.1;0;SOLEIL;5;36.4;0
Château-Thierry;49.046;3.403;18/07/2026;18:00;22.1;0;SOLEIL;5;42.8;0
Château-Thierry;49.046;3.403;18/07/2026;19:00;22.1;0;SOLEIL;5;43.9;0
Château-Thierry;49.046;3.403;18/07/2026;20:00;20.4;0;SOLEIL;5;42.8;0
Château-Thierry;49.046;3.403;18/07/2026;21:00;19.2;0;SOLEIL;5;43.9;0
Château-Thierry;49.046;3.403;18/07/2026;22:00;18.0;0;SOLEIL;5;44.6;0
Château-Thierry;49.046;3.403;18/07/2026;23:00;15.4;0;SOLEIL;3;42.8;0
Château-Thierry;49.046;3.403;19/07/2026;00:00;15.4;0;SOLEIL;3;37.1;0
Château-Thierry;49.046;3.403;19/07/2026;01:00;15.4;0;SOLEIL;3;29.5;0
Château-Thierry;49.046;3.403;19/07/2026;02:00;14.1;0;SOLEIL;5;23.0;0
Château-Thierry;49.046;3.403;19/07/2026;03:00;14.1;0;SOLEIL;5;19.1;0
Château-Thierry;49.046;3.403;19/07/2026;04:00;14.1;0;SOLEIL;5;16.9;0
Château-Thierry;49.046;3.403;19/07/2026;05:00;16;0;SOLEIL;3;15.5;0
Château-Thierry;49.046;3.403;19/07/2026;06:00;16;0;SOLEIL;3;15.5;0
Château-Thierry;49.046;3.403;19/07/2026;07:00;16;0;SOLEIL;3;16.2;0
Château-Thierry;49.046;3.403;19/07/2026;08:00;16.3;0;SOLEIL;5;18.4;0
Château-Thierry;49.046;3.403;19/07/2026;09:00;17.4;0;SOLEIL;5;22.0;0
Château-Thierry;49.046;3.403;19/07/2026;10:00;18.5;0;SOLEIL;5;26.3;0
Château-Thierry;49.046;3.403;19/07/2026;11:00;22.9;0;SOLEIL;4;29.9;0
Château-Thierry;49.046;3.403;19/07/2026;12:00;22.9;0;SOLEIL;4;31.3;0
Château-Thierry;49.046;3.403;19/07/2026;13:00;22.9;0;SOLEIL;4;31.7;0
Château-Thierry;49.046;3.403;19/07/2026;14:00;23.0;0;SOLEIL;5;32.4;0
Château-Thierry;49.046;3.403;19/07/2026;15:00;24.1;0;SOLEIL;5;33.8;0
Château-Thierry;49.046;3.403;19/07/2026;16:00;23.0;0;SOLEIL;5;35.3;0
Château-Thierry;49.046;3.403;19/07/2026;17:00;20.9;0;SOLEIL;5;36.7;0
Château-Thierry;49.046;3.403;19/07/2026;18:00;20.9;0;SOLEIL;5;37.8;0
Château-Thierry;49.046;3.403;19/07/2026;19:00;20.9;0;SOLEIL;5;38.9;0
Château-Thierry;49.046;3.403;19/07/2026;20:00;18.5;0;SOLEIL;5;39.6;0
Château-Thierry;49.046;3.403;19/07/2026;21:00;17.4;0;SOLEIL;5;40.7;0
Château-Thierry;49.046;3.403;19/07/2026;22:00;16.3;0;SOLEIL;5;41.0;0
Château-Thierry;49.046;3.403;19/07/2026;23:00;14.4;0;SOLEIL;2;39.6;0
Château-Thierry;49.046;3.403;20/07/2026;00:00;14.4;0;SOLEIL;2;34.2;0
Château-Thierry;49.046;3.403;20/07/2026;01:00;14.4;0;SOLEIL;2;26.6;0
Château-Thierry;49.046;3.403;20/07/2026;02:00;12.6;0;SOLEIL;5;20.5;0
Château-Thierry;49.046;3.403;20/07/2026;03:00;12.6;0;SOLEIL;5;17.6;0
Château-Thierry;49.046;3.403;20/07/2026;04:00;12.6;0;SOLEIL;5;16.2;0
Château-Thierry;49.046;3.403;20/07/2026;05:00;15.1;0;SOLEIL;2;15.5;0
Château-Thierry;49.046;3.403;20/07/2026;06:00;15.1;0;SOLEIL;2;15.5;0
Château-Thierry;49.046;3.403;20/07/2026;07:00;15.1;0;SOLEIL;2;16.2;0
Château-Thierry;49.046;3.403;20/07/2026;08:00;15.2;0;SOLEIL;5;18.0;0
Château-Thierry;49.046;3.403;20/07/2026;09:00;16.4;0;SOLEIL;5;22.0;0
Château-Thierry;49.046;3.403;20/07/2026;10:00;17.7;0;SOLEIL;5;26.6;0
Château-Thierry;49.046;3.403;20/07/2026;11:00;22.6;2;NUAGEUX;4;30.6;0
Château-Thierry;49.046;3.403;20/07/2026;12:00;22.6;2;NUAGEUX;4;32.4;0
Château-Thierry;49.046;3.403;20/07/2026;13:00;22.6;2;NUAGEUX;4;33.5;0
Château-Thierry;49.046;3.403;20/07/2026;14:00;22.8;0;SOLEIL;5;34.2;0
Château-Thierry;49.046;3.403;20/07/2026;15:00;24.1;0;SOLEIL;5;35.6;0
Château-Thierry;49.046;3.403;20/07/2026;16:00;22.8;0;SOLEIL;5;37.1;0
Château-Thierry;49.046;3.403;20/07/2026;17:00;21.6;0;SOLEIL;5;38.2;0
Château-Thierry;49.046;3.403;20/07/2026;18:00;21.6;0;SOLEIL;5;38.9;0
Château-Thierry;49.046;3.403;20/07/2026;19:00;21.6;0;SOLEIL;5;39.6;0
Château-Thierry;49.046;3.403;20/07/2026;20:00;17.7;0;SOLEIL;5;39.6;0
Château-Thierry;49.046;3.403;20/07/2026;21:00;16.4;0;SOLEIL;5;39.6;0
Château-Thierry;49.046;3.403;20/07/2026;22:00;15.2;0;SOLEIL;5;39.2;0
Château-Thierry;49.046;3.403;20/07/2026;23:00;14.9;0;SOLEIL;3;37.8;0
Château-Thierry;49.046;3.403;21/07/2026;00:00;14.9;0;SOLEIL;3;29.5;0
Château-Thierry;49.046;3.403;21/07/2026;01:00;14.9;0;SOLEIL;3;26.6;0
Château-Thierry;49.046;3.403;21/07/2026;02:00;13.5;2;NUAGEUX;5;24.5;0
Château-Thierry;49.046;3.403;21/07/2026;03:00;13.5;2;NUAGEUX;5;22.7;0
Château-Thierry;49.046;3.403;21/07/2026;04:00;13.5;2;NUAGEUX;5;21.2;0
Château-Thierry;49.046;3.403;21/07/2026;05:00;15.6;0;SOLEIL;3;20.2;0
Château-Thierry;49.046;3.403;21/07/2026;06:00;15.6;0;SOLEIL;3;19.4;0
Château-Thierry;49.046;3.403;21/07/2026;07:00;15.6;0;SOLEIL;3;19.1;0
Château-Thierry;49.046;3.403;21/07/2026;08:00;16.1;2;NUAGEUX;5;19.4;0
Château-Thierry;49.046;3.403;21/07/2026;09:00;17.4;2;NUAGEUX;5;20.5;0
Château-Thierry;49.046;3.403;21/07/2026;10:00;18.7;2;NUAGEUX;5;22.7;0
Château-Thierry;49.046;3.403;21/07/2026;11:00;23.2;2;NUAGEUX;4;25.2;0
Château-Thierry;49.046;3.403;21/07/2026;12:00;23.2;2;NUAGEUX;4;28.1;0
Château-Thierry;49.046;3.403;21/07/2026;13:00;23.2;2;NUAGEUX;4;31.0;0
Château-Thierry;49.046;3.403;21/07/2026;14:00;23.9;2;NUAGEUX;5;33.1;0
Château-Thierry;49.046;3.403;21/07/2026;15:00;25.2;2;NUAGEUX;5;35.3;0
Château-Thierry;49.046;3.403;21/07/2026;16:00;23.9;2;NUAGEUX;5;37.1;0
Château-Thierry;49.046;3.403;21/07/2026;17:00;23.1;2;NUAGEUX;5;38.9;0
Château-Thierry;49.046;3.403;21/07/2026;18:00;23.1;2;NUAGEUX;5;40.7;0
Château-Thierry;49.046;3.403;21/07/2026;19:00;23.1;2;NUAGEUX;5;42.1;0
Château-Thierry;49.046;3.403;21/07/2026;20:00;18.7;2;NUAGEUX;5;42.8;0
Château-Thierry;49.046;3.403;21/07/2026;21:00;17.4;2;NUAGEUX;5;43.2;0
Château-Thierry;49.046;3.403;21/07/2026;22:00;16.1;2;NUAGEUX;5;43.6;0
Château-Thierry;49.046;3.403;21/07/2026;23:00;16;0;SOLEIL;3;43.2;0
Château-Thierry;49.046;3.403;22/07/2026;00:00;16;0;SOLEIL;3;42.5;0
Château-Thierry;49.046;3.403;22/07/2026;01:00;16;0;SOLEIL;3;41.0;0
Château-Thierry;49.046;3.403;22/07/2026;02:00;14;0;SOLEIL;5;39.2;0
Château-Thierry;49.046;3.403;22/07/2026;03:00;14;0;SOLEIL;5;36.0;0
Château-Thierry;49.046;3.403;22/07/2026;04:00;14;0;SOLEIL;5;31.3;0
Château-Thierry;49.046;3.403;22/07/2026;05:00;16;0;SOLEIL;2;25.9;0
Château-Thierry;49.046;3.403;22/07/2026;06:00;16;0;SOLEIL;2;20.9;0
Château-Thierry;49.046;3.403;22/07/2026;07:00;16;0;SOLEIL;2;16.9;0
Château-Thierry;49.046;3.403;22/07/2026;08:00;17.0;0;SOLEIL;5;15.1;0
Château-Thierry;49.046;3.403;22/07/2026;09:00;18.5;0;SOLEIL;5;15.5;0
Château-Thierry;49.046;3.403;22/07/2026;10:00;20.0;0;SOLEIL;5;18.0;0
Château-Thierry;49.046;3.403;22/07/2026;11:00;25.6;0;SOLEIL;3;21.6;0
Château-Thierry;49.046;3.403;22/07/2026;12:00;25.6;0;SOLEIL;3;25.2;0
Château-Thierry;49.046;3.403;22/07/2026;13:00;25.6;0;SOLEIL;3;28.4;0
Château-Thierry;49.046;3.403;22/07/2026;14:00;26.1;0;SOLEIL;5;30.6;0
Château-Thierry;49.046;3.403;22/07/2026;15:00;27.6;0;SOLEIL;5;31.3;0
Château-Thierry;49.046;3.403;22/07/2026;16:00;26.1;0;SOLEIL;5;31.3;0
Château-Thierry;49.046;3.403;22/07/2026;17:00;25.5;0;SOLEIL;4;30.6;0
Château-Thierry;49.046;3.403;22/07/2026;18:00;25.5;0;SOLEIL;4;29.9;0
Château-Thierry;49.046;3.403;22/07/2026;19:00;25.5;0;SOLEIL;4;28.8;0
Château-Thierry;49.046;3.403;22/07/2026;20:00;20.0;0;SOLEIL;5;28.1;0
Château-Thierry;49.046;3.403;22/07/2026;21:00;18.5;0;SOLEIL;5;27.0;0
Château-Thierry;49.046;3.403;22/07/2026;22:00;17.0;0;SOLEIL;5;25.9;0
Château-Thierry;49.046;3.403;22/07/2026;23:00;18.1;0;SOLEIL;3;24.8;0
Château-Thierry;49.046;3.403;23/07/2026;00:00;18.1;0;SOLEIL;3;23.4;0
Château-Thierry;49.046;3.403;23/07/2026;01:00;18.1;0;SOLEIL;3;22.0;0
Château-Thierry;49.046;3.403;23/07/2026;02:00;15.7;0;SOLEIL;5;20.9;0
Château-Thierry;49.046;3.403;23/07/2026;03:00;15.7;0;SOLEIL;5;19.4;0
Château-Thierry;49.046;3.403;23/07/2026;04:00;15.7;0;SOLEIL;5;18.0;0
Château-Thierry;49.046;3.403;23/07/2026;05:00;17.2;0;SOLEIL;2;16.6;0
Château-Thierry;49.046;3.403;23/07/2026;06:00;17.2;0;SOLEIL;2;15.5;0
Château-Thierry;49.046;3.403;23/07/2026;07:00;17.2;0;SOLEIL;2;14.8;0
Château-Thierry;49.046;3.403;23/07/2026;08:00;18.6;0;SOLEIL;5;14.8;0
Château-Thierry;49.046;3.403;23/07/2026;09:00;20.0;0;SOLEIL;5;15.8;0
Château-Thierry;49.046;3.403;23/07/2026;10:00;21.4;0;SOLEIL;5;18.0;0
Château-Thierry;49.046;3.403;23/07/2026;11:00;26.2;0;SOLEIL;4;20.9;0
Château-Thierry;49.046;3.403;23/07/2026;12:00;26.2;0;SOLEIL;4;23.4;0
Château-Thierry;49.046;3.403;23/07/2026;13:00;26.2;0;SOLEIL;4;25.9;0
Château-Thierry;49.046;3.403;23/07/2026;14:00;27.2;0;SOLEIL;5;27.7;0
Château-Thierry;49.046;3.403;23/07/2026;15:00;28.6;0;SOLEIL;5;28.8;0
Château-Thierry;49.046;3.403;23/07/2026;16:00;27.2;0;SOLEIL;5;29.5;0
Château-Thierry;49.046;3.403;23/07/2026;17:00;26.6;0;SOLEIL;4;29.9;0
Château-Thierry;49.046;3.403;23/07/2026;18:00;26.6;0;SOLEIL;4;29.9;0
Château-Thierry;49.046;3.403;23/07/2026;19:00;26.6;0;SOLEIL;4;30.2;0
Château-Thierry;49.046;3.403;23/07/2026;20:00;21.4;0;SOLEIL;5;30.2;0
Château-Thierry;49.046;3.403;23/07/2026;21:00;20.0;0;SOLEIL;5;30.6;0
Château-Thierry;49.046;3.403;23/07/2026;22:00;18.6;0;SOLEIL;5;31.3;0
Château-Thierry;49.046;3.403;23/07/2026;23:00;18.2;0;SOLEIL;3;31.7;0
Château-Thierry;49.046;3.403;24/07/2026;00:00;18.2;0;SOLEIL;3;32.0;0
Château-Thierry;49.046;3.403;24/07/2026;01:00;18.2;0;SOLEIL;3;31.7;0
Château-Thierry;49.046;3.403;24/07/2026;02:00;15.6;0;SOLEIL;5;30.6;0
Château-Thierry;49.046;3.403;24/07/2026;03:00;15.6;0;SOLEIL;5;28.4;0
Château-Thierry;49.046;3.403;24/07/2026;04:00;15.6;0;SOLEIL;5;24.8;0
Château-Thierry;49.046;3.403;24/07/2026;05:00;17.4;0;SOLEIL;3;20.9;0
Château-Thierry;49.046;3.403;24/07/2026;06:00;17.4;0;SOLEIL;3;16.9;0
Château-Thierry;49.046;3.403;24/07/2026;07:00;17.4;0;SOLEIL;3;14.0;0
Château-Thierry;49.046;3.403;24/07/2026;08:00;18.5;0;SOLEIL;5;12.2;0
Château-Thierry;49.046;3.403;24/07/2026;09:00;19.9;0;SOLEIL;5;11.9;0
Château-Thierry;49.046;3.403;24/07/2026;10:00;21.3;0;SOLEIL;5;12.6;0
Château-Thierry;49.046;3.403;24/07/2026;11:00;26.6;0;SOLEIL;5;14.0;0
Château-Thierry;49.046;3.403;24/07/2026;12:00;26.6;0;SOLEIL;5;16.2;0
Château-Thierry;49.046;3.403;24/07/2026;13:00;26.6;0;SOLEIL;5;18.4;0
Château-Thierry;49.046;3.403;24/07/2026;14:00;27.1;0;SOLEIL;5;20.5;0
Château-Thierry;49.046;3.403;24/07/2026;15:00;28.5;0;SOLEIL;5;23.0;0
Château-Thierry;49.046;3.403;24/07/2026;16:00;27.1;0;SOLEIL;5;26.6;0
Château-Thierry;49.046;3.403;24/07/2026;17:00;25.6;0;SOLEIL;5;30.2;0
Château-Thierry;49.046;3.403;24/07/2026;18:00;25.6;0;SOLEIL;5;33.8;0
Château-Thierry;49.046;3.403;24/07/2026;19:00;25.6;0;SOLEIL;5;36.7;0
Château-Thierry;49.046;3.403;24/07/2026;20:00;21.3;0;SOLEIL;5;38.9;0
Château-Thierry;49.046;3.403;24/07/2026;21:00;19.9;0;SOLEIL;5;40.0;0
Château-Thierry;49.046;3.403;24/07/2026;22:00;18.5;0;SOLEIL;5;40.7;0
Château-Thierry;49.046;3.403;24/07/2026;23:00;18.7;0;SOLEIL;3;40.7;0
Château-Thierry;49.046;3.403;25/07/2026;00:00;18.7;0;SOLEIL;3;40.3;0
Château-Thierry;49.046;3.403;25/07/2026;01:00;18.7;0;SOLEIL;3;39.6;0
Château-Thierry;49.046;3.403;25/07/2026;02:00;16.5;0;SOLEIL;5;38.9;0
Château-Thierry;49.046;3.403;25/07/2026;03:00;16.5;0;SOLEIL;5;37.4;0
Château-Thierry;49.046;3.403;25/07/2026;04:00;16.5;0;SOLEIL;5;35.3;0
Château-Thierry;49.046;3.403;25/07/2026;05:00;;0;SOLEIL;;33.1;0
Château-Thierry;49.046;3.403;25/07/2026;06:00;;0;SOLEIL;;31.0;0
Château-Thierry;49.046;3.403;25/07/2026;07:00;;0;SOLEIL;;29.5;0
Château-Thierry;49.046;3.403;25/07/2026;08:00;18.5;0;SOLEIL;5;29.2;0
Château-Thierry;49.046;3.403;25/07/2026;09:00;19.5;0;SOLEIL;5;30.6;0
Château-Thierry;49.046;3.403;25/07/2026;10:00;20.5;0;SOLEIL;5;33.1;0
Château-Thierry;49.046;3.403;25/07/2026;11:00;;0;SOLEIL;;36.0;0
Château-Thierry;49.046;3.403;25/07/2026;12:00;;0;SOLEIL;;39.6;0
Château-Thierry;49.046;3.403;25/07/2026;13:00;;0;SOLEIL;;42.8;0
Château-Thierry;49.046;3.403;25/07/2026;14:00;24.6;0;SOLEIL;5;45.0;0
Château-Thierry;49.046;3.403;25/07/2026;15:00;25.6;0;SOLEIL;5;46.8;0
Château-Thierry;49.046;3.403;25/07/2026;16:00;24.6;0;SOLEIL;5;48.2;0
Château-Thierry;49.046;3.403;25/07/2026;17:00;;0;SOLEIL;;49.3;0
Château-Thierry;49.046;3.403;25/07/2026;18:00;;0;SOLEIL;;50.0;0
Château-Thierry;49.046;3.403;25/07/2026;19:00;;0;SOLEIL;;50.4;0
Château-Thierry;49.046;3.403;25/07/2026;20:00;20.5;0;SOLEIL;5;50.0;0
Château-Thierry;49.046;3.403;25/07/2026;21:00;19.5;0;SOLEIL;5;49.0;0
Château-Thierry;49.046;3.403;25/07/2026;22:00;18.5;0;SOLEIL;5;47.5;0
Château-Thierry;49.046;3.403;25/07/2026;23:00;;6;AVERSES;;45.4;0
Château-Thierry;49.046;3.403;26/07/2026;00:00;;6;AVERSES;;42.8;0
Château-Thierry;49.046;3.403;26/07/2026;01:00;;6;AVERSES;;40.3;0
Château-Thierry;49.046;3.403;26/07/2026;02:00;15.6;6;AVERSES;5;38.2;0
Château-Thierry;49.046;3.403;26/07/2026;03:00;15.6;6;AVERSES;5;35.6;0
Château-Thierry;49.046;3.403;26/07/2026;04:00;15.6;6;AVERSES;5;32.4;0
Château-Thierry;49.046;3.403;26/07/2026;05:00;;6;AVERSES;;29.2;0
Château-Thierry;49.046;3.403;26/07/2026;06:00;;6;AVERSES;;26.6;0
Château-Thierry;49.046;3.403;26/07/2026;07:00;;6;AVERSES;;24.8;0
Château-Thierry;49.046;3.403;26/07/2026;08:00;17.7;6;AVERSES;5;24.5;0
Château-Thierry;49.046;3.403;26/07/2026;09:00;18.7;6;AVERSES;5;26.3;0
Château-Thierry;49.046;3.403;26/07/2026;10:00;19.7;6;AVERSES;5;29.9;0
Château-Thierry;49.046;3.403;26/07/2026;11:00;;6;AVERSES;;34.6;0
Château-Thierry;49.046;3.403;26/07/2026;12:00;;6;AVERSES;;39.2;0
Château-Thierry;49.046;3.403;26/07/2026;13:00;;6;AVERSES;;43.2;0
Château-Thierry;49.046;3.403;26/07/2026;14:00;23.9;6;AVERSES;5;46.1;0
Château-Thierry;49.046;3.403;26/07/2026;15:00;24.9;6;AVERSES;5;47.5;0
Château-Thierry;49.046;3.403;26/07/2026;16:00;23.9;6;AVERSES;5;48.2;0
Château-Thierry;49.046;3.403;26/07/2026;17:00;;6;AVERSES;;48.2;0
Château-Thierry;49.046;3.403;26/07/2026;18:00;;6;AVERSES;;47.9;0
Château-Thierry;49.046;3.403;26/07/2026;19:00;;6;AVERSES;;47.2;0
Château-Thierry;49.046;3.403;26/07/2026;20:00;19.7;6;AVERSES;5;46.1;0
Château-Thierry;49.046;3.403;26/07/2026;21:00;18.7;6;AVERSES;5;44.6;0
Château-Thierry;49.046;3.403;26/07/2026;22:00;17.7;6;AVERSES;5;43.2;0
Château-Thierry;49.046;3.403;26/07/2026;23:00;;6;AVERSES;;41.0;0
Château-Thierry;49.046;3.403;27/07/2026;00:00;;6;AVERSES;;38.5;0
Château-Thierry;49.046;3.403;27/07/2026;01:00;;6;AVERSES;;36.4;0
Château-Thierry;49.046;3.403;27/07/2026;02:00;15.1;6;AVERSES;5;34.2;0
Château-Thierry;49.046;3.403;27/07/2026;03:00;15.1;6;AVERSES;5;31.7;0
Château-Thierry;49.046;3.403;27/07/2026;04:00;15.1;6;AVERSES;5;28.8;0
Château-Thierry;49.046;3.403;27/07/2026;05:00;;6;AVERSES;;25.9;0
Château-Thierry;49.046;3.403;27/07/2026;06:00;;6;AVERSES;;23.4;0
Château-Thierry;49.046;3.403;27/07/2026;07:00;;6;AVERSES;;21.6;0
Château-Thierry;49.046;3.403;27/07/2026;08:00;17.4;6;AVERSES;5;21.2;0
Château-Thierry;49.046;3.403;27/07/2026;09:00;18.6;6;AVERSES;5;22.7;0
Château-Thierry;49.046;3.403;27/07/2026;10:00;19.7;6;AVERSES;5;25.6;0
Château-Thierry;49.046;3.403;27/07/2026;11:00;;6;AVERSES;;29.2;0
Château-Thierry;49.046;3.403;27/07/2026;12:00;;6;AVERSES;;33.1;0
Château-Thierry;49.046;3.403;27/07/2026;13:00;;6;AVERSES;;37.1;0
Château-Thierry;49.046;3.403;27/07/2026;14:00;24.3;6;AVERSES;5;40.3;0
Château-Thierry;49.046;3.403;27/07/2026;15:00;25.5;6;AVERSES;5;43.2;0
Château-Thierry;49.046;3.403;27/07/2026;16:00;24.3;6;AVERSES;5;46.1;0
Château-Thierry;49.046;3.403;27/07/2026;17:00;;6;AVERSES;;49.0;0
Château-Thierry;49.046;3.403;27/07/2026;18:00;;6;AVERSES;;51.1;0
Château-Thierry;49.046;3.403;27/07/2026;19:00;;6;AVERSES;;52.6;0
Château-Thierry;49.046;3.403;27/07/2026;20:00;19.7;6;AVERSES;5;52.9;0
Château-Thierry;49.046;3.403;27/07/2026;21:00;18.6;6;AVERSES;5;51.8;0
Château-Thierry;49.046;3.403;27/07/2026;22:00;17.4;6;AVERSES;5;49.7;0
Château-Thierry;49.046;3.403;27/07/2026;23:00;;6;AVERSES;;46.8;0
Château-Thierry;49.046;3.403;28/07/2026;00:00;;6;AVERSES;;43.2;0
Château-Thierry;49.046;3.403;28/07/2026;01:00;;6;AVERSES;;40.0;0
Château-Thierry;49.046;3.403;28/07/2026;02:00;15.6;6;AVERSES;5;36.7;0
Château-Thierry;49.046;3.403;28/07/2026;03:00;15.6;6;AVERSES;5;33.5;0
Château-Thierry;49.046;3.403;28/07/2026;04:00;15.6;6;AVERSES;5;29.5;0
Château-Thierry;49.046;3.403;28/07/2026;05:00;;6;AVERSES;;25.9;0
Château-Thierry;49.046;3.403;28/07/2026;06:00;;6;AVERSES;;22.7;0
Château-Thierry;49.046;3.403;28/07/2026;07:00;;6;AVERSES;;20.2;0
Château-Thierry;49.046;3.403;28/07/2026;08:00;17.6;6;AVERSES;5;19.4;0
Château-Thierry;49.046;3.403;28/07/2026;09:00;18.5;6;AVERSES;5;20.9;0
Château-Thierry;49.046;3.403;28/07/2026;10:00;19.5;6;AVERSES;5;23.8;0
Château-Thierry;49.046;3.403;28/07/2026;11:00;;6;AVERSES;;27.7;0
Château-Thierry;49.046;3.403;28/07/2026;12:00;;6;AVERSES;;32.0;0
Château-Thierry;49.046;3.403;28/07/2026;13:00;;6;AVERSES;;36.0;0
Château-Thierry;49.046;3.403;28/07/2026;14:00;23.4;6;AVERSES;5;38.9;0
Château-Thierry;49.046;3.403;28/07/2026;15:00;24.4;6;AVERSES;5;40.7;0
Château-Thierry;49.046;3.403;28/07/2026;16:00;23.4;6;AVERSES;5;42.1;0
Château-Thierry;49.046;3.403;28/07/2026;17:00;;6;AVERSES;;43.2;0
Château-Thierry;49.046;3.403;28/07/2026;18:00;;6;AVERSES;;43.9;0
Château-Thierry;49.046;3.403;28/07/2026;19:00;;6;AVERSES;;43.6;0
Château-Thierry;49.046;3.403;28/07/2026;20:00;19.5;6;AVERSES;5;42.5;0
Château-Thierry;49.046;3.403;28/07/2026;21:00;18.5;6;AVERSES;5;40.0;0
Château-Thierry;49.046;3.403;28/07/2026;22:00;17.6;6;AVERSES;5;36.0;0
Château-Thierry;49.046;3.403;28/07/2026;23:00;;6;AVERSES;;31.3;0
Château-Thierry;49.046;3.403;29/07/2026;00:00;;6;AVERSES;;26.3;0
Château-Thierry;49.046;3.403;29/07/2026;01:00;;6;AVERSES;;22.0;0
Château-Thierry;49.046;3.403;29/07/2026;02:00;15.1;6;AVERSES;5;19.1;0
Château-Thierry;49.046;3.403;29/07/2026;03:00;15.1;6;AVERSES;5;17.3;0
Château-Thierry;49.046;3.403;29/07/2026;04:00;15.1;6;AVERSES;5;16.2;0
Château-Thierry;49.046;3.403;29/07/2026;05:00;;6;AVERSES;;15.5;0
Château-Thierry;49.046;3.403;29/07/2026;06:00;;6;AVERSES;;15.5;0
Château-Thierry;49.046;3.403;29/07/2026;07:00;;6;AVERSES;;15.8;0
Château-Thierry;49.046;3.403;29/07/2026;08:00;17.4;6;AVERSES;5;16.9;0
Château-Thierry;49.046;3.403;29/07/2026;09:00;18.6;6;AVERSES;5;18.7;0
Château-Thierry;49.046;3.403;29/07/2026;10:00;19.8;6;AVERSES;5;21.6;0
Château-Thierry;49.046;3.403;29/07/2026;11:00;;6;AVERSES;;24.8;0
Château-Thierry;49.046;3.403;29/07/2026;12:00;;6;AVERSES;;28.1;0
Château-Thierry;49.046;3.403;29/07/2026;13:00;;6;AVERSES;;31.3;0
Château-Thierry;49.046;3.403;29/07/2026;14:00;24.4;6;AVERSES;5;33.8;0
Château-Thierry;49.046;3.403;29/07/2026;15:00;25.6;6;AVERSES;5;36.0;0
Château-Thierry;49.046;3.403;29/07/2026;16:00;24.4;6;AVERSES;5;38.5;0
Château-Thierry;49.046;3.403;29/07/2026;17:00;;6;AVERSES;;40.3;0
Château-Thierry;49.046;3.403;29/07/2026;18:00;;6;AVERSES;;42.1;0
Château-Thierry;49.046;3.403;29/07/2026;19:00;;6;AVERSES;;42.5;0
Château-Thierry;49.046;3.403;29/07/2026;20:00;19.8;6;AVERSES;5;42.1;0
Château-Thierry;49.046;3.403;29/07/2026;21:00;18.6;6;AVERSES;5;40.0;0
Château-Thierry;49.046;3.403;29/07/2026;22:00;17.4;6;AVERSES;5;36.0;0
Château-Thierry;49.046;3.403;29/07/2026;23:00;16.3;6;AVERSES;5;31.3;0
Château-Thierry;49.046;3.403;30/07/2026;00:00;12;0;SOLEIL;5;26.0;0
Château-Thierry;49.046;3.403;30/07/2026;01:00;12;0;SOLEIL;5;21.2;0
Château-Thierry;49.046;3.403;30/07/2026;02:00;12;0;SOLEIL;5;18.6;0
Château-Thierry;49.046;3.403;30/07/2026;03:00;12;0;SOLEIL;5;17.6;0
Château-Thierry;49.046;3.403;30/07/2026;04:00;12;0;SOLEIL;5;18.0;0
Château-Thierry;49.046;3.403;30/07/2026;05:00;12;0;SOLEIL;5;0.0;0
Château-Thierry;49.046;3.403;30/07/2026;06:00;12;0;SOLEIL;5;0.0;0
Château-Thierry;49.046;3.403;30/07/2026;07:00;13.1;0;SOLEIL;5;0.0;0
Château-Thierry;49.046;3.403;30/07/2026;08:00;14.2;0;SOLEIL;5;0.0;0
Château-Thierry;49.046;3.403;30/07/2026;09:00;15.3;0;SOLEIL;5;0.0;0
Château-Thierry;49.046;3.403;30/07/2026;10:00;16.4;0;SOLEIL;5;0.0;0
Château-Thierry;49.046;3.403;30/07/2026;11:00;17.6;0;SOLEIL;5;0.0;0
Château-Thierry;49.046;3.403;30/07/2026;12:00;18.7;0;SOLEIL;5;0.0;0
Château-Thierry;49.046;3.403;30/07/2026;13:00;19.8;0;SOLEIL;5;0.0;0
Château-Thierry;49.046;3.403;30/07/2026;14:00;20.9;0;SOLEIL;5;0.0;0
Château-Thierry;49.046;3.403;30/07/2026;15:00;22.0;0;SOLEIL;5;0.0;0
Château-Thierry;49.046;3.403;30/07/2026;16:00;20.9;0;SOLEIL;5;0.0;0
Château-Thierry;49.046;3.403;30/07/2026;17:00;19.8;0;SOLEIL;5;0.0;0
Château-Thierry;49.046;3.403;30/07/2026;18:00;18.7;0;SOLEIL;5;0.0;0
Château-Thierry;49.046;3.403;30/07/2026;19:00;17.6;0;SOLEIL;5;0.0;0
Château-Thierry;49.046;3.403;30/07/2026;20:00;16.4;0;SOLEIL;5;0.0;0
Château-Thierry;49.046;3.403;30/07/2026;21:00;15.3;0;SOLEIL;5;0.0;0
Château-Thierry;49.046;3.403;30/07/2026;22:00;14.2;0;SOLEIL;5;0.0;0
Château-Thierry;49.046;3.403;30/07/2026;23:00;13.1;0;SOLEIL;5;0.0;0
Château-Thierry;49.046;3.403;31/07/2026;00:00;12;0;SOLEIL;5;0.0;0
Château-Thierry;49.046;3.403;31/07/2026;01:00;12;0;SOLEIL;5;0.0;0
Château-Thierry;49.046;3.403;31/07/2026;02:00;12;0;SOLEIL;5;0.0;0
Château-Thierry;49.046;3.403;31/07/2026;03:00;12;0;SOLEIL;5;0.0;0
Château-Thierry;49.046;3.403;31/07/2026;04:00;12;0;SOLEIL;5;0.0;0
Château-Thierry;49.046;3.403;31/07/2026;05:00;12;0;SOLEIL;5;0.0;0
Château-Thierry;49.046;3.403;31/07/2026;06:00;12;0;SOLEIL;5;0.0;0
Château-Thierry;49.046;3.403;31/07/2026;07:00;13.1;0;SOLEIL;5;0.0;0
Château-Thierry;49.046;3.403;31/07/2026;08:00;14.2;0;SOLEIL;5;0.0;0
Château-Thierry;49.046;3.403;31/07/2026;09:00;15.3;0;SOLEIL;5;0.0;0
Château-Thierry;49.046;3.403;31/07/2026;10:00;16.4;0;SOLEIL;5;0.0;0
Château-Thierry;49.046;3.403;31/07/2026;11:00;17.6;0;SOLEIL;5;0.0;0
Château-Thierry;49.046;3.403;31/07/2026;12:00;18.7;0;SOLEIL;5;0.0;0
Château-Thierry;49.046;3.403;31/07/2026;13:00;19.8;0;SOLEIL;5;0.0;0
Château-Thierry;49.046;3.403;31/07/2026;14:00;20.9;0;SOLEIL;5;0.0;0
Château-Thierry;49.046;3.403;31/07/2026;15:00;22.0;0;SOLEIL;5;0.0;0
Château-Thierry;49.046;3.403;31/07/2026;16:00;20.9;0;SOLEIL;5;0.0;0
Château-Thierry;49.046;3.403;31/07/2026;17:00;19.8;0;SOLEIL;5;0.0;0
Château-Thierry;49.046;3.403;31/07/2026;18:00;18.7;0;SOLEIL;5;0.0;0
Château-Thierry;49.046;3.403;31/07/2026;19:00;17.6;0;SOLEIL;5;0.0;0
Château-Thierry;49.046;3.403;31/07/2026;20:00;16.4;0;SOLEIL;5;0.0;0
Château-Thierry;49.046;3.403;31/07/2026;21:00;15.3;0;SOLEIL;5;0.0;0
Château-Thierry;49.046;3.403;31/07/2026;22:00;14.2;0;SOLEIL;5;0.0;0
Château-Thierry;49.046;3.403;31/07/2026;23:00;13.1;0;SOLEIL;5;0.0;0
Laon;49.56;3.62;16/07/2026;00:00;21.9;0;SOLEIL;3;19.4;0
Laon;49.56;3.62;16/07/2026;01:00;21.1;0;SOLEIL;3;15.1;0
Laon;49.56;3.62;16/07/2026;02:00;19.4;0;SOLEIL;2;12.6;0
Laon;49.56;3.62;16/07/2026;03:00;18.4;0;SOLEIL;3;8.3;0
Laon;49.56;3.62;16/07/2026;04:00;17.6;0;SOLEIL;2;7.6;0
Laon;49.56;3.62;16/07/2026;05:00;18;0;SOLEIL;2;7.6;0
Laon;49.56;3.62;16/07/2026;06:00;20.9;0;SOLEIL;2;7.2;0
Laon;49.56;3.62;16/07/2026;07:00;24;0;SOLEIL;2;6.5;0
Laon;49.56;3.62;16/07/2026;08:00;25.9;0;SOLEIL;2;5.8;0
Laon;49.56;3.62;16/07/2026;09:00;28.1;0;SOLEIL;2;10.1;0
Laon;49.56;3.62;16/07/2026;10:00;29.6;0;SOLEIL;3;16.9;0
Laon;49.56;3.62;16/07/2026;11:00;31.6;0;SOLEIL;3;17.6;0
Laon;49.56;3.62;16/07/2026;12:00;33;0;SOLEIL;2;19.1;0
Laon;49.56;3.62;16/07/2026;13:00;32.2;10;ORAGEUX;2;20.5;0.3
Laon;49.56;3.62;16/07/2026;14:00;32.9;10;ORAGEUX;3;14.0;0.5
Laon;49.56;3.62;16/07/2026;15:00;32.1;10;ORAGEUX;3;9.4;0.4
Laon;49.56;3.62;16/07/2026;16:00;31.6;10;ORAGEUX;3;9.0;0.3
Laon;49.56;3.62;16/07/2026;17:00;30.1;10;ORAGEUX;4;15.8;0.3
Laon;49.56;3.62;16/07/2026;18:00;28.4;10;ORAGEUX;4;16.2;0.1
Laon;49.56;3.62;16/07/2026;19:00;23.5;2;NUAGEUX;4;22.7;0
Laon;49.56;3.62;16/07/2026;20:00;21.6;2;NUAGEUX;3;30.2;0
Laon;49.56;3.62;16/07/2026;21:00;21.6;2;NUAGEUX;3;35.3;0
Laon;49.56;3.62;16/07/2026;22:00;20.1;2;NUAGEUX;2;27.4;0
Laon;49.56;3.62;16/07/2026;23:00;19.7;2;NUAGEUX;2;19.8;0
Laon;49.56;3.62;17/07/2026;00:00;19.7;2;NUAGEUX;2;10.1;0
Laon;49.56;3.62;17/07/2026;01:00;19.7;2;NUAGEUX;2;10.4;0
Laon;49.56;3.62;17/07/2026;02:00;17;10;ORAGEUX;1;9.7;0
Laon;49.56;3.62;17/07/2026;03:00;17;10;ORAGEUX;1;9.0;0
Laon;49.56;3.62;17/07/2026;04:00;17;10;ORAGEUX;1;6.5;0
Laon;49.56;3.62;17/07/2026;05:00;18.6;10;ORAGEUX;2;5.4;0
Laon;49.56;3.62;17/07/2026;06:00;18.6;10;ORAGEUX;2;4.3;0
Laon;49.56;3.62;17/07/2026;07:00;18.6;10;ORAGEUX;2;8.3;0
Laon;49.56;3.62;17/07/2026;08:00;22.7;10;ORAGEUX;2;14.4;0
Laon;49.56;3.62;17/07/2026;09:00;22.7;10;ORAGEUX;2;17.5;0
Laon;49.56;3.62;17/07/2026;10:00;22.7;10;ORAGEUX;2;18.9;0
Laon;49.56;3.62;17/07/2026;11:00;24.5;10;ORAGEUX;3;24.4;0
Laon;49.56;3.62;17/07/2026;12:00;24.5;10;ORAGEUX;3;27.4;0
Laon;49.56;3.62;17/07/2026;13:00;24.5;10;ORAGEUX;3;31.7;0
Laon;49.56;3.62;17/07/2026;14:00;26.6;0;SOLEIL;4;31.7;0
Laon;49.56;3.62;17/07/2026;15:00;26.6;0;SOLEIL;4;30.2;0
Laon;49.56;3.62;17/07/2026;16:00;26.6;0;SOLEIL;4;25.2;0
Laon;49.56;3.62;17/07/2026;17:00;24.6;0;SOLEIL;4;23.8;0
Laon;49.56;3.62;17/07/2026;18:00;24.6;0;SOLEIL;4;24.1;0
Laon;49.56;3.62;17/07/2026;19:00;24.6;0;SOLEIL;4;26.6;0
Laon;49.56;3.62;17/07/2026;20:00;19.9;0;SOLEIL;3;24.8;0
Laon;49.56;3.62;17/07/2026;21:00;19.9;0;SOLEIL;3;20.9;0
Laon;49.56;3.62;17/07/2026;22:00;19.9;0;SOLEIL;3;20.9;0
Laon;49.56;3.62;17/07/2026;23:00;17.4;0;SOLEIL;3;20.5;0
Laon;49.56;3.62;18/07/2026;00:00;17.4;0;SOLEIL;3;16.2;0
Laon;49.56;3.62;18/07/2026;01:00;17.4;0;SOLEIL;3;14.8;0
Laon;49.56;3.62;18/07/2026;02:00;14;0;SOLEIL;3;18.0;0
Laon;49.56;3.62;18/07/2026;03:00;14;0;SOLEIL;3;17.6;0
Laon;49.56;3.62;18/07/2026;04:00;14;0;SOLEIL;3;15.1;0
Laon;49.56;3.62;18/07/2026;05:00;17.4;0;SOLEIL;3;15.1;0
Laon;49.56;3.62;18/07/2026;06:00;17.4;0;SOLEIL;3;13.3;0
Laon;49.56;3.62;18/07/2026;07:00;17.4;0;SOLEIL;3;12.6;0
Laon;49.56;3.62;18/07/2026;08:00;23.5;0;SOLEIL;3;18.0;0
Laon;49.56;3.62;18/07/2026;09:00;23.5;0;SOLEIL;3;22.0;0
Laon;49.56;3.62;18/07/2026;10:00;23.5;0;SOLEIL;3;22.3;0
Laon;49.56;3.62;18/07/2026;11:00;26.6;0;SOLEIL;4;24.8;0
Laon;49.56;3.62;18/07/2026;12:00;26.6;0;SOLEIL;4;28.8;0
Laon;49.56;3.62;18/07/2026;13:00;26.6;0;SOLEIL;4;33.5;0
Laon;49.56;3.62;18/07/2026;14:00;27.6;0;SOLEIL;4;32.8;0
Laon;49.56;3.62;18/07/2026;15:00;27.6;0;SOLEIL;4;34.2;0
Laon;49.56;3.62;18/07/2026;16:00;27.6;0;SOLEIL;4;35.6;0
Laon;49.56;3.62;18/07/2026;17:00;23.6;0;SOLEIL;4;36.4;0
Laon;49.56;3.62;18/07/2026;18:00;23.6;0;SOLEIL;4;37.4;0
Laon;49.56;3.62;18/07/2026;19:00;23.6;0;SOLEIL;4;38.5;0
Laon;49.56;3.62;18/07/2026;20:00;20.0;0;SOLEIL;5;37.8;0
Laon;49.56;3.62;18/07/2026;21:00;18.4;0;SOLEIL;5;34.6;0
Laon;49.56;3.62;18/07/2026;22:00;16.8;0;SOLEIL;5;30.2;0
Laon;49.56;3.62;18/07/2026;23:00;12.5;0;SOLEIL;4;26.3;0
Laon;49.56;3.62;19/07/2026;00:00;12.5;0;SOLEIL;4;24.1;0
Laon;49.56;3.62;19/07/2026;01:00;12.5;0;SOLEIL;4;23.0;0
Laon;49.56;3.62;19/07/2026;02:00;11.1;0;SOLEIL;5;21.2;0
Laon;49.56;3.62;19/07/2026;03:00;11.1;0;SOLEIL;5;18.0;0
Laon;49.56;3.62;19/07/2026;04:00;11.1;0;SOLEIL;5;14.4;0
Laon;49.56;3.62;19/07/2026;05:00;14.4;0;SOLEIL;3;11.9;0
Laon;49.56;3.62;19/07/2026;06:00;14.4;0;SOLEIL;3;11.2;0
Laon;49.56;3.62;19/07/2026;07:00;14.4;0;SOLEIL;3;11.5;0
Laon;49.56;3.62;19/07/2026;08:00;14.1;0;SOLEIL;5;13.7;0
Laon;49.56;3.62;19/07/2026;09:00;15.6;0;SOLEIL;5;19.4;0
Laon;49.56;3.62;19/07/2026;10:00;17.1;0;SOLEIL;5;27.0;0
Laon;49.56;3.62;19/07/2026;11:00;22.6;2;NUAGEUX;4;32.4;0
Laon;49.56;3.62;19/07/2026;12:00;22.6;2;NUAGEUX;4;34.2;0
Laon;49.56;3.62;19/07/2026;13:00;22.6;2;NUAGEUX;4;33.8;0
Laon;49.56;3.62;19/07/2026;14:00;23.1;0;SOLEIL;5;33.5;0
Laon;49.56;3.62;19/07/2026;15:00;24.6;0;SOLEIL;5;33.1;0
Laon;49.56;3.62;19/07/2026;16:00;23.1;0;SOLEIL;5;32.4;0
Laon;49.56;3.62;19/07/2026;17:00;22.6;0;SOLEIL;4;32.0;0
Laon;49.56;3.62;19/07/2026;18:00;22.6;0;SOLEIL;4;32.8;0
Laon;49.56;3.62;19/07/2026;19:00;22.6;0;SOLEIL;4;33.8;0
Laon;49.56;3.62;19/07/2026;20:00;17.1;0;SOLEIL;5;33.5;0
Laon;49.56;3.62;19/07/2026;21:00;15.6;0;SOLEIL;5;30.6;0
Laon;49.56;3.62;19/07/2026;22:00;14.1;0;SOLEIL;5;26.3;0
Laon;49.56;3.62;19/07/2026;23:00;11.5;0;SOLEIL;3;23.4;0
Laon;49.56;3.62;20/07/2026;00:00;11.5;0;SOLEIL;3;23.8;0
Laon;49.56;3.62;20/07/2026;01:00;11.5;0;SOLEIL;3;25.2;0
Laon;49.56;3.62;20/07/2026;02:00;9.1;0;SOLEIL;5;25.6;0
Laon;49.56;3.62;20/07/2026;03:00;9.1;0;SOLEIL;5;22.3;0
Laon;49.56;3.62;20/07/2026;04:00;9.1;0;SOLEIL;5;17.6;0
Laon;49.56;3.62;20/07/2026;05:00;12.6;0;SOLEIL;3;14.8;0
Laon;49.56;3.62;20/07/2026;06:00;12.6;0;SOLEIL;3;15.8;0
Laon;49.56;3.62;20/07/2026;07:00;12.6;0;SOLEIL;3;18.5;0
Laon;49.56;3.62;20/07/2026;08:00;12.4;0;SOLEIL;5;20.3;0
Laon;49.56;3.62;20/07/2026;09:00;14.1;0;SOLEIL;5;27.0;0
Laon;49.56;3.62;20/07/2026;10:00;15.8;0;SOLEIL;5;35.3;0
Laon;49.56;3.62;20/07/2026;11:00;22.1;0;SOLEIL;4;41.0;0
Laon;49.56;3.62;20/07/2026;12:00;22.1;0;SOLEIL;4;42.1;0
Laon;49.56;3.62;20/07/2026;13:00;22.1;0;SOLEIL;4;41.0;0
Laon;49.56;3.62;20/07/2026;14:00;22.4;0;SOLEIL;5;40.3;0
Laon;49.56;3.62;20/07/2026;15:00;24.1;0;SOLEIL;5;40.7;0
Laon;49.56;3.62;20/07/2026;16:00;22.4;0;SOLEIL;5;41.4;0
Laon;49.56;3.62;20/07/2026;17:00;21.7;0;SOLEIL;4;41.8;0
Laon;49.56;3.62;20/07/2026;18:00;21.7;0;SOLEIL;4;41.4;0
Laon;49.56;3.62;20/07/2026;19:00;21.7;0;SOLEIL;4;40.7;0
Laon;49.56;3.62;20/07/2026;20:00;15.8;0;SOLEIL;5;39.2;0
Laon;49.56;3.62;20/07/2026;21:00;14.1;0;SOLEIL;5;36.0;0
Laon;49.56;3.62;20/07/2026;22:00;12.4;0;SOLEIL;5;32.0;0
Laon;49.56;3.62;20/07/2026;23:00;12.9;0;SOLEIL;4;28.8;0
Laon;49.56;3.62;21/07/2026;00:00;12.9;0;SOLEIL;4;27.7;0
Laon;49.56;3.62;21/07/2026;01:00;12.9;0;SOLEIL;4;27.0;0
Laon;49.56;3.62;21/07/2026;02:00;11.6;0;SOLEIL;5;25.9;0
Laon;49.56;3.62;21/07/2026;03:00;11.6;0;SOLEIL;5;22.3;0
Laon;49.56;3.62;21/07/2026;04:00;11.6;0;SOLEIL;5;18.4;0
Laon;49.56;3.62;21/07/2026;05:00;13.6;0;SOLEIL;3;15.5;0
Laon;49.56;3.62;21/07/2026;06:00;13.6;0;SOLEIL;3;15.1;0
Laon;49.56;3.62;21/07/2026;07:00;13.6;0;SOLEIL;3;16.2;0
Laon;49.56;3.62;21/07/2026;08:00;14.7;0;SOLEIL;5;18.7;0
Laon;49.56;3.62;21/07/2026;09:00;16.2;0;SOLEIL;5;23.0;0
Laon;49.56;3.62;21/07/2026;10:00;17.7;0;SOLEIL;5;28.8;0
Laon;49.56;3.62;21/07/2026;11:00;22.1;0;SOLEIL;4;32.4;0
Laon;49.56;3.62;21/07/2026;12:00;22.1;0;SOLEIL;4;32.4;0
Laon;49.56;3.62;21/07/2026;13:00;22.1;0;SOLEIL;4;30.2;0
Laon;49.56;3.62;21/07/2026;14:00;23.9;0;SOLEIL;5;29.2;0
Laon;49.56;3.62;21/07/2026;15:00;25.4;0;SOLEIL;5;30.6;0
Laon;49.56;3.62;21/07/2026;16:00;23.9;0;SOLEIL;5;32.8;0
Laon;49.56;3.62;21/07/2026;17:00;23.5;0;SOLEIL;4;34.6;0
Laon;49.56;3.62;21/07/2026;18:00;23.5;0;SOLEIL;4;36.4;0
Laon;49.56;3.62;21/07/2026;19:00;23.5;0;SOLEIL;4;37.8;0
Laon;49.56;3.62;21/07/2026;20:00;17.7;0;SOLEIL;5;36.7;0
Laon;49.56;3.62;21/07/2026;21:00;16.2;0;SOLEIL;5;31.3;0
Laon;49.56;3.62;21/07/2026;22:00;14.7;0;SOLEIL;5;23.8;0
Laon;49.56;3.62;21/07/2026;23:00;12.7;0;SOLEIL;3;18.4;0
Laon;49.56;3.62;22/07/2026;00:00;12.7;0;SOLEIL;3;18.4;0
Laon;49.56;3.62;22/07/2026;01:00;12.7;0;SOLEIL;3;20.9;0
Laon;49.56;3.62;22/07/2026;02:00;10.6;0;SOLEIL;5;22.0;0
Laon;49.56;3.62;22/07/2026;03:00;10.6;0;SOLEIL;5;19.4;0
Laon;49.56;3.62;22/07/2026;04:00;10.6;0;SOLEIL;5;15.5;0
Laon;49.56;3.62;22/07/2026;05:00;14.2;0;SOLEIL;3;13.0;0
Laon;49.56;3.62;22/07/2026;06:00;14.2;0;SOLEIL;3;13.3;0
Laon;49.56;3.62;22/07/2026;07:00;14.2;0;SOLEIL;3;15.1;0
Laon;49.56;3.62;22/07/2026;08:00;14.3;0;SOLEIL;5;18.0;0
Laon;49.56;3.62;22/07/2026;09:00;16.2;0;SOLEIL;5;22.0;0
Laon;49.56;3.62;22/07/2026;10:00;18.1;0;SOLEIL;5;26.6;0
Laon;49.56;3.62;22/07/2026;11:00;25.2;0;SOLEIL;3;29.9;0
Laon;49.56;3.62;22/07/2026;12:00;25.2;0;SOLEIL;3;30.8;0
Laon;49.56;3.62;22/07/2026;13:00;25.2;0;SOLEIL;3;31.5;0
Laon;49.56;3.62;22/07/2026;14:00;25.5;0;SOLEIL;5;33.4;0
Laon;49.56;3.62;22/07/2026;15:00;27.4;0;SOLEIL;5;35.6;0
Laon;49.56;3.62;22/07/2026;16:00;25.5;0;SOLEIL;5;35.6;0
Laon;49.56;3.62;22/07/2026;17:00;25.1;0;SOLEIL;4;35.6;0
Laon;49.56;3.62;22/07/2026;18:00;25.1;0;SOLEIL;4;35.3;0
Laon;49.56;3.62;22/07/2026;19:00;25.1;0;SOLEIL;4;34.6;0
Laon;49.56;3.62;22/07/2026;20:00;18.1;0;SOLEIL;5;34.2;0
Laon;49.56;3.62;22/07/2026;21:00;16.2;0;SOLEIL;5;33.8;0
Laon;49.56;3.62;22/07/2026;22:00;14.3;0;SOLEIL;5;33.8;0
Laon;49.56;3.62;22/07/2026;23:00;16.1;0;SOLEIL;3;33.5;0
Laon;49.56;3.62;23/07/2026;00:00;16.1;0;SOLEIL;3;32.8;0
Laon;49.56;3.62;23/07/2026;01:00;16.1;0;SOLEIL;3;32.0;0
Laon;49.56;3.62;23/07/2026;02:00;13.5;0;SOLEIL;5;30.2;0
Laon;49.56;3.62;23/07/2026;03:00;13.5;0;SOLEIL;5;27.4;0
Laon;49.56;3.62;23/07/2026;04:00;13.5;0;SOLEIL;5;23.0;0
Laon;49.56;3.62;23/07/2026;05:00;15.5;0;SOLEIL;3;18.4;0
Laon;49.56;3.62;23/07/2026;06:00;15.5;0;SOLEIL;3;14.0;0
Laon;49.56;3.62;23/07/2026;07:00;15.5;0;SOLEIL;3;10.8;0
Laon;49.56;3.62;23/07/2026;08:00;17.0;0;SOLEIL;5;9.4;0
Laon;49.56;3.62;23/07/2026;09:00;18.7;0;SOLEIL;5;10.4;0
Laon;49.56;3.62;23/07/2026;10:00;20.4;0;SOLEIL;5;13.3;0
Laon;49.56;3.62;23/07/2026;11:00;26.4;0;SOLEIL;4;17.3;0
Laon;49.56;3.62;23/07/2026;12:00;26.4;0;SOLEIL;4;21.6;0
Laon;49.56;3.62;23/07/2026;13:00;26.4;0;SOLEIL;4;25.2;0
Laon;49.56;3.62;23/07/2026;14:00;27.4;0;SOLEIL;5;28.1;0
Laon;49.56;3.62;23/07/2026;15:00;29.1;0;SOLEIL;5;29.5;0
Laon;49.56;3.62;23/07/2026;16:00;27.4;0;SOLEIL;5;30.6;0
Laon;49.56;3.62;23/07/2026;17:00;26.6;0;SOLEIL;4;31.3;0
Laon;49.56;3.62;23/07/2026;18:00;26.6;0;SOLEIL;4;31.3;0
Laon;49.56;3.62;23/07/2026;19:00;26.6;0;SOLEIL;4;31.7;0
Laon;49.56;3.62;23/07/2026;20:00;20.4;0;SOLEIL;5;31.7;0
Laon;49.56;3.62;23/07/2026;21:00;18.7;0;SOLEIL;5;31.7;0
Laon;49.56;3.62;23/07/2026;22:00;17.0;0;SOLEIL;5;32.0;0
Laon;49.56;3.62;23/07/2026;23:00;15.2;0;SOLEIL;3;31.7;0
Laon;49.56;3.62;24/07/2026;00:00;15.2;0;SOLEIL;3;31.3;0
Laon;49.56;3.62;24/07/2026;01:00;15.2;0;SOLEIL;3;30.6;0
Laon;49.56;3.62;24/07/2026;02:00;13.4;0;SOLEIL;5;29.5;0
Laon;49.56;3.62;24/07/2026;03:00;13.4;0;SOLEIL;5;27.4;0
Laon;49.56;3.62;24/07/2026;04:00;13.4;0;SOLEIL;5;24.5;0
Laon;49.56;3.62;24/07/2026;05:00;16.6;0;SOLEIL;2;21.2;0
Laon;49.56;3.62;24/07/2026;06:00;16.6;0;SOLEIL;2;18.0;0
Laon;49.56;3.62;24/07/2026;07:00;16.6;0;SOLEIL;2;15.1;0
Laon;49.56;3.62;24/07/2026;08:00;16.7;0;SOLEIL;5;13.3;0
Laon;49.56;3.62;24/07/2026;09:00;18.3;0;SOLEIL;5;12.6;0
Laon;49.56;3.62;24/07/2026;10:00;19.9;0;SOLEIL;5;12.2;0
Laon;49.56;3.62;24/07/2026;11:00;25.9;0;SOLEIL;3;12.6;0
Laon;49.56;3.62;24/07/2026;12:00;25.9;0;SOLEIL;3;13.0;0
Laon;49.56;3.62;24/07/2026;13:00;25.9;0;SOLEIL;3;13.7;0
Laon;49.56;3.62;24/07/2026;14:00;26.5;0;SOLEIL;5;14.0;0
Laon;49.56;3.62;24/07/2026;15:00;28.1;0;SOLEIL;5;14.4;0
Laon;49.56;3.62;24/07/2026;16:00;26.5;0;SOLEIL;5;14.8;0
Laon;49.56;3.62;24/07/2026;17:00;26;0;SOLEIL;2;15.1;0
Laon;49.56;3.62;24/07/2026;18:00;26;0;SOLEIL;2;15.1;0
Laon;49.56;3.62;24/07/2026;19:00;26;0;SOLEIL;2;15.5;0
Laon;49.56;3.62;24/07/2026;20:00;19.9;0;SOLEIL;5;15.8;0
Laon;49.56;3.62;24/07/2026;21:00;18.3;0;SOLEIL;5;15.8;0
Laon;49.56;3.62;24/07/2026;22:00;16.7;0;SOLEIL;5;16.2;0
Laon;49.56;3.62;24/07/2026;23:00;17.1;0;SOLEIL;2;16.2;0
Laon;49.56;3.62;25/07/2026;00:00;17.1;0;SOLEIL;2;16.2;0
Laon;49.56;3.62;25/07/2026;01:00;17.1;0;SOLEIL;2;16.2;0
Laon;49.56;3.62;25/07/2026;02:00;14.9;0;SOLEIL;5;16.6;0
Laon;49.56;3.62;25/07/2026;03:00;14.9;0;SOLEIL;5;16.9;0
Laon;49.56;3.62;25/07/2026;04:00;14.9;0;SOLEIL;5;16.9;0
Laon;49.56;3.62;25/07/2026;05:00;;0;SOLEIL;;17.3;0
Laon;49.56;3.62;25/07/2026;06:00;;0;SOLEIL;;17.6;0
Laon;49.56;3.62;25/07/2026;07:00;;0;SOLEIL;;18.7;0
Laon;49.56;3.62;25/07/2026;08:00;17.4;0;SOLEIL;5;20.2;0
Laon;49.56;3.62;25/07/2026;09:00;18.6;0;SOLEIL;5;22.7;0
Laon;49.56;3.62;25/07/2026;10:00;19.9;0;SOLEIL;5;26.3;0
Laon;49.56;3.62;25/07/2026;11:00;;0;SOLEIL;;30.2;0
Laon;49.56;3.62;25/07/2026;12:00;;0;SOLEIL;;34.2;0
Laon;49.56;3.62;25/07/2026;13:00;;0;SOLEIL;;37.4;0
Laon;49.56;3.62;25/07/2026;14:00;24.9;0;SOLEIL;5;40.0;0
Laon;49.56;3.62;25/07/2026;15:00;26.1;0;SOLEIL;5;41.4;0
Laon;49.56;3.62;25/07/2026;16:00;24.9;0;SOLEIL;5;41.8;0
Laon;49.56;3.62;25/07/2026;17:00;;0;SOLEIL;;42.1;0
Laon;49.56;3.62;25/07/2026;18:00;;0;SOLEIL;;41.8;0
Laon;49.56;3.62;25/07/2026;19:00;;0;SOLEIL;;41.8;0
Laon;49.56;3.62;25/07/2026;20:00;19.9;0;SOLEIL;5;41.8;0
Laon;49.56;3.62;25/07/2026;21:00;18.6;0;SOLEIL;5;42.1;0
Laon;49.56;3.62;25/07/2026;22:00;17.4;0;SOLEIL;5;42.8;0
Laon;49.56;3.62;25/07/2026;23:00;;0;SOLEIL;;43.2;0
Laon;49.56;3.62;26/07/2026;00:00;;0;SOLEIL;;43.6;0
Laon;49.56;3.62;26/07/2026;01:00;;0;SOLEIL;;43.2;0
Laon;49.56;3.62;26/07/2026;02:00;12.7;0;SOLEIL;5;42.5;0
Laon;49.56;3.62;26/07/2026;03:00;12.7;0;SOLEIL;5;40.3;0
Laon;49.56;3.62;26/07/2026;04:00;12.7;0;SOLEIL;5;37.1;0
Laon;49.56;3.62;26/07/2026;05:00;;0;SOLEIL;;33.5;0
Laon;49.56;3.62;26/07/2026;06:00;;0;SOLEIL;;29.9;0
Laon;49.56;3.62;26/07/2026;07:00;;0;SOLEIL;;27.4;0
Laon;49.56;3.62;26/07/2026;08:00;15.3;0;SOLEIL;5;26.3;0
Laon;49.56;3.62;26/07/2026;09:00;16.7;0;SOLEIL;5;27.4;0
Laon;49.56;3.62;26/07/2026;10:00;18.0;0;SOLEIL;5;29.9;0
Laon;49.56;3.62;26/07/2026;11:00;;0;SOLEIL;;33.5;0
Laon;49.56;3.62;26/07/2026;12:00;;0;SOLEIL;;37.4;0
Laon;49.56;3.62;26/07/2026;13:00;;0;SOLEIL;;40.7;0
Laon;49.56;3.62;26/07/2026;14:00;23.3;0;SOLEIL;5;42.8;0
Laon;49.56;3.62;26/07/2026;15:00;24.6;0;SOLEIL;5;43.9;0
Laon;49.56;3.62;26/07/2026;16:00;23.3;0;SOLEIL;5;44.6;0
Laon;49.56;3.62;26/07/2026;17:00;;0;SOLEIL;;44.6;0
Laon;49.56;3.62;26/07/2026;18:00;;0;SOLEIL;;44.6;0
Laon;49.56;3.62;26/07/2026;19:00;;0;SOLEIL;;44.3;0
Laon;49.56;3.62;26/07/2026;20:00;18.0;0;SOLEIL;5;43.6;0
Laon;49.56;3.62;26/07/2026;21:00;16.7;0;SOLEIL;5;42.8;0
Laon;49.56;3.62;26/07/2026;22:00;15.3;0;SOLEIL;5;41.4;0
Laon;49.56;3.62;26/07/2026;23:00;;6;AVERSES;;40.0;0
Laon;49.56;3.62;27/07/2026;00:00;;6;AVERSES;;38.5;0
Laon;49.56;3.62;27/07/2026;01:00;;6;AVERSES;;36.4;0
Laon;49.56;3.62;27/07/2026;02:00;13.6;6;AVERSES;5;34.2;0
Laon;49.56;3.62;27/07/2026;03:00;13.6;6;AVERSES;5;31.3;0
Laon;49.56;3.62;27/07/2026;04:00;13.6;6;AVERSES;5;27.4;0
Laon;49.56;3.62;27/07/2026;05:00;;6;AVERSES;;23.4;0
Laon;49.56;3.62;27/07/2026;06:00;;6;AVERSES;;19.8;0
Laon;49.56;3.62;27/07/2026;07:00;;6;AVERSES;;16.9;0
Laon;49.56;3.62;27/07/2026;08:00;15.8;6;AVERSES;5;15.8;0
Laon;49.56;3.62;27/07/2026;09:00;16.9;6;AVERSES;5;16.6;0
Laon;49.56;3.62;27/07/2026;10:00;18.0;6;AVERSES;5;19.1;0
Laon;49.56;3.62;27/07/2026;11:00;;6;AVERSES;;22.7;0
Laon;49.56;3.62;27/07/2026;12:00;;6;AVERSES;;26.3;0
Laon;49.56;3.62;27/07/2026;13:00;;6;AVERSES;;29.5;0
Laon;49.56;3.62;27/07/2026;14:00;22.4;6;AVERSES;5;31.7;0
Laon;49.56;3.62;27/07/2026;15:00;23.5;6;AVERSES;5;32.8;0
Laon;49.56;3.62;27/07/2026;16:00;22.4;6;AVERSES;5;33.1;0
Laon;49.56;3.62;27/07/2026;17:00;;6;AVERSES;;33.1;0
Laon;49.56;3.62;27/07/2026;18:00;;6;AVERSES;;33.1;0
Laon;49.56;3.62;27/07/2026;19:00;;6;AVERSES;;33.1;0
Laon;49.56;3.62;27/07/2026;20:00;18.0;6;AVERSES;5;33.5;0
Laon;49.56;3.62;27/07/2026;21:00;16.9;6;AVERSES;5;34.9;0
Laon;49.56;3.62;27/07/2026;22:00;15.8;6;AVERSES;5;36.7;0
Laon;49.56;3.62;27/07/2026;23:00;;6;AVERSES;;38.9;0
Laon;49.56;3.62;28/07/2026;00:00;;6;AVERSES;;40.7;0
Laon;49.56;3.62;28/07/2026;01:00;;6;AVERSES;;41.4;0
Laon;49.56;3.62;28/07/2026;02:00;13.7;6;AVERSES;5;41.0;0
Laon;49.56;3.62;28/07/2026;03:00;13.7;6;AVERSES;5;38.5;0
Laon;49.56;3.62;28/07/2026;04:00;13.7;6;AVERSES;5;34.2;0
Laon;49.56;3.62;28/07/2026;05:00;;6;AVERSES;;29.2;0
Laon;49.56;3.62;28/07/2026;06:00;;6;AVERSES;;24.1;0
Laon;49.56;3.62;28/07/2026;07:00;;6;AVERSES;;20.2;0
Laon;49.56;3.62;28/07/2026;08:00;16.3;6;AVERSES;5;18.0;0
Laon;49.56;3.62;28/07/2026;09:00;17.6;6;AVERSES;5;18.4;0
Laon;49.56;3.62;28/07/2026;10:00;18.9;6;AVERSES;5;20.5;0
Laon;49.56;3.62;28/07/2026;11:00;;6;AVERSES;;23.4;0
Laon;49.56;3.62;28/07/2026;12:00;;6;AVERSES;;27.0;0
Laon;49.56;3.62;28/07/2026;13:00;;6;AVERSES;;30.2;0
Laon;49.56;3.62;28/07/2026;14:00;24.1;6;AVERSES;5;32.0;0
Laon;49.56;3.62;28/07/2026;15:00;25.4;6;AVERSES;5;33.1;0
Laon;49.56;3.62;28/07/2026;16:00;24.1;6;AVERSES;5;33.8;0
Laon;49.56;3.62;28/07/2026;17:00;;6;AVERSES;;34.2;0
Laon;49.56;3.62;28/07/2026;18:00;;6;AVERSES;;34.2;0
Laon;49.56;3.62;28/07/2026;19:00;;6;AVERSES;;33.5;0
Laon;49.56;3.62;28/07/2026;20:00;18.9;6;AVERSES;5;32.4;0
Laon;49.56;3.62;28/07/2026;21:00;17.6;6;AVERSES;5;30.2;0
Laon;49.56;3.62;28/07/2026;22:00;16.3;6;AVERSES;5;27.4;0
Laon;49.56;3.62;28/07/2026;23:00;;6;AVERSES;;23.8;0
Laon;49.56;3.62;29/07/2026;00:00;;6;AVERSES;;20.2;0
Laon;49.56;3.62;29/07/2026;01:00;;6;AVERSES;;17.3;0
Laon;49.56;3.62;29/07/2026;02:00;13.4;6;AVERSES;5;15.5;0
Laon;49.56;3.62;29/07/2026;03:00;13.4;6;AVERSES;5;14.4;0
Laon;49.56;3.62;29/07/2026;04:00;13.4;6;AVERSES;5;14.0;0
Laon;49.56;3.62;29/07/2026;05:00;;6;AVERSES;;14.4;0
Laon;49.56;3.62;29/07/2026;06:00;;6;AVERSES;;15.1;0
Laon;49.56;3.62;29/07/2026;07:00;;6;AVERSES;;16.2;0
Laon;49.56;3.62;29/07/2026;08:00;16.3;6;AVERSES;5;18.4;0
Laon;49.56;3.62;29/07/2026;09:00;17.7;6;AVERSES;5;21.6;0
Laon;49.56;3.62;29/07/2026;10:00;19.2;6;AVERSES;5;25.9;0
Laon;49.56;3.62;29/07/2026;11:00;;6;AVERSES;;31.0;0
Laon;49.56;3.62;29/07/2026;12:00;;6;AVERSES;;36.0;0
Laon;49.56;3.62;29/07/2026;13:00;;6;AVERSES;;40.3;0
Laon;49.56;3.62;29/07/2026;14:00;25.0;6;AVERSES;5;43.6;0
Laon;49.56;3.62;29/07/2026;15:00;26.4;6;AVERSES;5;45.4;0
Laon;49.56;3.62;29/07/2026;16:00;25.0;6;AVERSES;5;46.8;0
Laon;49.56;3.62;29/07/2026;17:00;;6;AVERSES;;47.5;0
Laon;49.56;3.62;29/07/2026;18:00;;6;AVERSES;;47.2;0
Laon;49.56;3.62;29/07/2026;19:00;;6;AVERSES;;46.4;0
Laon;49.56;3.62;29/07/2026;20:00;19.2;6;AVERSES;5;45.0;0
Laon;49.56;3.62;29/07/2026;21:00;17.7;6;AVERSES;5;42.1;0
Laon;49.56;3.62;29/07/2026;22:00;16.3;6;AVERSES;5;38.2;0
Laon;49.56;3.62;29/07/2026;23:00;14.8;6;AVERSES;5;33.1;0
Laon;49.56;3.62;30/07/2026;00:00;12;0;SOLEIL;5;25.6;0
Laon;49.56;3.62;30/07/2026;01:00;12;0;SOLEIL;5;20.7;0
Laon;49.56;3.62;30/07/2026;02:00;12;0;SOLEIL;5;18.0;0
Laon;49.56;3.62;30/07/2026;03:00;12;0;SOLEIL;5;14.0;0
Laon;49.56;3.62;30/07/2026;04:00;12;0;SOLEIL;5;10.1;0
Laon;49.56;3.62;30/07/2026;05:00;12;0;SOLEIL;5;8.3;0
Laon;49.56;3.62;30/07/2026;06:00;12;0;SOLEIL;5;10.1;0
Laon;49.56;3.62;30/07/2026;07:00;13.1;0;SOLEIL;5;14.0;0
Laon;49.56;3.62;30/07/2026;08:00;14.2;0;SOLEIL;5;16.9;0
Laon;49.56;3.62;30/07/2026;09:00;15.3;0;SOLEIL;5;17.3;0
Laon;49.56;3.62;30/07/2026;10:00;16.4;0;SOLEIL;5;16.2;0
Laon;49.56;3.62;30/07/2026;11:00;17.6;0;SOLEIL;5;16.2;0
Laon;49.56;3.62;30/07/2026;12:00;18.7;0;SOLEIL;5;17.3;0
Laon;49.56;3.62;30/07/2026;13:00;19.8;0;SOLEIL;5;19.1;0
Laon;49.56;3.62;30/07/2026;14:00;20.9;0;SOLEIL;5;21.2;0
Laon;49.56;3.62;30/07/2026;15:00;22.0;0;SOLEIL;5;24.5;0
Laon;49.56;3.62;30/07/2026;16:00;20.9;0;SOLEIL;5;28.4;0
Laon;49.56;3.62;30/07/2026;17:00;19.8;0;SOLEIL;5;31.0;0
Laon;49.56;3.62;30/07/2026;18:00;18.7;0;SOLEIL;5;31.3;0
Laon;49.56;3.62;30/07/2026;19:00;17.6;0;SOLEIL;5;30.6;0
Laon;49.56;3.62;30/07/2026;20:00;16.4;0;SOLEIL;5;27.7;0
Laon;49.56;3.62;30/07/2026;21:00;15.3;0;SOLEIL;5;21.2;0
Laon;49.56;3.62;30/07/2026;22:00;14.2;0;SOLEIL;5;13.0;0
Laon;49.56;3.62;30/07/2026;23:00;13.1;0;SOLEIL;5;8.3;0
Laon;49.56;3.62;31/07/2026;00:00;12;0;SOLEIL;5;0.0;0
Laon;49.56;3.62;31/07/2026;01:00;12;0;SOLEIL;5;0.0;0
Laon;49.56;3.62;31/07/2026;02:00;12;0;SOLEIL;5;0.0;0
Laon;49.56;3.62;31/07/2026;03:00;12;0;SOLEIL;5;0.0;0
Laon;49.56;3.62;31/07/2026;04:00;12;0;SOLEIL;5;0.0;0
Laon;49.56;3.62;31/07/2026;05:00;12;0;SOLEIL;5;0.0;0
Laon;49.56;3.62;31/07/2026;06:00;12;0;SOLEIL;5;0.0;0
Laon;49.56;3.62;31/07/2026;07:00;13.1;0;SOLEIL;5;0.0;0
Laon;49.56;3.62;31/07/2026;08:00;14.2;0;SOLEIL;5;0.0;0
Laon;49.56;3.62;31/07/2026;09:00;15.3;0;SOLEIL;5;0.0;0
Laon;49.56;3.62;31/07/2026;10:00;16.4;0;SOLEIL;5;0.0;0
Laon;49.56;3.62;31/07/2026;11:00;17.6;0;SOLEIL;5;0.0;0
Laon;49.56;3.62;31/07/2026;12:00;18.7;0;SOLEIL;5;0.0;0
Laon;49.56;3.62;31/07/2026;13:00;19.8;0;SOLEIL;5;0.0;0
Laon;49.56;3.62;31/07/2026;14:00;20.9;0;SOLEIL;5;0.0;0
Laon;49.56;3.62;31/07/2026;15:00;22.0;0;SOLEIL;5;0.0;0
Laon;49.56;3.62;31/07/2026;16:00;20.9;0;SOLEIL;5;0.0;0
Laon;49.56;3.62;31/07/2026;17:00;19.8;0;SOLEIL;5;0.0;0
Laon;49.56;3.62;31/07/2026;18:00;18.7;0;SOLEIL;5;0.0;0
Laon;49.56;3.62;31/07/2026;19:00;17.6;0;SOLEIL;5;0.0;0
Laon;49.56;3.62;31/07/2026;20:00;16.4;0;SOLEIL;5;0.0;0
Laon;49.56;3.62;31/07/2026;21:00;15.3;0;SOLEIL;5;0.0;0
Laon;49.56;3.62;31/07/2026;22:00;14.2;0;SOLEIL;5;0.0;0
Laon;49.56;3.62;31/07/2026;23:00;13.1;0;SOLEIL;5;0.0;0
Saint-Quentin;49.85;3.29;16/07/2026;00:00;20.6;0;SOLEIL;2;25.9;0
Saint-Quentin;49.85;3.29;16/07/2026;01:00;20.4;0;SOLEIL;2;22.7;0
Saint-Quentin;49.85;3.29;16/07/2026;02:00;20.5;0;SOLEIL;2;16.6;0
Saint-Quentin;49.85;3.29;16/07/2026;03:00;19.6;0;SOLEIL;2;14.4;0
Saint-Quentin;49.85;3.29;16/07/2026;04:00;20.1;0;SOLEIL;2;14.8;0
Saint-Quentin;49.85;3.29;16/07/2026;05:00;20.9;0;SOLEIL;2;8.6;0
Saint-Quentin;49.85;3.29;16/07/2026;06:00;21.6;0;SOLEIL;2;11.5;0
Saint-Quentin;49.85;3.29;16/07/2026;07:00;23.1;0;SOLEIL;2;11.5;0
Saint-Quentin;49.85;3.29;16/07/2026;08:00;24.9;0;SOLEIL;2;14.4;0
Saint-Quentin;49.85;3.29;16/07/2026;09:00;26.1;0;SOLEIL;2;16.6;0
Saint-Quentin;49.85;3.29;16/07/2026;10:00;27.7;0;SOLEIL;2;20.5;0
Saint-Quentin;49.85;3.29;16/07/2026;11:00;29.1;0;SOLEIL;2;24.1;0
Saint-Quentin;49.85;3.29;16/07/2026;12:00;30.4;0;SOLEIL;2;25.9;0
Saint-Quentin;49.85;3.29;16/07/2026;13:00;30.2;2;NUAGEUX;2;25.9;0
Saint-Quentin;49.85;3.29;16/07/2026;14:00;29.2;10;ORAGEUX;2;23.8;4.9
Saint-Quentin;49.85;3.29;16/07/2026;15:00;28.9;10;ORAGEUX;3;46.4;0.8
Saint-Quentin;49.85;3.29;16/07/2026;16:00;28.5;10;ORAGEUX;3;33.8;0.3
Saint-Quentin;49.85;3.29;16/07/2026;17:00;28.1;2;NUAGEUX;3;52.9;0
Saint-Quentin;49.85;3.29;16/07/2026;18:00;27;2;NUAGEUX;3;36.4;0
Saint-Quentin;49.85;3.29;16/07/2026;19:00;23.9;2;NUAGEUX;3;19.1;0
Saint-Quentin;49.85;3.29;16/07/2026;20:00;22.1;2;NUAGEUX;4;13.0;0
Saint-Quentin;49.85;3.29;16/07/2026;21:00;21.6;2;NUAGEUX;2;12.2;0
Saint-Quentin;49.85;3.29;16/07/2026;22:00;19.9;2;NUAGEUX;2;13.3;0
Saint-Quentin;49.85;3.29;16/07/2026;23:00;19.5;2;NUAGEUX;2;12.6;0
Saint-Quentin;49.85;3.29;17/07/2026;00:00;19;2;NUAGEUX;2;15.1;0
Saint-Quentin;49.85;3.29;17/07/2026;01:00;19;2;NUAGEUX;2;14.0;0
Saint-Quentin;49.85;3.29;17/07/2026;02:00;17.9;10;ORAGEUX;2;13.7;0
Saint-Quentin;49.85;3.29;17/07/2026;03:00;17.9;10;ORAGEUX;2;15.1;0
Saint-Quentin;49.85;3.29;17/07/2026;04:00;17.9;10;ORAGEUX;2;12.2;0
Saint-Quentin;49.85;3.29;17/07/2026;05:00;18.6;10;ORAGEUX;3;14.8;0
Saint-Quentin;49.85;3.29;17/07/2026;06:00;18.6;10;ORAGEUX;3;15.8;0
Saint-Quentin;49.85;3.29;17/07/2026;07:00;18.6;10;ORAGEUX;3;20.2;0
Saint-Quentin;49.85;3.29;17/07/2026;08:00;22.7;10;ORAGEUX;3;20.5;0
Saint-Quentin;49.85;3.29;17/07/2026;09:00;22.7;10;ORAGEUX;3;23.4;0
Saint-Quentin;49.85;3.29;17/07/2026;10:00;22.7;10;ORAGEUX;3;23.4;0
Saint-Quentin;49.85;3.29;17/07/2026;11:00;25.1;0;SOLEIL;3;22.0;0
Saint-Quentin;49.85;3.29;17/07/2026;12:00;25.1;0;SOLEIL;3;20.9;0
Saint-Quentin;49.85;3.29;17/07/2026;13:00;25.1;0;SOLEIL;3;27.0;0
Saint-Quentin;49.85;3.29;17/07/2026;14:00;25.9;0;SOLEIL;4;27.4;0
Saint-Quentin;49.85;3.29;17/07/2026;15:00;25.9;0;SOLEIL;4;22.7;0
Saint-Quentin;49.85;3.29;17/07/2026;16:00;25.9;0;SOLEIL;4;29.9;0
Saint-Quentin;49.85;3.29;17/07/2026;17:00;24.2;0;SOLEIL;4;38.5;0
Saint-Quentin;49.85;3.29;17/07/2026;18:00;24.2;0;SOLEIL;4;29.2;0
Saint-Quentin;49.85;3.29;17/07/2026;19:00;24.2;0;SOLEIL;4;19.1;0
Saint-Quentin;49.85;3.29;17/07/2026;20:00;20.1;0;SOLEIL;4;20.2;0
Saint-Quentin;49.85;3.29;17/07/2026;21:00;20.1;0;SOLEIL;4;23.9;0
Saint-Quentin;49.85;3.29;17/07/2026;22:00;20.1;0;SOLEIL;4;22.0;0
Saint-Quentin;49.85;3.29;17/07/2026;23:00;16.9;0;SOLEIL;3;23.9;0
Saint-Quentin;49.85;3.29;18/07/2026;00:00;16.9;0;SOLEIL;3;19.1;0
Saint-Quentin;49.85;3.29;18/07/2026;01:00;16.9;0;SOLEIL;3;12.6;0
Saint-Quentin;49.85;3.29;18/07/2026;02:00;15.9;0;SOLEIL;3;14.4;0
Saint-Quentin;49.85;3.29;18/07/2026;03:00;15.9;0;SOLEIL;3;16.9;0
Saint-Quentin;49.85;3.29;18/07/2026;04:00;15.9;0;SOLEIL;3;16.9;0
Saint-Quentin;49.85;3.29;18/07/2026;05:00;16.9;0;SOLEIL;3;14.4;0
Saint-Quentin;49.85;3.29;18/07/2026;06:00;16.9;0;SOLEIL;3;14.0;0
Saint-Quentin;49.85;3.29;18/07/2026;07:00;16.9;0;SOLEIL;3;13.0;0
Saint-Quentin;49.85;3.29;18/07/2026;08:00;21.2;0;SOLEIL;4;16.9;0
Saint-Quentin;49.85;3.29;18/07/2026;09:00;21.2;0;SOLEIL;4;22.3;0
Saint-Quentin;49.85;3.29;18/07/2026;10:00;21.2;0;SOLEIL;4;25.2;0
Saint-Quentin;49.85;3.29;18/07/2026;11:00;24.6;0;SOLEIL;4;29.2;0
Saint-Quentin;49.85;3.29;18/07/2026;12:00;24.6;0;SOLEIL;4;31.7;0
Saint-Quentin;49.85;3.29;18/07/2026;13:00;24.6;0;SOLEIL;4;33.8;0
Saint-Quentin;49.85;3.29;18/07/2026;14:00;25.1;0;SOLEIL;5;33.8;0
Saint-Quentin;49.85;3.29;18/07/2026;15:00;25.1;0;SOLEIL;5;33.1;0
Saint-Quentin;49.85;3.29;18/07/2026;16:00;25.1;0;SOLEIL;5;32.8;0
Saint-Quentin;49.85;3.29;18/07/2026;17:00;22.6;0;SOLEIL;6;31.7;0
Saint-Quentin;49.85;3.29;18/07/2026;18:00;22.6;0;SOLEIL;6;34.6;0
Saint-Quentin;49.85;3.29;18/07/2026;19:00;22.6;0;SOLEIL;6;41.4;0
Saint-Quentin;49.85;3.29;18/07/2026;20:00;19.9;0;SOLEIL;5;41.0;0
Saint-Quentin;49.85;3.29;18/07/2026;21:00;18.7;0;SOLEIL;5;42.1;0
Saint-Quentin;49.85;3.29;18/07/2026;22:00;17.4;0;SOLEIL;5;42.5;0
Saint-Quentin;49.85;3.29;18/07/2026;23:00;15.9;0;SOLEIL;4;41.0;0
Saint-Quentin;49.85;3.29;19/07/2026;00:00;15.9;0;SOLEIL;4;37.4;0
Saint-Quentin;49.85;3.29;19/07/2026;01:00;15.9;0;SOLEIL;4;32.8;0
Saint-Quentin;49.85;3.29;19/07/2026;02:00;13.7;0;SOLEIL;5;28.4;0
Saint-Quentin;49.85;3.29;19/07/2026;03:00;13.7;0;SOLEIL;5;25.9;0
Saint-Quentin;49.85;3.29;19/07/2026;04:00;13.7;0;SOLEIL;5;23.8;0
Saint-Quentin;49.85;3.29;19/07/2026;05:00;15.7;0;SOLEIL;3;22.0;0
Saint-Quentin;49.85;3.29;19/07/2026;06:00;15.7;0;SOLEIL;3;19.8;0
Saint-Quentin;49.85;3.29;19/07/2026;07:00;15.7;0;SOLEIL;3;17.6;0
Saint-Quentin;49.85;3.29;19/07/2026;08:00;16.0;0;SOLEIL;5;17.6;0
Saint-Quentin;49.85;3.29;19/07/2026;09:00;17.1;0;SOLEIL;5;20.9;0
Saint-Quentin;49.85;3.29;19/07/2026;10:00;18.3;0;SOLEIL;5;26.3;0
Saint-Quentin;49.85;3.29;19/07/2026;11:00;22.1;2;NUAGEUX;4;30.2;0
Saint-Quentin;49.85;3.29;19/07/2026;12:00;22.1;2;NUAGEUX;4;31.7;0
Saint-Quentin;49.85;3.29;19/07/2026;13:00;22.1;2;NUAGEUX;4;32.0;0
Saint-Quentin;49.85;3.29;19/07/2026;14:00;22.9;0;SOLEIL;5;32.0;0
Saint-Quentin;49.85;3.29;19/07/2026;15:00;24.0;0;SOLEIL;5;32.4;0
Saint-Quentin;49.85;3.29;19/07/2026;16:00;22.9;0;SOLEIL;5;32.4;0
Saint-Quentin;49.85;3.29;19/07/2026;17:00;21.4;0;SOLEIL;5;32.8;0
Saint-Quentin;49.85;3.29;19/07/2026;18:00;21.4;0;SOLEIL;5;33.1;0
Saint-Quentin;49.85;3.29;19/07/2026;19:00;21.4;0;SOLEIL;5;33.5;0
Saint-Quentin;49.85;3.29;19/07/2026;20:00;18.3;0;SOLEIL;5;33.8;0
Saint-Quentin;49.85;3.29;19/07/2026;21:00;17.1;0;SOLEIL;5;34.2;0
Saint-Quentin;49.85;3.29;19/07/2026;22:00;16.0;0;SOLEIL;5;34.6;0
Saint-Quentin;49.85;3.29;19/07/2026;23:00;14.1;0;SOLEIL;3;33.8;0
Saint-Quentin;49.85;3.29;20/07/2026;00:00;14.1;0;SOLEIL;3;32.0;0
Saint-Quentin;49.85;3.29;20/07/2026;01:00;14.1;0;SOLEIL;3;29.5;0
Saint-Quentin;49.85;3.29;20/07/2026;02:00;12.2;0;SOLEIL;5;26.6;0
Saint-Quentin;49.85;3.29;20/07/2026;03:00;12.2;0;SOLEIL;5;23.8;0
Saint-Quentin;49.85;3.29;20/07/2026;04:00;12.2;0;SOLEIL;5;20.5;0
Saint-Quentin;49.85;3.29;20/07/2026;05:00;14.4;0;SOLEIL;3;18.0;0
Saint-Quentin;49.85;3.29;20/07/2026;06:00;14.4;0;SOLEIL;3;16.6;0
Saint-Quentin;49.85;3.29;20/07/2026;07:00;14.4;0;SOLEIL;3;15.8;0
Saint-Quentin;49.85;3.29;20/07/2026;08:00;14.7;0;SOLEIL;5;16.9;0
Saint-Quentin;49.85;3.29;20/07/2026;09:00;16.0;0;SOLEIL;5;20.5;0
Saint-Quentin;49.85;3.29;20/07/2026;10:00;17.2;0;SOLEIL;5;25.2;0
Saint-Quentin;49.85;3.29;20/07/2026;11:00;21;0;SOLEIL;4;29.5;0
Saint-Quentin;49.85;3.29;20/07/2026;12:00;21;0;SOLEIL;4;32.0;0
Saint-Quentin;49.85;3.29;20/07/2026;13:00;21;0;SOLEIL;4;33.5;0
Saint-Quentin;49.85;3.29;20/07/2026;14:00;22.2;0;SOLEIL;5;34.6;0
Saint-Quentin;49.85;3.29;20/07/2026;15:00;23.5;0;SOLEIL;5;35.3;0
Saint-Quentin;49.85;3.29;20/07/2026;16:00;22.2;0;SOLEIL;5;35.6;0
Saint-Quentin;49.85;3.29;20/07/2026;17:00;21.6;0;SOLEIL;4;35.3;0
Saint-Quentin;49.85;3.29;20/07/2026;18:00;21.6;0;SOLEIL;4;34.2;0
Saint-Quentin;49.85;3.29;20/07/2026;19:00;21.6;0;SOLEIL;4;32.8;0
Saint-Quentin;49.85;3.29;20/07/2026;20:00;17.2;0;SOLEIL;5;32.0;0
Saint-Quentin;49.85;3.29;20/07/2026;21:00;16.0;0;SOLEIL;5;32.4;0
Saint-Quentin;49.85;3.29;20/07/2026;22:00;14.7;0;SOLEIL;5;33.5;0
Saint-Quentin;49.85;3.29;20/07/2026;23:00;14.5;0;SOLEIL;3;33.8;0
Saint-Quentin;49.85;3.29;21/07/2026;00:00;14.5;0;SOLEIL;3;29.9;0
Saint-Quentin;49.85;3.29;21/07/2026;01:00;14.5;0;SOLEIL;3;29.2;0
Saint-Quentin;49.85;3.29;21/07/2026;02:00;13.2;0;SOLEIL;5;28.4;0
Saint-Quentin;49.85;3.29;21/07/2026;03:00;13.2;0;SOLEIL;5;27.4;0
Saint-Quentin;49.85;3.29;21/07/2026;04:00;13.2;0;SOLEIL;5;25.6;0
Saint-Quentin;49.85;3.29;21/07/2026;05:00;14.7;0;SOLEIL;3;24.1;0
Saint-Quentin;49.85;3.29;21/07/2026;06:00;14.7;0;SOLEIL;3;22.7;0
Saint-Quentin;49.85;3.29;21/07/2026;07:00;14.7;0;SOLEIL;3;21.6;0
Saint-Quentin;49.85;3.29;21/07/2026;08:00;15.7;0;SOLEIL;5;22.0;0
Saint-Quentin;49.85;3.29;21/07/2026;09:00;17.0;0;SOLEIL;5;23.4;0
Saint-Quentin;49.85;3.29;21/07/2026;10:00;18.3;0;SOLEIL;5;26.3;0
Saint-Quentin;49.85;3.29;21/07/2026;11:00;22.2;0;SOLEIL;4;29.9;0
Saint-Quentin;49.85;3.29;21/07/2026;12:00;22.2;0;SOLEIL;4;33.5;0
Saint-Quentin;49.85;3.29;21/07/2026;13:00;22.2;0;SOLEIL;4;36.4;0
Saint-Quentin;49.85;3.29;21/07/2026;14:00;23.3;0;SOLEIL;5;38.5;0
Saint-Quentin;49.85;3.29;21/07/2026;15:00;24.6;0;SOLEIL;5;39.6;0
Saint-Quentin;49.85;3.29;21/07/2026;16:00;23.3;0;SOLEIL;5;40.0;0
Saint-Quentin;49.85;3.29;21/07/2026;17:00;22.9;0;SOLEIL;4;40.0;0
Saint-Quentin;49.85;3.29;21/07/2026;18:00;22.9;0;SOLEIL;4;39.6;0
Saint-Quentin;49.85;3.29;21/07/2026;19:00;22.9;0;SOLEIL;4;39.2;0
Saint-Quentin;49.85;3.29;21/07/2026;20:00;18.3;0;SOLEIL;5;38.5;0
Saint-Quentin;49.85;3.29;21/07/2026;21:00;17.0;0;SOLEIL;5;37.8;0
Saint-Quentin;49.85;3.29;21/07/2026;22:00;15.7;0;SOLEIL;5;36.7;0
Saint-Quentin;49.85;3.29;21/07/2026;23:00;15.2;0;SOLEIL;3;35.6;0
Saint-Quentin;49.85;3.29;22/07/2026;00:00;15.2;0;SOLEIL;3;34.2;0
Saint-Quentin;49.85;3.29;22/07/2026;01:00;15.2;0;SOLEIL;3;32.8;0
Saint-Quentin;49.85;3.29;22/07/2026;02:00;13.7;0;SOLEIL;5;31.3;0
Saint-Quentin;49.85;3.29;22/07/2026;03:00;13.7;0;SOLEIL;5;29.5;0
Saint-Quentin;49.85;3.29;22/07/2026;04:00;13.7;0;SOLEIL;5;27.4;0
Saint-Quentin;49.85;3.29;22/07/2026;05:00;16;0;SOLEIL;2;25.2;0
Saint-Quentin;49.85;3.29;22/07/2026;06:00;16;0;SOLEIL;2;23.0;0
Saint-Quentin;49.85;3.29;22/07/2026;07:00;16;0;SOLEIL;2;21.6;0
Saint-Quentin;49.85;3.29;22/07/2026;08:00;16.5;0;SOLEIL;5;20.9;0
Saint-Quentin;49.85;3.29;22/07/2026;09:00;18.0;0;SOLEIL;5;21.2;0
Saint-Quentin;49.85;3.29;22/07/2026;10:00;19.4;0;SOLEIL;5;22.7;0
Saint-Quentin;49.85;3.29;22/07/2026;11:00;24.6;0;SOLEIL;3;24.1;0
Saint-Quentin;49.85;3.29;22/07/2026;12:00;24.6;0;SOLEIL;3;26.3;0
Saint-Quentin;49.85;3.29;22/07/2026;13:00;24.6;0;SOLEIL;3;28.1;0
Saint-Quentin;49.85;3.29;22/07/2026;14:00;25.1;0;SOLEIL;5;29.2;0
Saint-Quentin;49.85;3.29;22/07/2026;15:00;26.5;0;SOLEIL;5;29.9;0
Saint-Quentin;49.85;3.29;22/07/2026;16:00;25.1;0;SOLEIL;5;30.2;0
Saint-Quentin;49.85;3.29;22/07/2026;17:00;24;0;SOLEIL;4;30.6;0
Saint-Quentin;49.85;3.29;22/07/2026;18:00;24;0;SOLEIL;4;31.0;0
Saint-Quentin;49.85;3.29;22/07/2026;19:00;24;0;SOLEIL;4;30.6;0
Saint-Quentin;49.85;3.29;22/07/2026;20:00;19.4;0;SOLEIL;5;30.6;0
Saint-Quentin;49.85;3.29;22/07/2026;21:00;18.0;0;SOLEIL;5;30.2;0
Saint-Quentin;49.85;3.29;22/07/2026;22:00;16.5;0;SOLEIL;5;29.9;0
Saint-Quentin;49.85;3.29;22/07/2026;23:00;17.6;0;SOLEIL;3;29.2;0
Saint-Quentin;49.85;3.29;23/07/2026;00:00;17.6;0;SOLEIL;3;28.4;0
Saint-Quentin;49.85;3.29;23/07/2026;01:00;17.6;0;SOLEIL;3;27.4;0
Saint-Quentin;49.85;3.29;23/07/2026;02:00;15.5;0;SOLEIL;5;26.3;0
Saint-Quentin;49.85;3.29;23/07/2026;03:00;15.5;0;SOLEIL;5;24.5;0
Saint-Quentin;49.85;3.29;23/07/2026;04:00;15.5;0;SOLEIL;5;22.0;0
Saint-Quentin;49.85;3.29;23/07/2026;05:00;16.7;0;SOLEIL;2;19.1;0
Saint-Quentin;49.85;3.29;23/07/2026;06:00;16.7;0;SOLEIL;2;16.6;0
Saint-Quentin;49.85;3.29;23/07/2026;07:00;16.7;0;SOLEIL;2;14.8;0
Saint-Quentin;49.85;3.29;23/07/2026;08:00;18.1;0;SOLEIL;5;14.4;0
Saint-Quentin;49.85;3.29;23/07/2026;09:00;19.3;0;SOLEIL;5;15.5;0
Saint-Quentin;49.85;3.29;23/07/2026;10:00;20.6;0;SOLEIL;5;17.6;0
Saint-Quentin;49.85;3.29;23/07/2026;11:00;24.6;0;SOLEIL;4;20.9;0
Saint-Quentin;49.85;3.29;23/07/2026;12:00;24.6;0;SOLEIL;4;24.1;0
Saint-Quentin;49.85;3.29;23/07/2026;13:00;24.6;0;SOLEIL;4;27.0;0
Saint-Quentin;49.85;3.29;23/07/2026;14:00;25.7;0;SOLEIL;5;29.2;0
Saint-Quentin;49.85;3.29;23/07/2026;15:00;27.0;0;SOLEIL;5;30.2;0
Saint-Quentin;49.85;3.29;23/07/2026;16:00;25.7;0;SOLEIL;5;31.3;0
Saint-Quentin;49.85;3.29;23/07/2026;17:00;25.1;0;SOLEIL;4;31.7;0
Saint-Quentin;49.85;3.29;23/07/2026;18:00;25.1;0;SOLEIL;4;32.0;0
Saint-Quentin;49.85;3.29;23/07/2026;19:00;25.1;0;SOLEIL;4;32.0;0
Saint-Quentin;49.85;3.29;23/07/2026;20:00;20.6;0;SOLEIL;5;32.4;0
Saint-Quentin;49.85;3.29;23/07/2026;21:00;19.3;0;SOLEIL;5;33.1;0
Saint-Quentin;49.85;3.29;23/07/2026;22:00;18.1;0;SOLEIL;5;33.8;0
Saint-Quentin;49.85;3.29;23/07/2026;23:00;17.1;0;SOLEIL;3;34.6;0
Saint-Quentin;49.85;3.29;24/07/2026;00:00;17.1;0;SOLEIL;3;34.9;0
Saint-Quentin;49.85;3.29;24/07/2026;01:00;17.1;0;SOLEIL;3;34.9;0
Saint-Quentin;49.85;3.29;24/07/2026;02:00;15.5;0;SOLEIL;5;33.5;0
Saint-Quentin;49.85;3.29;24/07/2026;03:00;15.5;0;SOLEIL;5;30.6;0
Saint-Quentin;49.85;3.29;24/07/2026;04:00;15.5;0;SOLEIL;5;26.3;0
Saint-Quentin;49.85;3.29;24/07/2026;05:00;17.4;0;SOLEIL;2;21.2;0
Saint-Quentin;49.85;3.29;24/07/2026;06:00;17.4;0;SOLEIL;2;16.2;0
Saint-Quentin;49.85;3.29;24/07/2026;07:00;17.4;0;SOLEIL;2;11.9;0
Saint-Quentin;49.85;3.29;24/07/2026;08:00;18.2;0;SOLEIL;5;9.4;0
Saint-Quentin;49.85;3.29;24/07/2026;09:00;19.5;0;SOLEIL;5;8.6;0
Saint-Quentin;49.85;3.29;24/07/2026;10:00;20.9;0;SOLEIL;5;9.0;0
Saint-Quentin;49.85;3.29;24/07/2026;11:00;25.2;0;SOLEIL;4;10.4;0
Saint-Quentin;49.85;3.29;24/07/2026;12:00;25.2;0;SOLEIL;4;12.2;0
Saint-Quentin;49.85;3.29;24/07/2026;13:00;25.2;0;SOLEIL;4;14.0;0
Saint-Quentin;49.85;3.29;24/07/2026;14:00;26.3;0;SOLEIL;5;15.8;0
Saint-Quentin;49.85;3.29;24/07/2026;15:00;27.6;0;SOLEIL;5;17.6;0
Saint-Quentin;49.85;3.29;24/07/2026;16:00;26.3;0;SOLEIL;5;20.2;0
Saint-Quentin;49.85;3.29;24/07/2026;17:00;25.7;0;SOLEIL;4;22.7;0
Saint-Quentin;49.85;3.29;24/07/2026;18:00;25.7;0;SOLEIL;4;25.2;0
Saint-Quentin;49.85;3.29;24/07/2026;19:00;25.7;0;SOLEIL;4;27.0;0
Saint-Quentin;49.85;3.29;24/07/2026;20:00;20.9;0;SOLEIL;5;28.1;0
Saint-Quentin;49.85;3.29;24/07/2026;21:00;19.5;0;SOLEIL;5;27.7;0
Saint-Quentin;49.85;3.29;24/07/2026;22:00;18.2;0;SOLEIL;5;26.6;0
Saint-Quentin;49.85;3.29;24/07/2026;23:00;18.1;0;SOLEIL;3;24.8;0
Saint-Quentin;49.85;3.29;25/07/2026;00:00;18.1;0;SOLEIL;3;23.0;0
Saint-Quentin;49.85;3.29;25/07/2026;01:00;18.1;0;SOLEIL;3;21.2;0
Saint-Quentin;49.85;3.29;25/07/2026;02:00;15.9;0;SOLEIL;5;20.5;0
Saint-Quentin;49.85;3.29;25/07/2026;03:00;15.9;0;SOLEIL;5;20.5;0
Saint-Quentin;49.85;3.29;25/07/2026;04:00;15.9;0;SOLEIL;5;20.5;0
Saint-Quentin;49.85;3.29;25/07/2026;05:00;;0;SOLEIL;;21.2;0
Saint-Quentin;49.85;3.29;25/07/2026;06:00;;0;SOLEIL;;22.0;0
Saint-Quentin;49.85;3.29;25/07/2026;07:00;;0;SOLEIL;;23.0;0
Saint-Quentin;49.85;3.29;25/07/2026;08:00;18.0;0;SOLEIL;5;24.8;0
Saint-Quentin;49.85;3.29;25/07/2026;09:00;19.1;0;SOLEIL;5;27.4;0
Saint-Quentin;49.85;3.29;25/07/2026;10:00;20.1;0;SOLEIL;5;30.6;0
Saint-Quentin;49.85;3.29;25/07/2026;11:00;;0;SOLEIL;;34.2;0
Saint-Quentin;49.85;3.29;25/07/2026;12:00;;0;SOLEIL;;37.4;0
Saint-Quentin;49.85;3.29;25/07/2026;13:00;;0;SOLEIL;;40.7;0
Saint-Quentin;49.85;3.29;25/07/2026;14:00;24.3;0;SOLEIL;5;42.8;0
Saint-Quentin;49.85;3.29;25/07/2026;15:00;25.4;0;SOLEIL;5;43.9;0
Saint-Quentin;49.85;3.29;25/07/2026;16:00;24.3;0;SOLEIL;5;44.6;0
Saint-Quentin;49.85;3.29;25/07/2026;17:00;;0;SOLEIL;;44.6;0
Saint-Quentin;49.85;3.29;25/07/2026;18:00;;0;SOLEIL;;44.6;0
Saint-Quentin;49.85;3.29;25/07/2026;19:00;;0;SOLEIL;;44.3;0
Saint-Quentin;49.85;3.29;25/07/2026;20:00;20.1;0;SOLEIL;5;43.9;0
Saint-Quentin;49.85;3.29;25/07/2026;21:00;19.1;0;SOLEIL;5;43.6;0
Saint-Quentin;49.85;3.29;25/07/2026;22:00;18.0;0;SOLEIL;5;43.6;0
Saint-Quentin;49.85;3.29;25/07/2026;23:00;;0;SOLEIL;;42.8;0
Saint-Quentin;49.85;3.29;26/07/2026;00:00;;0;SOLEIL;;42.1;0
Saint-Quentin;49.85;3.29;26/07/2026;01:00;;0;SOLEIL;;41.0;0
Saint-Quentin;49.85;3.29;26/07/2026;02:00;14.6;0;SOLEIL;5;39.6;0
Saint-Quentin;49.85;3.29;26/07/2026;03:00;14.6;0;SOLEIL;5;37.1;0
Saint-Quentin;49.85;3.29;26/07/2026;04:00;14.6;0;SOLEIL;5;33.1;0
Saint-Quentin;49.85;3.29;26/07/2026;05:00;;0;SOLEIL;;28.8;0
Saint-Quentin;49.85;3.29;26/07/2026;06:00;;0;SOLEIL;;24.8;0
Saint-Quentin;49.85;3.29;26/07/2026;07:00;;0;SOLEIL;;22.3;0
Saint-Quentin;49.85;3.29;26/07/2026;08:00;16.7;0;SOLEIL;5;21.2;0
Saint-Quentin;49.85;3.29;26/07/2026;09:00;17.8;0;SOLEIL;5;22.7;0
Saint-Quentin;49.85;3.29;26/07/2026;10:00;18.8;0;SOLEIL;5;25.9;0
Saint-Quentin;49.85;3.29;26/07/2026;11:00;;0;SOLEIL;;30.2;0
Saint-Quentin;49.85;3.29;26/07/2026;12:00;;0;SOLEIL;;34.9;0
Saint-Quentin;49.85;3.29;26/07/2026;13:00;;0;SOLEIL;;38.9;0
Saint-Quentin;49.85;3.29;26/07/2026;14:00;23.0;0;SOLEIL;5;41.8;0
Saint-Quentin;49.85;3.29;26/07/2026;15:00;24.1;0;SOLEIL;5;43.2;0
Saint-Quentin;49.85;3.29;26/07/2026;16:00;23.0;0;SOLEIL;5;43.9;0
Saint-Quentin;49.85;3.29;26/07/2026;17:00;;0;SOLEIL;;44.3;0
Saint-Quentin;49.85;3.29;26/07/2026;18:00;;0;SOLEIL;;43.9;0
Saint-Quentin;49.85;3.29;26/07/2026;19:00;;0;SOLEIL;;43.6;0
Saint-Quentin;49.85;3.29;26/07/2026;20:00;18.8;0;SOLEIL;5;42.5;0
Saint-Quentin;49.85;3.29;26/07/2026;21:00;17.8;0;SOLEIL;5;41.0;0
Saint-Quentin;49.85;3.29;26/07/2026;22:00;16.7;0;SOLEIL;5;39.2;0
Saint-Quentin;49.85;3.29;26/07/2026;23:00;;6;AVERSES;;36.7;0
Saint-Quentin;49.85;3.29;27/07/2026;00:00;;6;AVERSES;;34.2;0
Saint-Quentin;49.85;3.29;27/07/2026;01:00;;6;AVERSES;;31.7;0
Saint-Quentin;49.85;3.29;27/07/2026;02:00;15.1;6;AVERSES;5;29.5;0
Saint-Quentin;49.85;3.29;27/07/2026;03:00;15.1;6;AVERSES;5;27.0;0
Saint-Quentin;49.85;3.29;27/07/2026;04:00;15.1;6;AVERSES;5;24.5;0
Saint-Quentin;49.85;3.29;27/07/2026;05:00;;6;AVERSES;;21.6;0
Saint-Quentin;49.85;3.29;27/07/2026;06:00;;6;AVERSES;;19.1;0
Saint-Quentin;49.85;3.29;27/07/2026;07:00;;6;AVERSES;;17.6;0
Saint-Quentin;49.85;3.29;27/07/2026;08:00;17.2;6;AVERSES;5;17.6;0
Saint-Quentin;49.85;3.29;27/07/2026;09:00;18.2;6;AVERSES;5;19.4;0
Saint-Quentin;49.85;3.29;27/07/2026;10:00;19.3;6;AVERSES;5;22.3;0
Saint-Quentin;49.85;3.29;27/07/2026;11:00;;6;AVERSES;;26.6;0
Saint-Quentin;49.85;3.29;27/07/2026;12:00;;6;AVERSES;;30.6;0
Saint-Quentin;49.85;3.29;27/07/2026;13:00;;6;AVERSES;;34.6;0
Saint-Quentin;49.85;3.29;27/07/2026;14:00;23.5;6;AVERSES;5;37.1;0
Saint-Quentin;49.85;3.29;27/07/2026;15:00;24.5;6;AVERSES;5;38.5;0
Saint-Quentin;49.85;3.29;27/07/2026;16:00;23.5;6;AVERSES;5;39.6;0
Saint-Quentin;49.85;3.29;27/07/2026;17:00;;6;AVERSES;;40.0;0
Saint-Quentin;49.85;3.29;27/07/2026;18:00;;6;AVERSES;;40.0;0
Saint-Quentin;49.85;3.29;27/07/2026;19:00;;6;AVERSES;;40.0;0
Saint-Quentin;49.85;3.29;27/07/2026;20:00;19.3;6;AVERSES;5;39.6;0
Saint-Quentin;49.85;3.29;27/07/2026;21:00;18.2;6;AVERSES;5;39.2;0
Saint-Quentin;49.85;3.29;27/07/2026;22:00;17.2;6;AVERSES;5;38.5;0
Saint-Quentin;49.85;3.29;27/07/2026;23:00;;6;AVERSES;;37.8;0
Saint-Quentin;49.85;3.29;28/07/2026;00:00;;6;AVERSES;;36.7;0
Saint-Quentin;49.85;3.29;28/07/2026;01:00;;6;AVERSES;;35.6;0
Saint-Quentin;49.85;3.29;28/07/2026;02:00;15.1;6;AVERSES;5;34.2;0
Saint-Quentin;49.85;3.29;28/07/2026;03:00;15.1;6;AVERSES;5;32.0;0
Saint-Quentin;49.85;3.29;28/07/2026;04:00;15.1;6;AVERSES;5;29.5;0
Saint-Quentin;49.85;3.29;28/07/2026;05:00;;6;AVERSES;;26.6;0
Saint-Quentin;49.85;3.29;28/07/2026;06:00;;6;AVERSES;;23.8;0
Saint-Quentin;49.85;3.29;28/07/2026;07:00;;6;AVERSES;;22.0;0
Saint-Quentin;49.85;3.29;28/07/2026;08:00;16.9;6;AVERSES;5;20.9;0
Saint-Quentin;49.85;3.29;28/07/2026;09:00;17.8;6;AVERSES;5;21.2;0
Saint-Quentin;49.85;3.29;28/07/2026;10:00;18.7;6;AVERSES;5;23.0;0
Saint-Quentin;49.85;3.29;28/07/2026;11:00;;6;AVERSES;;25.2;0
Saint-Quentin;49.85;3.29;28/07/2026;12:00;;6;AVERSES;;27.7;0
Saint-Quentin;49.85;3.29;28/07/2026;13:00;;6;AVERSES;;30.2;0
Saint-Quentin;49.85;3.29;28/07/2026;14:00;22.2;6;AVERSES;5;31.7;0
Saint-Quentin;49.85;3.29;28/07/2026;15:00;23.1;6;AVERSES;5;32.8;0
Saint-Quentin;49.85;3.29;28/07/2026;16:00;22.2;6;AVERSES;5;33.5;0
Saint-Quentin;49.85;3.29;28/07/2026;17:00;;6;AVERSES;;34.2;0
Saint-Quentin;49.85;3.29;28/07/2026;18:00;;6;AVERSES;;34.6;0
Saint-Quentin;49.85;3.29;28/07/2026;19:00;;6;AVERSES;;34.2;0
Saint-Quentin;49.85;3.29;28/07/2026;20:00;18.7;6;AVERSES;5;33.8;0
Saint-Quentin;49.85;3.29;28/07/2026;21:00;17.8;6;AVERSES;5;32.8;0
Saint-Quentin;49.85;3.29;28/07/2026;22:00;16.9;6;AVERSES;5;31.0;0
Saint-Quentin;49.85;3.29;28/07/2026;23:00;;6;AVERSES;;28.4;0
Saint-Quentin;49.85;3.29;29/07/2026;00:00;;6;AVERSES;;26.3;0
Saint-Quentin;49.85;3.29;29/07/2026;01:00;;6;AVERSES;;24.1;0
Saint-Quentin;49.85;3.29;29/07/2026;02:00;14.7;6;AVERSES;5;22.7;0
Saint-Quentin;49.85;3.29;29/07/2026;03:00;14.7;6;AVERSES;5;21.6;0
Saint-Quentin;49.85;3.29;29/07/2026;04:00;14.7;6;AVERSES;5;20.2;0
Saint-Quentin;49.85;3.29;29/07/2026;05:00;;6;AVERSES;;19.4;0
Saint-Quentin;49.85;3.29;29/07/2026;06:00;;6;AVERSES;;18.7;0
Saint-Quentin;49.85;3.29;29/07/2026;07:00;;6;AVERSES;;18.7;0
Saint-Quentin;49.85;3.29;29/07/2026;08:00;17.1;6;AVERSES;5;19.4;0
Saint-Quentin;49.85;3.29;29/07/2026;09:00;18.3;6;AVERSES;5;20.9;0
Saint-Quentin;49.85;3.29;29/07/2026;10:00;19.5;6;AVERSES;5;23.4;0
Saint-Quentin;49.85;3.29;29/07/2026;11:00;;6;AVERSES;;26.6;0
Saint-Quentin;49.85;3.29;29/07/2026;12:00;;6;AVERSES;;29.5;0
Saint-Quentin;49.85;3.29;29/07/2026;13:00;;6;AVERSES;;32.4;0
Saint-Quentin;49.85;3.29;29/07/2026;14:00;24.3;6;AVERSES;5;34.6;0
Saint-Quentin;49.85;3.29;29/07/2026;15:00;25.5;6;AVERSES;5;36.0;0
Saint-Quentin;49.85;3.29;29/07/2026;16:00;24.3;6;AVERSES;5;37.8;0
Saint-Quentin;49.85;3.29;29/07/2026;17:00;;6;AVERSES;;38.9;0
Saint-Quentin;49.85;3.29;29/07/2026;18:00;;6;AVERSES;;39.6;0
Saint-Quentin;49.85;3.29;29/07/2026;19:00;;6;AVERSES;;39.6;0
Saint-Quentin;49.85;3.29;29/07/2026;20:00;19.5;6;AVERSES;5;38.9;0
Saint-Quentin;49.85;3.29;29/07/2026;21:00;18.3;6;AVERSES;5;37.1;0
Saint-Quentin;49.85;3.29;29/07/2026;22:00;17.1;6;AVERSES;5;33.8;0
Saint-Quentin;49.85;3.29;29/07/2026;23:00;15.9;6;AVERSES;5;29.9;0
Saint-Quentin;49.85;3.29;30/07/2026;00:00;12;0;SOLEIL;5;26.9;0
Saint-Quentin;49.85;3.29;30/07/2026;01:00;12;0;SOLEIL;5;23.8;0
Saint-Quentin;49.85;3.29;30/07/2026;02:00;12;0;SOLEIL;5;22.4;0
Saint-Quentin;49.85;3.29;30/07/2026;03:00;12;0;SOLEIL;5;22.3;0
Saint-Quentin;49.85;3.29;30/07/2026;04:00;12;0;SOLEIL;5;22.7;0
Saint-Quentin;49.85;3.29;30/07/2026;05:00;12;0;SOLEIL;5;0.0;0
Saint-Quentin;49.85;3.29;30/07/2026;06:00;12;0;SOLEIL;5;0.0;0
Saint-Quentin;49.85;3.29;30/07/2026;07:00;13.1;0;SOLEIL;5;0.0;0
Saint-Quentin;49.85;3.29;30/07/2026;08:00;14.2;0;SOLEIL;5;0.0;0
Saint-Quentin;49.85;3.29;30/07/2026;09:00;15.3;0;SOLEIL;5;0.0;0
Saint-Quentin;49.85;3.29;30/07/2026;10:00;16.4;0;SOLEIL;5;0.0;0
Saint-Quentin;49.85;3.29;30/07/2026;11:00;17.6;0;SOLEIL;5;0.0;0
Saint-Quentin;49.85;3.29;30/07/2026;12:00;18.7;0;SOLEIL;5;0.0;0
Saint-Quentin;49.85;3.29;30/07/2026;13:00;19.8;0;SOLEIL;5;0.0;0
Saint-Quentin;49.85;3.29;30/07/2026;14:00;20.9;0;SOLEIL;5;0.0;0
Saint-Quentin;49.85;3.29;30/07/2026;15:00;22.0;0;SOLEIL;5;0.0;0
Saint-Quentin;49.85;3.29;30/07/2026;16:00;20.9;0;SOLEIL;5;0.0;0
Saint-Quentin;49.85;3.29;30/07/2026;17:00;19.8;0;SOLEIL;5;0.0;0
Saint-Quentin;49.85;3.29;30/07/2026;18:00;18.7;0;SOLEIL;5;0.0;0
Saint-Quentin;49.85;3.29;30/07/2026;19:00;17.6;0;SOLEIL;5;0.0;0
Saint-Quentin;49.85;3.29;30/07/2026;20:00;16.4;0;SOLEIL;5;0.0;0
Saint-Quentin;49.85;3.29;30/07/2026;21:00;15.3;0;SOLEIL;5;0.0;0
Saint-Quentin;49.85;3.29;30/07/2026;22:00;14.2;0;SOLEIL;5;0.0;0
Saint-Quentin;49.85;3.29;30/07/2026;23:00;13.1;0;SOLEIL;5;0.0;0
Saint-Quentin;49.85;3.29;31/07/2026;00:00;12;0;SOLEIL;5;0.0;0
Saint-Quentin;49.85;3.29;31/07/2026;01:00;12;0;SOLEIL;5;0.0;0
Saint-Quentin;49.85;3.29;31/07/2026;02:00;12;0;SOLEIL;5;0.0;0
Saint-Quentin;49.85;3.29;31/07/2026;03:00;12;0;SOLEIL;5;0.0;0
Saint-Quentin;49.85;3.29;31/07/2026;04:00;12;0;SOLEIL;5;0.0;0
Saint-Quentin;49.85;3.29;31/07/2026;05:00;12;0;SOLEIL;5;0.0;0
Saint-Quentin;49.85;3.29;31/07/2026;06:00;12;0;SOLEIL;5;0.0;0
Saint-Quentin;49.85;3.29;31/07/2026;07:00;13.1;0;SOLEIL;5;0.0;0
Saint-Quentin;49.85;3.29;31/07/2026;08:00;14.2;0;SOLEIL;5;0.0;0
Saint-Quentin;49.85;3.29;31/07/2026;09:00;15.3;0;SOLEIL;5;0.0;0
Saint-Quentin;49.85;3.29;31/07/2026;10:00;16.4;0;SOLEIL;5;0.0;0
Saint-Quentin;49.85;3.29;31/07/2026;11:00;17.6;0;SOLEIL;5;0.0;0
Saint-Quentin;49.85;3.29;31/07/2026;12:00;18.7;0;SOLEIL;5;0.0;0
Saint-Quentin;49.85;3.29;31/07/2026;13:00;19.8;0;SOLEIL;5;0.0;0
Saint-Quentin;49.85;3.29;31/07/2026;14:00;20.9;0;SOLEIL;5;0.0;0
Saint-Quentin;49.85;3.29;31/07/2026;15:00;22.0;0;SOLEIL;5;0.0;0
Saint-Quentin;49.85;3.29;31/07/2026;16:00;20.9;0;SOLEIL;5;0.0;0
Saint-Quentin;49.85;3.29;31/07/2026;17:00;19.8;0;SOLEIL;5;0.0;0
Saint-Quentin;49.85;3.29;31/07/2026;18:00;18.7;0;SOLEIL;5;0.0;0
Saint-Quentin;49.85;3.29;31/07/2026;19:00;17.6;0;SOLEIL;5;0.0;0
Saint-Quentin;49.85;3.29;31/07/2026;20:00;16.4;0;SOLEIL;5;0.0;0
Saint-Quentin;49.85;3.29;31/07/2026;21:00;15.3;0;SOLEIL;5;0.0;0
Saint-Quentin;49.85;3.29;31/07/2026;22:00;14.2;0;SOLEIL;5;0.0;0
Saint-Quentin;49.85;3.29;31/07/2026;23:00;13.1;0;SOLEIL;5;0.0;0
Soissons;49.38;3.32;16/07/2026;00:00;21.6;0;SOLEIL;3;29.2;0
Soissons;49.38;3.32;16/07/2026;01:00;20.7;0;SOLEIL;3;25.9;0
Soissons;49.38;3.32;16/07/2026;02:00;20.1;0;SOLEIL;3;27.4;0
Soissons;49.38;3.32;16/07/2026;03:00;19.4;0;SOLEIL;3;27.0;0
Soissons;49.38;3.32;16/07/2026;04:00;19.4;0;SOLEIL;3;19.8;0
Soissons;49.38;3.32;16/07/2026;05:00;19.4;0;SOLEIL;3;16.9;0
Soissons;49.38;3.32;16/07/2026;06:00;21.4;0;SOLEIL;3;17.3;0
Soissons;49.38;3.32;16/07/2026;07:00;23.1;0;SOLEIL;2;14.4;0
Soissons;49.38;3.32;16/07/2026;08:00;25.4;0;SOLEIL;3;16.6;0
Soissons;49.38;3.32;16/07/2026;09:00;26.6;0;SOLEIL;3;19.1;0
Soissons;49.38;3.32;16/07/2026;10:00;28.1;0;SOLEIL;3;23.4;0
Soissons;49.38;3.32;16/07/2026;11:00;29.6;0;SOLEIL;3;26.6;0
Soissons;49.38;3.32;16/07/2026;12:00;29.9;0;SOLEIL;3;29.9;0
Soissons;49.38;3.32;16/07/2026;13:00;30.2;0;SOLEIL;2;29.9;0
Soissons;49.38;3.32;16/07/2026;14:00;30.5;2;NUAGEUX;3;27.4;0
Soissons;49.38;3.32;16/07/2026;15:00;29.7;10;ORAGEUX;3;39.6;1.5
Soissons;49.38;3.32;16/07/2026;16:00;28.1;2;NUAGEUX;4;36.4;0
Soissons;49.38;3.32;16/07/2026;17:00;26.4;10;ORAGEUX;4;31.0;0.5
Soissons;49.38;3.32;16/07/2026;18:00;24.7;5;SOLEIL VOILÉ;4;58.7;0
Soissons;49.38;3.32;16/07/2026;19:00;23.6;0;SOLEIL;4;43.9;0
Soissons;49.38;3.32;16/07/2026;20:00;23.4;2;NUAGEUX;4;18.7;0
Soissons;49.38;3.32;16/07/2026;21:00;22.6;2;NUAGEUX;4;12.2;0
Soissons;49.38;3.32;16/07/2026;22:00;20.9;2;NUAGEUX;4;13.7;0
Soissons;49.38;3.32;16/07/2026;23:00;20.1;2;NUAGEUX;4;14.0;0
Soissons;49.38;3.32;17/07/2026;00:00;19.1;2;NUAGEUX;3;26.3;0
Soissons;49.38;3.32;17/07/2026;01:00;19.1;2;NUAGEUX;3;27.4;0
Soissons;49.38;3.32;17/07/2026;02:00;18.2;10;ORAGEUX;2;21.2;0
Soissons;49.38;3.32;17/07/2026;03:00;18.2;10;ORAGEUX;2;28.8;0
Soissons;49.38;3.32;17/07/2026;04:00;18.2;10;ORAGEUX;2;29.9;0
Soissons;49.38;3.32;17/07/2026;05:00;19.1;10;ORAGEUX;3;25.2;0
Soissons;49.38;3.32;17/07/2026;06:00;19.1;10;ORAGEUX;3;18.4;0
Soissons;49.38;3.32;17/07/2026;07:00;19.1;10;ORAGEUX;3;25.9;0
Soissons;49.38;3.32;17/07/2026;08:00;22.2;2;NUAGEUX;3;29.2;0
Soissons;49.38;3.32;17/07/2026;09:00;22.2;2;NUAGEUX;3;30.6;0
Soissons;49.38;3.32;17/07/2026;10:00;22.2;2;NUAGEUX;3;29.9;0
Soissons;49.38;3.32;17/07/2026;11:00;25.1;0;SOLEIL;4;29.9;0
Soissons;49.38;3.32;17/07/2026;12:00;25.1;0;SOLEIL;4;28.8;0
Soissons;49.38;3.32;17/07/2026;13:00;25.1;0;SOLEIL;4;24.8;0
Soissons;49.38;3.32;17/07/2026;14:00;25.6;0;SOLEIL;4;20.5;0
Soissons;49.38;3.32;17/07/2026;15:00;25.6;0;SOLEIL;4;30.6;0
Soissons;49.38;3.32;17/07/2026;16:00;25.6;0;SOLEIL;4;25.2;0
Soissons;49.38;3.32;17/07/2026;17:00;24.6;0;SOLEIL;5;18.0;0
Soissons;49.38;3.32;17/07/2026;18:00;24.6;0;SOLEIL;5;19.8;0
Soissons;49.38;3.32;17/07/2026;19:00;24.6;0;SOLEIL;5;26.3;0
Soissons;49.38;3.32;17/07/2026;20:00;21.1;0;SOLEIL;4;30.2;0
Soissons;49.38;3.32;17/07/2026;21:00;21.1;0;SOLEIL;4;34.1;0
Soissons;49.38;3.32;17/07/2026;22:00;21.1;0;SOLEIL;4;30.1;0
Soissons;49.38;3.32;17/07/2026;23:00;18.1;0;SOLEIL;3;19.6;0
Soissons;49.38;3.32;18/07/2026;00:00;18.1;0;SOLEIL;3;11.5;0
Soissons;49.38;3.32;18/07/2026;01:00;18.1;0;SOLEIL;3;20.2;0
Soissons;49.38;3.32;18/07/2026;02:00;16.4;0;SOLEIL;3;20.9;0
Soissons;49.38;3.32;18/07/2026;03:00;16.4;0;SOLEIL;3;21.2;0
Soissons;49.38;3.32;18/07/2026;04:00;16.4;0;SOLEIL;3;19.8;0
Soissons;49.38;3.32;18/07/2026;05:00;17.1;0;SOLEIL;3;16.9;0
Soissons;49.38;3.32;18/07/2026;06:00;17.1;0;SOLEIL;3;16.2;0
Soissons;49.38;3.32;18/07/2026;07:00;17.1;0;SOLEIL;3;14.4;0
Soissons;49.38;3.32;18/07/2026;08:00;21;0;SOLEIL;4;19.1;0
Soissons;49.38;3.32;18/07/2026;09:00;21;0;SOLEIL;4;22.0;0
Soissons;49.38;3.32;18/07/2026;10:00;21;0;SOLEIL;4;25.6;0
Soissons;49.38;3.32;18/07/2026;11:00;24.5;0;SOLEIL;4;29.5;0
Soissons;49.38;3.32;18/07/2026;12:00;24.5;0;SOLEIL;4;31.7;0
Soissons;49.38;3.32;18/07/2026;13:00;24.5;0;SOLEIL;4;32.0;0
Soissons;49.38;3.32;18/07/2026;14:00;24.9;0;SOLEIL;5;31.7;0
Soissons;49.38;3.32;18/07/2026;15:00;24.9;0;SOLEIL;5;30.6;0
Soissons;49.38;3.32;18/07/2026;16:00;24.9;0;SOLEIL;5;32.0;0
Soissons;49.38;3.32;18/07/2026;17:00;22.5;0;SOLEIL;6;38.5;0
Soissons;49.38;3.32;18/07/2026;18:00;22.5;0;SOLEIL;6;41.8;0
Soissons;49.38;3.32;18/07/2026;19:00;22.5;0;SOLEIL;6;41.4;0
Soissons;49.38;3.32;18/07/2026;20:00;20.3;0;SOLEIL;5;41.8;0
Soissons;49.38;3.32;18/07/2026;21:00;19.1;0;SOLEIL;5;42.8;0
Soissons;49.38;3.32;18/07/2026;22:00;18.0;0;SOLEIL;5;43.6;0
Soissons;49.38;3.32;18/07/2026;23:00;16.1;0;SOLEIL;3;42.1;0
Soissons;49.38;3.32;19/07/2026;00:00;16.1;0;SOLEIL;3;37.1;0
Soissons;49.38;3.32;19/07/2026;01:00;16.1;0;SOLEIL;3;29.5;0
Soissons;49.38;3.32;19/07/2026;02:00;14.2;0;SOLEIL;5;24.1;0
Soissons;49.38;3.32;19/07/2026;03:00;14.2;0;SOLEIL;5;22.0;0
Soissons;49.38;3.32;19/07/2026;04:00;14.2;0;SOLEIL;5;21.6;0
Soissons;49.38;3.32;19/07/2026;05:00;16.4;0;SOLEIL;3;21.2;0
Soissons;49.38;3.32;19/07/2026;06:00;16.4;0;SOLEIL;3;20.2;0
Soissons;49.38;3.32;19/07/2026;07:00;16.4;0;SOLEIL;3;19.8;0
Soissons;49.38;3.32;19/07/2026;08:00;16.5;0;SOLEIL;5;20.2;0
Soissons;49.38;3.32;19/07/2026;09:00;17.7;0;SOLEIL;5;23.0;0
Soissons;49.38;3.32;19/07/2026;10:00;18.8;0;SOLEIL;5;27.0;0
Soissons;49.38;3.32;19/07/2026;11:00;22.9;2;NUAGEUX;4;30.2;0
Soissons;49.38;3.32;19/07/2026;12:00;22.9;2;NUAGEUX;4;31.7;0
Soissons;49.38;3.32;19/07/2026;13:00;22.9;2;NUAGEUX;4;32.0;0
Soissons;49.38;3.32;19/07/2026;14:00;23.4;0;SOLEIL;5;32.4;0
Soissons;49.38;3.32;19/07/2026;15:00;24.6;0;SOLEIL;5;33.1;0
Soissons;49.38;3.32;19/07/2026;16:00;23.4;0;SOLEIL;5;33.5;0
Soissons;49.38;3.32;19/07/2026;17:00;21.7;0;SOLEIL;5;34.2;0
Soissons;49.38;3.32;19/07/2026;18:00;21.7;0;SOLEIL;5;34.9;0
Soissons;49.38;3.32;19/07/2026;19:00;21.7;0;SOLEIL;5;35.6;0
Soissons;49.38;3.32;19/07/2026;20:00;18.8;0;SOLEIL;5;36.4;0
Soissons;49.38;3.32;19/07/2026;21:00;17.7;0;SOLEIL;5;37.1;0
Soissons;49.38;3.32;19/07/2026;22:00;16.5;0;SOLEIL;5;37.4;0
Soissons;49.38;3.32;19/07/2026;23:00;15;0;SOLEIL;0;36.4;0
Soissons;49.38;3.32;20/07/2026;00:00;15;0;SOLEIL;0;33.5;0
Soissons;49.38;3.32;20/07/2026;01:00;15;0;SOLEIL;0;29.2;0
Soissons;49.38;3.32;20/07/2026;02:00;12.9;0;SOLEIL;5;25.2;0
Soissons;49.38;3.32;20/07/2026;03:00;12.9;0;SOLEIL;5;22.3;0
Soissons;49.38;3.32;20/07/2026;04:00;12.9;0;SOLEIL;5;19.8;0
Soissons;49.38;3.32;20/07/2026;05:00;15.4;0;SOLEIL;3;18.4;0
Soissons;49.38;3.32;20/07/2026;06:00;15.4;0;SOLEIL;3;17.3;0
Soissons;49.38;3.32;20/07/2026;07:00;15.4;0;SOLEIL;3;17.3;0
Soissons;49.38;3.32;20/07/2026;08:00;15.5;0;SOLEIL;5;18.4;0
Soissons;49.38;3.32;20/07/2026;09:00;16.8;0;SOLEIL;5;21.6;0
Soissons;49.38;3.32;20/07/2026;10:00;18.1;0;SOLEIL;5;26.3;0
Soissons;49.38;3.32;20/07/2026;11:00;22.2;2;NUAGEUX;4;29.5;0
Soissons;49.38;3.32;20/07/2026;12:00;22.2;2;NUAGEUX;4;30.6;0
Soissons;49.38;3.32;20/07/2026;13:00;22.2;2;NUAGEUX;4;31.0;0
Soissons;49.38;3.32;20/07/2026;14:00;23.2;0;SOLEIL;5;31.0;0
Soissons;49.38;3.32;20/07/2026;15:00;24.5;0;SOLEIL;5;31.7;0
Soissons;49.38;3.32;20/07/2026;16:00;23.2;0;SOLEIL;5;32.4;0
Soissons;49.38;3.32;20/07/2026;17:00;22.1;0;SOLEIL;5;33.1;0
Soissons;49.38;3.32;20/07/2026;18:00;22.1;0;SOLEIL;5;34.2;0
Soissons;49.38;3.32;20/07/2026;19:00;22.1;0;SOLEIL;5;35.3;0
Soissons;49.38;3.32;20/07/2026;20:00;18.1;0;SOLEIL;5;35.6;0
Soissons;49.38;3.32;20/07/2026;21:00;16.8;0;SOLEIL;5;35.3;0
Soissons;49.38;3.32;20/07/2026;22:00;15.5;0;SOLEIL;5;34.6;0
Soissons;49.38;3.32;20/07/2026;23:00;15.6;0;SOLEIL;3;33.8;0
Soissons;49.38;3.32;21/07/2026;00:00;15.6;0;SOLEIL;3;32.4;0
Soissons;49.38;3.32;21/07/2026;01:00;15.6;0;SOLEIL;3;31.3;0
Soissons;49.38;3.32;21/07/2026;02:00;14.1;0;SOLEIL;5;30.6;0
Soissons;49.38;3.32;21/07/2026;03:00;14.1;0;SOLEIL;5;29.9;0
Soissons;49.38;3.32;21/07/2026;04:00;14.1;0;SOLEIL;5;29.2;0
Soissons;49.38;3.32;21/07/2026;05:00;16.1;0;SOLEIL;3;28.4;0
Soissons;49.38;3.32;21/07/2026;06:00;16.1;0;SOLEIL;3;27.7;0
Soissons;49.38;3.32;21/07/2026;07:00;16.1;0;SOLEIL;3;27.4;0
Soissons;49.38;3.32;21/07/2026;08:00;16.6;0;SOLEIL;5;27.7;0
Soissons;49.38;3.32;21/07/2026;09:00;17.9;0;SOLEIL;5;28.4;0
Soissons;49.38;3.32;21/07/2026;10:00;19.1;0;SOLEIL;5;29.9;0
Soissons;49.38;3.32;21/07/2026;11:00;23.4;0;SOLEIL;4;31.7;0
Soissons;49.38;3.32;21/07/2026;12:00;23.4;0;SOLEIL;4;33.5;0
Soissons;49.38;3.32;21/07/2026;13:00;23.4;0;SOLEIL;4;34.9;0
Soissons;49.38;3.32;21/07/2026;14:00;24.1;0;SOLEIL;5;36.0;0
Soissons;49.38;3.32;21/07/2026;15:00;25.4;0;SOLEIL;5;36.4;0
Soissons;49.38;3.32;21/07/2026;16:00;24.1;0;SOLEIL;5;36.4;0
Soissons;49.38;3.32;21/07/2026;17:00;23.4;0;SOLEIL;5;36.4;0
Soissons;49.38;3.32;21/07/2026;18:00;23.4;0;SOLEIL;5;36.0;0
Soissons;49.38;3.32;21/07/2026;19:00;23.4;0;SOLEIL;5;35.6;0
Soissons;49.38;3.32;21/07/2026;20:00;19.1;0;SOLEIL;5;35.3;0
Soissons;49.38;3.32;21/07/2026;21:00;17.9;0;SOLEIL;5;34.9;0
Soissons;49.38;3.32;21/07/2026;22:00;16.6;0;SOLEIL;5;34.6;0
Soissons;49.38;3.32;21/07/2026;23:00;17.1;0;SOLEIL;3;34.2;0
Soissons;49.38;3.32;22/07/2026;00:00;17.1;0;SOLEIL;3;33.8;0
Soissons;49.38;3.32;22/07/2026;01:00;17.1;0;SOLEIL;3;33.1;0
Soissons;49.38;3.32;22/07/2026;02:00;14.9;0;SOLEIL;5;32.0;0
Soissons;49.38;3.32;22/07/2026;03:00;14.9;0;SOLEIL;5;30.2;0
Soissons;49.38;3.32;22/07/2026;04:00;14.9;0;SOLEIL;5;28.1;0
Soissons;49.38;3.32;22/07/2026;05:00;16.6;0;SOLEIL;2;25.2;0
Soissons;49.38;3.32;22/07/2026;06:00;16.6;0;SOLEIL;2;23.0;0
Soissons;49.38;3.32;22/07/2026;07:00;16.6;0;SOLEIL;2;20.9;0
Soissons;49.38;3.32;22/07/2026;08:00;17.7;0;SOLEIL;5;20.2;0
Soissons;49.38;3.32;22/07/2026;09:00;19.1;0;SOLEIL;5;20.5;0
Soissons;49.38;3.32;22/07/2026;10:00;20.5;0;SOLEIL;5;22.0;0
Soissons;49.38;3.32;22/07/2026;11:00;25.2;0;SOLEIL;3;23.8;0
Soissons;49.38;3.32;22/07/2026;12:00;25.2;0;SOLEIL;3;25.9;0
Soissons;49.38;3.32;22/07/2026;13:00;25.2;0;SOLEIL;3;27.7;0
Soissons;49.38;3.32;22/07/2026;14:00;26.2;0;SOLEIL;5;29.2;0
Soissons;49.38;3.32;22/07/2026;15:00;27.6;0;SOLEIL;5;29.9;0
Soissons;49.38;3.32;22/07/2026;16:00;26.2;0;SOLEIL;5;30.6;0
Soissons;49.38;3.32;22/07/2026;17:00;25.2;0;SOLEIL;4;31.0;0
Soissons;49.38;3.32;22/07/2026;18:00;25.2;0;SOLEIL;4;31.3;0
Soissons;49.38;3.32;22/07/2026;19:00;25.2;0;SOLEIL;4;31.3;0
Soissons;49.38;3.32;22/07/2026;20:00;20.5;0;SOLEIL;5;31.0;0
Soissons;49.38;3.32;22/07/2026;21:00;19.1;0;SOLEIL;5;30.2;0
Soissons;49.38;3.32;22/07/2026;22:00;17.7;0;SOLEIL;5;29.5;0
Soissons;49.38;3.32;22/07/2026;23:00;18.6;0;SOLEIL;3;28.4;0
Soissons;49.38;3.32;23/07/2026;00:00;18.6;0;SOLEIL;3;27.0;0
Soissons;49.38;3.32;23/07/2026;01:00;18.6;0;SOLEIL;3;25.6;0
Soissons;49.38;3.32;23/07/2026;02:00;16.1;0;SOLEIL;5;24.5;0
Soissons;49.38;3.32;23/07/2026;03:00;16.1;0;SOLEIL;5;23.0;0
Soissons;49.38;3.32;23/07/2026;04:00;16.1;0;SOLEIL;5;21.6;0
Soissons;49.38;3.32;23/07/2026;05:00;17.6;0;SOLEIL;3;19.8;0
Soissons;49.38;3.32;23/07/2026;06:00;17.6;0;SOLEIL;3;18.4;0
Soissons;49.38;3.32;23/07/2026;07:00;17.6;0;SOLEIL;3;17.3;0
Soissons;49.38;3.32;23/07/2026;08:00;18.8;0;SOLEIL;5;17.3;0
Soissons;49.38;3.32;23/07/2026;09:00;20.1;0;SOLEIL;5;18.0;0
Soissons;49.38;3.32;23/07/2026;10:00;21.4;0;SOLEIL;5;19.8;0
Soissons;49.38;3.32;23/07/2026;11:00;25.6;0;SOLEIL;4;22.3;0
Soissons;49.38;3.32;23/07/2026;12:00;25.6;0;SOLEIL;4;24.5;0
Soissons;49.38;3.32;23/07/2026;13:00;25.6;0;SOLEIL;4;27.0;0
Soissons;49.38;3.32;23/07/2026;14:00;26.8;0;SOLEIL;5;29.2;0
Soissons;49.38;3.32;23/07/2026;15:00;28.1;0;SOLEIL;5;31.0;0
Soissons;49.38;3.32;23/07/2026;16:00;26.8;0;SOLEIL;5;33.1;0
Soissons;49.38;3.32;23/07/2026;17:00;26.1;0;SOLEIL;4;35.3;0
Soissons;49.38;3.32;23/07/2026;18:00;26.1;0;SOLEIL;4;37.1;0
Soissons;49.38;3.32;23/07/2026;19:00;26.1;0;SOLEIL;4;38.5;0
Soissons;49.38;3.32;23/07/2026;20:00;21.4;0;SOLEIL;5;39.2;0
Soissons;49.38;3.32;23/07/2026;21:00;20.1;0;SOLEIL;5;39.6;0
Soissons;49.38;3.32;23/07/2026;22:00;18.8;0;SOLEIL;5;39.6;0
Soissons;49.38;3.32;23/07/2026;23:00;18.4;0;SOLEIL;2;39.2;0
Soissons;49.38;3.32;24/07/2026;00:00;18.4;0;SOLEIL;2;38.5;0
Soissons;49.38;3.32;24/07/2026;01:00;18.4;0;SOLEIL;2;37.1;0
Soissons;49.38;3.32;24/07/2026;02:00;16;0;SOLEIL;5;35.3;0
Soissons;49.38;3.32;24/07/2026;03:00;16;0;SOLEIL;5;32.0;0
Soissons;49.38;3.32;24/07/2026;04:00;16;0;SOLEIL;5;27.7;0
Soissons;49.38;3.32;24/07/2026;05:00;17.6;0;SOLEIL;3;22.7;0
Soissons;49.38;3.32;24/07/2026;06:00;17.6;0;SOLEIL;3;17.6;0
Soissons;49.38;3.32;24/07/2026;07:00;17.6;0;SOLEIL;3;13.7;0
Soissons;49.38;3.32;24/07/2026;08:00;18.7;0;SOLEIL;5;11.5;0
Soissons;49.38;3.32;24/07/2026;09:00;20.0;0;SOLEIL;5;11.2;0
Soissons;49.38;3.32;24/07/2026;10:00;21.4;0;SOLEIL;5;12.2;0
Soissons;49.38;3.32;24/07/2026;11:00;25.7;0;SOLEIL;4;14.0;0
Soissons;49.38;3.32;24/07/2026;12:00;25.7;0;SOLEIL;4;16.6;0
Soissons;49.38;3.32;24/07/2026;13:00;25.7;0;SOLEIL;4;18.7;0
Soissons;49.38;3.32;24/07/2026;14:00;26.8;0;SOLEIL;5;20.5;0
Soissons;49.38;3.32;24/07/2026;15:00;28.1;0;SOLEIL;5;22.0;0
Soissons;49.38;3.32;24/07/2026;16:00;26.8;0;SOLEIL;5;23.0;0
Soissons;49.38;3.32;24/07/2026;17:00;26.4;0;SOLEIL;4;24.5;0
Soissons;49.38;3.32;24/07/2026;18:00;26.4;0;SOLEIL;4;25.6;0
Soissons;49.38;3.32;24/07/2026;19:00;26.4;0;SOLEIL;4;26.3;0
Soissons;49.38;3.32;24/07/2026;20:00;21.4;0;SOLEIL;5;27.0;0
Soissons;49.38;3.32;24/07/2026;21:00;20.0;0;SOLEIL;5;27.4;0
Soissons;49.38;3.32;24/07/2026;22:00;18.7;0;SOLEIL;5;27.0;0
Soissons;49.38;3.32;24/07/2026;23:00;19;0;SOLEIL;3;26.6;0
Soissons;49.38;3.32;25/07/2026;00:00;19;0;SOLEIL;3;26.3;0
Soissons;49.38;3.32;25/07/2026;01:00;19;0;SOLEIL;3;25.9;0
Soissons;49.38;3.32;25/07/2026;02:00;16.1;0;SOLEIL;5;25.6;0
Soissons;49.38;3.32;25/07/2026;03:00;16.1;0;SOLEIL;5;25.2;0
Soissons;49.38;3.32;25/07/2026;04:00;16.1;0;SOLEIL;5;24.5;0
Soissons;49.38;3.32;25/07/2026;05:00;;0;SOLEIL;;23.8;0
Soissons;49.38;3.32;25/07/2026;06:00;;0;SOLEIL;;23.4;0
Soissons;49.38;3.32;25/07/2026;07:00;;0;SOLEIL;;23.8;0
Soissons;49.38;3.32;25/07/2026;08:00;18.3;0;SOLEIL;5;24.8;0
Soissons;49.38;3.32;25/07/2026;09:00;19.4;0;SOLEIL;5;27.4;0
Soissons;49.38;3.32;25/07/2026;10:00;20.5;0;SOLEIL;5;30.6;0
Soissons;49.38;3.32;25/07/2026;11:00;;0;SOLEIL;;34.6;0
Soissons;49.38;3.32;25/07/2026;12:00;;0;SOLEIL;;38.9;0
Soissons;49.38;3.32;25/07/2026;13:00;;0;SOLEIL;;42.5;0
Soissons;49.38;3.32;25/07/2026;14:00;25.0;0;SOLEIL;5;45.0;0
Soissons;49.38;3.32;25/07/2026;15:00;26.1;0;SOLEIL;5;46.4;0
Soissons;49.38;3.32;25/07/2026;16:00;25.0;0;SOLEIL;5;47.5;0
Soissons;49.38;3.32;25/07/2026;17:00;;0;SOLEIL;;48.2;0
Soissons;49.38;3.32;25/07/2026;18:00;;0;SOLEIL;;48.2;0
Soissons;49.38;3.32;25/07/2026;19:00;;0;SOLEIL;;47.9;0
Soissons;49.38;3.32;25/07/2026;20:00;20.5;0;SOLEIL;5;47.5;0
Soissons;49.38;3.32;25/07/2026;21:00;19.4;0;SOLEIL;5;46.4;0
Soissons;49.38;3.32;25/07/2026;22:00;18.3;0;SOLEIL;5;45.4;0
Soissons;49.38;3.32;25/07/2026;23:00;;0;SOLEIL;;43.6;0
Soissons;49.38;3.32;26/07/2026;00:00;;0;SOLEIL;;41.8;0
Soissons;49.38;3.32;26/07/2026;01:00;;0;SOLEIL;;39.6;0
Soissons;49.38;3.32;26/07/2026;02:00;15.2;0;SOLEIL;5;37.4;0
Soissons;49.38;3.32;26/07/2026;03:00;15.2;0;SOLEIL;5;34.9;0
Soissons;49.38;3.32;26/07/2026;04:00;15.2;0;SOLEIL;5;31.7;0
Soissons;49.38;3.32;26/07/2026;05:00;;0;SOLEIL;;28.4;0
Soissons;49.38;3.32;26/07/2026;06:00;;0;SOLEIL;;25.6;0
Soissons;49.38;3.32;26/07/2026;07:00;;0;SOLEIL;;23.4;0
Soissons;49.38;3.32;26/07/2026;08:00;17.4;0;SOLEIL;5;23.0;0
Soissons;49.38;3.32;26/07/2026;09:00;18.5;0;SOLEIL;5;24.5;0
Soissons;49.38;3.32;26/07/2026;10:00;19.6;0;SOLEIL;5;27.7;0
Soissons;49.38;3.32;26/07/2026;11:00;;0;SOLEIL;;32.0;0
Soissons;49.38;3.32;26/07/2026;12:00;;0;SOLEIL;;36.4;0
Soissons;49.38;3.32;26/07/2026;13:00;;0;SOLEIL;;40.0;0
Soissons;49.38;3.32;26/07/2026;14:00;24.1;0;SOLEIL;5;42.5;0
Soissons;49.38;3.32;26/07/2026;15:00;25.2;0;SOLEIL;5;43.6;0
Soissons;49.38;3.32;26/07/2026;16:00;24.1;0;SOLEIL;5;44.3;0
Soissons;49.38;3.32;26/07/2026;17:00;;0;SOLEIL;;44.3;0
Soissons;49.38;3.32;26/07/2026;18:00;;0;SOLEIL;;43.9;0
Soissons;49.38;3.32;26/07/2026;19:00;;0;SOLEIL;;43.2;0
Soissons;49.38;3.32;26/07/2026;20:00;19.6;0;SOLEIL;5;42.5;0
Soissons;49.38;3.32;26/07/2026;21:00;18.5;0;SOLEIL;5;41.4;0
Soissons;49.38;3.32;26/07/2026;22:00;17.4;0;SOLEIL;5;40.0;0
Soissons;49.38;3.32;26/07/2026;23:00;;6;AVERSES;;38.5;0
Soissons;49.38;3.32;27/07/2026;00:00;;6;AVERSES;;36.4;0
Soissons;49.38;3.32;27/07/2026;01:00;;6;AVERSES;;34.6;0
Soissons;49.38;3.32;27/07/2026;02:00;15.7;6;AVERSES;5;32.4;0
Soissons;49.38;3.32;27/07/2026;03:00;15.7;6;AVERSES;5;29.9;0
Soissons;49.38;3.32;27/07/2026;04:00;15.7;6;AVERSES;5;26.6;0
Soissons;49.38;3.32;27/07/2026;05:00;;6;AVERSES;;23.0;0
Soissons;49.38;3.32;27/07/2026;06:00;;6;AVERSES;;20.2;0
Soissons;49.38;3.32;27/07/2026;07:00;;6;AVERSES;;18.4;0
Soissons;49.38;3.32;27/07/2026;08:00;18.0;6;AVERSES;5;18.0;0
Soissons;49.38;3.32;27/07/2026;09:00;19.1;6;AVERSES;5;20.2;0
Soissons;49.38;3.32;27/07/2026;10:00;20.2;6;AVERSES;5;24.1;0
Soissons;49.38;3.32;27/07/2026;11:00;;6;AVERSES;;29.2;0
Soissons;49.38;3.32;27/07/2026;12:00;;6;AVERSES;;34.2;0
Soissons;49.38;3.32;27/07/2026;13:00;;6;AVERSES;;38.9;0
Soissons;49.38;3.32;27/07/2026;14:00;24.8;6;AVERSES;5;41.8;0
Soissons;49.38;3.32;27/07/2026;15:00;25.9;6;AVERSES;5;43.2;0
Soissons;49.38;3.32;27/07/2026;16:00;24.8;6;AVERSES;5;43.2;0
Soissons;49.38;3.32;27/07/2026;17:00;;6;AVERSES;;42.8;0
Soissons;49.38;3.32;27/07/2026;18:00;;6;AVERSES;;42.1;0
Soissons;49.38;3.32;27/07/2026;19:00;;6;AVERSES;;41.4;0
Soissons;49.38;3.32;27/07/2026;20:00;20.2;6;AVERSES;5;40.7;0
Soissons;49.38;3.32;27/07/2026;21:00;19.1;6;AVERSES;5;40.3;0
Soissons;49.38;3.32;27/07/2026;22:00;18.0;6;AVERSES;5;40.0;0
Soissons;49.38;3.32;27/07/2026;23:00;;6;AVERSES;;39.6;0
Soissons;49.38;3.32;28/07/2026;00:00;;6;AVERSES;;39.2;0
Soissons;49.38;3.32;28/07/2026;01:00;;6;AVERSES;;38.2;0
Soissons;49.38;3.32;28/07/2026;02:00;15.5;6;AVERSES;5;37.1;0
Soissons;49.38;3.32;28/07/2026;03:00;15.5;6;AVERSES;5;34.9;0
Soissons;49.38;3.32;28/07/2026;04:00;15.5;6;AVERSES;5;32.0;0
Soissons;49.38;3.32;28/07/2026;05:00;;6;AVERSES;;28.8;0
Soissons;49.38;3.32;28/07/2026;06:00;;6;AVERSES;;25.9;0
Soissons;49.38;3.32;28/07/2026;07:00;;6;AVERSES;;23.8;0
Soissons;49.38;3.32;28/07/2026;08:00;17.5;6;AVERSES;5;22.7;0
Soissons;49.38;3.32;28/07/2026;09:00;18.5;6;AVERSES;5;23.4;0
Soissons;49.38;3.32;28/07/2026;10:00;19.5;6;AVERSES;5;25.6;0
Soissons;49.38;3.32;28/07/2026;11:00;;6;AVERSES;;28.4;0
Soissons;49.38;3.32;28/07/2026;12:00;;6;AVERSES;;31.7;0
Soissons;49.38;3.32;28/07/2026;13:00;;6;AVERSES;;34.6;0
Soissons;49.38;3.32;28/07/2026;14:00;23.6;6;AVERSES;5;36.4;0
Soissons;49.38;3.32;28/07/2026;15:00;24.6;6;AVERSES;5;37.4;0
Soissons;49.38;3.32;28/07/2026;16:00;23.6;6;AVERSES;5;38.2;0
Soissons;49.38;3.32;28/07/2026;17:00;;6;AVERSES;;38.5;0
Soissons;49.38;3.32;28/07/2026;18:00;;6;AVERSES;;38.5;0
Soissons;49.38;3.32;28/07/2026;19:00;;6;AVERSES;;37.8;0
Soissons;49.38;3.32;28/07/2026;20:00;19.5;6;AVERSES;5;37.1;0
Soissons;49.38;3.32;28/07/2026;21:00;18.5;6;AVERSES;5;35.6;0
Soissons;49.38;3.32;28/07/2026;22:00;17.5;6;AVERSES;5;33.5;0
Soissons;49.38;3.32;28/07/2026;23:00;;6;AVERSES;;30.6;0
Soissons;49.38;3.32;29/07/2026;00:00;;6;AVERSES;;28.1;0
Soissons;49.38;3.32;29/07/2026;01:00;;6;AVERSES;;25.2;0
Soissons;49.38;3.32;29/07/2026;02:00;15;6;AVERSES;5;23.0;0
Soissons;49.38;3.32;29/07/2026;03:00;15;6;AVERSES;5;20.9;0
Soissons;49.38;3.32;29/07/2026;04:00;15;6;AVERSES;5;18.4;0
Soissons;49.38;3.32;29/07/2026;05:00;;6;AVERSES;;16.2;0
Soissons;49.38;3.32;29/07/2026;06:00;;6;AVERSES;;14.4;0
Soissons;49.38;3.32;29/07/2026;07:00;;6;AVERSES;;13.3;0
Soissons;49.38;3.32;29/07/2026;08:00;17.5;6;AVERSES;5;13.7;0
Soissons;49.38;3.32;29/07/2026;09:00;18.7;6;AVERSES;5;15.8;0
Soissons;49.38;3.32;29/07/2026;10:00;19.9;6;AVERSES;5;19.4;0
Soissons;49.38;3.32;29/07/2026;11:00;;6;AVERSES;;24.1;0
Soissons;49.38;3.32;29/07/2026;12:00;;6;AVERSES;;28.8;0
Soissons;49.38;3.32;29/07/2026;13:00;;6;AVERSES;;33.1;0
Soissons;49.38;3.32;29/07/2026;14:00;24.9;6;AVERSES;5;36.0;0
Soissons;49.38;3.32;29/07/2026;15:00;26.1;6;AVERSES;5;37.8;0
Soissons;49.38;3.32;29/07/2026;16:00;24.9;6;AVERSES;5;39.2;0
Soissons;49.38;3.32;29/07/2026;17:00;;6;AVERSES;;40.0;0
Soissons;49.38;3.32;29/07/2026;18:00;;6;AVERSES;;40.3;0
Soissons;49.38;3.32;29/07/2026;19:00;;6;AVERSES;;40.0;0
Soissons;49.38;3.32;29/07/2026;20:00;19.9;6;AVERSES;5;38.5;0
Soissons;49.38;3.32;29/07/2026;21:00;18.7;6;AVERSES;5;36.0;0
Soissons;49.38;3.32;29/07/2026;22:00;17.5;6;AVERSES;5;31.7;0
Soissons;49.38;3.32;29/07/2026;23:00;16.2;6;AVERSES;5;27.0;0
Soissons;49.38;3.32;30/07/2026;00:00;12;0;SOLEIL;5;22.0;0
Soissons;49.38;3.32;30/07/2026;01:00;12;0;SOLEIL;5;16.9;0
Soissons;49.38;3.32;30/07/2026;02:00;12;0;SOLEIL;5;14.0;0
Soissons;49.38;3.32;30/07/2026;03:00;12;0;SOLEIL;5;13.0;0
Soissons;49.38;3.32;30/07/2026;04:00;12;0;SOLEIL;5;13.3;0
Soissons;49.38;3.32;30/07/2026;05:00;12;0;SOLEIL;5;0.0;0
Soissons;49.38;3.32;30/07/2026;06:00;12;0;SOLEIL;5;0.0;0
Soissons;49.38;3.32;30/07/2026;07:00;13.1;0;SOLEIL;5;0.0;0
Soissons;49.38;3.32;30/07/2026;08:00;14.2;0;SOLEIL;5;0.0;0
Soissons;49.38;3.32;30/07/2026;09:00;15.3;0;SOLEIL;5;0.0;0
Soissons;49.38;3.32;30/07/2026;10:00;16.4;0;SOLEIL;5;0.0;0
Soissons;49.38;3.32;30/07/2026;11:00;17.6;0;SOLEIL;5;0.0;0
Soissons;49.38;3.32;30/07/2026;12:00;18.7;0;SOLEIL;5;0.0;0
Soissons;49.38;3.32;30/07/2026;13:00;19.8;0;SOLEIL;5;0.0;0
Soissons;49.38;3.32;30/07/2026;14:00;20.9;0;SOLEIL;5;0.0;0
Soissons;49.38;3.32;30/07/2026;15:00;22.0;0;SOLEIL;5;0.0;0
Soissons;49.38;3.32;30/07/2026;16:00;20.9;0;SOLEIL;5;0.0;0
Soissons;49.38;3.32;30/07/2026;17:00;19.8;0;SOLEIL;5;0.0;0
Soissons;49.38;3.32;30/07/2026;18:00;18.7;0;SOLEIL;5;0.0;0
Soissons;49.38;3.32;30/07/2026;19:00;17.6;0;SOLEIL;5;0.0;0
Soissons;49.38;3.32;30/07/2026;20:00;16.4;0;SOLEIL;5;0.0;0
Soissons;49.38;3.32;30/07/2026;21:00;15.3;0;SOLEIL;5;0.0;0
Soissons;49.38;3.32;30/07/2026;22:00;14.2;0;SOLEIL;5;0.0;0
Soissons;49.38;3.32;30/07/2026;23:00;13.1;0;SOLEIL;5;0.0;0
Soissons;49.38;3.32;31/07/2026;00:00;12;0;SOLEIL;5;0.0;0
Soissons;49.38;3.32;31/07/2026;01:00;12;0;SOLEIL;5;0.0;0
Soissons;49.38;3.32;31/07/2026;02:00;12;0;SOLEIL;5;0.0;0
Soissons;49.38;3.32;31/07/2026;03:00;12;0;SOLEIL;5;0.0;0
Soissons;49.38;3.32;31/07/2026;04:00;12;0;SOLEIL;5;0.0;0
Soissons;49.38;3.32;31/07/2026;05:00;12;0;SOLEIL;5;0.0;0
Soissons;49.38;3.32;31/07/2026;06:00;12;0;SOLEIL;5;0.0;0
Soissons;49.38;3.32;31/07/2026;07:00;13.1;0;SOLEIL;5;0.0;0
Soissons;49.38;3.32;31/07/2026;08:00;14.2;0;SOLEIL;5;0.0;0
Soissons;49.38;3.32;31/07/2026;09:00;15.3;0;SOLEIL;5;0.0;0
Soissons;49.38;3.32;31/07/2026;10:00;16.4;0;SOLEIL;5;0.0;0
Soissons;49.38;3.32;31/07/2026;11:00;17.6;0;SOLEIL;5;0.0;0
Soissons;49.38;3.32;31/07/2026;12:00;18.7;0;SOLEIL;5;0.0;0
Soissons;49.38;3.32;31/07/2026;13:00;19.8;0;SOLEIL;5;0.0;0
Soissons;49.38;3.32;31/07/2026;14:00;20.9;0;SOLEIL;5;0.0;0
Soissons;49.38;3.32;31/07/2026;15:00;22.0;0;SOLEIL;5;0.0;0
Soissons;49.38;3.32;31/07/2026;16:00;20.9;0;SOLEIL;5;0.0;0
Soissons;49.38;3.32;31/07/2026;17:00;19.8;0;SOLEIL;5;0.0;0
Soissons;49.38;3.32;31/07/2026;18:00;18.7;0;SOLEIL;5;0.0;0
Soissons;49.38;3.32;31/07/2026;19:00;17.6;0;SOLEIL;5;0.0;0
Soissons;49.38;3.32;31/07/2026;20:00;16.4;0;SOLEIL;5;0.0;0
Soissons;49.38;3.32;31/07/2026;21:00;15.3;0;SOLEIL;5;0.0;0
Soissons;49.38;3.32;31/07/2026;22:00;14.2;0;SOLEIL;5;0.0;0
Soissons;49.38;3.32;31/07/2026;23:00;13.1;0;SOLEIL;5;0.0;0
Vervins;49.83;3.91;16/07/2026;00:00;22;0;SOLEIL;2;27.4;0
Vervins;49.83;3.91;16/07/2026;01:00;21.1;0;SOLEIL;2;25.9;0
Vervins;49.83;3.91;16/07/2026;02:00;19.9;0;SOLEIL;2;24.5;0
Vervins;49.83;3.91;16/07/2026;03:00;19.2;0;SOLEIL;2;23.4;0
Vervins;49.83;3.91;16/07/2026;04:00;18.9;0;SOLEIL;2;19.8;0
Vervins;49.83;3.91;16/07/2026;05:00;19.2;0;SOLEIL;2;9.7;0
Vervins;49.83;3.91;16/07/2026;06:00;21.4;0;SOLEIL;2;7.6;0
Vervins;49.83;3.91;16/07/2026;07:00;23.6;0;SOLEIL;2;10.1;0
Vervins;49.83;3.91;16/07/2026;08:00;25.7;0;SOLEIL;2;13.7;0
Vervins;49.83;3.91;16/07/2026;09:00;27.4;0;SOLEIL;2;18.7;0
Vervins;49.83;3.91;16/07/2026;10:00;29.1;0;SOLEIL;2;22.3;0
Vervins;49.83;3.91;16/07/2026;11:00;30.2;0;SOLEIL;2;27.0;0
Vervins;49.83;3.91;16/07/2026;12:00;31.6;0;SOLEIL;3;29.9;0
Vervins;49.83;3.91;16/07/2026;13:00;31.4;10;ORAGEUX;2;29.9;0.9
Vervins;49.83;3.91;16/07/2026;14:00;31.6;10;ORAGEUX;2;26.3;3.9
Vervins;49.83;3.91;16/07/2026;15:00;31.5;10;ORAGEUX;3;22.0;0.1
Vervins;49.83;3.91;16/07/2026;16:00;30.4;2;NUAGEUX;3;37.4;0
Vervins;49.83;3.91;16/07/2026;17:00;29.1;2;NUAGEUX;4;48.2;0
Vervins;49.83;3.91;16/07/2026;18:00;27.2;2;NUAGEUX;3;31.7;0
Vervins;49.83;3.91;16/07/2026;19:00;25.1;2;NUAGEUX;3;28.1;0
Vervins;49.83;3.91;16/07/2026;20:00;23.2;2;NUAGEUX;3;18.7;0
Vervins;49.83;3.91;16/07/2026;21:00;22.1;2;NUAGEUX;3;21.6;0
Vervins;49.83;3.91;16/07/2026;22:00;21.5;2;NUAGEUX;2;11.2;0
Vervins;49.83;3.91;16/07/2026;23:00;21.4;2;NUAGEUX;2;17.3;0
Vervins;49.83;3.91;17/07/2026;00:00;21.1;2;NUAGEUX;2;17.3;0
Vervins;49.83;3.91;17/07/2026;01:00;21.1;2;NUAGEUX;2;6.1;0
Vervins;49.83;3.91;17/07/2026;02:00;18.7;10;ORAGEUX;2;11.5;0
Vervins;49.83;3.91;17/07/2026;03:00;18.7;10;ORAGEUX;2;11.2;0
Vervins;49.83;3.91;17/07/2026;04:00;18.7;10;ORAGEUX;2;11.9;0
Vervins;49.83;3.91;17/07/2026;05:00;20.1;10;ORAGEUX;3;18.0;0
Vervins;49.83;3.91;17/07/2026;06:00;20.1;10;ORAGEUX;3;17.3;0
Vervins;49.83;3.91;17/07/2026;07:00;20.1;10;ORAGEUX;3;15.1;0
Vervins;49.83;3.91;17/07/2026;08:00;22.1;10;ORAGEUX;3;13.7;0
Vervins;49.83;3.91;17/07/2026;09:00;22.1;10;ORAGEUX;3;18.0;0
Vervins;49.83;3.91;17/07/2026;10:00;22.1;10;ORAGEUX;3;18.4;0
Vervins;49.83;3.91;17/07/2026;11:00;25.6;10;ORAGEUX;3;16.2;0
Vervins;49.83;3.91;17/07/2026;12:00;25.6;10;ORAGEUX;3;12.2;0
Vervins;49.83;3.91;17/07/2026;13:00;25.6;10;ORAGEUX;3;13.0;0
Vervins;49.83;3.91;17/07/2026;14:00;26.6;10;ORAGEUX;4;15.8;0
Vervins;49.83;3.91;17/07/2026;15:00;26.6;10;ORAGEUX;4;16.9;0
Vervins;49.83;3.91;17/07/2026;16:00;26.6;10;ORAGEUX;4;39.6;0
Vervins;49.83;3.91;17/07/2026;17:00;24.6;0;SOLEIL;4;36.0;0
Vervins;49.83;3.91;17/07/2026;18:00;24.6;0;SOLEIL;4;22.3;0
Vervins;49.83;3.91;17/07/2026;19:00;24.6;0;SOLEIL;4;20.5;0
Vervins;49.83;3.91;17/07/2026;20:00;20.5;0;SOLEIL;3;16.9;0
Vervins;49.83;3.91;17/07/2026;21:00;20.5;0;SOLEIL;3;24.8;0
Vervins;49.83;3.91;17/07/2026;22:00;20.5;0;SOLEIL;3;22.0;0
Vervins;49.83;3.91;17/07/2026;23:00;19;0;SOLEIL;3;18.8;0
Vervins;49.83;3.91;18/07/2026;00:00;19;0;SOLEIL;3;18.7;0
Vervins;49.83;3.91;18/07/2026;01:00;19;0;SOLEIL;3;14.4;0
Vervins;49.83;3.91;18/07/2026;02:00;16.1;0;SOLEIL;3;13.7;0
Vervins;49.83;3.91;18/07/2026;03:00;16.1;0;SOLEIL;3;16.2;0
Vervins;49.83;3.91;18/07/2026;04:00;16.1;0;SOLEIL;3;16.2;0
Vervins;49.83;3.91;18/07/2026;05:00;17.1;0;SOLEIL;2;13.7;0
Vervins;49.83;3.91;18/07/2026;06:00;17.1;0;SOLEIL;2;12.2;0
Vervins;49.83;3.91;18/07/2026;07:00;17.1;0;SOLEIL;2;13.3;0
Vervins;49.83;3.91;18/07/2026;08:00;22.6;0;SOLEIL;3;16.9;0
Vervins;49.83;3.91;18/07/2026;09:00;22.6;0;SOLEIL;3;17.6;0
Vervins;49.83;3.91;18/07/2026;10:00;22.6;0;SOLEIL;3;18.7;0
Vervins;49.83;3.91;18/07/2026;11:00;25.6;0;SOLEIL;4;21.6;0
Vervins;49.83;3.91;18/07/2026;12:00;25.6;0;SOLEIL;4;32.0;0
Vervins;49.83;3.91;18/07/2026;13:00;25.6;0;SOLEIL;4;32.0;0
Vervins;49.83;3.91;18/07/2026;14:00;26;0;SOLEIL;4;32.0;0
Vervins;49.83;3.91;18/07/2026;15:00;26;0;SOLEIL;4;32.8;0
Vervins;49.83;3.91;18/07/2026;16:00;26;0;SOLEIL;4;32.8;0
Vervins;49.83;3.91;18/07/2026;17:00;23.1;0;SOLEIL;5;33.1;0
Vervins;49.83;3.91;18/07/2026;18:00;23.1;0;SOLEIL;5;33.5;0
Vervins;49.83;3.91;18/07/2026;19:00;23.1;0;SOLEIL;5;32.8;0
Vervins;49.83;3.91;18/07/2026;20:00;20.5;0;SOLEIL;5;42.8;0
Vervins;49.83;3.91;18/07/2026;21:00;19.1;0;SOLEIL;5;44.3;0
Vervins;49.83;3.91;18/07/2026;22:00;17.8;0;SOLEIL;5;44.6;0
Vervins;49.83;3.91;18/07/2026;23:00;16.1;0;SOLEIL;3;43.2;0
Vervins;49.83;3.91;19/07/2026;00:00;16.1;0;SOLEIL;3;38.9;0
Vervins;49.83;3.91;19/07/2026;01:00;16.1;0;SOLEIL;3;32.4;0
Vervins;49.83;3.91;19/07/2026;02:00;13.5;0;SOLEIL;5;27.4;0
Vervins;49.83;3.91;19/07/2026;03:00;13.5;0;SOLEIL;5;24.1;0
Vervins;49.83;3.91;19/07/2026;04:00;13.5;0;SOLEIL;5;22.0;0
Vervins;49.83;3.91;19/07/2026;05:00;16.1;0;SOLEIL;3;20.5;0
Vervins;49.83;3.91;19/07/2026;06:00;16.1;0;SOLEIL;3;19.1;0
Vervins;49.83;3.91;19/07/2026;07:00;16.1;0;SOLEIL;3;18.7;0
Vervins;49.83;3.91;19/07/2026;08:00;16.3;0;SOLEIL;5;19.4;0
Vervins;49.83;3.91;19/07/2026;09:00;17.7;0;SOLEIL;5;22.7;0
Vervins;49.83;3.91;19/07/2026;10:00;19.1;0;SOLEIL;5;27.7;0
Vervins;49.83;3.91;19/07/2026;11:00;24.2;2;NUAGEUX;4;31.3;0
Vervins;49.83;3.91;19/07/2026;12:00;24.2;2;NUAGEUX;4;32.8;0
Vervins;49.83;3.91;19/07/2026;13:00;24.2;2;NUAGEUX;4;32.8;0
Vervins;49.83;3.91;19/07/2026;14:00;24.8;0;SOLEIL;5;32.8;0
Vervins;49.83;3.91;19/07/2026;15:00;26.2;0;SOLEIL;5;32.8;0
Vervins;49.83;3.91;19/07/2026;16:00;24.8;0;SOLEIL;5;32.4;0
Vervins;49.83;3.91;19/07/2026;17:00;23.1;0;SOLEIL;5;32.0;0
Vervins;49.83;3.91;19/07/2026;18:00;23.1;0;SOLEIL;5;32.0;0
Vervins;49.83;3.91;19/07/2026;19:00;23.1;0;SOLEIL;5;32.4;0
Vervins;49.83;3.91;19/07/2026;20:00;19.1;0;SOLEIL;5;32.8;0
Vervins;49.83;3.91;19/07/2026;21:00;17.7;0;SOLEIL;5;33.1;0
Vervins;49.83;3.91;19/07/2026;22:00;16.3;0;SOLEIL;5;33.1;0
Vervins;49.83;3.91;19/07/2026;23:00;14.6;0;SOLEIL;3;33.1;0
Vervins;49.83;3.91;20/07/2026;00:00;14.6;0;SOLEIL;3;32.8;0
Vervins;49.83;3.91;20/07/2026;01:00;14.6;0;SOLEIL;3;32.0;0
Vervins;49.83;3.91;20/07/2026;02:00;12.1;0;SOLEIL;5;30.6;0
Vervins;49.83;3.91;20/07/2026;03:00;12.1;0;SOLEIL;5;27.4;0
Vervins;49.83;3.91;20/07/2026;04:00;12.1;0;SOLEIL;5;23.0;0
Vervins;49.83;3.91;20/07/2026;05:00;14.6;0;SOLEIL;3;19.8;0
Vervins;49.83;3.91;20/07/2026;06:00;14.6;0;SOLEIL;3;18.4;0
Vervins;49.83;3.91;20/07/2026;07:00;14.6;0;SOLEIL;3;17.6;0
Vervins;49.83;3.91;20/07/2026;08:00;15.2;0;SOLEIL;5;18.7;0
Vervins;49.83;3.91;20/07/2026;09:00;16.7;0;SOLEIL;5;22.3;0
Vervins;49.83;3.91;20/07/2026;10:00;18.2;0;SOLEIL;5;27.4;0
Vervins;49.83;3.91;20/07/2026;11:00;23.6;0;SOLEIL;4;31.0;0
Vervins;49.83;3.91;20/07/2026;12:00;23.6;0;SOLEIL;4;31.7;0
Vervins;49.83;3.91;20/07/2026;13:00;23.6;0;SOLEIL;4;31.0;0
Vervins;49.83;3.91;20/07/2026;14:00;24.4;0;SOLEIL;5;31.0;0
Vervins;49.83;3.91;20/07/2026;15:00;25.9;0;SOLEIL;5;32.4;0
Vervins;49.83;3.91;20/07/2026;16:00;24.4;0;SOLEIL;5;34.2;0
Vervins;49.83;3.91;20/07/2026;17:00;23.4;0;SOLEIL;5;35.3;0
Vervins;49.83;3.91;20/07/2026;18:00;23.4;0;SOLEIL;5;34.6;0
Vervins;49.83;3.91;20/07/2026;19:00;23.4;0;SOLEIL;5;33.1;0
Vervins;49.83;3.91;20/07/2026;20:00;18.2;0;SOLEIL;5;31.7;0
Vervins;49.83;3.91;20/07/2026;21:00;16.7;0;SOLEIL;5;31.0;0
Vervins;49.83;3.91;20/07/2026;22:00;15.2;0;SOLEIL;5;31.0;0
Vervins;49.83;3.91;20/07/2026;23:00;14.7;0;SOLEIL;3;30.6;0
Vervins;49.83;3.91;21/07/2026;00:00;14.7;0;SOLEIL;3;31.3;0
Vervins;49.83;3.91;21/07/2026;01:00;14.7;0;SOLEIL;3;31.0;0
Vervins;49.83;3.91;21/07/2026;02:00;13;0;SOLEIL;5;30.6;0
Vervins;49.83;3.91;21/07/2026;03:00;13;0;SOLEIL;5;29.5;0
Vervins;49.83;3.91;21/07/2026;04:00;13;0;SOLEIL;5;28.4;0
Vervins;49.83;3.91;21/07/2026;05:00;14.9;0;SOLEIL;3;27.0;0
Vervins;49.83;3.91;21/07/2026;06:00;14.9;0;SOLEIL;3;25.6;0
Vervins;49.83;3.91;21/07/2026;07:00;14.9;0;SOLEIL;3;24.5;0
Vervins;49.83;3.91;21/07/2026;08:00;16.0;0;SOLEIL;5;24.5;0
Vervins;49.83;3.91;21/07/2026;09:00;17.5;0;SOLEIL;5;25.2;0
Vervins;49.83;3.91;21/07/2026;10:00;19.0;0;SOLEIL;5;27.0;0
Vervins;49.83;3.91;21/07/2026;11:00;24;0;SOLEIL;4;28.8;0
Vervins;49.83;3.91;21/07/2026;12:00;24;0;SOLEIL;4;31.0;0
Vervins;49.83;3.91;21/07/2026;13:00;24;0;SOLEIL;4;33.1;0
Vervins;49.83;3.91;21/07/2026;14:00;25.1;0;SOLEIL;5;34.6;0
Vervins;49.83;3.91;21/07/2026;15:00;26.6;0;SOLEIL;5;36.0;0
Vervins;49.83;3.91;21/07/2026;16:00;25.1;0;SOLEIL;5;37.1;0
Vervins;49.83;3.91;21/07/2026;17:00;24.5;0;SOLEIL;4;38.2;0
Vervins;49.83;3.91;21/07/2026;18:00;24.5;0;SOLEIL;4;38.9;0
Vervins;49.83;3.91;21/07/2026;19:00;24.5;0;SOLEIL;4;39.2;0
Vervins;49.83;3.91;21/07/2026;20:00;19.0;0;SOLEIL;5;39.2;0
Vervins;49.83;3.91;21/07/2026;21:00;17.5;0;SOLEIL;5;38.2;0
Vervins;49.83;3.91;21/07/2026;22:00;16.0;0;SOLEIL;5;36.7;0
Vervins;49.83;3.91;21/07/2026;23:00;15.6;0;SOLEIL;3;34.6;0
Vervins;49.83;3.91;22/07/2026;00:00;15.6;0;SOLEIL;3;32.4;0
Vervins;49.83;3.91;22/07/2026;01:00;15.6;0;SOLEIL;3;30.2;0
Vervins;49.83;3.91;22/07/2026;02:00;13;0;SOLEIL;5;28.4;0
Vervins;49.83;3.91;22/07/2026;03:00;13;0;SOLEIL;5;27.0;0
Vervins;49.83;3.91;22/07/2026;04:00;13;0;SOLEIL;5;25.6;0
Vervins;49.83;3.91;22/07/2026;05:00;15.2;0;SOLEIL;3;24.1;0
Vervins;49.83;3.91;22/07/2026;06:00;15.2;0;SOLEIL;3;23.0;0
Vervins;49.83;3.91;22/07/2026;07:00;15.2;0;SOLEIL;3;22.3;0
Vervins;49.83;3.91;22/07/2026;08:00;16.6;0;SOLEIL;5;22.3;0
Vervins;49.83;3.91;22/07/2026;09:00;18.3;0;SOLEIL;5;23.0;0
Vervins;49.83;3.91;22/07/2026;10:00;20.1;0;SOLEIL;5;24.5;0
Vervins;49.83;3.91;22/07/2026;11:00;26.6;0;SOLEIL;3;26.3;0
Vervins;49.83;3.91;22/07/2026;12:00;26.6;0;SOLEIL;3;28.1;0
Vervins;49.83;3.91;22/07/2026;13:00;26.6;0;SOLEIL;3;29.9;0
Vervins;49.83;3.91;22/07/2026;14:00;27.2;0;SOLEIL;5;31.3;0
Vervins;49.83;3.91;22/07/2026;15:00;29.0;0;SOLEIL;5;32.4;0
Vervins;49.83;3.91;22/07/2026;16:00;27.2;0;SOLEIL;5;33.1;0
Vervins;49.83;3.91;22/07/2026;17:00;26.1;0;SOLEIL;4;33.8;0
Vervins;49.83;3.91;22/07/2026;18:00;26.1;0;SOLEIL;4;34.6;0
Vervins;49.83;3.91;22/07/2026;19:00;26.1;0;SOLEIL;4;34.6;0
Vervins;49.83;3.91;22/07/2026;20:00;20.1;0;SOLEIL;5;33.8;0
Vervins;49.83;3.91;22/07/2026;21:00;18.3;0;SOLEIL;5;32.4;0
Vervins;49.83;3.91;22/07/2026;22:00;16.6;0;SOLEIL;5;30.2;0
Vervins;49.83;3.91;22/07/2026;23:00;18.1;0;SOLEIL;3;27.7;0
Vervins;49.83;3.91;23/07/2026;00:00;18.1;0;SOLEIL;3;25.2;0
Vervins;49.83;3.91;23/07/2026;01:00;18.1;0;SOLEIL;3;22.7;0
Vervins;49.83;3.91;23/07/2026;02:00;15;0;SOLEIL;5;20.5;0
Vervins;49.83;3.91;23/07/2026;03:00;15;0;SOLEIL;5;18.4;0
Vervins;49.83;3.91;23/07/2026;04:00;15;0;SOLEIL;5;16.2;0
Vervins;49.83;3.91;23/07/2026;05:00;16.6;0;SOLEIL;3;14.0;0
Vervins;49.83;3.91;23/07/2026;06:00;16.6;0;SOLEIL;3;12.6;0
Vervins;49.83;3.91;23/07/2026;07:00;16.6;0;SOLEIL;3;11.5;0
Vervins;49.83;3.91;23/07/2026;08:00;18.3;0;SOLEIL;5;11.5;0
Vervins;49.83;3.91;23/07/2026;09:00;20.0;0;SOLEIL;5;13.0;0
Vervins;49.83;3.91;23/07/2026;10:00;21.6;0;SOLEIL;5;15.5;0
Vervins;49.83;3.91;23/07/2026;11:00;26.6;0;SOLEIL;4;18.4;0
Vervins;49.83;3.91;23/07/2026;12:00;26.6;0;SOLEIL;4;22.0;0
Vervins;49.83;3.91;23/07/2026;13:00;26.6;0;SOLEIL;4;24.8;0
Vervins;49.83;3.91;23/07/2026;14:00;28.2;0;SOLEIL;5;27.4;0
Vervins;49.83;3.91;23/07/2026;15:00;29.9;0;SOLEIL;5;29.2;0
Vervins;49.83;3.91;23/07/2026;16:00;28.2;0;SOLEIL;5;30.6;0
Vervins;49.83;3.91;23/07/2026;17:00;27.9;0;SOLEIL;4;31.7;0
Vervins;49.83;3.91;23/07/2026;18:00;27.9;0;SOLEIL;4;32.8;0
Vervins;49.83;3.91;23/07/2026;19:00;27.9;0;SOLEIL;4;33.5;0
Vervins;49.83;3.91;23/07/2026;20:00;21.6;0;SOLEIL;5;33.8;0
Vervins;49.83;3.91;23/07/2026;21:00;20.0;0;SOLEIL;5;34.2;0
Vervins;49.83;3.91;23/07/2026;22:00;18.3;0;SOLEIL;5;34.2;0
Vervins;49.83;3.91;23/07/2026;23:00;17.6;0;SOLEIL;2;33.8;0
Vervins;49.83;3.91;24/07/2026;00:00;17.6;0;SOLEIL;2;33.1;0
Vervins;49.83;3.91;24/07/2026;01:00;17.6;0;SOLEIL;2;32.0;0
Vervins;49.83;3.91;24/07/2026;02:00;14.6;0;SOLEIL;5;30.6;0
Vervins;49.83;3.91;24/07/2026;03:00;14.6;0;SOLEIL;5;28.1;0
Vervins;49.83;3.91;24/07/2026;04:00;14.6;0;SOLEIL;5;24.8;0
Vervins;49.83;3.91;24/07/2026;05:00;16.7;0;SOLEIL;2;20.9;0
Vervins;49.83;3.91;24/07/2026;06:00;16.7;0;SOLEIL;2;17.3;0
Vervins;49.83;3.91;24/07/2026;07:00;16.7;0;SOLEIL;2;14.0;0
Vervins;49.83;3.91;24/07/2026;08:00;18.0;0;SOLEIL;5;11.9;0
Vervins;49.83;3.91;24/07/2026;09:00;19.7;0;SOLEIL;5;11.2;0
Vervins;49.83;3.91;24/07/2026;10:00;21.4;0;SOLEIL;5;11.2;0
Vervins;49.83;3.91;24/07/2026;11:00;27.4;0;SOLEIL;4;11.5;0
Vervins;49.83;3.91;24/07/2026;12:00;27.4;0;SOLEIL;4;12.6;0
Vervins;49.83;3.91;24/07/2026;13:00;27.4;0;SOLEIL;4;13.3;0
Vervins;49.83;3.91;24/07/2026;14:00;28.3;0;SOLEIL;5;14.4;0
Vervins;49.83;3.91;24/07/2026;15:00;30.0;0;SOLEIL;5;15.5;0
Vervins;49.83;3.91;24/07/2026;16:00;28.3;0;SOLEIL;5;16.6;0
Vervins;49.83;3.91;24/07/2026;17:00;27.6;0;SOLEIL;2;18.0;0
Vervins;49.83;3.91;24/07/2026;18:00;27.6;0;SOLEIL;2;19.4;0
Vervins;49.83;3.91;24/07/2026;19:00;27.6;0;SOLEIL;2;20.5;0
Vervins;49.83;3.91;24/07/2026;20:00;21.4;0;SOLEIL;5;21.2;0
Vervins;49.83;3.91;24/07/2026;21:00;19.7;0;SOLEIL;5;21.6;0
Vervins;49.83;3.91;24/07/2026;22:00;18.0;0;SOLEIL;5;21.6;0
Vervins;49.83;3.91;24/07/2026;23:00;19.1;0;SOLEIL;3;21.6;0
Vervins;49.83;3.91;25/07/2026;00:00;19.1;0;SOLEIL;3;21.2;0
Vervins;49.83;3.91;25/07/2026;01:00;19.1;0;SOLEIL;3;21.2;0
Vervins;49.83;3.91;25/07/2026;02:00;16.2;0;SOLEIL;5;21.6;0
Vervins;49.83;3.91;25/07/2026;03:00;16.2;0;SOLEIL;5;22.0;0
Vervins;49.83;3.91;25/07/2026;04:00;16.2;0;SOLEIL;5;22.3;0
Vervins;49.83;3.91;25/07/2026;05:00;;0;SOLEIL;;23.0;0
Vervins;49.83;3.91;25/07/2026;06:00;;0;SOLEIL;;23.8;0
Vervins;49.83;3.91;25/07/2026;07:00;;0;SOLEIL;;24.8;0
Vervins;49.83;3.91;25/07/2026;08:00;18.7;0;SOLEIL;5;26.3;0
Vervins;49.83;3.91;25/07/2026;09:00;20.0;0;SOLEIL;5;28.4;0
Vervins;49.83;3.91;25/07/2026;10:00;21.2;0;SOLEIL;5;31.7;0
Vervins;49.83;3.91;25/07/2026;11:00;;0;SOLEIL;;34.9;0
Vervins;49.83;3.91;25/07/2026;12:00;;0;SOLEIL;;38.2;0
Vervins;49.83;3.91;25/07/2026;13:00;;0;SOLEIL;;41.0;0
Vervins;49.83;3.91;25/07/2026;14:00;26.2;0;SOLEIL;5;43.2;0
Vervins;49.83;3.91;25/07/2026;15:00;27.5;0;SOLEIL;5;44.3;0
Vervins;49.83;3.91;25/07/2026;16:00;26.2;0;SOLEIL;5;45.0;0
Vervins;49.83;3.91;25/07/2026;17:00;;0;SOLEIL;;45.0;0
Vervins;49.83;3.91;25/07/2026;18:00;;0;SOLEIL;;45.0;0
Vervins;49.83;3.91;25/07/2026;19:00;;0;SOLEIL;;44.6;0
Vervins;49.83;3.91;25/07/2026;20:00;21.2;0;SOLEIL;5;44.6;0
Vervins;49.83;3.91;25/07/2026;21:00;20.0;0;SOLEIL;5;44.6;0
Vervins;49.83;3.91;25/07/2026;22:00;18.7;0;SOLEIL;5;44.6;0
Vervins;49.83;3.91;25/07/2026;23:00;;6;AVERSES;;44.6;0
Vervins;49.83;3.91;26/07/2026;00:00;;6;AVERSES;;44.6;0
Vervins;49.83;3.91;26/07/2026;01:00;;6;AVERSES;;43.9;0
Vervins;49.83;3.91;26/07/2026;02:00;14.7;6;AVERSES;5;42.5;0
Vervins;49.83;3.91;26/07/2026;03:00;14.7;6;AVERSES;5;40.0;0
Vervins;49.83;3.91;26/07/2026;04:00;14.7;6;AVERSES;5;36.4;0
Vervins;49.83;3.91;26/07/2026;05:00;;6;AVERSES;;32.4;0
Vervins;49.83;3.91;26/07/2026;06:00;;6;AVERSES;;28.4;0
Vervins;49.83;3.91;26/07/2026;07:00;;6;AVERSES;;25.6;0
Vervins;49.83;3.91;26/07/2026;08:00;17.1;6;AVERSES;5;24.5;0
Vervins;49.83;3.91;26/07/2026;09:00;18.4;6;AVERSES;5;25.6;0
Vervins;49.83;3.91;26/07/2026;10:00;19.6;6;AVERSES;5;28.1;0
Vervins;49.83;3.91;26/07/2026;11:00;;6;AVERSES;;31.7;0
Vervins;49.83;3.91;26/07/2026;12:00;;6;AVERSES;;35.6;0
Vervins;49.83;3.91;26/07/2026;13:00;;6;AVERSES;;39.2;0
Vervins;49.83;3.91;26/07/2026;14:00;24.5;6;AVERSES;5;41.4;0
Vervins;49.83;3.91;26/07/2026;15:00;25.7;6;AVERSES;5;42.5;0
Vervins;49.83;3.91;26/07/2026;16:00;24.5;6;AVERSES;5;43.2;0
Vervins;49.83;3.91;26/07/2026;17:00;;6;AVERSES;;43.6;0
Vervins;49.83;3.91;26/07/2026;18:00;;6;AVERSES;;43.2;0
Vervins;49.83;3.91;26/07/2026;19:00;;6;AVERSES;;42.8;0
Vervins;49.83;3.91;26/07/2026;20:00;19.6;6;AVERSES;5;42.5;0
Vervins;49.83;3.91;26/07/2026;21:00;18.4;6;AVERSES;5;42.1;0
Vervins;49.83;3.91;26/07/2026;22:00;17.1;6;AVERSES;5;41.4;0
Vervins;49.83;3.91;26/07/2026;23:00;;6;AVERSES;;40.7;0
Vervins;49.83;3.91;27/07/2026;00:00;;6;AVERSES;;39.6;0
Vervins;49.83;3.91;27/07/2026;01:00;;6;AVERSES;;38.2;0
Vervins;49.83;3.91;27/07/2026;02:00;15.2;6;AVERSES;5;36.4;0
Vervins;49.83;3.91;27/07/2026;03:00;15.2;6;AVERSES;5;33.8;0
Vervins;49.83;3.91;27/07/2026;04:00;15.2;6;AVERSES;5;30.2;0
Vervins;49.83;3.91;27/07/2026;05:00;;6;AVERSES;;26.3;0
Vervins;49.83;3.91;27/07/2026;06:00;;6;AVERSES;;22.7;0
Vervins;49.83;3.91;27/07/2026;07:00;;6;AVERSES;;19.8;0
Vervins;49.83;3.91;27/07/2026;08:00;17.5;6;AVERSES;5;18.7;0
Vervins;49.83;3.91;27/07/2026;09:00;18.7;6;AVERSES;5;19.4;0
Vervins;49.83;3.91;27/07/2026;10:00;19.9;6;AVERSES;5;22.0;0
Vervins;49.83;3.91;27/07/2026;11:00;;6;AVERSES;;25.2;0
Vervins;49.83;3.91;27/07/2026;12:00;;6;AVERSES;;28.8;0
Vervins;49.83;3.91;27/07/2026;13:00;;6;AVERSES;;32.4;0
Vervins;49.83;3.91;27/07/2026;14:00;24.5;6;AVERSES;5;34.9;0
Vervins;49.83;3.91;27/07/2026;15:00;25.7;6;AVERSES;5;36.7;0
Vervins;49.83;3.91;27/07/2026;16:00;24.5;6;AVERSES;5;38.5;0
Vervins;49.83;3.91;27/07/2026;17:00;;6;AVERSES;;40.3;0
Vervins;49.83;3.91;27/07/2026;18:00;;6;AVERSES;;41.4;0
Vervins;49.83;3.91;27/07/2026;19:00;;6;AVERSES;;42.5;0
Vervins;49.83;3.91;27/07/2026;20:00;19.9;6;AVERSES;5;42.8;0
Vervins;49.83;3.91;27/07/2026;21:00;18.7;6;AVERSES;5;42.8;0
Vervins;49.83;3.91;27/07/2026;22:00;17.5;6;AVERSES;5;42.5;0
Vervins;49.83;3.91;27/07/2026;23:00;;6;AVERSES;;41.4;0
Vervins;49.83;3.91;28/07/2026;00:00;;6;AVERSES;;40.3;0
Vervins;49.83;3.91;28/07/2026;01:00;;6;AVERSES;;38.9;0
Vervins;49.83;3.91;28/07/2026;02:00;15.1;6;AVERSES;5;37.1;0
Vervins;49.83;3.91;28/07/2026;03:00;15.1;6;AVERSES;5;34.6;0
Vervins;49.83;3.91;28/07/2026;04:00;15.1;6;AVERSES;5;31.3;0
Vervins;49.83;3.91;28/07/2026;05:00;;6;AVERSES;;28.1;0
Vervins;49.83;3.91;28/07/2026;06:00;;6;AVERSES;;24.5;0
Vervins;49.83;3.91;28/07/2026;07:00;;6;AVERSES;;22.0;0
Vervins;49.83;3.91;28/07/2026;08:00;17.5;6;AVERSES;5;20.9;0
Vervins;49.83;3.91;28/07/2026;09:00;18.6;6;AVERSES;5;21.2;0
Vervins;49.83;3.91;28/07/2026;10:00;19.8;6;AVERSES;5;23.0;0
Vervins;49.83;3.91;28/07/2026;11:00;;6;AVERSES;;25.2;0
Vervins;49.83;3.91;28/07/2026;12:00;;6;AVERSES;;28.1;0
Vervins;49.83;3.91;28/07/2026;13:00;;6;AVERSES;;30.2;0
Vervins;49.83;3.91;28/07/2026;14:00;24.5;6;AVERSES;5;32.0;0
Vervins;49.83;3.91;28/07/2026;15:00;25.7;6;AVERSES;5;33.1;0
Vervins;49.83;3.91;28/07/2026;16:00;24.5;6;AVERSES;5;34.2;0
Vervins;49.83;3.91;28/07/2026;17:00;;6;AVERSES;;35.3;0
Vervins;49.83;3.91;28/07/2026;18:00;;6;AVERSES;;35.6;0
Vervins;49.83;3.91;28/07/2026;19:00;;6;AVERSES;;35.6;0
Vervins;49.83;3.91;28/07/2026;20:00;19.8;6;AVERSES;5;34.9;0
Vervins;49.83;3.91;28/07/2026;21:00;18.6;6;AVERSES;5;33.1;0
Vervins;49.83;3.91;28/07/2026;22:00;17.5;6;AVERSES;5;30.6;0
Vervins;49.83;3.91;28/07/2026;23:00;;6;AVERSES;;27.7;0
Vervins;49.83;3.91;29/07/2026;00:00;;6;AVERSES;;24.5;0
Vervins;49.83;3.91;29/07/2026;01:00;;6;AVERSES;;21.6;0
Vervins;49.83;3.91;29/07/2026;02:00;14.5;6;AVERSES;5;19.8;0
Vervins;49.83;3.91;29/07/2026;03:00;14.5;6;AVERSES;5;18.4;0
Vervins;49.83;3.91;29/07/2026;04:00;14.5;6;AVERSES;5;17.6;0
Vervins;49.83;3.91;29/07/2026;05:00;;6;AVERSES;;16.9;0
Vervins;49.83;3.91;29/07/2026;06:00;;6;AVERSES;;16.6;0
Vervins;49.83;3.91;29/07/2026;07:00;;6;AVERSES;;17.3;0
Vervins;49.83;3.91;29/07/2026;08:00;17.3;6;AVERSES;5;18.4;0
Vervins;49.83;3.91;29/07/2026;09:00;18.7;6;AVERSES;5;20.5;0
Vervins;49.83;3.91;29/07/2026;10:00;20.1;6;AVERSES;5;24.1;0
Vervins;49.83;3.91;29/07/2026;11:00;;6;AVERSES;;28.1;0
Vervins;49.83;3.91;29/07/2026;12:00;;6;AVERSES;;32.0;0
Vervins;49.83;3.91;29/07/2026;13:00;;6;AVERSES;;35.6;0
Vervins;49.83;3.91;29/07/2026;14:00;25.7;6;AVERSES;5;38.5;0
Vervins;49.83;3.91;29/07/2026;15:00;27.1;6;AVERSES;5;40.3;0
Vervins;49.83;3.91;29/07/2026;16:00;25.7;6;AVERSES;5;42.1;0
Vervins;49.83;3.91;29/07/2026;17:00;;6;AVERSES;;43.2;0
Vervins;49.83;3.91;29/07/2026;18:00;;6;AVERSES;;43.9;0
Vervins;49.83;3.91;29/07/2026;19:00;;6;AVERSES;;43.9;0
Vervins;49.83;3.91;29/07/2026;20:00;20.1;6;AVERSES;5;43.2;0
Vervins;49.83;3.91;29/07/2026;21:00;18.7;6;AVERSES;5;41.4;0
Vervins;49.83;3.91;29/07/2026;22:00;17.3;6;AVERSES;5;38.5;0
Vervins;49.83;3.91;29/07/2026;23:00;15.9;6;AVERSES;5;35.3;0
Vervins;49.83;3.91;30/07/2026;00:00;12;0;SOLEIL;5;30.1;0
Vervins;49.83;3.91;30/07/2026;01:00;12;0;SOLEIL;5;24.8;0
Vervins;49.83;3.91;30/07/2026;02:00;12;0;SOLEIL;5;20.7;0
Vervins;49.83;3.91;30/07/2026;03:00;12;0;SOLEIL;5;18.0;0
Vervins;49.83;3.91;30/07/2026;04:00;12;0;SOLEIL;5;18.4;0
Vervins;49.83;3.91;30/07/2026;05:00;12;0;SOLEIL;5;0.0;0
Vervins;49.83;3.91;30/07/2026;06:00;12;0;SOLEIL;5;0.0;0
Vervins;49.83;3.91;30/07/2026;07:00;13.1;0;SOLEIL;5;0.0;0
Vervins;49.83;3.91;30/07/2026;08:00;14.2;0;SOLEIL;5;0.0;0
Vervins;49.83;3.91;30/07/2026;09:00;15.3;0;SOLEIL;5;0.0;0
Vervins;49.83;3.91;30/07/2026;10:00;16.4;0;SOLEIL;5;0.0;0
Vervins;49.83;3.91;30/07/2026;11:00;17.6;0;SOLEIL;5;0.0;0
Vervins;49.83;3.91;30/07/2026;12:00;18.7;0;SOLEIL;5;0.0;0
Vervins;49.83;3.91;30/07/2026;13:00;19.8;0;SOLEIL;5;0.0;0
Vervins;49.83;3.91;30/07/2026;14:00;20.9;0;SOLEIL;5;0.0;0
Vervins;49.83;3.91;30/07/2026;15:00;22.0;0;SOLEIL;5;0.0;0
Vervins;49.83;3.91;30/07/2026;16:00;20.9;0;SOLEIL;5;0.0;0
Vervins;49.83;3.91;30/07/2026;17:00;19.8;0;SOLEIL;5;0.0;0
Vervins;49.83;3.91;30/07/2026;18:00;18.7;0;SOLEIL;5;0.0;0
Vervins;49.83;3.91;30/07/2026;19:00;17.6;0;SOLEIL;5;0.0;0
Vervins;49.83;3.91;30/07/2026;20:00;16.4;0;SOLEIL;5;0.0;0
Vervins;49.83;3.91;30/07/2026;21:00;15.3;0;SOLEIL;5;0.0;0
Vervins;49.83;3.91;30/07/2026;22:00;14.2;0;SOLEIL;5;0.0;0
Vervins;49.83;3.91;30/07/2026;23:00;13.1;0;SOLEIL;5;0.0;0
Vervins;49.83;3.91;31/07/2026;00:00;12;0;SOLEIL;5;0.0;0
Vervins;49.83;3.91;31/07/2026;01:00;12;0;SOLEIL;5;0.0;0
Vervins;49.83;3.91;31/07/2026;02:00;12;0;SOLEIL;5;0.0;0
Vervins;49.83;3.91;31/07/2026;03:00;12;0;SOLEIL;5;0.0;0
Vervins;49.83;3.91;31/07/2026;04:00;12;0;SOLEIL;5;0.0;0
Vervins;49.83;3.91;31/07/2026;05:00;12;0;SOLEIL;5;0.0;0
Vervins;49.83;3.91;31/07/2026;06:00;12;0;SOLEIL;5;0.0;0
Vervins;49.83;3.91;31/07/2026;07:00;13.1;0;SOLEIL;5;0.0;0
Vervins;49.83;3.91;31/07/2026;08:00;14.2;0;SOLEIL;5;0.0;0
Vervins;49.83;3.91;31/07/2026;09:00;15.3;0;SOLEIL;5;0.0;0
Vervins;49.83;3.91;31/07/2026;10:00;16.4;0;SOLEIL;5;0.0;0
Vervins;49.83;3.91;31/07/2026;11:00;17.6;0;SOLEIL;5;0.0;0
Vervins;49.83;3.91;31/07/2026;12:00;18.7;0;SOLEIL;5;0.0;0
Vervins;49.83;3.91;31/07/2026;13:00;19.8;0;SOLEIL;5;0.0;0
Vervins;49.83;3.91;31/07/2026;14:00;20.9;0;SOLEIL;5;0.0;0
Vervins;49.83;3.91;31/07/2026;15:00;22.0;0;SOLEIL;5;0.0;0
Vervins;49.83;3.91;31/07/2026;16:00;20.9;0;SOLEIL;5;0.0;0
Vervins;49.83;3.91;31/07/2026;17:00;19.8;0;SOLEIL;5;0.0;0
Vervins;49.83;3.91;31/07/2026;18:00;18.7;0;SOLEIL;5;0.0;0
Vervins;49.83;3.91;31/07/2026;19:00;17.6;0;SOLEIL;5;0.0;0
Vervins;49.83;3.91;31/07/2026;20:00;16.4;0;SOLEIL;5;0.0;0
Vervins;49.83;3.91;31/07/2026;21:00;15.3;0;SOLEIL;5;0.0;0
Vervins;49.83;3.91;31/07/2026;22:00;14.2;0;SOLEIL;5;0.0;0
Vervins;49.83;3.91;31/07/2026;23:00;13.1;0;SOLEIL;5;0.0;0
Avesnes-sur-Helpe;50.12;3.93;16/07/2026;00:00;21.6;0;SOLEIL;4;0;0
Avesnes-sur-Helpe;50.12;3.93;16/07/2026;01:00;21.1;0;SOLEIL;4;0;0
Avesnes-sur-Helpe;50.12;3.93;16/07/2026;02:00;20.1;0;SOLEIL;4;0;0
Avesnes-sur-Helpe;50.12;3.93;16/07/2026;03:00;19.1;0;SOLEIL;4;0;0
Avesnes-sur-Helpe;50.12;3.93;16/07/2026;04:00;18.6;0;SOLEIL;4;0;0
Avesnes-sur-Helpe;50.12;3.93;16/07/2026;05:00;18.7;0;SOLEIL;4;0;0
Avesnes-sur-Helpe;50.12;3.93;16/07/2026;06:00;20.6;0;SOLEIL;4;0;0
Avesnes-sur-Helpe;50.12;3.93;16/07/2026;07:00;22.6;0;SOLEIL;3;0;0
Avesnes-sur-Helpe;50.12;3.93;16/07/2026;08:00;24.7;0;SOLEIL;2;0;0
Avesnes-sur-Helpe;50.12;3.93;16/07/2026;09:00;25.9;0;SOLEIL;3;0;0
Avesnes-sur-Helpe;50.12;3.93;16/07/2026;10:00;27.2;0;SOLEIL;2;0;0
Avesnes-sur-Helpe;50.12;3.93;16/07/2026;11:00;28.1;0;SOLEIL;2;0;0
Avesnes-sur-Helpe;50.12;3.93;16/07/2026;12:00;28.9;0;SOLEIL;1;0;0
Avesnes-sur-Helpe;50.12;3.93;16/07/2026;13:00;29.1;0;SOLEIL;2;0;0
Avesnes-sur-Helpe;50.12;3.93;16/07/2026;14:00;29.4;2;NUAGEUX;2;0;0
Avesnes-sur-Helpe;50.12;3.93;16/07/2026;15:00;30;2;NUAGEUX;3;14;0
Avesnes-sur-Helpe;50.12;3.93;16/07/2026;16:00;27.6;10;ORAGEUX;4;12;2
Avesnes-sur-Helpe;50.12;3.93;16/07/2026;17:00;26.7;0;SOLEIL;4;0;0
Avesnes-sur-Helpe;50.12;3.93;16/07/2026;18:00;25.2;0;SOLEIL;4;0;0
Avesnes-sur-Helpe;50.12;3.93;16/07/2026;19:00;23.1;0;SOLEIL;4;0;0
Avesnes-sur-Helpe;50.12;3.93;16/07/2026;20:00;20.2;0;SOLEIL;4;0;0
Avesnes-sur-Helpe;50.12;3.93;16/07/2026;21:00;19.6;2;NUAGEUX;4;0;0
Avesnes-sur-Helpe;50.12;3.93;16/07/2026;22:00;18.6;2;NUAGEUX;2;0;0
Avesnes-sur-Helpe;50.12;3.93;16/07/2026;23:00;18.4;2;NUAGEUX;2;0;0
Avesnes-sur-Helpe;50.12;3.93;17/07/2026;00:00;18.6;2;NUAGEUX;3;0;0
Avesnes-sur-Helpe;50.12;3.93;17/07/2026;01:00;18.6;2;NUAGEUX;3;0;0
Avesnes-sur-Helpe;50.12;3.93;17/07/2026;02:00;17.2;10;ORAGEUX;4;0;0
Avesnes-sur-Helpe;50.12;3.93;17/07/2026;03:00;17.2;10;ORAGEUX;4;0;0
Avesnes-sur-Helpe;50.12;3.93;17/07/2026;04:00;17.2;10;ORAGEUX;4;0;0
Avesnes-sur-Helpe;50.12;3.93;17/07/2026;05:00;17.6;10;ORAGEUX;3;0;0
Avesnes-sur-Helpe;50.12;3.93;17/07/2026;06:00;17.6;10;ORAGEUX;3;0;0
Avesnes-sur-Helpe;50.12;3.93;17/07/2026;07:00;17.6;10;ORAGEUX;3;0;0
Avesnes-sur-Helpe;50.12;3.93;17/07/2026;08:00;21.1;5;SOLEIL VOILÉ;3;0;0
Avesnes-sur-Helpe;50.12;3.93;17/07/2026;09:00;21.1;5;SOLEIL VOILÉ;3;0;0
Avesnes-sur-Helpe;50.12;3.93;17/07/2026;10:00;21.1;5;SOLEIL VOILÉ;3;0;0
Avesnes-sur-Helpe;50.12;3.93;17/07/2026;11:00;24.2;6;AVERSES;4;0;0
Avesnes-sur-Helpe;50.12;3.93;17/07/2026;12:00;24.2;6;AVERSES;4;0;0
Avesnes-sur-Helpe;50.12;3.93;17/07/2026;13:00;24.2;6;AVERSES;4;0;0
Avesnes-sur-Helpe;50.12;3.93;17/07/2026;14:00;24.5;0;SOLEIL;5;0;0
Avesnes-sur-Helpe;50.12;3.93;17/07/2026;15:00;24.5;0;SOLEIL;5;0;0
Avesnes-sur-Helpe;50.12;3.93;17/07/2026;16:00;24.5;0;SOLEIL;5;0;0
Avesnes-sur-Helpe;50.12;3.93;17/07/2026;17:00;22.9;0;SOLEIL;5;0;0
Avesnes-sur-Helpe;50.12;3.93;17/07/2026;18:00;22.9;0;SOLEIL;5;0;0
Avesnes-sur-Helpe;50.12;3.93;17/07/2026;19:00;22.9;0;SOLEIL;5;0;0
Avesnes-sur-Helpe;50.12;3.93;17/07/2026;20:00;18.9;0;SOLEIL;4;0;0
Avesnes-sur-Helpe;50.12;3.93;17/07/2026;21:00;18.9;0;SOLEIL;4;0;0
Avesnes-sur-Helpe;50.12;3.93;17/07/2026;22:00;18.9;0;SOLEIL;4;0;0
Avesnes-sur-Helpe;50.12;3.93;17/07/2026;23:00;16.6;0;SOLEIL;4;0;0
Avesnes-sur-Helpe;50.12;3.93;18/07/2026;00:00;16.6;0;SOLEIL;4;0;0
Avesnes-sur-Helpe;50.12;3.93;18/07/2026;01:00;16.6;0;SOLEIL;4;0;0
Avesnes-sur-Helpe;50.12;3.93;18/07/2026;02:00;14.7;0;SOLEIL;4;0;0
Avesnes-sur-Helpe;50.12;3.93;18/07/2026;03:00;14.7;0;SOLEIL;4;0;0
Avesnes-sur-Helpe;50.12;3.93;18/07/2026;04:00;14.7;0;SOLEIL;4;0;0
Avesnes-sur-Helpe;50.12;3.93;18/07/2026;05:00;15.7;0;SOLEIL;3;0;0
Avesnes-sur-Helpe;50.12;3.93;18/07/2026;06:00;15.7;0;SOLEIL;3;0;0
Avesnes-sur-Helpe;50.12;3.93;18/07/2026;07:00;15.7;0;SOLEIL;3;0;0
Avesnes-sur-Helpe;50.12;3.93;18/07/2026;08:00;19.7;0;SOLEIL;4;0;0
Avesnes-sur-Helpe;50.12;3.93;18/07/2026;09:00;19.7;0;SOLEIL;4;0;0
Avesnes-sur-Helpe;50.12;3.93;18/07/2026;10:00;19.7;0;SOLEIL;4;0;0
Avesnes-sur-Helpe;50.12;3.93;18/07/2026;11:00;22.9;0;SOLEIL;5;0;0
Avesnes-sur-Helpe;50.12;3.93;18/07/2026;12:00;22.9;0;SOLEIL;5;0;0
Avesnes-sur-Helpe;50.12;3.93;18/07/2026;13:00;22.9;0;SOLEIL;5;0;0
Avesnes-sur-Helpe;50.12;3.93;18/07/2026;14:00;23.4;0;SOLEIL;5;0;0
Avesnes-sur-Helpe;50.12;3.93;18/07/2026;15:00;23.4;0;SOLEIL;5;0;0
Avesnes-sur-Helpe;50.12;3.93;18/07/2026;16:00;23.4;0;SOLEIL;5;0;0
Avesnes-sur-Helpe;50.12;3.93;18/07/2026;17:00;19.9;0;SOLEIL;6;11;0
Avesnes-sur-Helpe;50.12;3.93;18/07/2026;18:00;19.9;0;SOLEIL;6;11;0
Avesnes-sur-Helpe;50.12;3.93;18/07/2026;19:00;19.9;0;SOLEIL;6;11;0
Avesnes-sur-Helpe;50.12;3.93;18/07/2026;20:00;18.8;0;SOLEIL;5;0;0
Avesnes-sur-Helpe;50.12;3.93;18/07/2026;21:00;17.6;0;SOLEIL;5;0;0
Avesnes-sur-Helpe;50.12;3.93;18/07/2026;22:00;16.4;0;SOLEIL;5;0;0
Avesnes-sur-Helpe;50.12;3.93;18/07/2026;23:00;13.6;0;SOLEIL;4;0;0
Avesnes-sur-Helpe;50.12;3.93;19/07/2026;00:00;13.6;0;SOLEIL;4;0;0
Avesnes-sur-Helpe;50.12;3.93;19/07/2026;01:00;13.6;0;SOLEIL;4;0;0
Avesnes-sur-Helpe;50.12;3.93;19/07/2026;02:00;12.2;0;SOLEIL;5;0;0
Avesnes-sur-Helpe;50.12;3.93;19/07/2026;03:00;12.2;0;SOLEIL;5;0;0
Avesnes-sur-Helpe;50.12;3.93;19/07/2026;04:00;12.2;0;SOLEIL;5;0;0
Avesnes-sur-Helpe;50.12;3.93;19/07/2026;05:00;14.5;0;SOLEIL;4;0;0
Avesnes-sur-Helpe;50.12;3.93;19/07/2026;06:00;14.5;0;SOLEIL;4;0;0
Avesnes-sur-Helpe;50.12;3.93;19/07/2026;07:00;14.5;0;SOLEIL;4;0;0
Avesnes-sur-Helpe;50.12;3.93;19/07/2026;08:00;14.6;0;SOLEIL;5;0;0
Avesnes-sur-Helpe;50.12;3.93;19/07/2026;09:00;15.8;0;SOLEIL;5;0;0
Avesnes-sur-Helpe;50.12;3.93;19/07/2026;10:00;17.0;0;SOLEIL;5;0;0
Avesnes-sur-Helpe;50.12;3.93;19/07/2026;11:00;21.2;2;NUAGEUX;5;0;0
Avesnes-sur-Helpe;50.12;3.93;19/07/2026;12:00;21.2;2;NUAGEUX;5;0;0
Avesnes-sur-Helpe;50.12;3.93;19/07/2026;13:00;21.2;2;NUAGEUX;5;0;0
Avesnes-sur-Helpe;50.12;3.93;19/07/2026;14:00;21.7;0;SOLEIL;5;0;0
Avesnes-sur-Helpe;50.12;3.93;19/07/2026;15:00;22.9;0;SOLEIL;5;0;0
Avesnes-sur-Helpe;50.12;3.93;19/07/2026;16:00;21.7;0;SOLEIL;5;0;0
Avesnes-sur-Helpe;50.12;3.93;19/07/2026;17:00;19.6;0;SOLEIL;5;0;0
Avesnes-sur-Helpe;50.12;3.93;19/07/2026;18:00;19.6;0;SOLEIL;5;0;0
Avesnes-sur-Helpe;50.12;3.93;19/07/2026;19:00;19.6;0;SOLEIL;5;0;0
Avesnes-sur-Helpe;50.12;3.93;19/07/2026;20:00;17.0;0;SOLEIL;5;0;0
Avesnes-sur-Helpe;50.12;3.93;19/07/2026;21:00;15.8;0;SOLEIL;5;0;0
Avesnes-sur-Helpe;50.12;3.93;19/07/2026;22:00;14.6;0;SOLEIL;5;0;0
Avesnes-sur-Helpe;50.12;3.93;19/07/2026;23:00;12.4;0;SOLEIL;4;0;0
Avesnes-sur-Helpe;50.12;3.93;20/07/2026;00:00;12.4;0;SOLEIL;4;0;0
Avesnes-sur-Helpe;50.12;3.93;20/07/2026;01:00;12.4;0;SOLEIL;4;0;0
Avesnes-sur-Helpe;50.12;3.93;20/07/2026;02:00;10.6;0;SOLEIL;5;0;0
Avesnes-sur-Helpe;50.12;3.93;20/07/2026;03:00;10.6;0;SOLEIL;5;0;0
Avesnes-sur-Helpe;50.12;3.93;20/07/2026;04:00;10.6;0;SOLEIL;5;0;0
Avesnes-sur-Helpe;50.12;3.93;20/07/2026;05:00;13.5;0;SOLEIL;3;0;0
Avesnes-sur-Helpe;50.12;3.93;20/07/2026;06:00;13.5;0;SOLEIL;3;0;0
Avesnes-sur-Helpe;50.12;3.93;20/07/2026;07:00;13.5;0;SOLEIL;3;0;0
Avesnes-sur-Helpe;50.12;3.93;20/07/2026;08:00;13.2;0;SOLEIL;5;0;0
Avesnes-sur-Helpe;50.12;3.93;20/07/2026;09:00;14.5;0;SOLEIL;5;0;0
Avesnes-sur-Helpe;50.12;3.93;20/07/2026;10:00;15.8;0;SOLEIL;5;0;0
Avesnes-sur-Helpe;50.12;3.93;20/07/2026;11:00;20.9;2;NUAGEUX;4;0;0
Avesnes-sur-Helpe;50.12;3.93;20/07/2026;12:00;20.9;2;NUAGEUX;4;0;0
Avesnes-sur-Helpe;50.12;3.93;20/07/2026;13:00;20.9;2;NUAGEUX;4;0;0
Avesnes-sur-Helpe;50.12;3.93;20/07/2026;14:00;21.1;0;SOLEIL;5;0;0
Avesnes-sur-Helpe;50.12;3.93;20/07/2026;15:00;22.4;0;SOLEIL;5;0;0
Avesnes-sur-Helpe;50.12;3.93;20/07/2026;16:00;21.1;0;SOLEIL;5;0;0
Avesnes-sur-Helpe;50.12;3.93;20/07/2026;17:00;19.6;0;SOLEIL;0;0;0
Avesnes-sur-Helpe;50.12;3.93;20/07/2026;18:00;19.6;0;SOLEIL;0;0;0
Avesnes-sur-Helpe;50.12;3.93;20/07/2026;19:00;19.6;0;SOLEIL;0;0;0
Avesnes-sur-Helpe;50.12;3.93;20/07/2026;20:00;15.8;0;SOLEIL;5;0;0
Avesnes-sur-Helpe;50.12;3.93;20/07/2026;21:00;14.5;0;SOLEIL;5;0;0
Avesnes-sur-Helpe;50.12;3.93;20/07/2026;22:00;13.2;0;SOLEIL;5;0;0
Avesnes-sur-Helpe;50.12;3.93;20/07/2026;23:00;12.6;0;SOLEIL;4;0;0
Avesnes-sur-Helpe;50.12;3.93;21/07/2026;00:00;12.6;0;SOLEIL;4;0;0
Avesnes-sur-Helpe;50.12;3.93;21/07/2026;01:00;12.6;0;SOLEIL;4;0;0
Avesnes-sur-Helpe;50.12;3.93;21/07/2026;02:00;11.7;0;SOLEIL;5;0;0
Avesnes-sur-Helpe;50.12;3.93;21/07/2026;03:00;11.7;0;SOLEIL;5;0;0
Avesnes-sur-Helpe;50.12;3.93;21/07/2026;04:00;11.7;0;SOLEIL;5;0;0
Avesnes-sur-Helpe;50.12;3.93;21/07/2026;05:00;14.1;0;SOLEIL;4;0;0
Avesnes-sur-Helpe;50.12;3.93;21/07/2026;06:00;14.1;0;SOLEIL;4;0;0
Avesnes-sur-Helpe;50.12;3.93;21/07/2026;07:00;14.1;0;SOLEIL;4;0;0
Avesnes-sur-Helpe;50.12;3.93;21/07/2026;08:00;14.2;0;SOLEIL;5;0;0
Avesnes-sur-Helpe;50.12;3.93;21/07/2026;09:00;15.5;0;SOLEIL;5;0;0
Avesnes-sur-Helpe;50.12;3.93;21/07/2026;10:00;16.8;0;SOLEIL;5;0;0
Avesnes-sur-Helpe;50.12;3.93;21/07/2026;11:00;21.2;0;SOLEIL;0;0;0
Avesnes-sur-Helpe;50.12;3.93;21/07/2026;12:00;21.2;0;SOLEIL;0;0;0
Avesnes-sur-Helpe;50.12;3.93;21/07/2026;13:00;21.2;0;SOLEIL;0;0;0
Avesnes-sur-Helpe;50.12;3.93;21/07/2026;14:00;21.8;0;SOLEIL;5;0;0
Avesnes-sur-Helpe;50.12;3.93;21/07/2026;15:00;23.1;0;SOLEIL;5;0;0
Avesnes-sur-Helpe;50.12;3.93;21/07/2026;16:00;21.8;0;SOLEIL;5;0;0
Avesnes-sur-Helpe;50.12;3.93;21/07/2026;17:00;21;0;SOLEIL;5;0;0
Avesnes-sur-Helpe;50.12;3.93;21/07/2026;18:00;21;0;SOLEIL;5;0;0
Avesnes-sur-Helpe;50.12;3.93;21/07/2026;19:00;21;0;SOLEIL;5;0;0
Avesnes-sur-Helpe;50.12;3.93;21/07/2026;20:00;16.8;0;SOLEIL;5;0;0
Avesnes-sur-Helpe;50.12;3.93;21/07/2026;21:00;15.5;0;SOLEIL;5;0;0
Avesnes-sur-Helpe;50.12;3.93;21/07/2026;22:00;14.2;0;SOLEIL;5;0;0
Avesnes-sur-Helpe;50.12;3.93;21/07/2026;23:00;14.2;0;SOLEIL;4;0;0
Avesnes-sur-Helpe;50.12;3.93;22/07/2026;00:00;14.2;0;SOLEIL;4;0;0
Avesnes-sur-Helpe;50.12;3.93;22/07/2026;01:00;14.2;0;SOLEIL;4;0;0
Avesnes-sur-Helpe;50.12;3.93;22/07/2026;02:00;12.9;0;SOLEIL;5;0;0
Avesnes-sur-Helpe;50.12;3.93;22/07/2026;03:00;12.9;0;SOLEIL;5;0;0
Avesnes-sur-Helpe;50.12;3.93;22/07/2026;04:00;12.9;0;SOLEIL;5;0;0
Avesnes-sur-Helpe;50.12;3.93;22/07/2026;05:00;15.4;0;SOLEIL;3;0;0
Avesnes-sur-Helpe;50.12;3.93;22/07/2026;06:00;15.4;0;SOLEIL;3;0;0
Avesnes-sur-Helpe;50.12;3.93;22/07/2026;07:00;15.4;0;SOLEIL;3;0;0
Avesnes-sur-Helpe;50.12;3.93;22/07/2026;08:00;15.6;0;SOLEIL;5;0;0
Avesnes-sur-Helpe;50.12;3.93;22/07/2026;09:00;17.0;0;SOLEIL;5;0;0
Avesnes-sur-Helpe;50.12;3.93;22/07/2026;10:00;18.3;0;SOLEIL;5;0;0
Avesnes-sur-Helpe;50.12;3.93;22/07/2026;11:00;23.5;0;SOLEIL;4;0;0
Avesnes-sur-Helpe;50.12;3.93;22/07/2026;12:00;23.5;0;SOLEIL;4;0;0
Avesnes-sur-Helpe;50.12;3.93;22/07/2026;13:00;23.5;0;SOLEIL;4;0;0
Avesnes-sur-Helpe;50.12;3.93;22/07/2026;14:00;23.7;0;SOLEIL;5;0;0
Avesnes-sur-Helpe;50.12;3.93;22/07/2026;15:00;25.1;0;SOLEIL;5;0;0
Avesnes-sur-Helpe;50.12;3.93;22/07/2026;16:00;23.7;0;SOLEIL;5;0;0
Avesnes-sur-Helpe;50.12;3.93;22/07/2026;17:00;22.7;0;SOLEIL;4;0;0
Avesnes-sur-Helpe;50.12;3.93;22/07/2026;18:00;22.7;0;SOLEIL;4;0;0
Avesnes-sur-Helpe;50.12;3.93;22/07/2026;19:00;22.7;0;SOLEIL;4;0;0
Avesnes-sur-Helpe;50.12;3.93;22/07/2026;20:00;18.3;0;SOLEIL;5;0;0
Avesnes-sur-Helpe;50.12;3.93;22/07/2026;21:00;17.0;0;SOLEIL;5;0;0
Avesnes-sur-Helpe;50.12;3.93;22/07/2026;22:00;15.6;0;SOLEIL;5;0;0
Avesnes-sur-Helpe;50.12;3.93;22/07/2026;23:00;15.7;0;SOLEIL;3;0;0
Avesnes-sur-Helpe;50.12;3.93;23/07/2026;00:00;15.7;0;SOLEIL;3;0;0
Avesnes-sur-Helpe;50.12;3.93;23/07/2026;01:00;15.7;0;SOLEIL;3;0;0
Avesnes-sur-Helpe;50.12;3.93;23/07/2026;02:00;14.1;0;SOLEIL;5;0;0
Avesnes-sur-Helpe;50.12;3.93;23/07/2026;03:00;14.1;0;SOLEIL;5;0;0
Avesnes-sur-Helpe;50.12;3.93;23/07/2026;04:00;14.1;0;SOLEIL;5;0;0
Avesnes-sur-Helpe;50.12;3.93;23/07/2026;05:00;16.1;0;SOLEIL;3;0;0
Avesnes-sur-Helpe;50.12;3.93;23/07/2026;06:00;16.1;0;SOLEIL;3;0;0
Avesnes-sur-Helpe;50.12;3.93;23/07/2026;07:00;16.1;0;SOLEIL;3;0;0
Avesnes-sur-Helpe;50.12;3.93;23/07/2026;08:00;16.7;0;SOLEIL;5;0;0
Avesnes-sur-Helpe;50.12;3.93;23/07/2026;09:00;18.0;0;SOLEIL;5;0;0
Avesnes-sur-Helpe;50.12;3.93;23/07/2026;10:00;19.3;0;SOLEIL;5;0;0
Avesnes-sur-Helpe;50.12;3.93;23/07/2026;11:00;24.1;0;SOLEIL;5;0;0
Avesnes-sur-Helpe;50.12;3.93;23/07/2026;12:00;24.1;0;SOLEIL;5;0;0
Avesnes-sur-Helpe;50.12;3.93;23/07/2026;13:00;24.1;0;SOLEIL;5;0;0
Avesnes-sur-Helpe;50.12;3.93;23/07/2026;14:00;24.6;0;SOLEIL;5;0;0
Avesnes-sur-Helpe;50.12;3.93;23/07/2026;15:00;25.9;0;SOLEIL;5;0;0
Avesnes-sur-Helpe;50.12;3.93;23/07/2026;16:00;24.6;0;SOLEIL;5;0;0
Avesnes-sur-Helpe;50.12;3.93;23/07/2026;17:00;23.5;0;SOLEIL;4;0;0
Avesnes-sur-Helpe;50.12;3.93;23/07/2026;18:00;23.5;0;SOLEIL;4;0;0
Avesnes-sur-Helpe;50.12;3.93;23/07/2026;19:00;23.5;0;SOLEIL;4;0;0
Avesnes-sur-Helpe;50.12;3.93;23/07/2026;20:00;19.3;0;SOLEIL;5;0;0
Avesnes-sur-Helpe;50.12;3.93;23/07/2026;21:00;18.0;0;SOLEIL;5;0;0
Avesnes-sur-Helpe;50.12;3.93;23/07/2026;22:00;16.7;0;SOLEIL;5;0;0
Avesnes-sur-Helpe;50.12;3.93;23/07/2026;23:00;15.9;0;SOLEIL;3;0;0
Avesnes-sur-Helpe;50.12;3.93;24/07/2026;00:00;15.9;0;SOLEIL;3;0;0
Avesnes-sur-Helpe;50.12;3.93;24/07/2026;01:00;15.9;0;SOLEIL;3;0;0
Avesnes-sur-Helpe;50.12;3.93;24/07/2026;02:00;14.6;0;SOLEIL;5;0;0
Avesnes-sur-Helpe;50.12;3.93;24/07/2026;03:00;14.6;0;SOLEIL;5;0;0
Avesnes-sur-Helpe;50.12;3.93;24/07/2026;04:00;14.6;0;SOLEIL;5;0;0
Avesnes-sur-Helpe;50.12;3.93;24/07/2026;05:00;17.1;0;SOLEIL;3;0;0
Avesnes-sur-Helpe;50.12;3.93;24/07/2026;06:00;17.1;0;SOLEIL;3;0;0
Avesnes-sur-Helpe;50.12;3.93;24/07/2026;07:00;17.1;0;SOLEIL;3;0;0
Avesnes-sur-Helpe;50.12;3.93;24/07/2026;08:00;17.2;0;SOLEIL;5;0;0
Avesnes-sur-Helpe;50.12;3.93;24/07/2026;09:00;18.4;0;SOLEIL;5;0;0
Avesnes-sur-Helpe;50.12;3.93;24/07/2026;10:00;19.7;0;SOLEIL;5;0;0
Avesnes-sur-Helpe;50.12;3.93;24/07/2026;11:00;24;0;SOLEIL;3;0;0
Avesnes-sur-Helpe;50.12;3.93;24/07/2026;12:00;24;0;SOLEIL;3;0;0
Avesnes-sur-Helpe;50.12;3.93;24/07/2026;13:00;24;0;SOLEIL;3;0;0
Avesnes-sur-Helpe;50.12;3.93;24/07/2026;14:00;24.8;0;SOLEIL;5;0;0
Avesnes-sur-Helpe;50.12;3.93;24/07/2026;15:00;26.1;0;SOLEIL;5;0;0
Avesnes-sur-Helpe;50.12;3.93;24/07/2026;16:00;24.8;0;SOLEIL;5;0;0
Avesnes-sur-Helpe;50.12;3.93;24/07/2026;17:00;24.4;0;SOLEIL;3;0;0
Avesnes-sur-Helpe;50.12;3.93;24/07/2026;18:00;24.4;0;SOLEIL;3;0;0
Avesnes-sur-Helpe;50.12;3.93;24/07/2026;19:00;24.4;0;SOLEIL;3;0;0
Avesnes-sur-Helpe;50.12;3.93;24/07/2026;20:00;19.7;0;SOLEIL;5;0;0
Avesnes-sur-Helpe;50.12;3.93;24/07/2026;21:00;18.4;0;SOLEIL;5;0;0
Avesnes-sur-Helpe;50.12;3.93;24/07/2026;22:00;17.2;0;SOLEIL;5;0;0
Avesnes-sur-Helpe;50.12;3.93;24/07/2026;23:00;16.7;0;SOLEIL;2;0;0
Avesnes-sur-Helpe;50.12;3.93;25/07/2026;00:00;16.7;0;SOLEIL;2;0;0
Avesnes-sur-Helpe;50.12;3.93;25/07/2026;01:00;16.7;0;SOLEIL;2;0;0
Avesnes-sur-Helpe;50.12;3.93;25/07/2026;02:00;14.7;0;SOLEIL;5;0;0
Avesnes-sur-Helpe;50.12;3.93;25/07/2026;03:00;14.7;0;SOLEIL;5;0;0
Avesnes-sur-Helpe;50.12;3.93;25/07/2026;04:00;14.7;0;SOLEIL;5;0;0
Avesnes-sur-Helpe;50.12;3.93;25/07/2026;05:00;;0;SOLEIL;;;0
Avesnes-sur-Helpe;50.12;3.93;25/07/2026;06:00;;0;SOLEIL;;;0
Avesnes-sur-Helpe;50.12;3.93;25/07/2026;07:00;;0;SOLEIL;;;0
Avesnes-sur-Helpe;50.12;3.93;25/07/2026;08:00;16.8;0;SOLEIL;5;0;0
Avesnes-sur-Helpe;50.12;3.93;25/07/2026;09:00;17.8;0;SOLEIL;5;0;0
Avesnes-sur-Helpe;50.12;3.93;25/07/2026;10:00;18.8;0;SOLEIL;5;0;0
Avesnes-sur-Helpe;50.12;3.93;25/07/2026;11:00;;0;SOLEIL;;;0
Avesnes-sur-Helpe;50.12;3.93;25/07/2026;12:00;;0;SOLEIL;;;0
Avesnes-sur-Helpe;50.12;3.93;25/07/2026;13:00;;0;SOLEIL;;;0
Avesnes-sur-Helpe;50.12;3.93;25/07/2026;14:00;23.0;0;SOLEIL;5;0;0
Avesnes-sur-Helpe;50.12;3.93;25/07/2026;15:00;24.0;0;SOLEIL;5;0;0
Avesnes-sur-Helpe;50.12;3.93;25/07/2026;16:00;23.0;0;SOLEIL;5;0;0
Avesnes-sur-Helpe;50.12;3.93;25/07/2026;17:00;;0;SOLEIL;;;0
Avesnes-sur-Helpe;50.12;3.93;25/07/2026;18:00;;0;SOLEIL;;;0
Avesnes-sur-Helpe;50.12;3.93;25/07/2026;19:00;;0;SOLEIL;;;0
Avesnes-sur-Helpe;50.12;3.93;25/07/2026;20:00;18.8;0;SOLEIL;5;0;0
Avesnes-sur-Helpe;50.12;3.93;25/07/2026;21:00;17.8;0;SOLEIL;5;0;0
Avesnes-sur-Helpe;50.12;3.93;25/07/2026;22:00;16.8;0;SOLEIL;5;0;0
Avesnes-sur-Helpe;50.12;3.93;25/07/2026;23:00;;6;AVERSES;;;0
Avesnes-sur-Helpe;50.12;3.93;26/07/2026;00:00;;6;AVERSES;;;0
Avesnes-sur-Helpe;50.12;3.93;26/07/2026;01:00;;6;AVERSES;;;0
Avesnes-sur-Helpe;50.12;3.93;26/07/2026;02:00;13.7;6;AVERSES;5;0;0
Avesnes-sur-Helpe;50.12;3.93;26/07/2026;03:00;13.7;6;AVERSES;5;0;0
Avesnes-sur-Helpe;50.12;3.93;26/07/2026;04:00;13.7;6;AVERSES;5;0;0
Avesnes-sur-Helpe;50.12;3.93;26/07/2026;05:00;;6;AVERSES;;;0
Avesnes-sur-Helpe;50.12;3.93;26/07/2026;06:00;;6;AVERSES;;;0
Avesnes-sur-Helpe;50.12;3.93;26/07/2026;07:00;;6;AVERSES;;;0
Avesnes-sur-Helpe;50.12;3.93;26/07/2026;08:00;15.8;6;AVERSES;5;0;0
Avesnes-sur-Helpe;50.12;3.93;26/07/2026;09:00;16.8;6;AVERSES;5;0;0
Avesnes-sur-Helpe;50.12;3.93;26/07/2026;10:00;17.8;6;AVERSES;5;0;0
Avesnes-sur-Helpe;50.12;3.93;26/07/2026;11:00;;6;AVERSES;;;0
Avesnes-sur-Helpe;50.12;3.93;26/07/2026;12:00;;6;AVERSES;;;0
Avesnes-sur-Helpe;50.12;3.93;26/07/2026;13:00;;6;AVERSES;;;0
Avesnes-sur-Helpe;50.12;3.93;26/07/2026;14:00;22.0;6;AVERSES;5;0;0
Avesnes-sur-Helpe;50.12;3.93;26/07/2026;15:00;23.0;6;AVERSES;5;0;0
Avesnes-sur-Helpe;50.12;3.93;26/07/2026;16:00;22.0;6;AVERSES;5;0;0
Avesnes-sur-Helpe;50.12;3.93;26/07/2026;17:00;;6;AVERSES;;;0
Avesnes-sur-Helpe;50.12;3.93;26/07/2026;18:00;;6;AVERSES;;;0
Avesnes-sur-Helpe;50.12;3.93;26/07/2026;19:00;;6;AVERSES;;;0
Avesnes-sur-Helpe;50.12;3.93;26/07/2026;20:00;17.8;6;AVERSES;5;0;0
Avesnes-sur-Helpe;50.12;3.93;26/07/2026;21:00;16.8;6;AVERSES;5;0;0
Avesnes-sur-Helpe;50.12;3.93;26/07/2026;22:00;15.8;6;AVERSES;5;0;0
Avesnes-sur-Helpe;50.12;3.93;26/07/2026;23:00;;6;AVERSES;;;0
Avesnes-sur-Helpe;50.12;3.93;27/07/2026;00:00;;6;AVERSES;;;0
Avesnes-sur-Helpe;50.12;3.93;27/07/2026;01:00;;6;AVERSES;;;0
Avesnes-sur-Helpe;50.12;3.93;27/07/2026;02:00;14.4;6;AVERSES;5;0;0
Avesnes-sur-Helpe;50.12;3.93;27/07/2026;03:00;14.4;6;AVERSES;5;0;0
Avesnes-sur-Helpe;50.12;3.93;27/07/2026;04:00;14.4;6;AVERSES;5;0;0
Avesnes-sur-Helpe;50.12;3.93;27/07/2026;05:00;;6;AVERSES;;;0
Avesnes-sur-Helpe;50.12;3.93;27/07/2026;06:00;;6;AVERSES;;;0
Avesnes-sur-Helpe;50.12;3.93;27/07/2026;07:00;;6;AVERSES;;;0
Avesnes-sur-Helpe;50.12;3.93;27/07/2026;08:00;16.5;6;AVERSES;5;0;0
Avesnes-sur-Helpe;50.12;3.93;27/07/2026;09:00;17.5;6;AVERSES;5;0;0
Avesnes-sur-Helpe;50.12;3.93;27/07/2026;10:00;18.5;6;AVERSES;5;0;0
Avesnes-sur-Helpe;50.12;3.93;27/07/2026;11:00;;6;AVERSES;;;0
Avesnes-sur-Helpe;50.12;3.93;27/07/2026;12:00;;6;AVERSES;;;0
Avesnes-sur-Helpe;50.12;3.93;27/07/2026;13:00;;6;AVERSES;;;0
Avesnes-sur-Helpe;50.12;3.93;27/07/2026;14:00;22.7;6;AVERSES;5;0;0
Avesnes-sur-Helpe;50.12;3.93;27/07/2026;15:00;23.7;6;AVERSES;5;0;0
Avesnes-sur-Helpe;50.12;3.93;27/07/2026;16:00;22.7;6;AVERSES;5;0;0
Avesnes-sur-Helpe;50.12;3.93;27/07/2026;17:00;;6;AVERSES;;;0
Avesnes-sur-Helpe;50.12;3.93;27/07/2026;18:00;;6;AVERSES;;;0
Avesnes-sur-Helpe;50.12;3.93;27/07/2026;19:00;;6;AVERSES;;;0
Avesnes-sur-Helpe;50.12;3.93;27/07/2026;20:00;18.5;6;AVERSES;5;0;0
Avesnes-sur-Helpe;50.12;3.93;27/07/2026;21:00;17.5;6;AVERSES;5;0;0
Avesnes-sur-Helpe;50.12;3.93;27/07/2026;22:00;16.5;6;AVERSES;5;0;0
Avesnes-sur-Helpe;50.12;3.93;27/07/2026;23:00;;6;AVERSES;;;0
Avesnes-sur-Helpe;50.12;3.93;28/07/2026;00:00;;6;AVERSES;;;0
Avesnes-sur-Helpe;50.12;3.93;28/07/2026;01:00;;6;AVERSES;;;0
Avesnes-sur-Helpe;50.12;3.93;28/07/2026;02:00;14.5;6;AVERSES;5;0;0
Avesnes-sur-Helpe;50.12;3.93;28/07/2026;03:00;14.5;6;AVERSES;5;0;0
Avesnes-sur-Helpe;50.12;3.93;28/07/2026;04:00;14.5;6;AVERSES;5;0;0
Avesnes-sur-Helpe;50.12;3.93;28/07/2026;05:00;;6;AVERSES;;;0
Avesnes-sur-Helpe;50.12;3.93;28/07/2026;06:00;;6;AVERSES;;;0
Avesnes-sur-Helpe;50.12;3.93;28/07/2026;07:00;;6;AVERSES;;;0
Avesnes-sur-Helpe;50.12;3.93;28/07/2026;08:00;16.4;6;AVERSES;5;0;0
Avesnes-sur-Helpe;50.12;3.93;28/07/2026;09:00;17.4;6;AVERSES;5;0;0
Avesnes-sur-Helpe;50.12;3.93;28/07/2026;10:00;18.3;6;AVERSES;5;0;0
Avesnes-sur-Helpe;50.12;3.93;28/07/2026;11:00;;6;AVERSES;;;0
Avesnes-sur-Helpe;50.12;3.93;28/07/2026;12:00;;6;AVERSES;;;0
Avesnes-sur-Helpe;50.12;3.93;28/07/2026;13:00;;6;AVERSES;;;0
Avesnes-sur-Helpe;50.12;3.93;28/07/2026;14:00;22.1;6;AVERSES;5;0;0
Avesnes-sur-Helpe;50.12;3.93;28/07/2026;15:00;23.1;6;AVERSES;5;0;0
Avesnes-sur-Helpe;50.12;3.93;28/07/2026;16:00;22.1;6;AVERSES;5;0;0
Avesnes-sur-Helpe;50.12;3.93;28/07/2026;17:00;;6;AVERSES;;;0
Avesnes-sur-Helpe;50.12;3.93;28/07/2026;18:00;;6;AVERSES;;;0
Avesnes-sur-Helpe;50.12;3.93;28/07/2026;19:00;;6;AVERSES;;;0
Avesnes-sur-Helpe;50.12;3.93;28/07/2026;20:00;18.3;6;AVERSES;5;0;0
Avesnes-sur-Helpe;50.12;3.93;28/07/2026;21:00;17.4;6;AVERSES;5;0;0
Avesnes-sur-Helpe;50.12;3.93;28/07/2026;22:00;16.4;6;AVERSES;5;0;0
Avesnes-sur-Helpe;50.12;3.93;28/07/2026;23:00;;6;AVERSES;;;0
Avesnes-sur-Helpe;50.12;3.93;29/07/2026;00:00;;6;AVERSES;;;0
Avesnes-sur-Helpe;50.12;3.93;29/07/2026;01:00;;6;AVERSES;;;0
Avesnes-sur-Helpe;50.12;3.93;29/07/2026;02:00;13.6;6;AVERSES;5;0;0
Avesnes-sur-Helpe;50.12;3.93;29/07/2026;03:00;13.6;6;AVERSES;5;0;0
Avesnes-sur-Helpe;50.12;3.93;29/07/2026;04:00;13.6;6;AVERSES;5;0;0
Avesnes-sur-Helpe;50.12;3.93;29/07/2026;05:00;;6;AVERSES;;;0
Avesnes-sur-Helpe;50.12;3.93;29/07/2026;06:00;;6;AVERSES;;;0
Avesnes-sur-Helpe;50.12;3.93;29/07/2026;07:00;;6;AVERSES;;;0
Avesnes-sur-Helpe;50.12;3.93;29/07/2026;08:00;16.2;6;AVERSES;5;0;0
Avesnes-sur-Helpe;50.12;3.93;29/07/2026;09:00;17.4;6;AVERSES;5;0;0
Avesnes-sur-Helpe;50.12;3.93;29/07/2026;10:00;18.7;6;AVERSES;5;0;0
Avesnes-sur-Helpe;50.12;3.93;29/07/2026;11:00;;6;AVERSES;;;0
Avesnes-sur-Helpe;50.12;3.93;29/07/2026;12:00;;6;AVERSES;;;0
Avesnes-sur-Helpe;50.12;3.93;29/07/2026;13:00;;6;AVERSES;;;0
Avesnes-sur-Helpe;50.12;3.93;29/07/2026;14:00;23.8;6;AVERSES;5;0;0
Avesnes-sur-Helpe;50.12;3.93;29/07/2026;15:00;25.1;6;AVERSES;5;0;0
Avesnes-sur-Helpe;50.12;3.93;29/07/2026;16:00;23.8;6;AVERSES;5;0;0
Avesnes-sur-Helpe;50.12;3.93;29/07/2026;17:00;;6;AVERSES;;;0
Avesnes-sur-Helpe;50.12;3.93;29/07/2026;18:00;;6;AVERSES;;;0
Avesnes-sur-Helpe;50.12;3.93;29/07/2026;19:00;;6;AVERSES;;;0
Avesnes-sur-Helpe;50.12;3.93;29/07/2026;20:00;18.7;6;AVERSES;5;0;0
Avesnes-sur-Helpe;50.12;3.93;29/07/2026;21:00;17.4;6;AVERSES;5;0;0
Avesnes-sur-Helpe;50.12;3.93;29/07/2026;22:00;16.2;6;AVERSES;5;0;0
Avesnes-sur-Helpe;50.12;3.93;29/07/2026;23:00;14.9;6;AVERSES;5;0;0
Avesnes-sur-Helpe;50.12;3.93;30/07/2026;00:00;12;0;SOLEIL;5;0;0
Avesnes-sur-Helpe;50.12;3.93;30/07/2026;01:00;12;0;SOLEIL;5;0;0
Avesnes-sur-Helpe;50.12;3.93;30/07/2026;02:00;12;0;SOLEIL;5;0;0
Avesnes-sur-Helpe;50.12;3.93;30/07/2026;03:00;12;0;SOLEIL;5;0;0
Avesnes-sur-Helpe;50.12;3.93;30/07/2026;04:00;12;0;SOLEIL;5;0;0
Avesnes-sur-Helpe;50.12;3.93;30/07/2026;05:00;12;0;SOLEIL;5;0;0
Avesnes-sur-Helpe;50.12;3.93;30/07/2026;06:00;12;0;SOLEIL;5;0;0
Avesnes-sur-Helpe;50.12;3.93;30/07/2026;07:00;13.1;0;SOLEIL;5;0;0
Avesnes-sur-Helpe;50.12;3.93;30/07/2026;08:00;14.2;0;SOLEIL;5;0;0
Avesnes-sur-Helpe;50.12;3.93;30/07/2026;09:00;15.3;0;SOLEIL;5;0;0
Avesnes-sur-Helpe;50.12;3.93;30/07/2026;10:00;16.4;0;SOLEIL;5;0;0
Avesnes-sur-Helpe;50.12;3.93;30/07/2026;11:00;17.6;0;SOLEIL;5;0;0
Avesnes-sur-Helpe;50.12;3.93;30/07/2026;12:00;18.7;0;SOLEIL;5;0;0
Avesnes-sur-Helpe;50.12;3.93;30/07/2026;13:00;19.8;0;SOLEIL;5;0;0
Avesnes-sur-Helpe;50.12;3.93;30/07/2026;14:00;20.9;0;SOLEIL;5;0;0
Avesnes-sur-Helpe;50.12;3.93;30/07/2026;15:00;22.0;0;SOLEIL;5;0;0
Avesnes-sur-Helpe;50.12;3.93;30/07/2026;16:00;20.9;0;SOLEIL;5;0;0
Avesnes-sur-Helpe;50.12;3.93;30/07/2026;17:00;19.8;0;SOLEIL;5;0;0
Avesnes-sur-Helpe;50.12;3.93;30/07/2026;18:00;18.7;0;SOLEIL;5;0;0
Avesnes-sur-Helpe;50.12;3.93;30/07/2026;19:00;17.6;0;SOLEIL;5;0;0
Avesnes-sur-Helpe;50.12;3.93;30/07/2026;20:00;16.4;0;SOLEIL;5;0;0
Avesnes-sur-Helpe;50.12;3.93;30/07/2026;21:00;15.3;0;SOLEIL;5;0;0
Avesnes-sur-Helpe;50.12;3.93;30/07/2026;22:00;14.2;0;SOLEIL;5;0;0
Avesnes-sur-Helpe;50.12;3.93;30/07/2026;23:00;13.1;0;SOLEIL;5;0;0
Avesnes-sur-Helpe;50.12;3.93;31/07/2026;00:00;12;0;SOLEIL;5;0;0
Avesnes-sur-Helpe;50.12;3.93;31/07/2026;01:00;12;0;SOLEIL;5;0;0
Avesnes-sur-Helpe;50.12;3.93;31/07/2026;02:00;12;0;SOLEIL;5;0;0
Avesnes-sur-Helpe;50.12;3.93;31/07/2026;03:00;12;0;SOLEIL;5;0;0
Avesnes-sur-Helpe;50.12;3.93;31/07/2026;04:00;12;0;SOLEIL;5;0;0
Avesnes-sur-Helpe;50.12;3.93;31/07/2026;05:00;12;0;SOLEIL;5;0;0
Avesnes-sur-Helpe;50.12;3.93;31/07/2026;06:00;12;0;SOLEIL;5;0;0
Avesnes-sur-Helpe;50.12;3.93;31/07/2026;07:00;13.1;0;SOLEIL;5;0;0
Avesnes-sur-Helpe;50.12;3.93;31/07/2026;08:00;14.2;0;SOLEIL;5;0;0
Avesnes-sur-Helpe;50.12;3.93;31/07/2026;09:00;15.3;0;SOLEIL;5;0;0
Avesnes-sur-Helpe;50.12;3.93;31/07/2026;10:00;16.4;0;SOLEIL;5;0;0
Avesnes-sur-Helpe;50.12;3.93;31/07/2026;11:00;17.6;0;SOLEIL;5;0;0
Avesnes-sur-Helpe;50.12;3.93;31/07/2026;12:00;18.7;0;SOLEIL;5;0;0
Avesnes-sur-Helpe;50.12;3.93;31/07/2026;13:00;19.8;0;SOLEIL;5;0;0
Avesnes-sur-Helpe;50.12;3.93;31/07/2026;14:00;20.9;0;SOLEIL;5;0;0
Avesnes-sur-Helpe;50.12;3.93;31/07/2026;15:00;22.0;0;SOLEIL;5;0;0
Avesnes-sur-Helpe;50.12;3.93;31/07/2026;16:00;20.9;0;SOLEIL;5;0;0
Avesnes-sur-Helpe;50.12;3.93;31/07/2026;17:00;19.8;0;SOLEIL;5;0;0
Avesnes-sur-Helpe;50.12;3.93;31/07/2026;18:00;18.7;0;SOLEIL;5;0;0
Avesnes-sur-Helpe;50.12;3.93;31/07/2026;19:00;17.6;0;SOLEIL;5;0;0
Avesnes-sur-Helpe;50.12;3.93;31/07/2026;20:00;16.4;0;SOLEIL;5;0;0
Avesnes-sur-Helpe;50.12;3.93;31/07/2026;21:00;15.3;0;SOLEIL;5;0;0
Avesnes-sur-Helpe;50.12;3.93;31/07/2026;22:00;14.2;0;SOLEIL;5;0;0
Avesnes-sur-Helpe;50.12;3.93;31/07/2026;23:00;13.1;0;SOLEIL;5;0;0
Cambrai;50.17;3.23;16/07/2026;00:00;19.9;0;SOLEIL;3;13.3;0
Cambrai;50.17;3.23;16/07/2026;01:00;20.2;0;SOLEIL;3;16.9;0
Cambrai;50.17;3.23;16/07/2026;02:00;20.1;0;SOLEIL;3;16.2;0
Cambrai;50.17;3.23;16/07/2026;03:00;18.4;0;SOLEIL;3;13.0;0
Cambrai;50.17;3.23;16/07/2026;04:00;19.2;0;SOLEIL;3;11.9;0
Cambrai;50.17;3.23;16/07/2026;05:00;18.6;0;SOLEIL;3;10.8;0
Cambrai;50.17;3.23;16/07/2026;06:00;20.2;0;SOLEIL;3;11.2;0
Cambrai;50.17;3.23;16/07/2026;07:00;22.4;0;SOLEIL;3;14.4;0
Cambrai;50.17;3.23;16/07/2026;08:00;24.2;0;SOLEIL;3;17.3;0
Cambrai;50.17;3.23;16/07/2026;09:00;26.6;0;SOLEIL;3;21.6;0
Cambrai;50.17;3.23;16/07/2026;10:00;28.6;0;SOLEIL;3;22.7;0
Cambrai;50.17;3.23;16/07/2026;11:00;29.6;0;SOLEIL;3;24.5;0
Cambrai;50.17;3.23;16/07/2026;12:00;29.7;0;SOLEIL;3;25.2;0
Cambrai;50.17;3.23;16/07/2026;13:00;30.5;0;SOLEIL;3;24.8;0
Cambrai;50.17;3.23;16/07/2026;14:00;31.2;2;NUAGEUX;3;23.8;0
Cambrai;50.17;3.23;16/07/2026;15:00;29.7;0;SOLEIL;3;22.3;0
Cambrai;50.17;3.23;16/07/2026;16:00;31;2;NUAGEUX;4;23.4;0
Cambrai;50.17;3.23;16/07/2026;17:00;31.4;10;ORAGEUX;4;23.8;6.9
Cambrai;50.17;3.23;16/07/2026;18:00;26.9;10;ORAGEUX;4;20.9;1.1
Cambrai;50.17;3.23;16/07/2026;19:00;24;0;SOLEIL;4;41.0;0
Cambrai;50.17;3.23;16/07/2026;20:00;21.5;0;SOLEIL;4;21.2;0
Cambrai;50.17;3.23;16/07/2026;21:00;21;0;SOLEIL;2;11.5;0
Cambrai;50.17;3.23;16/07/2026;22:00;19.7;0;SOLEIL;2;13.7;0
Cambrai;50.17;3.23;16/07/2026;23:00;19.7;2;NUAGEUX;3;19.4;0
Cambrai;50.17;3.23;17/07/2026;00:00;19.6;2;NUAGEUX;2;19.4;0
Cambrai;50.17;3.23;17/07/2026;01:00;19.6;2;NUAGEUX;2;20.2;0
Cambrai;50.17;3.23;17/07/2026;02:00;17.1;5;SOLEIL VOILÉ;2;20.5;0
Cambrai;50.17;3.23;17/07/2026;03:00;17.1;5;SOLEIL VOILÉ;2;13.3;0
Cambrai;50.17;3.23;17/07/2026;04:00;17.1;5;SOLEIL VOILÉ;2;12.2;0
Cambrai;50.17;3.23;17/07/2026;05:00;17.5;5;SOLEIL VOILÉ;3;10.8;0
Cambrai;50.17;3.23;17/07/2026;06:00;17.5;5;SOLEIL VOILÉ;3;16.2;0
Cambrai;50.17;3.23;17/07/2026;07:00;17.5;5;SOLEIL VOILÉ;3;15.5;0
Cambrai;50.17;3.23;17/07/2026;08:00;22.1;5;SOLEIL VOILÉ;3;20.2;0
Cambrai;50.17;3.23;17/07/2026;09:00;22.1;5;SOLEIL VOILÉ;3;26.6;0
Cambrai;50.17;3.23;17/07/2026;10:00;22.1;5;SOLEIL VOILÉ;3;27.0;0
Cambrai;50.17;3.23;17/07/2026;11:00;25.5;6;AVERSES;4;25.6;0
Cambrai;50.17;3.23;17/07/2026;12:00;25.5;6;AVERSES;4;24.5;0
Cambrai;50.17;3.23;17/07/2026;13:00;25.5;6;AVERSES;4;22.0;0
Cambrai;50.17;3.23;17/07/2026;14:00;25.1;0;SOLEIL;5;27.4;0
Cambrai;50.17;3.23;17/07/2026;15:00;25.1;0;SOLEIL;5;27.4;0
Cambrai;50.17;3.23;17/07/2026;16:00;25.1;0;SOLEIL;5;25.6;0
Cambrai;50.17;3.23;17/07/2026;17:00;23;0;SOLEIL;5;31.0;0
Cambrai;50.17;3.23;17/07/2026;18:00;23;0;SOLEIL;5;31.7;0
Cambrai;50.17;3.23;17/07/2026;19:00;23;0;SOLEIL;5;35.3;0
Cambrai;50.17;3.23;17/07/2026;20:00;18.7;0;SOLEIL;4;36.7;0
Cambrai;50.17;3.23;17/07/2026;21:00;18.7;0;SOLEIL;4;35.3;0
Cambrai;50.17;3.23;17/07/2026;22:00;18.7;0;SOLEIL;4;27.0;0
Cambrai;50.17;3.23;17/07/2026;23:00;16.6;0;SOLEIL;3;17.5;0
Cambrai;50.17;3.23;18/07/2026;00:00;16.6;0;SOLEIL;3;14.4;0
Cambrai;50.17;3.23;18/07/2026;01:00;16.6;0;SOLEIL;3;17.6;0
Cambrai;50.17;3.23;18/07/2026;02:00;14.4;0;SOLEIL;3;18.7;0
Cambrai;50.17;3.23;18/07/2026;03:00;14.4;0;SOLEIL;3;18.7;0
Cambrai;50.17;3.23;18/07/2026;04:00;14.4;0;SOLEIL;3;18.0;0
Cambrai;50.17;3.23;18/07/2026;05:00;15.6;0;SOLEIL;4;17.3;0
Cambrai;50.17;3.23;18/07/2026;06:00;15.6;0;SOLEIL;4;15.1;0
Cambrai;50.17;3.23;18/07/2026;07:00;15.6;0;SOLEIL;4;16.6;0
Cambrai;50.17;3.23;18/07/2026;08:00;20.9;0;SOLEIL;4;22.0;0
Cambrai;50.17;3.23;18/07/2026;09:00;20.9;0;SOLEIL;4;23.0;0
Cambrai;50.17;3.23;18/07/2026;10:00;20.9;0;SOLEIL;4;25.9;0
Cambrai;50.17;3.23;18/07/2026;11:00;24.1;0;SOLEIL;5;26.6;0
Cambrai;50.17;3.23;18/07/2026;12:00;24.1;0;SOLEIL;5;28.1;0
Cambrai;50.17;3.23;18/07/2026;13:00;24.1;0;SOLEIL;5;28.8;0
Cambrai;50.17;3.23;18/07/2026;14:00;23.6;0;SOLEIL;6;29.2;0
Cambrai;50.17;3.23;18/07/2026;15:00;23.6;0;SOLEIL;6;29.2;0
Cambrai;50.17;3.23;18/07/2026;16:00;23.6;0;SOLEIL;6;33.5;0
Cambrai;50.17;3.23;18/07/2026;17:00;19.6;0;SOLEIL;6;37.8;0
Cambrai;50.17;3.23;18/07/2026;18:00;19.6;0;SOLEIL;6;37.8;0
Cambrai;50.17;3.23;18/07/2026;19:00;19.6;0;SOLEIL;6;40.0;0
Cambrai;50.17;3.23;18/07/2026;20:00;18.4;0;SOLEIL;5;40.3;0
Cambrai;50.17;3.23;18/07/2026;21:00;17.2;0;SOLEIL;5;40.0;0
Cambrai;50.17;3.23;18/07/2026;22:00;16.0;0;SOLEIL;5;38.5;0
Cambrai;50.17;3.23;18/07/2026;23:00;13.7;0;SOLEIL;4;36.4;0
Cambrai;50.17;3.23;19/07/2026;00:00;13.7;0;SOLEIL;4;32.4;0
Cambrai;50.17;3.23;19/07/2026;01:00;13.7;0;SOLEIL;4;27.7;0
Cambrai;50.17;3.23;19/07/2026;02:00;12.4;0;SOLEIL;5;23.8;0
Cambrai;50.17;3.23;19/07/2026;03:00;12.4;0;SOLEIL;5;21.2;0
Cambrai;50.17;3.23;19/07/2026;04:00;12.4;0;SOLEIL;5;20.2;0
Cambrai;50.17;3.23;19/07/2026;05:00;15;0;SOLEIL;3;19.4;0
Cambrai;50.17;3.23;19/07/2026;06:00;15;0;SOLEIL;3;19.8;0
Cambrai;50.17;3.23;19/07/2026;07:00;15;0;SOLEIL;3;21.2;0
Cambrai;50.17;3.23;19/07/2026;08:00;15.0;0;SOLEIL;5;23.0;0
Cambrai;50.17;3.23;19/07/2026;09:00;16.2;0;SOLEIL;5;25.6;0
Cambrai;50.17;3.23;19/07/2026;10:00;17.5;0;SOLEIL;5;28.1;0
Cambrai;50.17;3.23;19/07/2026;11:00;22.4;6;AVERSES;5;30.6;0
Cambrai;50.17;3.23;19/07/2026;12:00;22.4;6;AVERSES;5;32.0;0
Cambrai;50.17;3.23;19/07/2026;13:00;22.4;6;AVERSES;5;33.1;0
Cambrai;50.17;3.23;19/07/2026;14:00;22.6;0;SOLEIL;5;33.8;0
Cambrai;50.17;3.23;19/07/2026;15:00;23.9;0;SOLEIL;5;34.2;0
Cambrai;50.17;3.23;19/07/2026;16:00;22.6;0;SOLEIL;5;33.8;0
Cambrai;50.17;3.23;19/07/2026;17:00;20.7;0;SOLEIL;5;33.8;0
Cambrai;50.17;3.23;19/07/2026;18:00;20.7;0;SOLEIL;5;34.2;0
Cambrai;50.17;3.23;19/07/2026;19:00;20.7;0;SOLEIL;5;34.6;0
Cambrai;50.17;3.23;19/07/2026;20:00;17.5;0;SOLEIL;5;34.9;0
Cambrai;50.17;3.23;19/07/2026;21:00;16.2;0;SOLEIL;5;35.3;0
Cambrai;50.17;3.23;19/07/2026;22:00;15.0;0;SOLEIL;5;35.3;0
Cambrai;50.17;3.23;19/07/2026;23:00;12.6;0;SOLEIL;3;33.8;0
Cambrai;50.17;3.23;20/07/2026;00:00;12.6;0;SOLEIL;3;29.5;0
Cambrai;50.17;3.23;20/07/2026;01:00;12.6;0;SOLEIL;3;23.8;0
Cambrai;50.17;3.23;20/07/2026;02:00;11.1;0;SOLEIL;5;19.1;0
Cambrai;50.17;3.23;20/07/2026;03:00;11.1;0;SOLEIL;5;16.9;0
Cambrai;50.17;3.23;20/07/2026;04:00;11.1;0;SOLEIL;5;16.2;0
Cambrai;50.17;3.23;20/07/2026;05:00;13.7;0;SOLEIL;2;15.8;0
Cambrai;50.17;3.23;20/07/2026;06:00;13.7;0;SOLEIL;2;15.1;0
Cambrai;50.17;3.23;20/07/2026;07:00;13.7;0;SOLEIL;2;15.1;0
Cambrai;50.17;3.23;20/07/2026;08:00;13.9;0;SOLEIL;5;16.2;0
Cambrai;50.17;3.23;20/07/2026;09:00;15.3;0;SOLEIL;5;19.8;0
Cambrai;50.17;3.23;20/07/2026;10:00;16.7;0;SOLEIL;5;24.5;0
Cambrai;50.17;3.23;20/07/2026;11:00;21.7;6;AVERSES;4;28.1;0
Cambrai;50.17;3.23;20/07/2026;12:00;21.7;6;AVERSES;4;29.2;0
Cambrai;50.17;3.23;20/07/2026;13:00;21.7;6;AVERSES;4;29.2;0
Cambrai;50.17;3.23;20/07/2026;14:00;22.2;0;SOLEIL;5;29.2;0
Cambrai;50.17;3.23;20/07/2026;15:00;23.6;0;SOLEIL;5;30.2;0
Cambrai;50.17;3.23;20/07/2026;16:00;22.2;0;SOLEIL;5;31.3;0
Cambrai;50.17;3.23;20/07/2026;17:00;21.6;0;SOLEIL;5;32.4;0
Cambrai;50.17;3.23;20/07/2026;18:00;21.6;0;SOLEIL;5;33.5;0
Cambrai;50.17;3.23;20/07/2026;19:00;21.6;0;SOLEIL;5;34.6;0
Cambrai;50.17;3.23;20/07/2026;20:00;16.7;0;SOLEIL;5;35.3;0
Cambrai;50.17;3.23;20/07/2026;21:00;15.3;0;SOLEIL;5;35.6;0
Cambrai;50.17;3.23;20/07/2026;22:00;13.9;0;SOLEIL;5;36.0;0
Cambrai;50.17;3.23;20/07/2026;23:00;13.5;0;SOLEIL;3;34.9;0
Cambrai;50.17;3.23;21/07/2026;00:00;13.5;0;SOLEIL;3;27.7;0
Cambrai;50.17;3.23;21/07/2026;01:00;13.5;0;SOLEIL;3;25.6;0
Cambrai;50.17;3.23;21/07/2026;02:00;12;2;NUAGEUX;5;23.8;0
Cambrai;50.17;3.23;21/07/2026;03:00;12;2;NUAGEUX;5;22.3;0
Cambrai;50.17;3.23;21/07/2026;04:00;12;2;NUAGEUX;5;21.2;0
Cambrai;50.17;3.23;21/07/2026;05:00;14.1;0;SOLEIL;3;20.5;0
Cambrai;50.17;3.23;21/07/2026;06:00;14.1;0;SOLEIL;3;19.8;0
Cambrai;50.17;3.23;21/07/2026;07:00;14.1;0;SOLEIL;3;19.8;0
Cambrai;50.17;3.23;21/07/2026;08:00;14.8;2;NUAGEUX;5;20.2;0
Cambrai;50.17;3.23;21/07/2026;09:00;16.2;2;NUAGEUX;5;21.6;0
Cambrai;50.17;3.23;21/07/2026;10:00;17.6;2;NUAGEUX;5;24.1;0
Cambrai;50.17;3.23;21/07/2026;11:00;22.5;2;NUAGEUX;4;27.0;0
Cambrai;50.17;3.23;21/07/2026;12:00;22.5;2;NUAGEUX;4;29.9;0
Cambrai;50.17;3.23;21/07/2026;13:00;22.5;2;NUAGEUX;4;32.4;0
Cambrai;50.17;3.23;21/07/2026;14:00;23.3;2;NUAGEUX;5;34.2;0
Cambrai;50.17;3.23;21/07/2026;15:00;24.7;2;NUAGEUX;5;35.3;0
Cambrai;50.17;3.23;21/07/2026;16:00;23.3;2;NUAGEUX;5;35.6;0
Cambrai;50.17;3.23;21/07/2026;17:00;22.6;2;NUAGEUX;5;35.6;0
Cambrai;50.17;3.23;21/07/2026;18:00;22.6;2;NUAGEUX;5;35.3;0
Cambrai;50.17;3.23;21/07/2026;19:00;22.6;2;NUAGEUX;5;34.9;0
Cambrai;50.17;3.23;21/07/2026;20:00;17.6;2;NUAGEUX;5;34.9;0
Cambrai;50.17;3.23;21/07/2026;21:00;16.2;2;NUAGEUX;5;34.9;0
Cambrai;50.17;3.23;21/07/2026;22:00;14.8;2;NUAGEUX;5;35.6;0
Cambrai;50.17;3.23;21/07/2026;23:00;14.2;0;SOLEIL;3;35.6;0
Cambrai;50.17;3.23;22/07/2026;00:00;14.2;0;SOLEIL;3;36.0;0
Cambrai;50.17;3.23;22/07/2026;01:00;14.2;0;SOLEIL;3;35.3;0
Cambrai;50.17;3.23;22/07/2026;02:00;12.5;2;NUAGEUX;5;34.2;0
Cambrai;50.17;3.23;22/07/2026;03:00;12.5;2;NUAGEUX;5;31.7;0
Cambrai;50.17;3.23;22/07/2026;04:00;12.5;2;NUAGEUX;5;28.1;0
Cambrai;50.17;3.23;22/07/2026;05:00;15.5;0;SOLEIL;2;23.8;0
Cambrai;50.17;3.23;22/07/2026;06:00;15.5;0;SOLEIL;2;19.8;0
Cambrai;50.17;3.23;22/07/2026;07:00;15.5;0;SOLEIL;2;16.6;0
Cambrai;50.17;3.23;22/07/2026;08:00;15.6;2;NUAGEUX;5;15.1;0
Cambrai;50.17;3.23;22/07/2026;09:00;17.1;2;NUAGEUX;5;15.5;0
Cambrai;50.17;3.23;22/07/2026;10:00;18.7;2;NUAGEUX;5;17.3;0
Cambrai;50.17;3.23;22/07/2026;11:00;24.7;2;NUAGEUX;4;20.2;0
Cambrai;50.17;3.23;22/07/2026;12:00;24.7;2;NUAGEUX;4;23.4;0
Cambrai;50.17;3.23;22/07/2026;13:00;24.7;2;NUAGEUX;4;26.3;0
Cambrai;50.17;3.23;22/07/2026;14:00;24.9;2;NUAGEUX;5;28.1;0
Cambrai;50.17;3.23;22/07/2026;15:00;26.4;2;NUAGEUX;5;29.2;0
Cambrai;50.17;3.23;22/07/2026;16:00;24.9;2;NUAGEUX;5;29.9;0
Cambrai;50.17;3.23;22/07/2026;17:00;23.1;2;NUAGEUX;4;30.6;0
Cambrai;50.17;3.23;22/07/2026;18:00;23.1;2;NUAGEUX;4;31.0;0
Cambrai;50.17;3.23;22/07/2026;19:00;23.1;2;NUAGEUX;4;31.0;0
Cambrai;50.17;3.23;22/07/2026;20:00;18.7;2;NUAGEUX;5;31.0;0
Cambrai;50.17;3.23;22/07/2026;21:00;17.1;2;NUAGEUX;5;31.0;0
Cambrai;50.17;3.23;22/07/2026;22:00;15.6;2;NUAGEUX;5;30.6;0
Cambrai;50.17;3.23;22/07/2026;23:00;15.7;0;SOLEIL;3;30.6;0
Cambrai;50.17;3.23;23/07/2026;00:00;15.7;0;SOLEIL;3;29.9;0
Cambrai;50.17;3.23;23/07/2026;01:00;15.7;0;SOLEIL;3;29.2;0
Cambrai;50.17;3.23;23/07/2026;02:00;13.6;0;SOLEIL;5;28.1;0
Cambrai;50.17;3.23;23/07/2026;03:00;13.6;0;SOLEIL;5;26.3;0
Cambrai;50.17;3.23;23/07/2026;04:00;13.6;0;SOLEIL;5;23.8;0
Cambrai;50.17;3.23;23/07/2026;05:00;15.9;0;SOLEIL;3;21.2;0
Cambrai;50.17;3.23;23/07/2026;06:00;15.9;0;SOLEIL;3;18.7;0
Cambrai;50.17;3.23;23/07/2026;07:00;15.9;0;SOLEIL;3;17.3;0
Cambrai;50.17;3.23;23/07/2026;08:00;16.6;0;SOLEIL;5;16.6;0
Cambrai;50.17;3.23;23/07/2026;09:00;18.1;0;SOLEIL;5;17.6;0
Cambrai;50.17;3.23;23/07/2026;10:00;19.6;0;SOLEIL;5;19.8;0
Cambrai;50.17;3.23;23/07/2026;11:00;25.1;6;AVERSES;4;22.7;0
Cambrai;50.17;3.23;23/07/2026;12:00;25.1;6;AVERSES;4;25.9;0
Cambrai;50.17;3.23;23/07/2026;13:00;25.1;6;AVERSES;4;28.8;0
Cambrai;50.17;3.23;23/07/2026;14:00;25.6;0;SOLEIL;5;30.6;0
Cambrai;50.17;3.23;23/07/2026;15:00;27.1;0;SOLEIL;5;31.7;0
Cambrai;50.17;3.23;23/07/2026;16:00;25.6;0;SOLEIL;5;32.0;0
Cambrai;50.17;3.23;23/07/2026;17:00;24.5;0;SOLEIL;4;32.0;0
Cambrai;50.17;3.23;23/07/2026;18:00;24.5;0;SOLEIL;4;31.7;0
Cambrai;50.17;3.23;23/07/2026;19:00;24.5;0;SOLEIL;4;31.3;0
Cambrai;50.17;3.23;23/07/2026;20:00;19.6;0;SOLEIL;5;31.0;0
Cambrai;50.17;3.23;23/07/2026;21:00;18.1;0;SOLEIL;5;30.6;0
Cambrai;50.17;3.23;23/07/2026;22:00;16.6;0;SOLEIL;5;29.9;0
Cambrai;50.17;3.23;23/07/2026;23:00;15.7;0;SOLEIL;2;29.2;0
Cambrai;50.17;3.23;24/07/2026;00:00;15.7;0;SOLEIL;2;28.1;0
Cambrai;50.17;3.23;24/07/2026;01:00;15.7;0;SOLEIL;2;27.0;0
Cambrai;50.17;3.23;24/07/2026;02:00;13.6;0;SOLEIL;5;25.6;0
Cambrai;50.17;3.23;24/07/2026;03:00;13.6;0;SOLEIL;5;23.4;0
Cambrai;50.17;3.23;24/07/2026;04:00;13.6;0;SOLEIL;5;20.9;0
Cambrai;50.17;3.23;24/07/2026;05:00;16.4;0;SOLEIL;3;18.0;0
Cambrai;50.17;3.23;24/07/2026;06:00;16.4;0;SOLEIL;3;15.1;0
Cambrai;50.17;3.23;24/07/2026;07:00;16.4;0;SOLEIL;3;13.3;0
Cambrai;50.17;3.23;24/07/2026;08:00;16.6;0;SOLEIL;5;12.6;0
Cambrai;50.17;3.23;24/07/2026;09:00;18.1;0;SOLEIL;5;13.7;0
Cambrai;50.17;3.23;24/07/2026;10:00;19.6;0;SOLEIL;5;15.8;0
Cambrai;50.17;3.23;24/07/2026;11:00;25.7;0;SOLEIL;5;18.7;0
Cambrai;50.17;3.23;24/07/2026;12:00;25.7;0;SOLEIL;5;21.6;0
Cambrai;50.17;3.23;24/07/2026;13:00;25.7;0;SOLEIL;5;24.5;0
Cambrai;50.17;3.23;24/07/2026;14:00;25.6;0;SOLEIL;5;26.3;0
Cambrai;50.17;3.23;24/07/2026;15:00;27.1;0;SOLEIL;5;27.0;0
Cambrai;50.17;3.23;24/07/2026;16:00;25.6;0;SOLEIL;5;27.4;0
Cambrai;50.17;3.23;24/07/2026;17:00;24.1;0;SOLEIL;3;27.4;0
Cambrai;50.17;3.23;24/07/2026;18:00;24.1;0;SOLEIL;3;27.0;0
Cambrai;50.17;3.23;24/07/2026;19:00;24.1;0;SOLEIL;3;26.6;0
Cambrai;50.17;3.23;24/07/2026;20:00;19.6;0;SOLEIL;5;25.9;0
Cambrai;50.17;3.23;24/07/2026;21:00;18.1;0;SOLEIL;5;24.8;0
Cambrai;50.17;3.23;24/07/2026;22:00;16.6;0;SOLEIL;5;23.0;0
Cambrai;50.17;3.23;24/07/2026;23:00;16.6;0;SOLEIL;3;21.2;0
Cambrai;50.17;3.23;25/07/2026;00:00;16.6;0;SOLEIL;3;19.4;0
Cambrai;50.17;3.23;25/07/2026;01:00;16.6;0;SOLEIL;3;18.0;0
Cambrai;50.17;3.23;25/07/2026;02:00;14.7;0;SOLEIL;5;17.3;0
Cambrai;50.17;3.23;25/07/2026;03:00;14.7;0;SOLEIL;5;17.3;0
Cambrai;50.17;3.23;25/07/2026;04:00;14.7;0;SOLEIL;5;18.0;0
Cambrai;50.17;3.23;25/07/2026;05:00;;0;SOLEIL;;19.1;0
Cambrai;50.17;3.23;25/07/2026;06:00;;0;SOLEIL;;20.5;0
Cambrai;50.17;3.23;25/07/2026;07:00;;0;SOLEIL;;22.3;0
Cambrai;50.17;3.23;25/07/2026;08:00;16.9;0;SOLEIL;5;24.1;0
Cambrai;50.17;3.23;25/07/2026;09:00;18.0;0;SOLEIL;5;26.3;0
Cambrai;50.17;3.23;25/07/2026;10:00;19.1;0;SOLEIL;5;29.5;0
Cambrai;50.17;3.23;25/07/2026;11:00;;0;SOLEIL;;32.4;0
Cambrai;50.17;3.23;25/07/2026;12:00;;0;SOLEIL;;35.6;0
Cambrai;50.17;3.23;25/07/2026;13:00;;0;SOLEIL;;38.2;0
Cambrai;50.17;3.23;25/07/2026;14:00;23.5;0;SOLEIL;5;40.3;0
Cambrai;50.17;3.23;25/07/2026;15:00;24.6;0;SOLEIL;5;41.8;0
Cambrai;50.17;3.23;25/07/2026;16:00;23.5;0;SOLEIL;5;43.2;0
Cambrai;50.17;3.23;25/07/2026;17:00;;0;SOLEIL;;43.9;0
Cambrai;50.17;3.23;25/07/2026;18:00;;0;SOLEIL;;44.3;0
Cambrai;50.17;3.23;25/07/2026;19:00;;0;SOLEIL;;43.9;0
Cambrai;50.17;3.23;25/07/2026;20:00;19.1;0;SOLEIL;5;42.5;0
Cambrai;50.17;3.23;25/07/2026;21:00;18.0;0;SOLEIL;5;40.0;0
Cambrai;50.17;3.23;25/07/2026;22:00;16.9;0;SOLEIL;5;35.6;0
Cambrai;50.17;3.23;25/07/2026;23:00;;6;AVERSES;;31.0;0
Cambrai;50.17;3.23;26/07/2026;00:00;;6;AVERSES;;26.3;0
Cambrai;50.17;3.23;26/07/2026;01:00;;6;AVERSES;;22.0;0
Cambrai;50.17;3.23;26/07/2026;02:00;13.9;6;AVERSES;5;19.1;0
Cambrai;50.17;3.23;26/07/2026;03:00;13.9;6;AVERSES;5;17.3;0
Cambrai;50.17;3.23;26/07/2026;04:00;13.9;6;AVERSES;5;16.2;0
Cambrai;50.17;3.23;26/07/2026;05:00;;6;AVERSES;;15.8;0
Cambrai;50.17;3.23;26/07/2026;06:00;;6;AVERSES;;15.8;0
Cambrai;50.17;3.23;26/07/2026;07:00;;6;AVERSES;;16.6;0
Cambrai;50.17;3.23;26/07/2026;08:00;16.4;6;AVERSES;5;18.0;0
Cambrai;50.17;3.23;26/07/2026;09:00;17.6;6;AVERSES;5;20.5;0
Cambrai;50.17;3.23;26/07/2026;10:00;18.8;6;AVERSES;5;24.1;0
Cambrai;50.17;3.23;26/07/2026;11:00;;6;AVERSES;;28.4;0
Cambrai;50.17;3.23;26/07/2026;12:00;;6;AVERSES;;32.8;0
Cambrai;50.17;3.23;26/07/2026;13:00;;6;AVERSES;;36.4;0
Cambrai;50.17;3.23;26/07/2026;14:00;23.8;6;AVERSES;5;38.9;0
Cambrai;50.17;3.23;26/07/2026;15:00;25.0;6;AVERSES;5;40.3;0
Cambrai;50.17;3.23;26/07/2026;16:00;23.8;6;AVERSES;5;40.7;0
Cambrai;50.17;3.23;26/07/2026;17:00;;6;AVERSES;;40.7;0
Cambrai;50.17;3.23;26/07/2026;18:00;;6;AVERSES;;40.3;0
Cambrai;50.17;3.23;26/07/2026;19:00;;6;AVERSES;;39.6;0
Cambrai;50.17;3.23;26/07/2026;20:00;18.8;6;AVERSES;5;38.9;0
Cambrai;50.17;3.23;26/07/2026;21:00;17.6;6;AVERSES;5;38.2;0
Cambrai;50.17;3.23;26/07/2026;22:00;16.4;6;AVERSES;5;37.1;0
Cambrai;50.17;3.23;26/07/2026;23:00;;6;AVERSES;;35.6;0
Cambrai;50.17;3.23;27/07/2026;00:00;;6;AVERSES;;34.2;0
Cambrai;50.17;3.23;27/07/2026;01:00;;6;AVERSES;;32.8;0
Cambrai;50.17;3.23;27/07/2026;02:00;13.6;6;AVERSES;5;31.0;0
Cambrai;50.17;3.23;27/07/2026;03:00;13.6;6;AVERSES;5;28.8;0
Cambrai;50.17;3.23;27/07/2026;04:00;13.6;6;AVERSES;5;25.9;0
Cambrai;50.17;3.23;27/07/2026;05:00;;6;AVERSES;;23.0;0
Cambrai;50.17;3.23;27/07/2026;06:00;;6;AVERSES;;20.5;0
Cambrai;50.17;3.23;27/07/2026;07:00;;6;AVERSES;;19.1;0
Cambrai;50.17;3.23;27/07/2026;08:00;16.2;6;AVERSES;5;18.7;0
Cambrai;50.17;3.23;27/07/2026;09:00;17.6;6;AVERSES;5;20.5;0
Cambrai;50.17;3.23;27/07/2026;10:00;18.9;6;AVERSES;5;23.8;0
Cambrai;50.17;3.23;27/07/2026;11:00;;6;AVERSES;;28.1;0
Cambrai;50.17;3.23;27/07/2026;12:00;;6;AVERSES;;32.8;0
Cambrai;50.17;3.23;27/07/2026;13:00;;6;AVERSES;;36.7;0
Cambrai;50.17;3.23;27/07/2026;14:00;24.2;6;AVERSES;5;39.2;0
Cambrai;50.17;3.23;27/07/2026;15:00;25.5;6;AVERSES;5;40.7;0
Cambrai;50.17;3.23;27/07/2026;16:00;24.2;6;AVERSES;5;41.4;0
Cambrai;50.17;3.23;27/07/2026;17:00;;6;AVERSES;;41.4;0
Cambrai;50.17;3.23;27/07/2026;18:00;;6;AVERSES;;41.0;0
Cambrai;50.17;3.23;27/07/2026;19:00;;6;AVERSES;;40.3;0
Cambrai;50.17;3.23;27/07/2026;20:00;18.9;6;AVERSES;5;39.6;0
Cambrai;50.17;3.23;27/07/2026;21:00;17.6;6;AVERSES;5;38.5;0
Cambrai;50.17;3.23;27/07/2026;22:00;16.2;6;AVERSES;5;36.7;0
Cambrai;50.17;3.23;27/07/2026;23:00;;6;AVERSES;;34.9;0
Cambrai;50.17;3.23;28/07/2026;00:00;;6;AVERSES;;32.8;0
Cambrai;50.17;3.23;28/07/2026;01:00;;6;AVERSES;;30.6;0
Cambrai;50.17;3.23;28/07/2026;02:00;14.1;6;AVERSES;5;28.8;0
Cambrai;50.17;3.23;28/07/2026;03:00;14.1;6;AVERSES;5;27.0;0
Cambrai;50.17;3.23;28/07/2026;04:00;14.1;6;AVERSES;5;24.8;0
Cambrai;50.17;3.23;28/07/2026;05:00;;6;AVERSES;;23.0;0
Cambrai;50.17;3.23;28/07/2026;06:00;;6;AVERSES;;21.2;0
Cambrai;50.17;3.23;28/07/2026;07:00;;6;AVERSES;;20.2;0
Cambrai;50.17;3.23;28/07/2026;08:00;16.4;6;AVERSES;5;20.2;0
Cambrai;50.17;3.23;28/07/2026;09:00;17.6;6;AVERSES;5;21.2;0
Cambrai;50.17;3.23;28/07/2026;10:00;18.7;6;AVERSES;5;23.4;0
Cambrai;50.17;3.23;28/07/2026;11:00;;6;AVERSES;;25.9;0
Cambrai;50.17;3.23;28/07/2026;12:00;;6;AVERSES;;28.8;0
Cambrai;50.17;3.23;28/07/2026;13:00;;6;AVERSES;;31.3;0
Cambrai;50.17;3.23;28/07/2026;14:00;23.3;6;AVERSES;5;33.1;0
Cambrai;50.17;3.23;28/07/2026;15:00;24.5;6;AVERSES;5;34.2;0
Cambrai;50.17;3.23;28/07/2026;16:00;23.3;6;AVERSES;5;34.6;0
Cambrai;50.17;3.23;28/07/2026;17:00;;6;AVERSES;;34.9;0
Cambrai;50.17;3.23;28/07/2026;18:00;;6;AVERSES;;34.9;0
Cambrai;50.17;3.23;28/07/2026;19:00;;6;AVERSES;;34.6;0
Cambrai;50.17;3.23;28/07/2026;20:00;18.7;6;AVERSES;5;33.8;0
Cambrai;50.17;3.23;28/07/2026;21:00;17.6;6;AVERSES;5;32.4;0
Cambrai;50.17;3.23;28/07/2026;22:00;16.4;6;AVERSES;5;30.6;0
Cambrai;50.17;3.23;28/07/2026;23:00;;6;AVERSES;;28.4;0
Cambrai;50.17;3.23;29/07/2026;00:00;;6;AVERSES;;26.3;0
Cambrai;50.17;3.23;29/07/2026;01:00;;6;AVERSES;;23.8;0
Cambrai;50.17;3.23;29/07/2026;02:00;13.1;6;AVERSES;5;22.0;0
Cambrai;50.17;3.23;29/07/2026;03:00;13.1;6;AVERSES;5;19.8;0
Cambrai;50.17;3.23;29/07/2026;04:00;13.1;6;AVERSES;5;17.6;0
Cambrai;50.17;3.23;29/07/2026;05:00;;6;AVERSES;;15.5;0
Cambrai;50.17;3.23;29/07/2026;06:00;;6;AVERSES;;13.7;0
Cambrai;50.17;3.23;29/07/2026;07:00;;6;AVERSES;;13.0;0
Cambrai;50.17;3.23;29/07/2026;08:00;15.8;6;AVERSES;5;13.3;0
Cambrai;50.17;3.23;29/07/2026;09:00;17.2;6;AVERSES;5;15.5;0
Cambrai;50.17;3.23;29/07/2026;10:00;18.6;6;AVERSES;5;19.1;0
Cambrai;50.17;3.23;29/07/2026;11:00;;6;AVERSES;;23.8;0
Cambrai;50.17;3.23;29/07/2026;12:00;;6;AVERSES;;28.4;0
Cambrai;50.17;3.23;29/07/2026;13:00;;6;AVERSES;;32.4;0
Cambrai;50.17;3.23;29/07/2026;14:00;24.0;6;AVERSES;5;35.3;0
Cambrai;50.17;3.23;29/07/2026;15:00;25.4;6;AVERSES;5;36.7;0
Cambrai;50.17;3.23;29/07/2026;16:00;24.0;6;AVERSES;5;37.8;0
Cambrai;50.17;3.23;29/07/2026;17:00;;6;AVERSES;;38.2;0
Cambrai;50.17;3.23;29/07/2026;18:00;;6;AVERSES;;38.2;0
Cambrai;50.17;3.23;29/07/2026;19:00;;6;AVERSES;;37.4;0
Cambrai;50.17;3.23;29/07/2026;20:00;18.6;6;AVERSES;5;36.4;0
Cambrai;50.17;3.23;29/07/2026;21:00;17.2;6;AVERSES;5;34.6;0
Cambrai;50.17;3.23;29/07/2026;22:00;15.8;6;AVERSES;5;31.7;0
Cambrai;50.17;3.23;29/07/2026;23:00;14.5;6;AVERSES;5;28.4;0
Cambrai;50.17;3.23;30/07/2026;00:00;12;0;SOLEIL;5;25.7;0
Cambrai;50.17;3.23;30/07/2026;01:00;12;0;SOLEIL;5;22.9;0
Cambrai;50.17;3.23;30/07/2026;02:00;12;0;SOLEIL;5;21.3;0
Cambrai;50.17;3.23;30/07/2026;03:00;12;0;SOLEIL;5;20.9;0
Cambrai;50.17;3.23;30/07/2026;04:00;12;0;SOLEIL;5;21.2;0
Cambrai;50.17;3.23;30/07/2026;05:00;12;0;SOLEIL;5;0.0;0
Cambrai;50.17;3.23;30/07/2026;06:00;12;0;SOLEIL;5;0.0;0
Cambrai;50.17;3.23;30/07/2026;07:00;13.1;0;SOLEIL;5;0.0;0
Cambrai;50.17;3.23;30/07/2026;08:00;14.2;0;SOLEIL;5;0.0;0
Cambrai;50.17;3.23;30/07/2026;09:00;15.3;0;SOLEIL;5;0.0;0
Cambrai;50.17;3.23;30/07/2026;10:00;16.4;0;SOLEIL;5;0.0;0
Cambrai;50.17;3.23;30/07/2026;11:00;17.6;0;SOLEIL;5;0.0;0
Cambrai;50.17;3.23;30/07/2026;12:00;18.7;0;SOLEIL;5;0.0;0
Cambrai;50.17;3.23;30/07/2026;13:00;19.8;0;SOLEIL;5;0.0;0
Cambrai;50.17;3.23;30/07/2026;14:00;20.9;0;SOLEIL;5;0.0;0
Cambrai;50.17;3.23;30/07/2026;15:00;22.0;0;SOLEIL;5;0.0;0
Cambrai;50.17;3.23;30/07/2026;16:00;20.9;0;SOLEIL;5;0.0;0
Cambrai;50.17;3.23;30/07/2026;17:00;19.8;0;SOLEIL;5;0.0;0
Cambrai;50.17;3.23;30/07/2026;18:00;18.7;0;SOLEIL;5;0.0;0
Cambrai;50.17;3.23;30/07/2026;19:00;17.6;0;SOLEIL;5;0.0;0
Cambrai;50.17;3.23;30/07/2026;20:00;16.4;0;SOLEIL;5;0.0;0
Cambrai;50.17;3.23;30/07/2026;21:00;15.3;0;SOLEIL;5;0.0;0
Cambrai;50.17;3.23;30/07/2026;22:00;14.2;0;SOLEIL;5;0.0;0
Cambrai;50.17;3.23;30/07/2026;23:00;13.1;0;SOLEIL;5;0.0;0
Cambrai;50.17;3.23;31/07/2026;00:00;12;0;SOLEIL;5;0.0;0
Cambrai;50.17;3.23;31/07/2026;01:00;12;0;SOLEIL;5;0.0;0
Cambrai;50.17;3.23;31/07/2026;02:00;12;0;SOLEIL;5;0.0;0
Cambrai;50.17;3.23;31/07/2026;03:00;12;0;SOLEIL;5;0.0;0
Cambrai;50.17;3.23;31/07/2026;04:00;12;0;SOLEIL;5;0.0;0
Cambrai;50.17;3.23;31/07/2026;05:00;12;0;SOLEIL;5;0.0;0
Cambrai;50.17;3.23;31/07/2026;06:00;12;0;SOLEIL;5;0.0;0
Cambrai;50.17;3.23;31/07/2026;07:00;13.1;0;SOLEIL;5;0.0;0
Cambrai;50.17;3.23;31/07/2026;08:00;14.2;0;SOLEIL;5;0.0;0
Cambrai;50.17;3.23;31/07/2026;09:00;15.3;0;SOLEIL;5;0.0;0
Cambrai;50.17;3.23;31/07/2026;10:00;16.4;0;SOLEIL;5;0.0;0
Cambrai;50.17;3.23;31/07/2026;11:00;17.6;0;SOLEIL;5;0.0;0
Cambrai;50.17;3.23;31/07/2026;12:00;18.7;0;SOLEIL;5;0.0;0
Cambrai;50.17;3.23;31/07/2026;13:00;19.8;0;SOLEIL;5;0.0;0
Cambrai;50.17;3.23;31/07/2026;14:00;20.9;0;SOLEIL;5;0.0;0
Cambrai;50.17;3.23;31/07/2026;15:00;22.0;0;SOLEIL;5;0.0;0
Cambrai;50.17;3.23;31/07/2026;16:00;20.9;0;SOLEIL;5;0.0;0
Cambrai;50.17;3.23;31/07/2026;17:00;19.8;0;SOLEIL;5;0.0;0
Cambrai;50.17;3.23;31/07/2026;18:00;18.7;0;SOLEIL;5;0.0;0
Cambrai;50.17;3.23;31/07/2026;19:00;17.6;0;SOLEIL;5;0.0;0
Cambrai;50.17;3.23;31/07/2026;20:00;16.4;0;SOLEIL;5;0.0;0
Cambrai;50.17;3.23;31/07/2026;21:00;15.3;0;SOLEIL;5;0.0;0
Cambrai;50.17;3.23;31/07/2026;22:00;14.2;0;SOLEIL;5;0.0;0
Cambrai;50.17;3.23;31/07/2026;23:00;13.1;0;SOLEIL;5;0.0;0
Dunkerque;51.03;2.37;16/07/2026;00:00;20.4;0;SOLEIL;3;25.2;0
Dunkerque;51.03;2.37;16/07/2026;01:00;20;0;SOLEIL;3;24.5;0
Dunkerque;51.03;2.37;16/07/2026;02:00;19.2;0;SOLEIL;3;20.5;0
Dunkerque;51.03;2.37;16/07/2026;03:00;19.1;0;SOLEIL;3;19.4;0
Dunkerque;51.03;2.37;16/07/2026;04:00;19.6;0;SOLEIL;3;13.3;0
Dunkerque;51.03;2.37;16/07/2026;05:00;19.6;0;SOLEIL;3;11.5;0
Dunkerque;51.03;2.37;16/07/2026;06:00;20.6;0;SOLEIL;3;13.7;0
Dunkerque;51.03;2.37;16/07/2026;07:00;22.1;0;SOLEIL;3;18.0;0
Dunkerque;51.03;2.37;16/07/2026;08:00;24.5;0;SOLEIL;3;20.9;0
Dunkerque;51.03;2.37;16/07/2026;09:00;26.1;0;SOLEIL;3;20.2;0
Dunkerque;51.03;2.37;16/07/2026;10:00;27.6;0;SOLEIL;4;25.2;0
Dunkerque;51.03;2.37;16/07/2026;11:00;28.6;0;SOLEIL;4;29.9;0
Dunkerque;51.03;2.37;16/07/2026;12:00;29.5;0;SOLEIL;3;31.7;0
Dunkerque;51.03;2.37;16/07/2026;13:00;30.6;0;SOLEIL;3;31.7;0
Dunkerque;51.03;2.37;16/07/2026;14:00;30.9;0;SOLEIL;3;28.1;0
Dunkerque;51.03;2.37;16/07/2026;15:00;30.4;0;SOLEIL;4;27.4;0
Dunkerque;51.03;2.37;16/07/2026;16:00;30.5;0;SOLEIL;4;30.6;0
Dunkerque;51.03;2.37;16/07/2026;17:00;29.1;0;SOLEIL;5;32.0;0
Dunkerque;51.03;2.37;16/07/2026;18:00;27.1;0;SOLEIL;5;32.4;0
Dunkerque;51.03;2.37;16/07/2026;19:00;24.6;0;SOLEIL;5;34.6;0
Dunkerque;51.03;2.37;16/07/2026;20:00;23.5;0;SOLEIL;4;40.3;0
Dunkerque;51.03;2.37;16/07/2026;21:00;22.6;0;SOLEIL;4;16.9;0
Dunkerque;51.03;2.37;16/07/2026;22:00;22.4;0;SOLEIL;3;33.5;0
Dunkerque;51.03;2.37;16/07/2026;23:00;20.1;0;SOLEIL;3;31.7;0
Dunkerque;51.03;2.37;17/07/2026;00:00;18.6;0;SOLEIL;3;30.2;0
Dunkerque;51.03;2.37;17/07/2026;01:00;18.6;0;SOLEIL;3;24.5;0
Dunkerque;51.03;2.37;17/07/2026;02:00;17.2;5;SOLEIL VOILÉ;3;24.8;0
Dunkerque;51.03;2.37;17/07/2026;03:00;17.2;5;SOLEIL VOILÉ;3;20.2;0
Dunkerque;51.03;2.37;17/07/2026;04:00;17.2;5;SOLEIL VOILÉ;3;23.0;0
Dunkerque;51.03;2.37;17/07/2026;05:00;18.5;5;SOLEIL VOILÉ;3;22.3;0
Dunkerque;51.03;2.37;17/07/2026;06:00;18.5;5;SOLEIL VOILÉ;3;23.0;0
Dunkerque;51.03;2.37;17/07/2026;07:00;18.5;5;SOLEIL VOILÉ;3;23.4;0
Dunkerque;51.03;2.37;17/07/2026;08:00;22;0;SOLEIL;3;28.4;0
Dunkerque;51.03;2.37;17/07/2026;09:00;22;0;SOLEIL;3;26.3;0
Dunkerque;51.03;2.37;17/07/2026;10:00;22;0;SOLEIL;3;28.4;0
Dunkerque;51.03;2.37;17/07/2026;11:00;25.4;6;AVERSES;4;27.0;0
Dunkerque;51.03;2.37;17/07/2026;12:00;25.4;6;AVERSES;4;28.1;0
Dunkerque;51.03;2.37;17/07/2026;13:00;25.4;6;AVERSES;4;27.4;0
Dunkerque;51.03;2.37;17/07/2026;14:00;25.5;0;SOLEIL;5;26.3;0
Dunkerque;51.03;2.37;17/07/2026;15:00;25.5;0;SOLEIL;5;29.9;0
Dunkerque;51.03;2.37;17/07/2026;16:00;25.5;0;SOLEIL;5;29.2;0
Dunkerque;51.03;2.37;17/07/2026;17:00;24.1;0;SOLEIL;5;29.5;0
Dunkerque;51.03;2.37;17/07/2026;18:00;24.1;0;SOLEIL;5;33.1;0
Dunkerque;51.03;2.37;17/07/2026;19:00;24.1;0;SOLEIL;5;38.2;0
Dunkerque;51.03;2.37;17/07/2026;20:00;19.7;0;SOLEIL;4;40.7;0
Dunkerque;51.03;2.37;17/07/2026;21:00;19.7;0;SOLEIL;4;37.0;0
Dunkerque;51.03;2.37;17/07/2026;22:00;19.7;0;SOLEIL;4;27.4;0
Dunkerque;51.03;2.37;17/07/2026;23:00;16.7;0;SOLEIL;3;17.6;0
Dunkerque;51.03;2.37;18/07/2026;00:00;16.7;0;SOLEIL;3;22.0;0
Dunkerque;51.03;2.37;18/07/2026;01:00;16.7;0;SOLEIL;3;22.7;0
Dunkerque;51.03;2.37;18/07/2026;02:00;15.4;0;SOLEIL;3;22.0;0
Dunkerque;51.03;2.37;18/07/2026;03:00;15.4;0;SOLEIL;3;19.1;0
Dunkerque;51.03;2.37;18/07/2026;04:00;15.4;0;SOLEIL;3;16.6;0
Dunkerque;51.03;2.37;18/07/2026;05:00;16.4;0;SOLEIL;3;15.8;0
Dunkerque;51.03;2.37;18/07/2026;06:00;16.4;0;SOLEIL;3;13.7;0
Dunkerque;51.03;2.37;18/07/2026;07:00;16.4;0;SOLEIL;3;14.8;0
Dunkerque;51.03;2.37;18/07/2026;08:00;20.2;0;SOLEIL;4;17.3;0
Dunkerque;51.03;2.37;18/07/2026;09:00;20.2;0;SOLEIL;4;21.6;0
Dunkerque;51.03;2.37;18/07/2026;10:00;20.2;0;SOLEIL;4;26.6;0
Dunkerque;51.03;2.37;18/07/2026;11:00;23.5;0;SOLEIL;5;29.5;0
Dunkerque;51.03;2.37;18/07/2026;12:00;23.5;0;SOLEIL;5;29.9;0
Dunkerque;51.03;2.37;18/07/2026;13:00;23.5;0;SOLEIL;5;29.2;0
Dunkerque;51.03;2.37;18/07/2026;14:00;23.1;0;SOLEIL;6;29.5;0
Dunkerque;51.03;2.37;18/07/2026;15:00;23.1;0;SOLEIL;6;33.8;0
Dunkerque;51.03;2.37;18/07/2026;16:00;23.1;0;SOLEIL;6;39.6;0
Dunkerque;51.03;2.37;18/07/2026;17:00;20.1;0;SOLEIL;6;42.5;0
Dunkerque;51.03;2.37;18/07/2026;18:00;20.1;0;SOLEIL;6;42.5;0
Dunkerque;51.03;2.37;18/07/2026;19:00;20.1;0;SOLEIL;6;42.8;0
Dunkerque;51.03;2.37;18/07/2026;20:00;19.1;0;SOLEIL;5;42.8;0
Dunkerque;51.03;2.37;18/07/2026;21:00;18.0;0;SOLEIL;5;42.8;0
Dunkerque;51.03;2.37;18/07/2026;22:00;16.8;0;SOLEIL;5;42.5;0
Dunkerque;51.03;2.37;18/07/2026;23:00;15;0;SOLEIL;3;40.7;0
Dunkerque;51.03;2.37;19/07/2026;00:00;15;0;SOLEIL;3;36.4;0
Dunkerque;51.03;2.37;19/07/2026;01:00;15;0;SOLEIL;3;30.2;0
Dunkerque;51.03;2.37;19/07/2026;02:00;14.1;0;SOLEIL;5;25.2;0
Dunkerque;51.03;2.37;19/07/2026;03:00;14.1;0;SOLEIL;5;22.0;0
Dunkerque;51.03;2.37;19/07/2026;04:00;14.1;0;SOLEIL;5;19.4;0
Dunkerque;51.03;2.37;19/07/2026;05:00;16.2;0;SOLEIL;3;18.0;0
Dunkerque;51.03;2.37;19/07/2026;06:00;16.2;0;SOLEIL;3;16.9;0
Dunkerque;51.03;2.37;19/07/2026;07:00;16.2;0;SOLEIL;3;16.6;0
Dunkerque;51.03;2.37;19/07/2026;08:00;16.2;0;SOLEIL;5;17.6;0
Dunkerque;51.03;2.37;19/07/2026;09:00;17.3;0;SOLEIL;5;21.6;0
Dunkerque;51.03;2.37;19/07/2026;10:00;18.4;0;SOLEIL;5;27.4;0
Dunkerque;51.03;2.37;19/07/2026;11:00;22.6;6;AVERSES;5;31.7;0
Dunkerque;51.03;2.37;19/07/2026;12:00;22.6;6;AVERSES;5;33.5;0
Dunkerque;51.03;2.37;19/07/2026;13:00;22.6;6;AVERSES;5;34.2;0
Dunkerque;51.03;2.37;19/07/2026;14:00;22.6;0;SOLEIL;5;34.9;0
Dunkerque;51.03;2.37;19/07/2026;15:00;23.7;0;SOLEIL;5;35.6;0
Dunkerque;51.03;2.37;19/07/2026;16:00;22.6;0;SOLEIL;5;36.7;0
Dunkerque;51.03;2.37;19/07/2026;17:00;20.1;0;SOLEIL;5;37.4;0
Dunkerque;51.03;2.37;19/07/2026;18:00;20.1;0;SOLEIL;5;38.5;0
Dunkerque;51.03;2.37;19/07/2026;19:00;20.1;0;SOLEIL;5;39.2;0
Dunkerque;51.03;2.37;19/07/2026;20:00;18.4;0;SOLEIL;5;40.0;0
Dunkerque;51.03;2.37;19/07/2026;21:00;17.3;0;SOLEIL;5;40.7;0
Dunkerque;51.03;2.37;19/07/2026;22:00;16.2;0;SOLEIL;5;40.7;0
Dunkerque;51.03;2.37;19/07/2026;23:00;14.1;0;SOLEIL;2;38.5;0
Dunkerque;51.03;2.37;20/07/2026;00:00;14.1;0;SOLEIL;2;32.0;0
Dunkerque;51.03;2.37;20/07/2026;01:00;14.1;0;SOLEIL;2;23.4;0
Dunkerque;51.03;2.37;20/07/2026;02:00;12.6;0;SOLEIL;5;16.9;0
Dunkerque;51.03;2.37;20/07/2026;03:00;12.6;0;SOLEIL;5;14.8;0
Dunkerque;51.03;2.37;20/07/2026;04:00;12.6;0;SOLEIL;5;14.8;0
Dunkerque;51.03;2.37;20/07/2026;05:00;15.5;0;SOLEIL;2;15.1;0
Dunkerque;51.03;2.37;20/07/2026;06:00;15.5;0;SOLEIL;2;15.5;0
Dunkerque;51.03;2.37;20/07/2026;07:00;15.5;0;SOLEIL;2;16.6;0
Dunkerque;51.03;2.37;20/07/2026;08:00;15.1;0;SOLEIL;5;18.4;0
Dunkerque;51.03;2.37;20/07/2026;09:00;16.4;0;SOLEIL;5;22.0;0
Dunkerque;51.03;2.37;20/07/2026;10:00;17.7;0;SOLEIL;5;26.3;0
Dunkerque;51.03;2.37;20/07/2026;11:00;22;6;AVERSES;0;29.9;0
Dunkerque;51.03;2.37;20/07/2026;12:00;22;6;AVERSES;0;31.3;0
Dunkerque;51.03;2.37;20/07/2026;13:00;22;6;AVERSES;0;31.3;0
Dunkerque;51.03;2.37;20/07/2026;14:00;22.7;0;SOLEIL;5;32.0;0
Dunkerque;51.03;2.37;20/07/2026;15:00;24.0;0;SOLEIL;5;33.5;0
Dunkerque;51.03;2.37;20/07/2026;16:00;22.7;0;SOLEIL;5;35.3;0
Dunkerque;51.03;2.37;20/07/2026;17:00;21.2;0;SOLEIL;5;37.1;0
Dunkerque;51.03;2.37;20/07/2026;18:00;21.2;0;SOLEIL;5;38.9;0
Dunkerque;51.03;2.37;20/07/2026;19:00;21.2;0;SOLEIL;5;40.3;0
Dunkerque;51.03;2.37;20/07/2026;20:00;17.7;0;SOLEIL;5;41.0;0
Dunkerque;51.03;2.37;20/07/2026;21:00;16.4;0;SOLEIL;5;40.7;0
Dunkerque;51.03;2.37;20/07/2026;22:00;15.1;0;SOLEIL;5;39.2;0
Dunkerque;51.03;2.37;20/07/2026;23:00;14.9;0;SOLEIL;2;37.1;0
Dunkerque;51.03;2.37;21/07/2026;00:00;14.9;0;SOLEIL;2;29.9;0
Dunkerque;51.03;2.37;21/07/2026;01:00;14.9;0;SOLEIL;2;26.3;0
Dunkerque;51.03;2.37;21/07/2026;02:00;13.7;0;SOLEIL;5;24.1;0
Dunkerque;51.03;2.37;21/07/2026;03:00;13.7;0;SOLEIL;5;22.7;0
Dunkerque;51.03;2.37;21/07/2026;04:00;13.7;0;SOLEIL;5;21.6;0
Dunkerque;51.03;2.37;21/07/2026;05:00;16.1;0;SOLEIL;0;20.9;0
Dunkerque;51.03;2.37;21/07/2026;06:00;16.1;0;SOLEIL;0;20.5;0
Dunkerque;51.03;2.37;21/07/2026;07:00;16.1;0;SOLEIL;0;20.5;0
Dunkerque;51.03;2.37;21/07/2026;08:00;16.1;0;SOLEIL;5;20.9;0
Dunkerque;51.03;2.37;21/07/2026;09:00;17.3;0;SOLEIL;5;22.0;0
Dunkerque;51.03;2.37;21/07/2026;10:00;18.5;0;SOLEIL;5;23.8;0
Dunkerque;51.03;2.37;21/07/2026;11:00;22.9;6;AVERSES;4;25.6;0
Dunkerque;51.03;2.37;21/07/2026;12:00;22.9;6;AVERSES;4;28.1;0
Dunkerque;51.03;2.37;21/07/2026;13:00;22.9;6;AVERSES;4;30.2;0
Dunkerque;51.03;2.37;21/07/2026;14:00;23.4;0;SOLEIL;5;32.0;0
Dunkerque;51.03;2.37;21/07/2026;15:00;24.6;0;SOLEIL;5;33.8;0
Dunkerque;51.03;2.37;21/07/2026;16:00;23.4;0;SOLEIL;5;35.6;0
Dunkerque;51.03;2.37;21/07/2026;17:00;22.2;2;NUAGEUX;0;37.4;0
Dunkerque;51.03;2.37;21/07/2026;18:00;22.2;2;NUAGEUX;0;38.9;0
Dunkerque;51.03;2.37;21/07/2026;19:00;22.2;2;NUAGEUX;0;40.3;0
Dunkerque;51.03;2.37;21/07/2026;20:00;18.5;0;SOLEIL;5;41.4;0
Dunkerque;51.03;2.37;21/07/2026;21:00;17.3;0;SOLEIL;5;42.1;0
Dunkerque;51.03;2.37;21/07/2026;22:00;16.1;0;SOLEIL;5;42.8;0
Dunkerque;51.03;2.37;21/07/2026;23:00;16.1;0;SOLEIL;2;43.6;0
Dunkerque;51.03;2.37;22/07/2026;00:00;16.1;0;SOLEIL;2;43.6;0
Dunkerque;51.03;2.37;22/07/2026;01:00;16.1;0;SOLEIL;2;42.8;0
Dunkerque;51.03;2.37;22/07/2026;02:00;14.5;0;SOLEIL;5;41.4;0
Dunkerque;51.03;2.37;22/07/2026;03:00;14.5;0;SOLEIL;5;38.5;0
Dunkerque;51.03;2.37;22/07/2026;04:00;14.5;0;SOLEIL;5;33.8;0
Dunkerque;51.03;2.37;22/07/2026;05:00;16.6;0;SOLEIL;2;28.8;0
Dunkerque;51.03;2.37;22/07/2026;06:00;16.6;0;SOLEIL;2;23.8;0
Dunkerque;51.03;2.37;22/07/2026;07:00;16.6;0;SOLEIL;2;19.4;0
Dunkerque;51.03;2.37;22/07/2026;08:00;17.2;0;SOLEIL;5;17.3;0
Dunkerque;51.03;2.37;22/07/2026;09:00;18.6;0;SOLEIL;5;17.3;0
Dunkerque;51.03;2.37;22/07/2026;10:00;19.9;0;SOLEIL;5;18.7;0
Dunkerque;51.03;2.37;22/07/2026;11:00;25;0;SOLEIL;3;20.9;0
Dunkerque;51.03;2.37;22/07/2026;12:00;25;0;SOLEIL;3;23.8;0
Dunkerque;51.03;2.37;22/07/2026;13:00;25;0;SOLEIL;3;26.3;0
Dunkerque;51.03;2.37;22/07/2026;14:00;25.3;0;SOLEIL;5;28.1;0
Dunkerque;51.03;2.37;22/07/2026;15:00;26.7;0;SOLEIL;5;29.2;0
Dunkerque;51.03;2.37;22/07/2026;16:00;25.3;0;SOLEIL;5;29.9;0
Dunkerque;51.03;2.37;22/07/2026;17:00;24.1;0;SOLEIL;4;30.6;0
Dunkerque;51.03;2.37;22/07/2026;18:00;24.1;0;SOLEIL;4;31.0;0
Dunkerque;51.03;2.37;22/07/2026;19:00;24.1;0;SOLEIL;4;31.0;0
Dunkerque;51.03;2.37;22/07/2026;20:00;19.9;0;SOLEIL;5;31.0;0
Dunkerque;51.03;2.37;22/07/2026;21:00;18.6;0;SOLEIL;5;30.6;0
Dunkerque;51.03;2.37;22/07/2026;22:00;17.2;0;SOLEIL;5;29.5;0
Dunkerque;51.03;2.37;22/07/2026;23:00;17.6;0;SOLEIL;2;28.8;0
Dunkerque;51.03;2.37;23/07/2026;00:00;17.6;0;SOLEIL;2;27.4;0
Dunkerque;51.03;2.37;23/07/2026;01:00;17.6;0;SOLEIL;2;26.3;0
Dunkerque;51.03;2.37;23/07/2026;02:00;15.6;0;SOLEIL;5;24.8;0
Dunkerque;51.03;2.37;23/07/2026;03:00;15.6;0;SOLEIL;5;23.4;0
Dunkerque;51.03;2.37;23/07/2026;04:00;15.6;0;SOLEIL;5;21.2;0
Dunkerque;51.03;2.37;23/07/2026;05:00;17.2;0;SOLEIL;3;19.4;0
Dunkerque;51.03;2.37;23/07/2026;06:00;17.2;0;SOLEIL;3;17.6;0
Dunkerque;51.03;2.37;23/07/2026;07:00;17.2;0;SOLEIL;3;16.2;0
Dunkerque;51.03;2.37;23/07/2026;08:00;18.2;0;SOLEIL;5;16.2;0
Dunkerque;51.03;2.37;23/07/2026;09:00;19.4;0;SOLEIL;5;17.3;0
Dunkerque;51.03;2.37;23/07/2026;10:00;20.7;0;SOLEIL;5;19.4;0
Dunkerque;51.03;2.37;23/07/2026;11:00;25.1;0;SOLEIL;4;22.0;0
Dunkerque;51.03;2.37;23/07/2026;12:00;25.1;0;SOLEIL;4;24.8;0
Dunkerque;51.03;2.37;23/07/2026;13:00;25.1;0;SOLEIL;4;27.7;0
Dunkerque;51.03;2.37;23/07/2026;14:00;25.8;0;SOLEIL;5;29.9;0
Dunkerque;51.03;2.37;23/07/2026;15:00;27.1;0;SOLEIL;5;31.7;0
Dunkerque;51.03;2.37;23/07/2026;16:00;25.8;0;SOLEIL;5;33.5;0
Dunkerque;51.03;2.37;23/07/2026;17:00;24.6;0;SOLEIL;4;34.9;0
Dunkerque;51.03;2.37;23/07/2026;18:00;24.6;0;SOLEIL;4;36.4;0
Dunkerque;51.03;2.37;23/07/2026;19:00;24.6;0;SOLEIL;4;36.7;0
Dunkerque;51.03;2.37;23/07/2026;20:00;20.7;0;SOLEIL;5;36.7;0
Dunkerque;51.03;2.37;23/07/2026;21:00;19.4;0;SOLEIL;5;35.6;0
Dunkerque;51.03;2.37;23/07/2026;22:00;18.2;0;SOLEIL;5;33.5;0
Dunkerque;51.03;2.37;23/07/2026;23:00;17;0;SOLEIL;2;31.0;0
Dunkerque;51.03;2.37;24/07/2026;00:00;17;0;SOLEIL;2;28.1;0
Dunkerque;51.03;2.37;24/07/2026;01:00;17;0;SOLEIL;2;25.6;0
Dunkerque;51.03;2.37;24/07/2026;02:00;15.2;0;SOLEIL;5;23.4;0
Dunkerque;51.03;2.37;24/07/2026;03:00;15.2;0;SOLEIL;5;21.6;0
Dunkerque;51.03;2.37;24/07/2026;04:00;15.2;0;SOLEIL;5;20.2;0
Dunkerque;51.03;2.37;24/07/2026;05:00;17.6;0;SOLEIL;2;18.7;0
Dunkerque;51.03;2.37;24/07/2026;06:00;17.6;0;SOLEIL;2;18.0;0
Dunkerque;51.03;2.37;24/07/2026;07:00;17.6;0;SOLEIL;2;17.3;0
Dunkerque;51.03;2.37;24/07/2026;08:00;17.9;0;SOLEIL;5;17.3;0
Dunkerque;51.03;2.37;24/07/2026;09:00;19.3;0;SOLEIL;5;18.0;0
Dunkerque;51.03;2.37;24/07/2026;10:00;20.7;0;SOLEIL;5;19.4;0
Dunkerque;51.03;2.37;24/07/2026;11:00;25.7;0;SOLEIL;4;21.6;0
Dunkerque;51.03;2.37;24/07/2026;12:00;25.7;0;SOLEIL;4;23.8;0
Dunkerque;51.03;2.37;24/07/2026;13:00;25.7;0;SOLEIL;4;25.9;0
Dunkerque;51.03;2.37;24/07/2026;14:00;26.1;0;SOLEIL;5;27.4;0
Dunkerque;51.03;2.37;24/07/2026;15:00;27.5;0;SOLEIL;5;28.4;0
Dunkerque;51.03;2.37;24/07/2026;16:00;26.1;0;SOLEIL;5;29.5;0
Dunkerque;51.03;2.37;24/07/2026;17:00;25.1;0;SOLEIL;4;30.6;0
Dunkerque;51.03;2.37;24/07/2026;18:00;25.1;0;SOLEIL;4;31.7;0
Dunkerque;51.03;2.37;24/07/2026;19:00;25.1;0;SOLEIL;4;32.0;0
Dunkerque;51.03;2.37;24/07/2026;20:00;20.7;0;SOLEIL;5;32.8;0
Dunkerque;51.03;2.37;24/07/2026;21:00;19.3;0;SOLEIL;5;33.1;0
Dunkerque;51.03;2.37;24/07/2026;22:00;17.9;0;SOLEIL;5;33.5;0
Dunkerque;51.03;2.37;24/07/2026;23:00;18.5;0;SOLEIL;3;33.5;0
Dunkerque;51.03;2.37;25/07/2026;00:00;18.5;0;SOLEIL;3;33.5;0
Dunkerque;51.03;2.37;25/07/2026;01:00;18.5;0;SOLEIL;3;33.5;0
Dunkerque;51.03;2.37;25/07/2026;02:00;16.6;6;AVERSES;5;33.1;0
Dunkerque;51.03;2.37;25/07/2026;03:00;16.6;6;AVERSES;5;32.4;0
Dunkerque;51.03;2.37;25/07/2026;04:00;16.6;6;AVERSES;5;31.3;0
Dunkerque;51.03;2.37;25/07/2026;05:00;;6;AVERSES;;29.9;0
Dunkerque;51.03;2.37;25/07/2026;06:00;;6;AVERSES;;28.8;0
Dunkerque;51.03;2.37;25/07/2026;07:00;;6;AVERSES;;28.1;0
Dunkerque;51.03;2.37;25/07/2026;08:00;18.7;6;AVERSES;5;28.4;0
Dunkerque;51.03;2.37;25/07/2026;09:00;19.7;6;AVERSES;5;29.9;0
Dunkerque;51.03;2.37;25/07/2026;10:00;20.7;6;AVERSES;5;32.4;0
Dunkerque;51.03;2.37;25/07/2026;11:00;;6;AVERSES;;35.3;0
Dunkerque;51.03;2.37;25/07/2026;12:00;;6;AVERSES;;38.5;0
Dunkerque;51.03;2.37;25/07/2026;13:00;;6;AVERSES;;41.0;0
Dunkerque;51.03;2.37;25/07/2026;14:00;24.9;6;AVERSES;5;43.2;0
Dunkerque;51.03;2.37;25/07/2026;15:00;25.9;6;AVERSES;5;44.6;0
Dunkerque;51.03;2.37;25/07/2026;16:00;24.9;6;AVERSES;5;45.7;0
Dunkerque;51.03;2.37;25/07/2026;17:00;;6;AVERSES;;46.4;0
Dunkerque;51.03;2.37;25/07/2026;18:00;;6;AVERSES;;46.8;0
Dunkerque;51.03;2.37;25/07/2026;19:00;;6;AVERSES;;47.2;0
Dunkerque;51.03;2.37;25/07/2026;20:00;20.7;6;AVERSES;5;46.8;0
Dunkerque;51.03;2.37;25/07/2026;21:00;19.7;6;AVERSES;5;46.1;0
Dunkerque;51.03;2.37;25/07/2026;22:00;18.7;6;AVERSES;5;44.6;0
Dunkerque;51.03;2.37;25/07/2026;23:00;;6;AVERSES;;42.8;0
Dunkerque;51.03;2.37;26/07/2026;00:00;;6;AVERSES;;41.0;0
Dunkerque;51.03;2.37;26/07/2026;01:00;;6;AVERSES;;39.2;0
Dunkerque;51.03;2.37;26/07/2026;02:00;15.5;6;AVERSES;5;37.8;0
Dunkerque;51.03;2.37;26/07/2026;03:00;15.5;6;AVERSES;5;36.4;0
Dunkerque;51.03;2.37;26/07/2026;04:00;15.5;6;AVERSES;5;34.6;0
Dunkerque;51.03;2.37;26/07/2026;05:00;;6;AVERSES;;32.8;0
Dunkerque;51.03;2.37;26/07/2026;06:00;;6;AVERSES;;31.3;0
Dunkerque;51.03;2.37;26/07/2026;07:00;;6;AVERSES;;30.2;0
Dunkerque;51.03;2.37;26/07/2026;08:00;17.6;6;AVERSES;5;30.2;0
Dunkerque;51.03;2.37;26/07/2026;09:00;18.7;6;AVERSES;5;31.3;0
Dunkerque;51.03;2.37;26/07/2026;10:00;19.7;6;AVERSES;5;33.1;0
Dunkerque;51.03;2.37;26/07/2026;11:00;;6;AVERSES;;35.3;0
Dunkerque;51.03;2.37;26/07/2026;12:00;;6;AVERSES;;37.8;0
Dunkerque;51.03;2.37;26/07/2026;13:00;;6;AVERSES;;40.0;0
Dunkerque;51.03;2.37;26/07/2026;14:00;23.9;6;AVERSES;5;41.4;0
Dunkerque;51.03;2.37;26/07/2026;15:00;25.0;6;AVERSES;5;41.8;0
Dunkerque;51.03;2.37;26/07/2026;16:00;23.9;6;AVERSES;5;42.1;0
Dunkerque;51.03;2.37;26/07/2026;17:00;;6;AVERSES;;41.8;0
Dunkerque;51.03;2.37;26/07/2026;18:00;;6;AVERSES;;41.0;0
Dunkerque;51.03;2.37;26/07/2026;19:00;;6;AVERSES;;40.3;0
Dunkerque;51.03;2.37;26/07/2026;20:00;19.7;6;AVERSES;5;39.6;0
Dunkerque;51.03;2.37;26/07/2026;21:00;18.7;6;AVERSES;5;38.9;0
Dunkerque;51.03;2.37;26/07/2026;22:00;17.6;6;AVERSES;5;37.8;0
Dunkerque;51.03;2.37;26/07/2026;23:00;;6;AVERSES;;36.7;0
Dunkerque;51.03;2.37;27/07/2026;00:00;;6;AVERSES;;35.3;0
Dunkerque;51.03;2.37;27/07/2026;01:00;;6;AVERSES;;34.2;0
Dunkerque;51.03;2.37;27/07/2026;02:00;15.6;6;AVERSES;5;32.8;0
Dunkerque;51.03;2.37;27/07/2026;03:00;15.6;6;AVERSES;5;31.0;0
Dunkerque;51.03;2.37;27/07/2026;04:00;15.6;6;AVERSES;5;28.8;0
Dunkerque;51.03;2.37;27/07/2026;05:00;;6;AVERSES;;26.6;0
Dunkerque;51.03;2.37;27/07/2026;06:00;;6;AVERSES;;24.5;0
Dunkerque;51.03;2.37;27/07/2026;07:00;;6;AVERSES;;23.4;0
Dunkerque;51.03;2.37;27/07/2026;08:00;17.8;6;AVERSES;5;23.4;0
Dunkerque;51.03;2.37;27/07/2026;09:00;18.9;6;AVERSES;5;24.8;0
Dunkerque;51.03;2.37;27/07/2026;10:00;20.0;6;AVERSES;5;27.7;0
Dunkerque;51.03;2.37;27/07/2026;11:00;;6;AVERSES;;31.3;0
Dunkerque;51.03;2.37;27/07/2026;12:00;;6;AVERSES;;35.3;0
Dunkerque;51.03;2.37;27/07/2026;13:00;;6;AVERSES;;38.5;0
Dunkerque;51.03;2.37;27/07/2026;14:00;24.4;6;AVERSES;5;41.0;0
Dunkerque;51.03;2.37;27/07/2026;15:00;25.5;6;AVERSES;5;42.5;0
Dunkerque;51.03;2.37;27/07/2026;16:00;24.4;6;AVERSES;5;43.2;0
Dunkerque;51.03;2.37;27/07/2026;17:00;;6;AVERSES;;43.9;0
Dunkerque;51.03;2.37;27/07/2026;18:00;;6;AVERSES;;43.9;0
Dunkerque;51.03;2.37;27/07/2026;19:00;;6;AVERSES;;43.9;0
Dunkerque;51.03;2.37;27/07/2026;20:00;20.0;6;AVERSES;5;43.9;0
Dunkerque;51.03;2.37;27/07/2026;21:00;18.9;6;AVERSES;5;43.6;0
Dunkerque;51.03;2.37;27/07/2026;22:00;17.8;6;AVERSES;5;43.2;0
Dunkerque;51.03;2.37;27/07/2026;23:00;;6;AVERSES;;42.8;0
Dunkerque;51.03;2.37;28/07/2026;00:00;;6;AVERSES;;41.8;0
Dunkerque;51.03;2.37;28/07/2026;01:00;;6;AVERSES;;40.7;0
Dunkerque;51.03;2.37;28/07/2026;02:00;15.5;6;AVERSES;5;39.2;0
Dunkerque;51.03;2.37;28/07/2026;03:00;15.5;6;AVERSES;5;37.1;0
Dunkerque;51.03;2.37;28/07/2026;04:00;15.5;6;AVERSES;5;33.8;0
Dunkerque;51.03;2.37;28/07/2026;05:00;;6;AVERSES;;30.2;0
Dunkerque;51.03;2.37;28/07/2026;06:00;;6;AVERSES;;27.0;0
Dunkerque;51.03;2.37;28/07/2026;07:00;;6;AVERSES;;24.8;0
Dunkerque;51.03;2.37;28/07/2026;08:00;17.5;6;AVERSES;5;23.8;0
Dunkerque;51.03;2.37;28/07/2026;09:00;18.5;6;AVERSES;5;24.5;0
Dunkerque;51.03;2.37;28/07/2026;10:00;19.5;6;AVERSES;5;27.0;0
Dunkerque;51.03;2.37;28/07/2026;11:00;;6;AVERSES;;29.9;0
Dunkerque;51.03;2.37;28/07/2026;12:00;;6;AVERSES;;33.5;0
Dunkerque;51.03;2.37;28/07/2026;13:00;;6;AVERSES;;36.4;0
Dunkerque;51.03;2.37;28/07/2026;14:00;23.6;6;AVERSES;5;38.5;0
Dunkerque;51.03;2.37;28/07/2026;15:00;24.6;6;AVERSES;5;40.0;0
Dunkerque;51.03;2.37;28/07/2026;16:00;23.6;6;AVERSES;5;41.0;0
Dunkerque;51.03;2.37;28/07/2026;17:00;;6;AVERSES;;42.1;0
Dunkerque;51.03;2.37;28/07/2026;18:00;;6;AVERSES;;42.5;0
Dunkerque;51.03;2.37;28/07/2026;19:00;;6;AVERSES;;42.1;0
Dunkerque;51.03;2.37;28/07/2026;20:00;19.5;6;AVERSES;5;41.0;0
Dunkerque;51.03;2.37;28/07/2026;21:00;18.5;6;AVERSES;5;38.9;0
Dunkerque;51.03;2.37;28/07/2026;22:00;17.5;6;AVERSES;5;35.3;0
Dunkerque;51.03;2.37;28/07/2026;23:00;;6;AVERSES;;31.0;0
Dunkerque;51.03;2.37;29/07/2026;00:00;;6;AVERSES;;26.6;0
Dunkerque;51.03;2.37;29/07/2026;01:00;;6;AVERSES;;23.0;0
Dunkerque;51.03;2.37;29/07/2026;02:00;15;6;AVERSES;5;20.2;0
Dunkerque;51.03;2.37;29/07/2026;03:00;15;6;AVERSES;5;18.4;0
Dunkerque;51.03;2.37;29/07/2026;04:00;15;6;AVERSES;5;16.6;0
Dunkerque;51.03;2.37;29/07/2026;05:00;;6;AVERSES;;15.5;0
Dunkerque;51.03;2.37;29/07/2026;06:00;;6;AVERSES;;15.1;0
Dunkerque;51.03;2.37;29/07/2026;07:00;;6;AVERSES;;15.1;0
Dunkerque;51.03;2.37;29/07/2026;08:00;17.4;6;AVERSES;5;15.8;0
Dunkerque;51.03;2.37;29/07/2026;09:00;18.5;6;AVERSES;5;17.6;0
Dunkerque;51.03;2.37;29/07/2026;10:00;19.7;6;AVERSES;5;20.5;0
Dunkerque;51.03;2.37;29/07/2026;11:00;;6;AVERSES;;23.8;0
Dunkerque;51.03;2.37;29/07/2026;12:00;;6;AVERSES;;27.4;0
Dunkerque;51.03;2.37;29/07/2026;13:00;;6;AVERSES;;30.6;0
Dunkerque;51.03;2.37;29/07/2026;14:00;24.4;6;AVERSES;5;33.1;0
Dunkerque;51.03;2.37;29/07/2026;15:00;25.6;6;AVERSES;5;35.3;0
Dunkerque;51.03;2.37;29/07/2026;16:00;24.4;6;AVERSES;5;37.1;0
Dunkerque;51.03;2.37;29/07/2026;17:00;;6;AVERSES;;38.5;0
Dunkerque;51.03;2.37;29/07/2026;18:00;;6;AVERSES;;39.6;0
Dunkerque;51.03;2.37;29/07/2026;19:00;;6;AVERSES;;40.0;0
Dunkerque;51.03;2.37;29/07/2026;20:00;19.7;6;AVERSES;5;39.6;0
Dunkerque;51.03;2.37;29/07/2026;21:00;18.5;6;AVERSES;5;37.8;0
Dunkerque;51.03;2.37;29/07/2026;22:00;17.4;6;AVERSES;5;34.6;0
Dunkerque;51.03;2.37;29/07/2026;23:00;16.2;6;AVERSES;5;31.0;0
Dunkerque;51.03;2.37;30/07/2026;00:00;12;0;SOLEIL;5;26.9;0
Dunkerque;51.03;2.37;30/07/2026;01:00;12;0;SOLEIL;5;23.0;0
Dunkerque;51.03;2.37;30/07/2026;02:00;12;0;SOLEIL;5;21.0;0
Dunkerque;51.03;2.37;30/07/2026;03:00;12;0;SOLEIL;5;20.2;0
Dunkerque;51.03;2.37;30/07/2026;04:00;12;0;SOLEIL;5;20.5;0
Dunkerque;51.03;2.37;30/07/2026;05:00;12;0;SOLEIL;5;0.0;0
Dunkerque;51.03;2.37;30/07/2026;06:00;12;0;SOLEIL;5;0.0;0
Dunkerque;51.03;2.37;30/07/2026;07:00;13.1;0;SOLEIL;5;0.0;0
Dunkerque;51.03;2.37;30/07/2026;08:00;14.2;0;SOLEIL;5;0.0;0
Dunkerque;51.03;2.37;30/07/2026;09:00;15.3;0;SOLEIL;5;0.0;0
Dunkerque;51.03;2.37;30/07/2026;10:00;16.4;0;SOLEIL;5;0.0;0
Dunkerque;51.03;2.37;30/07/2026;11:00;17.6;0;SOLEIL;5;0.0;0
Dunkerque;51.03;2.37;30/07/2026;12:00;18.7;0;SOLEIL;5;0.0;0
Dunkerque;51.03;2.37;30/07/2026;13:00;19.8;0;SOLEIL;5;0.0;0
Dunkerque;51.03;2.37;30/07/2026;14:00;20.9;0;SOLEIL;5;0.0;0
Dunkerque;51.03;2.37;30/07/2026;15:00;22.0;0;SOLEIL;5;0.0;0
Dunkerque;51.03;2.37;30/07/2026;16:00;20.9;0;SOLEIL;5;0.0;0
Dunkerque;51.03;2.37;30/07/2026;17:00;19.8;0;SOLEIL;5;0.0;0
Dunkerque;51.03;2.37;30/07/2026;18:00;18.7;0;SOLEIL;5;0.0;0
Dunkerque;51.03;2.37;30/07/2026;19:00;17.6;0;SOLEIL;5;0.0;0
Dunkerque;51.03;2.37;30/07/2026;20:00;16.4;0;SOLEIL;5;0.0;0
Dunkerque;51.03;2.37;30/07/2026;21:00;15.3;0;SOLEIL;5;0.0;0
Dunkerque;51.03;2.37;30/07/2026;22:00;14.2;0;SOLEIL;5;0.0;0
Dunkerque;51.03;2.37;30/07/2026;23:00;13.1;0;SOLEIL;5;0.0;0
Dunkerque;51.03;2.37;31/07/2026;00:00;12;0;SOLEIL;5;0.0;0
Dunkerque;51.03;2.37;31/07/2026;01:00;12;0;SOLEIL;5;0.0;0
Dunkerque;51.03;2.37;31/07/2026;02:00;12;0;SOLEIL;5;0.0;0
Dunkerque;51.03;2.37;31/07/2026;03:00;12;0;SOLEIL;5;0.0;0
Dunkerque;51.03;2.37;31/07/2026;04:00;12;0;SOLEIL;5;0.0;0
Dunkerque;51.03;2.37;31/07/2026;05:00;12;0;SOLEIL;5;0.0;0
Dunkerque;51.03;2.37;31/07/2026;06:00;12;0;SOLEIL;5;0.0;0
Dunkerque;51.03;2.37;31/07/2026;07:00;13.1;0;SOLEIL;5;0.0;0
Dunkerque;51.03;2.37;31/07/2026;08:00;14.2;0;SOLEIL;5;0.0;0
Dunkerque;51.03;2.37;31/07/2026;09:00;15.3;0;SOLEIL;5;0.0;0
Dunkerque;51.03;2.37;31/07/2026;10:00;16.4;0;SOLEIL;5;0.0;0
Dunkerque;51.03;2.37;31/07/2026;11:00;17.6;0;SOLEIL;5;0.0;0
Dunkerque;51.03;2.37;31/07/2026;12:00;18.7;0;SOLEIL;5;0.0;0
Dunkerque;51.03;2.37;31/07/2026;13:00;19.8;0;SOLEIL;5;0.0;0
Dunkerque;51.03;2.37;31/07/2026;14:00;20.9;0;SOLEIL;5;0.0;0
Dunkerque;51.03;2.37;31/07/2026;15:00;22.0;0;SOLEIL;5;0.0;0
Dunkerque;51.03;2.37;31/07/2026;16:00;20.9;0;SOLEIL;5;0.0;0
Dunkerque;51.03;2.37;31/07/2026;17:00;19.8;0;SOLEIL;5;0.0;0
Dunkerque;51.03;2.37;31/07/2026;18:00;18.7;0;SOLEIL;5;0.0;0
Dunkerque;51.03;2.37;31/07/2026;19:00;17.6;0;SOLEIL;5;0.0;0
Dunkerque;51.03;2.37;31/07/2026;20:00;16.4;0;SOLEIL;5;0.0;0
Dunkerque;51.03;2.37;31/07/2026;21:00;15.3;0;SOLEIL;5;0.0;0
Dunkerque;51.03;2.37;31/07/2026;22:00;14.2;0;SOLEIL;5;0.0;0
Dunkerque;51.03;2.37;31/07/2026;23:00;13.1;0;SOLEIL;5;0.0;0
Hazebrouck;50.72;2.53;16/07/2026;00:00;21;0;SOLEIL;5;37.8;0
Hazebrouck;50.72;2.53;16/07/2026;01:00;20.4;0;SOLEIL;5;32.0;0
Hazebrouck;50.72;2.53;16/07/2026;02:00;20.1;0;SOLEIL;4;31.3;0
Hazebrouck;50.72;2.53;16/07/2026;03:00;20.6;0;SOLEIL;4;25.2;0
Hazebrouck;50.72;2.53;16/07/2026;04:00;20;0;SOLEIL;4;21.2;0
Hazebrouck;50.72;2.53;16/07/2026;05:00;20.6;0;SOLEIL;4;22.3;0
Hazebrouck;50.72;2.53;16/07/2026;06:00;21.4;0;SOLEIL;5;23.0;0
Hazebrouck;50.72;2.53;16/07/2026;07:00;22.2;0;SOLEIL;5;25.2;0
Hazebrouck;50.72;2.53;16/07/2026;08:00;23.2;0;SOLEIL;5;24.8;0
Hazebrouck;50.72;2.53;16/07/2026;09:00;23.2;0;SOLEIL;5;25.2;0
Hazebrouck;50.72;2.53;16/07/2026;10:00;23.5;0;SOLEIL;6;34.2;0
Hazebrouck;50.72;2.53;16/07/2026;11:00;22.7;0;SOLEIL;6;36.4;0
Hazebrouck;50.72;2.53;16/07/2026;12:00;22.2;0;SOLEIL;6;36.7;0
Hazebrouck;50.72;2.53;16/07/2026;13:00;22.1;0;SOLEIL;6;37.4;0
Hazebrouck;50.72;2.53;16/07/2026;14:00;21.6;0;SOLEIL;6;40.7;0
Hazebrouck;50.72;2.53;16/07/2026;15:00;22.1;0;SOLEIL;6;45.0;0
Hazebrouck;50.72;2.53;16/07/2026;16:00;21.6;0;SOLEIL;7;45.0;0
Hazebrouck;50.72;2.53;16/07/2026;17:00;21;0;SOLEIL;6;44.3;0
Hazebrouck;50.72;2.53;16/07/2026;18:00;20.7;0;SOLEIL;6;44.3;0
Hazebrouck;50.72;2.53;16/07/2026;19:00;20.1;0;SOLEIL;6;44.3;0
Hazebrouck;50.72;2.53;16/07/2026;20:00;19.6;0;SOLEIL;6;40.3;0
Hazebrouck;50.72;2.53;16/07/2026;21:00;19.1;0;SOLEIL;5;38.5;0
Hazebrouck;50.72;2.53;16/07/2026;22:00;18.6;0;SOLEIL;5;37.1;0
Hazebrouck;50.72;2.53;16/07/2026;23:00;18.6;0;SOLEIL;5;34.2;0
Hazebrouck;50.72;2.53;17/07/2026;00:00;18.7;0;SOLEIL;5;31.3;0
Hazebrouck;50.72;2.53;17/07/2026;01:00;18.7;0;SOLEIL;5;30.2;0
Hazebrouck;50.72;2.53;17/07/2026;02:00;19;0;SOLEIL;4;29.5;0
Hazebrouck;50.72;2.53;17/07/2026;03:00;19;0;SOLEIL;4;28.4;0
Hazebrouck;50.72;2.53;17/07/2026;04:00;19;0;SOLEIL;4;30.6;0
Hazebrouck;50.72;2.53;17/07/2026;05:00;19.2;0;SOLEIL;5;29.9;0
Hazebrouck;50.72;2.53;17/07/2026;06:00;19.2;0;SOLEIL;5;23.8;0
Hazebrouck;50.72;2.53;17/07/2026;07:00;19.2;0;SOLEIL;5;23.0;0
Hazebrouck;50.72;2.53;17/07/2026;08:00;20.1;0;SOLEIL;5;24.1;0
Hazebrouck;50.72;2.53;17/07/2026;09:00;20.1;0;SOLEIL;5;28.8;0
Hazebrouck;50.72;2.53;17/07/2026;10:00;20.1;0;SOLEIL;5;33.1;0
Hazebrouck;50.72;2.53;17/07/2026;11:00;21.2;0;SOLEIL;5;33.5;0
Hazebrouck;50.72;2.53;17/07/2026;12:00;21.2;0;SOLEIL;5;34.2;0
Hazebrouck;50.72;2.53;17/07/2026;13:00;21.2;0;SOLEIL;5;34.6;0
Hazebrouck;50.72;2.53;17/07/2026;14:00;21.5;0;SOLEIL;5;32.0;0
Hazebrouck;50.72;2.53;17/07/2026;15:00;21.5;0;SOLEIL;5;29.9;0
Hazebrouck;50.72;2.53;17/07/2026;16:00;21.5;0;SOLEIL;5;29.5;0
Hazebrouck;50.72;2.53;17/07/2026;17:00;20.5;0;SOLEIL;4;29.5;0
Hazebrouck;50.72;2.53;17/07/2026;18:00;20.5;0;SOLEIL;4;28.1;0
Hazebrouck;50.72;2.53;17/07/2026;19:00;20.5;0;SOLEIL;4;26.3;0
Hazebrouck;50.72;2.53;17/07/2026;20:00;18.7;0;SOLEIL;4;25.6;0
Hazebrouck;50.72;2.53;17/07/2026;21:00;18.7;0;SOLEIL;4;28.0;0
Hazebrouck;50.72;2.53;17/07/2026;22:00;18.7;0;SOLEIL;4;24.3;0
Hazebrouck;50.72;2.53;17/07/2026;23:00;17.7;0;SOLEIL;4;22.3;0
Hazebrouck;50.72;2.53;18/07/2026;00:00;17.7;0;SOLEIL;4;21.6;0
Hazebrouck;50.72;2.53;18/07/2026;01:00;17.7;0;SOLEIL;4;22.0;0
Hazebrouck;50.72;2.53;18/07/2026;02:00;17.9;0;SOLEIL;4;25.2;0
Hazebrouck;50.72;2.53;18/07/2026;03:00;17.9;0;SOLEIL;4;27.7;0
Hazebrouck;50.72;2.53;18/07/2026;04:00;17.9;0;SOLEIL;4;28.1;0
Hazebrouck;50.72;2.53;18/07/2026;05:00;17.6;2;NUAGEUX;5;27.0;0
Hazebrouck;50.72;2.53;18/07/2026;06:00;17.6;2;NUAGEUX;5;25.9;0
Hazebrouck;50.72;2.53;18/07/2026;07:00;17.6;2;NUAGEUX;5;23.4;0
Hazebrouck;50.72;2.53;18/07/2026;08:00;18.6;2;NUAGEUX;5;28.4;0
Hazebrouck;50.72;2.53;18/07/2026;09:00;18.6;2;NUAGEUX;5;32.4;0
Hazebrouck;50.72;2.53;18/07/2026;10:00;18.6;2;NUAGEUX;5;33.1;0
Hazebrouck;50.72;2.53;18/07/2026;11:00;18.9;0;SOLEIL;5;33.1;0
Hazebrouck;50.72;2.53;18/07/2026;12:00;18.9;0;SOLEIL;5;38.2;0
Hazebrouck;50.72;2.53;18/07/2026;13:00;18.9;0;SOLEIL;5;39.2;0
Hazebrouck;50.72;2.53;18/07/2026;14:00;19.4;0;SOLEIL;5;38.2;0
Hazebrouck;50.72;2.53;18/07/2026;15:00;19.4;0;SOLEIL;5;40.3;0
Hazebrouck;50.72;2.53;18/07/2026;16:00;19.4;0;SOLEIL;5;41.4;0
Hazebrouck;50.72;2.53;18/07/2026;17:00;18.9;0;SOLEIL;5;41.4;0
Hazebrouck;50.72;2.53;18/07/2026;18:00;18.9;0;SOLEIL;5;44.3;0
Hazebrouck;50.72;2.53;18/07/2026;19:00;18.9;0;SOLEIL;5;43.6;0
Hazebrouck;50.72;2.53;18/07/2026;20:00;18.3;0;SOLEIL;5;41.8;0
Hazebrouck;50.72;2.53;18/07/2026;21:00;18.0;0;SOLEIL;5;41.8;0
Hazebrouck;50.72;2.53;18/07/2026;22:00;17.6;0;SOLEIL;5;41.8;0
Hazebrouck;50.72;2.53;18/07/2026;23:00;17.1;0;SOLEIL;5;40.7;0
Hazebrouck;50.72;2.53;19/07/2026;00:00;17.1;0;SOLEIL;5;37.8;0
Hazebrouck;50.72;2.53;19/07/2026;01:00;17.1;0;SOLEIL;5;34.2;0
Hazebrouck;50.72;2.53;19/07/2026;02:00;16.4;0;SOLEIL;5;31.3;0
Hazebrouck;50.72;2.53;19/07/2026;03:00;16.4;0;SOLEIL;5;30.2;0
Hazebrouck;50.72;2.53;19/07/2026;04:00;16.4;0;SOLEIL;5;30.6;0
Hazebrouck;50.72;2.53;19/07/2026;05:00;17.2;6;AVERSES;5;31.3;0
Hazebrouck;50.72;2.53;19/07/2026;06:00;17.2;6;AVERSES;5;33.1;0
Hazebrouck;50.72;2.53;19/07/2026;07:00;17.2;6;AVERSES;5;36.0;0
Hazebrouck;50.72;2.53;19/07/2026;08:00;17.3;0;SOLEIL;5;38.2;0
Hazebrouck;50.72;2.53;19/07/2026;09:00;17.7;0;SOLEIL;5;40.0;0
Hazebrouck;50.72;2.53;19/07/2026;10:00;18.2;0;SOLEIL;5;41.4;0
Hazebrouck;50.72;2.53;19/07/2026;11:00;19.6;6;AVERSES;6;42.1;0
Hazebrouck;50.72;2.53;19/07/2026;12:00;19.6;6;AVERSES;6;42.1;0
Hazebrouck;50.72;2.53;19/07/2026;13:00;19.6;6;AVERSES;6;42.1;0
Hazebrouck;50.72;2.53;19/07/2026;14:00;20.0;0;SOLEIL;5;41.8;0
Hazebrouck;50.72;2.53;19/07/2026;15:00;20.4;0;SOLEIL;5;42.1;0
Hazebrouck;50.72;2.53;19/07/2026;16:00;20.0;0;SOLEIL;5;42.5;0
Hazebrouck;50.72;2.53;19/07/2026;17:00;18.6;0;SOLEIL;5;42.5;0
Hazebrouck;50.72;2.53;19/07/2026;18:00;18.6;0;SOLEIL;5;41.0;0
Hazebrouck;50.72;2.53;19/07/2026;19:00;18.6;0;SOLEIL;5;39.2;0
Hazebrouck;50.72;2.53;19/07/2026;20:00;18.2;0;SOLEIL;5;37.1;0
Hazebrouck;50.72;2.53;19/07/2026;21:00;17.7;0;SOLEIL;5;35.3;0
Hazebrouck;50.72;2.53;19/07/2026;22:00;17.3;0;SOLEIL;5;33.5;0
Hazebrouck;50.72;2.53;19/07/2026;23:00;17;0;SOLEIL;4;31.3;0
Hazebrouck;50.72;2.53;20/07/2026;00:00;17;0;SOLEIL;4;28.1;0
Hazebrouck;50.72;2.53;20/07/2026;01:00;17;0;SOLEIL;4;24.1;0
Hazebrouck;50.72;2.53;20/07/2026;02:00;15.9;0;SOLEIL;5;21.6;0
Hazebrouck;50.72;2.53;20/07/2026;03:00;15.9;0;SOLEIL;5;20.9;0
Hazebrouck;50.72;2.53;20/07/2026;04:00;15.9;0;SOLEIL;5;21.2;0
Hazebrouck;50.72;2.53;20/07/2026;05:00;17.5;0;SOLEIL;5;22.3;0
Hazebrouck;50.72;2.53;20/07/2026;06:00;17.5;0;SOLEIL;5;23.4;0
Hazebrouck;50.72;2.53;20/07/2026;07:00;17.5;0;SOLEIL;5;25.2;0
Hazebrouck;50.72;2.53;20/07/2026;08:00;17.0;0;SOLEIL;5;27.0;0
Hazebrouck;50.72;2.53;20/07/2026;09:00;17.5;0;SOLEIL;5;29.2;0
Hazebrouck;50.72;2.53;20/07/2026;10:00;18.0;0;SOLEIL;5;31.7;0
Hazebrouck;50.72;2.53;20/07/2026;11:00;19.6;6;AVERSES;5;33.8;0
Hazebrouck;50.72;2.53;20/07/2026;12:00;19.6;6;AVERSES;5;35.6;0
Hazebrouck;50.72;2.53;20/07/2026;13:00;19.6;6;AVERSES;5;37.1;0
Hazebrouck;50.72;2.53;20/07/2026;14:00;20.2;0;SOLEIL;5;38.2;0
Hazebrouck;50.72;2.53;20/07/2026;15:00;20.7;0;SOLEIL;5;39.2;0
Hazebrouck;50.72;2.53;20/07/2026;16:00;20.2;0;SOLEIL;5;39.6;0
Hazebrouck;50.72;2.53;20/07/2026;17:00;18.6;0;SOLEIL;5;40.0;0
Hazebrouck;50.72;2.53;20/07/2026;18:00;18.6;0;SOLEIL;5;39.6;0
Hazebrouck;50.72;2.53;20/07/2026;19:00;18.6;0;SOLEIL;5;38.9;0
Hazebrouck;50.72;2.53;20/07/2026;20:00;18.0;0;SOLEIL;5;37.8;0
Hazebrouck;50.72;2.53;20/07/2026;21:00;17.5;0;SOLEIL;5;36.0;0
Hazebrouck;50.72;2.53;20/07/2026;22:00;17.0;0;SOLEIL;5;33.5;0
Hazebrouck;50.72;2.53;20/07/2026;23:00;17.4;0;SOLEIL;4;31.0;0
Hazebrouck;50.72;2.53;21/07/2026;00:00;17.4;0;SOLEIL;4;27.4;0
Hazebrouck;50.72;2.53;21/07/2026;01:00;17.4;0;SOLEIL;4;24.8;0
Hazebrouck;50.72;2.53;21/07/2026;02:00;16.1;6;AVERSES;5;23.4;0
Hazebrouck;50.72;2.53;21/07/2026;03:00;16.1;6;AVERSES;5;23.0;0
Hazebrouck;50.72;2.53;21/07/2026;04:00;16.1;6;AVERSES;5;23.4;0
Hazebrouck;50.72;2.53;21/07/2026;05:00;17.6;6;AVERSES;5;24.1;0
Hazebrouck;50.72;2.53;21/07/2026;06:00;17.6;6;AVERSES;5;25.2;0
Hazebrouck;50.72;2.53;21/07/2026;07:00;17.6;6;AVERSES;5;26.6;0
Hazebrouck;50.72;2.53;21/07/2026;08:00;17.2;6;AVERSES;5;27.7;0
Hazebrouck;50.72;2.53;21/07/2026;09:00;17.8;6;AVERSES;5;29.2;0
Hazebrouck;50.72;2.53;21/07/2026;10:00;18.3;6;AVERSES;5;30.6;0
Hazebrouck;50.72;2.53;21/07/2026;11:00;20.2;6;AVERSES;5;32.4;0
Hazebrouck;50.72;2.53;21/07/2026;12:00;20.2;6;AVERSES;5;34.2;0
Hazebrouck;50.72;2.53;21/07/2026;13:00;20.2;6;AVERSES;5;35.6;0
Hazebrouck;50.72;2.53;21/07/2026;14:00;20.5;6;AVERSES;5;36.7;0
Hazebrouck;50.72;2.53;21/07/2026;15:00;21.1;6;AVERSES;5;37.8;0
Hazebrouck;50.72;2.53;21/07/2026;16:00;20.5;6;AVERSES;5;38.5;0
Hazebrouck;50.72;2.53;21/07/2026;17:00;19.4;6;AVERSES;5;39.2;0
Hazebrouck;50.72;2.53;21/07/2026;18:00;19.4;6;AVERSES;5;39.6;0
Hazebrouck;50.72;2.53;21/07/2026;19:00;19.4;6;AVERSES;5;39.6;0
Hazebrouck;50.72;2.53;21/07/2026;20:00;18.3;6;AVERSES;5;39.2;0
Hazebrouck;50.72;2.53;21/07/2026;21:00;17.8;6;AVERSES;5;38.2;0
Hazebrouck;50.72;2.53;21/07/2026;22:00;17.2;6;AVERSES;5;37.1;0
Hazebrouck;50.72;2.53;21/07/2026;23:00;17.6;0;SOLEIL;3;35.3;0
Hazebrouck;50.72;2.53;22/07/2026;00:00;17.6;0;SOLEIL;3;33.1;0
Hazebrouck;50.72;2.53;22/07/2026;01:00;17.6;0;SOLEIL;3;31.3;0
Hazebrouck;50.72;2.53;22/07/2026;02:00;16.7;0;SOLEIL;5;29.5;0
Hazebrouck;50.72;2.53;22/07/2026;03:00;16.7;0;SOLEIL;5;27.7;0
Hazebrouck;50.72;2.53;22/07/2026;04:00;16.7;0;SOLEIL;5;25.6;0
Hazebrouck;50.72;2.53;22/07/2026;05:00;18.6;0;SOLEIL;4;23.4;0
Hazebrouck;50.72;2.53;22/07/2026;06:00;18.6;0;SOLEIL;4;21.6;0
Hazebrouck;50.72;2.53;22/07/2026;07:00;18.6;0;SOLEIL;4;20.2;0
Hazebrouck;50.72;2.53;22/07/2026;08:00;18.0;0;SOLEIL;5;19.8;0
Hazebrouck;50.72;2.53;22/07/2026;09:00;18.6;0;SOLEIL;5;20.5;0
Hazebrouck;50.72;2.53;22/07/2026;10:00;19.3;0;SOLEIL;5;22.0;0
Hazebrouck;50.72;2.53;22/07/2026;11:00;21.6;0;SOLEIL;4;24.1;0
Hazebrouck;50.72;2.53;22/07/2026;12:00;21.6;0;SOLEIL;4;26.6;0
Hazebrouck;50.72;2.53;22/07/2026;13:00;21.6;0;SOLEIL;4;28.4;0
Hazebrouck;50.72;2.53;22/07/2026;14:00;21.9;0;SOLEIL;5;29.9;0
Hazebrouck;50.72;2.53;22/07/2026;15:00;22.5;0;SOLEIL;5;30.6;0
Hazebrouck;50.72;2.53;22/07/2026;16:00;21.9;0;SOLEIL;5;30.6;0
Hazebrouck;50.72;2.53;22/07/2026;17:00;20.9;0;SOLEIL;4;30.6;0
Hazebrouck;50.72;2.53;22/07/2026;18:00;20.9;0;SOLEIL;4;30.2;0
Hazebrouck;50.72;2.53;22/07/2026;19:00;20.9;0;SOLEIL;4;29.9;0
Hazebrouck;50.72;2.53;22/07/2026;20:00;19.3;0;SOLEIL;5;29.9;0
Hazebrouck;50.72;2.53;22/07/2026;21:00;18.6;0;SOLEIL;5;29.9;0
Hazebrouck;50.72;2.53;22/07/2026;22:00;18.0;0;SOLEIL;5;29.9;0
Hazebrouck;50.72;2.53;22/07/2026;23:00;18.4;0;SOLEIL;4;30.2;0
Hazebrouck;50.72;2.53;23/07/2026;00:00;18.4;0;SOLEIL;4;30.2;0
Hazebrouck;50.72;2.53;23/07/2026;01:00;18.4;0;SOLEIL;4;30.2;0
Hazebrouck;50.72;2.53;23/07/2026;02:00;17.1;0;SOLEIL;5;30.2;0
Hazebrouck;50.72;2.53;23/07/2026;03:00;17.1;0;SOLEIL;5;29.9;0
Hazebrouck;50.72;2.53;23/07/2026;04:00;17.1;0;SOLEIL;5;29.5;0
Hazebrouck;50.72;2.53;23/07/2026;05:00;18.4;0;SOLEIL;5;29.2;0
Hazebrouck;50.72;2.53;23/07/2026;06:00;18.4;0;SOLEIL;5;28.8;0
Hazebrouck;50.72;2.53;23/07/2026;07:00;18.4;0;SOLEIL;5;28.4;0
Hazebrouck;50.72;2.53;23/07/2026;08:00;18.3;0;SOLEIL;5;28.4;0
Hazebrouck;50.72;2.53;23/07/2026;09:00;18.9;0;SOLEIL;5;28.8;0
Hazebrouck;50.72;2.53;23/07/2026;10:00;19.5;0;SOLEIL;5;29.5;0
Hazebrouck;50.72;2.53;23/07/2026;11:00;22;6;AVERSES;4;30.6;0
Hazebrouck;50.72;2.53;23/07/2026;12:00;22;6;AVERSES;4;31.3;0
Hazebrouck;50.72;2.53;23/07/2026;13:00;22;6;AVERSES;4;32.0;0
Hazebrouck;50.72;2.53;23/07/2026;14:00;22.0;0;SOLEIL;5;32.8;0
Hazebrouck;50.72;2.53;23/07/2026;15:00;22.6;0;SOLEIL;5;33.1;0
Hazebrouck;50.72;2.53;23/07/2026;16:00;22.0;0;SOLEIL;5;33.5;0
Hazebrouck;50.72;2.53;23/07/2026;17:00;20.7;0;SOLEIL;4;33.8;0
Hazebrouck;50.72;2.53;23/07/2026;18:00;20.7;0;SOLEIL;4;33.8;0
Hazebrouck;50.72;2.53;23/07/2026;19:00;20.7;0;SOLEIL;4;33.8;0
Hazebrouck;50.72;2.53;23/07/2026;20:00;19.5;0;SOLEIL;5;33.1;0
Hazebrouck;50.72;2.53;23/07/2026;21:00;18.9;0;SOLEIL;5;31.7;0
Hazebrouck;50.72;2.53;23/07/2026;22:00;18.3;0;SOLEIL;5;29.9;0
Hazebrouck;50.72;2.53;23/07/2026;23:00;18.1;0;SOLEIL;3;27.4;0
Hazebrouck;50.72;2.53;24/07/2026;00:00;18.1;0;SOLEIL;3;25.2;0
Hazebrouck;50.72;2.53;24/07/2026;01:00;18.1;0;SOLEIL;3;23.4;0
Hazebrouck;50.72;2.53;24/07/2026;02:00;16.9;0;SOLEIL;5;22.0;0
Hazebrouck;50.72;2.53;24/07/2026;03:00;16.9;0;SOLEIL;5;21.2;0
Hazebrouck;50.72;2.53;24/07/2026;04:00;16.9;0;SOLEIL;5;20.9;0
Hazebrouck;50.72;2.53;24/07/2026;05:00;18.1;0;SOLEIL;3;21.2;0
Hazebrouck;50.72;2.53;24/07/2026;06:00;18.1;0;SOLEIL;3;21.2;0
Hazebrouck;50.72;2.53;24/07/2026;07:00;18.1;0;SOLEIL;3;22.0;0
Hazebrouck;50.72;2.53;24/07/2026;08:00;18.5;0;SOLEIL;5;22.7;0
Hazebrouck;50.72;2.53;24/07/2026;09:00;19.3;0;SOLEIL;5;23.8;0
Hazebrouck;50.72;2.53;24/07/2026;10:00;20.1;0;SOLEIL;5;24.8;0
Hazebrouck;50.72;2.53;24/07/2026;11:00;23.6;0;SOLEIL;4;26.6;0
Hazebrouck;50.72;2.53;24/07/2026;12:00;23.6;0;SOLEIL;4;28.1;0
Hazebrouck;50.72;2.53;24/07/2026;13:00;23.6;0;SOLEIL;4;29.9;0
Hazebrouck;50.72;2.53;24/07/2026;14:00;23.3;0;SOLEIL;5;31.3;0
Hazebrouck;50.72;2.53;24/07/2026;15:00;24.1;0;SOLEIL;5;32.8;0
Hazebrouck;50.72;2.53;24/07/2026;16:00;23.3;0;SOLEIL;5;34.6;0
Hazebrouck;50.72;2.53;24/07/2026;17:00;21.7;0;SOLEIL;4;36.0;0
Hazebrouck;50.72;2.53;24/07/2026;18:00;21.7;0;SOLEIL;4;37.4;0
Hazebrouck;50.72;2.53;24/07/2026;19:00;21.7;0;SOLEIL;4;38.5;0
Hazebrouck;50.72;2.53;24/07/2026;20:00;20.1;0;SOLEIL;5;39.2;0
Hazebrouck;50.72;2.53;24/07/2026;21:00;19.3;0;SOLEIL;5;38.9;0
Hazebrouck;50.72;2.53;24/07/2026;22:00;18.5;0;SOLEIL;5;38.2;0
Hazebrouck;50.72;2.53;24/07/2026;23:00;18.6;0;SOLEIL;4;37.1;0
Hazebrouck;50.72;2.53;25/07/2026;00:00;18.6;0;SOLEIL;4;35.6;0
Hazebrouck;50.72;2.53;25/07/2026;01:00;18.6;0;SOLEIL;4;34.6;0
Hazebrouck;50.72;2.53;25/07/2026;02:00;17.1;0;SOLEIL;5;33.8;0
Hazebrouck;50.72;2.53;25/07/2026;03:00;17.1;0;SOLEIL;5;33.5;0
Hazebrouck;50.72;2.53;25/07/2026;04:00;17.1;0;SOLEIL;5;33.5;0
Hazebrouck;50.72;2.53;25/07/2026;05:00;;0;SOLEIL;;33.5;0
Hazebrouck;50.72;2.53;25/07/2026;06:00;;0;SOLEIL;;33.8;0
Hazebrouck;50.72;2.53;25/07/2026;07:00;;0;SOLEIL;;34.2;0
Hazebrouck;50.72;2.53;25/07/2026;08:00;18.5;0;SOLEIL;5;34.6;0
Hazebrouck;50.72;2.53;25/07/2026;09:00;19.1;0;SOLEIL;5;34.9;0
Hazebrouck;50.72;2.53;25/07/2026;10:00;19.8;0;SOLEIL;5;35.6;0
Hazebrouck;50.72;2.53;25/07/2026;11:00;;0;SOLEIL;;36.0;0
Hazebrouck;50.72;2.53;25/07/2026;12:00;;0;SOLEIL;;36.7;0
Hazebrouck;50.72;2.53;25/07/2026;13:00;;0;SOLEIL;;37.4;0
Hazebrouck;50.72;2.53;25/07/2026;14:00;22.5;0;SOLEIL;5;38.2;0
Hazebrouck;50.72;2.53;25/07/2026;15:00;23.2;0;SOLEIL;5;39.2;0
Hazebrouck;50.72;2.53;25/07/2026;16:00;22.5;0;SOLEIL;5;40.3;0
Hazebrouck;50.72;2.53;25/07/2026;17:00;;0;SOLEIL;;41.8;0
Hazebrouck;50.72;2.53;25/07/2026;18:00;;0;SOLEIL;;42.5;0
Hazebrouck;50.72;2.53;25/07/2026;19:00;;0;SOLEIL;;42.8;0
Hazebrouck;50.72;2.53;25/07/2026;20:00;19.8;0;SOLEIL;5;42.1;0
Hazebrouck;50.72;2.53;25/07/2026;21:00;19.1;0;SOLEIL;5;39.6;0
Hazebrouck;50.72;2.53;25/07/2026;22:00;18.5;0;SOLEIL;5;35.6;0
Hazebrouck;50.72;2.53;25/07/2026;23:00;;6;AVERSES;;31.3;0
Hazebrouck;50.72;2.53;26/07/2026;00:00;;6;AVERSES;;26.6;0
Hazebrouck;50.72;2.53;26/07/2026;01:00;;6;AVERSES;;23.0;0
Hazebrouck;50.72;2.53;26/07/2026;02:00;17.1;6;AVERSES;5;20.9;0
Hazebrouck;50.72;2.53;26/07/2026;03:00;17.1;6;AVERSES;5;20.5;0
Hazebrouck;50.72;2.53;26/07/2026;04:00;17.1;6;AVERSES;5;21.2;0
Hazebrouck;50.72;2.53;26/07/2026;05:00;;6;AVERSES;;23.0;0
Hazebrouck;50.72;2.53;26/07/2026;06:00;;6;AVERSES;;25.2;0
Hazebrouck;50.72;2.53;26/07/2026;07:00;;6;AVERSES;;27.7;0
Hazebrouck;50.72;2.53;26/07/2026;08:00;18.2;6;AVERSES;5;29.9;0
Hazebrouck;50.72;2.53;26/07/2026;09:00;18.8;6;AVERSES;5;32.4;0
Hazebrouck;50.72;2.53;26/07/2026;10:00;19.4;6;AVERSES;5;35.3;0
Hazebrouck;50.72;2.53;26/07/2026;11:00;;6;AVERSES;;38.5;0
Hazebrouck;50.72;2.53;26/07/2026;12:00;;6;AVERSES;;41.4;0
Hazebrouck;50.72;2.53;26/07/2026;13:00;;6;AVERSES;;43.9;0
Hazebrouck;50.72;2.53;26/07/2026;14:00;21.6;6;AVERSES;5;45.7;0
Hazebrouck;50.72;2.53;26/07/2026;15:00;22.2;6;AVERSES;5;46.8;0
Hazebrouck;50.72;2.53;26/07/2026;16:00;21.6;6;AVERSES;5;47.5;0
Hazebrouck;50.72;2.53;26/07/2026;17:00;;6;AVERSES;;47.5;0
Hazebrouck;50.72;2.53;26/07/2026;18:00;;6;AVERSES;;47.2;0
Hazebrouck;50.72;2.53;26/07/2026;19:00;;6;AVERSES;;46.4;0
Hazebrouck;50.72;2.53;26/07/2026;20:00;19.4;6;AVERSES;5;45.0;0
Hazebrouck;50.72;2.53;26/07/2026;21:00;18.8;6;AVERSES;5;42.8;0
Hazebrouck;50.72;2.53;26/07/2026;22:00;18.2;6;AVERSES;5;39.2;0
Hazebrouck;50.72;2.53;26/07/2026;23:00;;6;AVERSES;;35.6;0
Hazebrouck;50.72;2.53;27/07/2026;00:00;;6;AVERSES;;31.7;0
Hazebrouck;50.72;2.53;27/07/2026;01:00;;6;AVERSES;;28.4;0
Hazebrouck;50.72;2.53;27/07/2026;02:00;17.1;6;AVERSES;5;26.3;0
Hazebrouck;50.72;2.53;27/07/2026;03:00;17.1;6;AVERSES;5;25.2;0
Hazebrouck;50.72;2.53;27/07/2026;04:00;17.1;6;AVERSES;5;24.5;0
Hazebrouck;50.72;2.53;27/07/2026;05:00;;6;AVERSES;;24.1;0
Hazebrouck;50.72;2.53;27/07/2026;06:00;;6;AVERSES;;24.5;0
Hazebrouck;50.72;2.53;27/07/2026;07:00;;6;AVERSES;;25.2;0
Hazebrouck;50.72;2.53;27/07/2026;08:00;18.5;6;AVERSES;5;26.3;0
Hazebrouck;50.72;2.53;27/07/2026;09:00;19.3;6;AVERSES;5;28.1;0
Hazebrouck;50.72;2.53;27/07/2026;10:00;20.0;6;AVERSES;5;31.0;0
Hazebrouck;50.72;2.53;27/07/2026;11:00;;6;AVERSES;;33.8;0
Hazebrouck;50.72;2.53;27/07/2026;12:00;;6;AVERSES;;37.1;0
Hazebrouck;50.72;2.53;27/07/2026;13:00;;6;AVERSES;;39.6;0
Hazebrouck;50.72;2.53;27/07/2026;14:00;22.9;6;AVERSES;5;41.4;0
Hazebrouck;50.72;2.53;27/07/2026;15:00;23.6;6;AVERSES;5;42.1;0
Hazebrouck;50.72;2.53;27/07/2026;16:00;22.9;6;AVERSES;5;42.5;0
Hazebrouck;50.72;2.53;27/07/2026;17:00;;6;AVERSES;;42.1;0
Hazebrouck;50.72;2.53;27/07/2026;18:00;;6;AVERSES;;41.8;0
Hazebrouck;50.72;2.53;27/07/2026;19:00;;6;AVERSES;;40.7;0
Hazebrouck;50.72;2.53;27/07/2026;20:00;20.0;6;AVERSES;5;40.0;0
Hazebrouck;50.72;2.53;27/07/2026;21:00;19.3;6;AVERSES;5;38.9;0
Hazebrouck;50.72;2.53;27/07/2026;22:00;18.5;6;AVERSES;5;37.8;0
Hazebrouck;50.72;2.53;27/07/2026;23:00;;6;AVERSES;;36.4;0
Hazebrouck;50.72;2.53;28/07/2026;00:00;;6;AVERSES;;34.6;0
Hazebrouck;50.72;2.53;28/07/2026;01:00;;6;AVERSES;;32.8;0
Hazebrouck;50.72;2.53;28/07/2026;02:00;16.9;6;AVERSES;5;31.0;0
Hazebrouck;50.72;2.53;28/07/2026;03:00;16.9;6;AVERSES;5;28.8;0
Hazebrouck;50.72;2.53;28/07/2026;04:00;16.9;6;AVERSES;5;25.9;0
Hazebrouck;50.72;2.53;28/07/2026;05:00;;6;AVERSES;;23.0;0
Hazebrouck;50.72;2.53;28/07/2026;06:00;;6;AVERSES;;20.5;0
Hazebrouck;50.72;2.53;28/07/2026;07:00;;6;AVERSES;;18.7;0
Hazebrouck;50.72;2.53;28/07/2026;08:00;18.1;6;AVERSES;5;18.0;0
Hazebrouck;50.72;2.53;28/07/2026;09:00;18.6;6;AVERSES;5;19.1;0
Hazebrouck;50.72;2.53;28/07/2026;10:00;19.2;6;AVERSES;5;21.2;0
Hazebrouck;50.72;2.53;28/07/2026;11:00;;6;AVERSES;;24.5;0
Hazebrouck;50.72;2.53;28/07/2026;12:00;;6;AVERSES;;27.7;0
Hazebrouck;50.72;2.53;28/07/2026;13:00;;6;AVERSES;;31.0;0
Hazebrouck;50.72;2.53;28/07/2026;14:00;21.5;6;AVERSES;5;33.1;0
Hazebrouck;50.72;2.53;28/07/2026;15:00;22.1;6;AVERSES;5;34.9;0
Hazebrouck;50.72;2.53;28/07/2026;16:00;21.5;6;AVERSES;5;36.4;0
Hazebrouck;50.72;2.53;28/07/2026;17:00;;6;AVERSES;;37.4;0
Hazebrouck;50.72;2.53;28/07/2026;18:00;;6;AVERSES;;38.5;0
Hazebrouck;50.72;2.53;28/07/2026;19:00;;6;AVERSES;;38.9;0
Hazebrouck;50.72;2.53;28/07/2026;20:00;19.2;6;AVERSES;5;38.5;0
Hazebrouck;50.72;2.53;28/07/2026;21:00;18.6;6;AVERSES;5;37.4;0
Hazebrouck;50.72;2.53;28/07/2026;22:00;18.1;6;AVERSES;5;35.3;0
Hazebrouck;50.72;2.53;28/07/2026;23:00;;6;AVERSES;;32.8;0
Hazebrouck;50.72;2.53;29/07/2026;00:00;;6;AVERSES;;29.9;0
Hazebrouck;50.72;2.53;29/07/2026;01:00;;6;AVERSES;;27.7;0
Hazebrouck;50.72;2.53;29/07/2026;02:00;17.1;6;AVERSES;5;26.6;0
Hazebrouck;50.72;2.53;29/07/2026;03:00;17.1;6;AVERSES;5;26.6;0
Hazebrouck;50.72;2.53;29/07/2026;04:00;17.1;6;AVERSES;5;27.0;0
Hazebrouck;50.72;2.53;29/07/2026;05:00;;6;AVERSES;;28.1;0
Hazebrouck;50.72;2.53;29/07/2026;06:00;;6;AVERSES;;29.2;0
Hazebrouck;50.72;2.53;29/07/2026;07:00;;6;AVERSES;;30.6;0
Hazebrouck;50.72;2.53;29/07/2026;08:00;18.3;6;AVERSES;5;31.3;0
Hazebrouck;50.72;2.53;29/07/2026;09:00;18.9;6;AVERSES;5;32.0;0
Hazebrouck;50.72;2.53;29/07/2026;10:00;19.5;6;AVERSES;5;32.4;0
Hazebrouck;50.72;2.53;29/07/2026;11:00;;6;AVERSES;;32.8;0
Hazebrouck;50.72;2.53;29/07/2026;12:00;;6;AVERSES;;33.1;0
Hazebrouck;50.72;2.53;29/07/2026;13:00;;6;AVERSES;;33.5;0
Hazebrouck;50.72;2.53;29/07/2026;14:00;22.0;6;AVERSES;5;33.5;0
Hazebrouck;50.72;2.53;29/07/2026;15:00;22.6;6;AVERSES;5;33.5;0
Hazebrouck;50.72;2.53;29/07/2026;16:00;22.0;6;AVERSES;5;33.1;0
Hazebrouck;50.72;2.53;29/07/2026;17:00;;6;AVERSES;;32.8;0
Hazebrouck;50.72;2.53;29/07/2026;18:00;;6;AVERSES;;32.4;0
Hazebrouck;50.72;2.53;29/07/2026;19:00;;6;AVERSES;;31.7;0
Hazebrouck;50.72;2.53;29/07/2026;20:00;19.5;6;AVERSES;5;30.6;0
Hazebrouck;50.72;2.53;29/07/2026;21:00;18.9;6;AVERSES;5;29.2;0
Hazebrouck;50.72;2.53;29/07/2026;22:00;18.3;6;AVERSES;5;27.4;0
Hazebrouck;50.72;2.53;29/07/2026;23:00;17.7;6;AVERSES;5;25.6;0
Hazebrouck;50.72;2.53;30/07/2026;00:00;12;0;SOLEIL;5;24.7;0
Hazebrouck;50.72;2.53;30/07/2026;01:00;12;0;SOLEIL;5;24.5;0
Hazebrouck;50.72;2.53;30/07/2026;02:00;12;0;SOLEIL;5;25.1;0
Hazebrouck;50.72;2.53;30/07/2026;03:00;12;0;SOLEIL;5;26.3;0
Hazebrouck;50.72;2.53;30/07/2026;04:00;12;0;SOLEIL;5;26.6;0
Hazebrouck;50.72;2.53;30/07/2026;05:00;12;0;SOLEIL;5;0.0;0
Hazebrouck;50.72;2.53;30/07/2026;06:00;12;0;SOLEIL;5;0.0;0
Hazebrouck;50.72;2.53;30/07/2026;07:00;13.1;0;SOLEIL;5;0.0;0
Hazebrouck;50.72;2.53;30/07/2026;08:00;14.2;0;SOLEIL;5;0.0;0
Hazebrouck;50.72;2.53;30/07/2026;09:00;15.3;0;SOLEIL;5;0.0;0
Hazebrouck;50.72;2.53;30/07/2026;10:00;16.4;0;SOLEIL;5;0.0;0
Hazebrouck;50.72;2.53;30/07/2026;11:00;17.6;0;SOLEIL;5;0.0;0
Hazebrouck;50.72;2.53;30/07/2026;12:00;18.7;0;SOLEIL;5;0.0;0
Hazebrouck;50.72;2.53;30/07/2026;13:00;19.8;0;SOLEIL;5;0.0;0
Hazebrouck;50.72;2.53;30/07/2026;14:00;20.9;0;SOLEIL;5;0.0;0
Hazebrouck;50.72;2.53;30/07/2026;15:00;22.0;0;SOLEIL;5;0.0;0
Hazebrouck;50.72;2.53;30/07/2026;16:00;20.9;0;SOLEIL;5;0.0;0
Hazebrouck;50.72;2.53;30/07/2026;17:00;19.8;0;SOLEIL;5;0.0;0
Hazebrouck;50.72;2.53;30/07/2026;18:00;18.7;0;SOLEIL;5;0.0;0
Hazebrouck;50.72;2.53;30/07/2026;19:00;17.6;0;SOLEIL;5;0.0;0
Hazebrouck;50.72;2.53;30/07/2026;20:00;16.4;0;SOLEIL;5;0.0;0
Hazebrouck;50.72;2.53;30/07/2026;21:00;15.3;0;SOLEIL;5;0.0;0
Hazebrouck;50.72;2.53;30/07/2026;22:00;14.2;0;SOLEIL;5;0.0;0
Hazebrouck;50.72;2.53;30/07/2026;23:00;13.1;0;SOLEIL;5;0.0;0
Hazebrouck;50.72;2.53;31/07/2026;00:00;12;0;SOLEIL;5;0.0;0
Hazebrouck;50.72;2.53;31/07/2026;01:00;12;0;SOLEIL;5;0.0;0
Hazebrouck;50.72;2.53;31/07/2026;02:00;12;0;SOLEIL;5;0.0;0
Hazebrouck;50.72;2.53;31/07/2026;03:00;12;0;SOLEIL;5;0.0;0
Hazebrouck;50.72;2.53;31/07/2026;04:00;12;0;SOLEIL;5;0.0;0
Hazebrouck;50.72;2.53;31/07/2026;05:00;12;0;SOLEIL;5;0.0;0
Hazebrouck;50.72;2.53;31/07/2026;06:00;12;0;SOLEIL;5;0.0;0
Hazebrouck;50.72;2.53;31/07/2026;07:00;13.1;0;SOLEIL;5;0.0;0
Hazebrouck;50.72;2.53;31/07/2026;08:00;14.2;0;SOLEIL;5;0.0;0
Hazebrouck;50.72;2.53;31/07/2026;09:00;15.3;0;SOLEIL;5;0.0;0
Hazebrouck;50.72;2.53;31/07/2026;10:00;16.4;0;SOLEIL;5;0.0;0
Hazebrouck;50.72;2.53;31/07/2026;11:00;17.6;0;SOLEIL;5;0.0;0
Hazebrouck;50.72;2.53;31/07/2026;12:00;18.7;0;SOLEIL;5;0.0;0
Hazebrouck;50.72;2.53;31/07/2026;13:00;19.8;0;SOLEIL;5;0.0;0
Hazebrouck;50.72;2.53;31/07/2026;14:00;20.9;0;SOLEIL;5;0.0;0
Hazebrouck;50.72;2.53;31/07/2026;15:00;22.0;0;SOLEIL;5;0.0;0
Hazebrouck;50.72;2.53;31/07/2026;16:00;20.9;0;SOLEIL;5;0.0;0
Hazebrouck;50.72;2.53;31/07/2026;17:00;19.8;0;SOLEIL;5;0.0;0
Hazebrouck;50.72;2.53;31/07/2026;18:00;18.7;0;SOLEIL;5;0.0;0
Hazebrouck;50.72;2.53;31/07/2026;19:00;17.6;0;SOLEIL;5;0.0;0
Hazebrouck;50.72;2.53;31/07/2026;20:00;16.4;0;SOLEIL;5;0.0;0
Hazebrouck;50.72;2.53;31/07/2026;21:00;15.3;0;SOLEIL;5;0.0;0
Hazebrouck;50.72;2.53;31/07/2026;22:00;14.2;0;SOLEIL;5;0.0;0
Hazebrouck;50.72;2.53;31/07/2026;23:00;13.1;0;SOLEIL;5;0.0;0
Lille;50.62;3.05;16/07/2026;00:00;18.5;0;SOLEIL;3;24.8;0
Lille;50.62;3.05;16/07/2026;01:00;19.1;0;SOLEIL;3;24.1;0
Lille;50.62;3.05;16/07/2026;02:00;19.1;0;SOLEIL;3;20.5;0
Lille;50.62;3.05;16/07/2026;03:00;18;0;SOLEIL;2;18.0;0
Lille;50.62;3.05;16/07/2026;04:00;18;0;SOLEIL;2;18.4;0
Lille;50.62;3.05;16/07/2026;05:00;18.1;0;SOLEIL;2;17.6;0
Lille;50.62;3.05;16/07/2026;06:00;20.1;0;SOLEIL;2;14.4;0
Lille;50.62;3.05;16/07/2026;07:00;22;0;SOLEIL;3;12.2;0
Lille;50.62;3.05;16/07/2026;08:00;23.9;0;SOLEIL;3;16.2;0
Lille;50.62;3.05;16/07/2026;09:00;26;0;SOLEIL;4;16.6;0
Lille;50.62;3.05;16/07/2026;10:00;27.1;0;SOLEIL;4;18.4;0
Lille;50.62;3.05;16/07/2026;11:00;28.6;0;SOLEIL;4;23.0;0
Lille;50.62;3.05;16/07/2026;12:00;28.1;0;SOLEIL;5;30.2;0
Lille;50.62;3.05;16/07/2026;13:00;27.6;0;SOLEIL;6;31.0;0
Lille;50.62;3.05;16/07/2026;14:00;27.2;0;SOLEIL;6;31.0;0
Lille;50.62;3.05;16/07/2026;15:00;26;0;SOLEIL;6;32.8;0
Lille;50.62;3.05;16/07/2026;16:00;24.5;0;SOLEIL;6;46.1;0
Lille;50.62;3.05;16/07/2026;17:00;23.2;0;SOLEIL;6;46.1;0
Lille;50.62;3.05;16/07/2026;18:00;22.5;0;SOLEIL;6;43.9;0
Lille;50.62;3.05;16/07/2026;19:00;20.2;0;SOLEIL;5;43.9;0
Lille;50.62;3.05;16/07/2026;20:00;18.6;0;SOLEIL;4;41.0;0
Lille;50.62;3.05;16/07/2026;21:00;18.4;0;SOLEIL;4;37.4;0
Lille;50.62;3.05;16/07/2026;22:00;17.4;0;SOLEIL;4;35.3;0
Lille;50.62;3.05;16/07/2026;23:00;17.1;0;SOLEIL;4;28.4;0
Lille;50.62;3.05;17/07/2026;00:00;17.1;0;SOLEIL;3;24.1;0
Lille;50.62;3.05;17/07/2026;01:00;17.1;0;SOLEIL;3;22.7;0
Lille;50.62;3.05;17/07/2026;02:00;17;0;SOLEIL;3;18.7;0
Lille;50.62;3.05;17/07/2026;03:00;17;0;SOLEIL;3;19.1;0
Lille;50.62;3.05;17/07/2026;04:00;17;0;SOLEIL;3;22.3;0
Lille;50.62;3.05;17/07/2026;05:00;18.7;0;SOLEIL;4;21.2;0
Lille;50.62;3.05;17/07/2026;06:00;18.7;0;SOLEIL;4;16.9;0
Lille;50.62;3.05;17/07/2026;07:00;18.7;0;SOLEIL;4;14.4;0
Lille;50.62;3.05;17/07/2026;08:00;22.2;0;SOLEIL;4;25.6;0
Lille;50.62;3.05;17/07/2026;09:00;22.2;0;SOLEIL;4;27.0;0
Lille;50.62;3.05;17/07/2026;10:00;22.2;0;SOLEIL;4;26.3;0
Lille;50.62;3.05;17/07/2026;11:00;24.4;0;SOLEIL;5;31.0;0
Lille;50.62;3.05;17/07/2026;12:00;24.4;0;SOLEIL;5;32.4;0
Lille;50.62;3.05;17/07/2026;13:00;24.4;0;SOLEIL;5;36.0;0
Lille;50.62;3.05;17/07/2026;14:00;24.1;0;SOLEIL;5;36.0;0
Lille;50.62;3.05;17/07/2026;15:00;24.1;0;SOLEIL;5;34.9;0
Lille;50.62;3.05;17/07/2026;16:00;24.1;0;SOLEIL;5;33.8;0
Lille;50.62;3.05;17/07/2026;17:00;23;0;SOLEIL;4;35.6;0
Lille;50.62;3.05;17/07/2026;18:00;23;0;SOLEIL;4;35.6;0
Lille;50.62;3.05;17/07/2026;19:00;23;0;SOLEIL;4;33.5;0
Lille;50.62;3.05;17/07/2026;20:00;18.1;0;SOLEIL;3;26.3;0
Lille;50.62;3.05;17/07/2026;21:00;18.1;0;SOLEIL;3;22.7;0
Lille;50.62;3.05;17/07/2026;22:00;18.1;0;SOLEIL;3;22.1;0
Lille;50.62;3.05;17/07/2026;23:00;16.6;0;SOLEIL;3;21.3;0
Lille;50.62;3.05;18/07/2026;00:00;16.6;0;SOLEIL;3;21.2;0
Lille;50.62;3.05;18/07/2026;01:00;16.6;0;SOLEIL;3;18.7;0
Lille;50.62;3.05;18/07/2026;02:00;15.6;0;SOLEIL;3;16.9;0
Lille;50.62;3.05;18/07/2026;03:00;15.6;0;SOLEIL;3;15.8;0
Lille;50.62;3.05;18/07/2026;04:00;15.6;0;SOLEIL;3;15.8;0
Lille;50.62;3.05;18/07/2026;05:00;17.1;2;NUAGEUX;4;15.1;0
Lille;50.62;3.05;18/07/2026;06:00;17.1;2;NUAGEUX;4;13.7;0
Lille;50.62;3.05;18/07/2026;07:00;17.1;2;NUAGEUX;4;11.2;0
Lille;50.62;3.05;18/07/2026;08:00;20.1;2;NUAGEUX;4;15.8;0
Lille;50.62;3.05;18/07/2026;09:00;20.1;2;NUAGEUX;4;24.8;0
Lille;50.62;3.05;18/07/2026;10:00;20.1;2;NUAGEUX;4;27.7;0
Lille;50.62;3.05;18/07/2026;11:00;21.7;2;NUAGEUX;5;31.3;0
Lille;50.62;3.05;18/07/2026;12:00;21.7;2;NUAGEUX;5;33.1;0
Lille;50.62;3.05;18/07/2026;13:00;21.7;2;NUAGEUX;5;33.1;0
Lille;50.62;3.05;18/07/2026;14:00;21.5;0;SOLEIL;6;38.2;0
Lille;50.62;3.05;18/07/2026;15:00;21.5;0;SOLEIL;6;38.9;0
Lille;50.62;3.05;18/07/2026;16:00;21.5;0;SOLEIL;6;40.3;0
Lille;50.62;3.05;18/07/2026;17:00;20;0;SOLEIL;5;42.8;0
Lille;50.62;3.05;18/07/2026;18:00;20;0;SOLEIL;5;42.5;0
Lille;50.62;3.05;18/07/2026;19:00;20;0;SOLEIL;5;43.6;0
Lille;50.62;3.05;18/07/2026;20:00;18.2;2;NUAGEUX;5;41.4;0
Lille;50.62;3.05;18/07/2026;21:00;17.3;2;NUAGEUX;5;40.7;0
Lille;50.62;3.05;18/07/2026;22:00;16.5;2;NUAGEUX;5;39.6;0
Lille;50.62;3.05;18/07/2026;23:00;15;0;SOLEIL;3;37.4;0
Lille;50.62;3.05;19/07/2026;00:00;15;0;SOLEIL;3;32.4;0
Lille;50.62;3.05;19/07/2026;01:00;15;0;SOLEIL;3;26.3;0
Lille;50.62;3.05;19/07/2026;02:00;14.5;0;SOLEIL;5;21.2;0
Lille;50.62;3.05;19/07/2026;03:00;14.5;0;SOLEIL;5;18.0;0
Lille;50.62;3.05;19/07/2026;04:00;14.5;0;SOLEIL;5;15.8;0
Lille;50.62;3.05;19/07/2026;05:00;16.9;0;SOLEIL;4;15.5;0
Lille;50.62;3.05;19/07/2026;06:00;16.9;0;SOLEIL;4;17.3;0
Lille;50.62;3.05;19/07/2026;07:00;16.9;0;SOLEIL;4;20.5;0
Lille;50.62;3.05;19/07/2026;08:00;16.2;0;SOLEIL;5;24.5;0
Lille;50.62;3.05;19/07/2026;09:00;17.0;0;SOLEIL;5;28.8;0
Lille;50.62;3.05;19/07/2026;10:00;17.8;0;SOLEIL;5;33.5;0
Lille;50.62;3.05;19/07/2026;11:00;21.2;6;AVERSES;5;37.1;0
Lille;50.62;3.05;19/07/2026;12:00;21.2;6;AVERSES;5;38.5;0
Lille;50.62;3.05;19/07/2026;13:00;21.2;6;AVERSES;5;38.5;0
Lille;50.62;3.05;19/07/2026;14:00;21.2;0;SOLEIL;5;38.5;0
Lille;50.62;3.05;19/07/2026;15:00;22.0;0;SOLEIL;5;39.2;0
Lille;50.62;3.05;19/07/2026;16:00;21.2;0;SOLEIL;5;40.0;0
Lille;50.62;3.05;19/07/2026;17:00;19.4;0;SOLEIL;5;40.3;0
Lille;50.62;3.05;19/07/2026;18:00;19.4;0;SOLEIL;5;40.7;0
Lille;50.62;3.05;19/07/2026;19:00;19.4;0;SOLEIL;5;40.7;0
Lille;50.62;3.05;19/07/2026;20:00;17.8;0;SOLEIL;5;40.0;0
Lille;50.62;3.05;19/07/2026;21:00;17.0;0;SOLEIL;5;37.8;0
Lille;50.62;3.05;19/07/2026;22:00;16.2;0;SOLEIL;5;34.6;0
Lille;50.62;3.05;19/07/2026;23:00;15.5;0;SOLEIL;2;30.6;0
Lille;50.62;3.05;20/07/2026;00:00;15.5;0;SOLEIL;2;24.8;0
Lille;50.62;3.05;20/07/2026;01:00;15.5;0;SOLEIL;2;18.4;0
Lille;50.62;3.05;20/07/2026;02:00;14;0;SOLEIL;5;13.7;0
Lille;50.62;3.05;20/07/2026;03:00;14;0;SOLEIL;5;11.9;0
Lille;50.62;3.05;20/07/2026;04:00;14;0;SOLEIL;5;12.2;0
Lille;50.62;3.05;20/07/2026;05:00;16.6;0;SOLEIL;3;12.6;0
Lille;50.62;3.05;20/07/2026;06:00;16.6;0;SOLEIL;3;12.6;0
Lille;50.62;3.05;20/07/2026;07:00;16.6;0;SOLEIL;3;13.3;0
Lille;50.62;3.05;20/07/2026;08:00;15.8;0;SOLEIL;5;15.1;0
Lille;50.62;3.05;20/07/2026;09:00;16.7;0;SOLEIL;5;19.8;0
Lille;50.62;3.05;20/07/2026;10:00;17.6;0;SOLEIL;5;25.6;0
Lille;50.62;3.05;20/07/2026;11:00;21.4;6;AVERSES;5;30.6;0
Lille;50.62;3.05;20/07/2026;12:00;21.4;6;AVERSES;5;33.1;0
Lille;50.62;3.05;20/07/2026;13:00;21.4;6;AVERSES;5;34.9;0
Lille;50.62;3.05;20/07/2026;14:00;21.2;0;SOLEIL;5;36.0;0
Lille;50.62;3.05;20/07/2026;15:00;22.1;0;SOLEIL;5;37.1;0
Lille;50.62;3.05;20/07/2026;16:00;21.2;0;SOLEIL;5;38.2;0
Lille;50.62;3.05;20/07/2026;17:00;19.6;0;SOLEIL;5;38.5;0
Lille;50.62;3.05;20/07/2026;18:00;19.6;0;SOLEIL;5;38.9;0
Lille;50.62;3.05;20/07/2026;19:00;19.6;0;SOLEIL;5;38.9;0
Lille;50.62;3.05;20/07/2026;20:00;17.6;0;SOLEIL;5;38.2;0
Lille;50.62;3.05;20/07/2026;21:00;16.7;0;SOLEIL;5;36.7;0
Lille;50.62;3.05;20/07/2026;22:00;15.8;0;SOLEIL;5;34.2;0
Lille;50.62;3.05;20/07/2026;23:00;15.6;0;SOLEIL;2;31.3;0
Lille;50.62;3.05;21/07/2026;00:00;15.6;0;SOLEIL;2;24.8;0
Lille;50.62;3.05;21/07/2026;01:00;15.6;0;SOLEIL;2;21.2;0
Lille;50.62;3.05;21/07/2026;02:00;14.6;0;SOLEIL;5;18.7;0
Lille;50.62;3.05;21/07/2026;03:00;14.6;0;SOLEIL;5;16.9;0
Lille;50.62;3.05;21/07/2026;04:00;14.6;0;SOLEIL;5;15.1;0
Lille;50.62;3.05;21/07/2026;05:00;17.1;0;SOLEIL;3;14.0;0
Lille;50.62;3.05;21/07/2026;06:00;17.1;0;SOLEIL;3;13.3;0
Lille;50.62;3.05;21/07/2026;07:00;17.1;0;SOLEIL;3;13.7;0
Lille;50.62;3.05;21/07/2026;08:00;16.6;0;SOLEIL;5;14.4;0
Lille;50.62;3.05;21/07/2026;09:00;17.5;0;SOLEIL;5;16.6;0
Lille;50.62;3.05;21/07/2026;10:00;18.5;0;SOLEIL;5;20.2;0
Lille;50.62;3.05;21/07/2026;11:00;22.1;6;AVERSES;5;24.1;0
Lille;50.62;3.05;21/07/2026;12:00;22.1;6;AVERSES;5;28.4;0
Lille;50.62;3.05;21/07/2026;13:00;22.1;6;AVERSES;5;32.0;0
Lille;50.62;3.05;21/07/2026;14:00;22.4;0;SOLEIL;5;34.9;0
Lille;50.62;3.05;21/07/2026;15:00;23.4;0;SOLEIL;5;36.7;0
Lille;50.62;3.05;21/07/2026;16:00;22.4;0;SOLEIL;5;38.2;0
Lille;50.62;3.05;21/07/2026;17:00;21.1;2;NUAGEUX;4;38.9;0
Lille;50.62;3.05;21/07/2026;18:00;21.1;2;NUAGEUX;4;39.2;0
Lille;50.62;3.05;21/07/2026;19:00;21.1;2;NUAGEUX;4;39.6;0
Lille;50.62;3.05;21/07/2026;20:00;18.5;0;SOLEIL;5;39.6;0
Lille;50.62;3.05;21/07/2026;21:00;17.5;0;SOLEIL;5;39.6;0
Lille;50.62;3.05;21/07/2026;22:00;16.6;0;SOLEIL;5;39.2;0
Lille;50.62;3.05;21/07/2026;23:00;16.4;0;SOLEIL;2;38.5;0
Lille;50.62;3.05;22/07/2026;00:00;16.4;0;SOLEIL;2;37.8;0
Lille;50.62;3.05;22/07/2026;01:00;16.4;0;SOLEIL;2;36.4;0
Lille;50.62;3.05;22/07/2026;02:00;15;0;SOLEIL;5;34.6;0
Lille;50.62;3.05;22/07/2026;03:00;15;0;SOLEIL;5;31.7;0
Lille;50.62;3.05;22/07/2026;04:00;15;0;SOLEIL;5;27.7;0
Lille;50.62;3.05;22/07/2026;05:00;17.6;0;SOLEIL;2;23.0;0
Lille;50.62;3.05;22/07/2026;06:00;17.6;0;SOLEIL;2;18.7;0
Lille;50.62;3.05;22/07/2026;07:00;17.6;0;SOLEIL;2;15.5;0
Lille;50.62;3.05;22/07/2026;08:00;17.5;0;SOLEIL;5;14.0;0
Lille;50.62;3.05;22/07/2026;09:00;18.7;0;SOLEIL;5;14.8;0
Lille;50.62;3.05;22/07/2026;10:00;19.9;0;SOLEIL;5;16.9;0
Lille;50.62;3.05;22/07/2026;11:00;24.7;0;SOLEIL;4;20.2;0
Lille;50.62;3.05;22/07/2026;12:00;24.7;0;SOLEIL;4;23.8;0
Lille;50.62;3.05;22/07/2026;13:00;24.7;0;SOLEIL;4;27.0;0
Lille;50.62;3.05;22/07/2026;14:00;24.9;0;SOLEIL;5;29.2;0
Lille;50.62;3.05;22/07/2026;15:00;26.1;0;SOLEIL;5;30.2;0
Lille;50.62;3.05;22/07/2026;16:00;24.9;0;SOLEIL;5;31.0;0
Lille;50.62;3.05;22/07/2026;17:00;23.1;0;SOLEIL;4;31.3;0
Lille;50.62;3.05;22/07/2026;18:00;23.1;0;SOLEIL;4;31.3;0
Lille;50.62;3.05;22/07/2026;19:00;23.1;0;SOLEIL;4;31.3;0
Lille;50.62;3.05;22/07/2026;20:00;19.9;0;SOLEIL;5;31.0;0
Lille;50.62;3.05;22/07/2026;21:00;18.7;0;SOLEIL;5;30.6;0
Lille;50.62;3.05;22/07/2026;22:00;17.5;0;SOLEIL;5;29.9;0
Lille;50.62;3.05;22/07/2026;23:00;17.1;0;SOLEIL;2;28.8;0
Lille;50.62;3.05;23/07/2026;00:00;17.1;0;SOLEIL;2;27.7;0
Lille;50.62;3.05;23/07/2026;01:00;17.1;0;SOLEIL;2;26.6;0
Lille;50.62;3.05;23/07/2026;02:00;15.6;0;SOLEIL;5;25.2;0
Lille;50.62;3.05;23/07/2026;03:00;15.6;0;SOLEIL;5;23.0;0
Lille;50.62;3.05;23/07/2026;04:00;15.6;0;SOLEIL;5;20.5;0
Lille;50.62;3.05;23/07/2026;05:00;17.6;0;SOLEIL;3;17.6;0
Lille;50.62;3.05;23/07/2026;06:00;17.6;0;SOLEIL;3;15.1;0
Lille;50.62;3.05;23/07/2026;07:00;17.6;0;SOLEIL;3;13.3;0
Lille;50.62;3.05;23/07/2026;08:00;17.9;0;SOLEIL;5;13.0;0
Lille;50.62;3.05;23/07/2026;09:00;19.1;0;SOLEIL;5;14.4;0
Lille;50.62;3.05;23/07/2026;10:00;20.3;0;SOLEIL;5;17.3;0
Lille;50.62;3.05;23/07/2026;11:00;24.6;0;SOLEIL;4;20.9;0
Lille;50.62;3.05;23/07/2026;12:00;24.6;0;SOLEIL;4;24.8;0
Lille;50.62;3.05;23/07/2026;13:00;24.6;0;SOLEIL;4;28.1;0
Lille;50.62;3.05;23/07/2026;14:00;24.9;0;SOLEIL;5;30.2;0
Lille;50.62;3.05;23/07/2026;15:00;26.1;0;SOLEIL;5;31.3;0
Lille;50.62;3.05;23/07/2026;16:00;24.9;0;SOLEIL;5;31.7;0
Lille;50.62;3.05;23/07/2026;17:00;23.9;0;SOLEIL;4;31.7;0
Lille;50.62;3.05;23/07/2026;18:00;23.9;0;SOLEIL;4;31.3;0
Lille;50.62;3.05;23/07/2026;19:00;23.9;0;SOLEIL;4;30.6;0
Lille;50.62;3.05;23/07/2026;20:00;20.3;0;SOLEIL;5;29.5;0
Lille;50.62;3.05;23/07/2026;21:00;19.1;0;SOLEIL;5;28.1;0
Lille;50.62;3.05;23/07/2026;22:00;17.9;0;SOLEIL;5;25.9;0
Lille;50.62;3.05;23/07/2026;23:00;17;0;SOLEIL;2;23.4;0
Lille;50.62;3.05;24/07/2026;00:00;17;0;SOLEIL;2;21.2;0
Lille;50.62;3.05;24/07/2026;01:00;17;0;SOLEIL;2;19.1;0
Lille;50.62;3.05;24/07/2026;02:00;15.1;0;SOLEIL;5;17.6;0
Lille;50.62;3.05;24/07/2026;03:00;15.1;0;SOLEIL;5;16.9;0
Lille;50.62;3.05;24/07/2026;04:00;15.1;0;SOLEIL;5;16.2;0
Lille;50.62;3.05;24/07/2026;05:00;17.7;0;SOLEIL;2;16.2;0
Lille;50.62;3.05;24/07/2026;06:00;17.7;0;SOLEIL;2;16.6;0
Lille;50.62;3.05;24/07/2026;07:00;17.7;0;SOLEIL;2;17.3;0
Lille;50.62;3.05;24/07/2026;08:00;18.1;0;SOLEIL;5;18.4;0
Lille;50.62;3.05;24/07/2026;09:00;19.5;0;SOLEIL;5;20.5;0
Lille;50.62;3.05;24/07/2026;10:00;21.0;0;SOLEIL;5;23.4;0
Lille;50.62;3.05;24/07/2026;11:00;27.1;0;SOLEIL;5;27.0;0
Lille;50.62;3.05;24/07/2026;12:00;27.1;0;SOLEIL;5;30.6;0
Lille;50.62;3.05;24/07/2026;13:00;27.1;0;SOLEIL;5;33.5;0
Lille;50.62;3.05;24/07/2026;14:00;26.9;0;SOLEIL;5;35.6;0
Lille;50.62;3.05;24/07/2026;15:00;28.4;0;SOLEIL;5;36.7;0
Lille;50.62;3.05;24/07/2026;16:00;26.9;0;SOLEIL;5;37.4;0
Lille;50.62;3.05;24/07/2026;17:00;24.7;0;SOLEIL;5;37.8;0
Lille;50.62;3.05;24/07/2026;18:00;24.7;0;SOLEIL;5;37.4;0
Lille;50.62;3.05;24/07/2026;19:00;24.7;0;SOLEIL;5;37.1;0
Lille;50.62;3.05;24/07/2026;20:00;21.0;0;SOLEIL;5;36.7;0
Lille;50.62;3.05;24/07/2026;21:00;19.5;0;SOLEIL;5;36.0;0
Lille;50.62;3.05;24/07/2026;22:00;18.1;0;SOLEIL;5;34.9;0
Lille;50.62;3.05;24/07/2026;23:00;17.2;0;SOLEIL;3;33.5;0
Lille;50.62;3.05;25/07/2026;00:00;17.2;0;SOLEIL;3;32.0;0
Lille;50.62;3.05;25/07/2026;01:00;17.2;0;SOLEIL;3;31.0;0
Lille;50.62;3.05;25/07/2026;02:00;15.5;6;AVERSES;5;29.9;0
Lille;50.62;3.05;25/07/2026;03:00;15.5;6;AVERSES;5;28.8;0
Lille;50.62;3.05;25/07/2026;04:00;15.5;6;AVERSES;5;27.7;0
Lille;50.62;3.05;25/07/2026;05:00;;6;AVERSES;;27.0;0
Lille;50.62;3.05;25/07/2026;06:00;;6;AVERSES;;26.3;0
Lille;50.62;3.05;25/07/2026;07:00;;6;AVERSES;;25.9;0
Lille;50.62;3.05;25/07/2026;08:00;17.8;6;AVERSES;5;26.3;0
Lille;50.62;3.05;25/07/2026;09:00;18.9;6;AVERSES;5;27.7;0
Lille;50.62;3.05;25/07/2026;10:00;20.0;6;AVERSES;5;29.9;0
Lille;50.62;3.05;25/07/2026;11:00;;6;AVERSES;;32.4;0
Lille;50.62;3.05;25/07/2026;12:00;;6;AVERSES;;34.9;0
Lille;50.62;3.05;25/07/2026;13:00;;6;AVERSES;;37.4;0
Lille;50.62;3.05;25/07/2026;14:00;24.6;6;AVERSES;5;39.2;0
Lille;50.62;3.05;25/07/2026;15:00;25.7;6;AVERSES;5;40.7;0
Lille;50.62;3.05;25/07/2026;16:00;24.6;6;AVERSES;5;41.8;0
Lille;50.62;3.05;25/07/2026;17:00;;6;AVERSES;;42.5;0
Lille;50.62;3.05;25/07/2026;18:00;;6;AVERSES;;42.8;0
Lille;50.62;3.05;25/07/2026;19:00;;6;AVERSES;;43.2;0
Lille;50.62;3.05;25/07/2026;20:00;20.0;6;AVERSES;5;42.5;0
Lille;50.62;3.05;25/07/2026;21:00;18.9;6;AVERSES;5;41.0;0
Lille;50.62;3.05;25/07/2026;22:00;17.8;6;AVERSES;5;38.9;0
Lille;50.62;3.05;25/07/2026;23:00;;6;AVERSES;;36.4;0
Lille;50.62;3.05;26/07/2026;00:00;;6;AVERSES;;33.5;0
Lille;50.62;3.05;26/07/2026;01:00;;6;AVERSES;;31.0;0
Lille;50.62;3.05;26/07/2026;02:00;15.6;6;AVERSES;5;28.8;0
Lille;50.62;3.05;26/07/2026;03:00;15.6;6;AVERSES;5;26.6;0
Lille;50.62;3.05;26/07/2026;04:00;15.6;6;AVERSES;5;24.5;0
Lille;50.62;3.05;26/07/2026;05:00;;6;AVERSES;;22.3;0
Lille;50.62;3.05;26/07/2026;06:00;;6;AVERSES;;20.9;0
Lille;50.62;3.05;26/07/2026;07:00;;6;AVERSES;;20.2;0
Lille;50.62;3.05;26/07/2026;08:00;17.6;6;AVERSES;5;20.5;0
Lille;50.62;3.05;26/07/2026;09:00;18.6;6;AVERSES;5;22.7;0
Lille;50.62;3.05;26/07/2026;10:00;19.6;6;AVERSES;5;26.6;0
Lille;50.62;3.05;26/07/2026;11:00;;6;AVERSES;;31.7;0
Lille;50.62;3.05;26/07/2026;12:00;;6;AVERSES;;36.4;0
Lille;50.62;3.05;26/07/2026;13:00;;6;AVERSES;;40.7;0
Lille;50.62;3.05;26/07/2026;14:00;23.6;6;AVERSES;5;43.6;0
Lille;50.62;3.05;26/07/2026;15:00;24.6;6;AVERSES;5;45.0;0
Lille;50.62;3.05;26/07/2026;16:00;23.6;6;AVERSES;5;45.4;0
Lille;50.62;3.05;26/07/2026;17:00;;6;AVERSES;;45.4;0
Lille;50.62;3.05;26/07/2026;18:00;;6;AVERSES;;44.6;0
Lille;50.62;3.05;26/07/2026;19:00;;6;AVERSES;;43.6;0
Lille;50.62;3.05;26/07/2026;20:00;19.6;6;AVERSES;5;42.5;0
Lille;50.62;3.05;26/07/2026;21:00;18.6;6;AVERSES;5;41.0;0
Lille;50.62;3.05;26/07/2026;22:00;17.6;6;AVERSES;5;39.2;0
Lille;50.62;3.05;26/07/2026;23:00;;6;AVERSES;;36.7;0
Lille;50.62;3.05;27/07/2026;00:00;;6;AVERSES;;34.2;0
Lille;50.62;3.05;27/07/2026;01:00;;6;AVERSES;;32.0;0
Lille;50.62;3.05;27/07/2026;02:00;15.4;6;AVERSES;5;29.9;0
Lille;50.62;3.05;27/07/2026;03:00;15.4;6;AVERSES;5;27.7;0
Lille;50.62;3.05;27/07/2026;04:00;15.4;6;AVERSES;5;24.8;0
Lille;50.62;3.05;27/07/2026;05:00;;6;AVERSES;;22.3;0
Lille;50.62;3.05;27/07/2026;06:00;;6;AVERSES;;20.2;0
Lille;50.62;3.05;27/07/2026;07:00;;6;AVERSES;;19.1;0
Lille;50.62;3.05;27/07/2026;08:00;17.6;6;AVERSES;5;19.1;0
Lille;50.62;3.05;27/07/2026;09:00;18.8;6;AVERSES;5;21.2;0
Lille;50.62;3.05;27/07/2026;10:00;19.9;6;AVERSES;5;25.2;0
Lille;50.62;3.05;27/07/2026;11:00;;6;AVERSES;;29.9;0
Lille;50.62;3.05;27/07/2026;12:00;;6;AVERSES;;34.9;0
Lille;50.62;3.05;27/07/2026;13:00;;6;AVERSES;;39.2;0
Lille;50.62;3.05;27/07/2026;14:00;24.4;6;AVERSES;5;42.1;0
Lille;50.62;3.05;27/07/2026;15:00;25.5;6;AVERSES;5;43.6;0
Lille;50.62;3.05;27/07/2026;16:00;24.4;6;AVERSES;5;43.9;0
Lille;50.62;3.05;27/07/2026;17:00;;6;AVERSES;;43.6;0
Lille;50.62;3.05;27/07/2026;18:00;;6;AVERSES;;42.8;0
Lille;50.62;3.05;27/07/2026;19:00;;6;AVERSES;;42.1;0
Lille;50.62;3.05;27/07/2026;20:00;19.9;6;AVERSES;5;41.4;0
Lille;50.62;3.05;27/07/2026;21:00;18.8;6;AVERSES;5;41.0;0
Lille;50.62;3.05;27/07/2026;22:00;17.6;6;AVERSES;5;40.7;0
Lille;50.62;3.05;27/07/2026;23:00;;6;AVERSES;;40.3;0
Lille;50.62;3.05;28/07/2026;00:00;;6;AVERSES;;39.6;0
Lille;50.62;3.05;28/07/2026;01:00;;6;AVERSES;;38.5;0
Lille;50.62;3.05;28/07/2026;02:00;15.6;6;AVERSES;5;36.7;0
Lille;50.62;3.05;28/07/2026;03:00;15.6;6;AVERSES;5;34.2;0
Lille;50.62;3.05;28/07/2026;04:00;15.6;6;AVERSES;5;30.2;0
Lille;50.62;3.05;28/07/2026;05:00;;6;AVERSES;;26.3;0
Lille;50.62;3.05;28/07/2026;06:00;;6;AVERSES;;22.3;0
Lille;50.62;3.05;28/07/2026;07:00;;6;AVERSES;;19.4;0
Lille;50.62;3.05;28/07/2026;08:00;17.4;6;AVERSES;5;18.0;0
Lille;50.62;3.05;28/07/2026;09:00;18.3;6;AVERSES;5;18.7;0
Lille;50.62;3.05;28/07/2026;10:00;19.2;6;AVERSES;5;20.9;0
Lille;50.62;3.05;28/07/2026;11:00;;6;AVERSES;;23.8;0
Lille;50.62;3.05;28/07/2026;12:00;;6;AVERSES;;27.4;0
Lille;50.62;3.05;28/07/2026;13:00;;6;AVERSES;;30.2;0
Lille;50.62;3.05;28/07/2026;14:00;22.8;6;AVERSES;5;32.8;0
Lille;50.62;3.05;28/07/2026;15:00;23.7;6;AVERSES;5;34.6;0
Lille;50.62;3.05;28/07/2026;16:00;22.8;6;AVERSES;5;36.4;0
Lille;50.62;3.05;28/07/2026;17:00;;6;AVERSES;;37.8;0
Lille;50.62;3.05;28/07/2026;18:00;;6;AVERSES;;38.9;0
Lille;50.62;3.05;28/07/2026;19:00;;6;AVERSES;;39.6;0
Lille;50.62;3.05;28/07/2026;20:00;19.2;6;AVERSES;5;39.6;0
Lille;50.62;3.05;28/07/2026;21:00;18.3;6;AVERSES;5;38.9;0
Lille;50.62;3.05;28/07/2026;22:00;17.4;6;AVERSES;5;37.1;0
Lille;50.62;3.05;28/07/2026;23:00;;6;AVERSES;;34.9;0
Lille;50.62;3.05;29/07/2026;00:00;;6;AVERSES;;32.8;0
Lille;50.62;3.05;29/07/2026;01:00;;6;AVERSES;;30.6;0
Lille;50.62;3.05;29/07/2026;02:00;15.5;6;AVERSES;5;28.8;0
Lille;50.62;3.05;29/07/2026;03:00;15.5;6;AVERSES;5;27.4;0
Lille;50.62;3.05;29/07/2026;04:00;15.5;6;AVERSES;5;25.9;0
Lille;50.62;3.05;29/07/2026;05:00;;6;AVERSES;;24.5;0
Lille;50.62;3.05;29/07/2026;06:00;;6;AVERSES;;23.8;0
Lille;50.62;3.05;29/07/2026;07:00;;6;AVERSES;;23.0;0
Lille;50.62;3.05;29/07/2026;08:00;17.5;6;AVERSES;5;23.0;0
Lille;50.62;3.05;29/07/2026;09:00;18.6;6;AVERSES;5;23.8;0
Lille;50.62;3.05;29/07/2026;10:00;19.6;6;AVERSES;5;25.2;0
Lille;50.62;3.05;29/07/2026;11:00;;6;AVERSES;;27.4;0
Lille;50.62;3.05;29/07/2026;12:00;;6;AVERSES;;29.5;0
Lille;50.62;3.05;29/07/2026;13:00;;6;AVERSES;;31.3;0
Lille;50.62;3.05;29/07/2026;14:00;23.7;6;AVERSES;5;33.1;0
Lille;50.62;3.05;29/07/2026;15:00;24.7;6;AVERSES;5;34.6;0
Lille;50.62;3.05;29/07/2026;16:00;23.7;6;AVERSES;5;36.0;0
Lille;50.62;3.05;29/07/2026;17:00;;6;AVERSES;;37.8;0
Lille;50.62;3.05;29/07/2026;18:00;;6;AVERSES;;38.9;0
Lille;50.62;3.05;29/07/2026;19:00;;6;AVERSES;;39.6;0
Lille;50.62;3.05;29/07/2026;20:00;19.6;6;AVERSES;5;39.6;0
Lille;50.62;3.05;29/07/2026;21:00;18.6;6;AVERSES;5;38.9;0
Lille;50.62;3.05;29/07/2026;22:00;17.5;6;AVERSES;5;37.1;0
Lille;50.62;3.05;29/07/2026;23:00;16.5;6;AVERSES;5;34.9;0
Lille;50.62;3.05;30/07/2026;00:00;12;0;SOLEIL;5;32.0;0
Lille;50.62;3.05;30/07/2026;01:00;12;0;SOLEIL;5;29.5;0
Lille;50.62;3.05;30/07/2026;02:00;12;0;SOLEIL;5;27.8;0
Lille;50.62;3.05;30/07/2026;03:00;12;0;SOLEIL;5;27.0;0
Lille;50.62;3.05;30/07/2026;04:00;12;0;SOLEIL;5;27.0;0
Lille;50.62;3.05;30/07/2026;05:00;12;0;SOLEIL;5;0.0;0
Lille;50.62;3.05;30/07/2026;06:00;12;0;SOLEIL;5;0.0;0
Lille;50.62;3.05;30/07/2026;07:00;13.1;0;SOLEIL;5;0.0;0
Lille;50.62;3.05;30/07/2026;08:00;14.2;0;SOLEIL;5;0.0;0
Lille;50.62;3.05;30/07/2026;09:00;15.3;0;SOLEIL;5;0.0;0
Lille;50.62;3.05;30/07/2026;10:00;16.4;0;SOLEIL;5;0.0;0
Lille;50.62;3.05;30/07/2026;11:00;17.6;0;SOLEIL;5;0.0;0
Lille;50.62;3.05;30/07/2026;12:00;18.7;0;SOLEIL;5;0.0;0
Lille;50.62;3.05;30/07/2026;13:00;19.8;0;SOLEIL;5;0.0;0
Lille;50.62;3.05;30/07/2026;14:00;20.9;0;SOLEIL;5;0.0;0
Lille;50.62;3.05;30/07/2026;15:00;22.0;0;SOLEIL;5;0.0;0
Lille;50.62;3.05;30/07/2026;16:00;20.9;0;SOLEIL;5;0.0;0
Lille;50.62;3.05;30/07/2026;17:00;19.8;0;SOLEIL;5;0.0;0
Lille;50.62;3.05;30/07/2026;18:00;18.7;0;SOLEIL;5;0.0;0
Lille;50.62;3.05;30/07/2026;19:00;17.6;0;SOLEIL;5;0.0;0
Lille;50.62;3.05;30/07/2026;20:00;16.4;0;SOLEIL;5;0.0;0
Lille;50.62;3.05;30/07/2026;21:00;15.3;0;SOLEIL;5;0.0;0
Lille;50.62;3.05;30/07/2026;22:00;14.2;0;SOLEIL;5;0.0;0
Lille;50.62;3.05;30/07/2026;23:00;13.1;0;SOLEIL;5;0.0;0
Lille;50.62;3.05;31/07/2026;00:00;12;0;SOLEIL;5;0.0;0
Lille;50.62;3.05;31/07/2026;01:00;12;0;SOLEIL;5;0.0;0
Lille;50.62;3.05;31/07/2026;02:00;12;0;SOLEIL;5;0.0;0
Lille;50.62;3.05;31/07/2026;03:00;12;0;SOLEIL;5;0.0;0
Lille;50.62;3.05;31/07/2026;04:00;12;0;SOLEIL;5;0.0;0
Lille;50.62;3.05;31/07/2026;05:00;12;0;SOLEIL;5;0.0;0
Lille;50.62;3.05;31/07/2026;06:00;12;0;SOLEIL;5;0.0;0
Lille;50.62;3.05;31/07/2026;07:00;13.1;0;SOLEIL;5;0.0;0
Lille;50.62;3.05;31/07/2026;08:00;14.2;0;SOLEIL;5;0.0;0
Lille;50.62;3.05;31/07/2026;09:00;15.3;0;SOLEIL;5;0.0;0
Lille;50.62;3.05;31/07/2026;10:00;16.4;0;SOLEIL;5;0.0;0
Lille;50.62;3.05;31/07/2026;11:00;17.6;0;SOLEIL;5;0.0;0
Lille;50.62;3.05;31/07/2026;12:00;18.7;0;SOLEIL;5;0.0;0
Lille;50.62;3.05;31/07/2026;13:00;19.8;0;SOLEIL;5;0.0;0
Lille;50.62;3.05;31/07/2026;14:00;20.9;0;SOLEIL;5;0.0;0
Lille;50.62;3.05;31/07/2026;15:00;22.0;0;SOLEIL;5;0.0;0
Lille;50.62;3.05;31/07/2026;16:00;20.9;0;SOLEIL;5;0.0;0
Lille;50.62;3.05;31/07/2026;17:00;19.8;0;SOLEIL;5;0.0;0
Lille;50.62;3.05;31/07/2026;18:00;18.7;0;SOLEIL;5;0.0;0
Lille;50.62;3.05;31/07/2026;19:00;17.6;0;SOLEIL;5;0.0;0
Lille;50.62;3.05;31/07/2026;20:00;16.4;0;SOLEIL;5;0.0;0
Lille;50.62;3.05;31/07/2026;21:00;15.3;0;SOLEIL;5;0.0;0
Lille;50.62;3.05;31/07/2026;22:00;14.2;0;SOLEIL;5;0.0;0
Lille;50.62;3.05;31/07/2026;23:00;13.1;0;SOLEIL;5;0.0;0
Valenciennes;50.36;3.52;16/07/2026;00:00;21;0;SOLEIL;3;27.4;0
Valenciennes;50.36;3.52;16/07/2026;01:00;20.2;0;SOLEIL;3;24.1;0
Valenciennes;50.36;3.52;16/07/2026;02:00;19.6;0;SOLEIL;3;20.2;0
Valenciennes;50.36;3.52;16/07/2026;03:00;18.4;0;SOLEIL;3;20.2;0
Valenciennes;50.36;3.52;16/07/2026;04:00;18.6;0;SOLEIL;3;21.2;0
Valenciennes;50.36;3.52;16/07/2026;05:00;20;0;SOLEIL;3;20.9;0
Valenciennes;50.36;3.52;16/07/2026;06:00;20.7;0;SOLEIL;3;18.0;0
Valenciennes;50.36;3.52;16/07/2026;07:00;22.6;0;SOLEIL;3;19.1;0
Valenciennes;50.36;3.52;16/07/2026;08:00;24.6;0;SOLEIL;3;19.1;0
Valenciennes;50.36;3.52;16/07/2026;09:00;26.1;0;SOLEIL;3;19.1;0
Valenciennes;50.36;3.52;16/07/2026;10:00;27.1;0;SOLEIL;4;21.2;0
Valenciennes;50.36;3.52;16/07/2026;11:00;27.7;0;SOLEIL;4;28.1;0
Valenciennes;50.36;3.52;16/07/2026;12:00;28.7;0;SOLEIL;3;28.8;0
Valenciennes;50.36;3.52;16/07/2026;13:00;29.4;0;SOLEIL;3;30.6;0
Valenciennes;50.36;3.52;16/07/2026;14:00;29.6;0;SOLEIL;3;31.3;0
Valenciennes;50.36;3.52;16/07/2026;15:00;30.1;0;SOLEIL;3;29.5;0
Valenciennes;50.36;3.52;16/07/2026;16:00;29.7;0;SOLEIL;4;29.9;0
Valenciennes;50.36;3.52;16/07/2026;17:00;29.4;0;SOLEIL;4;30.2;0
Valenciennes;50.36;3.52;16/07/2026;18:00;27.5;0;SOLEIL;5;30.2;0
Valenciennes;50.36;3.52;16/07/2026;19:00;23.4;0;SOLEIL;5;34.6;0
Valenciennes;50.36;3.52;16/07/2026;20:00;24.1;0;SOLEIL;4;35.3;0
Valenciennes;50.36;3.52;16/07/2026;21:00;23.9;0;SOLEIL;4;34.9;0
Valenciennes;50.36;3.52;16/07/2026;22:00;23;0;SOLEIL;3;32.8;0
Valenciennes;50.36;3.52;16/07/2026;23:00;21.2;0;SOLEIL;3;27.0;0
Valenciennes;50.36;3.52;17/07/2026;00:00;19.4;0;SOLEIL;3;25.9;0
Valenciennes;50.36;3.52;17/07/2026;01:00;19.4;0;SOLEIL;3;20.9;0
Valenciennes;50.36;3.52;17/07/2026;02:00;17.6;5;SOLEIL VOILÉ;2;22.3;0
Valenciennes;50.36;3.52;17/07/2026;03:00;17.6;5;SOLEIL VOILÉ;2;19.4;0
Valenciennes;50.36;3.52;17/07/2026;04:00;17.6;5;SOLEIL VOILÉ;2;15.1;0
Valenciennes;50.36;3.52;17/07/2026;05:00;18.7;5;SOLEIL VOILÉ;3;20.2;0
Valenciennes;50.36;3.52;17/07/2026;06:00;18.7;5;SOLEIL VOILÉ;3;21.6;0
Valenciennes;50.36;3.52;17/07/2026;07:00;18.7;5;SOLEIL VOILÉ;3;20.9;0
Valenciennes;50.36;3.52;17/07/2026;08:00;22.2;0;SOLEIL;3;24.1;0
Valenciennes;50.36;3.52;17/07/2026;09:00;22.2;0;SOLEIL;3;24.5;0
Valenciennes;50.36;3.52;17/07/2026;10:00;22.2;0;SOLEIL;3;22.3;0
Valenciennes;50.36;3.52;17/07/2026;11:00;25.7;0;SOLEIL;4;23.0;0
Valenciennes;50.36;3.52;17/07/2026;12:00;25.7;0;SOLEIL;4;23.8;0
Valenciennes;50.36;3.52;17/07/2026;13:00;25.7;0;SOLEIL;4;25.2;0
Valenciennes;50.36;3.52;17/07/2026;14:00;25.1;0;SOLEIL;5;31.3;0
Valenciennes;50.36;3.52;17/07/2026;15:00;25.1;0;SOLEIL;5;32.0;0
Valenciennes;50.36;3.52;17/07/2026;16:00;25.1;0;SOLEIL;5;32.8;0
Valenciennes;50.36;3.52;17/07/2026;17:00;23.6;0;SOLEIL;5;33.5;0
Valenciennes;50.36;3.52;17/07/2026;18:00;23.6;0;SOLEIL;5;33.8;0
Valenciennes;50.36;3.52;17/07/2026;19:00;23.6;0;SOLEIL;5;39.6;0
Valenciennes;50.36;3.52;17/07/2026;20:00;21;0;SOLEIL;3;40.0;0
Valenciennes;50.36;3.52;17/07/2026;21:00;21;0;SOLEIL;3;35.7;0
Valenciennes;50.36;3.52;17/07/2026;22:00;21;0;SOLEIL;3;27.4;0
Valenciennes;50.36;3.52;17/07/2026;23:00;17.9;0;SOLEIL;3;17.2;0
Valenciennes;50.36;3.52;18/07/2026;00:00;17.9;0;SOLEIL;3;20.9;0
Valenciennes;50.36;3.52;18/07/2026;01:00;17.9;0;SOLEIL;3;21.6;0
Valenciennes;50.36;3.52;18/07/2026;02:00;15.5;0;SOLEIL;2;21.6;0
Valenciennes;50.36;3.52;18/07/2026;03:00;15.5;0;SOLEIL;2;18.7;0
Valenciennes;50.36;3.52;18/07/2026;04:00;15.5;0;SOLEIL;2;16.6;0
Valenciennes;50.36;3.52;18/07/2026;05:00;16.2;0;SOLEIL;3;15.8;0
Valenciennes;50.36;3.52;18/07/2026;06:00;16.2;0;SOLEIL;3;14.0;0
Valenciennes;50.36;3.52;18/07/2026;07:00;16.2;0;SOLEIL;3;12.6;0
Valenciennes;50.36;3.52;18/07/2026;08:00;20.7;2;NUAGEUX;4;14.4;0
Valenciennes;50.36;3.52;18/07/2026;09:00;20.7;2;NUAGEUX;4;22.7;0
Valenciennes;50.36;3.52;18/07/2026;10:00;20.7;2;NUAGEUX;4;28.8;0
Valenciennes;50.36;3.52;18/07/2026;11:00;22.9;0;SOLEIL;4;30.6;0
Valenciennes;50.36;3.52;18/07/2026;12:00;22.9;0;SOLEIL;4;31.3;0
Valenciennes;50.36;3.52;18/07/2026;13:00;22.9;0;SOLEIL;4;32.0;0
Valenciennes;50.36;3.52;18/07/2026;14:00;22.6;0;SOLEIL;5;36.0;0
Valenciennes;50.36;3.52;18/07/2026;15:00;22.6;0;SOLEIL;5;38.9;0
Valenciennes;50.36;3.52;18/07/2026;16:00;22.6;0;SOLEIL;5;40.7;0
Valenciennes;50.36;3.52;18/07/2026;17:00;20.1;0;SOLEIL;5;43.2;0
Valenciennes;50.36;3.52;18/07/2026;18:00;20.1;0;SOLEIL;5;46.4;0
Valenciennes;50.36;3.52;18/07/2026;19:00;20.1;0;SOLEIL;5;45.0;0
Valenciennes;50.36;3.52;18/07/2026;20:00;19.0;0;SOLEIL;5;41.4;0
Valenciennes;50.36;3.52;18/07/2026;21:00;17.9;0;SOLEIL;5;41.4;0
Valenciennes;50.36;3.52;18/07/2026;22:00;16.8;0;SOLEIL;5;41.8;0
Valenciennes;50.36;3.52;18/07/2026;23:00;15.2;0;SOLEIL;3;41.0;0
Valenciennes;50.36;3.52;19/07/2026;00:00;15.2;0;SOLEIL;3;38.2;0
Valenciennes;50.36;3.52;19/07/2026;01:00;15.2;0;SOLEIL;3;34.2;0
Valenciennes;50.36;3.52;19/07/2026;02:00;14.1;0;SOLEIL;5;30.2;0
Valenciennes;50.36;3.52;19/07/2026;03:00;14.1;0;SOLEIL;5;25.9;0
Valenciennes;50.36;3.52;19/07/2026;04:00;14.1;0;SOLEIL;5;22.0;0
Valenciennes;50.36;3.52;19/07/2026;05:00;16.4;0;SOLEIL;3;18.7;0
Valenciennes;50.36;3.52;19/07/2026;06:00;16.4;0;SOLEIL;3;16.9;0
Valenciennes;50.36;3.52;19/07/2026;07:00;16.4;0;SOLEIL;3;16.6;0
Valenciennes;50.36;3.52;19/07/2026;08:00;16.0;0;SOLEIL;5;17.6;0
Valenciennes;50.36;3.52;19/07/2026;09:00;17.0;0;SOLEIL;5;22.0;0
Valenciennes;50.36;3.52;19/07/2026;10:00;17.9;0;SOLEIL;5;27.7;0
Valenciennes;50.36;3.52;19/07/2026;11:00;22;6;AVERSES;5;32.4;0
Valenciennes;50.36;3.52;19/07/2026;12:00;22;6;AVERSES;5;34.6;0
Valenciennes;50.36;3.52;19/07/2026;13:00;22;6;AVERSES;5;35.3;0
Valenciennes;50.36;3.52;19/07/2026;14:00;21.7;0;SOLEIL;5;36.0;0
Valenciennes;50.36;3.52;19/07/2026;15:00;22.7;0;SOLEIL;5;37.1;0
Valenciennes;50.36;3.52;19/07/2026;16:00;21.7;0;SOLEIL;5;38.5;0
Valenciennes;50.36;3.52;19/07/2026;17:00;20.1;0;SOLEIL;5;39.6;0
Valenciennes;50.36;3.52;19/07/2026;18:00;20.1;0;SOLEIL;5;40.7;0
Valenciennes;50.36;3.52;19/07/2026;19:00;20.1;0;SOLEIL;5;41.4;0
Valenciennes;50.36;3.52;19/07/2026;20:00;17.9;0;SOLEIL;5;41.8;0
Valenciennes;50.36;3.52;19/07/2026;21:00;17.0;0;SOLEIL;5;42.1;0
Valenciennes;50.36;3.52;19/07/2026;22:00;16.0;0;SOLEIL;5;41.8;0
Valenciennes;50.36;3.52;19/07/2026;23:00;14.6;0;SOLEIL;2;40.0;0
Valenciennes;50.36;3.52;20/07/2026;00:00;14.6;0;SOLEIL;2;35.3;0
Valenciennes;50.36;3.52;20/07/2026;01:00;14.6;0;SOLEIL;2;28.8;0
Valenciennes;50.36;3.52;20/07/2026;02:00;13.1;0;SOLEIL;5;23.4;0
Valenciennes;50.36;3.52;20/07/2026;03:00;13.1;0;SOLEIL;5;19.8;0
Valenciennes;50.36;3.52;20/07/2026;04:00;13.1;0;SOLEIL;5;17.3;0
Valenciennes;50.36;3.52;20/07/2026;05:00;15.4;0;SOLEIL;2;15.5;0
Valenciennes;50.36;3.52;20/07/2026;06:00;15.4;0;SOLEIL;2;14.8;0
Valenciennes;50.36;3.52;20/07/2026;07:00;15.4;0;SOLEIL;2;14.8;0
Valenciennes;50.36;3.52;20/07/2026;08:00;15.3;0;SOLEIL;5;16.6;0
Valenciennes;50.36;3.52;20/07/2026;09:00;16.5;0;SOLEIL;5;20.5;0
Valenciennes;50.36;3.52;20/07/2026;10:00;17.6;0;SOLEIL;5;26.3;0
Valenciennes;50.36;3.52;20/07/2026;11:00;21.2;2;NUAGEUX;4;30.2;0
Valenciennes;50.36;3.52;20/07/2026;12:00;21.2;2;NUAGEUX;4;31.3;0
Valenciennes;50.36;3.52;20/07/2026;13:00;21.2;2;NUAGEUX;4;31.3;0
Valenciennes;50.36;3.52;20/07/2026;14:00;22.1;0;SOLEIL;5;31.7;0
Valenciennes;50.36;3.52;20/07/2026;15:00;23.2;0;SOLEIL;5;33.8;0
Valenciennes;50.36;3.52;20/07/2026;16:00;22.1;0;SOLEIL;5;36.7;0
Valenciennes;50.36;3.52;20/07/2026;17:00;20.9;0;SOLEIL;5;38.9;0
Valenciennes;50.36;3.52;20/07/2026;18:00;20.9;0;SOLEIL;5;40.0;0
Valenciennes;50.36;3.52;20/07/2026;19:00;20.9;0;SOLEIL;5;40.3;0
Valenciennes;50.36;3.52;20/07/2026;20:00;17.6;0;SOLEIL;5;40.0;0
Valenciennes;50.36;3.52;20/07/2026;21:00;16.5;0;SOLEIL;5;39.6;0
Valenciennes;50.36;3.52;20/07/2026;22:00;15.3;0;SOLEIL;5;38.5;0
Valenciennes;50.36;3.52;20/07/2026;23:00;15;0;SOLEIL;3;36.7;0
Valenciennes;50.36;3.52;21/07/2026;00:00;15;0;SOLEIL;3;30.2;0
Valenciennes;50.36;3.52;21/07/2026;01:00;15;0;SOLEIL;3;27.4;0
Valenciennes;50.36;3.52;21/07/2026;02:00;13.6;2;NUAGEUX;5;25.2;0
Valenciennes;50.36;3.52;21/07/2026;03:00;13.6;2;NUAGEUX;5;23.4;0
Valenciennes;50.36;3.52;21/07/2026;04:00;13.6;2;NUAGEUX;5;21.6;0
Valenciennes;50.36;3.52;21/07/2026;05:00;15.7;0;SOLEIL;2;19.8;0
Valenciennes;50.36;3.52;21/07/2026;06:00;15.7;0;SOLEIL;2;18.7;0
Valenciennes;50.36;3.52;21/07/2026;07:00;15.7;0;SOLEIL;2;18.0;0
Valenciennes;50.36;3.52;21/07/2026;08:00;15.9;2;NUAGEUX;5;18.4;0
Valenciennes;50.36;3.52;21/07/2026;09:00;17.0;2;NUAGEUX;5;19.8;0
Valenciennes;50.36;3.52;21/07/2026;10:00;18.2;2;NUAGEUX;5;22.3;0
Valenciennes;50.36;3.52;21/07/2026;11:00;22.1;2;NUAGEUX;4;25.6;0
Valenciennes;50.36;3.52;21/07/2026;12:00;22.1;2;NUAGEUX;4;28.8;0
Valenciennes;50.36;3.52;21/07/2026;13:00;22.1;2;NUAGEUX;4;31.7;0
Valenciennes;50.36;3.52;21/07/2026;14:00;22.8;2;NUAGEUX;5;33.8;0
Valenciennes;50.36;3.52;21/07/2026;15:00;23.9;2;NUAGEUX;5;35.3;0
Valenciennes;50.36;3.52;21/07/2026;16:00;22.8;2;NUAGEUX;5;36.0;0
Valenciennes;50.36;3.52;21/07/2026;17:00;22.1;2;NUAGEUX;5;36.7;0
Valenciennes;50.36;3.52;21/07/2026;18:00;22.1;2;NUAGEUX;5;37.1;0
Valenciennes;50.36;3.52;21/07/2026;19:00;22.1;2;NUAGEUX;5;37.1;0
Valenciennes;50.36;3.52;21/07/2026;20:00;18.2;2;NUAGEUX;5;37.4;0
Valenciennes;50.36;3.52;21/07/2026;21:00;17.0;2;NUAGEUX;5;37.8;0
Valenciennes;50.36;3.52;21/07/2026;22:00;15.9;2;NUAGEUX;5;38.5;0
Valenciennes;50.36;3.52;21/07/2026;23:00;16.4;0;SOLEIL;2;39.2;0
Valenciennes;50.36;3.52;22/07/2026;00:00;16.4;0;SOLEIL;2;39.2;0
Valenciennes;50.36;3.52;22/07/2026;01:00;16.4;0;SOLEIL;2;38.9;0
Valenciennes;50.36;3.52;22/07/2026;02:00;14.5;2;NUAGEUX;5;37.4;0
Valenciennes;50.36;3.52;22/07/2026;03:00;14.5;2;NUAGEUX;5;34.6;0
Valenciennes;50.36;3.52;22/07/2026;04:00;14.5;2;NUAGEUX;5;29.9;0
Valenciennes;50.36;3.52;22/07/2026;05:00;16.1;0;SOLEIL;2;24.8;0
Valenciennes;50.36;3.52;22/07/2026;06:00;16.1;0;SOLEIL;2;19.8;0
Valenciennes;50.36;3.52;22/07/2026;07:00;16.1;0;SOLEIL;2;15.8;0
Valenciennes;50.36;3.52;22/07/2026;08:00;17.1;2;NUAGEUX;5;14.0;0
Valenciennes;50.36;3.52;22/07/2026;09:00;18.4;2;NUAGEUX;5;14.4;0
Valenciennes;50.36;3.52;22/07/2026;10:00;19.7;2;NUAGEUX;5;16.9;0
Valenciennes;50.36;3.52;22/07/2026;11:00;24.5;2;NUAGEUX;3;20.2;0
Valenciennes;50.36;3.52;22/07/2026;12:00;24.5;2;NUAGEUX;3;24.1;0
Valenciennes;50.36;3.52;22/07/2026;13:00;24.5;2;NUAGEUX;3;27.4;0
Valenciennes;50.36;3.52;22/07/2026;14:00;24.8;2;NUAGEUX;5;29.9;0
Valenciennes;50.36;3.52;22/07/2026;15:00;26.1;2;NUAGEUX;5;31.3;0
Valenciennes;50.36;3.52;22/07/2026;16:00;24.8;2;NUAGEUX;5;32.4;0
Valenciennes;50.36;3.52;22/07/2026;17:00;23.7;2;NUAGEUX;4;33.5;0
Valenciennes;50.36;3.52;22/07/2026;18:00;23.7;2;NUAGEUX;4;33.8;0
Valenciennes;50.36;3.52;22/07/2026;19:00;23.7;2;NUAGEUX;4;34.2;0
Valenciennes;50.36;3.52;22/07/2026;20:00;19.7;2;NUAGEUX;5;33.8;0
Valenciennes;50.36;3.52;22/07/2026;21:00;18.4;2;NUAGEUX;5;33.1;0
Valenciennes;50.36;3.52;22/07/2026;22:00;17.1;2;NUAGEUX;5;32.0;0
Valenciennes;50.36;3.52;22/07/2026;23:00;17.2;0;SOLEIL;2;30.6;0
Valenciennes;50.36;3.52;23/07/2026;00:00;17.2;0;SOLEIL;2;28.8;0
Valenciennes;50.36;3.52;23/07/2026;01:00;17.2;0;SOLEIL;2;27.0;0
Valenciennes;50.36;3.52;23/07/2026;02:00;15.4;0;SOLEIL;5;25.6;0
Valenciennes;50.36;3.52;23/07/2026;03:00;15.4;0;SOLEIL;5;23.8;0
Valenciennes;50.36;3.52;23/07/2026;04:00;15.4;0;SOLEIL;5;22.0;0
Valenciennes;50.36;3.52;23/07/2026;05:00;17;0;SOLEIL;3;19.8;0
Valenciennes;50.36;3.52;23/07/2026;06:00;17;0;SOLEIL;3;18.0;0
Valenciennes;50.36;3.52;23/07/2026;07:00;17;0;SOLEIL;3;16.9;0
Valenciennes;50.36;3.52;23/07/2026;08:00;17.9;0;SOLEIL;5;16.9;0
Valenciennes;50.36;3.52;23/07/2026;09:00;19.1;0;SOLEIL;5;18.4;0
Valenciennes;50.36;3.52;23/07/2026;10:00;20.3;0;SOLEIL;5;20.9;0
Valenciennes;50.36;3.52;23/07/2026;11:00;24.7;0;SOLEIL;4;24.1;0
Valenciennes;50.36;3.52;23/07/2026;12:00;24.7;0;SOLEIL;4;27.4;0
Valenciennes;50.36;3.52;23/07/2026;13:00;24.7;0;SOLEIL;4;30.2;0
Valenciennes;50.36;3.52;23/07/2026;14:00;25.3;0;SOLEIL;5;32.4;0
Valenciennes;50.36;3.52;23/07/2026;15:00;26.5;0;SOLEIL;5;33.5;0
Valenciennes;50.36;3.52;23/07/2026;16:00;25.3;0;SOLEIL;5;33.8;0
Valenciennes;50.36;3.52;23/07/2026;17:00;24.4;0;SOLEIL;4;33.8;0
Valenciennes;50.36;3.52;23/07/2026;18:00;24.4;0;SOLEIL;4;33.8;0
Valenciennes;50.36;3.52;23/07/2026;19:00;24.4;0;SOLEIL;4;33.5;0
Valenciennes;50.36;3.52;23/07/2026;20:00;20.3;0;SOLEIL;5;33.1;0
Valenciennes;50.36;3.52;23/07/2026;21:00;19.1;0;SOLEIL;5;32.8;0
Valenciennes;50.36;3.52;23/07/2026;22:00;17.9;0;SOLEIL;5;32.4;0
Valenciennes;50.36;3.52;23/07/2026;23:00;17.1;0;SOLEIL;2;31.7;0
Valenciennes;50.36;3.52;24/07/2026;00:00;17.1;0;SOLEIL;2;31.0;0
Valenciennes;50.36;3.52;24/07/2026;01:00;17.1;0;SOLEIL;2;29.9;0
Valenciennes;50.36;3.52;24/07/2026;02:00;15.4;0;SOLEIL;5;28.8;0
Valenciennes;50.36;3.52;24/07/2026;03:00;15.4;0;SOLEIL;5;27.0;0
Valenciennes;50.36;3.52;24/07/2026;04:00;15.4;0;SOLEIL;5;24.1;0
Valenciennes;50.36;3.52;24/07/2026;05:00;17.4;0;SOLEIL;2;21.2;0
Valenciennes;50.36;3.52;24/07/2026;06:00;17.4;0;SOLEIL;2;18.7;0
Valenciennes;50.36;3.52;24/07/2026;07:00;17.4;0;SOLEIL;2;16.9;0
Valenciennes;50.36;3.52;24/07/2026;08:00;18.0;0;SOLEIL;5;16.6;0
Valenciennes;50.36;3.52;24/07/2026;09:00;19.3;0;SOLEIL;5;17.6;0
Valenciennes;50.36;3.52;24/07/2026;10:00;20.6;0;SOLEIL;5;20.5;0
Valenciennes;50.36;3.52;24/07/2026;11:00;25.1;0;SOLEIL;4;23.8;0
Valenciennes;50.36;3.52;24/07/2026;12:00;25.1;0;SOLEIL;4;27.4;0
Valenciennes;50.36;3.52;24/07/2026;13:00;25.1;0;SOLEIL;4;30.6;0
Valenciennes;50.36;3.52;24/07/2026;14:00;25.8;0;SOLEIL;5;32.8;0
Valenciennes;50.36;3.52;24/07/2026;15:00;27.1;0;SOLEIL;5;33.8;0
Valenciennes;50.36;3.52;24/07/2026;16:00;25.8;0;SOLEIL;5;34.2;0
Valenciennes;50.36;3.52;24/07/2026;17:00;25.5;0;SOLEIL;4;34.2;0
Valenciennes;50.36;3.52;24/07/2026;18:00;25.5;0;SOLEIL;4;33.8;0
Valenciennes;50.36;3.52;24/07/2026;19:00;25.5;0;SOLEIL;4;33.5;0
Valenciennes;50.36;3.52;24/07/2026;20:00;20.6;0;SOLEIL;5;33.1;0
Valenciennes;50.36;3.52;24/07/2026;21:00;19.3;0;SOLEIL;5;32.8;0
Valenciennes;50.36;3.52;24/07/2026;22:00;18.0;0;SOLEIL;5;32.0;0
Valenciennes;50.36;3.52;24/07/2026;23:00;18.5;0;SOLEIL;3;31.3;0
Valenciennes;50.36;3.52;25/07/2026;00:00;18.5;0;SOLEIL;3;30.2;0
Valenciennes;50.36;3.52;25/07/2026;01:00;18.5;0;SOLEIL;3;29.5;0
Valenciennes;50.36;3.52;25/07/2026;02:00;16.4;6;AVERSES;5;28.8;0
Valenciennes;50.36;3.52;25/07/2026;03:00;16.4;6;AVERSES;5;27.7;0
Valenciennes;50.36;3.52;25/07/2026;04:00;16.4;6;AVERSES;5;26.6;0
Valenciennes;50.36;3.52;25/07/2026;05:00;;6;AVERSES;;25.6;0
Valenciennes;50.36;3.52;25/07/2026;06:00;;6;AVERSES;;24.5;0
Valenciennes;50.36;3.52;25/07/2026;07:00;;6;AVERSES;;24.1;0
Valenciennes;50.36;3.52;25/07/2026;08:00;18.4;6;AVERSES;5;24.8;0
Valenciennes;50.36;3.52;25/07/2026;09:00;19.4;6;AVERSES;5;27.0;0
Valenciennes;50.36;3.52;25/07/2026;10:00;20.4;6;AVERSES;5;29.9;0
Valenciennes;50.36;3.52;25/07/2026;11:00;;6;AVERSES;;33.8;0
Valenciennes;50.36;3.52;25/07/2026;12:00;;6;AVERSES;;37.8;0
Valenciennes;50.36;3.52;25/07/2026;13:00;;6;AVERSES;;41.0;0
Valenciennes;50.36;3.52;25/07/2026;14:00;24.4;6;AVERSES;5;43.6;0
Valenciennes;50.36;3.52;25/07/2026;15:00;25.4;6;AVERSES;5;45.0;0
Valenciennes;50.36;3.52;25/07/2026;16:00;24.4;6;AVERSES;5;46.1;0
Valenciennes;50.36;3.52;25/07/2026;17:00;;6;AVERSES;;46.4;0
Valenciennes;50.36;3.52;25/07/2026;18:00;;6;AVERSES;;46.4;0
Valenciennes;50.36;3.52;25/07/2026;19:00;;6;AVERSES;;46.1;0
Valenciennes;50.36;3.52;25/07/2026;20:00;20.4;6;AVERSES;5;45.4;0
Valenciennes;50.36;3.52;25/07/2026;21:00;19.4;6;AVERSES;5;43.6;0
Valenciennes;50.36;3.52;25/07/2026;22:00;18.4;6;AVERSES;5;41.0;0
Valenciennes;50.36;3.52;25/07/2026;23:00;;6;AVERSES;;38.2;0
Valenciennes;50.36;3.52;26/07/2026;00:00;;6;AVERSES;;34.9;0
Valenciennes;50.36;3.52;26/07/2026;01:00;;6;AVERSES;;32.4;0
Valenciennes;50.36;3.52;26/07/2026;02:00;15.6;6;AVERSES;5;30.6;0
Valenciennes;50.36;3.52;26/07/2026;03:00;15.6;6;AVERSES;5;29.5;0
Valenciennes;50.36;3.52;26/07/2026;04:00;15.6;6;AVERSES;5;29.2;0
Valenciennes;50.36;3.52;26/07/2026;05:00;;6;AVERSES;;28.8;0
Valenciennes;50.36;3.52;26/07/2026;06:00;;6;AVERSES;;29.2;0
Valenciennes;50.36;3.52;26/07/2026;07:00;;6;AVERSES;;29.5;0
Valenciennes;50.36;3.52;26/07/2026;08:00;17.5;6;AVERSES;5;30.2;0
Valenciennes;50.36;3.52;26/07/2026;09:00;18.5;6;AVERSES;5;31.3;0
Valenciennes;50.36;3.52;26/07/2026;10:00;19.4;6;AVERSES;5;33.5;0
Valenciennes;50.36;3.52;26/07/2026;11:00;;6;AVERSES;;35.6;0
Valenciennes;50.36;3.52;26/07/2026;12:00;;6;AVERSES;;37.8;0
Valenciennes;50.36;3.52;26/07/2026;13:00;;6;AVERSES;;39.6;0
Valenciennes;50.36;3.52;26/07/2026;14:00;23.2;6;AVERSES;5;40.7;0
Valenciennes;50.36;3.52;26/07/2026;15:00;24.2;6;AVERSES;5;41.4;0
Valenciennes;50.36;3.52;26/07/2026;16:00;23.2;6;AVERSES;5;41.4;0
Valenciennes;50.36;3.52;26/07/2026;17:00;;6;AVERSES;;41.4;0
Valenciennes;50.36;3.52;26/07/2026;18:00;;6;AVERSES;;41.0;0
Valenciennes;50.36;3.52;26/07/2026;19:00;;6;AVERSES;;40.3;0
Valenciennes;50.36;3.52;26/07/2026;20:00;19.4;6;AVERSES;5;39.6;0
Valenciennes;50.36;3.52;26/07/2026;21:00;18.5;6;AVERSES;5;38.9;0
Valenciennes;50.36;3.52;26/07/2026;22:00;17.5;6;AVERSES;5;37.4;0
Valenciennes;50.36;3.52;26/07/2026;23:00;;6;AVERSES;;36.4;0
Valenciennes;50.36;3.52;27/07/2026;00:00;;6;AVERSES;;34.9;0
Valenciennes;50.36;3.52;27/07/2026;01:00;;6;AVERSES;;33.1;0
Valenciennes;50.36;3.52;27/07/2026;02:00;15.4;6;AVERSES;5;31.7;0
Valenciennes;50.36;3.52;27/07/2026;03:00;15.4;6;AVERSES;5;29.5;0
Valenciennes;50.36;3.52;27/07/2026;04:00;15.4;6;AVERSES;5;27.0;0
Valenciennes;50.36;3.52;27/07/2026;05:00;;6;AVERSES;;24.5;0
Valenciennes;50.36;3.52;27/07/2026;06:00;;6;AVERSES;;22.3;0
Valenciennes;50.36;3.52;27/07/2026;07:00;;6;AVERSES;;20.9;0
Valenciennes;50.36;3.52;27/07/2026;08:00;17.5;6;AVERSES;5;20.9;0
Valenciennes;50.36;3.52;27/07/2026;09:00;18.5;6;AVERSES;5;22.7;0
Valenciennes;50.36;3.52;27/07/2026;10:00;19.5;6;AVERSES;5;25.6;0
Valenciennes;50.36;3.52;27/07/2026;11:00;;6;AVERSES;;29.5;0
Valenciennes;50.36;3.52;27/07/2026;12:00;;6;AVERSES;;33.8;0
Valenciennes;50.36;3.52;27/07/2026;13:00;;6;AVERSES;;37.8;0
Valenciennes;50.36;3.52;27/07/2026;14:00;23.7;6;AVERSES;5;40.3;0
Valenciennes;50.36;3.52;27/07/2026;15:00;24.7;6;AVERSES;5;42.1;0
Valenciennes;50.36;3.52;27/07/2026;16:00;23.7;6;AVERSES;5;43.2;0
Valenciennes;50.36;3.52;27/07/2026;17:00;;6;AVERSES;;44.3;0
Valenciennes;50.36;3.52;27/07/2026;18:00;;6;AVERSES;;44.6;0
Valenciennes;50.36;3.52;27/07/2026;19:00;;6;AVERSES;;44.6;0
Valenciennes;50.36;3.52;27/07/2026;20:00;19.5;6;AVERSES;5;44.3;0
Valenciennes;50.36;3.52;27/07/2026;21:00;18.5;6;AVERSES;5;43.2;0
Valenciennes;50.36;3.52;27/07/2026;22:00;17.5;6;AVERSES;5;41.4;0
Valenciennes;50.36;3.52;27/07/2026;23:00;;6;AVERSES;;39.2;0
Valenciennes;50.36;3.52;28/07/2026;00:00;;6;AVERSES;;36.7;0
Valenciennes;50.36;3.52;28/07/2026;01:00;;6;AVERSES;;34.6;0
Valenciennes;50.36;3.52;28/07/2026;02:00;15.7;6;AVERSES;5;32.4;0
Valenciennes;50.36;3.52;28/07/2026;03:00;15.7;6;AVERSES;5;30.2;0
Valenciennes;50.36;3.52;28/07/2026;04:00;15.7;6;AVERSES;5;28.1;0
Valenciennes;50.36;3.52;28/07/2026;05:00;;6;AVERSES;;25.6;0
Valenciennes;50.36;3.52;28/07/2026;06:00;;6;AVERSES;;23.8;0
Valenciennes;50.36;3.52;28/07/2026;07:00;;6;AVERSES;;22.3;0
Valenciennes;50.36;3.52;28/07/2026;08:00;17.6;6;AVERSES;5;22.3;0
Valenciennes;50.36;3.52;28/07/2026;09:00;18.5;6;AVERSES;5;23.8;0
Valenciennes;50.36;3.52;28/07/2026;10:00;19.4;6;AVERSES;5;26.3;0
Valenciennes;50.36;3.52;28/07/2026;11:00;;6;AVERSES;;29.9;0
Valenciennes;50.36;3.52;28/07/2026;12:00;;6;AVERSES;;33.5;0
Valenciennes;50.36;3.52;28/07/2026;13:00;;6;AVERSES;;36.4;0
Valenciennes;50.36;3.52;28/07/2026;14:00;23.2;6;AVERSES;5;38.5;0
Valenciennes;50.36;3.52;28/07/2026;15:00;24.1;6;AVERSES;5;39.6;0
Valenciennes;50.36;3.52;28/07/2026;16:00;23.2;6;AVERSES;5;40.3;0
Valenciennes;50.36;3.52;28/07/2026;17:00;;6;AVERSES;;40.3;0
Valenciennes;50.36;3.52;28/07/2026;18:00;;6;AVERSES;;40.3;0
Valenciennes;50.36;3.52;28/07/2026;19:00;;6;AVERSES;;39.6;0
Valenciennes;50.36;3.52;28/07/2026;20:00;19.4;6;AVERSES;5;38.9;0
Valenciennes;50.36;3.52;28/07/2026;21:00;18.5;6;AVERSES;5;37.4;0
Valenciennes;50.36;3.52;28/07/2026;22:00;17.6;6;AVERSES;5;35.6;0
Valenciennes;50.36;3.52;28/07/2026;23:00;;6;AVERSES;;33.5;0
Valenciennes;50.36;3.52;29/07/2026;00:00;;6;AVERSES;;31.0;0
Valenciennes;50.36;3.52;29/07/2026;01:00;;6;AVERSES;;28.8;0
Valenciennes;50.36;3.52;29/07/2026;02:00;15;6;AVERSES;5;26.6;0
Valenciennes;50.36;3.52;29/07/2026;03:00;15;6;AVERSES;5;24.5;0
Valenciennes;50.36;3.52;29/07/2026;04:00;15;6;AVERSES;5;22.3;0
Valenciennes;50.36;3.52;29/07/2026;05:00;;6;AVERSES;;20.2;0
Valenciennes;50.36;3.52;29/07/2026;06:00;;6;AVERSES;;18.4;0
Valenciennes;50.36;3.52;29/07/2026;07:00;;6;AVERSES;;17.3;0
Valenciennes;50.36;3.52;29/07/2026;08:00;17.3;6;AVERSES;5;16.9;0
Valenciennes;50.36;3.52;29/07/2026;09:00;18.4;6;AVERSES;5;17.6;0
Valenciennes;50.36;3.52;29/07/2026;10:00;19.5;6;AVERSES;5;19.1;0
Valenciennes;50.36;3.52;29/07/2026;11:00;;6;AVERSES;;21.2;0
Valenciennes;50.36;3.52;29/07/2026;12:00;;6;AVERSES;;23.4;0
Valenciennes;50.36;3.52;29/07/2026;13:00;;6;AVERSES;;25.9;0
Valenciennes;50.36;3.52;29/07/2026;14:00;24.1;6;AVERSES;5;28.1;0
Valenciennes;50.36;3.52;29/07/2026;15:00;25.2;6;AVERSES;5;30.2;0
Valenciennes;50.36;3.52;29/07/2026;16:00;24.1;6;AVERSES;5;33.1;0
Valenciennes;50.36;3.52;29/07/2026;17:00;;6;AVERSES;;36.0;0
Valenciennes;50.36;3.52;29/07/2026;18:00;;6;AVERSES;;38.5;0
Valenciennes;50.36;3.52;29/07/2026;19:00;;6;AVERSES;;40.0;0
Valenciennes;50.36;3.52;29/07/2026;20:00;19.5;6;AVERSES;5;40.3;0
Valenciennes;50.36;3.52;29/07/2026;21:00;18.4;6;AVERSES;5;38.9;0
Valenciennes;50.36;3.52;29/07/2026;22:00;17.3;6;AVERSES;5;36.4;0
Valenciennes;50.36;3.52;29/07/2026;23:00;16.1;6;AVERSES;5;32.8;0
Valenciennes;50.36;3.52;30/07/2026;00:00;12;0;SOLEIL;5;28.0;0
Valenciennes;50.36;3.52;30/07/2026;01:00;12;0;SOLEIL;5;23.6;0
Valenciennes;50.36;3.52;30/07/2026;02:00;12;0;SOLEIL;5;20.7;0
Valenciennes;50.36;3.52;30/07/2026;03:00;12;0;SOLEIL;5;19.1;0
Valenciennes;50.36;3.52;30/07/2026;04:00;12;0;SOLEIL;5;19.4;0
Valenciennes;50.36;3.52;30/07/2026;05:00;12;0;SOLEIL;5;0.0;0
Valenciennes;50.36;3.52;30/07/2026;06:00;12;0;SOLEIL;5;0.0;0
Valenciennes;50.36;3.52;30/07/2026;07:00;13.1;0;SOLEIL;5;0.0;0
Valenciennes;50.36;3.52;30/07/2026;08:00;14.2;0;SOLEIL;5;0.0;0
Valenciennes;50.36;3.52;30/07/2026;09:00;15.3;0;SOLEIL;5;0.0;0
Valenciennes;50.36;3.52;30/07/2026;10:00;16.4;0;SOLEIL;5;0.0;0
Valenciennes;50.36;3.52;30/07/2026;11:00;17.6;0;SOLEIL;5;0.0;0
Valenciennes;50.36;3.52;30/07/2026;12:00;18.7;0;SOLEIL;5;0.0;0
Valenciennes;50.36;3.52;30/07/2026;13:00;19.8;0;SOLEIL;5;0.0;0
Valenciennes;50.36;3.52;30/07/2026;14:00;20.9;0;SOLEIL;5;0.0;0
Valenciennes;50.36;3.52;30/07/2026;15:00;22.0;0;SOLEIL;5;0.0;0
Valenciennes;50.36;3.52;30/07/2026;16:00;20.9;0;SOLEIL;5;0.0;0
Valenciennes;50.36;3.52;30/07/2026;17:00;19.8;0;SOLEIL;5;0.0;0
Valenciennes;50.36;3.52;30/07/2026;18:00;18.7;0;SOLEIL;5;0.0;0
Valenciennes;50.36;3.52;30/07/2026;19:00;17.6;0;SOLEIL;5;0.0;0
Valenciennes;50.36;3.52;30/07/2026;20:00;16.4;0;SOLEIL;5;0.0;0
Valenciennes;50.36;3.52;30/07/2026;21:00;15.3;0;SOLEIL;5;0.0;0
Valenciennes;50.36;3.52;30/07/2026;22:00;14.2;0;SOLEIL;5;0.0;0
Valenciennes;50.36;3.52;30/07/2026;23:00;13.1;0;SOLEIL;5;0.0;0
Valenciennes;50.36;3.52;31/07/2026;00:00;12;0;SOLEIL;5;0.0;0
Valenciennes;50.36;3.52;31/07/2026;01:00;12;0;SOLEIL;5;0.0;0
Valenciennes;50.36;3.52;31/07/2026;02:00;12;0;SOLEIL;5;0.0;0
Valenciennes;50.36;3.52;31/07/2026;03:00;12;0;SOLEIL;5;0.0;0
Valenciennes;50.36;3.52;31/07/2026;04:00;12;0;SOLEIL;5;0.0;0
Valenciennes;50.36;3.52;31/07/2026;05:00;12;0;SOLEIL;5;0.0;0
Valenciennes;50.36;3.52;31/07/2026;06:00;12;0;SOLEIL;5;0.0;0
Valenciennes;50.36;3.52;31/07/2026;07:00;13.1;0;SOLEIL;5;0.0;0
Valenciennes;50.36;3.52;31/07/2026;08:00;14.2;0;SOLEIL;5;0.0;0
Valenciennes;50.36;3.52;31/07/2026;09:00;15.3;0;SOLEIL;5;0.0;0
Valenciennes;50.36;3.52;31/07/2026;10:00;16.4;0;SOLEIL;5;0.0;0
Valenciennes;50.36;3.52;31/07/2026;11:00;17.6;0;SOLEIL;5;0.0;0
Valenciennes;50.36;3.52;31/07/2026;12:00;18.7;0;SOLEIL;5;0.0;0
Valenciennes;50.36;3.52;31/07/2026;13:00;19.8;0;SOLEIL;5;0.0;0
Valenciennes;50.36;3.52;31/07/2026;14:00;20.9;0;SOLEIL;5;0.0;0
Valenciennes;50.36;3.52;31/07/2026;15:00;22.0;0;SOLEIL;5;0.0;0
Valenciennes;50.36;3.52;31/07/2026;16:00;20.9;0;SOLEIL;5;0.0;0
Valenciennes;50.36;3.52;31/07/2026;17:00;19.8;0;SOLEIL;5;0.0;0
Valenciennes;50.36;3.52;31/07/2026;18:00;18.7;0;SOLEIL;5;0.0;0
Valenciennes;50.36;3.52;31/07/2026;19:00;17.6;0;SOLEIL;5;0.0;0
Valenciennes;50.36;3.52;31/07/2026;20:00;16.4;0;SOLEIL;5;0.0;0
Valenciennes;50.36;3.52;31/07/2026;21:00;15.3;0;SOLEIL;5;0.0;0
Valenciennes;50.36;3.52;31/07/2026;22:00;14.2;0;SOLEIL;5;0.0;0
Valenciennes;50.36;3.52;31/07/2026;23:00;13.1;0;SOLEIL;5;0.0;0
Beauvais;49.43;2.08;16/07/2026;00:00;20.9;0;SOLEIL;3;23.8;0
Beauvais;49.43;2.08;16/07/2026;01:00;20.1;0;SOLEIL;2;22.0;0
Beauvais;49.43;2.08;16/07/2026;02:00;19.5;0;SOLEIL;2;18.7;0
Beauvais;49.43;2.08;16/07/2026;03:00;18.2;0;SOLEIL;2;10.8;0
Beauvais;49.43;2.08;16/07/2026;04:00;18.6;0;SOLEIL;2;9.0;0
Beauvais;49.43;2.08;16/07/2026;05:00;19.2;0;SOLEIL;2;10.8;0
Beauvais;49.43;2.08;16/07/2026;06:00;20.6;0;SOLEIL;2;9.0;0
Beauvais;49.43;2.08;16/07/2026;07:00;22.7;0;SOLEIL;2;5.4;0
Beauvais;49.43;2.08;16/07/2026;08:00;24.4;0;SOLEIL;2;10.8;0
Beauvais;49.43;2.08;16/07/2026;09:00;26.9;0;SOLEIL;3;15.8;0
Beauvais;49.43;2.08;16/07/2026;10:00;28.9;0;SOLEIL;3;22.0;0
Beauvais;49.43;2.08;16/07/2026;11:00;30.4;0;SOLEIL;3;25.6;0
Beauvais;49.43;2.08;16/07/2026;12:00;30.6;0;SOLEIL;3;31.0;0
Beauvais;49.43;2.08;16/07/2026;13:00;31.1;0;SOLEIL;3;32.0;0
Beauvais;49.43;2.08;16/07/2026;14:00;30.7;2;NUAGEUX;3;28.4;0
Beauvais;49.43;2.08;16/07/2026;15:00;29.6;2;NUAGEUX;3;23.4;0
Beauvais;49.43;2.08;16/07/2026;16:00;27.5;2;NUAGEUX;4;22.0;0
Beauvais;49.43;2.08;16/07/2026;17:00;27.5;2;NUAGEUX;4;25.6;0
Beauvais;49.43;2.08;16/07/2026;18:00;26.6;2;NUAGEUX;4;38.2;0
Beauvais;49.43;2.08;16/07/2026;19:00;25.1;2;NUAGEUX;4;34.9;0
Beauvais;49.43;2.08;16/07/2026;20:00;23.4;2;NUAGEUX;4;32.0;0
Beauvais;49.43;2.08;16/07/2026;21:00;21.6;6;AVERSES;3;43.6;1.2
Beauvais;49.43;2.08;16/07/2026;22:00;20.1;6;AVERSES;3;40.7;0.4
Beauvais;49.43;2.08;16/07/2026;23:00;19.1;6;AVERSES;3;34.6;0.1
Beauvais;49.43;2.08;17/07/2026;00:00;18.9;6;AVERSES;3;27.7;0.3
Beauvais;49.43;2.08;17/07/2026;01:00;18.9;6;AVERSES;3;25.2;0.3
Beauvais;49.43;2.08;17/07/2026;02:00;17;10;ORAGEUX;3;16.9;0
Beauvais;49.43;2.08;17/07/2026;03:00;17;10;ORAGEUX;3;15.1;0
Beauvais;49.43;2.08;17/07/2026;04:00;17;10;ORAGEUX;3;16.6;0
Beauvais;49.43;2.08;17/07/2026;05:00;18;10;ORAGEUX;3;15.8;0
Beauvais;49.43;2.08;17/07/2026;06:00;18;10;ORAGEUX;3;16.2;0
Beauvais;49.43;2.08;17/07/2026;07:00;18;10;ORAGEUX;3;19.4;0
Beauvais;49.43;2.08;17/07/2026;08:00;21.6;0;SOLEIL;3;21.2;0
Beauvais;49.43;2.08;17/07/2026;09:00;21.6;0;SOLEIL;3;25.7;0
Beauvais;49.43;2.08;17/07/2026;10:00;21.6;0;SOLEIL;3;22.3;0
Beauvais;49.43;2.08;17/07/2026;11:00;23.6;0;SOLEIL;3;19.9;0
Beauvais;49.43;2.08;17/07/2026;12:00;23.6;0;SOLEIL;3;22.3;0
Beauvais;49.43;2.08;17/07/2026;13:00;23.6;0;SOLEIL;3;21.2;0
Beauvais;49.43;2.08;17/07/2026;14:00;24.9;0;SOLEIL;4;20.9;0
Beauvais;49.43;2.08;17/07/2026;15:00;24.9;0;SOLEIL;4;18.7;0
Beauvais;49.43;2.08;17/07/2026;16:00;24.9;0;SOLEIL;4;20.2;0
Beauvais;49.43;2.08;17/07/2026;17:00;24.2;0;SOLEIL;4;21.2;0
Beauvais;49.43;2.08;17/07/2026;18:00;24.2;0;SOLEIL;4;19.8;0
Beauvais;49.43;2.08;17/07/2026;19:00;24.2;0;SOLEIL;4;32.8;0
Beauvais;49.43;2.08;17/07/2026;20:00;20.1;0;SOLEIL;3;34.9;0
Beauvais;49.43;2.08;17/07/2026;21:00;20.1;0;SOLEIL;3;34.9;0
Beauvais;49.43;2.08;17/07/2026;22:00;20.1;0;SOLEIL;3;28.4;0
Beauvais;49.43;2.08;17/07/2026;23:00;17.4;0;SOLEIL;3;21.2;0
Beauvais;49.43;2.08;18/07/2026;00:00;17.4;0;SOLEIL;3;18.4;0
Beauvais;49.43;2.08;18/07/2026;01:00;17.4;0;SOLEIL;3;16.9;0
Beauvais;49.43;2.08;18/07/2026;02:00;14.5;0;SOLEIL;2;13.0;0
Beauvais;49.43;2.08;18/07/2026;03:00;14.5;0;SOLEIL;2;6.8;0
Beauvais;49.43;2.08;18/07/2026;04:00;14.5;0;SOLEIL;2;5.4;0
Beauvais;49.43;2.08;18/07/2026;05:00;17;0;SOLEIL;2;4.0;0
Beauvais;49.43;2.08;18/07/2026;06:00;17;0;SOLEIL;2;3.2;0
Beauvais;49.43;2.08;18/07/2026;07:00;17;0;SOLEIL;2;5.0;0
Beauvais;49.43;2.08;18/07/2026;08:00;22.6;0;SOLEIL;3;5.0;0
Beauvais;49.43;2.08;18/07/2026;09:00;22.6;0;SOLEIL;3;12.6;0
Beauvais;49.43;2.08;18/07/2026;10:00;22.6;0;SOLEIL;3;19.4;0
Beauvais;49.43;2.08;18/07/2026;11:00;24.6;0;SOLEIL;4;23.4;0
Beauvais;49.43;2.08;18/07/2026;12:00;24.6;0;SOLEIL;4;28.4;0
Beauvais;49.43;2.08;18/07/2026;13:00;24.6;0;SOLEIL;4;28.4;0
Beauvais;49.43;2.08;18/07/2026;14:00;24.5;0;SOLEIL;5;34.6;0
Beauvais;49.43;2.08;18/07/2026;15:00;24.5;0;SOLEIL;5;37.8;0
Beauvais;49.43;2.08;18/07/2026;16:00;24.5;0;SOLEIL;5;40.3;0
Beauvais;49.43;2.08;18/07/2026;17:00;22.7;0;SOLEIL;5;41.4;0
Beauvais;49.43;2.08;18/07/2026;18:00;22.7;0;SOLEIL;5;40.7;0
Beauvais;49.43;2.08;18/07/2026;19:00;22.7;0;SOLEIL;5;38.2;0
Beauvais;49.43;2.08;18/07/2026;20:00;19.1;0;SOLEIL;5;35.3;0
Beauvais;49.43;2.08;18/07/2026;21:00;17.8;0;SOLEIL;5;31.3;0
Beauvais;49.43;2.08;18/07/2026;22:00;16.4;0;SOLEIL;5;27.0;0
Beauvais;49.43;2.08;18/07/2026;23:00;13.4;0;SOLEIL;3;22.7;0
Beauvais;49.43;2.08;19/07/2026;00:00;13.4;0;SOLEIL;3;19.1;0
Beauvais;49.43;2.08;19/07/2026;01:00;13.4;0;SOLEIL;3;16.2;0
Beauvais;49.43;2.08;19/07/2026;02:00;12.1;0;SOLEIL;5;13.3;0
Beauvais;49.43;2.08;19/07/2026;03:00;12.1;0;SOLEIL;5;10.8;0
Beauvais;49.43;2.08;19/07/2026;04:00;12.1;0;SOLEIL;5;9.0;0
Beauvais;49.43;2.08;19/07/2026;05:00;15.1;0;SOLEIL;3;7.6;0
Beauvais;49.43;2.08;19/07/2026;06:00;15.1;0;SOLEIL;3;6.5;0
Beauvais;49.43;2.08;19/07/2026;07:00;15.1;0;SOLEIL;3;6.5;0
Beauvais;49.43;2.08;19/07/2026;08:00;14.9;0;SOLEIL;5;8.6;0
Beauvais;49.43;2.08;19/07/2026;09:00;16.3;0;SOLEIL;5;15.5;0
Beauvais;49.43;2.08;19/07/2026;10:00;17.7;0;SOLEIL;5;25.2;0
Beauvais;49.43;2.08;19/07/2026;11:00;22.6;0;SOLEIL;4;32.0;0
Beauvais;49.43;2.08;19/07/2026;12:00;22.6;0;SOLEIL;4;33.5;0
Beauvais;49.43;2.08;19/07/2026;13:00;22.6;0;SOLEIL;4;32.8;0
Beauvais;49.43;2.08;19/07/2026;14:00;23.3;0;SOLEIL;5;32.0;0
Beauvais;49.43;2.08;19/07/2026;15:00;24.7;0;SOLEIL;5;33.5;0
Beauvais;49.43;2.08;19/07/2026;16:00;23.3;0;SOLEIL;5;35.3;0
Beauvais;49.43;2.08;19/07/2026;17:00;22;0;SOLEIL;5;36.4;0
Beauvais;49.43;2.08;19/07/2026;18:00;22;0;SOLEIL;5;36.7;0
Beauvais;49.43;2.08;19/07/2026;19:00;22;0;SOLEIL;5;36.7;0
Beauvais;49.43;2.08;19/07/2026;20:00;17.7;0;SOLEIL;5;35.3;0
Beauvais;49.43;2.08;19/07/2026;21:00;16.3;0;SOLEIL;5;32.0;0
Beauvais;49.43;2.08;19/07/2026;22:00;14.9;0;SOLEIL;5;27.7;0
Beauvais;49.43;2.08;19/07/2026;23:00;13;0;SOLEIL;3;23.8;0
Beauvais;49.43;2.08;20/07/2026;00:00;13;0;SOLEIL;3;20.9;0
Beauvais;49.43;2.08;20/07/2026;01:00;13;0;SOLEIL;3;18.4;0
Beauvais;49.43;2.08;20/07/2026;02:00;10.7;0;SOLEIL;5;15.8;0
Beauvais;49.43;2.08;20/07/2026;03:00;10.7;0;SOLEIL;5;13.3;0
Beauvais;49.43;2.08;20/07/2026;04:00;10.7;0;SOLEIL;5;10.8;0
Beauvais;49.43;2.08;20/07/2026;05:00;13.9;0;SOLEIL;3;10.1;0
Beauvais;49.43;2.08;20/07/2026;06:00;13.9;0;SOLEIL;3;12.5;0
Beauvais;49.43;2.08;20/07/2026;07:00;13.9;0;SOLEIL;3;16.0;0
Beauvais;49.43;2.08;20/07/2026;08:00;13.7;0;SOLEIL;5;18.4;0
Beauvais;49.43;2.08;20/07/2026;09:00;15.3;0;SOLEIL;5;25.2;0
Beauvais;49.43;2.08;20/07/2026;10:00;16.8;0;SOLEIL;5;32.4;0
Beauvais;49.43;2.08;20/07/2026;11:00;22.2;0;SOLEIL;4;37.8;0
Beauvais;49.43;2.08;20/07/2026;12:00;22.2;0;SOLEIL;4;39.6;0
Beauvais;49.43;2.08;20/07/2026;13:00;22.2;0;SOLEIL;4;39.6;0
Beauvais;49.43;2.08;20/07/2026;14:00;22.9;0;SOLEIL;5;39.6;0
Beauvais;49.43;2.08;20/07/2026;15:00;24.4;0;SOLEIL;5;40.7;0
Beauvais;49.43;2.08;20/07/2026;16:00;22.9;0;SOLEIL;5;41.8;0
Beauvais;49.43;2.08;20/07/2026;17:00;22.4;0;SOLEIL;5;42.5;0
Beauvais;49.43;2.08;20/07/2026;18:00;22.4;0;SOLEIL;5;43.2;0
Beauvais;49.43;2.08;20/07/2026;19:00;22.4;0;SOLEIL;5;43.6;0
Beauvais;49.43;2.08;20/07/2026;20:00;16.8;0;SOLEIL;5;42.5;0
Beauvais;49.43;2.08;20/07/2026;21:00;15.3;0;SOLEIL;5;38.5;0
Beauvais;49.43;2.08;20/07/2026;22:00;13.7;0;SOLEIL;5;33.1;0
Beauvais;49.43;2.08;20/07/2026;23:00;13.6;0;SOLEIL;3;28.1;0
Beauvais;49.43;2.08;21/07/2026;00:00;13.6;0;SOLEIL;3;24.5;0
Beauvais;49.43;2.08;21/07/2026;01:00;13.6;0;SOLEIL;3;22.0;0
Beauvais;49.43;2.08;21/07/2026;02:00;12.5;0;SOLEIL;5;19.4;0
Beauvais;49.43;2.08;21/07/2026;03:00;12.5;0;SOLEIL;5;16.9;0
Beauvais;49.43;2.08;21/07/2026;04:00;12.5;0;SOLEIL;5;15.1;0
Beauvais;49.43;2.08;21/07/2026;05:00;14.4;0;SOLEIL;3;14.4;0
Beauvais;49.43;2.08;21/07/2026;06:00;14.4;0;SOLEIL;3;15.5;0
Beauvais;49.43;2.08;21/07/2026;07:00;14.4;0;SOLEIL;3;17.3;0
Beauvais;49.43;2.08;21/07/2026;08:00;15.3;0;SOLEIL;5;20.5;0
Beauvais;49.43;2.08;21/07/2026;09:00;16.6;0;SOLEIL;5;25.2;0
Beauvais;49.43;2.08;21/07/2026;10:00;18.0;0;SOLEIL;5;31.0;0
Beauvais;49.43;2.08;21/07/2026;11:00;22.4;0;SOLEIL;4;34.9;0
Beauvais;49.43;2.08;21/07/2026;12:00;22.4;0;SOLEIL;4;35.3;0
Beauvais;49.43;2.08;21/07/2026;13:00;22.4;0;SOLEIL;4;33.8;0
Beauvais;49.43;2.08;21/07/2026;14:00;23.5;0;SOLEIL;5;33.1;0
Beauvais;49.43;2.08;21/07/2026;15:00;24.9;0;SOLEIL;5;34.6;0
Beauvais;49.43;2.08;21/07/2026;16:00;23.5;0;SOLEIL;5;36.7;0
Beauvais;49.43;2.08;21/07/2026;17:00;23.1;0;SOLEIL;5;38.5;0
Beauvais;49.43;2.08;21/07/2026;18:00;23.1;0;SOLEIL;5;39.2;0
Beauvais;49.43;2.08;21/07/2026;19:00;23.1;0;SOLEIL;5;39.2;0
Beauvais;49.43;2.08;21/07/2026;20:00;18.0;0;SOLEIL;5;38.2;0
Beauvais;49.43;2.08;21/07/2026;21:00;16.6;0;SOLEIL;5;36.0;0
Beauvais;49.43;2.08;21/07/2026;22:00;15.3;0;SOLEIL;5;32.8;0
Beauvais;49.43;2.08;21/07/2026;23:00;14.1;0;SOLEIL;3;29.5;0
Beauvais;49.43;2.08;22/07/2026;00:00;14.1;0;SOLEIL;3;26.6;0
Beauvais;49.43;2.08;22/07/2026;01:00;14.1;0;SOLEIL;3;23.8;0
Beauvais;49.43;2.08;22/07/2026;02:00;12.1;0;SOLEIL;5;21.2;0
Beauvais;49.43;2.08;22/07/2026;03:00;12.1;0;SOLEIL;5;18.4;0
Beauvais;49.43;2.08;22/07/2026;04:00;12.1;0;SOLEIL;5;15.8;0
Beauvais;49.43;2.08;22/07/2026;05:00;14.5;0;SOLEIL;3;14.8;0
Beauvais;49.43;2.08;22/07/2026;06:00;14.5;0;SOLEIL;3;16.6;0
Beauvais;49.43;2.08;22/07/2026;07:00;14.5;0;SOLEIL;3;20.2;0
Beauvais;49.43;2.08;22/07/2026;08:00;15.5;0;SOLEIL;5;23.8;0
Beauvais;49.43;2.08;22/07/2026;09:00;17.2;0;SOLEIL;5;27.0;0
Beauvais;49.43;2.08;22/07/2026;10:00;18.9;0;SOLEIL;5;29.9;0
Beauvais;49.43;2.08;22/07/2026;11:00;25.2;0;SOLEIL;3;32.8;0
Beauvais;49.43;2.08;22/07/2026;12:00;25.2;0;SOLEIL;3;33.1;0
Beauvais;49.43;2.08;22/07/2026;13:00;25.2;0;SOLEIL;3;33.5;0
Beauvais;49.43;2.08;22/07/2026;14:00;25.7;0;SOLEIL;5;33.6;0
Beauvais;49.43;2.08;22/07/2026;15:00;27.4;0;SOLEIL;5;32.8;0
Beauvais;49.43;2.08;22/07/2026;16:00;25.7;0;SOLEIL;5;32.8;0
Beauvais;49.43;2.08;22/07/2026;17:00;25;0;SOLEIL;4;32.4;0
Beauvais;49.43;2.08;22/07/2026;18:00;25;0;SOLEIL;4;31.7;0
Beauvais;49.43;2.08;22/07/2026;19:00;25;0;SOLEIL;4;31.0;0
Beauvais;49.43;2.08;22/07/2026;20:00;18.9;0;SOLEIL;5;30.2;0
Beauvais;49.43;2.08;22/07/2026;21:00;17.2;0;SOLEIL;5;29.9;0
Beauvais;49.43;2.08;22/07/2026;22:00;15.5;0;SOLEIL;5;29.2;0
Beauvais;49.43;2.08;22/07/2026;23:00;16.1;0;SOLEIL;3;28.8;0
Beauvais;49.43;2.08;23/07/2026;00:00;16.1;0;SOLEIL;3;28.1;0
Beauvais;49.43;2.08;23/07/2026;01:00;16.1;0;SOLEIL;3;27.4;0
Beauvais;49.43;2.08;23/07/2026;02:00;14.1;0;SOLEIL;5;25.9;0
Beauvais;49.43;2.08;23/07/2026;03:00;14.1;0;SOLEIL;5;23.8;0
Beauvais;49.43;2.08;23/07/2026;04:00;14.1;0;SOLEIL;5;21.2;0
Beauvais;49.43;2.08;23/07/2026;05:00;16.5;0;SOLEIL;3;18.0;0
Beauvais;49.43;2.08;23/07/2026;06:00;16.5;0;SOLEIL;3;15.1;0
Beauvais;49.43;2.08;23/07/2026;07:00;16.5;0;SOLEIL;3;13.0;0
Beauvais;49.43;2.08;23/07/2026;08:00;17.3;0;SOLEIL;5;12.2;0
Beauvais;49.43;2.08;23/07/2026;09:00;18.9;0;SOLEIL;5;13.0;0
Beauvais;49.43;2.08;23/07/2026;10:00;20.5;0;SOLEIL;5;14.8;0
Beauvais;49.43;2.08;23/07/2026;11:00;26.4;0;SOLEIL;4;17.3;0
Beauvais;49.43;2.08;23/07/2026;12:00;26.4;0;SOLEIL;4;20.2;0
Beauvais;49.43;2.08;23/07/2026;13:00;26.4;0;SOLEIL;4;22.7;0
Beauvais;49.43;2.08;23/07/2026;14:00;27.0;0;SOLEIL;5;24.8;0
Beauvais;49.43;2.08;23/07/2026;15:00;28.6;0;SOLEIL;5;26.3;0
Beauvais;49.43;2.08;23/07/2026;16:00;27.0;0;SOLEIL;5;28.1;0
Beauvais;49.43;2.08;23/07/2026;17:00;26.6;0;SOLEIL;4;29.2;0
Beauvais;49.43;2.08;23/07/2026;18:00;26.6;0;SOLEIL;4;30.2;0
Beauvais;49.43;2.08;23/07/2026;19:00;26.6;0;SOLEIL;4;31.3;0
Beauvais;49.43;2.08;23/07/2026;20:00;20.5;0;SOLEIL;5;31.7;0
Beauvais;49.43;2.08;23/07/2026;21:00;18.9;0;SOLEIL;5;32.0;0
Beauvais;49.43;2.08;23/07/2026;22:00;17.3;0;SOLEIL;5;32.0;0
Beauvais;49.43;2.08;23/07/2026;23:00;16.9;0;SOLEIL;3;31.7;0
Beauvais;49.43;2.08;24/07/2026;00:00;16.9;0;SOLEIL;3;31.0;0
Beauvais;49.43;2.08;24/07/2026;01:00;16.9;0;SOLEIL;3;29.9;0
Beauvais;49.43;2.08;24/07/2026;02:00;14.9;0;SOLEIL;5;28.1;0
Beauvais;49.43;2.08;24/07/2026;03:00;14.9;0;SOLEIL;5;25.2;0
Beauvais;49.43;2.08;24/07/2026;04:00;14.9;0;SOLEIL;5;20.9;0
Beauvais;49.43;2.08;24/07/2026;05:00;17.1;0;SOLEIL;2;16.2;0
Beauvais;49.43;2.08;24/07/2026;06:00;17.1;0;SOLEIL;2;11.5;0
Beauvais;49.43;2.08;24/07/2026;07:00;17.1;0;SOLEIL;2;8.3;0
Beauvais;49.43;2.08;24/07/2026;08:00;17.8;0;SOLEIL;5;6.5;0
Beauvais;49.43;2.08;24/07/2026;09:00;19.2;0;SOLEIL;5;7.2;0
Beauvais;49.43;2.08;24/07/2026;10:00;20.7;0;SOLEIL;5;9.4;0
Beauvais;49.43;2.08;24/07/2026;11:00;26;0;SOLEIL;4;12.6;0
Beauvais;49.43;2.08;24/07/2026;12:00;26;0;SOLEIL;4;16.2;0
Beauvais;49.43;2.08;24/07/2026;13:00;26;0;SOLEIL;4;19.4;0
Beauvais;49.43;2.08;24/07/2026;14:00;26.5;0;SOLEIL;5;21.6;0
Beauvais;49.43;2.08;24/07/2026;15:00;27.9;0;SOLEIL;5;22.7;0
Beauvais;49.43;2.08;24/07/2026;16:00;26.5;0;SOLEIL;5;23.0;0
Beauvais;49.43;2.08;24/07/2026;17:00;25.5;0;SOLEIL;5;23.0;0
Beauvais;49.43;2.08;24/07/2026;18:00;25.5;0;SOLEIL;5;23.0;0
Beauvais;49.43;2.08;24/07/2026;19:00;25.5;0;SOLEIL;5;23.0;0
Beauvais;49.43;2.08;24/07/2026;20:00;20.7;0;SOLEIL;5;24.1;0
Beauvais;49.43;2.08;24/07/2026;21:00;19.2;0;SOLEIL;5;25.9;0
Beauvais;49.43;2.08;24/07/2026;22:00;17.8;0;SOLEIL;5;28.8;0
Beauvais;49.43;2.08;24/07/2026;23:00;17.9;0;SOLEIL;4;32.0;0
Beauvais;49.43;2.08;25/07/2026;00:00;17.9;0;SOLEIL;4;34.9;0
Beauvais;49.43;2.08;25/07/2026;01:00;17.9;0;SOLEIL;4;37.1;0
Beauvais;49.43;2.08;25/07/2026;02:00;15.6;0;SOLEIL;5;38.2;0
Beauvais;49.43;2.08;25/07/2026;03:00;15.6;0;SOLEIL;5;37.4;0
Beauvais;49.43;2.08;25/07/2026;04:00;15.6;0;SOLEIL;5;35.3;0
Beauvais;49.43;2.08;25/07/2026;05:00;;0;SOLEIL;;32.0;0
Beauvais;49.43;2.08;25/07/2026;06:00;;0;SOLEIL;;29.2;0
Beauvais;49.43;2.08;25/07/2026;07:00;;0;SOLEIL;;27.0;0
Beauvais;49.43;2.08;25/07/2026;08:00;17.9;0;SOLEIL;5;26.3;0
Beauvais;49.43;2.08;25/07/2026;09:00;19.0;0;SOLEIL;5;27.4;0
Beauvais;49.43;2.08;25/07/2026;10:00;20.2;0;SOLEIL;5;29.9;0
Beauvais;49.43;2.08;25/07/2026;11:00;;0;SOLEIL;;32.8;0
Beauvais;49.43;2.08;25/07/2026;12:00;;0;SOLEIL;;36.4;0
Beauvais;49.43;2.08;25/07/2026;13:00;;0;SOLEIL;;39.6;0
Beauvais;49.43;2.08;25/07/2026;14:00;24.8;0;SOLEIL;5;41.8;0
Beauvais;49.43;2.08;25/07/2026;15:00;25.9;0;SOLEIL;5;43.6;0
Beauvais;49.43;2.08;25/07/2026;16:00;24.8;0;SOLEIL;5;45.0;0
Beauvais;49.43;2.08;25/07/2026;17:00;;0;SOLEIL;;46.1;0
Beauvais;49.43;2.08;25/07/2026;18:00;;0;SOLEIL;;46.8;0
Beauvais;49.43;2.08;25/07/2026;19:00;;0;SOLEIL;;47.5;0
Beauvais;49.43;2.08;25/07/2026;20:00;20.2;0;SOLEIL;5;47.5;0
Beauvais;49.43;2.08;25/07/2026;21:00;19.0;0;SOLEIL;5;47.2;0
Beauvais;49.43;2.08;25/07/2026;22:00;17.9;0;SOLEIL;5;46.1;0
Beauvais;49.43;2.08;25/07/2026;23:00;;6;AVERSES;;45.0;0
Beauvais;49.43;2.08;26/07/2026;00:00;;6;AVERSES;;43.6;0
Beauvais;49.43;2.08;26/07/2026;01:00;;6;AVERSES;;41.8;0
Beauvais;49.43;2.08;26/07/2026;02:00;14.2;6;AVERSES;5;40.0;0
Beauvais;49.43;2.08;26/07/2026;03:00;14.2;6;AVERSES;5;37.8;0
Beauvais;49.43;2.08;26/07/2026;04:00;14.2;6;AVERSES;5;34.6;0
Beauvais;49.43;2.08;26/07/2026;05:00;;6;AVERSES;;31.7;0
Beauvais;49.43;2.08;26/07/2026;06:00;;6;AVERSES;;28.8;0
Beauvais;49.43;2.08;26/07/2026;07:00;;6;AVERSES;;27.0;0
Beauvais;49.43;2.08;26/07/2026;08:00;16.5;6;AVERSES;5;26.6;0
Beauvais;49.43;2.08;26/07/2026;09:00;17.7;6;AVERSES;5;28.1;0
Beauvais;49.43;2.08;26/07/2026;10:00;18.8;6;AVERSES;5;31.3;0
Beauvais;49.43;2.08;26/07/2026;11:00;;6;AVERSES;;35.6;0
Beauvais;49.43;2.08;26/07/2026;12:00;;6;AVERSES;;40.0;0
Beauvais;49.43;2.08;26/07/2026;13:00;;6;AVERSES;;43.6;0
Beauvais;49.43;2.08;26/07/2026;14:00;23.4;6;AVERSES;5;46.1;0
Beauvais;49.43;2.08;26/07/2026;15:00;24.6;6;AVERSES;5;47.2;0
Beauvais;49.43;2.08;26/07/2026;16:00;23.4;6;AVERSES;5;47.9;0
Beauvais;49.43;2.08;26/07/2026;17:00;;6;AVERSES;;47.9;0
Beauvais;49.43;2.08;26/07/2026;18:00;;6;AVERSES;;47.5;0
Beauvais;49.43;2.08;26/07/2026;19:00;;6;AVERSES;;46.8;0
Beauvais;49.43;2.08;26/07/2026;20:00;18.8;6;AVERSES;5;46.1;0
Beauvais;49.43;2.08;26/07/2026;21:00;17.7;6;AVERSES;5;45.0;0
Beauvais;49.43;2.08;26/07/2026;22:00;16.5;6;AVERSES;5;43.6;0
Beauvais;49.43;2.08;26/07/2026;23:00;;6;AVERSES;;41.8;0
Beauvais;49.43;2.08;27/07/2026;00:00;;6;AVERSES;;40.0;0
Beauvais;49.43;2.08;27/07/2026;01:00;;6;AVERSES;;37.8;0
Beauvais;49.43;2.08;27/07/2026;02:00;14.5;6;AVERSES;5;35.6;0
Beauvais;49.43;2.08;27/07/2026;03:00;14.5;6;AVERSES;5;33.1;0
Beauvais;49.43;2.08;27/07/2026;04:00;14.5;6;AVERSES;5;29.9;0
Beauvais;49.43;2.08;27/07/2026;05:00;;6;AVERSES;;26.3;0
Beauvais;49.43;2.08;27/07/2026;06:00;;6;AVERSES;;23.4;0
Beauvais;49.43;2.08;27/07/2026;07:00;;6;AVERSES;;20.9;0
Beauvais;49.43;2.08;27/07/2026;08:00;16.7;6;AVERSES;5;20.2;0
Beauvais;49.43;2.08;27/07/2026;09:00;17.9;6;AVERSES;5;20.9;0
Beauvais;49.43;2.08;27/07/2026;10:00;19.0;6;AVERSES;5;23.0;0
Beauvais;49.43;2.08;27/07/2026;11:00;;6;AVERSES;;25.9;0
Beauvais;49.43;2.08;27/07/2026;12:00;;6;AVERSES;;29.2;0
Beauvais;49.43;2.08;27/07/2026;13:00;;6;AVERSES;;32.4;0
Beauvais;49.43;2.08;27/07/2026;14:00;23.5;6;AVERSES;5;34.9;0
Beauvais;49.43;2.08;27/07/2026;15:00;24.6;6;AVERSES;5;37.1;0
Beauvais;49.43;2.08;27/07/2026;16:00;23.5;6;AVERSES;5;39.6;0
Beauvais;49.43;2.08;27/07/2026;17:00;;6;AVERSES;;41.8;0
Beauvais;49.43;2.08;27/07/2026;18:00;;6;AVERSES;;43.6;0
Beauvais;49.43;2.08;27/07/2026;19:00;;6;AVERSES;;45.0;0
Beauvais;49.43;2.08;27/07/2026;20:00;19.0;6;AVERSES;5;45.7;0
Beauvais;49.43;2.08;27/07/2026;21:00;17.9;6;AVERSES;5;45.4;0
Beauvais;49.43;2.08;27/07/2026;22:00;16.7;6;AVERSES;5;44.3;0
Beauvais;49.43;2.08;27/07/2026;23:00;;6;AVERSES;;42.8;0
Beauvais;49.43;2.08;28/07/2026;00:00;;6;AVERSES;;40.7;0
Beauvais;49.43;2.08;28/07/2026;01:00;;6;AVERSES;;38.9;0
Beauvais;49.43;2.08;28/07/2026;02:00;14.1;6;AVERSES;5;36.7;0
Beauvais;49.43;2.08;28/07/2026;03:00;14.1;6;AVERSES;5;34.2;0
Beauvais;49.43;2.08;28/07/2026;04:00;14.1;6;AVERSES;5;31.3;0
Beauvais;49.43;2.08;28/07/2026;05:00;;6;AVERSES;;28.4;0
Beauvais;49.43;2.08;28/07/2026;06:00;;6;AVERSES;;25.6;0
Beauvais;49.43;2.08;28/07/2026;07:00;;6;AVERSES;;23.4;0
Beauvais;49.43;2.08;28/07/2026;08:00;16.4;6;AVERSES;5;22.7;0
Beauvais;49.43;2.08;28/07/2026;09:00;17.6;6;AVERSES;5;23.4;0
Beauvais;49.43;2.08;28/07/2026;10:00;18.8;6;AVERSES;5;25.6;0
Beauvais;49.43;2.08;28/07/2026;11:00;;6;AVERSES;;28.4;0
Beauvais;49.43;2.08;28/07/2026;12:00;;6;AVERSES;;31.3;0
Beauvais;49.43;2.08;28/07/2026;13:00;;6;AVERSES;;33.8;0
Beauvais;49.43;2.08;28/07/2026;14:00;23.4;6;AVERSES;5;35.6;0
Beauvais;49.43;2.08;28/07/2026;15:00;24.6;6;AVERSES;5;36.4;0
Beauvais;49.43;2.08;28/07/2026;16:00;23.4;6;AVERSES;5;37.1;0
Beauvais;49.43;2.08;28/07/2026;17:00;;6;AVERSES;;37.1;0
Beauvais;49.43;2.08;28/07/2026;18:00;;6;AVERSES;;36.7;0
Beauvais;49.43;2.08;28/07/2026;19:00;;6;AVERSES;;36.4;0
Beauvais;49.43;2.08;28/07/2026;20:00;18.8;6;AVERSES;5;35.3;0
Beauvais;49.43;2.08;28/07/2026;21:00;17.6;6;AVERSES;5;33.8;0
Beauvais;49.43;2.08;28/07/2026;22:00;16.4;6;AVERSES;5;32.0;0
Beauvais;49.43;2.08;28/07/2026;23:00;;6;AVERSES;;29.9;0
Beauvais;49.43;2.08;29/07/2026;00:00;;6;AVERSES;;27.4;0
Beauvais;49.43;2.08;29/07/2026;01:00;;6;AVERSES;;25.2;0
Beauvais;49.43;2.08;29/07/2026;02:00;13.6;6;AVERSES;5;23.0;0
Beauvais;49.43;2.08;29/07/2026;03:00;13.6;6;AVERSES;5;20.9;0
Beauvais;49.43;2.08;29/07/2026;04:00;13.6;6;AVERSES;5;18.4;0
Beauvais;49.43;2.08;29/07/2026;05:00;;6;AVERSES;;15.8;0
Beauvais;49.43;2.08;29/07/2026;06:00;;6;AVERSES;;13.7;0
Beauvais;49.43;2.08;29/07/2026;07:00;;6;AVERSES;;12.6;0
Beauvais;49.43;2.08;29/07/2026;08:00;16.3;6;AVERSES;5;12.6;0
Beauvais;49.43;2.08;29/07/2026;09:00;17.6;6;AVERSES;5;14.4;0
Beauvais;49.43;2.08;29/07/2026;10:00;18.9;6;AVERSES;5;18.0;0
Beauvais;49.43;2.08;29/07/2026;11:00;;6;AVERSES;;22.3;0
Beauvais;49.43;2.08;29/07/2026;12:00;;6;AVERSES;;27.0;0
Beauvais;49.43;2.08;29/07/2026;13:00;;6;AVERSES;;31.3;0
Beauvais;49.43;2.08;29/07/2026;14:00;24.3;6;AVERSES;5;34.9;0
Beauvais;49.43;2.08;29/07/2026;15:00;25.6;6;AVERSES;5;37.8;0
Beauvais;49.43;2.08;29/07/2026;16:00;24.3;6;AVERSES;5;41.0;0
Beauvais;49.43;2.08;29/07/2026;17:00;;6;AVERSES;;43.6;0
Beauvais;49.43;2.08;29/07/2026;18:00;;6;AVERSES;;45.7;0
Beauvais;49.43;2.08;29/07/2026;19:00;;6;AVERSES;;46.8;0
Beauvais;49.43;2.08;29/07/2026;20:00;18.9;6;AVERSES;5;46.4;0
Beauvais;49.43;2.08;29/07/2026;21:00;17.6;6;AVERSES;5;43.9;0
Beauvais;49.43;2.08;29/07/2026;22:00;16.3;6;AVERSES;5;39.6;0
Beauvais;49.43;2.08;29/07/2026;23:00;14.9;6;AVERSES;5;34.2;0
Beauvais;49.43;2.08;30/07/2026;00:00;12;0;SOLEIL;5;29.3;0
Beauvais;49.43;2.08;30/07/2026;01:00;12;0;SOLEIL;5;24.8;0
Beauvais;49.43;2.08;30/07/2026;02:00;12;0;SOLEIL;5;20.6;0
Beauvais;49.43;2.08;30/07/2026;03:00;12;0;SOLEIL;5;15.5;0
Beauvais;49.43;2.08;30/07/2026;04:00;12;0;SOLEIL;5;10.4;0
Beauvais;49.43;2.08;30/07/2026;05:00;12;0;SOLEIL;5;9.0;0
Beauvais;49.43;2.08;30/07/2026;06:00;12;0;SOLEIL;5;14.4;0
Beauvais;49.43;2.08;30/07/2026;07:00;13.1;0;SOLEIL;5;23.0;0
Beauvais;49.43;2.08;30/07/2026;08:00;14.2;0;SOLEIL;5;28.4;0
Beauvais;49.43;2.08;30/07/2026;09:00;15.3;0;SOLEIL;5;27.0;0
Beauvais;49.43;2.08;30/07/2026;10:00;16.4;0;SOLEIL;5;22.3;0
Beauvais;49.43;2.08;30/07/2026;11:00;17.6;0;SOLEIL;5;19.1;0
Beauvais;49.43;2.08;30/07/2026;12:00;18.7;0;SOLEIL;5;19.1;0
Beauvais;49.43;2.08;30/07/2026;13:00;19.8;0;SOLEIL;5;20.9;0
Beauvais;49.43;2.08;30/07/2026;14:00;20.9;0;SOLEIL;5;22.7;0
Beauvais;49.43;2.08;30/07/2026;15:00;22.0;0;SOLEIL;5;24.5;0
Beauvais;49.43;2.08;30/07/2026;16:00;20.9;0;SOLEIL;5;26.6;0
Beauvais;49.43;2.08;30/07/2026;17:00;19.8;0;SOLEIL;5;28.8;0
Beauvais;49.43;2.08;30/07/2026;18:00;18.7;0;SOLEIL;5;30.2;0
Beauvais;49.43;2.08;30/07/2026;19:00;17.6;0;SOLEIL;5;31.7;0
Beauvais;49.43;2.08;30/07/2026;20:00;16.4;0;SOLEIL;5;33.1;0
Beauvais;49.43;2.08;30/07/2026;21:00;15.3;0;SOLEIL;5;35.6;0
Beauvais;49.43;2.08;30/07/2026;22:00;14.2;0;SOLEIL;5;38.2;0
Beauvais;49.43;2.08;30/07/2026;23:00;13.1;0;SOLEIL;5;38.9;0
Beauvais;49.43;2.08;31/07/2026;00:00;12;0;SOLEIL;5;0.0;0
Beauvais;49.43;2.08;31/07/2026;01:00;12;0;SOLEIL;5;0.0;0
Beauvais;49.43;2.08;31/07/2026;02:00;12;0;SOLEIL;5;0.0;0
Beauvais;49.43;2.08;31/07/2026;03:00;12;0;SOLEIL;5;0.0;0
Beauvais;49.43;2.08;31/07/2026;04:00;12;0;SOLEIL;5;0.0;0
Beauvais;49.43;2.08;31/07/2026;05:00;12;0;SOLEIL;5;0.0;0
Beauvais;49.43;2.08;31/07/2026;06:00;12;0;SOLEIL;5;0.0;0
Beauvais;49.43;2.08;31/07/2026;07:00;13.1;0;SOLEIL;5;0.0;0
Beauvais;49.43;2.08;31/07/2026;08:00;14.2;0;SOLEIL;5;0.0;0
Beauvais;49.43;2.08;31/07/2026;09:00;15.3;0;SOLEIL;5;0.0;0
Beauvais;49.43;2.08;31/07/2026;10:00;16.4;0;SOLEIL;5;0.0;0
Beauvais;49.43;2.08;31/07/2026;11:00;17.6;0;SOLEIL;5;0.0;0
Beauvais;49.43;2.08;31/07/2026;12:00;18.7;0;SOLEIL;5;0.0;0
Beauvais;49.43;2.08;31/07/2026;13:00;19.8;0;SOLEIL;5;0.0;0
Beauvais;49.43;2.08;31/07/2026;14:00;20.9;0;SOLEIL;5;0.0;0
Beauvais;49.43;2.08;31/07/2026;15:00;22.0;0;SOLEIL;5;0.0;0
Beauvais;49.43;2.08;31/07/2026;16:00;20.9;0;SOLEIL;5;0.0;0
Beauvais;49.43;2.08;31/07/2026;17:00;19.8;0;SOLEIL;5;0.0;0
Beauvais;49.43;2.08;31/07/2026;18:00;18.7;0;SOLEIL;5;0.0;0
Beauvais;49.43;2.08;31/07/2026;19:00;17.6;0;SOLEIL;5;0.0;0
Beauvais;49.43;2.08;31/07/2026;20:00;16.4;0;SOLEIL;5;0.0;0
Beauvais;49.43;2.08;31/07/2026;21:00;15.3;0;SOLEIL;5;0.0;0
Beauvais;49.43;2.08;31/07/2026;22:00;14.2;0;SOLEIL;5;0.0;0
Beauvais;49.43;2.08;31/07/2026;23:00;13.1;0;SOLEIL;5;0.0;0
Compiègne;49.41;2.82;16/07/2026;00:00;22.5;0;SOLEIL;3;25.2;0
Compiègne;49.41;2.82;16/07/2026;01:00;22.1;5;SOLEIL VOILÉ;3;24.8;0
Compiègne;49.41;2.82;16/07/2026;02:00;21.1;0;SOLEIL;3;20.2;0
Compiègne;49.41;2.82;16/07/2026;03:00;20.1;0;SOLEIL;2;22.3;0
Compiègne;49.41;2.82;16/07/2026;04:00;19.5;0;SOLEIL;2;19.8;0
Compiègne;49.41;2.82;16/07/2026;05:00;19.5;0;SOLEIL;2;18.4;0
Compiègne;49.41;2.82;16/07/2026;06:00;21;0;SOLEIL;2;15.1;0
Compiègne;49.41;2.82;16/07/2026;07:00;22.7;0;SOLEIL;2;13.3;0
Compiègne;49.41;2.82;16/07/2026;08:00;24.5;0;SOLEIL;2;14.8;0
Compiègne;49.41;2.82;16/07/2026;09:00;26.4;0;SOLEIL;2;16.6;0
Compiègne;49.41;2.82;16/07/2026;10:00;27.9;0;SOLEIL;3;18.4;0
Compiègne;49.41;2.82;16/07/2026;11:00;29.5;0;SOLEIL;3;19.1;0
Compiègne;49.41;2.82;16/07/2026;12:00;31.1;2;NUAGEUX;3;23.8;0
Compiègne;49.41;2.82;16/07/2026;13:00;31.6;2;NUAGEUX;2;25.2;0
Compiègne;49.41;2.82;16/07/2026;14:00;31.2;2;NUAGEUX;2;25.2;0
Compiègne;49.41;2.82;16/07/2026;15:00;30.4;10;ORAGEUX;3;22.7;1.4
Compiègne;49.41;2.82;16/07/2026;16:00;29;10;ORAGEUX;3;52.2;0.4
Compiègne;49.41;2.82;16/07/2026;17:00;25.5;2;NUAGEUX;4;18.7;0
Compiègne;49.41;2.82;16/07/2026;18:00;23.5;2;NUAGEUX;4;34.9;0
Compiègne;49.41;2.82;16/07/2026;19:00;21.7;2;NUAGEUX;4;32.0;0
Compiègne;49.41;2.82;16/07/2026;20:00;21.5;2;NUAGEUX;4;20.2;0
Compiègne;49.41;2.82;16/07/2026;21:00;21.5;2;NUAGEUX;1;18.4;0
Compiègne;49.41;2.82;16/07/2026;22:00;21.1;6;AVERSES;3;11.2;0.2
Compiègne;49.41;2.82;16/07/2026;23:00;20.6;2;NUAGEUX;2;11.2;0
Compiègne;49.41;2.82;17/07/2026;00:00;20;2;NUAGEUX;3;12.6;0
Compiègne;49.41;2.82;17/07/2026;01:00;20;2;NUAGEUX;3;9.7;0
Compiègne;49.41;2.82;17/07/2026;02:00;18.2;10;ORAGEUX;3;9.0;0
Compiègne;49.41;2.82;17/07/2026;03:00;18.2;10;ORAGEUX;3;9.4;0
Compiègne;49.41;2.82;17/07/2026;04:00;18.2;10;ORAGEUX;3;9.4;0
Compiègne;49.41;2.82;17/07/2026;05:00;18.5;10;ORAGEUX;3;7.6;0
Compiègne;49.41;2.82;17/07/2026;06:00;18.5;10;ORAGEUX;3;11.9;0
Compiègne;49.41;2.82;17/07/2026;07:00;18.5;10;ORAGEUX;3;18.7;0
Compiègne;49.41;2.82;17/07/2026;08:00;22;6;AVERSES;3;20.5;0
Compiègne;49.41;2.82;17/07/2026;09:00;22;6;AVERSES;3;21.2;0
Compiègne;49.41;2.82;17/07/2026;10:00;22;6;AVERSES;3;25.2;0
Compiègne;49.41;2.82;17/07/2026;11:00;25.6;6;AVERSES;3;23.8;0
Compiègne;49.41;2.82;17/07/2026;12:00;25.6;6;AVERSES;3;23.8;0
Compiègne;49.41;2.82;17/07/2026;13:00;25.6;6;AVERSES;3;23.4;0
Compiègne;49.41;2.82;17/07/2026;14:00;25;10;ORAGEUX;4;22.3;0
Compiègne;49.41;2.82;17/07/2026;15:00;25;10;ORAGEUX;4;25.9;0
Compiègne;49.41;2.82;17/07/2026;16:00;25;10;ORAGEUX;4;37.8;0
Compiègne;49.41;2.82;17/07/2026;17:00;25.7;0;SOLEIL;4;28.4;0
Compiègne;49.41;2.82;17/07/2026;18:00;25.7;0;SOLEIL;4;16.2;0
Compiègne;49.41;2.82;17/07/2026;19:00;25.7;0;SOLEIL;4;22.0;0
Compiègne;49.41;2.82;17/07/2026;20:00;21.1;0;SOLEIL;3;23.4;0
Compiègne;49.41;2.82;17/07/2026;21:00;21.1;0;SOLEIL;3;25.7;0
Compiègne;49.41;2.82;17/07/2026;22:00;21.1;0;SOLEIL;3;26.5;0
Compiègne;49.41;2.82;17/07/2026;23:00;18.6;0;SOLEIL;3;31.3;0
Compiègne;49.41;2.82;18/07/2026;00:00;18.6;0;SOLEIL;3;23.0;0
Compiègne;49.41;2.82;18/07/2026;01:00;18.6;0;SOLEIL;3;19.8;0
Compiègne;49.41;2.82;18/07/2026;02:00;16.1;0;SOLEIL;2;19.1;0
Compiègne;49.41;2.82;18/07/2026;03:00;16.1;0;SOLEIL;2;19.1;0
Compiègne;49.41;2.82;18/07/2026;04:00;16.1;0;SOLEIL;2;16.9;0
Compiègne;49.41;2.82;18/07/2026;05:00;17.2;0;SOLEIL;2;14.8;0
Compiègne;49.41;2.82;18/07/2026;06:00;17.2;0;SOLEIL;2;12.2;0
Compiègne;49.41;2.82;18/07/2026;07:00;17.2;0;SOLEIL;2;14.0;0
Compiègne;49.41;2.82;18/07/2026;08:00;21.4;0;SOLEIL;3;16.2;0
Compiègne;49.41;2.82;18/07/2026;09:00;21.4;0;SOLEIL;3;16.6;0
Compiègne;49.41;2.82;18/07/2026;10:00;21.4;0;SOLEIL;3;16.6;0
Compiègne;49.41;2.82;18/07/2026;11:00;26.2;0;SOLEIL;3;19.8;0
Compiègne;49.41;2.82;18/07/2026;12:00;26.2;0;SOLEIL;3;28.8;0
Compiègne;49.41;2.82;18/07/2026;13:00;26.2;0;SOLEIL;3;31.3;0
Compiègne;49.41;2.82;18/07/2026;14:00;26.6;0;SOLEIL;4;31.3;0
Compiègne;49.41;2.82;18/07/2026;15:00;26.6;0;SOLEIL;4;30.2;0
Compiègne;49.41;2.82;18/07/2026;16:00;26.6;0;SOLEIL;4;31.3;0
Compiègne;49.41;2.82;18/07/2026;17:00;23.6;0;SOLEIL;5;32.0;0
Compiègne;49.41;2.82;18/07/2026;18:00;23.6;0;SOLEIL;5;32.4;0
Compiègne;49.41;2.82;18/07/2026;19:00;23.6;0;SOLEIL;5;33.5;0
Compiègne;49.41;2.82;18/07/2026;20:00;20.7;0;SOLEIL;5;43.2;0
Compiègne;49.41;2.82;18/07/2026;21:00;19.3;0;SOLEIL;5;45.7;0
Compiègne;49.41;2.82;18/07/2026;22:00;18.0;0;SOLEIL;5;47.2;0
Compiègne;49.41;2.82;18/07/2026;23:00;15.6;0;SOLEIL;3;46.4;0
Compiègne;49.41;2.82;19/07/2026;00:00;15.6;0;SOLEIL;3;42.1;0
Compiègne;49.41;2.82;19/07/2026;01:00;15.6;0;SOLEIL;3;35.3;0
Compiègne;49.41;2.82;19/07/2026;02:00;14;0;SOLEIL;5;29.5;0
Compiègne;49.41;2.82;19/07/2026;03:00;14;0;SOLEIL;5;25.9;0
Compiègne;49.41;2.82;19/07/2026;04:00;14;0;SOLEIL;5;23.4;0
Compiègne;49.41;2.82;19/07/2026;05:00;15.7;0;SOLEIL;3;21.6;0
Compiègne;49.41;2.82;19/07/2026;06:00;15.7;0;SOLEIL;3;20.5;0
Compiègne;49.41;2.82;19/07/2026;07:00;15.7;0;SOLEIL;3;20.2;0
Compiègne;49.41;2.82;19/07/2026;08:00;16.6;0;SOLEIL;5;20.9;0
Compiègne;49.41;2.82;19/07/2026;09:00;17.9;0;SOLEIL;5;23.4;0
Compiègne;49.41;2.82;19/07/2026;10:00;19.2;0;SOLEIL;5;27.4;0
Compiègne;49.41;2.82;19/07/2026;11:00;23.2;2;NUAGEUX;4;30.2;0
Compiègne;49.41;2.82;19/07/2026;12:00;23.2;2;NUAGEUX;4;31.7;0
Compiègne;49.41;2.82;19/07/2026;13:00;23.2;2;NUAGEUX;4;32.8;0
Compiègne;49.41;2.82;19/07/2026;14:00;24.3;0;SOLEIL;5;33.1;0
Compiègne;49.41;2.82;19/07/2026;15:00;25.6;0;SOLEIL;5;33.5;0
Compiègne;49.41;2.82;19/07/2026;16:00;24.3;0;SOLEIL;5;33.1;0
Compiègne;49.41;2.82;19/07/2026;17:00;22.6;0;SOLEIL;5;33.5;0
Compiègne;49.41;2.82;19/07/2026;18:00;22.6;0;SOLEIL;5;34.2;0
Compiègne;49.41;2.82;19/07/2026;19:00;22.6;0;SOLEIL;5;35.3;0
Compiègne;49.41;2.82;19/07/2026;20:00;19.2;0;SOLEIL;5;36.0;0
Compiègne;49.41;2.82;19/07/2026;21:00;17.9;0;SOLEIL;5;36.4;0
Compiègne;49.41;2.82;19/07/2026;22:00;16.6;0;SOLEIL;5;36.4;0
Compiègne;49.41;2.82;19/07/2026;23:00;14.9;0;SOLEIL;3;35.6;0
Compiègne;49.41;2.82;20/07/2026;00:00;14.9;0;SOLEIL;3;34.2;0
Compiègne;49.41;2.82;20/07/2026;01:00;14.9;0;SOLEIL;3;32.0;0
Compiègne;49.41;2.82;20/07/2026;02:00;12.6;0;SOLEIL;5;29.5;0
Compiègne;49.41;2.82;20/07/2026;03:00;12.6;0;SOLEIL;5;26.3;0
Compiègne;49.41;2.82;20/07/2026;04:00;12.6;0;SOLEIL;5;22.3;0
Compiègne;49.41;2.82;20/07/2026;05:00;14.6;0;SOLEIL;3;19.8;0
Compiègne;49.41;2.82;20/07/2026;06:00;14.6;0;SOLEIL;3;18.7;0
Compiègne;49.41;2.82;20/07/2026;07:00;14.6;0;SOLEIL;3;19.1;0
Compiègne;49.41;2.82;20/07/2026;08:00;15.4;0;SOLEIL;5;20.5;0
Compiègne;49.41;2.82;20/07/2026;09:00;16.8;0;SOLEIL;5;24.5;0
Compiègne;49.41;2.82;20/07/2026;10:00;18.2;0;SOLEIL;5;29.9;0
Compiègne;49.41;2.82;20/07/2026;11:00;22.9;0;SOLEIL;4;33.5;0
Compiègne;49.41;2.82;20/07/2026;12:00;22.9;0;SOLEIL;4;34.2;0
Compiègne;49.41;2.82;20/07/2026;13:00;22.9;0;SOLEIL;4;33.5;0
Compiègne;49.41;2.82;20/07/2026;14:00;23.7;0;SOLEIL;5;32.8;0
Compiègne;49.41;2.82;20/07/2026;15:00;25.1;0;SOLEIL;5;32.4;0
Compiègne;49.41;2.82;20/07/2026;16:00;23.7;0;SOLEIL;5;32.4;0
Compiègne;49.41;2.82;20/07/2026;17:00;23.1;0;SOLEIL;5;32.8;0
Compiègne;49.41;2.82;20/07/2026;18:00;23.1;0;SOLEIL;5;33.8;0
Compiègne;49.41;2.82;20/07/2026;19:00;23.1;0;SOLEIL;5;35.3;0
Compiègne;49.41;2.82;20/07/2026;20:00;18.2;0;SOLEIL;5;36.4;0
Compiègne;49.41;2.82;20/07/2026;21:00;16.8;0;SOLEIL;5;37.4;0
Compiègne;49.41;2.82;20/07/2026;22:00;15.4;0;SOLEIL;5;38.5;0
Compiègne;49.41;2.82;20/07/2026;23:00;15.9;0;SOLEIL;3;38.5;0
Compiègne;49.41;2.82;21/07/2026;00:00;15.9;0;SOLEIL;3;32.8;0
Compiègne;49.41;2.82;21/07/2026;01:00;15.9;0;SOLEIL;3;31.7;0
Compiègne;49.41;2.82;21/07/2026;02:00;14;0;SOLEIL;5;30.6;0
Compiègne;49.41;2.82;21/07/2026;03:00;14;0;SOLEIL;5;29.5;0
Compiègne;49.41;2.82;21/07/2026;04:00;14;0;SOLEIL;5;28.1;0
Compiègne;49.41;2.82;21/07/2026;05:00;15.1;0;SOLEIL;3;27.0;0
Compiègne;49.41;2.82;21/07/2026;06:00;15.1;0;SOLEIL;3;25.6;0
Compiègne;49.41;2.82;21/07/2026;07:00;15.1;0;SOLEIL;3;25.2;0
Compiègne;49.41;2.82;21/07/2026;08:00;16.6;0;SOLEIL;5;25.2;0
Compiègne;49.41;2.82;21/07/2026;09:00;17.9;0;SOLEIL;5;26.3;0
Compiègne;49.41;2.82;21/07/2026;10:00;19.2;0;SOLEIL;5;28.1;0
Compiègne;49.41;2.82;21/07/2026;11:00;23.1;0;SOLEIL;4;30.6;0
Compiègne;49.41;2.82;21/07/2026;12:00;23.1;0;SOLEIL;4;32.8;0
Compiègne;49.41;2.82;21/07/2026;13:00;23.1;0;SOLEIL;4;35.3;0
Compiègne;49.41;2.82;21/07/2026;14:00;24.3;0;SOLEIL;5;36.7;0
Compiègne;49.41;2.82;21/07/2026;15:00;25.6;0;SOLEIL;5;37.8;0
Compiègne;49.41;2.82;21/07/2026;16:00;24.3;0;SOLEIL;5;38.5;0
Compiègne;49.41;2.82;21/07/2026;17:00;23.6;0;SOLEIL;5;38.9;0
Compiègne;49.41;2.82;21/07/2026;18:00;23.6;0;SOLEIL;5;39.2;0
Compiègne;49.41;2.82;21/07/2026;19:00;23.6;0;SOLEIL;5;39.2;0
Compiègne;49.41;2.82;21/07/2026;20:00;19.2;0;SOLEIL;5;39.2;0
Compiègne;49.41;2.82;21/07/2026;21:00;17.9;0;SOLEIL;5;39.2;0
Compiègne;49.41;2.82;21/07/2026;22:00;16.6;0;SOLEIL;5;38.9;0
Compiègne;49.41;2.82;21/07/2026;23:00;16.9;0;SOLEIL;3;38.2;0
Compiègne;49.41;2.82;22/07/2026;00:00;16.9;0;SOLEIL;3;37.4;0
Compiègne;49.41;2.82;22/07/2026;01:00;16.9;0;SOLEIL;3;36.7;0
Compiègne;49.41;2.82;22/07/2026;02:00;14.4;0;SOLEIL;5;35.3;0
Compiègne;49.41;2.82;22/07/2026;03:00;14.4;0;SOLEIL;5;33.1;0
Compiègne;49.41;2.82;22/07/2026;04:00;14.4;0;SOLEIL;5;30.2;0
Compiègne;49.41;2.82;22/07/2026;05:00;15.6;0;SOLEIL;3;27.0;0
Compiègne;49.41;2.82;22/07/2026;06:00;15.6;0;SOLEIL;3;24.1;0
Compiègne;49.41;2.82;22/07/2026;07:00;15.6;0;SOLEIL;3;22.0;0
Compiègne;49.41;2.82;22/07/2026;08:00;17.4;0;SOLEIL;5;20.9;0
Compiègne;49.41;2.82;22/07/2026;09:00;18.9;0;SOLEIL;5;21.6;0
Compiègne;49.41;2.82;22/07/2026;10:00;20.4;0;SOLEIL;5;23.4;0
Compiègne;49.41;2.82;22/07/2026;11:00;25.6;0;SOLEIL;3;25.9;0
Compiègne;49.41;2.82;22/07/2026;12:00;25.6;0;SOLEIL;3;28.4;0
Compiègne;49.41;2.82;22/07/2026;13:00;25.6;0;SOLEIL;3;31.0;0
Compiègne;49.41;2.82;22/07/2026;14:00;26.4;0;SOLEIL;5;32.8;0
Compiègne;49.41;2.82;22/07/2026;15:00;27.9;0;SOLEIL;5;33.8;0
Compiègne;49.41;2.82;22/07/2026;16:00;26.4;0;SOLEIL;5;34.6;0
Compiègne;49.41;2.82;22/07/2026;17:00;25.5;0;SOLEIL;4;35.3;0
Compiègne;49.41;2.82;22/07/2026;18:00;25.5;0;SOLEIL;4;35.3;0
Compiègne;49.41;2.82;22/07/2026;19:00;25.5;0;SOLEIL;4;35.3;0
Compiègne;49.41;2.82;22/07/2026;20:00;20.4;0;SOLEIL;5;34.6;0
Compiègne;49.41;2.82;22/07/2026;21:00;18.9;0;SOLEIL;5;33.5;0
Compiègne;49.41;2.82;22/07/2026;22:00;17.4;0;SOLEIL;5;31.7;0
Compiègne;49.41;2.82;22/07/2026;23:00;18.6;0;SOLEIL;3;29.5;0
Compiègne;49.41;2.82;23/07/2026;00:00;18.6;0;SOLEIL;3;27.4;0
Compiègne;49.41;2.82;23/07/2026;01:00;18.6;0;SOLEIL;3;25.2;0
Compiègne;49.41;2.82;23/07/2026;02:00;15.9;0;SOLEIL;5;23.0;0
Compiègne;49.41;2.82;23/07/2026;03:00;15.9;0;SOLEIL;5;20.9;0
Compiègne;49.41;2.82;23/07/2026;04:00;15.9;0;SOLEIL;5;18.7;0
Compiègne;49.41;2.82;23/07/2026;05:00;17;0;SOLEIL;3;16.2;0
Compiègne;49.41;2.82;23/07/2026;06:00;17;0;SOLEIL;3;14.4;0
Compiègne;49.41;2.82;23/07/2026;07:00;17;0;SOLEIL;3;13.0;0
Compiègne;49.41;2.82;23/07/2026;08:00;18.9;0;SOLEIL;5;13.0;0
Compiègne;49.41;2.82;23/07/2026;09:00;20.3;0;SOLEIL;5;14.4;0
Compiègne;49.41;2.82;23/07/2026;10:00;21.8;0;SOLEIL;5;17.3;0
Compiègne;49.41;2.82;23/07/2026;11:00;26.5;0;SOLEIL;4;20.5;0
Compiègne;49.41;2.82;23/07/2026;12:00;26.5;0;SOLEIL;4;24.5;0
Compiègne;49.41;2.82;23/07/2026;13:00;26.5;0;SOLEIL;4;27.7;0
Compiègne;49.41;2.82;23/07/2026;14:00;27.7;0;SOLEIL;5;29.9;0
Compiègne;49.41;2.82;23/07/2026;15:00;29.2;0;SOLEIL;5;31.0;0
Compiègne;49.41;2.82;23/07/2026;16:00;27.7;0;SOLEIL;5;31.7;0
Compiègne;49.41;2.82;23/07/2026;17:00;27.2;0;SOLEIL;4;31.7;0
Compiègne;49.41;2.82;23/07/2026;18:00;27.2;0;SOLEIL;4;31.7;0
Compiègne;49.41;2.82;23/07/2026;19:00;27.2;0;SOLEIL;4;31.7;0
Compiègne;49.41;2.82;23/07/2026;20:00;21.8;0;SOLEIL;5;31.7;0
Compiègne;49.41;2.82;23/07/2026;21:00;20.3;0;SOLEIL;5;32.0;0
Compiègne;49.41;2.82;23/07/2026;22:00;18.9;0;SOLEIL;5;32.8;0
Compiègne;49.41;2.82;23/07/2026;23:00;18.9;0;SOLEIL;3;33.5;0
Compiègne;49.41;2.82;24/07/2026;00:00;18.9;0;SOLEIL;3;33.8;0
Compiègne;49.41;2.82;24/07/2026;01:00;18.9;0;SOLEIL;3;33.5;0
Compiègne;49.41;2.82;24/07/2026;02:00;16.2;0;SOLEIL;5;32.4;0
Compiègne;49.41;2.82;24/07/2026;03:00;16.2;0;SOLEIL;5;29.9;0
Compiègne;49.41;2.82;24/07/2026;04:00;16.2;0;SOLEIL;5;26.3;0
Compiègne;49.41;2.82;24/07/2026;05:00;17.6;0;SOLEIL;2;22.0;0
Compiègne;49.41;2.82;24/07/2026;06:00;17.6;0;SOLEIL;2;17.6;0
Compiègne;49.41;2.82;24/07/2026;07:00;17.6;0;SOLEIL;2;14.0;0
Compiègne;49.41;2.82;24/07/2026;08:00;18.9;0;SOLEIL;5;11.9;0
Compiègne;49.41;2.82;24/07/2026;09:00;20.3;0;SOLEIL;5;11.5;0
Compiègne;49.41;2.82;24/07/2026;10:00;21.6;0;SOLEIL;5;11.9;0
Compiègne;49.41;2.82;24/07/2026;11:00;26.1;0;SOLEIL;4;13.3;0
Compiègne;49.41;2.82;24/07/2026;12:00;26.1;0;SOLEIL;4;15.1;0
Compiègne;49.41;2.82;24/07/2026;13:00;26.1;0;SOLEIL;4;16.9;0
Compiègne;49.41;2.82;24/07/2026;14:00;27.0;0;SOLEIL;5;18.0;0
Compiègne;49.41;2.82;24/07/2026;15:00;28.4;0;SOLEIL;5;18.7;0
Compiègne;49.41;2.82;24/07/2026;16:00;27.0;0;SOLEIL;5;19.1;0
Compiègne;49.41;2.82;24/07/2026;17:00;26.1;0;SOLEIL;4;19.1;0
Compiègne;49.41;2.82;24/07/2026;18:00;26.1;0;SOLEIL;4;19.4;0
Compiègne;49.41;2.82;24/07/2026;19:00;26.1;0;SOLEIL;4;20.5;0
Compiègne;49.41;2.82;24/07/2026;20:00;21.6;0;SOLEIL;5;21.6;0
Compiègne;49.41;2.82;24/07/2026;21:00;20.3;0;SOLEIL;5;23.8;0
Compiègne;49.41;2.82;24/07/2026;22:00;18.9;0;SOLEIL;5;27.0;0
Compiègne;49.41;2.82;24/07/2026;23:00;19.2;0;SOLEIL;3;30.6;0
Compiègne;49.41;2.82;25/07/2026;00:00;19.2;0;SOLEIL;3;33.8;0
Compiègne;49.41;2.82;25/07/2026;01:00;19.2;0;SOLEIL;3;36.0;0
Compiègne;49.41;2.82;25/07/2026;02:00;16.5;0;SOLEIL;5;37.1;0
Compiègne;49.41;2.82;25/07/2026;03:00;16.5;0;SOLEIL;5;36.0;0
Compiègne;49.41;2.82;25/07/2026;04:00;16.5;0;SOLEIL;5;33.1;0
Compiègne;49.41;2.82;25/07/2026;05:00;;0;SOLEIL;;29.2;0
Compiègne;49.41;2.82;25/07/2026;06:00;;0;SOLEIL;;25.6;0
Compiègne;49.41;2.82;25/07/2026;07:00;;0;SOLEIL;;22.7;0
Compiègne;49.41;2.82;25/07/2026;08:00;18.7;0;SOLEIL;5;22.0;0
Compiègne;49.41;2.82;25/07/2026;09:00;19.9;0;SOLEIL;5;23.4;0
Compiègne;49.41;2.82;25/07/2026;10:00;21.0;0;SOLEIL;5;26.6;0
Compiègne;49.41;2.82;25/07/2026;11:00;;0;SOLEIL;;31.0;0
Compiègne;49.41;2.82;25/07/2026;12:00;;0;SOLEIL;;35.6;0
Compiègne;49.41;2.82;25/07/2026;13:00;;0;SOLEIL;;39.6;0
Compiègne;49.41;2.82;25/07/2026;14:00;25.5;0;SOLEIL;5;42.5;0
Compiègne;49.41;2.82;25/07/2026;15:00;26.6;0;SOLEIL;5;44.3;0
Compiègne;49.41;2.82;25/07/2026;16:00;25.5;0;SOLEIL;5;45.4;0
Compiègne;49.41;2.82;25/07/2026;17:00;;0;SOLEIL;;46.1;0
Compiègne;49.41;2.82;25/07/2026;18:00;;0;SOLEIL;;46.4;0
Compiègne;49.41;2.82;25/07/2026;19:00;;0;SOLEIL;;46.4;0
Compiègne;49.41;2.82;25/07/2026;20:00;21.0;0;SOLEIL;5;46.4;0
Compiègne;49.41;2.82;25/07/2026;21:00;19.9;0;SOLEIL;5;46.1;0
Compiègne;49.41;2.82;25/07/2026;22:00;18.7;0;SOLEIL;5;45.4;0
Compiègne;49.41;2.82;25/07/2026;23:00;;0;SOLEIL;;44.6;0
Compiègne;49.41;2.82;26/07/2026;00:00;;0;SOLEIL;;43.6;0
Compiègne;49.41;2.82;26/07/2026;01:00;;0;SOLEIL;;42.1;0
Compiègne;49.41;2.82;26/07/2026;02:00;15;0;SOLEIL;5;40.3;0
Compiègne;49.41;2.82;26/07/2026;03:00;15;0;SOLEIL;5;37.8;0
Compiègne;49.41;2.82;26/07/2026;04:00;15;0;SOLEIL;5;34.6;0
Compiègne;49.41;2.82;26/07/2026;05:00;;0;SOLEIL;;30.6;0
Compiègne;49.41;2.82;26/07/2026;06:00;;0;SOLEIL;;27.4;0
Compiègne;49.41;2.82;26/07/2026;07:00;;0;SOLEIL;;24.8;0
Compiègne;49.41;2.82;26/07/2026;08:00;17.4;0;SOLEIL;5;24.1;0
Compiègne;49.41;2.82;26/07/2026;09:00;18.5;0;SOLEIL;5;25.6;0
Compiègne;49.41;2.82;26/07/2026;10:00;19.7;0;SOLEIL;5;28.4;0
Compiègne;49.41;2.82;26/07/2026;11:00;;0;SOLEIL;;32.4;0
Compiègne;49.41;2.82;26/07/2026;12:00;;0;SOLEIL;;36.4;0
Compiègne;49.41;2.82;26/07/2026;13:00;;0;SOLEIL;;40.0;0
Compiègne;49.41;2.82;26/07/2026;14:00;24.4;0;SOLEIL;5;42.5;0
Compiègne;49.41;2.82;26/07/2026;15:00;25.6;0;SOLEIL;5;43.6;0
Compiègne;49.41;2.82;26/07/2026;16:00;24.4;0;SOLEIL;5;44.3;0
Compiègne;49.41;2.82;26/07/2026;17:00;;0;SOLEIL;;44.3;0
Compiègne;49.41;2.82;26/07/2026;18:00;;0;SOLEIL;;43.9;0
Compiègne;49.41;2.82;26/07/2026;19:00;;0;SOLEIL;;43.6;0
Compiègne;49.41;2.82;26/07/2026;20:00;19.7;0;SOLEIL;5;42.8;0
Compiègne;49.41;2.82;26/07/2026;21:00;18.5;0;SOLEIL;5;42.1;0
Compiègne;49.41;2.82;26/07/2026;22:00;17.4;0;SOLEIL;5;41.4;0
Compiègne;49.41;2.82;26/07/2026;23:00;;6;AVERSES;;40.3;0
Compiègne;49.41;2.82;27/07/2026;00:00;;6;AVERSES;;39.2;0
Compiègne;49.41;2.82;27/07/2026;01:00;;6;AVERSES;;37.8;0
Compiègne;49.41;2.82;27/07/2026;02:00;15.4;6;AVERSES;5;35.6;0
Compiègne;49.41;2.82;27/07/2026;03:00;15.4;6;AVERSES;5;32.8;0
Compiègne;49.41;2.82;27/07/2026;04:00;15.4;6;AVERSES;5;28.4;0
Compiègne;49.41;2.82;27/07/2026;05:00;;6;AVERSES;;24.1;0
Compiègne;49.41;2.82;27/07/2026;06:00;;6;AVERSES;;20.2;0
Compiègne;49.41;2.82;27/07/2026;07:00;;6;AVERSES;;17.3;0
Compiègne;49.41;2.82;27/07/2026;08:00;17.7;6;AVERSES;5;16.2;0
Compiègne;49.41;2.82;27/07/2026;09:00;18.8;6;AVERSES;5;17.3;0
Compiègne;49.41;2.82;27/07/2026;10:00;19.9;6;AVERSES;5;20.5;0
Compiègne;49.41;2.82;27/07/2026;11:00;;6;AVERSES;;24.5;0
Compiègne;49.41;2.82;27/07/2026;12:00;;6;AVERSES;;29.2;0
Compiègne;49.41;2.82;27/07/2026;13:00;;6;AVERSES;;33.5;0
Compiègne;49.41;2.82;27/07/2026;14:00;24.5;6;AVERSES;5;36.7;0
Compiègne;49.41;2.82;27/07/2026;15:00;25.6;6;AVERSES;5;39.2;0
Compiègne;49.41;2.82;27/07/2026;16:00;24.5;6;AVERSES;5;41.4;0
Compiègne;49.41;2.82;27/07/2026;17:00;;6;AVERSES;;43.6;0
Compiègne;49.41;2.82;27/07/2026;18:00;;6;AVERSES;;45.4;0
Compiègne;49.41;2.82;27/07/2026;19:00;;6;AVERSES;;46.1;0
Compiègne;49.41;2.82;27/07/2026;20:00;19.9;6;AVERSES;5;46.4;0
Compiègne;49.41;2.82;27/07/2026;21:00;18.8;6;AVERSES;5;45.7;0
Compiègne;49.41;2.82;27/07/2026;22:00;17.7;6;AVERSES;5;44.3;0
Compiègne;49.41;2.82;27/07/2026;23:00;;6;AVERSES;;42.1;0
Compiègne;49.41;2.82;28/07/2026;00:00;;6;AVERSES;;39.6;0
Compiègne;49.41;2.82;28/07/2026;01:00;;6;AVERSES;;36.7;0
Compiègne;49.41;2.82;28/07/2026;02:00;15.1;6;AVERSES;5;34.6;0
Compiègne;49.41;2.82;28/07/2026;03:00;15.1;6;AVERSES;5;32.0;0
Compiègne;49.41;2.82;28/07/2026;04:00;15.1;6;AVERSES;5;29.2;0
Compiègne;49.41;2.82;28/07/2026;05:00;;6;AVERSES;;25.9;0
Compiègne;49.41;2.82;28/07/2026;06:00;;6;AVERSES;;23.4;0
Compiègne;49.41;2.82;28/07/2026;07:00;;6;AVERSES;;21.6;0
Compiègne;49.41;2.82;28/07/2026;08:00;17.3;6;AVERSES;5;20.9;0
Compiègne;49.41;2.82;28/07/2026;09:00;18.5;6;AVERSES;5;22.0;0
Compiègne;49.41;2.82;28/07/2026;10:00;19.6;6;AVERSES;5;24.1;0
Compiègne;49.41;2.82;28/07/2026;11:00;;6;AVERSES;;27.0;0
Compiègne;49.41;2.82;28/07/2026;12:00;;6;AVERSES;;30.6;0
Compiègne;49.41;2.82;28/07/2026;13:00;;6;AVERSES;;33.5;0
Compiègne;49.41;2.82;28/07/2026;14:00;24.1;6;AVERSES;5;35.3;0
Compiègne;49.41;2.82;28/07/2026;15:00;25.2;6;AVERSES;5;36.4;0
Compiègne;49.41;2.82;28/07/2026;16:00;24.1;6;AVERSES;5;37.4;0
Compiègne;49.41;2.82;28/07/2026;17:00;;6;AVERSES;;37.8;0
Compiègne;49.41;2.82;28/07/2026;18:00;;6;AVERSES;;37.8;0
Compiègne;49.41;2.82;28/07/2026;19:00;;6;AVERSES;;37.4;0
Compiègne;49.41;2.82;28/07/2026;20:00;19.6;6;AVERSES;5;36.4;0
Compiègne;49.41;2.82;28/07/2026;21:00;18.5;6;AVERSES;5;34.6;0
Compiègne;49.41;2.82;28/07/2026;22:00;17.3;6;AVERSES;5;31.3;0
Compiègne;49.41;2.82;28/07/2026;23:00;;6;AVERSES;;28.1;0
Compiègne;49.41;2.82;29/07/2026;00:00;;6;AVERSES;;24.5;0
Compiègne;49.41;2.82;29/07/2026;01:00;;6;AVERSES;;21.2;0
Compiègne;49.41;2.82;29/07/2026;02:00;14.9;6;AVERSES;5;19.1;0
Compiègne;49.41;2.82;29/07/2026;03:00;14.9;6;AVERSES;5;17.3;0
Compiègne;49.41;2.82;29/07/2026;04:00;14.9;6;AVERSES;5;15.8;0
Compiègne;49.41;2.82;29/07/2026;05:00;;6;AVERSES;;14.8;0
Compiègne;49.41;2.82;29/07/2026;06:00;;6;AVERSES;;14.0;0
Compiègne;49.41;2.82;29/07/2026;07:00;;6;AVERSES;;14.4;0
Compiègne;49.41;2.82;29/07/2026;08:00;17.6;6;AVERSES;5;15.5;0
Compiègne;49.41;2.82;29/07/2026;09:00;19.0;6;AVERSES;5;18.0;0
Compiègne;49.41;2.82;29/07/2026;10:00;20.3;6;AVERSES;5;22.3;0
Compiègne;49.41;2.82;29/07/2026;11:00;;6;AVERSES;;27.4;0
Compiègne;49.41;2.82;29/07/2026;12:00;;6;AVERSES;;32.4;0
Compiègne;49.41;2.82;29/07/2026;13:00;;6;AVERSES;;36.7;0
Compiègne;49.41;2.82;29/07/2026;14:00;25.7;6;AVERSES;5;39.6;0
Compiègne;49.41;2.82;29/07/2026;15:00;27.1;6;AVERSES;5;41.4;0
Compiègne;49.41;2.82;29/07/2026;16:00;25.7;6;AVERSES;5;42.5;0
Compiègne;49.41;2.82;29/07/2026;17:00;;6;AVERSES;;42.8;0
Compiègne;49.41;2.82;29/07/2026;18:00;;6;AVERSES;;42.5;0
Compiègne;49.41;2.82;29/07/2026;19:00;;6;AVERSES;;41.4;0
Compiègne;49.41;2.82;29/07/2026;20:00;20.3;6;AVERSES;5;40.0;0
Compiègne;49.41;2.82;29/07/2026;21:00;19.0;6;AVERSES;5;37.4;0
Compiègne;49.41;2.82;29/07/2026;22:00;17.6;6;AVERSES;5;33.5;0
Compiègne;49.41;2.82;29/07/2026;23:00;16.3;6;AVERSES;5;28.8;0
Compiègne;49.41;2.82;30/07/2026;00:00;12;0;SOLEIL;5;24.7;0
Compiègne;49.41;2.82;30/07/2026;01:00;12;0;SOLEIL;5;21.1;0
Compiègne;49.41;2.82;30/07/2026;02:00;12;0;SOLEIL;5;19.3;0
Compiègne;49.41;2.82;30/07/2026;03:00;12;0;SOLEIL;5;19.1;0
Compiègne;49.41;2.82;30/07/2026;04:00;12;0;SOLEIL;5;19.4;0
Compiègne;49.41;2.82;30/07/2026;05:00;12;0;SOLEIL;5;0.0;0
Compiègne;49.41;2.82;30/07/2026;06:00;12;0;SOLEIL;5;0.0;0
Compiègne;49.41;2.82;30/07/2026;07:00;13.1;0;SOLEIL;5;0.0;0
Compiègne;49.41;2.82;30/07/2026;08:00;14.2;0;SOLEIL;5;0.0;0
Compiègne;49.41;2.82;30/07/2026;09:00;15.3;0;SOLEIL;5;0.0;0
Compiègne;49.41;2.82;30/07/2026;10:00;16.4;0;SOLEIL;5;0.0;0
Compiègne;49.41;2.82;30/07/2026;11:00;17.6;0;SOLEIL;5;0.0;0
Compiègne;49.41;2.82;30/07/2026;12:00;18.7;0;SOLEIL;5;0.0;0
Compiègne;49.41;2.82;30/07/2026;13:00;19.8;0;SOLEIL;5;0.0;0
Compiègne;49.41;2.82;30/07/2026;14:00;20.9;0;SOLEIL;5;0.0;0
Compiègne;49.41;2.82;30/07/2026;15:00;22.0;0;SOLEIL;5;0.0;0
Compiègne;49.41;2.82;30/07/2026;16:00;20.9;0;SOLEIL;5;0.0;0
Compiègne;49.41;2.82;30/07/2026;17:00;19.8;0;SOLEIL;5;0.0;0
Compiègne;49.41;2.82;30/07/2026;18:00;18.7;0;SOLEIL;5;0.0;0
Compiègne;49.41;2.82;30/07/2026;19:00;17.6;0;SOLEIL;5;0.0;0
Compiègne;49.41;2.82;30/07/2026;20:00;16.4;0;SOLEIL;5;0.0;0
Compiègne;49.41;2.82;30/07/2026;21:00;15.3;0;SOLEIL;5;0.0;0
Compiègne;49.41;2.82;30/07/2026;22:00;14.2;0;SOLEIL;5;0.0;0
Compiègne;49.41;2.82;30/07/2026;23:00;13.1;0;SOLEIL;5;0.0;0
Compiègne;49.41;2.82;31/07/2026;00:00;12;0;SOLEIL;5;0.0;0
Compiègne;49.41;2.82;31/07/2026;01:00;12;0;SOLEIL;5;0.0;0
Compiègne;49.41;2.82;31/07/2026;02:00;12;0;SOLEIL;5;0.0;0
Compiègne;49.41;2.82;31/07/2026;03:00;12;0;SOLEIL;5;0.0;0
Compiègne;49.41;2.82;31/07/2026;04:00;12;0;SOLEIL;5;0.0;0
Compiègne;49.41;2.82;31/07/2026;05:00;12;0;SOLEIL;5;0.0;0
Compiègne;49.41;2.82;31/07/2026;06:00;12;0;SOLEIL;5;0.0;0
Compiègne;49.41;2.82;31/07/2026;07:00;13.1;0;SOLEIL;5;0.0;0
Compiègne;49.41;2.82;31/07/2026;08:00;14.2;0;SOLEIL;5;0.0;0
Compiègne;49.41;2.82;31/07/2026;09:00;15.3;0;SOLEIL;5;0.0;0
Compiègne;49.41;2.82;31/07/2026;10:00;16.4;0;SOLEIL;5;0.0;0
Compiègne;49.41;2.82;31/07/2026;11:00;17.6;0;SOLEIL;5;0.0;0
Compiègne;49.41;2.82;31/07/2026;12:00;18.7;0;SOLEIL;5;0.0;0
Compiègne;49.41;2.82;31/07/2026;13:00;19.8;0;SOLEIL;5;0.0;0
Compiègne;49.41;2.82;31/07/2026;14:00;20.9;0;SOLEIL;5;0.0;0
Compiègne;49.41;2.82;31/07/2026;15:00;22.0;0;SOLEIL;5;0.0;0
Compiègne;49.41;2.82;31/07/2026;16:00;20.9;0;SOLEIL;5;0.0;0
Compiègne;49.41;2.82;31/07/2026;17:00;19.8;0;SOLEIL;5;0.0;0
Compiègne;49.41;2.82;31/07/2026;18:00;18.7;0;SOLEIL;5;0.0;0
Compiègne;49.41;2.82;31/07/2026;19:00;17.6;0;SOLEIL;5;0.0;0
Compiègne;49.41;2.82;31/07/2026;20:00;16.4;0;SOLEIL;5;0.0;0
Compiègne;49.41;2.82;31/07/2026;21:00;15.3;0;SOLEIL;5;0.0;0
Compiègne;49.41;2.82;31/07/2026;22:00;14.2;0;SOLEIL;5;0.0;0
Compiègne;49.41;2.82;31/07/2026;23:00;13.1;0;SOLEIL;5;0.0;0
Senlis;49.207;2.585;16/07/2026;00:00;22;0;SOLEIL;3;18.0;0
Senlis;49.207;2.585;16/07/2026;01:00;21.2;0;SOLEIL;3;17.3;0
Senlis;49.207;2.585;16/07/2026;02:00;20.4;0;SOLEIL;3;14.8;0
Senlis;49.207;2.585;16/07/2026;03:00;19.1;0;SOLEIL;3;13.0;0
Senlis;49.207;2.585;16/07/2026;04:00;18.6;0;SOLEIL;2;9.7;0
Senlis;49.207;2.585;16/07/2026;05:00;18.9;0;SOLEIL;2;7.6;0
Senlis;49.207;2.585;16/07/2026;06:00;21.1;0;SOLEIL;2;6.5;0
Senlis;49.207;2.585;16/07/2026;07:00;23.9;0;SOLEIL;2;6.8;0
Senlis;49.207;2.585;16/07/2026;08:00;25.4;0;SOLEIL;2;13.3;0
Senlis;49.207;2.585;16/07/2026;09:00;27.2;0;SOLEIL;3;16.9;0
Senlis;49.207;2.585;16/07/2026;10:00;28.6;0;SOLEIL;3;18.4;0
Senlis;49.207;2.585;16/07/2026;11:00;30;0;SOLEIL;3;22.3;0
Senlis;49.207;2.585;16/07/2026;12:00;31.6;0;SOLEIL;3;23.0;0
Senlis;49.207;2.585;16/07/2026;13:00;32.2;0;SOLEIL;3;23.4;0
Senlis;49.207;2.585;16/07/2026;14:00;32.4;10;ORAGEUX;3;19.4;0.5
Senlis;49.207;2.585;16/07/2026;15:00;29.6;2;NUAGEUX;4;14.4;0
Senlis;49.207;2.585;16/07/2026;16:00;29.9;10;ORAGEUX;4;20.5;1.5
Senlis;49.207;2.585;16/07/2026;17:00;27.1;2;NUAGEUX;4;23.8;0
Senlis;49.207;2.585;16/07/2026;18:00;24.6;2;NUAGEUX;4;25.6;0
Senlis;49.207;2.585;16/07/2026;19:00;21.2;2;NUAGEUX;4;27.4;0
Senlis;49.207;2.585;16/07/2026;20:00;20.9;2;NUAGEUX;4;37.8;0
Senlis;49.207;2.585;16/07/2026;21:00;20.9;2;NUAGEUX;4;25.6;0
Senlis;49.207;2.585;16/07/2026;22:00;21.1;2;NUAGEUX;2;24.1;0
Senlis;49.207;2.585;16/07/2026;23:00;20.5;2;NUAGEUX;2;22.7;0
Senlis;49.207;2.585;17/07/2026;00:00;20;2;NUAGEUX;2;23.8;0
Senlis;49.207;2.585;17/07/2026;01:00;20;2;NUAGEUX;2;17.6;0
Senlis;49.207;2.585;17/07/2026;02:00;17.1;10;ORAGEUX;2;14.8;0
Senlis;49.207;2.585;17/07/2026;03:00;17.1;10;ORAGEUX;2;10.1;0
Senlis;49.207;2.585;17/07/2026;04:00;17.1;10;ORAGEUX;2;11.9;0
Senlis;49.207;2.585;17/07/2026;05:00;18.1;10;ORAGEUX;2;12.2;0
Senlis;49.207;2.585;17/07/2026;06:00;18.1;10;ORAGEUX;2;13.7;0
Senlis;49.207;2.585;17/07/2026;07:00;18.1;10;ORAGEUX;2;21.2;0
Senlis;49.207;2.585;17/07/2026;08:00;21.6;2;NUAGEUX;2;17.3;0
Senlis;49.207;2.585;17/07/2026;09:00;21.6;2;NUAGEUX;2;21.2;0
Senlis;49.207;2.585;17/07/2026;10:00;21.6;2;NUAGEUX;2;22.9;0
Senlis;49.207;2.585;17/07/2026;11:00;24.9;0;SOLEIL;3;24.3;0
Senlis;49.207;2.585;17/07/2026;12:00;24.9;0;SOLEIL;3;24.5;0
Senlis;49.207;2.585;17/07/2026;13:00;24.9;0;SOLEIL;3;24.5;0
Senlis;49.207;2.585;17/07/2026;14:00;25.1;10;ORAGEUX;3;25.6;0
Senlis;49.207;2.585;17/07/2026;15:00;25.1;10;ORAGEUX;3;25.9;0
Senlis;49.207;2.585;17/07/2026;16:00;25.1;10;ORAGEUX;3;26.3;0
Senlis;49.207;2.585;17/07/2026;17:00;25.1;0;SOLEIL;4;27.7;0
Senlis;49.207;2.585;17/07/2026;18:00;25.1;0;SOLEIL;4;20.5;0
Senlis;49.207;2.585;17/07/2026;19:00;25.1;0;SOLEIL;4;18.7;0
Senlis;49.207;2.585;17/07/2026;20:00;19.7;0;SOLEIL;3;18.0;0
Senlis;49.207;2.585;17/07/2026;21:00;19.7;0;SOLEIL;3;16.2;0
Senlis;49.207;2.585;17/07/2026;22:00;19.7;0;SOLEIL;3;16.2;0
Senlis;49.207;2.585;17/07/2026;23:00;17.9;0;SOLEIL;2;15.1;0
Senlis;49.207;2.585;18/07/2026;00:00;17.9;0;SOLEIL;2;14.0;0
Senlis;49.207;2.585;18/07/2026;01:00;17.9;0;SOLEIL;2;14.4;0
Senlis;49.207;2.585;18/07/2026;02:00;15.6;0;SOLEIL;2;14.0;0
Senlis;49.207;2.585;18/07/2026;03:00;15.6;0;SOLEIL;2;14.8;0
Senlis;49.207;2.585;18/07/2026;04:00;15.6;0;SOLEIL;2;13.0;0
Senlis;49.207;2.585;18/07/2026;05:00;17.4;0;SOLEIL;2;9.0;0
Senlis;49.207;2.585;18/07/2026;06:00;17.4;0;SOLEIL;2;9.0;0
Senlis;49.207;2.585;18/07/2026;07:00;17.4;0;SOLEIL;2;7.6;0
Senlis;49.207;2.585;18/07/2026;08:00;22.5;0;SOLEIL;2;15.5;0
Senlis;49.207;2.585;18/07/2026;09:00;22.5;0;SOLEIL;2;18.0;0
Senlis;49.207;2.585;18/07/2026;10:00;22.5;0;SOLEIL;2;18.7;0
Senlis;49.207;2.585;18/07/2026;11:00;25.9;0;SOLEIL;3;24.1;0
Senlis;49.207;2.585;18/07/2026;12:00;25.9;0;SOLEIL;3;27.0;0
Senlis;49.207;2.585;18/07/2026;13:00;25.9;0;SOLEIL;3;28.4;0
Senlis;49.207;2.585;18/07/2026;14:00;26.6;0;SOLEIL;4;29.2;0
Senlis;49.207;2.585;18/07/2026;15:00;26.6;0;SOLEIL;4;31.3;0
Senlis;49.207;2.585;18/07/2026;16:00;26.6;0;SOLEIL;4;33.5;0
Senlis;49.207;2.585;18/07/2026;17:00;24.1;0;SOLEIL;4;34.9;0
Senlis;49.207;2.585;18/07/2026;18:00;24.1;0;SOLEIL;4;35.3;0
Senlis;49.207;2.585;18/07/2026;19:00;24.1;0;SOLEIL;4;34.9;0
Senlis;49.207;2.585;18/07/2026;20:00;20.2;0;SOLEIL;5;33.8;0
Senlis;49.207;2.585;18/07/2026;21:00;18.8;0;SOLEIL;5;32.0;0
Senlis;49.207;2.585;18/07/2026;22:00;17.4;0;SOLEIL;5;29.2;0
Senlis;49.207;2.585;18/07/2026;23:00;14.7;0;SOLEIL;3;25.9;0
Senlis;49.207;2.585;19/07/2026;00:00;14.7;0;SOLEIL;3;21.6;0
Senlis;49.207;2.585;19/07/2026;01:00;14.7;0;SOLEIL;3;17.3;0
Senlis;49.207;2.585;19/07/2026;02:00;13.1;0;SOLEIL;5;13.3;0
Senlis;49.207;2.585;19/07/2026;03:00;13.1;0;SOLEIL;5;11.2;0
Senlis;49.207;2.585;19/07/2026;04:00;13.1;0;SOLEIL;5;9.7;0
Senlis;49.207;2.585;19/07/2026;05:00;15.6;0;SOLEIL;3;8.6;0
Senlis;49.207;2.585;19/07/2026;06:00;15.6;0;SOLEIL;3;7.6;0
Senlis;49.207;2.585;19/07/2026;07:00;15.6;0;SOLEIL;3;6.8;0
Senlis;49.207;2.585;19/07/2026;08:00;15.9;0;SOLEIL;5;8.6;0
Senlis;49.207;2.585;19/07/2026;09:00;17.2;0;SOLEIL;5;15.1;0
Senlis;49.207;2.585;19/07/2026;10:00;18.6;0;SOLEIL;5;24.5;0
Senlis;49.207;2.585;19/07/2026;11:00;23.1;2;NUAGEUX;3;31.3;0
Senlis;49.207;2.585;19/07/2026;12:00;23.1;2;NUAGEUX;3;33.8;0
Senlis;49.207;2.585;19/07/2026;13:00;23.1;2;NUAGEUX;3;34.2;0
Senlis;49.207;2.585;19/07/2026;14:00;24.1;0;SOLEIL;5;33.8;0
Senlis;49.207;2.585;19/07/2026;15:00;25.5;0;SOLEIL;5;32.4;0
Senlis;49.207;2.585;19/07/2026;16:00;24.1;0;SOLEIL;5;30.2;0
Senlis;49.207;2.585;19/07/2026;17:00;22.7;0;SOLEIL;4;28.8;0
Senlis;49.207;2.585;19/07/2026;18:00;22.7;0;SOLEIL;4;29.2;0
Senlis;49.207;2.585;19/07/2026;19:00;22.7;0;SOLEIL;4;30.2;0
Senlis;49.207;2.585;19/07/2026;20:00;18.6;0;SOLEIL;5;30.6;0
Senlis;49.207;2.585;19/07/2026;21:00;17.2;0;SOLEIL;5;30.6;0
Senlis;49.207;2.585;19/07/2026;22:00;15.9;0;SOLEIL;5;29.9;0
Senlis;49.207;2.585;19/07/2026;23:00;13.6;0;SOLEIL;3;28.1;0
Senlis;49.207;2.585;20/07/2026;00:00;13.6;0;SOLEIL;3;23.8;0
Senlis;49.207;2.585;20/07/2026;01:00;13.6;0;SOLEIL;3;18.4;0
Senlis;49.207;2.585;20/07/2026;02:00;11.4;0;SOLEIL;5;14.0;0
Senlis;49.207;2.585;20/07/2026;03:00;11.4;0;SOLEIL;5;11.9;0
Senlis;49.207;2.585;20/07/2026;04:00;11.4;0;SOLEIL;5;11.2;0
Senlis;49.207;2.585;20/07/2026;05:00;14.2;0;SOLEIL;3;11.2;0
Senlis;49.207;2.585;20/07/2026;06:00;14.2;0;SOLEIL;3;13.1;0
Senlis;49.207;2.585;20/07/2026;07:00;14.2;0;SOLEIL;3;16.0;0
Senlis;49.207;2.585;20/07/2026;08:00;14.4;0;SOLEIL;5;18.0;0
Senlis;49.207;2.585;20/07/2026;09:00;16.0;0;SOLEIL;5;24.8;0
Senlis;49.207;2.585;20/07/2026;10:00;17.5;0;SOLEIL;5;31.7;0
Senlis;49.207;2.585;20/07/2026;11:00;22.6;0;SOLEIL;4;37.1;0
Senlis;49.207;2.585;20/07/2026;12:00;22.6;0;SOLEIL;4;39.2;0
Senlis;49.207;2.585;20/07/2026;13:00;22.6;0;SOLEIL;4;39.6;0
Senlis;49.207;2.585;20/07/2026;14:00;23.6;0;SOLEIL;5;40.0;0
Senlis;49.207;2.585;20/07/2026;15:00;25.1;0;SOLEIL;5;40.7;0
Senlis;49.207;2.585;20/07/2026;16:00;23.6;0;SOLEIL;5;41.4;0
Senlis;49.207;2.585;20/07/2026;17:00;23;0;SOLEIL;5;41.8;0
Senlis;49.207;2.585;20/07/2026;18:00;23;0;SOLEIL;5;41.8;0
Senlis;49.207;2.585;20/07/2026;19:00;23;0;SOLEIL;5;41.0;0
Senlis;49.207;2.585;20/07/2026;20:00;17.5;0;SOLEIL;5;39.2;0
Senlis;49.207;2.585;20/07/2026;21:00;16.0;0;SOLEIL;5;35.6;0
Senlis;49.207;2.585;20/07/2026;22:00;14.4;0;SOLEIL;5;30.6;0
Senlis;49.207;2.585;20/07/2026;23:00;14.1;0;SOLEIL;3;26.3;0
Senlis;49.207;2.585;21/07/2026;00:00;14.1;0;SOLEIL;3;22.7;0
Senlis;49.207;2.585;21/07/2026;01:00;14.1;0;SOLEIL;3;19.8;0
Senlis;49.207;2.585;21/07/2026;02:00;13.1;0;SOLEIL;5;17.3;0
Senlis;49.207;2.585;21/07/2026;03:00;13.1;0;SOLEIL;5;15.1;0
Senlis;49.207;2.585;21/07/2026;04:00;13.1;0;SOLEIL;5;13.7;0
Senlis;49.207;2.585;21/07/2026;05:00;15;0;SOLEIL;3;13.7;0
Senlis;49.207;2.585;21/07/2026;06:00;15;0;SOLEIL;3;15.8;0
Senlis;49.207;2.585;21/07/2026;07:00;15;0;SOLEIL;3;19.1;0
Senlis;49.207;2.585;21/07/2026;08:00;15.9;0;SOLEIL;5;22.7;0
Senlis;49.207;2.585;21/07/2026;09:00;17.3;0;SOLEIL;5;26.6;0
Senlis;49.207;2.585;21/07/2026;10:00;18.7;0;SOLEIL;5;31.0;0
Senlis;49.207;2.585;21/07/2026;11:00;22.9;0;SOLEIL;4;33.8;0
Senlis;49.207;2.585;21/07/2026;12:00;22.9;0;SOLEIL;4;34.2;0
Senlis;49.207;2.585;21/07/2026;13:00;22.9;0;SOLEIL;4;32.8;0
Senlis;49.207;2.585;21/07/2026;14:00;24.3;0;SOLEIL;5;32.4;0
Senlis;49.207;2.585;21/07/2026;15:00;25.7;0;SOLEIL;5;33.8;0
Senlis;49.207;2.585;21/07/2026;16:00;24.3;0;SOLEIL;5;35.6;0
Senlis;49.207;2.585;21/07/2026;17:00;23.9;0;SOLEIL;4;37.1;0
Senlis;49.207;2.585;21/07/2026;18:00;23.9;0;SOLEIL;4;37.8;0
Senlis;49.207;2.585;21/07/2026;19:00;23.9;0;SOLEIL;4;37.8;0
Senlis;49.207;2.585;21/07/2026;20:00;18.7;0;SOLEIL;5;36.7;0
Senlis;49.207;2.585;21/07/2026;21:00;17.3;0;SOLEIL;5;33.8;0
Senlis;49.207;2.585;21/07/2026;22:00;15.9;0;SOLEIL;5;29.9;0
Senlis;49.207;2.585;21/07/2026;23:00;15.1;0;SOLEIL;3;25.9;0
Senlis;49.207;2.585;22/07/2026;00:00;15.1;0;SOLEIL;3;22.7;0
Senlis;49.207;2.585;22/07/2026;01:00;15.1;0;SOLEIL;3;19.4;0
Senlis;49.207;2.585;22/07/2026;02:00;13.2;0;SOLEIL;5;16.9;0
Senlis;49.207;2.585;22/07/2026;03:00;13.2;0;SOLEIL;5;14.4;0
Senlis;49.207;2.585;22/07/2026;04:00;13.2;0;SOLEIL;5;12.2;0
Senlis;49.207;2.585;22/07/2026;05:00;15.6;0;SOLEIL;2;12.6;0
Senlis;49.207;2.585;22/07/2026;06:00;15.6;0;SOLEIL;2;16.9;0
Senlis;49.207;2.585;22/07/2026;07:00;15.6;0;SOLEIL;2;23.4;0
Senlis;49.207;2.585;22/07/2026;08:00;16.5;0;SOLEIL;5;28.4;0
Senlis;49.207;2.585;22/07/2026;09:00;18.2;0;SOLEIL;5;30.6;0
Senlis;49.207;2.585;22/07/2026;10:00;19.8;0;SOLEIL;5;31.7;0
Senlis;49.207;2.585;22/07/2026;11:00;26;0;SOLEIL;3;32.4;0
Senlis;49.207;2.585;22/07/2026;12:00;26;0;SOLEIL;3;32.7;0
Senlis;49.207;2.585;22/07/2026;13:00;26;0;SOLEIL;3;34.0;0
Senlis;49.207;2.585;22/07/2026;14:00;26.4;0;SOLEIL;5;35.1;0
Senlis;49.207;2.585;22/07/2026;15:00;28.1;0;SOLEIL;5;35.6;0
Senlis;49.207;2.585;22/07/2026;16:00;26.4;0;SOLEIL;5;36.0;0
Senlis;49.207;2.585;22/07/2026;17:00;25.6;0;SOLEIL;4;36.0;0
Senlis;49.207;2.585;22/07/2026;18:00;25.6;0;SOLEIL;4;35.3;0
Senlis;49.207;2.585;22/07/2026;19:00;25.6;0;SOLEIL;4;34.6;0
Senlis;49.207;2.585;22/07/2026;20:00;19.8;0;SOLEIL;5;33.5;0
Senlis;49.207;2.585;22/07/2026;21:00;18.2;0;SOLEIL;5;32.0;0
Senlis;49.207;2.585;22/07/2026;22:00;16.5;0;SOLEIL;5;30.2;0
Senlis;49.207;2.585;22/07/2026;23:00;17.5;0;SOLEIL;3;28.4;0
Senlis;49.207;2.585;23/07/2026;00:00;17.5;0;SOLEIL;3;26.3;0
Senlis;49.207;2.585;23/07/2026;01:00;17.5;0;SOLEIL;3;24.1;0
Senlis;49.207;2.585;23/07/2026;02:00;15.2;0;SOLEIL;5;22.0;0
Senlis;49.207;2.585;23/07/2026;03:00;15.2;0;SOLEIL;5;19.8;0
Senlis;49.207;2.585;23/07/2026;04:00;15.2;0;SOLEIL;5;16.9;0
Senlis;49.207;2.585;23/07/2026;05:00;17.1;0;SOLEIL;2;14.4;0
Senlis;49.207;2.585;23/07/2026;06:00;17.1;0;SOLEIL;2;11.9;0
Senlis;49.207;2.585;23/07/2026;07:00;17.1;0;SOLEIL;2;10.4;0
Senlis;49.207;2.585;23/07/2026;08:00;18.3;0;SOLEIL;5;10.1;0
Senlis;49.207;2.585;23/07/2026;09:00;19.8;0;SOLEIL;5;11.5;0
Senlis;49.207;2.585;23/07/2026;10:00;21.4;0;SOLEIL;5;14.0;0
Senlis;49.207;2.585;23/07/2026;11:00;26.6;0;SOLEIL;3;17.6;0
Senlis;49.207;2.585;23/07/2026;12:00;26.6;0;SOLEIL;3;21.2;0
Senlis;49.207;2.585;23/07/2026;13:00;26.6;0;SOLEIL;3;24.8;0
Senlis;49.207;2.585;23/07/2026;14:00;27.6;0;SOLEIL;5;27.0;0
Senlis;49.207;2.585;23/07/2026;15:00;29.1;0;SOLEIL;5;28.4;0
Senlis;49.207;2.585;23/07/2026;16:00;27.6;0;SOLEIL;5;29.2;0
Senlis;49.207;2.585;23/07/2026;17:00;26.7;0;SOLEIL;4;29.5;0
Senlis;49.207;2.585;23/07/2026;18:00;26.7;0;SOLEIL;4;29.5;0
Senlis;49.207;2.585;23/07/2026;19:00;26.7;0;SOLEIL;4;29.5;0
Senlis;49.207;2.585;23/07/2026;20:00;21.4;0;SOLEIL;5;29.5;0
Senlis;49.207;2.585;23/07/2026;21:00;19.8;0;SOLEIL;5;29.9;0
Senlis;49.207;2.585;23/07/2026;22:00;18.3;0;SOLEIL;5;30.2;0
Senlis;49.207;2.585;23/07/2026;23:00;17.6;0;SOLEIL;2;30.6;0
Senlis;49.207;2.585;24/07/2026;00:00;17.6;0;SOLEIL;2;30.6;0
Senlis;49.207;2.585;24/07/2026;01:00;17.6;0;SOLEIL;2;29.9;0
Senlis;49.207;2.585;24/07/2026;02:00;15.6;0;SOLEIL;5;28.8;0
Senlis;49.207;2.585;24/07/2026;03:00;15.6;0;SOLEIL;5;26.3;0
Senlis;49.207;2.585;24/07/2026;04:00;15.6;0;SOLEIL;5;23.0;0
Senlis;49.207;2.585;24/07/2026;05:00;17.4;0;SOLEIL;2;19.1;0
Senlis;49.207;2.585;24/07/2026;06:00;17.4;0;SOLEIL;2;15.1;0
Senlis;49.207;2.585;24/07/2026;07:00;17.4;0;SOLEIL;2;11.9;0
Senlis;49.207;2.585;24/07/2026;08:00;18.6;0;SOLEIL;5;9.7;0
Senlis;49.207;2.585;24/07/2026;09:00;20.0;0;SOLEIL;5;9.0;0
Senlis;49.207;2.585;24/07/2026;10:00;21.5;0;SOLEIL;5;9.7;0
Senlis;49.207;2.585;24/07/2026;11:00;26.4;0;SOLEIL;3;10.8;0
Senlis;49.207;2.585;24/07/2026;12:00;26.4;0;SOLEIL;3;12.2;0
Senlis;49.207;2.585;24/07/2026;13:00;26.4;0;SOLEIL;3;13.7;0
Senlis;49.207;2.585;24/07/2026;14:00;27.4;0;SOLEIL;5;14.8;0
Senlis;49.207;2.585;24/07/2026;15:00;28.9;0;SOLEIL;5;15.5;0
Senlis;49.207;2.585;24/07/2026;16:00;27.4;0;SOLEIL;5;16.2;0
Senlis;49.207;2.585;24/07/2026;17:00;26.6;0;SOLEIL;4;17.3;0
Senlis;49.207;2.585;24/07/2026;18:00;26.6;0;SOLEIL;4;18.0;0
Senlis;49.207;2.585;24/07/2026;19:00;26.6;0;SOLEIL;4;19.1;0
Senlis;49.207;2.585;24/07/2026;20:00;21.5;0;SOLEIL;5;20.5;0
Senlis;49.207;2.585;24/07/2026;21:00;20.0;0;SOLEIL;5;22.7;0
Senlis;49.207;2.585;24/07/2026;22:00;18.6;0;SOLEIL;5;25.2;0
Senlis;49.207;2.585;24/07/2026;23:00;18.1;0;SOLEIL;3;28.1;0
Senlis;49.207;2.585;25/07/2026;00:00;18.1;0;SOLEIL;3;30.6;0
Senlis;49.207;2.585;25/07/2026;01:00;18.1;0;SOLEIL;3;32.8;0
Senlis;49.207;2.585;25/07/2026;02:00;16;0;SOLEIL;5;33.5;0
Senlis;49.207;2.585;25/07/2026;03:00;16;0;SOLEIL;5;32.8;0
Senlis;49.207;2.585;25/07/2026;04:00;16;0;SOLEIL;5;30.6;0
Senlis;49.207;2.585;25/07/2026;05:00;;0;SOLEIL;;27.7;0
Senlis;49.207;2.585;25/07/2026;06:00;;0;SOLEIL;;24.8;0
Senlis;49.207;2.585;25/07/2026;07:00;;0;SOLEIL;;22.7;0
Senlis;49.207;2.585;25/07/2026;08:00;18.3;0;SOLEIL;5;22.3;0
Senlis;49.207;2.585;25/07/2026;09:00;19.5;0;SOLEIL;5;23.8;0
Senlis;49.207;2.585;25/07/2026;10:00;20.7;0;SOLEIL;5;26.6;0
Senlis;49.207;2.585;25/07/2026;11:00;;0;SOLEIL;;29.9;0
Senlis;49.207;2.585;25/07/2026;12:00;;0;SOLEIL;;33.8;0
Senlis;49.207;2.585;25/07/2026;13:00;;0;SOLEIL;;37.4;0
Senlis;49.207;2.585;25/07/2026;14:00;25.3;0;SOLEIL;5;40.0;0
Senlis;49.207;2.585;25/07/2026;15:00;26.5;0;SOLEIL;5;41.8;0
Senlis;49.207;2.585;25/07/2026;16:00;25.3;0;SOLEIL;5;43.2;0
Senlis;49.207;2.585;25/07/2026;17:00;;0;SOLEIL;;44.6;0
Senlis;49.207;2.585;25/07/2026;18:00;;0;SOLEIL;;45.4;0
Senlis;49.207;2.585;25/07/2026;19:00;;0;SOLEIL;;46.1;0
Senlis;49.207;2.585;25/07/2026;20:00;20.7;0;SOLEIL;5;46.1;0
Senlis;49.207;2.585;25/07/2026;21:00;19.5;0;SOLEIL;5;45.7;0
Senlis;49.207;2.585;25/07/2026;22:00;18.3;0;SOLEIL;5;45.0;0
Senlis;49.207;2.585;25/07/2026;23:00;;0;SOLEIL;;43.6;0
Senlis;49.207;2.585;26/07/2026;00:00;;0;SOLEIL;;42.1;0
Senlis;49.207;2.585;26/07/2026;01:00;;0;SOLEIL;;40.7;0
Senlis;49.207;2.585;26/07/2026;02:00;14.6;0;SOLEIL;5;38.9;0
Senlis;49.207;2.585;26/07/2026;03:00;14.6;0;SOLEIL;5;36.7;0
Senlis;49.207;2.585;26/07/2026;04:00;14.6;0;SOLEIL;5;33.8;0
Senlis;49.207;2.585;26/07/2026;05:00;;0;SOLEIL;;30.6;0
Senlis;49.207;2.585;26/07/2026;06:00;;0;SOLEIL;;27.7;0
Senlis;49.207;2.585;26/07/2026;07:00;;0;SOLEIL;;25.9;0
Senlis;49.207;2.585;26/07/2026;08:00;17.0;0;SOLEIL;5;25.2;0
Senlis;49.207;2.585;26/07/2026;09:00;18.2;0;SOLEIL;5;26.3;0
Senlis;49.207;2.585;26/07/2026;10:00;19.4;0;SOLEIL;5;28.8;0
Senlis;49.207;2.585;26/07/2026;11:00;;0;SOLEIL;;32.4;0
Senlis;49.207;2.585;26/07/2026;12:00;;0;SOLEIL;;36.0;0
Senlis;49.207;2.585;26/07/2026;13:00;;0;SOLEIL;;39.2;0
Senlis;49.207;2.585;26/07/2026;14:00;24.3;0;SOLEIL;5;41.4;0
Senlis;49.207;2.585;26/07/2026;15:00;25.5;0;SOLEIL;5;42.5;0
Senlis;49.207;2.585;26/07/2026;16:00;24.3;0;SOLEIL;5;43.2;0
Senlis;49.207;2.585;26/07/2026;17:00;;0;SOLEIL;;43.2;0
Senlis;49.207;2.585;26/07/2026;18:00;;0;SOLEIL;;43.2;0
Senlis;49.207;2.585;26/07/2026;19:00;;0;SOLEIL;;42.8;0
Senlis;49.207;2.585;26/07/2026;20:00;19.4;0;SOLEIL;5;42.1;0
Senlis;49.207;2.585;26/07/2026;21:00;18.2;0;SOLEIL;5;41.4;0
Senlis;49.207;2.585;26/07/2026;22:00;17.0;0;SOLEIL;5;40.0;0
Senlis;49.207;2.585;26/07/2026;23:00;;6;AVERSES;;38.9;0
Senlis;49.207;2.585;27/07/2026;00:00;;6;AVERSES;;37.1;0
Senlis;49.207;2.585;27/07/2026;01:00;;6;AVERSES;;35.3;0
Senlis;49.207;2.585;27/07/2026;02:00;14.9;6;AVERSES;5;33.1;0
Senlis;49.207;2.585;27/07/2026;03:00;14.9;6;AVERSES;5;30.2;0
Senlis;49.207;2.585;27/07/2026;04:00;14.9;6;AVERSES;5;26.6;0
Senlis;49.207;2.585;27/07/2026;05:00;;6;AVERSES;;23.0;0
Senlis;49.207;2.585;27/07/2026;06:00;;6;AVERSES;;19.4;0
Senlis;49.207;2.585;27/07/2026;07:00;;6;AVERSES;;16.9;0
Senlis;49.207;2.585;27/07/2026;08:00;17.2;6;AVERSES;5;16.2;0
Senlis;49.207;2.585;27/07/2026;09:00;18.3;6;AVERSES;5;17.3;0
Senlis;49.207;2.585;27/07/2026;10:00;19.4;6;AVERSES;5;20.2;0
Senlis;49.207;2.585;27/07/2026;11:00;;6;AVERSES;;24.1;0
Senlis;49.207;2.585;27/07/2026;12:00;;6;AVERSES;;28.1;0
Senlis;49.207;2.585;27/07/2026;13:00;;6;AVERSES;;31.7;0
Senlis;49.207;2.585;27/07/2026;14:00;24.0;6;AVERSES;5;34.2;0
Senlis;49.207;2.585;27/07/2026;15:00;25.1;6;AVERSES;5;35.6;0
Senlis;49.207;2.585;27/07/2026;16:00;24.0;6;AVERSES;5;36.4;0
Senlis;49.207;2.585;27/07/2026;17:00;;6;AVERSES;;36.7;0
Senlis;49.207;2.585;27/07/2026;18:00;;6;AVERSES;;36.7;0
Senlis;49.207;2.585;27/07/2026;19:00;;6;AVERSES;;36.7;0
Senlis;49.207;2.585;27/07/2026;20:00;19.4;6;AVERSES;5;36.7;0
Senlis;49.207;2.585;27/07/2026;21:00;18.3;6;AVERSES;5;36.7;0
Senlis;49.207;2.585;27/07/2026;22:00;17.2;6;AVERSES;5;36.4;0
Senlis;49.207;2.585;27/07/2026;23:00;;6;AVERSES;;36.4;0
Senlis;49.207;2.585;28/07/2026;00:00;;6;AVERSES;;35.6;0
Senlis;49.207;2.585;28/07/2026;01:00;;6;AVERSES;;34.9;0
Senlis;49.207;2.585;28/07/2026;02:00;14.6;6;AVERSES;5;33.8;0
Senlis;49.207;2.585;28/07/2026;03:00;14.6;6;AVERSES;5;32.0;0
Senlis;49.207;2.585;28/07/2026;04:00;14.6;6;AVERSES;5;29.5;0
Senlis;49.207;2.585;28/07/2026;05:00;;6;AVERSES;;26.6;0
Senlis;49.207;2.585;28/07/2026;06:00;;6;AVERSES;;24.1;0
Senlis;49.207;2.585;28/07/2026;07:00;;6;AVERSES;;22.3;0
Senlis;49.207;2.585;28/07/2026;08:00;17.0;6;AVERSES;5;21.6;0
Senlis;49.207;2.585;28/07/2026;09:00;18.2;6;AVERSES;5;22.3;0
Senlis;49.207;2.585;28/07/2026;10:00;19.4;6;AVERSES;5;24.5;0
Senlis;49.207;2.585;28/07/2026;11:00;;6;AVERSES;;27.0;0
Senlis;49.207;2.585;28/07/2026;12:00;;6;AVERSES;;29.9;0
Senlis;49.207;2.585;28/07/2026;13:00;;6;AVERSES;;32.4;0
Senlis;49.207;2.585;28/07/2026;14:00;24.2;6;AVERSES;5;34.2;0
Senlis;49.207;2.585;28/07/2026;15:00;25.4;6;AVERSES;5;35.3;0
Senlis;49.207;2.585;28/07/2026;16:00;24.2;6;AVERSES;5;36.0;0
Senlis;49.207;2.585;28/07/2026;17:00;;6;AVERSES;;36.4;0
Senlis;49.207;2.585;28/07/2026;18:00;;6;AVERSES;;36.0;0
Senlis;49.207;2.585;28/07/2026;19:00;;6;AVERSES;;35.6;0
Senlis;49.207;2.585;28/07/2026;20:00;19.4;6;AVERSES;5;34.6;0
Senlis;49.207;2.585;28/07/2026;21:00;18.2;6;AVERSES;5;32.8;0
Senlis;49.207;2.585;28/07/2026;22:00;17.0;6;AVERSES;5;29.9;0
Senlis;49.207;2.585;28/07/2026;23:00;;6;AVERSES;;26.3;0
Senlis;49.207;2.585;29/07/2026;00:00;;6;AVERSES;;23.0;0
Senlis;49.207;2.585;29/07/2026;01:00;;6;AVERSES;;20.2;0
Senlis;49.207;2.585;29/07/2026;02:00;14.6;6;AVERSES;5;18.0;0
Senlis;49.207;2.585;29/07/2026;03:00;14.6;6;AVERSES;5;16.6;0
Senlis;49.207;2.585;29/07/2026;04:00;14.6;6;AVERSES;5;15.1;0
Senlis;49.207;2.585;29/07/2026;05:00;;6;AVERSES;;14.4;0
Senlis;49.207;2.585;29/07/2026;06:00;;6;AVERSES;;14.0;0
Senlis;49.207;2.585;29/07/2026;07:00;;6;AVERSES;;14.4;0
Senlis;49.207;2.585;29/07/2026;08:00;17.3;6;AVERSES;5;15.8;0
Senlis;49.207;2.585;29/07/2026;09:00;18.6;6;AVERSES;5;18.4;0
Senlis;49.207;2.585;29/07/2026;10:00;19.9;6;AVERSES;5;22.3;0
Senlis;49.207;2.585;29/07/2026;11:00;;6;AVERSES;;27.0;0
Senlis;49.207;2.585;29/07/2026;12:00;;6;AVERSES;;31.7;0
Senlis;49.207;2.585;29/07/2026;13:00;;6;AVERSES;;36.0;0
Senlis;49.207;2.585;29/07/2026;14:00;25.3;6;AVERSES;5;38.9;0
Senlis;49.207;2.585;29/07/2026;15:00;26.6;6;AVERSES;5;40.7;0
Senlis;49.207;2.585;29/07/2026;16:00;25.3;6;AVERSES;5;41.8;0
Senlis;49.207;2.585;29/07/2026;17:00;;6;AVERSES;;42.1;0
Senlis;49.207;2.585;29/07/2026;18:00;;6;AVERSES;;42.1;0
Senlis;49.207;2.585;29/07/2026;19:00;;6;AVERSES;;41.4;0
Senlis;49.207;2.585;29/07/2026;20:00;19.9;6;AVERSES;5;40.7;0
Senlis;49.207;2.585;29/07/2026;21:00;18.6;6;AVERSES;5;39.2;0
Senlis;49.207;2.585;29/07/2026;22:00;17.3;6;AVERSES;5;37.1;0
Senlis;49.207;2.585;29/07/2026;23:00;15.9;6;AVERSES;5;34.2;0
Senlis;49.207;2.585;30/07/2026;00:00;12;0;SOLEIL;5;24.4;0
Senlis;49.207;2.585;30/07/2026;01:00;12;0;SOLEIL;5;16.0;0
Senlis;49.207;2.585;30/07/2026;02:00;12;0;SOLEIL;5;9.4;0
Senlis;49.207;2.585;30/07/2026;03:00;12;0;SOLEIL;5;3.2;0
Senlis;49.207;2.585;30/07/2026;04:00;12;0;SOLEIL;5;4.0;0
Senlis;49.207;2.585;30/07/2026;05:00;12;0;SOLEIL;5;5.0;0
Senlis;49.207;2.585;30/07/2026;06:00;12;0;SOLEIL;5;7.9;0
Senlis;49.207;2.585;30/07/2026;07:00;13.1;0;SOLEIL;5;11.9;0
Senlis;49.207;2.585;30/07/2026;08:00;14.2;0;SOLEIL;5;14.8;0
Senlis;49.207;2.585;30/07/2026;09:00;15.3;0;SOLEIL;5;15.5;0
Senlis;49.207;2.585;30/07/2026;10:00;16.4;0;SOLEIL;5;15.5;0
Senlis;49.207;2.585;30/07/2026;11:00;17.6;0;SOLEIL;5;15.5;0
Senlis;49.207;2.585;30/07/2026;12:00;18.7;0;SOLEIL;5;15.5;0
Senlis;49.207;2.585;30/07/2026;13:00;19.8;0;SOLEIL;5;15.5;0
Senlis;49.207;2.585;30/07/2026;14:00;20.9;0;SOLEIL;5;16.6;0
Senlis;49.207;2.585;30/07/2026;15:00;22.0;0;SOLEIL;5;19.8;0
Senlis;49.207;2.585;30/07/2026;16:00;20.9;0;SOLEIL;5;23.8;0
Senlis;49.207;2.585;30/07/2026;17:00;19.8;0;SOLEIL;5;26.6;0
Senlis;49.207;2.585;30/07/2026;18:00;18.7;0;SOLEIL;5;26.3;0
Senlis;49.207;2.585;30/07/2026;19:00;17.6;0;SOLEIL;5;24.8;0
Senlis;49.207;2.585;30/07/2026;20:00;16.4;0;SOLEIL;5;25.2;0
Senlis;49.207;2.585;30/07/2026;21:00;15.3;0;SOLEIL;5;31.0;0
Senlis;49.207;2.585;30/07/2026;22:00;14.2;0;SOLEIL;5;38.9;0
Senlis;49.207;2.585;30/07/2026;23:00;13.1;0;SOLEIL;5;41.4;0
Senlis;49.207;2.585;31/07/2026;00:00;12;0;SOLEIL;5;0.0;0
Senlis;49.207;2.585;31/07/2026;01:00;12;0;SOLEIL;5;0.0;0
Senlis;49.207;2.585;31/07/2026;02:00;12;0;SOLEIL;5;0.0;0
Senlis;49.207;2.585;31/07/2026;03:00;12;0;SOLEIL;5;0.0;0
Senlis;49.207;2.585;31/07/2026;04:00;12;0;SOLEIL;5;0.0;0
Senlis;49.207;2.585;31/07/2026;05:00;12;0;SOLEIL;5;0.0;0
Senlis;49.207;2.585;31/07/2026;06:00;12;0;SOLEIL;5;0.0;0
Senlis;49.207;2.585;31/07/2026;07:00;13.1;0;SOLEIL;5;0.0;0
Senlis;49.207;2.585;31/07/2026;08:00;14.2;0;SOLEIL;5;0.0;0
Senlis;49.207;2.585;31/07/2026;09:00;15.3;0;SOLEIL;5;0.0;0
Senlis;49.207;2.585;31/07/2026;10:00;16.4;0;SOLEIL;5;0.0;0
Senlis;49.207;2.585;31/07/2026;11:00;17.6;0;SOLEIL;5;0.0;0
Senlis;49.207;2.585;31/07/2026;12:00;18.7;0;SOLEIL;5;0.0;0
Senlis;49.207;2.585;31/07/2026;13:00;19.8;0;SOLEIL;5;0.0;0
Senlis;49.207;2.585;31/07/2026;14:00;20.9;0;SOLEIL;5;0.0;0
Senlis;49.207;2.585;31/07/2026;15:00;22.0;0;SOLEIL;5;0.0;0
Senlis;49.207;2.585;31/07/2026;16:00;20.9;0;SOLEIL;5;0.0;0
Senlis;49.207;2.585;31/07/2026;17:00;19.8;0;SOLEIL;5;0.0;0
Senlis;49.207;2.585;31/07/2026;18:00;18.7;0;SOLEIL;5;0.0;0
Senlis;49.207;2.585;31/07/2026;19:00;17.6;0;SOLEIL;5;0.0;0
Senlis;49.207;2.585;31/07/2026;20:00;16.4;0;SOLEIL;5;0.0;0
Senlis;49.207;2.585;31/07/2026;21:00;15.3;0;SOLEIL;5;0.0;0
Senlis;49.207;2.585;31/07/2026;22:00;14.2;0;SOLEIL;5;0.0;0
Senlis;49.207;2.585;31/07/2026;23:00;13.1;0;SOLEIL;5;0.0;0
Feuquières;49.64;1.85;16/07/2026;00:00;18.5;0;SOLEIL;4;23.8;0
Feuquières;49.64;1.85;16/07/2026;01:00;17.9;0;SOLEIL;4;22.3;0
Feuquières;49.64;1.85;16/07/2026;02:00;17.2;0;SOLEIL;4;20.5;0
Feuquières;49.64;1.85;16/07/2026;03:00;17.1;0;SOLEIL;4;16.9;0
Feuquières;49.64;1.85;16/07/2026;04:00;17;0;SOLEIL;4;15.8;0
Feuquières;49.64;1.85;16/07/2026;05:00;17.4;0;SOLEIL;4;14.0;0
Feuquières;49.64;1.85;16/07/2026;06:00;19.6;0;SOLEIL;4;12.2;0
Feuquières;49.64;1.85;16/07/2026;07:00;22;0;SOLEIL;4;11.5;0
Feuquières;49.64;1.85;16/07/2026;08:00;23.9;0;SOLEIL;4;16.2;0
Feuquières;49.64;1.85;16/07/2026;09:00;25.7;0;SOLEIL;4;20.2;0
Feuquières;49.64;1.85;16/07/2026;10:00;27.9;0;SOLEIL;5;24.5;0
Feuquières;49.64;1.85;16/07/2026;11:00;29.2;0;SOLEIL;4;28.1;0
Feuquières;49.64;1.85;16/07/2026;12:00;29.7;2;NUAGEUX;4;32.0;0
Feuquières;49.64;1.85;16/07/2026;13:00;29.6;2;NUAGEUX;4;32.4;0
Feuquières;49.64;1.85;16/07/2026;14:00;28.4;2;NUAGEUX;4;30.2;0
Feuquières;49.64;1.85;16/07/2026;15:00;27.9;2;NUAGEUX;4;26.6;0
Feuquières;49.64;1.85;16/07/2026;16:00;26.4;10;ORAGEUX;5;24.5;1.8
Feuquières;49.64;1.85;16/07/2026;17:00;24.1;10;ORAGEUX;5;23.8;0.2
Feuquières;49.64;1.85;16/07/2026;18:00;24.1;2;NUAGEUX;4;23.8;0
Feuquières;49.64;1.85;16/07/2026;19:00;23.1;2;NUAGEUX;6;26.6;0
Feuquières;49.64;1.85;16/07/2026;20:00;21.2;2;NUAGEUX;5;38.5;0
Feuquières;49.64;1.85;16/07/2026;21:00;19.6;2;NUAGEUX;5;40.0;0
Feuquières;49.64;1.85;16/07/2026;22:00;18.1;2;NUAGEUX;5;37.8;0
Feuquières;49.64;1.85;16/07/2026;23:00;17.4;2;NUAGEUX;4;30.6;0
Feuquières;49.64;1.85;17/07/2026;00:00;16.6;2;NUAGEUX;4;29.9;0
Feuquières;49.64;1.85;17/07/2026;01:00;16.6;2;NUAGEUX;4;25.9;0
Feuquières;49.64;1.85;17/07/2026;02:00;16.4;2;NUAGEUX;3;20.5;0
Feuquières;49.64;1.85;17/07/2026;03:00;16.4;2;NUAGEUX;3;19.8;0
Feuquières;49.64;1.85;17/07/2026;04:00;16.4;2;NUAGEUX;3;18.4;0
Feuquières;49.64;1.85;17/07/2026;05:00;17.1;5;SOLEIL VOILÉ;3;18.4;0
Feuquières;49.64;1.85;17/07/2026;06:00;17.1;5;SOLEIL VOILÉ;3;18.7;0
Feuquières;49.64;1.85;17/07/2026;07:00;17.1;5;SOLEIL VOILÉ;3;19.1;0
Feuquières;49.64;1.85;17/07/2026;08:00;20.6;0;SOLEIL;3;21.6;0
Feuquières;49.64;1.85;17/07/2026;09:00;20.6;0;SOLEIL;3;25.4;0
Feuquières;49.64;1.85;17/07/2026;10:00;20.6;0;SOLEIL;3;25.6;0
Feuquières;49.64;1.85;17/07/2026;11:00;24;0;SOLEIL;4;21.1;0
Feuquières;49.64;1.85;17/07/2026;12:00;24;0;SOLEIL;4;20.9;0
Feuquières;49.64;1.85;17/07/2026;13:00;24;0;SOLEIL;4;20.9;0
Feuquières;49.64;1.85;17/07/2026;14:00;24.9;0;SOLEIL;5;20.2;0
Feuquières;49.64;1.85;17/07/2026;15:00;24.9;0;SOLEIL;5;20.9;0
Feuquières;49.64;1.85;17/07/2026;16:00;24.9;0;SOLEIL;5;20.2;0
Feuquières;49.64;1.85;17/07/2026;17:00;23.4;0;SOLEIL;5;31.7;0
Feuquières;49.64;1.85;17/07/2026;18:00;23.4;0;SOLEIL;5;34.9;0
Feuquières;49.64;1.85;17/07/2026;19:00;23.4;0;SOLEIL;5;36.7;0
Feuquières;49.64;1.85;17/07/2026;20:00;17.2;0;SOLEIL;4;37.1;0
Feuquières;49.64;1.85;17/07/2026;21:00;17.2;0;SOLEIL;4;34.6;0
Feuquières;49.64;1.85;17/07/2026;22:00;17.2;0;SOLEIL;4;28.8;0
Feuquières;49.64;1.85;17/07/2026;23:00;15.2;0;SOLEIL;3;22.3;0
Feuquières;49.64;1.85;18/07/2026;00:00;15.2;0;SOLEIL;3;18.7;0
Feuquières;49.64;1.85;18/07/2026;01:00;15.2;0;SOLEIL;3;17.3;0
Feuquières;49.64;1.85;18/07/2026;02:00;14.6;0;SOLEIL;2;10.8;0
Feuquières;49.64;1.85;18/07/2026;03:00;14.6;0;SOLEIL;2;7.2;0
Feuquières;49.64;1.85;18/07/2026;04:00;14.6;0;SOLEIL;2;5.0;0
Feuquières;49.64;1.85;18/07/2026;05:00;16.5;0;SOLEIL;3;4.3;0
Feuquières;49.64;1.85;18/07/2026;06:00;16.5;0;SOLEIL;3;5.4;0
Feuquières;49.64;1.85;18/07/2026;07:00;16.5;0;SOLEIL;3;6.8;0
Feuquières;49.64;1.85;18/07/2026;08:00;20.6;0;SOLEIL;3;7.2;0
Feuquières;49.64;1.85;18/07/2026;09:00;20.6;0;SOLEIL;3;12.2;0
Feuquières;49.64;1.85;18/07/2026;10:00;20.6;0;SOLEIL;3;21.2;0
Feuquières;49.64;1.85;18/07/2026;11:00;23.7;0;SOLEIL;4;21.2;0
Feuquières;49.64;1.85;18/07/2026;12:00;23.7;0;SOLEIL;4;26.3;0
Feuquières;49.64;1.85;18/07/2026;13:00;23.7;0;SOLEIL;4;32.4;0
Feuquières;49.64;1.85;18/07/2026;14:00;23.9;0;SOLEIL;5;33.8;0
Feuquières;49.64;1.85;18/07/2026;15:00;23.9;0;SOLEIL;5;35.6;0
Feuquières;49.64;1.85;18/07/2026;16:00;23.9;0;SOLEIL;5;36.4;0
Feuquières;49.64;1.85;18/07/2026;17:00;21.4;0;SOLEIL;5;36.7;0
Feuquières;49.64;1.85;18/07/2026;18:00;21.4;0;SOLEIL;5;36.7;0
Feuquières;49.64;1.85;18/07/2026;19:00;21.4;0;SOLEIL;5;36.0;0
Feuquières;49.64;1.85;18/07/2026;20:00;18.5;0;SOLEIL;5;34.6;0
Feuquières;49.64;1.85;18/07/2026;21:00;17.3;0;SOLEIL;5;32.0;0
Feuquières;49.64;1.85;18/07/2026;22:00;16.0;0;SOLEIL;5;28.4;0
Feuquières;49.64;1.85;18/07/2026;23:00;13.1;0;SOLEIL;3;24.8;0
Feuquières;49.64;1.85;19/07/2026;00:00;13.1;0;SOLEIL;3;20.5;0
Feuquières;49.64;1.85;19/07/2026;01:00;13.1;0;SOLEIL;3;15.8;0
Feuquières;49.64;1.85;19/07/2026;02:00;11.9;0;SOLEIL;5;12.2;0
Feuquières;49.64;1.85;19/07/2026;03:00;11.9;0;SOLEIL;5;10.1;0
Feuquières;49.64;1.85;19/07/2026;04:00;11.9;0;SOLEIL;5;8.6;0
Feuquières;49.64;1.85;19/07/2026;05:00;14.6;0;SOLEIL;3;8.6;0
Feuquières;49.64;1.85;19/07/2026;06:00;14.6;0;SOLEIL;3;9.4;0
Feuquières;49.64;1.85;19/07/2026;07:00;14.6;0;SOLEIL;3;11.2;0
Feuquières;49.64;1.85;19/07/2026;08:00;14.4;0;SOLEIL;5;14.4;0
Feuquières;49.64;1.85;19/07/2026;09:00;15.7;0;SOLEIL;5;20.2;0
Feuquières;49.64;1.85;19/07/2026;10:00;16.9;0;SOLEIL;5;27.7;0
Feuquières;49.64;1.85;19/07/2026;11:00;21.9;0;SOLEIL;4;32.8;0
Feuquières;49.64;1.85;19/07/2026;12:00;21.9;0;SOLEIL;4;33.8;0
Feuquières;49.64;1.85;19/07/2026;13:00;21.9;0;SOLEIL;4;33.1;0
Feuquières;49.64;1.85;19/07/2026;14:00;21.9;0;SOLEIL;5;32.4;0
Feuquières;49.64;1.85;19/07/2026;15:00;23.2;0;SOLEIL;5;33.1;0
Feuquières;49.64;1.85;19/07/2026;16:00;21.9;0;SOLEIL;5;34.6;0
Feuquières;49.64;1.85;19/07/2026;17:00;20.2;0;SOLEIL;6;35.6;0
Feuquières;49.64;1.85;19/07/2026;18:00;20.2;0;SOLEIL;6;36.7;0
Feuquières;49.64;1.85;19/07/2026;19:00;20.2;0;SOLEIL;6;37.4;0
Feuquières;49.64;1.85;19/07/2026;20:00;16.9;0;SOLEIL;5;37.1;0
Feuquières;49.64;1.85;19/07/2026;21:00;15.7;0;SOLEIL;5;34.6;0
Feuquières;49.64;1.85;19/07/2026;22:00;14.4;0;SOLEIL;5;30.2;0
Feuquières;49.64;1.85;19/07/2026;23:00;11.9;0;SOLEIL;3;26.3;0
Feuquières;49.64;1.85;20/07/2026;00:00;11.9;0;SOLEIL;3;22.3;0
Feuquières;49.64;1.85;20/07/2026;01:00;11.9;0;SOLEIL;3;18.0;0
Feuquières;49.64;1.85;20/07/2026;02:00;10.1;0;SOLEIL;5;14.8;0
Feuquières;49.64;1.85;20/07/2026;03:00;10.1;0;SOLEIL;5;12.6;0
Feuquières;49.64;1.85;20/07/2026;04:00;10.1;0;SOLEIL;5;11.5;0
Feuquières;49.64;1.85;20/07/2026;05:00;13.4;0;SOLEIL;3;11.5;0
Feuquières;49.64;1.85;20/07/2026;06:00;13.4;0;SOLEIL;3;13.6;0
Feuquières;49.64;1.85;20/07/2026;07:00;13.4;0;SOLEIL;3;16.4;0
Feuquières;49.64;1.85;20/07/2026;08:00;13.0;0;SOLEIL;5;18.5;0
Feuquières;49.64;1.85;20/07/2026;09:00;14.4;0;SOLEIL;5;23.4;0
Feuquières;49.64;1.85;20/07/2026;10:00;15.9;0;SOLEIL;5;29.9;0
Feuquières;49.64;1.85;20/07/2026;11:00;21.6;0;SOLEIL;4;34.9;0
Feuquières;49.64;1.85;20/07/2026;12:00;21.6;0;SOLEIL;4;36.7;0
Feuquières;49.64;1.85;20/07/2026;13:00;21.6;0;SOLEIL;4;37.1;0
Feuquières;49.64;1.85;20/07/2026;14:00;21.7;0;SOLEIL;5;37.4;0
Feuquières;49.64;1.85;20/07/2026;15:00;23.1;0;SOLEIL;5;38.5;0
Feuquières;49.64;1.85;20/07/2026;16:00;21.7;0;SOLEIL;5;39.6;0
Feuquières;49.64;1.85;20/07/2026;17:00;20.9;0;SOLEIL;6;40.7;0
Feuquières;49.64;1.85;20/07/2026;18:00;20.9;0;SOLEIL;6;41.8;0
Feuquières;49.64;1.85;20/07/2026;19:00;20.9;0;SOLEIL;6;42.5;0
Feuquières;49.64;1.85;20/07/2026;20:00;15.9;0;SOLEIL;5;41.8;0
Feuquières;49.64;1.85;20/07/2026;21:00;14.4;0;SOLEIL;5;38.2;0
Feuquières;49.64;1.85;20/07/2026;22:00;13.0;0;SOLEIL;5;32.8;0
Feuquières;49.64;1.85;20/07/2026;23:00;12.5;0;SOLEIL;3;27.7;0
Feuquières;49.64;1.85;21/07/2026;00:00;12.5;0;SOLEIL;3;24.1;0
Feuquières;49.64;1.85;21/07/2026;01:00;12.5;0;SOLEIL;3;20.9;0
Feuquières;49.64;1.85;21/07/2026;02:00;11.5;0;SOLEIL;5;18.4;0
Feuquières;49.64;1.85;21/07/2026;03:00;11.5;0;SOLEIL;5;15.8;0
Feuquières;49.64;1.85;21/07/2026;04:00;11.5;0;SOLEIL;5;14.0;0
Feuquières;49.64;1.85;21/07/2026;05:00;14.1;0;SOLEIL;3;13.0;0
Feuquières;49.64;1.85;21/07/2026;06:00;14.1;0;SOLEIL;3;13.3;0
Feuquières;49.64;1.85;21/07/2026;07:00;14.1;0;SOLEIL;3;15.1;0
Feuquières;49.64;1.85;21/07/2026;08:00;14.3;0;SOLEIL;5;17.6;0
Feuquières;49.64;1.85;21/07/2026;09:00;15.7;0;SOLEIL;5;22.3;0
Feuquières;49.64;1.85;21/07/2026;10:00;17.1;0;SOLEIL;5;28.1;0
Feuquières;49.64;1.85;21/07/2026;11:00;22.1;0;SOLEIL;4;32.4;0
Feuquières;49.64;1.85;21/07/2026;12:00;22.1;0;SOLEIL;4;33.5;0
Feuquières;49.64;1.85;21/07/2026;13:00;22.1;0;SOLEIL;4;32.8;0
Feuquières;49.64;1.85;21/07/2026;14:00;22.7;0;SOLEIL;5;32.8;0
Feuquières;49.64;1.85;21/07/2026;15:00;24.1;0;SOLEIL;5;34.2;0
Feuquières;49.64;1.85;21/07/2026;16:00;22.7;0;SOLEIL;5;36.0;0
Feuquières;49.64;1.85;21/07/2026;17:00;22;0;SOLEIL;5;37.4;0
Feuquières;49.64;1.85;21/07/2026;18:00;22;0;SOLEIL;5;38.2;0
Feuquières;49.64;1.85;21/07/2026;19:00;22;0;SOLEIL;5;38.5;0
Feuquières;49.64;1.85;21/07/2026;20:00;17.1;0;SOLEIL;5;37.8;0
Feuquières;49.64;1.85;21/07/2026;21:00;15.7;0;SOLEIL;5;34.9;0
Feuquières;49.64;1.85;21/07/2026;22:00;14.3;0;SOLEIL;5;30.6;0
Feuquières;49.64;1.85;21/07/2026;23:00;13.5;0;SOLEIL;3;27.0;0
Feuquières;49.64;1.85;22/07/2026;00:00;13.5;0;SOLEIL;3;24.1;0
Feuquières;49.64;1.85;22/07/2026;01:00;13.5;0;SOLEIL;3;22.0;0
Feuquières;49.64;1.85;22/07/2026;02:00;11.9;0;SOLEIL;5;19.4;0
Feuquières;49.64;1.85;22/07/2026;03:00;11.9;0;SOLEIL;5;16.2;0
Feuquières;49.64;1.85;22/07/2026;04:00;11.9;0;SOLEIL;5;13.3;0
Feuquières;49.64;1.85;22/07/2026;05:00;15.1;0;SOLEIL;2;12.2;0
Feuquières;49.64;1.85;22/07/2026;06:00;15.1;0;SOLEIL;2;14.4;0
Feuquières;49.64;1.85;22/07/2026;07:00;15.1;0;SOLEIL;2;18.4;0
Feuquières;49.64;1.85;22/07/2026;08:00;15.1;0;SOLEIL;5;22.3;0
Feuquières;49.64;1.85;22/07/2026;09:00;16.6;0;SOLEIL;5;25.9;0
Feuquières;49.64;1.85;22/07/2026;10:00;18.2;0;SOLEIL;5;29.2;0
Feuquières;49.64;1.85;22/07/2026;11:00;24.5;0;SOLEIL;4;32.0;0
Feuquières;49.64;1.85;22/07/2026;12:00;24.5;0;SOLEIL;4;31.9;0
Feuquières;49.64;1.85;22/07/2026;13:00;24.5;0;SOLEIL;4;31.7;0
Feuquières;49.64;1.85;22/07/2026;14:00;24.5;0;SOLEIL;5;31.6;0
Feuquières;49.64;1.85;22/07/2026;15:00;26.1;0;SOLEIL;5;31.3;0
Feuquières;49.64;1.85;22/07/2026;16:00;24.5;0;SOLEIL;5;31.7;0
Feuquières;49.64;1.85;22/07/2026;17:00;23.6;0;SOLEIL;4;32.0;0
Feuquières;49.64;1.85;22/07/2026;18:00;23.6;0;SOLEIL;4;32.0;0
Feuquières;49.64;1.85;22/07/2026;19:00;23.6;0;SOLEIL;4;32.0;0
Feuquières;49.64;1.85;22/07/2026;20:00;18.2;0;SOLEIL;5;31.7;0
Feuquières;49.64;1.85;22/07/2026;21:00;16.6;0;SOLEIL;5;31.0;0
Feuquières;49.64;1.85;22/07/2026;22:00;15.1;0;SOLEIL;5;30.2;0
Feuquières;49.64;1.85;22/07/2026;23:00;16;0;SOLEIL;3;29.2;0
Feuquières;49.64;1.85;23/07/2026;00:00;16;0;SOLEIL;3;28.1;0
Feuquières;49.64;1.85;23/07/2026;01:00;16;0;SOLEIL;3;26.6;0
Feuquières;49.64;1.85;23/07/2026;02:00;14.2;0;SOLEIL;5;25.2;0
Feuquières;49.64;1.85;23/07/2026;03:00;14.2;0;SOLEIL;5;23.4;0
Feuquières;49.64;1.85;23/07/2026;04:00;14.2;0;SOLEIL;5;21.2;0
Feuquières;49.64;1.85;23/07/2026;05:00;16.7;0;SOLEIL;3;18.7;0
Feuquières;49.64;1.85;23/07/2026;06:00;16.7;0;SOLEIL;3;16.6;0
Feuquières;49.64;1.85;23/07/2026;07:00;16.7;0;SOLEIL;3;14.8;0
Feuquières;49.64;1.85;23/07/2026;08:00;17.1;0;SOLEIL;5;14.4;0
Feuquières;49.64;1.85;23/07/2026;09:00;18.5;0;SOLEIL;5;15.1;0
Feuquières;49.64;1.85;23/07/2026;10:00;19.9;0;SOLEIL;5;16.9;0
Feuquières;49.64;1.85;23/07/2026;11:00;25.2;0;SOLEIL;4;19.4;0
Feuquières;49.64;1.85;23/07/2026;12:00;25.2;0;SOLEIL;4;22.0;0
Feuquières;49.64;1.85;23/07/2026;13:00;25.2;0;SOLEIL;4;24.5;0
Feuquières;49.64;1.85;23/07/2026;14:00;25.7;0;SOLEIL;5;26.3;0
Feuquières;49.64;1.85;23/07/2026;15:00;27.1;0;SOLEIL;5;27.7;0
Feuquières;49.64;1.85;23/07/2026;16:00;25.7;0;SOLEIL;5;29.5;0
Feuquières;49.64;1.85;23/07/2026;17:00;24.7;0;SOLEIL;4;30.6;0
Feuquières;49.64;1.85;23/07/2026;18:00;24.7;0;SOLEIL;4;31.7;0
Feuquières;49.64;1.85;23/07/2026;19:00;24.7;0;SOLEIL;4;32.4;0
Feuquières;49.64;1.85;23/07/2026;20:00;19.9;0;SOLEIL;5;32.8;0
Feuquières;49.64;1.85;23/07/2026;21:00;18.5;0;SOLEIL;5;32.4;0
Feuquières;49.64;1.85;23/07/2026;22:00;17.1;0;SOLEIL;5;31.7;0
Feuquières;49.64;1.85;23/07/2026;23:00;16.4;0;SOLEIL;3;30.2;0
Feuquières;49.64;1.85;24/07/2026;00:00;16.4;0;SOLEIL;3;28.8;0
Feuquières;49.64;1.85;24/07/2026;01:00;16.4;0;SOLEIL;3;27.0;0
Feuquières;49.64;1.85;24/07/2026;02:00;14.7;0;SOLEIL;5;25.2;0
Feuquières;49.64;1.85;24/07/2026;03:00;14.7;0;SOLEIL;5;22.7;0
Feuquières;49.64;1.85;24/07/2026;04:00;14.7;0;SOLEIL;5;19.4;0
Feuquières;49.64;1.85;24/07/2026;05:00;17.1;0;SOLEIL;3;16.2;0
Feuquières;49.64;1.85;24/07/2026;06:00;17.1;0;SOLEIL;3;13.0;0
Feuquières;49.64;1.85;24/07/2026;07:00;17.1;0;SOLEIL;3;10.8;0
Feuquières;49.64;1.85;24/07/2026;08:00;17.4;0;SOLEIL;5;9.7;0
Feuquières;49.64;1.85;24/07/2026;09:00;18.7;0;SOLEIL;5;10.4;0
Feuquières;49.64;1.85;24/07/2026;10:00;20.0;0;SOLEIL;5;12.6;0
Feuquières;49.64;1.85;24/07/2026;11:00;25;0;SOLEIL;4;15.8;0
Feuquières;49.64;1.85;24/07/2026;12:00;25;0;SOLEIL;4;19.1;0
Feuquières;49.64;1.85;24/07/2026;13:00;25;0;SOLEIL;4;22.3;0
Feuquières;49.64;1.85;24/07/2026;14:00;25.4;0;SOLEIL;5;24.8;0
Feuquières;49.64;1.85;24/07/2026;15:00;26.7;0;SOLEIL;5;26.6;0
Feuquières;49.64;1.85;24/07/2026;16:00;25.4;0;SOLEIL;5;28.4;0
Feuquières;49.64;1.85;24/07/2026;17:00;24.6;0;SOLEIL;5;30.2;0
Feuquières;49.64;1.85;24/07/2026;18:00;24.6;0;SOLEIL;5;31.7;0
Feuquières;49.64;1.85;24/07/2026;19:00;24.6;0;SOLEIL;5;32.8;0
Feuquières;49.64;1.85;24/07/2026;20:00;20.0;0;SOLEIL;5;33.8;0
Feuquières;49.64;1.85;24/07/2026;21:00;18.7;0;SOLEIL;5;34.6;0
Feuquières;49.64;1.85;24/07/2026;22:00;17.4;0;SOLEIL;5;34.9;0
Feuquières;49.64;1.85;24/07/2026;23:00;16.7;0;SOLEIL;4;34.9;0
Feuquières;49.64;1.85;25/07/2026;00:00;16.7;0;SOLEIL;4;34.9;0
Feuquières;49.64;1.85;25/07/2026;01:00;16.7;0;SOLEIL;4;34.6;0
Feuquières;49.64;1.85;25/07/2026;02:00;15;6;AVERSES;5;34.2;0
Feuquières;49.64;1.85;25/07/2026;03:00;15;6;AVERSES;5;33.1;0
Feuquières;49.64;1.85;25/07/2026;04:00;15;6;AVERSES;5;31.7;0
Feuquières;49.64;1.85;25/07/2026;05:00;;6;AVERSES;;30.2;0
Feuquières;49.64;1.85;25/07/2026;06:00;;6;AVERSES;;28.8;0
Feuquières;49.64;1.85;25/07/2026;07:00;;6;AVERSES;;27.7;0
Feuquières;49.64;1.85;25/07/2026;08:00;17.0;6;AVERSES;5;27.7;0
Feuquières;49.64;1.85;25/07/2026;09:00;18.1;6;AVERSES;5;28.8;0
Feuquières;49.64;1.85;25/07/2026;10:00;19.1;6;AVERSES;5;31.0;0
Feuquières;49.64;1.85;25/07/2026;11:00;;6;AVERSES;;33.5;0
Feuquières;49.64;1.85;25/07/2026;12:00;;6;AVERSES;;36.4;0
Feuquières;49.64;1.85;25/07/2026;13:00;;6;AVERSES;;38.9;0
Feuquières;49.64;1.85;25/07/2026;14:00;23.2;6;AVERSES;5;41.0;0
Feuquières;49.64;1.85;25/07/2026;15:00;24.2;6;AVERSES;5;42.8;0
Feuquières;49.64;1.85;25/07/2026;16:00;23.2;6;AVERSES;5;44.6;0
Feuquières;49.64;1.85;25/07/2026;17:00;;6;AVERSES;;46.4;0
Feuquières;49.64;1.85;25/07/2026;18:00;;6;AVERSES;;47.5;0
Feuquières;49.64;1.85;25/07/2026;19:00;;6;AVERSES;;48.6;0
Feuquières;49.64;1.85;25/07/2026;20:00;19.1;6;AVERSES;5;48.6;0
Feuquières;49.64;1.85;25/07/2026;21:00;18.1;6;AVERSES;5;47.9;0
Feuquières;49.64;1.85;25/07/2026;22:00;17.0;6;AVERSES;5;46.4;0
Feuquières;49.64;1.85;25/07/2026;23:00;;6;AVERSES;;44.6;0
Feuquières;49.64;1.85;26/07/2026;00:00;;6;AVERSES;;42.5;0
Feuquières;49.64;1.85;26/07/2026;01:00;;6;AVERSES;;40.3;0
Feuquières;49.64;1.85;26/07/2026;02:00;13.4;6;AVERSES;5;38.2;0
Feuquières;49.64;1.85;26/07/2026;03:00;13.4;6;AVERSES;5;36.0;0
Feuquières;49.64;1.85;26/07/2026;04:00;13.4;6;AVERSES;5;33.1;0
Feuquières;49.64;1.85;26/07/2026;05:00;;6;AVERSES;;30.2;0
Feuquières;49.64;1.85;26/07/2026;06:00;;6;AVERSES;;27.7;0
Feuquières;49.64;1.85;26/07/2026;07:00;;6;AVERSES;;26.3;0
Feuquières;49.64;1.85;26/07/2026;08:00;15.6;6;AVERSES;5;25.9;0
Feuquières;49.64;1.85;26/07/2026;09:00;16.6;6;AVERSES;5;27.4;0
Feuquières;49.64;1.85;26/07/2026;10:00;17.7;6;AVERSES;5;30.6;0
Feuquières;49.64;1.85;26/07/2026;11:00;;6;AVERSES;;34.2;0
Feuquières;49.64;1.85;26/07/2026;12:00;;6;AVERSES;;38.5;0
Feuquières;49.64;1.85;26/07/2026;13:00;;6;AVERSES;;41.8;0
Feuquières;49.64;1.85;26/07/2026;14:00;22.0;6;AVERSES;5;44.3;0
Feuquières;49.64;1.85;26/07/2026;15:00;23.1;6;AVERSES;5;45.4;0
Feuquières;49.64;1.85;26/07/2026;16:00;22.0;6;AVERSES;5;46.1;0
Feuquières;49.64;1.85;26/07/2026;17:00;;6;AVERSES;;46.1;0
Feuquières;49.64;1.85;26/07/2026;18:00;;6;AVERSES;;45.7;0
Feuquières;49.64;1.85;26/07/2026;19:00;;6;AVERSES;;45.4;0
Feuquières;49.64;1.85;26/07/2026;20:00;17.7;6;AVERSES;5;44.3;0
Feuquières;49.64;1.85;26/07/2026;21:00;16.6;6;AVERSES;5;42.8;0
Feuquières;49.64;1.85;26/07/2026;22:00;15.6;6;AVERSES;5;41.0;0
Feuquières;49.64;1.85;26/07/2026;23:00;;6;AVERSES;;38.9;0
Feuquières;49.64;1.85;27/07/2026;00:00;;6;AVERSES;;36.4;0
Feuquières;49.64;1.85;27/07/2026;01:00;;6;AVERSES;;34.2;0
Feuquières;49.64;1.85;27/07/2026;02:00;13.6;6;AVERSES;5;32.0;0
Feuquières;49.64;1.85;27/07/2026;03:00;13.6;6;AVERSES;5;29.9;0
Feuquières;49.64;1.85;27/07/2026;04:00;13.6;6;AVERSES;5;27.7;0
Feuquières;49.64;1.85;27/07/2026;05:00;;6;AVERSES;;25.6;0
Feuquières;49.64;1.85;27/07/2026;06:00;;6;AVERSES;;23.8;0
Feuquières;49.64;1.85;27/07/2026;07:00;;6;AVERSES;;22.7;0
Feuquières;49.64;1.85;27/07/2026;08:00;15.8;6;AVERSES;5;22.7;0
Feuquières;49.64;1.85;27/07/2026;09:00;16.9;6;AVERSES;5;23.8;0
Feuquières;49.64;1.85;27/07/2026;10:00;18.0;6;AVERSES;5;26.3;0
Feuquières;49.64;1.85;27/07/2026;11:00;;6;AVERSES;;29.5;0
Feuquières;49.64;1.85;27/07/2026;12:00;;6;AVERSES;;32.8;0
Feuquières;49.64;1.85;27/07/2026;13:00;;6;AVERSES;;35.6;0
Feuquières;49.64;1.85;27/07/2026;14:00;22.5;6;AVERSES;5;38.2;0
Feuquières;49.64;1.85;27/07/2026;15:00;23.6;6;AVERSES;5;40.0;0
Feuquières;49.64;1.85;27/07/2026;16:00;22.5;6;AVERSES;5;41.4;0
Feuquières;49.64;1.85;27/07/2026;17:00;;6;AVERSES;;42.8;0
Feuquières;49.64;1.85;27/07/2026;18:00;;6;AVERSES;;43.9;0
Feuquières;49.64;1.85;27/07/2026;19:00;;6;AVERSES;;44.6;0
Feuquières;49.64;1.85;27/07/2026;20:00;18.0;6;AVERSES;5;44.6;0
Feuquières;49.64;1.85;27/07/2026;21:00;16.9;6;AVERSES;5;44.3;0
Feuquières;49.64;1.85;27/07/2026;22:00;15.8;6;AVERSES;5;43.2;0
Feuquières;49.64;1.85;27/07/2026;23:00;;6;AVERSES;;42.1;0
Feuquières;49.64;1.85;28/07/2026;00:00;;6;AVERSES;;40.3;0
Feuquières;49.64;1.85;28/07/2026;01:00;;6;AVERSES;;38.9;0
Feuquières;49.64;1.85;28/07/2026;02:00;13.6;6;AVERSES;5;37.1;0
Feuquières;49.64;1.85;28/07/2026;03:00;13.6;6;AVERSES;5;34.9;0
Feuquières;49.64;1.85;28/07/2026;04:00;13.6;6;AVERSES;5;32.4;0
Feuquières;49.64;1.85;28/07/2026;05:00;;6;AVERSES;;29.9;0
Feuquières;49.64;1.85;28/07/2026;06:00;;6;AVERSES;;27.4;0
Feuquières;49.64;1.85;28/07/2026;07:00;;6;AVERSES;;25.9;0
Feuquières;49.64;1.85;28/07/2026;08:00;15.8;6;AVERSES;5;25.2;0
Feuquières;49.64;1.85;28/07/2026;09:00;16.9;6;AVERSES;5;25.9;0
Feuquières;49.64;1.85;28/07/2026;10:00;18.0;6;AVERSES;5;28.1;0
Feuquières;49.64;1.85;28/07/2026;11:00;;6;AVERSES;;31.0;0
Feuquières;49.64;1.85;28/07/2026;12:00;;6;AVERSES;;33.8;0
Feuquières;49.64;1.85;28/07/2026;13:00;;6;AVERSES;;36.4;0
Feuquières;49.64;1.85;28/07/2026;14:00;22.4;6;AVERSES;5;38.2;0
Feuquières;49.64;1.85;28/07/2026;15:00;23.5;6;AVERSES;5;38.9;0
Feuquières;49.64;1.85;28/07/2026;16:00;22.4;6;AVERSES;5;39.6;0
Feuquières;49.64;1.85;28/07/2026;17:00;;6;AVERSES;;39.6;0
Feuquières;49.64;1.85;28/07/2026;18:00;;6;AVERSES;;39.2;0
Feuquières;49.64;1.85;28/07/2026;19:00;;6;AVERSES;;38.9;0
Feuquières;49.64;1.85;28/07/2026;20:00;18.0;6;AVERSES;5;38.2;0
Feuquières;49.64;1.85;28/07/2026;21:00;16.9;6;AVERSES;5;37.1;0
Feuquières;49.64;1.85;28/07/2026;22:00;15.8;6;AVERSES;5;36.0;0
Feuquières;49.64;1.85;28/07/2026;23:00;;6;AVERSES;;34.6;0
Feuquières;49.64;1.85;29/07/2026;00:00;;6;AVERSES;;32.8;0
Feuquières;49.64;1.85;29/07/2026;01:00;;6;AVERSES;;31.0;0
Feuquières;49.64;1.85;29/07/2026;02:00;13.2;6;AVERSES;5;29.2;0
Feuquières;49.64;1.85;29/07/2026;03:00;13.2;6;AVERSES;5;27.0;0
Feuquières;49.64;1.85;29/07/2026;04:00;13.2;6;AVERSES;5;24.1;0
Feuquières;49.64;1.85;29/07/2026;05:00;;6;AVERSES;;21.2;0
Feuquières;49.64;1.85;29/07/2026;06:00;;6;AVERSES;;18.7;0
Feuquières;49.64;1.85;29/07/2026;07:00;;6;AVERSES;;17.3;0
Feuquières;49.64;1.85;29/07/2026;08:00;15.6;6;AVERSES;5;16.9;0
Feuquières;49.64;1.85;29/07/2026;09:00;16.9;6;AVERSES;5;18.4;0
Feuquières;49.64;1.85;29/07/2026;10:00;18.1;6;AVERSES;5;21.2;0
Feuquières;49.64;1.85;29/07/2026;11:00;;6;AVERSES;;24.8;0
Feuquières;49.64;1.85;29/07/2026;12:00;;6;AVERSES;;28.8;0
Feuquières;49.64;1.85;29/07/2026;13:00;;6;AVERSES;;32.4;0
Feuquières;49.64;1.85;29/07/2026;14:00;23.0;6;AVERSES;5;34.9;0
Feuquières;49.64;1.85;29/07/2026;15:00;24.2;6;AVERSES;5;36.7;0
Feuquières;49.64;1.85;29/07/2026;16:00;23.0;6;AVERSES;5;38.5;0
Feuquières;49.64;1.85;29/07/2026;17:00;;6;AVERSES;;40.0;0
Feuquières;49.64;1.85;29/07/2026;18:00;;6;AVERSES;;40.7;0
Feuquières;49.64;1.85;29/07/2026;19:00;;6;AVERSES;;40.7;0
Feuquières;49.64;1.85;29/07/2026;20:00;18.1;6;AVERSES;5;40.0;0
Feuquières;49.64;1.85;29/07/2026;21:00;16.9;6;AVERSES;5;37.4;0
Feuquières;49.64;1.85;29/07/2026;22:00;15.6;6;AVERSES;5;33.8;0
Feuquières;49.64;1.85;29/07/2026;23:00;14.4;6;AVERSES;5;29.2;0
Feuquières;49.64;1.85;30/07/2026;00:00;12;0;SOLEIL;5;24.6;0
Feuquières;49.64;1.85;30/07/2026;01:00;12;0;SOLEIL;5;22.3;0
Feuquières;49.64;1.85;30/07/2026;02:00;12;0;SOLEIL;5;21.7;0
Feuquières;49.64;1.85;30/07/2026;03:00;12;0;SOLEIL;5;21.2;0
Feuquières;49.64;1.85;30/07/2026;04:00;12;0;SOLEIL;5;19.1;0
Feuquières;49.64;1.85;30/07/2026;05:00;12;0;SOLEIL;5;19.1;0
Feuquières;49.64;1.85;30/07/2026;06:00;12;0;SOLEIL;5;23.8;0
Feuquières;49.64;1.85;30/07/2026;07:00;13.1;0;SOLEIL;5;30.2;0
Feuquières;49.64;1.85;30/07/2026;08:00;14.2;0;SOLEIL;5;33.8;0
Feuquières;49.64;1.85;30/07/2026;09:00;15.3;0;SOLEIL;5;30.6;0
Feuquières;49.64;1.85;30/07/2026;10:00;16.4;0;SOLEIL;5;24.5;0
Feuquières;49.64;1.85;30/07/2026;11:00;17.6;0;SOLEIL;5;19.8;0
Feuquières;49.64;1.85;30/07/2026;12:00;18.7;0;SOLEIL;5;19.4;0
Feuquières;49.64;1.85;30/07/2026;13:00;19.8;0;SOLEIL;5;21.2;0
Feuquières;49.64;1.85;30/07/2026;14:00;20.9;0;SOLEIL;5;22.3;0
Feuquières;49.64;1.85;30/07/2026;15:00;22.0;0;SOLEIL;5;22.3;0
Feuquières;49.64;1.85;30/07/2026;16:00;20.9;0;SOLEIL;5;22.0;0
Feuquières;49.64;1.85;30/07/2026;17:00;19.8;0;SOLEIL;5;22.0;0
Feuquières;49.64;1.85;30/07/2026;18:00;18.7;0;SOLEIL;5;23.4;0
Feuquières;49.64;1.85;30/07/2026;19:00;17.6;0;SOLEIL;5;25.2;0
Feuquières;49.64;1.85;30/07/2026;20:00;16.4;0;SOLEIL;5;26.6;0
Feuquières;49.64;1.85;30/07/2026;21:00;15.3;0;SOLEIL;5;27.7;0
Feuquières;49.64;1.85;30/07/2026;22:00;14.2;0;SOLEIL;5;28.8;0
Feuquières;49.64;1.85;30/07/2026;23:00;13.1;0;SOLEIL;5;28.4;0
Feuquières;49.64;1.85;31/07/2026;00:00;12;0;SOLEIL;5;0.0;0
Feuquières;49.64;1.85;31/07/2026;01:00;12;0;SOLEIL;5;0.0;0
Feuquières;49.64;1.85;31/07/2026;02:00;12;0;SOLEIL;5;0.0;0
Feuquières;49.64;1.85;31/07/2026;03:00;12;0;SOLEIL;5;0.0;0
Feuquières;49.64;1.85;31/07/2026;04:00;12;0;SOLEIL;5;0.0;0
Feuquières;49.64;1.85;31/07/2026;05:00;12;0;SOLEIL;5;0.0;0
Feuquières;49.64;1.85;31/07/2026;06:00;12;0;SOLEIL;5;0.0;0
Feuquières;49.64;1.85;31/07/2026;07:00;13.1;0;SOLEIL;5;0.0;0
Feuquières;49.64;1.85;31/07/2026;08:00;14.2;0;SOLEIL;5;0.0;0
Feuquières;49.64;1.85;31/07/2026;09:00;15.3;0;SOLEIL;5;0.0;0
Feuquières;49.64;1.85;31/07/2026;10:00;16.4;0;SOLEIL;5;0.0;0
Feuquières;49.64;1.85;31/07/2026;11:00;17.6;0;SOLEIL;5;0.0;0
Feuquières;49.64;1.85;31/07/2026;12:00;18.7;0;SOLEIL;5;0.0;0
Feuquières;49.64;1.85;31/07/2026;13:00;19.8;0;SOLEIL;5;0.0;0
Feuquières;49.64;1.85;31/07/2026;14:00;20.9;0;SOLEIL;5;0.0;0
Feuquières;49.64;1.85;31/07/2026;15:00;22.0;0;SOLEIL;5;0.0;0
Feuquières;49.64;1.85;31/07/2026;16:00;20.9;0;SOLEIL;5;0.0;0
Feuquières;49.64;1.85;31/07/2026;17:00;19.8;0;SOLEIL;5;0.0;0
Feuquières;49.64;1.85;31/07/2026;18:00;18.7;0;SOLEIL;5;0.0;0
Feuquières;49.64;1.85;31/07/2026;19:00;17.6;0;SOLEIL;5;0.0;0
Feuquières;49.64;1.85;31/07/2026;20:00;16.4;0;SOLEIL;5;0.0;0
Feuquières;49.64;1.85;31/07/2026;21:00;15.3;0;SOLEIL;5;0.0;0
Feuquières;49.64;1.85;31/07/2026;22:00;14.2;0;SOLEIL;5;0.0;0
Feuquières;49.64;1.85;31/07/2026;23:00;13.1;0;SOLEIL;5;0.0;0
Rosoy-en-Multien;49.098;2.995;16/07/2026;00:00;20.1;0;SOLEIL;3;17.6;0
Rosoy-en-Multien;49.098;2.995;16/07/2026;01:00;19.7;0;SOLEIL;3;16.9;0
Rosoy-en-Multien;49.098;2.995;16/07/2026;02:00;19.1;0;SOLEIL;3;13.7;0
Rosoy-en-Multien;49.098;2.995;16/07/2026;03:00;17.5;0;SOLEIL;2;12.2;0
Rosoy-en-Multien;49.098;2.995;16/07/2026;04:00;18.1;0;SOLEIL;2;12.6;0
Rosoy-en-Multien;49.098;2.995;16/07/2026;05:00;18.1;0;SOLEIL;2;10.4;0
Rosoy-en-Multien;49.098;2.995;16/07/2026;06:00;20.2;0;SOLEIL;2;9.7;0
Rosoy-en-Multien;49.098;2.995;16/07/2026;07:00;24.1;0;SOLEIL;2;7.6;0
Rosoy-en-Multien;49.098;2.995;16/07/2026;08:00;25.5;0;SOLEIL;2;8.6;0
Rosoy-en-Multien;49.098;2.995;16/07/2026;09:00;27;0;SOLEIL;3;13.3;0
Rosoy-en-Multien;49.098;2.995;16/07/2026;10:00;28.6;0;SOLEIL;3;16.9;0
Rosoy-en-Multien;49.098;2.995;16/07/2026;11:00;30.1;0;SOLEIL;3;18.7;0
Rosoy-en-Multien;49.098;2.995;16/07/2026;12:00;30.9;0;SOLEIL;2;19.1;0
Rosoy-en-Multien;49.098;2.995;16/07/2026;13:00;32.7;10;ORAGEUX;2;19.1;1
Rosoy-en-Multien;49.098;2.995;16/07/2026;14:00;33.1;10;ORAGEUX;2;14.4;1.4
Rosoy-en-Multien;49.098;2.995;16/07/2026;15:00;31.9;10;ORAGEUX;3;10.8;0.7
Rosoy-en-Multien;49.098;2.995;16/07/2026;16:00;30.6;5;SOLEIL VOILÉ;3;14.4;0
Rosoy-en-Multien;49.098;2.995;16/07/2026;17:00;29.1;2;NUAGEUX;4;20.5;0
Rosoy-en-Multien;49.098;2.995;16/07/2026;18:00;25.7;2;NUAGEUX;4;20.9;0
Rosoy-en-Multien;49.098;2.995;16/07/2026;19:00;22.1;2;NUAGEUX;5;24.5;0
Rosoy-en-Multien;49.098;2.995;16/07/2026;20:00;19.6;2;NUAGEUX;3;28.1;0
Rosoy-en-Multien;49.098;2.995;16/07/2026;21:00;20.1;2;NUAGEUX;3;25.9;0
Rosoy-en-Multien;49.098;2.995;16/07/2026;22:00;18.2;2;NUAGEUX;2;20.9;0
Rosoy-en-Multien;49.098;2.995;16/07/2026;23:00;18.1;2;NUAGEUX;3;13.0;0
Rosoy-en-Multien;49.098;2.995;17/07/2026;00:00;18.2;2;NUAGEUX;2;19.1;0
Rosoy-en-Multien;49.098;2.995;17/07/2026;01:00;18.2;2;NUAGEUX;2;15.8;0
Rosoy-en-Multien;49.098;2.995;17/07/2026;02:00;17.4;10;ORAGEUX;2;16.6;0
Rosoy-en-Multien;49.098;2.995;17/07/2026;03:00;17.4;10;ORAGEUX;2;16.6;0
Rosoy-en-Multien;49.098;2.995;17/07/2026;04:00;17.4;10;ORAGEUX;2;13.7;0
Rosoy-en-Multien;49.098;2.995;17/07/2026;05:00;17.9;10;ORAGEUX;2;11.5;0
Rosoy-en-Multien;49.098;2.995;17/07/2026;06:00;17.9;10;ORAGEUX;2;14.8;0
Rosoy-en-Multien;49.098;2.995;17/07/2026;07:00;17.9;10;ORAGEUX;2;16.6;0
Rosoy-en-Multien;49.098;2.995;17/07/2026;08:00;21.7;10;ORAGEUX;2;19.8;0
Rosoy-en-Multien;49.098;2.995;17/07/2026;09:00;21.7;10;ORAGEUX;2;19.5;0
Rosoy-en-Multien;49.098;2.995;17/07/2026;10:00;21.7;10;ORAGEUX;2;20.5;0
Rosoy-en-Multien;49.098;2.995;17/07/2026;11:00;23.4;10;ORAGEUX;3;23.9;0
Rosoy-en-Multien;49.098;2.995;17/07/2026;12:00;23.4;10;ORAGEUX;3;24.1;0
Rosoy-en-Multien;49.098;2.995;17/07/2026;13:00;23.4;10;ORAGEUX;3;25.6;0
Rosoy-en-Multien;49.098;2.995;17/07/2026;14:00;25.7;0;SOLEIL;4;25.6;0
Rosoy-en-Multien;49.098;2.995;17/07/2026;15:00;25.7;0;SOLEIL;4;23.4;0
Rosoy-en-Multien;49.098;2.995;17/07/2026;16:00;25.7;0;SOLEIL;4;22.7;0
Rosoy-en-Multien;49.098;2.995;17/07/2026;17:00;23.4;0;SOLEIL;4;21.2;0
Rosoy-en-Multien;49.098;2.995;17/07/2026;18:00;23.4;0;SOLEIL;4;22.3;0
Rosoy-en-Multien;49.098;2.995;17/07/2026;19:00;23.4;0;SOLEIL;4;21.6;0
Rosoy-en-Multien;49.098;2.995;17/07/2026;20:00;18.6;0;SOLEIL;3;20.9;0
Rosoy-en-Multien;49.098;2.995;17/07/2026;21:00;18.6;0;SOLEIL;3;18.7;0
Rosoy-en-Multien;49.098;2.995;17/07/2026;22:00;18.6;0;SOLEIL;3;20.2;0
Rosoy-en-Multien;49.098;2.995;17/07/2026;23:00;16.9;0;SOLEIL;3;18.7;0
Rosoy-en-Multien;49.098;2.995;18/07/2026;00:00;16.9;0;SOLEIL;3;14.8;0
Rosoy-en-Multien;49.098;2.995;18/07/2026;01:00;16.9;0;SOLEIL;3;14.0;0
Rosoy-en-Multien;49.098;2.995;18/07/2026;02:00;15.5;0;SOLEIL;2;16.2;0
Rosoy-en-Multien;49.098;2.995;18/07/2026;03:00;15.5;0;SOLEIL;2;16.2;0
Rosoy-en-Multien;49.098;2.995;18/07/2026;04:00;15.5;0;SOLEIL;2;14.8;0
Rosoy-en-Multien;49.098;2.995;18/07/2026;05:00;16.6;0;SOLEIL;2;11.9;0
Rosoy-en-Multien;49.098;2.995;18/07/2026;06:00;16.6;0;SOLEIL;2;10.1;0
Rosoy-en-Multien;49.098;2.995;18/07/2026;07:00;16.6;0;SOLEIL;2;10.1;0
Rosoy-en-Multien;49.098;2.995;18/07/2026;08:00;22.9;0;SOLEIL;3;15.8;0
Rosoy-en-Multien;49.098;2.995;18/07/2026;09:00;22.9;0;SOLEIL;3;18.0;0
Rosoy-en-Multien;49.098;2.995;18/07/2026;10:00;22.9;0;SOLEIL;3;18.4;0
Rosoy-en-Multien;49.098;2.995;18/07/2026;11:00;27;0;SOLEIL;4;20.2;0
Rosoy-en-Multien;49.098;2.995;18/07/2026;12:00;27;0;SOLEIL;4;26.6;0
Rosoy-en-Multien;49.098;2.995;18/07/2026;13:00;27;0;SOLEIL;4;27.4;0
Rosoy-en-Multien;49.098;2.995;18/07/2026;14:00;27.2;0;SOLEIL;4;25.6;0
Rosoy-en-Multien;49.098;2.995;18/07/2026;15:00;27.2;0;SOLEIL;4;28.8;0
Rosoy-en-Multien;49.098;2.995;18/07/2026;16:00;27.2;0;SOLEIL;4;32.0;0
Rosoy-en-Multien;49.098;2.995;18/07/2026;17:00;22.6;0;SOLEIL;4;34.6;0
Rosoy-en-Multien;49.098;2.995;18/07/2026;18:00;22.6;0;SOLEIL;4;34.9;0
Rosoy-en-Multien;49.098;2.995;18/07/2026;19:00;22.6;0;SOLEIL;4;34.2;0
Rosoy-en-Multien;49.098;2.995;18/07/2026;20:00;20.6;0;SOLEIL;5;33.1;0
Rosoy-en-Multien;49.098;2.995;18/07/2026;21:00;19.1;0;SOLEIL;5;31.7;0
Rosoy-en-Multien;49.098;2.995;18/07/2026;22:00;17.6;0;SOLEIL;5;29.9;0
Rosoy-en-Multien;49.098;2.995;18/07/2026;23:00;11.1;0;SOLEIL;4;27.7;0
Rosoy-en-Multien;49.098;2.995;19/07/2026;00:00;11.1;0;SOLEIL;4;24.5;0
Rosoy-en-Multien;49.098;2.995;19/07/2026;01:00;11.1;0;SOLEIL;4;20.9;0
Rosoy-en-Multien;49.098;2.995;19/07/2026;02:00;10.7;0;SOLEIL;5;17.3;0
Rosoy-en-Multien;49.098;2.995;19/07/2026;03:00;10.7;0;SOLEIL;5;14.0;0
Rosoy-en-Multien;49.098;2.995;19/07/2026;04:00;10.7;0;SOLEIL;5;11.2;0
Rosoy-en-Multien;49.098;2.995;19/07/2026;05:00;13.6;0;SOLEIL;3;9.4;0
Rosoy-en-Multien;49.098;2.995;19/07/2026;06:00;13.6;0;SOLEIL;3;8.6;0
Rosoy-en-Multien;49.098;2.995;19/07/2026;07:00;13.6;0;SOLEIL;3;9.0;0
Rosoy-en-Multien;49.098;2.995;19/07/2026;08:00;13.9;0;SOLEIL;5;10.8;0
Rosoy-en-Multien;49.098;2.995;19/07/2026;09:00;15.5;0;SOLEIL;5;15.5;0
Rosoy-en-Multien;49.098;2.995;19/07/2026;10:00;17.1;0;SOLEIL;5;21.6;0
Rosoy-en-Multien;49.098;2.995;19/07/2026;11:00;23.4;2;NUAGEUX;4;26.3;0
Rosoy-en-Multien;49.098;2.995;19/07/2026;12:00;23.4;2;NUAGEUX;4;28.8;0
Rosoy-en-Multien;49.098;2.995;19/07/2026;13:00;23.4;2;NUAGEUX;4;29.9;0
Rosoy-en-Multien;49.098;2.995;19/07/2026;14:00;23.5;0;SOLEIL;5;30.6;0
Rosoy-en-Multien;49.098;2.995;19/07/2026;15:00;25.1;0;SOLEIL;5;31.3;0
Rosoy-en-Multien;49.098;2.995;19/07/2026;16:00;23.5;0;SOLEIL;5;31.7;0
Rosoy-en-Multien;49.098;2.995;19/07/2026;17:00;22.7;0;SOLEIL;4;32.0;0
Rosoy-en-Multien;49.098;2.995;19/07/2026;18:00;22.7;0;SOLEIL;4;32.4;0
Rosoy-en-Multien;49.098;2.995;19/07/2026;19:00;22.7;0;SOLEIL;4;32.8;0
Rosoy-en-Multien;49.098;2.995;19/07/2026;20:00;17.1;0;SOLEIL;5;32.0;0
Rosoy-en-Multien;49.098;2.995;19/07/2026;21:00;15.5;0;SOLEIL;5;29.9;0
Rosoy-en-Multien;49.098;2.995;19/07/2026;22:00;13.9;0;SOLEIL;5;27.0;0
Rosoy-en-Multien;49.098;2.995;19/07/2026;23:00;11.1;0;SOLEIL;3;24.1;0
Rosoy-en-Multien;49.098;2.995;20/07/2026;00:00;11.1;0;SOLEIL;3;22.3;0
Rosoy-en-Multien;49.098;2.995;20/07/2026;01:00;11.1;0;SOLEIL;3;20.5;0
Rosoy-en-Multien;49.098;2.995;20/07/2026;02:00;9;0;SOLEIL;5;19.1;0
Rosoy-en-Multien;49.098;2.995;20/07/2026;03:00;9;0;SOLEIL;5;17.3;0
Rosoy-en-Multien;49.098;2.995;20/07/2026;04:00;9;0;SOLEIL;5;15.8;0
Rosoy-en-Multien;49.098;2.995;20/07/2026;05:00;12.5;0;SOLEIL;3;15.5;0
Rosoy-en-Multien;49.098;2.995;20/07/2026;06:00;12.5;0;SOLEIL;3;16.5;0
Rosoy-en-Multien;49.098;2.995;20/07/2026;07:00;12.5;0;SOLEIL;3;18.5;0
Rosoy-en-Multien;49.098;2.995;20/07/2026;08:00;12.5;0;SOLEIL;5;20.3;0
Rosoy-en-Multien;49.098;2.995;20/07/2026;09:00;14.3;0;SOLEIL;5;24.1;0
Rosoy-en-Multien;49.098;2.995;20/07/2026;10:00;16.1;0;SOLEIL;5;30.6;0
Rosoy-en-Multien;49.098;2.995;20/07/2026;11:00;22.9;0;SOLEIL;4;35.3;0
Rosoy-en-Multien;49.098;2.995;20/07/2026;12:00;22.9;0;SOLEIL;4;37.1;0
Rosoy-en-Multien;49.098;2.995;20/07/2026;13:00;22.9;0;SOLEIL;4;37.1;0
Rosoy-en-Multien;49.098;2.995;20/07/2026;14:00;23.1;0;SOLEIL;5;37.1;0
Rosoy-en-Multien;49.098;2.995;20/07/2026;15:00;24.9;0;SOLEIL;5;37.8;0
Rosoy-en-Multien;49.098;2.995;20/07/2026;16:00;23.1;0;SOLEIL;5;38.9;0
Rosoy-en-Multien;49.098;2.995;20/07/2026;17:00;22.6;0;SOLEIL;4;39.2;0
Rosoy-en-Multien;49.098;2.995;20/07/2026;18:00;22.6;0;SOLEIL;4;39.2;0
Rosoy-en-Multien;49.098;2.995;20/07/2026;19:00;22.6;0;SOLEIL;4;38.9;0
Rosoy-en-Multien;49.098;2.995;20/07/2026;20:00;16.1;0;SOLEIL;5;37.8;0
Rosoy-en-Multien;49.098;2.995;20/07/2026;21:00;14.3;0;SOLEIL;5;35.3;0
Rosoy-en-Multien;49.098;2.995;20/07/2026;22:00;12.5;0;SOLEIL;5;32.0;0
Rosoy-en-Multien;49.098;2.995;20/07/2026;23:00;11.7;0;SOLEIL;4;28.8;0
Rosoy-en-Multien;49.098;2.995;21/07/2026;00:00;11.7;0;SOLEIL;4;25.9;0
Rosoy-en-Multien;49.098;2.995;21/07/2026;01:00;11.7;0;SOLEIL;4;23.4;0
Rosoy-en-Multien;49.098;2.995;21/07/2026;02:00;10.7;0;SOLEIL;5;21.2;0
Rosoy-en-Multien;49.098;2.995;21/07/2026;03:00;10.7;0;SOLEIL;5;18.7;0
Rosoy-en-Multien;49.098;2.995;21/07/2026;04:00;10.7;0;SOLEIL;5;16.6;0
Rosoy-en-Multien;49.098;2.995;21/07/2026;05:00;13.5;0;SOLEIL;3;15.8;0
Rosoy-en-Multien;49.098;2.995;21/07/2026;06:00;13.5;0;SOLEIL;3;16.9;0
Rosoy-en-Multien;49.098;2.995;21/07/2026;07:00;13.5;0;SOLEIL;3;19.4;0
Rosoy-en-Multien;49.098;2.995;21/07/2026;08:00;14.0;0;SOLEIL;5;22.3;0
Rosoy-en-Multien;49.098;2.995;21/07/2026;09:00;15.7;0;SOLEIL;5;25.6;0
Rosoy-en-Multien;49.098;2.995;21/07/2026;10:00;17.4;0;SOLEIL;5;28.8;0
Rosoy-en-Multien;49.098;2.995;21/07/2026;11:00;23.2;0;SOLEIL;4;31.0;0
Rosoy-en-Multien;49.098;2.995;21/07/2026;12:00;23.2;0;SOLEIL;4;30.6;0
Rosoy-en-Multien;49.098;2.995;21/07/2026;13:00;23.2;0;SOLEIL;4;29.5;0
Rosoy-en-Multien;49.098;2.995;21/07/2026;14:00;24.0;0;SOLEIL;5;28.8;0
Rosoy-en-Multien;49.098;2.995;21/07/2026;15:00;25.7;0;SOLEIL;5;30.2;0
Rosoy-en-Multien;49.098;2.995;21/07/2026;16:00;24.0;0;SOLEIL;5;32.0;0
Rosoy-en-Multien;49.098;2.995;21/07/2026;17:00;23.6;0;SOLEIL;4;33.8;0
Rosoy-en-Multien;49.098;2.995;21/07/2026;18:00;23.6;0;SOLEIL;4;35.3;0
Rosoy-en-Multien;49.098;2.995;21/07/2026;19:00;23.6;0;SOLEIL;4;36.0;0
Rosoy-en-Multien;49.098;2.995;21/07/2026;20:00;17.4;0;SOLEIL;5;35.6;0
Rosoy-en-Multien;49.098;2.995;21/07/2026;21:00;15.7;0;SOLEIL;5;33.1;0
Rosoy-en-Multien;49.098;2.995;21/07/2026;22:00;14.0;0;SOLEIL;5;29.2;0
Rosoy-en-Multien;49.098;2.995;21/07/2026;23:00;12.7;0;SOLEIL;3;25.6;0
Rosoy-en-Multien;49.098;2.995;22/07/2026;00:00;12.7;0;SOLEIL;3;23.4;0
Rosoy-en-Multien;49.098;2.995;22/07/2026;01:00;12.7;0;SOLEIL;3;22.3;0
Rosoy-en-Multien;49.098;2.995;22/07/2026;02:00;10.9;0;SOLEIL;5;20.5;0
Rosoy-en-Multien;49.098;2.995;22/07/2026;03:00;10.9;0;SOLEIL;5;17.6;0
Rosoy-en-Multien;49.098;2.995;22/07/2026;04:00;10.9;0;SOLEIL;5;14.4;0
Rosoy-en-Multien;49.098;2.995;22/07/2026;05:00;14.4;0;SOLEIL;3;13.7;0
Rosoy-en-Multien;49.098;2.995;22/07/2026;06:00;14.4;0;SOLEIL;3;17.3;0
Rosoy-en-Multien;49.098;2.995;22/07/2026;07:00;14.4;0;SOLEIL;3;23.0;0
Rosoy-en-Multien;49.098;2.995;22/07/2026;08:00;14.7;0;SOLEIL;5;27.4;0
Rosoy-en-Multien;49.098;2.995;22/07/2026;09:00;16.6;0;SOLEIL;5;29.2;0
Rosoy-en-Multien;49.098;2.995;22/07/2026;10:00;18.5;0;SOLEIL;5;29.5;0
Rosoy-en-Multien;49.098;2.995;22/07/2026;11:00;26.1;0;SOLEIL;3;29.9;0
Rosoy-en-Multien;49.098;2.995;22/07/2026;12:00;26.1;0;SOLEIL;3;30.6;0
Rosoy-en-Multien;49.098;2.995;22/07/2026;13:00;26.1;0;SOLEIL;3;31.9;0
Rosoy-en-Multien;49.098;2.995;22/07/2026;14:00;26.1;0;SOLEIL;5;33.9;0
Rosoy-en-Multien;49.098;2.995;22/07/2026;15:00;28.0;0;SOLEIL;5;36.0;0
Rosoy-en-Multien;49.098;2.995;22/07/2026;16:00;26.1;0;SOLEIL;5;36.7;0
Rosoy-en-Multien;49.098;2.995;22/07/2026;17:00;25;0;SOLEIL;4;36.7;0
Rosoy-en-Multien;49.098;2.995;22/07/2026;18:00;25;0;SOLEIL;4;36.7;0
Rosoy-en-Multien;49.098;2.995;22/07/2026;19:00;25;0;SOLEIL;4;36.4;0
Rosoy-en-Multien;49.098;2.995;22/07/2026;20:00;18.5;0;SOLEIL;5;35.3;0
Rosoy-en-Multien;49.098;2.995;22/07/2026;21:00;16.6;0;SOLEIL;5;33.8;0
Rosoy-en-Multien;49.098;2.995;22/07/2026;22:00;14.7;0;SOLEIL;5;31.7;0
Rosoy-en-Multien;49.098;2.995;22/07/2026;23:00;14.7;0;SOLEIL;3;29.2;0
Rosoy-en-Multien;49.098;2.995;23/07/2026;00:00;14.7;0;SOLEIL;3;26.6;0
Rosoy-en-Multien;49.098;2.995;23/07/2026;01:00;14.7;0;SOLEIL;3;24.1;0
Rosoy-en-Multien;49.098;2.995;23/07/2026;02:00;12.6;0;SOLEIL;5;22.0;0
Rosoy-en-Multien;49.098;2.995;23/07/2026;03:00;12.6;0;SOLEIL;5;19.8;0
Rosoy-en-Multien;49.098;2.995;23/07/2026;04:00;12.6;0;SOLEIL;5;17.3;0
Rosoy-en-Multien;49.098;2.995;23/07/2026;05:00;15.5;0;SOLEIL;3;15.1;0
Rosoy-en-Multien;49.098;2.995;23/07/2026;06:00;15.5;0;SOLEIL;3;13.3;0
Rosoy-en-Multien;49.098;2.995;23/07/2026;07:00;15.5;0;SOLEIL;3;12.2;0
Rosoy-en-Multien;49.098;2.995;23/07/2026;08:00;16.2;0;SOLEIL;5;11.9;0
Rosoy-en-Multien;49.098;2.995;23/07/2026;09:00;17.9;0;SOLEIL;5;13.0;0
Rosoy-en-Multien;49.098;2.995;23/07/2026;10:00;19.7;0;SOLEIL;5;15.5;0
Rosoy-en-Multien;49.098;2.995;23/07/2026;11:00;26.1;0;SOLEIL;4;18.7;0
Rosoy-en-Multien;49.098;2.995;23/07/2026;12:00;26.1;0;SOLEIL;4;22.0;0
Rosoy-en-Multien;49.098;2.995;23/07/2026;13:00;26.1;0;SOLEIL;4;24.8;0
Rosoy-en-Multien;49.098;2.995;23/07/2026;14:00;26.8;0;SOLEIL;5;27.0;0
Rosoy-en-Multien;49.098;2.995;23/07/2026;15:00;28.6;0;SOLEIL;5;28.1;0
Rosoy-en-Multien;49.098;2.995;23/07/2026;16:00;26.8;0;SOLEIL;5;28.8;0
Rosoy-en-Multien;49.098;2.995;23/07/2026;17:00;26.4;0;SOLEIL;4;28.8;0
Rosoy-en-Multien;49.098;2.995;23/07/2026;18:00;26.4;0;SOLEIL;4;28.8;0
Rosoy-en-Multien;49.098;2.995;23/07/2026;19:00;26.4;0;SOLEIL;4;29.2;0
Rosoy-en-Multien;49.098;2.995;23/07/2026;20:00;19.7;0;SOLEIL;5;29.2;0
Rosoy-en-Multien;49.098;2.995;23/07/2026;21:00;17.9;0;SOLEIL;5;29.5;0
Rosoy-en-Multien;49.098;2.995;23/07/2026;22:00;16.2;0;SOLEIL;5;30.2;0
Rosoy-en-Multien;49.098;2.995;23/07/2026;23:00;15.4;0;SOLEIL;2;31.3;0
Rosoy-en-Multien;49.098;2.995;24/07/2026;00:00;15.4;0;SOLEIL;2;31.7;0
Rosoy-en-Multien;49.098;2.995;24/07/2026;01:00;15.4;0;SOLEIL;2;31.3;0
Rosoy-en-Multien;49.098;2.995;24/07/2026;02:00;13.1;0;SOLEIL;5;30.6;0
Rosoy-en-Multien;49.098;2.995;24/07/2026;03:00;13.1;0;SOLEIL;5;28.4;0
Rosoy-en-Multien;49.098;2.995;24/07/2026;04:00;13.1;0;SOLEIL;5;25.2;0
Rosoy-en-Multien;49.098;2.995;24/07/2026;05:00;15.9;0;SOLEIL;2;21.6;0
Rosoy-en-Multien;49.098;2.995;24/07/2026;06:00;15.9;0;SOLEIL;2;17.6;0
Rosoy-en-Multien;49.098;2.995;24/07/2026;07:00;15.9;0;SOLEIL;2;14.4;0
Rosoy-en-Multien;49.098;2.995;24/07/2026;08:00;16.5;0;SOLEIL;5;12.6;0
Rosoy-en-Multien;49.098;2.995;24/07/2026;09:00;18.3;0;SOLEIL;5;11.9;0
Rosoy-en-Multien;49.098;2.995;24/07/2026;10:00;20.0;0;SOLEIL;5;12.2;0
Rosoy-en-Multien;49.098;2.995;24/07/2026;11:00;26.2;0;SOLEIL;3;13.3;0
Rosoy-en-Multien;49.098;2.995;24/07/2026;12:00;26.2;0;SOLEIL;3;14.4;0
Rosoy-en-Multien;49.098;2.995;24/07/2026;13:00;26.2;0;SOLEIL;3;15.5;0
Rosoy-en-Multien;49.098;2.995;24/07/2026;14:00;26.9;0;SOLEIL;5;16.2;0
Rosoy-en-Multien;49.098;2.995;24/07/2026;15:00;28.6;0;SOLEIL;5;16.6;0
Rosoy-en-Multien;49.098;2.995;24/07/2026;16:00;26.9;0;SOLEIL;5;16.9;0
Rosoy-en-Multien;49.098;2.995;24/07/2026;17:00;26.1;0;SOLEIL;3;16.9;0
Rosoy-en-Multien;49.098;2.995;24/07/2026;18:00;26.1;0;SOLEIL;3;17.3;0
Rosoy-en-Multien;49.098;2.995;24/07/2026;19:00;26.1;0;SOLEIL;3;17.3;0
Rosoy-en-Multien;49.098;2.995;24/07/2026;20:00;20.0;0;SOLEIL;5;17.6;0
Rosoy-en-Multien;49.098;2.995;24/07/2026;21:00;18.3;0;SOLEIL;5;18.0;0
Rosoy-en-Multien;49.098;2.995;24/07/2026;22:00;16.5;0;SOLEIL;5;18.7;0
Rosoy-en-Multien;49.098;2.995;24/07/2026;23:00;16.2;0;SOLEIL;2;19.4;0
Rosoy-en-Multien;49.098;2.995;25/07/2026;00:00;16.2;0;SOLEIL;2;19.8;0
Rosoy-en-Multien;49.098;2.995;25/07/2026;01:00;16.2;0;SOLEIL;2;20.5;0
Rosoy-en-Multien;49.098;2.995;25/07/2026;02:00;14.4;0;SOLEIL;5;20.9;0
Rosoy-en-Multien;49.098;2.995;25/07/2026;03:00;14.4;0;SOLEIL;5;20.9;0
Rosoy-en-Multien;49.098;2.995;25/07/2026;04:00;14.4;0;SOLEIL;5;20.9;0
Rosoy-en-Multien;49.098;2.995;25/07/2026;05:00;;0;SOLEIL;;20.5;0
Rosoy-en-Multien;49.098;2.995;25/07/2026;06:00;;0;SOLEIL;;20.5;0
Rosoy-en-Multien;49.098;2.995;25/07/2026;07:00;;0;SOLEIL;;20.9;0
Rosoy-en-Multien;49.098;2.995;25/07/2026;08:00;17.1;0;SOLEIL;5;22.0;0
Rosoy-en-Multien;49.098;2.995;25/07/2026;09:00;18.4;0;SOLEIL;5;24.1;0
Rosoy-en-Multien;49.098;2.995;25/07/2026;10:00;19.7;0;SOLEIL;5;27.4;0
Rosoy-en-Multien;49.098;2.995;25/07/2026;11:00;;0;SOLEIL;;30.6;0
Rosoy-en-Multien;49.098;2.995;25/07/2026;12:00;;0;SOLEIL;;34.2;0
Rosoy-en-Multien;49.098;2.995;25/07/2026;13:00;;0;SOLEIL;;37.4;0
Rosoy-en-Multien;49.098;2.995;25/07/2026;14:00;25.1;0;SOLEIL;5;40.0;0
Rosoy-en-Multien;49.098;2.995;25/07/2026;15:00;26.4;0;SOLEIL;5;41.8;0
Rosoy-en-Multien;49.098;2.995;25/07/2026;16:00;25.1;0;SOLEIL;5;42.8;0
Rosoy-en-Multien;49.098;2.995;25/07/2026;17:00;;0;SOLEIL;;43.6;0
Rosoy-en-Multien;49.098;2.995;25/07/2026;18:00;;0;SOLEIL;;44.3;0
Rosoy-en-Multien;49.098;2.995;25/07/2026;19:00;;0;SOLEIL;;44.6;0
Rosoy-en-Multien;49.098;2.995;25/07/2026;20:00;19.7;0;SOLEIL;5;45.0;0
Rosoy-en-Multien;49.098;2.995;25/07/2026;21:00;18.4;0;SOLEIL;5;45.4;0
Rosoy-en-Multien;49.098;2.995;25/07/2026;22:00;17.1;0;SOLEIL;5;45.7;0
Rosoy-en-Multien;49.098;2.995;25/07/2026;23:00;;6;AVERSES;;46.1;0
Rosoy-en-Multien;49.098;2.995;26/07/2026;00:00;;6;AVERSES;;46.1;0
Rosoy-en-Multien;49.098;2.995;26/07/2026;01:00;;6;AVERSES;;45.4;0
Rosoy-en-Multien;49.098;2.995;26/07/2026;02:00;13;6;AVERSES;5;44.3;0
Rosoy-en-Multien;49.098;2.995;26/07/2026;03:00;13;6;AVERSES;5;41.8;0
Rosoy-en-Multien;49.098;2.995;26/07/2026;04:00;13;6;AVERSES;5;38.2;0
Rosoy-en-Multien;49.098;2.995;26/07/2026;05:00;;6;AVERSES;;33.8;0
Rosoy-en-Multien;49.098;2.995;26/07/2026;06:00;;6;AVERSES;;29.9;0
Rosoy-en-Multien;49.098;2.995;26/07/2026;07:00;;6;AVERSES;;27.0;0
Rosoy-en-Multien;49.098;2.995;26/07/2026;08:00;15.6;6;AVERSES;5;25.6;0
Rosoy-en-Multien;49.098;2.995;26/07/2026;09:00;16.9;6;AVERSES;5;26.3;0
Rosoy-en-Multien;49.098;2.995;26/07/2026;10:00;18.2;6;AVERSES;5;28.8;0
Rosoy-en-Multien;49.098;2.995;26/07/2026;11:00;;6;AVERSES;;32.0;0
Rosoy-en-Multien;49.098;2.995;26/07/2026;12:00;;6;AVERSES;;35.6;0
Rosoy-en-Multien;49.098;2.995;26/07/2026;13:00;;6;AVERSES;;38.9;0
Rosoy-en-Multien;49.098;2.995;26/07/2026;14:00;23.4;6;AVERSES;5;41.0;0
Rosoy-en-Multien;49.098;2.995;26/07/2026;15:00;24.7;6;AVERSES;5;42.1;0
Rosoy-en-Multien;49.098;2.995;26/07/2026;16:00;23.4;6;AVERSES;5;43.2;0
Rosoy-en-Multien;49.098;2.995;26/07/2026;17:00;;6;AVERSES;;43.6;0
Rosoy-en-Multien;49.098;2.995;26/07/2026;18:00;;6;AVERSES;;43.9;0
Rosoy-en-Multien;49.098;2.995;26/07/2026;19:00;;6;AVERSES;;43.6;0
Rosoy-en-Multien;49.098;2.995;26/07/2026;20:00;18.2;6;AVERSES;5;43.2;0
Rosoy-en-Multien;49.098;2.995;26/07/2026;21:00;16.9;6;AVERSES;5;42.5;0
Rosoy-en-Multien;49.098;2.995;26/07/2026;22:00;15.6;6;AVERSES;5;41.8;0
Rosoy-en-Multien;49.098;2.995;26/07/2026;23:00;;6;AVERSES;;40.3;0
Rosoy-en-Multien;49.098;2.995;27/07/2026;00:00;;6;AVERSES;;38.9;0
Rosoy-en-Multien;49.098;2.995;27/07/2026;01:00;;6;AVERSES;;37.1;0
Rosoy-en-Multien;49.098;2.995;27/07/2026;02:00;13.1;6;AVERSES;5;34.9;0
Rosoy-en-Multien;49.098;2.995;27/07/2026;03:00;13.1;6;AVERSES;5;31.7;0
Rosoy-en-Multien;49.098;2.995;27/07/2026;04:00;13.1;6;AVERSES;5;27.7;0
Rosoy-en-Multien;49.098;2.995;27/07/2026;05:00;;6;AVERSES;;23.4;0
Rosoy-en-Multien;49.098;2.995;27/07/2026;06:00;;6;AVERSES;;19.4;0
Rosoy-en-Multien;49.098;2.995;27/07/2026;07:00;;6;AVERSES;;16.6;0
Rosoy-en-Multien;49.098;2.995;27/07/2026;08:00;15.5;6;AVERSES;5;15.1;0
Rosoy-en-Multien;49.098;2.995;27/07/2026;09:00;16.8;6;AVERSES;5;16.2;0
Rosoy-en-Multien;49.098;2.995;27/07/2026;10:00;18.0;6;AVERSES;5;18.7;0
Rosoy-en-Multien;49.098;2.995;27/07/2026;11:00;;6;AVERSES;;22.7;0
Rosoy-en-Multien;49.098;2.995;27/07/2026;12:00;;6;AVERSES;;26.6;0
Rosoy-en-Multien;49.098;2.995;27/07/2026;13:00;;6;AVERSES;;30.2;0
Rosoy-en-Multien;49.098;2.995;27/07/2026;14:00;22.9;6;AVERSES;5;32.8;0
Rosoy-en-Multien;49.098;2.995;27/07/2026;15:00;24.1;6;AVERSES;5;34.2;0
Rosoy-en-Multien;49.098;2.995;27/07/2026;16:00;22.9;6;AVERSES;5;34.9;0
Rosoy-en-Multien;49.098;2.995;27/07/2026;17:00;;6;AVERSES;;35.3;0
Rosoy-en-Multien;49.098;2.995;27/07/2026;18:00;;6;AVERSES;;35.3;0
Rosoy-en-Multien;49.098;2.995;27/07/2026;19:00;;6;AVERSES;;35.3;0
Rosoy-en-Multien;49.098;2.995;27/07/2026;20:00;18.0;6;AVERSES;5;35.6;0
Rosoy-en-Multien;49.098;2.995;27/07/2026;21:00;16.8;6;AVERSES;5;36.0;0
Rosoy-en-Multien;49.098;2.995;27/07/2026;22:00;15.5;6;AVERSES;5;36.7;0
Rosoy-en-Multien;49.098;2.995;27/07/2026;23:00;;6;AVERSES;;37.4;0
Rosoy-en-Multien;49.098;2.995;28/07/2026;00:00;;6;AVERSES;;37.8;0
Rosoy-en-Multien;49.098;2.995;28/07/2026;01:00;;6;AVERSES;;37.8;0
Rosoy-en-Multien;49.098;2.995;28/07/2026;02:00;13.1;6;AVERSES;5;36.7;0
Rosoy-en-Multien;49.098;2.995;28/07/2026;03:00;13.1;6;AVERSES;5;34.6;0
Rosoy-en-Multien;49.098;2.995;28/07/2026;04:00;13.1;6;AVERSES;5;31.0;0
Rosoy-en-Multien;49.098;2.995;28/07/2026;05:00;;6;AVERSES;;27.0;0
Rosoy-en-Multien;49.098;2.995;28/07/2026;06:00;;6;AVERSES;;23.0;0
Rosoy-en-Multien;49.098;2.995;28/07/2026;07:00;;6;AVERSES;;20.2;0
Rosoy-en-Multien;49.098;2.995;28/07/2026;08:00;15.9;6;AVERSES;5;18.7;0
Rosoy-en-Multien;49.098;2.995;28/07/2026;09:00;17.3;6;AVERSES;5;19.4;0
Rosoy-en-Multien;49.098;2.995;28/07/2026;10:00;18.7;6;AVERSES;5;21.6;0
Rosoy-en-Multien;49.098;2.995;28/07/2026;11:00;;6;AVERSES;;24.8;0
Rosoy-en-Multien;49.098;2.995;28/07/2026;12:00;;6;AVERSES;;28.1;0
Rosoy-en-Multien;49.098;2.995;28/07/2026;13:00;;6;AVERSES;;31.3;0
Rosoy-en-Multien;49.098;2.995;28/07/2026;14:00;24.2;6;AVERSES;5;33.1;0
Rosoy-en-Multien;49.098;2.995;28/07/2026;15:00;25.6;6;AVERSES;5;34.2;0
Rosoy-en-Multien;49.098;2.995;28/07/2026;16:00;24.2;6;AVERSES;5;34.9;0
Rosoy-en-Multien;49.098;2.995;28/07/2026;17:00;;6;AVERSES;;35.3;0
Rosoy-en-Multien;49.098;2.995;28/07/2026;18:00;;6;AVERSES;;34.9;0
Rosoy-en-Multien;49.098;2.995;28/07/2026;19:00;;6;AVERSES;;34.6;0
Rosoy-en-Multien;49.098;2.995;28/07/2026;20:00;18.7;6;AVERSES;5;33.5;0
Rosoy-en-Multien;49.098;2.995;28/07/2026;21:00;17.3;6;AVERSES;5;31.7;0
Rosoy-en-Multien;49.098;2.995;28/07/2026;22:00;15.9;6;AVERSES;5;28.8;0
Rosoy-en-Multien;49.098;2.995;28/07/2026;23:00;;6;AVERSES;;25.6;0
Rosoy-en-Multien;49.098;2.995;29/07/2026;00:00;;6;AVERSES;;22.7;0
Rosoy-en-Multien;49.098;2.995;29/07/2026;01:00;;6;AVERSES;;19.8;0
Rosoy-en-Multien;49.098;2.995;29/07/2026;02:00;13.2;6;AVERSES;5;17.6;0
Rosoy-en-Multien;49.098;2.995;29/07/2026;03:00;13.2;6;AVERSES;5;16.2;0
Rosoy-en-Multien;49.098;2.995;29/07/2026;04:00;13.2;6;AVERSES;5;14.8;0
Rosoy-en-Multien;49.098;2.995;29/07/2026;05:00;;6;AVERSES;;14.0;0
Rosoy-en-Multien;49.098;2.995;29/07/2026;06:00;;6;AVERSES;;13.7;0
Rosoy-en-Multien;49.098;2.995;29/07/2026;07:00;;6;AVERSES;;14.0;0
Rosoy-en-Multien;49.098;2.995;29/07/2026;08:00;16.1;6;AVERSES;5;15.5;0
Rosoy-en-Multien;49.098;2.995;29/07/2026;09:00;17.6;6;AVERSES;5;18.4;0
Rosoy-en-Multien;49.098;2.995;29/07/2026;10:00;19.1;6;AVERSES;5;22.7;0
Rosoy-en-Multien;49.098;2.995;29/07/2026;11:00;;6;AVERSES;;27.7;0
Rosoy-en-Multien;49.098;2.995;29/07/2026;12:00;;6;AVERSES;;32.8;0
Rosoy-en-Multien;49.098;2.995;29/07/2026;13:00;;6;AVERSES;;37.4;0
Rosoy-en-Multien;49.098;2.995;29/07/2026;14:00;24.9;6;AVERSES;5;40.7;0
Rosoy-en-Multien;49.098;2.995;29/07/2026;15:00;26.4;6;AVERSES;5;42.8;0
Rosoy-en-Multien;49.098;2.995;29/07/2026;16:00;24.9;6;AVERSES;5;44.3;0
Rosoy-en-Multien;49.098;2.995;29/07/2026;17:00;;6;AVERSES;;45.4;0
Rosoy-en-Multien;49.098;2.995;29/07/2026;18:00;;6;AVERSES;;45.7;0
Rosoy-en-Multien;49.098;2.995;29/07/2026;19:00;;6;AVERSES;;45.7;0
Rosoy-en-Multien;49.098;2.995;29/07/2026;20:00;19.1;6;AVERSES;5;45.0;0
Rosoy-en-Multien;49.098;2.995;29/07/2026;21:00;17.6;6;AVERSES;5;43.2;0
Rosoy-en-Multien;49.098;2.995;29/07/2026;22:00;16.1;6;AVERSES;5;40.7;0
Rosoy-en-Multien;49.098;2.995;29/07/2026;23:00;14.7;6;AVERSES;5;37.4;0
Rosoy-en-Multien;49.098;2.995;30/07/2026;00:00;12;0;SOLEIL;5;28.3;0
Rosoy-en-Multien;49.098;2.995;30/07/2026;01:00;12;0;SOLEIL;5;20.5;0
Rosoy-en-Multien;49.098;2.995;30/07/2026;02:00;12;0;SOLEIL;5;13.8;0
Rosoy-en-Multien;49.098;2.995;30/07/2026;03:00;12;0;SOLEIL;5;7.9;0
Rosoy-en-Multien;49.098;2.995;30/07/2026;04:00;12;0;SOLEIL;5;7.6;0
Rosoy-en-Multien;49.098;2.995;30/07/2026;05:00;12;0;SOLEIL;5;8.3;0
Rosoy-en-Multien;49.098;2.995;30/07/2026;06:00;12;0;SOLEIL;5;10.8;0
Rosoy-en-Multien;49.098;2.995;30/07/2026;07:00;13.1;0;SOLEIL;5;14.0;0
Rosoy-en-Multien;49.098;2.995;30/07/2026;08:00;14.2;0;SOLEIL;5;16.6;0
Rosoy-en-Multien;49.098;2.995;30/07/2026;09:00;15.3;0;SOLEIL;5;16.6;0
Rosoy-en-Multien;49.098;2.995;30/07/2026;10:00;16.4;0;SOLEIL;5;15.8;0
Rosoy-en-Multien;49.098;2.995;30/07/2026;11:00;17.6;0;SOLEIL;5;15.5;0
Rosoy-en-Multien;49.098;2.995;30/07/2026;12:00;18.7;0;SOLEIL;5;16.6;0
Rosoy-en-Multien;49.098;2.995;30/07/2026;13:00;19.8;0;SOLEIL;5;18.4;0
Rosoy-en-Multien;49.098;2.995;30/07/2026;14:00;20.9;0;SOLEIL;5;20.5;0
Rosoy-en-Multien;49.098;2.995;30/07/2026;15:00;22.0;0;SOLEIL;5;23.4;0
Rosoy-en-Multien;49.098;2.995;30/07/2026;16:00;20.9;0;SOLEIL;5;26.3;0
Rosoy-en-Multien;49.098;2.995;30/07/2026;17:00;19.8;0;SOLEIL;5;29.2;0
Rosoy-en-Multien;49.098;2.995;30/07/2026;18:00;18.7;0;SOLEIL;5;32.0;0
Rosoy-en-Multien;49.098;2.995;30/07/2026;19:00;17.6;0;SOLEIL;5;34.2;0
Rosoy-en-Multien;49.098;2.995;30/07/2026;20:00;16.4;0;SOLEIL;5;33.8;0
Rosoy-en-Multien;49.098;2.995;30/07/2026;21:00;15.3;0;SOLEIL;5;27.7;0
Rosoy-en-Multien;49.098;2.995;30/07/2026;22:00;14.2;0;SOLEIL;5;19.1;0
Rosoy-en-Multien;49.098;2.995;30/07/2026;23:00;13.1;0;SOLEIL;5;14.0;0
Rosoy-en-Multien;49.098;2.995;31/07/2026;00:00;12;0;SOLEIL;5;0.0;0
Rosoy-en-Multien;49.098;2.995;31/07/2026;01:00;12;0;SOLEIL;5;0.0;0
Rosoy-en-Multien;49.098;2.995;31/07/2026;02:00;12;0;SOLEIL;5;0.0;0
Rosoy-en-Multien;49.098;2.995;31/07/2026;03:00;12;0;SOLEIL;5;0.0;0
Rosoy-en-Multien;49.098;2.995;31/07/2026;04:00;12;0;SOLEIL;5;0.0;0
Rosoy-en-Multien;49.098;2.995;31/07/2026;05:00;12;0;SOLEIL;5;0.0;0
Rosoy-en-Multien;49.098;2.995;31/07/2026;06:00;12;0;SOLEIL;5;0.0;0
Rosoy-en-Multien;49.098;2.995;31/07/2026;07:00;13.1;0;SOLEIL;5;0.0;0
Rosoy-en-Multien;49.098;2.995;31/07/2026;08:00;14.2;0;SOLEIL;5;0.0;0
Rosoy-en-Multien;49.098;2.995;31/07/2026;09:00;15.3;0;SOLEIL;5;0.0;0
Rosoy-en-Multien;49.098;2.995;31/07/2026;10:00;16.4;0;SOLEIL;5;0.0;0
Rosoy-en-Multien;49.098;2.995;31/07/2026;11:00;17.6;0;SOLEIL;5;0.0;0
Rosoy-en-Multien;49.098;2.995;31/07/2026;12:00;18.7;0;SOLEIL;5;0.0;0
Rosoy-en-Multien;49.098;2.995;31/07/2026;13:00;19.8;0;SOLEIL;5;0.0;0
Rosoy-en-Multien;49.098;2.995;31/07/2026;14:00;20.9;0;SOLEIL;5;0.0;0
Rosoy-en-Multien;49.098;2.995;31/07/2026;15:00;22.0;0;SOLEIL;5;0.0;0
Rosoy-en-Multien;49.098;2.995;31/07/2026;16:00;20.9;0;SOLEIL;5;0.0;0
Rosoy-en-Multien;49.098;2.995;31/07/2026;17:00;19.8;0;SOLEIL;5;0.0;0
Rosoy-en-Multien;49.098;2.995;31/07/2026;18:00;18.7;0;SOLEIL;5;0.0;0
Rosoy-en-Multien;49.098;2.995;31/07/2026;19:00;17.6;0;SOLEIL;5;0.0;0
Rosoy-en-Multien;49.098;2.995;31/07/2026;20:00;16.4;0;SOLEIL;5;0.0;0
Rosoy-en-Multien;49.098;2.995;31/07/2026;21:00;15.3;0;SOLEIL;5;0.0;0
Rosoy-en-Multien;49.098;2.995;31/07/2026;22:00;14.2;0;SOLEIL;5;0.0;0
Rosoy-en-Multien;49.098;2.995;31/07/2026;23:00;13.1;0;SOLEIL;5;0.0;0
Arras;50.29;2.78;16/07/2026;00:00;18.7;0;SOLEIL;3;28.1;0
Arras;50.29;2.78;16/07/2026;01:00;18.5;0;SOLEIL;3;26.3;0
Arras;50.29;2.78;16/07/2026;02:00;18.5;0;SOLEIL;3;20.2;0
Arras;50.29;2.78;16/07/2026;03:00;17.9;0;SOLEIL;3;20.2;0
Arras;50.29;2.78;16/07/2026;04:00;18.5;0;SOLEIL;3;19.8;0
Arras;50.29;2.78;16/07/2026;05:00;18.9;0;SOLEIL;3;19.8;0
Arras;50.29;2.78;16/07/2026;06:00;20.5;0;SOLEIL;3;20.2;0
Arras;50.29;2.78;16/07/2026;07:00;22.5;0;SOLEIL;3;21.6;0
Arras;50.29;2.78;16/07/2026;08:00;24.1;0;SOLEIL;3;23.8;0
Arras;50.29;2.78;16/07/2026;09:00;26;0;SOLEIL;4;20.2;0
Arras;50.29;2.78;16/07/2026;10:00;27.6;0;SOLEIL;4;22.3;0
Arras;50.29;2.78;16/07/2026;11:00;29;0;SOLEIL;4;30.2;0
Arras;50.29;2.78;16/07/2026;12:00;29.7;0;SOLEIL;4;33.5;0
Arras;50.29;2.78;16/07/2026;13:00;30.6;0;SOLEIL;3;32.8;0
Arras;50.29;2.78;16/07/2026;14:00;31.2;0;SOLEIL;3;30.2;0
Arras;50.29;2.78;16/07/2026;15:00;29.7;2;NUAGEUX;5;30.6;0
Arras;50.29;2.78;16/07/2026;16:00;29.9;0;SOLEIL;7;31.0;0
Arras;50.29;2.78;16/07/2026;17:00;27;0;SOLEIL;5;30.6;0
Arras;50.29;2.78;16/07/2026;18:00;24.9;0;SOLEIL;6;33.5;0
Arras;50.29;2.78;16/07/2026;19:00;23.1;0;SOLEIL;5;45.4;0
Arras;50.29;2.78;16/07/2026;20:00;21.4;0;SOLEIL;5;43.6;0
Arras;50.29;2.78;16/07/2026;21:00;20.1;0;SOLEIL;4;43.6;0
Arras;50.29;2.78;16/07/2026;22:00;19;0;SOLEIL;3;36.4;0
Arras;50.29;2.78;16/07/2026;23:00;17.7;2;NUAGEUX;3;30.6;0
Arras;50.29;2.78;17/07/2026;00:00;17.6;0;SOLEIL;3;31.0;0
Arras;50.29;2.78;17/07/2026;01:00;17.6;0;SOLEIL;3;30.6;0
Arras;50.29;2.78;17/07/2026;02:00;17.1;5;SOLEIL VOILÉ;3;25.2;0
Arras;50.29;2.78;17/07/2026;03:00;17.1;5;SOLEIL VOILÉ;3;18.0;0
Arras;50.29;2.78;17/07/2026;04:00;17.1;5;SOLEIL VOILÉ;3;18.0;0
Arras;50.29;2.78;17/07/2026;05:00;18.7;5;SOLEIL VOILÉ;4;23.0;0
Arras;50.29;2.78;17/07/2026;06:00;18.7;5;SOLEIL VOILÉ;4;26.3;0
Arras;50.29;2.78;17/07/2026;07:00;18.7;5;SOLEIL VOILÉ;4;22.7;0
Arras;50.29;2.78;17/07/2026;08:00;22.4;0;SOLEIL;4;28.4;0
Arras;50.29;2.78;17/07/2026;09:00;22.4;0;SOLEIL;4;28.8;0
Arras;50.29;2.78;17/07/2026;10:00;22.4;0;SOLEIL;4;26.6;0
Arras;50.29;2.78;17/07/2026;11:00;25;0;SOLEIL;4;26.6;0
Arras;50.29;2.78;17/07/2026;12:00;25;0;SOLEIL;4;27.4;0
Arras;50.29;2.78;17/07/2026;13:00;25;0;SOLEIL;4;29.2;0
Arras;50.29;2.78;17/07/2026;14:00;26;0;SOLEIL;5;33.1;0
Arras;50.29;2.78;17/07/2026;15:00;26;0;SOLEIL;5;33.1;0
Arras;50.29;2.78;17/07/2026;16:00;26;0;SOLEIL;5;32.0;0
Arras;50.29;2.78;17/07/2026;17:00;23.9;0;SOLEIL;5;32.4;0
Arras;50.29;2.78;17/07/2026;18:00;23.9;0;SOLEIL;5;36.7;0
Arras;50.29;2.78;17/07/2026;19:00;23.9;0;SOLEIL;5;40.0;0
Arras;50.29;2.78;17/07/2026;20:00;18.6;0;SOLEIL;3;40.3;0
Arras;50.29;2.78;17/07/2026;21:00;18.6;0;SOLEIL;3;34.1;0
Arras;50.29;2.78;17/07/2026;22:00;18.6;0;SOLEIL;3;24.1;0
Arras;50.29;2.78;17/07/2026;23:00;16.4;0;SOLEIL;3;18.5;0
Arras;50.29;2.78;18/07/2026;00:00;16.4;0;SOLEIL;3;21.6;0
Arras;50.29;2.78;18/07/2026;01:00;16.4;0;SOLEIL;3;22.7;0
Arras;50.29;2.78;18/07/2026;02:00;14.6;0;SOLEIL;3;21.6;0
Arras;50.29;2.78;18/07/2026;03:00;14.6;0;SOLEIL;3;16.9;0
Arras;50.29;2.78;18/07/2026;04:00;14.6;0;SOLEIL;3;15.1;0
Arras;50.29;2.78;18/07/2026;05:00;16.6;0;SOLEIL;3;15.1;0
Arras;50.29;2.78;18/07/2026;06:00;16.6;0;SOLEIL;3;13.0;0
Arras;50.29;2.78;18/07/2026;07:00;16.6;0;SOLEIL;3;10.8;0
Arras;50.29;2.78;18/07/2026;08:00;20.9;0;SOLEIL;4;15.1;0
Arras;50.29;2.78;18/07/2026;09:00;20.9;0;SOLEIL;4;20.9;0
Arras;50.29;2.78;18/07/2026;10:00;20.9;0;SOLEIL;4;26.3;0
Arras;50.29;2.78;18/07/2026;11:00;23.9;0;SOLEIL;5;27.7;0
Arras;50.29;2.78;18/07/2026;12:00;23.9;0;SOLEIL;5;27.7;0
Arras;50.29;2.78;18/07/2026;13:00;23.9;0;SOLEIL;5;28.8;0
Arras;50.29;2.78;18/07/2026;14:00;23.5;0;SOLEIL;6;32.4;0
Arras;50.29;2.78;18/07/2026;15:00;23.5;0;SOLEIL;6;36.7;0
Arras;50.29;2.78;18/07/2026;16:00;23.5;0;SOLEIL;6;39.6;0
Arras;50.29;2.78;18/07/2026;17:00;20.1;0;SOLEIL;6;41.4;0
Arras;50.29;2.78;18/07/2026;18:00;20.1;0;SOLEIL;6;42.8;0
Arras;50.29;2.78;18/07/2026;19:00;20.1;0;SOLEIL;6;44.3;0
Arras;50.29;2.78;18/07/2026;20:00;18.8;0;SOLEIL;5;43.6;0
Arras;50.29;2.78;18/07/2026;21:00;17.6;0;SOLEIL;5;43.6;0
Arras;50.29;2.78;18/07/2026;22:00;16.4;0;SOLEIL;5;42.8;0
Arras;50.29;2.78;18/07/2026;23:00;13.7;0;SOLEIL;3;41.0;0
Arras;50.29;2.78;19/07/2026;00:00;13.7;0;SOLEIL;3;37.8;0
Arras;50.29;2.78;19/07/2026;01:00;13.7;0;SOLEIL;3;33.5;0
Arras;50.29;2.78;19/07/2026;02:00;13.2;0;SOLEIL;5;29.2;0
Arras;50.29;2.78;19/07/2026;03:00;13.2;0;SOLEIL;5;24.1;0
Arras;50.29;2.78;19/07/2026;04:00;13.2;0;SOLEIL;5;18.4;0
Arras;50.29;2.78;19/07/2026;05:00;16;0;SOLEIL;4;15.1;0
Arras;50.29;2.78;19/07/2026;06:00;16;0;SOLEIL;4;15.1;0
Arras;50.29;2.78;19/07/2026;07:00;16;0;SOLEIL;4;16.9;0
Arras;50.29;2.78;19/07/2026;08:00;15.5;0;SOLEIL;5;19.8;0
Arras;50.29;2.78;19/07/2026;09:00;16.7;0;SOLEIL;5;23.8;0
Arras;50.29;2.78;19/07/2026;10:00;17.8;0;SOLEIL;5;28.4;0
Arras;50.29;2.78;19/07/2026;11:00;22.7;6;AVERSES;5;32.0;0
Arras;50.29;2.78;19/07/2026;12:00;22.7;6;AVERSES;5;33.8;0
Arras;50.29;2.78;19/07/2026;13:00;22.7;6;AVERSES;5;34.9;0
Arras;50.29;2.78;19/07/2026;14:00;22.4;0;SOLEIL;5;35.6;0
Arras;50.29;2.78;19/07/2026;15:00;23.6;0;SOLEIL;5;36.7;0
Arras;50.29;2.78;19/07/2026;16:00;22.4;0;SOLEIL;5;37.8;0
Arras;50.29;2.78;19/07/2026;17:00;20.1;0;SOLEIL;5;38.5;0
Arras;50.29;2.78;19/07/2026;18:00;20.1;0;SOLEIL;5;39.2;0
Arras;50.29;2.78;19/07/2026;19:00;20.1;0;SOLEIL;5;40.0;0
Arras;50.29;2.78;19/07/2026;20:00;17.8;0;SOLEIL;5;40.3;0
Arras;50.29;2.78;19/07/2026;21:00;16.7;0;SOLEIL;5;40.3;0
Arras;50.29;2.78;19/07/2026;22:00;15.5;0;SOLEIL;5;39.6;0
Arras;50.29;2.78;19/07/2026;23:00;14;0;SOLEIL;3;37.4;0
Arras;50.29;2.78;20/07/2026;00:00;14;0;SOLEIL;3;32.4;0
Arras;50.29;2.78;20/07/2026;01:00;14;0;SOLEIL;3;25.9;0
Arras;50.29;2.78;20/07/2026;02:00;12.5;0;SOLEIL;5;20.9;0
Arras;50.29;2.78;20/07/2026;03:00;12.5;0;SOLEIL;5;18.7;0
Arras;50.29;2.78;20/07/2026;04:00;12.5;0;SOLEIL;5;17.6;0
Arras;50.29;2.78;20/07/2026;05:00;15.4;0;SOLEIL;3;17.3;0
Arras;50.29;2.78;20/07/2026;06:00;15.4;0;SOLEIL;3;16.9;0
Arras;50.29;2.78;20/07/2026;07:00;15.4;0;SOLEIL;3;16.9;0
Arras;50.29;2.78;20/07/2026;08:00;15.1;0;SOLEIL;5;18.0;0
Arras;50.29;2.78;20/07/2026;09:00;16.4;0;SOLEIL;5;21.2;0
Arras;50.29;2.78;20/07/2026;10:00;17.7;0;SOLEIL;5;25.6;0
Arras;50.29;2.78;20/07/2026;11:00;22.7;2;NUAGEUX;5;29.2;0
Arras;50.29;2.78;20/07/2026;12:00;22.7;2;NUAGEUX;5;31.0;0
Arras;50.29;2.78;20/07/2026;13:00;22.7;2;NUAGEUX;5;32.4;0
Arras;50.29;2.78;20/07/2026;14:00;22.8;0;SOLEIL;5;33.5;0
Arras;50.29;2.78;20/07/2026;15:00;24.1;0;SOLEIL;5;35.3;0
Arras;50.29;2.78;20/07/2026;16:00;22.8;0;SOLEIL;5;37.1;0
Arras;50.29;2.78;20/07/2026;17:00;20.6;0;SOLEIL;5;38.5;0
Arras;50.29;2.78;20/07/2026;18:00;20.6;0;SOLEIL;5;38.9;0
Arras;50.29;2.78;20/07/2026;19:00;20.6;0;SOLEIL;5;38.9;0
Arras;50.29;2.78;20/07/2026;20:00;17.7;0;SOLEIL;5;38.5;0
Arras;50.29;2.78;20/07/2026;21:00;16.4;0;SOLEIL;5;38.2;0
Arras;50.29;2.78;20/07/2026;22:00;15.1;0;SOLEIL;5;37.4;0
Arras;50.29;2.78;20/07/2026;23:00;14.4;0;SOLEIL;3;36.0;0
Arras;50.29;2.78;21/07/2026;00:00;14.4;0;SOLEIL;3;29.5;0
Arras;50.29;2.78;21/07/2026;01:00;14.4;0;SOLEIL;3;26.6;0
Arras;50.29;2.78;21/07/2026;02:00;13.1;2;NUAGEUX;5;24.5;0
Arras;50.29;2.78;21/07/2026;03:00;13.1;2;NUAGEUX;5;22.7;0
Arras;50.29;2.78;21/07/2026;04:00;13.1;2;NUAGEUX;5;20.5;0
Arras;50.29;2.78;21/07/2026;05:00;15.6;0;SOLEIL;3;18.7;0
Arras;50.29;2.78;21/07/2026;06:00;15.6;0;SOLEIL;3;17.3;0
Arras;50.29;2.78;21/07/2026;07:00;15.6;0;SOLEIL;3;16.2;0
Arras;50.29;2.78;21/07/2026;08:00;15.8;2;NUAGEUX;5;16.6;0
Arras;50.29;2.78;21/07/2026;09:00;17.1;2;NUAGEUX;5;18.0;0
Arras;50.29;2.78;21/07/2026;10:00;18.4;2;NUAGEUX;5;20.9;0
Arras;50.29;2.78;21/07/2026;11:00;23.4;2;NUAGEUX;4;24.5;0
Arras;50.29;2.78;21/07/2026;12:00;23.4;2;NUAGEUX;4;28.1;0
Arras;50.29;2.78;21/07/2026;13:00;23.4;2;NUAGEUX;4;31.3;0
Arras;50.29;2.78;21/07/2026;14:00;23.8;2;NUAGEUX;5;33.5;0
Arras;50.29;2.78;21/07/2026;15:00;25.1;2;NUAGEUX;5;34.6;0
Arras;50.29;2.78;21/07/2026;16:00;23.8;2;NUAGEUX;5;35.3;0
Arras;50.29;2.78;21/07/2026;17:00;22.2;2;NUAGEUX;5;35.6;0
Arras;50.29;2.78;21/07/2026;18:00;22.2;2;NUAGEUX;5;35.6;0
Arras;50.29;2.78;21/07/2026;19:00;22.2;2;NUAGEUX;5;35.6;0
Arras;50.29;2.78;21/07/2026;20:00;18.4;2;NUAGEUX;5;36.4;0
Arras;50.29;2.78;21/07/2026;21:00;17.1;2;NUAGEUX;5;37.8;0
Arras;50.29;2.78;21/07/2026;22:00;15.8;2;NUAGEUX;5;39.6;0
Arras;50.29;2.78;21/07/2026;23:00;15.4;0;SOLEIL;3;41.8;0
Arras;50.29;2.78;22/07/2026;00:00;15.4;0;SOLEIL;3;43.6;0
Arras;50.29;2.78;22/07/2026;01:00;15.4;0;SOLEIL;3;44.3;0
Arras;50.29;2.78;22/07/2026;02:00;13.6;0;SOLEIL;5;43.6;0
Arras;50.29;2.78;22/07/2026;03:00;13.6;0;SOLEIL;5;40.7;0
Arras;50.29;2.78;22/07/2026;04:00;13.6;0;SOLEIL;5;36.0;0
Arras;50.29;2.78;22/07/2026;05:00;16.1;0;SOLEIL;2;30.2;0
Arras;50.29;2.78;22/07/2026;06:00;16.1;0;SOLEIL;2;24.8;0
Arras;50.29;2.78;22/07/2026;07:00;16.1;0;SOLEIL;2;20.2;0
Arras;50.29;2.78;22/07/2026;08:00;16.6;0;SOLEIL;5;17.6;0
Arras;50.29;2.78;22/07/2026;09:00;18.1;0;SOLEIL;5;17.3;0
Arras;50.29;2.78;22/07/2026;10:00;19.6;0;SOLEIL;5;18.7;0
Arras;50.29;2.78;22/07/2026;11:00;25.1;0;SOLEIL;4;21.2;0
Arras;50.29;2.78;22/07/2026;12:00;25.1;0;SOLEIL;4;23.8;0
Arras;50.29;2.78;22/07/2026;13:00;25.1;0;SOLEIL;4;26.3;0
Arras;50.29;2.78;22/07/2026;14:00;25.6;0;SOLEIL;5;28.1;0
Arras;50.29;2.78;22/07/2026;15:00;27.1;0;SOLEIL;5;29.2;0
Arras;50.29;2.78;22/07/2026;16:00;25.6;0;SOLEIL;5;29.9;0
Arras;50.29;2.78;22/07/2026;17:00;24;0;SOLEIL;4;30.6;0
Arras;50.29;2.78;22/07/2026;18:00;24;0;SOLEIL;4;31.0;0
Arras;50.29;2.78;22/07/2026;19:00;24;0;SOLEIL;4;31.0;0
Arras;50.29;2.78;22/07/2026;20:00;19.6;0;SOLEIL;5;30.6;0
Arras;50.29;2.78;22/07/2026;21:00;18.1;0;SOLEIL;5;29.9;0
Arras;50.29;2.78;22/07/2026;22:00;16.6;0;SOLEIL;5;28.4;0
Arras;50.29;2.78;22/07/2026;23:00;16.9;0;SOLEIL;2;26.6;0
Arras;50.29;2.78;23/07/2026;00:00;16.9;0;SOLEIL;2;24.8;0
Arras;50.29;2.78;23/07/2026;01:00;16.9;0;SOLEIL;2;23.0;0
Arras;50.29;2.78;23/07/2026;02:00;14.9;0;SOLEIL;5;21.6;0
Arras;50.29;2.78;23/07/2026;03:00;14.9;0;SOLEIL;5;20.2;0
Arras;50.29;2.78;23/07/2026;04:00;14.9;0;SOLEIL;5;18.4;0
Arras;50.29;2.78;23/07/2026;05:00;16.9;0;SOLEIL;3;16.9;0
Arras;50.29;2.78;23/07/2026;06:00;16.9;0;SOLEIL;3;15.5;0
Arras;50.29;2.78;23/07/2026;07:00;16.9;0;SOLEIL;3;14.8;0
Arras;50.29;2.78;23/07/2026;08:00;17.6;0;SOLEIL;5;14.8;0
Arras;50.29;2.78;23/07/2026;09:00;19.0;0;SOLEIL;5;15.8;0
Arras;50.29;2.78;23/07/2026;10:00;20.4;0;SOLEIL;5;18.4;0
Arras;50.29;2.78;23/07/2026;11:00;25.2;0;SOLEIL;4;21.2;0
Arras;50.29;2.78;23/07/2026;12:00;25.2;0;SOLEIL;4;24.1;0
Arras;50.29;2.78;23/07/2026;13:00;25.2;0;SOLEIL;4;26.6;0
Arras;50.29;2.78;23/07/2026;14:00;25.8;0;SOLEIL;5;28.8;0
Arras;50.29;2.78;23/07/2026;15:00;27.2;0;SOLEIL;5;30.2;0
Arras;50.29;2.78;23/07/2026;16:00;25.8;0;SOLEIL;5;31.7;0
Arras;50.29;2.78;23/07/2026;17:00;24.6;0;SOLEIL;4;32.4;0
Arras;50.29;2.78;23/07/2026;18:00;24.6;0;SOLEIL;4;33.1;0
Arras;50.29;2.78;23/07/2026;19:00;24.6;0;SOLEIL;4;33.5;0
Arras;50.29;2.78;23/07/2026;20:00;20.4;0;SOLEIL;5;33.1;0
Arras;50.29;2.78;23/07/2026;21:00;19.0;0;SOLEIL;5;32.0;0
Arras;50.29;2.78;23/07/2026;22:00;17.6;0;SOLEIL;5;30.6;0
Arras;50.29;2.78;23/07/2026;23:00;16.7;0;SOLEIL;2;28.4;0
Arras;50.29;2.78;24/07/2026;00:00;16.7;0;SOLEIL;2;26.3;0
Arras;50.29;2.78;24/07/2026;01:00;16.7;0;SOLEIL;2;24.1;0
Arras;50.29;2.78;24/07/2026;02:00;14.7;0;SOLEIL;5;22.7;0
Arras;50.29;2.78;24/07/2026;03:00;14.7;0;SOLEIL;5;21.6;0
Arras;50.29;2.78;24/07/2026;04:00;14.7;0;SOLEIL;5;20.5;0
Arras;50.29;2.78;24/07/2026;05:00;17;0;SOLEIL;2;19.8;0
Arras;50.29;2.78;24/07/2026;06:00;17;0;SOLEIL;2;19.1;0
Arras;50.29;2.78;24/07/2026;07:00;17;0;SOLEIL;2;19.1;0
Arras;50.29;2.78;24/07/2026;08:00;17.6;0;SOLEIL;5;19.4;0
Arras;50.29;2.78;24/07/2026;09:00;19.0;0;SOLEIL;5;20.5;0
Arras;50.29;2.78;24/07/2026;10:00;20.4;0;SOLEIL;5;22.7;0
Arras;50.29;2.78;24/07/2026;11:00;25.6;0;SOLEIL;5;24.8;0
Arras;50.29;2.78;24/07/2026;12:00;25.6;0;SOLEIL;5;27.0;0
Arras;50.29;2.78;24/07/2026;13:00;25.6;0;SOLEIL;5;29.2;0
Arras;50.29;2.78;24/07/2026;14:00;26.2;0;SOLEIL;5;30.6;0
Arras;50.29;2.78;24/07/2026;15:00;27.6;0;SOLEIL;5;31.3;0
Arras;50.29;2.78;24/07/2026;16:00;26.2;0;SOLEIL;5;31.3;0
Arras;50.29;2.78;24/07/2026;17:00;25;0;SOLEIL;5;31.3;0
Arras;50.29;2.78;24/07/2026;18:00;25;0;SOLEIL;5;31.0;0
Arras;50.29;2.78;24/07/2026;19:00;25;0;SOLEIL;5;30.6;0
Arras;50.29;2.78;24/07/2026;20:00;20.4;0;SOLEIL;5;30.6;0
Arras;50.29;2.78;24/07/2026;21:00;19.0;0;SOLEIL;5;31.0;0
Arras;50.29;2.78;24/07/2026;22:00;17.6;0;SOLEIL;5;31.3;0
Arras;50.29;2.78;24/07/2026;23:00;17.6;0;SOLEIL;4;31.7;0
Arras;50.29;2.78;25/07/2026;00:00;17.6;0;SOLEIL;4;32.0;0
Arras;50.29;2.78;25/07/2026;01:00;17.6;0;SOLEIL;4;32.4;0
Arras;50.29;2.78;25/07/2026;02:00;15.6;6;AVERSES;5;32.4;0
Arras;50.29;2.78;25/07/2026;03:00;15.6;6;AVERSES;5;31.7;0
Arras;50.29;2.78;25/07/2026;04:00;15.6;6;AVERSES;5;30.6;0
Arras;50.29;2.78;25/07/2026;05:00;;6;AVERSES;;29.5;0
Arras;50.29;2.78;25/07/2026;06:00;;6;AVERSES;;28.4;0
Arras;50.29;2.78;25/07/2026;07:00;;6;AVERSES;;28.1;0
Arras;50.29;2.78;25/07/2026;08:00;17.9;6;AVERSES;5;28.4;0
Arras;50.29;2.78;25/07/2026;09:00;19.0;6;AVERSES;5;30.2;0
Arras;50.29;2.78;25/07/2026;10:00;20.2;6;AVERSES;5;33.1;0
Arras;50.29;2.78;25/07/2026;11:00;;6;AVERSES;;36.4;0
Arras;50.29;2.78;25/07/2026;12:00;;6;AVERSES;;40.0;0
Arras;50.29;2.78;25/07/2026;13:00;;6;AVERSES;;42.8;0
Arras;50.29;2.78;25/07/2026;14:00;24.8;6;AVERSES;5;45.0;0
Arras;50.29;2.78;25/07/2026;15:00;25.9;6;AVERSES;5;46.1;0
Arras;50.29;2.78;25/07/2026;16:00;24.8;6;AVERSES;5;46.8;0
Arras;50.29;2.78;25/07/2026;17:00;;6;AVERSES;;47.2;0
Arras;50.29;2.78;25/07/2026;18:00;;6;AVERSES;;47.2;0
Arras;50.29;2.78;25/07/2026;19:00;;6;AVERSES;;46.8;0
Arras;50.29;2.78;25/07/2026;20:00;20.2;6;AVERSES;5;46.1;0
Arras;50.29;2.78;25/07/2026;21:00;19.0;6;AVERSES;5;45.0;0
Arras;50.29;2.78;25/07/2026;22:00;17.9;6;AVERSES;5;43.2;0
Arras;50.29;2.78;25/07/2026;23:00;;6;AVERSES;;41.0;0
Arras;50.29;2.78;26/07/2026;00:00;;6;AVERSES;;38.9;0
Arras;50.29;2.78;26/07/2026;01:00;;6;AVERSES;;36.7;0
Arras;50.29;2.78;26/07/2026;02:00;14.9;6;AVERSES;5;34.9;0
Arras;50.29;2.78;26/07/2026;03:00;14.9;6;AVERSES;5;33.1;0
Arras;50.29;2.78;26/07/2026;04:00;14.9;6;AVERSES;5;31.3;0
Arras;50.29;2.78;26/07/2026;05:00;;6;AVERSES;;29.5;0
Arras;50.29;2.78;26/07/2026;06:00;;6;AVERSES;;28.1;0
Arras;50.29;2.78;26/07/2026;07:00;;6;AVERSES;;27.4;0
Arras;50.29;2.78;26/07/2026;08:00;17.1;6;AVERSES;5;27.7;0
Arras;50.29;2.78;26/07/2026;09:00;18.2;6;AVERSES;5;29.2;0
Arras;50.29;2.78;26/07/2026;10:00;19.3;6;AVERSES;5;32.0;0
Arras;50.29;2.78;26/07/2026;11:00;;6;AVERSES;;35.6;0
Arras;50.29;2.78;26/07/2026;12:00;;6;AVERSES;;39.2;0
Arras;50.29;2.78;26/07/2026;13:00;;6;AVERSES;;42.1;0
Arras;50.29;2.78;26/07/2026;14:00;23.8;6;AVERSES;5;43.9;0
Arras;50.29;2.78;26/07/2026;15:00;24.9;6;AVERSES;5;44.6;0
Arras;50.29;2.78;26/07/2026;16:00;23.8;6;AVERSES;5;44.3;0
Arras;50.29;2.78;26/07/2026;17:00;;6;AVERSES;;43.6;0
Arras;50.29;2.78;26/07/2026;18:00;;6;AVERSES;;42.5;0
Arras;50.29;2.78;26/07/2026;19:00;;6;AVERSES;;41.0;0
Arras;50.29;2.78;26/07/2026;20:00;19.3;6;AVERSES;5;40.0;0
Arras;50.29;2.78;26/07/2026;21:00;18.2;6;AVERSES;5;38.9;0
Arras;50.29;2.78;26/07/2026;22:00;17.1;6;AVERSES;5;37.4;0
Arras;50.29;2.78;26/07/2026;23:00;;6;AVERSES;;36.4;0
Arras;50.29;2.78;27/07/2026;00:00;;6;AVERSES;;34.9;0
Arras;50.29;2.78;27/07/2026;01:00;;6;AVERSES;;33.1;0
Arras;50.29;2.78;27/07/2026;02:00;14.9;6;AVERSES;5;31.7;0
Arras;50.29;2.78;27/07/2026;03:00;14.9;6;AVERSES;5;29.5;0
Arras;50.29;2.78;27/07/2026;04:00;14.9;6;AVERSES;5;27.0;0
Arras;50.29;2.78;27/07/2026;05:00;;6;AVERSES;;24.5;0
Arras;50.29;2.78;27/07/2026;06:00;;6;AVERSES;;22.3;0
Arras;50.29;2.78;27/07/2026;07:00;;6;AVERSES;;20.9;0
Arras;50.29;2.78;27/07/2026;08:00;17.2;6;AVERSES;5;20.9;0
Arras;50.29;2.78;27/07/2026;09:00;18.3;6;AVERSES;5;22.3;0
Arras;50.29;2.78;27/07/2026;10:00;19.4;6;AVERSES;5;25.6;0
Arras;50.29;2.78;27/07/2026;11:00;;6;AVERSES;;29.5;0
Arras;50.29;2.78;27/07/2026;12:00;;6;AVERSES;;33.5;0
Arras;50.29;2.78;27/07/2026;13:00;;6;AVERSES;;37.1;0
Arras;50.29;2.78;27/07/2026;14:00;24.0;6;AVERSES;5;40.0;0
Arras;50.29;2.78;27/07/2026;15:00;25.1;6;AVERSES;5;41.8;0
Arras;50.29;2.78;27/07/2026;16:00;24.0;6;AVERSES;5;43.6;0
Arras;50.29;2.78;27/07/2026;17:00;;6;AVERSES;;44.6;0
Arras;50.29;2.78;27/07/2026;18:00;;6;AVERSES;;45.7;0
Arras;50.29;2.78;27/07/2026;19:00;;6;AVERSES;;45.7;0
Arras;50.29;2.78;27/07/2026;20:00;19.4;6;AVERSES;5;45.7;0
Arras;50.29;2.78;27/07/2026;21:00;18.3;6;AVERSES;5;44.6;0
Arras;50.29;2.78;27/07/2026;22:00;17.2;6;AVERSES;5;43.2;0
Arras;50.29;2.78;27/07/2026;23:00;;6;AVERSES;;41.0;0
Arras;50.29;2.78;28/07/2026;00:00;;6;AVERSES;;38.5;0
Arras;50.29;2.78;28/07/2026;01:00;;6;AVERSES;;36.4;0
Arras;50.29;2.78;28/07/2026;02:00;15;6;AVERSES;5;34.6;0
Arras;50.29;2.78;28/07/2026;03:00;15;6;AVERSES;5;33.1;0
Arras;50.29;2.78;28/07/2026;04:00;15;6;AVERSES;5;31.3;0
Arras;50.29;2.78;28/07/2026;05:00;;6;AVERSES;;29.9;0
Arras;50.29;2.78;28/07/2026;06:00;;6;AVERSES;;28.8;0
Arras;50.29;2.78;28/07/2026;07:00;;6;AVERSES;;28.1;0
Arras;50.29;2.78;28/07/2026;08:00;17.2;6;AVERSES;5;28.1;0
Arras;50.29;2.78;28/07/2026;09:00;18.2;6;AVERSES;5;29.2;0
Arras;50.29;2.78;28/07/2026;10:00;19.3;6;AVERSES;5;31.0;0
Arras;50.29;2.78;28/07/2026;11:00;;6;AVERSES;;33.1;0
Arras;50.29;2.78;28/07/2026;12:00;;6;AVERSES;;35.6;0
Arras;50.29;2.78;28/07/2026;13:00;;6;AVERSES;;37.8;0
Arras;50.29;2.78;28/07/2026;14:00;23.6;6;AVERSES;5;39.2;0
Arras;50.29;2.78;28/07/2026;15:00;24.7;6;AVERSES;5;40.0;0
Arras;50.29;2.78;28/07/2026;16:00;23.6;6;AVERSES;5;40.7;0
Arras;50.29;2.78;28/07/2026;17:00;;6;AVERSES;;41.0;0
Arras;50.29;2.78;28/07/2026;18:00;;6;AVERSES;;40.7;0
Arras;50.29;2.78;28/07/2026;19:00;;6;AVERSES;;40.3;0
Arras;50.29;2.78;28/07/2026;20:00;19.3;6;AVERSES;5;38.9;0
Arras;50.29;2.78;28/07/2026;21:00;18.2;6;AVERSES;5;36.4;0
Arras;50.29;2.78;28/07/2026;22:00;17.2;6;AVERSES;5;33.1;0
Arras;50.29;2.78;28/07/2026;23:00;;6;AVERSES;;29.2;0
Arras;50.29;2.78;29/07/2026;00:00;;6;AVERSES;;25.2;0
Arras;50.29;2.78;29/07/2026;01:00;;6;AVERSES;;22.0;0
Arras;50.29;2.78;29/07/2026;02:00;14.2;6;AVERSES;5;19.8;0
Arras;50.29;2.78;29/07/2026;03:00;14.2;6;AVERSES;5;19.1;0
Arras;50.29;2.78;29/07/2026;04:00;14.2;6;AVERSES;5;19.1;0
Arras;50.29;2.78;29/07/2026;05:00;;6;AVERSES;;19.8;0
Arras;50.29;2.78;29/07/2026;06:00;;6;AVERSES;;20.9;0
Arras;50.29;2.78;29/07/2026;07:00;;6;AVERSES;;22.3;0
Arras;50.29;2.78;29/07/2026;08:00;16.7;6;AVERSES;5;23.4;0
Arras;50.29;2.78;29/07/2026;09:00;18.0;6;AVERSES;5;24.8;0
Arras;50.29;2.78;29/07/2026;10:00;19.3;6;AVERSES;5;26.6;0
Arras;50.29;2.78;29/07/2026;11:00;;6;AVERSES;;28.4;0
Arras;50.29;2.78;29/07/2026;12:00;;6;AVERSES;;30.6;0
Arras;50.29;2.78;29/07/2026;13:00;;6;AVERSES;;32.4;0
Arras;50.29;2.78;29/07/2026;14:00;24.3;6;AVERSES;5;33.8;0
Arras;50.29;2.78;29/07/2026;15:00;25.6;6;AVERSES;5;35.3;0
Arras;50.29;2.78;29/07/2026;16:00;24.3;6;AVERSES;5;36.7;0
Arras;50.29;2.78;29/07/2026;17:00;;6;AVERSES;;37.8;0
Arras;50.29;2.78;29/07/2026;18:00;;6;AVERSES;;38.5;0
Arras;50.29;2.78;29/07/2026;19:00;;6;AVERSES;;38.9;0
Arras;50.29;2.78;29/07/2026;20:00;19.3;6;AVERSES;5;38.5;0
Arras;50.29;2.78;29/07/2026;21:00;18.0;6;AVERSES;5;36.7;0
Arras;50.29;2.78;29/07/2026;22:00;16.7;6;AVERSES;5;34.2;0
Arras;50.29;2.78;29/07/2026;23:00;15.5;6;AVERSES;5;31.0;0
Arras;50.29;2.78;30/07/2026;00:00;12;0;SOLEIL;5;27.6;0
Arras;50.29;2.78;30/07/2026;01:00;12;0;SOLEIL;5;24.1;0
Arras;50.29;2.78;30/07/2026;02:00;12;0;SOLEIL;5;22.4;0
Arras;50.29;2.78;30/07/2026;03:00;12;0;SOLEIL;5;21.6;0
Arras;50.29;2.78;30/07/2026;04:00;12;0;SOLEIL;5;22.0;0
Arras;50.29;2.78;30/07/2026;05:00;12;0;SOLEIL;5;0.0;0
Arras;50.29;2.78;30/07/2026;06:00;12;0;SOLEIL;5;0.0;0
Arras;50.29;2.78;30/07/2026;07:00;13.1;0;SOLEIL;5;0.0;0
Arras;50.29;2.78;30/07/2026;08:00;14.2;0;SOLEIL;5;0.0;0
Arras;50.29;2.78;30/07/2026;09:00;15.3;0;SOLEIL;5;0.0;0
Arras;50.29;2.78;30/07/2026;10:00;16.4;0;SOLEIL;5;0.0;0
Arras;50.29;2.78;30/07/2026;11:00;17.6;0;SOLEIL;5;0.0;0
Arras;50.29;2.78;30/07/2026;12:00;18.7;0;SOLEIL;5;0.0;0
Arras;50.29;2.78;30/07/2026;13:00;19.8;0;SOLEIL;5;0.0;0
Arras;50.29;2.78;30/07/2026;14:00;20.9;0;SOLEIL;5;0.0;0
Arras;50.29;2.78;30/07/2026;15:00;22.0;0;SOLEIL;5;0.0;0
Arras;50.29;2.78;30/07/2026;16:00;20.9;0;SOLEIL;5;0.0;0
Arras;50.29;2.78;30/07/2026;17:00;19.8;0;SOLEIL;5;0.0;0
Arras;50.29;2.78;30/07/2026;18:00;18.7;0;SOLEIL;5;0.0;0
Arras;50.29;2.78;30/07/2026;19:00;17.6;0;SOLEIL;5;0.0;0
Arras;50.29;2.78;30/07/2026;20:00;16.4;0;SOLEIL;5;0.0;0
Arras;50.29;2.78;30/07/2026;21:00;15.3;0;SOLEIL;5;0.0;0
Arras;50.29;2.78;30/07/2026;22:00;14.2;0;SOLEIL;5;0.0;0
Arras;50.29;2.78;30/07/2026;23:00;13.1;0;SOLEIL;5;0.0;0
Arras;50.29;2.78;31/07/2026;00:00;12;0;SOLEIL;5;0.0;0
Arras;50.29;2.78;31/07/2026;01:00;12;0;SOLEIL;5;0.0;0
Arras;50.29;2.78;31/07/2026;02:00;12;0;SOLEIL;5;0.0;0
Arras;50.29;2.78;31/07/2026;03:00;12;0;SOLEIL;5;0.0;0
Arras;50.29;2.78;31/07/2026;04:00;12;0;SOLEIL;5;0.0;0
Arras;50.29;2.78;31/07/2026;05:00;12;0;SOLEIL;5;0.0;0
Arras;50.29;2.78;31/07/2026;06:00;12;0;SOLEIL;5;0.0;0
Arras;50.29;2.78;31/07/2026;07:00;13.1;0;SOLEIL;5;0.0;0
Arras;50.29;2.78;31/07/2026;08:00;14.2;0;SOLEIL;5;0.0;0
Arras;50.29;2.78;31/07/2026;09:00;15.3;0;SOLEIL;5;0.0;0
Arras;50.29;2.78;31/07/2026;10:00;16.4;0;SOLEIL;5;0.0;0
Arras;50.29;2.78;31/07/2026;11:00;17.6;0;SOLEIL;5;0.0;0
Arras;50.29;2.78;31/07/2026;12:00;18.7;0;SOLEIL;5;0.0;0
Arras;50.29;2.78;31/07/2026;13:00;19.8;0;SOLEIL;5;0.0;0
Arras;50.29;2.78;31/07/2026;14:00;20.9;0;SOLEIL;5;0.0;0
Arras;50.29;2.78;31/07/2026;15:00;22.0;0;SOLEIL;5;0.0;0
Arras;50.29;2.78;31/07/2026;16:00;20.9;0;SOLEIL;5;0.0;0
Arras;50.29;2.78;31/07/2026;17:00;19.8;0;SOLEIL;5;0.0;0
Arras;50.29;2.78;31/07/2026;18:00;18.7;0;SOLEIL;5;0.0;0
Arras;50.29;2.78;31/07/2026;19:00;17.6;0;SOLEIL;5;0.0;0
Arras;50.29;2.78;31/07/2026;20:00;16.4;0;SOLEIL;5;0.0;0
Arras;50.29;2.78;31/07/2026;21:00;15.3;0;SOLEIL;5;0.0;0
Arras;50.29;2.78;31/07/2026;22:00;14.2;0;SOLEIL;5;0.0;0
Arras;50.29;2.78;31/07/2026;23:00;13.1;0;SOLEIL;5;0.0;0
Berck;50.4;1.57;16/07/2026;00:00;18.1;0;SOLEIL;6;33.1;0
Berck;50.4;1.57;16/07/2026;01:00;17.6;0;SOLEIL;5;27.7;0
Berck;50.4;1.57;16/07/2026;02:00;17.4;0;SOLEIL;6;21.6;0
Berck;50.4;1.57;16/07/2026;03:00;17.6;0;SOLEIL;6;20.5;0
Berck;50.4;1.57;16/07/2026;04:00;18.1;0;SOLEIL;5;18.4;0
Berck;50.4;1.57;16/07/2026;05:00;18.6;0;SOLEIL;6;16.2;0
Berck;50.4;1.57;16/07/2026;06:00;19.6;0;SOLEIL;5;13.7;0
Berck;50.4;1.57;16/07/2026;07:00;22.1;0;SOLEIL;5;15.5;0
Berck;50.4;1.57;16/07/2026;08:00;23.7;0;SOLEIL;5;15.5;0
Berck;50.4;1.57;16/07/2026;09:00;24.7;0;SOLEIL;5;19.8;0
Berck;50.4;1.57;16/07/2026;10:00;25.5;0;SOLEIL;6;24.5;0
Berck;50.4;1.57;16/07/2026;11:00;26.5;0;SOLEIL;6;27.7;0
Berck;50.4;1.57;16/07/2026;12:00;26.7;0;SOLEIL;8;33.5;0
Berck;50.4;1.57;16/07/2026;13:00;27.2;0;SOLEIL;10;36.4;0
Berck;50.4;1.57;16/07/2026;14:00;26.7;0;SOLEIL;10;34.2;0
Berck;50.4;1.57;16/07/2026;15:00;25.9;0;SOLEIL;9;30.2;0
Berck;50.4;1.57;16/07/2026;16:00;24.5;0;SOLEIL;8;36.0;0
Berck;50.4;1.57;16/07/2026;17:00;23.1;0;SOLEIL;8;42.1;0
Berck;50.4;1.57;16/07/2026;18:00;22.2;0;SOLEIL;8;45.0;0
Berck;50.4;1.57;16/07/2026;19:00;21;0;SOLEIL;7;47.5;0
Berck;50.4;1.57;16/07/2026;20:00;19.5;0;SOLEIL;6;45.0;0
Berck;50.4;1.57;16/07/2026;21:00;18.6;0;SOLEIL;5;40.7;0
Berck;50.4;1.57;16/07/2026;22:00;17.6;0;SOLEIL;5;35.3;0
Berck;50.4;1.57;16/07/2026;23:00;17.2;0;SOLEIL;5;28.4;0
Berck;50.4;1.57;17/07/2026;00:00;17.1;0;SOLEIL;5;26.3;0
Berck;50.4;1.57;17/07/2026;01:00;17.1;0;SOLEIL;5;25.2;0
Berck;50.4;1.57;17/07/2026;02:00;16.6;0;SOLEIL;4;19.4;0
Berck;50.4;1.57;17/07/2026;03:00;16.6;0;SOLEIL;4;18.4;0
Berck;50.4;1.57;17/07/2026;04:00;16.6;0;SOLEIL;4;12.6;0
Berck;50.4;1.57;17/07/2026;05:00;18;0;SOLEIL;4;15.8;0
Berck;50.4;1.57;17/07/2026;06:00;18;0;SOLEIL;4;17.6;0
Berck;50.4;1.57;17/07/2026;07:00;18;0;SOLEIL;4;19.4;0
Berck;50.4;1.57;17/07/2026;08:00;21;0;SOLEIL;5;21.2;0
Berck;50.4;1.57;17/07/2026;09:00;21;0;SOLEIL;5;27.6;0
Berck;50.4;1.57;17/07/2026;10:00;21;0;SOLEIL;5;26.8;0
Berck;50.4;1.57;17/07/2026;11:00;23.1;0;SOLEIL;6;24.7;0
Berck;50.4;1.57;17/07/2026;12:00;23.1;0;SOLEIL;6;20.2;0
Berck;50.4;1.57;17/07/2026;13:00;23.1;0;SOLEIL;6;24.1;0
Berck;50.4;1.57;17/07/2026;14:00;23.9;0;SOLEIL;5;28.8;0
Berck;50.4;1.57;17/07/2026;15:00;23.9;0;SOLEIL;5;29.9;0
Berck;50.4;1.57;17/07/2026;16:00;23.9;0;SOLEIL;5;29.9;0
Berck;50.4;1.57;17/07/2026;17:00;22.6;0;SOLEIL;4;31.0;0
Berck;50.4;1.57;17/07/2026;18:00;22.6;0;SOLEIL;4;32.0;0
Berck;50.4;1.57;17/07/2026;19:00;22.6;0;SOLEIL;4;32.0;0
Berck;50.4;1.57;17/07/2026;20:00;18.1;0;SOLEIL;3;30.2;0
Berck;50.4;1.57;17/07/2026;21:00;18.1;0;SOLEIL;3;27.4;0
Berck;50.4;1.57;17/07/2026;22:00;18.1;0;SOLEIL;3;19.8;0
Berck;50.4;1.57;17/07/2026;23:00;16.1;0;SOLEIL;3;12.6;0
Berck;50.4;1.57;18/07/2026;00:00;16.1;0;SOLEIL;3;6.8;0
Berck;50.4;1.57;18/07/2026;01:00;16.1;0;SOLEIL;3;6.5;0
Berck;50.4;1.57;18/07/2026;02:00;15.1;0;SOLEIL;3;6.8;0
Berck;50.4;1.57;18/07/2026;03:00;15.1;0;SOLEIL;3;7.9;0
Berck;50.4;1.57;18/07/2026;04:00;15.1;0;SOLEIL;3;7.2;0
Berck;50.4;1.57;18/07/2026;05:00;17.5;0;SOLEIL;3;6.1;0
Berck;50.4;1.57;18/07/2026;06:00;17.5;0;SOLEIL;3;4.3;0
Berck;50.4;1.57;18/07/2026;07:00;17.5;0;SOLEIL;3;5.8;0
Berck;50.4;1.57;18/07/2026;08:00;18.9;0;SOLEIL;4;14.0;0
Berck;50.4;1.57;18/07/2026;09:00;18.9;0;SOLEIL;4;22.0;0
Berck;50.4;1.57;18/07/2026;10:00;18.9;0;SOLEIL;4;26.6;0
Berck;50.4;1.57;18/07/2026;11:00;21;0;SOLEIL;6;30.2;0
Berck;50.4;1.57;18/07/2026;12:00;21;0;SOLEIL;6;32.4;0
Berck;50.4;1.57;18/07/2026;13:00;21;0;SOLEIL;6;38.5;0
Berck;50.4;1.57;18/07/2026;14:00;20.6;0;SOLEIL;5;38.9;0
Berck;50.4;1.57;18/07/2026;15:00;20.6;0;SOLEIL;5;39.6;0
Berck;50.4;1.57;18/07/2026;16:00;20.6;0;SOLEIL;5;39.2;0
Berck;50.4;1.57;18/07/2026;17:00;20.9;0;SOLEIL;5;38.2;0
Berck;50.4;1.57;18/07/2026;18:00;20.9;0;SOLEIL;5;37.1;0
Berck;50.4;1.57;18/07/2026;19:00;20.9;0;SOLEIL;5;35.6;0
Berck;50.4;1.57;18/07/2026;20:00;17.9;0;SOLEIL;5;33.1;0
Berck;50.4;1.57;18/07/2026;21:00;17.1;0;SOLEIL;5;29.2;0
Berck;50.4;1.57;18/07/2026;22:00;16.2;0;SOLEIL;5;24.1;0
Berck;50.4;1.57;18/07/2026;23:00;15.7;0;SOLEIL;3;19.1;0
Berck;50.4;1.57;19/07/2026;00:00;15.7;0;SOLEIL;3;13.7;0
Berck;50.4;1.57;19/07/2026;01:00;15.7;0;SOLEIL;3;8.3;0
Berck;50.4;1.57;19/07/2026;02:00;14;0;SOLEIL;5;5.0;0
Berck;50.4;1.57;19/07/2026;03:00;14;0;SOLEIL;5;5.4;0
Berck;50.4;1.57;19/07/2026;04:00;14;0;SOLEIL;5;8.3;0
Berck;50.4;1.57;19/07/2026;05:00;16;0;SOLEIL;5;11.5;0
Berck;50.4;1.57;19/07/2026;06:00;16;0;SOLEIL;5;14.8;0
Berck;50.4;1.57;19/07/2026;07:00;16;0;SOLEIL;5;18.4;0
Berck;50.4;1.57;19/07/2026;08:00;15.6;0;SOLEIL;5;22.0;0
Berck;50.4;1.57;19/07/2026;09:00;16.4;0;SOLEIL;5;25.6;0
Berck;50.4;1.57;19/07/2026;10:00;17.2;0;SOLEIL;5;29.5;0
Berck;50.4;1.57;19/07/2026;11:00;19.7;0;SOLEIL;6;32.4;0
Berck;50.4;1.57;19/07/2026;12:00;19.7;0;SOLEIL;6;34.6;0
Berck;50.4;1.57;19/07/2026;13:00;19.7;0;SOLEIL;6;35.6;0
Berck;50.4;1.57;19/07/2026;14:00;20.3;0;SOLEIL;5;36.7;0
Berck;50.4;1.57;19/07/2026;15:00;21.1;0;SOLEIL;5;37.8;0
Berck;50.4;1.57;19/07/2026;16:00;20.3;0;SOLEIL;5;38.2;0
Berck;50.4;1.57;19/07/2026;17:00;20.1;0;SOLEIL;5;38.5;0
Berck;50.4;1.57;19/07/2026;18:00;20.1;0;SOLEIL;5;38.9;0
Berck;50.4;1.57;19/07/2026;19:00;20.1;0;SOLEIL;5;38.5;0
Berck;50.4;1.57;19/07/2026;20:00;17.2;0;SOLEIL;5;36.7;0
Berck;50.4;1.57;19/07/2026;21:00;16.4;0;SOLEIL;5;32.0;0
Berck;50.4;1.57;19/07/2026;22:00;15.6;0;SOLEIL;5;25.6;0
Berck;50.4;1.57;19/07/2026;23:00;14.6;0;SOLEIL;3;19.8;0
Berck;50.4;1.57;20/07/2026;00:00;14.6;0;SOLEIL;3;15.5;0
Berck;50.4;1.57;20/07/2026;01:00;14.6;0;SOLEIL;3;12.2;0
Berck;50.4;1.57;20/07/2026;02:00;13.1;0;SOLEIL;5;9.7;0
Berck;50.4;1.57;20/07/2026;03:00;13.1;0;SOLEIL;5;8.3;0
Berck;50.4;1.57;20/07/2026;04:00;13.1;0;SOLEIL;5;7.9;0
Berck;50.4;1.57;20/07/2026;05:00;15.9;0;SOLEIL;4;7.9;0
Berck;50.4;1.57;20/07/2026;06:00;15.9;0;SOLEIL;4;10.9;0
Berck;50.4;1.57;20/07/2026;07:00;15.9;0;SOLEIL;4;14.4;0
Berck;50.4;1.57;20/07/2026;08:00;15.0;0;SOLEIL;5;17.7;0
Berck;50.4;1.57;20/07/2026;09:00;15.9;0;SOLEIL;5;25.2;0
Berck;50.4;1.57;20/07/2026;10:00;16.8;0;SOLEIL;5;28.8;0
Berck;50.4;1.57;20/07/2026;11:00;20.1;0;SOLEIL;6;31.7;0
Berck;50.4;1.57;20/07/2026;12:00;20.1;0;SOLEIL;6;33.8;0
Berck;50.4;1.57;20/07/2026;13:00;20.1;0;SOLEIL;6;35.6;0
Berck;50.4;1.57;20/07/2026;14:00;20.6;0;SOLEIL;5;37.1;0
Berck;50.4;1.57;20/07/2026;15:00;21.5;0;SOLEIL;5;38.2;0
Berck;50.4;1.57;20/07/2026;16:00;20.6;0;SOLEIL;5;39.2;0
Berck;50.4;1.57;20/07/2026;17:00;20.4;0;SOLEIL;5;40.0;0
Berck;50.4;1.57;20/07/2026;18:00;20.4;0;SOLEIL;5;40.7;0
Berck;50.4;1.57;20/07/2026;19:00;20.4;0;SOLEIL;5;41.4;0
Berck;50.4;1.57;20/07/2026;20:00;16.8;0;SOLEIL;5;40.3;0
Berck;50.4;1.57;20/07/2026;21:00;15.9;0;SOLEIL;5;37.1;0
Berck;50.4;1.57;20/07/2026;22:00;15.0;0;SOLEIL;5;32.4;0
Berck;50.4;1.57;20/07/2026;23:00;15.5;0;SOLEIL;3;27.7;0
Berck;50.4;1.57;21/07/2026;00:00;15.5;0;SOLEIL;3;23.4;0
Berck;50.4;1.57;21/07/2026;01:00;15.5;0;SOLEIL;3;19.4;0
Berck;50.4;1.57;21/07/2026;02:00;14.1;0;SOLEIL;5;16.6;0
Berck;50.4;1.57;21/07/2026;03:00;14.1;0;SOLEIL;5;15.1;0
Berck;50.4;1.57;21/07/2026;04:00;14.1;0;SOLEIL;5;15.1;0
Berck;50.4;1.57;21/07/2026;05:00;15.6;0;SOLEIL;4;15.5;0
Berck;50.4;1.57;21/07/2026;06:00;15.6;0;SOLEIL;4;16.6;0
Berck;50.4;1.57;21/07/2026;07:00;15.6;0;SOLEIL;4;18.0;0
Berck;50.4;1.57;21/07/2026;08:00;15.9;0;SOLEIL;5;19.8;0
Berck;50.4;1.57;21/07/2026;09:00;16.8;0;SOLEIL;5;21.6;0
Berck;50.4;1.57;21/07/2026;10:00;17.7;0;SOLEIL;5;23.8;0
Berck;50.4;1.57;21/07/2026;11:00;20.6;0;SOLEIL;6;25.2;0
Berck;50.4;1.57;21/07/2026;12:00;20.6;0;SOLEIL;6;25.6;0
Berck;50.4;1.57;21/07/2026;13:00;20.6;0;SOLEIL;6;25.6;0
Berck;50.4;1.57;21/07/2026;14:00;21.2;0;SOLEIL;5;26.6;0
Berck;50.4;1.57;21/07/2026;15:00;22.1;0;SOLEIL;5;29.9;0
Berck;50.4;1.57;21/07/2026;16:00;21.2;0;SOLEIL;5;34.2;0
Berck;50.4;1.57;21/07/2026;17:00;20.7;0;SOLEIL;5;37.1;0
Berck;50.4;1.57;21/07/2026;18:00;20.7;0;SOLEIL;5;38.2;0
Berck;50.4;1.57;21/07/2026;19:00;20.7;0;SOLEIL;5;38.2;0
Berck;50.4;1.57;21/07/2026;20:00;17.7;0;SOLEIL;5;37.1;0
Berck;50.4;1.57;21/07/2026;21:00;16.8;0;SOLEIL;5;34.6;0
Berck;50.4;1.57;21/07/2026;22:00;15.9;0;SOLEIL;5;31.0;0
Berck;50.4;1.57;21/07/2026;23:00;15.9;0;SOLEIL;3;27.4;0
Berck;50.4;1.57;22/07/2026;00:00;15.9;0;SOLEIL;3;23.4;0
Berck;50.4;1.57;22/07/2026;01:00;15.9;0;SOLEIL;3;19.1;0
Berck;50.4;1.57;22/07/2026;02:00;14.2;0;SOLEIL;5;15.8;0
Berck;50.4;1.57;22/07/2026;03:00;14.2;0;SOLEIL;5;14.8;0
Berck;50.4;1.57;22/07/2026;04:00;14.2;0;SOLEIL;5;15.1;0
Berck;50.4;1.57;22/07/2026;05:00;16.1;0;SOLEIL;2;15.5;0
Berck;50.4;1.57;22/07/2026;06:00;16.1;0;SOLEIL;2;15.8;0
Berck;50.4;1.57;22/07/2026;07:00;16.1;0;SOLEIL;2;16.2;0
Berck;50.4;1.57;22/07/2026;08:00;16.0;0;SOLEIL;5;17.6;0
Berck;50.4;1.57;22/07/2026;09:00;16.8;0;SOLEIL;5;20.2;0
Berck;50.4;1.57;22/07/2026;10:00;17.7;0;SOLEIL;5;23.4;0
Berck;50.4;1.57;22/07/2026;11:00;21.4;0;SOLEIL;4;26.3;0
Berck;50.4;1.57;22/07/2026;12:00;21.4;0;SOLEIL;4;25.5;0
Berck;50.4;1.57;22/07/2026;13:00;21.4;0;SOLEIL;4;25.4;0
Berck;50.4;1.57;22/07/2026;14:00;21.2;0;SOLEIL;5;25.6;0
Berck;50.4;1.57;22/07/2026;15:00;22.1;0;SOLEIL;5;26.3;0
Berck;50.4;1.57;22/07/2026;16:00;21.2;0;SOLEIL;5;28.1;0
Berck;50.4;1.57;22/07/2026;17:00;20.6;0;SOLEIL;4;29.5;0
Berck;50.4;1.57;22/07/2026;18:00;20.6;0;SOLEIL;4;30.6;0
Berck;50.4;1.57;22/07/2026;19:00;20.6;0;SOLEIL;4;31.3;0
Berck;50.4;1.57;22/07/2026;20:00;17.7;0;SOLEIL;5;31.3;0
Berck;50.4;1.57;22/07/2026;21:00;16.8;0;SOLEIL;5;30.2;0
Berck;50.4;1.57;22/07/2026;22:00;16.0;0;SOLEIL;5;28.4;0
Berck;50.4;1.57;22/07/2026;23:00;17.2;0;SOLEIL;3;25.9;0
Berck;50.4;1.57;23/07/2026;00:00;17.2;0;SOLEIL;3;23.0;0
Berck;50.4;1.57;23/07/2026;01:00;17.2;0;SOLEIL;3;20.9;0
Berck;50.4;1.57;23/07/2026;02:00;15.6;0;SOLEIL;5;19.1;0
Berck;50.4;1.57;23/07/2026;03:00;15.6;0;SOLEIL;5;18.0;0
Berck;50.4;1.57;23/07/2026;04:00;15.6;0;SOLEIL;5;17.3;0
Berck;50.4;1.57;23/07/2026;05:00;17.2;0;SOLEIL;3;16.9;0
Berck;50.4;1.57;23/07/2026;06:00;17.2;0;SOLEIL;3;16.9;0
Berck;50.4;1.57;23/07/2026;07:00;17.2;0;SOLEIL;3;17.3;0
Berck;50.4;1.57;23/07/2026;08:00;17.5;0;SOLEIL;5;17.6;0
Berck;50.4;1.57;23/07/2026;09:00;18.4;0;SOLEIL;5;18.7;0
Berck;50.4;1.57;23/07/2026;10:00;19.4;0;SOLEIL;5;19.8;0
Berck;50.4;1.57;23/07/2026;11:00;23.1;0;SOLEIL;5;21.6;0
Berck;50.4;1.57;23/07/2026;12:00;23.1;0;SOLEIL;5;23.4;0
Berck;50.4;1.57;23/07/2026;13:00;23.1;0;SOLEIL;5;25.2;0
Berck;50.4;1.57;23/07/2026;14:00;23.2;0;SOLEIL;5;26.6;0
Berck;50.4;1.57;23/07/2026;15:00;24.1;0;SOLEIL;5;28.4;0
Berck;50.4;1.57;23/07/2026;16:00;23.2;0;SOLEIL;5;30.2;0
Berck;50.4;1.57;23/07/2026;17:00;22.5;0;SOLEIL;4;32.0;0
Berck;50.4;1.57;23/07/2026;18:00;22.5;0;SOLEIL;4;33.8;0
Berck;50.4;1.57;23/07/2026;19:00;22.5;0;SOLEIL;4;34.6;0
Berck;50.4;1.57;23/07/2026;20:00;19.4;0;SOLEIL;5;34.2;0
Berck;50.4;1.57;23/07/2026;21:00;18.4;0;SOLEIL;5;32.4;0
Berck;50.4;1.57;23/07/2026;22:00;17.5;0;SOLEIL;5;28.8;0
Berck;50.4;1.57;23/07/2026;23:00;17.6;0;SOLEIL;4;24.8;0
Berck;50.4;1.57;24/07/2026;00:00;17.6;0;SOLEIL;4;20.5;0
Berck;50.4;1.57;24/07/2026;01:00;17.6;0;SOLEIL;4;17.3;0
Berck;50.4;1.57;24/07/2026;02:00;15.9;0;SOLEIL;5;14.8;0
Berck;50.4;1.57;24/07/2026;03:00;15.9;0;SOLEIL;5;13.7;0
Berck;50.4;1.57;24/07/2026;04:00;15.9;0;SOLEIL;5;13.0;0
Berck;50.4;1.57;24/07/2026;05:00;17.2;0;SOLEIL;3;13.3;0
Berck;50.4;1.57;24/07/2026;06:00;17.2;0;SOLEIL;3;13.7;0
Berck;50.4;1.57;24/07/2026;07:00;17.2;0;SOLEIL;3;14.8;0
Berck;50.4;1.57;24/07/2026;08:00;17.5;0;SOLEIL;5;16.2;0
Berck;50.4;1.57;24/07/2026;09:00;18.3;0;SOLEIL;5;18.4;0
Berck;50.4;1.57;24/07/2026;10:00;19.1;0;SOLEIL;5;21.2;0
Berck;50.4;1.57;24/07/2026;11:00;22.4;0;SOLEIL;5;24.8;0
Berck;50.4;1.57;24/07/2026;12:00;22.4;0;SOLEIL;5;28.4;0
Berck;50.4;1.57;24/07/2026;13:00;22.4;0;SOLEIL;5;31.3;0
Berck;50.4;1.57;24/07/2026;14:00;22.3;0;SOLEIL;5;33.5;0
Berck;50.4;1.57;24/07/2026;15:00;23.1;0;SOLEIL;5;34.6;0
Berck;50.4;1.57;24/07/2026;16:00;22.3;0;SOLEIL;5;34.9;0
Berck;50.4;1.57;24/07/2026;17:00;21.6;0;SOLEIL;5;34.9;0
Berck;50.4;1.57;24/07/2026;18:00;21.6;0;SOLEIL;5;34.6;0
Berck;50.4;1.57;24/07/2026;19:00;21.6;0;SOLEIL;5;34.2;0
Berck;50.4;1.57;24/07/2026;20:00;19.1;0;SOLEIL;5;33.8;0
Berck;50.4;1.57;24/07/2026;21:00;18.3;0;SOLEIL;5;33.5;0
Berck;50.4;1.57;24/07/2026;22:00;17.5;0;SOLEIL;5;32.8;0
Berck;50.4;1.57;24/07/2026;23:00;18.1;0;SOLEIL;5;31.7;0
Berck;50.4;1.57;25/07/2026;00:00;18.1;0;SOLEIL;5;31.0;0
Berck;50.4;1.57;25/07/2026;01:00;18.1;0;SOLEIL;5;30.2;0
Berck;50.4;1.57;25/07/2026;02:00;16.2;0;SOLEIL;5;30.2;0
Berck;50.4;1.57;25/07/2026;03:00;16.2;0;SOLEIL;5;30.6;0
Berck;50.4;1.57;25/07/2026;04:00;16.2;0;SOLEIL;5;31.3;0
Berck;50.4;1.57;25/07/2026;05:00;;0;SOLEIL;;32.0;0
Berck;50.4;1.57;25/07/2026;06:00;;0;SOLEIL;;33.1;0
Berck;50.4;1.57;25/07/2026;07:00;;0;SOLEIL;;34.2;0
Berck;50.4;1.57;25/07/2026;08:00;17.3;0;SOLEIL;5;35.3;0
Berck;50.4;1.57;25/07/2026;09:00;17.8;0;SOLEIL;5;36.4;0
Berck;50.4;1.57;25/07/2026;10:00;18.4;0;SOLEIL;5;37.8;0
Berck;50.4;1.57;25/07/2026;11:00;;0;SOLEIL;;39.2;0
Berck;50.4;1.57;25/07/2026;12:00;;0;SOLEIL;;40.3;0
Berck;50.4;1.57;25/07/2026;13:00;;0;SOLEIL;;41.8;0
Berck;50.4;1.57;25/07/2026;14:00;20.6;0;SOLEIL;5;42.8;0
Berck;50.4;1.57;25/07/2026;15:00;21.1;0;SOLEIL;5;43.9;0
Berck;50.4;1.57;25/07/2026;16:00;20.6;0;SOLEIL;5;45.0;0
Berck;50.4;1.57;25/07/2026;17:00;;0;SOLEIL;;46.1;0
Berck;50.4;1.57;25/07/2026;18:00;;0;SOLEIL;;46.8;0
Berck;50.4;1.57;25/07/2026;19:00;;0;SOLEIL;;47.2;0
Berck;50.4;1.57;25/07/2026;20:00;18.4;0;SOLEIL;5;47.2;0
Berck;50.4;1.57;25/07/2026;21:00;17.8;0;SOLEIL;5;46.4;0
Berck;50.4;1.57;25/07/2026;22:00;17.3;0;SOLEIL;5;45.0;0
Berck;50.4;1.57;25/07/2026;23:00;;6;AVERSES;;43.2;0
Berck;50.4;1.57;26/07/2026;00:00;;6;AVERSES;;41.4;0
Berck;50.4;1.57;26/07/2026;01:00;;6;AVERSES;;39.6;0
Berck;50.4;1.57;26/07/2026;02:00;15.9;6;AVERSES;5;38.2;0
Berck;50.4;1.57;26/07/2026;03:00;15.9;6;AVERSES;5;37.1;0
Berck;50.4;1.57;26/07/2026;04:00;15.9;6;AVERSES;5;36.4;0
Berck;50.4;1.57;26/07/2026;05:00;;6;AVERSES;;35.6;0
Berck;50.4;1.57;26/07/2026;06:00;;6;AVERSES;;35.3;0
Berck;50.4;1.57;26/07/2026;07:00;;6;AVERSES;;34.9;0
Berck;50.4;1.57;26/07/2026;08:00;17.3;6;AVERSES;5;34.9;0
Berck;50.4;1.57;26/07/2026;09:00;18.0;6;AVERSES;5;35.3;0
Berck;50.4;1.57;26/07/2026;10:00;18.7;6;AVERSES;5;36.0;0
Berck;50.4;1.57;26/07/2026;11:00;;6;AVERSES;;37.1;0
Berck;50.4;1.57;26/07/2026;12:00;;6;AVERSES;;37.8;0
Berck;50.4;1.57;26/07/2026;13:00;;6;AVERSES;;38.9;0
Berck;50.4;1.57;26/07/2026;14:00;21.4;6;AVERSES;5;39.2;0
Berck;50.4;1.57;26/07/2026;15:00;22.1;6;AVERSES;5;39.2;0
Berck;50.4;1.57;26/07/2026;16:00;21.4;6;AVERSES;5;39.6;0
Berck;50.4;1.57;26/07/2026;17:00;;6;AVERSES;;39.2;0
Berck;50.4;1.57;26/07/2026;18:00;;6;AVERSES;;39.2;0
Berck;50.4;1.57;26/07/2026;19:00;;6;AVERSES;;38.5;0
Berck;50.4;1.57;26/07/2026;20:00;18.7;6;AVERSES;5;37.4;0
Berck;50.4;1.57;26/07/2026;21:00;18.0;6;AVERSES;5;35.6;0
Berck;50.4;1.57;26/07/2026;22:00;17.3;6;AVERSES;5;33.5;0
Berck;50.4;1.57;26/07/2026;23:00;;6;AVERSES;;31.0;0
Berck;50.4;1.57;27/07/2026;00:00;;6;AVERSES;;28.4;0
Berck;50.4;1.57;27/07/2026;01:00;;6;AVERSES;;26.3;0
Berck;50.4;1.57;27/07/2026;02:00;16.1;6;AVERSES;5;24.8;0
Berck;50.4;1.57;27/07/2026;03:00;16.1;6;AVERSES;5;24.1;0
Berck;50.4;1.57;27/07/2026;04:00;16.1;6;AVERSES;5;23.8;0
Berck;50.4;1.57;27/07/2026;05:00;;6;AVERSES;;23.4;0
Berck;50.4;1.57;27/07/2026;06:00;;6;AVERSES;;23.8;0
Berck;50.4;1.57;27/07/2026;07:00;;6;AVERSES;;24.8;0
Berck;50.4;1.57;27/07/2026;08:00;17.4;6;AVERSES;5;25.9;0
Berck;50.4;1.57;27/07/2026;09:00;18.1;6;AVERSES;5;27.7;0
Berck;50.4;1.57;27/07/2026;10:00;18.8;6;AVERSES;5;30.6;0
Berck;50.4;1.57;27/07/2026;11:00;;6;AVERSES;;33.8;0
Berck;50.4;1.57;27/07/2026;12:00;;6;AVERSES;;37.1;0
Berck;50.4;1.57;27/07/2026;13:00;;6;AVERSES;;40.0;0
Berck;50.4;1.57;27/07/2026;14:00;21.4;6;AVERSES;5;42.5;0
Berck;50.4;1.57;27/07/2026;15:00;22.1;6;AVERSES;5;44.6;0
Berck;50.4;1.57;27/07/2026;16:00;21.4;6;AVERSES;5;46.4;0
Berck;50.4;1.57;27/07/2026;17:00;;6;AVERSES;;47.9;0
Berck;50.4;1.57;27/07/2026;18:00;;6;AVERSES;;49.3;0
Berck;50.4;1.57;27/07/2026;19:00;;6;AVERSES;;50.0;0
Berck;50.4;1.57;27/07/2026;20:00;18.8;6;AVERSES;5;50.4;0
Berck;50.4;1.57;27/07/2026;21:00;18.1;6;AVERSES;5;50.0;0
Berck;50.4;1.57;27/07/2026;22:00;17.4;6;AVERSES;5;48.6;0
Berck;50.4;1.57;27/07/2026;23:00;;6;AVERSES;;46.8;0
Berck;50.4;1.57;28/07/2026;00:00;;6;AVERSES;;45.0;0
Berck;50.4;1.57;28/07/2026;01:00;;6;AVERSES;;43.2;0
Berck;50.4;1.57;28/07/2026;02:00;16.1;6;AVERSES;5;41.8;0
Berck;50.4;1.57;28/07/2026;03:00;16.1;6;AVERSES;5;40.7;0
Berck;50.4;1.57;28/07/2026;04:00;16.1;6;AVERSES;5;39.6;0
Berck;50.4;1.57;28/07/2026;05:00;;6;AVERSES;;38.5;0
Berck;50.4;1.57;28/07/2026;06:00;;6;AVERSES;;37.4;0
Berck;50.4;1.57;28/07/2026;07:00;;6;AVERSES;;36.7;0
Berck;50.4;1.57;28/07/2026;08:00;17.2;6;AVERSES;5;36.0;0
Berck;50.4;1.57;28/07/2026;09:00;17.7;6;AVERSES;5;35.3;0
Berck;50.4;1.57;28/07/2026;10:00;18.3;6;AVERSES;5;34.9;0
Berck;50.4;1.57;28/07/2026;11:00;;6;AVERSES;;34.2;0
Berck;50.4;1.57;28/07/2026;12:00;;6;AVERSES;;33.8;0
Berck;50.4;1.57;28/07/2026;13:00;;6;AVERSES;;33.8;0
Berck;50.4;1.57;28/07/2026;14:00;20.5;6;AVERSES;5;33.8;0
Berck;50.4;1.57;28/07/2026;15:00;21.0;6;AVERSES;5;34.6;0
Berck;50.4;1.57;28/07/2026;16:00;20.5;6;AVERSES;5;36.0;0
Berck;50.4;1.57;28/07/2026;17:00;;6;AVERSES;;37.4;0
Berck;50.4;1.57;28/07/2026;18:00;;6;AVERSES;;38.9;0
Berck;50.4;1.57;28/07/2026;19:00;;6;AVERSES;;39.2;0
Berck;50.4;1.57;28/07/2026;20:00;18.3;6;AVERSES;5;38.9;0
Berck;50.4;1.57;28/07/2026;21:00;17.7;6;AVERSES;5;36.7;0
Berck;50.4;1.57;28/07/2026;22:00;17.2;6;AVERSES;5;33.1;0
Berck;50.4;1.57;28/07/2026;23:00;;6;AVERSES;;28.8;0
Berck;50.4;1.57;29/07/2026;00:00;;6;AVERSES;;24.5;0
Berck;50.4;1.57;29/07/2026;01:00;;6;AVERSES;;20.9;0
Berck;50.4;1.57;29/07/2026;02:00;16.1;6;AVERSES;5;18.7;0
Berck;50.4;1.57;29/07/2026;03:00;16.1;6;AVERSES;5;18.0;0
Berck;50.4;1.57;29/07/2026;04:00;16.1;6;AVERSES;5;18.0;0
Berck;50.4;1.57;29/07/2026;05:00;;6;AVERSES;;18.7;0
Berck;50.4;1.57;29/07/2026;06:00;;6;AVERSES;;19.8;0
Berck;50.4;1.57;29/07/2026;07:00;;6;AVERSES;;21.2;0
Berck;50.4;1.57;29/07/2026;08:00;17.3;6;AVERSES;5;22.7;0
Berck;50.4;1.57;29/07/2026;09:00;17.9;6;AVERSES;5;24.5;0
Berck;50.4;1.57;29/07/2026;10:00;18.5;6;AVERSES;5;27.0;0
Berck;50.4;1.57;29/07/2026;11:00;;6;AVERSES;;29.9;0
Berck;50.4;1.57;29/07/2026;12:00;;6;AVERSES;;32.4;0
Berck;50.4;1.57;29/07/2026;13:00;;6;AVERSES;;34.9;0
Berck;50.4;1.57;29/07/2026;14:00;20.8;6;AVERSES;5;36.4;0
Berck;50.4;1.57;29/07/2026;15:00;21.4;6;AVERSES;5;37.1;0
Berck;50.4;1.57;29/07/2026;16:00;20.8;6;AVERSES;5;37.4;0
Berck;50.4;1.57;29/07/2026;17:00;;6;AVERSES;;37.4;0
Berck;50.4;1.57;29/07/2026;18:00;;6;AVERSES;;37.1;0
Berck;50.4;1.57;29/07/2026;19:00;;6;AVERSES;;36.4;0
Berck;50.4;1.57;29/07/2026;20:00;18.5;6;AVERSES;5;35.3;0
Berck;50.4;1.57;29/07/2026;21:00;17.9;6;AVERSES;5;33.5;0
Berck;50.4;1.57;29/07/2026;22:00;17.3;6;AVERSES;5;31.3;0
Berck;50.4;1.57;29/07/2026;23:00;16.7;6;AVERSES;5;28.4;0
Berck;50.4;1.57;30/07/2026;00:00;12;0;SOLEIL;5;20.4;0
Berck;50.4;1.57;30/07/2026;01:00;12;0;SOLEIL;5;14.4;0
Berck;50.4;1.57;30/07/2026;02:00;12;0;SOLEIL;5;10.0;0
Berck;50.4;1.57;30/07/2026;03:00;12;0;SOLEIL;5;6.5;0
Berck;50.4;1.57;30/07/2026;04:00;12;0;SOLEIL;5;6.8;0
Berck;50.4;1.57;30/07/2026;05:00;12;0;SOLEIL;5;7.2;0
Berck;50.4;1.57;30/07/2026;06:00;12;0;SOLEIL;5;6.5;0
Berck;50.4;1.57;30/07/2026;07:00;13.1;0;SOLEIL;5;5.8;0
Berck;50.4;1.57;30/07/2026;08:00;14.2;0;SOLEIL;5;6.5;0
Berck;50.4;1.57;30/07/2026;09:00;15.3;0;SOLEIL;5;10.4;0
Berck;50.4;1.57;30/07/2026;10:00;16.4;0;SOLEIL;5;16.2;0
Berck;50.4;1.57;30/07/2026;11:00;17.6;0;SOLEIL;5;20.2;0
Berck;50.4;1.57;30/07/2026;12:00;18.7;0;SOLEIL;5;21.2;0
Berck;50.4;1.57;30/07/2026;13:00;19.8;0;SOLEIL;5;20.9;0
Berck;50.4;1.57;30/07/2026;14:00;20.9;0;SOLEIL;5;20.2;0
Berck;50.4;1.57;30/07/2026;15:00;22.0;0;SOLEIL;5;19.8;0
Berck;50.4;1.57;30/07/2026;16:00;20.9;0;SOLEIL;5;19.1;0
Berck;50.4;1.57;30/07/2026;17:00;19.8;0;SOLEIL;5;19.1;0
Berck;50.4;1.57;30/07/2026;18:00;18.7;0;SOLEIL;5;20.9;0
Berck;50.4;1.57;30/07/2026;19:00;17.6;0;SOLEIL;5;23.4;0
Berck;50.4;1.57;30/07/2026;20:00;16.4;0;SOLEIL;5;23.4;0
Berck;50.4;1.57;30/07/2026;21:00;15.3;0;SOLEIL;5;18.4;0
Berck;50.4;1.57;30/07/2026;22:00;14.2;0;SOLEIL;5;10.8;0
Berck;50.4;1.57;30/07/2026;23:00;13.1;0;SOLEIL;5;5.4;0
Berck;50.4;1.57;31/07/2026;00:00;12;0;SOLEIL;5;0.0;0
Berck;50.4;1.57;31/07/2026;01:00;12;0;SOLEIL;5;0.0;0
Berck;50.4;1.57;31/07/2026;02:00;12;0;SOLEIL;5;0.0;0
Berck;50.4;1.57;31/07/2026;03:00;12;0;SOLEIL;5;0.0;0
Berck;50.4;1.57;31/07/2026;04:00;12;0;SOLEIL;5;0.0;0
Berck;50.4;1.57;31/07/2026;05:00;12;0;SOLEIL;5;0.0;0
Berck;50.4;1.57;31/07/2026;06:00;12;0;SOLEIL;5;0.0;0
Berck;50.4;1.57;31/07/2026;07:00;13.1;0;SOLEIL;5;0.0;0
Berck;50.4;1.57;31/07/2026;08:00;14.2;0;SOLEIL;5;0.0;0
Berck;50.4;1.57;31/07/2026;09:00;15.3;0;SOLEIL;5;0.0;0
Berck;50.4;1.57;31/07/2026;10:00;16.4;0;SOLEIL;5;0.0;0
Berck;50.4;1.57;31/07/2026;11:00;17.6;0;SOLEIL;5;0.0;0
Berck;50.4;1.57;31/07/2026;12:00;18.7;0;SOLEIL;5;0.0;0
Berck;50.4;1.57;31/07/2026;13:00;19.8;0;SOLEIL;5;0.0;0
Berck;50.4;1.57;31/07/2026;14:00;20.9;0;SOLEIL;5;0.0;0
Berck;50.4;1.57;31/07/2026;15:00;22.0;0;SOLEIL;5;0.0;0
Berck;50.4;1.57;31/07/2026;16:00;20.9;0;SOLEIL;5;0.0;0
Berck;50.4;1.57;31/07/2026;17:00;19.8;0;SOLEIL;5;0.0;0
Berck;50.4;1.57;31/07/2026;18:00;18.7;0;SOLEIL;5;0.0;0
Berck;50.4;1.57;31/07/2026;19:00;17.6;0;SOLEIL;5;0.0;0
Berck;50.4;1.57;31/07/2026;20:00;16.4;0;SOLEIL;5;0.0;0
Berck;50.4;1.57;31/07/2026;21:00;15.3;0;SOLEIL;5;0.0;0
Berck;50.4;1.57;31/07/2026;22:00;14.2;0;SOLEIL;5;0.0;0
Berck;50.4;1.57;31/07/2026;23:00;13.1;0;SOLEIL;5;0.0;0
Calais;50.95;1.85;16/07/2026;00:00;19.5;0;SOLEIL;4;31.3;0
Calais;50.95;1.85;16/07/2026;01:00;19.4;0;SOLEIL;3;24.5;0
Calais;50.95;1.85;16/07/2026;02:00;18.7;0;SOLEIL;3;18.7;0
Calais;50.95;1.85;16/07/2026;03:00;18.2;0;SOLEIL;3;15.8;0
Calais;50.95;1.85;16/07/2026;04:00;18.1;0;SOLEIL;3;11.2;0
Calais;50.95;1.85;16/07/2026;05:00;18.6;0;SOLEIL;3;9.4;0
Calais;50.95;1.85;16/07/2026;06:00;20.1;0;SOLEIL;4;8.3;0
Calais;50.95;1.85;16/07/2026;07:00;21.6;0;SOLEIL;4;6.8;0
Calais;50.95;1.85;16/07/2026;08:00;22.6;0;SOLEIL;4;5.4;0
Calais;50.95;1.85;16/07/2026;09:00;23.1;0;SOLEIL;5;19.1;0
Calais;50.95;1.85;16/07/2026;10:00;23;0;SOLEIL;5;33.1;0
Calais;50.95;1.85;16/07/2026;11:00;23.1;0;SOLEIL;5;34.6;0
Calais;50.95;1.85;16/07/2026;12:00;22.6;0;SOLEIL;5;35.6;0
Calais;50.95;1.85;16/07/2026;13:00;21.7;0;SOLEIL;5;41.0;0
Calais;50.95;1.85;16/07/2026;14:00;21.2;0;SOLEIL;5;46.1;0
Calais;50.95;1.85;16/07/2026;15:00;21.5;0;SOLEIL;5;48.2;0
Calais;50.95;1.85;16/07/2026;16:00;21.4;0;SOLEIL;5;47.9;0
Calais;50.95;1.85;16/07/2026;17:00;21;0;SOLEIL;5;47.2;0
Calais;50.95;1.85;16/07/2026;18:00;20.5;0;SOLEIL;5;46.8;0
Calais;50.95;1.85;16/07/2026;19:00;20;0;SOLEIL;5;44.6;0
Calais;50.95;1.85;16/07/2026;20:00;19.1;0;SOLEIL;4;41.4;0
Calais;50.95;1.85;16/07/2026;21:00;18.2;0;SOLEIL;4;36.7;0
Calais;50.95;1.85;16/07/2026;22:00;18;0;SOLEIL;4;34.2;0
Calais;50.95;1.85;16/07/2026;23:00;17.6;0;SOLEIL;4;29.9;0
Calais;50.95;1.85;17/07/2026;00:00;17.9;0;SOLEIL;4;26.6;0
Calais;50.95;1.85;17/07/2026;01:00;17.9;0;SOLEIL;4;23.4;0
Calais;50.95;1.85;17/07/2026;02:00;17.7;0;SOLEIL;6;23.4;0
Calais;50.95;1.85;17/07/2026;03:00;17.7;0;SOLEIL;6;22.7;0
Calais;50.95;1.85;17/07/2026;04:00;17.7;0;SOLEIL;6;21.2;0
Calais;50.95;1.85;17/07/2026;05:00;18.6;0;SOLEIL;6;21.2;0
Calais;50.95;1.85;17/07/2026;06:00;18.6;0;SOLEIL;6;26.6;0
Calais;50.95;1.85;17/07/2026;07:00;18.6;0;SOLEIL;6;27.4;0
Calais;50.95;1.85;17/07/2026;08:00;20.5;0;SOLEIL;6;28.8;0
Calais;50.95;1.85;17/07/2026;09:00;20.5;0;SOLEIL;6;27.1;0
Calais;50.95;1.85;17/07/2026;10:00;20.5;0;SOLEIL;6;26.5;0
Calais;50.95;1.85;17/07/2026;11:00;21.1;0;SOLEIL;5;26.6;0
Calais;50.95;1.85;17/07/2026;12:00;21.1;0;SOLEIL;5;25.6;0
Calais;50.95;1.85;17/07/2026;13:00;21.1;0;SOLEIL;5;24.8;0
Calais;50.95;1.85;17/07/2026;14:00;22.4;0;SOLEIL;4;24.5;0
Calais;50.95;1.85;17/07/2026;15:00;22.4;0;SOLEIL;4;23.8;0
Calais;50.95;1.85;17/07/2026;16:00;22.4;0;SOLEIL;4;23.4;0
Calais;50.95;1.85;17/07/2026;17:00;21.1;0;SOLEIL;4;23.4;0
Calais;50.95;1.85;17/07/2026;18:00;21.1;0;SOLEIL;4;20.9;0
Calais;50.95;1.85;17/07/2026;19:00;21.1;0;SOLEIL;4;20.9;0
Calais;50.95;1.85;17/07/2026;20:00;18.6;0;SOLEIL;3;18.7;0
Calais;50.95;1.85;17/07/2026;21:00;18.6;0;SOLEIL;3;19.1;0
Calais;50.95;1.85;17/07/2026;22:00;18.6;0;SOLEIL;3;18.7;0
Calais;50.95;1.85;17/07/2026;23:00;17.4;0;SOLEIL;5;15.8;0
Calais;50.95;1.85;18/07/2026;00:00;17.4;0;SOLEIL;5;16.9;0
Calais;50.95;1.85;18/07/2026;01:00;17.4;0;SOLEIL;5;16.6;0
Calais;50.95;1.85;18/07/2026;02:00;17.5;0;SOLEIL;5;16.6;0
Calais;50.95;1.85;18/07/2026;03:00;17.5;0;SOLEIL;5;16.2;0
Calais;50.95;1.85;18/07/2026;04:00;17.5;0;SOLEIL;5;24.1;0
Calais;50.95;1.85;18/07/2026;05:00;17.5;0;SOLEIL;5;23.4;0
Calais;50.95;1.85;18/07/2026;06:00;17.5;0;SOLEIL;5;25.6;0
Calais;50.95;1.85;18/07/2026;07:00;17.5;0;SOLEIL;5;25.9;0
Calais;50.95;1.85;18/07/2026;08:00;19.2;2;NUAGEUX;5;28.4;0
Calais;50.95;1.85;18/07/2026;09:00;19.2;2;NUAGEUX;5;34.2;0
Calais;50.95;1.85;18/07/2026;10:00;19.2;2;NUAGEUX;5;36.0;0
Calais;50.95;1.85;18/07/2026;11:00;19.4;0;SOLEIL;5;35.6;0
Calais;50.95;1.85;18/07/2026;12:00;19.4;0;SOLEIL;5;35.6;0
Calais;50.95;1.85;18/07/2026;13:00;19.4;0;SOLEIL;5;38.2;0
Calais;50.95;1.85;18/07/2026;14:00;20.1;0;SOLEIL;5;38.5;0
Calais;50.95;1.85;18/07/2026;15:00;20.1;0;SOLEIL;5;38.9;0
Calais;50.95;1.85;18/07/2026;16:00;20.1;0;SOLEIL;5;38.5;0
Calais;50.95;1.85;18/07/2026;17:00;19.1;0;SOLEIL;6;38.2;0
Calais;50.95;1.85;18/07/2026;18:00;19.1;0;SOLEIL;6;37.4;0
Calais;50.95;1.85;18/07/2026;19:00;19.1;0;SOLEIL;6;36.7;0
Calais;50.95;1.85;18/07/2026;20:00;18.4;0;SOLEIL;5;34.9;0
Calais;50.95;1.85;18/07/2026;21:00;17.9;0;SOLEIL;5;31.7;0
Calais;50.95;1.85;18/07/2026;22:00;17.4;0;SOLEIL;5;27.7;0
Calais;50.95;1.85;18/07/2026;23:00;17.4;0;SOLEIL;5;23.8;0
Calais;50.95;1.85;19/07/2026;00:00;17.4;0;SOLEIL;5;19.8;0
Calais;50.95;1.85;19/07/2026;01:00;17.4;0;SOLEIL;5;16.2;0
Calais;50.95;1.85;19/07/2026;02:00;16.1;0;SOLEIL;5;15.1;0
Calais;50.95;1.85;19/07/2026;03:00;16.1;0;SOLEIL;5;18.4;0
Calais;50.95;1.85;19/07/2026;04:00;16.1;0;SOLEIL;5;24.1;0
Calais;50.95;1.85;19/07/2026;05:00;17.5;0;SOLEIL;7;29.2;0
Calais;50.95;1.85;19/07/2026;06:00;17.5;0;SOLEIL;7;32.0;0
Calais;50.95;1.85;19/07/2026;07:00;17.5;0;SOLEIL;7;33.8;0
Calais;50.95;1.85;19/07/2026;08:00;17.3;0;SOLEIL;5;35.3;0
Calais;50.95;1.85;19/07/2026;09:00;17.9;0;SOLEIL;5;36.7;0
Calais;50.95;1.85;19/07/2026;10:00;18.5;0;SOLEIL;5;38.2;0
Calais;50.95;1.85;19/07/2026;11:00;20.5;0;SOLEIL;6;39.2;0
Calais;50.95;1.85;19/07/2026;12:00;20.5;0;SOLEIL;6;39.6;0
Calais;50.95;1.85;19/07/2026;13:00;20.5;0;SOLEIL;6;40.0;0
Calais;50.95;1.85;19/07/2026;14:00;21.0;0;SOLEIL;5;39.6;0
Calais;50.95;1.85;19/07/2026;15:00;21.6;0;SOLEIL;5;38.9;0
Calais;50.95;1.85;19/07/2026;16:00;21.0;0;SOLEIL;5;38.2;0
Calais;50.95;1.85;19/07/2026;17:00;19.4;0;SOLEIL;7;37.1;0
Calais;50.95;1.85;19/07/2026;18:00;19.4;0;SOLEIL;7;36.4;0
Calais;50.95;1.85;19/07/2026;19:00;19.4;0;SOLEIL;7;36.0;0
Calais;50.95;1.85;19/07/2026;20:00;18.5;0;SOLEIL;5;34.9;0
Calais;50.95;1.85;19/07/2026;21:00;17.9;0;SOLEIL;5;32.8;0
Calais;50.95;1.85;19/07/2026;22:00;17.3;0;SOLEIL;5;30.2;0
Calais;50.95;1.85;19/07/2026;23:00;16.9;0;SOLEIL;6;28.1;0
Calais;50.95;1.85;20/07/2026;00:00;16.9;0;SOLEIL;6;27.4;0
Calais;50.95;1.85;20/07/2026;01:00;16.9;0;SOLEIL;6;27.0;0
Calais;50.95;1.85;20/07/2026;02:00;15.7;0;SOLEIL;5;26.6;0
Calais;50.95;1.85;20/07/2026;03:00;15.7;0;SOLEIL;5;25.6;0
Calais;50.95;1.85;20/07/2026;04:00;15.7;0;SOLEIL;5;24.5;0
Calais;50.95;1.85;20/07/2026;05:00;17.9;0;SOLEIL;6;24.1;0
Calais;50.95;1.85;20/07/2026;06:00;17.9;0;SOLEIL;6;26.7;0
Calais;50.95;1.85;20/07/2026;07:00;17.9;0;SOLEIL;6;29.7;0
Calais;50.95;1.85;20/07/2026;08:00;17.0;0;SOLEIL;5;32.2;0
Calais;50.95;1.85;20/07/2026;09:00;17.7;0;SOLEIL;5;36.7;0
Calais;50.95;1.85;20/07/2026;10:00;18.4;0;SOLEIL;5;37.8;0
Calais;50.95;1.85;20/07/2026;11:00;20.7;0;SOLEIL;6;38.9;0
Calais;50.95;1.85;20/07/2026;12:00;20.7;0;SOLEIL;6;39.2;0
Calais;50.95;1.85;20/07/2026;13:00;20.7;0;SOLEIL;6;39.2;0
Calais;50.95;1.85;20/07/2026;14:00;21.0;0;SOLEIL;5;39.6;0
Calais;50.95;1.85;20/07/2026;15:00;21.7;0;SOLEIL;5;40.3;0
Calais;50.95;1.85;20/07/2026;16:00;21.0;0;SOLEIL;5;41.0;0
Calais;50.95;1.85;20/07/2026;17:00;19.7;0;SOLEIL;6;41.4;0
Calais;50.95;1.85;20/07/2026;18:00;19.7;0;SOLEIL;6;40.7;0
Calais;50.95;1.85;20/07/2026;19:00;19.7;0;SOLEIL;6;39.6;0
Calais;50.95;1.85;20/07/2026;20:00;18.4;0;SOLEIL;5;38.5;0
Calais;50.95;1.85;20/07/2026;21:00;17.7;0;SOLEIL;5;37.1;0
Calais;50.95;1.85;20/07/2026;22:00;17.0;0;SOLEIL;5;35.6;0
Calais;50.95;1.85;20/07/2026;23:00;17.1;0;SOLEIL;5;34.2;0
Calais;50.95;1.85;21/07/2026;00:00;17.1;0;SOLEIL;5;32.8;0
Calais;50.95;1.85;21/07/2026;01:00;17.1;0;SOLEIL;5;31.0;0
Calais;50.95;1.85;21/07/2026;02:00;16.1;0;SOLEIL;5;29.2;0
Calais;50.95;1.85;21/07/2026;03:00;16.1;0;SOLEIL;5;27.0;0
Calais;50.95;1.85;21/07/2026;04:00;16.1;0;SOLEIL;5;24.8;0
Calais;50.95;1.85;21/07/2026;05:00;18.2;0;SOLEIL;6;23.8;0
Calais;50.95;1.85;21/07/2026;06:00;18.2;0;SOLEIL;6;24.1;0
Calais;50.95;1.85;21/07/2026;07:00;18.2;0;SOLEIL;6;25.6;0
Calais;50.95;1.85;21/07/2026;08:00;17.5;0;SOLEIL;5;26.3;0
Calais;50.95;1.85;21/07/2026;09:00;18.2;0;SOLEIL;5;25.9;0
Calais;50.95;1.85;21/07/2026;10:00;18.9;0;SOLEIL;5;25.6;0
Calais;50.95;1.85;21/07/2026;11:00;21.2;6;AVERSES;6;25.6;0
Calais;50.95;1.85;21/07/2026;12:00;21.2;6;AVERSES;6;27.0;0
Calais;50.95;1.85;21/07/2026;13:00;21.2;6;AVERSES;6;29.5;0
Calais;50.95;1.85;21/07/2026;14:00;21.8;0;SOLEIL;5;31.3;0
Calais;50.95;1.85;21/07/2026;15:00;22.5;0;SOLEIL;5;32.4;0
Calais;50.95;1.85;21/07/2026;16:00;21.8;0;SOLEIL;5;33.1;0
Calais;50.95;1.85;21/07/2026;17:00;20.9;0;SOLEIL;6;33.8;0
Calais;50.95;1.85;21/07/2026;18:00;20.9;0;SOLEIL;6;34.6;0
Calais;50.95;1.85;21/07/2026;19:00;20.9;0;SOLEIL;6;35.3;0
Calais;50.95;1.85;21/07/2026;20:00;18.9;0;SOLEIL;5;34.9;0
Calais;50.95;1.85;21/07/2026;21:00;18.2;0;SOLEIL;5;33.1;0
Calais;50.95;1.85;21/07/2026;22:00;17.5;0;SOLEIL;5;29.9;0
Calais;50.95;1.85;21/07/2026;23:00;17.6;0;SOLEIL;5;26.6;0
Calais;50.95;1.85;22/07/2026;00:00;17.6;0;SOLEIL;5;22.7;0
Calais;50.95;1.85;22/07/2026;01:00;17.6;0;SOLEIL;5;18.0;0
Calais;50.95;1.85;22/07/2026;02:00;16.7;0;SOLEIL;5;15.5;0
Calais;50.95;1.85;22/07/2026;03:00;16.7;0;SOLEIL;5;16.2;0
Calais;50.95;1.85;22/07/2026;04:00;16.7;0;SOLEIL;5;18.4;0
Calais;50.95;1.85;22/07/2026;05:00;19.1;0;SOLEIL;5;20.5;0
Calais;50.95;1.85;22/07/2026;06:00;19.1;0;SOLEIL;5;21.2;0
Calais;50.95;1.85;22/07/2026;07:00;19.1;0;SOLEIL;5;21.6;0
Calais;50.95;1.85;22/07/2026;08:00;18.2;0;SOLEIL;5;22.7;0
Calais;50.95;1.85;22/07/2026;09:00;19.0;0;SOLEIL;5;24.5;0
Calais;50.95;1.85;22/07/2026;10:00;19.8;0;SOLEIL;5;26.6;0
Calais;50.95;1.85;22/07/2026;11:00;22.5;0;SOLEIL;4;28.8;0
Calais;50.95;1.85;22/07/2026;12:00;22.5;0;SOLEIL;4;27.6;0
Calais;50.95;1.85;22/07/2026;13:00;22.5;0;SOLEIL;4;26.5;0
Calais;50.95;1.85;22/07/2026;14:00;22.8;0;SOLEIL;5;25.0;0
Calais;50.95;1.85;22/07/2026;15:00;23.6;0;SOLEIL;5;23.4;0
Calais;50.95;1.85;22/07/2026;16:00;22.8;0;SOLEIL;5;24.1;0
Calais;50.95;1.85;22/07/2026;17:00;21.7;0;SOLEIL;5;24.5;0
Calais;50.95;1.85;22/07/2026;18:00;21.7;0;SOLEIL;5;24.8;0
Calais;50.95;1.85;22/07/2026;19:00;21.7;0;SOLEIL;5;25.2;0
Calais;50.95;1.85;22/07/2026;20:00;19.8;0;SOLEIL;5;25.6;0
Calais;50.95;1.85;22/07/2026;21:00;19.0;0;SOLEIL;5;25.6;0
Calais;50.95;1.85;22/07/2026;22:00;18.2;0;SOLEIL;5;25.6;0
Calais;50.95;1.85;22/07/2026;23:00;18.5;0;SOLEIL;4;25.6;0
Calais;50.95;1.85;23/07/2026;00:00;18.5;0;SOLEIL;4;25.6;0
Calais;50.95;1.85;23/07/2026;01:00;18.5;0;SOLEIL;4;25.2;0
Calais;50.95;1.85;23/07/2026;02:00;17.1;0;SOLEIL;5;25.2;0
Calais;50.95;1.85;23/07/2026;03:00;17.1;0;SOLEIL;5;25.2;0
Calais;50.95;1.85;23/07/2026;04:00;17.1;0;SOLEIL;5;25.2;0
Calais;50.95;1.85;23/07/2026;05:00;18.5;0;SOLEIL;6;25.2;0
Calais;50.95;1.85;23/07/2026;06:00;18.5;0;SOLEIL;6;25.2;0
Calais;50.95;1.85;23/07/2026;07:00;18.5;0;SOLEIL;6;25.2;0
Calais;50.95;1.85;23/07/2026;08:00;18.8;0;SOLEIL;5;25.6;0
Calais;50.95;1.85;23/07/2026;09:00;19.6;0;SOLEIL;5;26.3;0
Calais;50.95;1.85;23/07/2026;10:00;20.4;0;SOLEIL;5;27.0;0
Calais;50.95;1.85;23/07/2026;11:00;23.6;0;SOLEIL;5;27.7;0
Calais;50.95;1.85;23/07/2026;12:00;23.6;0;SOLEIL;5;28.8;0
Calais;50.95;1.85;23/07/2026;13:00;23.6;0;SOLEIL;5;29.5;0
Calais;50.95;1.85;23/07/2026;14:00;23.8;0;SOLEIL;5;30.2;0
Calais;50.95;1.85;23/07/2026;15:00;24.6;0;SOLEIL;5;30.6;0
Calais;50.95;1.85;23/07/2026;16:00;23.8;0;SOLEIL;5;31.3;0
Calais;50.95;1.85;23/07/2026;17:00;22;0;SOLEIL;6;31.7;0
Calais;50.95;1.85;23/07/2026;18:00;22;0;SOLEIL;6;32.0;0
Calais;50.95;1.85;23/07/2026;19:00;22;0;SOLEIL;6;31.7;0
Calais;50.95;1.85;23/07/2026;20:00;20.4;0;SOLEIL;5;31.3;0
Calais;50.95;1.85;23/07/2026;21:00;19.6;0;SOLEIL;5;30.2;0
Calais;50.95;1.85;23/07/2026;22:00;18.8;0;SOLEIL;5;28.4;0
Calais;50.95;1.85;23/07/2026;23:00;18.1;0;SOLEIL;4;26.3;0
Calais;50.95;1.85;24/07/2026;00:00;18.1;0;SOLEIL;4;24.5;0
Calais;50.95;1.85;24/07/2026;01:00;18.1;0;SOLEIL;4;22.7;0
Calais;50.95;1.85;24/07/2026;02:00;17;0;SOLEIL;5;22.0;0
Calais;50.95;1.85;24/07/2026;03:00;17;0;SOLEIL;5;22.0;0
Calais;50.95;1.85;24/07/2026;04:00;17;0;SOLEIL;5;22.3;0
Calais;50.95;1.85;24/07/2026;05:00;18.6;0;SOLEIL;4;23.4;0
Calais;50.95;1.85;24/07/2026;06:00;18.6;0;SOLEIL;4;24.5;0
Calais;50.95;1.85;24/07/2026;07:00;18.6;0;SOLEIL;4;26.3;0
Calais;50.95;1.85;24/07/2026;08:00;18.8;0;SOLEIL;5;27.7;0
Calais;50.95;1.85;24/07/2026;09:00;19.7;0;SOLEIL;5;29.9;0
Calais;50.95;1.85;24/07/2026;10:00;20.6;0;SOLEIL;5;32.0;0
Calais;50.95;1.85;24/07/2026;11:00;24.2;0;SOLEIL;6;34.9;0
Calais;50.95;1.85;24/07/2026;12:00;24.2;0;SOLEIL;6;37.8;0
Calais;50.95;1.85;24/07/2026;13:00;24.2;0;SOLEIL;6;40.0;0
Calais;50.95;1.85;24/07/2026;14:00;24.2;0;SOLEIL;5;41.8;0
Calais;50.95;1.85;24/07/2026;15:00;25.1;0;SOLEIL;5;42.8;0
Calais;50.95;1.85;24/07/2026;16:00;24.2;0;SOLEIL;5;43.6;0
Calais;50.95;1.85;24/07/2026;17:00;22.1;0;SOLEIL;7;44.3;0
Calais;50.95;1.85;24/07/2026;18:00;22.1;0;SOLEIL;7;44.3;0
Calais;50.95;1.85;24/07/2026;19:00;22.1;0;SOLEIL;7;44.3;0
Calais;50.95;1.85;24/07/2026;20:00;20.6;0;SOLEIL;5;44.3;0
Calais;50.95;1.85;24/07/2026;21:00;19.7;0;SOLEIL;5;43.9;0
Calais;50.95;1.85;24/07/2026;22:00;18.8;0;SOLEIL;5;43.2;0
Calais;50.95;1.85;24/07/2026;23:00;18.6;0;SOLEIL;6;42.5;0
Calais;50.95;1.85;25/07/2026;00:00;18.6;0;SOLEIL;6;41.8;0
Calais;50.95;1.85;25/07/2026;01:00;18.6;0;SOLEIL;6;40.7;0
Calais;50.95;1.85;25/07/2026;02:00;17.4;0;SOLEIL;5;39.6;0
Calais;50.95;1.85;25/07/2026;03:00;17.4;0;SOLEIL;5;38.5;0
Calais;50.95;1.85;25/07/2026;04:00;17.4;0;SOLEIL;5;37.1;0
Calais;50.95;1.85;25/07/2026;05:00;;0;SOLEIL;;35.3;0
Calais;50.95;1.85;25/07/2026;06:00;;0;SOLEIL;;33.8;0
Calais;50.95;1.85;25/07/2026;07:00;;0;SOLEIL;;33.1;0
Calais;50.95;1.85;25/07/2026;08:00;18.8;0;SOLEIL;5;32.8;0
Calais;50.95;1.85;25/07/2026;09:00;19.5;0;SOLEIL;5;33.5;0
Calais;50.95;1.85;25/07/2026;10:00;20.2;0;SOLEIL;5;34.6;0
Calais;50.95;1.85;25/07/2026;11:00;;0;SOLEIL;;36.4;0
Calais;50.95;1.85;25/07/2026;12:00;;0;SOLEIL;;38.2;0
Calais;50.95;1.85;25/07/2026;13:00;;0;SOLEIL;;39.6;0
Calais;50.95;1.85;25/07/2026;14:00;23.0;0;SOLEIL;5;41.0;0
Calais;50.95;1.85;25/07/2026;15:00;23.7;0;SOLEIL;5;42.1;0
Calais;50.95;1.85;25/07/2026;16:00;23.0;0;SOLEIL;5;42.8;0
Calais;50.95;1.85;25/07/2026;17:00;;0;SOLEIL;;43.9;0
Calais;50.95;1.85;25/07/2026;18:00;;0;SOLEIL;;44.3;0
Calais;50.95;1.85;25/07/2026;19:00;;0;SOLEIL;;44.6;0
Calais;50.95;1.85;25/07/2026;20:00;20.2;0;SOLEIL;5;44.3;0
Calais;50.95;1.85;25/07/2026;21:00;19.5;0;SOLEIL;5;43.2;0
Calais;50.95;1.85;25/07/2026;22:00;18.8;0;SOLEIL;5;41.4;0
Calais;50.95;1.85;25/07/2026;23:00;;6;AVERSES;;39.2;0
Calais;50.95;1.85;26/07/2026;00:00;;6;AVERSES;;37.1;0
Calais;50.95;1.85;26/07/2026;01:00;;6;AVERSES;;35.3;0
Calais;50.95;1.85;26/07/2026;02:00;17.2;6;AVERSES;5;34.2;0
Calais;50.95;1.85;26/07/2026;03:00;17.2;6;AVERSES;5;34.2;0
Calais;50.95;1.85;26/07/2026;04:00;17.2;6;AVERSES;5;34.9;0
Calais;50.95;1.85;26/07/2026;05:00;;6;AVERSES;;36.0;0
Calais;50.95;1.85;26/07/2026;06:00;;6;AVERSES;;37.4;0
Calais;50.95;1.85;26/07/2026;07:00;;6;AVERSES;;38.5;0
Calais;50.95;1.85;26/07/2026;08:00;18.5;6;AVERSES;5;39.6;0
Calais;50.95;1.85;26/07/2026;09:00;19.1;6;AVERSES;5;40.3;0
Calais;50.95;1.85;26/07/2026;10:00;19.7;6;AVERSES;5;41.0;0
Calais;50.95;1.85;26/07/2026;11:00;;6;AVERSES;;41.4;0
Calais;50.95;1.85;26/07/2026;12:00;;6;AVERSES;;42.1;0
Calais;50.95;1.85;26/07/2026;13:00;;6;AVERSES;;42.5;0
Calais;50.95;1.85;26/07/2026;14:00;22.3;6;AVERSES;5;42.5;0
Calais;50.95;1.85;26/07/2026;15:00;22.9;6;AVERSES;5;42.5;0
Calais;50.95;1.85;26/07/2026;16:00;22.3;6;AVERSES;5;42.8;0
Calais;50.95;1.85;26/07/2026;17:00;;6;AVERSES;;42.8;0
Calais;50.95;1.85;26/07/2026;18:00;;6;AVERSES;;42.8;0
Calais;50.95;1.85;26/07/2026;19:00;;6;AVERSES;;41.8;0
Calais;50.95;1.85;26/07/2026;20:00;19.7;6;AVERSES;5;40.3;0
Calais;50.95;1.85;26/07/2026;21:00;19.1;6;AVERSES;5;37.4;0
Calais;50.95;1.85;26/07/2026;22:00;18.5;6;AVERSES;5;33.1;0
Calais;50.95;1.85;26/07/2026;23:00;;6;AVERSES;;28.4;0
Calais;50.95;1.85;27/07/2026;00:00;;6;AVERSES;;23.8;0
Calais;50.95;1.85;27/07/2026;01:00;;6;AVERSES;;20.2;0
Calais;50.95;1.85;27/07/2026;02:00;17;6;AVERSES;5;18.4;0
Calais;50.95;1.85;27/07/2026;03:00;17;6;AVERSES;5;18.7;0
Calais;50.95;1.85;27/07/2026;04:00;17;6;AVERSES;5;20.9;0
Calais;50.95;1.85;27/07/2026;05:00;;6;AVERSES;;23.8;0
Calais;50.95;1.85;27/07/2026;06:00;;6;AVERSES;;27.4;0
Calais;50.95;1.85;27/07/2026;07:00;;6;AVERSES;;30.6;0
Calais;50.95;1.85;27/07/2026;08:00;18.5;6;AVERSES;5;32.8;0
Calais;50.95;1.85;27/07/2026;09:00;19.3;6;AVERSES;5;34.2;0
Calais;50.95;1.85;27/07/2026;10:00;20.1;6;AVERSES;5;34.9;0
Calais;50.95;1.85;27/07/2026;11:00;;6;AVERSES;;35.6;0
Calais;50.95;1.85;27/07/2026;12:00;;6;AVERSES;;36.4;0
Calais;50.95;1.85;27/07/2026;13:00;;6;AVERSES;;37.1;0
Calais;50.95;1.85;27/07/2026;14:00;23.1;6;AVERSES;5;38.5;0
Calais;50.95;1.85;27/07/2026;15:00;23.9;6;AVERSES;5;40.7;0
Calais;50.95;1.85;27/07/2026;16:00;23.1;6;AVERSES;5;43.6;0
Calais;50.95;1.85;27/07/2026;17:00;;6;AVERSES;;46.8;0
Calais;50.95;1.85;27/07/2026;18:00;;6;AVERSES;;49.7;0
Calais;50.95;1.85;27/07/2026;19:00;;6;AVERSES;;51.8;0
Calais;50.95;1.85;27/07/2026;20:00;20.1;6;AVERSES;5;52.9;0
Calais;50.95;1.85;27/07/2026;21:00;19.3;6;AVERSES;5;52.6;0
Calais;50.95;1.85;27/07/2026;22:00;18.5;6;AVERSES;5;51.1;0
Calais;50.95;1.85;27/07/2026;23:00;;6;AVERSES;;49.0;0
Calais;50.95;1.85;28/07/2026;00:00;;6;AVERSES;;46.4;0
Calais;50.95;1.85;28/07/2026;01:00;;6;AVERSES;;43.6;0
Calais;50.95;1.85;28/07/2026;02:00;17.1;6;AVERSES;5;41.0;0
Calais;50.95;1.85;28/07/2026;03:00;17.1;6;AVERSES;5;37.8;0
Calais;50.95;1.85;28/07/2026;04:00;17.1;6;AVERSES;5;34.2;0
Calais;50.95;1.85;28/07/2026;05:00;;6;AVERSES;;30.2;0
Calais;50.95;1.85;28/07/2026;06:00;;6;AVERSES;;26.6;0
Calais;50.95;1.85;28/07/2026;07:00;;6;AVERSES;;23.8;0
Calais;50.95;1.85;28/07/2026;08:00;18.3;6;AVERSES;5;22.7;0
Calais;50.95;1.85;28/07/2026;09:00;19.0;6;AVERSES;5;23.4;0
Calais;50.95;1.85;28/07/2026;10:00;19.6;6;AVERSES;5;25.2;0
Calais;50.95;1.85;28/07/2026;11:00;;6;AVERSES;;28.1;0
Calais;50.95;1.85;28/07/2026;12:00;;6;AVERSES;;31.3;0
Calais;50.95;1.85;28/07/2026;13:00;;6;AVERSES;;34.6;0
Calais;50.95;1.85;28/07/2026;14:00;22.1;6;AVERSES;5;36.7;0
Calais;50.95;1.85;28/07/2026;15:00;22.7;6;AVERSES;5;38.5;0
Calais;50.95;1.85;28/07/2026;16:00;22.1;6;AVERSES;5;40.0;0
Calais;50.95;1.85;28/07/2026;17:00;;6;AVERSES;;41.4;0
Calais;50.95;1.85;28/07/2026;18:00;;6;AVERSES;;42.5;0
Calais;50.95;1.85;28/07/2026;19:00;;6;AVERSES;;42.8;0
Calais;50.95;1.85;28/07/2026;20:00;19.6;6;AVERSES;5;42.8;0
Calais;50.95;1.85;28/07/2026;21:00;19.0;6;AVERSES;5;41.8;0
Calais;50.95;1.85;28/07/2026;22:00;18.3;6;AVERSES;5;40.0;0
Calais;50.95;1.85;28/07/2026;23:00;;6;AVERSES;;37.4;0
Calais;50.95;1.85;29/07/2026;00:00;;6;AVERSES;;34.9;0
Calais;50.95;1.85;29/07/2026;01:00;;6;AVERSES;;32.4;0
Calais;50.95;1.85;29/07/2026;02:00;17.2;6;AVERSES;5;31.0;0
Calais;50.95;1.85;29/07/2026;03:00;17.2;6;AVERSES;5;29.9;0
Calais;50.95;1.85;29/07/2026;04:00;17.2;6;AVERSES;5;29.5;0
Calais;50.95;1.85;29/07/2026;05:00;;6;AVERSES;;29.2;0
Calais;50.95;1.85;29/07/2026;06:00;;6;AVERSES;;28.8;0
Calais;50.95;1.85;29/07/2026;07:00;;6;AVERSES;;28.8;0
Calais;50.95;1.85;29/07/2026;08:00;18.5;6;AVERSES;5;29.2;0
Calais;50.95;1.85;29/07/2026;09:00;19.2;6;AVERSES;5;29.5;0
Calais;50.95;1.85;29/07/2026;10:00;19.8;6;AVERSES;5;30.2;0
Calais;50.95;1.85;29/07/2026;11:00;;6;AVERSES;;31.3;0
Calais;50.95;1.85;29/07/2026;12:00;;6;AVERSES;;32.4;0
Calais;50.95;1.85;29/07/2026;13:00;;6;AVERSES;;33.1;0
Calais;50.95;1.85;29/07/2026;14:00;22.4;6;AVERSES;5;33.8;0
Calais;50.95;1.85;29/07/2026;15:00;23.1;6;AVERSES;5;34.6;0
Calais;50.95;1.85;29/07/2026;16:00;22.4;6;AVERSES;5;34.9;0
Calais;50.95;1.85;29/07/2026;17:00;;6;AVERSES;;35.6;0
Calais;50.95;1.85;29/07/2026;18:00;;6;AVERSES;;36.0;0
Calais;50.95;1.85;29/07/2026;19:00;;6;AVERSES;;36.0;0
Calais;50.95;1.85;29/07/2026;20:00;19.8;6;AVERSES;5;36.0;0
Calais;50.95;1.85;29/07/2026;21:00;19.2;6;AVERSES;5;35.3;0
Calais;50.95;1.85;29/07/2026;22:00;18.5;6;AVERSES;5;34.6;0
Calais;50.95;1.85;29/07/2026;23:00;17.9;6;AVERSES;5;33.1;0
Calais;50.95;1.85;30/07/2026;00:00;12;0;SOLEIL;5;24.6;0
Calais;50.95;1.85;30/07/2026;01:00;12;0;SOLEIL;5;17.1;0
Calais;50.95;1.85;30/07/2026;02:00;12;0;SOLEIL;5;10.5;0
Calais;50.95;1.85;30/07/2026;03:00;12;0;SOLEIL;5;4.3;0
Calais;50.95;1.85;30/07/2026;04:00;12;0;SOLEIL;5;4.7;0
Calais;50.95;1.85;30/07/2026;05:00;12;0;SOLEIL;5;5.0;0
Calais;50.95;1.85;30/07/2026;06:00;12;0;SOLEIL;5;4.7;0
Calais;50.95;1.85;30/07/2026;07:00;13.1;0;SOLEIL;5;4.3;0
Calais;50.95;1.85;30/07/2026;08:00;14.2;0;SOLEIL;5;5.0;0
Calais;50.95;1.85;30/07/2026;09:00;15.3;0;SOLEIL;5;8.6;0
Calais;50.95;1.85;30/07/2026;10:00;16.4;0;SOLEIL;5;13.7;0
Calais;50.95;1.85;30/07/2026;11:00;17.6;0;SOLEIL;5;17.6;0
Calais;50.95;1.85;30/07/2026;12:00;18.7;0;SOLEIL;5;18.7;0
Calais;50.95;1.85;30/07/2026;13:00;19.8;0;SOLEIL;5;18.4;0
Calais;50.95;1.85;30/07/2026;14:00;20.9;0;SOLEIL;5;18.4;0
Calais;50.95;1.85;30/07/2026;15:00;22.0;0;SOLEIL;5;18.7;0
Calais;50.95;1.85;30/07/2026;16:00;20.9;0;SOLEIL;5;18.7;0
Calais;50.95;1.85;30/07/2026;17:00;19.8;0;SOLEIL;5;19.4;0
Calais;50.95;1.85;30/07/2026;18:00;18.7;0;SOLEIL;5;21.6;0
Calais;50.95;1.85;30/07/2026;19:00;17.6;0;SOLEIL;5;24.1;0
Calais;50.95;1.85;30/07/2026;20:00;16.4;0;SOLEIL;5;24.5;0
Calais;50.95;1.85;30/07/2026;21:00;15.3;0;SOLEIL;5;19.8;0
Calais;50.95;1.85;30/07/2026;22:00;14.2;0;SOLEIL;5;13.0;0
Calais;50.95;1.85;30/07/2026;23:00;13.1;0;SOLEIL;5;7.9;0
Calais;50.95;1.85;31/07/2026;00:00;12;0;SOLEIL;5;0.0;0
Calais;50.95;1.85;31/07/2026;01:00;12;0;SOLEIL;5;0.0;0
Calais;50.95;1.85;31/07/2026;02:00;12;0;SOLEIL;5;0.0;0
Calais;50.95;1.85;31/07/2026;03:00;12;0;SOLEIL;5;0.0;0
Calais;50.95;1.85;31/07/2026;04:00;12;0;SOLEIL;5;0.0;0
Calais;50.95;1.85;31/07/2026;05:00;12;0;SOLEIL;5;0.0;0
Calais;50.95;1.85;31/07/2026;06:00;12;0;SOLEIL;5;0.0;0
Calais;50.95;1.85;31/07/2026;07:00;13.1;0;SOLEIL;5;0.0;0
Calais;50.95;1.85;31/07/2026;08:00;14.2;0;SOLEIL;5;0.0;0
Calais;50.95;1.85;31/07/2026;09:00;15.3;0;SOLEIL;5;0.0;0
Calais;50.95;1.85;31/07/2026;10:00;16.4;0;SOLEIL;5;0.0;0
Calais;50.95;1.85;31/07/2026;11:00;17.6;0;SOLEIL;5;0.0;0
Calais;50.95;1.85;31/07/2026;12:00;18.7;0;SOLEIL;5;0.0;0
Calais;50.95;1.85;31/07/2026;13:00;19.8;0;SOLEIL;5;0.0;0
Calais;50.95;1.85;31/07/2026;14:00;20.9;0;SOLEIL;5;0.0;0
Calais;50.95;1.85;31/07/2026;15:00;22.0;0;SOLEIL;5;0.0;0
Calais;50.95;1.85;31/07/2026;16:00;20.9;0;SOLEIL;5;0.0;0
Calais;50.95;1.85;31/07/2026;17:00;19.8;0;SOLEIL;5;0.0;0
Calais;50.95;1.85;31/07/2026;18:00;18.7;0;SOLEIL;5;0.0;0
Calais;50.95;1.85;31/07/2026;19:00;17.6;0;SOLEIL;5;0.0;0
Calais;50.95;1.85;31/07/2026;20:00;16.4;0;SOLEIL;5;0.0;0
Calais;50.95;1.85;31/07/2026;21:00;15.3;0;SOLEIL;5;0.0;0
Calais;50.95;1.85;31/07/2026;22:00;14.2;0;SOLEIL;5;0.0;0
Calais;50.95;1.85;31/07/2026;23:00;13.1;0;SOLEIL;5;0.0;0
Renty;50.58;2.06;16/07/2026;00:00;17.1;0;SOLEIL;3;0;0
Renty;50.58;2.06;16/07/2026;01:00;16.6;0;SOLEIL;3;0;0
Renty;50.58;2.06;16/07/2026;02:00;16.1;0;SOLEIL;3;0;0
Renty;50.58;2.06;16/07/2026;03:00;16.1;0;SOLEIL;3;0;0
Renty;50.58;2.06;16/07/2026;04:00;15.6;0;SOLEIL;3;0;0
Renty;50.58;2.06;16/07/2026;05:00;16.1;0;SOLEIL;3;0;0
Renty;50.58;2.06;16/07/2026;06:00;18.6;0;SOLEIL;3;0;0
Renty;50.58;2.06;16/07/2026;07:00;20.6;0;SOLEIL;4;0;0
Renty;50.58;2.06;16/07/2026;08:00;23;0;SOLEIL;4;0;0
Renty;50.58;2.06;16/07/2026;09:00;24.4;0;SOLEIL;5;0;0
Renty;50.58;2.06;16/07/2026;10:00;25.6;0;SOLEIL;5;0;0
Renty;50.58;2.06;16/07/2026;11:00;26.1;0;SOLEIL;5;0;0
Renty;50.58;2.06;16/07/2026;12:00;26.5;0;SOLEIL;5;0;0
Renty;50.58;2.06;16/07/2026;13:00;25.7;0;SOLEIL;5;0;0
Renty;50.58;2.06;16/07/2026;14:00;25.1;0;SOLEIL;6;0;0
Renty;50.58;2.06;16/07/2026;15:00;24.4;0;SOLEIL;6;11;0
Renty;50.58;2.06;16/07/2026;16:00;23.6;0;SOLEIL;6;11;0
Renty;50.58;2.06;16/07/2026;17:00;22.6;0;SOLEIL;6;11;0
Renty;50.58;2.06;16/07/2026;18:00;21.7;0;SOLEIL;6;11;0
Renty;50.58;2.06;16/07/2026;19:00;20.1;0;SOLEIL;6;11;0
Renty;50.58;2.06;16/07/2026;20:00;18.6;0;SOLEIL;5;0;0
Renty;50.58;2.06;16/07/2026;21:00;17.9;0;SOLEIL;4;0;0
Renty;50.58;2.06;16/07/2026;22:00;17.4;0;SOLEIL;4;0;0
Renty;50.58;2.06;16/07/2026;23:00;16.7;0;SOLEIL;3;0;0
Renty;50.58;2.06;17/07/2026;00:00;16.4;0;SOLEIL;3;0;0
Renty;50.58;2.06;17/07/2026;01:00;16.4;0;SOLEIL;3;0;0
Renty;50.58;2.06;17/07/2026;02:00;16.2;0;SOLEIL;4;0;0
Renty;50.58;2.06;17/07/2026;03:00;16.2;0;SOLEIL;4;0;0
Renty;50.58;2.06;17/07/2026;04:00;16.2;0;SOLEIL;4;0;0
Renty;50.58;2.06;17/07/2026;05:00;18;0;SOLEIL;4;0;0
Renty;50.58;2.06;17/07/2026;06:00;18;0;SOLEIL;4;0;0
Renty;50.58;2.06;17/07/2026;07:00;18;0;SOLEIL;4;0;0
Renty;50.58;2.06;17/07/2026;08:00;21.1;0;SOLEIL;4;0;0
Renty;50.58;2.06;17/07/2026;09:00;21.1;0;SOLEIL;4;0;0
Renty;50.58;2.06;17/07/2026;10:00;21.1;0;SOLEIL;4;0;0
Renty;50.58;2.06;17/07/2026;11:00;23;0;SOLEIL;5;0;0
Renty;50.58;2.06;17/07/2026;12:00;23;0;SOLEIL;5;0;0
Renty;50.58;2.06;17/07/2026;13:00;23;0;SOLEIL;5;0;0
Renty;50.58;2.06;17/07/2026;14:00;23.4;0;SOLEIL;5;0;0
Renty;50.58;2.06;17/07/2026;15:00;23.4;0;SOLEIL;5;0;0
Renty;50.58;2.06;17/07/2026;16:00;23.4;0;SOLEIL;5;0;0
Renty;50.58;2.06;17/07/2026;17:00;22.6;0;SOLEIL;4;0;0
Renty;50.58;2.06;17/07/2026;18:00;22.6;0;SOLEIL;4;0;0
Renty;50.58;2.06;17/07/2026;19:00;22.6;0;SOLEIL;4;0;0
Renty;50.58;2.06;17/07/2026;20:00;17.5;0;SOLEIL;3;0;0
Renty;50.58;2.06;17/07/2026;21:00;17.5;0;SOLEIL;3;0;0
Renty;50.58;2.06;17/07/2026;22:00;17.5;0;SOLEIL;3;0;0
Renty;50.58;2.06;17/07/2026;23:00;15.7;0;SOLEIL;3;0;0
Renty;50.58;2.06;18/07/2026;00:00;15.7;0;SOLEIL;3;0;0
Renty;50.58;2.06;18/07/2026;01:00;15.7;0;SOLEIL;3;0;0
Renty;50.58;2.06;18/07/2026;02:00;14.5;0;SOLEIL;3;0;0
Renty;50.58;2.06;18/07/2026;03:00;14.5;0;SOLEIL;3;0;0
Renty;50.58;2.06;18/07/2026;04:00;14.5;0;SOLEIL;3;0;0
Renty;50.58;2.06;18/07/2026;05:00;16.2;0;SOLEIL;3;0;0
Renty;50.58;2.06;18/07/2026;06:00;16.2;0;SOLEIL;3;0;0
Renty;50.58;2.06;18/07/2026;07:00;16.2;0;SOLEIL;3;0;0
Renty;50.58;2.06;18/07/2026;08:00;19.5;0;SOLEIL;4;0;0
Renty;50.58;2.06;18/07/2026;09:00;19.5;0;SOLEIL;4;0;0
Renty;50.58;2.06;18/07/2026;10:00;19.5;0;SOLEIL;4;0;0
Renty;50.58;2.06;18/07/2026;11:00;21.2;0;SOLEIL;4;0;0
Renty;50.58;2.06;18/07/2026;12:00;21.2;0;SOLEIL;4;0;0
Renty;50.58;2.06;18/07/2026;13:00;21.2;0;SOLEIL;4;0;0
Renty;50.58;2.06;18/07/2026;14:00;20.6;0;SOLEIL;5;0;0
Renty;50.58;2.06;18/07/2026;15:00;20.6;0;SOLEIL;5;0;0
Renty;50.58;2.06;18/07/2026;16:00;20.6;0;SOLEIL;5;0;0
Renty;50.58;2.06;18/07/2026;17:00;19.5;0;SOLEIL;5;0;0
Renty;50.58;2.06;18/07/2026;18:00;19.5;0;SOLEIL;5;0;0
Renty;50.58;2.06;18/07/2026;19:00;19.5;0;SOLEIL;5;0;0
Renty;50.58;2.06;18/07/2026;20:00;17.5;0;SOLEIL;5;0;0
Renty;50.58;2.06;18/07/2026;21:00;16.6;0;SOLEIL;5;0;0
Renty;50.58;2.06;18/07/2026;22:00;15.8;0;SOLEIL;5;0;0
Renty;50.58;2.06;18/07/2026;23:00;13.6;0;SOLEIL;3;0;0
Renty;50.58;2.06;19/07/2026;00:00;13.6;0;SOLEIL;3;0;0
Renty;50.58;2.06;19/07/2026;01:00;13.6;0;SOLEIL;3;0;0
Renty;50.58;2.06;19/07/2026;02:00;12.2;0;SOLEIL;5;0;0
Renty;50.58;2.06;19/07/2026;03:00;12.2;0;SOLEIL;5;0;0
Renty;50.58;2.06;19/07/2026;04:00;12.2;0;SOLEIL;5;0;0
Renty;50.58;2.06;19/07/2026;05:00;15.2;0;SOLEIL;4;0;0
Renty;50.58;2.06;19/07/2026;06:00;15.2;0;SOLEIL;4;0;0
Renty;50.58;2.06;19/07/2026;07:00;15.2;0;SOLEIL;4;0;0
Renty;50.58;2.06;19/07/2026;08:00;14.2;0;SOLEIL;5;0;0
Renty;50.58;2.06;19/07/2026;09:00;15.3;0;SOLEIL;5;0;0
Renty;50.58;2.06;19/07/2026;10:00;16.3;0;SOLEIL;5;0;0
Renty;50.58;2.06;19/07/2026;11:00;20.6;0;SOLEIL;5;0;0
Renty;50.58;2.06;19/07/2026;12:00;20.6;0;SOLEIL;5;0;0
Renty;50.58;2.06;19/07/2026;13:00;20.6;0;SOLEIL;5;0;0
Renty;50.58;2.06;19/07/2026;14:00;20.4;0;SOLEIL;5;0;0
Renty;50.58;2.06;19/07/2026;15:00;21.4;0;SOLEIL;5;0;0
Renty;50.58;2.06;19/07/2026;16:00;20.4;0;SOLEIL;5;0;0
Renty;50.58;2.06;19/07/2026;17:00;18.9;0;SOLEIL;5;0;0
Renty;50.58;2.06;19/07/2026;18:00;18.9;0;SOLEIL;5;0;0
Renty;50.58;2.06;19/07/2026;19:00;18.9;0;SOLEIL;5;0;0
Renty;50.58;2.06;19/07/2026;20:00;16.3;0;SOLEIL;5;0;0
Renty;50.58;2.06;19/07/2026;21:00;15.3;0;SOLEIL;5;0;0
Renty;50.58;2.06;19/07/2026;22:00;14.2;0;SOLEIL;5;0;0
Renty;50.58;2.06;19/07/2026;23:00;12.6;0;SOLEIL;2;0;0
Renty;50.58;2.06;20/07/2026;00:00;12.6;0;SOLEIL;2;0;0
Renty;50.58;2.06;20/07/2026;01:00;12.6;0;SOLEIL;2;0;0
Renty;50.58;2.06;20/07/2026;02:00;11.4;0;SOLEIL;5;0;0
Renty;50.58;2.06;20/07/2026;03:00;11.4;0;SOLEIL;5;0;0
Renty;50.58;2.06;20/07/2026;04:00;11.4;0;SOLEIL;5;0;0
Renty;50.58;2.06;20/07/2026;05:00;15;0;SOLEIL;3;0;0
Renty;50.58;2.06;20/07/2026;06:00;15;0;SOLEIL;3;0;0
Renty;50.58;2.06;20/07/2026;07:00;15;0;SOLEIL;3;0;0
Renty;50.58;2.06;20/07/2026;08:00;13.7;0;SOLEIL;5;0;0
Renty;50.58;2.06;20/07/2026;09:00;14.8;0;SOLEIL;5;0;0
Renty;50.58;2.06;20/07/2026;10:00;15.9;0;SOLEIL;5;0;0
Renty;50.58;2.06;20/07/2026;11:00;20.7;2;NUAGEUX;5;0;0
Renty;50.58;2.06;20/07/2026;12:00;20.7;2;NUAGEUX;5;0;0
Renty;50.58;2.06;20/07/2026;13:00;20.7;2;NUAGEUX;5;0;0
Renty;50.58;2.06;20/07/2026;14:00;20.5;0;SOLEIL;5;0;0
Renty;50.58;2.06;20/07/2026;15:00;21.6;0;SOLEIL;5;0;0
Renty;50.58;2.06;20/07/2026;16:00;20.5;0;SOLEIL;5;0;0
Renty;50.58;2.06;20/07/2026;17:00;18.9;0;SOLEIL;5;0;0
Renty;50.58;2.06;20/07/2026;18:00;18.9;0;SOLEIL;5;0;0
Renty;50.58;2.06;20/07/2026;19:00;18.9;0;SOLEIL;5;0;0
Renty;50.58;2.06;20/07/2026;20:00;15.9;0;SOLEIL;5;0;0
Renty;50.58;2.06;20/07/2026;21:00;14.8;0;SOLEIL;5;0;0
Renty;50.58;2.06;20/07/2026;22:00;13.7;0;SOLEIL;5;0;0
Renty;50.58;2.06;20/07/2026;23:00;13.4;0;SOLEIL;3;0;0
Renty;50.58;2.06;21/07/2026;00:00;13.4;0;SOLEIL;3;0;0
Renty;50.58;2.06;21/07/2026;01:00;13.4;0;SOLEIL;3;0;0
Renty;50.58;2.06;21/07/2026;02:00;12.6;0;SOLEIL;5;0;0
Renty;50.58;2.06;21/07/2026;03:00;12.6;0;SOLEIL;5;0;0
Renty;50.58;2.06;21/07/2026;04:00;12.6;0;SOLEIL;5;0;0
Renty;50.58;2.06;21/07/2026;05:00;15.5;0;SOLEIL;3;0;0
Renty;50.58;2.06;21/07/2026;06:00;15.5;0;SOLEIL;3;0;0
Renty;50.58;2.06;21/07/2026;07:00;15.5;0;SOLEIL;3;0;0
Renty;50.58;2.06;21/07/2026;08:00;14.8;0;SOLEIL;5;0;0
Renty;50.58;2.06;21/07/2026;09:00;15.9;0;SOLEIL;5;0;0
Renty;50.58;2.06;21/07/2026;10:00;17.0;0;SOLEIL;5;0;0
Renty;50.58;2.06;21/07/2026;11:00;20.9;6;AVERSES;5;0;0
Renty;50.58;2.06;21/07/2026;12:00;20.9;6;AVERSES;5;0;0
Renty;50.58;2.06;21/07/2026;13:00;20.9;6;AVERSES;5;0;0
Renty;50.58;2.06;21/07/2026;14:00;21.5;0;SOLEIL;5;0;0
Renty;50.58;2.06;21/07/2026;15:00;22.6;0;SOLEIL;5;0;0
Renty;50.58;2.06;21/07/2026;16:00;21.5;0;SOLEIL;5;0;0
Renty;50.58;2.06;21/07/2026;17:00;20.4;2;NUAGEUX;4;0;0
Renty;50.58;2.06;21/07/2026;18:00;20.4;2;NUAGEUX;4;0;0
Renty;50.58;2.06;21/07/2026;19:00;20.4;2;NUAGEUX;4;0;0
Renty;50.58;2.06;21/07/2026;20:00;17.0;0;SOLEIL;5;0;0
Renty;50.58;2.06;21/07/2026;21:00;15.9;0;SOLEIL;5;0;0
Renty;50.58;2.06;21/07/2026;22:00;14.8;0;SOLEIL;5;0;0
Renty;50.58;2.06;21/07/2026;23:00;13.9;0;SOLEIL;3;0;0
Renty;50.58;2.06;22/07/2026;00:00;13.9;0;SOLEIL;3;0;0
Renty;50.58;2.06;22/07/2026;01:00;13.9;0;SOLEIL;3;0;0
Renty;50.58;2.06;22/07/2026;02:00;12.7;0;SOLEIL;5;0;0
Renty;50.58;2.06;22/07/2026;03:00;12.7;0;SOLEIL;5;0;0
Renty;50.58;2.06;22/07/2026;04:00;12.7;0;SOLEIL;5;0;0
Renty;50.58;2.06;22/07/2026;05:00;15.9;0;SOLEIL;2;0;0
Renty;50.58;2.06;22/07/2026;06:00;15.9;0;SOLEIL;2;0;0
Renty;50.58;2.06;22/07/2026;07:00;15.9;0;SOLEIL;2;0;0
Renty;50.58;2.06;22/07/2026;08:00;15.5;0;SOLEIL;5;0;0
Renty;50.58;2.06;22/07/2026;09:00;16.8;0;SOLEIL;5;0;0
Renty;50.58;2.06;22/07/2026;10:00;18.2;0;SOLEIL;5;0;0
Renty;50.58;2.06;22/07/2026;11:00;24;0;SOLEIL;3;0;0
Renty;50.58;2.06;22/07/2026;12:00;24;0;SOLEIL;3;0;0
Renty;50.58;2.06;22/07/2026;13:00;24;0;SOLEIL;3;0;0
Renty;50.58;2.06;22/07/2026;14:00;23.7;0;SOLEIL;5;0;0
Renty;50.58;2.06;22/07/2026;15:00;25.1;0;SOLEIL;5;0;0
Renty;50.58;2.06;22/07/2026;16:00;23.7;0;SOLEIL;5;0;0
Renty;50.58;2.06;22/07/2026;17:00;21.9;0;SOLEIL;4;0;0
Renty;50.58;2.06;22/07/2026;18:00;21.9;0;SOLEIL;4;0;0
Renty;50.58;2.06;22/07/2026;19:00;21.9;0;SOLEIL;4;0;0
Renty;50.58;2.06;22/07/2026;20:00;18.2;0;SOLEIL;5;0;0
Renty;50.58;2.06;22/07/2026;21:00;16.8;0;SOLEIL;5;0;0
Renty;50.58;2.06;22/07/2026;22:00;15.5;0;SOLEIL;5;0;0
Renty;50.58;2.06;22/07/2026;23:00;15.2;0;SOLEIL;3;0;0
Renty;50.58;2.06;23/07/2026;00:00;15.2;0;SOLEIL;3;0;0
Renty;50.58;2.06;23/07/2026;01:00;15.2;0;SOLEIL;3;0;0
Renty;50.58;2.06;23/07/2026;02:00;14.1;0;SOLEIL;5;0;0
Renty;50.58;2.06;23/07/2026;03:00;14.1;0;SOLEIL;5;0;0
Renty;50.58;2.06;23/07/2026;04:00;14.1;0;SOLEIL;5;0;0
Renty;50.58;2.06;23/07/2026;05:00;16.5;0;SOLEIL;3;0;0
Renty;50.58;2.06;23/07/2026;06:00;16.5;0;SOLEIL;3;0;0
Renty;50.58;2.06;23/07/2026;07:00;16.5;0;SOLEIL;3;0;0
Renty;50.58;2.06;23/07/2026;08:00;16.7;0;SOLEIL;5;0;0
Renty;50.58;2.06;23/07/2026;09:00;17.9;0;SOLEIL;5;0;0
Renty;50.58;2.06;23/07/2026;10:00;19.2;0;SOLEIL;5;0;0
Renty;50.58;2.06;23/07/2026;11:00;24;0;SOLEIL;4;0;0
Renty;50.58;2.06;23/07/2026;12:00;24;0;SOLEIL;4;0;0
Renty;50.58;2.06;23/07/2026;13:00;24;0;SOLEIL;4;0;0
Renty;50.58;2.06;23/07/2026;14:00;24.3;0;SOLEIL;5;0;0
Renty;50.58;2.06;23/07/2026;15:00;25.6;0;SOLEIL;5;0;0
Renty;50.58;2.06;23/07/2026;16:00;24.3;0;SOLEIL;5;0;0
Renty;50.58;2.06;23/07/2026;17:00;23.1;0;SOLEIL;4;0;0
Renty;50.58;2.06;23/07/2026;18:00;23.1;0;SOLEIL;4;0;0
Renty;50.58;2.06;23/07/2026;19:00;23.1;0;SOLEIL;4;0;0
Renty;50.58;2.06;23/07/2026;20:00;19.2;0;SOLEIL;5;0;0
Renty;50.58;2.06;23/07/2026;21:00;17.9;0;SOLEIL;5;0;0
Renty;50.58;2.06;23/07/2026;22:00;16.7;0;SOLEIL;5;0;0
Renty;50.58;2.06;23/07/2026;23:00;15.2;0;SOLEIL;3;0;0
Renty;50.58;2.06;24/07/2026;00:00;15.2;0;SOLEIL;3;0;0
Renty;50.58;2.06;24/07/2026;01:00;15.2;0;SOLEIL;3;0;0
Renty;50.58;2.06;24/07/2026;02:00;14.1;0;SOLEIL;5;0;0
Renty;50.58;2.06;24/07/2026;03:00;14.1;0;SOLEIL;5;0;0
Renty;50.58;2.06;24/07/2026;04:00;14.1;0;SOLEIL;5;0;0
Renty;50.58;2.06;24/07/2026;05:00;17;0;SOLEIL;3;0;0
Renty;50.58;2.06;24/07/2026;06:00;17;0;SOLEIL;3;0;0
Renty;50.58;2.06;24/07/2026;07:00;17;0;SOLEIL;3;0;0
Renty;50.58;2.06;24/07/2026;08:00;16.7;0;SOLEIL;5;0;0
Renty;50.58;2.06;24/07/2026;09:00;18.0;0;SOLEIL;5;0;0
Renty;50.58;2.06;24/07/2026;10:00;19.3;0;SOLEIL;5;0;0
Renty;50.58;2.06;24/07/2026;11:00;24.4;0;SOLEIL;5;0;0
Renty;50.58;2.06;24/07/2026;12:00;24.4;0;SOLEIL;5;0;0
Renty;50.58;2.06;24/07/2026;13:00;24.4;0;SOLEIL;5;0;0
Renty;50.58;2.06;24/07/2026;14:00;24.4;0;SOLEIL;5;0;0
Renty;50.58;2.06;24/07/2026;15:00;25.7;0;SOLEIL;5;0;0
Renty;50.58;2.06;24/07/2026;16:00;24.4;0;SOLEIL;5;0;0
Renty;50.58;2.06;24/07/2026;17:00;22.9;0;SOLEIL;4;0;0
Renty;50.58;2.06;24/07/2026;18:00;22.9;0;SOLEIL;4;0;0
Renty;50.58;2.06;24/07/2026;19:00;22.9;0;SOLEIL;4;0;0
Renty;50.58;2.06;24/07/2026;20:00;19.3;0;SOLEIL;5;0;0
Renty;50.58;2.06;24/07/2026;21:00;18.0;0;SOLEIL;5;0;0
Renty;50.58;2.06;24/07/2026;22:00;16.7;0;SOLEIL;5;0;0
Renty;50.58;2.06;24/07/2026;23:00;16.1;0;SOLEIL;4;0;0
Renty;50.58;2.06;25/07/2026;00:00;16.1;0;SOLEIL;4;0;0
Renty;50.58;2.06;25/07/2026;01:00;16.1;0;SOLEIL;4;0;0
Renty;50.58;2.06;25/07/2026;02:00;14.9;0;SOLEIL;5;0;0
Renty;50.58;2.06;25/07/2026;03:00;14.9;0;SOLEIL;5;0;0
Renty;50.58;2.06;25/07/2026;04:00;14.9;0;SOLEIL;5;0;0
Renty;50.58;2.06;25/07/2026;05:00;;0;SOLEIL;;;0
Renty;50.58;2.06;25/07/2026;06:00;;0;SOLEIL;;;0
Renty;50.58;2.06;25/07/2026;07:00;;0;SOLEIL;;;0
Renty;50.58;2.06;25/07/2026;08:00;16.8;0;SOLEIL;5;0;0
Renty;50.58;2.06;25/07/2026;09:00;17.8;0;SOLEIL;5;0;0
Renty;50.58;2.06;25/07/2026;10:00;18.8;0;SOLEIL;5;0;0
Renty;50.58;2.06;25/07/2026;11:00;;0;SOLEIL;;;0
Renty;50.58;2.06;25/07/2026;12:00;;0;SOLEIL;;;0
Renty;50.58;2.06;25/07/2026;13:00;;0;SOLEIL;;;0
Renty;50.58;2.06;25/07/2026;14:00;22.6;0;SOLEIL;5;0;0
Renty;50.58;2.06;25/07/2026;15:00;23.6;0;SOLEIL;5;0;0
Renty;50.58;2.06;25/07/2026;16:00;22.6;0;SOLEIL;5;0;0
Renty;50.58;2.06;25/07/2026;17:00;;0;SOLEIL;;;0
Renty;50.58;2.06;25/07/2026;18:00;;0;SOLEIL;;;0
Renty;50.58;2.06;25/07/2026;19:00;;0;SOLEIL;;;0
Renty;50.58;2.06;25/07/2026;20:00;18.8;0;SOLEIL;5;0;0
Renty;50.58;2.06;25/07/2026;21:00;17.8;0;SOLEIL;5;0;0
Renty;50.58;2.06;25/07/2026;22:00;16.8;0;SOLEIL;5;0;0
Renty;50.58;2.06;25/07/2026;23:00;;6;AVERSES;;;0
Renty;50.58;2.06;26/07/2026;00:00;;6;AVERSES;;;0
Renty;50.58;2.06;26/07/2026;01:00;;6;AVERSES;;;0
Renty;50.58;2.06;26/07/2026;02:00;14.9;6;AVERSES;5;0;0
Renty;50.58;2.06;26/07/2026;03:00;14.9;6;AVERSES;5;0;0
Renty;50.58;2.06;26/07/2026;04:00;14.9;6;AVERSES;5;0;0
Renty;50.58;2.06;26/07/2026;05:00;;6;AVERSES;;;0
Renty;50.58;2.06;26/07/2026;06:00;;6;AVERSES;;;0
Renty;50.58;2.06;26/07/2026;07:00;;6;AVERSES;;;0
Renty;50.58;2.06;26/07/2026;08:00;16.6;6;AVERSES;5;0;0
Renty;50.58;2.06;26/07/2026;09:00;17.4;6;AVERSES;5;0;0
Renty;50.58;2.06;26/07/2026;10:00;18.3;6;AVERSES;5;0;0
Renty;50.58;2.06;26/07/2026;11:00;;6;AVERSES;;;0
Renty;50.58;2.06;26/07/2026;12:00;;6;AVERSES;;;0
Renty;50.58;2.06;26/07/2026;13:00;;6;AVERSES;;;0
Renty;50.58;2.06;26/07/2026;14:00;21.7;6;AVERSES;5;0;0
Renty;50.58;2.06;26/07/2026;15:00;22.5;6;AVERSES;5;0;0
Renty;50.58;2.06;26/07/2026;16:00;21.7;6;AVERSES;5;0;0
Renty;50.58;2.06;26/07/2026;17:00;;6;AVERSES;;;0
Renty;50.58;2.06;26/07/2026;18:00;;6;AVERSES;;;0
Renty;50.58;2.06;26/07/2026;19:00;;6;AVERSES;;;0
Renty;50.58;2.06;26/07/2026;20:00;18.3;6;AVERSES;5;0;0
Renty;50.58;2.06;26/07/2026;21:00;17.4;6;AVERSES;5;0;0
Renty;50.58;2.06;26/07/2026;22:00;16.6;6;AVERSES;5;0;0
Renty;50.58;2.06;26/07/2026;23:00;;6;AVERSES;;;0
Renty;50.58;2.06;27/07/2026;00:00;;6;AVERSES;;;0
Renty;50.58;2.06;27/07/2026;01:00;;6;AVERSES;;;0
Renty;50.58;2.06;27/07/2026;02:00;14.6;6;AVERSES;5;0;0
Renty;50.58;2.06;27/07/2026;03:00;14.6;6;AVERSES;5;0;0
Renty;50.58;2.06;27/07/2026;04:00;14.6;6;AVERSES;5;0;0
Renty;50.58;2.06;27/07/2026;05:00;;6;AVERSES;;;0
Renty;50.58;2.06;27/07/2026;06:00;;6;AVERSES;;;0
Renty;50.58;2.06;27/07/2026;07:00;;6;AVERSES;;;0
Renty;50.58;2.06;27/07/2026;08:00;16.5;6;AVERSES;5;0;0
Renty;50.58;2.06;27/07/2026;09:00;17.5;6;AVERSES;5;0;0
Renty;50.58;2.06;27/07/2026;10:00;18.4;6;AVERSES;5;0;0
Renty;50.58;2.06;27/07/2026;11:00;;6;AVERSES;;;0
Renty;50.58;2.06;27/07/2026;12:00;;6;AVERSES;;;0
Renty;50.58;2.06;27/07/2026;13:00;;6;AVERSES;;;0
Renty;50.58;2.06;27/07/2026;14:00;22.2;6;AVERSES;5;0;0
Renty;50.58;2.06;27/07/2026;15:00;23.2;6;AVERSES;5;0;0
Renty;50.58;2.06;27/07/2026;16:00;22.2;6;AVERSES;5;0;0
Renty;50.58;2.06;27/07/2026;17:00;;6;AVERSES;;;0
Renty;50.58;2.06;27/07/2026;18:00;;6;AVERSES;;;0
Renty;50.58;2.06;27/07/2026;19:00;;6;AVERSES;;;0
Renty;50.58;2.06;27/07/2026;20:00;18.4;6;AVERSES;5;0;0
Renty;50.58;2.06;27/07/2026;21:00;17.5;6;AVERSES;5;0;0
Renty;50.58;2.06;27/07/2026;22:00;16.5;6;AVERSES;5;0;0
Renty;50.58;2.06;27/07/2026;23:00;;6;AVERSES;;;0
Renty;50.58;2.06;28/07/2026;00:00;;6;AVERSES;;;0
Renty;50.58;2.06;28/07/2026;01:00;;6;AVERSES;;;0
Renty;50.58;2.06;28/07/2026;02:00;14.9;6;AVERSES;5;0;0
Renty;50.58;2.06;28/07/2026;03:00;14.9;6;AVERSES;5;0;0
Renty;50.58;2.06;28/07/2026;04:00;14.9;6;AVERSES;5;0;0
Renty;50.58;2.06;28/07/2026;05:00;;6;AVERSES;;;0
Renty;50.58;2.06;28/07/2026;06:00;;6;AVERSES;;;0
Renty;50.58;2.06;28/07/2026;07:00;;6;AVERSES;;;0
Renty;50.58;2.06;28/07/2026;08:00;16.5;6;AVERSES;5;0;0
Renty;50.58;2.06;28/07/2026;09:00;17.3;6;AVERSES;5;0;0
Renty;50.58;2.06;28/07/2026;10:00;18.1;6;AVERSES;5;0;0
Renty;50.58;2.06;28/07/2026;11:00;;6;AVERSES;;;0
Renty;50.58;2.06;28/07/2026;12:00;;6;AVERSES;;;0
Renty;50.58;2.06;28/07/2026;13:00;;6;AVERSES;;;0
Renty;50.58;2.06;28/07/2026;14:00;21.4;6;AVERSES;5;0;0
Renty;50.58;2.06;28/07/2026;15:00;22.2;6;AVERSES;5;0;0
Renty;50.58;2.06;28/07/2026;16:00;21.4;6;AVERSES;5;0;0
Renty;50.58;2.06;28/07/2026;17:00;;6;AVERSES;;;0
Renty;50.58;2.06;28/07/2026;18:00;;6;AVERSES;;;0
Renty;50.58;2.06;28/07/2026;19:00;;6;AVERSES;;;0
Renty;50.58;2.06;28/07/2026;20:00;18.1;6;AVERSES;5;0;0
Renty;50.58;2.06;28/07/2026;21:00;17.3;6;AVERSES;5;0;0
Renty;50.58;2.06;28/07/2026;22:00;16.5;6;AVERSES;5;0;0
Renty;50.58;2.06;28/07/2026;23:00;;6;AVERSES;;;0
Renty;50.58;2.06;29/07/2026;00:00;;6;AVERSES;;;0
Renty;50.58;2.06;29/07/2026;01:00;;6;AVERSES;;;0
Renty;50.58;2.06;29/07/2026;02:00;14.2;6;AVERSES;5;0;0
Renty;50.58;2.06;29/07/2026;03:00;14.2;6;AVERSES;5;0;0
Renty;50.58;2.06;29/07/2026;04:00;14.2;6;AVERSES;5;0;0
Renty;50.58;2.06;29/07/2026;05:00;;6;AVERSES;;;0
Renty;50.58;2.06;29/07/2026;06:00;;6;AVERSES;;;0
Renty;50.58;2.06;29/07/2026;07:00;;6;AVERSES;;;0
Renty;50.58;2.06;29/07/2026;08:00;16.2;6;AVERSES;5;0;0
Renty;50.58;2.06;29/07/2026;09:00;17.2;6;AVERSES;5;0;0
Renty;50.58;2.06;29/07/2026;10:00;18.2;6;AVERSES;5;0;0
Renty;50.58;2.06;29/07/2026;11:00;;6;AVERSES;;;0
Renty;50.58;2.06;29/07/2026;12:00;;6;AVERSES;;;0
Renty;50.58;2.06;29/07/2026;13:00;;6;AVERSES;;;0
Renty;50.58;2.06;29/07/2026;14:00;22.1;6;AVERSES;5;0;0
Renty;50.58;2.06;29/07/2026;15:00;23.1;6;AVERSES;5;0;0
Renty;50.58;2.06;29/07/2026;16:00;22.1;6;AVERSES;5;0;0
Renty;50.58;2.06;29/07/2026;17:00;;6;AVERSES;;;0
Renty;50.58;2.06;29/07/2026;18:00;;6;AVERSES;;;0
Renty;50.58;2.06;29/07/2026;19:00;;6;AVERSES;;;0
Renty;50.58;2.06;29/07/2026;20:00;18.2;6;AVERSES;5;0;0
Renty;50.58;2.06;29/07/2026;21:00;17.2;6;AVERSES;5;0;0
Renty;50.58;2.06;29/07/2026;22:00;16.2;6;AVERSES;5;0;0
Renty;50.58;2.06;29/07/2026;23:00;15.2;6;AVERSES;5;0;0
Renty;50.58;2.06;30/07/2026;00:00;12;0;SOLEIL;5;0;0
Renty;50.58;2.06;30/07/2026;01:00;12;0;SOLEIL;5;0;0
Renty;50.58;2.06;30/07/2026;02:00;12;0;SOLEIL;5;0;0
Renty;50.58;2.06;30/07/2026;03:00;12;0;SOLEIL;5;0;0
Renty;50.58;2.06;30/07/2026;04:00;12;0;SOLEIL;5;0;0
Renty;50.58;2.06;30/07/2026;05:00;12;0;SOLEIL;5;0;0
Renty;50.58;2.06;30/07/2026;06:00;12;0;SOLEIL;5;0;0
Renty;50.58;2.06;30/07/2026;07:00;13.1;0;SOLEIL;5;0;0
Renty;50.58;2.06;30/07/2026;08:00;14.2;0;SOLEIL;5;0;0
Renty;50.58;2.06;30/07/2026;09:00;15.3;0;SOLEIL;5;0;0
Renty;50.58;2.06;30/07/2026;10:00;16.4;0;SOLEIL;5;0;0
Renty;50.58;2.06;30/07/2026;11:00;17.6;0;SOLEIL;5;0;0
Renty;50.58;2.06;30/07/2026;12:00;18.7;0;SOLEIL;5;0;0
Renty;50.58;2.06;30/07/2026;13:00;19.8;0;SOLEIL;5;0;0
Renty;50.58;2.06;30/07/2026;14:00;20.9;0;SOLEIL;5;0;0
Renty;50.58;2.06;30/07/2026;15:00;22.0;0;SOLEIL;5;0;0
Renty;50.58;2.06;30/07/2026;16:00;20.9;0;SOLEIL;5;0;0
Renty;50.58;2.06;30/07/2026;17:00;19.8;0;SOLEIL;5;0;0
Renty;50.58;2.06;30/07/2026;18:00;18.7;0;SOLEIL;5;0;0
Renty;50.58;2.06;30/07/2026;19:00;17.6;0;SOLEIL;5;0;0
Renty;50.58;2.06;30/07/2026;20:00;16.4;0;SOLEIL;5;0;0
Renty;50.58;2.06;30/07/2026;21:00;15.3;0;SOLEIL;5;0;0
Renty;50.58;2.06;30/07/2026;22:00;14.2;0;SOLEIL;5;0;0
Renty;50.58;2.06;30/07/2026;23:00;13.1;0;SOLEIL;5;0;0
Renty;50.58;2.06;31/07/2026;00:00;12;0;SOLEIL;5;0;0
Renty;50.58;2.06;31/07/2026;01:00;12;0;SOLEIL;5;0;0
Renty;50.58;2.06;31/07/2026;02:00;12;0;SOLEIL;5;0;0
Renty;50.58;2.06;31/07/2026;03:00;12;0;SOLEIL;5;0;0
Renty;50.58;2.06;31/07/2026;04:00;12;0;SOLEIL;5;0;0
Renty;50.58;2.06;31/07/2026;05:00;12;0;SOLEIL;5;0;0
Renty;50.58;2.06;31/07/2026;06:00;12;0;SOLEIL;5;0;0
Renty;50.58;2.06;31/07/2026;07:00;13.1;0;SOLEIL;5;0;0
Renty;50.58;2.06;31/07/2026;08:00;14.2;0;SOLEIL;5;0;0
Renty;50.58;2.06;31/07/2026;09:00;15.3;0;SOLEIL;5;0;0
Renty;50.58;2.06;31/07/2026;10:00;16.4;0;SOLEIL;5;0;0
Renty;50.58;2.06;31/07/2026;11:00;17.6;0;SOLEIL;5;0;0
Renty;50.58;2.06;31/07/2026;12:00;18.7;0;SOLEIL;5;0;0
Renty;50.58;2.06;31/07/2026;13:00;19.8;0;SOLEIL;5;0;0
Renty;50.58;2.06;31/07/2026;14:00;20.9;0;SOLEIL;5;0;0
Renty;50.58;2.06;31/07/2026;15:00;22.0;0;SOLEIL;5;0;0
Renty;50.58;2.06;31/07/2026;16:00;20.9;0;SOLEIL;5;0;0
Renty;50.58;2.06;31/07/2026;17:00;19.8;0;SOLEIL;5;0;0
Renty;50.58;2.06;31/07/2026;18:00;18.7;0;SOLEIL;5;0;0
Renty;50.58;2.06;31/07/2026;19:00;17.6;0;SOLEIL;5;0;0
Renty;50.58;2.06;31/07/2026;20:00;16.4;0;SOLEIL;5;0;0
Renty;50.58;2.06;31/07/2026;21:00;15.3;0;SOLEIL;5;0;0
Renty;50.58;2.06;31/07/2026;22:00;14.2;0;SOLEIL;5;0;0
Renty;50.58;2.06;31/07/2026;23:00;13.1;0;SOLEIL;5;0;0
Saint-Pol-sur-Ternoise;50.38;2.33;16/07/2026;00:00;17.5;0;SOLEIL;4;25.9;0
Saint-Pol-sur-Ternoise;50.38;2.33;16/07/2026;01:00;17.5;0;SOLEIL;4;25.6;0
Saint-Pol-sur-Ternoise;50.38;2.33;16/07/2026;02:00;17.1;0;SOLEIL;4;23.0;0
Saint-Pol-sur-Ternoise;50.38;2.33;16/07/2026;03:00;16.6;0;SOLEIL;3;23.4;0
Saint-Pol-sur-Ternoise;50.38;2.33;16/07/2026;04:00;16.4;0;SOLEIL;3;22.7;0
Saint-Pol-sur-Ternoise;50.38;2.33;16/07/2026;05:00;16.6;0;SOLEIL;3;21.6;0
Saint-Pol-sur-Ternoise;50.38;2.33;16/07/2026;06:00;18.7;0;SOLEIL;3;19.1;0
Saint-Pol-sur-Ternoise;50.38;2.33;16/07/2026;07:00;21.5;0;SOLEIL;4;17.3;0
Saint-Pol-sur-Ternoise;50.38;2.33;16/07/2026;08:00;23.6;0;SOLEIL;4;19.1;0
Saint-Pol-sur-Ternoise;50.38;2.33;16/07/2026;09:00;25.4;0;SOLEIL;4;22.0;0
Saint-Pol-sur-Ternoise;50.38;2.33;16/07/2026;10:00;27.4;0;SOLEIL;5;24.1;0
Saint-Pol-sur-Ternoise;50.38;2.33;16/07/2026;11:00;28.7;0;SOLEIL;4;27.4;0
Saint-Pol-sur-Ternoise;50.38;2.33;16/07/2026;12:00;29.6;0;SOLEIL;4;31.7;0
Saint-Pol-sur-Ternoise;50.38;2.33;16/07/2026;13:00;30;0;SOLEIL;4;32.4;0
Saint-Pol-sur-Ternoise;50.38;2.33;16/07/2026;14:00;29.6;0;SOLEIL;5;32.0;0
Saint-Pol-sur-Ternoise;50.38;2.33;16/07/2026;15:00;27.7;0;SOLEIL;6;31.0;0
Saint-Pol-sur-Ternoise;50.38;2.33;16/07/2026;16:00;27;0;SOLEIL;6;31.7;0
Saint-Pol-sur-Ternoise;50.38;2.33;16/07/2026;17:00;25.2;0;SOLEIL;6;40.0;0
Saint-Pol-sur-Ternoise;50.38;2.33;16/07/2026;18:00;23.2;0;SOLEIL;6;48.2;0
Saint-Pol-sur-Ternoise;50.38;2.33;16/07/2026;19:00;21.4;0;SOLEIL;5;47.5;0
Saint-Pol-sur-Ternoise;50.38;2.33;16/07/2026;20:00;19.5;0;SOLEIL;5;45.7;0
Saint-Pol-sur-Ternoise;50.38;2.33;16/07/2026;21:00;18.4;0;SOLEIL;4;42.5;0
Saint-Pol-sur-Ternoise;50.38;2.33;16/07/2026;22:00;17.1;0;SOLEIL;4;36.4;0
Saint-Pol-sur-Ternoise;50.38;2.33;16/07/2026;23:00;17;0;SOLEIL;3;31.7;0
Saint-Pol-sur-Ternoise;50.38;2.33;17/07/2026;00:00;17.1;0;SOLEIL;3;31.7;0
Saint-Pol-sur-Ternoise;50.38;2.33;17/07/2026;01:00;17.1;0;SOLEIL;3;26.6;0
Saint-Pol-sur-Ternoise;50.38;2.33;17/07/2026;02:00;15.6;5;SOLEIL VOILÉ;3;23.8;0
Saint-Pol-sur-Ternoise;50.38;2.33;17/07/2026;03:00;15.6;5;SOLEIL VOILÉ;3;14.8;0
Saint-Pol-sur-Ternoise;50.38;2.33;17/07/2026;04:00;15.6;5;SOLEIL VOILÉ;3;18.7;0
Saint-Pol-sur-Ternoise;50.38;2.33;17/07/2026;05:00;17.9;2;NUAGEUX;4;21.2;0
Saint-Pol-sur-Ternoise;50.38;2.33;17/07/2026;06:00;17.9;2;NUAGEUX;4;22.0;0
Saint-Pol-sur-Ternoise;50.38;2.33;17/07/2026;07:00;17.9;2;NUAGEUX;4;20.2;0
Saint-Pol-sur-Ternoise;50.38;2.33;17/07/2026;08:00;22;0;SOLEIL;4;25.6;0
Saint-Pol-sur-Ternoise;50.38;2.33;17/07/2026;09:00;22;0;SOLEIL;4;27.7;0
Saint-Pol-sur-Ternoise;50.38;2.33;17/07/2026;10:00;22;0;SOLEIL;4;25.9;0
Saint-Pol-sur-Ternoise;50.38;2.33;17/07/2026;11:00;24.1;0;SOLEIL;5;26.6;0
Saint-Pol-sur-Ternoise;50.38;2.33;17/07/2026;12:00;24.1;0;SOLEIL;5;26.3;0
Saint-Pol-sur-Ternoise;50.38;2.33;17/07/2026;13:00;24.1;0;SOLEIL;5;28.1;0
Saint-Pol-sur-Ternoise;50.38;2.33;17/07/2026;14:00;25.1;0;SOLEIL;5;32.4;0
Saint-Pol-sur-Ternoise;50.38;2.33;17/07/2026;15:00;25.1;0;SOLEIL;5;32.4;0
Saint-Pol-sur-Ternoise;50.38;2.33;17/07/2026;16:00;25.1;0;SOLEIL;5;33.1;0
Saint-Pol-sur-Ternoise;50.38;2.33;17/07/2026;17:00;23.4;0;SOLEIL;4;33.5;0
Saint-Pol-sur-Ternoise;50.38;2.33;17/07/2026;18:00;23.4;0;SOLEIL;4;35.6;0
Saint-Pol-sur-Ternoise;50.38;2.33;17/07/2026;19:00;23.4;0;SOLEIL;4;36.4;0
Saint-Pol-sur-Ternoise;50.38;2.33;17/07/2026;20:00;18.7;0;SOLEIL;3;34.6;0
Saint-Pol-sur-Ternoise;50.38;2.33;17/07/2026;21:00;18.7;0;SOLEIL;3;27.2;0
Saint-Pol-sur-Ternoise;50.38;2.33;17/07/2026;22:00;18.7;0;SOLEIL;3;17.8;0
Saint-Pol-sur-Ternoise;50.38;2.33;17/07/2026;23:00;16.1;0;SOLEIL;3;17.9;0
Saint-Pol-sur-Ternoise;50.38;2.33;18/07/2026;00:00;16.1;0;SOLEIL;3;19.4;0
Saint-Pol-sur-Ternoise;50.38;2.33;18/07/2026;01:00;16.1;0;SOLEIL;3;18.4;0
Saint-Pol-sur-Ternoise;50.38;2.33;18/07/2026;02:00;14.4;0;SOLEIL;3;17.6;0
Saint-Pol-sur-Ternoise;50.38;2.33;18/07/2026;03:00;14.4;0;SOLEIL;3;13.7;0
Saint-Pol-sur-Ternoise;50.38;2.33;18/07/2026;04:00;14.4;0;SOLEIL;3;15.1;0
Saint-Pol-sur-Ternoise;50.38;2.33;18/07/2026;05:00;15.7;0;SOLEIL;3;15.1;0
Saint-Pol-sur-Ternoise;50.38;2.33;18/07/2026;06:00;15.7;0;SOLEIL;3;14.8;0
Saint-Pol-sur-Ternoise;50.38;2.33;18/07/2026;07:00;15.7;0;SOLEIL;3;11.9;0
Saint-Pol-sur-Ternoise;50.38;2.33;18/07/2026;08:00;20.2;0;SOLEIL;3;14.4;0
Saint-Pol-sur-Ternoise;50.38;2.33;18/07/2026;09:00;20.2;0;SOLEIL;3;21.2;0
Saint-Pol-sur-Ternoise;50.38;2.33;18/07/2026;10:00;20.2;0;SOLEIL;3;24.8;0
Saint-Pol-sur-Ternoise;50.38;2.33;18/07/2026;11:00;22.6;0;SOLEIL;4;25.9;0
Saint-Pol-sur-Ternoise;50.38;2.33;18/07/2026;12:00;22.6;0;SOLEIL;4;26.3;0
Saint-Pol-sur-Ternoise;50.38;2.33;18/07/2026;13:00;22.6;0;SOLEIL;4;28.4;0
Saint-Pol-sur-Ternoise;50.38;2.33;18/07/2026;14:00;22;0;SOLEIL;5;29.9;0
Saint-Pol-sur-Ternoise;50.38;2.33;18/07/2026;15:00;22;0;SOLEIL;5;33.1;0
Saint-Pol-sur-Ternoise;50.38;2.33;18/07/2026;16:00;22;0;SOLEIL;5;38.2;0
Saint-Pol-sur-Ternoise;50.38;2.33;18/07/2026;17:00;20.1;0;SOLEIL;5;38.9;0
Saint-Pol-sur-Ternoise;50.38;2.33;18/07/2026;18:00;20.1;0;SOLEIL;5;41.8;0
Saint-Pol-sur-Ternoise;50.38;2.33;18/07/2026;19:00;20.1;0;SOLEIL;5;42.5;0
Saint-Pol-sur-Ternoise;50.38;2.33;18/07/2026;20:00;18.1;0;SOLEIL;5;42.5;0
Saint-Pol-sur-Ternoise;50.38;2.33;18/07/2026;21:00;17.1;0;SOLEIL;5;43.2;0
Saint-Pol-sur-Ternoise;50.38;2.33;18/07/2026;22:00;16.0;0;SOLEIL;5;43.9;0
Saint-Pol-sur-Ternoise;50.38;2.33;18/07/2026;23:00;13.1;0;SOLEIL;3;42.5;0
Saint-Pol-sur-Ternoise;50.38;2.33;19/07/2026;00:00;13.1;0;SOLEIL;3;37.8;0
Saint-Pol-sur-Ternoise;50.38;2.33;19/07/2026;01:00;13.1;0;SOLEIL;3;31.3;0
Saint-Pol-sur-Ternoise;50.38;2.33;19/07/2026;02:00;12;0;SOLEIL;5;25.6;0
Saint-Pol-sur-Ternoise;50.38;2.33;19/07/2026;03:00;12;0;SOLEIL;5;21.2;0
Saint-Pol-sur-Ternoise;50.38;2.33;19/07/2026;04:00;12;0;SOLEIL;5;18.0;0
Saint-Pol-sur-Ternoise;50.38;2.33;19/07/2026;05:00;14.9;0;SOLEIL;4;16.2;0
Saint-Pol-sur-Ternoise;50.38;2.33;19/07/2026;06:00;14.9;0;SOLEIL;4;16.9;0
Saint-Pol-sur-Ternoise;50.38;2.33;19/07/2026;07:00;14.9;0;SOLEIL;4;19.4;0
Saint-Pol-sur-Ternoise;50.38;2.33;19/07/2026;08:00;14.2;0;SOLEIL;5;22.3;0
Saint-Pol-sur-Ternoise;50.38;2.33;19/07/2026;09:00;15.4;0;SOLEIL;5;25.9;0
Saint-Pol-sur-Ternoise;50.38;2.33;19/07/2026;10:00;16.5;0;SOLEIL;5;29.9;0
Saint-Pol-sur-Ternoise;50.38;2.33;19/07/2026;11:00;21.2;6;AVERSES;5;33.1;0
Saint-Pol-sur-Ternoise;50.38;2.33;19/07/2026;12:00;21.2;6;AVERSES;5;34.6;0
Saint-Pol-sur-Ternoise;50.38;2.33;19/07/2026;13:00;21.2;6;AVERSES;5;34.9;0
Saint-Pol-sur-Ternoise;50.38;2.33;19/07/2026;14:00;21.0;0;SOLEIL;5;35.3;0
Saint-Pol-sur-Ternoise;50.38;2.33;19/07/2026;15:00;22.1;0;SOLEIL;5;36.0;0
Saint-Pol-sur-Ternoise;50.38;2.33;19/07/2026;16:00;21.0;0;SOLEIL;5;36.7;0
Saint-Pol-sur-Ternoise;50.38;2.33;19/07/2026;17:00;19.1;0;SOLEIL;5;37.4;0
Saint-Pol-sur-Ternoise;50.38;2.33;19/07/2026;18:00;19.1;0;SOLEIL;5;38.2;0
Saint-Pol-sur-Ternoise;50.38;2.33;19/07/2026;19:00;19.1;0;SOLEIL;5;38.9;0
Saint-Pol-sur-Ternoise;50.38;2.33;19/07/2026;20:00;16.5;0;SOLEIL;5;38.5;0
Saint-Pol-sur-Ternoise;50.38;2.33;19/07/2026;21:00;15.4;0;SOLEIL;5;37.1;0
Saint-Pol-sur-Ternoise;50.38;2.33;19/07/2026;22:00;14.2;0;SOLEIL;5;34.6;0
Saint-Pol-sur-Ternoise;50.38;2.33;19/07/2026;23:00;12.6;0;SOLEIL;2;31.7;0
Saint-Pol-sur-Ternoise;50.38;2.33;20/07/2026;00:00;12.6;0;SOLEIL;2;28.4;0
Saint-Pol-sur-Ternoise;50.38;2.33;20/07/2026;01:00;12.6;0;SOLEIL;2;24.5;0
Saint-Pol-sur-Ternoise;50.38;2.33;20/07/2026;02:00;11.2;0;SOLEIL;5;20.9;0
Saint-Pol-sur-Ternoise;50.38;2.33;20/07/2026;03:00;11.2;0;SOLEIL;5;17.3;0
Saint-Pol-sur-Ternoise;50.38;2.33;20/07/2026;04:00;11.2;0;SOLEIL;5;14.0;0
Saint-Pol-sur-Ternoise;50.38;2.33;20/07/2026;05:00;14.1;0;SOLEIL;3;12.6;0
Saint-Pol-sur-Ternoise;50.38;2.33;20/07/2026;06:00;14.1;0;SOLEIL;3;13.3;0
Saint-Pol-sur-Ternoise;50.38;2.33;20/07/2026;07:00;14.1;0;SOLEIL;3;15.8;0
Saint-Pol-sur-Ternoise;50.38;2.33;20/07/2026;08:00;13.7;0;SOLEIL;5;19.1;0
Saint-Pol-sur-Ternoise;50.38;2.33;20/07/2026;09:00;15.0;0;SOLEIL;5;22.7;0
Saint-Pol-sur-Ternoise;50.38;2.33;20/07/2026;10:00;16.3;0;SOLEIL;5;27.4;0
Saint-Pol-sur-Ternoise;50.38;2.33;20/07/2026;11:00;21.7;2;NUAGEUX;5;30.6;0
Saint-Pol-sur-Ternoise;50.38;2.33;20/07/2026;12:00;21.7;2;NUAGEUX;5;32.4;0
Saint-Pol-sur-Ternoise;50.38;2.33;20/07/2026;13:00;21.7;2;NUAGEUX;5;32.8;0
Saint-Pol-sur-Ternoise;50.38;2.33;20/07/2026;14:00;21.3;0;SOLEIL;5;33.8;0
Saint-Pol-sur-Ternoise;50.38;2.33;20/07/2026;15:00;22.6;0;SOLEIL;5;35.6;0
Saint-Pol-sur-Ternoise;50.38;2.33;20/07/2026;16:00;21.3;0;SOLEIL;5;37.4;0
Saint-Pol-sur-Ternoise;50.38;2.33;20/07/2026;17:00;19.5;0;SOLEIL;5;38.9;0
Saint-Pol-sur-Ternoise;50.38;2.33;20/07/2026;18:00;19.5;0;SOLEIL;5;39.2;0
Saint-Pol-sur-Ternoise;50.38;2.33;20/07/2026;19:00;19.5;0;SOLEIL;5;38.9;0
Saint-Pol-sur-Ternoise;50.38;2.33;20/07/2026;20:00;16.3;0;SOLEIL;5;38.2;0
Saint-Pol-sur-Ternoise;50.38;2.33;20/07/2026;21:00;15.0;0;SOLEIL;5;36.7;0
Saint-Pol-sur-Ternoise;50.38;2.33;20/07/2026;22:00;13.7;0;SOLEIL;5;34.6;0
Saint-Pol-sur-Ternoise;50.38;2.33;20/07/2026;23:00;13.4;0;SOLEIL;3;32.0;0
Saint-Pol-sur-Ternoise;50.38;2.33;21/07/2026;00:00;13.4;0;SOLEIL;3;29.2;0
Saint-Pol-sur-Ternoise;50.38;2.33;21/07/2026;01:00;13.4;0;SOLEIL;3;26.6;0
Saint-Pol-sur-Ternoise;50.38;2.33;21/07/2026;02:00;12.1;0;SOLEIL;5;24.5;0
Saint-Pol-sur-Ternoise;50.38;2.33;21/07/2026;03:00;12.1;0;SOLEIL;5;22.7;0
Saint-Pol-sur-Ternoise;50.38;2.33;21/07/2026;04:00;12.1;0;SOLEIL;5;20.9;0
Saint-Pol-sur-Ternoise;50.38;2.33;21/07/2026;05:00;14.9;0;SOLEIL;3;19.4;0
Saint-Pol-sur-Ternoise;50.38;2.33;21/07/2026;06:00;14.9;0;SOLEIL;3;18.4;0
Saint-Pol-sur-Ternoise;50.38;2.33;21/07/2026;07:00;14.9;0;SOLEIL;3;17.6;0
Saint-Pol-sur-Ternoise;50.38;2.33;21/07/2026;08:00;14.8;0;SOLEIL;5;17.6;0
Saint-Pol-sur-Ternoise;50.38;2.33;21/07/2026;09:00;16.1;0;SOLEIL;5;18.7;0
Saint-Pol-sur-Ternoise;50.38;2.33;21/07/2026;10:00;17.5;0;SOLEIL;5;20.9;0
Saint-Pol-sur-Ternoise;50.38;2.33;21/07/2026;11:00;22.6;6;AVERSES;5;23.4;0
Saint-Pol-sur-Ternoise;50.38;2.33;21/07/2026;12:00;22.6;6;AVERSES;5;25.9;0
Saint-Pol-sur-Ternoise;50.38;2.33;21/07/2026;13:00;22.6;6;AVERSES;5;28.4;0
Saint-Pol-sur-Ternoise;50.38;2.33;21/07/2026;14:00;22.9;0;SOLEIL;5;30.6;0
Saint-Pol-sur-Ternoise;50.38;2.33;21/07/2026;15:00;24.2;0;SOLEIL;5;32.0;0
Saint-Pol-sur-Ternoise;50.38;2.33;21/07/2026;16:00;22.9;0;SOLEIL;5;33.8;0
Saint-Pol-sur-Ternoise;50.38;2.33;21/07/2026;17:00;21.5;2;NUAGEUX;5;34.9;0
Saint-Pol-sur-Ternoise;50.38;2.33;21/07/2026;18:00;21.5;2;NUAGEUX;5;36.0;0
Saint-Pol-sur-Ternoise;50.38;2.33;21/07/2026;19:00;21.5;2;NUAGEUX;5;36.7;0
Saint-Pol-sur-Ternoise;50.38;2.33;21/07/2026;20:00;17.5;0;SOLEIL;5;37.1;0
Saint-Pol-sur-Ternoise;50.38;2.33;21/07/2026;21:00;16.1;0;SOLEIL;5;37.1;0
Saint-Pol-sur-Ternoise;50.38;2.33;21/07/2026;22:00;14.8;0;SOLEIL;5;36.7;0
Saint-Pol-sur-Ternoise;50.38;2.33;21/07/2026;23:00;14.2;0;SOLEIL;3;36.0;0
Saint-Pol-sur-Ternoise;50.38;2.33;22/07/2026;00:00;14.2;0;SOLEIL;3;34.9;0
Saint-Pol-sur-Ternoise;50.38;2.33;22/07/2026;01:00;14.2;0;SOLEIL;3;33.5;0
Saint-Pol-sur-Ternoise;50.38;2.33;22/07/2026;02:00;12.2;0;SOLEIL;5;31.7;0
Saint-Pol-sur-Ternoise;50.38;2.33;22/07/2026;03:00;12.2;0;SOLEIL;5;29.2;0
Saint-Pol-sur-Ternoise;50.38;2.33;22/07/2026;04:00;12.2;0;SOLEIL;5;25.9;0
Saint-Pol-sur-Ternoise;50.38;2.33;22/07/2026;05:00;15.1;0;SOLEIL;2;22.3;0
Saint-Pol-sur-Ternoise;50.38;2.33;22/07/2026;06:00;15.1;0;SOLEIL;2;18.7;0
Saint-Pol-sur-Ternoise;50.38;2.33;22/07/2026;07:00;15.1;0;SOLEIL;2;16.2;0
Saint-Pol-sur-Ternoise;50.38;2.33;22/07/2026;08:00;15.4;0;SOLEIL;5;14.8;0
Saint-Pol-sur-Ternoise;50.38;2.33;22/07/2026;09:00;17.0;0;SOLEIL;5;15.1;0
Saint-Pol-sur-Ternoise;50.38;2.33;22/07/2026;10:00;18.6;0;SOLEIL;5;16.9;0
Saint-Pol-sur-Ternoise;50.38;2.33;22/07/2026;11:00;24.6;0;SOLEIL;3;19.1;0
Saint-Pol-sur-Ternoise;50.38;2.33;22/07/2026;12:00;24.6;0;SOLEIL;3;22.0;0
Saint-Pol-sur-Ternoise;50.38;2.33;22/07/2026;13:00;24.6;0;SOLEIL;3;24.5;0
Saint-Pol-sur-Ternoise;50.38;2.33;22/07/2026;14:00;24.9;0;SOLEIL;5;25.9;0
Saint-Pol-sur-Ternoise;50.38;2.33;22/07/2026;15:00;26.5;0;SOLEIL;5;26.6;0
Saint-Pol-sur-Ternoise;50.38;2.33;22/07/2026;16:00;24.9;0;SOLEIL;5;27.0;0
Saint-Pol-sur-Ternoise;50.38;2.33;22/07/2026;17:00;23.6;0;SOLEIL;4;27.0;0
Saint-Pol-sur-Ternoise;50.38;2.33;22/07/2026;18:00;23.6;0;SOLEIL;4;27.0;0
Saint-Pol-sur-Ternoise;50.38;2.33;22/07/2026;19:00;23.6;0;SOLEIL;4;26.6;0
Saint-Pol-sur-Ternoise;50.38;2.33;22/07/2026;20:00;18.6;0;SOLEIL;5;26.3;0
Saint-Pol-sur-Ternoise;50.38;2.33;22/07/2026;21:00;17.0;0;SOLEIL;5;25.9;0
Saint-Pol-sur-Ternoise;50.38;2.33;22/07/2026;22:00;15.4;0;SOLEIL;5;25.2;0
Saint-Pol-sur-Ternoise;50.38;2.33;22/07/2026;23:00;15.6;0;SOLEIL;2;24.8;0
Saint-Pol-sur-Ternoise;50.38;2.33;23/07/2026;00:00;15.6;0;SOLEIL;2;24.1;0
Saint-Pol-sur-Ternoise;50.38;2.33;23/07/2026;01:00;15.6;0;SOLEIL;2;23.0;0
Saint-Pol-sur-Ternoise;50.38;2.33;23/07/2026;02:00;13.7;0;SOLEIL;5;22.3;0
Saint-Pol-sur-Ternoise;50.38;2.33;23/07/2026;03:00;13.7;0;SOLEIL;5;21.2;0
Saint-Pol-sur-Ternoise;50.38;2.33;23/07/2026;04:00;13.7;0;SOLEIL;5;19.8;0
Saint-Pol-sur-Ternoise;50.38;2.33;23/07/2026;05:00;16.1;0;SOLEIL;3;18.4;0
Saint-Pol-sur-Ternoise;50.38;2.33;23/07/2026;06:00;16.1;0;SOLEIL;3;16.9;0
Saint-Pol-sur-Ternoise;50.38;2.33;23/07/2026;07:00;16.1;0;SOLEIL;3;15.8;0
Saint-Pol-sur-Ternoise;50.38;2.33;23/07/2026;08:00;16.6;0;SOLEIL;5;15.8;0
Saint-Pol-sur-Ternoise;50.38;2.33;23/07/2026;09:00;18.0;0;SOLEIL;5;16.6;0
Saint-Pol-sur-Ternoise;50.38;2.33;23/07/2026;10:00;19.4;0;SOLEIL;5;18.4;0
Saint-Pol-sur-Ternoise;50.38;2.33;23/07/2026;11:00;24.7;0;SOLEIL;4;20.2;0
Saint-Pol-sur-Ternoise;50.38;2.33;23/07/2026;12:00;24.7;0;SOLEIL;4;22.3;0
Saint-Pol-sur-Ternoise;50.38;2.33;23/07/2026;13:00;24.7;0;SOLEIL;4;24.5;0
Saint-Pol-sur-Ternoise;50.38;2.33;23/07/2026;14:00;25.2;0;SOLEIL;5;25.9;0
Saint-Pol-sur-Ternoise;50.38;2.33;23/07/2026;15:00;26.6;0;SOLEIL;5;27.0;0
Saint-Pol-sur-Ternoise;50.38;2.33;23/07/2026;16:00;25.2;0;SOLEIL;5;28.1;0
Saint-Pol-sur-Ternoise;50.38;2.33;23/07/2026;17:00;24;0;SOLEIL;4;29.2;0
Saint-Pol-sur-Ternoise;50.38;2.33;23/07/2026;18:00;24;0;SOLEIL;4;29.9;0
Saint-Pol-sur-Ternoise;50.38;2.33;23/07/2026;19:00;24;0;SOLEIL;4;30.2;0
Saint-Pol-sur-Ternoise;50.38;2.33;23/07/2026;20:00;19.4;0;SOLEIL;5;29.9;0
Saint-Pol-sur-Ternoise;50.38;2.33;23/07/2026;21:00;18.0;0;SOLEIL;5;28.8;0
Saint-Pol-sur-Ternoise;50.38;2.33;23/07/2026;22:00;16.6;0;SOLEIL;5;27.0;0
Saint-Pol-sur-Ternoise;50.38;2.33;23/07/2026;23:00;15.7;0;SOLEIL;3;24.8;0
Saint-Pol-sur-Ternoise;50.38;2.33;24/07/2026;00:00;15.7;0;SOLEIL;3;22.7;0
Saint-Pol-sur-Ternoise;50.38;2.33;24/07/2026;01:00;15.7;0;SOLEIL;3;20.9;0
Saint-Pol-sur-Ternoise;50.38;2.33;24/07/2026;02:00;13.6;0;SOLEIL;5;19.4;0
Saint-Pol-sur-Ternoise;50.38;2.33;24/07/2026;03:00;13.6;0;SOLEIL;5;18.7;0
Saint-Pol-sur-Ternoise;50.38;2.33;24/07/2026;04:00;13.6;0;SOLEIL;5;18.0;0
Saint-Pol-sur-Ternoise;50.38;2.33;24/07/2026;05:00;16.1;0;SOLEIL;4;17.6;0
Saint-Pol-sur-Ternoise;50.38;2.33;24/07/2026;06:00;16.1;0;SOLEIL;4;17.6;0
Saint-Pol-sur-Ternoise;50.38;2.33;24/07/2026;07:00;16.1;0;SOLEIL;4;18.0;0
Saint-Pol-sur-Ternoise;50.38;2.33;24/07/2026;08:00;16.7;0;SOLEIL;5;18.7;0
Saint-Pol-sur-Ternoise;50.38;2.33;24/07/2026;09:00;18.3;0;SOLEIL;5;20.5;0
Saint-Pol-sur-Ternoise;50.38;2.33;24/07/2026;10:00;19.8;0;SOLEIL;5;22.7;0
Saint-Pol-sur-Ternoise;50.38;2.33;24/07/2026;11:00;25.7;0;SOLEIL;5;25.6;0
Saint-Pol-sur-Ternoise;50.38;2.33;24/07/2026;12:00;25.7;0;SOLEIL;5;28.4;0
Saint-Pol-sur-Ternoise;50.38;2.33;24/07/2026;13:00;25.7;0;SOLEIL;5;31.0;0
Saint-Pol-sur-Ternoise;50.38;2.33;24/07/2026;14:00;26.0;0;SOLEIL;5;32.8;0
Saint-Pol-sur-Ternoise;50.38;2.33;24/07/2026;15:00;27.6;0;SOLEIL;5;33.5;0
Saint-Pol-sur-Ternoise;50.38;2.33;24/07/2026;16:00;26.0;0;SOLEIL;5;33.8;0
Saint-Pol-sur-Ternoise;50.38;2.33;24/07/2026;17:00;24.2;0;SOLEIL;5;33.8;0
Saint-Pol-sur-Ternoise;50.38;2.33;24/07/2026;18:00;24.2;0;SOLEIL;5;33.5;0
Saint-Pol-sur-Ternoise;50.38;2.33;24/07/2026;19:00;24.2;0;SOLEIL;5;33.1;0
Saint-Pol-sur-Ternoise;50.38;2.33;24/07/2026;20:00;19.8;0;SOLEIL;5;32.8;0
Saint-Pol-sur-Ternoise;50.38;2.33;24/07/2026;21:00;18.3;0;SOLEIL;5;32.4;0
Saint-Pol-sur-Ternoise;50.38;2.33;24/07/2026;22:00;16.7;0;SOLEIL;5;31.7;0
Saint-Pol-sur-Ternoise;50.38;2.33;24/07/2026;23:00;16.2;0;SOLEIL;4;31.0;0
Saint-Pol-sur-Ternoise;50.38;2.33;25/07/2026;00:00;16.2;0;SOLEIL;4;30.2;0
Saint-Pol-sur-Ternoise;50.38;2.33;25/07/2026;01:00;16.2;0;SOLEIL;4;29.9;0
Saint-Pol-sur-Ternoise;50.38;2.33;25/07/2026;02:00;14.5;0;SOLEIL;5;29.5;0
Saint-Pol-sur-Ternoise;50.38;2.33;25/07/2026;03:00;14.5;0;SOLEIL;5;29.5;0
Saint-Pol-sur-Ternoise;50.38;2.33;25/07/2026;04:00;14.5;0;SOLEIL;5;29.9;0
Saint-Pol-sur-Ternoise;50.38;2.33;25/07/2026;05:00;;0;SOLEIL;;30.6;0
Saint-Pol-sur-Ternoise;50.38;2.33;25/07/2026;06:00;;0;SOLEIL;;31.3;0
Saint-Pol-sur-Ternoise;50.38;2.33;25/07/2026;07:00;;0;SOLEIL;;32.0;0
Saint-Pol-sur-Ternoise;50.38;2.33;25/07/2026;08:00;16.9;0;SOLEIL;5;33.1;0
Saint-Pol-sur-Ternoise;50.38;2.33;25/07/2026;09:00;18.1;0;SOLEIL;5;34.2;0
Saint-Pol-sur-Ternoise;50.38;2.33;25/07/2026;10:00;19.3;0;SOLEIL;5;36.0;0
Saint-Pol-sur-Ternoise;50.38;2.33;25/07/2026;11:00;;0;SOLEIL;;37.4;0
Saint-Pol-sur-Ternoise;50.38;2.33;25/07/2026;12:00;;0;SOLEIL;;39.2;0
Saint-Pol-sur-Ternoise;50.38;2.33;25/07/2026;13:00;;0;SOLEIL;;40.7;0
Saint-Pol-sur-Ternoise;50.38;2.33;25/07/2026;14:00;24.0;0;SOLEIL;5;42.1;0
Saint-Pol-sur-Ternoise;50.38;2.33;25/07/2026;15:00;25.2;0;SOLEIL;5;43.2;0
Saint-Pol-sur-Ternoise;50.38;2.33;25/07/2026;16:00;24.0;0;SOLEIL;5;44.3;0
Saint-Pol-sur-Ternoise;50.38;2.33;25/07/2026;17:00;;0;SOLEIL;;45.4;0
Saint-Pol-sur-Ternoise;50.38;2.33;25/07/2026;18:00;;0;SOLEIL;;46.4;0
Saint-Pol-sur-Ternoise;50.38;2.33;25/07/2026;19:00;;0;SOLEIL;;46.8;0
Saint-Pol-sur-Ternoise;50.38;2.33;25/07/2026;20:00;19.3;0;SOLEIL;5;46.4;0
Saint-Pol-sur-Ternoise;50.38;2.33;25/07/2026;21:00;18.1;0;SOLEIL;5;45.7;0
Saint-Pol-sur-Ternoise;50.38;2.33;25/07/2026;22:00;16.9;0;SOLEIL;5;43.9;0
Saint-Pol-sur-Ternoise;50.38;2.33;25/07/2026;23:00;;6;AVERSES;;42.1;0
Saint-Pol-sur-Ternoise;50.38;2.33;26/07/2026;00:00;;6;AVERSES;;40.0;0
Saint-Pol-sur-Ternoise;50.38;2.33;26/07/2026;01:00;;6;AVERSES;;37.8;0
Saint-Pol-sur-Ternoise;50.38;2.33;26/07/2026;02:00;14;6;AVERSES;5;36.0;0
Saint-Pol-sur-Ternoise;50.38;2.33;26/07/2026;03:00;14;6;AVERSES;5;33.8;0
Saint-Pol-sur-Ternoise;50.38;2.33;26/07/2026;04:00;14;6;AVERSES;5;31.3;0
Saint-Pol-sur-Ternoise;50.38;2.33;26/07/2026;05:00;;6;AVERSES;;28.8;0
Saint-Pol-sur-Ternoise;50.38;2.33;26/07/2026;06:00;;6;AVERSES;;26.6;0
Saint-Pol-sur-Ternoise;50.38;2.33;26/07/2026;07:00;;6;AVERSES;;25.2;0
Saint-Pol-sur-Ternoise;50.38;2.33;26/07/2026;08:00;16.2;6;AVERSES;5;24.8;0
Saint-Pol-sur-Ternoise;50.38;2.33;26/07/2026;09:00;17.4;6;AVERSES;5;25.9;0
Saint-Pol-sur-Ternoise;50.38;2.33;26/07/2026;10:00;18.5;6;AVERSES;5;28.4;0
Saint-Pol-sur-Ternoise;50.38;2.33;26/07/2026;11:00;;6;AVERSES;;31.7;0
Saint-Pol-sur-Ternoise;50.38;2.33;26/07/2026;12:00;;6;AVERSES;;35.3;0
Saint-Pol-sur-Ternoise;50.38;2.33;26/07/2026;13:00;;6;AVERSES;;38.2;0
Saint-Pol-sur-Ternoise;50.38;2.33;26/07/2026;14:00;23.0;6;AVERSES;5;40.0;0
Saint-Pol-sur-Ternoise;50.38;2.33;26/07/2026;15:00;24.1;6;AVERSES;5;40.7;0
Saint-Pol-sur-Ternoise;50.38;2.33;26/07/2026;16:00;23.0;6;AVERSES;5;41.0;0
Saint-Pol-sur-Ternoise;50.38;2.33;26/07/2026;17:00;;6;AVERSES;;41.0;0
Saint-Pol-sur-Ternoise;50.38;2.33;26/07/2026;18:00;;6;AVERSES;;40.7;0
Saint-Pol-sur-Ternoise;50.38;2.33;26/07/2026;19:00;;6;AVERSES;;40.0;0
Saint-Pol-sur-Ternoise;50.38;2.33;26/07/2026;20:00;18.5;6;AVERSES;5;38.9;0
Saint-Pol-sur-Ternoise;50.38;2.33;26/07/2026;21:00;17.4;6;AVERSES;5;37.8;0
Saint-Pol-sur-Ternoise;50.38;2.33;26/07/2026;22:00;16.2;6;AVERSES;5;36.0;0
Saint-Pol-sur-Ternoise;50.38;2.33;26/07/2026;23:00;;6;AVERSES;;34.2;0
Saint-Pol-sur-Ternoise;50.38;2.33;27/07/2026;00:00;;6;AVERSES;;32.0;0
Saint-Pol-sur-Ternoise;50.38;2.33;27/07/2026;01:00;;6;AVERSES;;30.2;0
Saint-Pol-sur-Ternoise;50.38;2.33;27/07/2026;02:00;13.9;6;AVERSES;5;28.4;0
Saint-Pol-sur-Ternoise;50.38;2.33;27/07/2026;03:00;13.9;6;AVERSES;5;26.6;0
Saint-Pol-sur-Ternoise;50.38;2.33;27/07/2026;04:00;13.9;6;AVERSES;5;24.1;0
Saint-Pol-sur-Ternoise;50.38;2.33;27/07/2026;05:00;;6;AVERSES;;22.0;0
Saint-Pol-sur-Ternoise;50.38;2.33;27/07/2026;06:00;;6;AVERSES;;20.2;0
Saint-Pol-sur-Ternoise;50.38;2.33;27/07/2026;07:00;;6;AVERSES;;19.4;0
Saint-Pol-sur-Ternoise;50.38;2.33;27/07/2026;08:00;16.3;6;AVERSES;5;19.8;0
Saint-Pol-sur-Ternoise;50.38;2.33;27/07/2026;09:00;17.4;6;AVERSES;5;22.0;0
Saint-Pol-sur-Ternoise;50.38;2.33;27/07/2026;10:00;18.6;6;AVERSES;5;25.9;0
Saint-Pol-sur-Ternoise;50.38;2.33;27/07/2026;11:00;;6;AVERSES;;30.6;0
Saint-Pol-sur-Ternoise;50.38;2.33;27/07/2026;12:00;;6;AVERSES;;35.3;0
Saint-Pol-sur-Ternoise;50.38;2.33;27/07/2026;13:00;;6;AVERSES;;39.6;0
Saint-Pol-sur-Ternoise;50.38;2.33;27/07/2026;14:00;23.3;6;AVERSES;5;42.8;0
Saint-Pol-sur-Ternoise;50.38;2.33;27/07/2026;15:00;24.5;6;AVERSES;5;44.6;0
Saint-Pol-sur-Ternoise;50.38;2.33;27/07/2026;16:00;23.3;6;AVERSES;5;46.1;0
Saint-Pol-sur-Ternoise;50.38;2.33;27/07/2026;17:00;;6;AVERSES;;46.8;0
Saint-Pol-sur-Ternoise;50.38;2.33;27/07/2026;18:00;;6;AVERSES;;47.2;0
Saint-Pol-sur-Ternoise;50.38;2.33;27/07/2026;19:00;;6;AVERSES;;47.2;0
Saint-Pol-sur-Ternoise;50.38;2.33;27/07/2026;20:00;18.6;6;AVERSES;5;46.8;0
Saint-Pol-sur-Ternoise;50.38;2.33;27/07/2026;21:00;17.4;6;AVERSES;5;45.7;0
Saint-Pol-sur-Ternoise;50.38;2.33;27/07/2026;22:00;16.3;6;AVERSES;5;44.3;0
Saint-Pol-sur-Ternoise;50.38;2.33;27/07/2026;23:00;;6;AVERSES;;42.5;0
Saint-Pol-sur-Ternoise;50.38;2.33;28/07/2026;00:00;;6;AVERSES;;40.3;0
Saint-Pol-sur-Ternoise;50.38;2.33;28/07/2026;01:00;;6;AVERSES;;38.2;0
Saint-Pol-sur-Ternoise;50.38;2.33;28/07/2026;02:00;14.1;6;AVERSES;5;35.6;0
Saint-Pol-sur-Ternoise;50.38;2.33;28/07/2026;03:00;14.1;6;AVERSES;5;32.8;0
Saint-Pol-sur-Ternoise;50.38;2.33;28/07/2026;04:00;14.1;6;AVERSES;5;29.2;0
Saint-Pol-sur-Ternoise;50.38;2.33;28/07/2026;05:00;;6;AVERSES;;25.6;0
Saint-Pol-sur-Ternoise;50.38;2.33;28/07/2026;06:00;;6;AVERSES;;22.0;0
Saint-Pol-sur-Ternoise;50.38;2.33;28/07/2026;07:00;;6;AVERSES;;19.8;0
Saint-Pol-sur-Ternoise;50.38;2.33;28/07/2026;08:00;16.2;6;AVERSES;5;18.7;0
Saint-Pol-sur-Ternoise;50.38;2.33;28/07/2026;09:00;17.3;6;AVERSES;5;19.4;0
Saint-Pol-sur-Ternoise;50.38;2.33;28/07/2026;10:00;18.4;6;AVERSES;5;22.0;0
Saint-Pol-sur-Ternoise;50.38;2.33;28/07/2026;11:00;;6;AVERSES;;25.2;0
Saint-Pol-sur-Ternoise;50.38;2.33;28/07/2026;12:00;;6;AVERSES;;28.8;0
Saint-Pol-sur-Ternoise;50.38;2.33;28/07/2026;13:00;;6;AVERSES;;32.4;0
Saint-Pol-sur-Ternoise;50.38;2.33;28/07/2026;14:00;22.6;6;AVERSES;5;34.9;0
Saint-Pol-sur-Ternoise;50.38;2.33;28/07/2026;15:00;23.7;6;AVERSES;5;37.1;0
Saint-Pol-sur-Ternoise;50.38;2.33;28/07/2026;16:00;22.6;6;AVERSES;5;39.6;0
Saint-Pol-sur-Ternoise;50.38;2.33;28/07/2026;17:00;;6;AVERSES;;41.8;0
Saint-Pol-sur-Ternoise;50.38;2.33;28/07/2026;18:00;;6;AVERSES;;43.2;0
Saint-Pol-sur-Ternoise;50.38;2.33;28/07/2026;19:00;;6;AVERSES;;44.3;0
Saint-Pol-sur-Ternoise;50.38;2.33;28/07/2026;20:00;18.4;6;AVERSES;5;43.9;0
Saint-Pol-sur-Ternoise;50.38;2.33;28/07/2026;21:00;17.3;6;AVERSES;5;42.1;0
Saint-Pol-sur-Ternoise;50.38;2.33;28/07/2026;22:00;16.2;6;AVERSES;5;38.5;0
Saint-Pol-sur-Ternoise;50.38;2.33;28/07/2026;23:00;;6;AVERSES;;34.6;0
Saint-Pol-sur-Ternoise;50.38;2.33;29/07/2026;00:00;;6;AVERSES;;30.2;0
Saint-Pol-sur-Ternoise;50.38;2.33;29/07/2026;01:00;;6;AVERSES;;26.3;0
Saint-Pol-sur-Ternoise;50.38;2.33;29/07/2026;02:00;13.6;6;AVERSES;5;23.8;0
Saint-Pol-sur-Ternoise;50.38;2.33;29/07/2026;03:00;13.6;6;AVERSES;5;22.3;0
Saint-Pol-sur-Ternoise;50.38;2.33;29/07/2026;04:00;13.6;6;AVERSES;5;22.0;0
Saint-Pol-sur-Ternoise;50.38;2.33;29/07/2026;05:00;;6;AVERSES;;22.0;0
Saint-Pol-sur-Ternoise;50.38;2.33;29/07/2026;06:00;;6;AVERSES;;22.3;0
Saint-Pol-sur-Ternoise;50.38;2.33;29/07/2026;07:00;;6;AVERSES;;23.0;0
Saint-Pol-sur-Ternoise;50.38;2.33;29/07/2026;08:00;16.0;6;AVERSES;5;23.8;0
Saint-Pol-sur-Ternoise;50.38;2.33;29/07/2026;09:00;17.2;6;AVERSES;5;24.8;0
Saint-Pol-sur-Ternoise;50.38;2.33;29/07/2026;10:00;18.4;6;AVERSES;5;26.3;0
Saint-Pol-sur-Ternoise;50.38;2.33;29/07/2026;11:00;;6;AVERSES;;28.1;0
Saint-Pol-sur-Ternoise;50.38;2.33;29/07/2026;12:00;;6;AVERSES;;29.9;0
Saint-Pol-sur-Ternoise;50.38;2.33;29/07/2026;13:00;;6;AVERSES;;31.3;0
Saint-Pol-sur-Ternoise;50.38;2.33;29/07/2026;14:00;23.2;6;AVERSES;5;32.8;0
Saint-Pol-sur-Ternoise;50.38;2.33;29/07/2026;15:00;24.4;6;AVERSES;5;34.2;0
Saint-Pol-sur-Ternoise;50.38;2.33;29/07/2026;16:00;23.2;6;AVERSES;5;35.3;0
Saint-Pol-sur-Ternoise;50.38;2.33;29/07/2026;17:00;;6;AVERSES;;36.7;0
Saint-Pol-sur-Ternoise;50.38;2.33;29/07/2026;18:00;;6;AVERSES;;37.4;0
Saint-Pol-sur-Ternoise;50.38;2.33;29/07/2026;19:00;;6;AVERSES;;38.2;0
Saint-Pol-sur-Ternoise;50.38;2.33;29/07/2026;20:00;18.4;6;AVERSES;5;37.8;0
Saint-Pol-sur-Ternoise;50.38;2.33;29/07/2026;21:00;17.2;6;AVERSES;5;36.7;0
Saint-Pol-sur-Ternoise;50.38;2.33;29/07/2026;22:00;16.0;6;AVERSES;5;34.6;0
Saint-Pol-sur-Ternoise;50.38;2.33;29/07/2026;23:00;14.8;6;AVERSES;5;32.0;0
Saint-Pol-sur-Ternoise;50.38;2.33;30/07/2026;00:00;12;0;SOLEIL;5;29.6;0
Saint-Pol-sur-Ternoise;50.38;2.33;30/07/2026;01:00;12;0;SOLEIL;5;27.2;0
Saint-Pol-sur-Ternoise;50.38;2.33;30/07/2026;02:00;12;0;SOLEIL;5;25.9;0
Saint-Pol-sur-Ternoise;50.38;2.33;30/07/2026;03:00;12;0;SOLEIL;5;25.6;0
Saint-Pol-sur-Ternoise;50.38;2.33;30/07/2026;04:00;12;0;SOLEIL;5;25.6;0
Saint-Pol-sur-Ternoise;50.38;2.33;30/07/2026;05:00;12;0;SOLEIL;5;0.0;0
Saint-Pol-sur-Ternoise;50.38;2.33;30/07/2026;06:00;12;0;SOLEIL;5;0.0;0
Saint-Pol-sur-Ternoise;50.38;2.33;30/07/2026;07:00;13.1;0;SOLEIL;5;0.0;0
Saint-Pol-sur-Ternoise;50.38;2.33;30/07/2026;08:00;14.2;0;SOLEIL;5;0.0;0
Saint-Pol-sur-Ternoise;50.38;2.33;30/07/2026;09:00;15.3;0;SOLEIL;5;0.0;0
Saint-Pol-sur-Ternoise;50.38;2.33;30/07/2026;10:00;16.4;0;SOLEIL;5;0.0;0
Saint-Pol-sur-Ternoise;50.38;2.33;30/07/2026;11:00;17.6;0;SOLEIL;5;0.0;0
Saint-Pol-sur-Ternoise;50.38;2.33;30/07/2026;12:00;18.7;0;SOLEIL;5;0.0;0
Saint-Pol-sur-Ternoise;50.38;2.33;30/07/2026;13:00;19.8;0;SOLEIL;5;0.0;0
Saint-Pol-sur-Ternoise;50.38;2.33;30/07/2026;14:00;20.9;0;SOLEIL;5;0.0;0
Saint-Pol-sur-Ternoise;50.38;2.33;30/07/2026;15:00;22.0;0;SOLEIL;5;0.0;0
Saint-Pol-sur-Ternoise;50.38;2.33;30/07/2026;16:00;20.9;0;SOLEIL;5;0.0;0
Saint-Pol-sur-Ternoise;50.38;2.33;30/07/2026;17:00;19.8;0;SOLEIL;5;0.0;0
Saint-Pol-sur-Ternoise;50.38;2.33;30/07/2026;18:00;18.7;0;SOLEIL;5;0.0;0
Saint-Pol-sur-Ternoise;50.38;2.33;30/07/2026;19:00;17.6;0;SOLEIL;5;0.0;0
Saint-Pol-sur-Ternoise;50.38;2.33;30/07/2026;20:00;16.4;0;SOLEIL;5;0.0;0
Saint-Pol-sur-Ternoise;50.38;2.33;30/07/2026;21:00;15.3;0;SOLEIL;5;0.0;0
Saint-Pol-sur-Ternoise;50.38;2.33;30/07/2026;22:00;14.2;0;SOLEIL;5;0.0;0
Saint-Pol-sur-Ternoise;50.38;2.33;30/07/2026;23:00;13.1;0;SOLEIL;5;0.0;0
Saint-Pol-sur-Ternoise;50.38;2.33;31/07/2026;00:00;12;0;SOLEIL;5;0.0;0
Saint-Pol-sur-Ternoise;50.38;2.33;31/07/2026;01:00;12;0;SOLEIL;5;0.0;0
Saint-Pol-sur-Ternoise;50.38;2.33;31/07/2026;02:00;12;0;SOLEIL;5;0.0;0
Saint-Pol-sur-Ternoise;50.38;2.33;31/07/2026;03:00;12;0;SOLEIL;5;0.0;0
Saint-Pol-sur-Ternoise;50.38;2.33;31/07/2026;04:00;12;0;SOLEIL;5;0.0;0
Saint-Pol-sur-Ternoise;50.38;2.33;31/07/2026;05:00;12;0;SOLEIL;5;0.0;0
Saint-Pol-sur-Ternoise;50.38;2.33;31/07/2026;06:00;12;0;SOLEIL;5;0.0;0
Saint-Pol-sur-Ternoise;50.38;2.33;31/07/2026;07:00;13.1;0;SOLEIL;5;0.0;0
Saint-Pol-sur-Ternoise;50.38;2.33;31/07/2026;08:00;14.2;0;SOLEIL;5;0.0;0
Saint-Pol-sur-Ternoise;50.38;2.33;31/07/2026;09:00;15.3;0;SOLEIL;5;0.0;0
Saint-Pol-sur-Ternoise;50.38;2.33;31/07/2026;10:00;16.4;0;SOLEIL;5;0.0;0
Saint-Pol-sur-Ternoise;50.38;2.33;31/07/2026;11:00;17.6;0;SOLEIL;5;0.0;0
Saint-Pol-sur-Ternoise;50.38;2.33;31/07/2026;12:00;18.7;0;SOLEIL;5;0.0;0
Saint-Pol-sur-Ternoise;50.38;2.33;31/07/2026;13:00;19.8;0;SOLEIL;5;0.0;0
Saint-Pol-sur-Ternoise;50.38;2.33;31/07/2026;14:00;20.9;0;SOLEIL;5;0.0;0
Saint-Pol-sur-Ternoise;50.38;2.33;31/07/2026;15:00;22.0;0;SOLEIL;5;0.0;0
Saint-Pol-sur-Ternoise;50.38;2.33;31/07/2026;16:00;20.9;0;SOLEIL;5;0.0;0
Saint-Pol-sur-Ternoise;50.38;2.33;31/07/2026;17:00;19.8;0;SOLEIL;5;0.0;0
Saint-Pol-sur-Ternoise;50.38;2.33;31/07/2026;18:00;18.7;0;SOLEIL;5;0.0;0
Saint-Pol-sur-Ternoise;50.38;2.33;31/07/2026;19:00;17.6;0;SOLEIL;5;0.0;0
Saint-Pol-sur-Ternoise;50.38;2.33;31/07/2026;20:00;16.4;0;SOLEIL;5;0.0;0
Saint-Pol-sur-Ternoise;50.38;2.33;31/07/2026;21:00;15.3;0;SOLEIL;5;0.0;0
Saint-Pol-sur-Ternoise;50.38;2.33;31/07/2026;22:00;14.2;0;SOLEIL;5;0.0;0
Saint-Pol-sur-Ternoise;50.38;2.33;31/07/2026;23:00;13.1;0;SOLEIL;5;0.0;0
Abbeville;50.11;1.83;16/07/2026;00:00;19.2;0;SOLEIL;3;31.0;0
Abbeville;50.11;1.83;16/07/2026;01:00;18.2;0;SOLEIL;3;27.4;0
Abbeville;50.11;1.83;16/07/2026;02:00;18.1;0;SOLEIL;2;18.0;0
Abbeville;50.11;1.83;16/07/2026;03:00;17.6;0;SOLEIL;1;6.1;0
Abbeville;50.11;1.83;16/07/2026;04:00;18;0;SOLEIL;2;6.5;0
Abbeville;50.11;1.83;16/07/2026;05:00;18.5;0;SOLEIL;2;4.7;0
Abbeville;50.11;1.83;16/07/2026;06:00;20.1;0;SOLEIL;3;5.0;0
Abbeville;50.11;1.83;16/07/2026;07:00;22.6;0;SOLEIL;3;5.0;0
Abbeville;50.11;1.83;16/07/2026;08:00;24.7;0;SOLEIL;3;5.0;0
Abbeville;50.11;1.83;16/07/2026;09:00;26.4;0;SOLEIL;4;13.0;0
Abbeville;50.11;1.83;16/07/2026;10:00;27.9;0;SOLEIL;4;18.4;0
Abbeville;50.11;1.83;16/07/2026;11:00;29.1;0;SOLEIL;4;23.4;0
Abbeville;50.11;1.83;16/07/2026;12:00;29.9;0;SOLEIL;4;27.7;0
Abbeville;50.11;1.83;16/07/2026;13:00;29.9;0;SOLEIL;4;32.4;0
Abbeville;50.11;1.83;16/07/2026;14:00;29.9;2;NUAGEUX;4;33.8;0
Abbeville;50.11;1.83;16/07/2026;15:00;29.4;0;SOLEIL;4;32.0;0
Abbeville;50.11;1.83;16/07/2026;16:00;27.7;0;SOLEIL;5;27.4;0
Abbeville;50.11;1.83;16/07/2026;17:00;26.6;0;SOLEIL;6;25.9;0
Abbeville;50.11;1.83;16/07/2026;18:00;25.2;0;SOLEIL;6;46.8;0
Abbeville;50.11;1.83;16/07/2026;19:00;22.9;0;SOLEIL;5;44.3;0
Abbeville;50.11;1.83;16/07/2026;20:00;21.1;0;SOLEIL;5;40.3;0
Abbeville;50.11;1.83;16/07/2026;21:00;19.9;0;SOLEIL;4;37.4;0
Abbeville;50.11;1.83;16/07/2026;22:00;19.1;0;SOLEIL;2;33.5;0
Abbeville;50.11;1.83;16/07/2026;23:00;18;2;NUAGEUX;2;25.9;0
Abbeville;50.11;1.83;17/07/2026;00:00;18.4;2;NUAGEUX;2;20.9;0
Abbeville;50.11;1.83;17/07/2026;01:00;18.4;2;NUAGEUX;2;18.4;0
Abbeville;50.11;1.83;17/07/2026;02:00;16.5;5;SOLEIL VOILÉ;2;12.6;0
Abbeville;50.11;1.83;17/07/2026;03:00;16.5;5;SOLEIL VOILÉ;2;9.0;0
Abbeville;50.11;1.83;17/07/2026;04:00;16.5;5;SOLEIL VOILÉ;2;7.9;0
Abbeville;50.11;1.83;17/07/2026;05:00;18.1;2;NUAGEUX;3;7.6;0
Abbeville;50.11;1.83;17/07/2026;06:00;18.1;2;NUAGEUX;3;11.5;0
Abbeville;50.11;1.83;17/07/2026;07:00;18.1;2;NUAGEUX;3;13.7;0
Abbeville;50.11;1.83;17/07/2026;08:00;22;0;SOLEIL;3;15.5;0
Abbeville;50.11;1.83;17/07/2026;09:00;22;0;SOLEIL;3;14.7;0
Abbeville;50.11;1.83;17/07/2026;10:00;22;0;SOLEIL;3;18.4;0
Abbeville;50.11;1.83;17/07/2026;11:00;24.2;0;SOLEIL;4;18.1;0
Abbeville;50.11;1.83;17/07/2026;12:00;24.2;0;SOLEIL;4;18.0;0
Abbeville;50.11;1.83;17/07/2026;13:00;24.2;0;SOLEIL;4;22.0;0
Abbeville;50.11;1.83;17/07/2026;14:00;25.1;0;SOLEIL;5;25.2;0
Abbeville;50.11;1.83;17/07/2026;15:00;25.1;0;SOLEIL;5;30.6;0
Abbeville;50.11;1.83;17/07/2026;16:00;25.1;0;SOLEIL;5;34.6;0
Abbeville;50.11;1.83;17/07/2026;17:00;23.6;0;SOLEIL;4;35.3;0
Abbeville;50.11;1.83;17/07/2026;18:00;23.6;0;SOLEIL;4;35.3;0
Abbeville;50.11;1.83;17/07/2026;19:00;23.6;0;SOLEIL;4;35.3;0
Abbeville;50.11;1.83;17/07/2026;20:00;19.1;0;SOLEIL;3;33.5;0
Abbeville;50.11;1.83;17/07/2026;21:00;19.1;0;SOLEIL;3;30.2;0
Abbeville;50.11;1.83;17/07/2026;22:00;19.1;0;SOLEIL;3;25.2;0
Abbeville;50.11;1.83;17/07/2026;23:00;17;0;SOLEIL;2;15.5;0
Abbeville;50.11;1.83;18/07/2026;00:00;17;0;SOLEIL;2;9.7;0
Abbeville;50.11;1.83;18/07/2026;01:00;17;0;SOLEIL;2;5.4;0
Abbeville;50.11;1.83;18/07/2026;02:00;15.4;0;SOLEIL;2;3.6;0
Abbeville;50.11;1.83;18/07/2026;03:00;15.4;0;SOLEIL;2;5.4;0
Abbeville;50.11;1.83;18/07/2026;04:00;15.4;0;SOLEIL;2;5.8;0
Abbeville;50.11;1.83;18/07/2026;05:00;17;0;SOLEIL;2;4.3;0
Abbeville;50.11;1.83;18/07/2026;06:00;17;0;SOLEIL;2;4.0;0
Abbeville;50.11;1.83;18/07/2026;07:00;17;0;SOLEIL;2;3.6;0
Abbeville;50.11;1.83;18/07/2026;08:00;21.6;0;SOLEIL;3;5.4;0
Abbeville;50.11;1.83;18/07/2026;09:00;21.6;0;SOLEIL;3;18.0;0
Abbeville;50.11;1.83;18/07/2026;10:00;21.6;0;SOLEIL;3;23.0;0
Abbeville;50.11;1.83;18/07/2026;11:00;23.6;0;SOLEIL;4;24.5;0
Abbeville;50.11;1.83;18/07/2026;12:00;23.6;0;SOLEIL;4;27.7;0
Abbeville;50.11;1.83;18/07/2026;13:00;23.6;0;SOLEIL;4;31.0;0
Abbeville;50.11;1.83;18/07/2026;14:00;23.4;0;SOLEIL;5;34.6;0
Abbeville;50.11;1.83;18/07/2026;15:00;23.4;0;SOLEIL;5;34.9;0
Abbeville;50.11;1.83;18/07/2026;16:00;23.4;0;SOLEIL;5;34.2;0
Abbeville;50.11;1.83;18/07/2026;17:00;22.9;0;SOLEIL;5;33.8;0
Abbeville;50.11;1.83;18/07/2026;18:00;22.9;0;SOLEIL;5;36.0;0
Abbeville;50.11;1.83;18/07/2026;19:00;22.9;0;SOLEIL;5;38.5;0
Abbeville;50.11;1.83;18/07/2026;20:00;19.1;0;SOLEIL;5;38.2;0
Abbeville;50.11;1.83;18/07/2026;21:00;18.0;0;SOLEIL;5;32.4;0
Abbeville;50.11;1.83;18/07/2026;22:00;16.8;0;SOLEIL;5;23.8;0
Abbeville;50.11;1.83;18/07/2026;23:00;15.6;0;SOLEIL;2;16.2;0
Abbeville;50.11;1.83;19/07/2026;00:00;15.6;0;SOLEIL;2;11.2;0
Abbeville;50.11;1.83;19/07/2026;01:00;15.6;0;SOLEIL;2;7.6;0
Abbeville;50.11;1.83;19/07/2026;02:00;13.6;0;SOLEIL;5;5.0;0
Abbeville;50.11;1.83;19/07/2026;03:00;13.6;0;SOLEIL;5;4.0;0
Abbeville;50.11;1.83;19/07/2026;04:00;13.6;0;SOLEIL;5;4.0;0
Abbeville;50.11;1.83;19/07/2026;05:00;15.7;0;SOLEIL;3;5.0;0
Abbeville;50.11;1.83;19/07/2026;06:00;15.7;0;SOLEIL;3;7.6;0
Abbeville;50.11;1.83;19/07/2026;07:00;15.7;0;SOLEIL;3;11.5;0
Abbeville;50.11;1.83;19/07/2026;08:00;16.0;0;SOLEIL;5;15.5;0
Abbeville;50.11;1.83;19/07/2026;09:00;17.3;0;SOLEIL;5;19.8;0
Abbeville;50.11;1.83;19/07/2026;10:00;18.5;0;SOLEIL;5;24.8;0
Abbeville;50.11;1.83;19/07/2026;11:00;23;0;SOLEIL;4;28.8;0
Abbeville;50.11;1.83;19/07/2026;12:00;23;0;SOLEIL;4;32.0;0
Abbeville;50.11;1.83;19/07/2026;13:00;23;0;SOLEIL;4;34.9;0
Abbeville;50.11;1.83;19/07/2026;14:00;23.4;0;SOLEIL;5;36.4;0
Abbeville;50.11;1.83;19/07/2026;15:00;24.6;0;SOLEIL;5;36.0;0
Abbeville;50.11;1.83;19/07/2026;16:00;23.4;0;SOLEIL;5;34.9;0
Abbeville;50.11;1.83;19/07/2026;17:00;21.5;0;SOLEIL;5;34.2;0
Abbeville;50.11;1.83;19/07/2026;18:00;21.5;0;SOLEIL;5;35.6;0
Abbeville;50.11;1.83;19/07/2026;19:00;21.5;0;SOLEIL;5;37.8;0
Abbeville;50.11;1.83;19/07/2026;20:00;18.5;0;SOLEIL;5;37.4;0
Abbeville;50.11;1.83;19/07/2026;21:00;17.3;0;SOLEIL;5;32.0;0
Abbeville;50.11;1.83;19/07/2026;22:00;16.0;0;SOLEIL;5;23.8;0
Abbeville;50.11;1.83;19/07/2026;23:00;14.9;0;SOLEIL;2;16.9;0
Abbeville;50.11;1.83;20/07/2026;00:00;14.9;0;SOLEIL;2;12.6;0
Abbeville;50.11;1.83;20/07/2026;01:00;14.9;0;SOLEIL;2;9.0;0
Abbeville;50.11;1.83;20/07/2026;02:00;12.5;0;SOLEIL;5;6.8;0
Abbeville;50.11;1.83;20/07/2026;03:00;12.5;0;SOLEIL;5;5.8;0
Abbeville;50.11;1.83;20/07/2026;04:00;12.5;0;SOLEIL;5;5.8;0
Abbeville;50.11;1.83;20/07/2026;05:00;14.5;0;SOLEIL;2;5.8;0
Abbeville;50.11;1.83;20/07/2026;06:00;14.5;0;SOLEIL;2;5.9;0
Abbeville;50.11;1.83;20/07/2026;07:00;14.5;0;SOLEIL;2;6.3;0
Abbeville;50.11;1.83;20/07/2026;08:00;15.2;0;SOLEIL;5;6.6;0
Abbeville;50.11;1.83;20/07/2026;09:00;16.5;0;SOLEIL;5;15.1;0
Abbeville;50.11;1.83;20/07/2026;10:00;17.9;0;SOLEIL;5;23.8;0
Abbeville;50.11;1.83;20/07/2026;11:00;22.6;0;SOLEIL;4;30.6;0
Abbeville;50.11;1.83;20/07/2026;12:00;22.6;0;SOLEIL;4;33.5;0
Abbeville;50.11;1.83;20/07/2026;13:00;22.6;0;SOLEIL;4;34.2;0
Abbeville;50.11;1.83;20/07/2026;14:00;23.3;0;SOLEIL;5;35.3;0
Abbeville;50.11;1.83;20/07/2026;15:00;24.6;0;SOLEIL;5;37.1;0
Abbeville;50.11;1.83;20/07/2026;16:00;23.3;0;SOLEIL;5;38.9;0
Abbeville;50.11;1.83;20/07/2026;17:00;22;0;SOLEIL;5;40.0;0
Abbeville;50.11;1.83;20/07/2026;18:00;22;0;SOLEIL;5;41.0;0
Abbeville;50.11;1.83;20/07/2026;19:00;22;0;SOLEIL;5;41.4;0
Abbeville;50.11;1.83;20/07/2026;20:00;17.9;0;SOLEIL;5;39.2;0
Abbeville;50.11;1.83;20/07/2026;21:00;16.5;0;SOLEIL;5;33.1;0
Abbeville;50.11;1.83;20/07/2026;22:00;15.2;0;SOLEIL;5;24.8;0
Abbeville;50.11;1.83;20/07/2026;23:00;15.1;0;SOLEIL;2;17.6;0
Abbeville;50.11;1.83;21/07/2026;00:00;15.1;0;SOLEIL;2;13.3;0
Abbeville;50.11;1.83;21/07/2026;01:00;15.1;0;SOLEIL;2;10.4;0
Abbeville;50.11;1.83;21/07/2026;02:00;13.5;2;NUAGEUX;5;8.3;0
Abbeville;50.11;1.83;21/07/2026;03:00;13.5;2;NUAGEUX;5;7.2;0
Abbeville;50.11;1.83;21/07/2026;04:00;13.5;2;NUAGEUX;5;6.8;0
Abbeville;50.11;1.83;21/07/2026;05:00;14.9;0;SOLEIL;2;6.8;0
Abbeville;50.11;1.83;21/07/2026;06:00;14.9;0;SOLEIL;2;5.8;0
Abbeville;50.11;1.83;21/07/2026;07:00;14.9;0;SOLEIL;2;4.7;0
Abbeville;50.11;1.83;21/07/2026;08:00;16.1;2;NUAGEUX;5;5.8;0
Abbeville;50.11;1.83;21/07/2026;09:00;17.4;2;NUAGEUX;5;11.5;0
Abbeville;50.11;1.83;21/07/2026;10:00;18.7;2;NUAGEUX;5;20.2;0
Abbeville;50.11;1.83;21/07/2026;11:00;23.2;2;NUAGEUX;4;26.3;0
Abbeville;50.11;1.83;21/07/2026;12:00;23.2;2;NUAGEUX;4;28.1;0
Abbeville;50.11;1.83;21/07/2026;13:00;23.2;2;NUAGEUX;4;28.1;0
Abbeville;50.11;1.83;21/07/2026;14:00;23.9;2;NUAGEUX;5;28.1;0
Abbeville;50.11;1.83;21/07/2026;15:00;25.2;2;NUAGEUX;5;29.5;0
Abbeville;50.11;1.83;21/07/2026;16:00;23.9;2;NUAGEUX;5;31.3;0
Abbeville;50.11;1.83;21/07/2026;17:00;23.2;2;NUAGEUX;5;33.1;0
Abbeville;50.11;1.83;21/07/2026;18:00;23.2;2;NUAGEUX;5;34.9;0
Abbeville;50.11;1.83;21/07/2026;19:00;23.2;2;NUAGEUX;5;36.7;0
Abbeville;50.11;1.83;21/07/2026;20:00;18.7;2;NUAGEUX;5;36.4;0
Abbeville;50.11;1.83;21/07/2026;21:00;17.4;2;NUAGEUX;5;32.4;0
Abbeville;50.11;1.83;21/07/2026;22:00;16.1;2;NUAGEUX;5;26.6;0
Abbeville;50.11;1.83;21/07/2026;23:00;16.4;0;SOLEIL;2;21.2;0
Abbeville;50.11;1.83;22/07/2026;00:00;16.4;0;SOLEIL;2;16.6;0
Abbeville;50.11;1.83;22/07/2026;01:00;16.4;0;SOLEIL;2;12.6;0
Abbeville;50.11;1.83;22/07/2026;02:00;14.4;0;SOLEIL;5;9.4;0
Abbeville;50.11;1.83;22/07/2026;03:00;14.4;0;SOLEIL;5;7.9;0
Abbeville;50.11;1.83;22/07/2026;04:00;14.4;0;SOLEIL;5;7.6;0
Abbeville;50.11;1.83;22/07/2026;05:00;15.9;0;SOLEIL;2;7.6;0
Abbeville;50.11;1.83;22/07/2026;06:00;15.9;0;SOLEIL;2;7.2;0
Abbeville;50.11;1.83;22/07/2026;07:00;15.9;0;SOLEIL;2;7.6;0
Abbeville;50.11;1.83;22/07/2026;08:00;17.2;0;SOLEIL;5;9.7;0
Abbeville;50.11;1.83;22/07/2026;09:00;18.6;0;SOLEIL;5;16.2;0
Abbeville;50.11;1.83;22/07/2026;10:00;20.0;0;SOLEIL;5;24.8;0
Abbeville;50.11;1.83;22/07/2026;11:00;25.5;0;SOLEIL;3;31.3;0
Abbeville;50.11;1.83;22/07/2026;12:00;25.5;0;SOLEIL;3;29.3;0
Abbeville;50.11;1.83;22/07/2026;13:00;25.5;0;SOLEIL;3;26.6;0
Abbeville;50.11;1.83;22/07/2026;14:00;25.7;0;SOLEIL;5;25.4;0
Abbeville;50.11;1.83;22/07/2026;15:00;27.1;0;SOLEIL;5;24.8;0
Abbeville;50.11;1.83;22/07/2026;16:00;25.7;0;SOLEIL;5;26.3;0
Abbeville;50.11;1.83;22/07/2026;17:00;24.4;0;SOLEIL;4;27.7;0
Abbeville;50.11;1.83;22/07/2026;18:00;24.4;0;SOLEIL;4;29.2;0
Abbeville;50.11;1.83;22/07/2026;19:00;24.4;0;SOLEIL;4;29.5;0
Abbeville;50.11;1.83;22/07/2026;20:00;20.0;0;SOLEIL;5;29.9;0
Abbeville;50.11;1.83;22/07/2026;21:00;18.6;0;SOLEIL;5;29.5;0
Abbeville;50.11;1.83;22/07/2026;22:00;17.2;0;SOLEIL;5;28.1;0
Abbeville;50.11;1.83;22/07/2026;23:00;18;0;SOLEIL;2;26.6;0
Abbeville;50.11;1.83;23/07/2026;00:00;18;0;SOLEIL;2;24.8;0
Abbeville;50.11;1.83;23/07/2026;01:00;18;0;SOLEIL;2;23.0;0
Abbeville;50.11;1.83;23/07/2026;02:00;16;0;SOLEIL;5;21.6;0
Abbeville;50.11;1.83;23/07/2026;03:00;16;0;SOLEIL;5;20.2;0
Abbeville;50.11;1.83;23/07/2026;04:00;16;0;SOLEIL;5;18.4;0
Abbeville;50.11;1.83;23/07/2026;05:00;17.5;0;SOLEIL;3;16.9;0
Abbeville;50.11;1.83;23/07/2026;06:00;17.5;0;SOLEIL;3;15.5;0
Abbeville;50.11;1.83;23/07/2026;07:00;17.5;0;SOLEIL;3;14.4;0
Abbeville;50.11;1.83;23/07/2026;08:00;18.6;0;SOLEIL;5;14.4;0
Abbeville;50.11;1.83;23/07/2026;09:00;20.0;0;SOLEIL;5;15.1;0
Abbeville;50.11;1.83;23/07/2026;10:00;21.3;0;SOLEIL;5;16.9;0
Abbeville;50.11;1.83;23/07/2026;11:00;26;0;SOLEIL;4;18.7;0
Abbeville;50.11;1.83;23/07/2026;12:00;26;0;SOLEIL;4;20.9;0
Abbeville;50.11;1.83;23/07/2026;13:00;26;0;SOLEIL;4;23.0;0
Abbeville;50.11;1.83;23/07/2026;14:00;26.6;0;SOLEIL;5;24.8;0
Abbeville;50.11;1.83;23/07/2026;15:00;27.9;0;SOLEIL;5;26.3;0
Abbeville;50.11;1.83;23/07/2026;16:00;26.6;0;SOLEIL;5;27.4;0
Abbeville;50.11;1.83;23/07/2026;17:00;25.2;0;SOLEIL;4;28.4;0
Abbeville;50.11;1.83;23/07/2026;18:00;25.2;0;SOLEIL;4;29.5;0
Abbeville;50.11;1.83;23/07/2026;19:00;25.2;0;SOLEIL;4;30.2;0
Abbeville;50.11;1.83;23/07/2026;20:00;21.3;0;SOLEIL;5;30.6;0
Abbeville;50.11;1.83;23/07/2026;21:00;20.0;0;SOLEIL;5;31.0;0
Abbeville;50.11;1.83;23/07/2026;22:00;18.6;0;SOLEIL;5;31.0;0
Abbeville;50.11;1.83;23/07/2026;23:00;18.1;0;SOLEIL;2;31.0;0
Abbeville;50.11;1.83;24/07/2026;00:00;18.1;0;SOLEIL;2;30.6;0
Abbeville;50.11;1.83;24/07/2026;01:00;18.1;0;SOLEIL;2;29.9;0
Abbeville;50.11;1.83;24/07/2026;02:00;15.6;0;SOLEIL;5;28.8;0
Abbeville;50.11;1.83;24/07/2026;03:00;15.6;0;SOLEIL;5;26.6;0
Abbeville;50.11;1.83;24/07/2026;04:00;15.6;0;SOLEIL;5;23.8;0
Abbeville;50.11;1.83;24/07/2026;05:00;17.1;0;SOLEIL;3;20.2;0
Abbeville;50.11;1.83;24/07/2026;06:00;17.1;0;SOLEIL;3;16.9;0
Abbeville;50.11;1.83;24/07/2026;07:00;17.1;0;SOLEIL;3;14.4;0
Abbeville;50.11;1.83;24/07/2026;08:00;18.5;0;SOLEIL;5;13.3;0
Abbeville;50.11;1.83;24/07/2026;09:00;19.9;0;SOLEIL;5;13.7;0
Abbeville;50.11;1.83;24/07/2026;10:00;21.4;0;SOLEIL;5;15.5;0
Abbeville;50.11;1.83;24/07/2026;11:00;27.1;0;SOLEIL;5;17.6;0
Abbeville;50.11;1.83;24/07/2026;12:00;27.1;0;SOLEIL;5;20.5;0
Abbeville;50.11;1.83;24/07/2026;13:00;27.1;0;SOLEIL;5;23.0;0
Abbeville;50.11;1.83;24/07/2026;14:00;27.2;0;SOLEIL;5;25.2;0
Abbeville;50.11;1.83;24/07/2026;15:00;28.6;0;SOLEIL;5;27.0;0
Abbeville;50.11;1.83;24/07/2026;16:00;27.2;0;SOLEIL;5;28.8;0
Abbeville;50.11;1.83;24/07/2026;17:00;24.9;0;SOLEIL;4;30.6;0
Abbeville;50.11;1.83;24/07/2026;18:00;24.9;0;SOLEIL;4;32.4;0
Abbeville;50.11;1.83;24/07/2026;19:00;24.9;0;SOLEIL;4;33.5;0
Abbeville;50.11;1.83;24/07/2026;20:00;21.4;0;SOLEIL;5;34.2;0
Abbeville;50.11;1.83;24/07/2026;21:00;19.9;0;SOLEIL;5;34.2;0
Abbeville;50.11;1.83;24/07/2026;22:00;18.5;0;SOLEIL;5;33.5;0
Abbeville;50.11;1.83;24/07/2026;23:00;18.1;0;SOLEIL;4;32.4;0
Abbeville;50.11;1.83;25/07/2026;00:00;18.1;0;SOLEIL;4;31.3;0
Abbeville;50.11;1.83;25/07/2026;01:00;18.1;0;SOLEIL;4;30.2;0
Abbeville;50.11;1.83;25/07/2026;02:00;16.4;6;AVERSES;5;29.5;0
Abbeville;50.11;1.83;25/07/2026;03:00;16.4;6;AVERSES;5;28.8;0
Abbeville;50.11;1.83;25/07/2026;04:00;16.4;6;AVERSES;5;28.4;0
Abbeville;50.11;1.83;25/07/2026;05:00;;6;AVERSES;;27.7;0
Abbeville;50.11;1.83;25/07/2026;06:00;;6;AVERSES;;27.4;0
Abbeville;50.11;1.83;25/07/2026;07:00;;6;AVERSES;;27.7;0
Abbeville;50.11;1.83;25/07/2026;08:00;18.4;6;AVERSES;5;28.4;0
Abbeville;50.11;1.83;25/07/2026;09:00;19.4;6;AVERSES;5;30.2;0
Abbeville;50.11;1.83;25/07/2026;10:00;20.4;6;AVERSES;5;32.8;0
Abbeville;50.11;1.83;25/07/2026;11:00;;6;AVERSES;;36.0;0
Abbeville;50.11;1.83;25/07/2026;12:00;;6;AVERSES;;39.2;0
Abbeville;50.11;1.83;25/07/2026;13:00;;6;AVERSES;;42.1;0
Abbeville;50.11;1.83;25/07/2026;14:00;24.5;6;AVERSES;5;44.3;0
Abbeville;50.11;1.83;25/07/2026;15:00;25.5;6;AVERSES;5;45.7;0
Abbeville;50.11;1.83;25/07/2026;16:00;24.5;6;AVERSES;5;46.8;0
Abbeville;50.11;1.83;25/07/2026;17:00;;6;AVERSES;;47.5;0
Abbeville;50.11;1.83;25/07/2026;18:00;;6;AVERSES;;48.2;0
Abbeville;50.11;1.83;25/07/2026;19:00;;6;AVERSES;;48.2;0
Abbeville;50.11;1.83;25/07/2026;20:00;20.4;6;AVERSES;5;47.9;0
Abbeville;50.11;1.83;25/07/2026;21:00;19.4;6;AVERSES;5;47.2;0
Abbeville;50.11;1.83;25/07/2026;22:00;18.4;6;AVERSES;5;46.1;0
Abbeville;50.11;1.83;25/07/2026;23:00;;6;AVERSES;;44.3;0
Abbeville;50.11;1.83;26/07/2026;00:00;;6;AVERSES;;42.5;0
Abbeville;50.11;1.83;26/07/2026;01:00;;6;AVERSES;;40.7;0
Abbeville;50.11;1.83;26/07/2026;02:00;15.7;6;AVERSES;5;38.5;0
Abbeville;50.11;1.83;26/07/2026;03:00;15.7;6;AVERSES;5;36.0;0
Abbeville;50.11;1.83;26/07/2026;04:00;15.7;6;AVERSES;5;32.4;0
Abbeville;50.11;1.83;26/07/2026;05:00;;6;AVERSES;;28.8;0
Abbeville;50.11;1.83;26/07/2026;06:00;;6;AVERSES;;25.9;0
Abbeville;50.11;1.83;26/07/2026;07:00;;6;AVERSES;;23.8;0
Abbeville;50.11;1.83;26/07/2026;08:00;17.8;6;AVERSES;5;23.0;0
Abbeville;50.11;1.83;26/07/2026;09:00;18.8;6;AVERSES;5;24.5;0
Abbeville;50.11;1.83;26/07/2026;10:00;19.9;6;AVERSES;5;27.7;0
Abbeville;50.11;1.83;26/07/2026;11:00;;6;AVERSES;;31.7;0
Abbeville;50.11;1.83;26/07/2026;12:00;;6;AVERSES;;36.0;0
Abbeville;50.11;1.83;26/07/2026;13:00;;6;AVERSES;;40.0;0
Abbeville;50.11;1.83;26/07/2026;14:00;24.1;6;AVERSES;5;42.5;0
Abbeville;50.11;1.83;26/07/2026;15:00;25.1;6;AVERSES;5;43.6;0
Abbeville;50.11;1.83;26/07/2026;16:00;24.1;6;AVERSES;5;44.3;0
Abbeville;50.11;1.83;26/07/2026;17:00;;6;AVERSES;;44.3;0
Abbeville;50.11;1.83;26/07/2026;18:00;;6;AVERSES;;43.9;0
Abbeville;50.11;1.83;26/07/2026;19:00;;6;AVERSES;;43.2;0
Abbeville;50.11;1.83;26/07/2026;20:00;19.9;6;AVERSES;5;42.1;0
Abbeville;50.11;1.83;26/07/2026;21:00;18.8;6;AVERSES;5;40.7;0
Abbeville;50.11;1.83;26/07/2026;22:00;17.8;6;AVERSES;5;38.5;0
Abbeville;50.11;1.83;26/07/2026;23:00;;6;AVERSES;;36.0;0
Abbeville;50.11;1.83;27/07/2026;00:00;;6;AVERSES;;33.5;0
Abbeville;50.11;1.83;27/07/2026;01:00;;6;AVERSES;;31.0;0
Abbeville;50.11;1.83;27/07/2026;02:00;15.4;6;AVERSES;5;28.8;0
Abbeville;50.11;1.83;27/07/2026;03:00;15.4;6;AVERSES;5;26.3;0
Abbeville;50.11;1.83;27/07/2026;04:00;15.4;6;AVERSES;5;23.4;0
Abbeville;50.11;1.83;27/07/2026;05:00;;6;AVERSES;;20.5;0
Abbeville;50.11;1.83;27/07/2026;06:00;;6;AVERSES;;18.4;0
Abbeville;50.11;1.83;27/07/2026;07:00;;6;AVERSES;;16.9;0
Abbeville;50.11;1.83;27/07/2026;08:00;17.5;6;AVERSES;5;17.3;0
Abbeville;50.11;1.83;27/07/2026;09:00;18.5;6;AVERSES;5;19.8;0
Abbeville;50.11;1.83;27/07/2026;10:00;19.5;6;AVERSES;5;24.1;0
Abbeville;50.11;1.83;27/07/2026;11:00;;6;AVERSES;;29.5;0
Abbeville;50.11;1.83;27/07/2026;12:00;;6;AVERSES;;35.3;0
Abbeville;50.11;1.83;27/07/2026;13:00;;6;AVERSES;;40.3;0
Abbeville;50.11;1.83;27/07/2026;14:00;23.7;6;AVERSES;5;43.9;0
Abbeville;50.11;1.83;27/07/2026;15:00;24.7;6;AVERSES;5;46.1;0
Abbeville;50.11;1.83;27/07/2026;16:00;23.7;6;AVERSES;5;47.5;0
Abbeville;50.11;1.83;27/07/2026;17:00;;6;AVERSES;;48.2;0
Abbeville;50.11;1.83;27/07/2026;18:00;;6;AVERSES;;48.6;0
Abbeville;50.11;1.83;27/07/2026;19:00;;6;AVERSES;;48.6;0
Abbeville;50.11;1.83;27/07/2026;20:00;19.5;6;AVERSES;5;48.2;0
Abbeville;50.11;1.83;27/07/2026;21:00;18.5;6;AVERSES;5;47.5;0
Abbeville;50.11;1.83;27/07/2026;22:00;17.5;6;AVERSES;5;46.1;0
Abbeville;50.11;1.83;27/07/2026;23:00;;6;AVERSES;;44.3;0
Abbeville;50.11;1.83;28/07/2026;00:00;;6;AVERSES;;42.5;0
Abbeville;50.11;1.83;28/07/2026;01:00;;6;AVERSES;;40.3;0
Abbeville;50.11;1.83;28/07/2026;02:00;15.6;6;AVERSES;5;38.2;0
Abbeville;50.11;1.83;28/07/2026;03:00;15.6;6;AVERSES;5;35.6;0
Abbeville;50.11;1.83;28/07/2026;04:00;15.6;6;AVERSES;5;32.8;0
Abbeville;50.11;1.83;28/07/2026;05:00;;6;AVERSES;;29.5;0
Abbeville;50.11;1.83;28/07/2026;06:00;;6;AVERSES;;27.0;0
Abbeville;50.11;1.83;28/07/2026;07:00;;6;AVERSES;;24.8;0
Abbeville;50.11;1.83;28/07/2026;08:00;17.5;6;AVERSES;5;24.1;0
Abbeville;50.11;1.83;28/07/2026;09:00;18.5;6;AVERSES;5;24.8;0
Abbeville;50.11;1.83;28/07/2026;10:00;19.4;6;AVERSES;5;27.4;0
Abbeville;50.11;1.83;28/07/2026;11:00;;6;AVERSES;;30.2;0
Abbeville;50.11;1.83;28/07/2026;12:00;;6;AVERSES;;33.5;0
Abbeville;50.11;1.83;28/07/2026;13:00;;6;AVERSES;;36.4;0
Abbeville;50.11;1.83;28/07/2026;14:00;23.2;6;AVERSES;5;38.5;0
Abbeville;50.11;1.83;28/07/2026;15:00;24.2;6;AVERSES;5;40.0;0
Abbeville;50.11;1.83;28/07/2026;16:00;23.2;6;AVERSES;5;40.7;0
Abbeville;50.11;1.83;28/07/2026;17:00;;6;AVERSES;;41.4;0
Abbeville;50.11;1.83;28/07/2026;18:00;;6;AVERSES;;41.8;0
Abbeville;50.11;1.83;28/07/2026;19:00;;6;AVERSES;;41.4;0
Abbeville;50.11;1.83;28/07/2026;20:00;19.4;6;AVERSES;5;40.7;0
Abbeville;50.11;1.83;28/07/2026;21:00;18.5;6;AVERSES;5;38.9;0
Abbeville;50.11;1.83;28/07/2026;22:00;17.5;6;AVERSES;5;36.4;0
Abbeville;50.11;1.83;28/07/2026;23:00;;6;AVERSES;;33.5;0
Abbeville;50.11;1.83;29/07/2026;00:00;;6;AVERSES;;30.2;0
Abbeville;50.11;1.83;29/07/2026;01:00;;6;AVERSES;;27.4;0
Abbeville;50.11;1.83;29/07/2026;02:00;15.1;6;AVERSES;5;25.2;0
Abbeville;50.11;1.83;29/07/2026;03:00;15.1;6;AVERSES;5;23.8;0
Abbeville;50.11;1.83;29/07/2026;04:00;15.1;6;AVERSES;5;22.7;0
Abbeville;50.11;1.83;29/07/2026;05:00;;6;AVERSES;;21.6;0
Abbeville;50.11;1.83;29/07/2026;06:00;;6;AVERSES;;21.2;0
Abbeville;50.11;1.83;29/07/2026;07:00;;6;AVERSES;;21.2;0
Abbeville;50.11;1.83;29/07/2026;08:00;17.3;6;AVERSES;5;21.6;0
Abbeville;50.11;1.83;29/07/2026;09:00;18.5;6;AVERSES;5;22.7;0
Abbeville;50.11;1.83;29/07/2026;10:00;19.6;6;AVERSES;5;24.5;0
Abbeville;50.11;1.83;29/07/2026;11:00;;6;AVERSES;;27.0;0
Abbeville;50.11;1.83;29/07/2026;12:00;;6;AVERSES;;29.2;0
Abbeville;50.11;1.83;29/07/2026;13:00;;6;AVERSES;;31.3;0
Abbeville;50.11;1.83;29/07/2026;14:00;24.1;6;AVERSES;5;32.8;0
Abbeville;50.11;1.83;29/07/2026;15:00;25.2;6;AVERSES;5;33.8;0
Abbeville;50.11;1.83;29/07/2026;16:00;24.1;6;AVERSES;5;34.6;0
Abbeville;50.11;1.83;29/07/2026;17:00;;6;AVERSES;;35.3;0
Abbeville;50.11;1.83;29/07/2026;18:00;;6;AVERSES;;35.6;0
Abbeville;50.11;1.83;29/07/2026;19:00;;6;AVERSES;;35.3;0
Abbeville;50.11;1.83;29/07/2026;20:00;19.6;6;AVERSES;5;34.6;0
Abbeville;50.11;1.83;29/07/2026;21:00;18.5;6;AVERSES;5;32.8;0
Abbeville;50.11;1.83;29/07/2026;22:00;17.3;6;AVERSES;5;29.9;0
Abbeville;50.11;1.83;29/07/2026;23:00;16.2;6;AVERSES;5;26.6;0
Abbeville;50.11;1.83;30/07/2026;00:00;12;0;SOLEIL;5;20.1;0
Abbeville;50.11;1.83;30/07/2026;01:00;12;0;SOLEIL;5;13.7;0
Abbeville;50.11;1.83;30/07/2026;02:00;12;0;SOLEIL;5;8.9;0
Abbeville;50.11;1.83;30/07/2026;03:00;12;0;SOLEIL;5;6.5;0
Abbeville;50.11;1.83;30/07/2026;04:00;12;0;SOLEIL;5;8.3;0
Abbeville;50.11;1.83;30/07/2026;05:00;12;0;SOLEIL;5;10.8;0
Abbeville;50.11;1.83;30/07/2026;06:00;12;0;SOLEIL;5;14.8;0
Abbeville;50.11;1.83;30/07/2026;07:00;13.1;0;SOLEIL;5;19.4;0
Abbeville;50.11;1.83;30/07/2026;08:00;14.2;0;SOLEIL;5;22.3;0
Abbeville;50.11;1.83;30/07/2026;09:00;15.3;0;SOLEIL;5;22.0;0
Abbeville;50.11;1.83;30/07/2026;10:00;16.4;0;SOLEIL;5;19.8;0
Abbeville;50.11;1.83;30/07/2026;11:00;17.6;0;SOLEIL;5;18.7;0
Abbeville;50.11;1.83;30/07/2026;12:00;18.7;0;SOLEIL;5;20.5;0
Abbeville;50.11;1.83;30/07/2026;13:00;19.8;0;SOLEIL;5;23.0;0
Abbeville;50.11;1.83;30/07/2026;14:00;20.9;0;SOLEIL;5;24.5;0
Abbeville;50.11;1.83;30/07/2026;15:00;22.0;0;SOLEIL;5;23.0;0
Abbeville;50.11;1.83;30/07/2026;16:00;20.9;0;SOLEIL;5;20.2;0
Abbeville;50.11;1.83;30/07/2026;17:00;19.8;0;SOLEIL;5;18.4;0
Abbeville;50.11;1.83;30/07/2026;18:00;18.7;0;SOLEIL;5;19.8;0
Abbeville;50.11;1.83;30/07/2026;19:00;17.6;0;SOLEIL;5;22.3;0
Abbeville;50.11;1.83;30/07/2026;20:00;16.4;0;SOLEIL;5;23.0;0
Abbeville;50.11;1.83;30/07/2026;21:00;15.3;0;SOLEIL;5;19.8;0
Abbeville;50.11;1.83;30/07/2026;22:00;14.2;0;SOLEIL;5;14.8;0
Abbeville;50.11;1.83;30/07/2026;23:00;13.1;0;SOLEIL;5;10.8;0
Abbeville;50.11;1.83;31/07/2026;00:00;12;0;SOLEIL;5;0.0;0
Abbeville;50.11;1.83;31/07/2026;01:00;12;0;SOLEIL;5;0.0;0
Abbeville;50.11;1.83;31/07/2026;02:00;12;0;SOLEIL;5;0.0;0
Abbeville;50.11;1.83;31/07/2026;03:00;12;0;SOLEIL;5;0.0;0
Abbeville;50.11;1.83;31/07/2026;04:00;12;0;SOLEIL;5;0.0;0
Abbeville;50.11;1.83;31/07/2026;05:00;12;0;SOLEIL;5;0.0;0
Abbeville;50.11;1.83;31/07/2026;06:00;12;0;SOLEIL;5;0.0;0
Abbeville;50.11;1.83;31/07/2026;07:00;13.1;0;SOLEIL;5;0.0;0
Abbeville;50.11;1.83;31/07/2026;08:00;14.2;0;SOLEIL;5;0.0;0
Abbeville;50.11;1.83;31/07/2026;09:00;15.3;0;SOLEIL;5;0.0;0
Abbeville;50.11;1.83;31/07/2026;10:00;16.4;0;SOLEIL;5;0.0;0
Abbeville;50.11;1.83;31/07/2026;11:00;17.6;0;SOLEIL;5;0.0;0
Abbeville;50.11;1.83;31/07/2026;12:00;18.7;0;SOLEIL;5;0.0;0
Abbeville;50.11;1.83;31/07/2026;13:00;19.8;0;SOLEIL;5;0.0;0
Abbeville;50.11;1.83;31/07/2026;14:00;20.9;0;SOLEIL;5;0.0;0
Abbeville;50.11;1.83;31/07/2026;15:00;22.0;0;SOLEIL;5;0.0;0
Abbeville;50.11;1.83;31/07/2026;16:00;20.9;0;SOLEIL;5;0.0;0
Abbeville;50.11;1.83;31/07/2026;17:00;19.8;0;SOLEIL;5;0.0;0
Abbeville;50.11;1.83;31/07/2026;18:00;18.7;0;SOLEIL;5;0.0;0
Abbeville;50.11;1.83;31/07/2026;19:00;17.6;0;SOLEIL;5;0.0;0
Abbeville;50.11;1.83;31/07/2026;20:00;16.4;0;SOLEIL;5;0.0;0
Abbeville;50.11;1.83;31/07/2026;21:00;15.3;0;SOLEIL;5;0.0;0
Abbeville;50.11;1.83;31/07/2026;22:00;14.2;0;SOLEIL;5;0.0;0
Abbeville;50.11;1.83;31/07/2026;23:00;13.1;0;SOLEIL;5;0.0;0
Estrées-Deniécourt;49.87;2.82;16/07/2026;00:00;21;0;SOLEIL;4;19.1;0
Estrées-Deniécourt;49.87;2.82;16/07/2026;01:00;20.6;0;SOLEIL;4;22.7;0
Estrées-Deniécourt;49.87;2.82;16/07/2026;02:00;20.1;0;SOLEIL;4;23.8;0
Estrées-Deniécourt;49.87;2.82;16/07/2026;03:00;19.2;0;SOLEIL;4;24.1;0
Estrées-Deniécourt;49.87;2.82;16/07/2026;04:00;18.6;0;SOLEIL;4;20.9;0
Estrées-Deniécourt;49.87;2.82;16/07/2026;05:00;19.1;0;SOLEIL;3;17.6;0
Estrées-Deniécourt;49.87;2.82;16/07/2026;06:00;19.9;0;SOLEIL;4;15.8;0
Estrées-Deniécourt;49.87;2.82;16/07/2026;07:00;22.1;0;SOLEIL;4;14.0;0
Estrées-Deniécourt;49.87;2.82;16/07/2026;08:00;24;0;SOLEIL;3;16.6;0
Estrées-Deniécourt;49.87;2.82;16/07/2026;09:00;25.7;0;SOLEIL;4;18.7;0
Estrées-Deniécourt;49.87;2.82;16/07/2026;10:00;27.6;0;SOLEIL;4;23.8;0
Estrées-Deniécourt;49.87;2.82;16/07/2026;11:00;29;0;SOLEIL;4;26.6;0
Estrées-Deniécourt;49.87;2.82;16/07/2026;12:00;29.9;0;SOLEIL;4;28.1;0
Estrées-Deniécourt;49.87;2.82;16/07/2026;13:00;31;2;NUAGEUX;3;27.7;0
Estrées-Deniécourt;49.87;2.82;16/07/2026;14:00;31.2;10;ORAGEUX;3;27.0;0.4
Estrées-Deniécourt;49.87;2.82;16/07/2026;15:00;30.4;2;NUAGEUX;4;24.8;0
Estrées-Deniécourt;49.87;2.82;16/07/2026;16:00;29.6;0;SOLEIL;4;22.7;0
Estrées-Deniécourt;49.87;2.82;16/07/2026;17:00;26.6;0;SOLEIL;5;25.9;0
Estrées-Deniécourt;49.87;2.82;16/07/2026;18:00;25.5;0;SOLEIL;5;27.7;0
Estrées-Deniécourt;49.87;2.82;16/07/2026;19:00;23.4;10;ORAGEUX;6;60.5;0.9
Estrées-Deniécourt;49.87;2.82;16/07/2026;20:00;22.1;6;AVERSES;5;24.8;0.8
Estrées-Deniécourt;49.87;2.82;16/07/2026;21:00;21.9;2;NUAGEUX;5;10.8;0
Estrées-Deniécourt;49.87;2.82;16/07/2026;22:00;20.6;2;NUAGEUX;4;6.5;0
Estrées-Deniécourt;49.87;2.82;16/07/2026;23:00;19.9;2;NUAGEUX;3;20.5;0
Estrées-Deniécourt;49.87;2.82;17/07/2026;00:00;18.6;2;NUAGEUX;3;24.8;0
Estrées-Deniécourt;49.87;2.82;17/07/2026;01:00;18.6;2;NUAGEUX;3;22.3;0
Estrées-Deniécourt;49.87;2.82;17/07/2026;02:00;17.6;2;NUAGEUX;3;23.0;0
Estrées-Deniécourt;49.87;2.82;17/07/2026;03:00;17.6;2;NUAGEUX;3;22.0;0
Estrées-Deniécourt;49.87;2.82;17/07/2026;04:00;17.6;2;NUAGEUX;3;21.6;0
Estrées-Deniécourt;49.87;2.82;17/07/2026;05:00;17.9;10;ORAGEUX;3;16.2;0
Estrées-Deniécourt;49.87;2.82;17/07/2026;06:00;17.9;10;ORAGEUX;3;8.3;0
Estrées-Deniécourt;49.87;2.82;17/07/2026;07:00;17.9;10;ORAGEUX;3;21.2;0
Estrées-Deniécourt;49.87;2.82;17/07/2026;08:00;22;6;AVERSES;3;20.5;0
Estrées-Deniécourt;49.87;2.82;17/07/2026;09:00;22;6;AVERSES;3;29.2;0
Estrées-Deniécourt;49.87;2.82;17/07/2026;10:00;22;6;AVERSES;3;28.4;0
Estrées-Deniécourt;49.87;2.82;17/07/2026;11:00;24;0;SOLEIL;4;29.9;0
Estrées-Deniécourt;49.87;2.82;17/07/2026;12:00;24;0;SOLEIL;4;29.2;0
Estrées-Deniécourt;49.87;2.82;17/07/2026;13:00;24;0;SOLEIL;4;23.4;0
Estrées-Deniécourt;49.87;2.82;17/07/2026;14:00;24.9;0;SOLEIL;5;14.8;0
Estrées-Deniécourt;49.87;2.82;17/07/2026;15:00;24.9;0;SOLEIL;5;20.5;0
Estrées-Deniécourt;49.87;2.82;17/07/2026;16:00;24.9;0;SOLEIL;5;28.1;0
Estrées-Deniécourt;49.87;2.82;17/07/2026;17:00;24.6;0;SOLEIL;5;28.1;0
Estrées-Deniécourt;49.87;2.82;17/07/2026;18:00;24.6;0;SOLEIL;5;20.5;0
Estrées-Deniécourt;49.87;2.82;17/07/2026;19:00;24.6;0;SOLEIL;5;22.7;0
Estrées-Deniécourt;49.87;2.82;17/07/2026;20:00;19.6;0;SOLEIL;3;31.3;0
Estrées-Deniécourt;49.87;2.82;17/07/2026;21:00;19.6;0;SOLEIL;3;33.8;0
Estrées-Deniécourt;49.87;2.82;17/07/2026;22:00;19.6;0;SOLEIL;3;28.4;0
Estrées-Deniécourt;49.87;2.82;17/07/2026;23:00;16.4;0;SOLEIL;3;16.2;0
Estrées-Deniécourt;49.87;2.82;18/07/2026;00:00;16.4;0;SOLEIL;3;12.6;0
Estrées-Deniécourt;49.87;2.82;18/07/2026;01:00;16.4;0;SOLEIL;3;15.5;0
Estrées-Deniécourt;49.87;2.82;18/07/2026;02:00;15;0;SOLEIL;3;15.5;0
Estrées-Deniécourt;49.87;2.82;18/07/2026;03:00;15;0;SOLEIL;3;14.8;0
Estrées-Deniécourt;49.87;2.82;18/07/2026;04:00;15;0;SOLEIL;3;12.6;0
Estrées-Deniécourt;49.87;2.82;18/07/2026;05:00;16.4;0;SOLEIL;3;9.4;0
Estrées-Deniécourt;49.87;2.82;18/07/2026;06:00;16.4;0;SOLEIL;3;9.0;0
Estrées-Deniécourt;49.87;2.82;18/07/2026;07:00;16.4;0;SOLEIL;3;9.7;0
Estrées-Deniécourt;49.87;2.82;18/07/2026;08:00;21.4;0;SOLEIL;3;14.4;0
Estrées-Deniécourt;49.87;2.82;18/07/2026;09:00;21.4;0;SOLEIL;3;19.4;0
Estrées-Deniécourt;49.87;2.82;18/07/2026;10:00;21.4;0;SOLEIL;3;20.9;0
Estrées-Deniécourt;49.87;2.82;18/07/2026;11:00;24;0;SOLEIL;4;24.8;0
Estrées-Deniécourt;49.87;2.82;18/07/2026;12:00;24;0;SOLEIL;4;28.4;0
Estrées-Deniécourt;49.87;2.82;18/07/2026;13:00;24;0;SOLEIL;4;30.2;0
Estrées-Deniécourt;49.87;2.82;18/07/2026;14:00;25.1;0;SOLEIL;5;30.6;0
Estrées-Deniécourt;49.87;2.82;18/07/2026;15:00;25.1;0;SOLEIL;5;30.2;0
Estrées-Deniécourt;49.87;2.82;18/07/2026;16:00;25.1;0;SOLEIL;5;30.6;0
Estrées-Deniécourt;49.87;2.82;18/07/2026;17:00;21.6;0;SOLEIL;6;34.9;0
Estrées-Deniécourt;49.87;2.82;18/07/2026;18:00;21.6;0;SOLEIL;6;38.5;0
Estrées-Deniécourt;49.87;2.82;18/07/2026;19:00;21.6;0;SOLEIL;6;38.9;0
Estrées-Deniécourt;49.87;2.82;18/07/2026;20:00;19.6;0;SOLEIL;5;41.0;0
Estrées-Deniécourt;49.87;2.82;18/07/2026;21:00;18.3;0;SOLEIL;5;42.1;0
Estrées-Deniécourt;49.87;2.82;18/07/2026;22:00;17.0;0;SOLEIL;5;42.5;0
Estrées-Deniécourt;49.87;2.82;18/07/2026;23:00;14.2;0;SOLEIL;3;41.0;0
Estrées-Deniécourt;49.87;2.82;19/07/2026;00:00;14.2;0;SOLEIL;3;36.0;0
Estrées-Deniécourt;49.87;2.82;19/07/2026;01:00;14.2;0;SOLEIL;3;28.8;0
Estrées-Deniécourt;49.87;2.82;19/07/2026;02:00;13.1;0;SOLEIL;5;22.7;0
Estrées-Deniécourt;49.87;2.82;19/07/2026;03:00;13.1;0;SOLEIL;5;19.1;0
Estrées-Deniécourt;49.87;2.82;19/07/2026;04:00;13.1;0;SOLEIL;5;17.3;0
Estrées-Deniécourt;49.87;2.82;19/07/2026;05:00;15.7;0;SOLEIL;3;15.8;0
Estrées-Deniécourt;49.87;2.82;19/07/2026;06:00;15.7;0;SOLEIL;3;15.1;0
Estrées-Deniécourt;49.87;2.82;19/07/2026;07:00;15.7;0;SOLEIL;3;15.5;0
Estrées-Deniécourt;49.87;2.82;19/07/2026;08:00;15.5;0;SOLEIL;5;16.9;0
Estrées-Deniécourt;49.87;2.82;19/07/2026;09:00;16.8;0;SOLEIL;5;19.8;0
Estrées-Deniécourt;49.87;2.82;19/07/2026;10:00;18.0;0;SOLEIL;5;23.8;0
Estrées-Deniécourt;49.87;2.82;19/07/2026;11:00;22.5;6;AVERSES;4;27.0;0
Estrées-Deniécourt;49.87;2.82;19/07/2026;12:00;22.5;6;AVERSES;4;28.4;0
Estrées-Deniécourt;49.87;2.82;19/07/2026;13:00;22.5;6;AVERSES;4;28.8;0
Estrées-Deniécourt;49.87;2.82;19/07/2026;14:00;22.9;0;SOLEIL;5;29.5;0
Estrées-Deniécourt;49.87;2.82;19/07/2026;15:00;24.1;0;SOLEIL;5;30.6;0
Estrées-Deniécourt;49.87;2.82;19/07/2026;16:00;22.9;0;SOLEIL;5;31.7;0
Estrées-Deniécourt;49.87;2.82;19/07/2026;17:00;20.2;0;SOLEIL;6;32.8;0
Estrées-Deniécourt;49.87;2.82;19/07/2026;18:00;20.2;0;SOLEIL;6;33.8;0
Estrées-Deniécourt;49.87;2.82;19/07/2026;19:00;20.2;0;SOLEIL;6;34.9;0
Estrées-Deniécourt;49.87;2.82;19/07/2026;20:00;18.0;0;SOLEIL;5;35.6;0
Estrées-Deniécourt;49.87;2.82;19/07/2026;21:00;16.8;0;SOLEIL;5;36.4;0
Estrées-Deniécourt;49.87;2.82;19/07/2026;22:00;15.5;0;SOLEIL;5;37.1;0
Estrées-Deniécourt;49.87;2.82;19/07/2026;23:00;13.5;0;SOLEIL;3;35.6;0
Estrées-Deniécourt;49.87;2.82;20/07/2026;00:00;13.5;0;SOLEIL;3;30.6;0
Estrées-Deniécourt;49.87;2.82;20/07/2026;01:00;13.5;0;SOLEIL;3;23.8;0
Estrées-Deniécourt;49.87;2.82;20/07/2026;02:00;12.1;0;SOLEIL;5;18.4;0
Estrées-Deniécourt;49.87;2.82;20/07/2026;03:00;12.1;0;SOLEIL;5;15.5;0
Estrées-Deniécourt;49.87;2.82;20/07/2026;04:00;12.1;0;SOLEIL;5;14.0;0
Estrées-Deniécourt;49.87;2.82;20/07/2026;05:00;14.9;0;SOLEIL;3;13.7;0
Estrées-Deniécourt;49.87;2.82;20/07/2026;06:00;14.9;0;SOLEIL;3;14.0;0
Estrées-Deniécourt;49.87;2.82;20/07/2026;07:00;14.9;0;SOLEIL;3;15.5;0
Estrées-Deniécourt;49.87;2.82;20/07/2026;08:00;14.7;0;SOLEIL;5;17.6;0
Estrées-Deniécourt;49.87;2.82;20/07/2026;09:00;16.1;0;SOLEIL;5;20.9;0
Estrées-Deniécourt;49.87;2.82;20/07/2026;10:00;17.4;0;SOLEIL;5;25.2;0
Estrées-Deniécourt;49.87;2.82;20/07/2026;11:00;22.1;2;NUAGEUX;4;28.1;0
Estrées-Deniécourt;49.87;2.82;20/07/2026;12:00;22.1;2;NUAGEUX;4;28.8;0
Estrées-Deniécourt;49.87;2.82;20/07/2026;13:00;22.1;2;NUAGEUX;4;28.4;0
Estrées-Deniécourt;49.87;2.82;20/07/2026;14:00;22.7;0;SOLEIL;5;28.8;0
Estrées-Deniécourt;49.87;2.82;20/07/2026;15:00;24.0;0;SOLEIL;5;30.6;0
Estrées-Deniécourt;49.87;2.82;20/07/2026;16:00;22.7;0;SOLEIL;5;32.8;0
Estrées-Deniécourt;49.87;2.82;20/07/2026;17:00;20.9;0;SOLEIL;6;34.6;0
Estrées-Deniécourt;49.87;2.82;20/07/2026;18:00;20.9;0;SOLEIL;6;36.0;0
Estrées-Deniécourt;49.87;2.82;20/07/2026;19:00;20.9;0;SOLEIL;6;37.1;0
Estrées-Deniécourt;49.87;2.82;20/07/2026;20:00;17.4;0;SOLEIL;5;37.4;0
Estrées-Deniécourt;49.87;2.82;20/07/2026;21:00;16.1;0;SOLEIL;5;37.1;0
Estrées-Deniécourt;49.87;2.82;20/07/2026;22:00;14.7;0;SOLEIL;5;35.6;0
Estrées-Deniécourt;49.87;2.82;20/07/2026;23:00;14.4;0;SOLEIL;3;33.8;0
Estrées-Deniécourt;49.87;2.82;21/07/2026;00:00;14.4;0;SOLEIL;3;29.2;0
Estrées-Deniécourt;49.87;2.82;21/07/2026;01:00;14.4;0;SOLEIL;3;26.6;0
Estrées-Deniécourt;49.87;2.82;21/07/2026;02:00;13.1;2;NUAGEUX;5;24.8;0
Estrées-Deniécourt;49.87;2.82;21/07/2026;03:00;13.1;2;NUAGEUX;5;23.8;0
Estrées-Deniécourt;49.87;2.82;21/07/2026;04:00;13.1;2;NUAGEUX;5;23.0;0
Estrées-Deniécourt;49.87;2.82;21/07/2026;05:00;15.1;0;SOLEIL;3;22.3;0
Estrées-Deniécourt;49.87;2.82;21/07/2026;06:00;15.1;0;SOLEIL;3;22.0;0
Estrées-Deniécourt;49.87;2.82;21/07/2026;07:00;15.1;0;SOLEIL;3;22.3;0
Estrées-Deniécourt;49.87;2.82;21/07/2026;08:00;15.7;2;NUAGEUX;5;22.7;0
Estrées-Deniécourt;49.87;2.82;21/07/2026;09:00;17.0;2;NUAGEUX;5;23.8;0
Estrées-Deniécourt;49.87;2.82;21/07/2026;10:00;18.3;2;NUAGEUX;5;25.6;0
Estrées-Deniécourt;49.87;2.82;21/07/2026;11:00;23.1;2;NUAGEUX;4;27.4;0
Estrées-Deniécourt;49.87;2.82;21/07/2026;12:00;23.1;2;NUAGEUX;4;29.5;0
Estrées-Deniécourt;49.87;2.82;21/07/2026;13:00;23.1;2;NUAGEUX;4;31.3;0
Estrées-Deniécourt;49.87;2.82;21/07/2026;14:00;23.4;2;NUAGEUX;5;32.8;0
Estrées-Deniécourt;49.87;2.82;21/07/2026;15:00;24.7;2;NUAGEUX;5;33.5;0
Estrées-Deniécourt;49.87;2.82;21/07/2026;16:00;23.4;2;NUAGEUX;5;33.8;0
Estrées-Deniécourt;49.87;2.82;21/07/2026;17:00;22.6;2;NUAGEUX;5;34.2;0
Estrées-Deniécourt;49.87;2.82;21/07/2026;18:00;22.6;2;NUAGEUX;5;34.2;0
Estrées-Deniécourt;49.87;2.82;21/07/2026;19:00;22.6;2;NUAGEUX;5;34.2;0
Estrées-Deniécourt;49.87;2.82;21/07/2026;20:00;18.3;2;NUAGEUX;5;34.2;0
Estrées-Deniécourt;49.87;2.82;21/07/2026;21:00;17.0;2;NUAGEUX;5;34.6;0
Estrées-Deniécourt;49.87;2.82;21/07/2026;22:00;15.7;2;NUAGEUX;5;35.3;0
Estrées-Deniécourt;49.87;2.82;21/07/2026;23:00;15.6;0;SOLEIL;3;36.4;0
Estrées-Deniécourt;49.87;2.82;22/07/2026;00:00;15.6;0;SOLEIL;3;36.7;0
Estrées-Deniécourt;49.87;2.82;22/07/2026;01:00;15.6;0;SOLEIL;3;36.7;0
Estrées-Deniécourt;49.87;2.82;22/07/2026;02:00;13.7;0;SOLEIL;5;35.6;0
Estrées-Deniécourt;49.87;2.82;22/07/2026;03:00;13.7;0;SOLEIL;5;33.1;0
Estrées-Deniécourt;49.87;2.82;22/07/2026;04:00;13.7;0;SOLEIL;5;29.5;0
Estrées-Deniécourt;49.87;2.82;22/07/2026;05:00;15.7;0;SOLEIL;3;25.6;0
Estrées-Deniécourt;49.87;2.82;22/07/2026;06:00;15.7;0;SOLEIL;3;21.2;0
Estrées-Deniécourt;49.87;2.82;22/07/2026;07:00;15.7;0;SOLEIL;3;18.0;0
Estrées-Deniécourt;49.87;2.82;22/07/2026;08:00;16.6;0;SOLEIL;5;16.6;0
Estrées-Deniécourt;49.87;2.82;22/07/2026;09:00;18.0;0;SOLEIL;5;16.9;0
Estrées-Deniécourt;49.87;2.82;22/07/2026;10:00;19.4;0;SOLEIL;5;19.1;0
Estrées-Deniécourt;49.87;2.82;22/07/2026;11:00;25;0;SOLEIL;4;22.0;0
Estrées-Deniécourt;49.87;2.82;22/07/2026;12:00;25;0;SOLEIL;4;25.2;0
Estrées-Deniécourt;49.87;2.82;22/07/2026;13:00;25;0;SOLEIL;4;27.7;0
Estrées-Deniécourt;49.87;2.82;22/07/2026;14:00;25.2;0;SOLEIL;5;29.5;0
Estrées-Deniécourt;49.87;2.82;22/07/2026;15:00;26.6;0;SOLEIL;5;30.2;0
Estrées-Deniécourt;49.87;2.82;22/07/2026;16:00;25.2;0;SOLEIL;5;30.6;0
Estrées-Deniécourt;49.87;2.82;22/07/2026;17:00;24.2;0;SOLEIL;4;30.6;0
Estrées-Deniécourt;49.87;2.82;22/07/2026;18:00;24.2;0;SOLEIL;4;29.9;0
Estrées-Deniécourt;49.87;2.82;22/07/2026;19:00;24.2;0;SOLEIL;4;29.5;0
Estrées-Deniécourt;49.87;2.82;22/07/2026;20:00;19.4;0;SOLEIL;5;28.8;0
Estrées-Deniécourt;49.87;2.82;22/07/2026;21:00;18.0;0;SOLEIL;5;28.1;0
Estrées-Deniécourt;49.87;2.82;22/07/2026;22:00;16.6;0;SOLEIL;5;26.6;0
Estrées-Deniécourt;49.87;2.82;22/07/2026;23:00;17.4;0;SOLEIL;3;25.2;0
Estrées-Deniécourt;49.87;2.82;23/07/2026;00:00;17.4;0;SOLEIL;3;23.8;0
Estrées-Deniécourt;49.87;2.82;23/07/2026;01:00;17.4;0;SOLEIL;3;22.3;0
Estrées-Deniécourt;49.87;2.82;23/07/2026;02:00;15.1;0;SOLEIL;5;21.2;0
Estrées-Deniécourt;49.87;2.82;23/07/2026;03:00;15.1;0;SOLEIL;5;20.2;0
Estrées-Deniécourt;49.87;2.82;23/07/2026;04:00;15.1;0;SOLEIL;5;18.7;0
Estrées-Deniécourt;49.87;2.82;23/07/2026;05:00;16.6;0;SOLEIL;3;17.3;0
Estrées-Deniécourt;49.87;2.82;23/07/2026;06:00;16.6;0;SOLEIL;3;16.2;0
Estrées-Deniécourt;49.87;2.82;23/07/2026;07:00;16.6;0;SOLEIL;3;15.5;0
Estrées-Deniécourt;49.87;2.82;23/07/2026;08:00;17.9;0;SOLEIL;5;15.5;0
Estrées-Deniécourt;49.87;2.82;23/07/2026;09:00;19.2;0;SOLEIL;5;16.2;0
Estrées-Deniécourt;49.87;2.82;23/07/2026;10:00;20.6;0;SOLEIL;5;18.0;0
Estrées-Deniécourt;49.87;2.82;23/07/2026;11:00;25.5;0;SOLEIL;4;19.8;0
Estrées-Deniécourt;49.87;2.82;23/07/2026;12:00;25.5;0;SOLEIL;4;22.0;0
Estrées-Deniécourt;49.87;2.82;23/07/2026;13:00;25.5;0;SOLEIL;4;24.1;0
Estrées-Deniécourt;49.87;2.82;23/07/2026;14:00;26.1;0;SOLEIL;5;25.6;0
Estrées-Deniécourt;49.87;2.82;23/07/2026;15:00;27.5;0;SOLEIL;5;26.6;0
Estrées-Deniécourt;49.87;2.82;23/07/2026;16:00;26.1;0;SOLEIL;5;27.7;0
Estrées-Deniécourt;49.87;2.82;23/07/2026;17:00;25.4;0;SOLEIL;4;28.4;0
Estrées-Deniécourt;49.87;2.82;23/07/2026;18:00;25.4;0;SOLEIL;4;29.2;0
Estrées-Deniécourt;49.87;2.82;23/07/2026;19:00;25.4;0;SOLEIL;4;29.5;0
Estrées-Deniécourt;49.87;2.82;23/07/2026;20:00;20.6;0;SOLEIL;5;29.9;0
Estrées-Deniécourt;49.87;2.82;23/07/2026;21:00;19.2;0;SOLEIL;5;30.2;0
Estrées-Deniécourt;49.87;2.82;23/07/2026;22:00;17.9;0;SOLEIL;5;30.6;0
Estrées-Deniécourt;49.87;2.82;23/07/2026;23:00;17.2;0;SOLEIL;3;31.0;0
Estrées-Deniécourt;49.87;2.82;24/07/2026;00:00;17.2;0;SOLEIL;3;31.0;0
Estrées-Deniécourt;49.87;2.82;24/07/2026;01:00;17.2;0;SOLEIL;3;30.6;0
Estrées-Deniécourt;49.87;2.82;24/07/2026;02:00;15;0;SOLEIL;5;29.5;0
Estrées-Deniécourt;49.87;2.82;24/07/2026;03:00;15;0;SOLEIL;5;27.4;0
Estrées-Deniécourt;49.87;2.82;24/07/2026;04:00;15;0;SOLEIL;5;24.1;0
Estrées-Deniécourt;49.87;2.82;24/07/2026;05:00;16.7;0;SOLEIL;2;20.5;0
Estrées-Deniécourt;49.87;2.82;24/07/2026;06:00;16.7;0;SOLEIL;2;17.3;0
Estrées-Deniécourt;49.87;2.82;24/07/2026;07:00;16.7;0;SOLEIL;2;14.4;0
Estrées-Deniécourt;49.87;2.82;24/07/2026;08:00;17.8;0;SOLEIL;5;12.6;0
Estrées-Deniécourt;49.87;2.82;24/07/2026;09:00;19.2;0;SOLEIL;5;12.2;0
Estrées-Deniécourt;49.87;2.82;24/07/2026;10:00;20.6;0;SOLEIL;5;13.0;0
Estrées-Deniécourt;49.87;2.82;24/07/2026;11:00;25.7;0;SOLEIL;4;14.0;0
Estrées-Deniécourt;49.87;2.82;24/07/2026;12:00;25.7;0;SOLEIL;4;15.5;0
Estrées-Deniécourt;49.87;2.82;24/07/2026;13:00;25.7;0;SOLEIL;4;17.3;0
Estrées-Deniécourt;49.87;2.82;24/07/2026;14:00;26.2;0;SOLEIL;5;18.7;0
Estrées-Deniécourt;49.87;2.82;24/07/2026;15:00;27.6;0;SOLEIL;5;20.2;0
Estrées-Deniécourt;49.87;2.82;24/07/2026;16:00;26.2;0;SOLEIL;5;21.6;0
Estrées-Deniécourt;49.87;2.82;24/07/2026;17:00;25.4;0;SOLEIL;5;23.0;0
Estrées-Deniécourt;49.87;2.82;24/07/2026;18:00;25.4;0;SOLEIL;5;24.8;0
Estrées-Deniécourt;49.87;2.82;24/07/2026;19:00;25.4;0;SOLEIL;5;26.3;0
Estrées-Deniécourt;49.87;2.82;24/07/2026;20:00;20.6;0;SOLEIL;5;27.7;0
Estrées-Deniécourt;49.87;2.82;24/07/2026;21:00;19.2;0;SOLEIL;5;29.2;0
Estrées-Deniécourt;49.87;2.82;24/07/2026;22:00;17.8;0;SOLEIL;5;30.6;0
Estrées-Deniécourt;49.87;2.82;24/07/2026;23:00;18.2;0;SOLEIL;3;32.4;0
Estrées-Deniécourt;49.87;2.82;25/07/2026;00:00;18.2;0;SOLEIL;3;33.5;0
Estrées-Deniécourt;49.87;2.82;25/07/2026;01:00;18.2;0;SOLEIL;3;34.2;0
Estrées-Deniécourt;49.87;2.82;25/07/2026;02:00;16;0;SOLEIL;5;34.6;0
Estrées-Deniécourt;49.87;2.82;25/07/2026;03:00;16;0;SOLEIL;5;33.8;0
Estrées-Deniécourt;49.87;2.82;25/07/2026;04:00;16;0;SOLEIL;5;32.0;0
Estrées-Deniécourt;49.87;2.82;25/07/2026;05:00;;0;SOLEIL;;29.9;0
Estrées-Deniécourt;49.87;2.82;25/07/2026;06:00;;0;SOLEIL;;27.7;0
Estrées-Deniécourt;49.87;2.82;25/07/2026;07:00;;0;SOLEIL;;26.3;0
Estrées-Deniécourt;49.87;2.82;25/07/2026;08:00;18.1;0;SOLEIL;5;26.3;0
Estrées-Deniécourt;49.87;2.82;25/07/2026;09:00;19.2;0;SOLEIL;5;27.7;0
Estrées-Deniécourt;49.87;2.82;25/07/2026;10:00;20.2;0;SOLEIL;5;30.6;0
Estrées-Deniécourt;49.87;2.82;25/07/2026;11:00;;0;SOLEIL;;34.2;0
Estrées-Deniécourt;49.87;2.82;25/07/2026;12:00;;0;SOLEIL;;38.2;0
Estrées-Deniécourt;49.87;2.82;25/07/2026;13:00;;0;SOLEIL;;41.4;0
Estrées-Deniécourt;49.87;2.82;25/07/2026;14:00;24.4;0;SOLEIL;5;43.6;0
Estrées-Deniécourt;49.87;2.82;25/07/2026;15:00;25.5;0;SOLEIL;5;44.6;0
Estrées-Deniécourt;49.87;2.82;25/07/2026;16:00;24.4;0;SOLEIL;5;45.4;0
Estrées-Deniécourt;49.87;2.82;25/07/2026;17:00;;0;SOLEIL;;45.4;0
Estrées-Deniécourt;49.87;2.82;25/07/2026;18:00;;0;SOLEIL;;45.4;0
Estrées-Deniécourt;49.87;2.82;25/07/2026;19:00;;0;SOLEIL;;45.0;0
Estrées-Deniécourt;49.87;2.82;25/07/2026;20:00;20.2;0;SOLEIL;5;44.3;0
Estrées-Deniécourt;49.87;2.82;25/07/2026;21:00;19.2;0;SOLEIL;5;43.6;0
Estrées-Deniécourt;49.87;2.82;25/07/2026;22:00;18.1;0;SOLEIL;5;42.5;0
Estrées-Deniécourt;49.87;2.82;25/07/2026;23:00;;6;AVERSES;;41.4;0
Estrées-Deniécourt;49.87;2.82;26/07/2026;00:00;;6;AVERSES;;40.0;0
Estrées-Deniécourt;49.87;2.82;26/07/2026;01:00;;6;AVERSES;;38.2;0
Estrées-Deniécourt;49.87;2.82;26/07/2026;02:00;15.1;6;AVERSES;5;36.7;0
Estrées-Deniécourt;49.87;2.82;26/07/2026;03:00;15.1;6;AVERSES;5;34.9;0
Estrées-Deniécourt;49.87;2.82;26/07/2026;04:00;15.1;6;AVERSES;5;32.4;0
Estrées-Deniécourt;49.87;2.82;26/07/2026;05:00;;6;AVERSES;;29.9;0
Estrées-Deniécourt;49.87;2.82;26/07/2026;06:00;;6;AVERSES;;27.7;0
Estrées-Deniécourt;49.87;2.82;26/07/2026;07:00;;6;AVERSES;;26.3;0
Estrées-Deniécourt;49.87;2.82;26/07/2026;08:00;17.1;6;AVERSES;5;25.9;0
Estrées-Deniécourt;49.87;2.82;26/07/2026;09:00;18.1;6;AVERSES;5;27.4;0
Estrées-Deniécourt;49.87;2.82;26/07/2026;10:00;19.1;6;AVERSES;5;30.2;0
Estrées-Deniécourt;49.87;2.82;26/07/2026;11:00;;6;AVERSES;;33.5;0
Estrées-Deniécourt;49.87;2.82;26/07/2026;12:00;;6;AVERSES;;37.4;0
Estrées-Deniécourt;49.87;2.82;26/07/2026;13:00;;6;AVERSES;;40.3;0
Estrées-Deniécourt;49.87;2.82;26/07/2026;14:00;23.1;6;AVERSES;5;42.5;0
Estrées-Deniécourt;49.87;2.82;26/07/2026;15:00;24.1;6;AVERSES;5;43.6;0
Estrées-Deniécourt;49.87;2.82;26/07/2026;16:00;23.1;6;AVERSES;5;43.9;0
Estrées-Deniécourt;49.87;2.82;26/07/2026;17:00;;6;AVERSES;;43.6;0
Estrées-Deniécourt;49.87;2.82;26/07/2026;18:00;;6;AVERSES;;42.8;0
Estrées-Deniécourt;49.87;2.82;26/07/2026;19:00;;6;AVERSES;;42.1;0
Estrées-Deniécourt;49.87;2.82;26/07/2026;20:00;19.1;6;AVERSES;5;41.0;0
Estrées-Deniécourt;49.87;2.82;26/07/2026;21:00;18.1;6;AVERSES;5;39.6;0
Estrées-Deniécourt;49.87;2.82;26/07/2026;22:00;17.1;6;AVERSES;5;37.4;0
Estrées-Deniécourt;49.87;2.82;26/07/2026;23:00;;6;AVERSES;;35.3;0
Estrées-Deniécourt;49.87;2.82;27/07/2026;00:00;;6;AVERSES;;33.1;0
Estrées-Deniécourt;49.87;2.82;27/07/2026;01:00;;6;AVERSES;;30.6;0
Estrées-Deniécourt;49.87;2.82;27/07/2026;02:00;15.1;6;AVERSES;5;28.4;0
Estrées-Deniécourt;49.87;2.82;27/07/2026;03:00;15.1;6;AVERSES;5;26.3;0
Estrées-Deniécourt;49.87;2.82;27/07/2026;04:00;15.1;6;AVERSES;5;23.4;0
Estrées-Deniécourt;49.87;2.82;27/07/2026;05:00;;6;AVERSES;;20.9;0
Estrées-Deniécourt;49.87;2.82;27/07/2026;06:00;;6;AVERSES;;18.7;0
Estrées-Deniécourt;49.87;2.82;27/07/2026;07:00;;6;AVERSES;;17.3;0
Estrées-Deniécourt;49.87;2.82;27/07/2026;08:00;17.3;6;AVERSES;5;17.3;0
Estrées-Deniécourt;49.87;2.82;27/07/2026;09:00;18.5;6;AVERSES;5;18.7;0
Estrées-Deniécourt;49.87;2.82;27/07/2026;10:00;19.6;6;AVERSES;5;22.0;0
Estrées-Deniécourt;49.87;2.82;27/07/2026;11:00;;6;AVERSES;;25.9;0
Estrées-Deniécourt;49.87;2.82;27/07/2026;12:00;;6;AVERSES;;29.9;0
Estrées-Deniécourt;49.87;2.82;27/07/2026;13:00;;6;AVERSES;;33.8;0
Estrées-Deniécourt;49.87;2.82;27/07/2026;14:00;24.1;6;AVERSES;5;36.7;0
Estrées-Deniécourt;49.87;2.82;27/07/2026;15:00;25.2;6;AVERSES;5;38.9;0
Estrées-Deniécourt;49.87;2.82;27/07/2026;16:00;24.1;6;AVERSES;5;40.7;0
Estrées-Deniécourt;49.87;2.82;27/07/2026;17:00;;6;AVERSES;;42.1;0
Estrées-Deniécourt;49.87;2.82;27/07/2026;18:00;;6;AVERSES;;43.6;0
Estrées-Deniécourt;49.87;2.82;27/07/2026;19:00;;6;AVERSES;;44.3;0
Estrées-Deniécourt;49.87;2.82;27/07/2026;20:00;19.6;6;AVERSES;5;44.6;0
Estrées-Deniécourt;49.87;2.82;27/07/2026;21:00;18.5;6;AVERSES;5;44.6;0
Estrées-Deniécourt;49.87;2.82;27/07/2026;22:00;17.3;6;AVERSES;5;43.9;0
Estrées-Deniécourt;49.87;2.82;27/07/2026;23:00;;6;AVERSES;;43.2;0
Estrées-Deniécourt;49.87;2.82;28/07/2026;00:00;;6;AVERSES;;41.8;0
Estrées-Deniécourt;49.87;2.82;28/07/2026;01:00;;6;AVERSES;;40.0;0
Estrées-Deniécourt;49.87;2.82;28/07/2026;02:00;15.1;6;AVERSES;5;38.2;0
Estrées-Deniécourt;49.87;2.82;28/07/2026;03:00;15.1;6;AVERSES;5;35.3;0
Estrées-Deniécourt;49.87;2.82;28/07/2026;04:00;15.1;6;AVERSES;5;31.7;0
Estrées-Deniécourt;49.87;2.82;28/07/2026;05:00;;6;AVERSES;;27.7;0
Estrées-Deniécourt;49.87;2.82;28/07/2026;06:00;;6;AVERSES;;23.8;0
Estrées-Deniécourt;49.87;2.82;28/07/2026;07:00;;6;AVERSES;;20.9;0
Estrées-Deniécourt;49.87;2.82;28/07/2026;08:00;17.1;6;AVERSES;5;19.8;0
Estrées-Deniécourt;49.87;2.82;28/07/2026;09:00;18.1;6;AVERSES;5;20.5;0
Estrées-Deniécourt;49.87;2.82;28/07/2026;10:00;19.1;6;AVERSES;5;23.0;0
Estrées-Deniécourt;49.87;2.82;28/07/2026;11:00;;6;AVERSES;;26.6;0
Estrées-Deniécourt;49.87;2.82;28/07/2026;12:00;;6;AVERSES;;30.2;0
Estrées-Deniécourt;49.87;2.82;28/07/2026;13:00;;6;AVERSES;;33.5;0
Estrées-Deniécourt;49.87;2.82;28/07/2026;14:00;23.1;6;AVERSES;5;35.6;0
Estrées-Deniécourt;49.87;2.82;28/07/2026;15:00;24.1;6;AVERSES;5;37.1;0
Estrées-Deniécourt;49.87;2.82;28/07/2026;16:00;23.1;6;AVERSES;5;38.2;0
Estrées-Deniécourt;49.87;2.82;28/07/2026;17:00;;6;AVERSES;;38.5;0
Estrées-Deniécourt;49.87;2.82;28/07/2026;18:00;;6;AVERSES;;38.9;0
Estrées-Deniécourt;49.87;2.82;28/07/2026;19:00;;6;AVERSES;;38.5;0
Estrées-Deniécourt;49.87;2.82;28/07/2026;20:00;19.1;6;AVERSES;5;37.4;0
Estrées-Deniécourt;49.87;2.82;28/07/2026;21:00;18.1;6;AVERSES;5;35.6;0
Estrées-Deniécourt;49.87;2.82;28/07/2026;22:00;17.1;6;AVERSES;5;32.8;0
Estrées-Deniécourt;49.87;2.82;28/07/2026;23:00;;6;AVERSES;;29.5;0
Estrées-Deniécourt;49.87;2.82;29/07/2026;00:00;;6;AVERSES;;26.3;0
Estrées-Deniécourt;49.87;2.82;29/07/2026;01:00;;6;AVERSES;;23.0;0
Estrées-Deniécourt;49.87;2.82;29/07/2026;02:00;14.4;6;AVERSES;5;20.2;0
Estrées-Deniécourt;49.87;2.82;29/07/2026;03:00;14.4;6;AVERSES;5;17.6;0
Estrées-Deniécourt;49.87;2.82;29/07/2026;04:00;14.4;6;AVERSES;5;14.8;0
Estrées-Deniécourt;49.87;2.82;29/07/2026;05:00;;6;AVERSES;;12.2;0
Estrées-Deniécourt;49.87;2.82;29/07/2026;06:00;;6;AVERSES;;10.4;0
Estrées-Deniécourt;49.87;2.82;29/07/2026;07:00;;6;AVERSES;;9.4;0
Estrées-Deniécourt;49.87;2.82;29/07/2026;08:00;16.9;6;AVERSES;5;9.4;0
Estrées-Deniécourt;49.87;2.82;29/07/2026;09:00;18.2;6;AVERSES;5;11.2;0
Estrées-Deniécourt;49.87;2.82;29/07/2026;10:00;19.4;6;AVERSES;5;14.8;0
Estrées-Deniécourt;49.87;2.82;29/07/2026;11:00;;6;AVERSES;;19.1;0
Estrées-Deniécourt;49.87;2.82;29/07/2026;12:00;;6;AVERSES;;23.8;0
Estrées-Deniécourt;49.87;2.82;29/07/2026;13:00;;6;AVERSES;;28.1;0
Estrées-Deniécourt;49.87;2.82;29/07/2026;14:00;24.4;6;AVERSES;5;31.0;0
Estrées-Deniécourt;49.87;2.82;29/07/2026;15:00;25.7;6;AVERSES;5;33.1;0
Estrées-Deniécourt;49.87;2.82;29/07/2026;16:00;24.4;6;AVERSES;5;34.9;0
Estrées-Deniécourt;49.87;2.82;29/07/2026;17:00;;6;AVERSES;;36.4;0
Estrées-Deniécourt;49.87;2.82;29/07/2026;18:00;;6;AVERSES;;37.1;0
Estrées-Deniécourt;49.87;2.82;29/07/2026;19:00;;6;AVERSES;;37.1;0
Estrées-Deniécourt;49.87;2.82;29/07/2026;20:00;19.4;6;AVERSES;5;36.4;0
Estrées-Deniécourt;49.87;2.82;29/07/2026;21:00;18.2;6;AVERSES;5;34.2;0
Estrées-Deniécourt;49.87;2.82;29/07/2026;22:00;16.9;6;AVERSES;5;31.0;0
Estrées-Deniécourt;49.87;2.82;29/07/2026;23:00;15.7;6;AVERSES;5;27.0;0
Estrées-Deniécourt;49.87;2.82;30/07/2026;00:00;12;0;SOLEIL;5;23.1;0
Estrées-Deniécourt;49.87;2.82;30/07/2026;01:00;12;0;SOLEIL;5;19.1;0
Estrées-Deniécourt;49.87;2.82;30/07/2026;02:00;12;0;SOLEIL;5;16.2;0
Estrées-Deniécourt;49.87;2.82;30/07/2026;03:00;12;0;SOLEIL;5;14.8;0
Estrées-Deniécourt;49.87;2.82;30/07/2026;04:00;12;0;SOLEIL;5;15.5;0
Estrées-Deniécourt;49.87;2.82;30/07/2026;05:00;12;0;SOLEIL;5;0.0;0
Estrées-Deniécourt;49.87;2.82;30/07/2026;06:00;12;0;SOLEIL;5;0.0;0
Estrées-Deniécourt;49.87;2.82;30/07/2026;07:00;13.1;0;SOLEIL;5;0.0;0
Estrées-Deniécourt;49.87;2.82;30/07/2026;08:00;14.2;0;SOLEIL;5;0.0;0
Estrées-Deniécourt;49.87;2.82;30/07/2026;09:00;15.3;0;SOLEIL;5;0.0;0
Estrées-Deniécourt;49.87;2.82;30/07/2026;10:00;16.4;0;SOLEIL;5;0.0;0
Estrées-Deniécourt;49.87;2.82;30/07/2026;11:00;17.6;0;SOLEIL;5;0.0;0
Estrées-Deniécourt;49.87;2.82;30/07/2026;12:00;18.7;0;SOLEIL;5;0.0;0
Estrées-Deniécourt;49.87;2.82;30/07/2026;13:00;19.8;0;SOLEIL;5;0.0;0
Estrées-Deniécourt;49.87;2.82;30/07/2026;14:00;20.9;0;SOLEIL;5;0.0;0
Estrées-Deniécourt;49.87;2.82;30/07/2026;15:00;22.0;0;SOLEIL;5;0.0;0
Estrées-Deniécourt;49.87;2.82;30/07/2026;16:00;20.9;0;SOLEIL;5;0.0;0
Estrées-Deniécourt;49.87;2.82;30/07/2026;17:00;19.8;0;SOLEIL;5;0.0;0
Estrées-Deniécourt;49.87;2.82;30/07/2026;18:00;18.7;0;SOLEIL;5;0.0;0
Estrées-Deniécourt;49.87;2.82;30/07/2026;19:00;17.6;0;SOLEIL;5;0.0;0
Estrées-Deniécourt;49.87;2.82;30/07/2026;20:00;16.4;0;SOLEIL;5;0.0;0
Estrées-Deniécourt;49.87;2.82;30/07/2026;21:00;15.3;0;SOLEIL;5;0.0;0
Estrées-Deniécourt;49.87;2.82;30/07/2026;22:00;14.2;0;SOLEIL;5;0.0;0
Estrées-Deniécourt;49.87;2.82;30/07/2026;23:00;13.1;0;SOLEIL;5;0.0;0
Estrées-Deniécourt;49.87;2.82;31/07/2026;00:00;12;0;SOLEIL;5;0.0;0
Estrées-Deniécourt;49.87;2.82;31/07/2026;01:00;12;0;SOLEIL;5;0.0;0
Estrées-Deniécourt;49.87;2.82;31/07/2026;02:00;12;0;SOLEIL;5;0.0;0
Estrées-Deniécourt;49.87;2.82;31/07/2026;03:00;12;0;SOLEIL;5;0.0;0
Estrées-Deniécourt;49.87;2.82;31/07/2026;04:00;12;0;SOLEIL;5;0.0;0
Estrées-Deniécourt;49.87;2.82;31/07/2026;05:00;12;0;SOLEIL;5;0.0;0
Estrées-Deniécourt;49.87;2.82;31/07/2026;06:00;12;0;SOLEIL;5;0.0;0
Estrées-Deniécourt;49.87;2.82;31/07/2026;07:00;13.1;0;SOLEIL;5;0.0;0
Estrées-Deniécourt;49.87;2.82;31/07/2026;08:00;14.2;0;SOLEIL;5;0.0;0
Estrées-Deniécourt;49.87;2.82;31/07/2026;09:00;15.3;0;SOLEIL;5;0.0;0
Estrées-Deniécourt;49.87;2.82;31/07/2026;10:00;16.4;0;SOLEIL;5;0.0;0
Estrées-Deniécourt;49.87;2.82;31/07/2026;11:00;17.6;0;SOLEIL;5;0.0;0
Estrées-Deniécourt;49.87;2.82;31/07/2026;12:00;18.7;0;SOLEIL;5;0.0;0
Estrées-Deniécourt;49.87;2.82;31/07/2026;13:00;19.8;0;SOLEIL;5;0.0;0
Estrées-Deniécourt;49.87;2.82;31/07/2026;14:00;20.9;0;SOLEIL;5;0.0;0
Estrées-Deniécourt;49.87;2.82;31/07/2026;15:00;22.0;0;SOLEIL;5;0.0;0
Estrées-Deniécourt;49.87;2.82;31/07/2026;16:00;20.9;0;SOLEIL;5;0.0;0
Estrées-Deniécourt;49.87;2.82;31/07/2026;17:00;19.8;0;SOLEIL;5;0.0;0
Estrées-Deniécourt;49.87;2.82;31/07/2026;18:00;18.7;0;SOLEIL;5;0.0;0
Estrées-Deniécourt;49.87;2.82;31/07/2026;19:00;17.6;0;SOLEIL;5;0.0;0
Estrées-Deniécourt;49.87;2.82;31/07/2026;20:00;16.4;0;SOLEIL;5;0.0;0
Estrées-Deniécourt;49.87;2.82;31/07/2026;21:00;15.3;0;SOLEIL;5;0.0;0
Estrées-Deniécourt;49.87;2.82;31/07/2026;22:00;14.2;0;SOLEIL;5;0.0;0
Estrées-Deniécourt;49.87;2.82;31/07/2026;23:00;13.1;0;SOLEIL;5;0.0;0
Montdidier;49.65;2.57;16/07/2026;00:00;20.6;0;SOLEIL;4;20.9;0
Montdidier;49.65;2.57;16/07/2026;01:00;19.9;0;SOLEIL;4;20.9;0
Montdidier;49.65;2.57;16/07/2026;02:00;19.2;0;SOLEIL;3;26.6;0
Montdidier;49.65;2.57;16/07/2026;03:00;18.7;0;SOLEIL;3;27.4;0
Montdidier;49.65;2.57;16/07/2026;04:00;18;0;SOLEIL;3;23.0;0
Montdidier;49.65;2.57;16/07/2026;05:00;18.9;0;SOLEIL;3;16.9;0
Montdidier;49.65;2.57;16/07/2026;06:00;20.4;0;SOLEIL;3;16.9;0
Montdidier;49.65;2.57;16/07/2026;07:00;22.5;0;SOLEIL;3;13.7;0
Montdidier;49.65;2.57;16/07/2026;08:00;24;0;SOLEIL;3;14.0;0
Montdidier;49.65;2.57;16/07/2026;09:00;26.4;0;SOLEIL;3;17.6;0
Montdidier;49.65;2.57;16/07/2026;10:00;28.1;0;SOLEIL;4;19.8;0
Montdidier;49.65;2.57;16/07/2026;11:00;29.5;0;SOLEIL;4;24.5;0
Montdidier;49.65;2.57;16/07/2026;12:00;30.2;0;SOLEIL;3;27.4;0
Montdidier;49.65;2.57;16/07/2026;13:00;31;2;NUAGEUX;3;27.4;0
Montdidier;49.65;2.57;16/07/2026;14:00;29.5;2;NUAGEUX;3;25.6;0
Montdidier;49.65;2.57;16/07/2026;15:00;29.9;2;NUAGEUX;4;24.5;0
Montdidier;49.65;2.57;16/07/2026;16:00;28.7;10;ORAGEUX;4;19.1;3.8
Montdidier;49.65;2.57;16/07/2026;17:00;26.1;10;ORAGEUX;4;24.1;2.2
Montdidier;49.65;2.57;16/07/2026;18:00;25.4;10;ORAGEUX;5;58.7;0.1
Montdidier;49.65;2.57;16/07/2026;19:00;22.9;2;NUAGEUX;4;42.1;0
Montdidier;49.65;2.57;16/07/2026;20:00;21.4;2;NUAGEUX;4;23.8;0
Montdidier;49.65;2.57;16/07/2026;21:00;21.2;2;NUAGEUX;4;17.6;0
Montdidier;49.65;2.57;16/07/2026;22:00;19.6;2;NUAGEUX;4;8.6;0
Montdidier;49.65;2.57;16/07/2026;23:00;19.2;2;NUAGEUX;3;16.6;0
Montdidier;49.65;2.57;17/07/2026;00:00;18.9;2;NUAGEUX;3;14.8;0
Montdidier;49.65;2.57;17/07/2026;01:00;18.9;2;NUAGEUX;3;8.6;0
Montdidier;49.65;2.57;17/07/2026;02:00;16.6;2;NUAGEUX;3;12.6;0
Montdidier;49.65;2.57;17/07/2026;03:00;16.6;2;NUAGEUX;3;16.2;0
Montdidier;49.65;2.57;17/07/2026;04:00;16.6;2;NUAGEUX;3;16.2;0
Montdidier;49.65;2.57;17/07/2026;05:00;18.2;10;ORAGEUX;3;14.4;0
Montdidier;49.65;2.57;17/07/2026;06:00;18.2;10;ORAGEUX;3;15.1;0
Montdidier;49.65;2.57;17/07/2026;07:00;18.2;10;ORAGEUX;3;23.8;0
Montdidier;49.65;2.57;17/07/2026;08:00;22.4;6;AVERSES;3;20.2;0
Montdidier;49.65;2.57;17/07/2026;09:00;22.4;6;AVERSES;3;23.4;0
Montdidier;49.65;2.57;17/07/2026;10:00;22.4;6;AVERSES;3;25.6;0
Montdidier;49.65;2.57;17/07/2026;11:00;25.1;6;AVERSES;3;28.4;0
Montdidier;49.65;2.57;17/07/2026;12:00;25.1;6;AVERSES;3;28.4;0
Montdidier;49.65;2.57;17/07/2026;13:00;25.1;6;AVERSES;3;27.7;0
Montdidier;49.65;2.57;17/07/2026;14:00;25.1;0;SOLEIL;5;25.9;0
Montdidier;49.65;2.57;17/07/2026;15:00;25.1;0;SOLEIL;5;32.4;0
Montdidier;49.65;2.57;17/07/2026;16:00;25.1;0;SOLEIL;5;31.3;0
Montdidier;49.65;2.57;17/07/2026;17:00;24.6;0;SOLEIL;5;16.2;0
Montdidier;49.65;2.57;17/07/2026;18:00;24.6;0;SOLEIL;5;17.3;0
Montdidier;49.65;2.57;17/07/2026;19:00;24.6;0;SOLEIL;5;26.3;0
Montdidier;49.65;2.57;17/07/2026;20:00;19.1;0;SOLEIL;3;25.6;0
Montdidier;49.65;2.57;17/07/2026;21:00;19.1;0;SOLEIL;3;23.0;0
Montdidier;49.65;2.57;17/07/2026;22:00;19.1;0;SOLEIL;3;23.9;0
Montdidier;49.65;2.57;17/07/2026;23:00;15.6;0;SOLEIL;3;16.0;0
Montdidier;49.65;2.57;18/07/2026;00:00;15.6;0;SOLEIL;3;14.8;0
Montdidier;49.65;2.57;18/07/2026;01:00;15.6;0;SOLEIL;3;16.6;0
Montdidier;49.65;2.57;18/07/2026;02:00;13.2;0;SOLEIL;2;17.3;0
Montdidier;49.65;2.57;18/07/2026;03:00;13.2;0;SOLEIL;2;15.8;0
Montdidier;49.65;2.57;18/07/2026;04:00;13.2;0;SOLEIL;2;12.2;0
Montdidier;49.65;2.57;18/07/2026;05:00;16.1;0;SOLEIL;3;10.4;0
Montdidier;49.65;2.57;18/07/2026;06:00;16.1;0;SOLEIL;3;10.8;0
Montdidier;49.65;2.57;18/07/2026;07:00;16.1;0;SOLEIL;3;12.2;0
Montdidier;49.65;2.57;18/07/2026;08:00;21.6;0;SOLEIL;3;15.5;0
Montdidier;49.65;2.57;18/07/2026;09:00;21.6;0;SOLEIL;3;16.9;0
Montdidier;49.65;2.57;18/07/2026;10:00;21.6;0;SOLEIL;3;19.4;0
Montdidier;49.65;2.57;18/07/2026;11:00;25.4;0;SOLEIL;4;23.0;0
Montdidier;49.65;2.57;18/07/2026;12:00;25.4;0;SOLEIL;4;30.6;0
Montdidier;49.65;2.57;18/07/2026;13:00;25.4;0;SOLEIL;4;31.3;0
Montdidier;49.65;2.57;18/07/2026;14:00;25.5;0;SOLEIL;5;33.1;0
Montdidier;49.65;2.57;18/07/2026;15:00;25.5;0;SOLEIL;5;33.8;0
Montdidier;49.65;2.57;18/07/2026;16:00;25.5;0;SOLEIL;5;33.5;0
Montdidier;49.65;2.57;18/07/2026;17:00;22.1;0;SOLEIL;6;33.1;0
Montdidier;49.65;2.57;18/07/2026;18:00;22.1;0;SOLEIL;6;33.8;0
Montdidier;49.65;2.57;18/07/2026;19:00;22.1;0;SOLEIL;6;42.5;0
Montdidier;49.65;2.57;18/07/2026;20:00;18.8;0;SOLEIL;5;43.6;0
Montdidier;49.65;2.57;18/07/2026;21:00;17.3;0;SOLEIL;5;44.6;0
Montdidier;49.65;2.57;18/07/2026;22:00;15.7;0;SOLEIL;5;45.0;0
Montdidier;49.65;2.57;18/07/2026;23:00;13.5;0;SOLEIL;3;42.8;0
Montdidier;49.65;2.57;19/07/2026;00:00;13.5;0;SOLEIL;3;37.4;0
Montdidier;49.65;2.57;19/07/2026;01:00;13.5;0;SOLEIL;3;29.9;0
Montdidier;49.65;2.57;19/07/2026;02:00;13.1;0;SOLEIL;5;24.1;0
Montdidier;49.65;2.57;19/07/2026;03:00;13.1;0;SOLEIL;5;21.2;0
Montdidier;49.65;2.57;19/07/2026;04:00;13.1;0;SOLEIL;5;20.2;0
Montdidier;49.65;2.57;19/07/2026;05:00;15.6;0;SOLEIL;3;19.4;0
Montdidier;49.65;2.57;19/07/2026;06:00;15.6;0;SOLEIL;3;18.4;0
Montdidier;49.65;2.57;19/07/2026;07:00;15.6;0;SOLEIL;3;18.0;0
Montdidier;49.65;2.57;19/07/2026;08:00;15.7;0;SOLEIL;5;18.7;0
Montdidier;49.65;2.57;19/07/2026;09:00;16.9;0;SOLEIL;5;22.0;0
Montdidier;49.65;2.57;19/07/2026;10:00;18.2;0;SOLEIL;5;26.3;0
Montdidier;49.65;2.57;19/07/2026;11:00;22.9;2;NUAGEUX;4;29.9;0
Montdidier;49.65;2.57;19/07/2026;12:00;22.9;2;NUAGEUX;4;31.0;0
Montdidier;49.65;2.57;19/07/2026;13:00;22.9;2;NUAGEUX;4;31.3;0
Montdidier;49.65;2.57;19/07/2026;14:00;23.3;0;SOLEIL;5;31.7;0
Montdidier;49.65;2.57;19/07/2026;15:00;24.6;0;SOLEIL;5;32.8;0
Montdidier;49.65;2.57;19/07/2026;16:00;23.3;0;SOLEIL;5;33.8;0
Montdidier;49.65;2.57;19/07/2026;17:00;21.1;0;SOLEIL;5;34.6;0
Montdidier;49.65;2.57;19/07/2026;18:00;21.1;0;SOLEIL;5;34.9;0
Montdidier;49.65;2.57;19/07/2026;19:00;21.1;0;SOLEIL;5;35.3;0
Montdidier;49.65;2.57;19/07/2026;20:00;18.2;0;SOLEIL;5;35.3;0
Montdidier;49.65;2.57;19/07/2026;21:00;16.9;0;SOLEIL;5;36.0;0
Montdidier;49.65;2.57;19/07/2026;22:00;15.7;0;SOLEIL;5;36.4;0
Montdidier;49.65;2.57;19/07/2026;23:00;13.6;0;SOLEIL;3;35.6;0
Montdidier;49.65;2.57;20/07/2026;00:00;13.6;0;SOLEIL;3;32.8;0
Montdidier;49.65;2.57;20/07/2026;01:00;13.6;0;SOLEIL;3;28.4;0
Montdidier;49.65;2.57;20/07/2026;02:00;11.6;0;SOLEIL;5;24.8;0
Montdidier;49.65;2.57;20/07/2026;03:00;11.6;0;SOLEIL;5;21.6;0
Montdidier;49.65;2.57;20/07/2026;04:00;11.6;0;SOLEIL;5;19.1;0
Montdidier;49.65;2.57;20/07/2026;05:00;14.4;0;SOLEIL;3;17.3;0
Montdidier;49.65;2.57;20/07/2026;06:00;14.4;0;SOLEIL;3;17.3;0
Montdidier;49.65;2.57;20/07/2026;07:00;14.4;0;SOLEIL;3;18.4;0
Montdidier;49.65;2.57;20/07/2026;08:00;14.4;0;SOLEIL;5;20.2;0
Montdidier;49.65;2.57;20/07/2026;09:00;15.9;0;SOLEIL;5;23.8;0
Montdidier;49.65;2.57;20/07/2026;10:00;17.3;0;SOLEIL;5;28.1;0
Montdidier;49.65;2.57;20/07/2026;11:00;22.5;2;NUAGEUX;4;31.3;0
Montdidier;49.65;2.57;20/07/2026;12:00;22.5;2;NUAGEUX;4;32.0;0
Montdidier;49.65;2.57;20/07/2026;13:00;22.5;2;NUAGEUX;4;31.3;0
Montdidier;49.65;2.57;20/07/2026;14:00;23.0;0;SOLEIL;5;31.0;0
Montdidier;49.65;2.57;20/07/2026;15:00;24.4;0;SOLEIL;5;32.0;0
Montdidier;49.65;2.57;20/07/2026;16:00;23.0;0;SOLEIL;5;33.8;0
Montdidier;49.65;2.57;20/07/2026;17:00;21.5;0;SOLEIL;5;35.3;0
Montdidier;49.65;2.57;20/07/2026;18:00;21.5;0;SOLEIL;5;35.6;0
Montdidier;49.65;2.57;20/07/2026;19:00;21.5;0;SOLEIL;5;36.0;0
Montdidier;49.65;2.57;20/07/2026;20:00;17.3;0;SOLEIL;5;35.6;0
Montdidier;49.65;2.57;20/07/2026;21:00;15.9;0;SOLEIL;5;35.3;0
Montdidier;49.65;2.57;20/07/2026;22:00;14.4;0;SOLEIL;5;34.9;0
Montdidier;49.65;2.57;20/07/2026;23:00;14.1;0;SOLEIL;3;33.8;0
Montdidier;49.65;2.57;21/07/2026;00:00;14.1;0;SOLEIL;3;29.5;0
Montdidier;49.65;2.57;21/07/2026;01:00;14.1;0;SOLEIL;3;27.7;0
Montdidier;49.65;2.57;21/07/2026;02:00;12.9;2;NUAGEUX;5;26.3;0
Montdidier;49.65;2.57;21/07/2026;03:00;12.9;2;NUAGEUX;5;25.2;0
Montdidier;49.65;2.57;21/07/2026;04:00;12.9;2;NUAGEUX;5;23.8;0
Montdidier;49.65;2.57;21/07/2026;05:00;15;0;SOLEIL;3;22.7;0
Montdidier;49.65;2.57;21/07/2026;06:00;15;0;SOLEIL;3;22.0;0
Montdidier;49.65;2.57;21/07/2026;07:00;15;0;SOLEIL;3;21.6;0
Montdidier;49.65;2.57;21/07/2026;08:00;15.6;2;NUAGEUX;5;22.0;0
Montdidier;49.65;2.57;21/07/2026;09:00;17.0;2;NUAGEUX;5;23.0;0
Montdidier;49.65;2.57;21/07/2026;10:00;18.3;2;NUAGEUX;5;25.2;0
Montdidier;49.65;2.57;21/07/2026;11:00;22.9;2;NUAGEUX;4;28.1;0
Montdidier;49.65;2.57;21/07/2026;12:00;22.9;2;NUAGEUX;4;30.6;0
Montdidier;49.65;2.57;21/07/2026;13:00;22.9;2;NUAGEUX;4;32.8;0
Montdidier;49.65;2.57;21/07/2026;14:00;23.7;2;NUAGEUX;5;34.6;0
Montdidier;49.65;2.57;21/07/2026;15:00;25.1;2;NUAGEUX;5;35.3;0
Montdidier;49.65;2.57;21/07/2026;16:00;23.7;2;NUAGEUX;5;36.0;0
Montdidier;49.65;2.57;21/07/2026;17:00;23;2;NUAGEUX;5;36.0;0
Montdidier;49.65;2.57;21/07/2026;18:00;23;2;NUAGEUX;5;36.0;0
Montdidier;49.65;2.57;21/07/2026;19:00;23;2;NUAGEUX;5;36.0;0
Montdidier;49.65;2.57;21/07/2026;20:00;18.3;2;NUAGEUX;5;36.0;0
Montdidier;49.65;2.57;21/07/2026;21:00;17.0;2;NUAGEUX;5;36.4;0
Montdidier;49.65;2.57;21/07/2026;22:00;15.6;2;NUAGEUX;5;37.1;0
Montdidier;49.65;2.57;21/07/2026;23:00;15.6;0;SOLEIL;3;38.2;0
Montdidier;49.65;2.57;22/07/2026;00:00;15.6;0;SOLEIL;3;38.5;0
Montdidier;49.65;2.57;22/07/2026;01:00;15.6;0;SOLEIL;3;38.5;0
Montdidier;49.65;2.57;22/07/2026;02:00;13.6;0;SOLEIL;5;37.4;0
Montdidier;49.65;2.57;22/07/2026;03:00;13.6;0;SOLEIL;5;35.3;0
Montdidier;49.65;2.57;22/07/2026;04:00;13.6;0;SOLEIL;5;31.3;0
Montdidier;49.65;2.57;22/07/2026;05:00;15.6;0;SOLEIL;2;27.4;0
Montdidier;49.65;2.57;22/07/2026;06:00;15.6;0;SOLEIL;2;23.4;0
Montdidier;49.65;2.57;22/07/2026;07:00;15.6;0;SOLEIL;2;20.2;0
Montdidier;49.65;2.57;22/07/2026;08:00;16.7;0;SOLEIL;5;18.7;0
Montdidier;49.65;2.57;22/07/2026;09:00;18.2;0;SOLEIL;5;19.4;0
Montdidier;49.65;2.57;22/07/2026;10:00;19.7;0;SOLEIL;5;21.6;0
Montdidier;49.65;2.57;22/07/2026;11:00;25.2;0;SOLEIL;3;24.8;0
Montdidier;49.65;2.57;22/07/2026;12:00;25.2;0;SOLEIL;3;28.1;0
Montdidier;49.65;2.57;22/07/2026;13:00;25.2;0;SOLEIL;3;31.0;0
Montdidier;49.65;2.57;22/07/2026;14:00;25.9;0;SOLEIL;5;32.8;0
Montdidier;49.65;2.57;22/07/2026;15:00;27.4;0;SOLEIL;5;33.5;0
Montdidier;49.65;2.57;22/07/2026;16:00;25.9;0;SOLEIL;5;33.5;0
Montdidier;49.65;2.57;22/07/2026;17:00;24.9;0;SOLEIL;4;33.5;0
Montdidier;49.65;2.57;22/07/2026;18:00;24.9;0;SOLEIL;4;32.8;0
Montdidier;49.65;2.57;22/07/2026;19:00;24.9;0;SOLEIL;4;32.0;0
Montdidier;49.65;2.57;22/07/2026;20:00;19.7;0;SOLEIL;5;31.0;0
Montdidier;49.65;2.57;22/07/2026;21:00;18.2;0;SOLEIL;5;29.9;0
Montdidier;49.65;2.57;22/07/2026;22:00;16.7;0;SOLEIL;5;28.1;0
Montdidier;49.65;2.57;22/07/2026;23:00;17.5;0;SOLEIL;2;26.3;0
Montdidier;49.65;2.57;23/07/2026;00:00;17.5;0;SOLEIL;2;24.5;0
Montdidier;49.65;2.57;23/07/2026;01:00;17.5;0;SOLEIL;2;22.7;0
Montdidier;49.65;2.57;23/07/2026;02:00;15.1;0;SOLEIL;5;21.2;0
Montdidier;49.65;2.57;23/07/2026;03:00;15.1;0;SOLEIL;5;19.8;0
Montdidier;49.65;2.57;23/07/2026;04:00;15.1;0;SOLEIL;5;18.0;0
Montdidier;49.65;2.57;23/07/2026;05:00;16.7;0;SOLEIL;3;16.6;0
Montdidier;49.65;2.57;23/07/2026;06:00;16.7;0;SOLEIL;3;15.5;0
Montdidier;49.65;2.57;23/07/2026;07:00;16.7;0;SOLEIL;3;14.8;0
Montdidier;49.65;2.57;23/07/2026;08:00;18.1;0;SOLEIL;5;14.8;0
Montdidier;49.65;2.57;23/07/2026;09:00;19.6;0;SOLEIL;5;15.8;0
Montdidier;49.65;2.57;23/07/2026;10:00;21.1;0;SOLEIL;5;17.6;0
Montdidier;49.65;2.57;23/07/2026;11:00;26.1;0;SOLEIL;4;20.2;0
Montdidier;49.65;2.57;23/07/2026;12:00;26.1;0;SOLEIL;4;22.7;0
Montdidier;49.65;2.57;23/07/2026;13:00;26.1;0;SOLEIL;4;24.8;0
Montdidier;49.65;2.57;23/07/2026;14:00;27.0;0;SOLEIL;5;26.6;0
Montdidier;49.65;2.57;23/07/2026;15:00;28.5;0;SOLEIL;5;27.7;0
Montdidier;49.65;2.57;23/07/2026;16:00;27.0;0;SOLEIL;5;28.4;0
Montdidier;49.65;2.57;23/07/2026;17:00;26.2;0;SOLEIL;4;29.2;0
Montdidier;49.65;2.57;23/07/2026;18:00;26.2;0;SOLEIL;4;29.5;0
Montdidier;49.65;2.57;23/07/2026;19:00;26.2;0;SOLEIL;4;29.9;0
Montdidier;49.65;2.57;23/07/2026;20:00;21.1;0;SOLEIL;5;30.2;0
Montdidier;49.65;2.57;23/07/2026;21:00;19.6;0;SOLEIL;5;30.6;0
Montdidier;49.65;2.57;23/07/2026;22:00;18.1;0;SOLEIL;5;31.3;0
Montdidier;49.65;2.57;23/07/2026;23:00;17.6;0;SOLEIL;2;32.0;0
Montdidier;49.65;2.57;24/07/2026;00:00;17.6;0;SOLEIL;2;32.4;0
Montdidier;49.65;2.57;24/07/2026;01:00;17.6;0;SOLEIL;2;32.0;0
Montdidier;49.65;2.57;24/07/2026;02:00;15.6;0;SOLEIL;5;31.0;0
Montdidier;49.65;2.57;24/07/2026;03:00;15.6;0;SOLEIL;5;28.4;0
Montdidier;49.65;2.57;24/07/2026;04:00;15.6;0;SOLEIL;5;24.8;0
Montdidier;49.65;2.57;24/07/2026;05:00;17.2;0;SOLEIL;2;20.9;0
Montdidier;49.65;2.57;24/07/2026;06:00;17.2;0;SOLEIL;2;16.9;0
Montdidier;49.65;2.57;24/07/2026;07:00;17.2;0;SOLEIL;2;13.3;0
Montdidier;49.65;2.57;24/07/2026;08:00;18.4;0;SOLEIL;5;11.5;0
Montdidier;49.65;2.57;24/07/2026;09:00;19.9;0;SOLEIL;5;11.2;0
Montdidier;49.65;2.57;24/07/2026;10:00;21.3;0;SOLEIL;5;12.2;0
Montdidier;49.65;2.57;24/07/2026;11:00;26;0;SOLEIL;4;13.7;0
Montdidier;49.65;2.57;24/07/2026;12:00;26;0;SOLEIL;4;15.5;0
Montdidier;49.65;2.57;24/07/2026;13:00;26;0;SOLEIL;4;17.3;0
Montdidier;49.65;2.57;24/07/2026;14:00;27.0;0;SOLEIL;5;18.7;0
Montdidier;49.65;2.57;24/07/2026;15:00;28.4;0;SOLEIL;5;19.4;0
Montdidier;49.65;2.57;24/07/2026;16:00;27.0;0;SOLEIL;5;19.8;0
Montdidier;49.65;2.57;24/07/2026;17:00;26.1;0;SOLEIL;5;20.2;0
Montdidier;49.65;2.57;24/07/2026;18:00;26.1;0;SOLEIL;5;20.5;0
Montdidier;49.65;2.57;24/07/2026;19:00;26.1;0;SOLEIL;5;21.2;0
Montdidier;49.65;2.57;24/07/2026;20:00;21.3;0;SOLEIL;5;22.7;0
Montdidier;49.65;2.57;24/07/2026;21:00;19.9;0;SOLEIL;5;24.8;0
Montdidier;49.65;2.57;24/07/2026;22:00;18.4;0;SOLEIL;5;28.1;0
Montdidier;49.65;2.57;24/07/2026;23:00;18.5;0;SOLEIL;3;31.7;0
Montdidier;49.65;2.57;25/07/2026;00:00;18.5;0;SOLEIL;3;34.9;0
Montdidier;49.65;2.57;25/07/2026;01:00;18.5;0;SOLEIL;3;37.1;0
Montdidier;49.65;2.57;25/07/2026;02:00;15.9;6;AVERSES;5;38.2;0
Montdidier;49.65;2.57;25/07/2026;03:00;15.9;6;AVERSES;5;37.1;0
Montdidier;49.65;2.57;25/07/2026;04:00;15.9;6;AVERSES;5;34.2;0
Montdidier;49.65;2.57;25/07/2026;05:00;;6;AVERSES;;31.0;0
Montdidier;49.65;2.57;25/07/2026;06:00;;6;AVERSES;;27.4;0
Montdidier;49.65;2.57;25/07/2026;07:00;;6;AVERSES;;24.8;0
Montdidier;49.65;2.57;25/07/2026;08:00;18.2;6;AVERSES;5;24.1;0
Montdidier;49.65;2.57;25/07/2026;09:00;19.3;6;AVERSES;5;25.9;0
Montdidier;49.65;2.57;25/07/2026;10:00;20.4;6;AVERSES;5;29.2;0
Montdidier;49.65;2.57;25/07/2026;11:00;;6;AVERSES;;33.5;0
Montdidier;49.65;2.57;25/07/2026;12:00;;6;AVERSES;;38.2;0
Montdidier;49.65;2.57;25/07/2026;13:00;;6;AVERSES;;42.1;0
Montdidier;49.65;2.57;25/07/2026;14:00;25.0;6;AVERSES;5;45.0;0
Montdidier;49.65;2.57;25/07/2026;15:00;26.1;6;AVERSES;5;46.4;0
Montdidier;49.65;2.57;25/07/2026;16:00;25.0;6;AVERSES;5;47.2;0
Montdidier;49.65;2.57;25/07/2026;17:00;;6;AVERSES;;47.2;0
Montdidier;49.65;2.57;25/07/2026;18:00;;6;AVERSES;;47.2;0
Montdidier;49.65;2.57;25/07/2026;19:00;;6;AVERSES;;46.4;0
Montdidier;49.65;2.57;25/07/2026;20:00;20.4;6;AVERSES;5;45.7;0
Montdidier;49.65;2.57;25/07/2026;21:00;19.3;6;AVERSES;5;44.6;0
Montdidier;49.65;2.57;25/07/2026;22:00;18.2;6;AVERSES;5;43.2;0
Montdidier;49.65;2.57;25/07/2026;23:00;;6;AVERSES;;41.4;0
Montdidier;49.65;2.57;26/07/2026;00:00;;6;AVERSES;;39.6;0
Montdidier;49.65;2.57;26/07/2026;01:00;;6;AVERSES;;37.8;0
Montdidier;49.65;2.57;26/07/2026;02:00;14.9;6;AVERSES;5;36.0;0
Montdidier;49.65;2.57;26/07/2026;03:00;14.9;6;AVERSES;5;34.2;0
Montdidier;49.65;2.57;26/07/2026;04:00;14.9;6;AVERSES;5;32.4;0
Montdidier;49.65;2.57;26/07/2026;05:00;;6;AVERSES;;30.2;0
Montdidier;49.65;2.57;26/07/2026;06:00;;6;AVERSES;;28.8;0
Montdidier;49.65;2.57;26/07/2026;07:00;;6;AVERSES;;27.7;0
Montdidier;49.65;2.57;26/07/2026;08:00;17.2;6;AVERSES;5;27.7;0
Montdidier;49.65;2.57;26/07/2026;09:00;18.3;6;AVERSES;5;29.2;0
Montdidier;49.65;2.57;26/07/2026;10:00;19.4;6;AVERSES;5;31.7;0
Montdidier;49.65;2.57;26/07/2026;11:00;;6;AVERSES;;34.6;0
Montdidier;49.65;2.57;26/07/2026;12:00;;6;AVERSES;;37.8;0
Montdidier;49.65;2.57;26/07/2026;13:00;;6;AVERSES;;41.0;0
Montdidier;49.65;2.57;26/07/2026;14:00;24.0;6;AVERSES;5;42.8;0
Montdidier;49.65;2.57;26/07/2026;15:00;25.1;6;AVERSES;5;43.9;0
Montdidier;49.65;2.57;26/07/2026;16:00;24.0;6;AVERSES;5;44.6;0
Montdidier;49.65;2.57;26/07/2026;17:00;;6;AVERSES;;45.0;0
Montdidier;49.65;2.57;26/07/2026;18:00;;6;AVERSES;;45.0;0
Montdidier;49.65;2.57;26/07/2026;19:00;;6;AVERSES;;44.6;0
Montdidier;49.65;2.57;26/07/2026;20:00;19.4;6;AVERSES;5;43.9;0
Montdidier;49.65;2.57;26/07/2026;21:00;18.3;6;AVERSES;5;42.8;0
Montdidier;49.65;2.57;26/07/2026;22:00;17.2;6;AVERSES;5;41.0;0
Montdidier;49.65;2.57;26/07/2026;23:00;;6;AVERSES;;38.9;0
Montdidier;49.65;2.57;27/07/2026;00:00;;6;AVERSES;;36.7;0
Montdidier;49.65;2.57;27/07/2026;01:00;;6;AVERSES;;34.6;0
Montdidier;49.65;2.57;27/07/2026;02:00;15;6;AVERSES;5;32.4;0
Montdidier;49.65;2.57;27/07/2026;03:00;15;6;AVERSES;5;29.9;0
Montdidier;49.65;2.57;27/07/2026;04:00;15;6;AVERSES;5;27.4;0
Montdidier;49.65;2.57;27/07/2026;05:00;;6;AVERSES;;24.5;0
Montdidier;49.65;2.57;27/07/2026;06:00;;6;AVERSES;;22.0;0
Montdidier;49.65;2.57;27/07/2026;07:00;;6;AVERSES;;20.2;0
Montdidier;49.65;2.57;27/07/2026;08:00;17.4;6;AVERSES;5;19.8;0
Montdidier;49.65;2.57;27/07/2026;09:00;18.5;6;AVERSES;5;20.9;0
Montdidier;49.65;2.57;27/07/2026;10:00;19.7;6;AVERSES;5;23.0;0
Montdidier;49.65;2.57;27/07/2026;11:00;;6;AVERSES;;26.3;0
Montdidier;49.65;2.57;27/07/2026;12:00;;6;AVERSES;;29.9;0
Montdidier;49.65;2.57;27/07/2026;13:00;;6;AVERSES;;33.1;0
Montdidier;49.65;2.57;27/07/2026;14:00;24.4;6;AVERSES;5;35.6;0
Montdidier;49.65;2.57;27/07/2026;15:00;25.6;6;AVERSES;5;37.8;0
Montdidier;49.65;2.57;27/07/2026;16:00;24.4;6;AVERSES;5;40.0;0
Montdidier;49.65;2.57;27/07/2026;17:00;;6;AVERSES;;42.1;0
Montdidier;49.65;2.57;27/07/2026;18:00;;6;AVERSES;;43.9;0
Montdidier;49.65;2.57;27/07/2026;19:00;;6;AVERSES;;45.0;0
Montdidier;49.65;2.57;27/07/2026;20:00;19.7;6;AVERSES;5;45.7;0
Montdidier;49.65;2.57;27/07/2026;21:00;18.5;6;AVERSES;5;45.4;0
Montdidier;49.65;2.57;27/07/2026;22:00;17.4;6;AVERSES;5;44.6;0
Montdidier;49.65;2.57;27/07/2026;23:00;;6;AVERSES;;43.2;0
Montdidier;49.65;2.57;28/07/2026;00:00;;6;AVERSES;;41.4;0
Montdidier;49.65;2.57;28/07/2026;01:00;;6;AVERSES;;39.6;0
Montdidier;49.65;2.57;28/07/2026;02:00;15.1;6;AVERSES;5;37.4;0
Montdidier;49.65;2.57;28/07/2026;03:00;15.1;6;AVERSES;5;34.9;0
Montdidier;49.65;2.57;28/07/2026;04:00;15.1;6;AVERSES;5;31.7;0
Montdidier;49.65;2.57;28/07/2026;05:00;;6;AVERSES;;28.4;0
Montdidier;49.65;2.57;28/07/2026;06:00;;6;AVERSES;;25.6;0
Montdidier;49.65;2.57;28/07/2026;07:00;;6;AVERSES;;23.4;0
Montdidier;49.65;2.57;28/07/2026;08:00;17.1;6;AVERSES;5;22.3;0
Montdidier;49.65;2.57;28/07/2026;09:00;18.1;6;AVERSES;5;23.0;0
Montdidier;49.65;2.57;28/07/2026;10:00;19.1;6;AVERSES;5;25.2;0
Montdidier;49.65;2.57;28/07/2026;11:00;;6;AVERSES;;28.1;0
Montdidier;49.65;2.57;28/07/2026;12:00;;6;AVERSES;;31.0;0
Montdidier;49.65;2.57;28/07/2026;13:00;;6;AVERSES;;33.8;0
Montdidier;49.65;2.57;28/07/2026;14:00;23.2;6;AVERSES;5;35.6;0
Montdidier;49.65;2.57;28/07/2026;15:00;24.2;6;AVERSES;5;36.7;0
Montdidier;49.65;2.57;28/07/2026;16:00;23.2;6;AVERSES;5;37.4;0
Montdidier;49.65;2.57;28/07/2026;17:00;;6;AVERSES;;38.2;0
Montdidier;49.65;2.57;28/07/2026;18:00;;6;AVERSES;;38.2;0
Montdidier;49.65;2.57;28/07/2026;19:00;;6;AVERSES;;37.8;0
Montdidier;49.65;2.57;28/07/2026;20:00;19.1;6;AVERSES;5;36.7;0
Montdidier;49.65;2.57;28/07/2026;21:00;18.1;6;AVERSES;5;34.9;0
Montdidier;49.65;2.57;28/07/2026;22:00;17.1;6;AVERSES;5;32.4;0
Montdidier;49.65;2.57;28/07/2026;23:00;;6;AVERSES;;29.5;0
Montdidier;49.65;2.57;29/07/2026;00:00;;6;AVERSES;;26.3;0
Montdidier;49.65;2.57;29/07/2026;01:00;;6;AVERSES;;23.4;0
Montdidier;49.65;2.57;29/07/2026;02:00;14.4;6;AVERSES;5;20.9;0
Montdidier;49.65;2.57;29/07/2026;03:00;14.4;6;AVERSES;5;18.7;0
Montdidier;49.65;2.57;29/07/2026;04:00;14.4;6;AVERSES;5;16.6;0
Montdidier;49.65;2.57;29/07/2026;05:00;;6;AVERSES;;14.8;0
Montdidier;49.65;2.57;29/07/2026;06:00;;6;AVERSES;;13.7;0
Montdidier;49.65;2.57;29/07/2026;07:00;;6;AVERSES;;13.0;0
Montdidier;49.65;2.57;29/07/2026;08:00;17.1;6;AVERSES;5;13.3;0
Montdidier;49.65;2.57;29/07/2026;09:00;18.4;6;AVERSES;5;15.1;0
Montdidier;49.65;2.57;29/07/2026;10:00;19.7;6;AVERSES;5;18.4;0
Montdidier;49.65;2.57;29/07/2026;11:00;;6;AVERSES;;22.0;0
Montdidier;49.65;2.57;29/07/2026;12:00;;6;AVERSES;;26.3;0
Montdidier;49.65;2.57;29/07/2026;13:00;;6;AVERSES;;29.9;0
Montdidier;49.65;2.57;29/07/2026;14:00;25.1;6;AVERSES;5;33.1;0
Montdidier;49.65;2.57;29/07/2026;15:00;26.4;6;AVERSES;5;36.0;0
Montdidier;49.65;2.57;29/07/2026;16:00;25.1;6;AVERSES;5;38.5;0
Montdidier;49.65;2.57;29/07/2026;17:00;;6;AVERSES;;41.4;0
Montdidier;49.65;2.57;29/07/2026;18:00;;6;AVERSES;;43.2;0
Montdidier;49.65;2.57;29/07/2026;19:00;;6;AVERSES;;43.9;0
Montdidier;49.65;2.57;29/07/2026;20:00;19.7;6;AVERSES;5;43.6;0
Montdidier;49.65;2.57;29/07/2026;21:00;18.4;6;AVERSES;5;41.0;0
Montdidier;49.65;2.57;29/07/2026;22:00;17.1;6;AVERSES;5;36.7;0
Montdidier;49.65;2.57;29/07/2026;23:00;15.7;6;AVERSES;5;31.0;0
Montdidier;49.65;2.57;30/07/2026;00:00;12;0;SOLEIL;5;25.1;0
Montdidier;49.65;2.57;30/07/2026;01:00;12;0;SOLEIL;5;20.0;0
Montdidier;49.65;2.57;30/07/2026;02:00;12;0;SOLEIL;5;17.3;0
Montdidier;49.65;2.57;30/07/2026;03:00;12;0;SOLEIL;5;16.6;0
Montdidier;49.65;2.57;30/07/2026;04:00;12;0;SOLEIL;5;16.9;0
Montdidier;49.65;2.57;30/07/2026;05:00;12;0;SOLEIL;5;0.0;0
Montdidier;49.65;2.57;30/07/2026;06:00;12;0;SOLEIL;5;0.0;0
Montdidier;49.65;2.57;30/07/2026;07:00;13.1;0;SOLEIL;5;0.0;0
Montdidier;49.65;2.57;30/07/2026;08:00;14.2;0;SOLEIL;5;0.0;0
Montdidier;49.65;2.57;30/07/2026;09:00;15.3;0;SOLEIL;5;0.0;0
Montdidier;49.65;2.57;30/07/2026;10:00;16.4;0;SOLEIL;5;0.0;0
Montdidier;49.65;2.57;30/07/2026;11:00;17.6;0;SOLEIL;5;0.0;0
Montdidier;49.65;2.57;30/07/2026;12:00;18.7;0;SOLEIL;5;0.0;0
Montdidier;49.65;2.57;30/07/2026;13:00;19.8;0;SOLEIL;5;0.0;0
Montdidier;49.65;2.57;30/07/2026;14:00;20.9;0;SOLEIL;5;0.0;0
Montdidier;49.65;2.57;30/07/2026;15:00;22.0;0;SOLEIL;5;0.0;0
Montdidier;49.65;2.57;30/07/2026;16:00;20.9;0;SOLEIL;5;0.0;0
Montdidier;49.65;2.57;30/07/2026;17:00;19.8;0;SOLEIL;5;0.0;0
Montdidier;49.65;2.57;30/07/2026;18:00;18.7;0;SOLEIL;5;0.0;0
Montdidier;49.65;2.57;30/07/2026;19:00;17.6;0;SOLEIL;5;0.0;0
Montdidier;49.65;2.57;30/07/2026;20:00;16.4;0;SOLEIL;5;0.0;0
Montdidier;49.65;2.57;30/07/2026;21:00;15.3;0;SOLEIL;5;0.0;0
Montdidier;49.65;2.57;30/07/2026;22:00;14.2;0;SOLEIL;5;0.0;0
Montdidier;49.65;2.57;30/07/2026;23:00;13.1;0;SOLEIL;5;0.0;0
Montdidier;49.65;2.57;31/07/2026;00:00;12;0;SOLEIL;5;0.0;0
Montdidier;49.65;2.57;31/07/2026;01:00;12;0;SOLEIL;5;0.0;0
Montdidier;49.65;2.57;31/07/2026;02:00;12;0;SOLEIL;5;0.0;0
Montdidier;49.65;2.57;31/07/2026;03:00;12;0;SOLEIL;5;0.0;0
Montdidier;49.65;2.57;31/07/2026;04:00;12;0;SOLEIL;5;0.0;0
Montdidier;49.65;2.57;31/07/2026;05:00;12;0;SOLEIL;5;0.0;0
Montdidier;49.65;2.57;31/07/2026;06:00;12;0;SOLEIL;5;0.0;0
Montdidier;49.65;2.57;31/07/2026;07:00;13.1;0;SOLEIL;5;0.0;0
Montdidier;49.65;2.57;31/07/2026;08:00;14.2;0;SOLEIL;5;0.0;0
Montdidier;49.65;2.57;31/07/2026;09:00;15.3;0;SOLEIL;5;0.0;0
Montdidier;49.65;2.57;31/07/2026;10:00;16.4;0;SOLEIL;5;0.0;0
Montdidier;49.65;2.57;31/07/2026;11:00;17.6;0;SOLEIL;5;0.0;0
Montdidier;49.65;2.57;31/07/2026;12:00;18.7;0;SOLEIL;5;0.0;0
Montdidier;49.65;2.57;31/07/2026;13:00;19.8;0;SOLEIL;5;0.0;0
Montdidier;49.65;2.57;31/07/2026;14:00;20.9;0;SOLEIL;5;0.0;0
Montdidier;49.65;2.57;31/07/2026;15:00;22.0;0;SOLEIL;5;0.0;0
Montdidier;49.65;2.57;31/07/2026;16:00;20.9;0;SOLEIL;5;0.0;0
Montdidier;49.65;2.57;31/07/2026;17:00;19.8;0;SOLEIL;5;0.0;0
Montdidier;49.65;2.57;31/07/2026;18:00;18.7;0;SOLEIL;5;0.0;0
Montdidier;49.65;2.57;31/07/2026;19:00;17.6;0;SOLEIL;5;0.0;0
Montdidier;49.65;2.57;31/07/2026;20:00;16.4;0;SOLEIL;5;0.0;0
Montdidier;49.65;2.57;31/07/2026;21:00;15.3;0;SOLEIL;5;0.0;0
Montdidier;49.65;2.57;31/07/2026;22:00;14.2;0;SOLEIL;5;0.0;0
Montdidier;49.65;2.57;31/07/2026;23:00;13.1;0;SOLEIL;5;0.0;0
Boulogne-sur-Mer;50.726;1.614;16/07/2026;00:00;19.1;0;SOLEIL;5;35.3;0
Boulogne-sur-Mer;50.726;1.614;16/07/2026;01:00;19.6;0;SOLEIL;5;31.7;0
Boulogne-sur-Mer;50.726;1.614;16/07/2026;02:00;20.1;0;SOLEIL;5;26.3;0
Boulogne-sur-Mer;50.726;1.614;16/07/2026;03:00;19.4;0;SOLEIL;4;26.3;0
Boulogne-sur-Mer;50.726;1.614;16/07/2026;04:00;18.6;0;SOLEIL;4;28.4;0
Boulogne-sur-Mer;50.726;1.614;16/07/2026;05:00;18.6;0;SOLEIL;4;30.2;0
Boulogne-sur-Mer;50.726;1.614;16/07/2026;06:00;19.6;0;SOLEIL;4;29.9;0
Boulogne-sur-Mer;50.726;1.614;16/07/2026;07:00;21.1;0;SOLEIL;4;27.4;0
Boulogne-sur-Mer;50.726;1.614;16/07/2026;08:00;23;0;SOLEIL;4;27.0;0
Boulogne-sur-Mer;50.726;1.614;16/07/2026;09:00;23.9;0;SOLEIL;5;31.0;0
Boulogne-sur-Mer;50.726;1.614;16/07/2026;10:00;24.1;0;SOLEIL;5;34.9;0
Boulogne-sur-Mer;50.726;1.614;16/07/2026;11:00;23.9;0;SOLEIL;6;34.9;0
Boulogne-sur-Mer;50.726;1.614;16/07/2026;12:00;24.2;0;SOLEIL;6;35.3;0
Boulogne-sur-Mer;50.726;1.614;16/07/2026;13:00;23.4;0;SOLEIL;6;37.1;0
Boulogne-sur-Mer;50.726;1.614;16/07/2026;14:00;23.2;0;SOLEIL;6;40.7;0
Boulogne-sur-Mer;50.726;1.614;16/07/2026;15:00;23.6;0;SOLEIL;6;45.7;0
Boulogne-sur-Mer;50.726;1.614;16/07/2026;16:00;23.2;0;SOLEIL;6;47.5;0
Boulogne-sur-Mer;50.726;1.614;16/07/2026;17:00;22.6;0;SOLEIL;6;46.8;0
Boulogne-sur-Mer;50.726;1.614;16/07/2026;18:00;21.4;0;SOLEIL;6;47.9;0
Boulogne-sur-Mer;50.726;1.614;16/07/2026;19:00;19.6;0;SOLEIL;5;46.4;0
Boulogne-sur-Mer;50.726;1.614;16/07/2026;20:00;18.2;0;SOLEIL;5;42.8;0
Boulogne-sur-Mer;50.726;1.614;16/07/2026;21:00;18;0;SOLEIL;4;38.9;0
Boulogne-sur-Mer;50.726;1.614;16/07/2026;22:00;18.1;0;SOLEIL;4;34.6;0
Boulogne-sur-Mer;50.726;1.614;16/07/2026;23:00;17.4;0;SOLEIL;3;33.5;0
Boulogne-sur-Mer;50.726;1.614;17/07/2026;00:00;17.1;0;SOLEIL;3;30.6;0
Boulogne-sur-Mer;50.726;1.614;17/07/2026;01:00;17.1;0;SOLEIL;3;22.0;0
Boulogne-sur-Mer;50.726;1.614;17/07/2026;02:00;17.4;0;SOLEIL;5;19.8;0
Boulogne-sur-Mer;50.726;1.614;17/07/2026;03:00;17.4;0;SOLEIL;5;16.9;0
Boulogne-sur-Mer;50.726;1.614;17/07/2026;04:00;17.4;0;SOLEIL;5;16.9;0
Boulogne-sur-Mer;50.726;1.614;17/07/2026;05:00;18;0;SOLEIL;6;16.9;0
Boulogne-sur-Mer;50.726;1.614;17/07/2026;06:00;18;0;SOLEIL;6;17.3;0
Boulogne-sur-Mer;50.726;1.614;17/07/2026;07:00;18;0;SOLEIL;6;18.7;0
Boulogne-sur-Mer;50.726;1.614;17/07/2026;08:00;19.2;0;SOLEIL;6;27.4;0
Boulogne-sur-Mer;50.726;1.614;17/07/2026;09:00;19.2;0;SOLEIL;6;28.1;0
Boulogne-sur-Mer;50.726;1.614;17/07/2026;10:00;19.2;0;SOLEIL;6;28.3;0
Boulogne-sur-Mer;50.726;1.614;17/07/2026;11:00;21.2;0;SOLEIL;6;28.5;0
Boulogne-sur-Mer;50.726;1.614;17/07/2026;12:00;21.2;0;SOLEIL;6;27.0;0
Boulogne-sur-Mer;50.726;1.614;17/07/2026;13:00;21.2;0;SOLEIL;6;25.9;0
Boulogne-sur-Mer;50.726;1.614;17/07/2026;14:00;23.2;0;SOLEIL;5;25.2;0
Boulogne-sur-Mer;50.726;1.614;17/07/2026;15:00;23.2;0;SOLEIL;5;25.2;0
Boulogne-sur-Mer;50.726;1.614;17/07/2026;16:00;23.2;0;SOLEIL;5;23.4;0
Boulogne-sur-Mer;50.726;1.614;17/07/2026;17:00;23;0;SOLEIL;5;23.4;0
Boulogne-sur-Mer;50.726;1.614;17/07/2026;18:00;23;0;SOLEIL;5;24.1;0
Boulogne-sur-Mer;50.726;1.614;17/07/2026;19:00;23;0;SOLEIL;5;24.8;0
Boulogne-sur-Mer;50.726;1.614;17/07/2026;20:00;18.6;0;SOLEIL;4;22.7;0
Boulogne-sur-Mer;50.726;1.614;17/07/2026;21:00;18.6;0;SOLEIL;4;17.6;0
Boulogne-sur-Mer;50.726;1.614;17/07/2026;22:00;18.6;0;SOLEIL;4;13.7;0
Boulogne-sur-Mer;50.726;1.614;17/07/2026;23:00;16.6;0;SOLEIL;4;15.8;0
Boulogne-sur-Mer;50.726;1.614;18/07/2026;00:00;16.6;0;SOLEIL;4;15.8;0
Boulogne-sur-Mer;50.726;1.614;18/07/2026;01:00;16.6;0;SOLEIL;4;15.5;0
Boulogne-sur-Mer;50.726;1.614;18/07/2026;02:00;15;0;SOLEIL;5;16.9;0
Boulogne-sur-Mer;50.726;1.614;18/07/2026;03:00;15;0;SOLEIL;5;15.5;0
Boulogne-sur-Mer;50.726;1.614;18/07/2026;04:00;15;0;SOLEIL;5;14.0;0
Boulogne-sur-Mer;50.726;1.614;18/07/2026;05:00;16.7;0;SOLEIL;5;22.0;0
Boulogne-sur-Mer;50.726;1.614;18/07/2026;06:00;16.7;0;SOLEIL;5;22.0;0
Boulogne-sur-Mer;50.726;1.614;18/07/2026;07:00;16.7;0;SOLEIL;5;24.1;0
Boulogne-sur-Mer;50.726;1.614;18/07/2026;08:00;16.4;0;SOLEIL;5;27.4;0
Boulogne-sur-Mer;50.726;1.614;18/07/2026;09:00;16.4;0;SOLEIL;5;31.7;0
Boulogne-sur-Mer;50.726;1.614;18/07/2026;10:00;16.4;0;SOLEIL;5;35.6;0
Boulogne-sur-Mer;50.726;1.614;18/07/2026;11:00;18.6;0;SOLEIL;6;36.0;0
Boulogne-sur-Mer;50.726;1.614;18/07/2026;12:00;18.6;0;SOLEIL;6;38.2;0
Boulogne-sur-Mer;50.726;1.614;18/07/2026;13:00;18.6;0;SOLEIL;6;40.3;0
Boulogne-sur-Mer;50.726;1.614;18/07/2026;14:00;20.6;0;SOLEIL;5;40.3;0
Boulogne-sur-Mer;50.726;1.614;18/07/2026;15:00;20.6;0;SOLEIL;5;41.0;0
Boulogne-sur-Mer;50.726;1.614;18/07/2026;16:00;20.6;0;SOLEIL;5;41.8;0
Boulogne-sur-Mer;50.726;1.614;18/07/2026;17:00;20.5;0;SOLEIL;6;41.8;0
Boulogne-sur-Mer;50.726;1.614;18/07/2026;18:00;20.5;0;SOLEIL;6;41.4;0
Boulogne-sur-Mer;50.726;1.614;18/07/2026;19:00;20.5;0;SOLEIL;6;40.7;0
Boulogne-sur-Mer;50.726;1.614;18/07/2026;20:00;17.8;0;SOLEIL;5;38.9;0
Boulogne-sur-Mer;50.726;1.614;18/07/2026;21:00;17.0;0;SOLEIL;5;35.6;0
Boulogne-sur-Mer;50.726;1.614;18/07/2026;22:00;16.2;0;SOLEIL;5;31.3;0
Boulogne-sur-Mer;50.726;1.614;18/07/2026;23:00;16.1;0;SOLEIL;4;25.9;0
Boulogne-sur-Mer;50.726;1.614;19/07/2026;00:00;16.1;0;SOLEIL;4;17.6;0
Boulogne-sur-Mer;50.726;1.614;19/07/2026;01:00;16.1;0;SOLEIL;4;8.3;0
Boulogne-sur-Mer;50.726;1.614;19/07/2026;02:00;14.4;0;SOLEIL;5;4.0;0
Boulogne-sur-Mer;50.726;1.614;19/07/2026;03:00;14.4;0;SOLEIL;5;9.4;0
Boulogne-sur-Mer;50.726;1.614;19/07/2026;04:00;14.4;0;SOLEIL;5;20.2;0
Boulogne-sur-Mer;50.726;1.614;19/07/2026;05:00;15.6;0;SOLEIL;7;28.8;0
Boulogne-sur-Mer;50.726;1.614;19/07/2026;06:00;15.6;0;SOLEIL;7;33.1;0
Boulogne-sur-Mer;50.726;1.614;19/07/2026;07:00;15.6;0;SOLEIL;7;35.6;0
Boulogne-sur-Mer;50.726;1.614;19/07/2026;08:00;15.6;0;SOLEIL;5;37.4;0
Boulogne-sur-Mer;50.726;1.614;19/07/2026;09:00;16.2;0;SOLEIL;5;39.2;0
Boulogne-sur-Mer;50.726;1.614;19/07/2026;10:00;16.8;0;SOLEIL;5;40.7;0
Boulogne-sur-Mer;50.726;1.614;19/07/2026;11:00;18;0;SOLEIL;7;41.8;0
Boulogne-sur-Mer;50.726;1.614;19/07/2026;12:00;18;0;SOLEIL;7;42.8;0
Boulogne-sur-Mer;50.726;1.614;19/07/2026;13:00;18;0;SOLEIL;7;43.9;0
Boulogne-sur-Mer;50.726;1.614;19/07/2026;14:00;19.1;0;SOLEIL;5;44.3;0
Boulogne-sur-Mer;50.726;1.614;19/07/2026;15:00;19.7;0;SOLEIL;5;43.6;0
Boulogne-sur-Mer;50.726;1.614;19/07/2026;16:00;19.1;0;SOLEIL;5;41.8;0
Boulogne-sur-Mer;50.726;1.614;19/07/2026;17:00;17.9;0;SOLEIL;7;40.3;0
Boulogne-sur-Mer;50.726;1.614;19/07/2026;18:00;17.9;0;SOLEIL;7;38.9;0
Boulogne-sur-Mer;50.726;1.614;19/07/2026;19:00;17.9;0;SOLEIL;7;37.4;0
Boulogne-sur-Mer;50.726;1.614;19/07/2026;20:00;16.8;0;SOLEIL;5;35.6;0
Boulogne-sur-Mer;50.726;1.614;19/07/2026;21:00;16.2;0;SOLEIL;5;32.8;0
Boulogne-sur-Mer;50.726;1.614;19/07/2026;22:00;15.6;0;SOLEIL;5;29.5;0
Boulogne-sur-Mer;50.726;1.614;19/07/2026;23:00;14.5;0;SOLEIL;5;26.3;0
Boulogne-sur-Mer;50.726;1.614;20/07/2026;00:00;14.5;0;SOLEIL;5;23.0;0
Boulogne-sur-Mer;50.726;1.614;20/07/2026;01:00;14.5;0;SOLEIL;5;20.2;0
Boulogne-sur-Mer;50.726;1.614;20/07/2026;02:00;14;0;SOLEIL;5;18.0;0
Boulogne-sur-Mer;50.726;1.614;20/07/2026;03:00;14;0;SOLEIL;5;16.6;0
Boulogne-sur-Mer;50.726;1.614;20/07/2026;04:00;14;0;SOLEIL;5;16.2;0
Boulogne-sur-Mer;50.726;1.614;20/07/2026;05:00;15.9;0;SOLEIL;6;16.9;0
Boulogne-sur-Mer;50.726;1.614;20/07/2026;06:00;15.9;0;SOLEIL;6;20.1;0
Boulogne-sur-Mer;50.726;1.614;20/07/2026;07:00;15.9;0;SOLEIL;6;24.5;0
Boulogne-sur-Mer;50.726;1.614;20/07/2026;08:00;15.3;0;SOLEIL;5;27.6;0
Boulogne-sur-Mer;50.726;1.614;20/07/2026;09:00;16.0;0;SOLEIL;5;34.6;0
Boulogne-sur-Mer;50.726;1.614;20/07/2026;10:00;16.7;0;SOLEIL;5;36.4;0
Boulogne-sur-Mer;50.726;1.614;20/07/2026;11:00;18.1;0;SOLEIL;7;38.2;0
Boulogne-sur-Mer;50.726;1.614;20/07/2026;12:00;18.1;0;SOLEIL;7;39.6;0
Boulogne-sur-Mer;50.726;1.614;20/07/2026;13:00;18.1;0;SOLEIL;7;40.7;0
Boulogne-sur-Mer;50.726;1.614;20/07/2026;14:00;19.3;0;SOLEIL;5;41.8;0
Boulogne-sur-Mer;50.726;1.614;20/07/2026;15:00;20.0;0;SOLEIL;5;42.5;0
Boulogne-sur-Mer;50.726;1.614;20/07/2026;16:00;19.3;0;SOLEIL;5;43.2;0
Boulogne-sur-Mer;50.726;1.614;20/07/2026;17:00;18.1;0;SOLEIL;6;43.6;0
Boulogne-sur-Mer;50.726;1.614;20/07/2026;18:00;18.1;0;SOLEIL;6;43.2;0
Boulogne-sur-Mer;50.726;1.614;20/07/2026;19:00;18.1;0;SOLEIL;6;42.5;0
Boulogne-sur-Mer;50.726;1.614;20/07/2026;20:00;16.7;0;SOLEIL;5;41.0;0
Boulogne-sur-Mer;50.726;1.614;20/07/2026;21:00;16.0;0;SOLEIL;5;38.5;0
Boulogne-sur-Mer;50.726;1.614;20/07/2026;22:00;15.3;0;SOLEIL;5;34.9;0
Boulogne-sur-Mer;50.726;1.614;20/07/2026;23:00;15.4;0;SOLEIL;5;31.3;0
Boulogne-sur-Mer;50.726;1.614;21/07/2026;00:00;15.4;0;SOLEIL;5;27.7;0
Boulogne-sur-Mer;50.726;1.614;21/07/2026;01:00;15.4;0;SOLEIL;5;23.8;0
Boulogne-sur-Mer;50.726;1.614;21/07/2026;02:00;14.7;0;SOLEIL;5;20.9;0
Boulogne-sur-Mer;50.726;1.614;21/07/2026;03:00;14.7;0;SOLEIL;5;19.1;0
Boulogne-sur-Mer;50.726;1.614;21/07/2026;04:00;14.7;0;SOLEIL;5;17.6;0
Boulogne-sur-Mer;50.726;1.614;21/07/2026;05:00;16.5;0;SOLEIL;6;17.6;0
Boulogne-sur-Mer;50.726;1.614;21/07/2026;06:00;16.5;0;SOLEIL;6;18.7;0
Boulogne-sur-Mer;50.726;1.614;21/07/2026;07:00;16.5;0;SOLEIL;6;20.9;0
Boulogne-sur-Mer;50.726;1.614;21/07/2026;08:00;16.0;0;SOLEIL;5;23.0;0
Boulogne-sur-Mer;50.726;1.614;21/07/2026;09:00;16.6;0;SOLEIL;5;24.5;0
Boulogne-sur-Mer;50.726;1.614;21/07/2026;10:00;17.2;0;SOLEIL;5;25.9;0
Boulogne-sur-Mer;50.726;1.614;21/07/2026;11:00;18.7;6;AVERSES;7;27.4;0
Boulogne-sur-Mer;50.726;1.614;21/07/2026;12:00;18.7;6;AVERSES;7;29.5;0
Boulogne-sur-Mer;50.726;1.614;21/07/2026;13:00;18.7;6;AVERSES;7;31.7;0
Boulogne-sur-Mer;50.726;1.614;21/07/2026;14:00;19.8;0;SOLEIL;5;33.8;0
Boulogne-sur-Mer;50.726;1.614;21/07/2026;15:00;20.4;0;SOLEIL;5;36.0;0
Boulogne-sur-Mer;50.726;1.614;21/07/2026;16:00;19.8;0;SOLEIL;5;37.8;0
Boulogne-sur-Mer;50.726;1.614;21/07/2026;17:00;19.2;0;SOLEIL;6;38.9;0
Boulogne-sur-Mer;50.726;1.614;21/07/2026;18:00;19.2;0;SOLEIL;6;39.6;0
Boulogne-sur-Mer;50.726;1.614;21/07/2026;19:00;19.2;0;SOLEIL;6;39.6;0
Boulogne-sur-Mer;50.726;1.614;21/07/2026;20:00;17.2;0;SOLEIL;5;38.5;0
Boulogne-sur-Mer;50.726;1.614;21/07/2026;21:00;16.6;0;SOLEIL;5;36.4;0
Boulogne-sur-Mer;50.726;1.614;21/07/2026;22:00;16.0;0;SOLEIL;5;32.8;0
Boulogne-sur-Mer;50.726;1.614;21/07/2026;23:00;16.6;0;SOLEIL;4;28.8;0
Boulogne-sur-Mer;50.726;1.614;22/07/2026;00:00;16.6;0;SOLEIL;4;23.0;0
Boulogne-sur-Mer;50.726;1.614;22/07/2026;01:00;16.6;0;SOLEIL;4;16.2;0
Boulogne-sur-Mer;50.726;1.614;22/07/2026;02:00;15.7;0;SOLEIL;5;11.9;0
Boulogne-sur-Mer;50.726;1.614;22/07/2026;03:00;15.7;0;SOLEIL;5;11.5;0
Boulogne-sur-Mer;50.726;1.614;22/07/2026;04:00;15.7;0;SOLEIL;5;13.7;0
Boulogne-sur-Mer;50.726;1.614;22/07/2026;05:00;17.6;0;SOLEIL;4;15.5;0
Boulogne-sur-Mer;50.726;1.614;22/07/2026;06:00;17.6;0;SOLEIL;4;16.2;0
Boulogne-sur-Mer;50.726;1.614;22/07/2026;07:00;17.6;0;SOLEIL;4;16.9;0
Boulogne-sur-Mer;50.726;1.614;22/07/2026;08:00;16.9;0;SOLEIL;5;18.4;0
Boulogne-sur-Mer;50.726;1.614;22/07/2026;09:00;17.5;0;SOLEIL;5;20.9;0
Boulogne-sur-Mer;50.726;1.614;22/07/2026;10:00;18.1;0;SOLEIL;5;24.1;0
Boulogne-sur-Mer;50.726;1.614;22/07/2026;11:00;20.1;0;SOLEIL;5;27.0;0
Boulogne-sur-Mer;50.726;1.614;22/07/2026;12:00;20.1;0;SOLEIL;5;27.1;0
Boulogne-sur-Mer;50.726;1.614;22/07/2026;13:00;20.1;0;SOLEIL;5;27.0;0
Boulogne-sur-Mer;50.726;1.614;22/07/2026;14:00;20.5;0;SOLEIL;5;26.5;0
Boulogne-sur-Mer;50.726;1.614;22/07/2026;15:00;21.1;0;SOLEIL;5;26.3;0
Boulogne-sur-Mer;50.726;1.614;22/07/2026;16:00;20.5;0;SOLEIL;5;28.4;0
Boulogne-sur-Mer;50.726;1.614;22/07/2026;17:00;19.5;0;SOLEIL;6;31.0;0
Boulogne-sur-Mer;50.726;1.614;22/07/2026;18:00;19.5;0;SOLEIL;6;33.1;0
Boulogne-sur-Mer;50.726;1.614;22/07/2026;19:00;19.5;0;SOLEIL;6;34.9;0
Boulogne-sur-Mer;50.726;1.614;22/07/2026;20:00;18.1;0;SOLEIL;5;35.6;0
Boulogne-sur-Mer;50.726;1.614;22/07/2026;21:00;17.5;0;SOLEIL;5;35.3;0
Boulogne-sur-Mer;50.726;1.614;22/07/2026;22:00;16.9;0;SOLEIL;5;33.8;0
Boulogne-sur-Mer;50.726;1.614;22/07/2026;23:00;17.2;0;SOLEIL;4;32.0;0
Boulogne-sur-Mer;50.726;1.614;23/07/2026;00:00;17.2;0;SOLEIL;4;29.9;0
Boulogne-sur-Mer;50.726;1.614;23/07/2026;01:00;17.2;0;SOLEIL;4;27.7;0
Boulogne-sur-Mer;50.726;1.614;23/07/2026;02:00;16.2;0;SOLEIL;5;26.3;0
Boulogne-sur-Mer;50.726;1.614;23/07/2026;03:00;16.2;0;SOLEIL;5;25.2;0
Boulogne-sur-Mer;50.726;1.614;23/07/2026;04:00;16.2;0;SOLEIL;5;24.1;0
Boulogne-sur-Mer;50.726;1.614;23/07/2026;05:00;17.6;0;SOLEIL;6;23.4;0
Boulogne-sur-Mer;50.726;1.614;23/07/2026;06:00;17.6;0;SOLEIL;6;22.7;0
Boulogne-sur-Mer;50.726;1.614;23/07/2026;07:00;17.6;0;SOLEIL;6;22.7;0
Boulogne-sur-Mer;50.726;1.614;23/07/2026;08:00;17.8;0;SOLEIL;5;23.0;0
Boulogne-sur-Mer;50.726;1.614;23/07/2026;09:00;18.6;0;SOLEIL;5;24.5;0
Boulogne-sur-Mer;50.726;1.614;23/07/2026;10:00;19.4;0;SOLEIL;5;26.6;0
Boulogne-sur-Mer;50.726;1.614;23/07/2026;11:00;22.6;0;SOLEIL;6;29.5;0
Boulogne-sur-Mer;50.726;1.614;23/07/2026;12:00;22.6;0;SOLEIL;6;32.4;0
Boulogne-sur-Mer;50.726;1.614;23/07/2026;13:00;22.6;0;SOLEIL;6;34.9;0
Boulogne-sur-Mer;50.726;1.614;23/07/2026;14:00;22.6;0;SOLEIL;5;36.4;0
Boulogne-sur-Mer;50.726;1.614;23/07/2026;15:00;23.4;0;SOLEIL;5;37.1;0
Boulogne-sur-Mer;50.726;1.614;23/07/2026;16:00;22.6;0;SOLEIL;5;37.8;0
Boulogne-sur-Mer;50.726;1.614;23/07/2026;17:00;21.2;0;SOLEIL;6;37.8;0
Boulogne-sur-Mer;50.726;1.614;23/07/2026;18:00;21.2;0;SOLEIL;6;37.4;0
Boulogne-sur-Mer;50.726;1.614;23/07/2026;19:00;21.2;0;SOLEIL;6;36.7;0
Boulogne-sur-Mer;50.726;1.614;23/07/2026;20:00;19.4;0;SOLEIL;5;36.0;0
Boulogne-sur-Mer;50.726;1.614;23/07/2026;21:00;18.6;0;SOLEIL;5;34.9;0
Boulogne-sur-Mer;50.726;1.614;23/07/2026;22:00;17.8;0;SOLEIL;5;33.1;0
Boulogne-sur-Mer;50.726;1.614;23/07/2026;23:00;17.9;0;SOLEIL;4;31.0;0
Boulogne-sur-Mer;50.726;1.614;24/07/2026;00:00;17.9;0;SOLEIL;4;28.8;0
Boulogne-sur-Mer;50.726;1.614;24/07/2026;01:00;17.9;0;SOLEIL;4;27.0;0
Boulogne-sur-Mer;50.726;1.614;24/07/2026;02:00;16.6;0;SOLEIL;5;25.6;0
Boulogne-sur-Mer;50.726;1.614;24/07/2026;03:00;16.6;0;SOLEIL;5;24.5;0
Boulogne-sur-Mer;50.726;1.614;24/07/2026;04:00;16.6;0;SOLEIL;5;23.8;0
Boulogne-sur-Mer;50.726;1.614;24/07/2026;05:00;17.9;0;SOLEIL;4;23.0;0
Boulogne-sur-Mer;50.726;1.614;24/07/2026;06:00;17.9;0;SOLEIL;4;22.7;0
Boulogne-sur-Mer;50.726;1.614;24/07/2026;07:00;17.9;0;SOLEIL;4;22.7;0
Boulogne-sur-Mer;50.726;1.614;24/07/2026;08:00;18.2;0;SOLEIL;5;23.8;0
Boulogne-sur-Mer;50.726;1.614;24/07/2026;09:00;18.9;0;SOLEIL;5;25.6;0
Boulogne-sur-Mer;50.726;1.614;24/07/2026;10:00;19.7;0;SOLEIL;5;28.8;0
Boulogne-sur-Mer;50.726;1.614;24/07/2026;11:00;22.7;0;SOLEIL;6;32.0;0
Boulogne-sur-Mer;50.726;1.614;24/07/2026;12:00;22.7;0;SOLEIL;6;35.6;0
Boulogne-sur-Mer;50.726;1.614;24/07/2026;13:00;22.7;0;SOLEIL;6;38.9;0
Boulogne-sur-Mer;50.726;1.614;24/07/2026;14:00;22.8;0;SOLEIL;5;41.0;0
Boulogne-sur-Mer;50.726;1.614;24/07/2026;15:00;23.6;0;SOLEIL;5;42.5;0
Boulogne-sur-Mer;50.726;1.614;24/07/2026;16:00;22.8;0;SOLEIL;5;43.2;0
Boulogne-sur-Mer;50.726;1.614;24/07/2026;17:00;20.9;0;SOLEIL;6;43.6;0
Boulogne-sur-Mer;50.726;1.614;24/07/2026;18:00;20.9;0;SOLEIL;6;43.6;0
Boulogne-sur-Mer;50.726;1.614;24/07/2026;19:00;20.9;0;SOLEIL;6;43.2;0
Boulogne-sur-Mer;50.726;1.614;24/07/2026;20:00;19.7;0;SOLEIL;5;42.8;0
Boulogne-sur-Mer;50.726;1.614;24/07/2026;21:00;18.9;0;SOLEIL;5;42.1;0
Boulogne-sur-Mer;50.726;1.614;24/07/2026;22:00;18.2;0;SOLEIL;5;41.0;0
Boulogne-sur-Mer;50.726;1.614;24/07/2026;23:00;17.1;0;SOLEIL;6;39.6;0
Boulogne-sur-Mer;50.726;1.614;25/07/2026;00:00;17.1;0;SOLEIL;6;38.5;0
Boulogne-sur-Mer;50.726;1.614;25/07/2026;01:00;17.1;0;SOLEIL;6;37.1;0
Boulogne-sur-Mer;50.726;1.614;25/07/2026;02:00;16;0;SOLEIL;5;36.0;0
Boulogne-sur-Mer;50.726;1.614;25/07/2026;03:00;16;0;SOLEIL;5;34.9;0
Boulogne-sur-Mer;50.726;1.614;25/07/2026;04:00;16;0;SOLEIL;5;33.8;0
Boulogne-sur-Mer;50.726;1.614;25/07/2026;05:00;;0;SOLEIL;;32.8;0
Boulogne-sur-Mer;50.726;1.614;25/07/2026;06:00;;0;SOLEIL;;31.7;0
Boulogne-sur-Mer;50.726;1.614;25/07/2026;07:00;;0;SOLEIL;;31.7;0
Boulogne-sur-Mer;50.726;1.614;25/07/2026;08:00;16.9;0;SOLEIL;5;32.0;0
Boulogne-sur-Mer;50.726;1.614;25/07/2026;09:00;17.4;0;SOLEIL;5;33.8;0
Boulogne-sur-Mer;50.726;1.614;25/07/2026;10:00;17.8;0;SOLEIL;5;36.4;0
Boulogne-sur-Mer;50.726;1.614;25/07/2026;11:00;;0;SOLEIL;;39.6;0
Boulogne-sur-Mer;50.726;1.614;25/07/2026;12:00;;0;SOLEIL;;42.8;0
Boulogne-sur-Mer;50.726;1.614;25/07/2026;13:00;;0;SOLEIL;;46.1;0
Boulogne-sur-Mer;50.726;1.614;25/07/2026;14:00;19.6;0;SOLEIL;5;48.2;0
Boulogne-sur-Mer;50.726;1.614;25/07/2026;15:00;20.1;0;SOLEIL;5;50.0;0
Boulogne-sur-Mer;50.726;1.614;25/07/2026;16:00;19.6;0;SOLEIL;5;51.5;0
Boulogne-sur-Mer;50.726;1.614;25/07/2026;17:00;;0;SOLEIL;;52.6;0
Boulogne-sur-Mer;50.726;1.614;25/07/2026;18:00;;0;SOLEIL;;52.9;0
Boulogne-sur-Mer;50.726;1.614;25/07/2026;19:00;;0;SOLEIL;;53.3;0
Boulogne-sur-Mer;50.726;1.614;25/07/2026;20:00;17.8;0;SOLEIL;5;52.6;0
Boulogne-sur-Mer;50.726;1.614;25/07/2026;21:00;17.4;0;SOLEIL;5;50.8;0
Boulogne-sur-Mer;50.726;1.614;25/07/2026;22:00;16.9;0;SOLEIL;5;47.9;0
Boulogne-sur-Mer;50.726;1.614;25/07/2026;23:00;;6;AVERSES;;44.6;0
Boulogne-sur-Mer;50.726;1.614;26/07/2026;00:00;;6;AVERSES;;41.0;0
Boulogne-sur-Mer;50.726;1.614;26/07/2026;01:00;;6;AVERSES;;38.2;0
Boulogne-sur-Mer;50.726;1.614;26/07/2026;02:00;16.2;6;AVERSES;5;36.7;0
Boulogne-sur-Mer;50.726;1.614;26/07/2026;03:00;16.2;6;AVERSES;5;36.7;0
Boulogne-sur-Mer;50.726;1.614;26/07/2026;04:00;16.2;6;AVERSES;5;37.8;0
Boulogne-sur-Mer;50.726;1.614;26/07/2026;05:00;;6;AVERSES;;39.2;0
Boulogne-sur-Mer;50.726;1.614;26/07/2026;06:00;;6;AVERSES;;41.0;0
Boulogne-sur-Mer;50.726;1.614;26/07/2026;07:00;;6;AVERSES;;42.8;0
Boulogne-sur-Mer;50.726;1.614;26/07/2026;08:00;17.2;6;AVERSES;5;43.9;0
Boulogne-sur-Mer;50.726;1.614;26/07/2026;09:00;17.7;6;AVERSES;5;44.6;0
Boulogne-sur-Mer;50.726;1.614;26/07/2026;10:00;18.2;6;AVERSES;5;45.0;0
Boulogne-sur-Mer;50.726;1.614;26/07/2026;11:00;;6;AVERSES;;45.0;0
Boulogne-sur-Mer;50.726;1.614;26/07/2026;12:00;;6;AVERSES;;45.0;0
Boulogne-sur-Mer;50.726;1.614;26/07/2026;13:00;;6;AVERSES;;45.0;0
Boulogne-sur-Mer;50.726;1.614;26/07/2026;14:00;20.1;6;AVERSES;5;44.3;0
Boulogne-sur-Mer;50.726;1.614;26/07/2026;15:00;20.6;6;AVERSES;5;43.2;0
Boulogne-sur-Mer;50.726;1.614;26/07/2026;16:00;20.1;6;AVERSES;5;42.1;0
Boulogne-sur-Mer;50.726;1.614;26/07/2026;17:00;;6;AVERSES;;40.7;0
Boulogne-sur-Mer;50.726;1.614;26/07/2026;18:00;;6;AVERSES;;38.9;0
Boulogne-sur-Mer;50.726;1.614;26/07/2026;19:00;;6;AVERSES;;37.1;0
Boulogne-sur-Mer;50.726;1.614;26/07/2026;20:00;18.2;6;AVERSES;5;34.9;0
Boulogne-sur-Mer;50.726;1.614;26/07/2026;21:00;17.7;6;AVERSES;5;32.4;0
Boulogne-sur-Mer;50.726;1.614;26/07/2026;22:00;17.2;6;AVERSES;5;29.2;0
Boulogne-sur-Mer;50.726;1.614;26/07/2026;23:00;;6;AVERSES;;25.6;0
Boulogne-sur-Mer;50.726;1.614;27/07/2026;00:00;;6;AVERSES;;22.3;0
Boulogne-sur-Mer;50.726;1.614;27/07/2026;01:00;;6;AVERSES;;20.2;0
Boulogne-sur-Mer;50.726;1.614;27/07/2026;02:00;16.1;6;AVERSES;5;19.4;0
Boulogne-sur-Mer;50.726;1.614;27/07/2026;03:00;16.1;6;AVERSES;5;20.5;0
Boulogne-sur-Mer;50.726;1.614;27/07/2026;04:00;16.1;6;AVERSES;5;23.0;0
Boulogne-sur-Mer;50.726;1.614;27/07/2026;05:00;;6;AVERSES;;26.3;0
Boulogne-sur-Mer;50.726;1.614;27/07/2026;06:00;;6;AVERSES;;29.9;0
Boulogne-sur-Mer;50.726;1.614;27/07/2026;07:00;;6;AVERSES;;33.5;0
Boulogne-sur-Mer;50.726;1.614;27/07/2026;08:00;17.1;6;AVERSES;5;36.4;0
Boulogne-sur-Mer;50.726;1.614;27/07/2026;09:00;17.5;6;AVERSES;5;38.5;0
Boulogne-sur-Mer;50.726;1.614;27/07/2026;10:00;18.0;6;AVERSES;5;40.0;0
Boulogne-sur-Mer;50.726;1.614;27/07/2026;11:00;;6;AVERSES;;41.8;0
Boulogne-sur-Mer;50.726;1.614;27/07/2026;12:00;;6;AVERSES;;43.2;0
Boulogne-sur-Mer;50.726;1.614;27/07/2026;13:00;;6;AVERSES;;44.6;0
Boulogne-sur-Mer;50.726;1.614;27/07/2026;14:00;19.9;6;AVERSES;5;46.1;0
Boulogne-sur-Mer;50.726;1.614;27/07/2026;15:00;20.4;6;AVERSES;5;47.9;0
Boulogne-sur-Mer;50.726;1.614;27/07/2026;16:00;19.9;6;AVERSES;5;50.0;0
Boulogne-sur-Mer;50.726;1.614;27/07/2026;17:00;;6;AVERSES;;52.2;0
Boulogne-sur-Mer;50.726;1.614;27/07/2026;18:00;;6;AVERSES;;54.0;0
Boulogne-sur-Mer;50.726;1.614;27/07/2026;19:00;;6;AVERSES;;55.4;0
Boulogne-sur-Mer;50.726;1.614;27/07/2026;20:00;18.0;6;AVERSES;5;56.5;0
Boulogne-sur-Mer;50.726;1.614;27/07/2026;21:00;17.5;6;AVERSES;5;56.9;0
Boulogne-sur-Mer;50.726;1.614;27/07/2026;22:00;17.1;6;AVERSES;5;57.2;0
Boulogne-sur-Mer;50.726;1.614;27/07/2026;23:00;;6;AVERSES;;56.9;0
Boulogne-sur-Mer;50.726;1.614;28/07/2026;00:00;;6;AVERSES;;56.2;0
Boulogne-sur-Mer;50.726;1.614;28/07/2026;01:00;;6;AVERSES;;54.7;0
Boulogne-sur-Mer;50.726;1.614;28/07/2026;02:00;16.1;6;AVERSES;5;52.6;0
Boulogne-sur-Mer;50.726;1.614;28/07/2026;03:00;16.1;6;AVERSES;5;49.0;0
Boulogne-sur-Mer;50.726;1.614;28/07/2026;04:00;16.1;6;AVERSES;5;43.6;0
Boulogne-sur-Mer;50.726;1.614;28/07/2026;05:00;;6;AVERSES;;37.4;0
Boulogne-sur-Mer;50.726;1.614;28/07/2026;06:00;;6;AVERSES;;31.7;0
Boulogne-sur-Mer;50.726;1.614;28/07/2026;07:00;;6;AVERSES;;27.4;0
Boulogne-sur-Mer;50.726;1.614;28/07/2026;08:00;16.9;6;AVERSES;5;24.8;0
Boulogne-sur-Mer;50.726;1.614;28/07/2026;09:00;17.3;6;AVERSES;5;24.8;0
Boulogne-sur-Mer;50.726;1.614;28/07/2026;10:00;17.7;6;AVERSES;5;27.0;0
Boulogne-sur-Mer;50.726;1.614;28/07/2026;11:00;;6;AVERSES;;30.2;0
Boulogne-sur-Mer;50.726;1.614;28/07/2026;12:00;;6;AVERSES;;34.2;0
Boulogne-sur-Mer;50.726;1.614;28/07/2026;13:00;;6;AVERSES;;37.4;0
Boulogne-sur-Mer;50.726;1.614;28/07/2026;14:00;19.2;6;AVERSES;5;39.6;0
Boulogne-sur-Mer;50.726;1.614;28/07/2026;15:00;19.6;6;AVERSES;5;40.7;0
Boulogne-sur-Mer;50.726;1.614;28/07/2026;16:00;19.2;6;AVERSES;5;41.4;0
Boulogne-sur-Mer;50.726;1.614;28/07/2026;17:00;;6;AVERSES;;41.8;0
Boulogne-sur-Mer;50.726;1.614;28/07/2026;18:00;;6;AVERSES;;41.8;0
Boulogne-sur-Mer;50.726;1.614;28/07/2026;19:00;;6;AVERSES;;41.4;0
Boulogne-sur-Mer;50.726;1.614;28/07/2026;20:00;17.7;6;AVERSES;5;41.0;0
Boulogne-sur-Mer;50.726;1.614;28/07/2026;21:00;17.3;6;AVERSES;5;40.0;0
Boulogne-sur-Mer;50.726;1.614;28/07/2026;22:00;16.9;6;AVERSES;5;38.9;0
Boulogne-sur-Mer;50.726;1.614;28/07/2026;23:00;;6;AVERSES;;37.1;0
Boulogne-sur-Mer;50.726;1.614;29/07/2026;00:00;;6;AVERSES;;35.3;0
Boulogne-sur-Mer;50.726;1.614;29/07/2026;01:00;;6;AVERSES;;33.8;0
Boulogne-sur-Mer;50.726;1.614;29/07/2026;02:00;16.1;6;AVERSES;5;32.4;0
Boulogne-sur-Mer;50.726;1.614;29/07/2026;03:00;16.1;6;AVERSES;5;31.3;0
Boulogne-sur-Mer;50.726;1.614;29/07/2026;04:00;16.1;6;AVERSES;5;30.2;0
Boulogne-sur-Mer;50.726;1.614;29/07/2026;05:00;;6;AVERSES;;29.5;0
Boulogne-sur-Mer;50.726;1.614;29/07/2026;06:00;;6;AVERSES;;28.8;0
Boulogne-sur-Mer;50.726;1.614;29/07/2026;07:00;;6;AVERSES;;28.4;0
Boulogne-sur-Mer;50.726;1.614;29/07/2026;08:00;17.0;6;AVERSES;5;28.4;0
Boulogne-sur-Mer;50.726;1.614;29/07/2026;09:00;17.5;6;AVERSES;5;29.2;0
Boulogne-sur-Mer;50.726;1.614;29/07/2026;10:00;17.9;6;AVERSES;5;30.6;0
Boulogne-sur-Mer;50.726;1.614;29/07/2026;11:00;;6;AVERSES;;32.4;0
Boulogne-sur-Mer;50.726;1.614;29/07/2026;12:00;;6;AVERSES;;34.2;0
Boulogne-sur-Mer;50.726;1.614;29/07/2026;13:00;;6;AVERSES;;36.0;0
Boulogne-sur-Mer;50.726;1.614;29/07/2026;14:00;19.7;6;AVERSES;5;37.1;0
Boulogne-sur-Mer;50.726;1.614;29/07/2026;15:00;20.2;6;AVERSES;5;37.8;0
Boulogne-sur-Mer;50.726;1.614;29/07/2026;16:00;19.7;6;AVERSES;5;38.5;0
Boulogne-sur-Mer;50.726;1.614;29/07/2026;17:00;;6;AVERSES;;38.9;0
Boulogne-sur-Mer;50.726;1.614;29/07/2026;18:00;;6;AVERSES;;39.2;0
Boulogne-sur-Mer;50.726;1.614;29/07/2026;19:00;;6;AVERSES;;39.2;0
Boulogne-sur-Mer;50.726;1.614;29/07/2026;20:00;17.9;6;AVERSES;5;38.9;0
Boulogne-sur-Mer;50.726;1.614;29/07/2026;21:00;17.5;6;AVERSES;5;38.2;0
Boulogne-sur-Mer;50.726;1.614;29/07/2026;22:00;17.0;6;AVERSES;5;36.7;0
Boulogne-sur-Mer;50.726;1.614;29/07/2026;23:00;16.6;6;AVERSES;5;35.3;0
Boulogne-sur-Mer;50.726;1.614;30/07/2026;00:00;12;0;SOLEIL;5;25.7;0
Boulogne-sur-Mer;50.726;1.614;30/07/2026;01:00;12;0;SOLEIL;5;17.8;0
Boulogne-sur-Mer;50.726;1.614;30/07/2026;02:00;12;0;SOLEIL;5;10.8;0
Boulogne-sur-Mer;50.726;1.614;30/07/2026;03:00;12;0;SOLEIL;5;4.3;0
Boulogne-sur-Mer;50.726;1.614;30/07/2026;04:00;12;0;SOLEIL;5;4.7;0
Boulogne-sur-Mer;50.726;1.614;30/07/2026;05:00;12;0;SOLEIL;5;5.0;0
Boulogne-sur-Mer;50.726;1.614;30/07/2026;06:00;12;0;SOLEIL;5;4.7;0
Boulogne-sur-Mer;50.726;1.614;30/07/2026;07:00;13.1;0;SOLEIL;5;4.3;0
Boulogne-sur-Mer;50.726;1.614;30/07/2026;08:00;14.2;0;SOLEIL;5;5.0;0
Boulogne-sur-Mer;50.726;1.614;30/07/2026;09:00;15.3;0;SOLEIL;5;8.6;0
Boulogne-sur-Mer;50.726;1.614;30/07/2026;10:00;16.4;0;SOLEIL;5;13.7;0
Boulogne-sur-Mer;50.726;1.614;30/07/2026;11:00;17.6;0;SOLEIL;5;17.6;0
Boulogne-sur-Mer;50.726;1.614;30/07/2026;12:00;18.7;0;SOLEIL;5;18.7;0
Boulogne-sur-Mer;50.726;1.614;30/07/2026;13:00;19.8;0;SOLEIL;5;18.4;0
Boulogne-sur-Mer;50.726;1.614;30/07/2026;14:00;20.9;0;SOLEIL;5;18.4;0
Boulogne-sur-Mer;50.726;1.614;30/07/2026;15:00;22.0;0;SOLEIL;5;18.7;0
Boulogne-sur-Mer;50.726;1.614;30/07/2026;16:00;20.9;0;SOLEIL;5;18.7;0
Boulogne-sur-Mer;50.726;1.614;30/07/2026;17:00;19.8;0;SOLEIL;5;19.4;0
Boulogne-sur-Mer;50.726;1.614;30/07/2026;18:00;18.7;0;SOLEIL;5;21.6;0
Boulogne-sur-Mer;50.726;1.614;30/07/2026;19:00;17.6;0;SOLEIL;5;24.1;0
Boulogne-sur-Mer;50.726;1.614;30/07/2026;20:00;16.4;0;SOLEIL;5;24.5;0
Boulogne-sur-Mer;50.726;1.614;30/07/2026;21:00;15.3;0;SOLEIL;5;19.8;0
Boulogne-sur-Mer;50.726;1.614;30/07/2026;22:00;14.2;0;SOLEIL;5;13.0;0
Boulogne-sur-Mer;50.726;1.614;30/07/2026;23:00;13.1;0;SOLEIL;5;7.9;0
Boulogne-sur-Mer;50.726;1.614;31/07/2026;00:00;12;0;SOLEIL;5;0.0;0
Boulogne-sur-Mer;50.726;1.614;31/07/2026;01:00;12;0;SOLEIL;5;0.0;0
Boulogne-sur-Mer;50.726;1.614;31/07/2026;02:00;12;0;SOLEIL;5;0.0;0
Boulogne-sur-Mer;50.726;1.614;31/07/2026;03:00;12;0;SOLEIL;5;0.0;0
Boulogne-sur-Mer;50.726;1.614;31/07/2026;04:00;12;0;SOLEIL;5;0.0;0
Boulogne-sur-Mer;50.726;1.614;31/07/2026;05:00;12;0;SOLEIL;5;0.0;0
Boulogne-sur-Mer;50.726;1.614;31/07/2026;06:00;12;0;SOLEIL;5;0.0;0
Boulogne-sur-Mer;50.726;1.614;31/07/2026;07:00;13.1;0;SOLEIL;5;0.0;0
Boulogne-sur-Mer;50.726;1.614;31/07/2026;08:00;14.2;0;SOLEIL;5;0.0;0
Boulogne-sur-Mer;50.726;1.614;31/07/2026;09:00;15.3;0;SOLEIL;5;0.0;0
Boulogne-sur-Mer;50.726;1.614;31/07/2026;10:00;16.4;0;SOLEIL;5;0.0;0
Boulogne-sur-Mer;50.726;1.614;31/07/2026;11:00;17.6;0;SOLEIL;5;0.0;0
Boulogne-sur-Mer;50.726;1.614;31/07/2026;12:00;18.7;0;SOLEIL;5;0.0;0
Boulogne-sur-Mer;50.726;1.614;31/07/2026;13:00;19.8;0;SOLEIL;5;0.0;0
Boulogne-sur-Mer;50.726;1.614;31/07/2026;14:00;20.9;0;SOLEIL;5;0.0;0
Boulogne-sur-Mer;50.726;1.614;31/07/2026;15:00;22.0;0;SOLEIL;5;0.0;0
Boulogne-sur-Mer;50.726;1.614;31/07/2026;16:00;20.9;0;SOLEIL;5;0.0;0
Boulogne-sur-Mer;50.726;1.614;31/07/2026;17:00;19.8;0;SOLEIL;5;0.0;0
Boulogne-sur-Mer;50.726;1.614;31/07/2026;18:00;18.7;0;SOLEIL;5;0.0;0
Boulogne-sur-Mer;50.726;1.614;31/07/2026;19:00;17.6;0;SOLEIL;5;0.0;0
Boulogne-sur-Mer;50.726;1.614;31/07/2026;20:00;16.4;0;SOLEIL;5;0.0;0
Boulogne-sur-Mer;50.726;1.614;31/07/2026;21:00;15.3;0;SOLEIL;5;0.0;0
Boulogne-sur-Mer;50.726;1.614;31/07/2026;22:00;14.2;0;SOLEIL;5;0.0;0
Boulogne-sur-Mer;50.726;1.614;31/07/2026;23:00;13.1;0;SOLEIL;5;0.0;0
