Ville;Latitude;Longitude;Date;Heure;temperature_2m;weathercode;Temps_Label;windspeed_10m;wind_gusts_10m;precipitation
Argent-sur-Sauldre;47.56;2.45;20/07/2026;00:00;17.4;0;SOLEIL;5;22.3;0
Argent-sur-Sauldre;47.56;2.45;20/07/2026;01:00;16.1;0;SOLEIL;5;28.8;0
Argent-sur-Sauldre;47.56;2.45;20/07/2026;02:00;15.1;0;SOLEIL;5;36.0;0
Argent-sur-Sauldre;47.56;2.45;20/07/2026;03:00;13.5;0;SOLEIL;5;34.9;0
Argent-sur-Sauldre;47.56;2.45;20/07/2026;04:00;12.6;0;SOLEIL;4;33.1;0
Argent-sur-Sauldre;47.56;2.45;20/07/2026;05:00;12.5;0;SOLEIL;4;32.0;0
Argent-sur-Sauldre;47.56;2.45;20/07/2026;06:00;14.7;0;SOLEIL;5;29.2;0
Argent-sur-Sauldre;47.56;2.45;20/07/2026;07:00;17;0;SOLEIL;5;28.4;0
Argent-sur-Sauldre;47.56;2.45;20/07/2026;08:00;18.9;0;SOLEIL;5;28.1;0
Argent-sur-Sauldre;47.56;2.45;20/07/2026;09:00;20.2;0;SOLEIL;5;29.5;0
Argent-sur-Sauldre;47.56;2.45;20/07/2026;10:00;21.6;0;SOLEIL;5;32.0;0
Argent-sur-Sauldre;47.56;2.45;20/07/2026;11:00;22.6;0;SOLEIL;5;34.6;0
Argent-sur-Sauldre;47.56;2.45;20/07/2026;12:00;24.2;0;SOLEIL;5;34.6;0
Argent-sur-Sauldre;47.56;2.45;20/07/2026;13:00;25.1;0;SOLEIL;5;33.8;0
Argent-sur-Sauldre;47.56;2.45;20/07/2026;14:00;25.6;0;SOLEIL;5;33.5;0
Argent-sur-Sauldre;47.56;2.45;20/07/2026;15:00;26.5;0;SOLEIL;5;34.9;0
Argent-sur-Sauldre;47.56;2.45;20/07/2026;16:00;26;0;SOLEIL;5;39.6;0
Argent-sur-Sauldre;47.56;2.45;20/07/2026;17:00;26;0;SOLEIL;5;39.2;0
Argent-sur-Sauldre;47.56;2.45;20/07/2026;18:00;24.6;0;SOLEIL;5;41.4;0
Argent-sur-Sauldre;47.56;2.45;20/07/2026;19:00;22.2;0;SOLEIL;5;38.5;0
Argent-sur-Sauldre;47.56;2.45;20/07/2026;20:00;20;0;SOLEIL;4;36.4;0
Argent-sur-Sauldre;47.56;2.45;20/07/2026;21:00;19.4;0;SOLEIL;4;34.9;0
Argent-sur-Sauldre;47.56;2.45;20/07/2026;22:00;19.5;0;SOLEIL;4;29.9;0
Argent-sur-Sauldre;47.56;2.45;20/07/2026;23:00;19.1;0;SOLEIL;5;26.3;0
Argent-sur-Sauldre;47.56;2.45;21/07/2026;00:00;17.2;0;SOLEIL;5;26.3;0
Argent-sur-Sauldre;47.56;2.45;21/07/2026;01:00;17.2;0;SOLEIL;5;25.9;0
Argent-sur-Sauldre;47.56;2.45;21/07/2026;02:00;14.4;0;SOLEIL;5;31.3;0
Argent-sur-Sauldre;47.56;2.45;21/07/2026;03:00;14.4;0;SOLEIL;5;36.7;0
Argent-sur-Sauldre;47.56;2.45;21/07/2026;04:00;14.4;0;SOLEIL;5;34.2;0
Argent-sur-Sauldre;47.56;2.45;21/07/2026;05:00;14.9;0;SOLEIL;5;31.7;0
Argent-sur-Sauldre;47.56;2.45;21/07/2026;06:00;14.9;0;SOLEIL;5;29.5;0
Argent-sur-Sauldre;47.56;2.45;21/07/2026;07:00;14.9;0;SOLEIL;5;28.8;0
Argent-sur-Sauldre;47.56;2.45;21/07/2026;08:00;21.6;0;SOLEIL;5;29.2;0
Argent-sur-Sauldre;47.56;2.45;21/07/2026;09:00;21.6;0;SOLEIL;5;28.8;0
Argent-sur-Sauldre;47.56;2.45;21/07/2026;10:00;21.6;0;SOLEIL;5;28.8;0
Argent-sur-Sauldre;47.56;2.45;21/07/2026;11:00;25.6;0;SOLEIL;5;28.4;0
Argent-sur-Sauldre;47.56;2.45;21/07/2026;12:00;25.6;0;SOLEIL;5;32.0;0
Argent-sur-Sauldre;47.56;2.45;21/07/2026;13:00;25.6;0;SOLEIL;5;35.5;0
Argent-sur-Sauldre;47.56;2.45;21/07/2026;14:00;27.9;0;SOLEIL;5;37.1;0
Argent-sur-Sauldre;47.56;2.45;21/07/2026;15:00;27.9;0;SOLEIL;5;37.8;0
Argent-sur-Sauldre;47.56;2.45;21/07/2026;16:00;27.9;0;SOLEIL;5;37.8;0
Argent-sur-Sauldre;47.56;2.45;21/07/2026;17:00;27;0;SOLEIL;5;38.2;0
Argent-sur-Sauldre;47.56;2.45;21/07/2026;18:00;27;0;SOLEIL;5;38.5;0
Argent-sur-Sauldre;47.56;2.45;21/07/2026;19:00;27;0;SOLEIL;5;38.5;0
Argent-sur-Sauldre;47.56;2.45;21/07/2026;20:00;21.1;0;SOLEIL;4;35.6;0
Argent-sur-Sauldre;47.56;2.45;21/07/2026;21:00;21.1;0;SOLEIL;4;32.8;0
Argent-sur-Sauldre;47.56;2.45;21/07/2026;22:00;21.1;0;SOLEIL;4;29.5;0
Argent-sur-Sauldre;47.56;2.45;21/07/2026;23:00;18.4;0;SOLEIL;4;22.3;0
Argent-sur-Sauldre;47.56;2.45;22/07/2026;00:00;18.4;0;SOLEIL;4;20.2;0
Argent-sur-Sauldre;47.56;2.45;22/07/2026;01:00;18.4;0;SOLEIL;4;20.5;0
Argent-sur-Sauldre;47.56;2.45;22/07/2026;02:00;15;0;SOLEIL;4;20.9;0
Argent-sur-Sauldre;47.56;2.45;22/07/2026;03:00;15;0;SOLEIL;4;20.5;0
Argent-sur-Sauldre;47.56;2.45;22/07/2026;04:00;15;0;SOLEIL;4;20.2;0
Argent-sur-Sauldre;47.56;2.45;22/07/2026;05:00;15.9;0;SOLEIL;3;19.1;0
Argent-sur-Sauldre;47.56;2.45;22/07/2026;06:00;15.9;0;SOLEIL;3;18.0;0
Argent-sur-Sauldre;47.56;2.45;22/07/2026;07:00;15.9;0;SOLEIL;3;17.3;0
Argent-sur-Sauldre;47.56;2.45;22/07/2026;08:00;23.1;0;SOLEIL;3;18.0;0
Argent-sur-Sauldre;47.56;2.45;22/07/2026;09:00;23.1;0;SOLEIL;3;24.1;0
Argent-sur-Sauldre;47.56;2.45;22/07/2026;10:00;23.1;0;SOLEIL;3;27.0;0
Argent-sur-Sauldre;47.56;2.45;22/07/2026;11:00;27;0;SOLEIL;3;27.4;0
Argent-sur-Sauldre;47.56;2.45;22/07/2026;12:00;27;0;SOLEIL;3;28.1;0
Argent-sur-Sauldre;47.56;2.45;22/07/2026;13:00;27;0;SOLEIL;3;28.1;0
Argent-sur-Sauldre;47.56;2.45;22/07/2026;14:00;28.6;0;SOLEIL;4;27.7;0
Argent-sur-Sauldre;47.56;2.45;22/07/2026;15:00;28.6;0;SOLEIL;4;29.5;0
Argent-sur-Sauldre;47.56;2.45;22/07/2026;16:00;28.6;0;SOLEIL;4;31.7;0
Argent-sur-Sauldre;47.56;2.45;22/07/2026;17:00;27.1;0;SOLEIL;4;33.1;0
Argent-sur-Sauldre;47.56;2.45;22/07/2026;18:00;27.1;0;SOLEIL;4;33.1;0
Argent-sur-Sauldre;47.56;2.45;22/07/2026;19:00;27.1;0;SOLEIL;4;32.4;0
Argent-sur-Sauldre;47.56;2.45;22/07/2026;20:00;20.7;0;SOLEIL;5;30.2;0
Argent-sur-Sauldre;47.56;2.45;22/07/2026;21:00;19.1;0;SOLEIL;5;25.2;0
Argent-sur-Sauldre;47.56;2.45;22/07/2026;22:00;17.6;0;SOLEIL;5;18.4;0
Argent-sur-Sauldre;47.56;2.45;22/07/2026;23:00;19.1;0;SOLEIL;3;14.0;0
Argent-sur-Sauldre;47.56;2.45;23/07/2026;00:00;19.1;0;SOLEIL;3;14.0;0
Argent-sur-Sauldre;47.56;2.45;23/07/2026;01:00;19.1;0;SOLEIL;3;16.6;0
Argent-sur-Sauldre;47.56;2.45;23/07/2026;02:00;15.6;0;SOLEIL;5;18.4;0
Argent-sur-Sauldre;47.56;2.45;23/07/2026;03:00;15.6;0;SOLEIL;5;17.6;0
Argent-sur-Sauldre;47.56;2.45;23/07/2026;04:00;15.6;0;SOLEIL;5;16.2;0
Argent-sur-Sauldre;47.56;2.45;23/07/2026;05:00;19.2;0;SOLEIL;3;16.2;0
Argent-sur-Sauldre;47.56;2.45;23/07/2026;06:00;19.2;0;SOLEIL;3;18.4;0
Argent-sur-Sauldre;47.56;2.45;23/07/2026;07:00;19.2;0;SOLEIL;3;21.6;0
Argent-sur-Sauldre;47.56;2.45;23/07/2026;08:00;18.9;0;SOLEIL;5;24.8;0
Argent-sur-Sauldre;47.56;2.45;23/07/2026;09:00;20.6;0;SOLEIL;5;28.1;0
Argent-sur-Sauldre;47.56;2.45;23/07/2026;10:00;22.2;0;SOLEIL;5;31.3;0
Argent-sur-Sauldre;47.56;2.45;23/07/2026;11:00;28.6;0;SOLEIL;4;33.5;0
Argent-sur-Sauldre;47.56;2.45;23/07/2026;12:00;28.6;0;SOLEIL;4;34.6;0
Argent-sur-Sauldre;47.56;2.45;23/07/2026;13:00;28.6;0;SOLEIL;4;34.6;0
Argent-sur-Sauldre;47.56;2.45;23/07/2026;14:00;28.8;0;SOLEIL;5;34.6;0
Argent-sur-Sauldre;47.56;2.45;23/07/2026;15:00;30.5;0;SOLEIL;5;34.6;0
Argent-sur-Sauldre;47.56;2.45;23/07/2026;16:00;28.8;0;SOLEIL;5;34.2;0
Argent-sur-Sauldre;47.56;2.45;23/07/2026;17:00;28.1;0;SOLEIL;4;33.5;0
Argent-sur-Sauldre;47.56;2.45;23/07/2026;18:00;28.1;0;SOLEIL;4;33.1;0
Argent-sur-Sauldre;47.56;2.45;23/07/2026;19:00;28.1;0;SOLEIL;4;32.4;0
Argent-sur-Sauldre;47.56;2.45;23/07/2026;20:00;22.2;0;SOLEIL;5;31.0;0
Argent-sur-Sauldre;47.56;2.45;23/07/2026;21:00;20.6;0;SOLEIL;5;27.4;0
Argent-sur-Sauldre;47.56;2.45;23/07/2026;22:00;18.9;0;SOLEIL;5;23.0;0
Argent-sur-Sauldre;47.56;2.45;23/07/2026;23:00;17.9;0;SOLEIL;4;19.8;0
Argent-sur-Sauldre;47.56;2.45;24/07/2026;00:00;17.9;0;SOLEIL;4;18.7;0
Argent-sur-Sauldre;47.56;2.45;24/07/2026;01:00;17.9;0;SOLEIL;4;19.1;0
Argent-sur-Sauldre;47.56;2.45;24/07/2026;02:00;14.5;0;SOLEIL;5;19.1;0
Argent-sur-Sauldre;47.56;2.45;24/07/2026;03:00;14.5;0;SOLEIL;5;18.0;0
Argent-sur-Sauldre;47.56;2.45;24/07/2026;04:00;14.5;0;SOLEIL;5;16.6;0
Argent-sur-Sauldre;47.56;2.45;24/07/2026;05:00;17.6;0;SOLEIL;3;15.5;0
Argent-sur-Sauldre;47.56;2.45;24/07/2026;06:00;17.6;0;SOLEIL;3;15.0;0
Argent-sur-Sauldre;47.56;2.45;24/07/2026;07:00;17.6;0;SOLEIL;3;15.1;0
Argent-sur-Sauldre;47.56;2.45;24/07/2026;08:00;18.2;0;SOLEIL;5;15.8;0
Argent-sur-Sauldre;47.56;2.45;24/07/2026;09:00;20.0;0;SOLEIL;5;16.6;0
Argent-sur-Sauldre;47.56;2.45;24/07/2026;10:00;21.8;0;SOLEIL;5;19.1;0
Argent-sur-Sauldre;47.56;2.45;24/07/2026;11:00;28.1;0;SOLEIL;3;21.2;0
Argent-sur-Sauldre;47.56;2.45;24/07/2026;12:00;28.1;0;SOLEIL;3;22.3;0
Argent-sur-Sauldre;47.56;2.45;24/07/2026;13:00;28.1;0;SOLEIL;3;23.0;0
Argent-sur-Sauldre;47.56;2.45;24/07/2026;14:00;29.2;0;SOLEIL;5;23.0;0
Argent-sur-Sauldre;47.56;2.45;24/07/2026;15:00;31.0;0;SOLEIL;5;22.3;0
Argent-sur-Sauldre;47.56;2.45;24/07/2026;16:00;29.2;0;SOLEIL;5;21.2;0
Argent-sur-Sauldre;47.56;2.45;24/07/2026;17:00;28.7;0;SOLEIL;3;20.2;0
Argent-sur-Sauldre;47.56;2.45;24/07/2026;18:00;28.7;0;SOLEIL;3;20.2;0
Argent-sur-Sauldre;47.56;2.45;24/07/2026;19:00;28.7;0;SOLEIL;3;20.5;0
Argent-sur-Sauldre;47.56;2.45;24/07/2026;20:00;21.8;0;SOLEIL;5;19.8;0
Argent-sur-Sauldre;47.56;2.45;24/07/2026;21:00;20.0;0;SOLEIL;5;17.3;0
Argent-sur-Sauldre;47.56;2.45;24/07/2026;22:00;18.2;0;SOLEIL;5;13.7;0
Argent-sur-Sauldre;47.56;2.45;24/07/2026;23:00;19.6;0;SOLEIL;3;10.8;0
Argent-sur-Sauldre;47.56;2.45;25/07/2026;00:00;19.6;0;SOLEIL;3;9.7;0
Argent-sur-Sauldre;47.56;2.45;25/07/2026;01:00;19.6;0;SOLEIL;3;9.7;0
Argent-sur-Sauldre;47.56;2.45;25/07/2026;02:00;17.6;0;SOLEIL;5;9.7;0
Argent-sur-Sauldre;47.56;2.45;25/07/2026;03:00;17.6;0;SOLEIL;5;9.4;0
Argent-sur-Sauldre;47.56;2.45;25/07/2026;04:00;17.6;0;SOLEIL;5;9.0;0
Argent-sur-Sauldre;47.56;2.45;25/07/2026;05:00;19.1;0;SOLEIL;2;9.0;0
Argent-sur-Sauldre;47.56;2.45;25/07/2026;06:00;19.1;0;SOLEIL;2;8.6;0
Argent-sur-Sauldre;47.56;2.45;25/07/2026;07:00;19.1;0;SOLEIL;2;8.3;0
Argent-sur-Sauldre;47.56;2.45;25/07/2026;08:00;20.4;0;SOLEIL;5;9.0;0
Argent-sur-Sauldre;47.56;2.45;25/07/2026;09:00;21.8;0;SOLEIL;5;11.2;0
Argent-sur-Sauldre;47.56;2.45;25/07/2026;10:00;23.2;0;SOLEIL;5;14.0;0
Argent-sur-Sauldre;47.56;2.45;25/07/2026;11:00;28.2;0;SOLEIL;3;17.3;0
Argent-sur-Sauldre;47.56;2.45;25/07/2026;12:00;28.2;0;SOLEIL;3;20.5;0
Argent-sur-Sauldre;47.56;2.45;25/07/2026;13:00;28.2;0;SOLEIL;3;23.4;0
Argent-sur-Sauldre;47.56;2.45;25/07/2026;14:00;28.7;0;SOLEIL;5;26.3;0
Argent-sur-Sauldre;47.56;2.45;25/07/2026;15:00;30.1;0;SOLEIL;5;28.8;0
Argent-sur-Sauldre;47.56;2.45;25/07/2026;16:00;28.7;0;SOLEIL;5;31.0;0
Argent-sur-Sauldre;47.56;2.45;25/07/2026;17:00;27.1;0;SOLEIL;4;32.0;0
Argent-sur-Sauldre;47.56;2.45;25/07/2026;18:00;27.1;0;SOLEIL;4;32.0;0
Argent-sur-Sauldre;47.56;2.45;25/07/2026;19:00;27.1;0;SOLEIL;4;31.0;0
Argent-sur-Sauldre;47.56;2.45;25/07/2026;20:00;23.2;0;SOLEIL;5;29.9;0
Argent-sur-Sauldre;47.56;2.45;25/07/2026;21:00;21.8;0;SOLEIL;5;29.5;0
Argent-sur-Sauldre;47.56;2.45;25/07/2026;22:00;20.4;0;SOLEIL;5;28.8;0
Argent-sur-Sauldre;47.56;2.45;25/07/2026;23:00;20;0;SOLEIL;3;27.0;0
Argent-sur-Sauldre;47.56;2.45;26/07/2026;00:00;20;0;SOLEIL;3;22.7;0
Argent-sur-Sauldre;47.56;2.45;26/07/2026;01:00;20;0;SOLEIL;3;16.6;0
Argent-sur-Sauldre;47.56;2.45;26/07/2026;02:00;17.1;0;SOLEIL;5;11.9;0
Argent-sur-Sauldre;47.56;2.45;26/07/2026;03:00;17.1;0;SOLEIL;5;9.4;0
Argent-sur-Sauldre;47.56;2.45;26/07/2026;04:00;17.1;0;SOLEIL;5;7.6;0
Argent-sur-Sauldre;47.56;2.45;26/07/2026;05:00;18.2;0;SOLEIL;4;6.5;0
Argent-sur-Sauldre;47.56;2.45;26/07/2026;06:00;18.2;0;SOLEIL;4;5.0;0
Argent-sur-Sauldre;47.56;2.45;26/07/2026;07:00;18.2;0;SOLEIL;4;4.0;0
Argent-sur-Sauldre;47.56;2.45;26/07/2026;08:00;19.1;0;SOLEIL;5;4.7;0
Argent-sur-Sauldre;47.56;2.45;26/07/2026;09:00;20.1;0;SOLEIL;5;7.9;0
Argent-sur-Sauldre;47.56;2.45;26/07/2026;10:00;21.1;0;SOLEIL;5;12.6;0
Argent-sur-Sauldre;47.56;2.45;26/07/2026;11:00;24.5;0;SOLEIL;5;17.3;0
Argent-sur-Sauldre;47.56;2.45;26/07/2026;12:00;24.5;0;SOLEIL;5;25.0;0
Argent-sur-Sauldre;47.56;2.45;26/07/2026;13:00;24.5;0;SOLEIL;5;31.7;0
Argent-sur-Sauldre;47.56;2.45;26/07/2026;14:00;25.1;0;SOLEIL;5;36.8;0
Argent-sur-Sauldre;47.56;2.45;26/07/2026;15:00;26.1;0;SOLEIL;5;40.7;0
Argent-sur-Sauldre;47.56;2.45;26/07/2026;16:00;25.1;0;SOLEIL;5;42.1;0
Argent-sur-Sauldre;47.56;2.45;26/07/2026;17:00;24.2;0;SOLEIL;5;43.2;0
Argent-sur-Sauldre;47.56;2.45;26/07/2026;18:00;24.2;0;SOLEIL;5;44.3;0
Argent-sur-Sauldre;47.56;2.45;26/07/2026;19:00;24.2;0;SOLEIL;5;45.0;0
Argent-sur-Sauldre;47.56;2.45;26/07/2026;20:00;21.1;0;SOLEIL;5;45.4;0
Argent-sur-Sauldre;47.56;2.45;26/07/2026;21:00;20.1;0;SOLEIL;5;45.7;0
Argent-sur-Sauldre;47.56;2.45;26/07/2026;22:00;19.1;0;SOLEIL;5;45.4;0
Argent-sur-Sauldre;47.56;2.45;26/07/2026;23:00;18.5;0;SOLEIL;4;45.0;0
Argent-sur-Sauldre;47.56;2.45;27/07/2026;00:00;18.5;0;SOLEIL;4;44.6;0
Argent-sur-Sauldre;47.56;2.45;27/07/2026;01:00;18.5;0;SOLEIL;4;43.9;0
Argent-sur-Sauldre;47.56;2.45;27/07/2026;02:00;16;6;AVERSES;5;43.2;0
Argent-sur-Sauldre;47.56;2.45;27/07/2026;03:00;16;6;AVERSES;5;42.1;0
Argent-sur-Sauldre;47.56;2.45;27/07/2026;04:00;16;6;AVERSES;5;40.7;0
Argent-sur-Sauldre;47.56;2.45;27/07/2026;05:00;17.6;6;AVERSES;4;38.9;0
Argent-sur-Sauldre;47.56;2.45;27/07/2026;06:00;17.6;6;AVERSES;4;37.1;0
Argent-sur-Sauldre;47.56;2.45;27/07/2026;07:00;17.6;6;AVERSES;4;36.0;0
Argent-sur-Sauldre;47.56;2.45;27/07/2026;08:00;18.0;6;AVERSES;5;35.6;0
Argent-sur-Sauldre;47.56;2.45;27/07/2026;09:00;19.0;6;AVERSES;5;36.0;0
Argent-sur-Sauldre;47.56;2.45;27/07/2026;10:00;20.0;6;AVERSES;5;37.1;0
Argent-sur-Sauldre;47.56;2.45;27/07/2026;11:00;23.4;6;AVERSES;5;38.9;0
Argent-sur-Sauldre;47.56;2.45;27/07/2026;12:00;23.4;6;AVERSES;5;40.7;0
Argent-sur-Sauldre;47.56;2.45;27/07/2026;13:00;23.4;6;AVERSES;5;42.1;0
Argent-sur-Sauldre;47.56;2.45;27/07/2026;14:00;24.0;6;AVERSES;5;43.6;0
Argent-sur-Sauldre;47.56;2.45;27/07/2026;15:00;25.0;6;AVERSES;5;44.6;0
Argent-sur-Sauldre;47.56;2.45;27/07/2026;16:00;24.0;6;AVERSES;5;46.1;0
Argent-sur-Sauldre;47.56;2.45;27/07/2026;17:00;22.9;6;AVERSES;4;47.2;0
Argent-sur-Sauldre;47.56;2.45;27/07/2026;18:00;22.9;6;AVERSES;4;48.2;0
Argent-sur-Sauldre;47.56;2.45;27/07/2026;19:00;22.9;6;AVERSES;4;48.6;0
Argent-sur-Sauldre;47.56;2.45;27/07/2026;20:00;20.0;6;AVERSES;5;48.2;0
Argent-sur-Sauldre;47.56;2.45;27/07/2026;21:00;19.0;6;AVERSES;5;46.8;0
Argent-sur-Sauldre;47.56;2.45;27/07/2026;22:00;18.0;6;AVERSES;5;44.6;0
Argent-sur-Sauldre;47.56;2.45;27/07/2026;23:00;17.1;0;SOLEIL;3;42.1;0
Argent-sur-Sauldre;47.56;2.45;28/07/2026;00:00;17.1;0;SOLEIL;3;38.9;0
Argent-sur-Sauldre;47.56;2.45;28/07/2026;01:00;17.1;0;SOLEIL;3;36.4;0
Argent-sur-Sauldre;47.56;2.45;28/07/2026;02:00;15.1;0;SOLEIL;5;33.8;0
Argent-sur-Sauldre;47.56;2.45;28/07/2026;03:00;15.1;0;SOLEIL;5;31.7;0
Argent-sur-Sauldre;47.56;2.45;28/07/2026;04:00;15.1;0;SOLEIL;5;29.5;0
Argent-sur-Sauldre;47.56;2.45;28/07/2026;05:00;17;0;SOLEIL;3;27.4;0
Argent-sur-Sauldre;47.56;2.45;28/07/2026;06:00;17;0;SOLEIL;3;25.6;0
Argent-sur-Sauldre;47.56;2.45;28/07/2026;07:00;17;0;SOLEIL;3;24.5;0
Argent-sur-Sauldre;47.56;2.45;28/07/2026;08:00;17.1;0;SOLEIL;5;24.1;0
Argent-sur-Sauldre;47.56;2.45;28/07/2026;09:00;18.1;0;SOLEIL;5;24.8;0
Argent-sur-Sauldre;47.56;2.45;28/07/2026;10:00;19.1;0;SOLEIL;5;27.0;0
Argent-sur-Sauldre;47.56;2.45;28/07/2026;11:00;23;6;AVERSES;5;29.5;0
Argent-sur-Sauldre;47.56;2.45;28/07/2026;12:00;23;6;AVERSES;5;32.0;0
Argent-sur-Sauldre;47.56;2.45;28/07/2026;13:00;23;6;AVERSES;5;34.9;0
Argent-sur-Sauldre;47.56;2.45;28/07/2026;14:00;23.2;0;SOLEIL;5;37.1;0
Argent-sur-Sauldre;47.56;2.45;28/07/2026;15:00;24.2;0;SOLEIL;5;39.2;0
Argent-sur-Sauldre;47.56;2.45;28/07/2026;16:00;23.2;0;SOLEIL;5;41.8;0
Argent-sur-Sauldre;47.56;2.45;28/07/2026;17:00;22.1;0;SOLEIL;4;43.9;0
Argent-sur-Sauldre;47.56;2.45;28/07/2026;18:00;22.1;0;SOLEIL;4;45.7;0
Argent-sur-Sauldre;47.56;2.45;28/07/2026;19:00;22.1;0;SOLEIL;4;46.8;0
Argent-sur-Sauldre;47.56;2.45;28/07/2026;20:00;19.1;0;SOLEIL;5;46.4;0
Argent-sur-Sauldre;47.56;2.45;28/07/2026;21:00;18.1;0;SOLEIL;5;44.3;0
Argent-sur-Sauldre;47.56;2.45;28/07/2026;22:00;17.1;0;SOLEIL;5;40.0;0
Argent-sur-Sauldre;47.56;2.45;28/07/2026;23:00;17;0;SOLEIL;3;34.9;0
Argent-sur-Sauldre;47.56;2.45;29/07/2026;00:00;17;0;SOLEIL;3;29.9;0
Argent-sur-Sauldre;47.56;2.45;29/07/2026;01:00;17;0;SOLEIL;3;25.9;0
Argent-sur-Sauldre;47.56;2.45;29/07/2026;02:00;14.9;0;SOLEIL;5;23.4;0
Argent-sur-Sauldre;47.56;2.45;29/07/2026;03:00;14.9;0;SOLEIL;5;23.0;0
Argent-sur-Sauldre;47.56;2.45;29/07/2026;04:00;14.9;0;SOLEIL;5;23.8;0
Argent-sur-Sauldre;47.56;2.45;29/07/2026;05:00;;0;SOLEIL;;25.6;0
Argent-sur-Sauldre;47.56;2.45;29/07/2026;06:00;;0;SOLEIL;;28.1;0
Argent-sur-Sauldre;47.56;2.45;29/07/2026;07:00;;0;SOLEIL;;30.2;0
Argent-sur-Sauldre;47.56;2.45;29/07/2026;08:00;17.7;0;SOLEIL;5;32.4;0
Argent-sur-Sauldre;47.56;2.45;29/07/2026;09:00;19.1;0;SOLEIL;5;34.6;0
Argent-sur-Sauldre;47.56;2.45;29/07/2026;10:00;20.5;0;SOLEIL;5;37.1;0
Argent-sur-Sauldre;47.56;2.45;29/07/2026;11:00;;0;SOLEIL;;39.6;0
Argent-sur-Sauldre;47.56;2.45;29/07/2026;12:00;;0;SOLEIL;;41.8;0
Argent-sur-Sauldre;47.56;2.45;29/07/2026;13:00;;0;SOLEIL;;43.9;0
Argent-sur-Sauldre;47.56;2.45;29/07/2026;14:00;26.2;0;SOLEIL;5;45.4;0
Argent-sur-Sauldre;47.56;2.45;29/07/2026;15:00;27.6;0;SOLEIL;5;46.1;0
Argent-sur-Sauldre;47.56;2.45;29/07/2026;16:00;26.2;0;SOLEIL;5;46.8;0
Argent-sur-Sauldre;47.56;2.45;29/07/2026;17:00;;0;SOLEIL;;47.2;0
Argent-sur-Sauldre;47.56;2.45;29/07/2026;18:00;;0;SOLEIL;;46.8;0
Argent-sur-Sauldre;47.56;2.45;29/07/2026;19:00;;0;SOLEIL;;46.1;0
Argent-sur-Sauldre;47.56;2.45;29/07/2026;20:00;20.5;0;SOLEIL;5;45.0;0
Argent-sur-Sauldre;47.56;2.45;29/07/2026;21:00;19.1;0;SOLEIL;5;43.2;0
Argent-sur-Sauldre;47.56;2.45;29/07/2026;22:00;17.7;0;SOLEIL;5;40.7;0
Argent-sur-Sauldre;47.56;2.45;29/07/2026;23:00;;0;SOLEIL;;37.8;0
Argent-sur-Sauldre;47.56;2.45;30/07/2026;00:00;;0;SOLEIL;;34.6;0
Argent-sur-Sauldre;47.56;2.45;30/07/2026;01:00;;0;SOLEIL;;31.3;0
Argent-sur-Sauldre;47.56;2.45;30/07/2026;02:00;15.2;0;SOLEIL;5;28.4;0
Argent-sur-Sauldre;47.56;2.45;30/07/2026;03:00;15.2;0;SOLEIL;5;25.6;0
Argent-sur-Sauldre;47.56;2.45;30/07/2026;04:00;15.2;0;SOLEIL;5;22.3;0
Argent-sur-Sauldre;47.56;2.45;30/07/2026;05:00;;0;SOLEIL;;19.1;0
Argent-sur-Sauldre;47.56;2.45;30/07/2026;06:00;;0;SOLEIL;;16.2;0
Argent-sur-Sauldre;47.56;2.45;30/07/2026;07:00;;0;SOLEIL;;14.0;0
Argent-sur-Sauldre;47.56;2.45;30/07/2026;08:00;18.1;0;SOLEIL;5;13.0;0
Argent-sur-Sauldre;47.56;2.45;30/07/2026;09:00;19.5;0;SOLEIL;5;13.3;0
Argent-sur-Sauldre;47.56;2.45;30/07/2026;10:00;21.0;0;SOLEIL;5;14.4;0
Argent-sur-Sauldre;47.56;2.45;30/07/2026;11:00;;0;SOLEIL;;16.6;0
Argent-sur-Sauldre;47.56;2.45;30/07/2026;12:00;;0;SOLEIL;;18.7;0
Argent-sur-Sauldre;47.56;2.45;30/07/2026;13:00;;0;SOLEIL;;20.9;0
Argent-sur-Sauldre;47.56;2.45;30/07/2026;14:00;26.8;0;SOLEIL;5;22.3;0
Argent-sur-Sauldre;47.56;2.45;30/07/2026;15:00;28.2;0;SOLEIL;5;23.0;0
Argent-sur-Sauldre;47.56;2.45;30/07/2026;16:00;26.8;0;SOLEIL;5;23.8;0
Argent-sur-Sauldre;47.56;2.45;30/07/2026;17:00;;0;SOLEIL;;24.1;0
Argent-sur-Sauldre;47.56;2.45;30/07/2026;18:00;;0;SOLEIL;;24.5;0
Argent-sur-Sauldre;47.56;2.45;30/07/2026;19:00;;0;SOLEIL;;24.8;0
Argent-sur-Sauldre;47.56;2.45;30/07/2026;20:00;21.0;0;SOLEIL;5;25.2;0
Argent-sur-Sauldre;47.56;2.45;30/07/2026;21:00;19.5;0;SOLEIL;5;25.6;0
Argent-sur-Sauldre;47.56;2.45;30/07/2026;22:00;18.1;0;SOLEIL;5;25.9;0
Argent-sur-Sauldre;47.56;2.45;30/07/2026;23:00;;0;SOLEIL;;26.6;0
Argent-sur-Sauldre;47.56;2.45;31/07/2026;00:00;;0;SOLEIL;;26.6;0
Argent-sur-Sauldre;47.56;2.45;31/07/2026;01:00;;0;SOLEIL;;26.6;0
Argent-sur-Sauldre;47.56;2.45;31/07/2026;02:00;15.1;0;SOLEIL;5;26.3;0
Argent-sur-Sauldre;47.56;2.45;31/07/2026;03:00;15.1;0;SOLEIL;5;25.2;0
Argent-sur-Sauldre;47.56;2.45;31/07/2026;04:00;15.1;0;SOLEIL;5;23.8;0
Argent-sur-Sauldre;47.56;2.45;31/07/2026;05:00;;0;SOLEIL;;22.0;0
Argent-sur-Sauldre;47.56;2.45;31/07/2026;06:00;;0;SOLEIL;;19.8;0
Argent-sur-Sauldre;47.56;2.45;31/07/2026;07:00;;0;SOLEIL;;18.4;0
Argent-sur-Sauldre;47.56;2.45;31/07/2026;08:00;18.3;0;SOLEIL;5;17.3;0
Argent-sur-Sauldre;47.56;2.45;31/07/2026;09:00;19.9;0;SOLEIL;5;16.9;0
Argent-sur-Sauldre;47.56;2.45;31/07/2026;10:00;21.5;0;SOLEIL;5;16.6;0
Argent-sur-Sauldre;47.56;2.45;31/07/2026;11:00;;0;SOLEIL;;16.9;0
Argent-sur-Sauldre;47.56;2.45;31/07/2026;12:00;;0;SOLEIL;;17.3;0
Argent-sur-Sauldre;47.56;2.45;31/07/2026;13:00;;0;SOLEIL;;17.6;0
Argent-sur-Sauldre;47.56;2.45;31/07/2026;14:00;28.0;0;SOLEIL;5;18.4;0
Argent-sur-Sauldre;47.56;2.45;31/07/2026;15:00;29.6;0;SOLEIL;5;19.4;0
Argent-sur-Sauldre;47.56;2.45;31/07/2026;16:00;28.0;0;SOLEIL;5;20.9;0
Argent-sur-Sauldre;47.56;2.45;31/07/2026;17:00;;0;SOLEIL;;22.7;0
Argent-sur-Sauldre;47.56;2.45;31/07/2026;18:00;;0;SOLEIL;;24.5;0
Argent-sur-Sauldre;47.56;2.45;31/07/2026;19:00;;0;SOLEIL;;25.6;0
Argent-sur-Sauldre;47.56;2.45;31/07/2026;20:00;21.5;0;SOLEIL;5;25.9;0
Argent-sur-Sauldre;47.56;2.45;31/07/2026;21:00;19.9;0;SOLEIL;5;25.2;0
Argent-sur-Sauldre;47.56;2.45;31/07/2026;22:00;18.3;0;SOLEIL;5;23.8;0
Argent-sur-Sauldre;47.56;2.45;31/07/2026;23:00;;0;SOLEIL;;21.6;0
Argent-sur-Sauldre;47.56;2.45;01/08/2026;00:00;;0;SOLEIL;;19.4;0
Argent-sur-Sauldre;47.56;2.45;01/08/2026;01:00;;0;SOLEIL;;17.6;0
Argent-sur-Sauldre;47.56;2.45;01/08/2026;02:00;15.1;0;SOLEIL;5;16.9;0
Argent-sur-Sauldre;47.56;2.45;01/08/2026;03:00;15.1;0;SOLEIL;5;16.9;0
Argent-sur-Sauldre;47.56;2.45;01/08/2026;04:00;15.1;0;SOLEIL;5;17.6;0
Argent-sur-Sauldre;47.56;2.45;01/08/2026;05:00;;0;SOLEIL;;19.1;0
Argent-sur-Sauldre;47.56;2.45;01/08/2026;06:00;;0;SOLEIL;;20.2;0
Argent-sur-Sauldre;47.56;2.45;01/08/2026;07:00;;0;SOLEIL;;21.2;0
Argent-sur-Sauldre;47.56;2.45;01/08/2026;08:00;18.0;0;SOLEIL;5;22.0;0
Argent-sur-Sauldre;47.56;2.45;01/08/2026;09:00;19.4;0;SOLEIL;5;22.0;0
Argent-sur-Sauldre;47.56;2.45;01/08/2026;10:00;20.8;0;SOLEIL;5;21.6;0
Argent-sur-Sauldre;47.56;2.45;01/08/2026;11:00;;0;SOLEIL;;20.9;0
Argent-sur-Sauldre;47.56;2.45;01/08/2026;12:00;;0;SOLEIL;;20.2;0
Argent-sur-Sauldre;47.56;2.45;01/08/2026;13:00;;0;SOLEIL;;19.8;0
Argent-sur-Sauldre;47.56;2.45;01/08/2026;14:00;26.6;0;SOLEIL;5;20.2;0
Argent-sur-Sauldre;47.56;2.45;01/08/2026;15:00;28.0;0;SOLEIL;5;21.2;0
Argent-sur-Sauldre;47.56;2.45;01/08/2026;16:00;26.6;0;SOLEIL;5;23.4;0
Argent-sur-Sauldre;47.56;2.45;01/08/2026;17:00;;0;SOLEIL;;25.6;0
Argent-sur-Sauldre;47.56;2.45;01/08/2026;18:00;;0;SOLEIL;;27.7;0
Argent-sur-Sauldre;47.56;2.45;01/08/2026;19:00;;0;SOLEIL;;29.2;0
Argent-sur-Sauldre;47.56;2.45;01/08/2026;20:00;20.8;0;SOLEIL;5;29.9;0
Argent-sur-Sauldre;47.56;2.45;01/08/2026;21:00;19.4;0;SOLEIL;5;29.5;0
Argent-sur-Sauldre;47.56;2.45;01/08/2026;22:00;18.0;0;SOLEIL;5;28.1;0
Argent-sur-Sauldre;47.56;2.45;01/08/2026;23:00;;0;SOLEIL;;26.3;0
Argent-sur-Sauldre;47.56;2.45;02/08/2026;00:00;;0;SOLEIL;;24.1;0
Argent-sur-Sauldre;47.56;2.45;02/08/2026;01:00;;0;SOLEIL;;22.3;0
Argent-sur-Sauldre;47.56;2.45;02/08/2026;02:00;14.6;0;SOLEIL;5;20.9;0
Argent-sur-Sauldre;47.56;2.45;02/08/2026;03:00;14.6;0;SOLEIL;5;19.8;0
Argent-sur-Sauldre;47.56;2.45;02/08/2026;04:00;14.6;0;SOLEIL;5;19.1;0
Argent-sur-Sauldre;47.56;2.45;02/08/2026;05:00;;0;SOLEIL;;18.4;0
Argent-sur-Sauldre;47.56;2.45;02/08/2026;06:00;;0;SOLEIL;;17.6;0
Argent-sur-Sauldre;47.56;2.45;02/08/2026;07:00;;0;SOLEIL;;16.9;0
Argent-sur-Sauldre;47.56;2.45;02/08/2026;08:00;17.2;0;SOLEIL;5;16.6;0
Argent-sur-Sauldre;47.56;2.45;02/08/2026;09:00;18.5;0;SOLEIL;5;16.2;0
Argent-sur-Sauldre;47.56;2.45;02/08/2026;10:00;19.8;0;SOLEIL;5;16.2;0
Argent-sur-Sauldre;47.56;2.45;02/08/2026;11:00;;0;SOLEIL;;15.8;0
Argent-sur-Sauldre;47.56;2.45;02/08/2026;12:00;;0;SOLEIL;;15.8;0
Argent-sur-Sauldre;47.56;2.45;02/08/2026;13:00;;0;SOLEIL;;16.2;0
Argent-sur-Sauldre;47.56;2.45;02/08/2026;14:00;25.1;0;SOLEIL;5;16.2;0
Argent-sur-Sauldre;47.56;2.45;02/08/2026;15:00;26.4;0;SOLEIL;5;16.6;0
Argent-sur-Sauldre;47.56;2.45;02/08/2026;16:00;25.1;0;SOLEIL;5;16.9;0
Argent-sur-Sauldre;47.56;2.45;02/08/2026;17:00;;0;SOLEIL;;17.6;0
Argent-sur-Sauldre;47.56;2.45;02/08/2026;18:00;;0;SOLEIL;;18.0;0
Argent-sur-Sauldre;47.56;2.45;02/08/2026;19:00;;0;SOLEIL;;18.4;0
Argent-sur-Sauldre;47.56;2.45;02/08/2026;20:00;19.8;0;SOLEIL;5;18.7;0
Argent-sur-Sauldre;47.56;2.45;02/08/2026;21:00;18.5;0;SOLEIL;5;18.7;0
Argent-sur-Sauldre;47.56;2.45;02/08/2026;22:00;17.2;0;SOLEIL;5;18.4;0
Argent-sur-Sauldre;47.56;2.45;02/08/2026;23:00;15.9;0;SOLEIL;5;18.0;0
Argent-sur-Sauldre;47.56;2.45;03/08/2026;00:00;12;0;SOLEIL;5;16.3;0
Argent-sur-Sauldre;47.56;2.45;03/08/2026;01:00;12;0;SOLEIL;5;21.2;0
Argent-sur-Sauldre;47.56;2.45;03/08/2026;02:00;12;0;SOLEIL;5;29.6;0
Argent-sur-Sauldre;47.56;2.45;03/08/2026;03:00;12;0;SOLEIL;5;33.1;0
Argent-sur-Sauldre;47.56;2.45;03/08/2026;04:00;12;0;SOLEIL;5;27.7;0
Argent-sur-Sauldre;47.56;2.45;03/08/2026;05:00;12;0;SOLEIL;5;22.7;0
Argent-sur-Sauldre;47.56;2.45;03/08/2026;06:00;12;0;SOLEIL;5;18.7;0
Argent-sur-Sauldre;47.56;2.45;03/08/2026;07:00;13.1;0;SOLEIL;5;15.1;0
Argent-sur-Sauldre;47.56;2.45;03/08/2026;08:00;14.2;0;SOLEIL;5;13.3;0
Argent-sur-Sauldre;47.56;2.45;03/08/2026;09:00;15.3;0;SOLEIL;5;14.0;0
Argent-sur-Sauldre;47.56;2.45;03/08/2026;10:00;16.4;0;SOLEIL;5;16.9;0
Argent-sur-Sauldre;47.56;2.45;03/08/2026;11:00;17.6;0;SOLEIL;5;20.2;0
Argent-sur-Sauldre;47.56;2.45;03/08/2026;12:00;18.7;0;SOLEIL;5;24.8;0
Argent-sur-Sauldre;47.56;2.45;03/08/2026;13:00;19.8;0;SOLEIL;5;29.9;0
Argent-sur-Sauldre;47.56;2.45;03/08/2026;14:00;20.9;0;SOLEIL;5;33.8;0
Argent-sur-Sauldre;47.56;2.45;03/08/2026;15:00;22.0;0;SOLEIL;5;35.6;0
Argent-sur-Sauldre;47.56;2.45;03/08/2026;16:00;20.9;0;SOLEIL;5;36.4;0
Argent-sur-Sauldre;47.56;2.45;03/08/2026;17:00;19.8;0;SOLEIL;5;35.3;0
Argent-sur-Sauldre;47.56;2.45;03/08/2026;18:00;18.7;0;SOLEIL;5;31.3;0
Argent-sur-Sauldre;47.56;2.45;03/08/2026;19:00;17.6;0;SOLEIL;5;25.9;0
Argent-sur-Sauldre;47.56;2.45;03/08/2026;20:00;16.4;0;SOLEIL;5;23.8;0
Argent-sur-Sauldre;47.56;2.45;03/08/2026;21:00;15.3;0;SOLEIL;5;28.1;0
Argent-sur-Sauldre;47.56;2.45;03/08/2026;22:00;14.2;0;SOLEIL;5;35.6;0
Argent-sur-Sauldre;47.56;2.45;03/08/2026;23:00;13.1;0;SOLEIL;5;41.0;0
Argent-sur-Sauldre;47.56;2.45;04/08/2026;00:00;12;0;SOLEIL;5;0.0;0
Argent-sur-Sauldre;47.56;2.45;04/08/2026;01:00;12;0;SOLEIL;5;0.0;0
Argent-sur-Sauldre;47.56;2.45;04/08/2026;02:00;12;0;SOLEIL;5;0.0;0
Argent-sur-Sauldre;47.56;2.45;04/08/2026;03:00;12;0;SOLEIL;5;0.0;0
Argent-sur-Sauldre;47.56;2.45;04/08/2026;04:00;12;0;SOLEIL;5;0.0;0
Argent-sur-Sauldre;47.56;2.45;04/08/2026;05:00;12;0;SOLEIL;5;0.0;0
Argent-sur-Sauldre;47.56;2.45;04/08/2026;06:00;12;0;SOLEIL;5;0.0;0
Argent-sur-Sauldre;47.56;2.45;04/08/2026;07:00;13.1;0;SOLEIL;5;0.0;0
Argent-sur-Sauldre;47.56;2.45;04/08/2026;08:00;14.2;0;SOLEIL;5;0.0;0
Argent-sur-Sauldre;47.56;2.45;04/08/2026;09:00;15.3;0;SOLEIL;5;0.0;0
Argent-sur-Sauldre;47.56;2.45;04/08/2026;10:00;16.4;0;SOLEIL;5;0.0;0
Argent-sur-Sauldre;47.56;2.45;04/08/2026;11:00;17.6;0;SOLEIL;5;0.0;0
Argent-sur-Sauldre;47.56;2.45;04/08/2026;12:00;18.7;0;SOLEIL;5;0.0;0
Argent-sur-Sauldre;47.56;2.45;04/08/2026;13:00;19.8;0;SOLEIL;5;0.0;0
Argent-sur-Sauldre;47.56;2.45;04/08/2026;14:00;20.9;0;SOLEIL;5;0.0;0
Argent-sur-Sauldre;47.56;2.45;04/08/2026;15:00;22.0;0;SOLEIL;5;0.0;0
Argent-sur-Sauldre;47.56;2.45;04/08/2026;16:00;20.9;0;SOLEIL;5;0.0;0
Argent-sur-Sauldre;47.56;2.45;04/08/2026;17:00;19.8;0;SOLEIL;5;0.0;0
Argent-sur-Sauldre;47.56;2.45;04/08/2026;18:00;18.7;0;SOLEIL;5;0.0;0
Argent-sur-Sauldre;47.56;2.45;04/08/2026;19:00;17.6;0;SOLEIL;5;0.0;0
Argent-sur-Sauldre;47.56;2.45;04/08/2026;20:00;16.4;0;SOLEIL;5;0.0;0
Argent-sur-Sauldre;47.56;2.45;04/08/2026;21:00;15.3;0;SOLEIL;5;0.0;0
Argent-sur-Sauldre;47.56;2.45;04/08/2026;22:00;14.2;0;SOLEIL;5;0.0;0
Argent-sur-Sauldre;47.56;2.45;04/08/2026;23:00;13.1;0;SOLEIL;5;0.0;0
Bourges;47.08;2.39;20/07/2026;00:00;14.7;0;SOLEIL;3;17.3;0
Bourges;47.08;2.39;20/07/2026;01:00;13.4;0;SOLEIL;4;14.8;0
Bourges;47.08;2.39;20/07/2026;02:00;12.7;0;SOLEIL;4;18.0;0
Bourges;47.08;2.39;20/07/2026;03:00;12.6;0;SOLEIL;4;22.3;0
Bourges;47.08;2.39;20/07/2026;04:00;11.1;0;SOLEIL;4;22.3;0
Bourges;47.08;2.39;20/07/2026;05:00;12.1;0;SOLEIL;4;21.6;0
Bourges;47.08;2.39;20/07/2026;06:00;14.9;0;SOLEIL;5;22.0;0
Bourges;47.08;2.39;20/07/2026;07:00;16.6;0;SOLEIL;5;23.4;0
Bourges;47.08;2.39;20/07/2026;08:00;18.6;0;SOLEIL;5;25.9;0
Bourges;47.08;2.39;20/07/2026;09:00;20.7;0;SOLEIL;5;28.8;0
Bourges;47.08;2.39;20/07/2026;10:00;21.7;0;SOLEIL;5;31.0;0
Bourges;47.08;2.39;20/07/2026;11:00;23.2;0;SOLEIL;5;32.4;0
Bourges;47.08;2.39;20/07/2026;12:00;24.4;0;SOLEIL;5;34.2;0
Bourges;47.08;2.39;20/07/2026;13:00;25.1;0;SOLEIL;5;34.2;0
Bourges;47.08;2.39;20/07/2026;14:00;25.7;0;SOLEIL;5;33.5;0
Bourges;47.08;2.39;20/07/2026;15:00;26.6;0;SOLEIL;5;31.7;0
Bourges;47.08;2.39;20/07/2026;16:00;26;0;SOLEIL;6;33.5;0
Bourges;47.08;2.39;20/07/2026;17:00;24.7;0;SOLEIL;6;36.0;0
Bourges;47.08;2.39;20/07/2026;18:00;24.6;0;SOLEIL;5;45.0;0
Bourges;47.08;2.39;20/07/2026;19:00;22.6;0;SOLEIL;5;40.7;0
Bourges;47.08;2.39;20/07/2026;20:00;19.2;0;SOLEIL;4;33.5;0
Bourges;47.08;2.39;20/07/2026;21:00;17.2;0;SOLEIL;4;30.6;0
Bourges;47.08;2.39;20/07/2026;22:00;16.5;0;SOLEIL;4;23.0;0
Bourges;47.08;2.39;20/07/2026;23:00;15.2;0;SOLEIL;4;23.8;0
Bourges;47.08;2.39;21/07/2026;00:00;14.1;0;SOLEIL;4;18.0;0
Bourges;47.08;2.39;21/07/2026;01:00;14.1;0;SOLEIL;4;19.4;0
Bourges;47.08;2.39;21/07/2026;02:00;12.1;0;SOLEIL;5;20.2;0
Bourges;47.08;2.39;21/07/2026;03:00;12.1;0;SOLEIL;5;21.6;0
Bourges;47.08;2.39;21/07/2026;04:00;12.1;0;SOLEIL;5;21.6;0
Bourges;47.08;2.39;21/07/2026;05:00;15;0;SOLEIL;4;21.2;0
Bourges;47.08;2.39;21/07/2026;06:00;15;0;SOLEIL;4;20.9;0
Bourges;47.08;2.39;21/07/2026;07:00;15;0;SOLEIL;4;20.2;0
Bourges;47.08;2.39;21/07/2026;08:00;21.2;0;SOLEIL;5;23.4;0
Bourges;47.08;2.39;21/07/2026;09:00;21.2;0;SOLEIL;5;25.2;0
Bourges;47.08;2.39;21/07/2026;10:00;21.2;0;SOLEIL;5;27.0;0
Bourges;47.08;2.39;21/07/2026;11:00;25.1;0;SOLEIL;5;29.5;0
Bourges;47.08;2.39;21/07/2026;12:00;25.1;0;SOLEIL;5;34.6;0
Bourges;47.08;2.39;21/07/2026;13:00;25.1;0;SOLEIL;5;37.4;0
Bourges;47.08;2.39;21/07/2026;14:00;27.5;0;SOLEIL;5;37.7;0
Bourges;47.08;2.39;21/07/2026;15:00;27.5;0;SOLEIL;5;37.8;0
Bourges;47.08;2.39;21/07/2026;16:00;27.5;0;SOLEIL;5;37.1;0
Bourges;47.08;2.39;21/07/2026;17:00;26.1;0;SOLEIL;5;37.8;0
Bourges;47.08;2.39;21/07/2026;18:00;26.1;0;SOLEIL;5;37.8;0
Bourges;47.08;2.39;21/07/2026;19:00;26.1;0;SOLEIL;5;37.1;0
Bourges;47.08;2.39;21/07/2026;20:00;17.9;0;SOLEIL;4;34.9;0
Bourges;47.08;2.39;21/07/2026;21:00;17.9;0;SOLEIL;4;29.5;0
Bourges;47.08;2.39;21/07/2026;22:00;17.9;0;SOLEIL;4;21.2;0
Bourges;47.08;2.39;21/07/2026;23:00;15;0;SOLEIL;4;17.6;0
Bourges;47.08;2.39;22/07/2026;00:00;15;0;SOLEIL;4;16.9;0
Bourges;47.08;2.39;22/07/2026;01:00;15;0;SOLEIL;4;15.1;0
Bourges;47.08;2.39;22/07/2026;02:00;12.4;0;SOLEIL;3;15.5;0
Bourges;47.08;2.39;22/07/2026;03:00;12.4;0;SOLEIL;3;14.8;0
Bourges;47.08;2.39;22/07/2026;04:00;12.4;0;SOLEIL;3;13.3;0
Bourges;47.08;2.39;22/07/2026;05:00;16;0;SOLEIL;3;10.1;0
Bourges;47.08;2.39;22/07/2026;06:00;16;0;SOLEIL;3;10.4;0
Bourges;47.08;2.39;22/07/2026;07:00;16;0;SOLEIL;3;10.4;0
Bourges;47.08;2.39;22/07/2026;08:00;23.6;0;SOLEIL;3;15.8;0
Bourges;47.08;2.39;22/07/2026;09:00;23.6;0;SOLEIL;3;21.2;0
Bourges;47.08;2.39;22/07/2026;10:00;23.6;0;SOLEIL;3;24.8;0
Bourges;47.08;2.39;22/07/2026;11:00;27;0;SOLEIL;3;27.7;0
Bourges;47.08;2.39;22/07/2026;12:00;27;0;SOLEIL;3;28.8;0
Bourges;47.08;2.39;22/07/2026;13:00;27;0;SOLEIL;3;28.8;0
Bourges;47.08;2.39;22/07/2026;14:00;28.9;0;SOLEIL;4;28.8;0
Bourges;47.08;2.39;22/07/2026;15:00;28.9;0;SOLEIL;4;29.2;0
Bourges;47.08;2.39;22/07/2026;16:00;28.9;0;SOLEIL;4;29.5;0
Bourges;47.08;2.39;22/07/2026;17:00;26.7;0;SOLEIL;4;29.9;0
Bourges;47.08;2.39;22/07/2026;18:00;26.7;0;SOLEIL;4;31.3;0
Bourges;47.08;2.39;22/07/2026;19:00;26.7;0;SOLEIL;4;33.1;0
Bourges;47.08;2.39;22/07/2026;20:00;19.3;0;SOLEIL;5;32.0;0
Bourges;47.08;2.39;22/07/2026;21:00;17.4;0;SOLEIL;5;25.2;0
Bourges;47.08;2.39;22/07/2026;22:00;15.4;0;SOLEIL;5;15.5;0
Bourges;47.08;2.39;22/07/2026;23:00;16.6;0;SOLEIL;4;8.3;0
Bourges;47.08;2.39;23/07/2026;00:00;16.6;0;SOLEIL;4;6.8;0
Bourges;47.08;2.39;23/07/2026;01:00;16.6;0;SOLEIL;4;8.3;0
Bourges;47.08;2.39;23/07/2026;02:00;13.7;0;SOLEIL;5;9.4;0
Bourges;47.08;2.39;23/07/2026;03:00;13.7;0;SOLEIL;5;8.6;0
Bourges;47.08;2.39;23/07/2026;04:00;13.7;0;SOLEIL;5;7.9;0
Bourges;47.08;2.39;23/07/2026;05:00;17.7;0;SOLEIL;3;8.3;0
Bourges;47.08;2.39;23/07/2026;06:00;17.7;0;SOLEIL;3;11.2;0
Bourges;47.08;2.39;23/07/2026;07:00;17.7;0;SOLEIL;3;15.5;0
Bourges;47.08;2.39;23/07/2026;08:00;17.2;0;SOLEIL;5;19.8;0
Bourges;47.08;2.39;23/07/2026;09:00;19.0;0;SOLEIL;5;24.5;0
Bourges;47.08;2.39;23/07/2026;10:00;20.8;0;SOLEIL;5;29.2;0
Bourges;47.08;2.39;23/07/2026;11:00;27.6;0;SOLEIL;4;32.4;0
Bourges;47.08;2.39;23/07/2026;12:00;27.6;0;SOLEIL;4;33.5;0
Bourges;47.08;2.39;23/07/2026;13:00;27.6;0;SOLEIL;4;33.1;0
Bourges;47.08;2.39;23/07/2026;14:00;27.8;0;SOLEIL;5;32.8;0
Bourges;47.08;2.39;23/07/2026;15:00;29.6;0;SOLEIL;5;33.5;0
Bourges;47.08;2.39;23/07/2026;16:00;27.8;0;SOLEIL;5;34.2;0
Bourges;47.08;2.39;23/07/2026;17:00;27.4;0;SOLEIL;4;34.2;0
Bourges;47.08;2.39;23/07/2026;18:00;27.4;0;SOLEIL;4;34.2;0
Bourges;47.08;2.39;23/07/2026;19:00;27.4;0;SOLEIL;4;33.5;0
Bourges;47.08;2.39;23/07/2026;20:00;20.8;0;SOLEIL;5;31.0;0
Bourges;47.08;2.39;23/07/2026;21:00;19.0;0;SOLEIL;5;25.2;0
Bourges;47.08;2.39;23/07/2026;22:00;17.2;0;SOLEIL;5;18.0;0
Bourges;47.08;2.39;23/07/2026;23:00;15.9;0;SOLEIL;4;12.6;0
Bourges;47.08;2.39;24/07/2026;00:00;15.9;0;SOLEIL;4;11.2;0
Bourges;47.08;2.39;24/07/2026;01:00;15.9;0;SOLEIL;4;11.9;0
Bourges;47.08;2.39;24/07/2026;02:00;12.4;0;SOLEIL;5;12.2;0
Bourges;47.08;2.39;24/07/2026;03:00;12.4;0;SOLEIL;5;11.2;0
Bourges;47.08;2.39;24/07/2026;04:00;12.4;0;SOLEIL;5;9.4;0
Bourges;47.08;2.39;24/07/2026;05:00;16.6;0;SOLEIL;3;8.6;0
Bourges;47.08;2.39;24/07/2026;06:00;16.6;0;SOLEIL;3;8.6;0
Bourges;47.08;2.39;24/07/2026;07:00;16.6;0;SOLEIL;3;9.0;0
Bourges;47.08;2.39;24/07/2026;08:00;16.4;0;SOLEIL;5;8.7;0
Bourges;47.08;2.39;24/07/2026;09:00;18.5;0;SOLEIL;5;9.4;0
Bourges;47.08;2.39;24/07/2026;10:00;20.5;0;SOLEIL;5;14.4;0
Bourges;47.08;2.39;24/07/2026;11:00;28;0;SOLEIL;3;18.0;0
Bourges;47.08;2.39;24/07/2026;12:00;28;0;SOLEIL;3;19.8;0
Bourges;47.08;2.39;24/07/2026;13:00;28;0;SOLEIL;3;20.2;0
Bourges;47.08;2.39;24/07/2026;14:00;28.6;0;SOLEIL;5;20.5;0
Bourges;47.08;2.39;24/07/2026;15:00;30.6;0;SOLEIL;5;20.2;0
Bourges;47.08;2.39;24/07/2026;16:00;28.6;0;SOLEIL;5;19.8;0
Bourges;47.08;2.39;24/07/2026;17:00;28.6;0;SOLEIL;3;19.1;0
Bourges;47.08;2.39;24/07/2026;18:00;28.6;0;SOLEIL;3;19.1;0
Bourges;47.08;2.39;24/07/2026;19:00;28.6;0;SOLEIL;3;19.4;0
Bourges;47.08;2.39;24/07/2026;20:00;20.5;0;SOLEIL;5;18.4;0
Bourges;47.08;2.39;24/07/2026;21:00;18.5;0;SOLEIL;5;14.8;0
Bourges;47.08;2.39;24/07/2026;22:00;16.4;0;SOLEIL;5;10.1;0
Bourges;47.08;2.39;24/07/2026;23:00;17.6;0;SOLEIL;3;6.5;0
Bourges;47.08;2.39;25/07/2026;00:00;17.6;0;SOLEIL;3;5.0;0
Bourges;47.08;2.39;25/07/2026;01:00;17.6;0;SOLEIL;3;4.3;0
Bourges;47.08;2.39;25/07/2026;02:00;16.4;0;SOLEIL;5;4.0;0
Bourges;47.08;2.39;25/07/2026;03:00;16.4;0;SOLEIL;5;3.2;0
Bourges;47.08;2.39;25/07/2026;04:00;16.4;0;SOLEIL;5;2.9;0
Bourges;47.08;2.39;25/07/2026;05:00;18.4;0;SOLEIL;3;2.9;0
Bourges;47.08;2.39;25/07/2026;06:00;18.4;0;SOLEIL;3;3.2;0
Bourges;47.08;2.39;25/07/2026;07:00;18.4;0;SOLEIL;3;4.3;0
Bourges;47.08;2.39;25/07/2026;08:00;19.4;0;SOLEIL;5;5.8;0
Bourges;47.08;2.39;25/07/2026;09:00;21.0;0;SOLEIL;5;7.6;0
Bourges;47.08;2.39;25/07/2026;10:00;22.5;0;SOLEIL;5;9.7;0
Bourges;47.08;2.39;25/07/2026;11:00;28.4;0;SOLEIL;3;12.6;0
Bourges;47.08;2.39;25/07/2026;12:00;28.4;0;SOLEIL;3;16.2;0
Bourges;47.08;2.39;25/07/2026;13:00;28.4;0;SOLEIL;3;19.8;0
Bourges;47.08;2.39;25/07/2026;14:00;28.6;0;SOLEIL;5;23.4;0
Bourges;47.08;2.39;25/07/2026;15:00;30.1;0;SOLEIL;5;26.3;0
Bourges;47.08;2.39;25/07/2026;16:00;28.6;0;SOLEIL;5;28.8;0
Bourges;47.08;2.39;25/07/2026;17:00;26.9;0;SOLEIL;4;30.2;0
Bourges;47.08;2.39;25/07/2026;18:00;26.9;0;SOLEIL;4;30.6;0
Bourges;47.08;2.39;25/07/2026;19:00;26.9;0;SOLEIL;4;30.2;0
Bourges;47.08;2.39;25/07/2026;20:00;22.5;0;SOLEIL;5;28.1;0
Bourges;47.08;2.39;25/07/2026;21:00;21.0;0;SOLEIL;5;23.0;0
Bourges;47.08;2.39;25/07/2026;22:00;19.4;0;SOLEIL;5;16.9;0
Bourges;47.08;2.39;25/07/2026;23:00;18.5;0;SOLEIL;4;12.2;0
Bourges;47.08;2.39;26/07/2026;00:00;18.5;0;SOLEIL;4;11.5;0
Bourges;47.08;2.39;26/07/2026;01:00;18.5;0;SOLEIL;4;13.0;0
Bourges;47.08;2.39;26/07/2026;02:00;15.9;0;SOLEIL;5;13.0;0
Bourges;47.08;2.39;26/07/2026;03:00;15.9;0;SOLEIL;5;10.1;0
Bourges;47.08;2.39;26/07/2026;04:00;15.9;0;SOLEIL;5;6.1;0
Bourges;47.08;2.39;26/07/2026;05:00;17.1;0;SOLEIL;4;3.2;0
Bourges;47.08;2.39;26/07/2026;06:00;17.1;0;SOLEIL;4;1.8;0
Bourges;47.08;2.39;26/07/2026;07:00;17.1;0;SOLEIL;4;1.4;0
Bourges;47.08;2.39;26/07/2026;08:00;18.0;0;SOLEIL;5;2.2;0
Bourges;47.08;2.39;26/07/2026;09:00;19.1;0;SOLEIL;5;5.0;0
Bourges;47.08;2.39;26/07/2026;10:00;20.2;0;SOLEIL;5;9.7;0
Bourges;47.08;2.39;26/07/2026;11:00;23.7;0;SOLEIL;5;13.7;0
Bourges;47.08;2.39;26/07/2026;12:00;23.7;0;SOLEIL;5;20.0;0
Bourges;47.08;2.39;26/07/2026;13:00;23.7;0;SOLEIL;5;26.1;0
Bourges;47.08;2.39;26/07/2026;14:00;24.4;0;SOLEIL;5;32.0;0
Bourges;47.08;2.39;26/07/2026;15:00;25.5;0;SOLEIL;5;37.4;0
Bourges;47.08;2.39;26/07/2026;16:00;24.4;0;SOLEIL;5;39.2;0
Bourges;47.08;2.39;26/07/2026;17:00;23.5;0;SOLEIL;5;40.7;0
Bourges;47.08;2.39;26/07/2026;18:00;23.5;0;SOLEIL;5;42.1;0
Bourges;47.08;2.39;26/07/2026;19:00;23.5;0;SOLEIL;5;42.8;0
Bourges;47.08;2.39;26/07/2026;20:00;20.2;0;SOLEIL;5;42.8;0
Bourges;47.08;2.39;26/07/2026;21:00;19.1;0;SOLEIL;5;42.1;0
Bourges;47.08;2.39;26/07/2026;22:00;18.0;0;SOLEIL;5;40.7;0
Bourges;47.08;2.39;26/07/2026;23:00;17.1;0;SOLEIL;4;38.5;0
Bourges;47.08;2.39;27/07/2026;00:00;17.1;0;SOLEIL;4;36.7;0
Bourges;47.08;2.39;27/07/2026;01:00;17.1;0;SOLEIL;4;34.9;0
Bourges;47.08;2.39;27/07/2026;02:00;15.1;6;AVERSES;5;33.8;0
Bourges;47.08;2.39;27/07/2026;03:00;15.1;6;AVERSES;5;33.5;0
Bourges;47.08;2.39;27/07/2026;04:00;15.1;6;AVERSES;5;33.5;0
Bourges;47.08;2.39;27/07/2026;05:00;16.6;0;SOLEIL;4;34.2;0
Bourges;47.08;2.39;27/07/2026;06:00;16.6;0;SOLEIL;4;34.6;0
Bourges;47.08;2.39;27/07/2026;07:00;16.6;0;SOLEIL;4;35.6;0
Bourges;47.08;2.39;27/07/2026;08:00;17.1;6;AVERSES;5;36.4;0
Bourges;47.08;2.39;27/07/2026;09:00;18.1;6;AVERSES;5;37.4;0
Bourges;47.08;2.39;27/07/2026;10:00;19.1;6;AVERSES;5;38.9;0
Bourges;47.08;2.39;27/07/2026;11:00;21.6;6;AVERSES;5;40.7;0
Bourges;47.08;2.39;27/07/2026;12:00;21.6;6;AVERSES;5;42.1;0
Bourges;47.08;2.39;27/07/2026;13:00;21.6;6;AVERSES;5;43.6;0
Bourges;47.08;2.39;27/07/2026;14:00;23.1;6;AVERSES;5;44.6;0
Bourges;47.08;2.39;27/07/2026;15:00;24.1;6;AVERSES;5;45.4;0
Bourges;47.08;2.39;27/07/2026;16:00;23.1;6;AVERSES;5;46.4;0
Bourges;47.08;2.39;27/07/2026;17:00;22.6;6;AVERSES;4;47.2;0
Bourges;47.08;2.39;27/07/2026;18:00;22.6;6;AVERSES;4;47.5;0
Bourges;47.08;2.39;27/07/2026;19:00;22.6;6;AVERSES;4;47.2;0
Bourges;47.08;2.39;27/07/2026;20:00;19.1;6;AVERSES;5;46.4;0
Bourges;47.08;2.39;27/07/2026;21:00;18.1;6;AVERSES;5;44.6;0
Bourges;47.08;2.39;27/07/2026;22:00;17.1;6;AVERSES;5;42.1;0
Bourges;47.08;2.39;27/07/2026;23:00;15.9;6;AVERSES;4;38.9;0
Bourges;47.08;2.39;28/07/2026;00:00;15.9;6;AVERSES;4;35.6;0
Bourges;47.08;2.39;28/07/2026;01:00;15.9;6;AVERSES;4;32.4;0
Bourges;47.08;2.39;28/07/2026;02:00;14;0;SOLEIL;5;30.2;0
Bourges;47.08;2.39;28/07/2026;03:00;14;0;SOLEIL;5;28.4;0
Bourges;47.08;2.39;28/07/2026;04:00;14;0;SOLEIL;5;26.6;0
Bourges;47.08;2.39;28/07/2026;05:00;15.6;0;SOLEIL;4;25.6;0
Bourges;47.08;2.39;28/07/2026;06:00;15.6;0;SOLEIL;4;24.5;0
Bourges;47.08;2.39;28/07/2026;07:00;15.6;0;SOLEIL;4;24.1;0
Bourges;47.08;2.39;28/07/2026;08:00;16.2;0;SOLEIL;5;24.5;0
Bourges;47.08;2.39;28/07/2026;09:00;17.3;0;SOLEIL;5;25.9;0
Bourges;47.08;2.39;28/07/2026;10:00;18.4;0;SOLEIL;5;28.4;0
Bourges;47.08;2.39;28/07/2026;11:00;22.2;6;AVERSES;5;31.3;0
Bourges;47.08;2.39;28/07/2026;12:00;22.2;6;AVERSES;5;34.6;0
Bourges;47.08;2.39;28/07/2026;13:00;22.2;6;AVERSES;5;37.1;0
Bourges;47.08;2.39;28/07/2026;14:00;22.9;0;SOLEIL;5;39.2;0
Bourges;47.08;2.39;28/07/2026;15:00;24.0;0;SOLEIL;5;40.7;0
Bourges;47.08;2.39;28/07/2026;16:00;22.9;0;SOLEIL;5;41.8;0
Bourges;47.08;2.39;28/07/2026;17:00;21.9;0;SOLEIL;4;42.5;0
Bourges;47.08;2.39;28/07/2026;18:00;21.9;0;SOLEIL;4;42.8;0
Bourges;47.08;2.39;28/07/2026;19:00;21.9;0;SOLEIL;4;42.8;0
Bourges;47.08;2.39;28/07/2026;20:00;18.4;0;SOLEIL;5;42.1;0
Bourges;47.08;2.39;28/07/2026;21:00;17.3;0;SOLEIL;5;40.7;0
Bourges;47.08;2.39;28/07/2026;22:00;16.2;0;SOLEIL;5;38.2;0
Bourges;47.08;2.39;28/07/2026;23:00;15.2;0;SOLEIL;4;34.9;0
Bourges;47.08;2.39;29/07/2026;00:00;15.2;0;SOLEIL;4;32.0;0
Bourges;47.08;2.39;29/07/2026;01:00;15.2;0;SOLEIL;4;29.5;0
Bourges;47.08;2.39;29/07/2026;02:00;13.6;0;SOLEIL;5;28.4;0
Bourges;47.08;2.39;29/07/2026;03:00;13.6;0;SOLEIL;5;28.4;0
Bourges;47.08;2.39;29/07/2026;04:00;13.6;0;SOLEIL;5;29.2;0
Bourges;47.08;2.39;29/07/2026;05:00;;0;SOLEIL;;31.0;0
Bourges;47.08;2.39;29/07/2026;06:00;;0;SOLEIL;;32.8;0
Bourges;47.08;2.39;29/07/2026;07:00;;0;SOLEIL;;34.6;0
Bourges;47.08;2.39;29/07/2026;08:00;16.6;0;SOLEIL;5;36.0;0
Bourges;47.08;2.39;29/07/2026;09:00;18.1;0;SOLEIL;5;37.4;0
Bourges;47.08;2.39;29/07/2026;10:00;19.6;0;SOLEIL;5;39.2;0
Bourges;47.08;2.39;29/07/2026;11:00;;0;SOLEIL;;41.0;0
Bourges;47.08;2.39;29/07/2026;12:00;;0;SOLEIL;;42.5;0
Bourges;47.08;2.39;29/07/2026;13:00;;0;SOLEIL;;43.9;0
Bourges;47.08;2.39;29/07/2026;14:00;25.6;0;SOLEIL;5;45.0;0
Bourges;47.08;2.39;29/07/2026;15:00;27.1;0;SOLEIL;5;45.7;0
Bourges;47.08;2.39;29/07/2026;16:00;25.6;0;SOLEIL;5;46.4;0
Bourges;47.08;2.39;29/07/2026;17:00;;0;SOLEIL;;47.2;0
Bourges;47.08;2.39;29/07/2026;18:00;;0;SOLEIL;;47.2;0
Bourges;47.08;2.39;29/07/2026;19:00;;0;SOLEIL;;46.8;0
Bourges;47.08;2.39;29/07/2026;20:00;19.6;0;SOLEIL;5;45.4;0
Bourges;47.08;2.39;29/07/2026;21:00;18.1;0;SOLEIL;5;42.8;0
Bourges;47.08;2.39;29/07/2026;22:00;16.6;0;SOLEIL;5;39.6;0
Bourges;47.08;2.39;29/07/2026;23:00;;0;SOLEIL;;35.3;0
Bourges;47.08;2.39;30/07/2026;00:00;;0;SOLEIL;;31.0;0
Bourges;47.08;2.39;30/07/2026;01:00;;0;SOLEIL;;27.0;0
Bourges;47.08;2.39;30/07/2026;02:00;13.6;0;SOLEIL;5;23.8;0
Bourges;47.08;2.39;30/07/2026;03:00;13.6;0;SOLEIL;5;20.9;0
Bourges;47.08;2.39;30/07/2026;04:00;13.6;0;SOLEIL;5;18.0;0
Bourges;47.08;2.39;30/07/2026;05:00;;0;SOLEIL;;15.5;0
Bourges;47.08;2.39;30/07/2026;06:00;;0;SOLEIL;;13.3;0
Bourges;47.08;2.39;30/07/2026;07:00;;0;SOLEIL;;11.9;0
Bourges;47.08;2.39;30/07/2026;08:00;16.8;0;SOLEIL;5;11.5;0
Bourges;47.08;2.39;30/07/2026;09:00;18.4;0;SOLEIL;5;12.2;0
Bourges;47.08;2.39;30/07/2026;10:00;20.0;0;SOLEIL;5;14.4;0
Bourges;47.08;2.39;30/07/2026;11:00;;0;SOLEIL;;16.9;0
Bourges;47.08;2.39;30/07/2026;12:00;;0;SOLEIL;;19.8;0
Bourges;47.08;2.39;30/07/2026;13:00;;0;SOLEIL;;22.3;0
Bourges;47.08;2.39;30/07/2026;14:00;26.4;0;SOLEIL;5;24.1;0
Bourges;47.08;2.39;30/07/2026;15:00;28.0;0;SOLEIL;5;25.2;0
Bourges;47.08;2.39;30/07/2026;16:00;26.4;0;SOLEIL;5;25.6;0
Bourges;47.08;2.39;30/07/2026;17:00;;0;SOLEIL;;25.9;0
Bourges;47.08;2.39;30/07/2026;18:00;;0;SOLEIL;;25.9;0
Bourges;47.08;2.39;30/07/2026;19:00;;0;SOLEIL;;25.9;0
Bourges;47.08;2.39;30/07/2026;20:00;20.0;0;SOLEIL;5;25.6;0
Bourges;47.08;2.39;30/07/2026;21:00;18.4;0;SOLEIL;5;24.8;0
Bourges;47.08;2.39;30/07/2026;22:00;16.8;0;SOLEIL;5;24.1;0
Bourges;47.08;2.39;30/07/2026;23:00;;0;SOLEIL;;23.0;0
Bourges;47.08;2.39;31/07/2026;00:00;;0;SOLEIL;;22.0;0
Bourges;47.08;2.39;31/07/2026;01:00;;0;SOLEIL;;20.9;0
Bourges;47.08;2.39;31/07/2026;02:00;13.5;0;SOLEIL;5;20.2;0
Bourges;47.08;2.39;31/07/2026;03:00;13.5;0;SOLEIL;5;19.4;0
Bourges;47.08;2.39;31/07/2026;04:00;13.5;0;SOLEIL;5;18.7;0
Bourges;47.08;2.39;31/07/2026;05:00;;0;SOLEIL;;18.0;0
Bourges;47.08;2.39;31/07/2026;06:00;;0;SOLEIL;;17.6;0
Bourges;47.08;2.39;31/07/2026;07:00;;0;SOLEIL;;17.6;0
Bourges;47.08;2.39;31/07/2026;08:00;17.0;0;SOLEIL;5;18.0;0
Bourges;47.08;2.39;31/07/2026;09:00;18.7;0;SOLEIL;5;19.1;0
Bourges;47.08;2.39;31/07/2026;10:00;20.4;0;SOLEIL;5;20.9;0
Bourges;47.08;2.39;31/07/2026;11:00;;0;SOLEIL;;22.7;0
Bourges;47.08;2.39;31/07/2026;12:00;;0;SOLEIL;;24.8;0
Bourges;47.08;2.39;31/07/2026;13:00;;0;SOLEIL;;26.6;0
Bourges;47.08;2.39;31/07/2026;14:00;27.4;0;SOLEIL;5;28.1;0
Bourges;47.08;2.39;31/07/2026;15:00;29.1;0;SOLEIL;5;29.2;0
Bourges;47.08;2.39;31/07/2026;16:00;27.4;0;SOLEIL;5;30.2;0
Bourges;47.08;2.39;31/07/2026;17:00;;0;SOLEIL;;31.0;0
Bourges;47.08;2.39;31/07/2026;18:00;;0;SOLEIL;;31.0;0
Bourges;47.08;2.39;31/07/2026;19:00;;0;SOLEIL;;31.0;0
Bourges;47.08;2.39;31/07/2026;20:00;20.4;0;SOLEIL;5;29.9;0
Bourges;47.08;2.39;31/07/2026;21:00;18.7;0;SOLEIL;5;27.7;0
Bourges;47.08;2.39;31/07/2026;22:00;17.0;0;SOLEIL;5;24.5;0
Bourges;47.08;2.39;31/07/2026;23:00;;0;SOLEIL;;20.5;0
Bourges;47.08;2.39;01/08/2026;00:00;;0;SOLEIL;;16.6;0
Bourges;47.08;2.39;01/08/2026;01:00;;0;SOLEIL;;13.0;0
Bourges;47.08;2.39;01/08/2026;02:00;14.6;0;SOLEIL;5;10.8;0
Bourges;47.08;2.39;01/08/2026;03:00;14.6;0;SOLEIL;5;9.7;0
Bourges;47.08;2.39;01/08/2026;04:00;14.6;0;SOLEIL;5;9.4;0
Bourges;47.08;2.39;01/08/2026;05:00;;0;SOLEIL;;9.7;0
Bourges;47.08;2.39;01/08/2026;06:00;;0;SOLEIL;;10.4;0
Bourges;47.08;2.39;01/08/2026;07:00;;0;SOLEIL;;11.2;0
Bourges;47.08;2.39;01/08/2026;08:00;17.4;0;SOLEIL;5;12.2;0
Bourges;47.08;2.39;01/08/2026;09:00;18.9;0;SOLEIL;5;13.7;0
Bourges;47.08;2.39;01/08/2026;10:00;20.3;0;SOLEIL;5;15.5;0
Bourges;47.08;2.39;01/08/2026;11:00;;0;SOLEIL;;17.6;0
Bourges;47.08;2.39;01/08/2026;12:00;;0;SOLEIL;;19.4;0
Bourges;47.08;2.39;01/08/2026;13:00;;0;SOLEIL;;21.6;0
Bourges;47.08;2.39;01/08/2026;14:00;26.0;0;SOLEIL;5;23.4;0
Bourges;47.08;2.39;01/08/2026;15:00;27.4;0;SOLEIL;5;24.8;0
Bourges;47.08;2.39;01/08/2026;16:00;26.0;0;SOLEIL;5;26.6;0
Bourges;47.08;2.39;01/08/2026;17:00;;0;SOLEIL;;28.1;0
Bourges;47.08;2.39;01/08/2026;18:00;;0;SOLEIL;;29.5;0
Bourges;47.08;2.39;01/08/2026;19:00;;0;SOLEIL;;30.2;0
Bourges;47.08;2.39;01/08/2026;20:00;20.3;0;SOLEIL;5;30.6;0
Bourges;47.08;2.39;01/08/2026;21:00;18.9;0;SOLEIL;5;30.2;0
Bourges;47.08;2.39;01/08/2026;22:00;17.4;0;SOLEIL;5;28.8;0
Bourges;47.08;2.39;01/08/2026;23:00;;0;SOLEIL;;27.4;0
Bourges;47.08;2.39;02/08/2026;00:00;;0;SOLEIL;;25.6;0
Bourges;47.08;2.39;02/08/2026;01:00;;0;SOLEIL;;23.8;0
Bourges;47.08;2.39;02/08/2026;02:00;14.1;0;SOLEIL;5;22.3;0
Bourges;47.08;2.39;02/08/2026;03:00;14.1;0;SOLEIL;5;21.2;0
Bourges;47.08;2.39;02/08/2026;04:00;14.1;0;SOLEIL;5;19.8;0
Bourges;47.08;2.39;02/08/2026;05:00;;0;SOLEIL;;18.4;0
Bourges;47.08;2.39;02/08/2026;06:00;;0;SOLEIL;;17.3;0
Bourges;47.08;2.39;02/08/2026;07:00;;0;SOLEIL;;16.9;0
Bourges;47.08;2.39;02/08/2026;08:00;16.9;0;SOLEIL;5;16.6;0
Bourges;47.08;2.39;02/08/2026;09:00;18.3;0;SOLEIL;5;16.9;0
Bourges;47.08;2.39;02/08/2026;10:00;19.7;0;SOLEIL;5;18.0;0
Bourges;47.08;2.39;02/08/2026;11:00;;0;SOLEIL;;19.4;0
Bourges;47.08;2.39;02/08/2026;12:00;;0;SOLEIL;;21.2;0
Bourges;47.08;2.39;02/08/2026;13:00;;0;SOLEIL;;22.7;0
Bourges;47.08;2.39;02/08/2026;14:00;25.3;0;SOLEIL;5;23.8;0
Bourges;47.08;2.39;02/08/2026;15:00;26.7;0;SOLEIL;5;24.8;0
Bourges;47.08;2.39;02/08/2026;16:00;25.3;0;SOLEIL;5;25.6;0
Bourges;47.08;2.39;02/08/2026;17:00;;0;SOLEIL;;26.6;0
Bourges;47.08;2.39;02/08/2026;18:00;;0;SOLEIL;;27.4;0
Bourges;47.08;2.39;02/08/2026;19:00;;0;SOLEIL;;27.4;0
Bourges;47.08;2.39;02/08/2026;20:00;19.7;0;SOLEIL;5;27.0;0
Bourges;47.08;2.39;02/08/2026;21:00;18.3;0;SOLEIL;5;25.6;0
Bourges;47.08;2.39;02/08/2026;22:00;16.9;0;SOLEIL;5;23.8;0
Bourges;47.08;2.39;02/08/2026;23:00;15.5;0;SOLEIL;5;21.2;0
Bourges;47.08;2.39;03/08/2026;00:00;12;0;SOLEIL;5;16.2;0
Bourges;47.08;2.39;03/08/2026;01:00;12;0;SOLEIL;5;14.0;0
Bourges;47.08;2.39;03/08/2026;02:00;12;0;SOLEIL;5;14.2;0
Bourges;47.08;2.39;03/08/2026;03:00;12;0;SOLEIL;5;14.8;0
Bourges;47.08;2.39;03/08/2026;04:00;12;0;SOLEIL;5;15.1;0
Bourges;47.08;2.39;03/08/2026;05:00;12;0;SOLEIL;5;16.6;0
Bourges;47.08;2.39;03/08/2026;06:00;12;0;SOLEIL;5;19.8;0
Bourges;47.08;2.39;03/08/2026;07:00;13.1;0;SOLEIL;5;24.5;0
Bourges;47.08;2.39;03/08/2026;08:00;14.2;0;SOLEIL;5;28.1;0
Bourges;47.08;2.39;03/08/2026;09:00;15.3;0;SOLEIL;5;30.2;0
Bourges;47.08;2.39;03/08/2026;10:00;16.4;0;SOLEIL;5;32.0;0
Bourges;47.08;2.39;03/08/2026;11:00;17.6;0;SOLEIL;5;33.5;0
Bourges;47.08;2.39;03/08/2026;12:00;18.7;0;SOLEIL;5;35.3;0
Bourges;47.08;2.39;03/08/2026;13:00;19.8;0;SOLEIL;5;36.7;0
Bourges;47.08;2.39;03/08/2026;14:00;20.9;0;SOLEIL;5;38.5;0
Bourges;47.08;2.39;03/08/2026;15:00;22.0;0;SOLEIL;5;40.7;0
Bourges;47.08;2.39;03/08/2026;16:00;20.9;0;SOLEIL;5;42.8;0
Bourges;47.08;2.39;03/08/2026;17:00;19.8;0;SOLEIL;5;43.6;0
Bourges;47.08;2.39;03/08/2026;18:00;18.7;0;SOLEIL;5;41.0;0
Bourges;47.08;2.39;03/08/2026;19:00;17.6;0;SOLEIL;5;37.1;0
Bourges;47.08;2.39;03/08/2026;20:00;16.4;0;SOLEIL;5;34.2;0
Bourges;47.08;2.39;03/08/2026;21:00;15.3;0;SOLEIL;5;33.5;0
Bourges;47.08;2.39;03/08/2026;22:00;14.2;0;SOLEIL;5;33.8;0
Bourges;47.08;2.39;03/08/2026;23:00;13.1;0;SOLEIL;5;34.6;0
Bourges;47.08;2.39;04/08/2026;00:00;12;0;SOLEIL;5;0.0;0
Bourges;47.08;2.39;04/08/2026;01:00;12;0;SOLEIL;5;0.0;0
Bourges;47.08;2.39;04/08/2026;02:00;12;0;SOLEIL;5;0.0;0
Bourges;47.08;2.39;04/08/2026;03:00;12;0;SOLEIL;5;0.0;0
Bourges;47.08;2.39;04/08/2026;04:00;12;0;SOLEIL;5;0.0;0
Bourges;47.08;2.39;04/08/2026;05:00;12;0;SOLEIL;5;0.0;0
Bourges;47.08;2.39;04/08/2026;06:00;12;0;SOLEIL;5;0.0;0
Bourges;47.08;2.39;04/08/2026;07:00;13.1;0;SOLEIL;5;0.0;0
Bourges;47.08;2.39;04/08/2026;08:00;14.2;0;SOLEIL;5;0.0;0
Bourges;47.08;2.39;04/08/2026;09:00;15.3;0;SOLEIL;5;0.0;0
Bourges;47.08;2.39;04/08/2026;10:00;16.4;0;SOLEIL;5;0.0;0
Bourges;47.08;2.39;04/08/2026;11:00;17.6;0;SOLEIL;5;0.0;0
Bourges;47.08;2.39;04/08/2026;12:00;18.7;0;SOLEIL;5;0.0;0
Bourges;47.08;2.39;04/08/2026;13:00;19.8;0;SOLEIL;5;0.0;0
Bourges;47.08;2.39;04/08/2026;14:00;20.9;0;SOLEIL;5;0.0;0
Bourges;47.08;2.39;04/08/2026;15:00;22.0;0;SOLEIL;5;0.0;0
Bourges;47.08;2.39;04/08/2026;16:00;20.9;0;SOLEIL;5;0.0;0
Bourges;47.08;2.39;04/08/2026;17:00;19.8;0;SOLEIL;5;0.0;0
Bourges;47.08;2.39;04/08/2026;18:00;18.7;0;SOLEIL;5;0.0;0
Bourges;47.08;2.39;04/08/2026;19:00;17.6;0;SOLEIL;5;0.0;0
Bourges;47.08;2.39;04/08/2026;20:00;16.4;0;SOLEIL;5;0.0;0
Bourges;47.08;2.39;04/08/2026;21:00;15.3;0;SOLEIL;5;0.0;0
Bourges;47.08;2.39;04/08/2026;22:00;14.2;0;SOLEIL;5;0.0;0
Bourges;47.08;2.39;04/08/2026;23:00;13.1;0;SOLEIL;5;0.0;0
Saint-Amand-Montrond;46.72;2.5;20/07/2026;00:00;19.6;0;SOLEIL;4;0;0
Saint-Amand-Montrond;46.72;2.5;20/07/2026;01:00;17.2;0;SOLEIL;4;0;0
Saint-Amand-Montrond;46.72;2.5;20/07/2026;02:00;16.7;0;SOLEIL;4;0;0
Saint-Amand-Montrond;46.72;2.5;20/07/2026;03:00;16.9;0;SOLEIL;4;0;0
Saint-Amand-Montrond;46.72;2.5;20/07/2026;04:00;16.1;0;SOLEIL;4;0;0
Saint-Amand-Montrond;46.72;2.5;20/07/2026;05:00;15.1;0;SOLEIL;4;0;0
Saint-Amand-Montrond;46.72;2.5;20/07/2026;06:00;17;0;SOLEIL;4;0;0
Saint-Amand-Montrond;46.72;2.5;20/07/2026;07:00;18.2;0;SOLEIL;5;0;0
Saint-Amand-Montrond;46.72;2.5;20/07/2026;08:00;19.4;0;SOLEIL;5;0;0
Saint-Amand-Montrond;46.72;2.5;20/07/2026;09:00;21.6;0;SOLEIL;5;0;0
Saint-Amand-Montrond;46.72;2.5;20/07/2026;10:00;22;0;SOLEIL;5;0;0
Saint-Amand-Montrond;46.72;2.5;20/07/2026;11:00;23.2;0;SOLEIL;5;0;0
Saint-Amand-Montrond;46.72;2.5;20/07/2026;12:00;25.1;0;SOLEIL;5;0;0
Saint-Amand-Montrond;46.72;2.5;20/07/2026;13:00;25.7;0;SOLEIL;4;0;0
Saint-Amand-Montrond;46.72;2.5;20/07/2026;14:00;27.1;0;SOLEIL;5;0;0
Saint-Amand-Montrond;46.72;2.5;20/07/2026;15:00;27.1;0;SOLEIL;5;0;0
Saint-Amand-Montrond;46.72;2.5;20/07/2026;16:00;27.6;0;SOLEIL;5;0;0
Saint-Amand-Montrond;46.72;2.5;20/07/2026;17:00;27.1;0;SOLEIL;5;0;0
Saint-Amand-Montrond;46.72;2.5;20/07/2026;18:00;26.1;0;SOLEIL;5;0;0
Saint-Amand-Montrond;46.72;2.5;20/07/2026;19:00;24.6;0;SOLEIL;5;0;0
Saint-Amand-Montrond;46.72;2.5;20/07/2026;20:00;23.1;0;SOLEIL;4;0;0
Saint-Amand-Montrond;46.72;2.5;20/07/2026;21:00;22.4;0;SOLEIL;3;0;0
Saint-Amand-Montrond;46.72;2.5;20/07/2026;22:00;21.6;0;SOLEIL;4;0;0
Saint-Amand-Montrond;46.72;2.5;20/07/2026;23:00;20.5;0;SOLEIL;4;0;0
Saint-Amand-Montrond;46.72;2.5;21/07/2026;00:00;19.5;0;SOLEIL;4;0;0
Saint-Amand-Montrond;46.72;2.5;21/07/2026;01:00;19.5;0;SOLEIL;4;0;0
Saint-Amand-Montrond;46.72;2.5;21/07/2026;02:00;16.6;0;SOLEIL;5;0;0
Saint-Amand-Montrond;46.72;2.5;21/07/2026;03:00;16.6;0;SOLEIL;5;0;0
Saint-Amand-Montrond;46.72;2.5;21/07/2026;04:00;16.6;0;SOLEIL;5;0;0
Saint-Amand-Montrond;46.72;2.5;21/07/2026;05:00;16.6;0;SOLEIL;4;0;0
Saint-Amand-Montrond;46.72;2.5;21/07/2026;06:00;16.6;0;SOLEIL;4;0;0
Saint-Amand-Montrond;46.72;2.5;21/07/2026;07:00;16.6;0;SOLEIL;4;0;0
Saint-Amand-Montrond;46.72;2.5;21/07/2026;08:00;22.1;0;SOLEIL;5;0;0
Saint-Amand-Montrond;46.72;2.5;21/07/2026;09:00;22.1;0;SOLEIL;5;0;0
Saint-Amand-Montrond;46.72;2.5;21/07/2026;10:00;22.1;0;SOLEIL;5;0;0
Saint-Amand-Montrond;46.72;2.5;21/07/2026;11:00;25.6;0;SOLEIL;5;11;0
Saint-Amand-Montrond;46.72;2.5;21/07/2026;12:00;25.6;0;SOLEIL;5;11;0
Saint-Amand-Montrond;46.72;2.5;21/07/2026;13:00;25.6;0;SOLEIL;5;11;0
Saint-Amand-Montrond;46.72;2.5;21/07/2026;14:00;27.9;0;SOLEIL;5;11;0
Saint-Amand-Montrond;46.72;2.5;21/07/2026;15:00;27.9;0;SOLEIL;5;11;0
Saint-Amand-Montrond;46.72;2.5;21/07/2026;16:00;27.9;0;SOLEIL;5;11;0
Saint-Amand-Montrond;46.72;2.5;21/07/2026;17:00;27.1;0;SOLEIL;5;0;0
Saint-Amand-Montrond;46.72;2.5;21/07/2026;18:00;27.1;0;SOLEIL;5;0;0
Saint-Amand-Montrond;46.72;2.5;21/07/2026;19:00;27.1;0;SOLEIL;5;0;0
Saint-Amand-Montrond;46.72;2.5;21/07/2026;20:00;23.6;0;SOLEIL;4;0;0
Saint-Amand-Montrond;46.72;2.5;21/07/2026;21:00;23.6;0;SOLEIL;4;0;0
Saint-Amand-Montrond;46.72;2.5;21/07/2026;22:00;23.6;0;SOLEIL;4;0;0
Saint-Amand-Montrond;46.72;2.5;21/07/2026;23:00;19.9;0;SOLEIL;5;0;0
Saint-Amand-Montrond;46.72;2.5;22/07/2026;00:00;19.9;0;SOLEIL;5;0;0
Saint-Amand-Montrond;46.72;2.5;22/07/2026;01:00;19.9;0;SOLEIL;5;0;0
Saint-Amand-Montrond;46.72;2.5;22/07/2026;02:00;17.6;0;SOLEIL;4;0;0
Saint-Amand-Montrond;46.72;2.5;22/07/2026;03:00;17.6;0;SOLEIL;4;0;0
Saint-Amand-Montrond;46.72;2.5;22/07/2026;04:00;17.6;0;SOLEIL;4;0;0
Saint-Amand-Montrond;46.72;2.5;22/07/2026;05:00;17.6;0;SOLEIL;3;0;0
Saint-Amand-Montrond;46.72;2.5;22/07/2026;06:00;17.6;0;SOLEIL;3;0;0
Saint-Amand-Montrond;46.72;2.5;22/07/2026;07:00;17.6;0;SOLEIL;3;0;0
Saint-Amand-Montrond;46.72;2.5;22/07/2026;08:00;24;0;SOLEIL;3;0;0
Saint-Amand-Montrond;46.72;2.5;22/07/2026;09:00;24;0;SOLEIL;3;0;0
Saint-Amand-Montrond;46.72;2.5;22/07/2026;10:00;24;0;SOLEIL;3;0;0
Saint-Amand-Montrond;46.72;2.5;22/07/2026;11:00;27.1;0;SOLEIL;3;0;0
Saint-Amand-Montrond;46.72;2.5;22/07/2026;12:00;27.1;0;SOLEIL;3;0;0
Saint-Amand-Montrond;46.72;2.5;22/07/2026;13:00;27.1;0;SOLEIL;3;0;0
Saint-Amand-Montrond;46.72;2.5;22/07/2026;14:00;29.1;0;SOLEIL;4;0;0
Saint-Amand-Montrond;46.72;2.5;22/07/2026;15:00;29.1;0;SOLEIL;4;0;0
Saint-Amand-Montrond;46.72;2.5;22/07/2026;16:00;29.1;0;SOLEIL;4;0;0
Saint-Amand-Montrond;46.72;2.5;22/07/2026;17:00;27.9;0;SOLEIL;4;0;0
Saint-Amand-Montrond;46.72;2.5;22/07/2026;18:00;27.9;0;SOLEIL;4;0;0
Saint-Amand-Montrond;46.72;2.5;22/07/2026;19:00;27.9;0;SOLEIL;4;0;0
Saint-Amand-Montrond;46.72;2.5;22/07/2026;20:00;22.3;0;SOLEIL;5;0;0
Saint-Amand-Montrond;46.72;2.5;22/07/2026;21:00;20.8;0;SOLEIL;5;0;0
Saint-Amand-Montrond;46.72;2.5;22/07/2026;22:00;19.3;0;SOLEIL;5;0;0
Saint-Amand-Montrond;46.72;2.5;22/07/2026;23:00;20.6;0;SOLEIL;4;0;0
Saint-Amand-Montrond;46.72;2.5;23/07/2026;00:00;20.6;0;SOLEIL;4;0;0
Saint-Amand-Montrond;46.72;2.5;23/07/2026;01:00;20.6;0;SOLEIL;4;0;0
Saint-Amand-Montrond;46.72;2.5;23/07/2026;02:00;18.4;0;SOLEIL;5;0;0
Saint-Amand-Montrond;46.72;2.5;23/07/2026;03:00;18.4;0;SOLEIL;5;0;0
Saint-Amand-Montrond;46.72;2.5;23/07/2026;04:00;18.4;0;SOLEIL;5;0;0
Saint-Amand-Montrond;46.72;2.5;23/07/2026;05:00;20.1;0;SOLEIL;3;0;0
Saint-Amand-Montrond;46.72;2.5;23/07/2026;06:00;20.1;0;SOLEIL;3;0;0
Saint-Amand-Montrond;46.72;2.5;23/07/2026;07:00;20.1;0;SOLEIL;3;0;0
Saint-Amand-Montrond;46.72;2.5;23/07/2026;08:00;21.0;0;SOLEIL;5;0;0
Saint-Amand-Montrond;46.72;2.5;23/07/2026;09:00;22.3;0;SOLEIL;5;0;0
Saint-Amand-Montrond;46.72;2.5;23/07/2026;10:00;23.6;0;SOLEIL;5;0;0
Saint-Amand-Montrond;46.72;2.5;23/07/2026;11:00;27.9;0;SOLEIL;4;0;0
Saint-Amand-Montrond;46.72;2.5;23/07/2026;12:00;27.9;0;SOLEIL;4;0;0
Saint-Amand-Montrond;46.72;2.5;23/07/2026;13:00;27.9;0;SOLEIL;4;0;0
Saint-Amand-Montrond;46.72;2.5;23/07/2026;14:00;28.7;0;SOLEIL;5;0;0
Saint-Amand-Montrond;46.72;2.5;23/07/2026;15:00;30.0;0;SOLEIL;5;0;0
Saint-Amand-Montrond;46.72;2.5;23/07/2026;16:00;28.7;0;SOLEIL;5;0;0
Saint-Amand-Montrond;46.72;2.5;23/07/2026;17:00;28.4;0;SOLEIL;4;0;0
Saint-Amand-Montrond;46.72;2.5;23/07/2026;18:00;28.4;0;SOLEIL;4;0;0
Saint-Amand-Montrond;46.72;2.5;23/07/2026;19:00;28.4;0;SOLEIL;4;0;0
Saint-Amand-Montrond;46.72;2.5;23/07/2026;20:00;23.6;0;SOLEIL;5;0;0
Saint-Amand-Montrond;46.72;2.5;23/07/2026;21:00;22.3;0;SOLEIL;5;0;0
Saint-Amand-Montrond;46.72;2.5;23/07/2026;22:00;21.0;0;SOLEIL;5;0;0
Saint-Amand-Montrond;46.72;2.5;23/07/2026;23:00;21.9;0;SOLEIL;4;0;0
Saint-Amand-Montrond;46.72;2.5;24/07/2026;00:00;21.9;0;SOLEIL;4;0;0
Saint-Amand-Montrond;46.72;2.5;24/07/2026;01:00;21.9;0;SOLEIL;4;0;0
Saint-Amand-Montrond;46.72;2.5;24/07/2026;02:00;17.1;0;SOLEIL;5;0;0
Saint-Amand-Montrond;46.72;2.5;24/07/2026;03:00;17.1;0;SOLEIL;5;0;0
Saint-Amand-Montrond;46.72;2.5;24/07/2026;04:00;17.1;0;SOLEIL;5;0;0
Saint-Amand-Montrond;46.72;2.5;24/07/2026;05:00;18.4;0;SOLEIL;3;0;0
Saint-Amand-Montrond;46.72;2.5;24/07/2026;06:00;18.4;0;SOLEIL;3;0;0
Saint-Amand-Montrond;46.72;2.5;24/07/2026;07:00;18.4;0;SOLEIL;3;0;0
Saint-Amand-Montrond;46.72;2.5;24/07/2026;08:00;20.1;0;SOLEIL;5;0;0
Saint-Amand-Montrond;46.72;2.5;24/07/2026;09:00;21.6;0;SOLEIL;5;0;0
Saint-Amand-Montrond;46.72;2.5;24/07/2026;10:00;23.1;0;SOLEIL;5;0;0
Saint-Amand-Montrond;46.72;2.5;24/07/2026;11:00;27.6;0;SOLEIL;3;0;0
Saint-Amand-Montrond;46.72;2.5;24/07/2026;12:00;27.6;0;SOLEIL;3;0;0
Saint-Amand-Montrond;46.72;2.5;24/07/2026;13:00;27.6;0;SOLEIL;3;0;0
Saint-Amand-Montrond;46.72;2.5;24/07/2026;14:00;29.1;0;SOLEIL;5;0;0
Saint-Amand-Montrond;46.72;2.5;24/07/2026;15:00;30.6;0;SOLEIL;5;0;0
Saint-Amand-Montrond;46.72;2.5;24/07/2026;16:00;29.1;0;SOLEIL;5;0;0
Saint-Amand-Montrond;46.72;2.5;24/07/2026;17:00;29.1;0;SOLEIL;3;0;0
Saint-Amand-Montrond;46.72;2.5;24/07/2026;18:00;29.1;0;SOLEIL;3;0;0
Saint-Amand-Montrond;46.72;2.5;24/07/2026;19:00;29.1;0;SOLEIL;3;0;0
Saint-Amand-Montrond;46.72;2.5;24/07/2026;20:00;23.1;0;SOLEIL;5;0;0
Saint-Amand-Montrond;46.72;2.5;24/07/2026;21:00;21.6;0;SOLEIL;5;0;0
Saint-Amand-Montrond;46.72;2.5;24/07/2026;22:00;20.1;0;SOLEIL;5;0;0
Saint-Amand-Montrond;46.72;2.5;24/07/2026;23:00;22.6;0;SOLEIL;3;0;0
Saint-Amand-Montrond;46.72;2.5;25/07/2026;00:00;22.6;0;SOLEIL;3;0;0
Saint-Amand-Montrond;46.72;2.5;25/07/2026;01:00;22.6;0;SOLEIL;3;0;0
Saint-Amand-Montrond;46.72;2.5;25/07/2026;02:00;19.1;0;SOLEIL;5;0;0
Saint-Amand-Montrond;46.72;2.5;25/07/2026;03:00;19.1;0;SOLEIL;5;0;0
Saint-Amand-Montrond;46.72;2.5;25/07/2026;04:00;19.1;0;SOLEIL;5;0;0
Saint-Amand-Montrond;46.72;2.5;25/07/2026;05:00;19.9;0;SOLEIL;3;0;0
Saint-Amand-Montrond;46.72;2.5;25/07/2026;06:00;19.9;0;SOLEIL;3;0;0
Saint-Amand-Montrond;46.72;2.5;25/07/2026;07:00;19.9;0;SOLEIL;3;0;0
Saint-Amand-Montrond;46.72;2.5;25/07/2026;08:00;21.6;0;SOLEIL;5;0;0
Saint-Amand-Montrond;46.72;2.5;25/07/2026;09:00;22.8;0;SOLEIL;5;0;0
Saint-Amand-Montrond;46.72;2.5;25/07/2026;10:00;24.0;0;SOLEIL;5;0;0
Saint-Amand-Montrond;46.72;2.5;25/07/2026;11:00;28.1;0;SOLEIL;3;0;0
Saint-Amand-Montrond;46.72;2.5;25/07/2026;12:00;28.1;0;SOLEIL;3;0;0
Saint-Amand-Montrond;46.72;2.5;25/07/2026;13:00;28.1;0;SOLEIL;3;0;0
Saint-Amand-Montrond;46.72;2.5;25/07/2026;14:00;29.0;0;SOLEIL;5;0;0
Saint-Amand-Montrond;46.72;2.5;25/07/2026;15:00;30.2;0;SOLEIL;5;0;0
Saint-Amand-Montrond;46.72;2.5;25/07/2026;16:00;29.0;0;SOLEIL;5;0;0
Saint-Amand-Montrond;46.72;2.5;25/07/2026;17:00;27.6;0;SOLEIL;4;0;0
Saint-Amand-Montrond;46.72;2.5;25/07/2026;18:00;27.6;0;SOLEIL;4;0;0
Saint-Amand-Montrond;46.72;2.5;25/07/2026;19:00;27.6;0;SOLEIL;4;0;0
Saint-Amand-Montrond;46.72;2.5;25/07/2026;20:00;24.0;0;SOLEIL;5;0;0
Saint-Amand-Montrond;46.72;2.5;25/07/2026;21:00;22.8;0;SOLEIL;5;0;0
Saint-Amand-Montrond;46.72;2.5;25/07/2026;22:00;21.6;0;SOLEIL;5;0;0
Saint-Amand-Montrond;46.72;2.5;25/07/2026;23:00;21.5;0;SOLEIL;4;0;0
Saint-Amand-Montrond;46.72;2.5;26/07/2026;00:00;21.5;0;SOLEIL;4;0;0
Saint-Amand-Montrond;46.72;2.5;26/07/2026;01:00;21.5;0;SOLEIL;4;0;0
Saint-Amand-Montrond;46.72;2.5;26/07/2026;02:00;18.2;0;SOLEIL;5;0;0
Saint-Amand-Montrond;46.72;2.5;26/07/2026;03:00;18.2;0;SOLEIL;5;0;0
Saint-Amand-Montrond;46.72;2.5;26/07/2026;04:00;18.2;0;SOLEIL;5;0;0
Saint-Amand-Montrond;46.72;2.5;26/07/2026;05:00;19.1;0;SOLEIL;4;0;0
Saint-Amand-Montrond;46.72;2.5;26/07/2026;06:00;19.1;0;SOLEIL;4;0;0
Saint-Amand-Montrond;46.72;2.5;26/07/2026;07:00;19.1;0;SOLEIL;4;0;0
Saint-Amand-Montrond;46.72;2.5;26/07/2026;08:00;19.9;0;SOLEIL;5;0;0
Saint-Amand-Montrond;46.72;2.5;26/07/2026;09:00;20.8;0;SOLEIL;5;0;0
Saint-Amand-Montrond;46.72;2.5;26/07/2026;10:00;21.7;0;SOLEIL;5;0;0
Saint-Amand-Montrond;46.72;2.5;26/07/2026;11:00;24;0;SOLEIL;5;0;0
Saint-Amand-Montrond;46.72;2.5;26/07/2026;12:00;24;0;SOLEIL;5;0;0
Saint-Amand-Montrond;46.72;2.5;26/07/2026;13:00;24;0;SOLEIL;5;0;0
Saint-Amand-Montrond;46.72;2.5;26/07/2026;14:00;25.1;0;SOLEIL;5;0;0
Saint-Amand-Montrond;46.72;2.5;26/07/2026;15:00;26.0;0;SOLEIL;5;0;0
Saint-Amand-Montrond;46.72;2.5;26/07/2026;16:00;25.1;0;SOLEIL;5;0;0
Saint-Amand-Montrond;46.72;2.5;26/07/2026;17:00;24.7;0;SOLEIL;5;12;0
Saint-Amand-Montrond;46.72;2.5;26/07/2026;18:00;24.7;0;SOLEIL;5;12;0
Saint-Amand-Montrond;46.72;2.5;26/07/2026;19:00;24.7;0;SOLEIL;5;12;0
Saint-Amand-Montrond;46.72;2.5;26/07/2026;20:00;21.7;0;SOLEIL;5;0;0
Saint-Amand-Montrond;46.72;2.5;26/07/2026;21:00;20.8;0;SOLEIL;5;0;0
Saint-Amand-Montrond;46.72;2.5;26/07/2026;22:00;19.9;0;SOLEIL;5;0;0
Saint-Amand-Montrond;46.72;2.5;26/07/2026;23:00;20.1;0;SOLEIL;4;0;0
Saint-Amand-Montrond;46.72;2.5;27/07/2026;00:00;20.1;0;SOLEIL;4;0;0
Saint-Amand-Montrond;46.72;2.5;27/07/2026;01:00;20.1;0;SOLEIL;4;0;0
Saint-Amand-Montrond;46.72;2.5;27/07/2026;02:00;17.1;6;AVERSES;5;0;0
Saint-Amand-Montrond;46.72;2.5;27/07/2026;03:00;17.1;6;AVERSES;5;0;0
Saint-Amand-Montrond;46.72;2.5;27/07/2026;04:00;17.1;6;AVERSES;5;0;0
Saint-Amand-Montrond;46.72;2.5;27/07/2026;05:00;18.1;6;AVERSES;4;0;0
Saint-Amand-Montrond;46.72;2.5;27/07/2026;06:00;18.1;6;AVERSES;4;0;0
Saint-Amand-Montrond;46.72;2.5;27/07/2026;07:00;18.1;6;AVERSES;4;0;0
Saint-Amand-Montrond;46.72;2.5;27/07/2026;08:00;18.9;6;AVERSES;5;0;0
Saint-Amand-Montrond;46.72;2.5;27/07/2026;09:00;19.8;6;AVERSES;5;0;0
Saint-Amand-Montrond;46.72;2.5;27/07/2026;10:00;20.7;6;AVERSES;5;0;0
Saint-Amand-Montrond;46.72;2.5;27/07/2026;11:00;22.6;6;AVERSES;5;0;0
Saint-Amand-Montrond;46.72;2.5;27/07/2026;12:00;22.6;6;AVERSES;5;0;0
Saint-Amand-Montrond;46.72;2.5;27/07/2026;13:00;22.6;6;AVERSES;5;0;0
Saint-Amand-Montrond;46.72;2.5;27/07/2026;14:00;24.2;6;AVERSES;5;0;0
Saint-Amand-Montrond;46.72;2.5;27/07/2026;15:00;25.1;6;AVERSES;5;0;0
Saint-Amand-Montrond;46.72;2.5;27/07/2026;16:00;24.2;6;AVERSES;5;0;0
Saint-Amand-Montrond;46.72;2.5;27/07/2026;17:00;23.7;6;AVERSES;5;11;0
Saint-Amand-Montrond;46.72;2.5;27/07/2026;18:00;23.7;6;AVERSES;5;11;0
Saint-Amand-Montrond;46.72;2.5;27/07/2026;19:00;23.7;6;AVERSES;5;11;0
Saint-Amand-Montrond;46.72;2.5;27/07/2026;20:00;20.7;6;AVERSES;5;0;0
Saint-Amand-Montrond;46.72;2.5;27/07/2026;21:00;19.8;6;AVERSES;5;0;0
Saint-Amand-Montrond;46.72;2.5;27/07/2026;22:00;18.9;6;AVERSES;5;0;0
Saint-Amand-Montrond;46.72;2.5;27/07/2026;23:00;19.2;0;SOLEIL;4;0;0
Saint-Amand-Montrond;46.72;2.5;28/07/2026;00:00;19.2;0;SOLEIL;4;0;0
Saint-Amand-Montrond;46.72;2.5;28/07/2026;01:00;19.2;0;SOLEIL;4;0;0
Saint-Amand-Montrond;46.72;2.5;28/07/2026;02:00;16.5;0;SOLEIL;5;0;0
Saint-Amand-Montrond;46.72;2.5;28/07/2026;03:00;16.5;0;SOLEIL;5;0;0
Saint-Amand-Montrond;46.72;2.5;28/07/2026;04:00;16.5;0;SOLEIL;5;0;0
Saint-Amand-Montrond;46.72;2.5;28/07/2026;05:00;17.4;0;SOLEIL;4;0;0
Saint-Amand-Montrond;46.72;2.5;28/07/2026;06:00;17.4;0;SOLEIL;4;0;0
Saint-Amand-Montrond;46.72;2.5;28/07/2026;07:00;17.4;0;SOLEIL;4;0;0
Saint-Amand-Montrond;46.72;2.5;28/07/2026;08:00;18.3;0;SOLEIL;5;0;0
Saint-Amand-Montrond;46.72;2.5;28/07/2026;09:00;19.2;0;SOLEIL;5;0;0
Saint-Amand-Montrond;46.72;2.5;28/07/2026;10:00;20.1;0;SOLEIL;5;0;0
Saint-Amand-Montrond;46.72;2.5;28/07/2026;11:00;22.9;6;AVERSES;5;0;0
Saint-Amand-Montrond;46.72;2.5;28/07/2026;12:00;22.9;6;AVERSES;5;0;0
Saint-Amand-Montrond;46.72;2.5;28/07/2026;13:00;22.9;6;AVERSES;5;0;0
Saint-Amand-Montrond;46.72;2.5;28/07/2026;14:00;23.8;0;SOLEIL;5;0;0
Saint-Amand-Montrond;46.72;2.5;28/07/2026;15:00;24.7;0;SOLEIL;5;0;0
Saint-Amand-Montrond;46.72;2.5;28/07/2026;16:00;23.8;0;SOLEIL;5;0;0
Saint-Amand-Montrond;46.72;2.5;28/07/2026;17:00;23.1;0;SOLEIL;4;0;0
Saint-Amand-Montrond;46.72;2.5;28/07/2026;18:00;23.1;0;SOLEIL;4;0;0
Saint-Amand-Montrond;46.72;2.5;28/07/2026;19:00;23.1;0;SOLEIL;4;0;0
Saint-Amand-Montrond;46.72;2.5;28/07/2026;20:00;20.1;0;SOLEIL;5;0;0
Saint-Amand-Montrond;46.72;2.5;28/07/2026;21:00;19.2;0;SOLEIL;5;0;0
Saint-Amand-Montrond;46.72;2.5;28/07/2026;22:00;18.3;0;SOLEIL;5;0;0
Saint-Amand-Montrond;46.72;2.5;28/07/2026;23:00;18.6;0;SOLEIL;3;0;0
Saint-Amand-Montrond;46.72;2.5;29/07/2026;00:00;18.6;0;SOLEIL;3;0;0
Saint-Amand-Montrond;46.72;2.5;29/07/2026;01:00;18.6;0;SOLEIL;3;0;0
Saint-Amand-Montrond;46.72;2.5;29/07/2026;02:00;16.4;0;SOLEIL;5;0;0
Saint-Amand-Montrond;46.72;2.5;29/07/2026;03:00;16.4;0;SOLEIL;5;0;0
Saint-Amand-Montrond;46.72;2.5;29/07/2026;04:00;16.4;0;SOLEIL;5;0;0
Saint-Amand-Montrond;46.72;2.5;29/07/2026;05:00;;0;SOLEIL;;;0
Saint-Amand-Montrond;46.72;2.5;29/07/2026;06:00;;0;SOLEIL;;;0
Saint-Amand-Montrond;46.72;2.5;29/07/2026;07:00;;0;SOLEIL;;;0
Saint-Amand-Montrond;46.72;2.5;29/07/2026;08:00;18.9;0;SOLEIL;5;0;0
Saint-Amand-Montrond;46.72;2.5;29/07/2026;09:00;20.1;0;SOLEIL;5;0;0
Saint-Amand-Montrond;46.72;2.5;29/07/2026;10:00;21.4;0;SOLEIL;5;0;0
Saint-Amand-Montrond;46.72;2.5;29/07/2026;11:00;;0;SOLEIL;;;0
Saint-Amand-Montrond;46.72;2.5;29/07/2026;12:00;;0;SOLEIL;;;0
Saint-Amand-Montrond;46.72;2.5;29/07/2026;13:00;;0;SOLEIL;;;0
Saint-Amand-Montrond;46.72;2.5;29/07/2026;14:00;26.4;0;SOLEIL;5;0;0
Saint-Amand-Montrond;46.72;2.5;29/07/2026;15:00;27.6;0;SOLEIL;5;0;0
Saint-Amand-Montrond;46.72;2.5;29/07/2026;16:00;26.4;0;SOLEIL;5;0;0
Saint-Amand-Montrond;46.72;2.5;29/07/2026;17:00;;0;SOLEIL;;;0
Saint-Amand-Montrond;46.72;2.5;29/07/2026;18:00;;0;SOLEIL;;;0
Saint-Amand-Montrond;46.72;2.5;29/07/2026;19:00;;0;SOLEIL;;;0
Saint-Amand-Montrond;46.72;2.5;29/07/2026;20:00;21.4;0;SOLEIL;5;0;0
Saint-Amand-Montrond;46.72;2.5;29/07/2026;21:00;20.1;0;SOLEIL;5;0;0
Saint-Amand-Montrond;46.72;2.5;29/07/2026;22:00;18.9;0;SOLEIL;5;0;0
Saint-Amand-Montrond;46.72;2.5;29/07/2026;23:00;;0;SOLEIL;;;0
Saint-Amand-Montrond;46.72;2.5;30/07/2026;00:00;;0;SOLEIL;;;0
Saint-Amand-Montrond;46.72;2.5;30/07/2026;01:00;;0;SOLEIL;;;0
Saint-Amand-Montrond;46.72;2.5;30/07/2026;02:00;16.9;0;SOLEIL;5;0;0
Saint-Amand-Montrond;46.72;2.5;30/07/2026;03:00;16.9;0;SOLEIL;5;0;0
Saint-Amand-Montrond;46.72;2.5;30/07/2026;04:00;16.9;0;SOLEIL;5;0;0
Saint-Amand-Montrond;46.72;2.5;30/07/2026;05:00;;0;SOLEIL;;;0
Saint-Amand-Montrond;46.72;2.5;30/07/2026;06:00;;0;SOLEIL;;;0
Saint-Amand-Montrond;46.72;2.5;30/07/2026;07:00;;0;SOLEIL;;;0
Saint-Amand-Montrond;46.72;2.5;30/07/2026;08:00;19.7;0;SOLEIL;5;0;0
Saint-Amand-Montrond;46.72;2.5;30/07/2026;09:00;21.2;0;SOLEIL;5;0;0
Saint-Amand-Montrond;46.72;2.5;30/07/2026;10:00;22.6;0;SOLEIL;5;0;0
Saint-Amand-Montrond;46.72;2.5;30/07/2026;11:00;;0;SOLEIL;;;0
Saint-Amand-Montrond;46.72;2.5;30/07/2026;12:00;;0;SOLEIL;;;0
Saint-Amand-Montrond;46.72;2.5;30/07/2026;13:00;;0;SOLEIL;;;0
Saint-Amand-Montrond;46.72;2.5;30/07/2026;14:00;28.3;0;SOLEIL;5;0;0
Saint-Amand-Montrond;46.72;2.5;30/07/2026;15:00;29.7;0;SOLEIL;5;0;0
Saint-Amand-Montrond;46.72;2.5;30/07/2026;16:00;28.3;0;SOLEIL;5;0;0
Saint-Amand-Montrond;46.72;2.5;30/07/2026;17:00;;0;SOLEIL;;;0
Saint-Amand-Montrond;46.72;2.5;30/07/2026;18:00;;0;SOLEIL;;;0
Saint-Amand-Montrond;46.72;2.5;30/07/2026;19:00;;0;SOLEIL;;;0
Saint-Amand-Montrond;46.72;2.5;30/07/2026;20:00;22.6;0;SOLEIL;5;0;0
Saint-Amand-Montrond;46.72;2.5;30/07/2026;21:00;21.2;0;SOLEIL;5;0;0
Saint-Amand-Montrond;46.72;2.5;30/07/2026;22:00;19.7;0;SOLEIL;5;0;0
Saint-Amand-Montrond;46.72;2.5;30/07/2026;23:00;;0;SOLEIL;;;0
Saint-Amand-Montrond;46.72;2.5;31/07/2026;00:00;;0;SOLEIL;;;0
Saint-Amand-Montrond;46.72;2.5;31/07/2026;01:00;;0;SOLEIL;;;0
Saint-Amand-Montrond;46.72;2.5;31/07/2026;02:00;16.2;0;SOLEIL;5;0;0
Saint-Amand-Montrond;46.72;2.5;31/07/2026;03:00;16.2;0;SOLEIL;5;0;0
Saint-Amand-Montrond;46.72;2.5;31/07/2026;04:00;16.2;0;SOLEIL;5;0;0
Saint-Amand-Montrond;46.72;2.5;31/07/2026;05:00;;0;SOLEIL;;;0
Saint-Amand-Montrond;46.72;2.5;31/07/2026;06:00;;0;SOLEIL;;;0
Saint-Amand-Montrond;46.72;2.5;31/07/2026;07:00;;0;SOLEIL;;;0
Saint-Amand-Montrond;46.72;2.5;31/07/2026;08:00;19.2;0;SOLEIL;5;0;0
Saint-Amand-Montrond;46.72;2.5;31/07/2026;09:00;20.8;0;SOLEIL;5;0;0
Saint-Amand-Montrond;46.72;2.5;31/07/2026;10:00;22.3;0;SOLEIL;5;0;0
Saint-Amand-Montrond;46.72;2.5;31/07/2026;11:00;;0;SOLEIL;;;0
Saint-Amand-Montrond;46.72;2.5;31/07/2026;12:00;;0;SOLEIL;;;0
Saint-Amand-Montrond;46.72;2.5;31/07/2026;13:00;;0;SOLEIL;;;0
Saint-Amand-Montrond;46.72;2.5;31/07/2026;14:00;28.4;0;SOLEIL;5;0;0
Saint-Amand-Montrond;46.72;2.5;31/07/2026;15:00;29.9;0;SOLEIL;5;0;0
Saint-Amand-Montrond;46.72;2.5;31/07/2026;16:00;28.4;0;SOLEIL;5;0;0
Saint-Amand-Montrond;46.72;2.5;31/07/2026;17:00;;0;SOLEIL;;;0
Saint-Amand-Montrond;46.72;2.5;31/07/2026;18:00;;0;SOLEIL;;;0
Saint-Amand-Montrond;46.72;2.5;31/07/2026;19:00;;0;SOLEIL;;;0
Saint-Amand-Montrond;46.72;2.5;31/07/2026;20:00;22.3;0;SOLEIL;5;0;0
Saint-Amand-Montrond;46.72;2.5;31/07/2026;21:00;20.8;0;SOLEIL;5;0;0
Saint-Amand-Montrond;46.72;2.5;31/07/2026;22:00;19.2;0;SOLEIL;5;0;0
Saint-Amand-Montrond;46.72;2.5;31/07/2026;23:00;;0;SOLEIL;;;0
Saint-Amand-Montrond;46.72;2.5;01/08/2026;00:00;;0;SOLEIL;;;0
Saint-Amand-Montrond;46.72;2.5;01/08/2026;01:00;;0;SOLEIL;;;0
Saint-Amand-Montrond;46.72;2.5;01/08/2026;02:00;17.9;0;SOLEIL;5;0;0
Saint-Amand-Montrond;46.72;2.5;01/08/2026;03:00;17.9;0;SOLEIL;5;0;0
Saint-Amand-Montrond;46.72;2.5;01/08/2026;04:00;17.9;0;SOLEIL;5;0;0
Saint-Amand-Montrond;46.72;2.5;01/08/2026;05:00;;0;SOLEIL;;;0
Saint-Amand-Montrond;46.72;2.5;01/08/2026;06:00;;0;SOLEIL;;;0
Saint-Amand-Montrond;46.72;2.5;01/08/2026;07:00;;0;SOLEIL;;;0
Saint-Amand-Montrond;46.72;2.5;01/08/2026;08:00;20.1;0;SOLEIL;5;0;0
Saint-Amand-Montrond;46.72;2.5;01/08/2026;09:00;21.1;0;SOLEIL;5;0;0
Saint-Amand-Montrond;46.72;2.5;01/08/2026;10:00;22.2;0;SOLEIL;5;0;0
Saint-Amand-Montrond;46.72;2.5;01/08/2026;11:00;;0;SOLEIL;;;0
Saint-Amand-Montrond;46.72;2.5;01/08/2026;12:00;;0;SOLEIL;;;0
Saint-Amand-Montrond;46.72;2.5;01/08/2026;13:00;;0;SOLEIL;;;0
Saint-Amand-Montrond;46.72;2.5;01/08/2026;14:00;26.5;0;SOLEIL;5;0;0
Saint-Amand-Montrond;46.72;2.5;01/08/2026;15:00;27.6;0;SOLEIL;5;0;0
Saint-Amand-Montrond;46.72;2.5;01/08/2026;16:00;26.5;0;SOLEIL;5;0;0
Saint-Amand-Montrond;46.72;2.5;01/08/2026;17:00;;0;SOLEIL;;;0
Saint-Amand-Montrond;46.72;2.5;01/08/2026;18:00;;0;SOLEIL;;;0
Saint-Amand-Montrond;46.72;2.5;01/08/2026;19:00;;0;SOLEIL;;;0
Saint-Amand-Montrond;46.72;2.5;01/08/2026;20:00;22.2;0;SOLEIL;5;0;0
Saint-Amand-Montrond;46.72;2.5;01/08/2026;21:00;21.1;0;SOLEIL;5;0;0
Saint-Amand-Montrond;46.72;2.5;01/08/2026;22:00;20.1;0;SOLEIL;5;0;0
Saint-Amand-Montrond;46.72;2.5;01/08/2026;23:00;;0;SOLEIL;;;0
Saint-Amand-Montrond;46.72;2.5;02/08/2026;00:00;;0;SOLEIL;;;0
Saint-Amand-Montrond;46.72;2.5;02/08/2026;01:00;;0;SOLEIL;;;0
Saint-Amand-Montrond;46.72;2.5;02/08/2026;02:00;16.5;0;SOLEIL;5;0;0
Saint-Amand-Montrond;46.72;2.5;02/08/2026;03:00;16.5;0;SOLEIL;5;0;0
Saint-Amand-Montrond;46.72;2.5;02/08/2026;04:00;16.5;0;SOLEIL;5;0;0
Saint-Amand-Montrond;46.72;2.5;02/08/2026;05:00;;0;SOLEIL;;;0
Saint-Amand-Montrond;46.72;2.5;02/08/2026;06:00;;0;SOLEIL;;;0
Saint-Amand-Montrond;46.72;2.5;02/08/2026;07:00;;0;SOLEIL;;;0
Saint-Amand-Montrond;46.72;2.5;02/08/2026;08:00;18.7;0;SOLEIL;5;0;0
Saint-Amand-Montrond;46.72;2.5;02/08/2026;09:00;19.9;0;SOLEIL;5;0;0
Saint-Amand-Montrond;46.72;2.5;02/08/2026;10:00;21.0;0;SOLEIL;5;0;0
Saint-Amand-Montrond;46.72;2.5;02/08/2026;11:00;;0;SOLEIL;;;0
Saint-Amand-Montrond;46.72;2.5;02/08/2026;12:00;;0;SOLEIL;;;0
Saint-Amand-Montrond;46.72;2.5;02/08/2026;13:00;;0;SOLEIL;;;0
Saint-Amand-Montrond;46.72;2.5;02/08/2026;14:00;25.5;0;SOLEIL;5;0;0
Saint-Amand-Montrond;46.72;2.5;02/08/2026;15:00;26.6;0;SOLEIL;5;0;0
Saint-Amand-Montrond;46.72;2.5;02/08/2026;16:00;25.5;0;SOLEIL;5;0;0
Saint-Amand-Montrond;46.72;2.5;02/08/2026;17:00;;0;SOLEIL;;;0
Saint-Amand-Montrond;46.72;2.5;02/08/2026;18:00;;0;SOLEIL;;;0
Saint-Amand-Montrond;46.72;2.5;02/08/2026;19:00;;0;SOLEIL;;;0
Saint-Amand-Montrond;46.72;2.5;02/08/2026;20:00;21.0;0;SOLEIL;5;0;0
Saint-Amand-Montrond;46.72;2.5;02/08/2026;21:00;19.9;0;SOLEIL;5;0;0
Saint-Amand-Montrond;46.72;2.5;02/08/2026;22:00;18.7;0;SOLEIL;5;0;0
Saint-Amand-Montrond;46.72;2.5;02/08/2026;23:00;17.6;0;SOLEIL;5;0;0
Saint-Amand-Montrond;46.72;2.5;03/08/2026;00:00;12;0;SOLEIL;5;0;0
Saint-Amand-Montrond;46.72;2.5;03/08/2026;01:00;12;0;SOLEIL;5;0;0
Saint-Amand-Montrond;46.72;2.5;03/08/2026;02:00;12;0;SOLEIL;5;0;0
Saint-Amand-Montrond;46.72;2.5;03/08/2026;03:00;12;0;SOLEIL;5;0;0
Saint-Amand-Montrond;46.72;2.5;03/08/2026;04:00;12;0;SOLEIL;5;0;0
Saint-Amand-Montrond;46.72;2.5;03/08/2026;05:00;12;0;SOLEIL;5;0;0
Saint-Amand-Montrond;46.72;2.5;03/08/2026;06:00;12;0;SOLEIL;5;0;0
Saint-Amand-Montrond;46.72;2.5;03/08/2026;07:00;13.1;0;SOLEIL;5;0;0
Saint-Amand-Montrond;46.72;2.5;03/08/2026;08:00;14.2;0;SOLEIL;5;0;0
Saint-Amand-Montrond;46.72;2.5;03/08/2026;09:00;15.3;0;SOLEIL;5;0;0
Saint-Amand-Montrond;46.72;2.5;03/08/2026;10:00;16.4;0;SOLEIL;5;0;0
Saint-Amand-Montrond;46.72;2.5;03/08/2026;11:00;17.6;0;SOLEIL;5;0;0
Saint-Amand-Montrond;46.72;2.5;03/08/2026;12:00;18.7;0;SOLEIL;5;0;0
Saint-Amand-Montrond;46.72;2.5;03/08/2026;13:00;19.8;0;SOLEIL;5;0;0
Saint-Amand-Montrond;46.72;2.5;03/08/2026;14:00;20.9;0;SOLEIL;5;0;0
Saint-Amand-Montrond;46.72;2.5;03/08/2026;15:00;22.0;0;SOLEIL;5;0;0
Saint-Amand-Montrond;46.72;2.5;03/08/2026;16:00;20.9;0;SOLEIL;5;0;0
Saint-Amand-Montrond;46.72;2.5;03/08/2026;17:00;19.8;0;SOLEIL;5;0;0
Saint-Amand-Montrond;46.72;2.5;03/08/2026;18:00;18.7;0;SOLEIL;5;0;0
Saint-Amand-Montrond;46.72;2.5;03/08/2026;19:00;17.6;0;SOLEIL;5;0;0
Saint-Amand-Montrond;46.72;2.5;03/08/2026;20:00;16.4;0;SOLEIL;5;0;0
Saint-Amand-Montrond;46.72;2.5;03/08/2026;21:00;15.3;0;SOLEIL;5;0;0
Saint-Amand-Montrond;46.72;2.5;03/08/2026;22:00;14.2;0;SOLEIL;5;0;0
Saint-Amand-Montrond;46.72;2.5;03/08/2026;23:00;13.1;0;SOLEIL;5;0;0
Saint-Amand-Montrond;46.72;2.5;04/08/2026;00:00;12;0;SOLEIL;5;0;0
Saint-Amand-Montrond;46.72;2.5;04/08/2026;01:00;12;0;SOLEIL;5;0;0
Saint-Amand-Montrond;46.72;2.5;04/08/2026;02:00;12;0;SOLEIL;5;0;0
Saint-Amand-Montrond;46.72;2.5;04/08/2026;03:00;12;0;SOLEIL;5;0;0
Saint-Amand-Montrond;46.72;2.5;04/08/2026;04:00;12;0;SOLEIL;5;0;0
Saint-Amand-Montrond;46.72;2.5;04/08/2026;05:00;12;0;SOLEIL;5;0;0
Saint-Amand-Montrond;46.72;2.5;04/08/2026;06:00;12;0;SOLEIL;5;0;0
Saint-Amand-Montrond;46.72;2.5;04/08/2026;07:00;13.1;0;SOLEIL;5;0;0
Saint-Amand-Montrond;46.72;2.5;04/08/2026;08:00;14.2;0;SOLEIL;5;0;0
Saint-Amand-Montrond;46.72;2.5;04/08/2026;09:00;15.3;0;SOLEIL;5;0;0
Saint-Amand-Montrond;46.72;2.5;04/08/2026;10:00;16.4;0;SOLEIL;5;0;0
Saint-Amand-Montrond;46.72;2.5;04/08/2026;11:00;17.6;0;SOLEIL;5;0;0
Saint-Amand-Montrond;46.72;2.5;04/08/2026;12:00;18.7;0;SOLEIL;5;0;0
Saint-Amand-Montrond;46.72;2.5;04/08/2026;13:00;19.8;0;SOLEIL;5;0;0
Saint-Amand-Montrond;46.72;2.5;04/08/2026;14:00;20.9;0;SOLEIL;5;0;0
Saint-Amand-Montrond;46.72;2.5;04/08/2026;15:00;22.0;0;SOLEIL;5;0;0
Saint-Amand-Montrond;46.72;2.5;04/08/2026;16:00;20.9;0;SOLEIL;5;0;0
Saint-Amand-Montrond;46.72;2.5;04/08/2026;17:00;19.8;0;SOLEIL;5;0;0
Saint-Amand-Montrond;46.72;2.5;04/08/2026;18:00;18.7;0;SOLEIL;5;0;0
Saint-Amand-Montrond;46.72;2.5;04/08/2026;19:00;17.6;0;SOLEIL;5;0;0
Saint-Amand-Montrond;46.72;2.5;04/08/2026;20:00;16.4;0;SOLEIL;5;0;0
Saint-Amand-Montrond;46.72;2.5;04/08/2026;21:00;15.3;0;SOLEIL;5;0;0
Saint-Amand-Montrond;46.72;2.5;04/08/2026;22:00;14.2;0;SOLEIL;5;0;0
Saint-Amand-Montrond;46.72;2.5;04/08/2026;23:00;13.1;0;SOLEIL;5;0;0
Sancerre;47.33;2.84;20/07/2026;00:00;17.1;0;SOLEIL;4;20.2;0
Sancerre;47.33;2.84;20/07/2026;01:00;16;0;SOLEIL;4;19.4;0
Sancerre;47.33;2.84;20/07/2026;02:00;14.6;0;SOLEIL;3;17.3;0
Sancerre;47.33;2.84;20/07/2026;03:00;14.1;0;SOLEIL;4;11.5;0
Sancerre;47.33;2.84;20/07/2026;04:00;12.9;0;SOLEIL;4;8.6;0
Sancerre;47.33;2.84;20/07/2026;05:00;13.2;0;SOLEIL;4;11.2;0
Sancerre;47.33;2.84;20/07/2026;06:00;15.6;0;SOLEIL;3;13.7;0
Sancerre;47.33;2.84;20/07/2026;07:00;18;0;SOLEIL;3;13.3;0
Sancerre;47.33;2.84;20/07/2026;08:00;20.6;0;SOLEIL;3;16.2;0
Sancerre;47.33;2.84;20/07/2026;09:00;22.6;0;SOLEIL;4;22.3;0
Sancerre;47.33;2.84;20/07/2026;10:00;23.9;0;SOLEIL;4;25.6;0
Sancerre;47.33;2.84;20/07/2026;11:00;25.6;0;SOLEIL;4;28.1;0
Sancerre;47.33;2.84;20/07/2026;12:00;27.1;0;SOLEIL;4;32.8;0
Sancerre;47.33;2.84;20/07/2026;13:00;27.4;0;SOLEIL;4;33.1;0
Sancerre;47.33;2.84;20/07/2026;14:00;28.1;0;SOLEIL;4;30.2;0
Sancerre;47.33;2.84;20/07/2026;15:00;28.6;0;SOLEIL;4;28.8;0
Sancerre;47.33;2.84;20/07/2026;16:00;28.9;0;SOLEIL;5;29.2;0
Sancerre;47.33;2.84;20/07/2026;17:00;28.1;0;SOLEIL;5;31.7;0
Sancerre;47.33;2.84;20/07/2026;18:00;26.9;0;SOLEIL;5;39.6;0
Sancerre;47.33;2.84;20/07/2026;19:00;24.1;0;SOLEIL;4;38.2;0
Sancerre;47.33;2.84;20/07/2026;20:00;22.6;0;SOLEIL;4;38.9;0
Sancerre;47.33;2.84;20/07/2026;21:00;21.1;0;SOLEIL;4;35.6;0
Sancerre;47.33;2.84;20/07/2026;22:00;18.6;0;SOLEIL;4;24.5;0
Sancerre;47.33;2.84;20/07/2026;23:00;18.1;0;SOLEIL;4;25.6;0
Sancerre;47.33;2.84;21/07/2026;00:00;16.7;0;SOLEIL;4;24.5;0
Sancerre;47.33;2.84;21/07/2026;01:00;16.7;0;SOLEIL;4;24.1;0
Sancerre;47.33;2.84;21/07/2026;02:00;13.7;0;SOLEIL;5;20.5;0
Sancerre;47.33;2.84;21/07/2026;03:00;13.7;0;SOLEIL;5;15.8;0
Sancerre;47.33;2.84;21/07/2026;04:00;13.7;0;SOLEIL;5;14.8;0
Sancerre;47.33;2.84;21/07/2026;05:00;15.5;0;SOLEIL;4;14.4;0
Sancerre;47.33;2.84;21/07/2026;06:00;15.5;0;SOLEIL;4;13.7;0
Sancerre;47.33;2.84;21/07/2026;07:00;15.5;0;SOLEIL;4;12.6;0
Sancerre;47.33;2.84;21/07/2026;08:00;22.7;0;SOLEIL;4;13.7;0
Sancerre;47.33;2.84;21/07/2026;09:00;22.7;0;SOLEIL;4;21.6;0
Sancerre;47.33;2.84;21/07/2026;10:00;22.7;0;SOLEIL;4;26.6;0
Sancerre;47.33;2.84;21/07/2026;11:00;27.1;0;SOLEIL;5;32.4;0
Sancerre;47.33;2.84;21/07/2026;12:00;27.1;0;SOLEIL;5;37.3;0
Sancerre;47.33;2.84;21/07/2026;13:00;27.1;0;SOLEIL;5;38.9;0
Sancerre;47.33;2.84;21/07/2026;14:00;28.7;0;SOLEIL;5;41.0;0
Sancerre;47.33;2.84;21/07/2026;15:00;28.7;0;SOLEIL;5;42.5;0
Sancerre;47.33;2.84;21/07/2026;16:00;28.7;0;SOLEIL;5;41.8;0
Sancerre;47.33;2.84;21/07/2026;17:00;27.1;0;SOLEIL;5;41.0;0
Sancerre;47.33;2.84;21/07/2026;18:00;27.1;0;SOLEIL;5;40.3;0
Sancerre;47.33;2.84;21/07/2026;19:00;27.1;0;SOLEIL;5;38.2;0
Sancerre;47.33;2.84;21/07/2026;20:00;21;0;SOLEIL;4;35.3;0
Sancerre;47.33;2.84;21/07/2026;21:00;21;0;SOLEIL;4;31.0;0
Sancerre;47.33;2.84;21/07/2026;22:00;21;0;SOLEIL;4;22.0;0
Sancerre;47.33;2.84;21/07/2026;23:00;17.9;0;SOLEIL;4;15.5;0
Sancerre;47.33;2.84;22/07/2026;00:00;17.9;0;SOLEIL;4;14.4;0
Sancerre;47.33;2.84;22/07/2026;01:00;17.9;0;SOLEIL;4;13.3;0
Sancerre;47.33;2.84;22/07/2026;02:00;14.1;0;SOLEIL;3;12.6;0
Sancerre;47.33;2.84;22/07/2026;03:00;14.1;0;SOLEIL;3;11.5;0
Sancerre;47.33;2.84;22/07/2026;04:00;14.1;0;SOLEIL;3;10.8;0
Sancerre;47.33;2.84;22/07/2026;05:00;15.7;0;SOLEIL;3;9.4;0
Sancerre;47.33;2.84;22/07/2026;06:00;15.7;0;SOLEIL;3;7.9;0
Sancerre;47.33;2.84;22/07/2026;07:00;15.7;0;SOLEIL;3;5.4;0
Sancerre;47.33;2.84;22/07/2026;08:00;24.6;0;SOLEIL;3;5.4;0
Sancerre;47.33;2.84;22/07/2026;09:00;24.6;0;SOLEIL;3;15.5;0
Sancerre;47.33;2.84;22/07/2026;10:00;24.6;0;SOLEIL;3;20.9;0
Sancerre;47.33;2.84;22/07/2026;11:00;28.5;0;SOLEIL;3;22.0;0
Sancerre;47.33;2.84;22/07/2026;12:00;28.5;0;SOLEIL;3;27.4;0
Sancerre;47.33;2.84;22/07/2026;13:00;28.5;0;SOLEIL;3;28.4;0
Sancerre;47.33;2.84;22/07/2026;14:00;30.1;0;SOLEIL;4;29.5;0
Sancerre;47.33;2.84;22/07/2026;15:00;30.1;0;SOLEIL;4;30.6;0
Sancerre;47.33;2.84;22/07/2026;16:00;30.1;0;SOLEIL;4;31.3;0
Sancerre;47.33;2.84;22/07/2026;17:00;27.9;0;SOLEIL;4;31.7;0
Sancerre;47.33;2.84;22/07/2026;18:00;27.9;0;SOLEIL;4;32.4;0
Sancerre;47.33;2.84;22/07/2026;19:00;27.9;0;SOLEIL;4;33.1;0
Sancerre;47.33;2.84;22/07/2026;20:00;20.6;0;SOLEIL;5;31.7;0
Sancerre;47.33;2.84;22/07/2026;21:00;18.7;0;SOLEIL;5;26.3;0
Sancerre;47.33;2.84;22/07/2026;22:00;16.7;0;SOLEIL;5;18.7;0
Sancerre;47.33;2.84;22/07/2026;23:00;18.6;0;SOLEIL;4;12.6;0
Sancerre;47.33;2.84;23/07/2026;00:00;18.6;0;SOLEIL;4;9.7;0
Sancerre;47.33;2.84;23/07/2026;01:00;18.6;0;SOLEIL;4;8.3;0
Sancerre;47.33;2.84;23/07/2026;02:00;16.2;0;SOLEIL;5;7.2;0
Sancerre;47.33;2.84;23/07/2026;03:00;16.2;0;SOLEIL;5;6.5;0
Sancerre;47.33;2.84;23/07/2026;04:00;16.2;0;SOLEIL;5;5.8;0
Sancerre;47.33;2.84;23/07/2026;05:00;18.2;0;SOLEIL;2;5.4;0
Sancerre;47.33;2.84;23/07/2026;06:00;18.2;0;SOLEIL;2;4.0;0
Sancerre;47.33;2.84;23/07/2026;07:00;18.2;0;SOLEIL;2;2.9;0
Sancerre;47.33;2.84;23/07/2026;08:00;19.6;0;SOLEIL;5;4.3;0
Sancerre;47.33;2.84;23/07/2026;09:00;21.3;0;SOLEIL;5;10.8;0
Sancerre;47.33;2.84;23/07/2026;10:00;23.0;0;SOLEIL;5;19.8;0
Sancerre;47.33;2.84;23/07/2026;11:00;29.6;0;SOLEIL;4;27.0;0
Sancerre;47.33;2.84;23/07/2026;12:00;29.6;0;SOLEIL;4;31.0;0
Sancerre;47.33;2.84;23/07/2026;13:00;29.6;0;SOLEIL;4;33.1;0
Sancerre;47.33;2.84;23/07/2026;14:00;29.8;0;SOLEIL;5;34.9;0
Sancerre;47.33;2.84;23/07/2026;15:00;31.5;0;SOLEIL;5;36.4;0
Sancerre;47.33;2.84;23/07/2026;16:00;29.8;0;SOLEIL;5;37.1;0
Sancerre;47.33;2.84;23/07/2026;17:00;29.1;0;SOLEIL;4;37.1;0
Sancerre;47.33;2.84;23/07/2026;18:00;29.1;0;SOLEIL;4;37.1;0
Sancerre;47.33;2.84;23/07/2026;19:00;29.1;0;SOLEIL;4;36.7;0
Sancerre;47.33;2.84;23/07/2026;20:00;23.0;0;SOLEIL;5;33.8;0
Sancerre;47.33;2.84;23/07/2026;21:00;21.3;0;SOLEIL;5;27.0;0
Sancerre;47.33;2.84;23/07/2026;22:00;19.6;0;SOLEIL;5;18.0;0
Sancerre;47.33;2.84;23/07/2026;23:00;19.7;0;SOLEIL;3;11.2;0
Sancerre;47.33;2.84;24/07/2026;00:00;19.7;0;SOLEIL;3;8.6;0
Sancerre;47.33;2.84;24/07/2026;01:00;19.7;0;SOLEIL;3;7.9;0
Sancerre;47.33;2.84;24/07/2026;02:00;14.5;0;SOLEIL;5;7.6;0
Sancerre;47.33;2.84;24/07/2026;03:00;14.5;0;SOLEIL;5;6.1;0
Sancerre;47.33;2.84;24/07/2026;04:00;14.5;0;SOLEIL;5;5.0;0
Sancerre;47.33;2.84;24/07/2026;05:00;16.9;0;SOLEIL;2;4.0;0
Sancerre;47.33;2.84;24/07/2026;06:00;16.9;0;SOLEIL;2;3.4;0
Sancerre;47.33;2.84;24/07/2026;07:00;16.9;0;SOLEIL;2;3.4;0
Sancerre;47.33;2.84;24/07/2026;08:00;18.4;0;SOLEIL;5;3.1;0
Sancerre;47.33;2.84;24/07/2026;09:00;20.4;0;SOLEIL;5;7.6;0
Sancerre;47.33;2.84;24/07/2026;10:00;22.3;0;SOLEIL;5;13.3;0
Sancerre;47.33;2.84;24/07/2026;11:00;29.6;0;SOLEIL;3;18.0;0
Sancerre;47.33;2.84;24/07/2026;12:00;29.6;0;SOLEIL;3;20.5;0
Sancerre;47.33;2.84;24/07/2026;13:00;29.6;0;SOLEIL;3;22.0;0
Sancerre;47.33;2.84;24/07/2026;14:00;30.1;0;SOLEIL;5;22.7;0
Sancerre;47.33;2.84;24/07/2026;15:00;32.1;0;SOLEIL;5;23.0;0
Sancerre;47.33;2.84;24/07/2026;16:00;30.1;0;SOLEIL;5;22.7;0
Sancerre;47.33;2.84;24/07/2026;17:00;30.1;0;SOLEIL;3;22.3;0
Sancerre;47.33;2.84;24/07/2026;18:00;30.1;0;SOLEIL;3;22.3;0
Sancerre;47.33;2.84;24/07/2026;19:00;30.1;0;SOLEIL;3;22.0;0
Sancerre;47.33;2.84;24/07/2026;20:00;22.3;0;SOLEIL;5;20.2;0
Sancerre;47.33;2.84;24/07/2026;21:00;20.4;0;SOLEIL;5;15.8;0
Sancerre;47.33;2.84;24/07/2026;22:00;18.4;0;SOLEIL;5;10.4;0
Sancerre;47.33;2.84;24/07/2026;23:00;20.6;0;SOLEIL;2;6.1;0
Sancerre;47.33;2.84;25/07/2026;00:00;20.6;0;SOLEIL;2;4.3;0
Sancerre;47.33;2.84;25/07/2026;01:00;20.6;0;SOLEIL;2;3.6;0
Sancerre;47.33;2.84;25/07/2026;02:00;17.2;0;SOLEIL;5;3.2;0
Sancerre;47.33;2.84;25/07/2026;03:00;17.2;0;SOLEIL;5;2.9;0
Sancerre;47.33;2.84;25/07/2026;04:00;17.2;0;SOLEIL;5;3.2;0
Sancerre;47.33;2.84;25/07/2026;05:00;18.2;0;SOLEIL;2;3.6;0
Sancerre;47.33;2.84;25/07/2026;06:00;18.2;0;SOLEIL;2;4.7;0
Sancerre;47.33;2.84;25/07/2026;07:00;18.2;0;SOLEIL;2;5.8;0
Sancerre;47.33;2.84;25/07/2026;08:00;20.4;0;SOLEIL;5;7.2;0
Sancerre;47.33;2.84;25/07/2026;09:00;22.0;0;SOLEIL;5;7.9;0
Sancerre;47.33;2.84;25/07/2026;10:00;23.6;0;SOLEIL;5;8.6;0
Sancerre;47.33;2.84;25/07/2026;11:00;29.6;0;SOLEIL;3;10.4;0
Sancerre;47.33;2.84;25/07/2026;12:00;29.6;0;SOLEIL;3;14.8;0
Sancerre;47.33;2.84;25/07/2026;13:00;29.6;0;SOLEIL;3;20.2;0
Sancerre;47.33;2.84;25/07/2026;14:00;30.0;0;SOLEIL;5;24.8;0
Sancerre;47.33;2.84;25/07/2026;15:00;31.6;0;SOLEIL;5;28.8;0
Sancerre;47.33;2.84;25/07/2026;16:00;30.0;0;SOLEIL;5;32.0;0
Sancerre;47.33;2.84;25/07/2026;17:00;28;0;SOLEIL;4;34.2;0
Sancerre;47.33;2.84;25/07/2026;18:00;28;0;SOLEIL;4;34.9;0
Sancerre;47.33;2.84;25/07/2026;19:00;28;0;SOLEIL;4;34.2;0
Sancerre;47.33;2.84;25/07/2026;20:00;23.6;0;SOLEIL;5;31.3;0
Sancerre;47.33;2.84;25/07/2026;21:00;22.0;0;SOLEIL;5;24.5;0
Sancerre;47.33;2.84;25/07/2026;22:00;20.4;0;SOLEIL;5;15.1;0
Sancerre;47.33;2.84;25/07/2026;23:00;21.1;0;SOLEIL;4;8.3;0
Sancerre;47.33;2.84;26/07/2026;00:00;21.1;0;SOLEIL;4;6.5;0
Sancerre;47.33;2.84;26/07/2026;01:00;21.1;0;SOLEIL;4;7.2;0
Sancerre;47.33;2.84;26/07/2026;02:00;18;0;SOLEIL;5;7.6;0
Sancerre;47.33;2.84;26/07/2026;03:00;18;0;SOLEIL;5;6.1;0
Sancerre;47.33;2.84;26/07/2026;04:00;18;0;SOLEIL;5;4.3;0
Sancerre;47.33;2.84;26/07/2026;05:00;18.9;0;SOLEIL;4;2.9;0
Sancerre;47.33;2.84;26/07/2026;06:00;18.9;0;SOLEIL;4;2.9;0
Sancerre;47.33;2.84;26/07/2026;07:00;18.9;0;SOLEIL;4;3.2;0
Sancerre;47.33;2.84;26/07/2026;08:00;19.9;0;SOLEIL;5;4.0;0
Sancerre;47.33;2.84;26/07/2026;09:00;20.9;0;SOLEIL;5;4.7;0
Sancerre;47.33;2.84;26/07/2026;10:00;21.9;0;SOLEIL;5;5.8;0
Sancerre;47.33;2.84;26/07/2026;11:00;25.1;0;SOLEIL;5;7.6;0
Sancerre;47.33;2.84;26/07/2026;12:00;25.1;0;SOLEIL;5;15.5;0
Sancerre;47.33;2.84;26/07/2026;13:00;25.1;0;SOLEIL;5;23.9;0
Sancerre;47.33;2.84;26/07/2026;14:00;25.7;0;SOLEIL;5;31.4;0
Sancerre;47.33;2.84;26/07/2026;15:00;26.7;0;SOLEIL;5;38.2;0
Sancerre;47.33;2.84;26/07/2026;16:00;25.7;0;SOLEIL;5;40.0;0
Sancerre;47.33;2.84;26/07/2026;17:00;24.6;0;SOLEIL;5;41.8;0
Sancerre;47.33;2.84;26/07/2026;18:00;24.6;0;SOLEIL;5;43.2;0
Sancerre;47.33;2.84;26/07/2026;19:00;24.6;0;SOLEIL;5;43.9;0
Sancerre;47.33;2.84;26/07/2026;20:00;21.9;0;SOLEIL;5;44.6;0
Sancerre;47.33;2.84;26/07/2026;21:00;20.9;0;SOLEIL;5;44.6;0
Sancerre;47.33;2.84;26/07/2026;22:00;19.9;0;SOLEIL;5;43.9;0
Sancerre;47.33;2.84;26/07/2026;23:00;19.7;0;SOLEIL;4;43.2;0
Sancerre;47.33;2.84;27/07/2026;00:00;19.7;0;SOLEIL;4;42.1;0
Sancerre;47.33;2.84;27/07/2026;01:00;19.7;0;SOLEIL;4;40.7;0
Sancerre;47.33;2.84;27/07/2026;02:00;16.6;0;SOLEIL;5;40.0;0
Sancerre;47.33;2.84;27/07/2026;03:00;16.6;0;SOLEIL;5;38.9;0
Sancerre;47.33;2.84;27/07/2026;04:00;16.6;0;SOLEIL;5;37.8;0
Sancerre;47.33;2.84;27/07/2026;05:00;17.7;0;SOLEIL;4;36.7;0
Sancerre;47.33;2.84;27/07/2026;06:00;17.7;0;SOLEIL;4;36.0;0
Sancerre;47.33;2.84;27/07/2026;07:00;17.7;0;SOLEIL;4;35.6;0
Sancerre;47.33;2.84;27/07/2026;08:00;18.7;0;SOLEIL;5;36.4;0
Sancerre;47.33;2.84;27/07/2026;09:00;19.8;0;SOLEIL;5;38.2;0
Sancerre;47.33;2.84;27/07/2026;10:00;20.8;0;SOLEIL;5;41.4;0
Sancerre;47.33;2.84;27/07/2026;11:00;24.6;6;AVERSES;5;45.0;0
Sancerre;47.33;2.84;27/07/2026;12:00;24.6;6;AVERSES;5;48.6;0
Sancerre;47.33;2.84;27/07/2026;13:00;24.6;6;AVERSES;5;51.8;0
Sancerre;47.33;2.84;27/07/2026;14:00;25.0;0;SOLEIL;5;54.0;0
Sancerre;47.33;2.84;27/07/2026;15:00;26.1;0;SOLEIL;5;55.1;0
Sancerre;47.33;2.84;27/07/2026;16:00;25.0;0;SOLEIL;5;55.4;0
Sancerre;47.33;2.84;27/07/2026;17:00;23.6;6;AVERSES;5;55.1;0
Sancerre;47.33;2.84;27/07/2026;18:00;23.6;6;AVERSES;5;54.7;0
Sancerre;47.33;2.84;27/07/2026;19:00;23.6;6;AVERSES;5;54.0;0
Sancerre;47.33;2.84;27/07/2026;20:00;20.8;0;SOLEIL;5;52.9;0
Sancerre;47.33;2.84;27/07/2026;21:00;19.8;0;SOLEIL;5;51.8;0
Sancerre;47.33;2.84;27/07/2026;22:00;18.7;0;SOLEIL;5;50.0;0
Sancerre;47.33;2.84;27/07/2026;23:00;18.7;0;SOLEIL;4;48.2;0
Sancerre;47.33;2.84;28/07/2026;00:00;18.7;0;SOLEIL;4;46.1;0
Sancerre;47.33;2.84;28/07/2026;01:00;18.7;0;SOLEIL;4;43.9;0
Sancerre;47.33;2.84;28/07/2026;02:00;16;0;SOLEIL;5;42.1;0
Sancerre;47.33;2.84;28/07/2026;03:00;16;0;SOLEIL;5;40.0;0
Sancerre;47.33;2.84;28/07/2026;04:00;16;0;SOLEIL;5;37.4;0
Sancerre;47.33;2.84;28/07/2026;05:00;17.1;0;SOLEIL;3;34.9;0
Sancerre;47.33;2.84;28/07/2026;06:00;17.1;0;SOLEIL;3;32.8;0
Sancerre;47.33;2.84;28/07/2026;07:00;17.1;0;SOLEIL;3;31.0;0
Sancerre;47.33;2.84;28/07/2026;08:00;18.4;0;SOLEIL;5;30.2;0
Sancerre;47.33;2.84;28/07/2026;09:00;19.6;0;SOLEIL;5;31.0;0
Sancerre;47.33;2.84;28/07/2026;10:00;20.8;0;SOLEIL;5;32.4;0
Sancerre;47.33;2.84;28/07/2026;11:00;25.1;6;AVERSES;5;34.6;0
Sancerre;47.33;2.84;28/07/2026;12:00;25.1;6;AVERSES;5;37.1;0
Sancerre;47.33;2.84;28/07/2026;13:00;25.1;6;AVERSES;5;39.2;0
Sancerre;47.33;2.84;28/07/2026;14:00;25.5;0;SOLEIL;5;40.7;0
Sancerre;47.33;2.84;28/07/2026;15:00;26.7;0;SOLEIL;5;41.8;0
Sancerre;47.33;2.84;28/07/2026;16:00;25.5;0;SOLEIL;5;42.5;0
Sancerre;47.33;2.84;28/07/2026;17:00;24;0;SOLEIL;5;42.8;0
Sancerre;47.33;2.84;28/07/2026;18:00;24;0;SOLEIL;5;42.8;0
Sancerre;47.33;2.84;28/07/2026;19:00;24;0;SOLEIL;5;42.8;0
Sancerre;47.33;2.84;28/07/2026;20:00;20.8;0;SOLEIL;5;42.5;0
Sancerre;47.33;2.84;28/07/2026;21:00;19.6;0;SOLEIL;5;41.8;0
Sancerre;47.33;2.84;28/07/2026;22:00;18.4;0;SOLEIL;5;40.3;0
Sancerre;47.33;2.84;28/07/2026;23:00;18.1;0;SOLEIL;3;38.5;0
Sancerre;47.33;2.84;29/07/2026;00:00;18.1;0;SOLEIL;3;36.7;0
Sancerre;47.33;2.84;29/07/2026;01:00;18.1;0;SOLEIL;3;34.9;0
Sancerre;47.33;2.84;29/07/2026;02:00;15.6;0;SOLEIL;5;33.8;0
Sancerre;47.33;2.84;29/07/2026;03:00;15.6;0;SOLEIL;5;32.8;0
Sancerre;47.33;2.84;29/07/2026;04:00;15.6;0;SOLEIL;5;31.7;0
Sancerre;47.33;2.84;29/07/2026;05:00;;0;SOLEIL;;30.6;0
Sancerre;47.33;2.84;29/07/2026;06:00;;0;SOLEIL;;30.2;0
Sancerre;47.33;2.84;29/07/2026;07:00;;0;SOLEIL;;29.9;0
Sancerre;47.33;2.84;29/07/2026;08:00;18.4;0;SOLEIL;5;30.6;0
Sancerre;47.33;2.84;29/07/2026;09:00;19.8;0;SOLEIL;5;32.4;0
Sancerre;47.33;2.84;29/07/2026;10:00;21.2;0;SOLEIL;5;34.9;0
Sancerre;47.33;2.84;29/07/2026;11:00;;0;SOLEIL;;38.2;0
Sancerre;47.33;2.84;29/07/2026;12:00;;0;SOLEIL;;41.8;0
Sancerre;47.33;2.84;29/07/2026;13:00;;0;SOLEIL;;44.6;0
Sancerre;47.33;2.84;29/07/2026;14:00;26.8;0;SOLEIL;5;46.4;0
Sancerre;47.33;2.84;29/07/2026;15:00;28.2;0;SOLEIL;5;47.5;0
Sancerre;47.33;2.84;29/07/2026;16:00;26.8;0;SOLEIL;5;47.9;0
Sancerre;47.33;2.84;29/07/2026;17:00;;0;SOLEIL;;47.9;0
Sancerre;47.33;2.84;29/07/2026;18:00;;0;SOLEIL;;47.5;0
Sancerre;47.33;2.84;29/07/2026;19:00;;0;SOLEIL;;47.2;0
Sancerre;47.33;2.84;29/07/2026;20:00;21.2;0;SOLEIL;5;46.4;0
Sancerre;47.33;2.84;29/07/2026;21:00;19.8;0;SOLEIL;5;45.7;0
Sancerre;47.33;2.84;29/07/2026;22:00;18.4;0;SOLEIL;5;44.6;0
Sancerre;47.33;2.84;29/07/2026;23:00;;0;SOLEIL;;43.2;0
Sancerre;47.33;2.84;30/07/2026;00:00;;0;SOLEIL;;41.8;0
Sancerre;47.33;2.84;30/07/2026;01:00;;0;SOLEIL;;40.0;0
Sancerre;47.33;2.84;30/07/2026;02:00;15.9;0;SOLEIL;5;37.4;0
Sancerre;47.33;2.84;30/07/2026;03:00;15.9;0;SOLEIL;5;34.2;0
Sancerre;47.33;2.84;30/07/2026;04:00;15.9;0;SOLEIL;5;29.5;0
Sancerre;47.33;2.84;30/07/2026;05:00;;0;SOLEIL;;24.8;0
Sancerre;47.33;2.84;30/07/2026;06:00;;0;SOLEIL;;20.2;0
Sancerre;47.33;2.84;30/07/2026;07:00;;0;SOLEIL;;16.6;0
Sancerre;47.33;2.84;30/07/2026;08:00;19.1;0;SOLEIL;5;14.8;0
Sancerre;47.33;2.84;30/07/2026;09:00;20.8;0;SOLEIL;5;14.8;0
Sancerre;47.33;2.84;30/07/2026;10:00;22.4;0;SOLEIL;5;16.6;0
Sancerre;47.33;2.84;30/07/2026;11:00;;0;SOLEIL;;19.4;0
Sancerre;47.33;2.84;30/07/2026;12:00;;0;SOLEIL;;22.3;0
Sancerre;47.33;2.84;30/07/2026;13:00;;0;SOLEIL;;25.2;0
Sancerre;47.33;2.84;30/07/2026;14:00;28.9;0;SOLEIL;5;27.0;0
Sancerre;47.33;2.84;30/07/2026;15:00;30.5;0;SOLEIL;5;28.1;0
Sancerre;47.33;2.84;30/07/2026;16:00;28.9;0;SOLEIL;5;28.8;0
Sancerre;47.33;2.84;30/07/2026;17:00;;0;SOLEIL;;29.2;0
Sancerre;47.33;2.84;30/07/2026;18:00;;0;SOLEIL;;29.5;0
Sancerre;47.33;2.84;30/07/2026;19:00;;0;SOLEIL;;29.5;0
Sancerre;47.33;2.84;30/07/2026;20:00;22.4;0;SOLEIL;5;29.2;0
Sancerre;47.33;2.84;30/07/2026;21:00;20.8;0;SOLEIL;5;28.4;0
Sancerre;47.33;2.84;30/07/2026;22:00;19.1;0;SOLEIL;5;27.4;0
Sancerre;47.33;2.84;30/07/2026;23:00;;0;SOLEIL;;26.3;0
Sancerre;47.33;2.84;31/07/2026;00:00;;0;SOLEIL;;24.8;0
Sancerre;47.33;2.84;31/07/2026;01:00;;0;SOLEIL;;23.4;0
Sancerre;47.33;2.84;31/07/2026;02:00;16.2;0;SOLEIL;5;22.0;0
Sancerre;47.33;2.84;31/07/2026;03:00;16.2;0;SOLEIL;5;20.2;0
Sancerre;47.33;2.84;31/07/2026;04:00;16.2;0;SOLEIL;5;18.4;0
Sancerre;47.33;2.84;31/07/2026;05:00;;0;SOLEIL;;16.2;0
Sancerre;47.33;2.84;31/07/2026;06:00;;0;SOLEIL;;14.4;0
Sancerre;47.33;2.84;31/07/2026;07:00;;0;SOLEIL;;13.3;0
Sancerre;47.33;2.84;31/07/2026;08:00;19.5;0;SOLEIL;5;13.3;0
Sancerre;47.33;2.84;31/07/2026;09:00;21.1;0;SOLEIL;5;14.8;0
Sancerre;47.33;2.84;31/07/2026;10:00;22.8;0;SOLEIL;5;17.6;0
Sancerre;47.33;2.84;31/07/2026;11:00;;0;SOLEIL;;21.2;0
Sancerre;47.33;2.84;31/07/2026;12:00;;0;SOLEIL;;25.2;0
Sancerre;47.33;2.84;31/07/2026;13:00;;0;SOLEIL;;28.4;0
Sancerre;47.33;2.84;31/07/2026;14:00;29.4;0;SOLEIL;5;30.6;0
Sancerre;47.33;2.84;31/07/2026;15:00;31.0;0;SOLEIL;5;31.7;0
Sancerre;47.33;2.84;31/07/2026;16:00;29.4;0;SOLEIL;5;32.0;0
Sancerre;47.33;2.84;31/07/2026;17:00;;0;SOLEIL;;32.0;0
Sancerre;47.33;2.84;31/07/2026;18:00;;0;SOLEIL;;31.7;0
Sancerre;47.33;2.84;31/07/2026;19:00;;0;SOLEIL;;31.3;0
Sancerre;47.33;2.84;31/07/2026;20:00;22.8;0;SOLEIL;5;31.0;0
Sancerre;47.33;2.84;31/07/2026;21:00;21.1;0;SOLEIL;5;30.6;0
Sancerre;47.33;2.84;31/07/2026;22:00;19.5;0;SOLEIL;5;30.6;0
Sancerre;47.33;2.84;31/07/2026;23:00;;0;SOLEIL;;30.2;0
Sancerre;47.33;2.84;01/08/2026;00:00;;0;SOLEIL;;29.5;0
Sancerre;47.33;2.84;01/08/2026;01:00;;0;SOLEIL;;28.8;0
Sancerre;47.33;2.84;01/08/2026;02:00;16.6;0;SOLEIL;5;27.4;0
Sancerre;47.33;2.84;01/08/2026;03:00;16.6;0;SOLEIL;5;24.8;0
Sancerre;47.33;2.84;01/08/2026;04:00;16.6;0;SOLEIL;5;21.6;0
Sancerre;47.33;2.84;01/08/2026;05:00;;0;SOLEIL;;18.0;0
Sancerre;47.33;2.84;01/08/2026;06:00;;0;SOLEIL;;14.4;0
Sancerre;47.33;2.84;01/08/2026;07:00;;0;SOLEIL;;11.9;0
Sancerre;47.33;2.84;01/08/2026;08:00;19.7;0;SOLEIL;5;10.8;0
Sancerre;47.33;2.84;01/08/2026;09:00;21.2;0;SOLEIL;5;11.9;0
Sancerre;47.33;2.84;01/08/2026;10:00;22.8;0;SOLEIL;5;14.0;0
Sancerre;47.33;2.84;01/08/2026;11:00;;0;SOLEIL;;17.6;0
Sancerre;47.33;2.84;01/08/2026;12:00;;0;SOLEIL;;21.2;0
Sancerre;47.33;2.84;01/08/2026;13:00;;0;SOLEIL;;24.5;0
Sancerre;47.33;2.84;01/08/2026;14:00;29.0;0;SOLEIL;5;27.0;0
Sancerre;47.33;2.84;01/08/2026;15:00;30.5;0;SOLEIL;5;28.4;0
Sancerre;47.33;2.84;01/08/2026;16:00;29.0;0;SOLEIL;5;29.9;0
Sancerre;47.33;2.84;01/08/2026;17:00;;0;SOLEIL;;31.0;0
Sancerre;47.33;2.84;01/08/2026;18:00;;0;SOLEIL;;31.7;0
Sancerre;47.33;2.84;01/08/2026;19:00;;0;SOLEIL;;32.0;0
Sancerre;47.33;2.84;01/08/2026;20:00;22.8;0;SOLEIL;5;32.0;0
Sancerre;47.33;2.84;01/08/2026;21:00;21.2;0;SOLEIL;5;31.7;0
Sancerre;47.33;2.84;01/08/2026;22:00;19.7;0;SOLEIL;5;31.3;0
Sancerre;47.33;2.84;01/08/2026;23:00;;0;SOLEIL;;30.2;0
Sancerre;47.33;2.84;02/08/2026;00:00;;0;SOLEIL;;29.2;0
Sancerre;47.33;2.84;02/08/2026;01:00;;0;SOLEIL;;27.7;0
Sancerre;47.33;2.84;02/08/2026;02:00;15.6;0;SOLEIL;5;26.3;0
Sancerre;47.33;2.84;02/08/2026;03:00;15.6;0;SOLEIL;5;24.1;0
Sancerre;47.33;2.84;02/08/2026;04:00;15.6;0;SOLEIL;5;21.6;0
Sancerre;47.33;2.84;02/08/2026;05:00;;0;SOLEIL;;18.7;0
Sancerre;47.33;2.84;02/08/2026;06:00;;0;SOLEIL;;15.8;0
Sancerre;47.33;2.84;02/08/2026;07:00;;0;SOLEIL;;13.7;0
Sancerre;47.33;2.84;02/08/2026;08:00;18.4;0;SOLEIL;5;13.0;0
Sancerre;47.33;2.84;02/08/2026;09:00;19.8;0;SOLEIL;5;13.7;0
Sancerre;47.33;2.84;02/08/2026;10:00;21.2;0;SOLEIL;5;15.5;0
Sancerre;47.33;2.84;02/08/2026;11:00;;0;SOLEIL;;18.0;0
Sancerre;47.33;2.84;02/08/2026;12:00;;0;SOLEIL;;20.5;0
Sancerre;47.33;2.84;02/08/2026;13:00;;0;SOLEIL;;23.0;0
Sancerre;47.33;2.84;02/08/2026;14:00;26.8;0;SOLEIL;5;24.5;0
Sancerre;47.33;2.84;02/08/2026;15:00;28.2;0;SOLEIL;5;25.2;0
Sancerre;47.33;2.84;02/08/2026;16:00;26.8;0;SOLEIL;5;25.6;0
Sancerre;47.33;2.84;02/08/2026;17:00;;0;SOLEIL;;25.9;0
Sancerre;47.33;2.84;02/08/2026;18:00;;0;SOLEIL;;25.6;0
Sancerre;47.33;2.84;02/08/2026;19:00;;0;SOLEIL;;25.2;0
Sancerre;47.33;2.84;02/08/2026;20:00;21.2;0;SOLEIL;5;24.8;0
Sancerre;47.33;2.84;02/08/2026;21:00;19.8;0;SOLEIL;5;24.1;0
Sancerre;47.33;2.84;02/08/2026;22:00;18.4;0;SOLEIL;5;22.7;0
Sancerre;47.33;2.84;02/08/2026;23:00;17.0;0;SOLEIL;5;21.2;0
Sancerre;47.33;2.84;03/08/2026;00:00;12;0;SOLEIL;5;18.0;0
Sancerre;47.33;2.84;03/08/2026;01:00;12;0;SOLEIL;5;17.8;0
Sancerre;47.33;2.84;03/08/2026;02:00;12;0;SOLEIL;5;18.9;0
Sancerre;47.33;2.84;03/08/2026;03:00;12;0;SOLEIL;5;18.0;0
Sancerre;47.33;2.84;03/08/2026;04:00;12;0;SOLEIL;5;14.4;0
Sancerre;47.33;2.84;03/08/2026;05:00;12;0;SOLEIL;5;13.0;0
Sancerre;47.33;2.84;03/08/2026;06:00;12;0;SOLEIL;5;14.8;0
Sancerre;47.33;2.84;03/08/2026;07:00;13.1;0;SOLEIL;5;18.4;0
Sancerre;47.33;2.84;03/08/2026;08:00;14.2;0;SOLEIL;5;21.6;0
Sancerre;47.33;2.84;03/08/2026;09:00;15.3;0;SOLEIL;5;24.1;0
Sancerre;47.33;2.84;03/08/2026;10:00;16.4;0;SOLEIL;5;26.3;0
Sancerre;47.33;2.84;03/08/2026;11:00;17.6;0;SOLEIL;5;28.4;0
Sancerre;47.33;2.84;03/08/2026;12:00;18.7;0;SOLEIL;5;30.6;0
Sancerre;47.33;2.84;03/08/2026;13:00;19.8;0;SOLEIL;5;32.8;0
Sancerre;47.33;2.84;03/08/2026;14:00;20.9;0;SOLEIL;5;34.6;0
Sancerre;47.33;2.84;03/08/2026;15:00;22.0;0;SOLEIL;5;37.1;0
Sancerre;47.33;2.84;03/08/2026;16:00;20.9;0;SOLEIL;5;39.2;0
Sancerre;47.33;2.84;03/08/2026;17:00;19.8;0;SOLEIL;5;40.0;0
Sancerre;47.33;2.84;03/08/2026;18:00;18.7;0;SOLEIL;5;37.8;0
Sancerre;47.33;2.84;03/08/2026;19:00;17.6;0;SOLEIL;5;33.5;0
Sancerre;47.33;2.84;03/08/2026;20:00;16.4;0;SOLEIL;5;30.2;0
Sancerre;47.33;2.84;03/08/2026;21:00;15.3;0;SOLEIL;5;28.8;0
Sancerre;47.33;2.84;03/08/2026;22:00;14.2;0;SOLEIL;5;27.7;0
Sancerre;47.33;2.84;03/08/2026;23:00;13.1;0;SOLEIL;5;26.3;0
Sancerre;47.33;2.84;04/08/2026;00:00;12;0;SOLEIL;5;0.0;0
Sancerre;47.33;2.84;04/08/2026;01:00;12;0;SOLEIL;5;0.0;0
Sancerre;47.33;2.84;04/08/2026;02:00;12;0;SOLEIL;5;0.0;0
Sancerre;47.33;2.84;04/08/2026;03:00;12;0;SOLEIL;5;0.0;0
Sancerre;47.33;2.84;04/08/2026;04:00;12;0;SOLEIL;5;0.0;0
Sancerre;47.33;2.84;04/08/2026;05:00;12;0;SOLEIL;5;0.0;0
Sancerre;47.33;2.84;04/08/2026;06:00;12;0;SOLEIL;5;0.0;0
Sancerre;47.33;2.84;04/08/2026;07:00;13.1;0;SOLEIL;5;0.0;0
Sancerre;47.33;2.84;04/08/2026;08:00;14.2;0;SOLEIL;5;0.0;0
Sancerre;47.33;2.84;04/08/2026;09:00;15.3;0;SOLEIL;5;0.0;0
Sancerre;47.33;2.84;04/08/2026;10:00;16.4;0;SOLEIL;5;0.0;0
Sancerre;47.33;2.84;04/08/2026;11:00;17.6;0;SOLEIL;5;0.0;0
Sancerre;47.33;2.84;04/08/2026;12:00;18.7;0;SOLEIL;5;0.0;0
Sancerre;47.33;2.84;04/08/2026;13:00;19.8;0;SOLEIL;5;0.0;0
Sancerre;47.33;2.84;04/08/2026;14:00;20.9;0;SOLEIL;5;0.0;0
Sancerre;47.33;2.84;04/08/2026;15:00;22.0;0;SOLEIL;5;0.0;0
Sancerre;47.33;2.84;04/08/2026;16:00;20.9;0;SOLEIL;5;0.0;0
Sancerre;47.33;2.84;04/08/2026;17:00;19.8;0;SOLEIL;5;0.0;0
Sancerre;47.33;2.84;04/08/2026;18:00;18.7;0;SOLEIL;5;0.0;0
Sancerre;47.33;2.84;04/08/2026;19:00;17.6;0;SOLEIL;5;0.0;0
Sancerre;47.33;2.84;04/08/2026;20:00;16.4;0;SOLEIL;5;0.0;0
Sancerre;47.33;2.84;04/08/2026;21:00;15.3;0;SOLEIL;5;0.0;0
Sancerre;47.33;2.84;04/08/2026;22:00;14.2;0;SOLEIL;5;0.0;0
Sancerre;47.33;2.84;04/08/2026;23:00;13.1;0;SOLEIL;5;0.0;0
Chartres;48.44;1.48;20/07/2026;00:00;16.7;0;SOLEIL;3;17.6;0
Chartres;48.44;1.48;20/07/2026;01:00;15.6;0;SOLEIL;3;13.7;0
Chartres;48.44;1.48;20/07/2026;02:00;15.4;0;SOLEIL;4;12.6;0
Chartres;48.44;1.48;20/07/2026;03:00;14.6;0;SOLEIL;4;15.8;0
Chartres;48.44;1.48;20/07/2026;04:00;13.6;0;SOLEIL;4;18.7;0
Chartres;48.44;1.48;20/07/2026;05:00;14.6;0;SOLEIL;4;20.2;0
Chartres;48.44;1.48;20/07/2026;06:00;16;0;SOLEIL;4;20.9;0
Chartres;48.44;1.48;20/07/2026;07:00;17.2;0;SOLEIL;4;21.6;0
Chartres;48.44;1.48;20/07/2026;08:00;18.1;0;SOLEIL;4;24.5;0
Chartres;48.44;1.48;20/07/2026;09:00;20.4;0;SOLEIL;4;27.0;0
Chartres;48.44;1.48;20/07/2026;10:00;21.4;0;SOLEIL;4;27.4;0
Chartres;48.44;1.48;20/07/2026;11:00;22.9;0;SOLEIL;4;29.9;0
Chartres;48.44;1.48;20/07/2026;12:00;24;0;SOLEIL;4;32.8;0
Chartres;48.44;1.48;20/07/2026;13:00;24.6;0;SOLEIL;4;33.5;0
Chartres;48.44;1.48;20/07/2026;14:00;25;0;SOLEIL;4;30.6;0
Chartres;48.44;1.48;20/07/2026;15:00;25.6;0;SOLEIL;5;29.5;0
Chartres;48.44;1.48;20/07/2026;16:00;25.4;0;SOLEIL;5;30.2;0
Chartres;48.44;1.48;20/07/2026;17:00;24.6;0;SOLEIL;5;32.4;0
Chartres;48.44;1.48;20/07/2026;18:00;23.9;0;SOLEIL;4;36.0;0
Chartres;48.44;1.48;20/07/2026;19:00;21.2;0;SOLEIL;4;39.2;0
Chartres;48.44;1.48;20/07/2026;20:00;19.9;0;SOLEIL;4;38.5;0
Chartres;48.44;1.48;20/07/2026;21:00;19.2;0;SOLEIL;4;34.2;0
Chartres;48.44;1.48;20/07/2026;22:00;17.9;0;SOLEIL;4;29.2;0
Chartres;48.44;1.48;20/07/2026;23:00;16.9;0;SOLEIL;4;20.9;0
Chartres;48.44;1.48;21/07/2026;00:00;16.1;0;SOLEIL;4;19.1;0
Chartres;48.44;1.48;21/07/2026;01:00;16.1;0;SOLEIL;4;18.4;0
Chartres;48.44;1.48;21/07/2026;02:00;14.6;0;SOLEIL;5;18.7;0
Chartres;48.44;1.48;21/07/2026;03:00;14.6;0;SOLEIL;5;17.6;0
Chartres;48.44;1.48;21/07/2026;04:00;14.6;0;SOLEIL;5;20.5;0
Chartres;48.44;1.48;21/07/2026;05:00;15.7;0;SOLEIL;5;20.5;0
Chartres;48.44;1.48;21/07/2026;06:00;15.7;0;SOLEIL;5;19.4;0
Chartres;48.44;1.48;21/07/2026;07:00;15.7;0;SOLEIL;5;16.6;0
Chartres;48.44;1.48;21/07/2026;08:00;20.6;0;SOLEIL;5;18.7;0
Chartres;48.44;1.48;21/07/2026;09:00;20.6;0;SOLEIL;5;22.7;0
Chartres;48.44;1.48;21/07/2026;10:00;20.6;0;SOLEIL;5;24.1;0
Chartres;48.44;1.48;21/07/2026;11:00;24.4;0;SOLEIL;5;32.8;0
Chartres;48.44;1.48;21/07/2026;12:00;24.4;0;SOLEIL;5;37.1;0
Chartres;48.44;1.48;21/07/2026;13:00;24.4;0;SOLEIL;5;39.2;0
Chartres;48.44;1.48;21/07/2026;14:00;26.5;0;SOLEIL;5;40.8;0
Chartres;48.44;1.48;21/07/2026;15:00;26.5;0;SOLEIL;5;41.8;0
Chartres;48.44;1.48;21/07/2026;16:00;26.5;0;SOLEIL;5;41.4;0
Chartres;48.44;1.48;21/07/2026;17:00;25.1;0;SOLEIL;5;41.4;0
Chartres;48.44;1.48;21/07/2026;18:00;25.1;0;SOLEIL;5;40.0;0
Chartres;48.44;1.48;21/07/2026;19:00;25.1;0;SOLEIL;5;39.2;0
Chartres;48.44;1.48;21/07/2026;20:00;19.5;0;SOLEIL;4;36.7;0
Chartres;48.44;1.48;21/07/2026;21:00;19.5;0;SOLEIL;4;33.1;0
Chartres;48.44;1.48;21/07/2026;22:00;19.5;0;SOLEIL;4;24.8;0
Chartres;48.44;1.48;21/07/2026;23:00;17.4;0;SOLEIL;5;17.3;0
Chartres;48.44;1.48;22/07/2026;00:00;17.4;0;SOLEIL;5;17.6;0
Chartres;48.44;1.48;22/07/2026;01:00;17.4;0;SOLEIL;5;16.9;0
Chartres;48.44;1.48;22/07/2026;02:00;14.6;0;SOLEIL;4;17.3;0
Chartres;48.44;1.48;22/07/2026;03:00;14.6;0;SOLEIL;4;17.3;0
Chartres;48.44;1.48;22/07/2026;04:00;14.6;0;SOLEIL;4;15.8;0
Chartres;48.44;1.48;22/07/2026;05:00;17.1;0;SOLEIL;4;14.4;0
Chartres;48.44;1.48;22/07/2026;06:00;17.1;0;SOLEIL;4;13.0;0
Chartres;48.44;1.48;22/07/2026;07:00;17.1;0;SOLEIL;4;15.1;0
Chartres;48.44;1.48;22/07/2026;08:00;22.6;0;SOLEIL;3;17.6;0
Chartres;48.44;1.48;22/07/2026;09:00;22.6;0;SOLEIL;3;20.5;0
Chartres;48.44;1.48;22/07/2026;10:00;22.6;0;SOLEIL;3;23.4;0
Chartres;48.44;1.48;22/07/2026;11:00;26.1;0;SOLEIL;3;26.3;0
Chartres;48.44;1.48;22/07/2026;12:00;26.1;0;SOLEIL;3;27.0;0
Chartres;48.44;1.48;22/07/2026;13:00;26.1;0;SOLEIL;3;28.4;0
Chartres;48.44;1.48;22/07/2026;14:00;28.1;0;SOLEIL;4;30.2;0
Chartres;48.44;1.48;22/07/2026;15:00;28.1;0;SOLEIL;4;31.3;0
Chartres;48.44;1.48;22/07/2026;16:00;28.1;0;SOLEIL;4;32.0;0
Chartres;48.44;1.48;22/07/2026;17:00;26.6;0;SOLEIL;4;32.8;0
Chartres;48.44;1.48;22/07/2026;18:00;26.6;0;SOLEIL;4;33.5;0
Chartres;48.44;1.48;22/07/2026;19:00;26.6;0;SOLEIL;4;33.8;0
Chartres;48.44;1.48;22/07/2026;20:00;20.2;0;SOLEIL;5;32.4;0
Chartres;48.44;1.48;22/07/2026;21:00;18.6;0;SOLEIL;5;28.1;0
Chartres;48.44;1.48;22/07/2026;22:00;17.1;0;SOLEIL;5;21.6;0
Chartres;48.44;1.48;22/07/2026;23:00;18.5;0;SOLEIL;4;16.6;0
Chartres;48.44;1.48;23/07/2026;00:00;18.5;0;SOLEIL;4;13.3;0
Chartres;48.44;1.48;23/07/2026;01:00;18.5;0;SOLEIL;4;11.5;0
Chartres;48.44;1.48;23/07/2026;02:00;16.1;0;SOLEIL;5;10.1;0
Chartres;48.44;1.48;23/07/2026;03:00;16.1;0;SOLEIL;5;9.4;0
Chartres;48.44;1.48;23/07/2026;04:00;16.1;0;SOLEIL;5;9.7;0
Chartres;48.44;1.48;23/07/2026;05:00;18.4;0;SOLEIL;3;10.4;0
Chartres;48.44;1.48;23/07/2026;06:00;18.4;0;SOLEIL;3;11.9;0
Chartres;48.44;1.48;23/07/2026;07:00;18.4;0;SOLEIL;3;14.0;0
Chartres;48.44;1.48;23/07/2026;08:00;19.0;0;SOLEIL;5;17.3;0
Chartres;48.44;1.48;23/07/2026;09:00;20.4;0;SOLEIL;5;22.3;0
Chartres;48.44;1.48;23/07/2026;10:00;21.9;0;SOLEIL;5;28.4;0
Chartres;48.44;1.48;23/07/2026;11:00;27.1;0;SOLEIL;4;33.1;0
Chartres;48.44;1.48;23/07/2026;12:00;27.1;0;SOLEIL;4;34.9;0
Chartres;48.44;1.48;23/07/2026;13:00;27.1;0;SOLEIL;4;35.6;0
Chartres;48.44;1.48;23/07/2026;14:00;27.7;0;SOLEIL;5;36.0;0
Chartres;48.44;1.48;23/07/2026;15:00;29.1;0;SOLEIL;5;37.4;0
Chartres;48.44;1.48;23/07/2026;16:00;27.7;0;SOLEIL;5;38.5;0
Chartres;48.44;1.48;23/07/2026;17:00;26.6;0;SOLEIL;4;38.9;0
Chartres;48.44;1.48;23/07/2026;18:00;26.6;0;SOLEIL;4;38.2;0
Chartres;48.44;1.48;23/07/2026;19:00;26.6;0;SOLEIL;4;36.7;0
Chartres;48.44;1.48;23/07/2026;20:00;21.9;0;SOLEIL;5;33.5;0
Chartres;48.44;1.48;23/07/2026;21:00;20.4;0;SOLEIL;5;27.7;0
Chartres;48.44;1.48;23/07/2026;22:00;19.0;0;SOLEIL;5;20.2;0
Chartres;48.44;1.48;23/07/2026;23:00;18.6;0;SOLEIL;4;14.8;0
Chartres;48.44;1.48;24/07/2026;00:00;18.6;0;SOLEIL;4;13.3;0
Chartres;48.44;1.48;24/07/2026;01:00;18.6;0;SOLEIL;4;13.7;0
Chartres;48.44;1.48;24/07/2026;02:00;15;0;SOLEIL;5;14.0;0
Chartres;48.44;1.48;24/07/2026;03:00;15;0;SOLEIL;5;13.3;0
Chartres;48.44;1.48;24/07/2026;04:00;15;0;SOLEIL;5;12.2;0
Chartres;48.44;1.48;24/07/2026;05:00;16.7;0;SOLEIL;3;11.5;0
Chartres;48.44;1.48;24/07/2026;06:00;16.7;0;SOLEIL;3;10.7;0
Chartres;48.44;1.48;24/07/2026;07:00;16.7;0;SOLEIL;3;10.4;0
Chartres;48.44;1.48;24/07/2026;08:00;18.4;0;SOLEIL;5;9.9;0
Chartres;48.44;1.48;24/07/2026;09:00;20.0;0;SOLEIL;5;11.2;0
Chartres;48.44;1.48;24/07/2026;10:00;21.7;0;SOLEIL;5;14.0;0
Chartres;48.44;1.48;24/07/2026;11:00;27.2;0;SOLEIL;3;16.9;0
Chartres;48.44;1.48;24/07/2026;12:00;27.2;0;SOLEIL;3;19.1;0
Chartres;48.44;1.48;24/07/2026;13:00;27.2;0;SOLEIL;3;20.5;0
Chartres;48.44;1.48;24/07/2026;14:00;28.4;0;SOLEIL;5;21.6;0
Chartres;48.44;1.48;24/07/2026;15:00;30.1;0;SOLEIL;5;21.6;0
Chartres;48.44;1.48;24/07/2026;16:00;28.4;0;SOLEIL;5;21.2;0
Chartres;48.44;1.48;24/07/2026;17:00;28.1;0;SOLEIL;3;20.9;0
Chartres;48.44;1.48;24/07/2026;18:00;28.1;0;SOLEIL;3;20.9;0
Chartres;48.44;1.48;24/07/2026;19:00;28.1;0;SOLEIL;3;21.2;0
Chartres;48.44;1.48;24/07/2026;20:00;21.7;0;SOLEIL;5;20.2;0
Chartres;48.44;1.48;24/07/2026;21:00;20.0;0;SOLEIL;5;16.9;0
Chartres;48.44;1.48;24/07/2026;22:00;18.4;0;SOLEIL;5;12.2;0
Chartres;48.44;1.48;24/07/2026;23:00;19.2;0;SOLEIL;3;9.0;0
Chartres;48.44;1.48;25/07/2026;00:00;19.2;0;SOLEIL;3;7.9;0
Chartres;48.44;1.48;25/07/2026;01:00;19.2;0;SOLEIL;3;7.6;0
Chartres;48.44;1.48;25/07/2026;02:00;17.1;0;SOLEIL;5;7.6;0
Chartres;48.44;1.48;25/07/2026;03:00;17.1;0;SOLEIL;5;7.2;0
Chartres;48.44;1.48;25/07/2026;04:00;17.1;0;SOLEIL;5;6.8;0
Chartres;48.44;1.48;25/07/2026;05:00;18.5;0;SOLEIL;3;6.5;0
Chartres;48.44;1.48;25/07/2026;06:00;18.5;0;SOLEIL;3;5.8;0
Chartres;48.44;1.48;25/07/2026;07:00;18.5;0;SOLEIL;3;4.7;0
Chartres;48.44;1.48;25/07/2026;08:00;19.7;0;SOLEIL;5;4.3;0
Chartres;48.44;1.48;25/07/2026;09:00;21.1;0;SOLEIL;5;5.0;0
Chartres;48.44;1.48;25/07/2026;10:00;22.4;0;SOLEIL;5;6.5;0
Chartres;48.44;1.48;25/07/2026;11:00;27.5;0;SOLEIL;4;9.0;0
Chartres;48.44;1.48;25/07/2026;12:00;27.5;0;SOLEIL;4;12.6;0
Chartres;48.44;1.48;25/07/2026;13:00;27.5;0;SOLEIL;4;16.9;0
Chartres;48.44;1.48;25/07/2026;14:00;27.7;0;SOLEIL;5;20.9;0
Chartres;48.44;1.48;25/07/2026;15:00;29.0;0;SOLEIL;5;23.8;0
Chartres;48.44;1.48;25/07/2026;16:00;27.7;0;SOLEIL;5;25.9;0
Chartres;48.44;1.48;25/07/2026;17:00;25.6;0;SOLEIL;4;27.4;0
Chartres;48.44;1.48;25/07/2026;18:00;25.6;0;SOLEIL;4;28.4;0
Chartres;48.44;1.48;25/07/2026;19:00;25.6;0;SOLEIL;4;28.8;0
Chartres;48.44;1.48;25/07/2026;20:00;22.4;0;SOLEIL;5;27.4;0
Chartres;48.44;1.48;25/07/2026;21:00;21.1;0;SOLEIL;5;22.0;0
Chartres;48.44;1.48;25/07/2026;22:00;19.7;0;SOLEIL;5;15.1;0
Chartres;48.44;1.48;25/07/2026;23:00;19.6;0;SOLEIL;5;10.4;0
Chartres;48.44;1.48;26/07/2026;00:00;19.6;0;SOLEIL;5;11.5;0
Chartres;48.44;1.48;26/07/2026;01:00;19.6;0;SOLEIL;5;14.8;0
Chartres;48.44;1.48;26/07/2026;02:00;16.9;0;SOLEIL;5;16.6;0
Chartres;48.44;1.48;26/07/2026;03:00;16.9;0;SOLEIL;5;14.4;0
Chartres;48.44;1.48;26/07/2026;04:00;16.9;0;SOLEIL;5;10.4;0
Chartres;48.44;1.48;26/07/2026;05:00;17.7;0;SOLEIL;4;7.2;0
Chartres;48.44;1.48;26/07/2026;06:00;17.7;0;SOLEIL;4;6.1;0
Chartres;48.44;1.48;26/07/2026;07:00;17.7;0;SOLEIL;4;5.8;0
Chartres;48.44;1.48;26/07/2026;08:00;18.7;0;SOLEIL;5;6.1;0
Chartres;48.44;1.48;26/07/2026;09:00;19.6;0;SOLEIL;5;7.6;0
Chartres;48.44;1.48;26/07/2026;10:00;20.5;0;SOLEIL;5;9.7;0
Chartres;48.44;1.48;26/07/2026;11:00;23.2;0;SOLEIL;5;12.2;0
Chartres;48.44;1.48;26/07/2026;12:00;23.2;0;SOLEIL;5;18.9;0
Chartres;48.44;1.48;26/07/2026;13:00;23.2;0;SOLEIL;5;25.6;0
Chartres;48.44;1.48;26/07/2026;14:00;24.2;0;SOLEIL;5;31.6;0
Chartres;48.44;1.48;26/07/2026;15:00;25.1;0;SOLEIL;5;37.4;0
Chartres;48.44;1.48;26/07/2026;16:00;24.2;0;SOLEIL;5;38.9;0
Chartres;48.44;1.48;26/07/2026;17:00;23.6;0;SOLEIL;5;40.3;0
Chartres;48.44;1.48;26/07/2026;18:00;23.6;0;SOLEIL;5;41.8;0
Chartres;48.44;1.48;26/07/2026;19:00;23.6;0;SOLEIL;5;42.5;0
Chartres;48.44;1.48;26/07/2026;20:00;20.5;0;SOLEIL;5;42.5;0
Chartres;48.44;1.48;26/07/2026;21:00;19.6;0;SOLEIL;5;41.8;0
Chartres;48.44;1.48;26/07/2026;22:00;18.7;0;SOLEIL;5;40.3;0
Chartres;48.44;1.48;26/07/2026;23:00;18.1;0;SOLEIL;4;38.2;0
Chartres;48.44;1.48;27/07/2026;00:00;18.1;0;SOLEIL;4;36.0;0
Chartres;48.44;1.48;27/07/2026;01:00;18.1;0;SOLEIL;4;34.2;0
Chartres;48.44;1.48;27/07/2026;02:00;15.7;0;SOLEIL;5;33.5;0
Chartres;48.44;1.48;27/07/2026;03:00;15.7;0;SOLEIL;5;33.5;0
Chartres;48.44;1.48;27/07/2026;04:00;15.7;0;SOLEIL;5;33.8;0
Chartres;48.44;1.48;27/07/2026;05:00;17;0;SOLEIL;4;34.9;0
Chartres;48.44;1.48;27/07/2026;06:00;17;0;SOLEIL;4;36.0;0
Chartres;48.44;1.48;27/07/2026;07:00;17;0;SOLEIL;4;37.1;0
Chartres;48.44;1.48;27/07/2026;08:00;17.5;0;SOLEIL;5;38.2;0
Chartres;48.44;1.48;27/07/2026;09:00;18.3;0;SOLEIL;5;39.2;0
Chartres;48.44;1.48;27/07/2026;10:00;19.2;0;SOLEIL;5;40.7;0
Chartres;48.44;1.48;27/07/2026;11:00;21.7;6;AVERSES;5;42.5;0
Chartres;48.44;1.48;27/07/2026;12:00;21.7;6;AVERSES;5;43.9;0
Chartres;48.44;1.48;27/07/2026;13:00;21.7;6;AVERSES;5;45.0;0
Chartres;48.44;1.48;27/07/2026;14:00;22.7;0;SOLEIL;5;46.1;0
Chartres;48.44;1.48;27/07/2026;15:00;23.6;0;SOLEIL;5;46.8;0
Chartres;48.44;1.48;27/07/2026;16:00;22.7;0;SOLEIL;5;47.5;0
Chartres;48.44;1.48;27/07/2026;17:00;22;6;AVERSES;4;48.2;0
Chartres;48.44;1.48;27/07/2026;18:00;22;6;AVERSES;4;48.2;0
Chartres;48.44;1.48;27/07/2026;19:00;22;6;AVERSES;4;48.2;0
Chartres;48.44;1.48;27/07/2026;20:00;19.2;0;SOLEIL;5;47.2;0
Chartres;48.44;1.48;27/07/2026;21:00;18.3;0;SOLEIL;5;45.4;0
Chartres;48.44;1.48;27/07/2026;22:00;17.5;0;SOLEIL;5;42.5;0
Chartres;48.44;1.48;27/07/2026;23:00;17.1;0;SOLEIL;3;39.2;0
Chartres;48.44;1.48;28/07/2026;00:00;17.1;0;SOLEIL;3;36.0;0
Chartres;48.44;1.48;28/07/2026;01:00;17.1;0;SOLEIL;3;32.8;0
Chartres;48.44;1.48;28/07/2026;02:00;15.2;0;SOLEIL;5;30.6;0
Chartres;48.44;1.48;28/07/2026;03:00;15.2;0;SOLEIL;5;28.8;0
Chartres;48.44;1.48;28/07/2026;04:00;15.2;0;SOLEIL;5;27.7;0
Chartres;48.44;1.48;28/07/2026;05:00;16.5;0;SOLEIL;4;26.6;0
Chartres;48.44;1.48;28/07/2026;06:00;16.5;0;SOLEIL;4;25.9;0
Chartres;48.44;1.48;28/07/2026;07:00;16.5;0;SOLEIL;4;25.6;0
Chartres;48.44;1.48;28/07/2026;08:00;17.0;0;SOLEIL;5;25.9;0
Chartres;48.44;1.48;28/07/2026;09:00;18.0;0;SOLEIL;5;27.0;0
Chartres;48.44;1.48;28/07/2026;10:00;18.9;0;SOLEIL;5;28.8;0
Chartres;48.44;1.48;28/07/2026;11:00;22.1;6;AVERSES;5;31.0;0
Chartres;48.44;1.48;28/07/2026;12:00;22.1;6;AVERSES;5;33.5;0
Chartres;48.44;1.48;28/07/2026;13:00;22.1;6;AVERSES;5;35.3;0
Chartres;48.44;1.48;28/07/2026;14:00;22.6;0;SOLEIL;5;37.1;0
Chartres;48.44;1.48;28/07/2026;15:00;23.5;0;SOLEIL;5;38.2;0
Chartres;48.44;1.48;28/07/2026;16:00;22.6;0;SOLEIL;5;39.6;0
Chartres;48.44;1.48;28/07/2026;17:00;21.4;0;SOLEIL;4;40.3;0
Chartres;48.44;1.48;28/07/2026;18:00;21.4;0;SOLEIL;4;41.0;0
Chartres;48.44;1.48;28/07/2026;19:00;21.4;0;SOLEIL;4;41.4;0
Chartres;48.44;1.48;28/07/2026;20:00;18.9;0;SOLEIL;5;41.0;0
Chartres;48.44;1.48;28/07/2026;21:00;18.0;0;SOLEIL;5;40.0;0
Chartres;48.44;1.48;28/07/2026;22:00;17.0;0;SOLEIL;5;38.5;0
Chartres;48.44;1.48;28/07/2026;23:00;16.9;0;SOLEIL;3;36.7;0
Chartres;48.44;1.48;29/07/2026;00:00;16.9;0;SOLEIL;3;34.6;0
Chartres;48.44;1.48;29/07/2026;01:00;16.9;0;SOLEIL;3;32.8;0
Chartres;48.44;1.48;29/07/2026;02:00;14.9;0;SOLEIL;5;31.7;0
Chartres;48.44;1.48;29/07/2026;03:00;14.9;0;SOLEIL;5;31.0;0
Chartres;48.44;1.48;29/07/2026;04:00;14.9;0;SOLEIL;5;31.0;0
Chartres;48.44;1.48;29/07/2026;05:00;;0;SOLEIL;;31.0;0
Chartres;48.44;1.48;29/07/2026;06:00;;0;SOLEIL;;31.3;0
Chartres;48.44;1.48;29/07/2026;07:00;;0;SOLEIL;;31.7;0
Chartres;48.44;1.48;29/07/2026;08:00;17.5;0;SOLEIL;5;32.8;0
Chartres;48.44;1.48;29/07/2026;09:00;18.8;0;SOLEIL;5;34.2;0
Chartres;48.44;1.48;29/07/2026;10:00;20.1;0;SOLEIL;5;36.4;0
Chartres;48.44;1.48;29/07/2026;11:00;;0;SOLEIL;;38.9;0
Chartres;48.44;1.48;29/07/2026;12:00;;0;SOLEIL;;41.0;0
Chartres;48.44;1.48;29/07/2026;13:00;;0;SOLEIL;;43.2;0
Chartres;48.44;1.48;29/07/2026;14:00;25.2;0;SOLEIL;5;44.6;0
Chartres;48.44;1.48;29/07/2026;15:00;26.5;0;SOLEIL;5;45.7;0
Chartres;48.44;1.48;29/07/2026;16:00;25.2;0;SOLEIL;5;46.4;0
Chartres;48.44;1.48;29/07/2026;17:00;;0;SOLEIL;;46.8;0
Chartres;48.44;1.48;29/07/2026;18:00;;0;SOLEIL;;46.4;0
Chartres;48.44;1.48;29/07/2026;19:00;;0;SOLEIL;;46.1;0
Chartres;48.44;1.48;29/07/2026;20:00;20.1;0;SOLEIL;5;44.6;0
Chartres;48.44;1.48;29/07/2026;21:00;18.8;0;SOLEIL;5;42.1;0
Chartres;48.44;1.48;29/07/2026;22:00;17.5;0;SOLEIL;5;38.9;0
Chartres;48.44;1.48;29/07/2026;23:00;;0;SOLEIL;;34.9;0
Chartres;48.44;1.48;30/07/2026;00:00;;0;SOLEIL;;30.6;0
Chartres;48.44;1.48;30/07/2026;01:00;;0;SOLEIL;;27.0;0
Chartres;48.44;1.48;30/07/2026;02:00;15.4;0;SOLEIL;5;24.1;0
Chartres;48.44;1.48;30/07/2026;03:00;15.4;0;SOLEIL;5;22.0;0
Chartres;48.44;1.48;30/07/2026;04:00;15.4;0;SOLEIL;5;20.5;0
Chartres;48.44;1.48;30/07/2026;05:00;;0;SOLEIL;;19.4;0
Chartres;48.44;1.48;30/07/2026;06:00;;0;SOLEIL;;18.4;0
Chartres;48.44;1.48;30/07/2026;07:00;;0;SOLEIL;;18.0;0
Chartres;48.44;1.48;30/07/2026;08:00;18.1;0;SOLEIL;5;18.0;0
Chartres;48.44;1.48;30/07/2026;09:00;19.5;0;SOLEIL;5;18.4;0
Chartres;48.44;1.48;30/07/2026;10:00;20.9;0;SOLEIL;5;19.8;0
Chartres;48.44;1.48;30/07/2026;11:00;;0;SOLEIL;;21.2;0
Chartres;48.44;1.48;30/07/2026;12:00;;0;SOLEIL;;22.7;0
Chartres;48.44;1.48;30/07/2026;13:00;;0;SOLEIL;;24.5;0
Chartres;48.44;1.48;30/07/2026;14:00;26.3;0;SOLEIL;5;25.6;0
Chartres;48.44;1.48;30/07/2026;15:00;27.7;0;SOLEIL;5;26.6;0
Chartres;48.44;1.48;30/07/2026;16:00;26.3;0;SOLEIL;5;27.7;0
Chartres;48.44;1.48;30/07/2026;17:00;;0;SOLEIL;;29.2;0
Chartres;48.44;1.48;30/07/2026;18:00;;0;SOLEIL;;29.9;0
Chartres;48.44;1.48;30/07/2026;19:00;;0;SOLEIL;;30.2;0
Chartres;48.44;1.48;30/07/2026;20:00;20.9;0;SOLEIL;5;29.9;0
Chartres;48.44;1.48;30/07/2026;21:00;19.5;0;SOLEIL;5;28.4;0
Chartres;48.44;1.48;30/07/2026;22:00;18.1;0;SOLEIL;5;26.6;0
Chartres;48.44;1.48;30/07/2026;23:00;;0;SOLEIL;;23.8;0
Chartres;48.44;1.48;31/07/2026;00:00;;0;SOLEIL;;21.2;0
Chartres;48.44;1.48;31/07/2026;01:00;;0;SOLEIL;;18.7;0
Chartres;48.44;1.48;31/07/2026;02:00;15.4;0;SOLEIL;5;17.3;0
Chartres;48.44;1.48;31/07/2026;03:00;15.4;0;SOLEIL;5;16.6;0
Chartres;48.44;1.48;31/07/2026;04:00;15.4;0;SOLEIL;5;15.8;0
Chartres;48.44;1.48;31/07/2026;05:00;;0;SOLEIL;;15.8;0
Chartres;48.44;1.48;31/07/2026;06:00;;0;SOLEIL;;15.8;0
Chartres;48.44;1.48;31/07/2026;07:00;;0;SOLEIL;;16.6;0
Chartres;48.44;1.48;31/07/2026;08:00;18.3;0;SOLEIL;5;17.3;0
Chartres;48.44;1.48;31/07/2026;09:00;19.8;0;SOLEIL;5;18.7;0
Chartres;48.44;1.48;31/07/2026;10:00;21.3;0;SOLEIL;5;20.9;0
Chartres;48.44;1.48;31/07/2026;11:00;;0;SOLEIL;;23.4;0
Chartres;48.44;1.48;31/07/2026;12:00;;0;SOLEIL;;25.9;0
Chartres;48.44;1.48;31/07/2026;13:00;;0;SOLEIL;;28.1;0
Chartres;48.44;1.48;31/07/2026;14:00;27.1;0;SOLEIL;5;29.9;0
Chartres;48.44;1.48;31/07/2026;15:00;28.6;0;SOLEIL;5;31.0;0
Chartres;48.44;1.48;31/07/2026;16:00;27.1;0;SOLEIL;5;32.0;0
Chartres;48.44;1.48;31/07/2026;17:00;;0;SOLEIL;;32.8;0
Chartres;48.44;1.48;31/07/2026;18:00;;0;SOLEIL;;33.1;0
Chartres;48.44;1.48;31/07/2026;19:00;;0;SOLEIL;;32.8;0
Chartres;48.44;1.48;31/07/2026;20:00;21.3;0;SOLEIL;5;32.0;0
Chartres;48.44;1.48;31/07/2026;21:00;19.8;0;SOLEIL;5;30.2;0
Chartres;48.44;1.48;31/07/2026;22:00;18.3;0;SOLEIL;5;27.7;0
Chartres;48.44;1.48;31/07/2026;23:00;;0;SOLEIL;;24.5;0
Chartres;48.44;1.48;01/08/2026;00:00;;0;SOLEIL;;21.2;0
Chartres;48.44;1.48;01/08/2026;01:00;;0;SOLEIL;;18.0;0
Chartres;48.44;1.48;01/08/2026;02:00;15.9;0;SOLEIL;5;15.5;0
Chartres;48.44;1.48;01/08/2026;03:00;15.9;0;SOLEIL;5;13.3;0
Chartres;48.44;1.48;01/08/2026;04:00;15.9;0;SOLEIL;5;11.2;0
Chartres;48.44;1.48;01/08/2026;05:00;;0;SOLEIL;;9.4;0
Chartres;48.44;1.48;01/08/2026;06:00;;0;SOLEIL;;7.6;0
Chartres;48.44;1.48;01/08/2026;07:00;;0;SOLEIL;;6.8;0
Chartres;48.44;1.48;01/08/2026;08:00;18.4;0;SOLEIL;5;7.2;0
Chartres;48.44;1.48;01/08/2026;09:00;19.6;0;SOLEIL;5;8.6;0
Chartres;48.44;1.48;01/08/2026;10:00;20.9;0;SOLEIL;5;11.5;0
Chartres;48.44;1.48;01/08/2026;11:00;;0;SOLEIL;;14.8;0
Chartres;48.44;1.48;01/08/2026;12:00;;0;SOLEIL;;18.4;0
Chartres;48.44;1.48;01/08/2026;13:00;;0;SOLEIL;;22.0;0
Chartres;48.44;1.48;01/08/2026;14:00;25.9;0;SOLEIL;5;24.8;0
Chartres;48.44;1.48;01/08/2026;15:00;27.1;0;SOLEIL;5;27.4;0
Chartres;48.44;1.48;01/08/2026;16:00;25.9;0;SOLEIL;5;30.2;0
Chartres;48.44;1.48;01/08/2026;17:00;;0;SOLEIL;;32.8;0
Chartres;48.44;1.48;01/08/2026;18:00;;0;SOLEIL;;34.6;0
Chartres;48.44;1.48;01/08/2026;19:00;;0;SOLEIL;;36.0;0
Chartres;48.44;1.48;01/08/2026;20:00;20.9;0;SOLEIL;5;36.4;0
Chartres;48.44;1.48;01/08/2026;21:00;19.6;0;SOLEIL;5;35.3;0
Chartres;48.44;1.48;01/08/2026;22:00;18.4;0;SOLEIL;5;33.5;0
Chartres;48.44;1.48;01/08/2026;23:00;;0;SOLEIL;;30.6;0
Chartres;48.44;1.48;02/08/2026;00:00;;0;SOLEIL;;27.4;0
Chartres;48.44;1.48;02/08/2026;01:00;;0;SOLEIL;;24.5;0
Chartres;48.44;1.48;02/08/2026;02:00;15.5;0;SOLEIL;5;21.6;0
Chartres;48.44;1.48;02/08/2026;03:00;15.5;0;SOLEIL;5;18.7;0
Chartres;48.44;1.48;02/08/2026;04:00;15.5;0;SOLEIL;5;15.5;0
Chartres;48.44;1.48;02/08/2026;05:00;;0;SOLEIL;;12.2;0
Chartres;48.44;1.48;02/08/2026;06:00;;0;SOLEIL;;9.4;0
Chartres;48.44;1.48;02/08/2026;07:00;;0;SOLEIL;;7.6;0
Chartres;48.44;1.48;02/08/2026;08:00;17.9;0;SOLEIL;5;6.8;0
Chartres;48.44;1.48;02/08/2026;09:00;19.0;0;SOLEIL;5;7.9;0
Chartres;48.44;1.48;02/08/2026;10:00;20.2;0;SOLEIL;5;10.4;0
Chartres;48.44;1.48;02/08/2026;11:00;;0;SOLEIL;;14.0;0
Chartres;48.44;1.48;02/08/2026;12:00;;0;SOLEIL;;17.6;0
Chartres;48.44;1.48;02/08/2026;13:00;;0;SOLEIL;;21.2;0
Chartres;48.44;1.48;02/08/2026;14:00;24.9;0;SOLEIL;5;23.8;0
Chartres;48.44;1.48;02/08/2026;15:00;26.1;0;SOLEIL;5;25.6;0
Chartres;48.44;1.48;02/08/2026;16:00;24.9;0;SOLEIL;5;27.0;0
Chartres;48.44;1.48;02/08/2026;17:00;;0;SOLEIL;;28.4;0
Chartres;48.44;1.48;02/08/2026;18:00;;0;SOLEIL;;29.2;0
Chartres;48.44;1.48;02/08/2026;19:00;;0;SOLEIL;;29.5;0
Chartres;48.44;1.48;02/08/2026;20:00;20.2;0;SOLEIL;5;29.2;0
Chartres;48.44;1.48;02/08/2026;21:00;19.0;0;SOLEIL;5;27.7;0
Chartres;48.44;1.48;02/08/2026;22:00;17.9;0;SOLEIL;5;25.2;0
Chartres;48.44;1.48;02/08/2026;23:00;16.7;0;SOLEIL;5;22.0;0
Chartres;48.44;1.48;03/08/2026;00:00;12;0;SOLEIL;5;15.8;0
Chartres;48.44;1.48;03/08/2026;01:00;12;0;SOLEIL;5;11.3;0
Chartres;48.44;1.48;03/08/2026;02:00;12;0;SOLEIL;5;9.5;0
Chartres;48.44;1.48;03/08/2026;03:00;12;0;SOLEIL;5;10.4;0
Chartres;48.44;1.48;03/08/2026;04:00;12;0;SOLEIL;5;13.7;0
Chartres;48.44;1.48;03/08/2026;05:00;12;0;SOLEIL;5;16.6;0
Chartres;48.44;1.48;03/08/2026;06:00;12;0;SOLEIL;5;18.4;0
Chartres;48.44;1.48;03/08/2026;07:00;13.1;0;SOLEIL;5;19.8;0
Chartres;48.44;1.48;03/08/2026;08:00;14.2;0;SOLEIL;5;21.6;0
Chartres;48.44;1.48;03/08/2026;09:00;15.3;0;SOLEIL;5;24.1;0
Chartres;48.44;1.48;03/08/2026;10:00;16.4;0;SOLEIL;5;27.0;0
Chartres;48.44;1.48;03/08/2026;11:00;17.6;0;SOLEIL;5;29.9;0
Chartres;48.44;1.48;03/08/2026;12:00;18.7;0;SOLEIL;5;32.8;0
Chartres;48.44;1.48;03/08/2026;13:00;19.8;0;SOLEIL;5;35.3;0
Chartres;48.44;1.48;03/08/2026;14:00;20.9;0;SOLEIL;5;37.8;0
Chartres;48.44;1.48;03/08/2026;15:00;22.0;0;SOLEIL;5;40.0;0
Chartres;48.44;1.48;03/08/2026;16:00;20.9;0;SOLEIL;5;42.1;0
Chartres;48.44;1.48;03/08/2026;17:00;19.8;0;SOLEIL;5;42.5;0
Chartres;48.44;1.48;03/08/2026;18:00;18.7;0;SOLEIL;5;41.0;0
Chartres;48.44;1.48;03/08/2026;19:00;17.6;0;SOLEIL;5;38.2;0
Chartres;48.44;1.48;03/08/2026;20:00;16.4;0;SOLEIL;5;34.2;0
Chartres;48.44;1.48;03/08/2026;21:00;15.3;0;SOLEIL;5;27.7;0
Chartres;48.44;1.48;03/08/2026;22:00;14.2;0;SOLEIL;5;20.5;0
Chartres;48.44;1.48;03/08/2026;23:00;13.1;0;SOLEIL;5;17.6;0
Chartres;48.44;1.48;04/08/2026;00:00;12;0;SOLEIL;5;0.0;0
Chartres;48.44;1.48;04/08/2026;01:00;12;0;SOLEIL;5;0.0;0
Chartres;48.44;1.48;04/08/2026;02:00;12;0;SOLEIL;5;0.0;0
Chartres;48.44;1.48;04/08/2026;03:00;12;0;SOLEIL;5;0.0;0
Chartres;48.44;1.48;04/08/2026;04:00;12;0;SOLEIL;5;0.0;0
Chartres;48.44;1.48;04/08/2026;05:00;12;0;SOLEIL;5;0.0;0
Chartres;48.44;1.48;04/08/2026;06:00;12;0;SOLEIL;5;0.0;0
Chartres;48.44;1.48;04/08/2026;07:00;13.1;0;SOLEIL;5;0.0;0
Chartres;48.44;1.48;04/08/2026;08:00;14.2;0;SOLEIL;5;0.0;0
Chartres;48.44;1.48;04/08/2026;09:00;15.3;0;SOLEIL;5;0.0;0
Chartres;48.44;1.48;04/08/2026;10:00;16.4;0;SOLEIL;5;0.0;0
Chartres;48.44;1.48;04/08/2026;11:00;17.6;0;SOLEIL;5;0.0;0
Chartres;48.44;1.48;04/08/2026;12:00;18.7;0;SOLEIL;5;0.0;0
Chartres;48.44;1.48;04/08/2026;13:00;19.8;0;SOLEIL;5;0.0;0
Chartres;48.44;1.48;04/08/2026;14:00;20.9;0;SOLEIL;5;0.0;0
Chartres;48.44;1.48;04/08/2026;15:00;22.0;0;SOLEIL;5;0.0;0
Chartres;48.44;1.48;04/08/2026;16:00;20.9;0;SOLEIL;5;0.0;0
Chartres;48.44;1.48;04/08/2026;17:00;19.8;0;SOLEIL;5;0.0;0
Chartres;48.44;1.48;04/08/2026;18:00;18.7;0;SOLEIL;5;0.0;0
Chartres;48.44;1.48;04/08/2026;19:00;17.6;0;SOLEIL;5;0.0;0
Chartres;48.44;1.48;04/08/2026;20:00;16.4;0;SOLEIL;5;0.0;0
Chartres;48.44;1.48;04/08/2026;21:00;15.3;0;SOLEIL;5;0.0;0
Chartres;48.44;1.48;04/08/2026;22:00;14.2;0;SOLEIL;5;0.0;0
Chartres;48.44;1.48;04/08/2026;23:00;13.1;0;SOLEIL;5;0.0;0
Châteaudun;48.07;1.33;20/07/2026;00:00;14.9;0;SOLEIL;5;29.9;0
Châteaudun;48.07;1.33;20/07/2026;01:00;14.6;0;SOLEIL;4;28.8;0
Châteaudun;48.07;1.33;20/07/2026;02:00;13.9;0;SOLEIL;4;27.4;0
Châteaudun;48.07;1.33;20/07/2026;03:00;12.2;0;SOLEIL;4;24.5;0
Châteaudun;48.07;1.33;20/07/2026;04:00;11.7;0;SOLEIL;3;24.8;0
Châteaudun;48.07;1.33;20/07/2026;05:00;11.6;0;SOLEIL;3;24.8;0
Châteaudun;48.07;1.33;20/07/2026;06:00;13.4;0;SOLEIL;4;24.5;0
Châteaudun;48.07;1.33;20/07/2026;07:00;15.7;0;SOLEIL;5;22.3;0
Châteaudun;48.07;1.33;20/07/2026;08:00;17;0;SOLEIL;5;22.7;0
Châteaudun;48.07;1.33;20/07/2026;09:00;18.6;0;SOLEIL;5;27.7;0
Châteaudun;48.07;1.33;20/07/2026;10:00;20.4;0;SOLEIL;5;31.3;0
Châteaudun;48.07;1.33;20/07/2026;11:00;21.6;0;SOLEIL;5;35.3;0
Châteaudun;48.07;1.33;20/07/2026;12:00;22.7;0;SOLEIL;5;36.7;0
Châteaudun;48.07;1.33;20/07/2026;13:00;23.9;0;SOLEIL;5;36.4;0
Châteaudun;48.07;1.33;20/07/2026;14:00;25.2;0;SOLEIL;6;36.0;0
Châteaudun;48.07;1.33;20/07/2026;15:00;25.1;0;SOLEIL;6;37.4;0
Châteaudun;48.07;1.33;20/07/2026;16:00;24.6;5;SOLEIL VOILÉ;6;38.9;0
Châteaudun;48.07;1.33;20/07/2026;17:00;24.1;0;SOLEIL;6;41.4;0
Châteaudun;48.07;1.33;20/07/2026;18:00;23.6;0;SOLEIL;6;42.1;0
Châteaudun;48.07;1.33;20/07/2026;19:00;22.6;0;SOLEIL;5;42.8;0
Châteaudun;48.07;1.33;20/07/2026;20:00;20.7;0;SOLEIL;4;36.7;0
Châteaudun;48.07;1.33;20/07/2026;21:00;18.9;0;SOLEIL;4;33.5;0
Châteaudun;48.07;1.33;20/07/2026;22:00;18.2;0;SOLEIL;4;27.0;0
Châteaudun;48.07;1.33;20/07/2026;23:00;16.7;0;SOLEIL;5;23.4;0
Châteaudun;48.07;1.33;21/07/2026;00:00;15.5;0;SOLEIL;4;33.8;0
Châteaudun;48.07;1.33;21/07/2026;01:00;15.5;0;SOLEIL;4;32.0;0
Châteaudun;48.07;1.33;21/07/2026;02:00;12.2;0;SOLEIL;5;27.0;0
Châteaudun;48.07;1.33;21/07/2026;03:00;12.2;0;SOLEIL;5;24.8;0
Châteaudun;48.07;1.33;21/07/2026;04:00;12.2;0;SOLEIL;5;22.0;0
Châteaudun;48.07;1.33;21/07/2026;05:00;13.1;0;SOLEIL;4;21.2;0
Châteaudun;48.07;1.33;21/07/2026;06:00;13.1;0;SOLEIL;4;22.0;0
Châteaudun;48.07;1.33;21/07/2026;07:00;13.1;0;SOLEIL;4;23.0;0
Châteaudun;48.07;1.33;21/07/2026;08:00;19.6;0;SOLEIL;5;25.2;0
Châteaudun;48.07;1.33;21/07/2026;09:00;19.6;0;SOLEIL;5;27.4;0
Châteaudun;48.07;1.33;21/07/2026;10:00;19.6;0;SOLEIL;5;28.4;0
Châteaudun;48.07;1.33;21/07/2026;11:00;24.1;0;SOLEIL;5;28.4;0
Châteaudun;48.07;1.33;21/07/2026;12:00;24.1;0;SOLEIL;5;31.7;0
Châteaudun;48.07;1.33;21/07/2026;13:00;24.1;0;SOLEIL;5;33.7;0
Châteaudun;48.07;1.33;21/07/2026;14:00;26;0;SOLEIL;5;34.8;0
Châteaudun;48.07;1.33;21/07/2026;15:00;26;0;SOLEIL;5;36.4;0
Châteaudun;48.07;1.33;21/07/2026;16:00;26;0;SOLEIL;5;36.7;0
Châteaudun;48.07;1.33;21/07/2026;17:00;24.6;0;SOLEIL;5;36.4;0
Châteaudun;48.07;1.33;21/07/2026;18:00;24.6;0;SOLEIL;5;37.8;0
Châteaudun;48.07;1.33;21/07/2026;19:00;24.6;0;SOLEIL;5;37.8;0
Châteaudun;48.07;1.33;21/07/2026;20:00;20.1;0;SOLEIL;4;37.8;0
Châteaudun;48.07;1.33;21/07/2026;21:00;20.1;0;SOLEIL;4;35.6;0
Châteaudun;48.07;1.33;21/07/2026;22:00;20.1;0;SOLEIL;4;28.8;0
Châteaudun;48.07;1.33;21/07/2026;23:00;16.6;0;SOLEIL;4;19.8;0
Châteaudun;48.07;1.33;22/07/2026;00:00;16.6;0;SOLEIL;4;17.6;0
Châteaudun;48.07;1.33;22/07/2026;01:00;16.6;0;SOLEIL;4;20.5;0
Châteaudun;48.07;1.33;22/07/2026;02:00;13.5;0;SOLEIL;3;21.6;0
Châteaudun;48.07;1.33;22/07/2026;03:00;13.5;0;SOLEIL;3;20.9;0
Châteaudun;48.07;1.33;22/07/2026;04:00;13.5;0;SOLEIL;3;18.0;0
Châteaudun;48.07;1.33;22/07/2026;05:00;14.1;0;SOLEIL;3;15.8;0
Châteaudun;48.07;1.33;22/07/2026;06:00;14.1;0;SOLEIL;3;14.0;0
Châteaudun;48.07;1.33;22/07/2026;07:00;14.1;0;SOLEIL;3;17.6;0
Châteaudun;48.07;1.33;22/07/2026;08:00;20.5;0;SOLEIL;3;20.5;0
Châteaudun;48.07;1.33;22/07/2026;09:00;20.5;0;SOLEIL;3;26.3;0
Châteaudun;48.07;1.33;22/07/2026;10:00;20.5;0;SOLEIL;3;26.6;0
Châteaudun;48.07;1.33;22/07/2026;11:00;25.1;0;SOLEIL;4;28.1;0
Châteaudun;48.07;1.33;22/07/2026;12:00;25.1;0;SOLEIL;4;28.4;0
Châteaudun;48.07;1.33;22/07/2026;13:00;25.1;0;SOLEIL;4;27.7;0
Châteaudun;48.07;1.33;22/07/2026;14:00;26.7;0;SOLEIL;4;31.3;0
Châteaudun;48.07;1.33;22/07/2026;15:00;26.7;0;SOLEIL;4;32.4;0
Châteaudun;48.07;1.33;22/07/2026;16:00;26.7;0;SOLEIL;4;33.1;0
Châteaudun;48.07;1.33;22/07/2026;17:00;25.6;0;SOLEIL;4;33.1;0
Châteaudun;48.07;1.33;22/07/2026;18:00;25.6;0;SOLEIL;4;31.0;0
Châteaudun;48.07;1.33;22/07/2026;19:00;25.6;0;SOLEIL;4;28.1;0
Châteaudun;48.07;1.33;22/07/2026;20:00;19.3;0;SOLEIL;5;26.6;0
Châteaudun;48.07;1.33;22/07/2026;21:00;17.7;0;SOLEIL;5;28.4;0
Châteaudun;48.07;1.33;22/07/2026;22:00;16.2;0;SOLEIL;5;31.7;0
Châteaudun;48.07;1.33;22/07/2026;23:00;17.6;0;SOLEIL;3;32.4;0
Châteaudun;48.07;1.33;23/07/2026;00:00;17.6;0;SOLEIL;3;28.4;0
Châteaudun;48.07;1.33;23/07/2026;01:00;17.6;0;SOLEIL;3;22.3;0
Châteaudun;48.07;1.33;23/07/2026;02:00;15.1;0;SOLEIL;5;17.3;0
Châteaudun;48.07;1.33;23/07/2026;03:00;15.1;0;SOLEIL;5;15.1;0
Châteaudun;48.07;1.33;23/07/2026;04:00;15.1;0;SOLEIL;5;14.4;0
Châteaudun;48.07;1.33;23/07/2026;05:00;17.4;0;SOLEIL;2;14.4;0
Châteaudun;48.07;1.33;23/07/2026;06:00;17.4;0;SOLEIL;2;14.8;0
Châteaudun;48.07;1.33;23/07/2026;07:00;17.4;0;SOLEIL;2;15.5;0
Châteaudun;48.07;1.33;23/07/2026;08:00;18.0;0;SOLEIL;5;17.3;0
Châteaudun;48.07;1.33;23/07/2026;09:00;19.4;0;SOLEIL;5;20.2;0
Châteaudun;48.07;1.33;23/07/2026;10:00;20.9;0;SOLEIL;5;23.8;0
Châteaudun;48.07;1.33;23/07/2026;11:00;26.5;0;SOLEIL;4;27.4;0
Châteaudun;48.07;1.33;23/07/2026;12:00;26.5;0;SOLEIL;4;31.0;0
Châteaudun;48.07;1.33;23/07/2026;13:00;26.5;0;SOLEIL;4;34.2;0
Châteaudun;48.07;1.33;23/07/2026;14:00;26.7;0;SOLEIL;5;36.4;0
Châteaudun;48.07;1.33;23/07/2026;15:00;28.1;0;SOLEIL;5;36.4;0
Châteaudun;48.07;1.33;23/07/2026;16:00;26.7;0;SOLEIL;5;34.9;0
Châteaudun;48.07;1.33;23/07/2026;17:00;26.4;0;SOLEIL;4;33.8;0
Châteaudun;48.07;1.33;23/07/2026;18:00;26.4;0;SOLEIL;4;33.8;0
Châteaudun;48.07;1.33;23/07/2026;19:00;26.4;0;SOLEIL;4;34.2;0
Châteaudun;48.07;1.33;23/07/2026;20:00;20.9;0;SOLEIL;5;33.1;0
Châteaudun;48.07;1.33;23/07/2026;21:00;19.4;0;SOLEIL;5;29.9;0
Châteaudun;48.07;1.33;23/07/2026;22:00;18.0;0;SOLEIL;5;25.2;0
Châteaudun;48.07;1.33;23/07/2026;23:00;17.6;0;SOLEIL;3;21.2;0
Châteaudun;48.07;1.33;24/07/2026;00:00;17.6;0;SOLEIL;3;18.7;0
Châteaudun;48.07;1.33;24/07/2026;01:00;17.6;0;SOLEIL;3;16.9;0
Châteaudun;48.07;1.33;24/07/2026;02:00;14.1;0;SOLEIL;5;15.1;0
Châteaudun;48.07;1.33;24/07/2026;03:00;14.1;0;SOLEIL;5;13.0;0
Châteaudun;48.07;1.33;24/07/2026;04:00;14.1;0;SOLEIL;5;10.4;0
Châteaudun;48.07;1.33;24/07/2026;05:00;16.1;0;SOLEIL;2;9.4;0
Châteaudun;48.07;1.33;24/07/2026;06:00;16.1;0;SOLEIL;2;9.5;0
Châteaudun;48.07;1.33;24/07/2026;07:00;16.1;0;SOLEIL;2;10.6;0
Châteaudun;48.07;1.33;24/07/2026;08:00;17.3;0;SOLEIL;5;10.7;0
Châteaudun;48.07;1.33;24/07/2026;09:00;18.9;0;SOLEIL;5;10.8;0
Châteaudun;48.07;1.33;24/07/2026;10:00;20.5;0;SOLEIL;5;15.1;0
Châteaudun;48.07;1.33;24/07/2026;11:00;26.2;0;SOLEIL;3;18.7;0
Châteaudun;48.07;1.33;24/07/2026;12:00;26.2;0;SOLEIL;3;20.2;0
Châteaudun;48.07;1.33;24/07/2026;13:00;26.2;0;SOLEIL;3;20.5;0
Châteaudun;48.07;1.33;24/07/2026;14:00;27.0;0;SOLEIL;5;20.9;0
Châteaudun;48.07;1.33;24/07/2026;15:00;28.6;0;SOLEIL;5;20.9;0
Châteaudun;48.07;1.33;24/07/2026;16:00;27.0;0;SOLEIL;5;20.5;0
Châteaudun;48.07;1.33;24/07/2026;17:00;27.1;0;SOLEIL;3;20.2;0
Châteaudun;48.07;1.33;24/07/2026;18:00;27.1;0;SOLEIL;3;20.2;0
Châteaudun;48.07;1.33;24/07/2026;19:00;27.1;0;SOLEIL;3;20.5;0
Châteaudun;48.07;1.33;24/07/2026;20:00;20.5;0;SOLEIL;5;19.4;0
Châteaudun;48.07;1.33;24/07/2026;21:00;18.9;0;SOLEIL;5;15.8;0
Châteaudun;48.07;1.33;24/07/2026;22:00;17.3;0;SOLEIL;5;11.2;0
Châteaudun;48.07;1.33;24/07/2026;23:00;18;0;SOLEIL;3;8.3;0
Châteaudun;48.07;1.33;25/07/2026;00:00;18;0;SOLEIL;3;9.4;0
Châteaudun;48.07;1.33;25/07/2026;01:00;18;0;SOLEIL;3;12.2;0
Châteaudun;48.07;1.33;25/07/2026;02:00;16;0;SOLEIL;5;14.0;0
Châteaudun;48.07;1.33;25/07/2026;03:00;16;0;SOLEIL;5;13.0;0
Châteaudun;48.07;1.33;25/07/2026;04:00;16;0;SOLEIL;5;10.4;0
Châteaudun;48.07;1.33;25/07/2026;05:00;17.6;0;SOLEIL;2;8.6;0
Châteaudun;48.07;1.33;25/07/2026;06:00;17.6;0;SOLEIL;2;7.9;0
Châteaudun;48.07;1.33;25/07/2026;07:00;17.6;0;SOLEIL;2;8.3;0
Châteaudun;48.07;1.33;25/07/2026;08:00;18.8;0;SOLEIL;5;9.0;0
Châteaudun;48.07;1.33;25/07/2026;09:00;20.1;0;SOLEIL;5;10.8;0
Châteaudun;48.07;1.33;25/07/2026;10:00;21.5;0;SOLEIL;5;13.7;0
Châteaudun;48.07;1.33;25/07/2026;11:00;26.9;0;SOLEIL;4;16.6;0
Châteaudun;48.07;1.33;25/07/2026;12:00;26.9;0;SOLEIL;4;19.8;0
Châteaudun;48.07;1.33;25/07/2026;13:00;26.9;0;SOLEIL;4;23.8;0
Châteaudun;48.07;1.33;25/07/2026;14:00;27.0;0;SOLEIL;5;26.6;0
Châteaudun;48.07;1.33;25/07/2026;15:00;28.4;0;SOLEIL;5;28.4;0
Châteaudun;48.07;1.33;25/07/2026;16:00;27.0;0;SOLEIL;5;29.9;0
Châteaudun;48.07;1.33;25/07/2026;17:00;25.2;0;SOLEIL;4;31.0;0
Châteaudun;48.07;1.33;25/07/2026;18:00;25.2;0;SOLEIL;4;33.1;0
Châteaudun;48.07;1.33;25/07/2026;19:00;25.2;0;SOLEIL;4;35.6;0
Châteaudun;48.07;1.33;25/07/2026;20:00;21.5;0;SOLEIL;5;35.6;0
Châteaudun;48.07;1.33;25/07/2026;21:00;20.1;0;SOLEIL;5;32.0;0
Châteaudun;48.07;1.33;25/07/2026;22:00;18.8;0;SOLEIL;5;26.6;0
Châteaudun;48.07;1.33;25/07/2026;23:00;18.7;0;SOLEIL;3;21.2;0
Châteaudun;48.07;1.33;26/07/2026;00:00;18.7;0;SOLEIL;3;16.9;0
Châteaudun;48.07;1.33;26/07/2026;01:00;18.7;0;SOLEIL;3;13.0;0
Châteaudun;48.07;1.33;26/07/2026;02:00;16.2;0;SOLEIL;5;10.1;0
Châteaudun;48.07;1.33;26/07/2026;03:00;16.2;0;SOLEIL;5;9.0;0
Châteaudun;48.07;1.33;26/07/2026;04:00;16.2;0;SOLEIL;5;9.0;0
Châteaudun;48.07;1.33;26/07/2026;05:00;17.2;0;SOLEIL;3;9.0;0
Châteaudun;48.07;1.33;26/07/2026;06:00;17.2;0;SOLEIL;3;8.3;0
Châteaudun;48.07;1.33;26/07/2026;07:00;17.2;0;SOLEIL;3;7.2;0
Châteaudun;48.07;1.33;26/07/2026;08:00;18.2;0;SOLEIL;5;7.9;0
Châteaudun;48.07;1.33;26/07/2026;09:00;19.2;0;SOLEIL;5;11.2;0
Châteaudun;48.07;1.33;26/07/2026;10:00;20.2;0;SOLEIL;5;15.8;0
Châteaudun;48.07;1.33;26/07/2026;11:00;23.4;0;SOLEIL;5;20.2;0
Châteaudun;48.07;1.33;26/07/2026;12:00;23.4;0;SOLEIL;5;26.3;0
Châteaudun;48.07;1.33;26/07/2026;13:00;23.4;0;SOLEIL;5;32.8;0
Châteaudun;48.07;1.33;26/07/2026;14:00;24.2;0;SOLEIL;5;39.1;0
Châteaudun;48.07;1.33;26/07/2026;15:00;25.2;0;SOLEIL;5;45.0;0
Châteaudun;48.07;1.33;26/07/2026;16:00;24.2;0;SOLEIL;5;47.2;0
Châteaudun;48.07;1.33;26/07/2026;17:00;23.6;6;AVERSES;5;49.0;0
Châteaudun;48.07;1.33;26/07/2026;18:00;23.6;6;AVERSES;5;50.0;0
Châteaudun;48.07;1.33;26/07/2026;19:00;23.6;6;AVERSES;5;50.8;0
Châteaudun;48.07;1.33;26/07/2026;20:00;20.2;0;SOLEIL;5;50.8;0
Châteaudun;48.07;1.33;26/07/2026;21:00;19.2;0;SOLEIL;5;50.0;0
Châteaudun;48.07;1.33;26/07/2026;22:00;18.2;0;SOLEIL;5;48.6;0
Châteaudun;48.07;1.33;26/07/2026;23:00;17.7;0;SOLEIL;4;46.4;0
Châteaudun;48.07;1.33;27/07/2026;00:00;17.7;0;SOLEIL;4;44.3;0
Châteaudun;48.07;1.33;27/07/2026;01:00;17.7;0;SOLEIL;4;42.1;0
Châteaudun;48.07;1.33;27/07/2026;02:00;15.4;0;SOLEIL;5;40.7;0
Châteaudun;48.07;1.33;27/07/2026;03:00;15.4;0;SOLEIL;5;39.6;0
Châteaudun;48.07;1.33;27/07/2026;04:00;15.4;0;SOLEIL;5;38.9;0
Châteaudun;48.07;1.33;27/07/2026;05:00;16.6;0;SOLEIL;4;38.2;0
Châteaudun;48.07;1.33;27/07/2026;06:00;16.6;0;SOLEIL;4;37.8;0
Châteaudun;48.07;1.33;27/07/2026;07:00;16.6;0;SOLEIL;4;37.8;0
Châteaudun;48.07;1.33;27/07/2026;08:00;17.3;0;SOLEIL;5;38.2;0
Châteaudun;48.07;1.33;27/07/2026;09:00;18.3;0;SOLEIL;5;39.2;0
Châteaudun;48.07;1.33;27/07/2026;10:00;19.3;0;SOLEIL;5;41.0;0
Châteaudun;48.07;1.33;27/07/2026;11:00;22.9;6;AVERSES;5;43.2;0
Châteaudun;48.07;1.33;27/07/2026;12:00;22.9;6;AVERSES;5;45.4;0
Châteaudun;48.07;1.33;27/07/2026;13:00;22.9;6;AVERSES;5;47.2;0
Châteaudun;48.07;1.33;27/07/2026;14:00;23.1;0;SOLEIL;5;48.6;0
Châteaudun;48.07;1.33;27/07/2026;15:00;24.1;0;SOLEIL;5;49.3;0
Châteaudun;48.07;1.33;27/07/2026;16:00;23.1;0;SOLEIL;5;49.7;0
Châteaudun;48.07;1.33;27/07/2026;17:00;21.7;6;AVERSES;5;50.0;0
Châteaudun;48.07;1.33;27/07/2026;18:00;21.7;6;AVERSES;5;49.7;0
Châteaudun;48.07;1.33;27/07/2026;19:00;21.7;6;AVERSES;5;49.3;0
Châteaudun;48.07;1.33;27/07/2026;20:00;19.3;0;SOLEIL;5;49.0;0
Châteaudun;48.07;1.33;27/07/2026;21:00;18.3;0;SOLEIL;5;48.2;0
Châteaudun;48.07;1.33;27/07/2026;22:00;17.3;0;SOLEIL;5;47.5;0
Châteaudun;48.07;1.33;27/07/2026;23:00;16.6;0;SOLEIL;3;46.4;0
Châteaudun;48.07;1.33;28/07/2026;00:00;16.6;0;SOLEIL;3;45.4;0
Châteaudun;48.07;1.33;28/07/2026;01:00;16.6;0;SOLEIL;3;43.9;0
Châteaudun;48.07;1.33;28/07/2026;02:00;14.9;0;SOLEIL;5;42.1;0
Châteaudun;48.07;1.33;28/07/2026;03:00;14.9;0;SOLEIL;5;40.0;0
Châteaudun;48.07;1.33;28/07/2026;04:00;14.9;0;SOLEIL;5;37.1;0
Châteaudun;48.07;1.33;28/07/2026;05:00;16.4;0;SOLEIL;3;33.8;0
Châteaudun;48.07;1.33;28/07/2026;06:00;16.4;0;SOLEIL;3;31.0;0
Châteaudun;48.07;1.33;28/07/2026;07:00;16.4;0;SOLEIL;3;28.8;0
Châteaudun;48.07;1.33;28/07/2026;08:00;16.8;0;SOLEIL;5;27.7;0
Châteaudun;48.07;1.33;28/07/2026;09:00;17.8;0;SOLEIL;5;28.1;0
Châteaudun;48.07;1.33;28/07/2026;10:00;18.8;0;SOLEIL;5;29.9;0
Châteaudun;48.07;1.33;28/07/2026;11:00;22.2;6;AVERSES;5;32.4;0
Châteaudun;48.07;1.33;28/07/2026;12:00;22.2;6;AVERSES;5;34.9;0
Châteaudun;48.07;1.33;28/07/2026;13:00;22.2;6;AVERSES;5;37.4;0
Châteaudun;48.07;1.33;28/07/2026;14:00;22.6;0;SOLEIL;5;39.6;0
Châteaudun;48.07;1.33;28/07/2026;15:00;23.6;0;SOLEIL;5;41.0;0
Châteaudun;48.07;1.33;28/07/2026;16:00;22.6;0;SOLEIL;5;42.8;0
Châteaudun;48.07;1.33;28/07/2026;17:00;21.5;0;SOLEIL;5;44.3;0
Châteaudun;48.07;1.33;28/07/2026;18:00;21.5;0;SOLEIL;5;45.4;0
Châteaudun;48.07;1.33;28/07/2026;19:00;21.5;0;SOLEIL;5;46.1;0
Châteaudun;48.07;1.33;28/07/2026;20:00;18.8;0;SOLEIL;5;46.4;0
Châteaudun;48.07;1.33;28/07/2026;21:00;17.8;0;SOLEIL;5;46.1;0
Châteaudun;48.07;1.33;28/07/2026;22:00;16.8;0;SOLEIL;5;45.4;0
Châteaudun;48.07;1.33;28/07/2026;23:00;17.1;0;SOLEIL;3;44.3;0
Châteaudun;48.07;1.33;29/07/2026;00:00;17.1;0;SOLEIL;3;42.8;0
Châteaudun;48.07;1.33;29/07/2026;01:00;17.1;0;SOLEIL;3;41.8;0
Châteaudun;48.07;1.33;29/07/2026;02:00;15.2;0;SOLEIL;5;40.7;0
Châteaudun;48.07;1.33;29/07/2026;03:00;15.2;0;SOLEIL;5;40.0;0
Châteaudun;48.07;1.33;29/07/2026;04:00;15.2;0;SOLEIL;5;39.2;0
Châteaudun;48.07;1.33;29/07/2026;05:00;;0;SOLEIL;;38.5;0
Châteaudun;48.07;1.33;29/07/2026;06:00;;0;SOLEIL;;37.8;0
Châteaudun;48.07;1.33;29/07/2026;07:00;;0;SOLEIL;;37.8;0
Châteaudun;48.07;1.33;29/07/2026;08:00;17.4;0;SOLEIL;5;37.8;0
Châteaudun;48.07;1.33;29/07/2026;09:00;18.5;0;SOLEIL;5;38.5;0
Châteaudun;48.07;1.33;29/07/2026;10:00;19.6;0;SOLEIL;5;40.0;0
Châteaudun;48.07;1.33;29/07/2026;11:00;;0;SOLEIL;;41.4;0
Châteaudun;48.07;1.33;29/07/2026;12:00;;0;SOLEIL;;42.8;0
Châteaudun;48.07;1.33;29/07/2026;13:00;;0;SOLEIL;;44.3;0
Châteaudun;48.07;1.33;29/07/2026;14:00;24.1;0;SOLEIL;5;45.4;0
Châteaudun;48.07;1.33;29/07/2026;15:00;25.2;0;SOLEIL;5;46.1;0
Châteaudun;48.07;1.33;29/07/2026;16:00;24.1;0;SOLEIL;5;46.4;0
Châteaudun;48.07;1.33;29/07/2026;17:00;;0;SOLEIL;;46.4;0
Châteaudun;48.07;1.33;29/07/2026;18:00;;0;SOLEIL;;46.4;0
Châteaudun;48.07;1.33;29/07/2026;19:00;;0;SOLEIL;;46.4;0
Châteaudun;48.07;1.33;29/07/2026;20:00;19.6;0;SOLEIL;5;45.7;0
Châteaudun;48.07;1.33;29/07/2026;21:00;18.5;0;SOLEIL;5;45.0;0
Châteaudun;48.07;1.33;29/07/2026;22:00;17.4;0;SOLEIL;5;43.9;0
Châteaudun;48.07;1.33;29/07/2026;23:00;;0;SOLEIL;;42.5;0
Châteaudun;48.07;1.33;30/07/2026;00:00;;0;SOLEIL;;41.0;0
Châteaudun;48.07;1.33;30/07/2026;01:00;;0;SOLEIL;;39.2;0
Châteaudun;48.07;1.33;30/07/2026;02:00;15.1;0;SOLEIL;5;36.7;0
Châteaudun;48.07;1.33;30/07/2026;03:00;15.1;0;SOLEIL;5;33.5;0
Châteaudun;48.07;1.33;30/07/2026;04:00;15.1;0;SOLEIL;5;28.8;0
Châteaudun;48.07;1.33;30/07/2026;05:00;;0;SOLEIL;;24.1;0
Châteaudun;48.07;1.33;30/07/2026;06:00;;0;SOLEIL;;19.4;0
Châteaudun;48.07;1.33;30/07/2026;07:00;;0;SOLEIL;;15.8;0
Châteaudun;48.07;1.33;30/07/2026;08:00;17.7;0;SOLEIL;5;14.0;0
Châteaudun;48.07;1.33;30/07/2026;09:00;19.0;0;SOLEIL;5;14.4;0
Châteaudun;48.07;1.33;30/07/2026;10:00;20.3;0;SOLEIL;5;16.2;0
Châteaudun;48.07;1.33;30/07/2026;11:00;;0;SOLEIL;;19.1;0
Châteaudun;48.07;1.33;30/07/2026;12:00;;0;SOLEIL;;22.7;0
Châteaudun;48.07;1.33;30/07/2026;13:00;;0;SOLEIL;;25.6;0
Châteaudun;48.07;1.33;30/07/2026;14:00;25.4;0;SOLEIL;5;28.1;0
Châteaudun;48.07;1.33;30/07/2026;15:00;26.7;0;SOLEIL;5;29.9;0
Châteaudun;48.07;1.33;30/07/2026;16:00;25.4;0;SOLEIL;5;31.3;0
Châteaudun;48.07;1.33;30/07/2026;17:00;;0;SOLEIL;;32.8;0
Châteaudun;48.07;1.33;30/07/2026;18:00;;0;SOLEIL;;33.8;0
Châteaudun;48.07;1.33;30/07/2026;19:00;;0;SOLEIL;;34.9;0
Châteaudun;48.07;1.33;30/07/2026;20:00;20.3;0;SOLEIL;5;35.6;0
Châteaudun;48.07;1.33;30/07/2026;21:00;19.0;0;SOLEIL;5;36.4;0
Châteaudun;48.07;1.33;30/07/2026;22:00;17.7;0;SOLEIL;5;36.7;0
Châteaudun;48.07;1.33;30/07/2026;23:00;;0;SOLEIL;;36.7;0
Châteaudun;48.07;1.33;31/07/2026;00:00;;0;SOLEIL;;36.7;0
Châteaudun;48.07;1.33;31/07/2026;01:00;;0;SOLEIL;;36.0;0
Châteaudun;48.07;1.33;31/07/2026;02:00;14.7;0;SOLEIL;5;34.9;0
Châteaudun;48.07;1.33;31/07/2026;03:00;14.7;0;SOLEIL;5;32.8;0
Châteaudun;48.07;1.33;31/07/2026;04:00;14.7;0;SOLEIL;5;29.2;0
Châteaudun;48.07;1.33;31/07/2026;05:00;;0;SOLEIL;;25.6;0
Châteaudun;48.07;1.33;31/07/2026;06:00;;0;SOLEIL;;21.6;0
Châteaudun;48.07;1.33;31/07/2026;07:00;;0;SOLEIL;;18.4;0
Châteaudun;48.07;1.33;31/07/2026;08:00;17.4;0;SOLEIL;5;16.6;0
Châteaudun;48.07;1.33;31/07/2026;09:00;18.7;0;SOLEIL;5;15.8;0
Châteaudun;48.07;1.33;31/07/2026;10:00;20.0;0;SOLEIL;5;16.2;0
Châteaudun;48.07;1.33;31/07/2026;11:00;;0;SOLEIL;;16.9;0
Châteaudun;48.07;1.33;31/07/2026;12:00;;0;SOLEIL;;18.4;0
Châteaudun;48.07;1.33;31/07/2026;13:00;;0;SOLEIL;;19.8;0
Châteaudun;48.07;1.33;31/07/2026;14:00;25.4;0;SOLEIL;5;20.9;0
Châteaudun;48.07;1.33;31/07/2026;15:00;26.7;0;SOLEIL;5;22.0;0
Châteaudun;48.07;1.33;31/07/2026;16:00;25.4;0;SOLEIL;5;23.4;0
Châteaudun;48.07;1.33;31/07/2026;17:00;;0;SOLEIL;;24.8;0
Châteaudun;48.07;1.33;31/07/2026;18:00;;0;SOLEIL;;26.3;0
Châteaudun;48.07;1.33;31/07/2026;19:00;;0;SOLEIL;;27.7;0
Châteaudun;48.07;1.33;31/07/2026;20:00;20.0;0;SOLEIL;5;28.8;0
Châteaudun;48.07;1.33;31/07/2026;21:00;18.7;0;SOLEIL;5;29.9;0
Châteaudun;48.07;1.33;31/07/2026;22:00;17.4;0;SOLEIL;5;31.0;0
Châteaudun;48.07;1.33;31/07/2026;23:00;;0;SOLEIL;;31.7;0
Châteaudun;48.07;1.33;01/08/2026;00:00;;0;SOLEIL;;32.4;0
Châteaudun;48.07;1.33;01/08/2026;01:00;;0;SOLEIL;;32.4;0
Châteaudun;48.07;1.33;01/08/2026;02:00;15.4;0;SOLEIL;5;32.0;0
Châteaudun;48.07;1.33;01/08/2026;03:00;15.4;0;SOLEIL;5;31.0;0
Châteaudun;48.07;1.33;01/08/2026;04:00;15.4;0;SOLEIL;5;28.8;0
Châteaudun;48.07;1.33;01/08/2026;05:00;;0;SOLEIL;;26.3;0
Châteaudun;48.07;1.33;01/08/2026;06:00;;0;SOLEIL;;23.8;0
Châteaudun;48.07;1.33;01/08/2026;07:00;;0;SOLEIL;;21.6;0
Châteaudun;48.07;1.33;01/08/2026;08:00;17.8;0;SOLEIL;5;20.2;0
Châteaudun;48.07;1.33;01/08/2026;09:00;19.0;0;SOLEIL;5;19.4;0
Châteaudun;48.07;1.33;01/08/2026;10:00;20.2;0;SOLEIL;5;19.1;0
Châteaudun;48.07;1.33;01/08/2026;11:00;;0;SOLEIL;;19.4;0
Châteaudun;48.07;1.33;01/08/2026;12:00;;0;SOLEIL;;19.8;0
Châteaudun;48.07;1.33;01/08/2026;13:00;;0;SOLEIL;;20.2;0
Châteaudun;48.07;1.33;01/08/2026;14:00;24.9;0;SOLEIL;5;20.9;0
Châteaudun;48.07;1.33;01/08/2026;15:00;26.1;0;SOLEIL;5;22.0;0
Châteaudun;48.07;1.33;01/08/2026;16:00;24.9;0;SOLEIL;5;23.4;0
Châteaudun;48.07;1.33;01/08/2026;17:00;;0;SOLEIL;;24.8;0
Châteaudun;48.07;1.33;01/08/2026;18:00;;0;SOLEIL;;26.3;0
Châteaudun;48.07;1.33;01/08/2026;19:00;;0;SOLEIL;;27.7;0
Châteaudun;48.07;1.33;01/08/2026;20:00;20.2;0;SOLEIL;5;28.4;0
Châteaudun;48.07;1.33;01/08/2026;21:00;19.0;0;SOLEIL;5;28.8;0
Châteaudun;48.07;1.33;01/08/2026;22:00;17.8;0;SOLEIL;5;28.8;0
Châteaudun;48.07;1.33;01/08/2026;23:00;;0;SOLEIL;;28.4;0
Châteaudun;48.07;1.33;02/08/2026;00:00;;0;SOLEIL;;27.7;0
Châteaudun;48.07;1.33;02/08/2026;01:00;;0;SOLEIL;;27.0;0
Châteaudun;48.07;1.33;02/08/2026;02:00;14.7;0;SOLEIL;5;26.3;0
Châteaudun;48.07;1.33;02/08/2026;03:00;14.7;0;SOLEIL;5;25.2;0
Châteaudun;48.07;1.33;02/08/2026;04:00;14.7;0;SOLEIL;5;23.4;0
Châteaudun;48.07;1.33;02/08/2026;05:00;;0;SOLEIL;;22.0;0
Châteaudun;48.07;1.33;02/08/2026;06:00;;0;SOLEIL;;20.2;0
Châteaudun;48.07;1.33;02/08/2026;07:00;;0;SOLEIL;;18.7;0
Châteaudun;48.07;1.33;02/08/2026;08:00;17.0;0;SOLEIL;5;17.6;0
Châteaudun;48.07;1.33;02/08/2026;09:00;18.2;0;SOLEIL;5;17.3;0
Châteaudun;48.07;1.33;02/08/2026;10:00;19.4;0;SOLEIL;5;17.3;0
Châteaudun;48.07;1.33;02/08/2026;11:00;;0;SOLEIL;;17.6;0
Châteaudun;48.07;1.33;02/08/2026;12:00;;0;SOLEIL;;17.6;0
Châteaudun;48.07;1.33;02/08/2026;13:00;;0;SOLEIL;;18.0;0
Châteaudun;48.07;1.33;02/08/2026;14:00;24.0;0;SOLEIL;5;18.0;0
Châteaudun;48.07;1.33;02/08/2026;15:00;25.2;0;SOLEIL;5;17.6;0
Châteaudun;48.07;1.33;02/08/2026;16:00;24.0;0;SOLEIL;5;16.9;0
Châteaudun;48.07;1.33;02/08/2026;17:00;;0;SOLEIL;;16.2;0
Châteaudun;48.07;1.33;02/08/2026;18:00;;0;SOLEIL;;15.5;0
Châteaudun;48.07;1.33;02/08/2026;19:00;;0;SOLEIL;;14.8;0
Châteaudun;48.07;1.33;02/08/2026;20:00;19.4;0;SOLEIL;5;14.8;0
Châteaudun;48.07;1.33;02/08/2026;21:00;18.2;0;SOLEIL;5;15.1;0
Châteaudun;48.07;1.33;02/08/2026;22:00;17.0;0;SOLEIL;5;16.2;0
Châteaudun;48.07;1.33;02/08/2026;23:00;15.9;0;SOLEIL;5;17.3;0
Châteaudun;48.07;1.33;03/08/2026;00:00;12;0;SOLEIL;5;20.0;0
Châteaudun;48.07;1.33;03/08/2026;01:00;12;0;SOLEIL;5;18.5;0
Châteaudun;48.07;1.33;03/08/2026;02:00;12;0;SOLEIL;5;14.3;0
Châteaudun;48.07;1.33;03/08/2026;03:00;12;0;SOLEIL;5;10.8;0
Châteaudun;48.07;1.33;03/08/2026;04:00;12;0;SOLEIL;5;11.2;0
Châteaudun;48.07;1.33;03/08/2026;05:00;12;0;SOLEIL;5;12.6;0
Châteaudun;48.07;1.33;03/08/2026;06:00;12;0;SOLEIL;5;15.8;0
Châteaudun;48.07;1.33;03/08/2026;07:00;13.1;0;SOLEIL;5;19.8;0
Châteaudun;48.07;1.33;03/08/2026;08:00;14.2;0;SOLEIL;5;21.2;0
Châteaudun;48.07;1.33;03/08/2026;09:00;15.3;0;SOLEIL;5;16.6;0
Châteaudun;48.07;1.33;03/08/2026;10:00;16.4;0;SOLEIL;5;9.4;0
Châteaudun;48.07;1.33;03/08/2026;11:00;17.6;0;SOLEIL;5;5.8;0
Châteaudun;48.07;1.33;03/08/2026;12:00;18.7;0;SOLEIL;5;9.4;0
Châteaudun;48.07;1.33;03/08/2026;13:00;19.8;0;SOLEIL;5;16.6;0
Châteaudun;48.07;1.33;03/08/2026;14:00;20.9;0;SOLEIL;5;22.7;0
Châteaudun;48.07;1.33;03/08/2026;15:00;22.0;0;SOLEIL;5;26.6;0
Châteaudun;48.07;1.33;03/08/2026;16:00;20.9;0;SOLEIL;5;29.9;0
Châteaudun;48.07;1.33;03/08/2026;17:00;19.8;0;SOLEIL;5;31.7;0
Châteaudun;48.07;1.33;03/08/2026;18:00;18.7;0;SOLEIL;5;31.0;0
Châteaudun;48.07;1.33;03/08/2026;19:00;17.6;0;SOLEIL;5;29.2;0
Châteaudun;48.07;1.33;03/08/2026;20:00;16.4;0;SOLEIL;5;28.8;0
Châteaudun;48.07;1.33;03/08/2026;21:00;15.3;0;SOLEIL;5;32.4;0
Châteaudun;48.07;1.33;03/08/2026;22:00;14.2;0;SOLEIL;5;37.8;0
Châteaudun;48.07;1.33;03/08/2026;23:00;13.1;0;SOLEIL;5;40.3;0
Châteaudun;48.07;1.33;04/08/2026;00:00;12;0;SOLEIL;5;0.0;0
Châteaudun;48.07;1.33;04/08/2026;01:00;12;0;SOLEIL;5;0.0;0
Châteaudun;48.07;1.33;04/08/2026;02:00;12;0;SOLEIL;5;0.0;0
Châteaudun;48.07;1.33;04/08/2026;03:00;12;0;SOLEIL;5;0.0;0
Châteaudun;48.07;1.33;04/08/2026;04:00;12;0;SOLEIL;5;0.0;0
Châteaudun;48.07;1.33;04/08/2026;05:00;12;0;SOLEIL;5;0.0;0
Châteaudun;48.07;1.33;04/08/2026;06:00;12;0;SOLEIL;5;0.0;0
Châteaudun;48.07;1.33;04/08/2026;07:00;13.1;0;SOLEIL;5;0.0;0
Châteaudun;48.07;1.33;04/08/2026;08:00;14.2;0;SOLEIL;5;0.0;0
Châteaudun;48.07;1.33;04/08/2026;09:00;15.3;0;SOLEIL;5;0.0;0
Châteaudun;48.07;1.33;04/08/2026;10:00;16.4;0;SOLEIL;5;0.0;0
Châteaudun;48.07;1.33;04/08/2026;11:00;17.6;0;SOLEIL;5;0.0;0
Châteaudun;48.07;1.33;04/08/2026;12:00;18.7;0;SOLEIL;5;0.0;0
Châteaudun;48.07;1.33;04/08/2026;13:00;19.8;0;SOLEIL;5;0.0;0
Châteaudun;48.07;1.33;04/08/2026;14:00;20.9;0;SOLEIL;5;0.0;0
Châteaudun;48.07;1.33;04/08/2026;15:00;22.0;0;SOLEIL;5;0.0;0
Châteaudun;48.07;1.33;04/08/2026;16:00;20.9;0;SOLEIL;5;0.0;0
Châteaudun;48.07;1.33;04/08/2026;17:00;19.8;0;SOLEIL;5;0.0;0
Châteaudun;48.07;1.33;04/08/2026;18:00;18.7;0;SOLEIL;5;0.0;0
Châteaudun;48.07;1.33;04/08/2026;19:00;17.6;0;SOLEIL;5;0.0;0
Châteaudun;48.07;1.33;04/08/2026;20:00;16.4;0;SOLEIL;5;0.0;0
Châteaudun;48.07;1.33;04/08/2026;21:00;15.3;0;SOLEIL;5;0.0;0
Châteaudun;48.07;1.33;04/08/2026;22:00;14.2;0;SOLEIL;5;0.0;0
Châteaudun;48.07;1.33;04/08/2026;23:00;13.1;0;SOLEIL;5;0.0;0
Dreux;48.73;1.36;20/07/2026;00:00;15.6;0;SOLEIL;5;25.9;0
Dreux;48.73;1.36;20/07/2026;01:00;14.9;0;SOLEIL;5;27.4;0
Dreux;48.73;1.36;20/07/2026;02:00;13.6;0;SOLEIL;5;25.9;0
Dreux;48.73;1.36;20/07/2026;03:00;13.1;0;SOLEIL;4;24.1;0
Dreux;48.73;1.36;20/07/2026;04:00;12.6;0;SOLEIL;4;23.0;0
Dreux;48.73;1.36;20/07/2026;05:00;12.4;0;SOLEIL;4;24.1;0
Dreux;48.73;1.36;20/07/2026;06:00;14;0;SOLEIL;5;24.1;0
Dreux;48.73;1.36;20/07/2026;07:00;15.7;0;SOLEIL;6;24.1;0
Dreux;48.73;1.36;20/07/2026;08:00;17.2;0;SOLEIL;6;24.8;0
Dreux;48.73;1.36;20/07/2026;09:00;19.1;0;SOLEIL;6;27.0;0
Dreux;48.73;1.36;20/07/2026;10:00;20.2;0;SOLEIL;6;31.0;0
Dreux;48.73;1.36;20/07/2026;11:00;21.7;0;SOLEIL;6;32.4;0
Dreux;48.73;1.36;20/07/2026;12:00;23.1;0;SOLEIL;6;32.8;0
Dreux;48.73;1.36;20/07/2026;13:00;24;0;SOLEIL;6;33.5;0
Dreux;48.73;1.36;20/07/2026;14:00;25.1;0;SOLEIL;6;34.2;0
Dreux;48.73;1.36;20/07/2026;15:00;25.2;0;SOLEIL;6;34.6;0
Dreux;48.73;1.36;20/07/2026;16:00;25.5;0;SOLEIL;6;34.9;0
Dreux;48.73;1.36;20/07/2026;17:00;24.6;0;SOLEIL;6;38.2;0
Dreux;48.73;1.36;20/07/2026;18:00;23.6;0;SOLEIL;6;36.0;0
Dreux;48.73;1.36;20/07/2026;19:00;21.6;0;SOLEIL;5;38.2;0
Dreux;48.73;1.36;20/07/2026;20:00;19.6;0;SOLEIL;4;32.4;0
Dreux;48.73;1.36;20/07/2026;21:00;18.6;0;SOLEIL;4;29.2;0
Dreux;48.73;1.36;20/07/2026;22:00;18.5;0;SOLEIL;4;22.3;0
Dreux;48.73;1.36;20/07/2026;23:00;17.5;0;SOLEIL;5;17.3;0
Dreux;48.73;1.36;21/07/2026;00:00;15.7;0;SOLEIL;5;18.7;0
Dreux;48.73;1.36;21/07/2026;01:00;15.7;0;SOLEIL;5;22.3;0
Dreux;48.73;1.36;21/07/2026;02:00;13.4;0;SOLEIL;5;23.8;0
Dreux;48.73;1.36;21/07/2026;03:00;13.4;0;SOLEIL;5;23.4;0
Dreux;48.73;1.36;21/07/2026;04:00;13.4;0;SOLEIL;5;21.6;0
Dreux;48.73;1.36;21/07/2026;05:00;14.1;0;SOLEIL;5;19.4;0
Dreux;48.73;1.36;21/07/2026;06:00;14.1;0;SOLEIL;5;19.8;0
Dreux;48.73;1.36;21/07/2026;07:00;14.1;0;SOLEIL;5;21.6;0
Dreux;48.73;1.36;21/07/2026;08:00;20.1;0;SOLEIL;5;24.8;0
Dreux;48.73;1.36;21/07/2026;09:00;20.1;0;SOLEIL;5;26.3;0
Dreux;48.73;1.36;21/07/2026;10:00;20.1;0;SOLEIL;5;27.4;0
Dreux;48.73;1.36;21/07/2026;11:00;23.1;0;SOLEIL;5;27.4;0
Dreux;48.73;1.36;21/07/2026;12:00;23.1;0;SOLEIL;5;30.2;0
Dreux;48.73;1.36;21/07/2026;13:00;23.1;0;SOLEIL;5;33.1;0
Dreux;48.73;1.36;21/07/2026;14:00;26.1;0;SOLEIL;5;34.8;0
Dreux;48.73;1.36;21/07/2026;15:00;26.1;0;SOLEIL;5;36.4;0
Dreux;48.73;1.36;21/07/2026;16:00;26.1;0;SOLEIL;5;36.4;0
Dreux;48.73;1.36;21/07/2026;17:00;25.2;0;SOLEIL;5;36.0;0
Dreux;48.73;1.36;21/07/2026;18:00;25.2;0;SOLEIL;5;36.4;0
Dreux;48.73;1.36;21/07/2026;19:00;25.2;0;SOLEIL;5;36.0;0
Dreux;48.73;1.36;21/07/2026;20:00;20.7;0;SOLEIL;4;34.6;0
Dreux;48.73;1.36;21/07/2026;21:00;20.7;0;SOLEIL;4;32.0;0
Dreux;48.73;1.36;21/07/2026;22:00;20.7;0;SOLEIL;4;27.4;0
Dreux;48.73;1.36;21/07/2026;23:00;17;0;SOLEIL;4;18.7;0
Dreux;48.73;1.36;22/07/2026;00:00;17;0;SOLEIL;4;19.1;0
Dreux;48.73;1.36;22/07/2026;01:00;17;0;SOLEIL;4;20.2;0
Dreux;48.73;1.36;22/07/2026;02:00;14.7;0;SOLEIL;4;22.3;0
Dreux;48.73;1.36;22/07/2026;03:00;14.7;0;SOLEIL;4;22.7;0
Dreux;48.73;1.36;22/07/2026;04:00;14.7;0;SOLEIL;4;22.3;0
Dreux;48.73;1.36;22/07/2026;05:00;15.1;0;SOLEIL;3;20.2;0
Dreux;48.73;1.36;22/07/2026;06:00;15.1;0;SOLEIL;3;17.6;0
Dreux;48.73;1.36;22/07/2026;07:00;15.1;0;SOLEIL;3;15.8;0
Dreux;48.73;1.36;22/07/2026;08:00;21.2;0;SOLEIL;4;19.8;0
Dreux;48.73;1.36;22/07/2026;09:00;21.2;0;SOLEIL;4;25.9;0
Dreux;48.73;1.36;22/07/2026;10:00;21.2;0;SOLEIL;4;27.7;0
Dreux;48.73;1.36;22/07/2026;11:00;25.2;0;SOLEIL;4;26.6;0
Dreux;48.73;1.36;22/07/2026;12:00;25.2;0;SOLEIL;4;26.6;0
Dreux;48.73;1.36;22/07/2026;13:00;25.2;0;SOLEIL;4;26.3;0
Dreux;48.73;1.36;22/07/2026;14:00;27.1;0;SOLEIL;4;27.7;0
Dreux;48.73;1.36;22/07/2026;15:00;27.1;0;SOLEIL;4;29.5;0
Dreux;48.73;1.36;22/07/2026;16:00;27.1;0;SOLEIL;4;32.0;0
Dreux;48.73;1.36;22/07/2026;17:00;25.7;0;SOLEIL;4;33.1;0
Dreux;48.73;1.36;22/07/2026;18:00;25.7;0;SOLEIL;4;32.0;0
Dreux;48.73;1.36;22/07/2026;19:00;25.7;0;SOLEIL;4;29.5;0
Dreux;48.73;1.36;22/07/2026;20:00;19.8;0;SOLEIL;5;26.6;0
Dreux;48.73;1.36;22/07/2026;21:00;18.3;0;SOLEIL;5;22.7;0
Dreux;48.73;1.36;22/07/2026;22:00;16.9;0;SOLEIL;5;18.4;0
Dreux;48.73;1.36;22/07/2026;23:00;18.4;0;SOLEIL;3;15.5;0
Dreux;48.73;1.36;23/07/2026;00:00;18.4;0;SOLEIL;3;15.1;0
Dreux;48.73;1.36;23/07/2026;01:00;18.4;0;SOLEIL;3;16.6;0
Dreux;48.73;1.36;23/07/2026;02:00;16.1;0;SOLEIL;5;17.3;0
Dreux;48.73;1.36;23/07/2026;03:00;16.1;0;SOLEIL;5;16.6;0
Dreux;48.73;1.36;23/07/2026;04:00;16.1;0;SOLEIL;5;15.5;0
Dreux;48.73;1.36;23/07/2026;05:00;18;0;SOLEIL;3;15.1;0
Dreux;48.73;1.36;23/07/2026;06:00;18;0;SOLEIL;3;16.2;0
Dreux;48.73;1.36;23/07/2026;07:00;18;0;SOLEIL;3;18.0;0
Dreux;48.73;1.36;23/07/2026;08:00;18.9;0;SOLEIL;5;20.5;0
Dreux;48.73;1.36;23/07/2026;09:00;20.3;0;SOLEIL;5;23.8;0
Dreux;48.73;1.36;23/07/2026;10:00;21.7;0;SOLEIL;5;27.7;0
Dreux;48.73;1.36;23/07/2026;11:00;27.1;0;SOLEIL;3;30.6;0
Dreux;48.73;1.36;23/07/2026;12:00;27.1;0;SOLEIL;3;31.3;0
Dreux;48.73;1.36;23/07/2026;13:00;27.1;0;SOLEIL;3;31.0;0
Dreux;48.73;1.36;23/07/2026;14:00;27.3;0;SOLEIL;5;30.6;0
Dreux;48.73;1.36;23/07/2026;15:00;28.7;0;SOLEIL;5;31.0;0
Dreux;48.73;1.36;23/07/2026;16:00;27.3;0;SOLEIL;5;31.0;0
Dreux;48.73;1.36;23/07/2026;17:00;26.7;0;SOLEIL;4;31.3;0
Dreux;48.73;1.36;23/07/2026;18:00;26.7;0;SOLEIL;4;31.7;0
Dreux;48.73;1.36;23/07/2026;19:00;26.7;0;SOLEIL;4;32.0;0
Dreux;48.73;1.36;23/07/2026;20:00;21.7;0;SOLEIL;5;31.0;0
Dreux;48.73;1.36;23/07/2026;21:00;20.3;0;SOLEIL;5;27.7;0
Dreux;48.73;1.36;23/07/2026;22:00;18.9;0;SOLEIL;5;23.0;0
Dreux;48.73;1.36;23/07/2026;23:00;18.1;0;SOLEIL;4;19.4;0
Dreux;48.73;1.36;24/07/2026;00:00;18.1;0;SOLEIL;4;17.6;0
Dreux;48.73;1.36;24/07/2026;01:00;18.1;0;SOLEIL;4;16.9;0
Dreux;48.73;1.36;24/07/2026;02:00;15.5;0;SOLEIL;5;16.2;0
Dreux;48.73;1.36;24/07/2026;03:00;15.5;0;SOLEIL;5;14.4;0
Dreux;48.73;1.36;24/07/2026;04:00;15.5;0;SOLEIL;5;12.6;0
Dreux;48.73;1.36;24/07/2026;05:00;16.9;0;SOLEIL;3;11.5;0
Dreux;48.73;1.36;24/07/2026;06:00;16.9;0;SOLEIL;3;11.8;0
Dreux;48.73;1.36;24/07/2026;07:00;16.9;0;SOLEIL;3;12.4;0
Dreux;48.73;1.36;24/07/2026;08:00;18.4;0;SOLEIL;5;12.4;0
Dreux;48.73;1.36;24/07/2026;09:00;19.8;0;SOLEIL;5;12.6;0
Dreux;48.73;1.36;24/07/2026;10:00;21.2;0;SOLEIL;5;16.6;0
Dreux;48.73;1.36;24/07/2026;11:00;26.1;0;SOLEIL;3;19.4;0
Dreux;48.73;1.36;24/07/2026;12:00;26.1;0;SOLEIL;3;20.2;0
Dreux;48.73;1.36;24/07/2026;13:00;26.1;0;SOLEIL;3;20.2;0
Dreux;48.73;1.36;24/07/2026;14:00;27.0;0;SOLEIL;5;19.8;0
Dreux;48.73;1.36;24/07/2026;15:00;28.4;0;SOLEIL;5;19.4;0
Dreux;48.73;1.36;24/07/2026;16:00;27.0;0;SOLEIL;5;18.7;0
Dreux;48.73;1.36;24/07/2026;17:00;27.2;0;SOLEIL;3;18.0;0
Dreux;48.73;1.36;24/07/2026;18:00;27.2;0;SOLEIL;3;18.0;0
Dreux;48.73;1.36;24/07/2026;19:00;27.2;0;SOLEIL;3;17.6;0
Dreux;48.73;1.36;24/07/2026;20:00;21.2;0;SOLEIL;5;16.9;0
Dreux;48.73;1.36;24/07/2026;21:00;19.8;0;SOLEIL;5;14.4;0
Dreux;48.73;1.36;24/07/2026;22:00;18.4;0;SOLEIL;5;11.5;0
Dreux;48.73;1.36;24/07/2026;23:00;18.5;0;SOLEIL;3;9.4;0
Dreux;48.73;1.36;25/07/2026;00:00;18.5;0;SOLEIL;3;9.7;0
Dreux;48.73;1.36;25/07/2026;01:00;18.5;0;SOLEIL;3;10.8;0
Dreux;48.73;1.36;25/07/2026;02:00;16.6;0;SOLEIL;5;11.5;0
Dreux;48.73;1.36;25/07/2026;03:00;16.6;0;SOLEIL;5;10.4;0
Dreux;48.73;1.36;25/07/2026;04:00;16.6;0;SOLEIL;5;9.0;0
Dreux;48.73;1.36;25/07/2026;05:00;18;0;SOLEIL;2;7.9;0
Dreux;48.73;1.36;25/07/2026;06:00;18;0;SOLEIL;2;7.2;0
Dreux;48.73;1.36;25/07/2026;07:00;18;0;SOLEIL;2;7.2;0
Dreux;48.73;1.36;25/07/2026;08:00;19.2;0;SOLEIL;5;7.9;0
Dreux;48.73;1.36;25/07/2026;09:00;20.5;0;SOLEIL;5;10.8;0
Dreux;48.73;1.36;25/07/2026;10:00;21.8;0;SOLEIL;5;14.8;0
Dreux;48.73;1.36;25/07/2026;11:00;26.5;0;SOLEIL;4;18.0;0
Dreux;48.73;1.36;25/07/2026;12:00;26.5;0;SOLEIL;4;20.2;0
Dreux;48.73;1.36;25/07/2026;13:00;26.5;0;SOLEIL;4;21.6;0
Dreux;48.73;1.36;25/07/2026;14:00;27.1;0;SOLEIL;5;23.0;0
Dreux;48.73;1.36;25/07/2026;15:00;28.4;0;SOLEIL;5;25.2;0
Dreux;48.73;1.36;25/07/2026;16:00;27.1;0;SOLEIL;5;27.4;0
Dreux;48.73;1.36;25/07/2026;17:00;26.1;0;SOLEIL;4;28.8;0
Dreux;48.73;1.36;25/07/2026;18:00;26.1;0;SOLEIL;4;28.8;0
Dreux;48.73;1.36;25/07/2026;19:00;26.1;0;SOLEIL;4;28.1;0
Dreux;48.73;1.36;25/07/2026;20:00;21.8;0;SOLEIL;5;27.0;0
Dreux;48.73;1.36;25/07/2026;21:00;20.5;0;SOLEIL;5;26.3;0
Dreux;48.73;1.36;25/07/2026;22:00;19.2;0;SOLEIL;5;24.8;0
Dreux;48.73;1.36;25/07/2026;23:00;18.6;0;SOLEIL;3;22.7;0
Dreux;48.73;1.36;26/07/2026;00:00;18.6;0;SOLEIL;3;18.4;0
Dreux;48.73;1.36;26/07/2026;01:00;18.6;0;SOLEIL;3;13.0;0
Dreux;48.73;1.36;26/07/2026;02:00;16;0;SOLEIL;5;8.6;0
Dreux;48.73;1.36;26/07/2026;03:00;16;0;SOLEIL;5;6.5;0
Dreux;48.73;1.36;26/07/2026;04:00;16;0;SOLEIL;5;5.0;0
Dreux;48.73;1.36;26/07/2026;05:00;17;0;SOLEIL;4;4.3;0
Dreux;48.73;1.36;26/07/2026;06:00;17;0;SOLEIL;4;3.6;0
Dreux;48.73;1.36;26/07/2026;07:00;17;0;SOLEIL;4;3.2;0
Dreux;48.73;1.36;26/07/2026;08:00;18.0;0;SOLEIL;5;4.3;0
Dreux;48.73;1.36;26/07/2026;09:00;19.0;0;SOLEIL;5;8.3;0
Dreux;48.73;1.36;26/07/2026;10:00;20.0;0;SOLEIL;5;13.3;0
Dreux;48.73;1.36;26/07/2026;11:00;23.5;0;SOLEIL;5;18.4;0
Dreux;48.73;1.36;26/07/2026;12:00;23.5;0;SOLEIL;5;24.3;0
Dreux;48.73;1.36;26/07/2026;13:00;23.5;0;SOLEIL;5;30.2;0
Dreux;48.73;1.36;26/07/2026;14:00;24.0;0;SOLEIL;5;35.9;0
Dreux;48.73;1.36;26/07/2026;15:00;25.0;0;SOLEIL;5;41.0;0
Dreux;48.73;1.36;26/07/2026;16:00;24.0;0;SOLEIL;5;42.8;0
Dreux;48.73;1.36;26/07/2026;17:00;23.2;6;AVERSES;5;44.6;0
Dreux;48.73;1.36;26/07/2026;18:00;23.2;6;AVERSES;5;45.7;0
Dreux;48.73;1.36;26/07/2026;19:00;23.2;6;AVERSES;5;46.8;0
Dreux;48.73;1.36;26/07/2026;20:00;20.0;0;SOLEIL;5;47.2;0
Dreux;48.73;1.36;26/07/2026;21:00;19.0;0;SOLEIL;5;47.2;0
Dreux;48.73;1.36;26/07/2026;22:00;18.0;0;SOLEIL;5;46.8;0
Dreux;48.73;1.36;26/07/2026;23:00;17.6;0;SOLEIL;4;46.1;0
Dreux;48.73;1.36;27/07/2026;00:00;17.6;0;SOLEIL;4;45.4;0
Dreux;48.73;1.36;27/07/2026;01:00;17.6;0;SOLEIL;4;44.3;0
Dreux;48.73;1.36;27/07/2026;02:00;15.7;6;AVERSES;5;43.2;0
Dreux;48.73;1.36;27/07/2026;03:00;15.7;6;AVERSES;5;41.8;0
Dreux;48.73;1.36;27/07/2026;04:00;15.7;6;AVERSES;5;40.0;0
Dreux;48.73;1.36;27/07/2026;05:00;17;0;SOLEIL;4;38.2;0
Dreux;48.73;1.36;27/07/2026;06:00;17;0;SOLEIL;4;36.7;0
Dreux;48.73;1.36;27/07/2026;07:00;17;0;SOLEIL;4;35.3;0
Dreux;48.73;1.36;27/07/2026;08:00;17.3;6;AVERSES;5;35.3;0
Dreux;48.73;1.36;27/07/2026;09:00;18.1;6;AVERSES;5;36.4;0
Dreux;48.73;1.36;27/07/2026;10:00;18.9;6;AVERSES;5;38.5;0
Dreux;48.73;1.36;27/07/2026;11:00;21.2;6;AVERSES;5;41.0;0
Dreux;48.73;1.36;27/07/2026;12:00;21.2;6;AVERSES;5;43.6;0
Dreux;48.73;1.36;27/07/2026;13:00;21.2;6;AVERSES;5;46.1;0
Dreux;48.73;1.36;27/07/2026;14:00;22.1;6;AVERSES;5;47.9;0
Dreux;48.73;1.36;27/07/2026;15:00;22.9;6;AVERSES;5;49.0;0
Dreux;48.73;1.36;27/07/2026;16:00;22.1;6;AVERSES;5;49.7;0
Dreux;48.73;1.36;27/07/2026;17:00;21.6;6;AVERSES;4;50.0;0
Dreux;48.73;1.36;27/07/2026;18:00;21.6;6;AVERSES;4;50.0;0
Dreux;48.73;1.36;27/07/2026;19:00;21.6;6;AVERSES;4;50.0;0
Dreux;48.73;1.36;27/07/2026;20:00;18.9;6;AVERSES;5;49.7;0
Dreux;48.73;1.36;27/07/2026;21:00;18.1;6;AVERSES;5;49.3;0
Dreux;48.73;1.36;27/07/2026;22:00;17.3;6;AVERSES;5;49.0;0
Dreux;48.73;1.36;27/07/2026;23:00;16.7;0;SOLEIL;3;48.6;0
Dreux;48.73;1.36;28/07/2026;00:00;16.7;0;SOLEIL;3;47.5;0
Dreux;48.73;1.36;28/07/2026;01:00;16.7;0;SOLEIL;3;46.4;0
Dreux;48.73;1.36;28/07/2026;02:00;15.1;0;SOLEIL;5;44.6;0
Dreux;48.73;1.36;28/07/2026;03:00;15.1;0;SOLEIL;5;41.8;0
Dreux;48.73;1.36;28/07/2026;04:00;15.1;0;SOLEIL;5;37.8;0
Dreux;48.73;1.36;28/07/2026;05:00;16.5;0;SOLEIL;3;33.5;0
Dreux;48.73;1.36;28/07/2026;06:00;16.5;0;SOLEIL;3;29.5;0
Dreux;48.73;1.36;28/07/2026;07:00;16.5;0;SOLEIL;3;26.3;0
Dreux;48.73;1.36;28/07/2026;08:00;16.8;0;SOLEIL;5;24.8;0
Dreux;48.73;1.36;28/07/2026;09:00;17.6;0;SOLEIL;5;25.6;0
Dreux;48.73;1.36;28/07/2026;10:00;18.4;0;SOLEIL;5;27.4;0
Dreux;48.73;1.36;28/07/2026;11:00;21;6;AVERSES;5;30.6;0
Dreux;48.73;1.36;28/07/2026;12:00;21;6;AVERSES;5;33.8;0
Dreux;48.73;1.36;28/07/2026;13:00;21;6;AVERSES;5;37.1;0
Dreux;48.73;1.36;28/07/2026;14:00;21.8;0;SOLEIL;5;39.6;0
Dreux;48.73;1.36;28/07/2026;15:00;22.6;0;SOLEIL;5;41.4;0
Dreux;48.73;1.36;28/07/2026;16:00;21.8;0;SOLEIL;5;42.8;0
Dreux;48.73;1.36;28/07/2026;17:00;21.6;0;SOLEIL;4;44.3;0
Dreux;48.73;1.36;28/07/2026;18:00;21.6;0;SOLEIL;4;45.4;0
Dreux;48.73;1.36;28/07/2026;19:00;21.6;0;SOLEIL;4;46.1;0
Dreux;48.73;1.36;28/07/2026;20:00;18.4;0;SOLEIL;5;46.4;0
Dreux;48.73;1.36;28/07/2026;21:00;17.6;0;SOLEIL;5;46.1;0
Dreux;48.73;1.36;28/07/2026;22:00;16.8;0;SOLEIL;5;45.4;0
Dreux;48.73;1.36;28/07/2026;23:00;17.1;0;SOLEIL;3;43.9;0
Dreux;48.73;1.36;29/07/2026;00:00;17.1;0;SOLEIL;3;42.5;0
Dreux;48.73;1.36;29/07/2026;01:00;17.1;0;SOLEIL;3;41.4;0
Dreux;48.73;1.36;29/07/2026;02:00;15.2;0;SOLEIL;5;40.7;0
Dreux;48.73;1.36;29/07/2026;03:00;15.2;0;SOLEIL;5;40.3;0
Dreux;48.73;1.36;29/07/2026;04:00;15.2;0;SOLEIL;5;40.3;0
Dreux;48.73;1.36;29/07/2026;05:00;;0;SOLEIL;;40.3;0
Dreux;48.73;1.36;29/07/2026;06:00;;0;SOLEIL;;40.7;0
Dreux;48.73;1.36;29/07/2026;07:00;;0;SOLEIL;;41.0;0
Dreux;48.73;1.36;29/07/2026;08:00;17.5;0;SOLEIL;5;41.4;0
Dreux;48.73;1.36;29/07/2026;09:00;18.7;0;SOLEIL;5;42.1;0
Dreux;48.73;1.36;29/07/2026;10:00;19.8;0;SOLEIL;5;43.2;0
Dreux;48.73;1.36;29/07/2026;11:00;;0;SOLEIL;;44.3;0
Dreux;48.73;1.36;29/07/2026;12:00;;0;SOLEIL;;45.4;0
Dreux;48.73;1.36;29/07/2026;13:00;;0;SOLEIL;;46.4;0
Dreux;48.73;1.36;29/07/2026;14:00;24.4;0;SOLEIL;5;46.8;0
Dreux;48.73;1.36;29/07/2026;15:00;25.6;0;SOLEIL;5;46.8;0
Dreux;48.73;1.36;29/07/2026;16:00;24.4;0;SOLEIL;5;46.8;0
Dreux;48.73;1.36;29/07/2026;17:00;;0;SOLEIL;;46.4;0
Dreux;48.73;1.36;29/07/2026;18:00;;0;SOLEIL;;46.1;0
Dreux;48.73;1.36;29/07/2026;19:00;;0;SOLEIL;;45.4;0
Dreux;48.73;1.36;29/07/2026;20:00;19.8;0;SOLEIL;5;44.3;0
Dreux;48.73;1.36;29/07/2026;21:00;18.7;0;SOLEIL;5;43.2;0
Dreux;48.73;1.36;29/07/2026;22:00;17.5;0;SOLEIL;5;41.8;0
Dreux;48.73;1.36;29/07/2026;23:00;;0;SOLEIL;;40.3;0
Dreux;48.73;1.36;30/07/2026;00:00;;0;SOLEIL;;38.5;0
Dreux;48.73;1.36;30/07/2026;01:00;;0;SOLEIL;;36.7;0
Dreux;48.73;1.36;30/07/2026;02:00;15.4;0;SOLEIL;5;34.2;0
Dreux;48.73;1.36;30/07/2026;03:00;15.4;0;SOLEIL;5;31.0;0
Dreux;48.73;1.36;30/07/2026;04:00;15.4;0;SOLEIL;5;26.6;0
Dreux;48.73;1.36;30/07/2026;05:00;;0;SOLEIL;;22.3;0
Dreux;48.73;1.36;30/07/2026;06:00;;0;SOLEIL;;18.0;0
Dreux;48.73;1.36;30/07/2026;07:00;;0;SOLEIL;;14.8;0
Dreux;48.73;1.36;30/07/2026;08:00;18.0;0;SOLEIL;5;13.0;0
Dreux;48.73;1.36;30/07/2026;09:00;19.2;0;SOLEIL;5;13.0;0
Dreux;48.73;1.36;30/07/2026;10:00;20.5;0;SOLEIL;5;14.0;0
Dreux;48.73;1.36;30/07/2026;11:00;;0;SOLEIL;;16.2;0
Dreux;48.73;1.36;30/07/2026;12:00;;0;SOLEIL;;18.7;0
Dreux;48.73;1.36;30/07/2026;13:00;;0;SOLEIL;;21.2;0
Dreux;48.73;1.36;30/07/2026;14:00;25.6;0;SOLEIL;5;23.4;0
Dreux;48.73;1.36;30/07/2026;15:00;26.9;0;SOLEIL;5;25.2;0
Dreux;48.73;1.36;30/07/2026;16:00;25.6;0;SOLEIL;5;27.0;0
Dreux;48.73;1.36;30/07/2026;17:00;;0;SOLEIL;;28.4;0
Dreux;48.73;1.36;30/07/2026;18:00;;0;SOLEIL;;30.2;0
Dreux;48.73;1.36;30/07/2026;19:00;;0;SOLEIL;;31.3;0
Dreux;48.73;1.36;30/07/2026;20:00;20.5;0;SOLEIL;5;32.4;0
Dreux;48.73;1.36;30/07/2026;21:00;19.2;0;SOLEIL;5;33.1;0
Dreux;48.73;1.36;30/07/2026;22:00;18.0;0;SOLEIL;5;33.5;0
Dreux;48.73;1.36;30/07/2026;23:00;;0;SOLEIL;;33.8;0
Dreux;48.73;1.36;31/07/2026;00:00;;0;SOLEIL;;33.8;0
Dreux;48.73;1.36;31/07/2026;01:00;;0;SOLEIL;;33.5;0
Dreux;48.73;1.36;31/07/2026;02:00;15;0;SOLEIL;5;32.4;0
Dreux;48.73;1.36;31/07/2026;03:00;15;0;SOLEIL;5;30.6;0
Dreux;48.73;1.36;31/07/2026;04:00;15;0;SOLEIL;5;27.7;0
Dreux;48.73;1.36;31/07/2026;05:00;;0;SOLEIL;;24.8;0
Dreux;48.73;1.36;31/07/2026;06:00;;0;SOLEIL;;21.6;0
Dreux;48.73;1.36;31/07/2026;07:00;;0;SOLEIL;;19.1;0
Dreux;48.73;1.36;31/07/2026;08:00;17.6;0;SOLEIL;5;17.3;0
Dreux;48.73;1.36;31/07/2026;09:00;18.9;0;SOLEIL;5;16.6;0
Dreux;48.73;1.36;31/07/2026;10:00;20.2;0;SOLEIL;5;16.2;0
Dreux;48.73;1.36;31/07/2026;11:00;;0;SOLEIL;;16.6;0
Dreux;48.73;1.36;31/07/2026;12:00;;0;SOLEIL;;17.3;0
Dreux;48.73;1.36;31/07/2026;13:00;;0;SOLEIL;;17.6;0
Dreux;48.73;1.36;31/07/2026;14:00;25.3;0;SOLEIL;5;18.4;0
Dreux;48.73;1.36;31/07/2026;15:00;26.6;0;SOLEIL;5;18.7;0
Dreux;48.73;1.36;31/07/2026;16:00;25.3;0;SOLEIL;5;19.4;0
Dreux;48.73;1.36;31/07/2026;17:00;;0;SOLEIL;;20.2;0
Dreux;48.73;1.36;31/07/2026;18:00;;0;SOLEIL;;20.9;0
Dreux;48.73;1.36;31/07/2026;19:00;;0;SOLEIL;;21.6;0
Dreux;48.73;1.36;31/07/2026;20:00;20.2;0;SOLEIL;5;22.7;0
Dreux;48.73;1.36;31/07/2026;21:00;18.9;0;SOLEIL;5;23.8;0
Dreux;48.73;1.36;31/07/2026;22:00;17.6;0;SOLEIL;5;25.2;0
Dreux;48.73;1.36;31/07/2026;23:00;;0;SOLEIL;;27.0;0
Dreux;48.73;1.36;01/08/2026;00:00;;0;SOLEIL;;28.4;0
Dreux;48.73;1.36;01/08/2026;01:00;;0;SOLEIL;;29.5;0
Dreux;48.73;1.36;01/08/2026;02:00;15;0;SOLEIL;5;30.2;0
Dreux;48.73;1.36;01/08/2026;03:00;15;0;SOLEIL;5;30.6;0
Dreux;48.73;1.36;01/08/2026;04:00;15;0;SOLEIL;5;30.2;0
Dreux;48.73;1.36;01/08/2026;05:00;;0;SOLEIL;;29.9;0
Dreux;48.73;1.36;01/08/2026;06:00;;0;SOLEIL;;29.2;0
Dreux;48.73;1.36;01/08/2026;07:00;;0;SOLEIL;;28.4;0
Dreux;48.73;1.36;01/08/2026;08:00;17.5;0;SOLEIL;5;27.7;0
Dreux;48.73;1.36;01/08/2026;09:00;18.8;0;SOLEIL;5;27.0;0
Dreux;48.73;1.36;01/08/2026;10:00;20.1;0;SOLEIL;5;25.9;0
Dreux;48.73;1.36;01/08/2026;11:00;;0;SOLEIL;;25.2;0
Dreux;48.73;1.36;01/08/2026;12:00;;0;SOLEIL;;24.1;0
Dreux;48.73;1.36;01/08/2026;13:00;;0;SOLEIL;;23.4;0
Dreux;48.73;1.36;01/08/2026;14:00;25.1;0;SOLEIL;5;22.7;0
Dreux;48.73;1.36;01/08/2026;15:00;26.4;0;SOLEIL;5;22.3;0
Dreux;48.73;1.36;01/08/2026;16:00;25.1;0;SOLEIL;5;22.0;0
Dreux;48.73;1.36;01/08/2026;17:00;;0;SOLEIL;;22.0;0
Dreux;48.73;1.36;01/08/2026;18:00;;0;SOLEIL;;22.3;0
Dreux;48.73;1.36;01/08/2026;19:00;;0;SOLEIL;;22.3;0
Dreux;48.73;1.36;01/08/2026;20:00;20.1;0;SOLEIL;5;22.7;0
Dreux;48.73;1.36;01/08/2026;21:00;18.8;0;SOLEIL;5;23.4;0
Dreux;48.73;1.36;01/08/2026;22:00;17.5;0;SOLEIL;5;24.5;0
Dreux;48.73;1.36;01/08/2026;23:00;;0;SOLEIL;;25.6;0
Dreux;48.73;1.36;02/08/2026;00:00;;0;SOLEIL;;26.6;0
Dreux;48.73;1.36;02/08/2026;01:00;;0;SOLEIL;;27.4;0
Dreux;48.73;1.36;02/08/2026;02:00;15.1;0;SOLEIL;5;27.4;0
Dreux;48.73;1.36;02/08/2026;03:00;15.1;0;SOLEIL;5;26.6;0
Dreux;48.73;1.36;02/08/2026;04:00;15.1;0;SOLEIL;5;25.2;0
Dreux;48.73;1.36;02/08/2026;05:00;;0;SOLEIL;;23.4;0
Dreux;48.73;1.36;02/08/2026;06:00;;0;SOLEIL;;21.2;0
Dreux;48.73;1.36;02/08/2026;07:00;;0;SOLEIL;;19.4;0
Dreux;48.73;1.36;02/08/2026;08:00;17.5;0;SOLEIL;5;18.4;0
Dreux;48.73;1.36;02/08/2026;09:00;18.6;0;SOLEIL;5;17.6;0
Dreux;48.73;1.36;02/08/2026;10:00;19.8;0;SOLEIL;5;16.9;0
Dreux;48.73;1.36;02/08/2026;11:00;;0;SOLEIL;;16.9;0
Dreux;48.73;1.36;02/08/2026;12:00;;0;SOLEIL;;16.6;0
Dreux;48.73;1.36;02/08/2026;13:00;;0;SOLEIL;;16.6;0
Dreux;48.73;1.36;02/08/2026;14:00;24.5;0;SOLEIL;5;16.6;0
Dreux;48.73;1.36;02/08/2026;15:00;25.7;0;SOLEIL;5;16.6;0
Dreux;48.73;1.36;02/08/2026;16:00;24.5;0;SOLEIL;5;16.9;0
Dreux;48.73;1.36;02/08/2026;17:00;;0;SOLEIL;;17.6;0
Dreux;48.73;1.36;02/08/2026;18:00;;0;SOLEIL;;18.0;0
Dreux;48.73;1.36;02/08/2026;19:00;;0;SOLEIL;;18.4;0
Dreux;48.73;1.36;02/08/2026;20:00;19.8;0;SOLEIL;5;18.4;0
Dreux;48.73;1.36;02/08/2026;21:00;18.6;0;SOLEIL;5;18.0;0
Dreux;48.73;1.36;02/08/2026;22:00;17.5;0;SOLEIL;5;17.3;0
Dreux;48.73;1.36;02/08/2026;23:00;16.3;0;SOLEIL;5;16.6;0
Dreux;48.73;1.36;03/08/2026;00:00;12;0;SOLEIL;5;18.9;0
Dreux;48.73;1.36;03/08/2026;01:00;12;0;SOLEIL;5;22.9;0
Dreux;48.73;1.36;03/08/2026;02:00;12;0;SOLEIL;5;27.7;0
Dreux;48.73;1.36;03/08/2026;03:00;12;0;SOLEIL;5;32.4;0
Dreux;48.73;1.36;03/08/2026;04:00;12;0;SOLEIL;5;31.7;0
Dreux;48.73;1.36;03/08/2026;05:00;12;0;SOLEIL;5;29.5;0
Dreux;48.73;1.36;03/08/2026;06:00;12;0;SOLEIL;5;23.8;0
Dreux;48.73;1.36;03/08/2026;07:00;13.1;0;SOLEIL;5;16.6;0
Dreux;48.73;1.36;03/08/2026;08:00;14.2;0;SOLEIL;5;11.9;0
Dreux;48.73;1.36;03/08/2026;09:00;15.3;0;SOLEIL;5;11.9;0
Dreux;48.73;1.36;03/08/2026;10:00;16.4;0;SOLEIL;5;14.8;0
Dreux;48.73;1.36;03/08/2026;11:00;17.6;0;SOLEIL;5;18.0;0
Dreux;48.73;1.36;03/08/2026;12:00;18.7;0;SOLEIL;5;22.0;0
Dreux;48.73;1.36;03/08/2026;13:00;19.8;0;SOLEIL;5;26.6;0
Dreux;48.73;1.36;03/08/2026;14:00;20.9;0;SOLEIL;5;30.2;0
Dreux;48.73;1.36;03/08/2026;15:00;22.0;0;SOLEIL;5;32.4;0
Dreux;48.73;1.36;03/08/2026;16:00;20.9;0;SOLEIL;5;33.8;0
Dreux;48.73;1.36;03/08/2026;17:00;19.8;0;SOLEIL;5;33.5;0
Dreux;48.73;1.36;03/08/2026;18:00;18.7;0;SOLEIL;5;29.9;0
Dreux;48.73;1.36;03/08/2026;19:00;17.6;0;SOLEIL;5;24.8;0
Dreux;48.73;1.36;03/08/2026;20:00;16.4;0;SOLEIL;5;23.0;0
Dreux;48.73;1.36;03/08/2026;21:00;15.3;0;SOLEIL;5;28.4;0
Dreux;48.73;1.36;03/08/2026;22:00;14.2;0;SOLEIL;5;37.1;0
Dreux;48.73;1.36;03/08/2026;23:00;13.1;0;SOLEIL;5;42.8;0
Dreux;48.73;1.36;04/08/2026;00:00;12;0;SOLEIL;5;0.0;0
Dreux;48.73;1.36;04/08/2026;01:00;12;0;SOLEIL;5;0.0;0
Dreux;48.73;1.36;04/08/2026;02:00;12;0;SOLEIL;5;0.0;0
Dreux;48.73;1.36;04/08/2026;03:00;12;0;SOLEIL;5;0.0;0
Dreux;48.73;1.36;04/08/2026;04:00;12;0;SOLEIL;5;0.0;0
Dreux;48.73;1.36;04/08/2026;05:00;12;0;SOLEIL;5;0.0;0
Dreux;48.73;1.36;04/08/2026;06:00;12;0;SOLEIL;5;0.0;0
Dreux;48.73;1.36;04/08/2026;07:00;13.1;0;SOLEIL;5;0.0;0
Dreux;48.73;1.36;04/08/2026;08:00;14.2;0;SOLEIL;5;0.0;0
Dreux;48.73;1.36;04/08/2026;09:00;15.3;0;SOLEIL;5;0.0;0
Dreux;48.73;1.36;04/08/2026;10:00;16.4;0;SOLEIL;5;0.0;0
Dreux;48.73;1.36;04/08/2026;11:00;17.6;0;SOLEIL;5;0.0;0
Dreux;48.73;1.36;04/08/2026;12:00;18.7;0;SOLEIL;5;0.0;0
Dreux;48.73;1.36;04/08/2026;13:00;19.8;0;SOLEIL;5;0.0;0
Dreux;48.73;1.36;04/08/2026;14:00;20.9;0;SOLEIL;5;0.0;0
Dreux;48.73;1.36;04/08/2026;15:00;22.0;0;SOLEIL;5;0.0;0
Dreux;48.73;1.36;04/08/2026;16:00;20.9;0;SOLEIL;5;0.0;0
Dreux;48.73;1.36;04/08/2026;17:00;19.8;0;SOLEIL;5;0.0;0
Dreux;48.73;1.36;04/08/2026;18:00;18.7;0;SOLEIL;5;0.0;0
Dreux;48.73;1.36;04/08/2026;19:00;17.6;0;SOLEIL;5;0.0;0
Dreux;48.73;1.36;04/08/2026;20:00;16.4;0;SOLEIL;5;0.0;0
Dreux;48.73;1.36;04/08/2026;21:00;15.3;0;SOLEIL;5;0.0;0
Dreux;48.73;1.36;04/08/2026;22:00;14.2;0;SOLEIL;5;0.0;0
Dreux;48.73;1.36;04/08/2026;23:00;13.1;0;SOLEIL;5;0.0;0
Nogent-le-Rotrou;48.32;0.82;20/07/2026;00:00;14.6;0;SOLEIL;4;23.4;0
Nogent-le-Rotrou;48.32;0.82;20/07/2026;01:00;13.6;0;SOLEIL;4;21.2;0
Nogent-le-Rotrou;48.32;0.82;20/07/2026;02:00;13;0;SOLEIL;3;20.2;0
Nogent-le-Rotrou;48.32;0.82;20/07/2026;03:00;12.2;0;SOLEIL;3;17.3;0
Nogent-le-Rotrou;48.32;0.82;20/07/2026;04:00;11.6;0;SOLEIL;3;18.4;0
Nogent-le-Rotrou;48.32;0.82;20/07/2026;05:00;11.9;0;SOLEIL;3;18.4;0
Nogent-le-Rotrou;48.32;0.82;20/07/2026;06:00;13.7;0;SOLEIL;3;16.9;0
Nogent-le-Rotrou;48.32;0.82;20/07/2026;07:00;14.7;0;SOLEIL;4;14.0;0
Nogent-le-Rotrou;48.32;0.82;20/07/2026;08:00;16.9;0;SOLEIL;4;16.6;0
Nogent-le-Rotrou;48.32;0.82;20/07/2026;09:00;18.6;0;SOLEIL;4;21.6;0
Nogent-le-Rotrou;48.32;0.82;20/07/2026;10:00;20.1;0;SOLEIL;4;29.2;0
Nogent-le-Rotrou;48.32;0.82;20/07/2026;11:00;21.9;0;SOLEIL;4;32.4;0
Nogent-le-Rotrou;48.32;0.82;20/07/2026;12:00;23.2;0;SOLEIL;5;34.6;0
Nogent-le-Rotrou;48.32;0.82;20/07/2026;13:00;24.6;0;SOLEIL;5;33.5;0
Nogent-le-Rotrou;48.32;0.82;20/07/2026;14:00;25.4;5;SOLEIL VOILÉ;5;34.9;0
Nogent-le-Rotrou;48.32;0.82;20/07/2026;15:00;25.1;0;SOLEIL;5;35.3;0
Nogent-le-Rotrou;48.32;0.82;20/07/2026;16:00;25.6;0;SOLEIL;5;38.9;0
Nogent-le-Rotrou;48.32;0.82;20/07/2026;17:00;25.1;0;SOLEIL;5;33.5;0
Nogent-le-Rotrou;48.32;0.82;20/07/2026;18:00;24;0;SOLEIL;5;41.0;0
Nogent-le-Rotrou;48.32;0.82;20/07/2026;19:00;22.7;0;SOLEIL;4;33.8;0
Nogent-le-Rotrou;48.32;0.82;20/07/2026;20:00;20.5;0;SOLEIL;4;36.7;0
Nogent-le-Rotrou;48.32;0.82;20/07/2026;21:00;18.7;0;SOLEIL;4;30.2;0
Nogent-le-Rotrou;48.32;0.82;20/07/2026;22:00;17.5;0;SOLEIL;4;28.1;0
Nogent-le-Rotrou;48.32;0.82;20/07/2026;23:00;16.1;0;SOLEIL;4;33.8;0
Nogent-le-Rotrou;48.32;0.82;21/07/2026;00:00;15.1;0;SOLEIL;4;29.9;0
Nogent-le-Rotrou;48.32;0.82;21/07/2026;01:00;15.1;0;SOLEIL;4;25.9;0
Nogent-le-Rotrou;48.32;0.82;21/07/2026;02:00;12.5;0;SOLEIL;4;22.3;0
Nogent-le-Rotrou;48.32;0.82;21/07/2026;03:00;12.5;0;SOLEIL;4;21.6;0
Nogent-le-Rotrou;48.32;0.82;21/07/2026;04:00;12.5;0;SOLEIL;4;18.7;0
Nogent-le-Rotrou;48.32;0.82;21/07/2026;05:00;13.5;0;SOLEIL;4;16.6;0
Nogent-le-Rotrou;48.32;0.82;21/07/2026;06:00;13.5;0;SOLEIL;4;16.9;0
Nogent-le-Rotrou;48.32;0.82;21/07/2026;07:00;13.5;0;SOLEIL;4;18.4;0
Nogent-le-Rotrou;48.32;0.82;21/07/2026;08:00;20.6;0;SOLEIL;4;21.2;0
Nogent-le-Rotrou;48.32;0.82;21/07/2026;09:00;20.6;0;SOLEIL;4;24.8;0
Nogent-le-Rotrou;48.32;0.82;21/07/2026;10:00;20.6;0;SOLEIL;4;26.6;0
Nogent-le-Rotrou;48.32;0.82;21/07/2026;11:00;24.6;0;SOLEIL;4;28.8;0
Nogent-le-Rotrou;48.32;0.82;21/07/2026;12:00;24.6;0;SOLEIL;4;30.7;0
Nogent-le-Rotrou;48.32;0.82;21/07/2026;13:00;24.6;0;SOLEIL;4;32.4;0
Nogent-le-Rotrou;48.32;0.82;21/07/2026;14:00;26.4;0;SOLEIL;5;33.6;0
Nogent-le-Rotrou;48.32;0.82;21/07/2026;15:00;26.4;0;SOLEIL;5;36.0;0
Nogent-le-Rotrou;48.32;0.82;21/07/2026;16:00;26.4;0;SOLEIL;5;37.1;0
Nogent-le-Rotrou;48.32;0.82;21/07/2026;17:00;26.2;0;SOLEIL;5;37.4;0
Nogent-le-Rotrou;48.32;0.82;21/07/2026;18:00;26.2;0;SOLEIL;5;37.4;0
Nogent-le-Rotrou;48.32;0.82;21/07/2026;19:00;26.2;0;SOLEIL;5;36.7;0
Nogent-le-Rotrou;48.32;0.82;21/07/2026;20:00;20.2;0;SOLEIL;4;36.4;0
Nogent-le-Rotrou;48.32;0.82;21/07/2026;21:00;20.2;0;SOLEIL;4;34.9;0
Nogent-le-Rotrou;48.32;0.82;21/07/2026;22:00;20.2;0;SOLEIL;4;29.9;0
Nogent-le-Rotrou;48.32;0.82;21/07/2026;23:00;16.4;0;SOLEIL;3;19.1;0
Nogent-le-Rotrou;48.32;0.82;22/07/2026;00:00;16.4;0;SOLEIL;3;16.9;0
Nogent-le-Rotrou;48.32;0.82;22/07/2026;01:00;16.4;0;SOLEIL;3;18.4;0
Nogent-le-Rotrou;48.32;0.82;22/07/2026;02:00;13.4;0;SOLEIL;2;17.3;0
Nogent-le-Rotrou;48.32;0.82;22/07/2026;03:00;13.4;0;SOLEIL;2;11.9;0
Nogent-le-Rotrou;48.32;0.82;22/07/2026;04:00;13.4;0;SOLEIL;2;9.7;0
Nogent-le-Rotrou;48.32;0.82;22/07/2026;05:00;14.1;0;SOLEIL;3;8.3;0
Nogent-le-Rotrou;48.32;0.82;22/07/2026;06:00;14.1;0;SOLEIL;3;8.6;0
Nogent-le-Rotrou;48.32;0.82;22/07/2026;07:00;14.1;0;SOLEIL;3;8.6;0
Nogent-le-Rotrou;48.32;0.82;22/07/2026;08:00;21.1;0;SOLEIL;3;10.1;0
Nogent-le-Rotrou;48.32;0.82;22/07/2026;09:00;21.1;0;SOLEIL;3;22.0;0
Nogent-le-Rotrou;48.32;0.82;22/07/2026;10:00;21.1;0;SOLEIL;3;27.0;0
Nogent-le-Rotrou;48.32;0.82;22/07/2026;11:00;25.4;0;SOLEIL;3;28.8;0
Nogent-le-Rotrou;48.32;0.82;22/07/2026;12:00;25.4;0;SOLEIL;3;29.9;0
Nogent-le-Rotrou;48.32;0.82;22/07/2026;13:00;25.4;0;SOLEIL;3;32.0;0
Nogent-le-Rotrou;48.32;0.82;22/07/2026;14:00;26.7;0;SOLEIL;4;32.0;0
Nogent-le-Rotrou;48.32;0.82;22/07/2026;15:00;26.7;0;SOLEIL;4;32.0;0
Nogent-le-Rotrou;48.32;0.82;22/07/2026;16:00;26.7;0;SOLEIL;4;32.0;0
Nogent-le-Rotrou;48.32;0.82;22/07/2026;17:00;26.2;0;SOLEIL;4;32.0;0
Nogent-le-Rotrou;48.32;0.82;22/07/2026;18:00;26.2;0;SOLEIL;4;33.1;0
Nogent-le-Rotrou;48.32;0.82;22/07/2026;19:00;26.2;0;SOLEIL;4;34.6;0
Nogent-le-Rotrou;48.32;0.82;22/07/2026;20:00;19.1;0;SOLEIL;5;34.6;0
Nogent-le-Rotrou;48.32;0.82;22/07/2026;21:00;17.5;0;SOLEIL;5;31.7;0
Nogent-le-Rotrou;48.32;0.82;22/07/2026;22:00;15.9;0;SOLEIL;5;27.0;0
Nogent-le-Rotrou;48.32;0.82;22/07/2026;23:00;18.1;0;SOLEIL;3;22.7;0
Nogent-le-Rotrou;48.32;0.82;23/07/2026;00:00;18.1;0;SOLEIL;3;19.4;0
Nogent-le-Rotrou;48.32;0.82;23/07/2026;01:00;18.1;0;SOLEIL;3;16.6;0
Nogent-le-Rotrou;48.32;0.82;23/07/2026;02:00;14.7;0;SOLEIL;5;14.4;0
Nogent-le-Rotrou;48.32;0.82;23/07/2026;03:00;14.7;0;SOLEIL;5;12.6;0
Nogent-le-Rotrou;48.32;0.82;23/07/2026;04:00;14.7;0;SOLEIL;5;11.2;0
Nogent-le-Rotrou;48.32;0.82;23/07/2026;05:00;16.9;0;SOLEIL;2;10.1;0
Nogent-le-Rotrou;48.32;0.82;23/07/2026;06:00;16.9;0;SOLEIL;2;8.6;0
Nogent-le-Rotrou;48.32;0.82;23/07/2026;07:00;16.9;0;SOLEIL;2;7.6;0
Nogent-le-Rotrou;48.32;0.82;23/07/2026;08:00;17.9;0;SOLEIL;5;8.6;0
Nogent-le-Rotrou;48.32;0.82;23/07/2026;09:00;19.5;0;SOLEIL;5;13.7;0
Nogent-le-Rotrou;48.32;0.82;23/07/2026;10:00;21.1;0;SOLEIL;5;20.5;0
Nogent-le-Rotrou;48.32;0.82;23/07/2026;11:00;27;0;SOLEIL;3;26.6;0
Nogent-le-Rotrou;48.32;0.82;23/07/2026;12:00;27;0;SOLEIL;3;30.6;0
Nogent-le-Rotrou;48.32;0.82;23/07/2026;13:00;27;0;SOLEIL;3;33.1;0
Nogent-le-Rotrou;48.32;0.82;23/07/2026;14:00;27.5;0;SOLEIL;5;35.3;0
Nogent-le-Rotrou;48.32;0.82;23/07/2026;15:00;29.1;0;SOLEIL;5;36.7;0
Nogent-le-Rotrou;48.32;0.82;23/07/2026;16:00;27.5;0;SOLEIL;5;37.1;0
Nogent-le-Rotrou;48.32;0.82;23/07/2026;17:00;27.1;0;SOLEIL;4;37.4;0
Nogent-le-Rotrou;48.32;0.82;23/07/2026;18:00;27.1;0;SOLEIL;4;37.8;0
Nogent-le-Rotrou;48.32;0.82;23/07/2026;19:00;27.1;0;SOLEIL;4;37.8;0
Nogent-le-Rotrou;48.32;0.82;23/07/2026;20:00;21.1;0;SOLEIL;5;36.0;0
Nogent-le-Rotrou;48.32;0.82;23/07/2026;21:00;19.5;0;SOLEIL;5;30.6;0
Nogent-le-Rotrou;48.32;0.82;23/07/2026;22:00;17.9;0;SOLEIL;5;23.4;0
Nogent-le-Rotrou;48.32;0.82;23/07/2026;23:00;17.5;0;SOLEIL;3;17.6;0
Nogent-le-Rotrou;48.32;0.82;24/07/2026;00:00;17.5;0;SOLEIL;3;14.4;0
Nogent-le-Rotrou;48.32;0.82;24/07/2026;01:00;17.5;0;SOLEIL;3;12.6;0
Nogent-le-Rotrou;48.32;0.82;24/07/2026;02:00;13.7;0;SOLEIL;5;10.8;0
Nogent-le-Rotrou;48.32;0.82;24/07/2026;03:00;13.7;0;SOLEIL;5;9.0;0
Nogent-le-Rotrou;48.32;0.82;24/07/2026;04:00;13.7;0;SOLEIL;5;7.2;0
Nogent-le-Rotrou;48.32;0.82;24/07/2026;05:00;15.4;0;SOLEIL;2;6.1;0
Nogent-le-Rotrou;48.32;0.82;24/07/2026;06:00;15.4;0;SOLEIL;2;6.1;0
Nogent-le-Rotrou;48.32;0.82;24/07/2026;07:00;15.4;0;SOLEIL;2;6.3;0
Nogent-le-Rotrou;48.32;0.82;24/07/2026;08:00;17.2;0;SOLEIL;5;6.6;0
Nogent-le-Rotrou;48.32;0.82;24/07/2026;09:00;19.0;0;SOLEIL;5;9.0;0
Nogent-le-Rotrou;48.32;0.82;24/07/2026;10:00;20.7;0;SOLEIL;5;14.4;0
Nogent-le-Rotrou;48.32;0.82;24/07/2026;11:00;27;0;SOLEIL;3;18.7;0
Nogent-le-Rotrou;48.32;0.82;24/07/2026;12:00;27;0;SOLEIL;3;21.2;0
Nogent-le-Rotrou;48.32;0.82;24/07/2026;13:00;27;0;SOLEIL;3;22.3;0
Nogent-le-Rotrou;48.32;0.82;24/07/2026;14:00;27.7;0;SOLEIL;5;23.0;0
Nogent-le-Rotrou;48.32;0.82;24/07/2026;15:00;29.5;0;SOLEIL;5;23.0;0
Nogent-le-Rotrou;48.32;0.82;24/07/2026;16:00;27.7;0;SOLEIL;5;22.3;0
Nogent-le-Rotrou;48.32;0.82;24/07/2026;17:00;27.7;0;SOLEIL;3;21.6;0
Nogent-le-Rotrou;48.32;0.82;24/07/2026;18:00;27.7;0;SOLEIL;3;20.9;0
Nogent-le-Rotrou;48.32;0.82;24/07/2026;19:00;27.7;0;SOLEIL;3;19.8;0
Nogent-le-Rotrou;48.32;0.82;24/07/2026;20:00;20.7;0;SOLEIL;5;19.1;0
Nogent-le-Rotrou;48.32;0.82;24/07/2026;21:00;19.0;0;SOLEIL;5;19.1;0
Nogent-le-Rotrou;48.32;0.82;24/07/2026;22:00;17.2;0;SOLEIL;5;19.1;0
Nogent-le-Rotrou;48.32;0.82;24/07/2026;23:00;18.9;0;SOLEIL;3;18.4;0
Nogent-le-Rotrou;48.32;0.82;25/07/2026;00:00;18.9;0;SOLEIL;3;15.5;0
Nogent-le-Rotrou;48.32;0.82;25/07/2026;01:00;18.9;0;SOLEIL;3;11.9;0
Nogent-le-Rotrou;48.32;0.82;25/07/2026;02:00;16.4;0;SOLEIL;5;9.0;0
Nogent-le-Rotrou;48.32;0.82;25/07/2026;03:00;16.4;0;SOLEIL;5;7.9;0
Nogent-le-Rotrou;48.32;0.82;25/07/2026;04:00;16.4;0;SOLEIL;5;7.6;0
Nogent-le-Rotrou;48.32;0.82;25/07/2026;05:00;17.5;0;SOLEIL;2;7.2;0
Nogent-le-Rotrou;48.32;0.82;25/07/2026;06:00;17.5;0;SOLEIL;2;6.5;0
Nogent-le-Rotrou;48.32;0.82;25/07/2026;07:00;17.5;0;SOLEIL;2;6.1;0
Nogent-le-Rotrou;48.32;0.82;25/07/2026;08:00;19.4;0;SOLEIL;5;6.8;0
Nogent-le-Rotrou;48.32;0.82;25/07/2026;09:00;20.8;0;SOLEIL;5;9.7;0
Nogent-le-Rotrou;48.32;0.82;25/07/2026;10:00;22.3;0;SOLEIL;5;13.7;0
Nogent-le-Rotrou;48.32;0.82;25/07/2026;11:00;28.2;0;SOLEIL;3;18.0;0
Nogent-le-Rotrou;48.32;0.82;25/07/2026;12:00;28.2;0;SOLEIL;3;22.0;0
Nogent-le-Rotrou;48.32;0.82;25/07/2026;13:00;28.2;0;SOLEIL;3;25.9;0
Nogent-le-Rotrou;48.32;0.82;25/07/2026;14:00;28.2;0;SOLEIL;5;29.2;0
Nogent-le-Rotrou;48.32;0.82;25/07/2026;15:00;29.7;0;SOLEIL;5;31.7;0
Nogent-le-Rotrou;48.32;0.82;25/07/2026;16:00;28.2;0;SOLEIL;5;33.5;0
Nogent-le-Rotrou;48.32;0.82;25/07/2026;17:00;25.6;0;SOLEIL;5;34.9;0
Nogent-le-Rotrou;48.32;0.82;25/07/2026;18:00;25.6;0;SOLEIL;5;36.4;0
Nogent-le-Rotrou;48.32;0.82;25/07/2026;19:00;25.6;0;SOLEIL;5;37.4;0
Nogent-le-Rotrou;48.32;0.82;25/07/2026;20:00;22.3;0;SOLEIL;5;36.4;0
Nogent-le-Rotrou;48.32;0.82;25/07/2026;21:00;20.8;0;SOLEIL;5;32.0;0
Nogent-le-Rotrou;48.32;0.82;25/07/2026;22:00;19.4;0;SOLEIL;5;25.9;0
Nogent-le-Rotrou;48.32;0.82;25/07/2026;23:00;19.1;0;SOLEIL;3;20.5;0
Nogent-le-Rotrou;48.32;0.82;26/07/2026;00:00;19.1;0;SOLEIL;3;16.2;0
Nogent-le-Rotrou;48.32;0.82;26/07/2026;01:00;19.1;0;SOLEIL;3;12.2;0
Nogent-le-Rotrou;48.32;0.82;26/07/2026;02:00;16.2;6;AVERSES;5;9.7;0
Nogent-le-Rotrou;48.32;0.82;26/07/2026;03:00;16.2;6;AVERSES;5;9.0;0
Nogent-le-Rotrou;48.32;0.82;26/07/2026;04:00;16.2;6;AVERSES;5;9.4;0
Nogent-le-Rotrou;48.32;0.82;26/07/2026;05:00;17.2;0;SOLEIL;3;9.7;0
Nogent-le-Rotrou;48.32;0.82;26/07/2026;06:00;17.2;0;SOLEIL;3;9.4;0
Nogent-le-Rotrou;48.32;0.82;26/07/2026;07:00;17.2;0;SOLEIL;3;9.4;0
Nogent-le-Rotrou;48.32;0.82;26/07/2026;08:00;18.4;6;AVERSES;5;10.4;0
Nogent-le-Rotrou;48.32;0.82;26/07/2026;09:00;19.5;6;AVERSES;5;13.7;0
Nogent-le-Rotrou;48.32;0.82;26/07/2026;10:00;20.6;6;AVERSES;5;18.0;0
Nogent-le-Rotrou;48.32;0.82;26/07/2026;11:00;24.4;0;SOLEIL;5;22.0;0
Nogent-le-Rotrou;48.32;0.82;26/07/2026;12:00;24.4;0;SOLEIL;5;26.9;0
Nogent-le-Rotrou;48.32;0.82;26/07/2026;13:00;24.4;0;SOLEIL;5;32.4;0
Nogent-le-Rotrou;48.32;0.82;26/07/2026;14:00;25.0;6;AVERSES;5;37.5;0
Nogent-le-Rotrou;48.32;0.82;26/07/2026;15:00;26.1;6;AVERSES;5;42.1;0
Nogent-le-Rotrou;48.32;0.82;26/07/2026;16:00;25.0;6;AVERSES;5;43.6;0
Nogent-le-Rotrou;48.32;0.82;26/07/2026;17:00;23.9;6;AVERSES;5;44.6;0
Nogent-le-Rotrou;48.32;0.82;26/07/2026;18:00;23.9;6;AVERSES;5;45.4;0
Nogent-le-Rotrou;48.32;0.82;26/07/2026;19:00;23.9;6;AVERSES;5;45.7;0
Nogent-le-Rotrou;48.32;0.82;26/07/2026;20:00;20.6;6;AVERSES;5;45.7;0
Nogent-le-Rotrou;48.32;0.82;26/07/2026;21:00;19.5;6;AVERSES;5;45.7;0
Nogent-le-Rotrou;48.32;0.82;26/07/2026;22:00;18.4;6;AVERSES;5;45.4;0
Nogent-le-Rotrou;48.32;0.82;26/07/2026;23:00;18.6;6;AVERSES;3;44.6;0
Nogent-le-Rotrou;48.32;0.82;27/07/2026;00:00;18.6;6;AVERSES;3;43.6;0
Nogent-le-Rotrou;48.32;0.82;27/07/2026;01:00;18.6;6;AVERSES;3;42.5;0
Nogent-le-Rotrou;48.32;0.82;27/07/2026;02:00;16.1;0;SOLEIL;5;41.0;0
Nogent-le-Rotrou;48.32;0.82;27/07/2026;03:00;16.1;0;SOLEIL;5;38.9;0
Nogent-le-Rotrou;48.32;0.82;27/07/2026;04:00;16.1;0;SOLEIL;5;36.0;0
Nogent-le-Rotrou;48.32;0.82;27/07/2026;05:00;17.2;0;SOLEIL;4;33.1;0
Nogent-le-Rotrou;48.32;0.82;27/07/2026;06:00;17.2;0;SOLEIL;4;30.2;0
Nogent-le-Rotrou;48.32;0.82;27/07/2026;07:00;17.2;0;SOLEIL;4;28.4;0
Nogent-le-Rotrou;48.32;0.82;27/07/2026;08:00;18.0;0;SOLEIL;5;27.7;0
Nogent-le-Rotrou;48.32;0.82;27/07/2026;09:00;18.9;0;SOLEIL;5;28.8;0
Nogent-le-Rotrou;48.32;0.82;27/07/2026;10:00;19.9;0;SOLEIL;5;31.3;0
Nogent-le-Rotrou;48.32;0.82;27/07/2026;11:00;23.5;6;AVERSES;5;34.9;0
Nogent-le-Rotrou;48.32;0.82;27/07/2026;12:00;23.5;6;AVERSES;5;38.5;0
Nogent-le-Rotrou;48.32;0.82;27/07/2026;13:00;23.5;6;AVERSES;5;41.8;0
Nogent-le-Rotrou;48.32;0.82;27/07/2026;14:00;23.7;0;SOLEIL;5;43.9;0
Nogent-le-Rotrou;48.32;0.82;27/07/2026;15:00;24.6;0;SOLEIL;5;45.0;0
Nogent-le-Rotrou;48.32;0.82;27/07/2026;16:00;23.7;0;SOLEIL;5;46.1;0
Nogent-le-Rotrou;48.32;0.82;27/07/2026;17:00;22.1;6;AVERSES;5;46.4;0
Nogent-le-Rotrou;48.32;0.82;27/07/2026;18:00;22.1;6;AVERSES;5;46.4;0
Nogent-le-Rotrou;48.32;0.82;27/07/2026;19:00;22.1;6;AVERSES;5;46.1;0
Nogent-le-Rotrou;48.32;0.82;27/07/2026;20:00;19.9;0;SOLEIL;5;46.1;0
Nogent-le-Rotrou;48.32;0.82;27/07/2026;21:00;18.9;0;SOLEIL;5;45.7;0
Nogent-le-Rotrou;48.32;0.82;27/07/2026;22:00;18.0;0;SOLEIL;5;45.4;0
Nogent-le-Rotrou;48.32;0.82;27/07/2026;23:00;17.2;0;SOLEIL;3;44.6;0
Nogent-le-Rotrou;48.32;0.82;28/07/2026;00:00;17.2;0;SOLEIL;3;43.9;0
Nogent-le-Rotrou;48.32;0.82;28/07/2026;01:00;17.2;0;SOLEIL;3;42.8;0
Nogent-le-Rotrou;48.32;0.82;28/07/2026;02:00;15.1;0;SOLEIL;5;41.8;0
Nogent-le-Rotrou;48.32;0.82;28/07/2026;03:00;15.1;0;SOLEIL;5;40.0;0
Nogent-le-Rotrou;48.32;0.82;28/07/2026;04:00;15.1;0;SOLEIL;5;37.4;0
Nogent-le-Rotrou;48.32;0.82;28/07/2026;05:00;16.1;0;SOLEIL;3;34.9;0
Nogent-le-Rotrou;48.32;0.82;28/07/2026;06:00;16.1;0;SOLEIL;3;32.4;0
Nogent-le-Rotrou;48.32;0.82;28/07/2026;07:00;16.1;0;SOLEIL;3;30.6;0
Nogent-le-Rotrou;48.32;0.82;28/07/2026;08:00;17.1;0;SOLEIL;5;29.9;0
Nogent-le-Rotrou;48.32;0.82;28/07/2026;09:00;18.1;0;SOLEIL;5;30.6;0
Nogent-le-Rotrou;48.32;0.82;28/07/2026;10:00;19.1;0;SOLEIL;5;32.4;0
Nogent-le-Rotrou;48.32;0.82;28/07/2026;11:00;22.9;6;AVERSES;4;34.9;0
Nogent-le-Rotrou;48.32;0.82;28/07/2026;12:00;22.9;6;AVERSES;4;37.8;0
Nogent-le-Rotrou;48.32;0.82;28/07/2026;13:00;22.9;6;AVERSES;4;40.3;0
Nogent-le-Rotrou;48.32;0.82;28/07/2026;14:00;23.2;0;SOLEIL;5;42.1;0
Nogent-le-Rotrou;48.32;0.82;28/07/2026;15:00;24.2;0;SOLEIL;5;43.6;0
Nogent-le-Rotrou;48.32;0.82;28/07/2026;16:00;23.2;0;SOLEIL;5;44.6;0
Nogent-le-Rotrou;48.32;0.82;28/07/2026;17:00;22.1;0;SOLEIL;5;45.7;0
Nogent-le-Rotrou;48.32;0.82;28/07/2026;18:00;22.1;0;SOLEIL;5;46.4;0
Nogent-le-Rotrou;48.32;0.82;28/07/2026;19:00;22.1;0;SOLEIL;5;46.8;0
Nogent-le-Rotrou;48.32;0.82;28/07/2026;20:00;19.1;0;SOLEIL;5;46.8;0
Nogent-le-Rotrou;48.32;0.82;28/07/2026;21:00;18.1;0;SOLEIL;5;46.1;0
Nogent-le-Rotrou;48.32;0.82;28/07/2026;22:00;17.1;0;SOLEIL;5;44.6;0
Nogent-le-Rotrou;48.32;0.82;28/07/2026;23:00;17.5;0;SOLEIL;3;42.8;0
Nogent-le-Rotrou;48.32;0.82;29/07/2026;00:00;17.5;0;SOLEIL;3;40.7;0
Nogent-le-Rotrou;48.32;0.82;29/07/2026;01:00;17.5;0;SOLEIL;3;38.9;0
Nogent-le-Rotrou;48.32;0.82;29/07/2026;02:00;15;0;SOLEIL;5;37.8;0
Nogent-le-Rotrou;48.32;0.82;29/07/2026;03:00;15;0;SOLEIL;5;37.1;0
Nogent-le-Rotrou;48.32;0.82;29/07/2026;04:00;15;0;SOLEIL;5;36.4;0
Nogent-le-Rotrou;48.32;0.82;29/07/2026;05:00;;0;SOLEIL;;36.0;0
Nogent-le-Rotrou;48.32;0.82;29/07/2026;06:00;;0;SOLEIL;;35.6;0
Nogent-le-Rotrou;48.32;0.82;29/07/2026;07:00;;0;SOLEIL;;36.0;0
Nogent-le-Rotrou;48.32;0.82;29/07/2026;08:00;17.7;0;SOLEIL;5;36.4;0
Nogent-le-Rotrou;48.32;0.82;29/07/2026;09:00;19.0;0;SOLEIL;5;37.4;0
Nogent-le-Rotrou;48.32;0.82;29/07/2026;10:00;20.3;0;SOLEIL;5;39.2;0
Nogent-le-Rotrou;48.32;0.82;29/07/2026;11:00;;0;SOLEIL;;41.4;0
Nogent-le-Rotrou;48.32;0.82;29/07/2026;12:00;;0;SOLEIL;;43.6;0
Nogent-le-Rotrou;48.32;0.82;29/07/2026;13:00;;0;SOLEIL;;45.4;0
Nogent-le-Rotrou;48.32;0.82;29/07/2026;14:00;25.7;0;SOLEIL;5;46.8;0
Nogent-le-Rotrou;48.32;0.82;29/07/2026;15:00;27.0;0;SOLEIL;5;47.5;0
Nogent-le-Rotrou;48.32;0.82;29/07/2026;16:00;25.7;0;SOLEIL;5;47.5;0
Nogent-le-Rotrou;48.32;0.82;29/07/2026;17:00;;0;SOLEIL;;47.5;0
Nogent-le-Rotrou;48.32;0.82;29/07/2026;18:00;;0;SOLEIL;;47.5;0
Nogent-le-Rotrou;48.32;0.82;29/07/2026;19:00;;0;SOLEIL;;47.2;0
Nogent-le-Rotrou;48.32;0.82;29/07/2026;20:00;20.3;0;SOLEIL;5;46.8;0
Nogent-le-Rotrou;48.32;0.82;29/07/2026;21:00;19.0;0;SOLEIL;5;46.8;0
Nogent-le-Rotrou;48.32;0.82;29/07/2026;22:00;17.7;0;SOLEIL;5;47.2;0
Nogent-le-Rotrou;48.32;0.82;29/07/2026;23:00;;0;SOLEIL;;47.2;0
Nogent-le-Rotrou;48.32;0.82;30/07/2026;00:00;;0;SOLEIL;;47.2;0
Nogent-le-Rotrou;48.32;0.82;30/07/2026;01:00;;0;SOLEIL;;46.1;0
Nogent-le-Rotrou;48.32;0.82;30/07/2026;02:00;14.9;0;SOLEIL;5;44.3;0
Nogent-le-Rotrou;48.32;0.82;30/07/2026;03:00;14.9;0;SOLEIL;5;40.7;0
Nogent-le-Rotrou;48.32;0.82;30/07/2026;04:00;14.9;0;SOLEIL;5;35.3;0
Nogent-le-Rotrou;48.32;0.82;30/07/2026;05:00;;0;SOLEIL;;29.2;0
Nogent-le-Rotrou;48.32;0.82;30/07/2026;06:00;;0;SOLEIL;;23.4;0
Nogent-le-Rotrou;48.32;0.82;30/07/2026;07:00;;0;SOLEIL;;18.7;0
Nogent-le-Rotrou;48.32;0.82;30/07/2026;08:00;17.7;0;SOLEIL;5;16.2;0
Nogent-le-Rotrou;48.32;0.82;30/07/2026;09:00;19.1;0;SOLEIL;5;16.2;0
Nogent-le-Rotrou;48.32;0.82;30/07/2026;10:00;20.5;0;SOLEIL;5;17.6;0
Nogent-le-Rotrou;48.32;0.82;30/07/2026;11:00;;0;SOLEIL;;20.5;0
Nogent-le-Rotrou;48.32;0.82;30/07/2026;12:00;;0;SOLEIL;;23.8;0
Nogent-le-Rotrou;48.32;0.82;30/07/2026;13:00;;0;SOLEIL;;27.0;0
Nogent-le-Rotrou;48.32;0.82;30/07/2026;14:00;26.0;0;SOLEIL;5;29.2;0
Nogent-le-Rotrou;48.32;0.82;30/07/2026;15:00;27.4;0;SOLEIL;5;31.0;0
Nogent-le-Rotrou;48.32;0.82;30/07/2026;16:00;26.0;0;SOLEIL;5;32.4;0
Nogent-le-Rotrou;48.32;0.82;30/07/2026;17:00;;0;SOLEIL;;33.8;0
Nogent-le-Rotrou;48.32;0.82;30/07/2026;18:00;;0;SOLEIL;;35.3;0
Nogent-le-Rotrou;48.32;0.82;30/07/2026;19:00;;0;SOLEIL;;36.0;0
Nogent-le-Rotrou;48.32;0.82;30/07/2026;20:00;20.5;0;SOLEIL;5;36.7;0
Nogent-le-Rotrou;48.32;0.82;30/07/2026;21:00;19.1;0;SOLEIL;5;37.1;0
Nogent-le-Rotrou;48.32;0.82;30/07/2026;22:00;17.7;0;SOLEIL;5;37.1;0
Nogent-le-Rotrou;48.32;0.82;30/07/2026;23:00;;0;SOLEIL;;37.1;0
Nogent-le-Rotrou;48.32;0.82;31/07/2026;00:00;;0;SOLEIL;;36.7;0
Nogent-le-Rotrou;48.32;0.82;31/07/2026;01:00;;0;SOLEIL;;35.6;0
Nogent-le-Rotrou;48.32;0.82;31/07/2026;02:00;15;0;SOLEIL;5;33.8;0
Nogent-le-Rotrou;48.32;0.82;31/07/2026;03:00;15;0;SOLEIL;5;31.0;0
Nogent-le-Rotrou;48.32;0.82;31/07/2026;04:00;15;0;SOLEIL;5;26.6;0
Nogent-le-Rotrou;48.32;0.82;31/07/2026;05:00;;0;SOLEIL;;21.6;0
Nogent-le-Rotrou;48.32;0.82;31/07/2026;06:00;;0;SOLEIL;;17.3;0
Nogent-le-Rotrou;48.32;0.82;31/07/2026;07:00;;0;SOLEIL;;13.7;0
Nogent-le-Rotrou;48.32;0.82;31/07/2026;08:00;17.8;0;SOLEIL;5;11.5;0
Nogent-le-Rotrou;48.32;0.82;31/07/2026;09:00;19.2;0;SOLEIL;5;11.5;0
Nogent-le-Rotrou;48.32;0.82;31/07/2026;10:00;20.6;0;SOLEIL;5;13.0;0
Nogent-le-Rotrou;48.32;0.82;31/07/2026;11:00;;0;SOLEIL;;15.5;0
Nogent-le-Rotrou;48.32;0.82;31/07/2026;12:00;;0;SOLEIL;;18.4;0
Nogent-le-Rotrou;48.32;0.82;31/07/2026;13:00;;0;SOLEIL;;20.9;0
Nogent-le-Rotrou;48.32;0.82;31/07/2026;14:00;26.3;0;SOLEIL;5;23.0;0
Nogent-le-Rotrou;48.32;0.82;31/07/2026;15:00;27.7;0;SOLEIL;5;24.5;0
Nogent-le-Rotrou;48.32;0.82;31/07/2026;16:00;26.3;0;SOLEIL;5;25.9;0
Nogent-le-Rotrou;48.32;0.82;31/07/2026;17:00;;0;SOLEIL;;27.0;0
Nogent-le-Rotrou;48.32;0.82;31/07/2026;18:00;;0;SOLEIL;;28.1;0
Nogent-le-Rotrou;48.32;0.82;31/07/2026;19:00;;0;SOLEIL;;29.2;0
Nogent-le-Rotrou;48.32;0.82;31/07/2026;20:00;20.6;0;SOLEIL;5;29.9;0
Nogent-le-Rotrou;48.32;0.82;31/07/2026;21:00;19.2;0;SOLEIL;5;30.6;0
Nogent-le-Rotrou;48.32;0.82;31/07/2026;22:00;17.8;0;SOLEIL;5;31.3;0
Nogent-le-Rotrou;48.32;0.82;31/07/2026;23:00;;0;SOLEIL;;32.0;0
Nogent-le-Rotrou;48.32;0.82;01/08/2026;00:00;;0;SOLEIL;;32.0;0
Nogent-le-Rotrou;48.32;0.82;01/08/2026;01:00;;0;SOLEIL;;32.0;0
Nogent-le-Rotrou;48.32;0.82;01/08/2026;02:00;15.5;0;SOLEIL;5;31.0;0
Nogent-le-Rotrou;48.32;0.82;01/08/2026;03:00;15.5;0;SOLEIL;5;28.8;0
Nogent-le-Rotrou;48.32;0.82;01/08/2026;04:00;15.5;0;SOLEIL;5;25.9;0
Nogent-le-Rotrou;48.32;0.82;01/08/2026;05:00;;0;SOLEIL;;22.3;0
Nogent-le-Rotrou;48.32;0.82;01/08/2026;06:00;;0;SOLEIL;;18.7;0
Nogent-le-Rotrou;48.32;0.82;01/08/2026;07:00;;0;SOLEIL;;15.8;0
Nogent-le-Rotrou;48.32;0.82;01/08/2026;08:00;18.0;0;SOLEIL;5;14.0;0
Nogent-le-Rotrou;48.32;0.82;01/08/2026;09:00;19.2;0;SOLEIL;5;13.7;0
Nogent-le-Rotrou;48.32;0.82;01/08/2026;10:00;20.4;0;SOLEIL;5;14.0;0
Nogent-le-Rotrou;48.32;0.82;01/08/2026;11:00;;0;SOLEIL;;15.5;0
Nogent-le-Rotrou;48.32;0.82;01/08/2026;12:00;;0;SOLEIL;;16.9;0
Nogent-le-Rotrou;48.32;0.82;01/08/2026;13:00;;0;SOLEIL;;18.4;0
Nogent-le-Rotrou;48.32;0.82;01/08/2026;14:00;25.4;0;SOLEIL;5;19.8;0
Nogent-le-Rotrou;48.32;0.82;01/08/2026;15:00;26.6;0;SOLEIL;5;21.2;0
Nogent-le-Rotrou;48.32;0.82;01/08/2026;16:00;25.4;0;SOLEIL;5;22.7;0
Nogent-le-Rotrou;48.32;0.82;01/08/2026;17:00;;0;SOLEIL;;24.1;0
Nogent-le-Rotrou;48.32;0.82;01/08/2026;18:00;;0;SOLEIL;;25.6;0
Nogent-le-Rotrou;48.32;0.82;01/08/2026;19:00;;0;SOLEIL;;27.0;0
Nogent-le-Rotrou;48.32;0.82;01/08/2026;20:00;20.4;0;SOLEIL;5;27.7;0
Nogent-le-Rotrou;48.32;0.82;01/08/2026;21:00;19.2;0;SOLEIL;5;28.4;0
Nogent-le-Rotrou;48.32;0.82;01/08/2026;22:00;18.0;0;SOLEIL;5;28.8;0
Nogent-le-Rotrou;48.32;0.82;01/08/2026;23:00;;0;SOLEIL;;28.8;0
Nogent-le-Rotrou;48.32;0.82;02/08/2026;00:00;;0;SOLEIL;;28.8;0
Nogent-le-Rotrou;48.32;0.82;02/08/2026;01:00;;0;SOLEIL;;28.4;0
Nogent-le-Rotrou;48.32;0.82;02/08/2026;02:00;15;0;SOLEIL;5;27.7;0
Nogent-le-Rotrou;48.32;0.82;02/08/2026;03:00;15;0;SOLEIL;5;26.3;0
Nogent-le-Rotrou;48.32;0.82;02/08/2026;04:00;15;0;SOLEIL;5;24.1;0
Nogent-le-Rotrou;48.32;0.82;02/08/2026;05:00;;0;SOLEIL;;21.6;0
Nogent-le-Rotrou;48.32;0.82;02/08/2026;06:00;;0;SOLEIL;;19.1;0
Nogent-le-Rotrou;48.32;0.82;02/08/2026;07:00;;0;SOLEIL;;16.9;0
Nogent-le-Rotrou;48.32;0.82;02/08/2026;08:00;17.8;0;SOLEIL;5;15.8;0
Nogent-le-Rotrou;48.32;0.82;02/08/2026;09:00;19.2;0;SOLEIL;5;15.5;0
Nogent-le-Rotrou;48.32;0.82;02/08/2026;10:00;20.6;0;SOLEIL;5;16.2;0
Nogent-le-Rotrou;48.32;0.82;02/08/2026;11:00;;0;SOLEIL;;16.9;0
Nogent-le-Rotrou;48.32;0.82;02/08/2026;12:00;;0;SOLEIL;;18.0;0
Nogent-le-Rotrou;48.32;0.82;02/08/2026;13:00;;0;SOLEIL;;18.7;0
Nogent-le-Rotrou;48.32;0.82;02/08/2026;14:00;26.3;0;SOLEIL;5;19.4;0
Nogent-le-Rotrou;48.32;0.82;02/08/2026;15:00;27.7;0;SOLEIL;5;19.4;0
Nogent-le-Rotrou;48.32;0.82;02/08/2026;16:00;26.3;0;SOLEIL;5;19.4;0
Nogent-le-Rotrou;48.32;0.82;02/08/2026;17:00;;0;SOLEIL;;19.1;0
Nogent-le-Rotrou;48.32;0.82;02/08/2026;18:00;;0;SOLEIL;;18.7;0
Nogent-le-Rotrou;48.32;0.82;02/08/2026;19:00;;0;SOLEIL;;18.7;0
Nogent-le-Rotrou;48.32;0.82;02/08/2026;20:00;20.6;0;SOLEIL;5;19.1;0
Nogent-le-Rotrou;48.32;0.82;02/08/2026;21:00;19.2;0;SOLEIL;5;19.8;0
Nogent-le-Rotrou;48.32;0.82;02/08/2026;22:00;17.8;0;SOLEIL;5;20.9;0
Nogent-le-Rotrou;48.32;0.82;02/08/2026;23:00;16.4;0;SOLEIL;5;22.0;0
Nogent-le-Rotrou;48.32;0.82;03/08/2026;00:00;12;0;SOLEIL;5;20.8;0
Nogent-le-Rotrou;48.32;0.82;03/08/2026;01:00;12;0;SOLEIL;5;17.1;0
Nogent-le-Rotrou;48.32;0.82;03/08/2026;02:00;12;0;SOLEIL;5;11.6;0
Nogent-le-Rotrou;48.32;0.82;03/08/2026;03:00;12;0;SOLEIL;5;6.5;0
Nogent-le-Rotrou;48.32;0.82;03/08/2026;04:00;12;0;SOLEIL;5;6.8;0
Nogent-le-Rotrou;48.32;0.82;03/08/2026;05:00;12;0;SOLEIL;5;7.9;0
Nogent-le-Rotrou;48.32;0.82;03/08/2026;06:00;12;0;SOLEIL;5;10.4;0
Nogent-le-Rotrou;48.32;0.82;03/08/2026;07:00;13.1;0;SOLEIL;5;13.3;0
Nogent-le-Rotrou;48.32;0.82;03/08/2026;08:00;14.2;0;SOLEIL;5;14.8;0
Nogent-le-Rotrou;48.32;0.82;03/08/2026;09:00;15.3;0;SOLEIL;5;11.9;0
Nogent-le-Rotrou;48.32;0.82;03/08/2026;10:00;16.4;0;SOLEIL;5;7.6;0
Nogent-le-Rotrou;48.32;0.82;03/08/2026;11:00;17.6;0;SOLEIL;5;5.4;0
Nogent-le-Rotrou;48.32;0.82;03/08/2026;12:00;18.7;0;SOLEIL;5;8.3;0
Nogent-le-Rotrou;48.32;0.82;03/08/2026;13:00;19.8;0;SOLEIL;5;13.7;0
Nogent-le-Rotrou;48.32;0.82;03/08/2026;14:00;20.9;0;SOLEIL;5;18.4;0
Nogent-le-Rotrou;48.32;0.82;03/08/2026;15:00;22.0;0;SOLEIL;5;21.6;0
Nogent-le-Rotrou;48.32;0.82;03/08/2026;16:00;20.9;0;SOLEIL;5;24.5;0
Nogent-le-Rotrou;48.32;0.82;03/08/2026;17:00;19.8;0;SOLEIL;5;26.6;0
Nogent-le-Rotrou;48.32;0.82;03/08/2026;18:00;18.7;0;SOLEIL;5;27.7;0
Nogent-le-Rotrou;48.32;0.82;03/08/2026;19:00;17.6;0;SOLEIL;5;27.7;0
Nogent-le-Rotrou;48.32;0.82;03/08/2026;20:00;16.4;0;SOLEIL;5;28.4;0
Nogent-le-Rotrou;48.32;0.82;03/08/2026;21:00;15.3;0;SOLEIL;5;31.0;0
Nogent-le-Rotrou;48.32;0.82;03/08/2026;22:00;14.2;0;SOLEIL;5;33.5;0
Nogent-le-Rotrou;48.32;0.82;03/08/2026;23:00;13.1;0;SOLEIL;5;33.8;0
Nogent-le-Rotrou;48.32;0.82;04/08/2026;00:00;12;0;SOLEIL;5;0.0;0
Nogent-le-Rotrou;48.32;0.82;04/08/2026;01:00;12;0;SOLEIL;5;0.0;0
Nogent-le-Rotrou;48.32;0.82;04/08/2026;02:00;12;0;SOLEIL;5;0.0;0
Nogent-le-Rotrou;48.32;0.82;04/08/2026;03:00;12;0;SOLEIL;5;0.0;0
Nogent-le-Rotrou;48.32;0.82;04/08/2026;04:00;12;0;SOLEIL;5;0.0;0
Nogent-le-Rotrou;48.32;0.82;04/08/2026;05:00;12;0;SOLEIL;5;0.0;0
Nogent-le-Rotrou;48.32;0.82;04/08/2026;06:00;12;0;SOLEIL;5;0.0;0
Nogent-le-Rotrou;48.32;0.82;04/08/2026;07:00;13.1;0;SOLEIL;5;0.0;0
Nogent-le-Rotrou;48.32;0.82;04/08/2026;08:00;14.2;0;SOLEIL;5;0.0;0
Nogent-le-Rotrou;48.32;0.82;04/08/2026;09:00;15.3;0;SOLEIL;5;0.0;0
Nogent-le-Rotrou;48.32;0.82;04/08/2026;10:00;16.4;0;SOLEIL;5;0.0;0
Nogent-le-Rotrou;48.32;0.82;04/08/2026;11:00;17.6;0;SOLEIL;5;0.0;0
Nogent-le-Rotrou;48.32;0.82;04/08/2026;12:00;18.7;0;SOLEIL;5;0.0;0
Nogent-le-Rotrou;48.32;0.82;04/08/2026;13:00;19.8;0;SOLEIL;5;0.0;0
Nogent-le-Rotrou;48.32;0.82;04/08/2026;14:00;20.9;0;SOLEIL;5;0.0;0
Nogent-le-Rotrou;48.32;0.82;04/08/2026;15:00;22.0;0;SOLEIL;5;0.0;0
Nogent-le-Rotrou;48.32;0.82;04/08/2026;16:00;20.9;0;SOLEIL;5;0.0;0
Nogent-le-Rotrou;48.32;0.82;04/08/2026;17:00;19.8;0;SOLEIL;5;0.0;0
Nogent-le-Rotrou;48.32;0.82;04/08/2026;18:00;18.7;0;SOLEIL;5;0.0;0
Nogent-le-Rotrou;48.32;0.82;04/08/2026;19:00;17.6;0;SOLEIL;5;0.0;0
Nogent-le-Rotrou;48.32;0.82;04/08/2026;20:00;16.4;0;SOLEIL;5;0.0;0
Nogent-le-Rotrou;48.32;0.82;04/08/2026;21:00;15.3;0;SOLEIL;5;0.0;0
Nogent-le-Rotrou;48.32;0.82;04/08/2026;22:00;14.2;0;SOLEIL;5;0.0;0
Nogent-le-Rotrou;48.32;0.82;04/08/2026;23:00;13.1;0;SOLEIL;5;0.0;0
Châteauroux;46.81;1.69;20/07/2026;00:00;15.4;0;SOLEIL;5;28.1;0
Châteauroux;46.81;1.69;20/07/2026;01:00;14.6;0;SOLEIL;5;27.4;0
Châteauroux;46.81;1.69;20/07/2026;02:00;14.2;0;SOLEIL;5;27.4;0
Châteauroux;46.81;1.69;20/07/2026;03:00;13.2;0;SOLEIL;4;25.2;0
Châteauroux;46.81;1.69;20/07/2026;04:00;12.6;0;SOLEIL;4;23.0;0
Châteauroux;46.81;1.69;20/07/2026;05:00;12.6;0;SOLEIL;4;23.0;0
Châteauroux;46.81;1.69;20/07/2026;06:00;13.9;0;SOLEIL;4;22.0;0
Châteauroux;46.81;1.69;20/07/2026;07:00;15.9;0;SOLEIL;5;20.5;0
Châteauroux;46.81;1.69;20/07/2026;08:00;17.1;0;SOLEIL;5;24.1;0
Châteauroux;46.81;1.69;20/07/2026;09:00;18.6;0;SOLEIL;5;28.1;0
Châteauroux;46.81;1.69;20/07/2026;10:00;20.2;0;SOLEIL;5;37.1;0
Châteauroux;46.81;1.69;20/07/2026;11:00;21.9;0;SOLEIL;5;38.5;0
Châteauroux;46.81;1.69;20/07/2026;12:00;23.1;0;SOLEIL;5;38.5;0
Châteauroux;46.81;1.69;20/07/2026;13:00;24.5;0;SOLEIL;5;38.9;0
Châteauroux;46.81;1.69;20/07/2026;14:00;24.7;0;SOLEIL;5;38.5;0
Châteauroux;46.81;1.69;20/07/2026;15:00;25.5;0;SOLEIL;5;39.6;0
Châteauroux;46.81;1.69;20/07/2026;16:00;25.6;0;SOLEIL;5;37.8;0
Châteauroux;46.81;1.69;20/07/2026;17:00;25.4;0;SOLEIL;5;44.3;0
Châteauroux;46.81;1.69;20/07/2026;18:00;24.1;0;SOLEIL;5;43.2;0
Châteauroux;46.81;1.69;20/07/2026;19:00;23;0;SOLEIL;5;42.5;0
Châteauroux;46.81;1.69;20/07/2026;20:00;20.4;0;SOLEIL;4;33.5;0
Châteauroux;46.81;1.69;20/07/2026;21:00;18.6;0;SOLEIL;5;33.5;0
Châteauroux;46.81;1.69;20/07/2026;22:00;17.2;0;SOLEIL;4;32.4;0
Châteauroux;46.81;1.69;20/07/2026;23:00;16.1;0;SOLEIL;5;32.8;0
Châteauroux;46.81;1.69;21/07/2026;00:00;15.6;0;SOLEIL;5;30.2;0
Châteauroux;46.81;1.69;21/07/2026;01:00;15.6;0;SOLEIL;5;27.7;0
Châteauroux;46.81;1.69;21/07/2026;02:00;12.5;0;SOLEIL;5;26.6;0
Châteauroux;46.81;1.69;21/07/2026;03:00;12.5;0;SOLEIL;5;23.8;0
Châteauroux;46.81;1.69;21/07/2026;04:00;12.5;0;SOLEIL;5;23.8;0
Châteauroux;46.81;1.69;21/07/2026;05:00;14.1;0;SOLEIL;5;22.0;0
Châteauroux;46.81;1.69;21/07/2026;06:00;14.1;0;SOLEIL;5;20.9;0
Châteauroux;46.81;1.69;21/07/2026;07:00;14.1;0;SOLEIL;5;21.6;0
Châteauroux;46.81;1.69;21/07/2026;08:00;20.4;0;SOLEIL;5;25.9;0
Châteauroux;46.81;1.69;21/07/2026;09:00;20.4;0;SOLEIL;5;28.8;0
Châteauroux;46.81;1.69;21/07/2026;10:00;20.4;0;SOLEIL;5;31.7;0
Châteauroux;46.81;1.69;21/07/2026;11:00;23.9;0;SOLEIL;5;31.7;0
Châteauroux;46.81;1.69;21/07/2026;12:00;23.9;0;SOLEIL;5;34.4;0
Châteauroux;46.81;1.69;21/07/2026;13:00;23.9;0;SOLEIL;5;36.2;0
Châteauroux;46.81;1.69;21/07/2026;14:00;25.6;0;SOLEIL;5;36.3;0
Châteauroux;46.81;1.69;21/07/2026;15:00;25.6;0;SOLEIL;5;37.4;0
Châteauroux;46.81;1.69;21/07/2026;16:00;25.6;0;SOLEIL;5;38.2;0
Châteauroux;46.81;1.69;21/07/2026;17:00;24.6;0;SOLEIL;5;39.6;0
Châteauroux;46.81;1.69;21/07/2026;18:00;24.6;0;SOLEIL;5;40.3;0
Châteauroux;46.81;1.69;21/07/2026;19:00;24.6;0;SOLEIL;5;40.3;0
Châteauroux;46.81;1.69;21/07/2026;20:00;18.5;0;SOLEIL;4;38.9;0
Châteauroux;46.81;1.69;21/07/2026;21:00;18.5;0;SOLEIL;4;36.4;0
Châteauroux;46.81;1.69;21/07/2026;22:00;18.5;0;SOLEIL;4;29.5;0
Châteauroux;46.81;1.69;21/07/2026;23:00;14.7;0;SOLEIL;4;18.0;0
Châteauroux;46.81;1.69;22/07/2026;00:00;14.7;0;SOLEIL;4;17.6;0
Châteauroux;46.81;1.69;22/07/2026;01:00;14.7;0;SOLEIL;4;19.8;0
Châteauroux;46.81;1.69;22/07/2026;02:00;13.1;0;SOLEIL;4;21.6;0
Châteauroux;46.81;1.69;22/07/2026;03:00;13.1;0;SOLEIL;4;20.5;0
Châteauroux;46.81;1.69;22/07/2026;04:00;13.1;0;SOLEIL;4;16.6;0
Châteauroux;46.81;1.69;22/07/2026;05:00;15;0;SOLEIL;3;12.2;0
Châteauroux;46.81;1.69;22/07/2026;06:00;15;0;SOLEIL;3;11.2;0
Châteauroux;46.81;1.69;22/07/2026;07:00;15;0;SOLEIL;3;10.8;0
Châteauroux;46.81;1.69;22/07/2026;08:00;21.4;0;SOLEIL;4;16.6;0
Châteauroux;46.81;1.69;22/07/2026;09:00;21.4;0;SOLEIL;4;24.8;0
Châteauroux;46.81;1.69;22/07/2026;10:00;21.4;0;SOLEIL;4;27.0;0
Châteauroux;46.81;1.69;22/07/2026;11:00;24.2;0;SOLEIL;3;28.4;0
Châteauroux;46.81;1.69;22/07/2026;12:00;24.2;0;SOLEIL;3;29.2;0
Châteauroux;46.81;1.69;22/07/2026;13:00;24.2;0;SOLEIL;3;29.5;0
Châteauroux;46.81;1.69;22/07/2026;14:00;26.5;0;SOLEIL;4;32.4;0
Châteauroux;46.81;1.69;22/07/2026;15:00;26.5;0;SOLEIL;4;32.8;0
Châteauroux;46.81;1.69;22/07/2026;16:00;26.5;0;SOLEIL;4;33.1;0
Châteauroux;46.81;1.69;22/07/2026;17:00;24.9;0;SOLEIL;4;32.4;0
Châteauroux;46.81;1.69;22/07/2026;18:00;24.9;0;SOLEIL;4;30.6;0
Châteauroux;46.81;1.69;22/07/2026;19:00;24.9;0;SOLEIL;4;28.1;0
Châteauroux;46.81;1.69;22/07/2026;20:00;19.1;0;SOLEIL;5;26.6;0
Châteauroux;46.81;1.69;22/07/2026;21:00;17.6;0;SOLEIL;5;27.7;0
Châteauroux;46.81;1.69;22/07/2026;22:00;16.1;0;SOLEIL;5;30.2;0
Châteauroux;46.81;1.69;22/07/2026;23:00;17.1;0;SOLEIL;3;30.2;0
Châteauroux;46.81;1.69;23/07/2026;00:00;17.1;0;SOLEIL;3;25.9;0
Châteauroux;46.81;1.69;23/07/2026;01:00;17.1;0;SOLEIL;3;19.4;0
Châteauroux;46.81;1.69;23/07/2026;02:00;14.1;0;SOLEIL;5;14.0;0
Châteauroux;46.81;1.69;23/07/2026;03:00;14.1;0;SOLEIL;5;11.5;0
Châteauroux;46.81;1.69;23/07/2026;04:00;14.1;0;SOLEIL;5;10.1;0
Châteauroux;46.81;1.69;23/07/2026;05:00;17.1;0;SOLEIL;3;10.1;0
Châteauroux;46.81;1.69;23/07/2026;06:00;17.1;0;SOLEIL;3;11.2;0
Châteauroux;46.81;1.69;23/07/2026;07:00;17.1;0;SOLEIL;3;13.7;0
Châteauroux;46.81;1.69;23/07/2026;08:00;17.2;0;SOLEIL;5;16.6;0
Châteauroux;46.81;1.69;23/07/2026;09:00;18.8;0;SOLEIL;5;20.5;0
Châteauroux;46.81;1.69;23/07/2026;10:00;20.3;0;SOLEIL;5;25.2;0
Châteauroux;46.81;1.69;23/07/2026;11:00;26.2;0;SOLEIL;3;28.8;0
Châteauroux;46.81;1.69;23/07/2026;12:00;26.2;0;SOLEIL;3;30.2;0
Châteauroux;46.81;1.69;23/07/2026;13:00;26.2;0;SOLEIL;3;30.2;0
Châteauroux;46.81;1.69;23/07/2026;14:00;26.5;0;SOLEIL;5;30.2;0
Châteauroux;46.81;1.69;23/07/2026;15:00;28.1;0;SOLEIL;5;30.2;0
Châteauroux;46.81;1.69;23/07/2026;16:00;26.5;0;SOLEIL;5;29.9;0
Châteauroux;46.81;1.69;23/07/2026;17:00;26.9;0;SOLEIL;4;29.9;0
Châteauroux;46.81;1.69;23/07/2026;18:00;26.9;0;SOLEIL;4;31.3;0
Châteauroux;46.81;1.69;23/07/2026;19:00;26.9;0;SOLEIL;4;33.5;0
Châteauroux;46.81;1.69;23/07/2026;20:00;20.3;0;SOLEIL;5;33.5;0
Châteauroux;46.81;1.69;23/07/2026;21:00;18.8;0;SOLEIL;5;30.6;0
Châteauroux;46.81;1.69;23/07/2026;22:00;17.2;0;SOLEIL;5;25.6;0
Châteauroux;46.81;1.69;23/07/2026;23:00;16.4;0;SOLEIL;4;21.2;0
Châteauroux;46.81;1.69;24/07/2026;00:00;16.4;0;SOLEIL;4;18.0;0
Châteauroux;46.81;1.69;24/07/2026;01:00;16.4;0;SOLEIL;4;14.8;0
Châteauroux;46.81;1.69;24/07/2026;02:00;13.6;0;SOLEIL;5;12.6;0
Châteauroux;46.81;1.69;24/07/2026;03:00;13.6;0;SOLEIL;5;11.2;0
Châteauroux;46.81;1.69;24/07/2026;04:00;13.6;0;SOLEIL;5;10.4;0
Châteauroux;46.81;1.69;24/07/2026;05:00;16.1;0;SOLEIL;3;10.1;0
Châteauroux;46.81;1.69;24/07/2026;06:00;16.1;0;SOLEIL;3;10.2;0
Châteauroux;46.81;1.69;24/07/2026;07:00;16.1;0;SOLEIL;3;10.8;0
Châteauroux;46.81;1.69;24/07/2026;08:00;16.8;0;SOLEIL;5;11.2;0
Châteauroux;46.81;1.69;24/07/2026;09:00;18.4;0;SOLEIL;5;11.9;0
Châteauroux;46.81;1.69;24/07/2026;10:00;20.0;0;SOLEIL;5;16.2;0
Châteauroux;46.81;1.69;24/07/2026;11:00;25.6;0;SOLEIL;2;19.8;0
Châteauroux;46.81;1.69;24/07/2026;12:00;25.6;0;SOLEIL;2;20.9;0
Châteauroux;46.81;1.69;24/07/2026;13:00;25.6;0;SOLEIL;2;21.2;0
Châteauroux;46.81;1.69;24/07/2026;14:00;26.5;0;SOLEIL;5;20.9;0
Châteauroux;46.81;1.69;24/07/2026;15:00;28.1;0;SOLEIL;5;20.5;0
Châteauroux;46.81;1.69;24/07/2026;16:00;26.5;0;SOLEIL;5;19.4;0
Châteauroux;46.81;1.69;24/07/2026;17:00;27.1;0;SOLEIL;3;18.7;0
Châteauroux;46.81;1.69;24/07/2026;18:00;27.1;0;SOLEIL;3;18.0;0
Châteauroux;46.81;1.69;24/07/2026;19:00;27.1;0;SOLEIL;3;17.3;0
Châteauroux;46.81;1.69;24/07/2026;20:00;20.0;0;SOLEIL;5;16.9;0
Châteauroux;46.81;1.69;24/07/2026;21:00;18.4;0;SOLEIL;5;16.9;0
Châteauroux;46.81;1.69;24/07/2026;22:00;16.8;0;SOLEIL;5;17.3;0
Châteauroux;46.81;1.69;24/07/2026;23:00;16.6;0;SOLEIL;3;17.6;0
Châteauroux;46.81;1.69;25/07/2026;00:00;16.6;0;SOLEIL;3;18.0;0
Châteauroux;46.81;1.69;25/07/2026;01:00;16.6;0;SOLEIL;3;18.0;0
Châteauroux;46.81;1.69;25/07/2026;02:00;15.1;0;SOLEIL;5;17.3;0
Châteauroux;46.81;1.69;25/07/2026;03:00;15.1;0;SOLEIL;5;14.4;0
Châteauroux;46.81;1.69;25/07/2026;04:00;15.1;0;SOLEIL;5;10.1;0
Châteauroux;46.81;1.69;25/07/2026;05:00;17.1;0;SOLEIL;3;7.2;0
Châteauroux;46.81;1.69;25/07/2026;06:00;17.1;0;SOLEIL;3;6.1;0
Châteauroux;46.81;1.69;25/07/2026;07:00;17.1;0;SOLEIL;3;5.8;0
Châteauroux;46.81;1.69;25/07/2026;08:00;17.8;0;SOLEIL;5;6.8;0
Châteauroux;46.81;1.69;25/07/2026;09:00;19.2;0;SOLEIL;5;9.0;0
Châteauroux;46.81;1.69;25/07/2026;10:00;20.6;0;SOLEIL;5;12.2;0
Châteauroux;46.81;1.69;25/07/2026;11:00;25.9;0;SOLEIL;3;15.5;0
Châteauroux;46.81;1.69;25/07/2026;12:00;25.9;0;SOLEIL;3;19.4;0
Châteauroux;46.81;1.69;25/07/2026;13:00;25.9;0;SOLEIL;3;23.4;0
Châteauroux;46.81;1.69;25/07/2026;14:00;26.0;0;SOLEIL;5;26.6;0
Châteauroux;46.81;1.69;25/07/2026;15:00;27.4;0;SOLEIL;5;28.4;0
Châteauroux;46.81;1.69;25/07/2026;16:00;26.0;0;SOLEIL;5;29.2;0
Châteauroux;46.81;1.69;25/07/2026;17:00;24.7;0;SOLEIL;4;29.9;0
Châteauroux;46.81;1.69;25/07/2026;18:00;24.7;0;SOLEIL;4;31.0;0
Châteauroux;46.81;1.69;25/07/2026;19:00;24.7;0;SOLEIL;4;32.0;0
Châteauroux;46.81;1.69;25/07/2026;20:00;20.6;0;SOLEIL;5;31.3;0
Châteauroux;46.81;1.69;25/07/2026;21:00;19.2;0;SOLEIL;5;28.1;0
Châteauroux;46.81;1.69;25/07/2026;22:00;17.8;0;SOLEIL;5;23.0;0
Châteauroux;46.81;1.69;25/07/2026;23:00;17.1;0;SOLEIL;3;18.0;0
Châteauroux;46.81;1.69;26/07/2026;00:00;17.1;0;SOLEIL;3;13.7;0
Châteauroux;46.81;1.69;26/07/2026;01:00;17.1;0;SOLEIL;3;9.4;0
Châteauroux;46.81;1.69;26/07/2026;02:00;14.9;0;SOLEIL;5;6.1;0
Châteauroux;46.81;1.69;26/07/2026;03:00;14.9;0;SOLEIL;5;4.3;0
Châteauroux;46.81;1.69;26/07/2026;04:00;14.9;0;SOLEIL;5;3.6;0
Châteauroux;46.81;1.69;26/07/2026;05:00;16.1;0;SOLEIL;3;3.2;0
Châteauroux;46.81;1.69;26/07/2026;06:00;16.1;0;SOLEIL;3;2.5;0
Châteauroux;46.81;1.69;26/07/2026;07:00;16.1;0;SOLEIL;3;1.8;0
Châteauroux;46.81;1.69;26/07/2026;08:00;17.0;0;SOLEIL;5;2.9;0
Châteauroux;46.81;1.69;26/07/2026;09:00;18.0;0;SOLEIL;5;6.8;0
Châteauroux;46.81;1.69;26/07/2026;10:00;19.0;0;SOLEIL;5;13.0;0
Châteauroux;46.81;1.69;26/07/2026;11:00;22.5;0;SOLEIL;5;18.4;0
Châteauroux;46.81;1.69;26/07/2026;12:00;22.5;0;SOLEIL;5;25.2;0
Châteauroux;46.81;1.69;26/07/2026;13:00;22.5;0;SOLEIL;5;31.9;0
Châteauroux;46.81;1.69;26/07/2026;14:00;23.2;0;SOLEIL;5;37.7;0
Châteauroux;46.81;1.69;26/07/2026;15:00;24.2;0;SOLEIL;5;42.5;0
Châteauroux;46.81;1.69;26/07/2026;16:00;23.2;0;SOLEIL;5;43.9;0
Châteauroux;46.81;1.69;26/07/2026;17:00;22.6;0;SOLEIL;4;45.0;0
Châteauroux;46.81;1.69;26/07/2026;18:00;22.6;0;SOLEIL;4;45.7;0
Châteauroux;46.81;1.69;26/07/2026;19:00;22.6;0;SOLEIL;4;45.7;0
Châteauroux;46.81;1.69;26/07/2026;20:00;19.0;0;SOLEIL;5;45.7;0
Châteauroux;46.81;1.69;26/07/2026;21:00;18.0;0;SOLEIL;5;45.4;0
Châteauroux;46.81;1.69;26/07/2026;22:00;17.0;0;SOLEIL;5;44.3;0
Châteauroux;46.81;1.69;26/07/2026;23:00;16.5;0;SOLEIL;4;43.2;0
Châteauroux;46.81;1.69;27/07/2026;00:00;16.5;0;SOLEIL;4;41.8;0
Châteauroux;46.81;1.69;27/07/2026;01:00;16.5;0;SOLEIL;4;40.3;0
Châteauroux;46.81;1.69;27/07/2026;02:00;14.6;6;AVERSES;5;39.2;0
Châteauroux;46.81;1.69;27/07/2026;03:00;14.6;6;AVERSES;5;38.2;0
Châteauroux;46.81;1.69;27/07/2026;04:00;14.6;6;AVERSES;5;36.4;0
Châteauroux;46.81;1.69;27/07/2026;05:00;16.1;6;AVERSES;4;34.9;0
Châteauroux;46.81;1.69;27/07/2026;06:00;16.1;6;AVERSES;4;33.8;0
Châteauroux;46.81;1.69;27/07/2026;07:00;16.1;6;AVERSES;4;33.1;0
Châteauroux;46.81;1.69;27/07/2026;08:00;16.5;6;AVERSES;5;33.1;0
Châteauroux;46.81;1.69;27/07/2026;09:00;17.4;6;AVERSES;5;34.2;0
Châteauroux;46.81;1.69;27/07/2026;10:00;18.3;6;AVERSES;5;36.4;0
Châteauroux;46.81;1.69;27/07/2026;11:00;21.5;6;AVERSES;5;38.9;0
Châteauroux;46.81;1.69;27/07/2026;12:00;21.5;6;AVERSES;5;41.4;0
Châteauroux;46.81;1.69;27/07/2026;13:00;21.5;6;AVERSES;5;43.9;0
Châteauroux;46.81;1.69;27/07/2026;14:00;22.1;6;AVERSES;5;45.4;0
Châteauroux;46.81;1.69;27/07/2026;15:00;23.0;6;AVERSES;5;46.1;0
Châteauroux;46.81;1.69;27/07/2026;16:00;22.1;6;AVERSES;5;46.4;0
Châteauroux;46.81;1.69;27/07/2026;17:00;21.5;6;AVERSES;5;46.4;0
Châteauroux;46.81;1.69;27/07/2026;18:00;21.5;6;AVERSES;5;46.1;0
Châteauroux;46.81;1.69;27/07/2026;19:00;21.5;6;AVERSES;5;45.7;0
Châteauroux;46.81;1.69;27/07/2026;20:00;18.3;6;AVERSES;5;45.4;0
Châteauroux;46.81;1.69;27/07/2026;21:00;17.4;6;AVERSES;5;45.0;0
Châteauroux;46.81;1.69;27/07/2026;22:00;16.5;6;AVERSES;5;45.0;0
Châteauroux;46.81;1.69;27/07/2026;23:00;14.7;0;SOLEIL;3;44.6;0
Châteauroux;46.81;1.69;28/07/2026;00:00;14.7;0;SOLEIL;3;43.9;0
Châteauroux;46.81;1.69;28/07/2026;01:00;14.7;0;SOLEIL;3;43.2;0
Châteauroux;46.81;1.69;28/07/2026;02:00;13.2;6;AVERSES;5;41.8;0
Châteauroux;46.81;1.69;28/07/2026;03:00;13.2;6;AVERSES;5;39.6;0
Châteauroux;46.81;1.69;28/07/2026;04:00;13.2;6;AVERSES;5;36.4;0
Châteauroux;46.81;1.69;28/07/2026;05:00;15;0;SOLEIL;3;32.8;0
Châteauroux;46.81;1.69;28/07/2026;06:00;15;0;SOLEIL;3;29.5;0
Châteauroux;46.81;1.69;28/07/2026;07:00;15;0;SOLEIL;3;27.0;0
Châteauroux;46.81;1.69;28/07/2026;08:00;15.3;6;AVERSES;5;25.9;0
Châteauroux;46.81;1.69;28/07/2026;09:00;16.3;6;AVERSES;5;26.6;0
Châteauroux;46.81;1.69;28/07/2026;10:00;17.4;6;AVERSES;5;28.8;0
Châteauroux;46.81;1.69;28/07/2026;11:00;21;6;AVERSES;5;31.7;0
Châteauroux;46.81;1.69;28/07/2026;12:00;21;6;AVERSES;5;34.9;0
Châteauroux;46.81;1.69;28/07/2026;13:00;21;6;AVERSES;5;37.8;0
Châteauroux;46.81;1.69;28/07/2026;14:00;21.6;6;AVERSES;5;40.0;0
Châteauroux;46.81;1.69;28/07/2026;15:00;22.6;6;AVERSES;5;41.0;0
Châteauroux;46.81;1.69;28/07/2026;16:00;21.6;6;AVERSES;5;42.1;0
Châteauroux;46.81;1.69;28/07/2026;17:00;21.5;6;AVERSES;4;42.5;0
Châteauroux;46.81;1.69;28/07/2026;18:00;21.5;6;AVERSES;4;42.8;0
Châteauroux;46.81;1.69;28/07/2026;19:00;21.5;6;AVERSES;4;42.8;0
Châteauroux;46.81;1.69;28/07/2026;20:00;17.4;6;AVERSES;5;42.8;0
Châteauroux;46.81;1.69;28/07/2026;21:00;16.3;6;AVERSES;5;42.5;0
Châteauroux;46.81;1.69;28/07/2026;22:00;15.3;6;AVERSES;5;41.8;0
Châteauroux;46.81;1.69;28/07/2026;23:00;15.4;0;SOLEIL;3;40.7;0
Châteauroux;46.81;1.69;29/07/2026;00:00;15.4;0;SOLEIL;3;39.6;0
Châteauroux;46.81;1.69;29/07/2026;01:00;15.4;0;SOLEIL;3;38.5;0
Châteauroux;46.81;1.69;29/07/2026;02:00;13.9;0;SOLEIL;5;37.8;0
Châteauroux;46.81;1.69;29/07/2026;03:00;13.9;0;SOLEIL;5;37.4;0
Châteauroux;46.81;1.69;29/07/2026;04:00;13.9;0;SOLEIL;5;36.7;0
Châteauroux;46.81;1.69;29/07/2026;05:00;;0;SOLEIL;;36.4;0
Châteauroux;46.81;1.69;29/07/2026;06:00;;0;SOLEIL;;36.0;0
Châteauroux;46.81;1.69;29/07/2026;07:00;;0;SOLEIL;;36.0;0
Châteauroux;46.81;1.69;29/07/2026;08:00;16.5;0;SOLEIL;5;36.4;0
Châteauroux;46.81;1.69;29/07/2026;09:00;17.8;0;SOLEIL;5;37.1;0
Châteauroux;46.81;1.69;29/07/2026;10:00;19.1;0;SOLEIL;5;38.2;0
Châteauroux;46.81;1.69;29/07/2026;11:00;;0;SOLEIL;;39.6;0
Châteauroux;46.81;1.69;29/07/2026;12:00;;0;SOLEIL;;40.7;0
Châteauroux;46.81;1.69;29/07/2026;13:00;;0;SOLEIL;;41.8;0
Châteauroux;46.81;1.69;29/07/2026;14:00;24.3;0;SOLEIL;5;42.5;0
Châteauroux;46.81;1.69;29/07/2026;15:00;25.6;0;SOLEIL;5;42.8;0
Châteauroux;46.81;1.69;29/07/2026;16:00;24.3;0;SOLEIL;5;42.8;0
Châteauroux;46.81;1.69;29/07/2026;17:00;;0;SOLEIL;;42.5;0
Châteauroux;46.81;1.69;29/07/2026;18:00;;0;SOLEIL;;42.1;0
Châteauroux;46.81;1.69;29/07/2026;19:00;;0;SOLEIL;;41.8;0
Châteauroux;46.81;1.69;29/07/2026;20:00;19.1;0;SOLEIL;5;41.0;0
Châteauroux;46.81;1.69;29/07/2026;21:00;17.8;0;SOLEIL;5;40.3;0
Châteauroux;46.81;1.69;29/07/2026;22:00;16.5;0;SOLEIL;5;39.6;0
Châteauroux;46.81;1.69;29/07/2026;23:00;;0;SOLEIL;;38.9;0
Châteauroux;46.81;1.69;30/07/2026;00:00;;0;SOLEIL;;37.8;0
Châteauroux;46.81;1.69;30/07/2026;01:00;;0;SOLEIL;;36.4;0
Châteauroux;46.81;1.69;30/07/2026;02:00;14.1;0;SOLEIL;5;34.6;0
Châteauroux;46.81;1.69;30/07/2026;03:00;14.1;0;SOLEIL;5;31.7;0
Châteauroux;46.81;1.69;30/07/2026;04:00;14.1;0;SOLEIL;5;27.7;0
Châteauroux;46.81;1.69;30/07/2026;05:00;;0;SOLEIL;;23.4;0
Châteauroux;46.81;1.69;30/07/2026;06:00;;0;SOLEIL;;19.1;0
Châteauroux;46.81;1.69;30/07/2026;07:00;;0;SOLEIL;;15.8;0
Châteauroux;46.81;1.69;30/07/2026;08:00;16.6;0;SOLEIL;5;14.0;0
Châteauroux;46.81;1.69;30/07/2026;09:00;17.9;0;SOLEIL;5;13.7;0
Châteauroux;46.81;1.69;30/07/2026;10:00;19.1;0;SOLEIL;5;14.8;0
Châteauroux;46.81;1.69;30/07/2026;11:00;;0;SOLEIL;;16.6;0
Châteauroux;46.81;1.69;30/07/2026;12:00;;0;SOLEIL;;18.7;0
Châteauroux;46.81;1.69;30/07/2026;13:00;;0;SOLEIL;;20.9;0
Châteauroux;46.81;1.69;30/07/2026;14:00;24.1;0;SOLEIL;5;22.7;0
Châteauroux;46.81;1.69;30/07/2026;15:00;25.4;0;SOLEIL;5;24.5;0
Châteauroux;46.81;1.69;30/07/2026;16:00;24.1;0;SOLEIL;5;26.3;0
Châteauroux;46.81;1.69;30/07/2026;17:00;;0;SOLEIL;;28.4;0
Châteauroux;46.81;1.69;30/07/2026;18:00;;0;SOLEIL;;30.2;0
Châteauroux;46.81;1.69;30/07/2026;19:00;;0;SOLEIL;;31.7;0
Châteauroux;46.81;1.69;30/07/2026;20:00;19.1;0;SOLEIL;5;32.8;0
Châteauroux;46.81;1.69;30/07/2026;21:00;17.9;0;SOLEIL;5;33.5;0
Châteauroux;46.81;1.69;30/07/2026;22:00;16.6;0;SOLEIL;5;34.2;0
Châteauroux;46.81;1.69;30/07/2026;23:00;;0;SOLEIL;;34.2;0
Châteauroux;46.81;1.69;31/07/2026;00:00;;0;SOLEIL;;34.2;0
Châteauroux;46.81;1.69;31/07/2026;01:00;;0;SOLEIL;;33.5;0
Châteauroux;46.81;1.69;31/07/2026;02:00;13.6;0;SOLEIL;5;32.4;0
Châteauroux;46.81;1.69;31/07/2026;03:00;13.6;0;SOLEIL;5;30.2;0
Châteauroux;46.81;1.69;31/07/2026;04:00;13.6;0;SOLEIL;5;27.4;0
Châteauroux;46.81;1.69;31/07/2026;05:00;;0;SOLEIL;;23.8;0
Châteauroux;46.81;1.69;31/07/2026;06:00;;0;SOLEIL;;20.2;0
Châteauroux;46.81;1.69;31/07/2026;07:00;;0;SOLEIL;;17.3;0
Châteauroux;46.81;1.69;31/07/2026;08:00;16.4;0;SOLEIL;5;15.5;0
Châteauroux;46.81;1.69;31/07/2026;09:00;17.7;0;SOLEIL;5;14.8;0
Châteauroux;46.81;1.69;31/07/2026;10:00;19.1;0;SOLEIL;5;15.1;0
Châteauroux;46.81;1.69;31/07/2026;11:00;;0;SOLEIL;;15.8;0
Châteauroux;46.81;1.69;31/07/2026;12:00;;0;SOLEIL;;16.9;0
Châteauroux;46.81;1.69;31/07/2026;13:00;;0;SOLEIL;;18.4;0
Châteauroux;46.81;1.69;31/07/2026;14:00;24.6;0;SOLEIL;5;19.1;0
Châteauroux;46.81;1.69;31/07/2026;15:00;26.0;0;SOLEIL;5;19.8;0
Châteauroux;46.81;1.69;31/07/2026;16:00;24.6;0;SOLEIL;5;20.5;0
Châteauroux;46.81;1.69;31/07/2026;17:00;;0;SOLEIL;;21.2;0
Châteauroux;46.81;1.69;31/07/2026;18:00;;0;SOLEIL;;22.0;0
Châteauroux;46.81;1.69;31/07/2026;19:00;;0;SOLEIL;;22.7;0
Châteauroux;46.81;1.69;31/07/2026;20:00;19.1;0;SOLEIL;5;23.8;0
Châteauroux;46.81;1.69;31/07/2026;21:00;17.7;0;SOLEIL;5;25.2;0
Châteauroux;46.81;1.69;31/07/2026;22:00;16.4;0;SOLEIL;5;27.4;0
Châteauroux;46.81;1.69;31/07/2026;23:00;;0;SOLEIL;;29.5;0
Châteauroux;46.81;1.69;01/08/2026;00:00;;0;SOLEIL;;31.3;0
Châteauroux;46.81;1.69;01/08/2026;01:00;;0;SOLEIL;;32.8;0
Châteauroux;46.81;1.69;01/08/2026;02:00;13.9;0;SOLEIL;5;33.1;0
Châteauroux;46.81;1.69;01/08/2026;03:00;13.9;0;SOLEIL;5;32.0;0
Châteauroux;46.81;1.69;01/08/2026;04:00;13.9;0;SOLEIL;5;30.2;0
Châteauroux;46.81;1.69;01/08/2026;05:00;;0;SOLEIL;;27.7;0
Châteauroux;46.81;1.69;01/08/2026;06:00;;0;SOLEIL;;24.8;0
Châteauroux;46.81;1.69;01/08/2026;07:00;;0;SOLEIL;;22.7;0
Châteauroux;46.81;1.69;01/08/2026;08:00;16.4;0;SOLEIL;5;20.9;0
Châteauroux;46.81;1.69;01/08/2026;09:00;17.6;0;SOLEIL;5;19.8;0
Châteauroux;46.81;1.69;01/08/2026;10:00;18.9;0;SOLEIL;5;19.4;0
Châteauroux;46.81;1.69;01/08/2026;11:00;;0;SOLEIL;;19.1;0
Châteauroux;46.81;1.69;01/08/2026;12:00;;0;SOLEIL;;19.1;0
Châteauroux;46.81;1.69;01/08/2026;13:00;;0;SOLEIL;;19.4;0
Châteauroux;46.81;1.69;01/08/2026;14:00;23.9;0;SOLEIL;5;20.2;0
Châteauroux;46.81;1.69;01/08/2026;15:00;25.1;0;SOLEIL;5;21.2;0
Châteauroux;46.81;1.69;01/08/2026;16:00;23.9;0;SOLEIL;5;23.0;0
Châteauroux;46.81;1.69;01/08/2026;17:00;;0;SOLEIL;;25.2;0
Châteauroux;46.81;1.69;01/08/2026;18:00;;0;SOLEIL;;27.4;0
Châteauroux;46.81;1.69;01/08/2026;19:00;;0;SOLEIL;;29.2;0
Châteauroux;46.81;1.69;01/08/2026;20:00;18.9;0;SOLEIL;5;30.2;0
Châteauroux;46.81;1.69;01/08/2026;21:00;17.6;0;SOLEIL;5;31.0;0
Châteauroux;46.81;1.69;01/08/2026;22:00;16.4;0;SOLEIL;5;31.0;0
Châteauroux;46.81;1.69;01/08/2026;23:00;;0;SOLEIL;;31.0;0
Châteauroux;46.81;1.69;02/08/2026;00:00;;0;SOLEIL;;30.6;0
Châteauroux;46.81;1.69;02/08/2026;01:00;;0;SOLEIL;;30.2;0
Châteauroux;46.81;1.69;02/08/2026;02:00;13.6;0;SOLEIL;5;29.5;0
Châteauroux;46.81;1.69;02/08/2026;03:00;13.6;0;SOLEIL;5;28.4;0
Châteauroux;46.81;1.69;02/08/2026;04:00;13.6;0;SOLEIL;5;27.4;0
Châteauroux;46.81;1.69;02/08/2026;05:00;;0;SOLEIL;;25.9;0
Châteauroux;46.81;1.69;02/08/2026;06:00;;0;SOLEIL;;24.5;0
Châteauroux;46.81;1.69;02/08/2026;07:00;;0;SOLEIL;;23.0;0
Châteauroux;46.81;1.69;02/08/2026;08:00;16.2;0;SOLEIL;5;22.0;0
Châteauroux;46.81;1.69;02/08/2026;09:00;17.4;0;SOLEIL;5;21.2;0
Châteauroux;46.81;1.69;02/08/2026;10:00;18.7;0;SOLEIL;5;20.5;0
Châteauroux;46.81;1.69;02/08/2026;11:00;;0;SOLEIL;;20.2;0
Châteauroux;46.81;1.69;02/08/2026;12:00;;0;SOLEIL;;19.8;0
Châteauroux;46.81;1.69;02/08/2026;13:00;;0;SOLEIL;;19.4;0
Châteauroux;46.81;1.69;02/08/2026;14:00;23.8;0;SOLEIL;5;19.1;0
Châteauroux;46.81;1.69;02/08/2026;15:00;25.1;0;SOLEIL;5;18.7;0
Châteauroux;46.81;1.69;02/08/2026;16:00;23.8;0;SOLEIL;5;18.0;0
Châteauroux;46.81;1.69;02/08/2026;17:00;;0;SOLEIL;;17.6;0
Châteauroux;46.81;1.69;02/08/2026;18:00;;0;SOLEIL;;17.3;0
Châteauroux;46.81;1.69;02/08/2026;19:00;;0;SOLEIL;;16.6;0
Châteauroux;46.81;1.69;02/08/2026;20:00;18.7;0;SOLEIL;5;16.2;0
Châteauroux;46.81;1.69;02/08/2026;21:00;17.4;0;SOLEIL;5;15.5;0
Châteauroux;46.81;1.69;02/08/2026;22:00;16.2;0;SOLEIL;5;14.8;0
Châteauroux;46.81;1.69;02/08/2026;23:00;14.9;0;SOLEIL;5;14.4;0
Châteauroux;46.81;1.69;03/08/2026;00:00;12;0;SOLEIL;5;18.8;0
Châteauroux;46.81;1.69;03/08/2026;01:00;12;0;SOLEIL;5;22.5;0
Châteauroux;46.81;1.69;03/08/2026;02:00;12;0;SOLEIL;5;26.1;0
Châteauroux;46.81;1.69;03/08/2026;03:00;12;0;SOLEIL;5;32.0;0
Châteauroux;46.81;1.69;03/08/2026;04:00;12;0;SOLEIL;5;34.6;0
Châteauroux;46.81;1.69;03/08/2026;05:00;12;0;SOLEIL;5;35.3;0
Châteauroux;46.81;1.69;03/08/2026;06:00;12;0;SOLEIL;5;33.5;0
Châteauroux;46.81;1.69;03/08/2026;07:00;13.1;0;SOLEIL;5;30.2;0
Châteauroux;46.81;1.69;03/08/2026;08:00;14.2;0;SOLEIL;5;26.3;0
Châteauroux;46.81;1.69;03/08/2026;09:00;15.3;0;SOLEIL;5;20.2;0
Châteauroux;46.81;1.69;03/08/2026;10:00;16.4;0;SOLEIL;5;13.3;0
Châteauroux;46.81;1.69;03/08/2026;11:00;17.6;0;SOLEIL;5;9.7;0
Châteauroux;46.81;1.69;03/08/2026;12:00;18.7;0;SOLEIL;5;12.2;0
Châteauroux;46.81;1.69;03/08/2026;13:00;19.8;0;SOLEIL;5;18.4;0
Châteauroux;46.81;1.69;03/08/2026;14:00;20.9;0;SOLEIL;5;23.4;0
Châteauroux;46.81;1.69;03/08/2026;15:00;22.0;0;SOLEIL;5;26.3;0
Châteauroux;46.81;1.69;03/08/2026;16:00;20.9;0;SOLEIL;5;27.7;0
Châteauroux;46.81;1.69;03/08/2026;17:00;19.8;0;SOLEIL;5;28.8;0
Châteauroux;46.81;1.69;03/08/2026;18:00;18.7;0;SOLEIL;5;28.1;0
Châteauroux;46.81;1.69;03/08/2026;19:00;17.6;0;SOLEIL;5;26.3;0
Châteauroux;46.81;1.69;03/08/2026;20:00;16.4;0;SOLEIL;5;26.3;0
Châteauroux;46.81;1.69;03/08/2026;21:00;15.3;0;SOLEIL;5;30.6;0
Châteauroux;46.81;1.69;03/08/2026;22:00;14.2;0;SOLEIL;5;36.7;0
Châteauroux;46.81;1.69;03/08/2026;23:00;13.1;0;SOLEIL;5;41.0;0
Châteauroux;46.81;1.69;04/08/2026;00:00;12;0;SOLEIL;5;0.0;0
Châteauroux;46.81;1.69;04/08/2026;01:00;12;0;SOLEIL;5;0.0;0
Châteauroux;46.81;1.69;04/08/2026;02:00;12;0;SOLEIL;5;0.0;0
Châteauroux;46.81;1.69;04/08/2026;03:00;12;0;SOLEIL;5;0.0;0
Châteauroux;46.81;1.69;04/08/2026;04:00;12;0;SOLEIL;5;0.0;0
Châteauroux;46.81;1.69;04/08/2026;05:00;12;0;SOLEIL;5;0.0;0
Châteauroux;46.81;1.69;04/08/2026;06:00;12;0;SOLEIL;5;0.0;0
Châteauroux;46.81;1.69;04/08/2026;07:00;13.1;0;SOLEIL;5;0.0;0
Châteauroux;46.81;1.69;04/08/2026;08:00;14.2;0;SOLEIL;5;0.0;0
Châteauroux;46.81;1.69;04/08/2026;09:00;15.3;0;SOLEIL;5;0.0;0
Châteauroux;46.81;1.69;04/08/2026;10:00;16.4;0;SOLEIL;5;0.0;0
Châteauroux;46.81;1.69;04/08/2026;11:00;17.6;0;SOLEIL;5;0.0;0
Châteauroux;46.81;1.69;04/08/2026;12:00;18.7;0;SOLEIL;5;0.0;0
Châteauroux;46.81;1.69;04/08/2026;13:00;19.8;0;SOLEIL;5;0.0;0
Châteauroux;46.81;1.69;04/08/2026;14:00;20.9;0;SOLEIL;5;0.0;0
Châteauroux;46.81;1.69;04/08/2026;15:00;22.0;0;SOLEIL;5;0.0;0
Châteauroux;46.81;1.69;04/08/2026;16:00;20.9;0;SOLEIL;5;0.0;0
Châteauroux;46.81;1.69;04/08/2026;17:00;19.8;0;SOLEIL;5;0.0;0
Châteauroux;46.81;1.69;04/08/2026;18:00;18.7;0;SOLEIL;5;0.0;0
Châteauroux;46.81;1.69;04/08/2026;19:00;17.6;0;SOLEIL;5;0.0;0
Châteauroux;46.81;1.69;04/08/2026;20:00;16.4;0;SOLEIL;5;0.0;0
Châteauroux;46.81;1.69;04/08/2026;21:00;15.3;0;SOLEIL;5;0.0;0
Châteauroux;46.81;1.69;04/08/2026;22:00;14.2;0;SOLEIL;5;0.0;0
Châteauroux;46.81;1.69;04/08/2026;23:00;13.1;0;SOLEIL;5;0.0;0
Écueillé;47.08;1.34;20/07/2026;00:00;18;0;SOLEIL;4;24.8;0
Écueillé;47.08;1.34;20/07/2026;01:00;16.6;0;SOLEIL;4;21.6;0
Écueillé;47.08;1.34;20/07/2026;02:00;16.1;0;SOLEIL;4;20.9;0
Écueillé;47.08;1.34;20/07/2026;03:00;15.1;0;SOLEIL;4;19.8;0
Écueillé;47.08;1.34;20/07/2026;04:00;14.1;0;SOLEIL;4;19.8;0
Écueillé;47.08;1.34;20/07/2026;05:00;14.4;0;SOLEIL;4;25.2;0
Écueillé;47.08;1.34;20/07/2026;06:00;16.2;0;SOLEIL;4;27.4;0
Écueillé;47.08;1.34;20/07/2026;07:00;18.1;0;SOLEIL;5;26.6;0
Écueillé;47.08;1.34;20/07/2026;08:00;20;0;SOLEIL;5;30.2;0
Écueillé;47.08;1.34;20/07/2026;09:00;22.1;0;SOLEIL;5;33.8;0
Écueillé;47.08;1.34;20/07/2026;10:00;23.6;0;SOLEIL;5;34.9;0
Écueillé;47.08;1.34;20/07/2026;11:00;24.9;0;SOLEIL;5;38.2;0
Écueillé;47.08;1.34;20/07/2026;12:00;26.1;0;SOLEIL;5;41.4;0
Écueillé;47.08;1.34;20/07/2026;13:00;27.5;0;SOLEIL;5;42.1;0
Écueillé;47.08;1.34;20/07/2026;14:00;27.7;0;SOLEIL;5;38.2;0
Écueillé;47.08;1.34;20/07/2026;15:00;28.4;0;SOLEIL;5;37.1;0
Écueillé;47.08;1.34;20/07/2026;16:00;28.4;0;SOLEIL;5;35.6;0
Écueillé;47.08;1.34;20/07/2026;17:00;27.6;0;SOLEIL;6;39.2;0
Écueillé;47.08;1.34;20/07/2026;18:00;26.7;0;SOLEIL;6;41.0;0
Écueillé;47.08;1.34;20/07/2026;19:00;24.6;0;SOLEIL;5;40.7;0
Écueillé;47.08;1.34;20/07/2026;20:00;22.6;0;SOLEIL;4;44.6;0
Écueillé;47.08;1.34;20/07/2026;21:00;21;0;SOLEIL;4;42.8;0
Écueillé;47.08;1.34;20/07/2026;22:00;18.7;0;SOLEIL;4;37.8;0
Écueillé;47.08;1.34;20/07/2026;23:00;17.6;0;SOLEIL;4;25.6;0
Écueillé;47.08;1.34;21/07/2026;00:00;16.6;0;SOLEIL;4;25.2;0
Écueillé;47.08;1.34;21/07/2026;01:00;16.6;0;SOLEIL;4;24.8;0
Écueillé;47.08;1.34;21/07/2026;02:00;15;0;SOLEIL;5;24.1;0
Écueillé;47.08;1.34;21/07/2026;03:00;15;0;SOLEIL;5;23.8;0
Écueillé;47.08;1.34;21/07/2026;04:00;15;0;SOLEIL;5;24.5;0
Écueillé;47.08;1.34;21/07/2026;05:00;16.1;0;SOLEIL;5;26.3;0
Écueillé;47.08;1.34;21/07/2026;06:00;16.1;0;SOLEIL;5;25.9;0
Écueillé;47.08;1.34;21/07/2026;07:00;16.1;0;SOLEIL;5;26.3;0
Écueillé;47.08;1.34;21/07/2026;08:00;21.7;0;SOLEIL;5;27.4;0
Écueillé;47.08;1.34;21/07/2026;09:00;21.7;0;SOLEIL;5;30.6;0
Écueillé;47.08;1.34;21/07/2026;10:00;21.7;0;SOLEIL;5;34.9;0
Écueillé;47.08;1.34;21/07/2026;11:00;26.4;0;SOLEIL;5;40.0;0
Écueillé;47.08;1.34;21/07/2026;12:00;26.4;0;SOLEIL;5;41.9;0
Écueillé;47.08;1.34;21/07/2026;13:00;26.4;0;SOLEIL;5;44.5;0
Écueillé;47.08;1.34;21/07/2026;14:00;28.6;0;SOLEIL;6;44.4;0
Écueillé;47.08;1.34;21/07/2026;15:00;28.6;0;SOLEIL;6;43.6;0
Écueillé;47.08;1.34;21/07/2026;16:00;28.6;0;SOLEIL;6;42.1;0
Écueillé;47.08;1.34;21/07/2026;17:00;27.9;0;SOLEIL;6;40.7;0
Écueillé;47.08;1.34;21/07/2026;18:00;27.9;0;SOLEIL;6;39.2;0
Écueillé;47.08;1.34;21/07/2026;19:00;27.9;0;SOLEIL;6;37.8;0
Écueillé;47.08;1.34;21/07/2026;20:00;22.1;0;SOLEIL;4;36.7;0
Écueillé;47.08;1.34;21/07/2026;21:00;22.1;0;SOLEIL;4;34.9;0
Écueillé;47.08;1.34;21/07/2026;22:00;22.1;0;SOLEIL;4;28.4;0
Écueillé;47.08;1.34;21/07/2026;23:00;17.9;0;SOLEIL;4;20.2;0
Écueillé;47.08;1.34;22/07/2026;00:00;17.9;0;SOLEIL;4;19.1;0
Écueillé;47.08;1.34;22/07/2026;01:00;17.9;0;SOLEIL;4;18.7;0
Écueillé;47.08;1.34;22/07/2026;02:00;15.6;0;SOLEIL;4;19.1;0
Écueillé;47.08;1.34;22/07/2026;03:00;15.6;0;SOLEIL;4;19.4;0
Écueillé;47.08;1.34;22/07/2026;04:00;15.6;0;SOLEIL;4;19.4;0
Écueillé;47.08;1.34;22/07/2026;05:00;17.4;0;SOLEIL;3;18.0;0
Écueillé;47.08;1.34;22/07/2026;06:00;17.4;0;SOLEIL;3;15.8;0
Écueillé;47.08;1.34;22/07/2026;07:00;17.4;0;SOLEIL;3;12.6;0
Écueillé;47.08;1.34;22/07/2026;08:00;23.4;0;SOLEIL;3;16.9;0
Écueillé;47.08;1.34;22/07/2026;09:00;23.4;0;SOLEIL;3;21.2;0
Écueillé;47.08;1.34;22/07/2026;10:00;23.4;0;SOLEIL;3;24.1;0
Écueillé;47.08;1.34;22/07/2026;11:00;27.6;0;SOLEIL;4;25.2;0
Écueillé;47.08;1.34;22/07/2026;12:00;27.6;0;SOLEIL;4;29.5;0
Écueillé;47.08;1.34;22/07/2026;13:00;27.6;0;SOLEIL;4;30.6;0
Écueillé;47.08;1.34;22/07/2026;14:00;30.2;0;SOLEIL;4;31.3;0
Écueillé;47.08;1.34;22/07/2026;15:00;30.2;0;SOLEIL;4;31.7;0
Écueillé;47.08;1.34;22/07/2026;16:00;30.2;0;SOLEIL;4;31.3;0
Écueillé;47.08;1.34;22/07/2026;17:00;28.2;0;SOLEIL;4;31.0;0
Écueillé;47.08;1.34;22/07/2026;18:00;28.2;0;SOLEIL;4;31.3;0
Écueillé;47.08;1.34;22/07/2026;19:00;28.2;0;SOLEIL;4;31.3;0
Écueillé;47.08;1.34;22/07/2026;20:00;20.9;0;SOLEIL;5;30.2;0
Écueillé;47.08;1.34;22/07/2026;21:00;19.1;0;SOLEIL;5;26.3;0
Écueillé;47.08;1.34;22/07/2026;22:00;17.2;0;SOLEIL;5;20.9;0
Écueillé;47.08;1.34;22/07/2026;23:00;19.2;0;SOLEIL;4;16.9;0
Écueillé;47.08;1.34;23/07/2026;00:00;19.2;0;SOLEIL;4;15.1;0
Écueillé;47.08;1.34;23/07/2026;01:00;19.2;0;SOLEIL;4;14.8;0
Écueillé;47.08;1.34;23/07/2026;02:00;17.2;0;SOLEIL;5;14.0;0
Écueillé;47.08;1.34;23/07/2026;03:00;17.2;0;SOLEIL;5;12.6;0
Écueillé;47.08;1.34;23/07/2026;04:00;17.2;0;SOLEIL;5;11.2;0
Écueillé;47.08;1.34;23/07/2026;05:00;20;0;SOLEIL;3;10.4;0
Écueillé;47.08;1.34;23/07/2026;06:00;20;0;SOLEIL;3;10.1;0
Écueillé;47.08;1.34;23/07/2026;07:00;20;0;SOLEIL;3;10.1;0
Écueillé;47.08;1.34;23/07/2026;08:00;20.5;0;SOLEIL;5;11.9;0
Écueillé;47.08;1.34;23/07/2026;09:00;22.2;0;SOLEIL;5;16.9;0
Écueillé;47.08;1.34;23/07/2026;10:00;23.9;0;SOLEIL;5;23.4;0
Écueillé;47.08;1.34;23/07/2026;11:00;30.2;0;SOLEIL;4;28.4;0
Écueillé;47.08;1.34;23/07/2026;12:00;30.2;0;SOLEIL;4;30.6;0
Écueillé;47.08;1.34;23/07/2026;13:00;30.2;0;SOLEIL;4;31.7;0
Écueillé;47.08;1.34;23/07/2026;14:00;30.5;0;SOLEIL;5;32.0;0
Écueillé;47.08;1.34;23/07/2026;15:00;32.2;0;SOLEIL;5;32.4;0
Écueillé;47.08;1.34;23/07/2026;16:00;30.5;0;SOLEIL;5;32.4;0
Écueillé;47.08;1.34;23/07/2026;17:00;29.7;0;SOLEIL;4;32.4;0
Écueillé;47.08;1.34;23/07/2026;18:00;29.7;0;SOLEIL;4;32.8;0
Écueillé;47.08;1.34;23/07/2026;19:00;29.7;0;SOLEIL;4;32.8;0
Écueillé;47.08;1.34;23/07/2026;20:00;23.9;0;SOLEIL;5;31.3;0
Écueillé;47.08;1.34;23/07/2026;21:00;22.2;0;SOLEIL;5;26.6;0
Écueillé;47.08;1.34;23/07/2026;22:00;20.5;0;SOLEIL;5;20.5;0
Écueillé;47.08;1.34;23/07/2026;23:00;21.1;0;SOLEIL;4;15.8;0
Écueillé;47.08;1.34;24/07/2026;00:00;21.1;0;SOLEIL;4;14.0;0
Écueillé;47.08;1.34;24/07/2026;01:00;21.1;0;SOLEIL;4;13.3;0
Écueillé;47.08;1.34;24/07/2026;02:00;16;0;SOLEIL;5;13.0;0
Écueillé;47.08;1.34;24/07/2026;03:00;16;0;SOLEIL;5;11.9;0
Écueillé;47.08;1.34;24/07/2026;04:00;16;0;SOLEIL;5;11.2;0
Écueillé;47.08;1.34;24/07/2026;05:00;18.7;0;SOLEIL;3;10.8;0
Écueillé;47.08;1.34;24/07/2026;06:00;18.7;0;SOLEIL;3;10.9;0
Écueillé;47.08;1.34;24/07/2026;07:00;18.7;0;SOLEIL;3;11.0;0
Écueillé;47.08;1.34;24/07/2026;08:00;19.6;0;SOLEIL;5;10.6;0
Écueillé;47.08;1.34;24/07/2026;09:00;21.4;0;SOLEIL;5;10.1;0
Écueillé;47.08;1.34;24/07/2026;10:00;23.2;0;SOLEIL;5;15.8;0
Écueillé;47.08;1.34;24/07/2026;11:00;29.6;0;SOLEIL;3;20.5;0
Écueillé;47.08;1.34;24/07/2026;12:00;29.6;0;SOLEIL;3;22.7;0
Écueillé;47.08;1.34;24/07/2026;13:00;29.6;0;SOLEIL;3;23.4;0
Écueillé;47.08;1.34;24/07/2026;14:00;30.3;0;SOLEIL;5;23.8;0
Écueillé;47.08;1.34;24/07/2026;15:00;32.1;0;SOLEIL;5;24.1;0
Écueillé;47.08;1.34;24/07/2026;16:00;30.3;0;SOLEIL;5;23.8;0
Écueillé;47.08;1.34;24/07/2026;17:00;30.5;0;SOLEIL;3;23.4;0
Écueillé;47.08;1.34;24/07/2026;18:00;30.5;0;SOLEIL;3;22.7;0
Écueillé;47.08;1.34;24/07/2026;19:00;30.5;0;SOLEIL;3;21.6;0
Écueillé;47.08;1.34;24/07/2026;20:00;23.2;0;SOLEIL;5;19.4;0
Écueillé;47.08;1.34;24/07/2026;21:00;21.4;0;SOLEIL;5;15.8;0
Écueillé;47.08;1.34;24/07/2026;22:00;19.6;0;SOLEIL;5;11.5;0
Écueillé;47.08;1.34;24/07/2026;23:00;22.1;0;SOLEIL;3;7.6;0
Écueillé;47.08;1.34;25/07/2026;00:00;22.1;0;SOLEIL;3;4.7;0
Écueillé;47.08;1.34;25/07/2026;01:00;22.1;0;SOLEIL;3;2.9;0
Écueillé;47.08;1.34;25/07/2026;02:00;18.5;0;SOLEIL;5;1.8;0
Écueillé;47.08;1.34;25/07/2026;03:00;18.5;0;SOLEIL;5;2.2;0
Écueillé;47.08;1.34;25/07/2026;04:00;18.5;0;SOLEIL;5;3.6;0
Écueillé;47.08;1.34;25/07/2026;05:00;19.2;0;SOLEIL;2;5.0;0
Écueillé;47.08;1.34;25/07/2026;06:00;19.2;0;SOLEIL;2;5.4;0
Écueillé;47.08;1.34;25/07/2026;07:00;19.2;0;SOLEIL;2;5.8;0
Écueillé;47.08;1.34;25/07/2026;08:00;21.4;0;SOLEIL;5;6.8;0
Écueillé;47.08;1.34;25/07/2026;09:00;22.8;0;SOLEIL;5;9.0;0
Écueillé;47.08;1.34;25/07/2026;10:00;24.3;0;SOLEIL;5;11.9;0
Écueillé;47.08;1.34;25/07/2026;11:00;29.6;0;SOLEIL;5;15.1;0
Écueillé;47.08;1.34;25/07/2026;12:00;29.6;0;SOLEIL;5;19.4;0
Écueillé;47.08;1.34;25/07/2026;13:00;29.6;0;SOLEIL;5;24.5;0
Écueillé;47.08;1.34;25/07/2026;14:00;30.1;0;SOLEIL;5;28.4;0
Écueillé;47.08;1.34;25/07/2026;15:00;31.5;0;SOLEIL;5;31.0;0
Écueillé;47.08;1.34;25/07/2026;16:00;30.1;0;SOLEIL;5;32.4;0
Écueillé;47.08;1.34;25/07/2026;17:00;28.1;0;SOLEIL;5;33.1;0
Écueillé;47.08;1.34;25/07/2026;18:00;28.1;0;SOLEIL;5;33.1;0
Écueillé;47.08;1.34;25/07/2026;19:00;28.1;0;SOLEIL;5;32.4;0
Écueillé;47.08;1.34;25/07/2026;20:00;24.3;0;SOLEIL;5;29.5;0
Écueillé;47.08;1.34;25/07/2026;21:00;22.8;0;SOLEIL;5;23.0;0
Écueillé;47.08;1.34;25/07/2026;22:00;21.4;0;SOLEIL;5;14.8;0
Écueillé;47.08;1.34;25/07/2026;23:00;21.6;0;SOLEIL;5;8.6;0
Écueillé;47.08;1.34;26/07/2026;00:00;21.6;0;SOLEIL;5;7.2;0
Écueillé;47.08;1.34;26/07/2026;01:00;21.6;0;SOLEIL;5;7.9;0
Écueillé;47.08;1.34;26/07/2026;02:00;18.1;0;SOLEIL;5;8.3;0
Écueillé;47.08;1.34;26/07/2026;03:00;18.1;0;SOLEIL;5;7.2;0
Écueillé;47.08;1.34;26/07/2026;04:00;18.1;0;SOLEIL;5;5.8;0
Écueillé;47.08;1.34;26/07/2026;05:00;19.1;0;SOLEIL;4;4.7;0
Écueillé;47.08;1.34;26/07/2026;06:00;19.1;0;SOLEIL;4;4.3;0
Écueillé;47.08;1.34;26/07/2026;07:00;19.1;0;SOLEIL;4;4.7;0
Écueillé;47.08;1.34;26/07/2026;08:00;19.9;0;SOLEIL;5;5.0;0
Écueillé;47.08;1.34;26/07/2026;09:00;20.9;0;SOLEIL;5;5.0;0
Écueillé;47.08;1.34;26/07/2026;10:00;21.8;0;SOLEIL;5;5.4;0
Écueillé;47.08;1.34;26/07/2026;11:00;25;0;SOLEIL;5;6.8;0
Écueillé;47.08;1.34;26/07/2026;12:00;25;0;SOLEIL;5;15.6;0
Écueillé;47.08;1.34;26/07/2026;13:00;25;0;SOLEIL;5;24.7;0
Écueillé;47.08;1.34;26/07/2026;14:00;25.5;0;SOLEIL;5;31.5;0
Écueillé;47.08;1.34;26/07/2026;15:00;26.4;0;SOLEIL;5;36.7;0
Écueillé;47.08;1.34;26/07/2026;16:00;25.5;0;SOLEIL;5;38.2;0
Écueillé;47.08;1.34;26/07/2026;17:00;24.2;0;SOLEIL;5;39.6;0
Écueillé;47.08;1.34;26/07/2026;18:00;24.2;0;SOLEIL;5;40.3;0
Écueillé;47.08;1.34;26/07/2026;19:00;24.2;0;SOLEIL;5;41.0;0
Écueillé;47.08;1.34;26/07/2026;20:00;21.8;0;SOLEIL;5;41.4;0
Écueillé;47.08;1.34;26/07/2026;21:00;20.9;0;SOLEIL;5;41.4;0
Écueillé;47.08;1.34;26/07/2026;22:00;19.9;0;SOLEIL;5;40.7;0
Écueillé;47.08;1.34;26/07/2026;23:00;19.9;0;SOLEIL;4;40.0;0
Écueillé;47.08;1.34;27/07/2026;00:00;19.9;0;SOLEIL;4;38.9;0
Écueillé;47.08;1.34;27/07/2026;01:00;19.9;0;SOLEIL;4;38.2;0
Écueillé;47.08;1.34;27/07/2026;02:00;17;6;AVERSES;5;37.4;0
Écueillé;47.08;1.34;27/07/2026;03:00;17;6;AVERSES;5;37.1;0
Écueillé;47.08;1.34;27/07/2026;04:00;17;6;AVERSES;5;36.7;0
Écueillé;47.08;1.34;27/07/2026;05:00;18.1;6;AVERSES;4;36.4;0
Écueillé;47.08;1.34;27/07/2026;06:00;18.1;6;AVERSES;4;36.0;0
Écueillé;47.08;1.34;27/07/2026;07:00;18.1;6;AVERSES;4;36.4;0
Écueillé;47.08;1.34;27/07/2026;08:00;19.0;6;AVERSES;5;36.7;0
Écueillé;47.08;1.34;27/07/2026;09:00;20.0;6;AVERSES;5;37.8;0
Écueillé;47.08;1.34;27/07/2026;10:00;21.0;6;AVERSES;5;38.9;0
Écueillé;47.08;1.34;27/07/2026;11:00;24.1;6;AVERSES;5;40.7;0
Écueillé;47.08;1.34;27/07/2026;12:00;24.1;6;AVERSES;5;42.1;0
Écueillé;47.08;1.34;27/07/2026;13:00;24.1;6;AVERSES;5;43.6;0
Écueillé;47.08;1.34;27/07/2026;14:00;24.9;6;AVERSES;5;45.0;0
Écueillé;47.08;1.34;27/07/2026;15:00;25.9;6;AVERSES;5;46.1;0
Écueillé;47.08;1.34;27/07/2026;16:00;24.9;6;AVERSES;5;47.5;0
Écueillé;47.08;1.34;27/07/2026;17:00;23.6;6;AVERSES;5;49.0;0
Écueillé;47.08;1.34;27/07/2026;18:00;23.6;6;AVERSES;5;49.7;0
Écueillé;47.08;1.34;27/07/2026;19:00;23.6;6;AVERSES;5;50.0;0
Écueillé;47.08;1.34;27/07/2026;20:00;21.0;6;AVERSES;5;49.7;0
Écueillé;47.08;1.34;27/07/2026;21:00;20.0;6;AVERSES;5;47.9;0
Écueillé;47.08;1.34;27/07/2026;22:00;19.0;6;AVERSES;5;45.4;0
Écueillé;47.08;1.34;27/07/2026;23:00;19.1;0;SOLEIL;4;42.1;0
Écueillé;47.08;1.34;28/07/2026;00:00;19.1;0;SOLEIL;4;38.9;0
Écueillé;47.08;1.34;28/07/2026;01:00;19.1;0;SOLEIL;4;35.6;0
Écueillé;47.08;1.34;28/07/2026;02:00;16.4;0;SOLEIL;5;33.5;0
Écueillé;47.08;1.34;28/07/2026;03:00;16.4;0;SOLEIL;5;32.0;0
Écueillé;47.08;1.34;28/07/2026;04:00;16.4;0;SOLEIL;5;31.0;0
Écueillé;47.08;1.34;28/07/2026;05:00;17.6;0;SOLEIL;4;29.9;0
Écueillé;47.08;1.34;28/07/2026;06:00;17.6;0;SOLEIL;4;29.5;0
Écueillé;47.08;1.34;28/07/2026;07:00;17.6;0;SOLEIL;4;29.5;0
Écueillé;47.08;1.34;28/07/2026;08:00;18.5;0;SOLEIL;5;29.5;0
Écueillé;47.08;1.34;28/07/2026;09:00;19.6;0;SOLEIL;5;30.2;0
Écueillé;47.08;1.34;28/07/2026;10:00;20.7;0;SOLEIL;5;31.7;0
Écueillé;47.08;1.34;28/07/2026;11:00;24.6;6;AVERSES;5;33.1;0
Écueillé;47.08;1.34;28/07/2026;12:00;24.6;6;AVERSES;5;34.9;0
Écueillé;47.08;1.34;28/07/2026;13:00;24.6;6;AVERSES;5;36.4;0
Écueillé;47.08;1.34;28/07/2026;14:00;24.9;0;SOLEIL;5;37.4;0
Écueillé;47.08;1.34;28/07/2026;15:00;26.0;0;SOLEIL;5;38.2;0
Écueillé;47.08;1.34;28/07/2026;16:00;24.9;0;SOLEIL;5;38.9;0
Écueillé;47.08;1.34;28/07/2026;17:00;23.1;0;SOLEIL;4;39.2;0
Écueillé;47.08;1.34;28/07/2026;18:00;23.1;0;SOLEIL;4;39.2;0
Écueillé;47.08;1.34;28/07/2026;19:00;23.1;0;SOLEIL;4;38.9;0
Écueillé;47.08;1.34;28/07/2026;20:00;20.7;0;SOLEIL;5;38.2;0
Écueillé;47.08;1.34;28/07/2026;21:00;19.6;0;SOLEIL;5;36.4;0
Écueillé;47.08;1.34;28/07/2026;22:00;18.5;0;SOLEIL;5;33.5;0
Écueillé;47.08;1.34;28/07/2026;23:00;19;0;SOLEIL;4;30.2;0
Écueillé;47.08;1.34;29/07/2026;00:00;19;0;SOLEIL;4;27.0;0
Écueillé;47.08;1.34;29/07/2026;01:00;19;0;SOLEIL;4;24.5;0
Écueillé;47.08;1.34;29/07/2026;02:00;16.1;0;SOLEIL;5;23.0;0
Écueillé;47.08;1.34;29/07/2026;03:00;16.1;0;SOLEIL;5;22.7;0
Écueillé;47.08;1.34;29/07/2026;04:00;16.1;0;SOLEIL;5;23.4;0
Écueillé;47.08;1.34;29/07/2026;05:00;;0;SOLEIL;;24.5;0
Écueillé;47.08;1.34;29/07/2026;06:00;;0;SOLEIL;;26.3;0
Écueillé;47.08;1.34;29/07/2026;07:00;;0;SOLEIL;;28.1;0
Écueillé;47.08;1.34;29/07/2026;08:00;18.9;0;SOLEIL;5;29.9;0
Écueillé;47.08;1.34;29/07/2026;09:00;20.3;0;SOLEIL;5;32.0;0
Écueillé;47.08;1.34;29/07/2026;10:00;21.7;0;SOLEIL;5;34.9;0
Écueillé;47.08;1.34;29/07/2026;11:00;;0;SOLEIL;;37.8;0
Écueillé;47.08;1.34;29/07/2026;12:00;;0;SOLEIL;;40.7;0
Écueillé;47.08;1.34;29/07/2026;13:00;;0;SOLEIL;;42.8;0
Écueillé;47.08;1.34;29/07/2026;14:00;27.2;0;SOLEIL;5;44.6;0
Écueillé;47.08;1.34;29/07/2026;15:00;28.6;0;SOLEIL;5;45.7;0
Écueillé;47.08;1.34;29/07/2026;16:00;27.2;0;SOLEIL;5;46.4;0
Écueillé;47.08;1.34;29/07/2026;17:00;;0;SOLEIL;;46.4;0
Écueillé;47.08;1.34;29/07/2026;18:00;;0;SOLEIL;;46.1;0
Écueillé;47.08;1.34;29/07/2026;19:00;;0;SOLEIL;;45.4;0
Écueillé;47.08;1.34;29/07/2026;20:00;21.7;0;SOLEIL;5;44.3;0
Écueillé;47.08;1.34;29/07/2026;21:00;20.3;0;SOLEIL;5;42.1;0
Écueillé;47.08;1.34;29/07/2026;22:00;18.9;0;SOLEIL;5;39.2;0
Écueillé;47.08;1.34;29/07/2026;23:00;;0;SOLEIL;;36.0;0
Écueillé;47.08;1.34;30/07/2026;00:00;;0;SOLEIL;;32.4;0
Écueillé;47.08;1.34;30/07/2026;01:00;;0;SOLEIL;;29.2;0
Écueillé;47.08;1.34;30/07/2026;02:00;16.6;0;SOLEIL;5;26.6;0
Écueillé;47.08;1.34;30/07/2026;03:00;16.6;0;SOLEIL;5;24.5;0
Écueillé;47.08;1.34;30/07/2026;04:00;16.6;0;SOLEIL;5;22.3;0
Écueillé;47.08;1.34;30/07/2026;05:00;;0;SOLEIL;;20.5;0
Écueillé;47.08;1.34;30/07/2026;06:00;;0;SOLEIL;;18.7;0
Écueillé;47.08;1.34;30/07/2026;07:00;;0;SOLEIL;;17.6;0
Écueillé;47.08;1.34;30/07/2026;08:00;19.6;0;SOLEIL;5;17.3;0
Écueillé;47.08;1.34;30/07/2026;09:00;21.1;0;SOLEIL;5;17.6;0
Écueillé;47.08;1.34;30/07/2026;10:00;22.6;0;SOLEIL;5;18.7;0
Écueillé;47.08;1.34;30/07/2026;11:00;;0;SOLEIL;;20.2;0
Écueillé;47.08;1.34;30/07/2026;12:00;;0;SOLEIL;;22.0;0
Écueillé;47.08;1.34;30/07/2026;13:00;;0;SOLEIL;;23.8;0
Écueillé;47.08;1.34;30/07/2026;14:00;28.7;0;SOLEIL;5;24.8;0
Écueillé;47.08;1.34;30/07/2026;15:00;30.2;0;SOLEIL;5;25.6;0
Écueillé;47.08;1.34;30/07/2026;16:00;28.7;0;SOLEIL;5;26.6;0
Écueillé;47.08;1.34;30/07/2026;17:00;;0;SOLEIL;;27.4;0
Écueillé;47.08;1.34;30/07/2026;18:00;;0;SOLEIL;;27.7;0
Écueillé;47.08;1.34;30/07/2026;19:00;;0;SOLEIL;;27.7;0
Écueillé;47.08;1.34;30/07/2026;20:00;22.6;0;SOLEIL;5;27.7;0
Écueillé;47.08;1.34;30/07/2026;21:00;21.1;0;SOLEIL;5;27.0;0
Écueillé;47.08;1.34;30/07/2026;22:00;19.6;0;SOLEIL;5;25.6;0
Écueillé;47.08;1.34;30/07/2026;23:00;;0;SOLEIL;;23.8;0
Écueillé;47.08;1.34;31/07/2026;00:00;;0;SOLEIL;;22.3;0
Écueillé;47.08;1.34;31/07/2026;01:00;;0;SOLEIL;;20.9;0
Écueillé;47.08;1.34;31/07/2026;02:00;16.2;0;SOLEIL;5;20.2;0
Écueillé;47.08;1.34;31/07/2026;03:00;16.2;0;SOLEIL;5;20.2;0
Écueillé;47.08;1.34;31/07/2026;04:00;16.2;0;SOLEIL;5;20.9;0
Écueillé;47.08;1.34;31/07/2026;05:00;;0;SOLEIL;;22.0;0
Écueillé;47.08;1.34;31/07/2026;06:00;;0;SOLEIL;;23.0;0
Écueillé;47.08;1.34;31/07/2026;07:00;;0;SOLEIL;;24.1;0
Écueillé;47.08;1.34;31/07/2026;08:00;19.4;0;SOLEIL;5;24.8;0
Écueillé;47.08;1.34;31/07/2026;09:00;21.0;0;SOLEIL;5;25.2;0
Écueillé;47.08;1.34;31/07/2026;10:00;22.6;0;SOLEIL;5;25.6;0
Écueillé;47.08;1.34;31/07/2026;11:00;;0;SOLEIL;;25.6;0
Écueillé;47.08;1.34;31/07/2026;12:00;;0;SOLEIL;;25.6;0
Écueillé;47.08;1.34;31/07/2026;13:00;;0;SOLEIL;;25.9;0
Écueillé;47.08;1.34;31/07/2026;14:00;29.0;0;SOLEIL;5;25.9;0
Écueillé;47.08;1.34;31/07/2026;15:00;30.6;0;SOLEIL;5;26.3;0
Écueillé;47.08;1.34;31/07/2026;16:00;29.0;0;SOLEIL;5;26.6;0
Écueillé;47.08;1.34;31/07/2026;17:00;;0;SOLEIL;;27.0;0
Écueillé;47.08;1.34;31/07/2026;18:00;;0;SOLEIL;;27.4;0
Écueillé;47.08;1.34;31/07/2026;19:00;;0;SOLEIL;;27.4;0
Écueillé;47.08;1.34;31/07/2026;20:00;22.6;0;SOLEIL;5;27.0;0
Écueillé;47.08;1.34;31/07/2026;21:00;21.0;0;SOLEIL;5;26.3;0
Écueillé;47.08;1.34;31/07/2026;22:00;19.4;0;SOLEIL;5;25.2;0
Écueillé;47.08;1.34;31/07/2026;23:00;;0;SOLEIL;;24.1;0
Écueillé;47.08;1.34;01/08/2026;00:00;;0;SOLEIL;;23.0;0
Écueillé;47.08;1.34;01/08/2026;01:00;;0;SOLEIL;;21.6;0
Écueillé;47.08;1.34;01/08/2026;02:00;17.5;0;SOLEIL;5;20.2;0
Écueillé;47.08;1.34;01/08/2026;03:00;17.5;0;SOLEIL;5;18.7;0
Écueillé;47.08;1.34;01/08/2026;04:00;17.5;0;SOLEIL;5;16.6;0
Écueillé;47.08;1.34;01/08/2026;05:00;;0;SOLEIL;;14.8;0
Écueillé;47.08;1.34;01/08/2026;06:00;;0;SOLEIL;;13.0;0
Écueillé;47.08;1.34;01/08/2026;07:00;;0;SOLEIL;;11.9;0
Écueillé;47.08;1.34;01/08/2026;08:00;19.8;0;SOLEIL;5;11.5;0
Écueillé;47.08;1.34;01/08/2026;09:00;20.9;0;SOLEIL;5;12.6;0
Écueillé;47.08;1.34;01/08/2026;10:00;22.0;0;SOLEIL;5;14.8;0
Écueillé;47.08;1.34;01/08/2026;11:00;;0;SOLEIL;;17.3;0
Écueillé;47.08;1.34;01/08/2026;12:00;;0;SOLEIL;;20.2;0
Écueillé;47.08;1.34;01/08/2026;13:00;;0;SOLEIL;;22.7;0
Écueillé;47.08;1.34;01/08/2026;14:00;26.6;0;SOLEIL;5;24.5;0
Écueillé;47.08;1.34;01/08/2026;15:00;27.7;0;SOLEIL;5;25.6;0
Écueillé;47.08;1.34;01/08/2026;16:00;26.6;0;SOLEIL;5;25.9;0
Écueillé;47.08;1.34;01/08/2026;17:00;;0;SOLEIL;;26.3;0
Écueillé;47.08;1.34;01/08/2026;18:00;;0;SOLEIL;;26.3;0
Écueillé;47.08;1.34;01/08/2026;19:00;;0;SOLEIL;;25.9;0
Écueillé;47.08;1.34;01/08/2026;20:00;22.0;0;SOLEIL;5;25.6;0
Écueillé;47.08;1.34;01/08/2026;21:00;20.9;0;SOLEIL;5;24.5;0
Écueillé;47.08;1.34;01/08/2026;22:00;19.8;0;SOLEIL;5;23.0;0
Écueillé;47.08;1.34;01/08/2026;23:00;;0;SOLEIL;;21.2;0
Écueillé;47.08;1.34;02/08/2026;00:00;;0;SOLEIL;;19.4;0
Écueillé;47.08;1.34;02/08/2026;01:00;;0;SOLEIL;;18.0;0
Écueillé;47.08;1.34;02/08/2026;02:00;16.1;0;SOLEIL;5;16.9;0
Écueillé;47.08;1.34;02/08/2026;03:00;16.1;0;SOLEIL;5;16.2;0
Écueillé;47.08;1.34;02/08/2026;04:00;16.1;0;SOLEIL;5;15.8;0
Écueillé;47.08;1.34;02/08/2026;05:00;;0;SOLEIL;;15.5;0
Écueillé;47.08;1.34;02/08/2026;06:00;;0;SOLEIL;;15.5;0
Écueillé;47.08;1.34;02/08/2026;07:00;;0;SOLEIL;;15.8;0
Écueillé;47.08;1.34;02/08/2026;08:00;18.7;0;SOLEIL;5;16.2;0
Écueillé;47.08;1.34;02/08/2026;09:00;19.9;0;SOLEIL;5;17.3;0
Écueillé;47.08;1.34;02/08/2026;10:00;21.2;0;SOLEIL;5;18.7;0
Écueillé;47.08;1.34;02/08/2026;11:00;;0;SOLEIL;;20.5;0
Écueillé;47.08;1.34;02/08/2026;12:00;;0;SOLEIL;;22.3;0
Écueillé;47.08;1.34;02/08/2026;13:00;;0;SOLEIL;;23.8;0
Écueillé;47.08;1.34;02/08/2026;14:00;26.3;0;SOLEIL;5;24.8;0
Écueillé;47.08;1.34;02/08/2026;15:00;27.6;0;SOLEIL;5;25.6;0
Écueillé;47.08;1.34;02/08/2026;16:00;26.3;0;SOLEIL;5;25.9;0
Écueillé;47.08;1.34;02/08/2026;17:00;;0;SOLEIL;;25.9;0
Écueillé;47.08;1.34;02/08/2026;18:00;;0;SOLEIL;;25.9;0
Écueillé;47.08;1.34;02/08/2026;19:00;;0;SOLEIL;;25.6;0
Écueillé;47.08;1.34;02/08/2026;20:00;21.2;0;SOLEIL;5;25.2;0
Écueillé;47.08;1.34;02/08/2026;21:00;19.9;0;SOLEIL;5;24.5;0
Écueillé;47.08;1.34;02/08/2026;22:00;18.7;0;SOLEIL;5;23.8;0
Écueillé;47.08;1.34;02/08/2026;23:00;17.4;0;SOLEIL;5;23.0;0
Écueillé;47.08;1.34;03/08/2026;00:00;12;0;SOLEIL;5;20.2;0
Écueillé;47.08;1.34;03/08/2026;01:00;12;0;SOLEIL;5;20.0;0
Écueillé;47.08;1.34;03/08/2026;02:00;12;0;SOLEIL;5;20.5;0
Écueillé;47.08;1.34;03/08/2026;03:00;12;0;SOLEIL;5;18.0;0
Écueillé;47.08;1.34;03/08/2026;04:00;12;0;SOLEIL;5;13.3;0
Écueillé;47.08;1.34;03/08/2026;05:00;12;0;SOLEIL;5;10.8;0
Écueillé;47.08;1.34;03/08/2026;06:00;12;0;SOLEIL;5;13.0;0
Écueillé;47.08;1.34;03/08/2026;07:00;13.1;0;SOLEIL;5;17.6;0
Écueillé;47.08;1.34;03/08/2026;08:00;14.2;0;SOLEIL;5;22.3;0
Écueillé;47.08;1.34;03/08/2026;09:00;15.3;0;SOLEIL;5;26.6;0
Écueillé;47.08;1.34;03/08/2026;10:00;16.4;0;SOLEIL;5;31.3;0
Écueillé;47.08;1.34;03/08/2026;11:00;17.6;0;SOLEIL;5;34.6;0
Écueillé;47.08;1.34;03/08/2026;12:00;18.7;0;SOLEIL;5;35.6;0
Écueillé;47.08;1.34;03/08/2026;13:00;19.8;0;SOLEIL;5;35.6;0
Écueillé;47.08;1.34;03/08/2026;14:00;20.9;0;SOLEIL;5;36.0;0
Écueillé;47.08;1.34;03/08/2026;15:00;22.0;0;SOLEIL;5;37.8;0
Écueillé;47.08;1.34;03/08/2026;16:00;20.9;0;SOLEIL;5;39.6;0
Écueillé;47.08;1.34;03/08/2026;17:00;19.8;0;SOLEIL;5;40.0;0
Écueillé;47.08;1.34;03/08/2026;18:00;18.7;0;SOLEIL;5;36.7;0
Écueillé;47.08;1.34;03/08/2026;19:00;17.6;0;SOLEIL;5;32.0;0
Écueillé;47.08;1.34;03/08/2026;20:00;16.4;0;SOLEIL;5;28.4;0
Écueillé;47.08;1.34;03/08/2026;21:00;15.3;0;SOLEIL;5;27.7;0
Écueillé;47.08;1.34;03/08/2026;22:00;14.2;0;SOLEIL;5;28.4;0
Écueillé;47.08;1.34;03/08/2026;23:00;13.1;0;SOLEIL;5;29.2;0
Écueillé;47.08;1.34;04/08/2026;00:00;12;0;SOLEIL;5;0.0;0
Écueillé;47.08;1.34;04/08/2026;01:00;12;0;SOLEIL;5;0.0;0
Écueillé;47.08;1.34;04/08/2026;02:00;12;0;SOLEIL;5;0.0;0
Écueillé;47.08;1.34;04/08/2026;03:00;12;0;SOLEIL;5;0.0;0
Écueillé;47.08;1.34;04/08/2026;04:00;12;0;SOLEIL;5;0.0;0
Écueillé;47.08;1.34;04/08/2026;05:00;12;0;SOLEIL;5;0.0;0
Écueillé;47.08;1.34;04/08/2026;06:00;12;0;SOLEIL;5;0.0;0
Écueillé;47.08;1.34;04/08/2026;07:00;13.1;0;SOLEIL;5;0.0;0
Écueillé;47.08;1.34;04/08/2026;08:00;14.2;0;SOLEIL;5;0.0;0
Écueillé;47.08;1.34;04/08/2026;09:00;15.3;0;SOLEIL;5;0.0;0
Écueillé;47.08;1.34;04/08/2026;10:00;16.4;0;SOLEIL;5;0.0;0
Écueillé;47.08;1.34;04/08/2026;11:00;17.6;0;SOLEIL;5;0.0;0
Écueillé;47.08;1.34;04/08/2026;12:00;18.7;0;SOLEIL;5;0.0;0
Écueillé;47.08;1.34;04/08/2026;13:00;19.8;0;SOLEIL;5;0.0;0
Écueillé;47.08;1.34;04/08/2026;14:00;20.9;0;SOLEIL;5;0.0;0
Écueillé;47.08;1.34;04/08/2026;15:00;22.0;0;SOLEIL;5;0.0;0
Écueillé;47.08;1.34;04/08/2026;16:00;20.9;0;SOLEIL;5;0.0;0
Écueillé;47.08;1.34;04/08/2026;17:00;19.8;0;SOLEIL;5;0.0;0
Écueillé;47.08;1.34;04/08/2026;18:00;18.7;0;SOLEIL;5;0.0;0
Écueillé;47.08;1.34;04/08/2026;19:00;17.6;0;SOLEIL;5;0.0;0
Écueillé;47.08;1.34;04/08/2026;20:00;16.4;0;SOLEIL;5;0.0;0
Écueillé;47.08;1.34;04/08/2026;21:00;15.3;0;SOLEIL;5;0.0;0
Écueillé;47.08;1.34;04/08/2026;22:00;14.2;0;SOLEIL;5;0.0;0
Écueillé;47.08;1.34;04/08/2026;23:00;13.1;0;SOLEIL;5;0.0;0
Éguzon-Chantôme;46.44;1.58;20/07/2026;00:00;17.4;0;SOLEIL;5;24.5;0
Éguzon-Chantôme;46.44;1.58;20/07/2026;01:00;15.9;0;SOLEIL;5;24.8;0
Éguzon-Chantôme;46.44;1.58;20/07/2026;02:00;15.5;0;SOLEIL;5;21.2;0
Éguzon-Chantôme;46.44;1.58;20/07/2026;03:00;14.2;0;SOLEIL;5;22.0;0
Éguzon-Chantôme;46.44;1.58;20/07/2026;04:00;13.5;0;SOLEIL;5;30.2;0
Éguzon-Chantôme;46.44;1.58;20/07/2026;05:00;13.5;0;SOLEIL;5;30.2;0
Éguzon-Chantôme;46.44;1.58;20/07/2026;06:00;15.4;0;SOLEIL;6;29.2;0
Éguzon-Chantôme;46.44;1.58;20/07/2026;07:00;17.7;0;SOLEIL;6;30.6;0
Éguzon-Chantôme;46.44;1.58;20/07/2026;08:00;19.4;0;SOLEIL;6;34.2;0
Éguzon-Chantôme;46.44;1.58;20/07/2026;09:00;21.4;0;SOLEIL;6;34.9;0
Éguzon-Chantôme;46.44;1.58;20/07/2026;10:00;22.5;0;SOLEIL;6;34.6;0
Éguzon-Chantôme;46.44;1.58;20/07/2026;11:00;23.6;0;SOLEIL;6;34.2;0
Éguzon-Chantôme;46.44;1.58;20/07/2026;12:00;25.5;0;SOLEIL;5;36.7;0
Éguzon-Chantôme;46.44;1.58;20/07/2026;13:00;26.1;0;SOLEIL;5;37.1;0
Éguzon-Chantôme;46.44;1.58;20/07/2026;14:00;26.6;0;SOLEIL;5;36.4;0
Éguzon-Chantôme;46.44;1.58;20/07/2026;15:00;27.6;0;SOLEIL;6;35.6;0
Éguzon-Chantôme;46.44;1.58;20/07/2026;16:00;26.9;0;SOLEIL;6;34.6;0
Éguzon-Chantôme;46.44;1.58;20/07/2026;17:00;26.5;0;SOLEIL;6;34.9;0
Éguzon-Chantôme;46.44;1.58;20/07/2026;18:00;25.9;0;SOLEIL;6;40.0;0
Éguzon-Chantôme;46.44;1.58;20/07/2026;19:00;23.6;0;SOLEIL;5;41.4;0
Éguzon-Chantôme;46.44;1.58;20/07/2026;20:00;21.4;0;SOLEIL;4;39.2;0
Éguzon-Chantôme;46.44;1.58;20/07/2026;21:00;19.6;0;SOLEIL;4;36.0;0
Éguzon-Chantôme;46.44;1.58;20/07/2026;22:00;18.6;0;SOLEIL;5;25.9;0
Éguzon-Chantôme;46.44;1.58;20/07/2026;23:00;17.5;0;SOLEIL;5;22.7;0
Éguzon-Chantôme;46.44;1.58;21/07/2026;00:00;16.1;0;SOLEIL;5;23.0;0
Éguzon-Chantôme;46.44;1.58;21/07/2026;01:00;16.1;0;SOLEIL;5;23.4;0
Éguzon-Chantôme;46.44;1.58;21/07/2026;02:00;14.4;0;SOLEIL;5;20.5;0
Éguzon-Chantôme;46.44;1.58;21/07/2026;03:00;14.4;0;SOLEIL;5;23.4;0
Éguzon-Chantôme;46.44;1.58;21/07/2026;04:00;14.4;0;SOLEIL;5;25.2;0
Éguzon-Chantôme;46.44;1.58;21/07/2026;05:00;15.6;0;SOLEIL;5;26.6;0
Éguzon-Chantôme;46.44;1.58;21/07/2026;06:00;15.6;0;SOLEIL;5;27.0;0
Éguzon-Chantôme;46.44;1.58;21/07/2026;07:00;15.6;0;SOLEIL;5;26.3;0
Éguzon-Chantôme;46.44;1.58;21/07/2026;08:00;21.4;0;SOLEIL;5;26.3;0
Éguzon-Chantôme;46.44;1.58;21/07/2026;09:00;21.4;0;SOLEIL;5;29.9;0
Éguzon-Chantôme;46.44;1.58;21/07/2026;10:00;21.4;0;SOLEIL;5;31.7;0
Éguzon-Chantôme;46.44;1.58;21/07/2026;11:00;25.6;0;SOLEIL;5;33.1;0
Éguzon-Chantôme;46.44;1.58;21/07/2026;12:00;25.6;0;SOLEIL;5;37.5;0
Éguzon-Chantôme;46.44;1.58;21/07/2026;13:00;25.6;0;SOLEIL;5;38.7;0
Éguzon-Chantôme;46.44;1.58;21/07/2026;14:00;27.7;0;SOLEIL;5;38.3;0
Éguzon-Chantôme;46.44;1.58;21/07/2026;15:00;27.7;0;SOLEIL;5;38.2;0
Éguzon-Chantôme;46.44;1.58;21/07/2026;16:00;27.7;0;SOLEIL;5;37.4;0
Éguzon-Chantôme;46.44;1.58;21/07/2026;17:00;27.1;0;SOLEIL;5;37.1;0
Éguzon-Chantôme;46.44;1.58;21/07/2026;18:00;27.1;0;SOLEIL;5;35.6;0
Éguzon-Chantôme;46.44;1.58;21/07/2026;19:00;27.1;0;SOLEIL;5;34.2;0
Éguzon-Chantôme;46.44;1.58;21/07/2026;20:00;19.9;0;SOLEIL;4;33.5;0
Éguzon-Chantôme;46.44;1.58;21/07/2026;21:00;19.9;0;SOLEIL;4;32.0;0
Éguzon-Chantôme;46.44;1.58;21/07/2026;22:00;19.9;0;SOLEIL;4;25.6;0
Éguzon-Chantôme;46.44;1.58;21/07/2026;23:00;16.7;0;SOLEIL;5;18.4;0
Éguzon-Chantôme;46.44;1.58;22/07/2026;00:00;16.7;0;SOLEIL;5;19.1;0
Éguzon-Chantôme;46.44;1.58;22/07/2026;01:00;16.7;0;SOLEIL;5;21.2;0
Éguzon-Chantôme;46.44;1.58;22/07/2026;02:00;13.1;0;SOLEIL;4;21.6;0
Éguzon-Chantôme;46.44;1.58;22/07/2026;03:00;13.1;0;SOLEIL;4;21.6;0
Éguzon-Chantôme;46.44;1.58;22/07/2026;04:00;13.1;0;SOLEIL;4;21.6;0
Éguzon-Chantôme;46.44;1.58;22/07/2026;05:00;15.9;0;SOLEIL;4;21.6;0
Éguzon-Chantôme;46.44;1.58;22/07/2026;06:00;15.9;0;SOLEIL;4;20.9;0
Éguzon-Chantôme;46.44;1.58;22/07/2026;07:00;15.9;0;SOLEIL;4;21.6;0
Éguzon-Chantôme;46.44;1.58;22/07/2026;08:00;22.9;0;SOLEIL;4;23.0;0
Éguzon-Chantôme;46.44;1.58;22/07/2026;09:00;22.9;0;SOLEIL;4;26.3;0
Éguzon-Chantôme;46.44;1.58;22/07/2026;10:00;22.9;0;SOLEIL;4;26.3;0
Éguzon-Chantôme;46.44;1.58;22/07/2026;11:00;27.6;0;SOLEIL;4;26.6;0
Éguzon-Chantôme;46.44;1.58;22/07/2026;12:00;27.6;0;SOLEIL;4;29.2;0
Éguzon-Chantôme;46.44;1.58;22/07/2026;13:00;27.6;0;SOLEIL;4;29.2;0
Éguzon-Chantôme;46.44;1.58;22/07/2026;14:00;29.1;0;SOLEIL;4;28.1;0
Éguzon-Chantôme;46.44;1.58;22/07/2026;15:00;29.1;0;SOLEIL;4;28.1;0
Éguzon-Chantôme;46.44;1.58;22/07/2026;16:00;29.1;0;SOLEIL;4;28.1;0
Éguzon-Chantôme;46.44;1.58;22/07/2026;17:00;27.7;0;SOLEIL;4;28.1;0
Éguzon-Chantôme;46.44;1.58;22/07/2026;18:00;27.7;0;SOLEIL;4;28.4;0
Éguzon-Chantôme;46.44;1.58;22/07/2026;19:00;27.7;0;SOLEIL;4;29.2;0
Éguzon-Chantôme;46.44;1.58;22/07/2026;20:00;20.2;0;SOLEIL;5;28.4;0
Éguzon-Chantôme;46.44;1.58;22/07/2026;21:00;18.4;0;SOLEIL;5;25.2;0
Éguzon-Chantôme;46.44;1.58;22/07/2026;22:00;16.7;0;SOLEIL;5;20.9;0
Éguzon-Chantôme;46.44;1.58;22/07/2026;23:00;17.9;0;SOLEIL;4;16.9;0
Éguzon-Chantôme;46.44;1.58;23/07/2026;00:00;17.9;0;SOLEIL;4;13.7;0
Éguzon-Chantôme;46.44;1.58;23/07/2026;01:00;17.9;0;SOLEIL;4;10.4;0
Éguzon-Chantôme;46.44;1.58;23/07/2026;02:00;17;0;SOLEIL;5;9.4;0
Éguzon-Chantôme;46.44;1.58;23/07/2026;03:00;17;0;SOLEIL;5;11.2;0
Éguzon-Chantôme;46.44;1.58;23/07/2026;04:00;17;0;SOLEIL;5;14.4;0
Éguzon-Chantôme;46.44;1.58;23/07/2026;05:00;19.1;0;SOLEIL;3;16.9;0
Éguzon-Chantôme;46.44;1.58;23/07/2026;06:00;19.1;0;SOLEIL;3;17.3;0
Éguzon-Chantôme;46.44;1.58;23/07/2026;07:00;19.1;0;SOLEIL;3;16.6;0
Éguzon-Chantôme;46.44;1.58;23/07/2026;08:00;20.2;0;SOLEIL;5;17.3;0
Éguzon-Chantôme;46.44;1.58;23/07/2026;09:00;21.7;0;SOLEIL;5;20.9;0
Éguzon-Chantôme;46.44;1.58;23/07/2026;10:00;23.3;0;SOLEIL;5;25.6;0
Éguzon-Chantôme;46.44;1.58;23/07/2026;11:00;28.7;0;SOLEIL;4;28.8;0
Éguzon-Chantôme;46.44;1.58;23/07/2026;12:00;28.7;0;SOLEIL;4;29.5;0
Éguzon-Chantôme;46.44;1.58;23/07/2026;13:00;28.7;0;SOLEIL;4;29.2;0
Éguzon-Chantôme;46.44;1.58;23/07/2026;14:00;29.6;0;SOLEIL;5;28.8;0
Éguzon-Chantôme;46.44;1.58;23/07/2026;15:00;31.2;0;SOLEIL;5;29.9;0
Éguzon-Chantôme;46.44;1.58;23/07/2026;16:00;29.6;0;SOLEIL;5;31.3;0
Éguzon-Chantôme;46.44;1.58;23/07/2026;17:00;29.1;0;SOLEIL;4;32.0;0
Éguzon-Chantôme;46.44;1.58;23/07/2026;18:00;29.1;0;SOLEIL;4;32.4;0
Éguzon-Chantôme;46.44;1.58;23/07/2026;19:00;29.1;0;SOLEIL;4;32.0;0
Éguzon-Chantôme;46.44;1.58;23/07/2026;20:00;23.3;0;SOLEIL;5;30.2;0
Éguzon-Chantôme;46.44;1.58;23/07/2026;21:00;21.7;0;SOLEIL;5;25.2;0
Éguzon-Chantôme;46.44;1.58;23/07/2026;22:00;20.2;0;SOLEIL;5;18.4;0
Éguzon-Chantôme;46.44;1.58;23/07/2026;23:00;19.6;0;SOLEIL;4;13.7;0
Éguzon-Chantôme;46.44;1.58;24/07/2026;00:00;19.6;0;SOLEIL;4;13.7;0
Éguzon-Chantôme;46.44;1.58;24/07/2026;01:00;19.6;0;SOLEIL;4;15.5;0
Éguzon-Chantôme;46.44;1.58;24/07/2026;02:00;15.9;0;SOLEIL;5;17.3;0
Éguzon-Chantôme;46.44;1.58;24/07/2026;03:00;15.9;0;SOLEIL;5;17.6;0
Éguzon-Chantôme;46.44;1.58;24/07/2026;04:00;15.9;0;SOLEIL;5;17.3;0
Éguzon-Chantôme;46.44;1.58;24/07/2026;05:00;18.1;0;SOLEIL;3;17.6;0
Éguzon-Chantôme;46.44;1.58;24/07/2026;06:00;18.1;0;SOLEIL;3;17.5;0
Éguzon-Chantôme;46.44;1.58;24/07/2026;07:00;18.1;0;SOLEIL;3;17.6;0
Éguzon-Chantôme;46.44;1.58;24/07/2026;08:00;19.2;0;SOLEIL;5;17.5;0
Éguzon-Chantôme;46.44;1.58;24/07/2026;09:00;20.8;0;SOLEIL;5;12.6;0
Éguzon-Chantôme;46.44;1.58;24/07/2026;10:00;22.5;0;SOLEIL;5;16.2;0
Éguzon-Chantôme;46.44;1.58;24/07/2026;11:00;28.4;0;SOLEIL;3;19.1;0
Éguzon-Chantôme;46.44;1.58;24/07/2026;12:00;28.4;0;SOLEIL;3;20.2;0
Éguzon-Chantôme;46.44;1.58;24/07/2026;13:00;28.4;0;SOLEIL;3;20.5;0
Éguzon-Chantôme;46.44;1.58;24/07/2026;14:00;29.1;0;SOLEIL;5;20.5;0
Éguzon-Chantôme;46.44;1.58;24/07/2026;15:00;30.7;0;SOLEIL;5;20.5;0
Éguzon-Chantôme;46.44;1.58;24/07/2026;16:00;29.1;0;SOLEIL;5;20.2;0
Éguzon-Chantôme;46.44;1.58;24/07/2026;17:00;29.6;0;SOLEIL;3;19.8;0
Éguzon-Chantôme;46.44;1.58;24/07/2026;18:00;29.6;0;SOLEIL;3;19.1;0
Éguzon-Chantôme;46.44;1.58;24/07/2026;19:00;29.6;0;SOLEIL;3;18.0;0
Éguzon-Chantôme;46.44;1.58;24/07/2026;20:00;22.5;0;SOLEIL;5;16.6;0
Éguzon-Chantôme;46.44;1.58;24/07/2026;21:00;20.8;0;SOLEIL;5;13.7;0
Éguzon-Chantôme;46.44;1.58;24/07/2026;22:00;19.2;0;SOLEIL;5;10.4;0
Éguzon-Chantôme;46.44;1.58;24/07/2026;23:00;20.6;0;SOLEIL;3;7.6;0
Éguzon-Chantôme;46.44;1.58;25/07/2026;00:00;20.6;0;SOLEIL;3;5.8;0
Éguzon-Chantôme;46.44;1.58;25/07/2026;01:00;20.6;0;SOLEIL;3;4.3;0
Éguzon-Chantôme;46.44;1.58;25/07/2026;02:00;18;0;SOLEIL;5;3.6;0
Éguzon-Chantôme;46.44;1.58;25/07/2026;03:00;18;0;SOLEIL;5;4.0;0
Éguzon-Chantôme;46.44;1.58;25/07/2026;04:00;18;0;SOLEIL;5;4.7;0
Éguzon-Chantôme;46.44;1.58;25/07/2026;05:00;19.4;0;SOLEIL;3;5.0;0
Éguzon-Chantôme;46.44;1.58;25/07/2026;06:00;19.4;0;SOLEIL;3;3.6;0
Éguzon-Chantôme;46.44;1.58;25/07/2026;07:00;19.4;0;SOLEIL;3;1.4;0
Éguzon-Chantôme;46.44;1.58;25/07/2026;08:00;20.8;0;SOLEIL;5;1.4;0
Éguzon-Chantôme;46.44;1.58;25/07/2026;09:00;22.2;0;SOLEIL;5;4.7;0
Éguzon-Chantôme;46.44;1.58;25/07/2026;10:00;23.6;0;SOLEIL;5;10.1;0
Éguzon-Chantôme;46.44;1.58;25/07/2026;11:00;28.6;0;SOLEIL;4;15.1;0
Éguzon-Chantôme;46.44;1.58;25/07/2026;12:00;28.6;0;SOLEIL;4;19.1;0
Éguzon-Chantôme;46.44;1.58;25/07/2026;13:00;28.6;0;SOLEIL;4;22.7;0
Éguzon-Chantôme;46.44;1.58;25/07/2026;14:00;29.2;0;SOLEIL;5;25.6;0
Éguzon-Chantôme;46.44;1.58;25/07/2026;15:00;30.6;0;SOLEIL;5;27.7;0
Éguzon-Chantôme;46.44;1.58;25/07/2026;16:00;29.2;0;SOLEIL;5;29.5;0
Éguzon-Chantôme;46.44;1.58;25/07/2026;17:00;27.7;0;SOLEIL;5;30.2;0
Éguzon-Chantôme;46.44;1.58;25/07/2026;18:00;27.7;0;SOLEIL;5;30.6;0
Éguzon-Chantôme;46.44;1.58;25/07/2026;19:00;27.7;0;SOLEIL;5;29.9;0
Éguzon-Chantôme;46.44;1.58;25/07/2026;20:00;23.6;0;SOLEIL;5;27.4;0
Éguzon-Chantôme;46.44;1.58;25/07/2026;21:00;22.2;0;SOLEIL;5;21.6;0
Éguzon-Chantôme;46.44;1.58;25/07/2026;22:00;20.8;0;SOLEIL;5;13.7;0
Éguzon-Chantôme;46.44;1.58;25/07/2026;23:00;19.4;0;SOLEIL;4;8.6;0
Éguzon-Chantôme;46.44;1.58;26/07/2026;00:00;19.4;0;SOLEIL;4;8.6;0
Éguzon-Chantôme;46.44;1.58;26/07/2026;01:00;19.4;0;SOLEIL;4;11.5;0
Éguzon-Chantôme;46.44;1.58;26/07/2026;02:00;16.6;0;SOLEIL;5;12.6;0
Éguzon-Chantôme;46.44;1.58;26/07/2026;03:00;16.6;0;SOLEIL;5;10.4;0
Éguzon-Chantôme;46.44;1.58;26/07/2026;04:00;16.6;0;SOLEIL;5;6.8;0
Éguzon-Chantôme;46.44;1.58;26/07/2026;05:00;17.9;0;SOLEIL;4;4.3;0
Éguzon-Chantôme;46.44;1.58;26/07/2026;06:00;17.9;0;SOLEIL;4;3.2;0
Éguzon-Chantôme;46.44;1.58;26/07/2026;07:00;17.9;0;SOLEIL;4;2.9;0
Éguzon-Chantôme;46.44;1.58;26/07/2026;08:00;18.6;0;SOLEIL;5;3.2;0
Éguzon-Chantôme;46.44;1.58;26/07/2026;09:00;19.6;0;SOLEIL;5;4.0;0
Éguzon-Chantôme;46.44;1.58;26/07/2026;10:00;20.6;0;SOLEIL;5;5.4;0
Éguzon-Chantôme;46.44;1.58;26/07/2026;11:00;23.9;0;SOLEIL;5;7.6;0
Éguzon-Chantôme;46.44;1.58;26/07/2026;12:00;23.9;0;SOLEIL;5;15.8;0
Éguzon-Chantôme;46.44;1.58;26/07/2026;13:00;23.9;0;SOLEIL;5;24.1;0
Éguzon-Chantôme;46.44;1.58;26/07/2026;14:00;24.6;0;SOLEIL;5;30.8;0
Éguzon-Chantôme;46.44;1.58;26/07/2026;15:00;25.6;0;SOLEIL;5;36.4;0
Éguzon-Chantôme;46.44;1.58;26/07/2026;16:00;24.6;0;SOLEIL;5;37.8;0
Éguzon-Chantôme;46.44;1.58;26/07/2026;17:00;24.1;0;SOLEIL;5;38.9;0
Éguzon-Chantôme;46.44;1.58;26/07/2026;18:00;24.1;0;SOLEIL;5;39.6;0
Éguzon-Chantôme;46.44;1.58;26/07/2026;19:00;24.1;0;SOLEIL;5;40.0;0
Éguzon-Chantôme;46.44;1.58;26/07/2026;20:00;20.6;0;SOLEIL;5;40.0;0
Éguzon-Chantôme;46.44;1.58;26/07/2026;21:00;19.6;0;SOLEIL;5;39.6;0
Éguzon-Chantôme;46.44;1.58;26/07/2026;22:00;18.6;0;SOLEIL;5;38.5;0
Éguzon-Chantôme;46.44;1.58;26/07/2026;23:00;18.2;0;SOLEIL;4;37.1;0
Éguzon-Chantôme;46.44;1.58;27/07/2026;00:00;18.2;0;SOLEIL;4;35.3;0
Éguzon-Chantôme;46.44;1.58;27/07/2026;01:00;18.2;0;SOLEIL;4;34.2;0
Éguzon-Chantôme;46.44;1.58;27/07/2026;02:00;16;6;AVERSES;5;33.5;0
Éguzon-Chantôme;46.44;1.58;27/07/2026;03:00;16;6;AVERSES;5;33.5;0
Éguzon-Chantôme;46.44;1.58;27/07/2026;04:00;16;6;AVERSES;5;33.5;0
Éguzon-Chantôme;46.44;1.58;27/07/2026;05:00;17.2;0;SOLEIL;4;33.8;0
Éguzon-Chantôme;46.44;1.58;27/07/2026;06:00;17.2;0;SOLEIL;4;34.6;0
Éguzon-Chantôme;46.44;1.58;27/07/2026;07:00;17.2;0;SOLEIL;4;35.3;0
Éguzon-Chantôme;46.44;1.58;27/07/2026;08:00;18.0;6;AVERSES;5;36.0;0
Éguzon-Chantôme;46.44;1.58;27/07/2026;09:00;19.0;6;AVERSES;5;37.1;0
Éguzon-Chantôme;46.44;1.58;27/07/2026;10:00;20.0;6;AVERSES;5;38.5;0
Éguzon-Chantôme;46.44;1.58;27/07/2026;11:00;23;6;AVERSES;5;40.0;0
Éguzon-Chantôme;46.44;1.58;27/07/2026;12:00;23;6;AVERSES;5;41.8;0
Éguzon-Chantôme;46.44;1.58;27/07/2026;13:00;23;6;AVERSES;5;43.2;0
Éguzon-Chantôme;46.44;1.58;27/07/2026;14:00;24.0;6;AVERSES;5;44.3;0
Éguzon-Chantôme;46.44;1.58;27/07/2026;15:00;25.0;6;AVERSES;5;45.4;0
Éguzon-Chantôme;46.44;1.58;27/07/2026;16:00;24.0;6;AVERSES;5;46.8;0
Éguzon-Chantôme;46.44;1.58;27/07/2026;17:00;23.2;6;AVERSES;5;47.9;0
Éguzon-Chantôme;46.44;1.58;27/07/2026;18:00;23.2;6;AVERSES;5;48.6;0
Éguzon-Chantôme;46.44;1.58;27/07/2026;19:00;23.2;6;AVERSES;5;49.0;0
Éguzon-Chantôme;46.44;1.58;27/07/2026;20:00;20.0;6;AVERSES;5;48.2;0
Éguzon-Chantôme;46.44;1.58;27/07/2026;21:00;19.0;6;AVERSES;5;46.4;0
Éguzon-Chantôme;46.44;1.58;27/07/2026;22:00;18.0;6;AVERSES;5;43.9;0
Éguzon-Chantôme;46.44;1.58;27/07/2026;23:00;17.6;0;SOLEIL;4;40.3;0
Éguzon-Chantôme;46.44;1.58;28/07/2026;00:00;17.6;0;SOLEIL;4;37.1;0
Éguzon-Chantôme;46.44;1.58;28/07/2026;01:00;17.6;0;SOLEIL;4;33.5;0
Éguzon-Chantôme;46.44;1.58;28/07/2026;02:00;15.2;0;SOLEIL;5;31.0;0
Éguzon-Chantôme;46.44;1.58;28/07/2026;03:00;15.2;0;SOLEIL;5;28.8;0
Éguzon-Chantôme;46.44;1.58;28/07/2026;04:00;15.2;0;SOLEIL;5;26.3;0
Éguzon-Chantôme;46.44;1.58;28/07/2026;05:00;16.7;0;SOLEIL;3;24.1;0
Éguzon-Chantôme;46.44;1.58;28/07/2026;06:00;16.7;0;SOLEIL;3;22.7;0
Éguzon-Chantôme;46.44;1.58;28/07/2026;07:00;16.7;0;SOLEIL;3;21.6;0
Éguzon-Chantôme;46.44;1.58;28/07/2026;08:00;17.4;0;SOLEIL;5;21.6;0
Éguzon-Chantôme;46.44;1.58;28/07/2026;09:00;18.5;0;SOLEIL;5;22.7;0
Éguzon-Chantôme;46.44;1.58;28/07/2026;10:00;19.6;0;SOLEIL;5;25.2;0
Éguzon-Chantôme;46.44;1.58;28/07/2026;11:00;23.6;6;AVERSES;5;28.1;0
Éguzon-Chantôme;46.44;1.58;28/07/2026;12:00;23.6;6;AVERSES;5;31.3;0
Éguzon-Chantôme;46.44;1.58;28/07/2026;13:00;23.6;6;AVERSES;5;34.2;0
Éguzon-Chantôme;46.44;1.58;28/07/2026;14:00;24.0;0;SOLEIL;5;36.4;0
Éguzon-Chantôme;46.44;1.58;28/07/2026;15:00;25.1;0;SOLEIL;5;37.8;0
Éguzon-Chantôme;46.44;1.58;28/07/2026;16:00;24.0;0;SOLEIL;5;38.9;0
Éguzon-Chantôme;46.44;1.58;28/07/2026;17:00;23.1;0;SOLEIL;4;39.6;0
Éguzon-Chantôme;46.44;1.58;28/07/2026;18:00;23.1;0;SOLEIL;4;40.0;0
Éguzon-Chantôme;46.44;1.58;28/07/2026;19:00;23.1;0;SOLEIL;4;40.0;0
Éguzon-Chantôme;46.44;1.58;28/07/2026;20:00;19.6;0;SOLEIL;5;39.6;0
Éguzon-Chantôme;46.44;1.58;28/07/2026;21:00;18.5;0;SOLEIL;5;38.5;0
Éguzon-Chantôme;46.44;1.58;28/07/2026;22:00;17.4;0;SOLEIL;5;36.7;0
Éguzon-Chantôme;46.44;1.58;28/07/2026;23:00;17.4;0;SOLEIL;3;34.9;0
Éguzon-Chantôme;46.44;1.58;29/07/2026;00:00;17.4;0;SOLEIL;3;32.8;0
Éguzon-Chantôme;46.44;1.58;29/07/2026;01:00;17.4;0;SOLEIL;3;31.0;0
Éguzon-Chantôme;46.44;1.58;29/07/2026;02:00;15.4;0;SOLEIL;5;29.9;0
Éguzon-Chantôme;46.44;1.58;29/07/2026;03:00;15.4;0;SOLEIL;5;29.5;0
Éguzon-Chantôme;46.44;1.58;29/07/2026;04:00;15.4;0;SOLEIL;5;29.5;0
Éguzon-Chantôme;46.44;1.58;29/07/2026;05:00;;0;SOLEIL;;29.9;0
Éguzon-Chantôme;46.44;1.58;29/07/2026;06:00;;0;SOLEIL;;30.6;0
Éguzon-Chantôme;46.44;1.58;29/07/2026;07:00;;0;SOLEIL;;31.3;0
Éguzon-Chantôme;46.44;1.58;29/07/2026;08:00;18.2;0;SOLEIL;5;32.4;0
Éguzon-Chantôme;46.44;1.58;29/07/2026;09:00;19.6;0;SOLEIL;5;33.8;0
Éguzon-Chantôme;46.44;1.58;29/07/2026;10:00;21.0;0;SOLEIL;5;35.6;0
Éguzon-Chantôme;46.44;1.58;29/07/2026;11:00;;0;SOLEIL;;37.8;0
Éguzon-Chantôme;46.44;1.58;29/07/2026;12:00;;0;SOLEIL;;39.6;0
Éguzon-Chantôme;46.44;1.58;29/07/2026;13:00;;0;SOLEIL;;41.4;0
Éguzon-Chantôme;46.44;1.58;29/07/2026;14:00;26.7;0;SOLEIL;5;42.5;0
Éguzon-Chantôme;46.44;1.58;29/07/2026;15:00;28.1;0;SOLEIL;5;43.2;0
Éguzon-Chantôme;46.44;1.58;29/07/2026;16:00;26.7;0;SOLEIL;5;43.6;0
Éguzon-Chantôme;46.44;1.58;29/07/2026;17:00;;0;SOLEIL;;43.9;0
Éguzon-Chantôme;46.44;1.58;29/07/2026;18:00;;0;SOLEIL;;43.6;0
Éguzon-Chantôme;46.44;1.58;29/07/2026;19:00;;0;SOLEIL;;42.8;0
Éguzon-Chantôme;46.44;1.58;29/07/2026;20:00;21.0;0;SOLEIL;5;41.8;0
Éguzon-Chantôme;46.44;1.58;29/07/2026;21:00;19.6;0;SOLEIL;5;39.6;0
Éguzon-Chantôme;46.44;1.58;29/07/2026;22:00;18.2;0;SOLEIL;5;37.1;0
Éguzon-Chantôme;46.44;1.58;29/07/2026;23:00;;0;SOLEIL;;33.8;0
Éguzon-Chantôme;46.44;1.58;30/07/2026;00:00;;0;SOLEIL;;30.2;0
Éguzon-Chantôme;46.44;1.58;30/07/2026;01:00;;0;SOLEIL;;27.4;0
Éguzon-Chantôme;46.44;1.58;30/07/2026;02:00;15;0;SOLEIL;5;24.8;0
Éguzon-Chantôme;46.44;1.58;30/07/2026;03:00;15;0;SOLEIL;5;23.0;0
Éguzon-Chantôme;46.44;1.58;30/07/2026;04:00;15;0;SOLEIL;5;21.6;0
Éguzon-Chantôme;46.44;1.58;30/07/2026;05:00;;0;SOLEIL;;20.2;0
Éguzon-Chantôme;46.44;1.58;30/07/2026;06:00;;0;SOLEIL;;19.1;0
Éguzon-Chantôme;46.44;1.58;30/07/2026;07:00;;0;SOLEIL;;18.4;0
Éguzon-Chantôme;46.44;1.58;30/07/2026;08:00;18.1;0;SOLEIL;5;18.0;0
Éguzon-Chantôme;46.44;1.58;30/07/2026;09:00;19.7;0;SOLEIL;5;18.0;0
Éguzon-Chantôme;46.44;1.58;30/07/2026;10:00;21.2;0;SOLEIL;5;18.4;0
Éguzon-Chantôme;46.44;1.58;30/07/2026;11:00;;0;SOLEIL;;18.7;0
Éguzon-Chantôme;46.44;1.58;30/07/2026;12:00;;0;SOLEIL;;19.4;0
Éguzon-Chantôme;46.44;1.58;30/07/2026;13:00;;0;SOLEIL;;20.2;0
Éguzon-Chantôme;46.44;1.58;30/07/2026;14:00;27.4;0;SOLEIL;5;20.9;0
Éguzon-Chantôme;46.44;1.58;30/07/2026;15:00;29.0;0;SOLEIL;5;21.2;0
Éguzon-Chantôme;46.44;1.58;30/07/2026;16:00;27.4;0;SOLEIL;5;21.6;0
Éguzon-Chantôme;46.44;1.58;30/07/2026;17:00;;0;SOLEIL;;22.0;0
Éguzon-Chantôme;46.44;1.58;30/07/2026;18:00;;0;SOLEIL;;22.3;0
Éguzon-Chantôme;46.44;1.58;30/07/2026;19:00;;0;SOLEIL;;22.7;0
Éguzon-Chantôme;46.44;1.58;30/07/2026;20:00;21.2;0;SOLEIL;5;23.0;0
Éguzon-Chantôme;46.44;1.58;30/07/2026;21:00;19.7;0;SOLEIL;5;23.8;0
Éguzon-Chantôme;46.44;1.58;30/07/2026;22:00;18.1;0;SOLEIL;5;24.5;0
Éguzon-Chantôme;46.44;1.58;30/07/2026;23:00;;0;SOLEIL;;25.2;0
Éguzon-Chantôme;46.44;1.58;31/07/2026;00:00;;0;SOLEIL;;25.9;0
Éguzon-Chantôme;46.44;1.58;31/07/2026;01:00;;0;SOLEIL;;26.3;0
Éguzon-Chantôme;46.44;1.58;31/07/2026;02:00;15.4;0;SOLEIL;5;26.6;0
Éguzon-Chantôme;46.44;1.58;31/07/2026;03:00;15.4;0;SOLEIL;5;26.6;0
Éguzon-Chantôme;46.44;1.58;31/07/2026;04:00;15.4;0;SOLEIL;5;26.3;0
Éguzon-Chantôme;46.44;1.58;31/07/2026;05:00;;0;SOLEIL;;25.9;0
Éguzon-Chantôme;46.44;1.58;31/07/2026;06:00;;0;SOLEIL;;25.6;0
Éguzon-Chantôme;46.44;1.58;31/07/2026;07:00;;0;SOLEIL;;25.2;0
Éguzon-Chantôme;46.44;1.58;31/07/2026;08:00;18.6;0;SOLEIL;5;24.8;0
Éguzon-Chantôme;46.44;1.58;31/07/2026;09:00;20.2;0;SOLEIL;5;24.5;0
Éguzon-Chantôme;46.44;1.58;31/07/2026;10:00;21.8;0;SOLEIL;5;24.1;0
Éguzon-Chantôme;46.44;1.58;31/07/2026;11:00;;0;SOLEIL;;23.8;0
Éguzon-Chantôme;46.44;1.58;31/07/2026;12:00;;0;SOLEIL;;23.4;0
Éguzon-Chantôme;46.44;1.58;31/07/2026;13:00;;0;SOLEIL;;23.0;0
Éguzon-Chantôme;46.44;1.58;31/07/2026;14:00;28.3;0;SOLEIL;5;23.0;0
Éguzon-Chantôme;46.44;1.58;31/07/2026;15:00;29.9;0;SOLEIL;5;23.0;0
Éguzon-Chantôme;46.44;1.58;31/07/2026;16:00;28.3;0;SOLEIL;5;23.4;0
Éguzon-Chantôme;46.44;1.58;31/07/2026;17:00;;0;SOLEIL;;23.8;0
Éguzon-Chantôme;46.44;1.58;31/07/2026;18:00;;0;SOLEIL;;23.8;0
Éguzon-Chantôme;46.44;1.58;31/07/2026;19:00;;0;SOLEIL;;23.8;0
Éguzon-Chantôme;46.44;1.58;31/07/2026;20:00;21.8;0;SOLEIL;5;23.4;0
Éguzon-Chantôme;46.44;1.58;31/07/2026;21:00;20.2;0;SOLEIL;5;22.7;0
Éguzon-Chantôme;46.44;1.58;31/07/2026;22:00;18.6;0;SOLEIL;5;21.2;0
Éguzon-Chantôme;46.44;1.58;31/07/2026;23:00;;0;SOLEIL;;19.8;0
Éguzon-Chantôme;46.44;1.58;01/08/2026;00:00;;0;SOLEIL;;18.4;0
Éguzon-Chantôme;46.44;1.58;01/08/2026;01:00;;0;SOLEIL;;16.9;0
Éguzon-Chantôme;46.44;1.58;01/08/2026;02:00;16;0;SOLEIL;5;15.8;0
Éguzon-Chantôme;46.44;1.58;01/08/2026;03:00;16;0;SOLEIL;5;15.1;0
Éguzon-Chantôme;46.44;1.58;01/08/2026;04:00;16;0;SOLEIL;5;14.8;0
Éguzon-Chantôme;46.44;1.58;01/08/2026;05:00;;0;SOLEIL;;14.0;0
Éguzon-Chantôme;46.44;1.58;01/08/2026;06:00;;0;SOLEIL;;14.0;0
Éguzon-Chantôme;46.44;1.58;01/08/2026;07:00;;0;SOLEIL;;13.7;0
Éguzon-Chantôme;46.44;1.58;01/08/2026;08:00;18.6;0;SOLEIL;5;13.7;0
Éguzon-Chantôme;46.44;1.58;01/08/2026;09:00;19.8;0;SOLEIL;5;13.7;0
Éguzon-Chantôme;46.44;1.58;01/08/2026;10:00;21.1;0;SOLEIL;5;13.7;0
Éguzon-Chantôme;46.44;1.58;01/08/2026;11:00;;0;SOLEIL;;14.0;0
Éguzon-Chantôme;46.44;1.58;01/08/2026;12:00;;0;SOLEIL;;14.0;0
Éguzon-Chantôme;46.44;1.58;01/08/2026;13:00;;0;SOLEIL;;14.8;0
Éguzon-Chantôme;46.44;1.58;01/08/2026;14:00;26.2;0;SOLEIL;5;15.1;0
Éguzon-Chantôme;46.44;1.58;01/08/2026;15:00;27.5;0;SOLEIL;5;15.8;0
Éguzon-Chantôme;46.44;1.58;01/08/2026;16:00;26.2;0;SOLEIL;5;16.9;0
Éguzon-Chantôme;46.44;1.58;01/08/2026;17:00;;0;SOLEIL;;18.4;0
Éguzon-Chantôme;46.44;1.58;01/08/2026;18:00;;0;SOLEIL;;19.4;0
Éguzon-Chantôme;46.44;1.58;01/08/2026;19:00;;0;SOLEIL;;20.2;0
Éguzon-Chantôme;46.44;1.58;01/08/2026;20:00;21.1;0;SOLEIL;5;20.9;0
Éguzon-Chantôme;46.44;1.58;01/08/2026;21:00;19.8;0;SOLEIL;5;20.9;0
Éguzon-Chantôme;46.44;1.58;01/08/2026;22:00;18.6;0;SOLEIL;5;20.9;0
Éguzon-Chantôme;46.44;1.58;01/08/2026;23:00;;0;SOLEIL;;20.5;0
Éguzon-Chantôme;46.44;1.58;02/08/2026;00:00;;0;SOLEIL;;20.2;0
Éguzon-Chantôme;46.44;1.58;02/08/2026;01:00;;0;SOLEIL;;19.4;0
Éguzon-Chantôme;46.44;1.58;02/08/2026;02:00;15.6;0;SOLEIL;5;19.1;0
Éguzon-Chantôme;46.44;1.58;02/08/2026;03:00;15.6;0;SOLEIL;5;18.4;0
Éguzon-Chantôme;46.44;1.58;02/08/2026;04:00;15.6;0;SOLEIL;5;17.6;0
Éguzon-Chantôme;46.44;1.58;02/08/2026;05:00;;0;SOLEIL;;16.6;0
Éguzon-Chantôme;46.44;1.58;02/08/2026;06:00;;0;SOLEIL;;15.8;0
Éguzon-Chantôme;46.44;1.58;02/08/2026;07:00;;0;SOLEIL;;15.5;0
Éguzon-Chantôme;46.44;1.58;02/08/2026;08:00;18.2;0;SOLEIL;5;15.1;0
Éguzon-Chantôme;46.44;1.58;02/08/2026;09:00;19.5;0;SOLEIL;5;15.5;0
Éguzon-Chantôme;46.44;1.58;02/08/2026;10:00;20.8;0;SOLEIL;5;16.2;0
Éguzon-Chantôme;46.44;1.58;02/08/2026;11:00;;0;SOLEIL;;17.3;0
Éguzon-Chantôme;46.44;1.58;02/08/2026;12:00;;0;SOLEIL;;18.4;0
Éguzon-Chantôme;46.44;1.58;02/08/2026;13:00;;0;SOLEIL;;19.1;0
Éguzon-Chantôme;46.44;1.58;02/08/2026;14:00;25.9;0;SOLEIL;5;19.8;0
Éguzon-Chantôme;46.44;1.58;02/08/2026;15:00;27.2;0;SOLEIL;5;20.2;0
Éguzon-Chantôme;46.44;1.58;02/08/2026;16:00;25.9;0;SOLEIL;5;20.2;0
Éguzon-Chantôme;46.44;1.58;02/08/2026;17:00;;0;SOLEIL;;20.5;0
Éguzon-Chantôme;46.44;1.58;02/08/2026;18:00;;0;SOLEIL;;20.2;0
Éguzon-Chantôme;46.44;1.58;02/08/2026;19:00;;0;SOLEIL;;20.2;0
Éguzon-Chantôme;46.44;1.58;02/08/2026;20:00;20.8;0;SOLEIL;5;19.8;0
Éguzon-Chantôme;46.44;1.58;02/08/2026;21:00;19.5;0;SOLEIL;5;19.4;0
Éguzon-Chantôme;46.44;1.58;02/08/2026;22:00;18.2;0;SOLEIL;5;18.4;0
Éguzon-Chantôme;46.44;1.58;02/08/2026;23:00;16.9;0;SOLEIL;5;17.6;0
Éguzon-Chantôme;46.44;1.58;03/08/2026;00:00;12;0;SOLEIL;5;16.5;0
Éguzon-Chantôme;46.44;1.58;03/08/2026;01:00;12;0;SOLEIL;5;16.6;0
Éguzon-Chantôme;46.44;1.58;03/08/2026;02:00;12;0;SOLEIL;5;17.6;0
Éguzon-Chantôme;46.44;1.58;03/08/2026;03:00;12;0;SOLEIL;5;16.9;0
Éguzon-Chantôme;46.44;1.58;03/08/2026;04:00;12;0;SOLEIL;5;14.8;0
Éguzon-Chantôme;46.44;1.58;03/08/2026;05:00;12;0;SOLEIL;5;14.4;0
Éguzon-Chantôme;46.44;1.58;03/08/2026;06:00;12;0;SOLEIL;5;18.4;0
Éguzon-Chantôme;46.44;1.58;03/08/2026;07:00;13.1;0;SOLEIL;5;24.5;0
Éguzon-Chantôme;46.44;1.58;03/08/2026;08:00;14.2;0;SOLEIL;5;29.2;0
Éguzon-Chantôme;46.44;1.58;03/08/2026;09:00;15.3;0;SOLEIL;5;31.0;0
Éguzon-Chantôme;46.44;1.58;03/08/2026;10:00;16.4;0;SOLEIL;5;31.3;0
Éguzon-Chantôme;46.44;1.58;03/08/2026;11:00;17.6;0;SOLEIL;5;31.7;0
Éguzon-Chantôme;46.44;1.58;03/08/2026;12:00;18.7;0;SOLEIL;5;32.8;0
Éguzon-Chantôme;46.44;1.58;03/08/2026;13:00;19.8;0;SOLEIL;5;33.8;0
Éguzon-Chantôme;46.44;1.58;03/08/2026;14:00;20.9;0;SOLEIL;5;34.9;0
Éguzon-Chantôme;46.44;1.58;03/08/2026;15:00;22.0;0;SOLEIL;5;36.4;0
Éguzon-Chantôme;46.44;1.58;03/08/2026;16:00;20.9;0;SOLEIL;5;37.8;0
Éguzon-Chantôme;46.44;1.58;03/08/2026;17:00;19.8;0;SOLEIL;5;37.4;0
Éguzon-Chantôme;46.44;1.58;03/08/2026;18:00;18.7;0;SOLEIL;5;34.6;0
Éguzon-Chantôme;46.44;1.58;03/08/2026;19:00;17.6;0;SOLEIL;5;29.9;0
Éguzon-Chantôme;46.44;1.58;03/08/2026;20:00;16.4;0;SOLEIL;5;25.2;0
Éguzon-Chantôme;46.44;1.58;03/08/2026;21:00;15.3;0;SOLEIL;5;20.2;0
Éguzon-Chantôme;46.44;1.58;03/08/2026;22:00;14.2;0;SOLEIL;5;14.8;0
Éguzon-Chantôme;46.44;1.58;03/08/2026;23:00;13.1;0;SOLEIL;5;14.0;0
Éguzon-Chantôme;46.44;1.58;04/08/2026;00:00;12;0;SOLEIL;5;0.0;0
Éguzon-Chantôme;46.44;1.58;04/08/2026;01:00;12;0;SOLEIL;5;0.0;0
Éguzon-Chantôme;46.44;1.58;04/08/2026;02:00;12;0;SOLEIL;5;0.0;0
Éguzon-Chantôme;46.44;1.58;04/08/2026;03:00;12;0;SOLEIL;5;0.0;0
Éguzon-Chantôme;46.44;1.58;04/08/2026;04:00;12;0;SOLEIL;5;0.0;0
Éguzon-Chantôme;46.44;1.58;04/08/2026;05:00;12;0;SOLEIL;5;0.0;0
Éguzon-Chantôme;46.44;1.58;04/08/2026;06:00;12;0;SOLEIL;5;0.0;0
Éguzon-Chantôme;46.44;1.58;04/08/2026;07:00;13.1;0;SOLEIL;5;0.0;0
Éguzon-Chantôme;46.44;1.58;04/08/2026;08:00;14.2;0;SOLEIL;5;0.0;0
Éguzon-Chantôme;46.44;1.58;04/08/2026;09:00;15.3;0;SOLEIL;5;0.0;0
Éguzon-Chantôme;46.44;1.58;04/08/2026;10:00;16.4;0;SOLEIL;5;0.0;0
Éguzon-Chantôme;46.44;1.58;04/08/2026;11:00;17.6;0;SOLEIL;5;0.0;0
Éguzon-Chantôme;46.44;1.58;04/08/2026;12:00;18.7;0;SOLEIL;5;0.0;0
Éguzon-Chantôme;46.44;1.58;04/08/2026;13:00;19.8;0;SOLEIL;5;0.0;0
Éguzon-Chantôme;46.44;1.58;04/08/2026;14:00;20.9;0;SOLEIL;5;0.0;0
Éguzon-Chantôme;46.44;1.58;04/08/2026;15:00;22.0;0;SOLEIL;5;0.0;0
Éguzon-Chantôme;46.44;1.58;04/08/2026;16:00;20.9;0;SOLEIL;5;0.0;0
Éguzon-Chantôme;46.44;1.58;04/08/2026;17:00;19.8;0;SOLEIL;5;0.0;0
Éguzon-Chantôme;46.44;1.58;04/08/2026;18:00;18.7;0;SOLEIL;5;0.0;0
Éguzon-Chantôme;46.44;1.58;04/08/2026;19:00;17.6;0;SOLEIL;5;0.0;0
Éguzon-Chantôme;46.44;1.58;04/08/2026;20:00;16.4;0;SOLEIL;5;0.0;0
Éguzon-Chantôme;46.44;1.58;04/08/2026;21:00;15.3;0;SOLEIL;5;0.0;0
Éguzon-Chantôme;46.44;1.58;04/08/2026;22:00;14.2;0;SOLEIL;5;0.0;0
Éguzon-Chantôme;46.44;1.58;04/08/2026;23:00;13.1;0;SOLEIL;5;0.0;0
Le Blanc;46.63;1.06;20/07/2026;00:00;15.5;0;SOLEIL;4;14.8;0
Le Blanc;46.63;1.06;20/07/2026;01:00;14.7;0;SOLEIL;4;14.4;0
Le Blanc;46.63;1.06;20/07/2026;02:00;14.1;0;SOLEIL;4;11.5;0
Le Blanc;46.63;1.06;20/07/2026;03:00;13.6;0;SOLEIL;4;10.1;0
Le Blanc;46.63;1.06;20/07/2026;04:00;12.9;0;SOLEIL;4;10.1;0
Le Blanc;46.63;1.06;20/07/2026;05:00;13;0;SOLEIL;4;10.1;0
Le Blanc;46.63;1.06;20/07/2026;06:00;15.4;0;SOLEIL;5;13.3;0
Le Blanc;46.63;1.06;20/07/2026;07:00;17.6;0;SOLEIL;5;15.1;0
Le Blanc;46.63;1.06;20/07/2026;08:00;20;0;SOLEIL;5;19.8;0
Le Blanc;46.63;1.06;20/07/2026;09:00;21.9;0;SOLEIL;6;25.6;0
Le Blanc;46.63;1.06;20/07/2026;10:00;23.6;0;SOLEIL;6;31.0;0
Le Blanc;46.63;1.06;20/07/2026;11:00;25;0;SOLEIL;6;32.8;0
Le Blanc;46.63;1.06;20/07/2026;12:00;26.2;0;SOLEIL;6;37.1;0
Le Blanc;46.63;1.06;20/07/2026;13:00;26.6;0;SOLEIL;6;38.5;0
Le Blanc;46.63;1.06;20/07/2026;14:00;27.5;0;SOLEIL;6;37.8;0
Le Blanc;46.63;1.06;20/07/2026;15:00;28.2;0;SOLEIL;6;36.7;0
Le Blanc;46.63;1.06;20/07/2026;16:00;28.5;0;SOLEIL;6;35.3;0
Le Blanc;46.63;1.06;20/07/2026;17:00;28;0;SOLEIL;6;34.9;0
Le Blanc;46.63;1.06;20/07/2026;18:00;26.6;0;SOLEIL;6;36.4;0
Le Blanc;46.63;1.06;20/07/2026;19:00;23.6;0;SOLEIL;6;39.2;0
Le Blanc;46.63;1.06;20/07/2026;20:00;20.5;0;SOLEIL;5;36.4;0
Le Blanc;46.63;1.06;20/07/2026;21:00;18.7;0;SOLEIL;5;33.5;0
Le Blanc;46.63;1.06;20/07/2026;22:00;17.2;0;SOLEIL;4;29.9;0
Le Blanc;46.63;1.06;20/07/2026;23:00;16.2;0;SOLEIL;4;25.6;0
Le Blanc;46.63;1.06;21/07/2026;00:00;15.7;0;SOLEIL;4;19.1;0
Le Blanc;46.63;1.06;21/07/2026;01:00;15.7;0;SOLEIL;4;13.7;0
Le Blanc;46.63;1.06;21/07/2026;02:00;13.4;0;SOLEIL;5;13.7;0
Le Blanc;46.63;1.06;21/07/2026;03:00;13.4;0;SOLEIL;5;13.7;0
Le Blanc;46.63;1.06;21/07/2026;04:00;13.4;0;SOLEIL;5;12.2;0
Le Blanc;46.63;1.06;21/07/2026;05:00;14.6;0;SOLEIL;5;13.0;0
Le Blanc;46.63;1.06;21/07/2026;06:00;14.6;0;SOLEIL;5;14.4;0
Le Blanc;46.63;1.06;21/07/2026;07:00;14.6;0;SOLEIL;5;13.3;0
Le Blanc;46.63;1.06;21/07/2026;08:00;22;0;SOLEIL;5;17.3;0
Le Blanc;46.63;1.06;21/07/2026;09:00;22;0;SOLEIL;5;25.6;0
Le Blanc;46.63;1.06;21/07/2026;10:00;22;0;SOLEIL;5;28.4;0
Le Blanc;46.63;1.06;21/07/2026;11:00;26.1;0;SOLEIL;6;31.7;0
Le Blanc;46.63;1.06;21/07/2026;12:00;26.1;0;SOLEIL;6;39.5;0
Le Blanc;46.63;1.06;21/07/2026;13:00;26.1;0;SOLEIL;6;41.8;0
Le Blanc;46.63;1.06;21/07/2026;14:00;27.7;0;SOLEIL;6;42.8;0
Le Blanc;46.63;1.06;21/07/2026;15:00;27.7;0;SOLEIL;6;42.5;0
Le Blanc;46.63;1.06;21/07/2026;16:00;27.7;0;SOLEIL;6;41.8;0
Le Blanc;46.63;1.06;21/07/2026;17:00;26.2;0;SOLEIL;6;42.1;0
Le Blanc;46.63;1.06;21/07/2026;18:00;26.2;0;SOLEIL;6;42.1;0
Le Blanc;46.63;1.06;21/07/2026;19:00;26.2;0;SOLEIL;6;42.1;0
Le Blanc;46.63;1.06;21/07/2026;20:00;18.6;0;SOLEIL;4;40.3;0
Le Blanc;46.63;1.06;21/07/2026;21:00;18.6;0;SOLEIL;4;35.6;0
Le Blanc;46.63;1.06;21/07/2026;22:00;18.6;0;SOLEIL;4;25.6;0
Le Blanc;46.63;1.06;21/07/2026;23:00;15.4;0;SOLEIL;4;18.0;0
Le Blanc;46.63;1.06;22/07/2026;00:00;15.4;0;SOLEIL;4;14.0;0
Le Blanc;46.63;1.06;22/07/2026;01:00;15.4;0;SOLEIL;4;13.0;0
Le Blanc;46.63;1.06;22/07/2026;02:00;12.9;0;SOLEIL;4;12.2;0
Le Blanc;46.63;1.06;22/07/2026;03:00;12.9;0;SOLEIL;4;11.9;0
Le Blanc;46.63;1.06;22/07/2026;04:00;12.9;0;SOLEIL;4;11.2;0
Le Blanc;46.63;1.06;22/07/2026;05:00;15.5;0;SOLEIL;4;10.4;0
Le Blanc;46.63;1.06;22/07/2026;06:00;15.5;0;SOLEIL;4;8.6;0
Le Blanc;46.63;1.06;22/07/2026;07:00;15.5;0;SOLEIL;4;7.6;0
Le Blanc;46.63;1.06;22/07/2026;08:00;23.6;0;SOLEIL;4;9.0;0
Le Blanc;46.63;1.06;22/07/2026;09:00;23.6;0;SOLEIL;4;22.0;0
Le Blanc;46.63;1.06;22/07/2026;10:00;23.6;0;SOLEIL;4;26.6;0
Le Blanc;46.63;1.06;22/07/2026;11:00;27.5;0;SOLEIL;4;29.5;0
Le Blanc;46.63;1.06;22/07/2026;12:00;27.5;0;SOLEIL;4;35.3;0
Le Blanc;46.63;1.06;22/07/2026;13:00;27.5;0;SOLEIL;4;35.6;0
Le Blanc;46.63;1.06;22/07/2026;14:00;29.9;0;SOLEIL;4;34.9;0
Le Blanc;46.63;1.06;22/07/2026;15:00;29.9;0;SOLEIL;4;34.9;0
Le Blanc;46.63;1.06;22/07/2026;16:00;29.9;0;SOLEIL;4;34.6;0
Le Blanc;46.63;1.06;22/07/2026;17:00;28.1;0;SOLEIL;4;33.8;0
Le Blanc;46.63;1.06;22/07/2026;18:00;28.1;0;SOLEIL;4;34.2;0
Le Blanc;46.63;1.06;22/07/2026;19:00;28.1;0;SOLEIL;4;34.2;0
Le Blanc;46.63;1.06;22/07/2026;20:00;20.0;0;SOLEIL;5;32.4;0
Le Blanc;46.63;1.06;22/07/2026;21:00;18.0;0;SOLEIL;5;26.3;0
Le Blanc;46.63;1.06;22/07/2026;22:00;15.9;0;SOLEIL;5;18.0;0
Le Blanc;46.63;1.06;22/07/2026;23:00;16.7;0;SOLEIL;4;11.9;0
Le Blanc;46.63;1.06;23/07/2026;00:00;16.7;0;SOLEIL;4;10.1;0
Le Blanc;46.63;1.06;23/07/2026;01:00;16.7;0;SOLEIL;4;10.8;0
Le Blanc;46.63;1.06;23/07/2026;02:00;15.1;0;SOLEIL;5;10.8;0
Le Blanc;46.63;1.06;23/07/2026;03:00;15.1;0;SOLEIL;5;9.4;0
Le Blanc;46.63;1.06;23/07/2026;04:00;15.1;0;SOLEIL;5;7.9;0
Le Blanc;46.63;1.06;23/07/2026;05:00;17.6;0;SOLEIL;3;6.5;0
Le Blanc;46.63;1.06;23/07/2026;06:00;17.6;0;SOLEIL;3;4.7;0
Le Blanc;46.63;1.06;23/07/2026;07:00;17.6;0;SOLEIL;3;3.6;0
Le Blanc;46.63;1.06;23/07/2026;08:00;18.7;0;SOLEIL;5;5.4;0
Le Blanc;46.63;1.06;23/07/2026;09:00;20.6;0;SOLEIL;5;13.3;0
Le Blanc;46.63;1.06;23/07/2026;10:00;22.4;0;SOLEIL;5;24.5;0
Le Blanc;46.63;1.06;23/07/2026;11:00;29.6;0;SOLEIL;5;32.4;0
Le Blanc;46.63;1.06;23/07/2026;12:00;29.6;0;SOLEIL;5;34.2;0
Le Blanc;46.63;1.06;23/07/2026;13:00;29.6;0;SOLEIL;5;33.1;0
Le Blanc;46.63;1.06;23/07/2026;14:00;29.7;0;SOLEIL;5;32.4;0
Le Blanc;46.63;1.06;23/07/2026;15:00;31.5;0;SOLEIL;5;32.8;0
Le Blanc;46.63;1.06;23/07/2026;16:00;29.7;0;SOLEIL;5;33.5;0
Le Blanc;46.63;1.06;23/07/2026;17:00;28.9;0;SOLEIL;4;33.8;0
Le Blanc;46.63;1.06;23/07/2026;18:00;28.9;0;SOLEIL;4;34.2;0
Le Blanc;46.63;1.06;23/07/2026;19:00;28.9;0;SOLEIL;4;34.2;0
Le Blanc;46.63;1.06;23/07/2026;20:00;22.4;0;SOLEIL;5;32.4;0
Le Blanc;46.63;1.06;23/07/2026;21:00;20.6;0;SOLEIL;5;26.6;0
Le Blanc;46.63;1.06;23/07/2026;22:00;18.7;0;SOLEIL;5;18.7;0
Le Blanc;46.63;1.06;23/07/2026;23:00;18.4;0;SOLEIL;4;12.2;0
Le Blanc;46.63;1.06;24/07/2026;00:00;18.4;0;SOLEIL;4;9.0;0
Le Blanc;46.63;1.06;24/07/2026;01:00;18.4;0;SOLEIL;4;7.2;0
Le Blanc;46.63;1.06;24/07/2026;02:00;14.1;0;SOLEIL;5;6.1;0
Le Blanc;46.63;1.06;24/07/2026;03:00;14.1;0;SOLEIL;5;5.4;0
Le Blanc;46.63;1.06;24/07/2026;04:00;14.1;0;SOLEIL;5;5.0;0
Le Blanc;46.63;1.06;24/07/2026;05:00;16.4;0;SOLEIL;3;5.0;0
Le Blanc;46.63;1.06;24/07/2026;06:00;16.4;0;SOLEIL;3;6.8;0
Le Blanc;46.63;1.06;24/07/2026;07:00;16.4;0;SOLEIL;3;8.8;0
Le Blanc;46.63;1.06;24/07/2026;08:00;18.1;0;SOLEIL;5;10.5;0
Le Blanc;46.63;1.06;24/07/2026;09:00;20.1;0;SOLEIL;5;14.8;0
Le Blanc;46.63;1.06;24/07/2026;10:00;22.1;0;SOLEIL;5;22.0;0
Le Blanc;46.63;1.06;24/07/2026;11:00;29.2;0;SOLEIL;4;27.4;0
Le Blanc;46.63;1.06;24/07/2026;12:00;29.2;0;SOLEIL;4;29.2;0
Le Blanc;46.63;1.06;24/07/2026;13:00;29.2;0;SOLEIL;4;29.5;0
Le Blanc;46.63;1.06;24/07/2026;14:00;30.0;0;SOLEIL;5;29.2;0
Le Blanc;46.63;1.06;24/07/2026;15:00;32.0;0;SOLEIL;5;28.8;0
Le Blanc;46.63;1.06;24/07/2026;16:00;30.0;0;SOLEIL;5;28.4;0
Le Blanc;46.63;1.06;24/07/2026;17:00;30.1;0;SOLEIL;4;27.4;0
Le Blanc;46.63;1.06;24/07/2026;18:00;30.1;0;SOLEIL;4;26.3;0
Le Blanc;46.63;1.06;24/07/2026;19:00;30.1;0;SOLEIL;4;25.2;0
Le Blanc;46.63;1.06;24/07/2026;20:00;22.1;0;SOLEIL;5;22.7;0
Le Blanc;46.63;1.06;24/07/2026;21:00;20.1;0;SOLEIL;5;18.0;0
Le Blanc;46.63;1.06;24/07/2026;22:00;18.1;0;SOLEIL;5;11.9;0
Le Blanc;46.63;1.06;24/07/2026;23:00;19.5;0;SOLEIL;3;7.2;0
Le Blanc;46.63;1.06;25/07/2026;00:00;19.5;0;SOLEIL;3;5.0;0
Le Blanc;46.63;1.06;25/07/2026;01:00;19.5;0;SOLEIL;3;4.7;0
Le Blanc;46.63;1.06;25/07/2026;02:00;17.6;0;SOLEIL;5;4.7;0
Le Blanc;46.63;1.06;25/07/2026;03:00;17.6;0;SOLEIL;5;5.4;0
Le Blanc;46.63;1.06;25/07/2026;04:00;17.6;0;SOLEIL;5;6.8;0
Le Blanc;46.63;1.06;25/07/2026;05:00;19;0;SOLEIL;3;8.3;0
Le Blanc;46.63;1.06;25/07/2026;06:00;19;0;SOLEIL;3;9.0;0
Le Blanc;46.63;1.06;25/07/2026;07:00;19;0;SOLEIL;3;10.1;0
Le Blanc;46.63;1.06;25/07/2026;08:00;20.5;0;SOLEIL;5;11.2;0
Le Blanc;46.63;1.06;25/07/2026;09:00;21.9;0;SOLEIL;5;13.0;0
Le Blanc;46.63;1.06;25/07/2026;10:00;23.3;0;SOLEIL;5;15.1;0
Le Blanc;46.63;1.06;25/07/2026;11:00;29;0;SOLEIL;6;17.6;0
Le Blanc;46.63;1.06;25/07/2026;12:00;29;0;SOLEIL;6;21.2;0
Le Blanc;46.63;1.06;25/07/2026;13:00;29;0;SOLEIL;6;25.6;0
Le Blanc;46.63;1.06;25/07/2026;14:00;29.1;0;SOLEIL;5;29.2;0
Le Blanc;46.63;1.06;25/07/2026;15:00;30.5;0;SOLEIL;5;31.3;0
Le Blanc;46.63;1.06;25/07/2026;16:00;29.1;0;SOLEIL;5;32.8;0
Le Blanc;46.63;1.06;25/07/2026;17:00;26.4;0;SOLEIL;5;33.1;0
Le Blanc;46.63;1.06;25/07/2026;18:00;26.4;0;SOLEIL;5;33.1;0
Le Blanc;46.63;1.06;25/07/2026;19:00;26.4;0;SOLEIL;5;32.4;0
Le Blanc;46.63;1.06;25/07/2026;20:00;23.3;0;SOLEIL;5;29.9;0
Le Blanc;46.63;1.06;25/07/2026;21:00;21.9;0;SOLEIL;5;23.8;0
Le Blanc;46.63;1.06;25/07/2026;22:00;20.5;0;SOLEIL;5;16.2;0
Le Blanc;46.63;1.06;25/07/2026;23:00;18.6;0;SOLEIL;5;10.1;0
Le Blanc;46.63;1.06;26/07/2026;00:00;18.6;0;SOLEIL;5;7.9;0
Le Blanc;46.63;1.06;26/07/2026;01:00;18.6;0;SOLEIL;5;7.2;0
Le Blanc;46.63;1.06;26/07/2026;02:00;16.1;0;SOLEIL;5;7.2;0
Le Blanc;46.63;1.06;26/07/2026;03:00;16.1;0;SOLEIL;5;6.8;0
Le Blanc;46.63;1.06;26/07/2026;04:00;16.1;0;SOLEIL;5;6.8;0
Le Blanc;46.63;1.06;26/07/2026;05:00;17.2;0;SOLEIL;4;7.2;0
Le Blanc;46.63;1.06;26/07/2026;06:00;17.2;0;SOLEIL;4;7.6;0
Le Blanc;46.63;1.06;26/07/2026;07:00;17.2;0;SOLEIL;4;8.3;0
Le Blanc;46.63;1.06;26/07/2026;08:00;18.2;0;SOLEIL;5;9.0;0
Le Blanc;46.63;1.06;26/07/2026;09:00;19.3;0;SOLEIL;5;10.1;0
Le Blanc;46.63;1.06;26/07/2026;10:00;20.3;0;SOLEIL;5;11.5;0
Le Blanc;46.63;1.06;26/07/2026;11:00;24.1;0;SOLEIL;5;13.3;0
Le Blanc;46.63;1.06;26/07/2026;12:00;24.1;0;SOLEIL;5;19.3;0
Le Blanc;46.63;1.06;26/07/2026;13:00;24.1;0;SOLEIL;5;25.9;0
Le Blanc;46.63;1.06;26/07/2026;14:00;24.5;0;SOLEIL;5;31.8;0
Le Blanc;46.63;1.06;26/07/2026;15:00;25.6;0;SOLEIL;5;37.1;0
Le Blanc;46.63;1.06;26/07/2026;16:00;24.5;0;SOLEIL;5;38.9;0
Le Blanc;46.63;1.06;26/07/2026;17:00;23.1;0;SOLEIL;6;40.3;0
Le Blanc;46.63;1.06;26/07/2026;18:00;23.1;0;SOLEIL;6;41.4;0
Le Blanc;46.63;1.06;26/07/2026;19:00;23.1;0;SOLEIL;6;42.1;0
Le Blanc;46.63;1.06;26/07/2026;20:00;20.3;0;SOLEIL;5;42.5;0
Le Blanc;46.63;1.06;26/07/2026;21:00;19.3;0;SOLEIL;5;42.1;0
Le Blanc;46.63;1.06;26/07/2026;22:00;18.2;0;SOLEIL;5;41.4;0
Le Blanc;46.63;1.06;26/07/2026;23:00;17.6;0;SOLEIL;4;40.3;0
Le Blanc;46.63;1.06;27/07/2026;00:00;17.6;0;SOLEIL;4;39.2;0
Le Blanc;46.63;1.06;27/07/2026;01:00;17.6;0;SOLEIL;4;38.2;0
Le Blanc;46.63;1.06;27/07/2026;02:00;15;6;AVERSES;5;37.4;0
Le Blanc;46.63;1.06;27/07/2026;03:00;15;6;AVERSES;5;37.1;0
Le Blanc;46.63;1.06;27/07/2026;04:00;15;6;AVERSES;5;37.1;0
Le Blanc;46.63;1.06;27/07/2026;05:00;16.1;6;AVERSES;4;37.4;0
Le Blanc;46.63;1.06;27/07/2026;06:00;16.1;6;AVERSES;4;37.8;0
Le Blanc;46.63;1.06;27/07/2026;07:00;16.1;6;AVERSES;4;38.2;0
Le Blanc;46.63;1.06;27/07/2026;08:00;17.0;6;AVERSES;5;38.9;0
Le Blanc;46.63;1.06;27/07/2026;09:00;18.0;6;AVERSES;5;40.0;0
Le Blanc;46.63;1.06;27/07/2026;10:00;19.0;6;AVERSES;5;41.4;0
Le Blanc;46.63;1.06;27/07/2026;11:00;22.6;6;AVERSES;5;43.2;0
Le Blanc;46.63;1.06;27/07/2026;12:00;22.6;6;AVERSES;5;44.6;0
Le Blanc;46.63;1.06;27/07/2026;13:00;22.6;6;AVERSES;5;46.4;0
Le Blanc;46.63;1.06;27/07/2026;14:00;23.1;6;AVERSES;5;47.5;0
Le Blanc;46.63;1.06;27/07/2026;15:00;24.1;6;AVERSES;5;48.6;0
Le Blanc;46.63;1.06;27/07/2026;16:00;23.1;6;AVERSES;5;50.0;0
Le Blanc;46.63;1.06;27/07/2026;17:00;22;6;AVERSES;6;51.1;0
Le Blanc;46.63;1.06;27/07/2026;18:00;22;6;AVERSES;6;51.5;0
Le Blanc;46.63;1.06;27/07/2026;19:00;22;6;AVERSES;6;51.8;0
Le Blanc;46.63;1.06;27/07/2026;20:00;19.0;6;AVERSES;5;51.1;0
Le Blanc;46.63;1.06;27/07/2026;21:00;18.0;6;AVERSES;5;49.3;0
Le Blanc;46.63;1.06;27/07/2026;22:00;17.0;6;AVERSES;5;46.4;0
Le Blanc;46.63;1.06;27/07/2026;23:00;16.4;0;SOLEIL;4;42.8;0
Le Blanc;46.63;1.06;28/07/2026;00:00;16.4;0;SOLEIL;4;39.2;0
Le Blanc;46.63;1.06;28/07/2026;01:00;16.4;0;SOLEIL;4;36.0;0
Le Blanc;46.63;1.06;28/07/2026;02:00;14.5;6;AVERSES;5;33.8;0
Le Blanc;46.63;1.06;28/07/2026;03:00;14.5;6;AVERSES;5;32.4;0
Le Blanc;46.63;1.06;28/07/2026;04:00;14.5;6;AVERSES;5;31.7;0
Le Blanc;46.63;1.06;28/07/2026;05:00;15.9;6;AVERSES;4;31.0;0
Le Blanc;46.63;1.06;28/07/2026;06:00;15.9;6;AVERSES;4;31.0;0
Le Blanc;46.63;1.06;28/07/2026;07:00;15.9;6;AVERSES;4;31.0;0
Le Blanc;46.63;1.06;28/07/2026;08:00;16.7;6;AVERSES;5;31.0;0
Le Blanc;46.63;1.06;28/07/2026;09:00;17.9;6;AVERSES;5;31.3;0
Le Blanc;46.63;1.06;28/07/2026;10:00;19.0;6;AVERSES;5;32.0;0
Le Blanc;46.63;1.06;28/07/2026;11:00;22.9;6;AVERSES;5;33.1;0
Le Blanc;46.63;1.06;28/07/2026;12:00;22.9;6;AVERSES;5;34.2;0
Le Blanc;46.63;1.06;28/07/2026;13:00;22.9;6;AVERSES;5;35.3;0
Le Blanc;46.63;1.06;28/07/2026;14:00;23.5;6;AVERSES;5;36.0;0
Le Blanc;46.63;1.06;28/07/2026;15:00;24.6;6;AVERSES;5;36.4;0
Le Blanc;46.63;1.06;28/07/2026;16:00;23.5;6;AVERSES;5;37.1;0
Le Blanc;46.63;1.06;28/07/2026;17:00;22.5;0;SOLEIL;4;37.4;0
Le Blanc;46.63;1.06;28/07/2026;18:00;22.5;0;SOLEIL;4;37.4;0
Le Blanc;46.63;1.06;28/07/2026;19:00;22.5;0;SOLEIL;4;37.4;0
Le Blanc;46.63;1.06;28/07/2026;20:00;19.0;6;AVERSES;5;37.1;0
Le Blanc;46.63;1.06;28/07/2026;21:00;17.9;6;AVERSES;5;36.0;0
Le Blanc;46.63;1.06;28/07/2026;22:00;16.7;6;AVERSES;5;34.2;0
Le Blanc;46.63;1.06;28/07/2026;23:00;16.2;0;SOLEIL;4;32.4;0
Le Blanc;46.63;1.06;29/07/2026;00:00;16.2;0;SOLEIL;4;30.2;0
Le Blanc;46.63;1.06;29/07/2026;01:00;16.2;0;SOLEIL;4;28.8;0
Le Blanc;46.63;1.06;29/07/2026;02:00;14.1;0;SOLEIL;5;28.1;0
Le Blanc;46.63;1.06;29/07/2026;03:00;14.1;0;SOLEIL;5;28.1;0
Le Blanc;46.63;1.06;29/07/2026;04:00;14.1;0;SOLEIL;5;28.8;0
Le Blanc;46.63;1.06;29/07/2026;05:00;;0;SOLEIL;;30.2;0
Le Blanc;46.63;1.06;29/07/2026;06:00;;0;SOLEIL;;31.7;0
Le Blanc;46.63;1.06;29/07/2026;07:00;;0;SOLEIL;;33.1;0
Le Blanc;46.63;1.06;29/07/2026;08:00;17.1;0;SOLEIL;5;34.6;0
Le Blanc;46.63;1.06;29/07/2026;09:00;18.6;0;SOLEIL;5;36.4;0
Le Blanc;46.63;1.06;29/07/2026;10:00;20.1;0;SOLEIL;5;38.2;0
Le Blanc;46.63;1.06;29/07/2026;11:00;;0;SOLEIL;;40.3;0
Le Blanc;46.63;1.06;29/07/2026;12:00;;0;SOLEIL;;42.1;0
Le Blanc;46.63;1.06;29/07/2026;13:00;;0;SOLEIL;;43.9;0
Le Blanc;46.63;1.06;29/07/2026;14:00;26.0;0;SOLEIL;5;45.0;0
Le Blanc;46.63;1.06;29/07/2026;15:00;27.5;0;SOLEIL;5;45.7;0
Le Blanc;46.63;1.06;29/07/2026;16:00;26.0;0;SOLEIL;5;46.4;0
Le Blanc;46.63;1.06;29/07/2026;17:00;;0;SOLEIL;;47.2;0
Le Blanc;46.63;1.06;29/07/2026;18:00;;0;SOLEIL;;47.2;0
Le Blanc;46.63;1.06;29/07/2026;19:00;;0;SOLEIL;;46.4;0
Le Blanc;46.63;1.06;29/07/2026;20:00;20.1;0;SOLEIL;5;45.0;0
Le Blanc;46.63;1.06;29/07/2026;21:00;18.6;0;SOLEIL;5;42.5;0
Le Blanc;46.63;1.06;29/07/2026;22:00;17.1;0;SOLEIL;5;38.9;0
Le Blanc;46.63;1.06;29/07/2026;23:00;;0;SOLEIL;;34.6;0
Le Blanc;46.63;1.06;30/07/2026;00:00;;0;SOLEIL;;30.2;0
Le Blanc;46.63;1.06;30/07/2026;01:00;;0;SOLEIL;;26.3;0
Le Blanc;46.63;1.06;30/07/2026;02:00;14.2;0;SOLEIL;5;23.0;0
Le Blanc;46.63;1.06;30/07/2026;03:00;14.2;0;SOLEIL;5;20.5;0
Le Blanc;46.63;1.06;30/07/2026;04:00;14.2;0;SOLEIL;5;18.7;0
Le Blanc;46.63;1.06;30/07/2026;05:00;;0;SOLEIL;;16.9;0
Le Blanc;46.63;1.06;30/07/2026;06:00;;0;SOLEIL;;15.5;0
Le Blanc;46.63;1.06;30/07/2026;07:00;;0;SOLEIL;;14.8;0
Le Blanc;46.63;1.06;30/07/2026;08:00;17.6;0;SOLEIL;5;14.8;0
Le Blanc;46.63;1.06;30/07/2026;09:00;19.3;0;SOLEIL;5;15.5;0
Le Blanc;46.63;1.06;30/07/2026;10:00;21.0;0;SOLEIL;5;16.9;0
Le Blanc;46.63;1.06;30/07/2026;11:00;;0;SOLEIL;;19.1;0
Le Blanc;46.63;1.06;30/07/2026;12:00;;0;SOLEIL;;21.2;0
Le Blanc;46.63;1.06;30/07/2026;13:00;;0;SOLEIL;;23.4;0
Le Blanc;46.63;1.06;30/07/2026;14:00;27.9;0;SOLEIL;5;24.8;0
Le Blanc;46.63;1.06;30/07/2026;15:00;29.6;0;SOLEIL;5;25.9;0
Le Blanc;46.63;1.06;30/07/2026;16:00;27.9;0;SOLEIL;5;26.6;0
Le Blanc;46.63;1.06;30/07/2026;17:00;;0;SOLEIL;;27.4;0
Le Blanc;46.63;1.06;30/07/2026;18:00;;0;SOLEIL;;27.7;0
Le Blanc;46.63;1.06;30/07/2026;19:00;;0;SOLEIL;;28.1;0
Le Blanc;46.63;1.06;30/07/2026;20:00;21.0;0;SOLEIL;5;27.7;0
Le Blanc;46.63;1.06;30/07/2026;21:00;19.3;0;SOLEIL;5;27.0;0
Le Blanc;46.63;1.06;30/07/2026;22:00;17.6;0;SOLEIL;5;25.9;0
Le Blanc;46.63;1.06;30/07/2026;23:00;;0;SOLEIL;;24.5;0
Le Blanc;46.63;1.06;31/07/2026;00:00;;0;SOLEIL;;23.0;0
Le Blanc;46.63;1.06;31/07/2026;01:00;;0;SOLEIL;;21.6;0
Le Blanc;46.63;1.06;31/07/2026;02:00;14.5;0;SOLEIL;5;20.5;0
Le Blanc;46.63;1.06;31/07/2026;03:00;14.5;0;SOLEIL;5;19.4;0
Le Blanc;46.63;1.06;31/07/2026;04:00;14.5;0;SOLEIL;5;18.4;0
Le Blanc;46.63;1.06;31/07/2026;05:00;;0;SOLEIL;;17.6;0
Le Blanc;46.63;1.06;31/07/2026;06:00;;0;SOLEIL;;16.9;0
Le Blanc;46.63;1.06;31/07/2026;07:00;;0;SOLEIL;;16.6;0
Le Blanc;46.63;1.06;31/07/2026;08:00;17.9;0;SOLEIL;5;16.9;0
Le Blanc;46.63;1.06;31/07/2026;09:00;19.7;0;SOLEIL;5;18.0;0
Le Blanc;46.63;1.06;31/07/2026;10:00;21.4;0;SOLEIL;5;20.2;0
Le Blanc;46.63;1.06;31/07/2026;11:00;;0;SOLEIL;;22.3;0
Le Blanc;46.63;1.06;31/07/2026;12:00;;0;SOLEIL;;24.8;0
Le Blanc;46.63;1.06;31/07/2026;13:00;;0;SOLEIL;;27.0;0
Le Blanc;46.63;1.06;31/07/2026;14:00;28.3;0;SOLEIL;5;28.4;0
Le Blanc;46.63;1.06;31/07/2026;15:00;30.0;0;SOLEIL;5;29.2;0
Le Blanc;46.63;1.06;31/07/2026;16:00;28.3;0;SOLEIL;5;29.5;0
Le Blanc;46.63;1.06;31/07/2026;17:00;;0;SOLEIL;;29.5;0
Le Blanc;46.63;1.06;31/07/2026;18:00;;0;SOLEIL;;29.5;0
Le Blanc;46.63;1.06;31/07/2026;19:00;;0;SOLEIL;;29.2;0
Le Blanc;46.63;1.06;31/07/2026;20:00;21.4;0;SOLEIL;5;28.8;0
Le Blanc;46.63;1.06;31/07/2026;21:00;19.7;0;SOLEIL;5;28.4;0
Le Blanc;46.63;1.06;31/07/2026;22:00;17.9;0;SOLEIL;5;27.7;0
Le Blanc;46.63;1.06;31/07/2026;23:00;;0;SOLEIL;;27.0;0
Le Blanc;46.63;1.06;01/08/2026;00:00;;0;SOLEIL;;25.9;0
Le Blanc;46.63;1.06;01/08/2026;01:00;;0;SOLEIL;;24.8;0
Le Blanc;46.63;1.06;01/08/2026;02:00;16;0;SOLEIL;5;23.8;0
Le Blanc;46.63;1.06;01/08/2026;03:00;16;0;SOLEIL;5;22.3;0
Le Blanc;46.63;1.06;01/08/2026;04:00;16;0;SOLEIL;5;20.2;0
Le Blanc;46.63;1.06;01/08/2026;05:00;;0;SOLEIL;;17.6;0
Le Blanc;46.63;1.06;01/08/2026;06:00;;0;SOLEIL;;15.8;0
Le Blanc;46.63;1.06;01/08/2026;07:00;;0;SOLEIL;;14.4;0
Le Blanc;46.63;1.06;01/08/2026;08:00;18.4;0;SOLEIL;5;14.4;0
Le Blanc;46.63;1.06;01/08/2026;09:00;19.5;0;SOLEIL;5;15.8;0
Le Blanc;46.63;1.06;01/08/2026;10:00;20.7;0;SOLEIL;5;18.4;0
Le Blanc;46.63;1.06;01/08/2026;11:00;;0;SOLEIL;;21.6;0
Le Blanc;46.63;1.06;01/08/2026;12:00;;0;SOLEIL;;24.8;0
Le Blanc;46.63;1.06;01/08/2026;13:00;;0;SOLEIL;;27.7;0
Le Blanc;46.63;1.06;01/08/2026;14:00;25.4;0;SOLEIL;5;29.9;0
Le Blanc;46.63;1.06;01/08/2026;15:00;26.6;0;SOLEIL;5;31.0;0
Le Blanc;46.63;1.06;01/08/2026;16:00;25.4;0;SOLEIL;5;31.7;0
Le Blanc;46.63;1.06;01/08/2026;17:00;;0;SOLEIL;;31.7;0
Le Blanc;46.63;1.06;01/08/2026;18:00;;0;SOLEIL;;31.7;0
Le Blanc;46.63;1.06;01/08/2026;19:00;;0;SOLEIL;;31.0;0
Le Blanc;46.63;1.06;01/08/2026;20:00;20.7;0;SOLEIL;5;30.2;0
Le Blanc;46.63;1.06;01/08/2026;21:00;19.5;0;SOLEIL;5;28.8;0
Le Blanc;46.63;1.06;01/08/2026;22:00;18.4;0;SOLEIL;5;26.6;0
Le Blanc;46.63;1.06;01/08/2026;23:00;;0;SOLEIL;;24.5;0
Le Blanc;46.63;1.06;02/08/2026;00:00;;0;SOLEIL;;22.0;0
Le Blanc;46.63;1.06;02/08/2026;01:00;;0;SOLEIL;;20.2;0
Le Blanc;46.63;1.06;02/08/2026;02:00;14.6;0;SOLEIL;5;18.7;0
Le Blanc;46.63;1.06;02/08/2026;03:00;14.6;0;SOLEIL;5;18.0;0
Le Blanc;46.63;1.06;02/08/2026;04:00;14.6;0;SOLEIL;5;18.0;0
Le Blanc;46.63;1.06;02/08/2026;05:00;;0;SOLEIL;;18.4;0
Le Blanc;46.63;1.06;02/08/2026;06:00;;0;SOLEIL;;18.7;0
Le Blanc;46.63;1.06;02/08/2026;07:00;;0;SOLEIL;;19.4;0
Le Blanc;46.63;1.06;02/08/2026;08:00;17.2;0;SOLEIL;5;20.2;0
Le Blanc;46.63;1.06;02/08/2026;09:00;18.5;0;SOLEIL;5;20.9;0
Le Blanc;46.63;1.06;02/08/2026;10:00;19.8;0;SOLEIL;5;22.0;0
Le Blanc;46.63;1.06;02/08/2026;11:00;;0;SOLEIL;;23.4;0
Le Blanc;46.63;1.06;02/08/2026;12:00;;0;SOLEIL;;24.8;0
Le Blanc;46.63;1.06;02/08/2026;13:00;;0;SOLEIL;;25.9;0
Le Blanc;46.63;1.06;02/08/2026;14:00;25.1;0;SOLEIL;5;26.6;0
Le Blanc;46.63;1.06;02/08/2026;15:00;26.4;0;SOLEIL;5;27.4;0
Le Blanc;46.63;1.06;02/08/2026;16:00;25.1;0;SOLEIL;5;27.7;0
Le Blanc;46.63;1.06;02/08/2026;17:00;;0;SOLEIL;;28.1;0
Le Blanc;46.63;1.06;02/08/2026;18:00;;0;SOLEIL;;28.4;0
Le Blanc;46.63;1.06;02/08/2026;19:00;;0;SOLEIL;;28.4;0
Le Blanc;46.63;1.06;02/08/2026;20:00;19.8;0;SOLEIL;5;28.1;0
Le Blanc;46.63;1.06;02/08/2026;21:00;18.5;0;SOLEIL;5;27.4;0
Le Blanc;46.63;1.06;02/08/2026;22:00;17.2;0;SOLEIL;5;26.3;0
Le Blanc;46.63;1.06;02/08/2026;23:00;15.9;0;SOLEIL;5;24.8;0
Le Blanc;46.63;1.06;03/08/2026;00:00;12;0;SOLEIL;5;19.7;0
Le Blanc;46.63;1.06;03/08/2026;01:00;12;0;SOLEIL;5;15.8;0
Le Blanc;46.63;1.06;03/08/2026;02:00;12;0;SOLEIL;5;13.7;0
Le Blanc;46.63;1.06;03/08/2026;03:00;12;0;SOLEIL;5;13.3;0
Le Blanc;46.63;1.06;03/08/2026;04:00;12;0;SOLEIL;5;16.2;0
Le Blanc;46.63;1.06;03/08/2026;05:00;12;0;SOLEIL;5;19.4;0
Le Blanc;46.63;1.06;03/08/2026;06:00;12;0;SOLEIL;5;24.1;0
Le Blanc;46.63;1.06;03/08/2026;07:00;13.1;0;SOLEIL;5;29.5;0
Le Blanc;46.63;1.06;03/08/2026;08:00;14.2;0;SOLEIL;5;33.1;0
Le Blanc;46.63;1.06;03/08/2026;09:00;15.3;0;SOLEIL;5;33.5;0
Le Blanc;46.63;1.06;03/08/2026;10:00;16.4;0;SOLEIL;5;31.7;0
Le Blanc;46.63;1.06;03/08/2026;11:00;17.6;0;SOLEIL;5;30.2;0
Le Blanc;46.63;1.06;03/08/2026;12:00;18.7;0;SOLEIL;5;29.9;0
Le Blanc;46.63;1.06;03/08/2026;13:00;19.8;0;SOLEIL;5;29.5;0
Le Blanc;46.63;1.06;03/08/2026;14:00;20.9;0;SOLEIL;5;29.5;0
Le Blanc;46.63;1.06;03/08/2026;15:00;22.0;0;SOLEIL;5;30.6;0
Le Blanc;46.63;1.06;03/08/2026;16:00;20.9;0;SOLEIL;5;32.0;0
Le Blanc;46.63;1.06;03/08/2026;17:00;19.8;0;SOLEIL;5;32.4;0
Le Blanc;46.63;1.06;03/08/2026;18:00;18.7;0;SOLEIL;5;30.2;0
Le Blanc;46.63;1.06;03/08/2026;19:00;17.6;0;SOLEIL;5;27.0;0
Le Blanc;46.63;1.06;03/08/2026;20:00;16.4;0;SOLEIL;5;23.0;0
Le Blanc;46.63;1.06;03/08/2026;21:00;15.3;0;SOLEIL;5;19.1;0
Le Blanc;46.63;1.06;03/08/2026;22:00;14.2;0;SOLEIL;5;14.8;0
Le Blanc;46.63;1.06;03/08/2026;23:00;13.1;0;SOLEIL;5;10.8;0
Le Blanc;46.63;1.06;04/08/2026;00:00;12;0;SOLEIL;5;0.0;0
Le Blanc;46.63;1.06;04/08/2026;01:00;12;0;SOLEIL;5;0.0;0
Le Blanc;46.63;1.06;04/08/2026;02:00;12;0;SOLEIL;5;0.0;0
Le Blanc;46.63;1.06;04/08/2026;03:00;12;0;SOLEIL;5;0.0;0
Le Blanc;46.63;1.06;04/08/2026;04:00;12;0;SOLEIL;5;0.0;0
Le Blanc;46.63;1.06;04/08/2026;05:00;12;0;SOLEIL;5;0.0;0
Le Blanc;46.63;1.06;04/08/2026;06:00;12;0;SOLEIL;5;0.0;0
Le Blanc;46.63;1.06;04/08/2026;07:00;13.1;0;SOLEIL;5;0.0;0
Le Blanc;46.63;1.06;04/08/2026;08:00;14.2;0;SOLEIL;5;0.0;0
Le Blanc;46.63;1.06;04/08/2026;09:00;15.3;0;SOLEIL;5;0.0;0
Le Blanc;46.63;1.06;04/08/2026;10:00;16.4;0;SOLEIL;5;0.0;0
Le Blanc;46.63;1.06;04/08/2026;11:00;17.6;0;SOLEIL;5;0.0;0
Le Blanc;46.63;1.06;04/08/2026;12:00;18.7;0;SOLEIL;5;0.0;0
Le Blanc;46.63;1.06;04/08/2026;13:00;19.8;0;SOLEIL;5;0.0;0
Le Blanc;46.63;1.06;04/08/2026;14:00;20.9;0;SOLEIL;5;0.0;0
Le Blanc;46.63;1.06;04/08/2026;15:00;22.0;0;SOLEIL;5;0.0;0
Le Blanc;46.63;1.06;04/08/2026;16:00;20.9;0;SOLEIL;5;0.0;0
Le Blanc;46.63;1.06;04/08/2026;17:00;19.8;0;SOLEIL;5;0.0;0
Le Blanc;46.63;1.06;04/08/2026;18:00;18.7;0;SOLEIL;5;0.0;0
Le Blanc;46.63;1.06;04/08/2026;19:00;17.6;0;SOLEIL;5;0.0;0
Le Blanc;46.63;1.06;04/08/2026;20:00;16.4;0;SOLEIL;5;0.0;0
Le Blanc;46.63;1.06;04/08/2026;21:00;15.3;0;SOLEIL;5;0.0;0
Le Blanc;46.63;1.06;04/08/2026;22:00;14.2;0;SOLEIL;5;0.0;0
Le Blanc;46.63;1.06;04/08/2026;23:00;13.1;0;SOLEIL;5;0.0;0
Chinon;47.16;0.24;20/07/2026;00:00;18.5;0;SOLEIL;4;27.7;0
Chinon;47.16;0.24;20/07/2026;01:00;17.6;0;SOLEIL;4;23.4;0
Chinon;47.16;0.24;20/07/2026;02:00;17;0;SOLEIL;4;22.7;0
Chinon;47.16;0.24;20/07/2026;03:00;16.6;0;SOLEIL;4;22.3;0
Chinon;47.16;0.24;20/07/2026;04:00;15.5;0;SOLEIL;5;19.4;0
Chinon;47.16;0.24;20/07/2026;05:00;15.2;0;SOLEIL;5;21.2;0
Chinon;47.16;0.24;20/07/2026;06:00;16.1;0;SOLEIL;5;24.8;0
Chinon;47.16;0.24;20/07/2026;07:00;18;0;SOLEIL;5;24.5;0
Chinon;47.16;0.24;20/07/2026;08:00;20.6;0;SOLEIL;6;27.4;0
Chinon;47.16;0.24;20/07/2026;09:00;22.9;0;SOLEIL;6;31.3;0
Chinon;47.16;0.24;20/07/2026;10:00;24.5;0;SOLEIL;6;32.0;0
Chinon;47.16;0.24;20/07/2026;11:00;26.1;0;SOLEIL;6;33.1;0
Chinon;47.16;0.24;20/07/2026;12:00;27.2;0;SOLEIL;6;37.1;0
Chinon;47.16;0.24;20/07/2026;13:00;28;0;SOLEIL;6;38.9;0
Chinon;47.16;0.24;20/07/2026;14:00;28.6;0;SOLEIL;6;39.6;0
Chinon;47.16;0.24;20/07/2026;15:00;30.1;0;SOLEIL;6;39.6;0
Chinon;47.16;0.24;20/07/2026;16:00;29.4;0;SOLEIL;6;38.9;0
Chinon;47.16;0.24;20/07/2026;17:00;28.9;0;SOLEIL;6;38.2;0
Chinon;47.16;0.24;20/07/2026;18:00;26.6;0;SOLEIL;6;37.4;0
Chinon;47.16;0.24;20/07/2026;19:00;25.1;0;SOLEIL;5;37.4;0
Chinon;47.16;0.24;20/07/2026;20:00;22.9;0;SOLEIL;5;37.1;0
Chinon;47.16;0.24;20/07/2026;21:00;21.5;0;SOLEIL;4;33.5;0
Chinon;47.16;0.24;20/07/2026;22:00;20;0;SOLEIL;4;26.6;0
Chinon;47.16;0.24;20/07/2026;23:00;19;0;SOLEIL;4;28.4;0
Chinon;47.16;0.24;21/07/2026;00:00;18;0;SOLEIL;5;25.6;0
Chinon;47.16;0.24;21/07/2026;01:00;18;0;SOLEIL;5;25.9;0
Chinon;47.16;0.24;21/07/2026;02:00;15.6;0;SOLEIL;6;25.2;0
Chinon;47.16;0.24;21/07/2026;03:00;15.6;0;SOLEIL;6;22.0;0
Chinon;47.16;0.24;21/07/2026;04:00;15.6;0;SOLEIL;6;21.2;0
Chinon;47.16;0.24;21/07/2026;05:00;16.1;0;SOLEIL;5;23.4;0
Chinon;47.16;0.24;21/07/2026;06:00;16.1;0;SOLEIL;5;23.4;0
Chinon;47.16;0.24;21/07/2026;07:00;16.1;0;SOLEIL;5;22.3;0
Chinon;47.16;0.24;21/07/2026;08:00;22.6;0;SOLEIL;6;23.8;0
Chinon;47.16;0.24;21/07/2026;09:00;22.6;0;SOLEIL;6;27.7;0
Chinon;47.16;0.24;21/07/2026;10:00;22.6;0;SOLEIL;6;29.2;0
Chinon;47.16;0.24;21/07/2026;11:00;28.1;0;SOLEIL;6;33.5;0
Chinon;47.16;0.24;21/07/2026;12:00;28.1;0;SOLEIL;6;38.9;0
Chinon;47.16;0.24;21/07/2026;13:00;28.1;0;SOLEIL;6;42.5;0
Chinon;47.16;0.24;21/07/2026;14:00;30.1;0;SOLEIL;6;42.8;0
Chinon;47.16;0.24;21/07/2026;15:00;30.1;0;SOLEIL;6;41.4;0
Chinon;47.16;0.24;21/07/2026;16:00;30.1;0;SOLEIL;6;40.0;0
Chinon;47.16;0.24;21/07/2026;17:00;26.4;0;SOLEIL;6;40.0;0
Chinon;47.16;0.24;21/07/2026;18:00;26.4;0;SOLEIL;6;40.0;0
Chinon;47.16;0.24;21/07/2026;19:00;26.4;0;SOLEIL;6;40.0;0
Chinon;47.16;0.24;21/07/2026;20:00;20.9;0;SOLEIL;4;38.5;0
Chinon;47.16;0.24;21/07/2026;21:00;20.9;0;SOLEIL;4;35.3;0
Chinon;47.16;0.24;21/07/2026;22:00;20.9;0;SOLEIL;4;27.0;0
Chinon;47.16;0.24;21/07/2026;23:00;17.5;0;SOLEIL;5;19.8;0
Chinon;47.16;0.24;22/07/2026;00:00;17.5;0;SOLEIL;5;20.2;0
Chinon;47.16;0.24;22/07/2026;01:00;17.5;0;SOLEIL;5;19.1;0
Chinon;47.16;0.24;22/07/2026;02:00;15.7;0;SOLEIL;4;18.7;0
Chinon;47.16;0.24;22/07/2026;03:00;15.7;0;SOLEIL;4;17.6;0
Chinon;47.16;0.24;22/07/2026;04:00;15.7;0;SOLEIL;4;17.3;0
Chinon;47.16;0.24;22/07/2026;05:00;15.1;0;SOLEIL;4;16.2;0
Chinon;47.16;0.24;22/07/2026;06:00;15.1;0;SOLEIL;4;13.7;0
Chinon;47.16;0.24;22/07/2026;07:00;15.1;0;SOLEIL;4;13.0;0
Chinon;47.16;0.24;22/07/2026;08:00;24.1;0;SOLEIL;4;18.7;0
Chinon;47.16;0.24;22/07/2026;09:00;24.1;0;SOLEIL;4;23.8;0
Chinon;47.16;0.24;22/07/2026;10:00;24.1;0;SOLEIL;4;26.6;0
Chinon;47.16;0.24;22/07/2026;11:00;29;0;SOLEIL;4;27.4;0
Chinon;47.16;0.24;22/07/2026;12:00;29;0;SOLEIL;4;32.0;0
Chinon;47.16;0.24;22/07/2026;13:00;29;0;SOLEIL;4;32.8;0
Chinon;47.16;0.24;22/07/2026;14:00;31;0;SOLEIL;4;32.8;0
Chinon;47.16;0.24;22/07/2026;15:00;31;0;SOLEIL;4;33.1;0
Chinon;47.16;0.24;22/07/2026;16:00;31;0;SOLEIL;4;33.1;0
Chinon;47.16;0.24;22/07/2026;17:00;27.4;0;SOLEIL;4;32.8;0
Chinon;47.16;0.24;22/07/2026;18:00;27.4;0;SOLEIL;4;32.8;0
Chinon;47.16;0.24;22/07/2026;19:00;27.4;0;SOLEIL;4;32.4;0
Chinon;47.16;0.24;22/07/2026;20:00;21.6;0;SOLEIL;5;31.0;0
Chinon;47.16;0.24;22/07/2026;21:00;19.7;0;SOLEIL;5;26.6;0
Chinon;47.16;0.24;22/07/2026;22:00;17.9;0;SOLEIL;5;21.2;0
Chinon;47.16;0.24;22/07/2026;23:00;19.1;0;SOLEIL;4;17.3;0
Chinon;47.16;0.24;23/07/2026;00:00;19.1;0;SOLEIL;4;16.2;0
Chinon;47.16;0.24;23/07/2026;01:00;19.1;0;SOLEIL;4;16.9;0
Chinon;47.16;0.24;23/07/2026;02:00;16.6;0;SOLEIL;5;16.6;0
Chinon;47.16;0.24;23/07/2026;03:00;16.6;0;SOLEIL;5;14.0;0
Chinon;47.16;0.24;23/07/2026;04:00;16.6;0;SOLEIL;5;10.8;0
Chinon;47.16;0.24;23/07/2026;05:00;18.4;0;SOLEIL;3;8.6;0
Chinon;47.16;0.24;23/07/2026;06:00;18.4;0;SOLEIL;3;7.9;0
Chinon;47.16;0.24;23/07/2026;07:00;18.4;0;SOLEIL;3;7.9;0
Chinon;47.16;0.24;23/07/2026;08:00;20.3;0;SOLEIL;5;9.7;0
Chinon;47.16;0.24;23/07/2026;09:00;22.2;0;SOLEIL;5;14.4;0
Chinon;47.16;0.24;23/07/2026;10:00;24.1;0;SOLEIL;5;20.9;0
Chinon;47.16;0.24;23/07/2026;11:00;31.4;0;SOLEIL;4;25.9;0
Chinon;47.16;0.24;23/07/2026;12:00;31.4;0;SOLEIL;4;28.1;0
Chinon;47.16;0.24;23/07/2026;13:00;31.4;0;SOLEIL;4;29.2;0
Chinon;47.16;0.24;23/07/2026;14:00;31.5;0;SOLEIL;5;29.9;0
Chinon;47.16;0.24;23/07/2026;15:00;33.4;0;SOLEIL;5;30.6;0
Chinon;47.16;0.24;23/07/2026;16:00;31.5;0;SOLEIL;5;31.0;0
Chinon;47.16;0.24;23/07/2026;17:00;29.9;0;SOLEIL;4;31.0;0
Chinon;47.16;0.24;23/07/2026;18:00;29.9;0;SOLEIL;4;31.3;0
Chinon;47.16;0.24;23/07/2026;19:00;29.9;0;SOLEIL;4;31.7;0
Chinon;47.16;0.24;23/07/2026;20:00;24.1;0;SOLEIL;5;30.2;0
Chinon;47.16;0.24;23/07/2026;21:00;22.2;0;SOLEIL;5;25.6;0
Chinon;47.16;0.24;23/07/2026;22:00;20.3;0;SOLEIL;5;19.1;0
Chinon;47.16;0.24;23/07/2026;23:00;20.6;0;SOLEIL;4;14.0;0
Chinon;47.16;0.24;24/07/2026;00:00;20.6;0;SOLEIL;4;11.9;0
Chinon;47.16;0.24;24/07/2026;01:00;20.6;0;SOLEIL;4;11.5;0
Chinon;47.16;0.24;24/07/2026;02:00;15.9;0;SOLEIL;5;10.8;0
Chinon;47.16;0.24;24/07/2026;03:00;15.9;0;SOLEIL;5;9.7;0
Chinon;47.16;0.24;24/07/2026;04:00;15.9;0;SOLEIL;5;9.0;0
Chinon;47.16;0.24;24/07/2026;05:00;17.6;0;SOLEIL;3;8.3;0
Chinon;47.16;0.24;24/07/2026;06:00;17.6;0;SOLEIL;3;8.2;0
Chinon;47.16;0.24;24/07/2026;07:00;17.6;0;SOLEIL;3;8.5;0
Chinon;47.16;0.24;24/07/2026;08:00;19.6;0;SOLEIL;5;8.6;0
Chinon;47.16;0.24;24/07/2026;09:00;21.5;0;SOLEIL;5;10.8;0
Chinon;47.16;0.24;24/07/2026;10:00;23.3;0;SOLEIL;5;15.1;0
Chinon;47.16;0.24;24/07/2026;11:00;30.7;0;SOLEIL;4;19.1;0
Chinon;47.16;0.24;24/07/2026;12:00;30.7;0;SOLEIL;4;22.0;0
Chinon;47.16;0.24;24/07/2026;13:00;30.7;0;SOLEIL;4;23.8;0
Chinon;47.16;0.24;24/07/2026;14:00;30.7;0;SOLEIL;5;25.2;0
Chinon;47.16;0.24;24/07/2026;15:00;32.6;0;SOLEIL;5;25.2;0
Chinon;47.16;0.24;24/07/2026;16:00;30.7;0;SOLEIL;5;24.5;0
Chinon;47.16;0.24;24/07/2026;17:00;30.1;0;SOLEIL;3;23.8;0
Chinon;47.16;0.24;24/07/2026;18:00;30.1;0;SOLEIL;3;23.4;0
Chinon;47.16;0.24;24/07/2026;19:00;30.1;0;SOLEIL;3;22.7;0
Chinon;47.16;0.24;24/07/2026;20:00;23.3;0;SOLEIL;5;20.9;0
Chinon;47.16;0.24;24/07/2026;21:00;21.5;0;SOLEIL;5;16.9;0
Chinon;47.16;0.24;24/07/2026;22:00;19.6;0;SOLEIL;5;11.9;0
Chinon;47.16;0.24;24/07/2026;23:00;20.6;0;SOLEIL;3;7.9;0
Chinon;47.16;0.24;25/07/2026;00:00;20.6;0;SOLEIL;3;5.8;0
Chinon;47.16;0.24;25/07/2026;01:00;20.6;0;SOLEIL;3;4.7;0
Chinon;47.16;0.24;25/07/2026;02:00;17.7;0;SOLEIL;5;4.0;0
Chinon;47.16;0.24;25/07/2026;03:00;17.7;0;SOLEIL;5;3.2;0
Chinon;47.16;0.24;25/07/2026;04:00;17.7;0;SOLEIL;5;2.9;0
Chinon;47.16;0.24;25/07/2026;05:00;19;0;SOLEIL;3;2.5;0
Chinon;47.16;0.24;25/07/2026;06:00;19;0;SOLEIL;3;2.2;0
Chinon;47.16;0.24;25/07/2026;07:00;19;0;SOLEIL;3;1.8;0
Chinon;47.16;0.24;25/07/2026;08:00;20.8;0;SOLEIL;5;2.9;0
Chinon;47.16;0.24;25/07/2026;09:00;22.3;0;SOLEIL;5;5.8;0
Chinon;47.16;0.24;25/07/2026;10:00;23.9;0;SOLEIL;5;9.7;0
Chinon;47.16;0.24;25/07/2026;11:00;30.1;0;SOLEIL;4;14.0;0
Chinon;47.16;0.24;25/07/2026;12:00;30.1;0;SOLEIL;4;18.4;0
Chinon;47.16;0.24;25/07/2026;13:00;30.1;0;SOLEIL;4;22.7;0
Chinon;47.16;0.24;25/07/2026;14:00;30.1;0;SOLEIL;5;25.9;0
Chinon;47.16;0.24;25/07/2026;15:00;31.6;0;SOLEIL;5;28.1;0
Chinon;47.16;0.24;25/07/2026;16:00;30.1;0;SOLEIL;5;29.2;0
Chinon;47.16;0.24;25/07/2026;17:00;27.4;0;SOLEIL;4;29.5;0
Chinon;47.16;0.24;25/07/2026;18:00;27.4;0;SOLEIL;4;30.2;0
Chinon;47.16;0.24;25/07/2026;19:00;27.4;0;SOLEIL;4;30.2;0
Chinon;47.16;0.24;25/07/2026;20:00;23.9;0;SOLEIL;5;28.1;0
Chinon;47.16;0.24;25/07/2026;21:00;22.3;0;SOLEIL;5;22.0;0
Chinon;47.16;0.24;25/07/2026;22:00;20.8;0;SOLEIL;5;13.7;0
Chinon;47.16;0.24;25/07/2026;23:00;19.9;0;SOLEIL;4;7.9;0
Chinon;47.16;0.24;26/07/2026;00:00;19.9;0;SOLEIL;4;6.5;0
Chinon;47.16;0.24;26/07/2026;01:00;19.9;0;SOLEIL;4;7.6;0
Chinon;47.16;0.24;26/07/2026;02:00;17.1;0;SOLEIL;5;7.9;0
Chinon;47.16;0.24;26/07/2026;03:00;17.1;0;SOLEIL;5;7.2;0
Chinon;47.16;0.24;26/07/2026;04:00;17.1;0;SOLEIL;5;5.8;0
Chinon;47.16;0.24;26/07/2026;05:00;18.1;0;SOLEIL;4;4.7;0
Chinon;47.16;0.24;26/07/2026;06:00;18.1;0;SOLEIL;4;3.6;0
Chinon;47.16;0.24;26/07/2026;07:00;18.1;0;SOLEIL;4;2.5;0
Chinon;47.16;0.24;26/07/2026;08:00;19.2;0;SOLEIL;5;2.5;0
Chinon;47.16;0.24;26/07/2026;09:00;20.3;0;SOLEIL;5;4.0;0
Chinon;47.16;0.24;26/07/2026;10:00;21.4;0;SOLEIL;5;6.5;0
Chinon;47.16;0.24;26/07/2026;11:00;25.4;0;SOLEIL;5;9.4;0
Chinon;47.16;0.24;26/07/2026;12:00;25.4;0;SOLEIL;5;16.6;0
Chinon;47.16;0.24;26/07/2026;13:00;25.4;0;SOLEIL;5;23.6;0
Chinon;47.16;0.24;26/07/2026;14:00;25.6;0;SOLEIL;5;29.3;0
Chinon;47.16;0.24;26/07/2026;15:00;26.7;0;SOLEIL;5;34.2;0
Chinon;47.16;0.24;26/07/2026;16:00;25.6;0;SOLEIL;5;36.4;0
Chinon;47.16;0.24;26/07/2026;17:00;24.2;0;SOLEIL;6;38.5;0
Chinon;47.16;0.24;26/07/2026;18:00;24.2;0;SOLEIL;6;40.3;0
Chinon;47.16;0.24;26/07/2026;19:00;24.2;0;SOLEIL;6;41.8;0
Chinon;47.16;0.24;26/07/2026;20:00;21.4;0;SOLEIL;5;42.8;0
Chinon;47.16;0.24;26/07/2026;21:00;20.3;0;SOLEIL;5;43.2;0
Chinon;47.16;0.24;26/07/2026;22:00;19.2;0;SOLEIL;5;43.2;0
Chinon;47.16;0.24;26/07/2026;23:00;18.4;0;SOLEIL;4;42.8;0
Chinon;47.16;0.24;27/07/2026;00:00;18.4;0;SOLEIL;4;42.1;0
Chinon;47.16;0.24;27/07/2026;01:00;18.4;0;SOLEIL;4;41.4;0
Chinon;47.16;0.24;27/07/2026;02:00;16.4;6;AVERSES;5;40.7;0
Chinon;47.16;0.24;27/07/2026;03:00;16.4;6;AVERSES;5;39.6;0
Chinon;47.16;0.24;27/07/2026;04:00;16.4;6;AVERSES;5;38.2;0
Chinon;47.16;0.24;27/07/2026;05:00;17.7;0;SOLEIL;4;36.7;0
Chinon;47.16;0.24;27/07/2026;06:00;17.7;0;SOLEIL;4;35.3;0
Chinon;47.16;0.24;27/07/2026;07:00;17.7;0;SOLEIL;4;34.2;0
Chinon;47.16;0.24;27/07/2026;08:00;18.5;6;AVERSES;5;34.2;0
Chinon;47.16;0.24;27/07/2026;09:00;19.5;6;AVERSES;5;34.9;0
Chinon;47.16;0.24;27/07/2026;10:00;20.5;6;AVERSES;5;36.7;0
Chinon;47.16;0.24;27/07/2026;11:00;24.6;6;AVERSES;5;38.9;0
Chinon;47.16;0.24;27/07/2026;12:00;24.6;6;AVERSES;5;41.0;0
Chinon;47.16;0.24;27/07/2026;13:00;24.6;6;AVERSES;5;43.2;0
Chinon;47.16;0.24;27/07/2026;14:00;24.7;6;AVERSES;5;44.6;0
Chinon;47.16;0.24;27/07/2026;15:00;25.7;6;AVERSES;5;45.7;0
Chinon;47.16;0.24;27/07/2026;16:00;24.7;6;AVERSES;5;46.8;0
Chinon;47.16;0.24;27/07/2026;17:00;22.9;6;AVERSES;5;47.9;0
Chinon;47.16;0.24;27/07/2026;18:00;22.9;6;AVERSES;5;48.2;0
Chinon;47.16;0.24;27/07/2026;19:00;22.9;6;AVERSES;5;48.6;0
Chinon;47.16;0.24;27/07/2026;20:00;20.5;6;AVERSES;5;48.2;0
Chinon;47.16;0.24;27/07/2026;21:00;19.5;6;AVERSES;5;47.2;0
Chinon;47.16;0.24;27/07/2026;22:00;18.5;6;AVERSES;5;45.7;0
Chinon;47.16;0.24;27/07/2026;23:00;17.7;0;SOLEIL;3;43.9;0
Chinon;47.16;0.24;28/07/2026;00:00;17.7;0;SOLEIL;3;41.4;0
Chinon;47.16;0.24;28/07/2026;01:00;17.7;0;SOLEIL;3;39.2;0
Chinon;47.16;0.24;28/07/2026;02:00;15.6;0;SOLEIL;5;37.1;0
Chinon;47.16;0.24;28/07/2026;03:00;15.6;0;SOLEIL;5;34.6;0
Chinon;47.16;0.24;28/07/2026;04:00;15.6;0;SOLEIL;5;31.7;0
Chinon;47.16;0.24;28/07/2026;05:00;17;0;SOLEIL;3;28.8;0
Chinon;47.16;0.24;28/07/2026;06:00;17;0;SOLEIL;3;26.3;0
Chinon;47.16;0.24;28/07/2026;07:00;17;0;SOLEIL;3;24.5;0
Chinon;47.16;0.24;28/07/2026;08:00;18.1;0;SOLEIL;5;23.4;0
Chinon;47.16;0.24;28/07/2026;09:00;19.4;0;SOLEIL;5;23.8;0
Chinon;47.16;0.24;28/07/2026;10:00;20.6;0;SOLEIL;5;25.6;0
Chinon;47.16;0.24;28/07/2026;11:00;25.1;6;AVERSES;4;27.7;0
Chinon;47.16;0.24;28/07/2026;12:00;25.1;6;AVERSES;4;30.2;0
Chinon;47.16;0.24;28/07/2026;13:00;25.1;6;AVERSES;4;32.4;0
Chinon;47.16;0.24;28/07/2026;14:00;25.6;0;SOLEIL;5;33.8;0
Chinon;47.16;0.24;28/07/2026;15:00;26.9;0;SOLEIL;5;34.6;0
Chinon;47.16;0.24;28/07/2026;16:00;25.6;0;SOLEIL;5;34.9;0
Chinon;47.16;0.24;28/07/2026;17:00;24.4;0;SOLEIL;5;34.9;0
Chinon;47.16;0.24;28/07/2026;18:00;24.4;0;SOLEIL;5;34.9;0
Chinon;47.16;0.24;28/07/2026;19:00;24.4;0;SOLEIL;5;34.6;0
Chinon;47.16;0.24;28/07/2026;20:00;20.6;0;SOLEIL;5;33.8;0
Chinon;47.16;0.24;28/07/2026;21:00;19.4;0;SOLEIL;5;32.8;0
Chinon;47.16;0.24;28/07/2026;22:00;18.1;0;SOLEIL;5;31.3;0
Chinon;47.16;0.24;28/07/2026;23:00;17.4;0;SOLEIL;3;29.5;0
Chinon;47.16;0.24;29/07/2026;00:00;17.4;0;SOLEIL;3;28.1;0
Chinon;47.16;0.24;29/07/2026;01:00;17.4;0;SOLEIL;3;26.6;0
Chinon;47.16;0.24;29/07/2026;02:00;15.1;0;SOLEIL;5;25.9;0
Chinon;47.16;0.24;29/07/2026;03:00;15.1;0;SOLEIL;5;25.9;0
Chinon;47.16;0.24;29/07/2026;04:00;15.1;0;SOLEIL;5;26.3;0
Chinon;47.16;0.24;29/07/2026;05:00;;0;SOLEIL;;27.4;0
Chinon;47.16;0.24;29/07/2026;06:00;;0;SOLEIL;;28.4;0
Chinon;47.16;0.24;29/07/2026;07:00;;0;SOLEIL;;29.5;0
Chinon;47.16;0.24;29/07/2026;08:00;18.2;0;SOLEIL;5;30.6;0
Chinon;47.16;0.24;29/07/2026;09:00;19.8;0;SOLEIL;5;32.0;0
Chinon;47.16;0.24;29/07/2026;10:00;21.4;0;SOLEIL;5;33.5;0
Chinon;47.16;0.24;29/07/2026;11:00;;0;SOLEIL;;35.3;0
Chinon;47.16;0.24;29/07/2026;12:00;;0;SOLEIL;;37.1;0
Chinon;47.16;0.24;29/07/2026;13:00;;0;SOLEIL;;38.5;0
Chinon;47.16;0.24;29/07/2026;14:00;27.6;0;SOLEIL;5;39.2;0
Chinon;47.16;0.24;29/07/2026;15:00;29.2;0;SOLEIL;5;39.6;0
Chinon;47.16;0.24;29/07/2026;16:00;27.6;0;SOLEIL;5;40.0;0
Chinon;47.16;0.24;29/07/2026;17:00;;0;SOLEIL;;40.0;0
Chinon;47.16;0.24;29/07/2026;18:00;;0;SOLEIL;;39.6;0
Chinon;47.16;0.24;29/07/2026;19:00;;0;SOLEIL;;38.5;0
Chinon;47.16;0.24;29/07/2026;20:00;21.4;0;SOLEIL;5;37.4;0
Chinon;47.16;0.24;29/07/2026;21:00;19.8;0;SOLEIL;5;35.6;0
Chinon;47.16;0.24;29/07/2026;22:00;18.2;0;SOLEIL;5;32.8;0
Chinon;47.16;0.24;29/07/2026;23:00;;0;SOLEIL;;29.9;0
Chinon;47.16;0.24;30/07/2026;00:00;;0;SOLEIL;;26.6;0
Chinon;47.16;0.24;30/07/2026;01:00;;0;SOLEIL;;24.1;0
Chinon;47.16;0.24;30/07/2026;02:00;15.7;0;SOLEIL;5;22.0;0
Chinon;47.16;0.24;30/07/2026;03:00;15.7;0;SOLEIL;5;20.5;0
Chinon;47.16;0.24;30/07/2026;04:00;15.7;0;SOLEIL;5;19.4;0
Chinon;47.16;0.24;30/07/2026;05:00;;0;SOLEIL;;18.4;0
Chinon;47.16;0.24;30/07/2026;06:00;;0;SOLEIL;;18.0;0
Chinon;47.16;0.24;30/07/2026;07:00;;0;SOLEIL;;17.6;0
Chinon;47.16;0.24;30/07/2026;08:00;19.0;0;SOLEIL;5;17.6;0
Chinon;47.16;0.24;30/07/2026;09:00;20.7;0;SOLEIL;5;18.0;0
Chinon;47.16;0.24;30/07/2026;10:00;22.3;0;SOLEIL;5;19.1;0
Chinon;47.16;0.24;30/07/2026;11:00;;0;SOLEIL;;20.5;0
Chinon;47.16;0.24;30/07/2026;12:00;;0;SOLEIL;;21.6;0
Chinon;47.16;0.24;30/07/2026;13:00;;0;SOLEIL;;23.0;0
Chinon;47.16;0.24;30/07/2026;14:00;28.9;0;SOLEIL;5;23.8;0
Chinon;47.16;0.24;30/07/2026;15:00;30.6;0;SOLEIL;5;24.5;0
Chinon;47.16;0.24;30/07/2026;16:00;28.9;0;SOLEIL;5;24.8;0
Chinon;47.16;0.24;30/07/2026;17:00;;0;SOLEIL;;25.2;0
Chinon;47.16;0.24;30/07/2026;18:00;;0;SOLEIL;;25.2;0
Chinon;47.16;0.24;30/07/2026;19:00;;0;SOLEIL;;25.2;0
Chinon;47.16;0.24;30/07/2026;20:00;22.3;0;SOLEIL;5;24.8;0
Chinon;47.16;0.24;30/07/2026;21:00;20.7;0;SOLEIL;5;24.1;0
Chinon;47.16;0.24;30/07/2026;22:00;19.0;0;SOLEIL;5;23.0;0
Chinon;47.16;0.24;30/07/2026;23:00;;0;SOLEIL;;22.0;0
Chinon;47.16;0.24;31/07/2026;00:00;;0;SOLEIL;;20.9;0
Chinon;47.16;0.24;31/07/2026;01:00;;0;SOLEIL;;19.8;0
Chinon;47.16;0.24;31/07/2026;02:00;15.1;0;SOLEIL;5;19.1;0
Chinon;47.16;0.24;31/07/2026;03:00;15.1;0;SOLEIL;5;18.7;0
Chinon;47.16;0.24;31/07/2026;04:00;15.1;0;SOLEIL;5;18.4;0
Chinon;47.16;0.24;31/07/2026;05:00;;0;SOLEIL;;18.4;0
Chinon;47.16;0.24;31/07/2026;06:00;;0;SOLEIL;;18.4;0
Chinon;47.16;0.24;31/07/2026;07:00;;0;SOLEIL;;18.7;0
Chinon;47.16;0.24;31/07/2026;08:00;18.8;0;SOLEIL;5;19.4;0
Chinon;47.16;0.24;31/07/2026;09:00;20.6;0;SOLEIL;5;20.5;0
Chinon;47.16;0.24;31/07/2026;10:00;22.4;0;SOLEIL;5;21.6;0
Chinon;47.16;0.24;31/07/2026;11:00;;0;SOLEIL;;23.4;0
Chinon;47.16;0.24;31/07/2026;12:00;;0;SOLEIL;;24.8;0
Chinon;47.16;0.24;31/07/2026;13:00;;0;SOLEIL;;26.3;0
Chinon;47.16;0.24;31/07/2026;14:00;29.8;0;SOLEIL;5;27.4;0
Chinon;47.16;0.24;31/07/2026;15:00;31.6;0;SOLEIL;5;28.1;0
Chinon;47.16;0.24;31/07/2026;16:00;29.8;0;SOLEIL;5;28.8;0
Chinon;47.16;0.24;31/07/2026;17:00;;0;SOLEIL;;29.2;0
Chinon;47.16;0.24;31/07/2026;18:00;;0;SOLEIL;;29.2;0
Chinon;47.16;0.24;31/07/2026;19:00;;0;SOLEIL;;29.2;0
Chinon;47.16;0.24;31/07/2026;20:00;22.4;0;SOLEIL;5;28.8;0
Chinon;47.16;0.24;31/07/2026;21:00;20.6;0;SOLEIL;5;27.7;0
Chinon;47.16;0.24;31/07/2026;22:00;18.8;0;SOLEIL;5;26.6;0
Chinon;47.16;0.24;31/07/2026;23:00;;0;SOLEIL;;24.8;0
Chinon;47.16;0.24;01/08/2026;00:00;;0;SOLEIL;;23.0;0
Chinon;47.16;0.24;01/08/2026;01:00;;0;SOLEIL;;21.2;0
Chinon;47.16;0.24;01/08/2026;02:00;16.5;0;SOLEIL;5;19.8;0
Chinon;47.16;0.24;01/08/2026;03:00;16.5;0;SOLEIL;5;18.4;0
Chinon;47.16;0.24;01/08/2026;04:00;16.5;0;SOLEIL;5;16.2;0
Chinon;47.16;0.24;01/08/2026;05:00;;0;SOLEIL;;14.4;0
Chinon;47.16;0.24;01/08/2026;06:00;;0;SOLEIL;;13.0;0
Chinon;47.16;0.24;01/08/2026;07:00;;0;SOLEIL;;12.2;0
Chinon;47.16;0.24;01/08/2026;08:00;19.2;0;SOLEIL;5;11.9;0
Chinon;47.16;0.24;01/08/2026;09:00;20.5;0;SOLEIL;5;12.6;0
Chinon;47.16;0.24;01/08/2026;10:00;21.8;0;SOLEIL;5;14.4;0
Chinon;47.16;0.24;01/08/2026;11:00;;0;SOLEIL;;16.9;0
Chinon;47.16;0.24;01/08/2026;12:00;;0;SOLEIL;;19.4;0
Chinon;47.16;0.24;01/08/2026;13:00;;0;SOLEIL;;21.6;0
Chinon;47.16;0.24;01/08/2026;14:00;27.2;0;SOLEIL;5;23.4;0
Chinon;47.16;0.24;01/08/2026;15:00;28.5;0;SOLEIL;5;24.5;0
Chinon;47.16;0.24;01/08/2026;16:00;27.2;0;SOLEIL;5;25.9;0
Chinon;47.16;0.24;01/08/2026;17:00;;0;SOLEIL;;26.6;0
Chinon;47.16;0.24;01/08/2026;18:00;;0;SOLEIL;;27.4;0
Chinon;47.16;0.24;01/08/2026;19:00;;0;SOLEIL;;27.7;0
Chinon;47.16;0.24;01/08/2026;20:00;21.8;0;SOLEIL;5;27.4;0
Chinon;47.16;0.24;01/08/2026;21:00;20.5;0;SOLEIL;5;26.6;0
Chinon;47.16;0.24;01/08/2026;22:00;19.2;0;SOLEIL;5;24.8;0
Chinon;47.16;0.24;01/08/2026;23:00;;0;SOLEIL;;23.0;0
Chinon;47.16;0.24;02/08/2026;00:00;;0;SOLEIL;;20.9;0
Chinon;47.16;0.24;02/08/2026;01:00;;0;SOLEIL;;19.1;0
Chinon;47.16;0.24;02/08/2026;02:00;15.6;0;SOLEIL;5;17.6;0
Chinon;47.16;0.24;02/08/2026;03:00;15.6;0;SOLEIL;5;16.2;0
Chinon;47.16;0.24;02/08/2026;04:00;15.6;0;SOLEIL;5;14.8;0
Chinon;47.16;0.24;02/08/2026;05:00;;0;SOLEIL;;13.7;0
Chinon;47.16;0.24;02/08/2026;06:00;;0;SOLEIL;;12.6;0
Chinon;47.16;0.24;02/08/2026;07:00;;0;SOLEIL;;12.2;0
Chinon;47.16;0.24;02/08/2026;08:00;18.6;0;SOLEIL;5;12.6;0
Chinon;47.16;0.24;02/08/2026;09:00;20.1;0;SOLEIL;5;14.0;0
Chinon;47.16;0.24;02/08/2026;10:00;21.6;0;SOLEIL;5;16.9;0
Chinon;47.16;0.24;02/08/2026;11:00;;0;SOLEIL;;20.2;0
Chinon;47.16;0.24;02/08/2026;12:00;;0;SOLEIL;;23.4;0
Chinon;47.16;0.24;02/08/2026;13:00;;0;SOLEIL;;26.3;0
Chinon;47.16;0.24;02/08/2026;14:00;27.6;0;SOLEIL;5;28.1;0
Chinon;47.16;0.24;02/08/2026;15:00;29.1;0;SOLEIL;5;29.2;0
Chinon;47.16;0.24;02/08/2026;16:00;27.6;0;SOLEIL;5;29.5;0
Chinon;47.16;0.24;02/08/2026;17:00;;0;SOLEIL;;29.5;0
Chinon;47.16;0.24;02/08/2026;18:00;;0;SOLEIL;;29.2;0
Chinon;47.16;0.24;02/08/2026;19:00;;0;SOLEIL;;28.4;0
Chinon;47.16;0.24;02/08/2026;20:00;21.6;0;SOLEIL;5;28.1;0
Chinon;47.16;0.24;02/08/2026;21:00;20.1;0;SOLEIL;5;27.4;0
Chinon;47.16;0.24;02/08/2026;22:00;18.6;0;SOLEIL;5;26.6;0
Chinon;47.16;0.24;02/08/2026;23:00;17.1;0;SOLEIL;5;25.6;0
Chinon;47.16;0.24;03/08/2026;00:00;12;0;SOLEIL;5;21.8;0
Chinon;47.16;0.24;03/08/2026;01:00;12;0;SOLEIL;5;19.1;0
Chinon;47.16;0.24;03/08/2026;02:00;12;0;SOLEIL;5;16.8;0
Chinon;47.16;0.24;03/08/2026;03:00;12;0;SOLEIL;5;12.6;0
Chinon;47.16;0.24;03/08/2026;04:00;12;0;SOLEIL;5;9.7;0
Chinon;47.16;0.24;03/08/2026;05:00;12;0;SOLEIL;5;10.4;0
Chinon;47.16;0.24;03/08/2026;06:00;12;0;SOLEIL;5;19.4;0
Chinon;47.16;0.24;03/08/2026;07:00;13.1;0;SOLEIL;5;31.7;0
Chinon;47.16;0.24;03/08/2026;08:00;14.2;0;SOLEIL;5;40.0;0
Chinon;47.16;0.24;03/08/2026;09:00;15.3;0;SOLEIL;5;38.9;0
Chinon;47.16;0.24;03/08/2026;10:00;16.4;0;SOLEIL;5;33.1;0
Chinon;47.16;0.24;03/08/2026;11:00;17.6;0;SOLEIL;5;29.2;0
Chinon;47.16;0.24;03/08/2026;12:00;18.7;0;SOLEIL;5;29.5;0
Chinon;47.16;0.24;03/08/2026;13:00;19.8;0;SOLEIL;5;31.3;0
Chinon;47.16;0.24;03/08/2026;14:00;20.9;0;SOLEIL;5;33.5;0
Chinon;47.16;0.24;03/08/2026;15:00;22.0;0;SOLEIL;5;35.6;0
Chinon;47.16;0.24;03/08/2026;16:00;20.9;0;SOLEIL;5;37.8;0
Chinon;47.16;0.24;03/08/2026;17:00;19.8;0;SOLEIL;5;37.8;0
Chinon;47.16;0.24;03/08/2026;18:00;18.7;0;SOLEIL;5;34.2;0
Chinon;47.16;0.24;03/08/2026;19:00;17.6;0;SOLEIL;5;28.8;0
Chinon;47.16;0.24;03/08/2026;20:00;16.4;0;SOLEIL;5;24.8;0
Chinon;47.16;0.24;03/08/2026;21:00;15.3;0;SOLEIL;5;23.0;0
Chinon;47.16;0.24;03/08/2026;22:00;14.2;0;SOLEIL;5;22.3;0
Chinon;47.16;0.24;03/08/2026;23:00;13.1;0;SOLEIL;5;23.4;0
Chinon;47.16;0.24;04/08/2026;00:00;12;0;SOLEIL;5;0.0;0
Chinon;47.16;0.24;04/08/2026;01:00;12;0;SOLEIL;5;0.0;0
Chinon;47.16;0.24;04/08/2026;02:00;12;0;SOLEIL;5;0.0;0
Chinon;47.16;0.24;04/08/2026;03:00;12;0;SOLEIL;5;0.0;0
Chinon;47.16;0.24;04/08/2026;04:00;12;0;SOLEIL;5;0.0;0
Chinon;47.16;0.24;04/08/2026;05:00;12;0;SOLEIL;5;0.0;0
Chinon;47.16;0.24;04/08/2026;06:00;12;0;SOLEIL;5;0.0;0
Chinon;47.16;0.24;04/08/2026;07:00;13.1;0;SOLEIL;5;0.0;0
Chinon;47.16;0.24;04/08/2026;08:00;14.2;0;SOLEIL;5;0.0;0
Chinon;47.16;0.24;04/08/2026;09:00;15.3;0;SOLEIL;5;0.0;0
Chinon;47.16;0.24;04/08/2026;10:00;16.4;0;SOLEIL;5;0.0;0
Chinon;47.16;0.24;04/08/2026;11:00;17.6;0;SOLEIL;5;0.0;0
Chinon;47.16;0.24;04/08/2026;12:00;18.7;0;SOLEIL;5;0.0;0
Chinon;47.16;0.24;04/08/2026;13:00;19.8;0;SOLEIL;5;0.0;0
Chinon;47.16;0.24;04/08/2026;14:00;20.9;0;SOLEIL;5;0.0;0
Chinon;47.16;0.24;04/08/2026;15:00;22.0;0;SOLEIL;5;0.0;0
Chinon;47.16;0.24;04/08/2026;16:00;20.9;0;SOLEIL;5;0.0;0
Chinon;47.16;0.24;04/08/2026;17:00;19.8;0;SOLEIL;5;0.0;0
Chinon;47.16;0.24;04/08/2026;18:00;18.7;0;SOLEIL;5;0.0;0
Chinon;47.16;0.24;04/08/2026;19:00;17.6;0;SOLEIL;5;0.0;0
Chinon;47.16;0.24;04/08/2026;20:00;16.4;0;SOLEIL;5;0.0;0
Chinon;47.16;0.24;04/08/2026;21:00;15.3;0;SOLEIL;5;0.0;0
Chinon;47.16;0.24;04/08/2026;22:00;14.2;0;SOLEIL;5;0.0;0
Chinon;47.16;0.24;04/08/2026;23:00;13.1;0;SOLEIL;5;0.0;0
Le Grand-Pressigny;46.92;0.8;20/07/2026;00:00;17.6;0;SOLEIL;5;24.1;0
Le Grand-Pressigny;46.92;0.8;20/07/2026;01:00;17.1;0;SOLEIL;4;30.6;0
Le Grand-Pressigny;46.92;0.8;20/07/2026;02:00;16.1;0;SOLEIL;5;31.0;0
Le Grand-Pressigny;46.92;0.8;20/07/2026;03:00;15.5;0;SOLEIL;5;31.7;0
Le Grand-Pressigny;46.92;0.8;20/07/2026;04:00;14.4;0;SOLEIL;5;34.9;0
Le Grand-Pressigny;46.92;0.8;20/07/2026;05:00;13.7;0;SOLEIL;4;36.7;0
Le Grand-Pressigny;46.92;0.8;20/07/2026;06:00;15.7;0;SOLEIL;5;36.7;0
Le Grand-Pressigny;46.92;0.8;20/07/2026;07:00;17.4;0;SOLEIL;5;36.0;0
Le Grand-Pressigny;46.92;0.8;20/07/2026;08:00;19.4;0;SOLEIL;5;40.0;0
Le Grand-Pressigny;46.92;0.8;20/07/2026;09:00;21.5;0;SOLEIL;5;40.3;0
Le Grand-Pressigny;46.92;0.8;20/07/2026;10:00;22.6;0;SOLEIL;6;37.8;0
Le Grand-Pressigny;46.92;0.8;20/07/2026;11:00;24.1;0;SOLEIL;6;38.9;0
Le Grand-Pressigny;46.92;0.8;20/07/2026;12:00;26;0;SOLEIL;5;38.9;0
Le Grand-Pressigny;46.92;0.8;20/07/2026;13:00;26.7;0;SOLEIL;5;38.9;0
Le Grand-Pressigny;46.92;0.8;20/07/2026;14:00;27.5;0;SOLEIL;6;38.5;0
Le Grand-Pressigny;46.92;0.8;20/07/2026;15:00;28;0;SOLEIL;6;38.2;0
Le Grand-Pressigny;46.92;0.8;20/07/2026;16:00;28;0;SOLEIL;6;39.2;0
Le Grand-Pressigny;46.92;0.8;20/07/2026;17:00;27.4;0;SOLEIL;6;40.0;0
Le Grand-Pressigny;46.92;0.8;20/07/2026;18:00;26.6;0;SOLEIL;6;40.0;0
Le Grand-Pressigny;46.92;0.8;20/07/2026;19:00;24.7;0;SOLEIL;5;40.3;0
Le Grand-Pressigny;46.92;0.8;20/07/2026;20:00;22.1;0;SOLEIL;4;37.8;0
Le Grand-Pressigny;46.92;0.8;20/07/2026;21:00;20.6;0;SOLEIL;5;36.7;0
Le Grand-Pressigny;46.92;0.8;20/07/2026;22:00;19.9;0;SOLEIL;5;25.2;0
Le Grand-Pressigny;46.92;0.8;20/07/2026;23:00;19.1;0;SOLEIL;5;20.9;0
Le Grand-Pressigny;46.92;0.8;21/07/2026;00:00;17.6;0;SOLEIL;5;23.4;0
Le Grand-Pressigny;46.92;0.8;21/07/2026;01:00;17.6;0;SOLEIL;5;23.0;0
Le Grand-Pressigny;46.92;0.8;21/07/2026;02:00;15.1;0;SOLEIL;5;21.2;0
Le Grand-Pressigny;46.92;0.8;21/07/2026;03:00;15.1;0;SOLEIL;5;26.6;0
Le Grand-Pressigny;46.92;0.8;21/07/2026;04:00;15.1;0;SOLEIL;5;31.0;0
Le Grand-Pressigny;46.92;0.8;21/07/2026;05:00;16.1;0;SOLEIL;4;31.7;0
Le Grand-Pressigny;46.92;0.8;21/07/2026;06:00;16.1;0;SOLEIL;4;31.3;0
Le Grand-Pressigny;46.92;0.8;21/07/2026;07:00;16.1;0;SOLEIL;4;28.1;0
Le Grand-Pressigny;46.92;0.8;21/07/2026;08:00;22.1;0;SOLEIL;5;29.9;0
Le Grand-Pressigny;46.92;0.8;21/07/2026;09:00;22.1;0;SOLEIL;5;30.2;0
Le Grand-Pressigny;46.92;0.8;21/07/2026;10:00;22.1;0;SOLEIL;5;32.8;0
Le Grand-Pressigny;46.92;0.8;21/07/2026;11:00;27;0;SOLEIL;5;33.1;0
Le Grand-Pressigny;46.92;0.8;21/07/2026;12:00;27;0;SOLEIL;5;37.8;0
Le Grand-Pressigny;46.92;0.8;21/07/2026;13:00;27;0;SOLEIL;5;41.2;0
Le Grand-Pressigny;46.92;0.8;21/07/2026;14:00;29.1;0;SOLEIL;5;42.4;0
Le Grand-Pressigny;46.92;0.8;21/07/2026;15:00;29.1;0;SOLEIL;5;43.2;0
Le Grand-Pressigny;46.92;0.8;21/07/2026;16:00;29.1;0;SOLEIL;5;42.1;0
Le Grand-Pressigny;46.92;0.8;21/07/2026;17:00;27.6;0;SOLEIL;5;40.0;0
Le Grand-Pressigny;46.92;0.8;21/07/2026;18:00;27.6;0;SOLEIL;5;38.9;0
Le Grand-Pressigny;46.92;0.8;21/07/2026;19:00;27.6;0;SOLEIL;5;38.2;0
Le Grand-Pressigny;46.92;0.8;21/07/2026;20:00;20.6;0;SOLEIL;4;37.1;0
Le Grand-Pressigny;46.92;0.8;21/07/2026;21:00;20.6;0;SOLEIL;4;34.6;0
Le Grand-Pressigny;46.92;0.8;21/07/2026;22:00;20.6;0;SOLEIL;4;26.6;0
Le Grand-Pressigny;46.92;0.8;21/07/2026;23:00;17.1;0;SOLEIL;4;18.0;0
Le Grand-Pressigny;46.92;0.8;22/07/2026;00:00;17.1;0;SOLEIL;4;16.6;0
Le Grand-Pressigny;46.92;0.8;22/07/2026;01:00;17.1;0;SOLEIL;4;17.3;0
Le Grand-Pressigny;46.92;0.8;22/07/2026;02:00;15.4;0;SOLEIL;4;17.6;0
Le Grand-Pressigny;46.92;0.8;22/07/2026;03:00;15.4;0;SOLEIL;4;17.6;0
Le Grand-Pressigny;46.92;0.8;22/07/2026;04:00;15.4;0;SOLEIL;4;17.6;0
Le Grand-Pressigny;46.92;0.8;22/07/2026;05:00;17;0;SOLEIL;3;16.9;0
Le Grand-Pressigny;46.92;0.8;22/07/2026;06:00;17;0;SOLEIL;3;16.9;0
Le Grand-Pressigny;46.92;0.8;22/07/2026;07:00;17;0;SOLEIL;3;16.9;0
Le Grand-Pressigny;46.92;0.8;22/07/2026;08:00;24;0;SOLEIL;4;23.0;0
Le Grand-Pressigny;46.92;0.8;22/07/2026;09:00;24;0;SOLEIL;4;28.8;0
Le Grand-Pressigny;46.92;0.8;22/07/2026;10:00;24;0;SOLEIL;4;29.9;0
Le Grand-Pressigny;46.92;0.8;22/07/2026;11:00;28.2;0;SOLEIL;3;29.9;0
Le Grand-Pressigny;46.92;0.8;22/07/2026;12:00;28.2;0;SOLEIL;3;31.7;0
Le Grand-Pressigny;46.92;0.8;22/07/2026;13:00;28.2;0;SOLEIL;3;31.3;0
Le Grand-Pressigny;46.92;0.8;22/07/2026;14:00;30.2;0;SOLEIL;4;30.2;0
Le Grand-Pressigny;46.92;0.8;22/07/2026;15:00;30.2;0;SOLEIL;4;30.2;0
Le Grand-Pressigny;46.92;0.8;22/07/2026;16:00;30.2;0;SOLEIL;4;30.2;0
Le Grand-Pressigny;46.92;0.8;22/07/2026;17:00;28.6;0;SOLEIL;4;30.2;0
Le Grand-Pressigny;46.92;0.8;22/07/2026;18:00;28.6;0;SOLEIL;4;30.6;0
Le Grand-Pressigny;46.92;0.8;22/07/2026;19:00;28.6;0;SOLEIL;4;31.3;0
Le Grand-Pressigny;46.92;0.8;22/07/2026;20:00;21.3;0;SOLEIL;5;30.2;0
Le Grand-Pressigny;46.92;0.8;22/07/2026;21:00;19.5;0;SOLEIL;5;27.0;0
Le Grand-Pressigny;46.92;0.8;22/07/2026;22:00;17.8;0;SOLEIL;5;22.3;0
Le Grand-Pressigny;46.92;0.8;22/07/2026;23:00;18.9;0;SOLEIL;4;18.0;0
Le Grand-Pressigny;46.92;0.8;23/07/2026;00:00;18.9;0;SOLEIL;4;14.8;0
Le Grand-Pressigny;46.92;0.8;23/07/2026;01:00;18.9;0;SOLEIL;4;11.9;0
Le Grand-Pressigny;46.92;0.8;23/07/2026;02:00;17.4;0;SOLEIL;5;10.4;0
Le Grand-Pressigny;46.92;0.8;23/07/2026;03:00;17.4;0;SOLEIL;5;11.2;0
Le Grand-Pressigny;46.92;0.8;23/07/2026;04:00;17.4;0;SOLEIL;5;13.7;0
Le Grand-Pressigny;46.92;0.8;23/07/2026;05:00;20;0;SOLEIL;3;15.1;0
Le Grand-Pressigny;46.92;0.8;23/07/2026;06:00;20;0;SOLEIL;3;14.8;0
Le Grand-Pressigny;46.92;0.8;23/07/2026;07:00;20;0;SOLEIL;3;13.3;0
Le Grand-Pressigny;46.92;0.8;23/07/2026;08:00;20.8;0;SOLEIL;5;14.0;0
Le Grand-Pressigny;46.92;0.8;23/07/2026;09:00;22.5;0;SOLEIL;5;18.7;0
Le Grand-Pressigny;46.92;0.8;23/07/2026;10:00;24.2;0;SOLEIL;5;24.8;0
Le Grand-Pressigny;46.92;0.8;23/07/2026;11:00;29.6;0;SOLEIL;3;29.2;0
Le Grand-Pressigny;46.92;0.8;23/07/2026;12:00;29.6;0;SOLEIL;3;29.2;0
Le Grand-Pressigny;46.92;0.8;23/07/2026;13:00;29.6;0;SOLEIL;3;27.0;0
Le Grand-Pressigny;46.92;0.8;23/07/2026;14:00;30.9;0;SOLEIL;5;25.6;0
Le Grand-Pressigny;46.92;0.8;23/07/2026;15:00;32.6;0;SOLEIL;5;26.6;0
Le Grand-Pressigny;46.92;0.8;23/07/2026;16:00;30.9;0;SOLEIL;5;28.1;0
Le Grand-Pressigny;46.92;0.8;23/07/2026;17:00;30.7;0;SOLEIL;3;29.5;0
Le Grand-Pressigny;46.92;0.8;23/07/2026;18:00;30.7;0;SOLEIL;3;30.2;0
Le Grand-Pressigny;46.92;0.8;23/07/2026;19:00;30.7;0;SOLEIL;3;30.6;0
Le Grand-Pressigny;46.92;0.8;23/07/2026;20:00;24.2;0;SOLEIL;5;29.5;0
Le Grand-Pressigny;46.92;0.8;23/07/2026;21:00;22.5;0;SOLEIL;5;25.2;0
Le Grand-Pressigny;46.92;0.8;23/07/2026;22:00;20.8;0;SOLEIL;5;19.1;0
Le Grand-Pressigny;46.92;0.8;23/07/2026;23:00;20.6;0;SOLEIL;4;14.8;0
Le Grand-Pressigny;46.92;0.8;24/07/2026;00:00;20.6;0;SOLEIL;4;13.7;0
Le Grand-Pressigny;46.92;0.8;24/07/2026;01:00;20.6;0;SOLEIL;4;14.8;0
Le Grand-Pressigny;46.92;0.8;24/07/2026;02:00;17;0;SOLEIL;5;15.5;0
Le Grand-Pressigny;46.92;0.8;24/07/2026;03:00;17;0;SOLEIL;5;15.8;0
Le Grand-Pressigny;46.92;0.8;24/07/2026;04:00;17;0;SOLEIL;5;15.8;0
Le Grand-Pressigny;46.92;0.8;24/07/2026;05:00;19.2;0;SOLEIL;3;16.2;0
Le Grand-Pressigny;46.92;0.8;24/07/2026;06:00;19.2;0;SOLEIL;3;16.3;0
Le Grand-Pressigny;46.92;0.8;24/07/2026;07:00;19.2;0;SOLEIL;3;16.6;0
Le Grand-Pressigny;46.92;0.8;24/07/2026;08:00;20.3;0;SOLEIL;5;16.7;0
Le Grand-Pressigny;46.92;0.8;24/07/2026;09:00;21.9;0;SOLEIL;5;15.1;0
Le Grand-Pressigny;46.92;0.8;24/07/2026;10:00;23.5;0;SOLEIL;5;17.6;0
Le Grand-Pressigny;46.92;0.8;24/07/2026;11:00;28.4;0;SOLEIL;3;19.8;0
Le Grand-Pressigny;46.92;0.8;24/07/2026;12:00;28.4;0;SOLEIL;3;21.2;0
Le Grand-Pressigny;46.92;0.8;24/07/2026;13:00;28.4;0;SOLEIL;3;22.3;0
Le Grand-Pressigny;46.92;0.8;24/07/2026;14:00;30.1;0;SOLEIL;5;23.0;0
Le Grand-Pressigny;46.92;0.8;24/07/2026;15:00;31.7;0;SOLEIL;5;22.7;0
Le Grand-Pressigny;46.92;0.8;24/07/2026;16:00;30.1;0;SOLEIL;5;21.6;0
Le Grand-Pressigny;46.92;0.8;24/07/2026;17:00;30.5;0;SOLEIL;3;20.9;0
Le Grand-Pressigny;46.92;0.8;24/07/2026;18:00;30.5;0;SOLEIL;3;20.9;0
Le Grand-Pressigny;46.92;0.8;24/07/2026;19:00;30.5;0;SOLEIL;3;20.9;0
Le Grand-Pressigny;46.92;0.8;24/07/2026;20:00;23.5;0;SOLEIL;5;19.4;0
Le Grand-Pressigny;46.92;0.8;24/07/2026;21:00;21.9;0;SOLEIL;5;15.1;0
Le Grand-Pressigny;46.92;0.8;24/07/2026;22:00;20.3;0;SOLEIL;5;9.4;0
Le Grand-Pressigny;46.92;0.8;24/07/2026;23:00;21;0;SOLEIL;3;5.0;0
Le Grand-Pressigny;46.92;0.8;25/07/2026;00:00;21;0;SOLEIL;3;4.0;0
Le Grand-Pressigny;46.92;0.8;25/07/2026;01:00;21;0;SOLEIL;3;4.0;0
Le Grand-Pressigny;46.92;0.8;25/07/2026;02:00;18.5;0;SOLEIL;5;4.7;0
Le Grand-Pressigny;46.92;0.8;25/07/2026;03:00;18.5;0;SOLEIL;5;5.0;0
Le Grand-Pressigny;46.92;0.8;25/07/2026;04:00;18.5;0;SOLEIL;5;6.1;0
Le Grand-Pressigny;46.92;0.8;25/07/2026;05:00;19.4;0;SOLEIL;2;6.5;0
Le Grand-Pressigny;46.92;0.8;25/07/2026;06:00;19.4;0;SOLEIL;2;5.8;0
Le Grand-Pressigny;46.92;0.8;25/07/2026;07:00;19.4;0;SOLEIL;2;5.0;0
Le Grand-Pressigny;46.92;0.8;25/07/2026;08:00;21.3;0;SOLEIL;5;5.8;0
Le Grand-Pressigny;46.92;0.8;25/07/2026;09:00;22.6;0;SOLEIL;5;9.4;0
Le Grand-Pressigny;46.92;0.8;25/07/2026;10:00;24.0;0;SOLEIL;5;14.4;0
Le Grand-Pressigny;46.92;0.8;25/07/2026;11:00;29.2;0;SOLEIL;3;19.1;0
Le Grand-Pressigny;46.92;0.8;25/07/2026;12:00;29.2;0;SOLEIL;3;22.7;0
Le Grand-Pressigny;46.92;0.8;25/07/2026;13:00;29.2;0;SOLEIL;3;25.9;0
Le Grand-Pressigny;46.92;0.8;25/07/2026;14:00;29.5;0;SOLEIL;5;28.4;0
Le Grand-Pressigny;46.92;0.8;25/07/2026;15:00;30.9;0;SOLEIL;5;30.6;0
Le Grand-Pressigny;46.92;0.8;25/07/2026;16:00;29.5;0;SOLEIL;5;32.0;0
Le Grand-Pressigny;46.92;0.8;25/07/2026;17:00;27.9;0;SOLEIL;4;32.4;0
Le Grand-Pressigny;46.92;0.8;25/07/2026;18:00;27.9;0;SOLEIL;4;32.0;0
Le Grand-Pressigny;46.92;0.8;25/07/2026;19:00;27.9;0;SOLEIL;4;31.0;0
Le Grand-Pressigny;46.92;0.8;25/07/2026;20:00;24.0;0;SOLEIL;5;28.4;0
Le Grand-Pressigny;46.92;0.8;25/07/2026;21:00;22.6;0;SOLEIL;5;23.4;0
Le Grand-Pressigny;46.92;0.8;25/07/2026;22:00;21.3;0;SOLEIL;5;16.6;0
Le Grand-Pressigny;46.92;0.8;25/07/2026;23:00;20.1;0;SOLEIL;4;11.5;0
Le Grand-Pressigny;46.92;0.8;26/07/2026;00:00;20.1;0;SOLEIL;4;9.4;0
Le Grand-Pressigny;46.92;0.8;26/07/2026;01:00;20.1;0;SOLEIL;4;9.0;0
Le Grand-Pressigny;46.92;0.8;26/07/2026;02:00;17.1;0;SOLEIL;5;8.6;0
Le Grand-Pressigny;46.92;0.8;26/07/2026;03:00;17.1;0;SOLEIL;5;7.9;0
Le Grand-Pressigny;46.92;0.8;26/07/2026;04:00;17.1;0;SOLEIL;5;7.2;0
Le Grand-Pressigny;46.92;0.8;26/07/2026;05:00;18;0;SOLEIL;3;6.5;0
Le Grand-Pressigny;46.92;0.8;26/07/2026;06:00;18;0;SOLEIL;3;5.8;0
Le Grand-Pressigny;46.92;0.8;26/07/2026;07:00;18;0;SOLEIL;3;5.4;0
Le Grand-Pressigny;46.92;0.8;26/07/2026;08:00;19.1;0;SOLEIL;5;5.4;0
Le Grand-Pressigny;46.92;0.8;26/07/2026;09:00;20.1;0;SOLEIL;5;6.1;0
Le Grand-Pressigny;46.92;0.8;26/07/2026;10:00;21.1;0;SOLEIL;5;7.6;0
Le Grand-Pressigny;46.92;0.8;26/07/2026;11:00;24.6;0;SOLEIL;5;9.7;0
Le Grand-Pressigny;46.92;0.8;26/07/2026;12:00;24.6;0;SOLEIL;5;16.7;0
Le Grand-Pressigny;46.92;0.8;26/07/2026;13:00;24.6;0;SOLEIL;5;23.4;0
Le Grand-Pressigny;46.92;0.8;26/07/2026;14:00;25.1;0;SOLEIL;5;29.3;0
Le Grand-Pressigny;46.92;0.8;26/07/2026;15:00;26.1;0;SOLEIL;5;34.9;0
Le Grand-Pressigny;46.92;0.8;26/07/2026;16:00;25.1;0;SOLEIL;5;37.4;0
Le Grand-Pressigny;46.92;0.8;26/07/2026;17:00;24.2;0;SOLEIL;4;39.6;0
Le Grand-Pressigny;46.92;0.8;26/07/2026;18:00;24.2;0;SOLEIL;4;41.8;0
Le Grand-Pressigny;46.92;0.8;26/07/2026;19:00;24.2;0;SOLEIL;4;43.2;0
Le Grand-Pressigny;46.92;0.8;26/07/2026;20:00;21.1;0;SOLEIL;5;44.3;0
Le Grand-Pressigny;46.92;0.8;26/07/2026;21:00;20.1;0;SOLEIL;5;44.6;0
Le Grand-Pressigny;46.92;0.8;26/07/2026;22:00;19.1;0;SOLEIL;5;44.3;0
Le Grand-Pressigny;46.92;0.8;26/07/2026;23:00;18.6;0;SOLEIL;4;43.6;0
Le Grand-Pressigny;46.92;0.8;27/07/2026;00:00;18.6;0;SOLEIL;4;42.8;0
Le Grand-Pressigny;46.92;0.8;27/07/2026;01:00;18.6;0;SOLEIL;4;41.8;0
Le Grand-Pressigny;46.92;0.8;27/07/2026;02:00;16.5;0;SOLEIL;5;40.7;0
Le Grand-Pressigny;46.92;0.8;27/07/2026;03:00;16.5;0;SOLEIL;5;39.6;0
Le Grand-Pressigny;46.92;0.8;27/07/2026;04:00;16.5;0;SOLEIL;5;37.8;0
Le Grand-Pressigny;46.92;0.8;27/07/2026;05:00;17.7;0;SOLEIL;3;36.0;0
Le Grand-Pressigny;46.92;0.8;27/07/2026;06:00;17.7;0;SOLEIL;3;34.6;0
Le Grand-Pressigny;46.92;0.8;27/07/2026;07:00;17.7;0;SOLEIL;3;33.5;0
Le Grand-Pressigny;46.92;0.8;27/07/2026;08:00;18.6;0;SOLEIL;5;33.1;0
Le Grand-Pressigny;46.92;0.8;27/07/2026;09:00;19.7;0;SOLEIL;5;33.8;0
Le Grand-Pressigny;46.92;0.8;27/07/2026;10:00;20.7;0;SOLEIL;5;34.9;0
Le Grand-Pressigny;46.92;0.8;27/07/2026;11:00;24.2;6;AVERSES;5;36.7;0
Le Grand-Pressigny;46.92;0.8;27/07/2026;12:00;24.2;6;AVERSES;5;38.9;0
Le Grand-Pressigny;46.92;0.8;27/07/2026;13:00;24.2;6;AVERSES;5;40.7;0
Le Grand-Pressigny;46.92;0.8;27/07/2026;14:00;24.9;0;SOLEIL;5;41.8;0
Le Grand-Pressigny;46.92;0.8;27/07/2026;15:00;26.0;0;SOLEIL;5;42.5;0
Le Grand-Pressigny;46.92;0.8;27/07/2026;16:00;24.9;0;SOLEIL;5;43.2;0
Le Grand-Pressigny;46.92;0.8;27/07/2026;17:00;24.1;2;NUAGEUX;4;43.9;0
Le Grand-Pressigny;46.92;0.8;27/07/2026;18:00;24.1;2;NUAGEUX;4;44.3;0
Le Grand-Pressigny;46.92;0.8;27/07/2026;19:00;24.1;2;NUAGEUX;4;43.9;0
Le Grand-Pressigny;46.92;0.8;27/07/2026;20:00;20.7;0;SOLEIL;5;43.6;0
Le Grand-Pressigny;46.92;0.8;27/07/2026;21:00;19.7;0;SOLEIL;5;42.5;0
Le Grand-Pressigny;46.92;0.8;27/07/2026;22:00;18.6;0;SOLEIL;5;40.7;0
Le Grand-Pressigny;46.92;0.8;27/07/2026;23:00;17.7;0;SOLEIL;3;38.5;0
Le Grand-Pressigny;46.92;0.8;28/07/2026;00:00;17.7;0;SOLEIL;3;36.4;0
Le Grand-Pressigny;46.92;0.8;28/07/2026;01:00;17.7;0;SOLEIL;3;34.2;0
Le Grand-Pressigny;46.92;0.8;28/07/2026;02:00;15.4;0;SOLEIL;5;32.4;0
Le Grand-Pressigny;46.92;0.8;28/07/2026;03:00;15.4;0;SOLEIL;5;30.6;0
Le Grand-Pressigny;46.92;0.8;28/07/2026;04:00;15.4;0;SOLEIL;5;28.8;0
Le Grand-Pressigny;46.92;0.8;28/07/2026;05:00;16.6;0;SOLEIL;3;27.0;0
Le Grand-Pressigny;46.92;0.8;28/07/2026;06:00;16.6;0;SOLEIL;3;25.2;0
Le Grand-Pressigny;46.92;0.8;28/07/2026;07:00;16.6;0;SOLEIL;3;24.1;0
Le Grand-Pressigny;46.92;0.8;28/07/2026;08:00;17.8;0;SOLEIL;5;23.8;0
Le Grand-Pressigny;46.92;0.8;28/07/2026;09:00;19.0;0;SOLEIL;5;24.1;0
Le Grand-Pressigny;46.92;0.8;28/07/2026;10:00;20.2;0;SOLEIL;5;25.2;0
Le Grand-Pressigny;46.92;0.8;28/07/2026;11:00;24.1;6;AVERSES;4;27.0;0
Le Grand-Pressigny;46.92;0.8;28/07/2026;12:00;24.1;6;AVERSES;4;28.8;0
Le Grand-Pressigny;46.92;0.8;28/07/2026;13:00;24.1;6;AVERSES;4;30.2;0
Le Grand-Pressigny;46.92;0.8;28/07/2026;14:00;24.9;0;SOLEIL;5;31.3;0
Le Grand-Pressigny;46.92;0.8;28/07/2026;15:00;26.1;0;SOLEIL;5;32.0;0
Le Grand-Pressigny;46.92;0.8;28/07/2026;16:00;24.9;0;SOLEIL;5;32.4;0
Le Grand-Pressigny;46.92;0.8;28/07/2026;17:00;24.2;0;SOLEIL;4;32.4;0
Le Grand-Pressigny;46.92;0.8;28/07/2026;18:00;24.2;0;SOLEIL;4;32.8;0
Le Grand-Pressigny;46.92;0.8;28/07/2026;19:00;24.2;0;SOLEIL;4;32.8;0
Le Grand-Pressigny;46.92;0.8;28/07/2026;20:00;20.2;0;SOLEIL;5;33.1;0
Le Grand-Pressigny;46.92;0.8;28/07/2026;21:00;19.0;0;SOLEIL;5;33.5;0
Le Grand-Pressigny;46.92;0.8;28/07/2026;22:00;17.8;0;SOLEIL;5;34.2;0
Le Grand-Pressigny;46.92;0.8;28/07/2026;23:00;17.7;0;SOLEIL;3;34.9;0
Le Grand-Pressigny;46.92;0.8;29/07/2026;00:00;17.7;0;SOLEIL;3;35.6;0
Le Grand-Pressigny;46.92;0.8;29/07/2026;01:00;17.7;0;SOLEIL;3;35.6;0
Le Grand-Pressigny;46.92;0.8;29/07/2026;02:00;15.6;0;SOLEIL;5;35.6;0
Le Grand-Pressigny;46.92;0.8;29/07/2026;03:00;15.6;0;SOLEIL;5;34.9;0
Le Grand-Pressigny;46.92;0.8;29/07/2026;04:00;15.6;0;SOLEIL;5;33.5;0
Le Grand-Pressigny;46.92;0.8;29/07/2026;05:00;;0;SOLEIL;;31.7;0
Le Grand-Pressigny;46.92;0.8;29/07/2026;06:00;;0;SOLEIL;;29.9;0
Le Grand-Pressigny;46.92;0.8;29/07/2026;07:00;;0;SOLEIL;;28.8;0
Le Grand-Pressigny;46.92;0.8;29/07/2026;08:00;18.3;0;SOLEIL;5;28.4;0
Le Grand-Pressigny;46.92;0.8;29/07/2026;09:00;19.6;0;SOLEIL;5;29.2;0
Le Grand-Pressigny;46.92;0.8;29/07/2026;10:00;20.9;0;SOLEIL;5;30.2;0
Le Grand-Pressigny;46.92;0.8;29/07/2026;11:00;;0;SOLEIL;;32.4;0
Le Grand-Pressigny;46.92;0.8;29/07/2026;12:00;;0;SOLEIL;;34.2;0
Le Grand-Pressigny;46.92;0.8;29/07/2026;13:00;;0;SOLEIL;;35.6;0
Le Grand-Pressigny;46.92;0.8;29/07/2026;14:00;26.3;0;SOLEIL;5;36.7;0
Le Grand-Pressigny;46.92;0.8;29/07/2026;15:00;27.6;0;SOLEIL;5;37.1;0
Le Grand-Pressigny;46.92;0.8;29/07/2026;16:00;26.3;0;SOLEIL;5;37.1;0
Le Grand-Pressigny;46.92;0.8;29/07/2026;17:00;;0;SOLEIL;;37.1;0
Le Grand-Pressigny;46.92;0.8;29/07/2026;18:00;;0;SOLEIL;;36.7;0
Le Grand-Pressigny;46.92;0.8;29/07/2026;19:00;;0;SOLEIL;;36.0;0
Le Grand-Pressigny;46.92;0.8;29/07/2026;20:00;20.9;0;SOLEIL;5;35.3;0
Le Grand-Pressigny;46.92;0.8;29/07/2026;21:00;19.6;0;SOLEIL;5;34.6;0
Le Grand-Pressigny;46.92;0.8;29/07/2026;22:00;18.3;0;SOLEIL;5;33.5;0
Le Grand-Pressigny;46.92;0.8;29/07/2026;23:00;;0;SOLEIL;;32.0;0
Le Grand-Pressigny;46.92;0.8;30/07/2026;00:00;;0;SOLEIL;;31.0;0
Le Grand-Pressigny;46.92;0.8;30/07/2026;01:00;;0;SOLEIL;;29.5;0
Le Grand-Pressigny;46.92;0.8;30/07/2026;02:00;15.9;0;SOLEIL;5;27.7;0
Le Grand-Pressigny;46.92;0.8;30/07/2026;03:00;15.9;0;SOLEIL;5;25.6;0
Le Grand-Pressigny;46.92;0.8;30/07/2026;04:00;15.9;0;SOLEIL;5;23.0;0
Le Grand-Pressigny;46.92;0.8;30/07/2026;05:00;;0;SOLEIL;;20.5;0
Le Grand-Pressigny;46.92;0.8;30/07/2026;06:00;;0;SOLEIL;;18.0;0
Le Grand-Pressigny;46.92;0.8;30/07/2026;07:00;;0;SOLEIL;;16.2;0
Le Grand-Pressigny;46.92;0.8;30/07/2026;08:00;18.8;0;SOLEIL;5;15.1;0
Le Grand-Pressigny;46.92;0.8;30/07/2026;09:00;20.3;0;SOLEIL;5;15.1;0
Le Grand-Pressigny;46.92;0.8;30/07/2026;10:00;21.7;0;SOLEIL;5;16.2;0
Le Grand-Pressigny;46.92;0.8;30/07/2026;11:00;;0;SOLEIL;;17.6;0
Le Grand-Pressigny;46.92;0.8;30/07/2026;12:00;;0;SOLEIL;;19.1;0
Le Grand-Pressigny;46.92;0.8;30/07/2026;13:00;;0;SOLEIL;;20.5;0
Le Grand-Pressigny;46.92;0.8;30/07/2026;14:00;27.5;0;SOLEIL;5;21.6;0
Le Grand-Pressigny;46.92;0.8;30/07/2026;15:00;29.0;0;SOLEIL;5;22.0;0
Le Grand-Pressigny;46.92;0.8;30/07/2026;16:00;27.5;0;SOLEIL;5;22.0;0
Le Grand-Pressigny;46.92;0.8;30/07/2026;17:00;;0;SOLEIL;;22.0;0
Le Grand-Pressigny;46.92;0.8;30/07/2026;18:00;;0;SOLEIL;;21.6;0
Le Grand-Pressigny;46.92;0.8;30/07/2026;19:00;;0;SOLEIL;;21.6;0
Le Grand-Pressigny;46.92;0.8;30/07/2026;20:00;21.7;0;SOLEIL;5;21.6;0
Le Grand-Pressigny;46.92;0.8;30/07/2026;21:00;20.3;0;SOLEIL;5;22.0;0
Le Grand-Pressigny;46.92;0.8;30/07/2026;22:00;18.8;0;SOLEIL;5;22.7;0
Le Grand-Pressigny;46.92;0.8;30/07/2026;23:00;;0;SOLEIL;;23.8;0
Le Grand-Pressigny;46.92;0.8;31/07/2026;00:00;;0;SOLEIL;;24.5;0
Le Grand-Pressigny;46.92;0.8;31/07/2026;01:00;;0;SOLEIL;;24.8;0
Le Grand-Pressigny;46.92;0.8;31/07/2026;02:00;15.6;0;SOLEIL;5;24.8;0
Le Grand-Pressigny;46.92;0.8;31/07/2026;03:00;15.6;0;SOLEIL;5;24.1;0
Le Grand-Pressigny;46.92;0.8;31/07/2026;04:00;15.6;0;SOLEIL;5;23.0;0
Le Grand-Pressigny;46.92;0.8;31/07/2026;05:00;;0;SOLEIL;;21.6;0
Le Grand-Pressigny;46.92;0.8;31/07/2026;06:00;;0;SOLEIL;;20.2;0
Le Grand-Pressigny;46.92;0.8;31/07/2026;07:00;;0;SOLEIL;;19.1;0
Le Grand-Pressigny;46.92;0.8;31/07/2026;08:00;18.8;0;SOLEIL;5;18.4;0
Le Grand-Pressigny;46.92;0.8;31/07/2026;09:00;20.4;0;SOLEIL;5;18.0;0
Le Grand-Pressigny;46.92;0.8;31/07/2026;10:00;22.0;0;SOLEIL;5;18.4;0
Le Grand-Pressigny;46.92;0.8;31/07/2026;11:00;;0;SOLEIL;;18.7;0
Le Grand-Pressigny;46.92;0.8;31/07/2026;12:00;;0;SOLEIL;;19.1;0
Le Grand-Pressigny;46.92;0.8;31/07/2026;13:00;;0;SOLEIL;;19.4;0
Le Grand-Pressigny;46.92;0.8;31/07/2026;14:00;28.4;0;SOLEIL;5;19.8;0
Le Grand-Pressigny;46.92;0.8;31/07/2026;15:00;30.0;0;SOLEIL;5;20.2;0
Le Grand-Pressigny;46.92;0.8;31/07/2026;16:00;28.4;0;SOLEIL;5;20.9;0
Le Grand-Pressigny;46.92;0.8;31/07/2026;17:00;;0;SOLEIL;;21.2;0
Le Grand-Pressigny;46.92;0.8;31/07/2026;18:00;;0;SOLEIL;;22.0;0
Le Grand-Pressigny;46.92;0.8;31/07/2026;19:00;;0;SOLEIL;;22.0;0
Le Grand-Pressigny;46.92;0.8;31/07/2026;20:00;22.0;0;SOLEIL;5;22.0;0
Le Grand-Pressigny;46.92;0.8;31/07/2026;21:00;20.4;0;SOLEIL;5;21.2;0
Le Grand-Pressigny;46.92;0.8;31/07/2026;22:00;18.8;0;SOLEIL;5;20.2;0
Le Grand-Pressigny;46.92;0.8;31/07/2026;23:00;;0;SOLEIL;;19.1;0
Le Grand-Pressigny;46.92;0.8;01/08/2026;00:00;;0;SOLEIL;;17.6;0
Le Grand-Pressigny;46.92;0.8;01/08/2026;01:00;;0;SOLEIL;;16.6;0
Le Grand-Pressigny;46.92;0.8;01/08/2026;02:00;16;0;SOLEIL;5;15.8;0
Le Grand-Pressigny;46.92;0.8;01/08/2026;03:00;16;0;SOLEIL;5;15.8;0
Le Grand-Pressigny;46.92;0.8;01/08/2026;04:00;16;0;SOLEIL;5;15.8;0
Le Grand-Pressigny;46.92;0.8;01/08/2026;05:00;;0;SOLEIL;;16.2;0
Le Grand-Pressigny;46.92;0.8;01/08/2026;06:00;;0;SOLEIL;;16.9;0
Le Grand-Pressigny;46.92;0.8;01/08/2026;07:00;;0;SOLEIL;;17.3;0
Le Grand-Pressigny;46.92;0.8;01/08/2026;08:00;18.6;0;SOLEIL;5;17.6;0
Le Grand-Pressigny;46.92;0.8;01/08/2026;09:00;19.9;0;SOLEIL;5;18.0;0
Le Grand-Pressigny;46.92;0.8;01/08/2026;10:00;21.2;0;SOLEIL;5;18.4;0
Le Grand-Pressigny;46.92;0.8;01/08/2026;11:00;;0;SOLEIL;;18.7;0
Le Grand-Pressigny;46.92;0.8;01/08/2026;12:00;;0;SOLEIL;;18.7;0
Le Grand-Pressigny;46.92;0.8;01/08/2026;13:00;;0;SOLEIL;;19.1;0
Le Grand-Pressigny;46.92;0.8;01/08/2026;14:00;26.3;0;SOLEIL;5;19.4;0
Le Grand-Pressigny;46.92;0.8;01/08/2026;15:00;27.6;0;SOLEIL;5;19.8;0
Le Grand-Pressigny;46.92;0.8;01/08/2026;16:00;26.3;0;SOLEIL;5;20.2;0
Le Grand-Pressigny;46.92;0.8;01/08/2026;17:00;;0;SOLEIL;;20.5;0
Le Grand-Pressigny;46.92;0.8;01/08/2026;18:00;;0;SOLEIL;;20.5;0
Le Grand-Pressigny;46.92;0.8;01/08/2026;19:00;;0;SOLEIL;;20.5;0
Le Grand-Pressigny;46.92;0.8;01/08/2026;20:00;21.2;0;SOLEIL;5;20.5;0
Le Grand-Pressigny;46.92;0.8;01/08/2026;21:00;19.9;0;SOLEIL;5;20.2;0
Le Grand-Pressigny;46.92;0.8;01/08/2026;22:00;18.6;0;SOLEIL;5;19.4;0
Le Grand-Pressigny;46.92;0.8;01/08/2026;23:00;;0;SOLEIL;;18.7;0
Le Grand-Pressigny;46.92;0.8;02/08/2026;00:00;;0;SOLEIL;;18.0;0
Le Grand-Pressigny;46.92;0.8;02/08/2026;01:00;;0;SOLEIL;;17.3;0
Le Grand-Pressigny;46.92;0.8;02/08/2026;02:00;15.7;0;SOLEIL;5;16.6;0
Le Grand-Pressigny;46.92;0.8;02/08/2026;03:00;15.7;0;SOLEIL;5;16.2;0
Le Grand-Pressigny;46.92;0.8;02/08/2026;04:00;15.7;0;SOLEIL;5;15.8;0
Le Grand-Pressigny;46.92;0.8;02/08/2026;05:00;;0;SOLEIL;;15.5;0
Le Grand-Pressigny;46.92;0.8;02/08/2026;06:00;;0;SOLEIL;;15.1;0
Le Grand-Pressigny;46.92;0.8;02/08/2026;07:00;;0;SOLEIL;;15.1;0
Le Grand-Pressigny;46.92;0.8;02/08/2026;08:00;18.6;0;SOLEIL;5;15.5;0
Le Grand-Pressigny;46.92;0.8;02/08/2026;09:00;20.0;0;SOLEIL;5;16.2;0
Le Grand-Pressigny;46.92;0.8;02/08/2026;10:00;21.4;0;SOLEIL;5;16.9;0
Le Grand-Pressigny;46.92;0.8;02/08/2026;11:00;;0;SOLEIL;;18.0;0
Le Grand-Pressigny;46.92;0.8;02/08/2026;12:00;;0;SOLEIL;;19.1;0
Le Grand-Pressigny;46.92;0.8;02/08/2026;13:00;;0;SOLEIL;;19.8;0
Le Grand-Pressigny;46.92;0.8;02/08/2026;14:00;27.2;0;SOLEIL;5;20.5;0
Le Grand-Pressigny;46.92;0.8;02/08/2026;15:00;28.6;0;SOLEIL;5;20.9;0
Le Grand-Pressigny;46.92;0.8;02/08/2026;16:00;27.2;0;SOLEIL;5;20.9;0
Le Grand-Pressigny;46.92;0.8;02/08/2026;17:00;;0;SOLEIL;;20.9;0
Le Grand-Pressigny;46.92;0.8;02/08/2026;18:00;;0;SOLEIL;;20.5;0
Le Grand-Pressigny;46.92;0.8;02/08/2026;19:00;;0;SOLEIL;;20.5;0
Le Grand-Pressigny;46.92;0.8;02/08/2026;20:00;21.4;0;SOLEIL;5;20.2;0
Le Grand-Pressigny;46.92;0.8;02/08/2026;21:00;20.0;0;SOLEIL;5;19.8;0
Le Grand-Pressigny;46.92;0.8;02/08/2026;22:00;18.6;0;SOLEIL;5;19.4;0
Le Grand-Pressigny;46.92;0.8;02/08/2026;23:00;17.1;0;SOLEIL;5;18.7;0
Le Grand-Pressigny;46.92;0.8;03/08/2026;00:00;12;0;SOLEIL;5;16.8;0
Le Grand-Pressigny;46.92;0.8;03/08/2026;01:00;12;0;SOLEIL;5;14.6;0
Le Grand-Pressigny;46.92;0.8;03/08/2026;02:00;12;0;SOLEIL;5;12.0;0
Le Grand-Pressigny;46.92;0.8;03/08/2026;03:00;12;0;SOLEIL;5;9.7;0
Le Grand-Pressigny;46.92;0.8;03/08/2026;04:00;12;0;SOLEIL;5;9.0;0
Le Grand-Pressigny;46.92;0.8;03/08/2026;05:00;12;0;SOLEIL;5;8.6;0
Le Grand-Pressigny;46.92;0.8;03/08/2026;06:00;12;0;SOLEIL;5;7.2;0
Le Grand-Pressigny;46.92;0.8;03/08/2026;07:00;13.1;0;SOLEIL;5;5.4;0
Le Grand-Pressigny;46.92;0.8;03/08/2026;08:00;14.2;0;SOLEIL;5;6.1;0
Le Grand-Pressigny;46.92;0.8;03/08/2026;09:00;15.3;0;SOLEIL;5;10.8;0
Le Grand-Pressigny;46.92;0.8;03/08/2026;10:00;16.4;0;SOLEIL;5;17.6;0
Le Grand-Pressigny;46.92;0.8;03/08/2026;11:00;17.6;0;SOLEIL;5;23.4;0
Le Grand-Pressigny;46.92;0.8;03/08/2026;12:00;18.7;0;SOLEIL;5;27.0;0
Le Grand-Pressigny;46.92;0.8;03/08/2026;13:00;19.8;0;SOLEIL;5;29.5;0
Le Grand-Pressigny;46.92;0.8;03/08/2026;14:00;20.9;0;SOLEIL;5;31.3;0
Le Grand-Pressigny;46.92;0.8;03/08/2026;15:00;22.0;0;SOLEIL;5;32.4;0
Le Grand-Pressigny;46.92;0.8;03/08/2026;16:00;20.9;0;SOLEIL;5;32.8;0
Le Grand-Pressigny;46.92;0.8;03/08/2026;17:00;19.8;0;SOLEIL;5;32.0;0
Le Grand-Pressigny;46.92;0.8;03/08/2026;18:00;18.7;0;SOLEIL;5;28.8;0
Le Grand-Pressigny;46.92;0.8;03/08/2026;19:00;17.6;0;SOLEIL;5;24.1;0
Le Grand-Pressigny;46.92;0.8;03/08/2026;20:00;16.4;0;SOLEIL;5;21.6;0
Le Grand-Pressigny;46.92;0.8;03/08/2026;21:00;15.3;0;SOLEIL;5;23.0;0
Le Grand-Pressigny;46.92;0.8;03/08/2026;22:00;14.2;0;SOLEIL;5;26.6;0
Le Grand-Pressigny;46.92;0.8;03/08/2026;23:00;13.1;0;SOLEIL;5;29.5;0
Le Grand-Pressigny;46.92;0.8;04/08/2026;00:00;12;0;SOLEIL;5;0.0;0
Le Grand-Pressigny;46.92;0.8;04/08/2026;01:00;12;0;SOLEIL;5;0.0;0
Le Grand-Pressigny;46.92;0.8;04/08/2026;02:00;12;0;SOLEIL;5;0.0;0
Le Grand-Pressigny;46.92;0.8;04/08/2026;03:00;12;0;SOLEIL;5;0.0;0
Le Grand-Pressigny;46.92;0.8;04/08/2026;04:00;12;0;SOLEIL;5;0.0;0
Le Grand-Pressigny;46.92;0.8;04/08/2026;05:00;12;0;SOLEIL;5;0.0;0
Le Grand-Pressigny;46.92;0.8;04/08/2026;06:00;12;0;SOLEIL;5;0.0;0
Le Grand-Pressigny;46.92;0.8;04/08/2026;07:00;13.1;0;SOLEIL;5;0.0;0
Le Grand-Pressigny;46.92;0.8;04/08/2026;08:00;14.2;0;SOLEIL;5;0.0;0
Le Grand-Pressigny;46.92;0.8;04/08/2026;09:00;15.3;0;SOLEIL;5;0.0;0
Le Grand-Pressigny;46.92;0.8;04/08/2026;10:00;16.4;0;SOLEIL;5;0.0;0
Le Grand-Pressigny;46.92;0.8;04/08/2026;11:00;17.6;0;SOLEIL;5;0.0;0
Le Grand-Pressigny;46.92;0.8;04/08/2026;12:00;18.7;0;SOLEIL;5;0.0;0
Le Grand-Pressigny;46.92;0.8;04/08/2026;13:00;19.8;0;SOLEIL;5;0.0;0
Le Grand-Pressigny;46.92;0.8;04/08/2026;14:00;20.9;0;SOLEIL;5;0.0;0
Le Grand-Pressigny;46.92;0.8;04/08/2026;15:00;22.0;0;SOLEIL;5;0.0;0
Le Grand-Pressigny;46.92;0.8;04/08/2026;16:00;20.9;0;SOLEIL;5;0.0;0
Le Grand-Pressigny;46.92;0.8;04/08/2026;17:00;19.8;0;SOLEIL;5;0.0;0
Le Grand-Pressigny;46.92;0.8;04/08/2026;18:00;18.7;0;SOLEIL;5;0.0;0
Le Grand-Pressigny;46.92;0.8;04/08/2026;19:00;17.6;0;SOLEIL;5;0.0;0
Le Grand-Pressigny;46.92;0.8;04/08/2026;20:00;16.4;0;SOLEIL;5;0.0;0
Le Grand-Pressigny;46.92;0.8;04/08/2026;21:00;15.3;0;SOLEIL;5;0.0;0
Le Grand-Pressigny;46.92;0.8;04/08/2026;22:00;14.2;0;SOLEIL;5;0.0;0
Le Grand-Pressigny;46.92;0.8;04/08/2026;23:00;13.1;0;SOLEIL;5;0.0;0
Tours;47.39;0.68;20/07/2026;00:00;17.1;0;SOLEIL;5;19.1;0
Tours;47.39;0.68;20/07/2026;01:00;15.5;0;SOLEIL;4;16.6;0
Tours;47.39;0.68;20/07/2026;02:00;14.9;0;SOLEIL;4;16.6;0
Tours;47.39;0.68;20/07/2026;03:00;14.4;0;SOLEIL;5;14.8;0
Tours;47.39;0.68;20/07/2026;04:00;13.9;0;SOLEIL;5;19.1;0
Tours;47.39;0.68;20/07/2026;05:00;13.6;0;SOLEIL;5;23.0;0
Tours;47.39;0.68;20/07/2026;06:00;15.6;0;SOLEIL;5;22.7;0
Tours;47.39;0.68;20/07/2026;07:00;18.5;0;SOLEIL;5;21.2;0
Tours;47.39;0.68;20/07/2026;08:00;20.4;0;SOLEIL;5;25.6;0
Tours;47.39;0.68;20/07/2026;09:00;22.2;0;SOLEIL;6;30.2;0
Tours;47.39;0.68;20/07/2026;10:00;23.9;0;SOLEIL;6;30.6;0
Tours;47.39;0.68;20/07/2026;11:00;25.1;0;SOLEIL;6;31.3;0
Tours;47.39;0.68;20/07/2026;12:00;26.5;0;SOLEIL;5;33.5;0
Tours;47.39;0.68;20/07/2026;13:00;27.2;0;SOLEIL;5;35.3;0
Tours;47.39;0.68;20/07/2026;14:00;28.1;0;SOLEIL;5;34.9;0
Tours;47.39;0.68;20/07/2026;15:00;28.2;0;SOLEIL;6;33.8;0
Tours;47.39;0.68;20/07/2026;16:00;27.9;0;SOLEIL;6;33.5;0
Tours;47.39;0.68;20/07/2026;17:00;28;0;SOLEIL;6;34.9;0
Tours;47.39;0.68;20/07/2026;18:00;26.9;0;SOLEIL;6;35.6;0
Tours;47.39;0.68;20/07/2026;19:00;24.1;0;SOLEIL;5;36.4;0
Tours;47.39;0.68;20/07/2026;20:00;20.9;0;SOLEIL;4;34.6;0
Tours;47.39;0.68;20/07/2026;21:00;19.1;0;SOLEIL;4;29.9;0
Tours;47.39;0.68;20/07/2026;22:00;17.4;0;SOLEIL;5;29.9;0
Tours;47.39;0.68;20/07/2026;23:00;16.6;0;SOLEIL;5;22.0;0
Tours;47.39;0.68;21/07/2026;00:00;15.5;0;SOLEIL;5;17.3;0
Tours;47.39;0.68;21/07/2026;01:00;15.5;0;SOLEIL;5;18.4;0
Tours;47.39;0.68;21/07/2026;02:00;13.7;0;SOLEIL;5;16.6;0
Tours;47.39;0.68;21/07/2026;03:00;13.7;0;SOLEIL;5;16.2;0
Tours;47.39;0.68;21/07/2026;04:00;13.7;0;SOLEIL;5;17.6;0
Tours;47.39;0.68;21/07/2026;05:00;15.1;0;SOLEIL;5;20.2;0
Tours;47.39;0.68;21/07/2026;06:00;15.1;0;SOLEIL;5;20.5;0
Tours;47.39;0.68;21/07/2026;07:00;15.1;0;SOLEIL;5;18.4;0
Tours;47.39;0.68;21/07/2026;08:00;22.1;0;SOLEIL;5;20.2;0
Tours;47.39;0.68;21/07/2026;09:00;22.1;0;SOLEIL;5;25.2;0
Tours;47.39;0.68;21/07/2026;10:00;22.1;0;SOLEIL;5;27.0;0
Tours;47.39;0.68;21/07/2026;11:00;26.1;0;SOLEIL;5;30.2;0
Tours;47.39;0.68;21/07/2026;12:00;26.1;0;SOLEIL;5;34.6;0
Tours;47.39;0.68;21/07/2026;13:00;26.1;0;SOLEIL;5;39.6;0
Tours;47.39;0.68;21/07/2026;14:00;29;0;SOLEIL;5;41.4;0
Tours;47.39;0.68;21/07/2026;15:00;29;0;SOLEIL;5;43.2;0
Tours;47.39;0.68;21/07/2026;16:00;29;0;SOLEIL;5;41.8;0
Tours;47.39;0.68;21/07/2026;17:00;26.6;0;SOLEIL;5;38.5;0
Tours;47.39;0.68;21/07/2026;18:00;26.6;0;SOLEIL;5;37.8;0
Tours;47.39;0.68;21/07/2026;19:00;26.6;0;SOLEIL;5;36.7;0
Tours;47.39;0.68;21/07/2026;20:00;18.1;0;SOLEIL;4;36.4;0
Tours;47.39;0.68;21/07/2026;21:00;18.1;0;SOLEIL;4;33.8;0
Tours;47.39;0.68;21/07/2026;22:00;18.1;0;SOLEIL;4;25.6;0
Tours;47.39;0.68;21/07/2026;23:00;15.4;0;SOLEIL;5;17.6;0
Tours;47.39;0.68;22/07/2026;00:00;15.4;0;SOLEIL;5;15.5;0
Tours;47.39;0.68;22/07/2026;01:00;15.4;0;SOLEIL;5;18.0;0
Tours;47.39;0.68;22/07/2026;02:00;12;0;SOLEIL;4;19.8;0
Tours;47.39;0.68;22/07/2026;03:00;12;0;SOLEIL;4;20.2;0
Tours;47.39;0.68;22/07/2026;04:00;12;0;SOLEIL;4;20.2;0
Tours;47.39;0.68;22/07/2026;05:00;14.9;0;SOLEIL;4;19.8;0
Tours;47.39;0.68;22/07/2026;06:00;14.9;0;SOLEIL;4;18.7;0
Tours;47.39;0.68;22/07/2026;07:00;14.9;0;SOLEIL;4;16.6;0
Tours;47.39;0.68;22/07/2026;08:00;23.6;0;SOLEIL;4;21.6;0
Tours;47.39;0.68;22/07/2026;09:00;23.6;0;SOLEIL;4;27.4;0
Tours;47.39;0.68;22/07/2026;10:00;23.6;0;SOLEIL;4;29.5;0
Tours;47.39;0.68;22/07/2026;11:00;28;0;SOLEIL;4;28.8;0
Tours;47.39;0.68;22/07/2026;12:00;28;0;SOLEIL;4;32.8;0
Tours;47.39;0.68;22/07/2026;13:00;28;0;SOLEIL;4;33.1;0
Tours;47.39;0.68;22/07/2026;14:00;29.2;0;SOLEIL;4;32.0;0
Tours;47.39;0.68;22/07/2026;15:00;29.2;0;SOLEIL;4;32.4;0
Tours;47.39;0.68;22/07/2026;16:00;29.2;0;SOLEIL;4;32.4;0
Tours;47.39;0.68;22/07/2026;17:00;26.5;0;SOLEIL;4;32.0;0
Tours;47.39;0.68;22/07/2026;18:00;26.5;0;SOLEIL;4;32.0;0
Tours;47.39;0.68;22/07/2026;19:00;26.5;0;SOLEIL;4;32.0;0
Tours;47.39;0.68;22/07/2026;20:00;19.6;0;SOLEIL;5;30.2;0
Tours;47.39;0.68;22/07/2026;21:00;17.7;0;SOLEIL;5;25.9;0
Tours;47.39;0.68;22/07/2026;22:00;15.8;0;SOLEIL;5;20.2;0
Tours;47.39;0.68;22/07/2026;23:00;17.1;0;SOLEIL;4;15.5;0
Tours;47.39;0.68;23/07/2026;00:00;17.1;0;SOLEIL;4;13.0;0
Tours;47.39;0.68;23/07/2026;01:00;17.1;0;SOLEIL;4;11.5;0
Tours;47.39;0.68;23/07/2026;02:00;14.1;0;SOLEIL;5;10.8;0
Tours;47.39;0.68;23/07/2026;03:00;14.1;0;SOLEIL;5;11.5;0
Tours;47.39;0.68;23/07/2026;04:00;14.1;0;SOLEIL;5;12.6;0
Tours;47.39;0.68;23/07/2026;05:00;17.7;0;SOLEIL;3;13.7;0
Tours;47.39;0.68;23/07/2026;06:00;17.7;0;SOLEIL;3;13.0;0
Tours;47.39;0.68;23/07/2026;07:00;17.7;0;SOLEIL;3;11.5;0
Tours;47.39;0.68;23/07/2026;08:00;18.1;0;SOLEIL;5;12.2;0
Tours;47.39;0.68;23/07/2026;09:00;20.1;0;SOLEIL;5;17.3;0
Tours;47.39;0.68;23/07/2026;10:00;22.1;0;SOLEIL;5;24.1;0
Tours;47.39;0.68;23/07/2026;11:00;29.6;0;SOLEIL;4;29.2;0
Tours;47.39;0.68;23/07/2026;12:00;29.6;0;SOLEIL;4;29.9;0
Tours;47.39;0.68;23/07/2026;13:00;29.6;0;SOLEIL;4;28.4;0
Tours;47.39;0.68;23/07/2026;14:00;30.1;0;SOLEIL;5;27.7;0
Tours;47.39;0.68;23/07/2026;15:00;32.1;0;SOLEIL;5;29.2;0
Tours;47.39;0.68;23/07/2026;16:00;30.1;0;SOLEIL;5;31.0;0
Tours;47.39;0.68;23/07/2026;17:00;30.2;0;SOLEIL;4;32.4;0
Tours;47.39;0.68;23/07/2026;18:00;30.2;0;SOLEIL;4;33.1;0
Tours;47.39;0.68;23/07/2026;19:00;30.2;0;SOLEIL;4;33.5;0
Tours;47.39;0.68;23/07/2026;20:00;22.1;0;SOLEIL;5;31.3;0
Tours;47.39;0.68;23/07/2026;21:00;20.1;0;SOLEIL;5;24.8;0
Tours;47.39;0.68;23/07/2026;22:00;18.1;0;SOLEIL;5;16.2;0
Tours;47.39;0.68;23/07/2026;23:00;17.4;0;SOLEIL;4;10.4;0
Tours;47.39;0.68;24/07/2026;00:00;17.4;0;SOLEIL;4;9.7;0
Tours;47.39;0.68;24/07/2026;01:00;17.4;0;SOLEIL;4;11.9;0
Tours;47.39;0.68;24/07/2026;02:00;14;0;SOLEIL;5;13.7;0
Tours;47.39;0.68;24/07/2026;03:00;14;0;SOLEIL;5;13.7;0
Tours;47.39;0.68;24/07/2026;04:00;14;0;SOLEIL;5;13.3;0
Tours;47.39;0.68;24/07/2026;05:00;17.1;0;SOLEIL;4;13.0;0
Tours;47.39;0.68;24/07/2026;06:00;17.1;0;SOLEIL;4;12.0;0
Tours;47.39;0.68;24/07/2026;07:00;17.1;0;SOLEIL;4;11.5;0
Tours;47.39;0.68;24/07/2026;08:00;18.0;0;SOLEIL;5;11.6;0
Tours;47.39;0.68;24/07/2026;09:00;20.0;0;SOLEIL;5;13.3;0
Tours;47.39;0.68;24/07/2026;10:00;22.0;0;SOLEIL;5;16.9;0
Tours;47.39;0.68;24/07/2026;11:00;29;0;SOLEIL;3;20.2;0
Tours;47.39;0.68;24/07/2026;12:00;29;0;SOLEIL;3;22.3;0
Tours;47.39;0.68;24/07/2026;13:00;29;0;SOLEIL;3;24.1;0
Tours;47.39;0.68;24/07/2026;14:00;30.1;0;SOLEIL;5;25.2;0
Tours;47.39;0.68;24/07/2026;15:00;32.1;0;SOLEIL;5;25.2;0
Tours;47.39;0.68;24/07/2026;16:00;30.1;0;SOLEIL;5;24.1;0
Tours;47.39;0.68;24/07/2026;17:00;30.9;0;SOLEIL;3;23.4;0
Tours;47.39;0.68;24/07/2026;18:00;30.9;0;SOLEIL;3;23.0;0
Tours;47.39;0.68;24/07/2026;19:00;30.9;0;SOLEIL;3;23.0;0
Tours;47.39;0.68;24/07/2026;20:00;22.0;0;SOLEIL;5;21.2;0
Tours;47.39;0.68;24/07/2026;21:00;20.0;0;SOLEIL;5;16.6;0
Tours;47.39;0.68;24/07/2026;22:00;18.0;0;SOLEIL;5;10.8;0
Tours;47.39;0.68;24/07/2026;23:00;19;0;SOLEIL;3;6.1;0
Tours;47.39;0.68;25/07/2026;00:00;19;0;SOLEIL;3;4.0;0
Tours;47.39;0.68;25/07/2026;01:00;19;0;SOLEIL;3;3.2;0
Tours;47.39;0.68;25/07/2026;02:00;17.2;0;SOLEIL;5;2.9;0
Tours;47.39;0.68;25/07/2026;03:00;17.2;0;SOLEIL;5;3.2;0
Tours;47.39;0.68;25/07/2026;04:00;17.2;0;SOLEIL;5;4.0;0
Tours;47.39;0.68;25/07/2026;05:00;18.6;0;SOLEIL;3;4.7;0
Tours;47.39;0.68;25/07/2026;06:00;18.6;0;SOLEIL;3;4.7;0
Tours;47.39;0.68;25/07/2026;07:00;18.6;0;SOLEIL;3;4.3;0
Tours;47.39;0.68;25/07/2026;08:00;20.3;0;SOLEIL;5;5.0;0
Tours;47.39;0.68;25/07/2026;09:00;21.8;0;SOLEIL;5;7.2;0
Tours;47.39;0.68;25/07/2026;10:00;23.3;0;SOLEIL;5;10.8;0
Tours;47.39;0.68;25/07/2026;11:00;29.2;0;SOLEIL;4;14.4;0
Tours;47.39;0.68;25/07/2026;12:00;29.2;0;SOLEIL;4;18.7;0
Tours;47.39;0.68;25/07/2026;13:00;29.2;0;SOLEIL;4;23.8;0
Tours;47.39;0.68;25/07/2026;14:00;29.5;0;SOLEIL;5;27.7;0
Tours;47.39;0.68;25/07/2026;15:00;31.0;0;SOLEIL;5;30.6;0
Tours;47.39;0.68;25/07/2026;16:00;29.5;0;SOLEIL;5;32.4;0
Tours;47.39;0.68;25/07/2026;17:00;27.5;0;SOLEIL;4;33.1;0
Tours;47.39;0.68;25/07/2026;18:00;27.5;0;SOLEIL;4;32.8;0
Tours;47.39;0.68;25/07/2026;19:00;27.5;0;SOLEIL;4;31.7;0
Tours;47.39;0.68;25/07/2026;20:00;23.3;0;SOLEIL;5;28.8;0
Tours;47.39;0.68;25/07/2026;21:00;21.8;0;SOLEIL;5;23.0;0
Tours;47.39;0.68;25/07/2026;22:00;20.3;0;SOLEIL;5;15.5;0
Tours;47.39;0.68;25/07/2026;23:00;18.6;0;SOLEIL;4;10.1;0
Tours;47.39;0.68;26/07/2026;00:00;18.6;0;SOLEIL;4;8.6;0
Tours;47.39;0.68;26/07/2026;01:00;18.6;0;SOLEIL;4;8.6;0
Tours;47.39;0.68;26/07/2026;02:00;16.1;0;SOLEIL;5;8.6;0
Tours;47.39;0.68;26/07/2026;03:00;16.1;0;SOLEIL;5;6.8;0
Tours;47.39;0.68;26/07/2026;04:00;16.1;0;SOLEIL;5;4.3;0
Tours;47.39;0.68;26/07/2026;05:00;17.6;0;SOLEIL;4;2.9;0
Tours;47.39;0.68;26/07/2026;06:00;17.6;0;SOLEIL;4;2.9;0
Tours;47.39;0.68;26/07/2026;07:00;17.6;0;SOLEIL;4;3.6;0
Tours;47.39;0.68;26/07/2026;08:00;18.5;0;SOLEIL;5;4.3;0
Tours;47.39;0.68;26/07/2026;09:00;19.6;0;SOLEIL;5;4.3;0
Tours;47.39;0.68;26/07/2026;10:00;20.8;0;SOLEIL;5;4.7;0
Tours;47.39;0.68;26/07/2026;11:00;25.4;0;SOLEIL;5;6.1;0
Tours;47.39;0.68;26/07/2026;12:00;25.4;0;SOLEIL;5;14.4;0
Tours;47.39;0.68;26/07/2026;13:00;25.4;0;SOLEIL;5;22.9;0
Tours;47.39;0.68;26/07/2026;14:00;25.5;0;SOLEIL;5;29.1;0
Tours;47.39;0.68;26/07/2026;15:00;26.7;0;SOLEIL;5;33.8;0
Tours;47.39;0.68;26/07/2026;16:00;25.5;0;SOLEIL;5;35.6;0
Tours;47.39;0.68;26/07/2026;17:00;24.1;0;SOLEIL;5;37.1;0
Tours;47.39;0.68;26/07/2026;18:00;24.1;0;SOLEIL;5;38.5;0
Tours;47.39;0.68;26/07/2026;19:00;24.1;0;SOLEIL;5;39.6;0
Tours;47.39;0.68;26/07/2026;20:00;20.8;0;SOLEIL;5;40.3;0
Tours;47.39;0.68;26/07/2026;21:00;19.6;0;SOLEIL;5;40.7;0
Tours;47.39;0.68;26/07/2026;22:00;18.5;0;SOLEIL;5;40.7;0
Tours;47.39;0.68;26/07/2026;23:00;18;0;SOLEIL;4;40.7;0
Tours;47.39;0.68;27/07/2026;00:00;18;0;SOLEIL;4;40.0;0
Tours;47.39;0.68;27/07/2026;01:00;18;0;SOLEIL;4;39.6;0
Tours;47.39;0.68;27/07/2026;02:00;16.1;6;AVERSES;5;39.2;0
Tours;47.39;0.68;27/07/2026;03:00;16.1;6;AVERSES;5;38.5;0
Tours;47.39;0.68;27/07/2026;04:00;16.1;6;AVERSES;5;37.8;0
Tours;47.39;0.68;27/07/2026;05:00;17.5;0;SOLEIL;3;37.1;0
Tours;47.39;0.68;27/07/2026;06:00;17.5;0;SOLEIL;3;36.4;0
Tours;47.39;0.68;27/07/2026;07:00;17.5;0;SOLEIL;3;36.0;0
Tours;47.39;0.68;27/07/2026;08:00;18.2;6;AVERSES;5;36.0;0
Tours;47.39;0.68;27/07/2026;09:00;19.3;6;AVERSES;5;36.7;0
Tours;47.39;0.68;27/07/2026;10:00;20.3;6;AVERSES;5;38.2;0
Tours;47.39;0.68;27/07/2026;11:00;23.7;6;AVERSES;4;40.0;0
Tours;47.39;0.68;27/07/2026;12:00;23.7;6;AVERSES;4;41.8;0
Tours;47.39;0.68;27/07/2026;13:00;23.7;6;AVERSES;4;43.2;0
Tours;47.39;0.68;27/07/2026;14:00;24.5;6;AVERSES;5;44.3;0
Tours;47.39;0.68;27/07/2026;15:00;25.6;6;AVERSES;5;45.0;0
Tours;47.39;0.68;27/07/2026;16:00;24.5;6;AVERSES;5;45.4;0
Tours;47.39;0.68;27/07/2026;17:00;23.6;6;AVERSES;4;45.7;0
Tours;47.39;0.68;27/07/2026;18:00;23.6;6;AVERSES;4;46.1;0
Tours;47.39;0.68;27/07/2026;19:00;23.6;6;AVERSES;4;46.1;0
Tours;47.39;0.68;27/07/2026;20:00;20.3;6;AVERSES;5;45.7;0
Tours;47.39;0.68;27/07/2026;21:00;19.3;6;AVERSES;5;45.4;0
Tours;47.39;0.68;27/07/2026;22:00;18.2;6;AVERSES;5;45.0;0
Tours;47.39;0.68;27/07/2026;23:00;16.5;0;SOLEIL;4;44.6;0
Tours;47.39;0.68;28/07/2026;00:00;16.5;0;SOLEIL;4;43.9;0
Tours;47.39;0.68;28/07/2026;01:00;16.5;0;SOLEIL;4;42.5;0
Tours;47.39;0.68;28/07/2026;02:00;14.6;0;SOLEIL;5;40.7;0
Tours;47.39;0.68;28/07/2026;03:00;14.6;0;SOLEIL;5;37.8;0
Tours;47.39;0.68;28/07/2026;04:00;14.6;0;SOLEIL;5;33.8;0
Tours;47.39;0.68;28/07/2026;05:00;16.4;0;SOLEIL;3;29.2;0
Tours;47.39;0.68;28/07/2026;06:00;16.4;0;SOLEIL;3;24.8;0
Tours;47.39;0.68;28/07/2026;07:00;16.4;0;SOLEIL;3;21.6;0
Tours;47.39;0.68;28/07/2026;08:00;17.2;0;SOLEIL;5;20.2;0
Tours;47.39;0.68;28/07/2026;09:00;18.4;0;SOLEIL;5;20.5;0
Tours;47.39;0.68;28/07/2026;10:00;19.7;0;SOLEIL;5;22.7;0
Tours;47.39;0.68;28/07/2026;11:00;24;0;SOLEIL;4;25.9;0
Tours;47.39;0.68;28/07/2026;12:00;24;0;SOLEIL;4;29.2;0
Tours;47.39;0.68;28/07/2026;13:00;24;0;SOLEIL;4;32.0;0
Tours;47.39;0.68;28/07/2026;14:00;24.8;0;SOLEIL;5;34.2;0
Tours;47.39;0.68;28/07/2026;15:00;26.1;0;SOLEIL;5;35.3;0
Tours;47.39;0.68;28/07/2026;16:00;24.8;0;SOLEIL;5;36.0;0
Tours;47.39;0.68;28/07/2026;17:00;24;0;SOLEIL;5;36.0;0
Tours;47.39;0.68;28/07/2026;18:00;24;0;SOLEIL;5;36.0;0
Tours;47.39;0.68;28/07/2026;19:00;24;0;SOLEIL;5;36.0;0
Tours;47.39;0.68;28/07/2026;20:00;19.7;0;SOLEIL;5;35.6;0
Tours;47.39;0.68;28/07/2026;21:00;18.4;0;SOLEIL;5;34.9;0
Tours;47.39;0.68;28/07/2026;22:00;17.2;0;SOLEIL;5;34.2;0
Tours;47.39;0.68;28/07/2026;23:00;15.5;0;SOLEIL;3;32.8;0
Tours;47.39;0.68;29/07/2026;00:00;15.5;0;SOLEIL;3;31.7;0
Tours;47.39;0.68;29/07/2026;01:00;15.5;0;SOLEIL;3;30.6;0
Tours;47.39;0.68;29/07/2026;02:00;13.9;0;SOLEIL;5;29.9;0
Tours;47.39;0.68;29/07/2026;03:00;13.9;0;SOLEIL;5;29.2;0
Tours;47.39;0.68;29/07/2026;04:00;13.9;0;SOLEIL;5;28.8;0
Tours;47.39;0.68;29/07/2026;05:00;;0;SOLEIL;;28.4;0
Tours;47.39;0.68;29/07/2026;06:00;;0;SOLEIL;;28.4;0
Tours;47.39;0.68;29/07/2026;07:00;;0;SOLEIL;;28.4;0
Tours;47.39;0.68;29/07/2026;08:00;17.2;0;SOLEIL;5;28.8;0
Tours;47.39;0.68;29/07/2026;09:00;18.8;0;SOLEIL;5;29.9;0
Tours;47.39;0.68;29/07/2026;10:00;20.5;0;SOLEIL;5;31.3;0
Tours;47.39;0.68;29/07/2026;11:00;;0;SOLEIL;;32.8;0
Tours;47.39;0.68;29/07/2026;12:00;;0;SOLEIL;;34.6;0
Tours;47.39;0.68;29/07/2026;13:00;;0;SOLEIL;;36.0;0
Tours;47.39;0.68;29/07/2026;14:00;27.1;0;SOLEIL;5;37.1;0
Tours;47.39;0.68;29/07/2026;15:00;28.7;0;SOLEIL;5;37.8;0
Tours;47.39;0.68;29/07/2026;16:00;27.1;0;SOLEIL;5;38.2;0
Tours;47.39;0.68;29/07/2026;17:00;;0;SOLEIL;;38.5;0
Tours;47.39;0.68;29/07/2026;18:00;;0;SOLEIL;;38.5;0
Tours;47.39;0.68;29/07/2026;19:00;;0;SOLEIL;;37.8;0
Tours;47.39;0.68;29/07/2026;20:00;20.5;0;SOLEIL;5;37.1;0
Tours;47.39;0.68;29/07/2026;21:00;18.8;0;SOLEIL;5;35.6;0
Tours;47.39;0.68;29/07/2026;22:00;17.2;0;SOLEIL;5;33.1;0
Tours;47.39;0.68;29/07/2026;23:00;;0;SOLEIL;;30.6;0
Tours;47.39;0.68;30/07/2026;00:00;;0;SOLEIL;;28.1;0
Tours;47.39;0.68;30/07/2026;01:00;;0;SOLEIL;;25.6;0
Tours;47.39;0.68;30/07/2026;02:00;14.1;0;SOLEIL;5;23.8;0
Tours;47.39;0.68;30/07/2026;03:00;14.1;0;SOLEIL;5;22.3;0
Tours;47.39;0.68;30/07/2026;04:00;14.1;0;SOLEIL;5;21.2;0
Tours;47.39;0.68;30/07/2026;05:00;;0;SOLEIL;;20.5;0
Tours;47.39;0.68;30/07/2026;06:00;;0;SOLEIL;;20.2;0
Tours;47.39;0.68;30/07/2026;07:00;;0;SOLEIL;;19.8;0
Tours;47.39;0.68;30/07/2026;08:00;17.6;0;SOLEIL;5;19.4;0
Tours;47.39;0.68;30/07/2026;09:00;19.4;0;SOLEIL;5;19.4;0
Tours;47.39;0.68;30/07/2026;10:00;21.1;0;SOLEIL;5;19.8;0
Tours;47.39;0.68;30/07/2026;11:00;;0;SOLEIL;;20.2;0
Tours;47.39;0.68;30/07/2026;12:00;;0;SOLEIL;;20.9;0
Tours;47.39;0.68;30/07/2026;13:00;;0;SOLEIL;;21.2;0
Tours;47.39;0.68;30/07/2026;14:00;28.1;0;SOLEIL;5;21.6;0
Tours;47.39;0.68;30/07/2026;15:00;29.9;0;SOLEIL;5;22.0;0
Tours;47.39;0.68;30/07/2026;16:00;28.1;0;SOLEIL;5;22.0;0
Tours;47.39;0.68;30/07/2026;17:00;;0;SOLEIL;;22.3;0
Tours;47.39;0.68;30/07/2026;18:00;;0;SOLEIL;;22.7;0
Tours;47.39;0.68;30/07/2026;19:00;;0;SOLEIL;;22.7;0
Tours;47.39;0.68;30/07/2026;20:00;21.1;0;SOLEIL;5;22.7;0
Tours;47.39;0.68;30/07/2026;21:00;19.4;0;SOLEIL;5;22.7;0
Tours;47.39;0.68;30/07/2026;22:00;17.6;0;SOLEIL;5;22.3;0
Tours;47.39;0.68;30/07/2026;23:00;;0;SOLEIL;;22.0;0
Tours;47.39;0.68;31/07/2026;00:00;;0;SOLEIL;;21.6;0
Tours;47.39;0.68;31/07/2026;01:00;;0;SOLEIL;;21.2;0
Tours;47.39;0.68;31/07/2026;02:00;14.1;0;SOLEIL;5;21.2;0
Tours;47.39;0.68;31/07/2026;03:00;14.1;0;SOLEIL;5;21.2;0
Tours;47.39;0.68;31/07/2026;04:00;14.1;0;SOLEIL;5;21.2;0
Tours;47.39;0.68;31/07/2026;05:00;;0;SOLEIL;;21.2;0
Tours;47.39;0.68;31/07/2026;06:00;;0;SOLEIL;;21.2;0
Tours;47.39;0.68;31/07/2026;07:00;;0;SOLEIL;;21.2;0
Tours;47.39;0.68;31/07/2026;08:00;17.7;0;SOLEIL;5;21.6;0
Tours;47.39;0.68;31/07/2026;09:00;19.6;0;SOLEIL;5;22.0;0
Tours;47.39;0.68;31/07/2026;10:00;21.4;0;SOLEIL;5;22.3;0
Tours;47.39;0.68;31/07/2026;11:00;;0;SOLEIL;;22.7;0
Tours;47.39;0.68;31/07/2026;12:00;;0;SOLEIL;;23.0;0
Tours;47.39;0.68;31/07/2026;13:00;;0;SOLEIL;;23.4;0
Tours;47.39;0.68;31/07/2026;14:00;28.7;0;SOLEIL;5;23.8;0
Tours;47.39;0.68;31/07/2026;15:00;30.5;0;SOLEIL;5;24.1;0
Tours;47.39;0.68;31/07/2026;16:00;28.7;0;SOLEIL;5;24.8;0
Tours;47.39;0.68;31/07/2026;17:00;;0;SOLEIL;;25.2;0
Tours;47.39;0.68;31/07/2026;18:00;;0;SOLEIL;;25.9;0
Tours;47.39;0.68;31/07/2026;19:00;;0;SOLEIL;;25.9;0
Tours;47.39;0.68;31/07/2026;20:00;21.4;0;SOLEIL;5;25.6;0
Tours;47.39;0.68;31/07/2026;21:00;19.6;0;SOLEIL;5;24.5;0
Tours;47.39;0.68;31/07/2026;22:00;17.7;0;SOLEIL;5;23.0;0
Tours;47.39;0.68;31/07/2026;23:00;;0;SOLEIL;;21.2;0
Tours;47.39;0.68;01/08/2026;00:00;;0;SOLEIL;;19.4;0
Tours;47.39;0.68;01/08/2026;01:00;;0;SOLEIL;;17.6;0
Tours;47.39;0.68;01/08/2026;02:00;14.7;0;SOLEIL;5;16.6;0
Tours;47.39;0.68;01/08/2026;03:00;14.7;0;SOLEIL;5;15.8;0
Tours;47.39;0.68;01/08/2026;04:00;14.7;0;SOLEIL;5;15.1;0
Tours;47.39;0.68;01/08/2026;05:00;;0;SOLEIL;;14.8;0
Tours;47.39;0.68;01/08/2026;06:00;;0;SOLEIL;;14.4;0
Tours;47.39;0.68;01/08/2026;07:00;;0;SOLEIL;;14.4;0
Tours;47.39;0.68;01/08/2026;08:00;17.7;0;SOLEIL;5;14.8;0
Tours;47.39;0.68;01/08/2026;09:00;19.2;0;SOLEIL;5;15.5;0
Tours;47.39;0.68;01/08/2026;10:00;20.7;0;SOLEIL;5;16.2;0
Tours;47.39;0.68;01/08/2026;11:00;;0;SOLEIL;;17.6;0
Tours;47.39;0.68;01/08/2026;12:00;;0;SOLEIL;;18.7;0
Tours;47.39;0.68;01/08/2026;13:00;;0;SOLEIL;;19.8;0
Tours;47.39;0.68;01/08/2026;14:00;26.7;0;SOLEIL;5;20.5;0
Tours;47.39;0.68;01/08/2026;15:00;28.2;0;SOLEIL;5;20.9;0
Tours;47.39;0.68;01/08/2026;16:00;26.7;0;SOLEIL;5;21.6;0
Tours;47.39;0.68;01/08/2026;17:00;;0;SOLEIL;;21.6;0
Tours;47.39;0.68;01/08/2026;18:00;;0;SOLEIL;;21.6;0
Tours;47.39;0.68;01/08/2026;19:00;;0;SOLEIL;;21.6;0
Tours;47.39;0.68;01/08/2026;20:00;20.7;0;SOLEIL;5;21.2;0
Tours;47.39;0.68;01/08/2026;21:00;19.2;0;SOLEIL;5;20.5;0
Tours;47.39;0.68;01/08/2026;22:00;17.7;0;SOLEIL;5;19.1;0
Tours;47.39;0.68;01/08/2026;23:00;;0;SOLEIL;;17.6;0
Tours;47.39;0.68;02/08/2026;00:00;;0;SOLEIL;;16.2;0
Tours;47.39;0.68;02/08/2026;01:00;;0;SOLEIL;;14.8;0
Tours;47.39;0.68;02/08/2026;02:00;14.2;0;SOLEIL;5;14.0;0
Tours;47.39;0.68;02/08/2026;03:00;14.2;0;SOLEIL;5;13.7;0
Tours;47.39;0.68;02/08/2026;04:00;14.2;0;SOLEIL;5;13.3;0
Tours;47.39;0.68;02/08/2026;05:00;;0;SOLEIL;;13.3;0
Tours;47.39;0.68;02/08/2026;06:00;;0;SOLEIL;;13.3;0
Tours;47.39;0.68;02/08/2026;07:00;;0;SOLEIL;;13.7;0
Tours;47.39;0.68;02/08/2026;08:00;17.5;0;SOLEIL;5;14.4;0
Tours;47.39;0.68;02/08/2026;09:00;19.1;0;SOLEIL;5;15.5;0
Tours;47.39;0.68;02/08/2026;10:00;20.7;0;SOLEIL;5;16.9;0
Tours;47.39;0.68;02/08/2026;11:00;;0;SOLEIL;;18.7;0
Tours;47.39;0.68;02/08/2026;12:00;;0;SOLEIL;;20.5;0
Tours;47.39;0.68;02/08/2026;13:00;;0;SOLEIL;;22.0;0
Tours;47.39;0.68;02/08/2026;14:00;27.3;0;SOLEIL;5;23.0;0
Tours;47.39;0.68;02/08/2026;15:00;28.9;0;SOLEIL;5;23.8;0
Tours;47.39;0.68;02/08/2026;16:00;27.3;0;SOLEIL;5;24.1;0
Tours;47.39;0.68;02/08/2026;17:00;;0;SOLEIL;;24.5;0
Tours;47.39;0.68;02/08/2026;18:00;;0;SOLEIL;;24.5;0
Tours;47.39;0.68;02/08/2026;19:00;;0;SOLEIL;;24.1;0
Tours;47.39;0.68;02/08/2026;20:00;20.7;0;SOLEIL;5;23.8;0
Tours;47.39;0.68;02/08/2026;21:00;19.1;0;SOLEIL;5;23.0;0
Tours;47.39;0.68;02/08/2026;22:00;17.5;0;SOLEIL;5;22.0;0
Tours;47.39;0.68;02/08/2026;23:00;15.8;0;SOLEIL;5;20.5;0
Tours;47.39;0.68;03/08/2026;00:00;12;0;SOLEIL;5;17.8;0
Tours;47.39;0.68;03/08/2026;01:00;12;0;SOLEIL;5;16.6;0
Tours;47.39;0.68;03/08/2026;02:00;12;0;SOLEIL;5;16.1;0
Tours;47.39;0.68;03/08/2026;03:00;12;0;SOLEIL;5;13.7;0
Tours;47.39;0.68;03/08/2026;04:00;12;0;SOLEIL;5;10.4;0
Tours;47.39;0.68;03/08/2026;05:00;12;0;SOLEIL;5;10.4;0
Tours;47.39;0.68;03/08/2026;06:00;12;0;SOLEIL;5;16.6;0
Tours;47.39;0.68;03/08/2026;07:00;13.1;0;SOLEIL;5;25.6;0
Tours;47.39;0.68;03/08/2026;08:00;14.2;0;SOLEIL;5;31.7;0
Tours;47.39;0.68;03/08/2026;09:00;15.3;0;SOLEIL;5;31.0;0
Tours;47.39;0.68;03/08/2026;10:00;16.4;0;SOLEIL;5;27.4;0
Tours;47.39;0.68;03/08/2026;11:00;17.6;0;SOLEIL;5;25.6;0
Tours;47.39;0.68;03/08/2026;12:00;18.7;0;SOLEIL;5;27.7;0
Tours;47.39;0.68;03/08/2026;13:00;19.8;0;SOLEIL;5;31.3;0
Tours;47.39;0.68;03/08/2026;14:00;20.9;0;SOLEIL;5;34.2;0
Tours;47.39;0.68;03/08/2026;15:00;22.0;0;SOLEIL;5;36.0;0
Tours;47.39;0.68;03/08/2026;16:00;20.9;0;SOLEIL;5;37.1;0
Tours;47.39;0.68;03/08/2026;17:00;19.8;0;SOLEIL;5;36.4;0
Tours;47.39;0.68;03/08/2026;18:00;18.7;0;SOLEIL;5;32.8;0
Tours;47.39;0.68;03/08/2026;19:00;17.6;0;SOLEIL;5;27.0;0
Tours;47.39;0.68;03/08/2026;20:00;16.4;0;SOLEIL;5;23.0;0
Tours;47.39;0.68;03/08/2026;21:00;15.3;0;SOLEIL;5;21.2;0
Tours;47.39;0.68;03/08/2026;22:00;14.2;0;SOLEIL;5;20.5;0
Tours;47.39;0.68;03/08/2026;23:00;13.1;0;SOLEIL;5;22.7;0
Tours;47.39;0.68;04/08/2026;00:00;12;0;SOLEIL;5;0.0;0
Tours;47.39;0.68;04/08/2026;01:00;12;0;SOLEIL;5;0.0;0
Tours;47.39;0.68;04/08/2026;02:00;12;0;SOLEIL;5;0.0;0
Tours;47.39;0.68;04/08/2026;03:00;12;0;SOLEIL;5;0.0;0
Tours;47.39;0.68;04/08/2026;04:00;12;0;SOLEIL;5;0.0;0
Tours;47.39;0.68;04/08/2026;05:00;12;0;SOLEIL;5;0.0;0
Tours;47.39;0.68;04/08/2026;06:00;12;0;SOLEIL;5;0.0;0
Tours;47.39;0.68;04/08/2026;07:00;13.1;0;SOLEIL;5;0.0;0
Tours;47.39;0.68;04/08/2026;08:00;14.2;0;SOLEIL;5;0.0;0
Tours;47.39;0.68;04/08/2026;09:00;15.3;0;SOLEIL;5;0.0;0
Tours;47.39;0.68;04/08/2026;10:00;16.4;0;SOLEIL;5;0.0;0
Tours;47.39;0.68;04/08/2026;11:00;17.6;0;SOLEIL;5;0.0;0
Tours;47.39;0.68;04/08/2026;12:00;18.7;0;SOLEIL;5;0.0;0
Tours;47.39;0.68;04/08/2026;13:00;19.8;0;SOLEIL;5;0.0;0
Tours;47.39;0.68;04/08/2026;14:00;20.9;0;SOLEIL;5;0.0;0
Tours;47.39;0.68;04/08/2026;15:00;22.0;0;SOLEIL;5;0.0;0
Tours;47.39;0.68;04/08/2026;16:00;20.9;0;SOLEIL;5;0.0;0
Tours;47.39;0.68;04/08/2026;17:00;19.8;0;SOLEIL;5;0.0;0
Tours;47.39;0.68;04/08/2026;18:00;18.7;0;SOLEIL;5;0.0;0
Tours;47.39;0.68;04/08/2026;19:00;17.6;0;SOLEIL;5;0.0;0
Tours;47.39;0.68;04/08/2026;20:00;16.4;0;SOLEIL;5;0.0;0
Tours;47.39;0.68;04/08/2026;21:00;15.3;0;SOLEIL;5;0.0;0
Tours;47.39;0.68;04/08/2026;22:00;14.2;0;SOLEIL;5;0.0;0
Tours;47.39;0.68;04/08/2026;23:00;13.1;0;SOLEIL;5;0.0;0
Blois;47.58;1.33;20/07/2026;00:00;18.4;0;SOLEIL;5;0;0
Blois;47.58;1.33;20/07/2026;01:00;18;0;SOLEIL;5;0;0
Blois;47.58;1.33;20/07/2026;02:00;17.2;0;SOLEIL;5;0;0
Blois;47.58;1.33;20/07/2026;03:00;15.7;0;SOLEIL;5;0;0
Blois;47.58;1.33;20/07/2026;04:00;14.7;0;SOLEIL;5;0;0
Blois;47.58;1.33;20/07/2026;05:00;14.1;0;SOLEIL;5;0;0
Blois;47.58;1.33;20/07/2026;06:00;15.5;0;SOLEIL;5;0;0
Blois;47.58;1.33;20/07/2026;07:00;17.2;0;SOLEIL;6;0;0
Blois;47.58;1.33;20/07/2026;08:00;19.4;0;SOLEIL;6;11;0
Blois;47.58;1.33;20/07/2026;09:00;20.6;0;SOLEIL;6;11;0
Blois;47.58;1.33;20/07/2026;10:00;22.4;0;SOLEIL;6;11;0
Blois;47.58;1.33;20/07/2026;11:00;23.6;0;SOLEIL;5;11;0
Blois;47.58;1.33;20/07/2026;12:00;25;0;SOLEIL;6;11;0
Blois;47.58;1.33;20/07/2026;13:00;26;0;SOLEIL;6;11;0
Blois;47.58;1.33;20/07/2026;14:00;26.6;0;SOLEIL;6;12;0
Blois;47.58;1.33;20/07/2026;15:00;26.6;0;SOLEIL;6;12;0
Blois;47.58;1.33;20/07/2026;16:00;26.6;0;SOLEIL;6;12;0
Blois;47.58;1.33;20/07/2026;17:00;26.1;0;SOLEIL;6;12;0
Blois;47.58;1.33;20/07/2026;18:00;25.4;0;SOLEIL;6;11;0
Blois;47.58;1.33;20/07/2026;19:00;24;0;SOLEIL;5;11;0
Blois;47.58;1.33;20/07/2026;20:00;22.4;0;SOLEIL;5;0;0
Blois;47.58;1.33;20/07/2026;21:00;20.9;0;SOLEIL;4;0;0
Blois;47.58;1.33;20/07/2026;22:00;20.2;0;SOLEIL;5;0;0
Blois;47.58;1.33;20/07/2026;23:00;18.9;0;SOLEIL;5;0;0
Blois;47.58;1.33;21/07/2026;00:00;18.1;0;SOLEIL;5;0;0
Blois;47.58;1.33;21/07/2026;01:00;18.1;0;SOLEIL;5;0;0
Blois;47.58;1.33;21/07/2026;02:00;15.6;0;SOLEIL;6;0;0
Blois;47.58;1.33;21/07/2026;03:00;15.6;0;SOLEIL;6;0;0
Blois;47.58;1.33;21/07/2026;04:00;15.6;0;SOLEIL;6;0;0
Blois;47.58;1.33;21/07/2026;05:00;15.6;0;SOLEIL;5;0;0
Blois;47.58;1.33;21/07/2026;06:00;15.6;0;SOLEIL;5;0;0
Blois;47.58;1.33;21/07/2026;07:00;15.6;0;SOLEIL;5;0;0
Blois;47.58;1.33;21/07/2026;08:00;21.7;0;SOLEIL;5;11;0
Blois;47.58;1.33;21/07/2026;09:00;21.7;0;SOLEIL;5;11;0
Blois;47.58;1.33;21/07/2026;10:00;21.7;0;SOLEIL;5;11;0
Blois;47.58;1.33;21/07/2026;11:00;25.9;0;SOLEIL;5;12;0
Blois;47.58;1.33;21/07/2026;12:00;25.9;0;SOLEIL;5;12;0
Blois;47.58;1.33;21/07/2026;13:00;25.9;0;SOLEIL;5;12;0
Blois;47.58;1.33;21/07/2026;14:00;27.5;0;SOLEIL;5;12;0
Blois;47.58;1.33;21/07/2026;15:00;27.5;0;SOLEIL;5;12;0
Blois;47.58;1.33;21/07/2026;16:00;27.5;0;SOLEIL;5;12;0
Blois;47.58;1.33;21/07/2026;17:00;27;0;SOLEIL;5;11;0
Blois;47.58;1.33;21/07/2026;18:00;27;0;SOLEIL;5;11;0
Blois;47.58;1.33;21/07/2026;19:00;27;0;SOLEIL;5;11;0
Blois;47.58;1.33;21/07/2026;20:00;22.9;0;SOLEIL;4;0;0
Blois;47.58;1.33;21/07/2026;21:00;22.9;0;SOLEIL;4;0;0
Blois;47.58;1.33;21/07/2026;22:00;22.9;0;SOLEIL;4;0;0
Blois;47.58;1.33;21/07/2026;23:00;18.6;0;SOLEIL;5;0;0
Blois;47.58;1.33;22/07/2026;00:00;18.6;0;SOLEIL;5;0;0
Blois;47.58;1.33;22/07/2026;01:00;18.6;0;SOLEIL;5;0;0
Blois;47.58;1.33;22/07/2026;02:00;16.1;0;SOLEIL;5;0;0
Blois;47.58;1.33;22/07/2026;03:00;16.1;0;SOLEIL;5;0;0
Blois;47.58;1.33;22/07/2026;04:00;16.1;0;SOLEIL;5;0;0
Blois;47.58;1.33;22/07/2026;05:00;16.2;0;SOLEIL;4;0;0
Blois;47.58;1.33;22/07/2026;06:00;16.2;0;SOLEIL;4;0;0
Blois;47.58;1.33;22/07/2026;07:00;16.2;0;SOLEIL;4;0;0
Blois;47.58;1.33;22/07/2026;08:00;23.4;0;SOLEIL;4;0;0
Blois;47.58;1.33;22/07/2026;09:00;23.4;0;SOLEIL;4;0;0
Blois;47.58;1.33;22/07/2026;10:00;23.4;0;SOLEIL;4;0;0
Blois;47.58;1.33;22/07/2026;11:00;27.5;0;SOLEIL;4;0;0
Blois;47.58;1.33;22/07/2026;12:00;27.5;0;SOLEIL;4;0;0
Blois;47.58;1.33;22/07/2026;13:00;27.5;0;SOLEIL;4;0;0
Blois;47.58;1.33;22/07/2026;14:00;28.9;0;SOLEIL;4;0;0
Blois;47.58;1.33;22/07/2026;15:00;28.9;0;SOLEIL;4;0;0
Blois;47.58;1.33;22/07/2026;16:00;28.9;0;SOLEIL;4;0;0
Blois;47.58;1.33;22/07/2026;17:00;27.5;0;SOLEIL;4;0;0
Blois;47.58;1.33;22/07/2026;18:00;27.5;0;SOLEIL;4;0;0
Blois;47.58;1.33;22/07/2026;19:00;27.5;0;SOLEIL;4;0;0
Blois;47.58;1.33;22/07/2026;20:00;21.2;0;SOLEIL;5;0;0
Blois;47.58;1.33;22/07/2026;21:00;19.6;0;SOLEIL;5;0;0
Blois;47.58;1.33;22/07/2026;22:00;18.1;0;SOLEIL;5;0;0
Blois;47.58;1.33;22/07/2026;23:00;20.2;0;SOLEIL;4;0;0
Blois;47.58;1.33;23/07/2026;00:00;20.2;0;SOLEIL;4;0;0
Blois;47.58;1.33;23/07/2026;01:00;20.2;0;SOLEIL;4;0;0
Blois;47.58;1.33;23/07/2026;02:00;17.7;0;SOLEIL;5;0;0
Blois;47.58;1.33;23/07/2026;03:00;17.7;0;SOLEIL;5;0;0
Blois;47.58;1.33;23/07/2026;04:00;17.7;0;SOLEIL;5;0;0
Blois;47.58;1.33;23/07/2026;05:00;19.7;0;SOLEIL;3;0;0
Blois;47.58;1.33;23/07/2026;06:00;19.7;0;SOLEIL;3;0;0
Blois;47.58;1.33;23/07/2026;07:00;19.7;0;SOLEIL;3;0;0
Blois;47.58;1.33;23/07/2026;08:00;20.8;0;SOLEIL;5;0;0
Blois;47.58;1.33;23/07/2026;09:00;22.3;0;SOLEIL;5;0;0
Blois;47.58;1.33;23/07/2026;10:00;23.9;0;SOLEIL;5;0;0
Blois;47.58;1.33;23/07/2026;11:00;29.1;0;SOLEIL;3;0;0
Blois;47.58;1.33;23/07/2026;12:00;29.1;0;SOLEIL;3;0;0
Blois;47.58;1.33;23/07/2026;13:00;29.1;0;SOLEIL;3;0;0
Blois;47.58;1.33;23/07/2026;14:00;30.1;0;SOLEIL;5;0;0
Blois;47.58;1.33;23/07/2026;15:00;31.6;0;SOLEIL;5;0;0
Blois;47.58;1.33;23/07/2026;16:00;30.1;0;SOLEIL;5;0;0
Blois;47.58;1.33;23/07/2026;17:00;29.5;0;SOLEIL;4;0;0
Blois;47.58;1.33;23/07/2026;18:00;29.5;0;SOLEIL;4;0;0
Blois;47.58;1.33;23/07/2026;19:00;29.5;0;SOLEIL;4;0;0
Blois;47.58;1.33;23/07/2026;20:00;23.9;0;SOLEIL;5;0;0
Blois;47.58;1.33;23/07/2026;21:00;22.3;0;SOLEIL;5;0;0
Blois;47.58;1.33;23/07/2026;22:00;20.8;0;SOLEIL;5;0;0
Blois;47.58;1.33;23/07/2026;23:00;21.1;0;SOLEIL;4;0;0
Blois;47.58;1.33;24/07/2026;00:00;21.1;0;SOLEIL;4;0;0
Blois;47.58;1.33;24/07/2026;01:00;21.1;0;SOLEIL;4;0;0
Blois;47.58;1.33;24/07/2026;02:00;17;0;SOLEIL;5;0;0
Blois;47.58;1.33;24/07/2026;03:00;17;0;SOLEIL;5;0;0
Blois;47.58;1.33;24/07/2026;04:00;17;0;SOLEIL;5;0;0
Blois;47.58;1.33;24/07/2026;05:00;18.6;0;SOLEIL;3;0;0
Blois;47.58;1.33;24/07/2026;06:00;18.6;0;SOLEIL;3;0;0
Blois;47.58;1.33;24/07/2026;07:00;18.6;0;SOLEIL;3;0;0
Blois;47.58;1.33;24/07/2026;08:00;20.1;0;SOLEIL;5;0;0
Blois;47.58;1.33;24/07/2026;09:00;21.7;0;SOLEIL;5;0;0
Blois;47.58;1.33;24/07/2026;10:00;23.2;0;SOLEIL;5;0;0
Blois;47.58;1.33;24/07/2026;11:00;28.6;0;SOLEIL;3;0;0
Blois;47.58;1.33;24/07/2026;12:00;28.6;0;SOLEIL;3;0;0
Blois;47.58;1.33;24/07/2026;13:00;28.6;0;SOLEIL;3;0;0
Blois;47.58;1.33;24/07/2026;14:00;29.4;0;SOLEIL;5;0;0
Blois;47.58;1.33;24/07/2026;15:00;31.0;0;SOLEIL;5;0;0
Blois;47.58;1.33;24/07/2026;16:00;29.4;0;SOLEIL;5;0;0
Blois;47.58;1.33;24/07/2026;17:00;29.6;0;SOLEIL;3;0;0
Blois;47.58;1.33;24/07/2026;18:00;29.6;0;SOLEIL;3;0;0
Blois;47.58;1.33;24/07/2026;19:00;29.6;0;SOLEIL;3;0;0
Blois;47.58;1.33;24/07/2026;20:00;23.2;0;SOLEIL;5;0;0
Blois;47.58;1.33;24/07/2026;21:00;21.7;0;SOLEIL;5;0;0
Blois;47.58;1.33;24/07/2026;22:00;20.1;0;SOLEIL;5;0;0
Blois;47.58;1.33;24/07/2026;23:00;21.1;0;SOLEIL;3;0;0
Blois;47.58;1.33;25/07/2026;00:00;21.1;0;SOLEIL;3;0;0
Blois;47.58;1.33;25/07/2026;01:00;21.1;0;SOLEIL;3;0;0
Blois;47.58;1.33;25/07/2026;02:00;18.6;0;SOLEIL;5;0;0
Blois;47.58;1.33;25/07/2026;03:00;18.6;0;SOLEIL;5;0;0
Blois;47.58;1.33;25/07/2026;04:00;18.6;0;SOLEIL;5;0;0
Blois;47.58;1.33;25/07/2026;05:00;19.4;0;SOLEIL;3;0;0
Blois;47.58;1.33;25/07/2026;06:00;19.4;0;SOLEIL;3;0;0
Blois;47.58;1.33;25/07/2026;07:00;19.4;0;SOLEIL;3;0;0
Blois;47.58;1.33;25/07/2026;08:00;21.4;0;SOLEIL;5;0;0
Blois;47.58;1.33;25/07/2026;09:00;22.8;0;SOLEIL;5;0;0
Blois;47.58;1.33;25/07/2026;10:00;24.2;0;SOLEIL;5;0;0
Blois;47.58;1.33;25/07/2026;11:00;29.4;0;SOLEIL;3;0;0
Blois;47.58;1.33;25/07/2026;12:00;29.4;0;SOLEIL;3;0;0
Blois;47.58;1.33;25/07/2026;13:00;29.4;0;SOLEIL;3;0;0
Blois;47.58;1.33;25/07/2026;14:00;29.7;0;SOLEIL;5;0;0
Blois;47.58;1.33;25/07/2026;15:00;31.1;0;SOLEIL;5;0;0
Blois;47.58;1.33;25/07/2026;16:00;29.7;0;SOLEIL;5;0;0
Blois;47.58;1.33;25/07/2026;17:00;28.1;0;SOLEIL;4;0;0
Blois;47.58;1.33;25/07/2026;18:00;28.1;0;SOLEIL;4;0;0
Blois;47.58;1.33;25/07/2026;19:00;28.1;0;SOLEIL;4;0;0
Blois;47.58;1.33;25/07/2026;20:00;24.2;0;SOLEIL;5;0;0
Blois;47.58;1.33;25/07/2026;21:00;22.8;0;SOLEIL;5;0;0
Blois;47.58;1.33;25/07/2026;22:00;21.4;0;SOLEIL;5;0;0
Blois;47.58;1.33;25/07/2026;23:00;20.7;0;SOLEIL;4;0;0
Blois;47.58;1.33;26/07/2026;00:00;20.7;0;SOLEIL;4;0;0
Blois;47.58;1.33;26/07/2026;01:00;20.7;0;SOLEIL;4;0;0
Blois;47.58;1.33;26/07/2026;02:00;17.6;0;SOLEIL;5;0;0
Blois;47.58;1.33;26/07/2026;03:00;17.6;0;SOLEIL;5;0;0
Blois;47.58;1.33;26/07/2026;04:00;17.6;0;SOLEIL;5;0;0
Blois;47.58;1.33;26/07/2026;05:00;18.1;0;SOLEIL;3;0;0
Blois;47.58;1.33;26/07/2026;06:00;18.1;0;SOLEIL;3;0;0
Blois;47.58;1.33;26/07/2026;07:00;18.1;0;SOLEIL;3;0;0
Blois;47.58;1.33;26/07/2026;08:00;19.4;0;SOLEIL;5;0;0
Blois;47.58;1.33;26/07/2026;09:00;20.4;0;SOLEIL;5;0;0
Blois;47.58;1.33;26/07/2026;10:00;21.3;0;SOLEIL;5;0;0
Blois;47.58;1.33;26/07/2026;11:00;24.6;0;SOLEIL;5;11;0
Blois;47.58;1.33;26/07/2026;12:00;24.6;0;SOLEIL;5;11;0
Blois;47.58;1.33;26/07/2026;13:00;24.6;0;SOLEIL;5;11;0
Blois;47.58;1.33;26/07/2026;14:00;25.0;0;SOLEIL;5;0;0
Blois;47.58;1.33;26/07/2026;15:00;25.9;0;SOLEIL;5;0;0
Blois;47.58;1.33;26/07/2026;16:00;25.0;0;SOLEIL;5;0;0
Blois;47.58;1.33;26/07/2026;17:00;23.4;6;AVERSES;6;13;0
Blois;47.58;1.33;26/07/2026;18:00;23.4;6;AVERSES;6;13;0
Blois;47.58;1.33;26/07/2026;19:00;23.4;6;AVERSES;6;13;0
Blois;47.58;1.33;26/07/2026;20:00;21.3;0;SOLEIL;5;0;0
Blois;47.58;1.33;26/07/2026;21:00;20.4;0;SOLEIL;5;0;0
Blois;47.58;1.33;26/07/2026;22:00;19.4;0;SOLEIL;5;0;0
Blois;47.58;1.33;26/07/2026;23:00;19.1;0;SOLEIL;4;11;0
Blois;47.58;1.33;27/07/2026;00:00;19.1;0;SOLEIL;4;11;0
Blois;47.58;1.33;27/07/2026;01:00;19.1;0;SOLEIL;4;11;0
Blois;47.58;1.33;27/07/2026;02:00;17;6;AVERSES;5;0;0
Blois;47.58;1.33;27/07/2026;03:00;17;6;AVERSES;5;0;0
Blois;47.58;1.33;27/07/2026;04:00;17;6;AVERSES;5;0;0
Blois;47.58;1.33;27/07/2026;05:00;17.9;6;AVERSES;3;0;0
Blois;47.58;1.33;27/07/2026;06:00;17.9;6;AVERSES;3;0;0
Blois;47.58;1.33;27/07/2026;07:00;17.9;6;AVERSES;3;0;0
Blois;47.58;1.33;27/07/2026;08:00;19.0;6;AVERSES;5;0;0
Blois;47.58;1.33;27/07/2026;09:00;20.0;6;AVERSES;5;0;0
Blois;47.58;1.33;27/07/2026;10:00;21.0;6;AVERSES;5;0;0
Blois;47.58;1.33;27/07/2026;11:00;24.2;6;AVERSES;5;0;0
Blois;47.58;1.33;27/07/2026;12:00;24.2;6;AVERSES;5;0;0
Blois;47.58;1.33;27/07/2026;13:00;24.2;6;AVERSES;5;0;0
Blois;47.58;1.33;27/07/2026;14:00;24.9;6;AVERSES;5;0;0
Blois;47.58;1.33;27/07/2026;15:00;25.9;6;AVERSES;5;0;0
Blois;47.58;1.33;27/07/2026;16:00;24.9;6;AVERSES;5;0;0
Blois;47.58;1.33;27/07/2026;17:00;23.9;6;AVERSES;4;0;0
Blois;47.58;1.33;27/07/2026;18:00;23.9;6;AVERSES;4;0;0
Blois;47.58;1.33;27/07/2026;19:00;23.9;6;AVERSES;4;0;0
Blois;47.58;1.33;27/07/2026;20:00;21.0;6;AVERSES;5;0;0
Blois;47.58;1.33;27/07/2026;21:00;20.0;6;AVERSES;5;0;0
Blois;47.58;1.33;27/07/2026;22:00;19.0;6;AVERSES;5;0;0
Blois;47.58;1.33;27/07/2026;23:00;18.2;0;SOLEIL;3;0;0
Blois;47.58;1.33;28/07/2026;00:00;18.2;0;SOLEIL;3;0;0
Blois;47.58;1.33;28/07/2026;01:00;18.2;0;SOLEIL;3;0;0
Blois;47.58;1.33;28/07/2026;02:00;15.9;0;SOLEIL;5;0;0
Blois;47.58;1.33;28/07/2026;03:00;15.9;0;SOLEIL;5;0;0
Blois;47.58;1.33;28/07/2026;04:00;15.9;0;SOLEIL;5;0;0
Blois;47.58;1.33;28/07/2026;05:00;16.7;0;SOLEIL;3;0;0
Blois;47.58;1.33;28/07/2026;06:00;16.7;0;SOLEIL;3;0;0
Blois;47.58;1.33;28/07/2026;07:00;16.7;0;SOLEIL;3;0;0
Blois;47.58;1.33;28/07/2026;08:00;18.1;0;SOLEIL;5;0;0
Blois;47.58;1.33;28/07/2026;09:00;19.2;0;SOLEIL;5;0;0
Blois;47.58;1.33;28/07/2026;10:00;20.3;0;SOLEIL;5;0;0
Blois;47.58;1.33;28/07/2026;11:00;24.1;0;SOLEIL;4;0;0
Blois;47.58;1.33;28/07/2026;12:00;24.1;0;SOLEIL;4;0;0
Blois;47.58;1.33;28/07/2026;13:00;24.1;0;SOLEIL;4;0;0
Blois;47.58;1.33;28/07/2026;14:00;24.6;0;SOLEIL;5;0;0
Blois;47.58;1.33;28/07/2026;15:00;25.7;0;SOLEIL;5;0;0
Blois;47.58;1.33;28/07/2026;16:00;24.6;0;SOLEIL;5;0;0
Blois;47.58;1.33;28/07/2026;17:00;23.6;0;SOLEIL;4;0;0
Blois;47.58;1.33;28/07/2026;18:00;23.6;0;SOLEIL;4;0;0
Blois;47.58;1.33;28/07/2026;19:00;23.6;0;SOLEIL;4;0;0
Blois;47.58;1.33;28/07/2026;20:00;20.3;0;SOLEIL;5;0;0
Blois;47.58;1.33;28/07/2026;21:00;19.2;0;SOLEIL;5;0;0
Blois;47.58;1.33;28/07/2026;22:00;18.1;0;SOLEIL;5;0;0
Blois;47.58;1.33;28/07/2026;23:00;17.9;0;SOLEIL;3;0;0
Blois;47.58;1.33;29/07/2026;00:00;17.9;0;SOLEIL;3;0;0
Blois;47.58;1.33;29/07/2026;01:00;17.9;0;SOLEIL;3;0;0
Blois;47.58;1.33;29/07/2026;02:00;16.1;0;SOLEIL;5;0;0
Blois;47.58;1.33;29/07/2026;03:00;16.1;0;SOLEIL;5;0;0
Blois;47.58;1.33;29/07/2026;04:00;16.1;0;SOLEIL;5;0;0
Blois;47.58;1.33;29/07/2026;05:00;;0;SOLEIL;;;0
Blois;47.58;1.33;29/07/2026;06:00;;0;SOLEIL;;;0
Blois;47.58;1.33;29/07/2026;07:00;;0;SOLEIL;;;0
Blois;47.58;1.33;29/07/2026;08:00;18.5;0;SOLEIL;5;0;0
Blois;47.58;1.33;29/07/2026;09:00;19.8;0;SOLEIL;5;0;0
Blois;47.58;1.33;29/07/2026;10:00;21.0;0;SOLEIL;5;0;0
Blois;47.58;1.33;29/07/2026;11:00;;0;SOLEIL;;;0
Blois;47.58;1.33;29/07/2026;12:00;;0;SOLEIL;;;0
Blois;47.58;1.33;29/07/2026;13:00;;0;SOLEIL;;;0
Blois;47.58;1.33;29/07/2026;14:00;25.9;0;SOLEIL;5;0;0
Blois;47.58;1.33;29/07/2026;15:00;27.1;0;SOLEIL;5;0;0
Blois;47.58;1.33;29/07/2026;16:00;25.9;0;SOLEIL;5;0;0
Blois;47.58;1.33;29/07/2026;17:00;;0;SOLEIL;;;0
Blois;47.58;1.33;29/07/2026;18:00;;0;SOLEIL;;;0
Blois;47.58;1.33;29/07/2026;19:00;;0;SOLEIL;;;0
Blois;47.58;1.33;29/07/2026;20:00;21.0;0;SOLEIL;5;0;0
Blois;47.58;1.33;29/07/2026;21:00;19.8;0;SOLEIL;5;0;0
Blois;47.58;1.33;29/07/2026;22:00;18.5;0;SOLEIL;5;0;0
Blois;47.58;1.33;29/07/2026;23:00;;0;SOLEIL;;;0
Blois;47.58;1.33;30/07/2026;00:00;;0;SOLEIL;;;0
Blois;47.58;1.33;30/07/2026;01:00;;0;SOLEIL;;;0
Blois;47.58;1.33;30/07/2026;02:00;16.5;0;SOLEIL;5;0;0
Blois;47.58;1.33;30/07/2026;03:00;16.5;0;SOLEIL;5;0;0
Blois;47.58;1.33;30/07/2026;04:00;16.5;0;SOLEIL;5;0;0
Blois;47.58;1.33;30/07/2026;05:00;;0;SOLEIL;;;0
Blois;47.58;1.33;30/07/2026;06:00;;0;SOLEIL;;;0
Blois;47.58;1.33;30/07/2026;07:00;;0;SOLEIL;;;0
Blois;47.58;1.33;30/07/2026;08:00;19.3;0;SOLEIL;5;0;0
Blois;47.58;1.33;30/07/2026;09:00;20.6;0;SOLEIL;5;0;0
Blois;47.58;1.33;30/07/2026;10:00;22.0;0;SOLEIL;5;0;0
Blois;47.58;1.33;30/07/2026;11:00;;0;SOLEIL;;;0
Blois;47.58;1.33;30/07/2026;12:00;;0;SOLEIL;;;0
Blois;47.58;1.33;30/07/2026;13:00;;0;SOLEIL;;;0
Blois;47.58;1.33;30/07/2026;14:00;27.5;0;SOLEIL;5;0;0
Blois;47.58;1.33;30/07/2026;15:00;28.9;0;SOLEIL;5;0;0
Blois;47.58;1.33;30/07/2026;16:00;27.5;0;SOLEIL;5;0;0
Blois;47.58;1.33;30/07/2026;17:00;;0;SOLEIL;;;0
Blois;47.58;1.33;30/07/2026;18:00;;0;SOLEIL;;;0
Blois;47.58;1.33;30/07/2026;19:00;;0;SOLEIL;;;0
Blois;47.58;1.33;30/07/2026;20:00;22.0;0;SOLEIL;5;0;0
Blois;47.58;1.33;30/07/2026;21:00;20.6;0;SOLEIL;5;0;0
Blois;47.58;1.33;30/07/2026;22:00;19.3;0;SOLEIL;5;0;0
Blois;47.58;1.33;30/07/2026;23:00;;0;SOLEIL;;;0
Blois;47.58;1.33;31/07/2026;00:00;;0;SOLEIL;;;0
Blois;47.58;1.33;31/07/2026;01:00;;0;SOLEIL;;;0
Blois;47.58;1.33;31/07/2026;02:00;16;0;SOLEIL;5;0;0
Blois;47.58;1.33;31/07/2026;03:00;16;0;SOLEIL;5;0;0
Blois;47.58;1.33;31/07/2026;04:00;16;0;SOLEIL;5;0;0
Blois;47.58;1.33;31/07/2026;05:00;;0;SOLEIL;;;0
Blois;47.58;1.33;31/07/2026;06:00;;0;SOLEIL;;;0
Blois;47.58;1.33;31/07/2026;07:00;;0;SOLEIL;;;0
Blois;47.58;1.33;31/07/2026;08:00;18.9;0;SOLEIL;5;0;0
Blois;47.58;1.33;31/07/2026;09:00;20.4;0;SOLEIL;5;0;0
Blois;47.58;1.33;31/07/2026;10:00;21.9;0;SOLEIL;5;0;0
Blois;47.58;1.33;31/07/2026;11:00;;0;SOLEIL;;;0
Blois;47.58;1.33;31/07/2026;12:00;;0;SOLEIL;;;0
Blois;47.58;1.33;31/07/2026;13:00;;0;SOLEIL;;;0
Blois;47.58;1.33;31/07/2026;14:00;27.7;0;SOLEIL;5;0;0
Blois;47.58;1.33;31/07/2026;15:00;29.2;0;SOLEIL;5;0;0
Blois;47.58;1.33;31/07/2026;16:00;27.7;0;SOLEIL;5;0;0
Blois;47.58;1.33;31/07/2026;17:00;;0;SOLEIL;;;0
Blois;47.58;1.33;31/07/2026;18:00;;0;SOLEIL;;;0
Blois;47.58;1.33;31/07/2026;19:00;;0;SOLEIL;;;0
Blois;47.58;1.33;31/07/2026;20:00;21.9;0;SOLEIL;5;0;0
Blois;47.58;1.33;31/07/2026;21:00;20.4;0;SOLEIL;5;0;0
Blois;47.58;1.33;31/07/2026;22:00;18.9;0;SOLEIL;5;0;0
Blois;47.58;1.33;31/07/2026;23:00;;0;SOLEIL;;;0
Blois;47.58;1.33;01/08/2026;00:00;;0;SOLEIL;;;0
Blois;47.58;1.33;01/08/2026;01:00;;0;SOLEIL;;;0
Blois;47.58;1.33;01/08/2026;02:00;16.5;0;SOLEIL;5;0;0
Blois;47.58;1.33;01/08/2026;03:00;16.5;0;SOLEIL;5;0;0
Blois;47.58;1.33;01/08/2026;04:00;16.5;0;SOLEIL;5;0;0
Blois;47.58;1.33;01/08/2026;05:00;;0;SOLEIL;;;0
Blois;47.58;1.33;01/08/2026;06:00;;0;SOLEIL;;;0
Blois;47.58;1.33;01/08/2026;07:00;;0;SOLEIL;;;0
Blois;47.58;1.33;01/08/2026;08:00;19.1;0;SOLEIL;5;0;0
Blois;47.58;1.33;01/08/2026;09:00;20.4;0;SOLEIL;5;0;0
Blois;47.58;1.33;01/08/2026;10:00;21.7;0;SOLEIL;5;0;0
Blois;47.58;1.33;01/08/2026;11:00;;0;SOLEIL;;;0
Blois;47.58;1.33;01/08/2026;12:00;;0;SOLEIL;;;0
Blois;47.58;1.33;01/08/2026;13:00;;0;SOLEIL;;;0
Blois;47.58;1.33;01/08/2026;14:00;26.9;0;SOLEIL;5;0;0
Blois;47.58;1.33;01/08/2026;15:00;28.2;0;SOLEIL;5;0;0
Blois;47.58;1.33;01/08/2026;16:00;26.9;0;SOLEIL;5;0;0
Blois;47.58;1.33;01/08/2026;17:00;;0;SOLEIL;;;0
Blois;47.58;1.33;01/08/2026;18:00;;0;SOLEIL;;;0
Blois;47.58;1.33;01/08/2026;19:00;;0;SOLEIL;;;0
Blois;47.58;1.33;01/08/2026;20:00;21.7;0;SOLEIL;5;0;0
Blois;47.58;1.33;01/08/2026;21:00;20.4;0;SOLEIL;5;0;0
Blois;47.58;1.33;01/08/2026;22:00;19.1;0;SOLEIL;5;0;0
Blois;47.58;1.33;01/08/2026;23:00;;0;SOLEIL;;;0
Blois;47.58;1.33;02/08/2026;00:00;;0;SOLEIL;;;0
Blois;47.58;1.33;02/08/2026;01:00;;0;SOLEIL;;;0
Blois;47.58;1.33;02/08/2026;02:00;16.4;0;SOLEIL;5;0;0
Blois;47.58;1.33;02/08/2026;03:00;16.4;0;SOLEIL;5;0;0
Blois;47.58;1.33;02/08/2026;04:00;16.4;0;SOLEIL;5;0;0
Blois;47.58;1.33;02/08/2026;05:00;;0;SOLEIL;;;0
Blois;47.58;1.33;02/08/2026;06:00;;0;SOLEIL;;;0
Blois;47.58;1.33;02/08/2026;07:00;;0;SOLEIL;;;0
Blois;47.58;1.33;02/08/2026;08:00;19.0;0;SOLEIL;5;0;0
Blois;47.58;1.33;02/08/2026;09:00;20.3;0;SOLEIL;5;0;0
Blois;47.58;1.33;02/08/2026;10:00;21.6;0;SOLEIL;5;0;0
Blois;47.58;1.33;02/08/2026;11:00;;0;SOLEIL;;;0
Blois;47.58;1.33;02/08/2026;12:00;;0;SOLEIL;;;0
Blois;47.58;1.33;02/08/2026;13:00;;0;SOLEIL;;;0
Blois;47.58;1.33;02/08/2026;14:00;26.8;0;SOLEIL;5;0;0
Blois;47.58;1.33;02/08/2026;15:00;28.1;0;SOLEIL;5;0;0
Blois;47.58;1.33;02/08/2026;16:00;26.8;0;SOLEIL;5;0;0
Blois;47.58;1.33;02/08/2026;17:00;;0;SOLEIL;;;0
Blois;47.58;1.33;02/08/2026;18:00;;0;SOLEIL;;;0
Blois;47.58;1.33;02/08/2026;19:00;;0;SOLEIL;;;0
Blois;47.58;1.33;02/08/2026;20:00;21.6;0;SOLEIL;5;0;0
Blois;47.58;1.33;02/08/2026;21:00;20.3;0;SOLEIL;5;0;0
Blois;47.58;1.33;02/08/2026;22:00;19.0;0;SOLEIL;5;0;0
Blois;47.58;1.33;02/08/2026;23:00;17.7;0;SOLEIL;5;0;0
Blois;47.58;1.33;03/08/2026;00:00;12;0;SOLEIL;5;0;0
Blois;47.58;1.33;03/08/2026;01:00;12;0;SOLEIL;5;0;0
Blois;47.58;1.33;03/08/2026;02:00;12;0;SOLEIL;5;0;0
Blois;47.58;1.33;03/08/2026;03:00;12;0;SOLEIL;5;0;0
Blois;47.58;1.33;03/08/2026;04:00;12;0;SOLEIL;5;0;0
Blois;47.58;1.33;03/08/2026;05:00;12;0;SOLEIL;5;0;0
Blois;47.58;1.33;03/08/2026;06:00;12;0;SOLEIL;5;0;0
Blois;47.58;1.33;03/08/2026;07:00;13.1;0;SOLEIL;5;0;0
Blois;47.58;1.33;03/08/2026;08:00;14.2;0;SOLEIL;5;0;0
Blois;47.58;1.33;03/08/2026;09:00;15.3;0;SOLEIL;5;0;0
Blois;47.58;1.33;03/08/2026;10:00;16.4;0;SOLEIL;5;0;0
Blois;47.58;1.33;03/08/2026;11:00;17.6;0;SOLEIL;5;0;0
Blois;47.58;1.33;03/08/2026;12:00;18.7;0;SOLEIL;5;0;0
Blois;47.58;1.33;03/08/2026;13:00;19.8;0;SOLEIL;5;0;0
Blois;47.58;1.33;03/08/2026;14:00;20.9;0;SOLEIL;5;0;0
Blois;47.58;1.33;03/08/2026;15:00;22.0;0;SOLEIL;5;0;0
Blois;47.58;1.33;03/08/2026;16:00;20.9;0;SOLEIL;5;0;0
Blois;47.58;1.33;03/08/2026;17:00;19.8;0;SOLEIL;5;0;0
Blois;47.58;1.33;03/08/2026;18:00;18.7;0;SOLEIL;5;0;0
Blois;47.58;1.33;03/08/2026;19:00;17.6;0;SOLEIL;5;0;0
Blois;47.58;1.33;03/08/2026;20:00;16.4;0;SOLEIL;5;0;0
Blois;47.58;1.33;03/08/2026;21:00;15.3;0;SOLEIL;5;0;0
Blois;47.58;1.33;03/08/2026;22:00;14.2;0;SOLEIL;5;0;0
Blois;47.58;1.33;03/08/2026;23:00;13.1;0;SOLEIL;5;0;0
Blois;47.58;1.33;04/08/2026;00:00;12;0;SOLEIL;5;0;0
Blois;47.58;1.33;04/08/2026;01:00;12;0;SOLEIL;5;0;0
Blois;47.58;1.33;04/08/2026;02:00;12;0;SOLEIL;5;0;0
Blois;47.58;1.33;04/08/2026;03:00;12;0;SOLEIL;5;0;0
Blois;47.58;1.33;04/08/2026;04:00;12;0;SOLEIL;5;0;0
Blois;47.58;1.33;04/08/2026;05:00;12;0;SOLEIL;5;0;0
Blois;47.58;1.33;04/08/2026;06:00;12;0;SOLEIL;5;0;0
Blois;47.58;1.33;04/08/2026;07:00;13.1;0;SOLEIL;5;0;0
Blois;47.58;1.33;04/08/2026;08:00;14.2;0;SOLEIL;5;0;0
Blois;47.58;1.33;04/08/2026;09:00;15.3;0;SOLEIL;5;0;0
Blois;47.58;1.33;04/08/2026;10:00;16.4;0;SOLEIL;5;0;0
Blois;47.58;1.33;04/08/2026;11:00;17.6;0;SOLEIL;5;0;0
Blois;47.58;1.33;04/08/2026;12:00;18.7;0;SOLEIL;5;0;0
Blois;47.58;1.33;04/08/2026;13:00;19.8;0;SOLEIL;5;0;0
Blois;47.58;1.33;04/08/2026;14:00;20.9;0;SOLEIL;5;0;0
Blois;47.58;1.33;04/08/2026;15:00;22.0;0;SOLEIL;5;0;0
Blois;47.58;1.33;04/08/2026;16:00;20.9;0;SOLEIL;5;0;0
Blois;47.58;1.33;04/08/2026;17:00;19.8;0;SOLEIL;5;0;0
Blois;47.58;1.33;04/08/2026;18:00;18.7;0;SOLEIL;5;0;0
Blois;47.58;1.33;04/08/2026;19:00;17.6;0;SOLEIL;5;0;0
Blois;47.58;1.33;04/08/2026;20:00;16.4;0;SOLEIL;5;0;0
Blois;47.58;1.33;04/08/2026;21:00;15.3;0;SOLEIL;5;0;0
Blois;47.58;1.33;04/08/2026;22:00;14.2;0;SOLEIL;5;0;0
Blois;47.58;1.33;04/08/2026;23:00;13.1;0;SOLEIL;5;0;0
Romorantin-Lanthenay;47.35;1.74;20/07/2026;00:00;16.5;0;SOLEIL;5;21.6;0
Romorantin-Lanthenay;47.35;1.74;20/07/2026;01:00;15.6;0;SOLEIL;5;21.6;0
Romorantin-Lanthenay;47.35;1.74;20/07/2026;02:00;15;0;SOLEIL;5;27.7;0
Romorantin-Lanthenay;47.35;1.74;20/07/2026;03:00;14.1;0;SOLEIL;5;31.0;0
Romorantin-Lanthenay;47.35;1.74;20/07/2026;04:00;13.5;0;SOLEIL;5;29.5;0
Romorantin-Lanthenay;47.35;1.74;20/07/2026;05:00;13.1;0;SOLEIL;5;27.0;0
Romorantin-Lanthenay;47.35;1.74;20/07/2026;06:00;14.6;0;SOLEIL;5;27.0;0
Romorantin-Lanthenay;47.35;1.74;20/07/2026;07:00;16.1;0;SOLEIL;5;27.0;0
Romorantin-Lanthenay;47.35;1.74;20/07/2026;08:00;18.2;0;SOLEIL;6;28.1;0
Romorantin-Lanthenay;47.35;1.74;20/07/2026;09:00;20.5;0;SOLEIL;6;32.4;0
Romorantin-Lanthenay;47.35;1.74;20/07/2026;10:00;22;0;SOLEIL;5;34.6;0
Romorantin-Lanthenay;47.35;1.74;20/07/2026;11:00;23.4;0;SOLEIL;5;37.1;0
Romorantin-Lanthenay;47.35;1.74;20/07/2026;12:00;25.2;0;SOLEIL;6;37.8;0
Romorantin-Lanthenay;47.35;1.74;20/07/2026;13:00;25.9;0;SOLEIL;6;37.4;0
Romorantin-Lanthenay;47.35;1.74;20/07/2026;14:00;26.6;0;SOLEIL;6;35.6;0
Romorantin-Lanthenay;47.35;1.74;20/07/2026;15:00;27.5;0;SOLEIL;6;35.6;0
Romorantin-Lanthenay;47.35;1.74;20/07/2026;16:00;26.7;0;SOLEIL;6;36.0;0
Romorantin-Lanthenay;47.35;1.74;20/07/2026;17:00;26.5;0;SOLEIL;6;38.9;0
Romorantin-Lanthenay;47.35;1.74;20/07/2026;18:00;25.1;0;SOLEIL;6;39.6;0
Romorantin-Lanthenay;47.35;1.74;20/07/2026;19:00;23.4;0;SOLEIL;5;37.8;0
Romorantin-Lanthenay;47.35;1.74;20/07/2026;20:00;21.2;0;SOLEIL;4;38.2;0
Romorantin-Lanthenay;47.35;1.74;20/07/2026;21:00;18.9;0;SOLEIL;4;34.6;0
Romorantin-Lanthenay;47.35;1.74;20/07/2026;22:00;18.1;0;SOLEIL;5;27.0;0
Romorantin-Lanthenay;47.35;1.74;20/07/2026;23:00;17.1;0;SOLEIL;4;25.9;0
Romorantin-Lanthenay;47.35;1.74;21/07/2026;00:00;16.5;0;SOLEIL;4;20.2;0
Romorantin-Lanthenay;47.35;1.74;21/07/2026;01:00;16.5;0;SOLEIL;4;19.1;0
Romorantin-Lanthenay;47.35;1.74;21/07/2026;02:00;13.9;0;SOLEIL;5;22.3;0
Romorantin-Lanthenay;47.35;1.74;21/07/2026;03:00;13.9;0;SOLEIL;5;23.4;0
Romorantin-Lanthenay;47.35;1.74;21/07/2026;04:00;13.9;0;SOLEIL;5;24.8;0
Romorantin-Lanthenay;47.35;1.74;21/07/2026;05:00;14.6;0;SOLEIL;5;24.1;0
Romorantin-Lanthenay;47.35;1.74;21/07/2026;06:00;14.6;0;SOLEIL;5;23.0;0
Romorantin-Lanthenay;47.35;1.74;21/07/2026;07:00;14.6;0;SOLEIL;5;22.3;0
Romorantin-Lanthenay;47.35;1.74;21/07/2026;08:00;21.4;0;SOLEIL;5;25.6;0
Romorantin-Lanthenay;47.35;1.74;21/07/2026;09:00;21.4;0;SOLEIL;5;28.4;0
Romorantin-Lanthenay;47.35;1.74;21/07/2026;10:00;21.4;0;SOLEIL;5;31.7;0
Romorantin-Lanthenay;47.35;1.74;21/07/2026;11:00;25.5;0;SOLEIL;5;32.8;0
Romorantin-Lanthenay;47.35;1.74;21/07/2026;12:00;25.5;0;SOLEIL;5;36.0;0
Romorantin-Lanthenay;47.35;1.74;21/07/2026;13:00;25.5;0;SOLEIL;5;40.1;0
Romorantin-Lanthenay;47.35;1.74;21/07/2026;14:00;27.7;0;SOLEIL;5;42.1;0
Romorantin-Lanthenay;47.35;1.74;21/07/2026;15:00;27.7;0;SOLEIL;5;44.3;0
Romorantin-Lanthenay;47.35;1.74;21/07/2026;16:00;27.7;0;SOLEIL;5;44.3;0
Romorantin-Lanthenay;47.35;1.74;21/07/2026;17:00;26.1;0;SOLEIL;5;43.6;0
Romorantin-Lanthenay;47.35;1.74;21/07/2026;18:00;26.1;0;SOLEIL;5;41.8;0
Romorantin-Lanthenay;47.35;1.74;21/07/2026;19:00;26.1;0;SOLEIL;5;40.3;0
Romorantin-Lanthenay;47.35;1.74;21/07/2026;20:00;20.6;0;SOLEIL;4;38.5;0
Romorantin-Lanthenay;47.35;1.74;21/07/2026;21:00;20.6;0;SOLEIL;4;34.6;0
Romorantin-Lanthenay;47.35;1.74;21/07/2026;22:00;20.6;0;SOLEIL;4;25.2;0
Romorantin-Lanthenay;47.35;1.74;21/07/2026;23:00;17.7;0;SOLEIL;4;23.0;0
Romorantin-Lanthenay;47.35;1.74;22/07/2026;00:00;17.7;0;SOLEIL;4;23.0;0
Romorantin-Lanthenay;47.35;1.74;22/07/2026;01:00;17.7;0;SOLEIL;4;22.0;0
Romorantin-Lanthenay;47.35;1.74;22/07/2026;02:00;14.9;0;SOLEIL;4;20.5;0
Romorantin-Lanthenay;47.35;1.74;22/07/2026;03:00;14.9;0;SOLEIL;4;19.1;0
Romorantin-Lanthenay;47.35;1.74;22/07/2026;04:00;14.9;0;SOLEIL;4;18.0;0
Romorantin-Lanthenay;47.35;1.74;22/07/2026;05:00;16;0;SOLEIL;4;17.6;0
Romorantin-Lanthenay;47.35;1.74;22/07/2026;06:00;16;0;SOLEIL;4;17.3;0
Romorantin-Lanthenay;47.35;1.74;22/07/2026;07:00;16;0;SOLEIL;4;16.6;0
Romorantin-Lanthenay;47.35;1.74;22/07/2026;08:00;22.6;0;SOLEIL;4;20.2;0
Romorantin-Lanthenay;47.35;1.74;22/07/2026;09:00;22.6;0;SOLEIL;4;28.1;0
Romorantin-Lanthenay;47.35;1.74;22/07/2026;10:00;22.6;0;SOLEIL;4;30.2;0
Romorantin-Lanthenay;47.35;1.74;22/07/2026;11:00;27.1;0;SOLEIL;4;32.4;0
Romorantin-Lanthenay;47.35;1.74;22/07/2026;12:00;27.1;0;SOLEIL;4;33.1;0
Romorantin-Lanthenay;47.35;1.74;22/07/2026;13:00;27.1;0;SOLEIL;4;33.8;0
Romorantin-Lanthenay;47.35;1.74;22/07/2026;14:00;28.6;0;SOLEIL;4;33.8;0
Romorantin-Lanthenay;47.35;1.74;22/07/2026;15:00;28.6;0;SOLEIL;4;33.8;0
Romorantin-Lanthenay;47.35;1.74;22/07/2026;16:00;28.6;0;SOLEIL;4;33.8;0
Romorantin-Lanthenay;47.35;1.74;22/07/2026;17:00;26.5;0;SOLEIL;4;34.2;0
Romorantin-Lanthenay;47.35;1.74;22/07/2026;18:00;26.5;0;SOLEIL;4;35.6;0
Romorantin-Lanthenay;47.35;1.74;22/07/2026;19:00;26.5;0;SOLEIL;4;37.4;0
Romorantin-Lanthenay;47.35;1.74;22/07/2026;20:00;21.0;0;SOLEIL;5;36.4;0
Romorantin-Lanthenay;47.35;1.74;22/07/2026;21:00;19.5;0;SOLEIL;5;29.9;0
Romorantin-Lanthenay;47.35;1.74;22/07/2026;22:00;18.0;0;SOLEIL;5;20.5;0
Romorantin-Lanthenay;47.35;1.74;22/07/2026;23:00;18.5;0;SOLEIL;3;13.7;0
Romorantin-Lanthenay;47.35;1.74;23/07/2026;00:00;18.5;0;SOLEIL;3;12.2;0
Romorantin-Lanthenay;47.35;1.74;23/07/2026;01:00;18.5;0;SOLEIL;3;13.7;0
Romorantin-Lanthenay;47.35;1.74;23/07/2026;02:00;16.6;0;SOLEIL;5;15.1;0
Romorantin-Lanthenay;47.35;1.74;23/07/2026;03:00;16.6;0;SOLEIL;5;15.1;0
Romorantin-Lanthenay;47.35;1.74;23/07/2026;04:00;16.6;0;SOLEIL;5;14.8;0
Romorantin-Lanthenay;47.35;1.74;23/07/2026;05:00;19.6;0;SOLEIL;3;15.5;0
Romorantin-Lanthenay;47.35;1.74;23/07/2026;06:00;19.6;0;SOLEIL;3;17.3;0
Romorantin-Lanthenay;47.35;1.74;23/07/2026;07:00;19.6;0;SOLEIL;3;19.8;0
Romorantin-Lanthenay;47.35;1.74;23/07/2026;08:00;19.8;0;SOLEIL;5;23.0;0
Romorantin-Lanthenay;47.35;1.74;23/07/2026;09:00;21.4;0;SOLEIL;5;27.4;0
Romorantin-Lanthenay;47.35;1.74;23/07/2026;10:00;23.0;0;SOLEIL;5;32.0;0
Romorantin-Lanthenay;47.35;1.74;23/07/2026;11:00;29.1;0;SOLEIL;3;35.3;0
Romorantin-Lanthenay;47.35;1.74;23/07/2026;12:00;29.1;0;SOLEIL;3;36.4;0
Romorantin-Lanthenay;47.35;1.74;23/07/2026;13:00;29.1;0;SOLEIL;3;36.0;0
Romorantin-Lanthenay;47.35;1.74;23/07/2026;14:00;29.5;0;SOLEIL;5;35.6;0
Romorantin-Lanthenay;47.35;1.74;23/07/2026;15:00;31.1;0;SOLEIL;5;36.0;0
Romorantin-Lanthenay;47.35;1.74;23/07/2026;16:00;29.5;0;SOLEIL;5;36.7;0
Romorantin-Lanthenay;47.35;1.74;23/07/2026;17:00;28.7;0;SOLEIL;4;36.7;0
Romorantin-Lanthenay;47.35;1.74;23/07/2026;18:00;28.7;0;SOLEIL;4;36.0;0
Romorantin-Lanthenay;47.35;1.74;23/07/2026;19:00;28.7;0;SOLEIL;4;34.9;0
Romorantin-Lanthenay;47.35;1.74;23/07/2026;20:00;23.0;0;SOLEIL;5;32.4;0
Romorantin-Lanthenay;47.35;1.74;23/07/2026;21:00;21.4;0;SOLEIL;5;27.4;0
Romorantin-Lanthenay;47.35;1.74;23/07/2026;22:00;19.8;0;SOLEIL;5;20.5;0
Romorantin-Lanthenay;47.35;1.74;23/07/2026;23:00;19.5;0;SOLEIL;4;15.8;0
Romorantin-Lanthenay;47.35;1.74;24/07/2026;00:00;19.5;0;SOLEIL;4;14.4;0
Romorantin-Lanthenay;47.35;1.74;24/07/2026;01:00;19.5;0;SOLEIL;4;14.8;0
Romorantin-Lanthenay;47.35;1.74;24/07/2026;02:00;15.9;0;SOLEIL;5;15.1;0
Romorantin-Lanthenay;47.35;1.74;24/07/2026;03:00;15.9;0;SOLEIL;5;14.8;0
Romorantin-Lanthenay;47.35;1.74;24/07/2026;04:00;15.9;0;SOLEIL;5;14.8;0
Romorantin-Lanthenay;47.35;1.74;24/07/2026;05:00;18.2;0;SOLEIL;3;15.1;0
Romorantin-Lanthenay;47.35;1.74;24/07/2026;06:00;18.2;0;SOLEIL;3;16.4;0
Romorantin-Lanthenay;47.35;1.74;24/07/2026;07:00;18.2;0;SOLEIL;3;18.2;0
Romorantin-Lanthenay;47.35;1.74;24/07/2026;08:00;19.3;0;SOLEIL;5;18.9;0
Romorantin-Lanthenay;47.35;1.74;24/07/2026;09:00;21.0;0;SOLEIL;5;16.9;0
Romorantin-Lanthenay;47.35;1.74;24/07/2026;10:00;22.7;0;SOLEIL;5;20.5;0
Romorantin-Lanthenay;47.35;1.74;24/07/2026;11:00;28.5;0;SOLEIL;3;22.7;0
Romorantin-Lanthenay;47.35;1.74;24/07/2026;12:00;28.5;0;SOLEIL;3;23.0;0
Romorantin-Lanthenay;47.35;1.74;24/07/2026;13:00;28.5;0;SOLEIL;3;22.3;0
Romorantin-Lanthenay;47.35;1.74;24/07/2026;14:00;29.5;0;SOLEIL;5;21.6;0
Romorantin-Lanthenay;47.35;1.74;24/07/2026;15:00;31.2;0;SOLEIL;5;21.6;0
Romorantin-Lanthenay;47.35;1.74;24/07/2026;16:00;29.5;0;SOLEIL;5;21.2;0
Romorantin-Lanthenay;47.35;1.74;24/07/2026;17:00;29.6;0;SOLEIL;3;20.9;0
Romorantin-Lanthenay;47.35;1.74;24/07/2026;18:00;29.6;0;SOLEIL;3;19.8;0
Romorantin-Lanthenay;47.35;1.74;24/07/2026;19:00;29.6;0;SOLEIL;3;18.4;0
Romorantin-Lanthenay;47.35;1.74;24/07/2026;20:00;22.7;0;SOLEIL;5;16.2;0
Romorantin-Lanthenay;47.35;1.74;24/07/2026;21:00;21.0;0;SOLEIL;5;13.0;0
Romorantin-Lanthenay;47.35;1.74;24/07/2026;22:00;19.3;0;SOLEIL;5;9.0;0
Romorantin-Lanthenay;47.35;1.74;24/07/2026;23:00;20.2;0;SOLEIL;3;6.1;0
Romorantin-Lanthenay;47.35;1.74;25/07/2026;00:00;20.2;0;SOLEIL;3;5.4;0
Romorantin-Lanthenay;47.35;1.74;25/07/2026;01:00;20.2;0;SOLEIL;3;6.1;0
Romorantin-Lanthenay;47.35;1.74;25/07/2026;02:00;17.9;0;SOLEIL;5;6.5;0
Romorantin-Lanthenay;47.35;1.74;25/07/2026;03:00;17.9;0;SOLEIL;5;6.1;0
Romorantin-Lanthenay;47.35;1.74;25/07/2026;04:00;17.9;0;SOLEIL;5;5.8;0
Romorantin-Lanthenay;47.35;1.74;25/07/2026;05:00;19.5;0;SOLEIL;3;5.4;0
Romorantin-Lanthenay;47.35;1.74;25/07/2026;06:00;19.5;0;SOLEIL;3;5.0;0
Romorantin-Lanthenay;47.35;1.74;25/07/2026;07:00;19.5;0;SOLEIL;3;5.0;0
Romorantin-Lanthenay;47.35;1.74;25/07/2026;08:00;20.7;0;SOLEIL;5;5.8;0
Romorantin-Lanthenay;47.35;1.74;25/07/2026;09:00;22.1;0;SOLEIL;5;8.6;0
Romorantin-Lanthenay;47.35;1.74;25/07/2026;10:00;23.5;0;SOLEIL;5;12.2;0
Romorantin-Lanthenay;47.35;1.74;25/07/2026;11:00;28.4;0;SOLEIL;3;15.8;0
Romorantin-Lanthenay;47.35;1.74;25/07/2026;12:00;28.4;0;SOLEIL;3;18.7;0
Romorantin-Lanthenay;47.35;1.74;25/07/2026;13:00;28.4;0;SOLEIL;3;21.6;0
Romorantin-Lanthenay;47.35;1.74;25/07/2026;14:00;29.0;0;SOLEIL;5;24.1;0
Romorantin-Lanthenay;47.35;1.74;25/07/2026;15:00;30.4;0;SOLEIL;5;26.6;0
Romorantin-Lanthenay;47.35;1.74;25/07/2026;16:00;29.0;0;SOLEIL;5;28.4;0
Romorantin-Lanthenay;47.35;1.74;25/07/2026;17:00;27.6;0;SOLEIL;4;29.9;0
Romorantin-Lanthenay;47.35;1.74;25/07/2026;18:00;27.6;0;SOLEIL;4;30.2;0
Romorantin-Lanthenay;47.35;1.74;25/07/2026;19:00;27.6;0;SOLEIL;4;29.9;0
Romorantin-Lanthenay;47.35;1.74;25/07/2026;20:00;23.5;0;SOLEIL;5;28.8;0
Romorantin-Lanthenay;47.35;1.74;25/07/2026;21:00;22.1;0;SOLEIL;5;27.0;0
Romorantin-Lanthenay;47.35;1.74;25/07/2026;22:00;20.7;0;SOLEIL;5;24.5;0
Romorantin-Lanthenay;47.35;1.74;25/07/2026;23:00;20.1;0;SOLEIL;4;21.6;0
Romorantin-Lanthenay;47.35;1.74;26/07/2026;00:00;20.1;0;SOLEIL;4;18.7;0
Romorantin-Lanthenay;47.35;1.74;26/07/2026;01:00;20.1;0;SOLEIL;4;15.5;0
Romorantin-Lanthenay;47.35;1.74;26/07/2026;02:00;16.9;0;SOLEIL;5;12.2;0
Romorantin-Lanthenay;47.35;1.74;26/07/2026;03:00;16.9;0;SOLEIL;5;9.0;0
Romorantin-Lanthenay;47.35;1.74;26/07/2026;04:00;16.9;0;SOLEIL;5;5.4;0
Romorantin-Lanthenay;47.35;1.74;26/07/2026;05:00;17.7;0;SOLEIL;3;3.2;0
Romorantin-Lanthenay;47.35;1.74;26/07/2026;06:00;17.7;0;SOLEIL;3;2.2;0
Romorantin-Lanthenay;47.35;1.74;26/07/2026;07:00;17.7;0;SOLEIL;3;2.2;0
Romorantin-Lanthenay;47.35;1.74;26/07/2026;08:00;19.0;0;SOLEIL;5;3.2;0
Romorantin-Lanthenay;47.35;1.74;26/07/2026;09:00;20.0;0;SOLEIL;5;5.0;0
Romorantin-Lanthenay;47.35;1.74;26/07/2026;10:00;21.0;0;SOLEIL;5;7.9;0
Romorantin-Lanthenay;47.35;1.74;26/07/2026;11:00;24.5;0;SOLEIL;5;11.2;0
Romorantin-Lanthenay;47.35;1.74;26/07/2026;12:00;24.5;0;SOLEIL;5;18.7;0
Romorantin-Lanthenay;47.35;1.74;26/07/2026;13:00;24.5;0;SOLEIL;5;26.3;0
Romorantin-Lanthenay;47.35;1.74;26/07/2026;14:00;25.2;0;SOLEIL;5;32.6;0
Romorantin-Lanthenay;47.35;1.74;26/07/2026;15:00;26.2;0;SOLEIL;5;38.2;0
Romorantin-Lanthenay;47.35;1.74;26/07/2026;16:00;25.2;0;SOLEIL;5;40.0;0
Romorantin-Lanthenay;47.35;1.74;26/07/2026;17:00;24.5;6;AVERSES;5;41.8;0
Romorantin-Lanthenay;47.35;1.74;26/07/2026;18:00;24.5;6;AVERSES;5;42.8;0
Romorantin-Lanthenay;47.35;1.74;26/07/2026;19:00;24.5;6;AVERSES;5;43.9;0
Romorantin-Lanthenay;47.35;1.74;26/07/2026;20:00;21.0;0;SOLEIL;5;44.6;0
Romorantin-Lanthenay;47.35;1.74;26/07/2026;21:00;20.0;0;SOLEIL;5;45.0;0
Romorantin-Lanthenay;47.35;1.74;26/07/2026;22:00;19.0;0;SOLEIL;5;44.6;0
Romorantin-Lanthenay;47.35;1.74;26/07/2026;23:00;19;0;SOLEIL;4;43.9;0
Romorantin-Lanthenay;47.35;1.74;27/07/2026;00:00;19;0;SOLEIL;4;43.2;0
Romorantin-Lanthenay;47.35;1.74;27/07/2026;01:00;19;0;SOLEIL;4;42.5;0
Romorantin-Lanthenay;47.35;1.74;27/07/2026;02:00;16.6;6;AVERSES;5;41.4;0
Romorantin-Lanthenay;47.35;1.74;27/07/2026;03:00;16.6;6;AVERSES;5;40.0;0
Romorantin-Lanthenay;47.35;1.74;27/07/2026;04:00;16.6;6;AVERSES;5;38.2;0
Romorantin-Lanthenay;47.35;1.74;27/07/2026;05:00;18.1;0;SOLEIL;3;36.4;0
Romorantin-Lanthenay;47.35;1.74;27/07/2026;06:00;18.1;0;SOLEIL;3;34.9;0
Romorantin-Lanthenay;47.35;1.74;27/07/2026;07:00;18.1;0;SOLEIL;3;33.5;0
Romorantin-Lanthenay;47.35;1.74;27/07/2026;08:00;18.5;6;AVERSES;5;33.5;0
Romorantin-Lanthenay;47.35;1.74;27/07/2026;09:00;19.4;6;AVERSES;5;34.6;0
Romorantin-Lanthenay;47.35;1.74;27/07/2026;10:00;20.3;6;AVERSES;5;36.7;0
Romorantin-Lanthenay;47.35;1.74;27/07/2026;11:00;23.5;6;AVERSES;5;39.6;0
Romorantin-Lanthenay;47.35;1.74;27/07/2026;12:00;23.5;6;AVERSES;5;42.1;0
Romorantin-Lanthenay;47.35;1.74;27/07/2026;13:00;23.5;6;AVERSES;5;44.6;0
Romorantin-Lanthenay;47.35;1.74;27/07/2026;14:00;24.1;6;AVERSES;5;46.4;0
Romorantin-Lanthenay;47.35;1.74;27/07/2026;15:00;25.0;6;AVERSES;5;47.5;0
Romorantin-Lanthenay;47.35;1.74;27/07/2026;16:00;24.1;6;AVERSES;5;47.9;0
Romorantin-Lanthenay;47.35;1.74;27/07/2026;17:00;22.6;6;AVERSES;4;48.2;0
Romorantin-Lanthenay;47.35;1.74;27/07/2026;18:00;22.6;6;AVERSES;4;48.2;0
Romorantin-Lanthenay;47.35;1.74;27/07/2026;19:00;22.6;6;AVERSES;4;47.9;0
Romorantin-Lanthenay;47.35;1.74;27/07/2026;20:00;20.3;6;AVERSES;5;47.2;0
Romorantin-Lanthenay;47.35;1.74;27/07/2026;21:00;19.4;6;AVERSES;5;46.1;0
Romorantin-Lanthenay;47.35;1.74;27/07/2026;22:00;18.5;6;AVERSES;5;44.6;0
Romorantin-Lanthenay;47.35;1.74;27/07/2026;23:00;18.1;0;SOLEIL;3;43.2;0
Romorantin-Lanthenay;47.35;1.74;28/07/2026;00:00;18.1;0;SOLEIL;3;41.4;0
Romorantin-Lanthenay;47.35;1.74;28/07/2026;01:00;18.1;0;SOLEIL;3;39.2;0
Romorantin-Lanthenay;47.35;1.74;28/07/2026;02:00;15.6;0;SOLEIL;5;37.4;0
Romorantin-Lanthenay;47.35;1.74;28/07/2026;03:00;15.6;0;SOLEIL;5;35.3;0
Romorantin-Lanthenay;47.35;1.74;28/07/2026;04:00;15.6;0;SOLEIL;5;32.4;0
Romorantin-Lanthenay;47.35;1.74;28/07/2026;05:00;16.6;0;SOLEIL;3;29.9;0
Romorantin-Lanthenay;47.35;1.74;28/07/2026;06:00;16.6;0;SOLEIL;3;27.4;0
Romorantin-Lanthenay;47.35;1.74;28/07/2026;07:00;16.6;0;SOLEIL;3;25.9;0
Romorantin-Lanthenay;47.35;1.74;28/07/2026;08:00;17.6;0;SOLEIL;5;25.2;0
Romorantin-Lanthenay;47.35;1.74;28/07/2026;09:00;18.6;0;SOLEIL;5;26.3;0
Romorantin-Lanthenay;47.35;1.74;28/07/2026;10:00;19.6;0;SOLEIL;5;28.4;0
Romorantin-Lanthenay;47.35;1.74;28/07/2026;11:00;22.6;0;SOLEIL;5;31.3;0
Romorantin-Lanthenay;47.35;1.74;28/07/2026;12:00;22.6;0;SOLEIL;5;34.6;0
Romorantin-Lanthenay;47.35;1.74;28/07/2026;13:00;22.6;0;SOLEIL;5;37.4;0
Romorantin-Lanthenay;47.35;1.74;28/07/2026;14:00;23.6;0;SOLEIL;5;39.2;0
Romorantin-Lanthenay;47.35;1.74;28/07/2026;15:00;24.6;0;SOLEIL;5;40.7;0
Romorantin-Lanthenay;47.35;1.74;28/07/2026;16:00;23.6;0;SOLEIL;5;41.4;0
Romorantin-Lanthenay;47.35;1.74;28/07/2026;17:00;23.1;0;SOLEIL;4;42.1;0
Romorantin-Lanthenay;47.35;1.74;28/07/2026;18:00;23.1;0;SOLEIL;4;42.5;0
Romorantin-Lanthenay;47.35;1.74;28/07/2026;19:00;23.1;0;SOLEIL;4;42.5;0
Romorantin-Lanthenay;47.35;1.74;28/07/2026;20:00;19.6;0;SOLEIL;5;41.8;0
Romorantin-Lanthenay;47.35;1.74;28/07/2026;21:00;18.6;0;SOLEIL;5;40.3;0
Romorantin-Lanthenay;47.35;1.74;28/07/2026;22:00;17.6;0;SOLEIL;5;38.2;0
Romorantin-Lanthenay;47.35;1.74;28/07/2026;23:00;17.6;0;SOLEIL;3;35.6;0
Romorantin-Lanthenay;47.35;1.74;29/07/2026;00:00;17.6;0;SOLEIL;3;32.8;0
Romorantin-Lanthenay;47.35;1.74;29/07/2026;01:00;17.6;0;SOLEIL;3;30.6;0
Romorantin-Lanthenay;47.35;1.74;29/07/2026;02:00;15.6;0;SOLEIL;5;29.2;0
Romorantin-Lanthenay;47.35;1.74;29/07/2026;03:00;15.6;0;SOLEIL;5;28.4;0
Romorantin-Lanthenay;47.35;1.74;29/07/2026;04:00;15.6;0;SOLEIL;5;28.4;0
Romorantin-Lanthenay;47.35;1.74;29/07/2026;05:00;;0;SOLEIL;;28.8;0
Romorantin-Lanthenay;47.35;1.74;29/07/2026;06:00;;0;SOLEIL;;29.5;0
Romorantin-Lanthenay;47.35;1.74;29/07/2026;07:00;;0;SOLEIL;;30.6;0
Romorantin-Lanthenay;47.35;1.74;29/07/2026;08:00;18.4;0;SOLEIL;5;31.7;0
Romorantin-Lanthenay;47.35;1.74;29/07/2026;09:00;19.8;0;SOLEIL;5;33.5;0
Romorantin-Lanthenay;47.35;1.74;29/07/2026;10:00;21.2;0;SOLEIL;5;36.0;0
Romorantin-Lanthenay;47.35;1.74;29/07/2026;11:00;;0;SOLEIL;;38.5;0
Romorantin-Lanthenay;47.35;1.74;29/07/2026;12:00;;0;SOLEIL;;41.4;0
Romorantin-Lanthenay;47.35;1.74;29/07/2026;13:00;;0;SOLEIL;;43.6;0
Romorantin-Lanthenay;47.35;1.74;29/07/2026;14:00;26.7;0;SOLEIL;5;45.4;0
Romorantin-Lanthenay;47.35;1.74;29/07/2026;15:00;28.1;0;SOLEIL;5;46.4;0
Romorantin-Lanthenay;47.35;1.74;29/07/2026;16:00;26.7;0;SOLEIL;5;46.8;0
Romorantin-Lanthenay;47.35;1.74;29/07/2026;17:00;;0;SOLEIL;;47.2;0
Romorantin-Lanthenay;47.35;1.74;29/07/2026;18:00;;0;SOLEIL;;46.8;0
Romorantin-Lanthenay;47.35;1.74;29/07/2026;19:00;;0;SOLEIL;;46.4;0
Romorantin-Lanthenay;47.35;1.74;29/07/2026;20:00;21.2;0;SOLEIL;5;45.7;0
Romorantin-Lanthenay;47.35;1.74;29/07/2026;21:00;19.8;0;SOLEIL;5;44.6;0
Romorantin-Lanthenay;47.35;1.74;29/07/2026;22:00;18.4;0;SOLEIL;5;43.2;0
Romorantin-Lanthenay;47.35;1.74;29/07/2026;23:00;;0;SOLEIL;;41.0;0
Romorantin-Lanthenay;47.35;1.74;30/07/2026;00:00;;0;SOLEIL;;39.2;0
Romorantin-Lanthenay;47.35;1.74;30/07/2026;01:00;;0;SOLEIL;;36.7;0
Romorantin-Lanthenay;47.35;1.74;30/07/2026;02:00;15.6;0;SOLEIL;5;34.6;0
Romorantin-Lanthenay;47.35;1.74;30/07/2026;03:00;15.6;0;SOLEIL;5;32.0;0
Romorantin-Lanthenay;47.35;1.74;30/07/2026;04:00;15.6;0;SOLEIL;5;28.8;0
Romorantin-Lanthenay;47.35;1.74;30/07/2026;05:00;;0;SOLEIL;;25.2;0
Romorantin-Lanthenay;47.35;1.74;30/07/2026;06:00;;0;SOLEIL;;22.3;0
Romorantin-Lanthenay;47.35;1.74;30/07/2026;07:00;;0;SOLEIL;;19.8;0
Romorantin-Lanthenay;47.35;1.74;30/07/2026;08:00;18.4;0;SOLEIL;5;18.0;0
Romorantin-Lanthenay;47.35;1.74;30/07/2026;09:00;19.9;0;SOLEIL;5;17.3;0
Romorantin-Lanthenay;47.35;1.74;30/07/2026;10:00;21.3;0;SOLEIL;5;17.6;0
Romorantin-Lanthenay;47.35;1.74;30/07/2026;11:00;;0;SOLEIL;;18.4;0
Romorantin-Lanthenay;47.35;1.74;30/07/2026;12:00;;0;SOLEIL;;19.4;0
Romorantin-Lanthenay;47.35;1.74;30/07/2026;13:00;;0;SOLEIL;;20.5;0
Romorantin-Lanthenay;47.35;1.74;30/07/2026;14:00;27.0;0;SOLEIL;5;21.6;0
Romorantin-Lanthenay;47.35;1.74;30/07/2026;15:00;28.4;0;SOLEIL;5;22.7;0
Romorantin-Lanthenay;47.35;1.74;30/07/2026;16:00;27.0;0;SOLEIL;5;23.8;0
Romorantin-Lanthenay;47.35;1.74;30/07/2026;17:00;;0;SOLEIL;;24.8;0
Romorantin-Lanthenay;47.35;1.74;30/07/2026;18:00;;0;SOLEIL;;26.3;0
Romorantin-Lanthenay;47.35;1.74;30/07/2026;19:00;;0;SOLEIL;;27.0;0
Romorantin-Lanthenay;47.35;1.74;30/07/2026;20:00;21.3;0;SOLEIL;5;27.7;0
Romorantin-Lanthenay;47.35;1.74;30/07/2026;21:00;19.9;0;SOLEIL;5;28.1;0
Romorantin-Lanthenay;47.35;1.74;30/07/2026;22:00;18.4;0;SOLEIL;5;28.1;0
Romorantin-Lanthenay;47.35;1.74;30/07/2026;23:00;;0;SOLEIL;;28.1;0
Romorantin-Lanthenay;47.35;1.74;31/07/2026;00:00;;0;SOLEIL;;27.7;0
Romorantin-Lanthenay;47.35;1.74;31/07/2026;01:00;;0;SOLEIL;;27.4;0
Romorantin-Lanthenay;47.35;1.74;31/07/2026;02:00;15.1;0;SOLEIL;5;26.6;0
Romorantin-Lanthenay;47.35;1.74;31/07/2026;03:00;15.1;0;SOLEIL;5;25.6;0
Romorantin-Lanthenay;47.35;1.74;31/07/2026;04:00;15.1;0;SOLEIL;5;24.5;0
Romorantin-Lanthenay;47.35;1.74;31/07/2026;05:00;;0;SOLEIL;;22.7;0
Romorantin-Lanthenay;47.35;1.74;31/07/2026;06:00;;0;SOLEIL;;21.2;0
Romorantin-Lanthenay;47.35;1.74;31/07/2026;07:00;;0;SOLEIL;;20.2;0
Romorantin-Lanthenay;47.35;1.74;31/07/2026;08:00;18.3;0;SOLEIL;5;19.4;0
Romorantin-Lanthenay;47.35;1.74;31/07/2026;09:00;20.0;0;SOLEIL;5;19.1;0
Romorantin-Lanthenay;47.35;1.74;31/07/2026;10:00;21.6;0;SOLEIL;5;19.4;0
Romorantin-Lanthenay;47.35;1.74;31/07/2026;11:00;;0;SOLEIL;;19.8;0
Romorantin-Lanthenay;47.35;1.74;31/07/2026;12:00;;0;SOLEIL;;20.5;0
Romorantin-Lanthenay;47.35;1.74;31/07/2026;13:00;;0;SOLEIL;;20.9;0
Romorantin-Lanthenay;47.35;1.74;31/07/2026;14:00;28.1;0;SOLEIL;5;21.6;0
Romorantin-Lanthenay;47.35;1.74;31/07/2026;15:00;29.7;0;SOLEIL;5;22.3;0
Romorantin-Lanthenay;47.35;1.74;31/07/2026;16:00;28.1;0;SOLEIL;5;23.0;0
Romorantin-Lanthenay;47.35;1.74;31/07/2026;17:00;;0;SOLEIL;;24.1;0
Romorantin-Lanthenay;47.35;1.74;31/07/2026;18:00;;0;SOLEIL;;24.8;0
Romorantin-Lanthenay;47.35;1.74;31/07/2026;19:00;;0;SOLEIL;;25.6;0
Romorantin-Lanthenay;47.35;1.74;31/07/2026;20:00;21.6;0;SOLEIL;5;25.9;0
Romorantin-Lanthenay;47.35;1.74;31/07/2026;21:00;20.0;0;SOLEIL;5;25.6;0
Romorantin-Lanthenay;47.35;1.74;31/07/2026;22:00;18.3;0;SOLEIL;5;25.2;0
Romorantin-Lanthenay;47.35;1.74;31/07/2026;23:00;;0;SOLEIL;;24.5;0
Romorantin-Lanthenay;47.35;1.74;01/08/2026;00:00;;0;SOLEIL;;23.4;0
Romorantin-Lanthenay;47.35;1.74;01/08/2026;01:00;;0;SOLEIL;;22.7;0
Romorantin-Lanthenay;47.35;1.74;01/08/2026;02:00;15.7;0;SOLEIL;5;22.3;0
Romorantin-Lanthenay;47.35;1.74;01/08/2026;03:00;15.7;0;SOLEIL;5;22.3;0
Romorantin-Lanthenay;47.35;1.74;01/08/2026;04:00;15.7;0;SOLEIL;5;22.3;0
Romorantin-Lanthenay;47.35;1.74;01/08/2026;05:00;;0;SOLEIL;;22.3;0
Romorantin-Lanthenay;47.35;1.74;01/08/2026;06:00;;0;SOLEIL;;22.3;0
Romorantin-Lanthenay;47.35;1.74;01/08/2026;07:00;;0;SOLEIL;;22.3;0
Romorantin-Lanthenay;47.35;1.74;01/08/2026;08:00;18.3;0;SOLEIL;5;22.3;0
Romorantin-Lanthenay;47.35;1.74;01/08/2026;09:00;19.7;0;SOLEIL;5;22.0;0
Romorantin-Lanthenay;47.35;1.74;01/08/2026;10:00;21.0;0;SOLEIL;5;21.2;0
Romorantin-Lanthenay;47.35;1.74;01/08/2026;11:00;;0;SOLEIL;;20.2;0
Romorantin-Lanthenay;47.35;1.74;01/08/2026;12:00;;0;SOLEIL;;19.4;0
Romorantin-Lanthenay;47.35;1.74;01/08/2026;13:00;;0;SOLEIL;;19.1;0
Romorantin-Lanthenay;47.35;1.74;01/08/2026;14:00;26.3;0;SOLEIL;5;19.4;0
Romorantin-Lanthenay;47.35;1.74;01/08/2026;15:00;27.6;0;SOLEIL;5;20.5;0
Romorantin-Lanthenay;47.35;1.74;01/08/2026;16:00;26.3;0;SOLEIL;5;22.3;0
Romorantin-Lanthenay;47.35;1.74;01/08/2026;17:00;;0;SOLEIL;;24.1;0
Romorantin-Lanthenay;47.35;1.74;01/08/2026;18:00;;0;SOLEIL;;26.3;0
Romorantin-Lanthenay;47.35;1.74;01/08/2026;19:00;;0;SOLEIL;;28.1;0
Romorantin-Lanthenay;47.35;1.74;01/08/2026;20:00;21.0;0;SOLEIL;5;28.8;0
Romorantin-Lanthenay;47.35;1.74;01/08/2026;21:00;19.7;0;SOLEIL;5;28.8;0
Romorantin-Lanthenay;47.35;1.74;01/08/2026;22:00;18.3;0;SOLEIL;5;28.1;0
Romorantin-Lanthenay;47.35;1.74;01/08/2026;23:00;;0;SOLEIL;;27.0;0
Romorantin-Lanthenay;47.35;1.74;02/08/2026;00:00;;0;SOLEIL;;25.9;0
Romorantin-Lanthenay;47.35;1.74;02/08/2026;01:00;;0;SOLEIL;;24.5;0
Romorantin-Lanthenay;47.35;1.74;02/08/2026;02:00;15.9;0;SOLEIL;5;23.4;0
Romorantin-Lanthenay;47.35;1.74;02/08/2026;03:00;15.9;0;SOLEIL;5;22.3;0
Romorantin-Lanthenay;47.35;1.74;02/08/2026;04:00;15.9;0;SOLEIL;5;20.9;0
Romorantin-Lanthenay;47.35;1.74;02/08/2026;05:00;;0;SOLEIL;;19.1;0
Romorantin-Lanthenay;47.35;1.74;02/08/2026;06:00;;0;SOLEIL;;18.0;0
Romorantin-Lanthenay;47.35;1.74;02/08/2026;07:00;;0;SOLEIL;;16.6;0
Romorantin-Lanthenay;47.35;1.74;02/08/2026;08:00;18.6;0;SOLEIL;5;15.8;0
Romorantin-Lanthenay;47.35;1.74;02/08/2026;09:00;19.9;0;SOLEIL;5;15.5;0
Romorantin-Lanthenay;47.35;1.74;02/08/2026;10:00;21.3;0;SOLEIL;5;15.5;0
Romorantin-Lanthenay;47.35;1.74;02/08/2026;11:00;;0;SOLEIL;;15.5;0
Romorantin-Lanthenay;47.35;1.74;02/08/2026;12:00;;0;SOLEIL;;15.8;0
Romorantin-Lanthenay;47.35;1.74;02/08/2026;13:00;;0;SOLEIL;;16.2;0
Romorantin-Lanthenay;47.35;1.74;02/08/2026;14:00;26.7;0;SOLEIL;5;16.6;0
Romorantin-Lanthenay;47.35;1.74;02/08/2026;15:00;28.0;0;SOLEIL;5;16.9;0
Romorantin-Lanthenay;47.35;1.74;02/08/2026;16:00;26.7;0;SOLEIL;5;17.3;0
Romorantin-Lanthenay;47.35;1.74;02/08/2026;17:00;;0;SOLEIL;;17.6;0
Romorantin-Lanthenay;47.35;1.74;02/08/2026;18:00;;0;SOLEIL;;18.0;0
Romorantin-Lanthenay;47.35;1.74;02/08/2026;19:00;;0;SOLEIL;;18.4;0
Romorantin-Lanthenay;47.35;1.74;02/08/2026;20:00;21.3;0;SOLEIL;5;19.1;0
Romorantin-Lanthenay;47.35;1.74;02/08/2026;21:00;19.9;0;SOLEIL;5;19.8;0
Romorantin-Lanthenay;47.35;1.74;02/08/2026;22:00;18.6;0;SOLEIL;5;20.9;0
Romorantin-Lanthenay;47.35;1.74;02/08/2026;23:00;17.2;0;SOLEIL;5;21.6;0
Romorantin-Lanthenay;47.35;1.74;03/08/2026;00:00;12;0;SOLEIL;5;19.2;0
Romorantin-Lanthenay;47.35;1.74;03/08/2026;01:00;12;0;SOLEIL;5;17.5;0
Romorantin-Lanthenay;47.35;1.74;03/08/2026;02:00;12;0;SOLEIL;5;16.3;0
Romorantin-Lanthenay;47.35;1.74;03/08/2026;03:00;12;0;SOLEIL;5;15.5;0
Romorantin-Lanthenay;47.35;1.74;03/08/2026;04:00;12;0;SOLEIL;5;16.9;0
Romorantin-Lanthenay;47.35;1.74;03/08/2026;05:00;12;0;SOLEIL;5;16.9;0
Romorantin-Lanthenay;47.35;1.74;03/08/2026;06:00;12;0;SOLEIL;5;14.0;0
Romorantin-Lanthenay;47.35;1.74;03/08/2026;07:00;13.1;0;SOLEIL;5;9.7;0
Romorantin-Lanthenay;47.35;1.74;03/08/2026;08:00;14.2;0;SOLEIL;5;8.3;0
Romorantin-Lanthenay;47.35;1.74;03/08/2026;09:00;15.3;0;SOLEIL;5;12.6;0
Romorantin-Lanthenay;47.35;1.74;03/08/2026;10:00;16.4;0;SOLEIL;5;19.8;0
Romorantin-Lanthenay;47.35;1.74;03/08/2026;11:00;17.6;0;SOLEIL;5;26.3;0
Romorantin-Lanthenay;47.35;1.74;03/08/2026;12:00;18.7;0;SOLEIL;5;30.2;0
Romorantin-Lanthenay;47.35;1.74;03/08/2026;13:00;19.8;0;SOLEIL;5;33.5;0
Romorantin-Lanthenay;47.35;1.74;03/08/2026;14:00;20.9;0;SOLEIL;5;35.6;0
Romorantin-Lanthenay;47.35;1.74;03/08/2026;15:00;22.0;0;SOLEIL;5;37.1;0
Romorantin-Lanthenay;47.35;1.74;03/08/2026;16:00;20.9;0;SOLEIL;5;37.8;0
Romorantin-Lanthenay;47.35;1.74;03/08/2026;17:00;19.8;0;SOLEIL;5;37.4;0
Romorantin-Lanthenay;47.35;1.74;03/08/2026;18:00;18.7;0;SOLEIL;5;34.6;0
Romorantin-Lanthenay;47.35;1.74;03/08/2026;19:00;17.6;0;SOLEIL;5;31.0;0
Romorantin-Lanthenay;47.35;1.74;03/08/2026;20:00;16.4;0;SOLEIL;5;29.5;0
Romorantin-Lanthenay;47.35;1.74;03/08/2026;21:00;15.3;0;SOLEIL;5;33.5;0
Romorantin-Lanthenay;47.35;1.74;03/08/2026;22:00;14.2;0;SOLEIL;5;40.3;0
Romorantin-Lanthenay;47.35;1.74;03/08/2026;23:00;13.1;0;SOLEIL;5;44.3;0
Romorantin-Lanthenay;47.35;1.74;04/08/2026;00:00;12;0;SOLEIL;5;0.0;0
Romorantin-Lanthenay;47.35;1.74;04/08/2026;01:00;12;0;SOLEIL;5;0.0;0
Romorantin-Lanthenay;47.35;1.74;04/08/2026;02:00;12;0;SOLEIL;5;0.0;0
Romorantin-Lanthenay;47.35;1.74;04/08/2026;03:00;12;0;SOLEIL;5;0.0;0
Romorantin-Lanthenay;47.35;1.74;04/08/2026;04:00;12;0;SOLEIL;5;0.0;0
Romorantin-Lanthenay;47.35;1.74;04/08/2026;05:00;12;0;SOLEIL;5;0.0;0
Romorantin-Lanthenay;47.35;1.74;04/08/2026;06:00;12;0;SOLEIL;5;0.0;0
Romorantin-Lanthenay;47.35;1.74;04/08/2026;07:00;13.1;0;SOLEIL;5;0.0;0
Romorantin-Lanthenay;47.35;1.74;04/08/2026;08:00;14.2;0;SOLEIL;5;0.0;0
Romorantin-Lanthenay;47.35;1.74;04/08/2026;09:00;15.3;0;SOLEIL;5;0.0;0
Romorantin-Lanthenay;47.35;1.74;04/08/2026;10:00;16.4;0;SOLEIL;5;0.0;0
Romorantin-Lanthenay;47.35;1.74;04/08/2026;11:00;17.6;0;SOLEIL;5;0.0;0
Romorantin-Lanthenay;47.35;1.74;04/08/2026;12:00;18.7;0;SOLEIL;5;0.0;0
Romorantin-Lanthenay;47.35;1.74;04/08/2026;13:00;19.8;0;SOLEIL;5;0.0;0
Romorantin-Lanthenay;47.35;1.74;04/08/2026;14:00;20.9;0;SOLEIL;5;0.0;0
Romorantin-Lanthenay;47.35;1.74;04/08/2026;15:00;22.0;0;SOLEIL;5;0.0;0
Romorantin-Lanthenay;47.35;1.74;04/08/2026;16:00;20.9;0;SOLEIL;5;0.0;0
Romorantin-Lanthenay;47.35;1.74;04/08/2026;17:00;19.8;0;SOLEIL;5;0.0;0
Romorantin-Lanthenay;47.35;1.74;04/08/2026;18:00;18.7;0;SOLEIL;5;0.0;0
Romorantin-Lanthenay;47.35;1.74;04/08/2026;19:00;17.6;0;SOLEIL;5;0.0;0
Romorantin-Lanthenay;47.35;1.74;04/08/2026;20:00;16.4;0;SOLEIL;5;0.0;0
Romorantin-Lanthenay;47.35;1.74;04/08/2026;21:00;15.3;0;SOLEIL;5;0.0;0
Romorantin-Lanthenay;47.35;1.74;04/08/2026;22:00;14.2;0;SOLEIL;5;0.0;0
Romorantin-Lanthenay;47.35;1.74;04/08/2026;23:00;13.1;0;SOLEIL;5;0.0;0
Vendôme;47.79;1.06;20/07/2026;00:00;15.5;0;SOLEIL;4;20.9;0
Vendôme;47.79;1.06;20/07/2026;01:00;14.6;0;SOLEIL;4;18.7;0
Vendôme;47.79;1.06;20/07/2026;02:00;14.6;0;SOLEIL;4;14.4;0
Vendôme;47.79;1.06;20/07/2026;03:00;13.6;0;SOLEIL;4;18.7;0
Vendôme;47.79;1.06;20/07/2026;04:00;13.1;0;SOLEIL;4;21.2;0
Vendôme;47.79;1.06;20/07/2026;05:00;12.7;0;SOLEIL;4;22.3;0
Vendôme;47.79;1.06;20/07/2026;06:00;14.9;0;SOLEIL;5;22.7;0
Vendôme;47.79;1.06;20/07/2026;07:00;17.4;0;SOLEIL;5;23.8;0
Vendôme;47.79;1.06;20/07/2026;08:00;19.1;0;SOLEIL;5;29.9;0
Vendôme;47.79;1.06;20/07/2026;09:00;21.1;0;SOLEIL;5;32.4;0
Vendôme;47.79;1.06;20/07/2026;10:00;22.9;0;SOLEIL;5;33.5;0
Vendôme;47.79;1.06;20/07/2026;11:00;24;0;SOLEIL;5;35.3;0
Vendôme;47.79;1.06;20/07/2026;12:00;25.4;0;SOLEIL;5;37.8;0
Vendôme;47.79;1.06;20/07/2026;13:00;26.4;0;SOLEIL;5;37.8;0
Vendôme;47.79;1.06;20/07/2026;14:00;26.7;0;SOLEIL;5;35.3;0
Vendôme;47.79;1.06;20/07/2026;15:00;27.4;0;SOLEIL;5;33.5;0
Vendôme;47.79;1.06;20/07/2026;16:00;27.2;0;SOLEIL;5;33.5;0
Vendôme;47.79;1.06;20/07/2026;17:00;26.6;0;SOLEIL;5;36.0;0
Vendôme;47.79;1.06;20/07/2026;18:00;26;0;SOLEIL;5;40.3;0
Vendôme;47.79;1.06;20/07/2026;19:00;24.2;0;SOLEIL;4;42.8;0
Vendôme;47.79;1.06;20/07/2026;20:00;21.1;0;SOLEIL;4;36.7;0
Vendôme;47.79;1.06;20/07/2026;21:00;19;0;SOLEIL;4;32.8;0
Vendôme;47.79;1.06;20/07/2026;22:00;18;0;SOLEIL;4;23.8;0
Vendôme;47.79;1.06;20/07/2026;23:00;16.6;0;SOLEIL;4;19.1;0
Vendôme;47.79;1.06;21/07/2026;00:00;16.1;0;SOLEIL;4;19.8;0
Vendôme;47.79;1.06;21/07/2026;01:00;16.1;0;SOLEIL;4;16.9;0
Vendôme;47.79;1.06;21/07/2026;02:00;12.6;0;SOLEIL;4;17.6;0
Vendôme;47.79;1.06;21/07/2026;03:00;12.6;0;SOLEIL;4;19.8;0
Vendôme;47.79;1.06;21/07/2026;04:00;12.6;0;SOLEIL;4;21.2;0
Vendôme;47.79;1.06;21/07/2026;05:00;14.7;0;SOLEIL;4;20.9;0
Vendôme;47.79;1.06;21/07/2026;06:00;14.7;0;SOLEIL;4;18.7;0
Vendôme;47.79;1.06;21/07/2026;07:00;14.7;0;SOLEIL;4;17.6;0
Vendôme;47.79;1.06;21/07/2026;08:00;21.9;0;SOLEIL;5;22.0;0
Vendôme;47.79;1.06;21/07/2026;09:00;21.9;0;SOLEIL;5;26.3;0
Vendôme;47.79;1.06;21/07/2026;10:00;21.9;0;SOLEIL;5;28.4;0
Vendôme;47.79;1.06;21/07/2026;11:00;25.9;0;SOLEIL;5;32.0;0
Vendôme;47.79;1.06;21/07/2026;12:00;25.9;0;SOLEIL;5;35.8;0
Vendôme;47.79;1.06;21/07/2026;13:00;25.9;0;SOLEIL;5;37.4;0
Vendôme;47.79;1.06;21/07/2026;14:00;28.4;0;SOLEIL;5;37.5;0
Vendôme;47.79;1.06;21/07/2026;15:00;28.4;0;SOLEIL;5;36.7;0
Vendôme;47.79;1.06;21/07/2026;16:00;28.4;0;SOLEIL;5;37.1;0
Vendôme;47.79;1.06;21/07/2026;17:00;27.5;0;SOLEIL;5;36.4;0
Vendôme;47.79;1.06;21/07/2026;18:00;27.5;0;SOLEIL;5;35.3;0
Vendôme;47.79;1.06;21/07/2026;19:00;27.5;0;SOLEIL;5;34.6;0
Vendôme;47.79;1.06;21/07/2026;20:00;18.1;0;SOLEIL;4;33.1;0
Vendôme;47.79;1.06;21/07/2026;21:00;18.1;0;SOLEIL;4;28.8;0
Vendôme;47.79;1.06;21/07/2026;22:00;18.1;0;SOLEIL;4;18.7;0
Vendôme;47.79;1.06;21/07/2026;23:00;16.1;0;SOLEIL;4;17.3;0
Vendôme;47.79;1.06;22/07/2026;00:00;16.1;0;SOLEIL;4;19.4;0
Vendôme;47.79;1.06;22/07/2026;01:00;16.1;0;SOLEIL;4;19.4;0
Vendôme;47.79;1.06;22/07/2026;02:00;12.9;0;SOLEIL;4;16.6;0
Vendôme;47.79;1.06;22/07/2026;03:00;12.9;0;SOLEIL;4;16.2;0
Vendôme;47.79;1.06;22/07/2026;04:00;12.9;0;SOLEIL;4;15.8;0
Vendôme;47.79;1.06;22/07/2026;05:00;15;0;SOLEIL;3;15.5;0
Vendôme;47.79;1.06;22/07/2026;06:00;15;0;SOLEIL;3;14.0;0
Vendôme;47.79;1.06;22/07/2026;07:00;15;0;SOLEIL;3;13.7;0
Vendôme;47.79;1.06;22/07/2026;08:00;23.6;0;SOLEIL;3;16.6;0
Vendôme;47.79;1.06;22/07/2026;09:00;23.6;0;SOLEIL;3;21.6;0
Vendôme;47.79;1.06;22/07/2026;10:00;23.6;0;SOLEIL;3;23.4;0
Vendôme;47.79;1.06;22/07/2026;11:00;27.2;0;SOLEIL;3;27.0;0
Vendôme;47.79;1.06;22/07/2026;12:00;27.2;0;SOLEIL;3;27.7;0
Vendôme;47.79;1.06;22/07/2026;13:00;27.2;0;SOLEIL;3;27.7;0
Vendôme;47.79;1.06;22/07/2026;14:00;29.6;0;SOLEIL;3;28.1;0
Vendôme;47.79;1.06;22/07/2026;15:00;29.6;0;SOLEIL;3;28.1;0
Vendôme;47.79;1.06;22/07/2026;16:00;29.6;0;SOLEIL;3;28.1;0
Vendôme;47.79;1.06;22/07/2026;17:00;27.6;0;SOLEIL;4;28.1;0
Vendôme;47.79;1.06;22/07/2026;18:00;27.6;0;SOLEIL;4;28.4;0
Vendôme;47.79;1.06;22/07/2026;19:00;27.6;0;SOLEIL;4;29.2;0
Vendôme;47.79;1.06;22/07/2026;20:00;19.6;0;SOLEIL;5;28.1;0
Vendôme;47.79;1.06;22/07/2026;21:00;17.6;0;SOLEIL;5;23.8;0
Vendôme;47.79;1.06;22/07/2026;22:00;15.6;0;SOLEIL;5;18.0;0
Vendôme;47.79;1.06;22/07/2026;23:00;16.5;0;SOLEIL;4;13.7;0
Vendôme;47.79;1.06;23/07/2026;00:00;16.5;0;SOLEIL;4;11.9;0
Vendôme;47.79;1.06;23/07/2026;01:00;16.5;0;SOLEIL;4;11.5;0
Vendôme;47.79;1.06;23/07/2026;02:00;14.2;0;SOLEIL;5;11.2;0
Vendôme;47.79;1.06;23/07/2026;03:00;14.2;0;SOLEIL;5;10.8;0
Vendôme;47.79;1.06;23/07/2026;04:00;14.2;0;SOLEIL;5;10.8;0
Vendôme;47.79;1.06;23/07/2026;05:00;17.7;0;SOLEIL;3;11.5;0
Vendôme;47.79;1.06;23/07/2026;06:00;17.7;0;SOLEIL;3;12.6;0
Vendôme;47.79;1.06;23/07/2026;07:00;17.7;0;SOLEIL;3;14.0;0
Vendôme;47.79;1.06;23/07/2026;08:00;18.0;0;SOLEIL;5;16.6;0
Vendôme;47.79;1.06;23/07/2026;09:00;19.9;0;SOLEIL;5;20.9;0
Vendôme;47.79;1.06;23/07/2026;10:00;21.8;0;SOLEIL;5;26.3;0
Vendôme;47.79;1.06;23/07/2026;11:00;28.7;0;SOLEIL;4;30.2;0
Vendôme;47.79;1.06;23/07/2026;12:00;28.7;0;SOLEIL;4;31.3;0
Vendôme;47.79;1.06;23/07/2026;13:00;28.7;0;SOLEIL;4;31.3;0
Vendôme;47.79;1.06;23/07/2026;14:00;29.5;0;SOLEIL;5;31.3;0
Vendôme;47.79;1.06;23/07/2026;15:00;31.4;0;SOLEIL;5;32.0;0
Vendôme;47.79;1.06;23/07/2026;16:00;29.5;0;SOLEIL;5;33.1;0
Vendôme;47.79;1.06;23/07/2026;17:00;28.6;0;SOLEIL;4;33.5;0
Vendôme;47.79;1.06;23/07/2026;18:00;28.6;0;SOLEIL;4;33.1;0
Vendôme;47.79;1.06;23/07/2026;19:00;28.6;0;SOLEIL;4;32.0;0
Vendôme;47.79;1.06;23/07/2026;20:00;21.8;0;SOLEIL;5;29.5;0
Vendôme;47.79;1.06;23/07/2026;21:00;19.9;0;SOLEIL;5;23.8;0
Vendôme;47.79;1.06;23/07/2026;22:00;18.0;0;SOLEIL;5;16.2;0
Vendôme;47.79;1.06;23/07/2026;23:00;16.6;0;SOLEIL;4;11.2;0
Vendôme;47.79;1.06;24/07/2026;00:00;16.6;0;SOLEIL;4;10.1;0
Vendôme;47.79;1.06;24/07/2026;01:00;16.6;0;SOLEIL;4;11.5;0
Vendôme;47.79;1.06;24/07/2026;02:00;13.1;0;SOLEIL;5;12.6;0
Vendôme;47.79;1.06;24/07/2026;03:00;13.1;0;SOLEIL;5;12.6;0
Vendôme;47.79;1.06;24/07/2026;04:00;13.1;0;SOLEIL;5;12.2;0
Vendôme;47.79;1.06;24/07/2026;05:00;16.6;0;SOLEIL;3;12.2;0
Vendôme;47.79;1.06;24/07/2026;06:00;16.6;0;SOLEIL;3;13.3;0
Vendôme;47.79;1.06;24/07/2026;07:00;16.6;0;SOLEIL;3;14.9;0
Vendôme;47.79;1.06;24/07/2026;08:00;17.2;0;SOLEIL;5;16.4;0
Vendôme;47.79;1.06;24/07/2026;09:00;19.2;0;SOLEIL;5;15.8;0
Vendôme;47.79;1.06;24/07/2026;10:00;21.2;0;SOLEIL;5;19.1;0
Vendôme;47.79;1.06;24/07/2026;11:00;28.1;0;SOLEIL;3;21.2;0
Vendôme;47.79;1.06;24/07/2026;12:00;28.1;0;SOLEIL;3;22.0;0
Vendôme;47.79;1.06;24/07/2026;13:00;28.1;0;SOLEIL;3;22.0;0
Vendôme;47.79;1.06;24/07/2026;14:00;29.4;0;SOLEIL;5;21.6;0
Vendôme;47.79;1.06;24/07/2026;15:00;31.4;0;SOLEIL;5;21.6;0
Vendôme;47.79;1.06;24/07/2026;16:00;29.4;0;SOLEIL;5;21.2;0
Vendôme;47.79;1.06;24/07/2026;17:00;29.6;0;SOLEIL;3;20.9;0
Vendôme;47.79;1.06;24/07/2026;18:00;29.6;0;SOLEIL;3;20.2;0
Vendôme;47.79;1.06;24/07/2026;19:00;29.6;0;SOLEIL;3;18.7;0
Vendôme;47.79;1.06;24/07/2026;20:00;21.2;0;SOLEIL;5;16.9;0
Vendôme;47.79;1.06;24/07/2026;21:00;19.2;0;SOLEIL;5;13.7;0
Vendôme;47.79;1.06;24/07/2026;22:00;17.2;0;SOLEIL;5;9.4;0
Vendôme;47.79;1.06;24/07/2026;23:00;18.2;0;SOLEIL;3;6.5;0
Vendôme;47.79;1.06;25/07/2026;00:00;18.2;0;SOLEIL;3;5.8;0
Vendôme;47.79;1.06;25/07/2026;01:00;18.2;0;SOLEIL;3;6.5;0
Vendôme;47.79;1.06;25/07/2026;02:00;16.4;0;SOLEIL;5;6.8;0
Vendôme;47.79;1.06;25/07/2026;03:00;16.4;0;SOLEIL;5;6.8;0
Vendôme;47.79;1.06;25/07/2026;04:00;16.4;0;SOLEIL;5;6.8;0
Vendôme;47.79;1.06;25/07/2026;05:00;18.1;0;SOLEIL;2;6.5;0
Vendôme;47.79;1.06;25/07/2026;06:00;18.1;0;SOLEIL;2;5.8;0
Vendôme;47.79;1.06;25/07/2026;07:00;18.1;0;SOLEIL;2;4.7;0
Vendôme;47.79;1.06;25/07/2026;08:00;19.6;0;SOLEIL;5;5.0;0
Vendôme;47.79;1.06;25/07/2026;09:00;21.1;0;SOLEIL;5;7.2;0
Vendôme;47.79;1.06;25/07/2026;10:00;22.7;0;SOLEIL;5;10.4;0
Vendôme;47.79;1.06;25/07/2026;11:00;28.4;0;SOLEIL;3;14.0;0
Vendôme;47.79;1.06;25/07/2026;12:00;28.4;0;SOLEIL;3;18.4;0
Vendôme;47.79;1.06;25/07/2026;13:00;28.4;0;SOLEIL;3;23.4;0
Vendôme;47.79;1.06;25/07/2026;14:00;29.0;0;SOLEIL;5;27.0;0
Vendôme;47.79;1.06;25/07/2026;15:00;30.6;0;SOLEIL;5;29.2;0
Vendôme;47.79;1.06;25/07/2026;16:00;29.0;0;SOLEIL;5;30.2;0
Vendôme;47.79;1.06;25/07/2026;17:00;27.6;0;SOLEIL;4;30.6;0
Vendôme;47.79;1.06;25/07/2026;18:00;27.6;0;SOLEIL;4;30.2;0
Vendôme;47.79;1.06;25/07/2026;19:00;27.6;0;SOLEIL;4;29.5;0
Vendôme;47.79;1.06;25/07/2026;20:00;22.7;0;SOLEIL;5;27.0;0
Vendôme;47.79;1.06;25/07/2026;21:00;21.1;0;SOLEIL;5;21.6;0
Vendôme;47.79;1.06;25/07/2026;22:00;19.6;0;SOLEIL;5;14.8;0
Vendôme;47.79;1.06;25/07/2026;23:00;19;0;SOLEIL;4;10.4;0
Vendôme;47.79;1.06;26/07/2026;00:00;19;0;SOLEIL;4;10.8;0
Vendôme;47.79;1.06;26/07/2026;01:00;19;0;SOLEIL;4;14.0;0
Vendôme;47.79;1.06;26/07/2026;02:00;16.1;0;SOLEIL;5;15.1;0
Vendôme;47.79;1.06;26/07/2026;03:00;16.1;0;SOLEIL;5;12.6;0
Vendôme;47.79;1.06;26/07/2026;04:00;16.1;0;SOLEIL;5;8.3;0
Vendôme;47.79;1.06;26/07/2026;05:00;17.5;0;SOLEIL;4;5.0;0
Vendôme;47.79;1.06;26/07/2026;06:00;17.5;0;SOLEIL;4;4.3;0
Vendôme;47.79;1.06;26/07/2026;07:00;17.5;0;SOLEIL;4;4.3;0
Vendôme;47.79;1.06;26/07/2026;08:00;18.2;0;SOLEIL;5;5.0;0
Vendôme;47.79;1.06;26/07/2026;09:00;19.3;0;SOLEIL;5;5.4;0
Vendôme;47.79;1.06;26/07/2026;10:00;20.4;0;SOLEIL;5;6.5;0
Vendôme;47.79;1.06;26/07/2026;11:00;24;0;SOLEIL;5;8.6;0
Vendôme;47.79;1.06;26/07/2026;12:00;24;0;SOLEIL;5;17.6;0
Vendôme;47.79;1.06;26/07/2026;13:00;24;0;SOLEIL;5;26.3;0
Vendôme;47.79;1.06;26/07/2026;14:00;24.6;0;SOLEIL;5;32.6;0
Vendôme;47.79;1.06;26/07/2026;15:00;25.7;0;SOLEIL;5;37.4;0
Vendôme;47.79;1.06;26/07/2026;16:00;24.6;0;SOLEIL;5;39.2;0
Vendôme;47.79;1.06;26/07/2026;17:00;23.9;0;SOLEIL;4;41.0;0
Vendôme;47.79;1.06;26/07/2026;18:00;23.9;0;SOLEIL;4;42.5;0
Vendôme;47.79;1.06;26/07/2026;19:00;23.9;0;SOLEIL;4;43.2;0
Vendôme;47.79;1.06;26/07/2026;20:00;20.4;0;SOLEIL;5;43.6;0
Vendôme;47.79;1.06;26/07/2026;21:00;19.3;0;SOLEIL;5;42.8;0
Vendôme;47.79;1.06;26/07/2026;22:00;18.2;0;SOLEIL;5;41.8;0
Vendôme;47.79;1.06;26/07/2026;23:00;18.2;0;SOLEIL;4;39.6;0
Vendôme;47.79;1.06;27/07/2026;00:00;18.2;0;SOLEIL;4;37.8;0
Vendôme;47.79;1.06;27/07/2026;01:00;18.2;0;SOLEIL;4;36.0;0
Vendôme;47.79;1.06;27/07/2026;02:00;16;6;AVERSES;5;34.9;0
Vendôme;47.79;1.06;27/07/2026;03:00;16;6;AVERSES;5;34.6;0
Vendôme;47.79;1.06;27/07/2026;04:00;16;6;AVERSES;5;34.2;0
Vendôme;47.79;1.06;27/07/2026;05:00;17.1;0;SOLEIL;4;34.6;0
Vendôme;47.79;1.06;27/07/2026;06:00;17.1;0;SOLEIL;4;34.9;0
Vendôme;47.79;1.06;27/07/2026;07:00;17.1;0;SOLEIL;4;35.3;0
Vendôme;47.79;1.06;27/07/2026;08:00;18.0;6;AVERSES;5;35.6;0
Vendôme;47.79;1.06;27/07/2026;09:00;19.0;6;AVERSES;5;36.0;0
Vendôme;47.79;1.06;27/07/2026;10:00;20.0;6;AVERSES;5;36.7;0
Vendôme;47.79;1.06;27/07/2026;11:00;22.9;6;AVERSES;5;37.1;0
Vendôme;47.79;1.06;27/07/2026;12:00;22.9;6;AVERSES;5;37.8;0
Vendôme;47.79;1.06;27/07/2026;13:00;22.9;6;AVERSES;5;38.9;0
Vendôme;47.79;1.06;27/07/2026;14:00;24.0;6;AVERSES;5;39.6;0
Vendôme;47.79;1.06;27/07/2026;15:00;25.0;6;AVERSES;5;40.7;0
Vendôme;47.79;1.06;27/07/2026;16:00;24.0;6;AVERSES;5;42.5;0
Vendôme;47.79;1.06;27/07/2026;17:00;23;6;AVERSES;5;44.3;0
Vendôme;47.79;1.06;27/07/2026;18:00;23;6;AVERSES;5;45.7;0
Vendôme;47.79;1.06;27/07/2026;19:00;23;6;AVERSES;5;46.4;0
Vendôme;47.79;1.06;27/07/2026;20:00;20.0;6;AVERSES;5;46.1;0
Vendôme;47.79;1.06;27/07/2026;21:00;19.0;6;AVERSES;5;44.6;0
Vendôme;47.79;1.06;27/07/2026;22:00;18.0;6;AVERSES;5;41.8;0
Vendôme;47.79;1.06;27/07/2026;23:00;17;0;SOLEIL;4;38.5;0
Vendôme;47.79;1.06;28/07/2026;00:00;17;0;SOLEIL;4;34.9;0
Vendôme;47.79;1.06;28/07/2026;01:00;17;0;SOLEIL;4;31.7;0
Vendôme;47.79;1.06;28/07/2026;02:00;14.7;0;SOLEIL;5;29.2;0
Vendôme;47.79;1.06;28/07/2026;03:00;14.7;0;SOLEIL;5;27.0;0
Vendôme;47.79;1.06;28/07/2026;04:00;14.7;0;SOLEIL;5;24.8;0
Vendôme;47.79;1.06;28/07/2026;05:00;16.2;0;SOLEIL;3;23.0;0
Vendôme;47.79;1.06;28/07/2026;06:00;16.2;0;SOLEIL;3;21.6;0
Vendôme;47.79;1.06;28/07/2026;07:00;16.2;0;SOLEIL;3;20.9;0
Vendôme;47.79;1.06;28/07/2026;08:00;16.9;0;SOLEIL;5;21.2;0
Vendôme;47.79;1.06;28/07/2026;09:00;18.0;0;SOLEIL;5;22.7;0
Vendôme;47.79;1.06;28/07/2026;10:00;19.1;0;SOLEIL;5;25.6;0
Vendôme;47.79;1.06;28/07/2026;11:00;22.4;0;SOLEIL;4;29.2;0
Vendôme;47.79;1.06;28/07/2026;12:00;22.4;0;SOLEIL;4;32.8;0
Vendôme;47.79;1.06;28/07/2026;13:00;22.4;0;SOLEIL;4;36.0;0
Vendôme;47.79;1.06;28/07/2026;14:00;23.6;0;SOLEIL;5;38.2;0
Vendôme;47.79;1.06;28/07/2026;15:00;24.7;0;SOLEIL;5;39.6;0
Vendôme;47.79;1.06;28/07/2026;16:00;23.6;0;SOLEIL;5;41.0;0
Vendôme;47.79;1.06;28/07/2026;17:00;23;0;SOLEIL;4;42.1;0
Vendôme;47.79;1.06;28/07/2026;18:00;23;0;SOLEIL;4;42.5;0
Vendôme;47.79;1.06;28/07/2026;19:00;23;0;SOLEIL;4;42.5;0
Vendôme;47.79;1.06;28/07/2026;20:00;19.1;0;SOLEIL;5;41.8;0
Vendôme;47.79;1.06;28/07/2026;21:00;18.0;0;SOLEIL;5;40.0;0
Vendôme;47.79;1.06;28/07/2026;22:00;16.9;0;SOLEIL;5;37.1;0
Vendôme;47.79;1.06;28/07/2026;23:00;16.2;0;SOLEIL;3;33.5;0
Vendôme;47.79;1.06;29/07/2026;00:00;16.2;0;SOLEIL;3;30.2;0
Vendôme;47.79;1.06;29/07/2026;01:00;16.2;0;SOLEIL;3;27.4;0
Vendôme;47.79;1.06;29/07/2026;02:00;14;0;SOLEIL;5;25.6;0
Vendôme;47.79;1.06;29/07/2026;03:00;14;0;SOLEIL;5;25.2;0
Vendôme;47.79;1.06;29/07/2026;04:00;14;0;SOLEIL;5;25.6;0
Vendôme;47.79;1.06;29/07/2026;05:00;;0;SOLEIL;;26.6;0
Vendôme;47.79;1.06;29/07/2026;06:00;;0;SOLEIL;;27.7;0
Vendôme;47.79;1.06;29/07/2026;07:00;;0;SOLEIL;;29.5;0
Vendôme;47.79;1.06;29/07/2026;08:00;17.2;0;SOLEIL;5;31.0;0
Vendôme;47.79;1.06;29/07/2026;09:00;18.8;0;SOLEIL;5;32.8;0
Vendôme;47.79;1.06;29/07/2026;10:00;20.4;0;SOLEIL;5;34.9;0
Vendôme;47.79;1.06;29/07/2026;11:00;;0;SOLEIL;;37.1;0
Vendôme;47.79;1.06;29/07/2026;12:00;;0;SOLEIL;;39.2;0
Vendôme;47.79;1.06;29/07/2026;13:00;;0;SOLEIL;;41.4;0
Vendôme;47.79;1.06;29/07/2026;14:00;26.9;0;SOLEIL;5;42.8;0
Vendôme;47.79;1.06;29/07/2026;15:00;28.5;0;SOLEIL;5;43.9;0
Vendôme;47.79;1.06;29/07/2026;16:00;26.9;0;SOLEIL;5;45.0;0
Vendôme;47.79;1.06;29/07/2026;17:00;;0;SOLEIL;;45.7;0
Vendôme;47.79;1.06;29/07/2026;18:00;;0;SOLEIL;;45.7;0
Vendôme;47.79;1.06;29/07/2026;19:00;;0;SOLEIL;;45.4;0
Vendôme;47.79;1.06;29/07/2026;20:00;20.4;0;SOLEIL;5;44.3;0
Vendôme;47.79;1.06;29/07/2026;21:00;18.8;0;SOLEIL;5;42.1;0
Vendôme;47.79;1.06;29/07/2026;22:00;17.2;0;SOLEIL;5;38.9;0
Vendôme;47.79;1.06;29/07/2026;23:00;;0;SOLEIL;;34.9;0
Vendôme;47.79;1.06;30/07/2026;00:00;;0;SOLEIL;;30.6;0
Vendôme;47.79;1.06;30/07/2026;01:00;;0;SOLEIL;;27.0;0
Vendôme;47.79;1.06;30/07/2026;02:00;14.1;0;SOLEIL;5;24.1;0
Vendôme;47.79;1.06;30/07/2026;03:00;14.1;0;SOLEIL;5;22.0;0
Vendôme;47.79;1.06;30/07/2026;04:00;14.1;0;SOLEIL;5;19.8;0
Vendôme;47.79;1.06;30/07/2026;05:00;;0;SOLEIL;;18.4;0
Vendôme;47.79;1.06;30/07/2026;06:00;;0;SOLEIL;;17.3;0
Vendôme;47.79;1.06;30/07/2026;07:00;;0;SOLEIL;;16.2;0
Vendôme;47.79;1.06;30/07/2026;08:00;17.4;0;SOLEIL;5;15.8;0
Vendôme;47.79;1.06;30/07/2026;09:00;19.1;0;SOLEIL;5;16.2;0
Vendôme;47.79;1.06;30/07/2026;10:00;20.8;0;SOLEIL;5;16.9;0
Vendôme;47.79;1.06;30/07/2026;11:00;;0;SOLEIL;;18.0;0
Vendôme;47.79;1.06;30/07/2026;12:00;;0;SOLEIL;;19.4;0
Vendôme;47.79;1.06;30/07/2026;13:00;;0;SOLEIL;;20.5;0
Vendôme;47.79;1.06;30/07/2026;14:00;27.4;0;SOLEIL;5;21.6;0
Vendôme;47.79;1.06;30/07/2026;15:00;29.1;0;SOLEIL;5;22.3;0
Vendôme;47.79;1.06;30/07/2026;16:00;27.4;0;SOLEIL;5;22.7;0
Vendôme;47.79;1.06;30/07/2026;17:00;;0;SOLEIL;;23.0;0
Vendôme;47.79;1.06;30/07/2026;18:00;;0;SOLEIL;;23.4;0
Vendôme;47.79;1.06;30/07/2026;19:00;;0;SOLEIL;;23.8;0
Vendôme;47.79;1.06;30/07/2026;20:00;20.8;0;SOLEIL;5;24.1;0
Vendôme;47.79;1.06;30/07/2026;21:00;19.1;0;SOLEIL;5;24.8;0
Vendôme;47.79;1.06;30/07/2026;22:00;17.4;0;SOLEIL;5;25.9;0
Vendôme;47.79;1.06;30/07/2026;23:00;;0;SOLEIL;;26.6;0
Vendôme;47.79;1.06;31/07/2026;00:00;;0;SOLEIL;;27.7;0
Vendôme;47.79;1.06;31/07/2026;01:00;;0;SOLEIL;;28.4;0
Vendôme;47.79;1.06;31/07/2026;02:00;13.7;0;SOLEIL;5;28.4;0
Vendôme;47.79;1.06;31/07/2026;03:00;13.7;0;SOLEIL;5;28.1;0
Vendôme;47.79;1.06;31/07/2026;04:00;13.7;0;SOLEIL;5;27.0;0
Vendôme;47.79;1.06;31/07/2026;05:00;;0;SOLEIL;;25.9;0
Vendôme;47.79;1.06;31/07/2026;06:00;;0;SOLEIL;;24.5;0
Vendôme;47.79;1.06;31/07/2026;07:00;;0;SOLEIL;;23.4;0
Vendôme;47.79;1.06;31/07/2026;08:00;17.2;0;SOLEIL;5;22.7;0
Vendôme;47.79;1.06;31/07/2026;09:00;19.0;0;SOLEIL;5;22.7;0
Vendôme;47.79;1.06;31/07/2026;10:00;20.8;0;SOLEIL;5;22.7;0
Vendôme;47.79;1.06;31/07/2026;11:00;;0;SOLEIL;;23.0;0
Vendôme;47.79;1.06;31/07/2026;12:00;;0;SOLEIL;;23.4;0
Vendôme;47.79;1.06;31/07/2026;13:00;;0;SOLEIL;;23.8;0
Vendôme;47.79;1.06;31/07/2026;14:00;27.8;0;SOLEIL;5;24.1;0
Vendôme;47.79;1.06;31/07/2026;15:00;29.6;0;SOLEIL;5;24.5;0
Vendôme;47.79;1.06;31/07/2026;16:00;27.8;0;SOLEIL;5;24.8;0
Vendôme;47.79;1.06;31/07/2026;17:00;;0;SOLEIL;;25.6;0
Vendôme;47.79;1.06;31/07/2026;18:00;;0;SOLEIL;;25.9;0
Vendôme;47.79;1.06;31/07/2026;19:00;;0;SOLEIL;;25.9;0
Vendôme;47.79;1.06;31/07/2026;20:00;20.8;0;SOLEIL;5;25.6;0
Vendôme;47.79;1.06;31/07/2026;21:00;19.0;0;SOLEIL;5;24.8;0
Vendôme;47.79;1.06;31/07/2026;22:00;17.2;0;SOLEIL;5;23.4;0
Vendôme;47.79;1.06;31/07/2026;23:00;;0;SOLEIL;;22.0;0
Vendôme;47.79;1.06;01/08/2026;00:00;;0;SOLEIL;;20.2;0
Vendôme;47.79;1.06;01/08/2026;01:00;;0;SOLEIL;;18.7;0
Vendôme;47.79;1.06;01/08/2026;02:00;14.9;0;SOLEIL;5;17.3;0
Vendôme;47.79;1.06;01/08/2026;03:00;14.9;0;SOLEIL;5;16.2;0
Vendôme;47.79;1.06;01/08/2026;04:00;14.9;0;SOLEIL;5;15.1;0
Vendôme;47.79;1.06;01/08/2026;05:00;;0;SOLEIL;;14.4;0
Vendôme;47.79;1.06;01/08/2026;06:00;;0;SOLEIL;;13.7;0
Vendôme;47.79;1.06;01/08/2026;07:00;;0;SOLEIL;;13.3;0
Vendôme;47.79;1.06;01/08/2026;08:00;17.8;0;SOLEIL;5;13.0;0
Vendôme;47.79;1.06;01/08/2026;09:00;19.3;0;SOLEIL;5;13.0;0
Vendôme;47.79;1.06;01/08/2026;10:00;20.8;0;SOLEIL;5;13.0;0
Vendôme;47.79;1.06;01/08/2026;11:00;;0;SOLEIL;;13.3;0
Vendôme;47.79;1.06;01/08/2026;12:00;;0;SOLEIL;;14.0;0
Vendôme;47.79;1.06;01/08/2026;13:00;;0;SOLEIL;;15.1;0
Vendôme;47.79;1.06;01/08/2026;14:00;26.6;0;SOLEIL;5;16.2;0
Vendôme;47.79;1.06;01/08/2026;15:00;28.1;0;SOLEIL;5;18.0;0
Vendôme;47.79;1.06;01/08/2026;16:00;26.6;0;SOLEIL;5;20.5;0
Vendôme;47.79;1.06;01/08/2026;17:00;;0;SOLEIL;;23.4;0
Vendôme;47.79;1.06;01/08/2026;18:00;;0;SOLEIL;;26.3;0
Vendôme;47.79;1.06;01/08/2026;19:00;;0;SOLEIL;;28.4;0
Vendôme;47.79;1.06;01/08/2026;20:00;20.8;0;SOLEIL;5;29.9;0
Vendôme;47.79;1.06;01/08/2026;21:00;19.3;0;SOLEIL;5;30.2;0
Vendôme;47.79;1.06;01/08/2026;22:00;17.8;0;SOLEIL;5;30.2;0
Vendôme;47.79;1.06;01/08/2026;23:00;;0;SOLEIL;;29.5;0
Vendôme;47.79;1.06;02/08/2026;00:00;;0;SOLEIL;;28.4;0
Vendôme;47.79;1.06;02/08/2026;01:00;;0;SOLEIL;;27.0;0
Vendôme;47.79;1.06;02/08/2026;02:00;14.2;0;SOLEIL;5;25.6;0
Vendôme;47.79;1.06;02/08/2026;03:00;14.2;0;SOLEIL;5;23.8;0
Vendôme;47.79;1.06;02/08/2026;04:00;14.2;0;SOLEIL;5;21.2;0
Vendôme;47.79;1.06;02/08/2026;05:00;;0;SOLEIL;;18.7;0
Vendôme;47.79;1.06;02/08/2026;06:00;;0;SOLEIL;;16.2;0
Vendôme;47.79;1.06;02/08/2026;07:00;;0;SOLEIL;;14.0;0
Vendôme;47.79;1.06;02/08/2026;08:00;17.0;0;SOLEIL;5;13.0;0
Vendôme;47.79;1.06;02/08/2026;09:00;18.4;0;SOLEIL;5;12.6;0
Vendôme;47.79;1.06;02/08/2026;10:00;19.8;0;SOLEIL;5;13.3;0
Vendôme;47.79;1.06;02/08/2026;11:00;;0;SOLEIL;;14.0;0
Vendôme;47.79;1.06;02/08/2026;12:00;;0;SOLEIL;;15.5;0
Vendôme;47.79;1.06;02/08/2026;13:00;;0;SOLEIL;;16.6;0
Vendôme;47.79;1.06;02/08/2026;14:00;25.5;0;SOLEIL;5;17.3;0
Vendôme;47.79;1.06;02/08/2026;15:00;26.9;0;SOLEIL;5;18.0;0
Vendôme;47.79;1.06;02/08/2026;16:00;25.5;0;SOLEIL;5;18.4;0
Vendôme;47.79;1.06;02/08/2026;17:00;;0;SOLEIL;;19.1;0
Vendôme;47.79;1.06;02/08/2026;18:00;;0;SOLEIL;;19.4;0
Vendôme;47.79;1.06;02/08/2026;19:00;;0;SOLEIL;;19.8;0
Vendôme;47.79;1.06;02/08/2026;20:00;19.8;0;SOLEIL;5;20.2;0
Vendôme;47.79;1.06;02/08/2026;21:00;18.4;0;SOLEIL;5;20.5;0
Vendôme;47.79;1.06;02/08/2026;22:00;17.0;0;SOLEIL;5;20.9;0
Vendôme;47.79;1.06;02/08/2026;23:00;15.6;0;SOLEIL;5;21.2;0
Vendôme;47.79;1.06;03/08/2026;00:00;12;0;SOLEIL;5;19.7;0
Vendôme;47.79;1.06;03/08/2026;01:00;12;0;SOLEIL;5;20.7;0
Vendôme;47.79;1.06;03/08/2026;02:00;12;0;SOLEIL;5;22.4;0
Vendôme;47.79;1.06;03/08/2026;03:00;12;0;SOLEIL;5;22.3;0
Vendôme;47.79;1.06;03/08/2026;04:00;12;0;SOLEIL;5;19.8;0
Vendôme;47.79;1.06;03/08/2026;05:00;12;0;SOLEIL;5;18.0;0
Vendôme;47.79;1.06;03/08/2026;06:00;12;0;SOLEIL;5;16.9;0
Vendôme;47.79;1.06;03/08/2026;07:00;13.1;0;SOLEIL;5;15.8;0
Vendôme;47.79;1.06;03/08/2026;08:00;14.2;0;SOLEIL;5;16.9;0
Vendôme;47.79;1.06;03/08/2026;09:00;15.3;0;SOLEIL;5;20.9;0
Vendôme;47.79;1.06;03/08/2026;10:00;16.4;0;SOLEIL;5;26.6;0
Vendôme;47.79;1.06;03/08/2026;11:00;17.6;0;SOLEIL;5;31.3;0
Vendôme;47.79;1.06;03/08/2026;12:00;18.7;0;SOLEIL;5;33.1;0
Vendôme;47.79;1.06;03/08/2026;13:00;19.8;0;SOLEIL;5;34.2;0
Vendôme;47.79;1.06;03/08/2026;14:00;20.9;0;SOLEIL;5;35.3;0
Vendôme;47.79;1.06;03/08/2026;15:00;22.0;0;SOLEIL;5;38.2;0
Vendôme;47.79;1.06;03/08/2026;16:00;20.9;0;SOLEIL;5;41.4;0
Vendôme;47.79;1.06;03/08/2026;17:00;19.8;0;SOLEIL;5;42.5;0
Vendôme;47.79;1.06;03/08/2026;18:00;18.7;0;SOLEIL;5;39.2;0
Vendôme;47.79;1.06;03/08/2026;19:00;17.6;0;SOLEIL;5;34.2;0
Vendôme;47.79;1.06;03/08/2026;20:00;16.4;0;SOLEIL;5;30.6;0
Vendôme;47.79;1.06;03/08/2026;21:00;15.3;0;SOLEIL;5;31.0;0
Vendôme;47.79;1.06;03/08/2026;22:00;14.2;0;SOLEIL;5;32.8;0
Vendôme;47.79;1.06;03/08/2026;23:00;13.1;0;SOLEIL;5;33.5;0
Vendôme;47.79;1.06;04/08/2026;00:00;12;0;SOLEIL;5;0.0;0
Vendôme;47.79;1.06;04/08/2026;01:00;12;0;SOLEIL;5;0.0;0
Vendôme;47.79;1.06;04/08/2026;02:00;12;0;SOLEIL;5;0.0;0
Vendôme;47.79;1.06;04/08/2026;03:00;12;0;SOLEIL;5;0.0;0
Vendôme;47.79;1.06;04/08/2026;04:00;12;0;SOLEIL;5;0.0;0
Vendôme;47.79;1.06;04/08/2026;05:00;12;0;SOLEIL;5;0.0;0
Vendôme;47.79;1.06;04/08/2026;06:00;12;0;SOLEIL;5;0.0;0
Vendôme;47.79;1.06;04/08/2026;07:00;13.1;0;SOLEIL;5;0.0;0
Vendôme;47.79;1.06;04/08/2026;08:00;14.2;0;SOLEIL;5;0.0;0
Vendôme;47.79;1.06;04/08/2026;09:00;15.3;0;SOLEIL;5;0.0;0
Vendôme;47.79;1.06;04/08/2026;10:00;16.4;0;SOLEIL;5;0.0;0
Vendôme;47.79;1.06;04/08/2026;11:00;17.6;0;SOLEIL;5;0.0;0
Vendôme;47.79;1.06;04/08/2026;12:00;18.7;0;SOLEIL;5;0.0;0
Vendôme;47.79;1.06;04/08/2026;13:00;19.8;0;SOLEIL;5;0.0;0
Vendôme;47.79;1.06;04/08/2026;14:00;20.9;0;SOLEIL;5;0.0;0
Vendôme;47.79;1.06;04/08/2026;15:00;22.0;0;SOLEIL;5;0.0;0
Vendôme;47.79;1.06;04/08/2026;16:00;20.9;0;SOLEIL;5;0.0;0
Vendôme;47.79;1.06;04/08/2026;17:00;19.8;0;SOLEIL;5;0.0;0
Vendôme;47.79;1.06;04/08/2026;18:00;18.7;0;SOLEIL;5;0.0;0
Vendôme;47.79;1.06;04/08/2026;19:00;17.6;0;SOLEIL;5;0.0;0
Vendôme;47.79;1.06;04/08/2026;20:00;16.4;0;SOLEIL;5;0.0;0
Vendôme;47.79;1.06;04/08/2026;21:00;15.3;0;SOLEIL;5;0.0;0
Vendôme;47.79;1.06;04/08/2026;22:00;14.2;0;SOLEIL;5;0.0;0
Vendôme;47.79;1.06;04/08/2026;23:00;13.1;0;SOLEIL;5;0.0;0
Montargis;47.99;2.73;20/07/2026;00:00;16.7;0;SOLEIL;5;28.8;0
Montargis;47.99;2.73;20/07/2026;01:00;15.7;0;SOLEIL;5;27.4;0
Montargis;47.99;2.73;20/07/2026;02:00;14.6;0;SOLEIL;5;30.2;0
Montargis;47.99;2.73;20/07/2026;03:00;14;0;SOLEIL;5;29.5;0
Montargis;47.99;2.73;20/07/2026;04:00;13.6;0;SOLEIL;5;29.2;0
Montargis;47.99;2.73;20/07/2026;05:00;13.4;0;SOLEIL;5;29.5;0
Montargis;47.99;2.73;20/07/2026;06:00;14.6;0;SOLEIL;5;29.9;0
Montargis;47.99;2.73;20/07/2026;07:00;16.2;0;SOLEIL;5;29.9;0
Montargis;47.99;2.73;20/07/2026;08:00;18.4;0;SOLEIL;6;31.0;0
Montargis;47.99;2.73;20/07/2026;09:00;20.1;0;SOLEIL;6;33.8;0
Montargis;47.99;2.73;20/07/2026;10:00;21.5;0;SOLEIL;5;36.0;0
Montargis;47.99;2.73;20/07/2026;11:00;23.2;0;SOLEIL;5;38.5;0
Montargis;47.99;2.73;20/07/2026;12:00;24.5;0;SOLEIL;6;38.5;0
Montargis;47.99;2.73;20/07/2026;13:00;25.5;0;SOLEIL;6;38.2;0
Montargis;47.99;2.73;20/07/2026;14:00;26.1;0;SOLEIL;6;37.4;0
Montargis;47.99;2.73;20/07/2026;15:00;26.6;0;SOLEIL;6;37.8;0
Montargis;47.99;2.73;20/07/2026;16:00;26.2;0;SOLEIL;6;38.9;0
Montargis;47.99;2.73;20/07/2026;17:00;26.2;0;SOLEIL;6;40.3;0
Montargis;47.99;2.73;20/07/2026;18:00;24.9;0;SOLEIL;6;42.5;0
Montargis;47.99;2.73;20/07/2026;19:00;22.7;0;SOLEIL;5;40.3;0
Montargis;47.99;2.73;20/07/2026;20:00;20.6;0;SOLEIL;4;37.1;0
Montargis;47.99;2.73;20/07/2026;21:00;19.1;0;SOLEIL;3;37.8;0
Montargis;47.99;2.73;20/07/2026;22:00;18.5;0;SOLEIL;3;27.0;0
Montargis;47.99;2.73;20/07/2026;23:00;17.5;0;SOLEIL;4;16.2;0
Montargis;47.99;2.73;21/07/2026;00:00;16.6;0;SOLEIL;5;16.9;0
Montargis;47.99;2.73;21/07/2026;01:00;16.6;0;SOLEIL;5;21.2;0
Montargis;47.99;2.73;21/07/2026;02:00;14;0;SOLEIL;5;26.3;0
Montargis;47.99;2.73;21/07/2026;03:00;14;0;SOLEIL;5;27.0;0
Montargis;47.99;2.73;21/07/2026;04:00;14;0;SOLEIL;5;27.0;0
Montargis;47.99;2.73;21/07/2026;05:00;14.6;0;SOLEIL;5;25.9;0
Montargis;47.99;2.73;21/07/2026;06:00;14.6;0;SOLEIL;5;25.2;0
Montargis;47.99;2.73;21/07/2026;07:00;14.6;0;SOLEIL;5;24.8;0
Montargis;47.99;2.73;21/07/2026;08:00;21.6;0;SOLEIL;5;26.3;0
Montargis;47.99;2.73;21/07/2026;09:00;21.6;0;SOLEIL;5;28.8;0
Montargis;47.99;2.73;21/07/2026;10:00;21.6;0;SOLEIL;5;30.6;0
Montargis;47.99;2.73;21/07/2026;11:00;25.5;0;SOLEIL;5;32.0;0
Montargis;47.99;2.73;21/07/2026;12:00;25.5;0;SOLEIL;5;34.9;0
Montargis;47.99;2.73;21/07/2026;13:00;25.5;0;SOLEIL;5;37.4;0
Montargis;47.99;2.73;21/07/2026;14:00;28.1;0;SOLEIL;5;38.7;0
Montargis;47.99;2.73;21/07/2026;15:00;28.1;0;SOLEIL;5;40.0;0
Montargis;47.99;2.73;21/07/2026;16:00;28.1;0;SOLEIL;5;39.6;0
Montargis;47.99;2.73;21/07/2026;17:00;26.2;0;SOLEIL;5;39.6;0
Montargis;47.99;2.73;21/07/2026;18:00;26.2;0;SOLEIL;5;38.5;0
Montargis;47.99;2.73;21/07/2026;19:00;26.2;0;SOLEIL;5;36.7;0
Montargis;47.99;2.73;21/07/2026;20:00;21.5;0;SOLEIL;4;35.3;0
Montargis;47.99;2.73;21/07/2026;21:00;21.5;0;SOLEIL;4;32.8;0
Montargis;47.99;2.73;21/07/2026;22:00;21.5;0;SOLEIL;4;26.6;0
Montargis;47.99;2.73;21/07/2026;23:00;17.5;0;SOLEIL;4;20.5;0
Montargis;47.99;2.73;22/07/2026;00:00;17.5;0;SOLEIL;4;21.2;0
Montargis;47.99;2.73;22/07/2026;01:00;17.5;0;SOLEIL;4;22.3;0
Montargis;47.99;2.73;22/07/2026;02:00;14.7;0;SOLEIL;4;22.7;0
Montargis;47.99;2.73;22/07/2026;03:00;14.7;0;SOLEIL;4;23.8;0
Montargis;47.99;2.73;22/07/2026;04:00;14.7;0;SOLEIL;4;24.5;0
Montargis;47.99;2.73;22/07/2026;05:00;15.7;0;SOLEIL;4;23.4;0
Montargis;47.99;2.73;22/07/2026;06:00;15.7;0;SOLEIL;4;22.0;0
Montargis;47.99;2.73;22/07/2026;07:00;15.7;0;SOLEIL;4;20.9;0
Montargis;47.99;2.73;22/07/2026;08:00;22.7;0;SOLEIL;4;23.0;0
Montargis;47.99;2.73;22/07/2026;09:00;22.7;0;SOLEIL;4;29.2;0
Montargis;47.99;2.73;22/07/2026;10:00;22.7;0;SOLEIL;4;31.0;0
Montargis;47.99;2.73;22/07/2026;11:00;27.2;0;SOLEIL;4;31.3;0
Montargis;47.99;2.73;22/07/2026;12:00;27.2;0;SOLEIL;4;30.2;0
Montargis;47.99;2.73;22/07/2026;13:00;27.2;0;SOLEIL;4;28.8;0
Montargis;47.99;2.73;22/07/2026;14:00;28.9;0;SOLEIL;4;28.1;0
Montargis;47.99;2.73;22/07/2026;15:00;28.9;0;SOLEIL;4;29.5;0
Montargis;47.99;2.73;22/07/2026;16:00;28.9;0;SOLEIL;4;31.7;0
Montargis;47.99;2.73;22/07/2026;17:00;26.7;0;SOLEIL;4;33.1;0
Montargis;47.99;2.73;22/07/2026;18:00;26.7;0;SOLEIL;4;33.8;0
Montargis;47.99;2.73;22/07/2026;19:00;26.7;0;SOLEIL;4;33.8;0
Montargis;47.99;2.73;22/07/2026;20:00;20.7;0;SOLEIL;5;31.7;0
Montargis;47.99;2.73;22/07/2026;21:00;19.0;0;SOLEIL;5;24.1;0
Montargis;47.99;2.73;22/07/2026;22:00;17.3;0;SOLEIL;5;14.0;0
Montargis;47.99;2.73;22/07/2026;23:00;19.5;0;SOLEIL;4;8.6;0
Montargis;47.99;2.73;23/07/2026;00:00;19.5;0;SOLEIL;4;12.2;0
Montargis;47.99;2.73;23/07/2026;01:00;19.5;0;SOLEIL;4;20.2;0
Montargis;47.99;2.73;23/07/2026;02:00;15.6;0;SOLEIL;5;25.2;0
Montargis;47.99;2.73;23/07/2026;03:00;15.6;0;SOLEIL;5;23.0;0
Montargis;47.99;2.73;23/07/2026;04:00;15.6;0;SOLEIL;5;18.4;0
Montargis;47.99;2.73;23/07/2026;05:00;19.2;0;SOLEIL;3;15.5;0
Montargis;47.99;2.73;23/07/2026;06:00;19.2;0;SOLEIL;3;17.3;0
Montargis;47.99;2.73;23/07/2026;07:00;19.2;0;SOLEIL;3;21.2;0
Montargis;47.99;2.73;23/07/2026;08:00;19.2;0;SOLEIL;5;24.8;0
Montargis;47.99;2.73;23/07/2026;09:00;21.0;0;SOLEIL;5;27.7;0
Montargis;47.99;2.73;23/07/2026;10:00;22.8;0;SOLEIL;5;30.6;0
Montargis;47.99;2.73;23/07/2026;11:00;30.4;0;SOLEIL;4;32.4;0
Montargis;47.99;2.73;23/07/2026;12:00;30.4;0;SOLEIL;4;32.4;0
Montargis;47.99;2.73;23/07/2026;13:00;30.4;0;SOLEIL;4;31.7;0
Montargis;47.99;2.73;23/07/2026;14:00;30.1;0;SOLEIL;5;31.0;0
Montargis;47.99;2.73;23/07/2026;15:00;31.9;0;SOLEIL;5;31.7;0
Montargis;47.99;2.73;23/07/2026;16:00;30.1;0;SOLEIL;5;32.8;0
Montargis;47.99;2.73;23/07/2026;17:00;28.5;0;SOLEIL;4;33.1;0
Montargis;47.99;2.73;23/07/2026;18:00;28.5;0;SOLEIL;4;33.1;0
Montargis;47.99;2.73;23/07/2026;19:00;28.5;0;SOLEIL;4;32.4;0
Montargis;47.99;2.73;23/07/2026;20:00;22.8;0;SOLEIL;5;31.0;0
Montargis;47.99;2.73;23/07/2026;21:00;21.0;0;SOLEIL;5;27.7;0
Montargis;47.99;2.73;23/07/2026;22:00;19.2;0;SOLEIL;5;23.0;0
Montargis;47.99;2.73;23/07/2026;23:00;18.4;0;SOLEIL;4;19.8;0
Montargis;47.99;2.73;24/07/2026;00:00;18.4;0;SOLEIL;4;18.4;0
Montargis;47.99;2.73;24/07/2026;01:00;18.4;0;SOLEIL;4;17.6;0
Montargis;47.99;2.73;24/07/2026;02:00;14.7;0;SOLEIL;5;17.3;0
Montargis;47.99;2.73;24/07/2026;03:00;14.7;0;SOLEIL;5;16.6;0
Montargis;47.99;2.73;24/07/2026;04:00;14.7;0;SOLEIL;5;15.8;0
Montargis;47.99;2.73;24/07/2026;05:00;17.9;0;SOLEIL;3;15.5;0
Montargis;47.99;2.73;24/07/2026;06:00;17.9;0;SOLEIL;3;16.1;0
Montargis;47.99;2.73;24/07/2026;07:00;17.9;0;SOLEIL;3;16.9;0
Montargis;47.99;2.73;24/07/2026;08:00;18.3;0;SOLEIL;5;17.2;0
Montargis;47.99;2.73;24/07/2026;09:00;20.2;0;SOLEIL;5;16.2;0
Montargis;47.99;2.73;24/07/2026;10:00;22.0;0;SOLEIL;5;19.4;0
Montargis;47.99;2.73;24/07/2026;11:00;29.1;0;SOLEIL;3;21.6;0
Montargis;47.99;2.73;24/07/2026;12:00;29.1;0;SOLEIL;3;21.6;0
Montargis;47.99;2.73;24/07/2026;13:00;29.1;0;SOLEIL;3;20.5;0
Montargis;47.99;2.73;24/07/2026;14:00;29.3;0;SOLEIL;5;19.4;0
Montargis;47.99;2.73;24/07/2026;15:00;31.1;0;SOLEIL;5;19.1;0
Montargis;47.99;2.73;24/07/2026;16:00;29.3;0;SOLEIL;5;18.7;0
Montargis;47.99;2.73;24/07/2026;17:00;28.9;0;SOLEIL;3;18.4;0
Montargis;47.99;2.73;24/07/2026;18:00;28.9;0;SOLEIL;3;17.3;0
Montargis;47.99;2.73;24/07/2026;19:00;28.9;0;SOLEIL;3;16.2;0
Montargis;47.99;2.73;24/07/2026;20:00;22.0;0;SOLEIL;5;14.4;0
Montargis;47.99;2.73;24/07/2026;21:00;20.2;0;SOLEIL;5;11.9;0
Montargis;47.99;2.73;24/07/2026;22:00;18.3;0;SOLEIL;5;8.6;0
Montargis;47.99;2.73;24/07/2026;23:00;19.4;0;SOLEIL;3;6.8;0
Montargis;47.99;2.73;25/07/2026;00:00;19.4;0;SOLEIL;3;7.6;0
Montargis;47.99;2.73;25/07/2026;01:00;19.4;0;SOLEIL;3;9.0;0
Montargis;47.99;2.73;25/07/2026;02:00;17.4;0;SOLEIL;5;10.1;0
Montargis;47.99;2.73;25/07/2026;03:00;17.4;0;SOLEIL;5;9.0;0
Montargis;47.99;2.73;25/07/2026;04:00;17.4;0;SOLEIL;5;7.6;0
Montargis;47.99;2.73;25/07/2026;05:00;19.1;0;SOLEIL;3;6.1;0
Montargis;47.99;2.73;25/07/2026;06:00;19.1;0;SOLEIL;3;5.4;0
Montargis;47.99;2.73;25/07/2026;07:00;19.1;0;SOLEIL;3;5.4;0
Montargis;47.99;2.73;25/07/2026;08:00;20.4;0;SOLEIL;5;6.1;0
Montargis;47.99;2.73;25/07/2026;09:00;21.9;0;SOLEIL;5;8.6;0
Montargis;47.99;2.73;25/07/2026;10:00;23.4;0;SOLEIL;5;12.2;0
Montargis;47.99;2.73;25/07/2026;11:00;29.1;0;SOLEIL;3;15.5;0
Montargis;47.99;2.73;25/07/2026;12:00;29.1;0;SOLEIL;3;18.0;0
Montargis;47.99;2.73;25/07/2026;13:00;29.1;0;SOLEIL;3;20.5;0
Montargis;47.99;2.73;25/07/2026;14:00;29.4;0;SOLEIL;5;23.0;0
Montargis;47.99;2.73;25/07/2026;15:00;30.9;0;SOLEIL;5;26.3;0
Montargis;47.99;2.73;25/07/2026;16:00;29.4;0;SOLEIL;5;29.2;0
Montargis;47.99;2.73;25/07/2026;17:00;27.4;0;SOLEIL;4;31.3;0
Montargis;47.99;2.73;25/07/2026;18:00;27.4;0;SOLEIL;4;31.7;0
Montargis;47.99;2.73;25/07/2026;19:00;27.4;0;SOLEIL;4;31.0;0
Montargis;47.99;2.73;25/07/2026;20:00;23.4;0;SOLEIL;5;29.9;0
Montargis;47.99;2.73;25/07/2026;21:00;21.9;0;SOLEIL;5;29.2;0
Montargis;47.99;2.73;25/07/2026;22:00;20.4;0;SOLEIL;5;27.7;0
Montargis;47.99;2.73;25/07/2026;23:00;19.1;0;SOLEIL;4;25.2;0
Montargis;47.99;2.73;26/07/2026;00:00;19.1;0;SOLEIL;4;19.8;0
Montargis;47.99;2.73;26/07/2026;01:00;19.1;0;SOLEIL;4;13.3;0
Montargis;47.99;2.73;26/07/2026;02:00;16.4;0;SOLEIL;5;7.9;0
Montargis;47.99;2.73;26/07/2026;03:00;16.4;0;SOLEIL;5;5.0;0
Montargis;47.99;2.73;26/07/2026;04:00;16.4;0;SOLEIL;5;3.6;0
Montargis;47.99;2.73;26/07/2026;05:00;17.6;0;SOLEIL;4;2.9;0
Montargis;47.99;2.73;26/07/2026;06:00;17.6;0;SOLEIL;4;2.2;0
Montargis;47.99;2.73;26/07/2026;07:00;17.6;0;SOLEIL;4;2.2;0
Montargis;47.99;2.73;26/07/2026;08:00;18.5;0;SOLEIL;5;3.2;0
Montargis;47.99;2.73;26/07/2026;09:00;19.6;0;SOLEIL;5;6.1;0
Montargis;47.99;2.73;26/07/2026;10:00;20.7;0;SOLEIL;5;10.1;0
Montargis;47.99;2.73;26/07/2026;11:00;24.6;0;SOLEIL;5;13.7;0
Montargis;47.99;2.73;26/07/2026;12:00;24.6;0;SOLEIL;5;20.3;0
Montargis;47.99;2.73;26/07/2026;13:00;24.6;0;SOLEIL;5;27.2;0
Montargis;47.99;2.73;26/07/2026;14:00;24.9;0;SOLEIL;5;33.8;0
Montargis;47.99;2.73;26/07/2026;15:00;26.0;0;SOLEIL;5;40.3;0
Montargis;47.99;2.73;26/07/2026;16:00;24.9;0;SOLEIL;5;42.8;0
Montargis;47.99;2.73;26/07/2026;17:00;23.7;6;AVERSES;6;45.4;0
Montargis;47.99;2.73;26/07/2026;18:00;23.7;6;AVERSES;6;47.5;0
Montargis;47.99;2.73;26/07/2026;19:00;23.7;6;AVERSES;6;49.0;0
Montargis;47.99;2.73;26/07/2026;20:00;20.7;0;SOLEIL;5;50.0;0
Montargis;47.99;2.73;26/07/2026;21:00;19.6;0;SOLEIL;5;50.4;0
Montargis;47.99;2.73;26/07/2026;22:00;18.5;0;SOLEIL;5;50.0;0
Montargis;47.99;2.73;26/07/2026;23:00;18;0;SOLEIL;3;49.3;0
Montargis;47.99;2.73;27/07/2026;00:00;18;0;SOLEIL;3;47.9;0
Montargis;47.99;2.73;27/07/2026;01:00;18;0;SOLEIL;3;46.8;0
Montargis;47.99;2.73;27/07/2026;02:00;16;6;AVERSES;5;45.4;0
Montargis;47.99;2.73;27/07/2026;03:00;16;6;AVERSES;5;43.6;0
Montargis;47.99;2.73;27/07/2026;04:00;16;6;AVERSES;5;41.4;0
Montargis;47.99;2.73;27/07/2026;05:00;17.6;0;SOLEIL;4;39.2;0
Montargis;47.99;2.73;27/07/2026;06:00;17.6;0;SOLEIL;4;37.1;0
Montargis;47.99;2.73;27/07/2026;07:00;17.6;0;SOLEIL;4;35.6;0
Montargis;47.99;2.73;27/07/2026;08:00;18.0;6;AVERSES;5;34.9;0
Montargis;47.99;2.73;27/07/2026;09:00;19.0;6;AVERSES;5;35.3;0
Montargis;47.99;2.73;27/07/2026;10:00;20.0;6;AVERSES;5;36.7;0
Montargis;47.99;2.73;27/07/2026;11:00;24;6;AVERSES;5;38.9;0
Montargis;47.99;2.73;27/07/2026;12:00;24;6;AVERSES;5;41.0;0
Montargis;47.99;2.73;27/07/2026;13:00;24;6;AVERSES;5;43.2;0
Montargis;47.99;2.73;27/07/2026;14:00;24.1;6;AVERSES;5;44.6;0
Montargis;47.99;2.73;27/07/2026;15:00;25.1;6;AVERSES;5;45.7;0
Montargis;47.99;2.73;27/07/2026;16:00;24.1;6;AVERSES;5;46.8;0
Montargis;47.99;2.73;27/07/2026;17:00;22.4;6;AVERSES;4;47.9;0
Montargis;47.99;2.73;27/07/2026;18:00;22.4;6;AVERSES;4;48.6;0
Montargis;47.99;2.73;27/07/2026;19:00;22.4;6;AVERSES;4;48.6;0
Montargis;47.99;2.73;27/07/2026;20:00;20.0;6;AVERSES;5;48.6;0
Montargis;47.99;2.73;27/07/2026;21:00;19.0;6;AVERSES;5;47.9;0
Montargis;47.99;2.73;27/07/2026;22:00;18.0;6;AVERSES;5;46.8;0
Montargis;47.99;2.73;27/07/2026;23:00;17.1;0;SOLEIL;3;45.4;0
Montargis;47.99;2.73;28/07/2026;00:00;17.1;0;SOLEIL;3;43.6;0
Montargis;47.99;2.73;28/07/2026;01:00;17.1;0;SOLEIL;3;41.8;0
Montargis;47.99;2.73;28/07/2026;02:00;15;0;SOLEIL;5;40.0;0
Montargis;47.99;2.73;28/07/2026;03:00;15;0;SOLEIL;5;37.4;0
Montargis;47.99;2.73;28/07/2026;04:00;15;0;SOLEIL;5;34.6;0
Montargis;47.99;2.73;28/07/2026;05:00;16.5;0;SOLEIL;3;31.3;0
Montargis;47.99;2.73;28/07/2026;06:00;16.5;0;SOLEIL;3;28.4;0
Montargis;47.99;2.73;28/07/2026;07:00;16.5;0;SOLEIL;3;26.3;0
Montargis;47.99;2.73;28/07/2026;08:00;17.2;0;SOLEIL;5;25.6;0
Montargis;47.99;2.73;28/07/2026;09:00;18.4;0;SOLEIL;5;26.6;0
Montargis;47.99;2.73;28/07/2026;10:00;19.5;0;SOLEIL;5;28.8;0
Montargis;47.99;2.73;28/07/2026;11:00;23.7;0;SOLEIL;4;32.0;0
Montargis;47.99;2.73;28/07/2026;12:00;23.7;0;SOLEIL;4;35.3;0
Montargis;47.99;2.73;28/07/2026;13:00;23.7;0;SOLEIL;4;38.5;0
Montargis;47.99;2.73;28/07/2026;14:00;24.0;0;SOLEIL;5;40.3;0
Montargis;47.99;2.73;28/07/2026;15:00;25.1;0;SOLEIL;5;41.4;0
Montargis;47.99;2.73;28/07/2026;16:00;24.0;0;SOLEIL;5;41.8;0
Montargis;47.99;2.73;28/07/2026;17:00;22.6;0;SOLEIL;4;42.1;0
Montargis;47.99;2.73;28/07/2026;18:00;22.6;0;SOLEIL;4;41.8;0
Montargis;47.99;2.73;28/07/2026;19:00;22.6;0;SOLEIL;4;41.4;0
Montargis;47.99;2.73;28/07/2026;20:00;19.5;0;SOLEIL;5;40.7;0
Montargis;47.99;2.73;28/07/2026;21:00;18.4;0;SOLEIL;5;39.6;0
Montargis;47.99;2.73;28/07/2026;22:00;17.2;0;SOLEIL;5;37.4;0
Montargis;47.99;2.73;28/07/2026;23:00;16.6;0;SOLEIL;4;35.3;0
Montargis;47.99;2.73;29/07/2026;00:00;16.6;0;SOLEIL;4;33.5;0
Montargis;47.99;2.73;29/07/2026;01:00;16.6;0;SOLEIL;4;31.7;0
Montargis;47.99;2.73;29/07/2026;02:00;14.7;0;SOLEIL;5;30.6;0
Montargis;47.99;2.73;29/07/2026;03:00;14.7;0;SOLEIL;5;30.2;0
Montargis;47.99;2.73;29/07/2026;04:00;14.7;0;SOLEIL;5;30.6;0
Montargis;47.99;2.73;29/07/2026;05:00;;0;SOLEIL;;31.0;0
Montargis;47.99;2.73;29/07/2026;06:00;;0;SOLEIL;;32.0;0
Montargis;47.99;2.73;29/07/2026;07:00;;0;SOLEIL;;33.1;0
Montargis;47.99;2.73;29/07/2026;08:00;17.6;0;SOLEIL;5;34.2;0
Montargis;47.99;2.73;29/07/2026;09:00;19.1;0;SOLEIL;5;35.6;0
Montargis;47.99;2.73;29/07/2026;10:00;20.6;0;SOLEIL;5;37.8;0
Montargis;47.99;2.73;29/07/2026;11:00;;0;SOLEIL;;40.3;0
Montargis;47.99;2.73;29/07/2026;12:00;;0;SOLEIL;;42.5;0
Montargis;47.99;2.73;29/07/2026;13:00;;0;SOLEIL;;44.3;0
Montargis;47.99;2.73;29/07/2026;14:00;26.4;0;SOLEIL;5;45.7;0
Montargis;47.99;2.73;29/07/2026;15:00;27.9;0;SOLEIL;5;46.4;0
Montargis;47.99;2.73;29/07/2026;16:00;26.4;0;SOLEIL;5;47.2;0
Montargis;47.99;2.73;29/07/2026;17:00;;0;SOLEIL;;47.5;0
Montargis;47.99;2.73;29/07/2026;18:00;;0;SOLEIL;;47.2;0
Montargis;47.99;2.73;29/07/2026;19:00;;0;SOLEIL;;46.8;0
Montargis;47.99;2.73;29/07/2026;20:00;20.6;0;SOLEIL;5;46.1;0
Montargis;47.99;2.73;29/07/2026;21:00;19.1;0;SOLEIL;5;45.0;0
Montargis;47.99;2.73;29/07/2026;22:00;17.6;0;SOLEIL;5;43.2;0
Montargis;47.99;2.73;29/07/2026;23:00;;0;SOLEIL;;41.4;0
Montargis;47.99;2.73;30/07/2026;00:00;;0;SOLEIL;;39.2;0
Montargis;47.99;2.73;30/07/2026;01:00;;0;SOLEIL;;37.1;0
Montargis;47.99;2.73;30/07/2026;02:00;14.6;0;SOLEIL;5;34.6;0
Montargis;47.99;2.73;30/07/2026;03:00;14.6;0;SOLEIL;5;31.7;0
Montargis;47.99;2.73;30/07/2026;04:00;14.6;0;SOLEIL;5;28.1;0
Montargis;47.99;2.73;30/07/2026;05:00;;0;SOLEIL;;24.5;0
Montargis;47.99;2.73;30/07/2026;06:00;;0;SOLEIL;;20.9;0
Montargis;47.99;2.73;30/07/2026;07:00;;0;SOLEIL;;18.0;0
Montargis;47.99;2.73;30/07/2026;08:00;17.8;0;SOLEIL;5;16.2;0
Montargis;47.99;2.73;30/07/2026;09:00;19.4;0;SOLEIL;5;15.8;0
Montargis;47.99;2.73;30/07/2026;10:00;21.0;0;SOLEIL;5;16.2;0
Montargis;47.99;2.73;30/07/2026;11:00;;0;SOLEIL;;17.6;0
Montargis;47.99;2.73;30/07/2026;12:00;;0;SOLEIL;;19.1;0
Montargis;47.99;2.73;30/07/2026;13:00;;0;SOLEIL;;20.9;0
Montargis;47.99;2.73;30/07/2026;14:00;27.3;0;SOLEIL;5;22.0;0
Montargis;47.99;2.73;30/07/2026;15:00;28.9;0;SOLEIL;5;23.0;0
Montargis;47.99;2.73;30/07/2026;16:00;27.3;0;SOLEIL;5;23.8;0
Montargis;47.99;2.73;30/07/2026;17:00;;0;SOLEIL;;24.8;0
Montargis;47.99;2.73;30/07/2026;18:00;;0;SOLEIL;;25.6;0
Montargis;47.99;2.73;30/07/2026;19:00;;0;SOLEIL;;26.3;0
Montargis;47.99;2.73;30/07/2026;20:00;21.0;0;SOLEIL;5;27.0;0
Montargis;47.99;2.73;30/07/2026;21:00;19.4;0;SOLEIL;5;27.4;0
Montargis;47.99;2.73;30/07/2026;22:00;17.8;0;SOLEIL;5;27.7;0
Montargis;47.99;2.73;30/07/2026;23:00;;0;SOLEIL;;28.1;0
Montargis;47.99;2.73;31/07/2026;00:00;;0;SOLEIL;;28.1;0
Montargis;47.99;2.73;31/07/2026;01:00;;0;SOLEIL;;27.7;0
Montargis;47.99;2.73;31/07/2026;02:00;14.6;0;SOLEIL;5;27.0;0
Montargis;47.99;2.73;31/07/2026;03:00;14.6;0;SOLEIL;5;25.6;0
Montargis;47.99;2.73;31/07/2026;04:00;14.6;0;SOLEIL;5;23.4;0
Montargis;47.99;2.73;31/07/2026;05:00;;0;SOLEIL;;20.9;0
Montargis;47.99;2.73;31/07/2026;06:00;;0;SOLEIL;;18.4;0
Montargis;47.99;2.73;31/07/2026;07:00;;0;SOLEIL;;16.6;0
Montargis;47.99;2.73;31/07/2026;08:00;18.0;0;SOLEIL;5;15.5;0
Montargis;47.99;2.73;31/07/2026;09:00;19.7;0;SOLEIL;5;15.5;0
Montargis;47.99;2.73;31/07/2026;10:00;21.4;0;SOLEIL;5;16.2;0
Montargis;47.99;2.73;31/07/2026;11:00;;0;SOLEIL;;17.3;0
Montargis;47.99;2.73;31/07/2026;12:00;;0;SOLEIL;;18.7;0
Montargis;47.99;2.73;31/07/2026;13:00;;0;SOLEIL;;19.8;0
Montargis;47.99;2.73;31/07/2026;14:00;28.2;0;SOLEIL;5;20.5;0
Montargis;47.99;2.73;31/07/2026;15:00;29.9;0;SOLEIL;5;20.5;0
Montargis;47.99;2.73;31/07/2026;16:00;28.2;0;SOLEIL;5;20.5;0
Montargis;47.99;2.73;31/07/2026;17:00;;0;SOLEIL;;20.2;0
Montargis;47.99;2.73;31/07/2026;18:00;;0;SOLEIL;;19.8;0
Montargis;47.99;2.73;31/07/2026;19:00;;0;SOLEIL;;19.8;0
Montargis;47.99;2.73;31/07/2026;20:00;21.4;0;SOLEIL;5;19.8;0
Montargis;47.99;2.73;31/07/2026;21:00;19.7;0;SOLEIL;5;20.2;0
Montargis;47.99;2.73;31/07/2026;22:00;18.0;0;SOLEIL;5;21.2;0
Montargis;47.99;2.73;31/07/2026;23:00;;0;SOLEIL;;22.0;0
Montargis;47.99;2.73;01/08/2026;00:00;;0;SOLEIL;;23.0;0
Montargis;47.99;2.73;01/08/2026;01:00;;0;SOLEIL;;23.8;0
Montargis;47.99;2.73;01/08/2026;02:00;15.1;0;SOLEIL;5;24.1;0
Montargis;47.99;2.73;01/08/2026;03:00;15.1;0;SOLEIL;5;24.1;0
Montargis;47.99;2.73;01/08/2026;04:00;15.1;0;SOLEIL;5;24.1;0
Montargis;47.99;2.73;01/08/2026;05:00;;0;SOLEIL;;24.1;0
Montargis;47.99;2.73;01/08/2026;06:00;;0;SOLEIL;;23.8;0
Montargis;47.99;2.73;01/08/2026;07:00;;0;SOLEIL;;23.4;0
Montargis;47.99;2.73;01/08/2026;08:00;17.9;0;SOLEIL;5;23.0;0
Montargis;47.99;2.73;01/08/2026;09:00;19.3;0;SOLEIL;5;22.7;0
Montargis;47.99;2.73;01/08/2026;10:00;20.7;0;SOLEIL;5;22.3;0
Montargis;47.99;2.73;01/08/2026;11:00;;0;SOLEIL;;22.0;0
Montargis;47.99;2.73;01/08/2026;12:00;;0;SOLEIL;;22.0;0
Montargis;47.99;2.73;01/08/2026;13:00;;0;SOLEIL;;21.6;0
Montargis;47.99;2.73;01/08/2026;14:00;26.2;0;SOLEIL;5;21.6;0
Montargis;47.99;2.73;01/08/2026;15:00;27.6;0;SOLEIL;5;22.0;0
Montargis;47.99;2.73;01/08/2026;16:00;26.2;0;SOLEIL;5;22.3;0
Montargis;47.99;2.73;01/08/2026;17:00;;0;SOLEIL;;22.7;0
Montargis;47.99;2.73;01/08/2026;18:00;;0;SOLEIL;;23.0;0
Montargis;47.99;2.73;01/08/2026;19:00;;0;SOLEIL;;23.8;0
Montargis;47.99;2.73;01/08/2026;20:00;20.7;0;SOLEIL;5;23.8;0
Montargis;47.99;2.73;01/08/2026;21:00;19.3;0;SOLEIL;5;23.8;0
Montargis;47.99;2.73;01/08/2026;22:00;17.9;0;SOLEIL;5;23.4;0
Montargis;47.99;2.73;01/08/2026;23:00;;0;SOLEIL;;23.4;0
Montargis;47.99;2.73;02/08/2026;00:00;;0;SOLEIL;;23.0;0
Montargis;47.99;2.73;02/08/2026;01:00;;0;SOLEIL;;22.3;0
Montargis;47.99;2.73;02/08/2026;02:00;15.1;0;SOLEIL;5;22.0;0
Montargis;47.99;2.73;02/08/2026;03:00;15.1;0;SOLEIL;5;21.2;0
Montargis;47.99;2.73;02/08/2026;04:00;15.1;0;SOLEIL;5;20.5;0
Montargis;47.99;2.73;02/08/2026;05:00;;0;SOLEIL;;19.8;0
Montargis;47.99;2.73;02/08/2026;06:00;;0;SOLEIL;;19.1;0
Montargis;47.99;2.73;02/08/2026;07:00;;0;SOLEIL;;18.4;0
Montargis;47.99;2.73;02/08/2026;08:00;17.9;0;SOLEIL;5;17.6;0
Montargis;47.99;2.73;02/08/2026;09:00;19.2;0;SOLEIL;5;17.3;0
Montargis;47.99;2.73;02/08/2026;10:00;20.6;0;SOLEIL;5;17.3;0
Montargis;47.99;2.73;02/08/2026;11:00;;0;SOLEIL;;17.3;0
Montargis;47.99;2.73;02/08/2026;12:00;;0;SOLEIL;;16.9;0
Montargis;47.99;2.73;02/08/2026;13:00;;0;SOLEIL;;16.9;0
Montargis;47.99;2.73;02/08/2026;14:00;26.1;0;SOLEIL;5;16.9;0
Montargis;47.99;2.73;02/08/2026;15:00;27.5;0;SOLEIL;5;16.6;0
Montargis;47.99;2.73;02/08/2026;16:00;26.1;0;SOLEIL;5;16.6;0
Montargis;47.99;2.73;02/08/2026;17:00;;0;SOLEIL;;16.2;0
Montargis;47.99;2.73;02/08/2026;18:00;;0;SOLEIL;;15.8;0
Montargis;47.99;2.73;02/08/2026;19:00;;0;SOLEIL;;15.5;0
Montargis;47.99;2.73;02/08/2026;20:00;20.6;0;SOLEIL;5;15.5;0
Montargis;47.99;2.73;02/08/2026;21:00;19.2;0;SOLEIL;5;15.5;0
Montargis;47.99;2.73;02/08/2026;22:00;17.9;0;SOLEIL;5;15.8;0
Montargis;47.99;2.73;02/08/2026;23:00;16.5;0;SOLEIL;5;16.2;0
Montargis;47.99;2.73;03/08/2026;00:00;12;0;SOLEIL;5;16.6;0
Montargis;47.99;2.73;03/08/2026;01:00;12;0;SOLEIL;5;24.1;0
Montargis;47.99;2.73;03/08/2026;02:00;12;0;SOLEIL;5;35.0;0
Montargis;47.99;2.73;03/08/2026;03:00;12;0;SOLEIL;5;39.2;0
Montargis;47.99;2.73;03/08/2026;04:00;12;0;SOLEIL;5;32.0;0
Montargis;47.99;2.73;03/08/2026;05:00;12;0;SOLEIL;5;24.8;0
Montargis;47.99;2.73;03/08/2026;06:00;12;0;SOLEIL;5;19.4;0
Montargis;47.99;2.73;03/08/2026;07:00;13.1;0;SOLEIL;5;14.8;0
Montargis;47.99;2.73;03/08/2026;08:00;14.2;0;SOLEIL;5;12.2;0
Montargis;47.99;2.73;03/08/2026;09:00;15.3;0;SOLEIL;5;13.7;0
Montargis;47.99;2.73;03/08/2026;10:00;16.4;0;SOLEIL;5;17.3;0
Montargis;47.99;2.73;03/08/2026;11:00;17.6;0;SOLEIL;5;21.2;0
Montargis;47.99;2.73;03/08/2026;12:00;18.7;0;SOLEIL;5;24.8;0
Montargis;47.99;2.73;03/08/2026;13:00;19.8;0;SOLEIL;5;28.8;0
Montargis;47.99;2.73;03/08/2026;14:00;20.9;0;SOLEIL;5;31.7;0
Montargis;47.99;2.73;03/08/2026;15:00;22.0;0;SOLEIL;5;33.8;0
Montargis;47.99;2.73;03/08/2026;16:00;20.9;0;SOLEIL;5;35.6;0
Montargis;47.99;2.73;03/08/2026;17:00;19.8;0;SOLEIL;5;35.6;0
Montargis;47.99;2.73;03/08/2026;18:00;18.7;0;SOLEIL;5;32.4;0
Montargis;47.99;2.73;03/08/2026;19:00;17.6;0;SOLEIL;5;27.7;0
Montargis;47.99;2.73;03/08/2026;20:00;16.4;0;SOLEIL;5;25.9;0
Montargis;47.99;2.73;03/08/2026;21:00;15.3;0;SOLEIL;5;30.6;0
Montargis;47.99;2.73;03/08/2026;22:00;14.2;0;SOLEIL;5;38.5;0
Montargis;47.99;2.73;03/08/2026;23:00;13.1;0;SOLEIL;5;43.6;0
Montargis;47.99;2.73;04/08/2026;00:00;12;0;SOLEIL;5;0.0;0
Montargis;47.99;2.73;04/08/2026;01:00;12;0;SOLEIL;5;0.0;0
Montargis;47.99;2.73;04/08/2026;02:00;12;0;SOLEIL;5;0.0;0
Montargis;47.99;2.73;04/08/2026;03:00;12;0;SOLEIL;5;0.0;0
Montargis;47.99;2.73;04/08/2026;04:00;12;0;SOLEIL;5;0.0;0
Montargis;47.99;2.73;04/08/2026;05:00;12;0;SOLEIL;5;0.0;0
Montargis;47.99;2.73;04/08/2026;06:00;12;0;SOLEIL;5;0.0;0
Montargis;47.99;2.73;04/08/2026;07:00;13.1;0;SOLEIL;5;0.0;0
Montargis;47.99;2.73;04/08/2026;08:00;14.2;0;SOLEIL;5;0.0;0
Montargis;47.99;2.73;04/08/2026;09:00;15.3;0;SOLEIL;5;0.0;0
Montargis;47.99;2.73;04/08/2026;10:00;16.4;0;SOLEIL;5;0.0;0
Montargis;47.99;2.73;04/08/2026;11:00;17.6;0;SOLEIL;5;0.0;0
Montargis;47.99;2.73;04/08/2026;12:00;18.7;0;SOLEIL;5;0.0;0
Montargis;47.99;2.73;04/08/2026;13:00;19.8;0;SOLEIL;5;0.0;0
Montargis;47.99;2.73;04/08/2026;14:00;20.9;0;SOLEIL;5;0.0;0
Montargis;47.99;2.73;04/08/2026;15:00;22.0;0;SOLEIL;5;0.0;0
Montargis;47.99;2.73;04/08/2026;16:00;20.9;0;SOLEIL;5;0.0;0
Montargis;47.99;2.73;04/08/2026;17:00;19.8;0;SOLEIL;5;0.0;0
Montargis;47.99;2.73;04/08/2026;18:00;18.7;0;SOLEIL;5;0.0;0
Montargis;47.99;2.73;04/08/2026;19:00;17.6;0;SOLEIL;5;0.0;0
Montargis;47.99;2.73;04/08/2026;20:00;16.4;0;SOLEIL;5;0.0;0
Montargis;47.99;2.73;04/08/2026;21:00;15.3;0;SOLEIL;5;0.0;0
Montargis;47.99;2.73;04/08/2026;22:00;14.2;0;SOLEIL;5;0.0;0
Montargis;47.99;2.73;04/08/2026;23:00;13.1;0;SOLEIL;5;0.0;0
Orléans;47.9;1.9;20/07/2026;00:00;15.9;0;SOLEIL;5;22.3;0
Orléans;47.9;1.9;20/07/2026;01:00;16;0;SOLEIL;4;28.4;0
Orléans;47.9;1.9;20/07/2026;02:00;14.5;0;SOLEIL;4;30.6;0
Orléans;47.9;1.9;20/07/2026;03:00;13.2;0;SOLEIL;4;29.5;0
Orléans;47.9;1.9;20/07/2026;04:00;12.4;0;SOLEIL;4;28.8;0
Orléans;47.9;1.9;20/07/2026;05:00;13.1;0;SOLEIL;4;26.3;0
Orléans;47.9;1.9;20/07/2026;06:00;14.9;0;SOLEIL;4;23.0;0
Orléans;47.9;1.9;20/07/2026;07:00;17.2;0;SOLEIL;4;22.3;0
Orléans;47.9;1.9;20/07/2026;08:00;18.9;0;SOLEIL;5;26.6;0
Orléans;47.9;1.9;20/07/2026;09:00;20.4;0;SOLEIL;4;29.9;0
Orléans;47.9;1.9;20/07/2026;10:00;21.9;0;SOLEIL;4;34.2;0
Orléans;47.9;1.9;20/07/2026;11:00;23.4;0;SOLEIL;4;36.4;0
Orléans;47.9;1.9;20/07/2026;12:00;24.5;0;SOLEIL;4;36.7;0
Orléans;47.9;1.9;20/07/2026;13:00;25.2;0;SOLEIL;5;35.6;0
Orléans;47.9;1.9;20/07/2026;14:00;26;0;SOLEIL;5;33.5;0
Orléans;47.9;1.9;20/07/2026;15:00;26.4;0;SOLEIL;5;34.9;0
Orléans;47.9;1.9;20/07/2026;16:00;26.6;0;SOLEIL;5;38.9;0
Orléans;47.9;1.9;20/07/2026;17:00;26.1;0;SOLEIL;5;41.4;0
Orléans;47.9;1.9;20/07/2026;18:00;24.6;0;SOLEIL;5;45.7;0
Orléans;47.9;1.9;20/07/2026;19:00;22.9;5;SOLEIL VOILÉ;5;39.6;0
Orléans;47.9;1.9;20/07/2026;20:00;20.5;0;SOLEIL;4;38.9;0
Orléans;47.9;1.9;20/07/2026;21:00;19.5;0;SOLEIL;4;37.8;0
Orléans;47.9;1.9;20/07/2026;22:00;18.9;0;SOLEIL;4;24.8;0
Orléans;47.9;1.9;20/07/2026;23:00;18.1;0;SOLEIL;4;22.0;0
Orléans;47.9;1.9;21/07/2026;00:00;16.5;0;SOLEIL;4;22.7;0
Orléans;47.9;1.9;21/07/2026;01:00;16.5;0;SOLEIL;4;22.3;0
Orléans;47.9;1.9;21/07/2026;02:00;13.5;0;SOLEIL;5;25.2;0
Orléans;47.9;1.9;21/07/2026;03:00;13.5;0;SOLEIL;5;26.3;0
Orléans;47.9;1.9;21/07/2026;04:00;13.5;0;SOLEIL;5;27.0;0
Orléans;47.9;1.9;21/07/2026;05:00;15.1;0;SOLEIL;4;26.6;0
Orléans;47.9;1.9;21/07/2026;06:00;15.1;0;SOLEIL;4;25.6;0
Orléans;47.9;1.9;21/07/2026;07:00;15.1;0;SOLEIL;4;25.2;0
Orléans;47.9;1.9;21/07/2026;08:00;21.1;0;SOLEIL;5;24.8;0
Orléans;47.9;1.9;21/07/2026;09:00;21.1;0;SOLEIL;5;27.0;0
Orléans;47.9;1.9;21/07/2026;10:00;21.1;0;SOLEIL;5;28.8;0
Orléans;47.9;1.9;21/07/2026;11:00;26.1;0;SOLEIL;5;31.7;0
Orléans;47.9;1.9;21/07/2026;12:00;26.1;0;SOLEIL;5;35.0;0
Orléans;47.9;1.9;21/07/2026;13:00;26.1;0;SOLEIL;5;34.9;0
Orléans;47.9;1.9;21/07/2026;14:00;28.1;0;SOLEIL;5;36.1;0
Orléans;47.9;1.9;21/07/2026;15:00;28.1;0;SOLEIL;5;34.9;0
Orléans;47.9;1.9;21/07/2026;16:00;28.1;0;SOLEIL;5;36.0;0
Orléans;47.9;1.9;21/07/2026;17:00;26.6;0;SOLEIL;5;36.0;0
Orléans;47.9;1.9;21/07/2026;18:00;26.6;0;SOLEIL;5;34.9;0
Orléans;47.9;1.9;21/07/2026;19:00;26.6;0;SOLEIL;5;34.2;0
Orléans;47.9;1.9;21/07/2026;20:00;22;0;SOLEIL;4;33.5;0
Orléans;47.9;1.9;21/07/2026;21:00;22;0;SOLEIL;4;31.7;0
Orléans;47.9;1.9;21/07/2026;22:00;22;0;SOLEIL;4;26.3;0
Orléans;47.9;1.9;21/07/2026;23:00;17.1;0;SOLEIL;4;16.2;0
Orléans;47.9;1.9;22/07/2026;00:00;17.1;0;SOLEIL;4;16.2;0
Orléans;47.9;1.9;22/07/2026;01:00;17.1;0;SOLEIL;4;15.5;0
Orléans;47.9;1.9;22/07/2026;02:00;14.1;0;SOLEIL;4;15.1;0
Orléans;47.9;1.9;22/07/2026;03:00;14.1;0;SOLEIL;4;14.0;0
Orléans;47.9;1.9;22/07/2026;04:00;14.1;0;SOLEIL;4;10.1;0
Orléans;47.9;1.9;22/07/2026;05:00;15.7;0;SOLEIL;3;9.4;0
Orléans;47.9;1.9;22/07/2026;06:00;15.7;0;SOLEIL;3;9.4;0
Orléans;47.9;1.9;22/07/2026;07:00;15.7;0;SOLEIL;3;9.4;0
Orléans;47.9;1.9;22/07/2026;08:00;23.4;0;SOLEIL;3;12.6;0
Orléans;47.9;1.9;22/07/2026;09:00;23.4;0;SOLEIL;3;22.3;0
Orléans;47.9;1.9;22/07/2026;10:00;23.4;0;SOLEIL;3;23.8;0
Orléans;47.9;1.9;22/07/2026;11:00;27.2;0;SOLEIL;3;24.1;0
Orléans;47.9;1.9;22/07/2026;12:00;27.2;0;SOLEIL;3;26.6;0
Orléans;47.9;1.9;22/07/2026;13:00;27.2;0;SOLEIL;3;26.6;0
Orléans;47.9;1.9;22/07/2026;14:00;29.2;0;SOLEIL;4;26.6;0
Orléans;47.9;1.9;22/07/2026;15:00;29.2;0;SOLEIL;4;28.8;0
Orléans;47.9;1.9;22/07/2026;16:00;29.2;0;SOLEIL;4;31.7;0
Orléans;47.9;1.9;22/07/2026;17:00;27.1;0;SOLEIL;4;33.5;0
Orléans;47.9;1.9;22/07/2026;18:00;27.1;0;SOLEIL;4;34.6;0
Orléans;47.9;1.9;22/07/2026;19:00;27.1;0;SOLEIL;4;34.6;0
Orléans;47.9;1.9;22/07/2026;20:00;20.2;0;SOLEIL;5;32.0;0
Orléans;47.9;1.9;22/07/2026;21:00;18.4;0;SOLEIL;5;25.2;0
Orléans;47.9;1.9;22/07/2026;22:00;16.6;0;SOLEIL;5;15.8;0
Orléans;47.9;1.9;22/07/2026;23:00;18;0;SOLEIL;3;9.4;0
Orléans;47.9;1.9;23/07/2026;00:00;18;0;SOLEIL;3;8.6;0
Orléans;47.9;1.9;23/07/2026;01:00;18;0;SOLEIL;3;10.4;0
Orléans;47.9;1.9;23/07/2026;02:00;16;0;SOLEIL;5;11.9;0
Orléans;47.9;1.9;23/07/2026;03:00;16;0;SOLEIL;5;10.8;0
Orléans;47.9;1.9;23/07/2026;04:00;16;0;SOLEIL;5;9.4;0
Orléans;47.9;1.9;23/07/2026;05:00;18.6;0;SOLEIL;2;9.0;0
Orléans;47.9;1.9;23/07/2026;06:00;18.6;0;SOLEIL;2;10.8;0
Orléans;47.9;1.9;23/07/2026;07:00;18.6;0;SOLEIL;2;14.0;0
Orléans;47.9;1.9;23/07/2026;08:00;19.1;0;SOLEIL;5;17.6;0
Orléans;47.9;1.9;23/07/2026;09:00;20.7;0;SOLEIL;5;22.0;0
Orléans;47.9;1.9;23/07/2026;10:00;22.3;0;SOLEIL;5;26.6;0
Orléans;47.9;1.9;23/07/2026;11:00;28.1;0;SOLEIL;4;30.2;0
Orléans;47.9;1.9;23/07/2026;12:00;28.1;0;SOLEIL;4;32.0;0
Orléans;47.9;1.9;23/07/2026;13:00;28.1;0;SOLEIL;4;33.1;0
Orléans;47.9;1.9;23/07/2026;14:00;28.5;0;SOLEIL;5;33.8;0
Orléans;47.9;1.9;23/07/2026;15:00;30.1;0;SOLEIL;5;34.6;0
Orléans;47.9;1.9;23/07/2026;16:00;28.5;0;SOLEIL;5;34.9;0
Orléans;47.9;1.9;23/07/2026;17:00;26.6;0;SOLEIL;4;34.9;0
Orléans;47.9;1.9;23/07/2026;18:00;26.6;0;SOLEIL;4;34.6;0
Orléans;47.9;1.9;23/07/2026;19:00;26.6;0;SOLEIL;4;33.5;0
Orléans;47.9;1.9;23/07/2026;20:00;22.3;0;SOLEIL;5;31.3;0
Orléans;47.9;1.9;23/07/2026;21:00;20.7;0;SOLEIL;5;26.6;0
Orléans;47.9;1.9;23/07/2026;22:00;19.1;0;SOLEIL;5;21.2;0
Orléans;47.9;1.9;23/07/2026;23:00;19.1;0;SOLEIL;3;16.9;0
Orléans;47.9;1.9;24/07/2026;00:00;19.1;0;SOLEIL;3;15.8;0
Orléans;47.9;1.9;24/07/2026;01:00;19.1;0;SOLEIL;3;16.6;0
Orléans;47.9;1.9;24/07/2026;02:00;14.1;0;SOLEIL;5;16.2;0
Orléans;47.9;1.9;24/07/2026;03:00;14.1;0;SOLEIL;5;13.7;0
Orléans;47.9;1.9;24/07/2026;04:00;14.1;0;SOLEIL;5;10.1;0
Orléans;47.9;1.9;24/07/2026;05:00;16.9;0;SOLEIL;2;8.3;0
Orléans;47.9;1.9;24/07/2026;06:00;16.9;0;SOLEIL;2;9.5;0
Orléans;47.9;1.9;24/07/2026;07:00;16.9;0;SOLEIL;2;12.1;0
Orléans;47.9;1.9;24/07/2026;08:00;17.9;0;SOLEIL;5;14.0;0
Orléans;47.9;1.9;24/07/2026;09:00;19.8;0;SOLEIL;5;11.2;0
Orléans;47.9;1.9;24/07/2026;10:00;21.7;0;SOLEIL;5;15.8;0
Orléans;47.9;1.9;24/07/2026;11:00;28.1;0;SOLEIL;3;19.4;0
Orléans;47.9;1.9;24/07/2026;12:00;28.1;0;SOLEIL;3;20.2;0
Orléans;47.9;1.9;24/07/2026;13:00;28.1;0;SOLEIL;3;19.4;0
Orléans;47.9;1.9;24/07/2026;14:00;29.2;0;SOLEIL;5;18.7;0
Orléans;47.9;1.9;24/07/2026;15:00;31.1;0;SOLEIL;5;19.1;0
Orléans;47.9;1.9;24/07/2026;16:00;29.2;0;SOLEIL;5;19.4;0
Orléans;47.9;1.9;24/07/2026;17:00;28.1;0;SOLEIL;3;19.8;0
Orléans;47.9;1.9;24/07/2026;18:00;28.1;0;SOLEIL;3;20.2;0
Orléans;47.9;1.9;24/07/2026;19:00;28.1;0;SOLEIL;3;20.2;0
Orléans;47.9;1.9;24/07/2026;20:00;21.7;0;SOLEIL;5;19.4;0
Orléans;47.9;1.9;24/07/2026;21:00;19.8;0;SOLEIL;5;16.6;0
Orléans;47.9;1.9;24/07/2026;22:00;17.9;0;SOLEIL;5;12.6;0
Orléans;47.9;1.9;24/07/2026;23:00;20.9;0;SOLEIL;3;9.4;0
Orléans;47.9;1.9;25/07/2026;00:00;20.9;0;SOLEIL;3;7.9;0
Orléans;47.9;1.9;25/07/2026;01:00;20.9;0;SOLEIL;3;7.2;0
Orléans;47.9;1.9;25/07/2026;02:00;18.4;0;SOLEIL;5;6.5;0
Orléans;47.9;1.9;25/07/2026;03:00;18.4;0;SOLEIL;5;5.4;0
Orléans;47.9;1.9;25/07/2026;04:00;18.4;0;SOLEIL;5;4.7;0
Orléans;47.9;1.9;25/07/2026;05:00;19.4;0;SOLEIL;2;4.0;0
Orléans;47.9;1.9;25/07/2026;06:00;19.4;0;SOLEIL;2;3.6;0
Orléans;47.9;1.9;25/07/2026;07:00;19.4;0;SOLEIL;2;3.6;0
Orléans;47.9;1.9;25/07/2026;08:00;21.1;0;SOLEIL;5;4.7;0
Orléans;47.9;1.9;25/07/2026;09:00;22.4;0;SOLEIL;5;7.6;0
Orléans;47.9;1.9;25/07/2026;10:00;23.7;0;SOLEIL;5;11.2;0
Orléans;47.9;1.9;25/07/2026;11:00;28.6;0;SOLEIL;3;15.1;0
Orléans;47.9;1.9;25/07/2026;12:00;28.6;0;SOLEIL;3;19.1;0
Orléans;47.9;1.9;25/07/2026;13:00;28.6;0;SOLEIL;3;23.0;0
Orléans;47.9;1.9;25/07/2026;14:00;29.1;0;SOLEIL;5;26.3;0
Orléans;47.9;1.9;25/07/2026;15:00;30.4;0;SOLEIL;5;28.1;0
Orléans;47.9;1.9;25/07/2026;16:00;29.1;0;SOLEIL;5;29.2;0
Orléans;47.9;1.9;25/07/2026;17:00;27.1;0;SOLEIL;4;29.5;0
Orléans;47.9;1.9;25/07/2026;18:00;27.1;0;SOLEIL;4;28.8;0
Orléans;47.9;1.9;25/07/2026;19:00;27.1;0;SOLEIL;4;27.7;0
Orléans;47.9;1.9;25/07/2026;20:00;23.7;0;SOLEIL;5;26.6;0
Orléans;47.9;1.9;25/07/2026;21:00;22.4;0;SOLEIL;5;26.6;0
Orléans;47.9;1.9;25/07/2026;22:00;21.1;0;SOLEIL;5;26.6;0
Orléans;47.9;1.9;25/07/2026;23:00;21.5;0;SOLEIL;3;25.2;0
Orléans;47.9;1.9;26/07/2026;00:00;21.5;0;SOLEIL;3;20.2;0
Orléans;47.9;1.9;26/07/2026;01:00;21.5;0;SOLEIL;3;13.7;0
Orléans;47.9;1.9;26/07/2026;02:00;18.1;0;SOLEIL;5;8.6;0
Orléans;47.9;1.9;26/07/2026;03:00;18.1;0;SOLEIL;5;6.5;0
Orléans;47.9;1.9;26/07/2026;04:00;18.1;0;SOLEIL;5;5.8;0
Orléans;47.9;1.9;26/07/2026;05:00;19;0;SOLEIL;4;5.4;0
Orléans;47.9;1.9;26/07/2026;06:00;19;0;SOLEIL;4;4.7;0
Orléans;47.9;1.9;26/07/2026;07:00;19;0;SOLEIL;4;4.3;0
Orléans;47.9;1.9;26/07/2026;08:00;19.8;0;SOLEIL;5;5.4;0
Orléans;47.9;1.9;26/07/2026;09:00;20.7;0;SOLEIL;5;9.0;0
Orléans;47.9;1.9;26/07/2026;10:00;21.6;0;SOLEIL;5;14.0;0
Orléans;47.9;1.9;26/07/2026;11:00;23.7;0;SOLEIL;5;18.7;0
Orléans;47.9;1.9;26/07/2026;12:00;23.7;0;SOLEIL;5;24.3;0
Orléans;47.9;1.9;26/07/2026;13:00;23.7;0;SOLEIL;5;29.5;0
Orléans;47.9;1.9;26/07/2026;14:00;25.0;0;SOLEIL;5;33.9;0
Orléans;47.9;1.9;26/07/2026;15:00;25.9;0;SOLEIL;5;37.8;0
Orléans;47.9;1.9;26/07/2026;16:00;25.0;0;SOLEIL;5;38.9;0
Orléans;47.9;1.9;26/07/2026;17:00;24.4;0;SOLEIL;4;40.0;0
Orléans;47.9;1.9;26/07/2026;18:00;24.4;0;SOLEIL;4;40.7;0
Orléans;47.9;1.9;26/07/2026;19:00;24.4;0;SOLEIL;4;41.4;0
Orléans;47.9;1.9;26/07/2026;20:00;21.6;0;SOLEIL;5;41.4;0
Orléans;47.9;1.9;26/07/2026;21:00;20.7;0;SOLEIL;5;41.0;0
Orléans;47.9;1.9;26/07/2026;22:00;19.8;0;SOLEIL;5;40.3;0
Orléans;47.9;1.9;26/07/2026;23:00;19.6;0;SOLEIL;4;39.2;0
Orléans;47.9;1.9;27/07/2026;00:00;19.6;0;SOLEIL;4;38.2;0
Orléans;47.9;1.9;27/07/2026;01:00;19.6;0;SOLEIL;4;37.1;0
Orléans;47.9;1.9;27/07/2026;02:00;17;6;AVERSES;5;36.4;0
Orléans;47.9;1.9;27/07/2026;03:00;17;6;AVERSES;5;35.6;0
Orléans;47.9;1.9;27/07/2026;04:00;17;6;AVERSES;5;34.9;0
Orléans;47.9;1.9;27/07/2026;05:00;18.2;0;SOLEIL;4;34.6;0
Orléans;47.9;1.9;27/07/2026;06:00;18.2;0;SOLEIL;4;33.8;0
Orléans;47.9;1.9;27/07/2026;07:00;18.2;0;SOLEIL;4;33.8;0
Orléans;47.9;1.9;27/07/2026;08:00;18.7;6;AVERSES;5;34.2;0
Orléans;47.9;1.9;27/07/2026;09:00;19.5;6;AVERSES;5;34.9;0
Orléans;47.9;1.9;27/07/2026;10:00;20.3;6;AVERSES;5;36.4;0
Orléans;47.9;1.9;27/07/2026;11:00;23.2;6;AVERSES;5;38.2;0
Orléans;47.9;1.9;27/07/2026;12:00;23.2;6;AVERSES;5;40.0;0
Orléans;47.9;1.9;27/07/2026;13:00;23.2;6;AVERSES;5;41.4;0
Orléans;47.9;1.9;27/07/2026;14:00;23.7;6;AVERSES;5;42.8;0
Orléans;47.9;1.9;27/07/2026;15:00;24.5;6;AVERSES;5;43.9;0
Orléans;47.9;1.9;27/07/2026;16:00;23.7;6;AVERSES;5;45.4;0
Orléans;47.9;1.9;27/07/2026;17:00;21.7;6;AVERSES;4;46.4;0
Orléans;47.9;1.9;27/07/2026;18:00;21.7;6;AVERSES;4;47.5;0
Orléans;47.9;1.9;27/07/2026;19:00;21.7;6;AVERSES;4;47.5;0
Orléans;47.9;1.9;27/07/2026;20:00;20.3;6;AVERSES;5;46.8;0
Orléans;47.9;1.9;27/07/2026;21:00;19.5;6;AVERSES;5;44.6;0
Orléans;47.9;1.9;27/07/2026;22:00;18.7;6;AVERSES;5;41.8;0
Orléans;47.9;1.9;27/07/2026;23:00;18.4;0;SOLEIL;3;37.8;0
Orléans;47.9;1.9;28/07/2026;00:00;18.4;0;SOLEIL;3;33.8;0
Orléans;47.9;1.9;28/07/2026;01:00;18.4;0;SOLEIL;3;30.2;0
Orléans;47.9;1.9;28/07/2026;02:00;16;0;SOLEIL;5;27.7;0
Orléans;47.9;1.9;28/07/2026;03:00;16;0;SOLEIL;5;25.9;0
Orléans;47.9;1.9;28/07/2026;04:00;16;0;SOLEIL;5;24.5;0
Orléans;47.9;1.9;28/07/2026;05:00;17.1;0;SOLEIL;4;23.8;0
Orléans;47.9;1.9;28/07/2026;06:00;17.1;0;SOLEIL;4;23.0;0
Orléans;47.9;1.9;28/07/2026;07:00;17.1;0;SOLEIL;4;23.0;0
Orléans;47.9;1.9;28/07/2026;08:00;17.8;0;SOLEIL;5;23.8;0
Orléans;47.9;1.9;28/07/2026;09:00;18.7;0;SOLEIL;5;25.2;0
Orléans;47.9;1.9;28/07/2026;10:00;19.6;0;SOLEIL;5;27.7;0
Orléans;47.9;1.9;28/07/2026;11:00;22.6;6;AVERSES;5;30.6;0
Orléans;47.9;1.9;28/07/2026;12:00;22.6;6;AVERSES;5;33.5;0
Orléans;47.9;1.9;28/07/2026;13:00;22.6;6;AVERSES;5;36.0;0
Orléans;47.9;1.9;28/07/2026;14:00;23.2;0;SOLEIL;5;38.2;0
Orléans;47.9;1.9;28/07/2026;15:00;24.1;0;SOLEIL;5;39.6;0
Orléans;47.9;1.9;28/07/2026;16:00;23.2;0;SOLEIL;5;40.7;0
Orléans;47.9;1.9;28/07/2026;17:00;21.9;0;SOLEIL;4;41.4;0
Orléans;47.9;1.9;28/07/2026;18:00;21.9;0;SOLEIL;4;42.1;0
Orléans;47.9;1.9;28/07/2026;19:00;21.9;0;SOLEIL;4;42.1;0
Orléans;47.9;1.9;28/07/2026;20:00;19.6;0;SOLEIL;5;41.8;0
Orléans;47.9;1.9;28/07/2026;21:00;18.7;0;SOLEIL;5;40.7;0
Orléans;47.9;1.9;28/07/2026;22:00;17.8;0;SOLEIL;5;38.9;0
Orléans;47.9;1.9;28/07/2026;23:00;17.6;0;SOLEIL;3;36.7;0
Orléans;47.9;1.9;29/07/2026;00:00;17.6;0;SOLEIL;3;34.6;0
Orléans;47.9;1.9;29/07/2026;01:00;17.6;0;SOLEIL;3;32.4;0
Orléans;47.9;1.9;29/07/2026;02:00;15.4;0;SOLEIL;5;31.3;0
Orléans;47.9;1.9;29/07/2026;03:00;15.4;0;SOLEIL;5;30.6;0
Orléans;47.9;1.9;29/07/2026;04:00;15.4;0;SOLEIL;5;30.2;0
Orléans;47.9;1.9;29/07/2026;05:00;;0;SOLEIL;;30.2;0
Orléans;47.9;1.9;29/07/2026;06:00;;0;SOLEIL;;30.6;0
Orléans;47.9;1.9;29/07/2026;07:00;;0;SOLEIL;;31.0;0
Orléans;47.9;1.9;29/07/2026;08:00;18.1;0;SOLEIL;5;32.0;0
Orléans;47.9;1.9;29/07/2026;09:00;19.5;0;SOLEIL;5;33.5;0
Orléans;47.9;1.9;29/07/2026;10:00;20.8;0;SOLEIL;5;36.0;0
Orléans;47.9;1.9;29/07/2026;11:00;;0;SOLEIL;;38.5;0
Orléans;47.9;1.9;29/07/2026;12:00;;0;SOLEIL;;41.0;0
Orléans;47.9;1.9;29/07/2026;13:00;;0;SOLEIL;;43.6;0
Orléans;47.9;1.9;29/07/2026;14:00;26.2;0;SOLEIL;5;45.0;0
Orléans;47.9;1.9;29/07/2026;15:00;27.6;0;SOLEIL;5;46.1;0
Orléans;47.9;1.9;29/07/2026;16:00;26.2;0;SOLEIL;5;46.8;0
Orléans;47.9;1.9;29/07/2026;17:00;;0;SOLEIL;;47.2;0
Orléans;47.9;1.9;29/07/2026;18:00;;0;SOLEIL;;47.2;0
Orléans;47.9;1.9;29/07/2026;19:00;;0;SOLEIL;;46.4;0
Orléans;47.9;1.9;29/07/2026;20:00;20.8;0;SOLEIL;5;45.0;0
Orléans;47.9;1.9;29/07/2026;21:00;19.5;0;SOLEIL;5;42.5;0
Orléans;47.9;1.9;29/07/2026;22:00;18.1;0;SOLEIL;5;38.5;0
Orléans;47.9;1.9;29/07/2026;23:00;;0;SOLEIL;;34.2;0
Orléans;47.9;1.9;30/07/2026;00:00;;0;SOLEIL;;29.5;0
Orléans;47.9;1.9;30/07/2026;01:00;;0;SOLEIL;;25.2;0
Orléans;47.9;1.9;30/07/2026;02:00;15.9;0;SOLEIL;5;22.0;0
Orléans;47.9;1.9;30/07/2026;03:00;15.9;0;SOLEIL;5;19.4;0
Orléans;47.9;1.9;30/07/2026;04:00;15.9;0;SOLEIL;5;16.9;0
Orléans;47.9;1.9;30/07/2026;05:00;;0;SOLEIL;;15.1;0
Orléans;47.9;1.9;30/07/2026;06:00;;0;SOLEIL;;13.7;0
Orléans;47.9;1.9;30/07/2026;07:00;;0;SOLEIL;;12.6;0
Orléans;47.9;1.9;30/07/2026;08:00;18.8;0;SOLEIL;5;12.2;0
Orléans;47.9;1.9;30/07/2026;09:00;20.3;0;SOLEIL;5;12.6;0
Orléans;47.9;1.9;30/07/2026;10:00;21.8;0;SOLEIL;5;14.0;0
Orléans;47.9;1.9;30/07/2026;11:00;;0;SOLEIL;;16.2;0
Orléans;47.9;1.9;30/07/2026;12:00;;0;SOLEIL;;18.4;0
Orléans;47.9;1.9;30/07/2026;13:00;;0;SOLEIL;;20.2;0
Orléans;47.9;1.9;30/07/2026;14:00;27.6;0;SOLEIL;5;21.6;0
Orléans;47.9;1.9;30/07/2026;15:00;29.1;0;SOLEIL;5;22.3;0
Orléans;47.9;1.9;30/07/2026;16:00;27.6;0;SOLEIL;5;23.0;0
Orléans;47.9;1.9;30/07/2026;17:00;;0;SOLEIL;;23.4;0
Orléans;47.9;1.9;30/07/2026;18:00;;0;SOLEIL;;23.4;0
Orléans;47.9;1.9;30/07/2026;19:00;;0;SOLEIL;;23.8;0
Orléans;47.9;1.9;30/07/2026;20:00;21.8;0;SOLEIL;5;23.8;0
Orléans;47.9;1.9;30/07/2026;21:00;20.3;0;SOLEIL;5;23.8;0
Orléans;47.9;1.9;30/07/2026;22:00;18.8;0;SOLEIL;5;24.1;0
Orléans;47.9;1.9;30/07/2026;23:00;;0;SOLEIL;;24.1;0
Orléans;47.9;1.9;31/07/2026;00:00;;0;SOLEIL;;24.1;0
Orléans;47.9;1.9;31/07/2026;01:00;;0;SOLEIL;;23.8;0
Orléans;47.9;1.9;31/07/2026;02:00;15.5;0;SOLEIL;5;23.0;0
Orléans;47.9;1.9;31/07/2026;03:00;15.5;0;SOLEIL;5;21.6;0
Orléans;47.9;1.9;31/07/2026;04:00;15.5;0;SOLEIL;5;19.1;0
Orléans;47.9;1.9;31/07/2026;05:00;;0;SOLEIL;;16.6;0
Orléans;47.9;1.9;31/07/2026;06:00;;0;SOLEIL;;14.4;0
Orléans;47.9;1.9;31/07/2026;07:00;;0;SOLEIL;;12.2;0
Orléans;47.9;1.9;31/07/2026;08:00;18.6;0;SOLEIL;5;11.5;0
Orléans;47.9;1.9;31/07/2026;09:00;20.2;0;SOLEIL;5;11.9;0
Orléans;47.9;1.9;31/07/2026;10:00;21.8;0;SOLEIL;5;13.3;0
Orléans;47.9;1.9;31/07/2026;11:00;;0;SOLEIL;;15.1;0
Orléans;47.9;1.9;31/07/2026;12:00;;0;SOLEIL;;17.3;0
Orléans;47.9;1.9;31/07/2026;13:00;;0;SOLEIL;;19.1;0
Orléans;47.9;1.9;31/07/2026;14:00;28.0;0;SOLEIL;5;20.5;0
Orléans;47.9;1.9;31/07/2026;15:00;29.6;0;SOLEIL;5;21.2;0
Orléans;47.9;1.9;31/07/2026;16:00;28.0;0;SOLEIL;5;22.0;0
Orléans;47.9;1.9;31/07/2026;17:00;;0;SOLEIL;;22.3;0
Orléans;47.9;1.9;31/07/2026;18:00;;0;SOLEIL;;22.7;0
Orléans;47.9;1.9;31/07/2026;19:00;;0;SOLEIL;;22.7;0
Orléans;47.9;1.9;31/07/2026;20:00;21.8;0;SOLEIL;5;22.3;0
Orléans;47.9;1.9;31/07/2026;21:00;20.2;0;SOLEIL;5;21.6;0
Orléans;47.9;1.9;31/07/2026;22:00;18.6;0;SOLEIL;5;20.2;0
Orléans;47.9;1.9;31/07/2026;23:00;;0;SOLEIL;;18.4;0
Orléans;47.9;1.9;01/08/2026;00:00;;0;SOLEIL;;16.6;0
Orléans;47.9;1.9;01/08/2026;01:00;;0;SOLEIL;;15.1;0
Orléans;47.9;1.9;01/08/2026;02:00;16.2;0;SOLEIL;5;14.0;0
Orléans;47.9;1.9;01/08/2026;03:00;16.2;0;SOLEIL;5;13.3;0
Orléans;47.9;1.9;01/08/2026;04:00;16.2;0;SOLEIL;5;13.0;0
Orléans;47.9;1.9;01/08/2026;05:00;;0;SOLEIL;;12.6;0
Orléans;47.9;1.9;01/08/2026;06:00;;0;SOLEIL;;12.2;0
Orléans;47.9;1.9;01/08/2026;07:00;;0;SOLEIL;;12.2;0
Orléans;47.9;1.9;01/08/2026;08:00;18.8;0;SOLEIL;5;12.6;0
Orléans;47.9;1.9;01/08/2026;09:00;20.1;0;SOLEIL;5;13.3;0
Orléans;47.9;1.9;01/08/2026;10:00;21.4;0;SOLEIL;5;14.0;0
Orléans;47.9;1.9;01/08/2026;11:00;;0;SOLEIL;;15.1;0
Orléans;47.9;1.9;01/08/2026;12:00;;0;SOLEIL;;16.6;0
Orléans;47.9;1.9;01/08/2026;13:00;;0;SOLEIL;;17.6;0
Orléans;47.9;1.9;01/08/2026;14:00;26.6;0;SOLEIL;5;18.4;0
Orléans;47.9;1.9;01/08/2026;15:00;27.9;0;SOLEIL;5;19.1;0
Orléans;47.9;1.9;01/08/2026;16:00;26.6;0;SOLEIL;5;19.4;0
Orléans;47.9;1.9;01/08/2026;17:00;;0;SOLEIL;;19.8;0
Orléans;47.9;1.9;01/08/2026;18:00;;0;SOLEIL;;20.2;0
Orléans;47.9;1.9;01/08/2026;19:00;;0;SOLEIL;;20.5;0
Orléans;47.9;1.9;01/08/2026;20:00;21.4;0;SOLEIL;5;20.5;0
Orléans;47.9;1.9;01/08/2026;21:00;20.1;0;SOLEIL;5;20.2;0
Orléans;47.9;1.9;01/08/2026;22:00;18.8;0;SOLEIL;5;19.8;0
Orléans;47.9;1.9;01/08/2026;23:00;;0;SOLEIL;;19.4;0
Orléans;47.9;1.9;02/08/2026;00:00;;0;SOLEIL;;18.7;0
Orléans;47.9;1.9;02/08/2026;01:00;;0;SOLEIL;;18.4;0
Orléans;47.9;1.9;02/08/2026;02:00;15.9;0;SOLEIL;5;17.6;0
Orléans;47.9;1.9;02/08/2026;03:00;15.9;0;SOLEIL;5;16.9;0
Orléans;47.9;1.9;02/08/2026;04:00;15.9;0;SOLEIL;5;16.2;0
Orléans;47.9;1.9;02/08/2026;05:00;;0;SOLEIL;;15.5;0
Orléans;47.9;1.9;02/08/2026;06:00;;0;SOLEIL;;14.8;0
Orléans;47.9;1.9;02/08/2026;07:00;;0;SOLEIL;;14.4;0
Orléans;47.9;1.9;02/08/2026;08:00;18.5;0;SOLEIL;5;14.4;0
Orléans;47.9;1.9;02/08/2026;09:00;19.8;0;SOLEIL;5;15.1;0
Orléans;47.9;1.9;02/08/2026;10:00;21.1;0;SOLEIL;5;16.2;0
Orléans;47.9;1.9;02/08/2026;11:00;;0;SOLEIL;;17.6;0
Orléans;47.9;1.9;02/08/2026;12:00;;0;SOLEIL;;18.7;0
Orléans;47.9;1.9;02/08/2026;13:00;;0;SOLEIL;;20.2;0
Orléans;47.9;1.9;02/08/2026;14:00;26.3;0;SOLEIL;5;20.9;0
Orléans;47.9;1.9;02/08/2026;15:00;27.6;0;SOLEIL;5;21.2;0
Orléans;47.9;1.9;02/08/2026;16:00;26.3;0;SOLEIL;5;21.2;0
Orléans;47.9;1.9;02/08/2026;17:00;;0;SOLEIL;;21.2;0
Orléans;47.9;1.9;02/08/2026;18:00;;0;SOLEIL;;20.9;0
Orléans;47.9;1.9;02/08/2026;19:00;;0;SOLEIL;;20.5;0
Orléans;47.9;1.9;02/08/2026;20:00;21.1;0;SOLEIL;5;20.2;0
Orléans;47.9;1.9;02/08/2026;21:00;19.8;0;SOLEIL;5;19.8;0
Orléans;47.9;1.9;02/08/2026;22:00;18.5;0;SOLEIL;5;19.1;0
Orléans;47.9;1.9;02/08/2026;23:00;17.2;0;SOLEIL;5;18.7;0
Orléans;47.9;1.9;03/08/2026;00:00;12;0;SOLEIL;5;16.6;0
Orléans;47.9;1.9;03/08/2026;01:00;12;0;SOLEIL;5;18.5;0
Orléans;47.9;1.9;03/08/2026;02:00;12;0;SOLEIL;5;21.9;0
Orléans;47.9;1.9;03/08/2026;03:00;12;0;SOLEIL;5;20.5;0
Orléans;47.9;1.9;03/08/2026;04:00;12;0;SOLEIL;5;14.0;0
Orléans;47.9;1.9;03/08/2026;05:00;12;0;SOLEIL;5;9.7;0
Orléans;47.9;1.9;03/08/2026;06:00;12;0;SOLEIL;5;9.4;0
Orléans;47.9;1.9;03/08/2026;07:00;13.1;0;SOLEIL;5;10.8;0
Orléans;47.9;1.9;03/08/2026;08:00;14.2;0;SOLEIL;5;13.3;0
Orléans;47.9;1.9;03/08/2026;09:00;15.3;0;SOLEIL;5;17.3;0
Orléans;47.9;1.9;03/08/2026;10:00;16.4;0;SOLEIL;5;22.3;0
Orléans;47.9;1.9;03/08/2026;11:00;17.6;0;SOLEIL;5;27.0;0
Orléans;47.9;1.9;03/08/2026;12:00;18.7;0;SOLEIL;5;31.0;0
Orléans;47.9;1.9;03/08/2026;13:00;19.8;0;SOLEIL;5;34.9;0
Orléans;47.9;1.9;03/08/2026;14:00;20.9;0;SOLEIL;5;37.8;0
Orléans;47.9;1.9;03/08/2026;15:00;22.0;0;SOLEIL;5;40.3;0
Orléans;47.9;1.9;03/08/2026;16:00;20.9;0;SOLEIL;5;42.5;0
Orléans;47.9;1.9;03/08/2026;17:00;19.8;0;SOLEIL;5;42.5;0
Orléans;47.9;1.9;03/08/2026;18:00;18.7;0;SOLEIL;5;38.9;0
Orléans;47.9;1.9;03/08/2026;19:00;17.6;0;SOLEIL;5;33.8;0
Orléans;47.9;1.9;03/08/2026;20:00;16.4;0;SOLEIL;5;31.3;0
Orléans;47.9;1.9;03/08/2026;21:00;15.3;0;SOLEIL;5;34.9;0
Orléans;47.9;1.9;03/08/2026;22:00;14.2;0;SOLEIL;5;41.4;0
Orléans;47.9;1.9;03/08/2026;23:00;13.1;0;SOLEIL;5;45.0;0
Orléans;47.9;1.9;04/08/2026;00:00;12;0;SOLEIL;5;0.0;0
Orléans;47.9;1.9;04/08/2026;01:00;12;0;SOLEIL;5;0.0;0
Orléans;47.9;1.9;04/08/2026;02:00;12;0;SOLEIL;5;0.0;0
Orléans;47.9;1.9;04/08/2026;03:00;12;0;SOLEIL;5;0.0;0
Orléans;47.9;1.9;04/08/2026;04:00;12;0;SOLEIL;5;0.0;0
Orléans;47.9;1.9;04/08/2026;05:00;12;0;SOLEIL;5;0.0;0
Orléans;47.9;1.9;04/08/2026;06:00;12;0;SOLEIL;5;0.0;0
Orléans;47.9;1.9;04/08/2026;07:00;13.1;0;SOLEIL;5;0.0;0
Orléans;47.9;1.9;04/08/2026;08:00;14.2;0;SOLEIL;5;0.0;0
Orléans;47.9;1.9;04/08/2026;09:00;15.3;0;SOLEIL;5;0.0;0
Orléans;47.9;1.9;04/08/2026;10:00;16.4;0;SOLEIL;5;0.0;0
Orléans;47.9;1.9;04/08/2026;11:00;17.6;0;SOLEIL;5;0.0;0
Orléans;47.9;1.9;04/08/2026;12:00;18.7;0;SOLEIL;5;0.0;0
Orléans;47.9;1.9;04/08/2026;13:00;19.8;0;SOLEIL;5;0.0;0
Orléans;47.9;1.9;04/08/2026;14:00;20.9;0;SOLEIL;5;0.0;0
Orléans;47.9;1.9;04/08/2026;15:00;22.0;0;SOLEIL;5;0.0;0
Orléans;47.9;1.9;04/08/2026;16:00;20.9;0;SOLEIL;5;0.0;0
Orléans;47.9;1.9;04/08/2026;17:00;19.8;0;SOLEIL;5;0.0;0
Orléans;47.9;1.9;04/08/2026;18:00;18.7;0;SOLEIL;5;0.0;0
Orléans;47.9;1.9;04/08/2026;19:00;17.6;0;SOLEIL;5;0.0;0
Orléans;47.9;1.9;04/08/2026;20:00;16.4;0;SOLEIL;5;0.0;0
Orléans;47.9;1.9;04/08/2026;21:00;15.3;0;SOLEIL;5;0.0;0
Orléans;47.9;1.9;04/08/2026;22:00;14.2;0;SOLEIL;5;0.0;0
Orléans;47.9;1.9;04/08/2026;23:00;13.1;0;SOLEIL;5;0.0;0
Pithiviers;48.17;2.25;20/07/2026;00:00;16.1;0;SOLEIL;5;32.8;0
Pithiviers;48.17;2.25;20/07/2026;01:00;15.6;0;SOLEIL;5;35.6;0
Pithiviers;48.17;2.25;20/07/2026;02:00;14.7;0;SOLEIL;4;33.1;0
Pithiviers;48.17;2.25;20/07/2026;03:00;14.1;0;SOLEIL;4;31.0;0
Pithiviers;48.17;2.25;20/07/2026;04:00;13.7;0;SOLEIL;4;30.2;0
Pithiviers;48.17;2.25;20/07/2026;05:00;13.9;0;SOLEIL;4;29.9;0
Pithiviers;48.17;2.25;20/07/2026;06:00;14.5;0;SOLEIL;5;28.8;0
Pithiviers;48.17;2.25;20/07/2026;07:00;17.1;0;SOLEIL;5;28.8;0
Pithiviers;48.17;2.25;20/07/2026;08:00;18.2;0;SOLEIL;5;31.3;0
Pithiviers;48.17;2.25;20/07/2026;09:00;20;0;SOLEIL;5;36.4;0
Pithiviers;48.17;2.25;20/07/2026;10:00;21;0;SOLEIL;5;38.2;0
Pithiviers;48.17;2.25;20/07/2026;11:00;22.5;0;SOLEIL;5;38.2;0
Pithiviers;48.17;2.25;20/07/2026;12:00;23.9;0;SOLEIL;5;37.8;0
Pithiviers;48.17;2.25;20/07/2026;13:00;25;0;SOLEIL;5;33.1;0
Pithiviers;48.17;2.25;20/07/2026;14:00;25.6;0;SOLEIL;5;34.2;0
Pithiviers;48.17;2.25;20/07/2026;15:00;26.1;0;SOLEIL;5;33.8;0
Pithiviers;48.17;2.25;20/07/2026;16:00;25.6;0;SOLEIL;6;37.4;0
Pithiviers;48.17;2.25;20/07/2026;17:00;24.7;0;SOLEIL;6;39.2;0
Pithiviers;48.17;2.25;20/07/2026;18:00;24.1;5;SOLEIL VOILÉ;5;45.0;0
Pithiviers;48.17;2.25;20/07/2026;19:00;22.1;0;SOLEIL;5;44.6;0
Pithiviers;48.17;2.25;20/07/2026;20:00;20;0;SOLEIL;4;40.3;0
Pithiviers;48.17;2.25;20/07/2026;21:00;19.1;0;SOLEIL;4;33.5;0
Pithiviers;48.17;2.25;20/07/2026;22:00;19;0;SOLEIL;4;23.0;0
Pithiviers;48.17;2.25;20/07/2026;23:00;17.6;0;SOLEIL;4;21.6;0
Pithiviers;48.17;2.25;21/07/2026;00:00;16.4;0;SOLEIL;5;22.0;0
Pithiviers;48.17;2.25;21/07/2026;01:00;16.4;0;SOLEIL;5;25.6;0
Pithiviers;48.17;2.25;21/07/2026;02:00;12.1;0;SOLEIL;5;31.7;0
Pithiviers;48.17;2.25;21/07/2026;03:00;12.1;0;SOLEIL;5;31.3;0
Pithiviers;48.17;2.25;21/07/2026;04:00;12.1;0;SOLEIL;5;29.9;0
Pithiviers;48.17;2.25;21/07/2026;05:00;14.5;0;SOLEIL;5;29.5;0
Pithiviers;48.17;2.25;21/07/2026;06:00;14.5;0;SOLEIL;5;27.4;0
Pithiviers;48.17;2.25;21/07/2026;07:00;14.5;0;SOLEIL;5;26.6;0
Pithiviers;48.17;2.25;21/07/2026;08:00;21.6;0;SOLEIL;5;29.9;0
Pithiviers;48.17;2.25;21/07/2026;09:00;21.6;0;SOLEIL;5;33.1;0
Pithiviers;48.17;2.25;21/07/2026;10:00;21.6;0;SOLEIL;5;33.1;0
Pithiviers;48.17;2.25;21/07/2026;11:00;24.5;0;SOLEIL;5;31.7;0
Pithiviers;48.17;2.25;21/07/2026;12:00;24.5;0;SOLEIL;5;32.0;0
Pithiviers;48.17;2.25;21/07/2026;13:00;24.5;0;SOLEIL;5;34.4;0
Pithiviers;48.17;2.25;21/07/2026;14:00;26.9;0;SOLEIL;6;34.5;0
Pithiviers;48.17;2.25;21/07/2026;15:00;26.9;0;SOLEIL;6;34.2;0
Pithiviers;48.17;2.25;21/07/2026;16:00;26.9;0;SOLEIL;6;34.9;0
Pithiviers;48.17;2.25;21/07/2026;17:00;25.4;0;SOLEIL;6;34.9;0
Pithiviers;48.17;2.25;21/07/2026;18:00;25.4;0;SOLEIL;6;34.9;0
Pithiviers;48.17;2.25;21/07/2026;19:00;25.4;0;SOLEIL;6;35.3;0
Pithiviers;48.17;2.25;21/07/2026;20:00;20.4;0;SOLEIL;5;35.6;0
Pithiviers;48.17;2.25;21/07/2026;21:00;20.4;0;SOLEIL;5;34.2;0
Pithiviers;48.17;2.25;21/07/2026;22:00;20.4;0;SOLEIL;5;27.4;0
Pithiviers;48.17;2.25;21/07/2026;23:00;16.2;0;SOLEIL;4;19.8;0
Pithiviers;48.17;2.25;22/07/2026;00:00;16.2;0;SOLEIL;4;18.7;0
Pithiviers;48.17;2.25;22/07/2026;01:00;16.2;0;SOLEIL;4;18.0;0
Pithiviers;48.17;2.25;22/07/2026;02:00;13.5;0;SOLEIL;4;19.4;0
Pithiviers;48.17;2.25;22/07/2026;03:00;13.5;0;SOLEIL;4;19.8;0
Pithiviers;48.17;2.25;22/07/2026;04:00;13.5;0;SOLEIL;4;19.4;0
Pithiviers;48.17;2.25;22/07/2026;05:00;15.5;0;SOLEIL;4;18.4;0
Pithiviers;48.17;2.25;22/07/2026;06:00;15.5;0;SOLEIL;4;16.9;0
Pithiviers;48.17;2.25;22/07/2026;07:00;15.5;0;SOLEIL;4;16.2;0
Pithiviers;48.17;2.25;22/07/2026;08:00;22.6;0;SOLEIL;4;20.2;0
Pithiviers;48.17;2.25;22/07/2026;09:00;22.6;0;SOLEIL;4;26.3;0
Pithiviers;48.17;2.25;22/07/2026;10:00;22.6;0;SOLEIL;4;26.3;0
Pithiviers;48.17;2.25;22/07/2026;11:00;25.2;0;SOLEIL;4;25.6;0
Pithiviers;48.17;2.25;22/07/2026;12:00;25.2;0;SOLEIL;4;25.6;0
Pithiviers;48.17;2.25;22/07/2026;13:00;25.2;0;SOLEIL;4;24.1;0
Pithiviers;48.17;2.25;22/07/2026;14:00;26.9;0;SOLEIL;4;25.9;0
Pithiviers;48.17;2.25;22/07/2026;15:00;26.9;0;SOLEIL;4;28.4;0
Pithiviers;48.17;2.25;22/07/2026;16:00;26.9;0;SOLEIL;4;32.0;0
Pithiviers;48.17;2.25;22/07/2026;17:00;25.5;0;SOLEIL;5;33.8;0
Pithiviers;48.17;2.25;22/07/2026;18:00;25.5;0;SOLEIL;5;32.4;0
Pithiviers;48.17;2.25;22/07/2026;19:00;25.5;0;SOLEIL;5;29.5;0
Pithiviers;48.17;2.25;22/07/2026;20:00;19.5;0;SOLEIL;5;25.9;0
Pithiviers;48.17;2.25;22/07/2026;21:00;18.0;0;SOLEIL;5;21.2;0
Pithiviers;48.17;2.25;22/07/2026;22:00;16.5;0;SOLEIL;5;16.2;0
Pithiviers;48.17;2.25;22/07/2026;23:00;19.2;0;SOLEIL;3;12.6;0
Pithiviers;48.17;2.25;23/07/2026;00:00;19.2;0;SOLEIL;3;12.2;0
Pithiviers;48.17;2.25;23/07/2026;01:00;19.2;0;SOLEIL;3;13.7;0
Pithiviers;48.17;2.25;23/07/2026;02:00;15.4;0;SOLEIL;5;15.1;0
Pithiviers;48.17;2.25;23/07/2026;03:00;15.4;0;SOLEIL;5;15.8;0
Pithiviers;48.17;2.25;23/07/2026;04:00;15.4;0;SOLEIL;5;16.2;0
Pithiviers;48.17;2.25;23/07/2026;05:00;19.1;0;SOLEIL;3;16.9;0
Pithiviers;48.17;2.25;23/07/2026;06:00;19.1;0;SOLEIL;3;17.6;0
Pithiviers;48.17;2.25;23/07/2026;07:00;19.1;0;SOLEIL;3;18.7;0
Pithiviers;48.17;2.25;23/07/2026;08:00;18.6;0;SOLEIL;5;20.2;0
Pithiviers;48.17;2.25;23/07/2026;09:00;20.1;0;SOLEIL;5;22.7;0
Pithiviers;48.17;2.25;23/07/2026;10:00;21.7;0;SOLEIL;5;25.9;0
Pithiviers;48.17;2.25;23/07/2026;11:00;28.1;0;SOLEIL;4;28.8;0
Pithiviers;48.17;2.25;23/07/2026;12:00;28.1;0;SOLEIL;4;31.0;0
Pithiviers;48.17;2.25;23/07/2026;13:00;28.1;0;SOLEIL;4;32.8;0
Pithiviers;48.17;2.25;23/07/2026;14:00;28.0;0;SOLEIL;5;33.8;0
Pithiviers;48.17;2.25;23/07/2026;15:00;29.6;0;SOLEIL;5;33.8;0
Pithiviers;48.17;2.25;23/07/2026;16:00;28.0;0;SOLEIL;5;33.1;0
Pithiviers;48.17;2.25;23/07/2026;17:00;27.2;0;SOLEIL;4;32.4;0
Pithiviers;48.17;2.25;23/07/2026;18:00;27.2;0;SOLEIL;4;32.0;0
Pithiviers;48.17;2.25;23/07/2026;19:00;27.2;0;SOLEIL;4;31.7;0
Pithiviers;48.17;2.25;23/07/2026;20:00;21.7;0;SOLEIL;5;30.2;0
Pithiviers;48.17;2.25;23/07/2026;21:00;20.1;0;SOLEIL;5;27.0;0
Pithiviers;48.17;2.25;23/07/2026;22:00;18.6;0;SOLEIL;5;22.7;0
Pithiviers;48.17;2.25;23/07/2026;23:00;19.5;0;SOLEIL;4;19.8;0
Pithiviers;48.17;2.25;24/07/2026;00:00;19.5;0;SOLEIL;4;19.4;0
Pithiviers;48.17;2.25;24/07/2026;01:00;19.5;0;SOLEIL;4;20.5;0
Pithiviers;48.17;2.25;24/07/2026;02:00;15.9;0;SOLEIL;5;20.5;0
Pithiviers;48.17;2.25;24/07/2026;03:00;15.9;0;SOLEIL;5;18.4;0
Pithiviers;48.17;2.25;24/07/2026;04:00;15.9;0;SOLEIL;5;14.8;0
Pithiviers;48.17;2.25;24/07/2026;05:00;17.7;0;SOLEIL;3;13.0;0
Pithiviers;48.17;2.25;24/07/2026;06:00;17.7;0;SOLEIL;3;13.5;0
Pithiviers;48.17;2.25;24/07/2026;07:00;17.7;0;SOLEIL;3;15.3;0
Pithiviers;48.17;2.25;24/07/2026;08:00;19.1;0;SOLEIL;5;16.9;0
Pithiviers;48.17;2.25;24/07/2026;09:00;20.8;0;SOLEIL;5;14.4;0
Pithiviers;48.17;2.25;24/07/2026;10:00;22.4;0;SOLEIL;5;17.6;0
Pithiviers;48.17;2.25;24/07/2026;11:00;27.5;0;SOLEIL;3;20.2;0
Pithiviers;48.17;2.25;24/07/2026;12:00;27.5;0;SOLEIL;3;20.9;0
Pithiviers;48.17;2.25;24/07/2026;13:00;27.5;0;SOLEIL;3;20.9;0
Pithiviers;48.17;2.25;24/07/2026;14:00;28.9;0;SOLEIL;5;20.5;0
Pithiviers;48.17;2.25;24/07/2026;15:00;30.5;0;SOLEIL;5;20.5;0
Pithiviers;48.17;2.25;24/07/2026;16:00;28.9;0;SOLEIL;5;20.2;0
Pithiviers;48.17;2.25;24/07/2026;17:00;27.9;0;SOLEIL;3;20.2;0
Pithiviers;48.17;2.25;24/07/2026;18:00;27.9;0;SOLEIL;3;20.2;0
Pithiviers;48.17;2.25;24/07/2026;19:00;27.9;0;SOLEIL;3;20.5;0
Pithiviers;48.17;2.25;24/07/2026;20:00;22.4;0;SOLEIL;5;19.4;0
Pithiviers;48.17;2.25;24/07/2026;21:00;20.8;0;SOLEIL;5;16.6;0
Pithiviers;48.17;2.25;24/07/2026;22:00;19.1;0;SOLEIL;5;12.6;0
Pithiviers;48.17;2.25;24/07/2026;23:00;20;0;SOLEIL;3;9.7;0
Pithiviers;48.17;2.25;25/07/2026;00:00;20;0;SOLEIL;3;8.3;0
Pithiviers;48.17;2.25;25/07/2026;01:00;20;0;SOLEIL;3;7.6;0
Pithiviers;48.17;2.25;25/07/2026;02:00;17.6;0;SOLEIL;5;7.2;0
Pithiviers;48.17;2.25;25/07/2026;03:00;17.6;0;SOLEIL;5;7.2;0
Pithiviers;48.17;2.25;25/07/2026;04:00;17.6;0;SOLEIL;5;7.2;0
Pithiviers;48.17;2.25;25/07/2026;05:00;19.1;0;SOLEIL;2;7.6;0
Pithiviers;48.17;2.25;25/07/2026;06:00;19.1;0;SOLEIL;2;7.2;0
Pithiviers;48.17;2.25;25/07/2026;07:00;19.1;0;SOLEIL;2;6.8;0
Pithiviers;48.17;2.25;25/07/2026;08:00;20.3;0;SOLEIL;5;7.6;0
Pithiviers;48.17;2.25;25/07/2026;09:00;21.7;0;SOLEIL;5;9.7;0
Pithiviers;48.17;2.25;25/07/2026;10:00;23.1;0;SOLEIL;5;13.0;0
Pithiviers;48.17;2.25;25/07/2026;11:00;28.2;0;SOLEIL;3;16.6;0
Pithiviers;48.17;2.25;25/07/2026;12:00;28.2;0;SOLEIL;3;20.2;0
Pithiviers;48.17;2.25;25/07/2026;13:00;28.2;0;SOLEIL;3;24.1;0
Pithiviers;48.17;2.25;25/07/2026;14:00;28.5;0;SOLEIL;5;27.0;0
Pithiviers;48.17;2.25;25/07/2026;15:00;29.9;0;SOLEIL;5;28.8;0
Pithiviers;48.17;2.25;25/07/2026;16:00;28.5;0;SOLEIL;5;29.9;0
Pithiviers;48.17;2.25;25/07/2026;17:00;26.6;0;SOLEIL;4;30.2;0
Pithiviers;48.17;2.25;25/07/2026;18:00;26.6;0;SOLEIL;4;29.9;0
Pithiviers;48.17;2.25;25/07/2026;19:00;26.6;0;SOLEIL;4;29.2;0
Pithiviers;48.17;2.25;25/07/2026;20:00;23.1;0;SOLEIL;5;28.1;0
Pithiviers;48.17;2.25;25/07/2026;21:00;21.7;0;SOLEIL;5;26.6;0
Pithiviers;48.17;2.25;25/07/2026;22:00;20.3;0;SOLEIL;5;24.8;0
Pithiviers;48.17;2.25;25/07/2026;23:00;20.1;0;SOLEIL;3;22.3;0
Pithiviers;48.17;2.25;26/07/2026;00:00;20.1;0;SOLEIL;3;17.6;0
Pithiviers;48.17;2.25;26/07/2026;01:00;20.1;0;SOLEIL;3;12.2;0
Pithiviers;48.17;2.25;26/07/2026;02:00;17.6;0;SOLEIL;5;7.9;0
Pithiviers;48.17;2.25;26/07/2026;03:00;17.6;0;SOLEIL;5;6.1;0
Pithiviers;48.17;2.25;26/07/2026;04:00;17.6;0;SOLEIL;5;5.8;0
Pithiviers;48.17;2.25;26/07/2026;05:00;18.6;0;SOLEIL;4;5.8;0
Pithiviers;48.17;2.25;26/07/2026;06:00;18.6;0;SOLEIL;4;5.4;0
Pithiviers;48.17;2.25;26/07/2026;07:00;18.6;0;SOLEIL;4;5.4;0
Pithiviers;48.17;2.25;26/07/2026;08:00;19.4;0;SOLEIL;5;6.8;0
Pithiviers;48.17;2.25;26/07/2026;09:00;20.3;0;SOLEIL;5;10.8;0
Pithiviers;48.17;2.25;26/07/2026;10:00;21.2;0;SOLEIL;5;15.8;0
Pithiviers;48.17;2.25;26/07/2026;11:00;23.9;0;SOLEIL;5;20.5;0
Pithiviers;48.17;2.25;26/07/2026;12:00;23.9;0;SOLEIL;5;26.9;0
Pithiviers;48.17;2.25;26/07/2026;13:00;23.9;0;SOLEIL;5;32.8;0
Pithiviers;48.17;2.25;26/07/2026;14:00;24.8;0;SOLEIL;5;37.7;0
Pithiviers;48.17;2.25;26/07/2026;15:00;25.7;0;SOLEIL;5;42.1;0
Pithiviers;48.17;2.25;26/07/2026;16:00;24.8;0;SOLEIL;5;43.2;0
Pithiviers;48.17;2.25;26/07/2026;17:00;24.4;6;AVERSES;5;43.9;0
Pithiviers;48.17;2.25;26/07/2026;18:00;24.4;6;AVERSES;5;44.6;0
Pithiviers;48.17;2.25;26/07/2026;19:00;24.4;6;AVERSES;5;45.0;0
Pithiviers;48.17;2.25;26/07/2026;20:00;21.2;0;SOLEIL;5;45.0;0
Pithiviers;48.17;2.25;26/07/2026;21:00;20.3;0;SOLEIL;5;44.6;0
Pithiviers;48.17;2.25;26/07/2026;22:00;19.4;0;SOLEIL;5;44.3;0
Pithiviers;48.17;2.25;26/07/2026;23:00;18.7;0;SOLEIL;4;43.6;0
Pithiviers;48.17;2.25;27/07/2026;00:00;18.7;0;SOLEIL;4;42.5;0
Pithiviers;48.17;2.25;27/07/2026;01:00;18.7;0;SOLEIL;4;41.4;0
Pithiviers;48.17;2.25;27/07/2026;02:00;16.2;6;AVERSES;5;40.7;0
Pithiviers;48.17;2.25;27/07/2026;03:00;16.2;6;AVERSES;5;39.6;0
Pithiviers;48.17;2.25;27/07/2026;04:00;16.2;6;AVERSES;5;38.2;0
Pithiviers;48.17;2.25;27/07/2026;05:00;17.6;0;SOLEIL;4;37.1;0
Pithiviers;48.17;2.25;27/07/2026;06:00;17.6;0;SOLEIL;4;36.0;0
Pithiviers;48.17;2.25;27/07/2026;07:00;17.6;0;SOLEIL;4;35.3;0
Pithiviers;48.17;2.25;27/07/2026;08:00;18.2;6;AVERSES;5;35.3;0
Pithiviers;48.17;2.25;27/07/2026;09:00;19.2;6;AVERSES;5;36.4;0
Pithiviers;48.17;2.25;27/07/2026;10:00;20.2;6;AVERSES;5;38.2;0
Pithiviers;48.17;2.25;27/07/2026;11:00;23.6;6;AVERSES;5;40.7;0
Pithiviers;48.17;2.25;27/07/2026;12:00;23.6;6;AVERSES;5;43.2;0
Pithiviers;48.17;2.25;27/07/2026;13:00;23.6;6;AVERSES;5;45.4;0
Pithiviers;48.17;2.25;27/07/2026;14:00;24.2;6;AVERSES;5;47.2;0
Pithiviers;48.17;2.25;27/07/2026;15:00;25.2;6;AVERSES;5;48.6;0
Pithiviers;48.17;2.25;27/07/2026;16:00;24.2;6;AVERSES;5;49.7;0
Pithiviers;48.17;2.25;27/07/2026;17:00;23;6;AVERSES;5;50.8;0
Pithiviers;48.17;2.25;27/07/2026;18:00;23;6;AVERSES;5;51.5;0
Pithiviers;48.17;2.25;27/07/2026;19:00;23;6;AVERSES;5;51.5;0
Pithiviers;48.17;2.25;27/07/2026;20:00;20.2;6;AVERSES;5;51.1;0
Pithiviers;48.17;2.25;27/07/2026;21:00;19.2;6;AVERSES;5;49.7;0
Pithiviers;48.17;2.25;27/07/2026;22:00;18.2;6;AVERSES;5;47.5;0
Pithiviers;48.17;2.25;27/07/2026;23:00;17.7;0;SOLEIL;4;44.6;0
Pithiviers;48.17;2.25;28/07/2026;00:00;17.7;0;SOLEIL;4;41.4;0
Pithiviers;48.17;2.25;28/07/2026;01:00;17.7;0;SOLEIL;4;38.5;0
Pithiviers;48.17;2.25;28/07/2026;02:00;15.6;0;SOLEIL;5;36.4;0
Pithiviers;48.17;2.25;28/07/2026;03:00;15.6;0;SOLEIL;5;34.2;0
Pithiviers;48.17;2.25;28/07/2026;04:00;15.6;0;SOLEIL;5;32.4;0
Pithiviers;48.17;2.25;28/07/2026;05:00;17;0;SOLEIL;4;30.2;0
Pithiviers;48.17;2.25;28/07/2026;06:00;17;0;SOLEIL;4;28.8;0
Pithiviers;48.17;2.25;28/07/2026;07:00;17;0;SOLEIL;4;27.7;0
Pithiviers;48.17;2.25;28/07/2026;08:00;17.6;0;SOLEIL;5;27.7;0
Pithiviers;48.17;2.25;28/07/2026;09:00;18.6;0;SOLEIL;5;28.8;0
Pithiviers;48.17;2.25;28/07/2026;10:00;19.6;0;SOLEIL;5;30.6;0
Pithiviers;48.17;2.25;28/07/2026;11:00;23.2;0;SOLEIL;5;33.5;0
Pithiviers;48.17;2.25;28/07/2026;12:00;23.2;0;SOLEIL;5;36.0;0
Pithiviers;48.17;2.25;28/07/2026;13:00;23.2;0;SOLEIL;5;38.5;0
Pithiviers;48.17;2.25;28/07/2026;14:00;23.6;0;SOLEIL;5;40.3;0
Pithiviers;48.17;2.25;28/07/2026;15:00;24.6;0;SOLEIL;5;41.4;0
Pithiviers;48.17;2.25;28/07/2026;16:00;23.6;0;SOLEIL;5;42.1;0
Pithiviers;48.17;2.25;28/07/2026;17:00;22.1;0;SOLEIL;5;42.8;0
Pithiviers;48.17;2.25;28/07/2026;18:00;22.1;0;SOLEIL;5;43.2;0
Pithiviers;48.17;2.25;28/07/2026;19:00;22.1;0;SOLEIL;5;43.2;0
Pithiviers;48.17;2.25;28/07/2026;20:00;19.6;0;SOLEIL;5;42.8;0
Pithiviers;48.17;2.25;28/07/2026;21:00;18.6;0;SOLEIL;5;42.1;0
Pithiviers;48.17;2.25;28/07/2026;22:00;17.6;0;SOLEIL;5;40.7;0
Pithiviers;48.17;2.25;28/07/2026;23:00;17.6;0;SOLEIL;3;39.2;0
Pithiviers;48.17;2.25;29/07/2026;00:00;17.6;0;SOLEIL;3;37.8;0
Pithiviers;48.17;2.25;29/07/2026;01:00;17.6;0;SOLEIL;3;36.4;0
Pithiviers;48.17;2.25;29/07/2026;02:00;15.6;0;SOLEIL;5;35.6;0
Pithiviers;48.17;2.25;29/07/2026;03:00;15.6;0;SOLEIL;5;35.6;0
Pithiviers;48.17;2.25;29/07/2026;04:00;15.6;0;SOLEIL;5;35.6;0
Pithiviers;48.17;2.25;29/07/2026;05:00;;0;SOLEIL;;36.4;0
Pithiviers;48.17;2.25;29/07/2026;06:00;;0;SOLEIL;;37.1;0
Pithiviers;48.17;2.25;29/07/2026;07:00;;0;SOLEIL;;37.8;0
Pithiviers;48.17;2.25;29/07/2026;08:00;18.2;0;SOLEIL;5;38.9;0
Pithiviers;48.17;2.25;29/07/2026;09:00;19.5;0;SOLEIL;5;40.0;0
Pithiviers;48.17;2.25;29/07/2026;10:00;20.8;0;SOLEIL;5;41.8;0
Pithiviers;48.17;2.25;29/07/2026;11:00;;0;SOLEIL;;43.2;0
Pithiviers;48.17;2.25;29/07/2026;12:00;;0;SOLEIL;;45.0;0
Pithiviers;48.17;2.25;29/07/2026;13:00;;0;SOLEIL;;46.1;0
Pithiviers;48.17;2.25;29/07/2026;14:00;25.9;0;SOLEIL;5;47.2;0
Pithiviers;48.17;2.25;29/07/2026;15:00;27.2;0;SOLEIL;5;47.9;0
Pithiviers;48.17;2.25;29/07/2026;16:00;25.9;0;SOLEIL;5;48.2;0
Pithiviers;48.17;2.25;29/07/2026;17:00;;0;SOLEIL;;48.2;0
Pithiviers;48.17;2.25;29/07/2026;18:00;;0;SOLEIL;;48.2;0
Pithiviers;48.17;2.25;29/07/2026;19:00;;0;SOLEIL;;47.5;0
Pithiviers;48.17;2.25;29/07/2026;20:00;20.8;0;SOLEIL;5;46.8;0
Pithiviers;48.17;2.25;29/07/2026;21:00;19.5;0;SOLEIL;5;45.7;0
Pithiviers;48.17;2.25;29/07/2026;22:00;18.2;0;SOLEIL;5;44.3;0
Pithiviers;48.17;2.25;29/07/2026;23:00;;0;SOLEIL;;42.5;0
Pithiviers;48.17;2.25;30/07/2026;00:00;;0;SOLEIL;;40.3;0
Pithiviers;48.17;2.25;30/07/2026;01:00;;0;SOLEIL;;37.8;0
Pithiviers;48.17;2.25;30/07/2026;02:00;15.7;0;SOLEIL;5;35.3;0
Pithiviers;48.17;2.25;30/07/2026;03:00;15.7;0;SOLEIL;5;32.0;0
Pithiviers;48.17;2.25;30/07/2026;04:00;15.7;0;SOLEIL;5;27.7;0
Pithiviers;48.17;2.25;30/07/2026;05:00;;0;SOLEIL;;23.4;0
Pithiviers;48.17;2.25;30/07/2026;06:00;;0;SOLEIL;;19.1;0
Pithiviers;48.17;2.25;30/07/2026;07:00;;0;SOLEIL;;15.8;0
Pithiviers;48.17;2.25;30/07/2026;08:00;18.5;0;SOLEIL;5;14.0;0
Pithiviers;48.17;2.25;30/07/2026;09:00;19.9;0;SOLEIL;5;14.0;0
Pithiviers;48.17;2.25;30/07/2026;10:00;21.3;0;SOLEIL;5;15.5;0
Pithiviers;48.17;2.25;30/07/2026;11:00;;0;SOLEIL;;18.0;0
Pithiviers;48.17;2.25;30/07/2026;12:00;;0;SOLEIL;;20.5;0
Pithiviers;48.17;2.25;30/07/2026;13:00;;0;SOLEIL;;23.0;0
Pithiviers;48.17;2.25;30/07/2026;14:00;26.8;0;SOLEIL;5;24.8;0
Pithiviers;48.17;2.25;30/07/2026;15:00;28.2;0;SOLEIL;5;25.9;0
Pithiviers;48.17;2.25;30/07/2026;16:00;26.8;0;SOLEIL;5;27.0;0
Pithiviers;48.17;2.25;30/07/2026;17:00;;0;SOLEIL;;27.7;0
Pithiviers;48.17;2.25;30/07/2026;18:00;;0;SOLEIL;;28.4;0
Pithiviers;48.17;2.25;30/07/2026;19:00;;0;SOLEIL;;29.2;0
Pithiviers;48.17;2.25;30/07/2026;20:00;21.3;0;SOLEIL;5;29.5;0
Pithiviers;48.17;2.25;30/07/2026;21:00;19.9;0;SOLEIL;5;29.9;0
Pithiviers;48.17;2.25;30/07/2026;22:00;18.5;0;SOLEIL;5;30.2;0
Pithiviers;48.17;2.25;30/07/2026;23:00;;0;SOLEIL;;30.6;0
Pithiviers;48.17;2.25;31/07/2026;00:00;;0;SOLEIL;;30.6;0
Pithiviers;48.17;2.25;31/07/2026;01:00;;0;SOLEIL;;29.9;0
Pithiviers;48.17;2.25;31/07/2026;02:00;16;0;SOLEIL;5;29.2;0
Pithiviers;48.17;2.25;31/07/2026;03:00;16;0;SOLEIL;5;27.4;0
Pithiviers;48.17;2.25;31/07/2026;04:00;16;0;SOLEIL;5;25.2;0
Pithiviers;48.17;2.25;31/07/2026;05:00;;0;SOLEIL;;22.3;0
Pithiviers;48.17;2.25;31/07/2026;06:00;;0;SOLEIL;;19.4;0
Pithiviers;48.17;2.25;31/07/2026;07:00;;0;SOLEIL;;17.3;0
Pithiviers;48.17;2.25;31/07/2026;08:00;19.0;0;SOLEIL;5;15.8;0
Pithiviers;48.17;2.25;31/07/2026;09:00;20.5;0;SOLEIL;5;15.5;0
Pithiviers;48.17;2.25;31/07/2026;10:00;22.0;0;SOLEIL;5;15.8;0
Pithiviers;48.17;2.25;31/07/2026;11:00;;0;SOLEIL;;16.9;0
Pithiviers;48.17;2.25;31/07/2026;12:00;;0;SOLEIL;;18.0;0
Pithiviers;48.17;2.25;31/07/2026;13:00;;0;SOLEIL;;19.1;0
Pithiviers;48.17;2.25;31/07/2026;14:00;28.1;0;SOLEIL;5;19.8;0
Pithiviers;48.17;2.25;31/07/2026;15:00;29.6;0;SOLEIL;5;20.2;0
Pithiviers;48.17;2.25;31/07/2026;16:00;28.1;0;SOLEIL;5;20.5;0
Pithiviers;48.17;2.25;31/07/2026;17:00;;0;SOLEIL;;20.5;0
Pithiviers;48.17;2.25;31/07/2026;18:00;;0;SOLEIL;;20.5;0
Pithiviers;48.17;2.25;31/07/2026;19:00;;0;SOLEIL;;20.9;0
Pithiviers;48.17;2.25;31/07/2026;20:00;22.0;0;SOLEIL;5;21.2;0
Pithiviers;48.17;2.25;31/07/2026;21:00;20.5;0;SOLEIL;5;22.0;0
Pithiviers;48.17;2.25;31/07/2026;22:00;19.0;0;SOLEIL;5;22.7;0
Pithiviers;48.17;2.25;31/07/2026;23:00;;0;SOLEIL;;23.8;0
Pithiviers;48.17;2.25;01/08/2026;00:00;;0;SOLEIL;;24.8;0
Pithiviers;48.17;2.25;01/08/2026;01:00;;0;SOLEIL;;25.6;0
Pithiviers;48.17;2.25;01/08/2026;02:00;15.6;0;SOLEIL;5;25.9;0
Pithiviers;48.17;2.25;01/08/2026;03:00;15.6;0;SOLEIL;5;25.9;0
Pithiviers;48.17;2.25;01/08/2026;04:00;15.6;0;SOLEIL;5;25.6;0
Pithiviers;48.17;2.25;01/08/2026;05:00;;0;SOLEIL;;25.2;0
Pithiviers;48.17;2.25;01/08/2026;06:00;;0;SOLEIL;;24.8;0
Pithiviers;48.17;2.25;01/08/2026;07:00;;0;SOLEIL;;24.1;0
Pithiviers;48.17;2.25;01/08/2026;08:00;18.1;0;SOLEIL;5;23.8;0
Pithiviers;48.17;2.25;01/08/2026;09:00;19.4;0;SOLEIL;5;23.0;0
Pithiviers;48.17;2.25;01/08/2026;10:00;20.6;0;SOLEIL;5;22.3;0
Pithiviers;48.17;2.25;01/08/2026;11:00;;0;SOLEIL;;21.6;0
Pithiviers;48.17;2.25;01/08/2026;12:00;;0;SOLEIL;;20.9;0
Pithiviers;48.17;2.25;01/08/2026;13:00;;0;SOLEIL;;20.5;0
Pithiviers;48.17;2.25;01/08/2026;14:00;25.6;0;SOLEIL;5;20.9;0
Pithiviers;48.17;2.25;01/08/2026;15:00;26.9;0;SOLEIL;5;22.0;0
Pithiviers;48.17;2.25;01/08/2026;16:00;25.6;0;SOLEIL;5;23.8;0
Pithiviers;48.17;2.25;01/08/2026;17:00;;0;SOLEIL;;25.9;0
Pithiviers;48.17;2.25;01/08/2026;18:00;;0;SOLEIL;;28.1;0
Pithiviers;48.17;2.25;01/08/2026;19:00;;0;SOLEIL;;29.5;0
Pithiviers;48.17;2.25;01/08/2026;20:00;20.6;0;SOLEIL;5;30.2;0
Pithiviers;48.17;2.25;01/08/2026;21:00;19.4;0;SOLEIL;5;29.9;0
Pithiviers;48.17;2.25;01/08/2026;22:00;18.1;0;SOLEIL;5;28.8;0
Pithiviers;48.17;2.25;01/08/2026;23:00;;0;SOLEIL;;27.0;0
Pithiviers;48.17;2.25;02/08/2026;00:00;;0;SOLEIL;;25.2;0
Pithiviers;48.17;2.25;02/08/2026;01:00;;0;SOLEIL;;23.4;0
Pithiviers;48.17;2.25;02/08/2026;02:00;15.7;0;SOLEIL;5;22.0;0
Pithiviers;48.17;2.25;02/08/2026;03:00;15.7;0;SOLEIL;5;20.5;0
Pithiviers;48.17;2.25;02/08/2026;04:00;15.7;0;SOLEIL;5;19.1;0
Pithiviers;48.17;2.25;02/08/2026;05:00;;0;SOLEIL;;17.6;0
Pithiviers;48.17;2.25;02/08/2026;06:00;;0;SOLEIL;;16.2;0
Pithiviers;48.17;2.25;02/08/2026;07:00;;0;SOLEIL;;15.1;0
Pithiviers;48.17;2.25;02/08/2026;08:00;18.2;0;SOLEIL;5;14.8;0
Pithiviers;48.17;2.25;02/08/2026;09:00;19.5;0;SOLEIL;5;15.1;0
Pithiviers;48.17;2.25;02/08/2026;10:00;20.8;0;SOLEIL;5;15.8;0
Pithiviers;48.17;2.25;02/08/2026;11:00;;0;SOLEIL;;16.9;0
Pithiviers;48.17;2.25;02/08/2026;12:00;;0;SOLEIL;;18.0;0
Pithiviers;48.17;2.25;02/08/2026;13:00;;0;SOLEIL;;19.1;0
Pithiviers;48.17;2.25;02/08/2026;14:00;25.8;0;SOLEIL;5;19.8;0
Pithiviers;48.17;2.25;02/08/2026;15:00;27.1;0;SOLEIL;5;20.2;0
Pithiviers;48.17;2.25;02/08/2026;16:00;25.8;0;SOLEIL;5;20.5;0
Pithiviers;48.17;2.25;02/08/2026;17:00;;0;SOLEIL;;20.5;0
Pithiviers;48.17;2.25;02/08/2026;18:00;;0;SOLEIL;;20.5;0
Pithiviers;48.17;2.25;02/08/2026;19:00;;0;SOLEIL;;20.2;0
Pithiviers;48.17;2.25;02/08/2026;20:00;20.8;0;SOLEIL;5;20.2;0
Pithiviers;48.17;2.25;02/08/2026;21:00;19.5;0;SOLEIL;5;19.8;0
Pithiviers;48.17;2.25;02/08/2026;22:00;18.2;0;SOLEIL;5;19.8;0
Pithiviers;48.17;2.25;02/08/2026;23:00;17.0;0;SOLEIL;5;19.4;0
Pithiviers;48.17;2.25;03/08/2026;00:00;12;0;SOLEIL;5;19.9;0
Pithiviers;48.17;2.25;03/08/2026;01:00;12;0;SOLEIL;5;21.2;0
Pithiviers;48.17;2.25;03/08/2026;02:00;12;0;SOLEIL;5;22.7;0
Pithiviers;48.17;2.25;03/08/2026;03:00;12;0;SOLEIL;5;23.8;0
Pithiviers;48.17;2.25;03/08/2026;04:00;12;0;SOLEIL;5;22.3;0
Pithiviers;48.17;2.25;03/08/2026;05:00;12;0;SOLEIL;5;20.9;0
Pithiviers;48.17;2.25;03/08/2026;06:00;12;0;SOLEIL;5;18.7;0
Pithiviers;48.17;2.25;03/08/2026;07:00;13.1;0;SOLEIL;5;16.6;0
Pithiviers;48.17;2.25;03/08/2026;08:00;14.2;0;SOLEIL;5;14.8;0
Pithiviers;48.17;2.25;03/08/2026;09:00;15.3;0;SOLEIL;5;13.7;0
Pithiviers;48.17;2.25;03/08/2026;10:00;16.4;0;SOLEIL;5;13.7;0
Pithiviers;48.17;2.25;03/08/2026;11:00;17.6;0;SOLEIL;5;15.1;0
Pithiviers;48.17;2.25;03/08/2026;12:00;18.7;0;SOLEIL;5;19.4;0
Pithiviers;48.17;2.25;03/08/2026;13:00;19.8;0;SOLEIL;5;25.9;0
Pithiviers;48.17;2.25;03/08/2026;14:00;20.9;0;SOLEIL;5;31.0;0
Pithiviers;48.17;2.25;03/08/2026;15:00;22.0;0;SOLEIL;5;34.6;0
Pithiviers;48.17;2.25;03/08/2026;16:00;20.9;0;SOLEIL;5;37.1;0
Pithiviers;48.17;2.25;03/08/2026;17:00;19.8;0;SOLEIL;5;37.8;0
Pithiviers;48.17;2.25;03/08/2026;18:00;18.7;0;SOLEIL;5;35.3;0
Pithiviers;48.17;2.25;03/08/2026;19:00;17.6;0;SOLEIL;5;30.6;0
Pithiviers;48.17;2.25;03/08/2026;20:00;16.4;0;SOLEIL;5;28.4;0
Pithiviers;48.17;2.25;03/08/2026;21:00;15.3;0;SOLEIL;5;31.3;0
Pithiviers;48.17;2.25;03/08/2026;22:00;14.2;0;SOLEIL;5;36.4;0
Pithiviers;48.17;2.25;03/08/2026;23:00;13.1;0;SOLEIL;5;40.0;0
Pithiviers;48.17;2.25;04/08/2026;00:00;12;0;SOLEIL;5;0.0;0
Pithiviers;48.17;2.25;04/08/2026;01:00;12;0;SOLEIL;5;0.0;0
Pithiviers;48.17;2.25;04/08/2026;02:00;12;0;SOLEIL;5;0.0;0
Pithiviers;48.17;2.25;04/08/2026;03:00;12;0;SOLEIL;5;0.0;0
Pithiviers;48.17;2.25;04/08/2026;04:00;12;0;SOLEIL;5;0.0;0
Pithiviers;48.17;2.25;04/08/2026;05:00;12;0;SOLEIL;5;0.0;0
Pithiviers;48.17;2.25;04/08/2026;06:00;12;0;SOLEIL;5;0.0;0
Pithiviers;48.17;2.25;04/08/2026;07:00;13.1;0;SOLEIL;5;0.0;0
Pithiviers;48.17;2.25;04/08/2026;08:00;14.2;0;SOLEIL;5;0.0;0
Pithiviers;48.17;2.25;04/08/2026;09:00;15.3;0;SOLEIL;5;0.0;0
Pithiviers;48.17;2.25;04/08/2026;10:00;16.4;0;SOLEIL;5;0.0;0
Pithiviers;48.17;2.25;04/08/2026;11:00;17.6;0;SOLEIL;5;0.0;0
Pithiviers;48.17;2.25;04/08/2026;12:00;18.7;0;SOLEIL;5;0.0;0
Pithiviers;48.17;2.25;04/08/2026;13:00;19.8;0;SOLEIL;5;0.0;0
Pithiviers;48.17;2.25;04/08/2026;14:00;20.9;0;SOLEIL;5;0.0;0
Pithiviers;48.17;2.25;04/08/2026;15:00;22.0;0;SOLEIL;5;0.0;0
Pithiviers;48.17;2.25;04/08/2026;16:00;20.9;0;SOLEIL;5;0.0;0
Pithiviers;48.17;2.25;04/08/2026;17:00;19.8;0;SOLEIL;5;0.0;0
Pithiviers;48.17;2.25;04/08/2026;18:00;18.7;0;SOLEIL;5;0.0;0
Pithiviers;48.17;2.25;04/08/2026;19:00;17.6;0;SOLEIL;5;0.0;0
Pithiviers;48.17;2.25;04/08/2026;20:00;16.4;0;SOLEIL;5;0.0;0
Pithiviers;48.17;2.25;04/08/2026;21:00;15.3;0;SOLEIL;5;0.0;0
Pithiviers;48.17;2.25;04/08/2026;22:00;14.2;0;SOLEIL;5;0.0;0
Pithiviers;48.17;2.25;04/08/2026;23:00;13.1;0;SOLEIL;5;0.0;0
