Ville;Latitude;Longitude;Date;Heure;temperature_2m;weathercode;Temps_Label;windspeed_10m;wind_gusts_10m;precipitation
Foix;42.96;1.6;16/07/2026;00:00;27.4;0;SOLEIL;3;18.7;0
Foix;42.96;1.6;16/07/2026;01:00;26;0;SOLEIL;2;19.8;0
Foix;42.96;1.6;16/07/2026;02:00;25.5;0;SOLEIL;2;18.7;0
Foix;42.96;1.6;16/07/2026;03:00;24.2;0;SOLEIL;2;15.1;0
Foix;42.96;1.6;16/07/2026;04:00;23.6;0;SOLEIL;2;13.0;0
Foix;42.96;1.6;16/07/2026;05:00;22.7;5;SOLEIL VOILÉ;2;13.7;0
Foix;42.96;1.6;16/07/2026;06:00;23.7;5;SOLEIL VOILÉ;2;11.9;0
Foix;42.96;1.6;16/07/2026;07:00;24.7;5;SOLEIL VOILÉ;2;10.4;0
Foix;42.96;1.6;16/07/2026;08:00;25.6;2;NUAGEUX;1;14.8;0
Foix;42.96;1.6;16/07/2026;09:00;26.6;2;NUAGEUX;2;31.3;0
Foix;42.96;1.6;16/07/2026;10:00;26.4;2;NUAGEUX;3;30.6;0
Foix;42.96;1.6;16/07/2026;11:00;27.7;2;NUAGEUX;4;11.5;0
Foix;42.96;1.6;16/07/2026;12:00;31.1;5;SOLEIL VOILÉ;6;11.9;0
Foix;42.96;1.6;16/07/2026;13:00;32.4;5;SOLEIL VOILÉ;5;11.5;0
Foix;42.96;1.6;16/07/2026;14:00;32.6;5;SOLEIL VOILÉ;6;15.5;0
Foix;42.96;1.6;16/07/2026;15:00;32.7;0;SOLEIL;6;16.2;0
Foix;42.96;1.6;16/07/2026;16:00;32.6;0;SOLEIL;4;15.1;0
Foix;42.96;1.6;16/07/2026;17:00;32.6;0;SOLEIL;4;16.6;0
Foix;42.96;1.6;16/07/2026;18:00;31.6;10;ORAGEUX;5;18.4;0
Foix;42.96;1.6;16/07/2026;19:00;29.5;10;ORAGEUX;5;16.9;0
Foix;42.96;1.6;16/07/2026;20:00;27.7;10;ORAGEUX;4;15.8;0
Foix;42.96;1.6;16/07/2026;21:00;26.9;10;ORAGEUX;4;24.5;0
Foix;42.96;1.6;16/07/2026;22:00;25.1;10;ORAGEUX;4;27.4;0
Foix;42.96;1.6;16/07/2026;23:00;24.6;10;ORAGEUX;4;27.0;0
Foix;42.96;1.6;17/07/2026;00:00;23;10;ORAGEUX;4;30.6;0
Foix;42.96;1.6;17/07/2026;01:00;23;10;ORAGEUX;4;31.0;0
Foix;42.96;1.6;17/07/2026;02:00;20.9;0;SOLEIL;3;30.2;0
Foix;42.96;1.6;17/07/2026;03:00;20.9;0;SOLEIL;3;31.3;0
Foix;42.96;1.6;17/07/2026;04:00;20.9;0;SOLEIL;3;28.8;0
Foix;42.96;1.6;17/07/2026;05:00;22;2;NUAGEUX;3;23.0;0
Foix;42.96;1.6;17/07/2026;06:00;22;2;NUAGEUX;3;22.0;0
Foix;42.96;1.6;17/07/2026;07:00;22;2;NUAGEUX;3;21.6;0
Foix;42.96;1.6;17/07/2026;08:00;23.7;2;NUAGEUX;3;20.2;0
Foix;42.96;1.6;17/07/2026;09:00;23.7;2;NUAGEUX;3;20.9;0
Foix;42.96;1.6;17/07/2026;10:00;23.7;2;NUAGEUX;3;20.2;0
Foix;42.96;1.6;17/07/2026;11:00;26.4;2;NUAGEUX;3;20.5;0
Foix;42.96;1.6;17/07/2026;12:00;26.4;2;NUAGEUX;3;23.8;0
Foix;42.96;1.6;17/07/2026;13:00;26.4;2;NUAGEUX;3;28.1;0
Foix;42.96;1.6;17/07/2026;14:00;28.5;0;SOLEIL;4;27.7;0
Foix;42.96;1.6;17/07/2026;15:00;28.5;0;SOLEIL;4;27.4;0
Foix;42.96;1.6;17/07/2026;16:00;28.5;0;SOLEIL;4;28.4;0
Foix;42.96;1.6;17/07/2026;17:00;28.5;0;SOLEIL;4;30.6;0
Foix;42.96;1.6;17/07/2026;18:00;28.5;0;SOLEIL;4;27.4;0
Foix;42.96;1.6;17/07/2026;19:00;28.5;0;SOLEIL;4;27.9;0
Foix;42.96;1.6;17/07/2026;20:00;25.5;0;SOLEIL;3;29.3;0
Foix;42.96;1.6;17/07/2026;21:00;25.5;0;SOLEIL;3;21.2;0
Foix;42.96;1.6;17/07/2026;22:00;25.5;0;SOLEIL;3;14.4;0
Foix;42.96;1.6;17/07/2026;23:00;23.5;0;SOLEIL;3;9.7;0
Foix;42.96;1.6;18/07/2026;00:00;23.5;0;SOLEIL;3;13.7;0
Foix;42.96;1.6;18/07/2026;01:00;23.5;0;SOLEIL;3;14.8;0
Foix;42.96;1.6;18/07/2026;02:00;21;0;SOLEIL;2;14.0;0
Foix;42.96;1.6;18/07/2026;03:00;21;0;SOLEIL;2;13.3;0
Foix;42.96;1.6;18/07/2026;04:00;21;0;SOLEIL;2;12.2;0
Foix;42.96;1.6;18/07/2026;05:00;21.5;0;SOLEIL;3;12.2;0
Foix;42.96;1.6;18/07/2026;06:00;21.5;0;SOLEIL;3;12.2;0
Foix;42.96;1.6;18/07/2026;07:00;21.5;0;SOLEIL;3;12.6;0
Foix;42.96;1.6;18/07/2026;08:00;25;0;SOLEIL;2;13.0;0
Foix;42.96;1.6;18/07/2026;09:00;25;0;SOLEIL;2;15.8;0
Foix;42.96;1.6;18/07/2026;10:00;25;0;SOLEIL;2;17.3;0
Foix;42.96;1.6;18/07/2026;11:00;28;0;SOLEIL;3;18.0;0
Foix;42.96;1.6;18/07/2026;12:00;28;0;SOLEIL;3;17.6;0
Foix;42.96;1.6;18/07/2026;13:00;28;0;SOLEIL;3;18.4;0
Foix;42.96;1.6;18/07/2026;14:00;30.5;0;SOLEIL;3;19.4;0
Foix;42.96;1.6;18/07/2026;15:00;30.5;0;SOLEIL;3;20.5;0
Foix;42.96;1.6;18/07/2026;16:00;30.5;0;SOLEIL;3;20.9;0
Foix;42.96;1.6;18/07/2026;17:00;29.9;0;SOLEIL;3;20.9;0
Foix;42.96;1.6;18/07/2026;18:00;29.9;0;SOLEIL;3;21.6;0
Foix;42.96;1.6;18/07/2026;19:00;29.9;0;SOLEIL;3;21.2;0
Foix;42.96;1.6;18/07/2026;20:00;25.1;0;SOLEIL;5;19.4;0
Foix;42.96;1.6;18/07/2026;21:00;23.8;0;SOLEIL;5;16.2;0
Foix;42.96;1.6;18/07/2026;22:00;22.5;0;SOLEIL;5;12.2;0
Foix;42.96;1.6;18/07/2026;23:00;24.5;0;SOLEIL;2;9.0;0
Foix;42.96;1.6;19/07/2026;00:00;24.5;0;SOLEIL;2;7.9;0
Foix;42.96;1.6;19/07/2026;01:00;24.5;0;SOLEIL;2;7.9;0
Foix;42.96;1.6;19/07/2026;02:00;21.1;0;SOLEIL;5;7.6;0
Foix;42.96;1.6;19/07/2026;03:00;21.1;0;SOLEIL;5;6.5;0
Foix;42.96;1.6;19/07/2026;04:00;21.1;0;SOLEIL;5;5.0;0
Foix;42.96;1.6;19/07/2026;05:00;22.5;0;SOLEIL;2;4.3;0
Foix;42.96;1.6;19/07/2026;06:00;22.5;0;SOLEIL;2;4.3;0
Foix;42.96;1.6;19/07/2026;07:00;22.5;0;SOLEIL;2;5.0;0
Foix;42.96;1.6;19/07/2026;08:00;24.1;0;SOLEIL;5;5.8;0
Foix;42.96;1.6;19/07/2026;09:00;25.6;0;SOLEIL;5;6.1;0
Foix;42.96;1.6;19/07/2026;10:00;27.1;0;SOLEIL;5;6.5;0
Foix;42.96;1.6;19/07/2026;11:00;31.6;2;NUAGEUX;2;7.9;0
Foix;42.96;1.6;19/07/2026;12:00;31.6;2;NUAGEUX;2;11.5;0
Foix;42.96;1.6;19/07/2026;13:00;31.6;2;NUAGEUX;2;16.6;0
Foix;42.96;1.6;19/07/2026;14:00;33.1;0;SOLEIL;5;20.2;0
Foix;42.96;1.6;19/07/2026;15:00;34.6;0;SOLEIL;5;21.2;0
Foix;42.96;1.6;19/07/2026;16:00;33.1;0;SOLEIL;5;21.2;0
Foix;42.96;1.6;19/07/2026;17:00;32.9;0;SOLEIL;3;20.5;0
Foix;42.96;1.6;19/07/2026;18:00;32.9;0;SOLEIL;3;19.8;0
Foix;42.96;1.6;19/07/2026;19:00;32.9;0;SOLEIL;3;18.4;0
Foix;42.96;1.6;19/07/2026;20:00;27.1;0;SOLEIL;5;16.9;0
Foix;42.96;1.6;19/07/2026;21:00;25.6;0;SOLEIL;5;14.8;0
Foix;42.96;1.6;19/07/2026;22:00;24.1;0;SOLEIL;5;12.6;0
Foix;42.96;1.6;19/07/2026;23:00;25.2;0;SOLEIL;1;10.4;0
Foix;42.96;1.6;20/07/2026;00:00;25.2;0;SOLEIL;1;9.0;0
Foix;42.96;1.6;20/07/2026;01:00;25.2;0;SOLEIL;1;7.6;0
Foix;42.96;1.6;20/07/2026;02:00;21.2;0;SOLEIL;5;6.8;0
Foix;42.96;1.6;20/07/2026;03:00;21.2;0;SOLEIL;5;6.8;0
Foix;42.96;1.6;20/07/2026;04:00;21.2;0;SOLEIL;5;7.6;0
Foix;42.96;1.6;20/07/2026;05:00;22.4;0;SOLEIL;3;8.3;0
Foix;42.96;1.6;20/07/2026;06:00;22.4;0;SOLEIL;3;8.3;0
Foix;42.96;1.6;20/07/2026;07:00;22.4;0;SOLEIL;3;7.9;0
Foix;42.96;1.6;20/07/2026;08:00;24.3;0;SOLEIL;5;9.0;0
Foix;42.96;1.6;20/07/2026;09:00;25.8;0;SOLEIL;5;11.9;0
Foix;42.96;1.6;20/07/2026;10:00;27.4;0;SOLEIL;5;15.8;0
Foix;42.96;1.6;20/07/2026;11:00;31.5;0;SOLEIL;3;19.4;0
Foix;42.96;1.6;20/07/2026;12:00;31.5;0;SOLEIL;3;22.0;0
Foix;42.96;1.6;20/07/2026;13:00;31.5;0;SOLEIL;3;24.1;0
Foix;42.96;1.6;20/07/2026;14:00;33.6;0;SOLEIL;5;25.7;0
Foix;42.96;1.6;20/07/2026;15:00;35.1;0;SOLEIL;5;27.7;0
Foix;42.96;1.6;20/07/2026;16:00;33.6;0;SOLEIL;5;29.5;0
Foix;42.96;1.6;20/07/2026;17:00;32.6;0;SOLEIL;4;30.6;0
Foix;42.96;1.6;20/07/2026;18:00;32.6;0;SOLEIL;4;29.9;0
Foix;42.96;1.6;20/07/2026;19:00;32.6;0;SOLEIL;4;28.1;0
Foix;42.96;1.6;20/07/2026;20:00;27.4;0;SOLEIL;5;25.6;0
Foix;42.96;1.6;20/07/2026;21:00;25.8;0;SOLEIL;5;21.2;0
Foix;42.96;1.6;20/07/2026;22:00;24.3;0;SOLEIL;5;16.2;0
Foix;42.96;1.6;20/07/2026;23:00;23.9;0;SOLEIL;2;12.2;0
Foix;42.96;1.6;21/07/2026;00:00;23.9;0;SOLEIL;2;11.2;0
Foix;42.96;1.6;21/07/2026;01:00;23.9;0;SOLEIL;2;11.2;0
Foix;42.96;1.6;21/07/2026;02:00;20.2;0;SOLEIL;5;11.5;0
Foix;42.96;1.6;21/07/2026;03:00;20.2;0;SOLEIL;5;11.2;0
Foix;42.96;1.6;21/07/2026;04:00;20.2;0;SOLEIL;5;11.2;0
Foix;42.96;1.6;21/07/2026;05:00;21.4;0;SOLEIL;3;10.8;0
Foix;42.96;1.6;21/07/2026;06:00;21.4;0;SOLEIL;3;10.4;0
Foix;42.96;1.6;21/07/2026;07:00;21.4;0;SOLEIL;3;9.7;0
Foix;42.96;1.6;21/07/2026;08:00;23.5;0;SOLEIL;5;10.8;0
Foix;42.96;1.6;21/07/2026;09:00;25.2;0;SOLEIL;5;14.4;0
Foix;42.96;1.6;21/07/2026;10:00;26.8;0;SOLEIL;5;19.1;0
Foix;42.96;1.6;21/07/2026;11:00;32.2;0;SOLEIL;4;23.0;0
Foix;42.96;1.6;21/07/2026;12:00;32.2;0;SOLEIL;4;25.2;0
Foix;42.96;1.6;21/07/2026;13:00;32.2;0;SOLEIL;4;26.3;0
Foix;42.96;1.6;21/07/2026;14:00;33.4;0;SOLEIL;5;27.4;0
Foix;42.96;1.6;21/07/2026;15:00;35.1;0;SOLEIL;5;28.1;0
Foix;42.96;1.6;21/07/2026;16:00;33.4;0;SOLEIL;5;28.8;0
Foix;42.96;1.6;21/07/2026;17:00;32.9;0;SOLEIL;4;28.8;0
Foix;42.96;1.6;21/07/2026;18:00;32.9;0;SOLEIL;4;28.8;0
Foix;42.96;1.6;21/07/2026;19:00;32.9;0;SOLEIL;4;28.4;0
Foix;42.96;1.6;21/07/2026;20:00;26.8;0;SOLEIL;5;26.6;0
Foix;42.96;1.6;21/07/2026;21:00;25.2;0;SOLEIL;5;22.3;0
Foix;42.96;1.6;21/07/2026;22:00;23.5;0;SOLEIL;5;16.6;0
Foix;42.96;1.6;21/07/2026;23:00;24.1;0;SOLEIL;2;11.9;0
Foix;42.96;1.6;22/07/2026;00:00;24.1;0;SOLEIL;2;9.4;0
Foix;42.96;1.6;22/07/2026;01:00;24.1;0;SOLEIL;2;7.9;0
Foix;42.96;1.6;22/07/2026;02:00;20;0;SOLEIL;5;6.8;0
Foix;42.96;1.6;22/07/2026;03:00;20;0;SOLEIL;5;5.4;0
Foix;42.96;1.6;22/07/2026;04:00;20;0;SOLEIL;5;4.0;0
Foix;42.96;1.6;22/07/2026;05:00;21.2;0;SOLEIL;2;3.2;0
Foix;42.96;1.6;22/07/2026;06:00;21.2;0;SOLEIL;2;2.9;0
Foix;42.96;1.6;22/07/2026;07:00;21.2;0;SOLEIL;2;2.5;0
Foix;42.96;1.6;22/07/2026;08:00;23.3;0;SOLEIL;5;3.2;0
Foix;42.96;1.6;22/07/2026;09:00;25.0;0;SOLEIL;5;5.0;0
Foix;42.96;1.6;22/07/2026;10:00;26.7;0;SOLEIL;5;7.6;0
Foix;42.96;1.6;22/07/2026;11:00;32.2;0;SOLEIL;3;10.4;0
Foix;42.96;1.6;22/07/2026;12:00;32.2;0;SOLEIL;3;14.0;0
Foix;42.96;1.6;22/07/2026;13:00;32.2;0;SOLEIL;3;18.0;0
Foix;42.96;1.6;22/07/2026;14:00;33.3;0;SOLEIL;5;20.9;0
Foix;42.96;1.6;22/07/2026;15:00;35.0;0;SOLEIL;5;22.3;0
Foix;42.96;1.6;22/07/2026;16:00;33.3;0;SOLEIL;5;23.0;0
Foix;42.96;1.6;22/07/2026;17:00;32.6;0;SOLEIL;4;23.4;0
Foix;42.96;1.6;22/07/2026;18:00;32.6;0;SOLEIL;4;23.8;0
Foix;42.96;1.6;22/07/2026;19:00;32.6;0;SOLEIL;4;23.8;0
Foix;42.96;1.6;22/07/2026;20:00;26.7;0;SOLEIL;5;22.7;0
Foix;42.96;1.6;22/07/2026;21:00;25.0;0;SOLEIL;5;19.1;0
Foix;42.96;1.6;22/07/2026;22:00;23.3;0;SOLEIL;5;14.0;0
Foix;42.96;1.6;22/07/2026;23:00;24.1;0;SOLEIL;2;10.1;0
Foix;42.96;1.6;23/07/2026;00:00;24.1;0;SOLEIL;2;15.7;0
Foix;42.96;1.6;23/07/2026;01:00;24.1;0;SOLEIL;2;22.1;0
Foix;42.96;1.6;23/07/2026;02:00;20;0;SOLEIL;5;28.4;0
Foix;42.96;1.6;23/07/2026;03:00;20;0;SOLEIL;5;33.1;0
Foix;42.96;1.6;23/07/2026;04:00;20;0;SOLEIL;5;29.5;0
Foix;42.96;1.6;23/07/2026;05:00;21.5;0;SOLEIL;3;25.2;0
Foix;42.96;1.6;23/07/2026;06:00;21.5;0;SOLEIL;3;20.9;0
Foix;42.96;1.6;23/07/2026;07:00;21.5;0;SOLEIL;3;18.0;0
Foix;42.96;1.6;23/07/2026;08:00;23.4;0;SOLEIL;5;16.6;0
Foix;42.96;1.6;23/07/2026;09:00;25.2;0;SOLEIL;5;17.3;0
Foix;42.96;1.6;23/07/2026;10:00;26.9;0;SOLEIL;5;19.4;0
Foix;42.96;1.6;23/07/2026;11:00;32.5;0;SOLEIL;4;22.3;0
Foix;42.96;1.6;23/07/2026;12:00;32.5;0;SOLEIL;4;25.9;0
Foix;42.96;1.6;23/07/2026;13:00;32.5;0;SOLEIL;4;29.2;0
Foix;42.96;1.6;23/07/2026;14:00;33.8;0;SOLEIL;5;31.3;0
Foix;42.96;1.6;23/07/2026;15:00;35.5;0;SOLEIL;5;32.8;0
Foix;42.96;1.6;23/07/2026;16:00;33.8;0;SOLEIL;5;33.8;0
Foix;42.96;1.6;23/07/2026;17:00;33.6;0;SOLEIL;4;34.9;0
Foix;42.96;1.6;23/07/2026;18:00;33.6;0;SOLEIL;4;35.3;0
Foix;42.96;1.6;23/07/2026;19:00;33.6;0;SOLEIL;4;35.6;0
Foix;42.96;1.6;23/07/2026;20:00;26.9;0;SOLEIL;5;36.0;0
Foix;42.96;1.6;23/07/2026;21:00;25.2;0;SOLEIL;5;36.0;0
Foix;42.96;1.6;23/07/2026;22:00;23.4;0;SOLEIL;5;36.0;0
Foix;42.96;1.6;23/07/2026;23:00;25.2;0;SOLEIL;2;35.6;0
Foix;42.96;1.6;24/07/2026;00:00;25.2;0;SOLEIL;2;34.9;0
Foix;42.96;1.6;24/07/2026;01:00;25.2;0;SOLEIL;2;33.8;0
Foix;42.96;1.6;24/07/2026;02:00;20.6;0;SOLEIL;5;32.4;0
Foix;42.96;1.6;24/07/2026;03:00;20.6;0;SOLEIL;5;30.2;0
Foix;42.96;1.6;24/07/2026;04:00;20.6;0;SOLEIL;5;27.0;0
Foix;42.96;1.6;24/07/2026;05:00;21.6;0;SOLEIL;2;23.4;0
Foix;42.96;1.6;24/07/2026;06:00;21.6;0;SOLEIL;2;19.8;0
Foix;42.96;1.6;24/07/2026;07:00;21.6;0;SOLEIL;2;17.3;0
Foix;42.96;1.6;24/07/2026;08:00;23.6;0;SOLEIL;5;16.2;0
Foix;42.96;1.6;24/07/2026;09:00;25.0;0;SOLEIL;5;16.9;0
Foix;42.96;1.6;24/07/2026;10:00;26.5;0;SOLEIL;5;18.7;0
Foix;42.96;1.6;24/07/2026;11:00;31.6;0;SOLEIL;3;21.6;0
Foix;42.96;1.6;24/07/2026;12:00;31.6;0;SOLEIL;3;24.5;0
Foix;42.96;1.6;24/07/2026;13:00;31.6;0;SOLEIL;3;27.4;0
Foix;42.96;1.6;24/07/2026;14:00;32.4;0;SOLEIL;5;29.2;0
Foix;42.96;1.6;24/07/2026;15:00;33.9;0;SOLEIL;5;30.2;0
Foix;42.96;1.6;24/07/2026;16:00;32.4;0;SOLEIL;5;31.3;0
Foix;42.96;1.6;24/07/2026;17:00;31.6;0;SOLEIL;4;32.0;0
Foix;42.96;1.6;24/07/2026;18:00;31.6;0;SOLEIL;4;32.8;0
Foix;42.96;1.6;24/07/2026;19:00;31.6;0;SOLEIL;4;32.8;0
Foix;42.96;1.6;24/07/2026;20:00;26.5;0;SOLEIL;5;32.8;0
Foix;42.96;1.6;24/07/2026;21:00;25.0;0;SOLEIL;5;32.4;0
Foix;42.96;1.6;24/07/2026;22:00;23.6;0;SOLEIL;5;31.7;0
Foix;42.96;1.6;24/07/2026;23:00;25;0;SOLEIL;4;30.6;0
Foix;42.96;1.6;25/07/2026;00:00;25;0;SOLEIL;4;29.2;0
Foix;42.96;1.6;25/07/2026;01:00;25;0;SOLEIL;4;27.7;0
Foix;42.96;1.6;25/07/2026;02:00;20.6;0;SOLEIL;5;26.3;0
Foix;42.96;1.6;25/07/2026;03:00;20.6;0;SOLEIL;5;24.5;0
Foix;42.96;1.6;25/07/2026;04:00;20.6;0;SOLEIL;5;22.0;0
Foix;42.96;1.6;25/07/2026;05:00;;0;SOLEIL;;19.1;0
Foix;42.96;1.6;25/07/2026;06:00;;0;SOLEIL;;16.9;0
Foix;42.96;1.6;25/07/2026;07:00;;0;SOLEIL;;15.1;0
Foix;42.96;1.6;25/07/2026;08:00;23.0;0;SOLEIL;5;14.4;0
Foix;42.96;1.6;25/07/2026;09:00;24.3;0;SOLEIL;5;15.1;0
Foix;42.96;1.6;25/07/2026;10:00;25.5;0;SOLEIL;5;16.6;0
Foix;42.96;1.6;25/07/2026;11:00;;0;SOLEIL;;19.1;0
Foix;42.96;1.6;25/07/2026;12:00;;0;SOLEIL;;21.6;0
Foix;42.96;1.6;25/07/2026;13:00;;0;SOLEIL;;24.1;0
Foix;42.96;1.6;25/07/2026;14:00;30.4;0;SOLEIL;5;25.9;0
Foix;42.96;1.6;25/07/2026;15:00;31.6;0;SOLEIL;5;27.0;0
Foix;42.96;1.6;25/07/2026;16:00;30.4;0;SOLEIL;5;28.1;0
Foix;42.96;1.6;25/07/2026;17:00;;0;SOLEIL;;28.8;0
Foix;42.96;1.6;25/07/2026;18:00;;0;SOLEIL;;29.5;0
Foix;42.96;1.6;25/07/2026;19:00;;0;SOLEIL;;30.2;0
Foix;42.96;1.6;25/07/2026;20:00;25.5;0;SOLEIL;5;31.3;0
Foix;42.96;1.6;25/07/2026;21:00;24.3;0;SOLEIL;5;32.8;0
Foix;42.96;1.6;25/07/2026;22:00;23.0;0;SOLEIL;5;34.6;0
Foix;42.96;1.6;25/07/2026;23:00;;0;SOLEIL;;36.4;0
Foix;42.96;1.6;26/07/2026;00:00;;0;SOLEIL;;37.8;0
Foix;42.96;1.6;26/07/2026;01:00;;0;SOLEIL;;38.9;0
Foix;42.96;1.6;26/07/2026;02:00;19.7;0;SOLEIL;5;38.9;0
Foix;42.96;1.6;26/07/2026;03:00;19.7;0;SOLEIL;5;37.8;0
Foix;42.96;1.6;26/07/2026;04:00;19.7;0;SOLEIL;5;36.0;0
Foix;42.96;1.6;26/07/2026;05:00;;0;SOLEIL;;33.5;0
Foix;42.96;1.6;26/07/2026;06:00;;0;SOLEIL;;30.6;0
Foix;42.96;1.6;26/07/2026;07:00;;0;SOLEIL;;28.4;0
Foix;42.96;1.6;26/07/2026;08:00;21.9;0;SOLEIL;5;26.6;0
Foix;42.96;1.6;26/07/2026;09:00;23.0;0;SOLEIL;5;25.6;0
Foix;42.96;1.6;26/07/2026;10:00;24.1;0;SOLEIL;5;24.8;0
Foix;42.96;1.6;26/07/2026;11:00;;0;SOLEIL;;24.1;0
Foix;42.96;1.6;26/07/2026;12:00;;0;SOLEIL;;23.8;0
Foix;42.96;1.6;26/07/2026;13:00;;0;SOLEIL;;23.8;0
Foix;42.96;1.6;26/07/2026;14:00;28.4;0;SOLEIL;5;23.8;0
Foix;42.96;1.6;26/07/2026;15:00;29.5;0;SOLEIL;5;24.1;0
Foix;42.96;1.6;26/07/2026;16:00;28.4;0;SOLEIL;5;25.2;0
Foix;42.96;1.6;26/07/2026;17:00;;0;SOLEIL;;26.3;0
Foix;42.96;1.6;26/07/2026;18:00;;0;SOLEIL;;27.0;0
Foix;42.96;1.6;26/07/2026;19:00;;0;SOLEIL;;28.1;0
Foix;42.96;1.6;26/07/2026;20:00;24.1;0;SOLEIL;5;28.4;0
Foix;42.96;1.6;26/07/2026;21:00;23.0;0;SOLEIL;5;28.4;0
Foix;42.96;1.6;26/07/2026;22:00;21.9;0;SOLEIL;5;27.7;0
Foix;42.96;1.6;26/07/2026;23:00;;0;SOLEIL;;27.0;0
Foix;42.96;1.6;27/07/2026;00:00;;0;SOLEIL;;26.3;0
Foix;42.96;1.6;27/07/2026;01:00;;0;SOLEIL;;25.6;0
Foix;42.96;1.6;27/07/2026;02:00;19.2;0;SOLEIL;5;25.6;0
Foix;42.96;1.6;27/07/2026;03:00;19.2;0;SOLEIL;5;26.3;0
Foix;42.96;1.6;27/07/2026;04:00;19.2;0;SOLEIL;5;27.4;0
Foix;42.96;1.6;27/07/2026;05:00;;0;SOLEIL;;28.4;0
Foix;42.96;1.6;27/07/2026;06:00;;0;SOLEIL;;29.9;0
Foix;42.96;1.6;27/07/2026;07:00;;0;SOLEIL;;31.3;0
Foix;42.96;1.6;27/07/2026;08:00;21.5;0;SOLEIL;5;32.0;0
Foix;42.96;1.6;27/07/2026;09:00;22.7;0;SOLEIL;5;32.4;0
Foix;42.96;1.6;27/07/2026;10:00;23.8;0;SOLEIL;5;32.4;0
Foix;42.96;1.6;27/07/2026;11:00;;0;SOLEIL;;32.0;0
Foix;42.96;1.6;27/07/2026;12:00;;0;SOLEIL;;32.0;0
Foix;42.96;1.6;27/07/2026;13:00;;0;SOLEIL;;32.0;0
Foix;42.96;1.6;27/07/2026;14:00;28.4;0;SOLEIL;5;32.4;0
Foix;42.96;1.6;27/07/2026;15:00;29.6;0;SOLEIL;5;33.5;0
Foix;42.96;1.6;27/07/2026;16:00;28.4;0;SOLEIL;5;35.3;0
Foix;42.96;1.6;27/07/2026;17:00;;0;SOLEIL;;37.4;0
Foix;42.96;1.6;27/07/2026;18:00;;0;SOLEIL;;39.2;0
Foix;42.96;1.6;27/07/2026;19:00;;0;SOLEIL;;40.0;0
Foix;42.96;1.6;27/07/2026;20:00;23.8;0;SOLEIL;5;40.0;0
Foix;42.96;1.6;27/07/2026;21:00;22.7;0;SOLEIL;5;38.2;0
Foix;42.96;1.6;27/07/2026;22:00;21.5;0;SOLEIL;5;35.3;0
Foix;42.96;1.6;27/07/2026;23:00;;0;SOLEIL;;31.7;0
Foix;42.96;1.6;28/07/2026;00:00;;0;SOLEIL;;28.1;0
Foix;42.96;1.6;28/07/2026;01:00;;0;SOLEIL;;24.5;0
Foix;42.96;1.6;28/07/2026;02:00;19.1;0;SOLEIL;5;22.0;0
Foix;42.96;1.6;28/07/2026;03:00;19.1;0;SOLEIL;5;20.2;0
Foix;42.96;1.6;28/07/2026;04:00;19.1;0;SOLEIL;5;18.4;0
Foix;42.96;1.6;28/07/2026;05:00;;0;SOLEIL;;16.9;0
Foix;42.96;1.6;28/07/2026;06:00;;0;SOLEIL;;15.8;0
Foix;42.96;1.6;28/07/2026;07:00;;0;SOLEIL;;15.5;0
Foix;42.96;1.6;28/07/2026;08:00;21.2;0;SOLEIL;5;15.5;0
Foix;42.96;1.6;28/07/2026;09:00;22.2;0;SOLEIL;5;16.6;0
Foix;42.96;1.6;28/07/2026;10:00;23.3;0;SOLEIL;5;18.0;0
Foix;42.96;1.6;28/07/2026;11:00;;0;SOLEIL;;20.5;0
Foix;42.96;1.6;28/07/2026;12:00;;0;SOLEIL;;23.0;0
Foix;42.96;1.6;28/07/2026;13:00;;0;SOLEIL;;25.2;0
Foix;42.96;1.6;28/07/2026;14:00;27.5;0;SOLEIL;5;27.4;0
Foix;42.96;1.6;28/07/2026;15:00;28.5;0;SOLEIL;5;29.5;0
Foix;42.96;1.6;28/07/2026;16:00;27.5;0;SOLEIL;5;31.7;0
Foix;42.96;1.6;28/07/2026;17:00;;0;SOLEIL;;33.8;0
Foix;42.96;1.6;28/07/2026;18:00;;0;SOLEIL;;35.6;0
Foix;42.96;1.6;28/07/2026;19:00;;0;SOLEIL;;36.7;0
Foix;42.96;1.6;28/07/2026;20:00;23.3;0;SOLEIL;5;37.1;0
Foix;42.96;1.6;28/07/2026;21:00;22.2;0;SOLEIL;5;36.0;0
Foix;42.96;1.6;28/07/2026;22:00;21.2;0;SOLEIL;5;33.5;0
Foix;42.96;1.6;28/07/2026;23:00;;0;SOLEIL;;30.6;0
Foix;42.96;1.6;29/07/2026;00:00;;0;SOLEIL;;27.7;0
Foix;42.96;1.6;29/07/2026;01:00;;0;SOLEIL;;25.2;0
Foix;42.96;1.6;29/07/2026;02:00;18.6;0;SOLEIL;5;24.1;0
Foix;42.96;1.6;29/07/2026;03:00;18.6;0;SOLEIL;5;24.5;0
Foix;42.96;1.6;29/07/2026;04:00;18.6;0;SOLEIL;5;25.9;0
Foix;42.96;1.6;29/07/2026;05:00;;0;SOLEIL;;28.1;0
Foix;42.96;1.6;29/07/2026;06:00;;0;SOLEIL;;30.2;0
Foix;42.96;1.6;29/07/2026;07:00;;0;SOLEIL;;31.7;0
Foix;42.96;1.6;29/07/2026;08:00;21.2;0;SOLEIL;5;32.4;0
Foix;42.96;1.6;29/07/2026;09:00;22.4;0;SOLEIL;5;31.7;0
Foix;42.96;1.6;29/07/2026;10:00;23.7;0;SOLEIL;5;30.2;0
Foix;42.96;1.6;29/07/2026;11:00;;0;SOLEIL;;28.4;0
Foix;42.96;1.6;29/07/2026;12:00;;0;SOLEIL;;26.6;0
Foix;42.96;1.6;29/07/2026;13:00;;0;SOLEIL;;24.8;0
Foix;42.96;1.6;29/07/2026;14:00;28.8;0;SOLEIL;5;24.1;0
Foix;42.96;1.6;29/07/2026;15:00;30.1;0;SOLEIL;5;24.1;0
Foix;42.96;1.6;29/07/2026;16:00;28.8;0;SOLEIL;5;24.5;0
Foix;42.96;1.6;29/07/2026;17:00;;0;SOLEIL;;25.2;0
Foix;42.96;1.6;29/07/2026;18:00;;0;SOLEIL;;26.3;0
Foix;42.96;1.6;29/07/2026;19:00;;0;SOLEIL;;27.7;0
Foix;42.96;1.6;29/07/2026;20:00;23.7;0;SOLEIL;5;28.8;0
Foix;42.96;1.6;29/07/2026;21:00;22.4;0;SOLEIL;5;30.2;0
Foix;42.96;1.6;29/07/2026;22:00;21.2;0;SOLEIL;5;32.4;0
Foix;42.96;1.6;29/07/2026;23:00;19.9;0;SOLEIL;5;34.9;0
Foix;42.96;1.6;30/07/2026;00:00;12;0;SOLEIL;5;36.7;0
Foix;42.96;1.6;30/07/2026;01:00;12;0;SOLEIL;5;38.2;0
Foix;42.96;1.6;30/07/2026;02:00;12;0;SOLEIL;5;38.5;0
Foix;42.96;1.6;30/07/2026;03:00;12;0;SOLEIL;5;37.4;0
Foix;42.96;1.6;30/07/2026;04:00;12;0;SOLEIL;5;35.6;0
Foix;42.96;1.6;30/07/2026;05:00;12;0;SOLEIL;5;32.8;0
Foix;42.96;1.6;30/07/2026;06:00;12;0;SOLEIL;5;29.9;0
Foix;42.96;1.6;30/07/2026;07:00;13.1;0;SOLEIL;5;27.4;0
Foix;42.96;1.6;30/07/2026;08:00;14.2;0;SOLEIL;5;25.6;0
Foix;42.96;1.6;30/07/2026;09:00;15.3;0;SOLEIL;5;24.5;0
Foix;42.96;1.6;30/07/2026;10:00;16.4;0;SOLEIL;5;24.1;0
Foix;42.96;1.6;30/07/2026;11:00;17.6;0;SOLEIL;5;23.8;0
Foix;42.96;1.6;30/07/2026;12:00;18.7;0;SOLEIL;5;20.3;0
Foix;42.96;1.6;30/07/2026;13:00;19.8;0;SOLEIL;5;16.9;0
Foix;42.96;1.6;30/07/2026;14:00;20.9;0;SOLEIL;5;14.2;0
Foix;42.96;1.6;30/07/2026;15:00;22.0;0;SOLEIL;5;13.3;0
Foix;42.96;1.6;30/07/2026;16:00;20.9;0;SOLEIL;5;16.2;0
Foix;42.96;1.6;30/07/2026;17:00;19.8;0;SOLEIL;5;18.4;0
Foix;42.96;1.6;30/07/2026;18:00;18.7;0;SOLEIL;5;17.3;0
Foix;42.96;1.6;30/07/2026;19:00;17.6;0;SOLEIL;5;15.1;0
Foix;42.96;1.6;30/07/2026;20:00;16.4;0;SOLEIL;5;16.2;0
Foix;42.96;1.6;30/07/2026;21:00;15.3;0;SOLEIL;5;23.0;0
Foix;42.96;1.6;30/07/2026;22:00;14.2;0;SOLEIL;5;32.8;0
Foix;42.96;1.6;30/07/2026;23:00;13.1;0;SOLEIL;5;41.0;0
Foix;42.96;1.6;31/07/2026;00:00;12;0;SOLEIL;5;0.0;0
Foix;42.96;1.6;31/07/2026;01:00;12;0;SOLEIL;5;0.0;0
Foix;42.96;1.6;31/07/2026;02:00;12;0;SOLEIL;5;0.0;0
Foix;42.96;1.6;31/07/2026;03:00;12;0;SOLEIL;5;0.0;0
Foix;42.96;1.6;31/07/2026;04:00;12;0;SOLEIL;5;0.0;0
Foix;42.96;1.6;31/07/2026;05:00;12;0;SOLEIL;5;0.0;0
Foix;42.96;1.6;31/07/2026;06:00;12;0;SOLEIL;5;0.0;0
Foix;42.96;1.6;31/07/2026;07:00;13.1;0;SOLEIL;5;0.0;0
Foix;42.96;1.6;31/07/2026;08:00;14.2;0;SOLEIL;5;0.0;0
Foix;42.96;1.6;31/07/2026;09:00;15.3;0;SOLEIL;5;0.0;0
Foix;42.96;1.6;31/07/2026;10:00;16.4;0;SOLEIL;5;0.0;0
Foix;42.96;1.6;31/07/2026;11:00;17.6;0;SOLEIL;5;0.0;0
Foix;42.96;1.6;31/07/2026;12:00;18.7;0;SOLEIL;5;0.0;0
Foix;42.96;1.6;31/07/2026;13:00;19.8;0;SOLEIL;5;0.0;0
Foix;42.96;1.6;31/07/2026;14:00;20.9;0;SOLEIL;5;0.0;0
Foix;42.96;1.6;31/07/2026;15:00;22.0;0;SOLEIL;5;0.0;0
Foix;42.96;1.6;31/07/2026;16:00;20.9;0;SOLEIL;5;0.0;0
Foix;42.96;1.6;31/07/2026;17:00;19.8;0;SOLEIL;5;0.0;0
Foix;42.96;1.6;31/07/2026;18:00;18.7;0;SOLEIL;5;0.0;0
Foix;42.96;1.6;31/07/2026;19:00;17.6;0;SOLEIL;5;0.0;0
Foix;42.96;1.6;31/07/2026;20:00;16.4;0;SOLEIL;5;0.0;0
Foix;42.96;1.6;31/07/2026;21:00;15.3;0;SOLEIL;5;0.0;0
Foix;42.96;1.6;31/07/2026;22:00;14.2;0;SOLEIL;5;0.0;0
Foix;42.96;1.6;31/07/2026;23:00;13.1;0;SOLEIL;5;0.0;0
Carcassonne;43.21;2.35;16/07/2026;00:00;23.2;0;SOLEIL;0;5.0;0
Carcassonne;43.21;2.35;16/07/2026;01:00;22.5;0;SOLEIL;0;2.7;0
Carcassonne;43.21;2.35;16/07/2026;02:00;21.5;0;SOLEIL;0;4.9;0
Carcassonne;43.21;2.35;16/07/2026;03:00;20.7;0;SOLEIL;0;2.7;0
Carcassonne;43.21;2.35;16/07/2026;04:00;20.9;0;SOLEIL;0;6.1;0
Carcassonne;43.21;2.35;16/07/2026;05:00;20.1;0;SOLEIL;1;5.4;0
Carcassonne;43.21;2.35;16/07/2026;06:00;21.4;5;SOLEIL VOILÉ;1;2.5;0
Carcassonne;43.21;2.35;16/07/2026;07:00;22.7;5;SOLEIL VOILÉ;1;5.4;0
Carcassonne;43.21;2.35;16/07/2026;08:00;23.2;2;NUAGEUX;2;10.1;0
Carcassonne;43.21;2.35;16/07/2026;09:00;25.5;2;NUAGEUX;2;23.0;0
Carcassonne;43.21;2.35;16/07/2026;10:00;26.6;6;AVERSES;3;34.9;0.1
Carcassonne;43.21;2.35;16/07/2026;11:00;29.5;2;NUAGEUX;3;24.8;0
Carcassonne;43.21;2.35;16/07/2026;12:00;30.5;2;NUAGEUX;2;51.5;0
Carcassonne;43.21;2.35;16/07/2026;13:00;31.6;2;NUAGEUX;4;40.0;0
Carcassonne;43.21;2.35;16/07/2026;14:00;33.1;2;NUAGEUX;5;29.5;0
Carcassonne;43.21;2.35;16/07/2026;15:00;32.6;2;NUAGEUX;4;34.2;0
Carcassonne;43.21;2.35;16/07/2026;16:00;32.7;0;SOLEIL;4;34.9;0
Carcassonne;43.21;2.35;16/07/2026;17:00;30.7;0;SOLEIL;3;29.5;0
Carcassonne;43.21;2.35;16/07/2026;18:00;29.6;0;SOLEIL;3;27.4;0
Carcassonne;43.21;2.35;16/07/2026;19:00;27.4;0;SOLEIL;3;28.1;0
Carcassonne;43.21;2.35;16/07/2026;20:00;25.4;0;SOLEIL;3;23.0;0
Carcassonne;43.21;2.35;16/07/2026;21:00;23.7;0;SOLEIL;3;25.2;0
Carcassonne;43.21;2.35;16/07/2026;22:00;22.2;0;SOLEIL;3;38.5;0
Carcassonne;43.21;2.35;16/07/2026;23:00;22;0;SOLEIL;2;13.0;0
Carcassonne;43.21;2.35;17/07/2026;00:00;21.6;0;SOLEIL;2;10.8;0
Carcassonne;43.21;2.35;17/07/2026;01:00;21.6;0;SOLEIL;2;25.2;0
Carcassonne;43.21;2.35;17/07/2026;02:00;20.5;2;NUAGEUX;2;24.8;0
Carcassonne;43.21;2.35;17/07/2026;03:00;20.5;2;NUAGEUX;2;19.4;0
Carcassonne;43.21;2.35;17/07/2026;04:00;20.5;2;NUAGEUX;2;17.3;0
Carcassonne;43.21;2.35;17/07/2026;05:00;20.1;2;NUAGEUX;2;13.3;0
Carcassonne;43.21;2.35;17/07/2026;06:00;20.1;2;NUAGEUX;2;10.4;0
Carcassonne;43.21;2.35;17/07/2026;07:00;20.1;2;NUAGEUX;2;10.4;0
Carcassonne;43.21;2.35;17/07/2026;08:00;21.9;2;NUAGEUX;2;8.6;0
Carcassonne;43.21;2.35;17/07/2026;09:00;21.9;2;NUAGEUX;2;11.5;0
Carcassonne;43.21;2.35;17/07/2026;10:00;21.9;2;NUAGEUX;2;15.5;0
Carcassonne;43.21;2.35;17/07/2026;11:00;23.7;2;NUAGEUX;3;19.4;0
Carcassonne;43.21;2.35;17/07/2026;12:00;23.7;2;NUAGEUX;3;18.4;0
Carcassonne;43.21;2.35;17/07/2026;13:00;23.7;2;NUAGEUX;3;17.3;0
Carcassonne;43.21;2.35;17/07/2026;14:00;23.7;2;NUAGEUX;3;18.7;0
Carcassonne;43.21;2.35;17/07/2026;15:00;23.7;2;NUAGEUX;3;24.1;0
Carcassonne;43.21;2.35;17/07/2026;16:00;23.7;2;NUAGEUX;3;25.6;0
Carcassonne;43.21;2.35;17/07/2026;17:00;24.6;2;NUAGEUX;3;27.0;0
Carcassonne;43.21;2.35;17/07/2026;18:00;24.6;2;NUAGEUX;3;24.7;0
Carcassonne;43.21;2.35;17/07/2026;19:00;24.6;2;NUAGEUX;3;27.0;0
Carcassonne;43.21;2.35;17/07/2026;20:00;21.6;2;NUAGEUX;2;24.0;0
Carcassonne;43.21;2.35;17/07/2026;21:00;21.6;2;NUAGEUX;2;28.4;0
Carcassonne;43.21;2.35;17/07/2026;22:00;21.6;2;NUAGEUX;2;27.0;0
Carcassonne;43.21;2.35;17/07/2026;23:00;20.7;2;NUAGEUX;3;22.3;0
Carcassonne;43.21;2.35;18/07/2026;00:00;20.7;2;NUAGEUX;3;17.6;0
Carcassonne;43.21;2.35;18/07/2026;01:00;20.7;2;NUAGEUX;3;18.4;0
Carcassonne;43.21;2.35;18/07/2026;02:00;20.1;2;NUAGEUX;2;18.0;0
Carcassonne;43.21;2.35;18/07/2026;03:00;20.1;2;NUAGEUX;2;14.8;0
Carcassonne;43.21;2.35;18/07/2026;04:00;20.1;2;NUAGEUX;2;17.6;0
Carcassonne;43.21;2.35;18/07/2026;05:00;20.1;2;NUAGEUX;2;16.6;0
Carcassonne;43.21;2.35;18/07/2026;06:00;20.1;2;NUAGEUX;2;14.8;0
Carcassonne;43.21;2.35;18/07/2026;07:00;20.1;2;NUAGEUX;2;13.0;0
Carcassonne;43.21;2.35;18/07/2026;08:00;22.2;2;NUAGEUX;2;13.3;0
Carcassonne;43.21;2.35;18/07/2026;09:00;22.2;2;NUAGEUX;2;14.8;0
Carcassonne;43.21;2.35;18/07/2026;10:00;22.2;2;NUAGEUX;2;19.4;0
Carcassonne;43.21;2.35;18/07/2026;11:00;25;2;NUAGEUX;3;23.4;0
Carcassonne;43.21;2.35;18/07/2026;12:00;25;2;NUAGEUX;3;26.3;0
Carcassonne;43.21;2.35;18/07/2026;13:00;25;2;NUAGEUX;3;28.1;0
Carcassonne;43.21;2.35;18/07/2026;14:00;27;0;SOLEIL;3;29.2;0
Carcassonne;43.21;2.35;18/07/2026;15:00;27;0;SOLEIL;3;30.2;0
Carcassonne;43.21;2.35;18/07/2026;16:00;27;0;SOLEIL;3;30.6;0
Carcassonne;43.21;2.35;18/07/2026;17:00;26.4;0;SOLEIL;2;30.2;0
Carcassonne;43.21;2.35;18/07/2026;18:00;26.4;0;SOLEIL;2;29.9;0
Carcassonne;43.21;2.35;18/07/2026;19:00;26.4;0;SOLEIL;2;27.0;0
Carcassonne;43.21;2.35;18/07/2026;20:00;23.0;2;NUAGEUX;5;22.3;0
Carcassonne;43.21;2.35;18/07/2026;21:00;22.0;2;NUAGEUX;5;13.3;0
Carcassonne;43.21;2.35;18/07/2026;22:00;21.1;2;NUAGEUX;5;15.5;0
Carcassonne;43.21;2.35;18/07/2026;23:00;20.5;0;SOLEIL;2;10.8;0
Carcassonne;43.21;2.35;19/07/2026;00:00;20.5;0;SOLEIL;2;8.3;0
Carcassonne;43.21;2.35;19/07/2026;01:00;20.5;0;SOLEIL;2;10.1;0
Carcassonne;43.21;2.35;19/07/2026;02:00;17.5;2;NUAGEUX;5;10.1;0
Carcassonne;43.21;2.35;19/07/2026;03:00;17.5;2;NUAGEUX;5;10.8;0
Carcassonne;43.21;2.35;19/07/2026;04:00;17.5;2;NUAGEUX;5;10.8;0
Carcassonne;43.21;2.35;19/07/2026;05:00;19.6;0;SOLEIL;2;21.2;0
Carcassonne;43.21;2.35;19/07/2026;06:00;19.6;0;SOLEIL;2;20.9;0
Carcassonne;43.21;2.35;19/07/2026;07:00;19.6;0;SOLEIL;2;19.4;0
Carcassonne;43.21;2.35;19/07/2026;08:00;20.6;2;NUAGEUX;5;19.1;0
Carcassonne;43.21;2.35;19/07/2026;09:00;22.2;2;NUAGEUX;5;19.1;0
Carcassonne;43.21;2.35;19/07/2026;10:00;23.7;2;NUAGEUX;5;25.6;0
Carcassonne;43.21;2.35;19/07/2026;11:00;29.6;2;NUAGEUX;3;28.4;0
Carcassonne;43.21;2.35;19/07/2026;12:00;29.6;2;NUAGEUX;3;29.5;0
Carcassonne;43.21;2.35;19/07/2026;13:00;29.6;2;NUAGEUX;3;31.0;0
Carcassonne;43.21;2.35;19/07/2026;14:00;29.9;2;NUAGEUX;5;33.5;0
Carcassonne;43.21;2.35;19/07/2026;15:00;31.5;2;NUAGEUX;5;33.8;0
Carcassonne;43.21;2.35;19/07/2026;16:00;29.9;2;NUAGEUX;5;33.5;0
Carcassonne;43.21;2.35;19/07/2026;17:00;28.6;2;NUAGEUX;2;31.7;0
Carcassonne;43.21;2.35;19/07/2026;18:00;28.6;2;NUAGEUX;2;28.2;0
Carcassonne;43.21;2.35;19/07/2026;19:00;28.6;2;NUAGEUX;2;25.2;0
Carcassonne;43.21;2.35;19/07/2026;20:00;23.7;2;NUAGEUX;5;23.0;0
Carcassonne;43.21;2.35;19/07/2026;21:00;22.2;2;NUAGEUX;5;20.5;0
Carcassonne;43.21;2.35;19/07/2026;22:00;20.6;2;NUAGEUX;5;18.7;0
Carcassonne;43.21;2.35;19/07/2026;23:00;20.6;0;SOLEIL;1;17.6;0
Carcassonne;43.21;2.35;20/07/2026;00:00;20.6;0;SOLEIL;1;17.6;0
Carcassonne;43.21;2.35;20/07/2026;01:00;20.6;0;SOLEIL;1;18.4;0
Carcassonne;43.21;2.35;20/07/2026;02:00;18;0;SOLEIL;5;18.4;0
Carcassonne;43.21;2.35;20/07/2026;03:00;18;0;SOLEIL;5;17.6;0
Carcassonne;43.21;2.35;20/07/2026;04:00;18;0;SOLEIL;5;16.6;0
Carcassonne;43.21;2.35;20/07/2026;05:00;20.6;0;SOLEIL;2;15.8;0
Carcassonne;43.21;2.35;20/07/2026;06:00;20.6;0;SOLEIL;2;15.5;0
Carcassonne;43.21;2.35;20/07/2026;07:00;20.6;0;SOLEIL;2;15.5;0
Carcassonne;43.21;2.35;20/07/2026;08:00;21.4;0;SOLEIL;5;15.5;0
Carcassonne;43.21;2.35;20/07/2026;09:00;23.0;0;SOLEIL;5;15.5;0
Carcassonne;43.21;2.35;20/07/2026;10:00;24.7;0;SOLEIL;5;16.2;0
Carcassonne;43.21;2.35;20/07/2026;11:00;31.2;0;SOLEIL;3;17.6;0
Carcassonne;43.21;2.35;20/07/2026;12:00;31.2;0;SOLEIL;3;21.2;0
Carcassonne;43.21;2.35;20/07/2026;13:00;31.2;0;SOLEIL;3;25.9;0
Carcassonne;43.21;2.35;20/07/2026;14:00;31.4;0;SOLEIL;5;29.5;0
Carcassonne;43.21;2.35;20/07/2026;15:00;33.1;0;SOLEIL;5;31.0;0
Carcassonne;43.21;2.35;20/07/2026;16:00;31.4;0;SOLEIL;5;31.7;0
Carcassonne;43.21;2.35;20/07/2026;17:00;29.5;2;NUAGEUX;2;31.7;0
Carcassonne;43.21;2.35;20/07/2026;18:00;29.5;2;NUAGEUX;2;31.0;0
Carcassonne;43.21;2.35;20/07/2026;19:00;29.5;2;NUAGEUX;2;30.2;0
Carcassonne;43.21;2.35;20/07/2026;20:00;24.7;0;SOLEIL;5;29.2;0
Carcassonne;43.21;2.35;20/07/2026;21:00;23.0;0;SOLEIL;5;28.8;0
Carcassonne;43.21;2.35;20/07/2026;22:00;21.4;0;SOLEIL;5;28.4;0
Carcassonne;43.21;2.35;20/07/2026;23:00;21;0;SOLEIL;2;28.1;0
Carcassonne;43.21;2.35;21/07/2026;00:00;21;0;SOLEIL;2;27.0;0
Carcassonne;43.21;2.35;21/07/2026;01:00;21;0;SOLEIL;2;25.6;0
Carcassonne;43.21;2.35;21/07/2026;02:00;18.7;0;SOLEIL;5;24.8;0
Carcassonne;43.21;2.35;21/07/2026;03:00;18.7;0;SOLEIL;5;24.8;0
Carcassonne;43.21;2.35;21/07/2026;04:00;18.7;0;SOLEIL;5;25.6;0
Carcassonne;43.21;2.35;21/07/2026;05:00;20.2;0;SOLEIL;2;25.6;0
Carcassonne;43.21;2.35;21/07/2026;06:00;20.2;0;SOLEIL;2;23.8;0
Carcassonne;43.21;2.35;21/07/2026;07:00;20.2;0;SOLEIL;2;21.6;0
Carcassonne;43.21;2.35;21/07/2026;08:00;22.0;0;SOLEIL;5;21.6;0
Carcassonne;43.21;2.35;21/07/2026;09:00;23.6;0;SOLEIL;5;25.6;0
Carcassonne;43.21;2.35;21/07/2026;10:00;25.3;0;SOLEIL;5;31.3;0
Carcassonne;43.21;2.35;21/07/2026;11:00;31.5;0;SOLEIL;4;35.6;0
Carcassonne;43.21;2.35;21/07/2026;12:00;31.5;0;SOLEIL;4;32.8;0
Carcassonne;43.21;2.35;21/07/2026;13:00;31.5;0;SOLEIL;4;35.6;0
Carcassonne;43.21;2.35;21/07/2026;14:00;31.9;0;SOLEIL;5;37.8;0
Carcassonne;43.21;2.35;21/07/2026;15:00;33.5;0;SOLEIL;5;38.9;0
Carcassonne;43.21;2.35;21/07/2026;16:00;31.9;0;SOLEIL;5;39.6;0
Carcassonne;43.21;2.35;21/07/2026;17:00;30.1;0;SOLEIL;3;40.0;0
Carcassonne;43.21;2.35;21/07/2026;18:00;30.1;0;SOLEIL;3;39.6;0
Carcassonne;43.21;2.35;21/07/2026;19:00;30.1;0;SOLEIL;3;39.2;0
Carcassonne;43.21;2.35;21/07/2026;20:00;25.3;0;SOLEIL;5;38.5;0
Carcassonne;43.21;2.35;21/07/2026;21:00;23.6;0;SOLEIL;5;37.4;0
Carcassonne;43.21;2.35;21/07/2026;22:00;22.0;0;SOLEIL;5;35.6;0
Carcassonne;43.21;2.35;21/07/2026;23:00;20.6;0;SOLEIL;2;33.5;0
Carcassonne;43.21;2.35;22/07/2026;00:00;20.6;0;SOLEIL;2;31.3;0
Carcassonne;43.21;2.35;22/07/2026;01:00;20.6;0;SOLEIL;2;29.2;0
Carcassonne;43.21;2.35;22/07/2026;02:00;17.6;0;SOLEIL;5;27.7;0
Carcassonne;43.21;2.35;22/07/2026;03:00;17.6;0;SOLEIL;5;26.3;0
Carcassonne;43.21;2.35;22/07/2026;04:00;17.6;0;SOLEIL;5;24.8;0
Carcassonne;43.21;2.35;22/07/2026;05:00;19.9;0;SOLEIL;2;23.4;0
Carcassonne;43.21;2.35;22/07/2026;06:00;19.9;0;SOLEIL;2;22.7;0
Carcassonne;43.21;2.35;22/07/2026;07:00;19.9;0;SOLEIL;2;22.3;0
Carcassonne;43.21;2.35;22/07/2026;08:00;21.3;0;SOLEIL;5;23.0;0
Carcassonne;43.21;2.35;22/07/2026;09:00;23.1;0;SOLEIL;5;24.8;0
Carcassonne;43.21;2.35;22/07/2026;10:00;24.9;0;SOLEIL;5;28.1;0
Carcassonne;43.21;2.35;22/07/2026;11:00;32.4;0;SOLEIL;4;32.0;0
Carcassonne;43.21;2.35;22/07/2026;12:00;32.4;0;SOLEIL;4;36.0;0
Carcassonne;43.21;2.35;22/07/2026;13:00;32.4;0;SOLEIL;4;39.2;0
Carcassonne;43.21;2.35;22/07/2026;14:00;32.3;0;SOLEIL;5;41.8;0
Carcassonne;43.21;2.35;22/07/2026;15:00;34.1;0;SOLEIL;5;43.2;0
Carcassonne;43.21;2.35;22/07/2026;16:00;32.3;0;SOLEIL;5;43.9;0
Carcassonne;43.21;2.35;22/07/2026;17:00;30.1;0;SOLEIL;3;44.3;0
Carcassonne;43.21;2.35;22/07/2026;18:00;30.1;0;SOLEIL;3;43.9;0
Carcassonne;43.21;2.35;22/07/2026;19:00;30.1;0;SOLEIL;3;43.6;0
Carcassonne;43.21;2.35;22/07/2026;20:00;24.9;0;SOLEIL;5;42.8;0
Carcassonne;43.21;2.35;22/07/2026;21:00;23.1;0;SOLEIL;5;41.8;0
Carcassonne;43.21;2.35;22/07/2026;22:00;21.3;0;SOLEIL;5;40.0;0
Carcassonne;43.21;2.35;22/07/2026;23:00;20.6;0;SOLEIL;2;38.2;0
Carcassonne;43.21;2.35;23/07/2026;00:00;20.6;0;SOLEIL;2;36.0;0
Carcassonne;43.21;2.35;23/07/2026;01:00;20.6;0;SOLEIL;2;33.8;0
Carcassonne;43.21;2.35;23/07/2026;02:00;17.6;0;SOLEIL;5;31.7;0
Carcassonne;43.21;2.35;23/07/2026;03:00;17.6;0;SOLEIL;5;29.5;0
Carcassonne;43.21;2.35;23/07/2026;04:00;17.6;0;SOLEIL;5;27.0;0
Carcassonne;43.21;2.35;23/07/2026;05:00;20;0;SOLEIL;3;24.5;0
Carcassonne;43.21;2.35;23/07/2026;06:00;20;0;SOLEIL;3;22.3;0
Carcassonne;43.21;2.35;23/07/2026;07:00;20;0;SOLEIL;3;20.5;0
Carcassonne;43.21;2.35;23/07/2026;08:00;21.4;0;SOLEIL;5;20.2;0
Carcassonne;43.21;2.35;23/07/2026;09:00;23.4;0;SOLEIL;5;21.2;0
Carcassonne;43.21;2.35;23/07/2026;10:00;25.3;0;SOLEIL;5;23.4;0
Carcassonne;43.21;2.35;23/07/2026;11:00;33.1;0;SOLEIL;4;26.3;0
Carcassonne;43.21;2.35;23/07/2026;12:00;33.1;0;SOLEIL;4;29.2;0
Carcassonne;43.21;2.35;23/07/2026;13:00;33.1;0;SOLEIL;4;32.0;0
Carcassonne;43.21;2.35;23/07/2026;14:00;33.0;0;SOLEIL;5;33.8;0
Carcassonne;43.21;2.35;23/07/2026;15:00;34.9;0;SOLEIL;5;34.9;0
Carcassonne;43.21;2.35;23/07/2026;16:00;33.0;0;SOLEIL;5;35.6;0
Carcassonne;43.21;2.35;23/07/2026;17:00;30.4;0;SOLEIL;3;36.0;0
Carcassonne;43.21;2.35;23/07/2026;18:00;30.4;0;SOLEIL;3;36.0;0
Carcassonne;43.21;2.35;23/07/2026;19:00;30.4;0;SOLEIL;3;35.6;0
Carcassonne;43.21;2.35;23/07/2026;20:00;25.3;0;SOLEIL;5;35.3;0
Carcassonne;43.21;2.35;23/07/2026;21:00;23.4;0;SOLEIL;5;34.6;0
Carcassonne;43.21;2.35;23/07/2026;22:00;21.4;0;SOLEIL;5;33.5;0
Carcassonne;43.21;2.35;23/07/2026;23:00;21.2;0;SOLEIL;2;32.0;0
Carcassonne;43.21;2.35;24/07/2026;00:00;21.2;0;SOLEIL;2;30.6;0
Carcassonne;43.21;2.35;24/07/2026;01:00;21.2;0;SOLEIL;2;29.2;0
Carcassonne;43.21;2.35;24/07/2026;02:00;18.2;0;SOLEIL;5;27.7;0
Carcassonne;43.21;2.35;24/07/2026;03:00;18.2;0;SOLEIL;5;25.9;0
Carcassonne;43.21;2.35;24/07/2026;04:00;18.2;0;SOLEIL;5;24.1;0
Carcassonne;43.21;2.35;24/07/2026;05:00;20.4;0;SOLEIL;2;22.0;0
Carcassonne;43.21;2.35;24/07/2026;06:00;20.4;0;SOLEIL;2;20.2;0
Carcassonne;43.21;2.35;24/07/2026;07:00;20.4;0;SOLEIL;2;19.1;0
Carcassonne;43.21;2.35;24/07/2026;08:00;21.6;0;SOLEIL;5;18.7;0
Carcassonne;43.21;2.35;24/07/2026;09:00;23.3;0;SOLEIL;5;19.8;0
Carcassonne;43.21;2.35;24/07/2026;10:00;25.0;0;SOLEIL;5;22.0;0
Carcassonne;43.21;2.35;24/07/2026;11:00;32;0;SOLEIL;3;24.5;0
Carcassonne;43.21;2.35;24/07/2026;12:00;32;0;SOLEIL;3;27.4;0
Carcassonne;43.21;2.35;24/07/2026;13:00;32;0;SOLEIL;3;29.9;0
Carcassonne;43.21;2.35;24/07/2026;14:00;31.8;0;SOLEIL;5;31.7;0
Carcassonne;43.21;2.35;24/07/2026;15:00;33.5;0;SOLEIL;5;32.8;0
Carcassonne;43.21;2.35;24/07/2026;16:00;31.8;0;SOLEIL;5;33.5;0
Carcassonne;43.21;2.35;24/07/2026;17:00;28.6;0;SOLEIL;4;33.8;0
Carcassonne;43.21;2.35;24/07/2026;18:00;28.6;0;SOLEIL;4;33.8;0
Carcassonne;43.21;2.35;24/07/2026;19:00;28.6;0;SOLEIL;4;33.5;0
Carcassonne;43.21;2.35;24/07/2026;20:00;25.0;0;SOLEIL;5;32.8;0
Carcassonne;43.21;2.35;24/07/2026;21:00;23.3;0;SOLEIL;5;31.3;0
Carcassonne;43.21;2.35;24/07/2026;22:00;21.6;0;SOLEIL;5;29.5;0
Carcassonne;43.21;2.35;24/07/2026;23:00;20.2;0;SOLEIL;3;27.0;0
Carcassonne;43.21;2.35;25/07/2026;00:00;20.2;0;SOLEIL;3;24.8;0
Carcassonne;43.21;2.35;25/07/2026;01:00;20.2;0;SOLEIL;3;22.7;0
Carcassonne;43.21;2.35;25/07/2026;02:00;17.5;0;SOLEIL;5;20.9;0
Carcassonne;43.21;2.35;25/07/2026;03:00;17.5;0;SOLEIL;5;19.8;0
Carcassonne;43.21;2.35;25/07/2026;04:00;17.5;0;SOLEIL;5;18.7;0
Carcassonne;43.21;2.35;25/07/2026;05:00;;0;SOLEIL;;17.6;0
Carcassonne;43.21;2.35;25/07/2026;06:00;;0;SOLEIL;;17.3;0
Carcassonne;43.21;2.35;25/07/2026;07:00;;0;SOLEIL;;17.3;0
Carcassonne;43.21;2.35;25/07/2026;08:00;20.3;0;SOLEIL;5;17.6;0
Carcassonne;43.21;2.35;25/07/2026;09:00;21.6;0;SOLEIL;5;19.1;0
Carcassonne;43.21;2.35;25/07/2026;10:00;23.0;0;SOLEIL;5;21.2;0
Carcassonne;43.21;2.35;25/07/2026;11:00;;0;SOLEIL;;23.8;0
Carcassonne;43.21;2.35;25/07/2026;12:00;;0;SOLEIL;;26.3;0
Carcassonne;43.21;2.35;25/07/2026;13:00;;0;SOLEIL;;28.8;0
Carcassonne;43.21;2.35;25/07/2026;14:00;28.5;0;SOLEIL;5;30.2;0
Carcassonne;43.21;2.35;25/07/2026;15:00;29.9;0;SOLEIL;5;31.0;0
Carcassonne;43.21;2.35;25/07/2026;16:00;28.5;0;SOLEIL;5;31.7;0
Carcassonne;43.21;2.35;25/07/2026;17:00;;0;SOLEIL;;31.7;0
Carcassonne;43.21;2.35;25/07/2026;18:00;;0;SOLEIL;;31.3;0
Carcassonne;43.21;2.35;25/07/2026;19:00;;0;SOLEIL;;31.3;0
Carcassonne;43.21;2.35;25/07/2026;20:00;23.0;0;SOLEIL;5;31.3;0
Carcassonne;43.21;2.35;25/07/2026;21:00;21.6;0;SOLEIL;5;31.3;0
Carcassonne;43.21;2.35;25/07/2026;22:00;20.3;0;SOLEIL;5;31.7;0
Carcassonne;43.21;2.35;25/07/2026;23:00;;6;AVERSES;;32.0;0
Carcassonne;43.21;2.35;26/07/2026;00:00;;6;AVERSES;;32.0;0
Carcassonne;43.21;2.35;26/07/2026;01:00;;6;AVERSES;;31.7;0
Carcassonne;43.21;2.35;26/07/2026;02:00;16.5;6;AVERSES;5;31.0;0
Carcassonne;43.21;2.35;26/07/2026;03:00;16.5;6;AVERSES;5;29.5;0
Carcassonne;43.21;2.35;26/07/2026;04:00;16.5;6;AVERSES;5;27.0;0
Carcassonne;43.21;2.35;26/07/2026;05:00;;6;AVERSES;;24.5;0
Carcassonne;43.21;2.35;26/07/2026;06:00;;6;AVERSES;;22.0;0
Carcassonne;43.21;2.35;26/07/2026;07:00;;6;AVERSES;;19.8;0
Carcassonne;43.21;2.35;26/07/2026;08:00;18.9;6;AVERSES;5;18.7;0
Carcassonne;43.21;2.35;26/07/2026;09:00;20.0;6;AVERSES;5;18.7;0
Carcassonne;43.21;2.35;26/07/2026;10:00;21.2;6;AVERSES;5;19.8;0
Carcassonne;43.21;2.35;26/07/2026;11:00;;6;AVERSES;;21.2;0
Carcassonne;43.21;2.35;26/07/2026;12:00;;6;AVERSES;;23.0;0
Carcassonne;43.21;2.35;26/07/2026;13:00;;6;AVERSES;;24.8;0
Carcassonne;43.21;2.35;26/07/2026;14:00;25.9;6;AVERSES;5;25.9;0
Carcassonne;43.21;2.35;26/07/2026;15:00;27.1;6;AVERSES;5;27.0;0
Carcassonne;43.21;2.35;26/07/2026;16:00;25.9;6;AVERSES;5;28.1;0
Carcassonne;43.21;2.35;26/07/2026;17:00;;6;AVERSES;;28.8;0
Carcassonne;43.21;2.35;26/07/2026;18:00;;6;AVERSES;;29.9;0
Carcassonne;43.21;2.35;26/07/2026;19:00;;6;AVERSES;;30.2;0
Carcassonne;43.21;2.35;26/07/2026;20:00;21.2;6;AVERSES;5;29.9;0
Carcassonne;43.21;2.35;26/07/2026;21:00;20.0;6;AVERSES;5;28.8;0
Carcassonne;43.21;2.35;26/07/2026;22:00;18.9;6;AVERSES;5;27.0;0
Carcassonne;43.21;2.35;26/07/2026;23:00;;6;AVERSES;;24.8;0
Carcassonne;43.21;2.35;27/07/2026;00:00;;6;AVERSES;;22.7;0
Carcassonne;43.21;2.35;27/07/2026;01:00;;6;AVERSES;;20.9;0
Carcassonne;43.21;2.35;27/07/2026;02:00;16.6;6;AVERSES;5;19.8;0
Carcassonne;43.21;2.35;27/07/2026;03:00;16.6;6;AVERSES;5;19.8;0
Carcassonne;43.21;2.35;27/07/2026;04:00;16.6;6;AVERSES;5;20.2;0
Carcassonne;43.21;2.35;27/07/2026;05:00;;6;AVERSES;;20.9;0
Carcassonne;43.21;2.35;27/07/2026;06:00;;6;AVERSES;;22.0;0
Carcassonne;43.21;2.35;27/07/2026;07:00;;6;AVERSES;;23.4;0
Carcassonne;43.21;2.35;27/07/2026;08:00;18.8;6;AVERSES;5;24.8;0
Carcassonne;43.21;2.35;27/07/2026;09:00;19.9;6;AVERSES;5;26.6;0
Carcassonne;43.21;2.35;27/07/2026;10:00;21.0;6;AVERSES;5;28.4;0
Carcassonne;43.21;2.35;27/07/2026;11:00;;6;AVERSES;;31.0;0
Carcassonne;43.21;2.35;27/07/2026;12:00;;6;AVERSES;;33.1;0
Carcassonne;43.21;2.35;27/07/2026;13:00;;6;AVERSES;;34.9;0
Carcassonne;43.21;2.35;27/07/2026;14:00;25.5;6;AVERSES;5;36.4;0
Carcassonne;43.21;2.35;27/07/2026;15:00;26.6;6;AVERSES;5;37.4;0
Carcassonne;43.21;2.35;27/07/2026;16:00;25.5;6;AVERSES;5;37.8;0
Carcassonne;43.21;2.35;27/07/2026;17:00;;6;AVERSES;;38.5;0
Carcassonne;43.21;2.35;27/07/2026;18:00;;6;AVERSES;;38.5;0
Carcassonne;43.21;2.35;27/07/2026;19:00;;6;AVERSES;;38.2;0
Carcassonne;43.21;2.35;27/07/2026;20:00;21.0;6;AVERSES;5;37.8;0
Carcassonne;43.21;2.35;27/07/2026;21:00;19.9;6;AVERSES;5;37.1;0
Carcassonne;43.21;2.35;27/07/2026;22:00;18.8;6;AVERSES;5;35.6;0
Carcassonne;43.21;2.35;27/07/2026;23:00;;6;AVERSES;;34.2;0
Carcassonne;43.21;2.35;28/07/2026;00:00;;6;AVERSES;;32.4;0
Carcassonne;43.21;2.35;28/07/2026;01:00;;6;AVERSES;;30.6;0
Carcassonne;43.21;2.35;28/07/2026;02:00;16;6;AVERSES;5;29.2;0
Carcassonne;43.21;2.35;28/07/2026;03:00;16;6;AVERSES;5;27.4;0
Carcassonne;43.21;2.35;28/07/2026;04:00;16;6;AVERSES;5;25.6;0
Carcassonne;43.21;2.35;28/07/2026;05:00;;6;AVERSES;;23.8;0
Carcassonne;43.21;2.35;28/07/2026;06:00;;6;AVERSES;;22.0;0
Carcassonne;43.21;2.35;28/07/2026;07:00;;6;AVERSES;;20.5;0
Carcassonne;43.21;2.35;28/07/2026;08:00;18.2;6;AVERSES;5;19.8;0
Carcassonne;43.21;2.35;28/07/2026;09:00;19.4;6;AVERSES;5;19.4;0
Carcassonne;43.21;2.35;28/07/2026;10:00;20.5;6;AVERSES;5;19.8;0
Carcassonne;43.21;2.35;28/07/2026;11:00;;6;AVERSES;;20.2;0
Carcassonne;43.21;2.35;28/07/2026;12:00;;6;AVERSES;;20.9;0
Carcassonne;43.21;2.35;28/07/2026;13:00;;6;AVERSES;;22.0;0
Carcassonne;43.21;2.35;28/07/2026;14:00;25.0;6;AVERSES;5;23.0;0
Carcassonne;43.21;2.35;28/07/2026;15:00;26.1;6;AVERSES;5;24.8;0
Carcassonne;43.21;2.35;28/07/2026;16:00;25.0;6;AVERSES;5;27.0;0
Carcassonne;43.21;2.35;28/07/2026;17:00;;6;AVERSES;;29.5;0
Carcassonne;43.21;2.35;28/07/2026;18:00;;6;AVERSES;;31.7;0
Carcassonne;43.21;2.35;28/07/2026;19:00;;6;AVERSES;;33.5;0
Carcassonne;43.21;2.35;28/07/2026;20:00;20.5;6;AVERSES;5;34.2;0
Carcassonne;43.21;2.35;28/07/2026;21:00;19.4;6;AVERSES;5;33.8;0
Carcassonne;43.21;2.35;28/07/2026;22:00;18.2;6;AVERSES;5;32.4;0
Carcassonne;43.21;2.35;28/07/2026;23:00;;6;AVERSES;;30.6;0
Carcassonne;43.21;2.35;29/07/2026;00:00;;6;AVERSES;;28.8;0
Carcassonne;43.21;2.35;29/07/2026;01:00;;6;AVERSES;;27.0;0
Carcassonne;43.21;2.35;29/07/2026;02:00;16.1;6;AVERSES;5;25.9;0
Carcassonne;43.21;2.35;29/07/2026;03:00;16.1;6;AVERSES;5;25.6;0
Carcassonne;43.21;2.35;29/07/2026;04:00;16.1;6;AVERSES;5;25.9;0
Carcassonne;43.21;2.35;29/07/2026;05:00;;6;AVERSES;;26.6;0
Carcassonne;43.21;2.35;29/07/2026;06:00;;6;AVERSES;;27.0;0
Carcassonne;43.21;2.35;29/07/2026;07:00;;6;AVERSES;;27.4;0
Carcassonne;43.21;2.35;29/07/2026;08:00;18.7;6;AVERSES;5;27.4;0
Carcassonne;43.21;2.35;29/07/2026;09:00;20.1;6;AVERSES;5;26.6;0
Carcassonne;43.21;2.35;29/07/2026;10:00;21.4;6;AVERSES;5;25.6;0
Carcassonne;43.21;2.35;29/07/2026;11:00;;6;AVERSES;;24.5;0
Carcassonne;43.21;2.35;29/07/2026;12:00;;6;AVERSES;;23.4;0
Carcassonne;43.21;2.35;29/07/2026;13:00;;6;AVERSES;;22.3;0
Carcassonne;43.21;2.35;29/07/2026;14:00;26.7;6;AVERSES;5;21.6;0
Carcassonne;43.21;2.35;29/07/2026;15:00;28.0;6;AVERSES;5;21.6;0
Carcassonne;43.21;2.35;29/07/2026;16:00;26.7;6;AVERSES;5;21.6;0
Carcassonne;43.21;2.35;29/07/2026;17:00;;6;AVERSES;;22.3;0
Carcassonne;43.21;2.35;29/07/2026;18:00;;6;AVERSES;;22.7;0
Carcassonne;43.21;2.35;29/07/2026;19:00;;6;AVERSES;;23.0;0
Carcassonne;43.21;2.35;29/07/2026;20:00;21.4;6;AVERSES;5;23.4;0
Carcassonne;43.21;2.35;29/07/2026;21:00;20.1;6;AVERSES;5;23.4;0
Carcassonne;43.21;2.35;29/07/2026;22:00;18.7;6;AVERSES;5;23.4;0
Carcassonne;43.21;2.35;29/07/2026;23:00;17.4;6;AVERSES;5;23.4;0
Carcassonne;43.21;2.35;30/07/2026;00:00;12;0;SOLEIL;5;23.4;0
Carcassonne;43.21;2.35;30/07/2026;01:00;12;0;SOLEIL;5;23.0;0
Carcassonne;43.21;2.35;30/07/2026;02:00;12;0;SOLEIL;5;22.7;0
Carcassonne;43.21;2.35;30/07/2026;03:00;12;0;SOLEIL;5;22.0;0
Carcassonne;43.21;2.35;30/07/2026;04:00;12;0;SOLEIL;5;21.2;0
Carcassonne;43.21;2.35;30/07/2026;05:00;12;0;SOLEIL;5;20.5;0
Carcassonne;43.21;2.35;30/07/2026;06:00;12;0;SOLEIL;5;19.8;0
Carcassonne;43.21;2.35;30/07/2026;07:00;13.1;0;SOLEIL;5;19.1;0
Carcassonne;43.21;2.35;30/07/2026;08:00;14.2;0;SOLEIL;5;19.1;0
Carcassonne;43.21;2.35;30/07/2026;09:00;15.3;0;SOLEIL;5;19.8;0
Carcassonne;43.21;2.35;30/07/2026;10:00;16.4;0;SOLEIL;5;20.9;0
Carcassonne;43.21;2.35;30/07/2026;11:00;17.6;0;SOLEIL;5;22.0;0
Carcassonne;43.21;2.35;30/07/2026;12:00;18.7;0;SOLEIL;5;18.5;0
Carcassonne;43.21;2.35;30/07/2026;13:00;19.8;0;SOLEIL;5;14.6;0
Carcassonne;43.21;2.35;30/07/2026;14:00;20.9;0;SOLEIL;5;10.2;0
Carcassonne;43.21;2.35;30/07/2026;15:00;22.0;0;SOLEIL;5;6.1;0
Carcassonne;43.21;2.35;30/07/2026;16:00;20.9;0;SOLEIL;5;7.9;0
Carcassonne;43.21;2.35;30/07/2026;17:00;19.8;0;SOLEIL;5;8.6;0
Carcassonne;43.21;2.35;30/07/2026;18:00;18.7;0;SOLEIL;5;8.3;0
Carcassonne;43.21;2.35;30/07/2026;19:00;17.6;0;SOLEIL;5;7.2;0
Carcassonne;43.21;2.35;30/07/2026;20:00;16.4;0;SOLEIL;5;6.8;0
Carcassonne;43.21;2.35;30/07/2026;21:00;15.3;0;SOLEIL;5;6.5;0
Carcassonne;43.21;2.35;30/07/2026;22:00;14.2;0;SOLEIL;5;6.8;0
Carcassonne;43.21;2.35;30/07/2026;23:00;13.1;0;SOLEIL;5;9.0;0
Carcassonne;43.21;2.35;31/07/2026;00:00;12;0;SOLEIL;5;0.0;0
Carcassonne;43.21;2.35;31/07/2026;01:00;12;0;SOLEIL;5;0.0;0
Carcassonne;43.21;2.35;31/07/2026;02:00;12;0;SOLEIL;5;0.0;0
Carcassonne;43.21;2.35;31/07/2026;03:00;12;0;SOLEIL;5;0.0;0
Carcassonne;43.21;2.35;31/07/2026;04:00;12;0;SOLEIL;5;0.0;0
Carcassonne;43.21;2.35;31/07/2026;05:00;12;0;SOLEIL;5;0.0;0
Carcassonne;43.21;2.35;31/07/2026;06:00;12;0;SOLEIL;5;0.0;0
Carcassonne;43.21;2.35;31/07/2026;07:00;13.1;0;SOLEIL;5;0.0;0
Carcassonne;43.21;2.35;31/07/2026;08:00;14.2;0;SOLEIL;5;0.0;0
Carcassonne;43.21;2.35;31/07/2026;09:00;15.3;0;SOLEIL;5;0.0;0
Carcassonne;43.21;2.35;31/07/2026;10:00;16.4;0;SOLEIL;5;0.0;0
Carcassonne;43.21;2.35;31/07/2026;11:00;17.6;0;SOLEIL;5;0.0;0
Carcassonne;43.21;2.35;31/07/2026;12:00;18.7;0;SOLEIL;5;0.0;0
Carcassonne;43.21;2.35;31/07/2026;13:00;19.8;0;SOLEIL;5;0.0;0
Carcassonne;43.21;2.35;31/07/2026;14:00;20.9;0;SOLEIL;5;0.0;0
Carcassonne;43.21;2.35;31/07/2026;15:00;22.0;0;SOLEIL;5;0.0;0
Carcassonne;43.21;2.35;31/07/2026;16:00;20.9;0;SOLEIL;5;0.0;0
Carcassonne;43.21;2.35;31/07/2026;17:00;19.8;0;SOLEIL;5;0.0;0
Carcassonne;43.21;2.35;31/07/2026;18:00;18.7;0;SOLEIL;5;0.0;0
Carcassonne;43.21;2.35;31/07/2026;19:00;17.6;0;SOLEIL;5;0.0;0
Carcassonne;43.21;2.35;31/07/2026;20:00;16.4;0;SOLEIL;5;0.0;0
Carcassonne;43.21;2.35;31/07/2026;21:00;15.3;0;SOLEIL;5;0.0;0
Carcassonne;43.21;2.35;31/07/2026;22:00;14.2;0;SOLEIL;5;0.0;0
Carcassonne;43.21;2.35;31/07/2026;23:00;13.1;0;SOLEIL;5;0.0;0
Laguiole;44.68;2.85;16/07/2026;00:00;25.7;0;SOLEIL;3;0;0
Laguiole;44.68;2.85;16/07/2026;01:00;25.6;0;SOLEIL;4;0;0
Laguiole;44.68;2.85;16/07/2026;02:00;23.6;0;SOLEIL;4;0;0
Laguiole;44.68;2.85;16/07/2026;03:00;23.4;0;SOLEIL;4;0;0
Laguiole;44.68;2.85;16/07/2026;04:00;22.6;0;SOLEIL;4;0;0
Laguiole;44.68;2.85;16/07/2026;05:00;23.1;0;SOLEIL;3;0;0
Laguiole;44.68;2.85;16/07/2026;06:00;25.6;0;SOLEIL;4;0;0
Laguiole;44.68;2.85;16/07/2026;07:00;26.9;5;SOLEIL VOILÉ;4;0;0
Laguiole;44.68;2.85;16/07/2026;08:00;28.2;5;SOLEIL VOILÉ;5;0;0
Laguiole;44.68;2.85;16/07/2026;09:00;28.7;2;NUAGEUX;5;11;0
Laguiole;44.68;2.85;16/07/2026;10:00;28.5;2;NUAGEUX;6;12;0
Laguiole;44.68;2.85;16/07/2026;11:00;30.1;2;NUAGEUX;6;13;0
Laguiole;44.68;2.85;16/07/2026;12:00;30.7;2;NUAGEUX;6;13;0
Laguiole;44.68;2.85;16/07/2026;13:00;32.7;10;ORAGEUX;7;14;0
Laguiole;44.68;2.85;16/07/2026;14:00;33.6;10;ORAGEUX;7;15;0
Laguiole;44.68;2.85;16/07/2026;15:00;33.7;10;ORAGEUX;7;16;0
Laguiole;44.68;2.85;16/07/2026;16:00;32.6;5;SOLEIL VOILÉ;7;16;0
Laguiole;44.68;2.85;16/07/2026;17:00;32.2;5;SOLEIL VOILÉ;7;15;0
Laguiole;44.68;2.85;16/07/2026;18:00;31.1;0;SOLEIL;7;14;0
Laguiole;44.68;2.85;16/07/2026;19:00;29.1;0;SOLEIL;6;13;0
Laguiole;44.68;2.85;16/07/2026;20:00;27.2;0;SOLEIL;5;11;0
Laguiole;44.68;2.85;16/07/2026;21:00;26.7;0;SOLEIL;4;0;0
Laguiole;44.68;2.85;16/07/2026;22:00;25.9;0;SOLEIL;2;0;0
Laguiole;44.68;2.85;16/07/2026;23:00;25;0;SOLEIL;3;0;0
Laguiole;44.68;2.85;17/07/2026;00:00;24.5;0;SOLEIL;4;0;0
Laguiole;44.68;2.85;17/07/2026;01:00;24.5;0;SOLEIL;4;0;0
Laguiole;44.68;2.85;17/07/2026;02:00;22.4;0;SOLEIL;5;0;0
Laguiole;44.68;2.85;17/07/2026;03:00;22.4;0;SOLEIL;5;0;0
Laguiole;44.68;2.85;17/07/2026;04:00;22.4;0;SOLEIL;5;0;0
Laguiole;44.68;2.85;17/07/2026;05:00;23.6;0;SOLEIL;5;0;0
Laguiole;44.68;2.85;17/07/2026;06:00;23.6;0;SOLEIL;5;0;0
Laguiole;44.68;2.85;17/07/2026;07:00;23.6;0;SOLEIL;5;0;0
Laguiole;44.68;2.85;17/07/2026;08:00;27;0;SOLEIL;5;0;0
Laguiole;44.68;2.85;17/07/2026;09:00;27;0;SOLEIL;5;0;0
Laguiole;44.68;2.85;17/07/2026;10:00;27;0;SOLEIL;5;0;0
Laguiole;44.68;2.85;17/07/2026;11:00;30.5;0;SOLEIL;6;12;0
Laguiole;44.68;2.85;17/07/2026;12:00;30.5;0;SOLEIL;6;12;0
Laguiole;44.68;2.85;17/07/2026;13:00;30.5;0;SOLEIL;6;12;0
Laguiole;44.68;2.85;17/07/2026;14:00;31;0;SOLEIL;6;12;0
Laguiole;44.68;2.85;17/07/2026;15:00;31;0;SOLEIL;6;12;0
Laguiole;44.68;2.85;17/07/2026;16:00;31;0;SOLEIL;6;12;0
Laguiole;44.68;2.85;17/07/2026;17:00;29.1;0;SOLEIL;6;12;0
Laguiole;44.68;2.85;17/07/2026;18:00;29.1;0;SOLEIL;6;12;0
Laguiole;44.68;2.85;17/07/2026;19:00;29.1;0;SOLEIL;6;12;0
Laguiole;44.68;2.85;17/07/2026;20:00;26;0;SOLEIL;5;11;0
Laguiole;44.68;2.85;17/07/2026;21:00;26;0;SOLEIL;5;11;0
Laguiole;44.68;2.85;17/07/2026;22:00;26;0;SOLEIL;5;11;0
Laguiole;44.68;2.85;17/07/2026;23:00;24.1;0;SOLEIL;4;0;0
Laguiole;44.68;2.85;18/07/2026;00:00;24.1;0;SOLEIL;4;0;0
Laguiole;44.68;2.85;18/07/2026;01:00;24.1;0;SOLEIL;4;0;0
Laguiole;44.68;2.85;18/07/2026;02:00;22.5;0;SOLEIL;4;0;0
Laguiole;44.68;2.85;18/07/2026;03:00;22.5;0;SOLEIL;4;0;0
Laguiole;44.68;2.85;18/07/2026;04:00;22.5;0;SOLEIL;4;0;0
Laguiole;44.68;2.85;18/07/2026;05:00;22.7;0;SOLEIL;5;0;0
Laguiole;44.68;2.85;18/07/2026;06:00;22.7;0;SOLEIL;5;0;0
Laguiole;44.68;2.85;18/07/2026;07:00;22.7;0;SOLEIL;5;0;0
Laguiole;44.68;2.85;18/07/2026;08:00;27.6;0;SOLEIL;5;0;0
Laguiole;44.68;2.85;18/07/2026;09:00;27.6;0;SOLEIL;5;0;0
Laguiole;44.68;2.85;18/07/2026;10:00;27.6;0;SOLEIL;5;0;0
Laguiole;44.68;2.85;18/07/2026;11:00;31.6;0;SOLEIL;5;0;0
Laguiole;44.68;2.85;18/07/2026;12:00;31.6;0;SOLEIL;5;0;0
Laguiole;44.68;2.85;18/07/2026;13:00;31.6;0;SOLEIL;5;0;0
Laguiole;44.68;2.85;18/07/2026;14:00;32.5;0;SOLEIL;6;11;0
Laguiole;44.68;2.85;18/07/2026;15:00;32.5;0;SOLEIL;6;11;0
Laguiole;44.68;2.85;18/07/2026;16:00;32.5;0;SOLEIL;6;11;0
Laguiole;44.68;2.85;18/07/2026;17:00;30.9;0;SOLEIL;6;0;0
Laguiole;44.68;2.85;18/07/2026;18:00;30.9;0;SOLEIL;6;0;0
Laguiole;44.68;2.85;18/07/2026;19:00;30.9;0;SOLEIL;6;0;0
Laguiole;44.68;2.85;18/07/2026;20:00;26.7;0;SOLEIL;5;0;0
Laguiole;44.68;2.85;18/07/2026;21:00;25.4;0;SOLEIL;5;0;0
Laguiole;44.68;2.85;18/07/2026;22:00;24.2;0;SOLEIL;5;0;0
Laguiole;44.68;2.85;18/07/2026;23:00;24;0;SOLEIL;3;0;0
Laguiole;44.68;2.85;19/07/2026;00:00;24;0;SOLEIL;3;0;0
Laguiole;44.68;2.85;19/07/2026;01:00;24;0;SOLEIL;3;0;0
Laguiole;44.68;2.85;19/07/2026;02:00;20.9;2;NUAGEUX;5;0;0
Laguiole;44.68;2.85;19/07/2026;03:00;20.9;2;NUAGEUX;5;0;0
Laguiole;44.68;2.85;19/07/2026;04:00;20.9;2;NUAGEUX;5;0;0
Laguiole;44.68;2.85;19/07/2026;05:00;23.4;0;SOLEIL;3;0;0
Laguiole;44.68;2.85;19/07/2026;06:00;23.4;0;SOLEIL;3;0;0
Laguiole;44.68;2.85;19/07/2026;07:00;23.4;0;SOLEIL;3;0;0
Laguiole;44.68;2.85;19/07/2026;08:00;24.1;2;NUAGEUX;5;0;0
Laguiole;44.68;2.85;19/07/2026;09:00;25.7;2;NUAGEUX;5;0;0
Laguiole;44.68;2.85;19/07/2026;10:00;27.3;2;NUAGEUX;5;0;0
Laguiole;44.68;2.85;19/07/2026;11:00;33.1;2;NUAGEUX;4;0;0
Laguiole;44.68;2.85;19/07/2026;12:00;33.1;2;NUAGEUX;4;0;0
Laguiole;44.68;2.85;19/07/2026;13:00;33.1;2;NUAGEUX;4;0;0
Laguiole;44.68;2.85;19/07/2026;14:00;33.6;2;NUAGEUX;5;0;0
Laguiole;44.68;2.85;19/07/2026;15:00;35.2;2;NUAGEUX;5;0;0
Laguiole;44.68;2.85;19/07/2026;16:00;33.6;2;NUAGEUX;5;0;0
Laguiole;44.68;2.85;19/07/2026;17:00;32.4;2;NUAGEUX;4;0;0
Laguiole;44.68;2.85;19/07/2026;18:00;32.4;2;NUAGEUX;4;0;0
Laguiole;44.68;2.85;19/07/2026;19:00;32.4;2;NUAGEUX;4;0;0
Laguiole;44.68;2.85;19/07/2026;20:00;27.3;2;NUAGEUX;5;0;0
Laguiole;44.68;2.85;19/07/2026;21:00;25.7;2;NUAGEUX;5;0;0
Laguiole;44.68;2.85;19/07/2026;22:00;24.1;2;NUAGEUX;5;0;0
Laguiole;44.68;2.85;19/07/2026;23:00;24.1;0;SOLEIL;2;0;0
Laguiole;44.68;2.85;20/07/2026;00:00;24.1;0;SOLEIL;2;0;0
Laguiole;44.68;2.85;20/07/2026;01:00;24.1;0;SOLEIL;2;0;0
Laguiole;44.68;2.85;20/07/2026;02:00;21.5;0;SOLEIL;5;0;0
Laguiole;44.68;2.85;20/07/2026;03:00;21.5;0;SOLEIL;5;0;0
Laguiole;44.68;2.85;20/07/2026;04:00;21.5;0;SOLEIL;5;0;0
Laguiole;44.68;2.85;20/07/2026;05:00;23.6;0;SOLEIL;3;0;0
Laguiole;44.68;2.85;20/07/2026;06:00;23.6;0;SOLEIL;3;0;0
Laguiole;44.68;2.85;20/07/2026;07:00;23.6;0;SOLEIL;3;0;0
Laguiole;44.68;2.85;20/07/2026;08:00;24.7;0;SOLEIL;5;0;0
Laguiole;44.68;2.85;20/07/2026;09:00;26.2;0;SOLEIL;5;0;0
Laguiole;44.68;2.85;20/07/2026;10:00;27.8;0;SOLEIL;5;0;0
Laguiole;44.68;2.85;20/07/2026;11:00;33.4;0;SOLEIL;4;0;0
Laguiole;44.68;2.85;20/07/2026;12:00;33.4;0;SOLEIL;4;0;0
Laguiole;44.68;2.85;20/07/2026;13:00;33.4;0;SOLEIL;4;0;0
Laguiole;44.68;2.85;20/07/2026;14:00;34.1;0;SOLEIL;5;0;0
Laguiole;44.68;2.85;20/07/2026;15:00;35.7;0;SOLEIL;5;0;0
Laguiole;44.68;2.85;20/07/2026;16:00;34.1;0;SOLEIL;5;0;0
Laguiole;44.68;2.85;20/07/2026;17:00;32.1;0;SOLEIL;4;0;0
Laguiole;44.68;2.85;20/07/2026;18:00;32.1;0;SOLEIL;4;0;0
Laguiole;44.68;2.85;20/07/2026;19:00;32.1;0;SOLEIL;4;0;0
Laguiole;44.68;2.85;20/07/2026;20:00;27.8;0;SOLEIL;5;0;0
Laguiole;44.68;2.85;20/07/2026;21:00;26.2;0;SOLEIL;5;0;0
Laguiole;44.68;2.85;20/07/2026;22:00;24.7;0;SOLEIL;5;0;0
Laguiole;44.68;2.85;20/07/2026;23:00;23.4;0;SOLEIL;3;0;0
Laguiole;44.68;2.85;21/07/2026;00:00;23.4;0;SOLEIL;3;0;0
Laguiole;44.68;2.85;21/07/2026;01:00;23.4;0;SOLEIL;3;0;0
Laguiole;44.68;2.85;21/07/2026;02:00;20.7;0;SOLEIL;5;0;0
Laguiole;44.68;2.85;21/07/2026;03:00;20.7;0;SOLEIL;5;0;0
Laguiole;44.68;2.85;21/07/2026;04:00;20.7;0;SOLEIL;5;0;0
Laguiole;44.68;2.85;21/07/2026;05:00;22.6;0;SOLEIL;3;0;0
Laguiole;44.68;2.85;21/07/2026;06:00;22.6;0;SOLEIL;3;0;0
Laguiole;44.68;2.85;21/07/2026;07:00;22.6;0;SOLEIL;3;0;0
Laguiole;44.68;2.85;21/07/2026;08:00;24.0;0;SOLEIL;5;0;0
Laguiole;44.68;2.85;21/07/2026;09:00;25.7;0;SOLEIL;5;0;0
Laguiole;44.68;2.85;21/07/2026;10:00;27.4;0;SOLEIL;5;0;0
Laguiole;44.68;2.85;21/07/2026;11:00;33.6;0;SOLEIL;5;11;0
Laguiole;44.68;2.85;21/07/2026;12:00;33.6;0;SOLEIL;5;11;0
Laguiole;44.68;2.85;21/07/2026;13:00;33.6;0;SOLEIL;5;11;0
Laguiole;44.68;2.85;21/07/2026;14:00;34.0;0;SOLEIL;5;0;0
Laguiole;44.68;2.85;21/07/2026;15:00;35.7;0;SOLEIL;5;0;0
Laguiole;44.68;2.85;21/07/2026;16:00;34.0;0;SOLEIL;5;0;0
Laguiole;44.68;2.85;21/07/2026;17:00;32.7;0;SOLEIL;5;12;0
Laguiole;44.68;2.85;21/07/2026;18:00;32.7;0;SOLEIL;5;12;0
Laguiole;44.68;2.85;21/07/2026;19:00;32.7;0;SOLEIL;5;12;0
Laguiole;44.68;2.85;21/07/2026;20:00;27.4;0;SOLEIL;5;0;0
Laguiole;44.68;2.85;21/07/2026;21:00;25.7;0;SOLEIL;5;0;0
Laguiole;44.68;2.85;21/07/2026;22:00;24.0;0;SOLEIL;5;0;0
Laguiole;44.68;2.85;21/07/2026;23:00;23.2;0;SOLEIL;3;0;0
Laguiole;44.68;2.85;22/07/2026;00:00;23.2;0;SOLEIL;3;0;0
Laguiole;44.68;2.85;22/07/2026;01:00;23.2;0;SOLEIL;3;0;0
Laguiole;44.68;2.85;22/07/2026;02:00;20;0;SOLEIL;5;0;0
Laguiole;44.68;2.85;22/07/2026;03:00;20;0;SOLEIL;5;0;0
Laguiole;44.68;2.85;22/07/2026;04:00;20;0;SOLEIL;5;0;0
Laguiole;44.68;2.85;22/07/2026;05:00;22;0;SOLEIL;3;0;0
Laguiole;44.68;2.85;22/07/2026;06:00;22;0;SOLEIL;3;0;0
Laguiole;44.68;2.85;22/07/2026;07:00;22;0;SOLEIL;3;0;0
Laguiole;44.68;2.85;22/07/2026;08:00;23.4;0;SOLEIL;5;0;0
Laguiole;44.68;2.85;22/07/2026;09:00;25.0;0;SOLEIL;5;0;0
Laguiole;44.68;2.85;22/07/2026;10:00;26.7;0;SOLEIL;5;0;0
Laguiole;44.68;2.85;22/07/2026;11:00;32.6;0;SOLEIL;5;11;0
Laguiole;44.68;2.85;22/07/2026;12:00;32.6;0;SOLEIL;5;11;0
Laguiole;44.68;2.85;22/07/2026;13:00;32.6;0;SOLEIL;5;11;0
Laguiole;44.68;2.85;22/07/2026;14:00;33.4;0;SOLEIL;5;0;0
Laguiole;44.68;2.85;22/07/2026;15:00;35.1;0;SOLEIL;5;0;0
Laguiole;44.68;2.85;22/07/2026;16:00;33.4;0;SOLEIL;5;0;0
Laguiole;44.68;2.85;22/07/2026;17:00;32.7;0;SOLEIL;5;12;0
Laguiole;44.68;2.85;22/07/2026;18:00;32.7;0;SOLEIL;5;12;0
Laguiole;44.68;2.85;22/07/2026;19:00;32.7;0;SOLEIL;5;12;0
Laguiole;44.68;2.85;22/07/2026;20:00;26.7;0;SOLEIL;5;0;0
Laguiole;44.68;2.85;22/07/2026;21:00;25.0;0;SOLEIL;5;0;0
Laguiole;44.68;2.85;22/07/2026;22:00;23.4;0;SOLEIL;5;0;0
Laguiole;44.68;2.85;22/07/2026;23:00;23;0;SOLEIL;3;0;0
Laguiole;44.68;2.85;23/07/2026;00:00;23;0;SOLEIL;3;0;0
Laguiole;44.68;2.85;23/07/2026;01:00;23;0;SOLEIL;3;0;0
Laguiole;44.68;2.85;23/07/2026;02:00;20;0;SOLEIL;5;0;0
Laguiole;44.68;2.85;23/07/2026;03:00;20;0;SOLEIL;5;0;0
Laguiole;44.68;2.85;23/07/2026;04:00;20;0;SOLEIL;5;0;0
Laguiole;44.68;2.85;23/07/2026;05:00;22.6;0;SOLEIL;4;0;0
Laguiole;44.68;2.85;23/07/2026;06:00;22.6;0;SOLEIL;4;0;0
Laguiole;44.68;2.85;23/07/2026;07:00;22.6;0;SOLEIL;4;0;0
Laguiole;44.68;2.85;23/07/2026;08:00;23.6;0;SOLEIL;5;0;0
Laguiole;44.68;2.85;23/07/2026;09:00;25.5;0;SOLEIL;5;0;0
Laguiole;44.68;2.85;23/07/2026;10:00;27.3;0;SOLEIL;5;0;0
Laguiole;44.68;2.85;23/07/2026;11:00;34.1;0;SOLEIL;6;12;0
Laguiole;44.68;2.85;23/07/2026;12:00;34.1;0;SOLEIL;6;12;0
Laguiole;44.68;2.85;23/07/2026;13:00;34.1;0;SOLEIL;6;12;0
Laguiole;44.68;2.85;23/07/2026;14:00;34.6;0;SOLEIL;5;0;0
Laguiole;44.68;2.85;23/07/2026;15:00;36.4;0;SOLEIL;5;0;0
Laguiole;44.68;2.85;23/07/2026;16:00;34.6;0;SOLEIL;5;0;0
Laguiole;44.68;2.85;23/07/2026;17:00;33.5;0;SOLEIL;6;12;0
Laguiole;44.68;2.85;23/07/2026;18:00;33.5;0;SOLEIL;6;12;0
Laguiole;44.68;2.85;23/07/2026;19:00;33.5;0;SOLEIL;6;12;0
Laguiole;44.68;2.85;23/07/2026;20:00;27.3;0;SOLEIL;5;0;0
Laguiole;44.68;2.85;23/07/2026;21:00;25.5;0;SOLEIL;5;0;0
Laguiole;44.68;2.85;23/07/2026;22:00;23.6;0;SOLEIL;5;0;0
Laguiole;44.68;2.85;23/07/2026;23:00;23.7;0;SOLEIL;3;0;0
Laguiole;44.68;2.85;24/07/2026;00:00;23.7;0;SOLEIL;3;0;0
Laguiole;44.68;2.85;24/07/2026;01:00;23.7;0;SOLEIL;3;0;0
Laguiole;44.68;2.85;24/07/2026;02:00;21;0;SOLEIL;5;0;0
Laguiole;44.68;2.85;24/07/2026;03:00;21;0;SOLEIL;5;0;0
Laguiole;44.68;2.85;24/07/2026;04:00;21;0;SOLEIL;5;0;0
Laguiole;44.68;2.85;24/07/2026;05:00;23.5;0;SOLEIL;4;0;0
Laguiole;44.68;2.85;24/07/2026;06:00;23.5;0;SOLEIL;4;0;0
Laguiole;44.68;2.85;24/07/2026;07:00;23.5;0;SOLEIL;4;0;0
Laguiole;44.68;2.85;24/07/2026;08:00;24.2;0;SOLEIL;5;0;0
Laguiole;44.68;2.85;24/07/2026;09:00;25.9;0;SOLEIL;5;0;0
Laguiole;44.68;2.85;24/07/2026;10:00;27.5;0;SOLEIL;5;0;0
Laguiole;44.68;2.85;24/07/2026;11:00;34.1;0;SOLEIL;5;12;0
Laguiole;44.68;2.85;24/07/2026;12:00;34.1;0;SOLEIL;5;12;0
Laguiole;44.68;2.85;24/07/2026;13:00;34.1;0;SOLEIL;5;12;0
Laguiole;44.68;2.85;24/07/2026;14:00;34.0;0;SOLEIL;5;0;0
Laguiole;44.68;2.85;24/07/2026;15:00;35.6;0;SOLEIL;5;0;0
Laguiole;44.68;2.85;24/07/2026;16:00;34.0;0;SOLEIL;5;0;0
Laguiole;44.68;2.85;24/07/2026;17:00;31.9;0;SOLEIL;6;12;0
Laguiole;44.68;2.85;24/07/2026;18:00;31.9;0;SOLEIL;6;12;0
Laguiole;44.68;2.85;24/07/2026;19:00;31.9;0;SOLEIL;6;12;0
Laguiole;44.68;2.85;24/07/2026;20:00;27.5;0;SOLEIL;5;0;0
Laguiole;44.68;2.85;24/07/2026;21:00;25.9;0;SOLEIL;5;0;0
Laguiole;44.68;2.85;24/07/2026;22:00;24.2;0;SOLEIL;5;0;0
Laguiole;44.68;2.85;24/07/2026;23:00;24;0;SOLEIL;4;0;0
Laguiole;44.68;2.85;25/07/2026;00:00;24;0;SOLEIL;4;0;0
Laguiole;44.68;2.85;25/07/2026;01:00;24;0;SOLEIL;4;0;0
Laguiole;44.68;2.85;25/07/2026;02:00;20.5;0;SOLEIL;5;0;0
Laguiole;44.68;2.85;25/07/2026;03:00;20.5;0;SOLEIL;5;0;0
Laguiole;44.68;2.85;25/07/2026;04:00;20.5;0;SOLEIL;5;0;0
Laguiole;44.68;2.85;25/07/2026;05:00;;0;SOLEIL;;;0
Laguiole;44.68;2.85;25/07/2026;06:00;;0;SOLEIL;;;0
Laguiole;44.68;2.85;25/07/2026;07:00;;0;SOLEIL;;;0
Laguiole;44.68;2.85;25/07/2026;08:00;23.1;0;SOLEIL;5;0;0
Laguiole;44.68;2.85;25/07/2026;09:00;24.4;0;SOLEIL;5;0;0
Laguiole;44.68;2.85;25/07/2026;10:00;25.7;0;SOLEIL;5;0;0
Laguiole;44.68;2.85;25/07/2026;11:00;;0;SOLEIL;;;0
Laguiole;44.68;2.85;25/07/2026;12:00;;0;SOLEIL;;;0
Laguiole;44.68;2.85;25/07/2026;13:00;;0;SOLEIL;;;0
Laguiole;44.68;2.85;25/07/2026;14:00;30.8;0;SOLEIL;5;0;0
Laguiole;44.68;2.85;25/07/2026;15:00;32.1;0;SOLEIL;5;0;0
Laguiole;44.68;2.85;25/07/2026;16:00;30.8;0;SOLEIL;5;0;0
Laguiole;44.68;2.85;25/07/2026;17:00;;0;SOLEIL;;;0
Laguiole;44.68;2.85;25/07/2026;18:00;;0;SOLEIL;;;0
Laguiole;44.68;2.85;25/07/2026;19:00;;0;SOLEIL;;;0
Laguiole;44.68;2.85;25/07/2026;20:00;25.7;0;SOLEIL;5;0;0
Laguiole;44.68;2.85;25/07/2026;21:00;24.4;0;SOLEIL;5;0;0
Laguiole;44.68;2.85;25/07/2026;22:00;23.1;0;SOLEIL;5;0;0
Laguiole;44.68;2.85;25/07/2026;23:00;;0;SOLEIL;;;0
Laguiole;44.68;2.85;26/07/2026;00:00;;0;SOLEIL;;;0
Laguiole;44.68;2.85;26/07/2026;01:00;;0;SOLEIL;;;0
Laguiole;44.68;2.85;26/07/2026;02:00;19.6;0;SOLEIL;5;0;0
Laguiole;44.68;2.85;26/07/2026;03:00;19.6;0;SOLEIL;5;0;0
Laguiole;44.68;2.85;26/07/2026;04:00;19.6;0;SOLEIL;5;0;0
Laguiole;44.68;2.85;26/07/2026;05:00;;0;SOLEIL;;;0
Laguiole;44.68;2.85;26/07/2026;06:00;;0;SOLEIL;;;0
Laguiole;44.68;2.85;26/07/2026;07:00;;0;SOLEIL;;;0
Laguiole;44.68;2.85;26/07/2026;08:00;21.9;0;SOLEIL;5;0;0
Laguiole;44.68;2.85;26/07/2026;09:00;23.1;0;SOLEIL;5;0;0
Laguiole;44.68;2.85;26/07/2026;10:00;24.3;0;SOLEIL;5;0;0
Laguiole;44.68;2.85;26/07/2026;11:00;;0;SOLEIL;;;0
Laguiole;44.68;2.85;26/07/2026;12:00;;0;SOLEIL;;;0
Laguiole;44.68;2.85;26/07/2026;13:00;;0;SOLEIL;;;0
Laguiole;44.68;2.85;26/07/2026;14:00;28.9;0;SOLEIL;5;0;0
Laguiole;44.68;2.85;26/07/2026;15:00;30.1;0;SOLEIL;5;0;0
Laguiole;44.68;2.85;26/07/2026;16:00;28.9;0;SOLEIL;5;0;0
Laguiole;44.68;2.85;26/07/2026;17:00;;0;SOLEIL;;;0
Laguiole;44.68;2.85;26/07/2026;18:00;;0;SOLEIL;;;0
Laguiole;44.68;2.85;26/07/2026;19:00;;0;SOLEIL;;;0
Laguiole;44.68;2.85;26/07/2026;20:00;24.3;0;SOLEIL;5;0;0
Laguiole;44.68;2.85;26/07/2026;21:00;23.1;0;SOLEIL;5;0;0
Laguiole;44.68;2.85;26/07/2026;22:00;21.9;0;SOLEIL;5;0;0
Laguiole;44.68;2.85;26/07/2026;23:00;;0;SOLEIL;;;0
Laguiole;44.68;2.85;27/07/2026;00:00;;0;SOLEIL;;;0
Laguiole;44.68;2.85;27/07/2026;01:00;;0;SOLEIL;;;0
Laguiole;44.68;2.85;27/07/2026;02:00;19.2;0;SOLEIL;5;0;0
Laguiole;44.68;2.85;27/07/2026;03:00;19.2;0;SOLEIL;5;0;0
Laguiole;44.68;2.85;27/07/2026;04:00;19.2;0;SOLEIL;5;0;0
Laguiole;44.68;2.85;27/07/2026;05:00;;0;SOLEIL;;;0
Laguiole;44.68;2.85;27/07/2026;06:00;;0;SOLEIL;;;0
Laguiole;44.68;2.85;27/07/2026;07:00;;0;SOLEIL;;;0
Laguiole;44.68;2.85;27/07/2026;08:00;21.5;0;SOLEIL;5;0;0
Laguiole;44.68;2.85;27/07/2026;09:00;22.7;0;SOLEIL;5;0;0
Laguiole;44.68;2.85;27/07/2026;10:00;23.8;0;SOLEIL;5;0;0
Laguiole;44.68;2.85;27/07/2026;11:00;;0;SOLEIL;;;0
Laguiole;44.68;2.85;27/07/2026;12:00;;0;SOLEIL;;;0
Laguiole;44.68;2.85;27/07/2026;13:00;;0;SOLEIL;;;0
Laguiole;44.68;2.85;27/07/2026;14:00;28.4;0;SOLEIL;5;0;0
Laguiole;44.68;2.85;27/07/2026;15:00;29.6;0;SOLEIL;5;0;0
Laguiole;44.68;2.85;27/07/2026;16:00;28.4;0;SOLEIL;5;0;0
Laguiole;44.68;2.85;27/07/2026;17:00;;0;SOLEIL;;;0
Laguiole;44.68;2.85;27/07/2026;18:00;;0;SOLEIL;;;0
Laguiole;44.68;2.85;27/07/2026;19:00;;0;SOLEIL;;;0
Laguiole;44.68;2.85;27/07/2026;20:00;23.8;0;SOLEIL;5;0;0
Laguiole;44.68;2.85;27/07/2026;21:00;22.7;0;SOLEIL;5;0;0
Laguiole;44.68;2.85;27/07/2026;22:00;21.5;0;SOLEIL;5;0;0
Laguiole;44.68;2.85;27/07/2026;23:00;;0;SOLEIL;;;0
Laguiole;44.68;2.85;28/07/2026;00:00;;0;SOLEIL;;;0
Laguiole;44.68;2.85;28/07/2026;01:00;;0;SOLEIL;;;0
Laguiole;44.68;2.85;28/07/2026;02:00;19.1;0;SOLEIL;5;0;0
Laguiole;44.68;2.85;28/07/2026;03:00;19.1;0;SOLEIL;5;0;0
Laguiole;44.68;2.85;28/07/2026;04:00;19.1;0;SOLEIL;5;0;0
Laguiole;44.68;2.85;28/07/2026;05:00;;0;SOLEIL;;;0
Laguiole;44.68;2.85;28/07/2026;06:00;;0;SOLEIL;;;0
Laguiole;44.68;2.85;28/07/2026;07:00;;0;SOLEIL;;;0
Laguiole;44.68;2.85;28/07/2026;08:00;21.3;0;SOLEIL;5;0;0
Laguiole;44.68;2.85;28/07/2026;09:00;22.4;0;SOLEIL;5;0;0
Laguiole;44.68;2.85;28/07/2026;10:00;23.5;0;SOLEIL;5;0;0
Laguiole;44.68;2.85;28/07/2026;11:00;;0;SOLEIL;;;0
Laguiole;44.68;2.85;28/07/2026;12:00;;0;SOLEIL;;;0
Laguiole;44.68;2.85;28/07/2026;13:00;;0;SOLEIL;;;0
Laguiole;44.68;2.85;28/07/2026;14:00;28.0;0;SOLEIL;5;0;0
Laguiole;44.68;2.85;28/07/2026;15:00;29.1;0;SOLEIL;5;0;0
Laguiole;44.68;2.85;28/07/2026;16:00;28.0;0;SOLEIL;5;0;0
Laguiole;44.68;2.85;28/07/2026;17:00;;0;SOLEIL;;;0
Laguiole;44.68;2.85;28/07/2026;18:00;;0;SOLEIL;;;0
Laguiole;44.68;2.85;28/07/2026;19:00;;0;SOLEIL;;;0
Laguiole;44.68;2.85;28/07/2026;20:00;23.5;0;SOLEIL;5;0;0
Laguiole;44.68;2.85;28/07/2026;21:00;22.4;0;SOLEIL;5;0;0
Laguiole;44.68;2.85;28/07/2026;22:00;21.3;0;SOLEIL;5;0;0
Laguiole;44.68;2.85;28/07/2026;23:00;;0;SOLEIL;;;0
Laguiole;44.68;2.85;29/07/2026;00:00;;0;SOLEIL;;;0
Laguiole;44.68;2.85;29/07/2026;01:00;;0;SOLEIL;;;0
Laguiole;44.68;2.85;29/07/2026;02:00;18.6;0;SOLEIL;5;0;0
Laguiole;44.68;2.85;29/07/2026;03:00;18.6;0;SOLEIL;5;0;0
Laguiole;44.68;2.85;29/07/2026;04:00;18.6;0;SOLEIL;5;0;0
Laguiole;44.68;2.85;29/07/2026;05:00;;0;SOLEIL;;;0
Laguiole;44.68;2.85;29/07/2026;06:00;;0;SOLEIL;;;0
Laguiole;44.68;2.85;29/07/2026;07:00;;0;SOLEIL;;;0
Laguiole;44.68;2.85;29/07/2026;08:00;21.1;0;SOLEIL;5;0;0
Laguiole;44.68;2.85;29/07/2026;09:00;22.4;0;SOLEIL;5;0;0
Laguiole;44.68;2.85;29/07/2026;10:00;23.6;0;SOLEIL;5;0;0
Laguiole;44.68;2.85;29/07/2026;11:00;;0;SOLEIL;;;0
Laguiole;44.68;2.85;29/07/2026;12:00;;0;SOLEIL;;;0
Laguiole;44.68;2.85;29/07/2026;13:00;;0;SOLEIL;;;0
Laguiole;44.68;2.85;29/07/2026;14:00;28.6;0;SOLEIL;5;0;0
Laguiole;44.68;2.85;29/07/2026;15:00;29.9;0;SOLEIL;5;0;0
Laguiole;44.68;2.85;29/07/2026;16:00;28.6;0;SOLEIL;5;0;0
Laguiole;44.68;2.85;29/07/2026;17:00;;0;SOLEIL;;;0
Laguiole;44.68;2.85;29/07/2026;18:00;;0;SOLEIL;;;0
Laguiole;44.68;2.85;29/07/2026;19:00;;0;SOLEIL;;;0
Laguiole;44.68;2.85;29/07/2026;20:00;23.6;0;SOLEIL;5;0;0
Laguiole;44.68;2.85;29/07/2026;21:00;22.4;0;SOLEIL;5;0;0
Laguiole;44.68;2.85;29/07/2026;22:00;21.1;0;SOLEIL;5;0;0
Laguiole;44.68;2.85;29/07/2026;23:00;19.9;0;SOLEIL;5;0;0
Laguiole;44.68;2.85;30/07/2026;00:00;12;0;SOLEIL;5;0;0
Laguiole;44.68;2.85;30/07/2026;01:00;12;0;SOLEIL;5;0;0
Laguiole;44.68;2.85;30/07/2026;02:00;12;0;SOLEIL;5;0;0
Laguiole;44.68;2.85;30/07/2026;03:00;12;0;SOLEIL;5;0;0
Laguiole;44.68;2.85;30/07/2026;04:00;12;0;SOLEIL;5;0;0
Laguiole;44.68;2.85;30/07/2026;05:00;12;0;SOLEIL;5;0;0
Laguiole;44.68;2.85;30/07/2026;06:00;12;0;SOLEIL;5;0;0
Laguiole;44.68;2.85;30/07/2026;07:00;13.1;0;SOLEIL;5;0;0
Laguiole;44.68;2.85;30/07/2026;08:00;14.2;0;SOLEIL;5;0;0
Laguiole;44.68;2.85;30/07/2026;09:00;15.3;0;SOLEIL;5;0;0
Laguiole;44.68;2.85;30/07/2026;10:00;16.4;0;SOLEIL;5;0;0
Laguiole;44.68;2.85;30/07/2026;11:00;17.6;0;SOLEIL;5;0;0
Laguiole;44.68;2.85;30/07/2026;12:00;18.7;0;SOLEIL;5;0;0
Laguiole;44.68;2.85;30/07/2026;13:00;19.8;0;SOLEIL;5;0;0
Laguiole;44.68;2.85;30/07/2026;14:00;20.9;0;SOLEIL;5;0;0
Laguiole;44.68;2.85;30/07/2026;15:00;22.0;0;SOLEIL;5;0;0
Laguiole;44.68;2.85;30/07/2026;16:00;20.9;0;SOLEIL;5;0;0
Laguiole;44.68;2.85;30/07/2026;17:00;19.8;0;SOLEIL;5;0;0
Laguiole;44.68;2.85;30/07/2026;18:00;18.7;0;SOLEIL;5;0;0
Laguiole;44.68;2.85;30/07/2026;19:00;17.6;0;SOLEIL;5;0;0
Laguiole;44.68;2.85;30/07/2026;20:00;16.4;0;SOLEIL;5;0;0
Laguiole;44.68;2.85;30/07/2026;21:00;15.3;0;SOLEIL;5;0;0
Laguiole;44.68;2.85;30/07/2026;22:00;14.2;0;SOLEIL;5;0;0
Laguiole;44.68;2.85;30/07/2026;23:00;13.1;0;SOLEIL;5;0;0
Laguiole;44.68;2.85;31/07/2026;00:00;12;0;SOLEIL;5;0;0
Laguiole;44.68;2.85;31/07/2026;01:00;12;0;SOLEIL;5;0;0
Laguiole;44.68;2.85;31/07/2026;02:00;12;0;SOLEIL;5;0;0
Laguiole;44.68;2.85;31/07/2026;03:00;12;0;SOLEIL;5;0;0
Laguiole;44.68;2.85;31/07/2026;04:00;12;0;SOLEIL;5;0;0
Laguiole;44.68;2.85;31/07/2026;05:00;12;0;SOLEIL;5;0;0
Laguiole;44.68;2.85;31/07/2026;06:00;12;0;SOLEIL;5;0;0
Laguiole;44.68;2.85;31/07/2026;07:00;13.1;0;SOLEIL;5;0;0
Laguiole;44.68;2.85;31/07/2026;08:00;14.2;0;SOLEIL;5;0;0
Laguiole;44.68;2.85;31/07/2026;09:00;15.3;0;SOLEIL;5;0;0
Laguiole;44.68;2.85;31/07/2026;10:00;16.4;0;SOLEIL;5;0;0
Laguiole;44.68;2.85;31/07/2026;11:00;17.6;0;SOLEIL;5;0;0
Laguiole;44.68;2.85;31/07/2026;12:00;18.7;0;SOLEIL;5;0;0
Laguiole;44.68;2.85;31/07/2026;13:00;19.8;0;SOLEIL;5;0;0
Laguiole;44.68;2.85;31/07/2026;14:00;20.9;0;SOLEIL;5;0;0
Laguiole;44.68;2.85;31/07/2026;15:00;22.0;0;SOLEIL;5;0;0
Laguiole;44.68;2.85;31/07/2026;16:00;20.9;0;SOLEIL;5;0;0
Laguiole;44.68;2.85;31/07/2026;17:00;19.8;0;SOLEIL;5;0;0
Laguiole;44.68;2.85;31/07/2026;18:00;18.7;0;SOLEIL;5;0;0
Laguiole;44.68;2.85;31/07/2026;19:00;17.6;0;SOLEIL;5;0;0
Laguiole;44.68;2.85;31/07/2026;20:00;16.4;0;SOLEIL;5;0;0
Laguiole;44.68;2.85;31/07/2026;21:00;15.3;0;SOLEIL;5;0;0
Laguiole;44.68;2.85;31/07/2026;22:00;14.2;0;SOLEIL;5;0;0
Laguiole;44.68;2.85;31/07/2026;23:00;13.1;0;SOLEIL;5;0;0
Rodez;44.35;2.57;16/07/2026;00:00;19.1;0;SOLEIL;2;10.8;0
Rodez;44.35;2.57;16/07/2026;01:00;19.5;0;SOLEIL;3;10.8;0
Rodez;44.35;2.57;16/07/2026;02:00;20;0;SOLEIL;2;17.6;0
Rodez;44.35;2.57;16/07/2026;03:00;18.4;0;SOLEIL;2;18.4;0
Rodez;44.35;2.57;16/07/2026;04:00;19.4;0;SOLEIL;2;18.4;0
Rodez;44.35;2.57;16/07/2026;05:00;20;0;SOLEIL;2;17.3;0
Rodez;44.35;2.57;16/07/2026;06:00;22.6;5;SOLEIL VOILÉ;3;15.1;0
Rodez;44.35;2.57;16/07/2026;07:00;25.1;5;SOLEIL VOILÉ;3;14.8;0
Rodez;44.35;2.57;16/07/2026;08:00;27;5;SOLEIL VOILÉ;3;14.8;0
Rodez;44.35;2.57;16/07/2026;09:00;27.9;5;SOLEIL VOILÉ;4;11.5;0
Rodez;44.35;2.57;16/07/2026;10:00;28;2;NUAGEUX;5;26.6;0
Rodez;44.35;2.57;16/07/2026;11:00;28;2;NUAGEUX;6;36.4;0
Rodez;44.35;2.57;16/07/2026;12:00;28.1;2;NUAGEUX;7;29.5;0
Rodez;44.35;2.57;16/07/2026;13:00;26.6;2;NUAGEUX;7;36.0;0
Rodez;44.35;2.57;16/07/2026;14:00;27.1;5;SOLEIL VOILÉ;6;41.0;0
Rodez;44.35;2.57;16/07/2026;15:00;27.5;5;SOLEIL VOILÉ;6;46.1;0
Rodez;44.35;2.57;16/07/2026;16:00;27.5;0;SOLEIL;7;41.0;0
Rodez;44.35;2.57;16/07/2026;17:00;27.1;0;SOLEIL;6;46.1;0
Rodez;44.35;2.57;16/07/2026;18:00;24.6;0;SOLEIL;6;56.5;0
Rodez;44.35;2.57;16/07/2026;19:00;21.6;10;ORAGEUX;5;40.7;0.2
Rodez;44.35;2.57;16/07/2026;20:00;18.5;10;ORAGEUX;5;32.0;0.2
Rodez;44.35;2.57;16/07/2026;21:00;17.6;10;ORAGEUX;4;16.9;0.2
Rodez;44.35;2.57;16/07/2026;22:00;18.2;10;ORAGEUX;4;30.6;0.4
Rodez;44.35;2.57;16/07/2026;23:00;18.7;10;ORAGEUX;3;18.7;3.1
Rodez;44.35;2.57;17/07/2026;00:00;17.7;10;ORAGEUX;4;7.2;1.1
Rodez;44.35;2.57;17/07/2026;01:00;17.7;10;ORAGEUX;4;15.5;1.1
Rodez;44.35;2.57;17/07/2026;02:00;15.9;10;ORAGEUX;1;15.1;0
Rodez;44.35;2.57;17/07/2026;03:00;15.9;10;ORAGEUX;1;15.8;0
Rodez;44.35;2.57;17/07/2026;04:00;15.9;10;ORAGEUX;1;10.1;0
Rodez;44.35;2.57;17/07/2026;05:00;19;10;ORAGEUX;1;9.0;0
Rodez;44.35;2.57;17/07/2026;06:00;19;10;ORAGEUX;1;9.4;0
Rodez;44.35;2.57;17/07/2026;07:00;19;10;ORAGEUX;1;6.8;0
Rodez;44.35;2.57;17/07/2026;08:00;22.1;0;SOLEIL;3;5.4;0
Rodez;44.35;2.57;17/07/2026;09:00;22.1;0;SOLEIL;3;15.5;0
Rodez;44.35;2.57;17/07/2026;10:00;22.1;0;SOLEIL;3;19.8;0
Rodez;44.35;2.57;17/07/2026;11:00;21.7;0;SOLEIL;4;20.9;0
Rodez;44.35;2.57;17/07/2026;12:00;21.7;0;SOLEIL;4;24.1;0
Rodez;44.35;2.57;17/07/2026;13:00;21.7;0;SOLEIL;4;25.9;0
Rodez;44.35;2.57;17/07/2026;14:00;23.6;0;SOLEIL;4;26.3;0
Rodez;44.35;2.57;17/07/2026;15:00;23.6;0;SOLEIL;4;25.6;0
Rodez;44.35;2.57;17/07/2026;16:00;23.6;0;SOLEIL;4;25.9;0
Rodez;44.35;2.57;17/07/2026;17:00;20.2;0;SOLEIL;4;25.9;0
Rodez;44.35;2.57;17/07/2026;18:00;20.2;0;SOLEIL;4;30.5;0
Rodez;44.35;2.57;17/07/2026;19:00;20.2;0;SOLEIL;4;32.8;0
Rodez;44.35;2.57;17/07/2026;20:00;16.7;0;SOLEIL;3;33.0;0
Rodez;44.35;2.57;17/07/2026;21:00;16.7;0;SOLEIL;3;26.6;0
Rodez;44.35;2.57;17/07/2026;22:00;16.7;0;SOLEIL;3;22.0;0
Rodez;44.35;2.57;17/07/2026;23:00;15.6;0;SOLEIL;2;16.6;0
Rodez;44.35;2.57;18/07/2026;00:00;15.6;0;SOLEIL;2;16.9;0
Rodez;44.35;2.57;18/07/2026;01:00;15.6;0;SOLEIL;2;16.9;0
Rodez;44.35;2.57;18/07/2026;02:00;14.9;0;SOLEIL;2;14.4;0
Rodez;44.35;2.57;18/07/2026;03:00;14.9;0;SOLEIL;2;13.7;0
Rodez;44.35;2.57;18/07/2026;04:00;14.9;0;SOLEIL;2;15.1;0
Rodez;44.35;2.57;18/07/2026;05:00;17.2;0;SOLEIL;1;15.1;0
Rodez;44.35;2.57;18/07/2026;06:00;17.2;0;SOLEIL;1;14.8;0
Rodez;44.35;2.57;18/07/2026;07:00;17.2;0;SOLEIL;1;13.3;0
Rodez;44.35;2.57;18/07/2026;08:00;21;0;SOLEIL;3;11.9;0
Rodez;44.35;2.57;18/07/2026;09:00;21;0;SOLEIL;3;14.4;0
Rodez;44.35;2.57;18/07/2026;10:00;21;0;SOLEIL;3;15.8;0
Rodez;44.35;2.57;18/07/2026;11:00;23.6;0;SOLEIL;4;19.8;0
Rodez;44.35;2.57;18/07/2026;12:00;23.6;0;SOLEIL;4;21.6;0
Rodez;44.35;2.57;18/07/2026;13:00;23.6;0;SOLEIL;4;21.6;0
Rodez;44.35;2.57;18/07/2026;14:00;24.1;0;SOLEIL;4;20.5;0
Rodez;44.35;2.57;18/07/2026;15:00;24.1;0;SOLEIL;4;19.4;0
Rodez;44.35;2.57;18/07/2026;16:00;24.1;0;SOLEIL;4;18.7;0
Rodez;44.35;2.57;18/07/2026;17:00;19.4;0;SOLEIL;4;20.5;0
Rodez;44.35;2.57;18/07/2026;18:00;19.4;0;SOLEIL;4;22.3;0
Rodez;44.35;2.57;18/07/2026;19:00;19.4;0;SOLEIL;4;23.8;0
Rodez;44.35;2.57;18/07/2026;20:00;19.3;0;SOLEIL;5;23.8;0
Rodez;44.35;2.57;18/07/2026;21:00;18.1;0;SOLEIL;5;20.9;0
Rodez;44.35;2.57;18/07/2026;22:00;16.8;0;SOLEIL;5;16.9;0
Rodez;44.35;2.57;18/07/2026;23:00;15.6;0;SOLEIL;4;14.0;0
Rodez;44.35;2.57;19/07/2026;00:00;15.6;0;SOLEIL;4;14.4;0
Rodez;44.35;2.57;19/07/2026;01:00;15.6;0;SOLEIL;4;16.2;0
Rodez;44.35;2.57;19/07/2026;02:00;14;0;SOLEIL;5;17.6;0
Rodez;44.35;2.57;19/07/2026;03:00;14;0;SOLEIL;5;18.0;0
Rodez;44.35;2.57;19/07/2026;04:00;14;0;SOLEIL;5;18.0;0
Rodez;44.35;2.57;19/07/2026;05:00;19.6;0;SOLEIL;4;17.6;0
Rodez;44.35;2.57;19/07/2026;06:00;19.6;0;SOLEIL;4;17.3;0
Rodez;44.35;2.57;19/07/2026;07:00;19.6;0;SOLEIL;4;16.9;0
Rodez;44.35;2.57;19/07/2026;08:00;17.0;0;SOLEIL;5;16.9;0
Rodez;44.35;2.57;19/07/2026;09:00;18.5;0;SOLEIL;5;17.3;0
Rodez;44.35;2.57;19/07/2026;10:00;20.0;0;SOLEIL;5;17.6;0
Rodez;44.35;2.57;19/07/2026;11:00;25.6;0;SOLEIL;3;17.6;0
Rodez;44.35;2.57;19/07/2026;12:00;25.6;0;SOLEIL;3;16.2;0
Rodez;44.35;2.57;19/07/2026;13:00;25.6;0;SOLEIL;3;14.4;0
Rodez;44.35;2.57;19/07/2026;14:00;26.0;0;SOLEIL;5;14.0;0
Rodez;44.35;2.57;19/07/2026;15:00;27.5;0;SOLEIL;5;16.9;0
Rodez;44.35;2.57;19/07/2026;16:00;26.0;0;SOLEIL;5;21.2;0
Rodez;44.35;2.57;19/07/2026;17:00;22;0;SOLEIL;5;24.5;0
Rodez;44.35;2.57;19/07/2026;18:00;22;0;SOLEIL;5;25.2;0
Rodez;44.35;2.57;19/07/2026;19:00;22;0;SOLEIL;5;24.8;0
Rodez;44.35;2.57;19/07/2026;20:00;20.0;0;SOLEIL;5;26.3;0
Rodez;44.35;2.57;19/07/2026;21:00;18.5;0;SOLEIL;5;32.8;0
Rodez;44.35;2.57;19/07/2026;22:00;17.0;0;SOLEIL;5;41.4;0
Rodez;44.35;2.57;19/07/2026;23:00;15.6;0;SOLEIL;6;45.7;0
Rodez;44.35;2.57;20/07/2026;00:00;15.6;0;SOLEIL;6;42.5;0
Rodez;44.35;2.57;20/07/2026;01:00;15.6;0;SOLEIL;6;34.9;0
Rodez;44.35;2.57;20/07/2026;02:00;14;0;SOLEIL;5;28.4;0
Rodez;44.35;2.57;20/07/2026;03:00;14;0;SOLEIL;5;24.5;0
Rodez;44.35;2.57;20/07/2026;04:00;14;0;SOLEIL;5;21.6;0
Rodez;44.35;2.57;20/07/2026;05:00;18.6;0;SOLEIL;5;19.8;0
Rodez;44.35;2.57;20/07/2026;06:00;18.6;0;SOLEIL;5;19.1;0
Rodez;44.35;2.57;20/07/2026;07:00;18.6;0;SOLEIL;5;19.1;0
Rodez;44.35;2.57;20/07/2026;08:00;17.1;0;SOLEIL;5;19.1;0
Rodez;44.35;2.57;20/07/2026;09:00;18.6;0;SOLEIL;5;17.6;0
Rodez;44.35;2.57;20/07/2026;10:00;20.2;0;SOLEIL;5;16.2;0
Rodez;44.35;2.57;20/07/2026;11:00;26.2;0;SOLEIL;3;16.2;0
Rodez;44.35;2.57;20/07/2026;12:00;26.2;0;SOLEIL;3;19.5;0
Rodez;44.35;2.57;20/07/2026;13:00;26.2;0;SOLEIL;3;23.9;0
Rodez;44.35;2.57;20/07/2026;14:00;26.4;0;SOLEIL;5;27.4;0
Rodez;44.35;2.57;20/07/2026;15:00;27.9;0;SOLEIL;5;28.8;0
Rodez;44.35;2.57;20/07/2026;16:00;26.4;0;SOLEIL;5;28.8;0
Rodez;44.35;2.57;20/07/2026;17:00;21.1;0;SOLEIL;5;28.1;0
Rodez;44.35;2.57;20/07/2026;18:00;21.1;0;SOLEIL;5;24.8;0
Rodez;44.35;2.57;20/07/2026;19:00;21.1;0;SOLEIL;5;20.9;0
Rodez;44.35;2.57;20/07/2026;20:00;20.2;0;SOLEIL;5;21.6;0
Rodez;44.35;2.57;20/07/2026;21:00;18.6;0;SOLEIL;5;32.4;0
Rodez;44.35;2.57;20/07/2026;22:00;17.1;0;SOLEIL;5;48.2;0
Rodez;44.35;2.57;20/07/2026;23:00;14.5;0;SOLEIL;6;58.7;0
Rodez;44.35;2.57;21/07/2026;00:00;14.5;0;SOLEIL;6;58.7;0
Rodez;44.35;2.57;21/07/2026;01:00;14.5;0;SOLEIL;6;53.3;0
Rodez;44.35;2.57;21/07/2026;02:00;13.7;0;SOLEIL;5;47.2;0
Rodez;44.35;2.57;21/07/2026;03:00;13.7;0;SOLEIL;5;40.3;0
Rodez;44.35;2.57;21/07/2026;04:00;13.7;0;SOLEIL;5;32.4;0
Rodez;44.35;2.57;21/07/2026;05:00;16.7;0;SOLEIL;6;27.0;0
Rodez;44.35;2.57;21/07/2026;06:00;16.7;0;SOLEIL;6;25.9;0
Rodez;44.35;2.57;21/07/2026;07:00;16.7;0;SOLEIL;6;27.7;0
Rodez;44.35;2.57;21/07/2026;08:00;16.3;0;SOLEIL;5;29.5;0
Rodez;44.35;2.57;21/07/2026;09:00;17.5;0;SOLEIL;5;31.7;0
Rodez;44.35;2.57;21/07/2026;10:00;18.8;0;SOLEIL;5;34.2;0
Rodez;44.35;2.57;21/07/2026;11:00;24.6;0;SOLEIL;5;34.9;0
Rodez;44.35;2.57;21/07/2026;12:00;24.6;0;SOLEIL;5;32.4;0
Rodez;44.35;2.57;21/07/2026;13:00;24.6;0;SOLEIL;5;28.4;0
Rodez;44.35;2.57;21/07/2026;14:00;23.9;0;SOLEIL;5;26.3;0
Rodez;44.35;2.57;21/07/2026;15:00;25.2;0;SOLEIL;5;28.1;0
Rodez;44.35;2.57;21/07/2026;16:00;23.9;0;SOLEIL;5;32.0;0
Rodez;44.35;2.57;21/07/2026;17:00;20.6;0;SOLEIL;6;35.3;0
Rodez;44.35;2.57;21/07/2026;18:00;20.6;0;SOLEIL;6;36.4;0
Rodez;44.35;2.57;21/07/2026;19:00;20.6;0;SOLEIL;6;37.1;0
Rodez;44.35;2.57;21/07/2026;20:00;18.8;0;SOLEIL;5;39.6;0
Rodez;44.35;2.57;21/07/2026;21:00;17.5;0;SOLEIL;5;46.1;0
Rodez;44.35;2.57;21/07/2026;22:00;16.3;0;SOLEIL;5;54.4;0
Rodez;44.35;2.57;21/07/2026;23:00;14.6;0;SOLEIL;6;60.5;0
Rodez;44.35;2.57;22/07/2026;00:00;14.6;0;SOLEIL;6;62.3;0
Rodez;44.35;2.57;22/07/2026;01:00;14.6;0;SOLEIL;6;61.6;0
Rodez;44.35;2.57;22/07/2026;02:00;14;0;SOLEIL;5;60.5;0
Rodez;44.35;2.57;22/07/2026;03:00;14;0;SOLEIL;5;59.4;0
Rodez;44.35;2.57;22/07/2026;04:00;14;0;SOLEIL;5;58.0;0
Rodez;44.35;2.57;22/07/2026;05:00;17.4;0;SOLEIL;5;57.2;0
Rodez;44.35;2.57;22/07/2026;06:00;17.4;0;SOLEIL;5;57.6;0
Rodez;44.35;2.57;22/07/2026;07:00;17.4;0;SOLEIL;5;58.3;0
Rodez;44.35;2.57;22/07/2026;08:00;16.7;0;SOLEIL;5;58.3;0
Rodez;44.35;2.57;22/07/2026;09:00;18.0;0;SOLEIL;5;56.5;0
Rodez;44.35;2.57;22/07/2026;10:00;19.4;0;SOLEIL;5;53.6;0
Rodez;44.35;2.57;22/07/2026;11:00;25.2;0;SOLEIL;4;50.0;0
Rodez;44.35;2.57;22/07/2026;12:00;25.2;0;SOLEIL;4;45.4;0
Rodez;44.35;2.57;22/07/2026;13:00;25.2;0;SOLEIL;4;39.6;0
Rodez;44.35;2.57;22/07/2026;14:00;24.8;0;SOLEIL;5;35.6;0
Rodez;44.35;2.57;22/07/2026;15:00;26.1;0;SOLEIL;5;34.2;0
Rodez;44.35;2.57;22/07/2026;16:00;24.8;0;SOLEIL;5;34.2;0
Rodez;44.35;2.57;22/07/2026;17:00;22.1;0;SOLEIL;5;34.9;0
Rodez;44.35;2.57;22/07/2026;18:00;22.1;0;SOLEIL;5;36.4;0
Rodez;44.35;2.57;22/07/2026;19:00;22.1;0;SOLEIL;5;38.5;0
Rodez;44.35;2.57;22/07/2026;20:00;19.4;0;SOLEIL;5;42.5;0
Rodez;44.35;2.57;22/07/2026;21:00;18.0;0;SOLEIL;5;49.7;0
Rodez;44.35;2.57;22/07/2026;22:00;16.7;0;SOLEIL;5;58.3;0
Rodez;44.35;2.57;22/07/2026;23:00;15.4;0;SOLEIL;5;64.4;0
Rodez;44.35;2.57;23/07/2026;00:00;15.4;0;SOLEIL;5;59.2;0
Rodez;44.35;2.57;23/07/2026;01:00;15.4;0;SOLEIL;5;51.8;0
Rodez;44.35;2.57;23/07/2026;02:00;14.6;0;SOLEIL;5;45.7;0
Rodez;44.35;2.57;23/07/2026;03:00;14.6;0;SOLEIL;5;39.6;0
Rodez;44.35;2.57;23/07/2026;04:00;14.6;0;SOLEIL;5;38.5;0
Rodez;44.35;2.57;23/07/2026;05:00;18.9;0;SOLEIL;4;37.1;0
Rodez;44.35;2.57;23/07/2026;06:00;18.9;0;SOLEIL;4;35.6;0
Rodez;44.35;2.57;23/07/2026;07:00;18.9;0;SOLEIL;4;34.6;0
Rodez;44.35;2.57;23/07/2026;08:00;17.5;0;SOLEIL;5;34.6;0
Rodez;44.35;2.57;23/07/2026;09:00;18.9;0;SOLEIL;5;35.6;0
Rodez;44.35;2.57;23/07/2026;10:00;20.3;0;SOLEIL;5;37.4;0
Rodez;44.35;2.57;23/07/2026;11:00;26.9;0;SOLEIL;4;39.6;0
Rodez;44.35;2.57;23/07/2026;12:00;26.9;0;SOLEIL;4;41.8;0
Rodez;44.35;2.57;23/07/2026;13:00;26.9;0;SOLEIL;4;43.9;0
Rodez;44.35;2.57;23/07/2026;14:00;26.1;0;SOLEIL;5;45.4;0
Rodez;44.35;2.57;23/07/2026;15:00;27.5;0;SOLEIL;5;46.1;0
Rodez;44.35;2.57;23/07/2026;16:00;26.1;0;SOLEIL;5;46.4;0
Rodez;44.35;2.57;23/07/2026;17:00;22.4;0;SOLEIL;5;46.8;0
Rodez;44.35;2.57;23/07/2026;18:00;22.4;0;SOLEIL;5;46.8;0
Rodez;44.35;2.57;23/07/2026;19:00;22.4;0;SOLEIL;5;46.4;0
Rodez;44.35;2.57;23/07/2026;20:00;20.3;0;SOLEIL;5;45.7;0
Rodez;44.35;2.57;23/07/2026;21:00;18.9;0;SOLEIL;5;44.6;0
Rodez;44.35;2.57;23/07/2026;22:00;17.5;0;SOLEIL;5;43.6;0
Rodez;44.35;2.57;23/07/2026;23:00;17;0;SOLEIL;4;41.8;0
Rodez;44.35;2.57;24/07/2026;00:00;17;0;SOLEIL;4;40.3;0
Rodez;44.35;2.57;24/07/2026;01:00;17;0;SOLEIL;4;38.5;0
Rodez;44.35;2.57;24/07/2026;02:00;15.6;0;SOLEIL;5;37.1;0
Rodez;44.35;2.57;24/07/2026;03:00;15.6;0;SOLEIL;5;35.6;0
Rodez;44.35;2.57;24/07/2026;04:00;15.6;0;SOLEIL;5;33.8;0
Rodez;44.35;2.57;24/07/2026;05:00;19.5;0;SOLEIL;3;32.4;0
Rodez;44.35;2.57;24/07/2026;06:00;19.5;0;SOLEIL;3;31.0;0
Rodez;44.35;2.57;24/07/2026;07:00;19.5;0;SOLEIL;3;29.9;0
Rodez;44.35;2.57;24/07/2026;08:00;18.6;0;SOLEIL;5;29.2;0
Rodez;44.35;2.57;24/07/2026;09:00;20.1;0;SOLEIL;5;29.2;0
Rodez;44.35;2.57;24/07/2026;10:00;21.6;0;SOLEIL;5;29.2;0
Rodez;44.35;2.57;24/07/2026;11:00;28.6;0;SOLEIL;3;29.9;0
Rodez;44.35;2.57;24/07/2026;12:00;28.6;0;SOLEIL;3;30.6;0
Rodez;44.35;2.57;24/07/2026;13:00;28.6;0;SOLEIL;3;31.3;0
Rodez;44.35;2.57;24/07/2026;14:00;27.6;0;SOLEIL;5;31.7;0
Rodez;44.35;2.57;24/07/2026;15:00;29.1;0;SOLEIL;5;32.0;0
Rodez;44.35;2.57;24/07/2026;16:00;27.6;0;SOLEIL;5;32.4;0
Rodez;44.35;2.57;24/07/2026;17:00;20.9;0;SOLEIL;4;32.8;0
Rodez;44.35;2.57;24/07/2026;18:00;20.9;0;SOLEIL;4;33.1;0
Rodez;44.35;2.57;24/07/2026;19:00;20.9;0;SOLEIL;4;33.5;0
Rodez;44.35;2.57;24/07/2026;20:00;21.6;0;SOLEIL;5;33.5;0
Rodez;44.35;2.57;24/07/2026;21:00;20.1;0;SOLEIL;5;33.5;0
Rodez;44.35;2.57;24/07/2026;22:00;18.6;0;SOLEIL;5;33.5;0
Rodez;44.35;2.57;24/07/2026;23:00;15.4;0;SOLEIL;3;33.1;0
Rodez;44.35;2.57;25/07/2026;00:00;15.4;0;SOLEIL;3;32.8;0
Rodez;44.35;2.57;25/07/2026;01:00;15.4;0;SOLEIL;3;32.0;0
Rodez;44.35;2.57;25/07/2026;02:00;14.2;0;SOLEIL;5;31.0;0
Rodez;44.35;2.57;25/07/2026;03:00;14.2;0;SOLEIL;5;28.8;0
Rodez;44.35;2.57;25/07/2026;04:00;14.2;0;SOLEIL;5;25.9;0
Rodez;44.35;2.57;25/07/2026;05:00;;0;SOLEIL;;22.7;0
Rodez;44.35;2.57;25/07/2026;06:00;;0;SOLEIL;;19.8;0
Rodez;44.35;2.57;25/07/2026;07:00;;0;SOLEIL;;17.3;0
Rodez;44.35;2.57;25/07/2026;08:00;16.9;0;SOLEIL;5;16.6;0
Rodez;44.35;2.57;25/07/2026;09:00;18.3;0;SOLEIL;5;17.3;0
Rodez;44.35;2.57;25/07/2026;10:00;19.6;0;SOLEIL;5;19.4;0
Rodez;44.35;2.57;25/07/2026;11:00;;0;SOLEIL;;22.3;0
Rodez;44.35;2.57;25/07/2026;12:00;;0;SOLEIL;;25.6;0
Rodez;44.35;2.57;25/07/2026;13:00;;0;SOLEIL;;28.4;0
Rodez;44.35;2.57;25/07/2026;14:00;25.0;0;SOLEIL;5;31.0;0
Rodez;44.35;2.57;25/07/2026;15:00;26.4;0;SOLEIL;5;33.1;0
Rodez;44.35;2.57;25/07/2026;16:00;25.0;0;SOLEIL;5;34.9;0
Rodez;44.35;2.57;25/07/2026;17:00;;0;SOLEIL;;37.1;0
Rodez;44.35;2.57;25/07/2026;18:00;;0;SOLEIL;;38.5;0
Rodez;44.35;2.57;25/07/2026;19:00;;0;SOLEIL;;39.6;0
Rodez;44.35;2.57;25/07/2026;20:00;19.6;0;SOLEIL;5;40.0;0
Rodez;44.35;2.57;25/07/2026;21:00;18.3;0;SOLEIL;5;39.6;0
Rodez;44.35;2.57;25/07/2026;22:00;16.9;0;SOLEIL;5;38.5;0
Rodez;44.35;2.57;25/07/2026;23:00;;6;AVERSES;;36.7;0
Rodez;44.35;2.57;26/07/2026;00:00;;6;AVERSES;;34.9;0
Rodez;44.35;2.57;26/07/2026;01:00;;6;AVERSES;;32.8;0
Rodez;44.35;2.57;26/07/2026;02:00;13.1;6;AVERSES;5;31.0;0
Rodez;44.35;2.57;26/07/2026;03:00;13.1;6;AVERSES;5;28.8;0
Rodez;44.35;2.57;26/07/2026;04:00;13.1;6;AVERSES;5;26.3;0
Rodez;44.35;2.57;26/07/2026;05:00;;6;AVERSES;;23.4;0
Rodez;44.35;2.57;26/07/2026;06:00;;6;AVERSES;;20.9;0
Rodez;44.35;2.57;26/07/2026;07:00;;6;AVERSES;;19.1;0
Rodez;44.35;2.57;26/07/2026;08:00;15.2;6;AVERSES;5;18.4;0
Rodez;44.35;2.57;26/07/2026;09:00;16.3;6;AVERSES;5;19.1;0
Rodez;44.35;2.57;26/07/2026;10:00;17.4;6;AVERSES;5;20.9;0
Rodez;44.35;2.57;26/07/2026;11:00;;6;AVERSES;;23.4;0
Rodez;44.35;2.57;26/07/2026;12:00;;6;AVERSES;;26.3;0
Rodez;44.35;2.57;26/07/2026;13:00;;6;AVERSES;;28.4;0
Rodez;44.35;2.57;26/07/2026;14:00;21.6;6;AVERSES;5;30.2;0
Rodez;44.35;2.57;26/07/2026;15:00;22.7;6;AVERSES;5;31.3;0
Rodez;44.35;2.57;26/07/2026;16:00;21.6;6;AVERSES;5;32.0;0
Rodez;44.35;2.57;26/07/2026;17:00;;6;AVERSES;;32.8;0
Rodez;44.35;2.57;26/07/2026;18:00;;6;AVERSES;;32.8;0
Rodez;44.35;2.57;26/07/2026;19:00;;6;AVERSES;;32.4;0
Rodez;44.35;2.57;26/07/2026;20:00;17.4;6;AVERSES;5;31.3;0
Rodez;44.35;2.57;26/07/2026;21:00;16.3;6;AVERSES;5;29.5;0
Rodez;44.35;2.57;26/07/2026;22:00;15.2;6;AVERSES;5;26.6;0
Rodez;44.35;2.57;26/07/2026;23:00;;6;AVERSES;;23.4;0
Rodez;44.35;2.57;27/07/2026;00:00;;6;AVERSES;;19.8;0
Rodez;44.35;2.57;27/07/2026;01:00;;6;AVERSES;;16.6;0
Rodez;44.35;2.57;27/07/2026;02:00;12.2;6;AVERSES;5;14.0;0
Rodez;44.35;2.57;27/07/2026;03:00;12.2;6;AVERSES;5;11.5;0
Rodez;44.35;2.57;27/07/2026;04:00;12.2;6;AVERSES;5;8.3;0
Rodez;44.35;2.57;27/07/2026;05:00;;6;AVERSES;;5.8;0
Rodez;44.35;2.57;27/07/2026;06:00;;6;AVERSES;;3.6;0
Rodez;44.35;2.57;27/07/2026;07:00;;6;AVERSES;;2.9;0
Rodez;44.35;2.57;27/07/2026;08:00;14.2;6;AVERSES;5;3.6;0
Rodez;44.35;2.57;27/07/2026;09:00;15.2;6;AVERSES;5;6.8;0
Rodez;44.35;2.57;27/07/2026;10:00;16.2;6;AVERSES;5;12.6;0
Rodez;44.35;2.57;27/07/2026;11:00;;6;AVERSES;;19.4;0
Rodez;44.35;2.57;27/07/2026;12:00;;6;AVERSES;;26.3;0
Rodez;44.35;2.57;27/07/2026;13:00;;6;AVERSES;;32.4;0
Rodez;44.35;2.57;27/07/2026;14:00;20.1;6;AVERSES;5;36.7;0
Rodez;44.35;2.57;27/07/2026;15:00;21.1;6;AVERSES;5;38.9;0
Rodez;44.35;2.57;27/07/2026;16:00;20.1;6;AVERSES;5;40.0;0
Rodez;44.35;2.57;27/07/2026;17:00;;6;AVERSES;;40.3;0
Rodez;44.35;2.57;27/07/2026;18:00;;6;AVERSES;;40.0;0
Rodez;44.35;2.57;27/07/2026;19:00;;6;AVERSES;;39.6;0
Rodez;44.35;2.57;27/07/2026;20:00;16.2;6;AVERSES;5;38.9;0
Rodez;44.35;2.57;27/07/2026;21:00;15.2;6;AVERSES;5;38.2;0
Rodez;44.35;2.57;27/07/2026;22:00;14.2;6;AVERSES;5;37.1;0
Rodez;44.35;2.57;27/07/2026;23:00;;6;AVERSES;;35.3;0
Rodez;44.35;2.57;28/07/2026;00:00;;6;AVERSES;;33.8;0
Rodez;44.35;2.57;28/07/2026;01:00;;6;AVERSES;;32.0;0
Rodez;44.35;2.57;28/07/2026;02:00;12.7;6;AVERSES;5;30.2;0
Rodez;44.35;2.57;28/07/2026;03:00;12.7;6;AVERSES;5;28.1;0
Rodez;44.35;2.57;28/07/2026;04:00;12.7;6;AVERSES;5;25.6;0
Rodez;44.35;2.57;28/07/2026;05:00;;6;AVERSES;;23.0;0
Rodez;44.35;2.57;28/07/2026;06:00;;6;AVERSES;;20.5;0
Rodez;44.35;2.57;28/07/2026;07:00;;6;AVERSES;;19.1;0
Rodez;44.35;2.57;28/07/2026;08:00;14.6;6;AVERSES;5;18.4;0
Rodez;44.35;2.57;28/07/2026;09:00;15.5;6;AVERSES;5;19.1;0
Rodez;44.35;2.57;28/07/2026;10:00;16.4;6;AVERSES;5;21.2;0
Rodez;44.35;2.57;28/07/2026;11:00;;6;AVERSES;;24.1;0
Rodez;44.35;2.57;28/07/2026;12:00;;6;AVERSES;;27.0;0
Rodez;44.35;2.57;28/07/2026;13:00;;6;AVERSES;;29.5;0
Rodez;44.35;2.57;28/07/2026;14:00;20.2;6;AVERSES;5;31.0;0
Rodez;44.35;2.57;28/07/2026;15:00;21.1;6;AVERSES;5;31.7;0
Rodez;44.35;2.57;28/07/2026;16:00;20.2;6;AVERSES;5;32.0;0
Rodez;44.35;2.57;28/07/2026;17:00;;6;AVERSES;;32.0;0
Rodez;44.35;2.57;28/07/2026;18:00;;6;AVERSES;;31.7;0
Rodez;44.35;2.57;28/07/2026;19:00;;6;AVERSES;;31.3;0
Rodez;44.35;2.57;28/07/2026;20:00;16.4;6;AVERSES;5;30.2;0
Rodez;44.35;2.57;28/07/2026;21:00;15.5;6;AVERSES;5;28.4;0
Rodez;44.35;2.57;28/07/2026;22:00;14.6;6;AVERSES;5;26.3;0
Rodez;44.35;2.57;28/07/2026;23:00;;6;AVERSES;;23.4;0
Rodez;44.35;2.57;29/07/2026;00:00;;6;AVERSES;;20.9;0
Rodez;44.35;2.57;29/07/2026;01:00;;6;AVERSES;;18.7;0
Rodez;44.35;2.57;29/07/2026;02:00;12.5;6;AVERSES;5;18.0;0
Rodez;44.35;2.57;29/07/2026;03:00;12.5;6;AVERSES;5;18.4;0
Rodez;44.35;2.57;29/07/2026;04:00;12.5;6;AVERSES;5;19.8;0
Rodez;44.35;2.57;29/07/2026;05:00;;6;AVERSES;;22.0;0
Rodez;44.35;2.57;29/07/2026;06:00;;6;AVERSES;;24.5;0
Rodez;44.35;2.57;29/07/2026;07:00;;6;AVERSES;;26.6;0
Rodez;44.35;2.57;29/07/2026;08:00;14.6;6;AVERSES;5;28.4;0
Rodez;44.35;2.57;29/07/2026;09:00;15.7;6;AVERSES;5;29.9;0
Rodez;44.35;2.57;29/07/2026;10:00;16.8;6;AVERSES;5;31.0;0
Rodez;44.35;2.57;29/07/2026;11:00;;6;AVERSES;;32.0;0
Rodez;44.35;2.57;29/07/2026;12:00;;6;AVERSES;;32.8;0
Rodez;44.35;2.57;29/07/2026;13:00;;6;AVERSES;;33.5;0
Rodez;44.35;2.57;29/07/2026;14:00;21.0;6;AVERSES;5;34.2;0
Rodez;44.35;2.57;29/07/2026;15:00;22.1;6;AVERSES;5;34.9;0
Rodez;44.35;2.57;29/07/2026;16:00;21.0;6;AVERSES;5;35.3;0
Rodez;44.35;2.57;29/07/2026;17:00;;6;AVERSES;;35.6;0
Rodez;44.35;2.57;29/07/2026;18:00;;6;AVERSES;;36.0;0
Rodez;44.35;2.57;29/07/2026;19:00;;6;AVERSES;;36.0;0
Rodez;44.35;2.57;29/07/2026;20:00;16.8;6;AVERSES;5;35.6;0
Rodez;44.35;2.57;29/07/2026;21:00;15.7;6;AVERSES;5;34.9;0
Rodez;44.35;2.57;29/07/2026;22:00;14.6;6;AVERSES;5;34.2;0
Rodez;44.35;2.57;29/07/2026;23:00;13.6;6;AVERSES;5;33.5;0
Rodez;44.35;2.57;30/07/2026;00:00;12;0;SOLEIL;5;32.0;0
Rodez;44.35;2.57;30/07/2026;01:00;12;0;SOLEIL;5;30.6;0
Rodez;44.35;2.57;30/07/2026;02:00;12;0;SOLEIL;5;29.2;0
Rodez;44.35;2.57;30/07/2026;03:00;12;0;SOLEIL;5;27.0;0
Rodez;44.35;2.57;30/07/2026;04:00;12;0;SOLEIL;5;24.1;0
Rodez;44.35;2.57;30/07/2026;05:00;12;0;SOLEIL;5;21.2;0
Rodez;44.35;2.57;30/07/2026;06:00;12;0;SOLEIL;5;18.4;0
Rodez;44.35;2.57;30/07/2026;07:00;13.1;0;SOLEIL;5;16.6;0
Rodez;44.35;2.57;30/07/2026;08:00;14.2;0;SOLEIL;5;16.2;0
Rodez;44.35;2.57;30/07/2026;09:00;15.3;0;SOLEIL;5;17.6;0
Rodez;44.35;2.57;30/07/2026;10:00;16.4;0;SOLEIL;5;20.5;0
Rodez;44.35;2.57;30/07/2026;11:00;17.6;0;SOLEIL;5;24.1;0
Rodez;44.35;2.57;30/07/2026;12:00;18.7;0;SOLEIL;5;22.6;0
Rodez;44.35;2.57;30/07/2026;13:00;19.8;0;SOLEIL;5;20.5;0
Rodez;44.35;2.57;30/07/2026;14:00;20.9;0;SOLEIL;5;16.5;0
Rodez;44.35;2.57;30/07/2026;15:00;22.0;0;SOLEIL;5;9.0;0
Rodez;44.35;2.57;30/07/2026;16:00;20.9;0;SOLEIL;5;6.1;0
Rodez;44.35;2.57;30/07/2026;17:00;19.8;0;SOLEIL;5;3.6;0
Rodez;44.35;2.57;30/07/2026;18:00;18.7;0;SOLEIL;5;2.9;0
Rodez;44.35;2.57;30/07/2026;19:00;17.6;0;SOLEIL;5;2.9;0
Rodez;44.35;2.57;30/07/2026;20:00;16.4;0;SOLEIL;5;3.2;0
Rodez;44.35;2.57;30/07/2026;21:00;15.3;0;SOLEIL;5;3.6;0
Rodez;44.35;2.57;30/07/2026;22:00;14.2;0;SOLEIL;5;4.3;0
Rodez;44.35;2.57;30/07/2026;23:00;13.1;0;SOLEIL;5;4.7;0
Rodez;44.35;2.57;31/07/2026;00:00;12;0;SOLEIL;5;0.0;0
Rodez;44.35;2.57;31/07/2026;01:00;12;0;SOLEIL;5;0.0;0
Rodez;44.35;2.57;31/07/2026;02:00;12;0;SOLEIL;5;0.0;0
Rodez;44.35;2.57;31/07/2026;03:00;12;0;SOLEIL;5;0.0;0
Rodez;44.35;2.57;31/07/2026;04:00;12;0;SOLEIL;5;0.0;0
Rodez;44.35;2.57;31/07/2026;05:00;12;0;SOLEIL;5;0.0;0
Rodez;44.35;2.57;31/07/2026;06:00;12;0;SOLEIL;5;0.0;0
Rodez;44.35;2.57;31/07/2026;07:00;13.1;0;SOLEIL;5;0.0;0
Rodez;44.35;2.57;31/07/2026;08:00;14.2;0;SOLEIL;5;0.0;0
Rodez;44.35;2.57;31/07/2026;09:00;15.3;0;SOLEIL;5;0.0;0
Rodez;44.35;2.57;31/07/2026;10:00;16.4;0;SOLEIL;5;0.0;0
Rodez;44.35;2.57;31/07/2026;11:00;17.6;0;SOLEIL;5;0.0;0
Rodez;44.35;2.57;31/07/2026;12:00;18.7;0;SOLEIL;5;0.0;0
Rodez;44.35;2.57;31/07/2026;13:00;19.8;0;SOLEIL;5;0.0;0
Rodez;44.35;2.57;31/07/2026;14:00;20.9;0;SOLEIL;5;0.0;0
Rodez;44.35;2.57;31/07/2026;15:00;22.0;0;SOLEIL;5;0.0;0
Rodez;44.35;2.57;31/07/2026;16:00;20.9;0;SOLEIL;5;0.0;0
Rodez;44.35;2.57;31/07/2026;17:00;19.8;0;SOLEIL;5;0.0;0
Rodez;44.35;2.57;31/07/2026;18:00;18.7;0;SOLEIL;5;0.0;0
Rodez;44.35;2.57;31/07/2026;19:00;17.6;0;SOLEIL;5;0.0;0
Rodez;44.35;2.57;31/07/2026;20:00;16.4;0;SOLEIL;5;0.0;0
Rodez;44.35;2.57;31/07/2026;21:00;15.3;0;SOLEIL;5;0.0;0
Rodez;44.35;2.57;31/07/2026;22:00;14.2;0;SOLEIL;5;0.0;0
Rodez;44.35;2.57;31/07/2026;23:00;13.1;0;SOLEIL;5;0.0;0
Saint-Affrique;43.96;2.88;16/07/2026;00:00;21.7;0;SOLEIL;2;14.0;0
Saint-Affrique;43.96;2.88;16/07/2026;01:00;20.4;0;SOLEIL;1;7.9;0
Saint-Affrique;43.96;2.88;16/07/2026;02:00;19.1;0;SOLEIL;2;8.6;0
Saint-Affrique;43.96;2.88;16/07/2026;03:00;18.6;0;SOLEIL;1;9.4;0
Saint-Affrique;43.96;2.88;16/07/2026;04:00;18.9;0;SOLEIL;2;9.7;0
Saint-Affrique;43.96;2.88;16/07/2026;05:00;19.1;0;SOLEIL;2;9.0;0
Saint-Affrique;43.96;2.88;16/07/2026;06:00;21.7;5;SOLEIL VOILÉ;2;9.4;0
Saint-Affrique;43.96;2.88;16/07/2026;07:00;25.4;5;SOLEIL VOILÉ;2;9.4;0
Saint-Affrique;43.96;2.88;16/07/2026;08:00;27.5;5;SOLEIL VOILÉ;3;9.0;0
Saint-Affrique;43.96;2.88;16/07/2026;09:00;29.7;5;SOLEIL VOILÉ;3;6.8;0
Saint-Affrique;43.96;2.88;16/07/2026;10:00;30.4;2;NUAGEUX;4;9.4;0
Saint-Affrique;43.96;2.88;16/07/2026;11:00;29;2;NUAGEUX;5;18.0;0
Saint-Affrique;43.96;2.88;16/07/2026;12:00;29.6;2;NUAGEUX;5;27.4;0
Saint-Affrique;43.96;2.88;16/07/2026;13:00;29.7;2;NUAGEUX;6;29.9;0
Saint-Affrique;43.96;2.88;16/07/2026;14:00;30.6;5;SOLEIL VOILÉ;6;31.3;0
Saint-Affrique;43.96;2.88;16/07/2026;15:00;30.9;5;SOLEIL VOILÉ;6;31.3;0
Saint-Affrique;43.96;2.88;16/07/2026;16:00;30.6;0;SOLEIL;6;34.9;0
Saint-Affrique;43.96;2.88;16/07/2026;17:00;29.6;0;SOLEIL;6;34.9;0
Saint-Affrique;43.96;2.88;16/07/2026;18:00;27.6;10;ORAGEUX;5;36.0;0
Saint-Affrique;43.96;2.88;16/07/2026;19:00;24.9;10;ORAGEUX;5;33.5;0
Saint-Affrique;43.96;2.88;16/07/2026;20:00;22.2;10;ORAGEUX;4;28.8;0
Saint-Affrique;43.96;2.88;16/07/2026;21:00;21.2;10;ORAGEUX;3;24.8;0.2
Saint-Affrique;43.96;2.88;16/07/2026;22:00;21.1;10;ORAGEUX;2;19.4;0.5
Saint-Affrique;43.96;2.88;16/07/2026;23:00;19.7;10;ORAGEUX;2;15.5;0.5
Saint-Affrique;43.96;2.88;17/07/2026;00:00;18.7;10;ORAGEUX;2;15.5;1.1
Saint-Affrique;43.96;2.88;17/07/2026;01:00;18.7;10;ORAGEUX;2;14.8;1.1
Saint-Affrique;43.96;2.88;17/07/2026;02:00;17.7;10;ORAGEUX;2;21.2;0
Saint-Affrique;43.96;2.88;17/07/2026;03:00;17.7;10;ORAGEUX;2;13.0;0
Saint-Affrique;43.96;2.88;17/07/2026;04:00;17.7;10;ORAGEUX;2;10.1;0
Saint-Affrique;43.96;2.88;17/07/2026;05:00;19;0;SOLEIL;1;12.2;0
Saint-Affrique;43.96;2.88;17/07/2026;06:00;19;0;SOLEIL;1;7.9;0
Saint-Affrique;43.96;2.88;17/07/2026;07:00;19;0;SOLEIL;1;9.7;0
Saint-Affrique;43.96;2.88;17/07/2026;08:00;22.1;0;SOLEIL;3;12.2;0
Saint-Affrique;43.96;2.88;17/07/2026;09:00;22.1;0;SOLEIL;3;17.3;0
Saint-Affrique;43.96;2.88;17/07/2026;10:00;22.1;0;SOLEIL;3;20.5;0
Saint-Affrique;43.96;2.88;17/07/2026;11:00;25.6;0;SOLEIL;3;22.0;0
Saint-Affrique;43.96;2.88;17/07/2026;12:00;25.6;0;SOLEIL;3;27.7;0
Saint-Affrique;43.96;2.88;17/07/2026;13:00;25.6;0;SOLEIL;3;25.6;0
Saint-Affrique;43.96;2.88;17/07/2026;14:00;26.1;0;SOLEIL;4;24.5;0
Saint-Affrique;43.96;2.88;17/07/2026;15:00;26.1;0;SOLEIL;4;24.8;0
Saint-Affrique;43.96;2.88;17/07/2026;16:00;26.1;0;SOLEIL;4;25.2;0
Saint-Affrique;43.96;2.88;17/07/2026;17:00;24;0;SOLEIL;4;27.7;0
Saint-Affrique;43.96;2.88;17/07/2026;18:00;24;0;SOLEIL;4;28.9;0
Saint-Affrique;43.96;2.88;17/07/2026;19:00;24;0;SOLEIL;4;30.1;0
Saint-Affrique;43.96;2.88;17/07/2026;20:00;21.1;0;SOLEIL;3;30.6;0
Saint-Affrique;43.96;2.88;17/07/2026;21:00;21.1;0;SOLEIL;3;24.8;0
Saint-Affrique;43.96;2.88;17/07/2026;22:00;21.1;0;SOLEIL;3;19.4;0
Saint-Affrique;43.96;2.88;17/07/2026;23:00;17.7;0;SOLEIL;3;10.8;0
Saint-Affrique;43.96;2.88;18/07/2026;00:00;17.7;0;SOLEIL;3;6.5;0
Saint-Affrique;43.96;2.88;18/07/2026;01:00;17.7;0;SOLEIL;3;6.1;0
Saint-Affrique;43.96;2.88;18/07/2026;02:00;15.6;0;SOLEIL;2;6.8;0
Saint-Affrique;43.96;2.88;18/07/2026;03:00;15.6;0;SOLEIL;2;5.8;0
Saint-Affrique;43.96;2.88;18/07/2026;04:00;15.6;0;SOLEIL;2;3.6;0
Saint-Affrique;43.96;2.88;18/07/2026;05:00;17.1;0;SOLEIL;2;3.6;0
Saint-Affrique;43.96;2.88;18/07/2026;06:00;17.1;0;SOLEIL;2;2.9;0
Saint-Affrique;43.96;2.88;18/07/2026;07:00;17.1;0;SOLEIL;2;4.0;0
Saint-Affrique;43.96;2.88;18/07/2026;08:00;23.1;0;SOLEIL;3;4.0;0
Saint-Affrique;43.96;2.88;18/07/2026;09:00;23.1;0;SOLEIL;3;6.1;0
Saint-Affrique;43.96;2.88;18/07/2026;10:00;23.1;0;SOLEIL;3;12.6;0
Saint-Affrique;43.96;2.88;18/07/2026;11:00;26;0;SOLEIL;4;18.4;0
Saint-Affrique;43.96;2.88;18/07/2026;12:00;26;0;SOLEIL;4;19.4;0
Saint-Affrique;43.96;2.88;18/07/2026;13:00;26;0;SOLEIL;4;20.2;0
Saint-Affrique;43.96;2.88;18/07/2026;14:00;27.6;0;SOLEIL;4;20.9;0
Saint-Affrique;43.96;2.88;18/07/2026;15:00;27.6;0;SOLEIL;4;21.6;0
Saint-Affrique;43.96;2.88;18/07/2026;16:00;27.6;0;SOLEIL;4;21.2;0
Saint-Affrique;43.96;2.88;18/07/2026;17:00;26.4;0;SOLEIL;4;20.9;0
Saint-Affrique;43.96;2.88;18/07/2026;18:00;26.4;0;SOLEIL;4;20.5;0
Saint-Affrique;43.96;2.88;18/07/2026;19:00;26.4;0;SOLEIL;4;20.5;0
Saint-Affrique;43.96;2.88;18/07/2026;20:00;20.8;0;SOLEIL;5;19.4;0
Saint-Affrique;43.96;2.88;18/07/2026;21:00;19.3;0;SOLEIL;5;15.8;0
Saint-Affrique;43.96;2.88;18/07/2026;22:00;17.8;0;SOLEIL;5;11.2;0
Saint-Affrique;43.96;2.88;18/07/2026;23:00;17.1;0;SOLEIL;2;7.2;0
Saint-Affrique;43.96;2.88;19/07/2026;00:00;17.1;0;SOLEIL;2;5.4;0
Saint-Affrique;43.96;2.88;19/07/2026;01:00;17.1;0;SOLEIL;2;4.7;0
Saint-Affrique;43.96;2.88;19/07/2026;02:00;14;0;SOLEIL;5;4.3;0
Saint-Affrique;43.96;2.88;19/07/2026;03:00;14;0;SOLEIL;5;4.0;0
Saint-Affrique;43.96;2.88;19/07/2026;04:00;14;0;SOLEIL;5;3.6;0
Saint-Affrique;43.96;2.88;19/07/2026;05:00;17;0;SOLEIL;2;3.6;0
Saint-Affrique;43.96;2.88;19/07/2026;06:00;17;0;SOLEIL;2;3.6;0
Saint-Affrique;43.96;2.88;19/07/2026;07:00;17;0;SOLEIL;2;4.3;0
Saint-Affrique;43.96;2.88;19/07/2026;08:00;17.6;0;SOLEIL;5;5.0;0
Saint-Affrique;43.96;2.88;19/07/2026;09:00;19.5;0;SOLEIL;5;6.5;0
Saint-Affrique;43.96;2.88;19/07/2026;10:00;21.3;0;SOLEIL;5;8.6;0
Saint-Affrique;43.96;2.88;19/07/2026;11:00;28.1;0;SOLEIL;3;10.4;0
Saint-Affrique;43.96;2.88;19/07/2026;12:00;28.1;0;SOLEIL;3;11.5;0
Saint-Affrique;43.96;2.88;19/07/2026;13:00;28.1;0;SOLEIL;3;12.2;0
Saint-Affrique;43.96;2.88;19/07/2026;14:00;28.6;0;SOLEIL;5;13.3;0
Saint-Affrique;43.96;2.88;19/07/2026;15:00;30.4;0;SOLEIL;5;14.8;0
Saint-Affrique;43.96;2.88;19/07/2026;16:00;28.6;0;SOLEIL;5;16.6;0
Saint-Affrique;43.96;2.88;19/07/2026;17:00;28.5;0;SOLEIL;3;17.3;0
Saint-Affrique;43.96;2.88;19/07/2026;18:00;28.5;0;SOLEIL;3;15.8;0
Saint-Affrique;43.96;2.88;19/07/2026;19:00;28.5;0;SOLEIL;3;13.3;0
Saint-Affrique;43.96;2.88;19/07/2026;20:00;21.3;0;SOLEIL;5;11.2;0
Saint-Affrique;43.96;2.88;19/07/2026;21:00;19.5;0;SOLEIL;5;9.4;0
Saint-Affrique;43.96;2.88;19/07/2026;22:00;17.6;0;SOLEIL;5;7.9;0
Saint-Affrique;43.96;2.88;19/07/2026;23:00;16.7;0;SOLEIL;2;6.5;0
Saint-Affrique;43.96;2.88;20/07/2026;00:00;16.7;0;SOLEIL;2;5.0;0
Saint-Affrique;43.96;2.88;20/07/2026;01:00;16.7;0;SOLEIL;2;4.0;0
Saint-Affrique;43.96;2.88;20/07/2026;02:00;13.4;0;SOLEIL;5;3.2;0
Saint-Affrique;43.96;2.88;20/07/2026;03:00;13.4;0;SOLEIL;5;3.2;0
Saint-Affrique;43.96;2.88;20/07/2026;04:00;13.4;0;SOLEIL;5;3.2;0
Saint-Affrique;43.96;2.88;20/07/2026;05:00;16.1;0;SOLEIL;1;3.6;0
Saint-Affrique;43.96;2.88;20/07/2026;06:00;16.1;0;SOLEIL;1;3.6;0
Saint-Affrique;43.96;2.88;20/07/2026;07:00;16.1;0;SOLEIL;1;3.2;0
Saint-Affrique;43.96;2.88;20/07/2026;08:00;17.3;0;SOLEIL;5;4.0;0
Saint-Affrique;43.96;2.88;20/07/2026;09:00;19.3;0;SOLEIL;5;5.4;0
Saint-Affrique;43.96;2.88;20/07/2026;10:00;21.3;0;SOLEIL;5;7.9;0
Saint-Affrique;43.96;2.88;20/07/2026;11:00;28.1;0;SOLEIL;3;11.2;0
Saint-Affrique;43.96;2.88;20/07/2026;12:00;28.1;0;SOLEIL;3;17.3;0
Saint-Affrique;43.96;2.88;20/07/2026;13:00;28.1;0;SOLEIL;3;24.3;0
Saint-Affrique;43.96;2.88;20/07/2026;14:00;29.1;0;SOLEIL;5;29.7;0
Saint-Affrique;43.96;2.88;20/07/2026;15:00;31.1;0;SOLEIL;5;32.8;0
Saint-Affrique;43.96;2.88;20/07/2026;16:00;29.1;0;SOLEIL;5;33.1;0
Saint-Affrique;43.96;2.88;20/07/2026;17:00;28.6;0;SOLEIL;3;32.4;0
Saint-Affrique;43.96;2.88;20/07/2026;18:00;28.6;0;SOLEIL;3;30.6;0
Saint-Affrique;43.96;2.88;20/07/2026;19:00;28.6;0;SOLEIL;3;27.4;0
Saint-Affrique;43.96;2.88;20/07/2026;20:00;21.3;0;SOLEIL;5;23.8;0
Saint-Affrique;43.96;2.88;20/07/2026;21:00;19.3;0;SOLEIL;5;19.1;0
Saint-Affrique;43.96;2.88;20/07/2026;22:00;17.3;0;SOLEIL;5;14.0;0
Saint-Affrique;43.96;2.88;20/07/2026;23:00;15.6;0;SOLEIL;3;10.8;0
Saint-Affrique;43.96;2.88;21/07/2026;00:00;15.6;0;SOLEIL;3;11.5;0
Saint-Affrique;43.96;2.88;21/07/2026;01:00;15.6;0;SOLEIL;3;14.0;0
Saint-Affrique;43.96;2.88;21/07/2026;02:00;13.1;0;SOLEIL;5;15.8;0
Saint-Affrique;43.96;2.88;21/07/2026;03:00;13.1;0;SOLEIL;5;16.2;0
Saint-Affrique;43.96;2.88;21/07/2026;04:00;13.1;0;SOLEIL;5;15.5;0
Saint-Affrique;43.96;2.88;21/07/2026;05:00;15.1;0;SOLEIL;2;15.1;0
Saint-Affrique;43.96;2.88;21/07/2026;06:00;15.1;0;SOLEIL;2;14.8;0
Saint-Affrique;43.96;2.88;21/07/2026;07:00;15.1;0;SOLEIL;2;14.0;0
Saint-Affrique;43.96;2.88;21/07/2026;08:00;17.0;0;SOLEIL;5;14.0;0
Saint-Affrique;43.96;2.88;21/07/2026;09:00;18.9;0;SOLEIL;5;14.4;0
Saint-Affrique;43.96;2.88;21/07/2026;10:00;20.8;0;SOLEIL;5;15.5;0
Saint-Affrique;43.96;2.88;21/07/2026;11:00;27.6;0;SOLEIL;3;17.3;0
Saint-Affrique;43.96;2.88;21/07/2026;12:00;27.6;0;SOLEIL;3;20.2;0
Saint-Affrique;43.96;2.88;21/07/2026;13:00;27.6;0;SOLEIL;3;24.1;0
Saint-Affrique;43.96;2.88;21/07/2026;14:00;28.6;0;SOLEIL;5;27.4;0
Saint-Affrique;43.96;2.88;21/07/2026;15:00;30.5;0;SOLEIL;5;29.9;0
Saint-Affrique;43.96;2.88;21/07/2026;16:00;28.6;0;SOLEIL;5;32.0;0
Saint-Affrique;43.96;2.88;21/07/2026;17:00;28.1;0;SOLEIL;4;33.5;0
Saint-Affrique;43.96;2.88;21/07/2026;18:00;28.1;0;SOLEIL;4;33.8;0
Saint-Affrique;43.96;2.88;21/07/2026;19:00;28.1;0;SOLEIL;4;33.5;0
Saint-Affrique;43.96;2.88;21/07/2026;20:00;20.8;0;SOLEIL;5;32.0;0
Saint-Affrique;43.96;2.88;21/07/2026;21:00;18.9;0;SOLEIL;5;29.9;0
Saint-Affrique;43.96;2.88;21/07/2026;22:00;17.0;0;SOLEIL;5;26.6;0
Saint-Affrique;43.96;2.88;21/07/2026;23:00;16.1;0;SOLEIL;2;23.8;0
Saint-Affrique;43.96;2.88;22/07/2026;00:00;16.1;0;SOLEIL;2;20.5;0
Saint-Affrique;43.96;2.88;22/07/2026;01:00;16.1;0;SOLEIL;2;17.6;0
Saint-Affrique;43.96;2.88;22/07/2026;02:00;13;0;SOLEIL;5;15.1;0
Saint-Affrique;43.96;2.88;22/07/2026;03:00;13;0;SOLEIL;5;13.7;0
Saint-Affrique;43.96;2.88;22/07/2026;04:00;13;0;SOLEIL;5;12.6;0
Saint-Affrique;43.96;2.88;22/07/2026;05:00;15.4;0;SOLEIL;2;12.2;0
Saint-Affrique;43.96;2.88;22/07/2026;06:00;15.4;0;SOLEIL;2;12.2;0
Saint-Affrique;43.96;2.88;22/07/2026;07:00;15.4;0;SOLEIL;2;12.2;0
Saint-Affrique;43.96;2.88;22/07/2026;08:00;16.9;0;SOLEIL;5;13.3;0
Saint-Affrique;43.96;2.88;22/07/2026;09:00;18.9;0;SOLEIL;5;15.1;0
Saint-Affrique;43.96;2.88;22/07/2026;10:00;20.9;0;SOLEIL;5;17.6;0
Saint-Affrique;43.96;2.88;22/07/2026;11:00;28.2;0;SOLEIL;3;20.5;0
Saint-Affrique;43.96;2.88;22/07/2026;12:00;28.2;0;SOLEIL;3;23.8;0
Saint-Affrique;43.96;2.88;22/07/2026;13:00;28.2;0;SOLEIL;3;27.0;0
Saint-Affrique;43.96;2.88;22/07/2026;14:00;28.7;0;SOLEIL;5;29.9;0
Saint-Affrique;43.96;2.88;22/07/2026;15:00;30.7;0;SOLEIL;5;32.0;0
Saint-Affrique;43.96;2.88;22/07/2026;16:00;28.7;0;SOLEIL;5;33.5;0
Saint-Affrique;43.96;2.88;22/07/2026;17:00;28.1;0;SOLEIL;4;34.2;0
Saint-Affrique;43.96;2.88;22/07/2026;18:00;28.1;0;SOLEIL;4;33.8;0
Saint-Affrique;43.96;2.88;22/07/2026;19:00;28.1;0;SOLEIL;4;32.4;0
Saint-Affrique;43.96;2.88;22/07/2026;20:00;20.9;0;SOLEIL;5;31.0;0
Saint-Affrique;43.96;2.88;22/07/2026;21:00;18.9;0;SOLEIL;5;29.5;0
Saint-Affrique;43.96;2.88;22/07/2026;22:00;16.9;0;SOLEIL;5;28.1;0
Saint-Affrique;43.96;2.88;22/07/2026;23:00;16.5;0;SOLEIL;2;26.3;0
Saint-Affrique;43.96;2.88;23/07/2026;00:00;16.5;0;SOLEIL;2;28.4;0
Saint-Affrique;43.96;2.88;23/07/2026;01:00;16.5;0;SOLEIL;2;31.1;0
Saint-Affrique;43.96;2.88;23/07/2026;02:00;14.4;0;SOLEIL;5;34.7;0
Saint-Affrique;43.96;2.88;23/07/2026;03:00;14.4;0;SOLEIL;5;37.1;0
Saint-Affrique;43.96;2.88;23/07/2026;04:00;14.4;0;SOLEIL;5;32.4;0
Saint-Affrique;43.96;2.88;23/07/2026;05:00;17.1;0;SOLEIL;3;27.0;0
Saint-Affrique;43.96;2.88;23/07/2026;06:00;17.1;0;SOLEIL;3;22.0;0
Saint-Affrique;43.96;2.88;23/07/2026;07:00;17.1;0;SOLEIL;3;18.4;0
Saint-Affrique;43.96;2.88;23/07/2026;08:00;18.2;0;SOLEIL;5;16.9;0
Saint-Affrique;43.96;2.88;23/07/2026;09:00;20.1;0;SOLEIL;5;18.4;0
Saint-Affrique;43.96;2.88;23/07/2026;10:00;22.0;0;SOLEIL;5;22.3;0
Saint-Affrique;43.96;2.88;23/07/2026;11:00;29.4;0;SOLEIL;4;27.7;0
Saint-Affrique;43.96;2.88;23/07/2026;12:00;29.4;0;SOLEIL;4;33.1;0
Saint-Affrique;43.96;2.88;23/07/2026;13:00;29.4;0;SOLEIL;4;38.2;0
Saint-Affrique;43.96;2.88;23/07/2026;14:00;29.7;0;SOLEIL;5;41.4;0
Saint-Affrique;43.96;2.88;23/07/2026;15:00;31.6;0;SOLEIL;5;43.2;0
Saint-Affrique;43.96;2.88;23/07/2026;16:00;29.7;0;SOLEIL;5;43.9;0
Saint-Affrique;43.96;2.88;23/07/2026;17:00;29.1;0;SOLEIL;5;44.3;0
Saint-Affrique;43.96;2.88;23/07/2026;18:00;29.1;0;SOLEIL;5;43.9;0
Saint-Affrique;43.96;2.88;23/07/2026;19:00;29.1;0;SOLEIL;5;43.6;0
Saint-Affrique;43.96;2.88;23/07/2026;20:00;22.0;0;SOLEIL;5;42.8;0
Saint-Affrique;43.96;2.88;23/07/2026;21:00;20.1;0;SOLEIL;5;42.1;0
Saint-Affrique;43.96;2.88;23/07/2026;22:00;18.2;0;SOLEIL;5;41.0;0
Saint-Affrique;43.96;2.88;23/07/2026;23:00;18.5;0;SOLEIL;2;40.0;0
Saint-Affrique;43.96;2.88;24/07/2026;00:00;18.5;0;SOLEIL;2;38.5;0
Saint-Affrique;43.96;2.88;24/07/2026;01:00;18.5;0;SOLEIL;2;36.7;0
Saint-Affrique;43.96;2.88;24/07/2026;02:00;15.4;0;SOLEIL;5;34.2;0
Saint-Affrique;43.96;2.88;24/07/2026;03:00;15.4;0;SOLEIL;5;31.0;0
Saint-Affrique;43.96;2.88;24/07/2026;04:00;15.4;0;SOLEIL;5;26.3;0
Saint-Affrique;43.96;2.88;24/07/2026;05:00;17.5;0;SOLEIL;2;21.2;0
Saint-Affrique;43.96;2.88;24/07/2026;06:00;17.5;0;SOLEIL;2;16.6;0
Saint-Affrique;43.96;2.88;24/07/2026;07:00;17.5;0;SOLEIL;2;13.3;0
Saint-Affrique;43.96;2.88;24/07/2026;08:00;18.8;0;SOLEIL;5;11.9;0
Saint-Affrique;43.96;2.88;24/07/2026;09:00;20.5;0;SOLEIL;5;13.0;0
Saint-Affrique;43.96;2.88;24/07/2026;10:00;22.2;0;SOLEIL;5;15.8;0
Saint-Affrique;43.96;2.88;24/07/2026;11:00;29.6;0;SOLEIL;4;19.8;0
Saint-Affrique;43.96;2.88;24/07/2026;12:00;29.6;0;SOLEIL;4;24.5;0
Saint-Affrique;43.96;2.88;24/07/2026;13:00;29.6;0;SOLEIL;4;28.4;0
Saint-Affrique;43.96;2.88;24/07/2026;14:00;29.0;0;SOLEIL;5;31.3;0
Saint-Affrique;43.96;2.88;24/07/2026;15:00;30.7;0;SOLEIL;5;33.1;0
Saint-Affrique;43.96;2.88;24/07/2026;16:00;29.0;0;SOLEIL;5;34.9;0
Saint-Affrique;43.96;2.88;24/07/2026;17:00;25.6;0;SOLEIL;4;36.0;0
Saint-Affrique;43.96;2.88;24/07/2026;18:00;25.6;0;SOLEIL;4;36.7;0
Saint-Affrique;43.96;2.88;24/07/2026;19:00;25.6;0;SOLEIL;4;37.1;0
Saint-Affrique;43.96;2.88;24/07/2026;20:00;22.2;0;SOLEIL;5;37.1;0
Saint-Affrique;43.96;2.88;24/07/2026;21:00;20.5;0;SOLEIL;5;36.7;0
Saint-Affrique;43.96;2.88;24/07/2026;22:00;18.8;0;SOLEIL;5;36.0;0
Saint-Affrique;43.96;2.88;24/07/2026;23:00;16.9;0;SOLEIL;2;34.9;0
Saint-Affrique;43.96;2.88;25/07/2026;00:00;16.9;0;SOLEIL;2;33.1;0
Saint-Affrique;43.96;2.88;25/07/2026;01:00;16.9;0;SOLEIL;2;31.3;0
Saint-Affrique;43.96;2.88;25/07/2026;02:00;14.7;0;SOLEIL;5;29.2;0
Saint-Affrique;43.96;2.88;25/07/2026;03:00;14.7;0;SOLEIL;5;25.9;0
Saint-Affrique;43.96;2.88;25/07/2026;04:00;14.7;0;SOLEIL;5;21.6;0
Saint-Affrique;43.96;2.88;25/07/2026;05:00;;0;SOLEIL;;16.9;0
Saint-Affrique;43.96;2.88;25/07/2026;06:00;;0;SOLEIL;;12.6;0
Saint-Affrique;43.96;2.88;25/07/2026;07:00;;0;SOLEIL;;9.4;0
Saint-Affrique;43.96;2.88;25/07/2026;08:00;18.0;0;SOLEIL;5;8.3;0
Saint-Affrique;43.96;2.88;25/07/2026;09:00;19.6;0;SOLEIL;5;9.7;0
Saint-Affrique;43.96;2.88;25/07/2026;10:00;21.3;0;SOLEIL;5;13.0;0
Saint-Affrique;43.96;2.88;25/07/2026;11:00;;0;SOLEIL;;17.6;0
Saint-Affrique;43.96;2.88;25/07/2026;12:00;;0;SOLEIL;;22.7;0
Saint-Affrique;43.96;2.88;25/07/2026;13:00;;0;SOLEIL;;27.0;0
Saint-Affrique;43.96;2.88;25/07/2026;14:00;27.9;0;SOLEIL;5;30.2;0
Saint-Affrique;43.96;2.88;25/07/2026;15:00;29.5;0;SOLEIL;5;32.0;0
Saint-Affrique;43.96;2.88;25/07/2026;16:00;27.9;0;SOLEIL;5;33.1;0
Saint-Affrique;43.96;2.88;25/07/2026;17:00;;0;SOLEIL;;33.8;0
Saint-Affrique;43.96;2.88;25/07/2026;18:00;;0;SOLEIL;;33.8;0
Saint-Affrique;43.96;2.88;25/07/2026;19:00;;0;SOLEIL;;33.8;0
Saint-Affrique;43.96;2.88;25/07/2026;20:00;21.3;0;SOLEIL;5;33.8;0
Saint-Affrique;43.96;2.88;25/07/2026;21:00;19.6;0;SOLEIL;5;33.5;0
Saint-Affrique;43.96;2.88;25/07/2026;22:00;18.0;0;SOLEIL;5;32.8;0
Saint-Affrique;43.96;2.88;25/07/2026;23:00;;0;SOLEIL;;32.0;0
Saint-Affrique;43.96;2.88;26/07/2026;00:00;;0;SOLEIL;;31.0;0
Saint-Affrique;43.96;2.88;26/07/2026;01:00;;0;SOLEIL;;29.5;0
Saint-Affrique;43.96;2.88;26/07/2026;02:00;13.9;0;SOLEIL;5;28.1;0
Saint-Affrique;43.96;2.88;26/07/2026;03:00;13.9;0;SOLEIL;5;25.9;0
Saint-Affrique;43.96;2.88;26/07/2026;04:00;13.9;0;SOLEIL;5;23.4;0
Saint-Affrique;43.96;2.88;26/07/2026;05:00;;0;SOLEIL;;20.5;0
Saint-Affrique;43.96;2.88;26/07/2026;06:00;;0;SOLEIL;;17.6;0
Saint-Affrique;43.96;2.88;26/07/2026;07:00;;0;SOLEIL;;15.8;0
Saint-Affrique;43.96;2.88;26/07/2026;08:00;16.6;0;SOLEIL;5;14.8;0
Saint-Affrique;43.96;2.88;26/07/2026;09:00;18.0;0;SOLEIL;5;15.1;0
Saint-Affrique;43.96;2.88;26/07/2026;10:00;19.3;0;SOLEIL;5;16.9;0
Saint-Affrique;43.96;2.88;26/07/2026;11:00;;0;SOLEIL;;19.4;0
Saint-Affrique;43.96;2.88;26/07/2026;12:00;;0;SOLEIL;;22.0;0
Saint-Affrique;43.96;2.88;26/07/2026;13:00;;0;SOLEIL;;24.1;0
Saint-Affrique;43.96;2.88;26/07/2026;14:00;24.7;0;SOLEIL;5;25.6;0
Saint-Affrique;43.96;2.88;26/07/2026;15:00;26.1;0;SOLEIL;5;26.3;0
Saint-Affrique;43.96;2.88;26/07/2026;16:00;24.7;0;SOLEIL;5;27.0;0
Saint-Affrique;43.96;2.88;26/07/2026;17:00;;0;SOLEIL;;27.0;0
Saint-Affrique;43.96;2.88;26/07/2026;18:00;;0;SOLEIL;;27.0;0
Saint-Affrique;43.96;2.88;26/07/2026;19:00;;0;SOLEIL;;27.0;0
Saint-Affrique;43.96;2.88;26/07/2026;20:00;19.3;0;SOLEIL;5;26.6;0
Saint-Affrique;43.96;2.88;26/07/2026;21:00;18.0;0;SOLEIL;5;26.3;0
Saint-Affrique;43.96;2.88;26/07/2026;22:00;16.6;0;SOLEIL;5;25.2;0
Saint-Affrique;43.96;2.88;26/07/2026;23:00;;0;SOLEIL;;24.5;0
Saint-Affrique;43.96;2.88;27/07/2026;00:00;;0;SOLEIL;;23.4;0
Saint-Affrique;43.96;2.88;27/07/2026;01:00;;0;SOLEIL;;22.0;0
Saint-Affrique;43.96;2.88;27/07/2026;02:00;13.1;0;SOLEIL;5;20.5;0
Saint-Affrique;43.96;2.88;27/07/2026;03:00;13.1;0;SOLEIL;5;18.4;0
Saint-Affrique;43.96;2.88;27/07/2026;04:00;13.1;0;SOLEIL;5;15.5;0
Saint-Affrique;43.96;2.88;27/07/2026;05:00;;0;SOLEIL;;12.2;0
Saint-Affrique;43.96;2.88;27/07/2026;06:00;;0;SOLEIL;;9.7;0
Saint-Affrique;43.96;2.88;27/07/2026;07:00;;0;SOLEIL;;7.9;0
Saint-Affrique;43.96;2.88;27/07/2026;08:00;15.5;0;SOLEIL;5;7.9;0
Saint-Affrique;43.96;2.88;27/07/2026;09:00;16.8;0;SOLEIL;5;10.1;0
Saint-Affrique;43.96;2.88;27/07/2026;10:00;18.0;0;SOLEIL;5;14.0;0
Saint-Affrique;43.96;2.88;27/07/2026;11:00;;0;SOLEIL;;19.1;0
Saint-Affrique;43.96;2.88;27/07/2026;12:00;;0;SOLEIL;;24.1;0
Saint-Affrique;43.96;2.88;27/07/2026;13:00;;0;SOLEIL;;28.8;0
Saint-Affrique;43.96;2.88;27/07/2026;14:00;22.9;0;SOLEIL;5;32.0;0
Saint-Affrique;43.96;2.88;27/07/2026;15:00;24.1;0;SOLEIL;5;33.8;0
Saint-Affrique;43.96;2.88;27/07/2026;16:00;22.9;0;SOLEIL;5;34.9;0
Saint-Affrique;43.96;2.88;27/07/2026;17:00;;0;SOLEIL;;35.3;0
Saint-Affrique;43.96;2.88;27/07/2026;18:00;;0;SOLEIL;;35.3;0
Saint-Affrique;43.96;2.88;27/07/2026;19:00;;0;SOLEIL;;34.9;0
Saint-Affrique;43.96;2.88;27/07/2026;20:00;18.0;0;SOLEIL;5;34.9;0
Saint-Affrique;43.96;2.88;27/07/2026;21:00;16.8;0;SOLEIL;5;34.9;0
Saint-Affrique;43.96;2.88;27/07/2026;22:00;15.5;0;SOLEIL;5;34.9;0
Saint-Affrique;43.96;2.88;27/07/2026;23:00;;6;AVERSES;;34.9;0
Saint-Affrique;43.96;2.88;28/07/2026;00:00;;6;AVERSES;;34.2;0
Saint-Affrique;43.96;2.88;28/07/2026;01:00;;6;AVERSES;;33.5;0
Saint-Affrique;43.96;2.88;28/07/2026;02:00;13.5;6;AVERSES;5;31.7;0
Saint-Affrique;43.96;2.88;28/07/2026;03:00;13.5;6;AVERSES;5;28.8;0
Saint-Affrique;43.96;2.88;28/07/2026;04:00;13.5;6;AVERSES;5;24.5;0
Saint-Affrique;43.96;2.88;28/07/2026;05:00;;6;AVERSES;;20.2;0
Saint-Affrique;43.96;2.88;28/07/2026;06:00;;6;AVERSES;;15.5;0
Saint-Affrique;43.96;2.88;28/07/2026;07:00;;6;AVERSES;;11.9;0
Saint-Affrique;43.96;2.88;28/07/2026;08:00;16.0;6;AVERSES;5;10.1;0
Saint-Affrique;43.96;2.88;28/07/2026;09:00;17.2;6;AVERSES;5;10.1;0
Saint-Affrique;43.96;2.88;28/07/2026;10:00;18.4;6;AVERSES;5;11.9;0
Saint-Affrique;43.96;2.88;28/07/2026;11:00;;6;AVERSES;;14.4;0
Saint-Affrique;43.96;2.88;28/07/2026;12:00;;6;AVERSES;;16.9;0
Saint-Affrique;43.96;2.88;28/07/2026;13:00;;6;AVERSES;;19.4;0
Saint-Affrique;43.96;2.88;28/07/2026;14:00;23.4;6;AVERSES;5;21.2;0
Saint-Affrique;43.96;2.88;28/07/2026;15:00;24.6;6;AVERSES;5;22.0;0
Saint-Affrique;43.96;2.88;28/07/2026;16:00;23.4;6;AVERSES;5;22.3;0
Saint-Affrique;43.96;2.88;28/07/2026;17:00;;6;AVERSES;;22.7;0
Saint-Affrique;43.96;2.88;28/07/2026;18:00;;6;AVERSES;;22.3;0
Saint-Affrique;43.96;2.88;28/07/2026;19:00;;6;AVERSES;;22.3;0
Saint-Affrique;43.96;2.88;28/07/2026;20:00;18.4;6;AVERSES;5;22.0;0
Saint-Affrique;43.96;2.88;28/07/2026;21:00;17.2;6;AVERSES;5;21.6;0
Saint-Affrique;43.96;2.88;28/07/2026;22:00;16.0;6;AVERSES;5;20.5;0
Saint-Affrique;43.96;2.88;28/07/2026;23:00;;0;SOLEIL;;19.8;0
Saint-Affrique;43.96;2.88;29/07/2026;00:00;;0;SOLEIL;;18.7;0
Saint-Affrique;43.96;2.88;29/07/2026;01:00;;0;SOLEIL;;18.0;0
Saint-Affrique;43.96;2.88;29/07/2026;02:00;12.6;0;SOLEIL;5;17.6;0
Saint-Affrique;43.96;2.88;29/07/2026;03:00;12.6;0;SOLEIL;5;17.6;0
Saint-Affrique;43.96;2.88;29/07/2026;04:00;12.6;0;SOLEIL;5;17.6;0
Saint-Affrique;43.96;2.88;29/07/2026;05:00;;0;SOLEIL;;18.0;0
Saint-Affrique;43.96;2.88;29/07/2026;06:00;;0;SOLEIL;;18.4;0
Saint-Affrique;43.96;2.88;29/07/2026;07:00;;0;SOLEIL;;19.1;0
Saint-Affrique;43.96;2.88;29/07/2026;08:00;15.6;0;SOLEIL;5;19.8;0
Saint-Affrique;43.96;2.88;29/07/2026;09:00;17.1;0;SOLEIL;5;20.9;0
Saint-Affrique;43.96;2.88;29/07/2026;10:00;18.6;0;SOLEIL;5;22.7;0
Saint-Affrique;43.96;2.88;29/07/2026;11:00;;0;SOLEIL;;24.5;0
Saint-Affrique;43.96;2.88;29/07/2026;12:00;;0;SOLEIL;;26.3;0
Saint-Affrique;43.96;2.88;29/07/2026;13:00;;0;SOLEIL;;27.7;0
Saint-Affrique;43.96;2.88;29/07/2026;14:00;24.7;0;SOLEIL;5;28.8;0
Saint-Affrique;43.96;2.88;29/07/2026;15:00;26.2;0;SOLEIL;5;29.5;0
Saint-Affrique;43.96;2.88;29/07/2026;16:00;24.7;0;SOLEIL;5;30.2;0
Saint-Affrique;43.96;2.88;29/07/2026;17:00;;0;SOLEIL;;30.6;0
Saint-Affrique;43.96;2.88;29/07/2026;18:00;;0;SOLEIL;;31.0;0
Saint-Affrique;43.96;2.88;29/07/2026;19:00;;0;SOLEIL;;30.6;0
Saint-Affrique;43.96;2.88;29/07/2026;20:00;18.6;0;SOLEIL;5;30.2;0
Saint-Affrique;43.96;2.88;29/07/2026;21:00;17.1;0;SOLEIL;5;29.5;0
Saint-Affrique;43.96;2.88;29/07/2026;22:00;15.6;0;SOLEIL;5;28.1;0
Saint-Affrique;43.96;2.88;29/07/2026;23:00;14.1;0;SOLEIL;5;26.3;0
Saint-Affrique;43.96;2.88;30/07/2026;00:00;12;0;SOLEIL;5;24.5;0
Saint-Affrique;43.96;2.88;30/07/2026;01:00;12;0;SOLEIL;5;23.0;0
Saint-Affrique;43.96;2.88;30/07/2026;02:00;12;0;SOLEIL;5;21.6;0
Saint-Affrique;43.96;2.88;30/07/2026;03:00;12;0;SOLEIL;5;20.5;0
Saint-Affrique;43.96;2.88;30/07/2026;04:00;12;0;SOLEIL;5;19.1;0
Saint-Affrique;43.96;2.88;30/07/2026;05:00;12;0;SOLEIL;5;18.0;0
Saint-Affrique;43.96;2.88;30/07/2026;06:00;12;0;SOLEIL;5;16.9;0
Saint-Affrique;43.96;2.88;30/07/2026;07:00;13.1;0;SOLEIL;5;16.6;0
Saint-Affrique;43.96;2.88;30/07/2026;08:00;14.2;0;SOLEIL;5;16.6;0
Saint-Affrique;43.96;2.88;30/07/2026;09:00;15.3;0;SOLEIL;5;17.3;0
Saint-Affrique;43.96;2.88;30/07/2026;10:00;16.4;0;SOLEIL;5;18.7;0
Saint-Affrique;43.96;2.88;30/07/2026;11:00;17.6;0;SOLEIL;5;20.5;0
Saint-Affrique;43.96;2.88;30/07/2026;12:00;18.7;0;SOLEIL;5;18.4;0
Saint-Affrique;43.96;2.88;30/07/2026;13:00;19.8;0;SOLEIL;5;14.4;0
Saint-Affrique;43.96;2.88;30/07/2026;14:00;20.9;0;SOLEIL;5;9.3;0
Saint-Affrique;43.96;2.88;30/07/2026;15:00;22.0;0;SOLEIL;5;4.7;0
Saint-Affrique;43.96;2.88;30/07/2026;16:00;20.9;0;SOLEIL;5;6.1;0
Saint-Affrique;43.96;2.88;30/07/2026;17:00;19.8;0;SOLEIL;5;6.5;0
Saint-Affrique;43.96;2.88;30/07/2026;18:00;18.7;0;SOLEIL;5;5.0;0
Saint-Affrique;43.96;2.88;30/07/2026;19:00;17.6;0;SOLEIL;5;2.5;0
Saint-Affrique;43.96;2.88;30/07/2026;20:00;16.4;0;SOLEIL;5;1.1;0
Saint-Affrique;43.96;2.88;30/07/2026;21:00;15.3;0;SOLEIL;5;1.1;0
Saint-Affrique;43.96;2.88;30/07/2026;22:00;14.2;0;SOLEIL;5;1.8;0
Saint-Affrique;43.96;2.88;30/07/2026;23:00;13.1;0;SOLEIL;5;2.5;0
Saint-Affrique;43.96;2.88;31/07/2026;00:00;12;0;SOLEIL;5;0.0;0
Saint-Affrique;43.96;2.88;31/07/2026;01:00;12;0;SOLEIL;5;0.0;0
Saint-Affrique;43.96;2.88;31/07/2026;02:00;12;0;SOLEIL;5;0.0;0
Saint-Affrique;43.96;2.88;31/07/2026;03:00;12;0;SOLEIL;5;0.0;0
Saint-Affrique;43.96;2.88;31/07/2026;04:00;12;0;SOLEIL;5;0.0;0
Saint-Affrique;43.96;2.88;31/07/2026;05:00;12;0;SOLEIL;5;0.0;0
Saint-Affrique;43.96;2.88;31/07/2026;06:00;12;0;SOLEIL;5;0.0;0
Saint-Affrique;43.96;2.88;31/07/2026;07:00;13.1;0;SOLEIL;5;0.0;0
Saint-Affrique;43.96;2.88;31/07/2026;08:00;14.2;0;SOLEIL;5;0.0;0
Saint-Affrique;43.96;2.88;31/07/2026;09:00;15.3;0;SOLEIL;5;0.0;0
Saint-Affrique;43.96;2.88;31/07/2026;10:00;16.4;0;SOLEIL;5;0.0;0
Saint-Affrique;43.96;2.88;31/07/2026;11:00;17.6;0;SOLEIL;5;0.0;0
Saint-Affrique;43.96;2.88;31/07/2026;12:00;18.7;0;SOLEIL;5;0.0;0
Saint-Affrique;43.96;2.88;31/07/2026;13:00;19.8;0;SOLEIL;5;0.0;0
Saint-Affrique;43.96;2.88;31/07/2026;14:00;20.9;0;SOLEIL;5;0.0;0
Saint-Affrique;43.96;2.88;31/07/2026;15:00;22.0;0;SOLEIL;5;0.0;0
Saint-Affrique;43.96;2.88;31/07/2026;16:00;20.9;0;SOLEIL;5;0.0;0
Saint-Affrique;43.96;2.88;31/07/2026;17:00;19.8;0;SOLEIL;5;0.0;0
Saint-Affrique;43.96;2.88;31/07/2026;18:00;18.7;0;SOLEIL;5;0.0;0
Saint-Affrique;43.96;2.88;31/07/2026;19:00;17.6;0;SOLEIL;5;0.0;0
Saint-Affrique;43.96;2.88;31/07/2026;20:00;16.4;0;SOLEIL;5;0.0;0
Saint-Affrique;43.96;2.88;31/07/2026;21:00;15.3;0;SOLEIL;5;0.0;0
Saint-Affrique;43.96;2.88;31/07/2026;22:00;14.2;0;SOLEIL;5;0.0;0
Saint-Affrique;43.96;2.88;31/07/2026;23:00;13.1;0;SOLEIL;5;0.0;0
Alès;44.12;4.08;16/07/2026;00:00;23;0;SOLEIL;0;10.8;0
Alès;44.12;4.08;16/07/2026;01:00;23.4;0;SOLEIL;1;6.1;0
Alès;44.12;4.08;16/07/2026;02:00;22.6;0;SOLEIL;1;5.4;0
Alès;44.12;4.08;16/07/2026;03:00;21;0;SOLEIL;0;5.0;0
Alès;44.12;4.08;16/07/2026;04:00;21;0;SOLEIL;1;6.8;0
Alès;44.12;4.08;16/07/2026;05:00;21;0;SOLEIL;1;7.2;0
Alès;44.12;4.08;16/07/2026;06:00;22;0;SOLEIL;1;7.2;0
Alès;44.12;4.08;16/07/2026;07:00;25;0;SOLEIL;1;9.0;0
Alès;44.12;4.08;16/07/2026;08:00;28;5;SOLEIL VOILÉ;2;9.4;0
Alès;44.12;4.08;16/07/2026;09:00;30.1;2;NUAGEUX;3;15.5;0
Alès;44.12;4.08;16/07/2026;10:00;33.1;2;NUAGEUX;3;16.9;0
Alès;44.12;4.08;16/07/2026;11:00;32;2;NUAGEUX;3;34.9;0
Alès;44.12;4.08;16/07/2026;12:00;31.7;6;AVERSES;3;23.8;0.4
Alès;44.12;4.08;16/07/2026;13:00;33.7;6;AVERSES;3;37.4;0.2
Alès;44.12;4.08;16/07/2026;14:00;33.4;2;NUAGEUX;3;38.9;0
Alès;44.12;4.08;16/07/2026;15:00;33.5;5;SOLEIL VOILÉ;3;38.9;0
Alès;44.12;4.08;16/07/2026;16:00;32.5;5;SOLEIL VOILÉ;3;39.2;0
Alès;44.12;4.08;16/07/2026;17:00;32.2;5;SOLEIL VOILÉ;3;40.3;0
Alès;44.12;4.08;16/07/2026;18:00;30.4;0;SOLEIL;2;38.2;0
Alès;44.12;4.08;16/07/2026;19:00;26.6;0;SOLEIL;2;37.1;0
Alès;44.12;4.08;16/07/2026;20:00;25;0;SOLEIL;2;35.6;0
Alès;44.12;4.08;16/07/2026;21:00;23.9;0;SOLEIL;2;27.7;0
Alès;44.12;4.08;16/07/2026;22:00;24.5;0;SOLEIL;1;22.0;0
Alès;44.12;4.08;16/07/2026;23:00;23.4;0;SOLEIL;1;11.2;0
Alès;44.12;4.08;17/07/2026;00:00;22.6;0;SOLEIL;2;9.0;0
Alès;44.12;4.08;17/07/2026;01:00;22.6;0;SOLEIL;2;5.0;0
Alès;44.12;4.08;17/07/2026;02:00;18.6;0;SOLEIL;1;11.9;0
Alès;44.12;4.08;17/07/2026;03:00;18.6;0;SOLEIL;1;19.4;0
Alès;44.12;4.08;17/07/2026;04:00;18.6;0;SOLEIL;1;17.6;0
Alès;44.12;4.08;17/07/2026;05:00;19.5;0;SOLEIL;2;16.6;0
Alès;44.12;4.08;17/07/2026;06:00;19.5;0;SOLEIL;2;18.7;0
Alès;44.12;4.08;17/07/2026;07:00;19.5;0;SOLEIL;2;18.7;0
Alès;44.12;4.08;17/07/2026;08:00;25.1;0;SOLEIL;3;20.5;0
Alès;44.12;4.08;17/07/2026;09:00;25.1;0;SOLEIL;3;25.2;0
Alès;44.12;4.08;17/07/2026;10:00;25.1;0;SOLEIL;3;29.2;0
Alès;44.12;4.08;17/07/2026;11:00;30;0;SOLEIL;4;33.5;0
Alès;44.12;4.08;17/07/2026;12:00;30;0;SOLEIL;4;34.6;0
Alès;44.12;4.08;17/07/2026;13:00;30;0;SOLEIL;4;37.1;0
Alès;44.12;4.08;17/07/2026;14:00;31.7;0;SOLEIL;4;35.6;0
Alès;44.12;4.08;17/07/2026;15:00;31.7;0;SOLEIL;4;36.0;0
Alès;44.12;4.08;17/07/2026;16:00;31.7;0;SOLEIL;4;35.3;0
Alès;44.12;4.08;17/07/2026;17:00;29.2;0;SOLEIL;4;31.7;0
Alès;44.12;4.08;17/07/2026;18:00;29.2;0;SOLEIL;4;33.9;0
Alès;44.12;4.08;17/07/2026;19:00;29.2;0;SOLEIL;4;37.4;0
Alès;44.12;4.08;17/07/2026;20:00;23.2;0;SOLEIL;3;37.6;0
Alès;44.12;4.08;17/07/2026;21:00;23.2;0;SOLEIL;3;33.1;0
Alès;44.12;4.08;17/07/2026;22:00;23.2;0;SOLEIL;3;24.5;0
Alès;44.12;4.08;17/07/2026;23:00;20;0;SOLEIL;3;15.5;0
Alès;44.12;4.08;18/07/2026;00:00;20;0;SOLEIL;3;13.7;0
Alès;44.12;4.08;18/07/2026;01:00;20;0;SOLEIL;3;11.2;0
Alès;44.12;4.08;18/07/2026;02:00;17.5;0;SOLEIL;2;7.2;0
Alès;44.12;4.08;18/07/2026;03:00;17.5;0;SOLEIL;2;6.1;0
Alès;44.12;4.08;18/07/2026;04:00;17.5;0;SOLEIL;2;5.8;0
Alès;44.12;4.08;18/07/2026;05:00;18.1;0;SOLEIL;2;5.0;0
Alès;44.12;4.08;18/07/2026;06:00;18.1;0;SOLEIL;2;4.7;0
Alès;44.12;4.08;18/07/2026;07:00;18.1;0;SOLEIL;2;5.4;0
Alès;44.12;4.08;18/07/2026;08:00;26.1;0;SOLEIL;3;6.1;0
Alès;44.12;4.08;18/07/2026;09:00;26.1;0;SOLEIL;3;10.4;0
Alès;44.12;4.08;18/07/2026;10:00;26.1;0;SOLEIL;3;15.1;0
Alès;44.12;4.08;18/07/2026;11:00;30.6;0;SOLEIL;4;22.3;0
Alès;44.12;4.08;18/07/2026;12:00;30.6;0;SOLEIL;4;26.3;0
Alès;44.12;4.08;18/07/2026;13:00;30.6;0;SOLEIL;4;27.4;0
Alès;44.12;4.08;18/07/2026;14:00;32.4;0;SOLEIL;4;28.4;0
Alès;44.12;4.08;18/07/2026;15:00;32.4;0;SOLEIL;4;29.2;0
Alès;44.12;4.08;18/07/2026;16:00;32.4;0;SOLEIL;4;29.2;0
Alès;44.12;4.08;18/07/2026;17:00;30.6;0;SOLEIL;4;28.4;0
Alès;44.12;4.08;18/07/2026;18:00;30.6;0;SOLEIL;4;28.8;0
Alès;44.12;4.08;18/07/2026;19:00;30.6;0;SOLEIL;4;28.4;0
Alès;44.12;4.08;18/07/2026;20:00;23.9;0;SOLEIL;5;27.7;0
Alès;44.12;4.08;18/07/2026;21:00;22.0;0;SOLEIL;5;22.3;0
Alès;44.12;4.08;18/07/2026;22:00;20.2;0;SOLEIL;5;14.8;0
Alès;44.12;4.08;18/07/2026;23:00;19.4;0;SOLEIL;2;8.6;0
Alès;44.12;4.08;19/07/2026;00:00;19.4;0;SOLEIL;2;5.0;0
Alès;44.12;4.08;19/07/2026;01:00;19.4;0;SOLEIL;2;2.5;0
Alès;44.12;4.08;19/07/2026;02:00;15.7;0;SOLEIL;5;1.8;0
Alès;44.12;4.08;19/07/2026;03:00;15.7;0;SOLEIL;5;3.2;0
Alès;44.12;4.08;19/07/2026;04:00;15.7;0;SOLEIL;5;6.1;0
Alès;44.12;4.08;19/07/2026;05:00;17.7;0;SOLEIL;1;8.3;0
Alès;44.12;4.08;19/07/2026;06:00;17.7;0;SOLEIL;1;8.6;0
Alès;44.12;4.08;19/07/2026;07:00;17.7;0;SOLEIL;1;7.9;0
Alès;44.12;4.08;19/07/2026;08:00;19.7;0;SOLEIL;5;7.6;0
Alès;44.12;4.08;19/07/2026;09:00;21.7;0;SOLEIL;5;7.2;0
Alès;44.12;4.08;19/07/2026;10:00;23.7;0;SOLEIL;5;7.2;0
Alès;44.12;4.08;19/07/2026;11:00;31.7;0;SOLEIL;3;8.3;0
Alès;44.12;4.08;19/07/2026;12:00;31.7;0;SOLEIL;3;11.2;0
Alès;44.12;4.08;19/07/2026;13:00;31.7;0;SOLEIL;3;15.1;0
Alès;44.12;4.08;19/07/2026;14:00;31.6;0;SOLEIL;5;18.7;0
Alès;44.12;4.08;19/07/2026;15:00;33.6;0;SOLEIL;5;21.2;0
Alès;44.12;4.08;19/07/2026;16:00;31.6;0;SOLEIL;5;23.8;0
Alès;44.12;4.08;19/07/2026;17:00;30.7;0;SOLEIL;3;25.6;0
Alès;44.12;4.08;19/07/2026;18:00;30.7;0;SOLEIL;3;28.1;0
Alès;44.12;4.08;19/07/2026;19:00;30.7;0;SOLEIL;3;29.9;0
Alès;44.12;4.08;19/07/2026;20:00;23.7;0;SOLEIL;5;29.2;0
Alès;44.12;4.08;19/07/2026;21:00;21.7;0;SOLEIL;5;23.0;0
Alès;44.12;4.08;19/07/2026;22:00;19.7;0;SOLEIL;5;14.4;0
Alès;44.12;4.08;19/07/2026;23:00;19.5;0;SOLEIL;2;7.9;0
Alès;44.12;4.08;20/07/2026;00:00;19.5;0;SOLEIL;2;6.8;0
Alès;44.12;4.08;20/07/2026;01:00;19.5;0;SOLEIL;2;8.3;0
Alès;44.12;4.08;20/07/2026;02:00;15.7;0;SOLEIL;5;9.4;0
Alès;44.12;4.08;20/07/2026;03:00;15.7;0;SOLEIL;5;9.4;0
Alès;44.12;4.08;20/07/2026;04:00;15.7;0;SOLEIL;5;9.4;0
Alès;44.12;4.08;20/07/2026;05:00;17.6;0;SOLEIL;2;9.4;0
Alès;44.12;4.08;20/07/2026;06:00;17.6;0;SOLEIL;2;8.6;0
Alès;44.12;4.08;20/07/2026;07:00;17.6;0;SOLEIL;2;7.9;0
Alès;44.12;4.08;20/07/2026;08:00;19.8;0;SOLEIL;5;8.3;0
Alès;44.12;4.08;20/07/2026;09:00;21.8;0;SOLEIL;5;10.4;0
Alès;44.12;4.08;20/07/2026;10:00;23.9;0;SOLEIL;5;13.7;0
Alès;44.12;4.08;20/07/2026;11:00;31.1;0;SOLEIL;3;18.0;0
Alès;44.12;4.08;20/07/2026;12:00;31.1;0;SOLEIL;3;24.0;0
Alès;44.12;4.08;20/07/2026;13:00;31.1;0;SOLEIL;3;31.3;0
Alès;44.12;4.08;20/07/2026;14:00;32.1;0;SOLEIL;5;36.2;0
Alès;44.12;4.08;20/07/2026;15:00;34.1;0;SOLEIL;5;37.4;0
Alès;44.12;4.08;20/07/2026;16:00;32.1;0;SOLEIL;5;37.4;0
Alès;44.12;4.08;20/07/2026;17:00;30.9;0;SOLEIL;3;36.7;0
Alès;44.12;4.08;20/07/2026;18:00;30.9;0;SOLEIL;3;35.6;0
Alès;44.12;4.08;20/07/2026;19:00;30.9;0;SOLEIL;3;33.1;0
Alès;44.12;4.08;20/07/2026;20:00;23.9;0;SOLEIL;5;29.5;0
Alès;44.12;4.08;20/07/2026;21:00;21.8;0;SOLEIL;5;23.0;0
Alès;44.12;4.08;20/07/2026;22:00;19.8;0;SOLEIL;5;14.8;0
Alès;44.12;4.08;20/07/2026;23:00;18.9;0;SOLEIL;2;8.6;0
Alès;44.12;4.08;21/07/2026;00:00;18.9;0;SOLEIL;2;5.8;0
Alès;44.12;4.08;21/07/2026;01:00;18.9;0;SOLEIL;2;5.0;0
Alès;44.12;4.08;21/07/2026;02:00;15;0;SOLEIL;5;5.0;0
Alès;44.12;4.08;21/07/2026;03:00;15;0;SOLEIL;5;5.8;0
Alès;44.12;4.08;21/07/2026;04:00;15;0;SOLEIL;5;7.2;0
Alès;44.12;4.08;21/07/2026;05:00;16;0;SOLEIL;2;7.9;0
Alès;44.12;4.08;21/07/2026;06:00;16;0;SOLEIL;2;7.2;0
Alès;44.12;4.08;21/07/2026;07:00;16;0;SOLEIL;2;5.8;0
Alès;44.12;4.08;21/07/2026;08:00;19.2;0;SOLEIL;5;5.8;0
Alès;44.12;4.08;21/07/2026;09:00;21.3;0;SOLEIL;5;7.2;0
Alès;44.12;4.08;21/07/2026;10:00;23.4;0;SOLEIL;5;10.1;0
Alès;44.12;4.08;21/07/2026;11:00;30.4;0;SOLEIL;3;13.7;0
Alès;44.12;4.08;21/07/2026;12:00;30.4;0;SOLEIL;3;18.7;0
Alès;44.12;4.08;21/07/2026;13:00;30.4;0;SOLEIL;3;24.8;0
Alès;44.12;4.08;21/07/2026;14:00;31.8;0;SOLEIL;5;29.9;0
Alès;44.12;4.08;21/07/2026;15:00;33.9;0;SOLEIL;5;32.8;0
Alès;44.12;4.08;21/07/2026;16:00;31.8;0;SOLEIL;5;34.6;0
Alès;44.12;4.08;21/07/2026;17:00;31.6;0;SOLEIL;3;35.6;0
Alès;44.12;4.08;21/07/2026;18:00;31.6;0;SOLEIL;3;36.0;0
Alès;44.12;4.08;21/07/2026;19:00;31.6;0;SOLEIL;3;35.6;0
Alès;44.12;4.08;21/07/2026;20:00;23.4;0;SOLEIL;5;33.5;0
Alès;44.12;4.08;21/07/2026;21:00;21.3;0;SOLEIL;5;29.2;0
Alès;44.12;4.08;21/07/2026;22:00;19.2;0;SOLEIL;5;23.0;0
Alès;44.12;4.08;21/07/2026;23:00;18.9;0;SOLEIL;2;18.0;0
Alès;44.12;4.08;22/07/2026;00:00;18.9;0;SOLEIL;2;15.1;0
Alès;44.12;4.08;22/07/2026;01:00;18.9;0;SOLEIL;2;13.3;0
Alès;44.12;4.08;22/07/2026;02:00;15.1;0;SOLEIL;5;11.2;0
Alès;44.12;4.08;22/07/2026;03:00;15.1;0;SOLEIL;5;8.3;0
Alès;44.12;4.08;22/07/2026;04:00;15.1;0;SOLEIL;5;5.4;0
Alès;44.12;4.08;22/07/2026;05:00;17.1;0;SOLEIL;2;3.6;0
Alès;44.12;4.08;22/07/2026;06:00;17.1;0;SOLEIL;2;2.9;0
Alès;44.12;4.08;22/07/2026;07:00;17.1;0;SOLEIL;2;3.6;0
Alès;44.12;4.08;22/07/2026;08:00;19.3;0;SOLEIL;5;4.7;0
Alès;44.12;4.08;22/07/2026;09:00;21.5;0;SOLEIL;5;6.8;0
Alès;44.12;4.08;22/07/2026;10:00;23.6;0;SOLEIL;5;9.7;0
Alès;44.12;4.08;22/07/2026;11:00;31.6;0;SOLEIL;3;13.3;0
Alès;44.12;4.08;22/07/2026;12:00;31.6;0;SOLEIL;3;18.4;0
Alès;44.12;4.08;22/07/2026;13:00;31.6;0;SOLEIL;3;23.8;0
Alès;44.12;4.08;22/07/2026;14:00;32.1;0;SOLEIL;5;28.1;0
Alès;44.12;4.08;22/07/2026;15:00;34.2;0;SOLEIL;5;30.2;0
Alès;44.12;4.08;22/07/2026;16:00;32.1;0;SOLEIL;5;31.3;0
Alès;44.12;4.08;22/07/2026;17:00;31.5;0;SOLEIL;4;32.0;0
Alès;44.12;4.08;22/07/2026;18:00;31.5;0;SOLEIL;4;33.1;0
Alès;44.12;4.08;22/07/2026;19:00;31.5;0;SOLEIL;4;34.2;0
Alès;44.12;4.08;22/07/2026;20:00;23.6;0;SOLEIL;5;33.5;0
Alès;44.12;4.08;22/07/2026;21:00;21.5;0;SOLEIL;5;30.2;0
Alès;44.12;4.08;22/07/2026;22:00;19.3;0;SOLEIL;5;25.6;0
Alès;44.12;4.08;22/07/2026;23:00;18.9;0;SOLEIL;2;21.2;0
Alès;44.12;4.08;23/07/2026;00:00;18.9;0;SOLEIL;2;24.5;0
Alès;44.12;4.08;23/07/2026;01:00;18.9;0;SOLEIL;2;29.0;0
Alès;44.12;4.08;23/07/2026;02:00;15.4;0;SOLEIL;5;34.0;0
Alès;44.12;4.08;23/07/2026;03:00;15.4;0;SOLEIL;5;37.4;0
Alès;44.12;4.08;23/07/2026;04:00;15.4;0;SOLEIL;5;32.0;0
Alès;44.12;4.08;23/07/2026;05:00;17.6;0;SOLEIL;2;25.9;0
Alès;44.12;4.08;23/07/2026;06:00;17.6;0;SOLEIL;2;20.2;0
Alès;44.12;4.08;23/07/2026;07:00;17.6;0;SOLEIL;2;15.8;0
Alès;44.12;4.08;23/07/2026;08:00;19.7;0;SOLEIL;5;14.4;0
Alès;44.12;4.08;23/07/2026;09:00;21.9;0;SOLEIL;5;16.2;0
Alès;44.12;4.08;23/07/2026;10:00;24.1;0;SOLEIL;5;20.9;0
Alès;44.12;4.08;23/07/2026;11:00;32.4;0;SOLEIL;5;27.0;0
Alès;44.12;4.08;23/07/2026;12:00;32.4;0;SOLEIL;5;33.5;0
Alès;44.12;4.08;23/07/2026;13:00;32.4;0;SOLEIL;5;38.9;0
Alès;44.12;4.08;23/07/2026;14:00;32.7;0;SOLEIL;5;42.8;0
Alès;44.12;4.08;23/07/2026;15:00;34.9;0;SOLEIL;5;44.6;0
Alès;44.12;4.08;23/07/2026;16:00;32.7;0;SOLEIL;5;45.4;0
Alès;44.12;4.08;23/07/2026;17:00;31.6;0;SOLEIL;4;45.4;0
Alès;44.12;4.08;23/07/2026;18:00;31.6;0;SOLEIL;4;45.0;0
Alès;44.12;4.08;23/07/2026;19:00;31.6;0;SOLEIL;4;44.3;0
Alès;44.12;4.08;23/07/2026;20:00;24.1;0;SOLEIL;5;43.9;0
Alès;44.12;4.08;23/07/2026;21:00;21.9;0;SOLEIL;5;43.6;0
Alès;44.12;4.08;23/07/2026;22:00;19.7;0;SOLEIL;5;43.2;0
Alès;44.12;4.08;23/07/2026;23:00;19.9;0;SOLEIL;1;42.8;0
Alès;44.12;4.08;24/07/2026;00:00;19.9;0;SOLEIL;1;42.1;0
Alès;44.12;4.08;24/07/2026;01:00;19.9;0;SOLEIL;1;40.7;0
Alès;44.12;4.08;24/07/2026;02:00;16.6;0;SOLEIL;5;38.2;0
Alès;44.12;4.08;24/07/2026;03:00;16.6;0;SOLEIL;5;34.2;0
Alès;44.12;4.08;24/07/2026;04:00;16.6;0;SOLEIL;5;28.4;0
Alès;44.12;4.08;24/07/2026;05:00;18.4;0;SOLEIL;2;22.3;0
Alès;44.12;4.08;24/07/2026;06:00;18.4;0;SOLEIL;2;16.2;0
Alès;44.12;4.08;24/07/2026;07:00;18.4;0;SOLEIL;2;11.9;0
Alès;44.12;4.08;24/07/2026;08:00;20.4;0;SOLEIL;5;9.7;0
Alès;44.12;4.08;24/07/2026;09:00;22.3;0;SOLEIL;5;10.8;0
Alès;44.12;4.08;24/07/2026;10:00;24.2;0;SOLEIL;5;14.4;0
Alès;44.12;4.08;24/07/2026;11:00;31.1;0;SOLEIL;4;19.1;0
Alès;44.12;4.08;24/07/2026;12:00;31.1;0;SOLEIL;4;24.5;0
Alès;44.12;4.08;24/07/2026;13:00;31.1;0;SOLEIL;4;29.2;0
Alès;44.12;4.08;24/07/2026;14:00;31.7;0;SOLEIL;5;32.8;0
Alès;44.12;4.08;24/07/2026;15:00;33.6;0;SOLEIL;5;34.9;0
Alès;44.12;4.08;24/07/2026;16:00;31.7;0;SOLEIL;5;36.7;0
Alès;44.12;4.08;24/07/2026;17:00;31;0;SOLEIL;5;37.8;0
Alès;44.12;4.08;24/07/2026;18:00;31;0;SOLEIL;5;38.5;0
Alès;44.12;4.08;24/07/2026;19:00;31;0;SOLEIL;5;38.5;0
Alès;44.12;4.08;24/07/2026;20:00;24.2;0;SOLEIL;5;38.5;0
Alès;44.12;4.08;24/07/2026;21:00;22.3;0;SOLEIL;5;37.8;0
Alès;44.12;4.08;24/07/2026;22:00;20.4;0;SOLEIL;5;36.7;0
Alès;44.12;4.08;24/07/2026;23:00;19.9;0;SOLEIL;2;34.9;0
Alès;44.12;4.08;25/07/2026;00:00;19.9;0;SOLEIL;2;33.1;0
Alès;44.12;4.08;25/07/2026;01:00;19.9;0;SOLEIL;2;31.0;0
Alès;44.12;4.08;25/07/2026;02:00;16.7;0;SOLEIL;5;28.4;0
Alès;44.12;4.08;25/07/2026;03:00;16.7;0;SOLEIL;5;25.2;0
Alès;44.12;4.08;25/07/2026;04:00;16.7;0;SOLEIL;5;21.2;0
Alès;44.12;4.08;25/07/2026;05:00;;0;SOLEIL;;16.9;0
Alès;44.12;4.08;25/07/2026;06:00;;0;SOLEIL;;13.3;0
Alès;44.12;4.08;25/07/2026;07:00;;0;SOLEIL;;10.4;0
Alès;44.12;4.08;25/07/2026;08:00;20.2;0;SOLEIL;5;9.7;0
Alès;44.12;4.08;25/07/2026;09:00;22.0;0;SOLEIL;5;11.2;0
Alès;44.12;4.08;25/07/2026;10:00;23.7;0;SOLEIL;5;14.8;0
Alès;44.12;4.08;25/07/2026;11:00;;0;SOLEIL;;19.4;0
Alès;44.12;4.08;25/07/2026;12:00;;0;SOLEIL;;24.1;0
Alès;44.12;4.08;25/07/2026;13:00;;0;SOLEIL;;28.4;0
Alès;44.12;4.08;25/07/2026;14:00;30.7;0;SOLEIL;5;31.7;0
Alès;44.12;4.08;25/07/2026;15:00;32.5;0;SOLEIL;5;33.5;0
Alès;44.12;4.08;25/07/2026;16:00;30.7;0;SOLEIL;5;34.6;0
Alès;44.12;4.08;25/07/2026;17:00;;0;SOLEIL;;34.9;0
Alès;44.12;4.08;25/07/2026;18:00;;0;SOLEIL;;35.3;0
Alès;44.12;4.08;25/07/2026;19:00;;0;SOLEIL;;35.3;0
Alès;44.12;4.08;25/07/2026;20:00;23.7;0;SOLEIL;5;35.3;0
Alès;44.12;4.08;25/07/2026;21:00;22.0;0;SOLEIL;5;35.6;0
Alès;44.12;4.08;25/07/2026;22:00;20.2;0;SOLEIL;5;36.0;0
Alès;44.12;4.08;25/07/2026;23:00;;0;SOLEIL;;36.0;0
Alès;44.12;4.08;26/07/2026;00:00;;0;SOLEIL;;35.6;0
Alès;44.12;4.08;26/07/2026;01:00;;0;SOLEIL;;34.9;0
Alès;44.12;4.08;26/07/2026;02:00;15.9;0;SOLEIL;5;33.5;0
Alès;44.12;4.08;26/07/2026;03:00;15.9;0;SOLEIL;5;30.6;0
Alès;44.12;4.08;26/07/2026;04:00;15.9;0;SOLEIL;5;25.9;0
Alès;44.12;4.08;26/07/2026;05:00;;0;SOLEIL;;21.2;0
Alès;44.12;4.08;26/07/2026;06:00;;0;SOLEIL;;16.2;0
Alès;44.12;4.08;26/07/2026;07:00;;0;SOLEIL;;13.0;0
Alès;44.12;4.08;26/07/2026;08:00;18.9;0;SOLEIL;5;11.2;0
Alès;44.12;4.08;26/07/2026;09:00;20.4;0;SOLEIL;5;11.9;0
Alès;44.12;4.08;26/07/2026;10:00;21.9;0;SOLEIL;5;14.8;0
Alès;44.12;4.08;26/07/2026;11:00;;0;SOLEIL;;18.7;0
Alès;44.12;4.08;26/07/2026;12:00;;0;SOLEIL;;23.0;0
Alès;44.12;4.08;26/07/2026;13:00;;0;SOLEIL;;26.6;0
Alès;44.12;4.08;26/07/2026;14:00;27.9;0;SOLEIL;5;29.2;0
Alès;44.12;4.08;26/07/2026;15:00;29.4;0;SOLEIL;5;30.2;0
Alès;44.12;4.08;26/07/2026;16:00;27.9;0;SOLEIL;5;30.6;0
Alès;44.12;4.08;26/07/2026;17:00;;0;SOLEIL;;30.6;0
Alès;44.12;4.08;26/07/2026;18:00;;0;SOLEIL;;29.9;0
Alès;44.12;4.08;26/07/2026;19:00;;0;SOLEIL;;29.5;0
Alès;44.12;4.08;26/07/2026;20:00;21.9;0;SOLEIL;5;28.8;0
Alès;44.12;4.08;26/07/2026;21:00;20.4;0;SOLEIL;5;28.1;0
Alès;44.12;4.08;26/07/2026;22:00;18.9;0;SOLEIL;5;27.4;0
Alès;44.12;4.08;26/07/2026;23:00;;0;SOLEIL;;26.3;0
Alès;44.12;4.08;27/07/2026;00:00;;0;SOLEIL;;24.8;0
Alès;44.12;4.08;27/07/2026;01:00;;0;SOLEIL;;23.8;0
Alès;44.12;4.08;27/07/2026;02:00;15.7;0;SOLEIL;5;22.3;0
Alès;44.12;4.08;27/07/2026;03:00;15.7;0;SOLEIL;5;20.5;0
Alès;44.12;4.08;27/07/2026;04:00;15.7;0;SOLEIL;5;18.4;0
Alès;44.12;4.08;27/07/2026;05:00;;0;SOLEIL;;16.2;0
Alès;44.12;4.08;27/07/2026;06:00;;0;SOLEIL;;14.0;0
Alès;44.12;4.08;27/07/2026;07:00;;0;SOLEIL;;13.0;0
Alès;44.12;4.08;27/07/2026;08:00;18.3;0;SOLEIL;5;13.3;0
Alès;44.12;4.08;27/07/2026;09:00;19.6;0;SOLEIL;5;15.5;0
Alès;44.12;4.08;27/07/2026;10:00;20.9;0;SOLEIL;5;19.1;0
Alès;44.12;4.08;27/07/2026;11:00;;0;SOLEIL;;23.4;0
Alès;44.12;4.08;27/07/2026;12:00;;0;SOLEIL;;28.1;0
Alès;44.12;4.08;27/07/2026;13:00;;0;SOLEIL;;32.0;0
Alès;44.12;4.08;27/07/2026;14:00;26.2;0;SOLEIL;5;34.9;0
Alès;44.12;4.08;27/07/2026;15:00;27.5;0;SOLEIL;5;36.7;0
Alès;44.12;4.08;27/07/2026;16:00;26.2;0;SOLEIL;5;37.8;0
Alès;44.12;4.08;27/07/2026;17:00;;0;SOLEIL;;38.2;0
Alès;44.12;4.08;27/07/2026;18:00;;0;SOLEIL;;38.5;0
Alès;44.12;4.08;27/07/2026;19:00;;0;SOLEIL;;38.5;0
Alès;44.12;4.08;27/07/2026;20:00;20.9;0;SOLEIL;5;38.5;0
Alès;44.12;4.08;27/07/2026;21:00;19.6;0;SOLEIL;5;38.9;0
Alès;44.12;4.08;27/07/2026;22:00;18.3;0;SOLEIL;5;38.9;0
Alès;44.12;4.08;27/07/2026;23:00;;0;SOLEIL;;38.9;0
Alès;44.12;4.08;28/07/2026;00:00;;0;SOLEIL;;38.9;0
Alès;44.12;4.08;28/07/2026;01:00;;0;SOLEIL;;37.8;0
Alès;44.12;4.08;28/07/2026;02:00;15.1;0;SOLEIL;5;36.0;0
Alès;44.12;4.08;28/07/2026;03:00;15.1;0;SOLEIL;5;32.8;0
Alès;44.12;4.08;28/07/2026;04:00;15.1;0;SOLEIL;5;28.1;0
Alès;44.12;4.08;28/07/2026;05:00;;0;SOLEIL;;22.7;0
Alès;44.12;4.08;28/07/2026;06:00;;0;SOLEIL;;17.6;0
Alès;44.12;4.08;28/07/2026;07:00;;0;SOLEIL;;13.7;0
Alès;44.12;4.08;28/07/2026;08:00;18.1;0;SOLEIL;5;11.2;0
Alès;44.12;4.08;28/07/2026;09:00;19.5;0;SOLEIL;5;10.8;0
Alès;44.12;4.08;28/07/2026;10:00;21.0;0;SOLEIL;5;11.5;0
Alès;44.12;4.08;28/07/2026;11:00;;0;SOLEIL;;13.7;0
Alès;44.12;4.08;28/07/2026;12:00;;0;SOLEIL;;16.2;0
Alès;44.12;4.08;28/07/2026;13:00;;0;SOLEIL;;18.4;0
Alès;44.12;4.08;28/07/2026;14:00;26.9;0;SOLEIL;5;20.5;0
Alès;44.12;4.08;28/07/2026;15:00;28.4;0;SOLEIL;5;22.3;0
Alès;44.12;4.08;28/07/2026;16:00;26.9;0;SOLEIL;5;24.5;0
Alès;44.12;4.08;28/07/2026;17:00;;0;SOLEIL;;26.6;0
Alès;44.12;4.08;28/07/2026;18:00;;0;SOLEIL;;28.8;0
Alès;44.12;4.08;28/07/2026;19:00;;0;SOLEIL;;30.2;0
Alès;44.12;4.08;28/07/2026;20:00;21.0;0;SOLEIL;5;31.3;0
Alès;44.12;4.08;28/07/2026;21:00;19.5;0;SOLEIL;5;31.7;0
Alès;44.12;4.08;28/07/2026;22:00;18.1;0;SOLEIL;5;31.7;0
Alès;44.12;4.08;28/07/2026;23:00;;0;SOLEIL;;31.3;0
Alès;44.12;4.08;29/07/2026;00:00;;0;SOLEIL;;31.0;0
Alès;44.12;4.08;29/07/2026;01:00;;0;SOLEIL;;29.9;0
Alès;44.12;4.08;29/07/2026;02:00;14.5;0;SOLEIL;5;29.2;0
Alès;44.12;4.08;29/07/2026;03:00;14.5;0;SOLEIL;5;28.1;0
Alès;44.12;4.08;29/07/2026;04:00;14.5;0;SOLEIL;5;26.3;0
Alès;44.12;4.08;29/07/2026;05:00;;0;SOLEIL;;24.5;0
Alès;44.12;4.08;29/07/2026;06:00;;0;SOLEIL;;22.7;0
Alès;44.12;4.08;29/07/2026;07:00;;0;SOLEIL;;21.6;0
Alès;44.12;4.08;29/07/2026;08:00;17.8;0;SOLEIL;5;21.2;0
Alès;44.12;4.08;29/07/2026;09:00;19.5;0;SOLEIL;5;22.3;0
Alès;44.12;4.08;29/07/2026;10:00;21.1;0;SOLEIL;5;24.1;0
Alès;44.12;4.08;29/07/2026;11:00;;0;SOLEIL;;26.6;0
Alès;44.12;4.08;29/07/2026;12:00;;0;SOLEIL;;29.5;0
Alès;44.12;4.08;29/07/2026;13:00;;0;SOLEIL;;31.7;0
Alès;44.12;4.08;29/07/2026;14:00;27.7;0;SOLEIL;5;32.8;0
Alès;44.12;4.08;29/07/2026;15:00;29.4;0;SOLEIL;5;33.1;0
Alès;44.12;4.08;29/07/2026;16:00;27.7;0;SOLEIL;5;32.8;0
Alès;44.12;4.08;29/07/2026;17:00;;0;SOLEIL;;32.4;0
Alès;44.12;4.08;29/07/2026;18:00;;0;SOLEIL;;31.3;0
Alès;44.12;4.08;29/07/2026;19:00;;0;SOLEIL;;30.2;0
Alès;44.12;4.08;29/07/2026;20:00;21.1;0;SOLEIL;5;28.8;0
Alès;44.12;4.08;29/07/2026;21:00;19.5;0;SOLEIL;5;27.4;0
Alès;44.12;4.08;29/07/2026;22:00;17.8;0;SOLEIL;5;25.2;0
Alès;44.12;4.08;29/07/2026;23:00;16.2;0;SOLEIL;5;23.0;0
Alès;44.12;4.08;30/07/2026;00:00;12;0;SOLEIL;5;20.9;0
Alès;44.12;4.08;30/07/2026;01:00;12;0;SOLEIL;5;18.7;0
Alès;44.12;4.08;30/07/2026;02:00;12;0;SOLEIL;5;17.3;0
Alès;44.12;4.08;30/07/2026;03:00;12;0;SOLEIL;5;15.8;0
Alès;44.12;4.08;30/07/2026;04:00;12;0;SOLEIL;5;14.8;0
Alès;44.12;4.08;30/07/2026;05:00;12;0;SOLEIL;5;13.7;0
Alès;44.12;4.08;30/07/2026;06:00;12;0;SOLEIL;5;13.3;0
Alès;44.12;4.08;30/07/2026;07:00;13.1;0;SOLEIL;5;13.0;0
Alès;44.12;4.08;30/07/2026;08:00;14.2;0;SOLEIL;5;13.7;0
Alès;44.12;4.08;30/07/2026;09:00;15.3;0;SOLEIL;5;15.1;0
Alès;44.12;4.08;30/07/2026;10:00;16.4;0;SOLEIL;5;18.0;0
Alès;44.12;4.08;30/07/2026;11:00;17.6;0;SOLEIL;5;20.9;0
Alès;44.12;4.08;30/07/2026;12:00;18.7;0;SOLEIL;5;19.3;0
Alès;44.12;4.08;30/07/2026;13:00;19.8;0;SOLEIL;5;17.3;0
Alès;44.12;4.08;30/07/2026;14:00;20.9;0;SOLEIL;5;14.2;0
Alès;44.12;4.08;30/07/2026;15:00;22.0;0;SOLEIL;5;9.0;0
Alès;44.12;4.08;30/07/2026;16:00;20.9;0;SOLEIL;5;7.9;0
Alès;44.12;4.08;30/07/2026;17:00;19.8;0;SOLEIL;5;6.5;0
Alès;44.12;4.08;30/07/2026;18:00;18.7;0;SOLEIL;5;5.0;0
Alès;44.12;4.08;30/07/2026;19:00;17.6;0;SOLEIL;5;3.6;0
Alès;44.12;4.08;30/07/2026;20:00;16.4;0;SOLEIL;5;2.9;0
Alès;44.12;4.08;30/07/2026;21:00;15.3;0;SOLEIL;5;3.2;0
Alès;44.12;4.08;30/07/2026;22:00;14.2;0;SOLEIL;5;4.0;0
Alès;44.12;4.08;30/07/2026;23:00;13.1;0;SOLEIL;5;4.7;0
Alès;44.12;4.08;31/07/2026;00:00;12;0;SOLEIL;5;0.0;0
Alès;44.12;4.08;31/07/2026;01:00;12;0;SOLEIL;5;0.0;0
Alès;44.12;4.08;31/07/2026;02:00;12;0;SOLEIL;5;0.0;0
Alès;44.12;4.08;31/07/2026;03:00;12;0;SOLEIL;5;0.0;0
Alès;44.12;4.08;31/07/2026;04:00;12;0;SOLEIL;5;0.0;0
Alès;44.12;4.08;31/07/2026;05:00;12;0;SOLEIL;5;0.0;0
Alès;44.12;4.08;31/07/2026;06:00;12;0;SOLEIL;5;0.0;0
Alès;44.12;4.08;31/07/2026;07:00;13.1;0;SOLEIL;5;0.0;0
Alès;44.12;4.08;31/07/2026;08:00;14.2;0;SOLEIL;5;0.0;0
Alès;44.12;4.08;31/07/2026;09:00;15.3;0;SOLEIL;5;0.0;0
Alès;44.12;4.08;31/07/2026;10:00;16.4;0;SOLEIL;5;0.0;0
Alès;44.12;4.08;31/07/2026;11:00;17.6;0;SOLEIL;5;0.0;0
Alès;44.12;4.08;31/07/2026;12:00;18.7;0;SOLEIL;5;0.0;0
Alès;44.12;4.08;31/07/2026;13:00;19.8;0;SOLEIL;5;0.0;0
Alès;44.12;4.08;31/07/2026;14:00;20.9;0;SOLEIL;5;0.0;0
Alès;44.12;4.08;31/07/2026;15:00;22.0;0;SOLEIL;5;0.0;0
Alès;44.12;4.08;31/07/2026;16:00;20.9;0;SOLEIL;5;0.0;0
Alès;44.12;4.08;31/07/2026;17:00;19.8;0;SOLEIL;5;0.0;0
Alès;44.12;4.08;31/07/2026;18:00;18.7;0;SOLEIL;5;0.0;0
Alès;44.12;4.08;31/07/2026;19:00;17.6;0;SOLEIL;5;0.0;0
Alès;44.12;4.08;31/07/2026;20:00;16.4;0;SOLEIL;5;0.0;0
Alès;44.12;4.08;31/07/2026;21:00;15.3;0;SOLEIL;5;0.0;0
Alès;44.12;4.08;31/07/2026;22:00;14.2;0;SOLEIL;5;0.0;0
Alès;44.12;4.08;31/07/2026;23:00;13.1;0;SOLEIL;5;0.0;0
Nîmes;43.83;4.36;16/07/2026;00:00;23.7;0;SOLEIL;2;5.4;0
Nîmes;43.83;4.36;16/07/2026;01:00;23.7;0;SOLEIL;0;2.9;0
Nîmes;43.83;4.36;16/07/2026;02:00;22.9;0;SOLEIL;2;3.6;0
Nîmes;43.83;4.36;16/07/2026;03:00;22.6;0;SOLEIL;1;5.8;0
Nîmes;43.83;4.36;16/07/2026;04:00;22.1;0;SOLEIL;2;5.4;0
Nîmes;43.83;4.36;16/07/2026;05:00;22.5;0;SOLEIL;1;6.1;0
Nîmes;43.83;4.36;16/07/2026;06:00;25.1;0;SOLEIL;1;6.5;0
Nîmes;43.83;4.36;16/07/2026;07:00;27.5;0;SOLEIL;1;6.8;0
Nîmes;43.83;4.36;16/07/2026;08:00;29.4;0;SOLEIL;2;6.5;0
Nîmes;43.83;4.36;16/07/2026;09:00;31.6;5;SOLEIL VOILÉ;2;6.1;0
Nîmes;43.83;4.36;16/07/2026;10:00;33.6;5;SOLEIL VOILÉ;2;16.9;0
Nîmes;43.83;4.36;16/07/2026;11:00;35.1;2;NUAGEUX;3;32.0;0
Nîmes;43.83;4.36;16/07/2026;12:00;33.5;2;NUAGEUX;3;32.4;0
Nîmes;43.83;4.36;16/07/2026;13:00;33;2;NUAGEUX;4;28.4;0
Nîmes;43.83;4.36;16/07/2026;14:00;33.6;2;NUAGEUX;4;23.0;0
Nîmes;43.83;4.36;16/07/2026;15:00;34.4;10;ORAGEUX;5;24.8;0.2
Nîmes;43.83;4.36;16/07/2026;16:00;33.6;5;SOLEIL VOILÉ;5;34.9;0
Nîmes;43.83;4.36;16/07/2026;17:00;32.9;5;SOLEIL VOILÉ;4;37.1;0
Nîmes;43.83;4.36;16/07/2026;18:00;31.6;5;SOLEIL VOILÉ;4;39.6;0
Nîmes;43.83;4.36;16/07/2026;19:00;29.1;5;SOLEIL VOILÉ;3;42.1;0
Nîmes;43.83;4.36;16/07/2026;20:00;26.5;0;SOLEIL;2;39.2;0
Nîmes;43.83;4.36;16/07/2026;21:00;26;0;SOLEIL;2;32.0;0
Nîmes;43.83;4.36;16/07/2026;22:00;25.2;0;SOLEIL;2;25.2;0
Nîmes;43.83;4.36;16/07/2026;23:00;24.4;0;SOLEIL;2;22.0;0
Nîmes;43.83;4.36;17/07/2026;00:00;23.4;0;SOLEIL;0;14.0;0
Nîmes;43.83;4.36;17/07/2026;01:00;23.4;0;SOLEIL;0;9.0;0
Nîmes;43.83;4.36;17/07/2026;02:00;21.7;0;SOLEIL;2;3.6;0
Nîmes;43.83;4.36;17/07/2026;03:00;21.7;0;SOLEIL;2;5.4;0
Nîmes;43.83;4.36;17/07/2026;04:00;21.7;0;SOLEIL;2;5.8;0
Nîmes;43.83;4.36;17/07/2026;05:00;23.2;0;SOLEIL;1;4.7;0
Nîmes;43.83;4.36;17/07/2026;06:00;23.2;0;SOLEIL;1;6.1;0
Nîmes;43.83;4.36;17/07/2026;07:00;23.2;0;SOLEIL;1;7.2;0
Nîmes;43.83;4.36;17/07/2026;08:00;31.6;0;SOLEIL;1;5.4;0
Nîmes;43.83;4.36;17/07/2026;09:00;31.6;0;SOLEIL;1;7.6;0
Nîmes;43.83;4.36;17/07/2026;10:00;31.6;0;SOLEIL;1;11.2;0
Nîmes;43.83;4.36;17/07/2026;11:00;36.6;0;SOLEIL;3;17.3;0
Nîmes;43.83;4.36;17/07/2026;12:00;36.6;0;SOLEIL;3;19.8;0
Nîmes;43.83;4.36;17/07/2026;13:00;36.6;0;SOLEIL;3;20.9;0
Nîmes;43.83;4.36;17/07/2026;14:00;38;0;SOLEIL;4;24.8;0
Nîmes;43.83;4.36;17/07/2026;15:00;38;0;SOLEIL;4;22.3;0
Nîmes;43.83;4.36;17/07/2026;16:00;38;0;SOLEIL;4;25.6;0
Nîmes;43.83;4.36;17/07/2026;17:00;32.6;10;ORAGEUX;4;25.6;0
Nîmes;43.83;4.36;17/07/2026;18:00;32.6;10;ORAGEUX;4;22.0;0
Nîmes;43.83;4.36;17/07/2026;19:00;32.6;10;ORAGEUX;4;24.8;0
Nîmes;43.83;4.36;17/07/2026;20:00;26.1;10;ORAGEUX;4;24.9;0
Nîmes;43.83;4.36;17/07/2026;21:00;26.1;10;ORAGEUX;4;19.4;0
Nîmes;43.83;4.36;17/07/2026;22:00;26.1;10;ORAGEUX;4;20.5;0
Nîmes;43.83;4.36;17/07/2026;23:00;25;0;SOLEIL;2;12.6;0
Nîmes;43.83;4.36;18/07/2026;00:00;25;0;SOLEIL;2;7.9;0
Nîmes;43.83;4.36;18/07/2026;01:00;25;0;SOLEIL;2;7.9;0
Nîmes;43.83;4.36;18/07/2026;02:00;22.7;0;SOLEIL;2;10.4;0
Nîmes;43.83;4.36;18/07/2026;03:00;22.7;0;SOLEIL;2;10.4;0
Nîmes;43.83;4.36;18/07/2026;04:00;22.7;0;SOLEIL;2;9.7;0
Nîmes;43.83;4.36;18/07/2026;05:00;25;0;SOLEIL;2;9.7;0
Nîmes;43.83;4.36;18/07/2026;06:00;25;0;SOLEIL;2;9.7;0
Nîmes;43.83;4.36;18/07/2026;07:00;25;0;SOLEIL;2;9.7;0
Nîmes;43.83;4.36;18/07/2026;08:00;30.6;0;SOLEIL;3;9.7;0
Nîmes;43.83;4.36;18/07/2026;09:00;30.6;0;SOLEIL;3;10.4;0
Nîmes;43.83;4.36;18/07/2026;10:00;30.6;0;SOLEIL;3;17.6;0
Nîmes;43.83;4.36;18/07/2026;11:00;35.2;0;SOLEIL;2;19.4;0
Nîmes;43.83;4.36;18/07/2026;12:00;35.2;0;SOLEIL;2;21.2;0
Nîmes;43.83;4.36;18/07/2026;13:00;35.2;0;SOLEIL;2;24.8;0
Nîmes;43.83;4.36;18/07/2026;14:00;35.6;0;SOLEIL;3;28.1;0
Nîmes;43.83;4.36;18/07/2026;15:00;35.6;0;SOLEIL;3;24.8;0
Nîmes;43.83;4.36;18/07/2026;16:00;35.6;0;SOLEIL;3;20.5;0
Nîmes;43.83;4.36;18/07/2026;17:00;31.9;0;SOLEIL;4;18.4;0
Nîmes;43.83;4.36;18/07/2026;18:00;31.9;0;SOLEIL;4;25.2;0
Nîmes;43.83;4.36;18/07/2026;19:00;31.9;0;SOLEIL;4;34.2;0
Nîmes;43.83;4.36;18/07/2026;20:00;28.4;0;SOLEIL;5;33.8;0
Nîmes;43.83;4.36;18/07/2026;21:00;26.7;0;SOLEIL;5;31.3;0
Nîmes;43.83;4.36;18/07/2026;22:00;25.0;0;SOLEIL;5;25.9;0
Nîmes;43.83;4.36;18/07/2026;23:00;23.6;0;SOLEIL;3;20.9;0
Nîmes;43.83;4.36;19/07/2026;00:00;23.6;0;SOLEIL;3;17.6;0
Nîmes;43.83;4.36;19/07/2026;01:00;23.6;0;SOLEIL;3;14.8;0
Nîmes;43.83;4.36;19/07/2026;02:00;20.1;0;SOLEIL;5;12.6;0
Nîmes;43.83;4.36;19/07/2026;03:00;20.1;0;SOLEIL;5;10.8;0
Nîmes;43.83;4.36;19/07/2026;04:00;20.1;0;SOLEIL;5;9.4;0
Nîmes;43.83;4.36;19/07/2026;05:00;23.4;0;SOLEIL;2;8.6;0
Nîmes;43.83;4.36;19/07/2026;06:00;23.4;0;SOLEIL;2;7.9;0
Nîmes;43.83;4.36;19/07/2026;07:00;23.4;0;SOLEIL;2;7.2;0
Nîmes;43.83;4.36;19/07/2026;08:00;23.8;0;SOLEIL;5;8.6;0
Nîmes;43.83;4.36;19/07/2026;09:00;25.7;0;SOLEIL;5;13.3;0
Nîmes;43.83;4.36;19/07/2026;10:00;27.6;0;SOLEIL;5;19.8;0
Nîmes;43.83;4.36;19/07/2026;11:00;34.6;0;SOLEIL;3;24.1;0
Nîmes;43.83;4.36;19/07/2026;12:00;34.6;0;SOLEIL;3;23.8;0
Nîmes;43.83;4.36;19/07/2026;13:00;34.6;0;SOLEIL;3;21.6;0
Nîmes;43.83;4.36;19/07/2026;14:00;35.0;0;SOLEIL;5;20.9;0
Nîmes;43.83;4.36;19/07/2026;15:00;36.9;0;SOLEIL;5;23.8;0
Nîmes;43.83;4.36;19/07/2026;16:00;35.0;0;SOLEIL;5;28.1;0
Nîmes;43.83;4.36;19/07/2026;17:00;31.6;0;SOLEIL;4;31.3;0
Nîmes;43.83;4.36;19/07/2026;18:00;31.6;0;SOLEIL;4;32.4;0
Nîmes;43.83;4.36;19/07/2026;19:00;31.6;0;SOLEIL;4;32.4;0
Nîmes;43.83;4.36;19/07/2026;20:00;27.6;0;SOLEIL;5;31.7;0
Nîmes;43.83;4.36;19/07/2026;21:00;25.7;0;SOLEIL;5;29.9;0
Nîmes;43.83;4.36;19/07/2026;22:00;23.8;0;SOLEIL;5;27.0;0
Nîmes;43.83;4.36;19/07/2026;23:00;23.6;0;SOLEIL;0;24.1;0
Nîmes;43.83;4.36;20/07/2026;00:00;23.6;0;SOLEIL;0;21.6;0
Nîmes;43.83;4.36;20/07/2026;01:00;23.6;0;SOLEIL;0;19.1;0
Nîmes;43.83;4.36;20/07/2026;02:00;19.4;0;SOLEIL;5;16.9;0
Nîmes;43.83;4.36;20/07/2026;03:00;19.4;0;SOLEIL;5;14.8;0
Nîmes;43.83;4.36;20/07/2026;04:00;19.4;0;SOLEIL;5;12.6;0
Nîmes;43.83;4.36;20/07/2026;05:00;22.5;0;SOLEIL;2;11.2;0
Nîmes;43.83;4.36;20/07/2026;06:00;22.5;0;SOLEIL;2;10.4;0
Nîmes;43.83;4.36;20/07/2026;07:00;22.5;0;SOLEIL;2;10.8;0
Nîmes;43.83;4.36;20/07/2026;08:00;22.9;0;SOLEIL;5;12.6;0
Nîmes;43.83;4.36;20/07/2026;09:00;24.7;0;SOLEIL;5;17.6;0
Nîmes;43.83;4.36;20/07/2026;10:00;26.4;0;SOLEIL;5;24.1;0
Nîmes;43.83;4.36;20/07/2026;11:00;33.2;0;SOLEIL;3;28.8;0
Nîmes;43.83;4.36;20/07/2026;12:00;33.2;0;SOLEIL;3;29.3;0
Nîmes;43.83;4.36;20/07/2026;13:00;33.2;0;SOLEIL;3;28.3;0
Nîmes;43.83;4.36;20/07/2026;14:00;33.4;0;SOLEIL;5;27.9;0
Nîmes;43.83;4.36;20/07/2026;15:00;35.2;0;SOLEIL;5;29.9;0
Nîmes;43.83;4.36;20/07/2026;16:00;33.4;0;SOLEIL;5;32.8;0
Nîmes;43.83;4.36;20/07/2026;17:00;30.7;0;SOLEIL;3;34.6;0
Nîmes;43.83;4.36;20/07/2026;18:00;30.7;0;SOLEIL;3;34.9;0
Nîmes;43.83;4.36;20/07/2026;19:00;30.7;0;SOLEIL;3;34.9;0
Nîmes;43.83;4.36;20/07/2026;20:00;26.4;0;SOLEIL;5;34.2;0
Nîmes;43.83;4.36;20/07/2026;21:00;24.7;0;SOLEIL;5;33.5;0
Nîmes;43.83;4.36;20/07/2026;22:00;22.9;0;SOLEIL;5;32.8;0
Nîmes;43.83;4.36;20/07/2026;23:00;22.9;0;SOLEIL;3;31.0;0
Nîmes;43.83;4.36;21/07/2026;00:00;22.9;0;SOLEIL;3;27.4;0
Nîmes;43.83;4.36;21/07/2026;01:00;22.9;0;SOLEIL;3;23.0;0
Nîmes;43.83;4.36;21/07/2026;02:00;21.1;0;SOLEIL;5;19.1;0
Nîmes;43.83;4.36;21/07/2026;03:00;21.1;0;SOLEIL;5;15.8;0
Nîmes;43.83;4.36;21/07/2026;04:00;21.1;0;SOLEIL;5;13.3;0
Nîmes;43.83;4.36;21/07/2026;05:00;22.5;0;SOLEIL;3;11.5;0
Nîmes;43.83;4.36;21/07/2026;06:00;22.5;0;SOLEIL;3;10.1;0
Nîmes;43.83;4.36;21/07/2026;07:00;22.5;0;SOLEIL;3;9.7;0
Nîmes;43.83;4.36;21/07/2026;08:00;24.1;0;SOLEIL;5;11.2;0
Nîmes;43.83;4.36;21/07/2026;09:00;25.6;0;SOLEIL;5;15.8;0
Nîmes;43.83;4.36;21/07/2026;10:00;27.1;0;SOLEIL;5;22.7;0
Nîmes;43.83;4.36;21/07/2026;11:00;33;0;SOLEIL;4;28.1;0
Nîmes;43.83;4.36;21/07/2026;12:00;33;0;SOLEIL;4;31.0;0
Nîmes;43.83;4.36;21/07/2026;13:00;33;0;SOLEIL;4;32.4;0
Nîmes;43.83;4.36;21/07/2026;14:00;33.1;0;SOLEIL;5;34.6;0
Nîmes;43.83;4.36;21/07/2026;15:00;34.6;0;SOLEIL;5;38.5;0
Nîmes;43.83;4.36;21/07/2026;16:00;33.1;0;SOLEIL;5;42.8;0
Nîmes;43.83;4.36;21/07/2026;17:00;30.6;0;SOLEIL;5;45.7;0
Nîmes;43.83;4.36;21/07/2026;18:00;30.6;0;SOLEIL;5;47.2;0
Nîmes;43.83;4.36;21/07/2026;19:00;30.6;0;SOLEIL;5;47.2;0
Nîmes;43.83;4.36;21/07/2026;20:00;27.1;0;SOLEIL;5;45.0;0
Nîmes;43.83;4.36;21/07/2026;21:00;25.6;0;SOLEIL;5;40.0;0
Nîmes;43.83;4.36;21/07/2026;22:00;24.1;0;SOLEIL;5;32.8;0
Nîmes;43.83;4.36;21/07/2026;23:00;22.5;0;SOLEIL;4;26.3;0
Nîmes;43.83;4.36;22/07/2026;00:00;22.5;0;SOLEIL;4;21.2;0
Nîmes;43.83;4.36;22/07/2026;01:00;22.5;0;SOLEIL;4;16.9;0
Nîmes;43.83;4.36;22/07/2026;02:00;20;0;SOLEIL;5;13.7;0
Nîmes;43.83;4.36;22/07/2026;03:00;20;0;SOLEIL;5;12.2;0
Nîmes;43.83;4.36;22/07/2026;04:00;20;0;SOLEIL;5;11.9;0
Nîmes;43.83;4.36;22/07/2026;05:00;22.1;0;SOLEIL;3;11.9;0
Nîmes;43.83;4.36;22/07/2026;06:00;22.1;0;SOLEIL;3;11.2;0
Nîmes;43.83;4.36;22/07/2026;07:00;22.1;0;SOLEIL;3;10.4;0
Nîmes;43.83;4.36;22/07/2026;08:00;23.2;0;SOLEIL;5;11.9;0
Nîmes;43.83;4.36;22/07/2026;09:00;24.8;0;SOLEIL;5;17.6;0
Nîmes;43.83;4.36;22/07/2026;10:00;26.4;0;SOLEIL;5;25.6;0
Nîmes;43.83;4.36;22/07/2026;11:00;32.5;0;SOLEIL;4;31.7;0
Nîmes;43.83;4.36;22/07/2026;12:00;32.5;0;SOLEIL;4;34.2;0
Nîmes;43.83;4.36;22/07/2026;13:00;32.5;0;SOLEIL;4;34.9;0
Nîmes;43.83;4.36;22/07/2026;14:00;32.8;0;SOLEIL;5;36.0;0
Nîmes;43.83;4.36;22/07/2026;15:00;34.4;0;SOLEIL;5;38.5;0
Nîmes;43.83;4.36;22/07/2026;16:00;32.8;0;SOLEIL;5;41.4;0
Nîmes;43.83;4.36;22/07/2026;17:00;30.9;0;SOLEIL;4;43.6;0
Nîmes;43.83;4.36;22/07/2026;18:00;30.9;0;SOLEIL;4;45.7;0
Nîmes;43.83;4.36;22/07/2026;19:00;30.9;0;SOLEIL;4;47.2;0
Nîmes;43.83;4.36;22/07/2026;20:00;26.4;0;SOLEIL;5;46.8;0
Nîmes;43.83;4.36;22/07/2026;21:00;24.8;0;SOLEIL;5;43.6;0
Nîmes;43.83;4.36;22/07/2026;22:00;23.2;0;SOLEIL;5;38.9;0
Nîmes;43.83;4.36;22/07/2026;23:00;22.1;0;SOLEIL;3;34.2;0
Nîmes;43.83;4.36;23/07/2026;00:00;22.1;0;SOLEIL;3;33.6;0
Nîmes;43.83;4.36;23/07/2026;01:00;22.1;0;SOLEIL;3;34.0;0
Nîmes;43.83;4.36;23/07/2026;02:00;19.5;0;SOLEIL;5;36.2;0
Nîmes;43.83;4.36;23/07/2026;03:00;19.5;0;SOLEIL;5;39.2;0
Nîmes;43.83;4.36;23/07/2026;04:00;19.5;0;SOLEIL;5;37.4;0
Nîmes;43.83;4.36;23/07/2026;05:00;23;0;SOLEIL;3;35.6;0
Nîmes;43.83;4.36;23/07/2026;06:00;23;0;SOLEIL;3;34.6;0
Nîmes;43.83;4.36;23/07/2026;07:00;23;0;SOLEIL;3;33.8;0
Nîmes;43.83;4.36;23/07/2026;08:00;23.1;0;SOLEIL;5;33.8;0
Nîmes;43.83;4.36;23/07/2026;09:00;24.9;0;SOLEIL;5;34.9;0
Nîmes;43.83;4.36;23/07/2026;10:00;26.7;0;SOLEIL;5;37.1;0
Nîmes;43.83;4.36;23/07/2026;11:00;34.1;0;SOLEIL;4;39.6;0
Nîmes;43.83;4.36;23/07/2026;12:00;34.1;0;SOLEIL;4;42.5;0
Nîmes;43.83;4.36;23/07/2026;13:00;34.1;0;SOLEIL;4;45.0;0
Nîmes;43.83;4.36;23/07/2026;14:00;33.8;0;SOLEIL;5;46.8;0
Nîmes;43.83;4.36;23/07/2026;15:00;35.6;0;SOLEIL;5;47.9;0
Nîmes;43.83;4.36;23/07/2026;16:00;33.8;0;SOLEIL;5;48.2;0
Nîmes;43.83;4.36;23/07/2026;17:00;31.6;0;SOLEIL;4;48.6;0
Nîmes;43.83;4.36;23/07/2026;18:00;31.6;0;SOLEIL;4;48.6;0
Nîmes;43.83;4.36;23/07/2026;19:00;31.6;0;SOLEIL;4;48.6;0
Nîmes;43.83;4.36;23/07/2026;20:00;26.7;0;SOLEIL;5;48.6;0
Nîmes;43.83;4.36;23/07/2026;21:00;24.9;0;SOLEIL;5;49.0;0
Nîmes;43.83;4.36;23/07/2026;22:00;23.1;0;SOLEIL;5;49.3;0
Nîmes;43.83;4.36;23/07/2026;23:00;23.2;0;SOLEIL;3;49.3;0
Nîmes;43.83;4.36;24/07/2026;00:00;23.2;0;SOLEIL;3;49.7;0
Nîmes;43.83;4.36;24/07/2026;01:00;23.2;0;SOLEIL;3;49.3;0
Nîmes;43.83;4.36;24/07/2026;02:00;20.4;0;SOLEIL;5;48.6;0
Nîmes;43.83;4.36;24/07/2026;03:00;20.4;0;SOLEIL;5;47.2;0
Nîmes;43.83;4.36;24/07/2026;04:00;20.4;0;SOLEIL;5;44.6;0
Nîmes;43.83;4.36;24/07/2026;05:00;23;0;SOLEIL;3;42.1;0
Nîmes;43.83;4.36;24/07/2026;06:00;23;0;SOLEIL;3;39.2;0
Nîmes;43.83;4.36;24/07/2026;07:00;23;0;SOLEIL;3;37.4;0
Nîmes;43.83;4.36;24/07/2026;08:00;23.9;0;SOLEIL;5;36.4;0
Nîmes;43.83;4.36;24/07/2026;09:00;25.7;0;SOLEIL;5;36.7;0
Nîmes;43.83;4.36;24/07/2026;10:00;27.4;0;SOLEIL;5;38.5;0
Nîmes;43.83;4.36;24/07/2026;11:00;35.1;0;SOLEIL;3;40.7;0
Nîmes;43.83;4.36;24/07/2026;12:00;35.1;0;SOLEIL;3;42.8;0
Nîmes;43.83;4.36;24/07/2026;13:00;35.1;0;SOLEIL;3;44.3;0
Nîmes;43.83;4.36;24/07/2026;14:00;34.4;0;SOLEIL;5;44.6;0
Nîmes;43.83;4.36;24/07/2026;15:00;36.2;0;SOLEIL;5;43.6;0
Nîmes;43.83;4.36;24/07/2026;16:00;34.4;0;SOLEIL;5;41.4;0
Nîmes;43.83;4.36;24/07/2026;17:00;31.1;0;SOLEIL;3;38.5;0
Nîmes;43.83;4.36;24/07/2026;18:00;31.1;0;SOLEIL;3;35.3;0
Nîmes;43.83;4.36;24/07/2026;19:00;31.1;0;SOLEIL;3;32.8;0
Nîmes;43.83;4.36;24/07/2026;20:00;27.4;0;SOLEIL;5;30.6;0
Nîmes;43.83;4.36;24/07/2026;21:00;25.7;0;SOLEIL;5;29.2;0
Nîmes;43.83;4.36;24/07/2026;22:00;23.9;0;SOLEIL;5;28.4;0
Nîmes;43.83;4.36;24/07/2026;23:00;23;0;SOLEIL;2;27.7;0
Nîmes;43.83;4.36;25/07/2026;00:00;23;0;SOLEIL;2;27.4;0
Nîmes;43.83;4.36;25/07/2026;01:00;23;0;SOLEIL;2;26.6;0
Nîmes;43.83;4.36;25/07/2026;02:00;20;0;SOLEIL;5;25.9;0
Nîmes;43.83;4.36;25/07/2026;03:00;20;0;SOLEIL;5;24.8;0
Nîmes;43.83;4.36;25/07/2026;04:00;20;0;SOLEIL;5;23.4;0
Nîmes;43.83;4.36;25/07/2026;05:00;;0;SOLEIL;;22.0;0
Nîmes;43.83;4.36;25/07/2026;06:00;;0;SOLEIL;;20.5;0
Nîmes;43.83;4.36;25/07/2026;07:00;;0;SOLEIL;;19.8;0
Nîmes;43.83;4.36;25/07/2026;08:00;23.3;0;SOLEIL;5;19.4;0
Nîmes;43.83;4.36;25/07/2026;09:00;25.0;0;SOLEIL;5;19.8;0
Nîmes;43.83;4.36;25/07/2026;10:00;26.6;0;SOLEIL;5;20.5;0
Nîmes;43.83;4.36;25/07/2026;11:00;;0;SOLEIL;;22.0;0
Nîmes;43.83;4.36;25/07/2026;12:00;;0;SOLEIL;;23.4;0
Nîmes;43.83;4.36;25/07/2026;13:00;;0;SOLEIL;;25.6;0
Nîmes;43.83;4.36;25/07/2026;14:00;33.2;0;SOLEIL;5;27.7;0
Nîmes;43.83;4.36;25/07/2026;15:00;34.9;0;SOLEIL;5;30.6;0
Nîmes;43.83;4.36;25/07/2026;16:00;33.2;0;SOLEIL;5;34.6;0
Nîmes;43.83;4.36;25/07/2026;17:00;;0;SOLEIL;;38.9;0
Nîmes;43.83;4.36;25/07/2026;18:00;;0;SOLEIL;;42.8;0
Nîmes;43.83;4.36;25/07/2026;19:00;;0;SOLEIL;;45.7;0
Nîmes;43.83;4.36;25/07/2026;20:00;26.6;0;SOLEIL;5;47.5;0
Nîmes;43.83;4.36;25/07/2026;21:00;25.0;0;SOLEIL;5;47.5;0
Nîmes;43.83;4.36;25/07/2026;22:00;23.3;0;SOLEIL;5;46.4;0
Nîmes;43.83;4.36;25/07/2026;23:00;;0;SOLEIL;;44.6;0
Nîmes;43.83;4.36;26/07/2026;00:00;;0;SOLEIL;;42.5;0
Nîmes;43.83;4.36;26/07/2026;01:00;;0;SOLEIL;;39.6;0
Nîmes;43.83;4.36;26/07/2026;02:00;19.6;0;SOLEIL;5;37.1;0
Nîmes;43.83;4.36;26/07/2026;03:00;19.6;0;SOLEIL;5;34.2;0
Nîmes;43.83;4.36;26/07/2026;04:00;19.6;0;SOLEIL;5;30.2;0
Nîmes;43.83;4.36;26/07/2026;05:00;;0;SOLEIL;;26.3;0
Nîmes;43.83;4.36;26/07/2026;06:00;;0;SOLEIL;;22.7;0
Nîmes;43.83;4.36;26/07/2026;07:00;;0;SOLEIL;;19.4;0
Nîmes;43.83;4.36;26/07/2026;08:00;22.5;0;SOLEIL;5;17.6;0
Nîmes;43.83;4.36;26/07/2026;09:00;23.9;0;SOLEIL;5;16.9;0
Nîmes;43.83;4.36;26/07/2026;10:00;25.4;0;SOLEIL;5;17.3;0
Nîmes;43.83;4.36;26/07/2026;11:00;;0;SOLEIL;;18.4;0
Nîmes;43.83;4.36;26/07/2026;12:00;;0;SOLEIL;;20.2;0
Nîmes;43.83;4.36;26/07/2026;13:00;;0;SOLEIL;;22.0;0
Nîmes;43.83;4.36;26/07/2026;14:00;31.2;0;SOLEIL;5;24.1;0
Nîmes;43.83;4.36;26/07/2026;15:00;32.6;0;SOLEIL;5;27.0;0
Nîmes;43.83;4.36;26/07/2026;16:00;31.2;0;SOLEIL;5;30.6;0
Nîmes;43.83;4.36;26/07/2026;17:00;;0;SOLEIL;;34.9;0
Nîmes;43.83;4.36;26/07/2026;18:00;;0;SOLEIL;;38.9;0
Nîmes;43.83;4.36;26/07/2026;19:00;;0;SOLEIL;;41.8;0
Nîmes;43.83;4.36;26/07/2026;20:00;25.4;0;SOLEIL;5;43.6;0
Nîmes;43.83;4.36;26/07/2026;21:00;23.9;0;SOLEIL;5;43.9;0
Nîmes;43.83;4.36;26/07/2026;22:00;22.5;0;SOLEIL;5;42.8;0
Nîmes;43.83;4.36;26/07/2026;23:00;;0;SOLEIL;;41.4;0
Nîmes;43.83;4.36;27/07/2026;00:00;;0;SOLEIL;;38.9;0
Nîmes;43.83;4.36;27/07/2026;01:00;;0;SOLEIL;;36.7;0
Nîmes;43.83;4.36;27/07/2026;02:00;18.7;0;SOLEIL;5;34.2;0
Nîmes;43.83;4.36;27/07/2026;03:00;18.7;0;SOLEIL;5;31.3;0
Nîmes;43.83;4.36;27/07/2026;04:00;18.7;0;SOLEIL;5;27.7;0
Nîmes;43.83;4.36;27/07/2026;05:00;;0;SOLEIL;;23.8;0
Nîmes;43.83;4.36;27/07/2026;06:00;;0;SOLEIL;;20.2;0
Nîmes;43.83;4.36;27/07/2026;07:00;;0;SOLEIL;;17.3;0
Nîmes;43.83;4.36;27/07/2026;08:00;21.7;0;SOLEIL;5;16.2;0
Nîmes;43.83;4.36;27/07/2026;09:00;23.2;0;SOLEIL;5;16.9;0
Nîmes;43.83;4.36;27/07/2026;10:00;24.7;0;SOLEIL;5;19.1;0
Nîmes;43.83;4.36;27/07/2026;11:00;;0;SOLEIL;;22.0;0
Nîmes;43.83;4.36;27/07/2026;12:00;;0;SOLEIL;;25.6;0
Nîmes;43.83;4.36;27/07/2026;13:00;;0;SOLEIL;;29.2;0
Nîmes;43.83;4.36;27/07/2026;14:00;30.7;0;SOLEIL;5;32.0;0
Nîmes;43.83;4.36;27/07/2026;15:00;32.2;0;SOLEIL;5;34.9;0
Nîmes;43.83;4.36;27/07/2026;16:00;30.7;0;SOLEIL;5;37.8;0
Nîmes;43.83;4.36;27/07/2026;17:00;;0;SOLEIL;;40.7;0
Nîmes;43.83;4.36;27/07/2026;18:00;;0;SOLEIL;;43.6;0
Nîmes;43.83;4.36;27/07/2026;19:00;;0;SOLEIL;;45.0;0
Nîmes;43.83;4.36;27/07/2026;20:00;24.7;0;SOLEIL;5;45.7;0
Nîmes;43.83;4.36;27/07/2026;21:00;23.2;0;SOLEIL;5;44.6;0
Nîmes;43.83;4.36;27/07/2026;22:00;21.7;0;SOLEIL;5;42.5;0
Nîmes;43.83;4.36;27/07/2026;23:00;;0;SOLEIL;;39.6;0
Nîmes;43.83;4.36;28/07/2026;00:00;;0;SOLEIL;;36.0;0
Nîmes;43.83;4.36;28/07/2026;01:00;;0;SOLEIL;;32.8;0
Nîmes;43.83;4.36;28/07/2026;02:00;19.2;0;SOLEIL;5;30.2;0
Nîmes;43.83;4.36;28/07/2026;03:00;19.2;0;SOLEIL;5;28.1;0
Nîmes;43.83;4.36;28/07/2026;04:00;19.2;0;SOLEIL;5;25.6;0
Nîmes;43.83;4.36;28/07/2026;05:00;;0;SOLEIL;;23.0;0
Nîmes;43.83;4.36;28/07/2026;06:00;;0;SOLEIL;;21.2;0
Nîmes;43.83;4.36;28/07/2026;07:00;;0;SOLEIL;;19.8;0
Nîmes;43.83;4.36;28/07/2026;08:00;22.1;0;SOLEIL;5;19.1;0
Nîmes;43.83;4.36;28/07/2026;09:00;23.5;0;SOLEIL;5;19.4;0
Nîmes;43.83;4.36;28/07/2026;10:00;24.9;0;SOLEIL;5;20.5;0
Nîmes;43.83;4.36;28/07/2026;11:00;;0;SOLEIL;;22.0;0
Nîmes;43.83;4.36;28/07/2026;12:00;;0;SOLEIL;;23.8;0
Nîmes;43.83;4.36;28/07/2026;13:00;;0;SOLEIL;;25.9;0
Nîmes;43.83;4.36;28/07/2026;14:00;30.7;0;SOLEIL;5;27.7;0
Nîmes;43.83;4.36;28/07/2026;15:00;32.1;0;SOLEIL;5;29.5;0
Nîmes;43.83;4.36;28/07/2026;16:00;30.7;0;SOLEIL;5;32.0;0
Nîmes;43.83;4.36;28/07/2026;17:00;;0;SOLEIL;;34.2;0
Nîmes;43.83;4.36;28/07/2026;18:00;;0;SOLEIL;;36.4;0
Nîmes;43.83;4.36;28/07/2026;19:00;;0;SOLEIL;;38.2;0
Nîmes;43.83;4.36;28/07/2026;20:00;24.9;0;SOLEIL;5;38.9;0
Nîmes;43.83;4.36;28/07/2026;21:00;23.5;0;SOLEIL;5;38.9;0
Nîmes;43.83;4.36;28/07/2026;22:00;22.1;0;SOLEIL;5;37.8;0
Nîmes;43.83;4.36;28/07/2026;23:00;;0;SOLEIL;;36.7;0
Nîmes;43.83;4.36;29/07/2026;00:00;;0;SOLEIL;;34.9;0
Nîmes;43.83;4.36;29/07/2026;01:00;;0;SOLEIL;;33.1;0
Nîmes;43.83;4.36;29/07/2026;02:00;18.5;0;SOLEIL;5;31.3;0
Nîmes;43.83;4.36;29/07/2026;03:00;18.5;0;SOLEIL;5;29.2;0
Nîmes;43.83;4.36;29/07/2026;04:00;18.5;0;SOLEIL;5;26.3;0
Nîmes;43.83;4.36;29/07/2026;05:00;;0;SOLEIL;;23.4;0
Nîmes;43.83;4.36;29/07/2026;06:00;;0;SOLEIL;;20.9;0
Nîmes;43.83;4.36;29/07/2026;07:00;;0;SOLEIL;;19.1;0
Nîmes;43.83;4.36;29/07/2026;08:00;21.7;0;SOLEIL;5;18.0;0
Nîmes;43.83;4.36;29/07/2026;09:00;23.3;0;SOLEIL;5;18.4;0
Nîmes;43.83;4.36;29/07/2026;10:00;24.9;0;SOLEIL;5;19.8;0
Nîmes;43.83;4.36;29/07/2026;11:00;;0;SOLEIL;;21.6;0
Nîmes;43.83;4.36;29/07/2026;12:00;;0;SOLEIL;;24.1;0
Nîmes;43.83;4.36;29/07/2026;13:00;;0;SOLEIL;;26.3;0
Nîmes;43.83;4.36;29/07/2026;14:00;31.3;0;SOLEIL;5;28.1;0
Nîmes;43.83;4.36;29/07/2026;15:00;32.9;0;SOLEIL;5;29.5;0
Nîmes;43.83;4.36;29/07/2026;16:00;31.3;0;SOLEIL;5;31.3;0
Nîmes;43.83;4.36;29/07/2026;17:00;;0;SOLEIL;;32.8;0
Nîmes;43.83;4.36;29/07/2026;18:00;;0;SOLEIL;;34.2;0
Nîmes;43.83;4.36;29/07/2026;19:00;;0;SOLEIL;;34.9;0
Nîmes;43.83;4.36;29/07/2026;20:00;24.9;0;SOLEIL;5;35.3;0
Nîmes;43.83;4.36;29/07/2026;21:00;23.3;0;SOLEIL;5;34.9;0
Nîmes;43.83;4.36;29/07/2026;22:00;21.7;0;SOLEIL;5;33.5;0
Nîmes;43.83;4.36;29/07/2026;23:00;20.1;0;SOLEIL;5;32.0;0
Nîmes;43.83;4.36;30/07/2026;00:00;12;0;SOLEIL;5;30.2;0
Nîmes;43.83;4.36;30/07/2026;01:00;12;0;SOLEIL;5;28.4;0
Nîmes;43.83;4.36;30/07/2026;02:00;12;0;SOLEIL;5;27.0;0
Nîmes;43.83;4.36;30/07/2026;03:00;12;0;SOLEIL;5;25.6;0
Nîmes;43.83;4.36;30/07/2026;04:00;12;0;SOLEIL;5;24.5;0
Nîmes;43.83;4.36;30/07/2026;05:00;12;0;SOLEIL;5;23.0;0
Nîmes;43.83;4.36;30/07/2026;06:00;12;0;SOLEIL;5;22.0;0
Nîmes;43.83;4.36;30/07/2026;07:00;13.1;0;SOLEIL;5;20.9;0
Nîmes;43.83;4.36;30/07/2026;08:00;14.2;0;SOLEIL;5;20.5;0
Nîmes;43.83;4.36;30/07/2026;09:00;15.3;0;SOLEIL;5;20.5;0
Nîmes;43.83;4.36;30/07/2026;10:00;16.4;0;SOLEIL;5;20.9;0
Nîmes;43.83;4.36;30/07/2026;11:00;17.6;0;SOLEIL;5;21.6;0
Nîmes;43.83;4.36;30/07/2026;12:00;18.7;0;SOLEIL;5;23.8;0
Nîmes;43.83;4.36;30/07/2026;13:00;19.8;0;SOLEIL;5;21.2;0
Nîmes;43.83;4.36;30/07/2026;14:00;20.9;0;SOLEIL;5;15.6;0
Nîmes;43.83;4.36;30/07/2026;15:00;22.0;0;SOLEIL;5;10.1;0
Nîmes;43.83;4.36;30/07/2026;16:00;20.9;0;SOLEIL;5;9.0;0
Nîmes;43.83;4.36;30/07/2026;17:00;19.8;0;SOLEIL;5;10.4;0
Nîmes;43.83;4.36;30/07/2026;18:00;18.7;0;SOLEIL;5;16.9;0
Nîmes;43.83;4.36;30/07/2026;19:00;17.6;0;SOLEIL;5;25.6;0
Nîmes;43.83;4.36;30/07/2026;20:00;16.4;0;SOLEIL;5;29.9;0
Nîmes;43.83;4.36;30/07/2026;21:00;15.3;0;SOLEIL;5;24.8;0
Nîmes;43.83;4.36;30/07/2026;22:00;14.2;0;SOLEIL;5;14.8;0
Nîmes;43.83;4.36;30/07/2026;23:00;13.1;0;SOLEIL;5;7.2;0
Nîmes;43.83;4.36;31/07/2026;00:00;12;0;SOLEIL;5;0.0;0
Nîmes;43.83;4.36;31/07/2026;01:00;12;0;SOLEIL;5;0.0;0
Nîmes;43.83;4.36;31/07/2026;02:00;12;0;SOLEIL;5;0.0;0
Nîmes;43.83;4.36;31/07/2026;03:00;12;0;SOLEIL;5;0.0;0
Nîmes;43.83;4.36;31/07/2026;04:00;12;0;SOLEIL;5;0.0;0
Nîmes;43.83;4.36;31/07/2026;05:00;12;0;SOLEIL;5;0.0;0
Nîmes;43.83;4.36;31/07/2026;06:00;12;0;SOLEIL;5;0.0;0
Nîmes;43.83;4.36;31/07/2026;07:00;13.1;0;SOLEIL;5;0.0;0
Nîmes;43.83;4.36;31/07/2026;08:00;14.2;0;SOLEIL;5;0.0;0
Nîmes;43.83;4.36;31/07/2026;09:00;15.3;0;SOLEIL;5;0.0;0
Nîmes;43.83;4.36;31/07/2026;10:00;16.4;0;SOLEIL;5;0.0;0
Nîmes;43.83;4.36;31/07/2026;11:00;17.6;0;SOLEIL;5;0.0;0
Nîmes;43.83;4.36;31/07/2026;12:00;18.7;0;SOLEIL;5;0.0;0
Nîmes;43.83;4.36;31/07/2026;13:00;19.8;0;SOLEIL;5;0.0;0
Nîmes;43.83;4.36;31/07/2026;14:00;20.9;0;SOLEIL;5;0.0;0
Nîmes;43.83;4.36;31/07/2026;15:00;22.0;0;SOLEIL;5;0.0;0
Nîmes;43.83;4.36;31/07/2026;16:00;20.9;0;SOLEIL;5;0.0;0
Nîmes;43.83;4.36;31/07/2026;17:00;19.8;0;SOLEIL;5;0.0;0
Nîmes;43.83;4.36;31/07/2026;18:00;18.7;0;SOLEIL;5;0.0;0
Nîmes;43.83;4.36;31/07/2026;19:00;17.6;0;SOLEIL;5;0.0;0
Nîmes;43.83;4.36;31/07/2026;20:00;16.4;0;SOLEIL;5;0.0;0
Nîmes;43.83;4.36;31/07/2026;21:00;15.3;0;SOLEIL;5;0.0;0
Nîmes;43.83;4.36;31/07/2026;22:00;14.2;0;SOLEIL;5;0.0;0
Nîmes;43.83;4.36;31/07/2026;23:00;13.1;0;SOLEIL;5;0.0;0
Saint-Gaudens;43.1;0.72;16/07/2026;00:00;25.1;0;SOLEIL;2;9.4;0
Saint-Gaudens;43.1;0.72;16/07/2026;01:00;25.1;0;SOLEIL;2;6.1;0
Saint-Gaudens;43.1;0.72;16/07/2026;02:00;24.9;0;SOLEIL;2;7.2;0
Saint-Gaudens;43.1;0.72;16/07/2026;03:00;24.6;0;SOLEIL;2;7.2;0
Saint-Gaudens;43.1;0.72;16/07/2026;04:00;24.1;0;SOLEIL;2;5.8;0
Saint-Gaudens;43.1;0.72;16/07/2026;05:00;24.1;0;SOLEIL;2;8.6;0
Saint-Gaudens;43.1;0.72;16/07/2026;06:00;26.6;0;SOLEIL;2;10.4;0
Saint-Gaudens;43.1;0.72;16/07/2026;07:00;27.6;0;SOLEIL;2;10.8;0
Saint-Gaudens;43.1;0.72;16/07/2026;08:00;30.2;0;SOLEIL;2;10.1;0
Saint-Gaudens;43.1;0.72;16/07/2026;09:00;32.4;0;SOLEIL;2;8.6;0
Saint-Gaudens;43.1;0.72;16/07/2026;10:00;33.2;5;SOLEIL VOILÉ;2;15.1;0
Saint-Gaudens;43.1;0.72;16/07/2026;11:00;34.1;2;NUAGEUX;3;14.8;0
Saint-Gaudens;43.1;0.72;16/07/2026;12:00;34.2;2;NUAGEUX;4;30.2;0
Saint-Gaudens;43.1;0.72;16/07/2026;13:00;35.5;2;NUAGEUX;4;26.6;0
Saint-Gaudens;43.1;0.72;16/07/2026;14:00;34.9;2;NUAGEUX;4;28.1;0
Saint-Gaudens;43.1;0.72;16/07/2026;15:00;35.6;10;ORAGEUX;6;39.2;0
Saint-Gaudens;43.1;0.72;16/07/2026;16:00;35.6;6;AVERSES;5;45.7;0.1
Saint-Gaudens;43.1;0.72;16/07/2026;17:00;33.9;5;SOLEIL VOILÉ;4;43.9;0
Saint-Gaudens;43.1;0.72;16/07/2026;18:00;32.6;5;SOLEIL VOILÉ;4;38.9;0
Saint-Gaudens;43.1;0.72;16/07/2026;19:00;30.6;5;SOLEIL VOILÉ;5;39.6;0
Saint-Gaudens;43.1;0.72;16/07/2026;20:00;28.1;5;SOLEIL VOILÉ;3;37.4;0
Saint-Gaudens;43.1;0.72;16/07/2026;21:00;26.6;0;SOLEIL;3;29.9;0
Saint-Gaudens;43.1;0.72;16/07/2026;22:00;25.1;0;SOLEIL;3;29.5;0
Saint-Gaudens;43.1;0.72;16/07/2026;23:00;24.5;0;SOLEIL;2;21.2;0
Saint-Gaudens;43.1;0.72;17/07/2026;00:00;25.1;0;SOLEIL;2;7.2;0
Saint-Gaudens;43.1;0.72;17/07/2026;01:00;25.1;0;SOLEIL;2;12.2;0
Saint-Gaudens;43.1;0.72;17/07/2026;02:00;22.9;0;SOLEIL;3;12.6;0
Saint-Gaudens;43.1;0.72;17/07/2026;03:00;22.9;0;SOLEIL;3;9.7;0
Saint-Gaudens;43.1;0.72;17/07/2026;04:00;22.9;0;SOLEIL;3;7.9;0
Saint-Gaudens;43.1;0.72;17/07/2026;05:00;25.6;0;SOLEIL;2;7.9;0
Saint-Gaudens;43.1;0.72;17/07/2026;06:00;25.6;0;SOLEIL;2;7.2;0
Saint-Gaudens;43.1;0.72;17/07/2026;07:00;25.6;0;SOLEIL;2;10.4;0
Saint-Gaudens;43.1;0.72;17/07/2026;08:00;32;0;SOLEIL;1;13.7;0
Saint-Gaudens;43.1;0.72;17/07/2026;09:00;32;0;SOLEIL;1;13.3;0
Saint-Gaudens;43.1;0.72;17/07/2026;10:00;32;0;SOLEIL;1;10.4;0
Saint-Gaudens;43.1;0.72;17/07/2026;11:00;35.6;0;SOLEIL;2;8.3;0
Saint-Gaudens;43.1;0.72;17/07/2026;12:00;35.6;0;SOLEIL;2;18.0;0
Saint-Gaudens;43.1;0.72;17/07/2026;13:00;35.6;0;SOLEIL;2;24.8;0
Saint-Gaudens;43.1;0.72;17/07/2026;14:00;35.5;0;SOLEIL;5;25.2;0
Saint-Gaudens;43.1;0.72;17/07/2026;15:00;35.5;0;SOLEIL;5;33.5;0
Saint-Gaudens;43.1;0.72;17/07/2026;16:00;35.5;0;SOLEIL;5;38.2;0
Saint-Gaudens;43.1;0.72;17/07/2026;17:00;32;0;SOLEIL;4;37.4;0
Saint-Gaudens;43.1;0.72;17/07/2026;18:00;32;0;SOLEIL;4;36.1;0
Saint-Gaudens;43.1;0.72;17/07/2026;19:00;32;0;SOLEIL;4;40.3;0
Saint-Gaudens;43.1;0.72;17/07/2026;20:00;27.5;0;SOLEIL;4;35.0;0
Saint-Gaudens;43.1;0.72;17/07/2026;21:00;27.5;0;SOLEIL;4;27.7;0
Saint-Gaudens;43.1;0.72;17/07/2026;22:00;27.5;0;SOLEIL;4;33.1;0
Saint-Gaudens;43.1;0.72;17/07/2026;23:00;25.5;0;SOLEIL;4;33.1;0
Saint-Gaudens;43.1;0.72;18/07/2026;00:00;25.5;0;SOLEIL;4;30.2;0
Saint-Gaudens;43.1;0.72;18/07/2026;01:00;25.5;0;SOLEIL;4;27.4;0
Saint-Gaudens;43.1;0.72;18/07/2026;02:00;23.5;0;SOLEIL;4;23.8;0
Saint-Gaudens;43.1;0.72;18/07/2026;03:00;23.5;0;SOLEIL;4;17.6;0
Saint-Gaudens;43.1;0.72;18/07/2026;04:00;23.5;0;SOLEIL;4;15.8;0
Saint-Gaudens;43.1;0.72;18/07/2026;05:00;25.6;0;SOLEIL;4;14.8;0
Saint-Gaudens;43.1;0.72;18/07/2026;06:00;25.6;0;SOLEIL;4;10.8;0
Saint-Gaudens;43.1;0.72;18/07/2026;07:00;25.6;0;SOLEIL;4;9.0;0
Saint-Gaudens;43.1;0.72;18/07/2026;08:00;30.5;0;SOLEIL;4;10.8;0
Saint-Gaudens;43.1;0.72;18/07/2026;09:00;30.5;0;SOLEIL;4;19.4;0
Saint-Gaudens;43.1;0.72;18/07/2026;10:00;30.5;0;SOLEIL;4;25.9;0
Saint-Gaudens;43.1;0.72;18/07/2026;11:00;34.1;0;SOLEIL;3;28.1;0
Saint-Gaudens;43.1;0.72;18/07/2026;12:00;34.1;0;SOLEIL;3;28.1;0
Saint-Gaudens;43.1;0.72;18/07/2026;13:00;34.1;0;SOLEIL;3;27.0;0
Saint-Gaudens;43.1;0.72;18/07/2026;14:00;34.9;0;SOLEIL;4;25.9;0
Saint-Gaudens;43.1;0.72;18/07/2026;15:00;34.9;0;SOLEIL;4;24.8;0
Saint-Gaudens;43.1;0.72;18/07/2026;16:00;34.9;0;SOLEIL;4;20.5;0
Saint-Gaudens;43.1;0.72;18/07/2026;17:00;32.1;0;SOLEIL;6;22.7;0
Saint-Gaudens;43.1;0.72;18/07/2026;18:00;32.1;0;SOLEIL;6;24.8;0
Saint-Gaudens;43.1;0.72;18/07/2026;19:00;32.1;0;SOLEIL;6;20.2;0
Saint-Gaudens;43.1;0.72;18/07/2026;20:00;29.1;0;SOLEIL;5;15.5;0
Saint-Gaudens;43.1;0.72;18/07/2026;21:00;27.6;0;SOLEIL;5;11.9;0
Saint-Gaudens;43.1;0.72;18/07/2026;22:00;26.0;0;SOLEIL;5;7.6;0
Saint-Gaudens;43.1;0.72;18/07/2026;23:00;25.1;0;SOLEIL;5;6.1;0
Saint-Gaudens;43.1;0.72;19/07/2026;00:00;25.1;0;SOLEIL;5;9.0;0
Saint-Gaudens;43.1;0.72;19/07/2026;01:00;25.1;0;SOLEIL;5;14.0;0
Saint-Gaudens;43.1;0.72;19/07/2026;02:00;23.4;0;SOLEIL;5;18.4;0
Saint-Gaudens;43.1;0.72;19/07/2026;03:00;23.4;0;SOLEIL;5;19.8;0
Saint-Gaudens;43.1;0.72;19/07/2026;04:00;23.4;0;SOLEIL;5;20.5;0
Saint-Gaudens;43.1;0.72;19/07/2026;05:00;25.6;0;SOLEIL;4;20.9;0
Saint-Gaudens;43.1;0.72;19/07/2026;06:00;25.6;0;SOLEIL;4;21.6;0
Saint-Gaudens;43.1;0.72;19/07/2026;07:00;25.6;0;SOLEIL;4;22.0;0
Saint-Gaudens;43.1;0.72;19/07/2026;08:00;26.1;0;SOLEIL;5;23.4;0
Saint-Gaudens;43.1;0.72;19/07/2026;09:00;27.5;0;SOLEIL;5;26.3;0
Saint-Gaudens;43.1;0.72;19/07/2026;10:00;28.9;0;SOLEIL;5;29.9;0
Saint-Gaudens;43.1;0.72;19/07/2026;11:00;34;0;SOLEIL;4;32.0;0
Saint-Gaudens;43.1;0.72;19/07/2026;12:00;34;0;SOLEIL;4;31.0;0
Saint-Gaudens;43.1;0.72;19/07/2026;13:00;34;0;SOLEIL;4;27.7;0
Saint-Gaudens;43.1;0.72;19/07/2026;14:00;34.3;0;SOLEIL;5;25.6;0
Saint-Gaudens;43.1;0.72;19/07/2026;15:00;35.7;0;SOLEIL;5;24.8;0
Saint-Gaudens;43.1;0.72;19/07/2026;16:00;34.3;0;SOLEIL;5;24.5;0
Saint-Gaudens;43.1;0.72;19/07/2026;17:00;32.1;0;SOLEIL;4;24.5;0
Saint-Gaudens;43.1;0.72;19/07/2026;18:00;32.1;0;SOLEIL;4;24.5;0
Saint-Gaudens;43.1;0.72;19/07/2026;19:00;32.1;0;SOLEIL;4;24.8;0
Saint-Gaudens;43.1;0.72;19/07/2026;20:00;28.9;0;SOLEIL;5;24.1;0
Saint-Gaudens;43.1;0.72;19/07/2026;21:00;27.5;0;SOLEIL;5;20.9;0
Saint-Gaudens;43.1;0.72;19/07/2026;22:00;26.1;0;SOLEIL;5;16.9;0
Saint-Gaudens;43.1;0.72;19/07/2026;23:00;25.4;0;SOLEIL;5;15.8;0
Saint-Gaudens;43.1;0.72;20/07/2026;00:00;25.4;0;SOLEIL;5;20.2;0
Saint-Gaudens;43.1;0.72;20/07/2026;01:00;25.4;0;SOLEIL;5;27.4;0
Saint-Gaudens;43.1;0.72;20/07/2026;02:00;22.6;0;SOLEIL;5;33.1;0
Saint-Gaudens;43.1;0.72;20/07/2026;03:00;22.6;0;SOLEIL;5;35.6;0
Saint-Gaudens;43.1;0.72;20/07/2026;04:00;22.6;0;SOLEIL;5;36.7;0
Saint-Gaudens;43.1;0.72;20/07/2026;05:00;24.6;0;SOLEIL;5;37.1;0
Saint-Gaudens;43.1;0.72;20/07/2026;06:00;24.6;0;SOLEIL;5;37.1;0
Saint-Gaudens;43.1;0.72;20/07/2026;07:00;24.6;0;SOLEIL;5;36.4;0
Saint-Gaudens;43.1;0.72;20/07/2026;08:00;25.3;0;SOLEIL;5;36.4;0
Saint-Gaudens;43.1;0.72;20/07/2026;09:00;26.6;0;SOLEIL;5;37.4;0
Saint-Gaudens;43.1;0.72;20/07/2026;10:00;28.0;0;SOLEIL;5;38.9;0
Saint-Gaudens;43.1;0.72;20/07/2026;11:00;33.1;0;SOLEIL;4;39.2;0
Saint-Gaudens;43.1;0.72;20/07/2026;12:00;33.1;0;SOLEIL;4;37.4;0
Saint-Gaudens;43.1;0.72;20/07/2026;13:00;33.1;0;SOLEIL;4;35.1;0
Saint-Gaudens;43.1;0.72;20/07/2026;14:00;33.4;0;SOLEIL;5;33.8;0
Saint-Gaudens;43.1;0.72;20/07/2026;15:00;34.7;0;SOLEIL;5;32.8;0
Saint-Gaudens;43.1;0.72;20/07/2026;16:00;33.4;0;SOLEIL;5;31.0;0
Saint-Gaudens;43.1;0.72;20/07/2026;17:00;31.1;0;SOLEIL;5;30.6;0
Saint-Gaudens;43.1;0.72;20/07/2026;18:00;31.1;0;SOLEIL;5;32.0;0
Saint-Gaudens;43.1;0.72;20/07/2026;19:00;31.1;0;SOLEIL;5;34.6;0
Saint-Gaudens;43.1;0.72;20/07/2026;20:00;28.0;0;SOLEIL;5;37.4;0
Saint-Gaudens;43.1;0.72;20/07/2026;21:00;26.6;0;SOLEIL;5;40.7;0
Saint-Gaudens;43.1;0.72;20/07/2026;22:00;25.3;0;SOLEIL;5;43.9;0
Saint-Gaudens;43.1;0.72;20/07/2026;23:00;25;0;SOLEIL;6;45.4;0
Saint-Gaudens;43.1;0.72;21/07/2026;00:00;25;0;SOLEIL;6;43.9;0
Saint-Gaudens;43.1;0.72;21/07/2026;01:00;25;0;SOLEIL;6;40.3;0
Saint-Gaudens;43.1;0.72;21/07/2026;02:00;22.2;0;SOLEIL;5;37.1;0
Saint-Gaudens;43.1;0.72;21/07/2026;03:00;22.2;0;SOLEIL;5;34.2;0
Saint-Gaudens;43.1;0.72;21/07/2026;04:00;22.2;0;SOLEIL;5;31.7;0
Saint-Gaudens;43.1;0.72;21/07/2026;05:00;24;0;SOLEIL;5;30.2;0
Saint-Gaudens;43.1;0.72;21/07/2026;06:00;24;0;SOLEIL;5;30.6;0
Saint-Gaudens;43.1;0.72;21/07/2026;07:00;24;0;SOLEIL;5;32.0;0
Saint-Gaudens;43.1;0.72;21/07/2026;08:00;24.8;0;SOLEIL;5;34.2;0
Saint-Gaudens;43.1;0.72;21/07/2026;09:00;26.2;0;SOLEIL;5;37.4;0
Saint-Gaudens;43.1;0.72;21/07/2026;10:00;27.5;0;SOLEIL;5;41.0;0
Saint-Gaudens;43.1;0.72;21/07/2026;11:00;32.6;0;SOLEIL;5;43.9;0
Saint-Gaudens;43.1;0.72;21/07/2026;12:00;32.6;0;SOLEIL;5;44.3;0
Saint-Gaudens;43.1;0.72;21/07/2026;13:00;32.6;0;SOLEIL;5;43.6;0
Saint-Gaudens;43.1;0.72;21/07/2026;14:00;32.8;0;SOLEIL;5;43.9;0
Saint-Gaudens;43.1;0.72;21/07/2026;15:00;34.1;0;SOLEIL;5;46.4;0
Saint-Gaudens;43.1;0.72;21/07/2026;16:00;32.8;0;SOLEIL;5;49.7;0
Saint-Gaudens;43.1;0.72;21/07/2026;17:00;31.6;0;SOLEIL;6;52.2;0
Saint-Gaudens;43.1;0.72;21/07/2026;18:00;31.6;0;SOLEIL;6;54.0;0
Saint-Gaudens;43.1;0.72;21/07/2026;19:00;31.6;0;SOLEIL;6;55.4;0
Saint-Gaudens;43.1;0.72;21/07/2026;20:00;27.5;0;SOLEIL;5;55.1;0
Saint-Gaudens;43.1;0.72;21/07/2026;21:00;26.2;0;SOLEIL;5;52.2;0
Saint-Gaudens;43.1;0.72;21/07/2026;22:00;24.8;0;SOLEIL;5;47.2;0
Saint-Gaudens;43.1;0.72;21/07/2026;23:00;24.6;0;SOLEIL;6;41.8;0
Saint-Gaudens;43.1;0.72;22/07/2026;00:00;24.6;0;SOLEIL;6;35.3;0
Saint-Gaudens;43.1;0.72;22/07/2026;01:00;24.6;0;SOLEIL;6;27.7;0
Saint-Gaudens;43.1;0.72;22/07/2026;02:00;21.6;0;SOLEIL;5;22.3;0
Saint-Gaudens;43.1;0.72;22/07/2026;03:00;21.6;0;SOLEIL;5;19.4;0
Saint-Gaudens;43.1;0.72;22/07/2026;04:00;21.6;0;SOLEIL;5;18.4;0
Saint-Gaudens;43.1;0.72;22/07/2026;05:00;23.6;0;SOLEIL;5;18.4;0
Saint-Gaudens;43.1;0.72;22/07/2026;06:00;23.6;0;SOLEIL;5;18.7;0
Saint-Gaudens;43.1;0.72;22/07/2026;07:00;23.6;0;SOLEIL;5;19.8;0
Saint-Gaudens;43.1;0.72;22/07/2026;08:00;24.4;0;SOLEIL;5;23.8;0
Saint-Gaudens;43.1;0.72;22/07/2026;09:00;25.8;0;SOLEIL;5;33.1;0
Saint-Gaudens;43.1;0.72;22/07/2026;10:00;27.2;0;SOLEIL;5;45.4;0
Saint-Gaudens;43.1;0.72;22/07/2026;11:00;32.4;0;SOLEIL;5;54.0;0
Saint-Gaudens;43.1;0.72;22/07/2026;12:00;32.4;0;SOLEIL;5;56.5;0
Saint-Gaudens;43.1;0.72;22/07/2026;13:00;32.4;0;SOLEIL;5;55.8;0
Saint-Gaudens;43.1;0.72;22/07/2026;14:00;32.7;0;SOLEIL;5;54.7;0
Saint-Gaudens;43.1;0.72;22/07/2026;15:00;34.1;0;SOLEIL;5;54.4;0
Saint-Gaudens;43.1;0.72;22/07/2026;16:00;32.7;0;SOLEIL;5;54.0;0
Saint-Gaudens;43.1;0.72;22/07/2026;17:00;31.4;0;SOLEIL;6;54.0;0
Saint-Gaudens;43.1;0.72;22/07/2026;18:00;31.4;0;SOLEIL;6;55.1;0
Saint-Gaudens;43.1;0.72;22/07/2026;19:00;31.4;0;SOLEIL;6;56.9;0
Saint-Gaudens;43.1;0.72;22/07/2026;20:00;27.2;0;SOLEIL;5;58.0;0
Saint-Gaudens;43.1;0.72;22/07/2026;21:00;25.8;0;SOLEIL;5;58.3;0
Saint-Gaudens;43.1;0.72;22/07/2026;22:00;24.4;0;SOLEIL;5;57.6;0
Saint-Gaudens;43.1;0.72;22/07/2026;23:00;23.9;0;SOLEIL;4;56.2;0
Saint-Gaudens;43.1;0.72;23/07/2026;00:00;23.9;0;SOLEIL;4;53.1;0
Saint-Gaudens;43.1;0.72;23/07/2026;01:00;23.9;0;SOLEIL;4;51.1;0
Saint-Gaudens;43.1;0.72;23/07/2026;02:00;21.2;0;SOLEIL;5;51.1;0
Saint-Gaudens;43.1;0.72;23/07/2026;03:00;21.2;0;SOLEIL;5;51.8;0
Saint-Gaudens;43.1;0.72;23/07/2026;04:00;21.2;0;SOLEIL;5;49.7;0
Saint-Gaudens;43.1;0.72;23/07/2026;05:00;24.1;0;SOLEIL;4;47.5;0
Saint-Gaudens;43.1;0.72;23/07/2026;06:00;24.1;0;SOLEIL;4;45.4;0
Saint-Gaudens;43.1;0.72;23/07/2026;07:00;24.1;0;SOLEIL;4;43.6;0
Saint-Gaudens;43.1;0.72;23/07/2026;08:00;24.2;0;SOLEIL;5;42.8;0
Saint-Gaudens;43.1;0.72;23/07/2026;09:00;25.7;0;SOLEIL;5;43.2;0
Saint-Gaudens;43.1;0.72;23/07/2026;10:00;27.2;0;SOLEIL;5;44.3;0
Saint-Gaudens;43.1;0.72;23/07/2026;11:00;33.4;0;SOLEIL;5;46.1;0
Saint-Gaudens;43.1;0.72;23/07/2026;12:00;33.4;0;SOLEIL;5;47.9;0
Saint-Gaudens;43.1;0.72;23/07/2026;13:00;33.4;0;SOLEIL;5;49.3;0
Saint-Gaudens;43.1;0.72;23/07/2026;14:00;33.1;0;SOLEIL;5;50.8;0
Saint-Gaudens;43.1;0.72;23/07/2026;15:00;34.6;0;SOLEIL;5;51.5;0
Saint-Gaudens;43.1;0.72;23/07/2026;16:00;33.1;0;SOLEIL;5;52.2;0
Saint-Gaudens;43.1;0.72;23/07/2026;17:00;31.4;0;SOLEIL;7;52.9;0
Saint-Gaudens;43.1;0.72;23/07/2026;18:00;31.4;0;SOLEIL;7;53.3;0
Saint-Gaudens;43.1;0.72;23/07/2026;19:00;31.4;0;SOLEIL;7;54.0;0
Saint-Gaudens;43.1;0.72;23/07/2026;20:00;27.2;0;SOLEIL;5;54.4;0
Saint-Gaudens;43.1;0.72;23/07/2026;21:00;25.7;0;SOLEIL;5;55.1;0
Saint-Gaudens;43.1;0.72;23/07/2026;22:00;24.2;0;SOLEIL;5;55.8;0
Saint-Gaudens;43.1;0.72;23/07/2026;23:00;24.5;0;SOLEIL;5;56.9;0
Saint-Gaudens;43.1;0.72;24/07/2026;00:00;24.5;0;SOLEIL;5;57.2;0
Saint-Gaudens;43.1;0.72;24/07/2026;01:00;24.5;0;SOLEIL;5;57.6;0
Saint-Gaudens;43.1;0.72;24/07/2026;02:00;21.5;0;SOLEIL;5;56.9;0
Saint-Gaudens;43.1;0.72;24/07/2026;03:00;21.5;0;SOLEIL;5;55.1;0
Saint-Gaudens;43.1;0.72;24/07/2026;04:00;21.5;0;SOLEIL;5;52.2;0
Saint-Gaudens;43.1;0.72;24/07/2026;05:00;24.1;0;SOLEIL;5;49.0;0
Saint-Gaudens;43.1;0.72;24/07/2026;06:00;24.1;0;SOLEIL;5;45.7;0
Saint-Gaudens;43.1;0.72;24/07/2026;07:00;24.1;0;SOLEIL;5;43.2;0
Saint-Gaudens;43.1;0.72;24/07/2026;08:00;24.5;0;SOLEIL;5;41.8;0
Saint-Gaudens;43.1;0.72;24/07/2026;09:00;26.1;0;SOLEIL;5;41.8;0
Saint-Gaudens;43.1;0.72;24/07/2026;10:00;27.6;0;SOLEIL;5;43.2;0
Saint-Gaudens;43.1;0.72;24/07/2026;11:00;34.1;0;SOLEIL;4;45.0;0
Saint-Gaudens;43.1;0.72;24/07/2026;12:00;34.1;0;SOLEIL;4;47.2;0
Saint-Gaudens;43.1;0.72;24/07/2026;13:00;34.1;0;SOLEIL;4;48.6;0
Saint-Gaudens;43.1;0.72;24/07/2026;14:00;33.7;0;SOLEIL;5;49.0;0
Saint-Gaudens;43.1;0.72;24/07/2026;15:00;35.2;0;SOLEIL;5;48.2;0
Saint-Gaudens;43.1;0.72;24/07/2026;16:00;33.7;0;SOLEIL;5;46.4;0
Saint-Gaudens;43.1;0.72;24/07/2026;17:00;31;0;SOLEIL;4;44.3;0
Saint-Gaudens;43.1;0.72;24/07/2026;18:00;31;0;SOLEIL;4;41.8;0
Saint-Gaudens;43.1;0.72;24/07/2026;19:00;31;0;SOLEIL;4;39.6;0
Saint-Gaudens;43.1;0.72;24/07/2026;20:00;27.6;0;SOLEIL;5;37.4;0
Saint-Gaudens;43.1;0.72;24/07/2026;21:00;26.1;0;SOLEIL;5;35.6;0
Saint-Gaudens;43.1;0.72;24/07/2026;22:00;24.5;0;SOLEIL;5;33.8;0
Saint-Gaudens;43.1;0.72;24/07/2026;23:00;24.6;0;SOLEIL;4;31.7;0
Saint-Gaudens;43.1;0.72;25/07/2026;00:00;24.6;0;SOLEIL;4;30.2;0
Saint-Gaudens;43.1;0.72;25/07/2026;01:00;24.6;0;SOLEIL;4;28.4;0
Saint-Gaudens;43.1;0.72;25/07/2026;02:00;21.6;0;SOLEIL;5;27.4;0
Saint-Gaudens;43.1;0.72;25/07/2026;03:00;21.6;0;SOLEIL;5;26.6;0
Saint-Gaudens;43.1;0.72;25/07/2026;04:00;21.6;0;SOLEIL;5;25.9;0
Saint-Gaudens;43.1;0.72;25/07/2026;05:00;;0;SOLEIL;;25.6;0
Saint-Gaudens;43.1;0.72;25/07/2026;06:00;;0;SOLEIL;;25.6;0
Saint-Gaudens;43.1;0.72;25/07/2026;07:00;;0;SOLEIL;;25.2;0
Saint-Gaudens;43.1;0.72;25/07/2026;08:00;24.3;0;SOLEIL;5;25.2;0
Saint-Gaudens;43.1;0.72;25/07/2026;09:00;25.6;0;SOLEIL;5;24.8;0
Saint-Gaudens;43.1;0.72;25/07/2026;10:00;26.9;0;SOLEIL;5;24.5;0
Saint-Gaudens;43.1;0.72;25/07/2026;11:00;;0;SOLEIL;;24.1;0
Saint-Gaudens;43.1;0.72;25/07/2026;12:00;;0;SOLEIL;;24.5;0
Saint-Gaudens;43.1;0.72;25/07/2026;13:00;;0;SOLEIL;;24.8;0
Saint-Gaudens;43.1;0.72;25/07/2026;14:00;32.3;0;SOLEIL;5;26.3;0
Saint-Gaudens;43.1;0.72;25/07/2026;15:00;33.6;0;SOLEIL;5;29.2;0
Saint-Gaudens;43.1;0.72;25/07/2026;16:00;32.3;0;SOLEIL;5;33.1;0
Saint-Gaudens;43.1;0.72;25/07/2026;17:00;;0;SOLEIL;;37.4;0
Saint-Gaudens;43.1;0.72;25/07/2026;18:00;;0;SOLEIL;;41.8;0
Saint-Gaudens;43.1;0.72;25/07/2026;19:00;;0;SOLEIL;;45.4;0
Saint-Gaudens;43.1;0.72;25/07/2026;20:00;26.9;0;SOLEIL;5;47.5;0
Saint-Gaudens;43.1;0.72;25/07/2026;21:00;25.6;0;SOLEIL;5;47.9;0
Saint-Gaudens;43.1;0.72;25/07/2026;22:00;24.3;0;SOLEIL;5;47.2;0
Saint-Gaudens;43.1;0.72;25/07/2026;23:00;;0;SOLEIL;;45.4;0
Saint-Gaudens;43.1;0.72;26/07/2026;00:00;;0;SOLEIL;;43.2;0
Saint-Gaudens;43.1;0.72;26/07/2026;01:00;;0;SOLEIL;;40.7;0
Saint-Gaudens;43.1;0.72;26/07/2026;02:00;21.1;0;SOLEIL;5;38.5;0
Saint-Gaudens;43.1;0.72;26/07/2026;03:00;21.1;0;SOLEIL;5;36.0;0
Saint-Gaudens;43.1;0.72;26/07/2026;04:00;21.1;0;SOLEIL;5;32.4;0
Saint-Gaudens;43.1;0.72;26/07/2026;05:00;;0;SOLEIL;;29.2;0
Saint-Gaudens;43.1;0.72;26/07/2026;06:00;;0;SOLEIL;;25.6;0
Saint-Gaudens;43.1;0.72;26/07/2026;07:00;;0;SOLEIL;;23.0;0
Saint-Gaudens;43.1;0.72;26/07/2026;08:00;23.7;0;SOLEIL;5;21.2;0
Saint-Gaudens;43.1;0.72;26/07/2026;09:00;24.9;0;SOLEIL;5;20.5;0
Saint-Gaudens;43.1;0.72;26/07/2026;10:00;26.2;0;SOLEIL;5;20.5;0
Saint-Gaudens;43.1;0.72;26/07/2026;11:00;;0;SOLEIL;;21.2;0
Saint-Gaudens;43.1;0.72;26/07/2026;12:00;;0;SOLEIL;;22.3;0
Saint-Gaudens;43.1;0.72;26/07/2026;13:00;;0;SOLEIL;;24.1;0
Saint-Gaudens;43.1;0.72;26/07/2026;14:00;31.3;0;SOLEIL;5;25.9;0
Saint-Gaudens;43.1;0.72;26/07/2026;15:00;32.6;0;SOLEIL;5;28.4;0
Saint-Gaudens;43.1;0.72;26/07/2026;16:00;31.3;0;SOLEIL;5;32.0;0
Saint-Gaudens;43.1;0.72;26/07/2026;17:00;;0;SOLEIL;;36.0;0
Saint-Gaudens;43.1;0.72;26/07/2026;18:00;;0;SOLEIL;;40.0;0
Saint-Gaudens;43.1;0.72;26/07/2026;19:00;;0;SOLEIL;;43.2;0
Saint-Gaudens;43.1;0.72;26/07/2026;20:00;26.2;0;SOLEIL;5;45.0;0
Saint-Gaudens;43.1;0.72;26/07/2026;21:00;24.9;0;SOLEIL;5;45.7;0
Saint-Gaudens;43.1;0.72;26/07/2026;22:00;23.7;0;SOLEIL;5;45.4;0
Saint-Gaudens;43.1;0.72;26/07/2026;23:00;;0;SOLEIL;;44.3;0
Saint-Gaudens;43.1;0.72;27/07/2026;00:00;;0;SOLEIL;;42.8;0
Saint-Gaudens;43.1;0.72;27/07/2026;01:00;;0;SOLEIL;;40.7;0
Saint-Gaudens;43.1;0.72;27/07/2026;02:00;20.5;0;SOLEIL;5;38.5;0
Saint-Gaudens;43.1;0.72;27/07/2026;03:00;20.5;0;SOLEIL;5;35.3;0
Saint-Gaudens;43.1;0.72;27/07/2026;04:00;20.5;0;SOLEIL;5;31.0;0
Saint-Gaudens;43.1;0.72;27/07/2026;05:00;;0;SOLEIL;;26.3;0
Saint-Gaudens;43.1;0.72;27/07/2026;06:00;;0;SOLEIL;;22.0;0
Saint-Gaudens;43.1;0.72;27/07/2026;07:00;;0;SOLEIL;;18.7;0
Saint-Gaudens;43.1;0.72;27/07/2026;08:00;23.2;0;SOLEIL;5;17.3;0
Saint-Gaudens;43.1;0.72;27/07/2026;09:00;24.5;0;SOLEIL;5;18.4;0
Saint-Gaudens;43.1;0.72;27/07/2026;10:00;25.8;0;SOLEIL;5;21.2;0
Saint-Gaudens;43.1;0.72;27/07/2026;11:00;;0;SOLEIL;;25.6;0
Saint-Gaudens;43.1;0.72;27/07/2026;12:00;;0;SOLEIL;;29.9;0
Saint-Gaudens;43.1;0.72;27/07/2026;13:00;;0;SOLEIL;;34.2;0
Saint-Gaudens;43.1;0.72;27/07/2026;14:00;31.2;0;SOLEIL;5;37.1;0
Saint-Gaudens;43.1;0.72;27/07/2026;15:00;32.5;0;SOLEIL;5;38.9;0
Saint-Gaudens;43.1;0.72;27/07/2026;16:00;31.2;0;SOLEIL;5;40.3;0
Saint-Gaudens;43.1;0.72;27/07/2026;17:00;;0;SOLEIL;;41.4;0
Saint-Gaudens;43.1;0.72;27/07/2026;18:00;;0;SOLEIL;;42.1;0
Saint-Gaudens;43.1;0.72;27/07/2026;19:00;;0;SOLEIL;;42.1;0
Saint-Gaudens;43.1;0.72;27/07/2026;20:00;25.8;0;SOLEIL;5;42.1;0
Saint-Gaudens;43.1;0.72;27/07/2026;21:00;24.5;0;SOLEIL;5;41.4;0
Saint-Gaudens;43.1;0.72;27/07/2026;22:00;23.2;0;SOLEIL;5;40.3;0
Saint-Gaudens;43.1;0.72;27/07/2026;23:00;;0;SOLEIL;;38.5;0
Saint-Gaudens;43.1;0.72;28/07/2026;00:00;;0;SOLEIL;;36.7;0
Saint-Gaudens;43.1;0.72;28/07/2026;01:00;;0;SOLEIL;;34.9;0
Saint-Gaudens;43.1;0.72;28/07/2026;02:00;20.6;0;SOLEIL;5;33.1;0
Saint-Gaudens;43.1;0.72;28/07/2026;03:00;20.6;0;SOLEIL;5;31.3;0
Saint-Gaudens;43.1;0.72;28/07/2026;04:00;20.6;0;SOLEIL;5;29.2;0
Saint-Gaudens;43.1;0.72;28/07/2026;05:00;;0;SOLEIL;;27.0;0
Saint-Gaudens;43.1;0.72;28/07/2026;06:00;;0;SOLEIL;;24.8;0
Saint-Gaudens;43.1;0.72;28/07/2026;07:00;;0;SOLEIL;;23.4;0
Saint-Gaudens;43.1;0.72;28/07/2026;08:00;23.0;0;SOLEIL;5;22.3;0
Saint-Gaudens;43.1;0.72;28/07/2026;09:00;24.2;0;SOLEIL;5;22.0;0
Saint-Gaudens;43.1;0.72;28/07/2026;10:00;25.4;0;SOLEIL;5;22.3;0
Saint-Gaudens;43.1;0.72;28/07/2026;11:00;;0;SOLEIL;;23.0;0
Saint-Gaudens;43.1;0.72;28/07/2026;12:00;;0;SOLEIL;;24.1;0
Saint-Gaudens;43.1;0.72;28/07/2026;13:00;;0;SOLEIL;;25.6;0
Saint-Gaudens;43.1;0.72;28/07/2026;14:00;30.3;0;SOLEIL;5;27.0;0
Saint-Gaudens;43.1;0.72;28/07/2026;15:00;31.5;0;SOLEIL;5;29.2;0
Saint-Gaudens;43.1;0.72;28/07/2026;16:00;30.3;0;SOLEIL;5;32.0;0
Saint-Gaudens;43.1;0.72;28/07/2026;17:00;;0;SOLEIL;;35.3;0
Saint-Gaudens;43.1;0.72;28/07/2026;18:00;;0;SOLEIL;;38.5;0
Saint-Gaudens;43.1;0.72;28/07/2026;19:00;;0;SOLEIL;;40.7;0
Saint-Gaudens;43.1;0.72;28/07/2026;20:00;25.4;0;SOLEIL;5;42.1;0
Saint-Gaudens;43.1;0.72;28/07/2026;21:00;24.2;0;SOLEIL;5;42.1;0
Saint-Gaudens;43.1;0.72;28/07/2026;22:00;23.0;0;SOLEIL;5;41.4;0
Saint-Gaudens;43.1;0.72;28/07/2026;23:00;;0;SOLEIL;;39.6;0
Saint-Gaudens;43.1;0.72;29/07/2026;00:00;;0;SOLEIL;;37.8;0
Saint-Gaudens;43.1;0.72;29/07/2026;01:00;;0;SOLEIL;;35.6;0
Saint-Gaudens;43.1;0.72;29/07/2026;02:00;20.1;0;SOLEIL;5;33.5;0
Saint-Gaudens;43.1;0.72;29/07/2026;03:00;20.1;0;SOLEIL;5;31.0;0
Saint-Gaudens;43.1;0.72;29/07/2026;04:00;20.1;0;SOLEIL;5;27.7;0
Saint-Gaudens;43.1;0.72;29/07/2026;05:00;;0;SOLEIL;;24.1;0
Saint-Gaudens;43.1;0.72;29/07/2026;06:00;;0;SOLEIL;;21.2;0
Saint-Gaudens;43.1;0.72;29/07/2026;07:00;;0;SOLEIL;;19.1;0
Saint-Gaudens;43.1;0.72;29/07/2026;08:00;22.8;0;SOLEIL;5;18.4;0
Saint-Gaudens;43.1;0.72;29/07/2026;09:00;24.1;0;SOLEIL;5;19.4;0
Saint-Gaudens;43.1;0.72;29/07/2026;10:00;25.4;0;SOLEIL;5;22.3;0
Saint-Gaudens;43.1;0.72;29/07/2026;11:00;;0;SOLEIL;;25.9;0
Saint-Gaudens;43.1;0.72;29/07/2026;12:00;;0;SOLEIL;;29.9;0
Saint-Gaudens;43.1;0.72;29/07/2026;13:00;;0;SOLEIL;;33.5;0
Saint-Gaudens;43.1;0.72;29/07/2026;14:00;30.8;0;SOLEIL;5;36.4;0
Saint-Gaudens;43.1;0.72;29/07/2026;15:00;32.1;0;SOLEIL;5;38.5;0
Saint-Gaudens;43.1;0.72;29/07/2026;16:00;30.8;0;SOLEIL;5;40.3;0
Saint-Gaudens;43.1;0.72;29/07/2026;17:00;;0;SOLEIL;;42.1;0
Saint-Gaudens;43.1;0.72;29/07/2026;18:00;;0;SOLEIL;;43.2;0
Saint-Gaudens;43.1;0.72;29/07/2026;19:00;;0;SOLEIL;;43.6;0
Saint-Gaudens;43.1;0.72;29/07/2026;20:00;25.4;0;SOLEIL;5;43.6;0
Saint-Gaudens;43.1;0.72;29/07/2026;21:00;24.1;0;SOLEIL;5;42.5;0
Saint-Gaudens;43.1;0.72;29/07/2026;22:00;22.8;0;SOLEIL;5;40.3;0
Saint-Gaudens;43.1;0.72;29/07/2026;23:00;21.4;0;SOLEIL;5;37.4;0
Saint-Gaudens;43.1;0.72;30/07/2026;00:00;12;0;SOLEIL;5;34.6;0
Saint-Gaudens;43.1;0.72;30/07/2026;01:00;12;0;SOLEIL;5;31.7;0
Saint-Gaudens;43.1;0.72;30/07/2026;02:00;12;0;SOLEIL;5;29.2;0
Saint-Gaudens;43.1;0.72;30/07/2026;03:00;12;0;SOLEIL;5;27.0;0
Saint-Gaudens;43.1;0.72;30/07/2026;04:00;12;0;SOLEIL;5;24.8;0
Saint-Gaudens;43.1;0.72;30/07/2026;05:00;12;0;SOLEIL;5;23.0;0
Saint-Gaudens;43.1;0.72;30/07/2026;06:00;12;0;SOLEIL;5;21.2;0
Saint-Gaudens;43.1;0.72;30/07/2026;07:00;13.1;0;SOLEIL;5;19.8;0
Saint-Gaudens;43.1;0.72;30/07/2026;08:00;14.2;0;SOLEIL;5;19.4;0
Saint-Gaudens;43.1;0.72;30/07/2026;09:00;15.3;0;SOLEIL;5;19.8;0
Saint-Gaudens;43.1;0.72;30/07/2026;10:00;16.4;0;SOLEIL;5;21.2;0
Saint-Gaudens;43.1;0.72;30/07/2026;11:00;17.6;0;SOLEIL;5;23.0;0
Saint-Gaudens;43.1;0.72;30/07/2026;12:00;18.7;0;SOLEIL;5;25.9;0
Saint-Gaudens;43.1;0.72;30/07/2026;13:00;19.8;0;SOLEIL;5;23.6;0
Saint-Gaudens;43.1;0.72;30/07/2026;14:00;20.9;0;SOLEIL;5;17.5;0
Saint-Gaudens;43.1;0.72;30/07/2026;15:00;22.0;0;SOLEIL;5;11.9;0
Saint-Gaudens;43.1;0.72;30/07/2026;16:00;20.9;0;SOLEIL;5;11.9;0
Saint-Gaudens;43.1;0.72;30/07/2026;17:00;19.8;0;SOLEIL;5;14.4;0
Saint-Gaudens;43.1;0.72;30/07/2026;18:00;18.7;0;SOLEIL;5;20.9;0
Saint-Gaudens;43.1;0.72;30/07/2026;19:00;17.6;0;SOLEIL;5;29.5;0
Saint-Gaudens;43.1;0.72;30/07/2026;20:00;16.4;0;SOLEIL;5;36.0;0
Saint-Gaudens;43.1;0.72;30/07/2026;21:00;15.3;0;SOLEIL;5;38.2;0
Saint-Gaudens;43.1;0.72;30/07/2026;22:00;14.2;0;SOLEIL;5;37.8;0
Saint-Gaudens;43.1;0.72;30/07/2026;23:00;13.1;0;SOLEIL;5;36.7;0
Saint-Gaudens;43.1;0.72;31/07/2026;00:00;12;0;SOLEIL;5;0.0;0
Saint-Gaudens;43.1;0.72;31/07/2026;01:00;12;0;SOLEIL;5;0.0;0
Saint-Gaudens;43.1;0.72;31/07/2026;02:00;12;0;SOLEIL;5;0.0;0
Saint-Gaudens;43.1;0.72;31/07/2026;03:00;12;0;SOLEIL;5;0.0;0
Saint-Gaudens;43.1;0.72;31/07/2026;04:00;12;0;SOLEIL;5;0.0;0
Saint-Gaudens;43.1;0.72;31/07/2026;05:00;12;0;SOLEIL;5;0.0;0
Saint-Gaudens;43.1;0.72;31/07/2026;06:00;12;0;SOLEIL;5;0.0;0
Saint-Gaudens;43.1;0.72;31/07/2026;07:00;13.1;0;SOLEIL;5;0.0;0
Saint-Gaudens;43.1;0.72;31/07/2026;08:00;14.2;0;SOLEIL;5;0.0;0
Saint-Gaudens;43.1;0.72;31/07/2026;09:00;15.3;0;SOLEIL;5;0.0;0
Saint-Gaudens;43.1;0.72;31/07/2026;10:00;16.4;0;SOLEIL;5;0.0;0
Saint-Gaudens;43.1;0.72;31/07/2026;11:00;17.6;0;SOLEIL;5;0.0;0
Saint-Gaudens;43.1;0.72;31/07/2026;12:00;18.7;0;SOLEIL;5;0.0;0
Saint-Gaudens;43.1;0.72;31/07/2026;13:00;19.8;0;SOLEIL;5;0.0;0
Saint-Gaudens;43.1;0.72;31/07/2026;14:00;20.9;0;SOLEIL;5;0.0;0
Saint-Gaudens;43.1;0.72;31/07/2026;15:00;22.0;0;SOLEIL;5;0.0;0
Saint-Gaudens;43.1;0.72;31/07/2026;16:00;20.9;0;SOLEIL;5;0.0;0
Saint-Gaudens;43.1;0.72;31/07/2026;17:00;19.8;0;SOLEIL;5;0.0;0
Saint-Gaudens;43.1;0.72;31/07/2026;18:00;18.7;0;SOLEIL;5;0.0;0
Saint-Gaudens;43.1;0.72;31/07/2026;19:00;17.6;0;SOLEIL;5;0.0;0
Saint-Gaudens;43.1;0.72;31/07/2026;20:00;16.4;0;SOLEIL;5;0.0;0
Saint-Gaudens;43.1;0.72;31/07/2026;21:00;15.3;0;SOLEIL;5;0.0;0
Saint-Gaudens;43.1;0.72;31/07/2026;22:00;14.2;0;SOLEIL;5;0.0;0
Saint-Gaudens;43.1;0.72;31/07/2026;23:00;13.1;0;SOLEIL;5;0.0;0
Toulouse;43.6;1.44;16/07/2026;00:00;22.1;0;SOLEIL;2;10.1;0
Toulouse;43.6;1.44;16/07/2026;01:00;21;0;SOLEIL;2;11.8;0
Toulouse;43.6;1.44;16/07/2026;02:00;20.7;0;SOLEIL;2;14.8;0
Toulouse;43.6;1.44;16/07/2026;03:00;19.9;0;SOLEIL;2;12.5;0
Toulouse;43.6;1.44;16/07/2026;04:00;18.7;0;SOLEIL;2;13.3;0
Toulouse;43.6;1.44;16/07/2026;05:00;18.4;5;SOLEIL VOILÉ;1;9.4;0
Toulouse;43.6;1.44;16/07/2026;06:00;20.2;5;SOLEIL VOILÉ;2;7.6;0
Toulouse;43.6;1.44;16/07/2026;07:00;22.1;2;NUAGEUX;2;11.5;0
Toulouse;43.6;1.44;16/07/2026;08:00;25.1;2;NUAGEUX;3;8.6;0
Toulouse;43.6;1.44;16/07/2026;09:00;26.6;2;NUAGEUX;3;6.1;0
Toulouse;43.6;1.44;16/07/2026;10:00;27.5;2;NUAGEUX;4;26.3;0
Toulouse;43.6;1.44;16/07/2026;11:00;27;2;NUAGEUX;5;32.8;0
Toulouse;43.6;1.44;16/07/2026;12:00;30.1;5;SOLEIL VOILÉ;3;23.8;0
Toulouse;43.6;1.44;16/07/2026;13:00;31.9;5;SOLEIL VOILÉ;4;22.3;0
Toulouse;43.6;1.44;16/07/2026;14:00;31.4;0;SOLEIL;4;24.8;0
Toulouse;43.6;1.44;16/07/2026;15:00;32;0;SOLEIL;5;25.2;0
Toulouse;43.6;1.44;16/07/2026;16:00;31.2;0;SOLEIL;5;27.4;0
Toulouse;43.6;1.44;16/07/2026;17:00;30.5;0;SOLEIL;5;29.9;0
Toulouse;43.6;1.44;16/07/2026;18:00;29.6;0;SOLEIL;5;29.9;0
Toulouse;43.6;1.44;16/07/2026;19:00;27.1;6;AVERSES;4;29.5;0.1
Toulouse;43.6;1.44;16/07/2026;20:00;23.9;6;AVERSES;4;28.1;0.1
Toulouse;43.6;1.44;16/07/2026;21:00;23;6;AVERSES;3;28.4;0.1
Toulouse;43.6;1.44;16/07/2026;22:00;22;0;SOLEIL;3;27.4;0
Toulouse;43.6;1.44;16/07/2026;23:00;20.9;0;SOLEIL;3;49.0;0
Toulouse;43.6;1.44;17/07/2026;00:00;20.7;0;SOLEIL;3;28.8;0
Toulouse;43.6;1.44;17/07/2026;01:00;20.7;0;SOLEIL;3;24.5;0
Toulouse;43.6;1.44;17/07/2026;02:00;19.6;2;NUAGEUX;3;24.8;0
Toulouse;43.6;1.44;17/07/2026;03:00;19.6;2;NUAGEUX;3;21.2;0
Toulouse;43.6;1.44;17/07/2026;04:00;19.6;2;NUAGEUX;3;20.9;0
Toulouse;43.6;1.44;17/07/2026;05:00;19.4;6;AVERSES;2;17.6;0
Toulouse;43.6;1.44;17/07/2026;06:00;19.4;6;AVERSES;2;11.2;0
Toulouse;43.6;1.44;17/07/2026;07:00;19.4;6;AVERSES;2;13.0;0
Toulouse;43.6;1.44;17/07/2026;08:00;21.9;2;NUAGEUX;2;15.1;0
Toulouse;43.6;1.44;17/07/2026;09:00;21.9;2;NUAGEUX;2;20.9;0
Toulouse;43.6;1.44;17/07/2026;10:00;21.9;2;NUAGEUX;2;20.9;0
Toulouse;43.6;1.44;17/07/2026;11:00;24.7;2;NUAGEUX;3;18.7;0
Toulouse;43.6;1.44;17/07/2026;12:00;24.7;2;NUAGEUX;3;16.9;0
Toulouse;43.6;1.44;17/07/2026;13:00;24.7;2;NUAGEUX;3;16.9;0
Toulouse;43.6;1.44;17/07/2026;14:00;26.1;2;NUAGEUX;3;20.5;0
Toulouse;43.6;1.44;17/07/2026;15:00;26.1;2;NUAGEUX;3;30.2;0
Toulouse;43.6;1.44;17/07/2026;16:00;26.1;2;NUAGEUX;3;27.7;0
Toulouse;43.6;1.44;17/07/2026;17:00;26;0;SOLEIL;3;22.7;0
Toulouse;43.6;1.44;17/07/2026;18:00;26;0;SOLEIL;3;26.9;0
Toulouse;43.6;1.44;17/07/2026;19:00;26;0;SOLEIL;3;25.9;0
Toulouse;43.6;1.44;17/07/2026;20:00;22.5;2;NUAGEUX;3;24.3;0
Toulouse;43.6;1.44;17/07/2026;21:00;22.5;2;NUAGEUX;3;24.8;0
Toulouse;43.6;1.44;17/07/2026;22:00;22.5;2;NUAGEUX;3;21.6;0
Toulouse;43.6;1.44;17/07/2026;23:00;21.1;2;NUAGEUX;3;16.2;0
Toulouse;43.6;1.44;18/07/2026;00:00;21.1;2;NUAGEUX;3;13.3;0
Toulouse;43.6;1.44;18/07/2026;01:00;21.1;2;NUAGEUX;3;12.2;0
Toulouse;43.6;1.44;18/07/2026;02:00;19.6;2;NUAGEUX;2;13.0;0
Toulouse;43.6;1.44;18/07/2026;03:00;19.6;2;NUAGEUX;2;12.6;0
Toulouse;43.6;1.44;18/07/2026;04:00;19.6;2;NUAGEUX;2;10.8;0
Toulouse;43.6;1.44;18/07/2026;05:00;19.1;2;NUAGEUX;2;9.7;0
Toulouse;43.6;1.44;18/07/2026;06:00;19.1;2;NUAGEUX;2;7.9;0
Toulouse;43.6;1.44;18/07/2026;07:00;19.1;2;NUAGEUX;2;9.7;0
Toulouse;43.6;1.44;18/07/2026;08:00;23.1;2;NUAGEUX;1;10.4;0
Toulouse;43.6;1.44;18/07/2026;09:00;23.1;2;NUAGEUX;1;11.9;0
Toulouse;43.6;1.44;18/07/2026;10:00;23.1;2;NUAGEUX;1;11.5;0
Toulouse;43.6;1.44;18/07/2026;11:00;25.6;2;NUAGEUX;2;14.8;0
Toulouse;43.6;1.44;18/07/2026;12:00;25.6;2;NUAGEUX;2;17.3;0
Toulouse;43.6;1.44;18/07/2026;13:00;25.6;2;NUAGEUX;2;19.1;0
Toulouse;43.6;1.44;18/07/2026;14:00;27.6;0;SOLEIL;2;20.5;0
Toulouse;43.6;1.44;18/07/2026;15:00;27.6;0;SOLEIL;2;20.5;0
Toulouse;43.6;1.44;18/07/2026;16:00;27.6;0;SOLEIL;2;20.5;0
Toulouse;43.6;1.44;18/07/2026;17:00;27.7;0;SOLEIL;2;23.0;0
Toulouse;43.6;1.44;18/07/2026;18:00;27.7;0;SOLEIL;2;23.8;0
Toulouse;43.6;1.44;18/07/2026;19:00;27.7;0;SOLEIL;2;19.4;0
Toulouse;43.6;1.44;18/07/2026;20:00;23.1;2;NUAGEUX;5;11.5;0
Toulouse;43.6;1.44;18/07/2026;21:00;21.9;2;NUAGEUX;5;14.4;0
Toulouse;43.6;1.44;18/07/2026;22:00;20.6;2;NUAGEUX;5;18.7;0
Toulouse;43.6;1.44;18/07/2026;23:00;19.6;0;SOLEIL;2;18.7;0
Toulouse;43.6;1.44;19/07/2026;00:00;19.6;0;SOLEIL;2;10.4;0
Toulouse;43.6;1.44;19/07/2026;01:00;19.6;0;SOLEIL;2;11.5;0
Toulouse;43.6;1.44;19/07/2026;02:00;17.9;2;NUAGEUX;5;18.7;0
Toulouse;43.6;1.44;19/07/2026;03:00;17.9;2;NUAGEUX;5;25.2;0
Toulouse;43.6;1.44;19/07/2026;04:00;17.9;2;NUAGEUX;5;21.6;0
Toulouse;43.6;1.44;19/07/2026;05:00;19.9;0;SOLEIL;2;19.1;0
Toulouse;43.6;1.44;19/07/2026;06:00;19.9;0;SOLEIL;2;18.4;0
Toulouse;43.6;1.44;19/07/2026;07:00;19.9;0;SOLEIL;2;19.4;0
Toulouse;43.6;1.44;19/07/2026;08:00;20.9;2;NUAGEUX;5;19.8;0
Toulouse;43.6;1.44;19/07/2026;09:00;22.4;2;NUAGEUX;5;21.6;0
Toulouse;43.6;1.44;19/07/2026;10:00;23.9;2;NUAGEUX;5;25.2;0
Toulouse;43.6;1.44;19/07/2026;11:00;29.5;2;NUAGEUX;2;25.2;0
Toulouse;43.6;1.44;19/07/2026;12:00;29.5;2;NUAGEUX;2;24.1;0
Toulouse;43.6;1.44;19/07/2026;13:00;29.5;2;NUAGEUX;2;24.1;0
Toulouse;43.6;1.44;19/07/2026;14:00;30.0;2;NUAGEUX;5;24.8;0
Toulouse;43.6;1.44;19/07/2026;15:00;31.5;2;NUAGEUX;5;25.2;0
Toulouse;43.6;1.44;19/07/2026;16:00;30.0;2;NUAGEUX;5;25.9;0
Toulouse;43.6;1.44;19/07/2026;17:00;28.9;2;NUAGEUX;2;26.6;0
Toulouse;43.6;1.44;19/07/2026;18:00;28.9;2;NUAGEUX;2;26.1;0
Toulouse;43.6;1.44;19/07/2026;19:00;28.9;2;NUAGEUX;2;24.7;0
Toulouse;43.6;1.44;19/07/2026;20:00;23.9;2;NUAGEUX;5;21.4;0
Toulouse;43.6;1.44;19/07/2026;21:00;22.4;2;NUAGEUX;5;16.6;0
Toulouse;43.6;1.44;19/07/2026;22:00;20.9;2;NUAGEUX;5;13.0;0
Toulouse;43.6;1.44;19/07/2026;23:00;20.1;0;SOLEIL;1;10.8;0
Toulouse;43.6;1.44;20/07/2026;00:00;20.1;0;SOLEIL;1;10.8;0
Toulouse;43.6;1.44;20/07/2026;01:00;20.1;0;SOLEIL;1;12.2;0
Toulouse;43.6;1.44;20/07/2026;02:00;17.4;0;SOLEIL;5;13.3;0
Toulouse;43.6;1.44;20/07/2026;03:00;17.4;0;SOLEIL;5;14.0;0
Toulouse;43.6;1.44;20/07/2026;04:00;17.4;0;SOLEIL;5;14.4;0
Toulouse;43.6;1.44;20/07/2026;05:00;19.7;0;SOLEIL;2;15.1;0
Toulouse;43.6;1.44;20/07/2026;06:00;19.7;0;SOLEIL;2;15.8;0
Toulouse;43.6;1.44;20/07/2026;07:00;19.7;0;SOLEIL;2;16.9;0
Toulouse;43.6;1.44;20/07/2026;08:00;20.7;0;SOLEIL;5;18.0;0
Toulouse;43.6;1.44;20/07/2026;09:00;22.3;0;SOLEIL;5;19.4;0
Toulouse;43.6;1.44;20/07/2026;10:00;23.9;0;SOLEIL;5;20.9;0
Toulouse;43.6;1.44;20/07/2026;11:00;30.1;0;SOLEIL;2;22.3;0
Toulouse;43.6;1.44;20/07/2026;12:00;30.1;0;SOLEIL;2;24.1;0
Toulouse;43.6;1.44;20/07/2026;13:00;30.1;0;SOLEIL;2;26.3;0
Toulouse;43.6;1.44;20/07/2026;14:00;30.5;0;SOLEIL;5;27.4;0
Toulouse;43.6;1.44;20/07/2026;15:00;32.1;0;SOLEIL;5;27.4;0
Toulouse;43.6;1.44;20/07/2026;16:00;30.5;0;SOLEIL;5;26.6;0
Toulouse;43.6;1.44;20/07/2026;17:00;29.4;0;SOLEIL;3;25.6;0
Toulouse;43.6;1.44;20/07/2026;18:00;29.4;0;SOLEIL;3;24.8;0
Toulouse;43.6;1.44;20/07/2026;19:00;29.4;0;SOLEIL;3;23.8;0
Toulouse;43.6;1.44;20/07/2026;20:00;23.9;0;SOLEIL;5;22.7;0
Toulouse;43.6;1.44;20/07/2026;21:00;22.3;0;SOLEIL;5;21.2;0
Toulouse;43.6;1.44;20/07/2026;22:00;20.7;0;SOLEIL;5;19.4;0
Toulouse;43.6;1.44;20/07/2026;23:00;20.2;0;SOLEIL;2;19.4;0
Toulouse;43.6;1.44;21/07/2026;00:00;20.2;0;SOLEIL;2;22.7;0
Toulouse;43.6;1.44;21/07/2026;01:00;20.2;0;SOLEIL;2;27.4;0
Toulouse;43.6;1.44;21/07/2026;02:00;18.1;0;SOLEIL;5;29.9;0
Toulouse;43.6;1.44;21/07/2026;03:00;18.1;0;SOLEIL;5;28.1;0
Toulouse;43.6;1.44;21/07/2026;04:00;18.1;0;SOLEIL;5;24.1;0
Toulouse;43.6;1.44;21/07/2026;05:00;19.1;0;SOLEIL;3;21.2;0
Toulouse;43.6;1.44;21/07/2026;06:00;19.1;0;SOLEIL;3;20.2;0
Toulouse;43.6;1.44;21/07/2026;07:00;19.1;0;SOLEIL;3;19.8;0
Toulouse;43.6;1.44;21/07/2026;08:00;21.2;0;SOLEIL;5;20.2;0
Toulouse;43.6;1.44;21/07/2026;09:00;22.8;0;SOLEIL;5;21.2;0
Toulouse;43.6;1.44;21/07/2026;10:00;24.4;0;SOLEIL;5;23.4;0
Toulouse;43.6;1.44;21/07/2026;11:00;30.2;0;SOLEIL;3;24.8;0
Toulouse;43.6;1.44;21/07/2026;12:00;30.2;0;SOLEIL;3;24.8;0
Toulouse;43.6;1.44;21/07/2026;13:00;30.2;0;SOLEIL;3;26.3;0
Toulouse;43.6;1.44;21/07/2026;14:00;30.6;0;SOLEIL;5;27.4;0
Toulouse;43.6;1.44;21/07/2026;15:00;32.2;0;SOLEIL;5;28.1;0
Toulouse;43.6;1.44;21/07/2026;16:00;30.6;0;SOLEIL;5;28.4;0
Toulouse;43.6;1.44;21/07/2026;17:00;29.1;0;SOLEIL;2;28.8;0
Toulouse;43.6;1.44;21/07/2026;18:00;29.1;0;SOLEIL;2;28.8;0
Toulouse;43.6;1.44;21/07/2026;19:00;29.1;0;SOLEIL;2;28.4;0
Toulouse;43.6;1.44;21/07/2026;20:00;24.4;0;SOLEIL;5;27.7;0
Toulouse;43.6;1.44;21/07/2026;21:00;22.8;0;SOLEIL;5;26.3;0
Toulouse;43.6;1.44;21/07/2026;22:00;21.2;0;SOLEIL;5;24.5;0
Toulouse;43.6;1.44;21/07/2026;23:00;19.6;0;SOLEIL;2;22.3;0
Toulouse;43.6;1.44;22/07/2026;00:00;19.6;0;SOLEIL;2;20.2;0
Toulouse;43.6;1.44;22/07/2026;01:00;19.6;0;SOLEIL;2;18.4;0
Toulouse;43.6;1.44;22/07/2026;02:00;16.6;0;SOLEIL;5;16.9;0
Toulouse;43.6;1.44;22/07/2026;03:00;16.6;0;SOLEIL;5;15.8;0
Toulouse;43.6;1.44;22/07/2026;04:00;16.6;0;SOLEIL;5;15.1;0
Toulouse;43.6;1.44;22/07/2026;05:00;18.6;0;SOLEIL;2;14.8;0
Toulouse;43.6;1.44;22/07/2026;06:00;18.6;0;SOLEIL;2;14.4;0
Toulouse;43.6;1.44;22/07/2026;07:00;18.6;0;SOLEIL;2;14.8;0
Toulouse;43.6;1.44;22/07/2026;08:00;20.3;0;SOLEIL;5;15.5;0
Toulouse;43.6;1.44;22/07/2026;09:00;22.1;0;SOLEIL;5;16.9;0
Toulouse;43.6;1.44;22/07/2026;10:00;23.9;0;SOLEIL;5;19.4;0
Toulouse;43.6;1.44;22/07/2026;11:00;30.6;0;SOLEIL;3;22.3;0
Toulouse;43.6;1.44;22/07/2026;12:00;30.6;0;SOLEIL;3;25.2;0
Toulouse;43.6;1.44;22/07/2026;13:00;30.6;0;SOLEIL;3;27.7;0
Toulouse;43.6;1.44;22/07/2026;14:00;31.3;0;SOLEIL;5;29.5;0
Toulouse;43.6;1.44;22/07/2026;15:00;33.1;0;SOLEIL;5;30.6;0
Toulouse;43.6;1.44;22/07/2026;16:00;31.3;0;SOLEIL;5;31.0;0
Toulouse;43.6;1.44;22/07/2026;17:00;30.2;0;SOLEIL;2;31.3;0
Toulouse;43.6;1.44;22/07/2026;18:00;30.2;0;SOLEIL;2;31.0;0
Toulouse;43.6;1.44;22/07/2026;19:00;30.2;0;SOLEIL;2;30.6;0
Toulouse;43.6;1.44;22/07/2026;20:00;23.9;0;SOLEIL;5;29.5;0
Toulouse;43.6;1.44;22/07/2026;21:00;22.1;0;SOLEIL;5;28.1;0
Toulouse;43.6;1.44;22/07/2026;22:00;20.3;0;SOLEIL;5;25.6;0
Toulouse;43.6;1.44;22/07/2026;23:00;19.4;0;SOLEIL;3;23.0;0
Toulouse;43.6;1.44;23/07/2026;00:00;19.4;0;SOLEIL;3;20.5;0
Toulouse;43.6;1.44;23/07/2026;01:00;19.4;0;SOLEIL;3;18.0;0
Toulouse;43.6;1.44;23/07/2026;02:00;16.1;0;SOLEIL;5;16.6;0
Toulouse;43.6;1.44;23/07/2026;03:00;16.1;0;SOLEIL;5;15.5;0
Toulouse;43.6;1.44;23/07/2026;04:00;16.1;0;SOLEIL;5;15.1;0
Toulouse;43.6;1.44;23/07/2026;05:00;18.5;0;SOLEIL;3;14.8;0
Toulouse;43.6;1.44;23/07/2026;06:00;18.5;0;SOLEIL;3;14.8;0
Toulouse;43.6;1.44;23/07/2026;07:00;18.5;0;SOLEIL;3;15.1;0
Toulouse;43.6;1.44;23/07/2026;08:00;20.1;0;SOLEIL;5;15.8;0
Toulouse;43.6;1.44;23/07/2026;09:00;22.1;0;SOLEIL;5;16.9;0
Toulouse;43.6;1.44;23/07/2026;10:00;24.1;0;SOLEIL;5;18.4;0
Toulouse;43.6;1.44;23/07/2026;11:00;32;0;SOLEIL;3;20.2;0
Toulouse;43.6;1.44;23/07/2026;12:00;32;0;SOLEIL;3;22.3;0
Toulouse;43.6;1.44;23/07/2026;13:00;32;0;SOLEIL;3;23.8;0
Toulouse;43.6;1.44;23/07/2026;14:00;32.2;0;SOLEIL;5;24.8;0
Toulouse;43.6;1.44;23/07/2026;15:00;34.2;0;SOLEIL;5;25.6;0
Toulouse;43.6;1.44;23/07/2026;16:00;32.2;0;SOLEIL;5;25.9;0
Toulouse;43.6;1.44;23/07/2026;17:00;30.9;0;SOLEIL;3;25.9;0
Toulouse;43.6;1.44;23/07/2026;18:00;30.9;0;SOLEIL;3;25.6;0
Toulouse;43.6;1.44;23/07/2026;19:00;30.9;0;SOLEIL;3;25.2;0
Toulouse;43.6;1.44;23/07/2026;20:00;24.1;0;SOLEIL;5;24.8;0
Toulouse;43.6;1.44;23/07/2026;21:00;22.1;0;SOLEIL;5;24.1;0
Toulouse;43.6;1.44;23/07/2026;22:00;20.1;0;SOLEIL;5;22.7;0
Toulouse;43.6;1.44;23/07/2026;23:00;20.1;0;SOLEIL;3;21.2;0
Toulouse;43.6;1.44;24/07/2026;00:00;20.1;0;SOLEIL;3;19.8;0
Toulouse;43.6;1.44;24/07/2026;01:00;20.1;0;SOLEIL;3;18.7;0
Toulouse;43.6;1.44;24/07/2026;02:00;16.7;0;SOLEIL;5;17.6;0
Toulouse;43.6;1.44;24/07/2026;03:00;16.7;0;SOLEIL;5;16.9;0
Toulouse;43.6;1.44;24/07/2026;04:00;16.7;0;SOLEIL;5;16.6;0
Toulouse;43.6;1.44;24/07/2026;05:00;18.6;0;SOLEIL;3;16.2;0
Toulouse;43.6;1.44;24/07/2026;06:00;18.6;0;SOLEIL;3;15.8;0
Toulouse;43.6;1.44;24/07/2026;07:00;18.6;0;SOLEIL;3;15.8;0
Toulouse;43.6;1.44;24/07/2026;08:00;20.2;0;SOLEIL;5;16.2;0
Toulouse;43.6;1.44;24/07/2026;09:00;22.0;0;SOLEIL;5;16.9;0
Toulouse;43.6;1.44;24/07/2026;10:00;23.7;0;SOLEIL;5;18.0;0
Toulouse;43.6;1.44;24/07/2026;11:00;30.5;0;SOLEIL;3;19.4;0
Toulouse;43.6;1.44;24/07/2026;12:00;30.5;0;SOLEIL;3;20.9;0
Toulouse;43.6;1.44;24/07/2026;13:00;30.5;0;SOLEIL;3;22.3;0
Toulouse;43.6;1.44;24/07/2026;14:00;30.7;0;SOLEIL;5;23.0;0
Toulouse;43.6;1.44;24/07/2026;15:00;32.5;0;SOLEIL;5;23.4;0
Toulouse;43.6;1.44;24/07/2026;16:00;30.7;0;SOLEIL;5;23.8;0
Toulouse;43.6;1.44;24/07/2026;17:00;29.1;0;SOLEIL;4;23.8;0
Toulouse;43.6;1.44;24/07/2026;18:00;29.1;0;SOLEIL;4;23.8;0
Toulouse;43.6;1.44;24/07/2026;19:00;29.1;0;SOLEIL;4;23.4;0
Toulouse;43.6;1.44;24/07/2026;20:00;23.7;0;SOLEIL;5;22.7;0
Toulouse;43.6;1.44;24/07/2026;21:00;22.0;0;SOLEIL;5;21.6;0
Toulouse;43.6;1.44;24/07/2026;22:00;20.2;0;SOLEIL;5;20.2;0
Toulouse;43.6;1.44;24/07/2026;23:00;19.5;0;SOLEIL;4;18.4;0
Toulouse;43.6;1.44;25/07/2026;00:00;19.5;0;SOLEIL;4;16.9;0
Toulouse;43.6;1.44;25/07/2026;01:00;19.5;0;SOLEIL;4;15.5;0
Toulouse;43.6;1.44;25/07/2026;02:00;16.7;0;SOLEIL;5;14.8;0
Toulouse;43.6;1.44;25/07/2026;03:00;16.7;0;SOLEIL;5;14.8;0
Toulouse;43.6;1.44;25/07/2026;04:00;16.7;0;SOLEIL;5;15.1;0
Toulouse;43.6;1.44;25/07/2026;05:00;;0;SOLEIL;;16.2;0
Toulouse;43.6;1.44;25/07/2026;06:00;;0;SOLEIL;;16.9;0
Toulouse;43.6;1.44;25/07/2026;07:00;;0;SOLEIL;;18.0;0
Toulouse;43.6;1.44;25/07/2026;08:00;19.6;0;SOLEIL;5;19.1;0
Toulouse;43.6;1.44;25/07/2026;09:00;21.0;0;SOLEIL;5;20.2;0
Toulouse;43.6;1.44;25/07/2026;10:00;22.4;0;SOLEIL;5;20.9;0
Toulouse;43.6;1.44;25/07/2026;11:00;;0;SOLEIL;;22.0;0
Toulouse;43.6;1.44;25/07/2026;12:00;;0;SOLEIL;;23.0;0
Toulouse;43.6;1.44;25/07/2026;13:00;;0;SOLEIL;;24.1;0
Toulouse;43.6;1.44;25/07/2026;14:00;28.2;0;SOLEIL;5;24.8;0
Toulouse;43.6;1.44;25/07/2026;15:00;29.6;0;SOLEIL;5;25.6;0
Toulouse;43.6;1.44;25/07/2026;16:00;28.2;0;SOLEIL;5;26.3;0
Toulouse;43.6;1.44;25/07/2026;17:00;;0;SOLEIL;;26.6;0
Toulouse;43.6;1.44;25/07/2026;18:00;;0;SOLEIL;;27.0;0
Toulouse;43.6;1.44;25/07/2026;19:00;;0;SOLEIL;;27.7;0
Toulouse;43.6;1.44;25/07/2026;20:00;22.4;0;SOLEIL;5;28.1;0
Toulouse;43.6;1.44;25/07/2026;21:00;21.0;0;SOLEIL;5;28.8;0
Toulouse;43.6;1.44;25/07/2026;22:00;19.6;0;SOLEIL;5;29.5;0
Toulouse;43.6;1.44;25/07/2026;23:00;;0;SOLEIL;;30.2;0
Toulouse;43.6;1.44;26/07/2026;00:00;;0;SOLEIL;;31.0;0
Toulouse;43.6;1.44;26/07/2026;01:00;;0;SOLEIL;;31.0;0
Toulouse;43.6;1.44;26/07/2026;02:00;16.6;0;SOLEIL;5;30.2;0
Toulouse;43.6;1.44;26/07/2026;03:00;16.6;0;SOLEIL;5;28.4;0
Toulouse;43.6;1.44;26/07/2026;04:00;16.6;0;SOLEIL;5;25.6;0
Toulouse;43.6;1.44;26/07/2026;05:00;;0;SOLEIL;;22.3;0
Toulouse;43.6;1.44;26/07/2026;06:00;;0;SOLEIL;;19.1;0
Toulouse;43.6;1.44;26/07/2026;07:00;;0;SOLEIL;;16.6;0
Toulouse;43.6;1.44;26/07/2026;08:00;19.0;0;SOLEIL;5;15.5;0
Toulouse;43.6;1.44;26/07/2026;09:00;20.3;0;SOLEIL;5;15.8;0
Toulouse;43.6;1.44;26/07/2026;10:00;21.5;0;SOLEIL;5;16.9;0
Toulouse;43.6;1.44;26/07/2026;11:00;;0;SOLEIL;;19.1;0
Toulouse;43.6;1.44;26/07/2026;12:00;;0;SOLEIL;;21.2;0
Toulouse;43.6;1.44;26/07/2026;13:00;;0;SOLEIL;;23.4;0
Toulouse;43.6;1.44;26/07/2026;14:00;26.4;0;SOLEIL;5;24.8;0
Toulouse;43.6;1.44;26/07/2026;15:00;27.6;0;SOLEIL;5;25.6;0
Toulouse;43.6;1.44;26/07/2026;16:00;26.4;0;SOLEIL;5;25.9;0
Toulouse;43.6;1.44;26/07/2026;17:00;;0;SOLEIL;;26.3;0
Toulouse;43.6;1.44;26/07/2026;18:00;;0;SOLEIL;;26.3;0
Toulouse;43.6;1.44;26/07/2026;19:00;;0;SOLEIL;;26.6;0
Toulouse;43.6;1.44;26/07/2026;20:00;21.5;0;SOLEIL;5;26.6;0
Toulouse;43.6;1.44;26/07/2026;21:00;20.3;0;SOLEIL;5;27.0;0
Toulouse;43.6;1.44;26/07/2026;22:00;19.0;0;SOLEIL;5;27.0;0
Toulouse;43.6;1.44;26/07/2026;23:00;;0;SOLEIL;;27.4;0
Toulouse;43.6;1.44;27/07/2026;00:00;;0;SOLEIL;;27.4;0
Toulouse;43.6;1.44;27/07/2026;01:00;;0;SOLEIL;;27.7;0
Toulouse;43.6;1.44;27/07/2026;02:00;16.1;0;SOLEIL;5;27.7;0
Toulouse;43.6;1.44;27/07/2026;03:00;16.1;0;SOLEIL;5;27.7;0
Toulouse;43.6;1.44;27/07/2026;04:00;16.1;0;SOLEIL;5;27.7;0
Toulouse;43.6;1.44;27/07/2026;05:00;;0;SOLEIL;;27.7;0
Toulouse;43.6;1.44;27/07/2026;06:00;;0;SOLEIL;;27.4;0
Toulouse;43.6;1.44;27/07/2026;07:00;;0;SOLEIL;;27.4;0
Toulouse;43.6;1.44;27/07/2026;08:00;18.4;0;SOLEIL;5;27.0;0
Toulouse;43.6;1.44;27/07/2026;09:00;19.6;0;SOLEIL;5;26.6;0
Toulouse;43.6;1.44;27/07/2026;10:00;20.8;0;SOLEIL;5;26.3;0
Toulouse;43.6;1.44;27/07/2026;11:00;;0;SOLEIL;;25.6;0
Toulouse;43.6;1.44;27/07/2026;12:00;;0;SOLEIL;;25.2;0
Toulouse;43.6;1.44;27/07/2026;13:00;;0;SOLEIL;;24.5;0
Toulouse;43.6;1.44;27/07/2026;14:00;25.4;0;SOLEIL;5;24.1;0
Toulouse;43.6;1.44;27/07/2026;15:00;26.6;0;SOLEIL;5;23.8;0
Toulouse;43.6;1.44;27/07/2026;16:00;25.4;0;SOLEIL;5;24.1;0
Toulouse;43.6;1.44;27/07/2026;17:00;;0;SOLEIL;;24.1;0
Toulouse;43.6;1.44;27/07/2026;18:00;;0;SOLEIL;;23.8;0
Toulouse;43.6;1.44;27/07/2026;19:00;;0;SOLEIL;;23.4;0
Toulouse;43.6;1.44;27/07/2026;20:00;20.8;0;SOLEIL;5;22.7;0
Toulouse;43.6;1.44;27/07/2026;21:00;19.6;0;SOLEIL;5;21.2;0
Toulouse;43.6;1.44;27/07/2026;22:00;18.4;0;SOLEIL;5;18.7;0
Toulouse;43.6;1.44;27/07/2026;23:00;;0;SOLEIL;;16.2;0
Toulouse;43.6;1.44;28/07/2026;00:00;;0;SOLEIL;;13.7;0
Toulouse;43.6;1.44;28/07/2026;01:00;;0;SOLEIL;;11.5;0
Toulouse;43.6;1.44;28/07/2026;02:00;16.1;0;SOLEIL;5;10.1;0
Toulouse;43.6;1.44;28/07/2026;03:00;16.1;0;SOLEIL;5;9.4;0
Toulouse;43.6;1.44;28/07/2026;04:00;16.1;0;SOLEIL;5;9.0;0
Toulouse;43.6;1.44;28/07/2026;05:00;;0;SOLEIL;;8.6;0
Toulouse;43.6;1.44;28/07/2026;06:00;;0;SOLEIL;;9.0;0
Toulouse;43.6;1.44;28/07/2026;07:00;;0;SOLEIL;;9.7;0
Toulouse;43.6;1.44;28/07/2026;08:00;18.2;0;SOLEIL;5;10.8;0
Toulouse;43.6;1.44;28/07/2026;09:00;19.3;0;SOLEIL;5;12.6;0
Toulouse;43.6;1.44;28/07/2026;10:00;20.4;0;SOLEIL;5;14.8;0
Toulouse;43.6;1.44;28/07/2026;11:00;;0;SOLEIL;;17.3;0
Toulouse;43.6;1.44;28/07/2026;12:00;;0;SOLEIL;;19.8;0
Toulouse;43.6;1.44;28/07/2026;13:00;;0;SOLEIL;;22.7;0
Toulouse;43.6;1.44;28/07/2026;14:00;24.6;0;SOLEIL;5;25.2;0
Toulouse;43.6;1.44;28/07/2026;15:00;25.7;0;SOLEIL;5;27.7;0
Toulouse;43.6;1.44;28/07/2026;16:00;24.6;0;SOLEIL;5;29.9;0
Toulouse;43.6;1.44;28/07/2026;17:00;;0;SOLEIL;;32.4;0
Toulouse;43.6;1.44;28/07/2026;18:00;;0;SOLEIL;;34.6;0
Toulouse;43.6;1.44;28/07/2026;19:00;;0;SOLEIL;;36.7;0
Toulouse;43.6;1.44;28/07/2026;20:00;20.4;0;SOLEIL;5;38.5;0
Toulouse;43.6;1.44;28/07/2026;21:00;19.3;0;SOLEIL;5;40.0;0
Toulouse;43.6;1.44;28/07/2026;22:00;18.2;0;SOLEIL;5;41.0;0
Toulouse;43.6;1.44;28/07/2026;23:00;;0;SOLEIL;;42.1;0
Toulouse;43.6;1.44;29/07/2026;00:00;;0;SOLEIL;;42.8;0
Toulouse;43.6;1.44;29/07/2026;01:00;;0;SOLEIL;;43.2;0
Toulouse;43.6;1.44;29/07/2026;02:00;15.6;0;SOLEIL;5;43.6;0
Toulouse;43.6;1.44;29/07/2026;03:00;15.6;0;SOLEIL;5;43.6;0
Toulouse;43.6;1.44;29/07/2026;04:00;15.6;0;SOLEIL;5;43.6;0
Toulouse;43.6;1.44;29/07/2026;05:00;;0;SOLEIL;;43.2;0
Toulouse;43.6;1.44;29/07/2026;06:00;;0;SOLEIL;;42.5;0
Toulouse;43.6;1.44;29/07/2026;07:00;;0;SOLEIL;;41.4;0
Toulouse;43.6;1.44;29/07/2026;08:00;18.2;0;SOLEIL;5;40.3;0
Toulouse;43.6;1.44;29/07/2026;09:00;19.5;0;SOLEIL;5;38.5;0
Toulouse;43.6;1.44;29/07/2026;10:00;20.8;0;SOLEIL;5;36.0;0
Toulouse;43.6;1.44;29/07/2026;11:00;;0;SOLEIL;;33.5;0
Toulouse;43.6;1.44;29/07/2026;12:00;;0;SOLEIL;;31.0;0
Toulouse;43.6;1.44;29/07/2026;13:00;;0;SOLEIL;;28.8;0
Toulouse;43.6;1.44;29/07/2026;14:00;25.9;0;SOLEIL;5;27.4;0
Toulouse;43.6;1.44;29/07/2026;15:00;27.2;0;SOLEIL;5;27.0;0
Toulouse;43.6;1.44;29/07/2026;16:00;25.9;0;SOLEIL;5;27.4;0
Toulouse;43.6;1.44;29/07/2026;17:00;;0;SOLEIL;;28.1;0
Toulouse;43.6;1.44;29/07/2026;18:00;;0;SOLEIL;;28.8;0
Toulouse;43.6;1.44;29/07/2026;19:00;;0;SOLEIL;;29.5;0
Toulouse;43.6;1.44;29/07/2026;20:00;20.8;0;SOLEIL;5;29.5;0
Toulouse;43.6;1.44;29/07/2026;21:00;19.5;0;SOLEIL;5;28.8;0
Toulouse;43.6;1.44;29/07/2026;22:00;18.2;0;SOLEIL;5;28.1;0
Toulouse;43.6;1.44;29/07/2026;23:00;16.9;0;SOLEIL;5;27.0;0
Toulouse;43.6;1.44;30/07/2026;00:00;12;0;SOLEIL;5;25.6;0
Toulouse;43.6;1.44;30/07/2026;01:00;12;0;SOLEIL;5;24.5;0
Toulouse;43.6;1.44;30/07/2026;02:00;12;0;SOLEIL;5;23.0;0
Toulouse;43.6;1.44;30/07/2026;03:00;12;0;SOLEIL;5;21.2;0
Toulouse;43.6;1.44;30/07/2026;04:00;12;0;SOLEIL;5;19.4;0
Toulouse;43.6;1.44;30/07/2026;05:00;12;0;SOLEIL;5;17.3;0
Toulouse;43.6;1.44;30/07/2026;06:00;12;0;SOLEIL;5;15.1;0
Toulouse;43.6;1.44;30/07/2026;07:00;13.1;0;SOLEIL;5;14.0;0
Toulouse;43.6;1.44;30/07/2026;08:00;14.2;0;SOLEIL;5;13.7;0
Toulouse;43.6;1.44;30/07/2026;09:00;15.3;0;SOLEIL;5;14.8;0
Toulouse;43.6;1.44;30/07/2026;10:00;16.4;0;SOLEIL;5;16.9;0
Toulouse;43.6;1.44;30/07/2026;11:00;17.6;0;SOLEIL;5;19.4;0
Toulouse;43.6;1.44;30/07/2026;12:00;18.7;0;SOLEIL;5;18.3;0
Toulouse;43.6;1.44;30/07/2026;13:00;19.8;0;SOLEIL;5;15.8;0
Toulouse;43.6;1.44;30/07/2026;14:00;20.9;0;SOLEIL;5;12.3;0
Toulouse;43.6;1.44;30/07/2026;15:00;22.0;0;SOLEIL;5;9.0;0
Toulouse;43.6;1.44;30/07/2026;16:00;20.9;0;SOLEIL;5;10.8;0
Toulouse;43.6;1.44;30/07/2026;17:00;19.8;0;SOLEIL;5;12.6;0
Toulouse;43.6;1.44;30/07/2026;18:00;18.7;0;SOLEIL;5;14.0;0
Toulouse;43.6;1.44;30/07/2026;19:00;17.6;0;SOLEIL;5;15.1;0
Toulouse;43.6;1.44;30/07/2026;20:00;16.4;0;SOLEIL;5;15.8;0
Toulouse;43.6;1.44;30/07/2026;21:00;15.3;0;SOLEIL;5;15.5;0
Toulouse;43.6;1.44;30/07/2026;22:00;14.2;0;SOLEIL;5;14.8;0
Toulouse;43.6;1.44;30/07/2026;23:00;13.1;0;SOLEIL;5;13.7;0
Toulouse;43.6;1.44;31/07/2026;00:00;12;0;SOLEIL;5;0.0;0
Toulouse;43.6;1.44;31/07/2026;01:00;12;0;SOLEIL;5;0.0;0
Toulouse;43.6;1.44;31/07/2026;02:00;12;0;SOLEIL;5;0.0;0
Toulouse;43.6;1.44;31/07/2026;03:00;12;0;SOLEIL;5;0.0;0
Toulouse;43.6;1.44;31/07/2026;04:00;12;0;SOLEIL;5;0.0;0
Toulouse;43.6;1.44;31/07/2026;05:00;12;0;SOLEIL;5;0.0;0
Toulouse;43.6;1.44;31/07/2026;06:00;12;0;SOLEIL;5;0.0;0
Toulouse;43.6;1.44;31/07/2026;07:00;13.1;0;SOLEIL;5;0.0;0
Toulouse;43.6;1.44;31/07/2026;08:00;14.2;0;SOLEIL;5;0.0;0
Toulouse;43.6;1.44;31/07/2026;09:00;15.3;0;SOLEIL;5;0.0;0
Toulouse;43.6;1.44;31/07/2026;10:00;16.4;0;SOLEIL;5;0.0;0
Toulouse;43.6;1.44;31/07/2026;11:00;17.6;0;SOLEIL;5;0.0;0
Toulouse;43.6;1.44;31/07/2026;12:00;18.7;0;SOLEIL;5;0.0;0
Toulouse;43.6;1.44;31/07/2026;13:00;19.8;0;SOLEIL;5;0.0;0
Toulouse;43.6;1.44;31/07/2026;14:00;20.9;0;SOLEIL;5;0.0;0
Toulouse;43.6;1.44;31/07/2026;15:00;22.0;0;SOLEIL;5;0.0;0
Toulouse;43.6;1.44;31/07/2026;16:00;20.9;0;SOLEIL;5;0.0;0
Toulouse;43.6;1.44;31/07/2026;17:00;19.8;0;SOLEIL;5;0.0;0
Toulouse;43.6;1.44;31/07/2026;18:00;18.7;0;SOLEIL;5;0.0;0
Toulouse;43.6;1.44;31/07/2026;19:00;17.6;0;SOLEIL;5;0.0;0
Toulouse;43.6;1.44;31/07/2026;20:00;16.4;0;SOLEIL;5;0.0;0
Toulouse;43.6;1.44;31/07/2026;21:00;15.3;0;SOLEIL;5;0.0;0
Toulouse;43.6;1.44;31/07/2026;22:00;14.2;0;SOLEIL;5;0.0;0
Toulouse;43.6;1.44;31/07/2026;23:00;13.1;0;SOLEIL;5;0.0;0
Auch;43.64;0.58;16/07/2026;00:00;24.2;0;SOLEIL;3;0;0
Auch;43.64;0.58;16/07/2026;01:00;22.7;0;SOLEIL;3;0;0
Auch;43.64;0.58;16/07/2026;02:00;22.1;0;SOLEIL;2;0;0
Auch;43.64;0.58;16/07/2026;03:00;22.1;0;SOLEIL;2;0;0
Auch;43.64;0.58;16/07/2026;04:00;21.6;5;SOLEIL VOILÉ;2;0;0
Auch;43.64;0.58;16/07/2026;05:00;20.9;5;SOLEIL VOILÉ;2;0;0
Auch;43.64;0.58;16/07/2026;06:00;22.6;5;SOLEIL VOILÉ;2;0;0
Auch;43.64;0.58;16/07/2026;07:00;23.1;5;SOLEIL VOILÉ;2;0;0
Auch;43.64;0.58;16/07/2026;08:00;24;2;NUAGEUX;2;0;0
Auch;43.64;0.58;16/07/2026;09:00;25.6;2;NUAGEUX;3;0;0
Auch;43.64;0.58;16/07/2026;10:00;26.4;5;SOLEIL VOILÉ;2;0;0
Auch;43.64;0.58;16/07/2026;11:00;27.6;5;SOLEIL VOILÉ;4;0;0
Auch;43.64;0.58;16/07/2026;12:00;29.7;5;SOLEIL VOILÉ;3;0;0
Auch;43.64;0.58;16/07/2026;13:00;30.6;0;SOLEIL;3;0;0
Auch;43.64;0.58;16/07/2026;14:00;31.6;0;SOLEIL;4;0;0
Auch;43.64;0.58;16/07/2026;15:00;33.4;0;SOLEIL;4;0;0
Auch;43.64;0.58;16/07/2026;16:00;33.2;0;SOLEIL;4;0;0
Auch;43.64;0.58;16/07/2026;17:00;32.1;0;SOLEIL;5;0;0
Auch;43.64;0.58;16/07/2026;18:00;30.2;0;SOLEIL;5;0;0
Auch;43.64;0.58;16/07/2026;19:00;26.5;6;AVERSES;5;0;0.2
Auch;43.64;0.58;16/07/2026;20:00;25;6;AVERSES;5;0;0.2
Auch;43.64;0.58;16/07/2026;21:00;24.1;10;ORAGEUX;4;0;0.2
Auch;43.64;0.58;16/07/2026;22:00;23.1;10;ORAGEUX;4;0;0.2
Auch;43.64;0.58;16/07/2026;23:00;22.6;6;AVERSES;4;0;0.2
Auch;43.64;0.58;17/07/2026;00:00;22.1;6;AVERSES;3;0;0.2
Auch;43.64;0.58;17/07/2026;01:00;22.1;6;AVERSES;3;0;0.2
Auch;43.64;0.58;17/07/2026;02:00;20.6;0;SOLEIL;3;0;0
Auch;43.64;0.58;17/07/2026;03:00;20.6;0;SOLEIL;3;0;0
Auch;43.64;0.58;17/07/2026;04:00;20.6;0;SOLEIL;3;0;0
Auch;43.64;0.58;17/07/2026;05:00;21.5;2;NUAGEUX;3;0;0
Auch;43.64;0.58;17/07/2026;06:00;21.5;2;NUAGEUX;3;0;0
Auch;43.64;0.58;17/07/2026;07:00;21.5;2;NUAGEUX;3;0;0
Auch;43.64;0.58;17/07/2026;08:00;23.1;2;NUAGEUX;3;0;0
Auch;43.64;0.58;17/07/2026;09:00;23.1;2;NUAGEUX;3;0;0
Auch;43.64;0.58;17/07/2026;10:00;23.1;2;NUAGEUX;3;0;0
Auch;43.64;0.58;17/07/2026;11:00;26.5;2;NUAGEUX;3;0;0
Auch;43.64;0.58;17/07/2026;12:00;26.5;2;NUAGEUX;3;0;0
Auch;43.64;0.58;17/07/2026;13:00;26.5;2;NUAGEUX;3;0;0
Auch;43.64;0.58;17/07/2026;14:00;27.6;0;SOLEIL;4;0;0
Auch;43.64;0.58;17/07/2026;15:00;27.6;0;SOLEIL;4;0;0
Auch;43.64;0.58;17/07/2026;16:00;27.6;0;SOLEIL;4;0;0
Auch;43.64;0.58;17/07/2026;17:00;27.6;0;SOLEIL;4;0;0
Auch;43.64;0.58;17/07/2026;18:00;27.6;0;SOLEIL;4;0;0
Auch;43.64;0.58;17/07/2026;19:00;27.6;0;SOLEIL;4;0;0
Auch;43.64;0.58;17/07/2026;20:00;24.2;0;SOLEIL;3;0;0
Auch;43.64;0.58;17/07/2026;21:00;24.2;0;SOLEIL;3;0;0
Auch;43.64;0.58;17/07/2026;22:00;24.2;0;SOLEIL;3;0;0
Auch;43.64;0.58;17/07/2026;23:00;22.4;0;SOLEIL;3;0;0
Auch;43.64;0.58;18/07/2026;00:00;22.4;0;SOLEIL;3;0;0
Auch;43.64;0.58;18/07/2026;01:00;22.4;0;SOLEIL;3;0;0
Auch;43.64;0.58;18/07/2026;02:00;19.6;0;SOLEIL;2;0;0
Auch;43.64;0.58;18/07/2026;03:00;19.6;0;SOLEIL;2;0;0
Auch;43.64;0.58;18/07/2026;04:00;19.6;0;SOLEIL;2;0;0
Auch;43.64;0.58;18/07/2026;05:00;20.7;2;NUAGEUX;2;0;0
Auch;43.64;0.58;18/07/2026;06:00;20.7;2;NUAGEUX;2;0;0
Auch;43.64;0.58;18/07/2026;07:00;20.7;2;NUAGEUX;2;0;0
Auch;43.64;0.58;18/07/2026;08:00;23.7;0;SOLEIL;2;0;0
Auch;43.64;0.58;18/07/2026;09:00;23.7;0;SOLEIL;2;0;0
Auch;43.64;0.58;18/07/2026;10:00;23.7;0;SOLEIL;2;0;0
Auch;43.64;0.58;18/07/2026;11:00;27.4;0;SOLEIL;2;0;0
Auch;43.64;0.58;18/07/2026;12:00;27.4;0;SOLEIL;2;0;0
Auch;43.64;0.58;18/07/2026;13:00;27.4;0;SOLEIL;2;0;0
Auch;43.64;0.58;18/07/2026;14:00;28.5;0;SOLEIL;3;0;0
Auch;43.64;0.58;18/07/2026;15:00;28.5;0;SOLEIL;3;0;0
Auch;43.64;0.58;18/07/2026;16:00;28.5;0;SOLEIL;3;0;0
Auch;43.64;0.58;18/07/2026;17:00;29.1;0;SOLEIL;3;0;0
Auch;43.64;0.58;18/07/2026;18:00;29.1;0;SOLEIL;3;0;0
Auch;43.64;0.58;18/07/2026;19:00;29.1;0;SOLEIL;3;0;0
Auch;43.64;0.58;18/07/2026;20:00;23.7;0;SOLEIL;5;0;0
Auch;43.64;0.58;18/07/2026;21:00;22.4;0;SOLEIL;5;0;0
Auch;43.64;0.58;18/07/2026;22:00;21.2;0;SOLEIL;5;0;0
Auch;43.64;0.58;18/07/2026;23:00;22.9;0;SOLEIL;2;0;0
Auch;43.64;0.58;19/07/2026;00:00;22.9;0;SOLEIL;2;0;0
Auch;43.64;0.58;19/07/2026;01:00;22.9;0;SOLEIL;2;0;0
Auch;43.64;0.58;19/07/2026;02:00;19.6;0;SOLEIL;5;0;0
Auch;43.64;0.58;19/07/2026;03:00;19.6;0;SOLEIL;5;0;0
Auch;43.64;0.58;19/07/2026;04:00;19.6;0;SOLEIL;5;0;0
Auch;43.64;0.58;19/07/2026;05:00;20.6;0;SOLEIL;2;0;0
Auch;43.64;0.58;19/07/2026;06:00;20.6;0;SOLEIL;2;0;0
Auch;43.64;0.58;19/07/2026;07:00;20.6;0;SOLEIL;2;0;0
Auch;43.64;0.58;19/07/2026;08:00;23.0;0;SOLEIL;5;0;0
Auch;43.64;0.58;19/07/2026;09:00;24.8;0;SOLEIL;5;0;0
Auch;43.64;0.58;19/07/2026;10:00;26.5;0;SOLEIL;5;0;0
Auch;43.64;0.58;19/07/2026;11:00;32.1;0;SOLEIL;3;0;0
Auch;43.64;0.58;19/07/2026;12:00;32.1;0;SOLEIL;3;0;0
Auch;43.64;0.58;19/07/2026;13:00;32.1;0;SOLEIL;3;0;0
Auch;43.64;0.58;19/07/2026;14:00;33.4;0;SOLEIL;5;0;0
Auch;43.64;0.58;19/07/2026;15:00;35.1;0;SOLEIL;5;0;0
Auch;43.64;0.58;19/07/2026;16:00;33.4;0;SOLEIL;5;0;0
Auch;43.64;0.58;19/07/2026;17:00;32.4;0;SOLEIL;2;0;0
Auch;43.64;0.58;19/07/2026;18:00;32.4;0;SOLEIL;2;0;0
Auch;43.64;0.58;19/07/2026;19:00;32.4;0;SOLEIL;2;0;0
Auch;43.64;0.58;19/07/2026;20:00;26.5;0;SOLEIL;5;0;0
Auch;43.64;0.58;19/07/2026;21:00;24.8;0;SOLEIL;5;0;0
Auch;43.64;0.58;19/07/2026;22:00;23.0;0;SOLEIL;5;0;0
Auch;43.64;0.58;19/07/2026;23:00;22.6;0;SOLEIL;3;0;0
Auch;43.64;0.58;20/07/2026;00:00;22.6;0;SOLEIL;3;0;0
Auch;43.64;0.58;20/07/2026;01:00;22.6;0;SOLEIL;3;0;0
Auch;43.64;0.58;20/07/2026;02:00;18.9;0;SOLEIL;5;0;0
Auch;43.64;0.58;20/07/2026;03:00;18.9;0;SOLEIL;5;0;0
Auch;43.64;0.58;20/07/2026;04:00;18.9;0;SOLEIL;5;0;0
Auch;43.64;0.58;20/07/2026;05:00;20.1;0;SOLEIL;2;0;0
Auch;43.64;0.58;20/07/2026;06:00;20.1;0;SOLEIL;2;0;0
Auch;43.64;0.58;20/07/2026;07:00;20.1;0;SOLEIL;2;0;0
Auch;43.64;0.58;20/07/2026;08:00;22.5;0;SOLEIL;5;0;0
Auch;43.64;0.58;20/07/2026;09:00;24.3;0;SOLEIL;5;0;0
Auch;43.64;0.58;20/07/2026;10:00;26.1;0;SOLEIL;5;0;0
Auch;43.64;0.58;20/07/2026;11:00;32.1;0;SOLEIL;3;0;0
Auch;43.64;0.58;20/07/2026;12:00;32.1;0;SOLEIL;3;0;0
Auch;43.64;0.58;20/07/2026;13:00;32.1;0;SOLEIL;3;0;0
Auch;43.64;0.58;20/07/2026;14:00;33.2;0;SOLEIL;5;0;0
Auch;43.64;0.58;20/07/2026;15:00;35.0;0;SOLEIL;5;0;0
Auch;43.64;0.58;20/07/2026;16:00;33.2;0;SOLEIL;5;0;0
Auch;43.64;0.58;20/07/2026;17:00;31.6;0;SOLEIL;3;0;0
Auch;43.64;0.58;20/07/2026;18:00;31.6;0;SOLEIL;3;0;0
Auch;43.64;0.58;20/07/2026;19:00;31.6;0;SOLEIL;3;0;0
Auch;43.64;0.58;20/07/2026;20:00;26.1;0;SOLEIL;5;0;0
Auch;43.64;0.58;20/07/2026;21:00;24.3;0;SOLEIL;5;0;0
Auch;43.64;0.58;20/07/2026;22:00;22.5;0;SOLEIL;5;0;0
Auch;43.64;0.58;20/07/2026;23:00;20.6;0;SOLEIL;2;0;0
Auch;43.64;0.58;21/07/2026;00:00;20.6;0;SOLEIL;2;0;0
Auch;43.64;0.58;21/07/2026;01:00;20.6;0;SOLEIL;2;0;0
Auch;43.64;0.58;21/07/2026;02:00;17.4;0;SOLEIL;5;0;0
Auch;43.64;0.58;21/07/2026;03:00;17.4;0;SOLEIL;5;0;0
Auch;43.64;0.58;21/07/2026;04:00;17.4;0;SOLEIL;5;0;0
Auch;43.64;0.58;21/07/2026;05:00;18.6;0;SOLEIL;2;0;0
Auch;43.64;0.58;21/07/2026;06:00;18.6;0;SOLEIL;2;0;0
Auch;43.64;0.58;21/07/2026;07:00;18.6;0;SOLEIL;2;0;0
Auch;43.64;0.58;21/07/2026;08:00;21.4;0;SOLEIL;5;0;0
Auch;43.64;0.58;21/07/2026;09:00;23.4;0;SOLEIL;5;0;0
Auch;43.64;0.58;21/07/2026;10:00;25.4;0;SOLEIL;5;0;0
Auch;43.64;0.58;21/07/2026;11:00;32.1;0;SOLEIL;3;0;0
Auch;43.64;0.58;21/07/2026;12:00;32.1;0;SOLEIL;3;0;0
Auch;43.64;0.58;21/07/2026;13:00;32.1;0;SOLEIL;3;0;0
Auch;43.64;0.58;21/07/2026;14:00;33.4;0;SOLEIL;5;0;0
Auch;43.64;0.58;21/07/2026;15:00;35.4;0;SOLEIL;5;0;0
Auch;43.64;0.58;21/07/2026;16:00;33.4;0;SOLEIL;5;0;0
Auch;43.64;0.58;21/07/2026;17:00;32.1;0;SOLEIL;3;0;0
Auch;43.64;0.58;21/07/2026;18:00;32.1;0;SOLEIL;3;0;0
Auch;43.64;0.58;21/07/2026;19:00;32.1;0;SOLEIL;3;0;0
Auch;43.64;0.58;21/07/2026;20:00;25.4;0;SOLEIL;5;0;0
Auch;43.64;0.58;21/07/2026;21:00;23.4;0;SOLEIL;5;0;0
Auch;43.64;0.58;21/07/2026;22:00;21.4;0;SOLEIL;5;0;0
Auch;43.64;0.58;21/07/2026;23:00;20.9;0;SOLEIL;3;0;0
Auch;43.64;0.58;22/07/2026;00:00;20.9;0;SOLEIL;3;0;0
Auch;43.64;0.58;22/07/2026;01:00;20.9;0;SOLEIL;3;0;0
Auch;43.64;0.58;22/07/2026;02:00;17;0;SOLEIL;5;0;0
Auch;43.64;0.58;22/07/2026;03:00;17;0;SOLEIL;5;0;0
Auch;43.64;0.58;22/07/2026;04:00;17;0;SOLEIL;5;0;0
Auch;43.64;0.58;22/07/2026;05:00;19;0;SOLEIL;2;0;0
Auch;43.64;0.58;22/07/2026;06:00;19;0;SOLEIL;2;0;0
Auch;43.64;0.58;22/07/2026;07:00;19;0;SOLEIL;2;0;0
Auch;43.64;0.58;22/07/2026;08:00;21.2;0;SOLEIL;5;0;0
Auch;43.64;0.58;22/07/2026;09:00;23.4;0;SOLEIL;5;0;0
Auch;43.64;0.58;22/07/2026;10:00;25.5;0;SOLEIL;5;0;0
Auch;43.64;0.58;22/07/2026;11:00;32.9;0;SOLEIL;3;0;0
Auch;43.64;0.58;22/07/2026;12:00;32.9;0;SOLEIL;3;0;0
Auch;43.64;0.58;22/07/2026;13:00;32.9;0;SOLEIL;3;0;0
Auch;43.64;0.58;22/07/2026;14:00;34.0;0;SOLEIL;5;0;0
Auch;43.64;0.58;22/07/2026;15:00;36.1;0;SOLEIL;5;0;0
Auch;43.64;0.58;22/07/2026;16:00;34.0;0;SOLEIL;5;0;0
Auch;43.64;0.58;22/07/2026;17:00;33.1;0;SOLEIL;3;0;0
Auch;43.64;0.58;22/07/2026;18:00;33.1;0;SOLEIL;3;0;0
Auch;43.64;0.58;22/07/2026;19:00;33.1;0;SOLEIL;3;0;0
Auch;43.64;0.58;22/07/2026;20:00;25.5;0;SOLEIL;5;0;0
Auch;43.64;0.58;22/07/2026;21:00;23.4;0;SOLEIL;5;0;0
Auch;43.64;0.58;22/07/2026;22:00;21.2;0;SOLEIL;5;0;0
Auch;43.64;0.58;22/07/2026;23:00;22.1;0;SOLEIL;2;0;0
Auch;43.64;0.58;23/07/2026;00:00;22.1;0;SOLEIL;2;0;0
Auch;43.64;0.58;23/07/2026;01:00;22.1;0;SOLEIL;2;0;0
Auch;43.64;0.58;23/07/2026;02:00;17.2;0;SOLEIL;5;0;0
Auch;43.64;0.58;23/07/2026;03:00;17.2;0;SOLEIL;5;0;0
Auch;43.64;0.58;23/07/2026;04:00;17.2;0;SOLEIL;5;0;0
Auch;43.64;0.58;23/07/2026;05:00;18.9;0;SOLEIL;3;0;0
Auch;43.64;0.58;23/07/2026;06:00;18.9;0;SOLEIL;3;0;0
Auch;43.64;0.58;23/07/2026;07:00;18.9;0;SOLEIL;3;0;0
Auch;43.64;0.58;23/07/2026;08:00;21.6;0;SOLEIL;5;0;0
Auch;43.64;0.58;23/07/2026;09:00;23.8;0;SOLEIL;5;0;0
Auch;43.64;0.58;23/07/2026;10:00;26.0;0;SOLEIL;5;0;0
Auch;43.64;0.58;23/07/2026;11:00;33.4;0;SOLEIL;3;0;0
Auch;43.64;0.58;23/07/2026;12:00;33.4;0;SOLEIL;3;0;0
Auch;43.64;0.58;23/07/2026;13:00;33.4;0;SOLEIL;3;0;0
Auch;43.64;0.58;23/07/2026;14:00;34.9;0;SOLEIL;5;0;0
Auch;43.64;0.58;23/07/2026;15:00;37.1;0;SOLEIL;5;0;0
Auch;43.64;0.58;23/07/2026;16:00;34.9;0;SOLEIL;5;0;0
Auch;43.64;0.58;23/07/2026;17:00;34.1;0;SOLEIL;3;0;0
Auch;43.64;0.58;23/07/2026;18:00;34.1;0;SOLEIL;3;0;0
Auch;43.64;0.58;23/07/2026;19:00;34.1;0;SOLEIL;3;0;0
Auch;43.64;0.58;23/07/2026;20:00;26.0;0;SOLEIL;5;0;0
Auch;43.64;0.58;23/07/2026;21:00;23.8;0;SOLEIL;5;0;0
Auch;43.64;0.58;23/07/2026;22:00;21.6;0;SOLEIL;5;0;0
Auch;43.64;0.58;23/07/2026;23:00;22.1;0;SOLEIL;4;0;0
Auch;43.64;0.58;24/07/2026;00:00;22.1;0;SOLEIL;4;0;0
Auch;43.64;0.58;24/07/2026;01:00;22.1;0;SOLEIL;4;0;0
Auch;43.64;0.58;24/07/2026;02:00;18.1;0;SOLEIL;5;0;0
Auch;43.64;0.58;24/07/2026;03:00;18.1;0;SOLEIL;5;0;0
Auch;43.64;0.58;24/07/2026;04:00;18.1;0;SOLEIL;5;0;0
Auch;43.64;0.58;24/07/2026;05:00;19.7;0;SOLEIL;3;0;0
Auch;43.64;0.58;24/07/2026;06:00;19.7;0;SOLEIL;3;0;0
Auch;43.64;0.58;24/07/2026;07:00;19.7;0;SOLEIL;3;0;0
Auch;43.64;0.58;24/07/2026;08:00;21.9;0;SOLEIL;5;0;0
Auch;43.64;0.58;24/07/2026;09:00;23.8;0;SOLEIL;5;0;0
Auch;43.64;0.58;24/07/2026;10:00;25.7;0;SOLEIL;5;0;0
Auch;43.64;0.58;24/07/2026;11:00;32.6;0;SOLEIL;4;0;0
Auch;43.64;0.58;24/07/2026;12:00;32.6;0;SOLEIL;4;0;0
Auch;43.64;0.58;24/07/2026;13:00;32.6;0;SOLEIL;4;0;0
Auch;43.64;0.58;24/07/2026;14:00;33.2;0;SOLEIL;5;0;0
Auch;43.64;0.58;24/07/2026;15:00;35.1;0;SOLEIL;5;0;0
Auch;43.64;0.58;24/07/2026;16:00;33.2;0;SOLEIL;5;0;0
Auch;43.64;0.58;24/07/2026;17:00;31.6;0;SOLEIL;5;0;0
Auch;43.64;0.58;24/07/2026;18:00;31.6;0;SOLEIL;5;0;0
Auch;43.64;0.58;24/07/2026;19:00;31.6;0;SOLEIL;5;0;0
Auch;43.64;0.58;24/07/2026;20:00;25.7;0;SOLEIL;5;0;0
Auch;43.64;0.58;24/07/2026;21:00;23.8;0;SOLEIL;5;0;0
Auch;43.64;0.58;24/07/2026;22:00;21.9;0;SOLEIL;5;0;0
Auch;43.64;0.58;24/07/2026;23:00;22.4;0;SOLEIL;4;0;0
Auch;43.64;0.58;25/07/2026;00:00;22.4;0;SOLEIL;4;0;0
Auch;43.64;0.58;25/07/2026;01:00;22.4;0;SOLEIL;4;0;0
Auch;43.64;0.58;25/07/2026;02:00;18.7;0;SOLEIL;5;0;0
Auch;43.64;0.58;25/07/2026;03:00;18.7;0;SOLEIL;5;0;0
Auch;43.64;0.58;25/07/2026;04:00;18.7;0;SOLEIL;5;0;0
Auch;43.64;0.58;25/07/2026;05:00;;0;SOLEIL;;;0
Auch;43.64;0.58;25/07/2026;06:00;;0;SOLEIL;;;0
Auch;43.64;0.58;25/07/2026;07:00;;0;SOLEIL;;;0
Auch;43.64;0.58;25/07/2026;08:00;21.6;0;SOLEIL;5;0;0
Auch;43.64;0.58;25/07/2026;09:00;23.0;0;SOLEIL;5;0;0
Auch;43.64;0.58;25/07/2026;10:00;24.4;0;SOLEIL;5;0;0
Auch;43.64;0.58;25/07/2026;11:00;;0;SOLEIL;;;0
Auch;43.64;0.58;25/07/2026;12:00;;0;SOLEIL;;;0
Auch;43.64;0.58;25/07/2026;13:00;;0;SOLEIL;;;0
Auch;43.64;0.58;25/07/2026;14:00;30.2;0;SOLEIL;5;0;0
Auch;43.64;0.58;25/07/2026;15:00;31.6;0;SOLEIL;5;0;0
Auch;43.64;0.58;25/07/2026;16:00;30.2;0;SOLEIL;5;0;0
Auch;43.64;0.58;25/07/2026;17:00;;0;SOLEIL;;;0
Auch;43.64;0.58;25/07/2026;18:00;;0;SOLEIL;;;0
Auch;43.64;0.58;25/07/2026;19:00;;0;SOLEIL;;;0
Auch;43.64;0.58;25/07/2026;20:00;24.4;0;SOLEIL;5;0;0
Auch;43.64;0.58;25/07/2026;21:00;23.0;0;SOLEIL;5;0;0
Auch;43.64;0.58;25/07/2026;22:00;21.6;0;SOLEIL;5;0;0
Auch;43.64;0.58;25/07/2026;23:00;;0;SOLEIL;;;0
Auch;43.64;0.58;26/07/2026;00:00;;0;SOLEIL;;;0
Auch;43.64;0.58;26/07/2026;01:00;;0;SOLEIL;;;0
Auch;43.64;0.58;26/07/2026;02:00;18.5;0;SOLEIL;5;0;0
Auch;43.64;0.58;26/07/2026;03:00;18.5;0;SOLEIL;5;0;0
Auch;43.64;0.58;26/07/2026;04:00;18.5;0;SOLEIL;5;0;0
Auch;43.64;0.58;26/07/2026;05:00;;0;SOLEIL;;;0
Auch;43.64;0.58;26/07/2026;06:00;;0;SOLEIL;;;0
Auch;43.64;0.58;26/07/2026;07:00;;0;SOLEIL;;;0
Auch;43.64;0.58;26/07/2026;08:00;21.0;0;SOLEIL;5;0;0
Auch;43.64;0.58;26/07/2026;09:00;22.2;0;SOLEIL;5;0;0
Auch;43.64;0.58;26/07/2026;10:00;23.4;0;SOLEIL;5;0;0
Auch;43.64;0.58;26/07/2026;11:00;;0;SOLEIL;;;0
Auch;43.64;0.58;26/07/2026;12:00;;0;SOLEIL;;;0
Auch;43.64;0.58;26/07/2026;13:00;;0;SOLEIL;;;0
Auch;43.64;0.58;26/07/2026;14:00;28.4;0;SOLEIL;5;0;0
Auch;43.64;0.58;26/07/2026;15:00;29.6;0;SOLEIL;5;0;0
Auch;43.64;0.58;26/07/2026;16:00;28.4;0;SOLEIL;5;0;0
Auch;43.64;0.58;26/07/2026;17:00;;0;SOLEIL;;;0
Auch;43.64;0.58;26/07/2026;18:00;;0;SOLEIL;;;0
Auch;43.64;0.58;26/07/2026;19:00;;0;SOLEIL;;;0
Auch;43.64;0.58;26/07/2026;20:00;23.4;0;SOLEIL;5;0;0
Auch;43.64;0.58;26/07/2026;21:00;22.2;0;SOLEIL;5;0;0
Auch;43.64;0.58;26/07/2026;22:00;21.0;0;SOLEIL;5;0;0
Auch;43.64;0.58;26/07/2026;23:00;;0;SOLEIL;;;0
Auch;43.64;0.58;27/07/2026;00:00;;0;SOLEIL;;;0
Auch;43.64;0.58;27/07/2026;01:00;;0;SOLEIL;;;0
Auch;43.64;0.58;27/07/2026;02:00;18.1;0;SOLEIL;5;0;0
Auch;43.64;0.58;27/07/2026;03:00;18.1;0;SOLEIL;5;0;0
Auch;43.64;0.58;27/07/2026;04:00;18.1;0;SOLEIL;5;0;0
Auch;43.64;0.58;27/07/2026;05:00;;0;SOLEIL;;;0
Auch;43.64;0.58;27/07/2026;06:00;;0;SOLEIL;;;0
Auch;43.64;0.58;27/07/2026;07:00;;0;SOLEIL;;;0
Auch;43.64;0.58;27/07/2026;08:00;20.8;0;SOLEIL;5;0;0
Auch;43.64;0.58;27/07/2026;09:00;22.1;0;SOLEIL;5;0;0
Auch;43.64;0.58;27/07/2026;10:00;23.4;0;SOLEIL;5;0;0
Auch;43.64;0.58;27/07/2026;11:00;;0;SOLEIL;;;0
Auch;43.64;0.58;27/07/2026;12:00;;0;SOLEIL;;;0
Auch;43.64;0.58;27/07/2026;13:00;;0;SOLEIL;;;0
Auch;43.64;0.58;27/07/2026;14:00;28.8;0;SOLEIL;5;0;0
Auch;43.64;0.58;27/07/2026;15:00;30.1;0;SOLEIL;5;0;0
Auch;43.64;0.58;27/07/2026;16:00;28.8;0;SOLEIL;5;0;0
Auch;43.64;0.58;27/07/2026;17:00;;0;SOLEIL;;;0
Auch;43.64;0.58;27/07/2026;18:00;;0;SOLEIL;;;0
Auch;43.64;0.58;27/07/2026;19:00;;0;SOLEIL;;;0
Auch;43.64;0.58;27/07/2026;20:00;23.4;0;SOLEIL;5;0;0
Auch;43.64;0.58;27/07/2026;21:00;22.1;0;SOLEIL;5;0;0
Auch;43.64;0.58;27/07/2026;22:00;20.8;0;SOLEIL;5;0;0
Auch;43.64;0.58;27/07/2026;23:00;;0;SOLEIL;;;0
Auch;43.64;0.58;28/07/2026;00:00;;0;SOLEIL;;;0
Auch;43.64;0.58;28/07/2026;01:00;;0;SOLEIL;;;0
Auch;43.64;0.58;28/07/2026;02:00;17.7;0;SOLEIL;5;0;0
Auch;43.64;0.58;28/07/2026;03:00;17.7;0;SOLEIL;5;0;0
Auch;43.64;0.58;28/07/2026;04:00;17.7;0;SOLEIL;5;0;0
Auch;43.64;0.58;28/07/2026;05:00;;0;SOLEIL;;;0
Auch;43.64;0.58;28/07/2026;06:00;;0;SOLEIL;;;0
Auch;43.64;0.58;28/07/2026;07:00;;0;SOLEIL;;;0
Auch;43.64;0.58;28/07/2026;08:00;20.2;0;SOLEIL;5;0;0
Auch;43.64;0.58;28/07/2026;09:00;21.5;0;SOLEIL;5;0;0
Auch;43.64;0.58;28/07/2026;10:00;22.8;0;SOLEIL;5;0;0
Auch;43.64;0.58;28/07/2026;11:00;;0;SOLEIL;;;0
Auch;43.64;0.58;28/07/2026;12:00;;0;SOLEIL;;;0
Auch;43.64;0.58;28/07/2026;13:00;;0;SOLEIL;;;0
Auch;43.64;0.58;28/07/2026;14:00;27.8;0;SOLEIL;5;0;0
Auch;43.64;0.58;28/07/2026;15:00;29.1;0;SOLEIL;5;0;0
Auch;43.64;0.58;28/07/2026;16:00;27.8;0;SOLEIL;5;0;0
Auch;43.64;0.58;28/07/2026;17:00;;0;SOLEIL;;;0
Auch;43.64;0.58;28/07/2026;18:00;;0;SOLEIL;;;0
Auch;43.64;0.58;28/07/2026;19:00;;0;SOLEIL;;;0
Auch;43.64;0.58;28/07/2026;20:00;22.8;0;SOLEIL;5;0;0
Auch;43.64;0.58;28/07/2026;21:00;21.5;0;SOLEIL;5;0;0
Auch;43.64;0.58;28/07/2026;22:00;20.2;0;SOLEIL;5;0;0
Auch;43.64;0.58;28/07/2026;23:00;;0;SOLEIL;;;0
Auch;43.64;0.58;29/07/2026;00:00;;0;SOLEIL;;;0
Auch;43.64;0.58;29/07/2026;01:00;;0;SOLEIL;;;0
Auch;43.64;0.58;29/07/2026;02:00;17.1;0;SOLEIL;5;0;0
Auch;43.64;0.58;29/07/2026;03:00;17.1;0;SOLEIL;5;0;0
Auch;43.64;0.58;29/07/2026;04:00;17.1;0;SOLEIL;5;0;0
Auch;43.64;0.58;29/07/2026;05:00;;0;SOLEIL;;;0
Auch;43.64;0.58;29/07/2026;06:00;;0;SOLEIL;;;0
Auch;43.64;0.58;29/07/2026;07:00;;0;SOLEIL;;;0
Auch;43.64;0.58;29/07/2026;08:00;19.9;0;SOLEIL;5;0;0
Auch;43.64;0.58;29/07/2026;09:00;21.4;0;SOLEIL;5;0;0
Auch;43.64;0.58;29/07/2026;10:00;22.8;0;SOLEIL;5;0;0
Auch;43.64;0.58;29/07/2026;11:00;;0;SOLEIL;;;0
Auch;43.64;0.58;29/07/2026;12:00;;0;SOLEIL;;;0
Auch;43.64;0.58;29/07/2026;13:00;;0;SOLEIL;;;0
Auch;43.64;0.58;29/07/2026;14:00;28.5;0;SOLEIL;5;0;0
Auch;43.64;0.58;29/07/2026;15:00;29.9;0;SOLEIL;5;0;0
Auch;43.64;0.58;29/07/2026;16:00;28.5;0;SOLEIL;5;0;0
Auch;43.64;0.58;29/07/2026;17:00;;0;SOLEIL;;;0
Auch;43.64;0.58;29/07/2026;18:00;;0;SOLEIL;;;0
Auch;43.64;0.58;29/07/2026;19:00;;0;SOLEIL;;;0
Auch;43.64;0.58;29/07/2026;20:00;22.8;0;SOLEIL;5;0;0
Auch;43.64;0.58;29/07/2026;21:00;21.4;0;SOLEIL;5;0;0
Auch;43.64;0.58;29/07/2026;22:00;19.9;0;SOLEIL;5;0;0
Auch;43.64;0.58;29/07/2026;23:00;18.5;0;SOLEIL;5;0;0
Auch;43.64;0.58;30/07/2026;00:00;12;0;SOLEIL;5;0;0
Auch;43.64;0.58;30/07/2026;01:00;12;0;SOLEIL;5;0;0
Auch;43.64;0.58;30/07/2026;02:00;12;0;SOLEIL;5;0;0
Auch;43.64;0.58;30/07/2026;03:00;12;0;SOLEIL;5;0;0
Auch;43.64;0.58;30/07/2026;04:00;12;0;SOLEIL;5;0;0
Auch;43.64;0.58;30/07/2026;05:00;12;0;SOLEIL;5;0;0
Auch;43.64;0.58;30/07/2026;06:00;12;0;SOLEIL;5;0;0
Auch;43.64;0.58;30/07/2026;07:00;13.1;0;SOLEIL;5;0;0
Auch;43.64;0.58;30/07/2026;08:00;14.2;0;SOLEIL;5;0;0
Auch;43.64;0.58;30/07/2026;09:00;15.3;0;SOLEIL;5;0;0
Auch;43.64;0.58;30/07/2026;10:00;16.4;0;SOLEIL;5;0;0
Auch;43.64;0.58;30/07/2026;11:00;17.6;0;SOLEIL;5;0;0
Auch;43.64;0.58;30/07/2026;12:00;18.7;0;SOLEIL;5;0;0
Auch;43.64;0.58;30/07/2026;13:00;19.8;0;SOLEIL;5;0;0
Auch;43.64;0.58;30/07/2026;14:00;20.9;0;SOLEIL;5;0;0
Auch;43.64;0.58;30/07/2026;15:00;22.0;0;SOLEIL;5;0;0
Auch;43.64;0.58;30/07/2026;16:00;20.9;0;SOLEIL;5;0;0
Auch;43.64;0.58;30/07/2026;17:00;19.8;0;SOLEIL;5;0;0
Auch;43.64;0.58;30/07/2026;18:00;18.7;0;SOLEIL;5;0;0
Auch;43.64;0.58;30/07/2026;19:00;17.6;0;SOLEIL;5;0;0
Auch;43.64;0.58;30/07/2026;20:00;16.4;0;SOLEIL;5;0;0
Auch;43.64;0.58;30/07/2026;21:00;15.3;0;SOLEIL;5;0;0
Auch;43.64;0.58;30/07/2026;22:00;14.2;0;SOLEIL;5;0;0
Auch;43.64;0.58;30/07/2026;23:00;13.1;0;SOLEIL;5;0;0
Auch;43.64;0.58;31/07/2026;00:00;12;0;SOLEIL;5;0;0
Auch;43.64;0.58;31/07/2026;01:00;12;0;SOLEIL;5;0;0
Auch;43.64;0.58;31/07/2026;02:00;12;0;SOLEIL;5;0;0
Auch;43.64;0.58;31/07/2026;03:00;12;0;SOLEIL;5;0;0
Auch;43.64;0.58;31/07/2026;04:00;12;0;SOLEIL;5;0;0
Auch;43.64;0.58;31/07/2026;05:00;12;0;SOLEIL;5;0;0
Auch;43.64;0.58;31/07/2026;06:00;12;0;SOLEIL;5;0;0
Auch;43.64;0.58;31/07/2026;07:00;13.1;0;SOLEIL;5;0;0
Auch;43.64;0.58;31/07/2026;08:00;14.2;0;SOLEIL;5;0;0
Auch;43.64;0.58;31/07/2026;09:00;15.3;0;SOLEIL;5;0;0
Auch;43.64;0.58;31/07/2026;10:00;16.4;0;SOLEIL;5;0;0
Auch;43.64;0.58;31/07/2026;11:00;17.6;0;SOLEIL;5;0;0
Auch;43.64;0.58;31/07/2026;12:00;18.7;0;SOLEIL;5;0;0
Auch;43.64;0.58;31/07/2026;13:00;19.8;0;SOLEIL;5;0;0
Auch;43.64;0.58;31/07/2026;14:00;20.9;0;SOLEIL;5;0;0
Auch;43.64;0.58;31/07/2026;15:00;22.0;0;SOLEIL;5;0;0
Auch;43.64;0.58;31/07/2026;16:00;20.9;0;SOLEIL;5;0;0
Auch;43.64;0.58;31/07/2026;17:00;19.8;0;SOLEIL;5;0;0
Auch;43.64;0.58;31/07/2026;18:00;18.7;0;SOLEIL;5;0;0
Auch;43.64;0.58;31/07/2026;19:00;17.6;0;SOLEIL;5;0;0
Auch;43.64;0.58;31/07/2026;20:00;16.4;0;SOLEIL;5;0;0
Auch;43.64;0.58;31/07/2026;21:00;15.3;0;SOLEIL;5;0;0
Auch;43.64;0.58;31/07/2026;22:00;14.2;0;SOLEIL;5;0;0
Auch;43.64;0.58;31/07/2026;23:00;13.1;0;SOLEIL;5;0;0
Béziers;43.34;3.21;16/07/2026;00:00;23.7;0;SOLEIL;2;16.6;0
Béziers;43.34;3.21;16/07/2026;01:00;23;0;SOLEIL;3;11.1;0
Béziers;43.34;3.21;16/07/2026;02:00;22.6;0;SOLEIL;2;10.6;0
Béziers;43.34;3.21;16/07/2026;03:00;23;0;SOLEIL;2;9.5;0
Béziers;43.34;3.21;16/07/2026;04:00;22.5;0;SOLEIL;2;10.4;0
Béziers;43.34;3.21;16/07/2026;05:00;22.9;0;SOLEIL;2;5.0;0
Béziers;43.34;3.21;16/07/2026;06:00;24.6;0;SOLEIL;2;7.6;0
Béziers;43.34;3.21;16/07/2026;07:00;27.9;0;SOLEIL;2;7.6;0
Béziers;43.34;3.21;16/07/2026;08:00;29;0;SOLEIL;2;11.2;0
Béziers;43.34;3.21;16/07/2026;09:00;29.4;5;SOLEIL VOILÉ;3;10.4;0
Béziers;43.34;3.21;16/07/2026;10:00;30.1;2;NUAGEUX;4;19.1;0
Béziers;43.34;3.21;16/07/2026;11:00;31.6;2;NUAGEUX;4;37.8;0
Béziers;43.34;3.21;16/07/2026;12:00;32.9;2;NUAGEUX;4;32.8;0
Béziers;43.34;3.21;16/07/2026;13:00;31.4;10;ORAGEUX;4;52.2;0.1
Béziers;43.34;3.21;16/07/2026;14:00;30;10;ORAGEUX;4;64.8;0
Béziers;43.34;3.21;16/07/2026;15:00;29.1;10;ORAGEUX;4;36.7;1.4
Béziers;43.34;3.21;16/07/2026;16:00;28.7;10;ORAGEUX;4;29.5;0.5
Béziers;43.34;3.21;16/07/2026;17:00;28.6;10;ORAGEUX;4;30.2;0.1
Béziers;43.34;3.21;16/07/2026;18:00;28.1;10;ORAGEUX;4;30.6;0
Béziers;43.34;3.21;16/07/2026;19:00;26.7;5;SOLEIL VOILÉ;3;30.6;0
Béziers;43.34;3.21;16/07/2026;20:00;25.6;0;SOLEIL;3;37.8;0
Béziers;43.34;3.21;16/07/2026;21:00;25.1;0;SOLEIL;3;82.8;0
Béziers;43.34;3.21;16/07/2026;22:00;25;0;SOLEIL;2;76.0;0
Béziers;43.34;3.21;16/07/2026;23:00;25.1;0;SOLEIL;2;89.3;0
Béziers;43.34;3.21;17/07/2026;00:00;23;0;SOLEIL;2;53.6;0
Béziers;43.34;3.21;17/07/2026;01:00;23;0;SOLEIL;2;6.1;0
Béziers;43.34;3.21;17/07/2026;02:00;22.5;0;SOLEIL;3;6.5;0
Béziers;43.34;3.21;17/07/2026;03:00;22.5;0;SOLEIL;3;17.6;0
Béziers;43.34;3.21;17/07/2026;04:00;22.5;0;SOLEIL;3;28.1;0
Béziers;43.34;3.21;17/07/2026;05:00;24.6;0;SOLEIL;4;22.7;0
Béziers;43.34;3.21;17/07/2026;06:00;24.6;0;SOLEIL;4;10.1;0
Béziers;43.34;3.21;17/07/2026;07:00;24.6;0;SOLEIL;4;6.5;0
Béziers;43.34;3.21;17/07/2026;08:00;29.5;0;SOLEIL;4;11.2;0
Béziers;43.34;3.21;17/07/2026;09:00;29.5;0;SOLEIL;4;19.1;0
Béziers;43.34;3.21;17/07/2026;10:00;29.5;0;SOLEIL;4;22.0;0
Béziers;43.34;3.21;17/07/2026;11:00;33.4;0;SOLEIL;4;24.1;0
Béziers;43.34;3.21;17/07/2026;12:00;33.4;0;SOLEIL;4;25.2;0
Béziers;43.34;3.21;17/07/2026;13:00;33.4;0;SOLEIL;4;26.6;0
Béziers;43.34;3.21;17/07/2026;14:00;35.1;0;SOLEIL;6;26.6;0
Béziers;43.34;3.21;17/07/2026;15:00;35.1;0;SOLEIL;6;25.6;0
Béziers;43.34;3.21;17/07/2026;16:00;35.1;0;SOLEIL;6;34.9;0
Béziers;43.34;3.21;17/07/2026;17:00;31.7;0;SOLEIL;7;38.2;0
Béziers;43.34;3.21;17/07/2026;18:00;31.7;0;SOLEIL;7;47.6;0
Béziers;43.34;3.21;17/07/2026;19:00;31.7;0;SOLEIL;7;45.5;0
Béziers;43.34;3.21;17/07/2026;20:00;27;0;SOLEIL;6;45.3;0
Béziers;43.34;3.21;17/07/2026;21:00;27;0;SOLEIL;6;47.2;0
Béziers;43.34;3.21;17/07/2026;22:00;27;0;SOLEIL;6;42.8;0
Béziers;43.34;3.21;17/07/2026;23:00;24.1;0;SOLEIL;6;38.9;0
Béziers;43.34;3.21;18/07/2026;00:00;24.1;0;SOLEIL;6;34.9;0
Béziers;43.34;3.21;18/07/2026;01:00;24.1;0;SOLEIL;6;34.2;0
Béziers;43.34;3.21;18/07/2026;02:00;21.9;0;SOLEIL;4;33.8;0
Béziers;43.34;3.21;18/07/2026;03:00;21.9;0;SOLEIL;4;30.2;0
Béziers;43.34;3.21;18/07/2026;04:00;21.9;0;SOLEIL;4;18.7;0
Béziers;43.34;3.21;18/07/2026;05:00;24.9;0;SOLEIL;3;13.0;0
Béziers;43.34;3.21;18/07/2026;06:00;24.9;0;SOLEIL;3;18.0;0
Béziers;43.34;3.21;18/07/2026;07:00;24.9;0;SOLEIL;3;19.4;0
Béziers;43.34;3.21;18/07/2026;08:00;30;0;SOLEIL;3;23.4;0
Béziers;43.34;3.21;18/07/2026;09:00;30;0;SOLEIL;3;25.6;0
Béziers;43.34;3.21;18/07/2026;10:00;30;0;SOLEIL;3;25.9;0
Béziers;43.34;3.21;18/07/2026;11:00;34.6;0;SOLEIL;2;24.1;0
Béziers;43.34;3.21;18/07/2026;12:00;34.6;0;SOLEIL;2;24.1;0
Béziers;43.34;3.21;18/07/2026;13:00;34.6;0;SOLEIL;2;24.8;0
Béziers;43.34;3.21;18/07/2026;14:00;35;0;SOLEIL;6;24.5;0
Béziers;43.34;3.21;18/07/2026;15:00;35;0;SOLEIL;6;27.4;0
Béziers;43.34;3.21;18/07/2026;16:00;35;0;SOLEIL;6;41.4;0
Béziers;43.34;3.21;18/07/2026;17:00;33.6;0;SOLEIL;6;46.8;0
Béziers;43.34;3.21;18/07/2026;18:00;33.6;0;SOLEIL;6;46.4;0
Béziers;43.34;3.21;18/07/2026;19:00;33.6;0;SOLEIL;6;46.4;0
Béziers;43.34;3.21;18/07/2026;20:00;27.7;0;SOLEIL;5;45.4;0
Béziers;43.34;3.21;18/07/2026;21:00;26.0;0;SOLEIL;5;40.3;0
Béziers;43.34;3.21;18/07/2026;22:00;24.4;0;SOLEIL;5;26.3;0
Béziers;43.34;3.21;18/07/2026;23:00;25.4;0;SOLEIL;2;14.4;0
Béziers;43.34;3.21;19/07/2026;00:00;25.4;0;SOLEIL;2;8.6;0
Béziers;43.34;3.21;19/07/2026;01:00;25.4;0;SOLEIL;2;14.4;0
Béziers;43.34;3.21;19/07/2026;02:00;21;0;SOLEIL;5;20.5;0
Béziers;43.34;3.21;19/07/2026;03:00;21;0;SOLEIL;5;14.0;0
Béziers;43.34;3.21;19/07/2026;04:00;21;0;SOLEIL;5;10.8;0
Béziers;43.34;3.21;19/07/2026;05:00;23.7;0;SOLEIL;2;4.7;0
Béziers;43.34;3.21;19/07/2026;06:00;23.7;0;SOLEIL;2;5.0;0
Béziers;43.34;3.21;19/07/2026;07:00;23.7;0;SOLEIL;2;5.8;0
Béziers;43.34;3.21;19/07/2026;08:00;23.9;0;SOLEIL;5;9.0;0
Béziers;43.34;3.21;19/07/2026;09:00;25.4;0;SOLEIL;5;23.0;0
Béziers;43.34;3.21;19/07/2026;10:00;26.8;0;SOLEIL;5;24.5;0
Béziers;43.34;3.21;19/07/2026;11:00;33.2;0;SOLEIL;4;22.7;0
Béziers;43.34;3.21;19/07/2026;12:00;33.2;0;SOLEIL;4;20.2;0
Béziers;43.34;3.21;19/07/2026;13:00;33.2;0;SOLEIL;4;23.0;0
Béziers;43.34;3.21;19/07/2026;14:00;32.6;0;SOLEIL;5;29.5;0
Béziers;43.34;3.21;19/07/2026;15:00;34.1;0;SOLEIL;5;33.5;0
Béziers;43.34;3.21;19/07/2026;16:00;32.6;0;SOLEIL;5;40.7;0
Béziers;43.34;3.21;19/07/2026;17:00;30.1;0;SOLEIL;4;42.8;0
Béziers;43.34;3.21;19/07/2026;18:00;30.1;0;SOLEIL;4;39.6;0
Béziers;43.34;3.21;19/07/2026;19:00;30.1;0;SOLEIL;4;38.7;0
Béziers;43.34;3.21;19/07/2026;20:00;26.8;0;SOLEIL;5;34.6;0
Béziers;43.34;3.21;19/07/2026;21:00;25.4;0;SOLEIL;5;31.0;0
Béziers;43.34;3.21;19/07/2026;22:00;23.9;0;SOLEIL;5;27.7;0
Béziers;43.34;3.21;19/07/2026;23:00;24.7;0;SOLEIL;4;24.5;0
Béziers;43.34;3.21;20/07/2026;00:00;24.7;0;SOLEIL;4;21.2;0
Béziers;43.34;3.21;20/07/2026;01:00;24.7;0;SOLEIL;4;17.6;0
Béziers;43.34;3.21;20/07/2026;02:00;21.1;0;SOLEIL;5;15.8;0
Béziers;43.34;3.21;20/07/2026;03:00;21.1;0;SOLEIL;5;16.9;0
Béziers;43.34;3.21;20/07/2026;04:00;21.1;0;SOLEIL;5;19.1;0
Béziers;43.34;3.21;20/07/2026;05:00;23.6;0;SOLEIL;2;20.2;0
Béziers;43.34;3.21;20/07/2026;06:00;23.6;0;SOLEIL;2;17.6;0
Béziers;43.34;3.21;20/07/2026;07:00;23.6;0;SOLEIL;2;13.7;0
Béziers;43.34;3.21;20/07/2026;08:00;23.7;0;SOLEIL;5;11.2;0
Béziers;43.34;3.21;20/07/2026;09:00;25.0;0;SOLEIL;5;11.2;0
Béziers;43.34;3.21;20/07/2026;10:00;26.3;0;SOLEIL;5;12.6;0
Béziers;43.34;3.21;20/07/2026;11:00;32.1;0;SOLEIL;5;15.1;0
Béziers;43.34;3.21;20/07/2026;12:00;32.1;0;SOLEIL;5;18.4;0
Béziers;43.34;3.21;20/07/2026;13:00;32.1;0;SOLEIL;5;22.7;0
Béziers;43.34;3.21;20/07/2026;14:00;31.4;0;SOLEIL;5;27.0;0
Béziers;43.34;3.21;20/07/2026;15:00;32.7;0;SOLEIL;5;31.7;0
Béziers;43.34;3.21;20/07/2026;16:00;31.4;0;SOLEIL;5;36.7;0
Béziers;43.34;3.21;20/07/2026;17:00;29;0;SOLEIL;3;39.6;0
Béziers;43.34;3.21;20/07/2026;18:00;29;0;SOLEIL;3;38.9;0
Béziers;43.34;3.21;20/07/2026;19:00;29;0;SOLEIL;3;36.0;0
Béziers;43.34;3.21;20/07/2026;20:00;26.3;0;SOLEIL;5;33.1;0
Béziers;43.34;3.21;20/07/2026;21:00;25.0;0;SOLEIL;5;30.6;0
Béziers;43.34;3.21;20/07/2026;22:00;23.7;0;SOLEIL;5;28.1;0
Béziers;43.34;3.21;20/07/2026;23:00;23.4;0;SOLEIL;3;25.6;0
Béziers;43.34;3.21;21/07/2026;00:00;23.4;0;SOLEIL;3;22.7;0
Béziers;43.34;3.21;21/07/2026;01:00;23.4;0;SOLEIL;3;19.8;0
Béziers;43.34;3.21;21/07/2026;02:00;21.1;0;SOLEIL;5;17.6;0
Béziers;43.34;3.21;21/07/2026;03:00;21.1;0;SOLEIL;5;16.9;0
Béziers;43.34;3.21;21/07/2026;04:00;21.1;0;SOLEIL;5;16.6;0
Béziers;43.34;3.21;21/07/2026;05:00;22.9;0;SOLEIL;2;16.6;0
Béziers;43.34;3.21;21/07/2026;06:00;22.9;0;SOLEIL;2;15.8;0
Béziers;43.34;3.21;21/07/2026;07:00;22.9;0;SOLEIL;2;14.8;0
Béziers;43.34;3.21;21/07/2026;08:00;24.1;0;SOLEIL;5;15.1;0
Béziers;43.34;3.21;21/07/2026;09:00;25.5;0;SOLEIL;5;17.6;0
Béziers;43.34;3.21;21/07/2026;10:00;27.0;0;SOLEIL;5;21.2;0
Béziers;43.34;3.21;21/07/2026;11:00;32.4;0;SOLEIL;4;24.8;0
Béziers;43.34;3.21;21/07/2026;12:00;32.4;0;SOLEIL;4;27.7;0
Béziers;43.34;3.21;21/07/2026;13:00;32.4;0;SOLEIL;4;30.6;0
Béziers;43.34;3.21;21/07/2026;14:00;32.9;0;SOLEIL;5;32.8;0
Béziers;43.34;3.21;21/07/2026;15:00;34.4;0;SOLEIL;5;33.5;0
Béziers;43.34;3.21;21/07/2026;16:00;32.9;0;SOLEIL;5;33.5;0
Béziers;43.34;3.21;21/07/2026;17:00;30.9;0;SOLEIL;4;33.1;0
Béziers;43.34;3.21;21/07/2026;18:00;30.9;0;SOLEIL;4;32.4;0
Béziers;43.34;3.21;21/07/2026;19:00;30.9;0;SOLEIL;4;31.7;0
Béziers;43.34;3.21;21/07/2026;20:00;27.0;0;SOLEIL;5;31.3;0
Béziers;43.34;3.21;21/07/2026;21:00;25.5;0;SOLEIL;5;31.7;0
Béziers;43.34;3.21;21/07/2026;22:00;24.1;0;SOLEIL;5;32.0;0
Béziers;43.34;3.21;21/07/2026;23:00;22.5;0;SOLEIL;3;32.4;0
Béziers;43.34;3.21;22/07/2026;00:00;22.5;0;SOLEIL;3;32.8;0
Béziers;43.34;3.21;22/07/2026;01:00;22.5;0;SOLEIL;3;33.1;0
Béziers;43.34;3.21;22/07/2026;02:00;20;0;SOLEIL;5;32.8;0
Béziers;43.34;3.21;22/07/2026;03:00;20;0;SOLEIL;5;31.7;0
Béziers;43.34;3.21;22/07/2026;04:00;20;0;SOLEIL;5;29.9;0
Béziers;43.34;3.21;22/07/2026;05:00;22.7;0;SOLEIL;3;27.7;0
Béziers;43.34;3.21;22/07/2026;06:00;22.7;0;SOLEIL;3;25.6;0
Béziers;43.34;3.21;22/07/2026;07:00;22.7;0;SOLEIL;3;24.1;0
Béziers;43.34;3.21;22/07/2026;08:00;23.2;0;SOLEIL;5;24.1;0
Béziers;43.34;3.21;22/07/2026;09:00;24.8;0;SOLEIL;5;25.2;0
Béziers;43.34;3.21;22/07/2026;10:00;26.4;0;SOLEIL;5;27.7;0
Béziers;43.34;3.21;22/07/2026;11:00;32.5;0;SOLEIL;4;30.6;0
Béziers;43.34;3.21;22/07/2026;12:00;32.5;0;SOLEIL;4;33.8;0
Béziers;43.34;3.21;22/07/2026;13:00;32.5;0;SOLEIL;4;37.1;0
Béziers;43.34;3.21;22/07/2026;14:00;32.8;0;SOLEIL;5;39.6;0
Béziers;43.34;3.21;22/07/2026;15:00;34.4;0;SOLEIL;5;42.1;0
Béziers;43.34;3.21;22/07/2026;16:00;32.8;0;SOLEIL;5;44.6;0
Béziers;43.34;3.21;22/07/2026;17:00;31.1;0;SOLEIL;4;47.2;0
Béziers;43.34;3.21;22/07/2026;18:00;31.1;0;SOLEIL;4;49.3;0
Béziers;43.34;3.21;22/07/2026;19:00;31.1;0;SOLEIL;4;50.8;0
Béziers;43.34;3.21;22/07/2026;20:00;26.4;0;SOLEIL;5;51.5;0
Béziers;43.34;3.21;22/07/2026;21:00;24.8;0;SOLEIL;5;51.5;0
Béziers;43.34;3.21;22/07/2026;22:00;23.2;0;SOLEIL;5;50.8;0
Béziers;43.34;3.21;22/07/2026;23:00;22.6;0;SOLEIL;2;49.3;0
Béziers;43.34;3.21;23/07/2026;00:00;22.6;0;SOLEIL;2;47.5;0
Béziers;43.34;3.21;23/07/2026;01:00;22.6;0;SOLEIL;2;45.4;0
Béziers;43.34;3.21;23/07/2026;02:00;19.7;0;SOLEIL;5;43.2;0
Béziers;43.34;3.21;23/07/2026;03:00;19.7;0;SOLEIL;5;40.3;0
Béziers;43.34;3.21;23/07/2026;04:00;19.7;0;SOLEIL;5;36.4;0
Béziers;43.34;3.21;23/07/2026;05:00;22.6;0;SOLEIL;3;32.4;0
Béziers;43.34;3.21;23/07/2026;06:00;22.6;0;SOLEIL;3;28.4;0
Béziers;43.34;3.21;23/07/2026;07:00;22.6;0;SOLEIL;3;25.9;0
Béziers;43.34;3.21;23/07/2026;08:00;23.2;0;SOLEIL;5;24.8;0
Béziers;43.34;3.21;23/07/2026;09:00;24.9;0;SOLEIL;5;25.9;0
Béziers;43.34;3.21;23/07/2026;10:00;26.7;0;SOLEIL;5;28.8;0
Béziers;43.34;3.21;23/07/2026;11:00;33.6;0;SOLEIL;4;32.4;0
Béziers;43.34;3.21;23/07/2026;12:00;33.6;0;SOLEIL;4;36.7;0
Béziers;43.34;3.21;23/07/2026;13:00;33.6;0;SOLEIL;4;40.7;0
Béziers;43.34;3.21;23/07/2026;14:00;33.7;0;SOLEIL;5;43.6;0
Béziers;43.34;3.21;23/07/2026;15:00;35.4;0;SOLEIL;5;45.7;0
Béziers;43.34;3.21;23/07/2026;16:00;33.7;0;SOLEIL;5;47.5;0
Béziers;43.34;3.21;23/07/2026;17:00;31.7;0;SOLEIL;4;49.0;0
Béziers;43.34;3.21;23/07/2026;18:00;31.7;0;SOLEIL;4;50.4;0
Béziers;43.34;3.21;23/07/2026;19:00;31.7;0;SOLEIL;4;51.5;0
Béziers;43.34;3.21;23/07/2026;20:00;26.7;0;SOLEIL;5;52.2;0
Béziers;43.34;3.21;23/07/2026;21:00;24.9;0;SOLEIL;5;52.9;0
Béziers;43.34;3.21;23/07/2026;22:00;23.2;0;SOLEIL;5;53.3;0
Béziers;43.34;3.21;23/07/2026;23:00;23.6;0;SOLEIL;4;53.6;0
Béziers;43.34;3.21;24/07/2026;00:00;23.6;0;SOLEIL;4;53.6;0
Béziers;43.34;3.21;24/07/2026;01:00;23.6;0;SOLEIL;4;52.9;0
Béziers;43.34;3.21;24/07/2026;02:00;20.6;0;SOLEIL;5;51.1;0
Béziers;43.34;3.21;24/07/2026;03:00;20.6;0;SOLEIL;5;48.2;0
Béziers;43.34;3.21;24/07/2026;04:00;20.6;0;SOLEIL;5;43.6;0
Béziers;43.34;3.21;24/07/2026;05:00;23.1;0;SOLEIL;3;38.5;0
Béziers;43.34;3.21;24/07/2026;06:00;23.1;0;SOLEIL;3;33.8;0
Béziers;43.34;3.21;24/07/2026;07:00;23.1;0;SOLEIL;3;29.5;0
Béziers;43.34;3.21;24/07/2026;08:00;23.8;0;SOLEIL;5;26.6;0
Béziers;43.34;3.21;24/07/2026;09:00;25.4;0;SOLEIL;5;25.6;0
Béziers;43.34;3.21;24/07/2026;10:00;27.0;0;SOLEIL;5;25.6;0
Béziers;43.34;3.21;24/07/2026;11:00;33.6;0;SOLEIL;4;26.3;0
Béziers;43.34;3.21;24/07/2026;12:00;33.6;0;SOLEIL;4;27.4;0
Béziers;43.34;3.21;24/07/2026;13:00;33.6;0;SOLEIL;4;28.4;0
Béziers;43.34;3.21;24/07/2026;14:00;33.4;0;SOLEIL;5;29.2;0
Béziers;43.34;3.21;24/07/2026;15:00;35.0;0;SOLEIL;5;29.5;0
Béziers;43.34;3.21;24/07/2026;16:00;33.4;0;SOLEIL;5;29.5;0
Béziers;43.34;3.21;24/07/2026;17:00;31.1;0;SOLEIL;4;29.5;0
Béziers;43.34;3.21;24/07/2026;18:00;31.1;0;SOLEIL;4;29.5;0
Béziers;43.34;3.21;24/07/2026;19:00;31.1;0;SOLEIL;4;29.5;0
Béziers;43.34;3.21;24/07/2026;20:00;27.0;0;SOLEIL;5;29.5;0
Béziers;43.34;3.21;24/07/2026;21:00;25.4;0;SOLEIL;5;29.5;0
Béziers;43.34;3.21;24/07/2026;22:00;23.8;0;SOLEIL;5;29.5;0
Béziers;43.34;3.21;24/07/2026;23:00;24.6;0;SOLEIL;5;29.9;0
Béziers;43.34;3.21;25/07/2026;00:00;24.6;0;SOLEIL;5;29.5;0
Béziers;43.34;3.21;25/07/2026;01:00;24.6;0;SOLEIL;5;29.2;0
Béziers;43.34;3.21;25/07/2026;02:00;21.6;0;SOLEIL;5;28.1;0
Béziers;43.34;3.21;25/07/2026;03:00;21.6;0;SOLEIL;5;25.9;0
Béziers;43.34;3.21;25/07/2026;04:00;21.6;0;SOLEIL;5;22.7;0
Béziers;43.34;3.21;25/07/2026;05:00;;0;SOLEIL;;19.1;0
Béziers;43.34;3.21;25/07/2026;06:00;;0;SOLEIL;;15.8;0
Béziers;43.34;3.21;25/07/2026;07:00;;0;SOLEIL;;13.7;0
Béziers;43.34;3.21;25/07/2026;08:00;24.0;0;SOLEIL;5;13.3;0
Béziers;43.34;3.21;25/07/2026;09:00;25.3;0;SOLEIL;5;15.5;0
Béziers;43.34;3.21;25/07/2026;10:00;26.5;0;SOLEIL;5;19.4;0
Béziers;43.34;3.21;25/07/2026;11:00;;0;SOLEIL;;24.5;0
Béziers;43.34;3.21;25/07/2026;12:00;;0;SOLEIL;;30.2;0
Béziers;43.34;3.21;25/07/2026;13:00;;0;SOLEIL;;35.3;0
Béziers;43.34;3.21;25/07/2026;14:00;31.4;0;SOLEIL;5;39.2;0
Béziers;43.34;3.21;25/07/2026;15:00;32.6;0;SOLEIL;5;42.5;0
Béziers;43.34;3.21;25/07/2026;16:00;31.4;0;SOLEIL;5;45.4;0
Béziers;43.34;3.21;25/07/2026;17:00;;0;SOLEIL;;48.2;0
Béziers;43.34;3.21;25/07/2026;18:00;;0;SOLEIL;;50.0;0
Béziers;43.34;3.21;25/07/2026;19:00;;0;SOLEIL;;51.5;0
Béziers;43.34;3.21;25/07/2026;20:00;26.5;0;SOLEIL;5;51.8;0
Béziers;43.34;3.21;25/07/2026;21:00;25.3;0;SOLEIL;5;50.8;0
Béziers;43.34;3.21;25/07/2026;22:00;24.0;0;SOLEIL;5;49.0;0
Béziers;43.34;3.21;25/07/2026;23:00;;0;SOLEIL;;46.1;0
Béziers;43.34;3.21;26/07/2026;00:00;;0;SOLEIL;;42.8;0
Béziers;43.34;3.21;26/07/2026;01:00;;0;SOLEIL;;40.0;0
Béziers;43.34;3.21;26/07/2026;02:00;20.7;0;SOLEIL;5;37.4;0
Béziers;43.34;3.21;26/07/2026;03:00;20.7;0;SOLEIL;5;35.6;0
Béziers;43.34;3.21;26/07/2026;04:00;20.7;0;SOLEIL;5;33.8;0
Béziers;43.34;3.21;26/07/2026;05:00;;0;SOLEIL;;32.4;0
Béziers;43.34;3.21;26/07/2026;06:00;;0;SOLEIL;;31.3;0
Béziers;43.34;3.21;26/07/2026;07:00;;0;SOLEIL;;30.2;0
Béziers;43.34;3.21;26/07/2026;08:00;23.0;0;SOLEIL;5;29.2;0
Béziers;43.34;3.21;26/07/2026;09:00;24.2;0;SOLEIL;5;28.1;0
Béziers;43.34;3.21;26/07/2026;10:00;25.3;0;SOLEIL;5;27.0;0
Béziers;43.34;3.21;26/07/2026;11:00;;0;SOLEIL;;26.3;0
Béziers;43.34;3.21;26/07/2026;12:00;;0;SOLEIL;;25.9;0
Béziers;43.34;3.21;26/07/2026;13:00;;0;SOLEIL;;25.9;0
Béziers;43.34;3.21;26/07/2026;14:00;29.9;0;SOLEIL;5;27.0;0
Béziers;43.34;3.21;26/07/2026;15:00;31.1;0;SOLEIL;5;29.5;0
Béziers;43.34;3.21;26/07/2026;16:00;29.9;0;SOLEIL;5;33.5;0
Béziers;43.34;3.21;26/07/2026;17:00;;0;SOLEIL;;37.8;0
Béziers;43.34;3.21;26/07/2026;18:00;;0;SOLEIL;;42.1;0
Béziers;43.34;3.21;26/07/2026;19:00;;0;SOLEIL;;45.4;0
Béziers;43.34;3.21;26/07/2026;20:00;25.3;0;SOLEIL;5;46.8;0
Béziers;43.34;3.21;26/07/2026;21:00;24.2;0;SOLEIL;5;46.1;0
Béziers;43.34;3.21;26/07/2026;22:00;23.0;0;SOLEIL;5;43.9;0
Béziers;43.34;3.21;26/07/2026;23:00;;0;SOLEIL;;40.7;0
Béziers;43.34;3.21;27/07/2026;00:00;;0;SOLEIL;;37.1;0
Béziers;43.34;3.21;27/07/2026;01:00;;0;SOLEIL;;33.5;0
Béziers;43.34;3.21;27/07/2026;02:00;20.6;0;SOLEIL;5;30.6;0
Béziers;43.34;3.21;27/07/2026;03:00;20.6;0;SOLEIL;5;27.7;0
Béziers;43.34;3.21;27/07/2026;04:00;20.6;0;SOLEIL;5;24.5;0
Béziers;43.34;3.21;27/07/2026;05:00;;0;SOLEIL;;21.2;0
Béziers;43.34;3.21;27/07/2026;06:00;;0;SOLEIL;;18.4;0
Béziers;43.34;3.21;27/07/2026;07:00;;0;SOLEIL;;16.6;0
Béziers;43.34;3.21;27/07/2026;08:00;22.9;0;SOLEIL;5;16.2;0
Béziers;43.34;3.21;27/07/2026;09:00;24.1;0;SOLEIL;5;17.6;0
Béziers;43.34;3.21;27/07/2026;10:00;25.3;0;SOLEIL;5;20.2;0
Béziers;43.34;3.21;27/07/2026;11:00;;0;SOLEIL;;23.8;0
Béziers;43.34;3.21;27/07/2026;12:00;;0;SOLEIL;;28.1;0
Béziers;43.34;3.21;27/07/2026;13:00;;0;SOLEIL;;31.7;0
Béziers;43.34;3.21;27/07/2026;14:00;29.9;0;SOLEIL;5;34.9;0
Béziers;43.34;3.21;27/07/2026;15:00;31.1;0;SOLEIL;5;37.4;0
Béziers;43.34;3.21;27/07/2026;16:00;29.9;0;SOLEIL;5;40.0;0
Béziers;43.34;3.21;27/07/2026;17:00;;0;SOLEIL;;42.5;0
Béziers;43.34;3.21;27/07/2026;18:00;;0;SOLEIL;;44.3;0
Béziers;43.34;3.21;27/07/2026;19:00;;0;SOLEIL;;46.1;0
Béziers;43.34;3.21;27/07/2026;20:00;25.3;0;SOLEIL;5;46.8;0
Béziers;43.34;3.21;27/07/2026;21:00;24.1;0;SOLEIL;5;46.8;0
Béziers;43.34;3.21;27/07/2026;22:00;22.9;0;SOLEIL;5;46.4;0
Béziers;43.34;3.21;27/07/2026;23:00;;0;SOLEIL;;45.4;0
Béziers;43.34;3.21;28/07/2026;00:00;;0;SOLEIL;;43.9;0
Béziers;43.34;3.21;28/07/2026;01:00;;0;SOLEIL;;42.5;0
Béziers;43.34;3.21;28/07/2026;02:00;20.2;0;SOLEIL;5;40.7;0
Béziers;43.34;3.21;28/07/2026;03:00;20.2;0;SOLEIL;5;38.5;0
Béziers;43.34;3.21;28/07/2026;04:00;20.2;0;SOLEIL;5;35.6;0
Béziers;43.34;3.21;28/07/2026;05:00;;0;SOLEIL;;32.8;0
Béziers;43.34;3.21;28/07/2026;06:00;;0;SOLEIL;;29.9;0
Béziers;43.34;3.21;28/07/2026;07:00;;0;SOLEIL;;27.4;0
Béziers;43.34;3.21;28/07/2026;08:00;22.4;0;SOLEIL;5;25.9;0
Béziers;43.34;3.21;28/07/2026;09:00;23.5;0;SOLEIL;5;25.2;0
Béziers;43.34;3.21;28/07/2026;10:00;24.6;0;SOLEIL;5;25.2;0
Béziers;43.34;3.21;28/07/2026;11:00;;0;SOLEIL;;25.6;0
Béziers;43.34;3.21;28/07/2026;12:00;;0;SOLEIL;;26.3;0
Béziers;43.34;3.21;28/07/2026;13:00;;0;SOLEIL;;27.4;0
Béziers;43.34;3.21;28/07/2026;14:00;29.0;0;SOLEIL;5;28.8;0
Béziers;43.34;3.21;28/07/2026;15:00;30.1;0;SOLEIL;5;31.0;0
Béziers;43.34;3.21;28/07/2026;16:00;29.0;0;SOLEIL;5;34.2;0
Béziers;43.34;3.21;28/07/2026;17:00;;0;SOLEIL;;37.8;0
Béziers;43.34;3.21;28/07/2026;18:00;;0;SOLEIL;;41.0;0
Béziers;43.34;3.21;28/07/2026;19:00;;0;SOLEIL;;43.6;0
Béziers;43.34;3.21;28/07/2026;20:00;24.6;0;SOLEIL;5;44.3;0
Béziers;43.34;3.21;28/07/2026;21:00;23.5;0;SOLEIL;5;43.2;0
Béziers;43.34;3.21;28/07/2026;22:00;22.4;0;SOLEIL;5;40.0;0
Béziers;43.34;3.21;28/07/2026;23:00;;0;SOLEIL;;36.4;0
Béziers;43.34;3.21;29/07/2026;00:00;;0;SOLEIL;;32.4;0
Béziers;43.34;3.21;29/07/2026;01:00;;0;SOLEIL;;29.2;0
Béziers;43.34;3.21;29/07/2026;02:00;20;0;SOLEIL;5;27.4;0
Béziers;43.34;3.21;29/07/2026;03:00;20;0;SOLEIL;5;27.4;0
Béziers;43.34;3.21;29/07/2026;04:00;20;0;SOLEIL;5;28.1;0
Béziers;43.34;3.21;29/07/2026;05:00;;0;SOLEIL;;29.5;0
Béziers;43.34;3.21;29/07/2026;06:00;;0;SOLEIL;;31.3;0
Béziers;43.34;3.21;29/07/2026;07:00;;0;SOLEIL;;33.5;0
Béziers;43.34;3.21;29/07/2026;08:00;22.4;0;SOLEIL;5;34.9;0
Béziers;43.34;3.21;29/07/2026;09:00;23.7;0;SOLEIL;5;36.4;0
Béziers;43.34;3.21;29/07/2026;10:00;24.9;0;SOLEIL;5;38.2;0
Béziers;43.34;3.21;29/07/2026;11:00;;0;SOLEIL;;39.6;0
Béziers;43.34;3.21;29/07/2026;12:00;;0;SOLEIL;;41.4;0
Béziers;43.34;3.21;29/07/2026;13:00;;0;SOLEIL;;42.5;0
Béziers;43.34;3.21;29/07/2026;14:00;29.8;0;SOLEIL;5;42.8;0
Béziers;43.34;3.21;29/07/2026;15:00;31.0;0;SOLEIL;5;42.5;0
Béziers;43.34;3.21;29/07/2026;16:00;29.8;0;SOLEIL;5;41.8;0
Béziers;43.34;3.21;29/07/2026;17:00;;0;SOLEIL;;40.7;0
Béziers;43.34;3.21;29/07/2026;18:00;;0;SOLEIL;;39.2;0
Béziers;43.34;3.21;29/07/2026;19:00;;0;SOLEIL;;37.8;0
Béziers;43.34;3.21;29/07/2026;20:00;24.9;0;SOLEIL;5;36.0;0
Béziers;43.34;3.21;29/07/2026;21:00;23.7;0;SOLEIL;5;34.2;0
Béziers;43.34;3.21;29/07/2026;22:00;22.4;0;SOLEIL;5;32.4;0
Béziers;43.34;3.21;29/07/2026;23:00;21.2;0;SOLEIL;5;30.2;0
Béziers;43.34;3.21;30/07/2026;00:00;12;0;SOLEIL;5;28.1;0
Béziers;43.34;3.21;30/07/2026;01:00;12;0;SOLEIL;5;25.6;0
Béziers;43.34;3.21;30/07/2026;02:00;12;0;SOLEIL;5;23.4;0
Béziers;43.34;3.21;30/07/2026;03:00;12;0;SOLEIL;5;20.9;0
Béziers;43.34;3.21;30/07/2026;04:00;12;0;SOLEIL;5;17.6;0
Béziers;43.34;3.21;30/07/2026;05:00;12;0;SOLEIL;5;14.8;0
Béziers;43.34;3.21;30/07/2026;06:00;12;0;SOLEIL;5;11.9;0
Béziers;43.34;3.21;30/07/2026;07:00;13.1;0;SOLEIL;5;10.1;0
Béziers;43.34;3.21;30/07/2026;08:00;14.2;0;SOLEIL;5;9.4;0
Béziers;43.34;3.21;30/07/2026;09:00;15.3;0;SOLEIL;5;10.4;0
Béziers;43.34;3.21;30/07/2026;10:00;16.4;0;SOLEIL;5;13.0;0
Béziers;43.34;3.21;30/07/2026;11:00;17.6;0;SOLEIL;5;16.2;0
Béziers;43.34;3.21;30/07/2026;12:00;18.7;0;SOLEIL;5;20.3;0
Béziers;43.34;3.21;30/07/2026;13:00;19.8;0;SOLEIL;5;23.0;0
Béziers;43.34;3.21;30/07/2026;14:00;20.9;0;SOLEIL;5;24.8;0
Béziers;43.34;3.21;30/07/2026;15:00;22.0;0;SOLEIL;5;26.3;0
Béziers;43.34;3.21;30/07/2026;16:00;20.9;0;SOLEIL;5;27.4;0
Béziers;43.34;3.21;30/07/2026;17:00;19.8;0;SOLEIL;5;27.7;0
Béziers;43.34;3.21;30/07/2026;18:00;18.7;0;SOLEIL;5;26.3;0
Béziers;43.34;3.21;30/07/2026;19:00;17.6;0;SOLEIL;5;23.8;0
Béziers;43.34;3.21;30/07/2026;20:00;16.4;0;SOLEIL;5;20.2;0
Béziers;43.34;3.21;30/07/2026;21:00;15.3;0;SOLEIL;5;14.8;0
Béziers;43.34;3.21;30/07/2026;22:00;14.2;0;SOLEIL;5;9.0;0
Béziers;43.34;3.21;30/07/2026;23:00;13.1;0;SOLEIL;5;5.0;0
Béziers;43.34;3.21;31/07/2026;00:00;12;0;SOLEIL;5;0.0;0
Béziers;43.34;3.21;31/07/2026;01:00;12;0;SOLEIL;5;0.0;0
Béziers;43.34;3.21;31/07/2026;02:00;12;0;SOLEIL;5;0.0;0
Béziers;43.34;3.21;31/07/2026;03:00;12;0;SOLEIL;5;0.0;0
Béziers;43.34;3.21;31/07/2026;04:00;12;0;SOLEIL;5;0.0;0
Béziers;43.34;3.21;31/07/2026;05:00;12;0;SOLEIL;5;0.0;0
Béziers;43.34;3.21;31/07/2026;06:00;12;0;SOLEIL;5;0.0;0
Béziers;43.34;3.21;31/07/2026;07:00;13.1;0;SOLEIL;5;0.0;0
Béziers;43.34;3.21;31/07/2026;08:00;14.2;0;SOLEIL;5;0.0;0
Béziers;43.34;3.21;31/07/2026;09:00;15.3;0;SOLEIL;5;0.0;0
Béziers;43.34;3.21;31/07/2026;10:00;16.4;0;SOLEIL;5;0.0;0
Béziers;43.34;3.21;31/07/2026;11:00;17.6;0;SOLEIL;5;0.0;0
Béziers;43.34;3.21;31/07/2026;12:00;18.7;0;SOLEIL;5;0.0;0
Béziers;43.34;3.21;31/07/2026;13:00;19.8;0;SOLEIL;5;0.0;0
Béziers;43.34;3.21;31/07/2026;14:00;20.9;0;SOLEIL;5;0.0;0
Béziers;43.34;3.21;31/07/2026;15:00;22.0;0;SOLEIL;5;0.0;0
Béziers;43.34;3.21;31/07/2026;16:00;20.9;0;SOLEIL;5;0.0;0
Béziers;43.34;3.21;31/07/2026;17:00;19.8;0;SOLEIL;5;0.0;0
Béziers;43.34;3.21;31/07/2026;18:00;18.7;0;SOLEIL;5;0.0;0
Béziers;43.34;3.21;31/07/2026;19:00;17.6;0;SOLEIL;5;0.0;0
Béziers;43.34;3.21;31/07/2026;20:00;16.4;0;SOLEIL;5;0.0;0
Béziers;43.34;3.21;31/07/2026;21:00;15.3;0;SOLEIL;5;0.0;0
Béziers;43.34;3.21;31/07/2026;22:00;14.2;0;SOLEIL;5;0.0;0
Béziers;43.34;3.21;31/07/2026;23:00;13.1;0;SOLEIL;5;0.0;0
Montpellier;43.61;3.87;16/07/2026;00:00;25.2;0;SOLEIL;2;6.8;0
Montpellier;43.61;3.87;16/07/2026;01:00;25.1;0;SOLEIL;2;6.8;0
Montpellier;43.61;3.87;16/07/2026;02:00;25.6;0;SOLEIL;2;6.1;0
Montpellier;43.61;3.87;16/07/2026;03:00;25.1;0;SOLEIL;2;5.0;0
Montpellier;43.61;3.87;16/07/2026;04:00;24.5;0;SOLEIL;2;5.0;0
Montpellier;43.61;3.87;16/07/2026;05:00;24.5;0;SOLEIL;2;4.0;0
Montpellier;43.61;3.87;16/07/2026;06:00;25.7;0;SOLEIL;2;5.0;0
Montpellier;43.61;3.87;16/07/2026;07:00;27.6;0;SOLEIL;2;5.0;0
Montpellier;43.61;3.87;16/07/2026;08:00;29;0;SOLEIL;2;5.0;0
Montpellier;43.61;3.87;16/07/2026;09:00;30.5;0;SOLEIL;2;5.8;0
Montpellier;43.61;3.87;16/07/2026;10:00;31.1;2;NUAGEUX;3;11.2;0
Montpellier;43.61;3.87;16/07/2026;11:00;33.1;2;NUAGEUX;3;19.1;0
Montpellier;43.61;3.87;16/07/2026;12:00;34.1;2;NUAGEUX;3;24.1;0
Montpellier;43.61;3.87;16/07/2026;13:00;34.7;2;NUAGEUX;4;29.2;0
Montpellier;43.61;3.87;16/07/2026;14:00;34.7;2;NUAGEUX;4;28.1;0
Montpellier;43.61;3.87;16/07/2026;15:00;35.4;10;ORAGEUX;4;38.2;0.2
Montpellier;43.61;3.87;16/07/2026;16:00;33.2;10;ORAGEUX;4;39.2;0.7
Montpellier;43.61;3.87;16/07/2026;17:00;32.4;10;ORAGEUX;4;27.0;0
Montpellier;43.61;3.87;16/07/2026;18:00;32;5;SOLEIL VOILÉ;5;28.8;0
Montpellier;43.61;3.87;16/07/2026;19:00;31.4;5;SOLEIL VOILÉ;4;29.5;0
Montpellier;43.61;3.87;16/07/2026;20:00;30.1;0;SOLEIL;3;25.9;0
Montpellier;43.61;3.87;16/07/2026;21:00;29.1;0;SOLEIL;3;22.3;0
Montpellier;43.61;3.87;16/07/2026;22:00;28.6;0;SOLEIL;3;22.0;0
Montpellier;43.61;3.87;16/07/2026;23:00;28.2;0;SOLEIL;2;16.6;0
Montpellier;43.61;3.87;17/07/2026;00:00;27.5;0;SOLEIL;3;9.7;0
Montpellier;43.61;3.87;17/07/2026;01:00;27.5;0;SOLEIL;3;10.8;0
Montpellier;43.61;3.87;17/07/2026;02:00;24.5;0;SOLEIL;1;10.1;0
Montpellier;43.61;3.87;17/07/2026;03:00;24.5;0;SOLEIL;1;10.1;0
Montpellier;43.61;3.87;17/07/2026;04:00;24.5;0;SOLEIL;1;9.0;0
Montpellier;43.61;3.87;17/07/2026;05:00;25.7;0;SOLEIL;2;6.5;0
Montpellier;43.61;3.87;17/07/2026;06:00;25.7;0;SOLEIL;2;7.6;0
Montpellier;43.61;3.87;17/07/2026;07:00;25.7;0;SOLEIL;2;7.6;0
Montpellier;43.61;3.87;17/07/2026;08:00;31.6;0;SOLEIL;2;9.4;0
Montpellier;43.61;3.87;17/07/2026;09:00;31.6;0;SOLEIL;2;13.7;0
Montpellier;43.61;3.87;17/07/2026;10:00;31.6;0;SOLEIL;2;14.0;0
Montpellier;43.61;3.87;17/07/2026;11:00;36;0;SOLEIL;4;12.2;0
Montpellier;43.61;3.87;17/07/2026;12:00;36;0;SOLEIL;4;11.2;0
Montpellier;43.61;3.87;17/07/2026;13:00;36;0;SOLEIL;4;20.9;0
Montpellier;43.61;3.87;17/07/2026;14:00;37.1;0;SOLEIL;6;22.0;0
Montpellier;43.61;3.87;17/07/2026;15:00;37.1;0;SOLEIL;6;23.8;0
Montpellier;43.61;3.87;17/07/2026;16:00;37.1;0;SOLEIL;6;26.6;0
Montpellier;43.61;3.87;17/07/2026;17:00;36;0;SOLEIL;6;31.0;0
Montpellier;43.61;3.87;17/07/2026;18:00;36;0;SOLEIL;6;35.5;0
Montpellier;43.61;3.87;17/07/2026;19:00;36;0;SOLEIL;6;39.1;0
Montpellier;43.61;3.87;17/07/2026;20:00;30.9;0;SOLEIL;5;40.1;0
Montpellier;43.61;3.87;17/07/2026;21:00;30.9;0;SOLEIL;5;40.3;0
Montpellier;43.61;3.87;17/07/2026;22:00;30.9;0;SOLEIL;5;31.0;0
Montpellier;43.61;3.87;17/07/2026;23:00;28.9;0;SOLEIL;4;14.4;0
Montpellier;43.61;3.87;18/07/2026;00:00;28.9;0;SOLEIL;4;11.5;0
Montpellier;43.61;3.87;18/07/2026;01:00;28.9;0;SOLEIL;4;7.6;0
Montpellier;43.61;3.87;18/07/2026;02:00;27.2;0;SOLEIL;3;8.6;0
Montpellier;43.61;3.87;18/07/2026;03:00;27.2;0;SOLEIL;3;9.7;0
Montpellier;43.61;3.87;18/07/2026;04:00;27.2;0;SOLEIL;3;8.6;0
Montpellier;43.61;3.87;18/07/2026;05:00;27.4;0;SOLEIL;2;8.3;0
Montpellier;43.61;3.87;18/07/2026;06:00;27.4;0;SOLEIL;2;9.0;0
Montpellier;43.61;3.87;18/07/2026;07:00;27.4;0;SOLEIL;2;9.0;0
Montpellier;43.61;3.87;18/07/2026;08:00;31.1;0;SOLEIL;2;9.0;0
Montpellier;43.61;3.87;18/07/2026;09:00;31.1;0;SOLEIL;2;9.4;0
Montpellier;43.61;3.87;18/07/2026;10:00;31.1;0;SOLEIL;2;11.9;0
Montpellier;43.61;3.87;18/07/2026;11:00;35;0;SOLEIL;4;12.2;0
Montpellier;43.61;3.87;18/07/2026;12:00;35;0;SOLEIL;4;9.0;0
Montpellier;43.61;3.87;18/07/2026;13:00;35;0;SOLEIL;4;9.7;0
Montpellier;43.61;3.87;18/07/2026;14:00;36.6;0;SOLEIL;5;14.8;0
Montpellier;43.61;3.87;18/07/2026;15:00;36.6;0;SOLEIL;5;27.7;0
Montpellier;43.61;3.87;18/07/2026;16:00;36.6;0;SOLEIL;5;32.8;0
Montpellier;43.61;3.87;18/07/2026;17:00;35;0;SOLEIL;6;34.2;0
Montpellier;43.61;3.87;18/07/2026;18:00;35;0;SOLEIL;6;33.8;0
Montpellier;43.61;3.87;18/07/2026;19:00;35;0;SOLEIL;6;32.0;0
Montpellier;43.61;3.87;18/07/2026;20:00;31.2;0;SOLEIL;5;28.4;0
Montpellier;43.61;3.87;18/07/2026;21:00;29.9;0;SOLEIL;5;22.3;0
Montpellier;43.61;3.87;18/07/2026;22:00;28.6;0;SOLEIL;5;14.4;0
Montpellier;43.61;3.87;18/07/2026;23:00;29.1;0;SOLEIL;4;9.0;0
Montpellier;43.61;3.87;19/07/2026;00:00;29.1;0;SOLEIL;4;7.6;0
Montpellier;43.61;3.87;19/07/2026;01:00;29.1;0;SOLEIL;4;8.6;0
Montpellier;43.61;3.87;19/07/2026;02:00;21.1;0;SOLEIL;5;9.7;0
Montpellier;43.61;3.87;19/07/2026;03:00;21.1;0;SOLEIL;5;10.1;0
Montpellier;43.61;3.87;19/07/2026;04:00;21.1;0;SOLEIL;5;10.8;0
Montpellier;43.61;3.87;19/07/2026;05:00;25.2;0;SOLEIL;2;10.8;0
Montpellier;43.61;3.87;19/07/2026;06:00;25.2;0;SOLEIL;2;9.7;0
Montpellier;43.61;3.87;19/07/2026;07:00;25.2;0;SOLEIL;2;8.6;0
Montpellier;43.61;3.87;19/07/2026;08:00;24.0;0;SOLEIL;5;9.0;0
Montpellier;43.61;3.87;19/07/2026;09:00;25.4;0;SOLEIL;5;13.0;0
Montpellier;43.61;3.87;19/07/2026;10:00;26.9;0;SOLEIL;5;18.4;0
Montpellier;43.61;3.87;19/07/2026;11:00;33.1;0;SOLEIL;4;22.0;0
Montpellier;43.61;3.87;19/07/2026;12:00;33.1;0;SOLEIL;4;20.5;0
Montpellier;43.61;3.87;19/07/2026;13:00;33.1;0;SOLEIL;4;16.9;0
Montpellier;43.61;3.87;19/07/2026;14:00;32.7;0;SOLEIL;5;15.5;0
Montpellier;43.61;3.87;19/07/2026;15:00;34.1;0;SOLEIL;5;19.4;0
Montpellier;43.61;3.87;19/07/2026;16:00;32.7;0;SOLEIL;5;25.6;0
Montpellier;43.61;3.87;19/07/2026;17:00;31.5;0;SOLEIL;4;29.9;0
Montpellier;43.61;3.87;19/07/2026;18:00;31.5;0;SOLEIL;4;31.3;0
Montpellier;43.61;3.87;19/07/2026;19:00;31.5;0;SOLEIL;4;31.3;0
Montpellier;43.61;3.87;19/07/2026;20:00;26.9;0;SOLEIL;5;28.8;0
Montpellier;43.61;3.87;19/07/2026;21:00;25.4;0;SOLEIL;5;21.6;0
Montpellier;43.61;3.87;19/07/2026;22:00;24.0;0;SOLEIL;5;11.9;0
Montpellier;43.61;3.87;19/07/2026;23:00;25.4;0;SOLEIL;5;6.1;0
Montpellier;43.61;3.87;20/07/2026;00:00;25.4;0;SOLEIL;5;7.9;0
Montpellier;43.61;3.87;20/07/2026;01:00;25.4;0;SOLEIL;5;13.3;0
Montpellier;43.61;3.87;20/07/2026;02:00;21.7;0;SOLEIL;5;17.6;0
Montpellier;43.61;3.87;20/07/2026;03:00;21.7;0;SOLEIL;5;19.1;0
Montpellier;43.61;3.87;20/07/2026;04:00;21.7;0;SOLEIL;5;19.1;0
Montpellier;43.61;3.87;20/07/2026;05:00;24.5;0;SOLEIL;4;18.7;0
Montpellier;43.61;3.87;20/07/2026;06:00;24.5;0;SOLEIL;4;17.6;0
Montpellier;43.61;3.87;20/07/2026;07:00;24.5;0;SOLEIL;4;16.2;0
Montpellier;43.61;3.87;20/07/2026;08:00;24.4;0;SOLEIL;5;16.2;0
Montpellier;43.61;3.87;20/07/2026;09:00;25.7;0;SOLEIL;5;19.4;0
Montpellier;43.61;3.87;20/07/2026;10:00;27.0;0;SOLEIL;5;24.5;0
Montpellier;43.61;3.87;20/07/2026;11:00;32.9;0;SOLEIL;3;26.6;0
Montpellier;43.61;3.87;20/07/2026;12:00;32.9;0;SOLEIL;3;23.5;0
Montpellier;43.61;3.87;20/07/2026;13:00;32.9;0;SOLEIL;3;16.6;0
Montpellier;43.61;3.87;20/07/2026;14:00;32.4;0;SOLEIL;5;12.2;0
Montpellier;43.61;3.87;20/07/2026;15:00;33.7;0;SOLEIL;5;15.8;0
Montpellier;43.61;3.87;20/07/2026;16:00;32.4;0;SOLEIL;5;23.8;0
Montpellier;43.61;3.87;20/07/2026;17:00;30.7;0;SOLEIL;3;29.5;0
Montpellier;43.61;3.87;20/07/2026;18:00;30.7;0;SOLEIL;3;30.6;0
Montpellier;43.61;3.87;20/07/2026;19:00;30.7;0;SOLEIL;3;29.9;0
Montpellier;43.61;3.87;20/07/2026;20:00;27.0;0;SOLEIL;5;29.2;0
Montpellier;43.61;3.87;20/07/2026;21:00;25.7;0;SOLEIL;5;29.5;0
Montpellier;43.61;3.87;20/07/2026;22:00;24.4;0;SOLEIL;5;30.2;0
Montpellier;43.61;3.87;20/07/2026;23:00;24.1;0;SOLEIL;5;30.2;0
Montpellier;43.61;3.87;21/07/2026;00:00;24.1;0;SOLEIL;5;29.5;0
Montpellier;43.61;3.87;21/07/2026;01:00;24.1;0;SOLEIL;5;28.1;0
Montpellier;43.61;3.87;21/07/2026;02:00;22.1;0;SOLEIL;5;26.3;0
Montpellier;43.61;3.87;21/07/2026;03:00;22.1;0;SOLEIL;5;23.4;0
Montpellier;43.61;3.87;21/07/2026;04:00;22.1;0;SOLEIL;5;19.4;0
Montpellier;43.61;3.87;21/07/2026;05:00;24.2;0;SOLEIL;4;16.6;0
Montpellier;43.61;3.87;21/07/2026;06:00;24.2;0;SOLEIL;4;14.4;0
Montpellier;43.61;3.87;21/07/2026;07:00;24.2;0;SOLEIL;4;13.0;0
Montpellier;43.61;3.87;21/07/2026;08:00;24.9;0;SOLEIL;5;12.6;0
Montpellier;43.61;3.87;21/07/2026;09:00;26.3;0;SOLEIL;5;14.4;0
Montpellier;43.61;3.87;21/07/2026;10:00;27.7;0;SOLEIL;5;17.6;0
Montpellier;43.61;3.87;21/07/2026;11:00;33.1;0;SOLEIL;3;19.4;0
Montpellier;43.61;3.87;21/07/2026;12:00;33.1;0;SOLEIL;3;18.0;0
Montpellier;43.61;3.87;21/07/2026;13:00;33.1;0;SOLEIL;3;15.1;0
Montpellier;43.61;3.87;21/07/2026;14:00;33.3;0;SOLEIL;5;13.0;0
Montpellier;43.61;3.87;21/07/2026;15:00;34.7;0;SOLEIL;5;12.6;0
Montpellier;43.61;3.87;21/07/2026;16:00;33.3;0;SOLEIL;5;13.3;0
Montpellier;43.61;3.87;21/07/2026;17:00;31.6;0;SOLEIL;3;13.7;0
Montpellier;43.61;3.87;21/07/2026;18:00;31.6;0;SOLEIL;3;13.0;0
Montpellier;43.61;3.87;21/07/2026;19:00;31.6;0;SOLEIL;3;11.9;0
Montpellier;43.61;3.87;21/07/2026;20:00;27.7;0;SOLEIL;5;13.0;0
Montpellier;43.61;3.87;21/07/2026;21:00;26.3;0;SOLEIL;5;18.4;0
Montpellier;43.61;3.87;21/07/2026;22:00;24.9;0;SOLEIL;5;25.6;0
Montpellier;43.61;3.87;21/07/2026;23:00;23.4;0;SOLEIL;5;29.5;0
Montpellier;43.61;3.87;22/07/2026;00:00;23.4;0;SOLEIL;5;27.4;0
Montpellier;43.61;3.87;22/07/2026;01:00;23.4;0;SOLEIL;5;22.3;0
Montpellier;43.61;3.87;22/07/2026;02:00;21.1;0;SOLEIL;5;17.6;0
Montpellier;43.61;3.87;22/07/2026;03:00;21.1;0;SOLEIL;5;14.8;0
Montpellier;43.61;3.87;22/07/2026;04:00;21.1;0;SOLEIL;5;12.2;0
Montpellier;43.61;3.87;22/07/2026;05:00;24.1;0;SOLEIL;4;10.8;0
Montpellier;43.61;3.87;22/07/2026;06:00;24.1;0;SOLEIL;4;10.1;0
Montpellier;43.61;3.87;22/07/2026;07:00;24.1;0;SOLEIL;4;9.7;0
Montpellier;43.61;3.87;22/07/2026;08:00;23.9;0;SOLEIL;5;10.4;0
Montpellier;43.61;3.87;22/07/2026;09:00;25.3;0;SOLEIL;5;11.9;0
Montpellier;43.61;3.87;22/07/2026;10:00;26.7;0;SOLEIL;5;14.4;0
Montpellier;43.61;3.87;22/07/2026;11:00;32.2;0;SOLEIL;3;16.6;0
Montpellier;43.61;3.87;22/07/2026;12:00;32.2;0;SOLEIL;3;19.1;0
Montpellier;43.61;3.87;22/07/2026;13:00;32.2;0;SOLEIL;3;21.2;0
Montpellier;43.61;3.87;22/07/2026;14:00;32.2;0;SOLEIL;5;22.3;0
Montpellier;43.61;3.87;22/07/2026;15:00;33.6;0;SOLEIL;5;20.2;0
Montpellier;43.61;3.87;22/07/2026;16:00;32.2;0;SOLEIL;5;16.6;0
Montpellier;43.61;3.87;22/07/2026;17:00;30.6;0;SOLEIL;3;15.8;0
Montpellier;43.61;3.87;22/07/2026;18:00;30.6;0;SOLEIL;3;19.8;0
Montpellier;43.61;3.87;22/07/2026;19:00;30.6;0;SOLEIL;3;26.6;0
Montpellier;43.61;3.87;22/07/2026;20:00;26.7;0;SOLEIL;5;33.1;0
Montpellier;43.61;3.87;22/07/2026;21:00;25.3;0;SOLEIL;5;39.2;0
Montpellier;43.61;3.87;22/07/2026;22:00;23.9;0;SOLEIL;5;45.0;0
Montpellier;43.61;3.87;22/07/2026;23:00;23.5;0;SOLEIL;3;47.5;0
Montpellier;43.61;3.87;23/07/2026;00:00;23.5;0;SOLEIL;3;40.2;0
Montpellier;43.61;3.87;23/07/2026;01:00;23.5;0;SOLEIL;3;33.7;0
Montpellier;43.61;3.87;23/07/2026;02:00;21.1;0;SOLEIL;5;31.4;0
Montpellier;43.61;3.87;23/07/2026;03:00;21.1;0;SOLEIL;5;31.3;0
Montpellier;43.61;3.87;23/07/2026;04:00;21.1;0;SOLEIL;5;31.0;0
Montpellier;43.61;3.87;23/07/2026;05:00;24;0;SOLEIL;3;30.2;0
Montpellier;43.61;3.87;23/07/2026;06:00;24;0;SOLEIL;3;29.5;0
Montpellier;43.61;3.87;23/07/2026;07:00;24;0;SOLEIL;3;29.2;0
Montpellier;43.61;3.87;23/07/2026;08:00;24.0;0;SOLEIL;5;29.5;0
Montpellier;43.61;3.87;23/07/2026;09:00;25.5;0;SOLEIL;5;31.0;0
Montpellier;43.61;3.87;23/07/2026;10:00;26.9;0;SOLEIL;5;33.5;0
Montpellier;43.61;3.87;23/07/2026;11:00;32.6;0;SOLEIL;4;36.0;0
Montpellier;43.61;3.87;23/07/2026;12:00;32.6;0;SOLEIL;4;38.5;0
Montpellier;43.61;3.87;23/07/2026;13:00;32.6;0;SOLEIL;4;40.3;0
Montpellier;43.61;3.87;23/07/2026;14:00;32.7;0;SOLEIL;5;40.7;0
Montpellier;43.61;3.87;23/07/2026;15:00;34.2;0;SOLEIL;5;38.9;0
Montpellier;43.61;3.87;23/07/2026;16:00;32.7;0;SOLEIL;5;35.6;0
Montpellier;43.61;3.87;23/07/2026;17:00;31.1;0;SOLEIL;4;31.3;0
Montpellier;43.61;3.87;23/07/2026;18:00;31.1;0;SOLEIL;4;27.0;0
Montpellier;43.61;3.87;23/07/2026;19:00;31.1;0;SOLEIL;4;24.1;0
Montpellier;43.61;3.87;23/07/2026;20:00;26.9;0;SOLEIL;5;23.4;0
Montpellier;43.61;3.87;23/07/2026;21:00;25.5;0;SOLEIL;5;25.6;0
Montpellier;43.61;3.87;23/07/2026;22:00;24.0;0;SOLEIL;5;29.9;0
Montpellier;43.61;3.87;23/07/2026;23:00;24.2;0;SOLEIL;3;35.3;0
Montpellier;43.61;3.87;24/07/2026;00:00;24.2;0;SOLEIL;3;40.7;0
Montpellier;43.61;3.87;24/07/2026;01:00;24.2;0;SOLEIL;3;45.0;0
Montpellier;43.61;3.87;24/07/2026;02:00;21.7;0;SOLEIL;5;47.2;0
Montpellier;43.61;3.87;24/07/2026;03:00;21.7;0;SOLEIL;5;46.8;0
Montpellier;43.61;3.87;24/07/2026;04:00;21.7;0;SOLEIL;5;44.3;0
Montpellier;43.61;3.87;24/07/2026;05:00;24.5;0;SOLEIL;3;41.0;0
Montpellier;43.61;3.87;24/07/2026;06:00;24.5;0;SOLEIL;3;37.1;0
Montpellier;43.61;3.87;24/07/2026;07:00;24.5;0;SOLEIL;3;34.2;0
Montpellier;43.61;3.87;24/07/2026;08:00;24.5;0;SOLEIL;5;32.4;0
Montpellier;43.61;3.87;24/07/2026;09:00;25.9;0;SOLEIL;5;32.4;0
Montpellier;43.61;3.87;24/07/2026;10:00;27.3;0;SOLEIL;5;33.1;0
Montpellier;43.61;3.87;24/07/2026;11:00;32.7;0;SOLEIL;4;34.6;0
Montpellier;43.61;3.87;24/07/2026;12:00;32.7;0;SOLEIL;4;36.4;0
Montpellier;43.61;3.87;24/07/2026;13:00;32.7;0;SOLEIL;4;37.8;0
Montpellier;43.61;3.87;24/07/2026;14:00;33.0;0;SOLEIL;5;38.5;0
Montpellier;43.61;3.87;24/07/2026;15:00;34.4;0;SOLEIL;5;38.9;0
Montpellier;43.61;3.87;24/07/2026;16:00;33.0;0;SOLEIL;5;38.9;0
Montpellier;43.61;3.87;24/07/2026;17:00;31;0;SOLEIL;4;38.5;0
Montpellier;43.61;3.87;24/07/2026;18:00;31;0;SOLEIL;4;38.2;0
Montpellier;43.61;3.87;24/07/2026;19:00;31;0;SOLEIL;4;37.8;0
Montpellier;43.61;3.87;24/07/2026;20:00;27.3;0;SOLEIL;5;37.1;0
Montpellier;43.61;3.87;24/07/2026;21:00;25.9;0;SOLEIL;5;36.4;0
Montpellier;43.61;3.87;24/07/2026;22:00;24.5;0;SOLEIL;5;35.3;0
Montpellier;43.61;3.87;24/07/2026;23:00;24.6;0;SOLEIL;4;34.2;0
Montpellier;43.61;3.87;25/07/2026;00:00;24.6;0;SOLEIL;4;33.1;0
Montpellier;43.61;3.87;25/07/2026;01:00;24.6;0;SOLEIL;4;31.7;0
Montpellier;43.61;3.87;25/07/2026;02:00;21.9;0;SOLEIL;5;29.9;0
Montpellier;43.61;3.87;25/07/2026;03:00;21.9;0;SOLEIL;5;27.4;0
Montpellier;43.61;3.87;25/07/2026;04:00;21.9;0;SOLEIL;5;24.1;0
Montpellier;43.61;3.87;25/07/2026;05:00;;0;SOLEIL;;20.5;0
Montpellier;43.61;3.87;25/07/2026;06:00;;0;SOLEIL;;17.6;0
Montpellier;43.61;3.87;25/07/2026;07:00;;0;SOLEIL;;15.5;0
Montpellier;43.61;3.87;25/07/2026;08:00;24.1;0;SOLEIL;5;15.5;0
Montpellier;43.61;3.87;25/07/2026;09:00;25.2;0;SOLEIL;5;17.6;0
Montpellier;43.61;3.87;25/07/2026;10:00;26.3;0;SOLEIL;5;22.0;0
Montpellier;43.61;3.87;25/07/2026;11:00;;0;SOLEIL;;27.4;0
Montpellier;43.61;3.87;25/07/2026;12:00;;0;SOLEIL;;33.1;0
Montpellier;43.61;3.87;25/07/2026;13:00;;0;SOLEIL;;38.2;0
Montpellier;43.61;3.87;25/07/2026;14:00;30.6;0;SOLEIL;5;41.8;0
Montpellier;43.61;3.87;25/07/2026;15:00;31.7;0;SOLEIL;5;43.9;0
Montpellier;43.61;3.87;25/07/2026;16:00;30.6;0;SOLEIL;5;45.0;0
Montpellier;43.61;3.87;25/07/2026;17:00;;0;SOLEIL;;45.7;0
Montpellier;43.61;3.87;25/07/2026;18:00;;0;SOLEIL;;46.1;0
Montpellier;43.61;3.87;25/07/2026;19:00;;0;SOLEIL;;45.7;0
Montpellier;43.61;3.87;25/07/2026;20:00;26.3;0;SOLEIL;5;45.0;0
Montpellier;43.61;3.87;25/07/2026;21:00;25.2;0;SOLEIL;5;43.9;0
Montpellier;43.61;3.87;25/07/2026;22:00;24.1;0;SOLEIL;5;41.8;0
Montpellier;43.61;3.87;25/07/2026;23:00;;0;SOLEIL;;39.2;0
Montpellier;43.61;3.87;26/07/2026;00:00;;0;SOLEIL;;36.7;0
Montpellier;43.61;3.87;26/07/2026;01:00;;0;SOLEIL;;34.6;0
Montpellier;43.61;3.87;26/07/2026;02:00;21.6;0;SOLEIL;5;32.8;0
Montpellier;43.61;3.87;26/07/2026;03:00;21.6;0;SOLEIL;5;31.7;0
Montpellier;43.61;3.87;26/07/2026;04:00;21.6;0;SOLEIL;5;31.0;0
Montpellier;43.61;3.87;26/07/2026;05:00;;0;SOLEIL;;30.6;0
Montpellier;43.61;3.87;26/07/2026;06:00;;0;SOLEIL;;30.6;0
Montpellier;43.61;3.87;26/07/2026;07:00;;0;SOLEIL;;30.2;0
Montpellier;43.61;3.87;26/07/2026;08:00;23.8;0;SOLEIL;5;30.2;0
Montpellier;43.61;3.87;26/07/2026;09:00;24.9;0;SOLEIL;5;30.2;0
Montpellier;43.61;3.87;26/07/2026;10:00;26.0;0;SOLEIL;5;30.2;0
Montpellier;43.61;3.87;26/07/2026;11:00;;0;SOLEIL;;30.6;0
Montpellier;43.61;3.87;26/07/2026;12:00;;0;SOLEIL;;30.6;0
Montpellier;43.61;3.87;26/07/2026;13:00;;0;SOLEIL;;31.3;0
Montpellier;43.61;3.87;26/07/2026;14:00;30.3;0;SOLEIL;5;31.7;0
Montpellier;43.61;3.87;26/07/2026;15:00;31.4;0;SOLEIL;5;32.4;0
Montpellier;43.61;3.87;26/07/2026;16:00;30.3;0;SOLEIL;5;33.8;0
Montpellier;43.61;3.87;26/07/2026;17:00;;0;SOLEIL;;34.9;0
Montpellier;43.61;3.87;26/07/2026;18:00;;0;SOLEIL;;36.0;0
Montpellier;43.61;3.87;26/07/2026;19:00;;0;SOLEIL;;37.1;0
Montpellier;43.61;3.87;26/07/2026;20:00;26.0;0;SOLEIL;5;37.4;0
Montpellier;43.61;3.87;26/07/2026;21:00;24.9;0;SOLEIL;5;37.4;0
Montpellier;43.61;3.87;26/07/2026;22:00;23.8;0;SOLEIL;5;37.1;0
Montpellier;43.61;3.87;26/07/2026;23:00;;0;SOLEIL;;36.4;0
Montpellier;43.61;3.87;27/07/2026;00:00;;0;SOLEIL;;35.3;0
Montpellier;43.61;3.87;27/07/2026;01:00;;0;SOLEIL;;34.2;0
Montpellier;43.61;3.87;27/07/2026;02:00;21.1;0;SOLEIL;5;32.8;0
Montpellier;43.61;3.87;27/07/2026;03:00;21.1;0;SOLEIL;5;31.0;0
Montpellier;43.61;3.87;27/07/2026;04:00;21.1;0;SOLEIL;5;28.1;0
Montpellier;43.61;3.87;27/07/2026;05:00;;0;SOLEIL;;25.6;0
Montpellier;43.61;3.87;27/07/2026;06:00;;0;SOLEIL;;23.0;0
Montpellier;43.61;3.87;27/07/2026;07:00;;0;SOLEIL;;21.2;0
Montpellier;43.61;3.87;27/07/2026;08:00;23.3;0;SOLEIL;5;20.5;0
Montpellier;43.61;3.87;27/07/2026;09:00;24.4;0;SOLEIL;5;21.6;0
Montpellier;43.61;3.87;27/07/2026;10:00;25.5;0;SOLEIL;5;23.8;0
Montpellier;43.61;3.87;27/07/2026;11:00;;0;SOLEIL;;26.6;0
Montpellier;43.61;3.87;27/07/2026;12:00;;0;SOLEIL;;29.9;0
Montpellier;43.61;3.87;27/07/2026;13:00;;0;SOLEIL;;33.1;0
Montpellier;43.61;3.87;27/07/2026;14:00;29.9;0;SOLEIL;5;35.3;0
Montpellier;43.61;3.87;27/07/2026;15:00;31.0;0;SOLEIL;5;37.1;0
Montpellier;43.61;3.87;27/07/2026;16:00;29.9;0;SOLEIL;5;38.9;0
Montpellier;43.61;3.87;27/07/2026;17:00;;0;SOLEIL;;40.7;0
Montpellier;43.61;3.87;27/07/2026;18:00;;0;SOLEIL;;41.8;0
Montpellier;43.61;3.87;27/07/2026;19:00;;0;SOLEIL;;42.5;0
Montpellier;43.61;3.87;27/07/2026;20:00;25.5;0;SOLEIL;5;42.5;0
Montpellier;43.61;3.87;27/07/2026;21:00;24.4;0;SOLEIL;5;41.8;0
Montpellier;43.61;3.87;27/07/2026;22:00;23.3;0;SOLEIL;5;40.0;0
Montpellier;43.61;3.87;27/07/2026;23:00;;0;SOLEIL;;37.8;0
Montpellier;43.61;3.87;28/07/2026;00:00;;0;SOLEIL;;35.3;0
Montpellier;43.61;3.87;28/07/2026;01:00;;0;SOLEIL;;32.8;0
Montpellier;43.61;3.87;28/07/2026;02:00;20.6;0;SOLEIL;5;31.0;0
Montpellier;43.61;3.87;28/07/2026;03:00;20.6;0;SOLEIL;5;29.2;0
Montpellier;43.61;3.87;28/07/2026;04:00;20.6;0;SOLEIL;5;27.4;0
Montpellier;43.61;3.87;28/07/2026;05:00;;0;SOLEIL;;25.6;0
Montpellier;43.61;3.87;28/07/2026;06:00;;0;SOLEIL;;24.1;0
Montpellier;43.61;3.87;28/07/2026;07:00;;0;SOLEIL;;23.0;0
Montpellier;43.61;3.87;28/07/2026;08:00;22.8;0;SOLEIL;5;22.3;0
Montpellier;43.61;3.87;28/07/2026;09:00;23.9;0;SOLEIL;5;22.0;0
Montpellier;43.61;3.87;28/07/2026;10:00;25.0;0;SOLEIL;5;22.3;0
Montpellier;43.61;3.87;28/07/2026;11:00;;0;SOLEIL;;23.0;0
Montpellier;43.61;3.87;28/07/2026;12:00;;0;SOLEIL;;23.8;0
Montpellier;43.61;3.87;28/07/2026;13:00;;0;SOLEIL;;24.8;0
Montpellier;43.61;3.87;28/07/2026;14:00;29.3;0;SOLEIL;5;26.3;0
Montpellier;43.61;3.87;28/07/2026;15:00;30.4;0;SOLEIL;5;28.4;0
Montpellier;43.61;3.87;28/07/2026;16:00;29.3;0;SOLEIL;5;31.0;0
Montpellier;43.61;3.87;28/07/2026;17:00;;0;SOLEIL;;34.2;0
Montpellier;43.61;3.87;28/07/2026;18:00;;0;SOLEIL;;36.7;0
Montpellier;43.61;3.87;28/07/2026;19:00;;0;SOLEIL;;38.9;0
Montpellier;43.61;3.87;28/07/2026;20:00;25.0;0;SOLEIL;5;40.0;0
Montpellier;43.61;3.87;28/07/2026;21:00;23.9;0;SOLEIL;5;39.6;0
Montpellier;43.61;3.87;28/07/2026;22:00;22.8;0;SOLEIL;5;38.2;0
Montpellier;43.61;3.87;28/07/2026;23:00;;0;SOLEIL;;36.4;0
Montpellier;43.61;3.87;29/07/2026;00:00;;0;SOLEIL;;33.8;0
Montpellier;43.61;3.87;29/07/2026;01:00;;0;SOLEIL;;31.7;0
Montpellier;43.61;3.87;29/07/2026;02:00;20.2;0;SOLEIL;5;29.5;0
Montpellier;43.61;3.87;29/07/2026;03:00;20.2;0;SOLEIL;5;27.4;0
Montpellier;43.61;3.87;29/07/2026;04:00;20.2;0;SOLEIL;5;24.8;0
Montpellier;43.61;3.87;29/07/2026;05:00;;0;SOLEIL;;22.0;0
Montpellier;43.61;3.87;29/07/2026;06:00;;0;SOLEIL;;19.8;0
Montpellier;43.61;3.87;29/07/2026;07:00;;0;SOLEIL;;18.4;0
Montpellier;43.61;3.87;29/07/2026;08:00;22.5;0;SOLEIL;5;18.4;0
Montpellier;43.61;3.87;29/07/2026;09:00;23.6;0;SOLEIL;5;20.2;0
Montpellier;43.61;3.87;29/07/2026;10:00;24.8;0;SOLEIL;5;23.4;0
Montpellier;43.61;3.87;29/07/2026;11:00;;0;SOLEIL;;27.4;0
Montpellier;43.61;3.87;29/07/2026;12:00;;0;SOLEIL;;31.3;0
Montpellier;43.61;3.87;29/07/2026;13:00;;0;SOLEIL;;34.9;0
Montpellier;43.61;3.87;29/07/2026;14:00;29.4;0;SOLEIL;5;37.4;0
Montpellier;43.61;3.87;29/07/2026;15:00;30.5;0;SOLEIL;5;38.5;0
Montpellier;43.61;3.87;29/07/2026;16:00;29.4;0;SOLEIL;5;39.2;0
Montpellier;43.61;3.87;29/07/2026;17:00;;0;SOLEIL;;39.2;0
Montpellier;43.61;3.87;29/07/2026;18:00;;0;SOLEIL;;38.5;0
Montpellier;43.61;3.87;29/07/2026;19:00;;0;SOLEIL;;37.8;0
Montpellier;43.61;3.87;29/07/2026;20:00;24.8;0;SOLEIL;5;36.4;0
Montpellier;43.61;3.87;29/07/2026;21:00;23.6;0;SOLEIL;5;34.6;0
Montpellier;43.61;3.87;29/07/2026;22:00;22.5;0;SOLEIL;5;31.7;0
Montpellier;43.61;3.87;29/07/2026;23:00;21.3;0;SOLEIL;5;28.8;0
Montpellier;43.61;3.87;30/07/2026;00:00;12;0;SOLEIL;5;25.6;0
Montpellier;43.61;3.87;30/07/2026;01:00;12;0;SOLEIL;5;22.7;0
Montpellier;43.61;3.87;30/07/2026;02:00;12;0;SOLEIL;5;20.5;0
Montpellier;43.61;3.87;30/07/2026;03:00;12;0;SOLEIL;5;18.7;0
Montpellier;43.61;3.87;30/07/2026;04:00;12;0;SOLEIL;5;17.3;0
Montpellier;43.61;3.87;30/07/2026;05:00;12;0;SOLEIL;5;15.8;0
Montpellier;43.61;3.87;30/07/2026;06:00;12;0;SOLEIL;5;14.8;0
Montpellier;43.61;3.87;30/07/2026;07:00;13.1;0;SOLEIL;5;14.4;0
Montpellier;43.61;3.87;30/07/2026;08:00;14.2;0;SOLEIL;5;14.4;0
Montpellier;43.61;3.87;30/07/2026;09:00;15.3;0;SOLEIL;5;15.5;0
Montpellier;43.61;3.87;30/07/2026;10:00;16.4;0;SOLEIL;5;17.3;0
Montpellier;43.61;3.87;30/07/2026;11:00;17.6;0;SOLEIL;5;19.8;0
Montpellier;43.61;3.87;30/07/2026;12:00;18.7;0;SOLEIL;5;22.9;0
Montpellier;43.61;3.87;30/07/2026;13:00;19.8;0;SOLEIL;5;21.1;0
Montpellier;43.61;3.87;30/07/2026;14:00;20.9;0;SOLEIL;5;16.5;0
Montpellier;43.61;3.87;30/07/2026;15:00;22.0;0;SOLEIL;5;16.2;0
Montpellier;43.61;3.87;30/07/2026;16:00;20.9;0;SOLEIL;5;22.3;0
Montpellier;43.61;3.87;30/07/2026;17:00;19.8;0;SOLEIL;5;25.9;0
Montpellier;43.61;3.87;30/07/2026;18:00;18.7;0;SOLEIL;5;24.5;0
Montpellier;43.61;3.87;30/07/2026;19:00;17.6;0;SOLEIL;5;20.5;0
Montpellier;43.61;3.87;30/07/2026;20:00;16.4;0;SOLEIL;5;16.9;0
Montpellier;43.61;3.87;30/07/2026;21:00;15.3;0;SOLEIL;5;14.4;0
Montpellier;43.61;3.87;30/07/2026;22:00;14.2;0;SOLEIL;5;11.9;0
Montpellier;43.61;3.87;30/07/2026;23:00;13.1;0;SOLEIL;5;10.4;0
Montpellier;43.61;3.87;31/07/2026;00:00;12;0;SOLEIL;5;0.0;0
Montpellier;43.61;3.87;31/07/2026;01:00;12;0;SOLEIL;5;0.0;0
Montpellier;43.61;3.87;31/07/2026;02:00;12;0;SOLEIL;5;0.0;0
Montpellier;43.61;3.87;31/07/2026;03:00;12;0;SOLEIL;5;0.0;0
Montpellier;43.61;3.87;31/07/2026;04:00;12;0;SOLEIL;5;0.0;0
Montpellier;43.61;3.87;31/07/2026;05:00;12;0;SOLEIL;5;0.0;0
Montpellier;43.61;3.87;31/07/2026;06:00;12;0;SOLEIL;5;0.0;0
Montpellier;43.61;3.87;31/07/2026;07:00;13.1;0;SOLEIL;5;0.0;0
Montpellier;43.61;3.87;31/07/2026;08:00;14.2;0;SOLEIL;5;0.0;0
Montpellier;43.61;3.87;31/07/2026;09:00;15.3;0;SOLEIL;5;0.0;0
Montpellier;43.61;3.87;31/07/2026;10:00;16.4;0;SOLEIL;5;0.0;0
Montpellier;43.61;3.87;31/07/2026;11:00;17.6;0;SOLEIL;5;0.0;0
Montpellier;43.61;3.87;31/07/2026;12:00;18.7;0;SOLEIL;5;0.0;0
Montpellier;43.61;3.87;31/07/2026;13:00;19.8;0;SOLEIL;5;0.0;0
Montpellier;43.61;3.87;31/07/2026;14:00;20.9;0;SOLEIL;5;0.0;0
Montpellier;43.61;3.87;31/07/2026;15:00;22.0;0;SOLEIL;5;0.0;0
Montpellier;43.61;3.87;31/07/2026;16:00;20.9;0;SOLEIL;5;0.0;0
Montpellier;43.61;3.87;31/07/2026;17:00;19.8;0;SOLEIL;5;0.0;0
Montpellier;43.61;3.87;31/07/2026;18:00;18.7;0;SOLEIL;5;0.0;0
Montpellier;43.61;3.87;31/07/2026;19:00;17.6;0;SOLEIL;5;0.0;0
Montpellier;43.61;3.87;31/07/2026;20:00;16.4;0;SOLEIL;5;0.0;0
Montpellier;43.61;3.87;31/07/2026;21:00;15.3;0;SOLEIL;5;0.0;0
Montpellier;43.61;3.87;31/07/2026;22:00;14.2;0;SOLEIL;5;0.0;0
Montpellier;43.61;3.87;31/07/2026;23:00;13.1;0;SOLEIL;5;0.0;0
Cahors;44.44;1.44;16/07/2026;00:00;22.6;0;SOLEIL;1;27.7;0
Cahors;44.44;1.44;16/07/2026;01:00;21.1;0;SOLEIL;1;17.6;0
Cahors;44.44;1.44;16/07/2026;02:00;20.6;0;SOLEIL;0;11.9;0
Cahors;44.44;1.44;16/07/2026;03:00;20.4;0;SOLEIL;0;10.4;0
Cahors;44.44;1.44;16/07/2026;04:00;19.6;5;SOLEIL VOILÉ;0;2.9;0
Cahors;44.44;1.44;16/07/2026;05:00;19.1;5;SOLEIL VOILÉ;1;3.6;0
Cahors;44.44;1.44;16/07/2026;06:00;22.5;5;SOLEIL VOILÉ;0;2.9;0
Cahors;44.44;1.44;16/07/2026;07:00;24.9;5;SOLEIL VOILÉ;1;3.2;0
Cahors;44.44;1.44;16/07/2026;08:00;27.6;5;SOLEIL VOILÉ;2;5.0;0
Cahors;44.44;1.44;16/07/2026;09:00;29.4;5;SOLEIL VOILÉ;2;12.2;0
Cahors;44.44;1.44;16/07/2026;10:00;31.6;5;SOLEIL VOILÉ;3;17.6;0
Cahors;44.44;1.44;16/07/2026;11:00;33.1;5;SOLEIL VOILÉ;4;10.1;0
Cahors;44.44;1.44;16/07/2026;12:00;32.9;5;SOLEIL VOILÉ;4;10.4;0
Cahors;44.44;1.44;16/07/2026;13:00;33.4;5;SOLEIL VOILÉ;3;16.6;0
Cahors;44.44;1.44;16/07/2026;14:00;34.6;0;SOLEIL;4;19.8;0
Cahors;44.44;1.44;16/07/2026;15:00;35.5;0;SOLEIL;4;16.6;0
Cahors;44.44;1.44;16/07/2026;16:00;33.5;0;SOLEIL;4;14.0;0
Cahors;44.44;1.44;16/07/2026;17:00;32.1;0;SOLEIL;4;14.4;0
Cahors;44.44;1.44;16/07/2026;18:00;32.1;10;ORAGEUX;4;19.8;0
Cahors;44.44;1.44;16/07/2026;19:00;29.6;10;ORAGEUX;4;27.4;0
Cahors;44.44;1.44;16/07/2026;20:00;28.1;10;ORAGEUX;3;31.3;0
Cahors;44.44;1.44;16/07/2026;21:00;25.9;10;ORAGEUX;3;26.6;0
Cahors;44.44;1.44;16/07/2026;22:00;25.1;10;ORAGEUX;3;30.2;1.8
Cahors;44.44;1.44;16/07/2026;23:00;23;10;ORAGEUX;2;21.6;0.5
Cahors;44.44;1.44;17/07/2026;00:00;21;10;ORAGEUX;2;26.3;0.9
Cahors;44.44;1.44;17/07/2026;01:00;21;10;ORAGEUX;2;24.8;0.9
Cahors;44.44;1.44;17/07/2026;02:00;19.5;10;ORAGEUX;2;15.5;0
Cahors;44.44;1.44;17/07/2026;03:00;19.5;10;ORAGEUX;2;21.2;0
Cahors;44.44;1.44;17/07/2026;04:00;19.5;10;ORAGEUX;2;20.9;0
Cahors;44.44;1.44;17/07/2026;05:00;20.6;0;SOLEIL;2;21.6;0
Cahors;44.44;1.44;17/07/2026;06:00;20.6;0;SOLEIL;2;24.1;0
Cahors;44.44;1.44;17/07/2026;07:00;20.6;0;SOLEIL;2;19.1;0
Cahors;44.44;1.44;17/07/2026;08:00;24.9;0;SOLEIL;2;21.2;0
Cahors;44.44;1.44;17/07/2026;09:00;24.9;0;SOLEIL;2;21.2;0
Cahors;44.44;1.44;17/07/2026;10:00;24.9;0;SOLEIL;2;23.8;0
Cahors;44.44;1.44;17/07/2026;11:00;27.6;0;SOLEIL;3;24.5;0
Cahors;44.44;1.44;17/07/2026;12:00;27.6;0;SOLEIL;3;22.7;0
Cahors;44.44;1.44;17/07/2026;13:00;27.6;0;SOLEIL;3;26.3;0
Cahors;44.44;1.44;17/07/2026;14:00;29.1;0;SOLEIL;4;28.4;0
Cahors;44.44;1.44;17/07/2026;15:00;29.1;0;SOLEIL;4;32.4;0
Cahors;44.44;1.44;17/07/2026;16:00;29.1;0;SOLEIL;4;24.5;0
Cahors;44.44;1.44;17/07/2026;17:00;28;0;SOLEIL;4;36.0;0
Cahors;44.44;1.44;17/07/2026;18:00;28;0;SOLEIL;4;34.1;0
Cahors;44.44;1.44;17/07/2026;19:00;28;0;SOLEIL;4;34.6;0
Cahors;44.44;1.44;17/07/2026;20:00;23.4;0;SOLEIL;3;29.3;0
Cahors;44.44;1.44;17/07/2026;21:00;23.4;0;SOLEIL;3;27.4;0
Cahors;44.44;1.44;17/07/2026;22:00;23.4;0;SOLEIL;3;23.0;0
Cahors;44.44;1.44;17/07/2026;23:00;20.6;0;SOLEIL;3;14.4;0
Cahors;44.44;1.44;18/07/2026;00:00;20.6;0;SOLEIL;3;8.3;0
Cahors;44.44;1.44;18/07/2026;01:00;20.6;0;SOLEIL;3;9.0;0
Cahors;44.44;1.44;18/07/2026;02:00;18.5;0;SOLEIL;2;9.0;0
Cahors;44.44;1.44;18/07/2026;03:00;18.5;0;SOLEIL;2;6.8;0
Cahors;44.44;1.44;18/07/2026;04:00;18.5;0;SOLEIL;2;5.8;0
Cahors;44.44;1.44;18/07/2026;05:00;19.6;0;SOLEIL;2;5.8;0
Cahors;44.44;1.44;18/07/2026;06:00;19.6;0;SOLEIL;2;5.8;0
Cahors;44.44;1.44;18/07/2026;07:00;19.6;0;SOLEIL;2;5.0;0
Cahors;44.44;1.44;18/07/2026;08:00;26;0;SOLEIL;2;5.0;0
Cahors;44.44;1.44;18/07/2026;09:00;26;0;SOLEIL;2;8.6;0
Cahors;44.44;1.44;18/07/2026;10:00;26;0;SOLEIL;2;11.5;0
Cahors;44.44;1.44;18/07/2026;11:00;29.4;0;SOLEIL;3;14.0;0
Cahors;44.44;1.44;18/07/2026;12:00;29.4;0;SOLEIL;3;15.5;0
Cahors;44.44;1.44;18/07/2026;13:00;29.4;0;SOLEIL;3;16.9;0
Cahors;44.44;1.44;18/07/2026;14:00;31.6;0;SOLEIL;3;17.3;0
Cahors;44.44;1.44;18/07/2026;15:00;31.6;0;SOLEIL;3;19.1;0
Cahors;44.44;1.44;18/07/2026;16:00;31.6;0;SOLEIL;3;19.4;0
Cahors;44.44;1.44;18/07/2026;17:00;29.5;0;SOLEIL;3;20.2;0
Cahors;44.44;1.44;18/07/2026;18:00;29.5;0;SOLEIL;3;22.0;0
Cahors;44.44;1.44;18/07/2026;19:00;29.5;0;SOLEIL;3;22.3;0
Cahors;44.44;1.44;18/07/2026;20:00;23.9;0;SOLEIL;5;20.9;0
Cahors;44.44;1.44;18/07/2026;21:00;22.2;0;SOLEIL;5;17.3;0
Cahors;44.44;1.44;18/07/2026;22:00;20.5;0;SOLEIL;5;11.9;0
Cahors;44.44;1.44;18/07/2026;23:00;19.1;0;SOLEIL;2;7.6;0
Cahors;44.44;1.44;19/07/2026;00:00;19.1;0;SOLEIL;2;5.4;0
Cahors;44.44;1.44;19/07/2026;01:00;19.1;0;SOLEIL;2;4.7;0
Cahors;44.44;1.44;19/07/2026;02:00;16.1;0;SOLEIL;5;4.0;0
Cahors;44.44;1.44;19/07/2026;03:00;16.1;0;SOLEIL;5;3.6;0
Cahors;44.44;1.44;19/07/2026;04:00;16.1;0;SOLEIL;5;3.2;0
Cahors;44.44;1.44;19/07/2026;05:00;19.2;0;SOLEIL;2;3.2;0
Cahors;44.44;1.44;19/07/2026;06:00;19.2;0;SOLEIL;2;2.9;0
Cahors;44.44;1.44;19/07/2026;07:00;19.2;0;SOLEIL;2;2.5;0
Cahors;44.44;1.44;19/07/2026;08:00;20.2;0;SOLEIL;5;3.2;0
Cahors;44.44;1.44;19/07/2026;09:00;22.3;0;SOLEIL;5;6.5;0
Cahors;44.44;1.44;19/07/2026;10:00;24.4;0;SOLEIL;5;10.4;0
Cahors;44.44;1.44;19/07/2026;11:00;32.1;0;SOLEIL;3;14.4;0
Cahors;44.44;1.44;19/07/2026;12:00;32.1;0;SOLEIL;3;16.9;0
Cahors;44.44;1.44;19/07/2026;13:00;32.1;0;SOLEIL;3;19.4;0
Cahors;44.44;1.44;19/07/2026;14:00;32.6;0;SOLEIL;5;20.9;0
Cahors;44.44;1.44;19/07/2026;15:00;34.7;0;SOLEIL;5;21.6;0
Cahors;44.44;1.44;19/07/2026;16:00;32.6;0;SOLEIL;5;22.0;0
Cahors;44.44;1.44;19/07/2026;17:00;32.1;0;SOLEIL;3;22.3;0
Cahors;44.44;1.44;19/07/2026;18:00;32.1;0;SOLEIL;3;23.0;0
Cahors;44.44;1.44;19/07/2026;19:00;32.1;0;SOLEIL;3;23.8;0
Cahors;44.44;1.44;19/07/2026;20:00;24.4;0;SOLEIL;5;24.5;0
Cahors;44.44;1.44;19/07/2026;21:00;22.3;0;SOLEIL;5;25.2;0
Cahors;44.44;1.44;19/07/2026;22:00;20.2;0;SOLEIL;5;25.9;0
Cahors;44.44;1.44;19/07/2026;23:00;18.9;0;SOLEIL;3;24.8;0
Cahors;44.44;1.44;20/07/2026;00:00;18.9;0;SOLEIL;3;20.2;0
Cahors;44.44;1.44;20/07/2026;01:00;18.9;0;SOLEIL;3;13.7;0
Cahors;44.44;1.44;20/07/2026;02:00;15.7;0;SOLEIL;5;9.0;0
Cahors;44.44;1.44;20/07/2026;03:00;15.7;0;SOLEIL;5;7.9;0
Cahors;44.44;1.44;20/07/2026;04:00;15.7;0;SOLEIL;5;8.6;0
Cahors;44.44;1.44;20/07/2026;05:00;18.1;0;SOLEIL;3;9.0;0
Cahors;44.44;1.44;20/07/2026;06:00;18.1;0;SOLEIL;3;7.2;0
Cahors;44.44;1.44;20/07/2026;07:00;18.1;0;SOLEIL;3;5.4;0
Cahors;44.44;1.44;20/07/2026;08:00;19.9;0;SOLEIL;5;5.4;0
Cahors;44.44;1.44;20/07/2026;09:00;22.0;0;SOLEIL;5;9.7;0
Cahors;44.44;1.44;20/07/2026;10:00;24.1;0;SOLEIL;5;16.6;0
Cahors;44.44;1.44;20/07/2026;11:00;31.9;0;SOLEIL;3;22.0;0
Cahors;44.44;1.44;20/07/2026;12:00;31.9;0;SOLEIL;3;24.7;0
Cahors;44.44;1.44;20/07/2026;13:00;31.9;0;SOLEIL;3;25.9;0
Cahors;44.44;1.44;20/07/2026;14:00;32.4;0;SOLEIL;5;26.7;0
Cahors;44.44;1.44;20/07/2026;15:00;34.5;0;SOLEIL;5;27.7;0
Cahors;44.44;1.44;20/07/2026;16:00;32.4;0;SOLEIL;5;28.8;0
Cahors;44.44;1.44;20/07/2026;17:00;32.1;0;SOLEIL;3;29.2;0
Cahors;44.44;1.44;20/07/2026;18:00;32.1;0;SOLEIL;3;28.8;0
Cahors;44.44;1.44;20/07/2026;19:00;32.1;0;SOLEIL;3;27.7;0
Cahors;44.44;1.44;20/07/2026;20:00;24.1;0;SOLEIL;5;26.6;0
Cahors;44.44;1.44;20/07/2026;21:00;22.0;0;SOLEIL;5;25.2;0
Cahors;44.44;1.44;20/07/2026;22:00;19.9;0;SOLEIL;5;23.8;0
Cahors;44.44;1.44;20/07/2026;23:00;17.6;0;SOLEIL;3;21.6;0
Cahors;44.44;1.44;21/07/2026;00:00;17.6;0;SOLEIL;3;18.4;0
Cahors;44.44;1.44;21/07/2026;01:00;17.6;0;SOLEIL;3;14.8;0
Cahors;44.44;1.44;21/07/2026;02:00;14.9;0;SOLEIL;5;11.9;0
Cahors;44.44;1.44;21/07/2026;03:00;14.9;0;SOLEIL;5;10.4;0
Cahors;44.44;1.44;21/07/2026;04:00;14.9;0;SOLEIL;5;9.7;0
Cahors;44.44;1.44;21/07/2026;05:00;16.6;0;SOLEIL;3;9.4;0
Cahors;44.44;1.44;21/07/2026;06:00;16.6;0;SOLEIL;3;8.3;0
Cahors;44.44;1.44;21/07/2026;07:00;16.6;0;SOLEIL;3;7.2;0
Cahors;44.44;1.44;21/07/2026;08:00;19.4;0;SOLEIL;5;7.6;0
Cahors;44.44;1.44;21/07/2026;09:00;21.6;0;SOLEIL;5;10.4;0
Cahors;44.44;1.44;21/07/2026;10:00;23.9;0;SOLEIL;5;14.8;0
Cahors;44.44;1.44;21/07/2026;11:00;31.4;0;SOLEIL;3;18.4;0
Cahors;44.44;1.44;21/07/2026;12:00;31.4;0;SOLEIL;3;20.5;0
Cahors;44.44;1.44;21/07/2026;13:00;31.4;0;SOLEIL;3;22.0;0
Cahors;44.44;1.44;21/07/2026;14:00;32.9;0;SOLEIL;5;23.4;0
Cahors;44.44;1.44;21/07/2026;15:00;35.1;0;SOLEIL;5;25.6;0
Cahors;44.44;1.44;21/07/2026;16:00;32.9;0;SOLEIL;5;28.1;0
Cahors;44.44;1.44;21/07/2026;17:00;32.1;0;SOLEIL;4;29.9;0
Cahors;44.44;1.44;21/07/2026;18:00;32.1;0;SOLEIL;4;31.0;0
Cahors;44.44;1.44;21/07/2026;19:00;32.1;0;SOLEIL;4;31.3;0
Cahors;44.44;1.44;21/07/2026;20:00;23.9;0;SOLEIL;5;30.2;0
Cahors;44.44;1.44;21/07/2026;21:00;21.6;0;SOLEIL;5;26.3;0
Cahors;44.44;1.44;21/07/2026;22:00;19.4;0;SOLEIL;5;20.5;0
Cahors;44.44;1.44;21/07/2026;23:00;18.2;0;SOLEIL;4;15.8;0
Cahors;44.44;1.44;22/07/2026;00:00;18.2;0;SOLEIL;4;13.0;0
Cahors;44.44;1.44;22/07/2026;01:00;18.2;0;SOLEIL;4;10.8;0
Cahors;44.44;1.44;22/07/2026;02:00;14.4;0;SOLEIL;5;9.4;0
Cahors;44.44;1.44;22/07/2026;03:00;14.4;0;SOLEIL;5;8.3;0
Cahors;44.44;1.44;22/07/2026;04:00;14.4;0;SOLEIL;5;7.9;0
Cahors;44.44;1.44;22/07/2026;05:00;17;0;SOLEIL;3;7.6;0
Cahors;44.44;1.44;22/07/2026;06:00;17;0;SOLEIL;3;7.2;0
Cahors;44.44;1.44;22/07/2026;07:00;17;0;SOLEIL;3;6.8;0
Cahors;44.44;1.44;22/07/2026;08:00;19.0;0;SOLEIL;5;7.6;0
Cahors;44.44;1.44;22/07/2026;09:00;21.3;0;SOLEIL;5;10.4;0
Cahors;44.44;1.44;22/07/2026;10:00;23.6;0;SOLEIL;5;14.0;0
Cahors;44.44;1.44;22/07/2026;11:00;32.1;0;SOLEIL;3;17.3;0
Cahors;44.44;1.44;22/07/2026;12:00;32.1;0;SOLEIL;3;19.1;0
Cahors;44.44;1.44;22/07/2026;13:00;32.1;0;SOLEIL;3;20.5;0
Cahors;44.44;1.44;22/07/2026;14:00;32.8;0;SOLEIL;5;22.0;0
Cahors;44.44;1.44;22/07/2026;15:00;35.1;0;SOLEIL;5;23.8;0
Cahors;44.44;1.44;22/07/2026;16:00;32.8;0;SOLEIL;5;25.9;0
Cahors;44.44;1.44;22/07/2026;17:00;31.7;0;SOLEIL;3;27.4;0
Cahors;44.44;1.44;22/07/2026;18:00;31.7;0;SOLEIL;3;28.8;0
Cahors;44.44;1.44;22/07/2026;19:00;31.7;0;SOLEIL;3;29.9;0
Cahors;44.44;1.44;22/07/2026;20:00;23.6;0;SOLEIL;5;29.5;0
Cahors;44.44;1.44;22/07/2026;21:00;21.3;0;SOLEIL;5;26.6;0
Cahors;44.44;1.44;22/07/2026;22:00;19.0;0;SOLEIL;5;22.3;0
Cahors;44.44;1.44;22/07/2026;23:00;18.7;0;SOLEIL;3;18.4;0
Cahors;44.44;1.44;23/07/2026;00:00;18.7;0;SOLEIL;3;20.1;0
Cahors;44.44;1.44;23/07/2026;01:00;18.7;0;SOLEIL;3;22.7;0
Cahors;44.44;1.44;23/07/2026;02:00;15.5;0;SOLEIL;5;25.8;0
Cahors;44.44;1.44;23/07/2026;03:00;15.5;0;SOLEIL;5;27.7;0
Cahors;44.44;1.44;23/07/2026;04:00;15.5;0;SOLEIL;5;24.1;0
Cahors;44.44;1.44;23/07/2026;05:00;18.2;0;SOLEIL;3;19.8;0
Cahors;44.44;1.44;23/07/2026;06:00;18.2;0;SOLEIL;3;16.2;0
Cahors;44.44;1.44;23/07/2026;07:00;18.2;0;SOLEIL;3;13.3;0
Cahors;44.44;1.44;23/07/2026;08:00;20.2;0;SOLEIL;5;11.9;0
Cahors;44.44;1.44;23/07/2026;09:00;22.5;0;SOLEIL;5;12.6;0
Cahors;44.44;1.44;23/07/2026;10:00;24.9;0;SOLEIL;5;14.8;0
Cahors;44.44;1.44;23/07/2026;11:00;32.9;0;SOLEIL;3;18.0;0
Cahors;44.44;1.44;23/07/2026;12:00;32.9;0;SOLEIL;3;21.6;0
Cahors;44.44;1.44;23/07/2026;13:00;32.9;0;SOLEIL;3;25.2;0
Cahors;44.44;1.44;23/07/2026;14:00;34.3;0;SOLEIL;5;27.4;0
Cahors;44.44;1.44;23/07/2026;15:00;36.6;0;SOLEIL;5;28.8;0
Cahors;44.44;1.44;23/07/2026;16:00;34.3;0;SOLEIL;5;29.9;0
Cahors;44.44;1.44;23/07/2026;17:00;33.7;0;SOLEIL;4;30.6;0
Cahors;44.44;1.44;23/07/2026;18:00;33.7;0;SOLEIL;4;31.3;0
Cahors;44.44;1.44;23/07/2026;19:00;33.7;0;SOLEIL;4;31.3;0
Cahors;44.44;1.44;23/07/2026;20:00;24.9;0;SOLEIL;5;31.7;0
Cahors;44.44;1.44;23/07/2026;21:00;22.5;0;SOLEIL;5;31.7;0
Cahors;44.44;1.44;23/07/2026;22:00;20.2;0;SOLEIL;5;31.7;0
Cahors;44.44;1.44;23/07/2026;23:00;20.7;0;SOLEIL;3;31.7;0
Cahors;44.44;1.44;24/07/2026;00:00;20.7;0;SOLEIL;3;31.0;0
Cahors;44.44;1.44;24/07/2026;01:00;20.7;0;SOLEIL;3;30.2;0
Cahors;44.44;1.44;24/07/2026;02:00;17.2;0;SOLEIL;5;29.2;0
Cahors;44.44;1.44;24/07/2026;03:00;17.2;0;SOLEIL;5;27.4;0
Cahors;44.44;1.44;24/07/2026;04:00;17.2;0;SOLEIL;5;24.5;0
Cahors;44.44;1.44;24/07/2026;05:00;19.6;0;SOLEIL;3;21.6;0
Cahors;44.44;1.44;24/07/2026;06:00;19.6;0;SOLEIL;3;19.1;0
Cahors;44.44;1.44;24/07/2026;07:00;19.6;0;SOLEIL;3;16.9;0
Cahors;44.44;1.44;24/07/2026;08:00;21.2;0;SOLEIL;5;16.2;0
Cahors;44.44;1.44;24/07/2026;09:00;23.2;0;SOLEIL;5;17.3;0
Cahors;44.44;1.44;24/07/2026;10:00;25.2;0;SOLEIL;5;19.4;0
Cahors;44.44;1.44;24/07/2026;11:00;32.7;0;SOLEIL;3;22.3;0
Cahors;44.44;1.44;24/07/2026;12:00;32.7;0;SOLEIL;3;25.6;0
Cahors;44.44;1.44;24/07/2026;13:00;32.7;0;SOLEIL;3;28.4;0
Cahors;44.44;1.44;24/07/2026;14:00;33.1;0;SOLEIL;5;29.9;0
Cahors;44.44;1.44;24/07/2026;15:00;35.1;0;SOLEIL;5;30.2;0
Cahors;44.44;1.44;24/07/2026;16:00;33.1;0;SOLEIL;5;29.9;0
Cahors;44.44;1.44;24/07/2026;17:00;31.2;0;SOLEIL;4;29.2;0
Cahors;44.44;1.44;24/07/2026;18:00;31.2;0;SOLEIL;4;28.1;0
Cahors;44.44;1.44;24/07/2026;19:00;31.2;0;SOLEIL;4;27.0;0
Cahors;44.44;1.44;24/07/2026;20:00;25.2;0;SOLEIL;5;25.9;0
Cahors;44.44;1.44;24/07/2026;21:00;23.2;0;SOLEIL;5;24.8;0
Cahors;44.44;1.44;24/07/2026;22:00;21.2;0;SOLEIL;5;23.8;0
Cahors;44.44;1.44;24/07/2026;23:00;19.6;0;SOLEIL;3;22.3;0
Cahors;44.44;1.44;25/07/2026;00:00;19.6;0;SOLEIL;3;20.9;0
Cahors;44.44;1.44;25/07/2026;01:00;19.6;0;SOLEIL;3;19.8;0
Cahors;44.44;1.44;25/07/2026;02:00;16.6;0;SOLEIL;5;18.7;0
Cahors;44.44;1.44;25/07/2026;03:00;16.6;0;SOLEIL;5;17.6;0
Cahors;44.44;1.44;25/07/2026;04:00;16.6;0;SOLEIL;5;16.6;0
Cahors;44.44;1.44;25/07/2026;05:00;;0;SOLEIL;;15.5;0
Cahors;44.44;1.44;25/07/2026;06:00;;0;SOLEIL;;14.8;0
Cahors;44.44;1.44;25/07/2026;07:00;;0;SOLEIL;;14.4;0
Cahors;44.44;1.44;25/07/2026;08:00;20.0;0;SOLEIL;5;15.1;0
Cahors;44.44;1.44;25/07/2026;09:00;21.8;0;SOLEIL;5;16.6;0
Cahors;44.44;1.44;25/07/2026;10:00;23.5;0;SOLEIL;5;19.1;0
Cahors;44.44;1.44;25/07/2026;11:00;;0;SOLEIL;;22.3;0
Cahors;44.44;1.44;25/07/2026;12:00;;0;SOLEIL;;25.6;0
Cahors;44.44;1.44;25/07/2026;13:00;;0;SOLEIL;;28.4;0
Cahors;44.44;1.44;25/07/2026;14:00;30.4;0;SOLEIL;5;30.6;0
Cahors;44.44;1.44;25/07/2026;15:00;32.1;0;SOLEIL;5;32.0;0
Cahors;44.44;1.44;25/07/2026;16:00;30.4;0;SOLEIL;5;33.5;0
Cahors;44.44;1.44;25/07/2026;17:00;;0;SOLEIL;;34.6;0
Cahors;44.44;1.44;25/07/2026;18:00;;0;SOLEIL;;35.3;0
Cahors;44.44;1.44;25/07/2026;19:00;;0;SOLEIL;;35.6;0
Cahors;44.44;1.44;25/07/2026;20:00;23.5;0;SOLEIL;5;35.6;0
Cahors;44.44;1.44;25/07/2026;21:00;21.8;0;SOLEIL;5;34.9;0
Cahors;44.44;1.44;25/07/2026;22:00;20.0;0;SOLEIL;5;33.8;0
Cahors;44.44;1.44;25/07/2026;23:00;;0;SOLEIL;;32.4;0
Cahors;44.44;1.44;26/07/2026;00:00;;0;SOLEIL;;30.6;0
Cahors;44.44;1.44;26/07/2026;01:00;;0;SOLEIL;;29.2;0
Cahors;44.44;1.44;26/07/2026;02:00;16.4;0;SOLEIL;5;27.7;0
Cahors;44.44;1.44;26/07/2026;03:00;16.4;0;SOLEIL;5;26.3;0
Cahors;44.44;1.44;26/07/2026;04:00;16.4;0;SOLEIL;5;25.2;0
Cahors;44.44;1.44;26/07/2026;05:00;;0;SOLEIL;;23.8;0
Cahors;44.44;1.44;26/07/2026;06:00;;0;SOLEIL;;22.7;0
Cahors;44.44;1.44;26/07/2026;07:00;;0;SOLEIL;;21.6;0
Cahors;44.44;1.44;26/07/2026;08:00;19.3;0;SOLEIL;5;20.9;0
Cahors;44.44;1.44;26/07/2026;09:00;20.8;0;SOLEIL;5;20.5;0
Cahors;44.44;1.44;26/07/2026;10:00;22.3;0;SOLEIL;5;20.5;0
Cahors;44.44;1.44;26/07/2026;11:00;;0;SOLEIL;;20.9;0
Cahors;44.44;1.44;26/07/2026;12:00;;0;SOLEIL;;21.2;0
Cahors;44.44;1.44;26/07/2026;13:00;;0;SOLEIL;;21.6;0
Cahors;44.44;1.44;26/07/2026;14:00;28.1;0;SOLEIL;5;22.0;0
Cahors;44.44;1.44;26/07/2026;15:00;29.6;0;SOLEIL;5;22.3;0
Cahors;44.44;1.44;26/07/2026;16:00;28.1;0;SOLEIL;5;23.0;0
Cahors;44.44;1.44;26/07/2026;17:00;;0;SOLEIL;;23.4;0
Cahors;44.44;1.44;26/07/2026;18:00;;0;SOLEIL;;24.1;0
Cahors;44.44;1.44;26/07/2026;19:00;;0;SOLEIL;;24.5;0
Cahors;44.44;1.44;26/07/2026;20:00;22.3;0;SOLEIL;5;24.8;0
Cahors;44.44;1.44;26/07/2026;21:00;20.8;0;SOLEIL;5;24.8;0
Cahors;44.44;1.44;26/07/2026;22:00;19.3;0;SOLEIL;5;24.8;0
Cahors;44.44;1.44;26/07/2026;23:00;;6;AVERSES;;24.8;0
Cahors;44.44;1.44;27/07/2026;00:00;;6;AVERSES;;24.5;0
Cahors;44.44;1.44;27/07/2026;01:00;;6;AVERSES;;24.5;0
Cahors;44.44;1.44;27/07/2026;02:00;15.5;6;AVERSES;5;24.5;0
Cahors;44.44;1.44;27/07/2026;03:00;15.5;6;AVERSES;5;24.5;0
Cahors;44.44;1.44;27/07/2026;04:00;15.5;6;AVERSES;5;24.5;0
Cahors;44.44;1.44;27/07/2026;05:00;;6;AVERSES;;24.1;0
Cahors;44.44;1.44;27/07/2026;06:00;;6;AVERSES;;24.5;0
Cahors;44.44;1.44;27/07/2026;07:00;;6;AVERSES;;24.5;0
Cahors;44.44;1.44;27/07/2026;08:00;18.4;6;AVERSES;5;25.2;0
Cahors;44.44;1.44;27/07/2026;09:00;19.9;6;AVERSES;5;26.3;0
Cahors;44.44;1.44;27/07/2026;10:00;21.4;6;AVERSES;5;28.1;0
Cahors;44.44;1.44;27/07/2026;11:00;;6;AVERSES;;29.9;0
Cahors;44.44;1.44;27/07/2026;12:00;;6;AVERSES;;31.7;0
Cahors;44.44;1.44;27/07/2026;13:00;;6;AVERSES;;33.1;0
Cahors;44.44;1.44;27/07/2026;14:00;27.2;6;AVERSES;5;34.2;0
Cahors;44.44;1.44;27/07/2026;15:00;28.7;6;AVERSES;5;34.9;0
Cahors;44.44;1.44;27/07/2026;16:00;27.2;6;AVERSES;5;35.3;0
Cahors;44.44;1.44;27/07/2026;17:00;;6;AVERSES;;35.6;0
Cahors;44.44;1.44;27/07/2026;18:00;;6;AVERSES;;35.6;0
Cahors;44.44;1.44;27/07/2026;19:00;;6;AVERSES;;35.3;0
Cahors;44.44;1.44;27/07/2026;20:00;21.4;6;AVERSES;5;34.6;0
Cahors;44.44;1.44;27/07/2026;21:00;19.9;6;AVERSES;5;33.1;0
Cahors;44.44;1.44;27/07/2026;22:00;18.4;6;AVERSES;5;31.3;0
Cahors;44.44;1.44;27/07/2026;23:00;;0;SOLEIL;;28.8;0
Cahors;44.44;1.44;28/07/2026;00:00;;0;SOLEIL;;26.6;0
Cahors;44.44;1.44;28/07/2026;01:00;;0;SOLEIL;;24.1;0
Cahors;44.44;1.44;28/07/2026;02:00;15.1;0;SOLEIL;5;22.3;0
Cahors;44.44;1.44;28/07/2026;03:00;15.1;0;SOLEIL;5;20.5;0
Cahors;44.44;1.44;28/07/2026;04:00;15.1;0;SOLEIL;5;19.1;0
Cahors;44.44;1.44;28/07/2026;05:00;;0;SOLEIL;;17.6;0
Cahors;44.44;1.44;28/07/2026;06:00;;0;SOLEIL;;16.2;0
Cahors;44.44;1.44;28/07/2026;07:00;;0;SOLEIL;;15.1;0
Cahors;44.44;1.44;28/07/2026;08:00;18.1;0;SOLEIL;5;14.8;0
Cahors;44.44;1.44;28/07/2026;09:00;19.6;0;SOLEIL;5;14.8;0
Cahors;44.44;1.44;28/07/2026;10:00;21.1;0;SOLEIL;5;15.5;0
Cahors;44.44;1.44;28/07/2026;11:00;;0;SOLEIL;;16.2;0
Cahors;44.44;1.44;28/07/2026;12:00;;0;SOLEIL;;17.3;0
Cahors;44.44;1.44;28/07/2026;13:00;;0;SOLEIL;;18.4;0
Cahors;44.44;1.44;28/07/2026;14:00;27.1;0;SOLEIL;5;19.4;0
Cahors;44.44;1.44;28/07/2026;15:00;28.6;0;SOLEIL;5;20.5;0
Cahors;44.44;1.44;28/07/2026;16:00;27.1;0;SOLEIL;5;21.6;0
Cahors;44.44;1.44;28/07/2026;17:00;;0;SOLEIL;;23.0;0
Cahors;44.44;1.44;28/07/2026;18:00;;0;SOLEIL;;24.1;0
Cahors;44.44;1.44;28/07/2026;19:00;;0;SOLEIL;;25.2;0
Cahors;44.44;1.44;28/07/2026;20:00;21.1;0;SOLEIL;5;25.9;0
Cahors;44.44;1.44;28/07/2026;21:00;19.6;0;SOLEIL;5;26.6;0
Cahors;44.44;1.44;28/07/2026;22:00;18.1;0;SOLEIL;5;27.0;0
Cahors;44.44;1.44;28/07/2026;23:00;;0;SOLEIL;;27.4;0
Cahors;44.44;1.44;29/07/2026;00:00;;0;SOLEIL;;27.7;0
Cahors;44.44;1.44;29/07/2026;01:00;;0;SOLEIL;;27.7;0
Cahors;44.44;1.44;29/07/2026;02:00;14.4;0;SOLEIL;5;27.4;0
Cahors;44.44;1.44;29/07/2026;03:00;14.4;0;SOLEIL;5;27.0;0
Cahors;44.44;1.44;29/07/2026;04:00;14.4;0;SOLEIL;5;25.9;0
Cahors;44.44;1.44;29/07/2026;05:00;;0;SOLEIL;;24.8;0
Cahors;44.44;1.44;29/07/2026;06:00;;0;SOLEIL;;23.8;0
Cahors;44.44;1.44;29/07/2026;07:00;;0;SOLEIL;;23.0;0
Cahors;44.44;1.44;29/07/2026;08:00;17.8;0;SOLEIL;5;22.3;0
Cahors;44.44;1.44;29/07/2026;09:00;19.4;0;SOLEIL;5;22.0;0
Cahors;44.44;1.44;29/07/2026;10:00;21.1;0;SOLEIL;5;21.2;0
Cahors;44.44;1.44;29/07/2026;11:00;;0;SOLEIL;;20.9;0
Cahors;44.44;1.44;29/07/2026;12:00;;0;SOLEIL;;20.9;0
Cahors;44.44;1.44;29/07/2026;13:00;;0;SOLEIL;;21.2;0
Cahors;44.44;1.44;29/07/2026;14:00;27.8;0;SOLEIL;5;22.0;0
Cahors;44.44;1.44;29/07/2026;15:00;29.5;0;SOLEIL;5;23.4;0
Cahors;44.44;1.44;29/07/2026;16:00;27.8;0;SOLEIL;5;25.6;0
Cahors;44.44;1.44;29/07/2026;17:00;;0;SOLEIL;;28.1;0
Cahors;44.44;1.44;29/07/2026;18:00;;0;SOLEIL;;30.6;0
Cahors;44.44;1.44;29/07/2026;19:00;;0;SOLEIL;;32.8;0
Cahors;44.44;1.44;29/07/2026;20:00;21.1;0;SOLEIL;5;34.2;0
Cahors;44.44;1.44;29/07/2026;21:00;19.4;0;SOLEIL;5;35.3;0
Cahors;44.44;1.44;29/07/2026;22:00;17.8;0;SOLEIL;5;36.0;0
Cahors;44.44;1.44;29/07/2026;23:00;16.1;0;SOLEIL;5;36.4;0
Cahors;44.44;1.44;30/07/2026;00:00;12;0;SOLEIL;5;36.0;0
Cahors;44.44;1.44;30/07/2026;01:00;12;0;SOLEIL;5;35.6;0
Cahors;44.44;1.44;30/07/2026;02:00;12;0;SOLEIL;5;34.2;0
Cahors;44.44;1.44;30/07/2026;03:00;12;0;SOLEIL;5;31.7;0
Cahors;44.44;1.44;30/07/2026;04:00;12;0;SOLEIL;5;28.4;0
Cahors;44.44;1.44;30/07/2026;05:00;12;0;SOLEIL;5;24.5;0
Cahors;44.44;1.44;30/07/2026;06:00;12;0;SOLEIL;5;20.5;0
Cahors;44.44;1.44;30/07/2026;07:00;13.1;0;SOLEIL;5;16.9;0
Cahors;44.44;1.44;30/07/2026;08:00;14.2;0;SOLEIL;5;14.8;0
Cahors;44.44;1.44;30/07/2026;09:00;15.3;0;SOLEIL;5;13.7;0
Cahors;44.44;1.44;30/07/2026;10:00;16.4;0;SOLEIL;5;13.7;0
Cahors;44.44;1.44;30/07/2026;11:00;17.6;0;SOLEIL;5;14.4;0
Cahors;44.44;1.44;30/07/2026;12:00;18.7;0;SOLEIL;5;14.4;0
Cahors;44.44;1.44;30/07/2026;13:00;19.8;0;SOLEIL;5;13.3;0
Cahors;44.44;1.44;30/07/2026;14:00;20.9;0;SOLEIL;5;12.0;0
Cahors;44.44;1.44;30/07/2026;15:00;22.0;0;SOLEIL;5;11.2;0
Cahors;44.44;1.44;30/07/2026;16:00;20.9;0;SOLEIL;5;12.2;0
Cahors;44.44;1.44;30/07/2026;17:00;19.8;0;SOLEIL;5;13.3;0
Cahors;44.44;1.44;30/07/2026;18:00;18.7;0;SOLEIL;5;13.7;0
Cahors;44.44;1.44;30/07/2026;19:00;17.6;0;SOLEIL;5;13.7;0
Cahors;44.44;1.44;30/07/2026;20:00;16.4;0;SOLEIL;5;14.8;0
Cahors;44.44;1.44;30/07/2026;21:00;15.3;0;SOLEIL;5;18.4;0
Cahors;44.44;1.44;30/07/2026;22:00;14.2;0;SOLEIL;5;22.7;0
Cahors;44.44;1.44;30/07/2026;23:00;13.1;0;SOLEIL;5;24.1;0
Cahors;44.44;1.44;31/07/2026;00:00;12;0;SOLEIL;5;0.0;0
Cahors;44.44;1.44;31/07/2026;01:00;12;0;SOLEIL;5;0.0;0
Cahors;44.44;1.44;31/07/2026;02:00;12;0;SOLEIL;5;0.0;0
Cahors;44.44;1.44;31/07/2026;03:00;12;0;SOLEIL;5;0.0;0
Cahors;44.44;1.44;31/07/2026;04:00;12;0;SOLEIL;5;0.0;0
Cahors;44.44;1.44;31/07/2026;05:00;12;0;SOLEIL;5;0.0;0
Cahors;44.44;1.44;31/07/2026;06:00;12;0;SOLEIL;5;0.0;0
Cahors;44.44;1.44;31/07/2026;07:00;13.1;0;SOLEIL;5;0.0;0
Cahors;44.44;1.44;31/07/2026;08:00;14.2;0;SOLEIL;5;0.0;0
Cahors;44.44;1.44;31/07/2026;09:00;15.3;0;SOLEIL;5;0.0;0
Cahors;44.44;1.44;31/07/2026;10:00;16.4;0;SOLEIL;5;0.0;0
Cahors;44.44;1.44;31/07/2026;11:00;17.6;0;SOLEIL;5;0.0;0
Cahors;44.44;1.44;31/07/2026;12:00;18.7;0;SOLEIL;5;0.0;0
Cahors;44.44;1.44;31/07/2026;13:00;19.8;0;SOLEIL;5;0.0;0
Cahors;44.44;1.44;31/07/2026;14:00;20.9;0;SOLEIL;5;0.0;0
Cahors;44.44;1.44;31/07/2026;15:00;22.0;0;SOLEIL;5;0.0;0
Cahors;44.44;1.44;31/07/2026;16:00;20.9;0;SOLEIL;5;0.0;0
Cahors;44.44;1.44;31/07/2026;17:00;19.8;0;SOLEIL;5;0.0;0
Cahors;44.44;1.44;31/07/2026;18:00;18.7;0;SOLEIL;5;0.0;0
Cahors;44.44;1.44;31/07/2026;19:00;17.6;0;SOLEIL;5;0.0;0
Cahors;44.44;1.44;31/07/2026;20:00;16.4;0;SOLEIL;5;0.0;0
Cahors;44.44;1.44;31/07/2026;21:00;15.3;0;SOLEIL;5;0.0;0
Cahors;44.44;1.44;31/07/2026;22:00;14.2;0;SOLEIL;5;0.0;0
Cahors;44.44;1.44;31/07/2026;23:00;13.1;0;SOLEIL;5;0.0;0
Saint-Céré;44.86;1.89;16/07/2026;00:00;22;0;SOLEIL;1;10.4;0
Saint-Céré;44.86;1.89;16/07/2026;01:00;20.7;0;SOLEIL;1;11.5;0
Saint-Céré;44.86;1.89;16/07/2026;02:00;20;0;SOLEIL;0;12.2;0
Saint-Céré;44.86;1.89;16/07/2026;03:00;19.7;0;SOLEIL;0;10.8;0
Saint-Céré;44.86;1.89;16/07/2026;04:00;19.4;5;SOLEIL VOILÉ;0;11.5;0
Saint-Céré;44.86;1.89;16/07/2026;05:00;19.9;5;SOLEIL VOILÉ;0;12.6;0
Saint-Céré;44.86;1.89;16/07/2026;06:00;22.2;5;SOLEIL VOILÉ;0;12.2;0
Saint-Céré;44.86;1.89;16/07/2026;07:00;25.5;5;SOLEIL VOILÉ;0;9.4;0
Saint-Céré;44.86;1.89;16/07/2026;08:00;28.6;5;SOLEIL VOILÉ;1;8.6;0
Saint-Céré;44.86;1.89;16/07/2026;09:00;30.5;5;SOLEIL VOILÉ;2;4.3;0
Saint-Céré;44.86;1.89;16/07/2026;10:00;33.1;5;SOLEIL VOILÉ;2;6.8;0
Saint-Céré;44.86;1.89;16/07/2026;11:00;34.5;5;SOLEIL VOILÉ;3;13.7;0
Saint-Céré;44.86;1.89;16/07/2026;12:00;34.6;5;SOLEIL VOILÉ;3;16.6;0
Saint-Céré;44.86;1.89;16/07/2026;13:00;35.1;5;SOLEIL VOILÉ;3;12.6;0
Saint-Céré;44.86;1.89;16/07/2026;14:00;35.1;5;SOLEIL VOILÉ;4;22.7;0
Saint-Céré;44.86;1.89;16/07/2026;15:00;35.5;0;SOLEIL;4;19.1;0
Saint-Céré;44.86;1.89;16/07/2026;16:00;34.5;0;SOLEIL;4;16.6;0
Saint-Céré;44.86;1.89;16/07/2026;17:00;33.2;0;SOLEIL;4;20.9;0
Saint-Céré;44.86;1.89;16/07/2026;18:00;31.7;0;SOLEIL;4;25.6;0
Saint-Céré;44.86;1.89;16/07/2026;19:00;29.1;0;SOLEIL;4;29.9;0
Saint-Céré;44.86;1.89;16/07/2026;20:00;26;0;SOLEIL;3;31.3;0
Saint-Céré;44.86;1.89;16/07/2026;21:00;24;10;ORAGEUX;3;26.3;0
Saint-Céré;44.86;1.89;16/07/2026;22:00;23;10;ORAGEUX;2;11.2;0.9
Saint-Céré;44.86;1.89;16/07/2026;23:00;20.9;10;ORAGEUX;3;16.9;0.7
Saint-Céré;44.86;1.89;17/07/2026;00:00;21.2;10;ORAGEUX;2;12.6;0
Saint-Céré;44.86;1.89;17/07/2026;01:00;21.2;10;ORAGEUX;2;9.7;0
Saint-Céré;44.86;1.89;17/07/2026;02:00;19.1;10;ORAGEUX;2;4.7;0
Saint-Céré;44.86;1.89;17/07/2026;03:00;19.1;10;ORAGEUX;2;6.5;0
Saint-Céré;44.86;1.89;17/07/2026;04:00;19.1;10;ORAGEUX;2;8.3;0
Saint-Céré;44.86;1.89;17/07/2026;05:00;20.2;0;SOLEIL;1;6.1;0
Saint-Céré;44.86;1.89;17/07/2026;06:00;20.2;0;SOLEIL;1;7.2;0
Saint-Céré;44.86;1.89;17/07/2026;07:00;20.2;0;SOLEIL;1;6.8;0
Saint-Céré;44.86;1.89;17/07/2026;08:00;25.6;6;AVERSES;2;18.0;0
Saint-Céré;44.86;1.89;17/07/2026;09:00;25.6;6;AVERSES;2;19.1;0
Saint-Céré;44.86;1.89;17/07/2026;10:00;25.6;6;AVERSES;2;16.2;0
Saint-Céré;44.86;1.89;17/07/2026;11:00;27.6;6;AVERSES;2;19.8;0
Saint-Céré;44.86;1.89;17/07/2026;12:00;27.6;6;AVERSES;2;18.4;0
Saint-Céré;44.86;1.89;17/07/2026;13:00;27.6;6;AVERSES;2;15.8;0
Saint-Céré;44.86;1.89;17/07/2026;14:00;28;6;AVERSES;3;20.2;0
Saint-Céré;44.86;1.89;17/07/2026;15:00;28;6;AVERSES;3;21.2;0
Saint-Céré;44.86;1.89;17/07/2026;16:00;28;6;AVERSES;3;32.4;0
Saint-Céré;44.86;1.89;17/07/2026;17:00;25.7;0;SOLEIL;3;32.0;0
Saint-Céré;44.86;1.89;17/07/2026;18:00;25.7;0;SOLEIL;3;37.4;0
Saint-Céré;44.86;1.89;17/07/2026;19:00;25.7;0;SOLEIL;3;29.2;0
Saint-Céré;44.86;1.89;17/07/2026;20:00;22.1;0;SOLEIL;3;25.8;0
Saint-Céré;44.86;1.89;17/07/2026;21:00;22.1;0;SOLEIL;3;23.8;0
Saint-Céré;44.86;1.89;17/07/2026;22:00;22.1;0;SOLEIL;3;20.5;0
Saint-Céré;44.86;1.89;17/07/2026;23:00;19.1;0;SOLEIL;2;6.1;0
Saint-Céré;44.86;1.89;18/07/2026;00:00;19.1;0;SOLEIL;2;2.9;0
Saint-Céré;44.86;1.89;18/07/2026;01:00;19.1;0;SOLEIL;2;2.5;0
Saint-Céré;44.86;1.89;18/07/2026;02:00;18.1;0;SOLEIL;2;3.2;0
Saint-Céré;44.86;1.89;18/07/2026;03:00;18.1;0;SOLEIL;2;5.4;0
Saint-Céré;44.86;1.89;18/07/2026;04:00;18.1;0;SOLEIL;2;6.8;0
Saint-Céré;44.86;1.89;18/07/2026;05:00;19.6;0;SOLEIL;2;7.2;0
Saint-Céré;44.86;1.89;18/07/2026;06:00;19.6;0;SOLEIL;2;6.8;0
Saint-Céré;44.86;1.89;18/07/2026;07:00;19.6;0;SOLEIL;2;7.2;0
Saint-Céré;44.86;1.89;18/07/2026;08:00;25.1;0;SOLEIL;2;7.2;0
Saint-Céré;44.86;1.89;18/07/2026;09:00;25.1;0;SOLEIL;2;5.4;0
Saint-Céré;44.86;1.89;18/07/2026;10:00;25.1;0;SOLEIL;2;10.1;0
Saint-Céré;44.86;1.89;18/07/2026;11:00;27.9;0;SOLEIL;2;14.0;0
Saint-Céré;44.86;1.89;18/07/2026;12:00;27.9;0;SOLEIL;2;16.6;0
Saint-Céré;44.86;1.89;18/07/2026;13:00;27.9;0;SOLEIL;2;16.6;0
Saint-Céré;44.86;1.89;18/07/2026;14:00;31;0;SOLEIL;3;15.8;0
Saint-Céré;44.86;1.89;18/07/2026;15:00;31;0;SOLEIL;3;16.6;0
Saint-Céré;44.86;1.89;18/07/2026;16:00;31;0;SOLEIL;3;18.7;0
Saint-Céré;44.86;1.89;18/07/2026;17:00;29.9;0;SOLEIL;3;19.4;0
Saint-Céré;44.86;1.89;18/07/2026;18:00;29.9;0;SOLEIL;3;19.4;0
Saint-Céré;44.86;1.89;18/07/2026;19:00;29.9;0;SOLEIL;3;20.2;0
Saint-Céré;44.86;1.89;18/07/2026;20:00;23.7;0;SOLEIL;5;20.2;0
Saint-Céré;44.86;1.89;18/07/2026;21:00;22.1;0;SOLEIL;5;15.1;0
Saint-Céré;44.86;1.89;18/07/2026;22:00;20.6;0;SOLEIL;5;8.3;0
Saint-Céré;44.86;1.89;18/07/2026;23:00;17.1;0;SOLEIL;2;3.2;0
Saint-Céré;44.86;1.89;19/07/2026;00:00;17.1;0;SOLEIL;2;1.4;0
Saint-Céré;44.86;1.89;19/07/2026;01:00;17.1;0;SOLEIL;2;1.4;0
Saint-Céré;44.86;1.89;19/07/2026;02:00;13.2;0;SOLEIL;5;2.5;0
Saint-Céré;44.86;1.89;19/07/2026;03:00;13.2;0;SOLEIL;5;5.0;0
Saint-Céré;44.86;1.89;19/07/2026;04:00;13.2;0;SOLEIL;5;8.3;0
Saint-Céré;44.86;1.89;19/07/2026;05:00;17;0;SOLEIL;2;10.8;0
Saint-Céré;44.86;1.89;19/07/2026;06:00;17;0;SOLEIL;2;11.2;0
Saint-Céré;44.86;1.89;19/07/2026;07:00;17;0;SOLEIL;2;10.4;0
Saint-Céré;44.86;1.89;19/07/2026;08:00;17.8;0;SOLEIL;5;10.1;0
Saint-Céré;44.86;1.89;19/07/2026;09:00;20.2;0;SOLEIL;5;10.8;0
Saint-Céré;44.86;1.89;19/07/2026;10:00;22.5;0;SOLEIL;5;12.2;0
Saint-Céré;44.86;1.89;19/07/2026;11:00;31.2;0;SOLEIL;2;13.3;0
Saint-Céré;44.86;1.89;19/07/2026;12:00;31.2;0;SOLEIL;2;14.4;0
Saint-Céré;44.86;1.89;19/07/2026;13:00;31.2;0;SOLEIL;2;15.5;0
Saint-Céré;44.86;1.89;19/07/2026;14:00;31.8;0;SOLEIL;5;16.2;0
Saint-Céré;44.86;1.89;19/07/2026;15:00;34.1;0;SOLEIL;5;16.2;0
Saint-Céré;44.86;1.89;19/07/2026;16:00;31.8;0;SOLEIL;5;16.2;0
Saint-Céré;44.86;1.89;19/07/2026;17:00;31.9;0;SOLEIL;4;16.6;0
Saint-Céré;44.86;1.89;19/07/2026;18:00;31.9;0;SOLEIL;4;18.0;0
Saint-Céré;44.86;1.89;19/07/2026;19:00;31.9;0;SOLEIL;4;19.8;0
Saint-Céré;44.86;1.89;19/07/2026;20:00;22.5;0;SOLEIL;5;21.2;0
Saint-Céré;44.86;1.89;19/07/2026;21:00;20.2;0;SOLEIL;5;22.7;0
Saint-Céré;44.86;1.89;19/07/2026;22:00;17.8;0;SOLEIL;5;23.8;0
Saint-Céré;44.86;1.89;19/07/2026;23:00;16;0;SOLEIL;4;23.0;0
Saint-Céré;44.86;1.89;20/07/2026;00:00;16;0;SOLEIL;4;19.4;0
Saint-Céré;44.86;1.89;20/07/2026;01:00;16;0;SOLEIL;4;14.0;0
Saint-Céré;44.86;1.89;20/07/2026;02:00;12;0;SOLEIL;5;9.7;0
Saint-Céré;44.86;1.89;20/07/2026;03:00;12;0;SOLEIL;5;7.2;0
Saint-Céré;44.86;1.89;20/07/2026;04:00;12;0;SOLEIL;5;5.4;0
Saint-Céré;44.86;1.89;20/07/2026;05:00;15.9;0;SOLEIL;3;4.3;0
Saint-Céré;44.86;1.89;20/07/2026;06:00;15.9;0;SOLEIL;3;3.2;0
Saint-Céré;44.86;1.89;20/07/2026;07:00;15.9;0;SOLEIL;3;2.9;0
Saint-Céré;44.86;1.89;20/07/2026;08:00;16.8;0;SOLEIL;5;3.6;0
Saint-Céré;44.86;1.89;20/07/2026;09:00;19.2;0;SOLEIL;5;6.1;0
Saint-Céré;44.86;1.89;20/07/2026;10:00;21.6;0;SOLEIL;5;9.7;0
Saint-Céré;44.86;1.89;20/07/2026;11:00;30.9;0;SOLEIL;2;13.0;0
Saint-Céré;44.86;1.89;20/07/2026;12:00;30.9;0;SOLEIL;2;15.3;0
Saint-Céré;44.86;1.89;20/07/2026;13:00;30.9;0;SOLEIL;2;17.3;0
Saint-Céré;44.86;1.89;20/07/2026;14:00;31.3;0;SOLEIL;5;19.2;0
Saint-Céré;44.86;1.89;20/07/2026;15:00;33.7;0;SOLEIL;5;21.6;0
Saint-Céré;44.86;1.89;20/07/2026;16:00;31.3;0;SOLEIL;5;23.4;0
Saint-Céré;44.86;1.89;20/07/2026;17:00;31.6;0;SOLEIL;4;25.2;0
Saint-Céré;44.86;1.89;20/07/2026;18:00;31.6;0;SOLEIL;4;27.4;0
Saint-Céré;44.86;1.89;20/07/2026;19:00;31.6;0;SOLEIL;4;29.5;0
Saint-Céré;44.86;1.89;20/07/2026;20:00;21.6;0;SOLEIL;5;31.3;0
Saint-Céré;44.86;1.89;20/07/2026;21:00;19.2;0;SOLEIL;5;32.8;0
Saint-Céré;44.86;1.89;20/07/2026;22:00;16.8;0;SOLEIL;5;33.5;0
Saint-Céré;44.86;1.89;20/07/2026;23:00;14.2;0;SOLEIL;4;32.0;0
Saint-Céré;44.86;1.89;21/07/2026;00:00;14.2;0;SOLEIL;4;25.9;0
Saint-Céré;44.86;1.89;21/07/2026;01:00;14.2;0;SOLEIL;4;17.6;0
Saint-Céré;44.86;1.89;21/07/2026;02:00;11.9;0;SOLEIL;5;11.5;0
Saint-Céré;44.86;1.89;21/07/2026;03:00;11.9;0;SOLEIL;5;9.7;0
Saint-Céré;44.86;1.89;21/07/2026;04:00;11.9;0;SOLEIL;5;10.1;0
Saint-Céré;44.86;1.89;21/07/2026;05:00;14.6;0;SOLEIL;3;10.8;0
Saint-Céré;44.86;1.89;21/07/2026;06:00;14.6;0;SOLEIL;3;10.8;0
Saint-Céré;44.86;1.89;21/07/2026;07:00;14.6;0;SOLEIL;3;10.4;0
Saint-Céré;44.86;1.89;21/07/2026;08:00;16.8;0;SOLEIL;5;11.2;0
Saint-Céré;44.86;1.89;21/07/2026;09:00;19.3;0;SOLEIL;5;13.0;0
Saint-Céré;44.86;1.89;21/07/2026;10:00;21.7;0;SOLEIL;5;15.1;0
Saint-Céré;44.86;1.89;21/07/2026;11:00;30.9;0;SOLEIL;3;17.3;0
Saint-Céré;44.86;1.89;21/07/2026;12:00;30.9;0;SOLEIL;3;18.4;0
Saint-Céré;44.86;1.89;21/07/2026;13:00;30.9;0;SOLEIL;3;19.4;0
Saint-Céré;44.86;1.89;21/07/2026;14:00;31.5;0;SOLEIL;5;21.2;0
Saint-Céré;44.86;1.89;21/07/2026;15:00;34.0;0;SOLEIL;5;24.5;0
Saint-Céré;44.86;1.89;21/07/2026;16:00;31.5;0;SOLEIL;5;28.8;0
Saint-Céré;44.86;1.89;21/07/2026;17:00;30.6;0;SOLEIL;4;31.7;0
Saint-Céré;44.86;1.89;21/07/2026;18:00;30.6;0;SOLEIL;4;33.5;0
Saint-Céré;44.86;1.89;21/07/2026;19:00;30.6;0;SOLEIL;4;33.8;0
Saint-Céré;44.86;1.89;21/07/2026;20:00;21.7;0;SOLEIL;5;33.1;0
Saint-Céré;44.86;1.89;21/07/2026;21:00;19.3;0;SOLEIL;5;29.9;0
Saint-Céré;44.86;1.89;21/07/2026;22:00;16.8;0;SOLEIL;5;25.2;0
Saint-Céré;44.86;1.89;21/07/2026;23:00;14.7;0;SOLEIL;3;20.5;0
Saint-Céré;44.86;1.89;22/07/2026;00:00;14.7;0;SOLEIL;3;16.6;0
Saint-Céré;44.86;1.89;22/07/2026;01:00;14.7;0;SOLEIL;3;13.3;0
Saint-Céré;44.86;1.89;22/07/2026;02:00;11.5;0;SOLEIL;5;10.8;0
Saint-Céré;44.86;1.89;22/07/2026;03:00;11.5;0;SOLEIL;5;10.1;0
Saint-Céré;44.86;1.89;22/07/2026;04:00;11.5;0;SOLEIL;5;10.4;0
Saint-Céré;44.86;1.89;22/07/2026;05:00;15.1;0;SOLEIL;2;10.8;0
Saint-Céré;44.86;1.89;22/07/2026;06:00;15.1;0;SOLEIL;2;10.1;0
Saint-Céré;44.86;1.89;22/07/2026;07:00;15.1;0;SOLEIL;2;9.4;0
Saint-Céré;44.86;1.89;22/07/2026;08:00;16.6;0;SOLEIL;5;9.4;0
Saint-Céré;44.86;1.89;22/07/2026;09:00;19.2;0;SOLEIL;5;10.4;0
Saint-Céré;44.86;1.89;22/07/2026;10:00;21.8;0;SOLEIL;5;12.2;0
Saint-Céré;44.86;1.89;22/07/2026;11:00;31.2;0;SOLEIL;2;14.0;0
Saint-Céré;44.86;1.89;22/07/2026;12:00;31.2;0;SOLEIL;2;15.8;0
Saint-Céré;44.86;1.89;22/07/2026;13:00;31.2;0;SOLEIL;2;18.0;0
Saint-Céré;44.86;1.89;22/07/2026;14:00;32.0;0;SOLEIL;5;20.2;0
Saint-Céré;44.86;1.89;22/07/2026;15:00;34.6;0;SOLEIL;5;23.0;0
Saint-Céré;44.86;1.89;22/07/2026;16:00;32.0;0;SOLEIL;5;26.3;0
Saint-Céré;44.86;1.89;22/07/2026;17:00;31.9;0;SOLEIL;3;29.2;0
Saint-Céré;44.86;1.89;22/07/2026;18:00;31.9;0;SOLEIL;3;31.3;0
Saint-Céré;44.86;1.89;22/07/2026;19:00;31.9;0;SOLEIL;3;32.8;0
Saint-Céré;44.86;1.89;22/07/2026;20:00;21.8;0;SOLEIL;5;33.1;0
Saint-Céré;44.86;1.89;22/07/2026;21:00;19.2;0;SOLEIL;5;31.7;0
Saint-Céré;44.86;1.89;22/07/2026;22:00;16.6;0;SOLEIL;5;29.2;0
Saint-Céré;44.86;1.89;22/07/2026;23:00;16.6;0;SOLEIL;3;25.9;0
Saint-Céré;44.86;1.89;23/07/2026;00:00;16.6;0;SOLEIL;3;23.0;0
Saint-Céré;44.86;1.89;23/07/2026;01:00;16.6;0;SOLEIL;3;21.6;0
Saint-Céré;44.86;1.89;23/07/2026;02:00;13.2;0;SOLEIL;5;22.7;0
Saint-Céré;44.86;1.89;23/07/2026;03:00;13.2;0;SOLEIL;5;24.1;0
Saint-Céré;44.86;1.89;23/07/2026;04:00;13.2;0;SOLEIL;5;20.2;0
Saint-Céré;44.86;1.89;23/07/2026;05:00;17;0;SOLEIL;2;16.2;0
Saint-Céré;44.86;1.89;23/07/2026;06:00;17;0;SOLEIL;2;12.6;0
Saint-Céré;44.86;1.89;23/07/2026;07:00;17;0;SOLEIL;2;9.7;0
Saint-Céré;44.86;1.89;23/07/2026;08:00;18.3;0;SOLEIL;5;9.0;0
Saint-Céré;44.86;1.89;23/07/2026;09:00;20.8;0;SOLEIL;5;10.4;0
Saint-Céré;44.86;1.89;23/07/2026;10:00;23.3;0;SOLEIL;5;14.0;0
Saint-Céré;44.86;1.89;23/07/2026;11:00;33;0;SOLEIL;3;18.7;0
Saint-Céré;44.86;1.89;23/07/2026;12:00;33;0;SOLEIL;3;23.8;0
Saint-Céré;44.86;1.89;23/07/2026;13:00;33;0;SOLEIL;3;28.1;0
Saint-Céré;44.86;1.89;23/07/2026;14:00;33.5;0;SOLEIL;5;31.0;0
Saint-Céré;44.86;1.89;23/07/2026;15:00;36.0;0;SOLEIL;5;32.4;0
Saint-Céré;44.86;1.89;23/07/2026;16:00;33.5;0;SOLEIL;5;33.1;0
Saint-Céré;44.86;1.89;23/07/2026;17:00;32.7;0;SOLEIL;3;33.5;0
Saint-Céré;44.86;1.89;23/07/2026;18:00;32.7;0;SOLEIL;3;33.5;0
Saint-Céré;44.86;1.89;23/07/2026;19:00;32.7;0;SOLEIL;3;32.8;0
Saint-Céré;44.86;1.89;23/07/2026;20:00;23.3;0;SOLEIL;5;32.4;0
Saint-Céré;44.86;1.89;23/07/2026;21:00;20.8;0;SOLEIL;5;31.7;0
Saint-Céré;44.86;1.89;23/07/2026;22:00;18.3;0;SOLEIL;5;30.6;0
Saint-Céré;44.86;1.89;23/07/2026;23:00;18.2;0;SOLEIL;2;29.5;0
Saint-Céré;44.86;1.89;24/07/2026;00:00;18.2;0;SOLEIL;2;28.1;0
Saint-Céré;44.86;1.89;24/07/2026;01:00;18.2;0;SOLEIL;2;26.3;0
Saint-Céré;44.86;1.89;24/07/2026;02:00;15;0;SOLEIL;5;24.8;0
Saint-Céré;44.86;1.89;24/07/2026;03:00;15;0;SOLEIL;5;23.0;0
Saint-Céré;44.86;1.89;24/07/2026;04:00;15;0;SOLEIL;5;20.9;0
Saint-Céré;44.86;1.89;24/07/2026;05:00;18.4;0;SOLEIL;2;18.7;0
Saint-Céré;44.86;1.89;24/07/2026;06:00;18.4;0;SOLEIL;2;16.6;0
Saint-Céré;44.86;1.89;24/07/2026;07:00;18.4;0;SOLEIL;2;15.1;0
Saint-Céré;44.86;1.89;24/07/2026;08:00;19.4;0;SOLEIL;5;14.4;0
Saint-Céré;44.86;1.89;24/07/2026;09:00;21.5;0;SOLEIL;5;14.8;0
Saint-Céré;44.86;1.89;24/07/2026;10:00;23.7;0;SOLEIL;5;16.2;0
Saint-Céré;44.86;1.89;24/07/2026;11:00;32.2;0;SOLEIL;2;18.4;0
Saint-Céré;44.86;1.89;24/07/2026;12:00;32.2;0;SOLEIL;2;20.2;0
Saint-Céré;44.86;1.89;24/07/2026;13:00;32.2;0;SOLEIL;2;22.3;0
Saint-Céré;44.86;1.89;24/07/2026;14:00;32.4;0;SOLEIL;5;23.8;0
Saint-Céré;44.86;1.89;24/07/2026;15:00;34.6;0;SOLEIL;5;24.8;0
Saint-Céré;44.86;1.89;24/07/2026;16:00;32.4;0;SOLEIL;5;25.9;0
Saint-Céré;44.86;1.89;24/07/2026;17:00;30.5;0;SOLEIL;3;27.0;0
Saint-Céré;44.86;1.89;24/07/2026;18:00;30.5;0;SOLEIL;3;27.4;0
Saint-Céré;44.86;1.89;24/07/2026;19:00;30.5;0;SOLEIL;3;27.7;0
Saint-Céré;44.86;1.89;24/07/2026;20:00;23.7;0;SOLEIL;5;27.4;0
Saint-Céré;44.86;1.89;24/07/2026;21:00;21.5;0;SOLEIL;5;26.3;0
Saint-Céré;44.86;1.89;24/07/2026;22:00;19.4;0;SOLEIL;5;24.5;0
Saint-Céré;44.86;1.89;24/07/2026;23:00;18;0;SOLEIL;2;22.3;0
Saint-Céré;44.86;1.89;25/07/2026;00:00;18;0;SOLEIL;2;19.8;0
Saint-Céré;44.86;1.89;25/07/2026;01:00;18;0;SOLEIL;2;17.6;0
Saint-Céré;44.86;1.89;25/07/2026;02:00;15.1;0;SOLEIL;5;15.5;0
Saint-Céré;44.86;1.89;25/07/2026;03:00;15.1;0;SOLEIL;5;13.7;0
Saint-Céré;44.86;1.89;25/07/2026;04:00;15.1;0;SOLEIL;5;11.2;0
Saint-Céré;44.86;1.89;25/07/2026;05:00;;0;SOLEIL;;9.4;0
Saint-Céré;44.86;1.89;25/07/2026;06:00;;0;SOLEIL;;7.6;0
Saint-Céré;44.86;1.89;25/07/2026;07:00;;0;SOLEIL;;6.5;0
Saint-Céré;44.86;1.89;25/07/2026;08:00;18.7;0;SOLEIL;5;6.1;0
Saint-Céré;44.86;1.89;25/07/2026;09:00;20.5;0;SOLEIL;5;7.2;0
Saint-Céré;44.86;1.89;25/07/2026;10:00;22.3;0;SOLEIL;5;9.4;0
Saint-Céré;44.86;1.89;25/07/2026;11:00;;0;SOLEIL;;12.2;0
Saint-Céré;44.86;1.89;25/07/2026;12:00;;0;SOLEIL;;15.1;0
Saint-Céré;44.86;1.89;25/07/2026;13:00;;0;SOLEIL;;17.6;0
Saint-Céré;44.86;1.89;25/07/2026;14:00;29.4;0;SOLEIL;5;19.8;0
Saint-Céré;44.86;1.89;25/07/2026;15:00;31.2;0;SOLEIL;5;21.2;0
Saint-Céré;44.86;1.89;25/07/2026;16:00;29.4;0;SOLEIL;5;22.3;0
Saint-Céré;44.86;1.89;25/07/2026;17:00;;0;SOLEIL;;23.4;0
Saint-Céré;44.86;1.89;25/07/2026;18:00;;0;SOLEIL;;24.1;0
Saint-Céré;44.86;1.89;25/07/2026;19:00;;0;SOLEIL;;24.5;0
Saint-Céré;44.86;1.89;25/07/2026;20:00;22.3;0;SOLEIL;5;24.8;0
Saint-Céré;44.86;1.89;25/07/2026;21:00;20.5;0;SOLEIL;5;24.8;0
Saint-Céré;44.86;1.89;25/07/2026;22:00;18.7;0;SOLEIL;5;24.8;0
Saint-Céré;44.86;1.89;25/07/2026;23:00;;6;AVERSES;;24.8;0
Saint-Céré;44.86;1.89;26/07/2026;00:00;;6;AVERSES;;24.1;0
Saint-Céré;44.86;1.89;26/07/2026;01:00;;6;AVERSES;;23.4;0
Saint-Céré;44.86;1.89;26/07/2026;02:00;15.1;6;AVERSES;5;22.3;0
Saint-Céré;44.86;1.89;26/07/2026;03:00;15.1;6;AVERSES;5;20.5;0
Saint-Céré;44.86;1.89;26/07/2026;04:00;15.1;6;AVERSES;5;18.0;0
Saint-Céré;44.86;1.89;26/07/2026;05:00;;6;AVERSES;;15.1;0
Saint-Céré;44.86;1.89;26/07/2026;06:00;;6;AVERSES;;12.2;0
Saint-Céré;44.86;1.89;26/07/2026;07:00;;6;AVERSES;;10.4;0
Saint-Céré;44.86;1.89;26/07/2026;08:00;18.3;6;AVERSES;5;9.7;0
Saint-Céré;44.86;1.89;26/07/2026;09:00;19.9;6;AVERSES;5;10.4;0
Saint-Céré;44.86;1.89;26/07/2026;10:00;21.5;6;AVERSES;5;12.6;0
Saint-Céré;44.86;1.89;26/07/2026;11:00;;6;AVERSES;;15.5;0
Saint-Céré;44.86;1.89;26/07/2026;12:00;;6;AVERSES;;18.4;0
Saint-Céré;44.86;1.89;26/07/2026;13:00;;6;AVERSES;;20.9;0
Saint-Céré;44.86;1.89;26/07/2026;14:00;28.0;6;AVERSES;5;22.7;0
Saint-Céré;44.86;1.89;26/07/2026;15:00;29.6;6;AVERSES;5;23.4;0
Saint-Céré;44.86;1.89;26/07/2026;16:00;28.0;6;AVERSES;5;23.4;0
Saint-Céré;44.86;1.89;26/07/2026;17:00;;6;AVERSES;;23.4;0
Saint-Céré;44.86;1.89;26/07/2026;18:00;;6;AVERSES;;22.7;0
Saint-Céré;44.86;1.89;26/07/2026;19:00;;6;AVERSES;;22.0;0
Saint-Céré;44.86;1.89;26/07/2026;20:00;21.5;6;AVERSES;5;21.2;0
Saint-Céré;44.86;1.89;26/07/2026;21:00;19.9;6;AVERSES;5;20.2;0
Saint-Céré;44.86;1.89;26/07/2026;22:00;18.3;6;AVERSES;5;18.4;0
Saint-Céré;44.86;1.89;26/07/2026;23:00;;6;AVERSES;;16.6;0
Saint-Céré;44.86;1.89;27/07/2026;00:00;;6;AVERSES;;15.1;0
Saint-Céré;44.86;1.89;27/07/2026;01:00;;6;AVERSES;;13.3;0
Saint-Céré;44.86;1.89;27/07/2026;02:00;13.6;6;AVERSES;5;12.6;0
Saint-Céré;44.86;1.89;27/07/2026;03:00;13.6;6;AVERSES;5;12.2;0
Saint-Céré;44.86;1.89;27/07/2026;04:00;13.6;6;AVERSES;5;11.9;0
Saint-Céré;44.86;1.89;27/07/2026;05:00;;6;AVERSES;;12.2;0
Saint-Céré;44.86;1.89;27/07/2026;06:00;;6;AVERSES;;12.6;0
Saint-Céré;44.86;1.89;27/07/2026;07:00;;6;AVERSES;;13.3;0
Saint-Céré;44.86;1.89;27/07/2026;08:00;16.7;6;AVERSES;5;14.8;0
Saint-Céré;44.86;1.89;27/07/2026;09:00;18.3;6;AVERSES;5;16.9;0
Saint-Céré;44.86;1.89;27/07/2026;10:00;19.8;6;AVERSES;5;19.4;0
Saint-Céré;44.86;1.89;27/07/2026;11:00;;6;AVERSES;;22.7;0
Saint-Céré;44.86;1.89;27/07/2026;12:00;;6;AVERSES;;25.9;0
Saint-Céré;44.86;1.89;27/07/2026;13:00;;6;AVERSES;;28.8;0
Saint-Céré;44.86;1.89;27/07/2026;14:00;26.0;6;AVERSES;5;30.6;0
Saint-Céré;44.86;1.89;27/07/2026;15:00;27.6;6;AVERSES;5;31.7;0
Saint-Céré;44.86;1.89;27/07/2026;16:00;26.0;6;AVERSES;5;32.0;0
Saint-Céré;44.86;1.89;27/07/2026;17:00;;6;AVERSES;;32.4;0
Saint-Céré;44.86;1.89;27/07/2026;18:00;;6;AVERSES;;32.0;0
Saint-Céré;44.86;1.89;27/07/2026;19:00;;6;AVERSES;;31.7;0
Saint-Céré;44.86;1.89;27/07/2026;20:00;19.8;6;AVERSES;5;31.0;0
Saint-Céré;44.86;1.89;27/07/2026;21:00;18.3;6;AVERSES;5;30.2;0
Saint-Céré;44.86;1.89;27/07/2026;22:00;16.7;6;AVERSES;5;29.2;0
Saint-Céré;44.86;1.89;27/07/2026;23:00;;6;AVERSES;;27.7;0
Saint-Céré;44.86;1.89;28/07/2026;00:00;;6;AVERSES;;26.3;0
Saint-Céré;44.86;1.89;28/07/2026;01:00;;6;AVERSES;;24.5;0
Saint-Céré;44.86;1.89;28/07/2026;02:00;14.2;6;AVERSES;5;22.7;0
Saint-Céré;44.86;1.89;28/07/2026;03:00;14.2;6;AVERSES;5;20.2;0
Saint-Céré;44.86;1.89;28/07/2026;04:00;14.2;6;AVERSES;5;17.3;0
Saint-Céré;44.86;1.89;28/07/2026;05:00;;6;AVERSES;;14.4;0
Saint-Céré;44.86;1.89;28/07/2026;06:00;;6;AVERSES;;11.5;0
Saint-Céré;44.86;1.89;28/07/2026;07:00;;6;AVERSES;;9.4;0
Saint-Céré;44.86;1.89;28/07/2026;08:00;17.4;6;AVERSES;5;8.3;0
Saint-Céré;44.86;1.89;28/07/2026;09:00;19.0;6;AVERSES;5;9.0;0
Saint-Céré;44.86;1.89;28/07/2026;10:00;20.6;6;AVERSES;5;10.4;0
Saint-Céré;44.86;1.89;28/07/2026;11:00;;6;AVERSES;;13.0;0
Saint-Céré;44.86;1.89;28/07/2026;12:00;;6;AVERSES;;15.8;0
Saint-Céré;44.86;1.89;28/07/2026;13:00;;6;AVERSES;;18.4;0
Saint-Céré;44.86;1.89;28/07/2026;14:00;27.0;6;AVERSES;5;19.8;0
Saint-Céré;44.86;1.89;28/07/2026;15:00;28.6;6;AVERSES;5;20.5;0
Saint-Céré;44.86;1.89;28/07/2026;16:00;27.0;6;AVERSES;5;20.9;0
Saint-Céré;44.86;1.89;28/07/2026;17:00;;6;AVERSES;;21.2;0
Saint-Céré;44.86;1.89;28/07/2026;18:00;;6;AVERSES;;20.9;0
Saint-Céré;44.86;1.89;28/07/2026;19:00;;6;AVERSES;;20.9;0
Saint-Céré;44.86;1.89;28/07/2026;20:00;20.6;6;AVERSES;5;20.5;0
Saint-Céré;44.86;1.89;28/07/2026;21:00;19.0;6;AVERSES;5;20.2;0
Saint-Céré;44.86;1.89;28/07/2026;22:00;17.4;6;AVERSES;5;19.4;0
Saint-Céré;44.86;1.89;28/07/2026;23:00;;0;SOLEIL;;18.4;0
Saint-Céré;44.86;1.89;29/07/2026;00:00;;0;SOLEIL;;17.3;0
Saint-Céré;44.86;1.89;29/07/2026;01:00;;0;SOLEIL;;16.6;0
Saint-Céré;44.86;1.89;29/07/2026;02:00;13;0;SOLEIL;5;16.2;0
Saint-Céré;44.86;1.89;29/07/2026;03:00;13;0;SOLEIL;5;15.8;0
Saint-Céré;44.86;1.89;29/07/2026;04:00;13;0;SOLEIL;5;15.5;0
Saint-Céré;44.86;1.89;29/07/2026;05:00;;0;SOLEIL;;15.5;0
Saint-Céré;44.86;1.89;29/07/2026;06:00;;0;SOLEIL;;15.5;0
Saint-Céré;44.86;1.89;29/07/2026;07:00;;0;SOLEIL;;16.2;0
Saint-Céré;44.86;1.89;29/07/2026;08:00;16.5;0;SOLEIL;5;16.9;0
Saint-Céré;44.86;1.89;29/07/2026;09:00;18.2;0;SOLEIL;5;18.4;0
Saint-Céré;44.86;1.89;29/07/2026;10:00;20.0;0;SOLEIL;5;20.5;0
Saint-Céré;44.86;1.89;29/07/2026;11:00;;0;SOLEIL;;23.4;0
Saint-Céré;44.86;1.89;29/07/2026;12:00;;0;SOLEIL;;25.9;0
Saint-Céré;44.86;1.89;29/07/2026;13:00;;0;SOLEIL;;27.7;0
Saint-Céré;44.86;1.89;29/07/2026;14:00;27.0;0;SOLEIL;5;29.2;0
Saint-Céré;44.86;1.89;29/07/2026;15:00;28.7;0;SOLEIL;5;29.5;0
Saint-Céré;44.86;1.89;29/07/2026;16:00;27.0;0;SOLEIL;5;29.5;0
Saint-Céré;44.86;1.89;29/07/2026;17:00;;0;SOLEIL;;28.8;0
Saint-Céré;44.86;1.89;29/07/2026;18:00;;0;SOLEIL;;28.1;0
Saint-Céré;44.86;1.89;29/07/2026;19:00;;0;SOLEIL;;27.0;0
Saint-Céré;44.86;1.89;29/07/2026;20:00;20.0;0;SOLEIL;5;26.6;0
Saint-Céré;44.86;1.89;29/07/2026;21:00;18.2;0;SOLEIL;5;26.6;0
Saint-Céré;44.86;1.89;29/07/2026;22:00;16.5;0;SOLEIL;5;26.6;0
Saint-Céré;44.86;1.89;29/07/2026;23:00;14.7;0;SOLEIL;5;27.0;0
Saint-Céré;44.86;1.89;30/07/2026;00:00;12;0;SOLEIL;5;27.0;0
Saint-Céré;44.86;1.89;30/07/2026;01:00;12;0;SOLEIL;5;26.6;0
Saint-Céré;44.86;1.89;30/07/2026;02:00;12;0;SOLEIL;5;25.6;0
Saint-Céré;44.86;1.89;30/07/2026;03:00;12;0;SOLEIL;5;23.4;0
Saint-Céré;44.86;1.89;30/07/2026;04:00;12;0;SOLEIL;5;20.2;0
Saint-Céré;44.86;1.89;30/07/2026;05:00;12;0;SOLEIL;5;16.6;0
Saint-Céré;44.86;1.89;30/07/2026;06:00;12;0;SOLEIL;5;13.3;0
Saint-Céré;44.86;1.89;30/07/2026;07:00;13.1;0;SOLEIL;5;10.4;0
Saint-Céré;44.86;1.89;30/07/2026;08:00;14.2;0;SOLEIL;5;9.4;0
Saint-Céré;44.86;1.89;30/07/2026;09:00;15.3;0;SOLEIL;5;9.7;0
Saint-Céré;44.86;1.89;30/07/2026;10:00;16.4;0;SOLEIL;5;11.9;0
Saint-Céré;44.86;1.89;30/07/2026;11:00;17.6;0;SOLEIL;5;14.4;0
Saint-Céré;44.86;1.89;30/07/2026;12:00;18.7;0;SOLEIL;5;15.7;0
Saint-Céré;44.86;1.89;30/07/2026;13:00;19.8;0;SOLEIL;5;14.2;0
Saint-Céré;44.86;1.89;30/07/2026;14:00;20.9;0;SOLEIL;5;11.3;0
Saint-Céré;44.86;1.89;30/07/2026;15:00;22.0;0;SOLEIL;5;10.8;0
Saint-Céré;44.86;1.89;30/07/2026;16:00;20.9;0;SOLEIL;5;15.5;0
Saint-Céré;44.86;1.89;30/07/2026;17:00;19.8;0;SOLEIL;5;18.4;0
Saint-Céré;44.86;1.89;30/07/2026;18:00;18.7;0;SOLEIL;5;17.6;0
Saint-Céré;44.86;1.89;30/07/2026;19:00;17.6;0;SOLEIL;5;15.5;0
Saint-Céré;44.86;1.89;30/07/2026;20:00;16.4;0;SOLEIL;5;13.3;0
Saint-Céré;44.86;1.89;30/07/2026;21:00;15.3;0;SOLEIL;5;12.2;0
Saint-Céré;44.86;1.89;30/07/2026;22:00;14.2;0;SOLEIL;5;11.5;0
Saint-Céré;44.86;1.89;30/07/2026;23:00;13.1;0;SOLEIL;5;10.4;0
Saint-Céré;44.86;1.89;31/07/2026;00:00;12;0;SOLEIL;5;0.0;0
Saint-Céré;44.86;1.89;31/07/2026;01:00;12;0;SOLEIL;5;0.0;0
Saint-Céré;44.86;1.89;31/07/2026;02:00;12;0;SOLEIL;5;0.0;0
Saint-Céré;44.86;1.89;31/07/2026;03:00;12;0;SOLEIL;5;0.0;0
Saint-Céré;44.86;1.89;31/07/2026;04:00;12;0;SOLEIL;5;0.0;0
Saint-Céré;44.86;1.89;31/07/2026;05:00;12;0;SOLEIL;5;0.0;0
Saint-Céré;44.86;1.89;31/07/2026;06:00;12;0;SOLEIL;5;0.0;0
Saint-Céré;44.86;1.89;31/07/2026;07:00;13.1;0;SOLEIL;5;0.0;0
Saint-Céré;44.86;1.89;31/07/2026;08:00;14.2;0;SOLEIL;5;0.0;0
Saint-Céré;44.86;1.89;31/07/2026;09:00;15.3;0;SOLEIL;5;0.0;0
Saint-Céré;44.86;1.89;31/07/2026;10:00;16.4;0;SOLEIL;5;0.0;0
Saint-Céré;44.86;1.89;31/07/2026;11:00;17.6;0;SOLEIL;5;0.0;0
Saint-Céré;44.86;1.89;31/07/2026;12:00;18.7;0;SOLEIL;5;0.0;0
Saint-Céré;44.86;1.89;31/07/2026;13:00;19.8;0;SOLEIL;5;0.0;0
Saint-Céré;44.86;1.89;31/07/2026;14:00;20.9;0;SOLEIL;5;0.0;0
Saint-Céré;44.86;1.89;31/07/2026;15:00;22.0;0;SOLEIL;5;0.0;0
Saint-Céré;44.86;1.89;31/07/2026;16:00;20.9;0;SOLEIL;5;0.0;0
Saint-Céré;44.86;1.89;31/07/2026;17:00;19.8;0;SOLEIL;5;0.0;0
Saint-Céré;44.86;1.89;31/07/2026;18:00;18.7;0;SOLEIL;5;0.0;0
Saint-Céré;44.86;1.89;31/07/2026;19:00;17.6;0;SOLEIL;5;0.0;0
Saint-Céré;44.86;1.89;31/07/2026;20:00;16.4;0;SOLEIL;5;0.0;0
Saint-Céré;44.86;1.89;31/07/2026;21:00;15.3;0;SOLEIL;5;0.0;0
Saint-Céré;44.86;1.89;31/07/2026;22:00;14.2;0;SOLEIL;5;0.0;0
Saint-Céré;44.86;1.89;31/07/2026;23:00;13.1;0;SOLEIL;5;0.0;0
Mende;44.51;3.5;16/07/2026;00:00;19.1;0;SOLEIL;0;4.3;0
Mende;44.51;3.5;16/07/2026;01:00;19.4;0;SOLEIL;0;2.5;0
Mende;44.51;3.5;16/07/2026;02:00;18;0;SOLEIL;0;4.3;0
Mende;44.51;3.5;16/07/2026;03:00;16.4;0;SOLEIL;0;3.2;0
Mende;44.51;3.5;16/07/2026;04:00;15.1;0;SOLEIL;0;6.5;0
Mende;44.51;3.5;16/07/2026;05:00;15;0;SOLEIL;0;6.5;0
Mende;44.51;3.5;16/07/2026;06:00;16.6;0;SOLEIL;0;5.8;0
Mende;44.51;3.5;16/07/2026;07:00;21.9;5;SOLEIL VOILÉ;0;6.8;0
Mende;44.51;3.5;16/07/2026;08:00;26.1;5;SOLEIL VOILÉ;1;6.1;0
Mende;44.51;3.5;16/07/2026;09:00;30;5;SOLEIL VOILÉ;2;6.5;0
Mende;44.51;3.5;16/07/2026;10:00;33.1;2;NUAGEUX;2;12.2;0
Mende;44.51;3.5;16/07/2026;11:00;32.1;2;NUAGEUX;4;24.5;0
Mende;44.51;3.5;16/07/2026;12:00;28.4;2;NUAGEUX;3;19.8;0
Mende;44.51;3.5;16/07/2026;13:00;27.5;2;NUAGEUX;4;37.4;0
Mende;44.51;3.5;16/07/2026;14:00;27.6;2;NUAGEUX;3;40.3;0
Mende;44.51;3.5;16/07/2026;15:00;29.6;5;SOLEIL VOILÉ;4;39.6;0
Mende;44.51;3.5;16/07/2026;16:00;28.9;5;SOLEIL VOILÉ;4;41.0;0
Mende;44.51;3.5;16/07/2026;17:00;28.2;0;SOLEIL;3;44.6;0
Mende;44.51;3.5;16/07/2026;18:00;27.9;0;SOLEIL;3;49.0;0
Mende;44.51;3.5;16/07/2026;19:00;26.1;6;AVERSES;2;47.2;0.1
Mende;44.51;3.5;16/07/2026;20:00;21.6;6;AVERSES;2;43.2;0.1
Mende;44.51;3.5;16/07/2026;21:00;20.9;6;AVERSES;1;28.1;0.1
Mende;44.51;3.5;16/07/2026;22:00;21;10;ORAGEUX;1;11.9;0
Mende;44.51;3.5;16/07/2026;23:00;19.7;6;AVERSES;1;8.6;0.1
Mende;44.51;3.5;17/07/2026;00:00;18.4;6;AVERSES;2;10.4;0.3
Mende;44.51;3.5;17/07/2026;01:00;18.4;6;AVERSES;2;6.8;0.3
Mende;44.51;3.5;17/07/2026;02:00;16.4;10;ORAGEUX;1;5.4;0
Mende;44.51;3.5;17/07/2026;03:00;16.4;10;ORAGEUX;1;14.0;0
Mende;44.51;3.5;17/07/2026;04:00;16.4;10;ORAGEUX;1;6.1;0
Mende;44.51;3.5;17/07/2026;05:00;16;10;ORAGEUX;1;2.5;0
Mende;44.51;3.5;17/07/2026;06:00;16;10;ORAGEUX;1;7.2;0
Mende;44.51;3.5;17/07/2026;07:00;16;10;ORAGEUX;1;10.1;0
Mende;44.51;3.5;17/07/2026;08:00;25.6;0;SOLEIL;2;11.2;0
Mende;44.51;3.5;17/07/2026;09:00;25.6;0;SOLEIL;2;13.7;0
Mende;44.51;3.5;17/07/2026;10:00;25.6;0;SOLEIL;2;22.3;0
Mende;44.51;3.5;17/07/2026;11:00;28.6;0;SOLEIL;3;21.2;0
Mende;44.51;3.5;17/07/2026;12:00;28.6;0;SOLEIL;3;23.0;0
Mende;44.51;3.5;17/07/2026;13:00;28.6;0;SOLEIL;3;28.8;0
Mende;44.51;3.5;17/07/2026;14:00;29.2;0;SOLEIL;4;30.2;0
Mende;44.51;3.5;17/07/2026;15:00;29.2;0;SOLEIL;4;31.7;0
Mende;44.51;3.5;17/07/2026;16:00;29.2;0;SOLEIL;4;31.0;0
Mende;44.51;3.5;17/07/2026;17:00;26.7;0;SOLEIL;3;28.8;0
Mende;44.51;3.5;17/07/2026;18:00;26.7;0;SOLEIL;3;30.5;0
Mende;44.51;3.5;17/07/2026;19:00;26.7;0;SOLEIL;3;31.0;0
Mende;44.51;3.5;17/07/2026;20:00;19.1;0;SOLEIL;2;28.3;0
Mende;44.51;3.5;17/07/2026;21:00;19.1;0;SOLEIL;2;24.5;0
Mende;44.51;3.5;17/07/2026;22:00;19.1;0;SOLEIL;2;18.7;0
Mende;44.51;3.5;17/07/2026;23:00;15;0;SOLEIL;2;9.0;0
Mende;44.51;3.5;18/07/2026;00:00;15;0;SOLEIL;2;8.3;0
Mende;44.51;3.5;18/07/2026;01:00;15;0;SOLEIL;2;9.4;0
Mende;44.51;3.5;18/07/2026;02:00;13.6;0;SOLEIL;1;7.6;0
Mende;44.51;3.5;18/07/2026;03:00;13.6;0;SOLEIL;1;7.6;0
Mende;44.51;3.5;18/07/2026;04:00;13.6;0;SOLEIL;1;7.2;0
Mende;44.51;3.5;18/07/2026;05:00;14.7;0;SOLEIL;2;7.2;0
Mende;44.51;3.5;18/07/2026;06:00;14.7;0;SOLEIL;2;7.2;0
Mende;44.51;3.5;18/07/2026;07:00;14.7;0;SOLEIL;2;7.2;0
Mende;44.51;3.5;18/07/2026;08:00;24.1;0;SOLEIL;3;8.6;0
Mende;44.51;3.5;18/07/2026;09:00;24.1;0;SOLEIL;3;9.4;0
Mende;44.51;3.5;18/07/2026;10:00;24.1;0;SOLEIL;3;18.4;0
Mende;44.51;3.5;18/07/2026;11:00;27.6;0;SOLEIL;3;23.8;0
Mende;44.51;3.5;18/07/2026;12:00;27.6;0;SOLEIL;3;26.3;0
Mende;44.51;3.5;18/07/2026;13:00;27.6;0;SOLEIL;3;26.3;0
Mende;44.51;3.5;18/07/2026;14:00;28.6;0;SOLEIL;3;25.6;0
Mende;44.51;3.5;18/07/2026;15:00;28.6;0;SOLEIL;3;25.6;0
Mende;44.51;3.5;18/07/2026;16:00;28.6;0;SOLEIL;3;25.6;0
Mende;44.51;3.5;18/07/2026;17:00;25.6;0;SOLEIL;3;25.2;0
Mende;44.51;3.5;18/07/2026;18:00;25.6;0;SOLEIL;3;24.5;0
Mende;44.51;3.5;18/07/2026;19:00;25.6;0;SOLEIL;3;23.0;0
Mende;44.51;3.5;18/07/2026;20:00;19.9;0;SOLEIL;5;21.2;0
Mende;44.51;3.5;18/07/2026;21:00;18.1;0;SOLEIL;5;18.4;0
Mende;44.51;3.5;18/07/2026;22:00;16.3;0;SOLEIL;5;15.1;0
Mende;44.51;3.5;18/07/2026;23:00;14.1;0;SOLEIL;2;12.6;0
Mende;44.51;3.5;19/07/2026;00:00;14.1;0;SOLEIL;2;11.5;0
Mende;44.51;3.5;19/07/2026;01:00;14.1;0;SOLEIL;2;11.2;0
Mende;44.51;3.5;19/07/2026;02:00;13;0;SOLEIL;5;11.2;0
Mende;44.51;3.5;19/07/2026;03:00;13;0;SOLEIL;5;11.2;0
Mende;44.51;3.5;19/07/2026;04:00;13;0;SOLEIL;5;11.5;0
Mende;44.51;3.5;19/07/2026;05:00;15.2;0;SOLEIL;2;11.5;0
Mende;44.51;3.5;19/07/2026;06:00;15.2;0;SOLEIL;2;10.8;0
Mende;44.51;3.5;19/07/2026;07:00;15.2;0;SOLEIL;2;10.1;0
Mende;44.51;3.5;19/07/2026;08:00;17.1;0;SOLEIL;5;10.1;0
Mende;44.51;3.5;19/07/2026;09:00;19.2;0;SOLEIL;5;11.2;0
Mende;44.51;3.5;19/07/2026;10:00;21.2;0;SOLEIL;5;13.0;0
Mende;44.51;3.5;19/07/2026;11:00;30;0;SOLEIL;3;15.1;0
Mende;44.51;3.5;19/07/2026;12:00;30;0;SOLEIL;3;17.3;0
Mende;44.51;3.5;19/07/2026;13:00;30;0;SOLEIL;3;20.2;0
Mende;44.51;3.5;19/07/2026;14:00;29.4;0;SOLEIL;5;22.3;0
Mende;44.51;3.5;19/07/2026;15:00;31.5;0;SOLEIL;5;24.5;0
Mende;44.51;3.5;19/07/2026;16:00;29.4;0;SOLEIL;5;26.6;0
Mende;44.51;3.5;19/07/2026;17:00;27.6;0;SOLEIL;3;27.0;0
Mende;44.51;3.5;19/07/2026;18:00;27.6;0;SOLEIL;3;24.5;0
Mende;44.51;3.5;19/07/2026;19:00;27.6;0;SOLEIL;3;20.2;0
Mende;44.51;3.5;19/07/2026;20:00;21.2;0;SOLEIL;5;16.6;0
Mende;44.51;3.5;19/07/2026;21:00;19.2;0;SOLEIL;5;13.7;0
Mende;44.51;3.5;19/07/2026;22:00;17.1;0;SOLEIL;5;11.5;0
Mende;44.51;3.5;19/07/2026;23:00;16.2;0;SOLEIL;3;10.1;0
Mende;44.51;3.5;20/07/2026;00:00;16.2;0;SOLEIL;3;10.4;0
Mende;44.51;3.5;20/07/2026;01:00;16.2;0;SOLEIL;3;12.2;0
Mende;44.51;3.5;20/07/2026;02:00;12.6;0;SOLEIL;5;13.0;0
Mende;44.51;3.5;20/07/2026;03:00;12.6;0;SOLEIL;5;12.2;0
Mende;44.51;3.5;20/07/2026;04:00;12.6;0;SOLEIL;5;10.8;0
Mende;44.51;3.5;20/07/2026;05:00;14.2;0;SOLEIL;2;10.1;0
Mende;44.51;3.5;20/07/2026;06:00;14.2;0;SOLEIL;2;10.1;0
Mende;44.51;3.5;20/07/2026;07:00;14.2;0;SOLEIL;2;10.4;0
Mende;44.51;3.5;20/07/2026;08:00;16.8;0;SOLEIL;5;11.5;0
Mende;44.51;3.5;20/07/2026;09:00;18.9;0;SOLEIL;5;12.6;0
Mende;44.51;3.5;20/07/2026;10:00;21.0;0;SOLEIL;5;14.4;0
Mende;44.51;3.5;20/07/2026;11:00;29.6;0;SOLEIL;3;18.0;0
Mende;44.51;3.5;20/07/2026;12:00;29.6;0;SOLEIL;3;25.0;0
Mende;44.51;3.5;20/07/2026;13:00;29.6;0;SOLEIL;3;33.8;0
Mende;44.51;3.5;20/07/2026;14:00;29.3;0;SOLEIL;5;40.3;0
Mende;44.51;3.5;20/07/2026;15:00;31.4;0;SOLEIL;5;42.5;0
Mende;44.51;3.5;20/07/2026;16:00;29.3;0;SOLEIL;5;42.1;0
Mende;44.51;3.5;20/07/2026;17:00;27.1;0;SOLEIL;3;40.0;0
Mende;44.51;3.5;20/07/2026;18:00;27.1;0;SOLEIL;3;35.6;0
Mende;44.51;3.5;20/07/2026;19:00;27.1;0;SOLEIL;3;29.9;0
Mende;44.51;3.5;20/07/2026;20:00;21.0;0;SOLEIL;5;25.6;0
Mende;44.51;3.5;20/07/2026;21:00;18.9;0;SOLEIL;5;23.8;0
Mende;44.51;3.5;20/07/2026;22:00;16.8;0;SOLEIL;5;23.0;0
Mende;44.51;3.5;20/07/2026;23:00;15.7;0;SOLEIL;3;22.3;0
Mende;44.51;3.5;21/07/2026;00:00;15.7;0;SOLEIL;3;21.6;0
Mende;44.51;3.5;21/07/2026;01:00;15.7;0;SOLEIL;3;20.5;0
Mende;44.51;3.5;21/07/2026;02:00;12.7;0;SOLEIL;5;19.8;0
Mende;44.51;3.5;21/07/2026;03:00;12.7;0;SOLEIL;5;18.7;0
Mende;44.51;3.5;21/07/2026;04:00;12.7;0;SOLEIL;5;18.0;0
Mende;44.51;3.5;21/07/2026;05:00;14;0;SOLEIL;3;17.3;0
Mende;44.51;3.5;21/07/2026;06:00;14;0;SOLEIL;3;16.9;0
Mende;44.51;3.5;21/07/2026;07:00;14;0;SOLEIL;3;16.6;0
Mende;44.51;3.5;21/07/2026;08:00;16.5;0;SOLEIL;5;17.6;0
Mende;44.51;3.5;21/07/2026;09:00;18.3;0;SOLEIL;5;20.5;0
Mende;44.51;3.5;21/07/2026;10:00;20.2;0;SOLEIL;5;24.8;0
Mende;44.51;3.5;21/07/2026;11:00;27.4;0;SOLEIL;3;28.1;0
Mende;44.51;3.5;21/07/2026;12:00;27.4;0;SOLEIL;3;29.9;0
Mende;44.51;3.5;21/07/2026;13:00;27.4;0;SOLEIL;3;30.6;0
Mende;44.51;3.5;21/07/2026;14:00;27.7;0;SOLEIL;5;31.7;0
Mende;44.51;3.5;21/07/2026;15:00;29.6;0;SOLEIL;5;33.1;0
Mende;44.51;3.5;21/07/2026;16:00;27.7;0;SOLEIL;5;34.6;0
Mende;44.51;3.5;21/07/2026;17:00;25.9;0;SOLEIL;4;35.6;0
Mende;44.51;3.5;21/07/2026;18:00;25.9;0;SOLEIL;4;36.7;0
Mende;44.51;3.5;21/07/2026;19:00;25.9;0;SOLEIL;4;37.4;0
Mende;44.51;3.5;21/07/2026;20:00;20.2;0;SOLEIL;5;37.1;0
Mende;44.51;3.5;21/07/2026;21:00;18.3;0;SOLEIL;5;35.3;0
Mende;44.51;3.5;21/07/2026;22:00;16.5;0;SOLEIL;5;32.4;0
Mende;44.51;3.5;21/07/2026;23:00;15.4;0;SOLEIL;4;29.5;0
Mende;44.51;3.5;22/07/2026;00:00;15.4;0;SOLEIL;4;27.0;0
Mende;44.51;3.5;22/07/2026;01:00;15.4;0;SOLEIL;4;24.8;0
Mende;44.51;3.5;22/07/2026;02:00;11.6;0;SOLEIL;5;22.7;0
Mende;44.51;3.5;22/07/2026;03:00;11.6;0;SOLEIL;5;20.5;0
Mende;44.51;3.5;22/07/2026;04:00;11.6;0;SOLEIL;5;18.7;0
Mende;44.51;3.5;22/07/2026;05:00;13.6;0;SOLEIL;3;17.3;0
Mende;44.51;3.5;22/07/2026;06:00;13.6;0;SOLEIL;3;16.2;0
Mende;44.51;3.5;22/07/2026;07:00;13.6;0;SOLEIL;3;15.8;0
Mende;44.51;3.5;22/07/2026;08:00;15.8;0;SOLEIL;5;17.3;0
Mende;44.51;3.5;22/07/2026;09:00;17.9;0;SOLEIL;5;21.2;0
Mende;44.51;3.5;22/07/2026;10:00;20.0;0;SOLEIL;5;27.0;0
Mende;44.51;3.5;22/07/2026;11:00;27.7;0;SOLEIL;3;31.7;0
Mende;44.51;3.5;22/07/2026;12:00;27.7;0;SOLEIL;3;34.6;0
Mende;44.51;3.5;22/07/2026;13:00;27.7;0;SOLEIL;3;36.4;0
Mende;44.51;3.5;22/07/2026;14:00;28.3;0;SOLEIL;5;37.1;0
Mende;44.51;3.5;22/07/2026;15:00;30.4;0;SOLEIL;5;36.4;0
Mende;44.51;3.5;22/07/2026;16:00;28.3;0;SOLEIL;5;34.9;0
Mende;44.51;3.5;22/07/2026;17:00;27.1;0;SOLEIL;4;34.2;0
Mende;44.51;3.5;22/07/2026;18:00;27.1;0;SOLEIL;4;35.3;0
Mende;44.51;3.5;22/07/2026;19:00;27.1;0;SOLEIL;4;37.1;0
Mende;44.51;3.5;22/07/2026;20:00;20.0;0;SOLEIL;5;37.8;0
Mende;44.51;3.5;22/07/2026;21:00;17.9;0;SOLEIL;5;36.0;0
Mende;44.51;3.5;22/07/2026;22:00;15.8;0;SOLEIL;5;32.8;0
Mende;44.51;3.5;22/07/2026;23:00;15.9;0;SOLEIL;3;29.5;0
Mende;44.51;3.5;23/07/2026;00:00;15.9;0;SOLEIL;3;29.3;0
Mende;44.51;3.5;23/07/2026;01:00;15.9;0;SOLEIL;3;29.7;0
Mende;44.51;3.5;23/07/2026;02:00;12.7;0;SOLEIL;5;30.9;0
Mende;44.51;3.5;23/07/2026;03:00;12.7;0;SOLEIL;5;31.7;0
Mende;44.51;3.5;23/07/2026;04:00;12.7;0;SOLEIL;5;28.1;0
Mende;44.51;3.5;23/07/2026;05:00;15.1;0;SOLEIL;3;24.5;0
Mende;44.51;3.5;23/07/2026;06:00;15.1;0;SOLEIL;3;21.2;0
Mende;44.51;3.5;23/07/2026;07:00;15.1;0;SOLEIL;3;19.1;0
Mende;44.51;3.5;23/07/2026;08:00;16.7;0;SOLEIL;5;18.4;0
Mende;44.51;3.5;23/07/2026;09:00;18.7;0;SOLEIL;5;19.8;0
Mende;44.51;3.5;23/07/2026;10:00;20.7;0;SOLEIL;5;23.4;0
Mende;44.51;3.5;23/07/2026;11:00;28.6;0;SOLEIL;5;27.7;0
Mende;44.51;3.5;23/07/2026;12:00;28.6;0;SOLEIL;5;32.4;0
Mende;44.51;3.5;23/07/2026;13:00;28.6;0;SOLEIL;5;36.7;0
Mende;44.51;3.5;23/07/2026;14:00;28.6;0;SOLEIL;5;39.6;0
Mende;44.51;3.5;23/07/2026;15:00;30.6;0;SOLEIL;5;41.4;0
Mende;44.51;3.5;23/07/2026;16:00;28.6;0;SOLEIL;5;42.5;0
Mende;44.51;3.5;23/07/2026;17:00;27.1;0;SOLEIL;5;43.2;0
Mende;44.51;3.5;23/07/2026;18:00;27.1;0;SOLEIL;5;43.6;0
Mende;44.51;3.5;23/07/2026;19:00;27.1;0;SOLEIL;5;43.6;0
Mende;44.51;3.5;23/07/2026;20:00;20.7;0;SOLEIL;5;43.6;0
Mende;44.51;3.5;23/07/2026;21:00;18.7;0;SOLEIL;5;43.6;0
Mende;44.51;3.5;23/07/2026;22:00;16.7;0;SOLEIL;5;43.6;0
Mende;44.51;3.5;23/07/2026;23:00;17.2;0;SOLEIL;3;43.2;0
Mende;44.51;3.5;24/07/2026;00:00;17.2;0;SOLEIL;3;42.5;0
Mende;44.51;3.5;24/07/2026;01:00;17.2;0;SOLEIL;3;41.4;0
Mende;44.51;3.5;24/07/2026;02:00;13.7;0;SOLEIL;5;40.0;0
Mende;44.51;3.5;24/07/2026;03:00;13.7;0;SOLEIL;5;37.4;0
Mende;44.51;3.5;24/07/2026;04:00;13.7;0;SOLEIL;5;33.8;0
Mende;44.51;3.5;24/07/2026;05:00;15.7;0;SOLEIL;2;30.2;0
Mende;44.51;3.5;24/07/2026;06:00;15.7;0;SOLEIL;2;26.3;0
Mende;44.51;3.5;24/07/2026;07:00;15.7;0;SOLEIL;2;23.4;0
Mende;44.51;3.5;24/07/2026;08:00;17.8;0;SOLEIL;5;21.6;0
Mende;44.51;3.5;24/07/2026;09:00;19.8;0;SOLEIL;5;21.2;0
Mende;44.51;3.5;24/07/2026;10:00;21.9;0;SOLEIL;5;22.3;0
Mende;44.51;3.5;24/07/2026;11:00;30.4;0;SOLEIL;4;23.8;0
Mende;44.51;3.5;24/07/2026;12:00;30.4;0;SOLEIL;4;25.9;0
Mende;44.51;3.5;24/07/2026;13:00;30.4;0;SOLEIL;4;27.7;0
Mende;44.51;3.5;24/07/2026;14:00;30.1;0;SOLEIL;5;29.2;0
Mende;44.51;3.5;24/07/2026;15:00;32.1;0;SOLEIL;5;30.6;0
Mende;44.51;3.5;24/07/2026;16:00;30.1;0;SOLEIL;5;32.0;0
Mende;44.51;3.5;24/07/2026;17:00;27.1;0;SOLEIL;4;33.5;0
Mende;44.51;3.5;24/07/2026;18:00;27.1;0;SOLEIL;4;34.6;0
Mende;44.51;3.5;24/07/2026;19:00;27.1;0;SOLEIL;4;35.3;0
Mende;44.51;3.5;24/07/2026;20:00;21.9;0;SOLEIL;5;34.9;0
Mende;44.51;3.5;24/07/2026;21:00;19.8;0;SOLEIL;5;33.5;0
Mende;44.51;3.5;24/07/2026;22:00;17.8;0;SOLEIL;5;31.3;0
Mende;44.51;3.5;24/07/2026;23:00;16.7;0;SOLEIL;2;28.1;0
Mende;44.51;3.5;25/07/2026;00:00;16.7;0;SOLEIL;2;24.8;0
Mende;44.51;3.5;25/07/2026;01:00;16.7;0;SOLEIL;2;22.0;0
Mende;44.51;3.5;25/07/2026;02:00;14;0;SOLEIL;5;19.4;0
Mende;44.51;3.5;25/07/2026;03:00;14;0;SOLEIL;5;16.9;0
Mende;44.51;3.5;25/07/2026;04:00;14;0;SOLEIL;5;14.4;0
Mende;44.51;3.5;25/07/2026;05:00;;0;SOLEIL;;12.2;0
Mende;44.51;3.5;25/07/2026;06:00;;0;SOLEIL;;10.1;0
Mende;44.51;3.5;25/07/2026;07:00;;0;SOLEIL;;9.0;0
Mende;44.51;3.5;25/07/2026;08:00;17.6;0;SOLEIL;5;9.0;0
Mende;44.51;3.5;25/07/2026;09:00;19.3;0;SOLEIL;5;10.4;0
Mende;44.51;3.5;25/07/2026;10:00;21.1;0;SOLEIL;5;13.3;0
Mende;44.51;3.5;25/07/2026;11:00;;0;SOLEIL;;16.6;0
Mende;44.51;3.5;25/07/2026;12:00;;0;SOLEIL;;20.5;0
Mende;44.51;3.5;25/07/2026;13:00;;0;SOLEIL;;24.1;0
Mende;44.51;3.5;25/07/2026;14:00;28.2;0;SOLEIL;5;27.0;0
Mende;44.51;3.5;25/07/2026;15:00;30.0;0;SOLEIL;5;29.5;0
Mende;44.51;3.5;25/07/2026;16:00;28.2;0;SOLEIL;5;31.7;0
Mende;44.51;3.5;25/07/2026;17:00;;0;SOLEIL;;33.8;0
Mende;44.51;3.5;25/07/2026;18:00;;0;SOLEIL;;35.6;0
Mende;44.51;3.5;25/07/2026;19:00;;0;SOLEIL;;36.7;0
Mende;44.51;3.5;25/07/2026;20:00;21.1;0;SOLEIL;5;37.1;0
Mende;44.51;3.5;25/07/2026;21:00;19.3;0;SOLEIL;5;36.7;0
Mende;44.51;3.5;25/07/2026;22:00;17.6;0;SOLEIL;5;35.6;0
Mende;44.51;3.5;25/07/2026;23:00;;0;SOLEIL;;34.2;0
Mende;44.51;3.5;26/07/2026;00:00;;0;SOLEIL;;32.0;0
Mende;44.51;3.5;26/07/2026;01:00;;0;SOLEIL;;29.9;0
Mende;44.51;3.5;26/07/2026;02:00;13.5;0;SOLEIL;5;27.4;0
Mende;44.51;3.5;26/07/2026;03:00;13.5;0;SOLEIL;5;24.1;0
Mende;44.51;3.5;26/07/2026;04:00;13.5;0;SOLEIL;5;20.2;0
Mende;44.51;3.5;26/07/2026;05:00;;0;SOLEIL;;15.5;0
Mende;44.51;3.5;26/07/2026;06:00;;0;SOLEIL;;11.5;0
Mende;44.51;3.5;26/07/2026;07:00;;0;SOLEIL;;8.6;0
Mende;44.51;3.5;26/07/2026;08:00;16.5;0;SOLEIL;5;7.6;0
Mende;44.51;3.5;26/07/2026;09:00;18.0;0;SOLEIL;5;8.6;0
Mende;44.51;3.5;26/07/2026;10:00;19.5;0;SOLEIL;5;11.9;0
Mende;44.51;3.5;26/07/2026;11:00;;0;SOLEIL;;15.8;0
Mende;44.51;3.5;26/07/2026;12:00;;0;SOLEIL;;20.2;0
Mende;44.51;3.5;26/07/2026;13:00;;0;SOLEIL;;24.1;0
Mende;44.51;3.5;26/07/2026;14:00;25.5;0;SOLEIL;5;27.0;0
Mende;44.51;3.5;26/07/2026;15:00;27.0;0;SOLEIL;5;28.8;0
Mende;44.51;3.5;26/07/2026;16:00;25.5;0;SOLEIL;5;29.9;0
Mende;44.51;3.5;26/07/2026;17:00;;0;SOLEIL;;30.6;0
Mende;44.51;3.5;26/07/2026;18:00;;0;SOLEIL;;30.6;0
Mende;44.51;3.5;26/07/2026;19:00;;0;SOLEIL;;30.6;0
Mende;44.51;3.5;26/07/2026;20:00;19.5;0;SOLEIL;5;29.5;0
Mende;44.51;3.5;26/07/2026;21:00;18.0;0;SOLEIL;5;27.7;0
Mende;44.51;3.5;26/07/2026;22:00;16.5;0;SOLEIL;5;24.8;0
Mende;44.51;3.5;26/07/2026;23:00;;0;SOLEIL;;21.6;0
Mende;44.51;3.5;27/07/2026;00:00;;0;SOLEIL;;18.4;0
Mende;44.51;3.5;27/07/2026;01:00;;0;SOLEIL;;15.1;0
Mende;44.51;3.5;27/07/2026;02:00;12.6;0;SOLEIL;5;12.6;0
Mende;44.51;3.5;27/07/2026;03:00;12.6;0;SOLEIL;5;10.4;0
Mende;44.51;3.5;27/07/2026;04:00;12.6;0;SOLEIL;5;8.3;0
Mende;44.51;3.5;27/07/2026;05:00;;0;SOLEIL;;6.1;0
Mende;44.51;3.5;27/07/2026;06:00;;0;SOLEIL;;5.0;0
Mende;44.51;3.5;27/07/2026;07:00;;0;SOLEIL;;4.7;0
Mende;44.51;3.5;27/07/2026;08:00;15.6;0;SOLEIL;5;5.4;0
Mende;44.51;3.5;27/07/2026;09:00;17.1;0;SOLEIL;5;8.3;0
Mende;44.51;3.5;27/07/2026;10:00;18.6;0;SOLEIL;5;12.6;0
Mende;44.51;3.5;27/07/2026;11:00;;0;SOLEIL;;18.0;0
Mende;44.51;3.5;27/07/2026;12:00;;0;SOLEIL;;23.4;0
Mende;44.51;3.5;27/07/2026;13:00;;0;SOLEIL;;28.4;0
Mende;44.51;3.5;27/07/2026;14:00;24.5;0;SOLEIL;5;32.0;0
Mende;44.51;3.5;27/07/2026;15:00;26.0;0;SOLEIL;5;34.2;0
Mende;44.51;3.5;27/07/2026;16:00;24.5;0;SOLEIL;5;35.6;0
Mende;44.51;3.5;27/07/2026;17:00;;0;SOLEIL;;36.7;0
Mende;44.51;3.5;27/07/2026;18:00;;0;SOLEIL;;37.1;0
Mende;44.51;3.5;27/07/2026;19:00;;0;SOLEIL;;37.1;0
Mende;44.51;3.5;27/07/2026;20:00;18.6;0;SOLEIL;5;36.7;0
Mende;44.51;3.5;27/07/2026;21:00;17.1;0;SOLEIL;5;36.0;0
Mende;44.51;3.5;27/07/2026;22:00;15.6;0;SOLEIL;5;35.3;0
Mende;44.51;3.5;27/07/2026;23:00;;0;SOLEIL;;33.8;0
Mende;44.51;3.5;28/07/2026;00:00;;0;SOLEIL;;32.0;0
Mende;44.51;3.5;28/07/2026;01:00;;0;SOLEIL;;30.2;0
Mende;44.51;3.5;28/07/2026;02:00;12.9;0;SOLEIL;5;27.7;0
Mende;44.51;3.5;28/07/2026;03:00;12.9;0;SOLEIL;5;24.5;0
Mende;44.51;3.5;28/07/2026;04:00;12.9;0;SOLEIL;5;19.8;0
Mende;44.51;3.5;28/07/2026;05:00;;0;SOLEIL;;15.1;0
Mende;44.51;3.5;28/07/2026;06:00;;0;SOLEIL;;10.8;0
Mende;44.51;3.5;28/07/2026;07:00;;0;SOLEIL;;7.9;0
Mende;44.51;3.5;28/07/2026;08:00;15.8;0;SOLEIL;5;6.8;0
Mende;44.51;3.5;28/07/2026;09:00;17.2;0;SOLEIL;5;8.6;0
Mende;44.51;3.5;28/07/2026;10:00;18.7;0;SOLEIL;5;12.6;0
Mende;44.51;3.5;28/07/2026;11:00;;0;SOLEIL;;17.6;0
Mende;44.51;3.5;28/07/2026;12:00;;0;SOLEIL;;23.4;0
Mende;44.51;3.5;28/07/2026;13:00;;0;SOLEIL;;28.1;0
Mende;44.51;3.5;28/07/2026;14:00;24.5;0;SOLEIL;5;31.3;0
Mende;44.51;3.5;28/07/2026;15:00;25.9;0;SOLEIL;5;32.8;0
Mende;44.51;3.5;28/07/2026;16:00;24.5;0;SOLEIL;5;33.8;0
Mende;44.51;3.5;28/07/2026;17:00;;0;SOLEIL;;33.8;0
Mende;44.51;3.5;28/07/2026;18:00;;0;SOLEIL;;33.5;0
Mende;44.51;3.5;28/07/2026;19:00;;0;SOLEIL;;32.4;0
Mende;44.51;3.5;28/07/2026;20:00;18.7;0;SOLEIL;5;31.0;0
Mende;44.51;3.5;28/07/2026;21:00;17.2;0;SOLEIL;5;28.4;0
Mende;44.51;3.5;28/07/2026;22:00;15.8;0;SOLEIL;5;24.8;0
Mende;44.51;3.5;28/07/2026;23:00;;0;SOLEIL;;20.9;0
Mende;44.51;3.5;29/07/2026;00:00;;0;SOLEIL;;16.6;0
Mende;44.51;3.5;29/07/2026;01:00;;0;SOLEIL;;13.7;0
Mende;44.51;3.5;29/07/2026;02:00;12;0;SOLEIL;5;11.9;0
Mende;44.51;3.5;29/07/2026;03:00;12;0;SOLEIL;5;11.9;0
Mende;44.51;3.5;29/07/2026;04:00;12;0;SOLEIL;5;13.3;0
Mende;44.51;3.5;29/07/2026;05:00;;0;SOLEIL;;15.5;0
Mende;44.51;3.5;29/07/2026;06:00;;0;SOLEIL;;18.0;0
Mende;44.51;3.5;29/07/2026;07:00;;0;SOLEIL;;20.9;0
Mende;44.51;3.5;29/07/2026;08:00;15.5;0;SOLEIL;5;23.0;0
Mende;44.51;3.5;29/07/2026;09:00;17.2;0;SOLEIL;5;25.2;0
Mende;44.51;3.5;29/07/2026;10:00;18.9;0;SOLEIL;5;27.7;0
Mende;44.51;3.5;29/07/2026;11:00;;0;SOLEIL;;29.9;0
Mende;44.51;3.5;29/07/2026;12:00;;0;SOLEIL;;32.0;0
Mende;44.51;3.5;29/07/2026;13:00;;0;SOLEIL;;33.8;0
Mende;44.51;3.5;29/07/2026;14:00;25.9;0;SOLEIL;5;35.3;0
Mende;44.51;3.5;29/07/2026;15:00;27.6;0;SOLEIL;5;36.0;0
Mende;44.51;3.5;29/07/2026;16:00;25.9;0;SOLEIL;5;36.0;0
Mende;44.51;3.5;29/07/2026;17:00;;0;SOLEIL;;35.6;0
Mende;44.51;3.5;29/07/2026;18:00;;0;SOLEIL;;35.3;0
Mende;44.51;3.5;29/07/2026;19:00;;0;SOLEIL;;34.6;0
Mende;44.51;3.5;29/07/2026;20:00;18.9;0;SOLEIL;5;33.8;0
Mende;44.51;3.5;29/07/2026;21:00;17.2;0;SOLEIL;5;33.1;0
Mende;44.51;3.5;29/07/2026;22:00;15.5;0;SOLEIL;5;32.4;0
Mende;44.51;3.5;29/07/2026;23:00;13.7;0;SOLEIL;5;31.7;0
Mende;44.51;3.5;30/07/2026;00:00;12;0;SOLEIL;5;30.6;0
Mende;44.51;3.5;30/07/2026;01:00;12;0;SOLEIL;5;29.2;0
Mende;44.51;3.5;30/07/2026;02:00;12;0;SOLEIL;5;27.4;0
Mende;44.51;3.5;30/07/2026;03:00;12;0;SOLEIL;5;24.8;0
Mende;44.51;3.5;30/07/2026;04:00;12;0;SOLEIL;5;21.6;0
Mende;44.51;3.5;30/07/2026;05:00;12;0;SOLEIL;5;18.0;0
Mende;44.51;3.5;30/07/2026;06:00;12;0;SOLEIL;5;14.4;0
Mende;44.51;3.5;30/07/2026;07:00;13.1;0;SOLEIL;5;11.9;0
Mende;44.51;3.5;30/07/2026;08:00;14.2;0;SOLEIL;5;10.8;0
Mende;44.51;3.5;30/07/2026;09:00;15.3;0;SOLEIL;5;11.5;0
Mende;44.51;3.5;30/07/2026;10:00;16.4;0;SOLEIL;5;13.3;0
Mende;44.51;3.5;30/07/2026;11:00;17.6;0;SOLEIL;5;16.2;0
Mende;44.51;3.5;30/07/2026;12:00;18.7;0;SOLEIL;5;16.9;0
Mende;44.51;3.5;30/07/2026;13:00;19.8;0;SOLEIL;5;18.2;0
Mende;44.51;3.5;30/07/2026;14:00;20.9;0;SOLEIL;5;18.8;0
Mende;44.51;3.5;30/07/2026;15:00;22.0;0;SOLEIL;5;16.2;0
Mende;44.51;3.5;30/07/2026;16:00;20.9;0;SOLEIL;5;13.0;0
Mende;44.51;3.5;30/07/2026;17:00;19.8;0;SOLEIL;5;10.4;0
Mende;44.51;3.5;30/07/2026;18:00;18.7;0;SOLEIL;5;9.7;0
Mende;44.51;3.5;30/07/2026;19:00;17.6;0;SOLEIL;5;9.4;0
Mende;44.51;3.5;30/07/2026;20:00;16.4;0;SOLEIL;5;9.7;0
Mende;44.51;3.5;30/07/2026;21:00;15.3;0;SOLEIL;5;11.5;0
Mende;44.51;3.5;30/07/2026;22:00;14.2;0;SOLEIL;5;13.7;0
Mende;44.51;3.5;30/07/2026;23:00;13.1;0;SOLEIL;5;14.4;0
Mende;44.51;3.5;31/07/2026;00:00;12;0;SOLEIL;5;0.0;0
Mende;44.51;3.5;31/07/2026;01:00;12;0;SOLEIL;5;0.0;0
Mende;44.51;3.5;31/07/2026;02:00;12;0;SOLEIL;5;0.0;0
Mende;44.51;3.5;31/07/2026;03:00;12;0;SOLEIL;5;0.0;0
Mende;44.51;3.5;31/07/2026;04:00;12;0;SOLEIL;5;0.0;0
Mende;44.51;3.5;31/07/2026;05:00;12;0;SOLEIL;5;0.0;0
Mende;44.51;3.5;31/07/2026;06:00;12;0;SOLEIL;5;0.0;0
Mende;44.51;3.5;31/07/2026;07:00;13.1;0;SOLEIL;5;0.0;0
Mende;44.51;3.5;31/07/2026;08:00;14.2;0;SOLEIL;5;0.0;0
Mende;44.51;3.5;31/07/2026;09:00;15.3;0;SOLEIL;5;0.0;0
Mende;44.51;3.5;31/07/2026;10:00;16.4;0;SOLEIL;5;0.0;0
Mende;44.51;3.5;31/07/2026;11:00;17.6;0;SOLEIL;5;0.0;0
Mende;44.51;3.5;31/07/2026;12:00;18.7;0;SOLEIL;5;0.0;0
Mende;44.51;3.5;31/07/2026;13:00;19.8;0;SOLEIL;5;0.0;0
Mende;44.51;3.5;31/07/2026;14:00;20.9;0;SOLEIL;5;0.0;0
Mende;44.51;3.5;31/07/2026;15:00;22.0;0;SOLEIL;5;0.0;0
Mende;44.51;3.5;31/07/2026;16:00;20.9;0;SOLEIL;5;0.0;0
Mende;44.51;3.5;31/07/2026;17:00;19.8;0;SOLEIL;5;0.0;0
Mende;44.51;3.5;31/07/2026;18:00;18.7;0;SOLEIL;5;0.0;0
Mende;44.51;3.5;31/07/2026;19:00;17.6;0;SOLEIL;5;0.0;0
Mende;44.51;3.5;31/07/2026;20:00;16.4;0;SOLEIL;5;0.0;0
Mende;44.51;3.5;31/07/2026;21:00;15.3;0;SOLEIL;5;0.0;0
Mende;44.51;3.5;31/07/2026;22:00;14.2;0;SOLEIL;5;0.0;0
Mende;44.51;3.5;31/07/2026;23:00;13.1;0;SOLEIL;5;0.0;0
Tarbes;43.23;0.07;16/07/2026;00:00;21.7;0;SOLEIL;2;0;0
Tarbes;43.23;0.07;16/07/2026;01:00;21.1;0;SOLEIL;2;0;0
Tarbes;43.23;0.07;16/07/2026;02:00;20.9;0;SOLEIL;2;0;0
Tarbes;43.23;0.07;16/07/2026;03:00;20.9;0;SOLEIL;2;0;0
Tarbes;43.23;0.07;16/07/2026;04:00;20.5;5;SOLEIL VOILÉ;2;0;0
Tarbes;43.23;0.07;16/07/2026;05:00;20.5;5;SOLEIL VOILÉ;2;0;0
Tarbes;43.23;0.07;16/07/2026;06:00;20.7;5;SOLEIL VOILÉ;2;0;0
Tarbes;43.23;0.07;16/07/2026;07:00;21.6;5;SOLEIL VOILÉ;2;0;0
Tarbes;43.23;0.07;16/07/2026;08:00;21.9;2;NUAGEUX;2;0;0
Tarbes;43.23;0.07;16/07/2026;09:00;23.1;2;NUAGEUX;2;0;0
Tarbes;43.23;0.07;16/07/2026;10:00;25.5;5;SOLEIL VOILÉ;2;0;0
Tarbes;43.23;0.07;16/07/2026;11:00;26.6;5;SOLEIL VOILÉ;2;0;0
Tarbes;43.23;0.07;16/07/2026;12:00;27.6;0;SOLEIL;3;0;0
Tarbes;43.23;0.07;16/07/2026;13:00;29.1;0;SOLEIL;3;0;0
Tarbes;43.23;0.07;16/07/2026;14:00;29.4;0;SOLEIL;4;0;0
Tarbes;43.23;0.07;16/07/2026;15:00;30.2;0;SOLEIL;4;0;0
Tarbes;43.23;0.07;16/07/2026;16:00;29.9;6;AVERSES;5;0;0.1
Tarbes;43.23;0.07;16/07/2026;17:00;28.9;6;AVERSES;5;0;0.1
Tarbes;43.23;0.07;16/07/2026;18:00;26.9;6;AVERSES;4;0;0.1
Tarbes;43.23;0.07;16/07/2026;19:00;24.1;6;AVERSES;4;0;0.1
Tarbes;43.23;0.07;16/07/2026;20:00;22.2;6;AVERSES;4;0;0.1
Tarbes;43.23;0.07;16/07/2026;21:00;22.1;6;AVERSES;3;0;0.1
Tarbes;43.23;0.07;16/07/2026;22:00;21.6;0;SOLEIL;3;0;0
Tarbes;43.23;0.07;16/07/2026;23:00;20.7;0;SOLEIL;3;0;0
Tarbes;43.23;0.07;17/07/2026;00:00;20.5;2;NUAGEUX;3;0;0
Tarbes;43.23;0.07;17/07/2026;01:00;20.5;2;NUAGEUX;3;0;0
Tarbes;43.23;0.07;17/07/2026;02:00;20;2;NUAGEUX;3;0;0
Tarbes;43.23;0.07;17/07/2026;03:00;20;2;NUAGEUX;3;0;0
Tarbes;43.23;0.07;17/07/2026;04:00;20;2;NUAGEUX;3;0;0
Tarbes;43.23;0.07;17/07/2026;05:00;20.1;6;AVERSES;2;0;0
Tarbes;43.23;0.07;17/07/2026;06:00;20.1;6;AVERSES;2;0;0
Tarbes;43.23;0.07;17/07/2026;07:00;20.1;6;AVERSES;2;0;0
Tarbes;43.23;0.07;17/07/2026;08:00;21.2;6;AVERSES;2;0;0
Tarbes;43.23;0.07;17/07/2026;09:00;21.2;6;AVERSES;2;0;0
Tarbes;43.23;0.07;17/07/2026;10:00;21.2;6;AVERSES;2;0;0
Tarbes;43.23;0.07;17/07/2026;11:00;23.7;2;NUAGEUX;3;0;0
Tarbes;43.23;0.07;17/07/2026;12:00;23.7;2;NUAGEUX;3;0;0
Tarbes;43.23;0.07;17/07/2026;13:00;23.7;2;NUAGEUX;3;0;0
Tarbes;43.23;0.07;17/07/2026;14:00;25;2;NUAGEUX;3;0;0
Tarbes;43.23;0.07;17/07/2026;15:00;25;2;NUAGEUX;3;0;0
Tarbes;43.23;0.07;17/07/2026;16:00;25;2;NUAGEUX;3;0;0
Tarbes;43.23;0.07;17/07/2026;17:00;25;2;NUAGEUX;3;0;0
Tarbes;43.23;0.07;17/07/2026;18:00;25;2;NUAGEUX;3;0;0
Tarbes;43.23;0.07;17/07/2026;19:00;25;2;NUAGEUX;3;0;0
Tarbes;43.23;0.07;17/07/2026;20:00;22.2;2;NUAGEUX;3;0;0
Tarbes;43.23;0.07;17/07/2026;21:00;22.2;2;NUAGEUX;3;0;0
Tarbes;43.23;0.07;17/07/2026;22:00;22.2;2;NUAGEUX;3;0;0
Tarbes;43.23;0.07;17/07/2026;23:00;21.1;2;NUAGEUX;3;0;0
Tarbes;43.23;0.07;18/07/2026;00:00;21.1;2;NUAGEUX;3;0;0
Tarbes;43.23;0.07;18/07/2026;01:00;21.1;2;NUAGEUX;3;0;0
Tarbes;43.23;0.07;18/07/2026;02:00;19.7;2;NUAGEUX;2;0;0
Tarbes;43.23;0.07;18/07/2026;03:00;19.7;2;NUAGEUX;2;0;0
Tarbes;43.23;0.07;18/07/2026;04:00;19.7;2;NUAGEUX;2;0;0
Tarbes;43.23;0.07;18/07/2026;05:00;20;2;NUAGEUX;1;0;0
Tarbes;43.23;0.07;18/07/2026;06:00;20;2;NUAGEUX;1;0;0
Tarbes;43.23;0.07;18/07/2026;07:00;20;2;NUAGEUX;1;0;0
Tarbes;43.23;0.07;18/07/2026;08:00;22.6;2;NUAGEUX;1;0;0
Tarbes;43.23;0.07;18/07/2026;09:00;22.6;2;NUAGEUX;1;0;0
Tarbes;43.23;0.07;18/07/2026;10:00;22.6;2;NUAGEUX;1;0;0
Tarbes;43.23;0.07;18/07/2026;11:00;25.7;2;NUAGEUX;2;0;0
Tarbes;43.23;0.07;18/07/2026;12:00;25.7;2;NUAGEUX;2;0;0
Tarbes;43.23;0.07;18/07/2026;13:00;25.7;2;NUAGEUX;2;0;0
Tarbes;43.23;0.07;18/07/2026;14:00;27;0;SOLEIL;2;0;0
Tarbes;43.23;0.07;18/07/2026;15:00;27;0;SOLEIL;2;0;0
Tarbes;43.23;0.07;18/07/2026;16:00;27;0;SOLEIL;2;0;0
Tarbes;43.23;0.07;18/07/2026;17:00;26.7;0;SOLEIL;2;0;0
Tarbes;43.23;0.07;18/07/2026;18:00;26.7;0;SOLEIL;2;0;0
Tarbes;43.23;0.07;18/07/2026;19:00;26.7;0;SOLEIL;2;0;0
Tarbes;43.23;0.07;18/07/2026;20:00;22.9;2;NUAGEUX;5;0;0
Tarbes;43.23;0.07;18/07/2026;21:00;21.8;2;NUAGEUX;5;0;0
Tarbes;43.23;0.07;18/07/2026;22:00;20.8;2;NUAGEUX;5;0;0
Tarbes;43.23;0.07;18/07/2026;23:00;20.9;0;SOLEIL;3;0;0
Tarbes;43.23;0.07;19/07/2026;00:00;20.9;0;SOLEIL;3;0;0
Tarbes;43.23;0.07;19/07/2026;01:00;20.9;0;SOLEIL;3;0;0
Tarbes;43.23;0.07;19/07/2026;02:00;19.4;2;NUAGEUX;5;0;0
Tarbes;43.23;0.07;19/07/2026;03:00;19.4;2;NUAGEUX;5;0;0
Tarbes;43.23;0.07;19/07/2026;04:00;19.4;2;NUAGEUX;5;0;0
Tarbes;43.23;0.07;19/07/2026;05:00;20.9;0;SOLEIL;2;0;0
Tarbes;43.23;0.07;19/07/2026;06:00;20.9;0;SOLEIL;2;0;0
Tarbes;43.23;0.07;19/07/2026;07:00;20.9;0;SOLEIL;2;0;0
Tarbes;43.23;0.07;19/07/2026;08:00;22.0;2;NUAGEUX;5;0;0
Tarbes;43.23;0.07;19/07/2026;09:00;23.3;2;NUAGEUX;5;0;0
Tarbes;43.23;0.07;19/07/2026;10:00;24.6;2;NUAGEUX;5;0;0
Tarbes;43.23;0.07;19/07/2026;11:00;29.6;2;NUAGEUX;3;0;0
Tarbes;43.23;0.07;19/07/2026;12:00;29.6;2;NUAGEUX;3;0;0
Tarbes;43.23;0.07;19/07/2026;13:00;29.6;2;NUAGEUX;3;0;0
Tarbes;43.23;0.07;19/07/2026;14:00;29.7;2;NUAGEUX;5;0;0
Tarbes;43.23;0.07;19/07/2026;15:00;31.0;2;NUAGEUX;5;0;0
Tarbes;43.23;0.07;19/07/2026;16:00;29.7;2;NUAGEUX;5;0;0
Tarbes;43.23;0.07;19/07/2026;17:00;28.7;2;NUAGEUX;2;0;0
Tarbes;43.23;0.07;19/07/2026;18:00;28.7;2;NUAGEUX;2;0;0
Tarbes;43.23;0.07;19/07/2026;19:00;28.7;2;NUAGEUX;2;0;0
Tarbes;43.23;0.07;19/07/2026;20:00;24.6;2;NUAGEUX;5;0;0
Tarbes;43.23;0.07;19/07/2026;21:00;23.3;2;NUAGEUX;5;0;0
Tarbes;43.23;0.07;19/07/2026;22:00;22.0;2;NUAGEUX;5;0;0
Tarbes;43.23;0.07;19/07/2026;23:00;22.2;0;SOLEIL;0;0;0
Tarbes;43.23;0.07;20/07/2026;00:00;22.2;0;SOLEIL;0;0;0
Tarbes;43.23;0.07;20/07/2026;01:00;22.2;0;SOLEIL;0;0;0
Tarbes;43.23;0.07;20/07/2026;02:00;19.9;0;SOLEIL;5;0;0
Tarbes;43.23;0.07;20/07/2026;03:00;19.9;0;SOLEIL;5;0;0
Tarbes;43.23;0.07;20/07/2026;04:00;19.9;0;SOLEIL;5;0;0
Tarbes;43.23;0.07;20/07/2026;05:00;21.2;0;SOLEIL;2;0;0
Tarbes;43.23;0.07;20/07/2026;06:00;21.2;0;SOLEIL;2;0;0
Tarbes;43.23;0.07;20/07/2026;07:00;21.2;0;SOLEIL;2;0;0
Tarbes;43.23;0.07;20/07/2026;08:00;22.6;0;SOLEIL;5;0;0
Tarbes;43.23;0.07;20/07/2026;09:00;24.0;0;SOLEIL;5;0;0
Tarbes;43.23;0.07;20/07/2026;10:00;25.3;0;SOLEIL;5;0;0
Tarbes;43.23;0.07;20/07/2026;11:00;30.1;0;SOLEIL;3;0;0
Tarbes;43.23;0.07;20/07/2026;12:00;30.1;0;SOLEIL;3;0;0
Tarbes;43.23;0.07;20/07/2026;13:00;30.1;0;SOLEIL;3;0;0
Tarbes;43.23;0.07;20/07/2026;14:00;30.7;0;SOLEIL;5;0;0
Tarbes;43.23;0.07;20/07/2026;15:00;32.1;0;SOLEIL;5;0;0
Tarbes;43.23;0.07;20/07/2026;16:00;30.7;0;SOLEIL;5;0;0
Tarbes;43.23;0.07;20/07/2026;17:00;29.5;0;SOLEIL;2;0;0
Tarbes;43.23;0.07;20/07/2026;18:00;29.5;0;SOLEIL;2;0;0
Tarbes;43.23;0.07;20/07/2026;19:00;29.5;0;SOLEIL;2;0;0
Tarbes;43.23;0.07;20/07/2026;20:00;25.3;0;SOLEIL;5;0;0
Tarbes;43.23;0.07;20/07/2026;21:00;24.0;0;SOLEIL;5;0;0
Tarbes;43.23;0.07;20/07/2026;22:00;22.6;0;SOLEIL;5;0;0
Tarbes;43.23;0.07;20/07/2026;23:00;21.2;0;SOLEIL;0;0;0
Tarbes;43.23;0.07;21/07/2026;00:00;21.2;0;SOLEIL;0;0;0
Tarbes;43.23;0.07;21/07/2026;01:00;21.2;0;SOLEIL;0;0;0
Tarbes;43.23;0.07;21/07/2026;02:00;19;0;SOLEIL;5;0;0
Tarbes;43.23;0.07;21/07/2026;03:00;19;0;SOLEIL;5;0;0
Tarbes;43.23;0.07;21/07/2026;04:00;19;0;SOLEIL;5;0;0
Tarbes;43.23;0.07;21/07/2026;05:00;20.1;0;SOLEIL;2;0;0
Tarbes;43.23;0.07;21/07/2026;06:00;20.1;0;SOLEIL;2;0;0
Tarbes;43.23;0.07;21/07/2026;07:00;20.1;0;SOLEIL;2;0;0
Tarbes;43.23;0.07;21/07/2026;08:00;22.0;0;SOLEIL;5;0;0
Tarbes;43.23;0.07;21/07/2026;09:00;23.5;0;SOLEIL;5;0;0
Tarbes;43.23;0.07;21/07/2026;10:00;25.0;0;SOLEIL;5;0;0
Tarbes;43.23;0.07;21/07/2026;11:00;30.1;0;SOLEIL;2;0;0
Tarbes;43.23;0.07;21/07/2026;12:00;30.1;0;SOLEIL;2;0;0
Tarbes;43.23;0.07;21/07/2026;13:00;30.1;0;SOLEIL;2;0;0
Tarbes;43.23;0.07;21/07/2026;14:00;30.9;0;SOLEIL;5;0;0
Tarbes;43.23;0.07;21/07/2026;15:00;32.4;0;SOLEIL;5;0;0
Tarbes;43.23;0.07;21/07/2026;16:00;30.9;0;SOLEIL;5;0;0
Tarbes;43.23;0.07;21/07/2026;17:00;29.9;0;SOLEIL;2;0;0
Tarbes;43.23;0.07;21/07/2026;18:00;29.9;0;SOLEIL;2;0;0
Tarbes;43.23;0.07;21/07/2026;19:00;29.9;0;SOLEIL;2;0;0
Tarbes;43.23;0.07;21/07/2026;20:00;25.0;0;SOLEIL;5;0;0
Tarbes;43.23;0.07;21/07/2026;21:00;23.5;0;SOLEIL;5;0;0
Tarbes;43.23;0.07;21/07/2026;22:00;22.0;0;SOLEIL;5;0;0
Tarbes;43.23;0.07;21/07/2026;23:00;20.7;0;SOLEIL;0;0;0
Tarbes;43.23;0.07;22/07/2026;00:00;20.7;0;SOLEIL;0;0;0
Tarbes;43.23;0.07;22/07/2026;01:00;20.7;0;SOLEIL;0;0;0
Tarbes;43.23;0.07;22/07/2026;02:00;18;0;SOLEIL;5;0;0
Tarbes;43.23;0.07;22/07/2026;03:00;18;0;SOLEIL;5;0;0
Tarbes;43.23;0.07;22/07/2026;04:00;18;0;SOLEIL;5;0;0
Tarbes;43.23;0.07;22/07/2026;05:00;20;0;SOLEIL;1;0;0
Tarbes;43.23;0.07;22/07/2026;06:00;20;0;SOLEIL;1;0;0
Tarbes;43.23;0.07;22/07/2026;07:00;20;0;SOLEIL;1;0;0
Tarbes;43.23;0.07;22/07/2026;08:00;21.2;0;SOLEIL;5;0;0
Tarbes;43.23;0.07;22/07/2026;09:00;22.9;0;SOLEIL;5;0;0
Tarbes;43.23;0.07;22/07/2026;10:00;24.5;0;SOLEIL;5;0;0
Tarbes;43.23;0.07;22/07/2026;11:00;30.6;0;SOLEIL;3;0;0
Tarbes;43.23;0.07;22/07/2026;12:00;30.6;0;SOLEIL;3;0;0
Tarbes;43.23;0.07;22/07/2026;13:00;30.6;0;SOLEIL;3;0;0
Tarbes;43.23;0.07;22/07/2026;14:00;31.0;0;SOLEIL;5;0;0
Tarbes;43.23;0.07;22/07/2026;15:00;32.6;0;SOLEIL;5;0;0
Tarbes;43.23;0.07;22/07/2026;16:00;31.0;0;SOLEIL;5;0;0
Tarbes;43.23;0.07;22/07/2026;17:00;30.1;0;SOLEIL;2;0;0
Tarbes;43.23;0.07;22/07/2026;18:00;30.1;0;SOLEIL;2;0;0
Tarbes;43.23;0.07;22/07/2026;19:00;30.1;0;SOLEIL;2;0;0
Tarbes;43.23;0.07;22/07/2026;20:00;24.5;0;SOLEIL;5;0;0
Tarbes;43.23;0.07;22/07/2026;21:00;22.9;0;SOLEIL;5;0;0
Tarbes;43.23;0.07;22/07/2026;22:00;21.2;0;SOLEIL;5;0;0
Tarbes;43.23;0.07;22/07/2026;23:00;21.1;0;SOLEIL;3;0;0
Tarbes;43.23;0.07;23/07/2026;00:00;21.1;0;SOLEIL;3;0;0
Tarbes;43.23;0.07;23/07/2026;01:00;21.1;0;SOLEIL;3;0;0
Tarbes;43.23;0.07;23/07/2026;02:00;18.2;0;SOLEIL;5;0;0
Tarbes;43.23;0.07;23/07/2026;03:00;18.2;0;SOLEIL;5;0;0
Tarbes;43.23;0.07;23/07/2026;04:00;18.2;0;SOLEIL;5;0;0
Tarbes;43.23;0.07;23/07/2026;05:00;20.1;0;SOLEIL;3;0;0
Tarbes;43.23;0.07;23/07/2026;06:00;20.1;0;SOLEIL;3;0;0
Tarbes;43.23;0.07;23/07/2026;07:00;20.1;0;SOLEIL;3;0;0
Tarbes;43.23;0.07;23/07/2026;08:00;21.5;0;SOLEIL;5;0;0
Tarbes;43.23;0.07;23/07/2026;09:00;23.2;0;SOLEIL;5;0;0
Tarbes;43.23;0.07;23/07/2026;10:00;24.8;0;SOLEIL;5;0;0
Tarbes;43.23;0.07;23/07/2026;11:00;30.7;0;SOLEIL;2;0;0
Tarbes;43.23;0.07;23/07/2026;12:00;30.7;0;SOLEIL;2;0;0
Tarbes;43.23;0.07;23/07/2026;13:00;30.7;0;SOLEIL;2;0;0
Tarbes;43.23;0.07;23/07/2026;14:00;31.4;0;SOLEIL;5;0;0
Tarbes;43.23;0.07;23/07/2026;15:00;33.1;0;SOLEIL;5;0;0
Tarbes;43.23;0.07;23/07/2026;16:00;31.4;0;SOLEIL;5;0;0
Tarbes;43.23;0.07;23/07/2026;17:00;30.5;0;SOLEIL;2;0;0
Tarbes;43.23;0.07;23/07/2026;18:00;30.5;0;SOLEIL;2;0;0
Tarbes;43.23;0.07;23/07/2026;19:00;30.5;0;SOLEIL;2;0;0
Tarbes;43.23;0.07;23/07/2026;20:00;24.8;0;SOLEIL;5;0;0
Tarbes;43.23;0.07;23/07/2026;21:00;23.2;0;SOLEIL;5;0;0
Tarbes;43.23;0.07;23/07/2026;22:00;21.5;0;SOLEIL;5;0;0
Tarbes;43.23;0.07;23/07/2026;23:00;21;0;SOLEIL;4;0;0
Tarbes;43.23;0.07;24/07/2026;00:00;21;0;SOLEIL;4;0;0
Tarbes;43.23;0.07;24/07/2026;01:00;21;0;SOLEIL;4;0;0
Tarbes;43.23;0.07;24/07/2026;02:00;18;0;SOLEIL;5;0;0
Tarbes;43.23;0.07;24/07/2026;03:00;18;0;SOLEIL;5;0;0
Tarbes;43.23;0.07;24/07/2026;04:00;18;0;SOLEIL;5;0;0
Tarbes;43.23;0.07;24/07/2026;05:00;19.7;0;SOLEIL;3;0;0
Tarbes;43.23;0.07;24/07/2026;06:00;19.7;0;SOLEIL;3;0;0
Tarbes;43.23;0.07;24/07/2026;07:00;19.7;0;SOLEIL;3;0;0
Tarbes;43.23;0.07;24/07/2026;08:00;21.1;0;SOLEIL;5;0;0
Tarbes;43.23;0.07;24/07/2026;09:00;22.6;0;SOLEIL;5;0;0
Tarbes;43.23;0.07;24/07/2026;10:00;24.2;0;SOLEIL;5;0;0
Tarbes;43.23;0.07;24/07/2026;11:00;30;0;SOLEIL;3;0;0
Tarbes;43.23;0.07;24/07/2026;12:00;30;0;SOLEIL;3;0;0
Tarbes;43.23;0.07;24/07/2026;13:00;30;0;SOLEIL;3;0;0
Tarbes;43.23;0.07;24/07/2026;14:00;30.4;0;SOLEIL;5;0;0
Tarbes;43.23;0.07;24/07/2026;15:00;31.9;0;SOLEIL;5;0;0
Tarbes;43.23;0.07;24/07/2026;16:00;30.4;0;SOLEIL;5;0;0
Tarbes;43.23;0.07;24/07/2026;17:00;29;0;SOLEIL;4;0;0
Tarbes;43.23;0.07;24/07/2026;18:00;29;0;SOLEIL;4;0;0
Tarbes;43.23;0.07;24/07/2026;19:00;29;0;SOLEIL;4;0;0
Tarbes;43.23;0.07;24/07/2026;20:00;24.2;0;SOLEIL;5;0;0
Tarbes;43.23;0.07;24/07/2026;21:00;22.6;0;SOLEIL;5;0;0
Tarbes;43.23;0.07;24/07/2026;22:00;21.1;0;SOLEIL;5;0;0
Tarbes;43.23;0.07;24/07/2026;23:00;21.1;0;SOLEIL;4;0;0
Tarbes;43.23;0.07;25/07/2026;00:00;21.1;0;SOLEIL;4;0;0
Tarbes;43.23;0.07;25/07/2026;01:00;21.1;0;SOLEIL;4;0;0
Tarbes;43.23;0.07;25/07/2026;02:00;18.4;0;SOLEIL;5;0;0
Tarbes;43.23;0.07;25/07/2026;03:00;18.4;0;SOLEIL;5;0;0
Tarbes;43.23;0.07;25/07/2026;04:00;18.4;0;SOLEIL;5;0;0
Tarbes;43.23;0.07;25/07/2026;05:00;;0;SOLEIL;;;0
Tarbes;43.23;0.07;25/07/2026;06:00;;0;SOLEIL;;;0
Tarbes;43.23;0.07;25/07/2026;07:00;;0;SOLEIL;;;0
Tarbes;43.23;0.07;25/07/2026;08:00;20.4;0;SOLEIL;5;0;0
Tarbes;43.23;0.07;25/07/2026;09:00;21.5;0;SOLEIL;5;0;0
Tarbes;43.23;0.07;25/07/2026;10:00;22.5;0;SOLEIL;5;0;0
Tarbes;43.23;0.07;25/07/2026;11:00;;0;SOLEIL;;;0
Tarbes;43.23;0.07;25/07/2026;12:00;;0;SOLEIL;;;0
Tarbes;43.23;0.07;25/07/2026;13:00;;0;SOLEIL;;;0
Tarbes;43.23;0.07;25/07/2026;14:00;26.6;0;SOLEIL;5;0;0
Tarbes;43.23;0.07;25/07/2026;15:00;27.6;0;SOLEIL;5;0;0
Tarbes;43.23;0.07;25/07/2026;16:00;26.6;0;SOLEIL;5;0;0
Tarbes;43.23;0.07;25/07/2026;17:00;;0;SOLEIL;;;0
Tarbes;43.23;0.07;25/07/2026;18:00;;0;SOLEIL;;;0
Tarbes;43.23;0.07;25/07/2026;19:00;;0;SOLEIL;;;0
Tarbes;43.23;0.07;25/07/2026;20:00;22.5;0;SOLEIL;5;0;0
Tarbes;43.23;0.07;25/07/2026;21:00;21.5;0;SOLEIL;5;0;0
Tarbes;43.23;0.07;25/07/2026;22:00;20.4;0;SOLEIL;5;0;0
Tarbes;43.23;0.07;25/07/2026;23:00;;6;AVERSES;;;0
Tarbes;43.23;0.07;26/07/2026;00:00;;6;AVERSES;;;0
Tarbes;43.23;0.07;26/07/2026;01:00;;6;AVERSES;;;0
Tarbes;43.23;0.07;26/07/2026;02:00;17.1;6;AVERSES;5;0;0
Tarbes;43.23;0.07;26/07/2026;03:00;17.1;6;AVERSES;5;0;0
Tarbes;43.23;0.07;26/07/2026;04:00;17.1;6;AVERSES;5;0;0
Tarbes;43.23;0.07;26/07/2026;05:00;;6;AVERSES;;;0
Tarbes;43.23;0.07;26/07/2026;06:00;;6;AVERSES;;;0
Tarbes;43.23;0.07;26/07/2026;07:00;;6;AVERSES;;;0
Tarbes;43.23;0.07;26/07/2026;08:00;19.3;6;AVERSES;5;0;0
Tarbes;43.23;0.07;26/07/2026;09:00;20.5;6;AVERSES;5;0;0
Tarbes;43.23;0.07;26/07/2026;10:00;21.6;6;AVERSES;5;0;0
Tarbes;43.23;0.07;26/07/2026;11:00;;6;AVERSES;;;0
Tarbes;43.23;0.07;26/07/2026;12:00;;6;AVERSES;;;0
Tarbes;43.23;0.07;26/07/2026;13:00;;6;AVERSES;;;0
Tarbes;43.23;0.07;26/07/2026;14:00;26.1;6;AVERSES;5;0;0
Tarbes;43.23;0.07;26/07/2026;15:00;27.2;6;AVERSES;5;0;0
Tarbes;43.23;0.07;26/07/2026;16:00;26.1;6;AVERSES;5;0;0
Tarbes;43.23;0.07;26/07/2026;17:00;;6;AVERSES;;;0
Tarbes;43.23;0.07;26/07/2026;18:00;;6;AVERSES;;;0
Tarbes;43.23;0.07;26/07/2026;19:00;;6;AVERSES;;;0
Tarbes;43.23;0.07;26/07/2026;20:00;21.6;6;AVERSES;5;0;0
Tarbes;43.23;0.07;26/07/2026;21:00;20.5;6;AVERSES;5;0;0
Tarbes;43.23;0.07;26/07/2026;22:00;19.3;6;AVERSES;5;0;0
Tarbes;43.23;0.07;26/07/2026;23:00;;6;AVERSES;;;0
Tarbes;43.23;0.07;27/07/2026;00:00;;6;AVERSES;;;0
Tarbes;43.23;0.07;27/07/2026;01:00;;6;AVERSES;;;0
Tarbes;43.23;0.07;27/07/2026;02:00;16.9;6;AVERSES;5;0;0
Tarbes;43.23;0.07;27/07/2026;03:00;16.9;6;AVERSES;5;0;0
Tarbes;43.23;0.07;27/07/2026;04:00;16.9;6;AVERSES;5;0;0
Tarbes;43.23;0.07;27/07/2026;05:00;;6;AVERSES;;;0
Tarbes;43.23;0.07;27/07/2026;06:00;;6;AVERSES;;;0
Tarbes;43.23;0.07;27/07/2026;07:00;;6;AVERSES;;;0
Tarbes;43.23;0.07;27/07/2026;08:00;19.1;6;AVERSES;5;0;0
Tarbes;43.23;0.07;27/07/2026;09:00;20.1;6;AVERSES;5;0;0
Tarbes;43.23;0.07;27/07/2026;10:00;21.2;6;AVERSES;5;0;0
Tarbes;43.23;0.07;27/07/2026;11:00;;6;AVERSES;;;0
Tarbes;43.23;0.07;27/07/2026;12:00;;6;AVERSES;;;0
Tarbes;43.23;0.07;27/07/2026;13:00;;6;AVERSES;;;0
Tarbes;43.23;0.07;27/07/2026;14:00;25.5;6;AVERSES;5;0;0
Tarbes;43.23;0.07;27/07/2026;15:00;26.6;6;AVERSES;5;0;0
Tarbes;43.23;0.07;27/07/2026;16:00;25.5;6;AVERSES;5;0;0
Tarbes;43.23;0.07;27/07/2026;17:00;;6;AVERSES;;;0
Tarbes;43.23;0.07;27/07/2026;18:00;;6;AVERSES;;;0
Tarbes;43.23;0.07;27/07/2026;19:00;;6;AVERSES;;;0
Tarbes;43.23;0.07;27/07/2026;20:00;21.2;6;AVERSES;5;0;0
Tarbes;43.23;0.07;27/07/2026;21:00;20.1;6;AVERSES;5;0;0
Tarbes;43.23;0.07;27/07/2026;22:00;19.1;6;AVERSES;5;0;0
Tarbes;43.23;0.07;27/07/2026;23:00;;6;AVERSES;;;0
Tarbes;43.23;0.07;28/07/2026;00:00;;6;AVERSES;;;0
Tarbes;43.23;0.07;28/07/2026;01:00;;6;AVERSES;;;0
Tarbes;43.23;0.07;28/07/2026;02:00;17.1;6;AVERSES;5;0;0
Tarbes;43.23;0.07;28/07/2026;03:00;17.1;6;AVERSES;5;0;0
Tarbes;43.23;0.07;28/07/2026;04:00;17.1;6;AVERSES;5;0;0
Tarbes;43.23;0.07;28/07/2026;05:00;;6;AVERSES;;;0
Tarbes;43.23;0.07;28/07/2026;06:00;;6;AVERSES;;;0
Tarbes;43.23;0.07;28/07/2026;07:00;;6;AVERSES;;;0
Tarbes;43.23;0.07;28/07/2026;08:00;19.0;6;AVERSES;5;0;0
Tarbes;43.23;0.07;28/07/2026;09:00;19.9;6;AVERSES;5;0;0
Tarbes;43.23;0.07;28/07/2026;10:00;20.9;6;AVERSES;5;0;0
Tarbes;43.23;0.07;28/07/2026;11:00;;6;AVERSES;;;0
Tarbes;43.23;0.07;28/07/2026;12:00;;6;AVERSES;;;0
Tarbes;43.23;0.07;28/07/2026;13:00;;6;AVERSES;;;0
Tarbes;43.23;0.07;28/07/2026;14:00;24.7;6;AVERSES;5;0;0
Tarbes;43.23;0.07;28/07/2026;15:00;25.6;6;AVERSES;5;0;0
Tarbes;43.23;0.07;28/07/2026;16:00;24.7;6;AVERSES;5;0;0
Tarbes;43.23;0.07;28/07/2026;17:00;;6;AVERSES;;;0
Tarbes;43.23;0.07;28/07/2026;18:00;;6;AVERSES;;;0
Tarbes;43.23;0.07;28/07/2026;19:00;;6;AVERSES;;;0
Tarbes;43.23;0.07;28/07/2026;20:00;20.9;6;AVERSES;5;0;0
Tarbes;43.23;0.07;28/07/2026;21:00;19.9;6;AVERSES;5;0;0
Tarbes;43.23;0.07;28/07/2026;22:00;19.0;6;AVERSES;5;0;0
Tarbes;43.23;0.07;28/07/2026;23:00;;6;AVERSES;;;0
Tarbes;43.23;0.07;29/07/2026;00:00;;6;AVERSES;;;0
Tarbes;43.23;0.07;29/07/2026;01:00;;6;AVERSES;;;0
Tarbes;43.23;0.07;29/07/2026;02:00;16.7;6;AVERSES;5;0;0
Tarbes;43.23;0.07;29/07/2026;03:00;16.7;6;AVERSES;5;0;0
Tarbes;43.23;0.07;29/07/2026;04:00;16.7;6;AVERSES;5;0;0
Tarbes;43.23;0.07;29/07/2026;05:00;;6;AVERSES;;;0
Tarbes;43.23;0.07;29/07/2026;06:00;;6;AVERSES;;;0
Tarbes;43.23;0.07;29/07/2026;07:00;;6;AVERSES;;;0
Tarbes;43.23;0.07;29/07/2026;08:00;19.1;6;AVERSES;5;0;0
Tarbes;43.23;0.07;29/07/2026;09:00;20.3;6;AVERSES;5;0;0
Tarbes;43.23;0.07;29/07/2026;10:00;21.5;6;AVERSES;5;0;0
Tarbes;43.23;0.07;29/07/2026;11:00;;6;AVERSES;;;0
Tarbes;43.23;0.07;29/07/2026;12:00;;6;AVERSES;;;0
Tarbes;43.23;0.07;29/07/2026;13:00;;6;AVERSES;;;0
Tarbes;43.23;0.07;29/07/2026;14:00;26.2;6;AVERSES;5;0;0
Tarbes;43.23;0.07;29/07/2026;15:00;27.4;6;AVERSES;5;0;0
Tarbes;43.23;0.07;29/07/2026;16:00;26.2;6;AVERSES;5;0;0
Tarbes;43.23;0.07;29/07/2026;17:00;;6;AVERSES;;;0
Tarbes;43.23;0.07;29/07/2026;18:00;;6;AVERSES;;;0
Tarbes;43.23;0.07;29/07/2026;19:00;;6;AVERSES;;;0
Tarbes;43.23;0.07;29/07/2026;20:00;21.5;6;AVERSES;5;0;0
Tarbes;43.23;0.07;29/07/2026;21:00;20.3;6;AVERSES;5;0;0
Tarbes;43.23;0.07;29/07/2026;22:00;19.1;6;AVERSES;5;0;0
Tarbes;43.23;0.07;29/07/2026;23:00;17.9;6;AVERSES;5;0;0
Tarbes;43.23;0.07;30/07/2026;00:00;12;0;SOLEIL;5;0;0
Tarbes;43.23;0.07;30/07/2026;01:00;12;0;SOLEIL;5;0;0
Tarbes;43.23;0.07;30/07/2026;02:00;12;0;SOLEIL;5;0;0
Tarbes;43.23;0.07;30/07/2026;03:00;12;0;SOLEIL;5;0;0
Tarbes;43.23;0.07;30/07/2026;04:00;12;0;SOLEIL;5;0;0
Tarbes;43.23;0.07;30/07/2026;05:00;12;0;SOLEIL;5;0;0
Tarbes;43.23;0.07;30/07/2026;06:00;12;0;SOLEIL;5;0;0
Tarbes;43.23;0.07;30/07/2026;07:00;13.1;0;SOLEIL;5;0;0
Tarbes;43.23;0.07;30/07/2026;08:00;14.2;0;SOLEIL;5;0;0
Tarbes;43.23;0.07;30/07/2026;09:00;15.3;0;SOLEIL;5;0;0
Tarbes;43.23;0.07;30/07/2026;10:00;16.4;0;SOLEIL;5;0;0
Tarbes;43.23;0.07;30/07/2026;11:00;17.6;0;SOLEIL;5;0;0
Tarbes;43.23;0.07;30/07/2026;12:00;18.7;0;SOLEIL;5;0;0
Tarbes;43.23;0.07;30/07/2026;13:00;19.8;0;SOLEIL;5;0;0
Tarbes;43.23;0.07;30/07/2026;14:00;20.9;0;SOLEIL;5;0;0
Tarbes;43.23;0.07;30/07/2026;15:00;22.0;0;SOLEIL;5;0;0
Tarbes;43.23;0.07;30/07/2026;16:00;20.9;0;SOLEIL;5;0;0
Tarbes;43.23;0.07;30/07/2026;17:00;19.8;0;SOLEIL;5;0;0
Tarbes;43.23;0.07;30/07/2026;18:00;18.7;0;SOLEIL;5;0;0
Tarbes;43.23;0.07;30/07/2026;19:00;17.6;0;SOLEIL;5;0;0
Tarbes;43.23;0.07;30/07/2026;20:00;16.4;0;SOLEIL;5;0;0
Tarbes;43.23;0.07;30/07/2026;21:00;15.3;0;SOLEIL;5;0;0
Tarbes;43.23;0.07;30/07/2026;22:00;14.2;0;SOLEIL;5;0;0
Tarbes;43.23;0.07;30/07/2026;23:00;13.1;0;SOLEIL;5;0;0
Tarbes;43.23;0.07;31/07/2026;00:00;12;0;SOLEIL;5;0;0
Tarbes;43.23;0.07;31/07/2026;01:00;12;0;SOLEIL;5;0;0
Tarbes;43.23;0.07;31/07/2026;02:00;12;0;SOLEIL;5;0;0
Tarbes;43.23;0.07;31/07/2026;03:00;12;0;SOLEIL;5;0;0
Tarbes;43.23;0.07;31/07/2026;04:00;12;0;SOLEIL;5;0;0
Tarbes;43.23;0.07;31/07/2026;05:00;12;0;SOLEIL;5;0;0
Tarbes;43.23;0.07;31/07/2026;06:00;12;0;SOLEIL;5;0;0
Tarbes;43.23;0.07;31/07/2026;07:00;13.1;0;SOLEIL;5;0;0
Tarbes;43.23;0.07;31/07/2026;08:00;14.2;0;SOLEIL;5;0;0
Tarbes;43.23;0.07;31/07/2026;09:00;15.3;0;SOLEIL;5;0;0
Tarbes;43.23;0.07;31/07/2026;10:00;16.4;0;SOLEIL;5;0;0
Tarbes;43.23;0.07;31/07/2026;11:00;17.6;0;SOLEIL;5;0;0
Tarbes;43.23;0.07;31/07/2026;12:00;18.7;0;SOLEIL;5;0;0
Tarbes;43.23;0.07;31/07/2026;13:00;19.8;0;SOLEIL;5;0;0
Tarbes;43.23;0.07;31/07/2026;14:00;20.9;0;SOLEIL;5;0;0
Tarbes;43.23;0.07;31/07/2026;15:00;22.0;0;SOLEIL;5;0;0
Tarbes;43.23;0.07;31/07/2026;16:00;20.9;0;SOLEIL;5;0;0
Tarbes;43.23;0.07;31/07/2026;17:00;19.8;0;SOLEIL;5;0;0
Tarbes;43.23;0.07;31/07/2026;18:00;18.7;0;SOLEIL;5;0;0
Tarbes;43.23;0.07;31/07/2026;19:00;17.6;0;SOLEIL;5;0;0
Tarbes;43.23;0.07;31/07/2026;20:00;16.4;0;SOLEIL;5;0;0
Tarbes;43.23;0.07;31/07/2026;21:00;15.3;0;SOLEIL;5;0;0
Tarbes;43.23;0.07;31/07/2026;22:00;14.2;0;SOLEIL;5;0;0
Tarbes;43.23;0.07;31/07/2026;23:00;13.1;0;SOLEIL;5;0;0
Font-Romeu;42.5;2.04;16/07/2026;00:00;20;5;SOLEIL VOILÉ;2;15.8;0
Font-Romeu;42.5;2.04;16/07/2026;01:00;19.6;0;SOLEIL;2;23.1;0
Font-Romeu;42.5;2.04;16/07/2026;02:00;18.5;0;SOLEIL;2;18.4;0
Font-Romeu;42.5;2.04;16/07/2026;03:00;18.1;0;SOLEIL;2;16.5;0
Font-Romeu;42.5;2.04;16/07/2026;04:00;18.5;0;SOLEIL;2;15.5;0
Font-Romeu;42.5;2.04;16/07/2026;05:00;18.6;0;SOLEIL;2;11.2;0
Font-Romeu;42.5;2.04;16/07/2026;06:00;20.6;0;SOLEIL;2;15.8;0
Font-Romeu;42.5;2.04;16/07/2026;07:00;22.1;0;SOLEIL;2;23.0;0
Font-Romeu;42.5;2.04;16/07/2026;08:00;22.1;0;SOLEIL;3;23.0;0
Font-Romeu;42.5;2.04;16/07/2026;09:00;23;0;SOLEIL;4;19.8;0
Font-Romeu;42.5;2.04;16/07/2026;10:00;24.6;6;AVERSES;5;17.6;0.1
Font-Romeu;42.5;2.04;16/07/2026;11:00;26.1;6;AVERSES;6;43.2;0.1
Font-Romeu;42.5;2.04;16/07/2026;12:00;26.2;6;AVERSES;7;75.2;0.1
Font-Romeu;42.5;2.04;16/07/2026;13:00;24.6;6;AVERSES;8;68.8;0.1
Font-Romeu;42.5;2.04;16/07/2026;14:00;22.2;10;ORAGEUX;7;84.2;0.1
Font-Romeu;42.5;2.04;16/07/2026;15:00;21.1;10;ORAGEUX;8;82.1;0.6
Font-Romeu;42.5;2.04;16/07/2026;16:00;20.2;10;ORAGEUX;7;95.4;5.3
Font-Romeu;42.5;2.04;16/07/2026;17:00;19.9;10;ORAGEUX;6;66.6;1.5
Font-Romeu;42.5;2.04;16/07/2026;18:00;18;0;SOLEIL;4;96.8;0
Font-Romeu;42.5;2.04;16/07/2026;19:00;17.9;0;SOLEIL;4;32.4;0
Font-Romeu;42.5;2.04;16/07/2026;20:00;17.2;0;SOLEIL;3;52.2;0
Font-Romeu;42.5;2.04;16/07/2026;21:00;17.1;0;SOLEIL;3;46.8;0
Font-Romeu;42.5;2.04;16/07/2026;22:00;17.4;0;SOLEIL;2;32.8;0
Font-Romeu;42.5;2.04;16/07/2026;23:00;17.6;0;SOLEIL;1;16.2;0
Font-Romeu;42.5;2.04;17/07/2026;00:00;17.6;0;SOLEIL;2;11.9;0
Font-Romeu;42.5;2.04;17/07/2026;01:00;17.6;0;SOLEIL;2;13.7;0
Font-Romeu;42.5;2.04;17/07/2026;02:00;15.5;0;SOLEIL;1;19.1;0
Font-Romeu;42.5;2.04;17/07/2026;03:00;15.5;0;SOLEIL;1;26.6;0
Font-Romeu;42.5;2.04;17/07/2026;04:00;15.5;0;SOLEIL;1;9.7;0
Font-Romeu;42.5;2.04;17/07/2026;05:00;15.1;0;SOLEIL;2;9.4;0
Font-Romeu;42.5;2.04;17/07/2026;06:00;15.1;0;SOLEIL;2;7.9;0
Font-Romeu;42.5;2.04;17/07/2026;07:00;15.1;0;SOLEIL;2;6.1;0
Font-Romeu;42.5;2.04;17/07/2026;08:00;21.6;0;SOLEIL;5;15.5;0
Font-Romeu;42.5;2.04;17/07/2026;09:00;21.6;0;SOLEIL;5;19.1;0
Font-Romeu;42.5;2.04;17/07/2026;10:00;21.6;0;SOLEIL;5;27.4;0
Font-Romeu;42.5;2.04;17/07/2026;11:00;23.6;0;SOLEIL;5;32.4;0
Font-Romeu;42.5;2.04;17/07/2026;12:00;23.6;0;SOLEIL;5;54.4;0
Font-Romeu;42.5;2.04;17/07/2026;13:00;23.6;0;SOLEIL;5;54.7;0
Font-Romeu;42.5;2.04;17/07/2026;14:00;23.6;0;SOLEIL;5;51.1;0
Font-Romeu;42.5;2.04;17/07/2026;15:00;23.6;0;SOLEIL;5;51.1;0
Font-Romeu;42.5;2.04;17/07/2026;16:00;23.6;0;SOLEIL;5;50.8;0
Font-Romeu;42.5;2.04;17/07/2026;17:00;20.2;0;SOLEIL;5;48.6;0
Font-Romeu;42.5;2.04;17/07/2026;18:00;20.2;0;SOLEIL;5;48.1;0
Font-Romeu;42.5;2.04;17/07/2026;19:00;20.2;0;SOLEIL;5;49.3;0
Font-Romeu;42.5;2.04;17/07/2026;20:00;16.7;0;SOLEIL;2;39.2;0
Font-Romeu;42.5;2.04;17/07/2026;21:00;16.7;0;SOLEIL;2;47.5;0
Font-Romeu;42.5;2.04;17/07/2026;22:00;16.7;0;SOLEIL;2;40.0;0
Font-Romeu;42.5;2.04;17/07/2026;23:00;14.5;0;SOLEIL;0;30.6;0
Font-Romeu;42.5;2.04;18/07/2026;00:00;14.5;0;SOLEIL;0;22.0;0
Font-Romeu;42.5;2.04;18/07/2026;01:00;14.5;0;SOLEIL;0;6.8;0
Font-Romeu;42.5;2.04;18/07/2026;02:00;13.5;0;SOLEIL;1;10.8;0
Font-Romeu;42.5;2.04;18/07/2026;03:00;13.5;0;SOLEIL;1;3.6;0
Font-Romeu;42.5;2.04;18/07/2026;04:00;13.5;0;SOLEIL;1;1.8;0
Font-Romeu;42.5;2.04;18/07/2026;05:00;15.4;0;SOLEIL;2;13.3;0
Font-Romeu;42.5;2.04;18/07/2026;06:00;15.4;0;SOLEIL;2;15.5;0
Font-Romeu;42.5;2.04;18/07/2026;07:00;15.4;0;SOLEIL;2;16.2;0
Font-Romeu;42.5;2.04;18/07/2026;08:00;20.4;0;SOLEIL;4;21.2;0
Font-Romeu;42.5;2.04;18/07/2026;09:00;20.4;0;SOLEIL;4;26.6;0
Font-Romeu;42.5;2.04;18/07/2026;10:00;20.4;0;SOLEIL;4;34.2;0
Font-Romeu;42.5;2.04;18/07/2026;11:00;23.1;0;SOLEIL;6;41.4;0
Font-Romeu;42.5;2.04;18/07/2026;12:00;23.1;0;SOLEIL;6;48.6;0
Font-Romeu;42.5;2.04;18/07/2026;13:00;23.1;0;SOLEIL;6;54.0;0
Font-Romeu;42.5;2.04;18/07/2026;14:00;23.2;0;SOLEIL;6;57.6;0
Font-Romeu;42.5;2.04;18/07/2026;15:00;23.2;0;SOLEIL;6;60.1;0
Font-Romeu;42.5;2.04;18/07/2026;16:00;23.2;0;SOLEIL;6;61.9;0
Font-Romeu;42.5;2.04;18/07/2026;17:00;20.9;0;SOLEIL;4;61.9;0
Font-Romeu;42.5;2.04;18/07/2026;18:00;20.9;0;SOLEIL;4;61.2;0
Font-Romeu;42.5;2.04;18/07/2026;19:00;20.9;0;SOLEIL;4;60.5;0
Font-Romeu;42.5;2.04;18/07/2026;20:00;17.8;0;SOLEIL;5;56.5;0
Font-Romeu;42.5;2.04;18/07/2026;21:00;16.5;0;SOLEIL;5;47.5;0
Font-Romeu;42.5;2.04;18/07/2026;22:00;15.3;0;SOLEIL;5;35.6;0
Font-Romeu;42.5;2.04;18/07/2026;23:00;13.6;0;SOLEIL;1;20.2;0
Font-Romeu;42.5;2.04;19/07/2026;00:00;13.6;0;SOLEIL;1;7.6;0
Font-Romeu;42.5;2.04;19/07/2026;01:00;13.6;0;SOLEIL;1;7.2;0
Font-Romeu;42.5;2.04;19/07/2026;02:00;10.6;6;AVERSES;5;2.2;0
Font-Romeu;42.5;2.04;19/07/2026;03:00;10.6;6;AVERSES;5;14.4;0
Font-Romeu;42.5;2.04;19/07/2026;04:00;10.6;6;AVERSES;5;14.8;0
Font-Romeu;42.5;2.04;19/07/2026;05:00;15.1;0;SOLEIL;2;15.8;0
Font-Romeu;42.5;2.04;19/07/2026;06:00;15.1;0;SOLEIL;2;14.4;0
Font-Romeu;42.5;2.04;19/07/2026;07:00;15.1;0;SOLEIL;2;14.0;0
Font-Romeu;42.5;2.04;19/07/2026;08:00;13.8;6;AVERSES;5;13.7;0
Font-Romeu;42.5;2.04;19/07/2026;09:00;15.4;6;AVERSES;5;16.9;0
Font-Romeu;42.5;2.04;19/07/2026;10:00;17.0;6;AVERSES;5;27.7;0
Font-Romeu;42.5;2.04;19/07/2026;11:00;24.2;6;AVERSES;4;36.7;0
Font-Romeu;42.5;2.04;19/07/2026;12:00;24.2;6;AVERSES;4;53.6;0
Font-Romeu;42.5;2.04;19/07/2026;13:00;24.2;6;AVERSES;4;61.6;0
Font-Romeu;42.5;2.04;19/07/2026;14:00;23.5;6;AVERSES;5;61.6;0
Font-Romeu;42.5;2.04;19/07/2026;15:00;25.1;6;AVERSES;5;62.6;0
Font-Romeu;42.5;2.04;19/07/2026;16:00;23.5;6;AVERSES;5;64.1;0
Font-Romeu;42.5;2.04;19/07/2026;17:00;18.1;6;AVERSES;3;63.0;0
Font-Romeu;42.5;2.04;19/07/2026;18:00;18.1;6;AVERSES;3;61.8;0
Font-Romeu;42.5;2.04;19/07/2026;19:00;18.1;6;AVERSES;3;60.8;0
Font-Romeu;42.5;2.04;19/07/2026;20:00;17.0;6;AVERSES;5;56.8;0
Font-Romeu;42.5;2.04;19/07/2026;21:00;15.4;6;AVERSES;5;46.8;0
Font-Romeu;42.5;2.04;19/07/2026;22:00;13.8;6;AVERSES;5;35.6;0
Font-Romeu;42.5;2.04;19/07/2026;23:00;13.1;6;AVERSES;0;26.3;0
Font-Romeu;42.5;2.04;20/07/2026;00:00;13.1;6;AVERSES;0;20.5;0
Font-Romeu;42.5;2.04;20/07/2026;01:00;13.1;6;AVERSES;0;16.9;0
Font-Romeu;42.5;2.04;20/07/2026;02:00;11.6;6;AVERSES;5;14.4;0
Font-Romeu;42.5;2.04;20/07/2026;03:00;11.6;6;AVERSES;5;13.0;0
Font-Romeu;42.5;2.04;20/07/2026;04:00;11.6;6;AVERSES;5;12.6;0
Font-Romeu;42.5;2.04;20/07/2026;05:00;16.1;0;SOLEIL;1;13.7;0
Font-Romeu;42.5;2.04;20/07/2026;06:00;16.1;0;SOLEIL;1;16.2;0
Font-Romeu;42.5;2.04;20/07/2026;07:00;16.1;0;SOLEIL;1;20.2;0
Font-Romeu;42.5;2.04;20/07/2026;08:00;14.7;6;AVERSES;5;24.1;0
Font-Romeu;42.5;2.04;20/07/2026;09:00;16.2;6;AVERSES;5;26.6;0
Font-Romeu;42.5;2.04;20/07/2026;10:00;17.8;6;AVERSES;5;29.5;0
Font-Romeu;42.5;2.04;20/07/2026;11:00;24.5;6;AVERSES;4;33.8;0
Font-Romeu;42.5;2.04;20/07/2026;12:00;24.5;6;AVERSES;4;42.5;0
Font-Romeu;42.5;2.04;20/07/2026;13:00;24.5;6;AVERSES;4;52.6;0
Font-Romeu;42.5;2.04;20/07/2026;14:00;24.0;6;AVERSES;5;60.1;0
Font-Romeu;42.5;2.04;20/07/2026;15:00;25.5;6;AVERSES;5;63.4;0
Font-Romeu;42.5;2.04;20/07/2026;16:00;24.0;6;AVERSES;5;63.4;0
Font-Romeu;42.5;2.04;20/07/2026;17:00;18.9;6;AVERSES;2;61.2;0
Font-Romeu;42.5;2.04;20/07/2026;18:00;18.9;6;AVERSES;2;55.1;0
Font-Romeu;42.5;2.04;20/07/2026;19:00;18.9;6;AVERSES;2;46.4;0
Font-Romeu;42.5;2.04;20/07/2026;20:00;17.8;6;AVERSES;5;38.5;0
Font-Romeu;42.5;2.04;20/07/2026;21:00;16.2;6;AVERSES;5;33.1;0
Font-Romeu;42.5;2.04;20/07/2026;22:00;14.7;6;AVERSES;5;28.8;0
Font-Romeu;42.5;2.04;20/07/2026;23:00;12.9;6;AVERSES;0;25.2;0
Font-Romeu;42.5;2.04;21/07/2026;00:00;12.9;6;AVERSES;0;22.0;0
Font-Romeu;42.5;2.04;21/07/2026;01:00;12.9;6;AVERSES;0;19.1;0
Font-Romeu;42.5;2.04;21/07/2026;02:00;12;6;AVERSES;5;17.3;0
Font-Romeu;42.5;2.04;21/07/2026;03:00;12;6;AVERSES;5;17.3;0
Font-Romeu;42.5;2.04;21/07/2026;04:00;12;6;AVERSES;5;18.4;0
Font-Romeu;42.5;2.04;21/07/2026;05:00;14.7;0;SOLEIL;1;19.4;0
Font-Romeu;42.5;2.04;21/07/2026;06:00;14.7;0;SOLEIL;1;19.1;0
Font-Romeu;42.5;2.04;21/07/2026;07:00;14.7;0;SOLEIL;1;18.7;0
Font-Romeu;42.5;2.04;21/07/2026;08:00;14.9;6;AVERSES;5;19.4;0
Font-Romeu;42.5;2.04;21/07/2026;09:00;16.4;6;AVERSES;5;22.3;0
Font-Romeu;42.5;2.04;21/07/2026;10:00;17.8;6;AVERSES;5;26.6;0
Font-Romeu;42.5;2.04;21/07/2026;11:00;24;6;AVERSES;4;31.7;0
Font-Romeu;42.5;2.04;21/07/2026;12:00;24;6;AVERSES;4;40.3;0
Font-Romeu;42.5;2.04;21/07/2026;13:00;24;6;AVERSES;4;45.7;0
Font-Romeu;42.5;2.04;21/07/2026;14:00;23.6;6;AVERSES;5;49.3;0
Font-Romeu;42.5;2.04;21/07/2026;15:00;25.1;6;AVERSES;5;51.8;0
Font-Romeu;42.5;2.04;21/07/2026;16:00;23.6;6;AVERSES;5;53.6;0
Font-Romeu;42.5;2.04;21/07/2026;17:00;19.9;6;AVERSES;2;54.7;0
Font-Romeu;42.5;2.04;21/07/2026;18:00;19.9;6;AVERSES;2;54.7;0
Font-Romeu;42.5;2.04;21/07/2026;19:00;19.9;6;AVERSES;2;54.4;0
Font-Romeu;42.5;2.04;21/07/2026;20:00;17.8;6;AVERSES;5;52.6;0
Font-Romeu;42.5;2.04;21/07/2026;21:00;16.4;6;AVERSES;5;49.3;0
Font-Romeu;42.5;2.04;21/07/2026;22:00;14.9;6;AVERSES;5;44.6;0
Font-Romeu;42.5;2.04;21/07/2026;23:00;12.7;0;SOLEIL;0;38.9;0
Font-Romeu;42.5;2.04;22/07/2026;00:00;12.7;0;SOLEIL;0;32.8;0
Font-Romeu;42.5;2.04;22/07/2026;01:00;12.7;0;SOLEIL;0;27.4;0
Font-Romeu;42.5;2.04;22/07/2026;02:00;11.9;0;SOLEIL;5;23.4;0
Font-Romeu;42.5;2.04;22/07/2026;03:00;11.9;0;SOLEIL;5;20.5;0
Font-Romeu;42.5;2.04;22/07/2026;04:00;11.9;0;SOLEIL;5;17.6;0
Font-Romeu;42.5;2.04;22/07/2026;05:00;15.4;0;SOLEIL;1;15.8;0
Font-Romeu;42.5;2.04;22/07/2026;06:00;15.4;0;SOLEIL;1;14.4;0
Font-Romeu;42.5;2.04;22/07/2026;07:00;15.4;0;SOLEIL;1;13.7;0
Font-Romeu;42.5;2.04;22/07/2026;08:00;14.9;0;SOLEIL;5;14.0;0
Font-Romeu;42.5;2.04;22/07/2026;09:00;16.5;0;SOLEIL;5;15.8;0
Font-Romeu;42.5;2.04;22/07/2026;10:00;18.0;0;SOLEIL;5;19.1;0
Font-Romeu;42.5;2.04;22/07/2026;11:00;24.7;0;SOLEIL;3;23.0;0
Font-Romeu;42.5;2.04;22/07/2026;12:00;24.7;0;SOLEIL;3;27.4;0
Font-Romeu;42.5;2.04;22/07/2026;13:00;24.7;0;SOLEIL;3;31.0;0
Font-Romeu;42.5;2.04;22/07/2026;14:00;24.1;0;SOLEIL;5;33.1;0
Font-Romeu;42.5;2.04;22/07/2026;15:00;25.6;0;SOLEIL;5;34.2;0
Font-Romeu;42.5;2.04;22/07/2026;16:00;24.1;0;SOLEIL;5;34.2;0
Font-Romeu;42.5;2.04;22/07/2026;17:00;20.2;6;AVERSES;2;33.8;0
Font-Romeu;42.5;2.04;22/07/2026;18:00;20.2;6;AVERSES;2;33.1;0
Font-Romeu;42.5;2.04;22/07/2026;19:00;20.2;6;AVERSES;2;32.0;0
Font-Romeu;42.5;2.04;22/07/2026;20:00;18.0;0;SOLEIL;5;31.3;0
Font-Romeu;42.5;2.04;22/07/2026;21:00;16.5;0;SOLEIL;5;30.6;0
Font-Romeu;42.5;2.04;22/07/2026;22:00;14.9;0;SOLEIL;5;29.2;0
Font-Romeu;42.5;2.04;22/07/2026;23:00;12.5;0;SOLEIL;1;28.1;0
Font-Romeu;42.5;2.04;23/07/2026;00:00;12.5;0;SOLEIL;1;26.6;0
Font-Romeu;42.5;2.04;23/07/2026;01:00;12.5;0;SOLEIL;1;25.6;0
Font-Romeu;42.5;2.04;23/07/2026;02:00;11.6;0;SOLEIL;5;24.5;0
Font-Romeu;42.5;2.04;23/07/2026;03:00;11.6;0;SOLEIL;5;23.8;0
Font-Romeu;42.5;2.04;23/07/2026;04:00;11.6;0;SOLEIL;5;22.7;0
Font-Romeu;42.5;2.04;23/07/2026;05:00;14.5;0;SOLEIL;2;22.0;0
Font-Romeu;42.5;2.04;23/07/2026;06:00;14.5;0;SOLEIL;2;21.2;0
Font-Romeu;42.5;2.04;23/07/2026;07:00;14.5;0;SOLEIL;2;20.9;0
Font-Romeu;42.5;2.04;23/07/2026;08:00;14.1;0;SOLEIL;5;21.2;0
Font-Romeu;42.5;2.04;23/07/2026;09:00;15.4;0;SOLEIL;5;22.3;0
Font-Romeu;42.5;2.04;23/07/2026;10:00;16.6;0;SOLEIL;5;24.1;0
Font-Romeu;42.5;2.04;23/07/2026;11:00;21.5;0;SOLEIL;3;25.9;0
Font-Romeu;42.5;2.04;23/07/2026;12:00;21.5;0;SOLEIL;3;28.1;0
Font-Romeu;42.5;2.04;23/07/2026;13:00;21.5;0;SOLEIL;3;29.9;0
Font-Romeu;42.5;2.04;23/07/2026;14:00;21.6;0;SOLEIL;5;31.0;0
Font-Romeu;42.5;2.04;23/07/2026;15:00;22.9;0;SOLEIL;5;31.3;0
Font-Romeu;42.5;2.04;23/07/2026;16:00;21.6;0;SOLEIL;5;31.3;0
Font-Romeu;42.5;2.04;23/07/2026;17:00;19.9;0;SOLEIL;2;31.0;0
Font-Romeu;42.5;2.04;23/07/2026;18:00;19.9;0;SOLEIL;2;30.2;0
Font-Romeu;42.5;2.04;23/07/2026;19:00;19.9;0;SOLEIL;2;29.5;0
Font-Romeu;42.5;2.04;23/07/2026;20:00;16.6;0;SOLEIL;5;28.4;0
Font-Romeu;42.5;2.04;23/07/2026;21:00;15.4;0;SOLEIL;5;27.0;0
Font-Romeu;42.5;2.04;23/07/2026;22:00;14.1;0;SOLEIL;5;25.2;0
Font-Romeu;42.5;2.04;23/07/2026;23:00;12.6;0;SOLEIL;1;23.4;0
Font-Romeu;42.5;2.04;24/07/2026;00:00;12.6;0;SOLEIL;1;21.2;0
Font-Romeu;42.5;2.04;24/07/2026;01:00;12.6;0;SOLEIL;1;19.4;0
Font-Romeu;42.5;2.04;24/07/2026;02:00;11.5;0;SOLEIL;5;18.4;0
Font-Romeu;42.5;2.04;24/07/2026;03:00;11.5;0;SOLEIL;5;17.6;0
Font-Romeu;42.5;2.04;24/07/2026;04:00;11.5;0;SOLEIL;5;17.3;0
Font-Romeu;42.5;2.04;24/07/2026;05:00;14.7;0;SOLEIL;2;16.9;0
Font-Romeu;42.5;2.04;24/07/2026;06:00;14.7;0;SOLEIL;2;17.3;0
Font-Romeu;42.5;2.04;24/07/2026;07:00;14.7;0;SOLEIL;2;17.3;0
Font-Romeu;42.5;2.04;24/07/2026;08:00;14.4;0;SOLEIL;5;17.6;0
Font-Romeu;42.5;2.04;24/07/2026;09:00;15.9;0;SOLEIL;5;18.4;0
Font-Romeu;42.5;2.04;24/07/2026;10:00;17.3;0;SOLEIL;5;19.1;0
Font-Romeu;42.5;2.04;24/07/2026;11:00;23.6;0;SOLEIL;3;20.2;0
Font-Romeu;42.5;2.04;24/07/2026;12:00;23.6;0;SOLEIL;3;21.2;0
Font-Romeu;42.5;2.04;24/07/2026;13:00;23.6;0;SOLEIL;3;22.0;0
Font-Romeu;42.5;2.04;24/07/2026;14:00;23.1;0;SOLEIL;5;22.3;0
Font-Romeu;42.5;2.04;24/07/2026;15:00;24.6;0;SOLEIL;5;22.3;0
Font-Romeu;42.5;2.04;24/07/2026;16:00;23.1;0;SOLEIL;5;22.0;0
Font-Romeu;42.5;2.04;24/07/2026;17:00;18.5;6;AVERSES;2;21.2;0
Font-Romeu;42.5;2.04;24/07/2026;18:00;18.5;6;AVERSES;2;20.5;0
Font-Romeu;42.5;2.04;24/07/2026;19:00;18.5;6;AVERSES;2;19.8;0
Font-Romeu;42.5;2.04;24/07/2026;20:00;17.3;0;SOLEIL;5;19.1;0
Font-Romeu;42.5;2.04;24/07/2026;21:00;15.9;0;SOLEIL;5;18.0;0
Font-Romeu;42.5;2.04;24/07/2026;22:00;14.4;0;SOLEIL;5;16.9;0
Font-Romeu;42.5;2.04;24/07/2026;23:00;13.1;0;SOLEIL;1;15.5;0
Font-Romeu;42.5;2.04;25/07/2026;00:00;13.1;0;SOLEIL;1;14.4;0
Font-Romeu;42.5;2.04;25/07/2026;01:00;13.1;0;SOLEIL;1;13.3;0
Font-Romeu;42.5;2.04;25/07/2026;02:00;11.6;6;AVERSES;5;12.6;0
Font-Romeu;42.5;2.04;25/07/2026;03:00;11.6;6;AVERSES;5;11.9;0
Font-Romeu;42.5;2.04;25/07/2026;04:00;11.6;6;AVERSES;5;11.5;0
Font-Romeu;42.5;2.04;25/07/2026;05:00;;6;AVERSES;;11.2;0
Font-Romeu;42.5;2.04;25/07/2026;06:00;;6;AVERSES;;11.2;0
Font-Romeu;42.5;2.04;25/07/2026;07:00;;6;AVERSES;;11.5;0
Font-Romeu;42.5;2.04;25/07/2026;08:00;14.2;6;AVERSES;5;13.0;0
Font-Romeu;42.5;2.04;25/07/2026;09:00;15.5;6;AVERSES;5;15.5;0
Font-Romeu;42.5;2.04;25/07/2026;10:00;16.8;6;AVERSES;5;19.4;0
Font-Romeu;42.5;2.04;25/07/2026;11:00;;6;AVERSES;;23.8;0
Font-Romeu;42.5;2.04;25/07/2026;12:00;;6;AVERSES;;28.1;0
Font-Romeu;42.5;2.04;25/07/2026;13:00;;6;AVERSES;;31.7;0
Font-Romeu;42.5;2.04;25/07/2026;14:00;21.9;6;AVERSES;5;34.2;0
Font-Romeu;42.5;2.04;25/07/2026;15:00;23.2;6;AVERSES;5;35.6;0
Font-Romeu;42.5;2.04;25/07/2026;16:00;21.9;6;AVERSES;5;36.4;0
Font-Romeu;42.5;2.04;25/07/2026;17:00;;6;AVERSES;;36.4;0
Font-Romeu;42.5;2.04;25/07/2026;18:00;;6;AVERSES;;36.0;0
Font-Romeu;42.5;2.04;25/07/2026;19:00;;6;AVERSES;;35.3;0
Font-Romeu;42.5;2.04;25/07/2026;20:00;16.8;6;AVERSES;5;33.8;0
Font-Romeu;42.5;2.04;25/07/2026;21:00;15.5;6;AVERSES;5;31.7;0
Font-Romeu;42.5;2.04;25/07/2026;22:00;14.2;6;AVERSES;5;28.8;0
Font-Romeu;42.5;2.04;25/07/2026;23:00;;0;SOLEIL;;25.2;0
Font-Romeu;42.5;2.04;26/07/2026;00:00;;0;SOLEIL;;21.6;0
Font-Romeu;42.5;2.04;26/07/2026;01:00;;0;SOLEIL;;18.7;0
Font-Romeu;42.5;2.04;26/07/2026;02:00;10.5;0;SOLEIL;5;16.6;0
Font-Romeu;42.5;2.04;26/07/2026;03:00;10.5;0;SOLEIL;5;15.1;0
Font-Romeu;42.5;2.04;26/07/2026;04:00;10.5;0;SOLEIL;5;13.7;0
Font-Romeu;42.5;2.04;26/07/2026;05:00;;0;SOLEIL;;13.0;0
Font-Romeu;42.5;2.04;26/07/2026;06:00;;0;SOLEIL;;13.0;0
Font-Romeu;42.5;2.04;26/07/2026;07:00;;0;SOLEIL;;14.0;0
Font-Romeu;42.5;2.04;26/07/2026;08:00;12.9;0;SOLEIL;5;16.2;0
Font-Romeu;42.5;2.04;26/07/2026;09:00;14.1;0;SOLEIL;5;20.5;0
Font-Romeu;42.5;2.04;26/07/2026;10:00;15.3;0;SOLEIL;5;26.6;0
Font-Romeu;42.5;2.04;26/07/2026;11:00;;0;SOLEIL;;33.8;0
Font-Romeu;42.5;2.04;26/07/2026;12:00;;0;SOLEIL;;41.4;0
Font-Romeu;42.5;2.04;26/07/2026;13:00;;0;SOLEIL;;47.5;0
Font-Romeu;42.5;2.04;26/07/2026;14:00;20.2;0;SOLEIL;5;51.8;0
Font-Romeu;42.5;2.04;26/07/2026;15:00;21.4;0;SOLEIL;5;54.4;0
Font-Romeu;42.5;2.04;26/07/2026;16:00;20.2;0;SOLEIL;5;55.8;0
Font-Romeu;42.5;2.04;26/07/2026;17:00;;0;SOLEIL;;56.2;0
Font-Romeu;42.5;2.04;26/07/2026;18:00;;0;SOLEIL;;55.4;0
Font-Romeu;42.5;2.04;26/07/2026;19:00;;0;SOLEIL;;54.4;0
Font-Romeu;42.5;2.04;26/07/2026;20:00;15.3;0;SOLEIL;5;52.2;0
Font-Romeu;42.5;2.04;26/07/2026;21:00;14.1;0;SOLEIL;5;49.0;0
Font-Romeu;42.5;2.04;26/07/2026;22:00;12.9;0;SOLEIL;5;43.9;0
Font-Romeu;42.5;2.04;26/07/2026;23:00;;0;SOLEIL;;38.2;0
Font-Romeu;42.5;2.04;27/07/2026;00:00;;0;SOLEIL;;32.4;0
Font-Romeu;42.5;2.04;27/07/2026;01:00;;0;SOLEIL;;27.4;0
Font-Romeu;42.5;2.04;27/07/2026;02:00;9.9;0;SOLEIL;5;23.4;0
Font-Romeu;42.5;2.04;27/07/2026;03:00;9.9;0;SOLEIL;5;20.5;0
Font-Romeu;42.5;2.04;27/07/2026;04:00;9.9;0;SOLEIL;5;17.6;0
Font-Romeu;42.5;2.04;27/07/2026;05:00;;0;SOLEIL;;15.8;0
Font-Romeu;42.5;2.04;27/07/2026;06:00;;0;SOLEIL;;14.8;0
Font-Romeu;42.5;2.04;27/07/2026;07:00;;0;SOLEIL;;14.8;0
Font-Romeu;42.5;2.04;27/07/2026;08:00;12.5;0;SOLEIL;5;16.6;0
Font-Romeu;42.5;2.04;27/07/2026;09:00;13.8;0;SOLEIL;5;20.9;0
Font-Romeu;42.5;2.04;27/07/2026;10:00;15.1;0;SOLEIL;5;27.4;0
Font-Romeu;42.5;2.04;27/07/2026;11:00;;0;SOLEIL;;35.3;0
Font-Romeu;42.5;2.04;27/07/2026;12:00;;0;SOLEIL;;43.2;0
Font-Romeu;42.5;2.04;27/07/2026;13:00;;0;SOLEIL;;50.4;0
Font-Romeu;42.5;2.04;27/07/2026;14:00;20.2;0;SOLEIL;5;55.1;0
Font-Romeu;42.5;2.04;27/07/2026;15:00;21.5;0;SOLEIL;5;58.0;0
Font-Romeu;42.5;2.04;27/07/2026;16:00;20.2;0;SOLEIL;5;60.1;0
Font-Romeu;42.5;2.04;27/07/2026;17:00;;0;SOLEIL;;60.8;0
Font-Romeu;42.5;2.04;27/07/2026;18:00;;0;SOLEIL;;60.8;0
Font-Romeu;42.5;2.04;27/07/2026;19:00;;0;SOLEIL;;59.8;0
Font-Romeu;42.5;2.04;27/07/2026;20:00;15.1;0;SOLEIL;5;57.2;0
Font-Romeu;42.5;2.04;27/07/2026;21:00;13.8;0;SOLEIL;5;52.9;0
Font-Romeu;42.5;2.04;27/07/2026;22:00;12.5;0;SOLEIL;5;46.4;0
Font-Romeu;42.5;2.04;27/07/2026;23:00;;6;AVERSES;;38.5;0
Font-Romeu;42.5;2.04;28/07/2026;00:00;;6;AVERSES;;31.0;0
Font-Romeu;42.5;2.04;28/07/2026;01:00;;6;AVERSES;;24.5;0
Font-Romeu;42.5;2.04;28/07/2026;02:00;10;6;AVERSES;5;19.8;0
Font-Romeu;42.5;2.04;28/07/2026;03:00;10;6;AVERSES;5;17.3;0
Font-Romeu;42.5;2.04;28/07/2026;04:00;10;6;AVERSES;5;16.2;0
Font-Romeu;42.5;2.04;28/07/2026;05:00;;6;AVERSES;;15.8;0
Font-Romeu;42.5;2.04;28/07/2026;06:00;;6;AVERSES;;16.6;0
Font-Romeu;42.5;2.04;28/07/2026;07:00;;6;AVERSES;;17.6;0
Font-Romeu;42.5;2.04;28/07/2026;08:00;12.3;6;AVERSES;5;19.4;0
Font-Romeu;42.5;2.04;28/07/2026;09:00;13.5;6;AVERSES;5;22.3;0
Font-Romeu;42.5;2.04;28/07/2026;10:00;14.7;6;AVERSES;5;26.3;0
Font-Romeu;42.5;2.04;28/07/2026;11:00;;6;AVERSES;;31.0;0
Font-Romeu;42.5;2.04;28/07/2026;12:00;;6;AVERSES;;36.0;0
Font-Romeu;42.5;2.04;28/07/2026;13:00;;6;AVERSES;;40.3;0
Font-Romeu;42.5;2.04;28/07/2026;14:00;19.3;6;AVERSES;5;43.2;0
Font-Romeu;42.5;2.04;28/07/2026;15:00;20.5;6;AVERSES;5;45.0;0
Font-Romeu;42.5;2.04;28/07/2026;16:00;19.3;6;AVERSES;5;46.4;0
Font-Romeu;42.5;2.04;28/07/2026;17:00;;6;AVERSES;;47.2;0
Font-Romeu;42.5;2.04;28/07/2026;18:00;;6;AVERSES;;47.5;0
Font-Romeu;42.5;2.04;28/07/2026;19:00;;6;AVERSES;;47.2;0
Font-Romeu;42.5;2.04;28/07/2026;20:00;14.7;6;AVERSES;5;46.4;0
Font-Romeu;42.5;2.04;28/07/2026;21:00;13.5;6;AVERSES;5;45.0;0
Font-Romeu;42.5;2.04;28/07/2026;22:00;12.3;6;AVERSES;5;42.8;0
Font-Romeu;42.5;2.04;28/07/2026;23:00;;6;AVERSES;;40.0;0
Font-Romeu;42.5;2.04;29/07/2026;00:00;;6;AVERSES;;37.1;0
Font-Romeu;42.5;2.04;29/07/2026;01:00;;6;AVERSES;;34.2;0
Font-Romeu;42.5;2.04;29/07/2026;02:00;10;6;AVERSES;5;32.0;0
Font-Romeu;42.5;2.04;29/07/2026;03:00;10;6;AVERSES;5;29.9;0
Font-Romeu;42.5;2.04;29/07/2026;04:00;10;6;AVERSES;5;27.0;0
Font-Romeu;42.5;2.04;29/07/2026;05:00;;6;AVERSES;;24.5;0
Font-Romeu;42.5;2.04;29/07/2026;06:00;;6;AVERSES;;22.7;0
Font-Romeu;42.5;2.04;29/07/2026;07:00;;6;AVERSES;;22.0;0
Font-Romeu;42.5;2.04;29/07/2026;08:00;12.7;6;AVERSES;5;22.7;0
Font-Romeu;42.5;2.04;29/07/2026;09:00;14.0;6;AVERSES;5;25.9;0
Font-Romeu;42.5;2.04;29/07/2026;10:00;15.4;6;AVERSES;5;31.3;0
Font-Romeu;42.5;2.04;29/07/2026;11:00;;6;AVERSES;;37.8;0
Font-Romeu;42.5;2.04;29/07/2026;12:00;;6;AVERSES;;44.6;0
Font-Romeu;42.5;2.04;29/07/2026;13:00;;6;AVERSES;;50.4;0
Font-Romeu;42.5;2.04;29/07/2026;14:00;20.8;6;AVERSES;5;54.4;0
Font-Romeu;42.5;2.04;29/07/2026;15:00;22.1;6;AVERSES;5;56.5;0
Font-Romeu;42.5;2.04;29/07/2026;16:00;20.8;6;AVERSES;5;58.0;0
Font-Romeu;42.5;2.04;29/07/2026;17:00;;6;AVERSES;;58.7;0
Font-Romeu;42.5;2.04;29/07/2026;18:00;;6;AVERSES;;58.3;0
Font-Romeu;42.5;2.04;29/07/2026;19:00;;6;AVERSES;;57.2;0
Font-Romeu;42.5;2.04;29/07/2026;20:00;15.4;6;AVERSES;5;55.8;0
Font-Romeu;42.5;2.04;29/07/2026;21:00;14.0;6;AVERSES;5;53.3;0
Font-Romeu;42.5;2.04;29/07/2026;22:00;12.7;6;AVERSES;5;49.3;0
Font-Romeu;42.5;2.04;29/07/2026;23:00;11.3;6;AVERSES;5;44.6;0
Font-Romeu;42.5;2.04;30/07/2026;00:00;12;0;SOLEIL;5;40.0;0
Font-Romeu;42.5;2.04;30/07/2026;01:00;12;0;SOLEIL;5;35.6;0
Font-Romeu;42.5;2.04;30/07/2026;02:00;12;0;SOLEIL;5;32.0;0
Font-Romeu;42.5;2.04;30/07/2026;03:00;12;0;SOLEIL;5;29.2;0
Font-Romeu;42.5;2.04;30/07/2026;04:00;12;0;SOLEIL;5;25.9;0
Font-Romeu;42.5;2.04;30/07/2026;05:00;12;0;SOLEIL;5;23.4;0
Font-Romeu;42.5;2.04;30/07/2026;06:00;12;0;SOLEIL;5;21.6;0
Font-Romeu;42.5;2.04;30/07/2026;07:00;13.1;0;SOLEIL;5;20.9;0
Font-Romeu;42.5;2.04;30/07/2026;08:00;14.2;0;SOLEIL;5;22.0;0
Font-Romeu;42.5;2.04;30/07/2026;09:00;15.3;0;SOLEIL;5;25.6;0
Font-Romeu;42.5;2.04;30/07/2026;10:00;16.4;0;SOLEIL;5;31.3;0
Font-Romeu;42.5;2.04;30/07/2026;11:00;17.6;0;SOLEIL;5;38.5;0
Font-Romeu;42.5;2.04;30/07/2026;12:00;18.7;0;SOLEIL;5;36.8;0
Font-Romeu;42.5;2.04;30/07/2026;13:00;19.8;0;SOLEIL;5;30.2;0
Font-Romeu;42.5;2.04;30/07/2026;14:00;20.9;0;SOLEIL;5;20.1;0
Font-Romeu;42.5;2.04;30/07/2026;15:00;22.0;0;SOLEIL;5;9.0;0
Font-Romeu;42.5;2.04;30/07/2026;16:00;20.9;0;SOLEIL;5;10.8;0
Font-Romeu;42.5;2.04;30/07/2026;17:00;19.8;0;SOLEIL;5;12.2;0
Font-Romeu;42.5;2.04;30/07/2026;18:00;18.7;0;SOLEIL;5;13.3;0
Font-Romeu;42.5;2.04;30/07/2026;19:00;17.6;0;SOLEIL;5;14.4;0
Font-Romeu;42.5;2.04;30/07/2026;20:00;16.4;0;SOLEIL;5;14.0;0
Font-Romeu;42.5;2.04;30/07/2026;21:00;15.3;0;SOLEIL;5;11.9;0
Font-Romeu;42.5;2.04;30/07/2026;22:00;14.2;0;SOLEIL;5;8.3;0
Font-Romeu;42.5;2.04;30/07/2026;23:00;13.1;0;SOLEIL;5;5.8;0
Font-Romeu;42.5;2.04;31/07/2026;00:00;12;0;SOLEIL;5;0.0;0
Font-Romeu;42.5;2.04;31/07/2026;01:00;12;0;SOLEIL;5;0.0;0
Font-Romeu;42.5;2.04;31/07/2026;02:00;12;0;SOLEIL;5;0.0;0
Font-Romeu;42.5;2.04;31/07/2026;03:00;12;0;SOLEIL;5;0.0;0
Font-Romeu;42.5;2.04;31/07/2026;04:00;12;0;SOLEIL;5;0.0;0
Font-Romeu;42.5;2.04;31/07/2026;05:00;12;0;SOLEIL;5;0.0;0
Font-Romeu;42.5;2.04;31/07/2026;06:00;12;0;SOLEIL;5;0.0;0
Font-Romeu;42.5;2.04;31/07/2026;07:00;13.1;0;SOLEIL;5;0.0;0
Font-Romeu;42.5;2.04;31/07/2026;08:00;14.2;0;SOLEIL;5;0.0;0
Font-Romeu;42.5;2.04;31/07/2026;09:00;15.3;0;SOLEIL;5;0.0;0
Font-Romeu;42.5;2.04;31/07/2026;10:00;16.4;0;SOLEIL;5;0.0;0
Font-Romeu;42.5;2.04;31/07/2026;11:00;17.6;0;SOLEIL;5;0.0;0
Font-Romeu;42.5;2.04;31/07/2026;12:00;18.7;0;SOLEIL;5;0.0;0
Font-Romeu;42.5;2.04;31/07/2026;13:00;19.8;0;SOLEIL;5;0.0;0
Font-Romeu;42.5;2.04;31/07/2026;14:00;20.9;0;SOLEIL;5;0.0;0
Font-Romeu;42.5;2.04;31/07/2026;15:00;22.0;0;SOLEIL;5;0.0;0
Font-Romeu;42.5;2.04;31/07/2026;16:00;20.9;0;SOLEIL;5;0.0;0
Font-Romeu;42.5;2.04;31/07/2026;17:00;19.8;0;SOLEIL;5;0.0;0
Font-Romeu;42.5;2.04;31/07/2026;18:00;18.7;0;SOLEIL;5;0.0;0
Font-Romeu;42.5;2.04;31/07/2026;19:00;17.6;0;SOLEIL;5;0.0;0
Font-Romeu;42.5;2.04;31/07/2026;20:00;16.4;0;SOLEIL;5;0.0;0
Font-Romeu;42.5;2.04;31/07/2026;21:00;15.3;0;SOLEIL;5;0.0;0
Font-Romeu;42.5;2.04;31/07/2026;22:00;14.2;0;SOLEIL;5;0.0;0
Font-Romeu;42.5;2.04;31/07/2026;23:00;13.1;0;SOLEIL;5;0.0;0
Perpignan;42.69;2.89;16/07/2026;00:00;26.4;0;SOLEIL;2;13.0;0
Perpignan;42.69;2.89;16/07/2026;01:00;26.4;0;SOLEIL;2;9.5;0
Perpignan;42.69;2.89;16/07/2026;02:00;25.4;0;SOLEIL;2;12.8;0
Perpignan;42.69;2.89;16/07/2026;03:00;25.7;0;SOLEIL;2;14.2;0
Perpignan;42.69;2.89;16/07/2026;04:00;25.9;0;SOLEIL;1;13.0;0
Perpignan;42.69;2.89;16/07/2026;05:00;25.1;0;SOLEIL;2;9.7;0
Perpignan;42.69;2.89;16/07/2026;06:00;26.1;0;SOLEIL;1;7.2;0
Perpignan;42.69;2.89;16/07/2026;07:00;27.7;2;NUAGEUX;2;6.1;0
Perpignan;42.69;2.89;16/07/2026;08:00;28.7;5;SOLEIL VOILÉ;2;7.9;0
Perpignan;42.69;2.89;16/07/2026;09:00;29.1;5;SOLEIL VOILÉ;3;17.3;0
Perpignan;42.69;2.89;16/07/2026;10:00;29.7;2;NUAGEUX;4;23.0;0
Perpignan;42.69;2.89;16/07/2026;11:00;29.1;2;NUAGEUX;3;25.2;0
Perpignan;42.69;2.89;16/07/2026;12:00;29;2;NUAGEUX;4;30.2;0
Perpignan;42.69;2.89;16/07/2026;13:00;30;5;SOLEIL VOILÉ;4;34.6;0
Perpignan;42.69;2.89;16/07/2026;14:00;32.1;5;SOLEIL VOILÉ;4;35.6;0
Perpignan;42.69;2.89;16/07/2026;15:00;31.1;10;ORAGEUX;3;51.5;0
Perpignan;42.69;2.89;16/07/2026;16:00;31.7;10;ORAGEUX;5;65.2;0.3
Perpignan;42.69;2.89;16/07/2026;17:00;31.1;10;ORAGEUX;4;68.8;3.3
Perpignan;42.69;2.89;16/07/2026;18:00;29.2;10;ORAGEUX;5;58.0;1.1
Perpignan;42.69;2.89;16/07/2026;19:00;27.6;0;SOLEIL;3;60.5;0
Perpignan;42.69;2.89;16/07/2026;20:00;26.5;0;SOLEIL;4;54.0;0
Perpignan;42.69;2.89;16/07/2026;21:00;26.6;0;SOLEIL;4;33.1;0
Perpignan;42.69;2.89;16/07/2026;22:00;26;0;SOLEIL;2;18.7;0
Perpignan;42.69;2.89;16/07/2026;23:00;24.5;0;SOLEIL;2;15.8;0
Perpignan;42.69;2.89;17/07/2026;00:00;25.1;0;SOLEIL;2;19.4;0
Perpignan;42.69;2.89;17/07/2026;01:00;25.1;0;SOLEIL;2;21.2;0
Perpignan;42.69;2.89;17/07/2026;02:00;24.1;0;SOLEIL;4;22.0;0
Perpignan;42.69;2.89;17/07/2026;03:00;24.1;0;SOLEIL;4;13.7;0
Perpignan;42.69;2.89;17/07/2026;04:00;24.1;0;SOLEIL;4;12.6;0
Perpignan;42.69;2.89;17/07/2026;05:00;26.1;0;SOLEIL;4;13.3;0
Perpignan;42.69;2.89;17/07/2026;06:00;26.1;0;SOLEIL;4;5.8;0
Perpignan;42.69;2.89;17/07/2026;07:00;26.1;0;SOLEIL;4;16.2;0
Perpignan;42.69;2.89;17/07/2026;08:00;30.6;0;SOLEIL;4;17.3;0
Perpignan;42.69;2.89;17/07/2026;09:00;30.6;0;SOLEIL;4;18.4;0
Perpignan;42.69;2.89;17/07/2026;10:00;30.6;0;SOLEIL;4;18.4;0
Perpignan;42.69;2.89;17/07/2026;11:00;33.4;0;SOLEIL;6;16.6;0
Perpignan;42.69;2.89;17/07/2026;12:00;33.4;0;SOLEIL;6;19.1;0
Perpignan;42.69;2.89;17/07/2026;13:00;33.4;0;SOLEIL;6;20.9;0
Perpignan;42.69;2.89;17/07/2026;14:00;33.2;0;SOLEIL;6;22.7;0
Perpignan;42.69;2.89;17/07/2026;15:00;33.2;0;SOLEIL;6;32.0;0
Perpignan;42.69;2.89;17/07/2026;16:00;33.2;0;SOLEIL;6;33.5;0
Perpignan;42.69;2.89;17/07/2026;17:00;31.5;0;SOLEIL;6;27.4;0
Perpignan;42.69;2.89;17/07/2026;18:00;31.5;0;SOLEIL;6;29.3;0
Perpignan;42.69;2.89;17/07/2026;19:00;31.5;0;SOLEIL;6;39.1;0
Perpignan;42.69;2.89;17/07/2026;20:00;27.9;0;SOLEIL;6;42.3;0
Perpignan;42.69;2.89;17/07/2026;21:00;27.9;0;SOLEIL;6;45.7;0
Perpignan;42.69;2.89;17/07/2026;22:00;27.9;0;SOLEIL;6;45.0;0
Perpignan;42.69;2.89;17/07/2026;23:00;26.5;0;SOLEIL;5;40.0;0
Perpignan;42.69;2.89;18/07/2026;00:00;26.5;0;SOLEIL;5;37.4;0
Perpignan;42.69;2.89;18/07/2026;01:00;26.5;0;SOLEIL;5;35.3;0
Perpignan;42.69;2.89;18/07/2026;02:00;24.9;0;SOLEIL;4;33.5;0
Perpignan;42.69;2.89;18/07/2026;03:00;24.9;0;SOLEIL;4;34.2;0
Perpignan;42.69;2.89;18/07/2026;04:00;24.9;0;SOLEIL;4;35.3;0
Perpignan;42.69;2.89;18/07/2026;05:00;26.1;0;SOLEIL;4;34.9;0
Perpignan;42.69;2.89;18/07/2026;06:00;26.1;0;SOLEIL;4;30.2;0
Perpignan;42.69;2.89;18/07/2026;07:00;26.1;0;SOLEIL;4;22.7;0
Perpignan;42.69;2.89;18/07/2026;08:00;30.2;0;SOLEIL;4;19.8;0
Perpignan;42.69;2.89;18/07/2026;09:00;30.2;0;SOLEIL;4;23.4;0
Perpignan;42.69;2.89;18/07/2026;10:00;30.2;0;SOLEIL;4;23.4;0
Perpignan;42.69;2.89;18/07/2026;11:00;33.1;0;SOLEIL;4;22.3;0
Perpignan;42.69;2.89;18/07/2026;12:00;33.1;0;SOLEIL;4;10.1;0
Perpignan;42.69;2.89;18/07/2026;13:00;33.1;0;SOLEIL;4;28.1;0
Perpignan;42.69;2.89;18/07/2026;14:00;33.2;10;ORAGEUX;5;38.9;0
Perpignan;42.69;2.89;18/07/2026;15:00;33.2;10;ORAGEUX;5;41.0;0
Perpignan;42.69;2.89;18/07/2026;16:00;33.2;10;ORAGEUX;5;40.3;0
Perpignan;42.69;2.89;18/07/2026;17:00;32;0;SOLEIL;5;36.7;0
Perpignan;42.69;2.89;18/07/2026;18:00;32;0;SOLEIL;5;36.7;0
Perpignan;42.69;2.89;18/07/2026;19:00;32;0;SOLEIL;5;36.0;0
Perpignan;42.69;2.89;18/07/2026;20:00;28.7;10;ORAGEUX;5;31.7;0
Perpignan;42.69;2.89;18/07/2026;21:00;27.5;10;ORAGEUX;5;20.9;0
Perpignan;42.69;2.89;18/07/2026;22:00;26.3;10;ORAGEUX;5;23.4;0
Perpignan;42.69;2.89;18/07/2026;23:00;27.5;0;SOLEIL;4;23.8;0
Perpignan;42.69;2.89;19/07/2026;00:00;27.5;0;SOLEIL;4;21.6;0
Perpignan;42.69;2.89;19/07/2026;01:00;27.5;0;SOLEIL;4;13.3;0
Perpignan;42.69;2.89;19/07/2026;02:00;25;2;NUAGEUX;5;11.2;0
Perpignan;42.69;2.89;19/07/2026;03:00;25;2;NUAGEUX;5;9.4;0
Perpignan;42.69;2.89;19/07/2026;04:00;25;2;NUAGEUX;5;15.1;0
Perpignan;42.69;2.89;19/07/2026;05:00;27.1;0;SOLEIL;2;14.0;0
Perpignan;42.69;2.89;19/07/2026;06:00;27.1;0;SOLEIL;2;10.1;0
Perpignan;42.69;2.89;19/07/2026;07:00;27.1;0;SOLEIL;2;9.7;0
Perpignan;42.69;2.89;19/07/2026;08:00;26.7;2;NUAGEUX;5;6.8;0
Perpignan;42.69;2.89;19/07/2026;09:00;27.5;2;NUAGEUX;5;10.1;0
Perpignan;42.69;2.89;19/07/2026;10:00;28.3;2;NUAGEUX;5;16.9;0
Perpignan;42.69;2.89;19/07/2026;11:00;30.9;2;NUAGEUX;5;17.6;0
Perpignan;42.69;2.89;19/07/2026;12:00;30.9;2;NUAGEUX;5;18.4;0
Perpignan;42.69;2.89;19/07/2026;13:00;30.9;2;NUAGEUX;5;23.8;0
Perpignan;42.69;2.89;19/07/2026;14:00;31.7;2;NUAGEUX;5;37.1;0
Perpignan;42.69;2.89;19/07/2026;15:00;32.5;2;NUAGEUX;5;40.7;0
Perpignan;42.69;2.89;19/07/2026;16:00;31.7;2;NUAGEUX;5;39.6;0
Perpignan;42.69;2.89;19/07/2026;17:00;30.6;2;NUAGEUX;4;34.2;0
Perpignan;42.69;2.89;19/07/2026;18:00;30.6;2;NUAGEUX;4;34.6;0
Perpignan;42.69;2.89;19/07/2026;19:00;30.6;2;NUAGEUX;4;34.4;0
Perpignan;42.69;2.89;19/07/2026;20:00;28.3;2;NUAGEUX;5;33.5;0
Perpignan;42.69;2.89;19/07/2026;21:00;27.5;2;NUAGEUX;5;33.8;0
Perpignan;42.69;2.89;19/07/2026;22:00;26.7;2;NUAGEUX;5;30.2;0
Perpignan;42.69;2.89;19/07/2026;23:00;26.9;0;SOLEIL;3;26.3;0
Perpignan;42.69;2.89;20/07/2026;00:00;26.9;0;SOLEIL;3;20.5;0
Perpignan;42.69;2.89;20/07/2026;01:00;26.9;0;SOLEIL;3;14.0;0
Perpignan;42.69;2.89;20/07/2026;02:00;24;0;SOLEIL;5;10.1;0
Perpignan;42.69;2.89;20/07/2026;03:00;24;0;SOLEIL;5;10.4;0
Perpignan;42.69;2.89;20/07/2026;04:00;24;0;SOLEIL;5;13.3;0
Perpignan;42.69;2.89;20/07/2026;05:00;26.2;0;SOLEIL;2;15.1;0
Perpignan;42.69;2.89;20/07/2026;06:00;26.2;0;SOLEIL;2;13.7;0
Perpignan;42.69;2.89;20/07/2026;07:00;26.2;0;SOLEIL;2;11.2;0
Perpignan;42.69;2.89;20/07/2026;08:00;25.5;0;SOLEIL;5;11.2;0
Perpignan;42.69;2.89;20/07/2026;09:00;26.2;0;SOLEIL;5;15.5;0
Perpignan;42.69;2.89;20/07/2026;10:00;26.9;0;SOLEIL;5;22.3;0
Perpignan;42.69;2.89;20/07/2026;11:00;29.1;0;SOLEIL;4;27.7;0
Perpignan;42.69;2.89;20/07/2026;12:00;29.1;0;SOLEIL;4;31.0;0
Perpignan;42.69;2.89;20/07/2026;13:00;29.1;0;SOLEIL;4;32.8;0
Perpignan;42.69;2.89;20/07/2026;14:00;29.9;0;SOLEIL;5;34.2;0
Perpignan;42.69;2.89;20/07/2026;15:00;30.6;0;SOLEIL;5;34.9;0
Perpignan;42.69;2.89;20/07/2026;16:00;29.9;0;SOLEIL;5;34.9;0
Perpignan;42.69;2.89;20/07/2026;17:00;28.6;2;NUAGEUX;3;34.9;0
Perpignan;42.69;2.89;20/07/2026;18:00;28.6;2;NUAGEUX;3;34.9;0
Perpignan;42.69;2.89;20/07/2026;19:00;28.6;2;NUAGEUX;3;34.6;0
Perpignan;42.69;2.89;20/07/2026;20:00;26.9;0;SOLEIL;5;33.1;0
Perpignan;42.69;2.89;20/07/2026;21:00;26.2;0;SOLEIL;5;29.2;0
Perpignan;42.69;2.89;20/07/2026;22:00;25.5;0;SOLEIL;5;24.5;0
Perpignan;42.69;2.89;20/07/2026;23:00;25.2;0;SOLEIL;3;22.0;0
Perpignan;42.69;2.89;21/07/2026;00:00;25.2;0;SOLEIL;3;24.1;0
Perpignan;42.69;2.89;21/07/2026;01:00;25.2;0;SOLEIL;3;28.8;0
Perpignan;42.69;2.89;21/07/2026;02:00;23.5;0;SOLEIL;5;32.8;0
Perpignan;42.69;2.89;21/07/2026;03:00;23.5;0;SOLEIL;5;35.3;0
Perpignan;42.69;2.89;21/07/2026;04:00;23.5;0;SOLEIL;5;37.1;0
Perpignan;42.69;2.89;21/07/2026;05:00;25.9;0;SOLEIL;2;38.2;0
Perpignan;42.69;2.89;21/07/2026;06:00;25.9;0;SOLEIL;2;38.2;0
Perpignan;42.69;2.89;21/07/2026;07:00;25.9;0;SOLEIL;2;37.8;0
Perpignan;42.69;2.89;21/07/2026;08:00;25.6;0;SOLEIL;5;38.5;0
Perpignan;42.69;2.89;21/07/2026;09:00;26.7;0;SOLEIL;5;41.8;0
Perpignan;42.69;2.89;21/07/2026;10:00;27.7;0;SOLEIL;5;46.4;0
Perpignan;42.69;2.89;21/07/2026;11:00;30.4;0;SOLEIL;4;49.7;0
Perpignan;42.69;2.89;21/07/2026;12:00;30.4;0;SOLEIL;4;45.7;0
Perpignan;42.69;2.89;21/07/2026;13:00;30.4;0;SOLEIL;4;47.2;0
Perpignan;42.69;2.89;21/07/2026;14:00;31.9;0;SOLEIL;5;48.6;0
Perpignan;42.69;2.89;21/07/2026;15:00;33.0;0;SOLEIL;5;49.7;0
Perpignan;42.69;2.89;21/07/2026;16:00;31.9;0;SOLEIL;5;50.4;0
Perpignan;42.69;2.89;21/07/2026;17:00;31.2;0;SOLEIL;3;50.8;0
Perpignan;42.69;2.89;21/07/2026;18:00;31.2;0;SOLEIL;3;51.1;0
Perpignan;42.69;2.89;21/07/2026;19:00;31.2;0;SOLEIL;3;51.1;0
Perpignan;42.69;2.89;21/07/2026;20:00;27.7;0;SOLEIL;5;50.8;0
Perpignan;42.69;2.89;21/07/2026;21:00;26.7;0;SOLEIL;5;49.7;0
Perpignan;42.69;2.89;21/07/2026;22:00;25.6;0;SOLEIL;5;48.2;0
Perpignan;42.69;2.89;21/07/2026;23:00;26.2;0;SOLEIL;3;46.4;0
Perpignan;42.69;2.89;22/07/2026;00:00;26.2;0;SOLEIL;3;44.6;0
Perpignan;42.69;2.89;22/07/2026;01:00;26.2;0;SOLEIL;3;42.5;0
Perpignan;42.69;2.89;22/07/2026;02:00;23.5;0;SOLEIL;5;41.0;0
Perpignan;42.69;2.89;22/07/2026;03:00;23.5;0;SOLEIL;5;39.6;0
Perpignan;42.69;2.89;22/07/2026;04:00;23.5;0;SOLEIL;5;37.8;0
Perpignan;42.69;2.89;22/07/2026;05:00;25.2;0;SOLEIL;2;36.0;0
Perpignan;42.69;2.89;22/07/2026;06:00;25.2;0;SOLEIL;2;34.9;0
Perpignan;42.69;2.89;22/07/2026;07:00;25.2;0;SOLEIL;2;33.8;0
Perpignan;42.69;2.89;22/07/2026;08:00;25.6;0;SOLEIL;5;33.8;0
Perpignan;42.69;2.89;22/07/2026;09:00;26.6;0;SOLEIL;5;34.6;0
Perpignan;42.69;2.89;22/07/2026;10:00;27.7;0;SOLEIL;5;36.0;0
Perpignan;42.69;2.89;22/07/2026;11:00;30.2;0;SOLEIL;4;37.8;0
Perpignan;42.69;2.89;22/07/2026;12:00;30.2;0;SOLEIL;4;40.3;0
Perpignan;42.69;2.89;22/07/2026;13:00;30.2;0;SOLEIL;4;42.5;0
Perpignan;42.69;2.89;22/07/2026;14:00;31.9;0;SOLEIL;5;44.3;0
Perpignan;42.69;2.89;22/07/2026;15:00;32.9;0;SOLEIL;5;46.1;0
Perpignan;42.69;2.89;22/07/2026;16:00;31.9;0;SOLEIL;5;48.2;0
Perpignan;42.69;2.89;22/07/2026;17:00;31.1;0;SOLEIL;3;50.0;0
Perpignan;42.69;2.89;22/07/2026;18:00;31.1;0;SOLEIL;3;51.8;0
Perpignan;42.69;2.89;22/07/2026;19:00;31.1;0;SOLEIL;3;53.3;0
Perpignan;42.69;2.89;22/07/2026;20:00;27.7;0;SOLEIL;5;54.4;0
Perpignan;42.69;2.89;22/07/2026;21:00;26.6;0;SOLEIL;5;54.7;0
Perpignan;42.69;2.89;22/07/2026;22:00;25.6;0;SOLEIL;5;55.1;0
Perpignan;42.69;2.89;22/07/2026;23:00;26;0;SOLEIL;6;55.1;0
Perpignan;42.69;2.89;23/07/2026;00:00;26;0;SOLEIL;6;54.4;0
Perpignan;42.69;2.89;23/07/2026;01:00;26;0;SOLEIL;6;53.6;0
Perpignan;42.69;2.89;23/07/2026;02:00;23.1;0;SOLEIL;5;52.6;0
Perpignan;42.69;2.89;23/07/2026;03:00;23.1;0;SOLEIL;5;50.8;0
Perpignan;42.69;2.89;23/07/2026;04:00;23.1;0;SOLEIL;5;47.9;0
Perpignan;42.69;2.89;23/07/2026;05:00;25.9;0;SOLEIL;4;45.0;0
Perpignan;42.69;2.89;23/07/2026;06:00;25.9;0;SOLEIL;4;42.1;0
Perpignan;42.69;2.89;23/07/2026;07:00;25.9;0;SOLEIL;4;39.6;0
Perpignan;42.69;2.89;23/07/2026;08:00;25.7;0;SOLEIL;5;38.5;0
Perpignan;42.69;2.89;23/07/2026;09:00;27.0;0;SOLEIL;5;38.9;0
Perpignan;42.69;2.89;23/07/2026;10:00;28.3;0;SOLEIL;5;40.0;0
Perpignan;42.69;2.89;23/07/2026;11:00;32.9;0;SOLEIL;4;41.8;0
Perpignan;42.69;2.89;23/07/2026;12:00;32.9;0;SOLEIL;4;43.9;0
Perpignan;42.69;2.89;23/07/2026;13:00;32.9;0;SOLEIL;4;45.7;0
Perpignan;42.69;2.89;23/07/2026;14:00;33.4;0;SOLEIL;5;47.2;0
Perpignan;42.69;2.89;23/07/2026;15:00;34.7;0;SOLEIL;5;48.2;0
Perpignan;42.69;2.89;23/07/2026;16:00;33.4;0;SOLEIL;5;49.0;0
Perpignan;42.69;2.89;23/07/2026;17:00;32.1;0;SOLEIL;7;49.7;0
Perpignan;42.69;2.89;23/07/2026;18:00;32.1;0;SOLEIL;7;50.4;0
Perpignan;42.69;2.89;23/07/2026;19:00;32.1;0;SOLEIL;7;50.4;0
Perpignan;42.69;2.89;23/07/2026;20:00;28.3;0;SOLEIL;5;50.4;0
Perpignan;42.69;2.89;23/07/2026;21:00;27.0;0;SOLEIL;5;50.0;0
Perpignan;42.69;2.89;23/07/2026;22:00;25.7;0;SOLEIL;5;49.0;0
Perpignan;42.69;2.89;23/07/2026;23:00;27.6;0;SOLEIL;5;48.2;0
Perpignan;42.69;2.89;24/07/2026;00:00;27.6;0;SOLEIL;5;46.8;0
Perpignan;42.69;2.89;24/07/2026;01:00;27.6;0;SOLEIL;5;45.4;0
Perpignan;42.69;2.89;24/07/2026;02:00;24.5;0;SOLEIL;5;43.9;0
Perpignan;42.69;2.89;24/07/2026;03:00;24.5;0;SOLEIL;5;42.1;0
Perpignan;42.69;2.89;24/07/2026;04:00;24.5;0;SOLEIL;5;39.6;0
Perpignan;42.69;2.89;24/07/2026;05:00;26.5;0;SOLEIL;4;37.4;0
Perpignan;42.69;2.89;24/07/2026;06:00;26.5;0;SOLEIL;4;35.3;0
Perpignan;42.69;2.89;24/07/2026;07:00;26.5;0;SOLEIL;4;33.5;0
Perpignan;42.69;2.89;24/07/2026;08:00;26.6;0;SOLEIL;5;32.8;0
Perpignan;42.69;2.89;24/07/2026;09:00;27.6;0;SOLEIL;5;33.5;0
Perpignan;42.69;2.89;24/07/2026;10:00;28.7;0;SOLEIL;5;34.9;0
Perpignan;42.69;2.89;24/07/2026;11:00;32.2;0;SOLEIL;5;37.4;0
Perpignan;42.69;2.89;24/07/2026;12:00;32.2;0;SOLEIL;5;39.6;0
Perpignan;42.69;2.89;24/07/2026;13:00;32.2;0;SOLEIL;5;41.4;0
Perpignan;42.69;2.89;24/07/2026;14:00;32.9;0;SOLEIL;5;42.5;0
Perpignan;42.69;2.89;24/07/2026;15:00;33.9;0;SOLEIL;5;42.5;0
Perpignan;42.69;2.89;24/07/2026;16:00;32.9;0;SOLEIL;5;41.4;0
Perpignan;42.69;2.89;24/07/2026;17:00;31.1;0;SOLEIL;3;40.3;0
Perpignan;42.69;2.89;24/07/2026;18:00;31.1;0;SOLEIL;3;38.5;0
Perpignan;42.69;2.89;24/07/2026;19:00;31.1;0;SOLEIL;3;37.1;0
Perpignan;42.69;2.89;24/07/2026;20:00;28.7;0;SOLEIL;5;35.6;0
Perpignan;42.69;2.89;24/07/2026;21:00;27.6;0;SOLEIL;5;34.2;0
Perpignan;42.69;2.89;24/07/2026;22:00;26.6;0;SOLEIL;5;32.8;0
Perpignan;42.69;2.89;24/07/2026;23:00;27.6;0;SOLEIL;5;31.3;0
Perpignan;42.69;2.89;25/07/2026;00:00;27.6;0;SOLEIL;5;29.5;0
Perpignan;42.69;2.89;25/07/2026;01:00;27.6;0;SOLEIL;5;28.1;0
Perpignan;42.69;2.89;25/07/2026;02:00;24.1;0;SOLEIL;5;27.0;0
Perpignan;42.69;2.89;25/07/2026;03:00;24.1;0;SOLEIL;5;25.9;0
Perpignan;42.69;2.89;25/07/2026;04:00;24.1;0;SOLEIL;5;24.5;0
Perpignan;42.69;2.89;25/07/2026;05:00;;0;SOLEIL;;23.4;0
Perpignan;42.69;2.89;25/07/2026;06:00;;0;SOLEIL;;22.3;0
Perpignan;42.69;2.89;25/07/2026;07:00;;0;SOLEIL;;22.3;0
Perpignan;42.69;2.89;25/07/2026;08:00;25.9;0;SOLEIL;5;22.7;0
Perpignan;42.69;2.89;25/07/2026;09:00;26.7;0;SOLEIL;5;24.5;0
Perpignan;42.69;2.89;25/07/2026;10:00;27.6;0;SOLEIL;5;27.0;0
Perpignan;42.69;2.89;25/07/2026;11:00;;0;SOLEIL;;30.2;0
Perpignan;42.69;2.89;25/07/2026;12:00;;0;SOLEIL;;33.5;0
Perpignan;42.69;2.89;25/07/2026;13:00;;0;SOLEIL;;36.4;0
Perpignan;42.69;2.89;25/07/2026;14:00;31.1;0;SOLEIL;5;38.9;0
Perpignan;42.69;2.89;25/07/2026;15:00;32.0;0;SOLEIL;5;40.7;0
Perpignan;42.69;2.89;25/07/2026;16:00;31.1;0;SOLEIL;5;42.1;0
Perpignan;42.69;2.89;25/07/2026;17:00;;0;SOLEIL;;43.6;0
Perpignan;42.69;2.89;25/07/2026;18:00;;0;SOLEIL;;44.6;0
Perpignan;42.69;2.89;25/07/2026;19:00;;0;SOLEIL;;45.4;0
Perpignan;42.69;2.89;25/07/2026;20:00;27.6;0;SOLEIL;5;45.4;0
Perpignan;42.69;2.89;25/07/2026;21:00;26.7;0;SOLEIL;5;44.6;0
Perpignan;42.69;2.89;25/07/2026;22:00;25.9;0;SOLEIL;5;43.6;0
Perpignan;42.69;2.89;25/07/2026;23:00;;0;SOLEIL;;41.8;0
Perpignan;42.69;2.89;26/07/2026;00:00;;0;SOLEIL;;40.0;0
Perpignan;42.69;2.89;26/07/2026;01:00;;0;SOLEIL;;38.5;0
Perpignan;42.69;2.89;26/07/2026;02:00;22;0;SOLEIL;5;37.8;0
Perpignan;42.69;2.89;26/07/2026;03:00;22;0;SOLEIL;5;38.2;0
Perpignan;42.69;2.89;26/07/2026;04:00;22;0;SOLEIL;5;38.9;0
Perpignan;42.69;2.89;26/07/2026;05:00;;0;SOLEIL;;40.3;0
Perpignan;42.69;2.89;26/07/2026;06:00;;0;SOLEIL;;41.8;0
Perpignan;42.69;2.89;26/07/2026;07:00;;0;SOLEIL;;42.5;0
Perpignan;42.69;2.89;26/07/2026;08:00;24.2;0;SOLEIL;5;42.8;0
Perpignan;42.69;2.89;26/07/2026;09:00;25.2;0;SOLEIL;5;42.1;0
Perpignan;42.69;2.89;26/07/2026;10:00;26.3;0;SOLEIL;5;40.7;0
Perpignan;42.69;2.89;26/07/2026;11:00;;0;SOLEIL;;38.9;0
Perpignan;42.69;2.89;26/07/2026;12:00;;0;SOLEIL;;37.4;0
Perpignan;42.69;2.89;26/07/2026;13:00;;0;SOLEIL;;36.0;0
Perpignan;42.69;2.89;26/07/2026;14:00;30.6;0;SOLEIL;5;35.6;0
Perpignan;42.69;2.89;26/07/2026;15:00;31.7;0;SOLEIL;5;36.4;0
Perpignan;42.69;2.89;26/07/2026;16:00;30.6;0;SOLEIL;5;38.2;0
Perpignan;42.69;2.89;26/07/2026;17:00;;0;SOLEIL;;40.7;0
Perpignan;42.69;2.89;26/07/2026;18:00;;0;SOLEIL;;42.8;0
Perpignan;42.69;2.89;26/07/2026;19:00;;0;SOLEIL;;43.9;0
Perpignan;42.69;2.89;26/07/2026;20:00;26.3;0;SOLEIL;5;43.9;0
Perpignan;42.69;2.89;26/07/2026;21:00;25.2;0;SOLEIL;5;42.1;0
Perpignan;42.69;2.89;26/07/2026;22:00;24.2;0;SOLEIL;5;38.5;0
Perpignan;42.69;2.89;26/07/2026;23:00;;0;SOLEIL;;34.2;0
Perpignan;42.69;2.89;27/07/2026;00:00;;0;SOLEIL;;29.9;0
Perpignan;42.69;2.89;27/07/2026;01:00;;0;SOLEIL;;26.3;0
Perpignan;42.69;2.89;27/07/2026;02:00;22.1;0;SOLEIL;5;24.1;0
Perpignan;42.69;2.89;27/07/2026;03:00;22.1;0;SOLEIL;5;23.4;0
Perpignan;42.69;2.89;27/07/2026;04:00;22.1;0;SOLEIL;5;23.4;0
Perpignan;42.69;2.89;27/07/2026;05:00;;0;SOLEIL;;24.5;0
Perpignan;42.69;2.89;27/07/2026;06:00;;0;SOLEIL;;25.6;0
Perpignan;42.69;2.89;27/07/2026;07:00;;0;SOLEIL;;27.0;0
Perpignan;42.69;2.89;27/07/2026;08:00;24.1;0;SOLEIL;5;28.4;0
Perpignan;42.69;2.89;27/07/2026;09:00;25.0;0;SOLEIL;5;29.9;0
Perpignan;42.69;2.89;27/07/2026;10:00;26.0;0;SOLEIL;5;32.0;0
Perpignan;42.69;2.89;27/07/2026;11:00;;0;SOLEIL;;34.2;0
Perpignan;42.69;2.89;27/07/2026;12:00;;0;SOLEIL;;36.4;0
Perpignan;42.69;2.89;27/07/2026;13:00;;0;SOLEIL;;37.8;0
Perpignan;42.69;2.89;27/07/2026;14:00;29.9;0;SOLEIL;5;38.5;0
Perpignan;42.69;2.89;27/07/2026;15:00;30.9;0;SOLEIL;5;38.2;0
Perpignan;42.69;2.89;27/07/2026;16:00;29.9;0;SOLEIL;5;37.1;0
Perpignan;42.69;2.89;27/07/2026;17:00;;0;SOLEIL;;35.3;0
Perpignan;42.69;2.89;27/07/2026;18:00;;0;SOLEIL;;33.1;0
Perpignan;42.69;2.89;27/07/2026;19:00;;0;SOLEIL;;31.7;0
Perpignan;42.69;2.89;27/07/2026;20:00;26.0;0;SOLEIL;5;30.6;0
Perpignan;42.69;2.89;27/07/2026;21:00;25.0;0;SOLEIL;5;30.2;0
Perpignan;42.69;2.89;27/07/2026;22:00;24.1;0;SOLEIL;5;30.2;0
Perpignan;42.69;2.89;27/07/2026;23:00;;0;SOLEIL;;30.6;0
Perpignan;42.69;2.89;28/07/2026;00:00;;0;SOLEIL;;31.0;0
Perpignan;42.69;2.89;28/07/2026;01:00;;0;SOLEIL;;31.3;0
Perpignan;42.69;2.89;28/07/2026;02:00;21.6;0;SOLEIL;5;31.0;0
Perpignan;42.69;2.89;28/07/2026;03:00;21.6;0;SOLEIL;5;29.9;0
Perpignan;42.69;2.89;28/07/2026;04:00;21.6;0;SOLEIL;5;28.4;0
Perpignan;42.69;2.89;28/07/2026;05:00;;0;SOLEIL;;26.6;0
Perpignan;42.69;2.89;28/07/2026;06:00;;0;SOLEIL;;25.2;0
Perpignan;42.69;2.89;28/07/2026;07:00;;0;SOLEIL;;24.1;0
Perpignan;42.69;2.89;28/07/2026;08:00;23.5;0;SOLEIL;5;24.1;0
Perpignan;42.69;2.89;28/07/2026;09:00;24.5;0;SOLEIL;5;25.6;0
Perpignan;42.69;2.89;28/07/2026;10:00;25.4;0;SOLEIL;5;28.1;0
Perpignan;42.69;2.89;28/07/2026;11:00;;0;SOLEIL;;31.3;0
Perpignan;42.69;2.89;28/07/2026;12:00;;0;SOLEIL;;34.6;0
Perpignan;42.69;2.89;28/07/2026;13:00;;0;SOLEIL;;37.4;0
Perpignan;42.69;2.89;28/07/2026;14:00;29.2;0;SOLEIL;5;39.2;0
Perpignan;42.69;2.89;28/07/2026;15:00;30.2;0;SOLEIL;5;40.3;0
Perpignan;42.69;2.89;28/07/2026;16:00;29.2;0;SOLEIL;5;41.0;0
Perpignan;42.69;2.89;28/07/2026;17:00;;0;SOLEIL;;41.4;0
Perpignan;42.69;2.89;28/07/2026;18:00;;0;SOLEIL;;41.4;0
Perpignan;42.69;2.89;28/07/2026;19:00;;0;SOLEIL;;40.7;0
Perpignan;42.69;2.89;28/07/2026;20:00;25.4;0;SOLEIL;5;39.2;0
Perpignan;42.69;2.89;28/07/2026;21:00;24.5;0;SOLEIL;5;36.7;0
Perpignan;42.69;2.89;28/07/2026;22:00;23.5;0;SOLEIL;5;32.8;0
Perpignan;42.69;2.89;28/07/2026;23:00;;0;SOLEIL;;28.1;0
Perpignan;42.69;2.89;29/07/2026;00:00;;0;SOLEIL;;23.8;0
Perpignan;42.69;2.89;29/07/2026;01:00;;0;SOLEIL;;19.8;0
Perpignan;42.69;2.89;29/07/2026;02:00;21.7;0;SOLEIL;5;17.3;0
Perpignan;42.69;2.89;29/07/2026;03:00;21.7;0;SOLEIL;5;15.8;0
Perpignan;42.69;2.89;29/07/2026;04:00;21.7;0;SOLEIL;5;15.1;0
Perpignan;42.69;2.89;29/07/2026;05:00;;0;SOLEIL;;14.8;0
Perpignan;42.69;2.89;29/07/2026;06:00;;0;SOLEIL;;15.1;0
Perpignan;42.69;2.89;29/07/2026;07:00;;0;SOLEIL;;16.2;0
Perpignan;42.69;2.89;29/07/2026;08:00;23.6;0;SOLEIL;5;17.6;0
Perpignan;42.69;2.89;29/07/2026;09:00;24.6;0;SOLEIL;5;20.2;0
Perpignan;42.69;2.89;29/07/2026;10:00;25.6;0;SOLEIL;5;24.1;0
Perpignan;42.69;2.89;29/07/2026;11:00;;0;SOLEIL;;28.4;0
Perpignan;42.69;2.89;29/07/2026;12:00;;0;SOLEIL;;32.8;0
Perpignan;42.69;2.89;29/07/2026;13:00;;0;SOLEIL;;36.7;0
Perpignan;42.69;2.89;29/07/2026;14:00;29.4;0;SOLEIL;5;39.2;0
Perpignan;42.69;2.89;29/07/2026;15:00;30.4;0;SOLEIL;5;40.7;0
Perpignan;42.69;2.89;29/07/2026;16:00;29.4;0;SOLEIL;5;41.4;0
Perpignan;42.69;2.89;29/07/2026;17:00;;0;SOLEIL;;41.8;0
Perpignan;42.69;2.89;29/07/2026;18:00;;0;SOLEIL;;41.4;0
Perpignan;42.69;2.89;29/07/2026;19:00;;0;SOLEIL;;40.3;0
Perpignan;42.69;2.89;29/07/2026;20:00;25.6;0;SOLEIL;5;39.2;0
Perpignan;42.69;2.89;29/07/2026;21:00;24.6;0;SOLEIL;5;37.4;0
Perpignan;42.69;2.89;29/07/2026;22:00;23.6;0;SOLEIL;5;34.6;0
Perpignan;42.69;2.89;29/07/2026;23:00;22.7;0;SOLEIL;5;31.3;0
Perpignan;42.69;2.89;30/07/2026;00:00;12;0;SOLEIL;5;28.1;0
Perpignan;42.69;2.89;30/07/2026;01:00;12;0;SOLEIL;5;24.8;0
Perpignan;42.69;2.89;30/07/2026;02:00;12;0;SOLEIL;5;22.3;0
Perpignan;42.69;2.89;30/07/2026;03:00;12;0;SOLEIL;5;20.2;0
Perpignan;42.69;2.89;30/07/2026;04:00;12;0;SOLEIL;5;17.6;0
Perpignan;42.69;2.89;30/07/2026;05:00;12;0;SOLEIL;5;15.5;0
Perpignan;42.69;2.89;30/07/2026;06:00;12;0;SOLEIL;5;13.7;0
Perpignan;42.69;2.89;30/07/2026;07:00;13.1;0;SOLEIL;5;13.0;0
Perpignan;42.69;2.89;30/07/2026;08:00;14.2;0;SOLEIL;5;13.3;0
Perpignan;42.69;2.89;30/07/2026;09:00;15.3;0;SOLEIL;5;15.5;0
Perpignan;42.69;2.89;30/07/2026;10:00;16.4;0;SOLEIL;5;19.4;0
Perpignan;42.69;2.89;30/07/2026;11:00;17.6;0;SOLEIL;5;24.1;0
Perpignan;42.69;2.89;30/07/2026;12:00;18.7;0;SOLEIL;5;28.6;0
Perpignan;42.69;2.89;30/07/2026;13:00;19.8;0;SOLEIL;5;27.9;0
Perpignan;42.69;2.89;30/07/2026;14:00;20.9;0;SOLEIL;5;23.1;0
Perpignan;42.69;2.89;30/07/2026;15:00;22.0;0;SOLEIL;5;15.8;0
Perpignan;42.69;2.89;30/07/2026;16:00;20.9;0;SOLEIL;5;14.0;0
Perpignan;42.69;2.89;30/07/2026;17:00;19.8;0;SOLEIL;5;14.4;0
Perpignan;42.69;2.89;30/07/2026;18:00;18.7;0;SOLEIL;5;20.2;0
Perpignan;42.69;2.89;30/07/2026;19:00;17.6;0;SOLEIL;5;28.4;0
Perpignan;42.69;2.89;30/07/2026;20:00;16.4;0;SOLEIL;5;32.4;0
Perpignan;42.69;2.89;30/07/2026;21:00;15.3;0;SOLEIL;5;28.1;0
Perpignan;42.69;2.89;30/07/2026;22:00;14.2;0;SOLEIL;5;19.4;0
Perpignan;42.69;2.89;30/07/2026;23:00;13.1;0;SOLEIL;5;13.0;0
Perpignan;42.69;2.89;31/07/2026;00:00;12;0;SOLEIL;5;0.0;0
Perpignan;42.69;2.89;31/07/2026;01:00;12;0;SOLEIL;5;0.0;0
Perpignan;42.69;2.89;31/07/2026;02:00;12;0;SOLEIL;5;0.0;0
Perpignan;42.69;2.89;31/07/2026;03:00;12;0;SOLEIL;5;0.0;0
Perpignan;42.69;2.89;31/07/2026;04:00;12;0;SOLEIL;5;0.0;0
Perpignan;42.69;2.89;31/07/2026;05:00;12;0;SOLEIL;5;0.0;0
Perpignan;42.69;2.89;31/07/2026;06:00;12;0;SOLEIL;5;0.0;0
Perpignan;42.69;2.89;31/07/2026;07:00;13.1;0;SOLEIL;5;0.0;0
Perpignan;42.69;2.89;31/07/2026;08:00;14.2;0;SOLEIL;5;0.0;0
Perpignan;42.69;2.89;31/07/2026;09:00;15.3;0;SOLEIL;5;0.0;0
Perpignan;42.69;2.89;31/07/2026;10:00;16.4;0;SOLEIL;5;0.0;0
Perpignan;42.69;2.89;31/07/2026;11:00;17.6;0;SOLEIL;5;0.0;0
Perpignan;42.69;2.89;31/07/2026;12:00;18.7;0;SOLEIL;5;0.0;0
Perpignan;42.69;2.89;31/07/2026;13:00;19.8;0;SOLEIL;5;0.0;0
Perpignan;42.69;2.89;31/07/2026;14:00;20.9;0;SOLEIL;5;0.0;0
Perpignan;42.69;2.89;31/07/2026;15:00;22.0;0;SOLEIL;5;0.0;0
Perpignan;42.69;2.89;31/07/2026;16:00;20.9;0;SOLEIL;5;0.0;0
Perpignan;42.69;2.89;31/07/2026;17:00;19.8;0;SOLEIL;5;0.0;0
Perpignan;42.69;2.89;31/07/2026;18:00;18.7;0;SOLEIL;5;0.0;0
Perpignan;42.69;2.89;31/07/2026;19:00;17.6;0;SOLEIL;5;0.0;0
Perpignan;42.69;2.89;31/07/2026;20:00;16.4;0;SOLEIL;5;0.0;0
Perpignan;42.69;2.89;31/07/2026;21:00;15.3;0;SOLEIL;5;0.0;0
Perpignan;42.69;2.89;31/07/2026;22:00;14.2;0;SOLEIL;5;0.0;0
Perpignan;42.69;2.89;31/07/2026;23:00;13.1;0;SOLEIL;5;0.0;0
Albi;43.92;2.14;16/07/2026;00:00;27.5;0;SOLEIL;2;14.8;0
Albi;43.92;2.14;16/07/2026;01:00;26.1;0;SOLEIL;2;11.9;0
Albi;43.92;2.14;16/07/2026;02:00;26.1;0;SOLEIL;2;9.7;0
Albi;43.92;2.14;16/07/2026;03:00;25.9;0;SOLEIL;2;6.8;0
Albi;43.92;2.14;16/07/2026;04:00;25.7;0;SOLEIL;2;3.2;0
Albi;43.92;2.14;16/07/2026;05:00;25.1;5;SOLEIL VOILÉ;2;4.0;0
Albi;43.92;2.14;16/07/2026;06:00;25.6;5;SOLEIL VOILÉ;2;4.3;0
Albi;43.92;2.14;16/07/2026;07:00;26.4;5;SOLEIL VOILÉ;1;6.8;0
Albi;43.92;2.14;16/07/2026;08:00;27.7;5;SOLEIL VOILÉ;1;7.2;0
Albi;43.92;2.14;16/07/2026;09:00;28.6;2;NUAGEUX;1;4.7;0
Albi;43.92;2.14;16/07/2026;10:00;30.1;2;NUAGEUX;2;32.8;0
Albi;43.92;2.14;16/07/2026;11:00;33.2;2;NUAGEUX;3;34.9;0
Albi;43.92;2.14;16/07/2026;12:00;32.1;2;NUAGEUX;6;12.6;0
Albi;43.92;2.14;16/07/2026;13:00;34.7;2;NUAGEUX;4;22.3;0
Albi;43.92;2.14;16/07/2026;14:00;34.9;5;SOLEIL VOILÉ;4;23.0;0
Albi;43.92;2.14;16/07/2026;15:00;34.9;5;SOLEIL VOILÉ;5;24.8;0
Albi;43.92;2.14;16/07/2026;16:00;33.4;0;SOLEIL;5;26.3;0
Albi;43.92;2.14;16/07/2026;17:00;32.7;0;SOLEIL;6;26.3;0
Albi;43.92;2.14;16/07/2026;18:00;32.2;10;ORAGEUX;4;19.8;0
Albi;43.92;2.14;16/07/2026;19:00;28.1;10;ORAGEUX;4;19.1;0.4
Albi;43.92;2.14;16/07/2026;20:00;26.2;10;ORAGEUX;2;22.0;0
Albi;43.92;2.14;16/07/2026;21:00;25.6;10;ORAGEUX;2;27.0;0
Albi;43.92;2.14;16/07/2026;22:00;24.5;10;ORAGEUX;2;22.0;0.2
Albi;43.92;2.14;16/07/2026;23:00;23.1;10;ORAGEUX;2;23.4;0.2
Albi;43.92;2.14;17/07/2026;00:00;23.1;10;ORAGEUX;2;33.5;0.2
Albi;43.92;2.14;17/07/2026;01:00;23.1;10;ORAGEUX;2;31.0;0.2
Albi;43.92;2.14;17/07/2026;02:00;21.6;0;SOLEIL;3;18.4;0
Albi;43.92;2.14;17/07/2026;03:00;21.6;0;SOLEIL;3;16.2;0
Albi;43.92;2.14;17/07/2026;04:00;21.6;0;SOLEIL;3;14.0;0
Albi;43.92;2.14;17/07/2026;05:00;21.6;2;NUAGEUX;2;22.0;0
Albi;43.92;2.14;17/07/2026;06:00;21.6;2;NUAGEUX;2;20.2;0
Albi;43.92;2.14;17/07/2026;07:00;21.6;2;NUAGEUX;2;21.2;0
Albi;43.92;2.14;17/07/2026;08:00;24.9;0;SOLEIL;3;19.8;0
Albi;43.92;2.14;17/07/2026;09:00;24.9;0;SOLEIL;3;25.2;0
Albi;43.92;2.14;17/07/2026;10:00;24.9;0;SOLEIL;3;26.6;0
Albi;43.92;2.14;17/07/2026;11:00;28.7;0;SOLEIL;4;26.6;0
Albi;43.92;2.14;17/07/2026;12:00;28.7;0;SOLEIL;4;23.0;0
Albi;43.92;2.14;17/07/2026;13:00;28.7;0;SOLEIL;4;24.8;0
Albi;43.92;2.14;17/07/2026;14:00;30.6;0;SOLEIL;4;25.6;0
Albi;43.92;2.14;17/07/2026;15:00;30.6;0;SOLEIL;4;23.4;0
Albi;43.92;2.14;17/07/2026;16:00;30.6;0;SOLEIL;4;28.1;0
Albi;43.92;2.14;17/07/2026;17:00;29.1;0;SOLEIL;5;28.4;0
Albi;43.92;2.14;17/07/2026;18:00;29.1;0;SOLEIL;5;25.7;0
Albi;43.92;2.14;17/07/2026;19:00;29.1;0;SOLEIL;5;29.5;0
Albi;43.92;2.14;17/07/2026;20:00;24.7;0;SOLEIL;3;29.6;0
Albi;43.92;2.14;17/07/2026;21:00;24.7;0;SOLEIL;3;24.5;0
Albi;43.92;2.14;17/07/2026;22:00;24.7;0;SOLEIL;3;16.6;0
Albi;43.92;2.14;17/07/2026;23:00;23;0;SOLEIL;2;11.2;0
Albi;43.92;2.14;18/07/2026;00:00;23;0;SOLEIL;2;7.6;0
Albi;43.92;2.14;18/07/2026;01:00;23;0;SOLEIL;2;8.3;0
Albi;43.92;2.14;18/07/2026;02:00;21.1;0;SOLEIL;2;8.3;0
Albi;43.92;2.14;18/07/2026;03:00;21.1;0;SOLEIL;2;6.5;0
Albi;43.92;2.14;18/07/2026;04:00;21.1;0;SOLEIL;2;6.5;0
Albi;43.92;2.14;18/07/2026;05:00;21.4;0;SOLEIL;2;3.2;0
Albi;43.92;2.14;18/07/2026;06:00;21.4;0;SOLEIL;2;3.2;0
Albi;43.92;2.14;18/07/2026;07:00;21.4;0;SOLEIL;2;2.9;0
Albi;43.92;2.14;18/07/2026;08:00;26.5;0;SOLEIL;3;3.2;0
Albi;43.92;2.14;18/07/2026;09:00;26.5;0;SOLEIL;3;5.8;0
Albi;43.92;2.14;18/07/2026;10:00;26.5;0;SOLEIL;3;5.4;0
Albi;43.92;2.14;18/07/2026;11:00;29.6;0;SOLEIL;4;7.6;0
Albi;43.92;2.14;18/07/2026;12:00;29.6;0;SOLEIL;4;12.6;0
Albi;43.92;2.14;18/07/2026;13:00;29.6;0;SOLEIL;4;14.0;0
Albi;43.92;2.14;18/07/2026;14:00;32;0;SOLEIL;4;15.5;0
Albi;43.92;2.14;18/07/2026;15:00;32;0;SOLEIL;4;15.8;0
Albi;43.92;2.14;18/07/2026;16:00;32;0;SOLEIL;4;15.5;0
Albi;43.92;2.14;18/07/2026;17:00;30.5;0;SOLEIL;4;15.8;0
Albi;43.92;2.14;18/07/2026;18:00;30.5;0;SOLEIL;4;15.1;0
Albi;43.92;2.14;18/07/2026;19:00;30.5;0;SOLEIL;4;13.3;0
Albi;43.92;2.14;18/07/2026;20:00;25.7;0;SOLEIL;5;13.3;0
Albi;43.92;2.14;18/07/2026;21:00;24.3;0;SOLEIL;5;11.2;0
Albi;43.92;2.14;18/07/2026;22:00;22.8;0;SOLEIL;5;8.6;0
Albi;43.92;2.14;18/07/2026;23:00;24;0;SOLEIL;1;6.8;0
Albi;43.92;2.14;19/07/2026;00:00;24;0;SOLEIL;1;5.8;0
Albi;43.92;2.14;19/07/2026;01:00;24;0;SOLEIL;1;5.8;0
Albi;43.92;2.14;19/07/2026;02:00;20.1;0;SOLEIL;5;5.4;0
Albi;43.92;2.14;19/07/2026;03:00;20.1;0;SOLEIL;5;5.4;0
Albi;43.92;2.14;19/07/2026;04:00;20.1;0;SOLEIL;5;5.4;0
Albi;43.92;2.14;19/07/2026;05:00;22.6;0;SOLEIL;2;5.4;0
Albi;43.92;2.14;19/07/2026;06:00;22.6;0;SOLEIL;2;5.4;0
Albi;43.92;2.14;19/07/2026;07:00;22.6;0;SOLEIL;2;5.0;0
Albi;43.92;2.14;19/07/2026;08:00;23.3;0;SOLEIL;5;5.0;0
Albi;43.92;2.14;19/07/2026;09:00;24.9;0;SOLEIL;5;5.0;0
Albi;43.92;2.14;19/07/2026;10:00;26.5;0;SOLEIL;5;5.4;0
Albi;43.92;2.14;19/07/2026;11:00;32;0;SOLEIL;3;6.5;0
Albi;43.92;2.14;19/07/2026;12:00;32;0;SOLEIL;3;9.4;0
Albi;43.92;2.14;19/07/2026;13:00;32;0;SOLEIL;3;13.3;0
Albi;43.92;2.14;19/07/2026;14:00;32.9;0;SOLEIL;5;15.8;0
Albi;43.92;2.14;19/07/2026;15:00;34.5;0;SOLEIL;5;16.2;0
Albi;43.92;2.14;19/07/2026;16:00;32.9;0;SOLEIL;5;15.5;0
Albi;43.92;2.14;19/07/2026;17:00;33.1;0;SOLEIL;3;15.1;0
Albi;43.92;2.14;19/07/2026;18:00;33.1;0;SOLEIL;3;16.6;0
Albi;43.92;2.14;19/07/2026;19:00;33.1;0;SOLEIL;3;18.4;0
Albi;43.92;2.14;19/07/2026;20:00;26.5;0;SOLEIL;5;18.4;0
Albi;43.92;2.14;19/07/2026;21:00;24.9;0;SOLEIL;5;14.4;0
Albi;43.92;2.14;19/07/2026;22:00;23.3;0;SOLEIL;5;8.6;0
Albi;43.92;2.14;19/07/2026;23:00;24.6;0;SOLEIL;3;5.0;0
Albi;43.92;2.14;20/07/2026;00:00;24.6;0;SOLEIL;3;5.4;0
Albi;43.92;2.14;20/07/2026;01:00;24.6;0;SOLEIL;3;7.6;0
Albi;43.92;2.14;20/07/2026;02:00;21.5;0;SOLEIL;5;9.0;0
Albi;43.92;2.14;20/07/2026;03:00;21.5;0;SOLEIL;5;8.3;0
Albi;43.92;2.14;20/07/2026;04:00;21.5;0;SOLEIL;5;6.5;0
Albi;43.92;2.14;20/07/2026;05:00;22.7;0;SOLEIL;3;5.0;0
Albi;43.92;2.14;20/07/2026;06:00;22.7;0;SOLEIL;3;4.3;0
Albi;43.92;2.14;20/07/2026;07:00;22.7;0;SOLEIL;3;4.0;0
Albi;43.92;2.14;20/07/2026;08:00;24.5;0;SOLEIL;5;4.7;0
Albi;43.92;2.14;20/07/2026;09:00;26.0;0;SOLEIL;5;6.8;0
Albi;43.92;2.14;20/07/2026;10:00;27.5;0;SOLEIL;5;9.7;0
Albi;43.92;2.14;20/07/2026;11:00;32.2;0;SOLEIL;3;13.3;0
Albi;43.92;2.14;20/07/2026;12:00;32.2;0;SOLEIL;3;17.3;0
Albi;43.92;2.14;20/07/2026;13:00;32.2;0;SOLEIL;3;20.9;0
Albi;43.92;2.14;20/07/2026;14:00;33.6;0;SOLEIL;5;23.1;0
Albi;43.92;2.14;20/07/2026;15:00;35.1;0;SOLEIL;5;25.6;0
Albi;43.92;2.14;20/07/2026;16:00;33.6;0;SOLEIL;5;29.2;0
Albi;43.92;2.14;20/07/2026;17:00;33.7;0;SOLEIL;3;31.0;0
Albi;43.92;2.14;20/07/2026;18:00;33.7;0;SOLEIL;3;31.0;0
Albi;43.92;2.14;20/07/2026;19:00;33.7;0;SOLEIL;3;29.9;0
Albi;43.92;2.14;20/07/2026;20:00;27.5;0;SOLEIL;5;27.0;0
Albi;43.92;2.14;20/07/2026;21:00;26.0;0;SOLEIL;5;22.0;0
Albi;43.92;2.14;20/07/2026;22:00;24.5;0;SOLEIL;5;15.5;0
Albi;43.92;2.14;20/07/2026;23:00;23.6;0;SOLEIL;3;10.4;0
Albi;43.92;2.14;21/07/2026;00:00;23.6;0;SOLEIL;3;7.9;0
Albi;43.92;2.14;21/07/2026;01:00;23.6;0;SOLEIL;3;6.5;0
Albi;43.92;2.14;21/07/2026;02:00;21;0;SOLEIL;5;5.8;0
Albi;43.92;2.14;21/07/2026;03:00;21;0;SOLEIL;5;5.4;0
Albi;43.92;2.14;21/07/2026;04:00;21;0;SOLEIL;5;5.8;0
Albi;43.92;2.14;21/07/2026;05:00;22.1;0;SOLEIL;3;6.1;0
Albi;43.92;2.14;21/07/2026;06:00;22.1;0;SOLEIL;3;5.8;0
Albi;43.92;2.14;21/07/2026;07:00;22.1;0;SOLEIL;3;5.4;0
Albi;43.92;2.14;21/07/2026;08:00;24.1;0;SOLEIL;5;5.8;0
Albi;43.92;2.14;21/07/2026;09:00;25.6;0;SOLEIL;5;7.9;0
Albi;43.92;2.14;21/07/2026;10:00;27.2;0;SOLEIL;5;11.2;0
Albi;43.92;2.14;21/07/2026;11:00;31.7;0;SOLEIL;3;14.0;0
Albi;43.92;2.14;21/07/2026;12:00;31.7;0;SOLEIL;3;15.5;0
Albi;43.92;2.14;21/07/2026;13:00;31.7;0;SOLEIL;3;16.9;0
Albi;43.92;2.14;21/07/2026;14:00;33.4;0;SOLEIL;5;18.4;0
Albi;43.92;2.14;21/07/2026;15:00;34.9;0;SOLEIL;5;21.2;0
Albi;43.92;2.14;21/07/2026;16:00;33.4;0;SOLEIL;5;24.5;0
Albi;43.92;2.14;21/07/2026;17:00;33.6;0;SOLEIL;4;26.6;0
Albi;43.92;2.14;21/07/2026;18:00;33.6;0;SOLEIL;4;27.4;0
Albi;43.92;2.14;21/07/2026;19:00;33.6;0;SOLEIL;4;27.4;0
Albi;43.92;2.14;21/07/2026;20:00;27.2;0;SOLEIL;5;25.6;0
Albi;43.92;2.14;21/07/2026;21:00;25.6;0;SOLEIL;5;21.2;0
Albi;43.92;2.14;21/07/2026;22:00;24.1;0;SOLEIL;5;15.1;0
Albi;43.92;2.14;21/07/2026;23:00;24.1;0;SOLEIL;3;10.4;0
Albi;43.92;2.14;22/07/2026;00:00;24.1;0;SOLEIL;3;8.3;0
Albi;43.92;2.14;22/07/2026;01:00;24.1;0;SOLEIL;3;7.6;0
Albi;43.92;2.14;22/07/2026;02:00;20.4;0;SOLEIL;5;7.2;0
Albi;43.92;2.14;22/07/2026;03:00;20.4;0;SOLEIL;5;6.8;0
Albi;43.92;2.14;22/07/2026;04:00;20.4;0;SOLEIL;5;6.8;0
Albi;43.92;2.14;22/07/2026;05:00;21.7;0;SOLEIL;3;6.8;0
Albi;43.92;2.14;22/07/2026;06:00;21.7;0;SOLEIL;3;6.8;0
Albi;43.92;2.14;22/07/2026;07:00;21.7;0;SOLEIL;3;6.5;0
Albi;43.92;2.14;22/07/2026;08:00;23.5;0;SOLEIL;5;6.8;0
Albi;43.92;2.14;22/07/2026;09:00;25.1;0;SOLEIL;5;7.6;0
Albi;43.92;2.14;22/07/2026;10:00;26.6;0;SOLEIL;5;9.0;0
Albi;43.92;2.14;22/07/2026;11:00;32.2;0;SOLEIL;3;10.8;0
Albi;43.92;2.14;22/07/2026;12:00;32.2;0;SOLEIL;3;13.3;0
Albi;43.92;2.14;22/07/2026;13:00;32.2;0;SOLEIL;3;16.2;0
Albi;43.92;2.14;22/07/2026;14:00;32.8;0;SOLEIL;5;18.7;0
Albi;43.92;2.14;22/07/2026;15:00;34.4;0;SOLEIL;5;21.2;0
Albi;43.92;2.14;22/07/2026;16:00;32.8;0;SOLEIL;5;23.8;0
Albi;43.92;2.14;22/07/2026;17:00;32.1;0;SOLEIL;4;25.2;0
Albi;43.92;2.14;22/07/2026;18:00;32.1;0;SOLEIL;4;26.3;0
Albi;43.92;2.14;22/07/2026;19:00;32.1;0;SOLEIL;4;26.3;0
Albi;43.92;2.14;22/07/2026;20:00;26.6;0;SOLEIL;5;24.8;0
Albi;43.92;2.14;22/07/2026;21:00;25.1;0;SOLEIL;5;20.5;0
Albi;43.92;2.14;22/07/2026;22:00;23.5;0;SOLEIL;5;14.4;0
Albi;43.92;2.14;22/07/2026;23:00;23.7;0;SOLEIL;3;10.1;0
Albi;43.92;2.14;23/07/2026;00:00;23.7;0;SOLEIL;3;16.0;0
Albi;43.92;2.14;23/07/2026;01:00;23.7;0;SOLEIL;3;22.7;0
Albi;43.92;2.14;23/07/2026;02:00;20.5;0;SOLEIL;5;28.0;0
Albi;43.92;2.14;23/07/2026;03:00;20.5;0;SOLEIL;5;30.6;0
Albi;43.92;2.14;23/07/2026;04:00;20.5;0;SOLEIL;5;25.2;0
Albi;43.92;2.14;23/07/2026;05:00;21.9;0;SOLEIL;3;19.4;0
Albi;43.92;2.14;23/07/2026;06:00;21.9;0;SOLEIL;3;13.7;0
Albi;43.92;2.14;23/07/2026;07:00;21.9;0;SOLEIL;3;9.7;0
Albi;43.92;2.14;23/07/2026;08:00;23.9;0;SOLEIL;5;8.3;0
Albi;43.92;2.14;23/07/2026;09:00;25.6;0;SOLEIL;5;9.7;0
Albi;43.92;2.14;23/07/2026;10:00;27.3;0;SOLEIL;5;13.7;0
Albi;43.92;2.14;23/07/2026;11:00;32.6;0;SOLEIL;4;19.1;0
Albi;43.92;2.14;23/07/2026;12:00;32.6;0;SOLEIL;4;25.2;0
Albi;43.92;2.14;23/07/2026;13:00;32.6;0;SOLEIL;4;30.2;0
Albi;43.92;2.14;23/07/2026;14:00;34.0;0;SOLEIL;5;33.8;0
Albi;43.92;2.14;23/07/2026;15:00;35.7;0;SOLEIL;5;35.6;0
Albi;43.92;2.14;23/07/2026;16:00;34.0;0;SOLEIL;5;37.1;0
Albi;43.92;2.14;23/07/2026;17:00;34.4;0;SOLEIL;4;37.4;0
Albi;43.92;2.14;23/07/2026;18:00;34.4;0;SOLEIL;4;37.8;0
Albi;43.92;2.14;23/07/2026;19:00;34.4;0;SOLEIL;4;37.4;0
Albi;43.92;2.14;23/07/2026;20:00;27.3;0;SOLEIL;5;37.4;0
Albi;43.92;2.14;23/07/2026;21:00;25.6;0;SOLEIL;5;37.4;0
Albi;43.92;2.14;23/07/2026;22:00;23.9;0;SOLEIL;5;37.1;0
Albi;43.92;2.14;23/07/2026;23:00;24.5;0;SOLEIL;2;36.7;0
Albi;43.92;2.14;24/07/2026;00:00;24.5;0;SOLEIL;2;36.0;0
Albi;43.92;2.14;24/07/2026;01:00;24.5;0;SOLEIL;2;34.6;0
Albi;43.92;2.14;24/07/2026;02:00;20.6;0;SOLEIL;5;32.4;0
Albi;43.92;2.14;24/07/2026;03:00;20.6;0;SOLEIL;5;28.8;0
Albi;43.92;2.14;24/07/2026;04:00;20.6;0;SOLEIL;5;23.4;0
Albi;43.92;2.14;24/07/2026;05:00;22.2;0;SOLEIL;3;17.3;0
Albi;43.92;2.14;24/07/2026;06:00;22.2;0;SOLEIL;3;11.9;0
Albi;43.92;2.14;24/07/2026;07:00;22.2;0;SOLEIL;3;7.9;0
Albi;43.92;2.14;24/07/2026;08:00;23.6;0;SOLEIL;5;6.5;0
Albi;43.92;2.14;24/07/2026;09:00;25.1;0;SOLEIL;5;8.3;0
Albi;43.92;2.14;24/07/2026;10:00;26.6;0;SOLEIL;5;12.6;0
Albi;43.92;2.14;24/07/2026;11:00;32.2;0;SOLEIL;3;18.4;0
Albi;43.92;2.14;24/07/2026;12:00;32.2;0;SOLEIL;3;24.8;0
Albi;43.92;2.14;24/07/2026;13:00;32.2;0;SOLEIL;3;30.2;0
Albi;43.92;2.14;24/07/2026;14:00;32.5;0;SOLEIL;5;33.8;0
Albi;43.92;2.14;24/07/2026;15:00;34.0;0;SOLEIL;5;35.6;0
Albi;43.92;2.14;24/07/2026;16:00;32.5;0;SOLEIL;5;36.0;0
Albi;43.92;2.14;24/07/2026;17:00;31;0;SOLEIL;4;36.0;0
Albi;43.92;2.14;24/07/2026;18:00;31;0;SOLEIL;4;35.6;0
Albi;43.92;2.14;24/07/2026;19:00;31;0;SOLEIL;4;34.6;0
Albi;43.92;2.14;24/07/2026;20:00;26.6;0;SOLEIL;5;33.8;0
Albi;43.92;2.14;24/07/2026;21:00;25.1;0;SOLEIL;5;33.1;0
Albi;43.92;2.14;24/07/2026;22:00;23.6;0;SOLEIL;5;32.0;0
Albi;43.92;2.14;24/07/2026;23:00;23.1;0;SOLEIL;3;30.6;0
Albi;43.92;2.14;25/07/2026;00:00;23.1;0;SOLEIL;3;29.2;0
Albi;43.92;2.14;25/07/2026;01:00;23.1;0;SOLEIL;3;27.4;0
Albi;43.92;2.14;25/07/2026;02:00;19.9;0;SOLEIL;5;25.6;0
Albi;43.92;2.14;25/07/2026;03:00;19.9;0;SOLEIL;5;23.4;0
Albi;43.92;2.14;25/07/2026;04:00;19.9;0;SOLEIL;5;20.5;0
Albi;43.92;2.14;25/07/2026;05:00;;0;SOLEIL;;17.6;0
Albi;43.92;2.14;25/07/2026;06:00;;0;SOLEIL;;14.8;0
Albi;43.92;2.14;25/07/2026;07:00;;0;SOLEIL;;13.0;0
Albi;43.92;2.14;25/07/2026;08:00;22.4;0;SOLEIL;5;12.2;0
Albi;43.92;2.14;25/07/2026;09:00;23.7;0;SOLEIL;5;13.0;0
Albi;43.92;2.14;25/07/2026;10:00;24.9;0;SOLEIL;5;14.8;0
Albi;43.92;2.14;25/07/2026;11:00;;0;SOLEIL;;17.6;0
Albi;43.92;2.14;25/07/2026;12:00;;0;SOLEIL;;20.5;0
Albi;43.92;2.14;25/07/2026;13:00;;0;SOLEIL;;23.4;0
Albi;43.92;2.14;25/07/2026;14:00;29.9;0;SOLEIL;5;25.6;0
Albi;43.92;2.14;25/07/2026;15:00;31.2;0;SOLEIL;5;27.4;0
Albi;43.92;2.14;25/07/2026;16:00;29.9;0;SOLEIL;5;29.5;0
Albi;43.92;2.14;25/07/2026;17:00;;0;SOLEIL;;31.0;0
Albi;43.92;2.14;25/07/2026;18:00;;0;SOLEIL;;32.8;0
Albi;43.92;2.14;25/07/2026;19:00;;0;SOLEIL;;33.8;0
Albi;43.92;2.14;25/07/2026;20:00;24.9;0;SOLEIL;5;34.9;0
Albi;43.92;2.14;25/07/2026;21:00;23.7;0;SOLEIL;5;35.6;0
Albi;43.92;2.14;25/07/2026;22:00;22.4;0;SOLEIL;5;36.0;0
Albi;43.92;2.14;25/07/2026;23:00;;0;SOLEIL;;36.0;0
Albi;43.92;2.14;26/07/2026;00:00;;0;SOLEIL;;36.0;0
Albi;43.92;2.14;26/07/2026;01:00;;0;SOLEIL;;35.3;0
Albi;43.92;2.14;26/07/2026;02:00;19.1;0;SOLEIL;5;34.2;0
Albi;43.92;2.14;26/07/2026;03:00;19.1;0;SOLEIL;5;32.0;0
Albi;43.92;2.14;26/07/2026;04:00;19.1;0;SOLEIL;5;29.2;0
Albi;43.92;2.14;26/07/2026;05:00;;0;SOLEIL;;25.9;0
Albi;43.92;2.14;26/07/2026;06:00;;0;SOLEIL;;22.7;0
Albi;43.92;2.14;26/07/2026;07:00;;0;SOLEIL;;19.8;0
Albi;43.92;2.14;26/07/2026;08:00;21.5;0;SOLEIL;5;18.0;0
Albi;43.92;2.14;26/07/2026;09:00;22.6;0;SOLEIL;5;17.3;0
Albi;43.92;2.14;26/07/2026;10:00;23.8;0;SOLEIL;5;17.6;0
Albi;43.92;2.14;26/07/2026;11:00;;0;SOLEIL;;18.4;0
Albi;43.92;2.14;26/07/2026;12:00;;0;SOLEIL;;19.4;0
Albi;43.92;2.14;26/07/2026;13:00;;0;SOLEIL;;20.5;0
Albi;43.92;2.14;26/07/2026;14:00;28.5;0;SOLEIL;5;21.2;0
Albi;43.92;2.14;26/07/2026;15:00;29.7;0;SOLEIL;5;21.6;0
Albi;43.92;2.14;26/07/2026;16:00;28.5;0;SOLEIL;5;22.3;0
Albi;43.92;2.14;26/07/2026;17:00;;0;SOLEIL;;22.7;0
Albi;43.92;2.14;26/07/2026;18:00;;0;SOLEIL;;23.0;0
Albi;43.92;2.14;26/07/2026;19:00;;0;SOLEIL;;23.4;0
Albi;43.92;2.14;26/07/2026;20:00;23.8;0;SOLEIL;5;23.8;0
Albi;43.92;2.14;26/07/2026;21:00;22.6;0;SOLEIL;5;24.1;0
Albi;43.92;2.14;26/07/2026;22:00;21.5;0;SOLEIL;5;24.1;0
Albi;43.92;2.14;26/07/2026;23:00;;0;SOLEIL;;24.5;0
Albi;43.92;2.14;27/07/2026;00:00;;0;SOLEIL;;24.5;0
Albi;43.92;2.14;27/07/2026;01:00;;0;SOLEIL;;24.5;0
Albi;43.92;2.14;27/07/2026;02:00;18.6;0;SOLEIL;5;24.5;0
Albi;43.92;2.14;27/07/2026;03:00;18.6;0;SOLEIL;5;24.5;0
Albi;43.92;2.14;27/07/2026;04:00;18.6;0;SOLEIL;5;24.1;0
Albi;43.92;2.14;27/07/2026;05:00;;0;SOLEIL;;23.8;0
Albi;43.92;2.14;27/07/2026;06:00;;0;SOLEIL;;23.8;0
Albi;43.92;2.14;27/07/2026;07:00;;0;SOLEIL;;23.8;0
Albi;43.92;2.14;27/07/2026;08:00;21.0;0;SOLEIL;5;24.1;0
Albi;43.92;2.14;27/07/2026;09:00;22.2;0;SOLEIL;5;24.8;0
Albi;43.92;2.14;27/07/2026;10:00;23.4;0;SOLEIL;5;25.9;0
Albi;43.92;2.14;27/07/2026;11:00;;0;SOLEIL;;27.4;0
Albi;43.92;2.14;27/07/2026;12:00;;0;SOLEIL;;28.8;0
Albi;43.92;2.14;27/07/2026;13:00;;0;SOLEIL;;30.2;0
Albi;43.92;2.14;27/07/2026;14:00;28.2;0;SOLEIL;5;31.3;0
Albi;43.92;2.14;27/07/2026;15:00;29.4;0;SOLEIL;5;32.4;0
Albi;43.92;2.14;27/07/2026;16:00;28.2;0;SOLEIL;5;33.8;0
Albi;43.92;2.14;27/07/2026;17:00;;0;SOLEIL;;34.9;0
Albi;43.92;2.14;27/07/2026;18:00;;0;SOLEIL;;35.6;0
Albi;43.92;2.14;27/07/2026;19:00;;0;SOLEIL;;36.4;0
Albi;43.92;2.14;27/07/2026;20:00;23.4;0;SOLEIL;5;36.7;0
Albi;43.92;2.14;27/07/2026;21:00;22.2;0;SOLEIL;5;36.4;0
Albi;43.92;2.14;27/07/2026;22:00;21.0;0;SOLEIL;5;36.0;0
Albi;43.92;2.14;27/07/2026;23:00;;0;SOLEIL;;35.3;0
Albi;43.92;2.14;28/07/2026;00:00;;0;SOLEIL;;34.2;0
Albi;43.92;2.14;28/07/2026;01:00;;0;SOLEIL;;32.8;0
Albi;43.92;2.14;28/07/2026;02:00;18.1;0;SOLEIL;5;31.0;0
Albi;43.92;2.14;28/07/2026;03:00;18.1;0;SOLEIL;5;28.4;0
Albi;43.92;2.14;28/07/2026;04:00;18.1;0;SOLEIL;5;25.2;0
Albi;43.92;2.14;28/07/2026;05:00;;0;SOLEIL;;21.6;0
Albi;43.92;2.14;28/07/2026;06:00;;0;SOLEIL;;18.4;0
Albi;43.92;2.14;28/07/2026;07:00;;0;SOLEIL;;15.5;0
Albi;43.92;2.14;28/07/2026;08:00;20.5;0;SOLEIL;5;14.0;0
Albi;43.92;2.14;28/07/2026;09:00;21.8;0;SOLEIL;5;14.0;0
Albi;43.92;2.14;28/07/2026;10:00;23.0;0;SOLEIL;5;15.1;0
Albi;43.92;2.14;28/07/2026;11:00;;0;SOLEIL;;16.9;0
Albi;43.92;2.14;28/07/2026;12:00;;0;SOLEIL;;19.1;0
Albi;43.92;2.14;28/07/2026;13:00;;0;SOLEIL;;20.9;0
Albi;43.92;2.14;28/07/2026;14:00;27.9;0;SOLEIL;5;22.3;0
Albi;43.92;2.14;28/07/2026;15:00;29.1;0;SOLEIL;5;23.0;0
Albi;43.92;2.14;28/07/2026;16:00;27.9;0;SOLEIL;5;23.4;0
Albi;43.92;2.14;28/07/2026;17:00;;0;SOLEIL;;23.8;0
Albi;43.92;2.14;28/07/2026;18:00;;0;SOLEIL;;23.8;0
Albi;43.92;2.14;28/07/2026;19:00;;0;SOLEIL;;23.8;0
Albi;43.92;2.14;28/07/2026;20:00;23.0;0;SOLEIL;5;23.8;0
Albi;43.92;2.14;28/07/2026;21:00;21.8;0;SOLEIL;5;23.8;0
Albi;43.92;2.14;28/07/2026;22:00;20.5;0;SOLEIL;5;23.4;0
Albi;43.92;2.14;28/07/2026;23:00;;0;SOLEIL;;23.0;0
Albi;43.92;2.14;29/07/2026;00:00;;0;SOLEIL;;22.7;0
Albi;43.92;2.14;29/07/2026;01:00;;0;SOLEIL;;22.7;0
Albi;43.92;2.14;29/07/2026;02:00;18;0;SOLEIL;5;22.7;0
Albi;43.92;2.14;29/07/2026;03:00;18;0;SOLEIL;5;23.0;0
Albi;43.92;2.14;29/07/2026;04:00;18;0;SOLEIL;5;23.8;0
Albi;43.92;2.14;29/07/2026;05:00;;0;SOLEIL;;24.5;0
Albi;43.92;2.14;29/07/2026;06:00;;0;SOLEIL;;25.6;0
Albi;43.92;2.14;29/07/2026;07:00;;0;SOLEIL;;26.3;0
Albi;43.92;2.14;29/07/2026;08:00;20.6;0;SOLEIL;5;26.6;0
Albi;43.92;2.14;29/07/2026;09:00;22.0;0;SOLEIL;5;27.0;0
Albi;43.92;2.14;29/07/2026;10:00;23.3;0;SOLEIL;5;26.6;0
Albi;43.92;2.14;29/07/2026;11:00;;0;SOLEIL;;26.6;0
Albi;43.92;2.14;29/07/2026;12:00;;0;SOLEIL;;26.6;0
Albi;43.92;2.14;29/07/2026;13:00;;0;SOLEIL;;26.6;0
Albi;43.92;2.14;29/07/2026;14:00;28.6;0;SOLEIL;5;26.6;0
Albi;43.92;2.14;29/07/2026;15:00;29.9;0;SOLEIL;5;27.0;0
Albi;43.92;2.14;29/07/2026;16:00;28.6;0;SOLEIL;5;28.1;0
Albi;43.92;2.14;29/07/2026;17:00;;0;SOLEIL;;28.8;0
Albi;43.92;2.14;29/07/2026;18:00;;0;SOLEIL;;29.9;0
Albi;43.92;2.14;29/07/2026;19:00;;0;SOLEIL;;30.2;0
Albi;43.92;2.14;29/07/2026;20:00;23.3;0;SOLEIL;5;30.2;0
Albi;43.92;2.14;29/07/2026;21:00;22.0;0;SOLEIL;5;29.5;0
Albi;43.92;2.14;29/07/2026;22:00;20.6;0;SOLEIL;5;28.4;0
Albi;43.92;2.14;29/07/2026;23:00;19.3;0;SOLEIL;5;26.6;0
Albi;43.92;2.14;30/07/2026;00:00;12;0;SOLEIL;5;25.2;0
Albi;43.92;2.14;30/07/2026;01:00;12;0;SOLEIL;5;23.4;0
Albi;43.92;2.14;30/07/2026;02:00;12;0;SOLEIL;5;22.3;0
Albi;43.92;2.14;30/07/2026;03:00;12;0;SOLEIL;5;21.6;0
Albi;43.92;2.14;30/07/2026;04:00;12;0;SOLEIL;5;20.5;0
Albi;43.92;2.14;30/07/2026;05:00;12;0;SOLEIL;5;20.2;0
Albi;43.92;2.14;30/07/2026;06:00;12;0;SOLEIL;5;19.4;0
Albi;43.92;2.14;30/07/2026;07:00;13.1;0;SOLEIL;5;19.1;0
Albi;43.92;2.14;30/07/2026;08:00;14.2;0;SOLEIL;5;19.1;0
Albi;43.92;2.14;30/07/2026;09:00;15.3;0;SOLEIL;5;19.1;0
Albi;43.92;2.14;30/07/2026;10:00;16.4;0;SOLEIL;5;19.8;0
Albi;43.92;2.14;30/07/2026;11:00;17.6;0;SOLEIL;5;20.2;0
Albi;43.92;2.14;30/07/2026;12:00;18.7;0;SOLEIL;5;18.4;0
Albi;43.92;2.14;30/07/2026;13:00;19.8;0;SOLEIL;5;14.8;0
Albi;43.92;2.14;30/07/2026;14:00;20.9;0;SOLEIL;5;10.1;0
Albi;43.92;2.14;30/07/2026;15:00;22.0;0;SOLEIL;5;6.1;0
Albi;43.92;2.14;30/07/2026;16:00;20.9;0;SOLEIL;5;6.5;0
Albi;43.92;2.14;30/07/2026;17:00;19.8;0;SOLEIL;5;6.8;0
Albi;43.92;2.14;30/07/2026;18:00;18.7;0;SOLEIL;5;6.5;0
Albi;43.92;2.14;30/07/2026;19:00;17.6;0;SOLEIL;5;5.8;0
Albi;43.92;2.14;30/07/2026;20:00;16.4;0;SOLEIL;5;5.0;0
Albi;43.92;2.14;30/07/2026;21:00;15.3;0;SOLEIL;5;5.0;0
Albi;43.92;2.14;30/07/2026;22:00;14.2;0;SOLEIL;5;5.0;0
Albi;43.92;2.14;30/07/2026;23:00;13.1;0;SOLEIL;5;5.0;0
Albi;43.92;2.14;31/07/2026;00:00;12;0;SOLEIL;5;0.0;0
Albi;43.92;2.14;31/07/2026;01:00;12;0;SOLEIL;5;0.0;0
Albi;43.92;2.14;31/07/2026;02:00;12;0;SOLEIL;5;0.0;0
Albi;43.92;2.14;31/07/2026;03:00;12;0;SOLEIL;5;0.0;0
Albi;43.92;2.14;31/07/2026;04:00;12;0;SOLEIL;5;0.0;0
Albi;43.92;2.14;31/07/2026;05:00;12;0;SOLEIL;5;0.0;0
Albi;43.92;2.14;31/07/2026;06:00;12;0;SOLEIL;5;0.0;0
Albi;43.92;2.14;31/07/2026;07:00;13.1;0;SOLEIL;5;0.0;0
Albi;43.92;2.14;31/07/2026;08:00;14.2;0;SOLEIL;5;0.0;0
Albi;43.92;2.14;31/07/2026;09:00;15.3;0;SOLEIL;5;0.0;0
Albi;43.92;2.14;31/07/2026;10:00;16.4;0;SOLEIL;5;0.0;0
Albi;43.92;2.14;31/07/2026;11:00;17.6;0;SOLEIL;5;0.0;0
Albi;43.92;2.14;31/07/2026;12:00;18.7;0;SOLEIL;5;0.0;0
Albi;43.92;2.14;31/07/2026;13:00;19.8;0;SOLEIL;5;0.0;0
Albi;43.92;2.14;31/07/2026;14:00;20.9;0;SOLEIL;5;0.0;0
Albi;43.92;2.14;31/07/2026;15:00;22.0;0;SOLEIL;5;0.0;0
Albi;43.92;2.14;31/07/2026;16:00;20.9;0;SOLEIL;5;0.0;0
Albi;43.92;2.14;31/07/2026;17:00;19.8;0;SOLEIL;5;0.0;0
Albi;43.92;2.14;31/07/2026;18:00;18.7;0;SOLEIL;5;0.0;0
Albi;43.92;2.14;31/07/2026;19:00;17.6;0;SOLEIL;5;0.0;0
Albi;43.92;2.14;31/07/2026;20:00;16.4;0;SOLEIL;5;0.0;0
Albi;43.92;2.14;31/07/2026;21:00;15.3;0;SOLEIL;5;0.0;0
Albi;43.92;2.14;31/07/2026;22:00;14.2;0;SOLEIL;5;0.0;0
Albi;43.92;2.14;31/07/2026;23:00;13.1;0;SOLEIL;5;0.0;0
Castres;43.6;2.24;16/07/2026;00:00;26.4;0;SOLEIL;2;5.0;0
Castres;43.6;2.24;16/07/2026;01:00;25.6;0;SOLEIL;1;4.7;0
Castres;43.6;2.24;16/07/2026;02:00;26.1;0;SOLEIL;2;3.2;0
Castres;43.6;2.24;16/07/2026;03:00;24.7;0;SOLEIL;2;1.8;0
Castres;43.6;2.24;16/07/2026;04:00;24.9;0;SOLEIL;2;1.4;0
Castres;43.6;2.24;16/07/2026;05:00;25.2;0;SOLEIL;1;2.9;0
Castres;43.6;2.24;16/07/2026;06:00;26;0;SOLEIL;1;4.3;0
Castres;43.6;2.24;16/07/2026;07:00;27;5;SOLEIL VOILÉ;2;3.6;0
Castres;43.6;2.24;16/07/2026;08:00;27.4;5;SOLEIL VOILÉ;2;4.7;0
Castres;43.6;2.24;16/07/2026;09:00;28.4;2;NUAGEUX;2;14.0;0
Castres;43.6;2.24;16/07/2026;10:00;29.7;2;NUAGEUX;3;20.2;0
Castres;43.6;2.24;16/07/2026;11:00;32.1;6;AVERSES;4;25.6;0.5
Castres;43.6;2.24;16/07/2026;12:00;32.6;2;NUAGEUX;4;13.7;0
Castres;43.6;2.24;16/07/2026;13:00;33.7;2;NUAGEUX;6;20.2;0
Castres;43.6;2.24;16/07/2026;14:00;34.1;2;NUAGEUX;6;17.6;0
Castres;43.6;2.24;16/07/2026;15:00;34.4;5;SOLEIL VOILÉ;7;16.2;0
Castres;43.6;2.24;16/07/2026;16:00;34.5;5;SOLEIL VOILÉ;7;13.3;0
Castres;43.6;2.24;16/07/2026;17:00;33.4;0;SOLEIL;7;31.0;0
Castres;43.6;2.24;16/07/2026;18:00;32.1;0;SOLEIL;6;32.0;0
Castres;43.6;2.24;16/07/2026;19:00;30.1;0;SOLEIL;5;29.9;0
Castres;43.6;2.24;16/07/2026;20:00;29.1;0;SOLEIL;4;29.9;0
Castres;43.6;2.24;16/07/2026;21:00;26.1;0;SOLEIL;3;21.6;0
Castres;43.6;2.24;16/07/2026;22:00;25.1;0;SOLEIL;2;20.2;0
Castres;43.6;2.24;16/07/2026;23:00;23.9;0;SOLEIL;1;21.2;0
Castres;43.6;2.24;17/07/2026;00:00;23.1;0;SOLEIL;3;18.4;0
Castres;43.6;2.24;17/07/2026;01:00;23.1;0;SOLEIL;3;12.6;0
Castres;43.6;2.24;17/07/2026;02:00;21.6;0;SOLEIL;2;6.8;0
Castres;43.6;2.24;17/07/2026;03:00;21.6;0;SOLEIL;2;10.1;0
Castres;43.6;2.24;17/07/2026;04:00;21.6;0;SOLEIL;2;15.1;0
Castres;43.6;2.24;17/07/2026;05:00;21.6;2;NUAGEUX;2;18.4;0
Castres;43.6;2.24;17/07/2026;06:00;21.6;2;NUAGEUX;2;16.2;0
Castres;43.6;2.24;17/07/2026;07:00;21.6;2;NUAGEUX;2;14.4;0
Castres;43.6;2.24;17/07/2026;08:00;25.1;2;NUAGEUX;3;17.3;0
Castres;43.6;2.24;17/07/2026;09:00;25.1;2;NUAGEUX;3;19.8;0
Castres;43.6;2.24;17/07/2026;10:00;25.1;2;NUAGEUX;3;23.8;0
Castres;43.6;2.24;17/07/2026;11:00;28.1;0;SOLEIL;4;23.4;0
Castres;43.6;2.24;17/07/2026;12:00;28.1;0;SOLEIL;4;22.3;0
Castres;43.6;2.24;17/07/2026;13:00;28.1;0;SOLEIL;4;21.6;0
Castres;43.6;2.24;17/07/2026;14:00;30.6;0;SOLEIL;5;23.4;0
Castres;43.6;2.24;17/07/2026;15:00;30.6;0;SOLEIL;5;27.0;0
Castres;43.6;2.24;17/07/2026;16:00;30.6;0;SOLEIL;5;27.4;0
Castres;43.6;2.24;17/07/2026;17:00;29.1;0;SOLEIL;5;30.6;0
Castres;43.6;2.24;17/07/2026;18:00;29.1;0;SOLEIL;5;28.4;0
Castres;43.6;2.24;17/07/2026;19:00;29.1;0;SOLEIL;5;28.8;0
Castres;43.6;2.24;17/07/2026;20:00;25.9;0;SOLEIL;3;27.2;0
Castres;43.6;2.24;17/07/2026;21:00;25.9;0;SOLEIL;3;24.1;0
Castres;43.6;2.24;17/07/2026;22:00;25.9;0;SOLEIL;3;15.1;0
Castres;43.6;2.24;17/07/2026;23:00;23.7;0;SOLEIL;3;8.3;0
Castres;43.6;2.24;18/07/2026;00:00;23.7;0;SOLEIL;3;7.6;0
Castres;43.6;2.24;18/07/2026;01:00;23.7;0;SOLEIL;3;6.1;0
Castres;43.6;2.24;18/07/2026;02:00;21.6;0;SOLEIL;2;6.1;0
Castres;43.6;2.24;18/07/2026;03:00;21.6;0;SOLEIL;2;4.0;0
Castres;43.6;2.24;18/07/2026;04:00;21.6;0;SOLEIL;2;3.6;0
Castres;43.6;2.24;18/07/2026;05:00;21.6;0;SOLEIL;2;3.2;0
Castres;43.6;2.24;18/07/2026;06:00;21.6;0;SOLEIL;2;3.6;0
Castres;43.6;2.24;18/07/2026;07:00;21.6;0;SOLEIL;2;3.6;0
Castres;43.6;2.24;18/07/2026;08:00;26.2;0;SOLEIL;3;1.8;0
Castres;43.6;2.24;18/07/2026;09:00;26.2;0;SOLEIL;3;6.1;0
Castres;43.6;2.24;18/07/2026;10:00;26.2;0;SOLEIL;3;6.5;0
Castres;43.6;2.24;18/07/2026;11:00;30;0;SOLEIL;4;10.1;0
Castres;43.6;2.24;18/07/2026;12:00;30;0;SOLEIL;4;13.7;0
Castres;43.6;2.24;18/07/2026;13:00;30;0;SOLEIL;4;17.3;0
Castres;43.6;2.24;18/07/2026;14:00;32;0;SOLEIL;4;19.1;0
Castres;43.6;2.24;18/07/2026;15:00;32;0;SOLEIL;4;20.9;0
Castres;43.6;2.24;18/07/2026;16:00;32;0;SOLEIL;4;20.9;0
Castres;43.6;2.24;18/07/2026;17:00;30.7;0;SOLEIL;4;21.2;0
Castres;43.6;2.24;18/07/2026;18:00;30.7;0;SOLEIL;4;21.2;0
Castres;43.6;2.24;18/07/2026;19:00;30.7;0;SOLEIL;4;20.2;0
Castres;43.6;2.24;18/07/2026;20:00;25.9;0;SOLEIL;5;17.3;0
Castres;43.6;2.24;18/07/2026;21:00;24.6;0;SOLEIL;5;13.7;0
Castres;43.6;2.24;18/07/2026;22:00;23.3;0;SOLEIL;5;9.7;0
Castres;43.6;2.24;18/07/2026;23:00;24.1;0;SOLEIL;2;6.8;0
Castres;43.6;2.24;19/07/2026;00:00;24.1;0;SOLEIL;2;6.8;0
Castres;43.6;2.24;19/07/2026;01:00;24.1;0;SOLEIL;2;8.3;0
Castres;43.6;2.24;19/07/2026;02:00;20.2;0;SOLEIL;5;9.4;0
Castres;43.6;2.24;19/07/2026;03:00;20.2;0;SOLEIL;5;9.4;0
Castres;43.6;2.24;19/07/2026;04:00;20.2;0;SOLEIL;5;9.0;0
Castres;43.6;2.24;19/07/2026;05:00;23.1;0;SOLEIL;1;8.6;0
Castres;43.6;2.24;19/07/2026;06:00;23.1;0;SOLEIL;1;8.3;0
Castres;43.6;2.24;19/07/2026;07:00;23.1;0;SOLEIL;1;7.9;0
Castres;43.6;2.24;19/07/2026;08:00;23.4;0;SOLEIL;5;7.9;0
Castres;43.6;2.24;19/07/2026;09:00;25.0;0;SOLEIL;5;8.3;0
Castres;43.6;2.24;19/07/2026;10:00;26.6;0;SOLEIL;5;9.0;0
Castres;43.6;2.24;19/07/2026;11:00;32.5;0;SOLEIL;3;10.4;0
Castres;43.6;2.24;19/07/2026;12:00;32.5;0;SOLEIL;3;13.7;0
Castres;43.6;2.24;19/07/2026;13:00;32.5;0;SOLEIL;3;17.6;0
Castres;43.6;2.24;19/07/2026;14:00;32.9;0;SOLEIL;5;20.5;0
Castres;43.6;2.24;19/07/2026;15:00;34.5;0;SOLEIL;5;22.0;0
Castres;43.6;2.24;19/07/2026;16:00;32.9;0;SOLEIL;5;22.3;0
Castres;43.6;2.24;19/07/2026;17:00;32.5;0;SOLEIL;2;21.6;0
Castres;43.6;2.24;19/07/2026;18:00;32.5;0;SOLEIL;2;20.2;0
Castres;43.6;2.24;19/07/2026;19:00;32.5;0;SOLEIL;2;17.6;0
Castres;43.6;2.24;19/07/2026;20:00;26.6;0;SOLEIL;5;14.8;0
Castres;43.6;2.24;19/07/2026;21:00;25.0;0;SOLEIL;5;11.2;0
Castres;43.6;2.24;19/07/2026;22:00;23.4;0;SOLEIL;5;7.6;0
Castres;43.6;2.24;19/07/2026;23:00;24.6;0;SOLEIL;0;5.4;0
Castres;43.6;2.24;20/07/2026;00:00;24.6;0;SOLEIL;0;6.1;0
Castres;43.6;2.24;20/07/2026;01:00;24.6;0;SOLEIL;0;7.9;0
Castres;43.6;2.24;20/07/2026;02:00;20.6;0;SOLEIL;5;9.7;0
Castres;43.6;2.24;20/07/2026;03:00;20.6;0;SOLEIL;5;10.4;0
Castres;43.6;2.24;20/07/2026;04:00;20.6;0;SOLEIL;5;10.4;0
Castres;43.6;2.24;20/07/2026;05:00;22.9;0;SOLEIL;2;10.4;0
Castres;43.6;2.24;20/07/2026;06:00;22.9;0;SOLEIL;2;10.1;0
Castres;43.6;2.24;20/07/2026;07:00;22.9;0;SOLEIL;2;9.4;0
Castres;43.6;2.24;20/07/2026;08:00;23.9;0;SOLEIL;5;9.7;0
Castres;43.6;2.24;20/07/2026;09:00;25.6;0;SOLEIL;5;11.2;0
Castres;43.6;2.24;20/07/2026;10:00;27.3;0;SOLEIL;5;13.7;0
Castres;43.6;2.24;20/07/2026;11:00;33.6;0;SOLEIL;3;15.5;0
Castres;43.6;2.24;20/07/2026;12:00;33.6;0;SOLEIL;3;18.0;0
Castres;43.6;2.24;20/07/2026;13:00;33.6;0;SOLEIL;3;20.9;0
Castres;43.6;2.24;20/07/2026;14:00;33.9;0;SOLEIL;5;24.7;0
Castres;43.6;2.24;20/07/2026;15:00;35.6;0;SOLEIL;5;30.2;0
Castres;43.6;2.24;20/07/2026;16:00;33.9;0;SOLEIL;5;34.2;0
Castres;43.6;2.24;20/07/2026;17:00;32.9;0;SOLEIL;3;36.4;0
Castres;43.6;2.24;20/07/2026;18:00;32.9;0;SOLEIL;3;36.7;0
Castres;43.6;2.24;20/07/2026;19:00;32.9;0;SOLEIL;3;35.6;0
Castres;43.6;2.24;20/07/2026;20:00;27.3;0;SOLEIL;5;32.4;0
Castres;43.6;2.24;20/07/2026;21:00;25.6;0;SOLEIL;5;25.9;0
Castres;43.6;2.24;20/07/2026;22:00;23.9;0;SOLEIL;5;17.3;0
Castres;43.6;2.24;20/07/2026;23:00;23.2;0;SOLEIL;1;11.2;0
Castres;43.6;2.24;21/07/2026;00:00;23.2;0;SOLEIL;1;9.7;0
Castres;43.6;2.24;21/07/2026;01:00;23.2;0;SOLEIL;1;10.4;0
Castres;43.6;2.24;21/07/2026;02:00;20.6;0;SOLEIL;5;10.8;0
Castres;43.6;2.24;21/07/2026;03:00;20.6;0;SOLEIL;5;9.7;0
Castres;43.6;2.24;21/07/2026;04:00;20.6;0;SOLEIL;5;8.6;0
Castres;43.6;2.24;21/07/2026;05:00;22.1;0;SOLEIL;1;7.6;0
Castres;43.6;2.24;21/07/2026;06:00;22.1;0;SOLEIL;1;6.8;0
Castres;43.6;2.24;21/07/2026;07:00;22.1;0;SOLEIL;1;6.5;0
Castres;43.6;2.24;21/07/2026;08:00;24.0;0;SOLEIL;5;7.6;0
Castres;43.6;2.24;21/07/2026;09:00;25.7;0;SOLEIL;5;10.8;0
Castres;43.6;2.24;21/07/2026;10:00;27.4;0;SOLEIL;5;15.5;0
Castres;43.6;2.24;21/07/2026;11:00;32.7;0;SOLEIL;4;20.2;0
Castres;43.6;2.24;21/07/2026;12:00;32.7;0;SOLEIL;4;24.8;0
Castres;43.6;2.24;21/07/2026;13:00;32.7;0;SOLEIL;4;29.5;0
Castres;43.6;2.24;21/07/2026;14:00;34.2;0;SOLEIL;5;33.1;0
Castres;43.6;2.24;21/07/2026;15:00;35.9;0;SOLEIL;5;35.3;0
Castres;43.6;2.24;21/07/2026;16:00;34.2;0;SOLEIL;5;36.4;0
Castres;43.6;2.24;21/07/2026;17:00;33.4;0;SOLEIL;3;36.7;0
Castres;43.6;2.24;21/07/2026;18:00;33.4;0;SOLEIL;3;37.1;0
Castres;43.6;2.24;21/07/2026;19:00;33.4;0;SOLEIL;3;36.7;0
Castres;43.6;2.24;21/07/2026;20:00;27.4;0;SOLEIL;5;33.8;0
Castres;43.6;2.24;21/07/2026;21:00;25.7;0;SOLEIL;5;25.2;0
Castres;43.6;2.24;21/07/2026;22:00;24.0;0;SOLEIL;5;14.0;0
Castres;43.6;2.24;21/07/2026;23:00;23.6;0;SOLEIL;0;6.8;0
Castres;43.6;2.24;22/07/2026;00:00;23.6;0;SOLEIL;0;7.6;0
Castres;43.6;2.24;22/07/2026;01:00;23.6;0;SOLEIL;0;12.6;0
Castres;43.6;2.24;22/07/2026;02:00;20.1;0;SOLEIL;5;16.2;0
Castres;43.6;2.24;22/07/2026;03:00;20.1;0;SOLEIL;5;16.6;0
Castres;43.6;2.24;22/07/2026;04:00;20.1;0;SOLEIL;5;16.2;0
Castres;43.6;2.24;22/07/2026;05:00;22.1;0;SOLEIL;2;15.5;0
Castres;43.6;2.24;22/07/2026;06:00;22.1;0;SOLEIL;2;15.1;0
Castres;43.6;2.24;22/07/2026;07:00;22.1;0;SOLEIL;2;15.1;0
Castres;43.6;2.24;22/07/2026;08:00;23.8;0;SOLEIL;5;15.5;0
Castres;43.6;2.24;22/07/2026;09:00;25.6;0;SOLEIL;5;16.2;0
Castres;43.6;2.24;22/07/2026;10:00;27.4;0;SOLEIL;5;17.6;0
Castres;43.6;2.24;22/07/2026;11:00;33.4;0;SOLEIL;3;20.2;0
Castres;43.6;2.24;22/07/2026;12:00;33.4;0;SOLEIL;3;24.5;0
Castres;43.6;2.24;22/07/2026;13:00;33.4;0;SOLEIL;3;29.5;0
Castres;43.6;2.24;22/07/2026;14:00;34.8;0;SOLEIL;5;33.5;0
Castres;43.6;2.24;22/07/2026;15:00;36.6;0;SOLEIL;5;35.3;0
Castres;43.6;2.24;22/07/2026;16:00;34.8;0;SOLEIL;5;36.0;0
Castres;43.6;2.24;22/07/2026;17:00;34.2;0;SOLEIL;3;36.0;0
Castres;43.6;2.24;22/07/2026;18:00;34.2;0;SOLEIL;3;36.0;0
Castres;43.6;2.24;22/07/2026;19:00;34.2;0;SOLEIL;3;35.6;0
Castres;43.6;2.24;22/07/2026;20:00;27.4;0;SOLEIL;5;32.4;0
Castres;43.6;2.24;22/07/2026;21:00;25.6;0;SOLEIL;5;24.1;0
Castres;43.6;2.24;22/07/2026;22:00;23.8;0;SOLEIL;5;13.3;0
Castres;43.6;2.24;22/07/2026;23:00;23.7;0;SOLEIL;2;6.5;0
Castres;43.6;2.24;23/07/2026;00:00;23.7;0;SOLEIL;2;14.8;0
Castres;43.6;2.24;23/07/2026;01:00;23.7;0;SOLEIL;2;23.6;0
Castres;43.6;2.24;23/07/2026;02:00;20.2;0;SOLEIL;5;28.4;0
Castres;43.6;2.24;23/07/2026;03:00;20.2;0;SOLEIL;5;28.8;0
Castres;43.6;2.24;23/07/2026;04:00;20.2;0;SOLEIL;5;23.4;0
Castres;43.6;2.24;23/07/2026;05:00;22.5;0;SOLEIL;2;17.6;0
Castres;43.6;2.24;23/07/2026;06:00;22.5;0;SOLEIL;2;12.6;0
Castres;43.6;2.24;23/07/2026;07:00;22.5;0;SOLEIL;2;9.0;0
Castres;43.6;2.24;23/07/2026;08:00;23.8;0;SOLEIL;5;7.6;0
Castres;43.6;2.24;23/07/2026;09:00;25.7;0;SOLEIL;5;9.4;0
Castres;43.6;2.24;23/07/2026;10:00;27.5;0;SOLEIL;5;14.0;0
Castres;43.6;2.24;23/07/2026;11:00;33.9;0;SOLEIL;4;19.8;0
Castres;43.6;2.24;23/07/2026;12:00;33.9;0;SOLEIL;4;25.9;0
Castres;43.6;2.24;23/07/2026;13:00;33.9;0;SOLEIL;4;31.7;0
Castres;43.6;2.24;23/07/2026;14:00;34.8;0;SOLEIL;5;35.6;0
Castres;43.6;2.24;23/07/2026;15:00;36.6;0;SOLEIL;5;37.8;0
Castres;43.6;2.24;23/07/2026;16:00;34.8;0;SOLEIL;5;39.2;0
Castres;43.6;2.24;23/07/2026;17:00;34.1;0;SOLEIL;4;40.0;0
Castres;43.6;2.24;23/07/2026;18:00;34.1;0;SOLEIL;4;40.0;0
Castres;43.6;2.24;23/07/2026;19:00;34.1;0;SOLEIL;4;40.0;0
Castres;43.6;2.24;23/07/2026;20:00;27.5;0;SOLEIL;5;39.6;0
Castres;43.6;2.24;23/07/2026;21:00;25.7;0;SOLEIL;5;39.2;0
Castres;43.6;2.24;23/07/2026;22:00;23.8;0;SOLEIL;5;38.9;0
Castres;43.6;2.24;23/07/2026;23:00;24.7;0;SOLEIL;0;37.8;0
Castres;43.6;2.24;24/07/2026;00:00;24.7;0;SOLEIL;0;36.7;0
Castres;43.6;2.24;24/07/2026;01:00;24.7;0;SOLEIL;0;34.9;0
Castres;43.6;2.24;24/07/2026;02:00;21.2;0;SOLEIL;5;32.4;0
Castres;43.6;2.24;24/07/2026;03:00;21.2;0;SOLEIL;5;28.4;0
Castres;43.6;2.24;24/07/2026;04:00;21.2;0;SOLEIL;5;23.0;0
Castres;43.6;2.24;24/07/2026;05:00;23.4;0;SOLEIL;2;16.9;0
Castres;43.6;2.24;24/07/2026;06:00;23.4;0;SOLEIL;2;11.5;0
Castres;43.6;2.24;24/07/2026;07:00;23.4;0;SOLEIL;2;7.6;0
Castres;43.6;2.24;24/07/2026;08:00;24.4;0;SOLEIL;5;6.1;0
Castres;43.6;2.24;24/07/2026;09:00;25.9;0;SOLEIL;5;7.9;0
Castres;43.6;2.24;24/07/2026;10:00;27.5;0;SOLEIL;5;12.2;0
Castres;43.6;2.24;24/07/2026;11:00;33.2;0;SOLEIL;4;18.4;0
Castres;43.6;2.24;24/07/2026;12:00;33.2;0;SOLEIL;4;24.5;0
Castres;43.6;2.24;24/07/2026;13:00;33.2;0;SOLEIL;4;30.2;0
Castres;43.6;2.24;24/07/2026;14:00;33.8;0;SOLEIL;5;33.8;0
Castres;43.6;2.24;24/07/2026;15:00;35.4;0;SOLEIL;5;35.6;0
Castres;43.6;2.24;24/07/2026;16:00;33.8;0;SOLEIL;5;37.1;0
Castres;43.6;2.24;24/07/2026;17:00;32.4;0;SOLEIL;4;37.4;0
Castres;43.6;2.24;24/07/2026;18:00;32.4;0;SOLEIL;4;37.1;0
Castres;43.6;2.24;24/07/2026;19:00;32.4;0;SOLEIL;4;36.4;0
Castres;43.6;2.24;24/07/2026;20:00;27.5;0;SOLEIL;5;35.6;0
Castres;43.6;2.24;24/07/2026;21:00;25.9;0;SOLEIL;5;34.2;0
Castres;43.6;2.24;24/07/2026;22:00;24.4;0;SOLEIL;5;32.0;0
Castres;43.6;2.24;24/07/2026;23:00;23.2;0;SOLEIL;2;29.5;0
Castres;43.6;2.24;25/07/2026;00:00;23.2;0;SOLEIL;2;27.0;0
Castres;43.6;2.24;25/07/2026;01:00;23.2;0;SOLEIL;2;24.1;0
Castres;43.6;2.24;25/07/2026;02:00;19.9;0;SOLEIL;5;22.0;0
Castres;43.6;2.24;25/07/2026;03:00;19.9;0;SOLEIL;5;19.8;0
Castres;43.6;2.24;25/07/2026;04:00;19.9;0;SOLEIL;5;17.3;0
Castres;43.6;2.24;25/07/2026;05:00;;0;SOLEIL;;14.8;0
Castres;43.6;2.24;25/07/2026;06:00;;0;SOLEIL;;13.0;0
Castres;43.6;2.24;25/07/2026;07:00;;0;SOLEIL;;11.5;0
Castres;43.6;2.24;25/07/2026;08:00;22.9;0;SOLEIL;5;11.5;0
Castres;43.6;2.24;25/07/2026;09:00;24.4;0;SOLEIL;5;13.0;0
Castres;43.6;2.24;25/07/2026;10:00;25.9;0;SOLEIL;5;15.5;0
Castres;43.6;2.24;25/07/2026;11:00;;0;SOLEIL;;18.7;0
Castres;43.6;2.24;25/07/2026;12:00;;0;SOLEIL;;22.0;0
Castres;43.6;2.24;25/07/2026;13:00;;0;SOLEIL;;25.2;0
Castres;43.6;2.24;25/07/2026;14:00;32.0;0;SOLEIL;5;27.7;0
Castres;43.6;2.24;25/07/2026;15:00;33.5;0;SOLEIL;5;29.5;0
Castres;43.6;2.24;25/07/2026;16:00;32.0;0;SOLEIL;5;31.0;0
Castres;43.6;2.24;25/07/2026;17:00;;0;SOLEIL;;32.0;0
Castres;43.6;2.24;25/07/2026;18:00;;0;SOLEIL;;33.1;0
Castres;43.6;2.24;25/07/2026;19:00;;0;SOLEIL;;33.5;0
Castres;43.6;2.24;25/07/2026;20:00;25.9;0;SOLEIL;5;33.8;0
Castres;43.6;2.24;25/07/2026;21:00;24.4;0;SOLEIL;5;33.8;0
Castres;43.6;2.24;25/07/2026;22:00;22.9;0;SOLEIL;5;33.1;0
Castres;43.6;2.24;25/07/2026;23:00;;6;AVERSES;;32.4;0
Castres;43.6;2.24;26/07/2026;00:00;;6;AVERSES;;31.3;0
Castres;43.6;2.24;26/07/2026;01:00;;6;AVERSES;;29.9;0
Castres;43.6;2.24;26/07/2026;02:00;18.9;6;AVERSES;5;28.4;0
Castres;43.6;2.24;26/07/2026;03:00;18.9;6;AVERSES;5;26.6;0
Castres;43.6;2.24;26/07/2026;04:00;18.9;6;AVERSES;5;23.8;0
Castres;43.6;2.24;26/07/2026;05:00;;6;AVERSES;;21.2;0
Castres;43.6;2.24;26/07/2026;06:00;;6;AVERSES;;18.7;0
Castres;43.6;2.24;26/07/2026;07:00;;6;AVERSES;;16.6;0
Castres;43.6;2.24;26/07/2026;08:00;21.2;6;AVERSES;5;15.5;0
Castres;43.6;2.24;26/07/2026;09:00;22.4;6;AVERSES;5;15.5;0
Castres;43.6;2.24;26/07/2026;10:00;23.6;6;AVERSES;5;16.6;0
Castres;43.6;2.24;26/07/2026;11:00;;6;AVERSES;;18.4;0
Castres;43.6;2.24;26/07/2026;12:00;;6;AVERSES;;20.2;0
Castres;43.6;2.24;26/07/2026;13:00;;6;AVERSES;;21.6;0
Castres;43.6;2.24;26/07/2026;14:00;28.2;6;AVERSES;5;23.0;0
Castres;43.6;2.24;26/07/2026;15:00;29.4;6;AVERSES;5;24.1;0
Castres;43.6;2.24;26/07/2026;16:00;28.2;6;AVERSES;5;24.8;0
Castres;43.6;2.24;26/07/2026;17:00;;6;AVERSES;;25.9;0
Castres;43.6;2.24;26/07/2026;18:00;;6;AVERSES;;26.6;0
Castres;43.6;2.24;26/07/2026;19:00;;6;AVERSES;;27.0;0
Castres;43.6;2.24;26/07/2026;20:00;23.6;6;AVERSES;5;27.0;0
Castres;43.6;2.24;26/07/2026;21:00;22.4;6;AVERSES;5;26.6;0
Castres;43.6;2.24;26/07/2026;22:00;21.2;6;AVERSES;5;25.9;0
Castres;43.6;2.24;26/07/2026;23:00;;0;SOLEIL;;24.8;0
Castres;43.6;2.24;27/07/2026;00:00;;0;SOLEIL;;23.4;0
Castres;43.6;2.24;27/07/2026;01:00;;0;SOLEIL;;22.7;0
Castres;43.6;2.24;27/07/2026;02:00;18.2;0;SOLEIL;5;22.0;0
Castres;43.6;2.24;27/07/2026;03:00;18.2;0;SOLEIL;5;21.6;0
Castres;43.6;2.24;27/07/2026;04:00;18.2;0;SOLEIL;5;21.6;0
Castres;43.6;2.24;27/07/2026;05:00;;0;SOLEIL;;21.6;0
Castres;43.6;2.24;27/07/2026;06:00;;0;SOLEIL;;22.0;0
Castres;43.6;2.24;27/07/2026;07:00;;0;SOLEIL;;22.3;0
Castres;43.6;2.24;27/07/2026;08:00;20.8;0;SOLEIL;5;23.0;0
Castres;43.6;2.24;27/07/2026;09:00;22.0;0;SOLEIL;5;24.1;0
Castres;43.6;2.24;27/07/2026;10:00;23.3;0;SOLEIL;5;25.2;0
Castres;43.6;2.24;27/07/2026;11:00;;0;SOLEIL;;26.6;0
Castres;43.6;2.24;27/07/2026;12:00;;0;SOLEIL;;28.1;0
Castres;43.6;2.24;27/07/2026;13:00;;0;SOLEIL;;29.5;0
Castres;43.6;2.24;27/07/2026;14:00;28.4;0;SOLEIL;5;31.0;0
Castres;43.6;2.24;27/07/2026;15:00;29.7;0;SOLEIL;5;32.4;0
Castres;43.6;2.24;27/07/2026;16:00;28.4;0;SOLEIL;5;34.2;0
Castres;43.6;2.24;27/07/2026;17:00;;0;SOLEIL;;36.0;0
Castres;43.6;2.24;27/07/2026;18:00;;0;SOLEIL;;37.4;0
Castres;43.6;2.24;27/07/2026;19:00;;0;SOLEIL;;38.5;0
Castres;43.6;2.24;27/07/2026;20:00;23.3;0;SOLEIL;5;38.9;0
Castres;43.6;2.24;27/07/2026;21:00;22.0;0;SOLEIL;5;38.5;0
Castres;43.6;2.24;27/07/2026;22:00;20.8;0;SOLEIL;5;37.4;0
Castres;43.6;2.24;27/07/2026;23:00;;0;SOLEIL;;35.6;0
Castres;43.6;2.24;28/07/2026;00:00;;0;SOLEIL;;33.8;0
Castres;43.6;2.24;28/07/2026;01:00;;0;SOLEIL;;32.0;0
Castres;43.6;2.24;28/07/2026;02:00;18.1;0;SOLEIL;5;29.9;0
Castres;43.6;2.24;28/07/2026;03:00;18.1;0;SOLEIL;5;27.4;0
Castres;43.6;2.24;28/07/2026;04:00;18.1;0;SOLEIL;5;24.5;0
Castres;43.6;2.24;28/07/2026;05:00;;0;SOLEIL;;21.6;0
Castres;43.6;2.24;28/07/2026;06:00;;0;SOLEIL;;18.7;0
Castres;43.6;2.24;28/07/2026;07:00;;0;SOLEIL;;16.6;0
Castres;43.6;2.24;28/07/2026;08:00;20.5;0;SOLEIL;5;15.5;0
Castres;43.6;2.24;28/07/2026;09:00;21.6;0;SOLEIL;5;15.5;0
Castres;43.6;2.24;28/07/2026;10:00;22.8;0;SOLEIL;5;16.2;0
Castres;43.6;2.24;28/07/2026;11:00;;0;SOLEIL;;17.6;0
Castres;43.6;2.24;28/07/2026;12:00;;0;SOLEIL;;19.4;0
Castres;43.6;2.24;28/07/2026;13:00;;0;SOLEIL;;21.6;0
Castres;43.6;2.24;28/07/2026;14:00;27.5;0;SOLEIL;5;23.4;0
Castres;43.6;2.24;28/07/2026;15:00;28.7;0;SOLEIL;5;25.6;0
Castres;43.6;2.24;28/07/2026;16:00;27.5;0;SOLEIL;5;28.4;0
Castres;43.6;2.24;28/07/2026;17:00;;0;SOLEIL;;31.7;0
Castres;43.6;2.24;28/07/2026;18:00;;0;SOLEIL;;34.2;0
Castres;43.6;2.24;28/07/2026;19:00;;0;SOLEIL;;36.4;0
Castres;43.6;2.24;28/07/2026;20:00;22.8;0;SOLEIL;5;37.4;0
Castres;43.6;2.24;28/07/2026;21:00;21.6;0;SOLEIL;5;37.1;0
Castres;43.6;2.24;28/07/2026;22:00;20.5;0;SOLEIL;5;35.3;0
Castres;43.6;2.24;28/07/2026;23:00;;0;SOLEIL;;33.1;0
Castres;43.6;2.24;29/07/2026;00:00;;0;SOLEIL;;30.6;0
Castres;43.6;2.24;29/07/2026;01:00;;0;SOLEIL;;28.4;0
Castres;43.6;2.24;29/07/2026;02:00;18;0;SOLEIL;5;26.6;0
Castres;43.6;2.24;29/07/2026;03:00;18;0;SOLEIL;5;25.6;0
Castres;43.6;2.24;29/07/2026;04:00;18;0;SOLEIL;5;24.5;0
Castres;43.6;2.24;29/07/2026;05:00;;0;SOLEIL;;24.1;0
Castres;43.6;2.24;29/07/2026;06:00;;0;SOLEIL;;23.4;0
Castres;43.6;2.24;29/07/2026;07:00;;0;SOLEIL;;23.0;0
Castres;43.6;2.24;29/07/2026;08:00;20.7;0;SOLEIL;5;23.0;0
Castres;43.6;2.24;29/07/2026;09:00;22.0;0;SOLEIL;5;23.4;0
Castres;43.6;2.24;29/07/2026;10:00;23.4;0;SOLEIL;5;23.8;0
Castres;43.6;2.24;29/07/2026;11:00;;0;SOLEIL;;24.5;0
Castres;43.6;2.24;29/07/2026;12:00;;0;SOLEIL;;25.2;0
Castres;43.6;2.24;29/07/2026;13:00;;0;SOLEIL;;25.9;0
Castres;43.6;2.24;29/07/2026;14:00;28.8;0;SOLEIL;5;26.6;0
Castres;43.6;2.24;29/07/2026;15:00;30.1;0;SOLEIL;5;27.4;0
Castres;43.6;2.24;29/07/2026;16:00;28.8;0;SOLEIL;5;28.1;0
Castres;43.6;2.24;29/07/2026;17:00;;0;SOLEIL;;29.2;0
Castres;43.6;2.24;29/07/2026;18:00;;0;SOLEIL;;29.9;0
Castres;43.6;2.24;29/07/2026;19:00;;0;SOLEIL;;30.2;0
Castres;43.6;2.24;29/07/2026;20:00;23.4;0;SOLEIL;5;29.9;0
Castres;43.6;2.24;29/07/2026;21:00;22.0;0;SOLEIL;5;29.2;0
Castres;43.6;2.24;29/07/2026;22:00;20.7;0;SOLEIL;5;27.7;0
Castres;43.6;2.24;29/07/2026;23:00;19.3;0;SOLEIL;5;25.9;0
Castres;43.6;2.24;30/07/2026;00:00;12;0;SOLEIL;5;24.1;0
Castres;43.6;2.24;30/07/2026;01:00;12;0;SOLEIL;5;22.3;0
Castres;43.6;2.24;30/07/2026;02:00;12;0;SOLEIL;5;20.5;0
Castres;43.6;2.24;30/07/2026;03:00;12;0;SOLEIL;5;18.7;0
Castres;43.6;2.24;30/07/2026;04:00;12;0;SOLEIL;5;16.6;0
Castres;43.6;2.24;30/07/2026;05:00;12;0;SOLEIL;5;14.4;0
Castres;43.6;2.24;30/07/2026;06:00;12;0;SOLEIL;5;12.6;0
Castres;43.6;2.24;30/07/2026;07:00;13.1;0;SOLEIL;5;11.5;0
Castres;43.6;2.24;30/07/2026;08:00;14.2;0;SOLEIL;5;11.2;0
Castres;43.6;2.24;30/07/2026;09:00;15.3;0;SOLEIL;5;12.2;0
Castres;43.6;2.24;30/07/2026;10:00;16.4;0;SOLEIL;5;14.4;0
Castres;43.6;2.24;30/07/2026;11:00;17.6;0;SOLEIL;5;16.9;0
Castres;43.6;2.24;30/07/2026;12:00;18.7;0;SOLEIL;5;15.7;0
Castres;43.6;2.24;30/07/2026;13:00;19.8;0;SOLEIL;5;13.0;0
Castres;43.6;2.24;30/07/2026;14:00;20.9;0;SOLEIL;5;9.0;0
Castres;43.6;2.24;30/07/2026;15:00;22.0;0;SOLEIL;5;4.7;0
Castres;43.6;2.24;30/07/2026;16:00;20.9;0;SOLEIL;5;5.4;0
Castres;43.6;2.24;30/07/2026;17:00;19.8;0;SOLEIL;5;6.1;0
Castres;43.6;2.24;30/07/2026;18:00;18.7;0;SOLEIL;5;6.1;0
Castres;43.6;2.24;30/07/2026;19:00;17.6;0;SOLEIL;5;5.8;0
Castres;43.6;2.24;30/07/2026;20:00;16.4;0;SOLEIL;5;5.4;0
Castres;43.6;2.24;30/07/2026;21:00;15.3;0;SOLEIL;5;4.7;0
Castres;43.6;2.24;30/07/2026;22:00;14.2;0;SOLEIL;5;4.0;0
Castres;43.6;2.24;30/07/2026;23:00;13.1;0;SOLEIL;5;5.4;0
Castres;43.6;2.24;31/07/2026;00:00;12;0;SOLEIL;5;0.0;0
Castres;43.6;2.24;31/07/2026;01:00;12;0;SOLEIL;5;0.0;0
Castres;43.6;2.24;31/07/2026;02:00;12;0;SOLEIL;5;0.0;0
Castres;43.6;2.24;31/07/2026;03:00;12;0;SOLEIL;5;0.0;0
Castres;43.6;2.24;31/07/2026;04:00;12;0;SOLEIL;5;0.0;0
Castres;43.6;2.24;31/07/2026;05:00;12;0;SOLEIL;5;0.0;0
Castres;43.6;2.24;31/07/2026;06:00;12;0;SOLEIL;5;0.0;0
Castres;43.6;2.24;31/07/2026;07:00;13.1;0;SOLEIL;5;0.0;0
Castres;43.6;2.24;31/07/2026;08:00;14.2;0;SOLEIL;5;0.0;0
Castres;43.6;2.24;31/07/2026;09:00;15.3;0;SOLEIL;5;0.0;0
Castres;43.6;2.24;31/07/2026;10:00;16.4;0;SOLEIL;5;0.0;0
Castres;43.6;2.24;31/07/2026;11:00;17.6;0;SOLEIL;5;0.0;0
Castres;43.6;2.24;31/07/2026;12:00;18.7;0;SOLEIL;5;0.0;0
Castres;43.6;2.24;31/07/2026;13:00;19.8;0;SOLEIL;5;0.0;0
Castres;43.6;2.24;31/07/2026;14:00;20.9;0;SOLEIL;5;0.0;0
Castres;43.6;2.24;31/07/2026;15:00;22.0;0;SOLEIL;5;0.0;0
Castres;43.6;2.24;31/07/2026;16:00;20.9;0;SOLEIL;5;0.0;0
Castres;43.6;2.24;31/07/2026;17:00;19.8;0;SOLEIL;5;0.0;0
Castres;43.6;2.24;31/07/2026;18:00;18.7;0;SOLEIL;5;0.0;0
Castres;43.6;2.24;31/07/2026;19:00;17.6;0;SOLEIL;5;0.0;0
Castres;43.6;2.24;31/07/2026;20:00;16.4;0;SOLEIL;5;0.0;0
Castres;43.6;2.24;31/07/2026;21:00;15.3;0;SOLEIL;5;0.0;0
Castres;43.6;2.24;31/07/2026;22:00;14.2;0;SOLEIL;5;0.0;0
Castres;43.6;2.24;31/07/2026;23:00;13.1;0;SOLEIL;5;0.0;0
Montauban;44.01;1.35;16/07/2026;00:00;26.4;0;SOLEIL;3;16.6;0
Montauban;44.01;1.35;16/07/2026;01:00;25.1;0;SOLEIL;2;16.6;0
Montauban;44.01;1.35;16/07/2026;02:00;24.6;0;SOLEIL;2;10.4;0
Montauban;44.01;1.35;16/07/2026;03:00;23.6;0;SOLEIL;2;8.6;0
Montauban;44.01;1.35;16/07/2026;04:00;22.4;5;SOLEIL VOILÉ;2;7.2;0
Montauban;44.01;1.35;16/07/2026;05:00;21.7;5;SOLEIL VOILÉ;2;6.5;0
Montauban;44.01;1.35;16/07/2026;06:00;23.1;5;SOLEIL VOILÉ;2;6.1;0
Montauban;44.01;1.35;16/07/2026;07:00;24.5;5;SOLEIL VOILÉ;1;3.6;0
Montauban;44.01;1.35;16/07/2026;08:00;26;5;SOLEIL VOILÉ;3;10.1;0
Montauban;44.01;1.35;16/07/2026;09:00;26.7;5;SOLEIL VOILÉ;3;29.9;0
Montauban;44.01;1.35;16/07/2026;10:00;28;2;NUAGEUX;3;29.5;0
Montauban;44.01;1.35;16/07/2026;11:00;29;5;SOLEIL VOILÉ;3;16.2;0
Montauban;44.01;1.35;16/07/2026;12:00;30.1;5;SOLEIL VOILÉ;4;16.2;0
Montauban;44.01;1.35;16/07/2026;13:00;31.4;5;SOLEIL VOILÉ;3;16.2;0
Montauban;44.01;1.35;16/07/2026;14:00;32.6;0;SOLEIL;3;13.0;0
Montauban;44.01;1.35;16/07/2026;15:00;34.1;0;SOLEIL;4;14.0;0
Montauban;44.01;1.35;16/07/2026;16:00;33;0;SOLEIL;4;14.8;0
Montauban;44.01;1.35;16/07/2026;17:00;32.2;0;SOLEIL;5;14.0;0
Montauban;44.01;1.35;16/07/2026;18:00;32.6;10;ORAGEUX;5;11.9;0
Montauban;44.01;1.35;16/07/2026;19:00;31.1;10;ORAGEUX;4;17.6;0
Montauban;44.01;1.35;16/07/2026;20:00;29.9;10;ORAGEUX;4;20.9;0
Montauban;44.01;1.35;16/07/2026;21:00;27.1;10;ORAGEUX;3;21.2;0
Montauban;44.01;1.35;16/07/2026;22:00;24.9;10;ORAGEUX;4;12.2;0.2
Montauban;44.01;1.35;16/07/2026;23:00;23.6;10;ORAGEUX;3;10.8;0.2
Montauban;44.01;1.35;17/07/2026;00:00;22.7;10;ORAGEUX;3;19.4;0.4
Montauban;44.01;1.35;17/07/2026;01:00;22.7;10;ORAGEUX;3;19.8;0.4
Montauban;44.01;1.35;17/07/2026;02:00;21.1;10;ORAGEUX;3;19.1;0
Montauban;44.01;1.35;17/07/2026;03:00;21.1;10;ORAGEUX;3;22.3;0
Montauban;44.01;1.35;17/07/2026;04:00;21.1;10;ORAGEUX;3;21.6;0
Montauban;44.01;1.35;17/07/2026;05:00;22.1;2;NUAGEUX;3;24.1;0
Montauban;44.01;1.35;17/07/2026;06:00;22.1;2;NUAGEUX;3;23.4;0
Montauban;44.01;1.35;17/07/2026;07:00;22.1;2;NUAGEUX;3;18.0;0
Montauban;44.01;1.35;17/07/2026;08:00;24.1;0;SOLEIL;3;18.4;0
Montauban;44.01;1.35;17/07/2026;09:00;24.1;0;SOLEIL;3;21.2;0
Montauban;44.01;1.35;17/07/2026;10:00;24.1;0;SOLEIL;3;20.2;0
Montauban;44.01;1.35;17/07/2026;11:00;27.6;0;SOLEIL;3;22.3;0
Montauban;44.01;1.35;17/07/2026;12:00;27.6;0;SOLEIL;3;24.8;0
Montauban;44.01;1.35;17/07/2026;13:00;27.6;0;SOLEIL;3;24.1;0
Montauban;44.01;1.35;17/07/2026;14:00;29.1;0;SOLEIL;4;22.0;0
Montauban;44.01;1.35;17/07/2026;15:00;29.1;0;SOLEIL;4;23.0;0
Montauban;44.01;1.35;17/07/2026;16:00;29.1;0;SOLEIL;4;24.5;0
Montauban;44.01;1.35;17/07/2026;17:00;28.5;0;SOLEIL;4;24.1;0
Montauban;44.01;1.35;17/07/2026;18:00;28.5;0;SOLEIL;4;24.9;0
Montauban;44.01;1.35;17/07/2026;19:00;28.5;0;SOLEIL;4;26.8;0
Montauban;44.01;1.35;17/07/2026;20:00;25.4;0;SOLEIL;3;24.8;0
Montauban;44.01;1.35;17/07/2026;21:00;25.4;0;SOLEIL;3;20.5;0
Montauban;44.01;1.35;17/07/2026;22:00;25.4;0;SOLEIL;3;15.1;0
Montauban;44.01;1.35;17/07/2026;23:00;23.4;0;SOLEIL;3;14.8;0
Montauban;44.01;1.35;18/07/2026;00:00;23.4;0;SOLEIL;3;15.1;0
Montauban;44.01;1.35;18/07/2026;01:00;23.4;0;SOLEIL;3;11.2;0
Montauban;44.01;1.35;18/07/2026;02:00;21.4;0;SOLEIL;2;10.8;0
Montauban;44.01;1.35;18/07/2026;03:00;21.4;0;SOLEIL;2;11.5;0
Montauban;44.01;1.35;18/07/2026;04:00;21.4;0;SOLEIL;2;10.4;0
Montauban;44.01;1.35;18/07/2026;05:00;21.2;0;SOLEIL;2;9.0;0
Montauban;44.01;1.35;18/07/2026;06:00;21.2;0;SOLEIL;2;9.0;0
Montauban;44.01;1.35;18/07/2026;07:00;21.2;0;SOLEIL;2;8.6;0
Montauban;44.01;1.35;18/07/2026;08:00;25.4;0;SOLEIL;2;9.4;0
Montauban;44.01;1.35;18/07/2026;09:00;25.4;0;SOLEIL;2;14.0;0
Montauban;44.01;1.35;18/07/2026;10:00;25.4;0;SOLEIL;2;15.1;0
Montauban;44.01;1.35;18/07/2026;11:00;29.1;0;SOLEIL;3;14.0;0
Montauban;44.01;1.35;18/07/2026;12:00;29.1;0;SOLEIL;3;13.3;0
Montauban;44.01;1.35;18/07/2026;13:00;29.1;0;SOLEIL;3;15.8;0
Montauban;44.01;1.35;18/07/2026;14:00;30.6;0;SOLEIL;3;18.0;0
Montauban;44.01;1.35;18/07/2026;15:00;30.6;0;SOLEIL;3;18.0;0
Montauban;44.01;1.35;18/07/2026;16:00;30.6;0;SOLEIL;3;18.4;0
Montauban;44.01;1.35;18/07/2026;17:00;30.1;0;SOLEIL;4;18.7;0
Montauban;44.01;1.35;18/07/2026;18:00;30.1;0;SOLEIL;4;18.0;0
Montauban;44.01;1.35;18/07/2026;19:00;30.1;0;SOLEIL;4;17.6;0
Montauban;44.01;1.35;18/07/2026;20:00;25.3;0;SOLEIL;5;17.6;0
Montauban;44.01;1.35;18/07/2026;21:00;24.1;0;SOLEIL;5;14.8;0
Montauban;44.01;1.35;18/07/2026;22:00;22.8;0;SOLEIL;5;11.2;0
Montauban;44.01;1.35;18/07/2026;23:00;23.6;0;SOLEIL;2;7.9;0
Montauban;44.01;1.35;19/07/2026;00:00;23.6;0;SOLEIL;2;6.1;0
Montauban;44.01;1.35;19/07/2026;01:00;23.6;0;SOLEIL;2;5.0;0
Montauban;44.01;1.35;19/07/2026;02:00;20.6;0;SOLEIL;5;4.3;0
Montauban;44.01;1.35;19/07/2026;03:00;20.6;0;SOLEIL;5;3.6;0
Montauban;44.01;1.35;19/07/2026;04:00;20.6;0;SOLEIL;5;2.9;0
Montauban;44.01;1.35;19/07/2026;05:00;22.1;0;SOLEIL;1;2.5;0
Montauban;44.01;1.35;19/07/2026;06:00;22.1;0;SOLEIL;1;2.2;0
Montauban;44.01;1.35;19/07/2026;07:00;22.1;0;SOLEIL;1;2.2;0
Montauban;44.01;1.35;19/07/2026;08:00;23.8;0;SOLEIL;5;2.9;0
Montauban;44.01;1.35;19/07/2026;09:00;25.4;0;SOLEIL;5;4.3;0
Montauban;44.01;1.35;19/07/2026;10:00;27.0;0;SOLEIL;5;6.1;0
Montauban;44.01;1.35;19/07/2026;11:00;31.9;0;SOLEIL;2;7.9;0
Montauban;44.01;1.35;19/07/2026;12:00;31.9;0;SOLEIL;2;10.1;0
Montauban;44.01;1.35;19/07/2026;13:00;31.9;0;SOLEIL;2;12.6;0
Montauban;44.01;1.35;19/07/2026;14:00;33.5;0;SOLEIL;5;14.4;0
Montauban;44.01;1.35;19/07/2026;15:00;35.1;0;SOLEIL;5;15.1;0
Montauban;44.01;1.35;19/07/2026;16:00;33.5;0;SOLEIL;5;15.5;0
Montauban;44.01;1.35;19/07/2026;17:00;33.1;0;SOLEIL;2;15.8;0
Montauban;44.01;1.35;19/07/2026;18:00;33.1;0;SOLEIL;2;17.3;0
Montauban;44.01;1.35;19/07/2026;19:00;33.1;0;SOLEIL;2;18.7;0
Montauban;44.01;1.35;19/07/2026;20:00;27.0;0;SOLEIL;5;18.7;0
Montauban;44.01;1.35;19/07/2026;21:00;25.4;0;SOLEIL;5;16.2;0
Montauban;44.01;1.35;19/07/2026;22:00;23.8;0;SOLEIL;5;12.6;0
Montauban;44.01;1.35;19/07/2026;23:00;24.2;0;SOLEIL;2;9.4;0
Montauban;44.01;1.35;20/07/2026;00:00;24.2;0;SOLEIL;2;7.2;0
Montauban;44.01;1.35;20/07/2026;01:00;24.2;0;SOLEIL;2;5.8;0
Montauban;44.01;1.35;20/07/2026;02:00;20.6;0;SOLEIL;5;5.0;0
Montauban;44.01;1.35;20/07/2026;03:00;20.6;0;SOLEIL;5;5.4;0
Montauban;44.01;1.35;20/07/2026;04:00;20.6;0;SOLEIL;5;6.5;0
Montauban;44.01;1.35;20/07/2026;05:00;22;0;SOLEIL;2;7.2;0
Montauban;44.01;1.35;20/07/2026;06:00;22;0;SOLEIL;2;6.8;0
Montauban;44.01;1.35;20/07/2026;07:00;22;0;SOLEIL;2;6.1;0
Montauban;44.01;1.35;20/07/2026;08:00;23.7;0;SOLEIL;5;6.8;0
Montauban;44.01;1.35;20/07/2026;09:00;25.2;0;SOLEIL;5;10.8;0
Montauban;44.01;1.35;20/07/2026;10:00;26.8;0;SOLEIL;5;16.2;0
Montauban;44.01;1.35;20/07/2026;11:00;31.6;0;SOLEIL;2;20.9;0
Montauban;44.01;1.35;20/07/2026;12:00;31.6;0;SOLEIL;2;24.1;0
Montauban;44.01;1.35;20/07/2026;13:00;31.6;0;SOLEIL;2;26.6;0
Montauban;44.01;1.35;20/07/2026;14:00;33.0;0;SOLEIL;5;28.4;0
Montauban;44.01;1.35;20/07/2026;15:00;34.5;0;SOLEIL;5;29.9;0
Montauban;44.01;1.35;20/07/2026;16:00;33.0;0;SOLEIL;5;30.2;0
Montauban;44.01;1.35;20/07/2026;17:00;32.6;0;SOLEIL;3;30.2;0
Montauban;44.01;1.35;20/07/2026;18:00;32.6;0;SOLEIL;3;29.2;0
Montauban;44.01;1.35;20/07/2026;19:00;32.6;0;SOLEIL;3;27.0;0
Montauban;44.01;1.35;20/07/2026;20:00;26.8;0;SOLEIL;5;24.8;0
Montauban;44.01;1.35;20/07/2026;21:00;25.2;0;SOLEIL;5;22.0;0
Montauban;44.01;1.35;20/07/2026;22:00;23.7;0;SOLEIL;5;19.1;0
Montauban;44.01;1.35;20/07/2026;23:00;22.6;0;SOLEIL;2;16.2;0
Montauban;44.01;1.35;21/07/2026;00:00;22.6;0;SOLEIL;2;14.0;0
Montauban;44.01;1.35;21/07/2026;01:00;22.6;0;SOLEIL;2;12.2;0
Montauban;44.01;1.35;21/07/2026;02:00;20;0;SOLEIL;5;10.8;0
Montauban;44.01;1.35;21/07/2026;03:00;20;0;SOLEIL;5;9.7;0
Montauban;44.01;1.35;21/07/2026;04:00;20;0;SOLEIL;5;9.4;0
Montauban;44.01;1.35;21/07/2026;05:00;21.4;0;SOLEIL;2;9.0;0
Montauban;44.01;1.35;21/07/2026;06:00;21.4;0;SOLEIL;2;8.3;0
Montauban;44.01;1.35;21/07/2026;07:00;21.4;0;SOLEIL;2;7.9;0
Montauban;44.01;1.35;21/07/2026;08:00;23.3;0;SOLEIL;5;8.6;0
Montauban;44.01;1.35;21/07/2026;09:00;25.0;0;SOLEIL;5;11.5;0
Montauban;44.01;1.35;21/07/2026;10:00;26.6;0;SOLEIL;5;15.5;0
Montauban;44.01;1.35;21/07/2026;11:00;31.4;0;SOLEIL;3;18.7;0
Montauban;44.01;1.35;21/07/2026;12:00;31.4;0;SOLEIL;3;20.5;0
Montauban;44.01;1.35;21/07/2026;13:00;31.4;0;SOLEIL;3;21.6;0
Montauban;44.01;1.35;21/07/2026;14:00;33.2;0;SOLEIL;5;22.7;0
Montauban;44.01;1.35;21/07/2026;15:00;34.9;0;SOLEIL;5;24.5;0
Montauban;44.01;1.35;21/07/2026;16:00;33.2;0;SOLEIL;5;26.3;0
Montauban;44.01;1.35;21/07/2026;17:00;33;0;SOLEIL;3;27.4;0
Montauban;44.01;1.35;21/07/2026;18:00;33;0;SOLEIL;3;27.7;0
Montauban;44.01;1.35;21/07/2026;19:00;33;0;SOLEIL;3;27.7;0
Montauban;44.01;1.35;21/07/2026;20:00;26.6;0;SOLEIL;5;25.9;0
Montauban;44.01;1.35;21/07/2026;21:00;25.0;0;SOLEIL;5;21.2;0
Montauban;44.01;1.35;21/07/2026;22:00;23.3;0;SOLEIL;5;15.1;0
Montauban;44.01;1.35;21/07/2026;23:00;23.5;0;SOLEIL;2;10.4;0
Montauban;44.01;1.35;22/07/2026;00:00;23.5;0;SOLEIL;2;8.3;0
Montauban;44.01;1.35;22/07/2026;01:00;23.5;0;SOLEIL;2;7.6;0
Montauban;44.01;1.35;22/07/2026;02:00;19.7;0;SOLEIL;5;6.8;0
Montauban;44.01;1.35;22/07/2026;03:00;19.7;0;SOLEIL;5;5.8;0
Montauban;44.01;1.35;22/07/2026;04:00;19.7;0;SOLEIL;5;4.7;0
Montauban;44.01;1.35;22/07/2026;05:00;21.1;0;SOLEIL;2;4.3;0
Montauban;44.01;1.35;22/07/2026;06:00;21.1;0;SOLEIL;2;4.3;0
Montauban;44.01;1.35;22/07/2026;07:00;21.1;0;SOLEIL;2;4.3;0
Montauban;44.01;1.35;22/07/2026;08:00;23.2;0;SOLEIL;5;5.4;0
Montauban;44.01;1.35;22/07/2026;09:00;24.9;0;SOLEIL;5;7.2;0
Montauban;44.01;1.35;22/07/2026;10:00;26.7;0;SOLEIL;5;10.1;0
Montauban;44.01;1.35;22/07/2026;11:00;31.5;0;SOLEIL;3;12.2;0
Montauban;44.01;1.35;22/07/2026;12:00;31.5;0;SOLEIL;3;14.0;0
Montauban;44.01;1.35;22/07/2026;13:00;31.5;0;SOLEIL;3;15.5;0
Montauban;44.01;1.35;22/07/2026;14:00;33.7;0;SOLEIL;5;16.9;0
Montauban;44.01;1.35;22/07/2026;15:00;35.4;0;SOLEIL;5;18.7;0
Montauban;44.01;1.35;22/07/2026;16:00;33.7;0;SOLEIL;5;20.5;0
Montauban;44.01;1.35;22/07/2026;17:00;33.5;0;SOLEIL;3;22.0;0
Montauban;44.01;1.35;22/07/2026;18:00;33.5;0;SOLEIL;3;23.0;0
Montauban;44.01;1.35;22/07/2026;19:00;33.5;0;SOLEIL;3;23.8;0
Montauban;44.01;1.35;22/07/2026;20:00;26.7;0;SOLEIL;5;23.0;0
Montauban;44.01;1.35;22/07/2026;21:00;24.9;0;SOLEIL;5;19.4;0
Montauban;44.01;1.35;22/07/2026;22:00;23.2;0;SOLEIL;5;14.0;0
Montauban;44.01;1.35;22/07/2026;23:00;22.9;0;SOLEIL;2;10.1;0
Montauban;44.01;1.35;23/07/2026;00:00;22.9;0;SOLEIL;2;14.5;0
Montauban;44.01;1.35;23/07/2026;01:00;22.9;0;SOLEIL;2;19.8;0
Montauban;44.01;1.35;23/07/2026;02:00;19.2;0;SOLEIL;5;24.5;0
Montauban;44.01;1.35;23/07/2026;03:00;19.2;0;SOLEIL;5;27.7;0
Montauban;44.01;1.35;23/07/2026;04:00;19.2;0;SOLEIL;5;24.8;0
Montauban;44.01;1.35;23/07/2026;05:00;21.1;0;SOLEIL;2;21.2;0
Montauban;44.01;1.35;23/07/2026;06:00;21.1;0;SOLEIL;2;18.4;0
Montauban;44.01;1.35;23/07/2026;07:00;21.1;0;SOLEIL;2;16.2;0
Montauban;44.01;1.35;23/07/2026;08:00;22.8;0;SOLEIL;5;15.1;0
Montauban;44.01;1.35;23/07/2026;09:00;24.6;0;SOLEIL;5;15.8;0
Montauban;44.01;1.35;23/07/2026;10:00;26.4;0;SOLEIL;5;18.0;0
Montauban;44.01;1.35;23/07/2026;11:00;32.5;0;SOLEIL;3;20.5;0
Montauban;44.01;1.35;23/07/2026;12:00;32.5;0;SOLEIL;3;23.8;0
Montauban;44.01;1.35;23/07/2026;13:00;32.5;0;SOLEIL;3;26.6;0
Montauban;44.01;1.35;23/07/2026;14:00;33.6;0;SOLEIL;5;28.8;0
Montauban;44.01;1.35;23/07/2026;15:00;35.4;0;SOLEIL;5;30.6;0
Montauban;44.01;1.35;23/07/2026;16:00;33.6;0;SOLEIL;5;32.0;0
Montauban;44.01;1.35;23/07/2026;17:00;33.1;0;SOLEIL;4;33.1;0
Montauban;44.01;1.35;23/07/2026;18:00;33.1;0;SOLEIL;4;34.2;0
Montauban;44.01;1.35;23/07/2026;19:00;33.1;0;SOLEIL;4;35.3;0
Montauban;44.01;1.35;23/07/2026;20:00;26.4;0;SOLEIL;5;35.6;0
Montauban;44.01;1.35;23/07/2026;21:00;24.6;0;SOLEIL;5;36.0;0
Montauban;44.01;1.35;23/07/2026;22:00;22.8;0;SOLEIL;5;36.0;0
Montauban;44.01;1.35;23/07/2026;23:00;23.7;0;SOLEIL;3;35.6;0
Montauban;44.01;1.35;24/07/2026;00:00;23.7;0;SOLEIL;3;34.9;0
Montauban;44.01;1.35;24/07/2026;01:00;23.7;0;SOLEIL;3;33.8;0
Montauban;44.01;1.35;24/07/2026;02:00;20.1;0;SOLEIL;5;32.4;0
Montauban;44.01;1.35;24/07/2026;03:00;20.1;0;SOLEIL;5;29.9;0
Montauban;44.01;1.35;24/07/2026;04:00;20.1;0;SOLEIL;5;25.9;0
Montauban;44.01;1.35;24/07/2026;05:00;21.5;0;SOLEIL;3;21.6;0
Montauban;44.01;1.35;24/07/2026;06:00;21.5;0;SOLEIL;3;17.6;0
Montauban;44.01;1.35;24/07/2026;07:00;21.5;0;SOLEIL;3;14.4;0
Montauban;44.01;1.35;24/07/2026;08:00;23.4;0;SOLEIL;5;13.0;0
Montauban;44.01;1.35;24/07/2026;09:00;25.0;0;SOLEIL;5;13.3;0
Montauban;44.01;1.35;24/07/2026;10:00;26.7;0;SOLEIL;5;15.5;0
Montauban;44.01;1.35;24/07/2026;11:00;32.2;0;SOLEIL;3;18.7;0
Montauban;44.01;1.35;24/07/2026;12:00;32.2;0;SOLEIL;3;22.0;0
Montauban;44.01;1.35;24/07/2026;13:00;32.2;0;SOLEIL;3;24.8;0
Montauban;44.01;1.35;24/07/2026;14:00;33.3;0;SOLEIL;5;26.6;0
Montauban;44.01;1.35;24/07/2026;15:00;34.9;0;SOLEIL;5;27.4;0
Montauban;44.01;1.35;24/07/2026;16:00;33.3;0;SOLEIL;5;27.7;0
Montauban;44.01;1.35;24/07/2026;17:00;32.4;0;SOLEIL;4;27.7;0
Montauban;44.01;1.35;24/07/2026;18:00;32.4;0;SOLEIL;4;27.4;0
Montauban;44.01;1.35;24/07/2026;19:00;32.4;0;SOLEIL;4;27.4;0
Montauban;44.01;1.35;24/07/2026;20:00;26.7;0;SOLEIL;5;27.0;0
Montauban;44.01;1.35;24/07/2026;21:00;25.0;0;SOLEIL;5;27.0;0
Montauban;44.01;1.35;24/07/2026;22:00;23.4;0;SOLEIL;5;27.0;0
Montauban;44.01;1.35;24/07/2026;23:00;23.2;0;SOLEIL;3;27.0;0
Montauban;44.01;1.35;25/07/2026;00:00;23.2;0;SOLEIL;3;26.6;0
Montauban;44.01;1.35;25/07/2026;01:00;23.2;0;SOLEIL;3;26.3;0
Montauban;44.01;1.35;25/07/2026;02:00;20.1;0;SOLEIL;5;25.2;0
Montauban;44.01;1.35;25/07/2026;03:00;20.1;0;SOLEIL;5;23.4;0
Montauban;44.01;1.35;25/07/2026;04:00;20.1;0;SOLEIL;5;20.9;0
Montauban;44.01;1.35;25/07/2026;05:00;;0;SOLEIL;;18.0;0
Montauban;44.01;1.35;25/07/2026;06:00;;0;SOLEIL;;15.5;0
Montauban;44.01;1.35;25/07/2026;07:00;;0;SOLEIL;;13.3;0
Montauban;44.01;1.35;25/07/2026;08:00;22.8;0;SOLEIL;5;12.6;0
Montauban;44.01;1.35;25/07/2026;09:00;24.2;0;SOLEIL;5;13.3;0
Montauban;44.01;1.35;25/07/2026;10:00;25.6;0;SOLEIL;5;15.1;0
Montauban;44.01;1.35;25/07/2026;11:00;;0;SOLEIL;;17.6;0
Montauban;44.01;1.35;25/07/2026;12:00;;0;SOLEIL;;20.2;0
Montauban;44.01;1.35;25/07/2026;13:00;;0;SOLEIL;;22.7;0
Montauban;44.01;1.35;25/07/2026;14:00;31.0;0;SOLEIL;5;24.8;0
Montauban;44.01;1.35;25/07/2026;15:00;32.4;0;SOLEIL;5;26.3;0
Montauban;44.01;1.35;25/07/2026;16:00;31.0;0;SOLEIL;5;28.1;0
Montauban;44.01;1.35;25/07/2026;17:00;;0;SOLEIL;;29.2;0
Montauban;44.01;1.35;25/07/2026;18:00;;0;SOLEIL;;30.6;0
Montauban;44.01;1.35;25/07/2026;19:00;;0;SOLEIL;;31.3;0
Montauban;44.01;1.35;25/07/2026;20:00;25.6;0;SOLEIL;5;32.0;0
Montauban;44.01;1.35;25/07/2026;21:00;24.2;0;SOLEIL;5;32.4;0
Montauban;44.01;1.35;25/07/2026;22:00;22.8;0;SOLEIL;5;32.4;0
Montauban;44.01;1.35;25/07/2026;23:00;;0;SOLEIL;;32.0;0
Montauban;44.01;1.35;26/07/2026;00:00;;0;SOLEIL;;31.7;0
Montauban;44.01;1.35;26/07/2026;01:00;;0;SOLEIL;;31.0;0
Montauban;44.01;1.35;26/07/2026;02:00;19.1;0;SOLEIL;5;30.2;0
Montauban;44.01;1.35;26/07/2026;03:00;19.1;0;SOLEIL;5;29.2;0
Montauban;44.01;1.35;26/07/2026;04:00;19.1;0;SOLEIL;5;27.7;0
Montauban;44.01;1.35;26/07/2026;05:00;;0;SOLEIL;;26.3;0
Montauban;44.01;1.35;26/07/2026;06:00;;0;SOLEIL;;24.8;0
Montauban;44.01;1.35;26/07/2026;07:00;;0;SOLEIL;;23.4;0
Montauban;44.01;1.35;26/07/2026;08:00;21.5;0;SOLEIL;5;22.3;0
Montauban;44.01;1.35;26/07/2026;09:00;22.7;0;SOLEIL;5;21.6;0
Montauban;44.01;1.35;26/07/2026;10:00;23.9;0;SOLEIL;5;21.2;0
Montauban;44.01;1.35;26/07/2026;11:00;;0;SOLEIL;;20.9;0
Montauban;44.01;1.35;26/07/2026;12:00;;0;SOLEIL;;20.9;0
Montauban;44.01;1.35;26/07/2026;13:00;;0;SOLEIL;;20.9;0
Montauban;44.01;1.35;26/07/2026;14:00;28.8;0;SOLEIL;5;20.9;0
Montauban;44.01;1.35;26/07/2026;15:00;30.0;0;SOLEIL;5;21.2;0
Montauban;44.01;1.35;26/07/2026;16:00;28.8;0;SOLEIL;5;21.6;0
Montauban;44.01;1.35;26/07/2026;17:00;;0;SOLEIL;;22.0;0
Montauban;44.01;1.35;26/07/2026;18:00;;0;SOLEIL;;22.7;0
Montauban;44.01;1.35;26/07/2026;19:00;;0;SOLEIL;;23.0;0
Montauban;44.01;1.35;26/07/2026;20:00;23.9;0;SOLEIL;5;23.4;0
Montauban;44.01;1.35;26/07/2026;21:00;22.7;0;SOLEIL;5;23.4;0
Montauban;44.01;1.35;26/07/2026;22:00;21.5;0;SOLEIL;5;23.4;0
Montauban;44.01;1.35;26/07/2026;23:00;;0;SOLEIL;;23.0;0
Montauban;44.01;1.35;27/07/2026;00:00;;0;SOLEIL;;23.0;0
Montauban;44.01;1.35;27/07/2026;01:00;;0;SOLEIL;;22.7;0
Montauban;44.01;1.35;27/07/2026;02:00;18.6;0;SOLEIL;5;23.0;0
Montauban;44.01;1.35;27/07/2026;03:00;18.6;0;SOLEIL;5;23.4;0
Montauban;44.01;1.35;27/07/2026;04:00;18.6;0;SOLEIL;5;24.1;0
Montauban;44.01;1.35;27/07/2026;05:00;;0;SOLEIL;;25.2;0
Montauban;44.01;1.35;27/07/2026;06:00;;0;SOLEIL;;25.9;0
Montauban;44.01;1.35;27/07/2026;07:00;;0;SOLEIL;;27.0;0
Montauban;44.01;1.35;27/07/2026;08:00;21.0;0;SOLEIL;5;28.1;0
Montauban;44.01;1.35;27/07/2026;09:00;22.1;0;SOLEIL;5;29.5;0
Montauban;44.01;1.35;27/07/2026;10:00;23.3;0;SOLEIL;5;31.0;0
Montauban;44.01;1.35;27/07/2026;11:00;;0;SOLEIL;;32.4;0
Montauban;44.01;1.35;27/07/2026;12:00;;0;SOLEIL;;34.2;0
Montauban;44.01;1.35;27/07/2026;13:00;;0;SOLEIL;;35.3;0
Montauban;44.01;1.35;27/07/2026;14:00;28.0;0;SOLEIL;5;36.4;0
Montauban;44.01;1.35;27/07/2026;15:00;29.2;0;SOLEIL;5;37.1;0
Montauban;44.01;1.35;27/07/2026;16:00;28.0;0;SOLEIL;5;37.8;0
Montauban;44.01;1.35;27/07/2026;17:00;;0;SOLEIL;;38.2;0
Montauban;44.01;1.35;27/07/2026;18:00;;0;SOLEIL;;38.2;0
Montauban;44.01;1.35;27/07/2026;19:00;;0;SOLEIL;;37.8;0
Montauban;44.01;1.35;27/07/2026;20:00;23.3;0;SOLEIL;5;36.7;0
Montauban;44.01;1.35;27/07/2026;21:00;22.1;0;SOLEIL;5;34.9;0
Montauban;44.01;1.35;27/07/2026;22:00;21.0;0;SOLEIL;5;32.4;0
Montauban;44.01;1.35;27/07/2026;23:00;;0;SOLEIL;;29.5;0
Montauban;44.01;1.35;28/07/2026;00:00;;0;SOLEIL;;26.3;0
Montauban;44.01;1.35;28/07/2026;01:00;;0;SOLEIL;;23.4;0
Montauban;44.01;1.35;28/07/2026;02:00;18.6;0;SOLEIL;5;21.2;0
Montauban;44.01;1.35;28/07/2026;03:00;18.6;0;SOLEIL;5;19.4;0
Montauban;44.01;1.35;28/07/2026;04:00;18.6;0;SOLEIL;5;17.6;0
Montauban;44.01;1.35;28/07/2026;05:00;;0;SOLEIL;;16.2;0
Montauban;44.01;1.35;28/07/2026;06:00;;0;SOLEIL;;15.1;0
Montauban;44.01;1.35;28/07/2026;07:00;;0;SOLEIL;;14.4;0
Montauban;44.01;1.35;28/07/2026;08:00;21.0;0;SOLEIL;5;14.0;0
Montauban;44.01;1.35;28/07/2026;09:00;22.2;0;SOLEIL;5;14.4;0
Montauban;44.01;1.35;28/07/2026;10:00;23.4;0;SOLEIL;5;15.1;0
Montauban;44.01;1.35;28/07/2026;11:00;;0;SOLEIL;;16.6;0
Montauban;44.01;1.35;28/07/2026;12:00;;0;SOLEIL;;18.0;0
Montauban;44.01;1.35;28/07/2026;13:00;;0;SOLEIL;;19.4;0
Montauban;44.01;1.35;28/07/2026;14:00;28.2;0;SOLEIL;5;20.9;0
Montauban;44.01;1.35;28/07/2026;15:00;29.4;0;SOLEIL;5;22.0;0
Montauban;44.01;1.35;28/07/2026;16:00;28.2;0;SOLEIL;5;23.4;0
Montauban;44.01;1.35;28/07/2026;17:00;;0;SOLEIL;;24.8;0
Montauban;44.01;1.35;28/07/2026;18:00;;0;SOLEIL;;25.9;0
Montauban;44.01;1.35;28/07/2026;19:00;;0;SOLEIL;;26.6;0
Montauban;44.01;1.35;28/07/2026;20:00;23.4;0;SOLEIL;5;27.4;0
Montauban;44.01;1.35;28/07/2026;21:00;22.2;0;SOLEIL;5;27.4;0
Montauban;44.01;1.35;28/07/2026;22:00;21.0;0;SOLEIL;5;27.4;0
Montauban;44.01;1.35;28/07/2026;23:00;;0;SOLEIL;;27.0;0
Montauban;44.01;1.35;29/07/2026;00:00;;0;SOLEIL;;26.3;0
Montauban;44.01;1.35;29/07/2026;01:00;;0;SOLEIL;;25.6;0
Montauban;44.01;1.35;29/07/2026;02:00;17.7;0;SOLEIL;5;25.2;0
Montauban;44.01;1.35;29/07/2026;03:00;17.7;0;SOLEIL;5;24.8;0
Montauban;44.01;1.35;29/07/2026;04:00;17.7;0;SOLEIL;5;24.1;0
Montauban;44.01;1.35;29/07/2026;05:00;;0;SOLEIL;;23.8;0
Montauban;44.01;1.35;29/07/2026;06:00;;0;SOLEIL;;23.4;0
Montauban;44.01;1.35;29/07/2026;07:00;;0;SOLEIL;;23.0;0
Montauban;44.01;1.35;29/07/2026;08:00;20.4;0;SOLEIL;5;23.0;0
Montauban;44.01;1.35;29/07/2026;09:00;21.8;0;SOLEIL;5;23.4;0
Montauban;44.01;1.35;29/07/2026;10:00;23.2;0;SOLEIL;5;23.8;0
Montauban;44.01;1.35;29/07/2026;11:00;;0;SOLEIL;;24.5;0
Montauban;44.01;1.35;29/07/2026;12:00;;0;SOLEIL;;25.2;0
Montauban;44.01;1.35;29/07/2026;13:00;;0;SOLEIL;;25.9;0
Montauban;44.01;1.35;29/07/2026;14:00;28.6;0;SOLEIL;5;26.6;0
Montauban;44.01;1.35;29/07/2026;15:00;30.0;0;SOLEIL;5;27.0;0
Montauban;44.01;1.35;29/07/2026;16:00;28.6;0;SOLEIL;5;27.4;0
Montauban;44.01;1.35;29/07/2026;17:00;;0;SOLEIL;;27.7;0
Montauban;44.01;1.35;29/07/2026;18:00;;0;SOLEIL;;28.1;0
Montauban;44.01;1.35;29/07/2026;19:00;;0;SOLEIL;;28.4;0
Montauban;44.01;1.35;29/07/2026;20:00;23.2;0;SOLEIL;5;29.2;0
Montauban;44.01;1.35;29/07/2026;21:00;21.8;0;SOLEIL;5;30.2;0
Montauban;44.01;1.35;29/07/2026;22:00;20.4;0;SOLEIL;5;31.7;0
Montauban;44.01;1.35;29/07/2026;23:00;19.1;0;SOLEIL;5;33.1;0
Montauban;44.01;1.35;30/07/2026;00:00;12;0;SOLEIL;5;34.6;0
Montauban;44.01;1.35;30/07/2026;01:00;12;0;SOLEIL;5;35.3;0
Montauban;44.01;1.35;30/07/2026;02:00;12;0;SOLEIL;5;35.3;0
Montauban;44.01;1.35;30/07/2026;03:00;12;0;SOLEIL;5;34.2;0
Montauban;44.01;1.35;30/07/2026;04:00;12;0;SOLEIL;5;32.0;0
Montauban;44.01;1.35;30/07/2026;05:00;12;0;SOLEIL;5;29.5;0
Montauban;44.01;1.35;30/07/2026;06:00;12;0;SOLEIL;5;26.6;0
Montauban;44.01;1.35;30/07/2026;07:00;13.1;0;SOLEIL;5;24.5;0
Montauban;44.01;1.35;30/07/2026;08:00;14.2;0;SOLEIL;5;22.7;0
Montauban;44.01;1.35;30/07/2026;09:00;15.3;0;SOLEIL;5;21.6;0
Montauban;44.01;1.35;30/07/2026;10:00;16.4;0;SOLEIL;5;21.2;0
Montauban;44.01;1.35;30/07/2026;11:00;17.6;0;SOLEIL;5;21.2;0
Montauban;44.01;1.35;30/07/2026;12:00;18.7;0;SOLEIL;5;19.4;0
Montauban;44.01;1.35;30/07/2026;13:00;19.8;0;SOLEIL;5;16.9;0
Montauban;44.01;1.35;30/07/2026;14:00;20.9;0;SOLEIL;5;14.8;0
Montauban;44.01;1.35;30/07/2026;15:00;22.0;0;SOLEIL;5;14.0;0
Montauban;44.01;1.35;30/07/2026;16:00;20.9;0;SOLEIL;5;16.6;0
Montauban;44.01;1.35;30/07/2026;17:00;19.8;0;SOLEIL;5;18.7;0
Montauban;44.01;1.35;30/07/2026;18:00;18.7;0;SOLEIL;5;20.2;0
Montauban;44.01;1.35;30/07/2026;19:00;17.6;0;SOLEIL;5;21.6;0
Montauban;44.01;1.35;30/07/2026;20:00;16.4;0;SOLEIL;5;22.7;0
Montauban;44.01;1.35;30/07/2026;21:00;15.3;0;SOLEIL;5;22.7;0
Montauban;44.01;1.35;30/07/2026;22:00;14.2;0;SOLEIL;5;22.3;0
Montauban;44.01;1.35;30/07/2026;23:00;13.1;0;SOLEIL;5;23.0;0
Montauban;44.01;1.35;31/07/2026;00:00;12;0;SOLEIL;5;0.0;0
Montauban;44.01;1.35;31/07/2026;01:00;12;0;SOLEIL;5;0.0;0
Montauban;44.01;1.35;31/07/2026;02:00;12;0;SOLEIL;5;0.0;0
Montauban;44.01;1.35;31/07/2026;03:00;12;0;SOLEIL;5;0.0;0
Montauban;44.01;1.35;31/07/2026;04:00;12;0;SOLEIL;5;0.0;0
Montauban;44.01;1.35;31/07/2026;05:00;12;0;SOLEIL;5;0.0;0
Montauban;44.01;1.35;31/07/2026;06:00;12;0;SOLEIL;5;0.0;0
Montauban;44.01;1.35;31/07/2026;07:00;13.1;0;SOLEIL;5;0.0;0
Montauban;44.01;1.35;31/07/2026;08:00;14.2;0;SOLEIL;5;0.0;0
Montauban;44.01;1.35;31/07/2026;09:00;15.3;0;SOLEIL;5;0.0;0
Montauban;44.01;1.35;31/07/2026;10:00;16.4;0;SOLEIL;5;0.0;0
Montauban;44.01;1.35;31/07/2026;11:00;17.6;0;SOLEIL;5;0.0;0
Montauban;44.01;1.35;31/07/2026;12:00;18.7;0;SOLEIL;5;0.0;0
Montauban;44.01;1.35;31/07/2026;13:00;19.8;0;SOLEIL;5;0.0;0
Montauban;44.01;1.35;31/07/2026;14:00;20.9;0;SOLEIL;5;0.0;0
Montauban;44.01;1.35;31/07/2026;15:00;22.0;0;SOLEIL;5;0.0;0
Montauban;44.01;1.35;31/07/2026;16:00;20.9;0;SOLEIL;5;0.0;0
Montauban;44.01;1.35;31/07/2026;17:00;19.8;0;SOLEIL;5;0.0;0
Montauban;44.01;1.35;31/07/2026;18:00;18.7;0;SOLEIL;5;0.0;0
Montauban;44.01;1.35;31/07/2026;19:00;17.6;0;SOLEIL;5;0.0;0
Montauban;44.01;1.35;31/07/2026;20:00;16.4;0;SOLEIL;5;0.0;0
Montauban;44.01;1.35;31/07/2026;21:00;15.3;0;SOLEIL;5;0.0;0
Montauban;44.01;1.35;31/07/2026;22:00;14.2;0;SOLEIL;5;0.0;0
Montauban;44.01;1.35;31/07/2026;23:00;13.1;0;SOLEIL;5;0.0;0
