Ville;Latitude;Longitude;Date;Heure;temperature_2m;weathercode;Temps_Label;windspeed_10m;wind_gusts_10m;precipitation
Bourg-en-Bresse;46.2;5.22;17/07/2026;00:00;22;6;AVERSES;3;28.1;2
Bourg-en-Bresse;46.2;5.22;17/07/2026;01:00;21.4;6;AVERSES;3;32.4;0.4
Bourg-en-Bresse;46.2;5.22;17/07/2026;02:00;21.5;2;NUAGEUX;3;19.1;0
Bourg-en-Bresse;46.2;5.22;17/07/2026;03:00;21.2;0;SOLEIL;2;18.0;0
Bourg-en-Bresse;46.2;5.22;17/07/2026;04:00;21;0;SOLEIL;3;16.9;0
Bourg-en-Bresse;46.2;5.22;17/07/2026;05:00;21;0;SOLEIL;2;18.7;0
Bourg-en-Bresse;46.2;5.22;17/07/2026;06:00;21.7;0;SOLEIL;2;16.6;0
Bourg-en-Bresse;46.2;5.22;17/07/2026;07:00;22.1;0;SOLEIL;1;11.5;0
Bourg-en-Bresse;46.2;5.22;17/07/2026;08:00;24;0;SOLEIL;2;11.5;0
Bourg-en-Bresse;46.2;5.22;17/07/2026;09:00;25.7;0;SOLEIL;3;10.1;0
Bourg-en-Bresse;46.2;5.22;17/07/2026;10:00;26.7;0;SOLEIL;3;9.0;0
Bourg-en-Bresse;46.2;5.22;17/07/2026;11:00;28.5;6;AVERSES;3;7.6;0.1
Bourg-en-Bresse;46.2;5.22;17/07/2026;12:00;29.6;6;AVERSES;3;10.8;0.1
Bourg-en-Bresse;46.2;5.22;17/07/2026;13:00;29.7;6;AVERSES;3;20.5;0.1
Bourg-en-Bresse;46.2;5.22;17/07/2026;14:00;29.2;6;AVERSES;3;28.8;0.1
Bourg-en-Bresse;46.2;5.22;17/07/2026;15:00;30;10;ORAGEUX;4;26.3;0.1
Bourg-en-Bresse;46.2;5.22;17/07/2026;16:00;28.9;10;ORAGEUX;5;25.6;0.7
Bourg-en-Bresse;46.2;5.22;17/07/2026;17:00;28.5;10;ORAGEUX;4;50.8;0.1
Bourg-en-Bresse;46.2;5.22;17/07/2026;18:00;28.4;10;ORAGEUX;3;41.8;0.1
Bourg-en-Bresse;46.2;5.22;17/07/2026;19:00;27.1;10;ORAGEUX;3;31.7;0.1
Bourg-en-Bresse;46.2;5.22;17/07/2026;20:00;25.4;10;ORAGEUX;3;23.0;0.1
Bourg-en-Bresse;46.2;5.22;17/07/2026;21:00;24.5;0;SOLEIL;3;14.0;0
Bourg-en-Bresse;46.2;5.22;17/07/2026;22:00;23.4;0;SOLEIL;2;11.2;0
Bourg-en-Bresse;46.2;5.22;17/07/2026;23:00;22.9;0;SOLEIL;3;11.2;0
Bourg-en-Bresse;46.2;5.22;18/07/2026;00:00;22.5;0;SOLEIL;2;8.6;0
Bourg-en-Bresse;46.2;5.22;18/07/2026;01:00;22.5;0;SOLEIL;2;7.2;0
Bourg-en-Bresse;46.2;5.22;18/07/2026;02:00;20.2;0;SOLEIL;1;7.6;0
Bourg-en-Bresse;46.2;5.22;18/07/2026;03:00;20.2;0;SOLEIL;1;5.4;0
Bourg-en-Bresse;46.2;5.22;18/07/2026;04:00;20.2;0;SOLEIL;1;6.1;0
Bourg-en-Bresse;46.2;5.22;18/07/2026;05:00;21.2;0;SOLEIL;1;9.0;0
Bourg-en-Bresse;46.2;5.22;18/07/2026;06:00;21.2;0;SOLEIL;1;4.7;0
Bourg-en-Bresse;46.2;5.22;18/07/2026;07:00;21.2;0;SOLEIL;1;5.4;0
Bourg-en-Bresse;46.2;5.22;18/07/2026;08:00;25.5;0;SOLEIL;2;5.0;0
Bourg-en-Bresse;46.2;5.22;18/07/2026;09:00;25.5;0;SOLEIL;2;9.4;0
Bourg-en-Bresse;46.2;5.22;18/07/2026;10:00;25.5;0;SOLEIL;2;13.0;0
Bourg-en-Bresse;46.2;5.22;18/07/2026;11:00;28.1;0;SOLEIL;2;17.3;0
Bourg-en-Bresse;46.2;5.22;18/07/2026;12:00;28.1;0;SOLEIL;2;18.3;0
Bourg-en-Bresse;46.2;5.22;18/07/2026;13:00;28.1;0;SOLEIL;2;21.8;0
Bourg-en-Bresse;46.2;5.22;18/07/2026;14:00;29.1;0;SOLEIL;2;25.2;0
Bourg-en-Bresse;46.2;5.22;18/07/2026;15:00;29.1;0;SOLEIL;2;24.5;0
Bourg-en-Bresse;46.2;5.22;18/07/2026;16:00;29.1;0;SOLEIL;2;23.8;0
Bourg-en-Bresse;46.2;5.22;18/07/2026;17:00;27.6;0;SOLEIL;2;27.4;0
Bourg-en-Bresse;46.2;5.22;18/07/2026;18:00;27.6;0;SOLEIL;2;28.4;0
Bourg-en-Bresse;46.2;5.22;18/07/2026;19:00;27.6;0;SOLEIL;2;27.7;0
Bourg-en-Bresse;46.2;5.22;18/07/2026;20:00;23.9;0;SOLEIL;1;30.2;0
Bourg-en-Bresse;46.2;5.22;18/07/2026;21:00;23.9;0;SOLEIL;1;33.5;0
Bourg-en-Bresse;46.2;5.22;18/07/2026;22:00;23.9;0;SOLEIL;1;28.8;0
Bourg-en-Bresse;46.2;5.22;18/07/2026;23:00;22.6;0;SOLEIL;1;19.1;0
Bourg-en-Bresse;46.2;5.22;19/07/2026;00:00;22.6;0;SOLEIL;1;16.9;0
Bourg-en-Bresse;46.2;5.22;19/07/2026;01:00;22.6;0;SOLEIL;1;14.8;0
Bourg-en-Bresse;46.2;5.22;19/07/2026;02:00;21;0;SOLEIL;1;9.7;0
Bourg-en-Bresse;46.2;5.22;19/07/2026;03:00;21;0;SOLEIL;1;6.5;0
Bourg-en-Bresse;46.2;5.22;19/07/2026;04:00;21;0;SOLEIL;1;7.2;0
Bourg-en-Bresse;46.2;5.22;19/07/2026;05:00;21.9;0;SOLEIL;0;6.8;0
Bourg-en-Bresse;46.2;5.22;19/07/2026;06:00;21.9;0;SOLEIL;0;5.8;0
Bourg-en-Bresse;46.2;5.22;19/07/2026;07:00;21.9;0;SOLEIL;0;6.8;0
Bourg-en-Bresse;46.2;5.22;19/07/2026;08:00;25.7;0;SOLEIL;3;8.3;0
Bourg-en-Bresse;46.2;5.22;19/07/2026;09:00;25.7;0;SOLEIL;3;10.8;0
Bourg-en-Bresse;46.2;5.22;19/07/2026;10:00;25.7;0;SOLEIL;3;35.3;0
Bourg-en-Bresse;46.2;5.22;19/07/2026;11:00;27.2;0;SOLEIL;4;40.0;0
Bourg-en-Bresse;46.2;5.22;19/07/2026;12:00;27.2;0;SOLEIL;4;39.6;0
Bourg-en-Bresse;46.2;5.22;19/07/2026;13:00;27.2;0;SOLEIL;4;39.2;0
Bourg-en-Bresse;46.2;5.22;19/07/2026;14:00;27.1;0;SOLEIL;4;38.2;0
Bourg-en-Bresse;46.2;5.22;19/07/2026;15:00;27.1;0;SOLEIL;4;40.0;0
Bourg-en-Bresse;46.2;5.22;19/07/2026;16:00;27.1;0;SOLEIL;4;40.3;0
Bourg-en-Bresse;46.2;5.22;19/07/2026;17:00;26.4;0;SOLEIL;4;40.3;0
Bourg-en-Bresse;46.2;5.22;19/07/2026;18:00;26.4;0;SOLEIL;4;39.6;0
Bourg-en-Bresse;46.2;5.22;19/07/2026;19:00;26.4;0;SOLEIL;4;38.9;0
Bourg-en-Bresse;46.2;5.22;19/07/2026;20:00;23.8;0;SOLEIL;5;38.9;0
Bourg-en-Bresse;46.2;5.22;19/07/2026;21:00;22.9;0;SOLEIL;5;37.1;0
Bourg-en-Bresse;46.2;5.22;19/07/2026;22:00;22.0;0;SOLEIL;5;34.6;0
Bourg-en-Bresse;46.2;5.22;19/07/2026;23:00;19.6;0;SOLEIL;4;32.0;0
Bourg-en-Bresse;46.2;5.22;20/07/2026;00:00;19.6;0;SOLEIL;4;30.2;0
Bourg-en-Bresse;46.2;5.22;20/07/2026;01:00;19.6;0;SOLEIL;4;28.4;0
Bourg-en-Bresse;46.2;5.22;20/07/2026;02:00;18.6;0;SOLEIL;5;26.6;0
Bourg-en-Bresse;46.2;5.22;20/07/2026;03:00;18.6;0;SOLEIL;5;24.5;0
Bourg-en-Bresse;46.2;5.22;20/07/2026;04:00;18.6;0;SOLEIL;5;22.3;0
Bourg-en-Bresse;46.2;5.22;20/07/2026;05:00;19.4;0;SOLEIL;3;21.6;0
Bourg-en-Bresse;46.2;5.22;20/07/2026;06:00;19.4;0;SOLEIL;3;23.8;0
Bourg-en-Bresse;46.2;5.22;20/07/2026;07:00;19.4;0;SOLEIL;3;27.7;0
Bourg-en-Bresse;46.2;5.22;20/07/2026;08:00;20.8;0;SOLEIL;5;31.3;0
Bourg-en-Bresse;46.2;5.22;20/07/2026;09:00;21.9;0;SOLEIL;5;34.2;0
Bourg-en-Bresse;46.2;5.22;20/07/2026;10:00;23.0;0;SOLEIL;5;37.1;0
Bourg-en-Bresse;46.2;5.22;20/07/2026;11:00;26.7;0;SOLEIL;4;39.2;0
Bourg-en-Bresse;46.2;5.22;20/07/2026;12:00;26.7;0;SOLEIL;4;40.7;0
Bourg-en-Bresse;46.2;5.22;20/07/2026;13:00;26.7;0;SOLEIL;4;41.8;0
Bourg-en-Bresse;46.2;5.22;20/07/2026;14:00;27.5;0;SOLEIL;5;42.5;0
Bourg-en-Bresse;46.2;5.22;20/07/2026;15:00;28.6;0;SOLEIL;5;42.5;0
Bourg-en-Bresse;46.2;5.22;20/07/2026;16:00;27.5;0;SOLEIL;5;42.5;0
Bourg-en-Bresse;46.2;5.22;20/07/2026;17:00;26.1;0;SOLEIL;5;42.1;0
Bourg-en-Bresse;46.2;5.22;20/07/2026;18:00;26.1;0;SOLEIL;5;42.5;0
Bourg-en-Bresse;46.2;5.22;20/07/2026;19:00;26.1;0;SOLEIL;5;43.2;0
Bourg-en-Bresse;46.2;5.22;20/07/2026;20:00;23.0;0;SOLEIL;5;41.8;0
Bourg-en-Bresse;46.2;5.22;20/07/2026;21:00;21.9;0;SOLEIL;5;37.1;0
Bourg-en-Bresse;46.2;5.22;20/07/2026;22:00;20.8;0;SOLEIL;5;30.2;0
Bourg-en-Bresse;46.2;5.22;20/07/2026;23:00;20.2;0;SOLEIL;4;25.2;0
Bourg-en-Bresse;46.2;5.22;21/07/2026;00:00;20.2;0;SOLEIL;4;23.4;0
Bourg-en-Bresse;46.2;5.22;21/07/2026;01:00;20.2;0;SOLEIL;4;22.7;0
Bourg-en-Bresse;46.2;5.22;21/07/2026;02:00;17.9;0;SOLEIL;5;22.7;0
Bourg-en-Bresse;46.2;5.22;21/07/2026;03:00;17.9;0;SOLEIL;5;22.3;0
Bourg-en-Bresse;46.2;5.22;21/07/2026;04:00;17.9;0;SOLEIL;5;22.0;0
Bourg-en-Bresse;46.2;5.22;21/07/2026;05:00;19;0;SOLEIL;3;22.7;0
Bourg-en-Bresse;46.2;5.22;21/07/2026;06:00;19;0;SOLEIL;3;24.5;0
Bourg-en-Bresse;46.2;5.22;21/07/2026;07:00;19;0;SOLEIL;3;27.0;0
Bourg-en-Bresse;46.2;5.22;21/07/2026;08:00;20.3;0;SOLEIL;5;30.6;0
Bourg-en-Bresse;46.2;5.22;21/07/2026;09:00;21.5;0;SOLEIL;5;35.3;0
Bourg-en-Bresse;46.2;5.22;21/07/2026;10:00;22.7;0;SOLEIL;5;41.0;0
Bourg-en-Bresse;46.2;5.22;21/07/2026;11:00;26.5;0;SOLEIL;5;45.4;0
Bourg-en-Bresse;46.2;5.22;21/07/2026;12:00;26.5;0;SOLEIL;5;47.8;0
Bourg-en-Bresse;46.2;5.22;21/07/2026;13:00;26.5;0;SOLEIL;5;49.5;0
Bourg-en-Bresse;46.2;5.22;21/07/2026;14:00;27.5;0;SOLEIL;5;50.9;0
Bourg-en-Bresse;46.2;5.22;21/07/2026;15:00;28.7;0;SOLEIL;5;52.2;0
Bourg-en-Bresse;46.2;5.22;21/07/2026;16:00;27.5;0;SOLEIL;5;52.6;0
Bourg-en-Bresse;46.2;5.22;21/07/2026;17:00;26.1;0;SOLEIL;5;52.2;0
Bourg-en-Bresse;46.2;5.22;21/07/2026;18:00;26.1;0;SOLEIL;5;51.1;0
Bourg-en-Bresse;46.2;5.22;21/07/2026;19:00;26.1;0;SOLEIL;5;49.0;0
Bourg-en-Bresse;46.2;5.22;21/07/2026;20:00;22.7;0;SOLEIL;5;45.0;0
Bourg-en-Bresse;46.2;5.22;21/07/2026;21:00;21.5;0;SOLEIL;5;37.1;0
Bourg-en-Bresse;46.2;5.22;21/07/2026;22:00;20.3;0;SOLEIL;5;27.4;0
Bourg-en-Bresse;46.2;5.22;21/07/2026;23:00;20.4;0;SOLEIL;3;19.8;0
Bourg-en-Bresse;46.2;5.22;22/07/2026;00:00;20.4;0;SOLEIL;3;16.9;0
Bourg-en-Bresse;46.2;5.22;22/07/2026;01:00;20.4;0;SOLEIL;3;16.2;0
Bourg-en-Bresse;46.2;5.22;22/07/2026;02:00;18.1;0;SOLEIL;5;15.5;0
Bourg-en-Bresse;46.2;5.22;22/07/2026;03:00;18.1;0;SOLEIL;5;14.4;0
Bourg-en-Bresse;46.2;5.22;22/07/2026;04:00;18.1;0;SOLEIL;5;13.3;0
Bourg-en-Bresse;46.2;5.22;22/07/2026;05:00;18.9;0;SOLEIL;3;12.2;0
Bourg-en-Bresse;46.2;5.22;22/07/2026;06:00;18.9;0;SOLEIL;3;11.2;0
Bourg-en-Bresse;46.2;5.22;22/07/2026;07:00;18.9;0;SOLEIL;3;10.1;0
Bourg-en-Bresse;46.2;5.22;22/07/2026;08:00;20.5;0;SOLEIL;5;10.4;0
Bourg-en-Bresse;46.2;5.22;22/07/2026;09:00;21.6;0;SOLEIL;5;13.0;0
Bourg-en-Bresse;46.2;5.22;22/07/2026;10:00;22.8;0;SOLEIL;5;16.6;0
Bourg-en-Bresse;46.2;5.22;22/07/2026;11:00;26.7;0;SOLEIL;3;20.2;0
Bourg-en-Bresse;46.2;5.22;22/07/2026;12:00;26.7;0;SOLEIL;3;23.0;0
Bourg-en-Bresse;46.2;5.22;22/07/2026;13:00;26.7;0;SOLEIL;3;25.6;0
Bourg-en-Bresse;46.2;5.22;22/07/2026;14:00;27.5;0;SOLEIL;5;27.4;0
Bourg-en-Bresse;46.2;5.22;22/07/2026;15:00;28.7;0;SOLEIL;5;28.4;0
Bourg-en-Bresse;46.2;5.22;22/07/2026;16:00;27.5;0;SOLEIL;5;28.8;0
Bourg-en-Bresse;46.2;5.22;22/07/2026;17:00;27.2;0;SOLEIL;4;28.8;0
Bourg-en-Bresse;46.2;5.22;22/07/2026;18:00;27.2;0;SOLEIL;4;28.8;0
Bourg-en-Bresse;46.2;5.22;22/07/2026;19:00;27.2;0;SOLEIL;4;28.1;0
Bourg-en-Bresse;46.2;5.22;22/07/2026;20:00;22.8;0;SOLEIL;5;26.3;0
Bourg-en-Bresse;46.2;5.22;22/07/2026;21:00;21.6;0;SOLEIL;5;22.3;0
Bourg-en-Bresse;46.2;5.22;22/07/2026;22:00;20.5;0;SOLEIL;5;16.9;0
Bourg-en-Bresse;46.2;5.22;22/07/2026;23:00;21.7;0;SOLEIL;3;13.0;0
Bourg-en-Bresse;46.2;5.22;23/07/2026;00:00;21.7;0;SOLEIL;3;11.5;0
Bourg-en-Bresse;46.2;5.22;23/07/2026;01:00;21.7;0;SOLEIL;3;11.2;0
Bourg-en-Bresse;46.2;5.22;23/07/2026;02:00;18.7;0;SOLEIL;5;10.8;0
Bourg-en-Bresse;46.2;5.22;23/07/2026;03:00;18.7;0;SOLEIL;5;9.0;0
Bourg-en-Bresse;46.2;5.22;23/07/2026;04:00;18.7;0;SOLEIL;5;7.2;0
Bourg-en-Bresse;46.2;5.22;23/07/2026;05:00;19.6;0;SOLEIL;3;5.8;0
Bourg-en-Bresse;46.2;5.22;23/07/2026;06:00;19.6;0;SOLEIL;3;5.0;0
Bourg-en-Bresse;46.2;5.22;23/07/2026;07:00;19.6;0;SOLEIL;3;5.0;0
Bourg-en-Bresse;46.2;5.22;23/07/2026;08:00;21.0;0;SOLEIL;5;6.1;0
Bourg-en-Bresse;46.2;5.22;23/07/2026;09:00;22.2;0;SOLEIL;5;9.4;0
Bourg-en-Bresse;46.2;5.22;23/07/2026;10:00;23.4;0;SOLEIL;5;14.0;0
Bourg-en-Bresse;46.2;5.22;23/07/2026;11:00;27.6;0;SOLEIL;4;19.1;0
Bourg-en-Bresse;46.2;5.22;23/07/2026;12:00;27.6;0;SOLEIL;4;24.5;0
Bourg-en-Bresse;46.2;5.22;23/07/2026;13:00;27.6;0;SOLEIL;4;30.2;0
Bourg-en-Bresse;46.2;5.22;23/07/2026;14:00;28.0;0;SOLEIL;5;33.8;0
Bourg-en-Bresse;46.2;5.22;23/07/2026;15:00;29.2;0;SOLEIL;5;34.6;0
Bourg-en-Bresse;46.2;5.22;23/07/2026;16:00;28.0;0;SOLEIL;5;33.8;0
Bourg-en-Bresse;46.2;5.22;23/07/2026;17:00;27.5;0;SOLEIL;5;32.0;0
Bourg-en-Bresse;46.2;5.22;23/07/2026;18:00;27.5;0;SOLEIL;5;30.2;0
Bourg-en-Bresse;46.2;5.22;23/07/2026;19:00;27.5;0;SOLEIL;5;27.4;0
Bourg-en-Bresse;46.2;5.22;23/07/2026;20:00;23.4;0;SOLEIL;5;23.8;0
Bourg-en-Bresse;46.2;5.22;23/07/2026;21:00;22.2;0;SOLEIL;5;17.6;0
Bourg-en-Bresse;46.2;5.22;23/07/2026;22:00;21.0;0;SOLEIL;5;10.1;0
Bourg-en-Bresse;46.2;5.22;23/07/2026;23:00;21.7;0;SOLEIL;3;5.0;0
Bourg-en-Bresse;46.2;5.22;24/07/2026;00:00;21.7;0;SOLEIL;3;12.8;0
Bourg-en-Bresse;46.2;5.22;24/07/2026;01:00;21.7;0;SOLEIL;3;21.2;0
Bourg-en-Bresse;46.2;5.22;24/07/2026;02:00;19;0;SOLEIL;5;27.8;0
Bourg-en-Bresse;46.2;5.22;24/07/2026;03:00;19;0;SOLEIL;5;32.8;0
Bourg-en-Bresse;46.2;5.22;24/07/2026;04:00;19;0;SOLEIL;5;30.2;0
Bourg-en-Bresse;46.2;5.22;24/07/2026;05:00;20.4;0;SOLEIL;2;28.1;0
Bourg-en-Bresse;46.2;5.22;24/07/2026;06:00;20.4;0;SOLEIL;2;25.9;0
Bourg-en-Bresse;46.2;5.22;24/07/2026;07:00;20.4;0;SOLEIL;2;23.8;0
Bourg-en-Bresse;46.2;5.22;24/07/2026;08:00;21.7;0;SOLEIL;5;22.3;0
Bourg-en-Bresse;46.2;5.22;24/07/2026;09:00;23.0;0;SOLEIL;5;21.2;0
Bourg-en-Bresse;46.2;5.22;24/07/2026;10:00;24.4;0;SOLEIL;5;20.9;0
Bourg-en-Bresse;46.2;5.22;24/07/2026;11:00;29.5;0;SOLEIL;3;20.5;0
Bourg-en-Bresse;46.2;5.22;24/07/2026;12:00;29.5;0;SOLEIL;3;20.2;0
Bourg-en-Bresse;46.2;5.22;24/07/2026;13:00;29.5;0;SOLEIL;3;20.2;0
Bourg-en-Bresse;46.2;5.22;24/07/2026;14:00;29.8;0;SOLEIL;5;20.2;0
Bourg-en-Bresse;46.2;5.22;24/07/2026;15:00;31.1;0;SOLEIL;5;20.2;0
Bourg-en-Bresse;46.2;5.22;24/07/2026;16:00;29.8;0;SOLEIL;5;20.5;0
Bourg-en-Bresse;46.2;5.22;24/07/2026;17:00;28.2;0;SOLEIL;3;21.2;0
Bourg-en-Bresse;46.2;5.22;24/07/2026;18:00;28.2;0;SOLEIL;3;21.6;0
Bourg-en-Bresse;46.2;5.22;24/07/2026;19:00;28.2;0;SOLEIL;3;22.0;0
Bourg-en-Bresse;46.2;5.22;24/07/2026;20:00;24.4;0;SOLEIL;5;22.0;0
Bourg-en-Bresse;46.2;5.22;24/07/2026;21:00;23.0;0;SOLEIL;5;22.0;0
Bourg-en-Bresse;46.2;5.22;24/07/2026;22:00;21.7;0;SOLEIL;5;21.6;0
Bourg-en-Bresse;46.2;5.22;24/07/2026;23:00;22.1;0;SOLEIL;1;20.9;0
Bourg-en-Bresse;46.2;5.22;25/07/2026;00:00;22.1;0;SOLEIL;1;20.5;0
Bourg-en-Bresse;46.2;5.22;25/07/2026;01:00;22.1;0;SOLEIL;1;19.8;0
Bourg-en-Bresse;46.2;5.22;25/07/2026;02:00;19.6;0;SOLEIL;5;19.1;0
Bourg-en-Bresse;46.2;5.22;25/07/2026;03:00;19.6;0;SOLEIL;5;17.6;0
Bourg-en-Bresse;46.2;5.22;25/07/2026;04:00;19.6;0;SOLEIL;5;15.8;0
Bourg-en-Bresse;46.2;5.22;25/07/2026;05:00;21.6;0;SOLEIL;2;13.7;0
Bourg-en-Bresse;46.2;5.22;25/07/2026;06:00;21.6;0;SOLEIL;2;12.2;0
Bourg-en-Bresse;46.2;5.22;25/07/2026;07:00;21.6;0;SOLEIL;2;11.5;0
Bourg-en-Bresse;46.2;5.22;25/07/2026;08:00;22.4;0;SOLEIL;5;13.0;0
Bourg-en-Bresse;46.2;5.22;25/07/2026;09:00;23.7;0;SOLEIL;5;16.6;0
Bourg-en-Bresse;46.2;5.22;25/07/2026;10:00;25.1;0;SOLEIL;5;22.3;0
Bourg-en-Bresse;46.2;5.22;25/07/2026;11:00;30.6;0;SOLEIL;3;29.5;0
Bourg-en-Bresse;46.2;5.22;25/07/2026;12:00;30.6;0;SOLEIL;3;36.4;0
Bourg-en-Bresse;46.2;5.22;25/07/2026;13:00;30.6;0;SOLEIL;3;42.8;0
Bourg-en-Bresse;46.2;5.22;25/07/2026;14:00;30.6;0;SOLEIL;5;47.5;0
Bourg-en-Bresse;46.2;5.22;25/07/2026;15:00;32.0;0;SOLEIL;5;50.4;0
Bourg-en-Bresse;46.2;5.22;25/07/2026;16:00;30.6;0;SOLEIL;5;52.6;0
Bourg-en-Bresse;46.2;5.22;25/07/2026;17:00;28;0;SOLEIL;4;54.0;0
Bourg-en-Bresse;46.2;5.22;25/07/2026;18:00;28;0;SOLEIL;4;55.1;0
Bourg-en-Bresse;46.2;5.22;25/07/2026;19:00;28;0;SOLEIL;4;55.4;0
Bourg-en-Bresse;46.2;5.22;25/07/2026;20:00;25.1;0;SOLEIL;5;55.4;0
Bourg-en-Bresse;46.2;5.22;25/07/2026;21:00;23.7;0;SOLEIL;5;55.1;0
Bourg-en-Bresse;46.2;5.22;25/07/2026;22:00;22.4;0;SOLEIL;5;54.4;0
Bourg-en-Bresse;46.2;5.22;25/07/2026;23:00;22.1;0;SOLEIL;1;52.9;0
Bourg-en-Bresse;46.2;5.22;26/07/2026;00:00;22.1;0;SOLEIL;1;51.1;0
Bourg-en-Bresse;46.2;5.22;26/07/2026;01:00;22.1;0;SOLEIL;1;49.3;0
Bourg-en-Bresse;46.2;5.22;26/07/2026;02:00;19.6;0;SOLEIL;5;47.2;0
Bourg-en-Bresse;46.2;5.22;26/07/2026;03:00;19.6;0;SOLEIL;5;44.6;0
Bourg-en-Bresse;46.2;5.22;26/07/2026;04:00;19.6;0;SOLEIL;5;41.0;0
Bourg-en-Bresse;46.2;5.22;26/07/2026;05:00;;0;SOLEIL;;37.4;0
Bourg-en-Bresse;46.2;5.22;26/07/2026;06:00;;0;SOLEIL;;33.8;0
Bourg-en-Bresse;46.2;5.22;26/07/2026;07:00;;0;SOLEIL;;31.0;0
Bourg-en-Bresse;46.2;5.22;26/07/2026;08:00;21.5;0;SOLEIL;5;29.2;0
Bourg-en-Bresse;46.2;5.22;26/07/2026;09:00;22.4;0;SOLEIL;5;28.4;0
Bourg-en-Bresse;46.2;5.22;26/07/2026;10:00;23.4;0;SOLEIL;5;28.4;0
Bourg-en-Bresse;46.2;5.22;26/07/2026;11:00;;0;SOLEIL;;29.5;0
Bourg-en-Bresse;46.2;5.22;26/07/2026;12:00;;0;SOLEIL;;30.6;0
Bourg-en-Bresse;46.2;5.22;26/07/2026;13:00;;0;SOLEIL;;31.7;0
Bourg-en-Bresse;46.2;5.22;26/07/2026;14:00;27.2;0;SOLEIL;5;32.8;0
Bourg-en-Bresse;46.2;5.22;26/07/2026;15:00;28.1;0;SOLEIL;5;33.8;0
Bourg-en-Bresse;46.2;5.22;26/07/2026;16:00;27.2;0;SOLEIL;5;35.6;0
Bourg-en-Bresse;46.2;5.22;26/07/2026;17:00;;0;SOLEIL;;37.1;0
Bourg-en-Bresse;46.2;5.22;26/07/2026;18:00;;0;SOLEIL;;38.9;0
Bourg-en-Bresse;46.2;5.22;26/07/2026;19:00;;0;SOLEIL;;40.0;0
Bourg-en-Bresse;46.2;5.22;26/07/2026;20:00;23.4;0;SOLEIL;5;40.7;0
Bourg-en-Bresse;46.2;5.22;26/07/2026;21:00;22.4;0;SOLEIL;5;40.7;0
Bourg-en-Bresse;46.2;5.22;26/07/2026;22:00;21.5;0;SOLEIL;5;40.3;0
Bourg-en-Bresse;46.2;5.22;26/07/2026;23:00;;0;SOLEIL;;39.6;0
Bourg-en-Bresse;46.2;5.22;27/07/2026;00:00;;0;SOLEIL;;38.5;0
Bourg-en-Bresse;46.2;5.22;27/07/2026;01:00;;0;SOLEIL;;37.4;0
Bourg-en-Bresse;46.2;5.22;27/07/2026;02:00;19;0;SOLEIL;5;36.0;0
Bourg-en-Bresse;46.2;5.22;27/07/2026;03:00;19;0;SOLEIL;5;34.2;0
Bourg-en-Bresse;46.2;5.22;27/07/2026;04:00;19;0;SOLEIL;5;31.7;0
Bourg-en-Bresse;46.2;5.22;27/07/2026;05:00;;0;SOLEIL;;28.8;0
Bourg-en-Bresse;46.2;5.22;27/07/2026;06:00;;0;SOLEIL;;26.3;0
Bourg-en-Bresse;46.2;5.22;27/07/2026;07:00;;0;SOLEIL;;23.8;0
Bourg-en-Bresse;46.2;5.22;27/07/2026;08:00;21.2;0;SOLEIL;5;22.3;0
Bourg-en-Bresse;46.2;5.22;27/07/2026;09:00;22.3;0;SOLEIL;5;21.6;0
Bourg-en-Bresse;46.2;5.22;27/07/2026;10:00;23.4;0;SOLEIL;5;21.2;0
Bourg-en-Bresse;46.2;5.22;27/07/2026;11:00;;0;SOLEIL;;21.2;0
Bourg-en-Bresse;46.2;5.22;27/07/2026;12:00;;0;SOLEIL;;22.0;0
Bourg-en-Bresse;46.2;5.22;27/07/2026;13:00;;0;SOLEIL;;22.7;0
Bourg-en-Bresse;46.2;5.22;27/07/2026;14:00;27.8;0;SOLEIL;5;23.4;0
Bourg-en-Bresse;46.2;5.22;27/07/2026;15:00;28.9;0;SOLEIL;5;24.8;0
Bourg-en-Bresse;46.2;5.22;27/07/2026;16:00;27.8;0;SOLEIL;5;27.0;0
Bourg-en-Bresse;46.2;5.22;27/07/2026;17:00;;0;SOLEIL;;29.5;0
Bourg-en-Bresse;46.2;5.22;27/07/2026;18:00;;0;SOLEIL;;31.7;0
Bourg-en-Bresse;46.2;5.22;27/07/2026;19:00;;0;SOLEIL;;33.1;0
Bourg-en-Bresse;46.2;5.22;27/07/2026;20:00;23.4;0;SOLEIL;5;33.8;0
Bourg-en-Bresse;46.2;5.22;27/07/2026;21:00;22.3;0;SOLEIL;5;33.1;0
Bourg-en-Bresse;46.2;5.22;27/07/2026;22:00;21.2;0;SOLEIL;5;31.3;0
Bourg-en-Bresse;46.2;5.22;27/07/2026;23:00;;0;SOLEIL;;29.2;0
Bourg-en-Bresse;46.2;5.22;28/07/2026;00:00;;0;SOLEIL;;26.6;0
Bourg-en-Bresse;46.2;5.22;28/07/2026;01:00;;0;SOLEIL;;24.5;0
Bourg-en-Bresse;46.2;5.22;28/07/2026;02:00;18.5;0;SOLEIL;5;22.7;0
Bourg-en-Bresse;46.2;5.22;28/07/2026;03:00;18.5;0;SOLEIL;5;21.6;0
Bourg-en-Bresse;46.2;5.22;28/07/2026;04:00;18.5;0;SOLEIL;5;20.5;0
Bourg-en-Bresse;46.2;5.22;28/07/2026;05:00;;0;SOLEIL;;20.2;0
Bourg-en-Bresse;46.2;5.22;28/07/2026;06:00;;0;SOLEIL;;19.4;0
Bourg-en-Bresse;46.2;5.22;28/07/2026;07:00;;0;SOLEIL;;19.4;0
Bourg-en-Bresse;46.2;5.22;28/07/2026;08:00;20.8;0;SOLEIL;5;19.8;0
Bourg-en-Bresse;46.2;5.22;28/07/2026;09:00;22.0;0;SOLEIL;5;20.5;0
Bourg-en-Bresse;46.2;5.22;28/07/2026;10:00;23.1;0;SOLEIL;5;22.0;0
Bourg-en-Bresse;46.2;5.22;28/07/2026;11:00;;0;SOLEIL;;23.4;0
Bourg-en-Bresse;46.2;5.22;28/07/2026;12:00;;0;SOLEIL;;25.2;0
Bourg-en-Bresse;46.2;5.22;28/07/2026;13:00;;0;SOLEIL;;27.0;0
Bourg-en-Bresse;46.2;5.22;28/07/2026;14:00;27.7;0;SOLEIL;5;28.4;0
Bourg-en-Bresse;46.2;5.22;28/07/2026;15:00;28.9;0;SOLEIL;5;29.9;0
Bourg-en-Bresse;46.2;5.22;28/07/2026;16:00;27.7;0;SOLEIL;5;31.7;0
Bourg-en-Bresse;46.2;5.22;28/07/2026;17:00;;0;SOLEIL;;33.1;0
Bourg-en-Bresse;46.2;5.22;28/07/2026;18:00;;0;SOLEIL;;34.6;0
Bourg-en-Bresse;46.2;5.22;28/07/2026;19:00;;0;SOLEIL;;35.6;0
Bourg-en-Bresse;46.2;5.22;28/07/2026;20:00;23.1;0;SOLEIL;5;36.4;0
Bourg-en-Bresse;46.2;5.22;28/07/2026;21:00;22.0;0;SOLEIL;5;36.4;0
Bourg-en-Bresse;46.2;5.22;28/07/2026;22:00;20.8;0;SOLEIL;5;36.4;0
Bourg-en-Bresse;46.2;5.22;28/07/2026;23:00;;0;SOLEIL;;36.0;0
Bourg-en-Bresse;46.2;5.22;29/07/2026;00:00;;0;SOLEIL;;34.9;0
Bourg-en-Bresse;46.2;5.22;29/07/2026;01:00;;0;SOLEIL;;33.5;0
Bourg-en-Bresse;46.2;5.22;29/07/2026;02:00;18.5;0;SOLEIL;5;31.7;0
Bourg-en-Bresse;46.2;5.22;29/07/2026;03:00;18.5;0;SOLEIL;5;28.4;0
Bourg-en-Bresse;46.2;5.22;29/07/2026;04:00;18.5;0;SOLEIL;5;24.1;0
Bourg-en-Bresse;46.2;5.22;29/07/2026;05:00;;0;SOLEIL;;19.1;0
Bourg-en-Bresse;46.2;5.22;29/07/2026;06:00;;0;SOLEIL;;14.4;0
Bourg-en-Bresse;46.2;5.22;29/07/2026;07:00;;0;SOLEIL;;10.8;0
Bourg-en-Bresse;46.2;5.22;29/07/2026;08:00;20.7;0;SOLEIL;5;9.4;0
Bourg-en-Bresse;46.2;5.22;29/07/2026;09:00;21.9;0;SOLEIL;5;10.1;0
Bourg-en-Bresse;46.2;5.22;29/07/2026;10:00;23.0;0;SOLEIL;5;13.0;0
Bourg-en-Bresse;46.2;5.22;29/07/2026;11:00;;0;SOLEIL;;16.6;0
Bourg-en-Bresse;46.2;5.22;29/07/2026;12:00;;0;SOLEIL;;20.9;0
Bourg-en-Bresse;46.2;5.22;29/07/2026;13:00;;0;SOLEIL;;24.5;0
Bourg-en-Bresse;46.2;5.22;29/07/2026;14:00;27.5;0;SOLEIL;5;27.4;0
Bourg-en-Bresse;46.2;5.22;29/07/2026;15:00;28.6;0;SOLEIL;5;29.2;0
Bourg-en-Bresse;46.2;5.22;29/07/2026;16:00;27.5;0;SOLEIL;5;30.6;0
Bourg-en-Bresse;46.2;5.22;29/07/2026;17:00;;0;SOLEIL;;31.3;0
Bourg-en-Bresse;46.2;5.22;29/07/2026;18:00;;0;SOLEIL;;32.0;0
Bourg-en-Bresse;46.2;5.22;29/07/2026;19:00;;0;SOLEIL;;32.8;0
Bourg-en-Bresse;46.2;5.22;29/07/2026;20:00;23.0;0;SOLEIL;5;33.5;0
Bourg-en-Bresse;46.2;5.22;29/07/2026;21:00;21.9;0;SOLEIL;5;34.2;0
Bourg-en-Bresse;46.2;5.22;29/07/2026;22:00;20.7;0;SOLEIL;5;34.6;0
Bourg-en-Bresse;46.2;5.22;29/07/2026;23:00;;0;SOLEIL;;34.9;0
Bourg-en-Bresse;46.2;5.22;30/07/2026;00:00;;0;SOLEIL;;35.3;0
Bourg-en-Bresse;46.2;5.22;30/07/2026;01:00;;0;SOLEIL;;35.3;0
Bourg-en-Bresse;46.2;5.22;30/07/2026;02:00;18.5;0;SOLEIL;5;35.3;0
Bourg-en-Bresse;46.2;5.22;30/07/2026;03:00;18.5;0;SOLEIL;5;34.9;0
Bourg-en-Bresse;46.2;5.22;30/07/2026;04:00;18.5;0;SOLEIL;5;34.2;0
Bourg-en-Bresse;46.2;5.22;30/07/2026;05:00;;0;SOLEIL;;33.5;0
Bourg-en-Bresse;46.2;5.22;30/07/2026;06:00;;0;SOLEIL;;32.8;0
Bourg-en-Bresse;46.2;5.22;30/07/2026;07:00;;0;SOLEIL;;32.4;0
Bourg-en-Bresse;46.2;5.22;30/07/2026;08:00;20.7;0;SOLEIL;5;32.4;0
Bourg-en-Bresse;46.2;5.22;30/07/2026;09:00;21.9;0;SOLEIL;5;33.1;0
Bourg-en-Bresse;46.2;5.22;30/07/2026;10:00;23.0;0;SOLEIL;5;34.2;0
Bourg-en-Bresse;46.2;5.22;30/07/2026;11:00;;0;SOLEIL;;35.6;0
Bourg-en-Bresse;46.2;5.22;30/07/2026;12:00;;0;SOLEIL;;37.1;0
Bourg-en-Bresse;46.2;5.22;30/07/2026;13:00;;0;SOLEIL;;38.2;0
Bourg-en-Bresse;46.2;5.22;30/07/2026;14:00;27.5;0;SOLEIL;5;39.2;0
Bourg-en-Bresse;46.2;5.22;30/07/2026;15:00;28.6;0;SOLEIL;5;40.0;0
Bourg-en-Bresse;46.2;5.22;30/07/2026;16:00;27.5;0;SOLEIL;5;40.7;0
Bourg-en-Bresse;46.2;5.22;30/07/2026;17:00;;0;SOLEIL;;41.0;0
Bourg-en-Bresse;46.2;5.22;30/07/2026;18:00;;0;SOLEIL;;41.4;0
Bourg-en-Bresse;46.2;5.22;30/07/2026;19:00;;0;SOLEIL;;41.4;0
Bourg-en-Bresse;46.2;5.22;30/07/2026;20:00;23.0;0;SOLEIL;5;41.0;0
Bourg-en-Bresse;46.2;5.22;30/07/2026;21:00;21.9;0;SOLEIL;5;40.3;0
Bourg-en-Bresse;46.2;5.22;30/07/2026;22:00;20.7;0;SOLEIL;5;38.9;0
Bourg-en-Bresse;46.2;5.22;30/07/2026;23:00;19.6;0;SOLEIL;5;37.1;0
Bourg-en-Bresse;46.2;5.22;31/07/2026;00:00;12;0;SOLEIL;5;31.2;0
Bourg-en-Bresse;46.2;5.22;31/07/2026;01:00;12;0;SOLEIL;5;24.1;0
Bourg-en-Bresse;46.2;5.22;31/07/2026;02:00;12;0;SOLEIL;5;16.7;0
Bourg-en-Bresse;46.2;5.22;31/07/2026;03:00;12;0;SOLEIL;5;9.7;0
Bourg-en-Bresse;46.2;5.22;31/07/2026;04:00;12;0;SOLEIL;5;9.4;0
Bourg-en-Bresse;46.2;5.22;31/07/2026;05:00;12;0;SOLEIL;5;9.4;0
Bourg-en-Bresse;46.2;5.22;31/07/2026;06:00;12;0;SOLEIL;5;9.0;0
Bourg-en-Bresse;46.2;5.22;31/07/2026;07:00;13.1;0;SOLEIL;5;8.6;0
Bourg-en-Bresse;46.2;5.22;31/07/2026;08:00;14.2;0;SOLEIL;5;9.7;0
Bourg-en-Bresse;46.2;5.22;31/07/2026;09:00;15.3;0;SOLEIL;5;13.3;0
Bourg-en-Bresse;46.2;5.22;31/07/2026;10:00;16.4;0;SOLEIL;5;18.7;0
Bourg-en-Bresse;46.2;5.22;31/07/2026;11:00;17.6;0;SOLEIL;5;22.7;0
Bourg-en-Bresse;46.2;5.22;31/07/2026;12:00;18.7;0;SOLEIL;5;24.8;0
Bourg-en-Bresse;46.2;5.22;31/07/2026;13:00;19.8;0;SOLEIL;5;25.9;0
Bourg-en-Bresse;46.2;5.22;31/07/2026;14:00;20.9;0;SOLEIL;5;26.3;0
Bourg-en-Bresse;46.2;5.22;31/07/2026;15:00;22.0;0;SOLEIL;5;26.3;0
Bourg-en-Bresse;46.2;5.22;31/07/2026;16:00;20.9;0;SOLEIL;5;25.9;0
Bourg-en-Bresse;46.2;5.22;31/07/2026;17:00;19.8;0;SOLEIL;5;25.6;0
Bourg-en-Bresse;46.2;5.22;31/07/2026;18:00;18.7;0;SOLEIL;5;26.3;0
Bourg-en-Bresse;46.2;5.22;31/07/2026;19:00;17.6;0;SOLEIL;5;26.6;0
Bourg-en-Bresse;46.2;5.22;31/07/2026;20:00;16.4;0;SOLEIL;5;25.6;0
Bourg-en-Bresse;46.2;5.22;31/07/2026;21:00;15.3;0;SOLEIL;5;20.9;0
Bourg-en-Bresse;46.2;5.22;31/07/2026;22:00;14.2;0;SOLEIL;5;14.0;0
Bourg-en-Bresse;46.2;5.22;31/07/2026;23:00;13.1;0;SOLEIL;5;9.4;0
Bourg-en-Bresse;46.2;5.22;01/08/2026;00:00;12;0;SOLEIL;5;0.0;0
Bourg-en-Bresse;46.2;5.22;01/08/2026;01:00;12;0;SOLEIL;5;0.0;0
Bourg-en-Bresse;46.2;5.22;01/08/2026;02:00;12;0;SOLEIL;5;0.0;0
Bourg-en-Bresse;46.2;5.22;01/08/2026;03:00;12;0;SOLEIL;5;0.0;0
Bourg-en-Bresse;46.2;5.22;01/08/2026;04:00;12;0;SOLEIL;5;0.0;0
Bourg-en-Bresse;46.2;5.22;01/08/2026;05:00;12;0;SOLEIL;5;0.0;0
Bourg-en-Bresse;46.2;5.22;01/08/2026;06:00;12;0;SOLEIL;5;0.0;0
Bourg-en-Bresse;46.2;5.22;01/08/2026;07:00;13.1;0;SOLEIL;5;0.0;0
Bourg-en-Bresse;46.2;5.22;01/08/2026;08:00;14.2;0;SOLEIL;5;0.0;0
Bourg-en-Bresse;46.2;5.22;01/08/2026;09:00;15.3;0;SOLEIL;5;0.0;0
Bourg-en-Bresse;46.2;5.22;01/08/2026;10:00;16.4;0;SOLEIL;5;0.0;0
Bourg-en-Bresse;46.2;5.22;01/08/2026;11:00;17.6;0;SOLEIL;5;0.0;0
Bourg-en-Bresse;46.2;5.22;01/08/2026;12:00;18.7;0;SOLEIL;5;0.0;0
Bourg-en-Bresse;46.2;5.22;01/08/2026;13:00;19.8;0;SOLEIL;5;0.0;0
Bourg-en-Bresse;46.2;5.22;01/08/2026;14:00;20.9;0;SOLEIL;5;0.0;0
Bourg-en-Bresse;46.2;5.22;01/08/2026;15:00;22.0;0;SOLEIL;5;0.0;0
Bourg-en-Bresse;46.2;5.22;01/08/2026;16:00;20.9;0;SOLEIL;5;0.0;0
Bourg-en-Bresse;46.2;5.22;01/08/2026;17:00;19.8;0;SOLEIL;5;0.0;0
Bourg-en-Bresse;46.2;5.22;01/08/2026;18:00;18.7;0;SOLEIL;5;0.0;0
Bourg-en-Bresse;46.2;5.22;01/08/2026;19:00;17.6;0;SOLEIL;5;0.0;0
Bourg-en-Bresse;46.2;5.22;01/08/2026;20:00;16.4;0;SOLEIL;5;0.0;0
Bourg-en-Bresse;46.2;5.22;01/08/2026;21:00;15.3;0;SOLEIL;5;0.0;0
Bourg-en-Bresse;46.2;5.22;01/08/2026;22:00;14.2;0;SOLEIL;5;0.0;0
Bourg-en-Bresse;46.2;5.22;01/08/2026;23:00;13.1;0;SOLEIL;5;0.0;0
Vichy;46.12;3.42;17/07/2026;00:00;19.4;6;AVERSES;5;48.2;0.6
Vichy;46.12;3.42;17/07/2026;01:00;18.1;6;AVERSES;4;32.4;0.1
Vichy;46.12;3.42;17/07/2026;02:00;18.5;0;SOLEIL;4;24.1;0
Vichy;46.12;3.42;17/07/2026;03:00;18.6;0;SOLEIL;4;20.9;0
Vichy;46.12;3.42;17/07/2026;04:00;17.7;0;SOLEIL;2;21.6;0
Vichy;46.12;3.42;17/07/2026;05:00;17.6;0;SOLEIL;3;17.3;0
Vichy;46.12;3.42;17/07/2026;06:00;20.1;0;SOLEIL;3;14.4;0
Vichy;46.12;3.42;17/07/2026;07:00;23;0;SOLEIL;2;9.0;0
Vichy;46.12;3.42;17/07/2026;08:00;24.4;0;SOLEIL;2;16.2;0
Vichy;46.12;3.42;17/07/2026;09:00;25.4;0;SOLEIL;2;16.9;0
Vichy;46.12;3.42;17/07/2026;10:00;27.2;0;SOLEIL;2;12.2;0
Vichy;46.12;3.42;17/07/2026;11:00;28.6;6;AVERSES;3;15.5;0.1
Vichy;46.12;3.42;17/07/2026;12:00;28.9;0;SOLEIL;3;14.4;0
Vichy;46.12;3.42;17/07/2026;13:00;29.6;0;SOLEIL;3;26.6;0
Vichy;46.12;3.42;17/07/2026;14:00;30.2;0;SOLEIL;3;27.0;0
Vichy;46.12;3.42;17/07/2026;15:00;29.2;10;ORAGEUX;3;31.0;0
Vichy;46.12;3.42;17/07/2026;16:00;29.1;10;ORAGEUX;3;28.4;0
Vichy;46.12;3.42;17/07/2026;17:00;27.1;10;ORAGEUX;3;68.0;0
Vichy;46.12;3.42;17/07/2026;18:00;27.6;10;ORAGEUX;3;28.8;0.1
Vichy;46.12;3.42;17/07/2026;19:00;24.9;10;ORAGEUX;3;21.2;0.1
Vichy;46.12;3.42;17/07/2026;20:00;22.5;10;ORAGEUX;3;17.6;0.1
Vichy;46.12;3.42;17/07/2026;21:00;21.7;0;SOLEIL;3;16.2;0
Vichy;46.12;3.42;17/07/2026;22:00;20.1;0;SOLEIL;2;14.8;0
Vichy;46.12;3.42;17/07/2026;23:00;19.6;0;SOLEIL;2;13.7;0
Vichy;46.12;3.42;18/07/2026;00:00;18.7;0;SOLEIL;1;14.0;0
Vichy;46.12;3.42;18/07/2026;01:00;18.7;0;SOLEIL;1;13.0;0
Vichy;46.12;3.42;18/07/2026;02:00;17.9;0;SOLEIL;0;14.0;0
Vichy;46.12;3.42;18/07/2026;03:00;17.9;0;SOLEIL;0;10.4;0
Vichy;46.12;3.42;18/07/2026;04:00;17.9;0;SOLEIL;0;7.9;0
Vichy;46.12;3.42;18/07/2026;05:00;19.1;0;SOLEIL;1;5.4;0
Vichy;46.12;3.42;18/07/2026;06:00;19.1;0;SOLEIL;1;6.5;0
Vichy;46.12;3.42;18/07/2026;07:00;19.1;0;SOLEIL;1;6.1;0
Vichy;46.12;3.42;18/07/2026;08:00;24.4;0;SOLEIL;2;8.3;0
Vichy;46.12;3.42;18/07/2026;09:00;24.4;0;SOLEIL;2;15.1;0
Vichy;46.12;3.42;18/07/2026;10:00;24.4;0;SOLEIL;2;15.8;0
Vichy;46.12;3.42;18/07/2026;11:00;27.1;0;SOLEIL;3;19.1;0
Vichy;46.12;3.42;18/07/2026;12:00;27.1;0;SOLEIL;3;20.9;0
Vichy;46.12;3.42;18/07/2026;13:00;27.1;0;SOLEIL;3;18.5;0
Vichy;46.12;3.42;18/07/2026;14:00;28.5;0;SOLEIL;3;19.4;0
Vichy;46.12;3.42;18/07/2026;15:00;28.5;0;SOLEIL;3;19.4;0
Vichy;46.12;3.42;18/07/2026;16:00;28.5;0;SOLEIL;3;21.2;0
Vichy;46.12;3.42;18/07/2026;17:00;26.7;0;SOLEIL;3;22.0;0
Vichy;46.12;3.42;18/07/2026;18:00;26.7;0;SOLEIL;3;25.2;0
Vichy;46.12;3.42;18/07/2026;19:00;26.7;0;SOLEIL;3;24.8;0
Vichy;46.12;3.42;18/07/2026;20:00;21;0;SOLEIL;2;24.1;0
Vichy;46.12;3.42;18/07/2026;21:00;21;0;SOLEIL;2;23.0;0
Vichy;46.12;3.42;18/07/2026;22:00;21;0;SOLEIL;2;14.4;0
Vichy;46.12;3.42;18/07/2026;23:00;18.4;0;SOLEIL;0;9.0;0
Vichy;46.12;3.42;19/07/2026;00:00;18.4;0;SOLEIL;0;5.4;0
Vichy;46.12;3.42;19/07/2026;01:00;18.4;0;SOLEIL;0;3.6;0
Vichy;46.12;3.42;19/07/2026;02:00;16.7;0;SOLEIL;1;4.0;0
Vichy;46.12;3.42;19/07/2026;03:00;16.7;0;SOLEIL;1;3.2;0
Vichy;46.12;3.42;19/07/2026;04:00;16.7;0;SOLEIL;1;3.2;0
Vichy;46.12;3.42;19/07/2026;05:00;18.7;0;SOLEIL;1;4.3;0
Vichy;46.12;3.42;19/07/2026;06:00;18.7;0;SOLEIL;1;4.7;0
Vichy;46.12;3.42;19/07/2026;07:00;18.7;0;SOLEIL;1;4.3;0
Vichy;46.12;3.42;19/07/2026;08:00;23.6;0;SOLEIL;4;5.4;0
Vichy;46.12;3.42;19/07/2026;09:00;23.6;0;SOLEIL;4;26.6;0
Vichy;46.12;3.42;19/07/2026;10:00;23.6;0;SOLEIL;4;26.3;0
Vichy;46.12;3.42;19/07/2026;11:00;26;0;SOLEIL;4;28.4;0
Vichy;46.12;3.42;19/07/2026;12:00;26;0;SOLEIL;4;32.4;0
Vichy;46.12;3.42;19/07/2026;13:00;26;0;SOLEIL;4;33.5;0
Vichy;46.12;3.42;19/07/2026;14:00;26.2;0;SOLEIL;5;33.5;0
Vichy;46.12;3.42;19/07/2026;15:00;26.2;0;SOLEIL;5;34.6;0
Vichy;46.12;3.42;19/07/2026;16:00;26.2;0;SOLEIL;5;35.3;0
Vichy;46.12;3.42;19/07/2026;17:00;25.1;0;SOLEIL;5;36.0;0
Vichy;46.12;3.42;19/07/2026;18:00;25.1;0;SOLEIL;5;34.9;0
Vichy;46.12;3.42;19/07/2026;19:00;25.1;0;SOLEIL;5;33.1;0
Vichy;46.12;3.42;19/07/2026;20:00;20.7;0;SOLEIL;5;29.5;0
Vichy;46.12;3.42;19/07/2026;21:00;19.5;0;SOLEIL;5;26.6;0
Vichy;46.12;3.42;19/07/2026;22:00;18.2;0;SOLEIL;5;23.4;0
Vichy;46.12;3.42;19/07/2026;23:00;16.7;0;SOLEIL;3;20.2;0
Vichy;46.12;3.42;20/07/2026;00:00;16.7;0;SOLEIL;3;15.8;0
Vichy;46.12;3.42;20/07/2026;01:00;16.7;0;SOLEIL;3;11.5;0
Vichy;46.12;3.42;20/07/2026;02:00;15.1;0;SOLEIL;5;8.6;0
Vichy;46.12;3.42;20/07/2026;03:00;15.1;0;SOLEIL;5;8.3;0
Vichy;46.12;3.42;20/07/2026;04:00;15.1;0;SOLEIL;5;9.7;0
Vichy;46.12;3.42;20/07/2026;05:00;17.1;0;SOLEIL;3;11.5;0
Vichy;46.12;3.42;20/07/2026;06:00;17.1;0;SOLEIL;3;13.3;0
Vichy;46.12;3.42;20/07/2026;07:00;17.1;0;SOLEIL;3;15.1;0
Vichy;46.12;3.42;20/07/2026;08:00;18.0;0;SOLEIL;5;18.0;0
Vichy;46.12;3.42;20/07/2026;09:00;19.5;0;SOLEIL;5;22.0;0
Vichy;46.12;3.42;20/07/2026;10:00;20.9;0;SOLEIL;5;26.6;0
Vichy;46.12;3.42;20/07/2026;11:00;27.1;0;SOLEIL;5;31.0;0
Vichy;46.12;3.42;20/07/2026;12:00;27.1;0;SOLEIL;5;34.9;0
Vichy;46.12;3.42;20/07/2026;13:00;27.1;0;SOLEIL;5;38.9;0
Vichy;46.12;3.42;20/07/2026;14:00;26.7;0;SOLEIL;5;41.0;0
Vichy;46.12;3.42;20/07/2026;15:00;28.2;0;SOLEIL;5;41.0;0
Vichy;46.12;3.42;20/07/2026;16:00;26.7;0;SOLEIL;5;39.2;0
Vichy;46.12;3.42;20/07/2026;17:00;26.6;0;SOLEIL;5;37.4;0
Vichy;46.12;3.42;20/07/2026;18:00;26.6;0;SOLEIL;5;36.4;0
Vichy;46.12;3.42;20/07/2026;19:00;26.6;0;SOLEIL;5;35.6;0
Vichy;46.12;3.42;20/07/2026;20:00;20.9;0;SOLEIL;5;33.5;0
Vichy;46.12;3.42;20/07/2026;21:00;19.5;0;SOLEIL;5;29.5;0
Vichy;46.12;3.42;20/07/2026;22:00;18.0;0;SOLEIL;5;24.8;0
Vichy;46.12;3.42;20/07/2026;23:00;17;0;SOLEIL;3;20.5;0
Vichy;46.12;3.42;21/07/2026;00:00;17;0;SOLEIL;3;16.9;0
Vichy;46.12;3.42;21/07/2026;01:00;17;0;SOLEIL;3;14.0;0
Vichy;46.12;3.42;21/07/2026;02:00;14.4;0;SOLEIL;5;11.9;0
Vichy;46.12;3.42;21/07/2026;03:00;14.4;0;SOLEIL;5;11.2;0
Vichy;46.12;3.42;21/07/2026;04:00;14.4;0;SOLEIL;5;11.2;0
Vichy;46.12;3.42;21/07/2026;05:00;16.1;0;SOLEIL;3;11.9;0
Vichy;46.12;3.42;21/07/2026;06:00;16.1;0;SOLEIL;3;13.0;0
Vichy;46.12;3.42;21/07/2026;07:00;16.1;0;SOLEIL;3;14.8;0
Vichy;46.12;3.42;21/07/2026;08:00;17.6;0;SOLEIL;5;17.6;0
Vichy;46.12;3.42;21/07/2026;09:00;19.1;0;SOLEIL;5;23.0;0
Vichy;46.12;3.42;21/07/2026;10:00;20.7;0;SOLEIL;5;29.5;0
Vichy;46.12;3.42;21/07/2026;11:00;26.4;0;SOLEIL;6;35.6;0
Vichy;46.12;3.42;21/07/2026;12:00;26.4;0;SOLEIL;6;41.1;0
Vichy;46.12;3.42;21/07/2026;13:00;26.4;0;SOLEIL;6;45.7;0
Vichy;46.12;3.42;21/07/2026;14:00;27.0;0;SOLEIL;5;48.8;0
Vichy;46.12;3.42;21/07/2026;15:00;28.6;0;SOLEIL;5;49.0;0
Vichy;46.12;3.42;21/07/2026;16:00;27.0;0;SOLEIL;5;47.5;0
Vichy;46.12;3.42;21/07/2026;17:00;26.7;0;SOLEIL;5;45.4;0
Vichy;46.12;3.42;21/07/2026;18:00;26.7;0;SOLEIL;5;43.2;0
Vichy;46.12;3.42;21/07/2026;19:00;26.7;0;SOLEIL;5;40.3;0
Vichy;46.12;3.42;21/07/2026;20:00;20.7;0;SOLEIL;5;36.0;0
Vichy;46.12;3.42;21/07/2026;21:00;19.1;0;SOLEIL;5;28.4;0
Vichy;46.12;3.42;21/07/2026;22:00;17.6;0;SOLEIL;5;19.1;0
Vichy;46.12;3.42;21/07/2026;23:00;17.1;0;SOLEIL;3;11.9;0
Vichy;46.12;3.42;22/07/2026;00:00;17.1;0;SOLEIL;3;8.6;0
Vichy;46.12;3.42;22/07/2026;01:00;17.1;0;SOLEIL;3;7.2;0
Vichy;46.12;3.42;22/07/2026;02:00;15.2;0;SOLEIL;5;6.8;0
Vichy;46.12;3.42;22/07/2026;03:00;15.2;0;SOLEIL;5;6.8;0
Vichy;46.12;3.42;22/07/2026;04:00;15.2;0;SOLEIL;5;7.6;0
Vichy;46.12;3.42;22/07/2026;05:00;16.5;0;SOLEIL;2;8.3;0
Vichy;46.12;3.42;22/07/2026;06:00;16.5;0;SOLEIL;2;8.6;0
Vichy;46.12;3.42;22/07/2026;07:00;16.5;0;SOLEIL;2;9.0;0
Vichy;46.12;3.42;22/07/2026;08:00;18.3;0;SOLEIL;5;10.4;0
Vichy;46.12;3.42;22/07/2026;09:00;19.8;0;SOLEIL;5;13.3;0
Vichy;46.12;3.42;22/07/2026;10:00;21.4;0;SOLEIL;5;17.3;0
Vichy;46.12;3.42;22/07/2026;11:00;26.6;0;SOLEIL;4;20.9;0
Vichy;46.12;3.42;22/07/2026;12:00;26.6;0;SOLEIL;4;23.4;0
Vichy;46.12;3.42;22/07/2026;13:00;26.6;0;SOLEIL;4;25.6;0
Vichy;46.12;3.42;22/07/2026;14:00;27.6;0;SOLEIL;5;27.4;0
Vichy;46.12;3.42;22/07/2026;15:00;29.1;0;SOLEIL;5;28.8;0
Vichy;46.12;3.42;22/07/2026;16:00;27.6;0;SOLEIL;5;29.5;0
Vichy;46.12;3.42;22/07/2026;17:00;27.1;0;SOLEIL;4;29.9;0
Vichy;46.12;3.42;22/07/2026;18:00;27.1;0;SOLEIL;4;30.2;0
Vichy;46.12;3.42;22/07/2026;19:00;27.1;0;SOLEIL;4;30.2;0
Vichy;46.12;3.42;22/07/2026;20:00;21.4;0;SOLEIL;5;28.4;0
Vichy;46.12;3.42;22/07/2026;21:00;19.8;0;SOLEIL;5;23.8;0
Vichy;46.12;3.42;22/07/2026;22:00;18.3;0;SOLEIL;5;16.9;0
Vichy;46.12;3.42;22/07/2026;23:00;18.4;0;SOLEIL;3;11.5;0
Vichy;46.12;3.42;23/07/2026;00:00;18.4;0;SOLEIL;3;7.9;0
Vichy;46.12;3.42;23/07/2026;01:00;18.4;0;SOLEIL;3;5.4;0
Vichy;46.12;3.42;23/07/2026;02:00;15.6;0;SOLEIL;5;3.6;0
Vichy;46.12;3.42;23/07/2026;03:00;15.6;0;SOLEIL;5;2.9;0
Vichy;46.12;3.42;23/07/2026;04:00;15.6;0;SOLEIL;5;3.2;0
Vichy;46.12;3.42;23/07/2026;05:00;17.5;0;SOLEIL;3;3.2;0
Vichy;46.12;3.42;23/07/2026;06:00;17.5;0;SOLEIL;3;2.5;0
Vichy;46.12;3.42;23/07/2026;07:00;17.5;0;SOLEIL;3;2.2;0
Vichy;46.12;3.42;23/07/2026;08:00;18.6;0;SOLEIL;5;2.9;0
Vichy;46.12;3.42;23/07/2026;09:00;20.1;0;SOLEIL;5;6.1;0
Vichy;46.12;3.42;23/07/2026;10:00;21.6;0;SOLEIL;5;10.4;0
Vichy;46.12;3.42;23/07/2026;11:00;26.7;0;SOLEIL;5;14.8;0
Vichy;46.12;3.42;23/07/2026;12:00;26.7;0;SOLEIL;5;19.1;0
Vichy;46.12;3.42;23/07/2026;13:00;26.7;0;SOLEIL;5;23.0;0
Vichy;46.12;3.42;23/07/2026;14:00;27.6;0;SOLEIL;5;25.6;0
Vichy;46.12;3.42;23/07/2026;15:00;29.1;0;SOLEIL;5;25.6;0
Vichy;46.12;3.42;23/07/2026;16:00;27.6;0;SOLEIL;5;24.5;0
Vichy;46.12;3.42;23/07/2026;17:00;27.1;0;SOLEIL;5;23.0;0
Vichy;46.12;3.42;23/07/2026;18:00;27.1;0;SOLEIL;5;22.3;0
Vichy;46.12;3.42;23/07/2026;19:00;27.1;0;SOLEIL;5;21.6;0
Vichy;46.12;3.42;23/07/2026;20:00;21.6;0;SOLEIL;5;19.8;0
Vichy;46.12;3.42;23/07/2026;21:00;20.1;0;SOLEIL;5;15.8;0
Vichy;46.12;3.42;23/07/2026;22:00;18.6;0;SOLEIL;5;10.8;0
Vichy;46.12;3.42;23/07/2026;23:00;18;0;SOLEIL;2;6.5;0
Vichy;46.12;3.42;24/07/2026;00:00;18;0;SOLEIL;2;12.3;0
Vichy;46.12;3.42;24/07/2026;01:00;18;0;SOLEIL;2;18.7;0
Vichy;46.12;3.42;24/07/2026;02:00;15.1;0;SOLEIL;5;25.1;0
Vichy;46.12;3.42;24/07/2026;03:00;15.1;0;SOLEIL;5;30.6;0
Vichy;46.12;3.42;24/07/2026;04:00;15.1;0;SOLEIL;5;27.7;0
Vichy;46.12;3.42;24/07/2026;05:00;17.6;0;SOLEIL;2;24.8;0
Vichy;46.12;3.42;24/07/2026;06:00;17.6;0;SOLEIL;2;22.3;0
Vichy;46.12;3.42;24/07/2026;07:00;17.6;0;SOLEIL;2;19.8;0
Vichy;46.12;3.42;24/07/2026;08:00;18.7;0;SOLEIL;5;18.4;0
Vichy;46.12;3.42;24/07/2026;09:00;20.5;0;SOLEIL;5;17.6;0
Vichy;46.12;3.42;24/07/2026;10:00;22.3;0;SOLEIL;5;17.6;0
Vichy;46.12;3.42;24/07/2026;11:00;29.1;0;SOLEIL;4;18.0;0
Vichy;46.12;3.42;24/07/2026;12:00;29.1;0;SOLEIL;4;18.4;0
Vichy;46.12;3.42;24/07/2026;13:00;29.1;0;SOLEIL;4;18.7;0
Vichy;46.12;3.42;24/07/2026;14:00;29.4;0;SOLEIL;5;19.1;0
Vichy;46.12;3.42;24/07/2026;15:00;31.2;0;SOLEIL;5;19.1;0
Vichy;46.12;3.42;24/07/2026;16:00;29.4;0;SOLEIL;5;19.1;0
Vichy;46.12;3.42;24/07/2026;17:00;28.4;0;SOLEIL;4;19.1;0
Vichy;46.12;3.42;24/07/2026;18:00;28.4;0;SOLEIL;4;19.1;0
Vichy;46.12;3.42;24/07/2026;19:00;28.4;0;SOLEIL;4;18.7;0
Vichy;46.12;3.42;24/07/2026;20:00;22.3;0;SOLEIL;5;18.4;0
Vichy;46.12;3.42;24/07/2026;21:00;20.5;0;SOLEIL;5;17.3;0
Vichy;46.12;3.42;24/07/2026;22:00;18.7;0;SOLEIL;5;15.8;0
Vichy;46.12;3.42;24/07/2026;23:00;19.5;0;SOLEIL;2;14.4;0
Vichy;46.12;3.42;25/07/2026;00:00;19.5;0;SOLEIL;2;13.0;0
Vichy;46.12;3.42;25/07/2026;01:00;19.5;0;SOLEIL;2;11.9;0
Vichy;46.12;3.42;25/07/2026;02:00;16.9;0;SOLEIL;5;11.9;0
Vichy;46.12;3.42;25/07/2026;03:00;16.9;0;SOLEIL;5;12.6;0
Vichy;46.12;3.42;25/07/2026;04:00;16.9;0;SOLEIL;5;14.0;0
Vichy;46.12;3.42;25/07/2026;05:00;20.1;0;SOLEIL;3;15.8;0
Vichy;46.12;3.42;25/07/2026;06:00;20.1;0;SOLEIL;3;18.0;0
Vichy;46.12;3.42;25/07/2026;07:00;20.1;0;SOLEIL;3;20.5;0
Vichy;46.12;3.42;25/07/2026;08:00;20.0;0;SOLEIL;5;22.7;0
Vichy;46.12;3.42;25/07/2026;09:00;21.5;0;SOLEIL;5;24.8;0
Vichy;46.12;3.42;25/07/2026;10:00;23.0;0;SOLEIL;5;27.4;0
Vichy;46.12;3.42;25/07/2026;11:00;29.7;0;SOLEIL;5;29.9;0
Vichy;46.12;3.42;25/07/2026;12:00;29.7;0;SOLEIL;5;32.8;0
Vichy;46.12;3.42;25/07/2026;13:00;29.7;0;SOLEIL;5;35.3;0
Vichy;46.12;3.42;25/07/2026;14:00;29.2;0;SOLEIL;5;37.8;0
Vichy;46.12;3.42;25/07/2026;15:00;30.7;0;SOLEIL;5;40.7;0
Vichy;46.12;3.42;25/07/2026;16:00;29.2;0;SOLEIL;5;43.9;0
Vichy;46.12;3.42;25/07/2026;17:00;25.6;0;SOLEIL;4;47.2;0
Vichy;46.12;3.42;25/07/2026;18:00;25.6;0;SOLEIL;4;49.7;0
Vichy;46.12;3.42;25/07/2026;19:00;25.6;0;SOLEIL;4;51.8;0
Vichy;46.12;3.42;25/07/2026;20:00;23.0;0;SOLEIL;5;52.9;0
Vichy;46.12;3.42;25/07/2026;21:00;21.5;0;SOLEIL;5;52.6;0
Vichy;46.12;3.42;25/07/2026;22:00;20.0;0;SOLEIL;5;50.8;0
Vichy;46.12;3.42;25/07/2026;23:00;19.9;0;SOLEIL;5;48.6;0
Vichy;46.12;3.42;26/07/2026;00:00;19.9;0;SOLEIL;5;46.1;0
Vichy;46.12;3.42;26/07/2026;01:00;19.9;0;SOLEIL;5;43.6;0
Vichy;46.12;3.42;26/07/2026;02:00;17.4;0;SOLEIL;5;42.1;0
Vichy;46.12;3.42;26/07/2026;03:00;17.4;0;SOLEIL;5;41.4;0
Vichy;46.12;3.42;26/07/2026;04:00;17.4;0;SOLEIL;5;41.4;0
Vichy;46.12;3.42;26/07/2026;05:00;;0;SOLEIL;;41.8;0
Vichy;46.12;3.42;26/07/2026;06:00;;0;SOLEIL;;41.8;0
Vichy;46.12;3.42;26/07/2026;07:00;;0;SOLEIL;;41.8;0
Vichy;46.12;3.42;26/07/2026;08:00;19.5;0;SOLEIL;5;41.0;0
Vichy;46.12;3.42;26/07/2026;09:00;20.6;0;SOLEIL;5;39.6;0
Vichy;46.12;3.42;26/07/2026;10:00;21.7;0;SOLEIL;5;37.4;0
Vichy;46.12;3.42;26/07/2026;11:00;;0;SOLEIL;;35.3;0
Vichy;46.12;3.42;26/07/2026;12:00;;0;SOLEIL;;32.8;0
Vichy;46.12;3.42;26/07/2026;13:00;;0;SOLEIL;;31.0;0
Vichy;46.12;3.42;26/07/2026;14:00;25.9;0;SOLEIL;5;29.9;0
Vichy;46.12;3.42;26/07/2026;15:00;27.0;0;SOLEIL;5;29.5;0
Vichy;46.12;3.42;26/07/2026;16:00;25.9;0;SOLEIL;5;29.9;0
Vichy;46.12;3.42;26/07/2026;17:00;;0;SOLEIL;;31.0;0
Vichy;46.12;3.42;26/07/2026;18:00;;0;SOLEIL;;31.7;0
Vichy;46.12;3.42;26/07/2026;19:00;;0;SOLEIL;;32.8;0
Vichy;46.12;3.42;26/07/2026;20:00;21.7;0;SOLEIL;5;33.1;0
Vichy;46.12;3.42;26/07/2026;21:00;20.6;0;SOLEIL;5;33.5;0
Vichy;46.12;3.42;26/07/2026;22:00;19.5;0;SOLEIL;5;34.2;0
Vichy;46.12;3.42;26/07/2026;23:00;;0;SOLEIL;;34.6;0
Vichy;46.12;3.42;27/07/2026;00:00;;0;SOLEIL;;34.6;0
Vichy;46.12;3.42;27/07/2026;01:00;;0;SOLEIL;;34.2;0
Vichy;46.12;3.42;27/07/2026;02:00;16.4;0;SOLEIL;5;32.8;0
Vichy;46.12;3.42;27/07/2026;03:00;16.4;0;SOLEIL;5;29.9;0
Vichy;46.12;3.42;27/07/2026;04:00;16.4;0;SOLEIL;5;25.6;0
Vichy;46.12;3.42;27/07/2026;05:00;;0;SOLEIL;;20.9;0
Vichy;46.12;3.42;27/07/2026;06:00;;0;SOLEIL;;15.8;0
Vichy;46.12;3.42;27/07/2026;07:00;;0;SOLEIL;;11.9;0
Vichy;46.12;3.42;27/07/2026;08:00;19.0;0;SOLEIL;5;9.7;0
Vichy;46.12;3.42;27/07/2026;09:00;20.3;0;SOLEIL;5;9.4;0
Vichy;46.12;3.42;27/07/2026;10:00;21.6;0;SOLEIL;5;10.4;0
Vichy;46.12;3.42;27/07/2026;11:00;;0;SOLEIL;;12.2;0
Vichy;46.12;3.42;27/07/2026;12:00;;0;SOLEIL;;14.4;0
Vichy;46.12;3.42;27/07/2026;13:00;;0;SOLEIL;;16.2;0
Vichy;46.12;3.42;27/07/2026;14:00;26.8;0;SOLEIL;5;17.6;0
Vichy;46.12;3.42;27/07/2026;15:00;28.1;0;SOLEIL;5;18.4;0
Vichy;46.12;3.42;27/07/2026;16:00;26.8;0;SOLEIL;5;18.4;0
Vichy;46.12;3.42;27/07/2026;17:00;;0;SOLEIL;;18.4;0
Vichy;46.12;3.42;27/07/2026;18:00;;0;SOLEIL;;18.4;0
Vichy;46.12;3.42;27/07/2026;19:00;;0;SOLEIL;;18.7;0
Vichy;46.12;3.42;27/07/2026;20:00;21.6;0;SOLEIL;5;19.1;0
Vichy;46.12;3.42;27/07/2026;21:00;20.3;0;SOLEIL;5;20.2;0
Vichy;46.12;3.42;27/07/2026;22:00;19.0;0;SOLEIL;5;22.0;0
Vichy;46.12;3.42;27/07/2026;23:00;;6;AVERSES;;23.8;0
Vichy;46.12;3.42;28/07/2026;00:00;;6;AVERSES;;25.2;0
Vichy;46.12;3.42;28/07/2026;01:00;;6;AVERSES;;26.6;0
Vichy;46.12;3.42;28/07/2026;02:00;16.1;6;AVERSES;5;27.0;0
Vichy;46.12;3.42;28/07/2026;03:00;16.1;6;AVERSES;5;26.6;0
Vichy;46.12;3.42;28/07/2026;04:00;16.1;6;AVERSES;5;25.6;0
Vichy;46.12;3.42;28/07/2026;05:00;;6;AVERSES;;23.8;0
Vichy;46.12;3.42;28/07/2026;06:00;;6;AVERSES;;22.3;0
Vichy;46.12;3.42;28/07/2026;07:00;;6;AVERSES;;20.9;0
Vichy;46.12;3.42;28/07/2026;08:00;18.5;6;AVERSES;5;19.8;0
Vichy;46.12;3.42;28/07/2026;09:00;19.8;6;AVERSES;5;19.4;0
Vichy;46.12;3.42;28/07/2026;10:00;21.0;6;AVERSES;5;19.1;0
Vichy;46.12;3.42;28/07/2026;11:00;;6;AVERSES;;19.1;0
Vichy;46.12;3.42;28/07/2026;12:00;;6;AVERSES;;19.1;0
Vichy;46.12;3.42;28/07/2026;13:00;;6;AVERSES;;19.1;0
Vichy;46.12;3.42;28/07/2026;14:00;25.9;6;AVERSES;5;19.4;0
Vichy;46.12;3.42;28/07/2026;15:00;27.1;6;AVERSES;5;19.8;0
Vichy;46.12;3.42;28/07/2026;16:00;25.9;6;AVERSES;5;20.5;0
Vichy;46.12;3.42;28/07/2026;17:00;;6;AVERSES;;21.6;0
Vichy;46.12;3.42;28/07/2026;18:00;;6;AVERSES;;22.3;0
Vichy;46.12;3.42;28/07/2026;19:00;;6;AVERSES;;22.7;0
Vichy;46.12;3.42;28/07/2026;20:00;21.0;6;AVERSES;5;22.7;0
Vichy;46.12;3.42;28/07/2026;21:00;19.8;6;AVERSES;5;22.3;0
Vichy;46.12;3.42;28/07/2026;22:00;18.5;6;AVERSES;5;21.2;0
Vichy;46.12;3.42;28/07/2026;23:00;;6;AVERSES;;20.2;0
Vichy;46.12;3.42;29/07/2026;00:00;;6;AVERSES;;19.1;0
Vichy;46.12;3.42;29/07/2026;01:00;;6;AVERSES;;17.6;0
Vichy;46.12;3.42;29/07/2026;02:00;16.4;6;AVERSES;5;16.6;0
Vichy;46.12;3.42;29/07/2026;03:00;16.4;6;AVERSES;5;15.1;0
Vichy;46.12;3.42;29/07/2026;04:00;16.4;6;AVERSES;5;13.3;0
Vichy;46.12;3.42;29/07/2026;05:00;;6;AVERSES;;11.5;0
Vichy;46.12;3.42;29/07/2026;06:00;;6;AVERSES;;10.1;0
Vichy;46.12;3.42;29/07/2026;07:00;;6;AVERSES;;9.0;0
Vichy;46.12;3.42;29/07/2026;08:00;18.9;6;AVERSES;5;9.0;0
Vichy;46.12;3.42;29/07/2026;09:00;20.1;6;AVERSES;5;10.1;0
Vichy;46.12;3.42;29/07/2026;10:00;21.4;6;AVERSES;5;12.6;0
Vichy;46.12;3.42;29/07/2026;11:00;;6;AVERSES;;15.5;0
Vichy;46.12;3.42;29/07/2026;12:00;;6;AVERSES;;18.4;0
Vichy;46.12;3.42;29/07/2026;13:00;;6;AVERSES;;20.9;0
Vichy;46.12;3.42;29/07/2026;14:00;26.4;6;AVERSES;5;22.7;0
Vichy;46.12;3.42;29/07/2026;15:00;27.6;6;AVERSES;5;23.4;0
Vichy;46.12;3.42;29/07/2026;16:00;26.4;6;AVERSES;5;23.4;0
Vichy;46.12;3.42;29/07/2026;17:00;;6;AVERSES;;22.7;0
Vichy;46.12;3.42;29/07/2026;18:00;;6;AVERSES;;22.3;0
Vichy;46.12;3.42;29/07/2026;19:00;;6;AVERSES;;22.0;0
Vichy;46.12;3.42;29/07/2026;20:00;21.4;6;AVERSES;5;22.3;0
Vichy;46.12;3.42;29/07/2026;21:00;20.1;6;AVERSES;5;23.4;0
Vichy;46.12;3.42;29/07/2026;22:00;18.9;6;AVERSES;5;24.8;0
Vichy;46.12;3.42;29/07/2026;23:00;;6;AVERSES;;26.6;0
Vichy;46.12;3.42;30/07/2026;00:00;;6;AVERSES;;28.4;0
Vichy;46.12;3.42;30/07/2026;01:00;;6;AVERSES;;29.9;0
Vichy;46.12;3.42;30/07/2026;02:00;17;6;AVERSES;5;31.0;0
Vichy;46.12;3.42;30/07/2026;03:00;17;6;AVERSES;5;31.0;0
Vichy;46.12;3.42;30/07/2026;04:00;17;6;AVERSES;5;30.6;0
Vichy;46.12;3.42;30/07/2026;05:00;;6;AVERSES;;29.9;0
Vichy;46.12;3.42;30/07/2026;06:00;;6;AVERSES;;29.2;0
Vichy;46.12;3.42;30/07/2026;07:00;;6;AVERSES;;28.8;0
Vichy;46.12;3.42;30/07/2026;08:00;19.3;6;AVERSES;5;28.8;0
Vichy;46.12;3.42;30/07/2026;09:00;20.5;6;AVERSES;5;29.5;0
Vichy;46.12;3.42;30/07/2026;10:00;21.7;6;AVERSES;5;31.0;0
Vichy;46.12;3.42;30/07/2026;11:00;;6;AVERSES;;32.4;0
Vichy;46.12;3.42;30/07/2026;12:00;;6;AVERSES;;34.2;0
Vichy;46.12;3.42;30/07/2026;13:00;;6;AVERSES;;35.6;0
Vichy;46.12;3.42;30/07/2026;14:00;26.3;6;AVERSES;5;36.7;0
Vichy;46.12;3.42;30/07/2026;15:00;27.5;6;AVERSES;5;37.8;0
Vichy;46.12;3.42;30/07/2026;16:00;26.3;6;AVERSES;5;38.5;0
Vichy;46.12;3.42;30/07/2026;17:00;;6;AVERSES;;39.6;0
Vichy;46.12;3.42;30/07/2026;18:00;;6;AVERSES;;40.0;0
Vichy;46.12;3.42;30/07/2026;19:00;;6;AVERSES;;39.6;0
Vichy;46.12;3.42;30/07/2026;20:00;21.7;6;AVERSES;5;38.2;0
Vichy;46.12;3.42;30/07/2026;21:00;20.5;6;AVERSES;5;35.3;0
Vichy;46.12;3.42;30/07/2026;22:00;19.3;6;AVERSES;5;31.3;0
Vichy;46.12;3.42;30/07/2026;23:00;18.2;6;AVERSES;5;26.3;0
Vichy;46.12;3.42;31/07/2026;00:00;12;0;SOLEIL;5;17.8;0
Vichy;46.12;3.42;31/07/2026;01:00;12;0;SOLEIL;5;11.3;0
Vichy;46.12;3.42;31/07/2026;02:00;12;0;SOLEIL;5;7.4;0
Vichy;46.12;3.42;31/07/2026;03:00;12;0;SOLEIL;5;5.4;0
Vichy;46.12;3.42;31/07/2026;04:00;12;0;SOLEIL;5;6.8;0
Vichy;46.12;3.42;31/07/2026;05:00;12;0;SOLEIL;5;8.3;0
Vichy;46.12;3.42;31/07/2026;06:00;12;0;SOLEIL;5;10.1;0
Vichy;46.12;3.42;31/07/2026;07:00;13.1;0;SOLEIL;5;12.6;0
Vichy;46.12;3.42;31/07/2026;08:00;14.2;0;SOLEIL;5;14.4;0
Vichy;46.12;3.42;31/07/2026;09:00;15.3;0;SOLEIL;5;15.5;0
Vichy;46.12;3.42;31/07/2026;10:00;16.4;0;SOLEIL;5;16.6;0
Vichy;46.12;3.42;31/07/2026;11:00;17.6;0;SOLEIL;5;17.3;0
Vichy;46.12;3.42;31/07/2026;12:00;18.7;0;SOLEIL;5;18.4;0
Vichy;46.12;3.42;31/07/2026;13:00;19.8;0;SOLEIL;5;19.4;0
Vichy;46.12;3.42;31/07/2026;14:00;20.9;0;SOLEIL;5;20.2;0
Vichy;46.12;3.42;31/07/2026;15:00;22.0;0;SOLEIL;5;19.8;0
Vichy;46.12;3.42;31/07/2026;16:00;20.9;0;SOLEIL;5;19.1;0
Vichy;46.12;3.42;31/07/2026;17:00;19.8;0;SOLEIL;5;19.1;0
Vichy;46.12;3.42;31/07/2026;18:00;18.7;0;SOLEIL;5;20.9;0
Vichy;46.12;3.42;31/07/2026;19:00;17.6;0;SOLEIL;5;23.4;0
Vichy;46.12;3.42;31/07/2026;20:00;16.4;0;SOLEIL;5;23.4;0
Vichy;46.12;3.42;31/07/2026;21:00;15.3;0;SOLEIL;5;18.4;0
Vichy;46.12;3.42;31/07/2026;22:00;14.2;0;SOLEIL;5;10.4;0
Vichy;46.12;3.42;31/07/2026;23:00;13.1;0;SOLEIL;5;4.7;0
Vichy;46.12;3.42;01/08/2026;00:00;12;0;SOLEIL;5;0.0;0
Vichy;46.12;3.42;01/08/2026;01:00;12;0;SOLEIL;5;0.0;0
Vichy;46.12;3.42;01/08/2026;02:00;12;0;SOLEIL;5;0.0;0
Vichy;46.12;3.42;01/08/2026;03:00;12;0;SOLEIL;5;0.0;0
Vichy;46.12;3.42;01/08/2026;04:00;12;0;SOLEIL;5;0.0;0
Vichy;46.12;3.42;01/08/2026;05:00;12;0;SOLEIL;5;0.0;0
Vichy;46.12;3.42;01/08/2026;06:00;12;0;SOLEIL;5;0.0;0
Vichy;46.12;3.42;01/08/2026;07:00;13.1;0;SOLEIL;5;0.0;0
Vichy;46.12;3.42;01/08/2026;08:00;14.2;0;SOLEIL;5;0.0;0
Vichy;46.12;3.42;01/08/2026;09:00;15.3;0;SOLEIL;5;0.0;0
Vichy;46.12;3.42;01/08/2026;10:00;16.4;0;SOLEIL;5;0.0;0
Vichy;46.12;3.42;01/08/2026;11:00;17.6;0;SOLEIL;5;0.0;0
Vichy;46.12;3.42;01/08/2026;12:00;18.7;0;SOLEIL;5;0.0;0
Vichy;46.12;3.42;01/08/2026;13:00;19.8;0;SOLEIL;5;0.0;0
Vichy;46.12;3.42;01/08/2026;14:00;20.9;0;SOLEIL;5;0.0;0
Vichy;46.12;3.42;01/08/2026;15:00;22.0;0;SOLEIL;5;0.0;0
Vichy;46.12;3.42;01/08/2026;16:00;20.9;0;SOLEIL;5;0.0;0
Vichy;46.12;3.42;01/08/2026;17:00;19.8;0;SOLEIL;5;0.0;0
Vichy;46.12;3.42;01/08/2026;18:00;18.7;0;SOLEIL;5;0.0;0
Vichy;46.12;3.42;01/08/2026;19:00;17.6;0;SOLEIL;5;0.0;0
Vichy;46.12;3.42;01/08/2026;20:00;16.4;0;SOLEIL;5;0.0;0
Vichy;46.12;3.42;01/08/2026;21:00;15.3;0;SOLEIL;5;0.0;0
Vichy;46.12;3.42;01/08/2026;22:00;14.2;0;SOLEIL;5;0.0;0
Vichy;46.12;3.42;01/08/2026;23:00;13.1;0;SOLEIL;5;0.0;0
Montluçon;46.34;2.6;17/07/2026;00:00;19.1;5;SOLEIL VOILÉ;3;19.8;0
Montluçon;46.34;2.6;17/07/2026;01:00;18.1;5;SOLEIL VOILÉ;3;18.4;0
Montluçon;46.34;2.6;17/07/2026;02:00;17.6;0;SOLEIL;3;14.0;0
Montluçon;46.34;2.6;17/07/2026;03:00;18.4;0;SOLEIL;3;18.4;0
Montluçon;46.34;2.6;17/07/2026;04:00;17.6;0;SOLEIL;2;17.6;0
Montluçon;46.34;2.6;17/07/2026;05:00;17.5;0;SOLEIL;2;13.0;0
Montluçon;46.34;2.6;17/07/2026;06:00;19.5;0;SOLEIL;2;10.4;0
Montluçon;46.34;2.6;17/07/2026;07:00;20.4;0;SOLEIL;2;5.8;0
Montluçon;46.34;2.6;17/07/2026;08:00;22;0;SOLEIL;2;6.8;0
Montluçon;46.34;2.6;17/07/2026;09:00;25;0;SOLEIL;3;9.4;0
Montluçon;46.34;2.6;17/07/2026;10:00;27.1;0;SOLEIL;4;10.4;0
Montluçon;46.34;2.6;17/07/2026;11:00;27.7;0;SOLEIL;4;26.3;0
Montluçon;46.34;2.6;17/07/2026;12:00;28.5;6;AVERSES;3;24.8;0.1
Montluçon;46.34;2.6;17/07/2026;13:00;28.1;10;ORAGEUX;4;29.2;0.1
Montluçon;46.34;2.6;17/07/2026;14:00;27.9;10;ORAGEUX;4;35.6;0.1
Montluçon;46.34;2.6;17/07/2026;15:00;28.7;10;ORAGEUX;4;33.8;0.1
Montluçon;46.34;2.6;17/07/2026;16:00;26.7;10;ORAGEUX;4;30.6;0.1
Montluçon;46.34;2.6;17/07/2026;17:00;26.7;10;ORAGEUX;4;47.5;0.1
Montluçon;46.34;2.6;17/07/2026;18:00;26;10;ORAGEUX;4;37.8;0.1
Montluçon;46.34;2.6;17/07/2026;19:00;24.5;10;ORAGEUX;3;33.5;0.1
Montluçon;46.34;2.6;17/07/2026;20:00;23.5;10;ORAGEUX;2;50.8;0.1
Montluçon;46.34;2.6;17/07/2026;21:00;23.6;0;SOLEIL;2;25.6;0
Montluçon;46.34;2.6;17/07/2026;22:00;22.1;0;SOLEIL;2;6.5;0
Montluçon;46.34;2.6;17/07/2026;23:00;20.9;0;SOLEIL;2;6.5;0
Montluçon;46.34;2.6;18/07/2026;00:00;20.5;0;SOLEIL;2;7.9;0
Montluçon;46.34;2.6;18/07/2026;01:00;20.5;0;SOLEIL;2;9.0;0
Montluçon;46.34;2.6;18/07/2026;02:00;17.6;0;SOLEIL;1;8.6;0
Montluçon;46.34;2.6;18/07/2026;03:00;17.6;0;SOLEIL;1;7.6;0
Montluçon;46.34;2.6;18/07/2026;04:00;17.6;0;SOLEIL;1;7.2;0
Montluçon;46.34;2.6;18/07/2026;05:00;18.6;0;SOLEIL;1;9.0;0
Montluçon;46.34;2.6;18/07/2026;06:00;18.6;0;SOLEIL;1;8.6;0
Montluçon;46.34;2.6;18/07/2026;07:00;18.6;0;SOLEIL;1;7.9;0
Montluçon;46.34;2.6;18/07/2026;08:00;24.4;0;SOLEIL;2;8.6;0
Montluçon;46.34;2.6;18/07/2026;09:00;24.4;0;SOLEIL;2;11.5;0
Montluçon;46.34;2.6;18/07/2026;10:00;24.4;0;SOLEIL;2;12.2;0
Montluçon;46.34;2.6;18/07/2026;11:00;27.2;0;SOLEIL;2;12.2;0
Montluçon;46.34;2.6;18/07/2026;12:00;27.2;0;SOLEIL;2;18.0;0
Montluçon;46.34;2.6;18/07/2026;13:00;27.2;0;SOLEIL;2;19.6;0
Montluçon;46.34;2.6;18/07/2026;14:00;28.1;0;SOLEIL;2;19.9;0
Montluçon;46.34;2.6;18/07/2026;15:00;28.1;0;SOLEIL;2;20.9;0
Montluçon;46.34;2.6;18/07/2026;16:00;28.1;0;SOLEIL;2;22.3;0
Montluçon;46.34;2.6;18/07/2026;17:00;28;0;SOLEIL;2;20.9;0
Montluçon;46.34;2.6;18/07/2026;18:00;28;0;SOLEIL;2;27.7;0
Montluçon;46.34;2.6;18/07/2026;19:00;28;0;SOLEIL;2;27.7;0
Montluçon;46.34;2.6;18/07/2026;20:00;22.9;0;SOLEIL;1;23.8;0
Montluçon;46.34;2.6;18/07/2026;21:00;22.9;0;SOLEIL;1;20.5;0
Montluçon;46.34;2.6;18/07/2026;22:00;22.9;0;SOLEIL;1;21.2;0
Montluçon;46.34;2.6;18/07/2026;23:00;19.7;0;SOLEIL;1;21.6;0
Montluçon;46.34;2.6;19/07/2026;00:00;19.7;0;SOLEIL;1;11.2;0
Montluçon;46.34;2.6;19/07/2026;01:00;19.7;0;SOLEIL;1;6.1;0
Montluçon;46.34;2.6;19/07/2026;02:00;18.1;0;SOLEIL;1;4.0;0
Montluçon;46.34;2.6;19/07/2026;03:00;18.1;0;SOLEIL;1;7.2;0
Montluçon;46.34;2.6;19/07/2026;04:00;18.1;0;SOLEIL;1;7.9;0
Montluçon;46.34;2.6;19/07/2026;05:00;19;0;SOLEIL;1;7.6;0
Montluçon;46.34;2.6;19/07/2026;06:00;19;0;SOLEIL;1;7.6;0
Montluçon;46.34;2.6;19/07/2026;07:00;19;0;SOLEIL;1;11.9;0
Montluçon;46.34;2.6;19/07/2026;08:00;23.6;0;SOLEIL;3;20.2;0
Montluçon;46.34;2.6;19/07/2026;09:00;23.6;0;SOLEIL;3;21.6;0
Montluçon;46.34;2.6;19/07/2026;10:00;23.6;0;SOLEIL;3;23.8;0
Montluçon;46.34;2.6;19/07/2026;11:00;26.4;0;SOLEIL;4;28.8;0
Montluçon;46.34;2.6;19/07/2026;12:00;26.4;0;SOLEIL;4;31.0;0
Montluçon;46.34;2.6;19/07/2026;13:00;26.4;0;SOLEIL;4;32.0;0
Montluçon;46.34;2.6;19/07/2026;14:00;27.9;0;SOLEIL;4;34.2;0
Montluçon;46.34;2.6;19/07/2026;15:00;27.9;0;SOLEIL;4;34.6;0
Montluçon;46.34;2.6;19/07/2026;16:00;27.9;0;SOLEIL;4;36.4;0
Montluçon;46.34;2.6;19/07/2026;17:00;26.6;0;SOLEIL;4;37.1;0
Montluçon;46.34;2.6;19/07/2026;18:00;26.6;0;SOLEIL;4;36.7;0
Montluçon;46.34;2.6;19/07/2026;19:00;26.6;0;SOLEIL;4;36.4;0
Montluçon;46.34;2.6;19/07/2026;20:00;22.0;0;SOLEIL;5;37.1;0
Montluçon;46.34;2.6;19/07/2026;21:00;20.7;0;SOLEIL;5;32.4;0
Montluçon;46.34;2.6;19/07/2026;22:00;19.3;0;SOLEIL;5;25.6;0
Montluçon;46.34;2.6;19/07/2026;23:00;17.4;0;SOLEIL;3;20.2;0
Montluçon;46.34;2.6;20/07/2026;00:00;17.4;0;SOLEIL;3;16.6;0
Montluçon;46.34;2.6;20/07/2026;01:00;17.4;0;SOLEIL;3;14.4;0
Montluçon;46.34;2.6;20/07/2026;02:00;16;0;SOLEIL;5;12.6;0
Montluçon;46.34;2.6;20/07/2026;03:00;16;0;SOLEIL;5;11.9;0
Montluçon;46.34;2.6;20/07/2026;04:00;16;0;SOLEIL;5;11.5;0
Montluçon;46.34;2.6;20/07/2026;05:00;16.6;0;SOLEIL;3;12.2;0
Montluçon;46.34;2.6;20/07/2026;06:00;16.6;0;SOLEIL;3;13.7;0
Montluçon;46.34;2.6;20/07/2026;07:00;16.6;0;SOLEIL;3;15.8;0
Montluçon;46.34;2.6;20/07/2026;08:00;19.2;0;SOLEIL;5;18.4;0
Montluçon;46.34;2.6;20/07/2026;09:00;20.7;0;SOLEIL;5;22.0;0
Montluçon;46.34;2.6;20/07/2026;10:00;22.3;0;SOLEIL;5;26.6;0
Montluçon;46.34;2.6;20/07/2026;11:00;27.6;0;SOLEIL;4;29.9;0
Montluçon;46.34;2.6;20/07/2026;12:00;27.6;0;SOLEIL;4;31.3;0
Montluçon;46.34;2.6;20/07/2026;13:00;27.6;0;SOLEIL;4;32.0;0
Montluçon;46.34;2.6;20/07/2026;14:00;28.6;0;SOLEIL;5;32.4;0
Montluçon;46.34;2.6;20/07/2026;15:00;30.2;0;SOLEIL;5;33.5;0
Montluçon;46.34;2.6;20/07/2026;16:00;28.6;0;SOLEIL;5;34.2;0
Montluçon;46.34;2.6;20/07/2026;17:00;28.1;0;SOLEIL;5;34.9;0
Montluçon;46.34;2.6;20/07/2026;18:00;28.1;0;SOLEIL;5;35.6;0
Montluçon;46.34;2.6;20/07/2026;19:00;28.1;0;SOLEIL;5;36.0;0
Montluçon;46.34;2.6;20/07/2026;20:00;22.3;0;SOLEIL;5;35.3;0
Montluçon;46.34;2.6;20/07/2026;21:00;20.7;0;SOLEIL;5;33.1;0
Montluçon;46.34;2.6;20/07/2026;22:00;19.2;0;SOLEIL;5;29.9;0
Montluçon;46.34;2.6;20/07/2026;23:00;19.2;0;SOLEIL;3;25.9;0
Montluçon;46.34;2.6;21/07/2026;00:00;19.2;0;SOLEIL;3;20.5;0
Montluçon;46.34;2.6;21/07/2026;01:00;19.2;0;SOLEIL;3;14.8;0
Montluçon;46.34;2.6;21/07/2026;02:00;14.9;0;SOLEIL;5;10.4;0
Montluçon;46.34;2.6;21/07/2026;03:00;14.9;0;SOLEIL;5;9.0;0
Montluçon;46.34;2.6;21/07/2026;04:00;14.9;0;SOLEIL;5;9.0;0
Montluçon;46.34;2.6;21/07/2026;05:00;15.9;0;SOLEIL;2;9.4;0
Montluçon;46.34;2.6;21/07/2026;06:00;15.9;0;SOLEIL;2;8.6;0
Montluçon;46.34;2.6;21/07/2026;07:00;15.9;0;SOLEIL;2;8.3;0
Montluçon;46.34;2.6;21/07/2026;08:00;18.3;0;SOLEIL;5;9.4;0
Montluçon;46.34;2.6;21/07/2026;09:00;20.0;0;SOLEIL;5;13.0;0
Montluçon;46.34;2.6;21/07/2026;10:00;21.7;0;SOLEIL;5;17.6;0
Montluçon;46.34;2.6;21/07/2026;11:00;27.4;0;SOLEIL;4;22.7;0
Montluçon;46.34;2.6;21/07/2026;12:00;27.4;0;SOLEIL;4;27.7;0
Montluçon;46.34;2.6;21/07/2026;13:00;27.4;0;SOLEIL;4;32.2;0
Montluçon;46.34;2.6;21/07/2026;14:00;28.4;0;SOLEIL;5;35.1;0
Montluçon;46.34;2.6;21/07/2026;15:00;30.1;0;SOLEIL;5;36.7;0
Montluçon;46.34;2.6;21/07/2026;16:00;28.4;0;SOLEIL;5;37.8;0
Montluçon;46.34;2.6;21/07/2026;17:00;28.4;0;SOLEIL;5;38.2;0
Montluçon;46.34;2.6;21/07/2026;18:00;28.4;0;SOLEIL;5;38.2;0
Montluçon;46.34;2.6;21/07/2026;19:00;28.4;0;SOLEIL;5;37.1;0
Montluçon;46.34;2.6;21/07/2026;20:00;21.7;0;SOLEIL;5;34.6;0
Montluçon;46.34;2.6;21/07/2026;21:00;20.0;0;SOLEIL;5;28.4;0
Montluçon;46.34;2.6;21/07/2026;22:00;18.3;0;SOLEIL;5;20.9;0
Montluçon;46.34;2.6;21/07/2026;23:00;19.2;0;SOLEIL;3;14.4;0
Montluçon;46.34;2.6;22/07/2026;00:00;19.2;0;SOLEIL;3;10.8;0
Montluçon;46.34;2.6;22/07/2026;01:00;19.2;0;SOLEIL;3;8.6;0
Montluçon;46.34;2.6;22/07/2026;02:00;15.5;0;SOLEIL;5;6.8;0
Montluçon;46.34;2.6;22/07/2026;03:00;15.5;0;SOLEIL;5;4.7;0
Montluçon;46.34;2.6;22/07/2026;04:00;15.5;0;SOLEIL;5;2.9;0
Montluçon;46.34;2.6;22/07/2026;05:00;16.4;0;SOLEIL;2;1.8;0
Montluçon;46.34;2.6;22/07/2026;06:00;16.4;0;SOLEIL;2;1.4;0
Montluçon;46.34;2.6;22/07/2026;07:00;16.4;0;SOLEIL;2;1.8;0
Montluçon;46.34;2.6;22/07/2026;08:00;18.8;0;SOLEIL;5;2.9;0
Montluçon;46.34;2.6;22/07/2026;09:00;20.4;0;SOLEIL;5;5.4;0
Montluçon;46.34;2.6;22/07/2026;10:00;22.0;0;SOLEIL;5;8.6;0
Montluçon;46.34;2.6;22/07/2026;11:00;26.2;0;SOLEIL;3;11.9;0
Montluçon;46.34;2.6;22/07/2026;12:00;26.2;0;SOLEIL;3;15.5;0
Montluçon;46.34;2.6;22/07/2026;13:00;26.2;0;SOLEIL;3;19.4;0
Montluçon;46.34;2.6;22/07/2026;14:00;28.6;0;SOLEIL;5;22.3;0
Montluçon;46.34;2.6;22/07/2026;15:00;30.2;0;SOLEIL;5;23.4;0
Montluçon;46.34;2.6;22/07/2026;16:00;28.6;0;SOLEIL;5;23.4;0
Montluçon;46.34;2.6;22/07/2026;17:00;28.7;0;SOLEIL;4;23.0;0
Montluçon;46.34;2.6;22/07/2026;18:00;28.7;0;SOLEIL;4;22.7;0
Montluçon;46.34;2.6;22/07/2026;19:00;28.7;0;SOLEIL;4;21.6;0
Montluçon;46.34;2.6;22/07/2026;20:00;22.0;0;SOLEIL;5;19.4;0
Montluçon;46.34;2.6;22/07/2026;21:00;20.4;0;SOLEIL;5;15.5;0
Montluçon;46.34;2.6;22/07/2026;22:00;18.8;0;SOLEIL;5;10.4;0
Montluçon;46.34;2.6;22/07/2026;23:00;20.2;0;SOLEIL;2;6.1;0
Montluçon;46.34;2.6;23/07/2026;00:00;20.2;0;SOLEIL;2;3.6;0
Montluçon;46.34;2.6;23/07/2026;01:00;20.2;0;SOLEIL;2;2.2;0
Montluçon;46.34;2.6;23/07/2026;02:00;16.4;0;SOLEIL;5;1.4;0
Montluçon;46.34;2.6;23/07/2026;03:00;16.4;0;SOLEIL;5;1.4;0
Montluçon;46.34;2.6;23/07/2026;04:00;16.4;0;SOLEIL;5;1.8;0
Montluçon;46.34;2.6;23/07/2026;05:00;18;0;SOLEIL;2;2.5;0
Montluçon;46.34;2.6;23/07/2026;06:00;18;0;SOLEIL;2;2.9;0
Montluçon;46.34;2.6;23/07/2026;07:00;18;0;SOLEIL;2;3.6;0
Montluçon;46.34;2.6;23/07/2026;08:00;19.6;0;SOLEIL;5;4.3;0
Montluçon;46.34;2.6;23/07/2026;09:00;21.3;0;SOLEIL;5;4.7;0
Montluçon;46.34;2.6;23/07/2026;10:00;22.9;0;SOLEIL;5;5.0;0
Montluçon;46.34;2.6;23/07/2026;11:00;27.9;0;SOLEIL;4;6.8;0
Montluçon;46.34;2.6;23/07/2026;12:00;27.9;0;SOLEIL;4;11.5;0
Montluçon;46.34;2.6;23/07/2026;13:00;27.9;0;SOLEIL;4;17.6;0
Montluçon;46.34;2.6;23/07/2026;14:00;29.4;0;SOLEIL;5;22.0;0
Montluçon;46.34;2.6;23/07/2026;15:00;31.0;0;SOLEIL;5;23.0;0
Montluçon;46.34;2.6;23/07/2026;16:00;29.4;0;SOLEIL;5;22.3;0
Montluçon;46.34;2.6;23/07/2026;17:00;29.1;0;SOLEIL;4;21.6;0
Montluçon;46.34;2.6;23/07/2026;18:00;29.1;0;SOLEIL;4;22.3;0
Montluçon;46.34;2.6;23/07/2026;19:00;29.1;0;SOLEIL;4;23.4;0
Montluçon;46.34;2.6;23/07/2026;20:00;22.9;0;SOLEIL;5;22.3;0
Montluçon;46.34;2.6;23/07/2026;21:00;21.3;0;SOLEIL;5;18.0;0
Montluçon;46.34;2.6;23/07/2026;22:00;19.6;0;SOLEIL;5;11.9;0
Montluçon;46.34;2.6;23/07/2026;23:00;20.6;0;SOLEIL;3;6.8;0
Montluçon;46.34;2.6;24/07/2026;00:00;20.6;0;SOLEIL;3;9.9;0
Montluçon;46.34;2.6;24/07/2026;01:00;20.6;0;SOLEIL;3;14.0;0
Montluçon;46.34;2.6;24/07/2026;02:00;16.6;0;SOLEIL;5;18.4;0
Montluçon;46.34;2.6;24/07/2026;03:00;16.6;0;SOLEIL;5;22.0;0
Montluçon;46.34;2.6;24/07/2026;04:00;16.6;0;SOLEIL;5;20.2;0
Montluçon;46.34;2.6;24/07/2026;05:00;18.2;0;SOLEIL;2;18.0;0
Montluçon;46.34;2.6;24/07/2026;06:00;18.2;0;SOLEIL;2;16.2;0
Montluçon;46.34;2.6;24/07/2026;07:00;18.2;0;SOLEIL;2;15.1;0
Montluçon;46.34;2.6;24/07/2026;08:00;20.1;0;SOLEIL;5;14.4;0
Montluçon;46.34;2.6;24/07/2026;09:00;21.9;0;SOLEIL;5;14.8;0
Montluçon;46.34;2.6;24/07/2026;10:00;23.7;0;SOLEIL;5;15.8;0
Montluçon;46.34;2.6;24/07/2026;11:00;29.6;0;SOLEIL;2;17.6;0
Montluçon;46.34;2.6;24/07/2026;12:00;29.6;0;SOLEIL;2;19.4;0
Montluçon;46.34;2.6;24/07/2026;13:00;29.6;0;SOLEIL;2;21.2;0
Montluçon;46.34;2.6;24/07/2026;14:00;30.7;0;SOLEIL;5;22.3;0
Montluçon;46.34;2.6;24/07/2026;15:00;32.5;0;SOLEIL;5;23.0;0
Montluçon;46.34;2.6;24/07/2026;16:00;30.7;0;SOLEIL;5;24.1;0
Montluçon;46.34;2.6;24/07/2026;17:00;29.6;0;SOLEIL;3;24.8;0
Montluçon;46.34;2.6;24/07/2026;18:00;29.6;0;SOLEIL;3;25.2;0
Montluçon;46.34;2.6;24/07/2026;19:00;29.6;0;SOLEIL;3;25.2;0
Montluçon;46.34;2.6;24/07/2026;20:00;23.7;0;SOLEIL;5;24.8;0
Montluçon;46.34;2.6;24/07/2026;21:00;21.9;0;SOLEIL;5;23.8;0
Montluçon;46.34;2.6;24/07/2026;22:00;20.1;0;SOLEIL;5;22.3;0
Montluçon;46.34;2.6;24/07/2026;23:00;21.5;0;SOLEIL;2;20.2;0
Montluçon;46.34;2.6;25/07/2026;00:00;21.5;0;SOLEIL;2;18.4;0
Montluçon;46.34;2.6;25/07/2026;01:00;21.5;0;SOLEIL;2;16.6;0
Montluçon;46.34;2.6;25/07/2026;02:00;17.7;0;SOLEIL;5;15.5;0
Montluçon;46.34;2.6;25/07/2026;03:00;17.7;0;SOLEIL;5;15.1;0
Montluçon;46.34;2.6;25/07/2026;04:00;17.7;0;SOLEIL;5;14.8;0
Montluçon;46.34;2.6;25/07/2026;05:00;19;0;SOLEIL;2;15.1;0
Montluçon;46.34;2.6;25/07/2026;06:00;19;0;SOLEIL;2;15.5;0
Montluçon;46.34;2.6;25/07/2026;07:00;19;0;SOLEIL;2;15.8;0
Montluçon;46.34;2.6;25/07/2026;08:00;20.9;0;SOLEIL;5;16.2;0
Montluçon;46.34;2.6;25/07/2026;09:00;22.5;0;SOLEIL;5;16.2;0
Montluçon;46.34;2.6;25/07/2026;10:00;24.1;0;SOLEIL;5;16.2;0
Montluçon;46.34;2.6;25/07/2026;11:00;30.2;0;SOLEIL;4;15.8;0
Montluçon;46.34;2.6;25/07/2026;12:00;30.2;0;SOLEIL;4;16.2;0
Montluçon;46.34;2.6;25/07/2026;13:00;30.2;0;SOLEIL;4;17.3;0
Montluçon;46.34;2.6;25/07/2026;14:00;30.6;0;SOLEIL;5;19.1;0
Montluçon;46.34;2.6;25/07/2026;15:00;32.2;0;SOLEIL;5;22.3;0
Montluçon;46.34;2.6;25/07/2026;16:00;30.6;0;SOLEIL;5;26.6;0
Montluçon;46.34;2.6;25/07/2026;17:00;28.1;0;SOLEIL;3;32.0;0
Montluçon;46.34;2.6;25/07/2026;18:00;28.1;0;SOLEIL;3;37.1;0
Montluçon;46.34;2.6;25/07/2026;19:00;28.1;0;SOLEIL;3;42.1;0
Montluçon;46.34;2.6;25/07/2026;20:00;24.1;0;SOLEIL;5;46.4;0
Montluçon;46.34;2.6;25/07/2026;21:00;22.5;0;SOLEIL;5;50.4;0
Montluçon;46.34;2.6;25/07/2026;22:00;20.9;0;SOLEIL;5;54.7;0
Montluçon;46.34;2.6;25/07/2026;23:00;21.2;0;SOLEIL;3;59.0;0
Montluçon;46.34;2.6;26/07/2026;00:00;21.2;0;SOLEIL;3;62.3;0
Montluçon;46.34;2.6;26/07/2026;01:00;21.2;0;SOLEIL;3;64.1;0
Montluçon;46.34;2.6;26/07/2026;02:00;17.6;0;SOLEIL;5;63.7;0
Montluçon;46.34;2.6;26/07/2026;03:00;17.6;0;SOLEIL;5;60.5;0
Montluçon;46.34;2.6;26/07/2026;04:00;17.6;0;SOLEIL;5;54.4;0
Montluçon;46.34;2.6;26/07/2026;05:00;;0;SOLEIL;;47.2;0
Montluçon;46.34;2.6;26/07/2026;06:00;;0;SOLEIL;;39.6;0
Montluçon;46.34;2.6;26/07/2026;07:00;;0;SOLEIL;;33.5;0
Montluçon;46.34;2.6;26/07/2026;08:00;20.0;0;SOLEIL;5;29.9;0
Montluçon;46.34;2.6;26/07/2026;09:00;21.3;0;SOLEIL;5;29.2;0
Montluçon;46.34;2.6;26/07/2026;10:00;22.5;0;SOLEIL;5;31.0;0
Montluçon;46.34;2.6;26/07/2026;11:00;;0;SOLEIL;;33.5;0
Montluçon;46.34;2.6;26/07/2026;12:00;;0;SOLEIL;;36.7;0
Montluçon;46.34;2.6;26/07/2026;13:00;;0;SOLEIL;;40.0;0
Montluçon;46.34;2.6;26/07/2026;14:00;27.4;0;SOLEIL;5;41.8;0
Montluçon;46.34;2.6;26/07/2026;15:00;28.6;0;SOLEIL;5;42.8;0
Montluçon;46.34;2.6;26/07/2026;16:00;27.4;0;SOLEIL;5;43.6;0
Montluçon;46.34;2.6;26/07/2026;17:00;;0;SOLEIL;;44.3;0
Montluçon;46.34;2.6;26/07/2026;18:00;;0;SOLEIL;;44.6;0
Montluçon;46.34;2.6;26/07/2026;19:00;;0;SOLEIL;;44.3;0
Montluçon;46.34;2.6;26/07/2026;20:00;22.5;0;SOLEIL;5;43.6;0
Montluçon;46.34;2.6;26/07/2026;21:00;21.3;0;SOLEIL;5;42.1;0
Montluçon;46.34;2.6;26/07/2026;22:00;20.0;0;SOLEIL;5;39.6;0
Montluçon;46.34;2.6;26/07/2026;23:00;;0;SOLEIL;;37.1;0
Montluçon;46.34;2.6;27/07/2026;00:00;;0;SOLEIL;;34.2;0
Montluçon;46.34;2.6;27/07/2026;01:00;;0;SOLEIL;;31.7;0
Montluçon;46.34;2.6;27/07/2026;02:00;17.4;0;SOLEIL;5;29.9;0
Montluçon;46.34;2.6;27/07/2026;03:00;17.4;0;SOLEIL;5;28.8;0
Montluçon;46.34;2.6;27/07/2026;04:00;17.4;0;SOLEIL;5;28.1;0
Montluçon;46.34;2.6;27/07/2026;05:00;;0;SOLEIL;;27.7;0
Montluçon;46.34;2.6;27/07/2026;06:00;;0;SOLEIL;;27.4;0
Montluçon;46.34;2.6;27/07/2026;07:00;;0;SOLEIL;;27.4;0
Montluçon;46.34;2.6;27/07/2026;08:00;19.8;0;SOLEIL;5;27.4;0
Montluçon;46.34;2.6;27/07/2026;09:00;20.9;0;SOLEIL;5;27.4;0
Montluçon;46.34;2.6;27/07/2026;10:00;22.1;0;SOLEIL;5;27.7;0
Montluçon;46.34;2.6;27/07/2026;11:00;;0;SOLEIL;;28.1;0
Montluçon;46.34;2.6;27/07/2026;12:00;;0;SOLEIL;;28.8;0
Montluçon;46.34;2.6;27/07/2026;13:00;;0;SOLEIL;;29.5;0
Montluçon;46.34;2.6;27/07/2026;14:00;26.8;0;SOLEIL;5;30.2;0
Montluçon;46.34;2.6;27/07/2026;15:00;28.0;0;SOLEIL;5;31.3;0
Montluçon;46.34;2.6;27/07/2026;16:00;26.8;0;SOLEIL;5;33.1;0
Montluçon;46.34;2.6;27/07/2026;17:00;;0;SOLEIL;;34.6;0
Montluçon;46.34;2.6;27/07/2026;18:00;;0;SOLEIL;;36.4;0
Montluçon;46.34;2.6;27/07/2026;19:00;;0;SOLEIL;;37.4;0
Montluçon;46.34;2.6;27/07/2026;20:00;22.1;0;SOLEIL;5;37.8;0
Montluçon;46.34;2.6;27/07/2026;21:00;20.9;0;SOLEIL;5;37.4;0
Montluçon;46.34;2.6;27/07/2026;22:00;19.8;0;SOLEIL;5;36.4;0
Montluçon;46.34;2.6;27/07/2026;23:00;;6;AVERSES;;34.9;0
Montluçon;46.34;2.6;28/07/2026;00:00;;6;AVERSES;;33.1;0
Montluçon;46.34;2.6;28/07/2026;01:00;;6;AVERSES;;31.3;0
Montluçon;46.34;2.6;28/07/2026;02:00;17;6;AVERSES;5;29.9;0
Montluçon;46.34;2.6;28/07/2026;03:00;17;6;AVERSES;5;28.4;0
Montluçon;46.34;2.6;28/07/2026;04:00;17;6;AVERSES;5;26.6;0
Montluçon;46.34;2.6;28/07/2026;05:00;;6;AVERSES;;24.5;0
Montluçon;46.34;2.6;28/07/2026;06:00;;6;AVERSES;;23.0;0
Montluçon;46.34;2.6;28/07/2026;07:00;;6;AVERSES;;21.6;0
Montluçon;46.34;2.6;28/07/2026;08:00;19.6;6;AVERSES;5;20.9;0
Montluçon;46.34;2.6;28/07/2026;09:00;20.9;6;AVERSES;5;20.9;0
Montluçon;46.34;2.6;28/07/2026;10:00;22.2;6;AVERSES;5;21.2;0
Montluçon;46.34;2.6;28/07/2026;11:00;;6;AVERSES;;22.0;0
Montluçon;46.34;2.6;28/07/2026;12:00;;6;AVERSES;;23.0;0
Montluçon;46.34;2.6;28/07/2026;13:00;;6;AVERSES;;24.1;0
Montluçon;46.34;2.6;28/07/2026;14:00;27.3;6;AVERSES;5;25.2;0
Montluçon;46.34;2.6;28/07/2026;15:00;28.6;6;AVERSES;5;26.3;0
Montluçon;46.34;2.6;28/07/2026;16:00;27.3;6;AVERSES;5;28.1;0
Montluçon;46.34;2.6;28/07/2026;17:00;;6;AVERSES;;29.5;0
Montluçon;46.34;2.6;28/07/2026;18:00;;6;AVERSES;;31.0;0
Montluçon;46.34;2.6;28/07/2026;19:00;;6;AVERSES;;31.7;0
Montluçon;46.34;2.6;28/07/2026;20:00;22.2;6;AVERSES;5;31.7;0
Montluçon;46.34;2.6;28/07/2026;21:00;20.9;6;AVERSES;5;30.6;0
Montluçon;46.34;2.6;28/07/2026;22:00;19.6;6;AVERSES;5;28.4;0
Montluçon;46.34;2.6;28/07/2026;23:00;;6;AVERSES;;25.9;0
Montluçon;46.34;2.6;29/07/2026;00:00;;6;AVERSES;;23.0;0
Montluçon;46.34;2.6;29/07/2026;01:00;;6;AVERSES;;20.5;0
Montluçon;46.34;2.6;29/07/2026;02:00;16.5;6;AVERSES;5;18.7;0
Montluçon;46.34;2.6;29/07/2026;03:00;16.5;6;AVERSES;5;17.3;0
Montluçon;46.34;2.6;29/07/2026;04:00;16.5;6;AVERSES;5;16.2;0
Montluçon;46.34;2.6;29/07/2026;05:00;;6;AVERSES;;15.5;0
Montluçon;46.34;2.6;29/07/2026;06:00;;6;AVERSES;;15.1;0
Montluçon;46.34;2.6;29/07/2026;07:00;;6;AVERSES;;14.8;0
Montluçon;46.34;2.6;29/07/2026;08:00;19.0;6;AVERSES;5;15.1;0
Montluçon;46.34;2.6;29/07/2026;09:00;20.2;6;AVERSES;5;15.8;0
Montluçon;46.34;2.6;29/07/2026;10:00;21.5;6;AVERSES;5;17.3;0
Montluçon;46.34;2.6;29/07/2026;11:00;;6;AVERSES;;19.1;0
Montluçon;46.34;2.6;29/07/2026;12:00;;6;AVERSES;;21.2;0
Montluçon;46.34;2.6;29/07/2026;13:00;;6;AVERSES;;23.0;0
Montluçon;46.34;2.6;29/07/2026;14:00;26.5;6;AVERSES;5;24.1;0
Montluçon;46.34;2.6;29/07/2026;15:00;27.7;6;AVERSES;5;24.8;0
Montluçon;46.34;2.6;29/07/2026;16:00;26.5;6;AVERSES;5;25.2;0
Montluçon;46.34;2.6;29/07/2026;17:00;;6;AVERSES;;25.2;0
Montluçon;46.34;2.6;29/07/2026;18:00;;6;AVERSES;;25.6;0
Montluçon;46.34;2.6;29/07/2026;19:00;;6;AVERSES;;25.6;0
Montluçon;46.34;2.6;29/07/2026;20:00;21.5;6;AVERSES;5;26.3;0
Montluçon;46.34;2.6;29/07/2026;21:00;20.2;6;AVERSES;5;27.4;0
Montluçon;46.34;2.6;29/07/2026;22:00;19.0;6;AVERSES;5;29.2;0
Montluçon;46.34;2.6;29/07/2026;23:00;;6;AVERSES;;31.0;0
Montluçon;46.34;2.6;30/07/2026;00:00;;6;AVERSES;;32.4;0
Montluçon;46.34;2.6;30/07/2026;01:00;;6;AVERSES;;33.5;0
Montluçon;46.34;2.6;30/07/2026;02:00;16.9;6;AVERSES;5;33.1;0
Montluçon;46.34;2.6;30/07/2026;03:00;16.9;6;AVERSES;5;31.3;0
Montluçon;46.34;2.6;30/07/2026;04:00;16.9;6;AVERSES;5;28.1;0
Montluçon;46.34;2.6;30/07/2026;05:00;;6;AVERSES;;24.1;0
Montluçon;46.34;2.6;30/07/2026;06:00;;6;AVERSES;;20.5;0
Montluçon;46.34;2.6;30/07/2026;07:00;;6;AVERSES;;17.3;0
Montluçon;46.34;2.6;30/07/2026;08:00;19.3;6;AVERSES;5;16.2;0
Montluçon;46.34;2.6;30/07/2026;09:00;20.5;6;AVERSES;5;16.9;0
Montluçon;46.34;2.6;30/07/2026;10:00;21.7;6;AVERSES;5;19.4;0
Montluçon;46.34;2.6;30/07/2026;11:00;;6;AVERSES;;22.7;0
Montluçon;46.34;2.6;30/07/2026;12:00;;6;AVERSES;;25.9;0
Montluçon;46.34;2.6;30/07/2026;13:00;;6;AVERSES;;29.2;0
Montluçon;46.34;2.6;30/07/2026;14:00;26.4;6;AVERSES;5;31.3;0
Montluçon;46.34;2.6;30/07/2026;15:00;27.6;6;AVERSES;5;32.4;0
Montluçon;46.34;2.6;30/07/2026;16:00;26.4;6;AVERSES;5;33.5;0
Montluçon;46.34;2.6;30/07/2026;17:00;;6;AVERSES;;33.8;0
Montluçon;46.34;2.6;30/07/2026;18:00;;6;AVERSES;;34.2;0
Montluçon;46.34;2.6;30/07/2026;19:00;;6;AVERSES;;33.8;0
Montluçon;46.34;2.6;30/07/2026;20:00;21.7;6;AVERSES;5;33.5;0
Montluçon;46.34;2.6;30/07/2026;21:00;20.5;6;AVERSES;5;32.4;0
Montluçon;46.34;2.6;30/07/2026;22:00;19.3;6;AVERSES;5;31.0;0
Montluçon;46.34;2.6;30/07/2026;23:00;18.1;6;AVERSES;5;29.2;0
Montluçon;46.34;2.6;31/07/2026;00:00;12;0;SOLEIL;5;21.7;0
Montluçon;46.34;2.6;31/07/2026;01:00;12;0;SOLEIL;5;15.5;0
Montluçon;46.34;2.6;31/07/2026;02:00;12;0;SOLEIL;5;10.0;0
Montluçon;46.34;2.6;31/07/2026;03:00;12;0;SOLEIL;5;5.0;0
Montluçon;46.34;2.6;31/07/2026;04:00;12;0;SOLEIL;5;5.0;0
Montluçon;46.34;2.6;31/07/2026;05:00;12;0;SOLEIL;5;5.0;0
Montluçon;46.34;2.6;31/07/2026;06:00;12;0;SOLEIL;5;4.7;0
Montluçon;46.34;2.6;31/07/2026;07:00;13.1;0;SOLEIL;5;4.0;0
Montluçon;46.34;2.6;31/07/2026;08:00;14.2;0;SOLEIL;5;4.3;0
Montluçon;46.34;2.6;31/07/2026;09:00;15.3;0;SOLEIL;5;5.8;0
Montluçon;46.34;2.6;31/07/2026;10:00;16.4;0;SOLEIL;5;8.3;0
Montluçon;46.34;2.6;31/07/2026;11:00;17.6;0;SOLEIL;5;10.4;0
Montluçon;46.34;2.6;31/07/2026;12:00;18.7;0;SOLEIL;5;12.2;0
Montluçon;46.34;2.6;31/07/2026;13:00;19.8;0;SOLEIL;5;13.7;0
Montluçon;46.34;2.6;31/07/2026;14:00;20.9;0;SOLEIL;5;14.8;0
Montluçon;46.34;2.6;31/07/2026;15:00;22.0;0;SOLEIL;5;15.1;0
Montluçon;46.34;2.6;31/07/2026;16:00;20.9;0;SOLEIL;5;15.5;0
Montluçon;46.34;2.6;31/07/2026;17:00;19.8;0;SOLEIL;5;14.8;0
Montluçon;46.34;2.6;31/07/2026;18:00;18.7;0;SOLEIL;5;13.3;0
Montluçon;46.34;2.6;31/07/2026;19:00;17.6;0;SOLEIL;5;11.5;0
Montluçon;46.34;2.6;31/07/2026;20:00;16.4;0;SOLEIL;5;9.4;0
Montluçon;46.34;2.6;31/07/2026;21:00;15.3;0;SOLEIL;5;7.2;0
Montluçon;46.34;2.6;31/07/2026;22:00;14.2;0;SOLEIL;5;5.4;0
Montluçon;46.34;2.6;31/07/2026;23:00;13.1;0;SOLEIL;5;4.0;0
Montluçon;46.34;2.6;01/08/2026;00:00;12;0;SOLEIL;5;0.0;0
Montluçon;46.34;2.6;01/08/2026;01:00;12;0;SOLEIL;5;0.0;0
Montluçon;46.34;2.6;01/08/2026;02:00;12;0;SOLEIL;5;0.0;0
Montluçon;46.34;2.6;01/08/2026;03:00;12;0;SOLEIL;5;0.0;0
Montluçon;46.34;2.6;01/08/2026;04:00;12;0;SOLEIL;5;0.0;0
Montluçon;46.34;2.6;01/08/2026;05:00;12;0;SOLEIL;5;0.0;0
Montluçon;46.34;2.6;01/08/2026;06:00;12;0;SOLEIL;5;0.0;0
Montluçon;46.34;2.6;01/08/2026;07:00;13.1;0;SOLEIL;5;0.0;0
Montluçon;46.34;2.6;01/08/2026;08:00;14.2;0;SOLEIL;5;0.0;0
Montluçon;46.34;2.6;01/08/2026;09:00;15.3;0;SOLEIL;5;0.0;0
Montluçon;46.34;2.6;01/08/2026;10:00;16.4;0;SOLEIL;5;0.0;0
Montluçon;46.34;2.6;01/08/2026;11:00;17.6;0;SOLEIL;5;0.0;0
Montluçon;46.34;2.6;01/08/2026;12:00;18.7;0;SOLEIL;5;0.0;0
Montluçon;46.34;2.6;01/08/2026;13:00;19.8;0;SOLEIL;5;0.0;0
Montluçon;46.34;2.6;01/08/2026;14:00;20.9;0;SOLEIL;5;0.0;0
Montluçon;46.34;2.6;01/08/2026;15:00;22.0;0;SOLEIL;5;0.0;0
Montluçon;46.34;2.6;01/08/2026;16:00;20.9;0;SOLEIL;5;0.0;0
Montluçon;46.34;2.6;01/08/2026;17:00;19.8;0;SOLEIL;5;0.0;0
Montluçon;46.34;2.6;01/08/2026;18:00;18.7;0;SOLEIL;5;0.0;0
Montluçon;46.34;2.6;01/08/2026;19:00;17.6;0;SOLEIL;5;0.0;0
Montluçon;46.34;2.6;01/08/2026;20:00;16.4;0;SOLEIL;5;0.0;0
Montluçon;46.34;2.6;01/08/2026;21:00;15.3;0;SOLEIL;5;0.0;0
Montluçon;46.34;2.6;01/08/2026;22:00;14.2;0;SOLEIL;5;0.0;0
Montluçon;46.34;2.6;01/08/2026;23:00;13.1;0;SOLEIL;5;0.0;0
Moulins;46.56;3.33;17/07/2026;00:00;18.4;0;SOLEIL;3;10.1;0
Moulins;46.56;3.33;17/07/2026;01:00;17.9;5;SOLEIL VOILÉ;3;13.3;0
Moulins;46.56;3.33;17/07/2026;02:00;18.5;0;SOLEIL;2;12.2;0
Moulins;46.56;3.33;17/07/2026;03:00;17.1;0;SOLEIL;3;10.4;0
Moulins;46.56;3.33;17/07/2026;04:00;17.4;0;SOLEIL;2;16.9;0
Moulins;46.56;3.33;17/07/2026;05:00;17.6;0;SOLEIL;2;7.9;0
Moulins;46.56;3.33;17/07/2026;06:00;18.5;0;SOLEIL;1;15.1;0
Moulins;46.56;3.33;17/07/2026;07:00;20.7;0;SOLEIL;3;11.9;0
Moulins;46.56;3.33;17/07/2026;08:00;22.6;0;SOLEIL;3;14.0;0
Moulins;46.56;3.33;17/07/2026;09:00;24.5;0;SOLEIL;3;24.5;0
Moulins;46.56;3.33;17/07/2026;10:00;25.6;2;NUAGEUX;4;27.4;0
Moulins;46.56;3.33;17/07/2026;11:00;27.1;0;SOLEIL;4;31.0;0
Moulins;46.56;3.33;17/07/2026;12:00;27.6;0;SOLEIL;4;30.2;0
Moulins;46.56;3.33;17/07/2026;13:00;28.2;10;ORAGEUX;5;31.3;0.1
Moulins;46.56;3.33;17/07/2026;14:00;27.2;10;ORAGEUX;5;34.9;0.1
Moulins;46.56;3.33;17/07/2026;15:00;28.2;10;ORAGEUX;5;33.1;0.1
Moulins;46.56;3.33;17/07/2026;16:00;27.1;10;ORAGEUX;4;31.3;0.1
Moulins;46.56;3.33;17/07/2026;17:00;26.1;10;ORAGEUX;4;29.9;0.1
Moulins;46.56;3.33;17/07/2026;18:00;26.2;10;ORAGEUX;4;65.5;0.1
Moulins;46.56;3.33;17/07/2026;19:00;26.1;10;ORAGEUX;3;82.4;0.1
Moulins;46.56;3.33;17/07/2026;20:00;22.4;10;ORAGEUX;2;15.8;0.1
Moulins;46.56;3.33;17/07/2026;21:00;21.1;0;SOLEIL;2;15.5;0
Moulins;46.56;3.33;17/07/2026;22:00;21.4;0;SOLEIL;2;6.8;0
Moulins;46.56;3.33;17/07/2026;23:00;19.6;0;SOLEIL;2;11.5;0
Moulins;46.56;3.33;18/07/2026;00:00;17.1;0;SOLEIL;2;10.8;0
Moulins;46.56;3.33;18/07/2026;01:00;17.1;0;SOLEIL;2;11.2;0
Moulins;46.56;3.33;18/07/2026;02:00;16.4;0;SOLEIL;2;11.2;0
Moulins;46.56;3.33;18/07/2026;03:00;16.4;0;SOLEIL;2;11.5;0
Moulins;46.56;3.33;18/07/2026;04:00;16.4;0;SOLEIL;2;11.2;0
Moulins;46.56;3.33;18/07/2026;05:00;17.6;0;SOLEIL;1;11.2;0
Moulins;46.56;3.33;18/07/2026;06:00;17.6;0;SOLEIL;1;11.2;0
Moulins;46.56;3.33;18/07/2026;07:00;17.6;0;SOLEIL;1;10.4;0
Moulins;46.56;3.33;18/07/2026;08:00;24.1;0;SOLEIL;2;8.6;0
Moulins;46.56;3.33;18/07/2026;09:00;24.1;0;SOLEIL;2;9.0;0
Moulins;46.56;3.33;18/07/2026;10:00;24.1;0;SOLEIL;2;16.9;0
Moulins;46.56;3.33;18/07/2026;11:00;26.6;0;SOLEIL;2;21.2;0
Moulins;46.56;3.33;18/07/2026;12:00;26.6;0;SOLEIL;2;21.0;0
Moulins;46.56;3.33;18/07/2026;13:00;26.6;0;SOLEIL;2;21.6;0
Moulins;46.56;3.33;18/07/2026;14:00;28.4;0;SOLEIL;2;20.7;0
Moulins;46.56;3.33;18/07/2026;15:00;28.4;0;SOLEIL;2;20.2;0
Moulins;46.56;3.33;18/07/2026;16:00;28.4;0;SOLEIL;2;20.5;0
Moulins;46.56;3.33;18/07/2026;17:00;27;0;SOLEIL;2;20.9;0
Moulins;46.56;3.33;18/07/2026;18:00;27;0;SOLEIL;2;22.3;0
Moulins;46.56;3.33;18/07/2026;19:00;27;0;SOLEIL;2;20.9;0
Moulins;46.56;3.33;18/07/2026;20:00;20.5;0;SOLEIL;2;18.4;0
Moulins;46.56;3.33;18/07/2026;21:00;20.5;0;SOLEIL;2;19.1;0
Moulins;46.56;3.33;18/07/2026;22:00;20.5;0;SOLEIL;2;19.4;0
Moulins;46.56;3.33;18/07/2026;23:00;17.5;0;SOLEIL;2;10.8;0
Moulins;46.56;3.33;19/07/2026;00:00;17.5;0;SOLEIL;2;6.5;0
Moulins;46.56;3.33;19/07/2026;01:00;17.5;0;SOLEIL;2;8.6;0
Moulins;46.56;3.33;19/07/2026;02:00;16.2;0;SOLEIL;2;8.3;0
Moulins;46.56;3.33;19/07/2026;03:00;16.2;0;SOLEIL;2;8.6;0
Moulins;46.56;3.33;19/07/2026;04:00;16.2;0;SOLEIL;2;7.2;0
Moulins;46.56;3.33;19/07/2026;05:00;17.7;0;SOLEIL;3;7.9;0
Moulins;46.56;3.33;19/07/2026;06:00;17.7;0;SOLEIL;3;8.6;0
Moulins;46.56;3.33;19/07/2026;07:00;17.7;0;SOLEIL;3;9.7;0
Moulins;46.56;3.33;19/07/2026;08:00;23.6;0;SOLEIL;3;16.6;0
Moulins;46.56;3.33;19/07/2026;09:00;23.6;0;SOLEIL;3;24.8;0
Moulins;46.56;3.33;19/07/2026;10:00;23.6;0;SOLEIL;3;26.6;0
Moulins;46.56;3.33;19/07/2026;11:00;26.9;0;SOLEIL;4;29.9;0
Moulins;46.56;3.33;19/07/2026;12:00;26.9;0;SOLEIL;4;32.4;0
Moulins;46.56;3.33;19/07/2026;13:00;26.9;0;SOLEIL;4;33.1;0
Moulins;46.56;3.33;19/07/2026;14:00;28.2;0;SOLEIL;4;32.8;0
Moulins;46.56;3.33;19/07/2026;15:00;28.2;0;SOLEIL;4;34.2;0
Moulins;46.56;3.33;19/07/2026;16:00;28.2;0;SOLEIL;4;34.6;0
Moulins;46.56;3.33;19/07/2026;17:00;25;0;SOLEIL;5;34.6;0
Moulins;46.56;3.33;19/07/2026;18:00;25;0;SOLEIL;5;34.9;0
Moulins;46.56;3.33;19/07/2026;19:00;25;0;SOLEIL;5;34.6;0
Moulins;46.56;3.33;19/07/2026;20:00;21.6;0;SOLEIL;5;33.8;0
Moulins;46.56;3.33;19/07/2026;21:00;20.1;0;SOLEIL;5;27.4;0
Moulins;46.56;3.33;19/07/2026;22:00;18.6;0;SOLEIL;5;18.4;0
Moulins;46.56;3.33;19/07/2026;23:00;16;0;SOLEIL;3;11.5;0
Moulins;46.56;3.33;20/07/2026;00:00;16;0;SOLEIL;3;8.6;0
Moulins;46.56;3.33;20/07/2026;01:00;16;0;SOLEIL;3;7.6;0
Moulins;46.56;3.33;20/07/2026;02:00;10.7;0;SOLEIL;5;6.8;0
Moulins;46.56;3.33;20/07/2026;03:00;10.7;0;SOLEIL;5;6.5;0
Moulins;46.56;3.33;20/07/2026;04:00;10.7;0;SOLEIL;5;6.5;0
Moulins;46.56;3.33;20/07/2026;05:00;14.1;0;SOLEIL;4;6.5;0
Moulins;46.56;3.33;20/07/2026;06:00;14.1;0;SOLEIL;4;6.1;0
Moulins;46.56;3.33;20/07/2026;07:00;14.1;0;SOLEIL;4;6.1;0
Moulins;46.56;3.33;20/07/2026;08:00;14.8;0;SOLEIL;5;7.9;0
Moulins;46.56;3.33;20/07/2026;09:00;16.9;0;SOLEIL;5;13.3;0
Moulins;46.56;3.33;20/07/2026;10:00;18.9;0;SOLEIL;5;20.9;0
Moulins;46.56;3.33;20/07/2026;11:00;27;0;SOLEIL;5;26.6;0
Moulins;46.56;3.33;20/07/2026;12:00;27;0;SOLEIL;5;29.5;0
Moulins;46.56;3.33;20/07/2026;13:00;27;0;SOLEIL;5;31.0;0
Moulins;46.56;3.33;20/07/2026;14:00;27.1;0;SOLEIL;5;32.4;0
Moulins;46.56;3.33;20/07/2026;15:00;29.2;0;SOLEIL;5;34.2;0
Moulins;46.56;3.33;20/07/2026;16:00;27.1;0;SOLEIL;5;35.6;0
Moulins;46.56;3.33;20/07/2026;17:00;27;0;SOLEIL;5;36.7;0
Moulins;46.56;3.33;20/07/2026;18:00;27;0;SOLEIL;5;37.4;0
Moulins;46.56;3.33;20/07/2026;19:00;27;0;SOLEIL;5;37.4;0
Moulins;46.56;3.33;20/07/2026;20:00;18.9;0;SOLEIL;5;35.6;0
Moulins;46.56;3.33;20/07/2026;21:00;16.9;0;SOLEIL;5;30.6;0
Moulins;46.56;3.33;20/07/2026;22:00;14.8;0;SOLEIL;5;24.1;0
Moulins;46.56;3.33;20/07/2026;23:00;14.1;0;SOLEIL;3;17.6;0
Moulins;46.56;3.33;21/07/2026;00:00;14.1;0;SOLEIL;3;11.9;0
Moulins;46.56;3.33;21/07/2026;01:00;14.1;0;SOLEIL;3;6.5;0
Moulins;46.56;3.33;21/07/2026;02:00;10.1;0;SOLEIL;5;2.9;0
Moulins;46.56;3.33;21/07/2026;03:00;10.1;0;SOLEIL;5;2.5;0
Moulins;46.56;3.33;21/07/2026;04:00;10.1;0;SOLEIL;5;4.3;0
Moulins;46.56;3.33;21/07/2026;05:00;13.4;0;SOLEIL;3;5.4;0
Moulins;46.56;3.33;21/07/2026;06:00;13.4;0;SOLEIL;3;4.3;0
Moulins;46.56;3.33;21/07/2026;07:00;13.4;0;SOLEIL;3;2.9;0
Moulins;46.56;3.33;21/07/2026;08:00;14.3;0;SOLEIL;5;3.6;0
Moulins;46.56;3.33;21/07/2026;09:00;16.4;0;SOLEIL;5;7.9;0
Moulins;46.56;3.33;21/07/2026;10:00;18.5;0;SOLEIL;5;14.4;0
Moulins;46.56;3.33;21/07/2026;11:00;26.6;0;SOLEIL;5;20.2;0
Moulins;46.56;3.33;21/07/2026;12:00;26.6;0;SOLEIL;5;24.3;0
Moulins;46.56;3.33;21/07/2026;13:00;26.6;0;SOLEIL;5;27.7;0
Moulins;46.56;3.33;21/07/2026;14:00;26.8;0;SOLEIL;5;30.0;0
Moulins;46.56;3.33;21/07/2026;15:00;28.9;0;SOLEIL;5;31.7;0
Moulins;46.56;3.33;21/07/2026;16:00;26.8;0;SOLEIL;5;33.1;0
Moulins;46.56;3.33;21/07/2026;17:00;26.9;0;SOLEIL;5;33.5;0
Moulins;46.56;3.33;21/07/2026;18:00;26.9;0;SOLEIL;5;33.5;0
Moulins;46.56;3.33;21/07/2026;19:00;26.9;0;SOLEIL;5;32.8;0
Moulins;46.56;3.33;21/07/2026;20:00;18.5;0;SOLEIL;5;29.9;0
Moulins;46.56;3.33;21/07/2026;21:00;16.4;0;SOLEIL;5;23.8;0
Moulins;46.56;3.33;21/07/2026;22:00;14.3;0;SOLEIL;5;15.5;0
Moulins;46.56;3.33;21/07/2026;23:00;14.1;0;SOLEIL;3;9.0;0
Moulins;46.56;3.33;22/07/2026;00:00;14.1;0;SOLEIL;3;6.1;0
Moulins;46.56;3.33;22/07/2026;01:00;14.1;0;SOLEIL;3;5.4;0
Moulins;46.56;3.33;22/07/2026;02:00;12.5;0;SOLEIL;5;4.7;0
Moulins;46.56;3.33;22/07/2026;03:00;12.5;0;SOLEIL;5;3.6;0
Moulins;46.56;3.33;22/07/2026;04:00;12.5;0;SOLEIL;5;2.5;0
Moulins;46.56;3.33;22/07/2026;05:00;14.6;0;SOLEIL;2;2.2;0
Moulins;46.56;3.33;22/07/2026;06:00;14.6;0;SOLEIL;2;2.2;0
Moulins;46.56;3.33;22/07/2026;07:00;14.6;0;SOLEIL;2;2.9;0
Moulins;46.56;3.33;22/07/2026;08:00;16.5;0;SOLEIL;5;4.3;0
Moulins;46.56;3.33;22/07/2026;09:00;18.5;0;SOLEIL;5;7.2;0
Moulins;46.56;3.33;22/07/2026;10:00;20.5;0;SOLEIL;5;11.2;0
Moulins;46.56;3.33;22/07/2026;11:00;27.6;0;SOLEIL;4;14.4;0
Moulins;46.56;3.33;22/07/2026;12:00;27.6;0;SOLEIL;4;17.3;0
Moulins;46.56;3.33;22/07/2026;13:00;27.6;0;SOLEIL;4;19.8;0
Moulins;46.56;3.33;22/07/2026;14:00;28.6;0;SOLEIL;5;21.2;0
Moulins;46.56;3.33;22/07/2026;15:00;30.6;0;SOLEIL;5;21.6;0
Moulins;46.56;3.33;22/07/2026;16:00;28.6;0;SOLEIL;5;21.2;0
Moulins;46.56;3.33;22/07/2026;17:00;28.2;0;SOLEIL;4;20.5;0
Moulins;46.56;3.33;22/07/2026;18:00;28.2;0;SOLEIL;4;20.2;0
Moulins;46.56;3.33;22/07/2026;19:00;28.2;0;SOLEIL;4;19.8;0
Moulins;46.56;3.33;22/07/2026;20:00;20.5;0;SOLEIL;5;18.0;0
Moulins;46.56;3.33;22/07/2026;21:00;18.5;0;SOLEIL;5;13.3;0
Moulins;46.56;3.33;22/07/2026;22:00;16.5;0;SOLEIL;5;6.8;0
Moulins;46.56;3.33;22/07/2026;23:00;16.6;0;SOLEIL;3;2.9;0
Moulins;46.56;3.33;23/07/2026;00:00;16.6;0;SOLEIL;3;2.9;0
Moulins;46.56;3.33;23/07/2026;01:00;16.6;0;SOLEIL;3;5.0;0
Moulins;46.56;3.33;23/07/2026;02:00;13.6;0;SOLEIL;5;6.8;0
Moulins;46.56;3.33;23/07/2026;03:00;13.6;0;SOLEIL;5;7.2;0
Moulins;46.56;3.33;23/07/2026;04:00;13.6;0;SOLEIL;5;7.6;0
Moulins;46.56;3.33;23/07/2026;05:00;16.1;0;SOLEIL;2;7.6;0
Moulins;46.56;3.33;23/07/2026;06:00;16.1;0;SOLEIL;2;7.6;0
Moulins;46.56;3.33;23/07/2026;07:00;16.1;0;SOLEIL;2;7.2;0
Moulins;46.56;3.33;23/07/2026;08:00;17.5;0;SOLEIL;5;7.6;0
Moulins;46.56;3.33;23/07/2026;09:00;19.4;0;SOLEIL;5;8.3;0
Moulins;46.56;3.33;23/07/2026;10:00;21.3;0;SOLEIL;5;9.0;0
Moulins;46.56;3.33;23/07/2026;11:00;27.6;0;SOLEIL;4;10.4;0
Moulins;46.56;3.33;23/07/2026;12:00;27.6;0;SOLEIL;4;12.6;0
Moulins;46.56;3.33;23/07/2026;13:00;27.6;0;SOLEIL;4;15.5;0
Moulins;46.56;3.33;23/07/2026;14:00;29.1;0;SOLEIL;5;17.6;0
Moulins;46.56;3.33;23/07/2026;15:00;31.0;0;SOLEIL;5;18.4;0
Moulins;46.56;3.33;23/07/2026;16:00;29.1;0;SOLEIL;5;18.0;0
Moulins;46.56;3.33;23/07/2026;17:00;29;0;SOLEIL;4;18.0;0
Moulins;46.56;3.33;23/07/2026;18:00;29;0;SOLEIL;4;19.1;0
Moulins;46.56;3.33;23/07/2026;19:00;29;0;SOLEIL;4;19.8;0
Moulins;46.56;3.33;23/07/2026;20:00;21.3;0;SOLEIL;5;19.4;0
Moulins;46.56;3.33;23/07/2026;21:00;19.4;0;SOLEIL;5;15.8;0
Moulins;46.56;3.33;23/07/2026;22:00;17.5;0;SOLEIL;5;10.8;0
Moulins;46.56;3.33;23/07/2026;23:00;16.2;0;SOLEIL;2;7.2;0
Moulins;46.56;3.33;24/07/2026;00:00;16.2;0;SOLEIL;2;12.4;0
Moulins;46.56;3.33;24/07/2026;01:00;16.2;0;SOLEIL;2;18.0;0
Moulins;46.56;3.33;24/07/2026;02:00;13.7;0;SOLEIL;5;22.2;0
Moulins;46.56;3.33;24/07/2026;03:00;13.7;0;SOLEIL;5;24.5;0
Moulins;46.56;3.33;24/07/2026;04:00;13.7;0;SOLEIL;5;21.6;0
Moulins;46.56;3.33;24/07/2026;05:00;17;0;SOLEIL;2;18.4;0
Moulins;46.56;3.33;24/07/2026;06:00;17;0;SOLEIL;2;15.1;0
Moulins;46.56;3.33;24/07/2026;07:00;17;0;SOLEIL;2;13.3;0
Moulins;46.56;3.33;24/07/2026;08:00;17.8;0;SOLEIL;5;12.6;0
Moulins;46.56;3.33;24/07/2026;09:00;19.9;0;SOLEIL;5;14.0;0
Moulins;46.56;3.33;24/07/2026;10:00;21.9;0;SOLEIL;5;16.9;0
Moulins;46.56;3.33;24/07/2026;11:00;28.7;0;SOLEIL;3;20.9;0
Moulins;46.56;3.33;24/07/2026;12:00;28.7;0;SOLEIL;3;24.8;0
Moulins;46.56;3.33;24/07/2026;13:00;28.7;0;SOLEIL;3;28.1;0
Moulins;46.56;3.33;24/07/2026;14:00;30.1;0;SOLEIL;5;30.2;0
Moulins;46.56;3.33;24/07/2026;15:00;32.2;0;SOLEIL;5;31.0;0
Moulins;46.56;3.33;24/07/2026;16:00;30.1;0;SOLEIL;5;30.6;0
Moulins;46.56;3.33;24/07/2026;17:00;30;0;SOLEIL;3;29.9;0
Moulins;46.56;3.33;24/07/2026;18:00;30;0;SOLEIL;3;28.4;0
Moulins;46.56;3.33;24/07/2026;19:00;30;0;SOLEIL;3;27.4;0
Moulins;46.56;3.33;24/07/2026;20:00;21.9;0;SOLEIL;5;26.3;0
Moulins;46.56;3.33;24/07/2026;21:00;19.9;0;SOLEIL;5;25.2;0
Moulins;46.56;3.33;24/07/2026;22:00;17.8;0;SOLEIL;5;24.1;0
Moulins;46.56;3.33;24/07/2026;23:00;18.4;0;SOLEIL;2;23.0;0
Moulins;46.56;3.33;25/07/2026;00:00;18.4;0;SOLEIL;2;22.0;0
Moulins;46.56;3.33;25/07/2026;01:00;18.4;0;SOLEIL;2;20.5;0
Moulins;46.56;3.33;25/07/2026;02:00;15.9;0;SOLEIL;5;19.4;0
Moulins;46.56;3.33;25/07/2026;03:00;15.9;0;SOLEIL;5;18.0;0
Moulins;46.56;3.33;25/07/2026;04:00;15.9;0;SOLEIL;5;16.2;0
Moulins;46.56;3.33;25/07/2026;05:00;18.6;0;SOLEIL;4;14.8;0
Moulins;46.56;3.33;25/07/2026;06:00;18.6;0;SOLEIL;4;13.3;0
Moulins;46.56;3.33;25/07/2026;07:00;18.6;0;SOLEIL;4;11.9;0
Moulins;46.56;3.33;25/07/2026;08:00;19.1;0;SOLEIL;5;11.5;0
Moulins;46.56;3.33;25/07/2026;09:00;20.7;0;SOLEIL;5;11.5;0
Moulins;46.56;3.33;25/07/2026;10:00;22.3;0;SOLEIL;5;11.5;0
Moulins;46.56;3.33;25/07/2026;11:00;28.1;0;SOLEIL;5;11.9;0
Moulins;46.56;3.33;25/07/2026;12:00;28.1;0;SOLEIL;5;13.0;0
Moulins;46.56;3.33;25/07/2026;13:00;28.1;0;SOLEIL;5;14.8;0
Moulins;46.56;3.33;25/07/2026;14:00;28.8;0;SOLEIL;5;17.6;0
Moulins;46.56;3.33;25/07/2026;15:00;30.4;0;SOLEIL;5;22.3;0
Moulins;46.56;3.33;25/07/2026;16:00;28.8;0;SOLEIL;5;28.4;0
Moulins;46.56;3.33;25/07/2026;17:00;27.2;0;SOLEIL;6;35.6;0
Moulins;46.56;3.33;25/07/2026;18:00;27.2;0;SOLEIL;6;42.8;0
Moulins;46.56;3.33;25/07/2026;19:00;27.2;0;SOLEIL;6;49.0;0
Moulins;46.56;3.33;25/07/2026;20:00;22.3;0;SOLEIL;5;53.6;0
Moulins;46.56;3.33;25/07/2026;21:00;20.7;0;SOLEIL;5;56.5;0
Moulins;46.56;3.33;25/07/2026;22:00;19.1;0;SOLEIL;5;58.0;0
Moulins;46.56;3.33;25/07/2026;23:00;18.4;0;SOLEIL;4;59.0;0
Moulins;46.56;3.33;26/07/2026;00:00;18.4;0;SOLEIL;4;59.0;0
Moulins;46.56;3.33;26/07/2026;01:00;18.4;0;SOLEIL;4;58.7;0
Moulins;46.56;3.33;26/07/2026;02:00;15.6;0;SOLEIL;5;58.0;0
Moulins;46.56;3.33;26/07/2026;03:00;15.6;0;SOLEIL;5;56.5;0
Moulins;46.56;3.33;26/07/2026;04:00;15.6;0;SOLEIL;5;54.0;0
Moulins;46.56;3.33;26/07/2026;05:00;;0;SOLEIL;;51.1;0
Moulins;46.56;3.33;26/07/2026;06:00;;0;SOLEIL;;47.9;0
Moulins;46.56;3.33;26/07/2026;07:00;;0;SOLEIL;;45.4;0
Moulins;46.56;3.33;26/07/2026;08:00;17.8;0;SOLEIL;5;43.9;0
Moulins;46.56;3.33;26/07/2026;09:00;18.9;0;SOLEIL;5;43.6;0
Moulins;46.56;3.33;26/07/2026;10:00;20.0;0;SOLEIL;5;43.6;0
Moulins;46.56;3.33;26/07/2026;11:00;;0;SOLEIL;;44.3;0
Moulins;46.56;3.33;26/07/2026;12:00;;0;SOLEIL;;45.4;0
Moulins;46.56;3.33;26/07/2026;13:00;;0;SOLEIL;;46.4;0
Moulins;46.56;3.33;26/07/2026;14:00;24.5;0;SOLEIL;5;47.2;0
Moulins;46.56;3.33;26/07/2026;15:00;25.6;0;SOLEIL;5;47.9;0
Moulins;46.56;3.33;26/07/2026;16:00;24.5;0;SOLEIL;5;48.6;0
Moulins;46.56;3.33;26/07/2026;17:00;;0;SOLEIL;;49.7;0
Moulins;46.56;3.33;26/07/2026;18:00;;0;SOLEIL;;50.4;0
Moulins;46.56;3.33;26/07/2026;19:00;;0;SOLEIL;;50.8;0
Moulins;46.56;3.33;26/07/2026;20:00;20.0;0;SOLEIL;5;50.8;0
Moulins;46.56;3.33;26/07/2026;21:00;18.9;0;SOLEIL;5;50.4;0
Moulins;46.56;3.33;26/07/2026;22:00;17.8;0;SOLEIL;5;49.3;0
Moulins;46.56;3.33;26/07/2026;23:00;;0;SOLEIL;;48.2;0
Moulins;46.56;3.33;27/07/2026;00:00;;0;SOLEIL;;46.8;0
Moulins;46.56;3.33;27/07/2026;01:00;;0;SOLEIL;;45.4;0
Moulins;46.56;3.33;27/07/2026;02:00;15.1;0;SOLEIL;5;43.9;0
Moulins;46.56;3.33;27/07/2026;03:00;15.1;0;SOLEIL;5;42.1;0
Moulins;46.56;3.33;27/07/2026;04:00;15.1;0;SOLEIL;5;39.6;0
Moulins;46.56;3.33;27/07/2026;05:00;;0;SOLEIL;;37.1;0
Moulins;46.56;3.33;27/07/2026;06:00;;0;SOLEIL;;34.9;0
Moulins;46.56;3.33;27/07/2026;07:00;;0;SOLEIL;;33.1;0
Moulins;46.56;3.33;27/07/2026;08:00;17.7;0;SOLEIL;5;32.0;0
Moulins;46.56;3.33;27/07/2026;09:00;18.9;0;SOLEIL;5;32.0;0
Moulins;46.56;3.33;27/07/2026;10:00;20.2;0;SOLEIL;5;32.4;0
Moulins;46.56;3.33;27/07/2026;11:00;;0;SOLEIL;;33.5;0
Moulins;46.56;3.33;27/07/2026;12:00;;0;SOLEIL;;34.9;0
Moulins;46.56;3.33;27/07/2026;13:00;;0;SOLEIL;;36.0;0
Moulins;46.56;3.33;27/07/2026;14:00;25.3;0;SOLEIL;5;37.1;0
Moulins;46.56;3.33;27/07/2026;15:00;26.6;0;SOLEIL;5;38.2;0
Moulins;46.56;3.33;27/07/2026;16:00;25.3;0;SOLEIL;5;39.2;0
Moulins;46.56;3.33;27/07/2026;17:00;;0;SOLEIL;;40.3;0
Moulins;46.56;3.33;27/07/2026;18:00;;0;SOLEIL;;41.4;0
Moulins;46.56;3.33;27/07/2026;19:00;;0;SOLEIL;;42.1;0
Moulins;46.56;3.33;27/07/2026;20:00;20.2;0;SOLEIL;5;42.5;0
Moulins;46.56;3.33;27/07/2026;21:00;18.9;0;SOLEIL;5;42.5;0
Moulins;46.56;3.33;27/07/2026;22:00;17.7;0;SOLEIL;5;42.5;0
Moulins;46.56;3.33;27/07/2026;23:00;;6;AVERSES;;42.5;0
Moulins;46.56;3.33;28/07/2026;00:00;;6;AVERSES;;41.8;0
Moulins;46.56;3.33;28/07/2026;01:00;;6;AVERSES;;41.0;0
Moulins;46.56;3.33;28/07/2026;02:00;14.5;6;AVERSES;5;40.0;0
Moulins;46.56;3.33;28/07/2026;03:00;14.5;6;AVERSES;5;38.2;0
Moulins;46.56;3.33;28/07/2026;04:00;14.5;6;AVERSES;5;36.0;0
Moulins;46.56;3.33;28/07/2026;05:00;;6;AVERSES;;33.5;0
Moulins;46.56;3.33;28/07/2026;06:00;;6;AVERSES;;31.0;0
Moulins;46.56;3.33;28/07/2026;07:00;;6;AVERSES;;28.8;0
Moulins;46.56;3.33;28/07/2026;08:00;17.3;6;AVERSES;5;27.4;0
Moulins;46.56;3.33;28/07/2026;09:00;18.7;6;AVERSES;5;26.6;0
Moulins;46.56;3.33;28/07/2026;10:00;20.1;6;AVERSES;5;26.6;0
Moulins;46.56;3.33;28/07/2026;11:00;;6;AVERSES;;27.0;0
Moulins;46.56;3.33;28/07/2026;12:00;;6;AVERSES;;27.7;0
Moulins;46.56;3.33;28/07/2026;13:00;;6;AVERSES;;28.4;0
Moulins;46.56;3.33;28/07/2026;14:00;25.8;6;AVERSES;5;28.8;0
Moulins;46.56;3.33;28/07/2026;15:00;27.2;6;AVERSES;5;29.2;0
Moulins;46.56;3.33;28/07/2026;16:00;25.8;6;AVERSES;5;29.9;0
Moulins;46.56;3.33;28/07/2026;17:00;;6;AVERSES;;30.6;0
Moulins;46.56;3.33;28/07/2026;18:00;;6;AVERSES;;31.3;0
Moulins;46.56;3.33;28/07/2026;19:00;;6;AVERSES;;31.7;0
Moulins;46.56;3.33;28/07/2026;20:00;20.1;6;AVERSES;5;31.7;0
Moulins;46.56;3.33;28/07/2026;21:00;18.7;6;AVERSES;5;31.3;0
Moulins;46.56;3.33;28/07/2026;22:00;17.3;6;AVERSES;5;31.0;0
Moulins;46.56;3.33;28/07/2026;23:00;;6;AVERSES;;30.2;0
Moulins;46.56;3.33;29/07/2026;00:00;;6;AVERSES;;29.5;0
Moulins;46.56;3.33;29/07/2026;01:00;;6;AVERSES;;28.4;0
Moulins;46.56;3.33;29/07/2026;02:00;13.9;6;AVERSES;5;27.0;0
Moulins;46.56;3.33;29/07/2026;03:00;13.9;6;AVERSES;5;25.2;0
Moulins;46.56;3.33;29/07/2026;04:00;13.9;6;AVERSES;5;23.0;0
Moulins;46.56;3.33;29/07/2026;05:00;;6;AVERSES;;20.5;0
Moulins;46.56;3.33;29/07/2026;06:00;;6;AVERSES;;18.0;0
Moulins;46.56;3.33;29/07/2026;07:00;;6;AVERSES;;16.2;0
Moulins;46.56;3.33;29/07/2026;08:00;16.8;6;AVERSES;5;15.1;0
Moulins;46.56;3.33;29/07/2026;09:00;18.3;6;AVERSES;5;14.8;0
Moulins;46.56;3.33;29/07/2026;10:00;19.8;6;AVERSES;5;15.1;0
Moulins;46.56;3.33;29/07/2026;11:00;;6;AVERSES;;15.8;0
Moulins;46.56;3.33;29/07/2026;12:00;;6;AVERSES;;16.9;0
Moulins;46.56;3.33;29/07/2026;13:00;;6;AVERSES;;18.4;0
Moulins;46.56;3.33;29/07/2026;14:00;25.6;6;AVERSES;5;20.2;0
Moulins;46.56;3.33;29/07/2026;15:00;27.1;6;AVERSES;5;22.3;0
Moulins;46.56;3.33;29/07/2026;16:00;25.6;6;AVERSES;5;25.2;0
Moulins;46.56;3.33;29/07/2026;17:00;;6;AVERSES;;28.1;0
Moulins;46.56;3.33;29/07/2026;18:00;;6;AVERSES;;31.0;0
Moulins;46.56;3.33;29/07/2026;19:00;;6;AVERSES;;33.8;0
Moulins;46.56;3.33;29/07/2026;20:00;19.8;6;AVERSES;5;35.6;0
Moulins;46.56;3.33;29/07/2026;21:00;18.3;6;AVERSES;5;37.1;0
Moulins;46.56;3.33;29/07/2026;22:00;16.8;6;AVERSES;5;38.2;0
Moulins;46.56;3.33;29/07/2026;23:00;;6;AVERSES;;38.5;0
Moulins;46.56;3.33;30/07/2026;00:00;;6;AVERSES;;38.9;0
Moulins;46.56;3.33;30/07/2026;01:00;;6;AVERSES;;38.5;0
Moulins;46.56;3.33;30/07/2026;02:00;14.9;6;AVERSES;5;37.4;0
Moulins;46.56;3.33;30/07/2026;03:00;14.9;6;AVERSES;5;35.3;0
Moulins;46.56;3.33;30/07/2026;04:00;14.9;6;AVERSES;5;31.7;0
Moulins;46.56;3.33;30/07/2026;05:00;;6;AVERSES;;27.7;0
Moulins;46.56;3.33;30/07/2026;06:00;;6;AVERSES;;23.8;0
Moulins;46.56;3.33;30/07/2026;07:00;;6;AVERSES;;20.5;0
Moulins;46.56;3.33;30/07/2026;08:00;17.4;6;AVERSES;5;19.1;0
Moulins;46.56;3.33;30/07/2026;09:00;18.6;6;AVERSES;5;19.4;0
Moulins;46.56;3.33;30/07/2026;10:00;19.9;6;AVERSES;5;21.6;0
Moulins;46.56;3.33;30/07/2026;11:00;;6;AVERSES;;24.5;0
Moulins;46.56;3.33;30/07/2026;12:00;;6;AVERSES;;27.7;0
Moulins;46.56;3.33;30/07/2026;13:00;;6;AVERSES;;30.6;0
Moulins;46.56;3.33;30/07/2026;14:00;24.9;6;AVERSES;5;32.4;0
Moulins;46.56;3.33;30/07/2026;15:00;26.1;6;AVERSES;5;33.5;0
Moulins;46.56;3.33;30/07/2026;16:00;24.9;6;AVERSES;5;34.2;0
Moulins;46.56;3.33;30/07/2026;17:00;;6;AVERSES;;34.9;0
Moulins;46.56;3.33;30/07/2026;18:00;;6;AVERSES;;34.9;0
Moulins;46.56;3.33;30/07/2026;19:00;;6;AVERSES;;35.3;0
Moulins;46.56;3.33;30/07/2026;20:00;19.9;6;AVERSES;5;34.9;0
Moulins;46.56;3.33;30/07/2026;21:00;18.6;6;AVERSES;5;34.2;0
Moulins;46.56;3.33;30/07/2026;22:00;17.4;6;AVERSES;5;33.5;0
Moulins;46.56;3.33;30/07/2026;23:00;16.1;6;AVERSES;5;32.0;0
Moulins;46.56;3.33;31/07/2026;00:00;12;0;SOLEIL;5;25.4;0
Moulins;46.56;3.33;31/07/2026;01:00;12;0;SOLEIL;5;20.2;0
Moulins;46.56;3.33;31/07/2026;02:00;12;0;SOLEIL;5;15.7;0
Moulins;46.56;3.33;31/07/2026;03:00;12;0;SOLEIL;5;10.4;0
Moulins;46.56;3.33;31/07/2026;04:00;12;0;SOLEIL;5;9.0;0
Moulins;46.56;3.33;31/07/2026;05:00;12;0;SOLEIL;5;7.9;0
Moulins;46.56;3.33;31/07/2026;06:00;12;0;SOLEIL;5;7.6;0
Moulins;46.56;3.33;31/07/2026;07:00;13.1;0;SOLEIL;5;7.9;0
Moulins;46.56;3.33;31/07/2026;08:00;14.2;0;SOLEIL;5;7.6;0
Moulins;46.56;3.33;31/07/2026;09:00;15.3;0;SOLEIL;5;6.5;0
Moulins;46.56;3.33;31/07/2026;10:00;16.4;0;SOLEIL;5;5.0;0
Moulins;46.56;3.33;31/07/2026;11:00;17.6;0;SOLEIL;5;4.7;0
Moulins;46.56;3.33;31/07/2026;12:00;18.7;0;SOLEIL;5;5.8;0
Moulins;46.56;3.33;31/07/2026;13:00;19.8;0;SOLEIL;5;7.9;0
Moulins;46.56;3.33;31/07/2026;14:00;20.9;0;SOLEIL;5;9.7;0
Moulins;46.56;3.33;31/07/2026;15:00;22.0;0;SOLEIL;5;11.2;0
Moulins;46.56;3.33;31/07/2026;16:00;20.9;0;SOLEIL;5;12.6;0
Moulins;46.56;3.33;31/07/2026;17:00;19.8;0;SOLEIL;5;13.0;0
Moulins;46.56;3.33;31/07/2026;18:00;18.7;0;SOLEIL;5;11.2;0
Moulins;46.56;3.33;31/07/2026;19:00;17.6;0;SOLEIL;5;8.3;0
Moulins;46.56;3.33;31/07/2026;20:00;16.4;0;SOLEIL;5;6.1;0
Moulins;46.56;3.33;31/07/2026;21:00;15.3;0;SOLEIL;5;5.0;0
Moulins;46.56;3.33;31/07/2026;22:00;14.2;0;SOLEIL;5;4.7;0
Moulins;46.56;3.33;31/07/2026;23:00;13.1;0;SOLEIL;5;4.7;0
Moulins;46.56;3.33;01/08/2026;00:00;12;0;SOLEIL;5;0.0;0
Moulins;46.56;3.33;01/08/2026;01:00;12;0;SOLEIL;5;0.0;0
Moulins;46.56;3.33;01/08/2026;02:00;12;0;SOLEIL;5;0.0;0
Moulins;46.56;3.33;01/08/2026;03:00;12;0;SOLEIL;5;0.0;0
Moulins;46.56;3.33;01/08/2026;04:00;12;0;SOLEIL;5;0.0;0
Moulins;46.56;3.33;01/08/2026;05:00;12;0;SOLEIL;5;0.0;0
Moulins;46.56;3.33;01/08/2026;06:00;12;0;SOLEIL;5;0.0;0
Moulins;46.56;3.33;01/08/2026;07:00;13.1;0;SOLEIL;5;0.0;0
Moulins;46.56;3.33;01/08/2026;08:00;14.2;0;SOLEIL;5;0.0;0
Moulins;46.56;3.33;01/08/2026;09:00;15.3;0;SOLEIL;5;0.0;0
Moulins;46.56;3.33;01/08/2026;10:00;16.4;0;SOLEIL;5;0.0;0
Moulins;46.56;3.33;01/08/2026;11:00;17.6;0;SOLEIL;5;0.0;0
Moulins;46.56;3.33;01/08/2026;12:00;18.7;0;SOLEIL;5;0.0;0
Moulins;46.56;3.33;01/08/2026;13:00;19.8;0;SOLEIL;5;0.0;0
Moulins;46.56;3.33;01/08/2026;14:00;20.9;0;SOLEIL;5;0.0;0
Moulins;46.56;3.33;01/08/2026;15:00;22.0;0;SOLEIL;5;0.0;0
Moulins;46.56;3.33;01/08/2026;16:00;20.9;0;SOLEIL;5;0.0;0
Moulins;46.56;3.33;01/08/2026;17:00;19.8;0;SOLEIL;5;0.0;0
Moulins;46.56;3.33;01/08/2026;18:00;18.7;0;SOLEIL;5;0.0;0
Moulins;46.56;3.33;01/08/2026;19:00;17.6;0;SOLEIL;5;0.0;0
Moulins;46.56;3.33;01/08/2026;20:00;16.4;0;SOLEIL;5;0.0;0
Moulins;46.56;3.33;01/08/2026;21:00;15.3;0;SOLEIL;5;0.0;0
Moulins;46.56;3.33;01/08/2026;22:00;14.2;0;SOLEIL;5;0.0;0
Moulins;46.56;3.33;01/08/2026;23:00;13.1;0;SOLEIL;5;0.0;0
Privas;44.73;4.59;17/07/2026;00:00;18.4;0;SOLEIL;3;17.6;0
Privas;44.73;4.59;17/07/2026;01:00;17.5;0;SOLEIL;3;16.9;0
Privas;44.73;4.59;17/07/2026;02:00;16.9;5;SOLEIL VOILÉ;2;16.9;0
Privas;44.73;4.59;17/07/2026;03:00;16.9;0;SOLEIL;2;18.7;0
Privas;44.73;4.59;17/07/2026;04:00;16.4;0;SOLEIL;2;16.9;0
Privas;44.73;4.59;17/07/2026;05:00;16.7;0;SOLEIL;2;13.7;0
Privas;44.73;4.59;17/07/2026;06:00;19.6;0;SOLEIL;2;13.3;0
Privas;44.73;4.59;17/07/2026;07:00;21.4;0;SOLEIL;3;8.6;0
Privas;44.73;4.59;17/07/2026;08:00;22.6;0;SOLEIL;3;9.0;0
Privas;44.73;4.59;17/07/2026;09:00;24.7;0;SOLEIL;4;16.9;0
Privas;44.73;4.59;17/07/2026;10:00;24.5;0;SOLEIL;4;24.5;0
Privas;44.73;4.59;17/07/2026;11:00;25.7;0;SOLEIL;4;34.2;0
Privas;44.73;4.59;17/07/2026;12:00;27.4;0;SOLEIL;4;35.6;0
Privas;44.73;4.59;17/07/2026;13:00;28.6;10;ORAGEUX;4;34.6;0.1
Privas;44.73;4.59;17/07/2026;14:00;28.5;10;ORAGEUX;4;37.1;0.1
Privas;44.73;4.59;17/07/2026;15:00;29.2;10;ORAGEUX;5;36.0;0.1
Privas;44.73;4.59;17/07/2026;16:00;28.6;10;ORAGEUX;4;41.4;0.1
Privas;44.73;4.59;17/07/2026;17:00;27.6;10;ORAGEUX;4;40.0;0.1
Privas;44.73;4.59;17/07/2026;18:00;26;10;ORAGEUX;4;39.2;0.1
Privas;44.73;4.59;17/07/2026;19:00;24.4;10;ORAGEUX;3;42.8;0.1
Privas;44.73;4.59;17/07/2026;20:00;21.2;10;ORAGEUX;3;56.2;0.1
Privas;44.73;4.59;17/07/2026;21:00;20.4;0;SOLEIL;2;30.6;0
Privas;44.73;4.59;17/07/2026;22:00;20.1;0;SOLEIL;2;23.0;0
Privas;44.73;4.59;17/07/2026;23:00;18.7;0;SOLEIL;2;18.0;0
Privas;44.73;4.59;18/07/2026;00:00;17.7;0;SOLEIL;2;13.3;0
Privas;44.73;4.59;18/07/2026;01:00;17.7;0;SOLEIL;2;13.3;0
Privas;44.73;4.59;18/07/2026;02:00;15.1;0;SOLEIL;2;13.3;0
Privas;44.73;4.59;18/07/2026;03:00;15.1;0;SOLEIL;2;13.7;0
Privas;44.73;4.59;18/07/2026;04:00;15.1;0;SOLEIL;2;11.2;0
Privas;44.73;4.59;18/07/2026;05:00;17.1;0;SOLEIL;2;9.0;0
Privas;44.73;4.59;18/07/2026;06:00;17.1;0;SOLEIL;2;7.9;0
Privas;44.73;4.59;18/07/2026;07:00;17.1;0;SOLEIL;2;9.7;0
Privas;44.73;4.59;18/07/2026;08:00;23.1;0;SOLEIL;1;12.2;0
Privas;44.73;4.59;18/07/2026;09:00;23.1;0;SOLEIL;1;21.2;0
Privas;44.73;4.59;18/07/2026;10:00;23.1;0;SOLEIL;1;24.1;0
Privas;44.73;4.59;18/07/2026;11:00;26.9;0;SOLEIL;2;23.8;0
Privas;44.73;4.59;18/07/2026;12:00;26.9;0;SOLEIL;2;19.3;0
Privas;44.73;4.59;18/07/2026;13:00;26.9;0;SOLEIL;2;17.1;0
Privas;44.73;4.59;18/07/2026;14:00;28.1;0;SOLEIL;2;16.3;0
Privas;44.73;4.59;18/07/2026;15:00;28.1;0;SOLEIL;2;16.6;0
Privas;44.73;4.59;18/07/2026;16:00;28.1;0;SOLEIL;2;16.6;0
Privas;44.73;4.59;18/07/2026;17:00;27.6;0;SOLEIL;1;16.9;0
Privas;44.73;4.59;18/07/2026;18:00;27.6;0;SOLEIL;1;18.0;0
Privas;44.73;4.59;18/07/2026;19:00;27.6;0;SOLEIL;1;24.1;0
Privas;44.73;4.59;18/07/2026;20:00;21.1;0;SOLEIL;2;26.6;0
Privas;44.73;4.59;18/07/2026;21:00;21.1;0;SOLEIL;2;24.8;0
Privas;44.73;4.59;18/07/2026;22:00;21.1;0;SOLEIL;2;14.8;0
Privas;44.73;4.59;18/07/2026;23:00;18.2;0;SOLEIL;2;5.8;0
Privas;44.73;4.59;19/07/2026;00:00;18.2;0;SOLEIL;2;1.1;0
Privas;44.73;4.59;19/07/2026;01:00;18.2;0;SOLEIL;2;5.8;0
Privas;44.73;4.59;19/07/2026;02:00;15.9;0;SOLEIL;1;5.8;0
Privas;44.73;4.59;19/07/2026;03:00;15.9;0;SOLEIL;1;10.1;0
Privas;44.73;4.59;19/07/2026;04:00;15.9;0;SOLEIL;1;8.3;0
Privas;44.73;4.59;19/07/2026;05:00;18.5;0;SOLEIL;3;13.3;0
Privas;44.73;4.59;19/07/2026;06:00;18.5;0;SOLEIL;3;16.9;0
Privas;44.73;4.59;19/07/2026;07:00;18.5;0;SOLEIL;3;17.6;0
Privas;44.73;4.59;19/07/2026;08:00;23.2;0;SOLEIL;4;23.4;0
Privas;44.73;4.59;19/07/2026;09:00;23.2;0;SOLEIL;4;28.8;0
Privas;44.73;4.59;19/07/2026;10:00;23.2;0;SOLEIL;4;29.9;0
Privas;44.73;4.59;19/07/2026;11:00;26.4;0;SOLEIL;4;30.6;0
Privas;44.73;4.59;19/07/2026;12:00;26.4;0;SOLEIL;4;31.7;0
Privas;44.73;4.59;19/07/2026;13:00;26.4;0;SOLEIL;4;31.3;0
Privas;44.73;4.59;19/07/2026;14:00;27.5;0;SOLEIL;4;31.0;0
Privas;44.73;4.59;19/07/2026;15:00;27.5;0;SOLEIL;4;33.5;0
Privas;44.73;4.59;19/07/2026;16:00;27.5;0;SOLEIL;4;33.5;0
Privas;44.73;4.59;19/07/2026;17:00;25.2;0;SOLEIL;5;34.9;0
Privas;44.73;4.59;19/07/2026;18:00;25.2;0;SOLEIL;5;36.4;0
Privas;44.73;4.59;19/07/2026;19:00;25.2;0;SOLEIL;5;36.4;0
Privas;44.73;4.59;19/07/2026;20:00;21.3;0;SOLEIL;5;33.1;0
Privas;44.73;4.59;19/07/2026;21:00;19.9;0;SOLEIL;5;28.1;0
Privas;44.73;4.59;19/07/2026;22:00;18.5;0;SOLEIL;5;21.2;0
Privas;44.73;4.59;19/07/2026;23:00;15.7;0;SOLEIL;3;16.2;0
Privas;44.73;4.59;20/07/2026;00:00;15.7;0;SOLEIL;3;14.0;0
Privas;44.73;4.59;20/07/2026;01:00;15.7;0;SOLEIL;3;13.7;0
Privas;44.73;4.59;20/07/2026;02:00;12.5;0;SOLEIL;5;13.7;0
Privas;44.73;4.59;20/07/2026;03:00;12.5;0;SOLEIL;5;14.8;0
Privas;44.73;4.59;20/07/2026;04:00;12.5;0;SOLEIL;5;16.9;0
Privas;44.73;4.59;20/07/2026;05:00;15.1;0;SOLEIL;2;17.6;0
Privas;44.73;4.59;20/07/2026;06:00;15.1;0;SOLEIL;2;16.2;0
Privas;44.73;4.59;20/07/2026;07:00;15.1;0;SOLEIL;2;13.3;0
Privas;44.73;4.59;20/07/2026;08:00;16.1;0;SOLEIL;5;12.6;0
Privas;44.73;4.59;20/07/2026;09:00;17.9;0;SOLEIL;5;15.5;0
Privas;44.73;4.59;20/07/2026;10:00;19.7;0;SOLEIL;5;19.8;0
Privas;44.73;4.59;20/07/2026;11:00;27.1;0;SOLEIL;4;23.8;0
Privas;44.73;4.59;20/07/2026;12:00;27.1;0;SOLEIL;4;25.9;0
Privas;44.73;4.59;20/07/2026;13:00;27.1;0;SOLEIL;4;27.7;0
Privas;44.73;4.59;20/07/2026;14:00;26.8;0;SOLEIL;5;29.5;0
Privas;44.73;4.59;20/07/2026;15:00;28.6;0;SOLEIL;5;32.0;0
Privas;44.73;4.59;20/07/2026;16:00;26.8;0;SOLEIL;5;34.9;0
Privas;44.73;4.59;20/07/2026;17:00;26.4;0;SOLEIL;5;36.7;0
Privas;44.73;4.59;20/07/2026;18:00;26.4;0;SOLEIL;5;37.8;0
Privas;44.73;4.59;20/07/2026;19:00;26.4;0;SOLEIL;5;37.8;0
Privas;44.73;4.59;20/07/2026;20:00;19.7;0;SOLEIL;5;36.0;0
Privas;44.73;4.59;20/07/2026;21:00;17.9;0;SOLEIL;5;31.7;0
Privas;44.73;4.59;20/07/2026;22:00;16.1;0;SOLEIL;5;25.6;0
Privas;44.73;4.59;20/07/2026;23:00;15.1;0;SOLEIL;3;19.8;0
Privas;44.73;4.59;21/07/2026;00:00;15.1;0;SOLEIL;3;14.8;0
Privas;44.73;4.59;21/07/2026;01:00;15.1;0;SOLEIL;3;10.1;0
Privas;44.73;4.59;21/07/2026;02:00;11.6;0;SOLEIL;5;7.2;0
Privas;44.73;4.59;21/07/2026;03:00;11.6;0;SOLEIL;5;7.2;0
Privas;44.73;4.59;21/07/2026;04:00;11.6;0;SOLEIL;5;9.0;0
Privas;44.73;4.59;21/07/2026;05:00;15.1;0;SOLEIL;2;10.1;0
Privas;44.73;4.59;21/07/2026;06:00;15.1;0;SOLEIL;2;9.4;0
Privas;44.73;4.59;21/07/2026;07:00;15.1;0;SOLEIL;2;8.3;0
Privas;44.73;4.59;21/07/2026;08:00;15.5;0;SOLEIL;5;9.0;0
Privas;44.73;4.59;21/07/2026;09:00;17.4;0;SOLEIL;5;12.6;0
Privas;44.73;4.59;21/07/2026;10:00;19.4;0;SOLEIL;5;17.6;0
Privas;44.73;4.59;21/07/2026;11:00;27.1;0;SOLEIL;4;22.3;0
Privas;44.73;4.59;21/07/2026;12:00;27.1;0;SOLEIL;4;25.6;0
Privas;44.73;4.59;21/07/2026;13:00;27.1;0;SOLEIL;4;28.1;0
Privas;44.73;4.59;21/07/2026;14:00;27.2;0;SOLEIL;5;30.2;0
Privas;44.73;4.59;21/07/2026;15:00;29.1;0;SOLEIL;5;31.7;0
Privas;44.73;4.59;21/07/2026;16:00;27.2;0;SOLEIL;5;32.8;0
Privas;44.73;4.59;21/07/2026;17:00;27.1;0;SOLEIL;5;33.5;0
Privas;44.73;4.59;21/07/2026;18:00;27.1;0;SOLEIL;5;33.8;0
Privas;44.73;4.59;21/07/2026;19:00;27.1;0;SOLEIL;5;33.5;0
Privas;44.73;4.59;21/07/2026;20:00;19.4;0;SOLEIL;5;31.0;0
Privas;44.73;4.59;21/07/2026;21:00;17.4;0;SOLEIL;5;24.8;0
Privas;44.73;4.59;21/07/2026;22:00;15.5;0;SOLEIL;5;16.9;0
Privas;44.73;4.59;21/07/2026;23:00;15.1;0;SOLEIL;3;10.8;0
Privas;44.73;4.59;22/07/2026;00:00;15.1;0;SOLEIL;3;7.9;0
Privas;44.73;4.59;22/07/2026;01:00;15.1;0;SOLEIL;3;6.8;0
Privas;44.73;4.59;22/07/2026;02:00;13.4;0;SOLEIL;5;6.1;0
Privas;44.73;4.59;22/07/2026;03:00;13.4;0;SOLEIL;5;5.0;0
Privas;44.73;4.59;22/07/2026;04:00;13.4;0;SOLEIL;5;4.7;0
Privas;44.73;4.59;22/07/2026;05:00;15.5;0;SOLEIL;2;4.0;0
Privas;44.73;4.59;22/07/2026;06:00;15.5;0;SOLEIL;2;2.9;0
Privas;44.73;4.59;22/07/2026;07:00;15.5;0;SOLEIL;2;1.4;0
Privas;44.73;4.59;22/07/2026;08:00;17.1;0;SOLEIL;5;1.8;0
Privas;44.73;4.59;22/07/2026;09:00;18.9;0;SOLEIL;5;4.7;0
Privas;44.73;4.59;22/07/2026;10:00;20.7;0;SOLEIL;5;9.0;0
Privas;44.73;4.59;22/07/2026;11:00;26.5;0;SOLEIL;3;12.6;0
Privas;44.73;4.59;22/07/2026;12:00;26.5;0;SOLEIL;3;14.0;0
Privas;44.73;4.59;22/07/2026;13:00;26.5;0;SOLEIL;3;14.8;0
Privas;44.73;4.59;22/07/2026;14:00;28.1;0;SOLEIL;5;15.1;0
Privas;44.73;4.59;22/07/2026;15:00;29.9;0;SOLEIL;5;15.8;0
Privas;44.73;4.59;22/07/2026;16:00;28.1;0;SOLEIL;5;16.2;0
Privas;44.73;4.59;22/07/2026;17:00;28.1;0;SOLEIL;4;16.2;0
Privas;44.73;4.59;22/07/2026;18:00;28.1;0;SOLEIL;4;16.2;0
Privas;44.73;4.59;22/07/2026;19:00;28.1;0;SOLEIL;4;15.8;0
Privas;44.73;4.59;22/07/2026;20:00;20.7;0;SOLEIL;5;14.8;0
Privas;44.73;4.59;22/07/2026;21:00;18.9;0;SOLEIL;5;12.6;0
Privas;44.73;4.59;22/07/2026;22:00;17.1;0;SOLEIL;5;9.7;0
Privas;44.73;4.59;22/07/2026;23:00;16.7;0;SOLEIL;2;7.6;0
Privas;44.73;4.59;23/07/2026;00:00;16.7;0;SOLEIL;2;6.1;0
Privas;44.73;4.59;23/07/2026;01:00;16.7;0;SOLEIL;2;5.4;0
Privas;44.73;4.59;23/07/2026;02:00;14.2;0;SOLEIL;5;4.7;0
Privas;44.73;4.59;23/07/2026;03:00;14.2;0;SOLEIL;5;3.6;0
Privas;44.73;4.59;23/07/2026;04:00;14.2;0;SOLEIL;5;2.5;0
Privas;44.73;4.59;23/07/2026;05:00;16.7;0;SOLEIL;2;2.2;0
Privas;44.73;4.59;23/07/2026;06:00;16.7;0;SOLEIL;2;3.6;0
Privas;44.73;4.59;23/07/2026;07:00;16.7;0;SOLEIL;2;5.8;0
Privas;44.73;4.59;23/07/2026;08:00;17.8;0;SOLEIL;5;7.2;0
Privas;44.73;4.59;23/07/2026;09:00;19.6;0;SOLEIL;5;7.2;0
Privas;44.73;4.59;23/07/2026;10:00;21.4;0;SOLEIL;5;6.8;0
Privas;44.73;4.59;23/07/2026;11:00;27.2;0;SOLEIL;4;7.6;0
Privas;44.73;4.59;23/07/2026;12:00;27.2;0;SOLEIL;4;10.8;0
Privas;44.73;4.59;23/07/2026;13:00;27.2;0;SOLEIL;4;14.8;0
Privas;44.73;4.59;23/07/2026;14:00;28.7;0;SOLEIL;5;18.4;0
Privas;44.73;4.59;23/07/2026;15:00;30.5;0;SOLEIL;5;20.5;0
Privas;44.73;4.59;23/07/2026;16:00;28.7;0;SOLEIL;5;22.0;0
Privas;44.73;4.59;23/07/2026;17:00;28.6;0;SOLEIL;4;22.7;0
Privas;44.73;4.59;23/07/2026;18:00;28.6;0;SOLEIL;4;23.0;0
Privas;44.73;4.59;23/07/2026;19:00;28.6;0;SOLEIL;4;22.7;0
Privas;44.73;4.59;23/07/2026;20:00;21.4;0;SOLEIL;5;20.9;0
Privas;44.73;4.59;23/07/2026;21:00;19.6;0;SOLEIL;5;16.2;0
Privas;44.73;4.59;23/07/2026;22:00;17.8;0;SOLEIL;5;10.1;0
Privas;44.73;4.59;23/07/2026;23:00;16.5;0;SOLEIL;2;5.8;0
Privas;44.73;4.59;24/07/2026;00:00;16.5;0;SOLEIL;2;11.3;0
Privas;44.73;4.59;24/07/2026;01:00;16.5;0;SOLEIL;2;17.6;0
Privas;44.73;4.59;24/07/2026;02:00;14.2;0;SOLEIL;5;22.9;0
Privas;44.73;4.59;24/07/2026;03:00;14.2;0;SOLEIL;5;27.0;0
Privas;44.73;4.59;24/07/2026;04:00;14.2;0;SOLEIL;5;24.5;0
Privas;44.73;4.59;24/07/2026;05:00;17.6;0;SOLEIL;2;21.6;0
Privas;44.73;4.59;24/07/2026;06:00;17.6;0;SOLEIL;2;19.1;0
Privas;44.73;4.59;24/07/2026;07:00;17.6;0;SOLEIL;2;17.3;0
Privas;44.73;4.59;24/07/2026;08:00;18.3;0;SOLEIL;5;16.2;0
Privas;44.73;4.59;24/07/2026;09:00;20.3;0;SOLEIL;5;16.6;0
Privas;44.73;4.59;24/07/2026;10:00;22.4;0;SOLEIL;5;17.6;0
Privas;44.73;4.59;24/07/2026;11:00;29.6;0;SOLEIL;2;19.4;0
Privas;44.73;4.59;24/07/2026;12:00;29.6;0;SOLEIL;2;21.6;0
Privas;44.73;4.59;24/07/2026;13:00;29.6;0;SOLEIL;2;23.0;0
Privas;44.73;4.59;24/07/2026;14:00;30.6;0;SOLEIL;5;24.1;0
Privas;44.73;4.59;24/07/2026;15:00;32.6;0;SOLEIL;5;24.5;0
Privas;44.73;4.59;24/07/2026;16:00;30.6;0;SOLEIL;5;24.1;0
Privas;44.73;4.59;24/07/2026;17:00;30.1;0;SOLEIL;3;23.8;0
Privas;44.73;4.59;24/07/2026;18:00;30.1;0;SOLEIL;3;23.0;0
Privas;44.73;4.59;24/07/2026;19:00;30.1;0;SOLEIL;3;22.0;0
Privas;44.73;4.59;24/07/2026;20:00;22.4;0;SOLEIL;5;21.2;0
Privas;44.73;4.59;24/07/2026;21:00;20.3;0;SOLEIL;5;20.2;0
Privas;44.73;4.59;24/07/2026;22:00;18.3;0;SOLEIL;5;18.7;0
Privas;44.73;4.59;24/07/2026;23:00;18;0;SOLEIL;3;16.9;0
Privas;44.73;4.59;25/07/2026;00:00;18;0;SOLEIL;3;15.5;0
Privas;44.73;4.59;25/07/2026;01:00;18;0;SOLEIL;3;14.0;0
Privas;44.73;4.59;25/07/2026;02:00;15.2;0;SOLEIL;5;13.3;0
Privas;44.73;4.59;25/07/2026;03:00;15.2;0;SOLEIL;5;13.3;0
Privas;44.73;4.59;25/07/2026;04:00;15.2;0;SOLEIL;5;13.3;0
Privas;44.73;4.59;25/07/2026;05:00;18.2;0;SOLEIL;3;14.0;0
Privas;44.73;4.59;25/07/2026;06:00;18.2;0;SOLEIL;3;14.8;0
Privas;44.73;4.59;25/07/2026;07:00;18.2;0;SOLEIL;3;15.5;0
Privas;44.73;4.59;25/07/2026;08:00;19.2;0;SOLEIL;5;16.6;0
Privas;44.73;4.59;25/07/2026;09:00;21.2;0;SOLEIL;5;17.6;0
Privas;44.73;4.59;25/07/2026;10:00;23.2;0;SOLEIL;5;18.7;0
Privas;44.73;4.59;25/07/2026;11:00;31.5;0;SOLEIL;5;19.8;0
Privas;44.73;4.59;25/07/2026;12:00;31.5;0;SOLEIL;5;21.2;0
Privas;44.73;4.59;25/07/2026;13:00;31.5;0;SOLEIL;5;23.0;0
Privas;44.73;4.59;25/07/2026;14:00;31.1;0;SOLEIL;5;24.8;0
Privas;44.73;4.59;25/07/2026;15:00;33.1;0;SOLEIL;5;27.0;0
Privas;44.73;4.59;25/07/2026;16:00;31.1;0;SOLEIL;5;29.9;0
Privas;44.73;4.59;25/07/2026;17:00;28.5;0;SOLEIL;5;32.8;0
Privas;44.73;4.59;25/07/2026;18:00;28.5;0;SOLEIL;5;35.3;0
Privas;44.73;4.59;25/07/2026;19:00;28.5;0;SOLEIL;5;37.8;0
Privas;44.73;4.59;25/07/2026;20:00;23.2;0;SOLEIL;5;40.0;0
Privas;44.73;4.59;25/07/2026;21:00;21.2;0;SOLEIL;5;41.4;0
Privas;44.73;4.59;25/07/2026;22:00;19.2;0;SOLEIL;5;42.5;0
Privas;44.73;4.59;25/07/2026;23:00;18.6;0;SOLEIL;5;43.6;0
Privas;44.73;4.59;26/07/2026;00:00;18.6;0;SOLEIL;5;44.3;0
Privas;44.73;4.59;26/07/2026;01:00;18.6;0;SOLEIL;5;44.6;0
Privas;44.73;4.59;26/07/2026;02:00;16.1;0;SOLEIL;5;45.0;0
Privas;44.73;4.59;26/07/2026;03:00;16.1;0;SOLEIL;5;45.0;0
Privas;44.73;4.59;26/07/2026;04:00;16.1;0;SOLEIL;5;44.6;0
Privas;44.73;4.59;26/07/2026;05:00;;0;SOLEIL;;44.3;0
Privas;44.73;4.59;26/07/2026;06:00;;0;SOLEIL;;43.9;0
Privas;44.73;4.59;26/07/2026;07:00;;0;SOLEIL;;43.6;0
Privas;44.73;4.59;26/07/2026;08:00;18.5;0;SOLEIL;5;43.9;0
Privas;44.73;4.59;26/07/2026;09:00;19.7;0;SOLEIL;5;44.6;0
Privas;44.73;4.59;26/07/2026;10:00;20.9;0;SOLEIL;5;46.1;0
Privas;44.73;4.59;26/07/2026;11:00;;0;SOLEIL;;47.9;0
Privas;44.73;4.59;26/07/2026;12:00;;0;SOLEIL;;49.3;0
Privas;44.73;4.59;26/07/2026;13:00;;0;SOLEIL;;50.8;0
Privas;44.73;4.59;26/07/2026;14:00;25.7;0;SOLEIL;5;51.5;0
Privas;44.73;4.59;26/07/2026;15:00;26.9;0;SOLEIL;5;51.5;0
Privas;44.73;4.59;26/07/2026;16:00;25.7;0;SOLEIL;5;51.1;0
Privas;44.73;4.59;26/07/2026;17:00;;0;SOLEIL;;50.0;0
Privas;44.73;4.59;26/07/2026;18:00;;0;SOLEIL;;49.3;0
Privas;44.73;4.59;26/07/2026;19:00;;0;SOLEIL;;48.2;0
Privas;44.73;4.59;26/07/2026;20:00;20.9;0;SOLEIL;5;47.5;0
Privas;44.73;4.59;26/07/2026;21:00;19.7;0;SOLEIL;5;47.2;0
Privas;44.73;4.59;26/07/2026;22:00;18.5;0;SOLEIL;5;46.8;0
Privas;44.73;4.59;26/07/2026;23:00;;0;SOLEIL;;46.4;0
Privas;44.73;4.59;27/07/2026;00:00;;0;SOLEIL;;45.7;0
Privas;44.73;4.59;27/07/2026;01:00;;0;SOLEIL;;45.4;0
Privas;44.73;4.59;27/07/2026;02:00;15.6;0;SOLEIL;5;44.3;0
Privas;44.73;4.59;27/07/2026;03:00;15.6;0;SOLEIL;5;42.8;0
Privas;44.73;4.59;27/07/2026;04:00;15.6;0;SOLEIL;5;40.7;0
Privas;44.73;4.59;27/07/2026;05:00;;0;SOLEIL;;38.2;0
Privas;44.73;4.59;27/07/2026;06:00;;0;SOLEIL;;36.0;0
Privas;44.73;4.59;27/07/2026;07:00;;0;SOLEIL;;34.6;0
Privas;44.73;4.59;27/07/2026;08:00;18.0;0;SOLEIL;5;33.8;0
Privas;44.73;4.59;27/07/2026;09:00;19.3;0;SOLEIL;5;34.2;0
Privas;44.73;4.59;27/07/2026;10:00;20.5;0;SOLEIL;5;35.3;0
Privas;44.73;4.59;27/07/2026;11:00;;0;SOLEIL;;37.1;0
Privas;44.73;4.59;27/07/2026;12:00;;0;SOLEIL;;39.2;0
Privas;44.73;4.59;27/07/2026;13:00;;0;SOLEIL;;41.0;0
Privas;44.73;4.59;27/07/2026;14:00;25.4;0;SOLEIL;5;42.8;0
Privas;44.73;4.59;27/07/2026;15:00;26.6;0;SOLEIL;5;44.6;0
Privas;44.73;4.59;27/07/2026;16:00;25.4;0;SOLEIL;5;46.4;0
Privas;44.73;4.59;27/07/2026;17:00;;0;SOLEIL;;48.2;0
Privas;44.73;4.59;27/07/2026;18:00;;0;SOLEIL;;49.7;0
Privas;44.73;4.59;27/07/2026;19:00;;0;SOLEIL;;50.8;0
Privas;44.73;4.59;27/07/2026;20:00;20.5;0;SOLEIL;5;50.8;0
Privas;44.73;4.59;27/07/2026;21:00;19.3;0;SOLEIL;5;49.7;0
Privas;44.73;4.59;27/07/2026;22:00;18.0;0;SOLEIL;5;47.5;0
Privas;44.73;4.59;27/07/2026;23:00;;0;SOLEIL;;45.0;0
Privas;44.73;4.59;28/07/2026;00:00;;0;SOLEIL;;42.1;0
Privas;44.73;4.59;28/07/2026;01:00;;0;SOLEIL;;39.2;0
Privas;44.73;4.59;28/07/2026;02:00;15.1;0;SOLEIL;5;37.1;0
Privas;44.73;4.59;28/07/2026;03:00;15.1;0;SOLEIL;5;34.9;0
Privas;44.73;4.59;28/07/2026;04:00;15.1;0;SOLEIL;5;33.1;0
Privas;44.73;4.59;28/07/2026;05:00;;0;SOLEIL;;31.0;0
Privas;44.73;4.59;28/07/2026;06:00;;0;SOLEIL;;29.2;0
Privas;44.73;4.59;28/07/2026;07:00;;0;SOLEIL;;28.1;0
Privas;44.73;4.59;28/07/2026;08:00;17.6;0;SOLEIL;5;27.4;0
Privas;44.73;4.59;28/07/2026;09:00;18.9;0;SOLEIL;5;27.4;0
Privas;44.73;4.59;28/07/2026;10:00;20.1;0;SOLEIL;5;28.1;0
Privas;44.73;4.59;28/07/2026;11:00;;0;SOLEIL;;29.5;0
Privas;44.73;4.59;28/07/2026;12:00;;0;SOLEIL;;30.6;0
Privas;44.73;4.59;28/07/2026;13:00;;0;SOLEIL;;32.0;0
Privas;44.73;4.59;28/07/2026;14:00;25.1;0;SOLEIL;5;32.8;0
Privas;44.73;4.59;28/07/2026;15:00;26.4;0;SOLEIL;5;33.5;0
Privas;44.73;4.59;28/07/2026;16:00;25.1;0;SOLEIL;5;34.2;0
Privas;44.73;4.59;28/07/2026;17:00;;0;SOLEIL;;34.6;0
Privas;44.73;4.59;28/07/2026;18:00;;0;SOLEIL;;34.9;0
Privas;44.73;4.59;28/07/2026;19:00;;0;SOLEIL;;34.9;0
Privas;44.73;4.59;28/07/2026;20:00;20.1;0;SOLEIL;5;34.6;0
Privas;44.73;4.59;28/07/2026;21:00;18.9;0;SOLEIL;5;33.5;0
Privas;44.73;4.59;28/07/2026;22:00;17.6;0;SOLEIL;5;32.0;0
Privas;44.73;4.59;28/07/2026;23:00;;6;AVERSES;;30.2;0
Privas;44.73;4.59;29/07/2026;00:00;;6;AVERSES;;28.1;0
Privas;44.73;4.59;29/07/2026;01:00;;6;AVERSES;;26.3;0
Privas;44.73;4.59;29/07/2026;02:00;14.6;6;AVERSES;5;24.5;0
Privas;44.73;4.59;29/07/2026;03:00;14.6;6;AVERSES;5;22.7;0
Privas;44.73;4.59;29/07/2026;04:00;14.6;6;AVERSES;5;20.5;0
Privas;44.73;4.59;29/07/2026;05:00;;6;AVERSES;;18.7;0
Privas;44.73;4.59;29/07/2026;06:00;;6;AVERSES;;16.9;0
Privas;44.73;4.59;29/07/2026;07:00;;6;AVERSES;;15.8;0
Privas;44.73;4.59;29/07/2026;08:00;17.4;6;AVERSES;5;15.5;0
Privas;44.73;4.59;29/07/2026;09:00;18.8;6;AVERSES;5;16.2;0
Privas;44.73;4.59;29/07/2026;10:00;20.2;6;AVERSES;5;18.4;0
Privas;44.73;4.59;29/07/2026;11:00;;6;AVERSES;;20.9;0
Privas;44.73;4.59;29/07/2026;12:00;;6;AVERSES;;23.4;0
Privas;44.73;4.59;29/07/2026;13:00;;6;AVERSES;;25.9;0
Privas;44.73;4.59;29/07/2026;14:00;25.7;6;AVERSES;5;27.7;0
Privas;44.73;4.59;29/07/2026;15:00;27.1;6;AVERSES;5;29.2;0
Privas;44.73;4.59;29/07/2026;16:00;25.7;6;AVERSES;5;30.2;0
Privas;44.73;4.59;29/07/2026;17:00;;6;AVERSES;;31.3;0
Privas;44.73;4.59;29/07/2026;18:00;;6;AVERSES;;32.0;0
Privas;44.73;4.59;29/07/2026;19:00;;6;AVERSES;;32.4;0
Privas;44.73;4.59;29/07/2026;20:00;20.2;6;AVERSES;5;32.8;0
Privas;44.73;4.59;29/07/2026;21:00;18.8;6;AVERSES;5;32.8;0
Privas;44.73;4.59;29/07/2026;22:00;17.4;6;AVERSES;5;32.0;0
Privas;44.73;4.59;29/07/2026;23:00;;6;AVERSES;;31.7;0
Privas;44.73;4.59;30/07/2026;00:00;;6;AVERSES;;30.6;0
Privas;44.73;4.59;30/07/2026;01:00;;6;AVERSES;;29.9;0
Privas;44.73;4.59;30/07/2026;02:00;15.1;6;AVERSES;5;28.8;0
Privas;44.73;4.59;30/07/2026;03:00;15.1;6;AVERSES;5;27.7;0
Privas;44.73;4.59;30/07/2026;04:00;15.1;6;AVERSES;5;26.3;0
Privas;44.73;4.59;30/07/2026;05:00;;6;AVERSES;;24.5;0
Privas;44.73;4.59;30/07/2026;06:00;;6;AVERSES;;23.0;0
Privas;44.73;4.59;30/07/2026;07:00;;6;AVERSES;;22.3;0
Privas;44.73;4.59;30/07/2026;08:00;17.7;6;AVERSES;5;22.3;0
Privas;44.73;4.59;30/07/2026;09:00;19.1;6;AVERSES;5;23.4;0
Privas;44.73;4.59;30/07/2026;10:00;20.4;6;AVERSES;5;25.2;0
Privas;44.73;4.59;30/07/2026;11:00;;6;AVERSES;;27.7;0
Privas;44.73;4.59;30/07/2026;12:00;;6;AVERSES;;30.2;0
Privas;44.73;4.59;30/07/2026;13:00;;6;AVERSES;;32.8;0
Privas;44.73;4.59;30/07/2026;14:00;25.7;6;AVERSES;5;34.2;0
Privas;44.73;4.59;30/07/2026;15:00;27.0;6;AVERSES;5;34.9;0
Privas;44.73;4.59;30/07/2026;16:00;25.7;6;AVERSES;5;35.6;0
Privas;44.73;4.59;30/07/2026;17:00;;6;AVERSES;;35.6;0
Privas;44.73;4.59;30/07/2026;18:00;;6;AVERSES;;35.6;0
Privas;44.73;4.59;30/07/2026;19:00;;6;AVERSES;;35.3;0
Privas;44.73;4.59;30/07/2026;20:00;20.4;6;AVERSES;5;34.9;0
Privas;44.73;4.59;30/07/2026;21:00;19.1;6;AVERSES;5;34.2;0
Privas;44.73;4.59;30/07/2026;22:00;17.7;6;AVERSES;5;33.1;0
Privas;44.73;4.59;30/07/2026;23:00;16.4;6;AVERSES;5;31.7;0
Privas;44.73;4.59;31/07/2026;00:00;12;0;SOLEIL;5;23.6;0
Privas;44.73;4.59;31/07/2026;01:00;12;0;SOLEIL;5;16.2;0
Privas;44.73;4.59;31/07/2026;02:00;12;0;SOLEIL;5;9.7;0
Privas;44.73;4.59;31/07/2026;03:00;12;0;SOLEIL;5;3.6;0
Privas;44.73;4.59;31/07/2026;04:00;12;0;SOLEIL;5;4.0;0
Privas;44.73;4.59;31/07/2026;05:00;12;0;SOLEIL;5;4.0;0
Privas;44.73;4.59;31/07/2026;06:00;12;0;SOLEIL;5;3.6;0
Privas;44.73;4.59;31/07/2026;07:00;13.1;0;SOLEIL;5;3.2;0
Privas;44.73;4.59;31/07/2026;08:00;14.2;0;SOLEIL;5;3.2;0
Privas;44.73;4.59;31/07/2026;09:00;15.3;0;SOLEIL;5;3.6;0
Privas;44.73;4.59;31/07/2026;10:00;16.4;0;SOLEIL;5;4.0;0
Privas;44.73;4.59;31/07/2026;11:00;17.6;0;SOLEIL;5;4.7;0
Privas;44.73;4.59;31/07/2026;12:00;18.7;0;SOLEIL;5;5.8;0
Privas;44.73;4.59;31/07/2026;13:00;19.8;0;SOLEIL;5;7.2;0
Privas;44.73;4.59;31/07/2026;14:00;20.9;0;SOLEIL;5;8.3;0
Privas;44.73;4.59;31/07/2026;15:00;22.0;0;SOLEIL;5;9.7;0
Privas;44.73;4.59;31/07/2026;16:00;20.9;0;SOLEIL;5;10.8;0
Privas;44.73;4.59;31/07/2026;17:00;19.8;0;SOLEIL;5;11.2;0
Privas;44.73;4.59;31/07/2026;18:00;18.7;0;SOLEIL;5;9.4;0
Privas;44.73;4.59;31/07/2026;19:00;17.6;0;SOLEIL;5;6.8;0
Privas;44.73;4.59;31/07/2026;20:00;16.4;0;SOLEIL;5;4.7;0
Privas;44.73;4.59;31/07/2026;21:00;15.3;0;SOLEIL;5;3.6;0
Privas;44.73;4.59;31/07/2026;22:00;14.2;0;SOLEIL;5;2.9;0
Privas;44.73;4.59;31/07/2026;23:00;13.1;0;SOLEIL;5;2.5;0
Privas;44.73;4.59;01/08/2026;00:00;12;0;SOLEIL;5;0.0;0
Privas;44.73;4.59;01/08/2026;01:00;12;0;SOLEIL;5;0.0;0
Privas;44.73;4.59;01/08/2026;02:00;12;0;SOLEIL;5;0.0;0
Privas;44.73;4.59;01/08/2026;03:00;12;0;SOLEIL;5;0.0;0
Privas;44.73;4.59;01/08/2026;04:00;12;0;SOLEIL;5;0.0;0
Privas;44.73;4.59;01/08/2026;05:00;12;0;SOLEIL;5;0.0;0
Privas;44.73;4.59;01/08/2026;06:00;12;0;SOLEIL;5;0.0;0
Privas;44.73;4.59;01/08/2026;07:00;13.1;0;SOLEIL;5;0.0;0
Privas;44.73;4.59;01/08/2026;08:00;14.2;0;SOLEIL;5;0.0;0
Privas;44.73;4.59;01/08/2026;09:00;15.3;0;SOLEIL;5;0.0;0
Privas;44.73;4.59;01/08/2026;10:00;16.4;0;SOLEIL;5;0.0;0
Privas;44.73;4.59;01/08/2026;11:00;17.6;0;SOLEIL;5;0.0;0
Privas;44.73;4.59;01/08/2026;12:00;18.7;0;SOLEIL;5;0.0;0
Privas;44.73;4.59;01/08/2026;13:00;19.8;0;SOLEIL;5;0.0;0
Privas;44.73;4.59;01/08/2026;14:00;20.9;0;SOLEIL;5;0.0;0
Privas;44.73;4.59;01/08/2026;15:00;22.0;0;SOLEIL;5;0.0;0
Privas;44.73;4.59;01/08/2026;16:00;20.9;0;SOLEIL;5;0.0;0
Privas;44.73;4.59;01/08/2026;17:00;19.8;0;SOLEIL;5;0.0;0
Privas;44.73;4.59;01/08/2026;18:00;18.7;0;SOLEIL;5;0.0;0
Privas;44.73;4.59;01/08/2026;19:00;17.6;0;SOLEIL;5;0.0;0
Privas;44.73;4.59;01/08/2026;20:00;16.4;0;SOLEIL;5;0.0;0
Privas;44.73;4.59;01/08/2026;21:00;15.3;0;SOLEIL;5;0.0;0
Privas;44.73;4.59;01/08/2026;22:00;14.2;0;SOLEIL;5;0.0;0
Privas;44.73;4.59;01/08/2026;23:00;13.1;0;SOLEIL;5;0.0;0
Sablières;44.53;4.07;17/07/2026;00:00;20.1;10;ORAGEUX;3;29.2;12.3
Sablières;44.53;4.07;17/07/2026;01:00;19;10;ORAGEUX;2;22.3;3
Sablières;44.53;4.07;17/07/2026;02:00;18.5;6;AVERSES;2;9.7;0.5
Sablières;44.53;4.07;17/07/2026;03:00;18.7;6;AVERSES;2;12.2;0.1
Sablières;44.53;4.07;17/07/2026;04:00;18.1;6;AVERSES;2;8.6;0.3
Sablières;44.53;4.07;17/07/2026;05:00;18.5;0;SOLEIL;2;4.3;0
Sablières;44.53;4.07;17/07/2026;06:00;20.6;0;SOLEIL;2;4.3;0
Sablières;44.53;4.07;17/07/2026;07:00;23.1;0;SOLEIL;1;8.6;0
Sablières;44.53;4.07;17/07/2026;08:00;25.2;0;SOLEIL;1;6.8;0
Sablières;44.53;4.07;17/07/2026;09:00;26.9;0;SOLEIL;1;8.6;0
Sablières;44.53;4.07;17/07/2026;10:00;28.1;0;SOLEIL;2;13.7;0
Sablières;44.53;4.07;17/07/2026;11:00;29;0;SOLEIL;2;13.3;0
Sablières;44.53;4.07;17/07/2026;12:00;29.2;0;SOLEIL;2;16.9;0
Sablières;44.53;4.07;17/07/2026;13:00;30.6;6;AVERSES;2;19.4;0.1
Sablières;44.53;4.07;17/07/2026;14:00;31.5;6;AVERSES;3;52.2;0.7
Sablières;44.53;4.07;17/07/2026;15:00;28.6;6;AVERSES;3;16.9;0.1
Sablières;44.53;4.07;17/07/2026;16:00;27.6;0;SOLEIL;3;24.1;0
Sablières;44.53;4.07;17/07/2026;17:00;27.6;0;SOLEIL;3;16.9;0
Sablières;44.53;4.07;17/07/2026;18:00;26.5;0;SOLEIL;3;19.4;0
Sablières;44.53;4.07;17/07/2026;19:00;25.5;0;SOLEIL;3;18.7;0
Sablières;44.53;4.07;17/07/2026;20:00;23;0;SOLEIL;3;8.3;0
Sablières;44.53;4.07;17/07/2026;21:00;21.2;0;SOLEIL;3;6.8;0
Sablières;44.53;4.07;17/07/2026;22:00;20.5;0;SOLEIL;3;11.2;0
Sablières;44.53;4.07;17/07/2026;23:00;20.5;0;SOLEIL;3;12.6;0
Sablières;44.53;4.07;18/07/2026;00:00;19.7;0;SOLEIL;3;15.8;0
Sablières;44.53;4.07;18/07/2026;01:00;19.7;0;SOLEIL;3;17.3;0
Sablières;44.53;4.07;18/07/2026;02:00;18;0;SOLEIL;3;17.3;0
Sablières;44.53;4.07;18/07/2026;03:00;18;0;SOLEIL;3;17.6;0
Sablières;44.53;4.07;18/07/2026;04:00;18;0;SOLEIL;3;16.9;0
Sablières;44.53;4.07;18/07/2026;05:00;21.5;0;SOLEIL;3;16.2;0
Sablières;44.53;4.07;18/07/2026;06:00;21.5;0;SOLEIL;3;15.5;0
Sablières;44.53;4.07;18/07/2026;07:00;21.5;0;SOLEIL;3;13.7;0
Sablières;44.53;4.07;18/07/2026;08:00;26.6;0;SOLEIL;3;10.1;0
Sablières;44.53;4.07;18/07/2026;09:00;26.6;0;SOLEIL;3;9.7;0
Sablières;44.53;4.07;18/07/2026;10:00;26.6;0;SOLEIL;3;6.8;0
Sablières;44.53;4.07;18/07/2026;11:00;28;0;SOLEIL;4;11.9;0
Sablières;44.53;4.07;18/07/2026;12:00;28;0;SOLEIL;4;22.5;0
Sablières;44.53;4.07;18/07/2026;13:00;28;0;SOLEIL;4;29.9;0
Sablières;44.53;4.07;18/07/2026;14:00;29.5;0;SOLEIL;4;32.3;0
Sablières;44.53;4.07;18/07/2026;15:00;29.5;0;SOLEIL;4;34.9;0
Sablières;44.53;4.07;18/07/2026;16:00;29.5;0;SOLEIL;4;37.8;0
Sablières;44.53;4.07;18/07/2026;17:00;26.9;0;SOLEIL;4;40.7;0
Sablières;44.53;4.07;18/07/2026;18:00;26.9;0;SOLEIL;4;41.4;0
Sablières;44.53;4.07;18/07/2026;19:00;26.9;0;SOLEIL;4;39.2;0
Sablières;44.53;4.07;18/07/2026;20:00;21.6;0;SOLEIL;2;36.4;0
Sablières;44.53;4.07;18/07/2026;21:00;21.6;0;SOLEIL;2;32.4;0
Sablières;44.53;4.07;18/07/2026;22:00;21.6;0;SOLEIL;2;24.1;0
Sablières;44.53;4.07;18/07/2026;23:00;19.2;0;SOLEIL;2;22.7;0
Sablières;44.53;4.07;19/07/2026;00:00;19.2;0;SOLEIL;2;18.0;0
Sablières;44.53;4.07;19/07/2026;01:00;19.2;0;SOLEIL;2;16.9;0
Sablières;44.53;4.07;19/07/2026;02:00;17.2;0;SOLEIL;2;15.5;0
Sablières;44.53;4.07;19/07/2026;03:00;17.2;0;SOLEIL;2;14.8;0
Sablières;44.53;4.07;19/07/2026;04:00;17.2;0;SOLEIL;2;14.0;0
Sablières;44.53;4.07;19/07/2026;05:00;20.9;0;SOLEIL;2;15.1;0
Sablières;44.53;4.07;19/07/2026;06:00;20.9;0;SOLEIL;2;16.2;0
Sablières;44.53;4.07;19/07/2026;07:00;20.9;0;SOLEIL;2;15.8;0
Sablières;44.53;4.07;19/07/2026;08:00;27.5;0;SOLEIL;4;16.6;0
Sablières;44.53;4.07;19/07/2026;09:00;27.5;0;SOLEIL;4;21.2;0
Sablières;44.53;4.07;19/07/2026;10:00;27.5;0;SOLEIL;4;34.2;0
Sablières;44.53;4.07;19/07/2026;11:00;29.7;0;SOLEIL;5;38.5;0
Sablières;44.53;4.07;19/07/2026;12:00;29.7;0;SOLEIL;5;41.0;0
Sablières;44.53;4.07;19/07/2026;13:00;29.7;0;SOLEIL;5;41.0;0
Sablières;44.53;4.07;19/07/2026;14:00;29;0;SOLEIL;5;42.5;0
Sablières;44.53;4.07;19/07/2026;15:00;29;0;SOLEIL;5;44.3;0
Sablières;44.53;4.07;19/07/2026;16:00;29;0;SOLEIL;5;47.2;0
Sablières;44.53;4.07;19/07/2026;17:00;26.1;0;SOLEIL;5;49.0;0
Sablières;44.53;4.07;19/07/2026;18:00;26.1;0;SOLEIL;5;49.7;0
Sablières;44.53;4.07;19/07/2026;19:00;26.1;0;SOLEIL;5;50.8;0
Sablières;44.53;4.07;19/07/2026;20:00;23.0;0;SOLEIL;5;48.6;0
Sablières;44.53;4.07;19/07/2026;21:00;21.4;0;SOLEIL;5;42.8;0
Sablières;44.53;4.07;19/07/2026;22:00;19.9;0;SOLEIL;5;35.3;0
Sablières;44.53;4.07;19/07/2026;23:00;20.1;0;SOLEIL;4;28.8;0
Sablières;44.53;4.07;20/07/2026;00:00;20.1;0;SOLEIL;4;25.6;0
Sablières;44.53;4.07;20/07/2026;01:00;20.1;0;SOLEIL;4;23.4;0
Sablières;44.53;4.07;20/07/2026;02:00;18.5;0;SOLEIL;5;22.7;0
Sablières;44.53;4.07;20/07/2026;03:00;18.5;0;SOLEIL;5;23.0;0
Sablières;44.53;4.07;20/07/2026;04:00;18.5;0;SOLEIL;5;24.1;0
Sablières;44.53;4.07;20/07/2026;05:00;21.1;0;SOLEIL;4;25.6;0
Sablières;44.53;4.07;20/07/2026;06:00;21.1;0;SOLEIL;4;25.9;0
Sablières;44.53;4.07;20/07/2026;07:00;21.1;0;SOLEIL;4;25.9;0
Sablières;44.53;4.07;20/07/2026;08:00;21.1;0;SOLEIL;5;28.4;0
Sablières;44.53;4.07;20/07/2026;09:00;22.3;0;SOLEIL;5;34.9;0
Sablières;44.53;4.07;20/07/2026;10:00;23.6;0;SOLEIL;5;43.6;0
Sablières;44.53;4.07;20/07/2026;11:00;28.6;0;SOLEIL;5;50.4;0
Sablières;44.53;4.07;20/07/2026;12:00;28.6;0;SOLEIL;5;53.3;0
Sablières;44.53;4.07;20/07/2026;13:00;28.6;0;SOLEIL;5;54.4;0
Sablières;44.53;4.07;20/07/2026;14:00;28.7;0;SOLEIL;5;55.1;0
Sablières;44.53;4.07;20/07/2026;15:00;30.0;0;SOLEIL;5;56.2;0
Sablières;44.53;4.07;20/07/2026;16:00;28.7;0;SOLEIL;5;57.2;0
Sablières;44.53;4.07;20/07/2026;17:00;26.7;0;SOLEIL;6;58.0;0
Sablières;44.53;4.07;20/07/2026;18:00;26.7;0;SOLEIL;6;58.7;0
Sablières;44.53;4.07;20/07/2026;19:00;26.7;0;SOLEIL;6;59.4;0
Sablières;44.53;4.07;20/07/2026;20:00;23.6;0;SOLEIL;5;57.6;0
Sablières;44.53;4.07;20/07/2026;21:00;22.3;0;SOLEIL;5;51.8;0
Sablières;44.53;4.07;20/07/2026;22:00;21.1;0;SOLEIL;5;43.9;0
Sablières;44.53;4.07;20/07/2026;23:00;20.1;0;SOLEIL;4;37.4;0
Sablières;44.53;4.07;21/07/2026;00:00;20.1;0;SOLEIL;4;34.2;0
Sablières;44.53;4.07;21/07/2026;01:00;20.1;0;SOLEIL;4;32.8;0
Sablières;44.53;4.07;21/07/2026;02:00;18;0;SOLEIL;5;31.0;0
Sablières;44.53;4.07;21/07/2026;03:00;18;0;SOLEIL;5;28.4;0
Sablières;44.53;4.07;21/07/2026;04:00;18;0;SOLEIL;5;25.6;0
Sablières;44.53;4.07;21/07/2026;05:00;20.6;0;SOLEIL;4;24.1;0
Sablières;44.53;4.07;21/07/2026;06:00;20.6;0;SOLEIL;4;23.0;0
Sablières;44.53;4.07;21/07/2026;07:00;20.6;0;SOLEIL;4;23.4;0
Sablières;44.53;4.07;21/07/2026;08:00;20.6;0;SOLEIL;5;27.0;0
Sablières;44.53;4.07;21/07/2026;09:00;21.8;0;SOLEIL;5;37.4;0
Sablières;44.53;4.07;21/07/2026;10:00;23.1;0;SOLEIL;5;51.1;0
Sablières;44.53;4.07;21/07/2026;11:00;27.6;0;SOLEIL;6;62.6;0
Sablières;44.53;4.07;21/07/2026;12:00;27.6;0;SOLEIL;6;68.9;0
Sablières;44.53;4.07;21/07/2026;13:00;27.6;0;SOLEIL;6;72.7;0
Sablières;44.53;4.07;21/07/2026;14:00;28.2;0;SOLEIL;5;74.6;0
Sablières;44.53;4.07;21/07/2026;15:00;29.5;0;SOLEIL;5;74.5;0
Sablières;44.53;4.07;21/07/2026;16:00;28.2;0;SOLEIL;5;73.4;0
Sablières;44.53;4.07;21/07/2026;17:00;26.9;0;SOLEIL;5;71.3;0
Sablières;44.53;4.07;21/07/2026;18:00;26.9;0;SOLEIL;5;68.8;0
Sablières;44.53;4.07;21/07/2026;19:00;26.9;0;SOLEIL;5;65.9;0
Sablières;44.53;4.07;21/07/2026;20:00;23.1;0;SOLEIL;5;63.0;0
Sablières;44.53;4.07;21/07/2026;21:00;21.8;0;SOLEIL;5;60.1;0
Sablières;44.53;4.07;21/07/2026;22:00;20.6;0;SOLEIL;5;57.2;0
Sablières;44.53;4.07;21/07/2026;23:00;20;0;SOLEIL;4;54.0;0
Sablières;44.53;4.07;22/07/2026;00:00;20;0;SOLEIL;4;49.7;0
Sablières;44.53;4.07;22/07/2026;01:00;20;0;SOLEIL;4;45.0;0
Sablières;44.53;4.07;22/07/2026;02:00;18.6;0;SOLEIL;5;40.3;0
Sablières;44.53;4.07;22/07/2026;03:00;18.6;0;SOLEIL;5;34.9;0
Sablières;44.53;4.07;22/07/2026;04:00;18.6;0;SOLEIL;5;29.5;0
Sablières;44.53;4.07;22/07/2026;05:00;20.1;0;SOLEIL;4;25.2;0
Sablières;44.53;4.07;22/07/2026;06:00;20.1;0;SOLEIL;4;22.3;0
Sablières;44.53;4.07;22/07/2026;07:00;20.1;0;SOLEIL;4;20.9;0
Sablières;44.53;4.07;22/07/2026;08:00;21.1;0;SOLEIL;5;22.3;0
Sablières;44.53;4.07;22/07/2026;09:00;22.4;0;SOLEIL;5;28.4;0
Sablières;44.53;4.07;22/07/2026;10:00;23.6;0;SOLEIL;5;37.1;0
Sablières;44.53;4.07;22/07/2026;11:00;28.1;0;SOLEIL;5;43.6;0
Sablières;44.53;4.07;22/07/2026;12:00;28.1;0;SOLEIL;5;45.7;0
Sablières;44.53;4.07;22/07/2026;13:00;28.1;0;SOLEIL;5;45.4;0
Sablières;44.53;4.07;22/07/2026;14:00;28.6;0;SOLEIL;5;44.6;0
Sablières;44.53;4.07;22/07/2026;15:00;29.9;0;SOLEIL;5;43.6;0
Sablières;44.53;4.07;22/07/2026;16:00;28.6;0;SOLEIL;5;42.5;0
Sablières;44.53;4.07;22/07/2026;17:00;27.7;0;SOLEIL;5;41.4;0
Sablières;44.53;4.07;22/07/2026;18:00;27.7;0;SOLEIL;5;42.1;0
Sablières;44.53;4.07;22/07/2026;19:00;27.7;0;SOLEIL;5;43.6;0
Sablières;44.53;4.07;22/07/2026;20:00;23.6;0;SOLEIL;5;42.1;0
Sablières;44.53;4.07;22/07/2026;21:00;22.4;0;SOLEIL;5;35.3;0
Sablières;44.53;4.07;22/07/2026;22:00;21.1;0;SOLEIL;5;26.3;0
Sablières;44.53;4.07;22/07/2026;23:00;20.4;0;SOLEIL;4;19.4;0
Sablières;44.53;4.07;23/07/2026;00:00;20.4;0;SOLEIL;4;18.0;0
Sablières;44.53;4.07;23/07/2026;01:00;20.4;0;SOLEIL;4;19.1;0
Sablières;44.53;4.07;23/07/2026;02:00;19.1;0;SOLEIL;5;19.8;0
Sablières;44.53;4.07;23/07/2026;03:00;19.1;0;SOLEIL;5;19.4;0
Sablières;44.53;4.07;23/07/2026;04:00;19.1;0;SOLEIL;5;19.1;0
Sablières;44.53;4.07;23/07/2026;05:00;21.5;0;SOLEIL;4;19.1;0
Sablières;44.53;4.07;23/07/2026;06:00;21.5;0;SOLEIL;4;18.4;0
Sablières;44.53;4.07;23/07/2026;07:00;21.5;0;SOLEIL;4;18.4;0
Sablières;44.53;4.07;23/07/2026;08:00;21.5;0;SOLEIL;5;20.5;0
Sablières;44.53;4.07;23/07/2026;09:00;22.7;0;SOLEIL;5;27.7;0
Sablières;44.53;4.07;23/07/2026;10:00;23.9;0;SOLEIL;5;37.8;0
Sablières;44.53;4.07;23/07/2026;11:00;28.5;0;SOLEIL;6;45.7;0
Sablières;44.53;4.07;23/07/2026;12:00;28.5;0;SOLEIL;6;49.7;0
Sablières;44.53;4.07;23/07/2026;13:00;28.5;0;SOLEIL;6;51.5;0
Sablières;44.53;4.07;23/07/2026;14:00;28.7;0;SOLEIL;5;52.2;0
Sablières;44.53;4.07;23/07/2026;15:00;29.9;0;SOLEIL;5;52.6;0
Sablières;44.53;4.07;23/07/2026;16:00;28.7;0;SOLEIL;5;51.8;0
Sablières;44.53;4.07;23/07/2026;17:00;27.6;0;SOLEIL;6;50.8;0
Sablières;44.53;4.07;23/07/2026;18:00;27.6;0;SOLEIL;6;49.3;0
Sablières;44.53;4.07;23/07/2026;19:00;27.6;0;SOLEIL;6;46.8;0
Sablières;44.53;4.07;23/07/2026;20:00;23.9;0;SOLEIL;5;43.2;0
Sablières;44.53;4.07;23/07/2026;21:00;22.7;0;SOLEIL;5;36.4;0
Sablières;44.53;4.07;23/07/2026;22:00;21.5;0;SOLEIL;5;28.4;0
Sablières;44.53;4.07;23/07/2026;23:00;20.4;0;SOLEIL;4;22.3;0
Sablières;44.53;4.07;24/07/2026;00:00;20.4;0;SOLEIL;4;27.1;0
Sablières;44.53;4.07;24/07/2026;01:00;20.4;0;SOLEIL;4;33.1;0
Sablières;44.53;4.07;24/07/2026;02:00;19;0;SOLEIL;5;38.1;0
Sablières;44.53;4.07;24/07/2026;03:00;19;0;SOLEIL;5;41.8;0
Sablières;44.53;4.07;24/07/2026;04:00;19;0;SOLEIL;5;39.2;0
Sablières;44.53;4.07;24/07/2026;05:00;21.2;0;SOLEIL;4;36.7;0
Sablières;44.53;4.07;24/07/2026;06:00;21.2;0;SOLEIL;4;34.2;0
Sablières;44.53;4.07;24/07/2026;07:00;21.2;0;SOLEIL;4;32.0;0
Sablières;44.53;4.07;24/07/2026;08:00;21.9;0;SOLEIL;5;30.2;0
Sablières;44.53;4.07;24/07/2026;09:00;23.3;0;SOLEIL;5;28.8;0
Sablières;44.53;4.07;24/07/2026;10:00;24.7;0;SOLEIL;5;27.7;0
Sablières;44.53;4.07;24/07/2026;11:00;29.6;0;SOLEIL;5;26.6;0
Sablières;44.53;4.07;24/07/2026;12:00;29.6;0;SOLEIL;5;25.9;0
Sablières;44.53;4.07;24/07/2026;13:00;29.6;0;SOLEIL;5;25.6;0
Sablières;44.53;4.07;24/07/2026;14:00;30.5;0;SOLEIL;5;25.6;0
Sablières;44.53;4.07;24/07/2026;15:00;31.9;0;SOLEIL;5;25.9;0
Sablières;44.53;4.07;24/07/2026;16:00;30.5;0;SOLEIL;5;27.0;0
Sablières;44.53;4.07;24/07/2026;17:00;29.9;0;SOLEIL;5;28.1;0
Sablières;44.53;4.07;24/07/2026;18:00;29.9;0;SOLEIL;5;29.5;0
Sablières;44.53;4.07;24/07/2026;19:00;29.9;0;SOLEIL;5;30.6;0
Sablières;44.53;4.07;24/07/2026;20:00;24.7;0;SOLEIL;5;31.3;0
Sablières;44.53;4.07;24/07/2026;21:00;23.3;0;SOLEIL;5;32.0;0
Sablières;44.53;4.07;24/07/2026;22:00;21.9;0;SOLEIL;5;32.4;0
Sablières;44.53;4.07;24/07/2026;23:00;20.4;0;SOLEIL;3;32.8;0
Sablières;44.53;4.07;25/07/2026;00:00;20.4;0;SOLEIL;3;33.1;0
Sablières;44.53;4.07;25/07/2026;01:00;20.4;0;SOLEIL;3;32.8;0
Sablières;44.53;4.07;25/07/2026;02:00;18.2;0;SOLEIL;5;31.7;0
Sablières;44.53;4.07;25/07/2026;03:00;18.2;0;SOLEIL;5;29.5;0
Sablières;44.53;4.07;25/07/2026;04:00;18.2;0;SOLEIL;5;25.6;0
Sablières;44.53;4.07;25/07/2026;05:00;21;0;SOLEIL;3;21.6;0
Sablières;44.53;4.07;25/07/2026;06:00;21;0;SOLEIL;3;17.6;0
Sablières;44.53;4.07;25/07/2026;07:00;21;0;SOLEIL;3;15.5;0
Sablières;44.53;4.07;25/07/2026;08:00;21.5;0;SOLEIL;5;15.5;0
Sablières;44.53;4.07;25/07/2026;09:00;23.1;0;SOLEIL;5;18.7;0
Sablières;44.53;4.07;25/07/2026;10:00;24.7;0;SOLEIL;5;24.5;0
Sablières;44.53;4.07;25/07/2026;11:00;31.6;0;SOLEIL;5;31.7;0
Sablières;44.53;4.07;25/07/2026;12:00;31.6;0;SOLEIL;5;39.2;0
Sablières;44.53;4.07;25/07/2026;13:00;31.6;0;SOLEIL;5;45.7;0
Sablières;44.53;4.07;25/07/2026;14:00;31.3;0;SOLEIL;5;50.4;0
Sablières;44.53;4.07;25/07/2026;15:00;32.9;0;SOLEIL;5;53.3;0
Sablières;44.53;4.07;25/07/2026;16:00;31.3;0;SOLEIL;5;55.1;0
Sablières;44.53;4.07;25/07/2026;17:00;28.5;0;SOLEIL;5;56.2;0
Sablières;44.53;4.07;25/07/2026;18:00;28.5;0;SOLEIL;5;56.2;0
Sablières;44.53;4.07;25/07/2026;19:00;28.5;0;SOLEIL;5;55.8;0
Sablières;44.53;4.07;25/07/2026;20:00;24.7;0;SOLEIL;5;54.7;0
Sablières;44.53;4.07;25/07/2026;21:00;23.1;0;SOLEIL;5;52.6;0
Sablières;44.53;4.07;25/07/2026;22:00;21.5;0;SOLEIL;5;49.3;0
Sablières;44.53;4.07;25/07/2026;23:00;19.9;0;SOLEIL;2;45.7;0
Sablières;44.53;4.07;26/07/2026;00:00;19.9;0;SOLEIL;2;41.4;0
Sablières;44.53;4.07;26/07/2026;01:00;19.9;0;SOLEIL;2;37.4;0
Sablières;44.53;4.07;26/07/2026;02:00;18.1;0;SOLEIL;5;33.8;0
Sablières;44.53;4.07;26/07/2026;03:00;18.1;0;SOLEIL;5;30.6;0
Sablières;44.53;4.07;26/07/2026;04:00;18.1;0;SOLEIL;5;27.0;0
Sablières;44.53;4.07;26/07/2026;05:00;;0;SOLEIL;;23.4;0
Sablières;44.53;4.07;26/07/2026;06:00;;0;SOLEIL;;20.2;0
Sablières;44.53;4.07;26/07/2026;07:00;;0;SOLEIL;;18.4;0
Sablières;44.53;4.07;26/07/2026;08:00;20.7;0;SOLEIL;5;17.6;0
Sablières;44.53;4.07;26/07/2026;09:00;21.9;0;SOLEIL;5;18.7;0
Sablières;44.53;4.07;26/07/2026;10:00;23.2;0;SOLEIL;5;21.6;0
Sablières;44.53;4.07;26/07/2026;11:00;;0;SOLEIL;;25.2;0
Sablières;44.53;4.07;26/07/2026;12:00;;0;SOLEIL;;29.2;0
Sablières;44.53;4.07;26/07/2026;13:00;;0;SOLEIL;;33.1;0
Sablières;44.53;4.07;26/07/2026;14:00;28.3;0;SOLEIL;5;35.6;0
Sablières;44.53;4.07;26/07/2026;15:00;29.6;0;SOLEIL;5;37.4;0
Sablières;44.53;4.07;26/07/2026;16:00;28.3;0;SOLEIL;5;38.9;0
Sablières;44.53;4.07;26/07/2026;17:00;;0;SOLEIL;;40.0;0
Sablières;44.53;4.07;26/07/2026;18:00;;0;SOLEIL;;40.7;0
Sablières;44.53;4.07;26/07/2026;19:00;;0;SOLEIL;;41.4;0
Sablières;44.53;4.07;26/07/2026;20:00;23.2;0;SOLEIL;5;41.4;0
Sablières;44.53;4.07;26/07/2026;21:00;21.9;0;SOLEIL;5;41.0;0
Sablières;44.53;4.07;26/07/2026;22:00;20.7;0;SOLEIL;5;40.3;0
Sablières;44.53;4.07;26/07/2026;23:00;;0;SOLEIL;;39.2;0
Sablières;44.53;4.07;27/07/2026;00:00;;0;SOLEIL;;38.2;0
Sablières;44.53;4.07;27/07/2026;01:00;;0;SOLEIL;;36.7;0
Sablières;44.53;4.07;27/07/2026;02:00;18.1;0;SOLEIL;5;36.0;0
Sablières;44.53;4.07;27/07/2026;03:00;18.1;0;SOLEIL;5;35.3;0
Sablières;44.53;4.07;27/07/2026;04:00;18.1;0;SOLEIL;5;34.6;0
Sablières;44.53;4.07;27/07/2026;05:00;;0;SOLEIL;;33.8;0
Sablières;44.53;4.07;27/07/2026;06:00;;0;SOLEIL;;33.1;0
Sablières;44.53;4.07;27/07/2026;07:00;;0;SOLEIL;;33.1;0
Sablières;44.53;4.07;27/07/2026;08:00;20.7;0;SOLEIL;5;33.1;0
Sablières;44.53;4.07;27/07/2026;09:00;22.1;0;SOLEIL;5;33.8;0
Sablières;44.53;4.07;27/07/2026;10:00;23.4;0;SOLEIL;5;35.3;0
Sablières;44.53;4.07;27/07/2026;11:00;;0;SOLEIL;;36.7;0
Sablières;44.53;4.07;27/07/2026;12:00;;0;SOLEIL;;38.2;0
Sablières;44.53;4.07;27/07/2026;13:00;;0;SOLEIL;;39.2;0
Sablières;44.53;4.07;27/07/2026;14:00;28.7;0;SOLEIL;5;40.0;0
Sablières;44.53;4.07;27/07/2026;15:00;30.0;0;SOLEIL;5;40.0;0
Sablières;44.53;4.07;27/07/2026;16:00;28.7;0;SOLEIL;5;39.2;0
Sablières;44.53;4.07;27/07/2026;17:00;;0;SOLEIL;;38.5;0
Sablières;44.53;4.07;27/07/2026;18:00;;0;SOLEIL;;37.4;0
Sablières;44.53;4.07;27/07/2026;19:00;;0;SOLEIL;;36.4;0
Sablières;44.53;4.07;27/07/2026;20:00;23.4;0;SOLEIL;5;34.9;0
Sablières;44.53;4.07;27/07/2026;21:00;22.1;0;SOLEIL;5;33.1;0
Sablières;44.53;4.07;27/07/2026;22:00;20.7;0;SOLEIL;5;31.0;0
Sablières;44.53;4.07;27/07/2026;23:00;;0;SOLEIL;;28.8;0
Sablières;44.53;4.07;28/07/2026;00:00;;0;SOLEIL;;26.6;0
Sablières;44.53;4.07;28/07/2026;01:00;;0;SOLEIL;;24.8;0
Sablières;44.53;4.07;28/07/2026;02:00;17.9;0;SOLEIL;5;24.1;0
Sablières;44.53;4.07;28/07/2026;03:00;17.9;0;SOLEIL;5;24.5;0
Sablières;44.53;4.07;28/07/2026;04:00;17.9;0;SOLEIL;5;25.2;0
Sablières;44.53;4.07;28/07/2026;05:00;;0;SOLEIL;;27.0;0
Sablières;44.53;4.07;28/07/2026;06:00;;0;SOLEIL;;28.8;0
Sablières;44.53;4.07;28/07/2026;07:00;;0;SOLEIL;;30.2;0
Sablières;44.53;4.07;28/07/2026;08:00;20.6;0;SOLEIL;5;31.7;0
Sablières;44.53;4.07;28/07/2026;09:00;21.9;0;SOLEIL;5;32.8;0
Sablières;44.53;4.07;28/07/2026;10:00;23.3;0;SOLEIL;5;33.8;0
Sablières;44.53;4.07;28/07/2026;11:00;;0;SOLEIL;;34.6;0
Sablières;44.53;4.07;28/07/2026;12:00;;0;SOLEIL;;35.6;0
Sablières;44.53;4.07;28/07/2026;13:00;;0;SOLEIL;;36.4;0
Sablières;44.53;4.07;28/07/2026;14:00;28.7;0;SOLEIL;5;37.1;0
Sablières;44.53;4.07;28/07/2026;15:00;30.0;0;SOLEIL;5;37.8;0
Sablières;44.53;4.07;28/07/2026;16:00;28.7;0;SOLEIL;5;38.5;0
Sablières;44.53;4.07;28/07/2026;17:00;;0;SOLEIL;;39.2;0
Sablières;44.53;4.07;28/07/2026;18:00;;0;SOLEIL;;40.0;0
Sablières;44.53;4.07;28/07/2026;19:00;;0;SOLEIL;;40.3;0
Sablières;44.53;4.07;28/07/2026;20:00;23.3;0;SOLEIL;5;40.0;0
Sablières;44.53;4.07;28/07/2026;21:00;21.9;0;SOLEIL;5;39.2;0
Sablières;44.53;4.07;28/07/2026;22:00;20.6;0;SOLEIL;5;37.8;0
Sablières;44.53;4.07;28/07/2026;23:00;;0;SOLEIL;;36.0;0
Sablières;44.53;4.07;29/07/2026;00:00;;0;SOLEIL;;34.2;0
Sablières;44.53;4.07;29/07/2026;01:00;;0;SOLEIL;;32.8;0
Sablières;44.53;4.07;29/07/2026;02:00;18.5;0;SOLEIL;5;31.7;0
Sablières;44.53;4.07;29/07/2026;03:00;18.5;0;SOLEIL;5;31.0;0
Sablières;44.53;4.07;29/07/2026;04:00;18.5;0;SOLEIL;5;30.6;0
Sablières;44.53;4.07;29/07/2026;05:00;;0;SOLEIL;;30.2;0
Sablières;44.53;4.07;29/07/2026;06:00;;0;SOLEIL;;30.2;0
Sablières;44.53;4.07;29/07/2026;07:00;;0;SOLEIL;;30.2;0
Sablières;44.53;4.07;29/07/2026;08:00;20.9;0;SOLEIL;5;30.6;0
Sablières;44.53;4.07;29/07/2026;09:00;22.2;0;SOLEIL;5;31.3;0
Sablières;44.53;4.07;29/07/2026;10:00;23.4;0;SOLEIL;5;32.4;0
Sablières;44.53;4.07;29/07/2026;11:00;;0;SOLEIL;;33.8;0
Sablières;44.53;4.07;29/07/2026;12:00;;0;SOLEIL;;34.9;0
Sablières;44.53;4.07;29/07/2026;13:00;;0;SOLEIL;;36.0;0
Sablières;44.53;4.07;29/07/2026;14:00;28.3;0;SOLEIL;5;36.4;0
Sablières;44.53;4.07;29/07/2026;15:00;29.5;0;SOLEIL;5;36.0;0
Sablières;44.53;4.07;29/07/2026;16:00;28.3;0;SOLEIL;5;35.3;0
Sablières;44.53;4.07;29/07/2026;17:00;;0;SOLEIL;;33.8;0
Sablières;44.53;4.07;29/07/2026;18:00;;0;SOLEIL;;32.8;0
Sablières;44.53;4.07;29/07/2026;19:00;;0;SOLEIL;;32.0;0
Sablières;44.53;4.07;29/07/2026;20:00;23.4;0;SOLEIL;5;31.7;0
Sablières;44.53;4.07;29/07/2026;21:00;22.2;0;SOLEIL;5;32.4;0
Sablières;44.53;4.07;29/07/2026;22:00;20.9;0;SOLEIL;5;33.5;0
Sablières;44.53;4.07;29/07/2026;23:00;;0;SOLEIL;;34.9;0
Sablières;44.53;4.07;30/07/2026;00:00;;0;SOLEIL;;36.7;0
Sablières;44.53;4.07;30/07/2026;01:00;;0;SOLEIL;;38.2;0
Sablières;44.53;4.07;30/07/2026;02:00;18.6;0;SOLEIL;5;38.9;0
Sablières;44.53;4.07;30/07/2026;03:00;18.6;0;SOLEIL;5;38.9;0
Sablières;44.53;4.07;30/07/2026;04:00;18.6;0;SOLEIL;5;38.5;0
Sablières;44.53;4.07;30/07/2026;05:00;;0;SOLEIL;;38.2;0
Sablières;44.53;4.07;30/07/2026;06:00;;0;SOLEIL;;37.4;0
Sablières;44.53;4.07;30/07/2026;07:00;;0;SOLEIL;;37.4;0
Sablières;44.53;4.07;30/07/2026;08:00;20.9;0;SOLEIL;5;37.8;0
Sablières;44.53;4.07;30/07/2026;09:00;22.1;0;SOLEIL;5;39.2;0
Sablières;44.53;4.07;30/07/2026;10:00;23.3;0;SOLEIL;5;41.4;0
Sablières;44.53;4.07;30/07/2026;11:00;;0;SOLEIL;;43.9;0
Sablières;44.53;4.07;30/07/2026;12:00;;0;SOLEIL;;46.4;0
Sablières;44.53;4.07;30/07/2026;13:00;;0;SOLEIL;;48.6;0
Sablières;44.53;4.07;30/07/2026;14:00;27.9;0;SOLEIL;5;50.0;0
Sablières;44.53;4.07;30/07/2026;15:00;29.1;0;SOLEIL;5;50.8;0
Sablières;44.53;4.07;30/07/2026;16:00;27.9;0;SOLEIL;5;50.8;0
Sablières;44.53;4.07;30/07/2026;17:00;;0;SOLEIL;;50.8;0
Sablières;44.53;4.07;30/07/2026;18:00;;0;SOLEIL;;50.0;0
Sablières;44.53;4.07;30/07/2026;19:00;;0;SOLEIL;;49.7;0
Sablières;44.53;4.07;30/07/2026;20:00;23.3;0;SOLEIL;5;49.0;0
Sablières;44.53;4.07;30/07/2026;21:00;22.1;0;SOLEIL;5;48.2;0
Sablières;44.53;4.07;30/07/2026;22:00;20.9;0;SOLEIL;5;47.2;0
Sablières;44.53;4.07;30/07/2026;23:00;19.8;0;SOLEIL;5;46.1;0
Sablières;44.53;4.07;31/07/2026;00:00;12;0;SOLEIL;5;41.2;0
Sablières;44.53;4.07;31/07/2026;01:00;12;0;SOLEIL;5;34.7;0
Sablières;44.53;4.07;31/07/2026;02:00;12;0;SOLEIL;5;27.0;0
Sablières;44.53;4.07;31/07/2026;03:00;12;0;SOLEIL;5;18.7;0
Sablières;44.53;4.07;31/07/2026;04:00;12;0;SOLEIL;5;16.2;0
Sablières;44.53;4.07;31/07/2026;05:00;12;0;SOLEIL;5;16.2;0
Sablières;44.53;4.07;31/07/2026;06:00;12;0;SOLEIL;5;19.8;0
Sablières;44.53;4.07;31/07/2026;07:00;13.1;0;SOLEIL;5;25.2;0
Sablières;44.53;4.07;31/07/2026;08:00;14.2;0;SOLEIL;5;30.6;0
Sablières;44.53;4.07;31/07/2026;09:00;15.3;0;SOLEIL;5;35.3;0
Sablières;44.53;4.07;31/07/2026;10:00;16.4;0;SOLEIL;5;40.0;0
Sablières;44.53;4.07;31/07/2026;11:00;17.6;0;SOLEIL;5;42.5;0
Sablières;44.53;4.07;31/07/2026;12:00;18.7;0;SOLEIL;5;42.1;0
Sablières;44.53;4.07;31/07/2026;13:00;19.8;0;SOLEIL;5;39.6;0
Sablières;44.53;4.07;31/07/2026;14:00;20.9;0;SOLEIL;5;37.8;0
Sablières;44.53;4.07;31/07/2026;15:00;22.0;0;SOLEIL;5;37.1;0
Sablières;44.53;4.07;31/07/2026;16:00;20.9;0;SOLEIL;5;37.1;0
Sablières;44.53;4.07;31/07/2026;17:00;19.8;0;SOLEIL;5;37.1;0
Sablières;44.53;4.07;31/07/2026;18:00;18.7;0;SOLEIL;5;37.8;0
Sablières;44.53;4.07;31/07/2026;19:00;17.6;0;SOLEIL;5;38.9;0
Sablières;44.53;4.07;31/07/2026;20:00;16.4;0;SOLEIL;5;38.9;0
Sablières;44.53;4.07;31/07/2026;21:00;15.3;0;SOLEIL;5;37.4;0
Sablières;44.53;4.07;31/07/2026;22:00;14.2;0;SOLEIL;5;35.6;0
Sablières;44.53;4.07;31/07/2026;23:00;13.1;0;SOLEIL;5;33.5;0
Sablières;44.53;4.07;01/08/2026;00:00;12;0;SOLEIL;5;0.0;0
Sablières;44.53;4.07;01/08/2026;01:00;12;0;SOLEIL;5;0.0;0
Sablières;44.53;4.07;01/08/2026;02:00;12;0;SOLEIL;5;0.0;0
Sablières;44.53;4.07;01/08/2026;03:00;12;0;SOLEIL;5;0.0;0
Sablières;44.53;4.07;01/08/2026;04:00;12;0;SOLEIL;5;0.0;0
Sablières;44.53;4.07;01/08/2026;05:00;12;0;SOLEIL;5;0.0;0
Sablières;44.53;4.07;01/08/2026;06:00;12;0;SOLEIL;5;0.0;0
Sablières;44.53;4.07;01/08/2026;07:00;13.1;0;SOLEIL;5;0.0;0
Sablières;44.53;4.07;01/08/2026;08:00;14.2;0;SOLEIL;5;0.0;0
Sablières;44.53;4.07;01/08/2026;09:00;15.3;0;SOLEIL;5;0.0;0
Sablières;44.53;4.07;01/08/2026;10:00;16.4;0;SOLEIL;5;0.0;0
Sablières;44.53;4.07;01/08/2026;11:00;17.6;0;SOLEIL;5;0.0;0
Sablières;44.53;4.07;01/08/2026;12:00;18.7;0;SOLEIL;5;0.0;0
Sablières;44.53;4.07;01/08/2026;13:00;19.8;0;SOLEIL;5;0.0;0
Sablières;44.53;4.07;01/08/2026;14:00;20.9;0;SOLEIL;5;0.0;0
Sablières;44.53;4.07;01/08/2026;15:00;22.0;0;SOLEIL;5;0.0;0
Sablières;44.53;4.07;01/08/2026;16:00;20.9;0;SOLEIL;5;0.0;0
Sablières;44.53;4.07;01/08/2026;17:00;19.8;0;SOLEIL;5;0.0;0
Sablières;44.53;4.07;01/08/2026;18:00;18.7;0;SOLEIL;5;0.0;0
Sablières;44.53;4.07;01/08/2026;19:00;17.6;0;SOLEIL;5;0.0;0
Sablières;44.53;4.07;01/08/2026;20:00;16.4;0;SOLEIL;5;0.0;0
Sablières;44.53;4.07;01/08/2026;21:00;15.3;0;SOLEIL;5;0.0;0
Sablières;44.53;4.07;01/08/2026;22:00;14.2;0;SOLEIL;5;0.0;0
Sablières;44.53;4.07;01/08/2026;23:00;13.1;0;SOLEIL;5;0.0;0
Aurillac;44.93;2.44;17/07/2026;00:00;20.1;10;ORAGEUX;1;6.1;13.8
Aurillac;44.93;2.44;17/07/2026;01:00;19.6;10;ORAGEUX;3;8.3;2.2
Aurillac;44.93;2.44;17/07/2026;02:00;19.2;6;AVERSES;1;4.7;0.1
Aurillac;44.93;2.44;17/07/2026;03:00;18.2;6;AVERSES;1;15.1;0.1
Aurillac;44.93;2.44;17/07/2026;04:00;17.9;6;AVERSES;0;6.1;0.5
Aurillac;44.93;2.44;17/07/2026;05:00;17.2;0;SOLEIL;0;3.2;0
Aurillac;44.93;2.44;17/07/2026;06:00;18.5;0;SOLEIL;1;3.6;0
Aurillac;44.93;2.44;17/07/2026;07:00;22.1;0;SOLEIL;0;9.0;0
Aurillac;44.93;2.44;17/07/2026;08:00;26.1;0;SOLEIL;0;7.6;0
Aurillac;44.93;2.44;17/07/2026;09:00;28.9;0;SOLEIL;2;5.8;0
Aurillac;44.93;2.44;17/07/2026;10:00;31.1;0;SOLEIL;2;10.4;0
Aurillac;44.93;2.44;17/07/2026;11:00;32;0;SOLEIL;2;11.2;0
Aurillac;44.93;2.44;17/07/2026;12:00;31;0;SOLEIL;2;24.8;0
Aurillac;44.93;2.44;17/07/2026;13:00;32.1;0;SOLEIL;2;26.3;0
Aurillac;44.93;2.44;17/07/2026;14:00;31.4;0;SOLEIL;3;25.2;0
Aurillac;44.93;2.44;17/07/2026;15:00;31.1;0;SOLEIL;3;23.8;0
Aurillac;44.93;2.44;17/07/2026;16:00;29.9;0;SOLEIL;3;24.8;0
Aurillac;44.93;2.44;17/07/2026;17:00;28.5;0;SOLEIL;3;25.6;0
Aurillac;44.93;2.44;17/07/2026;18:00;27.5;0;SOLEIL;2;24.5;0
Aurillac;44.93;2.44;17/07/2026;19:00;25.5;0;SOLEIL;2;26.3;0
Aurillac;44.93;2.44;17/07/2026;20:00;23.5;0;SOLEIL;2;24.8;0
Aurillac;44.93;2.44;17/07/2026;21:00;21.6;0;SOLEIL;2;14.8;0
Aurillac;44.93;2.44;17/07/2026;22:00;19.9;0;SOLEIL;2;11.9;0
Aurillac;44.93;2.44;17/07/2026;23:00;19.2;0;SOLEIL;2;14.8;0
Aurillac;44.93;2.44;18/07/2026;00:00;19.4;0;SOLEIL;2;13.0;0
Aurillac;44.93;2.44;18/07/2026;01:00;19.4;0;SOLEIL;2;11.2;0
Aurillac;44.93;2.44;18/07/2026;02:00;17.9;0;SOLEIL;3;10.8;0
Aurillac;44.93;2.44;18/07/2026;03:00;17.9;0;SOLEIL;3;11.9;0
Aurillac;44.93;2.44;18/07/2026;04:00;17.9;0;SOLEIL;3;12.2;0
Aurillac;44.93;2.44;18/07/2026;05:00;18.1;0;SOLEIL;3;12.6;0
Aurillac;44.93;2.44;18/07/2026;06:00;18.1;0;SOLEIL;3;11.9;0
Aurillac;44.93;2.44;18/07/2026;07:00;18.1;0;SOLEIL;3;12.2;0
Aurillac;44.93;2.44;18/07/2026;08:00;27.2;0;SOLEIL;0;11.9;0
Aurillac;44.93;2.44;18/07/2026;09:00;27.2;0;SOLEIL;0;11.5;0
Aurillac;44.93;2.44;18/07/2026;10:00;27.2;0;SOLEIL;0;10.4;0
Aurillac;44.93;2.44;18/07/2026;11:00;30.5;0;SOLEIL;2;22.3;0
Aurillac;44.93;2.44;18/07/2026;12:00;30.5;0;SOLEIL;2;21.3;0
Aurillac;44.93;2.44;18/07/2026;13:00;30.5;0;SOLEIL;2;20.7;0
Aurillac;44.93;2.44;18/07/2026;14:00;29.6;0;SOLEIL;2;19.7;0
Aurillac;44.93;2.44;18/07/2026;15:00;29.6;0;SOLEIL;2;18.4;0
Aurillac;44.93;2.44;18/07/2026;16:00;29.6;0;SOLEIL;2;20.2;0
Aurillac;44.93;2.44;18/07/2026;17:00;26.1;0;SOLEIL;2;20.5;0
Aurillac;44.93;2.44;18/07/2026;18:00;26.1;0;SOLEIL;2;21.6;0
Aurillac;44.93;2.44;18/07/2026;19:00;26.1;0;SOLEIL;2;23.0;0
Aurillac;44.93;2.44;18/07/2026;20:00;21.6;0;SOLEIL;1;25.2;0
Aurillac;44.93;2.44;18/07/2026;21:00;21.6;0;SOLEIL;1;22.3;0
Aurillac;44.93;2.44;18/07/2026;22:00;21.6;0;SOLEIL;1;11.9;0
Aurillac;44.93;2.44;18/07/2026;23:00;18.6;0;SOLEIL;3;7.2;0
Aurillac;44.93;2.44;19/07/2026;00:00;18.6;0;SOLEIL;3;15.8;0
Aurillac;44.93;2.44;19/07/2026;01:00;18.6;0;SOLEIL;3;18.7;0
Aurillac;44.93;2.44;19/07/2026;02:00;17.9;0;SOLEIL;3;21.2;0
Aurillac;44.93;2.44;19/07/2026;03:00;17.9;0;SOLEIL;3;24.8;0
Aurillac;44.93;2.44;19/07/2026;04:00;17.9;0;SOLEIL;3;25.6;0
Aurillac;44.93;2.44;19/07/2026;05:00;18.7;0;SOLEIL;3;26.3;0
Aurillac;44.93;2.44;19/07/2026;06:00;18.7;0;SOLEIL;3;27.0;0
Aurillac;44.93;2.44;19/07/2026;07:00;18.7;0;SOLEIL;3;27.0;0
Aurillac;44.93;2.44;19/07/2026;08:00;27.5;0;SOLEIL;1;24.8;0
Aurillac;44.93;2.44;19/07/2026;09:00;27.5;0;SOLEIL;1;28.1;0
Aurillac;44.93;2.44;19/07/2026;10:00;27.5;0;SOLEIL;1;27.4;0
Aurillac;44.93;2.44;19/07/2026;11:00;31.7;0;SOLEIL;2;17.3;0
Aurillac;44.93;2.44;19/07/2026;12:00;31.7;0;SOLEIL;2;17.3;0
Aurillac;44.93;2.44;19/07/2026;13:00;31.7;0;SOLEIL;2;20.9;0
Aurillac;44.93;2.44;19/07/2026;14:00;30.9;0;SOLEIL;2;32.0;0
Aurillac;44.93;2.44;19/07/2026;15:00;30.9;0;SOLEIL;2;43.6;0
Aurillac;44.93;2.44;19/07/2026;16:00;30.9;0;SOLEIL;2;44.6;0
Aurillac;44.93;2.44;19/07/2026;17:00;26;10;ORAGEUX;2;40.7;0
Aurillac;44.93;2.44;19/07/2026;18:00;26;10;ORAGEUX;2;35.3;0
Aurillac;44.93;2.44;19/07/2026;19:00;26;10;ORAGEUX;2;29.5;0
Aurillac;44.93;2.44;19/07/2026;20:00;24.0;10;ORAGEUX;5;30.2;0
Aurillac;44.93;2.44;19/07/2026;21:00;22.3;10;ORAGEUX;5;24.8;0
Aurillac;44.93;2.44;19/07/2026;22:00;20.5;10;ORAGEUX;5;18.7;0
Aurillac;44.93;2.44;19/07/2026;23:00;18.1;0;SOLEIL;3;15.1;0
Aurillac;44.93;2.44;20/07/2026;00:00;18.1;0;SOLEIL;3;15.8;0
Aurillac;44.93;2.44;20/07/2026;01:00;18.1;0;SOLEIL;3;18.7;0
Aurillac;44.93;2.44;20/07/2026;02:00;17.6;0;SOLEIL;5;20.9;0
Aurillac;44.93;2.44;20/07/2026;03:00;17.6;0;SOLEIL;5;20.5;0
Aurillac;44.93;2.44;20/07/2026;04:00;17.6;0;SOLEIL;5;19.4;0
Aurillac;44.93;2.44;20/07/2026;05:00;19.1;0;SOLEIL;4;19.4;0
Aurillac;44.93;2.44;20/07/2026;06:00;19.1;0;SOLEIL;4;22.3;0
Aurillac;44.93;2.44;20/07/2026;07:00;19.1;0;SOLEIL;4;26.3;0
Aurillac;44.93;2.44;20/07/2026;08:00;20.8;0;SOLEIL;5;28.8;0
Aurillac;44.93;2.44;20/07/2026;09:00;22.4;0;SOLEIL;5;27.0;0
Aurillac;44.93;2.44;20/07/2026;10:00;24.0;0;SOLEIL;5;23.0;0
Aurillac;44.93;2.44;20/07/2026;11:00;31.1;0;SOLEIL;2;22.3;0
Aurillac;44.93;2.44;20/07/2026;12:00;31.1;0;SOLEIL;2;26.6;0
Aurillac;44.93;2.44;20/07/2026;13:00;31.1;0;SOLEIL;2;33.8;0
Aurillac;44.93;2.44;20/07/2026;14:00;30.5;0;SOLEIL;5;41.0;0
Aurillac;44.93;2.44;20/07/2026;15:00;32.1;0;SOLEIL;5;48.6;0
Aurillac;44.93;2.44;20/07/2026;16:00;30.5;0;SOLEIL;5;55.8;0
Aurillac;44.93;2.44;20/07/2026;17:00;26.5;6;AVERSES;4;59.0;0
Aurillac;44.93;2.44;20/07/2026;18:00;26.5;6;AVERSES;4;55.4;0
Aurillac;44.93;2.44;20/07/2026;19:00;26.5;6;AVERSES;4;47.9;0
Aurillac;44.93;2.44;20/07/2026;20:00;24.0;0;SOLEIL;5;40.7;0
Aurillac;44.93;2.44;20/07/2026;21:00;22.4;0;SOLEIL;5;34.2;0
Aurillac;44.93;2.44;20/07/2026;22:00;20.8;0;SOLEIL;5;27.7;0
Aurillac;44.93;2.44;20/07/2026;23:00;19.5;0;SOLEIL;4;23.8;0
Aurillac;44.93;2.44;21/07/2026;00:00;19.5;0;SOLEIL;4;23.4;0
Aurillac;44.93;2.44;21/07/2026;01:00;19.5;0;SOLEIL;4;25.2;0
Aurillac;44.93;2.44;21/07/2026;02:00;16.5;0;SOLEIL;5;28.1;0
Aurillac;44.93;2.44;21/07/2026;03:00;16.5;0;SOLEIL;5;32.0;0
Aurillac;44.93;2.44;21/07/2026;04:00;16.5;0;SOLEIL;5;36.4;0
Aurillac;44.93;2.44;21/07/2026;05:00;18;0;SOLEIL;5;40.0;0
Aurillac;44.93;2.44;21/07/2026;06:00;18;0;SOLEIL;5;41.0;0
Aurillac;44.93;2.44;21/07/2026;07:00;18;0;SOLEIL;5;41.0;0
Aurillac;44.93;2.44;21/07/2026;08:00;20.0;0;SOLEIL;5;41.4;0
Aurillac;44.93;2.44;21/07/2026;09:00;21.7;0;SOLEIL;5;43.2;0
Aurillac;44.93;2.44;21/07/2026;10:00;23.4;0;SOLEIL;5;45.7;0
Aurillac;44.93;2.44;21/07/2026;11:00;30.4;0;SOLEIL;4;47.9;0
Aurillac;44.93;2.44;21/07/2026;12:00;30.4;0;SOLEIL;4;48.2;0
Aurillac;44.93;2.44;21/07/2026;13:00;30.4;0;SOLEIL;4;50.2;0
Aurillac;44.93;2.44;21/07/2026;14:00;30.4;0;SOLEIL;5;51.8;0
Aurillac;44.93;2.44;21/07/2026;15:00;32.1;0;SOLEIL;5;52.2;0
Aurillac;44.93;2.44;21/07/2026;16:00;30.4;0;SOLEIL;5;51.5;0
Aurillac;44.93;2.44;21/07/2026;17:00;27.6;0;SOLEIL;3;50.4;0
Aurillac;44.93;2.44;21/07/2026;18:00;27.6;0;SOLEIL;3;50.0;0
Aurillac;44.93;2.44;21/07/2026;19:00;27.6;0;SOLEIL;3;49.3;0
Aurillac;44.93;2.44;21/07/2026;20:00;23.4;0;SOLEIL;5;47.2;0
Aurillac;44.93;2.44;21/07/2026;21:00;21.7;0;SOLEIL;5;41.8;0
Aurillac;44.93;2.44;21/07/2026;22:00;20.0;0;SOLEIL;5;34.9;0
Aurillac;44.93;2.44;21/07/2026;23:00;19.5;0;SOLEIL;4;28.8;0
Aurillac;44.93;2.44;22/07/2026;00:00;19.5;0;SOLEIL;4;24.8;0
Aurillac;44.93;2.44;22/07/2026;01:00;19.5;0;SOLEIL;4;21.6;0
Aurillac;44.93;2.44;22/07/2026;02:00;16.6;0;SOLEIL;5;19.4;0
Aurillac;44.93;2.44;22/07/2026;03:00;16.6;0;SOLEIL;5;18.4;0
Aurillac;44.93;2.44;22/07/2026;04:00;16.6;0;SOLEIL;5;18.4;0
Aurillac;44.93;2.44;22/07/2026;05:00;18;0;SOLEIL;4;18.4;0
Aurillac;44.93;2.44;22/07/2026;06:00;18;0;SOLEIL;4;18.4;0
Aurillac;44.93;2.44;22/07/2026;07:00;18;0;SOLEIL;4;18.4;0
Aurillac;44.93;2.44;22/07/2026;08:00;20.0;0;SOLEIL;5;19.1;0
Aurillac;44.93;2.44;22/07/2026;09:00;21.8;0;SOLEIL;5;21.2;0
Aurillac;44.93;2.44;22/07/2026;10:00;23.5;0;SOLEIL;5;24.5;0
Aurillac;44.93;2.44;22/07/2026;11:00;30.5;0;SOLEIL;3;27.4;0
Aurillac;44.93;2.44;22/07/2026;12:00;30.5;0;SOLEIL;3;29.5;0
Aurillac;44.93;2.44;22/07/2026;13:00;30.5;0;SOLEIL;3;31.0;0
Aurillac;44.93;2.44;22/07/2026;14:00;30.4;0;SOLEIL;5;32.8;0
Aurillac;44.93;2.44;22/07/2026;15:00;32.1;0;SOLEIL;5;34.9;0
Aurillac;44.93;2.44;22/07/2026;16:00;30.4;0;SOLEIL;5;36.7;0
Aurillac;44.93;2.44;22/07/2026;17:00;28.2;0;SOLEIL;3;37.4;0
Aurillac;44.93;2.44;22/07/2026;18:00;28.2;0;SOLEIL;3;36.0;0
Aurillac;44.93;2.44;22/07/2026;19:00;28.2;0;SOLEIL;3;33.5;0
Aurillac;44.93;2.44;22/07/2026;20:00;23.5;0;SOLEIL;5;29.9;0
Aurillac;44.93;2.44;22/07/2026;21:00;21.8;0;SOLEIL;5;24.1;0
Aurillac;44.93;2.44;22/07/2026;22:00;20.0;0;SOLEIL;5;17.6;0
Aurillac;44.93;2.44;22/07/2026;23:00;19.4;0;SOLEIL;4;13.3;0
Aurillac;44.93;2.44;23/07/2026;00:00;19.4;0;SOLEIL;4;13.7;0
Aurillac;44.93;2.44;23/07/2026;01:00;19.4;0;SOLEIL;4;16.2;0
Aurillac;44.93;2.44;23/07/2026;02:00;16.7;0;SOLEIL;5;18.4;0
Aurillac;44.93;2.44;23/07/2026;03:00;16.7;0;SOLEIL;5;18.7;0
Aurillac;44.93;2.44;23/07/2026;04:00;16.7;0;SOLEIL;5;18.4;0
Aurillac;44.93;2.44;23/07/2026;05:00;18.7;0;SOLEIL;4;18.4;0
Aurillac;44.93;2.44;23/07/2026;06:00;18.7;0;SOLEIL;4;18.4;0
Aurillac;44.93;2.44;23/07/2026;07:00;18.7;0;SOLEIL;4;18.7;0
Aurillac;44.93;2.44;23/07/2026;08:00;20.0;0;SOLEIL;5;19.1;0
Aurillac;44.93;2.44;23/07/2026;09:00;21.6;0;SOLEIL;5;19.8;0
Aurillac;44.93;2.44;23/07/2026;10:00;23.3;0;SOLEIL;5;20.9;0
Aurillac;44.93;2.44;23/07/2026;11:00;30;0;SOLEIL;4;22.7;0
Aurillac;44.93;2.44;23/07/2026;12:00;30;0;SOLEIL;4;25.2;0
Aurillac;44.93;2.44;23/07/2026;13:00;30;0;SOLEIL;4;28.1;0
Aurillac;44.93;2.44;23/07/2026;14:00;29.9;0;SOLEIL;5;30.6;0
Aurillac;44.93;2.44;23/07/2026;15:00;31.5;0;SOLEIL;5;32.4;0
Aurillac;44.93;2.44;23/07/2026;16:00;29.9;0;SOLEIL;5;33.8;0
Aurillac;44.93;2.44;23/07/2026;17:00;27.9;0;SOLEIL;4;34.2;0
Aurillac;44.93;2.44;23/07/2026;18:00;27.9;0;SOLEIL;4;33.8;0
Aurillac;44.93;2.44;23/07/2026;19:00;27.9;0;SOLEIL;4;32.8;0
Aurillac;44.93;2.44;23/07/2026;20:00;23.3;0;SOLEIL;5;30.6;0
Aurillac;44.93;2.44;23/07/2026;21:00;21.6;0;SOLEIL;5;25.9;0
Aurillac;44.93;2.44;23/07/2026;22:00;20.0;0;SOLEIL;5;19.8;0
Aurillac;44.93;2.44;23/07/2026;23:00;19.6;0;SOLEIL;4;15.5;0
Aurillac;44.93;2.44;24/07/2026;00:00;19.6;0;SOLEIL;4;19.4;0
Aurillac;44.93;2.44;24/07/2026;01:00;19.6;0;SOLEIL;4;23.8;0
Aurillac;44.93;2.44;24/07/2026;02:00;17.1;0;SOLEIL;5;26.5;0
Aurillac;44.93;2.44;24/07/2026;03:00;17.1;0;SOLEIL;5;28.1;0
Aurillac;44.93;2.44;24/07/2026;04:00;17.1;0;SOLEIL;5;26.6;0
Aurillac;44.93;2.44;24/07/2026;05:00;19.1;0;SOLEIL;4;24.8;0
Aurillac;44.93;2.44;24/07/2026;06:00;19.1;0;SOLEIL;4;23.4;0
Aurillac;44.93;2.44;24/07/2026;07:00;19.1;0;SOLEIL;4;22.7;0
Aurillac;44.93;2.44;24/07/2026;08:00;20.4;0;SOLEIL;5;22.0;0
Aurillac;44.93;2.44;24/07/2026;09:00;22.0;0;SOLEIL;5;22.0;0
Aurillac;44.93;2.44;24/07/2026;10:00;23.7;0;SOLEIL;5;22.7;0
Aurillac;44.93;2.44;24/07/2026;11:00;30.4;0;SOLEIL;3;23.4;0
Aurillac;44.93;2.44;24/07/2026;12:00;30.4;0;SOLEIL;3;24.5;0
Aurillac;44.93;2.44;24/07/2026;13:00;30.4;0;SOLEIL;3;25.6;0
Aurillac;44.93;2.44;24/07/2026;14:00;30.3;0;SOLEIL;5;26.6;0
Aurillac;44.93;2.44;24/07/2026;15:00;31.9;0;SOLEIL;5;27.7;0
Aurillac;44.93;2.44;24/07/2026;16:00;30.3;0;SOLEIL;5;29.2;0
Aurillac;44.93;2.44;24/07/2026;17:00;28.5;0;SOLEIL;2;31.0;0
Aurillac;44.93;2.44;24/07/2026;18:00;28.5;0;SOLEIL;2;32.4;0
Aurillac;44.93;2.44;24/07/2026;19:00;28.5;0;SOLEIL;2;33.1;0
Aurillac;44.93;2.44;24/07/2026;20:00;23.7;0;SOLEIL;5;33.5;0
Aurillac;44.93;2.44;24/07/2026;21:00;22.0;0;SOLEIL;5;33.1;0
Aurillac;44.93;2.44;24/07/2026;22:00;20.4;0;SOLEIL;5;32.4;0
Aurillac;44.93;2.44;24/07/2026;23:00;20.6;0;SOLEIL;3;31.0;0
Aurillac;44.93;2.44;25/07/2026;00:00;20.6;0;SOLEIL;3;29.2;0
Aurillac;44.93;2.44;25/07/2026;01:00;20.6;0;SOLEIL;3;27.4;0
Aurillac;44.93;2.44;25/07/2026;02:00;17.6;0;SOLEIL;5;25.2;0
Aurillac;44.93;2.44;25/07/2026;03:00;17.6;0;SOLEIL;5;22.0;0
Aurillac;44.93;2.44;25/07/2026;04:00;17.6;0;SOLEIL;5;17.6;0
Aurillac;44.93;2.44;25/07/2026;05:00;19.2;0;SOLEIL;3;13.0;0
Aurillac;44.93;2.44;25/07/2026;06:00;19.2;0;SOLEIL;3;9.0;0
Aurillac;44.93;2.44;25/07/2026;07:00;19.2;0;SOLEIL;3;6.5;0
Aurillac;44.93;2.44;25/07/2026;08:00;20.8;0;SOLEIL;5;6.5;0
Aurillac;44.93;2.44;25/07/2026;09:00;22.4;0;SOLEIL;5;10.1;0
Aurillac;44.93;2.44;25/07/2026;10:00;24.0;0;SOLEIL;5;16.2;0
Aurillac;44.93;2.44;25/07/2026;11:00;31.1;0;SOLEIL;4;24.1;0
Aurillac;44.93;2.44;25/07/2026;12:00;31.1;0;SOLEIL;4;32.4;0
Aurillac;44.93;2.44;25/07/2026;13:00;31.1;0;SOLEIL;4;39.6;0
Aurillac;44.93;2.44;25/07/2026;14:00;30.5;0;SOLEIL;5;44.3;0
Aurillac;44.93;2.44;25/07/2026;15:00;32.1;0;SOLEIL;5;46.8;0
Aurillac;44.93;2.44;25/07/2026;16:00;30.5;0;SOLEIL;5;47.9;0
Aurillac;44.93;2.44;25/07/2026;17:00;26.6;0;SOLEIL;3;48.2;0
Aurillac;44.93;2.44;25/07/2026;18:00;26.6;0;SOLEIL;3;47.9;0
Aurillac;44.93;2.44;25/07/2026;19:00;26.6;0;SOLEIL;3;46.8;0
Aurillac;44.93;2.44;25/07/2026;20:00;24.0;0;SOLEIL;5;45.7;0
Aurillac;44.93;2.44;25/07/2026;21:00;22.4;0;SOLEIL;5;44.3;0
Aurillac;44.93;2.44;25/07/2026;22:00;20.8;0;SOLEIL;5;42.1;0
Aurillac;44.93;2.44;25/07/2026;23:00;20.1;0;SOLEIL;3;39.6;0
Aurillac;44.93;2.44;26/07/2026;00:00;20.1;0;SOLEIL;3;37.1;0
Aurillac;44.93;2.44;26/07/2026;01:00;20.1;0;SOLEIL;3;34.2;0
Aurillac;44.93;2.44;26/07/2026;02:00;17.6;0;SOLEIL;5;31.7;0
Aurillac;44.93;2.44;26/07/2026;03:00;17.6;0;SOLEIL;5;28.8;0
Aurillac;44.93;2.44;26/07/2026;04:00;17.6;0;SOLEIL;5;25.2;0
Aurillac;44.93;2.44;26/07/2026;05:00;;0;SOLEIL;;22.0;0
Aurillac;44.93;2.44;26/07/2026;06:00;;0;SOLEIL;;19.1;0
Aurillac;44.93;2.44;26/07/2026;07:00;;0;SOLEIL;;17.3;0
Aurillac;44.93;2.44;26/07/2026;08:00;20.3;0;SOLEIL;5;16.9;0
Aurillac;44.93;2.44;26/07/2026;09:00;21.7;0;SOLEIL;5;19.1;0
Aurillac;44.93;2.44;26/07/2026;10:00;23.1;0;SOLEIL;5;23.0;0
Aurillac;44.93;2.44;26/07/2026;11:00;;0;SOLEIL;;28.1;0
Aurillac;44.93;2.44;26/07/2026;12:00;;0;SOLEIL;;33.1;0
Aurillac;44.93;2.44;26/07/2026;13:00;;0;SOLEIL;;38.2;0
Aurillac;44.93;2.44;26/07/2026;14:00;28.5;0;SOLEIL;5;41.4;0
Aurillac;44.93;2.44;26/07/2026;15:00;29.9;0;SOLEIL;5;43.6;0
Aurillac;44.93;2.44;26/07/2026;16:00;28.5;0;SOLEIL;5;45.0;0
Aurillac;44.93;2.44;26/07/2026;17:00;;0;SOLEIL;;45.7;0
Aurillac;44.93;2.44;26/07/2026;18:00;;0;SOLEIL;;46.1;0
Aurillac;44.93;2.44;26/07/2026;19:00;;0;SOLEIL;;46.1;0
Aurillac;44.93;2.44;26/07/2026;20:00;23.1;0;SOLEIL;5;45.7;0
Aurillac;44.93;2.44;26/07/2026;21:00;21.7;0;SOLEIL;5;44.6;0
Aurillac;44.93;2.44;26/07/2026;22:00;20.3;0;SOLEIL;5;42.5;0
Aurillac;44.93;2.44;26/07/2026;23:00;;0;SOLEIL;;40.0;0
Aurillac;44.93;2.44;27/07/2026;00:00;;0;SOLEIL;;37.1;0
Aurillac;44.93;2.44;27/07/2026;01:00;;0;SOLEIL;;34.9;0
Aurillac;44.93;2.44;27/07/2026;02:00;17.7;0;SOLEIL;5;33.5;0
Aurillac;44.93;2.44;27/07/2026;03:00;17.7;0;SOLEIL;5;32.8;0
Aurillac;44.93;2.44;27/07/2026;04:00;17.7;0;SOLEIL;5;32.8;0
Aurillac;44.93;2.44;27/07/2026;05:00;;0;SOLEIL;;33.1;0
Aurillac;44.93;2.44;27/07/2026;06:00;;0;SOLEIL;;33.8;0
Aurillac;44.93;2.44;27/07/2026;07:00;;0;SOLEIL;;34.2;0
Aurillac;44.93;2.44;27/07/2026;08:00;20.5;0;SOLEIL;5;34.6;0
Aurillac;44.93;2.44;27/07/2026;09:00;21.9;0;SOLEIL;5;34.9;0
Aurillac;44.93;2.44;27/07/2026;10:00;23.3;0;SOLEIL;5;34.9;0
Aurillac;44.93;2.44;27/07/2026;11:00;;0;SOLEIL;;35.3;0
Aurillac;44.93;2.44;27/07/2026;12:00;;0;SOLEIL;;35.3;0
Aurillac;44.93;2.44;27/07/2026;13:00;;0;SOLEIL;;35.6;0
Aurillac;44.93;2.44;27/07/2026;14:00;28.8;0;SOLEIL;5;35.6;0
Aurillac;44.93;2.44;27/07/2026;15:00;30.2;0;SOLEIL;5;35.6;0
Aurillac;44.93;2.44;27/07/2026;16:00;28.8;0;SOLEIL;5;36.0;0
Aurillac;44.93;2.44;27/07/2026;17:00;;0;SOLEIL;;36.0;0
Aurillac;44.93;2.44;27/07/2026;18:00;;0;SOLEIL;;36.0;0
Aurillac;44.93;2.44;27/07/2026;19:00;;0;SOLEIL;;36.0;0
Aurillac;44.93;2.44;27/07/2026;20:00;23.3;0;SOLEIL;5;35.3;0
Aurillac;44.93;2.44;27/07/2026;21:00;21.9;0;SOLEIL;5;34.2;0
Aurillac;44.93;2.44;27/07/2026;22:00;20.5;0;SOLEIL;5;32.4;0
Aurillac;44.93;2.44;27/07/2026;23:00;;0;SOLEIL;;30.6;0
Aurillac;44.93;2.44;28/07/2026;00:00;;0;SOLEIL;;28.8;0
Aurillac;44.93;2.44;28/07/2026;01:00;;0;SOLEIL;;27.4;0
Aurillac;44.93;2.44;28/07/2026;02:00;17.9;0;SOLEIL;5;26.3;0
Aurillac;44.93;2.44;28/07/2026;03:00;17.9;0;SOLEIL;5;25.9;0
Aurillac;44.93;2.44;28/07/2026;04:00;17.9;0;SOLEIL;5;26.3;0
Aurillac;44.93;2.44;28/07/2026;05:00;;0;SOLEIL;;27.0;0
Aurillac;44.93;2.44;28/07/2026;06:00;;0;SOLEIL;;27.7;0
Aurillac;44.93;2.44;28/07/2026;07:00;;0;SOLEIL;;28.1;0
Aurillac;44.93;2.44;28/07/2026;08:00;20.9;0;SOLEIL;5;27.7;0
Aurillac;44.93;2.44;28/07/2026;09:00;22.5;0;SOLEIL;5;26.6;0
Aurillac;44.93;2.44;28/07/2026;10:00;24.0;0;SOLEIL;5;24.8;0
Aurillac;44.93;2.44;28/07/2026;11:00;;0;SOLEIL;;23.0;0
Aurillac;44.93;2.44;28/07/2026;12:00;;0;SOLEIL;;21.2;0
Aurillac;44.93;2.44;28/07/2026;13:00;;0;SOLEIL;;19.8;0
Aurillac;44.93;2.44;28/07/2026;14:00;30.1;0;SOLEIL;5;19.4;0
Aurillac;44.93;2.44;28/07/2026;15:00;31.6;0;SOLEIL;5;20.2;0
Aurillac;44.93;2.44;28/07/2026;16:00;30.1;0;SOLEIL;5;22.3;0
Aurillac;44.93;2.44;28/07/2026;17:00;;0;SOLEIL;;24.5;0
Aurillac;44.93;2.44;28/07/2026;18:00;;0;SOLEIL;;27.0;0
Aurillac;44.93;2.44;28/07/2026;19:00;;0;SOLEIL;;28.8;0
Aurillac;44.93;2.44;28/07/2026;20:00;24.0;0;SOLEIL;5;29.9;0
Aurillac;44.93;2.44;28/07/2026;21:00;22.5;0;SOLEIL;5;29.5;0
Aurillac;44.93;2.44;28/07/2026;22:00;20.9;0;SOLEIL;5;28.4;0
Aurillac;44.93;2.44;28/07/2026;23:00;;0;SOLEIL;;26.6;0
Aurillac;44.93;2.44;29/07/2026;00:00;;0;SOLEIL;;24.8;0
Aurillac;44.93;2.44;29/07/2026;01:00;;0;SOLEIL;;23.4;0
Aurillac;44.93;2.44;29/07/2026;02:00;18.1;0;SOLEIL;5;22.7;0
Aurillac;44.93;2.44;29/07/2026;03:00;18.1;0;SOLEIL;5;22.7;0
Aurillac;44.93;2.44;29/07/2026;04:00;18.1;0;SOLEIL;5;23.0;0
Aurillac;44.93;2.44;29/07/2026;05:00;;0;SOLEIL;;23.8;0
Aurillac;44.93;2.44;29/07/2026;06:00;;0;SOLEIL;;24.5;0
Aurillac;44.93;2.44;29/07/2026;07:00;;0;SOLEIL;;25.2;0
Aurillac;44.93;2.44;29/07/2026;08:00;20.9;0;SOLEIL;5;25.2;0
Aurillac;44.93;2.44;29/07/2026;09:00;22.3;0;SOLEIL;5;24.8;0
Aurillac;44.93;2.44;29/07/2026;10:00;23.7;0;SOLEIL;5;24.1;0
Aurillac;44.93;2.44;29/07/2026;11:00;;0;SOLEIL;;23.0;0
Aurillac;44.93;2.44;29/07/2026;12:00;;0;SOLEIL;;22.0;0
Aurillac;44.93;2.44;29/07/2026;13:00;;0;SOLEIL;;21.2;0
Aurillac;44.93;2.44;29/07/2026;14:00;29.3;0;SOLEIL;5;21.2;0
Aurillac;44.93;2.44;29/07/2026;15:00;30.7;0;SOLEIL;5;22.0;0
Aurillac;44.93;2.44;29/07/2026;16:00;29.3;0;SOLEIL;5;23.0;0
Aurillac;44.93;2.44;29/07/2026;17:00;;0;SOLEIL;;24.5;0
Aurillac;44.93;2.44;29/07/2026;18:00;;0;SOLEIL;;25.9;0
Aurillac;44.93;2.44;29/07/2026;19:00;;0;SOLEIL;;27.0;0
Aurillac;44.93;2.44;29/07/2026;20:00;23.7;0;SOLEIL;5;28.1;0
Aurillac;44.93;2.44;29/07/2026;21:00;22.3;0;SOLEIL;5;28.4;0
Aurillac;44.93;2.44;29/07/2026;22:00;20.9;0;SOLEIL;5;28.8;0
Aurillac;44.93;2.44;29/07/2026;23:00;;0;SOLEIL;;28.8;0
Aurillac;44.93;2.44;30/07/2026;00:00;;0;SOLEIL;;29.2;0
Aurillac;44.93;2.44;30/07/2026;01:00;;0;SOLEIL;;29.2;0
Aurillac;44.93;2.44;30/07/2026;02:00;18;0;SOLEIL;5;29.5;0
Aurillac;44.93;2.44;30/07/2026;03:00;18;0;SOLEIL;5;30.2;0
Aurillac;44.93;2.44;30/07/2026;04:00;18;0;SOLEIL;5;31.0;0
Aurillac;44.93;2.44;30/07/2026;05:00;;0;SOLEIL;;32.0;0
Aurillac;44.93;2.44;30/07/2026;06:00;;0;SOLEIL;;32.8;0
Aurillac;44.93;2.44;30/07/2026;07:00;;0;SOLEIL;;33.5;0
Aurillac;44.93;2.44;30/07/2026;08:00;20.8;0;SOLEIL;5;34.2;0
Aurillac;44.93;2.44;30/07/2026;09:00;22.1;0;SOLEIL;5;34.6;0
Aurillac;44.93;2.44;30/07/2026;10:00;23.5;0;SOLEIL;5;34.6;0
Aurillac;44.93;2.44;30/07/2026;11:00;;0;SOLEIL;;34.6;0
Aurillac;44.93;2.44;30/07/2026;12:00;;0;SOLEIL;;34.6;0
Aurillac;44.93;2.44;30/07/2026;13:00;;0;SOLEIL;;34.6;0
Aurillac;44.93;2.44;30/07/2026;14:00;29.0;0;SOLEIL;5;34.9;0
Aurillac;44.93;2.44;30/07/2026;15:00;30.4;0;SOLEIL;5;35.6;0
Aurillac;44.93;2.44;30/07/2026;16:00;29.0;0;SOLEIL;5;36.4;0
Aurillac;44.93;2.44;30/07/2026;17:00;;0;SOLEIL;;37.4;0
Aurillac;44.93;2.44;30/07/2026;18:00;;0;SOLEIL;;38.2;0
Aurillac;44.93;2.44;30/07/2026;19:00;;0;SOLEIL;;38.9;0
Aurillac;44.93;2.44;30/07/2026;20:00;23.5;0;SOLEIL;5;38.5;0
Aurillac;44.93;2.44;30/07/2026;21:00;22.1;0;SOLEIL;5;37.4;0
Aurillac;44.93;2.44;30/07/2026;22:00;20.8;0;SOLEIL;5;35.6;0
Aurillac;44.93;2.44;30/07/2026;23:00;19.4;0;SOLEIL;5;33.1;0
Aurillac;44.93;2.44;31/07/2026;00:00;12;0;SOLEIL;5;31.9;0
Aurillac;44.93;2.44;31/07/2026;01:00;12;0;SOLEIL;5;31.9;0
Aurillac;44.93;2.44;31/07/2026;02:00;12;0;SOLEIL;5;33.6;0
Aurillac;44.93;2.44;31/07/2026;03:00;12;0;SOLEIL;5;38.5;0
Aurillac;44.93;2.44;31/07/2026;04:00;12;0;SOLEIL;5;41.8;0
Aurillac;44.93;2.44;31/07/2026;05:00;12;0;SOLEIL;5;44.3;0
Aurillac;44.93;2.44;31/07/2026;06:00;12;0;SOLEIL;5;45.0;0
Aurillac;44.93;2.44;31/07/2026;07:00;13.1;0;SOLEIL;5;44.6;0
Aurillac;44.93;2.44;31/07/2026;08:00;14.2;0;SOLEIL;5;43.6;0
Aurillac;44.93;2.44;31/07/2026;09:00;15.3;0;SOLEIL;5;41.8;0
Aurillac;44.93;2.44;31/07/2026;10:00;16.4;0;SOLEIL;5;38.9;0
Aurillac;44.93;2.44;31/07/2026;11:00;17.6;0;SOLEIL;5;36.7;0
Aurillac;44.93;2.44;31/07/2026;12:00;18.7;0;SOLEIL;5;35.3;0
Aurillac;44.93;2.44;31/07/2026;13:00;19.8;0;SOLEIL;5;33.8;0
Aurillac;44.93;2.44;31/07/2026;14:00;20.9;0;SOLEIL;5;32.8;0
Aurillac;44.93;2.44;31/07/2026;15:00;22.0;0;SOLEIL;5;31.7;0
Aurillac;44.93;2.44;31/07/2026;16:00;20.9;0;SOLEIL;5;30.2;0
Aurillac;44.93;2.44;31/07/2026;17:00;19.8;0;SOLEIL;5;29.9;0
Aurillac;44.93;2.44;31/07/2026;18:00;18.7;0;SOLEIL;5;30.2;0
Aurillac;44.93;2.44;31/07/2026;19:00;17.6;0;SOLEIL;5;31.0;0
Aurillac;44.93;2.44;31/07/2026;20:00;16.4;0;SOLEIL;5;32.4;0
Aurillac;44.93;2.44;31/07/2026;21:00;15.3;0;SOLEIL;5;35.6;0
Aurillac;44.93;2.44;31/07/2026;22:00;14.2;0;SOLEIL;5;39.6;0
Aurillac;44.93;2.44;31/07/2026;23:00;13.1;0;SOLEIL;5;41.4;0
Aurillac;44.93;2.44;01/08/2026;00:00;12;0;SOLEIL;5;0.0;0
Aurillac;44.93;2.44;01/08/2026;01:00;12;0;SOLEIL;5;0.0;0
Aurillac;44.93;2.44;01/08/2026;02:00;12;0;SOLEIL;5;0.0;0
Aurillac;44.93;2.44;01/08/2026;03:00;12;0;SOLEIL;5;0.0;0
Aurillac;44.93;2.44;01/08/2026;04:00;12;0;SOLEIL;5;0.0;0
Aurillac;44.93;2.44;01/08/2026;05:00;12;0;SOLEIL;5;0.0;0
Aurillac;44.93;2.44;01/08/2026;06:00;12;0;SOLEIL;5;0.0;0
Aurillac;44.93;2.44;01/08/2026;07:00;13.1;0;SOLEIL;5;0.0;0
Aurillac;44.93;2.44;01/08/2026;08:00;14.2;0;SOLEIL;5;0.0;0
Aurillac;44.93;2.44;01/08/2026;09:00;15.3;0;SOLEIL;5;0.0;0
Aurillac;44.93;2.44;01/08/2026;10:00;16.4;0;SOLEIL;5;0.0;0
Aurillac;44.93;2.44;01/08/2026;11:00;17.6;0;SOLEIL;5;0.0;0
Aurillac;44.93;2.44;01/08/2026;12:00;18.7;0;SOLEIL;5;0.0;0
Aurillac;44.93;2.44;01/08/2026;13:00;19.8;0;SOLEIL;5;0.0;0
Aurillac;44.93;2.44;01/08/2026;14:00;20.9;0;SOLEIL;5;0.0;0
Aurillac;44.93;2.44;01/08/2026;15:00;22.0;0;SOLEIL;5;0.0;0
Aurillac;44.93;2.44;01/08/2026;16:00;20.9;0;SOLEIL;5;0.0;0
Aurillac;44.93;2.44;01/08/2026;17:00;19.8;0;SOLEIL;5;0.0;0
Aurillac;44.93;2.44;01/08/2026;18:00;18.7;0;SOLEIL;5;0.0;0
Aurillac;44.93;2.44;01/08/2026;19:00;17.6;0;SOLEIL;5;0.0;0
Aurillac;44.93;2.44;01/08/2026;20:00;16.4;0;SOLEIL;5;0.0;0
Aurillac;44.93;2.44;01/08/2026;21:00;15.3;0;SOLEIL;5;0.0;0
Aurillac;44.93;2.44;01/08/2026;22:00;14.2;0;SOLEIL;5;0.0;0
Aurillac;44.93;2.44;01/08/2026;23:00;13.1;0;SOLEIL;5;0.0;0
Saint-Flour;45.03;3.09;17/07/2026;00:00;19.2;6;AVERSES;2;0;0.5
Saint-Flour;45.03;3.09;17/07/2026;01:00;18.4;6;AVERSES;3;0;0.3
Saint-Flour;45.03;3.09;17/07/2026;02:00;18.9;2;NUAGEUX;2;0;0
Saint-Flour;45.03;3.09;17/07/2026;03:00;18;0;SOLEIL;2;0;0
Saint-Flour;45.03;3.09;17/07/2026;04:00;17.9;0;SOLEIL;2;0;0
Saint-Flour;45.03;3.09;17/07/2026;05:00;18.1;0;SOLEIL;1;0;0
Saint-Flour;45.03;3.09;17/07/2026;06:00;18.6;0;SOLEIL;2;0;0
Saint-Flour;45.03;3.09;17/07/2026;07:00;19.6;0;SOLEIL;2;0;0
Saint-Flour;45.03;3.09;17/07/2026;08:00;21.6;2;NUAGEUX;2;0;0
Saint-Flour;45.03;3.09;17/07/2026;09:00;23.1;2;NUAGEUX;2;0;0
Saint-Flour;45.03;3.09;17/07/2026;10:00;25.1;0;SOLEIL;3;0;0
Saint-Flour;45.03;3.09;17/07/2026;11:00;26.2;0;SOLEIL;3;0;0
Saint-Flour;45.03;3.09;17/07/2026;12:00;26.6;0;SOLEIL;3;0;0
Saint-Flour;45.03;3.09;17/07/2026;13:00;27.5;10;ORAGEUX;4;0;0.1
Saint-Flour;45.03;3.09;17/07/2026;14:00;27.5;10;ORAGEUX;4;0;0.1
Saint-Flour;45.03;3.09;17/07/2026;15:00;27.7;10;ORAGEUX;4;0;0.1
Saint-Flour;45.03;3.09;17/07/2026;16:00;27.2;10;ORAGEUX;4;0;0.1
Saint-Flour;45.03;3.09;17/07/2026;17:00;26.1;10;ORAGEUX;4;0;0.1
Saint-Flour;45.03;3.09;17/07/2026;18:00;24.6;10;ORAGEUX;3;0;0.1
Saint-Flour;45.03;3.09;17/07/2026;19:00;22.9;10;ORAGEUX;3;0;0.1
Saint-Flour;45.03;3.09;17/07/2026;20:00;22.1;10;ORAGEUX;2;0;0.1
Saint-Flour;45.03;3.09;17/07/2026;21:00;21.4;0;SOLEIL;2;0;0
Saint-Flour;45.03;3.09;17/07/2026;22:00;20.1;0;SOLEIL;2;0;0
Saint-Flour;45.03;3.09;17/07/2026;23:00;18.9;0;SOLEIL;1;0;0
Saint-Flour;45.03;3.09;18/07/2026;00:00;18.5;0;SOLEIL;1;0;0
Saint-Flour;45.03;3.09;18/07/2026;01:00;18.5;0;SOLEIL;1;0;0
Saint-Flour;45.03;3.09;18/07/2026;02:00;17.5;0;SOLEIL;1;0;0
Saint-Flour;45.03;3.09;18/07/2026;03:00;17.5;0;SOLEIL;1;0;0
Saint-Flour;45.03;3.09;18/07/2026;04:00;17.5;0;SOLEIL;1;0;0
Saint-Flour;45.03;3.09;18/07/2026;05:00;19.6;0;SOLEIL;2;0;0
Saint-Flour;45.03;3.09;18/07/2026;06:00;19.6;0;SOLEIL;2;0;0
Saint-Flour;45.03;3.09;18/07/2026;07:00;19.6;0;SOLEIL;2;0;0
Saint-Flour;45.03;3.09;18/07/2026;08:00;24.7;0;SOLEIL;2;0;0
Saint-Flour;45.03;3.09;18/07/2026;09:00;24.7;0;SOLEIL;2;0;0
Saint-Flour;45.03;3.09;18/07/2026;10:00;24.7;0;SOLEIL;2;0;0
Saint-Flour;45.03;3.09;18/07/2026;11:00;28.4;0;SOLEIL;3;0;0
Saint-Flour;45.03;3.09;18/07/2026;12:00;28.4;0;SOLEIL;3;0;0
Saint-Flour;45.03;3.09;18/07/2026;13:00;28.4;0;SOLEIL;3;0;0
Saint-Flour;45.03;3.09;18/07/2026;14:00;29.1;0;SOLEIL;4;0;0
Saint-Flour;45.03;3.09;18/07/2026;15:00;29.1;0;SOLEIL;4;0;0
Saint-Flour;45.03;3.09;18/07/2026;16:00;29.1;0;SOLEIL;4;0;0
Saint-Flour;45.03;3.09;18/07/2026;17:00;27.2;0;SOLEIL;3;0;0
Saint-Flour;45.03;3.09;18/07/2026;18:00;27.2;0;SOLEIL;3;0;0
Saint-Flour;45.03;3.09;18/07/2026;19:00;27.2;0;SOLEIL;3;0;0
Saint-Flour;45.03;3.09;18/07/2026;20:00;22.1;0;SOLEIL;2;0;0
Saint-Flour;45.03;3.09;18/07/2026;21:00;22.1;0;SOLEIL;2;0;0
Saint-Flour;45.03;3.09;18/07/2026;22:00;22.1;0;SOLEIL;2;0;0
Saint-Flour;45.03;3.09;18/07/2026;23:00;19.1;0;SOLEIL;1;0;0
Saint-Flour;45.03;3.09;19/07/2026;00:00;19.1;0;SOLEIL;1;0;0
Saint-Flour;45.03;3.09;19/07/2026;01:00;19.1;0;SOLEIL;1;0;0
Saint-Flour;45.03;3.09;19/07/2026;02:00;17.6;0;SOLEIL;0;0;0
Saint-Flour;45.03;3.09;19/07/2026;03:00;17.6;0;SOLEIL;0;0;0
Saint-Flour;45.03;3.09;19/07/2026;04:00;17.6;0;SOLEIL;0;0;0
Saint-Flour;45.03;3.09;19/07/2026;05:00;18.9;0;SOLEIL;1;0;0
Saint-Flour;45.03;3.09;19/07/2026;06:00;18.9;0;SOLEIL;1;0;0
Saint-Flour;45.03;3.09;19/07/2026;07:00;18.9;0;SOLEIL;1;0;0
Saint-Flour;45.03;3.09;19/07/2026;08:00;25.2;0;SOLEIL;3;0;0
Saint-Flour;45.03;3.09;19/07/2026;09:00;25.2;0;SOLEIL;3;0;0
Saint-Flour;45.03;3.09;19/07/2026;10:00;25.2;0;SOLEIL;3;0;0
Saint-Flour;45.03;3.09;19/07/2026;11:00;27.2;0;SOLEIL;3;0;0
Saint-Flour;45.03;3.09;19/07/2026;12:00;27.2;0;SOLEIL;3;0;0
Saint-Flour;45.03;3.09;19/07/2026;13:00;27.2;0;SOLEIL;3;0;0
Saint-Flour;45.03;3.09;19/07/2026;14:00;28.6;0;SOLEIL;3;0;0
Saint-Flour;45.03;3.09;19/07/2026;15:00;28.6;0;SOLEIL;3;0;0
Saint-Flour;45.03;3.09;19/07/2026;16:00;28.6;0;SOLEIL;3;0;0
Saint-Flour;45.03;3.09;19/07/2026;17:00;25.7;0;SOLEIL;4;0;0
Saint-Flour;45.03;3.09;19/07/2026;18:00;25.7;0;SOLEIL;4;0;0
Saint-Flour;45.03;3.09;19/07/2026;19:00;25.7;0;SOLEIL;4;0;0
Saint-Flour;45.03;3.09;19/07/2026;20:00;22.3;0;SOLEIL;5;0;0
Saint-Flour;45.03;3.09;19/07/2026;21:00;20.9;0;SOLEIL;5;0;0
Saint-Flour;45.03;3.09;19/07/2026;22:00;19.5;0;SOLEIL;5;0;0
Saint-Flour;45.03;3.09;19/07/2026;23:00;17.5;0;SOLEIL;3;0;0
Saint-Flour;45.03;3.09;20/07/2026;00:00;17.5;0;SOLEIL;3;0;0
Saint-Flour;45.03;3.09;20/07/2026;01:00;17.5;0;SOLEIL;3;0;0
Saint-Flour;45.03;3.09;20/07/2026;02:00;17.1;0;SOLEIL;5;0;0
Saint-Flour;45.03;3.09;20/07/2026;03:00;17.1;0;SOLEIL;5;0;0
Saint-Flour;45.03;3.09;20/07/2026;04:00;17.1;0;SOLEIL;5;0;0
Saint-Flour;45.03;3.09;20/07/2026;05:00;19.1;0;SOLEIL;2;0;0
Saint-Flour;45.03;3.09;20/07/2026;06:00;19.1;0;SOLEIL;2;0;0
Saint-Flour;45.03;3.09;20/07/2026;07:00;19.1;0;SOLEIL;2;0;0
Saint-Flour;45.03;3.09;20/07/2026;08:00;20.4;0;SOLEIL;5;0;0
Saint-Flour;45.03;3.09;20/07/2026;09:00;22.0;0;SOLEIL;5;0;0
Saint-Flour;45.03;3.09;20/07/2026;10:00;23.7;0;SOLEIL;5;0;0
Saint-Flour;45.03;3.09;20/07/2026;11:00;30;0;SOLEIL;2;0;0
Saint-Flour;45.03;3.09;20/07/2026;12:00;30;0;SOLEIL;2;0;0
Saint-Flour;45.03;3.09;20/07/2026;13:00;30;0;SOLEIL;2;0;0
Saint-Flour;45.03;3.09;20/07/2026;14:00;30.3;0;SOLEIL;5;0;0
Saint-Flour;45.03;3.09;20/07/2026;15:00;31.9;0;SOLEIL;5;0;0
Saint-Flour;45.03;3.09;20/07/2026;16:00;30.3;0;SOLEIL;5;0;0
Saint-Flour;45.03;3.09;20/07/2026;17:00;28.1;0;SOLEIL;4;0;0
Saint-Flour;45.03;3.09;20/07/2026;18:00;28.1;0;SOLEIL;4;0;0
Saint-Flour;45.03;3.09;20/07/2026;19:00;28.1;0;SOLEIL;4;0;0
Saint-Flour;45.03;3.09;20/07/2026;20:00;23.7;0;SOLEIL;5;0;0
Saint-Flour;45.03;3.09;20/07/2026;21:00;22.0;0;SOLEIL;5;0;0
Saint-Flour;45.03;3.09;20/07/2026;22:00;20.4;0;SOLEIL;5;0;0
Saint-Flour;45.03;3.09;20/07/2026;23:00;18.4;0;SOLEIL;4;0;0
Saint-Flour;45.03;3.09;21/07/2026;00:00;18.4;0;SOLEIL;4;0;0
Saint-Flour;45.03;3.09;21/07/2026;01:00;18.4;0;SOLEIL;4;0;0
Saint-Flour;45.03;3.09;21/07/2026;02:00;15.1;0;SOLEIL;5;0;0
Saint-Flour;45.03;3.09;21/07/2026;03:00;15.1;0;SOLEIL;5;0;0
Saint-Flour;45.03;3.09;21/07/2026;04:00;15.1;0;SOLEIL;5;0;0
Saint-Flour;45.03;3.09;21/07/2026;05:00;17.5;0;SOLEIL;3;0;0
Saint-Flour;45.03;3.09;21/07/2026;06:00;17.5;0;SOLEIL;3;0;0
Saint-Flour;45.03;3.09;21/07/2026;07:00;17.5;0;SOLEIL;3;0;0
Saint-Flour;45.03;3.09;21/07/2026;08:00;18.8;0;SOLEIL;5;0;0
Saint-Flour;45.03;3.09;21/07/2026;09:00;20.6;0;SOLEIL;5;0;0
Saint-Flour;45.03;3.09;21/07/2026;10:00;22.4;0;SOLEIL;5;0;0
Saint-Flour;45.03;3.09;21/07/2026;11:00;29.1;0;SOLEIL;2;0;0
Saint-Flour;45.03;3.09;21/07/2026;12:00;29.1;0;SOLEIL;2;0;0
Saint-Flour;45.03;3.09;21/07/2026;13:00;29.1;0;SOLEIL;2;0;0
Saint-Flour;45.03;3.09;21/07/2026;14:00;29.8;0;SOLEIL;5;0;0
Saint-Flour;45.03;3.09;21/07/2026;15:00;31.6;0;SOLEIL;5;0;0
Saint-Flour;45.03;3.09;21/07/2026;16:00;29.8;0;SOLEIL;5;0;0
Saint-Flour;45.03;3.09;21/07/2026;17:00;27.6;0;SOLEIL;4;0;0
Saint-Flour;45.03;3.09;21/07/2026;18:00;27.6;0;SOLEIL;4;0;0
Saint-Flour;45.03;3.09;21/07/2026;19:00;27.6;0;SOLEIL;4;0;0
Saint-Flour;45.03;3.09;21/07/2026;20:00;22.4;0;SOLEIL;5;0;0
Saint-Flour;45.03;3.09;21/07/2026;21:00;20.6;0;SOLEIL;5;0;0
Saint-Flour;45.03;3.09;21/07/2026;22:00;18.8;0;SOLEIL;5;0;0
Saint-Flour;45.03;3.09;21/07/2026;23:00;18.1;0;SOLEIL;3;0;0
Saint-Flour;45.03;3.09;22/07/2026;00:00;18.1;0;SOLEIL;3;0;0
Saint-Flour;45.03;3.09;22/07/2026;01:00;18.1;0;SOLEIL;3;0;0
Saint-Flour;45.03;3.09;22/07/2026;02:00;16.1;0;SOLEIL;5;0;0
Saint-Flour;45.03;3.09;22/07/2026;03:00;16.1;0;SOLEIL;5;0;0
Saint-Flour;45.03;3.09;22/07/2026;04:00;16.1;0;SOLEIL;5;0;0
Saint-Flour;45.03;3.09;22/07/2026;05:00;18;0;SOLEIL;2;0;0
Saint-Flour;45.03;3.09;22/07/2026;06:00;18;0;SOLEIL;2;0;0
Saint-Flour;45.03;3.09;22/07/2026;07:00;18;0;SOLEIL;2;0;0
Saint-Flour;45.03;3.09;22/07/2026;08:00;19.7;0;SOLEIL;5;0;0
Saint-Flour;45.03;3.09;22/07/2026;09:00;21.5;0;SOLEIL;5;0;0
Saint-Flour;45.03;3.09;22/07/2026;10:00;23.3;0;SOLEIL;5;0;0
Saint-Flour;45.03;3.09;22/07/2026;11:00;30.2;0;SOLEIL;2;0;0
Saint-Flour;45.03;3.09;22/07/2026;12:00;30.2;0;SOLEIL;2;0;0
Saint-Flour;45.03;3.09;22/07/2026;13:00;30.2;0;SOLEIL;2;0;0
Saint-Flour;45.03;3.09;22/07/2026;14:00;30.4;0;SOLEIL;5;0;0
Saint-Flour;45.03;3.09;22/07/2026;15:00;32.2;0;SOLEIL;5;0;0
Saint-Flour;45.03;3.09;22/07/2026;16:00;30.4;0;SOLEIL;5;0;0
Saint-Flour;45.03;3.09;22/07/2026;17:00;28.1;0;SOLEIL;3;0;0
Saint-Flour;45.03;3.09;22/07/2026;18:00;28.1;0;SOLEIL;3;0;0
Saint-Flour;45.03;3.09;22/07/2026;19:00;28.1;0;SOLEIL;3;0;0
Saint-Flour;45.03;3.09;22/07/2026;20:00;23.3;0;SOLEIL;5;0;0
Saint-Flour;45.03;3.09;22/07/2026;21:00;21.5;0;SOLEIL;5;0;0
Saint-Flour;45.03;3.09;22/07/2026;22:00;19.7;0;SOLEIL;5;0;0
Saint-Flour;45.03;3.09;22/07/2026;23:00;19.4;0;SOLEIL;3;0;0
Saint-Flour;45.03;3.09;23/07/2026;00:00;19.4;0;SOLEIL;3;0;0
Saint-Flour;45.03;3.09;23/07/2026;01:00;19.4;0;SOLEIL;3;0;0
Saint-Flour;45.03;3.09;23/07/2026;02:00;16.6;0;SOLEIL;5;0;0
Saint-Flour;45.03;3.09;23/07/2026;03:00;16.6;0;SOLEIL;5;0;0
Saint-Flour;45.03;3.09;23/07/2026;04:00;16.6;0;SOLEIL;5;0;0
Saint-Flour;45.03;3.09;23/07/2026;05:00;18.6;0;SOLEIL;2;0;0
Saint-Flour;45.03;3.09;23/07/2026;06:00;18.6;0;SOLEIL;2;0;0
Saint-Flour;45.03;3.09;23/07/2026;07:00;18.6;0;SOLEIL;2;0;0
Saint-Flour;45.03;3.09;23/07/2026;08:00;19.8;0;SOLEIL;5;0;0
Saint-Flour;45.03;3.09;23/07/2026;09:00;21.5;0;SOLEIL;5;0;0
Saint-Flour;45.03;3.09;23/07/2026;10:00;23.1;0;SOLEIL;5;0;0
Saint-Flour;45.03;3.09;23/07/2026;11:00;29.1;0;SOLEIL;4;0;0
Saint-Flour;45.03;3.09;23/07/2026;12:00;29.1;0;SOLEIL;4;0;0
Saint-Flour;45.03;3.09;23/07/2026;13:00;29.1;0;SOLEIL;4;0;0
Saint-Flour;45.03;3.09;23/07/2026;14:00;29.6;0;SOLEIL;5;0;0
Saint-Flour;45.03;3.09;23/07/2026;15:00;31.2;0;SOLEIL;5;0;0
Saint-Flour;45.03;3.09;23/07/2026;16:00;29.6;0;SOLEIL;5;0;0
Saint-Flour;45.03;3.09;23/07/2026;17:00;28.1;0;SOLEIL;4;0;0
Saint-Flour;45.03;3.09;23/07/2026;18:00;28.1;0;SOLEIL;4;0;0
Saint-Flour;45.03;3.09;23/07/2026;19:00;28.1;0;SOLEIL;4;0;0
Saint-Flour;45.03;3.09;23/07/2026;20:00;23.1;0;SOLEIL;5;0;0
Saint-Flour;45.03;3.09;23/07/2026;21:00;21.5;0;SOLEIL;5;0;0
Saint-Flour;45.03;3.09;23/07/2026;22:00;19.8;0;SOLEIL;5;0;0
Saint-Flour;45.03;3.09;23/07/2026;23:00;20.5;0;SOLEIL;3;0;0
Saint-Flour;45.03;3.09;24/07/2026;00:00;20.5;0;SOLEIL;3;0;0
Saint-Flour;45.03;3.09;24/07/2026;01:00;20.5;0;SOLEIL;3;0;0
Saint-Flour;45.03;3.09;24/07/2026;02:00;17.6;0;SOLEIL;5;0;0
Saint-Flour;45.03;3.09;24/07/2026;03:00;17.6;0;SOLEIL;5;0;0
Saint-Flour;45.03;3.09;24/07/2026;04:00;17.6;0;SOLEIL;5;0;0
Saint-Flour;45.03;3.09;24/07/2026;05:00;19.6;0;SOLEIL;2;0;0
Saint-Flour;45.03;3.09;24/07/2026;06:00;19.6;0;SOLEIL;2;0;0
Saint-Flour;45.03;3.09;24/07/2026;07:00;19.6;0;SOLEIL;2;0;0
Saint-Flour;45.03;3.09;24/07/2026;08:00;21.0;0;SOLEIL;5;0;0
Saint-Flour;45.03;3.09;24/07/2026;09:00;22.6;0;SOLEIL;5;0;0
Saint-Flour;45.03;3.09;24/07/2026;10:00;24.3;0;SOLEIL;5;0;0
Saint-Flour;45.03;3.09;24/07/2026;11:00;31.1;0;SOLEIL;2;0;0
Saint-Flour;45.03;3.09;24/07/2026;12:00;31.1;0;SOLEIL;2;0;0
Saint-Flour;45.03;3.09;24/07/2026;13:00;31.1;0;SOLEIL;2;0;0
Saint-Flour;45.03;3.09;24/07/2026;14:00;31.0;0;SOLEIL;5;0;0
Saint-Flour;45.03;3.09;24/07/2026;15:00;32.7;0;SOLEIL;5;0;0
Saint-Flour;45.03;3.09;24/07/2026;16:00;31.0;0;SOLEIL;5;0;0
Saint-Flour;45.03;3.09;24/07/2026;17:00;28.7;0;SOLEIL;2;0;0
Saint-Flour;45.03;3.09;24/07/2026;18:00;28.7;0;SOLEIL;2;0;0
Saint-Flour;45.03;3.09;24/07/2026;19:00;28.7;0;SOLEIL;2;0;0
Saint-Flour;45.03;3.09;24/07/2026;20:00;24.3;0;SOLEIL;5;0;0
Saint-Flour;45.03;3.09;24/07/2026;21:00;22.6;0;SOLEIL;5;0;0
Saint-Flour;45.03;3.09;24/07/2026;22:00;21.0;0;SOLEIL;5;0;0
Saint-Flour;45.03;3.09;24/07/2026;23:00;22.1;0;SOLEIL;2;0;0
Saint-Flour;45.03;3.09;25/07/2026;00:00;22.1;0;SOLEIL;2;0;0
Saint-Flour;45.03;3.09;25/07/2026;01:00;22.1;0;SOLEIL;2;0;0
Saint-Flour;45.03;3.09;25/07/2026;02:00;18.5;0;SOLEIL;5;0;0
Saint-Flour;45.03;3.09;25/07/2026;03:00;18.5;0;SOLEIL;5;0;0
Saint-Flour;45.03;3.09;25/07/2026;04:00;18.5;0;SOLEIL;5;0;0
Saint-Flour;45.03;3.09;25/07/2026;05:00;20;0;SOLEIL;2;0;0
Saint-Flour;45.03;3.09;25/07/2026;06:00;20;0;SOLEIL;2;0;0
Saint-Flour;45.03;3.09;25/07/2026;07:00;20;0;SOLEIL;2;0;0
Saint-Flour;45.03;3.09;25/07/2026;08:00;21.1;0;SOLEIL;5;0;0
Saint-Flour;45.03;3.09;25/07/2026;09:00;22.4;0;SOLEIL;5;0;0
Saint-Flour;45.03;3.09;25/07/2026;10:00;23.7;0;SOLEIL;5;0;0
Saint-Flour;45.03;3.09;25/07/2026;11:00;29;0;SOLEIL;4;0;0
Saint-Flour;45.03;3.09;25/07/2026;12:00;29;0;SOLEIL;4;0;0
Saint-Flour;45.03;3.09;25/07/2026;13:00;29;0;SOLEIL;4;0;0
Saint-Flour;45.03;3.09;25/07/2026;14:00;28.9;0;SOLEIL;5;0;0
Saint-Flour;45.03;3.09;25/07/2026;15:00;30.2;0;SOLEIL;5;0;0
Saint-Flour;45.03;3.09;25/07/2026;16:00;28.9;0;SOLEIL;5;0;0
Saint-Flour;45.03;3.09;25/07/2026;17:00;25.2;0;SOLEIL;4;0;0
Saint-Flour;45.03;3.09;25/07/2026;18:00;25.2;0;SOLEIL;4;0;0
Saint-Flour;45.03;3.09;25/07/2026;19:00;25.2;0;SOLEIL;4;0;0
Saint-Flour;45.03;3.09;25/07/2026;20:00;23.7;0;SOLEIL;5;0;0
Saint-Flour;45.03;3.09;25/07/2026;21:00;22.4;0;SOLEIL;5;0;0
Saint-Flour;45.03;3.09;25/07/2026;22:00;21.1;0;SOLEIL;5;0;0
Saint-Flour;45.03;3.09;25/07/2026;23:00;18.9;0;SOLEIL;2;0;0
Saint-Flour;45.03;3.09;26/07/2026;00:00;18.9;0;SOLEIL;2;0;0
Saint-Flour;45.03;3.09;26/07/2026;01:00;18.9;0;SOLEIL;2;0;0
Saint-Flour;45.03;3.09;26/07/2026;02:00;15.6;0;SOLEIL;5;0;0
Saint-Flour;45.03;3.09;26/07/2026;03:00;15.6;0;SOLEIL;5;0;0
Saint-Flour;45.03;3.09;26/07/2026;04:00;15.6;0;SOLEIL;5;0;0
Saint-Flour;45.03;3.09;26/07/2026;05:00;;0;SOLEIL;;;0
Saint-Flour;45.03;3.09;26/07/2026;06:00;;0;SOLEIL;;;0
Saint-Flour;45.03;3.09;26/07/2026;07:00;;0;SOLEIL;;;0
Saint-Flour;45.03;3.09;26/07/2026;08:00;17.8;0;SOLEIL;5;0;0
Saint-Flour;45.03;3.09;26/07/2026;09:00;18.9;0;SOLEIL;5;0;0
Saint-Flour;45.03;3.09;26/07/2026;10:00;20.0;0;SOLEIL;5;0;0
Saint-Flour;45.03;3.09;26/07/2026;11:00;;0;SOLEIL;;;0
Saint-Flour;45.03;3.09;26/07/2026;12:00;;0;SOLEIL;;;0
Saint-Flour;45.03;3.09;26/07/2026;13:00;;0;SOLEIL;;;0
Saint-Flour;45.03;3.09;26/07/2026;14:00;24.3;0;SOLEIL;5;0;0
Saint-Flour;45.03;3.09;26/07/2026;15:00;25.4;0;SOLEIL;5;0;0
Saint-Flour;45.03;3.09;26/07/2026;16:00;24.3;0;SOLEIL;5;0;0
Saint-Flour;45.03;3.09;26/07/2026;17:00;;0;SOLEIL;;;0
Saint-Flour;45.03;3.09;26/07/2026;18:00;;0;SOLEIL;;;0
Saint-Flour;45.03;3.09;26/07/2026;19:00;;0;SOLEIL;;;0
Saint-Flour;45.03;3.09;26/07/2026;20:00;20.0;0;SOLEIL;5;0;0
Saint-Flour;45.03;3.09;26/07/2026;21:00;18.9;0;SOLEIL;5;0;0
Saint-Flour;45.03;3.09;26/07/2026;22:00;17.8;0;SOLEIL;5;0;0
Saint-Flour;45.03;3.09;26/07/2026;23:00;;0;SOLEIL;;;0
Saint-Flour;45.03;3.09;27/07/2026;00:00;;0;SOLEIL;;;0
Saint-Flour;45.03;3.09;27/07/2026;01:00;;0;SOLEIL;;;0
Saint-Flour;45.03;3.09;27/07/2026;02:00;16.1;0;SOLEIL;5;0;0
Saint-Flour;45.03;3.09;27/07/2026;03:00;16.1;0;SOLEIL;5;0;0
Saint-Flour;45.03;3.09;27/07/2026;04:00;16.1;0;SOLEIL;5;0;0
Saint-Flour;45.03;3.09;27/07/2026;05:00;;0;SOLEIL;;;0
Saint-Flour;45.03;3.09;27/07/2026;06:00;;0;SOLEIL;;;0
Saint-Flour;45.03;3.09;27/07/2026;07:00;;0;SOLEIL;;;0
Saint-Flour;45.03;3.09;27/07/2026;08:00;18.3;0;SOLEIL;5;0;0
Saint-Flour;45.03;3.09;27/07/2026;09:00;19.4;0;SOLEIL;5;0;0
Saint-Flour;45.03;3.09;27/07/2026;10:00;20.5;0;SOLEIL;5;0;0
Saint-Flour;45.03;3.09;27/07/2026;11:00;;0;SOLEIL;;;0
Saint-Flour;45.03;3.09;27/07/2026;12:00;;0;SOLEIL;;;0
Saint-Flour;45.03;3.09;27/07/2026;13:00;;0;SOLEIL;;;0
Saint-Flour;45.03;3.09;27/07/2026;14:00;25.0;0;SOLEIL;5;0;0
Saint-Flour;45.03;3.09;27/07/2026;15:00;26.1;0;SOLEIL;5;0;0
Saint-Flour;45.03;3.09;27/07/2026;16:00;25.0;0;SOLEIL;5;0;0
Saint-Flour;45.03;3.09;27/07/2026;17:00;;0;SOLEIL;;;0
Saint-Flour;45.03;3.09;27/07/2026;18:00;;0;SOLEIL;;;0
Saint-Flour;45.03;3.09;27/07/2026;19:00;;0;SOLEIL;;;0
Saint-Flour;45.03;3.09;27/07/2026;20:00;20.5;0;SOLEIL;5;0;0
Saint-Flour;45.03;3.09;27/07/2026;21:00;19.4;0;SOLEIL;5;0;0
Saint-Flour;45.03;3.09;27/07/2026;22:00;18.3;0;SOLEIL;5;0;0
Saint-Flour;45.03;3.09;27/07/2026;23:00;;6;AVERSES;;;0
Saint-Flour;45.03;3.09;28/07/2026;00:00;;6;AVERSES;;;0
Saint-Flour;45.03;3.09;28/07/2026;01:00;;6;AVERSES;;;0
Saint-Flour;45.03;3.09;28/07/2026;02:00;15.6;6;AVERSES;5;0;0
Saint-Flour;45.03;3.09;28/07/2026;03:00;15.6;6;AVERSES;5;0;0
Saint-Flour;45.03;3.09;28/07/2026;04:00;15.6;6;AVERSES;5;0;0
Saint-Flour;45.03;3.09;28/07/2026;05:00;;6;AVERSES;;;0
Saint-Flour;45.03;3.09;28/07/2026;06:00;;6;AVERSES;;;0
Saint-Flour;45.03;3.09;28/07/2026;07:00;;6;AVERSES;;;0
Saint-Flour;45.03;3.09;28/07/2026;08:00;18.3;6;AVERSES;5;0;0
Saint-Flour;45.03;3.09;28/07/2026;09:00;19.6;6;AVERSES;5;0;0
Saint-Flour;45.03;3.09;28/07/2026;10:00;20.9;6;AVERSES;5;0;0
Saint-Flour;45.03;3.09;28/07/2026;11:00;;6;AVERSES;;;0
Saint-Flour;45.03;3.09;28/07/2026;12:00;;6;AVERSES;;;0
Saint-Flour;45.03;3.09;28/07/2026;13:00;;6;AVERSES;;;0
Saint-Flour;45.03;3.09;28/07/2026;14:00;26.3;6;AVERSES;5;0;0
Saint-Flour;45.03;3.09;28/07/2026;15:00;27.6;6;AVERSES;5;0;0
Saint-Flour;45.03;3.09;28/07/2026;16:00;26.3;6;AVERSES;5;0;0
Saint-Flour;45.03;3.09;28/07/2026;17:00;;6;AVERSES;;;0
Saint-Flour;45.03;3.09;28/07/2026;18:00;;6;AVERSES;;;0
Saint-Flour;45.03;3.09;28/07/2026;19:00;;6;AVERSES;;;0
Saint-Flour;45.03;3.09;28/07/2026;20:00;20.9;6;AVERSES;5;0;0
Saint-Flour;45.03;3.09;28/07/2026;21:00;19.6;6;AVERSES;5;0;0
Saint-Flour;45.03;3.09;28/07/2026;22:00;18.3;6;AVERSES;5;0;0
Saint-Flour;45.03;3.09;28/07/2026;23:00;;6;AVERSES;;;0
Saint-Flour;45.03;3.09;29/07/2026;00:00;;6;AVERSES;;;0
Saint-Flour;45.03;3.09;29/07/2026;01:00;;6;AVERSES;;;0
Saint-Flour;45.03;3.09;29/07/2026;02:00;15.6;6;AVERSES;5;0;0
Saint-Flour;45.03;3.09;29/07/2026;03:00;15.6;6;AVERSES;5;0;0
Saint-Flour;45.03;3.09;29/07/2026;04:00;15.6;6;AVERSES;5;0;0
Saint-Flour;45.03;3.09;29/07/2026;05:00;;6;AVERSES;;;0
Saint-Flour;45.03;3.09;29/07/2026;06:00;;6;AVERSES;;;0
Saint-Flour;45.03;3.09;29/07/2026;07:00;;6;AVERSES;;;0
Saint-Flour;45.03;3.09;29/07/2026;08:00;18.0;6;AVERSES;5;0;0
Saint-Flour;45.03;3.09;29/07/2026;09:00;19.2;6;AVERSES;5;0;0
Saint-Flour;45.03;3.09;29/07/2026;10:00;20.4;6;AVERSES;5;0;0
Saint-Flour;45.03;3.09;29/07/2026;11:00;;6;AVERSES;;;0
Saint-Flour;45.03;3.09;29/07/2026;12:00;;6;AVERSES;;;0
Saint-Flour;45.03;3.09;29/07/2026;13:00;;6;AVERSES;;;0
Saint-Flour;45.03;3.09;29/07/2026;14:00;25.2;6;AVERSES;5;0;0
Saint-Flour;45.03;3.09;29/07/2026;15:00;26.4;6;AVERSES;5;0;0
Saint-Flour;45.03;3.09;29/07/2026;16:00;25.2;6;AVERSES;5;0;0
Saint-Flour;45.03;3.09;29/07/2026;17:00;;6;AVERSES;;;0
Saint-Flour;45.03;3.09;29/07/2026;18:00;;6;AVERSES;;;0
Saint-Flour;45.03;3.09;29/07/2026;19:00;;6;AVERSES;;;0
Saint-Flour;45.03;3.09;29/07/2026;20:00;20.4;6;AVERSES;5;0;0
Saint-Flour;45.03;3.09;29/07/2026;21:00;19.2;6;AVERSES;5;0;0
Saint-Flour;45.03;3.09;29/07/2026;22:00;18.0;6;AVERSES;5;0;0
Saint-Flour;45.03;3.09;29/07/2026;23:00;;0;SOLEIL;;;0
Saint-Flour;45.03;3.09;30/07/2026;00:00;;0;SOLEIL;;;0
Saint-Flour;45.03;3.09;30/07/2026;01:00;;0;SOLEIL;;;0
Saint-Flour;45.03;3.09;30/07/2026;02:00;16.1;0;SOLEIL;5;0;0
Saint-Flour;45.03;3.09;30/07/2026;03:00;16.1;0;SOLEIL;5;0;0
Saint-Flour;45.03;3.09;30/07/2026;04:00;16.1;0;SOLEIL;5;0;0
Saint-Flour;45.03;3.09;30/07/2026;05:00;;0;SOLEIL;;;0
Saint-Flour;45.03;3.09;30/07/2026;06:00;;0;SOLEIL;;;0
Saint-Flour;45.03;3.09;30/07/2026;07:00;;0;SOLEIL;;;0
Saint-Flour;45.03;3.09;30/07/2026;08:00;18.4;0;SOLEIL;5;0;0
Saint-Flour;45.03;3.09;30/07/2026;09:00;19.6;0;SOLEIL;5;0;0
Saint-Flour;45.03;3.09;30/07/2026;10:00;20.8;0;SOLEIL;5;0;0
Saint-Flour;45.03;3.09;30/07/2026;11:00;;0;SOLEIL;;;0
Saint-Flour;45.03;3.09;30/07/2026;12:00;;0;SOLEIL;;;0
Saint-Flour;45.03;3.09;30/07/2026;13:00;;0;SOLEIL;;;0
Saint-Flour;45.03;3.09;30/07/2026;14:00;25.4;0;SOLEIL;5;0;0
Saint-Flour;45.03;3.09;30/07/2026;15:00;26.6;0;SOLEIL;5;0;0
Saint-Flour;45.03;3.09;30/07/2026;16:00;25.4;0;SOLEIL;5;0;0
Saint-Flour;45.03;3.09;30/07/2026;17:00;;0;SOLEIL;;;0
Saint-Flour;45.03;3.09;30/07/2026;18:00;;0;SOLEIL;;;0
Saint-Flour;45.03;3.09;30/07/2026;19:00;;0;SOLEIL;;;0
Saint-Flour;45.03;3.09;30/07/2026;20:00;20.8;0;SOLEIL;5;0;0
Saint-Flour;45.03;3.09;30/07/2026;21:00;19.6;0;SOLEIL;5;0;0
Saint-Flour;45.03;3.09;30/07/2026;22:00;18.4;0;SOLEIL;5;0;0
Saint-Flour;45.03;3.09;30/07/2026;23:00;17.3;0;SOLEIL;5;0;0
Saint-Flour;45.03;3.09;31/07/2026;00:00;12;0;SOLEIL;5;0;0
Saint-Flour;45.03;3.09;31/07/2026;01:00;12;0;SOLEIL;5;0;0
Saint-Flour;45.03;3.09;31/07/2026;02:00;12;0;SOLEIL;5;0;0
Saint-Flour;45.03;3.09;31/07/2026;03:00;12;0;SOLEIL;5;0;0
Saint-Flour;45.03;3.09;31/07/2026;04:00;12;0;SOLEIL;5;0;0
Saint-Flour;45.03;3.09;31/07/2026;05:00;12;0;SOLEIL;5;0;0
Saint-Flour;45.03;3.09;31/07/2026;06:00;12;0;SOLEIL;5;0;0
Saint-Flour;45.03;3.09;31/07/2026;07:00;13.1;0;SOLEIL;5;0;0
Saint-Flour;45.03;3.09;31/07/2026;08:00;14.2;0;SOLEIL;5;0;0
Saint-Flour;45.03;3.09;31/07/2026;09:00;15.3;0;SOLEIL;5;0;0
Saint-Flour;45.03;3.09;31/07/2026;10:00;16.4;0;SOLEIL;5;0;0
Saint-Flour;45.03;3.09;31/07/2026;11:00;17.6;0;SOLEIL;5;0;0
Saint-Flour;45.03;3.09;31/07/2026;12:00;18.7;0;SOLEIL;5;0;0
Saint-Flour;45.03;3.09;31/07/2026;13:00;19.8;0;SOLEIL;5;0;0
Saint-Flour;45.03;3.09;31/07/2026;14:00;20.9;0;SOLEIL;5;0;0
Saint-Flour;45.03;3.09;31/07/2026;15:00;22.0;0;SOLEIL;5;0;0
Saint-Flour;45.03;3.09;31/07/2026;16:00;20.9;0;SOLEIL;5;0;0
Saint-Flour;45.03;3.09;31/07/2026;17:00;19.8;0;SOLEIL;5;0;0
Saint-Flour;45.03;3.09;31/07/2026;18:00;18.7;0;SOLEIL;5;0;0
Saint-Flour;45.03;3.09;31/07/2026;19:00;17.6;0;SOLEIL;5;0;0
Saint-Flour;45.03;3.09;31/07/2026;20:00;16.4;0;SOLEIL;5;0;0
Saint-Flour;45.03;3.09;31/07/2026;21:00;15.3;0;SOLEIL;5;0;0
Saint-Flour;45.03;3.09;31/07/2026;22:00;14.2;0;SOLEIL;5;0;0
Saint-Flour;45.03;3.09;31/07/2026;23:00;13.1;0;SOLEIL;5;0;0
Saint-Flour;45.03;3.09;01/08/2026;00:00;12;0;SOLEIL;5;0;0
Saint-Flour;45.03;3.09;01/08/2026;01:00;12;0;SOLEIL;5;0;0
Saint-Flour;45.03;3.09;01/08/2026;02:00;12;0;SOLEIL;5;0;0
Saint-Flour;45.03;3.09;01/08/2026;03:00;12;0;SOLEIL;5;0;0
Saint-Flour;45.03;3.09;01/08/2026;04:00;12;0;SOLEIL;5;0;0
Saint-Flour;45.03;3.09;01/08/2026;05:00;12;0;SOLEIL;5;0;0
Saint-Flour;45.03;3.09;01/08/2026;06:00;12;0;SOLEIL;5;0;0
Saint-Flour;45.03;3.09;01/08/2026;07:00;13.1;0;SOLEIL;5;0;0
Saint-Flour;45.03;3.09;01/08/2026;08:00;14.2;0;SOLEIL;5;0;0
Saint-Flour;45.03;3.09;01/08/2026;09:00;15.3;0;SOLEIL;5;0;0
Saint-Flour;45.03;3.09;01/08/2026;10:00;16.4;0;SOLEIL;5;0;0
Saint-Flour;45.03;3.09;01/08/2026;11:00;17.6;0;SOLEIL;5;0;0
Saint-Flour;45.03;3.09;01/08/2026;12:00;18.7;0;SOLEIL;5;0;0
Saint-Flour;45.03;3.09;01/08/2026;13:00;19.8;0;SOLEIL;5;0;0
Saint-Flour;45.03;3.09;01/08/2026;14:00;20.9;0;SOLEIL;5;0;0
Saint-Flour;45.03;3.09;01/08/2026;15:00;22.0;0;SOLEIL;5;0;0
Saint-Flour;45.03;3.09;01/08/2026;16:00;20.9;0;SOLEIL;5;0;0
Saint-Flour;45.03;3.09;01/08/2026;17:00;19.8;0;SOLEIL;5;0;0
Saint-Flour;45.03;3.09;01/08/2026;18:00;18.7;0;SOLEIL;5;0;0
Saint-Flour;45.03;3.09;01/08/2026;19:00;17.6;0;SOLEIL;5;0;0
Saint-Flour;45.03;3.09;01/08/2026;20:00;16.4;0;SOLEIL;5;0;0
Saint-Flour;45.03;3.09;01/08/2026;21:00;15.3;0;SOLEIL;5;0;0
Saint-Flour;45.03;3.09;01/08/2026;22:00;14.2;0;SOLEIL;5;0;0
Saint-Flour;45.03;3.09;01/08/2026;23:00;13.1;0;SOLEIL;5;0;0
Dieulefit;44.52;5.06;17/07/2026;00:00;15.9;10;ORAGEUX;2;7.9;3.4
Dieulefit;44.52;5.06;17/07/2026;01:00;15.4;6;AVERSES;1;5.8;0.1
Dieulefit;44.52;5.06;17/07/2026;02:00;15.6;6;AVERSES;2;22.0;0.1
Dieulefit;44.52;5.06;17/07/2026;03:00;15.6;0;SOLEIL;1;26.3;0
Dieulefit;44.52;5.06;17/07/2026;04:00;14.9;0;SOLEIL;1;21.6;0
Dieulefit;44.52;5.06;17/07/2026;05:00;15.1;0;SOLEIL;2;6.5;0
Dieulefit;44.52;5.06;17/07/2026;06:00;16.7;0;SOLEIL;1;7.6;0
Dieulefit;44.52;5.06;17/07/2026;07:00;18.1;0;SOLEIL;1;7.9;0
Dieulefit;44.52;5.06;17/07/2026;08:00;20.1;0;SOLEIL;3;15.8;0
Dieulefit;44.52;5.06;17/07/2026;09:00;23;0;SOLEIL;4;22.7;0
Dieulefit;44.52;5.06;17/07/2026;10:00;23.2;0;SOLEIL;4;23.8;0
Dieulefit;44.52;5.06;17/07/2026;11:00;25;0;SOLEIL;4;28.4;0
Dieulefit;44.52;5.06;17/07/2026;12:00;25.1;0;SOLEIL;4;30.2;0
Dieulefit;44.52;5.06;17/07/2026;13:00;25.4;10;ORAGEUX;4;28.4;0.1
Dieulefit;44.52;5.06;17/07/2026;14:00;25.6;10;ORAGEUX;5;28.8;0.1
Dieulefit;44.52;5.06;17/07/2026;15:00;26.1;10;ORAGEUX;4;29.5;0.1
Dieulefit;44.52;5.06;17/07/2026;16:00;24.1;10;ORAGEUX;4;29.5;0.1
Dieulefit;44.52;5.06;17/07/2026;17:00;23.1;10;ORAGEUX;4;29.2;0.1
Dieulefit;44.52;5.06;17/07/2026;18:00;21.7;10;ORAGEUX;4;29.9;0.1
Dieulefit;44.52;5.06;17/07/2026;19:00;19.7;10;ORAGEUX;3;30.2;0.1
Dieulefit;44.52;5.06;17/07/2026;20:00;17.6;10;ORAGEUX;2;27.0;0.1
Dieulefit;44.52;5.06;17/07/2026;21:00;17.9;0;SOLEIL;2;23.4;0
Dieulefit;44.52;5.06;17/07/2026;22:00;16.6;0;SOLEIL;2;15.5;0
Dieulefit;44.52;5.06;17/07/2026;23:00;16.5;0;SOLEIL;2;17.3;0
Dieulefit;44.52;5.06;18/07/2026;00:00;15.6;0;SOLEIL;2;8.3;0
Dieulefit;44.52;5.06;18/07/2026;01:00;15.6;0;SOLEIL;2;8.6;0
Dieulefit;44.52;5.06;18/07/2026;02:00;13.2;0;SOLEIL;0;10.4;0
Dieulefit;44.52;5.06;18/07/2026;03:00;13.2;0;SOLEIL;0;8.6;0
Dieulefit;44.52;5.06;18/07/2026;04:00;13.2;0;SOLEIL;0;7.2;0
Dieulefit;44.52;5.06;18/07/2026;05:00;15.6;0;SOLEIL;1;6.5;0
Dieulefit;44.52;5.06;18/07/2026;06:00;15.6;0;SOLEIL;1;4.3;0
Dieulefit;44.52;5.06;18/07/2026;07:00;15.6;0;SOLEIL;1;4.0;0
Dieulefit;44.52;5.06;18/07/2026;08:00;22.1;0;SOLEIL;1;3.6;0
Dieulefit;44.52;5.06;18/07/2026;09:00;22.1;0;SOLEIL;1;4.7;0
Dieulefit;44.52;5.06;18/07/2026;10:00;22.1;0;SOLEIL;1;10.4;0
Dieulefit;44.52;5.06;18/07/2026;11:00;26.1;0;SOLEIL;2;16.2;0
Dieulefit;44.52;5.06;18/07/2026;12:00;26.1;0;SOLEIL;2;17.5;0
Dieulefit;44.52;5.06;18/07/2026;13:00;26.1;0;SOLEIL;2;16.9;0
Dieulefit;44.52;5.06;18/07/2026;14:00;26.5;0;SOLEIL;3;16.8;0
Dieulefit;44.52;5.06;18/07/2026;15:00;26.5;0;SOLEIL;3;15.1;0
Dieulefit;44.52;5.06;18/07/2026;16:00;26.5;0;SOLEIL;3;19.4;0
Dieulefit;44.52;5.06;18/07/2026;17:00;24.4;0;SOLEIL;4;23.0;0
Dieulefit;44.52;5.06;18/07/2026;18:00;24.4;0;SOLEIL;4;24.1;0
Dieulefit;44.52;5.06;18/07/2026;19:00;24.4;0;SOLEIL;4;25.6;0
Dieulefit;44.52;5.06;18/07/2026;20:00;19.1;0;SOLEIL;2;25.6;0
Dieulefit;44.52;5.06;18/07/2026;21:00;19.1;0;SOLEIL;2;22.3;0
Dieulefit;44.52;5.06;18/07/2026;22:00;19.1;0;SOLEIL;2;21.2;0
Dieulefit;44.52;5.06;18/07/2026;23:00;15.6;0;SOLEIL;1;18.4;0
Dieulefit;44.52;5.06;19/07/2026;00:00;15.6;0;SOLEIL;1;11.9;0
Dieulefit;44.52;5.06;19/07/2026;01:00;15.6;0;SOLEIL;1;11.5;0
Dieulefit;44.52;5.06;19/07/2026;02:00;13.2;0;SOLEIL;1;11.9;0
Dieulefit;44.52;5.06;19/07/2026;03:00;13.2;0;SOLEIL;1;11.9;0
Dieulefit;44.52;5.06;19/07/2026;04:00;13.2;0;SOLEIL;1;11.2;0
Dieulefit;44.52;5.06;19/07/2026;05:00;14.6;0;SOLEIL;1;10.4;0
Dieulefit;44.52;5.06;19/07/2026;06:00;14.6;0;SOLEIL;1;10.4;0
Dieulefit;44.52;5.06;19/07/2026;07:00;14.6;0;SOLEIL;1;10.4;0
Dieulefit;44.52;5.06;19/07/2026;08:00;22.4;0;SOLEIL;2;10.8;0
Dieulefit;44.52;5.06;19/07/2026;09:00;22.4;0;SOLEIL;2;8.6;0
Dieulefit;44.52;5.06;19/07/2026;10:00;22.4;0;SOLEIL;2;19.4;0
Dieulefit;44.52;5.06;19/07/2026;11:00;24.2;0;SOLEIL;3;25.6;0
Dieulefit;44.52;5.06;19/07/2026;12:00;24.2;0;SOLEIL;3;25.9;0
Dieulefit;44.52;5.06;19/07/2026;13:00;24.2;0;SOLEIL;3;25.6;0
Dieulefit;44.52;5.06;19/07/2026;14:00;22.2;0;SOLEIL;4;24.5;0
Dieulefit;44.52;5.06;19/07/2026;15:00;22.2;0;SOLEIL;4;24.5;0
Dieulefit;44.52;5.06;19/07/2026;16:00;22.2;0;SOLEIL;4;25.6;0
Dieulefit;44.52;5.06;19/07/2026;17:00;21.9;0;SOLEIL;5;27.0;0
Dieulefit;44.52;5.06;19/07/2026;18:00;21.9;0;SOLEIL;5;30.6;0
Dieulefit;44.52;5.06;19/07/2026;19:00;21.9;0;SOLEIL;5;36.7;0
Dieulefit;44.52;5.06;19/07/2026;20:00;18.1;0;SOLEIL;5;39.2;0
Dieulefit;44.52;5.06;19/07/2026;21:00;16.7;0;SOLEIL;5;37.8;0
Dieulefit;44.52;5.06;19/07/2026;22:00;15.3;0;SOLEIL;5;33.8;0
Dieulefit;44.52;5.06;19/07/2026;23:00;13.1;0;SOLEIL;3;29.5;0
Dieulefit;44.52;5.06;20/07/2026;00:00;13.1;0;SOLEIL;3;24.1;0
Dieulefit;44.52;5.06;20/07/2026;01:00;13.1;0;SOLEIL;3;18.4;0
Dieulefit;44.52;5.06;20/07/2026;02:00;11.9;0;SOLEIL;5;14.0;0
Dieulefit;44.52;5.06;20/07/2026;03:00;11.9;0;SOLEIL;5;12.6;0
Dieulefit;44.52;5.06;20/07/2026;04:00;11.9;0;SOLEIL;5;12.6;0
Dieulefit;44.52;5.06;20/07/2026;05:00;13.2;0;SOLEIL;2;13.0;0
Dieulefit;44.52;5.06;20/07/2026;06:00;13.2;0;SOLEIL;2;13.0;0
Dieulefit;44.52;5.06;20/07/2026;07:00;13.2;0;SOLEIL;2;13.7;0
Dieulefit;44.52;5.06;20/07/2026;08:00;15.3;0;SOLEIL;5;15.8;0
Dieulefit;44.52;5.06;20/07/2026;09:00;17.0;0;SOLEIL;5;20.9;0
Dieulefit;44.52;5.06;20/07/2026;10:00;18.7;0;SOLEIL;5;27.7;0
Dieulefit;44.52;5.06;20/07/2026;11:00;25.4;0;SOLEIL;3;32.8;0
Dieulefit;44.52;5.06;20/07/2026;12:00;25.4;0;SOLEIL;3;34.2;0
Dieulefit;44.52;5.06;20/07/2026;13:00;25.4;0;SOLEIL;3;33.8;0
Dieulefit;44.52;5.06;20/07/2026;14:00;25.5;0;SOLEIL;5;33.8;0
Dieulefit;44.52;5.06;20/07/2026;15:00;27.2;0;SOLEIL;5;35.3;0
Dieulefit;44.52;5.06;20/07/2026;16:00;25.5;0;SOLEIL;5;37.1;0
Dieulefit;44.52;5.06;20/07/2026;17:00;23.1;0;SOLEIL;5;38.9;0
Dieulefit;44.52;5.06;20/07/2026;18:00;23.1;0;SOLEIL;5;41.0;0
Dieulefit;44.52;5.06;20/07/2026;19:00;23.1;0;SOLEIL;5;43.2;0
Dieulefit;44.52;5.06;20/07/2026;20:00;18.7;0;SOLEIL;5;43.6;0
Dieulefit;44.52;5.06;20/07/2026;21:00;17.0;0;SOLEIL;5;41.0;0
Dieulefit;44.52;5.06;20/07/2026;22:00;15.3;0;SOLEIL;5;36.4;0
Dieulefit;44.52;5.06;20/07/2026;23:00;14;0;SOLEIL;3;32.0;0
Dieulefit;44.52;5.06;21/07/2026;00:00;14;0;SOLEIL;3;28.4;0
Dieulefit;44.52;5.06;21/07/2026;01:00;14;0;SOLEIL;3;25.2;0
Dieulefit;44.52;5.06;21/07/2026;02:00;9.7;0;SOLEIL;5;22.0;0
Dieulefit;44.52;5.06;21/07/2026;03:00;9.7;0;SOLEIL;5;18.7;0
Dieulefit;44.52;5.06;21/07/2026;04:00;9.7;0;SOLEIL;5;15.8;0
Dieulefit;44.52;5.06;21/07/2026;05:00;11.2;0;SOLEIL;3;14.4;0
Dieulefit;44.52;5.06;21/07/2026;06:00;11.2;0;SOLEIL;3;14.8;0
Dieulefit;44.52;5.06;21/07/2026;07:00;11.2;0;SOLEIL;3;16.6;0
Dieulefit;44.52;5.06;21/07/2026;08:00;13.2;0;SOLEIL;5;20.5;0
Dieulefit;44.52;5.06;21/07/2026;09:00;14.9;0;SOLEIL;5;28.4;0
Dieulefit;44.52;5.06;21/07/2026;10:00;16.7;0;SOLEIL;5;38.5;0
Dieulefit;44.52;5.06;21/07/2026;11:00;23.1;0;SOLEIL;4;46.1;0
Dieulefit;44.52;5.06;21/07/2026;12:00;23.1;0;SOLEIL;4;49.7;0
Dieulefit;44.52;5.06;21/07/2026;13:00;23.1;0;SOLEIL;4;50.9;0
Dieulefit;44.52;5.06;21/07/2026;14:00;23.7;0;SOLEIL;5;51.5;0
Dieulefit;44.52;5.06;21/07/2026;15:00;25.4;0;SOLEIL;5;51.5;0
Dieulefit;44.52;5.06;21/07/2026;16:00;23.7;0;SOLEIL;5;50.4;0
Dieulefit;44.52;5.06;21/07/2026;17:00;23.1;0;SOLEIL;5;49.0;0
Dieulefit;44.52;5.06;21/07/2026;18:00;23.1;0;SOLEIL;5;47.9;0
Dieulefit;44.52;5.06;21/07/2026;19:00;23.1;0;SOLEIL;5;46.8;0
Dieulefit;44.52;5.06;21/07/2026;20:00;16.7;0;SOLEIL;5;44.3;0
Dieulefit;44.52;5.06;21/07/2026;21:00;14.9;0;SOLEIL;5;39.6;0
Dieulefit;44.52;5.06;21/07/2026;22:00;13.2;0;SOLEIL;5;33.5;0
Dieulefit;44.52;5.06;21/07/2026;23:00;14.1;0;SOLEIL;2;27.7;0
Dieulefit;44.52;5.06;22/07/2026;00:00;14.1;0;SOLEIL;2;22.0;0
Dieulefit;44.52;5.06;22/07/2026;01:00;14.1;0;SOLEIL;2;16.6;0
Dieulefit;44.52;5.06;22/07/2026;02:00;10.2;0;SOLEIL;5;12.6;0
Dieulefit;44.52;5.06;22/07/2026;03:00;10.2;0;SOLEIL;5;10.8;0
Dieulefit;44.52;5.06;22/07/2026;04:00;10.2;0;SOLEIL;5;10.8;0
Dieulefit;44.52;5.06;22/07/2026;05:00;11.4;0;SOLEIL;2;10.4;0
Dieulefit;44.52;5.06;22/07/2026;06:00;11.4;0;SOLEIL;2;9.0;0
Dieulefit;44.52;5.06;22/07/2026;07:00;11.4;0;SOLEIL;2;7.6;0
Dieulefit;44.52;5.06;22/07/2026;08:00;14.0;0;SOLEIL;5;8.6;0
Dieulefit;44.52;5.06;22/07/2026;09:00;15.9;0;SOLEIL;5;14.8;0
Dieulefit;44.52;5.06;22/07/2026;10:00;17.8;0;SOLEIL;5;23.4;0
Dieulefit;44.52;5.06;22/07/2026;11:00;25;0;SOLEIL;3;29.5;0
Dieulefit;44.52;5.06;22/07/2026;12:00;25;0;SOLEIL;3;30.6;0
Dieulefit;44.52;5.06;22/07/2026;13:00;25;0;SOLEIL;3;28.8;0
Dieulefit;44.52;5.06;22/07/2026;14:00;25.3;0;SOLEIL;5;26.6;0
Dieulefit;44.52;5.06;22/07/2026;15:00;27.2;0;SOLEIL;5;24.1;0
Dieulefit;44.52;5.06;22/07/2026;16:00;25.3;0;SOLEIL;5;20.9;0
Dieulefit;44.52;5.06;22/07/2026;17:00;24.1;0;SOLEIL;5;19.4;0
Dieulefit;44.52;5.06;22/07/2026;18:00;24.1;0;SOLEIL;5;21.2;0
Dieulefit;44.52;5.06;22/07/2026;19:00;24.1;0;SOLEIL;5;25.2;0
Dieulefit;44.52;5.06;22/07/2026;20:00;17.8;0;SOLEIL;5;27.4;0
Dieulefit;44.52;5.06;22/07/2026;21:00;15.9;0;SOLEIL;5;27.4;0
Dieulefit;44.52;5.06;22/07/2026;22:00;14.0;0;SOLEIL;5;25.9;0
Dieulefit;44.52;5.06;22/07/2026;23:00;14.6;0;SOLEIL;2;23.4;0
Dieulefit;44.52;5.06;23/07/2026;00:00;14.6;0;SOLEIL;2;19.1;0
Dieulefit;44.52;5.06;23/07/2026;01:00;14.6;0;SOLEIL;2;13.3;0
Dieulefit;44.52;5.06;23/07/2026;02:00;11.7;0;SOLEIL;5;9.0;0
Dieulefit;44.52;5.06;23/07/2026;03:00;11.7;0;SOLEIL;5;7.2;0
Dieulefit;44.52;5.06;23/07/2026;04:00;11.7;0;SOLEIL;5;6.8;0
Dieulefit;44.52;5.06;23/07/2026;05:00;13.4;0;SOLEIL;2;6.8;0
Dieulefit;44.52;5.06;23/07/2026;06:00;13.4;0;SOLEIL;2;5.8;0
Dieulefit;44.52;5.06;23/07/2026;07:00;13.4;0;SOLEIL;2;5.0;0
Dieulefit;44.52;5.06;23/07/2026;08:00;14.8;0;SOLEIL;5;6.5;0
Dieulefit;44.52;5.06;23/07/2026;09:00;16.3;0;SOLEIL;5;12.2;0
Dieulefit;44.52;5.06;23/07/2026;10:00;17.8;0;SOLEIL;5;19.8;0
Dieulefit;44.52;5.06;23/07/2026;11:00;23.4;0;SOLEIL;4;25.9;0
Dieulefit;44.52;5.06;23/07/2026;12:00;23.4;0;SOLEIL;4;28.1;0
Dieulefit;44.52;5.06;23/07/2026;13:00;23.4;0;SOLEIL;4;28.4;0
Dieulefit;44.52;5.06;23/07/2026;14:00;24.0;0;SOLEIL;5;28.4;0
Dieulefit;44.52;5.06;23/07/2026;15:00;25.5;0;SOLEIL;5;28.8;0
Dieulefit;44.52;5.06;23/07/2026;16:00;24.0;0;SOLEIL;5;28.8;0
Dieulefit;44.52;5.06;23/07/2026;17:00;23.4;0;SOLEIL;5;28.4;0
Dieulefit;44.52;5.06;23/07/2026;18:00;23.4;0;SOLEIL;5;28.1;0
Dieulefit;44.52;5.06;23/07/2026;19:00;23.4;0;SOLEIL;5;27.7;0
Dieulefit;44.52;5.06;23/07/2026;20:00;17.8;0;SOLEIL;5;26.3;0
Dieulefit;44.52;5.06;23/07/2026;21:00;16.3;0;SOLEIL;5;23.4;0
Dieulefit;44.52;5.06;23/07/2026;22:00;14.8;0;SOLEIL;5;19.4;0
Dieulefit;44.52;5.06;23/07/2026;23:00;15.1;0;SOLEIL;2;15.8;0
Dieulefit;44.52;5.06;24/07/2026;00:00;15.1;0;SOLEIL;2;17.5;0
Dieulefit;44.52;5.06;24/07/2026;01:00;15.1;0;SOLEIL;2;20.5;0
Dieulefit;44.52;5.06;24/07/2026;02:00;12;0;SOLEIL;5;24.7;0
Dieulefit;44.52;5.06;24/07/2026;03:00;12;0;SOLEIL;5;28.1;0
Dieulefit;44.52;5.06;24/07/2026;04:00;12;0;SOLEIL;5;24.1;0
Dieulefit;44.52;5.06;24/07/2026;05:00;14;0;SOLEIL;2;20.2;0
Dieulefit;44.52;5.06;24/07/2026;06:00;14;0;SOLEIL;2;16.2;0
Dieulefit;44.52;5.06;24/07/2026;07:00;14;0;SOLEIL;2;13.3;0
Dieulefit;44.52;5.06;24/07/2026;08:00;15.8;0;SOLEIL;5;11.9;0
Dieulefit;44.52;5.06;24/07/2026;09:00;17.7;0;SOLEIL;5;12.6;0
Dieulefit;44.52;5.06;24/07/2026;10:00;19.6;0;SOLEIL;5;14.4;0
Dieulefit;44.52;5.06;24/07/2026;11:00;27.2;0;SOLEIL;3;17.6;0
Dieulefit;44.52;5.06;24/07/2026;12:00;27.2;0;SOLEIL;3;20.9;0
Dieulefit;44.52;5.06;24/07/2026;13:00;27.2;0;SOLEIL;3;23.8;0
Dieulefit;44.52;5.06;24/07/2026;14:00;27.2;0;SOLEIL;5;25.9;0
Dieulefit;44.52;5.06;24/07/2026;15:00;29.1;0;SOLEIL;5;27.4;0
Dieulefit;44.52;5.06;24/07/2026;16:00;27.2;0;SOLEIL;5;28.4;0
Dieulefit;44.52;5.06;24/07/2026;17:00;25.6;0;SOLEIL;4;29.2;0
Dieulefit;44.52;5.06;24/07/2026;18:00;25.6;0;SOLEIL;4;29.5;0
Dieulefit;44.52;5.06;24/07/2026;19:00;25.6;0;SOLEIL;4;29.2;0
Dieulefit;44.52;5.06;24/07/2026;20:00;19.6;0;SOLEIL;5;28.4;0
Dieulefit;44.52;5.06;24/07/2026;21:00;17.7;0;SOLEIL;5;26.6;0
Dieulefit;44.52;5.06;24/07/2026;22:00;15.8;0;SOLEIL;5;24.1;0
Dieulefit;44.52;5.06;24/07/2026;23:00;16.6;0;SOLEIL;0;21.2;0
Dieulefit;44.52;5.06;25/07/2026;00:00;16.6;0;SOLEIL;0;18.0;0
Dieulefit;44.52;5.06;25/07/2026;01:00;16.6;0;SOLEIL;0;15.1;0
Dieulefit;44.52;5.06;25/07/2026;02:00;13.4;0;SOLEIL;5;13.0;0
Dieulefit;44.52;5.06;25/07/2026;03:00;13.4;0;SOLEIL;5;10.8;0
Dieulefit;44.52;5.06;25/07/2026;04:00;13.4;0;SOLEIL;5;8.3;0
Dieulefit;44.52;5.06;25/07/2026;05:00;15.1;0;SOLEIL;0;6.5;0
Dieulefit;44.52;5.06;25/07/2026;06:00;15.1;0;SOLEIL;0;5.0;0
Dieulefit;44.52;5.06;25/07/2026;07:00;15.1;0;SOLEIL;0;5.0;0
Dieulefit;44.52;5.06;25/07/2026;08:00;16.7;0;SOLEIL;5;6.8;0
Dieulefit;44.52;5.06;25/07/2026;09:00;18.4;0;SOLEIL;5;11.5;0
Dieulefit;44.52;5.06;25/07/2026;10:00;20.1;0;SOLEIL;5;18.7;0
Dieulefit;44.52;5.06;25/07/2026;11:00;27;0;SOLEIL;5;27.0;0
Dieulefit;44.52;5.06;25/07/2026;12:00;27;0;SOLEIL;5;35.6;0
Dieulefit;44.52;5.06;25/07/2026;13:00;27;0;SOLEIL;5;43.2;0
Dieulefit;44.52;5.06;25/07/2026;14:00;26.7;0;SOLEIL;5;48.6;0
Dieulefit;44.52;5.06;25/07/2026;15:00;28.4;0;SOLEIL;5;51.8;0
Dieulefit;44.52;5.06;25/07/2026;16:00;26.7;0;SOLEIL;5;54.4;0
Dieulefit;44.52;5.06;25/07/2026;17:00;23.1;0;SOLEIL;4;55.8;0
Dieulefit;44.52;5.06;25/07/2026;18:00;23.1;0;SOLEIL;4;55.8;0
Dieulefit;44.52;5.06;25/07/2026;19:00;23.1;0;SOLEIL;4;55.4;0
Dieulefit;44.52;5.06;25/07/2026;20:00;20.1;0;SOLEIL;5;54.0;0
Dieulefit;44.52;5.06;25/07/2026;21:00;18.4;0;SOLEIL;5;51.1;0
Dieulefit;44.52;5.06;25/07/2026;22:00;16.7;0;SOLEIL;5;46.4;0
Dieulefit;44.52;5.06;25/07/2026;23:00;14.9;0;SOLEIL;2;41.0;0
Dieulefit;44.52;5.06;26/07/2026;00:00;14.9;0;SOLEIL;2;35.3;0
Dieulefit;44.52;5.06;26/07/2026;01:00;14.9;0;SOLEIL;2;30.2;0
Dieulefit;44.52;5.06;26/07/2026;02:00;12.1;0;SOLEIL;5;26.6;0
Dieulefit;44.52;5.06;26/07/2026;03:00;12.1;0;SOLEIL;5;24.5;0
Dieulefit;44.52;5.06;26/07/2026;04:00;12.1;0;SOLEIL;5;22.7;0
Dieulefit;44.52;5.06;26/07/2026;05:00;;0;SOLEIL;;22.0;0
Dieulefit;44.52;5.06;26/07/2026;06:00;;0;SOLEIL;;21.6;0
Dieulefit;44.52;5.06;26/07/2026;07:00;;0;SOLEIL;;22.0;0
Dieulefit;44.52;5.06;26/07/2026;08:00;14.7;0;SOLEIL;5;23.0;0
Dieulefit;44.52;5.06;26/07/2026;09:00;15.9;0;SOLEIL;5;25.2;0
Dieulefit;44.52;5.06;26/07/2026;10:00;17.2;0;SOLEIL;5;28.4;0
Dieulefit;44.52;5.06;26/07/2026;11:00;;0;SOLEIL;;32.4;0
Dieulefit;44.52;5.06;26/07/2026;12:00;;0;SOLEIL;;36.4;0
Dieulefit;44.52;5.06;26/07/2026;13:00;;0;SOLEIL;;40.0;0
Dieulefit;44.52;5.06;26/07/2026;14:00;22.3;0;SOLEIL;5;42.5;0
Dieulefit;44.52;5.06;26/07/2026;15:00;23.6;0;SOLEIL;5;44.3;0
Dieulefit;44.52;5.06;26/07/2026;16:00;22.3;0;SOLEIL;5;45.7;0
Dieulefit;44.52;5.06;26/07/2026;17:00;;0;SOLEIL;;46.4;0
Dieulefit;44.52;5.06;26/07/2026;18:00;;0;SOLEIL;;47.2;0
Dieulefit;44.52;5.06;26/07/2026;19:00;;0;SOLEIL;;47.2;0
Dieulefit;44.52;5.06;26/07/2026;20:00;17.2;0;SOLEIL;5;46.4;0
Dieulefit;44.52;5.06;26/07/2026;21:00;15.9;0;SOLEIL;5;45.0;0
Dieulefit;44.52;5.06;26/07/2026;22:00;14.7;0;SOLEIL;5;43.2;0
Dieulefit;44.52;5.06;26/07/2026;23:00;;0;SOLEIL;;40.7;0
Dieulefit;44.52;5.06;27/07/2026;00:00;;0;SOLEIL;;37.8;0
Dieulefit;44.52;5.06;27/07/2026;01:00;;0;SOLEIL;;34.9;0
Dieulefit;44.52;5.06;27/07/2026;02:00;12.7;0;SOLEIL;5;31.7;0
Dieulefit;44.52;5.06;27/07/2026;03:00;12.7;0;SOLEIL;5;28.1;0
Dieulefit;44.52;5.06;27/07/2026;04:00;12.7;0;SOLEIL;5;23.4;0
Dieulefit;44.52;5.06;27/07/2026;05:00;;0;SOLEIL;;18.4;0
Dieulefit;44.52;5.06;27/07/2026;06:00;;0;SOLEIL;;14.0;0
Dieulefit;44.52;5.06;27/07/2026;07:00;;0;SOLEIL;;10.8;0
Dieulefit;44.52;5.06;27/07/2026;08:00;15.1;0;SOLEIL;5;9.4;0
Dieulefit;44.52;5.06;27/07/2026;09:00;16.3;0;SOLEIL;5;10.1;0
Dieulefit;44.52;5.06;27/07/2026;10:00;17.5;0;SOLEIL;5;12.6;0
Dieulefit;44.52;5.06;27/07/2026;11:00;;0;SOLEIL;;16.2;0
Dieulefit;44.52;5.06;27/07/2026;12:00;;0;SOLEIL;;20.2;0
Dieulefit;44.52;5.06;27/07/2026;13:00;;0;SOLEIL;;24.1;0
Dieulefit;44.52;5.06;27/07/2026;14:00;22.3;0;SOLEIL;5;26.6;0
Dieulefit;44.52;5.06;27/07/2026;15:00;23.5;0;SOLEIL;5;28.4;0
Dieulefit;44.52;5.06;27/07/2026;16:00;22.3;0;SOLEIL;5;29.9;0
Dieulefit;44.52;5.06;27/07/2026;17:00;;0;SOLEIL;;30.6;0
Dieulefit;44.52;5.06;27/07/2026;18:00;;0;SOLEIL;;31.3;0
Dieulefit;44.52;5.06;27/07/2026;19:00;;0;SOLEIL;;31.7;0
Dieulefit;44.52;5.06;27/07/2026;20:00;17.5;0;SOLEIL;5;31.7;0
Dieulefit;44.52;5.06;27/07/2026;21:00;16.3;0;SOLEIL;5;31.0;0
Dieulefit;44.52;5.06;27/07/2026;22:00;15.1;0;SOLEIL;5;30.2;0
Dieulefit;44.52;5.06;27/07/2026;23:00;;6;AVERSES;;28.8;0
Dieulefit;44.52;5.06;28/07/2026;00:00;;6;AVERSES;;27.0;0
Dieulefit;44.52;5.06;28/07/2026;01:00;;6;AVERSES;;25.2;0
Dieulefit;44.52;5.06;28/07/2026;02:00;12.2;6;AVERSES;5;23.4;0
Dieulefit;44.52;5.06;28/07/2026;03:00;12.2;6;AVERSES;5;21.2;0
Dieulefit;44.52;5.06;28/07/2026;04:00;12.2;6;AVERSES;5;18.4;0
Dieulefit;44.52;5.06;28/07/2026;05:00;;6;AVERSES;;15.5;0
Dieulefit;44.52;5.06;28/07/2026;06:00;;6;AVERSES;;13.0;0
Dieulefit;44.52;5.06;28/07/2026;07:00;;6;AVERSES;;10.8;0
Dieulefit;44.52;5.06;28/07/2026;08:00;15.1;6;AVERSES;5;10.1;0
Dieulefit;44.52;5.06;28/07/2026;09:00;16.5;6;AVERSES;5;10.4;0
Dieulefit;44.52;5.06;28/07/2026;10:00;17.9;6;AVERSES;5;11.9;0
Dieulefit;44.52;5.06;28/07/2026;11:00;;6;AVERSES;;14.0;0
Dieulefit;44.52;5.06;28/07/2026;12:00;;6;AVERSES;;16.6;0
Dieulefit;44.52;5.06;28/07/2026;13:00;;6;AVERSES;;18.7;0
Dieulefit;44.52;5.06;28/07/2026;14:00;23.7;6;AVERSES;5;20.9;0
Dieulefit;44.52;5.06;28/07/2026;15:00;25.1;6;AVERSES;5;23.0;0
Dieulefit;44.52;5.06;28/07/2026;16:00;23.7;6;AVERSES;5;25.2;0
Dieulefit;44.52;5.06;28/07/2026;17:00;;6;AVERSES;;27.4;0
Dieulefit;44.52;5.06;28/07/2026;18:00;;6;AVERSES;;29.5;0
Dieulefit;44.52;5.06;28/07/2026;19:00;;6;AVERSES;;31.0;0
Dieulefit;44.52;5.06;28/07/2026;20:00;17.9;6;AVERSES;5;31.7;0
Dieulefit;44.52;5.06;28/07/2026;21:00;16.5;6;AVERSES;5;31.3;0
Dieulefit;44.52;5.06;28/07/2026;22:00;15.1;6;AVERSES;5;30.6;0
Dieulefit;44.52;5.06;28/07/2026;23:00;;0;SOLEIL;;29.2;0
Dieulefit;44.52;5.06;29/07/2026;00:00;;0;SOLEIL;;27.4;0
Dieulefit;44.52;5.06;29/07/2026;01:00;;0;SOLEIL;;25.6;0
Dieulefit;44.52;5.06;29/07/2026;02:00;12.6;0;SOLEIL;5;23.4;0
Dieulefit;44.52;5.06;29/07/2026;03:00;12.6;0;SOLEIL;5;20.9;0
Dieulefit;44.52;5.06;29/07/2026;04:00;12.6;0;SOLEIL;5;18.0;0
Dieulefit;44.52;5.06;29/07/2026;05:00;;0;SOLEIL;;14.4;0
Dieulefit;44.52;5.06;29/07/2026;06:00;;0;SOLEIL;;11.5;0
Dieulefit;44.52;5.06;29/07/2026;07:00;;0;SOLEIL;;9.4;0
Dieulefit;44.52;5.06;29/07/2026;08:00;15.0;0;SOLEIL;5;8.3;0
Dieulefit;44.52;5.06;29/07/2026;09:00;16.2;0;SOLEIL;5;9.0;0
Dieulefit;44.52;5.06;29/07/2026;10:00;17.4;0;SOLEIL;5;10.8;0
Dieulefit;44.52;5.06;29/07/2026;11:00;;0;SOLEIL;;13.7;0
Dieulefit;44.52;5.06;29/07/2026;12:00;;0;SOLEIL;;16.6;0
Dieulefit;44.52;5.06;29/07/2026;13:00;;0;SOLEIL;;19.1;0
Dieulefit;44.52;5.06;29/07/2026;14:00;22.3;0;SOLEIL;5;20.9;0
Dieulefit;44.52;5.06;29/07/2026;15:00;23.5;0;SOLEIL;5;21.2;0
Dieulefit;44.52;5.06;29/07/2026;16:00;22.3;0;SOLEIL;5;21.2;0
Dieulefit;44.52;5.06;29/07/2026;17:00;;0;SOLEIL;;20.5;0
Dieulefit;44.52;5.06;29/07/2026;18:00;;0;SOLEIL;;19.8;0
Dieulefit;44.52;5.06;29/07/2026;19:00;;0;SOLEIL;;19.4;0
Dieulefit;44.52;5.06;29/07/2026;20:00;17.4;0;SOLEIL;5;19.8;0
Dieulefit;44.52;5.06;29/07/2026;21:00;16.2;0;SOLEIL;5;20.9;0
Dieulefit;44.52;5.06;29/07/2026;22:00;15.0;0;SOLEIL;5;22.3;0
Dieulefit;44.52;5.06;29/07/2026;23:00;;0;SOLEIL;;24.1;0
Dieulefit;44.52;5.06;30/07/2026;00:00;;0;SOLEIL;;25.9;0
Dieulefit;44.52;5.06;30/07/2026;01:00;;0;SOLEIL;;27.7;0
Dieulefit;44.52;5.06;30/07/2026;02:00;12.6;0;SOLEIL;5;28.8;0
Dieulefit;44.52;5.06;30/07/2026;03:00;12.6;0;SOLEIL;5;29.2;0
Dieulefit;44.52;5.06;30/07/2026;04:00;12.6;0;SOLEIL;5;29.2;0
Dieulefit;44.52;5.06;30/07/2026;05:00;;0;SOLEIL;;28.8;0
Dieulefit;44.52;5.06;30/07/2026;06:00;;0;SOLEIL;;28.4;0
Dieulefit;44.52;5.06;30/07/2026;07:00;;0;SOLEIL;;28.4;0
Dieulefit;44.52;5.06;30/07/2026;08:00;15.1;0;SOLEIL;5;28.8;0
Dieulefit;44.52;5.06;30/07/2026;09:00;16.4;0;SOLEIL;5;29.5;0
Dieulefit;44.52;5.06;30/07/2026;10:00;17.6;0;SOLEIL;5;31.0;0
Dieulefit;44.52;5.06;30/07/2026;11:00;;0;SOLEIL;;32.4;0
Dieulefit;44.52;5.06;30/07/2026;12:00;;0;SOLEIL;;33.8;0
Dieulefit;44.52;5.06;30/07/2026;13:00;;0;SOLEIL;;35.3;0
Dieulefit;44.52;5.06;30/07/2026;14:00;22.6;0;SOLEIL;5;36.4;0
Dieulefit;44.52;5.06;30/07/2026;15:00;23.9;0;SOLEIL;5;37.1;0
Dieulefit;44.52;5.06;30/07/2026;16:00;22.6;0;SOLEIL;5;38.2;0
Dieulefit;44.52;5.06;30/07/2026;17:00;;0;SOLEIL;;38.9;0
Dieulefit;44.52;5.06;30/07/2026;18:00;;0;SOLEIL;;39.2;0
Dieulefit;44.52;5.06;30/07/2026;19:00;;0;SOLEIL;;39.6;0
Dieulefit;44.52;5.06;30/07/2026;20:00;17.6;0;SOLEIL;5;39.2;0
Dieulefit;44.52;5.06;30/07/2026;21:00;16.4;0;SOLEIL;5;38.2;0
Dieulefit;44.52;5.06;30/07/2026;22:00;15.1;0;SOLEIL;5;36.7;0
Dieulefit;44.52;5.06;30/07/2026;23:00;13.9;0;SOLEIL;5;34.6;0
Dieulefit;44.52;5.06;31/07/2026;00:00;12;0;SOLEIL;5;25.1;0
Dieulefit;44.52;5.06;31/07/2026;01:00;12;0;SOLEIL;5;17.3;0
Dieulefit;44.52;5.06;31/07/2026;02:00;12;0;SOLEIL;5;10.6;0
Dieulefit;44.52;5.06;31/07/2026;03:00;12;0;SOLEIL;5;4.3;0
Dieulefit;44.52;5.06;31/07/2026;04:00;12;0;SOLEIL;5;4.3;0
Dieulefit;44.52;5.06;31/07/2026;05:00;12;0;SOLEIL;5;4.7;0
Dieulefit;44.52;5.06;31/07/2026;06:00;12;0;SOLEIL;5;4.7;0
Dieulefit;44.52;5.06;31/07/2026;07:00;13.1;0;SOLEIL;5;5.0;0
Dieulefit;44.52;5.06;31/07/2026;08:00;14.2;0;SOLEIL;5;6.5;0
Dieulefit;44.52;5.06;31/07/2026;09:00;15.3;0;SOLEIL;5;10.4;0
Dieulefit;44.52;5.06;31/07/2026;10:00;16.4;0;SOLEIL;5;15.5;0
Dieulefit;44.52;5.06;31/07/2026;11:00;17.6;0;SOLEIL;5;19.4;0
Dieulefit;44.52;5.06;31/07/2026;12:00;18.7;0;SOLEIL;5;21.2;0
Dieulefit;44.52;5.06;31/07/2026;13:00;19.8;0;SOLEIL;5;22.0;0
Dieulefit;44.52;5.06;31/07/2026;14:00;20.9;0;SOLEIL;5;22.3;0
Dieulefit;44.52;5.06;31/07/2026;15:00;22.0;0;SOLEIL;5;22.0;0
Dieulefit;44.52;5.06;31/07/2026;16:00;20.9;0;SOLEIL;5;20.9;0
Dieulefit;44.52;5.06;31/07/2026;17:00;19.8;0;SOLEIL;5;20.2;0
Dieulefit;44.52;5.06;31/07/2026;18:00;18.7;0;SOLEIL;5;21.2;0
Dieulefit;44.52;5.06;31/07/2026;19:00;17.6;0;SOLEIL;5;22.7;0
Dieulefit;44.52;5.06;31/07/2026;20:00;16.4;0;SOLEIL;5;22.3;0
Dieulefit;44.52;5.06;31/07/2026;21:00;15.3;0;SOLEIL;5;18.0;0
Dieulefit;44.52;5.06;31/07/2026;22:00;14.2;0;SOLEIL;5;11.5;0
Dieulefit;44.52;5.06;31/07/2026;23:00;13.1;0;SOLEIL;5;6.5;0
Dieulefit;44.52;5.06;01/08/2026;00:00;12;0;SOLEIL;5;0.0;0
Dieulefit;44.52;5.06;01/08/2026;01:00;12;0;SOLEIL;5;0.0;0
Dieulefit;44.52;5.06;01/08/2026;02:00;12;0;SOLEIL;5;0.0;0
Dieulefit;44.52;5.06;01/08/2026;03:00;12;0;SOLEIL;5;0.0;0
Dieulefit;44.52;5.06;01/08/2026;04:00;12;0;SOLEIL;5;0.0;0
Dieulefit;44.52;5.06;01/08/2026;05:00;12;0;SOLEIL;5;0.0;0
Dieulefit;44.52;5.06;01/08/2026;06:00;12;0;SOLEIL;5;0.0;0
Dieulefit;44.52;5.06;01/08/2026;07:00;13.1;0;SOLEIL;5;0.0;0
Dieulefit;44.52;5.06;01/08/2026;08:00;14.2;0;SOLEIL;5;0.0;0
Dieulefit;44.52;5.06;01/08/2026;09:00;15.3;0;SOLEIL;5;0.0;0
Dieulefit;44.52;5.06;01/08/2026;10:00;16.4;0;SOLEIL;5;0.0;0
Dieulefit;44.52;5.06;01/08/2026;11:00;17.6;0;SOLEIL;5;0.0;0
Dieulefit;44.52;5.06;01/08/2026;12:00;18.7;0;SOLEIL;5;0.0;0
Dieulefit;44.52;5.06;01/08/2026;13:00;19.8;0;SOLEIL;5;0.0;0
Dieulefit;44.52;5.06;01/08/2026;14:00;20.9;0;SOLEIL;5;0.0;0
Dieulefit;44.52;5.06;01/08/2026;15:00;22.0;0;SOLEIL;5;0.0;0
Dieulefit;44.52;5.06;01/08/2026;16:00;20.9;0;SOLEIL;5;0.0;0
Dieulefit;44.52;5.06;01/08/2026;17:00;19.8;0;SOLEIL;5;0.0;0
Dieulefit;44.52;5.06;01/08/2026;18:00;18.7;0;SOLEIL;5;0.0;0
Dieulefit;44.52;5.06;01/08/2026;19:00;17.6;0;SOLEIL;5;0.0;0
Dieulefit;44.52;5.06;01/08/2026;20:00;16.4;0;SOLEIL;5;0.0;0
Dieulefit;44.52;5.06;01/08/2026;21:00;15.3;0;SOLEIL;5;0.0;0
Dieulefit;44.52;5.06;01/08/2026;22:00;14.2;0;SOLEIL;5;0.0;0
Dieulefit;44.52;5.06;01/08/2026;23:00;13.1;0;SOLEIL;5;0.0;0
Montélimar;44.56;4.75;17/07/2026;00:00;19.9;0;SOLEIL;2;7.9;0
Montélimar;44.56;4.75;17/07/2026;01:00;20;6;AVERSES;2;12.2;0.3
Montélimar;44.56;4.75;17/07/2026;02:00;19.7;6;AVERSES;2;8.3;0.6
Montélimar;44.56;4.75;17/07/2026;03:00;19.1;0;SOLEIL;2;6.8;0
Montélimar;44.56;4.75;17/07/2026;04:00;18.7;0;SOLEIL;2;8.6;0
Montélimar;44.56;4.75;17/07/2026;05:00;18.1;0;SOLEIL;2;13.3;0
Montélimar;44.56;4.75;17/07/2026;06:00;20.6;0;SOLEIL;2;11.5;0
Montélimar;44.56;4.75;17/07/2026;07:00;24.1;0;SOLEIL;1;11.5;0
Montélimar;44.56;4.75;17/07/2026;08:00;27;0;SOLEIL;1;7.2;0
Montélimar;44.56;4.75;17/07/2026;09:00;28;0;SOLEIL;2;2.9;0
Montélimar;44.56;4.75;17/07/2026;10:00;29.2;0;SOLEIL;2;3.6;0
Montélimar;44.56;4.75;17/07/2026;11:00;30.7;0;SOLEIL;2;7.6;0
Montélimar;44.56;4.75;17/07/2026;12:00;31.4;0;SOLEIL;3;10.1;0
Montélimar;44.56;4.75;17/07/2026;13:00;32.6;0;SOLEIL;3;13.3;0
Montélimar;44.56;4.75;17/07/2026;14:00;32.9;0;SOLEIL;3;12.2;0
Montélimar;44.56;4.75;17/07/2026;15:00;32.1;0;SOLEIL;3;15.1;0
Montélimar;44.56;4.75;17/07/2026;16:00;31.1;0;SOLEIL;3;25.9;0
Montélimar;44.56;4.75;17/07/2026;17:00;29.6;0;SOLEIL;3;24.1;0
Montélimar;44.56;4.75;17/07/2026;18:00;27.9;0;SOLEIL;3;18.4;0
Montélimar;44.56;4.75;17/07/2026;19:00;25.6;0;SOLEIL;3;22.0;0
Montélimar;44.56;4.75;17/07/2026;20:00;23.6;0;SOLEIL;3;16.6;0
Montélimar;44.56;4.75;17/07/2026;21:00;21.6;0;SOLEIL;2;16.2;0
Montélimar;44.56;4.75;17/07/2026;22:00;21;0;SOLEIL;2;6.8;0
Montélimar;44.56;4.75;17/07/2026;23:00;19.9;0;SOLEIL;2;7.9;0
Montélimar;44.56;4.75;18/07/2026;00:00;19.1;0;SOLEIL;1;8.6;0
Montélimar;44.56;4.75;18/07/2026;01:00;19.1;0;SOLEIL;1;7.6;0
Montélimar;44.56;4.75;18/07/2026;02:00;16.7;0;SOLEIL;4;9.4;0
Montélimar;44.56;4.75;18/07/2026;03:00;16.7;0;SOLEIL;4;11.9;0
Montélimar;44.56;4.75;18/07/2026;04:00;16.7;0;SOLEIL;4;11.9;0
Montélimar;44.56;4.75;18/07/2026;05:00;18.5;0;SOLEIL;3;10.8;0
Montélimar;44.56;4.75;18/07/2026;06:00;18.5;0;SOLEIL;3;11.2;0
Montélimar;44.56;4.75;18/07/2026;07:00;18.5;0;SOLEIL;3;10.8;0
Montélimar;44.56;4.75;18/07/2026;08:00;26.4;0;SOLEIL;4;9.0;0
Montélimar;44.56;4.75;18/07/2026;09:00;26.4;0;SOLEIL;4;5.4;0
Montélimar;44.56;4.75;18/07/2026;10:00;26.4;0;SOLEIL;4;10.1;0
Montélimar;44.56;4.75;18/07/2026;11:00;30;0;SOLEIL;5;16.2;0
Montélimar;44.56;4.75;18/07/2026;12:00;30;0;SOLEIL;5;25.3;0
Montélimar;44.56;4.75;18/07/2026;13:00;30;0;SOLEIL;5;33.3;0
Montélimar;44.56;4.75;18/07/2026;14:00;31.1;0;SOLEIL;4;39.1;0
Montélimar;44.56;4.75;18/07/2026;15:00;31.1;0;SOLEIL;4;44.6;0
Montélimar;44.56;4.75;18/07/2026;16:00;31.1;0;SOLEIL;4;45.0;0
Montélimar;44.56;4.75;18/07/2026;17:00;28.1;0;SOLEIL;4;44.3;0
Montélimar;44.56;4.75;18/07/2026;18:00;28.1;0;SOLEIL;4;42.8;0
Montélimar;44.56;4.75;18/07/2026;19:00;28.1;0;SOLEIL;4;41.4;0
Montélimar;44.56;4.75;18/07/2026;20:00;21.7;0;SOLEIL;3;39.6;0
Montélimar;44.56;4.75;18/07/2026;21:00;21.7;0;SOLEIL;3;35.6;0
Montélimar;44.56;4.75;18/07/2026;22:00;21.7;0;SOLEIL;3;26.3;0
Montélimar;44.56;4.75;18/07/2026;23:00;18.6;0;SOLEIL;3;20.9;0
Montélimar;44.56;4.75;19/07/2026;00:00;18.6;0;SOLEIL;3;21.6;0
Montélimar;44.56;4.75;19/07/2026;01:00;18.6;0;SOLEIL;3;22.3;0
Montélimar;44.56;4.75;19/07/2026;02:00;16.6;0;SOLEIL;3;25.9;0
Montélimar;44.56;4.75;19/07/2026;03:00;16.6;0;SOLEIL;3;27.4;0
Montélimar;44.56;4.75;19/07/2026;04:00;16.6;0;SOLEIL;3;27.4;0
Montélimar;44.56;4.75;19/07/2026;05:00;18.9;0;SOLEIL;3;27.4;0
Montélimar;44.56;4.75;19/07/2026;06:00;18.9;0;SOLEIL;3;25.6;0
Montélimar;44.56;4.75;19/07/2026;07:00;18.9;0;SOLEIL;3;27.4;0
Montélimar;44.56;4.75;19/07/2026;08:00;27.2;0;SOLEIL;4;26.6;0
Montélimar;44.56;4.75;19/07/2026;09:00;27.2;0;SOLEIL;4;29.5;0
Montélimar;44.56;4.75;19/07/2026;10:00;27.2;0;SOLEIL;4;29.9;0
Montélimar;44.56;4.75;19/07/2026;11:00;30.4;0;SOLEIL;5;37.8;0
Montélimar;44.56;4.75;19/07/2026;12:00;30.4;0;SOLEIL;5;46.1;0
Montélimar;44.56;4.75;19/07/2026;13:00;30.4;0;SOLEIL;5;51.8;0
Montélimar;44.56;4.75;19/07/2026;14:00;30.7;0;SOLEIL;5;55.1;0
Montélimar;44.56;4.75;19/07/2026;15:00;30.7;0;SOLEIL;5;55.8;0
Montélimar;44.56;4.75;19/07/2026;16:00;30.7;0;SOLEIL;5;54.4;0
Montélimar;44.56;4.75;19/07/2026;17:00;27.1;0;SOLEIL;5;53.6;0
Montélimar;44.56;4.75;19/07/2026;18:00;27.1;0;SOLEIL;5;52.9;0
Montélimar;44.56;4.75;19/07/2026;19:00;27.1;0;SOLEIL;5;48.2;0
Montélimar;44.56;4.75;19/07/2026;20:00;23.0;0;SOLEIL;5;42.8;0
Montélimar;44.56;4.75;19/07/2026;21:00;21.3;0;SOLEIL;5;37.4;0
Montélimar;44.56;4.75;19/07/2026;22:00;19.5;0;SOLEIL;5;31.3;0
Montélimar;44.56;4.75;19/07/2026;23:00;17.6;0;SOLEIL;5;27.0;0
Montélimar;44.56;4.75;20/07/2026;00:00;17.6;0;SOLEIL;5;26.3;0
Montélimar;44.56;4.75;20/07/2026;01:00;17.6;0;SOLEIL;5;27.4;0
Montélimar;44.56;4.75;20/07/2026;02:00;15.4;0;SOLEIL;5;28.4;0
Montélimar;44.56;4.75;20/07/2026;03:00;15.4;0;SOLEIL;5;29.2;0
Montélimar;44.56;4.75;20/07/2026;04:00;15.4;0;SOLEIL;5;29.5;0
Montélimar;44.56;4.75;20/07/2026;05:00;16.1;0;SOLEIL;5;30.2;0
Montélimar;44.56;4.75;20/07/2026;06:00;16.1;0;SOLEIL;5;31.0;0
Montélimar;44.56;4.75;20/07/2026;07:00;16.1;0;SOLEIL;5;31.3;0
Montélimar;44.56;4.75;20/07/2026;08:00;18.8;0;SOLEIL;5;32.4;0
Montélimar;44.56;4.75;20/07/2026;09:00;20.5;0;SOLEIL;5;33.5;0
Montélimar;44.56;4.75;20/07/2026;10:00;22.2;0;SOLEIL;5;35.3;0
Montélimar;44.56;4.75;20/07/2026;11:00;28.7;0;SOLEIL;6;38.5;0
Montélimar;44.56;4.75;20/07/2026;12:00;28.7;0;SOLEIL;6;45.0;0
Montélimar;44.56;4.75;20/07/2026;13:00;28.7;0;SOLEIL;6;52.9;0
Montélimar;44.56;4.75;20/07/2026;14:00;28.9;0;SOLEIL;5;59.0;0
Montélimar;44.56;4.75;20/07/2026;15:00;30.6;0;SOLEIL;5;61.2;0
Montélimar;44.56;4.75;20/07/2026;16:00;28.9;0;SOLEIL;5;61.2;0
Montélimar;44.56;4.75;20/07/2026;17:00;27.9;0;SOLEIL;0;60.8;0
Montélimar;44.56;4.75;20/07/2026;18:00;27.9;0;SOLEIL;0;61.6;0
Montélimar;44.56;4.75;20/07/2026;19:00;27.9;0;SOLEIL;0;62.3;0
Montélimar;44.56;4.75;20/07/2026;20:00;22.2;0;SOLEIL;5;61.2;0
Montélimar;44.56;4.75;20/07/2026;21:00;20.5;0;SOLEIL;5;57.6;0
Montélimar;44.56;4.75;20/07/2026;22:00;18.8;0;SOLEIL;5;52.2;0
Montélimar;44.56;4.75;20/07/2026;23:00;19.1;0;SOLEIL;6;48.2;0
Montélimar;44.56;4.75;21/07/2026;00:00;19.1;0;SOLEIL;6;46.4;0
Montélimar;44.56;4.75;21/07/2026;01:00;19.1;0;SOLEIL;6;45.7;0
Montélimar;44.56;4.75;21/07/2026;02:00;14.7;0;SOLEIL;5;45.7;0
Montélimar;44.56;4.75;21/07/2026;03:00;14.7;0;SOLEIL;5;45.7;0
Montélimar;44.56;4.75;21/07/2026;04:00;14.7;0;SOLEIL;5;45.7;0
Montélimar;44.56;4.75;21/07/2026;05:00;16.2;0;SOLEIL;0;47.2;0
Montélimar;44.56;4.75;21/07/2026;06:00;16.2;0;SOLEIL;0;49.7;0
Montélimar;44.56;4.75;21/07/2026;07:00;16.2;0;SOLEIL;0;53.6;0
Montélimar;44.56;4.75;21/07/2026;08:00;18.1;0;SOLEIL;5;57.2;0
Montélimar;44.56;4.75;21/07/2026;09:00;19.8;0;SOLEIL;5;60.5;0
Montélimar;44.56;4.75;21/07/2026;10:00;21.5;0;SOLEIL;5;63.7;0
Montélimar;44.56;4.75;21/07/2026;11:00;27.6;0;SOLEIL;8;68.4;0
Montélimar;44.56;4.75;21/07/2026;12:00;27.6;0;SOLEIL;8;74.4;0
Montélimar;44.56;4.75;21/07/2026;13:00;27.6;0;SOLEIL;8;83.2;0
Montélimar;44.56;4.75;21/07/2026;14:00;28.4;0;SOLEIL;5;90.5;0
Montélimar;44.56;4.75;21/07/2026;15:00;30.1;0;SOLEIL;5;91.8;0
Montélimar;44.56;4.75;21/07/2026;16:00;28.4;0;SOLEIL;5;90.4;0
Montélimar;44.56;4.75;21/07/2026;17:00;27.7;0;SOLEIL;7;87.8;0
Montélimar;44.56;4.75;21/07/2026;18:00;27.7;0;SOLEIL;7;85.7;0
Montélimar;44.56;4.75;21/07/2026;19:00;27.7;0;SOLEIL;7;82.8;0
Montélimar;44.56;4.75;21/07/2026;20:00;21.5;0;SOLEIL;5;79.2;0
Montélimar;44.56;4.75;21/07/2026;21:00;19.8;0;SOLEIL;5;75.6;0
Montélimar;44.56;4.75;21/07/2026;22:00;18.1;0;SOLEIL;5;71.3;0
Montélimar;44.56;4.75;21/07/2026;23:00;18.4;0;SOLEIL;6;65.2;0
Montélimar;44.56;4.75;22/07/2026;00:00;18.4;0;SOLEIL;6;56.2;0
Montélimar;44.56;4.75;22/07/2026;01:00;18.4;0;SOLEIL;6;45.4;0
Montélimar;44.56;4.75;22/07/2026;02:00;14.7;0;SOLEIL;5;36.7;0
Montélimar;44.56;4.75;22/07/2026;03:00;14.7;0;SOLEIL;5;31.7;0
Montélimar;44.56;4.75;22/07/2026;04:00;14.7;0;SOLEIL;5;28.8;0
Montélimar;44.56;4.75;22/07/2026;05:00;16.1;0;SOLEIL;5;27.0;0
Montélimar;44.56;4.75;22/07/2026;06:00;16.1;0;SOLEIL;5;26.3;0
Montélimar;44.56;4.75;22/07/2026;07:00;16.1;0;SOLEIL;5;26.6;0
Montélimar;44.56;4.75;22/07/2026;08:00;18.3;0;SOLEIL;5;27.0;0
Montélimar;44.56;4.75;22/07/2026;09:00;20.1;0;SOLEIL;5;27.4;0
Montélimar;44.56;4.75;22/07/2026;10:00;21.9;0;SOLEIL;5;28.1;0
Montélimar;44.56;4.75;22/07/2026;11:00;28.6;0;SOLEIL;6;29.2;0
Montélimar;44.56;4.75;22/07/2026;12:00;28.6;0;SOLEIL;6;30.2;0
Montélimar;44.56;4.75;22/07/2026;13:00;28.6;0;SOLEIL;6;31.3;0
Montélimar;44.56;4.75;22/07/2026;14:00;29.2;0;SOLEIL;5;32.8;0
Montélimar;44.56;4.75;22/07/2026;15:00;31.0;0;SOLEIL;5;34.9;0
Montélimar;44.56;4.75;22/07/2026;16:00;29.2;0;SOLEIL;5;37.4;0
Montélimar;44.56;4.75;22/07/2026;17:00;28.6;0;SOLEIL;6;38.9;0
Montélimar;44.56;4.75;22/07/2026;18:00;28.6;0;SOLEIL;6;38.5;0
Montélimar;44.56;4.75;22/07/2026;19:00;28.6;0;SOLEIL;6;36.7;0
Montélimar;44.56;4.75;22/07/2026;20:00;21.9;0;SOLEIL;5;35.3;0
Montélimar;44.56;4.75;22/07/2026;21:00;20.1;0;SOLEIL;5;33.8;0
Montélimar;44.56;4.75;22/07/2026;22:00;18.3;0;SOLEIL;5;32.8;0
Montélimar;44.56;4.75;22/07/2026;23:00;19.7;0;SOLEIL;5;31.3;0
Montélimar;44.56;4.75;23/07/2026;00:00;19.7;0;SOLEIL;5;29.9;0
Montélimar;44.56;4.75;23/07/2026;01:00;19.7;0;SOLEIL;5;28.4;0
Montélimar;44.56;4.75;23/07/2026;02:00;16.5;0;SOLEIL;5;27.7;0
Montélimar;44.56;4.75;23/07/2026;03:00;16.5;0;SOLEIL;5;28.1;0
Montélimar;44.56;4.75;23/07/2026;04:00;16.5;0;SOLEIL;5;29.5;0
Montélimar;44.56;4.75;23/07/2026;05:00;18.6;0;SOLEIL;5;31.3;0
Montélimar;44.56;4.75;23/07/2026;06:00;18.6;0;SOLEIL;5;33.5;0
Montélimar;44.56;4.75;23/07/2026;07:00;18.6;0;SOLEIL;5;36.0;0
Montélimar;44.56;4.75;23/07/2026;08:00;19.4;0;SOLEIL;5;38.5;0
Montélimar;44.56;4.75;23/07/2026;09:00;20.9;0;SOLEIL;5;40.3;0
Montélimar;44.56;4.75;23/07/2026;10:00;22.3;0;SOLEIL;5;42.1;0
Montélimar;44.56;4.75;23/07/2026;11:00;27.6;0;SOLEIL;8;45.4;0
Montélimar;44.56;4.75;23/07/2026;12:00;27.6;0;SOLEIL;8;52.2;0
Montélimar;44.56;4.75;23/07/2026;13:00;27.6;0;SOLEIL;8;60.8;0
Montélimar;44.56;4.75;23/07/2026;14:00;28.1;0;SOLEIL;5;67.3;0
Montélimar;44.56;4.75;23/07/2026;15:00;29.6;0;SOLEIL;5;69.8;0
Montélimar;44.56;4.75;23/07/2026;16:00;28.1;0;SOLEIL;5;69.8;0
Montélimar;44.56;4.75;23/07/2026;17:00;27.6;0;SOLEIL;7;69.1;0
Montélimar;44.56;4.75;23/07/2026;18:00;27.6;0;SOLEIL;7;68.0;0
Montélimar;44.56;4.75;23/07/2026;19:00;27.6;0;SOLEIL;7;66.2;0
Montélimar;44.56;4.75;23/07/2026;20:00;22.3;0;SOLEIL;5;62.6;0
Montélimar;44.56;4.75;23/07/2026;21:00;20.9;0;SOLEIL;5;56.9;0
Montélimar;44.56;4.75;23/07/2026;22:00;19.4;0;SOLEIL;5;49.7;0
Montélimar;44.56;4.75;23/07/2026;23:00;19.1;0;SOLEIL;5;43.2;0
Montélimar;44.56;4.75;24/07/2026;00:00;19.1;0;SOLEIL;5;42.8;0
Montélimar;44.56;4.75;24/07/2026;01:00;19.1;0;SOLEIL;5;43.2;0
Montélimar;44.56;4.75;24/07/2026;02:00;15.1;0;SOLEIL;5;44.9;0
Montélimar;44.56;4.75;24/07/2026;03:00;15.1;0;SOLEIL;5;46.4;0
Montélimar;44.56;4.75;24/07/2026;04:00;15.1;0;SOLEIL;5;43.6;0
Montélimar;44.56;4.75;24/07/2026;05:00;17.1;0;SOLEIL;5;41.0;0
Montélimar;44.56;4.75;24/07/2026;06:00;17.1;0;SOLEIL;5;38.2;0
Montélimar;44.56;4.75;24/07/2026;07:00;17.1;0;SOLEIL;5;36.0;0
Montélimar;44.56;4.75;24/07/2026;08:00;18.8;0;SOLEIL;5;33.8;0
Montélimar;44.56;4.75;24/07/2026;09:00;20.6;0;SOLEIL;5;32.0;0
Montélimar;44.56;4.75;24/07/2026;10:00;22.4;0;SOLEIL;5;30.6;0
Montélimar;44.56;4.75;24/07/2026;11:00;29.1;0;SOLEIL;6;29.5;0
Montélimar;44.56;4.75;24/07/2026;12:00;29.1;0;SOLEIL;6;28.8;0
Montélimar;44.56;4.75;24/07/2026;13:00;29.1;0;SOLEIL;6;28.1;0
Montélimar;44.56;4.75;24/07/2026;14:00;29.8;0;SOLEIL;5;27.7;0
Montélimar;44.56;4.75;24/07/2026;15:00;31.6;0;SOLEIL;5;27.7;0
Montélimar;44.56;4.75;24/07/2026;16:00;29.8;0;SOLEIL;5;28.1;0
Montélimar;44.56;4.75;24/07/2026;17:00;29.2;0;SOLEIL;5;28.8;0
Montélimar;44.56;4.75;24/07/2026;18:00;29.2;0;SOLEIL;5;29.5;0
Montélimar;44.56;4.75;24/07/2026;19:00;29.2;0;SOLEIL;5;30.2;0
Montélimar;44.56;4.75;24/07/2026;20:00;22.4;0;SOLEIL;5;31.0;0
Montélimar;44.56;4.75;24/07/2026;21:00;20.6;0;SOLEIL;5;32.0;0
Montélimar;44.56;4.75;24/07/2026;22:00;18.8;0;SOLEIL;5;33.8;0
Montélimar;44.56;4.75;24/07/2026;23:00;19.9;0;SOLEIL;4;35.3;0
Montélimar;44.56;4.75;25/07/2026;00:00;19.9;0;SOLEIL;4;36.7;0
Montélimar;44.56;4.75;25/07/2026;01:00;19.9;0;SOLEIL;4;37.1;0
Montélimar;44.56;4.75;25/07/2026;02:00;16;0;SOLEIL;5;36.4;0
Montélimar;44.56;4.75;25/07/2026;03:00;16;0;SOLEIL;5;33.5;0
Montélimar;44.56;4.75;25/07/2026;04:00;16;0;SOLEIL;5;28.4;0
Montélimar;44.56;4.75;25/07/2026;05:00;18.7;0;SOLEIL;4;22.7;0
Montélimar;44.56;4.75;25/07/2026;06:00;18.7;0;SOLEIL;4;17.3;0
Montélimar;44.56;4.75;25/07/2026;07:00;18.7;0;SOLEIL;4;13.7;0
Montélimar;44.56;4.75;25/07/2026;08:00;19.7;0;SOLEIL;5;13.0;0
Montélimar;44.56;4.75;25/07/2026;09:00;21.5;0;SOLEIL;5;15.8;0
Montélimar;44.56;4.75;25/07/2026;10:00;23.3;0;SOLEIL;5;21.6;0
Montélimar;44.56;4.75;25/07/2026;11:00;30.9;0;SOLEIL;5;29.2;0
Montélimar;44.56;4.75;25/07/2026;12:00;30.9;0;SOLEIL;5;36.7;0
Montélimar;44.56;4.75;25/07/2026;13:00;30.9;0;SOLEIL;5;43.9;0
Montélimar;44.56;4.75;25/07/2026;14:00;30.7;0;SOLEIL;5;49.0;0
Montélimar;44.56;4.75;25/07/2026;15:00;32.5;0;SOLEIL;5;52.2;0
Montélimar;44.56;4.75;25/07/2026;16:00;30.7;0;SOLEIL;5;54.7;0
Montélimar;44.56;4.75;25/07/2026;17:00;27.6;0;SOLEIL;5;56.2;0
Montélimar;44.56;4.75;25/07/2026;18:00;27.6;0;SOLEIL;5;57.2;0
Montélimar;44.56;4.75;25/07/2026;19:00;27.6;0;SOLEIL;5;57.6;0
Montélimar;44.56;4.75;25/07/2026;20:00;23.3;0;SOLEIL;5;57.2;0
Montélimar;44.56;4.75;25/07/2026;21:00;21.5;0;SOLEIL;5;56.5;0
Montélimar;44.56;4.75;25/07/2026;22:00;19.7;0;SOLEIL;5;54.7;0
Montélimar;44.56;4.75;25/07/2026;23:00;19.9;0;SOLEIL;3;52.6;0
Montélimar;44.56;4.75;26/07/2026;00:00;19.9;0;SOLEIL;3;49.7;0
Montélimar;44.56;4.75;26/07/2026;01:00;19.9;0;SOLEIL;3;46.8;0
Montélimar;44.56;4.75;26/07/2026;02:00;17.1;0;SOLEIL;5;43.9;0
Montélimar;44.56;4.75;26/07/2026;03:00;17.1;0;SOLEIL;5;40.7;0
Montélimar;44.56;4.75;26/07/2026;04:00;17.1;0;SOLEIL;5;36.7;0
Montélimar;44.56;4.75;26/07/2026;05:00;;0;SOLEIL;;32.4;0
Montélimar;44.56;4.75;26/07/2026;06:00;;0;SOLEIL;;28.4;0
Montélimar;44.56;4.75;26/07/2026;07:00;;0;SOLEIL;;25.2;0
Montélimar;44.56;4.75;26/07/2026;08:00;19.8;0;SOLEIL;5;23.4;0
Montélimar;44.56;4.75;26/07/2026;09:00;21.2;0;SOLEIL;5;22.7;0
Montélimar;44.56;4.75;26/07/2026;10:00;22.6;0;SOLEIL;5;23.4;0
Montélimar;44.56;4.75;26/07/2026;11:00;;0;SOLEIL;;24.5;0
Montélimar;44.56;4.75;26/07/2026;12:00;;0;SOLEIL;;25.9;0
Montélimar;44.56;4.75;26/07/2026;13:00;;0;SOLEIL;;27.7;0
Montélimar;44.56;4.75;26/07/2026;14:00;28.0;0;SOLEIL;5;29.5;0
Montélimar;44.56;4.75;26/07/2026;15:00;29.4;0;SOLEIL;5;31.3;0
Montélimar;44.56;4.75;26/07/2026;16:00;28.0;0;SOLEIL;5;33.8;0
Montélimar;44.56;4.75;26/07/2026;17:00;;0;SOLEIL;;36.4;0
Montélimar;44.56;4.75;26/07/2026;18:00;;0;SOLEIL;;38.5;0
Montélimar;44.56;4.75;26/07/2026;19:00;;0;SOLEIL;;40.7;0
Montélimar;44.56;4.75;26/07/2026;20:00;22.6;0;SOLEIL;5;41.8;0
Montélimar;44.56;4.75;26/07/2026;21:00;21.2;0;SOLEIL;5;42.1;0
Montélimar;44.56;4.75;26/07/2026;22:00;19.8;0;SOLEIL;5;41.8;0
Montélimar;44.56;4.75;26/07/2026;23:00;;0;SOLEIL;;41.0;0
Montélimar;44.56;4.75;27/07/2026;00:00;;0;SOLEIL;;40.0;0
Montélimar;44.56;4.75;27/07/2026;01:00;;0;SOLEIL;;39.2;0
Montélimar;44.56;4.75;27/07/2026;02:00;16.1;0;SOLEIL;5;38.5;0
Montélimar;44.56;4.75;27/07/2026;03:00;16.1;0;SOLEIL;5;37.8;0
Montélimar;44.56;4.75;27/07/2026;04:00;16.1;0;SOLEIL;5;36.7;0
Montélimar;44.56;4.75;27/07/2026;05:00;;0;SOLEIL;;36.0;0
Montélimar;44.56;4.75;27/07/2026;06:00;;0;SOLEIL;;35.3;0
Montélimar;44.56;4.75;27/07/2026;07:00;;0;SOLEIL;;35.3;0
Montélimar;44.56;4.75;27/07/2026;08:00;19.2;0;SOLEIL;5;36.0;0
Montélimar;44.56;4.75;27/07/2026;09:00;20.8;0;SOLEIL;5;38.2;0
Montélimar;44.56;4.75;27/07/2026;10:00;22.4;0;SOLEIL;5;41.0;0
Montélimar;44.56;4.75;27/07/2026;11:00;;0;SOLEIL;;45.0;0
Montélimar;44.56;4.75;27/07/2026;12:00;;0;SOLEIL;;48.6;0
Montélimar;44.56;4.75;27/07/2026;13:00;;0;SOLEIL;;51.8;0
Montélimar;44.56;4.75;27/07/2026;14:00;28.6;0;SOLEIL;5;54.0;0
Montélimar;44.56;4.75;27/07/2026;15:00;30.2;0;SOLEIL;5;55.1;0
Montélimar;44.56;4.75;27/07/2026;16:00;28.6;0;SOLEIL;5;55.4;0
Montélimar;44.56;4.75;27/07/2026;17:00;;0;SOLEIL;;55.1;0
Montélimar;44.56;4.75;27/07/2026;18:00;;0;SOLEIL;;54.4;0
Montélimar;44.56;4.75;27/07/2026;19:00;;0;SOLEIL;;53.3;0
Montélimar;44.56;4.75;27/07/2026;20:00;22.4;0;SOLEIL;5;52.2;0
Montélimar;44.56;4.75;27/07/2026;21:00;20.8;0;SOLEIL;5;50.4;0
Montélimar;44.56;4.75;27/07/2026;22:00;19.2;0;SOLEIL;5;47.9;0
Montélimar;44.56;4.75;27/07/2026;23:00;;0;SOLEIL;;45.0;0
Montélimar;44.56;4.75;28/07/2026;00:00;;0;SOLEIL;;42.5;0
Montélimar;44.56;4.75;28/07/2026;01:00;;0;SOLEIL;;40.3;0
Montélimar;44.56;4.75;28/07/2026;02:00;15.6;0;SOLEIL;5;39.6;0
Montélimar;44.56;4.75;28/07/2026;03:00;15.6;0;SOLEIL;5;40.3;0
Montélimar;44.56;4.75;28/07/2026;04:00;15.6;0;SOLEIL;5;42.1;0
Montélimar;44.56;4.75;28/07/2026;05:00;;0;SOLEIL;;44.3;0
Montélimar;44.56;4.75;28/07/2026;06:00;;0;SOLEIL;;47.2;0
Montélimar;44.56;4.75;28/07/2026;07:00;;0;SOLEIL;;49.3;0
Montélimar;44.56;4.75;28/07/2026;08:00;18.9;0;SOLEIL;5;51.1;0
Montélimar;44.56;4.75;28/07/2026;09:00;20.6;0;SOLEIL;5;52.2;0
Montélimar;44.56;4.75;28/07/2026;10:00;22.3;0;SOLEIL;5;52.6;0
Montélimar;44.56;4.75;28/07/2026;11:00;;0;SOLEIL;;53.3;0
Montélimar;44.56;4.75;28/07/2026;12:00;;0;SOLEIL;;53.3;0
Montélimar;44.56;4.75;28/07/2026;13:00;;0;SOLEIL;;53.3;0
Montélimar;44.56;4.75;28/07/2026;14:00;28.9;0;SOLEIL;5;53.3;0
Montélimar;44.56;4.75;28/07/2026;15:00;30.6;0;SOLEIL;5;53.3;0
Montélimar;44.56;4.75;28/07/2026;16:00;28.9;0;SOLEIL;5;53.3;0
Montélimar;44.56;4.75;28/07/2026;17:00;;0;SOLEIL;;52.9;0
Montélimar;44.56;4.75;28/07/2026;18:00;;0;SOLEIL;;52.6;0
Montélimar;44.56;4.75;28/07/2026;19:00;;0;SOLEIL;;51.8;0
Montélimar;44.56;4.75;28/07/2026;20:00;22.3;0;SOLEIL;5;50.4;0
Montélimar;44.56;4.75;28/07/2026;21:00;20.6;0;SOLEIL;5;48.2;0
Montélimar;44.56;4.75;28/07/2026;22:00;18.9;0;SOLEIL;5;45.0;0
Montélimar;44.56;4.75;28/07/2026;23:00;;0;SOLEIL;;41.4;0
Montélimar;44.56;4.75;29/07/2026;00:00;;0;SOLEIL;;37.8;0
Montélimar;44.56;4.75;29/07/2026;01:00;;0;SOLEIL;;34.9;0
Montélimar;44.56;4.75;29/07/2026;02:00;16.6;0;SOLEIL;5;32.8;0
Montélimar;44.56;4.75;29/07/2026;03:00;16.6;0;SOLEIL;5;31.7;0
Montélimar;44.56;4.75;29/07/2026;04:00;16.6;0;SOLEIL;5;31.3;0
Montélimar;44.56;4.75;29/07/2026;05:00;;0;SOLEIL;;31.3;0
Montélimar;44.56;4.75;29/07/2026;06:00;;0;SOLEIL;;31.7;0
Montélimar;44.56;4.75;29/07/2026;07:00;;0;SOLEIL;;32.4;0
Montélimar;44.56;4.75;29/07/2026;08:00;19.8;0;SOLEIL;5;33.5;0
Montélimar;44.56;4.75;29/07/2026;09:00;21.4;0;SOLEIL;5;34.9;0
Montélimar;44.56;4.75;29/07/2026;10:00;23.0;0;SOLEIL;5;37.4;0
Montélimar;44.56;4.75;29/07/2026;11:00;;0;SOLEIL;;40.0;0
Montélimar;44.56;4.75;29/07/2026;12:00;;0;SOLEIL;;42.5;0
Montélimar;44.56;4.75;29/07/2026;13:00;;0;SOLEIL;;44.6;0
Montélimar;44.56;4.75;29/07/2026;14:00;29.5;0;SOLEIL;5;45.7;0
Montélimar;44.56;4.75;29/07/2026;15:00;31.1;0;SOLEIL;5;45.7;0
Montélimar;44.56;4.75;29/07/2026;16:00;29.5;0;SOLEIL;5;44.6;0
Montélimar;44.56;4.75;29/07/2026;17:00;;0;SOLEIL;;43.2;0
Montélimar;44.56;4.75;29/07/2026;18:00;;0;SOLEIL;;41.4;0
Montélimar;44.56;4.75;29/07/2026;19:00;;0;SOLEIL;;40.3;0
Montélimar;44.56;4.75;29/07/2026;20:00;23.0;0;SOLEIL;5;40.0;0
Montélimar;44.56;4.75;29/07/2026;21:00;21.4;0;SOLEIL;5;40.3;0
Montélimar;44.56;4.75;29/07/2026;22:00;19.8;0;SOLEIL;5;41.4;0
Montélimar;44.56;4.75;29/07/2026;23:00;;0;SOLEIL;;42.8;0
Montélimar;44.56;4.75;30/07/2026;00:00;;0;SOLEIL;;44.6;0
Montélimar;44.56;4.75;30/07/2026;01:00;;0;SOLEIL;;46.1;0
Montélimar;44.56;4.75;30/07/2026;02:00;15.5;0;SOLEIL;5;47.5;0
Montélimar;44.56;4.75;30/07/2026;03:00;15.5;0;SOLEIL;5;49.0;0
Montélimar;44.56;4.75;30/07/2026;04:00;15.5;0;SOLEIL;5;50.4;0
Montélimar;44.56;4.75;30/07/2026;05:00;;0;SOLEIL;;51.5;0
Montélimar;44.56;4.75;30/07/2026;06:00;;0;SOLEIL;;52.9;0
Montélimar;44.56;4.75;30/07/2026;07:00;;0;SOLEIL;;54.4;0
Montélimar;44.56;4.75;30/07/2026;08:00;19.0;0;SOLEIL;5;55.4;0
Montélimar;44.56;4.75;30/07/2026;09:00;20.7;0;SOLEIL;5;56.5;0
Montélimar;44.56;4.75;30/07/2026;10:00;22.4;0;SOLEIL;5;57.2;0
Montélimar;44.56;4.75;30/07/2026;11:00;;0;SOLEIL;;58.3;0
Montélimar;44.56;4.75;30/07/2026;12:00;;0;SOLEIL;;59.0;0
Montélimar;44.56;4.75;30/07/2026;13:00;;0;SOLEIL;;59.8;0
Montélimar;44.56;4.75;30/07/2026;14:00;29.4;0;SOLEIL;5;60.5;0
Montélimar;44.56;4.75;30/07/2026;15:00;31.1;0;SOLEIL;5;61.2;0
Montélimar;44.56;4.75;30/07/2026;16:00;29.4;0;SOLEIL;5;61.9;0
Montélimar;44.56;4.75;30/07/2026;17:00;;0;SOLEIL;;62.6;0
Montélimar;44.56;4.75;30/07/2026;18:00;;0;SOLEIL;;63.4;0
Montélimar;44.56;4.75;30/07/2026;19:00;;0;SOLEIL;;63.7;0
Montélimar;44.56;4.75;30/07/2026;20:00;22.4;0;SOLEIL;5;63.4;0
Montélimar;44.56;4.75;30/07/2026;21:00;20.7;0;SOLEIL;5;62.3;0
Montélimar;44.56;4.75;30/07/2026;22:00;19.0;0;SOLEIL;5;60.8;0
Montélimar;44.56;4.75;30/07/2026;23:00;17.2;0;SOLEIL;5;59.0;0
Montélimar;44.56;4.75;31/07/2026;00:00;12;0;SOLEIL;5;54.5;0
Montélimar;44.56;4.75;31/07/2026;01:00;12;0;SOLEIL;5;51.7;0
Montélimar;44.56;4.75;31/07/2026;02:00;12;0;SOLEIL;5;49.7;0
Montélimar;44.56;4.75;31/07/2026;03:00;12;0;SOLEIL;5;46.4;0
Montélimar;44.56;4.75;31/07/2026;04:00;12;0;SOLEIL;5;43.2;0
Montélimar;44.56;4.75;31/07/2026;05:00;12;0;SOLEIL;5;41.0;0
Montélimar;44.56;4.75;31/07/2026;06:00;12;0;SOLEIL;5;40.7;0
Montélimar;44.56;4.75;31/07/2026;07:00;13.1;0;SOLEIL;5;41.0;0
Montélimar;44.56;4.75;31/07/2026;08:00;14.2;0;SOLEIL;5;41.4;0
Montélimar;44.56;4.75;31/07/2026;09:00;15.3;0;SOLEIL;5;41.0;0
Montélimar;44.56;4.75;31/07/2026;10:00;16.4;0;SOLEIL;5;41.0;0
Montélimar;44.56;4.75;31/07/2026;11:00;17.6;0;SOLEIL;5;40.3;0
Montélimar;44.56;4.75;31/07/2026;12:00;18.7;0;SOLEIL;5;39.6;0
Montélimar;44.56;4.75;31/07/2026;13:00;19.8;0;SOLEIL;5;38.5;0
Montélimar;44.56;4.75;31/07/2026;14:00;20.9;0;SOLEIL;5;37.4;0
Montélimar;44.56;4.75;31/07/2026;15:00;22.0;0;SOLEIL;5;35.6;0
Montélimar;44.56;4.75;31/07/2026;16:00;20.9;0;SOLEIL;5;33.5;0
Montélimar;44.56;4.75;31/07/2026;17:00;19.8;0;SOLEIL;5;33.5;0
Montélimar;44.56;4.75;31/07/2026;18:00;18.7;0;SOLEIL;5;37.1;0
Montélimar;44.56;4.75;31/07/2026;19:00;17.6;0;SOLEIL;5;42.8;0
Montélimar;44.56;4.75;31/07/2026;20:00;16.4;0;SOLEIL;5;46.1;0
Montélimar;44.56;4.75;31/07/2026;21:00;15.3;0;SOLEIL;5;45.4;0
Montélimar;44.56;4.75;31/07/2026;22:00;14.2;0;SOLEIL;5;42.5;0
Montélimar;44.56;4.75;31/07/2026;23:00;13.1;0;SOLEIL;5;37.8;0
Montélimar;44.56;4.75;01/08/2026;00:00;12;0;SOLEIL;5;0.0;0
Montélimar;44.56;4.75;01/08/2026;01:00;12;0;SOLEIL;5;0.0;0
Montélimar;44.56;4.75;01/08/2026;02:00;12;0;SOLEIL;5;0.0;0
Montélimar;44.56;4.75;01/08/2026;03:00;12;0;SOLEIL;5;0.0;0
Montélimar;44.56;4.75;01/08/2026;04:00;12;0;SOLEIL;5;0.0;0
Montélimar;44.56;4.75;01/08/2026;05:00;12;0;SOLEIL;5;0.0;0
Montélimar;44.56;4.75;01/08/2026;06:00;12;0;SOLEIL;5;0.0;0
Montélimar;44.56;4.75;01/08/2026;07:00;13.1;0;SOLEIL;5;0.0;0
Montélimar;44.56;4.75;01/08/2026;08:00;14.2;0;SOLEIL;5;0.0;0
Montélimar;44.56;4.75;01/08/2026;09:00;15.3;0;SOLEIL;5;0.0;0
Montélimar;44.56;4.75;01/08/2026;10:00;16.4;0;SOLEIL;5;0.0;0
Montélimar;44.56;4.75;01/08/2026;11:00;17.6;0;SOLEIL;5;0.0;0
Montélimar;44.56;4.75;01/08/2026;12:00;18.7;0;SOLEIL;5;0.0;0
Montélimar;44.56;4.75;01/08/2026;13:00;19.8;0;SOLEIL;5;0.0;0
Montélimar;44.56;4.75;01/08/2026;14:00;20.9;0;SOLEIL;5;0.0;0
Montélimar;44.56;4.75;01/08/2026;15:00;22.0;0;SOLEIL;5;0.0;0
Montélimar;44.56;4.75;01/08/2026;16:00;20.9;0;SOLEIL;5;0.0;0
Montélimar;44.56;4.75;01/08/2026;17:00;19.8;0;SOLEIL;5;0.0;0
Montélimar;44.56;4.75;01/08/2026;18:00;18.7;0;SOLEIL;5;0.0;0
Montélimar;44.56;4.75;01/08/2026;19:00;17.6;0;SOLEIL;5;0.0;0
Montélimar;44.56;4.75;01/08/2026;20:00;16.4;0;SOLEIL;5;0.0;0
Montélimar;44.56;4.75;01/08/2026;21:00;15.3;0;SOLEIL;5;0.0;0
Montélimar;44.56;4.75;01/08/2026;22:00;14.2;0;SOLEIL;5;0.0;0
Montélimar;44.56;4.75;01/08/2026;23:00;13.1;0;SOLEIL;5;0.0;0
Valence;44.93;4.89;17/07/2026;00:00;21.6;10;ORAGEUX;5;14.8;6
Valence;44.93;4.89;17/07/2026;01:00;20.9;6;AVERSES;4;16.6;0.2
Valence;44.93;4.89;17/07/2026;02:00;20.4;0;SOLEIL;4;18.7;0
Valence;44.93;4.89;17/07/2026;03:00;19.7;0;SOLEIL;3;15.5;0
Valence;44.93;4.89;17/07/2026;04:00;19.4;0;SOLEIL;3;13.0;0
Valence;44.93;4.89;17/07/2026;05:00;19;0;SOLEIL;2;14.0;0
Valence;44.93;4.89;17/07/2026;06:00;20.9;0;SOLEIL;3;11.2;0
Valence;44.93;4.89;17/07/2026;07:00;23;0;SOLEIL;2;9.4;0
Valence;44.93;4.89;17/07/2026;08:00;25.6;0;SOLEIL;2;4.3;0
Valence;44.93;4.89;17/07/2026;09:00;28.1;0;SOLEIL;3;7.9;0
Valence;44.93;4.89;17/07/2026;10:00;31;0;SOLEIL;3;9.0;0
Valence;44.93;4.89;17/07/2026;11:00;31.9;0;SOLEIL;3;8.3;0
Valence;44.93;4.89;17/07/2026;12:00;32.6;0;SOLEIL;3;5.0;0
Valence;44.93;4.89;17/07/2026;13:00;33.9;0;SOLEIL;4;5.0;0
Valence;44.93;4.89;17/07/2026;14:00;34.1;0;SOLEIL;4;13.7;0
Valence;44.93;4.89;17/07/2026;15:00;32.6;0;SOLEIL;5;49.7;0
Valence;44.93;4.89;17/07/2026;16:00;32.1;0;SOLEIL;5;43.2;0
Valence;44.93;4.89;17/07/2026;17:00;29.6;0;SOLEIL;6;35.6;0
Valence;44.93;4.89;17/07/2026;18:00;28.6;0;SOLEIL;6;42.1;0
Valence;44.93;4.89;17/07/2026;19:00;26.2;0;SOLEIL;5;39.2;0
Valence;44.93;4.89;17/07/2026;20:00;25.5;0;SOLEIL;5;33.5;0
Valence;44.93;4.89;17/07/2026;21:00;25;0;SOLEIL;4;44.6;0
Valence;44.93;4.89;17/07/2026;22:00;23.9;0;SOLEIL;5;36.7;0
Valence;44.93;4.89;17/07/2026;23:00;23.5;0;SOLEIL;4;32.4;0
Valence;44.93;4.89;18/07/2026;00:00;22.7;0;SOLEIL;3;23.4;0
Valence;44.93;4.89;18/07/2026;01:00;22.7;0;SOLEIL;3;19.4;0
Valence;44.93;4.89;18/07/2026;02:00;21;0;SOLEIL;4;19.1;0
Valence;44.93;4.89;18/07/2026;03:00;21;0;SOLEIL;4;17.3;0
Valence;44.93;4.89;18/07/2026;04:00;21;0;SOLEIL;4;13.0;0
Valence;44.93;4.89;18/07/2026;05:00;21.9;0;SOLEIL;5;13.0;0
Valence;44.93;4.89;18/07/2026;06:00;21.9;0;SOLEIL;5;12.2;0
Valence;44.93;4.89;18/07/2026;07:00;21.9;0;SOLEIL;5;10.8;0
Valence;44.93;4.89;18/07/2026;08:00;26.6;0;SOLEIL;6;12.2;0
Valence;44.93;4.89;18/07/2026;09:00;26.6;0;SOLEIL;6;18.0;0
Valence;44.93;4.89;18/07/2026;10:00;26.6;0;SOLEIL;6;28.4;0
Valence;44.93;4.89;18/07/2026;11:00;31.1;0;SOLEIL;5;32.4;0
Valence;44.93;4.89;18/07/2026;12:00;31.1;0;SOLEIL;5;35.3;0
Valence;44.93;4.89;18/07/2026;13:00;31.1;0;SOLEIL;5;36.5;0
Valence;44.93;4.89;18/07/2026;14:00;32;0;SOLEIL;5;35.7;0
Valence;44.93;4.89;18/07/2026;15:00;32;0;SOLEIL;5;36.4;0
Valence;44.93;4.89;18/07/2026;16:00;32;0;SOLEIL;5;36.7;0
Valence;44.93;4.89;18/07/2026;17:00;29.5;0;SOLEIL;6;37.1;0
Valence;44.93;4.89;18/07/2026;18:00;29.5;0;SOLEIL;6;38.2;0
Valence;44.93;4.89;18/07/2026;19:00;29.5;0;SOLEIL;6;38.2;0
Valence;44.93;4.89;18/07/2026;20:00;25.6;0;SOLEIL;5;37.4;0
Valence;44.93;4.89;18/07/2026;21:00;25.6;0;SOLEIL;5;31.3;0
Valence;44.93;4.89;18/07/2026;22:00;25.6;0;SOLEIL;5;24.8;0
Valence;44.93;4.89;18/07/2026;23:00;22.5;0;SOLEIL;4;25.2;0
Valence;44.93;4.89;19/07/2026;00:00;22.5;0;SOLEIL;4;23.0;0
Valence;44.93;4.89;19/07/2026;01:00;22.5;0;SOLEIL;4;23.8;0
Valence;44.93;4.89;19/07/2026;02:00;20.2;0;SOLEIL;4;22.7;0
Valence;44.93;4.89;19/07/2026;03:00;20.2;0;SOLEIL;4;20.2;0
Valence;44.93;4.89;19/07/2026;04:00;20.2;0;SOLEIL;4;18.7;0
Valence;44.93;4.89;19/07/2026;05:00;21.4;0;SOLEIL;4;16.6;0
Valence;44.93;4.89;19/07/2026;06:00;21.4;0;SOLEIL;4;15.8;0
Valence;44.93;4.89;19/07/2026;07:00;21.4;0;SOLEIL;4;16.9;0
Valence;44.93;4.89;19/07/2026;08:00;27.2;0;SOLEIL;5;18.7;0
Valence;44.93;4.89;19/07/2026;09:00;27.2;0;SOLEIL;5;30.6;0
Valence;44.93;4.89;19/07/2026;10:00;27.2;0;SOLEIL;5;40.0;0
Valence;44.93;4.89;19/07/2026;11:00;31.4;0;SOLEIL;6;45.4;0
Valence;44.93;4.89;19/07/2026;12:00;31.4;0;SOLEIL;6;46.4;0
Valence;44.93;4.89;19/07/2026;13:00;31.4;0;SOLEIL;6;46.1;0
Valence;44.93;4.89;19/07/2026;14:00;31.7;0;SOLEIL;6;46.4;0
Valence;44.93;4.89;19/07/2026;15:00;31.7;0;SOLEIL;6;47.5;0
Valence;44.93;4.89;19/07/2026;16:00;31.7;0;SOLEIL;6;47.9;0
Valence;44.93;4.89;19/07/2026;17:00;27.5;0;SOLEIL;7;49.7;0
Valence;44.93;4.89;19/07/2026;18:00;27.5;0;SOLEIL;7;49.3;0
Valence;44.93;4.89;19/07/2026;19:00;27.5;0;SOLEIL;7;50.0;0
Valence;44.93;4.89;19/07/2026;20:00;25.5;0;SOLEIL;5;51.5;0
Valence;44.93;4.89;19/07/2026;21:00;24.0;0;SOLEIL;5;50.8;0
Valence;44.93;4.89;19/07/2026;22:00;22.6;0;SOLEIL;5;49.0;0
Valence;44.93;4.89;19/07/2026;23:00;21.6;0;SOLEIL;6;46.8;0
Valence;44.93;4.89;20/07/2026;00:00;21.6;0;SOLEIL;6;43.2;0
Valence;44.93;4.89;20/07/2026;01:00;21.6;0;SOLEIL;6;39.2;0
Valence;44.93;4.89;20/07/2026;02:00;19.9;0;SOLEIL;5;36.4;0
Valence;44.93;4.89;20/07/2026;03:00;19.9;0;SOLEIL;5;36.0;0
Valence;44.93;4.89;20/07/2026;04:00;19.9;0;SOLEIL;5;36.7;0
Valence;44.93;4.89;20/07/2026;05:00;21.4;0;SOLEIL;6;38.2;0
Valence;44.93;4.89;20/07/2026;06:00;21.4;0;SOLEIL;6;39.2;0
Valence;44.93;4.89;20/07/2026;07:00;21.4;0;SOLEIL;6;41.0;0
Valence;44.93;4.89;20/07/2026;08:00;22.6;0;SOLEIL;5;44.3;0
Valence;44.93;4.89;20/07/2026;09:00;24.0;0;SOLEIL;5;50.4;0
Valence;44.93;4.89;20/07/2026;10:00;25.3;0;SOLEIL;5;58.3;0
Valence;44.93;4.89;20/07/2026;11:00;30.1;0;SOLEIL;7;63.7;0
Valence;44.93;4.89;20/07/2026;12:00;30.1;0;SOLEIL;7;65.2;0
Valence;44.93;4.89;20/07/2026;13:00;30.1;0;SOLEIL;7;64.8;0
Valence;44.93;4.89;20/07/2026;14:00;30.7;0;SOLEIL;5;63.7;0
Valence;44.93;4.89;20/07/2026;15:00;32.1;0;SOLEIL;5;63.0;0
Valence;44.93;4.89;20/07/2026;16:00;30.7;0;SOLEIL;5;61.9;0
Valence;44.93;4.89;20/07/2026;17:00;29;0;SOLEIL;7;61.2;0
Valence;44.93;4.89;20/07/2026;18:00;29;0;SOLEIL;7;61.9;0
Valence;44.93;4.89;20/07/2026;19:00;29;0;SOLEIL;7;63.0;0
Valence;44.93;4.89;20/07/2026;20:00;25.3;0;SOLEIL;5;62.6;0
Valence;44.93;4.89;20/07/2026;21:00;24.0;0;SOLEIL;5;59.0;0
Valence;44.93;4.89;20/07/2026;22:00;22.6;0;SOLEIL;5;54.0;0
Valence;44.93;4.89;20/07/2026;23:00;21.5;0;SOLEIL;6;49.3;0
Valence;44.93;4.89;21/07/2026;00:00;21.5;0;SOLEIL;6;46.8;0
Valence;44.93;4.89;21/07/2026;01:00;21.5;0;SOLEIL;6;45.0;0
Valence;44.93;4.89;21/07/2026;02:00;18.6;0;SOLEIL;5;42.5;0
Valence;44.93;4.89;21/07/2026;03:00;18.6;0;SOLEIL;5;38.5;0
Valence;44.93;4.89;21/07/2026;04:00;18.6;0;SOLEIL;5;33.8;0
Valence;44.93;4.89;21/07/2026;05:00;20.1;0;SOLEIL;6;30.6;0
Valence;44.93;4.89;21/07/2026;06:00;20.1;0;SOLEIL;6;29.2;0
Valence;44.93;4.89;21/07/2026;07:00;20.1;0;SOLEIL;6;29.2;0
Valence;44.93;4.89;21/07/2026;08:00;21.4;0;SOLEIL;5;31.7;0
Valence;44.93;4.89;21/07/2026;09:00;22.9;0;SOLEIL;5;38.9;0
Valence;44.93;4.89;21/07/2026;10:00;24.3;0;SOLEIL;5;49.0;0
Valence;44.93;4.89;21/07/2026;11:00;29.1;0;SOLEIL;8;57.6;0
Valence;44.93;4.89;21/07/2026;12:00;29.1;0;SOLEIL;8;66.9;0
Valence;44.93;4.89;21/07/2026;13:00;29.1;0;SOLEIL;8;75.1;0
Valence;44.93;4.89;21/07/2026;14:00;30.0;0;SOLEIL;5;81.0;0
Valence;44.93;4.89;21/07/2026;15:00;31.4;0;SOLEIL;5;83.5;0
Valence;44.93;4.89;21/07/2026;16:00;30.0;0;SOLEIL;5;81.7;0
Valence;44.93;4.89;21/07/2026;17:00;28.7;0;SOLEIL;7;79.6;0
Valence;44.93;4.89;21/07/2026;18:00;28.7;0;SOLEIL;7;77.8;0
Valence;44.93;4.89;21/07/2026;19:00;28.7;0;SOLEIL;7;75.6;0
Valence;44.93;4.89;21/07/2026;20:00;24.3;0;SOLEIL;5;73.1;0
Valence;44.93;4.89;21/07/2026;21:00;22.9;0;SOLEIL;5;70.2;0
Valence;44.93;4.89;21/07/2026;22:00;21.4;0;SOLEIL;5;66.6;0
Valence;44.93;4.89;21/07/2026;23:00;21.5;0;SOLEIL;6;61.9;0
Valence;44.93;4.89;22/07/2026;00:00;21.5;0;SOLEIL;6;55.1;0
Valence;44.93;4.89;22/07/2026;01:00;21.5;0;SOLEIL;6;47.2;0
Valence;44.93;4.89;22/07/2026;02:00;19;0;SOLEIL;5;40.7;0
Valence;44.93;4.89;22/07/2026;03:00;19;0;SOLEIL;5;36.4;0
Valence;44.93;4.89;22/07/2026;04:00;19;0;SOLEIL;5;33.1;0
Valence;44.93;4.89;22/07/2026;05:00;20.6;0;SOLEIL;5;31.3;0
Valence;44.93;4.89;22/07/2026;06:00;20.6;0;SOLEIL;5;31.0;0
Valence;44.93;4.89;22/07/2026;07:00;20.6;0;SOLEIL;5;32.0;0
Valence;44.93;4.89;22/07/2026;08:00;21.9;0;SOLEIL;5;34.2;0
Valence;44.93;4.89;22/07/2026;09:00;23.4;0;SOLEIL;5;38.9;0
Valence;44.93;4.89;22/07/2026;10:00;24.8;0;SOLEIL;5;44.6;0
Valence;44.93;4.89;22/07/2026;11:00;30.1;0;SOLEIL;6;47.9;0
Valence;44.93;4.89;22/07/2026;12:00;30.1;0;SOLEIL;6;46.8;0
Valence;44.93;4.89;22/07/2026;13:00;30.1;0;SOLEIL;6;43.6;0
Valence;44.93;4.89;22/07/2026;14:00;30.6;0;SOLEIL;5;40.3;0
Valence;44.93;4.89;22/07/2026;15:00;32.1;0;SOLEIL;5;38.2;0
Valence;44.93;4.89;22/07/2026;16:00;30.6;0;SOLEIL;5;36.7;0
Valence;44.93;4.89;22/07/2026;17:00;29.9;0;SOLEIL;6;35.6;0
Valence;44.93;4.89;22/07/2026;18:00;29.9;0;SOLEIL;6;35.6;0
Valence;44.93;4.89;22/07/2026;19:00;29.9;0;SOLEIL;6;36.7;0
Valence;44.93;4.89;22/07/2026;20:00;24.8;0;SOLEIL;5;37.1;0
Valence;44.93;4.89;22/07/2026;21:00;23.4;0;SOLEIL;5;37.1;0
Valence;44.93;4.89;22/07/2026;22:00;21.9;0;SOLEIL;5;36.7;0
Valence;44.93;4.89;22/07/2026;23:00;22.6;0;SOLEIL;5;35.3;0
Valence;44.93;4.89;23/07/2026;00:00;22.6;0;SOLEIL;5;32.4;0
Valence;44.93;4.89;23/07/2026;01:00;22.6;0;SOLEIL;5;28.4;0
Valence;44.93;4.89;23/07/2026;02:00;20;0;SOLEIL;5;25.6;0
Valence;44.93;4.89;23/07/2026;03:00;20;0;SOLEIL;5;23.8;0
Valence;44.93;4.89;23/07/2026;04:00;20;0;SOLEIL;5;23.0;0
Valence;44.93;4.89;23/07/2026;05:00;21.6;0;SOLEIL;5;23.4;0
Valence;44.93;4.89;23/07/2026;06:00;21.6;0;SOLEIL;5;24.8;0
Valence;44.93;4.89;23/07/2026;07:00;21.6;0;SOLEIL;5;27.7;0
Valence;44.93;4.89;23/07/2026;08:00;22.6;0;SOLEIL;5;32.0;0
Valence;44.93;4.89;23/07/2026;09:00;23.8;0;SOLEIL;5;39.2;0
Valence;44.93;4.89;23/07/2026;10:00;25.1;0;SOLEIL;5;47.9;0
Valence;44.93;4.89;23/07/2026;11:00;29.9;0;SOLEIL;0;54.7;0
Valence;44.93;4.89;23/07/2026;12:00;29.9;0;SOLEIL;0;58.7;0
Valence;44.93;4.89;23/07/2026;13:00;29.9;0;SOLEIL;0;60.5;0
Valence;44.93;4.89;23/07/2026;14:00;30.2;0;SOLEIL;5;61.9;0
Valence;44.93;4.89;23/07/2026;15:00;31.5;0;SOLEIL;5;62.6;0
Valence;44.93;4.89;23/07/2026;16:00;30.2;0;SOLEIL;5;62.6;0
Valence;44.93;4.89;23/07/2026;17:00;29.1;0;SOLEIL;7;61.9;0
Valence;44.93;4.89;23/07/2026;18:00;29.1;0;SOLEIL;7;60.8;0
Valence;44.93;4.89;23/07/2026;19:00;29.1;0;SOLEIL;7;59.0;0
Valence;44.93;4.89;23/07/2026;20:00;25.1;0;SOLEIL;5;55.1;0
Valence;44.93;4.89;23/07/2026;21:00;23.8;0;SOLEIL;5;47.2;0
Valence;44.93;4.89;23/07/2026;22:00;22.6;0;SOLEIL;5;36.7;0
Valence;44.93;4.89;23/07/2026;23:00;22.6;0;SOLEIL;5;28.4;0
Valence;44.93;4.89;24/07/2026;00:00;22.6;0;SOLEIL;5;31.1;0
Valence;44.93;4.89;24/07/2026;01:00;22.6;0;SOLEIL;5;35.8;0
Valence;44.93;4.89;24/07/2026;02:00;20.1;0;SOLEIL;5;41.1;0
Valence;44.93;4.89;24/07/2026;03:00;20.1;0;SOLEIL;5;45.7;0
Valence;44.93;4.89;24/07/2026;04:00;20.1;0;SOLEIL;5;42.5;0
Valence;44.93;4.89;24/07/2026;05:00;21.6;0;SOLEIL;5;39.2;0
Valence;44.93;4.89;24/07/2026;06:00;21.6;0;SOLEIL;5;36.0;0
Valence;44.93;4.89;24/07/2026;07:00;21.6;0;SOLEIL;5;33.5;0
Valence;44.93;4.89;24/07/2026;08:00;23.1;0;SOLEIL;5;32.0;0
Valence;44.93;4.89;24/07/2026;09:00;24.6;0;SOLEIL;5;31.7;0
Valence;44.93;4.89;24/07/2026;10:00;26.1;0;SOLEIL;5;32.4;0
Valence;44.93;4.89;24/07/2026;11:00;30.7;0;SOLEIL;6;33.5;0
Valence;44.93;4.89;24/07/2026;12:00;30.7;0;SOLEIL;6;34.9;0
Valence;44.93;4.89;24/07/2026;13:00;30.7;0;SOLEIL;6;36.0;0
Valence;44.93;4.89;24/07/2026;14:00;32.1;0;SOLEIL;5;36.4;0
Valence;44.93;4.89;24/07/2026;15:00;33.6;0;SOLEIL;5;35.6;0
Valence;44.93;4.89;24/07/2026;16:00;32.1;0;SOLEIL;5;34.6;0
Valence;44.93;4.89;24/07/2026;17:00;31.6;0;SOLEIL;5;33.1;0
Valence;44.93;4.89;24/07/2026;18:00;31.6;0;SOLEIL;5;31.7;0
Valence;44.93;4.89;24/07/2026;19:00;31.6;0;SOLEIL;5;30.6;0
Valence;44.93;4.89;24/07/2026;20:00;26.1;0;SOLEIL;5;29.9;0
Valence;44.93;4.89;24/07/2026;21:00;24.6;0;SOLEIL;5;29.9;0
Valence;44.93;4.89;24/07/2026;22:00;23.1;0;SOLEIL;5;31.0;0
Valence;44.93;4.89;24/07/2026;23:00;22;0;SOLEIL;4;32.0;0
Valence;44.93;4.89;25/07/2026;00:00;22;0;SOLEIL;4;32.8;0
Valence;44.93;4.89;25/07/2026;01:00;22;0;SOLEIL;4;33.1;0
Valence;44.93;4.89;25/07/2026;02:00;18.9;0;SOLEIL;5;32.4;0
Valence;44.93;4.89;25/07/2026;03:00;18.9;0;SOLEIL;5;29.9;0
Valence;44.93;4.89;25/07/2026;04:00;18.9;0;SOLEIL;5;25.9;0
Valence;44.93;4.89;25/07/2026;05:00;21.2;0;SOLEIL;4;21.6;0
Valence;44.93;4.89;25/07/2026;06:00;21.2;0;SOLEIL;4;17.3;0
Valence;44.93;4.89;25/07/2026;07:00;21.2;0;SOLEIL;4;14.4;0
Valence;44.93;4.89;25/07/2026;08:00;22.5;0;SOLEIL;5;14.0;0
Valence;44.93;4.89;25/07/2026;09:00;24.3;0;SOLEIL;5;16.6;0
Valence;44.93;4.89;25/07/2026;10:00;26.1;0;SOLEIL;5;21.6;0
Valence;44.93;4.89;25/07/2026;11:00;33.6;0;SOLEIL;4;28.1;0
Valence;44.93;4.89;25/07/2026;12:00;33.6;0;SOLEIL;4;34.9;0
Valence;44.93;4.89;25/07/2026;13:00;33.6;0;SOLEIL;4;40.7;0
Valence;44.93;4.89;25/07/2026;14:00;33.3;0;SOLEIL;5;45.0;0
Valence;44.93;4.89;25/07/2026;15:00;35.1;0;SOLEIL;5;47.2;0
Valence;44.93;4.89;25/07/2026;16:00;33.3;0;SOLEIL;5;48.6;0
Valence;44.93;4.89;25/07/2026;17:00;30.1;0;SOLEIL;5;49.0;0
Valence;44.93;4.89;25/07/2026;18:00;30.1;0;SOLEIL;5;49.0;0
Valence;44.93;4.89;25/07/2026;19:00;30.1;0;SOLEIL;5;49.0;0
Valence;44.93;4.89;25/07/2026;20:00;26.1;0;SOLEIL;5;49.0;0
Valence;44.93;4.89;25/07/2026;21:00;24.3;0;SOLEIL;5;49.3;0
Valence;44.93;4.89;25/07/2026;22:00;22.5;0;SOLEIL;5;50.0;0
Valence;44.93;4.89;25/07/2026;23:00;21.6;0;SOLEIL;3;50.8;0
Valence;44.93;4.89;26/07/2026;00:00;21.6;0;SOLEIL;3;50.8;0
Valence;44.93;4.89;26/07/2026;01:00;21.6;0;SOLEIL;3;50.0;0
Valence;44.93;4.89;26/07/2026;02:00;18.9;0;SOLEIL;5;47.9;0
Valence;44.93;4.89;26/07/2026;03:00;18.9;0;SOLEIL;5;43.6;0
Valence;44.93;4.89;26/07/2026;04:00;18.9;0;SOLEIL;5;37.4;0
Valence;44.93;4.89;26/07/2026;05:00;;0;SOLEIL;;30.2;0
Valence;44.93;4.89;26/07/2026;06:00;;0;SOLEIL;;23.4;0
Valence;44.93;4.89;26/07/2026;07:00;;0;SOLEIL;;17.6;0
Valence;44.93;4.89;26/07/2026;08:00;21.7;0;SOLEIL;5;14.4;0
Valence;44.93;4.89;26/07/2026;09:00;23.1;0;SOLEIL;5;14.0;0
Valence;44.93;4.89;26/07/2026;10:00;24.5;0;SOLEIL;5;15.5;0
Valence;44.93;4.89;26/07/2026;11:00;;0;SOLEIL;;18.4;0
Valence;44.93;4.89;26/07/2026;12:00;;0;SOLEIL;;21.6;0
Valence;44.93;4.89;26/07/2026;13:00;;0;SOLEIL;;24.8;0
Valence;44.93;4.89;26/07/2026;14:00;30.2;0;SOLEIL;5;27.4;0
Valence;44.93;4.89;26/07/2026;15:00;31.6;0;SOLEIL;5;29.2;0
Valence;44.93;4.89;26/07/2026;16:00;30.2;0;SOLEIL;5;30.6;0
Valence;44.93;4.89;26/07/2026;17:00;;0;SOLEIL;;32.0;0
Valence;44.93;4.89;26/07/2026;18:00;;0;SOLEIL;;33.5;0
Valence;44.93;4.89;26/07/2026;19:00;;0;SOLEIL;;34.6;0
Valence;44.93;4.89;26/07/2026;20:00;24.5;0;SOLEIL;5;34.9;0
Valence;44.93;4.89;26/07/2026;21:00;23.1;0;SOLEIL;5;34.9;0
Valence;44.93;4.89;26/07/2026;22:00;21.7;0;SOLEIL;5;34.2;0
Valence;44.93;4.89;26/07/2026;23:00;;0;SOLEIL;;33.5;0
Valence;44.93;4.89;27/07/2026;00:00;;0;SOLEIL;;32.4;0
Valence;44.93;4.89;27/07/2026;01:00;;0;SOLEIL;;31.7;0
Valence;44.93;4.89;27/07/2026;02:00;18.7;0;SOLEIL;5;31.0;0
Valence;44.93;4.89;27/07/2026;03:00;18.7;0;SOLEIL;5;30.6;0
Valence;44.93;4.89;27/07/2026;04:00;18.7;0;SOLEIL;5;30.2;0
Valence;44.93;4.89;27/07/2026;05:00;;0;SOLEIL;;30.2;0
Valence;44.93;4.89;27/07/2026;06:00;;0;SOLEIL;;30.2;0
Valence;44.93;4.89;27/07/2026;07:00;;0;SOLEIL;;30.6;0
Valence;44.93;4.89;27/07/2026;08:00;21.5;0;SOLEIL;5;31.3;0
Valence;44.93;4.89;27/07/2026;09:00;22.8;0;SOLEIL;5;32.8;0
Valence;44.93;4.89;27/07/2026;10:00;24.2;0;SOLEIL;5;35.3;0
Valence;44.93;4.89;27/07/2026;11:00;;0;SOLEIL;;37.8;0
Valence;44.93;4.89;27/07/2026;12:00;;0;SOLEIL;;40.7;0
Valence;44.93;4.89;27/07/2026;13:00;;0;SOLEIL;;42.8;0
Valence;44.93;4.89;27/07/2026;14:00;29.7;0;SOLEIL;5;43.9;0
Valence;44.93;4.89;27/07/2026;15:00;31.1;0;SOLEIL;5;44.3;0
Valence;44.93;4.89;27/07/2026;16:00;29.7;0;SOLEIL;5;43.9;0
Valence;44.93;4.89;27/07/2026;17:00;;0;SOLEIL;;42.8;0
Valence;44.93;4.89;27/07/2026;18:00;;0;SOLEIL;;41.8;0
Valence;44.93;4.89;27/07/2026;19:00;;0;SOLEIL;;40.3;0
Valence;44.93;4.89;27/07/2026;20:00;24.2;0;SOLEIL;5;38.9;0
Valence;44.93;4.89;27/07/2026;21:00;22.8;0;SOLEIL;5;37.1;0
Valence;44.93;4.89;27/07/2026;22:00;21.5;0;SOLEIL;5;34.9;0
Valence;44.93;4.89;27/07/2026;23:00;;0;SOLEIL;;32.4;0
Valence;44.93;4.89;28/07/2026;00:00;;0;SOLEIL;;29.9;0
Valence;44.93;4.89;28/07/2026;01:00;;0;SOLEIL;;28.1;0
Valence;44.93;4.89;28/07/2026;02:00;18.6;0;SOLEIL;5;27.4;0
Valence;44.93;4.89;28/07/2026;03:00;18.6;0;SOLEIL;5;27.7;0
Valence;44.93;4.89;28/07/2026;04:00;18.6;0;SOLEIL;5;28.8;0
Valence;44.93;4.89;28/07/2026;05:00;;0;SOLEIL;;30.6;0
Valence;44.93;4.89;28/07/2026;06:00;;0;SOLEIL;;32.8;0
Valence;44.93;4.89;28/07/2026;07:00;;0;SOLEIL;;34.6;0
Valence;44.93;4.89;28/07/2026;08:00;21.7;0;SOLEIL;5;36.4;0
Valence;44.93;4.89;28/07/2026;09:00;23.3;0;SOLEIL;5;37.8;0
Valence;44.93;4.89;28/07/2026;10:00;24.8;0;SOLEIL;5;39.2;0
Valence;44.93;4.89;28/07/2026;11:00;;0;SOLEIL;;41.0;0
Valence;44.93;4.89;28/07/2026;12:00;;0;SOLEIL;;42.5;0
Valence;44.93;4.89;28/07/2026;13:00;;0;SOLEIL;;43.6;0
Valence;44.93;4.89;28/07/2026;14:00;31.0;0;SOLEIL;5;44.3;0
Valence;44.93;4.89;28/07/2026;15:00;32.6;0;SOLEIL;5;44.6;0
Valence;44.93;4.89;28/07/2026;16:00;31.0;0;SOLEIL;5;44.6;0
Valence;44.93;4.89;28/07/2026;17:00;;0;SOLEIL;;44.6;0
Valence;44.93;4.89;28/07/2026;18:00;;0;SOLEIL;;44.3;0
Valence;44.93;4.89;28/07/2026;19:00;;0;SOLEIL;;43.6;0
Valence;44.93;4.89;28/07/2026;20:00;24.8;0;SOLEIL;5;43.2;0
Valence;44.93;4.89;28/07/2026;21:00;23.3;0;SOLEIL;5;42.5;0
Valence;44.93;4.89;28/07/2026;22:00;21.7;0;SOLEIL;5;41.8;0
Valence;44.93;4.89;28/07/2026;23:00;;0;SOLEIL;;41.0;0
Valence;44.93;4.89;29/07/2026;00:00;;0;SOLEIL;;40.3;0
Valence;44.93;4.89;29/07/2026;01:00;;0;SOLEIL;;39.2;0
Valence;44.93;4.89;29/07/2026;02:00;19.1;0;SOLEIL;5;38.5;0
Valence;44.93;4.89;29/07/2026;03:00;19.1;0;SOLEIL;5;37.8;0
Valence;44.93;4.89;29/07/2026;04:00;19.1;0;SOLEIL;5;36.7;0
Valence;44.93;4.89;29/07/2026;05:00;;0;SOLEIL;;35.6;0
Valence;44.93;4.89;29/07/2026;06:00;;0;SOLEIL;;34.9;0
Valence;44.93;4.89;29/07/2026;07:00;;0;SOLEIL;;34.2;0
Valence;44.93;4.89;29/07/2026;08:00;21.8;0;SOLEIL;5;33.8;0
Valence;44.93;4.89;29/07/2026;09:00;23.2;0;SOLEIL;5;33.8;0
Valence;44.93;4.89;29/07/2026;10:00;24.6;0;SOLEIL;5;34.6;0
Valence;44.93;4.89;29/07/2026;11:00;;0;SOLEIL;;35.3;0
Valence;44.93;4.89;29/07/2026;12:00;;0;SOLEIL;;36.0;0
Valence;44.93;4.89;29/07/2026;13:00;;0;SOLEIL;;36.7;0
Valence;44.93;4.89;29/07/2026;14:00;30.0;0;SOLEIL;5;37.1;0
Valence;44.93;4.89;29/07/2026;15:00;31.4;0;SOLEIL;5;37.1;0
Valence;44.93;4.89;29/07/2026;16:00;30.0;0;SOLEIL;5;36.4;0
Valence;44.93;4.89;29/07/2026;17:00;;0;SOLEIL;;35.6;0
Valence;44.93;4.89;29/07/2026;18:00;;0;SOLEIL;;35.3;0
Valence;44.93;4.89;29/07/2026;19:00;;0;SOLEIL;;34.9;0
Valence;44.93;4.89;29/07/2026;20:00;24.6;0;SOLEIL;5;35.3;0
Valence;44.93;4.89;29/07/2026;21:00;23.2;0;SOLEIL;5;36.4;0
Valence;44.93;4.89;29/07/2026;22:00;21.8;0;SOLEIL;5;37.8;0
Valence;44.93;4.89;29/07/2026;23:00;;0;SOLEIL;;39.6;0
Valence;44.93;4.89;30/07/2026;00:00;;0;SOLEIL;;41.4;0
Valence;44.93;4.89;30/07/2026;01:00;;0;SOLEIL;;43.2;0
Valence;44.93;4.89;30/07/2026;02:00;19.4;0;SOLEIL;5;44.6;0
Valence;44.93;4.89;30/07/2026;03:00;19.4;0;SOLEIL;5;45.4;0
Valence;44.93;4.89;30/07/2026;04:00;19.4;0;SOLEIL;5;46.1;0
Valence;44.93;4.89;30/07/2026;05:00;;0;SOLEIL;;46.4;0
Valence;44.93;4.89;30/07/2026;06:00;;0;SOLEIL;;47.2;0
Valence;44.93;4.89;30/07/2026;07:00;;0;SOLEIL;;47.5;0
Valence;44.93;4.89;30/07/2026;08:00;22.1;0;SOLEIL;5;48.2;0
Valence;44.93;4.89;30/07/2026;09:00;23.5;0;SOLEIL;5;49.3;0
Valence;44.93;4.89;30/07/2026;10:00;24.8;0;SOLEIL;5;50.8;0
Valence;44.93;4.89;30/07/2026;11:00;;0;SOLEIL;;52.2;0
Valence;44.93;4.89;30/07/2026;12:00;;0;SOLEIL;;53.3;0
Valence;44.93;4.89;30/07/2026;13:00;;0;SOLEIL;;54.4;0
Valence;44.93;4.89;30/07/2026;14:00;30.2;0;SOLEIL;5;55.1;0
Valence;44.93;4.89;30/07/2026;15:00;31.6;0;SOLEIL;5;55.1;0
Valence;44.93;4.89;30/07/2026;16:00;30.2;0;SOLEIL;5;55.1;0
Valence;44.93;4.89;30/07/2026;17:00;;0;SOLEIL;;54.4;0
Valence;44.93;4.89;30/07/2026;18:00;;0;SOLEIL;;53.6;0
Valence;44.93;4.89;30/07/2026;19:00;;0;SOLEIL;;52.9;0
Valence;44.93;4.89;30/07/2026;20:00;24.8;0;SOLEIL;5;52.2;0
Valence;44.93;4.89;30/07/2026;21:00;23.5;0;SOLEIL;5;51.1;0
Valence;44.93;4.89;30/07/2026;22:00;22.1;0;SOLEIL;5;50.0;0
Valence;44.93;4.89;30/07/2026;23:00;20.8;0;SOLEIL;5;48.6;0
Valence;44.93;4.89;31/07/2026;00:00;12;0;SOLEIL;5;46.9;0
Valence;44.93;4.89;31/07/2026;01:00;12;0;SOLEIL;5;47.3;0
Valence;44.93;4.89;31/07/2026;02:00;12;0;SOLEIL;5;48.6;0
Valence;44.93;4.89;31/07/2026;03:00;12;0;SOLEIL;5;48.2;0
Valence;44.93;4.89;31/07/2026;04:00;12;0;SOLEIL;5;46.1;0
Valence;44.93;4.89;31/07/2026;05:00;12;0;SOLEIL;5;45.4;0
Valence;44.93;4.89;31/07/2026;06:00;12;0;SOLEIL;5;48.2;0
Valence;44.93;4.89;31/07/2026;07:00;13.1;0;SOLEIL;5;52.9;0
Valence;44.93;4.89;31/07/2026;08:00;14.2;0;SOLEIL;5;56.5;0
Valence;44.93;4.89;31/07/2026;09:00;15.3;0;SOLEIL;5;58.0;0
Valence;44.93;4.89;31/07/2026;10:00;16.4;0;SOLEIL;5;58.0;0
Valence;44.93;4.89;31/07/2026;11:00;17.6;0;SOLEIL;5;56.9;0
Valence;44.93;4.89;31/07/2026;12:00;18.7;0;SOLEIL;5;54.0;0
Valence;44.93;4.89;31/07/2026;13:00;19.8;0;SOLEIL;5;50.4;0
Valence;44.93;4.89;31/07/2026;14:00;20.9;0;SOLEIL;5;46.8;0
Valence;44.93;4.89;31/07/2026;15:00;22.0;0;SOLEIL;5;44.3;0
Valence;44.93;4.89;31/07/2026;16:00;20.9;0;SOLEIL;5;42.1;0
Valence;44.93;4.89;31/07/2026;17:00;19.8;0;SOLEIL;5;41.0;0
Valence;44.93;4.89;31/07/2026;18:00;18.7;0;SOLEIL;5;42.1;0
Valence;44.93;4.89;31/07/2026;19:00;17.6;0;SOLEIL;5;44.6;0
Valence;44.93;4.89;31/07/2026;20:00;16.4;0;SOLEIL;5;46.4;0
Valence;44.93;4.89;31/07/2026;21:00;15.3;0;SOLEIL;5;48.2;0
Valence;44.93;4.89;31/07/2026;22:00;14.2;0;SOLEIL;5;49.7;0
Valence;44.93;4.89;31/07/2026;23:00;13.1;0;SOLEIL;5;48.6;0
Valence;44.93;4.89;01/08/2026;00:00;12;0;SOLEIL;5;0.0;0
Valence;44.93;4.89;01/08/2026;01:00;12;0;SOLEIL;5;0.0;0
Valence;44.93;4.89;01/08/2026;02:00;12;0;SOLEIL;5;0.0;0
Valence;44.93;4.89;01/08/2026;03:00;12;0;SOLEIL;5;0.0;0
Valence;44.93;4.89;01/08/2026;04:00;12;0;SOLEIL;5;0.0;0
Valence;44.93;4.89;01/08/2026;05:00;12;0;SOLEIL;5;0.0;0
Valence;44.93;4.89;01/08/2026;06:00;12;0;SOLEIL;5;0.0;0
Valence;44.93;4.89;01/08/2026;07:00;13.1;0;SOLEIL;5;0.0;0
Valence;44.93;4.89;01/08/2026;08:00;14.2;0;SOLEIL;5;0.0;0
Valence;44.93;4.89;01/08/2026;09:00;15.3;0;SOLEIL;5;0.0;0
Valence;44.93;4.89;01/08/2026;10:00;16.4;0;SOLEIL;5;0.0;0
Valence;44.93;4.89;01/08/2026;11:00;17.6;0;SOLEIL;5;0.0;0
Valence;44.93;4.89;01/08/2026;12:00;18.7;0;SOLEIL;5;0.0;0
Valence;44.93;4.89;01/08/2026;13:00;19.8;0;SOLEIL;5;0.0;0
Valence;44.93;4.89;01/08/2026;14:00;20.9;0;SOLEIL;5;0.0;0
Valence;44.93;4.89;01/08/2026;15:00;22.0;0;SOLEIL;5;0.0;0
Valence;44.93;4.89;01/08/2026;16:00;20.9;0;SOLEIL;5;0.0;0
Valence;44.93;4.89;01/08/2026;17:00;19.8;0;SOLEIL;5;0.0;0
Valence;44.93;4.89;01/08/2026;18:00;18.7;0;SOLEIL;5;0.0;0
Valence;44.93;4.89;01/08/2026;19:00;17.6;0;SOLEIL;5;0.0;0
Valence;44.93;4.89;01/08/2026;20:00;16.4;0;SOLEIL;5;0.0;0
Valence;44.93;4.89;01/08/2026;21:00;15.3;0;SOLEIL;5;0.0;0
Valence;44.93;4.89;01/08/2026;22:00;14.2;0;SOLEIL;5;0.0;0
Valence;44.93;4.89;01/08/2026;23:00;13.1;0;SOLEIL;5;0.0;0
Bourgoin-Jallieu;45.59;5.28;17/07/2026;00:00;21.1;10;ORAGEUX;4;29.9;0
Bourgoin-Jallieu;45.59;5.28;17/07/2026;01:00;20.7;10;ORAGEUX;3;36.7;6.2
Bourgoin-Jallieu;45.59;5.28;17/07/2026;02:00;20.9;6;AVERSES;3;33.5;1.6
Bourgoin-Jallieu;45.59;5.28;17/07/2026;03:00;20.2;6;AVERSES;2;21.2;0.5
Bourgoin-Jallieu;45.59;5.28;17/07/2026;04:00;19.9;6;AVERSES;2;14.0;0.4
Bourgoin-Jallieu;45.59;5.28;17/07/2026;05:00;19.7;6;AVERSES;2;16.9;0.1
Bourgoin-Jallieu;45.59;5.28;17/07/2026;06:00;21.1;0;SOLEIL;2;8.3;0
Bourgoin-Jallieu;45.59;5.28;17/07/2026;07:00;22.7;0;SOLEIL;3;5.0;0
Bourgoin-Jallieu;45.59;5.28;17/07/2026;08:00;25.1;0;SOLEIL;2;13.0;0
Bourgoin-Jallieu;45.59;5.28;17/07/2026;09:00;27.5;0;SOLEIL;2;13.7;0
Bourgoin-Jallieu;45.59;5.28;17/07/2026;10:00;29.1;0;SOLEIL;3;13.7;0
Bourgoin-Jallieu;45.59;5.28;17/07/2026;11:00;31.1;0;SOLEIL;3;14.0;0
Bourgoin-Jallieu;45.59;5.28;17/07/2026;12:00;32.6;0;SOLEIL;4;15.1;0
Bourgoin-Jallieu;45.59;5.28;17/07/2026;13:00;33.1;0;SOLEIL;4;13.0;0
Bourgoin-Jallieu;45.59;5.28;17/07/2026;14:00;32.6;0;SOLEIL;4;16.9;0
Bourgoin-Jallieu;45.59;5.28;17/07/2026;15:00;31.4;0;SOLEIL;5;77.0;0
Bourgoin-Jallieu;45.59;5.28;17/07/2026;16:00;29.6;0;SOLEIL;5;23.4;0
Bourgoin-Jallieu;45.59;5.28;17/07/2026;17:00;28.7;0;SOLEIL;5;38.9;0
Bourgoin-Jallieu;45.59;5.28;17/07/2026;18:00;27.6;0;SOLEIL;5;33.8;0
Bourgoin-Jallieu;45.59;5.28;17/07/2026;19:00;27.1;0;SOLEIL;4;29.5;0
Bourgoin-Jallieu;45.59;5.28;17/07/2026;20:00;25.7;0;SOLEIL;4;44.6;0
Bourgoin-Jallieu;45.59;5.28;17/07/2026;21:00;24.6;0;SOLEIL;4;37.1;0
Bourgoin-Jallieu;45.59;5.28;17/07/2026;22:00;24.6;0;SOLEIL;4;28.1;0
Bourgoin-Jallieu;45.59;5.28;17/07/2026;23:00;23.6;0;SOLEIL;3;20.5;0
Bourgoin-Jallieu;45.59;5.28;18/07/2026;00:00;22.9;0;SOLEIL;3;18.0;0
Bourgoin-Jallieu;45.59;5.28;18/07/2026;01:00;22.9;0;SOLEIL;3;13.3;0
Bourgoin-Jallieu;45.59;5.28;18/07/2026;02:00;20.6;0;SOLEIL;4;10.8;0
Bourgoin-Jallieu;45.59;5.28;18/07/2026;03:00;20.6;0;SOLEIL;4;10.1;0
Bourgoin-Jallieu;45.59;5.28;18/07/2026;04:00;20.6;0;SOLEIL;4;9.7;0
Bourgoin-Jallieu;45.59;5.28;18/07/2026;05:00;22.1;0;SOLEIL;3;11.9;0
Bourgoin-Jallieu;45.59;5.28;18/07/2026;06:00;22.1;0;SOLEIL;3;11.2;0
Bourgoin-Jallieu;45.59;5.28;18/07/2026;07:00;22.1;0;SOLEIL;3;15.1;0
Bourgoin-Jallieu;45.59;5.28;18/07/2026;08:00;26.4;0;SOLEIL;5;15.1;0
Bourgoin-Jallieu;45.59;5.28;18/07/2026;09:00;26.4;0;SOLEIL;5;22.0;0
Bourgoin-Jallieu;45.59;5.28;18/07/2026;10:00;26.4;0;SOLEIL;5;25.6;0
Bourgoin-Jallieu;45.59;5.28;18/07/2026;11:00;31.1;0;SOLEIL;5;27.0;0
Bourgoin-Jallieu;45.59;5.28;18/07/2026;12:00;31.1;0;SOLEIL;5;31.1;0
Bourgoin-Jallieu;45.59;5.28;18/07/2026;13:00;31.1;0;SOLEIL;5;32.9;0
Bourgoin-Jallieu;45.59;5.28;18/07/2026;14:00;31.4;0;SOLEIL;5;34.8;0
Bourgoin-Jallieu;45.59;5.28;18/07/2026;15:00;31.4;0;SOLEIL;5;37.4;0
Bourgoin-Jallieu;45.59;5.28;18/07/2026;16:00;31.4;0;SOLEIL;5;38.5;0
Bourgoin-Jallieu;45.59;5.28;18/07/2026;17:00;29.1;0;SOLEIL;5;41.4;0
Bourgoin-Jallieu;45.59;5.28;18/07/2026;18:00;29.1;0;SOLEIL;5;42.5;0
Bourgoin-Jallieu;45.59;5.28;18/07/2026;19:00;29.1;0;SOLEIL;5;41.0;0
Bourgoin-Jallieu;45.59;5.28;18/07/2026;20:00;24.7;0;SOLEIL;4;35.6;0
Bourgoin-Jallieu;45.59;5.28;18/07/2026;21:00;24.7;0;SOLEIL;4;29.5;0
Bourgoin-Jallieu;45.59;5.28;18/07/2026;22:00;24.7;0;SOLEIL;4;27.4;0
Bourgoin-Jallieu;45.59;5.28;18/07/2026;23:00;21.7;0;SOLEIL;4;25.2;0
Bourgoin-Jallieu;45.59;5.28;19/07/2026;00:00;21.7;0;SOLEIL;4;23.4;0
Bourgoin-Jallieu;45.59;5.28;19/07/2026;01:00;21.7;0;SOLEIL;4;23.0;0
Bourgoin-Jallieu;45.59;5.28;19/07/2026;02:00;19.6;0;SOLEIL;3;19.8;0
Bourgoin-Jallieu;45.59;5.28;19/07/2026;03:00;19.6;0;SOLEIL;3;18.0;0
Bourgoin-Jallieu;45.59;5.28;19/07/2026;04:00;19.6;0;SOLEIL;3;16.9;0
Bourgoin-Jallieu;45.59;5.28;19/07/2026;05:00;20.9;0;SOLEIL;3;18.4;0
Bourgoin-Jallieu;45.59;5.28;19/07/2026;06:00;20.9;0;SOLEIL;3;18.7;0
Bourgoin-Jallieu;45.59;5.28;19/07/2026;07:00;20.9;0;SOLEIL;3;18.7;0
Bourgoin-Jallieu;45.59;5.28;19/07/2026;08:00;26.6;0;SOLEIL;5;23.0;0
Bourgoin-Jallieu;45.59;5.28;19/07/2026;09:00;26.6;0;SOLEIL;5;31.0;0
Bourgoin-Jallieu;45.59;5.28;19/07/2026;10:00;26.6;0;SOLEIL;5;39.2;0
Bourgoin-Jallieu;45.59;5.28;19/07/2026;11:00;30.1;0;SOLEIL;6;43.2;0
Bourgoin-Jallieu;45.59;5.28;19/07/2026;12:00;30.1;0;SOLEIL;6;44.3;0
Bourgoin-Jallieu;45.59;5.28;19/07/2026;13:00;30.1;0;SOLEIL;6;44.6;0
Bourgoin-Jallieu;45.59;5.28;19/07/2026;14:00;30.4;0;SOLEIL;6;47.5;0
Bourgoin-Jallieu;45.59;5.28;19/07/2026;15:00;30.4;0;SOLEIL;6;47.2;0
Bourgoin-Jallieu;45.59;5.28;19/07/2026;16:00;30.4;0;SOLEIL;6;45.4;0
Bourgoin-Jallieu;45.59;5.28;19/07/2026;17:00;28.1;0;SOLEIL;6;45.4;0
Bourgoin-Jallieu;45.59;5.28;19/07/2026;18:00;28.1;0;SOLEIL;6;49.3;0
Bourgoin-Jallieu;45.59;5.28;19/07/2026;19:00;28.1;0;SOLEIL;6;50.4;0
Bourgoin-Jallieu;45.59;5.28;19/07/2026;20:00;24.2;0;SOLEIL;5;49.7;0
Bourgoin-Jallieu;45.59;5.28;19/07/2026;21:00;22.8;0;SOLEIL;5;45.7;0
Bourgoin-Jallieu;45.59;5.28;19/07/2026;22:00;21.4;0;SOLEIL;5;39.6;0
Bourgoin-Jallieu;45.59;5.28;19/07/2026;23:00;21.1;0;SOLEIL;5;35.3;0
Bourgoin-Jallieu;45.59;5.28;20/07/2026;00:00;21.1;0;SOLEIL;5;34.6;0
Bourgoin-Jallieu;45.59;5.28;20/07/2026;01:00;21.1;0;SOLEIL;5;35.6;0
Bourgoin-Jallieu;45.59;5.28;20/07/2026;02:00;19.1;0;SOLEIL;5;36.4;0
Bourgoin-Jallieu;45.59;5.28;20/07/2026;03:00;19.1;0;SOLEIL;5;35.3;0
Bourgoin-Jallieu;45.59;5.28;20/07/2026;04:00;19.1;0;SOLEIL;5;33.5;0
Bourgoin-Jallieu;45.59;5.28;20/07/2026;05:00;20.1;0;SOLEIL;4;33.1;0
Bourgoin-Jallieu;45.59;5.28;20/07/2026;06:00;20.1;0;SOLEIL;4;34.6;0
Bourgoin-Jallieu;45.59;5.28;20/07/2026;07:00;20.1;0;SOLEIL;4;37.1;0
Bourgoin-Jallieu;45.59;5.28;20/07/2026;08:00;21.9;0;SOLEIL;5;40.3;0
Bourgoin-Jallieu;45.59;5.28;20/07/2026;09:00;23.3;0;SOLEIL;5;45.0;0
Bourgoin-Jallieu;45.59;5.28;20/07/2026;10:00;24.7;0;SOLEIL;5;50.4;0
Bourgoin-Jallieu;45.59;5.28;20/07/2026;11:00;29.2;0;SOLEIL;6;54.7;0
Bourgoin-Jallieu;45.59;5.28;20/07/2026;12:00;29.2;0;SOLEIL;6;57.6;0
Bourgoin-Jallieu;45.59;5.28;20/07/2026;13:00;29.2;0;SOLEIL;6;59.0;0
Bourgoin-Jallieu;45.59;5.28;20/07/2026;14:00;30.2;0;SOLEIL;5;59.8;0
Bourgoin-Jallieu;45.59;5.28;20/07/2026;15:00;31.6;0;SOLEIL;5;59.0;0
Bourgoin-Jallieu;45.59;5.28;20/07/2026;16:00;30.2;0;SOLEIL;5;57.2;0
Bourgoin-Jallieu;45.59;5.28;20/07/2026;17:00;28.6;0;SOLEIL;6;55.4;0
Bourgoin-Jallieu;45.59;5.28;20/07/2026;18:00;28.6;0;SOLEIL;6;54.7;0
Bourgoin-Jallieu;45.59;5.28;20/07/2026;19:00;28.6;0;SOLEIL;6;54.4;0
Bourgoin-Jallieu;45.59;5.28;20/07/2026;20:00;24.7;0;SOLEIL;5;52.2;0
Bourgoin-Jallieu;45.59;5.28;20/07/2026;21:00;23.3;0;SOLEIL;5;47.2;0
Bourgoin-Jallieu;45.59;5.28;20/07/2026;22:00;21.9;0;SOLEIL;5;40.7;0
Bourgoin-Jallieu;45.59;5.28;20/07/2026;23:00;21.2;0;SOLEIL;5;35.3;0
Bourgoin-Jallieu;45.59;5.28;21/07/2026;00:00;21.2;0;SOLEIL;5;32.8;0
Bourgoin-Jallieu;45.59;5.28;21/07/2026;01:00;21.2;0;SOLEIL;5;31.7;0
Bourgoin-Jallieu;45.59;5.28;21/07/2026;02:00;18.1;0;SOLEIL;5;30.6;0
Bourgoin-Jallieu;45.59;5.28;21/07/2026;03:00;18.1;0;SOLEIL;5;29.2;0
Bourgoin-Jallieu;45.59;5.28;21/07/2026;04:00;18.1;0;SOLEIL;5;28.1;0
Bourgoin-Jallieu;45.59;5.28;21/07/2026;05:00;19.4;0;SOLEIL;5;27.7;0
Bourgoin-Jallieu;45.59;5.28;21/07/2026;06:00;19.4;0;SOLEIL;5;27.7;0
Bourgoin-Jallieu;45.59;5.28;21/07/2026;07:00;19.4;0;SOLEIL;5;28.4;0
Bourgoin-Jallieu;45.59;5.28;21/07/2026;08:00;20.9;0;SOLEIL;5;32.4;0
Bourgoin-Jallieu;45.59;5.28;21/07/2026;09:00;22.3;0;SOLEIL;5;42.5;0
Bourgoin-Jallieu;45.59;5.28;21/07/2026;10:00;23.7;0;SOLEIL;5;55.4;0
Bourgoin-Jallieu;45.59;5.28;21/07/2026;11:00;28.6;0;SOLEIL;7;65.9;0
Bourgoin-Jallieu;45.59;5.28;21/07/2026;12:00;28.6;0;SOLEIL;7;70.0;0
Bourgoin-Jallieu;45.59;5.28;21/07/2026;13:00;28.6;0;SOLEIL;7;72.0;0
Bourgoin-Jallieu;45.59;5.28;21/07/2026;14:00;29.2;0;SOLEIL;5;73.6;0
Bourgoin-Jallieu;45.59;5.28;21/07/2026;15:00;30.6;0;SOLEIL;5;74.9;0
Bourgoin-Jallieu;45.59;5.28;21/07/2026;16:00;29.2;0;SOLEIL;5;74.5;0
Bourgoin-Jallieu;45.59;5.28;21/07/2026;17:00;28.4;0;SOLEIL;6;73.4;0
Bourgoin-Jallieu;45.59;5.28;21/07/2026;18:00;28.4;0;SOLEIL;6;72.0;0
Bourgoin-Jallieu;45.59;5.28;21/07/2026;19:00;28.4;0;SOLEIL;6;69.8;0
Bourgoin-Jallieu;45.59;5.28;21/07/2026;20:00;23.7;0;SOLEIL;5;66.2;0
Bourgoin-Jallieu;45.59;5.28;21/07/2026;21:00;22.3;0;SOLEIL;5;61.2;0
Bourgoin-Jallieu;45.59;5.28;21/07/2026;22:00;20.9;0;SOLEIL;5;54.7;0
Bourgoin-Jallieu;45.59;5.28;21/07/2026;23:00;21.2;0;SOLEIL;4;48.2;0
Bourgoin-Jallieu;45.59;5.28;22/07/2026;00:00;21.2;0;SOLEIL;4;41.8;0
Bourgoin-Jallieu;45.59;5.28;22/07/2026;01:00;21.2;0;SOLEIL;4;35.3;0
Bourgoin-Jallieu;45.59;5.28;22/07/2026;02:00;18.9;0;SOLEIL;5;29.5;0
Bourgoin-Jallieu;45.59;5.28;22/07/2026;03:00;18.9;0;SOLEIL;5;24.5;0
Bourgoin-Jallieu;45.59;5.28;22/07/2026;04:00;18.9;0;SOLEIL;5;20.5;0
Bourgoin-Jallieu;45.59;5.28;22/07/2026;05:00;19.6;0;SOLEIL;3;17.6;0
Bourgoin-Jallieu;45.59;5.28;22/07/2026;06:00;19.6;0;SOLEIL;3;16.2;0
Bourgoin-Jallieu;45.59;5.28;22/07/2026;07:00;19.6;0;SOLEIL;3;16.2;0
Bourgoin-Jallieu;45.59;5.28;22/07/2026;08:00;21.7;0;SOLEIL;5;18.4;0
Bourgoin-Jallieu;45.59;5.28;22/07/2026;09:00;23.1;0;SOLEIL;5;24.8;0
Bourgoin-Jallieu;45.59;5.28;22/07/2026;10:00;24.5;0;SOLEIL;5;33.1;0
Bourgoin-Jallieu;45.59;5.28;22/07/2026;11:00;29.1;0;SOLEIL;6;40.0;0
Bourgoin-Jallieu;45.59;5.28;22/07/2026;12:00;29.1;0;SOLEIL;6;42.8;0
Bourgoin-Jallieu;45.59;5.28;22/07/2026;13:00;29.1;0;SOLEIL;6;43.9;0
Bourgoin-Jallieu;45.59;5.28;22/07/2026;14:00;30.1;0;SOLEIL;5;43.9;0
Bourgoin-Jallieu;45.59;5.28;22/07/2026;15:00;31.5;0;SOLEIL;5;42.5;0
Bourgoin-Jallieu;45.59;5.28;22/07/2026;16:00;30.1;0;SOLEIL;5;40.3;0
Bourgoin-Jallieu;45.59;5.28;22/07/2026;17:00;29.5;0;SOLEIL;5;38.9;0
Bourgoin-Jallieu;45.59;5.28;22/07/2026;18:00;29.5;0;SOLEIL;5;40.0;0
Bourgoin-Jallieu;45.59;5.28;22/07/2026;19:00;29.5;0;SOLEIL;5;41.8;0
Bourgoin-Jallieu;45.59;5.28;22/07/2026;20:00;24.5;0;SOLEIL;5;41.0;0
Bourgoin-Jallieu;45.59;5.28;22/07/2026;21:00;23.1;0;SOLEIL;5;34.9;0
Bourgoin-Jallieu;45.59;5.28;22/07/2026;22:00;21.7;0;SOLEIL;5;26.3;0
Bourgoin-Jallieu;45.59;5.28;22/07/2026;23:00;22.1;0;SOLEIL;4;19.4;0
Bourgoin-Jallieu;45.59;5.28;23/07/2026;00:00;22.1;0;SOLEIL;4;15.5;0
Bourgoin-Jallieu;45.59;5.28;23/07/2026;01:00;22.1;0;SOLEIL;4;13.3;0
Bourgoin-Jallieu;45.59;5.28;23/07/2026;02:00;19.1;0;SOLEIL;5;12.2;0
Bourgoin-Jallieu;45.59;5.28;23/07/2026;03:00;19.1;0;SOLEIL;5;11.9;0
Bourgoin-Jallieu;45.59;5.28;23/07/2026;04:00;19.1;0;SOLEIL;5;13.0;0
Bourgoin-Jallieu;45.59;5.28;23/07/2026;05:00;20.4;0;SOLEIL;4;14.0;0
Bourgoin-Jallieu;45.59;5.28;23/07/2026;06:00;20.4;0;SOLEIL;4;14.8;0
Bourgoin-Jallieu;45.59;5.28;23/07/2026;07:00;20.4;0;SOLEIL;4;15.5;0
Bourgoin-Jallieu;45.59;5.28;23/07/2026;08:00;21.9;0;SOLEIL;5;19.1;0
Bourgoin-Jallieu;45.59;5.28;23/07/2026;09:00;23.3;0;SOLEIL;5;27.4;0
Bourgoin-Jallieu;45.59;5.28;23/07/2026;10:00;24.7;0;SOLEIL;5;37.8;0
Bourgoin-Jallieu;45.59;5.28;23/07/2026;11:00;29.9;0;SOLEIL;0;46.4;0
Bourgoin-Jallieu;45.59;5.28;23/07/2026;12:00;29.9;0;SOLEIL;0;51.5;0
Bourgoin-Jallieu;45.59;5.28;23/07/2026;13:00;29.9;0;SOLEIL;0;54.4;0
Bourgoin-Jallieu;45.59;5.28;23/07/2026;14:00;30.2;0;SOLEIL;5;56.2;0
Bourgoin-Jallieu;45.59;5.28;23/07/2026;15:00;31.6;0;SOLEIL;5;56.5;0
Bourgoin-Jallieu;45.59;5.28;23/07/2026;16:00;30.2;0;SOLEIL;5;55.8;0
Bourgoin-Jallieu;45.59;5.28;23/07/2026;17:00;29.1;0;SOLEIL;6;54.4;0
Bourgoin-Jallieu;45.59;5.28;23/07/2026;18:00;29.1;0;SOLEIL;6;53.3;0
Bourgoin-Jallieu;45.59;5.28;23/07/2026;19:00;29.1;0;SOLEIL;6;51.8;0
Bourgoin-Jallieu;45.59;5.28;23/07/2026;20:00;24.7;0;SOLEIL;5;47.9;0
Bourgoin-Jallieu;45.59;5.28;23/07/2026;21:00;23.3;0;SOLEIL;5;39.6;0
Bourgoin-Jallieu;45.59;5.28;23/07/2026;22:00;21.9;0;SOLEIL;5;28.4;0
Bourgoin-Jallieu;45.59;5.28;23/07/2026;23:00;22.2;0;SOLEIL;4;20.2;0
Bourgoin-Jallieu;45.59;5.28;24/07/2026;00:00;22.2;0;SOLEIL;4;25.2;0
Bourgoin-Jallieu;45.59;5.28;24/07/2026;01:00;22.2;0;SOLEIL;4;32.0;0
Bourgoin-Jallieu;45.59;5.28;24/07/2026;02:00;19.5;0;SOLEIL;5;38.5;0
Bourgoin-Jallieu;45.59;5.28;24/07/2026;03:00;19.5;0;SOLEIL;5;43.6;0
Bourgoin-Jallieu;45.59;5.28;24/07/2026;04:00;19.5;0;SOLEIL;5;40.0;0
Bourgoin-Jallieu;45.59;5.28;24/07/2026;05:00;20.6;0;SOLEIL;3;36.0;0
Bourgoin-Jallieu;45.59;5.28;24/07/2026;06:00;20.6;0;SOLEIL;3;32.0;0
Bourgoin-Jallieu;45.59;5.28;24/07/2026;07:00;20.6;0;SOLEIL;3;29.2;0
Bourgoin-Jallieu;45.59;5.28;24/07/2026;08:00;22.4;0;SOLEIL;5;27.0;0
Bourgoin-Jallieu;45.59;5.28;24/07/2026;09:00;23.9;0;SOLEIL;5;26.3;0
Bourgoin-Jallieu;45.59;5.28;24/07/2026;10:00;25.3;0;SOLEIL;5;27.0;0
Bourgoin-Jallieu;45.59;5.28;24/07/2026;11:00;29.5;0;SOLEIL;6;28.1;0
Bourgoin-Jallieu;45.59;5.28;24/07/2026;12:00;29.5;0;SOLEIL;6;29.5;0
Bourgoin-Jallieu;45.59;5.28;24/07/2026;13:00;29.5;0;SOLEIL;6;30.2;0
Bourgoin-Jallieu;45.59;5.28;24/07/2026;14:00;31.1;0;SOLEIL;5;30.6;0
Bourgoin-Jallieu;45.59;5.28;24/07/2026;15:00;32.6;0;SOLEIL;5;29.5;0
Bourgoin-Jallieu;45.59;5.28;24/07/2026;16:00;31.1;0;SOLEIL;5;28.1;0
Bourgoin-Jallieu;45.59;5.28;24/07/2026;17:00;30.7;0;SOLEIL;5;25.9;0
Bourgoin-Jallieu;45.59;5.28;24/07/2026;18:00;30.7;0;SOLEIL;5;24.1;0
Bourgoin-Jallieu;45.59;5.28;24/07/2026;19:00;30.7;0;SOLEIL;5;23.0;0
Bourgoin-Jallieu;45.59;5.28;24/07/2026;20:00;25.3;0;SOLEIL;5;22.7;0
Bourgoin-Jallieu;45.59;5.28;24/07/2026;21:00;23.9;0;SOLEIL;5;23.8;0
Bourgoin-Jallieu;45.59;5.28;24/07/2026;22:00;22.4;0;SOLEIL;5;26.3;0
Bourgoin-Jallieu;45.59;5.28;24/07/2026;23:00;23.1;0;SOLEIL;2;29.2;0
Bourgoin-Jallieu;45.59;5.28;25/07/2026;00:00;23.1;0;SOLEIL;2;32.0;0
Bourgoin-Jallieu;45.59;5.28;25/07/2026;01:00;23.1;0;SOLEIL;2;34.6;0
Bourgoin-Jallieu;45.59;5.28;25/07/2026;02:00;19.6;0;SOLEIL;5;36.4;0
Bourgoin-Jallieu;45.59;5.28;25/07/2026;03:00;19.6;0;SOLEIL;5;36.7;0
Bourgoin-Jallieu;45.59;5.28;25/07/2026;04:00;19.6;0;SOLEIL;5;36.0;0
Bourgoin-Jallieu;45.59;5.28;25/07/2026;05:00;21.1;0;SOLEIL;3;34.9;0
Bourgoin-Jallieu;45.59;5.28;25/07/2026;06:00;21.1;0;SOLEIL;3;33.8;0
Bourgoin-Jallieu;45.59;5.28;25/07/2026;07:00;21.1;0;SOLEIL;3;33.5;0
Bourgoin-Jallieu;45.59;5.28;25/07/2026;08:00;22.9;0;SOLEIL;5;34.6;0
Bourgoin-Jallieu;45.59;5.28;25/07/2026;09:00;24.6;0;SOLEIL;5;37.4;0
Bourgoin-Jallieu;45.59;5.28;25/07/2026;10:00;26.3;0;SOLEIL;5;41.8;0
Bourgoin-Jallieu;45.59;5.28;25/07/2026;11:00;33.5;0;SOLEIL;7;46.8;0
Bourgoin-Jallieu;45.59;5.28;25/07/2026;12:00;33.5;0;SOLEIL;7;51.8;0
Bourgoin-Jallieu;45.59;5.28;25/07/2026;13:00;33.5;0;SOLEIL;7;56.5;0
Bourgoin-Jallieu;45.59;5.28;25/07/2026;14:00;32.9;0;SOLEIL;5;59.8;0
Bourgoin-Jallieu;45.59;5.28;25/07/2026;15:00;34.6;0;SOLEIL;5;61.9;0
Bourgoin-Jallieu;45.59;5.28;25/07/2026;16:00;32.9;0;SOLEIL;5;63.0;0
Bourgoin-Jallieu;45.59;5.28;25/07/2026;17:00;28.7;0;SOLEIL;6;63.7;0
Bourgoin-Jallieu;45.59;5.28;25/07/2026;18:00;28.7;0;SOLEIL;6;64.1;0
Bourgoin-Jallieu;45.59;5.28;25/07/2026;19:00;28.7;0;SOLEIL;6;63.7;0
Bourgoin-Jallieu;45.59;5.28;25/07/2026;20:00;26.3;0;SOLEIL;5;63.4;0
Bourgoin-Jallieu;45.59;5.28;25/07/2026;21:00;24.6;0;SOLEIL;5;62.3;0
Bourgoin-Jallieu;45.59;5.28;25/07/2026;22:00;22.9;0;SOLEIL;5;61.2;0
Bourgoin-Jallieu;45.59;5.28;25/07/2026;23:00;22.1;0;SOLEIL;4;59.4;0
Bourgoin-Jallieu;45.59;5.28;26/07/2026;00:00;22.1;0;SOLEIL;4;57.2;0
Bourgoin-Jallieu;45.59;5.28;26/07/2026;01:00;22.1;0;SOLEIL;4;54.7;0
Bourgoin-Jallieu;45.59;5.28;26/07/2026;02:00;19.7;0;SOLEIL;5;52.2;0
Bourgoin-Jallieu;45.59;5.28;26/07/2026;03:00;19.7;0;SOLEIL;5;49.3;0
Bourgoin-Jallieu;45.59;5.28;26/07/2026;04:00;19.7;0;SOLEIL;5;45.7;0
Bourgoin-Jallieu;45.59;5.28;26/07/2026;05:00;;0;SOLEIL;;42.1;0
Bourgoin-Jallieu;45.59;5.28;26/07/2026;06:00;;0;SOLEIL;;38.5;0
Bourgoin-Jallieu;45.59;5.28;26/07/2026;07:00;;0;SOLEIL;;35.3;0
Bourgoin-Jallieu;45.59;5.28;26/07/2026;08:00;22.2;0;SOLEIL;5;32.4;0
Bourgoin-Jallieu;45.59;5.28;26/07/2026;09:00;23.5;0;SOLEIL;5;29.9;0
Bourgoin-Jallieu;45.59;5.28;26/07/2026;10:00;24.8;0;SOLEIL;5;27.0;0
Bourgoin-Jallieu;45.59;5.28;26/07/2026;11:00;;0;SOLEIL;;24.8;0
Bourgoin-Jallieu;45.59;5.28;26/07/2026;12:00;;0;SOLEIL;;23.0;0
Bourgoin-Jallieu;45.59;5.28;26/07/2026;13:00;;0;SOLEIL;;22.0;0
Bourgoin-Jallieu;45.59;5.28;26/07/2026;14:00;29.8;0;SOLEIL;5;22.0;0
Bourgoin-Jallieu;45.59;5.28;26/07/2026;15:00;31.1;0;SOLEIL;5;23.8;0
Bourgoin-Jallieu;45.59;5.28;26/07/2026;16:00;29.8;0;SOLEIL;5;27.0;0
Bourgoin-Jallieu;45.59;5.28;26/07/2026;17:00;;0;SOLEIL;;31.3;0
Bourgoin-Jallieu;45.59;5.28;26/07/2026;18:00;;0;SOLEIL;;35.6;0
Bourgoin-Jallieu;45.59;5.28;26/07/2026;19:00;;0;SOLEIL;;39.2;0
Bourgoin-Jallieu;45.59;5.28;26/07/2026;20:00;24.8;0;SOLEIL;5;41.4;0
Bourgoin-Jallieu;45.59;5.28;26/07/2026;21:00;23.5;0;SOLEIL;5;42.1;0
Bourgoin-Jallieu;45.59;5.28;26/07/2026;22:00;22.2;0;SOLEIL;5;42.1;0
Bourgoin-Jallieu;45.59;5.28;26/07/2026;23:00;;0;SOLEIL;;41.0;0
Bourgoin-Jallieu;45.59;5.28;27/07/2026;00:00;;0;SOLEIL;;40.0;0
Bourgoin-Jallieu;45.59;5.28;27/07/2026;01:00;;0;SOLEIL;;38.5;0
Bourgoin-Jallieu;45.59;5.28;27/07/2026;02:00;18.9;0;SOLEIL;5;37.1;0
Bourgoin-Jallieu;45.59;5.28;27/07/2026;03:00;18.9;0;SOLEIL;5;35.3;0
Bourgoin-Jallieu;45.59;5.28;27/07/2026;04:00;18.9;0;SOLEIL;5;32.8;0
Bourgoin-Jallieu;45.59;5.28;27/07/2026;05:00;;0;SOLEIL;;30.2;0
Bourgoin-Jallieu;45.59;5.28;27/07/2026;06:00;;0;SOLEIL;;27.7;0
Bourgoin-Jallieu;45.59;5.28;27/07/2026;07:00;;0;SOLEIL;;26.3;0
Bourgoin-Jallieu;45.59;5.28;27/07/2026;08:00;21.5;0;SOLEIL;5;25.9;0
Bourgoin-Jallieu;45.59;5.28;27/07/2026;09:00;22.8;0;SOLEIL;5;27.4;0
Bourgoin-Jallieu;45.59;5.28;27/07/2026;10:00;24.1;0;SOLEIL;5;29.9;0
Bourgoin-Jallieu;45.59;5.28;27/07/2026;11:00;;0;SOLEIL;;33.5;0
Bourgoin-Jallieu;45.59;5.28;27/07/2026;12:00;;0;SOLEIL;;37.1;0
Bourgoin-Jallieu;45.59;5.28;27/07/2026;13:00;;0;SOLEIL;;40.3;0
Bourgoin-Jallieu;45.59;5.28;27/07/2026;14:00;29.2;0;SOLEIL;5;42.5;0
Bourgoin-Jallieu;45.59;5.28;27/07/2026;15:00;30.5;0;SOLEIL;5;43.6;0
Bourgoin-Jallieu;45.59;5.28;27/07/2026;16:00;29.2;0;SOLEIL;5;44.6;0
Bourgoin-Jallieu;45.59;5.28;27/07/2026;17:00;;0;SOLEIL;;45.0;0
Bourgoin-Jallieu;45.59;5.28;27/07/2026;18:00;;0;SOLEIL;;44.6;0
Bourgoin-Jallieu;45.59;5.28;27/07/2026;19:00;;0;SOLEIL;;44.3;0
Bourgoin-Jallieu;45.59;5.28;27/07/2026;20:00;24.1;0;SOLEIL;5;43.6;0
Bourgoin-Jallieu;45.59;5.28;27/07/2026;21:00;22.8;0;SOLEIL;5;42.1;0
Bourgoin-Jallieu;45.59;5.28;27/07/2026;22:00;21.5;0;SOLEIL;5;40.0;0
Bourgoin-Jallieu;45.59;5.28;27/07/2026;23:00;;0;SOLEIL;;37.4;0
Bourgoin-Jallieu;45.59;5.28;28/07/2026;00:00;;0;SOLEIL;;34.9;0
Bourgoin-Jallieu;45.59;5.28;28/07/2026;01:00;;0;SOLEIL;;32.8;0
Bourgoin-Jallieu;45.59;5.28;28/07/2026;02:00;18.9;0;SOLEIL;5;31.3;0
Bourgoin-Jallieu;45.59;5.28;28/07/2026;03:00;18.9;0;SOLEIL;5;30.2;0
Bourgoin-Jallieu;45.59;5.28;28/07/2026;04:00;18.9;0;SOLEIL;5;29.9;0
Bourgoin-Jallieu;45.59;5.28;28/07/2026;05:00;;0;SOLEIL;;29.5;0
Bourgoin-Jallieu;45.59;5.28;28/07/2026;06:00;;0;SOLEIL;;29.5;0
Bourgoin-Jallieu;45.59;5.28;28/07/2026;07:00;;0;SOLEIL;;29.9;0
Bourgoin-Jallieu;45.59;5.28;28/07/2026;08:00;21.7;0;SOLEIL;5;30.6;0
Bourgoin-Jallieu;45.59;5.28;28/07/2026;09:00;23.1;0;SOLEIL;5;31.7;0
Bourgoin-Jallieu;45.59;5.28;28/07/2026;10:00;24.5;0;SOLEIL;5;33.5;0
Bourgoin-Jallieu;45.59;5.28;28/07/2026;11:00;;0;SOLEIL;;35.3;0
Bourgoin-Jallieu;45.59;5.28;28/07/2026;12:00;;0;SOLEIL;;37.4;0
Bourgoin-Jallieu;45.59;5.28;28/07/2026;13:00;;0;SOLEIL;;39.6;0
Bourgoin-Jallieu;45.59;5.28;28/07/2026;14:00;30.2;0;SOLEIL;5;41.4;0
Bourgoin-Jallieu;45.59;5.28;28/07/2026;15:00;31.6;0;SOLEIL;5;43.2;0
Bourgoin-Jallieu;45.59;5.28;28/07/2026;16:00;30.2;0;SOLEIL;5;45.4;0
Bourgoin-Jallieu;45.59;5.28;28/07/2026;17:00;;0;SOLEIL;;47.5;0
Bourgoin-Jallieu;45.59;5.28;28/07/2026;18:00;;0;SOLEIL;;49.3;0
Bourgoin-Jallieu;45.59;5.28;28/07/2026;19:00;;0;SOLEIL;;50.8;0
Bourgoin-Jallieu;45.59;5.28;28/07/2026;20:00;24.5;0;SOLEIL;5;51.1;0
Bourgoin-Jallieu;45.59;5.28;28/07/2026;21:00;23.1;0;SOLEIL;5;50.8;0
Bourgoin-Jallieu;45.59;5.28;28/07/2026;22:00;21.7;0;SOLEIL;5;49.3;0
Bourgoin-Jallieu;45.59;5.28;28/07/2026;23:00;;0;SOLEIL;;47.9;0
Bourgoin-Jallieu;45.59;5.28;29/07/2026;00:00;;0;SOLEIL;;45.7;0
Bourgoin-Jallieu;45.59;5.28;29/07/2026;01:00;;0;SOLEIL;;43.6;0
Bourgoin-Jallieu;45.59;5.28;29/07/2026;02:00;19.4;0;SOLEIL;5;41.4;0
Bourgoin-Jallieu;45.59;5.28;29/07/2026;03:00;19.4;0;SOLEIL;5;38.9;0
Bourgoin-Jallieu;45.59;5.28;29/07/2026;04:00;19.4;0;SOLEIL;5;36.0;0
Bourgoin-Jallieu;45.59;5.28;29/07/2026;05:00;;0;SOLEIL;;33.1;0
Bourgoin-Jallieu;45.59;5.28;29/07/2026;06:00;;0;SOLEIL;;30.2;0
Bourgoin-Jallieu;45.59;5.28;29/07/2026;07:00;;0;SOLEIL;;28.4;0
Bourgoin-Jallieu;45.59;5.28;29/07/2026;08:00;22.0;0;SOLEIL;5;27.4;0
Bourgoin-Jallieu;45.59;5.28;29/07/2026;09:00;23.3;0;SOLEIL;5;27.7;0
Bourgoin-Jallieu;45.59;5.28;29/07/2026;10:00;24.6;0;SOLEIL;5;29.2;0
Bourgoin-Jallieu;45.59;5.28;29/07/2026;11:00;;0;SOLEIL;;31.7;0
Bourgoin-Jallieu;45.59;5.28;29/07/2026;12:00;;0;SOLEIL;;33.8;0
Bourgoin-Jallieu;45.59;5.28;29/07/2026;13:00;;0;SOLEIL;;36.0;0
Bourgoin-Jallieu;45.59;5.28;29/07/2026;14:00;29.7;0;SOLEIL;5;37.4;0
Bourgoin-Jallieu;45.59;5.28;29/07/2026;15:00;31.0;0;SOLEIL;5;38.2;0
Bourgoin-Jallieu;45.59;5.28;29/07/2026;16:00;29.7;0;SOLEIL;5;38.2;0
Bourgoin-Jallieu;45.59;5.28;29/07/2026;17:00;;0;SOLEIL;;37.8;0
Bourgoin-Jallieu;45.59;5.28;29/07/2026;18:00;;0;SOLEIL;;37.8;0
Bourgoin-Jallieu;45.59;5.28;29/07/2026;19:00;;0;SOLEIL;;37.4;0
Bourgoin-Jallieu;45.59;5.28;29/07/2026;20:00;24.6;0;SOLEIL;5;37.4;0
Bourgoin-Jallieu;45.59;5.28;29/07/2026;21:00;23.3;0;SOLEIL;5;37.4;0
Bourgoin-Jallieu;45.59;5.28;29/07/2026;22:00;22.0;0;SOLEIL;5;37.8;0
Bourgoin-Jallieu;45.59;5.28;29/07/2026;23:00;;0;SOLEIL;;37.8;0
Bourgoin-Jallieu;45.59;5.28;30/07/2026;00:00;;0;SOLEIL;;38.2;0
Bourgoin-Jallieu;45.59;5.28;30/07/2026;01:00;;0;SOLEIL;;38.5;0
Bourgoin-Jallieu;45.59;5.28;30/07/2026;02:00;19.6;0;SOLEIL;5;38.9;0
Bourgoin-Jallieu;45.59;5.28;30/07/2026;03:00;19.6;0;SOLEIL;5;39.6;0
Bourgoin-Jallieu;45.59;5.28;30/07/2026;04:00;19.6;0;SOLEIL;5;40.0;0
Bourgoin-Jallieu;45.59;5.28;30/07/2026;05:00;;0;SOLEIL;;40.7;0
Bourgoin-Jallieu;45.59;5.28;30/07/2026;06:00;;0;SOLEIL;;41.8;0
Bourgoin-Jallieu;45.59;5.28;30/07/2026;07:00;;0;SOLEIL;;42.8;0
Bourgoin-Jallieu;45.59;5.28;30/07/2026;08:00;22.3;0;SOLEIL;5;43.9;0
Bourgoin-Jallieu;45.59;5.28;30/07/2026;09:00;23.6;0;SOLEIL;5;45.4;0
Bourgoin-Jallieu;45.59;5.28;30/07/2026;10:00;24.9;0;SOLEIL;5;47.5;0
Bourgoin-Jallieu;45.59;5.28;30/07/2026;11:00;;0;SOLEIL;;49.7;0
Bourgoin-Jallieu;45.59;5.28;30/07/2026;12:00;;0;SOLEIL;;51.8;0
Bourgoin-Jallieu;45.59;5.28;30/07/2026;13:00;;0;SOLEIL;;53.6;0
Bourgoin-Jallieu;45.59;5.28;30/07/2026;14:00;30.3;0;SOLEIL;5;55.1;0
Bourgoin-Jallieu;45.59;5.28;30/07/2026;15:00;31.6;0;SOLEIL;5;56.2;0
Bourgoin-Jallieu;45.59;5.28;30/07/2026;16:00;30.3;0;SOLEIL;5;56.9;0
Bourgoin-Jallieu;45.59;5.28;30/07/2026;17:00;;0;SOLEIL;;57.2;0
Bourgoin-Jallieu;45.59;5.28;30/07/2026;18:00;;0;SOLEIL;;57.6;0
Bourgoin-Jallieu;45.59;5.28;30/07/2026;19:00;;0;SOLEIL;;57.2;0
Bourgoin-Jallieu;45.59;5.28;30/07/2026;20:00;24.9;0;SOLEIL;5;56.9;0
Bourgoin-Jallieu;45.59;5.28;30/07/2026;21:00;23.6;0;SOLEIL;5;55.8;0
Bourgoin-Jallieu;45.59;5.28;30/07/2026;22:00;22.3;0;SOLEIL;5;54.0;0
Bourgoin-Jallieu;45.59;5.28;30/07/2026;23:00;20.9;0;SOLEIL;5;52.2;0
Bourgoin-Jallieu;45.59;5.28;31/07/2026;00:00;12;0;SOLEIL;5;46.6;0
Bourgoin-Jallieu;45.59;5.28;31/07/2026;01:00;12;0;SOLEIL;5;41.9;0
Bourgoin-Jallieu;45.59;5.28;31/07/2026;02:00;12;0;SOLEIL;5;38.0;0
Bourgoin-Jallieu;45.59;5.28;31/07/2026;03:00;12;0;SOLEIL;5;35.3;0
Bourgoin-Jallieu;45.59;5.28;31/07/2026;04:00;12;0;SOLEIL;5;35.6;0
Bourgoin-Jallieu;45.59;5.28;31/07/2026;05:00;12;0;SOLEIL;5;36.7;0
Bourgoin-Jallieu;45.59;5.28;31/07/2026;06:00;12;0;SOLEIL;5;38.5;0
Bourgoin-Jallieu;45.59;5.28;31/07/2026;07:00;13.1;0;SOLEIL;5;40.7;0
Bourgoin-Jallieu;45.59;5.28;31/07/2026;08:00;14.2;0;SOLEIL;5;42.5;0
Bourgoin-Jallieu;45.59;5.28;31/07/2026;09:00;15.3;0;SOLEIL;5;43.2;0
Bourgoin-Jallieu;45.59;5.28;31/07/2026;10:00;16.4;0;SOLEIL;5;43.6;0
Bourgoin-Jallieu;45.59;5.28;31/07/2026;11:00;17.6;0;SOLEIL;5;43.2;0
Bourgoin-Jallieu;45.59;5.28;31/07/2026;12:00;18.7;0;SOLEIL;5;41.8;0
Bourgoin-Jallieu;45.59;5.28;31/07/2026;13:00;19.8;0;SOLEIL;5;39.6;0
Bourgoin-Jallieu;45.59;5.28;31/07/2026;14:00;20.9;0;SOLEIL;5;37.8;0
Bourgoin-Jallieu;45.59;5.28;31/07/2026;15:00;22.0;0;SOLEIL;5;37.1;0
Bourgoin-Jallieu;45.59;5.28;31/07/2026;16:00;20.9;0;SOLEIL;5;37.1;0
Bourgoin-Jallieu;45.59;5.28;31/07/2026;17:00;19.8;0;SOLEIL;5;37.4;0
Bourgoin-Jallieu;45.59;5.28;31/07/2026;18:00;18.7;0;SOLEIL;5;38.5;0
Bourgoin-Jallieu;45.59;5.28;31/07/2026;19:00;17.6;0;SOLEIL;5;39.6;0
Bourgoin-Jallieu;45.59;5.28;31/07/2026;20:00;16.4;0;SOLEIL;5;38.9;0
Bourgoin-Jallieu;45.59;5.28;31/07/2026;21:00;15.3;0;SOLEIL;5;35.3;0
Bourgoin-Jallieu;45.59;5.28;31/07/2026;22:00;14.2;0;SOLEIL;5;29.9;0
Bourgoin-Jallieu;45.59;5.28;31/07/2026;23:00;13.1;0;SOLEIL;5;24.8;0
Bourgoin-Jallieu;45.59;5.28;01/08/2026;00:00;12;0;SOLEIL;5;0.0;0
Bourgoin-Jallieu;45.59;5.28;01/08/2026;01:00;12;0;SOLEIL;5;0.0;0
Bourgoin-Jallieu;45.59;5.28;01/08/2026;02:00;12;0;SOLEIL;5;0.0;0
Bourgoin-Jallieu;45.59;5.28;01/08/2026;03:00;12;0;SOLEIL;5;0.0;0
Bourgoin-Jallieu;45.59;5.28;01/08/2026;04:00;12;0;SOLEIL;5;0.0;0
Bourgoin-Jallieu;45.59;5.28;01/08/2026;05:00;12;0;SOLEIL;5;0.0;0
Bourgoin-Jallieu;45.59;5.28;01/08/2026;06:00;12;0;SOLEIL;5;0.0;0
Bourgoin-Jallieu;45.59;5.28;01/08/2026;07:00;13.1;0;SOLEIL;5;0.0;0
Bourgoin-Jallieu;45.59;5.28;01/08/2026;08:00;14.2;0;SOLEIL;5;0.0;0
Bourgoin-Jallieu;45.59;5.28;01/08/2026;09:00;15.3;0;SOLEIL;5;0.0;0
Bourgoin-Jallieu;45.59;5.28;01/08/2026;10:00;16.4;0;SOLEIL;5;0.0;0
Bourgoin-Jallieu;45.59;5.28;01/08/2026;11:00;17.6;0;SOLEIL;5;0.0;0
Bourgoin-Jallieu;45.59;5.28;01/08/2026;12:00;18.7;0;SOLEIL;5;0.0;0
Bourgoin-Jallieu;45.59;5.28;01/08/2026;13:00;19.8;0;SOLEIL;5;0.0;0
Bourgoin-Jallieu;45.59;5.28;01/08/2026;14:00;20.9;0;SOLEIL;5;0.0;0
Bourgoin-Jallieu;45.59;5.28;01/08/2026;15:00;22.0;0;SOLEIL;5;0.0;0
Bourgoin-Jallieu;45.59;5.28;01/08/2026;16:00;20.9;0;SOLEIL;5;0.0;0
Bourgoin-Jallieu;45.59;5.28;01/08/2026;17:00;19.8;0;SOLEIL;5;0.0;0
Bourgoin-Jallieu;45.59;5.28;01/08/2026;18:00;18.7;0;SOLEIL;5;0.0;0
Bourgoin-Jallieu;45.59;5.28;01/08/2026;19:00;17.6;0;SOLEIL;5;0.0;0
Bourgoin-Jallieu;45.59;5.28;01/08/2026;20:00;16.4;0;SOLEIL;5;0.0;0
Bourgoin-Jallieu;45.59;5.28;01/08/2026;21:00;15.3;0;SOLEIL;5;0.0;0
Bourgoin-Jallieu;45.59;5.28;01/08/2026;22:00;14.2;0;SOLEIL;5;0.0;0
Bourgoin-Jallieu;45.59;5.28;01/08/2026;23:00;13.1;0;SOLEIL;5;0.0;0
Grenoble;45.18;5.72;17/07/2026;00:00;21;10;ORAGEUX;4;33.8;7.8
Grenoble;45.18;5.72;17/07/2026;01:00;20.5;10;ORAGEUX;3;19.8;0.1
Grenoble;45.18;5.72;17/07/2026;02:00;20.7;6;AVERSES;3;31.0;0.3
Grenoble;45.18;5.72;17/07/2026;03:00;21;2;NUAGEUX;3;27.7;0
Grenoble;45.18;5.72;17/07/2026;04:00;21.1;0;SOLEIL;2;23.0;0
Grenoble;45.18;5.72;17/07/2026;05:00;21.1;0;SOLEIL;3;17.6;0
Grenoble;45.18;5.72;17/07/2026;06:00;21.6;0;SOLEIL;1;20.2;0
Grenoble;45.18;5.72;17/07/2026;07:00;23;0;SOLEIL;2;8.6;0
Grenoble;45.18;5.72;17/07/2026;08:00;25.4;0;SOLEIL;1;5.8;0
Grenoble;45.18;5.72;17/07/2026;09:00;26.5;0;SOLEIL;2;7.6;0
Grenoble;45.18;5.72;17/07/2026;10:00;27.6;0;SOLEIL;2;8.6;0
Grenoble;45.18;5.72;17/07/2026;11:00;29.1;6;AVERSES;3;14.4;0.1
Grenoble;45.18;5.72;17/07/2026;12:00;29.6;0;SOLEIL;3;22.7;0
Grenoble;45.18;5.72;17/07/2026;13:00;31.2;0;SOLEIL;3;24.5;0
Grenoble;45.18;5.72;17/07/2026;14:00;30.9;0;SOLEIL;3;31.7;0
Grenoble;45.18;5.72;17/07/2026;15:00;29.7;10;ORAGEUX;3;29.9;0
Grenoble;45.18;5.72;17/07/2026;16:00;28.6;10;ORAGEUX;3;28.1;0
Grenoble;45.18;5.72;17/07/2026;17:00;28.1;10;ORAGEUX;3;28.4;0
Grenoble;45.18;5.72;17/07/2026;18:00;27.4;10;ORAGEUX;2;53.6;0.1
Grenoble;45.18;5.72;17/07/2026;19:00;25.9;10;ORAGEUX;2;34.2;0.2
Grenoble;45.18;5.72;17/07/2026;20:00;24.2;10;ORAGEUX;2;22.0;0.1
Grenoble;45.18;5.72;17/07/2026;21:00;23.9;0;SOLEIL;1;14.4;0
Grenoble;45.18;5.72;17/07/2026;22:00;23.9;0;SOLEIL;1;9.4;0
Grenoble;45.18;5.72;17/07/2026;23:00;22.6;0;SOLEIL;1;5.0;0
Grenoble;45.18;5.72;18/07/2026;00:00;21.9;0;SOLEIL;1;4.7;0
Grenoble;45.18;5.72;18/07/2026;01:00;21.9;0;SOLEIL;1;7.2;0
Grenoble;45.18;5.72;18/07/2026;02:00;19.1;0;SOLEIL;1;7.9;0
Grenoble;45.18;5.72;18/07/2026;03:00;19.1;0;SOLEIL;1;9.4;0
Grenoble;45.18;5.72;18/07/2026;04:00;19.1;0;SOLEIL;1;9.0;0
Grenoble;45.18;5.72;18/07/2026;05:00;19.9;0;SOLEIL;2;8.3;0
Grenoble;45.18;5.72;18/07/2026;06:00;19.9;0;SOLEIL;2;6.1;0
Grenoble;45.18;5.72;18/07/2026;07:00;19.9;0;SOLEIL;2;6.5;0
Grenoble;45.18;5.72;18/07/2026;08:00;24.6;0;SOLEIL;2;4.0;0
Grenoble;45.18;5.72;18/07/2026;09:00;24.6;0;SOLEIL;2;8.3;0
Grenoble;45.18;5.72;18/07/2026;10:00;24.6;0;SOLEIL;2;12.2;0
Grenoble;45.18;5.72;18/07/2026;11:00;28.1;0;SOLEIL;3;13.7;0
Grenoble;45.18;5.72;18/07/2026;12:00;28.1;0;SOLEIL;3;17.5;0
Grenoble;45.18;5.72;18/07/2026;13:00;28.1;0;SOLEIL;3;20.7;0
Grenoble;45.18;5.72;18/07/2026;14:00;29.1;0;SOLEIL;3;22.9;0
Grenoble;45.18;5.72;18/07/2026;15:00;29.1;0;SOLEIL;3;22.3;0
Grenoble;45.18;5.72;18/07/2026;16:00;29.1;0;SOLEIL;3;22.0;0
Grenoble;45.18;5.72;18/07/2026;17:00;27.5;0;SOLEIL;2;22.3;0
Grenoble;45.18;5.72;18/07/2026;18:00;27.5;0;SOLEIL;2;23.4;0
Grenoble;45.18;5.72;18/07/2026;19:00;27.5;0;SOLEIL;2;22.3;0
Grenoble;45.18;5.72;18/07/2026;20:00;23.6;0;SOLEIL;1;22.0;0
Grenoble;45.18;5.72;18/07/2026;21:00;23.6;0;SOLEIL;1;19.8;0
Grenoble;45.18;5.72;18/07/2026;22:00;23.6;0;SOLEIL;1;16.9;0
Grenoble;45.18;5.72;18/07/2026;23:00;20.6;0;SOLEIL;2;11.5;0
Grenoble;45.18;5.72;19/07/2026;00:00;20.6;0;SOLEIL;2;8.3;0
Grenoble;45.18;5.72;19/07/2026;01:00;20.6;0;SOLEIL;2;8.6;0
Grenoble;45.18;5.72;19/07/2026;02:00;19.1;0;SOLEIL;1;9.0;0
Grenoble;45.18;5.72;19/07/2026;03:00;19.1;0;SOLEIL;1;8.3;0
Grenoble;45.18;5.72;19/07/2026;04:00;19.1;0;SOLEIL;1;6.1;0
Grenoble;45.18;5.72;19/07/2026;05:00;19.9;0;SOLEIL;1;4.3;0
Grenoble;45.18;5.72;19/07/2026;06:00;19.9;0;SOLEIL;1;4.7;0
Grenoble;45.18;5.72;19/07/2026;07:00;19.9;0;SOLEIL;1;4.3;0
Grenoble;45.18;5.72;19/07/2026;08:00;24.6;0;SOLEIL;2;4.3;0
Grenoble;45.18;5.72;19/07/2026;09:00;24.6;0;SOLEIL;2;8.3;0
Grenoble;45.18;5.72;19/07/2026;10:00;24.6;0;SOLEIL;2;17.3;0
Grenoble;45.18;5.72;19/07/2026;11:00;26.7;0;SOLEIL;4;26.6;0
Grenoble;45.18;5.72;19/07/2026;12:00;26.7;0;SOLEIL;4;31.3;0
Grenoble;45.18;5.72;19/07/2026;13:00;26.7;0;SOLEIL;4;33.1;0
Grenoble;45.18;5.72;19/07/2026;14:00;27.4;0;SOLEIL;4;34.2;0
Grenoble;45.18;5.72;19/07/2026;15:00;27.4;0;SOLEIL;4;34.9;0
Grenoble;45.18;5.72;19/07/2026;16:00;27.4;0;SOLEIL;4;36.4;0
Grenoble;45.18;5.72;19/07/2026;17:00;26;0;SOLEIL;4;37.4;0
Grenoble;45.18;5.72;19/07/2026;18:00;26;0;SOLEIL;4;37.8;0
Grenoble;45.18;5.72;19/07/2026;19:00;26;0;SOLEIL;4;36.0;0
Grenoble;45.18;5.72;19/07/2026;20:00;22.3;0;SOLEIL;5;32.4;0
Grenoble;45.18;5.72;19/07/2026;21:00;21.2;0;SOLEIL;5;27.4;0
Grenoble;45.18;5.72;19/07/2026;22:00;20.0;0;SOLEIL;5;20.9;0
Grenoble;45.18;5.72;19/07/2026;23:00;18.9;0;SOLEIL;2;16.2;0
Grenoble;45.18;5.72;20/07/2026;00:00;18.9;0;SOLEIL;2;14.0;0
Grenoble;45.18;5.72;20/07/2026;01:00;18.9;0;SOLEIL;2;13.7;0
Grenoble;45.18;5.72;20/07/2026;02:00;16.5;0;SOLEIL;5;13.3;0
Grenoble;45.18;5.72;20/07/2026;03:00;16.5;0;SOLEIL;5;12.6;0
Grenoble;45.18;5.72;20/07/2026;04:00;16.5;0;SOLEIL;5;11.9;0
Grenoble;45.18;5.72;20/07/2026;05:00;17.5;0;SOLEIL;3;11.5;0
Grenoble;45.18;5.72;20/07/2026;06:00;17.5;0;SOLEIL;3;11.9;0
Grenoble;45.18;5.72;20/07/2026;07:00;17.5;0;SOLEIL;3;12.6;0
Grenoble;45.18;5.72;20/07/2026;08:00;19.3;0;SOLEIL;5;14.4;0
Grenoble;45.18;5.72;20/07/2026;09:00;20.7;0;SOLEIL;5;17.6;0
Grenoble;45.18;5.72;20/07/2026;10:00;22.1;0;SOLEIL;5;22.0;0
Grenoble;45.18;5.72;20/07/2026;11:00;27.5;0;SOLEIL;4;25.6;0
Grenoble;45.18;5.72;20/07/2026;12:00;27.5;0;SOLEIL;4;28.4;0
Grenoble;45.18;5.72;20/07/2026;13:00;27.5;0;SOLEIL;4;30.6;0
Grenoble;45.18;5.72;20/07/2026;14:00;27.8;0;SOLEIL;5;33.1;0
Grenoble;45.18;5.72;20/07/2026;15:00;29.2;0;SOLEIL;5;36.4;0
Grenoble;45.18;5.72;20/07/2026;16:00;27.8;0;SOLEIL;5;39.2;0
Grenoble;45.18;5.72;20/07/2026;17:00;26;0;SOLEIL;5;41.4;0
Grenoble;45.18;5.72;20/07/2026;18:00;26;0;SOLEIL;5;42.1;0
Grenoble;45.18;5.72;20/07/2026;19:00;26;0;SOLEIL;5;41.4;0
Grenoble;45.18;5.72;20/07/2026;20:00;22.1;0;SOLEIL;5;40.0;0
Grenoble;45.18;5.72;20/07/2026;21:00;20.7;0;SOLEIL;5;36.7;0
Grenoble;45.18;5.72;20/07/2026;22:00;19.3;0;SOLEIL;5;32.4;0
Grenoble;45.18;5.72;20/07/2026;23:00;18.9;0;SOLEIL;3;28.1;0
Grenoble;45.18;5.72;21/07/2026;00:00;18.9;0;SOLEIL;3;23.8;0
Grenoble;45.18;5.72;21/07/2026;01:00;18.9;0;SOLEIL;3;19.4;0
Grenoble;45.18;5.72;21/07/2026;02:00;15.6;0;SOLEIL;5;15.8;0
Grenoble;45.18;5.72;21/07/2026;03:00;15.6;0;SOLEIL;5;13.7;0
Grenoble;45.18;5.72;21/07/2026;04:00;15.6;0;SOLEIL;5;12.2;0
Grenoble;45.18;5.72;21/07/2026;05:00;16.6;0;SOLEIL;3;11.5;0
Grenoble;45.18;5.72;21/07/2026;06:00;16.6;0;SOLEIL;3;10.8;0
Grenoble;45.18;5.72;21/07/2026;07:00;16.6;0;SOLEIL;3;10.8;0
Grenoble;45.18;5.72;21/07/2026;08:00;18.6;0;SOLEIL;5;11.9;0
Grenoble;45.18;5.72;21/07/2026;09:00;20.1;0;SOLEIL;5;14.0;0
Grenoble;45.18;5.72;21/07/2026;10:00;21.6;0;SOLEIL;5;16.9;0
Grenoble;45.18;5.72;21/07/2026;11:00;27.6;0;SOLEIL;5;20.9;0
Grenoble;45.18;5.72;21/07/2026;12:00;27.6;0;SOLEIL;5;27.1;0
Grenoble;45.18;5.72;21/07/2026;13:00;27.6;0;SOLEIL;5;35.1;0
Grenoble;45.18;5.72;21/07/2026;14:00;27.7;0;SOLEIL;5;41.9;0
Grenoble;45.18;5.72;21/07/2026;15:00;29.2;0;SOLEIL;5;47.2;0
Grenoble;45.18;5.72;21/07/2026;16:00;27.7;0;SOLEIL;5;49.3;0
Grenoble;45.18;5.72;21/07/2026;17:00;26;0;SOLEIL;5;50.0;0
Grenoble;45.18;5.72;21/07/2026;18:00;26;0;SOLEIL;5;49.0;0
Grenoble;45.18;5.72;21/07/2026;19:00;26;0;SOLEIL;5;46.1;0
Grenoble;45.18;5.72;21/07/2026;20:00;21.6;0;SOLEIL;5;42.1;0
Grenoble;45.18;5.72;21/07/2026;21:00;20.1;0;SOLEIL;5;37.1;0
Grenoble;45.18;5.72;21/07/2026;22:00;18.6;0;SOLEIL;5;30.6;0
Grenoble;45.18;5.72;21/07/2026;23:00;18.7;0;SOLEIL;0;25.2;0
Grenoble;45.18;5.72;22/07/2026;00:00;18.7;0;SOLEIL;0;20.9;0
Grenoble;45.18;5.72;22/07/2026;01:00;18.7;0;SOLEIL;0;16.9;0
Grenoble;45.18;5.72;22/07/2026;02:00;15.9;0;SOLEIL;5;14.0;0
Grenoble;45.18;5.72;22/07/2026;03:00;15.9;0;SOLEIL;5;12.6;0
Grenoble;45.18;5.72;22/07/2026;04:00;15.9;0;SOLEIL;5;12.2;0
Grenoble;45.18;5.72;22/07/2026;05:00;16.9;0;SOLEIL;2;11.5;0
Grenoble;45.18;5.72;22/07/2026;06:00;16.9;0;SOLEIL;2;10.1;0
Grenoble;45.18;5.72;22/07/2026;07:00;16.9;0;SOLEIL;2;8.3;0
Grenoble;45.18;5.72;22/07/2026;08:00;18.8;0;SOLEIL;5;7.6;0
Grenoble;45.18;5.72;22/07/2026;09:00;20.3;0;SOLEIL;5;7.9;0
Grenoble;45.18;5.72;22/07/2026;10:00;21.7;0;SOLEIL;5;9.0;0
Grenoble;45.18;5.72;22/07/2026;11:00;27.2;0;SOLEIL;4;11.2;0
Grenoble;45.18;5.72;22/07/2026;12:00;27.2;0;SOLEIL;4;14.8;0
Grenoble;45.18;5.72;22/07/2026;13:00;27.2;0;SOLEIL;4;19.4;0
Grenoble;45.18;5.72;22/07/2026;14:00;27.5;0;SOLEIL;5;23.0;0
Grenoble;45.18;5.72;22/07/2026;15:00;29.0;0;SOLEIL;5;24.8;0
Grenoble;45.18;5.72;22/07/2026;16:00;27.5;0;SOLEIL;5;25.2;0
Grenoble;45.18;5.72;22/07/2026;17:00;25.7;0;SOLEIL;0;25.6;0
Grenoble;45.18;5.72;22/07/2026;18:00;25.7;0;SOLEIL;0;25.9;0
Grenoble;45.18;5.72;22/07/2026;19:00;25.7;0;SOLEIL;0;26.3;0
Grenoble;45.18;5.72;22/07/2026;20:00;21.7;0;SOLEIL;5;24.8;0
Grenoble;45.18;5.72;22/07/2026;21:00;20.3;0;SOLEIL;5;20.9;0
Grenoble;45.18;5.72;22/07/2026;22:00;18.8;0;SOLEIL;5;15.8;0
Grenoble;45.18;5.72;22/07/2026;23:00;20.2;0;SOLEIL;3;11.9;0
Grenoble;45.18;5.72;23/07/2026;00:00;20.2;0;SOLEIL;3;10.4;0
Grenoble;45.18;5.72;23/07/2026;01:00;20.2;0;SOLEIL;3;10.1;0
Grenoble;45.18;5.72;23/07/2026;02:00;17.1;0;SOLEIL;5;9.4;0
Grenoble;45.18;5.72;23/07/2026;03:00;17.1;0;SOLEIL;5;7.9;0
Grenoble;45.18;5.72;23/07/2026;04:00;17.1;0;SOLEIL;5;6.1;0
Grenoble;45.18;5.72;23/07/2026;05:00;18.1;0;SOLEIL;3;5.0;0
Grenoble;45.18;5.72;23/07/2026;06:00;18.1;0;SOLEIL;3;5.4;0
Grenoble;45.18;5.72;23/07/2026;07:00;18.1;0;SOLEIL;3;6.1;0
Grenoble;45.18;5.72;23/07/2026;08:00;19.9;0;SOLEIL;5;7.6;0
Grenoble;45.18;5.72;23/07/2026;09:00;21.3;0;SOLEIL;5;9.0;0
Grenoble;45.18;5.72;23/07/2026;10:00;22.7;0;SOLEIL;5;11.2;0
Grenoble;45.18;5.72;23/07/2026;11:00;27.6;0;SOLEIL;6;14.0;0
Grenoble;45.18;5.72;23/07/2026;12:00;27.6;0;SOLEIL;6;18.7;0
Grenoble;45.18;5.72;23/07/2026;13:00;27.6;0;SOLEIL;6;24.8;0
Grenoble;45.18;5.72;23/07/2026;14:00;28.2;0;SOLEIL;5;29.5;0
Grenoble;45.18;5.72;23/07/2026;15:00;29.6;0;SOLEIL;5;32.8;0
Grenoble;45.18;5.72;23/07/2026;16:00;28.2;0;SOLEIL;5;34.9;0
Grenoble;45.18;5.72;23/07/2026;17:00;26.9;0;SOLEIL;5;35.6;0
Grenoble;45.18;5.72;23/07/2026;18:00;26.9;0;SOLEIL;5;34.9;0
Grenoble;45.18;5.72;23/07/2026;19:00;26.9;0;SOLEIL;5;32.8;0
Grenoble;45.18;5.72;23/07/2026;20:00;22.7;0;SOLEIL;5;29.5;0
Grenoble;45.18;5.72;23/07/2026;21:00;21.3;0;SOLEIL;5;24.1;0
Grenoble;45.18;5.72;23/07/2026;22:00;19.9;0;SOLEIL;5;17.6;0
Grenoble;45.18;5.72;23/07/2026;23:00;20.1;0;SOLEIL;2;12.6;0
Grenoble;45.18;5.72;24/07/2026;00:00;20.1;0;SOLEIL;2;17.0;0
Grenoble;45.18;5.72;24/07/2026;01:00;20.1;0;SOLEIL;2;22.1;0
Grenoble;45.18;5.72;24/07/2026;02:00;17.5;0;SOLEIL;5;26.6;0
Grenoble;45.18;5.72;24/07/2026;03:00;17.5;0;SOLEIL;5;29.5;0
Grenoble;45.18;5.72;24/07/2026;04:00;17.5;0;SOLEIL;5;25.2;0
Grenoble;45.18;5.72;24/07/2026;05:00;19.1;0;SOLEIL;2;20.5;0
Grenoble;45.18;5.72;24/07/2026;06:00;19.1;0;SOLEIL;2;16.2;0
Grenoble;45.18;5.72;24/07/2026;07:00;19.1;0;SOLEIL;2;12.6;0
Grenoble;45.18;5.72;24/07/2026;08:00;20.6;0;SOLEIL;5;10.4;0
Grenoble;45.18;5.72;24/07/2026;09:00;22.1;0;SOLEIL;5;10.1;0
Grenoble;45.18;5.72;24/07/2026;10:00;23.7;0;SOLEIL;5;11.2;0
Grenoble;45.18;5.72;24/07/2026;11:00;29.6;0;SOLEIL;4;13.0;0
Grenoble;45.18;5.72;24/07/2026;12:00;29.6;0;SOLEIL;4;15.1;0
Grenoble;45.18;5.72;24/07/2026;13:00;29.6;0;SOLEIL;4;17.3;0
Grenoble;45.18;5.72;24/07/2026;14:00;29.9;0;SOLEIL;5;18.4;0
Grenoble;45.18;5.72;24/07/2026;15:00;31.4;0;SOLEIL;5;18.7;0
Grenoble;45.18;5.72;24/07/2026;16:00;29.9;0;SOLEIL;5;19.1;0
Grenoble;45.18;5.72;24/07/2026;17:00;27.5;0;SOLEIL;4;19.1;0
Grenoble;45.18;5.72;24/07/2026;18:00;27.5;0;SOLEIL;4;19.1;0
Grenoble;45.18;5.72;24/07/2026;19:00;27.5;0;SOLEIL;4;19.1;0
Grenoble;45.18;5.72;24/07/2026;20:00;23.7;0;SOLEIL;5;19.1;0
Grenoble;45.18;5.72;24/07/2026;21:00;22.1;0;SOLEIL;5;19.1;0
Grenoble;45.18;5.72;24/07/2026;22:00;20.6;0;SOLEIL;5;19.4;0
Grenoble;45.18;5.72;24/07/2026;23:00;21.2;0;SOLEIL;2;19.8;0
Grenoble;45.18;5.72;25/07/2026;00:00;21.2;0;SOLEIL;2;19.8;0
Grenoble;45.18;5.72;25/07/2026;01:00;21.2;0;SOLEIL;2;20.2;0
Grenoble;45.18;5.72;25/07/2026;02:00;18.9;0;SOLEIL;5;20.2;0
Grenoble;45.18;5.72;25/07/2026;03:00;18.9;0;SOLEIL;5;20.2;0
Grenoble;45.18;5.72;25/07/2026;04:00;18.9;0;SOLEIL;5;19.4;0
Grenoble;45.18;5.72;25/07/2026;05:00;21;0;SOLEIL;2;19.1;0
Grenoble;45.18;5.72;25/07/2026;06:00;21;0;SOLEIL;2;18.7;0
Grenoble;45.18;5.72;25/07/2026;07:00;21;0;SOLEIL;2;19.1;0
Grenoble;45.18;5.72;25/07/2026;08:00;21.7;0;SOLEIL;5;20.2;0
Grenoble;45.18;5.72;25/07/2026;09:00;23.2;0;SOLEIL;5;22.3;0
Grenoble;45.18;5.72;25/07/2026;10:00;24.6;0;SOLEIL;5;24.8;0
Grenoble;45.18;5.72;25/07/2026;11:00;30.7;0;SOLEIL;6;28.4;0
Grenoble;45.18;5.72;25/07/2026;12:00;30.7;0;SOLEIL;6;32.0;0
Grenoble;45.18;5.72;25/07/2026;13:00;30.7;0;SOLEIL;6;35.6;0
Grenoble;45.18;5.72;25/07/2026;14:00;30.3;0;SOLEIL;5;38.9;0
Grenoble;45.18;5.72;25/07/2026;15:00;31.7;0;SOLEIL;5;42.5;0
Grenoble;45.18;5.72;25/07/2026;16:00;30.3;0;SOLEIL;5;46.1;0
Grenoble;45.18;5.72;25/07/2026;17:00;26.5;0;SOLEIL;6;50.0;0
Grenoble;45.18;5.72;25/07/2026;18:00;26.5;0;SOLEIL;6;53.3;0
Grenoble;45.18;5.72;25/07/2026;19:00;26.5;0;SOLEIL;6;56.2;0
Grenoble;45.18;5.72;25/07/2026;20:00;24.6;0;SOLEIL;5;57.6;0
Grenoble;45.18;5.72;25/07/2026;21:00;23.2;0;SOLEIL;5;58.0;0
Grenoble;45.18;5.72;25/07/2026;22:00;21.7;0;SOLEIL;5;57.2;0
Grenoble;45.18;5.72;25/07/2026;23:00;21;0;SOLEIL;5;55.8;0
Grenoble;45.18;5.72;26/07/2026;00:00;21;0;SOLEIL;5;53.6;0
Grenoble;45.18;5.72;26/07/2026;01:00;21;0;SOLEIL;5;51.8;0
Grenoble;45.18;5.72;26/07/2026;02:00;18.7;0;SOLEIL;5;49.7;0
Grenoble;45.18;5.72;26/07/2026;03:00;18.7;0;SOLEIL;5;47.5;0
Grenoble;45.18;5.72;26/07/2026;04:00;18.7;0;SOLEIL;5;45.0;0
Grenoble;45.18;5.72;26/07/2026;05:00;;0;SOLEIL;;42.5;0
Grenoble;45.18;5.72;26/07/2026;06:00;;0;SOLEIL;;40.0;0
Grenoble;45.18;5.72;26/07/2026;07:00;;0;SOLEIL;;37.4;0
Grenoble;45.18;5.72;26/07/2026;08:00;20.7;0;SOLEIL;5;34.9;0
Grenoble;45.18;5.72;26/07/2026;09:00;21.8;0;SOLEIL;5;32.4;0
Grenoble;45.18;5.72;26/07/2026;10:00;22.8;0;SOLEIL;5;29.9;0
Grenoble;45.18;5.72;26/07/2026;11:00;;0;SOLEIL;;27.0;0
Grenoble;45.18;5.72;26/07/2026;12:00;;0;SOLEIL;;24.8;0
Grenoble;45.18;5.72;26/07/2026;13:00;;0;SOLEIL;;23.4;0
Grenoble;45.18;5.72;26/07/2026;14:00;26.9;0;SOLEIL;5;22.7;0
Grenoble;45.18;5.72;26/07/2026;15:00;27.9;0;SOLEIL;5;23.4;0
Grenoble;45.18;5.72;26/07/2026;16:00;26.9;0;SOLEIL;5;25.9;0
Grenoble;45.18;5.72;26/07/2026;17:00;;0;SOLEIL;;28.8;0
Grenoble;45.18;5.72;26/07/2026;18:00;;0;SOLEIL;;31.7;0
Grenoble;45.18;5.72;26/07/2026;19:00;;0;SOLEIL;;33.8;0
Grenoble;45.18;5.72;26/07/2026;20:00;22.8;0;SOLEIL;5;34.6;0
Grenoble;45.18;5.72;26/07/2026;21:00;21.8;0;SOLEIL;5;33.5;0
Grenoble;45.18;5.72;26/07/2026;22:00;20.7;0;SOLEIL;5;31.3;0
Grenoble;45.18;5.72;26/07/2026;23:00;;0;SOLEIL;;28.4;0
Grenoble;45.18;5.72;27/07/2026;00:00;;0;SOLEIL;;25.6;0
Grenoble;45.18;5.72;27/07/2026;01:00;;0;SOLEIL;;22.3;0
Grenoble;45.18;5.72;27/07/2026;02:00;18.4;0;SOLEIL;5;20.2;0
Grenoble;45.18;5.72;27/07/2026;03:00;18.4;0;SOLEIL;5;18.4;0
Grenoble;45.18;5.72;27/07/2026;04:00;18.4;0;SOLEIL;5;16.2;0
Grenoble;45.18;5.72;27/07/2026;05:00;;0;SOLEIL;;14.4;0
Grenoble;45.18;5.72;27/07/2026;06:00;;0;SOLEIL;;13.0;0
Grenoble;45.18;5.72;27/07/2026;07:00;;0;SOLEIL;;12.2;0
Grenoble;45.18;5.72;27/07/2026;08:00;20.7;0;SOLEIL;5;12.2;0
Grenoble;45.18;5.72;27/07/2026;09:00;21.9;0;SOLEIL;5;13.3;0
Grenoble;45.18;5.72;27/07/2026;10:00;23.1;0;SOLEIL;5;15.5;0
Grenoble;45.18;5.72;27/07/2026;11:00;;0;SOLEIL;;18.4;0
Grenoble;45.18;5.72;27/07/2026;12:00;;0;SOLEIL;;21.2;0
Grenoble;45.18;5.72;27/07/2026;13:00;;0;SOLEIL;;23.4;0
Grenoble;45.18;5.72;27/07/2026;14:00;27.7;0;SOLEIL;5;24.8;0
Grenoble;45.18;5.72;27/07/2026;15:00;28.9;0;SOLEIL;5;25.2;0
Grenoble;45.18;5.72;27/07/2026;16:00;27.7;0;SOLEIL;5;24.8;0
Grenoble;45.18;5.72;27/07/2026;17:00;;0;SOLEIL;;24.1;0
Grenoble;45.18;5.72;27/07/2026;18:00;;0;SOLEIL;;23.0;0
Grenoble;45.18;5.72;27/07/2026;19:00;;0;SOLEIL;;22.0;0
Grenoble;45.18;5.72;27/07/2026;20:00;23.1;0;SOLEIL;5;20.9;0
Grenoble;45.18;5.72;27/07/2026;21:00;21.9;0;SOLEIL;5;19.8;0
Grenoble;45.18;5.72;27/07/2026;22:00;20.7;0;SOLEIL;5;18.7;0
Grenoble;45.18;5.72;27/07/2026;23:00;;0;SOLEIL;;17.6;0
Grenoble;45.18;5.72;28/07/2026;00:00;;0;SOLEIL;;16.6;0
Grenoble;45.18;5.72;28/07/2026;01:00;;0;SOLEIL;;15.8;0
Grenoble;45.18;5.72;28/07/2026;02:00;17.5;0;SOLEIL;5;15.8;0
Grenoble;45.18;5.72;28/07/2026;03:00;17.5;0;SOLEIL;5;16.6;0
Grenoble;45.18;5.72;28/07/2026;04:00;17.5;0;SOLEIL;5;17.6;0
Grenoble;45.18;5.72;28/07/2026;05:00;;0;SOLEIL;;19.4;0
Grenoble;45.18;5.72;28/07/2026;06:00;;0;SOLEIL;;20.9;0
Grenoble;45.18;5.72;28/07/2026;07:00;;0;SOLEIL;;22.7;0
Grenoble;45.18;5.72;28/07/2026;08:00;20.1;0;SOLEIL;5;24.1;0
Grenoble;45.18;5.72;28/07/2026;09:00;21.4;0;SOLEIL;5;25.2;0
Grenoble;45.18;5.72;28/07/2026;10:00;22.7;0;SOLEIL;5;26.3;0
Grenoble;45.18;5.72;28/07/2026;11:00;;0;SOLEIL;;27.4;0
Grenoble;45.18;5.72;28/07/2026;12:00;;0;SOLEIL;;28.1;0
Grenoble;45.18;5.72;28/07/2026;13:00;;0;SOLEIL;;29.2;0
Grenoble;45.18;5.72;28/07/2026;14:00;27.8;0;SOLEIL;5;29.9;0
Grenoble;45.18;5.72;28/07/2026;15:00;29.1;0;SOLEIL;5;30.6;0
Grenoble;45.18;5.72;28/07/2026;16:00;27.8;0;SOLEIL;5;31.7;0
Grenoble;45.18;5.72;28/07/2026;17:00;;0;SOLEIL;;32.8;0
Grenoble;45.18;5.72;28/07/2026;18:00;;0;SOLEIL;;33.5;0
Grenoble;45.18;5.72;28/07/2026;19:00;;0;SOLEIL;;33.5;0
Grenoble;45.18;5.72;28/07/2026;20:00;22.7;0;SOLEIL;5;33.1;0
Grenoble;45.18;5.72;28/07/2026;21:00;21.4;0;SOLEIL;5;32.0;0
Grenoble;45.18;5.72;28/07/2026;22:00;20.1;0;SOLEIL;5;29.9;0
Grenoble;45.18;5.72;28/07/2026;23:00;;0;SOLEIL;;27.4;0
Grenoble;45.18;5.72;29/07/2026;00:00;;0;SOLEIL;;24.8;0
Grenoble;45.18;5.72;29/07/2026;01:00;;0;SOLEIL;;22.7;0
Grenoble;45.18;5.72;29/07/2026;02:00;17.7;0;SOLEIL;5;20.5;0
Grenoble;45.18;5.72;29/07/2026;03:00;17.7;0;SOLEIL;5;18.7;0
Grenoble;45.18;5.72;29/07/2026;04:00;17.7;0;SOLEIL;5;16.6;0
Grenoble;45.18;5.72;29/07/2026;05:00;;0;SOLEIL;;14.4;0
Grenoble;45.18;5.72;29/07/2026;06:00;;0;SOLEIL;;13.0;0
Grenoble;45.18;5.72;29/07/2026;07:00;;0;SOLEIL;;12.2;0
Grenoble;45.18;5.72;29/07/2026;08:00;20.3;0;SOLEIL;5;12.6;0
Grenoble;45.18;5.72;29/07/2026;09:00;21.6;0;SOLEIL;5;14.4;0
Grenoble;45.18;5.72;29/07/2026;10:00;22.9;0;SOLEIL;5;17.6;0
Grenoble;45.18;5.72;29/07/2026;11:00;;0;SOLEIL;;21.6;0
Grenoble;45.18;5.72;29/07/2026;12:00;;0;SOLEIL;;25.6;0
Grenoble;45.18;5.72;29/07/2026;13:00;;0;SOLEIL;;29.5;0
Grenoble;45.18;5.72;29/07/2026;14:00;28.1;0;SOLEIL;5;32.0;0
Grenoble;45.18;5.72;29/07/2026;15:00;29.4;0;SOLEIL;5;33.8;0
Grenoble;45.18;5.72;29/07/2026;16:00;28.1;0;SOLEIL;5;34.9;0
Grenoble;45.18;5.72;29/07/2026;17:00;;0;SOLEIL;;35.6;0
Grenoble;45.18;5.72;29/07/2026;18:00;;0;SOLEIL;;36.4;0
Grenoble;45.18;5.72;29/07/2026;19:00;;0;SOLEIL;;36.4;0
Grenoble;45.18;5.72;29/07/2026;20:00;22.9;0;SOLEIL;5;36.4;0
Grenoble;45.18;5.72;29/07/2026;21:00;21.6;0;SOLEIL;5;36.0;0
Grenoble;45.18;5.72;29/07/2026;22:00;20.3;0;SOLEIL;5;34.9;0
Grenoble;45.18;5.72;29/07/2026;23:00;;0;SOLEIL;;33.8;0
Grenoble;45.18;5.72;30/07/2026;00:00;;0;SOLEIL;;32.4;0
Grenoble;45.18;5.72;30/07/2026;01:00;;0;SOLEIL;;31.3;0
Grenoble;45.18;5.72;30/07/2026;02:00;17.9;0;SOLEIL;5;30.6;0
Grenoble;45.18;5.72;30/07/2026;03:00;17.9;0;SOLEIL;5;30.2;0
Grenoble;45.18;5.72;30/07/2026;04:00;17.9;0;SOLEIL;5;29.9;0
Grenoble;45.18;5.72;30/07/2026;05:00;;0;SOLEIL;;29.5;0
Grenoble;45.18;5.72;30/07/2026;06:00;;0;SOLEIL;;29.5;0
Grenoble;45.18;5.72;30/07/2026;07:00;;0;SOLEIL;;29.9;0
Grenoble;45.18;5.72;30/07/2026;08:00;20.6;0;SOLEIL;5;30.6;0
Grenoble;45.18;5.72;30/07/2026;09:00;21.9;0;SOLEIL;5;32.0;0
Grenoble;45.18;5.72;30/07/2026;10:00;23.2;0;SOLEIL;5;34.2;0
Grenoble;45.18;5.72;30/07/2026;11:00;;0;SOLEIL;;36.4;0
Grenoble;45.18;5.72;30/07/2026;12:00;;0;SOLEIL;;38.9;0
Grenoble;45.18;5.72;30/07/2026;13:00;;0;SOLEIL;;41.0;0
Grenoble;45.18;5.72;30/07/2026;14:00;28.6;0;SOLEIL;5;42.8;0
Grenoble;45.18;5.72;30/07/2026;15:00;29.9;0;SOLEIL;5;44.3;0
Grenoble;45.18;5.72;30/07/2026;16:00;28.6;0;SOLEIL;5;45.4;0
Grenoble;45.18;5.72;30/07/2026;17:00;;0;SOLEIL;;46.4;0
Grenoble;45.18;5.72;30/07/2026;18:00;;0;SOLEIL;;46.8;0
Grenoble;45.18;5.72;30/07/2026;19:00;;0;SOLEIL;;46.8;0
Grenoble;45.18;5.72;30/07/2026;20:00;23.2;0;SOLEIL;5;46.1;0
Grenoble;45.18;5.72;30/07/2026;21:00;21.9;0;SOLEIL;5;44.3;0
Grenoble;45.18;5.72;30/07/2026;22:00;20.6;0;SOLEIL;5;41.0;0
Grenoble;45.18;5.72;30/07/2026;23:00;19.2;0;SOLEIL;5;37.4;0
Grenoble;45.18;5.72;31/07/2026;00:00;12;0;SOLEIL;5;34.2;0
Grenoble;45.18;5.72;31/07/2026;01:00;12;0;SOLEIL;5;31.3;0
Grenoble;45.18;5.72;31/07/2026;02:00;12;0;SOLEIL;5;27.8;0
Grenoble;45.18;5.72;31/07/2026;03:00;12;0;SOLEIL;5;21.2;0
Grenoble;45.18;5.72;31/07/2026;04:00;12;0;SOLEIL;5;14.4;0
Grenoble;45.18;5.72;31/07/2026;05:00;12;0;SOLEIL;5;9.7;0
Grenoble;45.18;5.72;31/07/2026;06:00;12;0;SOLEIL;5;9.7;0
Grenoble;45.18;5.72;31/07/2026;07:00;13.1;0;SOLEIL;5;11.9;0
Grenoble;45.18;5.72;31/07/2026;08:00;14.2;0;SOLEIL;5;15.1;0
Grenoble;45.18;5.72;31/07/2026;09:00;15.3;0;SOLEIL;5;18.7;0
Grenoble;45.18;5.72;31/07/2026;10:00;16.4;0;SOLEIL;5;23.4;0
Grenoble;45.18;5.72;31/07/2026;11:00;17.6;0;SOLEIL;5;26.6;0
Grenoble;45.18;5.72;31/07/2026;12:00;18.7;0;SOLEIL;5;28.1;0
Grenoble;45.18;5.72;31/07/2026;13:00;19.8;0;SOLEIL;5;28.1;0
Grenoble;45.18;5.72;31/07/2026;14:00;20.9;0;SOLEIL;5;28.4;0
Grenoble;45.18;5.72;31/07/2026;15:00;22.0;0;SOLEIL;5;28.8;0
Grenoble;45.18;5.72;31/07/2026;16:00;20.9;0;SOLEIL;5;29.2;0
Grenoble;45.18;5.72;31/07/2026;17:00;19.8;0;SOLEIL;5;29.5;0
Grenoble;45.18;5.72;31/07/2026;18:00;18.7;0;SOLEIL;5;30.2;0
Grenoble;45.18;5.72;31/07/2026;19:00;17.6;0;SOLEIL;5;31.0;0
Grenoble;45.18;5.72;31/07/2026;20:00;16.4;0;SOLEIL;5;30.6;0
Grenoble;45.18;5.72;31/07/2026;21:00;15.3;0;SOLEIL;5;28.4;0
Grenoble;45.18;5.72;31/07/2026;22:00;14.2;0;SOLEIL;5;25.2;0
Grenoble;45.18;5.72;31/07/2026;23:00;13.1;0;SOLEIL;5;21.2;0
Grenoble;45.18;5.72;01/08/2026;00:00;12;0;SOLEIL;5;0.0;0
Grenoble;45.18;5.72;01/08/2026;01:00;12;0;SOLEIL;5;0.0;0
Grenoble;45.18;5.72;01/08/2026;02:00;12;0;SOLEIL;5;0.0;0
Grenoble;45.18;5.72;01/08/2026;03:00;12;0;SOLEIL;5;0.0;0
Grenoble;45.18;5.72;01/08/2026;04:00;12;0;SOLEIL;5;0.0;0
Grenoble;45.18;5.72;01/08/2026;05:00;12;0;SOLEIL;5;0.0;0
Grenoble;45.18;5.72;01/08/2026;06:00;12;0;SOLEIL;5;0.0;0
Grenoble;45.18;5.72;01/08/2026;07:00;13.1;0;SOLEIL;5;0.0;0
Grenoble;45.18;5.72;01/08/2026;08:00;14.2;0;SOLEIL;5;0.0;0
Grenoble;45.18;5.72;01/08/2026;09:00;15.3;0;SOLEIL;5;0.0;0
Grenoble;45.18;5.72;01/08/2026;10:00;16.4;0;SOLEIL;5;0.0;0
Grenoble;45.18;5.72;01/08/2026;11:00;17.6;0;SOLEIL;5;0.0;0
Grenoble;45.18;5.72;01/08/2026;12:00;18.7;0;SOLEIL;5;0.0;0
Grenoble;45.18;5.72;01/08/2026;13:00;19.8;0;SOLEIL;5;0.0;0
Grenoble;45.18;5.72;01/08/2026;14:00;20.9;0;SOLEIL;5;0.0;0
Grenoble;45.18;5.72;01/08/2026;15:00;22.0;0;SOLEIL;5;0.0;0
Grenoble;45.18;5.72;01/08/2026;16:00;20.9;0;SOLEIL;5;0.0;0
Grenoble;45.18;5.72;01/08/2026;17:00;19.8;0;SOLEIL;5;0.0;0
Grenoble;45.18;5.72;01/08/2026;18:00;18.7;0;SOLEIL;5;0.0;0
Grenoble;45.18;5.72;01/08/2026;19:00;17.6;0;SOLEIL;5;0.0;0
Grenoble;45.18;5.72;01/08/2026;20:00;16.4;0;SOLEIL;5;0.0;0
Grenoble;45.18;5.72;01/08/2026;21:00;15.3;0;SOLEIL;5;0.0;0
Grenoble;45.18;5.72;01/08/2026;22:00;14.2;0;SOLEIL;5;0.0;0
Grenoble;45.18;5.72;01/08/2026;23:00;13.1;0;SOLEIL;5;0.0;0
Lalley;44.76;5.67;17/07/2026;00:00;21.9;10;ORAGEUX;3;32.0;3.2
Lalley;44.76;5.67;17/07/2026;01:00;20.6;10;ORAGEUX;2;14.8;4.6
Lalley;44.76;5.67;17/07/2026;02:00;19.6;6;AVERSES;2;21.2;2.4
Lalley;44.76;5.67;17/07/2026;03:00;20.1;6;AVERSES;2;21.2;0.5
Lalley;44.76;5.67;17/07/2026;04:00;19.6;6;AVERSES;2;14.8;1
Lalley;44.76;5.67;17/07/2026;05:00;18.6;6;AVERSES;2;11.9;0.9
Lalley;44.76;5.67;17/07/2026;06:00;20.9;6;AVERSES;3;18.0;0.1
Lalley;44.76;5.67;17/07/2026;07:00;23;0;SOLEIL;2;13.7;0
Lalley;44.76;5.67;17/07/2026;08:00;24.4;0;SOLEIL;2;11.2;0
Lalley;44.76;5.67;17/07/2026;09:00;26.2;0;SOLEIL;1;11.9;0
Lalley;44.76;5.67;17/07/2026;10:00;27.5;0;SOLEIL;3;8.6;0
Lalley;44.76;5.67;17/07/2026;11:00;28.4;0;SOLEIL;4;7.2;0
Lalley;44.76;5.67;17/07/2026;12:00;29.7;0;SOLEIL;4;16.9;0
Lalley;44.76;5.67;17/07/2026;13:00;30.5;0;SOLEIL;4;32.8;0
Lalley;44.76;5.67;17/07/2026;14:00;30.9;0;SOLEIL;4;35.6;0
Lalley;44.76;5.67;17/07/2026;15:00;30.7;0;SOLEIL;4;41.0;0
Lalley;44.76;5.67;17/07/2026;16:00;30.6;0;SOLEIL;4;73.1;0
Lalley;44.76;5.67;17/07/2026;17:00;30;0;SOLEIL;4;28.4;0
Lalley;44.76;5.67;17/07/2026;18:00;29;6;AVERSES;3;21.2;0.1
Lalley;44.76;5.67;17/07/2026;19:00;26.1;9;NEIGE;3;10.8;0.1
Lalley;44.76;5.67;17/07/2026;20:00;24.5;9;NEIGE;3;21.6;0.1
Lalley;44.76;5.67;17/07/2026;21:00;23.6;0;SOLEIL;3;23.8;0
Lalley;44.76;5.67;17/07/2026;22:00;22.7;0;SOLEIL;1;9.7;0
Lalley;44.76;5.67;17/07/2026;23:00;22.6;0;SOLEIL;0;8.6;0
Lalley;44.76;5.67;18/07/2026;00:00;22.4;0;SOLEIL;1;8.3;0
Lalley;44.76;5.67;18/07/2026;01:00;22.4;0;SOLEIL;1;6.1;0
Lalley;44.76;5.67;18/07/2026;02:00;18.7;0;SOLEIL;2;6.8;0
Lalley;44.76;5.67;18/07/2026;03:00;18.7;0;SOLEIL;2;5.8;0
Lalley;44.76;5.67;18/07/2026;04:00;18.7;0;SOLEIL;2;5.0;0
Lalley;44.76;5.67;18/07/2026;05:00;21.5;0;SOLEIL;2;4.3;0
Lalley;44.76;5.67;18/07/2026;06:00;21.5;0;SOLEIL;2;3.2;0
Lalley;44.76;5.67;18/07/2026;07:00;21.5;0;SOLEIL;2;4.3;0
Lalley;44.76;5.67;18/07/2026;08:00;27.4;0;SOLEIL;2;5.4;0
Lalley;44.76;5.67;18/07/2026;09:00;27.4;0;SOLEIL;2;4.7;0
Lalley;44.76;5.67;18/07/2026;10:00;27.4;0;SOLEIL;2;5.8;0
Lalley;44.76;5.67;18/07/2026;11:00;30.1;0;SOLEIL;2;4.3;0
Lalley;44.76;5.67;18/07/2026;12:00;30.1;0;SOLEIL;2;12.5;0
Lalley;44.76;5.67;18/07/2026;13:00;30.1;0;SOLEIL;2;15.7;0
Lalley;44.76;5.67;18/07/2026;14:00;31.1;0;SOLEIL;2;18.4;0
Lalley;44.76;5.67;18/07/2026;15:00;31.1;0;SOLEIL;2;15.8;0
Lalley;44.76;5.67;18/07/2026;16:00;31.1;0;SOLEIL;2;18.7;0
Lalley;44.76;5.67;18/07/2026;17:00;29.6;0;SOLEIL;1;17.3;0
Lalley;44.76;5.67;18/07/2026;18:00;29.6;0;SOLEIL;1;16.6;0
Lalley;44.76;5.67;18/07/2026;19:00;29.6;0;SOLEIL;1;17.6;0
Lalley;44.76;5.67;18/07/2026;20:00;23.1;0;SOLEIL;2;12.6;0
Lalley;44.76;5.67;18/07/2026;21:00;23.1;0;SOLEIL;2;13.3;0
Lalley;44.76;5.67;18/07/2026;22:00;23.1;0;SOLEIL;2;10.1;0
Lalley;44.76;5.67;18/07/2026;23:00;20.5;0;SOLEIL;2;11.9;0
Lalley;44.76;5.67;19/07/2026;00:00;20.5;0;SOLEIL;2;8.3;0
Lalley;44.76;5.67;19/07/2026;01:00;20.5;0;SOLEIL;2;3.2;0
Lalley;44.76;5.67;19/07/2026;02:00;18.2;0;SOLEIL;2;2.9;0
Lalley;44.76;5.67;19/07/2026;03:00;18.2;0;SOLEIL;2;3.6;0
Lalley;44.76;5.67;19/07/2026;04:00;18.2;0;SOLEIL;2;3.6;0
Lalley;44.76;5.67;19/07/2026;05:00;21.1;0;SOLEIL;1;2.9;0
Lalley;44.76;5.67;19/07/2026;06:00;21.1;0;SOLEIL;1;3.6;0
Lalley;44.76;5.67;19/07/2026;07:00;21.1;0;SOLEIL;1;3.2;0
Lalley;44.76;5.67;19/07/2026;08:00;27.1;0;SOLEIL;1;5.0;0
Lalley;44.76;5.67;19/07/2026;09:00;27.1;0;SOLEIL;1;6.5;0
Lalley;44.76;5.67;19/07/2026;10:00;27.1;0;SOLEIL;1;9.4;0
Lalley;44.76;5.67;19/07/2026;11:00;29.1;0;SOLEIL;2;14.0;0
Lalley;44.76;5.67;19/07/2026;12:00;29.1;0;SOLEIL;2;16.6;0
Lalley;44.76;5.67;19/07/2026;13:00;29.1;0;SOLEIL;2;22.7;0
Lalley;44.76;5.67;19/07/2026;14:00;29.9;0;SOLEIL;2;29.9;0
Lalley;44.76;5.67;19/07/2026;15:00;29.9;0;SOLEIL;2;32.4;0
Lalley;44.76;5.67;19/07/2026;16:00;29.9;0;SOLEIL;2;33.5;0
Lalley;44.76;5.67;19/07/2026;17:00;27.5;0;SOLEIL;2;34.9;0
Lalley;44.76;5.67;19/07/2026;18:00;27.5;0;SOLEIL;2;35.3;0
Lalley;44.76;5.67;19/07/2026;19:00;27.5;0;SOLEIL;2;30.6;0
Lalley;44.76;5.67;19/07/2026;20:00;23.2;0;SOLEIL;5;29.9;0
Lalley;44.76;5.67;19/07/2026;21:00;21.9;0;SOLEIL;5;24.8;0
Lalley;44.76;5.67;19/07/2026;22:00;20.6;0;SOLEIL;5;18.7;0
Lalley;44.76;5.67;19/07/2026;23:00;19.9;0;SOLEIL;2;13.7;0
Lalley;44.76;5.67;20/07/2026;00:00;19.9;0;SOLEIL;2;10.8;0
Lalley;44.76;5.67;20/07/2026;01:00;19.9;0;SOLEIL;2;9.0;0
Lalley;44.76;5.67;20/07/2026;02:00;18.6;0;SOLEIL;5;7.9;0
Lalley;44.76;5.67;20/07/2026;03:00;18.6;0;SOLEIL;5;8.3;0
Lalley;44.76;5.67;20/07/2026;04:00;18.6;0;SOLEIL;5;9.4;0
Lalley;44.76;5.67;20/07/2026;05:00;21;0;SOLEIL;1;10.4;0
Lalley;44.76;5.67;20/07/2026;06:00;21;0;SOLEIL;1;10.4;0
Lalley;44.76;5.67;20/07/2026;07:00;21;0;SOLEIL;1;10.4;0
Lalley;44.76;5.67;20/07/2026;08:00;21.3;0;SOLEIL;5;11.2;0
Lalley;44.76;5.67;20/07/2026;09:00;22.7;0;SOLEIL;5;13.0;0
Lalley;44.76;5.67;20/07/2026;10:00;24.1;0;SOLEIL;5;15.1;0
Lalley;44.76;5.67;20/07/2026;11:00;29.2;0;SOLEIL;2;18.0;0
Lalley;44.76;5.67;20/07/2026;12:00;29.2;0;SOLEIL;2;21.2;0
Lalley;44.76;5.67;20/07/2026;13:00;29.2;0;SOLEIL;2;24.8;0
Lalley;44.76;5.67;20/07/2026;14:00;29.5;0;SOLEIL;5;28.1;0
Lalley;44.76;5.67;20/07/2026;15:00;30.9;0;SOLEIL;5;30.6;0
Lalley;44.76;5.67;20/07/2026;16:00;29.5;0;SOLEIL;5;32.4;0
Lalley;44.76;5.67;20/07/2026;17:00;28.1;0;SOLEIL;2;33.8;0
Lalley;44.76;5.67;20/07/2026;18:00;28.1;0;SOLEIL;2;35.3;0
Lalley;44.76;5.67;20/07/2026;19:00;28.1;0;SOLEIL;2;35.6;0
Lalley;44.76;5.67;20/07/2026;20:00;24.1;0;SOLEIL;5;34.2;0
Lalley;44.76;5.67;20/07/2026;21:00;22.7;0;SOLEIL;5;28.4;0
Lalley;44.76;5.67;20/07/2026;22:00;21.3;0;SOLEIL;5;20.5;0
Lalley;44.76;5.67;20/07/2026;23:00;20.2;0;SOLEIL;0;14.4;0
Lalley;44.76;5.67;21/07/2026;00:00;20.2;0;SOLEIL;0;11.5;0
Lalley;44.76;5.67;21/07/2026;01:00;20.2;0;SOLEIL;0;10.1;0
Lalley;44.76;5.67;21/07/2026;02:00;17.1;0;SOLEIL;5;9.4;0
Lalley;44.76;5.67;21/07/2026;03:00;17.1;0;SOLEIL;5;8.6;0
Lalley;44.76;5.67;21/07/2026;04:00;17.1;0;SOLEIL;5;7.9;0
Lalley;44.76;5.67;21/07/2026;05:00;19.6;0;SOLEIL;1;7.9;0
Lalley;44.76;5.67;21/07/2026;06:00;19.6;0;SOLEIL;1;8.3;0
Lalley;44.76;5.67;21/07/2026;07:00;19.6;0;SOLEIL;1;8.6;0
Lalley;44.76;5.67;21/07/2026;08:00;20.0;0;SOLEIL;5;10.4;0
Lalley;44.76;5.67;21/07/2026;09:00;21.4;0;SOLEIL;5;13.7;0
Lalley;44.76;5.67;21/07/2026;10:00;22.9;0;SOLEIL;5;17.6;0
Lalley;44.76;5.67;21/07/2026;11:00;28.1;0;SOLEIL;3;22.7;0
Lalley;44.76;5.67;21/07/2026;12:00;28.1;0;SOLEIL;3;31.8;0
Lalley;44.76;5.67;21/07/2026;13:00;28.1;0;SOLEIL;3;38.7;0
Lalley;44.76;5.67;21/07/2026;14:00;28.7;0;SOLEIL;5;42.9;0
Lalley;44.76;5.67;21/07/2026;15:00;30.1;0;SOLEIL;5;47.2;0
Lalley;44.76;5.67;21/07/2026;16:00;28.7;0;SOLEIL;5;51.5;0
Lalley;44.76;5.67;21/07/2026;17:00;28;0;SOLEIL;2;53.3;0
Lalley;44.76;5.67;21/07/2026;18:00;28;0;SOLEIL;2;51.5;0
Lalley;44.76;5.67;21/07/2026;19:00;28;0;SOLEIL;2;47.5;0
Lalley;44.76;5.67;21/07/2026;20:00;22.9;0;SOLEIL;5;42.1;0
Lalley;44.76;5.67;21/07/2026;21:00;21.4;0;SOLEIL;5;34.9;0
Lalley;44.76;5.67;21/07/2026;22:00;20.0;0;SOLEIL;5;26.3;0
Lalley;44.76;5.67;21/07/2026;23:00;20.1;0;SOLEIL;0;19.1;0
Lalley;44.76;5.67;22/07/2026;00:00;20.1;0;SOLEIL;0;14.0;0
Lalley;44.76;5.67;22/07/2026;01:00;20.1;0;SOLEIL;0;10.1;0
Lalley;44.76;5.67;22/07/2026;02:00;17.6;0;SOLEIL;5;7.9;0
Lalley;44.76;5.67;22/07/2026;03:00;17.6;0;SOLEIL;5;7.9;0
Lalley;44.76;5.67;22/07/2026;04:00;17.6;0;SOLEIL;5;9.7;0
Lalley;44.76;5.67;22/07/2026;05:00;19.5;0;SOLEIL;0;10.8;0
Lalley;44.76;5.67;22/07/2026;06:00;19.5;0;SOLEIL;0;10.8;0
Lalley;44.76;5.67;22/07/2026;07:00;19.5;0;SOLEIL;0;10.4;0
Lalley;44.76;5.67;22/07/2026;08:00;20.4;0;SOLEIL;5;10.4;0
Lalley;44.76;5.67;22/07/2026;09:00;21.7;0;SOLEIL;5;10.4;0
Lalley;44.76;5.67;22/07/2026;10:00;23.1;0;SOLEIL;5;10.4;0
Lalley;44.76;5.67;22/07/2026;11:00;28.1;0;SOLEIL;2;11.9;0
Lalley;44.76;5.67;22/07/2026;12:00;28.1;0;SOLEIL;2;15.8;0
Lalley;44.76;5.67;22/07/2026;13:00;28.1;0;SOLEIL;2;21.2;0
Lalley;44.76;5.67;22/07/2026;14:00;28.6;0;SOLEIL;5;25.2;0
Lalley;44.76;5.67;22/07/2026;15:00;30.0;0;SOLEIL;5;26.3;0
Lalley;44.76;5.67;22/07/2026;16:00;28.6;0;SOLEIL;5;26.3;0
Lalley;44.76;5.67;22/07/2026;17:00;27.7;0;SOLEIL;2;25.6;0
Lalley;44.76;5.67;22/07/2026;18:00;27.7;0;SOLEIL;2;24.8;0
Lalley;44.76;5.67;22/07/2026;19:00;27.7;0;SOLEIL;2;23.4;0
Lalley;44.76;5.67;22/07/2026;20:00;23.1;0;SOLEIL;5;21.2;0
Lalley;44.76;5.67;22/07/2026;21:00;21.7;0;SOLEIL;5;17.3;0
Lalley;44.76;5.67;22/07/2026;22:00;20.4;0;SOLEIL;5;12.2;0
Lalley;44.76;5.67;22/07/2026;23:00;20.4;0;SOLEIL;0;9.0;0
Lalley;44.76;5.67;23/07/2026;00:00;20.4;0;SOLEIL;0;8.6;0
Lalley;44.76;5.67;23/07/2026;01:00;20.4;0;SOLEIL;0;9.7;0
Lalley;44.76;5.67;23/07/2026;02:00;17.7;0;SOLEIL;5;10.4;0
Lalley;44.76;5.67;23/07/2026;03:00;17.7;0;SOLEIL;5;10.4;0
Lalley;44.76;5.67;23/07/2026;04:00;17.7;0;SOLEIL;5;10.4;0
Lalley;44.76;5.67;23/07/2026;05:00;19.6;0;SOLEIL;1;10.1;0
Lalley;44.76;5.67;23/07/2026;06:00;19.6;0;SOLEIL;1;9.4;0
Lalley;44.76;5.67;23/07/2026;07:00;19.6;0;SOLEIL;1;8.6;0
Lalley;44.76;5.67;23/07/2026;08:00;20.5;0;SOLEIL;5;9.4;0
Lalley;44.76;5.67;23/07/2026;09:00;21.8;0;SOLEIL;5;12.6;0
Lalley;44.76;5.67;23/07/2026;10:00;23.2;0;SOLEIL;5;17.3;0
Lalley;44.76;5.67;23/07/2026;11:00;28.4;0;SOLEIL;3;22.3;0
Lalley;44.76;5.67;23/07/2026;12:00;28.4;0;SOLEIL;3;27.4;0
Lalley;44.76;5.67;23/07/2026;13:00;28.4;0;SOLEIL;3;32.8;0
Lalley;44.76;5.67;23/07/2026;14:00;28.7;0;SOLEIL;5;36.7;0
Lalley;44.76;5.67;23/07/2026;15:00;30.1;0;SOLEIL;5;39.2;0
Lalley;44.76;5.67;23/07/2026;16:00;28.7;0;SOLEIL;5;40.3;0
Lalley;44.76;5.67;23/07/2026;17:00;27.5;0;SOLEIL;2;40.7;0
Lalley;44.76;5.67;23/07/2026;18:00;27.5;0;SOLEIL;2;40.0;0
Lalley;44.76;5.67;23/07/2026;19:00;27.5;0;SOLEIL;2;37.8;0
Lalley;44.76;5.67;23/07/2026;20:00;23.2;0;SOLEIL;5;34.6;0
Lalley;44.76;5.67;23/07/2026;21:00;21.8;0;SOLEIL;5;28.8;0
Lalley;44.76;5.67;23/07/2026;22:00;20.5;0;SOLEIL;5;22.0;0
Lalley;44.76;5.67;23/07/2026;23:00;20;0;SOLEIL;0;16.2;0
Lalley;44.76;5.67;24/07/2026;00:00;20;0;SOLEIL;0;19.3;0
Lalley;44.76;5.67;24/07/2026;01:00;20;0;SOLEIL;0;22.9;0
Lalley;44.76;5.67;24/07/2026;02:00;17.6;0;SOLEIL;5;26.0;0
Lalley;44.76;5.67;24/07/2026;03:00;17.6;0;SOLEIL;5;27.7;0
Lalley;44.76;5.67;24/07/2026;04:00;17.6;0;SOLEIL;5;24.5;0
Lalley;44.76;5.67;24/07/2026;05:00;20.1;0;SOLEIL;0;20.9;0
Lalley;44.76;5.67;24/07/2026;06:00;20.1;0;SOLEIL;0;17.6;0
Lalley;44.76;5.67;24/07/2026;07:00;20.1;0;SOLEIL;0;15.1;0
Lalley;44.76;5.67;24/07/2026;08:00;20.7;0;SOLEIL;5;13.7;0
Lalley;44.76;5.67;24/07/2026;09:00;22.2;0;SOLEIL;5;13.7;0
Lalley;44.76;5.67;24/07/2026;10:00;23.8;0;SOLEIL;5;14.4;0
Lalley;44.76;5.67;24/07/2026;11:00;30.1;0;SOLEIL;2;16.2;0
Lalley;44.76;5.67;24/07/2026;12:00;30.1;0;SOLEIL;2;18.0;0
Lalley;44.76;5.67;24/07/2026;13:00;30.1;0;SOLEIL;2;19.8;0
Lalley;44.76;5.67;24/07/2026;14:00;30.0;0;SOLEIL;5;20.9;0
Lalley;44.76;5.67;24/07/2026;15:00;31.5;0;SOLEIL;5;21.6;0
Lalley;44.76;5.67;24/07/2026;16:00;30.0;0;SOLEIL;5;22.0;0
Lalley;44.76;5.67;24/07/2026;17:00;27.1;0;SOLEIL;1;22.3;0
Lalley;44.76;5.67;24/07/2026;18:00;27.1;0;SOLEIL;1;22.3;0
Lalley;44.76;5.67;24/07/2026;19:00;27.1;0;SOLEIL;1;22.3;0
Lalley;44.76;5.67;24/07/2026;20:00;23.8;0;SOLEIL;5;22.0;0
Lalley;44.76;5.67;24/07/2026;21:00;22.2;0;SOLEIL;5;21.2;0
Lalley;44.76;5.67;24/07/2026;22:00;20.7;0;SOLEIL;5;19.8;0
Lalley;44.76;5.67;24/07/2026;23:00;21;0;SOLEIL;0;18.4;0
Lalley;44.76;5.67;25/07/2026;00:00;21;0;SOLEIL;0;16.9;0
Lalley;44.76;5.67;25/07/2026;01:00;21;0;SOLEIL;0;15.8;0
Lalley;44.76;5.67;25/07/2026;02:00;18.1;0;SOLEIL;5;15.5;0
Lalley;44.76;5.67;25/07/2026;03:00;18.1;0;SOLEIL;5;15.8;0
Lalley;44.76;5.67;25/07/2026;04:00;18.1;0;SOLEIL;5;16.6;0
Lalley;44.76;5.67;25/07/2026;05:00;20.4;0;SOLEIL;1;17.6;0
Lalley;44.76;5.67;25/07/2026;06:00;20.4;0;SOLEIL;1;19.1;0
Lalley;44.76;5.67;25/07/2026;07:00;20.4;0;SOLEIL;1;20.9;0
Lalley;44.76;5.67;25/07/2026;08:00;21.2;0;SOLEIL;5;22.7;0
Lalley;44.76;5.67;25/07/2026;09:00;22.7;0;SOLEIL;5;25.2;0
Lalley;44.76;5.67;25/07/2026;10:00;24.2;0;SOLEIL;5;28.1;0
Lalley;44.76;5.67;25/07/2026;11:00;30.9;0;SOLEIL;2;31.7;0
Lalley;44.76;5.67;25/07/2026;12:00;30.9;0;SOLEIL;2;34.9;0
Lalley;44.76;5.67;25/07/2026;13:00;30.9;0;SOLEIL;2;38.2;0
Lalley;44.76;5.67;25/07/2026;14:00;30.4;0;SOLEIL;5;40.3;0
Lalley;44.76;5.67;25/07/2026;15:00;31.9;0;SOLEIL;5;42.1;0
Lalley;44.76;5.67;25/07/2026;16:00;30.4;0;SOLEIL;5;43.2;0
Lalley;44.76;5.67;25/07/2026;17:00;25.6;0;SOLEIL;1;44.3;0
Lalley;44.76;5.67;25/07/2026;18:00;25.6;0;SOLEIL;1;45.0;0
Lalley;44.76;5.67;25/07/2026;19:00;25.6;0;SOLEIL;1;45.4;0
Lalley;44.76;5.67;25/07/2026;20:00;24.2;0;SOLEIL;5;45.4;0
Lalley;44.76;5.67;25/07/2026;21:00;22.7;0;SOLEIL;5;45.0;0
Lalley;44.76;5.67;25/07/2026;22:00;21.2;0;SOLEIL;5;43.9;0
Lalley;44.76;5.67;25/07/2026;23:00;20.6;0;SOLEIL;0;42.5;0
Lalley;44.76;5.67;26/07/2026;00:00;20.6;0;SOLEIL;0;41.0;0
Lalley;44.76;5.67;26/07/2026;01:00;20.6;0;SOLEIL;0;39.6;0
Lalley;44.76;5.67;26/07/2026;02:00;17.9;0;SOLEIL;5;38.5;0
Lalley;44.76;5.67;26/07/2026;03:00;17.9;0;SOLEIL;5;37.8;0
Lalley;44.76;5.67;26/07/2026;04:00;17.9;0;SOLEIL;5;37.4;0
Lalley;44.76;5.67;26/07/2026;05:00;;0;SOLEIL;;36.7;0
Lalley;44.76;5.67;26/07/2026;06:00;;0;SOLEIL;;36.4;0
Lalley;44.76;5.67;26/07/2026;07:00;;0;SOLEIL;;35.6;0
Lalley;44.76;5.67;26/07/2026;08:00;20.2;0;SOLEIL;5;34.6;0
Lalley;44.76;5.67;26/07/2026;09:00;21.4;0;SOLEIL;5;32.8;0
Lalley;44.76;5.67;26/07/2026;10:00;22.6;0;SOLEIL;5;30.2;0
Lalley;44.76;5.67;26/07/2026;11:00;;0;SOLEIL;;27.7;0
Lalley;44.76;5.67;26/07/2026;12:00;;0;SOLEIL;;25.2;0
Lalley;44.76;5.67;26/07/2026;13:00;;0;SOLEIL;;23.4;0
Lalley;44.76;5.67;26/07/2026;14:00;27.2;0;SOLEIL;5;22.7;0
Lalley;44.76;5.67;26/07/2026;15:00;28.4;0;SOLEIL;5;23.8;0
Lalley;44.76;5.67;26/07/2026;16:00;27.2;0;SOLEIL;5;25.9;0
Lalley;44.76;5.67;26/07/2026;17:00;;0;SOLEIL;;28.8;0
Lalley;44.76;5.67;26/07/2026;18:00;;0;SOLEIL;;31.7;0
Lalley;44.76;5.67;26/07/2026;19:00;;0;SOLEIL;;33.8;0
Lalley;44.76;5.67;26/07/2026;20:00;22.6;0;SOLEIL;5;34.2;0
Lalley;44.76;5.67;26/07/2026;21:00;21.4;0;SOLEIL;5;32.4;0
Lalley;44.76;5.67;26/07/2026;22:00;20.2;0;SOLEIL;5;29.5;0
Lalley;44.76;5.67;26/07/2026;23:00;;0;SOLEIL;;25.2;0
Lalley;44.76;5.67;27/07/2026;00:00;;0;SOLEIL;;21.2;0
Lalley;44.76;5.67;27/07/2026;01:00;;0;SOLEIL;;17.6;0
Lalley;44.76;5.67;27/07/2026;02:00;17.4;0;SOLEIL;5;15.1;0
Lalley;44.76;5.67;27/07/2026;03:00;17.4;0;SOLEIL;5;14.0;0
Lalley;44.76;5.67;27/07/2026;04:00;17.4;0;SOLEIL;5;13.3;0
Lalley;44.76;5.67;27/07/2026;05:00;;0;SOLEIL;;13.3;0
Lalley;44.76;5.67;27/07/2026;06:00;;0;SOLEIL;;13.7;0
Lalley;44.76;5.67;27/07/2026;07:00;;0;SOLEIL;;14.4;0
Lalley;44.76;5.67;27/07/2026;08:00;19.9;0;SOLEIL;5;15.8;0
Lalley;44.76;5.67;27/07/2026;09:00;21.1;0;SOLEIL;5;18.0;0
Lalley;44.76;5.67;27/07/2026;10:00;22.4;0;SOLEIL;5;20.5;0
Lalley;44.76;5.67;27/07/2026;11:00;;0;SOLEIL;;23.8;0
Lalley;44.76;5.67;27/07/2026;12:00;;0;SOLEIL;;27.4;0
Lalley;44.76;5.67;27/07/2026;13:00;;0;SOLEIL;;30.2;0
Lalley;44.76;5.67;27/07/2026;14:00;27.4;0;SOLEIL;5;32.4;0
Lalley;44.76;5.67;27/07/2026;15:00;28.6;0;SOLEIL;5;33.8;0
Lalley;44.76;5.67;27/07/2026;16:00;27.4;0;SOLEIL;5;35.3;0
Lalley;44.76;5.67;27/07/2026;17:00;;0;SOLEIL;;36.4;0
Lalley;44.76;5.67;27/07/2026;18:00;;0;SOLEIL;;36.7;0
Lalley;44.76;5.67;27/07/2026;19:00;;0;SOLEIL;;37.1;0
Lalley;44.76;5.67;27/07/2026;20:00;22.4;0;SOLEIL;5;36.7;0
Lalley;44.76;5.67;27/07/2026;21:00;21.1;0;SOLEIL;5;36.0;0
Lalley;44.76;5.67;27/07/2026;22:00;19.9;0;SOLEIL;5;34.6;0
Lalley;44.76;5.67;27/07/2026;23:00;;0;SOLEIL;;33.1;0
Lalley;44.76;5.67;28/07/2026;00:00;;0;SOLEIL;;31.0;0
Lalley;44.76;5.67;28/07/2026;01:00;;0;SOLEIL;;29.2;0
Lalley;44.76;5.67;28/07/2026;02:00;17.6;0;SOLEIL;5;27.0;0
Lalley;44.76;5.67;28/07/2026;03:00;17.6;0;SOLEIL;5;24.5;0
Lalley;44.76;5.67;28/07/2026;04:00;17.6;0;SOLEIL;5;21.6;0
Lalley;44.76;5.67;28/07/2026;05:00;;0;SOLEIL;;18.4;0
Lalley;44.76;5.67;28/07/2026;06:00;;0;SOLEIL;;15.8;0
Lalley;44.76;5.67;28/07/2026;07:00;;0;SOLEIL;;13.7;0
Lalley;44.76;5.67;28/07/2026;08:00;20.5;0;SOLEIL;5;13.0;0
Lalley;44.76;5.67;28/07/2026;09:00;21.9;0;SOLEIL;5;13.7;0
Lalley;44.76;5.67;28/07/2026;10:00;23.4;0;SOLEIL;5;15.8;0
Lalley;44.76;5.67;28/07/2026;11:00;;0;SOLEIL;;18.4;0
Lalley;44.76;5.67;28/07/2026;12:00;;0;SOLEIL;;21.6;0
Lalley;44.76;5.67;28/07/2026;13:00;;0;SOLEIL;;24.5;0
Lalley;44.76;5.67;28/07/2026;14:00;29.2;0;SOLEIL;5;26.6;0
Lalley;44.76;5.67;28/07/2026;15:00;30.6;0;SOLEIL;5;28.4;0
Lalley;44.76;5.67;28/07/2026;16:00;29.2;0;SOLEIL;5;30.6;0
Lalley;44.76;5.67;28/07/2026;17:00;;0;SOLEIL;;32.4;0
Lalley;44.76;5.67;28/07/2026;18:00;;0;SOLEIL;;33.8;0
Lalley;44.76;5.67;28/07/2026;19:00;;0;SOLEIL;;34.6;0
Lalley;44.76;5.67;28/07/2026;20:00;23.4;0;SOLEIL;5;34.9;0
Lalley;44.76;5.67;28/07/2026;21:00;21.9;0;SOLEIL;5;34.2;0
Lalley;44.76;5.67;28/07/2026;22:00;20.5;0;SOLEIL;5;33.1;0
Lalley;44.76;5.67;28/07/2026;23:00;;0;SOLEIL;;31.3;0
Lalley;44.76;5.67;29/07/2026;00:00;;0;SOLEIL;;29.2;0
Lalley;44.76;5.67;29/07/2026;01:00;;0;SOLEIL;;27.0;0
Lalley;44.76;5.67;29/07/2026;02:00;18.6;0;SOLEIL;5;24.8;0
Lalley;44.76;5.67;29/07/2026;03:00;18.6;0;SOLEIL;5;22.3;0
Lalley;44.76;5.67;29/07/2026;04:00;18.6;0;SOLEIL;5;19.1;0
Lalley;44.76;5.67;29/07/2026;05:00;;0;SOLEIL;;15.8;0
Lalley;44.76;5.67;29/07/2026;06:00;;0;SOLEIL;;12.6;0
Lalley;44.76;5.67;29/07/2026;07:00;;0;SOLEIL;;10.4;0
Lalley;44.76;5.67;29/07/2026;08:00;21.1;0;SOLEIL;5;9.7;0
Lalley;44.76;5.67;29/07/2026;09:00;22.4;0;SOLEIL;5;10.4;0
Lalley;44.76;5.67;29/07/2026;10:00;23.6;0;SOLEIL;5;12.6;0
Lalley;44.76;5.67;29/07/2026;11:00;;0;SOLEIL;;15.5;0
Lalley;44.76;5.67;29/07/2026;12:00;;0;SOLEIL;;18.7;0
Lalley;44.76;5.67;29/07/2026;13:00;;0;SOLEIL;;22.0;0
Lalley;44.76;5.67;29/07/2026;14:00;28.6;0;SOLEIL;5;24.1;0
Lalley;44.76;5.67;29/07/2026;15:00;29.9;0;SOLEIL;5;25.9;0
Lalley;44.76;5.67;29/07/2026;16:00;28.6;0;SOLEIL;5;27.7;0
Lalley;44.76;5.67;29/07/2026;17:00;;0;SOLEIL;;29.5;0
Lalley;44.76;5.67;29/07/2026;18:00;;0;SOLEIL;;30.6;0
Lalley;44.76;5.67;29/07/2026;19:00;;0;SOLEIL;;31.3;0
Lalley;44.76;5.67;29/07/2026;20:00;23.6;0;SOLEIL;5;31.3;0
Lalley;44.76;5.67;29/07/2026;21:00;22.4;0;SOLEIL;5;30.2;0
Lalley;44.76;5.67;29/07/2026;22:00;21.1;0;SOLEIL;5;28.4;0
Lalley;44.76;5.67;29/07/2026;23:00;;0;SOLEIL;;26.3;0
Lalley;44.76;5.67;30/07/2026;00:00;;0;SOLEIL;;23.8;0
Lalley;44.76;5.67;30/07/2026;01:00;;0;SOLEIL;;21.6;0
Lalley;44.76;5.67;30/07/2026;02:00;18.4;0;SOLEIL;5;19.8;0
Lalley;44.76;5.67;30/07/2026;03:00;18.4;0;SOLEIL;5;18.7;0
Lalley;44.76;5.67;30/07/2026;04:00;18.4;0;SOLEIL;5;17.3;0
Lalley;44.76;5.67;30/07/2026;05:00;;0;SOLEIL;;16.6;0
Lalley;44.76;5.67;30/07/2026;06:00;;0;SOLEIL;;15.8;0
Lalley;44.76;5.67;30/07/2026;07:00;;0;SOLEIL;;15.8;0
Lalley;44.76;5.67;30/07/2026;08:00;20.8;0;SOLEIL;5;16.2;0
Lalley;44.76;5.67;30/07/2026;09:00;22.1;0;SOLEIL;5;17.6;0
Lalley;44.76;5.67;30/07/2026;10:00;23.3;0;SOLEIL;5;19.4;0
Lalley;44.76;5.67;30/07/2026;11:00;;0;SOLEIL;;22.0;0
Lalley;44.76;5.67;30/07/2026;12:00;;0;SOLEIL;;24.8;0
Lalley;44.76;5.67;30/07/2026;13:00;;0;SOLEIL;;27.4;0
Lalley;44.76;5.67;30/07/2026;14:00;28.2;0;SOLEIL;5;29.2;0
Lalley;44.76;5.67;30/07/2026;15:00;29.4;0;SOLEIL;5;30.6;0
Lalley;44.76;5.67;30/07/2026;16:00;28.2;0;SOLEIL;5;32.0;0
Lalley;44.76;5.67;30/07/2026;17:00;;0;SOLEIL;;33.1;0
Lalley;44.76;5.67;30/07/2026;18:00;;0;SOLEIL;;34.2;0
Lalley;44.76;5.67;30/07/2026;19:00;;0;SOLEIL;;34.6;0
Lalley;44.76;5.67;30/07/2026;20:00;23.3;0;SOLEIL;5;34.9;0
Lalley;44.76;5.67;30/07/2026;21:00;22.1;0;SOLEIL;5;34.6;0
Lalley;44.76;5.67;30/07/2026;22:00;20.8;0;SOLEIL;5;33.8;0
Lalley;44.76;5.67;30/07/2026;23:00;19.6;0;SOLEIL;5;32.8;0
Lalley;44.76;5.67;31/07/2026;00:00;12;0;SOLEIL;5;24.8;0
Lalley;44.76;5.67;31/07/2026;01:00;12;0;SOLEIL;5;17.6;0
Lalley;44.76;5.67;31/07/2026;02:00;12;0;SOLEIL;5;11.3;0
Lalley;44.76;5.67;31/07/2026;03:00;12;0;SOLEIL;5;5.0;0
Lalley;44.76;5.67;31/07/2026;04:00;12;0;SOLEIL;5;5.0;0
Lalley;44.76;5.67;31/07/2026;05:00;12;0;SOLEIL;5;5.4;0
Lalley;44.76;5.67;31/07/2026;06:00;12;0;SOLEIL;5;7.2;0
Lalley;44.76;5.67;31/07/2026;07:00;13.1;0;SOLEIL;5;9.7;0
Lalley;44.76;5.67;31/07/2026;08:00;14.2;0;SOLEIL;5;11.5;0
Lalley;44.76;5.67;31/07/2026;09:00;15.3;0;SOLEIL;5;12.6;0
Lalley;44.76;5.67;31/07/2026;10:00;16.4;0;SOLEIL;5;13.0;0
Lalley;44.76;5.67;31/07/2026;11:00;17.6;0;SOLEIL;5;13.7;0
Lalley;44.76;5.67;31/07/2026;12:00;18.7;0;SOLEIL;5;14.4;0
Lalley;44.76;5.67;31/07/2026;13:00;19.8;0;SOLEIL;5;15.1;0
Lalley;44.76;5.67;31/07/2026;14:00;20.9;0;SOLEIL;5;15.8;0
Lalley;44.76;5.67;31/07/2026;15:00;22.0;0;SOLEIL;5;16.2;0
Lalley;44.76;5.67;31/07/2026;16:00;20.9;0;SOLEIL;5;16.2;0
Lalley;44.76;5.67;31/07/2026;17:00;19.8;0;SOLEIL;5;16.2;0
Lalley;44.76;5.67;31/07/2026;18:00;18.7;0;SOLEIL;5;16.2;0
Lalley;44.76;5.67;31/07/2026;19:00;17.6;0;SOLEIL;5;15.8;0
Lalley;44.76;5.67;31/07/2026;20:00;16.4;0;SOLEIL;5;14.4;0
Lalley;44.76;5.67;31/07/2026;21:00;15.3;0;SOLEIL;5;11.2;0
Lalley;44.76;5.67;31/07/2026;22:00;14.2;0;SOLEIL;5;7.2;0
Lalley;44.76;5.67;31/07/2026;23:00;13.1;0;SOLEIL;5;4.3;0
Lalley;44.76;5.67;01/08/2026;00:00;12;0;SOLEIL;5;0.0;0
Lalley;44.76;5.67;01/08/2026;01:00;12;0;SOLEIL;5;0.0;0
Lalley;44.76;5.67;01/08/2026;02:00;12;0;SOLEIL;5;0.0;0
Lalley;44.76;5.67;01/08/2026;03:00;12;0;SOLEIL;5;0.0;0
Lalley;44.76;5.67;01/08/2026;04:00;12;0;SOLEIL;5;0.0;0
Lalley;44.76;5.67;01/08/2026;05:00;12;0;SOLEIL;5;0.0;0
Lalley;44.76;5.67;01/08/2026;06:00;12;0;SOLEIL;5;0.0;0
Lalley;44.76;5.67;01/08/2026;07:00;13.1;0;SOLEIL;5;0.0;0
Lalley;44.76;5.67;01/08/2026;08:00;14.2;0;SOLEIL;5;0.0;0
Lalley;44.76;5.67;01/08/2026;09:00;15.3;0;SOLEIL;5;0.0;0
Lalley;44.76;5.67;01/08/2026;10:00;16.4;0;SOLEIL;5;0.0;0
Lalley;44.76;5.67;01/08/2026;11:00;17.6;0;SOLEIL;5;0.0;0
Lalley;44.76;5.67;01/08/2026;12:00;18.7;0;SOLEIL;5;0.0;0
Lalley;44.76;5.67;01/08/2026;13:00;19.8;0;SOLEIL;5;0.0;0
Lalley;44.76;5.67;01/08/2026;14:00;20.9;0;SOLEIL;5;0.0;0
Lalley;44.76;5.67;01/08/2026;15:00;22.0;0;SOLEIL;5;0.0;0
Lalley;44.76;5.67;01/08/2026;16:00;20.9;0;SOLEIL;5;0.0;0
Lalley;44.76;5.67;01/08/2026;17:00;19.8;0;SOLEIL;5;0.0;0
Lalley;44.76;5.67;01/08/2026;18:00;18.7;0;SOLEIL;5;0.0;0
Lalley;44.76;5.67;01/08/2026;19:00;17.6;0;SOLEIL;5;0.0;0
Lalley;44.76;5.67;01/08/2026;20:00;16.4;0;SOLEIL;5;0.0;0
Lalley;44.76;5.67;01/08/2026;21:00;15.3;0;SOLEIL;5;0.0;0
Lalley;44.76;5.67;01/08/2026;22:00;14.2;0;SOLEIL;5;0.0;0
Lalley;44.76;5.67;01/08/2026;23:00;13.1;0;SOLEIL;5;0.0;0
Roanne;46.03;4.07;17/07/2026;00:00;16.7;10;ORAGEUX;2;8.6;0.6
Roanne;46.03;4.07;17/07/2026;01:00;17.2;10;ORAGEUX;2;10.1;0.5
Roanne;46.03;4.07;17/07/2026;02:00;16.6;10;ORAGEUX;1;4.7;1.1
Roanne;46.03;4.07;17/07/2026;03:00;16.7;0;SOLEIL;1;4.7;0
Roanne;46.03;4.07;17/07/2026;04:00;15.9;0;SOLEIL;0;1.8;0
Roanne;46.03;4.07;17/07/2026;05:00;15.9;0;SOLEIL;0;5.0;0
Roanne;46.03;4.07;17/07/2026;06:00;18.1;0;SOLEIL;0;3.6;0
Roanne;46.03;4.07;17/07/2026;07:00;20.7;0;SOLEIL;1;4.0;0
Roanne;46.03;4.07;17/07/2026;08:00;23.4;0;SOLEIL;1;3.6;0
Roanne;46.03;4.07;17/07/2026;09:00;24.5;0;SOLEIL;1;6.8;0
Roanne;46.03;4.07;17/07/2026;10:00;26;0;SOLEIL;1;7.6;0
Roanne;46.03;4.07;17/07/2026;11:00;28.1;0;SOLEIL;1;11.5;0
Roanne;46.03;4.07;17/07/2026;12:00;28;0;SOLEIL;2;16.9;0
Roanne;46.03;4.07;17/07/2026;13:00;28.2;0;SOLEIL;2;22.3;0
Roanne;46.03;4.07;17/07/2026;14:00;28.5;0;SOLEIL;3;22.0;0
Roanne;46.03;4.07;17/07/2026;15:00;26.7;0;SOLEIL;2;25.2;0
Roanne;46.03;4.07;17/07/2026;16:00;25.9;0;SOLEIL;2;22.3;0
Roanne;46.03;4.07;17/07/2026;17:00;24.6;0;SOLEIL;2;42.8;0
Roanne;46.03;4.07;17/07/2026;18:00;22.9;6;AVERSES;2;18.4;0.1
Roanne;46.03;4.07;17/07/2026;19:00;21.1;0;SOLEIL;1;30.2;0
Roanne;46.03;4.07;17/07/2026;20:00;18.6;0;SOLEIL;1;13.0;0
Roanne;46.03;4.07;17/07/2026;21:00;17.6;0;SOLEIL;1;13.0;0
Roanne;46.03;4.07;17/07/2026;22:00;17.1;0;SOLEIL;1;11.2;0
Roanne;46.03;4.07;17/07/2026;23:00;16.7;0;SOLEIL;1;11.2;0
Roanne;46.03;4.07;18/07/2026;00:00;15.7;0;SOLEIL;1;12.2;0
Roanne;46.03;4.07;18/07/2026;01:00;15.7;0;SOLEIL;1;10.1;0
Roanne;46.03;4.07;18/07/2026;02:00;13.7;0;SOLEIL;2;5.8;0
Roanne;46.03;4.07;18/07/2026;03:00;13.7;0;SOLEIL;2;5.8;0
Roanne;46.03;4.07;18/07/2026;04:00;13.7;0;SOLEIL;2;6.1;0
Roanne;46.03;4.07;18/07/2026;05:00;14.7;0;SOLEIL;2;6.5;0
Roanne;46.03;4.07;18/07/2026;06:00;14.7;0;SOLEIL;2;5.4;0
Roanne;46.03;4.07;18/07/2026;07:00;14.7;0;SOLEIL;2;4.7;0
Roanne;46.03;4.07;18/07/2026;08:00;22.5;0;SOLEIL;2;4.0;0
Roanne;46.03;4.07;18/07/2026;09:00;22.5;0;SOLEIL;2;5.8;0
Roanne;46.03;4.07;18/07/2026;10:00;22.5;0;SOLEIL;2;7.2;0
Roanne;46.03;4.07;18/07/2026;11:00;26.5;0;SOLEIL;4;10.8;0
Roanne;46.03;4.07;18/07/2026;12:00;26.5;0;SOLEIL;4;17.6;0
Roanne;46.03;4.07;18/07/2026;13:00;26.5;0;SOLEIL;4;23.2;0
Roanne;46.03;4.07;18/07/2026;14:00;26.1;0;SOLEIL;4;27.8;0
Roanne;46.03;4.07;18/07/2026;15:00;26.1;0;SOLEIL;4;33.8;0
Roanne;46.03;4.07;18/07/2026;16:00;26.1;0;SOLEIL;4;37.1;0
Roanne;46.03;4.07;18/07/2026;17:00;23.6;0;SOLEIL;3;40.7;0
Roanne;46.03;4.07;18/07/2026;18:00;23.6;0;SOLEIL;3;40.7;0
Roanne;46.03;4.07;18/07/2026;19:00;23.6;0;SOLEIL;3;41.8;0
Roanne;46.03;4.07;18/07/2026;20:00;16.5;0;SOLEIL;2;34.6;0
Roanne;46.03;4.07;18/07/2026;21:00;16.5;0;SOLEIL;2;23.8;0
Roanne;46.03;4.07;18/07/2026;22:00;16.5;0;SOLEIL;2;14.4;0
Roanne;46.03;4.07;18/07/2026;23:00;14.4;0;SOLEIL;2;12.6;0
Roanne;46.03;4.07;19/07/2026;00:00;14.4;0;SOLEIL;2;13.0;0
Roanne;46.03;4.07;19/07/2026;01:00;14.4;0;SOLEIL;2;11.2;0
Roanne;46.03;4.07;19/07/2026;02:00;13.1;0;SOLEIL;2;10.8;0
Roanne;46.03;4.07;19/07/2026;03:00;13.1;0;SOLEIL;2;11.5;0
Roanne;46.03;4.07;19/07/2026;04:00;13.1;0;SOLEIL;2;11.2;0
Roanne;46.03;4.07;19/07/2026;05:00;14.9;0;SOLEIL;1;10.1;0
Roanne;46.03;4.07;19/07/2026;06:00;14.9;0;SOLEIL;1;10.4;0
Roanne;46.03;4.07;19/07/2026;07:00;14.9;0;SOLEIL;1;11.5;0
Roanne;46.03;4.07;19/07/2026;08:00;23.5;0;SOLEIL;3;13.7;0
Roanne;46.03;4.07;19/07/2026;09:00;23.5;0;SOLEIL;3;21.6;0
Roanne;46.03;4.07;19/07/2026;10:00;23.5;0;SOLEIL;3;27.4;0
Roanne;46.03;4.07;19/07/2026;11:00;26.6;0;SOLEIL;4;29.9;0
Roanne;46.03;4.07;19/07/2026;12:00;26.6;0;SOLEIL;4;32.4;0
Roanne;46.03;4.07;19/07/2026;13:00;26.6;0;SOLEIL;4;33.5;0
Roanne;46.03;4.07;19/07/2026;14:00;26.2;0;SOLEIL;4;34.9;0
Roanne;46.03;4.07;19/07/2026;15:00;26.2;0;SOLEIL;4;38.9;0
Roanne;46.03;4.07;19/07/2026;16:00;26.2;0;SOLEIL;4;40.7;0
Roanne;46.03;4.07;19/07/2026;17:00;22.7;0;SOLEIL;3;41.0;0
Roanne;46.03;4.07;19/07/2026;18:00;22.7;0;SOLEIL;3;41.0;0
Roanne;46.03;4.07;19/07/2026;19:00;22.7;0;SOLEIL;3;42.1;0
Roanne;46.03;4.07;19/07/2026;20:00;19.2;0;SOLEIL;5;34.2;0
Roanne;46.03;4.07;19/07/2026;21:00;17.6;0;SOLEIL;5;27.0;0
Roanne;46.03;4.07;19/07/2026;22:00;16.0;0;SOLEIL;5;18.4;0
Roanne;46.03;4.07;19/07/2026;23:00;12.6;0;SOLEIL;2;12.2;0
Roanne;46.03;4.07;20/07/2026;00:00;12.6;0;SOLEIL;2;10.8;0
Roanne;46.03;4.07;20/07/2026;01:00;12.6;0;SOLEIL;2;11.9;0
Roanne;46.03;4.07;20/07/2026;02:00;12.4;0;SOLEIL;5;12.6;0
Roanne;46.03;4.07;20/07/2026;03:00;12.4;0;SOLEIL;5;11.9;0
Roanne;46.03;4.07;20/07/2026;04:00;12.4;0;SOLEIL;5;10.8;0
Roanne;46.03;4.07;20/07/2026;05:00;14.1;0;SOLEIL;1;10.4;0
Roanne;46.03;4.07;20/07/2026;06:00;14.1;0;SOLEIL;1;10.8;0
Roanne;46.03;4.07;20/07/2026;07:00;14.1;0;SOLEIL;1;11.9;0
Roanne;46.03;4.07;20/07/2026;08:00;16.2;0;SOLEIL;5;13.7;0
Roanne;46.03;4.07;20/07/2026;09:00;18.1;0;SOLEIL;5;17.3;0
Roanne;46.03;4.07;20/07/2026;10:00;20.0;0;SOLEIL;5;22.0;0
Roanne;46.03;4.07;20/07/2026;11:00;28;0;SOLEIL;3;25.9;0
Roanne;46.03;4.07;20/07/2026;12:00;28;0;SOLEIL;3;28.8;0
Roanne;46.03;4.07;20/07/2026;13:00;28;0;SOLEIL;3;31.0;0
Roanne;46.03;4.07;20/07/2026;14:00;27.6;0;SOLEIL;5;33.5;0
Roanne;46.03;4.07;20/07/2026;15:00;29.5;0;SOLEIL;5;37.8;0
Roanne;46.03;4.07;20/07/2026;16:00;27.6;0;SOLEIL;5;42.1;0
Roanne;46.03;4.07;20/07/2026;17:00;23.6;0;SOLEIL;3;45.0;0
Roanne;46.03;4.07;20/07/2026;18:00;23.6;0;SOLEIL;3;45.4;0
Roanne;46.03;4.07;20/07/2026;19:00;23.6;0;SOLEIL;3;43.6;0
Roanne;46.03;4.07;20/07/2026;20:00;20.0;0;SOLEIL;5;40.0;0
Roanne;46.03;4.07;20/07/2026;21:00;18.1;0;SOLEIL;5;32.4;0
Roanne;46.03;4.07;20/07/2026;22:00;16.2;0;SOLEIL;5;22.7;0
Roanne;46.03;4.07;20/07/2026;23:00;13.2;0;SOLEIL;0;15.5;0
Roanne;46.03;4.07;21/07/2026;00:00;13.2;0;SOLEIL;0;13.7;0
Roanne;46.03;4.07;21/07/2026;01:00;13.2;0;SOLEIL;0;14.4;0
Roanne;46.03;4.07;21/07/2026;02:00;10.9;0;SOLEIL;5;15.5;0
Roanne;46.03;4.07;21/07/2026;03:00;10.9;0;SOLEIL;5;16.2;0
Roanne;46.03;4.07;21/07/2026;04:00;10.9;0;SOLEIL;5;17.3;0
Roanne;46.03;4.07;21/07/2026;05:00;12.7;0;SOLEIL;1;19.4;0
Roanne;46.03;4.07;21/07/2026;06:00;12.7;0;SOLEIL;1;22.0;0
Roanne;46.03;4.07;21/07/2026;07:00;12.7;0;SOLEIL;1;25.2;0
Roanne;46.03;4.07;21/07/2026;08:00;14.6;0;SOLEIL;5;30.6;0
Roanne;46.03;4.07;21/07/2026;09:00;16.5;0;SOLEIL;5;38.9;0
Roanne;46.03;4.07;21/07/2026;10:00;18.3;0;SOLEIL;5;49.3;0
Roanne;46.03;4.07;21/07/2026;11:00;26.4;0;SOLEIL;4;58.7;0
Roanne;46.03;4.07;21/07/2026;12:00;26.4;0;SOLEIL;4;67.2;0
Roanne;46.03;4.07;21/07/2026;13:00;26.4;0;SOLEIL;4;72.5;0
Roanne;46.03;4.07;21/07/2026;14:00;25.7;0;SOLEIL;5;74.3;0
Roanne;46.03;4.07;21/07/2026;15:00;27.6;0;SOLEIL;5;73.1;0
Roanne;46.03;4.07;21/07/2026;16:00;25.7;0;SOLEIL;5;72.7;0
Roanne;46.03;4.07;21/07/2026;17:00;23.4;0;SOLEIL;3;72.7;0
Roanne;46.03;4.07;21/07/2026;18:00;23.4;0;SOLEIL;3;74.9;0
Roanne;46.03;4.07;21/07/2026;19:00;23.4;0;SOLEIL;3;77.0;0
Roanne;46.03;4.07;21/07/2026;20:00;18.3;0;SOLEIL;5;76.0;0
Roanne;46.03;4.07;21/07/2026;21:00;16.5;0;SOLEIL;5;69.1;0
Roanne;46.03;4.07;21/07/2026;22:00;14.6;0;SOLEIL;5;59.0;0
Roanne;46.03;4.07;21/07/2026;23:00;12.6;0;SOLEIL;0;49.0;0
Roanne;46.03;4.07;22/07/2026;00:00;12.6;0;SOLEIL;0;40.3;0
Roanne;46.03;4.07;22/07/2026;01:00;12.6;0;SOLEIL;0;32.0;0
Roanne;46.03;4.07;22/07/2026;02:00;9.7;0;SOLEIL;5;24.8;0
Roanne;46.03;4.07;22/07/2026;03:00;9.7;0;SOLEIL;5;19.1;0
Roanne;46.03;4.07;22/07/2026;04:00;9.7;0;SOLEIL;5;14.8;0
Roanne;46.03;4.07;22/07/2026;05:00;11.6;0;SOLEIL;1;11.9;0
Roanne;46.03;4.07;22/07/2026;06:00;11.6;0;SOLEIL;1;11.2;0
Roanne;46.03;4.07;22/07/2026;07:00;11.6;0;SOLEIL;1;11.9;0
Roanne;46.03;4.07;22/07/2026;08:00;13.9;0;SOLEIL;5;13.7;0
Roanne;46.03;4.07;22/07/2026;09:00;16.0;0;SOLEIL;5;16.2;0
Roanne;46.03;4.07;22/07/2026;10:00;18.1;0;SOLEIL;5;19.4;0
Roanne;46.03;4.07;22/07/2026;11:00;27.1;0;SOLEIL;3;22.0;0
Roanne;46.03;4.07;22/07/2026;12:00;27.1;0;SOLEIL;3;23.4;0
Roanne;46.03;4.07;22/07/2026;13:00;27.1;0;SOLEIL;3;24.5;0
Roanne;46.03;4.07;22/07/2026;14:00;26.6;0;SOLEIL;5;25.9;0
Roanne;46.03;4.07;22/07/2026;15:00;28.7;0;SOLEIL;5;28.4;0
Roanne;46.03;4.07;22/07/2026;16:00;26.6;0;SOLEIL;5;31.7;0
Roanne;46.03;4.07;22/07/2026;17:00;24;0;SOLEIL;3;33.8;0
Roanne;46.03;4.07;22/07/2026;18:00;24;0;SOLEIL;3;34.9;0
Roanne;46.03;4.07;22/07/2026;19:00;24;0;SOLEIL;3;34.9;0
Roanne;46.03;4.07;22/07/2026;20:00;18.1;0;SOLEIL;5;33.5;0
Roanne;46.03;4.07;22/07/2026;21:00;16.0;0;SOLEIL;5;29.2;0
Roanne;46.03;4.07;22/07/2026;22:00;13.9;0;SOLEIL;5;23.4;0
Roanne;46.03;4.07;22/07/2026;23:00;13.5;0;SOLEIL;0;19.4;0
Roanne;46.03;4.07;23/07/2026;00:00;13.5;0;SOLEIL;0;19.4;0
Roanne;46.03;4.07;23/07/2026;01:00;13.5;0;SOLEIL;0;21.6;0
Roanne;46.03;4.07;23/07/2026;02:00;10.6;0;SOLEIL;5;24.1;0
Roanne;46.03;4.07;23/07/2026;03:00;10.6;0;SOLEIL;5;26.3;0
Roanne;46.03;4.07;23/07/2026;04:00;10.6;0;SOLEIL;5;28.4;0
Roanne;46.03;4.07;23/07/2026;05:00;12.9;0;SOLEIL;2;30.6;0
Roanne;46.03;4.07;23/07/2026;06:00;12.9;0;SOLEIL;2;32.8;0
Roanne;46.03;4.07;23/07/2026;07:00;12.9;0;SOLEIL;2;34.9;0
Roanne;46.03;4.07;23/07/2026;08:00;14.1;0;SOLEIL;5;38.2;0
Roanne;46.03;4.07;23/07/2026;09:00;15.8;0;SOLEIL;5;43.2;0
Roanne;46.03;4.07;23/07/2026;10:00;17.5;0;SOLEIL;5;49.0;0
Roanne;46.03;4.07;23/07/2026;11:00;24.7;0;SOLEIL;5;54.0;0
Roanne;46.03;4.07;23/07/2026;12:00;24.7;0;SOLEIL;5;58.7;0
Roanne;46.03;4.07;23/07/2026;13:00;24.7;0;SOLEIL;5;62.6;0
Roanne;46.03;4.07;23/07/2026;14:00;24.5;0;SOLEIL;5;64.4;0
Roanne;46.03;4.07;23/07/2026;15:00;26.2;0;SOLEIL;5;62.3;0
Roanne;46.03;4.07;23/07/2026;16:00;24.5;0;SOLEIL;5;58.3;0
Roanne;46.03;4.07;23/07/2026;17:00;22.9;0;SOLEIL;4;55.8;0
Roanne;46.03;4.07;23/07/2026;18:00;22.9;0;SOLEIL;4;57.6;0
Roanne;46.03;4.07;23/07/2026;19:00;22.9;0;SOLEIL;4;60.8;0
Roanne;46.03;4.07;23/07/2026;20:00;17.5;0;SOLEIL;5;61.9;0
Roanne;46.03;4.07;23/07/2026;21:00;15.8;0;SOLEIL;5;59.0;0
Roanne;46.03;4.07;23/07/2026;22:00;14.1;0;SOLEIL;5;54.0;0
Roanne;46.03;4.07;23/07/2026;23:00;13.2;0;SOLEIL;0;49.3;0
Roanne;46.03;4.07;24/07/2026;00:00;13.2;0;SOLEIL;0;46.3;0
Roanne;46.03;4.07;24/07/2026;01:00;13.2;0;SOLEIL;0;43.6;0
Roanne;46.03;4.07;24/07/2026;02:00;10.6;0;SOLEIL;5;40.1;0
Roanne;46.03;4.07;24/07/2026;03:00;10.6;0;SOLEIL;5;34.9;0
Roanne;46.03;4.07;24/07/2026;04:00;10.6;0;SOLEIL;5;28.8;0
Roanne;46.03;4.07;24/07/2026;05:00;13.5;0;SOLEIL;1;22.3;0
Roanne;46.03;4.07;24/07/2026;06:00;13.5;0;SOLEIL;1;16.2;0
Roanne;46.03;4.07;24/07/2026;07:00;13.5;0;SOLEIL;1;11.5;0
Roanne;46.03;4.07;24/07/2026;08:00;14.7;0;SOLEIL;5;9.0;0
Roanne;46.03;4.07;24/07/2026;09:00;16.8;0;SOLEIL;5;9.4;0
Roanne;46.03;4.07;24/07/2026;10:00;18.9;0;SOLEIL;5;11.5;0
Roanne;46.03;4.07;24/07/2026;11:00;27.9;0;SOLEIL;3;15.1;0
Roanne;46.03;4.07;24/07/2026;12:00;27.9;0;SOLEIL;3;19.4;0
Roanne;46.03;4.07;24/07/2026;13:00;27.9;0;SOLEIL;3;23.0;0
Roanne;46.03;4.07;24/07/2026;14:00;27.1;0;SOLEIL;5;25.2;0
Roanne;46.03;4.07;24/07/2026;15:00;29.2;0;SOLEIL;5;26.3;0
Roanne;46.03;4.07;24/07/2026;16:00;27.1;0;SOLEIL;5;26.6;0
Roanne;46.03;4.07;24/07/2026;17:00;24.1;0;SOLEIL;3;26.3;0
Roanne;46.03;4.07;24/07/2026;18:00;24.1;0;SOLEIL;3;25.9;0
Roanne;46.03;4.07;24/07/2026;19:00;24.1;0;SOLEIL;3;25.2;0
Roanne;46.03;4.07;24/07/2026;20:00;18.9;0;SOLEIL;5;24.1;0
Roanne;46.03;4.07;24/07/2026;21:00;16.8;0;SOLEIL;5;22.7;0
Roanne;46.03;4.07;24/07/2026;22:00;14.7;0;SOLEIL;5;20.2;0
Roanne;46.03;4.07;24/07/2026;23:00;14.9;0;SOLEIL;2;17.6;0
Roanne;46.03;4.07;25/07/2026;00:00;14.9;0;SOLEIL;2;15.1;0
Roanne;46.03;4.07;25/07/2026;01:00;14.9;0;SOLEIL;2;13.3;0
Roanne;46.03;4.07;25/07/2026;02:00;12.1;0;SOLEIL;5;11.9;0
Roanne;46.03;4.07;25/07/2026;03:00;12.1;0;SOLEIL;5;11.2;0
Roanne;46.03;4.07;25/07/2026;04:00;12.1;0;SOLEIL;5;11.2;0
Roanne;46.03;4.07;25/07/2026;05:00;14.7;0;SOLEIL;2;11.2;0
Roanne;46.03;4.07;25/07/2026;06:00;14.7;0;SOLEIL;2;11.9;0
Roanne;46.03;4.07;25/07/2026;07:00;14.7;0;SOLEIL;2;13.3;0
Roanne;46.03;4.07;25/07/2026;08:00;16.0;0;SOLEIL;5;15.1;0
Roanne;46.03;4.07;25/07/2026;09:00;17.9;0;SOLEIL;5;18.0;0
Roanne;46.03;4.07;25/07/2026;10:00;19.9;0;SOLEIL;5;22.3;0
Roanne;46.03;4.07;25/07/2026;11:00;28.7;0;SOLEIL;3;27.0;0
Roanne;46.03;4.07;25/07/2026;12:00;28.7;0;SOLEIL;3;31.7;0
Roanne;46.03;4.07;25/07/2026;13:00;28.7;0;SOLEIL;3;36.0;0
Roanne;46.03;4.07;25/07/2026;14:00;27.7;0;SOLEIL;5;39.2;0
Roanne;46.03;4.07;25/07/2026;15:00;29.6;0;SOLEIL;5;41.4;0
Roanne;46.03;4.07;25/07/2026;16:00;27.7;0;SOLEIL;5;42.8;0
Roanne;46.03;4.07;25/07/2026;17:00;22.4;0;SOLEIL;2;43.9;0
Roanne;46.03;4.07;25/07/2026;18:00;22.4;0;SOLEIL;2;44.6;0
Roanne;46.03;4.07;25/07/2026;19:00;22.4;0;SOLEIL;2;44.6;0
Roanne;46.03;4.07;25/07/2026;20:00;19.9;0;SOLEIL;5;44.3;0
Roanne;46.03;4.07;25/07/2026;21:00;17.9;0;SOLEIL;5;43.2;0
Roanne;46.03;4.07;25/07/2026;22:00;16.0;0;SOLEIL;5;41.4;0
Roanne;46.03;4.07;25/07/2026;23:00;14.9;0;SOLEIL;2;39.2;0
Roanne;46.03;4.07;26/07/2026;00:00;14.9;0;SOLEIL;2;37.1;0
Roanne;46.03;4.07;26/07/2026;01:00;14.9;0;SOLEIL;2;34.9;0
Roanne;46.03;4.07;26/07/2026;02:00;12.9;0;SOLEIL;5;33.1;0
Roanne;46.03;4.07;26/07/2026;03:00;12.9;0;SOLEIL;5;32.0;0
Roanne;46.03;4.07;26/07/2026;04:00;12.9;0;SOLEIL;5;31.0;0
Roanne;46.03;4.07;26/07/2026;05:00;;0;SOLEIL;;30.2;0
Roanne;46.03;4.07;26/07/2026;06:00;;0;SOLEIL;;29.5;0
Roanne;46.03;4.07;26/07/2026;07:00;;0;SOLEIL;;29.2;0
Roanne;46.03;4.07;26/07/2026;08:00;15.8;0;SOLEIL;5;28.8;0
Roanne;46.03;4.07;26/07/2026;09:00;17.3;0;SOLEIL;5;28.8;0
Roanne;46.03;4.07;26/07/2026;10:00;18.8;0;SOLEIL;5;28.8;0
Roanne;46.03;4.07;26/07/2026;11:00;;0;SOLEIL;;28.8;0
Roanne;46.03;4.07;26/07/2026;12:00;;0;SOLEIL;;29.2;0
Roanne;46.03;4.07;26/07/2026;13:00;;0;SOLEIL;;29.9;0
Roanne;46.03;4.07;26/07/2026;14:00;24.6;0;SOLEIL;5;31.0;0
Roanne;46.03;4.07;26/07/2026;15:00;26.1;0;SOLEIL;5;32.8;0
Roanne;46.03;4.07;26/07/2026;16:00;24.6;0;SOLEIL;5;35.3;0
Roanne;46.03;4.07;26/07/2026;17:00;;0;SOLEIL;;37.8;0
Roanne;46.03;4.07;26/07/2026;18:00;;0;SOLEIL;;40.3;0
Roanne;46.03;4.07;26/07/2026;19:00;;0;SOLEIL;;42.1;0
Roanne;46.03;4.07;26/07/2026;20:00;18.8;0;SOLEIL;5;42.5;0
Roanne;46.03;4.07;26/07/2026;21:00;17.3;0;SOLEIL;5;41.0;0
Roanne;46.03;4.07;26/07/2026;22:00;15.8;0;SOLEIL;5;38.5;0
Roanne;46.03;4.07;26/07/2026;23:00;;0;SOLEIL;;35.3;0
Roanne;46.03;4.07;27/07/2026;00:00;;0;SOLEIL;;31.7;0
Roanne;46.03;4.07;27/07/2026;01:00;;0;SOLEIL;;28.4;0
Roanne;46.03;4.07;27/07/2026;02:00;12;0;SOLEIL;5;26.3;0
Roanne;46.03;4.07;27/07/2026;03:00;12;0;SOLEIL;5;25.2;0
Roanne;46.03;4.07;27/07/2026;04:00;12;0;SOLEIL;5;24.1;0
Roanne;46.03;4.07;27/07/2026;05:00;;0;SOLEIL;;23.8;0
Roanne;46.03;4.07;27/07/2026;06:00;;0;SOLEIL;;24.1;0
Roanne;46.03;4.07;27/07/2026;07:00;;0;SOLEIL;;24.5;0
Roanne;46.03;4.07;27/07/2026;08:00;15.3;0;SOLEIL;5;25.6;0
Roanne;46.03;4.07;27/07/2026;09:00;16.9;0;SOLEIL;5;27.4;0
Roanne;46.03;4.07;27/07/2026;10:00;18.5;0;SOLEIL;5;30.2;0
Roanne;46.03;4.07;27/07/2026;11:00;;0;SOLEIL;;33.5;0
Roanne;46.03;4.07;27/07/2026;12:00;;0;SOLEIL;;36.7;0
Roanne;46.03;4.07;27/07/2026;13:00;;0;SOLEIL;;39.6;0
Roanne;46.03;4.07;27/07/2026;14:00;25.1;0;SOLEIL;5;41.8;0
Roanne;46.03;4.07;27/07/2026;15:00;26.7;0;SOLEIL;5;42.8;0
Roanne;46.03;4.07;27/07/2026;16:00;25.1;0;SOLEIL;5;43.6;0
Roanne;46.03;4.07;27/07/2026;17:00;;0;SOLEIL;;43.9;0
Roanne;46.03;4.07;27/07/2026;18:00;;0;SOLEIL;;43.9;0
Roanne;46.03;4.07;27/07/2026;19:00;;0;SOLEIL;;43.6;0
Roanne;46.03;4.07;27/07/2026;20:00;18.5;0;SOLEIL;5;42.8;0
Roanne;46.03;4.07;27/07/2026;21:00;16.9;0;SOLEIL;5;41.8;0
Roanne;46.03;4.07;27/07/2026;22:00;15.3;0;SOLEIL;5;40.7;0
Roanne;46.03;4.07;27/07/2026;23:00;;6;AVERSES;;38.9;0
Roanne;46.03;4.07;28/07/2026;00:00;;6;AVERSES;;37.1;0
Roanne;46.03;4.07;28/07/2026;01:00;;6;AVERSES;;35.3;0
Roanne;46.03;4.07;28/07/2026;02:00;12.6;6;AVERSES;5;33.5;0
Roanne;46.03;4.07;28/07/2026;03:00;12.6;6;AVERSES;5;31.3;0
Roanne;46.03;4.07;28/07/2026;04:00;12.6;6;AVERSES;5;28.4;0
Roanne;46.03;4.07;28/07/2026;05:00;;6;AVERSES;;25.6;0
Roanne;46.03;4.07;28/07/2026;06:00;;6;AVERSES;;23.0;0
Roanne;46.03;4.07;28/07/2026;07:00;;6;AVERSES;;21.2;0
Roanne;46.03;4.07;28/07/2026;08:00;16.2;6;AVERSES;5;20.5;0
Roanne;46.03;4.07;28/07/2026;09:00;18.0;6;AVERSES;5;21.2;0
Roanne;46.03;4.07;28/07/2026;10:00;19.8;6;AVERSES;5;23.4;0
Roanne;46.03;4.07;28/07/2026;11:00;;6;AVERSES;;26.3;0
Roanne;46.03;4.07;28/07/2026;12:00;;6;AVERSES;;29.2;0
Roanne;46.03;4.07;28/07/2026;13:00;;6;AVERSES;;32.0;0
Roanne;46.03;4.07;28/07/2026;14:00;27.1;6;AVERSES;5;34.2;0
Roanne;46.03;4.07;28/07/2026;15:00;28.9;6;AVERSES;5;36.0;0
Roanne;46.03;4.07;28/07/2026;16:00;27.1;6;AVERSES;5;37.4;0
Roanne;46.03;4.07;28/07/2026;17:00;;6;AVERSES;;38.9;0
Roanne;46.03;4.07;28/07/2026;18:00;;6;AVERSES;;40.0;0
Roanne;46.03;4.07;28/07/2026;19:00;;6;AVERSES;;40.7;0
Roanne;46.03;4.07;28/07/2026;20:00;19.8;6;AVERSES;5;40.3;0
Roanne;46.03;4.07;28/07/2026;21:00;18.0;6;AVERSES;5;39.2;0
Roanne;46.03;4.07;28/07/2026;22:00;16.2;6;AVERSES;5;37.4;0
Roanne;46.03;4.07;28/07/2026;23:00;;0;SOLEIL;;34.9;0
Roanne;46.03;4.07;29/07/2026;00:00;;0;SOLEIL;;32.0;0
Roanne;46.03;4.07;29/07/2026;01:00;;0;SOLEIL;;29.5;0
Roanne;46.03;4.07;29/07/2026;02:00;12.7;0;SOLEIL;5;27.0;0
Roanne;46.03;4.07;29/07/2026;03:00;12.7;0;SOLEIL;5;24.5;0
Roanne;46.03;4.07;29/07/2026;04:00;12.7;0;SOLEIL;5;22.0;0
Roanne;46.03;4.07;29/07/2026;05:00;;0;SOLEIL;;19.4;0
Roanne;46.03;4.07;29/07/2026;06:00;;0;SOLEIL;;16.9;0
Roanne;46.03;4.07;29/07/2026;07:00;;0;SOLEIL;;15.5;0
Roanne;46.03;4.07;29/07/2026;08:00;16.4;0;SOLEIL;5;14.4;0
Roanne;46.03;4.07;29/07/2026;09:00;18.2;0;SOLEIL;5;14.4;0
Roanne;46.03;4.07;29/07/2026;10:00;20.0;0;SOLEIL;5;15.5;0
Roanne;46.03;4.07;29/07/2026;11:00;;0;SOLEIL;;16.9;0
Roanne;46.03;4.07;29/07/2026;12:00;;0;SOLEIL;;18.4;0
Roanne;46.03;4.07;29/07/2026;13:00;;0;SOLEIL;;20.5;0
Roanne;46.03;4.07;29/07/2026;14:00;27.4;0;SOLEIL;5;22.0;0
Roanne;46.03;4.07;29/07/2026;15:00;29.2;0;SOLEIL;5;23.8;0
Roanne;46.03;4.07;29/07/2026;16:00;27.4;0;SOLEIL;5;25.9;0
Roanne;46.03;4.07;29/07/2026;17:00;;0;SOLEIL;;27.7;0
Roanne;46.03;4.07;29/07/2026;18:00;;0;SOLEIL;;29.9;0
Roanne;46.03;4.07;29/07/2026;19:00;;0;SOLEIL;;31.0;0
Roanne;46.03;4.07;29/07/2026;20:00;20.0;0;SOLEIL;5;31.7;0
Roanne;46.03;4.07;29/07/2026;21:00;18.2;0;SOLEIL;5;31.3;0
Roanne;46.03;4.07;29/07/2026;22:00;16.4;0;SOLEIL;5;29.9;0
Roanne;46.03;4.07;29/07/2026;23:00;;0;SOLEIL;;28.1;0
Roanne;46.03;4.07;30/07/2026;00:00;;0;SOLEIL;;25.9;0
Roanne;46.03;4.07;30/07/2026;01:00;;0;SOLEIL;;24.1;0
Roanne;46.03;4.07;30/07/2026;02:00;12.7;0;SOLEIL;5;22.3;0
Roanne;46.03;4.07;30/07/2026;03:00;12.7;0;SOLEIL;5;20.5;0
Roanne;46.03;4.07;30/07/2026;04:00;12.7;0;SOLEIL;5;18.7;0
Roanne;46.03;4.07;30/07/2026;05:00;;0;SOLEIL;;16.6;0
Roanne;46.03;4.07;30/07/2026;06:00;;0;SOLEIL;;15.1;0
Roanne;46.03;4.07;30/07/2026;07:00;;0;SOLEIL;;14.4;0
Roanne;46.03;4.07;30/07/2026;08:00;16.2;0;SOLEIL;5;15.1;0
Roanne;46.03;4.07;30/07/2026;09:00;17.9;0;SOLEIL;5;17.3;0
Roanne;46.03;4.07;30/07/2026;10:00;19.7;0;SOLEIL;5;21.2;0
Roanne;46.03;4.07;30/07/2026;11:00;;0;SOLEIL;;25.9;0
Roanne;46.03;4.07;30/07/2026;12:00;;0;SOLEIL;;30.6;0
Roanne;46.03;4.07;30/07/2026;13:00;;0;SOLEIL;;34.9;0
Roanne;46.03;4.07;30/07/2026;14:00;26.7;0;SOLEIL;5;38.2;0
Roanne;46.03;4.07;30/07/2026;15:00;28.4;0;SOLEIL;5;40.3;0
Roanne;46.03;4.07;30/07/2026;16:00;26.7;0;SOLEIL;5;41.8;0
Roanne;46.03;4.07;30/07/2026;17:00;;0;SOLEIL;;43.2;0
Roanne;46.03;4.07;30/07/2026;18:00;;0;SOLEIL;;43.9;0
Roanne;46.03;4.07;30/07/2026;19:00;;0;SOLEIL;;43.9;0
Roanne;46.03;4.07;30/07/2026;20:00;19.7;0;SOLEIL;5;43.9;0
Roanne;46.03;4.07;30/07/2026;21:00;17.9;0;SOLEIL;5;43.2;0
Roanne;46.03;4.07;30/07/2026;22:00;16.2;0;SOLEIL;5;41.4;0
Roanne;46.03;4.07;30/07/2026;23:00;14.4;0;SOLEIL;5;39.6;0
Roanne;46.03;4.07;31/07/2026;00:00;12;0;SOLEIL;5;32.6;0
Roanne;46.03;4.07;31/07/2026;01:00;12;0;SOLEIL;5;26.6;0
Roanne;46.03;4.07;31/07/2026;02:00;12;0;SOLEIL;5;22.1;0
Roanne;46.03;4.07;31/07/2026;03:00;12;0;SOLEIL;5;17.3;0
Roanne;46.03;4.07;31/07/2026;04:00;12;0;SOLEIL;5;15.8;0
Roanne;46.03;4.07;31/07/2026;05:00;12;0;SOLEIL;5;15.1;0
Roanne;46.03;4.07;31/07/2026;06:00;12;0;SOLEIL;5;14.8;0
Roanne;46.03;4.07;31/07/2026;07:00;13.1;0;SOLEIL;5;14.8;0
Roanne;46.03;4.07;31/07/2026;08:00;14.2;0;SOLEIL;5;14.8;0
Roanne;46.03;4.07;31/07/2026;09:00;15.3;0;SOLEIL;5;14.8;0
Roanne;46.03;4.07;31/07/2026;10:00;16.4;0;SOLEIL;5;15.1;0
Roanne;46.03;4.07;31/07/2026;11:00;17.6;0;SOLEIL;5;15.1;0
Roanne;46.03;4.07;31/07/2026;12:00;18.7;0;SOLEIL;5;14.8;0
Roanne;46.03;4.07;31/07/2026;13:00;19.8;0;SOLEIL;5;14.0;0
Roanne;46.03;4.07;31/07/2026;14:00;20.9;0;SOLEIL;5;13.7;0
Roanne;46.03;4.07;31/07/2026;15:00;22.0;0;SOLEIL;5;14.0;0
Roanne;46.03;4.07;31/07/2026;16:00;20.9;0;SOLEIL;5;14.4;0
Roanne;46.03;4.07;31/07/2026;17:00;19.8;0;SOLEIL;5;15.8;0
Roanne;46.03;4.07;31/07/2026;18:00;18.7;0;SOLEIL;5;19.1;0
Roanne;46.03;4.07;31/07/2026;19:00;17.6;0;SOLEIL;5;23.0;0
Roanne;46.03;4.07;31/07/2026;20:00;16.4;0;SOLEIL;5;24.1;0
Roanne;46.03;4.07;31/07/2026;21:00;15.3;0;SOLEIL;5;20.2;0
Roanne;46.03;4.07;31/07/2026;22:00;14.2;0;SOLEIL;5;13.7;0
Roanne;46.03;4.07;31/07/2026;23:00;13.1;0;SOLEIL;5;8.3;0
Roanne;46.03;4.07;01/08/2026;00:00;12;0;SOLEIL;5;0.0;0
Roanne;46.03;4.07;01/08/2026;01:00;12;0;SOLEIL;5;0.0;0
Roanne;46.03;4.07;01/08/2026;02:00;12;0;SOLEIL;5;0.0;0
Roanne;46.03;4.07;01/08/2026;03:00;12;0;SOLEIL;5;0.0;0
Roanne;46.03;4.07;01/08/2026;04:00;12;0;SOLEIL;5;0.0;0
Roanne;46.03;4.07;01/08/2026;05:00;12;0;SOLEIL;5;0.0;0
Roanne;46.03;4.07;01/08/2026;06:00;12;0;SOLEIL;5;0.0;0
Roanne;46.03;4.07;01/08/2026;07:00;13.1;0;SOLEIL;5;0.0;0
Roanne;46.03;4.07;01/08/2026;08:00;14.2;0;SOLEIL;5;0.0;0
Roanne;46.03;4.07;01/08/2026;09:00;15.3;0;SOLEIL;5;0.0;0
Roanne;46.03;4.07;01/08/2026;10:00;16.4;0;SOLEIL;5;0.0;0
Roanne;46.03;4.07;01/08/2026;11:00;17.6;0;SOLEIL;5;0.0;0
Roanne;46.03;4.07;01/08/2026;12:00;18.7;0;SOLEIL;5;0.0;0
Roanne;46.03;4.07;01/08/2026;13:00;19.8;0;SOLEIL;5;0.0;0
Roanne;46.03;4.07;01/08/2026;14:00;20.9;0;SOLEIL;5;0.0;0
Roanne;46.03;4.07;01/08/2026;15:00;22.0;0;SOLEIL;5;0.0;0
Roanne;46.03;4.07;01/08/2026;16:00;20.9;0;SOLEIL;5;0.0;0
Roanne;46.03;4.07;01/08/2026;17:00;19.8;0;SOLEIL;5;0.0;0
Roanne;46.03;4.07;01/08/2026;18:00;18.7;0;SOLEIL;5;0.0;0
Roanne;46.03;4.07;01/08/2026;19:00;17.6;0;SOLEIL;5;0.0;0
Roanne;46.03;4.07;01/08/2026;20:00;16.4;0;SOLEIL;5;0.0;0
Roanne;46.03;4.07;01/08/2026;21:00;15.3;0;SOLEIL;5;0.0;0
Roanne;46.03;4.07;01/08/2026;22:00;14.2;0;SOLEIL;5;0.0;0
Roanne;46.03;4.07;01/08/2026;23:00;13.1;0;SOLEIL;5;0.0;0
Saint-Étienne;45.43;4.39;17/07/2026;00:00;18.9;6;AVERSES;4;31.0;2.6
Saint-Étienne;45.43;4.39;17/07/2026;01:00;18.1;0;SOLEIL;3;23.8;0
Saint-Étienne;45.43;4.39;17/07/2026;02:00;18;0;SOLEIL;3;22.3;0
Saint-Étienne;45.43;4.39;17/07/2026;03:00;18.9;0;SOLEIL;3;24.5;0
Saint-Étienne;45.43;4.39;17/07/2026;04:00;17.5;0;SOLEIL;3;23.8;0
Saint-Étienne;45.43;4.39;17/07/2026;05:00;16.6;0;SOLEIL;2;17.6;0
Saint-Étienne;45.43;4.39;17/07/2026;06:00;19.5;0;SOLEIL;2;17.6;0
Saint-Étienne;45.43;4.39;17/07/2026;07:00;20.6;0;SOLEIL;2;10.8;0
Saint-Étienne;45.43;4.39;17/07/2026;08:00;23.2;0;SOLEIL;1;7.2;0
Saint-Étienne;45.43;4.39;17/07/2026;09:00;25.2;0;SOLEIL;4;3.6;0
Saint-Étienne;45.43;4.39;17/07/2026;10:00;26.6;0;SOLEIL;3;7.2;0
Saint-Étienne;45.43;4.39;17/07/2026;11:00;27.9;6;AVERSES;4;13.7;0.1
Saint-Étienne;45.43;4.39;17/07/2026;12:00;28.9;6;AVERSES;5;20.9;0.1
Saint-Étienne;45.43;4.39;17/07/2026;13:00;30.1;10;ORAGEUX;4;24.5;0.1
Saint-Étienne;45.43;4.39;17/07/2026;14:00;28.6;10;ORAGEUX;5;22.0;0.1
Saint-Étienne;45.43;4.39;17/07/2026;15:00;27.7;10;ORAGEUX;4;20.5;0.1
Saint-Étienne;45.43;4.39;17/07/2026;16:00;27.4;10;ORAGEUX;5;65.2;0.1
Saint-Étienne;45.43;4.39;17/07/2026;17:00;29.1;10;ORAGEUX;5;29.2;0.1
Saint-Étienne;45.43;4.39;17/07/2026;18:00;26.7;10;ORAGEUX;4;13.3;0.1
Saint-Étienne;45.43;4.39;17/07/2026;19:00;24.6;10;ORAGEUX;3;14.8;0.1
Saint-Étienne;45.43;4.39;17/07/2026;20:00;22.9;10;ORAGEUX;2;8.3;0.1
Saint-Étienne;45.43;4.39;17/07/2026;21:00;22.9;0;SOLEIL;2;9.0;0
Saint-Étienne;45.43;4.39;17/07/2026;22:00;22.9;0;SOLEIL;2;18.0;0
Saint-Étienne;45.43;4.39;17/07/2026;23:00;22;0;SOLEIL;2;1.8;0
Saint-Étienne;45.43;4.39;18/07/2026;00:00;22.1;0;SOLEIL;2;2.9;0
Saint-Étienne;45.43;4.39;18/07/2026;01:00;22.1;0;SOLEIL;2;5.4;0
Saint-Étienne;45.43;4.39;18/07/2026;02:00;18.9;0;SOLEIL;1;6.8;0
Saint-Étienne;45.43;4.39;18/07/2026;03:00;18.9;0;SOLEIL;1;6.1;0
Saint-Étienne;45.43;4.39;18/07/2026;04:00;18.9;0;SOLEIL;1;3.6;0
Saint-Étienne;45.43;4.39;18/07/2026;05:00;19.9;0;SOLEIL;1;3.2;0
Saint-Étienne;45.43;4.39;18/07/2026;06:00;19.9;0;SOLEIL;1;5.4;0
Saint-Étienne;45.43;4.39;18/07/2026;07:00;19.9;0;SOLEIL;1;7.9;0
Saint-Étienne;45.43;4.39;18/07/2026;08:00;23.5;0;SOLEIL;2;7.2;0
Saint-Étienne;45.43;4.39;18/07/2026;09:00;23.5;0;SOLEIL;2;5.0;0
Saint-Étienne;45.43;4.39;18/07/2026;10:00;23.5;0;SOLEIL;2;6.5;0
Saint-Étienne;45.43;4.39;18/07/2026;11:00;26;0;SOLEIL;3;14.8;0
Saint-Étienne;45.43;4.39;18/07/2026;12:00;26;0;SOLEIL;3;18.4;0
Saint-Étienne;45.43;4.39;18/07/2026;13:00;26;0;SOLEIL;3;20.5;0
Saint-Étienne;45.43;4.39;18/07/2026;14:00;27.5;0;SOLEIL;3;21.7;0
Saint-Étienne;45.43;4.39;18/07/2026;15:00;27.5;0;SOLEIL;3;25.2;0
Saint-Étienne;45.43;4.39;18/07/2026;16:00;27.5;0;SOLEIL;3;25.6;0
Saint-Étienne;45.43;4.39;18/07/2026;17:00;25.4;0;SOLEIL;2;23.8;0
Saint-Étienne;45.43;4.39;18/07/2026;18:00;25.4;0;SOLEIL;2;24.5;0
Saint-Étienne;45.43;4.39;18/07/2026;19:00;25.4;0;SOLEIL;2;24.1;0
Saint-Étienne;45.43;4.39;18/07/2026;20:00;22.5;0;SOLEIL;1;29.5;0
Saint-Étienne;45.43;4.39;18/07/2026;21:00;22.5;0;SOLEIL;1;28.1;0
Saint-Étienne;45.43;4.39;18/07/2026;22:00;22.5;0;SOLEIL;1;17.6;0
Saint-Étienne;45.43;4.39;18/07/2026;23:00;20.2;0;SOLEIL;2;8.3;0
Saint-Étienne;45.43;4.39;19/07/2026;00:00;20.2;0;SOLEIL;2;8.3;0
Saint-Étienne;45.43;4.39;19/07/2026;01:00;20.2;0;SOLEIL;2;7.6;0
Saint-Étienne;45.43;4.39;19/07/2026;02:00;18.5;0;SOLEIL;1;5.0;0
Saint-Étienne;45.43;4.39;19/07/2026;03:00;18.5;0;SOLEIL;1;4.3;0
Saint-Étienne;45.43;4.39;19/07/2026;04:00;18.5;0;SOLEIL;1;5.4;0
Saint-Étienne;45.43;4.39;19/07/2026;05:00;19.7;0;SOLEIL;1;6.1;0
Saint-Étienne;45.43;4.39;19/07/2026;06:00;19.7;0;SOLEIL;1;3.2;0
Saint-Étienne;45.43;4.39;19/07/2026;07:00;19.7;0;SOLEIL;1;3.6;0
Saint-Étienne;45.43;4.39;19/07/2026;08:00;24.6;0;SOLEIL;3;4.0;0
Saint-Étienne;45.43;4.39;19/07/2026;09:00;24.6;0;SOLEIL;3;13.3;0
Saint-Étienne;45.43;4.39;19/07/2026;10:00;24.6;0;SOLEIL;3;24.5;0
Saint-Étienne;45.43;4.39;19/07/2026;11:00;26.2;0;SOLEIL;4;30.6;0
Saint-Étienne;45.43;4.39;19/07/2026;12:00;26.2;0;SOLEIL;4;33.1;0
Saint-Étienne;45.43;4.39;19/07/2026;13:00;26.2;0;SOLEIL;4;32.8;0
Saint-Étienne;45.43;4.39;19/07/2026;14:00;27;0;SOLEIL;4;33.8;0
Saint-Étienne;45.43;4.39;19/07/2026;15:00;27;0;SOLEIL;4;34.6;0
Saint-Étienne;45.43;4.39;19/07/2026;16:00;27;0;SOLEIL;4;35.3;0
Saint-Étienne;45.43;4.39;19/07/2026;17:00;25.2;0;SOLEIL;4;35.3;0
Saint-Étienne;45.43;4.39;19/07/2026;18:00;25.2;0;SOLEIL;4;33.8;0
Saint-Étienne;45.43;4.39;19/07/2026;19:00;25.2;0;SOLEIL;4;31.0;0
Saint-Étienne;45.43;4.39;19/07/2026;20:00;21.8;0;SOLEIL;5;29.2;0
Saint-Étienne;45.43;4.39;19/07/2026;21:00;20.6;0;SOLEIL;5;25.2;0
Saint-Étienne;45.43;4.39;19/07/2026;22:00;19.5;0;SOLEIL;5;20.5;0
Saint-Étienne;45.43;4.39;19/07/2026;23:00;19.6;0;SOLEIL;2;16.2;0
Saint-Étienne;45.43;4.39;20/07/2026;00:00;19.6;0;SOLEIL;2;13.0;0
Saint-Étienne;45.43;4.39;20/07/2026;01:00;19.6;0;SOLEIL;2;10.4;0
Saint-Étienne;45.43;4.39;20/07/2026;02:00;17.1;0;SOLEIL;5;8.3;0
Saint-Étienne;45.43;4.39;20/07/2026;03:00;17.1;0;SOLEIL;5;6.8;0
Saint-Étienne;45.43;4.39;20/07/2026;04:00;17.1;0;SOLEIL;5;6.1;0
Saint-Étienne;45.43;4.39;20/07/2026;05:00;18;0;SOLEIL;2;5.8;0
Saint-Étienne;45.43;4.39;20/07/2026;06:00;18;0;SOLEIL;2;5.0;0
Saint-Étienne;45.43;4.39;20/07/2026;07:00;18;0;SOLEIL;2;4.7;0
Saint-Étienne;45.43;4.39;20/07/2026;08:00;19.7;0;SOLEIL;5;6.1;0
Saint-Étienne;45.43;4.39;20/07/2026;09:00;21.1;0;SOLEIL;5;11.2;0
Saint-Étienne;45.43;4.39;20/07/2026;10:00;22.4;0;SOLEIL;5;18.7;0
Saint-Étienne;45.43;4.39;20/07/2026;11:00;26.7;0;SOLEIL;4;24.5;0
Saint-Étienne;45.43;4.39;20/07/2026;12:00;26.7;0;SOLEIL;4;27.7;0
Saint-Étienne;45.43;4.39;20/07/2026;13:00;26.7;0;SOLEIL;4;29.9;0
Saint-Étienne;45.43;4.39;20/07/2026;14:00;27.7;0;SOLEIL;5;31.3;0
Saint-Étienne;45.43;4.39;20/07/2026;15:00;29.0;0;SOLEIL;5;32.8;0
Saint-Étienne;45.43;4.39;20/07/2026;16:00;27.7;0;SOLEIL;5;33.8;0
Saint-Étienne;45.43;4.39;20/07/2026;17:00;26.5;0;SOLEIL;4;34.2;0
Saint-Étienne;45.43;4.39;20/07/2026;18:00;26.5;0;SOLEIL;4;33.8;0
Saint-Étienne;45.43;4.39;20/07/2026;19:00;26.5;0;SOLEIL;4;32.8;0
Saint-Étienne;45.43;4.39;20/07/2026;20:00;22.4;0;SOLEIL;5;30.2;0
Saint-Étienne;45.43;4.39;20/07/2026;21:00;21.1;0;SOLEIL;5;24.8;0
Saint-Étienne;45.43;4.39;20/07/2026;22:00;19.7;0;SOLEIL;5;18.4;0
Saint-Étienne;45.43;4.39;20/07/2026;23:00;20.1;0;SOLEIL;2;13.0;0
Saint-Étienne;45.43;4.39;21/07/2026;00:00;20.1;0;SOLEIL;2;10.8;0
Saint-Étienne;45.43;4.39;21/07/2026;01:00;20.1;0;SOLEIL;2;10.1;0
Saint-Étienne;45.43;4.39;21/07/2026;02:00;16.5;0;SOLEIL;5;9.4;0
Saint-Étienne;45.43;4.39;21/07/2026;03:00;16.5;0;SOLEIL;5;8.6;0
Saint-Étienne;45.43;4.39;21/07/2026;04:00;16.5;0;SOLEIL;5;8.3;0
Saint-Étienne;45.43;4.39;21/07/2026;05:00;17.6;0;SOLEIL;3;7.6;0
Saint-Étienne;45.43;4.39;21/07/2026;06:00;17.6;0;SOLEIL;3;5.8;0
Saint-Étienne;45.43;4.39;21/07/2026;07:00;17.6;0;SOLEIL;3;3.6;0
Saint-Étienne;45.43;4.39;21/07/2026;08:00;19.1;0;SOLEIL;5;4.7;0
Saint-Étienne;45.43;4.39;21/07/2026;09:00;20.5;0;SOLEIL;5;11.5;0
Saint-Étienne;45.43;4.39;21/07/2026;10:00;21.8;0;SOLEIL;5;21.6;0
Saint-Étienne;45.43;4.39;21/07/2026;11:00;26.5;0;SOLEIL;4;29.9;0
Saint-Étienne;45.43;4.39;21/07/2026;12:00;26.5;0;SOLEIL;4;34.3;0
Saint-Étienne;45.43;4.39;21/07/2026;13:00;26.5;0;SOLEIL;4;37.1;0
Saint-Étienne;45.43;4.39;21/07/2026;14:00;27.1;0;SOLEIL;5;38.8;0
Saint-Étienne;45.43;4.39;21/07/2026;15:00;28.4;0;SOLEIL;5;38.9;0
Saint-Étienne;45.43;4.39;21/07/2026;16:00;27.1;0;SOLEIL;5;38.5;0
Saint-Étienne;45.43;4.39;21/07/2026;17:00;26.1;0;SOLEIL;4;37.4;0
Saint-Étienne;45.43;4.39;21/07/2026;18:00;26.1;0;SOLEIL;4;37.1;0
Saint-Étienne;45.43;4.39;21/07/2026;19:00;26.1;0;SOLEIL;4;36.7;0
Saint-Étienne;45.43;4.39;21/07/2026;20:00;21.8;0;SOLEIL;5;33.8;0
Saint-Étienne;45.43;4.39;21/07/2026;21:00;20.5;0;SOLEIL;5;26.6;0
Saint-Étienne;45.43;4.39;21/07/2026;22:00;19.1;0;SOLEIL;5;16.9;0
Saint-Étienne;45.43;4.39;21/07/2026;23:00;20.6;0;SOLEIL;2;9.4;0
Saint-Étienne;45.43;4.39;22/07/2026;00:00;20.6;0;SOLEIL;2;5.8;0
Saint-Étienne;45.43;4.39;22/07/2026;01:00;20.6;0;SOLEIL;2;4.3;0
Saint-Étienne;45.43;4.39;22/07/2026;02:00;18;0;SOLEIL;5;3.6;0
Saint-Étienne;45.43;4.39;22/07/2026;03:00;18;0;SOLEIL;5;2.9;0
Saint-Étienne;45.43;4.39;22/07/2026;04:00;18;0;SOLEIL;5;2.5;0
Saint-Étienne;45.43;4.39;22/07/2026;05:00;18.4;0;SOLEIL;2;2.5;0
Saint-Étienne;45.43;4.39;22/07/2026;06:00;18.4;0;SOLEIL;2;2.2;0
Saint-Étienne;45.43;4.39;22/07/2026;07:00;18.4;0;SOLEIL;2;1.8;0
Saint-Étienne;45.43;4.39;22/07/2026;08:00;20.5;0;SOLEIL;5;2.5;0
Saint-Étienne;45.43;4.39;22/07/2026;09:00;21.7;0;SOLEIL;5;5.0;0
Saint-Étienne;45.43;4.39;22/07/2026;10:00;23.0;0;SOLEIL;5;9.0;0
Saint-Étienne;45.43;4.39;22/07/2026;11:00;27.1;0;SOLEIL;3;12.2;0
Saint-Étienne;45.43;4.39;22/07/2026;12:00;27.1;0;SOLEIL;3;15.1;0
Saint-Étienne;45.43;4.39;22/07/2026;13:00;27.1;0;SOLEIL;3;17.6;0
Saint-Étienne;45.43;4.39;22/07/2026;14:00;28.0;0;SOLEIL;5;19.4;0
Saint-Étienne;45.43;4.39;22/07/2026;15:00;29.2;0;SOLEIL;5;20.2;0
Saint-Étienne;45.43;4.39;22/07/2026;16:00;28.0;0;SOLEIL;5;19.8;0
Saint-Étienne;45.43;4.39;22/07/2026;17:00;27.1;0;SOLEIL;4;19.4;0
Saint-Étienne;45.43;4.39;22/07/2026;18:00;27.1;0;SOLEIL;4;19.4;0
Saint-Étienne;45.43;4.39;22/07/2026;19:00;27.1;0;SOLEIL;4;19.8;0
Saint-Étienne;45.43;4.39;22/07/2026;20:00;23.0;0;SOLEIL;5;18.7;0
Saint-Étienne;45.43;4.39;22/07/2026;21:00;21.7;0;SOLEIL;5;15.8;0
Saint-Étienne;45.43;4.39;22/07/2026;22:00;20.5;0;SOLEIL;5;12.2;0
Saint-Étienne;45.43;4.39;22/07/2026;23:00;21.6;0;SOLEIL;2;9.0;0
Saint-Étienne;45.43;4.39;23/07/2026;00:00;21.6;0;SOLEIL;2;7.2;0
Saint-Étienne;45.43;4.39;23/07/2026;01:00;21.6;0;SOLEIL;2;6.1;0
Saint-Étienne;45.43;4.39;23/07/2026;02:00;18.4;0;SOLEIL;5;5.4;0
Saint-Étienne;45.43;4.39;23/07/2026;03:00;18.4;0;SOLEIL;5;5.0;0
Saint-Étienne;45.43;4.39;23/07/2026;04:00;18.4;0;SOLEIL;5;4.7;0
Saint-Étienne;45.43;4.39;23/07/2026;05:00;19.2;0;SOLEIL;2;4.7;0
Saint-Étienne;45.43;4.39;23/07/2026;06:00;19.2;0;SOLEIL;2;4.3;0
Saint-Étienne;45.43;4.39;23/07/2026;07:00;19.2;0;SOLEIL;2;3.6;0
Saint-Étienne;45.43;4.39;23/07/2026;08:00;20.8;0;SOLEIL;5;4.3;0
Saint-Étienne;45.43;4.39;23/07/2026;09:00;22.0;0;SOLEIL;5;6.5;0
Saint-Étienne;45.43;4.39;23/07/2026;10:00;23.2;0;SOLEIL;5;9.7;0
Saint-Étienne;45.43;4.39;23/07/2026;11:00;27.2;0;SOLEIL;4;13.3;0
Saint-Étienne;45.43;4.39;23/07/2026;12:00;27.2;0;SOLEIL;4;16.9;0
Saint-Étienne;45.43;4.39;23/07/2026;13:00;27.2;0;SOLEIL;4;20.5;0
Saint-Étienne;45.43;4.39;23/07/2026;14:00;28.0;0;SOLEIL;5;23.4;0
Saint-Étienne;45.43;4.39;23/07/2026;15:00;29.2;0;SOLEIL;5;24.8;0
Saint-Étienne;45.43;4.39;23/07/2026;16:00;28.0;0;SOLEIL;5;25.2;0
Saint-Étienne;45.43;4.39;23/07/2026;17:00;27.2;0;SOLEIL;4;25.6;0
Saint-Étienne;45.43;4.39;23/07/2026;18:00;27.2;0;SOLEIL;4;26.6;0
Saint-Étienne;45.43;4.39;23/07/2026;19:00;27.2;0;SOLEIL;4;27.4;0
Saint-Étienne;45.43;4.39;23/07/2026;20:00;23.2;0;SOLEIL;5;26.3;0
Saint-Étienne;45.43;4.39;23/07/2026;21:00;22.0;0;SOLEIL;5;20.9;0
Saint-Étienne;45.43;4.39;23/07/2026;22:00;20.8;0;SOLEIL;5;13.3;0
Saint-Étienne;45.43;4.39;23/07/2026;23:00;21.9;0;SOLEIL;2;7.6;0
Saint-Étienne;45.43;4.39;24/07/2026;00:00;21.9;0;SOLEIL;2;11.7;0
Saint-Étienne;45.43;4.39;24/07/2026;01:00;21.9;0;SOLEIL;2;16.6;0
Saint-Étienne;45.43;4.39;24/07/2026;02:00;18.7;0;SOLEIL;5;20.4;0
Saint-Étienne;45.43;4.39;24/07/2026;03:00;18.7;0;SOLEIL;5;22.7;0
Saint-Étienne;45.43;4.39;24/07/2026;04:00;18.7;0;SOLEIL;5;19.1;0
Saint-Étienne;45.43;4.39;24/07/2026;05:00;19.9;0;SOLEIL;2;15.1;0
Saint-Étienne;45.43;4.39;24/07/2026;06:00;19.9;0;SOLEIL;2;11.5;0
Saint-Étienne;45.43;4.39;24/07/2026;07:00;19.9;0;SOLEIL;2;9.0;0
Saint-Étienne;45.43;4.39;24/07/2026;08:00;21.5;0;SOLEIL;5;7.6;0
Saint-Étienne;45.43;4.39;24/07/2026;09:00;22.9;0;SOLEIL;5;7.6;0
Saint-Étienne;45.43;4.39;24/07/2026;10:00;24.3;0;SOLEIL;5;9.0;0
Saint-Étienne;45.43;4.39;24/07/2026;11:00;29.1;0;SOLEIL;3;10.8;0
Saint-Étienne;45.43;4.39;24/07/2026;12:00;29.1;0;SOLEIL;3;13.3;0
Saint-Étienne;45.43;4.39;24/07/2026;13:00;29.1;0;SOLEIL;3;15.8;0
Saint-Étienne;45.43;4.39;24/07/2026;14:00;30.0;0;SOLEIL;5;18.0;0
Saint-Étienne;45.43;4.39;24/07/2026;15:00;31.4;0;SOLEIL;5;20.2;0
Saint-Étienne;45.43;4.39;24/07/2026;16:00;30.0;0;SOLEIL;5;22.3;0
Saint-Étienne;45.43;4.39;24/07/2026;17:00;29.1;0;SOLEIL;3;24.8;0
Saint-Étienne;45.43;4.39;24/07/2026;18:00;29.1;0;SOLEIL;3;27.0;0
Saint-Étienne;45.43;4.39;24/07/2026;19:00;29.1;0;SOLEIL;3;28.8;0
Saint-Étienne;45.43;4.39;24/07/2026;20:00;24.3;0;SOLEIL;5;29.9;0
Saint-Étienne;45.43;4.39;24/07/2026;21:00;22.9;0;SOLEIL;5;29.9;0
Saint-Étienne;45.43;4.39;24/07/2026;22:00;21.5;0;SOLEIL;5;29.2;0
Saint-Étienne;45.43;4.39;24/07/2026;23:00;22.7;0;SOLEIL;2;28.1;0
Saint-Étienne;45.43;4.39;25/07/2026;00:00;22.7;0;SOLEIL;2;27.0;0
Saint-Étienne;45.43;4.39;25/07/2026;01:00;22.7;0;SOLEIL;2;25.6;0
Saint-Étienne;45.43;4.39;25/07/2026;02:00;19.4;0;SOLEIL;5;24.5;0
Saint-Étienne;45.43;4.39;25/07/2026;03:00;19.4;0;SOLEIL;5;23.4;0
Saint-Étienne;45.43;4.39;25/07/2026;04:00;19.4;0;SOLEIL;5;22.3;0
Saint-Étienne;45.43;4.39;25/07/2026;05:00;21;0;SOLEIL;2;21.6;0
Saint-Étienne;45.43;4.39;25/07/2026;06:00;21;0;SOLEIL;2;20.5;0
Saint-Étienne;45.43;4.39;25/07/2026;07:00;21;0;SOLEIL;2;19.8;0
Saint-Étienne;45.43;4.39;25/07/2026;08:00;22.4;0;SOLEIL;5;19.8;0
Saint-Étienne;45.43;4.39;25/07/2026;09:00;24.0;0;SOLEIL;5;19.8;0
Saint-Étienne;45.43;4.39;25/07/2026;10:00;25.5;0;SOLEIL;5;20.2;0
Saint-Étienne;45.43;4.39;25/07/2026;11:00;31.5;0;SOLEIL;3;20.9;0
Saint-Étienne;45.43;4.39;25/07/2026;12:00;31.5;0;SOLEIL;3;22.0;0
Saint-Étienne;45.43;4.39;25/07/2026;13:00;31.5;0;SOLEIL;3;23.4;0
Saint-Étienne;45.43;4.39;25/07/2026;14:00;31.6;0;SOLEIL;5;25.6;0
Saint-Étienne;45.43;4.39;25/07/2026;15:00;33.1;0;SOLEIL;5;28.8;0
Saint-Étienne;45.43;4.39;25/07/2026;16:00;31.6;0;SOLEIL;5;32.8;0
Saint-Étienne;45.43;4.39;25/07/2026;17:00;28.5;0;SOLEIL;3;37.1;0
Saint-Étienne;45.43;4.39;25/07/2026;18:00;28.5;0;SOLEIL;3;41.8;0
Saint-Étienne;45.43;4.39;25/07/2026;19:00;28.5;0;SOLEIL;3;45.7;0
Saint-Étienne;45.43;4.39;25/07/2026;20:00;25.5;0;SOLEIL;5;49.0;0
Saint-Étienne;45.43;4.39;25/07/2026;21:00;24.0;0;SOLEIL;5;51.5;0
Saint-Étienne;45.43;4.39;25/07/2026;22:00;22.4;0;SOLEIL;5;54.0;0
Saint-Étienne;45.43;4.39;25/07/2026;23:00;22.5;0;SOLEIL;1;56.2;0
Saint-Étienne;45.43;4.39;26/07/2026;00:00;22.5;0;SOLEIL;1;57.2;0
Saint-Étienne;45.43;4.39;26/07/2026;01:00;22.5;0;SOLEIL;1;57.2;0
Saint-Étienne;45.43;4.39;26/07/2026;02:00;18.6;0;SOLEIL;5;55.4;0
Saint-Étienne;45.43;4.39;26/07/2026;03:00;18.6;0;SOLEIL;5;50.8;0
Saint-Étienne;45.43;4.39;26/07/2026;04:00;18.6;0;SOLEIL;5;43.2;0
Saint-Étienne;45.43;4.39;26/07/2026;05:00;;0;SOLEIL;;34.6;0
Saint-Étienne;45.43;4.39;26/07/2026;06:00;;0;SOLEIL;;26.3;0
Saint-Étienne;45.43;4.39;26/07/2026;07:00;;0;SOLEIL;;19.4;0
Saint-Étienne;45.43;4.39;26/07/2026;08:00;20.7;0;SOLEIL;5;16.2;0
Saint-Étienne;45.43;4.39;26/07/2026;09:00;21.7;0;SOLEIL;5;16.9;0
Saint-Étienne;45.43;4.39;26/07/2026;10:00;22.8;0;SOLEIL;5;20.9;0
Saint-Étienne;45.43;4.39;26/07/2026;11:00;;0;SOLEIL;;26.6;0
Saint-Étienne;45.43;4.39;26/07/2026;12:00;;0;SOLEIL;;32.8;0
Saint-Étienne;45.43;4.39;26/07/2026;13:00;;0;SOLEIL;;38.5;0
Saint-Étienne;45.43;4.39;26/07/2026;14:00;27.0;0;SOLEIL;5;42.1;0
Saint-Étienne;45.43;4.39;26/07/2026;15:00;28.0;0;SOLEIL;5;43.9;0
Saint-Étienne;45.43;4.39;26/07/2026;16:00;27.0;0;SOLEIL;5;45.0;0
Saint-Étienne;45.43;4.39;26/07/2026;17:00;;0;SOLEIL;;45.4;0
Saint-Étienne;45.43;4.39;26/07/2026;18:00;;0;SOLEIL;;45.0;0
Saint-Étienne;45.43;4.39;26/07/2026;19:00;;0;SOLEIL;;44.6;0
Saint-Étienne;45.43;4.39;26/07/2026;20:00;22.8;0;SOLEIL;5;43.9;0
Saint-Étienne;45.43;4.39;26/07/2026;21:00;21.7;0;SOLEIL;5;43.2;0
Saint-Étienne;45.43;4.39;26/07/2026;22:00;20.7;0;SOLEIL;5;41.8;0
Saint-Étienne;45.43;4.39;26/07/2026;23:00;;0;SOLEIL;;40.3;0
Saint-Étienne;45.43;4.39;27/07/2026;00:00;;0;SOLEIL;;38.5;0
Saint-Étienne;45.43;4.39;27/07/2026;01:00;;0;SOLEIL;;36.4;0
Saint-Étienne;45.43;4.39;27/07/2026;02:00;18.1;0;SOLEIL;5;33.8;0
Saint-Étienne;45.43;4.39;27/07/2026;03:00;18.1;0;SOLEIL;5;30.6;0
Saint-Étienne;45.43;4.39;27/07/2026;04:00;18.1;0;SOLEIL;5;26.6;0
Saint-Étienne;45.43;4.39;27/07/2026;05:00;;0;SOLEIL;;22.0;0
Saint-Étienne;45.43;4.39;27/07/2026;06:00;;0;SOLEIL;;18.0;0
Saint-Étienne;45.43;4.39;27/07/2026;07:00;;0;SOLEIL;;15.1;0
Saint-Étienne;45.43;4.39;27/07/2026;08:00;20.4;0;SOLEIL;5;13.7;0
Saint-Étienne;45.43;4.39;27/07/2026;09:00;21.5;0;SOLEIL;5;14.4;0
Saint-Étienne;45.43;4.39;27/07/2026;10:00;22.7;0;SOLEIL;5;17.3;0
Saint-Étienne;45.43;4.39;27/07/2026;11:00;;0;SOLEIL;;20.9;0
Saint-Étienne;45.43;4.39;27/07/2026;12:00;;0;SOLEIL;;24.8;0
Saint-Étienne;45.43;4.39;27/07/2026;13:00;;0;SOLEIL;;28.4;0
Saint-Étienne;45.43;4.39;27/07/2026;14:00;27.3;0;SOLEIL;5;30.6;0
Saint-Étienne;45.43;4.39;27/07/2026;15:00;28.4;0;SOLEIL;5;31.7;0
Saint-Étienne;45.43;4.39;27/07/2026;16:00;27.3;0;SOLEIL;5;32.4;0
Saint-Étienne;45.43;4.39;27/07/2026;17:00;;0;SOLEIL;;32.8;0
Saint-Étienne;45.43;4.39;27/07/2026;18:00;;0;SOLEIL;;32.4;0
Saint-Étienne;45.43;4.39;27/07/2026;19:00;;0;SOLEIL;;32.0;0
Saint-Étienne;45.43;4.39;27/07/2026;20:00;22.7;0;SOLEIL;5;31.0;0
Saint-Étienne;45.43;4.39;27/07/2026;21:00;21.5;0;SOLEIL;5;29.5;0
Saint-Étienne;45.43;4.39;27/07/2026;22:00;20.4;0;SOLEIL;5;27.4;0
Saint-Étienne;45.43;4.39;27/07/2026;23:00;;6;AVERSES;;24.8;0
Saint-Étienne;45.43;4.39;28/07/2026;00:00;;6;AVERSES;;22.3;0
Saint-Étienne;45.43;4.39;28/07/2026;01:00;;6;AVERSES;;19.8;0
Saint-Étienne;45.43;4.39;28/07/2026;02:00;18;6;AVERSES;5;18.0;0
Saint-Étienne;45.43;4.39;28/07/2026;03:00;18;6;AVERSES;5;16.6;0
Saint-Étienne;45.43;4.39;28/07/2026;04:00;18;6;AVERSES;5;14.8;0
Saint-Étienne;45.43;4.39;28/07/2026;05:00;;6;AVERSES;;13.3;0
Saint-Étienne;45.43;4.39;28/07/2026;06:00;;6;AVERSES;;12.2;0
Saint-Étienne;45.43;4.39;28/07/2026;07:00;;6;AVERSES;;12.2;0
Saint-Étienne;45.43;4.39;28/07/2026;08:00;20.3;6;AVERSES;5;13.3;0
Saint-Étienne;45.43;4.39;28/07/2026;09:00;21.5;6;AVERSES;5;16.2;0
Saint-Étienne;45.43;4.39;28/07/2026;10:00;22.6;6;AVERSES;5;20.5;0
Saint-Étienne;45.43;4.39;28/07/2026;11:00;;6;AVERSES;;25.9;0
Saint-Étienne;45.43;4.39;28/07/2026;12:00;;6;AVERSES;;31.3;0
Saint-Étienne;45.43;4.39;28/07/2026;13:00;;6;AVERSES;;36.0;0
Saint-Étienne;45.43;4.39;28/07/2026;14:00;27.2;6;AVERSES;5;39.2;0
Saint-Étienne;45.43;4.39;28/07/2026;15:00;28.4;6;AVERSES;5;40.7;0
Saint-Étienne;45.43;4.39;28/07/2026;16:00;27.2;6;AVERSES;5;41.4;0
Saint-Étienne;45.43;4.39;28/07/2026;17:00;;6;AVERSES;;41.4;0
Saint-Étienne;45.43;4.39;28/07/2026;18:00;;6;AVERSES;;41.0;0
Saint-Étienne;45.43;4.39;28/07/2026;19:00;;6;AVERSES;;40.3;0
Saint-Étienne;45.43;4.39;28/07/2026;20:00;22.6;6;AVERSES;5;40.0;0
Saint-Étienne;45.43;4.39;28/07/2026;21:00;21.5;6;AVERSES;5;40.0;0
Saint-Étienne;45.43;4.39;28/07/2026;22:00;20.3;6;AVERSES;5;40.3;0
Saint-Étienne;45.43;4.39;28/07/2026;23:00;;6;AVERSES;;40.7;0
Saint-Étienne;45.43;4.39;29/07/2026;00:00;;6;AVERSES;;40.3;0
Saint-Étienne;45.43;4.39;29/07/2026;01:00;;6;AVERSES;;39.6;0
Saint-Étienne;45.43;4.39;29/07/2026;02:00;18.4;6;AVERSES;5;37.8;0
Saint-Étienne;45.43;4.39;29/07/2026;03:00;18.4;6;AVERSES;5;34.2;0
Saint-Étienne;45.43;4.39;29/07/2026;04:00;18.4;6;AVERSES;5;29.2;0
Saint-Étienne;45.43;4.39;29/07/2026;05:00;;6;AVERSES;;23.0;0
Saint-Étienne;45.43;4.39;29/07/2026;06:00;;6;AVERSES;;17.3;0
Saint-Étienne;45.43;4.39;29/07/2026;07:00;;6;AVERSES;;13.0;0
Saint-Étienne;45.43;4.39;29/07/2026;08:00;20.7;6;AVERSES;5;10.4;0
Saint-Étienne;45.43;4.39;29/07/2026;09:00;21.8;6;AVERSES;5;10.4;0
Saint-Étienne;45.43;4.39;29/07/2026;10:00;22.9;6;AVERSES;5;12.2;0
Saint-Étienne;45.43;4.39;29/07/2026;11:00;;6;AVERSES;;15.1;0
Saint-Étienne;45.43;4.39;29/07/2026;12:00;;6;AVERSES;;18.7;0
Saint-Étienne;45.43;4.39;29/07/2026;13:00;;6;AVERSES;;22.0;0
Saint-Étienne;45.43;4.39;29/07/2026;14:00;27.5;6;AVERSES;5;24.5;0
Saint-Étienne;45.43;4.39;29/07/2026;15:00;28.6;6;AVERSES;5;26.6;0
Saint-Étienne;45.43;4.39;29/07/2026;16:00;27.5;6;AVERSES;5;28.4;0
Saint-Étienne;45.43;4.39;29/07/2026;17:00;;6;AVERSES;;30.2;0
Saint-Étienne;45.43;4.39;29/07/2026;18:00;;6;AVERSES;;32.0;0
Saint-Étienne;45.43;4.39;29/07/2026;19:00;;6;AVERSES;;33.1;0
Saint-Étienne;45.43;4.39;29/07/2026;20:00;22.9;6;AVERSES;5;34.2;0
Saint-Étienne;45.43;4.39;29/07/2026;21:00;21.8;6;AVERSES;5;34.6;0
Saint-Étienne;45.43;4.39;29/07/2026;22:00;20.7;6;AVERSES;5;34.9;0
Saint-Étienne;45.43;4.39;29/07/2026;23:00;;6;AVERSES;;34.6;0
Saint-Étienne;45.43;4.39;30/07/2026;00:00;;6;AVERSES;;34.2;0
Saint-Étienne;45.43;4.39;30/07/2026;01:00;;6;AVERSES;;33.5;0
Saint-Étienne;45.43;4.39;30/07/2026;02:00;18.1;6;AVERSES;5;33.1;0
Saint-Étienne;45.43;4.39;30/07/2026;03:00;18.1;6;AVERSES;5;32.4;0
Saint-Étienne;45.43;4.39;30/07/2026;04:00;18.1;6;AVERSES;5;31.3;0
Saint-Étienne;45.43;4.39;30/07/2026;05:00;;6;AVERSES;;29.9;0
Saint-Étienne;45.43;4.39;30/07/2026;06:00;;6;AVERSES;;28.8;0
Saint-Étienne;45.43;4.39;30/07/2026;07:00;;6;AVERSES;;28.1;0
Saint-Étienne;45.43;4.39;30/07/2026;08:00;20.2;6;AVERSES;5;28.1;0
Saint-Étienne;45.43;4.39;30/07/2026;09:00;21.3;6;AVERSES;5;28.8;0
Saint-Étienne;45.43;4.39;30/07/2026;10:00;22.4;6;AVERSES;5;30.2;0
Saint-Étienne;45.43;4.39;30/07/2026;11:00;;6;AVERSES;;32.0;0
Saint-Étienne;45.43;4.39;30/07/2026;12:00;;6;AVERSES;;33.8;0
Saint-Étienne;45.43;4.39;30/07/2026;13:00;;6;AVERSES;;35.6;0
Saint-Étienne;45.43;4.39;30/07/2026;14:00;26.6;6;AVERSES;5;36.7;0
Saint-Étienne;45.43;4.39;30/07/2026;15:00;27.7;6;AVERSES;5;37.8;0
Saint-Étienne;45.43;4.39;30/07/2026;16:00;26.6;6;AVERSES;5;38.5;0
Saint-Étienne;45.43;4.39;30/07/2026;17:00;;6;AVERSES;;39.2;0
Saint-Étienne;45.43;4.39;30/07/2026;18:00;;6;AVERSES;;39.6;0
Saint-Étienne;45.43;4.39;30/07/2026;19:00;;6;AVERSES;;39.6;0
Saint-Étienne;45.43;4.39;30/07/2026;20:00;22.4;6;AVERSES;5;39.2;0
Saint-Étienne;45.43;4.39;30/07/2026;21:00;21.3;6;AVERSES;5;38.2;0
Saint-Étienne;45.43;4.39;30/07/2026;22:00;20.2;6;AVERSES;5;36.7;0
Saint-Étienne;45.43;4.39;30/07/2026;23:00;19.2;6;AVERSES;5;34.6;0
Saint-Étienne;45.43;4.39;31/07/2026;00:00;12;0;SOLEIL;5;25.9;0
Saint-Étienne;45.43;4.39;31/07/2026;01:00;12;0;SOLEIL;5;18.2;0
Saint-Étienne;45.43;4.39;31/07/2026;02:00;12;0;SOLEIL;5;11.8;0
Saint-Étienne;45.43;4.39;31/07/2026;03:00;12;0;SOLEIL;5;5.4;0
Saint-Étienne;45.43;4.39;31/07/2026;04:00;12;0;SOLEIL;5;5.4;0
Saint-Étienne;45.43;4.39;31/07/2026;05:00;12;0;SOLEIL;5;5.8;0
Saint-Étienne;45.43;4.39;31/07/2026;06:00;12;0;SOLEIL;5;7.6;0
Saint-Étienne;45.43;4.39;31/07/2026;07:00;13.1;0;SOLEIL;5;9.7;0
Saint-Étienne;45.43;4.39;31/07/2026;08:00;14.2;0;SOLEIL;5;11.9;0
Saint-Étienne;45.43;4.39;31/07/2026;09:00;15.3;0;SOLEIL;5;13.7;0
Saint-Étienne;45.43;4.39;31/07/2026;10:00;16.4;0;SOLEIL;5;15.1;0
Saint-Étienne;45.43;4.39;31/07/2026;11:00;17.6;0;SOLEIL;5;16.2;0
Saint-Étienne;45.43;4.39;31/07/2026;12:00;18.7;0;SOLEIL;5;17.3;0
Saint-Étienne;45.43;4.39;31/07/2026;13:00;19.8;0;SOLEIL;5;18.0;0
Saint-Étienne;45.43;4.39;31/07/2026;14:00;20.9;0;SOLEIL;5;18.7;0
Saint-Étienne;45.43;4.39;31/07/2026;15:00;22.0;0;SOLEIL;5;18.7;0
Saint-Étienne;45.43;4.39;31/07/2026;16:00;20.9;0;SOLEIL;5;18.7;0
Saint-Étienne;45.43;4.39;31/07/2026;17:00;19.8;0;SOLEIL;5;18.7;0
Saint-Étienne;45.43;4.39;31/07/2026;18:00;18.7;0;SOLEIL;5;19.8;0
Saint-Étienne;45.43;4.39;31/07/2026;19:00;17.6;0;SOLEIL;5;20.9;0
Saint-Étienne;45.43;4.39;31/07/2026;20:00;16.4;0;SOLEIL;5;20.5;0
Saint-Étienne;45.43;4.39;31/07/2026;21:00;15.3;0;SOLEIL;5;16.6;0
Saint-Étienne;45.43;4.39;31/07/2026;22:00;14.2;0;SOLEIL;5;10.8;0
Saint-Étienne;45.43;4.39;31/07/2026;23:00;13.1;0;SOLEIL;5;6.5;0
Saint-Étienne;45.43;4.39;01/08/2026;00:00;12;0;SOLEIL;5;0.0;0
Saint-Étienne;45.43;4.39;01/08/2026;01:00;12;0;SOLEIL;5;0.0;0
Saint-Étienne;45.43;4.39;01/08/2026;02:00;12;0;SOLEIL;5;0.0;0
Saint-Étienne;45.43;4.39;01/08/2026;03:00;12;0;SOLEIL;5;0.0;0
Saint-Étienne;45.43;4.39;01/08/2026;04:00;12;0;SOLEIL;5;0.0;0
Saint-Étienne;45.43;4.39;01/08/2026;05:00;12;0;SOLEIL;5;0.0;0
Saint-Étienne;45.43;4.39;01/08/2026;06:00;12;0;SOLEIL;5;0.0;0
Saint-Étienne;45.43;4.39;01/08/2026;07:00;13.1;0;SOLEIL;5;0.0;0
Saint-Étienne;45.43;4.39;01/08/2026;08:00;14.2;0;SOLEIL;5;0.0;0
Saint-Étienne;45.43;4.39;01/08/2026;09:00;15.3;0;SOLEIL;5;0.0;0
Saint-Étienne;45.43;4.39;01/08/2026;10:00;16.4;0;SOLEIL;5;0.0;0
Saint-Étienne;45.43;4.39;01/08/2026;11:00;17.6;0;SOLEIL;5;0.0;0
Saint-Étienne;45.43;4.39;01/08/2026;12:00;18.7;0;SOLEIL;5;0.0;0
Saint-Étienne;45.43;4.39;01/08/2026;13:00;19.8;0;SOLEIL;5;0.0;0
Saint-Étienne;45.43;4.39;01/08/2026;14:00;20.9;0;SOLEIL;5;0.0;0
Saint-Étienne;45.43;4.39;01/08/2026;15:00;22.0;0;SOLEIL;5;0.0;0
Saint-Étienne;45.43;4.39;01/08/2026;16:00;20.9;0;SOLEIL;5;0.0;0
Saint-Étienne;45.43;4.39;01/08/2026;17:00;19.8;0;SOLEIL;5;0.0;0
Saint-Étienne;45.43;4.39;01/08/2026;18:00;18.7;0;SOLEIL;5;0.0;0
Saint-Étienne;45.43;4.39;01/08/2026;19:00;17.6;0;SOLEIL;5;0.0;0
Saint-Étienne;45.43;4.39;01/08/2026;20:00;16.4;0;SOLEIL;5;0.0;0
Saint-Étienne;45.43;4.39;01/08/2026;21:00;15.3;0;SOLEIL;5;0.0;0
Saint-Étienne;45.43;4.39;01/08/2026;22:00;14.2;0;SOLEIL;5;0.0;0
Saint-Étienne;45.43;4.39;01/08/2026;23:00;13.1;0;SOLEIL;5;0.0;0
Le Puy-en-Velay;45.04;3.88;17/07/2026;00:00;18.1;6;AVERSES;3;0;1.1
Le Puy-en-Velay;45.04;3.88;17/07/2026;01:00;17;6;AVERSES;3;0;0.4
Le Puy-en-Velay;45.04;3.88;17/07/2026;02:00;17.6;2;NUAGEUX;3;0;0
Le Puy-en-Velay;45.04;3.88;17/07/2026;03:00;17.6;2;NUAGEUX;2;0;0
Le Puy-en-Velay;45.04;3.88;17/07/2026;04:00;16.2;0;SOLEIL;3;0;0
Le Puy-en-Velay;45.04;3.88;17/07/2026;05:00;16;0;SOLEIL;3;0;0
Le Puy-en-Velay;45.04;3.88;17/07/2026;06:00;19.4;0;SOLEIL;4;0;0
Le Puy-en-Velay;45.04;3.88;17/07/2026;07:00;20.2;0;SOLEIL;3;0;0
Le Puy-en-Velay;45.04;3.88;17/07/2026;08:00;22;0;SOLEIL;3;0;0
Le Puy-en-Velay;45.04;3.88;17/07/2026;09:00;25;0;SOLEIL;2;0;0
Le Puy-en-Velay;45.04;3.88;17/07/2026;10:00;26.5;0;SOLEIL;2;0;0
Le Puy-en-Velay;45.04;3.88;17/07/2026;11:00;27;0;SOLEIL;3;0;0
Le Puy-en-Velay;45.04;3.88;17/07/2026;12:00;27.1;0;SOLEIL;2;0;0
Le Puy-en-Velay;45.04;3.88;17/07/2026;13:00;25.1;6;AVERSES;3;0;0.1
Le Puy-en-Velay;45.04;3.88;17/07/2026;14:00;25.1;6;AVERSES;3;0;0.1
Le Puy-en-Velay;45.04;3.88;17/07/2026;15:00;26.6;10;ORAGEUX;3;0;0.1
Le Puy-en-Velay;45.04;3.88;17/07/2026;16:00;23.2;10;ORAGEUX;4;0;0.1
Le Puy-en-Velay;45.04;3.88;17/07/2026;17:00;23.4;10;ORAGEUX;3;0;0.1
Le Puy-en-Velay;45.04;3.88;17/07/2026;18:00;23.9;10;ORAGEUX;4;0;0.1
Le Puy-en-Velay;45.04;3.88;17/07/2026;19:00;22.9;10;ORAGEUX;3;0;0.1
Le Puy-en-Velay;45.04;3.88;17/07/2026;20:00;21.7;10;ORAGEUX;2;0;0.1
Le Puy-en-Velay;45.04;3.88;17/07/2026;21:00;21.9;0;SOLEIL;3;0;0
Le Puy-en-Velay;45.04;3.88;17/07/2026;22:00;21.1;0;SOLEIL;2;0;0
Le Puy-en-Velay;45.04;3.88;17/07/2026;23:00;20.4;0;SOLEIL;2;0;0
Le Puy-en-Velay;45.04;3.88;18/07/2026;00:00;20.6;0;SOLEIL;2;0;0
Le Puy-en-Velay;45.04;3.88;18/07/2026;01:00;20.6;0;SOLEIL;2;0;0
Le Puy-en-Velay;45.04;3.88;18/07/2026;02:00;18.2;0;SOLEIL;1;0;0
Le Puy-en-Velay;45.04;3.88;18/07/2026;03:00;18.2;0;SOLEIL;1;0;0
Le Puy-en-Velay;45.04;3.88;18/07/2026;04:00;18.2;0;SOLEIL;1;0;0
Le Puy-en-Velay;45.04;3.88;18/07/2026;05:00;19.1;0;SOLEIL;1;0;0
Le Puy-en-Velay;45.04;3.88;18/07/2026;06:00;19.1;0;SOLEIL;1;0;0
Le Puy-en-Velay;45.04;3.88;18/07/2026;07:00;19.1;0;SOLEIL;1;0;0
Le Puy-en-Velay;45.04;3.88;18/07/2026;08:00;22.6;0;SOLEIL;2;0;0
Le Puy-en-Velay;45.04;3.88;18/07/2026;09:00;22.6;0;SOLEIL;2;0;0
Le Puy-en-Velay;45.04;3.88;18/07/2026;10:00;22.6;0;SOLEIL;2;0;0
Le Puy-en-Velay;45.04;3.88;18/07/2026;11:00;25.4;0;SOLEIL;3;0;0
Le Puy-en-Velay;45.04;3.88;18/07/2026;12:00;25.4;0;SOLEIL;3;0;0
Le Puy-en-Velay;45.04;3.88;18/07/2026;13:00;25.4;0;SOLEIL;3;0;0
Le Puy-en-Velay;45.04;3.88;18/07/2026;14:00;26.4;0;SOLEIL;3;0;0
Le Puy-en-Velay;45.04;3.88;18/07/2026;15:00;26.4;0;SOLEIL;3;0;0
Le Puy-en-Velay;45.04;3.88;18/07/2026;16:00;26.4;0;SOLEIL;3;0;0
Le Puy-en-Velay;45.04;3.88;18/07/2026;17:00;24.1;0;SOLEIL;3;0;0
Le Puy-en-Velay;45.04;3.88;18/07/2026;18:00;24.1;0;SOLEIL;3;0;0
Le Puy-en-Velay;45.04;3.88;18/07/2026;19:00;24.1;0;SOLEIL;3;0;0
Le Puy-en-Velay;45.04;3.88;18/07/2026;20:00;20.4;0;SOLEIL;1;0;0
Le Puy-en-Velay;45.04;3.88;18/07/2026;21:00;20.4;0;SOLEIL;1;0;0
Le Puy-en-Velay;45.04;3.88;18/07/2026;22:00;20.4;0;SOLEIL;1;0;0
Le Puy-en-Velay;45.04;3.88;18/07/2026;23:00;19.6;0;SOLEIL;2;0;0
Le Puy-en-Velay;45.04;3.88;19/07/2026;00:00;19.6;0;SOLEIL;2;0;0
Le Puy-en-Velay;45.04;3.88;19/07/2026;01:00;19.6;0;SOLEIL;2;0;0
Le Puy-en-Velay;45.04;3.88;19/07/2026;02:00;18;0;SOLEIL;2;0;0
Le Puy-en-Velay;45.04;3.88;19/07/2026;03:00;18;0;SOLEIL;2;0;0
Le Puy-en-Velay;45.04;3.88;19/07/2026;04:00;18;0;SOLEIL;2;0;0
Le Puy-en-Velay;45.04;3.88;19/07/2026;05:00;19.6;0;SOLEIL;2;0;0
Le Puy-en-Velay;45.04;3.88;19/07/2026;06:00;19.6;0;SOLEIL;2;0;0
Le Puy-en-Velay;45.04;3.88;19/07/2026;07:00;19.6;0;SOLEIL;2;0;0
Le Puy-en-Velay;45.04;3.88;19/07/2026;08:00;23;0;SOLEIL;3;0;0
Le Puy-en-Velay;45.04;3.88;19/07/2026;09:00;23;0;SOLEIL;3;0;0
Le Puy-en-Velay;45.04;3.88;19/07/2026;10:00;23;0;SOLEIL;3;0;0
Le Puy-en-Velay;45.04;3.88;19/07/2026;11:00;24.2;0;SOLEIL;4;0;0
Le Puy-en-Velay;45.04;3.88;19/07/2026;12:00;24.2;0;SOLEIL;4;0;0
Le Puy-en-Velay;45.04;3.88;19/07/2026;13:00;24.2;0;SOLEIL;4;0;0
Le Puy-en-Velay;45.04;3.88;19/07/2026;14:00;24.4;0;SOLEIL;4;0;0
Le Puy-en-Velay;45.04;3.88;19/07/2026;15:00;24.4;0;SOLEIL;4;0;0
Le Puy-en-Velay;45.04;3.88;19/07/2026;16:00;24.4;0;SOLEIL;4;0;0
Le Puy-en-Velay;45.04;3.88;19/07/2026;17:00;22.6;0;SOLEIL;4;0;0
Le Puy-en-Velay;45.04;3.88;19/07/2026;18:00;22.6;0;SOLEIL;4;0;0
Le Puy-en-Velay;45.04;3.88;19/07/2026;19:00;22.6;0;SOLEIL;4;0;0
Le Puy-en-Velay;45.04;3.88;19/07/2026;20:00;20.5;0;SOLEIL;5;0;0
Le Puy-en-Velay;45.04;3.88;19/07/2026;21:00;19.6;0;SOLEIL;5;0;0
Le Puy-en-Velay;45.04;3.88;19/07/2026;22:00;18.8;0;SOLEIL;5;0;0
Le Puy-en-Velay;45.04;3.88;19/07/2026;23:00;16.4;0;SOLEIL;2;0;0
Le Puy-en-Velay;45.04;3.88;20/07/2026;00:00;16.4;0;SOLEIL;2;0;0
Le Puy-en-Velay;45.04;3.88;20/07/2026;01:00;16.4;0;SOLEIL;2;0;0
Le Puy-en-Velay;45.04;3.88;20/07/2026;02:00;14.6;0;SOLEIL;5;0;0
Le Puy-en-Velay;45.04;3.88;20/07/2026;03:00;14.6;0;SOLEIL;5;0;0
Le Puy-en-Velay;45.04;3.88;20/07/2026;04:00;14.6;0;SOLEIL;5;0;0
Le Puy-en-Velay;45.04;3.88;20/07/2026;05:00;16.1;0;SOLEIL;1;0;0
Le Puy-en-Velay;45.04;3.88;20/07/2026;06:00;16.1;0;SOLEIL;1;0;0
Le Puy-en-Velay;45.04;3.88;20/07/2026;07:00;16.1;0;SOLEIL;1;0;0
Le Puy-en-Velay;45.04;3.88;20/07/2026;08:00;17.3;0;SOLEIL;5;0;0
Le Puy-en-Velay;45.04;3.88;20/07/2026;09:00;18.6;0;SOLEIL;5;0;0
Le Puy-en-Velay;45.04;3.88;20/07/2026;10:00;19.9;0;SOLEIL;5;0;0
Le Puy-en-Velay;45.04;3.88;20/07/2026;11:00;25.1;0;SOLEIL;3;0;0
Le Puy-en-Velay;45.04;3.88;20/07/2026;12:00;25.1;0;SOLEIL;3;0;0
Le Puy-en-Velay;45.04;3.88;20/07/2026;13:00;25.1;0;SOLEIL;3;0;0
Le Puy-en-Velay;45.04;3.88;20/07/2026;14:00;25.3;0;SOLEIL;5;0;0
Le Puy-en-Velay;45.04;3.88;20/07/2026;15:00;26.6;0;SOLEIL;5;0;0
Le Puy-en-Velay;45.04;3.88;20/07/2026;16:00;25.3;0;SOLEIL;5;0;0
Le Puy-en-Velay;45.04;3.88;20/07/2026;17:00;23.5;0;SOLEIL;4;0;0
Le Puy-en-Velay;45.04;3.88;20/07/2026;18:00;23.5;0;SOLEIL;4;0;0
Le Puy-en-Velay;45.04;3.88;20/07/2026;19:00;23.5;0;SOLEIL;4;0;0
Le Puy-en-Velay;45.04;3.88;20/07/2026;20:00;19.9;0;SOLEIL;5;0;0
Le Puy-en-Velay;45.04;3.88;20/07/2026;21:00;18.6;0;SOLEIL;5;0;0
Le Puy-en-Velay;45.04;3.88;20/07/2026;22:00;17.3;0;SOLEIL;5;0;0
Le Puy-en-Velay;45.04;3.88;20/07/2026;23:00;16.1;0;SOLEIL;2;0;0
Le Puy-en-Velay;45.04;3.88;21/07/2026;00:00;16.1;0;SOLEIL;2;0;0
Le Puy-en-Velay;45.04;3.88;21/07/2026;01:00;16.1;0;SOLEIL;2;0;0
Le Puy-en-Velay;45.04;3.88;21/07/2026;02:00;12.9;0;SOLEIL;5;0;0
Le Puy-en-Velay;45.04;3.88;21/07/2026;03:00;12.9;0;SOLEIL;5;0;0
Le Puy-en-Velay;45.04;3.88;21/07/2026;04:00;12.9;0;SOLEIL;5;0;0
Le Puy-en-Velay;45.04;3.88;21/07/2026;05:00;14.9;0;SOLEIL;2;0;0
Le Puy-en-Velay;45.04;3.88;21/07/2026;06:00;14.9;0;SOLEIL;2;0;0
Le Puy-en-Velay;45.04;3.88;21/07/2026;07:00;14.9;0;SOLEIL;2;0;0
Le Puy-en-Velay;45.04;3.88;21/07/2026;08:00;15.8;0;SOLEIL;5;0;0
Le Puy-en-Velay;45.04;3.88;21/07/2026;09:00;17.3;0;SOLEIL;5;0;0
Le Puy-en-Velay;45.04;3.88;21/07/2026;10:00;18.8;0;SOLEIL;5;0;0
Le Puy-en-Velay;45.04;3.88;21/07/2026;11:00;24.9;0;SOLEIL;4;0;0
Le Puy-en-Velay;45.04;3.88;21/07/2026;12:00;24.9;0;SOLEIL;4;0;0
Le Puy-en-Velay;45.04;3.88;21/07/2026;13:00;24.9;0;SOLEIL;4;0;0
Le Puy-en-Velay;45.04;3.88;21/07/2026;14:00;24.6;0;SOLEIL;5;0;0
Le Puy-en-Velay;45.04;3.88;21/07/2026;15:00;26.1;0;SOLEIL;5;0;0
Le Puy-en-Velay;45.04;3.88;21/07/2026;16:00;24.6;0;SOLEIL;5;0;0
Le Puy-en-Velay;45.04;3.88;21/07/2026;17:00;23.2;0;SOLEIL;4;0;0
Le Puy-en-Velay;45.04;3.88;21/07/2026;18:00;23.2;0;SOLEIL;4;0;0
Le Puy-en-Velay;45.04;3.88;21/07/2026;19:00;23.2;0;SOLEIL;4;0;0
Le Puy-en-Velay;45.04;3.88;21/07/2026;20:00;18.8;0;SOLEIL;5;0;0
Le Puy-en-Velay;45.04;3.88;21/07/2026;21:00;17.3;0;SOLEIL;5;0;0
Le Puy-en-Velay;45.04;3.88;21/07/2026;22:00;15.8;0;SOLEIL;5;0;0
Le Puy-en-Velay;45.04;3.88;21/07/2026;23:00;16.6;0;SOLEIL;2;0;0
Le Puy-en-Velay;45.04;3.88;22/07/2026;00:00;16.6;0;SOLEIL;2;0;0
Le Puy-en-Velay;45.04;3.88;22/07/2026;01:00;16.6;0;SOLEIL;2;0;0
Le Puy-en-Velay;45.04;3.88;22/07/2026;02:00;14.4;0;SOLEIL;5;0;0
Le Puy-en-Velay;45.04;3.88;22/07/2026;03:00;14.4;0;SOLEIL;5;0;0
Le Puy-en-Velay;45.04;3.88;22/07/2026;04:00;14.4;0;SOLEIL;5;0;0
Le Puy-en-Velay;45.04;3.88;22/07/2026;05:00;15.1;0;SOLEIL;2;0;0
Le Puy-en-Velay;45.04;3.88;22/07/2026;06:00;15.1;0;SOLEIL;2;0;0
Le Puy-en-Velay;45.04;3.88;22/07/2026;07:00;15.1;0;SOLEIL;2;0;0
Le Puy-en-Velay;45.04;3.88;22/07/2026;08:00;17.3;0;SOLEIL;5;0;0
Le Puy-en-Velay;45.04;3.88;22/07/2026;09:00;18.8;0;SOLEIL;5;0;0
Le Puy-en-Velay;45.04;3.88;22/07/2026;10:00;20.2;0;SOLEIL;5;0;0
Le Puy-en-Velay;45.04;3.88;22/07/2026;11:00;25.6;0;SOLEIL;3;0;0
Le Puy-en-Velay;45.04;3.88;22/07/2026;12:00;25.6;0;SOLEIL;3;0;0
Le Puy-en-Velay;45.04;3.88;22/07/2026;13:00;25.6;0;SOLEIL;3;0;0
Le Puy-en-Velay;45.04;3.88;22/07/2026;14:00;26.0;0;SOLEIL;5;0;0
Le Puy-en-Velay;45.04;3.88;22/07/2026;15:00;27.5;0;SOLEIL;5;0;0
Le Puy-en-Velay;45.04;3.88;22/07/2026;16:00;26.0;0;SOLEIL;5;0;0
Le Puy-en-Velay;45.04;3.88;22/07/2026;17:00;25.2;0;SOLEIL;3;0;0
Le Puy-en-Velay;45.04;3.88;22/07/2026;18:00;25.2;0;SOLEIL;3;0;0
Le Puy-en-Velay;45.04;3.88;22/07/2026;19:00;25.2;0;SOLEIL;3;0;0
Le Puy-en-Velay;45.04;3.88;22/07/2026;20:00;20.2;0;SOLEIL;5;0;0
Le Puy-en-Velay;45.04;3.88;22/07/2026;21:00;18.8;0;SOLEIL;5;0;0
Le Puy-en-Velay;45.04;3.88;22/07/2026;22:00;17.3;0;SOLEIL;5;0;0
Le Puy-en-Velay;45.04;3.88;22/07/2026;23:00;18.5;0;SOLEIL;1;0;0
Le Puy-en-Velay;45.04;3.88;23/07/2026;00:00;18.5;0;SOLEIL;1;0;0
Le Puy-en-Velay;45.04;3.88;23/07/2026;01:00;18.5;0;SOLEIL;1;0;0
Le Puy-en-Velay;45.04;3.88;23/07/2026;02:00;15.4;0;SOLEIL;5;0;0
Le Puy-en-Velay;45.04;3.88;23/07/2026;03:00;15.4;0;SOLEIL;5;0;0
Le Puy-en-Velay;45.04;3.88;23/07/2026;04:00;15.4;0;SOLEIL;5;0;0
Le Puy-en-Velay;45.04;3.88;23/07/2026;05:00;16.1;0;SOLEIL;2;0;0
Le Puy-en-Velay;45.04;3.88;23/07/2026;06:00;16.1;0;SOLEIL;2;0;0
Le Puy-en-Velay;45.04;3.88;23/07/2026;07:00;16.1;0;SOLEIL;2;0;0
Le Puy-en-Velay;45.04;3.88;23/07/2026;08:00;18.2;0;SOLEIL;5;0;0
Le Puy-en-Velay;45.04;3.88;23/07/2026;09:00;19.6;0;SOLEIL;5;0;0
Le Puy-en-Velay;45.04;3.88;23/07/2026;10:00;21.0;0;SOLEIL;5;0;0
Le Puy-en-Velay;45.04;3.88;23/07/2026;11:00;26.2;0;SOLEIL;4;0;0
Le Puy-en-Velay;45.04;3.88;23/07/2026;12:00;26.2;0;SOLEIL;4;0;0
Le Puy-en-Velay;45.04;3.88;23/07/2026;13:00;26.2;0;SOLEIL;4;0;0
Le Puy-en-Velay;45.04;3.88;23/07/2026;14:00;26.5;0;SOLEIL;5;0;0
Le Puy-en-Velay;45.04;3.88;23/07/2026;15:00;27.9;0;SOLEIL;5;0;0
Le Puy-en-Velay;45.04;3.88;23/07/2026;16:00;26.5;0;SOLEIL;5;0;0
Le Puy-en-Velay;45.04;3.88;23/07/2026;17:00;25.1;0;SOLEIL;4;0;0
Le Puy-en-Velay;45.04;3.88;23/07/2026;18:00;25.1;0;SOLEIL;4;0;0
Le Puy-en-Velay;45.04;3.88;23/07/2026;19:00;25.1;0;SOLEIL;4;0;0
Le Puy-en-Velay;45.04;3.88;23/07/2026;20:00;21.0;0;SOLEIL;5;0;0
Le Puy-en-Velay;45.04;3.88;23/07/2026;21:00;19.6;0;SOLEIL;5;0;0
Le Puy-en-Velay;45.04;3.88;23/07/2026;22:00;18.2;0;SOLEIL;5;0;0
Le Puy-en-Velay;45.04;3.88;23/07/2026;23:00;18.6;0;SOLEIL;2;0;0
Le Puy-en-Velay;45.04;3.88;24/07/2026;00:00;18.6;0;SOLEIL;2;0;0
Le Puy-en-Velay;45.04;3.88;24/07/2026;01:00;18.6;0;SOLEIL;2;0;0
Le Puy-en-Velay;45.04;3.88;24/07/2026;02:00;16.1;0;SOLEIL;5;0;0
Le Puy-en-Velay;45.04;3.88;24/07/2026;03:00;16.1;0;SOLEIL;5;0;0
Le Puy-en-Velay;45.04;3.88;24/07/2026;04:00;16.1;0;SOLEIL;5;0;0
Le Puy-en-Velay;45.04;3.88;24/07/2026;05:00;17.6;0;SOLEIL;2;0;0
Le Puy-en-Velay;45.04;3.88;24/07/2026;06:00;17.6;0;SOLEIL;2;0;0
Le Puy-en-Velay;45.04;3.88;24/07/2026;07:00;17.6;0;SOLEIL;2;0;0
Le Puy-en-Velay;45.04;3.88;24/07/2026;08:00;19.3;0;SOLEIL;5;0;0
Le Puy-en-Velay;45.04;3.88;24/07/2026;09:00;20.9;0;SOLEIL;5;0;0
Le Puy-en-Velay;45.04;3.88;24/07/2026;10:00;22.5;0;SOLEIL;5;0;0
Le Puy-en-Velay;45.04;3.88;24/07/2026;11:00;28.9;0;SOLEIL;3;0;0
Le Puy-en-Velay;45.04;3.88;24/07/2026;12:00;28.9;0;SOLEIL;3;0;0
Le Puy-en-Velay;45.04;3.88;24/07/2026;13:00;28.9;0;SOLEIL;3;0;0
Le Puy-en-Velay;45.04;3.88;24/07/2026;14:00;28.9;0;SOLEIL;5;0;0
Le Puy-en-Velay;45.04;3.88;24/07/2026;15:00;30.5;0;SOLEIL;5;0;0
Le Puy-en-Velay;45.04;3.88;24/07/2026;16:00;28.9;0;SOLEIL;5;0;0
Le Puy-en-Velay;45.04;3.88;24/07/2026;17:00;27.6;0;SOLEIL;4;0;0
Le Puy-en-Velay;45.04;3.88;24/07/2026;18:00;27.6;0;SOLEIL;4;0;0
Le Puy-en-Velay;45.04;3.88;24/07/2026;19:00;27.6;0;SOLEIL;4;0;0
Le Puy-en-Velay;45.04;3.88;24/07/2026;20:00;22.5;0;SOLEIL;5;0;0
Le Puy-en-Velay;45.04;3.88;24/07/2026;21:00;20.9;0;SOLEIL;5;0;0
Le Puy-en-Velay;45.04;3.88;24/07/2026;22:00;19.3;0;SOLEIL;5;0;0
Le Puy-en-Velay;45.04;3.88;24/07/2026;23:00;20.7;0;SOLEIL;0;0;0
Le Puy-en-Velay;45.04;3.88;25/07/2026;00:00;20.7;0;SOLEIL;0;0;0
Le Puy-en-Velay;45.04;3.88;25/07/2026;01:00;20.7;0;SOLEIL;0;0;0
Le Puy-en-Velay;45.04;3.88;25/07/2026;02:00;17.9;0;SOLEIL;5;0;0
Le Puy-en-Velay;45.04;3.88;25/07/2026;03:00;17.9;0;SOLEIL;5;0;0
Le Puy-en-Velay;45.04;3.88;25/07/2026;04:00;17.9;0;SOLEIL;5;0;0
Le Puy-en-Velay;45.04;3.88;25/07/2026;05:00;20;0;SOLEIL;2;0;0
Le Puy-en-Velay;45.04;3.88;25/07/2026;06:00;20;0;SOLEIL;2;0;0
Le Puy-en-Velay;45.04;3.88;25/07/2026;07:00;20;0;SOLEIL;2;0;0
Le Puy-en-Velay;45.04;3.88;25/07/2026;08:00;20.5;0;SOLEIL;5;0;0
Le Puy-en-Velay;45.04;3.88;25/07/2026;09:00;21.8;0;SOLEIL;5;0;0
Le Puy-en-Velay;45.04;3.88;25/07/2026;10:00;23.1;0;SOLEIL;5;0;0
Le Puy-en-Velay;45.04;3.88;25/07/2026;11:00;28.5;0;SOLEIL;4;0;0
Le Puy-en-Velay;45.04;3.88;25/07/2026;12:00;28.5;0;SOLEIL;4;0;0
Le Puy-en-Velay;45.04;3.88;25/07/2026;13:00;28.5;0;SOLEIL;4;0;0
Le Puy-en-Velay;45.04;3.88;25/07/2026;14:00;28.3;0;SOLEIL;5;0;0
Le Puy-en-Velay;45.04;3.88;25/07/2026;15:00;29.6;0;SOLEIL;5;0;0
Le Puy-en-Velay;45.04;3.88;25/07/2026;16:00;28.3;0;SOLEIL;5;0;0
Le Puy-en-Velay;45.04;3.88;25/07/2026;17:00;26.4;0;SOLEIL;3;11;0
Le Puy-en-Velay;45.04;3.88;25/07/2026;18:00;26.4;0;SOLEIL;3;11;0
Le Puy-en-Velay;45.04;3.88;25/07/2026;19:00;26.4;0;SOLEIL;3;11;0
Le Puy-en-Velay;45.04;3.88;25/07/2026;20:00;23.1;0;SOLEIL;5;0;0
Le Puy-en-Velay;45.04;3.88;25/07/2026;21:00;21.8;0;SOLEIL;5;0;0
Le Puy-en-Velay;45.04;3.88;25/07/2026;22:00;20.5;0;SOLEIL;5;0;0
Le Puy-en-Velay;45.04;3.88;25/07/2026;23:00;20.6;0;SOLEIL;2;0;0
Le Puy-en-Velay;45.04;3.88;26/07/2026;00:00;20.6;0;SOLEIL;2;0;0
Le Puy-en-Velay;45.04;3.88;26/07/2026;01:00;20.6;0;SOLEIL;2;0;0
Le Puy-en-Velay;45.04;3.88;26/07/2026;02:00;17.1;0;SOLEIL;5;0;0
Le Puy-en-Velay;45.04;3.88;26/07/2026;03:00;17.1;0;SOLEIL;5;0;0
Le Puy-en-Velay;45.04;3.88;26/07/2026;04:00;17.1;0;SOLEIL;5;0;0
Le Puy-en-Velay;45.04;3.88;26/07/2026;05:00;;0;SOLEIL;;;0
Le Puy-en-Velay;45.04;3.88;26/07/2026;06:00;;0;SOLEIL;;;0
Le Puy-en-Velay;45.04;3.88;26/07/2026;07:00;;0;SOLEIL;;;0
Le Puy-en-Velay;45.04;3.88;26/07/2026;08:00;19.1;0;SOLEIL;5;0;0
Le Puy-en-Velay;45.04;3.88;26/07/2026;09:00;20.1;0;SOLEIL;5;0;0
Le Puy-en-Velay;45.04;3.88;26/07/2026;10:00;21.1;0;SOLEIL;5;0;0
Le Puy-en-Velay;45.04;3.88;26/07/2026;11:00;;0;SOLEIL;;;0
Le Puy-en-Velay;45.04;3.88;26/07/2026;12:00;;0;SOLEIL;;;0
Le Puy-en-Velay;45.04;3.88;26/07/2026;13:00;;0;SOLEIL;;;0
Le Puy-en-Velay;45.04;3.88;26/07/2026;14:00;25.2;0;SOLEIL;5;0;0
Le Puy-en-Velay;45.04;3.88;26/07/2026;15:00;26.2;0;SOLEIL;5;0;0
Le Puy-en-Velay;45.04;3.88;26/07/2026;16:00;25.2;0;SOLEIL;5;0;0
Le Puy-en-Velay;45.04;3.88;26/07/2026;17:00;;0;SOLEIL;;;0
Le Puy-en-Velay;45.04;3.88;26/07/2026;18:00;;0;SOLEIL;;;0
Le Puy-en-Velay;45.04;3.88;26/07/2026;19:00;;0;SOLEIL;;;0
Le Puy-en-Velay;45.04;3.88;26/07/2026;20:00;21.1;0;SOLEIL;5;0;0
Le Puy-en-Velay;45.04;3.88;26/07/2026;21:00;20.1;0;SOLEIL;5;0;0
Le Puy-en-Velay;45.04;3.88;26/07/2026;22:00;19.1;0;SOLEIL;5;0;0
Le Puy-en-Velay;45.04;3.88;26/07/2026;23:00;;0;SOLEIL;;;0
Le Puy-en-Velay;45.04;3.88;27/07/2026;00:00;;0;SOLEIL;;;0
Le Puy-en-Velay;45.04;3.88;27/07/2026;01:00;;0;SOLEIL;;;0
Le Puy-en-Velay;45.04;3.88;27/07/2026;02:00;16.6;0;SOLEIL;5;0;0
Le Puy-en-Velay;45.04;3.88;27/07/2026;03:00;16.6;0;SOLEIL;5;0;0
Le Puy-en-Velay;45.04;3.88;27/07/2026;04:00;16.6;0;SOLEIL;5;0;0
Le Puy-en-Velay;45.04;3.88;27/07/2026;05:00;;0;SOLEIL;;;0
Le Puy-en-Velay;45.04;3.88;27/07/2026;06:00;;0;SOLEIL;;;0
Le Puy-en-Velay;45.04;3.88;27/07/2026;07:00;;0;SOLEIL;;;0
Le Puy-en-Velay;45.04;3.88;27/07/2026;08:00;19.0;0;SOLEIL;5;0;0
Le Puy-en-Velay;45.04;3.88;27/07/2026;09:00;20.3;0;SOLEIL;5;0;0
Le Puy-en-Velay;45.04;3.88;27/07/2026;10:00;21.5;0;SOLEIL;5;0;0
Le Puy-en-Velay;45.04;3.88;27/07/2026;11:00;;0;SOLEIL;;;0
Le Puy-en-Velay;45.04;3.88;27/07/2026;12:00;;0;SOLEIL;;;0
Le Puy-en-Velay;45.04;3.88;27/07/2026;13:00;;0;SOLEIL;;;0
Le Puy-en-Velay;45.04;3.88;27/07/2026;14:00;26.4;0;SOLEIL;5;0;0
Le Puy-en-Velay;45.04;3.88;27/07/2026;15:00;27.6;0;SOLEIL;5;0;0
Le Puy-en-Velay;45.04;3.88;27/07/2026;16:00;26.4;0;SOLEIL;5;0;0
Le Puy-en-Velay;45.04;3.88;27/07/2026;17:00;;0;SOLEIL;;;0
Le Puy-en-Velay;45.04;3.88;27/07/2026;18:00;;0;SOLEIL;;;0
Le Puy-en-Velay;45.04;3.88;27/07/2026;19:00;;0;SOLEIL;;;0
Le Puy-en-Velay;45.04;3.88;27/07/2026;20:00;21.5;0;SOLEIL;5;0;0
Le Puy-en-Velay;45.04;3.88;27/07/2026;21:00;20.3;0;SOLEIL;5;0;0
Le Puy-en-Velay;45.04;3.88;27/07/2026;22:00;19.0;0;SOLEIL;5;0;0
Le Puy-en-Velay;45.04;3.88;27/07/2026;23:00;;0;SOLEIL;;;0
Le Puy-en-Velay;45.04;3.88;28/07/2026;00:00;;0;SOLEIL;;;0
Le Puy-en-Velay;45.04;3.88;28/07/2026;01:00;;0;SOLEIL;;;0
Le Puy-en-Velay;45.04;3.88;28/07/2026;02:00;16.9;0;SOLEIL;5;0;0
Le Puy-en-Velay;45.04;3.88;28/07/2026;03:00;16.9;0;SOLEIL;5;0;0
Le Puy-en-Velay;45.04;3.88;28/07/2026;04:00;16.9;0;SOLEIL;5;0;0
Le Puy-en-Velay;45.04;3.88;28/07/2026;05:00;;0;SOLEIL;;;0
Le Puy-en-Velay;45.04;3.88;28/07/2026;06:00;;0;SOLEIL;;;0
Le Puy-en-Velay;45.04;3.88;28/07/2026;07:00;;0;SOLEIL;;;0
Le Puy-en-Velay;45.04;3.88;28/07/2026;08:00;19.5;0;SOLEIL;5;0;0
Le Puy-en-Velay;45.04;3.88;28/07/2026;09:00;20.8;0;SOLEIL;5;0;0
Le Puy-en-Velay;45.04;3.88;28/07/2026;10:00;22.1;0;SOLEIL;5;0;0
Le Puy-en-Velay;45.04;3.88;28/07/2026;11:00;;0;SOLEIL;;;0
Le Puy-en-Velay;45.04;3.88;28/07/2026;12:00;;0;SOLEIL;;;0
Le Puy-en-Velay;45.04;3.88;28/07/2026;13:00;;0;SOLEIL;;;0
Le Puy-en-Velay;45.04;3.88;28/07/2026;14:00;27.3;0;SOLEIL;5;0;0
Le Puy-en-Velay;45.04;3.88;28/07/2026;15:00;28.6;0;SOLEIL;5;0;0
Le Puy-en-Velay;45.04;3.88;28/07/2026;16:00;27.3;0;SOLEIL;5;0;0
Le Puy-en-Velay;45.04;3.88;28/07/2026;17:00;;0;SOLEIL;;;0
Le Puy-en-Velay;45.04;3.88;28/07/2026;18:00;;0;SOLEIL;;;0
Le Puy-en-Velay;45.04;3.88;28/07/2026;19:00;;0;SOLEIL;;;0
Le Puy-en-Velay;45.04;3.88;28/07/2026;20:00;22.1;0;SOLEIL;5;0;0
Le Puy-en-Velay;45.04;3.88;28/07/2026;21:00;20.8;0;SOLEIL;5;0;0
Le Puy-en-Velay;45.04;3.88;28/07/2026;22:00;19.5;0;SOLEIL;5;0;0
Le Puy-en-Velay;45.04;3.88;28/07/2026;23:00;;0;SOLEIL;;;0
Le Puy-en-Velay;45.04;3.88;29/07/2026;00:00;;0;SOLEIL;;;0
Le Puy-en-Velay;45.04;3.88;29/07/2026;01:00;;0;SOLEIL;;;0
Le Puy-en-Velay;45.04;3.88;29/07/2026;02:00;16.1;0;SOLEIL;5;0;0
Le Puy-en-Velay;45.04;3.88;29/07/2026;03:00;16.1;0;SOLEIL;5;0;0
Le Puy-en-Velay;45.04;3.88;29/07/2026;04:00;16.1;0;SOLEIL;5;0;0
Le Puy-en-Velay;45.04;3.88;29/07/2026;05:00;;0;SOLEIL;;;0
Le Puy-en-Velay;45.04;3.88;29/07/2026;06:00;;0;SOLEIL;;;0
Le Puy-en-Velay;45.04;3.88;29/07/2026;07:00;;0;SOLEIL;;;0
Le Puy-en-Velay;45.04;3.88;29/07/2026;08:00;18.7;0;SOLEIL;5;0;0
Le Puy-en-Velay;45.04;3.88;29/07/2026;09:00;20.0;0;SOLEIL;5;0;0
Le Puy-en-Velay;45.04;3.88;29/07/2026;10:00;21.3;0;SOLEIL;5;0;0
Le Puy-en-Velay;45.04;3.88;29/07/2026;11:00;;0;SOLEIL;;;0
Le Puy-en-Velay;45.04;3.88;29/07/2026;12:00;;0;SOLEIL;;;0
Le Puy-en-Velay;45.04;3.88;29/07/2026;13:00;;0;SOLEIL;;;0
Le Puy-en-Velay;45.04;3.88;29/07/2026;14:00;26.6;0;SOLEIL;5;0;0
Le Puy-en-Velay;45.04;3.88;29/07/2026;15:00;27.9;0;SOLEIL;5;0;0
Le Puy-en-Velay;45.04;3.88;29/07/2026;16:00;26.6;0;SOLEIL;5;0;0
Le Puy-en-Velay;45.04;3.88;29/07/2026;17:00;;0;SOLEIL;;;0
Le Puy-en-Velay;45.04;3.88;29/07/2026;18:00;;0;SOLEIL;;;0
Le Puy-en-Velay;45.04;3.88;29/07/2026;19:00;;0;SOLEIL;;;0
Le Puy-en-Velay;45.04;3.88;29/07/2026;20:00;21.3;0;SOLEIL;5;0;0
Le Puy-en-Velay;45.04;3.88;29/07/2026;21:00;20.0;0;SOLEIL;5;0;0
Le Puy-en-Velay;45.04;3.88;29/07/2026;22:00;18.7;0;SOLEIL;5;0;0
Le Puy-en-Velay;45.04;3.88;29/07/2026;23:00;;0;SOLEIL;;;0
Le Puy-en-Velay;45.04;3.88;30/07/2026;00:00;;0;SOLEIL;;;0
Le Puy-en-Velay;45.04;3.88;30/07/2026;01:00;;0;SOLEIL;;;0
Le Puy-en-Velay;45.04;3.88;30/07/2026;02:00;16.2;0;SOLEIL;5;0;0
Le Puy-en-Velay;45.04;3.88;30/07/2026;03:00;16.2;0;SOLEIL;5;0;0
Le Puy-en-Velay;45.04;3.88;30/07/2026;04:00;16.2;0;SOLEIL;5;0;0
Le Puy-en-Velay;45.04;3.88;30/07/2026;05:00;;0;SOLEIL;;;0
Le Puy-en-Velay;45.04;3.88;30/07/2026;06:00;;0;SOLEIL;;;0
Le Puy-en-Velay;45.04;3.88;30/07/2026;07:00;;0;SOLEIL;;;0
Le Puy-en-Velay;45.04;3.88;30/07/2026;08:00;18.8;0;SOLEIL;5;0;0
Le Puy-en-Velay;45.04;3.88;30/07/2026;09:00;20.1;0;SOLEIL;5;0;0
Le Puy-en-Velay;45.04;3.88;30/07/2026;10:00;21.4;0;SOLEIL;5;0;0
Le Puy-en-Velay;45.04;3.88;30/07/2026;11:00;;0;SOLEIL;;;0
Le Puy-en-Velay;45.04;3.88;30/07/2026;12:00;;0;SOLEIL;;;0
Le Puy-en-Velay;45.04;3.88;30/07/2026;13:00;;0;SOLEIL;;;0
Le Puy-en-Velay;45.04;3.88;30/07/2026;14:00;26.7;0;SOLEIL;5;0;0
Le Puy-en-Velay;45.04;3.88;30/07/2026;15:00;28.0;0;SOLEIL;5;0;0
Le Puy-en-Velay;45.04;3.88;30/07/2026;16:00;26.7;0;SOLEIL;5;0;0
Le Puy-en-Velay;45.04;3.88;30/07/2026;17:00;;0;SOLEIL;;;0
Le Puy-en-Velay;45.04;3.88;30/07/2026;18:00;;0;SOLEIL;;;0
Le Puy-en-Velay;45.04;3.88;30/07/2026;19:00;;0;SOLEIL;;;0
Le Puy-en-Velay;45.04;3.88;30/07/2026;20:00;21.4;0;SOLEIL;5;0;0
Le Puy-en-Velay;45.04;3.88;30/07/2026;21:00;20.1;0;SOLEIL;5;0;0
Le Puy-en-Velay;45.04;3.88;30/07/2026;22:00;18.8;0;SOLEIL;5;0;0
Le Puy-en-Velay;45.04;3.88;30/07/2026;23:00;17.5;0;SOLEIL;5;0;0
Le Puy-en-Velay;45.04;3.88;31/07/2026;00:00;12;0;SOLEIL;5;0;0
Le Puy-en-Velay;45.04;3.88;31/07/2026;01:00;12;0;SOLEIL;5;0;0
Le Puy-en-Velay;45.04;3.88;31/07/2026;02:00;12;0;SOLEIL;5;0;0
Le Puy-en-Velay;45.04;3.88;31/07/2026;03:00;12;0;SOLEIL;5;0;0
Le Puy-en-Velay;45.04;3.88;31/07/2026;04:00;12;0;SOLEIL;5;0;0
Le Puy-en-Velay;45.04;3.88;31/07/2026;05:00;12;0;SOLEIL;5;0;0
Le Puy-en-Velay;45.04;3.88;31/07/2026;06:00;12;0;SOLEIL;5;0;0
Le Puy-en-Velay;45.04;3.88;31/07/2026;07:00;13.1;0;SOLEIL;5;0;0
Le Puy-en-Velay;45.04;3.88;31/07/2026;08:00;14.2;0;SOLEIL;5;0;0
Le Puy-en-Velay;45.04;3.88;31/07/2026;09:00;15.3;0;SOLEIL;5;0;0
Le Puy-en-Velay;45.04;3.88;31/07/2026;10:00;16.4;0;SOLEIL;5;0;0
Le Puy-en-Velay;45.04;3.88;31/07/2026;11:00;17.6;0;SOLEIL;5;0;0
Le Puy-en-Velay;45.04;3.88;31/07/2026;12:00;18.7;0;SOLEIL;5;0;0
Le Puy-en-Velay;45.04;3.88;31/07/2026;13:00;19.8;0;SOLEIL;5;0;0
Le Puy-en-Velay;45.04;3.88;31/07/2026;14:00;20.9;0;SOLEIL;5;0;0
Le Puy-en-Velay;45.04;3.88;31/07/2026;15:00;22.0;0;SOLEIL;5;0;0
Le Puy-en-Velay;45.04;3.88;31/07/2026;16:00;20.9;0;SOLEIL;5;0;0
Le Puy-en-Velay;45.04;3.88;31/07/2026;17:00;19.8;0;SOLEIL;5;0;0
Le Puy-en-Velay;45.04;3.88;31/07/2026;18:00;18.7;0;SOLEIL;5;0;0
Le Puy-en-Velay;45.04;3.88;31/07/2026;19:00;17.6;0;SOLEIL;5;0;0
Le Puy-en-Velay;45.04;3.88;31/07/2026;20:00;16.4;0;SOLEIL;5;0;0
Le Puy-en-Velay;45.04;3.88;31/07/2026;21:00;15.3;0;SOLEIL;5;0;0
Le Puy-en-Velay;45.04;3.88;31/07/2026;22:00;14.2;0;SOLEIL;5;0;0
Le Puy-en-Velay;45.04;3.88;31/07/2026;23:00;13.1;0;SOLEIL;5;0;0
Le Puy-en-Velay;45.04;3.88;01/08/2026;00:00;12;0;SOLEIL;5;0;0
Le Puy-en-Velay;45.04;3.88;01/08/2026;01:00;12;0;SOLEIL;5;0;0
Le Puy-en-Velay;45.04;3.88;01/08/2026;02:00;12;0;SOLEIL;5;0;0
Le Puy-en-Velay;45.04;3.88;01/08/2026;03:00;12;0;SOLEIL;5;0;0
Le Puy-en-Velay;45.04;3.88;01/08/2026;04:00;12;0;SOLEIL;5;0;0
Le Puy-en-Velay;45.04;3.88;01/08/2026;05:00;12;0;SOLEIL;5;0;0
Le Puy-en-Velay;45.04;3.88;01/08/2026;06:00;12;0;SOLEIL;5;0;0
Le Puy-en-Velay;45.04;3.88;01/08/2026;07:00;13.1;0;SOLEIL;5;0;0
Le Puy-en-Velay;45.04;3.88;01/08/2026;08:00;14.2;0;SOLEIL;5;0;0
Le Puy-en-Velay;45.04;3.88;01/08/2026;09:00;15.3;0;SOLEIL;5;0;0
Le Puy-en-Velay;45.04;3.88;01/08/2026;10:00;16.4;0;SOLEIL;5;0;0
Le Puy-en-Velay;45.04;3.88;01/08/2026;11:00;17.6;0;SOLEIL;5;0;0
Le Puy-en-Velay;45.04;3.88;01/08/2026;12:00;18.7;0;SOLEIL;5;0;0
Le Puy-en-Velay;45.04;3.88;01/08/2026;13:00;19.8;0;SOLEIL;5;0;0
Le Puy-en-Velay;45.04;3.88;01/08/2026;14:00;20.9;0;SOLEIL;5;0;0
Le Puy-en-Velay;45.04;3.88;01/08/2026;15:00;22.0;0;SOLEIL;5;0;0
Le Puy-en-Velay;45.04;3.88;01/08/2026;16:00;20.9;0;SOLEIL;5;0;0
Le Puy-en-Velay;45.04;3.88;01/08/2026;17:00;19.8;0;SOLEIL;5;0;0
Le Puy-en-Velay;45.04;3.88;01/08/2026;18:00;18.7;0;SOLEIL;5;0;0
Le Puy-en-Velay;45.04;3.88;01/08/2026;19:00;17.6;0;SOLEIL;5;0;0
Le Puy-en-Velay;45.04;3.88;01/08/2026;20:00;16.4;0;SOLEIL;5;0;0
Le Puy-en-Velay;45.04;3.88;01/08/2026;21:00;15.3;0;SOLEIL;5;0;0
Le Puy-en-Velay;45.04;3.88;01/08/2026;22:00;14.2;0;SOLEIL;5;0;0
Le Puy-en-Velay;45.04;3.88;01/08/2026;23:00;13.1;0;SOLEIL;5;0;0
Ambert;45.55;3.74;17/07/2026;00:00;17.6;6;AVERSES;2;22.7;4.9
Ambert;45.55;3.74;17/07/2026;01:00;17.4;6;AVERSES;1;21.2;0.6
Ambert;45.55;3.74;17/07/2026;02:00;17.1;6;AVERSES;2;20.2;0.3
Ambert;45.55;3.74;17/07/2026;03:00;16;0;SOLEIL;1;18.7;0
Ambert;45.55;3.74;17/07/2026;04:00;14.9;0;SOLEIL;0;20.9;0
Ambert;45.55;3.74;17/07/2026;05:00;14.5;0;SOLEIL;1;17.3;0
Ambert;45.55;3.74;17/07/2026;06:00;15.5;0;SOLEIL;1;6.8;0
Ambert;45.55;3.74;17/07/2026;07:00;18.2;0;SOLEIL;1;15.5;0
Ambert;45.55;3.74;17/07/2026;08:00;21.1;0;SOLEIL;1;5.8;0
Ambert;45.55;3.74;17/07/2026;09:00;23.9;0;SOLEIL;2;6.8;0
Ambert;45.55;3.74;17/07/2026;10:00;25;0;SOLEIL;3;7.6;0
Ambert;45.55;3.74;17/07/2026;11:00;26.4;0;SOLEIL;2;23.4;0
Ambert;45.55;3.74;17/07/2026;12:00;26.6;0;SOLEIL;3;28.1;0
Ambert;45.55;3.74;17/07/2026;13:00;26.7;0;SOLEIL;3;26.3;0
Ambert;45.55;3.74;17/07/2026;14:00;25.9;0;SOLEIL;3;23.4;0
Ambert;45.55;3.74;17/07/2026;15:00;27.1;10;ORAGEUX;4;49.3;0.1
Ambert;45.55;3.74;17/07/2026;16:00;26.6;10;ORAGEUX;3;43.9;0.1
Ambert;45.55;3.74;17/07/2026;17:00;26.2;10;ORAGEUX;4;32.8;0.1
Ambert;45.55;3.74;17/07/2026;18:00;24.9;10;ORAGEUX;3;32.4;0.1
Ambert;45.55;3.74;17/07/2026;19:00;21.7;10;ORAGEUX;3;31.7;0.1
Ambert;45.55;3.74;17/07/2026;20:00;19.9;10;ORAGEUX;2;27.4;0.1
Ambert;45.55;3.74;17/07/2026;21:00;20.2;0;SOLEIL;1;33.1;0
Ambert;45.55;3.74;17/07/2026;22:00;17.9;0;SOLEIL;1;19.4;0
Ambert;45.55;3.74;17/07/2026;23:00;17.1;0;SOLEIL;1;8.6;0
Ambert;45.55;3.74;18/07/2026;00:00;16.6;0;SOLEIL;1;11.5;0
Ambert;45.55;3.74;18/07/2026;01:00;16.6;0;SOLEIL;1;10.4;0
Ambert;45.55;3.74;18/07/2026;02:00;13.2;0;SOLEIL;0;5.8;0
Ambert;45.55;3.74;18/07/2026;03:00;13.2;0;SOLEIL;0;5.4;0
Ambert;45.55;3.74;18/07/2026;04:00;13.2;0;SOLEIL;0;5.0;0
Ambert;45.55;3.74;18/07/2026;05:00;14;0;SOLEIL;0;4.0;0
Ambert;45.55;3.74;18/07/2026;06:00;14;0;SOLEIL;0;4.0;0
Ambert;45.55;3.74;18/07/2026;07:00;14;0;SOLEIL;0;3.6;0
Ambert;45.55;3.74;18/07/2026;08:00;22.2;0;SOLEIL;2;5.4;0
Ambert;45.55;3.74;18/07/2026;09:00;22.2;0;SOLEIL;2;5.8;0
Ambert;45.55;3.74;18/07/2026;10:00;22.2;0;SOLEIL;2;5.4;0
Ambert;45.55;3.74;18/07/2026;11:00;26.1;0;SOLEIL;2;9.4;0
Ambert;45.55;3.74;18/07/2026;12:00;26.1;0;SOLEIL;2;11.7;0
Ambert;45.55;3.74;18/07/2026;13:00;26.1;0;SOLEIL;2;16.2;0
Ambert;45.55;3.74;18/07/2026;14:00;27.2;0;SOLEIL;3;16.6;0
Ambert;45.55;3.74;18/07/2026;15:00;27.2;0;SOLEIL;3;17.3;0
Ambert;45.55;3.74;18/07/2026;16:00;27.2;0;SOLEIL;3;19.1;0
Ambert;45.55;3.74;18/07/2026;17:00;25.4;0;SOLEIL;3;19.4;0
Ambert;45.55;3.74;18/07/2026;18:00;25.4;0;SOLEIL;3;21.6;0
Ambert;45.55;3.74;18/07/2026;19:00;25.4;0;SOLEIL;3;21.6;0
Ambert;45.55;3.74;18/07/2026;20:00;20.1;0;SOLEIL;2;20.9;0
Ambert;45.55;3.74;18/07/2026;21:00;20.1;0;SOLEIL;2;15.8;0
Ambert;45.55;3.74;18/07/2026;22:00;20.1;0;SOLEIL;2;12.2;0
Ambert;45.55;3.74;18/07/2026;23:00;16.2;0;SOLEIL;0;9.0;0
Ambert;45.55;3.74;19/07/2026;00:00;16.2;0;SOLEIL;0;7.2;0
Ambert;45.55;3.74;19/07/2026;01:00;16.2;0;SOLEIL;0;7.6;0
Ambert;45.55;3.74;19/07/2026;02:00;13.6;0;SOLEIL;0;7.2;0
Ambert;45.55;3.74;19/07/2026;03:00;13.6;0;SOLEIL;0;6.8;0
Ambert;45.55;3.74;19/07/2026;04:00;13.6;0;SOLEIL;0;7.6;0
Ambert;45.55;3.74;19/07/2026;05:00;14.1;0;SOLEIL;0;7.2;0
Ambert;45.55;3.74;19/07/2026;06:00;14.1;0;SOLEIL;0;6.5;0
Ambert;45.55;3.74;19/07/2026;07:00;14.1;0;SOLEIL;0;6.5;0
Ambert;45.55;3.74;19/07/2026;08:00;22.6;0;SOLEIL;2;5.8;0
Ambert;45.55;3.74;19/07/2026;09:00;22.6;0;SOLEIL;2;7.2;0
Ambert;45.55;3.74;19/07/2026;10:00;22.6;0;SOLEIL;2;9.0;0
Ambert;45.55;3.74;19/07/2026;11:00;26.7;0;SOLEIL;3;15.5;0
Ambert;45.55;3.74;19/07/2026;12:00;26.7;0;SOLEIL;3;18.4;0
Ambert;45.55;3.74;19/07/2026;13:00;26.7;0;SOLEIL;3;23.8;0
Ambert;45.55;3.74;19/07/2026;14:00;26;0;SOLEIL;4;23.8;0
Ambert;45.55;3.74;19/07/2026;15:00;26;0;SOLEIL;4;19.4;0
Ambert;45.55;3.74;19/07/2026;16:00;26;0;SOLEIL;4;16.2;0
Ambert;45.55;3.74;19/07/2026;17:00;22.4;0;SOLEIL;4;18.0;0
Ambert;45.55;3.74;19/07/2026;18:00;22.4;0;SOLEIL;4;23.8;0
Ambert;45.55;3.74;19/07/2026;19:00;22.4;0;SOLEIL;4;38.2;0
Ambert;45.55;3.74;19/07/2026;20:00;18.9;0;SOLEIL;5;35.3;0
Ambert;45.55;3.74;19/07/2026;21:00;17.2;0;SOLEIL;5;31.0;0
Ambert;45.55;3.74;19/07/2026;22:00;15.5;0;SOLEIL;5;22.7;0
Ambert;45.55;3.74;19/07/2026;23:00;14.7;0;SOLEIL;2;15.8;0
Ambert;45.55;3.74;20/07/2026;00:00;14.7;0;SOLEIL;2;12.2;0
Ambert;45.55;3.74;20/07/2026;01:00;14.7;0;SOLEIL;2;10.4;0
Ambert;45.55;3.74;20/07/2026;02:00;12.7;0;SOLEIL;5;8.6;0
Ambert;45.55;3.74;20/07/2026;03:00;12.7;0;SOLEIL;5;7.2;0
Ambert;45.55;3.74;20/07/2026;04:00;12.7;0;SOLEIL;5;6.1;0
Ambert;45.55;3.74;20/07/2026;05:00;13.7;0;SOLEIL;2;5.4;0
Ambert;45.55;3.74;20/07/2026;06:00;13.7;0;SOLEIL;2;5.0;0
Ambert;45.55;3.74;20/07/2026;07:00;13.7;0;SOLEIL;2;5.0;0
Ambert;45.55;3.74;20/07/2026;08:00;16.2;0;SOLEIL;5;7.2;0
Ambert;45.55;3.74;20/07/2026;09:00;18.0;0;SOLEIL;5;13.0;0
Ambert;45.55;3.74;20/07/2026;10:00;19.8;0;SOLEIL;5;20.5;0
Ambert;45.55;3.74;20/07/2026;11:00;26.4;0;SOLEIL;3;26.6;0
Ambert;45.55;3.74;20/07/2026;12:00;26.4;0;SOLEIL;3;29.2;0
Ambert;45.55;3.74;20/07/2026;13:00;26.4;0;SOLEIL;3;30.2;0
Ambert;45.55;3.74;20/07/2026;14:00;26.8;0;SOLEIL;5;30.6;0
Ambert;45.55;3.74;20/07/2026;15:00;28.6;0;SOLEIL;5;30.6;0
Ambert;45.55;3.74;20/07/2026;16:00;26.8;0;SOLEIL;5;30.2;0
Ambert;45.55;3.74;20/07/2026;17:00;25.6;0;SOLEIL;5;30.2;0
Ambert;45.55;3.74;20/07/2026;18:00;25.6;0;SOLEIL;5;31.7;0
Ambert;45.55;3.74;20/07/2026;19:00;25.6;0;SOLEIL;5;33.8;0
Ambert;45.55;3.74;20/07/2026;20:00;19.8;0;SOLEIL;5;33.1;0
Ambert;45.55;3.74;20/07/2026;21:00;18.0;0;SOLEIL;5;27.7;0
Ambert;45.55;3.74;20/07/2026;22:00;16.2;0;SOLEIL;5;19.8;0
Ambert;45.55;3.74;20/07/2026;23:00;15.6;0;SOLEIL;2;13.7;0
Ambert;45.55;3.74;21/07/2026;00:00;15.6;0;SOLEIL;2;10.8;0
Ambert;45.55;3.74;21/07/2026;01:00;15.6;0;SOLEIL;2;9.7;0
Ambert;45.55;3.74;21/07/2026;02:00;10.6;0;SOLEIL;5;9.4;0
Ambert;45.55;3.74;21/07/2026;03:00;10.6;0;SOLEIL;5;9.4;0
Ambert;45.55;3.74;21/07/2026;04:00;10.6;0;SOLEIL;5;10.4;0
Ambert;45.55;3.74;21/07/2026;05:00;11.9;0;SOLEIL;2;10.8;0
Ambert;45.55;3.74;21/07/2026;06:00;11.9;0;SOLEIL;2;9.4;0
Ambert;45.55;3.74;21/07/2026;07:00;11.9;0;SOLEIL;2;7.9;0
Ambert;45.55;3.74;21/07/2026;08:00;14.5;0;SOLEIL;5;9.7;0
Ambert;45.55;3.74;21/07/2026;09:00;16.4;0;SOLEIL;5;18.0;0
Ambert;45.55;3.74;21/07/2026;10:00;18.4;0;SOLEIL;5;29.5;0
Ambert;45.55;3.74;21/07/2026;11:00;24.2;0;SOLEIL;5;38.5;0
Ambert;45.55;3.74;21/07/2026;12:00;24.2;0;SOLEIL;5;45.0;0
Ambert;45.55;3.74;21/07/2026;13:00;24.2;0;SOLEIL;5;49.9;0
Ambert;45.55;3.74;21/07/2026;14:00;26.2;0;SOLEIL;5;54.1;0
Ambert;45.55;3.74;21/07/2026;15:00;28.1;0;SOLEIL;5;56.9;0
Ambert;45.55;3.74;21/07/2026;16:00;26.2;0;SOLEIL;5;55.8;0
Ambert;45.55;3.74;21/07/2026;17:00;25.1;0;SOLEIL;5;54.0;0
Ambert;45.55;3.74;21/07/2026;18:00;25.1;0;SOLEIL;5;52.2;0
Ambert;45.55;3.74;21/07/2026;19:00;25.1;0;SOLEIL;5;50.0;0
Ambert;45.55;3.74;21/07/2026;20:00;18.4;0;SOLEIL;5;46.4;0
Ambert;45.55;3.74;21/07/2026;21:00;16.4;0;SOLEIL;5;40.3;0
Ambert;45.55;3.74;21/07/2026;22:00;14.5;0;SOLEIL;5;32.8;0
Ambert;45.55;3.74;21/07/2026;23:00;15.6;0;SOLEIL;2;26.3;0
Ambert;45.55;3.74;22/07/2026;00:00;15.6;0;SOLEIL;2;22.0;0
Ambert;45.55;3.74;22/07/2026;01:00;15.6;0;SOLEIL;2;19.1;0
Ambert;45.55;3.74;22/07/2026;02:00;10.6;0;SOLEIL;5;16.6;0
Ambert;45.55;3.74;22/07/2026;03:00;10.6;0;SOLEIL;5;14.8;0
Ambert;45.55;3.74;22/07/2026;04:00;10.6;0;SOLEIL;5;13.7;0
Ambert;45.55;3.74;22/07/2026;05:00;11.4;0;SOLEIL;1;13.0;0
Ambert;45.55;3.74;22/07/2026;06:00;11.4;0;SOLEIL;1;11.9;0
Ambert;45.55;3.74;22/07/2026;07:00;11.4;0;SOLEIL;1;10.8;0
Ambert;45.55;3.74;22/07/2026;08:00;14.8;0;SOLEIL;5;11.5;0
Ambert;45.55;3.74;22/07/2026;09:00;16.9;0;SOLEIL;5;15.5;0
Ambert;45.55;3.74;22/07/2026;10:00;19.0;0;SOLEIL;5;21.2;0
Ambert;45.55;3.74;22/07/2026;11:00;26.6;0;SOLEIL;3;25.6;0
Ambert;45.55;3.74;22/07/2026;12:00;26.6;0;SOLEIL;3;27.0;0
Ambert;45.55;3.74;22/07/2026;13:00;26.6;0;SOLEIL;3;26.6;0
Ambert;45.55;3.74;22/07/2026;14:00;27.4;0;SOLEIL;5;25.9;0
Ambert;45.55;3.74;22/07/2026;15:00;29.5;0;SOLEIL;5;24.8;0
Ambert;45.55;3.74;22/07/2026;16:00;27.4;0;SOLEIL;5;23.4;0
Ambert;45.55;3.74;22/07/2026;17:00;26.4;0;SOLEIL;4;22.7;0
Ambert;45.55;3.74;22/07/2026;18:00;26.4;0;SOLEIL;4;24.1;0
Ambert;45.55;3.74;22/07/2026;19:00;26.4;0;SOLEIL;4;26.6;0
Ambert;45.55;3.74;22/07/2026;20:00;19.0;0;SOLEIL;5;27.0;0
Ambert;45.55;3.74;22/07/2026;21:00;16.9;0;SOLEIL;5;23.0;0
Ambert;45.55;3.74;22/07/2026;22:00;14.8;0;SOLEIL;5;16.6;0
Ambert;45.55;3.74;22/07/2026;23:00;17;0;SOLEIL;2;11.5;0
Ambert;45.55;3.74;23/07/2026;00:00;17;0;SOLEIL;2;8.3;0
Ambert;45.55;3.74;23/07/2026;01:00;17;0;SOLEIL;2;6.5;0
Ambert;45.55;3.74;23/07/2026;02:00;12.5;0;SOLEIL;5;5.4;0
Ambert;45.55;3.74;23/07/2026;03:00;12.5;0;SOLEIL;5;6.1;0
Ambert;45.55;3.74;23/07/2026;04:00;12.5;0;SOLEIL;5;7.6;0
Ambert;45.55;3.74;23/07/2026;05:00;13.6;0;SOLEIL;2;9.0;0
Ambert;45.55;3.74;23/07/2026;06:00;13.6;0;SOLEIL;2;9.0;0
Ambert;45.55;3.74;23/07/2026;07:00;13.6;0;SOLEIL;2;9.0;0
Ambert;45.55;3.74;23/07/2026;08:00;16.1;0;SOLEIL;5;10.8;0
Ambert;45.55;3.74;23/07/2026;09:00;18.0;0;SOLEIL;5;15.8;0
Ambert;45.55;3.74;23/07/2026;10:00;19.8;0;SOLEIL;5;23.0;0
Ambert;45.55;3.74;23/07/2026;11:00;26.4;0;SOLEIL;5;28.4;0
Ambert;45.55;3.74;23/07/2026;12:00;26.4;0;SOLEIL;5;31.0;0
Ambert;45.55;3.74;23/07/2026;13:00;26.4;0;SOLEIL;5;31.7;0
Ambert;45.55;3.74;23/07/2026;14:00;27.1;0;SOLEIL;5;32.4;0
Ambert;45.55;3.74;23/07/2026;15:00;28.9;0;SOLEIL;5;32.8;0
Ambert;45.55;3.74;23/07/2026;16:00;27.1;0;SOLEIL;5;32.8;0
Ambert;45.55;3.74;23/07/2026;17:00;26.1;0;SOLEIL;5;32.8;0
Ambert;45.55;3.74;23/07/2026;18:00;26.1;0;SOLEIL;5;33.1;0
Ambert;45.55;3.74;23/07/2026;19:00;26.1;0;SOLEIL;5;33.5;0
Ambert;45.55;3.74;23/07/2026;20:00;19.8;0;SOLEIL;5;32.0;0
Ambert;45.55;3.74;23/07/2026;21:00;18.0;0;SOLEIL;5;27.4;0
Ambert;45.55;3.74;23/07/2026;22:00;16.1;0;SOLEIL;5;20.9;0
Ambert;45.55;3.74;23/07/2026;23:00;17;0;SOLEIL;0;15.5;0
Ambert;45.55;3.74;24/07/2026;00:00;17;0;SOLEIL;0;18.7;0
Ambert;45.55;3.74;24/07/2026;01:00;17;0;SOLEIL;0;23.8;0
Ambert;45.55;3.74;24/07/2026;02:00;12.1;0;SOLEIL;5;28.4;0
Ambert;45.55;3.74;24/07/2026;03:00;12.1;0;SOLEIL;5;31.3;0
Ambert;45.55;3.74;24/07/2026;04:00;12.1;0;SOLEIL;5;26.3;0
Ambert;45.55;3.74;24/07/2026;05:00;13.5;0;SOLEIL;2;20.9;0
Ambert;45.55;3.74;24/07/2026;06:00;13.5;0;SOLEIL;2;15.8;0
Ambert;45.55;3.74;24/07/2026;07:00;13.5;0;SOLEIL;2;11.2;0
Ambert;45.55;3.74;24/07/2026;08:00;16.4;0;SOLEIL;5;8.6;0
Ambert;45.55;3.74;24/07/2026;09:00;18.5;0;SOLEIL;5;7.9;0
Ambert;45.55;3.74;24/07/2026;10:00;20.7;0;SOLEIL;5;8.6;0
Ambert;45.55;3.74;24/07/2026;11:00;28.9;0;SOLEIL;3;10.1;0
Ambert;45.55;3.74;24/07/2026;12:00;28.9;0;SOLEIL;3;12.2;0
Ambert;45.55;3.74;24/07/2026;13:00;28.9;0;SOLEIL;3;14.4;0
Ambert;45.55;3.74;24/07/2026;14:00;29.3;0;SOLEIL;5;15.8;0
Ambert;45.55;3.74;24/07/2026;15:00;31.4;0;SOLEIL;5;16.9;0
Ambert;45.55;3.74;24/07/2026;16:00;29.3;0;SOLEIL;5;18.4;0
Ambert;45.55;3.74;24/07/2026;17:00;27.9;0;SOLEIL;4;19.8;0
Ambert;45.55;3.74;24/07/2026;18:00;27.9;0;SOLEIL;4;20.9;0
Ambert;45.55;3.74;24/07/2026;19:00;27.9;0;SOLEIL;4;22.0;0
Ambert;45.55;3.74;24/07/2026;20:00;20.7;0;SOLEIL;5;22.3;0
Ambert;45.55;3.74;24/07/2026;21:00;18.5;0;SOLEIL;5;22.3;0
Ambert;45.55;3.74;24/07/2026;22:00;16.4;0;SOLEIL;5;21.6;0
Ambert;45.55;3.74;24/07/2026;23:00;18.6;0;SOLEIL;3;20.5;0
Ambert;45.55;3.74;25/07/2026;00:00;18.6;0;SOLEIL;3;19.4;0
Ambert;45.55;3.74;25/07/2026;01:00;18.6;0;SOLEIL;3;18.7;0
Ambert;45.55;3.74;25/07/2026;02:00;14.6;0;SOLEIL;5;18.0;0
Ambert;45.55;3.74;25/07/2026;03:00;14.6;0;SOLEIL;5;17.6;0
Ambert;45.55;3.74;25/07/2026;04:00;14.6;0;SOLEIL;5;16.9;0
Ambert;45.55;3.74;25/07/2026;05:00;15.9;0;SOLEIL;2;16.2;0
Ambert;45.55;3.74;25/07/2026;06:00;15.9;0;SOLEIL;2;16.2;0
Ambert;45.55;3.74;25/07/2026;07:00;15.9;0;SOLEIL;2;16.9;0
Ambert;45.55;3.74;25/07/2026;08:00;18.0;0;SOLEIL;5;18.7;0
Ambert;45.55;3.74;25/07/2026;09:00;19.8;0;SOLEIL;5;22.3;0
Ambert;45.55;3.74;25/07/2026;10:00;21.5;0;SOLEIL;5;27.4;0
Ambert;45.55;3.74;25/07/2026;11:00;28.7;0;SOLEIL;3;33.1;0
Ambert;45.55;3.74;25/07/2026;12:00;28.7;0;SOLEIL;3;38.9;0
Ambert;45.55;3.74;25/07/2026;13:00;28.7;0;SOLEIL;3;44.3;0
Ambert;45.55;3.74;25/07/2026;14:00;28.4;0;SOLEIL;5;47.9;0
Ambert;45.55;3.74;25/07/2026;15:00;30.1;0;SOLEIL;5;50.0;0
Ambert;45.55;3.74;25/07/2026;16:00;28.4;0;SOLEIL;5;51.1;0
Ambert;45.55;3.74;25/07/2026;17:00;24.9;0;SOLEIL;5;51.8;0
Ambert;45.55;3.74;25/07/2026;18:00;24.9;0;SOLEIL;5;51.5;0
Ambert;45.55;3.74;25/07/2026;19:00;24.9;0;SOLEIL;5;51.5;0
Ambert;45.55;3.74;25/07/2026;20:00;21.5;0;SOLEIL;5;51.1;0
Ambert;45.55;3.74;25/07/2026;21:00;19.8;0;SOLEIL;5;51.1;0
Ambert;45.55;3.74;25/07/2026;22:00;18.0;0;SOLEIL;5;50.8;0
Ambert;45.55;3.74;25/07/2026;23:00;18.5;0;SOLEIL;3;50.4;0
Ambert;45.55;3.74;26/07/2026;00:00;18.5;0;SOLEIL;3;49.7;0
Ambert;45.55;3.74;26/07/2026;01:00;18.5;0;SOLEIL;3;48.2;0
Ambert;45.55;3.74;26/07/2026;02:00;15.2;0;SOLEIL;5;45.7;0
Ambert;45.55;3.74;26/07/2026;03:00;15.2;0;SOLEIL;5;41.4;0
Ambert;45.55;3.74;26/07/2026;04:00;15.2;0;SOLEIL;5;35.6;0
Ambert;45.55;3.74;26/07/2026;05:00;;0;SOLEIL;;28.8;0
Ambert;45.55;3.74;26/07/2026;06:00;;0;SOLEIL;;22.7;0
Ambert;45.55;3.74;26/07/2026;07:00;;0;SOLEIL;;18.0;0
Ambert;45.55;3.74;26/07/2026;08:00;17.8;0;SOLEIL;5;15.8;0
Ambert;45.55;3.74;26/07/2026;09:00;19.2;0;SOLEIL;5;16.9;0
Ambert;45.55;3.74;26/07/2026;10:00;20.5;0;SOLEIL;5;20.9;0
Ambert;45.55;3.74;26/07/2026;11:00;;0;SOLEIL;;26.3;0
Ambert;45.55;3.74;26/07/2026;12:00;;0;SOLEIL;;32.0;0
Ambert;45.55;3.74;26/07/2026;13:00;;0;SOLEIL;;37.4;0
Ambert;45.55;3.74;26/07/2026;14:00;25.8;0;SOLEIL;5;41.0;0
Ambert;45.55;3.74;26/07/2026;15:00;27.1;0;SOLEIL;5;43.6;0
Ambert;45.55;3.74;26/07/2026;16:00;25.8;0;SOLEIL;5;45.4;0
Ambert;45.55;3.74;26/07/2026;17:00;;0;SOLEIL;;46.8;0
Ambert;45.55;3.74;26/07/2026;18:00;;0;SOLEIL;;47.9;0
Ambert;45.55;3.74;26/07/2026;19:00;;0;SOLEIL;;48.2;0
Ambert;45.55;3.74;26/07/2026;20:00;20.5;0;SOLEIL;5;47.9;0
Ambert;45.55;3.74;26/07/2026;21:00;19.2;0;SOLEIL;5;46.8;0
Ambert;45.55;3.74;26/07/2026;22:00;17.8;0;SOLEIL;5;44.6;0
Ambert;45.55;3.74;26/07/2026;23:00;;0;SOLEIL;;42.1;0
Ambert;45.55;3.74;27/07/2026;00:00;;0;SOLEIL;;39.2;0
Ambert;45.55;3.74;27/07/2026;01:00;;0;SOLEIL;;36.4;0
Ambert;45.55;3.74;27/07/2026;02:00;14.4;0;SOLEIL;5;33.5;0
Ambert;45.55;3.74;27/07/2026;03:00;14.4;0;SOLEIL;5;30.6;0
Ambert;45.55;3.74;27/07/2026;04:00;14.4;0;SOLEIL;5;27.4;0
Ambert;45.55;3.74;27/07/2026;05:00;;0;SOLEIL;;23.8;0
Ambert;45.55;3.74;27/07/2026;06:00;;0;SOLEIL;;20.9;0
Ambert;45.55;3.74;27/07/2026;07:00;;0;SOLEIL;;18.7;0
Ambert;45.55;3.74;27/07/2026;08:00;17.3;0;SOLEIL;5;17.6;0
Ambert;45.55;3.74;27/07/2026;09:00;18.7;0;SOLEIL;5;18.0;0
Ambert;45.55;3.74;27/07/2026;10:00;20.2;0;SOLEIL;5;19.8;0
Ambert;45.55;3.74;27/07/2026;11:00;;0;SOLEIL;;22.7;0
Ambert;45.55;3.74;27/07/2026;12:00;;0;SOLEIL;;25.6;0
Ambert;45.55;3.74;27/07/2026;13:00;;0;SOLEIL;;28.1;0
Ambert;45.55;3.74;27/07/2026;14:00;26.0;0;SOLEIL;5;30.2;0
Ambert;45.55;3.74;27/07/2026;15:00;27.4;0;SOLEIL;5;31.7;0
Ambert;45.55;3.74;27/07/2026;16:00;26.0;0;SOLEIL;5;33.5;0
Ambert;45.55;3.74;27/07/2026;17:00;;0;SOLEIL;;34.6;0
Ambert;45.55;3.74;27/07/2026;18:00;;0;SOLEIL;;35.6;0
Ambert;45.55;3.74;27/07/2026;19:00;;0;SOLEIL;;36.4;0
Ambert;45.55;3.74;27/07/2026;20:00;20.2;0;SOLEIL;5;36.4;0
Ambert;45.55;3.74;27/07/2026;21:00;18.7;0;SOLEIL;5;35.6;0
Ambert;45.55;3.74;27/07/2026;22:00;17.3;0;SOLEIL;5;34.6;0
Ambert;45.55;3.74;27/07/2026;23:00;;0;SOLEIL;;32.8;0
Ambert;45.55;3.74;28/07/2026;00:00;;0;SOLEIL;;30.6;0
Ambert;45.55;3.74;28/07/2026;01:00;;0;SOLEIL;;28.4;0
Ambert;45.55;3.74;28/07/2026;02:00;14.1;0;SOLEIL;5;26.3;0
Ambert;45.55;3.74;28/07/2026;03:00;14.1;0;SOLEIL;5;23.4;0
Ambert;45.55;3.74;28/07/2026;04:00;14.1;0;SOLEIL;5;19.8;0
Ambert;45.55;3.74;28/07/2026;05:00;;0;SOLEIL;;16.2;0
Ambert;45.55;3.74;28/07/2026;06:00;;0;SOLEIL;;13.0;0
Ambert;45.55;3.74;28/07/2026;07:00;;0;SOLEIL;;10.8;0
Ambert;45.55;3.74;28/07/2026;08:00;17.3;0;SOLEIL;5;10.1;0
Ambert;45.55;3.74;28/07/2026;09:00;18.9;0;SOLEIL;5;11.9;0
Ambert;45.55;3.74;28/07/2026;10:00;20.5;0;SOLEIL;5;15.5;0
Ambert;45.55;3.74;28/07/2026;11:00;;0;SOLEIL;;20.2;0
Ambert;45.55;3.74;28/07/2026;12:00;;0;SOLEIL;;25.2;0
Ambert;45.55;3.74;28/07/2026;13:00;;0;SOLEIL;;29.5;0
Ambert;45.55;3.74;28/07/2026;14:00;27.0;0;SOLEIL;5;32.4;0
Ambert;45.55;3.74;28/07/2026;15:00;28.6;0;SOLEIL;5;33.8;0
Ambert;45.55;3.74;28/07/2026;16:00;27.0;0;SOLEIL;5;34.9;0
Ambert;45.55;3.74;28/07/2026;17:00;;0;SOLEIL;;35.3;0
Ambert;45.55;3.74;28/07/2026;18:00;;0;SOLEIL;;35.3;0
Ambert;45.55;3.74;28/07/2026;19:00;;0;SOLEIL;;34.6;0
Ambert;45.55;3.74;28/07/2026;20:00;20.5;0;SOLEIL;5;33.8;0
Ambert;45.55;3.74;28/07/2026;21:00;18.9;0;SOLEIL;5;32.8;0
Ambert;45.55;3.74;28/07/2026;22:00;17.3;0;SOLEIL;5;31.0;0
Ambert;45.55;3.74;28/07/2026;23:00;;0;SOLEIL;;28.4;0
Ambert;45.55;3.74;29/07/2026;00:00;;0;SOLEIL;;26.3;0
Ambert;45.55;3.74;29/07/2026;01:00;;0;SOLEIL;;23.8;0
Ambert;45.55;3.74;29/07/2026;02:00;14.1;0;SOLEIL;5;21.6;0
Ambert;45.55;3.74;29/07/2026;03:00;14.1;0;SOLEIL;5;19.1;0
Ambert;45.55;3.74;29/07/2026;04:00;14.1;0;SOLEIL;5;16.6;0
Ambert;45.55;3.74;29/07/2026;05:00;;0;SOLEIL;;13.7;0
Ambert;45.55;3.74;29/07/2026;06:00;;0;SOLEIL;;11.5;0
Ambert;45.55;3.74;29/07/2026;07:00;;0;SOLEIL;;9.7;0
Ambert;45.55;3.74;29/07/2026;08:00;17.0;0;SOLEIL;5;9.0;0
Ambert;45.55;3.74;29/07/2026;09:00;18.4;0;SOLEIL;5;9.4;0
Ambert;45.55;3.74;29/07/2026;10:00;19.9;0;SOLEIL;5;11.2;0
Ambert;45.55;3.74;29/07/2026;11:00;;0;SOLEIL;;13.3;0
Ambert;45.55;3.74;29/07/2026;12:00;;0;SOLEIL;;15.5;0
Ambert;45.55;3.74;29/07/2026;13:00;;0;SOLEIL;;18.0;0
Ambert;45.55;3.74;29/07/2026;14:00;25.7;0;SOLEIL;5;20.2;0
Ambert;45.55;3.74;29/07/2026;15:00;27.1;0;SOLEIL;5;22.0;0
Ambert;45.55;3.74;29/07/2026;16:00;25.7;0;SOLEIL;5;24.1;0
Ambert;45.55;3.74;29/07/2026;17:00;;0;SOLEIL;;26.3;0
Ambert;45.55;3.74;29/07/2026;18:00;;0;SOLEIL;;28.1;0
Ambert;45.55;3.74;29/07/2026;19:00;;0;SOLEIL;;29.5;0
Ambert;45.55;3.74;29/07/2026;20:00;19.9;0;SOLEIL;5;30.6;0
Ambert;45.55;3.74;29/07/2026;21:00;18.4;0;SOLEIL;5;31.0;0
Ambert;45.55;3.74;29/07/2026;22:00;17.0;0;SOLEIL;5;31.3;0
Ambert;45.55;3.74;29/07/2026;23:00;;0;SOLEIL;;31.0;0
Ambert;45.55;3.74;30/07/2026;00:00;;0;SOLEIL;;30.6;0
Ambert;45.55;3.74;30/07/2026;01:00;;0;SOLEIL;;29.9;0
Ambert;45.55;3.74;30/07/2026;02:00;14.1;0;SOLEIL;5;29.2;0
Ambert;45.55;3.74;30/07/2026;03:00;14.1;0;SOLEIL;5;27.7;0
Ambert;45.55;3.74;30/07/2026;04:00;14.1;0;SOLEIL;5;25.9;0
Ambert;45.55;3.74;30/07/2026;05:00;;0;SOLEIL;;23.8;0
Ambert;45.55;3.74;30/07/2026;06:00;;0;SOLEIL;;21.6;0
Ambert;45.55;3.74;30/07/2026;07:00;;0;SOLEIL;;20.5;0
Ambert;45.55;3.74;30/07/2026;08:00;17.0;0;SOLEIL;5;20.2;0
Ambert;45.55;3.74;30/07/2026;09:00;18.4;0;SOLEIL;5;21.2;0
Ambert;45.55;3.74;30/07/2026;10:00;19.9;0;SOLEIL;5;23.8;0
Ambert;45.55;3.74;30/07/2026;11:00;;0;SOLEIL;;26.6;0
Ambert;45.55;3.74;30/07/2026;12:00;;0;SOLEIL;;29.5;0
Ambert;45.55;3.74;30/07/2026;13:00;;0;SOLEIL;;32.4;0
Ambert;45.55;3.74;30/07/2026;14:00;25.7;0;SOLEIL;5;34.6;0
Ambert;45.55;3.74;30/07/2026;15:00;27.1;0;SOLEIL;5;36.0;0
Ambert;45.55;3.74;30/07/2026;16:00;25.7;0;SOLEIL;5;37.1;0
Ambert;45.55;3.74;30/07/2026;17:00;;0;SOLEIL;;38.2;0
Ambert;45.55;3.74;30/07/2026;18:00;;0;SOLEIL;;38.5;0
Ambert;45.55;3.74;30/07/2026;19:00;;0;SOLEIL;;39.2;0
Ambert;45.55;3.74;30/07/2026;20:00;19.9;0;SOLEIL;5;39.2;0
Ambert;45.55;3.74;30/07/2026;21:00;18.4;0;SOLEIL;5;38.9;0
Ambert;45.55;3.74;30/07/2026;22:00;17.0;0;SOLEIL;5;38.5;0
Ambert;45.55;3.74;30/07/2026;23:00;15.5;0;SOLEIL;5;37.4;0
Ambert;45.55;3.74;31/07/2026;00:00;12;0;SOLEIL;5;28.2;0
Ambert;45.55;3.74;31/07/2026;01:00;12;0;SOLEIL;5;19.4;0
Ambert;45.55;3.74;31/07/2026;02:00;12;0;SOLEIL;5;11.8;0
Ambert;45.55;3.74;31/07/2026;03:00;12;0;SOLEIL;5;4.3;0
Ambert;45.55;3.74;31/07/2026;04:00;12;0;SOLEIL;5;5.0;0
Ambert;45.55;3.74;31/07/2026;05:00;12;0;SOLEIL;5;5.8;0
Ambert;45.55;3.74;31/07/2026;06:00;12;0;SOLEIL;5;5.8;0
Ambert;45.55;3.74;31/07/2026;07:00;13.1;0;SOLEIL;5;6.1;0
Ambert;45.55;3.74;31/07/2026;08:00;14.2;0;SOLEIL;5;8.6;0
Ambert;45.55;3.74;31/07/2026;09:00;15.3;0;SOLEIL;5;15.5;0
Ambert;45.55;3.74;31/07/2026;10:00;16.4;0;SOLEIL;5;24.8;0
Ambert;45.55;3.74;31/07/2026;11:00;17.6;0;SOLEIL;5;31.3;0
Ambert;45.55;3.74;31/07/2026;12:00;18.7;0;SOLEIL;5;32.4;0
Ambert;45.55;3.74;31/07/2026;13:00;19.8;0;SOLEIL;5;30.6;0
Ambert;45.55;3.74;31/07/2026;14:00;20.9;0;SOLEIL;5;29.2;0
Ambert;45.55;3.74;31/07/2026;15:00;22.0;0;SOLEIL;5;28.4;0
Ambert;45.55;3.74;31/07/2026;16:00;20.9;0;SOLEIL;5;27.7;0
Ambert;45.55;3.74;31/07/2026;17:00;19.8;0;SOLEIL;5;27.4;0
Ambert;45.55;3.74;31/07/2026;18:00;18.7;0;SOLEIL;5;28.1;0
Ambert;45.55;3.74;31/07/2026;19:00;17.6;0;SOLEIL;5;28.4;0
Ambert;45.55;3.74;31/07/2026;20:00;16.4;0;SOLEIL;5;27.0;0
Ambert;45.55;3.74;31/07/2026;21:00;15.3;0;SOLEIL;5;20.9;0
Ambert;45.55;3.74;31/07/2026;22:00;14.2;0;SOLEIL;5;12.2;0
Ambert;45.55;3.74;31/07/2026;23:00;13.1;0;SOLEIL;5;5.8;0
Ambert;45.55;3.74;01/08/2026;00:00;12;0;SOLEIL;5;0.0;0
Ambert;45.55;3.74;01/08/2026;01:00;12;0;SOLEIL;5;0.0;0
Ambert;45.55;3.74;01/08/2026;02:00;12;0;SOLEIL;5;0.0;0
Ambert;45.55;3.74;01/08/2026;03:00;12;0;SOLEIL;5;0.0;0
Ambert;45.55;3.74;01/08/2026;04:00;12;0;SOLEIL;5;0.0;0
Ambert;45.55;3.74;01/08/2026;05:00;12;0;SOLEIL;5;0.0;0
Ambert;45.55;3.74;01/08/2026;06:00;12;0;SOLEIL;5;0.0;0
Ambert;45.55;3.74;01/08/2026;07:00;13.1;0;SOLEIL;5;0.0;0
Ambert;45.55;3.74;01/08/2026;08:00;14.2;0;SOLEIL;5;0.0;0
Ambert;45.55;3.74;01/08/2026;09:00;15.3;0;SOLEIL;5;0.0;0
Ambert;45.55;3.74;01/08/2026;10:00;16.4;0;SOLEIL;5;0.0;0
Ambert;45.55;3.74;01/08/2026;11:00;17.6;0;SOLEIL;5;0.0;0
Ambert;45.55;3.74;01/08/2026;12:00;18.7;0;SOLEIL;5;0.0;0
Ambert;45.55;3.74;01/08/2026;13:00;19.8;0;SOLEIL;5;0.0;0
Ambert;45.55;3.74;01/08/2026;14:00;20.9;0;SOLEIL;5;0.0;0
Ambert;45.55;3.74;01/08/2026;15:00;22.0;0;SOLEIL;5;0.0;0
Ambert;45.55;3.74;01/08/2026;16:00;20.9;0;SOLEIL;5;0.0;0
Ambert;45.55;3.74;01/08/2026;17:00;19.8;0;SOLEIL;5;0.0;0
Ambert;45.55;3.74;01/08/2026;18:00;18.7;0;SOLEIL;5;0.0;0
Ambert;45.55;3.74;01/08/2026;19:00;17.6;0;SOLEIL;5;0.0;0
Ambert;45.55;3.74;01/08/2026;20:00;16.4;0;SOLEIL;5;0.0;0
Ambert;45.55;3.74;01/08/2026;21:00;15.3;0;SOLEIL;5;0.0;0
Ambert;45.55;3.74;01/08/2026;22:00;14.2;0;SOLEIL;5;0.0;0
Ambert;45.55;3.74;01/08/2026;23:00;13.1;0;SOLEIL;5;0.0;0
Clermont-Ferrand;45.78;3.08;17/07/2026;00:00;15.7;6;AVERSES;2;10.8;0.1
Clermont-Ferrand;45.78;3.08;17/07/2026;01:00;14.7;6;AVERSES;3;8.6;2.9
Clermont-Ferrand;45.78;3.08;17/07/2026;02:00;15.1;0;SOLEIL;2;7.2;0
Clermont-Ferrand;45.78;3.08;17/07/2026;03:00;15.2;0;SOLEIL;2;20.5;0
Clermont-Ferrand;45.78;3.08;17/07/2026;04:00;14;0;SOLEIL;2;13.3;0
Clermont-Ferrand;45.78;3.08;17/07/2026;05:00;13.9;0;SOLEIL;1;5.8;0
Clermont-Ferrand;45.78;3.08;17/07/2026;06:00;16.4;0;SOLEIL;0;2.9;0
Clermont-Ferrand;45.78;3.08;17/07/2026;07:00;18.1;0;SOLEIL;1;16.2;0
Clermont-Ferrand;45.78;3.08;17/07/2026;08:00;21.5;0;SOLEIL;3;12.6;0
Clermont-Ferrand;45.78;3.08;17/07/2026;09:00;23.7;0;SOLEIL;3;5.8;0
Clermont-Ferrand;45.78;3.08;17/07/2026;10:00;25.2;0;SOLEIL;3;5.4;0
Clermont-Ferrand;45.78;3.08;17/07/2026;11:00;26.1;0;SOLEIL;4;24.1;0
Clermont-Ferrand;45.78;3.08;17/07/2026;12:00;26.9;0;SOLEIL;4;29.5;0
Clermont-Ferrand;45.78;3.08;17/07/2026;13:00;25.9;10;ORAGEUX;4;32.0;0.1
Clermont-Ferrand;45.78;3.08;17/07/2026;14:00;25.6;10;ORAGEUX;4;32.0;0.1
Clermont-Ferrand;45.78;3.08;17/07/2026;15:00;26.2;10;ORAGEUX;5;26.6;0.1
Clermont-Ferrand;45.78;3.08;17/07/2026;16:00;23.1;10;ORAGEUX;4;32.0;0.1
Clermont-Ferrand;45.78;3.08;17/07/2026;17:00;23.4;10;ORAGEUX;5;23.8;0.2
Clermont-Ferrand;45.78;3.08;17/07/2026;18:00;25;10;ORAGEUX;4;28.4;0.1
Clermont-Ferrand;45.78;3.08;17/07/2026;19:00;22.1;10;ORAGEUX;3;30.6;0.1
Clermont-Ferrand;45.78;3.08;17/07/2026;20:00;19.6;10;ORAGEUX;3;30.6;0.1
Clermont-Ferrand;45.78;3.08;17/07/2026;21:00;18.1;0;SOLEIL;1;25.9;0
Clermont-Ferrand;45.78;3.08;17/07/2026;22:00;17.2;0;SOLEIL;1;32.0;0
Clermont-Ferrand;45.78;3.08;17/07/2026;23:00;15.7;0;SOLEIL;0;14.0;0
Clermont-Ferrand;45.78;3.08;18/07/2026;00:00;15.5;0;SOLEIL;0;4.7;0
Clermont-Ferrand;45.78;3.08;18/07/2026;01:00;15.5;0;SOLEIL;0;4.7;0
Clermont-Ferrand;45.78;3.08;18/07/2026;02:00;13.1;0;SOLEIL;0;4.7;0
Clermont-Ferrand;45.78;3.08;18/07/2026;03:00;13.1;0;SOLEIL;0;4.3;0
Clermont-Ferrand;45.78;3.08;18/07/2026;04:00;13.1;0;SOLEIL;0;4.7;0
Clermont-Ferrand;45.78;3.08;18/07/2026;05:00;14.5;0;SOLEIL;0;4.3;0
Clermont-Ferrand;45.78;3.08;18/07/2026;06:00;14.5;0;SOLEIL;0;3.6;0
Clermont-Ferrand;45.78;3.08;18/07/2026;07:00;14.5;0;SOLEIL;0;3.2;0
Clermont-Ferrand;45.78;3.08;18/07/2026;08:00;23.2;0;SOLEIL;2;4.0;0
Clermont-Ferrand;45.78;3.08;18/07/2026;09:00;23.2;0;SOLEIL;2;5.4;0
Clermont-Ferrand;45.78;3.08;18/07/2026;10:00;23.2;0;SOLEIL;2;5.0;0
Clermont-Ferrand;45.78;3.08;18/07/2026;11:00;25.6;0;SOLEIL;3;11.5;0
Clermont-Ferrand;45.78;3.08;18/07/2026;12:00;25.6;0;SOLEIL;3;18.5;0
Clermont-Ferrand;45.78;3.08;18/07/2026;13:00;25.6;0;SOLEIL;3;21.2;0
Clermont-Ferrand;45.78;3.08;18/07/2026;14:00;27.6;0;SOLEIL;3;24.0;0
Clermont-Ferrand;45.78;3.08;18/07/2026;15:00;27.6;0;SOLEIL;3;22.3;0
Clermont-Ferrand;45.78;3.08;18/07/2026;16:00;27.6;0;SOLEIL;3;24.8;0
Clermont-Ferrand;45.78;3.08;18/07/2026;17:00;26.6;0;SOLEIL;2;24.8;0
Clermont-Ferrand;45.78;3.08;18/07/2026;18:00;26.6;0;SOLEIL;2;23.0;0
Clermont-Ferrand;45.78;3.08;18/07/2026;19:00;26.6;0;SOLEIL;2;23.4;0
Clermont-Ferrand;45.78;3.08;18/07/2026;20:00;18.6;0;SOLEIL;1;22.7;0
Clermont-Ferrand;45.78;3.08;18/07/2026;21:00;18.6;0;SOLEIL;1;19.1;0
Clermont-Ferrand;45.78;3.08;18/07/2026;22:00;18.6;0;SOLEIL;1;11.5;0
Clermont-Ferrand;45.78;3.08;18/07/2026;23:00;14.9;0;SOLEIL;2;11.2;0
Clermont-Ferrand;45.78;3.08;19/07/2026;00:00;14.9;0;SOLEIL;2;10.1;0
Clermont-Ferrand;45.78;3.08;19/07/2026;01:00;14.9;0;SOLEIL;2;9.0;0
Clermont-Ferrand;45.78;3.08;19/07/2026;02:00;13.1;0;SOLEIL;2;8.3;0
Clermont-Ferrand;45.78;3.08;19/07/2026;03:00;13.1;0;SOLEIL;2;9.0;0
Clermont-Ferrand;45.78;3.08;19/07/2026;04:00;13.1;0;SOLEIL;2;8.6;0
Clermont-Ferrand;45.78;3.08;19/07/2026;05:00;15.2;0;SOLEIL;1;9.0;0
Clermont-Ferrand;45.78;3.08;19/07/2026;06:00;15.2;0;SOLEIL;1;9.7;0
Clermont-Ferrand;45.78;3.08;19/07/2026;07:00;15.2;0;SOLEIL;1;9.4;0
Clermont-Ferrand;45.78;3.08;19/07/2026;08:00;22.6;0;SOLEIL;2;7.9;0
Clermont-Ferrand;45.78;3.08;19/07/2026;09:00;22.6;0;SOLEIL;2;11.2;0
Clermont-Ferrand;45.78;3.08;19/07/2026;10:00;22.6;0;SOLEIL;2;15.1;0
Clermont-Ferrand;45.78;3.08;19/07/2026;11:00;25.1;0;SOLEIL;3;20.2;0
Clermont-Ferrand;45.78;3.08;19/07/2026;12:00;25.1;0;SOLEIL;3;23.0;0
Clermont-Ferrand;45.78;3.08;19/07/2026;13:00;25.1;0;SOLEIL;3;32.8;0
Clermont-Ferrand;45.78;3.08;19/07/2026;14:00;26.6;0;SOLEIL;4;34.2;0
Clermont-Ferrand;45.78;3.08;19/07/2026;15:00;26.6;0;SOLEIL;4;33.8;0
Clermont-Ferrand;45.78;3.08;19/07/2026;16:00;26.6;0;SOLEIL;4;31.0;0
Clermont-Ferrand;45.78;3.08;19/07/2026;17:00;22.7;0;SOLEIL;2;29.9;0
Clermont-Ferrand;45.78;3.08;19/07/2026;18:00;22.7;0;SOLEIL;2;28.4;0
Clermont-Ferrand;45.78;3.08;19/07/2026;19:00;22.7;0;SOLEIL;2;31.3;0
Clermont-Ferrand;45.78;3.08;19/07/2026;20:00;19.0;0;SOLEIL;5;31.0;0
Clermont-Ferrand;45.78;3.08;19/07/2026;21:00;17.4;0;SOLEIL;5;25.6;0
Clermont-Ferrand;45.78;3.08;19/07/2026;22:00;15.8;0;SOLEIL;5;17.6;0
Clermont-Ferrand;45.78;3.08;19/07/2026;23:00;13.6;0;SOLEIL;2;11.9;0
Clermont-Ferrand;45.78;3.08;20/07/2026;00:00;13.6;0;SOLEIL;2;10.4;0
Clermont-Ferrand;45.78;3.08;20/07/2026;01:00;13.6;0;SOLEIL;2;10.8;0
Clermont-Ferrand;45.78;3.08;20/07/2026;02:00;10.6;0;SOLEIL;5;11.2;0
Clermont-Ferrand;45.78;3.08;20/07/2026;03:00;10.6;0;SOLEIL;5;11.2;0
Clermont-Ferrand;45.78;3.08;20/07/2026;04:00;10.6;0;SOLEIL;5;11.2;0
Clermont-Ferrand;45.78;3.08;20/07/2026;05:00;12.6;0;SOLEIL;0;10.8;0
Clermont-Ferrand;45.78;3.08;20/07/2026;06:00;12.6;0;SOLEIL;0;9.7;0
Clermont-Ferrand;45.78;3.08;20/07/2026;07:00;12.6;0;SOLEIL;0;8.6;0
Clermont-Ferrand;45.78;3.08;20/07/2026;08:00;14.6;0;SOLEIL;5;8.6;0
Clermont-Ferrand;45.78;3.08;20/07/2026;09:00;16.6;0;SOLEIL;5;10.8;0
Clermont-Ferrand;45.78;3.08;20/07/2026;10:00;18.6;0;SOLEIL;5;14.0;0
Clermont-Ferrand;45.78;3.08;20/07/2026;11:00;26.7;0;SOLEIL;2;17.3;0
Clermont-Ferrand;45.78;3.08;20/07/2026;12:00;26.7;0;SOLEIL;2;20.2;0
Clermont-Ferrand;45.78;3.08;20/07/2026;13:00;26.7;0;SOLEIL;2;22.7;0
Clermont-Ferrand;45.78;3.08;20/07/2026;14:00;26.7;0;SOLEIL;5;24.8;0
Clermont-Ferrand;45.78;3.08;20/07/2026;15:00;28.7;0;SOLEIL;5;25.9;0
Clermont-Ferrand;45.78;3.08;20/07/2026;16:00;26.7;0;SOLEIL;5;26.3;0
Clermont-Ferrand;45.78;3.08;20/07/2026;17:00;25;0;SOLEIL;3;26.6;0
Clermont-Ferrand;45.78;3.08;20/07/2026;18:00;25;0;SOLEIL;3;28.1;0
Clermont-Ferrand;45.78;3.08;20/07/2026;19:00;25;0;SOLEIL;3;29.5;0
Clermont-Ferrand;45.78;3.08;20/07/2026;20:00;18.6;0;SOLEIL;5;29.2;0
Clermont-Ferrand;45.78;3.08;20/07/2026;21:00;16.6;0;SOLEIL;5;25.9;0
Clermont-Ferrand;45.78;3.08;20/07/2026;22:00;14.6;0;SOLEIL;5;20.9;0
Clermont-Ferrand;45.78;3.08;20/07/2026;23:00;12.6;0;SOLEIL;0;16.9;0
Clermont-Ferrand;45.78;3.08;21/07/2026;00:00;12.6;0;SOLEIL;0;15.5;0
Clermont-Ferrand;45.78;3.08;21/07/2026;01:00;12.6;0;SOLEIL;0;15.5;0
Clermont-Ferrand;45.78;3.08;21/07/2026;02:00;8.6;0;SOLEIL;5;15.5;0
Clermont-Ferrand;45.78;3.08;21/07/2026;03:00;8.6;0;SOLEIL;5;15.1;0
Clermont-Ferrand;45.78;3.08;21/07/2026;04:00;8.6;0;SOLEIL;5;14.4;0
Clermont-Ferrand;45.78;3.08;21/07/2026;05:00;11;0;SOLEIL;0;14.8;0
Clermont-Ferrand;45.78;3.08;21/07/2026;06:00;11;0;SOLEIL;0;15.5;0
Clermont-Ferrand;45.78;3.08;21/07/2026;07:00;11;0;SOLEIL;0;16.9;0
Clermont-Ferrand;45.78;3.08;21/07/2026;08:00;12.8;0;SOLEIL;5;19.4;0
Clermont-Ferrand;45.78;3.08;21/07/2026;09:00;15.0;0;SOLEIL;5;23.8;0
Clermont-Ferrand;45.78;3.08;21/07/2026;10:00;17.1;0;SOLEIL;5;29.2;0
Clermont-Ferrand;45.78;3.08;21/07/2026;11:00;25.5;0;SOLEIL;3;33.5;0
Clermont-Ferrand;45.78;3.08;21/07/2026;12:00;25.5;0;SOLEIL;3;37.3;0
Clermont-Ferrand;45.78;3.08;21/07/2026;13:00;25.5;0;SOLEIL;3;40.7;0
Clermont-Ferrand;45.78;3.08;21/07/2026;14:00;25.6;0;SOLEIL;5;43.5;0
Clermont-Ferrand;45.78;3.08;21/07/2026;15:00;27.7;0;SOLEIL;5;45.7;0
Clermont-Ferrand;45.78;3.08;21/07/2026;16:00;25.6;0;SOLEIL;5;45.7;0
Clermont-Ferrand;45.78;3.08;21/07/2026;17:00;24.9;0;SOLEIL;3;44.6;0
Clermont-Ferrand;45.78;3.08;21/07/2026;18:00;24.9;0;SOLEIL;3;43.6;0
Clermont-Ferrand;45.78;3.08;21/07/2026;19:00;24.9;0;SOLEIL;3;41.8;0
Clermont-Ferrand;45.78;3.08;21/07/2026;20:00;17.1;0;SOLEIL;5;37.8;0
Clermont-Ferrand;45.78;3.08;21/07/2026;21:00;15.0;0;SOLEIL;5;29.5;0
Clermont-Ferrand;45.78;3.08;21/07/2026;22:00;12.8;0;SOLEIL;5;19.1;0
Clermont-Ferrand;45.78;3.08;21/07/2026;23:00;12.6;0;SOLEIL;0;11.2;0
Clermont-Ferrand;45.78;3.08;22/07/2026;00:00;12.6;0;SOLEIL;0;7.6;0
Clermont-Ferrand;45.78;3.08;22/07/2026;01:00;12.6;0;SOLEIL;0;6.1;0
Clermont-Ferrand;45.78;3.08;22/07/2026;02:00;9.1;0;SOLEIL;5;5.4;0
Clermont-Ferrand;45.78;3.08;22/07/2026;03:00;9.1;0;SOLEIL;5;5.0;0
Clermont-Ferrand;45.78;3.08;22/07/2026;04:00;9.1;0;SOLEIL;5;5.4;0
Clermont-Ferrand;45.78;3.08;22/07/2026;05:00;10.7;0;SOLEIL;0;5.8;0
Clermont-Ferrand;45.78;3.08;22/07/2026;06:00;10.7;0;SOLEIL;0;5.4;0
Clermont-Ferrand;45.78;3.08;22/07/2026;07:00;10.7;0;SOLEIL;0;5.0;0
Clermont-Ferrand;45.78;3.08;22/07/2026;08:00;13.7;0;SOLEIL;5;6.5;0
Clermont-Ferrand;45.78;3.08;22/07/2026;09:00;15.9;0;SOLEIL;5;11.2;0
Clermont-Ferrand;45.78;3.08;22/07/2026;10:00;18.2;0;SOLEIL;5;18.0;0
Clermont-Ferrand;45.78;3.08;22/07/2026;11:00;27.1;0;SOLEIL;2;22.7;0
Clermont-Ferrand;45.78;3.08;22/07/2026;12:00;27.1;0;SOLEIL;2;24.5;0
Clermont-Ferrand;45.78;3.08;22/07/2026;13:00;27.1;0;SOLEIL;2;24.5;0
Clermont-Ferrand;45.78;3.08;22/07/2026;14:00;27.3;0;SOLEIL;5;23.8;0
Clermont-Ferrand;45.78;3.08;22/07/2026;15:00;29.6;0;SOLEIL;5;22.7;0
Clermont-Ferrand;45.78;3.08;22/07/2026;16:00;27.3;0;SOLEIL;5;20.9;0
Clermont-Ferrand;45.78;3.08;22/07/2026;17:00;25.5;0;SOLEIL;3;20.2;0
Clermont-Ferrand;45.78;3.08;22/07/2026;18:00;25.5;0;SOLEIL;3;21.2;0
Clermont-Ferrand;45.78;3.08;22/07/2026;19:00;25.5;0;SOLEIL;3;23.0;0
Clermont-Ferrand;45.78;3.08;22/07/2026;20:00;18.2;0;SOLEIL;5;23.0;0
Clermont-Ferrand;45.78;3.08;22/07/2026;21:00;15.9;0;SOLEIL;5;19.4;0
Clermont-Ferrand;45.78;3.08;22/07/2026;22:00;13.7;0;SOLEIL;5;14.4;0
Clermont-Ferrand;45.78;3.08;22/07/2026;23:00;13.5;0;SOLEIL;0;10.4;0
Clermont-Ferrand;45.78;3.08;23/07/2026;00:00;13.5;0;SOLEIL;0;9.0;0
Clermont-Ferrand;45.78;3.08;23/07/2026;01:00;13.5;0;SOLEIL;0;9.0;0
Clermont-Ferrand;45.78;3.08;23/07/2026;02:00;10.1;0;SOLEIL;5;9.0;0
Clermont-Ferrand;45.78;3.08;23/07/2026;03:00;10.1;0;SOLEIL;5;8.3;0
Clermont-Ferrand;45.78;3.08;23/07/2026;04:00;10.1;0;SOLEIL;5;7.2;0
Clermont-Ferrand;45.78;3.08;23/07/2026;05:00;12.5;0;SOLEIL;0;6.5;0
Clermont-Ferrand;45.78;3.08;23/07/2026;06:00;12.5;0;SOLEIL;0;5.4;0
Clermont-Ferrand;45.78;3.08;23/07/2026;07:00;12.5;0;SOLEIL;0;4.7;0
Clermont-Ferrand;45.78;3.08;23/07/2026;08:00;14.2;0;SOLEIL;5;6.1;0
Clermont-Ferrand;45.78;3.08;23/07/2026;09:00;16.2;0;SOLEIL;5;11.2;0
Clermont-Ferrand;45.78;3.08;23/07/2026;10:00;18.3;0;SOLEIL;5;18.0;0
Clermont-Ferrand;45.78;3.08;23/07/2026;11:00;26.1;0;SOLEIL;3;23.8;0
Clermont-Ferrand;45.78;3.08;23/07/2026;12:00;26.1;0;SOLEIL;3;26.3;0
Clermont-Ferrand;45.78;3.08;23/07/2026;13:00;26.1;0;SOLEIL;3;27.7;0
Clermont-Ferrand;45.78;3.08;23/07/2026;14:00;26.5;0;SOLEIL;5;28.4;0
Clermont-Ferrand;45.78;3.08;23/07/2026;15:00;28.5;0;SOLEIL;5;29.2;0
Clermont-Ferrand;45.78;3.08;23/07/2026;16:00;26.5;0;SOLEIL;5;29.2;0
Clermont-Ferrand;45.78;3.08;23/07/2026;17:00;25.2;0;SOLEIL;3;29.2;0
Clermont-Ferrand;45.78;3.08;23/07/2026;18:00;25.2;0;SOLEIL;3;29.5;0
Clermont-Ferrand;45.78;3.08;23/07/2026;19:00;25.2;0;SOLEIL;3;29.9;0
Clermont-Ferrand;45.78;3.08;23/07/2026;20:00;18.3;0;SOLEIL;5;28.1;0
Clermont-Ferrand;45.78;3.08;23/07/2026;21:00;16.2;0;SOLEIL;5;22.7;0
Clermont-Ferrand;45.78;3.08;23/07/2026;22:00;14.2;0;SOLEIL;5;15.8;0
Clermont-Ferrand;45.78;3.08;23/07/2026;23:00;14.1;0;SOLEIL;0;10.1;0
Clermont-Ferrand;45.78;3.08;24/07/2026;00:00;14.1;0;SOLEIL;0;12.7;0
Clermont-Ferrand;45.78;3.08;24/07/2026;01:00;14.1;0;SOLEIL;0;16.2;0
Clermont-Ferrand;45.78;3.08;24/07/2026;02:00;10.1;0;SOLEIL;5;19.6;0
Clermont-Ferrand;45.78;3.08;24/07/2026;03:00;10.1;0;SOLEIL;5;22.0;0
Clermont-Ferrand;45.78;3.08;24/07/2026;04:00;10.1;0;SOLEIL;5;19.1;0
Clermont-Ferrand;45.78;3.08;24/07/2026;05:00;12.4;0;SOLEIL;1;16.6;0
Clermont-Ferrand;45.78;3.08;24/07/2026;06:00;12.4;0;SOLEIL;1;13.7;0
Clermont-Ferrand;45.78;3.08;24/07/2026;07:00;12.4;0;SOLEIL;1;11.9;0
Clermont-Ferrand;45.78;3.08;24/07/2026;08:00;14.6;0;SOLEIL;5;10.8;0
Clermont-Ferrand;45.78;3.08;24/07/2026;09:00;16.9;0;SOLEIL;5;10.8;0
Clermont-Ferrand;45.78;3.08;24/07/2026;10:00;19.2;0;SOLEIL;5;11.9;0
Clermont-Ferrand;45.78;3.08;24/07/2026;11:00;27.4;0;SOLEIL;2;13.7;0
Clermont-Ferrand;45.78;3.08;24/07/2026;12:00;27.4;0;SOLEIL;2;15.5;0
Clermont-Ferrand;45.78;3.08;24/07/2026;13:00;27.4;0;SOLEIL;2;17.3;0
Clermont-Ferrand;45.78;3.08;24/07/2026;14:00;28.2;0;SOLEIL;5;18.7;0
Clermont-Ferrand;45.78;3.08;24/07/2026;15:00;30.5;0;SOLEIL;5;19.8;0
Clermont-Ferrand;45.78;3.08;24/07/2026;16:00;28.2;0;SOLEIL;5;20.9;0
Clermont-Ferrand;45.78;3.08;24/07/2026;17:00;27.4;0;SOLEIL;2;22.0;0
Clermont-Ferrand;45.78;3.08;24/07/2026;18:00;27.4;0;SOLEIL;2;22.7;0
Clermont-Ferrand;45.78;3.08;24/07/2026;19:00;27.4;0;SOLEIL;2;23.4;0
Clermont-Ferrand;45.78;3.08;24/07/2026;20:00;19.2;0;SOLEIL;5;23.8;0
Clermont-Ferrand;45.78;3.08;24/07/2026;21:00;16.9;0;SOLEIL;5;23.8;0
Clermont-Ferrand;45.78;3.08;24/07/2026;22:00;14.6;0;SOLEIL;5;23.4;0
Clermont-Ferrand;45.78;3.08;24/07/2026;23:00;16;0;SOLEIL;0;22.7;0
Clermont-Ferrand;45.78;3.08;25/07/2026;00:00;16;0;SOLEIL;0;22.0;0
Clermont-Ferrand;45.78;3.08;25/07/2026;01:00;16;0;SOLEIL;0;21.2;0
Clermont-Ferrand;45.78;3.08;25/07/2026;02:00;13.1;0;SOLEIL;5;20.2;0
Clermont-Ferrand;45.78;3.08;25/07/2026;03:00;13.1;0;SOLEIL;5;18.7;0
Clermont-Ferrand;45.78;3.08;25/07/2026;04:00;13.1;0;SOLEIL;5;16.6;0
Clermont-Ferrand;45.78;3.08;25/07/2026;05:00;15.6;0;SOLEIL;1;14.4;0
Clermont-Ferrand;45.78;3.08;25/07/2026;06:00;15.6;0;SOLEIL;1;12.2;0
Clermont-Ferrand;45.78;3.08;25/07/2026;07:00;15.6;0;SOLEIL;1;11.2;0
Clermont-Ferrand;45.78;3.08;25/07/2026;08:00;16.8;0;SOLEIL;5;11.5;0
Clermont-Ferrand;45.78;3.08;25/07/2026;09:00;18.7;0;SOLEIL;5;13.3;0
Clermont-Ferrand;45.78;3.08;25/07/2026;10:00;20.6;0;SOLEIL;5;16.6;0
Clermont-Ferrand;45.78;3.08;25/07/2026;11:00;28.1;0;SOLEIL;3;20.5;0
Clermont-Ferrand;45.78;3.08;25/07/2026;12:00;28.1;0;SOLEIL;3;24.8;0
Clermont-Ferrand;45.78;3.08;25/07/2026;13:00;28.1;0;SOLEIL;3;29.2;0
Clermont-Ferrand;45.78;3.08;25/07/2026;14:00;28.0;0;SOLEIL;5;32.8;0
Clermont-Ferrand;45.78;3.08;25/07/2026;15:00;29.9;0;SOLEIL;5;36.0;0
Clermont-Ferrand;45.78;3.08;25/07/2026;16:00;28.0;0;SOLEIL;5;40.0;0
Clermont-Ferrand;45.78;3.08;25/07/2026;17:00;25.1;0;SOLEIL;3;43.2;0
Clermont-Ferrand;45.78;3.08;25/07/2026;18:00;25.1;0;SOLEIL;3;46.1;0
Clermont-Ferrand;45.78;3.08;25/07/2026;19:00;25.1;0;SOLEIL;3;48.2;0
Clermont-Ferrand;45.78;3.08;25/07/2026;20:00;20.6;0;SOLEIL;5;48.6;0
Clermont-Ferrand;45.78;3.08;25/07/2026;21:00;18.7;0;SOLEIL;5;47.2;0
Clermont-Ferrand;45.78;3.08;25/07/2026;22:00;16.8;0;SOLEIL;5;43.9;0
Clermont-Ferrand;45.78;3.08;25/07/2026;23:00;16.2;0;SOLEIL;0;39.6;0
Clermont-Ferrand;45.78;3.08;26/07/2026;00:00;16.2;0;SOLEIL;0;35.3;0
Clermont-Ferrand;45.78;3.08;26/07/2026;01:00;16.2;0;SOLEIL;0;31.0;0
Clermont-Ferrand;45.78;3.08;26/07/2026;02:00;13;0;SOLEIL;5;28.1;0
Clermont-Ferrand;45.78;3.08;26/07/2026;03:00;13;0;SOLEIL;5;25.9;0
Clermont-Ferrand;45.78;3.08;26/07/2026;04:00;13;0;SOLEIL;5;24.1;0
Clermont-Ferrand;45.78;3.08;26/07/2026;05:00;;0;SOLEIL;;22.7;0
Clermont-Ferrand;45.78;3.08;26/07/2026;06:00;;0;SOLEIL;;22.0;0
Clermont-Ferrand;45.78;3.08;26/07/2026;07:00;;0;SOLEIL;;22.0;0
Clermont-Ferrand;45.78;3.08;26/07/2026;08:00;16.0;0;SOLEIL;5;23.0;0
Clermont-Ferrand;45.78;3.08;26/07/2026;09:00;17.5;0;SOLEIL;5;25.6;0
Clermont-Ferrand;45.78;3.08;26/07/2026;10:00;19.0;0;SOLEIL;5;29.5;0
Clermont-Ferrand;45.78;3.08;26/07/2026;11:00;;0;SOLEIL;;34.2;0
Clermont-Ferrand;45.78;3.08;26/07/2026;12:00;;0;SOLEIL;;38.9;0
Clermont-Ferrand;45.78;3.08;26/07/2026;13:00;;0;SOLEIL;;43.2;0
Clermont-Ferrand;45.78;3.08;26/07/2026;14:00;25.1;0;SOLEIL;5;46.4;0
Clermont-Ferrand;45.78;3.08;26/07/2026;15:00;26.6;0;SOLEIL;5;48.2;0
Clermont-Ferrand;45.78;3.08;26/07/2026;16:00;25.1;0;SOLEIL;5;49.7;0
Clermont-Ferrand;45.78;3.08;26/07/2026;17:00;;0;SOLEIL;;50.4;0
Clermont-Ferrand;45.78;3.08;26/07/2026;18:00;;0;SOLEIL;;50.8;0
Clermont-Ferrand;45.78;3.08;26/07/2026;19:00;;0;SOLEIL;;50.4;0
Clermont-Ferrand;45.78;3.08;26/07/2026;20:00;19.0;0;SOLEIL;5;50.0;0
Clermont-Ferrand;45.78;3.08;26/07/2026;21:00;17.5;0;SOLEIL;5;49.3;0
Clermont-Ferrand;45.78;3.08;26/07/2026;22:00;16.0;0;SOLEIL;5;48.2;0
Clermont-Ferrand;45.78;3.08;26/07/2026;23:00;;0;SOLEIL;;46.4;0
Clermont-Ferrand;45.78;3.08;27/07/2026;00:00;;0;SOLEIL;;44.6;0
Clermont-Ferrand;45.78;3.08;27/07/2026;01:00;;0;SOLEIL;;42.5;0
Clermont-Ferrand;45.78;3.08;27/07/2026;02:00;12.6;0;SOLEIL;5;40.0;0
Clermont-Ferrand;45.78;3.08;27/07/2026;03:00;12.6;0;SOLEIL;5;36.7;0
Clermont-Ferrand;45.78;3.08;27/07/2026;04:00;12.6;0;SOLEIL;5;32.4;0
Clermont-Ferrand;45.78;3.08;27/07/2026;05:00;;0;SOLEIL;;27.7;0
Clermont-Ferrand;45.78;3.08;27/07/2026;06:00;;0;SOLEIL;;23.4;0
Clermont-Ferrand;45.78;3.08;27/07/2026;07:00;;0;SOLEIL;;20.2;0
Clermont-Ferrand;45.78;3.08;27/07/2026;08:00;15.8;0;SOLEIL;5;18.4;0
Clermont-Ferrand;45.78;3.08;27/07/2026;09:00;17.4;0;SOLEIL;5;18.7;0
Clermont-Ferrand;45.78;3.08;27/07/2026;10:00;19.0;0;SOLEIL;5;20.2;0
Clermont-Ferrand;45.78;3.08;27/07/2026;11:00;;0;SOLEIL;;23.0;0
Clermont-Ferrand;45.78;3.08;27/07/2026;12:00;;0;SOLEIL;;25.9;0
Clermont-Ferrand;45.78;3.08;27/07/2026;13:00;;0;SOLEIL;;28.8;0
Clermont-Ferrand;45.78;3.08;27/07/2026;14:00;25.4;0;SOLEIL;5;30.2;0
Clermont-Ferrand;45.78;3.08;27/07/2026;15:00;27.0;0;SOLEIL;5;30.6;0
Clermont-Ferrand;45.78;3.08;27/07/2026;16:00;25.4;0;SOLEIL;5;30.6;0
Clermont-Ferrand;45.78;3.08;27/07/2026;17:00;;0;SOLEIL;;30.2;0
Clermont-Ferrand;45.78;3.08;27/07/2026;18:00;;0;SOLEIL;;29.9;0
Clermont-Ferrand;45.78;3.08;27/07/2026;19:00;;0;SOLEIL;;29.2;0
Clermont-Ferrand;45.78;3.08;27/07/2026;20:00;19.0;0;SOLEIL;5;28.8;0
Clermont-Ferrand;45.78;3.08;27/07/2026;21:00;17.4;0;SOLEIL;5;28.4;0
Clermont-Ferrand;45.78;3.08;27/07/2026;22:00;15.8;0;SOLEIL;5;28.4;0
Clermont-Ferrand;45.78;3.08;27/07/2026;23:00;;6;AVERSES;;28.1;0
Clermont-Ferrand;45.78;3.08;28/07/2026;00:00;;6;AVERSES;;28.1;0
Clermont-Ferrand;45.78;3.08;28/07/2026;01:00;;6;AVERSES;;27.4;0
Clermont-Ferrand;45.78;3.08;28/07/2026;02:00;12.6;6;AVERSES;5;27.0;0
Clermont-Ferrand;45.78;3.08;28/07/2026;03:00;12.6;6;AVERSES;5;25.9;0
Clermont-Ferrand;45.78;3.08;28/07/2026;04:00;12.6;6;AVERSES;5;24.8;0
Clermont-Ferrand;45.78;3.08;28/07/2026;05:00;;6;AVERSES;;23.4;0
Clermont-Ferrand;45.78;3.08;28/07/2026;06:00;;6;AVERSES;;22.0;0
Clermont-Ferrand;45.78;3.08;28/07/2026;07:00;;6;AVERSES;;21.2;0
Clermont-Ferrand;45.78;3.08;28/07/2026;08:00;16.0;6;AVERSES;5;21.2;0
Clermont-Ferrand;45.78;3.08;28/07/2026;09:00;17.7;6;AVERSES;5;22.3;0
Clermont-Ferrand;45.78;3.08;28/07/2026;10:00;19.4;6;AVERSES;5;24.5;0
Clermont-Ferrand;45.78;3.08;28/07/2026;11:00;;6;AVERSES;;27.0;0
Clermont-Ferrand;45.78;3.08;28/07/2026;12:00;;6;AVERSES;;29.5;0
Clermont-Ferrand;45.78;3.08;28/07/2026;13:00;;6;AVERSES;;32.0;0
Clermont-Ferrand;45.78;3.08;28/07/2026;14:00;26.3;6;AVERSES;5;33.5;0
Clermont-Ferrand;45.78;3.08;28/07/2026;15:00;28.0;6;AVERSES;5;34.2;0
Clermont-Ferrand;45.78;3.08;28/07/2026;16:00;26.3;6;AVERSES;5;34.6;0
Clermont-Ferrand;45.78;3.08;28/07/2026;17:00;;6;AVERSES;;34.9;0
Clermont-Ferrand;45.78;3.08;28/07/2026;18:00;;6;AVERSES;;34.6;0
Clermont-Ferrand;45.78;3.08;28/07/2026;19:00;;6;AVERSES;;34.6;0
Clermont-Ferrand;45.78;3.08;28/07/2026;20:00;19.4;6;AVERSES;5;34.2;0
Clermont-Ferrand;45.78;3.08;28/07/2026;21:00;17.7;6;AVERSES;5;34.2;0
Clermont-Ferrand;45.78;3.08;28/07/2026;22:00;16.0;6;AVERSES;5;34.2;0
Clermont-Ferrand;45.78;3.08;28/07/2026;23:00;;6;AVERSES;;33.8;0
Clermont-Ferrand;45.78;3.08;29/07/2026;00:00;;6;AVERSES;;33.5;0
Clermont-Ferrand;45.78;3.08;29/07/2026;01:00;;6;AVERSES;;32.8;0
Clermont-Ferrand;45.78;3.08;29/07/2026;02:00;12.6;6;AVERSES;5;31.0;0
Clermont-Ferrand;45.78;3.08;29/07/2026;03:00;12.6;6;AVERSES;5;28.1;0
Clermont-Ferrand;45.78;3.08;29/07/2026;04:00;12.6;6;AVERSES;5;23.8;0
Clermont-Ferrand;45.78;3.08;29/07/2026;05:00;;6;AVERSES;;19.1;0
Clermont-Ferrand;45.78;3.08;29/07/2026;06:00;;6;AVERSES;;14.8;0
Clermont-Ferrand;45.78;3.08;29/07/2026;07:00;;6;AVERSES;;11.2;0
Clermont-Ferrand;45.78;3.08;29/07/2026;08:00;15.8;6;AVERSES;5;9.7;0
Clermont-Ferrand;45.78;3.08;29/07/2026;09:00;17.4;6;AVERSES;5;10.4;0
Clermont-Ferrand;45.78;3.08;29/07/2026;10:00;19.0;6;AVERSES;5;13.0;0
Clermont-Ferrand;45.78;3.08;29/07/2026;11:00;;6;AVERSES;;16.9;0
Clermont-Ferrand;45.78;3.08;29/07/2026;12:00;;6;AVERSES;;20.9;0
Clermont-Ferrand;45.78;3.08;29/07/2026;13:00;;6;AVERSES;;24.5;0
Clermont-Ferrand;45.78;3.08;29/07/2026;14:00;25.4;6;AVERSES;5;27.0;0
Clermont-Ferrand;45.78;3.08;29/07/2026;15:00;27.0;6;AVERSES;5;28.4;0
Clermont-Ferrand;45.78;3.08;29/07/2026;16:00;25.4;6;AVERSES;5;29.9;0
Clermont-Ferrand;45.78;3.08;29/07/2026;17:00;;6;AVERSES;;30.6;0
Clermont-Ferrand;45.78;3.08;29/07/2026;18:00;;6;AVERSES;;31.3;0
Clermont-Ferrand;45.78;3.08;29/07/2026;19:00;;6;AVERSES;;31.3;0
Clermont-Ferrand;45.78;3.08;29/07/2026;20:00;19.0;6;AVERSES;5;31.7;0
Clermont-Ferrand;45.78;3.08;29/07/2026;21:00;17.4;6;AVERSES;5;31.7;0
Clermont-Ferrand;45.78;3.08;29/07/2026;22:00;15.8;6;AVERSES;5;31.3;0
Clermont-Ferrand;45.78;3.08;29/07/2026;23:00;;6;AVERSES;;31.0;0
Clermont-Ferrand;45.78;3.08;30/07/2026;00:00;;6;AVERSES;;30.2;0
Clermont-Ferrand;45.78;3.08;30/07/2026;01:00;;6;AVERSES;;29.5;0
Clermont-Ferrand;45.78;3.08;30/07/2026;02:00;11.4;6;AVERSES;5;28.8;0
Clermont-Ferrand;45.78;3.08;30/07/2026;03:00;11.4;6;AVERSES;5;27.7;0
Clermont-Ferrand;45.78;3.08;30/07/2026;04:00;11.4;6;AVERSES;5;25.9;0
Clermont-Ferrand;45.78;3.08;30/07/2026;05:00;;6;AVERSES;;23.8;0
Clermont-Ferrand;45.78;3.08;30/07/2026;06:00;;6;AVERSES;;22.3;0
Clermont-Ferrand;45.78;3.08;30/07/2026;07:00;;6;AVERSES;;21.2;0
Clermont-Ferrand;45.78;3.08;30/07/2026;08:00;14.8;6;AVERSES;5;21.6;0
Clermont-Ferrand;45.78;3.08;30/07/2026;09:00;16.5;6;AVERSES;5;23.4;0
Clermont-Ferrand;45.78;3.08;30/07/2026;10:00;18.2;6;AVERSES;5;26.6;0
Clermont-Ferrand;45.78;3.08;30/07/2026;11:00;;6;AVERSES;;30.6;0
Clermont-Ferrand;45.78;3.08;30/07/2026;12:00;;6;AVERSES;;34.6;0
Clermont-Ferrand;45.78;3.08;30/07/2026;13:00;;6;AVERSES;;38.2;0
Clermont-Ferrand;45.78;3.08;30/07/2026;14:00;24.9;6;AVERSES;5;40.7;0
Clermont-Ferrand;45.78;3.08;30/07/2026;15:00;26.6;6;AVERSES;5;42.5;0
Clermont-Ferrand;45.78;3.08;30/07/2026;16:00;24.9;6;AVERSES;5;43.6;0
Clermont-Ferrand;45.78;3.08;30/07/2026;17:00;;6;AVERSES;;44.3;0
Clermont-Ferrand;45.78;3.08;30/07/2026;18:00;;6;AVERSES;;44.3;0
Clermont-Ferrand;45.78;3.08;30/07/2026;19:00;;6;AVERSES;;44.6;0
Clermont-Ferrand;45.78;3.08;30/07/2026;20:00;18.2;6;AVERSES;5;44.3;0
Clermont-Ferrand;45.78;3.08;30/07/2026;21:00;16.5;6;AVERSES;5;43.6;0
Clermont-Ferrand;45.78;3.08;30/07/2026;22:00;14.8;6;AVERSES;5;42.5;0
Clermont-Ferrand;45.78;3.08;30/07/2026;23:00;13.1;6;AVERSES;5;41.0;0
Clermont-Ferrand;45.78;3.08;31/07/2026;00:00;12;0;SOLEIL;5;30.4;0
Clermont-Ferrand;45.78;3.08;31/07/2026;01:00;12;0;SOLEIL;5;21.2;0
Clermont-Ferrand;45.78;3.08;31/07/2026;02:00;12;0;SOLEIL;5;13.1;0
Clermont-Ferrand;45.78;3.08;31/07/2026;03:00;12;0;SOLEIL;5;6.1;0
Clermont-Ferrand;45.78;3.08;31/07/2026;04:00;12;0;SOLEIL;5;7.9;0
Clermont-Ferrand;45.78;3.08;31/07/2026;05:00;12;0;SOLEIL;5;10.1;0
Clermont-Ferrand;45.78;3.08;31/07/2026;06:00;12;0;SOLEIL;5;12.6;0
Clermont-Ferrand;45.78;3.08;31/07/2026;07:00;13.1;0;SOLEIL;5;15.5;0
Clermont-Ferrand;45.78;3.08;31/07/2026;08:00;14.2;0;SOLEIL;5;17.6;0
Clermont-Ferrand;45.78;3.08;31/07/2026;09:00;15.3;0;SOLEIL;5;18.7;0
Clermont-Ferrand;45.78;3.08;31/07/2026;10:00;16.4;0;SOLEIL;5;18.7;0
Clermont-Ferrand;45.78;3.08;31/07/2026;11:00;17.6;0;SOLEIL;5;19.1;0
Clermont-Ferrand;45.78;3.08;31/07/2026;12:00;18.7;0;SOLEIL;5;19.4;0
Clermont-Ferrand;45.78;3.08;31/07/2026;13:00;19.8;0;SOLEIL;5;20.2;0
Clermont-Ferrand;45.78;3.08;31/07/2026;14:00;20.9;0;SOLEIL;5;20.2;0
Clermont-Ferrand;45.78;3.08;31/07/2026;15:00;22.0;0;SOLEIL;5;19.4;0
Clermont-Ferrand;45.78;3.08;31/07/2026;16:00;20.9;0;SOLEIL;5;18.7;0
Clermont-Ferrand;45.78;3.08;31/07/2026;17:00;19.8;0;SOLEIL;5;18.4;0
Clermont-Ferrand;45.78;3.08;31/07/2026;18:00;18.7;0;SOLEIL;5;19.8;0
Clermont-Ferrand;45.78;3.08;31/07/2026;19:00;17.6;0;SOLEIL;5;21.6;0
Clermont-Ferrand;45.78;3.08;31/07/2026;20:00;16.4;0;SOLEIL;5;21.2;0
Clermont-Ferrand;45.78;3.08;31/07/2026;21:00;15.3;0;SOLEIL;5;16.9;0
Clermont-Ferrand;45.78;3.08;31/07/2026;22:00;14.2;0;SOLEIL;5;10.8;0
Clermont-Ferrand;45.78;3.08;31/07/2026;23:00;13.1;0;SOLEIL;5;6.1;0
Clermont-Ferrand;45.78;3.08;01/08/2026;00:00;12;0;SOLEIL;5;0.0;0
Clermont-Ferrand;45.78;3.08;01/08/2026;01:00;12;0;SOLEIL;5;0.0;0
Clermont-Ferrand;45.78;3.08;01/08/2026;02:00;12;0;SOLEIL;5;0.0;0
Clermont-Ferrand;45.78;3.08;01/08/2026;03:00;12;0;SOLEIL;5;0.0;0
Clermont-Ferrand;45.78;3.08;01/08/2026;04:00;12;0;SOLEIL;5;0.0;0
Clermont-Ferrand;45.78;3.08;01/08/2026;05:00;12;0;SOLEIL;5;0.0;0
Clermont-Ferrand;45.78;3.08;01/08/2026;06:00;12;0;SOLEIL;5;0.0;0
Clermont-Ferrand;45.78;3.08;01/08/2026;07:00;13.1;0;SOLEIL;5;0.0;0
Clermont-Ferrand;45.78;3.08;01/08/2026;08:00;14.2;0;SOLEIL;5;0.0;0
Clermont-Ferrand;45.78;3.08;01/08/2026;09:00;15.3;0;SOLEIL;5;0.0;0
Clermont-Ferrand;45.78;3.08;01/08/2026;10:00;16.4;0;SOLEIL;5;0.0;0
Clermont-Ferrand;45.78;3.08;01/08/2026;11:00;17.6;0;SOLEIL;5;0.0;0
Clermont-Ferrand;45.78;3.08;01/08/2026;12:00;18.7;0;SOLEIL;5;0.0;0
Clermont-Ferrand;45.78;3.08;01/08/2026;13:00;19.8;0;SOLEIL;5;0.0;0
Clermont-Ferrand;45.78;3.08;01/08/2026;14:00;20.9;0;SOLEIL;5;0.0;0
Clermont-Ferrand;45.78;3.08;01/08/2026;15:00;22.0;0;SOLEIL;5;0.0;0
Clermont-Ferrand;45.78;3.08;01/08/2026;16:00;20.9;0;SOLEIL;5;0.0;0
Clermont-Ferrand;45.78;3.08;01/08/2026;17:00;19.8;0;SOLEIL;5;0.0;0
Clermont-Ferrand;45.78;3.08;01/08/2026;18:00;18.7;0;SOLEIL;5;0.0;0
Clermont-Ferrand;45.78;3.08;01/08/2026;19:00;17.6;0;SOLEIL;5;0.0;0
Clermont-Ferrand;45.78;3.08;01/08/2026;20:00;16.4;0;SOLEIL;5;0.0;0
Clermont-Ferrand;45.78;3.08;01/08/2026;21:00;15.3;0;SOLEIL;5;0.0;0
Clermont-Ferrand;45.78;3.08;01/08/2026;22:00;14.2;0;SOLEIL;5;0.0;0
Clermont-Ferrand;45.78;3.08;01/08/2026;23:00;13.1;0;SOLEIL;5;0.0;0
Vodable;45.5;3.14;17/07/2026;00:00;19;2;NUAGEUX;2;10.1;0
Vodable;45.5;3.14;17/07/2026;01:00;19.6;2;NUAGEUX;3;11.2;0
Vodable;45.5;3.14;17/07/2026;02:00;18.6;2;NUAGEUX;4;7.6;0
Vodable;45.5;3.14;17/07/2026;03:00;18.1;0;SOLEIL;2;7.6;0
Vodable;45.5;3.14;17/07/2026;04:00;16.1;0;SOLEIL;2;7.2;0
Vodable;45.5;3.14;17/07/2026;05:00;16;0;SOLEIL;1;8.6;0
Vodable;45.5;3.14;17/07/2026;06:00;19.4;0;SOLEIL;1;4.7;0
Vodable;45.5;3.14;17/07/2026;07:00;21.7;0;SOLEIL;2;4.7;0
Vodable;45.5;3.14;17/07/2026;08:00;23.6;0;SOLEIL;3;9.4;0
Vodable;45.5;3.14;17/07/2026;09:00;24;0;SOLEIL;3;11.5;0
Vodable;45.5;3.14;17/07/2026;10:00;25.4;0;SOLEIL;3;15.1;0
Vodable;45.5;3.14;17/07/2026;11:00;25.7;0;SOLEIL;3;18.7;0
Vodable;45.5;3.14;17/07/2026;12:00;27.2;0;SOLEIL;4;33.5;0
Vodable;45.5;3.14;17/07/2026;13:00;24.6;10;ORAGEUX;4;29.5;0.2
Vodable;45.5;3.14;17/07/2026;14:00;25.1;10;ORAGEUX;4;25.9;0.1
Vodable;45.5;3.14;17/07/2026;15:00;26.1;10;ORAGEUX;4;27.0;0.3
Vodable;45.5;3.14;17/07/2026;16:00;27.4;10;ORAGEUX;3;29.2;0.2
Vodable;45.5;3.14;17/07/2026;17:00;27;10;ORAGEUX;3;30.6;0.2
Vodable;45.5;3.14;17/07/2026;18:00;25.1;10;ORAGEUX;3;33.1;0.1
Vodable;45.5;3.14;17/07/2026;19:00;22.9;10;ORAGEUX;2;45.7;0.1
Vodable;45.5;3.14;17/07/2026;20:00;21.9;10;ORAGEUX;2;43.9;0.1
Vodable;45.5;3.14;17/07/2026;21:00;20.4;0;SOLEIL;2;35.6;0
Vodable;45.5;3.14;17/07/2026;22:00;19.6;0;SOLEIL;2;10.8;0
Vodable;45.5;3.14;17/07/2026;23:00;18.7;0;SOLEIL;2;8.6;0
Vodable;45.5;3.14;18/07/2026;00:00;18;0;SOLEIL;2;11.9;0
Vodable;45.5;3.14;18/07/2026;01:00;18;0;SOLEIL;2;11.9;0
Vodable;45.5;3.14;18/07/2026;02:00;15.1;0;SOLEIL;1;14.0;0
Vodable;45.5;3.14;18/07/2026;03:00;15.1;0;SOLEIL;1;15.8;0
Vodable;45.5;3.14;18/07/2026;04:00;15.1;0;SOLEIL;1;11.2;0
Vodable;45.5;3.14;18/07/2026;05:00;18.1;0;SOLEIL;1;5.4;0
Vodable;45.5;3.14;18/07/2026;06:00;18.1;0;SOLEIL;1;6.8;0
Vodable;45.5;3.14;18/07/2026;07:00;18.1;0;SOLEIL;1;10.1;0
Vodable;45.5;3.14;18/07/2026;08:00;23;0;SOLEIL;2;9.7;0
Vodable;45.5;3.14;18/07/2026;09:00;23;0;SOLEIL;2;9.4;0
Vodable;45.5;3.14;18/07/2026;10:00;23;0;SOLEIL;2;12.2;0
Vodable;45.5;3.14;18/07/2026;11:00;26.1;6;AVERSES;3;13.3;0
Vodable;45.5;3.14;18/07/2026;12:00;26.1;6;AVERSES;3;15.5;0
Vodable;45.5;3.14;18/07/2026;13:00;26.1;6;AVERSES;3;23.2;0
Vodable;45.5;3.14;18/07/2026;14:00;27.4;6;AVERSES;3;23.6;0
Vodable;45.5;3.14;18/07/2026;15:00;27.4;6;AVERSES;3;24.8;0
Vodable;45.5;3.14;18/07/2026;16:00;27.4;6;AVERSES;3;28.4;0
Vodable;45.5;3.14;18/07/2026;17:00;25.5;6;AVERSES;2;34.6;0
Vodable;45.5;3.14;18/07/2026;18:00;25.5;6;AVERSES;2;34.9;0
Vodable;45.5;3.14;18/07/2026;19:00;25.5;6;AVERSES;2;32.4;0
Vodable;45.5;3.14;18/07/2026;20:00;20.2;0;SOLEIL;2;32.4;0
Vodable;45.5;3.14;18/07/2026;21:00;20.2;0;SOLEIL;2;27.0;0
Vodable;45.5;3.14;18/07/2026;22:00;20.2;0;SOLEIL;2;18.4;0
Vodable;45.5;3.14;18/07/2026;23:00;17.7;0;SOLEIL;3;11.2;0
Vodable;45.5;3.14;19/07/2026;00:00;17.7;0;SOLEIL;3;13.3;0
Vodable;45.5;3.14;19/07/2026;01:00;17.7;0;SOLEIL;3;13.3;0
Vodable;45.5;3.14;19/07/2026;02:00;15.2;0;SOLEIL;2;12.6;0
Vodable;45.5;3.14;19/07/2026;03:00;15.2;0;SOLEIL;2;15.5;0
Vodable;45.5;3.14;19/07/2026;04:00;15.2;0;SOLEIL;2;16.2;0
Vodable;45.5;3.14;19/07/2026;05:00;18.6;0;SOLEIL;2;16.2;0
Vodable;45.5;3.14;19/07/2026;06:00;18.6;0;SOLEIL;2;16.2;0
Vodable;45.5;3.14;19/07/2026;07:00;18.6;0;SOLEIL;2;14.8;0
Vodable;45.5;3.14;19/07/2026;08:00;23.1;0;SOLEIL;3;11.9;0
Vodable;45.5;3.14;19/07/2026;09:00;23.1;0;SOLEIL;3;19.1;0
Vodable;45.5;3.14;19/07/2026;10:00;23.1;0;SOLEIL;3;22.3;0
Vodable;45.5;3.14;19/07/2026;11:00;25.7;0;SOLEIL;3;27.0;0
Vodable;45.5;3.14;19/07/2026;12:00;25.7;0;SOLEIL;3;32.4;0
Vodable;45.5;3.14;19/07/2026;13:00;25.7;0;SOLEIL;3;39.2;0
Vodable;45.5;3.14;19/07/2026;14:00;26.6;0;SOLEIL;4;40.3;0
Vodable;45.5;3.14;19/07/2026;15:00;26.6;0;SOLEIL;4;41.0;0
Vodable;45.5;3.14;19/07/2026;16:00;26.6;0;SOLEIL;4;42.5;0
Vodable;45.5;3.14;19/07/2026;17:00;24.5;0;SOLEIL;4;44.3;0
Vodable;45.5;3.14;19/07/2026;18:00;24.5;0;SOLEIL;4;43.9;0
Vodable;45.5;3.14;19/07/2026;19:00;24.5;0;SOLEIL;4;42.8;0
Vodable;45.5;3.14;19/07/2026;20:00;20.3;0;SOLEIL;5;42.1;0
Vodable;45.5;3.14;19/07/2026;21:00;18.9;0;SOLEIL;5;38.5;0
Vodable;45.5;3.14;19/07/2026;22:00;17.5;0;SOLEIL;5;33.5;0
Vodable;45.5;3.14;19/07/2026;23:00;16;0;SOLEIL;3;29.5;0
Vodable;45.5;3.14;20/07/2026;00:00;16;0;SOLEIL;3;27.4;0
Vodable;45.5;3.14;20/07/2026;01:00;16;0;SOLEIL;3;26.3;0
Vodable;45.5;3.14;20/07/2026;02:00;12.1;0;SOLEIL;5;24.8;0
Vodable;45.5;3.14;20/07/2026;03:00;12.1;0;SOLEIL;5;22.0;0
Vodable;45.5;3.14;20/07/2026;04:00;12.1;0;SOLEIL;5;18.4;0
Vodable;45.5;3.14;20/07/2026;05:00;15.1;0;SOLEIL;2;16.6;0
Vodable;45.5;3.14;20/07/2026;06:00;15.1;0;SOLEIL;2;16.9;0
Vodable;45.5;3.14;20/07/2026;07:00;15.1;0;SOLEIL;2;18.7;0
Vodable;45.5;3.14;20/07/2026;08:00;15.8;0;SOLEIL;5;21.2;0
Vodable;45.5;3.14;20/07/2026;09:00;17.6;0;SOLEIL;5;24.1;0
Vodable;45.5;3.14;20/07/2026;10:00;19.4;0;SOLEIL;5;27.7;0
Vodable;45.5;3.14;20/07/2026;11:00;26.5;0;SOLEIL;4;31.3;0
Vodable;45.5;3.14;20/07/2026;12:00;26.5;0;SOLEIL;4;35.6;0
Vodable;45.5;3.14;20/07/2026;13:00;26.5;0;SOLEIL;4;40.0;0
Vodable;45.5;3.14;20/07/2026;14:00;26.8;0;SOLEIL;5;43.2;0
Vodable;45.5;3.14;20/07/2026;15:00;28.6;0;SOLEIL;5;44.6;0
Vodable;45.5;3.14;20/07/2026;16:00;26.8;0;SOLEIL;5;44.6;0
Vodable;45.5;3.14;20/07/2026;17:00;26;0;SOLEIL;4;44.3;0
Vodable;45.5;3.14;20/07/2026;18:00;26;0;SOLEIL;4;43.2;0
Vodable;45.5;3.14;20/07/2026;19:00;26;0;SOLEIL;4;41.8;0
Vodable;45.5;3.14;20/07/2026;20:00;19.4;0;SOLEIL;5;40.0;0
Vodable;45.5;3.14;20/07/2026;21:00;17.6;0;SOLEIL;5;38.5;0
Vodable;45.5;3.14;20/07/2026;22:00;15.8;0;SOLEIL;5;37.4;0
Vodable;45.5;3.14;20/07/2026;23:00;15.1;0;SOLEIL;3;35.3;0
Vodable;45.5;3.14;21/07/2026;00:00;15.1;0;SOLEIL;3;31.7;0
Vodable;45.5;3.14;21/07/2026;01:00;15.1;0;SOLEIL;3;27.4;0
Vodable;45.5;3.14;21/07/2026;02:00;11;0;SOLEIL;5;23.8;0
Vodable;45.5;3.14;21/07/2026;03:00;11;0;SOLEIL;5;20.9;0
Vodable;45.5;3.14;21/07/2026;04:00;11;0;SOLEIL;5;18.7;0
Vodable;45.5;3.14;21/07/2026;05:00;14.6;0;SOLEIL;2;17.3;0
Vodable;45.5;3.14;21/07/2026;06:00;14.6;0;SOLEIL;2;16.2;0
Vodable;45.5;3.14;21/07/2026;07:00;14.6;0;SOLEIL;2;16.2;0
Vodable;45.5;3.14;21/07/2026;08:00;14.9;0;SOLEIL;5;18.0;0
Vodable;45.5;3.14;21/07/2026;09:00;16.8;0;SOLEIL;5;23.0;0
Vodable;45.5;3.14;21/07/2026;10:00;18.8;0;SOLEIL;5;30.2;0
Vodable;45.5;3.14;21/07/2026;11:00;25.6;0;SOLEIL;4;36.4;0
Vodable;45.5;3.14;21/07/2026;12:00;25.6;0;SOLEIL;4;40.2;0
Vodable;45.5;3.14;21/07/2026;13:00;25.6;0;SOLEIL;4;43.4;0
Vodable;45.5;3.14;21/07/2026;14:00;26.6;0;SOLEIL;5;45.1;0
Vodable;45.5;3.14;21/07/2026;15:00;28.5;0;SOLEIL;5;45.4;0
Vodable;45.5;3.14;21/07/2026;16:00;26.6;0;SOLEIL;5;45.0;0
Vodable;45.5;3.14;21/07/2026;17:00;26.1;0;SOLEIL;4;44.3;0
Vodable;45.5;3.14;21/07/2026;18:00;26.1;0;SOLEIL;4;43.9;0
Vodable;45.5;3.14;21/07/2026;19:00;26.1;0;SOLEIL;4;43.2;0
Vodable;45.5;3.14;21/07/2026;20:00;18.8;0;SOLEIL;5;40.3;0
Vodable;45.5;3.14;21/07/2026;21:00;16.8;0;SOLEIL;5;33.5;0
Vodable;45.5;3.14;21/07/2026;22:00;14.9;0;SOLEIL;5;24.8;0
Vodable;45.5;3.14;21/07/2026;23:00;15.6;0;SOLEIL;2;18.4;0
Vodable;45.5;3.14;22/07/2026;00:00;15.6;0;SOLEIL;2;15.8;0
Vodable;45.5;3.14;22/07/2026;01:00;15.6;0;SOLEIL;2;15.8;0
Vodable;45.5;3.14;22/07/2026;02:00;13.2;0;SOLEIL;5;15.1;0
Vodable;45.5;3.14;22/07/2026;03:00;13.2;0;SOLEIL;5;13.3;0
Vodable;45.5;3.14;22/07/2026;04:00;13.2;0;SOLEIL;5;11.2;0
Vodable;45.5;3.14;22/07/2026;05:00;15.6;0;SOLEIL;1;9.0;0
Vodable;45.5;3.14;22/07/2026;06:00;15.6;0;SOLEIL;1;6.8;0
Vodable;45.5;3.14;22/07/2026;07:00;15.6;0;SOLEIL;1;4.7;0
Vodable;45.5;3.14;22/07/2026;08:00;16.8;0;SOLEIL;5;5.0;0
Vodable;45.5;3.14;22/07/2026;09:00;18.6;0;SOLEIL;5;10.1;0
Vodable;45.5;3.14;22/07/2026;10:00;20.4;0;SOLEIL;5;17.3;0
Vodable;45.5;3.14;22/07/2026;11:00;27;0;SOLEIL;3;23.4;0
Vodable;45.5;3.14;22/07/2026;12:00;27;0;SOLEIL;3;27.0;0
Vodable;45.5;3.14;22/07/2026;13:00;27;0;SOLEIL;3;29.5;0
Vodable;45.5;3.14;22/07/2026;14:00;27.7;0;SOLEIL;5;31.0;0
Vodable;45.5;3.14;22/07/2026;15:00;29.5;0;SOLEIL;5;31.0;0
Vodable;45.5;3.14;22/07/2026;16:00;27.7;0;SOLEIL;5;29.9;0
Vodable;45.5;3.14;22/07/2026;17:00;26.6;0;SOLEIL;3;28.8;0
Vodable;45.5;3.14;22/07/2026;18:00;26.6;0;SOLEIL;3;28.4;0
Vodable;45.5;3.14;22/07/2026;19:00;26.6;0;SOLEIL;3;28.4;0
Vodable;45.5;3.14;22/07/2026;20:00;20.4;0;SOLEIL;5;26.6;0
Vodable;45.5;3.14;22/07/2026;21:00;18.6;0;SOLEIL;5;22.0;0
Vodable;45.5;3.14;22/07/2026;22:00;16.8;0;SOLEIL;5;15.5;0
Vodable;45.5;3.14;22/07/2026;23:00;17.2;0;SOLEIL;2;10.8;0
Vodable;45.5;3.14;23/07/2026;00:00;17.2;0;SOLEIL;2;9.4;0
Vodable;45.5;3.14;23/07/2026;01:00;17.2;0;SOLEIL;2;9.7;0
Vodable;45.5;3.14;23/07/2026;02:00;14.6;0;SOLEIL;5;10.1;0
Vodable;45.5;3.14;23/07/2026;03:00;14.6;0;SOLEIL;5;10.1;0
Vodable;45.5;3.14;23/07/2026;04:00;14.6;0;SOLEIL;5;10.1;0
Vodable;45.5;3.14;23/07/2026;05:00;17.4;0;SOLEIL;2;10.4;0
Vodable;45.5;3.14;23/07/2026;06:00;17.4;0;SOLEIL;2;11.2;0
Vodable;45.5;3.14;23/07/2026;07:00;17.4;0;SOLEIL;2;12.2;0
Vodable;45.5;3.14;23/07/2026;08:00;17.9;0;SOLEIL;5;14.0;0
Vodable;45.5;3.14;23/07/2026;09:00;19.6;0;SOLEIL;5;16.6;0
Vodable;45.5;3.14;23/07/2026;10:00;21.3;0;SOLEIL;5;19.4;0
Vodable;45.5;3.14;23/07/2026;11:00;27;0;SOLEIL;3;22.3;0
Vodable;45.5;3.14;23/07/2026;12:00;27;0;SOLEIL;3;25.2;0
Vodable;45.5;3.14;23/07/2026;13:00;27;0;SOLEIL;3;28.4;0
Vodable;45.5;3.14;23/07/2026;14:00;27.9;0;SOLEIL;5;30.2;0
Vodable;45.5;3.14;23/07/2026;15:00;29.6;0;SOLEIL;5;30.6;0
Vodable;45.5;3.14;23/07/2026;16:00;27.9;0;SOLEIL;5;29.5;0
Vodable;45.5;3.14;23/07/2026;17:00;27.4;0;SOLEIL;3;28.8;0
Vodable;45.5;3.14;23/07/2026;18:00;27.4;0;SOLEIL;3;28.8;0
Vodable;45.5;3.14;23/07/2026;19:00;27.4;0;SOLEIL;3;28.4;0
Vodable;45.5;3.14;23/07/2026;20:00;21.3;0;SOLEIL;5;27.4;0
Vodable;45.5;3.14;23/07/2026;21:00;19.6;0;SOLEIL;5;23.8;0
Vodable;45.5;3.14;23/07/2026;22:00;17.9;0;SOLEIL;5;18.7;0
Vodable;45.5;3.14;23/07/2026;23:00;17.7;0;SOLEIL;2;15.5;0
Vodable;45.5;3.14;24/07/2026;00:00;17.7;0;SOLEIL;2;18.6;0
Vodable;45.5;3.14;24/07/2026;01:00;17.7;0;SOLEIL;2;22.3;0
Vodable;45.5;3.14;24/07/2026;02:00;15.1;0;SOLEIL;5;24.9;0
Vodable;45.5;3.14;24/07/2026;03:00;15.1;0;SOLEIL;5;26.6;0
Vodable;45.5;3.14;24/07/2026;04:00;15.1;0;SOLEIL;5;25.2;0
Vodable;45.5;3.14;24/07/2026;05:00;18.1;0;SOLEIL;2;23.8;0
Vodable;45.5;3.14;24/07/2026;06:00;18.1;0;SOLEIL;2;22.7;0
Vodable;45.5;3.14;24/07/2026;07:00;18.1;0;SOLEIL;2;21.6;0
Vodable;45.5;3.14;24/07/2026;08:00;18.8;0;SOLEIL;5;21.2;0
Vodable;45.5;3.14;24/07/2026;09:00;20.6;0;SOLEIL;5;21.2;0
Vodable;45.5;3.14;24/07/2026;10:00;22.4;0;SOLEIL;5;21.6;0
Vodable;45.5;3.14;24/07/2026;11:00;29.4;0;SOLEIL;2;22.3;0
Vodable;45.5;3.14;24/07/2026;12:00;29.4;0;SOLEIL;2;23.4;0
Vodable;45.5;3.14;24/07/2026;13:00;29.4;0;SOLEIL;2;24.1;0
Vodable;45.5;3.14;24/07/2026;14:00;29.8;0;SOLEIL;5;24.8;0
Vodable;45.5;3.14;24/07/2026;15:00;31.6;0;SOLEIL;5;25.6;0
Vodable;45.5;3.14;24/07/2026;16:00;29.8;0;SOLEIL;5;26.6;0
Vodable;45.5;3.14;24/07/2026;17:00;28.6;0;SOLEIL;3;27.7;0
Vodable;45.5;3.14;24/07/2026;18:00;28.6;0;SOLEIL;3;28.4;0
Vodable;45.5;3.14;24/07/2026;19:00;28.6;0;SOLEIL;3;28.8;0
Vodable;45.5;3.14;24/07/2026;20:00;22.4;0;SOLEIL;5;28.8;0
Vodable;45.5;3.14;24/07/2026;21:00;20.6;0;SOLEIL;5;28.1;0
Vodable;45.5;3.14;24/07/2026;22:00;18.8;0;SOLEIL;5;26.6;0
Vodable;45.5;3.14;24/07/2026;23:00;19.6;0;SOLEIL;2;24.8;0
Vodable;45.5;3.14;25/07/2026;00:00;19.6;0;SOLEIL;2;22.7;0
Vodable;45.5;3.14;25/07/2026;01:00;19.6;0;SOLEIL;2;20.9;0
Vodable;45.5;3.14;25/07/2026;02:00;17.1;0;SOLEIL;5;19.4;0
Vodable;45.5;3.14;25/07/2026;03:00;17.1;0;SOLEIL;5;18.4;0
Vodable;45.5;3.14;25/07/2026;04:00;17.1;0;SOLEIL;5;16.9;0
Vodable;45.5;3.14;25/07/2026;05:00;20.2;0;SOLEIL;3;15.8;0
Vodable;45.5;3.14;25/07/2026;06:00;20.2;0;SOLEIL;3;15.1;0
Vodable;45.5;3.14;25/07/2026;07:00;20.2;0;SOLEIL;3;14.8;0
Vodable;45.5;3.14;25/07/2026;08:00;20.2;0;SOLEIL;5;14.8;0
Vodable;45.5;3.14;25/07/2026;09:00;21.8;0;SOLEIL;5;15.5;0
Vodable;45.5;3.14;25/07/2026;10:00;23.3;0;SOLEIL;5;16.6;0
Vodable;45.5;3.14;25/07/2026;11:00;30.1;0;SOLEIL;4;18.0;0
Vodable;45.5;3.14;25/07/2026;12:00;30.1;0;SOLEIL;4;19.8;0
Vodable;45.5;3.14;25/07/2026;13:00;30.1;0;SOLEIL;4;22.0;0
Vodable;45.5;3.14;25/07/2026;14:00;29.5;0;SOLEIL;5;24.5;0
Vodable;45.5;3.14;25/07/2026;15:00;31.1;0;SOLEIL;5;27.7;0
Vodable;45.5;3.14;25/07/2026;16:00;29.5;0;SOLEIL;5;31.7;0
Vodable;45.5;3.14;25/07/2026;17:00;27.1;0;SOLEIL;4;35.6;0
Vodable;45.5;3.14;25/07/2026;18:00;27.1;0;SOLEIL;4;40.0;0
Vodable;45.5;3.14;25/07/2026;19:00;27.1;0;SOLEIL;4;43.2;0
Vodable;45.5;3.14;25/07/2026;20:00;23.3;0;SOLEIL;5;45.4;0
Vodable;45.5;3.14;25/07/2026;21:00;21.8;0;SOLEIL;5;46.1;0
Vodable;45.5;3.14;25/07/2026;22:00;20.2;0;SOLEIL;5;46.1;0
Vodable;45.5;3.14;25/07/2026;23:00;20.2;0;SOLEIL;3;45.0;0
Vodable;45.5;3.14;26/07/2026;00:00;20.2;0;SOLEIL;3;43.9;0
Vodable;45.5;3.14;26/07/2026;01:00;20.2;0;SOLEIL;3;42.5;0
Vodable;45.5;3.14;26/07/2026;02:00;17;0;SOLEIL;5;41.4;0
Vodable;45.5;3.14;26/07/2026;03:00;17;0;SOLEIL;5;40.3;0
Vodable;45.5;3.14;26/07/2026;04:00;17;0;SOLEIL;5;38.9;0
Vodable;45.5;3.14;26/07/2026;05:00;;0;SOLEIL;;37.8;0
Vodable;45.5;3.14;26/07/2026;06:00;;0;SOLEIL;;36.4;0
Vodable;45.5;3.14;26/07/2026;07:00;;0;SOLEIL;;35.6;0
Vodable;45.5;3.14;26/07/2026;08:00;19.4;0;SOLEIL;5;35.6;0
Vodable;45.5;3.14;26/07/2026;09:00;20.6;0;SOLEIL;5;36.4;0
Vodable;45.5;3.14;26/07/2026;10:00;21.8;0;SOLEIL;5;37.8;0
Vodable;45.5;3.14;26/07/2026;11:00;;0;SOLEIL;;39.6;0
Vodable;45.5;3.14;26/07/2026;12:00;;0;SOLEIL;;41.8;0
Vodable;45.5;3.14;26/07/2026;13:00;;0;SOLEIL;;43.6;0
Vodable;45.5;3.14;26/07/2026;14:00;26.7;0;SOLEIL;5;45.0;0
Vodable;45.5;3.14;26/07/2026;15:00;27.9;0;SOLEIL;5;46.1;0
Vodable;45.5;3.14;26/07/2026;16:00;26.7;0;SOLEIL;5;47.2;0
Vodable;45.5;3.14;26/07/2026;17:00;;0;SOLEIL;;48.2;0
Vodable;45.5;3.14;26/07/2026;18:00;;0;SOLEIL;;49.0;0
Vodable;45.5;3.14;26/07/2026;19:00;;0;SOLEIL;;49.0;0
Vodable;45.5;3.14;26/07/2026;20:00;21.8;0;SOLEIL;5;49.0;0
Vodable;45.5;3.14;26/07/2026;21:00;20.6;0;SOLEIL;5;48.2;0
Vodable;45.5;3.14;26/07/2026;22:00;19.4;0;SOLEIL;5;46.4;0
Vodable;45.5;3.14;26/07/2026;23:00;;6;AVERSES;;44.6;0
Vodable;45.5;3.14;27/07/2026;00:00;;6;AVERSES;;42.8;0
Vodable;45.5;3.14;27/07/2026;01:00;;6;AVERSES;;41.0;0
Vodable;45.5;3.14;27/07/2026;02:00;16.1;6;AVERSES;5;39.6;0
Vodable;45.5;3.14;27/07/2026;03:00;16.1;6;AVERSES;5;38.9;0
Vodable;45.5;3.14;27/07/2026;04:00;16.1;6;AVERSES;5;38.2;0
Vodable;45.5;3.14;27/07/2026;05:00;;6;AVERSES;;37.8;0
Vodable;45.5;3.14;27/07/2026;06:00;;6;AVERSES;;37.4;0
Vodable;45.5;3.14;27/07/2026;07:00;;6;AVERSES;;37.1;0
Vodable;45.5;3.14;27/07/2026;08:00;18.7;6;AVERSES;5;36.4;0
Vodable;45.5;3.14;27/07/2026;09:00;19.9;6;AVERSES;5;34.9;0
Vodable;45.5;3.14;27/07/2026;10:00;21.2;6;AVERSES;5;33.5;0
Vodable;45.5;3.14;27/07/2026;11:00;;6;AVERSES;;31.7;0
Vodable;45.5;3.14;27/07/2026;12:00;;6;AVERSES;;29.9;0
Vodable;45.5;3.14;27/07/2026;13:00;;6;AVERSES;;28.4;0
Vodable;45.5;3.14;27/07/2026;14:00;26.3;6;AVERSES;5;27.7;0
Vodable;45.5;3.14;27/07/2026;15:00;27.6;6;AVERSES;5;27.7;0
Vodable;45.5;3.14;27/07/2026;16:00;26.3;6;AVERSES;5;28.4;0
Vodable;45.5;3.14;27/07/2026;17:00;;6;AVERSES;;29.2;0
Vodable;45.5;3.14;27/07/2026;18:00;;6;AVERSES;;30.2;0
Vodable;45.5;3.14;27/07/2026;19:00;;6;AVERSES;;31.0;0
Vodable;45.5;3.14;27/07/2026;20:00;21.2;6;AVERSES;5;31.7;0
Vodable;45.5;3.14;27/07/2026;21:00;19.9;6;AVERSES;5;32.0;0
Vodable;45.5;3.14;27/07/2026;22:00;18.7;6;AVERSES;5;32.4;0
Vodable;45.5;3.14;27/07/2026;23:00;;6;AVERSES;;32.8;0
Vodable;45.5;3.14;28/07/2026;00:00;;6;AVERSES;;32.8;0
Vodable;45.5;3.14;28/07/2026;01:00;;6;AVERSES;;32.4;0
Vodable;45.5;3.14;28/07/2026;02:00;15.7;6;AVERSES;5;31.3;0
Vodable;45.5;3.14;28/07/2026;03:00;15.7;6;AVERSES;5;29.5;0
Vodable;45.5;3.14;28/07/2026;04:00;15.7;6;AVERSES;5;26.6;0
Vodable;45.5;3.14;28/07/2026;05:00;;6;AVERSES;;23.0;0
Vodable;45.5;3.14;28/07/2026;06:00;;6;AVERSES;;19.8;0
Vodable;45.5;3.14;28/07/2026;07:00;;6;AVERSES;;17.6;0
Vodable;45.5;3.14;28/07/2026;08:00;18.2;6;AVERSES;5;16.2;0
Vodable;45.5;3.14;28/07/2026;09:00;19.5;6;AVERSES;5;16.2;0
Vodable;45.5;3.14;28/07/2026;10:00;20.7;6;AVERSES;5;17.3;0
Vodable;45.5;3.14;28/07/2026;11:00;;6;AVERSES;;19.1;0
Vodable;45.5;3.14;28/07/2026;12:00;;6;AVERSES;;20.9;0
Vodable;45.5;3.14;28/07/2026;13:00;;6;AVERSES;;23.4;0
Vodable;45.5;3.14;28/07/2026;14:00;25.7;6;AVERSES;5;25.6;0
Vodable;45.5;3.14;28/07/2026;15:00;27.0;6;AVERSES;5;28.1;0
Vodable;45.5;3.14;28/07/2026;16:00;25.7;6;AVERSES;5;31.7;0
Vodable;45.5;3.14;28/07/2026;17:00;;6;AVERSES;;35.3;0
Vodable;45.5;3.14;28/07/2026;18:00;;6;AVERSES;;38.5;0
Vodable;45.5;3.14;28/07/2026;19:00;;6;AVERSES;;41.0;0
Vodable;45.5;3.14;28/07/2026;20:00;20.7;6;AVERSES;5;42.1;0
Vodable;45.5;3.14;28/07/2026;21:00;19.5;6;AVERSES;5;41.8;0
Vodable;45.5;3.14;28/07/2026;22:00;18.2;6;AVERSES;5;40.0;0
Vodable;45.5;3.14;28/07/2026;23:00;;6;AVERSES;;37.8;0
Vodable;45.5;3.14;29/07/2026;00:00;;6;AVERSES;;34.6;0
Vodable;45.5;3.14;29/07/2026;01:00;;6;AVERSES;;31.7;0
Vodable;45.5;3.14;29/07/2026;02:00;16;6;AVERSES;5;28.8;0
Vodable;45.5;3.14;29/07/2026;03:00;16;6;AVERSES;5;25.9;0
Vodable;45.5;3.14;29/07/2026;04:00;16;6;AVERSES;5;22.3;0
Vodable;45.5;3.14;29/07/2026;05:00;;6;AVERSES;;18.7;0
Vodable;45.5;3.14;29/07/2026;06:00;;6;AVERSES;;15.1;0
Vodable;45.5;3.14;29/07/2026;07:00;;6;AVERSES;;12.6;0
Vodable;45.5;3.14;29/07/2026;08:00;18.6;6;AVERSES;5;10.8;0
Vodable;45.5;3.14;29/07/2026;09:00;19.9;6;AVERSES;5;10.4;0
Vodable;45.5;3.14;29/07/2026;10:00;21.2;6;AVERSES;5;10.4;0
Vodable;45.5;3.14;29/07/2026;11:00;;6;AVERSES;;11.5;0
Vodable;45.5;3.14;29/07/2026;12:00;;6;AVERSES;;13.0;0
Vodable;45.5;3.14;29/07/2026;13:00;;6;AVERSES;;14.8;0
Vodable;45.5;3.14;29/07/2026;14:00;26.4;6;AVERSES;5;16.6;0
Vodable;45.5;3.14;29/07/2026;15:00;27.7;6;AVERSES;5;18.7;0
Vodable;45.5;3.14;29/07/2026;16:00;26.4;6;AVERSES;5;21.2;0
Vodable;45.5;3.14;29/07/2026;17:00;;6;AVERSES;;24.5;0
Vodable;45.5;3.14;29/07/2026;18:00;;6;AVERSES;;27.4;0
Vodable;45.5;3.14;29/07/2026;19:00;;6;AVERSES;;29.9;0
Vodable;45.5;3.14;29/07/2026;20:00;21.2;6;AVERSES;5;31.7;0
Vodable;45.5;3.14;29/07/2026;21:00;19.9;6;AVERSES;5;32.8;0
Vodable;45.5;3.14;29/07/2026;22:00;18.6;6;AVERSES;5;33.8;0
Vodable;45.5;3.14;29/07/2026;23:00;;6;AVERSES;;34.2;0
Vodable;45.5;3.14;30/07/2026;00:00;;6;AVERSES;;34.6;0
Vodable;45.5;3.14;30/07/2026;01:00;;6;AVERSES;;34.2;0
Vodable;45.5;3.14;30/07/2026;02:00;15.2;6;AVERSES;5;33.5;0
Vodable;45.5;3.14;30/07/2026;03:00;15.2;6;AVERSES;5;32.0;0
Vodable;45.5;3.14;30/07/2026;04:00;15.2;6;AVERSES;5;29.5;0
Vodable;45.5;3.14;30/07/2026;05:00;;6;AVERSES;;26.6;0
Vodable;45.5;3.14;30/07/2026;06:00;;6;AVERSES;;24.1;0
Vodable;45.5;3.14;30/07/2026;07:00;;6;AVERSES;;22.0;0
Vodable;45.5;3.14;30/07/2026;08:00;17.7;6;AVERSES;5;21.2;0
Vodable;45.5;3.14;30/07/2026;09:00;19.0;6;AVERSES;5;22.0;0
Vodable;45.5;3.14;30/07/2026;10:00;20.3;6;AVERSES;5;24.1;0
Vodable;45.5;3.14;30/07/2026;11:00;;6;AVERSES;;27.0;0
Vodable;45.5;3.14;30/07/2026;12:00;;6;AVERSES;;29.9;0
Vodable;45.5;3.14;30/07/2026;13:00;;6;AVERSES;;32.4;0
Vodable;45.5;3.14;30/07/2026;14:00;25.3;6;AVERSES;5;34.2;0
Vodable;45.5;3.14;30/07/2026;15:00;26.6;6;AVERSES;5;35.3;0
Vodable;45.5;3.14;30/07/2026;16:00;25.3;6;AVERSES;5;36.0;0
Vodable;45.5;3.14;30/07/2026;17:00;;6;AVERSES;;36.4;0
Vodable;45.5;3.14;30/07/2026;18:00;;6;AVERSES;;36.7;0
Vodable;45.5;3.14;30/07/2026;19:00;;6;AVERSES;;36.4;0
Vodable;45.5;3.14;30/07/2026;20:00;20.3;6;AVERSES;5;36.4;0
Vodable;45.5;3.14;30/07/2026;21:00;19.0;6;AVERSES;5;36.0;0
Vodable;45.5;3.14;30/07/2026;22:00;17.7;6;AVERSES;5;35.3;0
Vodable;45.5;3.14;30/07/2026;23:00;16.5;6;AVERSES;5;34.2;0
Vodable;45.5;3.14;31/07/2026;00:00;12;0;SOLEIL;5;26.0;0
Vodable;45.5;3.14;31/07/2026;01:00;12;0;SOLEIL;5;19.1;0
Vodable;45.5;3.14;31/07/2026;02:00;12;0;SOLEIL;5;12.8;0
Vodable;45.5;3.14;31/07/2026;03:00;12;0;SOLEIL;5;6.5;0
Vodable;45.5;3.14;31/07/2026;04:00;12;0;SOLEIL;5;6.1;0
Vodable;45.5;3.14;31/07/2026;05:00;12;0;SOLEIL;5;5.8;0
Vodable;45.5;3.14;31/07/2026;06:00;12;0;SOLEIL;5;5.0;0
Vodable;45.5;3.14;31/07/2026;07:00;13.1;0;SOLEIL;5;4.7;0
Vodable;45.5;3.14;31/07/2026;08:00;14.2;0;SOLEIL;5;4.7;0
Vodable;45.5;3.14;31/07/2026;09:00;15.3;0;SOLEIL;5;6.1;0
Vodable;45.5;3.14;31/07/2026;10:00;16.4;0;SOLEIL;5;8.3;0
Vodable;45.5;3.14;31/07/2026;11:00;17.6;0;SOLEIL;5;10.4;0
Vodable;45.5;3.14;31/07/2026;12:00;18.7;0;SOLEIL;5;11.9;0
Vodable;45.5;3.14;31/07/2026;13:00;19.8;0;SOLEIL;5;13.3;0
Vodable;45.5;3.14;31/07/2026;14:00;20.9;0;SOLEIL;5;14.4;0
Vodable;45.5;3.14;31/07/2026;15:00;22.0;0;SOLEIL;5;15.1;0
Vodable;45.5;3.14;31/07/2026;16:00;20.9;0;SOLEIL;5;15.5;0
Vodable;45.5;3.14;31/07/2026;17:00;19.8;0;SOLEIL;5;15.8;0
Vodable;45.5;3.14;31/07/2026;18:00;18.7;0;SOLEIL;5;16.9;0
Vodable;45.5;3.14;31/07/2026;19:00;17.6;0;SOLEIL;5;18.4;0
Vodable;45.5;3.14;31/07/2026;20:00;16.4;0;SOLEIL;5;18.0;0
Vodable;45.5;3.14;31/07/2026;21:00;15.3;0;SOLEIL;5;14.4;0
Vodable;45.5;3.14;31/07/2026;22:00;14.2;0;SOLEIL;5;9.4;0
Vodable;45.5;3.14;31/07/2026;23:00;13.1;0;SOLEIL;5;5.4;0
Vodable;45.5;3.14;01/08/2026;00:00;12;0;SOLEIL;5;0.0;0
Vodable;45.5;3.14;01/08/2026;01:00;12;0;SOLEIL;5;0.0;0
Vodable;45.5;3.14;01/08/2026;02:00;12;0;SOLEIL;5;0.0;0
Vodable;45.5;3.14;01/08/2026;03:00;12;0;SOLEIL;5;0.0;0
Vodable;45.5;3.14;01/08/2026;04:00;12;0;SOLEIL;5;0.0;0
Vodable;45.5;3.14;01/08/2026;05:00;12;0;SOLEIL;5;0.0;0
Vodable;45.5;3.14;01/08/2026;06:00;12;0;SOLEIL;5;0.0;0
Vodable;45.5;3.14;01/08/2026;07:00;13.1;0;SOLEIL;5;0.0;0
Vodable;45.5;3.14;01/08/2026;08:00;14.2;0;SOLEIL;5;0.0;0
Vodable;45.5;3.14;01/08/2026;09:00;15.3;0;SOLEIL;5;0.0;0
Vodable;45.5;3.14;01/08/2026;10:00;16.4;0;SOLEIL;5;0.0;0
Vodable;45.5;3.14;01/08/2026;11:00;17.6;0;SOLEIL;5;0.0;0
Vodable;45.5;3.14;01/08/2026;12:00;18.7;0;SOLEIL;5;0.0;0
Vodable;45.5;3.14;01/08/2026;13:00;19.8;0;SOLEIL;5;0.0;0
Vodable;45.5;3.14;01/08/2026;14:00;20.9;0;SOLEIL;5;0.0;0
Vodable;45.5;3.14;01/08/2026;15:00;22.0;0;SOLEIL;5;0.0;0
Vodable;45.5;3.14;01/08/2026;16:00;20.9;0;SOLEIL;5;0.0;0
Vodable;45.5;3.14;01/08/2026;17:00;19.8;0;SOLEIL;5;0.0;0
Vodable;45.5;3.14;01/08/2026;18:00;18.7;0;SOLEIL;5;0.0;0
Vodable;45.5;3.14;01/08/2026;19:00;17.6;0;SOLEIL;5;0.0;0
Vodable;45.5;3.14;01/08/2026;20:00;16.4;0;SOLEIL;5;0.0;0
Vodable;45.5;3.14;01/08/2026;21:00;15.3;0;SOLEIL;5;0.0;0
Vodable;45.5;3.14;01/08/2026;22:00;14.2;0;SOLEIL;5;0.0;0
Vodable;45.5;3.14;01/08/2026;23:00;13.1;0;SOLEIL;5;0.0;0
Lyon;45.76;4.83;17/07/2026;00:00;15.5;6;AVERSES;2;7.6;0.7
Lyon;45.76;4.83;17/07/2026;01:00;15.6;2;NUAGEUX;2;13.0;0
Lyon;45.76;4.83;17/07/2026;02:00;15.1;0;SOLEIL;2;16.6;0
Lyon;45.76;4.83;17/07/2026;03:00;14.7;2;NUAGEUX;2;15.1;0
Lyon;45.76;4.83;17/07/2026;04:00;14;0;SOLEIL;2;11.5;0
Lyon;45.76;4.83;17/07/2026;05:00;16.2;0;SOLEIL;2;9.7;0
Lyon;45.76;4.83;17/07/2026;06:00;19.9;0;SOLEIL;3;14.0;0
Lyon;45.76;4.83;17/07/2026;07:00;21.5;0;SOLEIL;3;13.7;0
Lyon;45.76;4.83;17/07/2026;08:00;22.7;0;SOLEIL;4;13.3;0
Lyon;45.76;4.83;17/07/2026;09:00;23.5;0;SOLEIL;3;13.0;0
Lyon;45.76;4.83;17/07/2026;10:00;23.6;0;SOLEIL;4;12.6;0
Lyon;45.76;4.83;17/07/2026;11:00;23.2;0;SOLEIL;4;22.7;0
Lyon;45.76;4.83;17/07/2026;12:00;25.9;0;SOLEIL;4;28.1;0
Lyon;45.76;4.83;17/07/2026;13:00;26.1;10;ORAGEUX;4;25.2;0.1
Lyon;45.76;4.83;17/07/2026;14:00;25;10;ORAGEUX;4;24.5;0.1
Lyon;45.76;4.83;17/07/2026;15:00;25.5;10;ORAGEUX;4;28.1;0.1
Lyon;45.76;4.83;17/07/2026;16:00;26.1;10;ORAGEUX;4;35.3;0.1
Lyon;45.76;4.83;17/07/2026;17:00;23.1;10;ORAGEUX;4;37.8;0.1
Lyon;45.76;4.83;17/07/2026;18:00;22.6;10;ORAGEUX;4;35.6;0.1
Lyon;45.76;4.83;17/07/2026;19:00;19.4;10;ORAGEUX;3;34.6;0.1
Lyon;45.76;4.83;17/07/2026;20:00;18;10;ORAGEUX;2;30.6;0.1
Lyon;45.76;4.83;17/07/2026;21:00;16.9;0;SOLEIL;2;34.2;0
Lyon;45.76;4.83;17/07/2026;22:00;17.1;0;SOLEIL;2;31.7;0
Lyon;45.76;4.83;17/07/2026;23:00;16.7;0;SOLEIL;2;26.6;0
Lyon;45.76;4.83;18/07/2026;00:00;16.9;0;SOLEIL;2;19.4;0
Lyon;45.76;4.83;18/07/2026;01:00;16.9;0;SOLEIL;2;14.4;0
Lyon;45.76;4.83;18/07/2026;02:00;14;0;SOLEIL;1;10.1;0
Lyon;45.76;4.83;18/07/2026;03:00;14;0;SOLEIL;1;9.0;0
Lyon;45.76;4.83;18/07/2026;04:00;14;0;SOLEIL;1;9.0;0
Lyon;45.76;4.83;18/07/2026;05:00;17.5;0;SOLEIL;2;7.9;0
Lyon;45.76;4.83;18/07/2026;06:00;17.5;0;SOLEIL;2;7.2;0
Lyon;45.76;4.83;18/07/2026;07:00;17.5;0;SOLEIL;2;6.1;0
Lyon;45.76;4.83;18/07/2026;08:00;20.9;0;SOLEIL;2;6.1;0
Lyon;45.76;4.83;18/07/2026;09:00;20.9;0;SOLEIL;2;7.2;0
Lyon;45.76;4.83;18/07/2026;10:00;20.9;0;SOLEIL;2;11.5;0
Lyon;45.76;4.83;18/07/2026;11:00;24;6;AVERSES;2;13.7;0
Lyon;45.76;4.83;18/07/2026;12:00;24;6;AVERSES;2;16.1;0
Lyon;45.76;4.83;18/07/2026;13:00;24;6;AVERSES;2;20.9;0
Lyon;45.76;4.83;18/07/2026;14:00;23.1;6;AVERSES;3;19.5;0
Lyon;45.76;4.83;18/07/2026;15:00;23.1;6;AVERSES;3;19.4;0
Lyon;45.76;4.83;18/07/2026;16:00;23.1;6;AVERSES;3;21.2;0
Lyon;45.76;4.83;18/07/2026;17:00;23.1;0;SOLEIL;2;26.6;0
Lyon;45.76;4.83;18/07/2026;18:00;23.1;0;SOLEIL;2;33.8;0
Lyon;45.76;4.83;18/07/2026;19:00;23.1;0;SOLEIL;2;35.3;0
Lyon;45.76;4.83;18/07/2026;20:00;18.1;0;SOLEIL;2;31.0;0
Lyon;45.76;4.83;18/07/2026;21:00;18.1;0;SOLEIL;2;25.6;0
Lyon;45.76;4.83;18/07/2026;22:00;18.1;0;SOLEIL;2;18.4;0
Lyon;45.76;4.83;18/07/2026;23:00;15.6;0;SOLEIL;3;13.0;0
Lyon;45.76;4.83;19/07/2026;00:00;15.6;0;SOLEIL;3;13.3;0
Lyon;45.76;4.83;19/07/2026;01:00;15.6;0;SOLEIL;3;14.8;0
Lyon;45.76;4.83;19/07/2026;02:00;14;0;SOLEIL;3;15.5;0
Lyon;45.76;4.83;19/07/2026;03:00;14;0;SOLEIL;3;16.6;0
Lyon;45.76;4.83;19/07/2026;04:00;14;0;SOLEIL;3;16.6;0
Lyon;45.76;4.83;19/07/2026;05:00;17.1;0;SOLEIL;2;16.9;0
Lyon;45.76;4.83;19/07/2026;06:00;17.1;0;SOLEIL;2;18.0;0
Lyon;45.76;4.83;19/07/2026;07:00;17.1;0;SOLEIL;2;18.7;0
Lyon;45.76;4.83;19/07/2026;08:00;22.1;0;SOLEIL;3;16.2;0
Lyon;45.76;4.83;19/07/2026;09:00;22.1;0;SOLEIL;3;14.0;0
Lyon;45.76;4.83;19/07/2026;10:00;22.1;0;SOLEIL;3;20.2;0
Lyon;45.76;4.83;19/07/2026;11:00;23.9;0;SOLEIL;4;24.5;0
Lyon;45.76;4.83;19/07/2026;12:00;23.9;0;SOLEIL;4;27.0;0
Lyon;45.76;4.83;19/07/2026;13:00;23.9;0;SOLEIL;4;32.0;0
Lyon;45.76;4.83;19/07/2026;14:00;24.1;0;SOLEIL;4;33.8;0
Lyon;45.76;4.83;19/07/2026;15:00;24.1;0;SOLEIL;4;34.2;0
Lyon;45.76;4.83;19/07/2026;16:00;24.1;0;SOLEIL;4;35.6;0
Lyon;45.76;4.83;19/07/2026;17:00;22.2;0;SOLEIL;4;37.8;0
Lyon;45.76;4.83;19/07/2026;18:00;22.2;0;SOLEIL;4;41.4;0
Lyon;45.76;4.83;19/07/2026;19:00;22.2;0;SOLEIL;4;42.1;0
Lyon;45.76;4.83;19/07/2026;20:00;18.2;0;SOLEIL;5;40.7;0
Lyon;45.76;4.83;19/07/2026;21:00;16.9;0;SOLEIL;5;38.5;0
Lyon;45.76;4.83;19/07/2026;22:00;15.7;0;SOLEIL;5;35.3;0
Lyon;45.76;4.83;19/07/2026;23:00;11.4;0;SOLEIL;3;31.7;0
Lyon;45.76;4.83;20/07/2026;00:00;11.4;0;SOLEIL;3;27.4;0
Lyon;45.76;4.83;20/07/2026;01:00;11.4;0;SOLEIL;3;22.7;0
Lyon;45.76;4.83;20/07/2026;02:00;12.6;0;SOLEIL;5;19.1;0
Lyon;45.76;4.83;20/07/2026;03:00;12.6;0;SOLEIL;5;17.6;0
Lyon;45.76;4.83;20/07/2026;04:00;12.6;0;SOLEIL;5;17.3;0
Lyon;45.76;4.83;20/07/2026;05:00;15;0;SOLEIL;2;17.6;0
Lyon;45.76;4.83;20/07/2026;06:00;15;0;SOLEIL;2;18.0;0
Lyon;45.76;4.83;20/07/2026;07:00;15;0;SOLEIL;2;18.7;0
Lyon;45.76;4.83;20/07/2026;08:00;15.7;0;SOLEIL;5;20.2;0
Lyon;45.76;4.83;20/07/2026;09:00;17.3;0;SOLEIL;5;23.0;0
Lyon;45.76;4.83;20/07/2026;10:00;18.9;0;SOLEIL;5;27.0;0
Lyon;45.76;4.83;20/07/2026;11:00;24.9;0;SOLEIL;3;30.6;0
Lyon;45.76;4.83;20/07/2026;12:00;24.9;0;SOLEIL;3;33.1;0
Lyon;45.76;4.83;20/07/2026;13:00;24.9;0;SOLEIL;3;35.3;0
Lyon;45.76;4.83;20/07/2026;14:00;25.1;0;SOLEIL;5;37.1;0
Lyon;45.76;4.83;20/07/2026;15:00;26.7;0;SOLEIL;5;38.9;0
Lyon;45.76;4.83;20/07/2026;16:00;25.1;0;SOLEIL;5;40.7;0
Lyon;45.76;4.83;20/07/2026;17:00;24.1;0;SOLEIL;4;41.8;0
Lyon;45.76;4.83;20/07/2026;18:00;24.1;0;SOLEIL;4;43.2;0
Lyon;45.76;4.83;20/07/2026;19:00;24.1;0;SOLEIL;4;43.9;0
Lyon;45.76;4.83;20/07/2026;20:00;18.9;0;SOLEIL;5;43.2;0
Lyon;45.76;4.83;20/07/2026;21:00;17.3;0;SOLEIL;5;39.6;0
Lyon;45.76;4.83;20/07/2026;22:00;15.7;0;SOLEIL;5;34.6;0
Lyon;45.76;4.83;20/07/2026;23:00;13.5;0;SOLEIL;2;29.9;0
Lyon;45.76;4.83;21/07/2026;00:00;13.5;0;SOLEIL;2;26.6;0
Lyon;45.76;4.83;21/07/2026;01:00;13.5;0;SOLEIL;2;23.8;0
Lyon;45.76;4.83;21/07/2026;02:00;10.5;0;SOLEIL;5;22.0;0
Lyon;45.76;4.83;21/07/2026;03:00;10.5;0;SOLEIL;5;20.9;0
Lyon;45.76;4.83;21/07/2026;04:00;10.5;0;SOLEIL;5;20.5;0
Lyon;45.76;4.83;21/07/2026;05:00;13.6;0;SOLEIL;2;20.5;0
Lyon;45.76;4.83;21/07/2026;06:00;13.6;0;SOLEIL;2;19.8;0
Lyon;45.76;4.83;21/07/2026;07:00;13.6;0;SOLEIL;2;19.1;0
Lyon;45.76;4.83;21/07/2026;08:00;14.1;0;SOLEIL;5;20.2;0
Lyon;45.76;4.83;21/07/2026;09:00;15.9;0;SOLEIL;5;24.8;0
Lyon;45.76;4.83;21/07/2026;10:00;17.7;0;SOLEIL;5;31.0;0
Lyon;45.76;4.83;21/07/2026;11:00;24;0;SOLEIL;4;37.1;0
Lyon;45.76;4.83;21/07/2026;12:00;24;0;SOLEIL;4;41.1;0
Lyon;45.76;4.83;21/07/2026;13:00;24;0;SOLEIL;4;44.5;0
Lyon;45.76;4.83;21/07/2026;14:00;24.8;0;SOLEIL;5;46.4;0
Lyon;45.76;4.83;21/07/2026;15:00;26.6;0;SOLEIL;5;46.4;0
Lyon;45.76;4.83;21/07/2026;16:00;24.8;0;SOLEIL;5;46.4;0
Lyon;45.76;4.83;21/07/2026;17:00;24.1;0;SOLEIL;4;45.7;0
Lyon;45.76;4.83;21/07/2026;18:00;24.1;0;SOLEIL;4;45.0;0
Lyon;45.76;4.83;21/07/2026;19:00;24.1;0;SOLEIL;4;43.6;0
Lyon;45.76;4.83;21/07/2026;20:00;17.7;0;SOLEIL;5;40.3;0
Lyon;45.76;4.83;21/07/2026;21:00;15.9;0;SOLEIL;5;33.5;0
Lyon;45.76;4.83;21/07/2026;22:00;14.1;0;SOLEIL;5;24.8;0
Lyon;45.76;4.83;21/07/2026;23:00;13.6;0;SOLEIL;2;18.4;0
Lyon;45.76;4.83;22/07/2026;00:00;13.6;0;SOLEIL;2;15.8;0
Lyon;45.76;4.83;22/07/2026;01:00;13.6;0;SOLEIL;2;15.8;0
Lyon;45.76;4.83;22/07/2026;02:00;12.1;0;SOLEIL;5;15.5;0
Lyon;45.76;4.83;22/07/2026;03:00;12.1;0;SOLEIL;5;14.0;0
Lyon;45.76;4.83;22/07/2026;04:00;12.1;0;SOLEIL;5;13.0;0
Lyon;45.76;4.83;22/07/2026;05:00;14.1;0;SOLEIL;1;11.9;0
Lyon;45.76;4.83;22/07/2026;06:00;14.1;0;SOLEIL;1;11.5;0
Lyon;45.76;4.83;22/07/2026;07:00;14.1;0;SOLEIL;1;11.5;0
Lyon;45.76;4.83;22/07/2026;08:00;15.5;0;SOLEIL;5;11.5;0
Lyon;45.76;4.83;22/07/2026;09:00;17.1;0;SOLEIL;5;11.2;0
Lyon;45.76;4.83;22/07/2026;10:00;18.8;0;SOLEIL;5;11.2;0
Lyon;45.76;4.83;22/07/2026;11:00;25.1;0;SOLEIL;3;11.9;0
Lyon;45.76;4.83;22/07/2026;12:00;25.1;0;SOLEIL;3;14.4;0
Lyon;45.76;4.83;22/07/2026;13:00;25.1;0;SOLEIL;3;17.6;0
Lyon;45.76;4.83;22/07/2026;14:00;25.5;0;SOLEIL;5;20.2;0
Lyon;45.76;4.83;22/07/2026;15:00;27.2;0;SOLEIL;5;21.2;0
Lyon;45.76;4.83;22/07/2026;16:00;25.5;0;SOLEIL;5;21.6;0
Lyon;45.76;4.83;22/07/2026;17:00;24.2;0;SOLEIL;4;22.7;0
Lyon;45.76;4.83;22/07/2026;18:00;24.2;0;SOLEIL;4;25.2;0
Lyon;45.76;4.83;22/07/2026;19:00;24.2;0;SOLEIL;4;28.4;0
Lyon;45.76;4.83;22/07/2026;20:00;18.8;0;SOLEIL;5;29.2;0
Lyon;45.76;4.83;22/07/2026;21:00;17.1;0;SOLEIL;5;24.8;0
Lyon;45.76;4.83;22/07/2026;22:00;15.5;0;SOLEIL;5;18.4;0
Lyon;45.76;4.83;22/07/2026;23:00;14.6;0;SOLEIL;2;13.7;0
Lyon;45.76;4.83;23/07/2026;00:00;14.6;0;SOLEIL;2;13.3;0
Lyon;45.76;4.83;23/07/2026;01:00;14.6;0;SOLEIL;2;15.1;0
Lyon;45.76;4.83;23/07/2026;02:00;13.1;0;SOLEIL;5;16.2;0
Lyon;45.76;4.83;23/07/2026;03:00;13.1;0;SOLEIL;5;16.2;0
Lyon;45.76;4.83;23/07/2026;04:00;13.1;0;SOLEIL;5;15.5;0
Lyon;45.76;4.83;23/07/2026;05:00;16.2;0;SOLEIL;2;15.1;0
Lyon;45.76;4.83;23/07/2026;06:00;16.2;0;SOLEIL;2;14.8;0
Lyon;45.76;4.83;23/07/2026;07:00;16.2;0;SOLEIL;2;14.8;0
Lyon;45.76;4.83;23/07/2026;08:00;16.1;0;SOLEIL;5;14.8;0
Lyon;45.76;4.83;23/07/2026;09:00;17.6;0;SOLEIL;5;14.4;0
Lyon;45.76;4.83;23/07/2026;10:00;19.1;0;SOLEIL;5;14.4;0
Lyon;45.76;4.83;23/07/2026;11:00;24.4;0;SOLEIL;4;15.5;0
Lyon;45.76;4.83;23/07/2026;12:00;24.4;0;SOLEIL;4;19.1;0
Lyon;45.76;4.83;23/07/2026;13:00;24.4;0;SOLEIL;4;23.8;0
Lyon;45.76;4.83;23/07/2026;14:00;25.2;0;SOLEIL;5;27.4;0
Lyon;45.76;4.83;23/07/2026;15:00;26.7;0;SOLEIL;5;28.1;0
Lyon;45.76;4.83;23/07/2026;16:00;25.2;0;SOLEIL;5;27.7;0
Lyon;45.76;4.83;23/07/2026;17:00;24.6;0;SOLEIL;4;27.0;0
Lyon;45.76;4.83;23/07/2026;18:00;24.6;0;SOLEIL;4;27.4;0
Lyon;45.76;4.83;23/07/2026;19:00;24.6;0;SOLEIL;4;28.1;0
Lyon;45.76;4.83;23/07/2026;20:00;19.1;0;SOLEIL;5;27.0;0
Lyon;45.76;4.83;23/07/2026;21:00;17.6;0;SOLEIL;5;23.0;0
Lyon;45.76;4.83;23/07/2026;22:00;16.1;0;SOLEIL;5;18.0;0
Lyon;45.76;4.83;23/07/2026;23:00;14.9;0;SOLEIL;2;14.4;0
Lyon;45.76;4.83;24/07/2026;00:00;14.9;0;SOLEIL;2;17.1;0
Lyon;45.76;4.83;24/07/2026;01:00;14.9;0;SOLEIL;2;20.0;0
Lyon;45.76;4.83;24/07/2026;02:00;13.4;0;SOLEIL;5;20.7;0
Lyon;45.76;4.83;24/07/2026;03:00;13.4;0;SOLEIL;5;20.2;0
Lyon;45.76;4.83;24/07/2026;04:00;13.4;0;SOLEIL;5;18.0;0
Lyon;45.76;4.83;24/07/2026;05:00;16.9;0;SOLEIL;2;15.8;0
Lyon;45.76;4.83;24/07/2026;06:00;16.9;0;SOLEIL;2;14.4;0
Lyon;45.76;4.83;24/07/2026;07:00;16.9;0;SOLEIL;2;13.3;0
Lyon;45.76;4.83;24/07/2026;08:00;16.8;0;SOLEIL;5;13.0;0
Lyon;45.76;4.83;24/07/2026;09:00;18.6;0;SOLEIL;5;14.0;0
Lyon;45.76;4.83;24/07/2026;10:00;20.3;0;SOLEIL;5;15.8;0
Lyon;45.76;4.83;24/07/2026;11:00;26.5;0;SOLEIL;3;18.4;0
Lyon;45.76;4.83;24/07/2026;12:00;26.5;0;SOLEIL;3;20.9;0
Lyon;45.76;4.83;24/07/2026;13:00;26.5;0;SOLEIL;3;23.4;0
Lyon;45.76;4.83;24/07/2026;14:00;27.2;0;SOLEIL;5;25.2;0
Lyon;45.76;4.83;24/07/2026;15:00;28.9;0;SOLEIL;5;26.3;0
Lyon;45.76;4.83;24/07/2026;16:00;27.2;0;SOLEIL;5;27.4;0
Lyon;45.76;4.83;24/07/2026;17:00;26.1;0;SOLEIL;3;28.1;0
Lyon;45.76;4.83;24/07/2026;18:00;26.1;0;SOLEIL;3;28.8;0
Lyon;45.76;4.83;24/07/2026;19:00;26.1;0;SOLEIL;3;29.2;0
Lyon;45.76;4.83;24/07/2026;20:00;20.3;0;SOLEIL;5;29.2;0
Lyon;45.76;4.83;24/07/2026;21:00;18.6;0;SOLEIL;5;29.2;0
Lyon;45.76;4.83;24/07/2026;22:00;16.8;0;SOLEIL;5;28.4;0
Lyon;45.76;4.83;24/07/2026;23:00;17.5;0;SOLEIL;2;28.1;0
Lyon;45.76;4.83;25/07/2026;00:00;17.5;0;SOLEIL;2;27.0;0
Lyon;45.76;4.83;25/07/2026;01:00;17.5;0;SOLEIL;2;25.9;0
Lyon;45.76;4.83;25/07/2026;02:00;15.6;0;SOLEIL;5;24.5;0
Lyon;45.76;4.83;25/07/2026;03:00;15.6;0;SOLEIL;5;22.3;0
Lyon;45.76;4.83;25/07/2026;04:00;15.6;0;SOLEIL;5;19.1;0
Lyon;45.76;4.83;25/07/2026;05:00;18.7;0;SOLEIL;3;15.8;0
Lyon;45.76;4.83;25/07/2026;06:00;18.7;0;SOLEIL;3;13.0;0
Lyon;45.76;4.83;25/07/2026;07:00;18.7;0;SOLEIL;3;10.8;0
Lyon;45.76;4.83;25/07/2026;08:00;18.5;0;SOLEIL;5;10.4;0
Lyon;45.76;4.83;25/07/2026;09:00;19.9;0;SOLEIL;5;11.9;0
Lyon;45.76;4.83;25/07/2026;10:00;21.4;0;SOLEIL;5;15.1;0
Lyon;45.76;4.83;25/07/2026;11:00;27.6;0;SOLEIL;4;19.4;0
Lyon;45.76;4.83;25/07/2026;12:00;27.6;0;SOLEIL;4;23.8;0
Lyon;45.76;4.83;25/07/2026;13:00;27.6;0;SOLEIL;4;27.7;0
Lyon;45.76;4.83;25/07/2026;14:00;27.2;0;SOLEIL;5;30.6;0
Lyon;45.76;4.83;25/07/2026;15:00;28.6;0;SOLEIL;5;32.4;0
Lyon;45.76;4.83;25/07/2026;16:00;27.2;0;SOLEIL;5;33.5;0
Lyon;45.76;4.83;25/07/2026;17:00;23.5;0;SOLEIL;4;34.6;0
Lyon;45.76;4.83;25/07/2026;18:00;23.5;0;SOLEIL;4;34.9;0
Lyon;45.76;4.83;25/07/2026;19:00;23.5;0;SOLEIL;4;35.6;0
Lyon;45.76;4.83;25/07/2026;20:00;21.4;0;SOLEIL;5;36.4;0
Lyon;45.76;4.83;25/07/2026;21:00;19.9;0;SOLEIL;5;37.4;0
Lyon;45.76;4.83;25/07/2026;22:00;18.5;0;SOLEIL;5;38.9;0
Lyon;45.76;4.83;25/07/2026;23:00;17.1;0;SOLEIL;3;40.0;0
Lyon;45.76;4.83;26/07/2026;00:00;17.1;0;SOLEIL;3;41.0;0
Lyon;45.76;4.83;26/07/2026;01:00;17.1;0;SOLEIL;3;41.4;0
Lyon;45.76;4.83;26/07/2026;02:00;15;0;SOLEIL;5;41.0;0
Lyon;45.76;4.83;26/07/2026;03:00;15;0;SOLEIL;5;39.2;0
Lyon;45.76;4.83;26/07/2026;04:00;15;0;SOLEIL;5;36.4;0
Lyon;45.76;4.83;26/07/2026;05:00;;0;SOLEIL;;32.8;0
Lyon;45.76;4.83;26/07/2026;06:00;;0;SOLEIL;;29.5;0
Lyon;45.76;4.83;26/07/2026;07:00;;0;SOLEIL;;27.0;0
Lyon;45.76;4.83;26/07/2026;08:00;17.3;0;SOLEIL;5;26.3;0
Lyon;45.76;4.83;26/07/2026;09:00;18.5;0;SOLEIL;5;27.7;0
Lyon;45.76;4.83;26/07/2026;10:00;19.7;0;SOLEIL;5;30.6;0
Lyon;45.76;4.83;26/07/2026;11:00;;0;SOLEIL;;34.2;0
Lyon;45.76;4.83;26/07/2026;12:00;;0;SOLEIL;;38.5;0
Lyon;45.76;4.83;26/07/2026;13:00;;0;SOLEIL;;41.8;0
Lyon;45.76;4.83;26/07/2026;14:00;24.3;0;SOLEIL;5;44.3;0
Lyon;45.76;4.83;26/07/2026;15:00;25.5;0;SOLEIL;5;45.4;0
Lyon;45.76;4.83;26/07/2026;16:00;24.3;0;SOLEIL;5;46.1;0
Lyon;45.76;4.83;26/07/2026;17:00;;0;SOLEIL;;46.4;0
Lyon;45.76;4.83;26/07/2026;18:00;;0;SOLEIL;;46.4;0
Lyon;45.76;4.83;26/07/2026;19:00;;0;SOLEIL;;45.7;0
Lyon;45.76;4.83;26/07/2026;20:00;19.7;0;SOLEIL;5;44.6;0
Lyon;45.76;4.83;26/07/2026;21:00;18.5;0;SOLEIL;5;43.2;0
Lyon;45.76;4.83;26/07/2026;22:00;17.3;0;SOLEIL;5;41.0;0
Lyon;45.76;4.83;26/07/2026;23:00;;0;SOLEIL;;38.2;0
Lyon;45.76;4.83;27/07/2026;00:00;;0;SOLEIL;;35.6;0
Lyon;45.76;4.83;27/07/2026;01:00;;0;SOLEIL;;32.8;0
Lyon;45.76;4.83;27/07/2026;02:00;14.6;0;SOLEIL;5;30.2;0
Lyon;45.76;4.83;27/07/2026;03:00;14.6;0;SOLEIL;5;27.7;0
Lyon;45.76;4.83;27/07/2026;04:00;14.6;0;SOLEIL;5;25.2;0
Lyon;45.76;4.83;27/07/2026;05:00;;0;SOLEIL;;22.3;0
Lyon;45.76;4.83;27/07/2026;06:00;;0;SOLEIL;;20.2;0
Lyon;45.76;4.83;27/07/2026;07:00;;0;SOLEIL;;18.0;0
Lyon;45.76;4.83;27/07/2026;08:00;17.0;0;SOLEIL;5;16.2;0
Lyon;45.76;4.83;27/07/2026;09:00;18.3;0;SOLEIL;5;14.8;0
Lyon;45.76;4.83;27/07/2026;10:00;19.5;0;SOLEIL;5;14.0;0
Lyon;45.76;4.83;27/07/2026;11:00;;0;SOLEIL;;13.3;0
Lyon;45.76;4.83;27/07/2026;12:00;;0;SOLEIL;;13.0;0
Lyon;45.76;4.83;27/07/2026;13:00;;0;SOLEIL;;13.0;0
Lyon;45.76;4.83;27/07/2026;14:00;24.4;0;SOLEIL;5;13.3;0
Lyon;45.76;4.83;27/07/2026;15:00;25.6;0;SOLEIL;5;14.4;0
Lyon;45.76;4.83;27/07/2026;16:00;24.4;0;SOLEIL;5;16.2;0
Lyon;45.76;4.83;27/07/2026;17:00;;0;SOLEIL;;18.4;0
Lyon;45.76;4.83;27/07/2026;18:00;;0;SOLEIL;;20.5;0
Lyon;45.76;4.83;27/07/2026;19:00;;0;SOLEIL;;22.3;0
Lyon;45.76;4.83;27/07/2026;20:00;19.5;0;SOLEIL;5;23.4;0
Lyon;45.76;4.83;27/07/2026;21:00;18.3;0;SOLEIL;5;23.8;0
Lyon;45.76;4.83;27/07/2026;22:00;17.0;0;SOLEIL;5;23.8;0
Lyon;45.76;4.83;27/07/2026;23:00;;6;AVERSES;;23.4;0
Lyon;45.76;4.83;28/07/2026;00:00;;6;AVERSES;;22.3;0
Lyon;45.76;4.83;28/07/2026;01:00;;6;AVERSES;;21.6;0
Lyon;45.76;4.83;28/07/2026;02:00;14.5;6;AVERSES;5;20.5;0
Lyon;45.76;4.83;28/07/2026;03:00;14.5;6;AVERSES;5;19.1;0
Lyon;45.76;4.83;28/07/2026;04:00;14.5;6;AVERSES;5;16.9;0
Lyon;45.76;4.83;28/07/2026;05:00;;6;AVERSES;;14.4;0
Lyon;45.76;4.83;28/07/2026;06:00;;6;AVERSES;;12.6;0
Lyon;45.76;4.83;28/07/2026;07:00;;6;AVERSES;;10.8;0
Lyon;45.76;4.83;28/07/2026;08:00;16.9;6;AVERSES;5;10.4;0
Lyon;45.76;4.83;28/07/2026;09:00;18.0;6;AVERSES;5;11.2;0
Lyon;45.76;4.83;28/07/2026;10:00;19.2;6;AVERSES;5;13.0;0
Lyon;45.76;4.83;28/07/2026;11:00;;6;AVERSES;;15.5;0
Lyon;45.76;4.83;28/07/2026;12:00;;6;AVERSES;;18.0;0
Lyon;45.76;4.83;28/07/2026;13:00;;6;AVERSES;;20.2;0
Lyon;45.76;4.83;28/07/2026;14:00;23.9;6;AVERSES;5;22.0;0
Lyon;45.76;4.83;28/07/2026;15:00;25.1;6;AVERSES;5;23.0;0
Lyon;45.76;4.83;28/07/2026;16:00;23.9;6;AVERSES;5;23.8;0
Lyon;45.76;4.83;28/07/2026;17:00;;6;AVERSES;;24.5;0
Lyon;45.76;4.83;28/07/2026;18:00;;6;AVERSES;;24.8;0
Lyon;45.76;4.83;28/07/2026;19:00;;6;AVERSES;;25.2;0
Lyon;45.76;4.83;28/07/2026;20:00;19.2;6;AVERSES;5;25.6;0
Lyon;45.76;4.83;28/07/2026;21:00;18.0;6;AVERSES;5;26.3;0
Lyon;45.76;4.83;28/07/2026;22:00;16.9;6;AVERSES;5;27.4;0
Lyon;45.76;4.83;28/07/2026;23:00;;6;AVERSES;;28.1;0
Lyon;45.76;4.83;29/07/2026;00:00;;6;AVERSES;;28.8;0
Lyon;45.76;4.83;29/07/2026;01:00;;6;AVERSES;;29.2;0
Lyon;45.76;4.83;29/07/2026;02:00;14.4;6;AVERSES;5;28.4;0
Lyon;45.76;4.83;29/07/2026;03:00;14.4;6;AVERSES;5;26.6;0
Lyon;45.76;4.83;29/07/2026;04:00;14.4;6;AVERSES;5;23.4;0
Lyon;45.76;4.83;29/07/2026;05:00;;6;AVERSES;;19.4;0
Lyon;45.76;4.83;29/07/2026;06:00;;6;AVERSES;;15.8;0
Lyon;45.76;4.83;29/07/2026;07:00;;6;AVERSES;;13.3;0
Lyon;45.76;4.83;29/07/2026;08:00;16.8;6;AVERSES;5;12.2;0
Lyon;45.76;4.83;29/07/2026;09:00;18.0;6;AVERSES;5;13.3;0
Lyon;45.76;4.83;29/07/2026;10:00;19.2;6;AVERSES;5;15.8;0
Lyon;45.76;4.83;29/07/2026;11:00;;6;AVERSES;;19.1;0
Lyon;45.76;4.83;29/07/2026;12:00;;6;AVERSES;;22.7;0
Lyon;45.76;4.83;29/07/2026;13:00;;6;AVERSES;;25.9;0
Lyon;45.76;4.83;29/07/2026;14:00;24.0;6;AVERSES;5;28.4;0
Lyon;45.76;4.83;29/07/2026;15:00;25.2;6;AVERSES;5;29.9;0
Lyon;45.76;4.83;29/07/2026;16:00;24.0;6;AVERSES;5;31.0;0
Lyon;45.76;4.83;29/07/2026;17:00;;6;AVERSES;;32.0;0
Lyon;45.76;4.83;29/07/2026;18:00;;6;AVERSES;;32.4;0
Lyon;45.76;4.83;29/07/2026;19:00;;6;AVERSES;;32.8;0
Lyon;45.76;4.83;29/07/2026;20:00;19.2;6;AVERSES;5;33.1;0
Lyon;45.76;4.83;29/07/2026;21:00;18.0;6;AVERSES;5;33.1;0
Lyon;45.76;4.83;29/07/2026;22:00;16.8;6;AVERSES;5;33.1;0
Lyon;45.76;4.83;29/07/2026;23:00;;6;AVERSES;;33.1;0
Lyon;45.76;4.83;30/07/2026;00:00;;6;AVERSES;;32.4;0
Lyon;45.76;4.83;30/07/2026;01:00;;6;AVERSES;;31.7;0
Lyon;45.76;4.83;30/07/2026;02:00;13.7;6;AVERSES;5;31.0;0
Lyon;45.76;4.83;30/07/2026;03:00;13.7;6;AVERSES;5;29.5;0
Lyon;45.76;4.83;30/07/2026;04:00;13.7;6;AVERSES;5;27.4;0
Lyon;45.76;4.83;30/07/2026;05:00;;6;AVERSES;;25.2;0
Lyon;45.76;4.83;30/07/2026;06:00;;6;AVERSES;;23.0;0
Lyon;45.76;4.83;30/07/2026;07:00;;6;AVERSES;;21.6;0
Lyon;45.76;4.83;30/07/2026;08:00;16.1;6;AVERSES;5;21.2;0
Lyon;45.76;4.83;30/07/2026;09:00;17.3;6;AVERSES;5;22.3;0
Lyon;45.76;4.83;30/07/2026;10:00;18.5;6;AVERSES;5;24.5;0
Lyon;45.76;4.83;30/07/2026;11:00;;6;AVERSES;;27.4;0
Lyon;45.76;4.83;30/07/2026;12:00;;6;AVERSES;;30.6;0
Lyon;45.76;4.83;30/07/2026;13:00;;6;AVERSES;;33.5;0
Lyon;45.76;4.83;30/07/2026;14:00;23.4;6;AVERSES;5;35.3;0
Lyon;45.76;4.83;30/07/2026;15:00;24.6;6;AVERSES;5;36.4;0
Lyon;45.76;4.83;30/07/2026;16:00;23.4;6;AVERSES;5;37.1;0
Lyon;45.76;4.83;30/07/2026;17:00;;6;AVERSES;;37.8;0
Lyon;45.76;4.83;30/07/2026;18:00;;6;AVERSES;;37.8;0
Lyon;45.76;4.83;30/07/2026;19:00;;6;AVERSES;;37.8;0
Lyon;45.76;4.83;30/07/2026;20:00;18.5;6;AVERSES;5;37.8;0
Lyon;45.76;4.83;30/07/2026;21:00;17.3;6;AVERSES;5;37.4;0
Lyon;45.76;4.83;30/07/2026;22:00;16.1;6;AVERSES;5;36.4;0
Lyon;45.76;4.83;30/07/2026;23:00;14.9;6;AVERSES;5;35.3;0
Lyon;45.76;4.83;31/07/2026;00:00;12;0;SOLEIL;5;26.5;0
Lyon;45.76;4.83;31/07/2026;01:00;12;0;SOLEIL;5;18.5;0
Lyon;45.76;4.83;31/07/2026;02:00;12;0;SOLEIL;5;11.2;0
Lyon;45.76;4.83;31/07/2026;03:00;12;0;SOLEIL;5;4.0;0
Lyon;45.76;4.83;31/07/2026;04:00;12;0;SOLEIL;5;4.0;0
Lyon;45.76;4.83;31/07/2026;05:00;12;0;SOLEIL;5;3.6;0
Lyon;45.76;4.83;31/07/2026;06:00;12;0;SOLEIL;5;2.9;0
Lyon;45.76;4.83;31/07/2026;07:00;13.1;0;SOLEIL;5;1.8;0
Lyon;45.76;4.83;31/07/2026;08:00;14.2;0;SOLEIL;5;2.5;0
Lyon;45.76;4.83;31/07/2026;09:00;15.3;0;SOLEIL;5;5.8;0
Lyon;45.76;4.83;31/07/2026;10:00;16.4;0;SOLEIL;5;10.8;0
Lyon;45.76;4.83;31/07/2026;11:00;17.6;0;SOLEIL;5;14.8;0
Lyon;45.76;4.83;31/07/2026;12:00;18.7;0;SOLEIL;5;17.3;0
Lyon;45.76;4.83;31/07/2026;13:00;19.8;0;SOLEIL;5;19.1;0
Lyon;45.76;4.83;31/07/2026;14:00;20.9;0;SOLEIL;5;20.2;0
Lyon;45.76;4.83;31/07/2026;15:00;22.0;0;SOLEIL;5;20.9;0
Lyon;45.76;4.83;31/07/2026;16:00;20.9;0;SOLEIL;5;20.9;0
Lyon;45.76;4.83;31/07/2026;17:00;19.8;0;SOLEIL;5;20.5;0
Lyon;45.76;4.83;31/07/2026;18:00;18.7;0;SOLEIL;5;19.8;0
Lyon;45.76;4.83;31/07/2026;19:00;17.6;0;SOLEIL;5;18.4;0
Lyon;45.76;4.83;31/07/2026;20:00;16.4;0;SOLEIL;5;16.2;0
Lyon;45.76;4.83;31/07/2026;21:00;15.3;0;SOLEIL;5;12.2;0
Lyon;45.76;4.83;31/07/2026;22:00;14.2;0;SOLEIL;5;7.6;0
Lyon;45.76;4.83;31/07/2026;23:00;13.1;0;SOLEIL;5;4.0;0
Lyon;45.76;4.83;01/08/2026;00:00;12;0;SOLEIL;5;0.0;0
Lyon;45.76;4.83;01/08/2026;01:00;12;0;SOLEIL;5;0.0;0
Lyon;45.76;4.83;01/08/2026;02:00;12;0;SOLEIL;5;0.0;0
Lyon;45.76;4.83;01/08/2026;03:00;12;0;SOLEIL;5;0.0;0
Lyon;45.76;4.83;01/08/2026;04:00;12;0;SOLEIL;5;0.0;0
Lyon;45.76;4.83;01/08/2026;05:00;12;0;SOLEIL;5;0.0;0
Lyon;45.76;4.83;01/08/2026;06:00;12;0;SOLEIL;5;0.0;0
Lyon;45.76;4.83;01/08/2026;07:00;13.1;0;SOLEIL;5;0.0;0
Lyon;45.76;4.83;01/08/2026;08:00;14.2;0;SOLEIL;5;0.0;0
Lyon;45.76;4.83;01/08/2026;09:00;15.3;0;SOLEIL;5;0.0;0
Lyon;45.76;4.83;01/08/2026;10:00;16.4;0;SOLEIL;5;0.0;0
Lyon;45.76;4.83;01/08/2026;11:00;17.6;0;SOLEIL;5;0.0;0
Lyon;45.76;4.83;01/08/2026;12:00;18.7;0;SOLEIL;5;0.0;0
Lyon;45.76;4.83;01/08/2026;13:00;19.8;0;SOLEIL;5;0.0;0
Lyon;45.76;4.83;01/08/2026;14:00;20.9;0;SOLEIL;5;0.0;0
Lyon;45.76;4.83;01/08/2026;15:00;22.0;0;SOLEIL;5;0.0;0
Lyon;45.76;4.83;01/08/2026;16:00;20.9;0;SOLEIL;5;0.0;0
Lyon;45.76;4.83;01/08/2026;17:00;19.8;0;SOLEIL;5;0.0;0
Lyon;45.76;4.83;01/08/2026;18:00;18.7;0;SOLEIL;5;0.0;0
Lyon;45.76;4.83;01/08/2026;19:00;17.6;0;SOLEIL;5;0.0;0
Lyon;45.76;4.83;01/08/2026;20:00;16.4;0;SOLEIL;5;0.0;0
Lyon;45.76;4.83;01/08/2026;21:00;15.3;0;SOLEIL;5;0.0;0
Lyon;45.76;4.83;01/08/2026;22:00;14.2;0;SOLEIL;5;0.0;0
Lyon;45.76;4.83;01/08/2026;23:00;13.1;0;SOLEIL;5;0.0;0
Bonneval-sur-Arc;45.37;7.04;17/07/2026;00:00;13.6;6;AVERSES;2;3.2;0.4
Bonneval-sur-Arc;45.37;7.04;17/07/2026;01:00;13.5;6;AVERSES;2;4.7;1.9
Bonneval-sur-Arc;45.37;7.04;17/07/2026;02:00;13.6;6;AVERSES;3;5.0;1.4
Bonneval-sur-Arc;45.37;7.04;17/07/2026;03:00;12.9;6;AVERSES;1;7.6;3.4
Bonneval-sur-Arc;45.37;7.04;17/07/2026;04:00;12.5;6;AVERSES;2;8.6;1.3
Bonneval-sur-Arc;45.37;7.04;17/07/2026;05:00;12.2;6;AVERSES;1;7.6;0.3
Bonneval-sur-Arc;45.37;7.04;17/07/2026;06:00;13;6;AVERSES;2;3.6;0.4
Bonneval-sur-Arc;45.37;7.04;17/07/2026;07:00;14.7;6;AVERSES;1;6.5;0.2
Bonneval-sur-Arc;45.37;7.04;17/07/2026;08:00;16.7;0;SOLEIL;2;11.2;0
Bonneval-sur-Arc;45.37;7.04;17/07/2026;09:00;17.6;0;SOLEIL;2;13.7;0
Bonneval-sur-Arc;45.37;7.04;17/07/2026;10:00;20.7;0;SOLEIL;3;18.0;0
Bonneval-sur-Arc;45.37;7.04;17/07/2026;11:00;20.6;0;SOLEIL;4;24.8;0
Bonneval-sur-Arc;45.37;7.04;17/07/2026;12:00;19.6;0;SOLEIL;4;31.3;0
Bonneval-sur-Arc;45.37;7.04;17/07/2026;13:00;20.2;0;SOLEIL;4;37.1;0
Bonneval-sur-Arc;45.37;7.04;17/07/2026;14:00;21.2;0;SOLEIL;3;45.0;0
Bonneval-sur-Arc;45.37;7.04;17/07/2026;15:00;21.7;0;SOLEIL;3;46.8;0
Bonneval-sur-Arc;45.37;7.04;17/07/2026;16:00;20.6;0;SOLEIL;3;43.2;0
Bonneval-sur-Arc;45.37;7.04;17/07/2026;17:00;17.7;0;SOLEIL;2;35.6;0
Bonneval-sur-Arc;45.37;7.04;17/07/2026;18:00;15.9;6;AVERSES;2;30.6;0.1
Bonneval-sur-Arc;45.37;7.04;17/07/2026;19:00;14.6;9;NEIGE;2;28.8;0.1
Bonneval-sur-Arc;45.37;7.04;17/07/2026;20:00;13.4;9;NEIGE;2;27.4;0.1
Bonneval-sur-Arc;45.37;7.04;17/07/2026;21:00;13.6;0;SOLEIL;1;11.9;0
Bonneval-sur-Arc;45.37;7.04;17/07/2026;22:00;12.5;0;SOLEIL;1;14.0;0
Bonneval-sur-Arc;45.37;7.04;17/07/2026;23:00;11.5;0;SOLEIL;1;12.2;0
Bonneval-sur-Arc;45.37;7.04;18/07/2026;00:00;11.6;0;SOLEIL;1;14.0;0
Bonneval-sur-Arc;45.37;7.04;18/07/2026;01:00;11.6;0;SOLEIL;1;16.2;0
Bonneval-sur-Arc;45.37;7.04;18/07/2026;02:00;12.4;2;NUAGEUX;3;16.9;0
Bonneval-sur-Arc;45.37;7.04;18/07/2026;03:00;12.4;2;NUAGEUX;3;16.9;0
Bonneval-sur-Arc;45.37;7.04;18/07/2026;04:00;12.4;2;NUAGEUX;3;15.8;0
Bonneval-sur-Arc;45.37;7.04;18/07/2026;05:00;13.6;0;SOLEIL;3;14.4;0
Bonneval-sur-Arc;45.37;7.04;18/07/2026;06:00;13.6;0;SOLEIL;3;13.7;0
Bonneval-sur-Arc;45.37;7.04;18/07/2026;07:00;13.6;0;SOLEIL;3;12.6;0
Bonneval-sur-Arc;45.37;7.04;18/07/2026;08:00;18.8;0;SOLEIL;3;14.0;0
Bonneval-sur-Arc;45.37;7.04;18/07/2026;09:00;18.8;0;SOLEIL;3;15.1;0
Bonneval-sur-Arc;45.37;7.04;18/07/2026;10:00;18.8;0;SOLEIL;3;16.6;0
Bonneval-sur-Arc;45.37;7.04;18/07/2026;11:00;22.1;0;SOLEIL;4;17.6;0
Bonneval-sur-Arc;45.37;7.04;18/07/2026;12:00;22.1;0;SOLEIL;4;23.6;0
Bonneval-sur-Arc;45.37;7.04;18/07/2026;13:00;22.1;0;SOLEIL;4;33.7;0
Bonneval-sur-Arc;45.37;7.04;18/07/2026;14:00;22.6;0;SOLEIL;4;40.6;0
Bonneval-sur-Arc;45.37;7.04;18/07/2026;15:00;22.6;0;SOLEIL;4;48.6;0
Bonneval-sur-Arc;45.37;7.04;18/07/2026;16:00;22.6;0;SOLEIL;4;49.7;0
Bonneval-sur-Arc;45.37;7.04;18/07/2026;17:00;17.6;0;SOLEIL;3;51.8;0
Bonneval-sur-Arc;45.37;7.04;18/07/2026;18:00;17.6;0;SOLEIL;3;53.3;0
Bonneval-sur-Arc;45.37;7.04;18/07/2026;19:00;17.6;0;SOLEIL;3;47.9;0
Bonneval-sur-Arc;45.37;7.04;18/07/2026;20:00;14.8;0;SOLEIL;3;42.5;0
Bonneval-sur-Arc;45.37;7.04;18/07/2026;21:00;14.8;0;SOLEIL;3;43.9;0
Bonneval-sur-Arc;45.37;7.04;18/07/2026;22:00;14.8;0;SOLEIL;3;42.5;0
Bonneval-sur-Arc;45.37;7.04;18/07/2026;23:00;12.8;0;SOLEIL;3;37.8;0
Bonneval-sur-Arc;45.37;7.04;19/07/2026;00:00;12.8;0;SOLEIL;3;35.3;0
Bonneval-sur-Arc;45.37;7.04;19/07/2026;01:00;12.8;0;SOLEIL;3;33.1;0
Bonneval-sur-Arc;45.37;7.04;19/07/2026;02:00;11.7;0;SOLEIL;3;31.0;0
Bonneval-sur-Arc;45.37;7.04;19/07/2026;03:00;11.7;0;SOLEIL;3;29.2;0
Bonneval-sur-Arc;45.37;7.04;19/07/2026;04:00;11.7;0;SOLEIL;3;31.7;0
Bonneval-sur-Arc;45.37;7.04;19/07/2026;05:00;14.5;0;SOLEIL;3;31.0;0
Bonneval-sur-Arc;45.37;7.04;19/07/2026;06:00;14.5;0;SOLEIL;3;29.5;0
Bonneval-sur-Arc;45.37;7.04;19/07/2026;07:00;14.5;0;SOLEIL;3;30.6;0
Bonneval-sur-Arc;45.37;7.04;19/07/2026;08:00;18.4;0;SOLEIL;3;31.7;0
Bonneval-sur-Arc;45.37;7.04;19/07/2026;09:00;18.4;0;SOLEIL;3;35.6;0
Bonneval-sur-Arc;45.37;7.04;19/07/2026;10:00;18.4;0;SOLEIL;3;36.4;0
Bonneval-sur-Arc;45.37;7.04;19/07/2026;11:00;21.2;0;SOLEIL;4;34.2;0
Bonneval-sur-Arc;45.37;7.04;19/07/2026;12:00;21.2;0;SOLEIL;4;30.6;0
Bonneval-sur-Arc;45.37;7.04;19/07/2026;13:00;21.2;0;SOLEIL;4;29.2;0
Bonneval-sur-Arc;45.37;7.04;19/07/2026;14:00;21.5;0;SOLEIL;4;32.0;0
Bonneval-sur-Arc;45.37;7.04;19/07/2026;15:00;21.5;0;SOLEIL;4;44.3;0
Bonneval-sur-Arc;45.37;7.04;19/07/2026;16:00;21.5;0;SOLEIL;4;44.6;0
Bonneval-sur-Arc;45.37;7.04;19/07/2026;17:00;17;0;SOLEIL;3;40.0;0
Bonneval-sur-Arc;45.37;7.04;19/07/2026;18:00;17;0;SOLEIL;3;38.9;0
Bonneval-sur-Arc;45.37;7.04;19/07/2026;19:00;17;0;SOLEIL;3;37.1;0
Bonneval-sur-Arc;45.37;7.04;19/07/2026;20:00;16.2;0;SOLEIL;5;32.8;0
Bonneval-sur-Arc;45.37;7.04;19/07/2026;21:00;15.0;0;SOLEIL;5;31.3;0
Bonneval-sur-Arc;45.37;7.04;19/07/2026;22:00;13.7;0;SOLEIL;5;30.2;0
Bonneval-sur-Arc;45.37;7.04;19/07/2026;23:00;12.5;0;SOLEIL;3;29.5;0
Bonneval-sur-Arc;45.37;7.04;20/07/2026;00:00;12.5;0;SOLEIL;3;28.4;0
Bonneval-sur-Arc;45.37;7.04;20/07/2026;01:00;12.5;0;SOLEIL;3;27.7;0
Bonneval-sur-Arc;45.37;7.04;20/07/2026;02:00;8.2;0;SOLEIL;5;27.0;0
Bonneval-sur-Arc;45.37;7.04;20/07/2026;03:00;8.2;0;SOLEIL;5;26.6;0
Bonneval-sur-Arc;45.37;7.04;20/07/2026;04:00;8.2;0;SOLEIL;5;26.3;0
Bonneval-sur-Arc;45.37;7.04;20/07/2026;05:00;11.5;0;SOLEIL;1;26.3;0
Bonneval-sur-Arc;45.37;7.04;20/07/2026;06:00;11.5;0;SOLEIL;1;26.3;0
Bonneval-sur-Arc;45.37;7.04;20/07/2026;07:00;11.5;0;SOLEIL;1;26.6;0
Bonneval-sur-Arc;45.37;7.04;20/07/2026;08:00;11.1;0;SOLEIL;5;27.7;0
Bonneval-sur-Arc;45.37;7.04;20/07/2026;09:00;12.6;0;SOLEIL;5;30.6;0
Bonneval-sur-Arc;45.37;7.04;20/07/2026;10:00;14.0;0;SOLEIL;5;34.2;0
Bonneval-sur-Arc;45.37;7.04;20/07/2026;11:00;20.4;0;SOLEIL;4;37.4;0
Bonneval-sur-Arc;45.37;7.04;20/07/2026;12:00;20.4;0;SOLEIL;4;40.3;0
Bonneval-sur-Arc;45.37;7.04;20/07/2026;13:00;20.4;0;SOLEIL;4;43.2;0
Bonneval-sur-Arc;45.37;7.04;20/07/2026;14:00;19.8;0;SOLEIL;5;44.3;0
Bonneval-sur-Arc;45.37;7.04;20/07/2026;15:00;21.3;0;SOLEIL;5;43.2;0
Bonneval-sur-Arc;45.37;7.04;20/07/2026;16:00;19.8;0;SOLEIL;5;41.0;0
Bonneval-sur-Arc;45.37;7.04;20/07/2026;17:00;16.2;0;SOLEIL;3;38.2;0
Bonneval-sur-Arc;45.37;7.04;20/07/2026;18:00;16.2;0;SOLEIL;3;35.3;0
Bonneval-sur-Arc;45.37;7.04;20/07/2026;19:00;16.2;0;SOLEIL;3;32.0;0
Bonneval-sur-Arc;45.37;7.04;20/07/2026;20:00;14.0;0;SOLEIL;5;29.2;0
Bonneval-sur-Arc;45.37;7.04;20/07/2026;21:00;12.6;0;SOLEIL;5;26.6;0
Bonneval-sur-Arc;45.37;7.04;20/07/2026;22:00;11.1;0;SOLEIL;5;24.5;0
Bonneval-sur-Arc;45.37;7.04;20/07/2026;23:00;9.4;0;SOLEIL;1;22.7;0
Bonneval-sur-Arc;45.37;7.04;21/07/2026;00:00;9.4;0;SOLEIL;1;22.0;0
Bonneval-sur-Arc;45.37;7.04;21/07/2026;01:00;9.4;0;SOLEIL;1;21.6;0
Bonneval-sur-Arc;45.37;7.04;21/07/2026;02:00;7.8;0;SOLEIL;5;21.6;0
Bonneval-sur-Arc;45.37;7.04;21/07/2026;03:00;7.8;0;SOLEIL;5;21.6;0
Bonneval-sur-Arc;45.37;7.04;21/07/2026;04:00;7.8;0;SOLEIL;5;21.6;0
Bonneval-sur-Arc;45.37;7.04;21/07/2026;05:00;11;0;SOLEIL;1;21.6;0
Bonneval-sur-Arc;45.37;7.04;21/07/2026;06:00;11;0;SOLEIL;1;22.0;0
Bonneval-sur-Arc;45.37;7.04;21/07/2026;07:00;11;0;SOLEIL;1;22.3;0
Bonneval-sur-Arc;45.37;7.04;21/07/2026;08:00;10.6;0;SOLEIL;5;23.0;0
Bonneval-sur-Arc;45.37;7.04;21/07/2026;09:00;12.0;0;SOLEIL;5;24.8;0
Bonneval-sur-Arc;45.37;7.04;21/07/2026;10:00;13.4;0;SOLEIL;5;27.0;0
Bonneval-sur-Arc;45.37;7.04;21/07/2026;11:00;19.5;0;SOLEIL;3;28.4;0
Bonneval-sur-Arc;45.37;7.04;21/07/2026;12:00;19.5;0;SOLEIL;3;30.4;0
Bonneval-sur-Arc;45.37;7.04;21/07/2026;13:00;19.5;0;SOLEIL;3;31.9;0
Bonneval-sur-Arc;45.37;7.04;21/07/2026;14:00;19.1;0;SOLEIL;5;33.0;0
Bonneval-sur-Arc;45.37;7.04;21/07/2026;15:00;20.5;0;SOLEIL;5;33.8;0
Bonneval-sur-Arc;45.37;7.04;21/07/2026;16:00;19.1;0;SOLEIL;5;32.4;0
Bonneval-sur-Arc;45.37;7.04;21/07/2026;17:00;15.3;0;SOLEIL;3;31.3;0
Bonneval-sur-Arc;45.37;7.04;21/07/2026;18:00;15.3;0;SOLEIL;3;30.6;0
Bonneval-sur-Arc;45.37;7.04;21/07/2026;19:00;15.3;0;SOLEIL;3;30.2;0
Bonneval-sur-Arc;45.37;7.04;21/07/2026;20:00;13.4;0;SOLEIL;5;28.8;0
Bonneval-sur-Arc;45.37;7.04;21/07/2026;21:00;12.0;0;SOLEIL;5;25.6;0
Bonneval-sur-Arc;45.37;7.04;21/07/2026;22:00;10.6;0;SOLEIL;5;21.2;0
Bonneval-sur-Arc;45.37;7.04;21/07/2026;23:00;9.1;0;SOLEIL;0;18.0;0
Bonneval-sur-Arc;45.37;7.04;22/07/2026;00:00;9.1;0;SOLEIL;0;16.9;0
Bonneval-sur-Arc;45.37;7.04;22/07/2026;01:00;9.1;0;SOLEIL;0;16.6;0
Bonneval-sur-Arc;45.37;7.04;22/07/2026;02:00;7.5;0;SOLEIL;5;17.3;0
Bonneval-sur-Arc;45.37;7.04;22/07/2026;03:00;7.5;0;SOLEIL;5;18.7;0
Bonneval-sur-Arc;45.37;7.04;22/07/2026;04:00;7.5;0;SOLEIL;5;20.9;0
Bonneval-sur-Arc;45.37;7.04;22/07/2026;05:00;10.3;0;SOLEIL;1;23.4;0
Bonneval-sur-Arc;45.37;7.04;22/07/2026;06:00;10.3;0;SOLEIL;1;25.6;0
Bonneval-sur-Arc;45.37;7.04;22/07/2026;07:00;10.3;0;SOLEIL;1;28.1;0
Bonneval-sur-Arc;45.37;7.04;22/07/2026;08:00;10.2;0;SOLEIL;5;30.6;0
Bonneval-sur-Arc;45.37;7.04;22/07/2026;09:00;11.6;0;SOLEIL;5;33.1;0
Bonneval-sur-Arc;45.37;7.04;22/07/2026;10:00;12.9;0;SOLEIL;5;35.6;0
Bonneval-sur-Arc;45.37;7.04;22/07/2026;11:00;18.9;0;SOLEIL;4;37.4;0
Bonneval-sur-Arc;45.37;7.04;22/07/2026;12:00;18.9;0;SOLEIL;4;38.9;0
Bonneval-sur-Arc;45.37;7.04;22/07/2026;13:00;18.9;0;SOLEIL;4;39.6;0
Bonneval-sur-Arc;45.37;7.04;22/07/2026;14:00;18.3;0;SOLEIL;5;40.0;0
Bonneval-sur-Arc;45.37;7.04;22/07/2026;15:00;19.7;0;SOLEIL;5;40.0;0
Bonneval-sur-Arc;45.37;7.04;22/07/2026;16:00;18.3;0;SOLEIL;5;39.2;0
Bonneval-sur-Arc;45.37;7.04;22/07/2026;17:00;15.6;0;SOLEIL;3;37.8;0
Bonneval-sur-Arc;45.37;7.04;22/07/2026;18:00;15.6;0;SOLEIL;3;35.3;0
Bonneval-sur-Arc;45.37;7.04;22/07/2026;19:00;15.6;0;SOLEIL;3;32.0;0
Bonneval-sur-Arc;45.37;7.04;22/07/2026;20:00;12.9;0;SOLEIL;5;28.8;0
Bonneval-sur-Arc;45.37;7.04;22/07/2026;21:00;11.6;0;SOLEIL;5;25.9;0
Bonneval-sur-Arc;45.37;7.04;22/07/2026;22:00;10.2;0;SOLEIL;5;23.4;0
Bonneval-sur-Arc;45.37;7.04;22/07/2026;23:00;9;0;SOLEIL;2;22.0;0
Bonneval-sur-Arc;45.37;7.04;23/07/2026;00:00;9;0;SOLEIL;2;22.0;0
Bonneval-sur-Arc;45.37;7.04;23/07/2026;01:00;9;0;SOLEIL;2;23.0;0
Bonneval-sur-Arc;45.37;7.04;23/07/2026;02:00;7;0;SOLEIL;5;24.1;0
Bonneval-sur-Arc;45.37;7.04;23/07/2026;03:00;7;0;SOLEIL;5;25.6;0
Bonneval-sur-Arc;45.37;7.04;23/07/2026;04:00;7;0;SOLEIL;5;27.4;0
Bonneval-sur-Arc;45.37;7.04;23/07/2026;05:00;9.8;0;SOLEIL;2;28.8;0
Bonneval-sur-Arc;45.37;7.04;23/07/2026;06:00;9.8;0;SOLEIL;2;29.9;0
Bonneval-sur-Arc;45.37;7.04;23/07/2026;07:00;9.8;0;SOLEIL;2;30.6;0
Bonneval-sur-Arc;45.37;7.04;23/07/2026;08:00;9.8;0;SOLEIL;5;31.7;0
Bonneval-sur-Arc;45.37;7.04;23/07/2026;09:00;11.1;0;SOLEIL;5;34.2;0
Bonneval-sur-Arc;45.37;7.04;23/07/2026;10:00;12.5;0;SOLEIL;5;36.7;0
Bonneval-sur-Arc;45.37;7.04;23/07/2026;11:00;18.9;0;SOLEIL;4;38.5;0
Bonneval-sur-Arc;45.37;7.04;23/07/2026;12:00;18.9;0;SOLEIL;4;38.2;0
Bonneval-sur-Arc;45.37;7.04;23/07/2026;13:00;18.9;0;SOLEIL;4;36.7;0
Bonneval-sur-Arc;45.37;7.04;23/07/2026;14:00;18.0;0;SOLEIL;5;35.6;0
Bonneval-sur-Arc;45.37;7.04;23/07/2026;15:00;19.4;0;SOLEIL;5;35.6;0
Bonneval-sur-Arc;45.37;7.04;23/07/2026;16:00;18.0;0;SOLEIL;5;36.0;0
Bonneval-sur-Arc;45.37;7.04;23/07/2026;17:00;14.3;0;SOLEIL;3;36.0;0
Bonneval-sur-Arc;45.37;7.04;23/07/2026;18:00;14.3;0;SOLEIL;3;34.9;0
Bonneval-sur-Arc;45.37;7.04;23/07/2026;19:00;14.3;0;SOLEIL;3;33.1;0
Bonneval-sur-Arc;45.37;7.04;23/07/2026;20:00;12.5;0;SOLEIL;5;31.7;0
Bonneval-sur-Arc;45.37;7.04;23/07/2026;21:00;11.1;0;SOLEIL;5;31.0;0
Bonneval-sur-Arc;45.37;7.04;23/07/2026;22:00;9.8;0;SOLEIL;5;30.6;0
Bonneval-sur-Arc;45.37;7.04;23/07/2026;23:00;8.7;0;SOLEIL;0;29.5;0
Bonneval-sur-Arc;45.37;7.04;24/07/2026;00:00;8.7;0;SOLEIL;0;32.4;0
Bonneval-sur-Arc;45.37;7.04;24/07/2026;01:00;8.7;0;SOLEIL;0;33.1;0
Bonneval-sur-Arc;45.37;7.04;24/07/2026;02:00;7.6;0;SOLEIL;5;33.2;0
Bonneval-sur-Arc;45.37;7.04;24/07/2026;03:00;7.6;0;SOLEIL;5;33.1;0
Bonneval-sur-Arc;45.37;7.04;24/07/2026;04:00;7.6;0;SOLEIL;5;30.2;0
Bonneval-sur-Arc;45.37;7.04;24/07/2026;05:00;10.6;0;SOLEIL;1;27.7;0
Bonneval-sur-Arc;45.37;7.04;24/07/2026;06:00;10.6;0;SOLEIL;1;25.9;0
Bonneval-sur-Arc;45.37;7.04;24/07/2026;07:00;10.6;0;SOLEIL;1;25.2;0
Bonneval-sur-Arc;45.37;7.04;24/07/2026;08:00;10.4;0;SOLEIL;5;25.2;0
Bonneval-sur-Arc;45.37;7.04;24/07/2026;09:00;11.8;0;SOLEIL;5;26.6;0
Bonneval-sur-Arc;45.37;7.04;24/07/2026;10:00;13.2;0;SOLEIL;5;29.2;0
Bonneval-sur-Arc;45.37;7.04;24/07/2026;11:00;19.6;0;SOLEIL;4;32.4;0
Bonneval-sur-Arc;45.37;7.04;24/07/2026;12:00;19.6;0;SOLEIL;4;36.0;0
Bonneval-sur-Arc;45.37;7.04;24/07/2026;13:00;19.6;0;SOLEIL;4;39.6;0
Bonneval-sur-Arc;45.37;7.04;24/07/2026;14:00;18.9;0;SOLEIL;5;42.8;0
Bonneval-sur-Arc;45.37;7.04;24/07/2026;15:00;20.3;0;SOLEIL;5;45.7;0
Bonneval-sur-Arc;45.37;7.04;24/07/2026;16:00;18.9;0;SOLEIL;5;48.6;0
Bonneval-sur-Arc;45.37;7.04;24/07/2026;17:00;16.1;0;SOLEIL;3;51.5;0
Bonneval-sur-Arc;45.37;7.04;24/07/2026;18:00;16.1;0;SOLEIL;3;54.0;0
Bonneval-sur-Arc;45.37;7.04;24/07/2026;19:00;16.1;0;SOLEIL;3;55.8;0
Bonneval-sur-Arc;45.37;7.04;24/07/2026;20:00;13.2;0;SOLEIL;5;57.2;0
Bonneval-sur-Arc;45.37;7.04;24/07/2026;21:00;11.8;0;SOLEIL;5;58.0;0
Bonneval-sur-Arc;45.37;7.04;24/07/2026;22:00;10.4;0;SOLEIL;5;57.6;0
Bonneval-sur-Arc;45.37;7.04;24/07/2026;23:00;10.9;0;SOLEIL;1;57.2;0
Bonneval-sur-Arc;45.37;7.04;25/07/2026;00:00;10.9;0;SOLEIL;1;56.2;0
Bonneval-sur-Arc;45.37;7.04;25/07/2026;01:00;10.9;0;SOLEIL;1;55.1;0
Bonneval-sur-Arc;45.37;7.04;25/07/2026;02:00;9.5;0;SOLEIL;5;53.6;0
Bonneval-sur-Arc;45.37;7.04;25/07/2026;03:00;9.5;0;SOLEIL;5;51.5;0
Bonneval-sur-Arc;45.37;7.04;25/07/2026;04:00;9.5;0;SOLEIL;5;49.0;0
Bonneval-sur-Arc;45.37;7.04;25/07/2026;05:00;12.4;0;SOLEIL;1;45.7;0
Bonneval-sur-Arc;45.37;7.04;25/07/2026;06:00;12.4;0;SOLEIL;1;42.8;0
Bonneval-sur-Arc;45.37;7.04;25/07/2026;07:00;12.4;0;SOLEIL;1;41.0;0
Bonneval-sur-Arc;45.37;7.04;25/07/2026;08:00;11.9;0;SOLEIL;5;40.7;0
Bonneval-sur-Arc;45.37;7.04;25/07/2026;09:00;13.0;0;SOLEIL;5;42.1;0
Bonneval-sur-Arc;45.37;7.04;25/07/2026;10:00;14.2;0;SOLEIL;5;45.4;0
Bonneval-sur-Arc;45.37;7.04;25/07/2026;11:00;18.8;0;SOLEIL;4;49.7;0
Bonneval-sur-Arc;45.37;7.04;25/07/2026;12:00;18.8;0;SOLEIL;4;54.0;0
Bonneval-sur-Arc;45.37;7.04;25/07/2026;13:00;18.8;0;SOLEIL;4;57.6;0
Bonneval-sur-Arc;45.37;7.04;25/07/2026;14:00;18.9;0;SOLEIL;5;60.5;0
Bonneval-sur-Arc;45.37;7.04;25/07/2026;15:00;20.1;0;SOLEIL;5;62.3;0
Bonneval-sur-Arc;45.37;7.04;25/07/2026;16:00;18.9;0;SOLEIL;5;63.4;0
Bonneval-sur-Arc;45.37;7.04;25/07/2026;17:00;16.8;6;AVERSES;3;64.1;0
Bonneval-sur-Arc;45.37;7.04;25/07/2026;18:00;16.8;6;AVERSES;3;64.4;0
Bonneval-sur-Arc;45.37;7.04;25/07/2026;19:00;16.8;6;AVERSES;3;64.4;0
Bonneval-sur-Arc;45.37;7.04;25/07/2026;20:00;14.2;0;SOLEIL;5;63.7;0
Bonneval-sur-Arc;45.37;7.04;25/07/2026;21:00;13.0;0;SOLEIL;5;61.9;0
Bonneval-sur-Arc;45.37;7.04;25/07/2026;22:00;11.9;0;SOLEIL;5;59.4;0
Bonneval-sur-Arc;45.37;7.04;25/07/2026;23:00;11.2;0;SOLEIL;1;55.8;0
Bonneval-sur-Arc;45.37;7.04;26/07/2026;00:00;11.2;0;SOLEIL;1;52.6;0
Bonneval-sur-Arc;45.37;7.04;26/07/2026;01:00;11.2;0;SOLEIL;1;50.0;0
Bonneval-sur-Arc;45.37;7.04;26/07/2026;02:00;9.1;6;AVERSES;5;49.0;0
Bonneval-sur-Arc;45.37;7.04;26/07/2026;03:00;9.1;6;AVERSES;5;49.3;0
Bonneval-sur-Arc;45.37;7.04;26/07/2026;04:00;9.1;6;AVERSES;5;50.8;0
Bonneval-sur-Arc;45.37;7.04;26/07/2026;05:00;;6;AVERSES;;53.3;0
Bonneval-sur-Arc;45.37;7.04;26/07/2026;06:00;;6;AVERSES;;55.4;0
Bonneval-sur-Arc;45.37;7.04;26/07/2026;07:00;;6;AVERSES;;57.6;0
Bonneval-sur-Arc;45.37;7.04;26/07/2026;08:00;11.2;6;AVERSES;5;58.7;0
Bonneval-sur-Arc;45.37;7.04;26/07/2026;09:00;12.2;6;AVERSES;5;58.3;0
Bonneval-sur-Arc;45.37;7.04;26/07/2026;10:00;13.2;6;AVERSES;5;57.2;0
Bonneval-sur-Arc;45.37;7.04;26/07/2026;11:00;;6;AVERSES;;55.8;0
Bonneval-sur-Arc;45.37;7.04;26/07/2026;12:00;;6;AVERSES;;54.4;0
Bonneval-sur-Arc;45.37;7.04;26/07/2026;13:00;;6;AVERSES;;53.6;0
Bonneval-sur-Arc;45.37;7.04;26/07/2026;14:00;17.4;6;AVERSES;5;54.0;0
Bonneval-sur-Arc;45.37;7.04;26/07/2026;15:00;18.4;6;AVERSES;5;55.8;0
Bonneval-sur-Arc;45.37;7.04;26/07/2026;16:00;17.4;6;AVERSES;5;58.7;0
Bonneval-sur-Arc;45.37;7.04;26/07/2026;17:00;;6;AVERSES;;62.3;0
Bonneval-sur-Arc;45.37;7.04;26/07/2026;18:00;;6;AVERSES;;65.9;0
Bonneval-sur-Arc;45.37;7.04;26/07/2026;19:00;;6;AVERSES;;69.1;0
Bonneval-sur-Arc;45.37;7.04;26/07/2026;20:00;13.2;6;AVERSES;5;70.9;0
Bonneval-sur-Arc;45.37;7.04;26/07/2026;21:00;12.2;6;AVERSES;5;71.6;0
Bonneval-sur-Arc;45.37;7.04;26/07/2026;22:00;11.2;6;AVERSES;5;71.6;0
Bonneval-sur-Arc;45.37;7.04;26/07/2026;23:00;;6;AVERSES;;71.3;0
Bonneval-sur-Arc;45.37;7.04;27/07/2026;00:00;;6;AVERSES;;70.6;0
Bonneval-sur-Arc;45.37;7.04;27/07/2026;01:00;;6;AVERSES;;69.5;0
Bonneval-sur-Arc;45.37;7.04;27/07/2026;02:00;8.1;6;AVERSES;5;68.0;0
Bonneval-sur-Arc;45.37;7.04;27/07/2026;03:00;8.1;6;AVERSES;5;66.6;0
Bonneval-sur-Arc;45.37;7.04;27/07/2026;04:00;8.1;6;AVERSES;5;64.4;0
Bonneval-sur-Arc;45.37;7.04;27/07/2026;05:00;;6;AVERSES;;62.3;0
Bonneval-sur-Arc;45.37;7.04;27/07/2026;06:00;;6;AVERSES;;60.1;0
Bonneval-sur-Arc;45.37;7.04;27/07/2026;07:00;;6;AVERSES;;57.6;0
Bonneval-sur-Arc;45.37;7.04;27/07/2026;08:00;10.6;6;AVERSES;5;55.1;0
Bonneval-sur-Arc;45.37;7.04;27/07/2026;09:00;11.8;6;AVERSES;5;52.6;0
Bonneval-sur-Arc;45.37;7.04;27/07/2026;10:00;13.0;6;AVERSES;5;49.3;0
Bonneval-sur-Arc;45.37;7.04;27/07/2026;11:00;;6;AVERSES;;46.1;0
Bonneval-sur-Arc;45.37;7.04;27/07/2026;12:00;;6;AVERSES;;43.2;0
Bonneval-sur-Arc;45.37;7.04;27/07/2026;13:00;;6;AVERSES;;41.0;0
Bonneval-sur-Arc;45.37;7.04;27/07/2026;14:00;18.0;6;AVERSES;5;39.2;0
Bonneval-sur-Arc;45.37;7.04;27/07/2026;15:00;19.2;6;AVERSES;5;38.9;0
Bonneval-sur-Arc;45.37;7.04;27/07/2026;16:00;18.0;6;AVERSES;5;39.2;0
Bonneval-sur-Arc;45.37;7.04;27/07/2026;17:00;;6;AVERSES;;40.0;0
Bonneval-sur-Arc;45.37;7.04;27/07/2026;18:00;;6;AVERSES;;41.0;0
Bonneval-sur-Arc;45.37;7.04;27/07/2026;19:00;;6;AVERSES;;41.8;0
Bonneval-sur-Arc;45.37;7.04;27/07/2026;20:00;13.0;6;AVERSES;5;41.4;0
Bonneval-sur-Arc;45.37;7.04;27/07/2026;21:00;11.8;6;AVERSES;5;40.3;0
Bonneval-sur-Arc;45.37;7.04;27/07/2026;22:00;10.6;6;AVERSES;5;38.2;0
Bonneval-sur-Arc;45.37;7.04;27/07/2026;23:00;;6;AVERSES;;36.0;0
Bonneval-sur-Arc;45.37;7.04;28/07/2026;00:00;;6;AVERSES;;33.5;0
Bonneval-sur-Arc;45.37;7.04;28/07/2026;01:00;;6;AVERSES;;31.3;0
Bonneval-sur-Arc;45.37;7.04;28/07/2026;02:00;9.4;6;AVERSES;5;29.5;0
Bonneval-sur-Arc;45.37;7.04;28/07/2026;03:00;9.4;6;AVERSES;5;27.7;0
Bonneval-sur-Arc;45.37;7.04;28/07/2026;04:00;9.4;6;AVERSES;5;25.9;0
Bonneval-sur-Arc;45.37;7.04;28/07/2026;05:00;;6;AVERSES;;23.8;0
Bonneval-sur-Arc;45.37;7.04;28/07/2026;06:00;;6;AVERSES;;22.7;0
Bonneval-sur-Arc;45.37;7.04;28/07/2026;07:00;;6;AVERSES;;22.0;0
Bonneval-sur-Arc;45.37;7.04;28/07/2026;08:00;11.9;6;AVERSES;5;22.7;0
Bonneval-sur-Arc;45.37;7.04;28/07/2026;09:00;13.1;6;AVERSES;5;25.2;0
Bonneval-sur-Arc;45.37;7.04;28/07/2026;10:00;14.3;6;AVERSES;5;29.2;0
Bonneval-sur-Arc;45.37;7.04;28/07/2026;11:00;;6;AVERSES;;33.8;0
Bonneval-sur-Arc;45.37;7.04;28/07/2026;12:00;;6;AVERSES;;38.9;0
Bonneval-sur-Arc;45.37;7.04;28/07/2026;13:00;;6;AVERSES;;43.2;0
Bonneval-sur-Arc;45.37;7.04;28/07/2026;14:00;19.3;6;AVERSES;5;46.1;0
Bonneval-sur-Arc;45.37;7.04;28/07/2026;15:00;20.5;6;AVERSES;5;47.9;0
Bonneval-sur-Arc;45.37;7.04;28/07/2026;16:00;19.3;6;AVERSES;5;49.3;0
Bonneval-sur-Arc;45.37;7.04;28/07/2026;17:00;;6;AVERSES;;50.4;0
Bonneval-sur-Arc;45.37;7.04;28/07/2026;18:00;;6;AVERSES;;50.4;0
Bonneval-sur-Arc;45.37;7.04;28/07/2026;19:00;;6;AVERSES;;50.0;0
Bonneval-sur-Arc;45.37;7.04;28/07/2026;20:00;14.3;6;AVERSES;5;48.6;0
Bonneval-sur-Arc;45.37;7.04;28/07/2026;21:00;13.1;6;AVERSES;5;45.7;0
Bonneval-sur-Arc;45.37;7.04;28/07/2026;22:00;11.9;6;AVERSES;5;41.8;0
Bonneval-sur-Arc;45.37;7.04;28/07/2026;23:00;;6;AVERSES;;37.1;0
Bonneval-sur-Arc;45.37;7.04;29/07/2026;00:00;;6;AVERSES;;32.0;0
Bonneval-sur-Arc;45.37;7.04;29/07/2026;01:00;;6;AVERSES;;27.4;0
Bonneval-sur-Arc;45.37;7.04;29/07/2026;02:00;9.2;6;AVERSES;5;24.1;0
Bonneval-sur-Arc;45.37;7.04;29/07/2026;03:00;9.2;6;AVERSES;5;21.6;0
Bonneval-sur-Arc;45.37;7.04;29/07/2026;04:00;9.2;6;AVERSES;5;19.8;0
Bonneval-sur-Arc;45.37;7.04;29/07/2026;05:00;;6;AVERSES;;18.4;0
Bonneval-sur-Arc;45.37;7.04;29/07/2026;06:00;;6;AVERSES;;17.3;0
Bonneval-sur-Arc;45.37;7.04;29/07/2026;07:00;;6;AVERSES;;16.9;0
Bonneval-sur-Arc;45.37;7.04;29/07/2026;08:00;11.9;6;AVERSES;5;16.9;0
Bonneval-sur-Arc;45.37;7.04;29/07/2026;09:00;13.3;6;AVERSES;5;18.0;0
Bonneval-sur-Arc;45.37;7.04;29/07/2026;10:00;14.7;6;AVERSES;5;20.2;0
Bonneval-sur-Arc;45.37;7.04;29/07/2026;11:00;;6;AVERSES;;22.7;0
Bonneval-sur-Arc;45.37;7.04;29/07/2026;12:00;;6;AVERSES;;25.6;0
Bonneval-sur-Arc;45.37;7.04;29/07/2026;13:00;;6;AVERSES;;28.1;0
Bonneval-sur-Arc;45.37;7.04;29/07/2026;14:00;20.1;6;AVERSES;5;29.5;0
Bonneval-sur-Arc;45.37;7.04;29/07/2026;15:00;21.5;6;AVERSES;5;30.2;0
Bonneval-sur-Arc;45.37;7.04;29/07/2026;16:00;20.1;6;AVERSES;5;31.0;0
Bonneval-sur-Arc;45.37;7.04;29/07/2026;17:00;;6;AVERSES;;31.3;0
Bonneval-sur-Arc;45.37;7.04;29/07/2026;18:00;;6;AVERSES;;31.0;0
Bonneval-sur-Arc;45.37;7.04;29/07/2026;19:00;;6;AVERSES;;30.6;0
Bonneval-sur-Arc;45.37;7.04;29/07/2026;20:00;14.7;6;AVERSES;5;29.5;0
Bonneval-sur-Arc;45.37;7.04;29/07/2026;21:00;13.3;6;AVERSES;5;27.7;0
Bonneval-sur-Arc;45.37;7.04;29/07/2026;22:00;11.9;6;AVERSES;5;25.2;0
Bonneval-sur-Arc;45.37;7.04;29/07/2026;23:00;;6;AVERSES;;22.0;0
Bonneval-sur-Arc;45.37;7.04;30/07/2026;00:00;;6;AVERSES;;19.1;0
Bonneval-sur-Arc;45.37;7.04;30/07/2026;01:00;;6;AVERSES;;16.6;0
Bonneval-sur-Arc;45.37;7.04;30/07/2026;02:00;10.4;6;AVERSES;5;15.1;0
Bonneval-sur-Arc;45.37;7.04;30/07/2026;03:00;10.4;6;AVERSES;5;14.8;0
Bonneval-sur-Arc;45.37;7.04;30/07/2026;04:00;10.4;6;AVERSES;5;15.1;0
Bonneval-sur-Arc;45.37;7.04;30/07/2026;05:00;;6;AVERSES;;15.8;0
Bonneval-sur-Arc;45.37;7.04;30/07/2026;06:00;;6;AVERSES;;16.9;0
Bonneval-sur-Arc;45.37;7.04;30/07/2026;07:00;;6;AVERSES;;18.0;0
Bonneval-sur-Arc;45.37;7.04;30/07/2026;08:00;12.6;6;AVERSES;5;18.7;0
Bonneval-sur-Arc;45.37;7.04;30/07/2026;09:00;13.8;6;AVERSES;5;19.1;0
Bonneval-sur-Arc;45.37;7.04;30/07/2026;10:00;14.9;6;AVERSES;5;19.1;0
Bonneval-sur-Arc;45.37;7.04;30/07/2026;11:00;;6;AVERSES;;19.4;0
Bonneval-sur-Arc;45.37;7.04;30/07/2026;12:00;;6;AVERSES;;19.4;0
Bonneval-sur-Arc;45.37;7.04;30/07/2026;13:00;;6;AVERSES;;20.5;0
Bonneval-sur-Arc;45.37;7.04;30/07/2026;14:00;19.4;6;AVERSES;5;22.0;0
Bonneval-sur-Arc;45.37;7.04;30/07/2026;15:00;20.5;6;AVERSES;5;24.8;0
Bonneval-sur-Arc;45.37;7.04;30/07/2026;16:00;19.4;6;AVERSES;5;28.4;0
Bonneval-sur-Arc;45.37;7.04;30/07/2026;17:00;;6;AVERSES;;32.8;0
Bonneval-sur-Arc;45.37;7.04;30/07/2026;18:00;;6;AVERSES;;36.7;0
Bonneval-sur-Arc;45.37;7.04;30/07/2026;19:00;;6;AVERSES;;40.3;0
Bonneval-sur-Arc;45.37;7.04;30/07/2026;20:00;14.9;6;AVERSES;5;42.5;0
Bonneval-sur-Arc;45.37;7.04;30/07/2026;21:00;13.8;6;AVERSES;5;43.2;0
Bonneval-sur-Arc;45.37;7.04;30/07/2026;22:00;12.6;6;AVERSES;5;42.5;0
Bonneval-sur-Arc;45.37;7.04;30/07/2026;23:00;11.5;6;AVERSES;5;41.4;0
Bonneval-sur-Arc;45.37;7.04;31/07/2026;00:00;12;0;SOLEIL;5;32.9;0
Bonneval-sur-Arc;45.37;7.04;31/07/2026;01:00;12;0;SOLEIL;5;25.9;0
Bonneval-sur-Arc;45.37;7.04;31/07/2026;02:00;12;0;SOLEIL;5;20.0;0
Bonneval-sur-Arc;45.37;7.04;31/07/2026;03:00;12;0;SOLEIL;5;13.0;0
Bonneval-sur-Arc;45.37;7.04;31/07/2026;04:00;12;0;SOLEIL;5;10.8;0
Bonneval-sur-Arc;45.37;7.04;31/07/2026;05:00;12;0;SOLEIL;5;8.6;0
Bonneval-sur-Arc;45.37;7.04;31/07/2026;06:00;12;0;SOLEIL;5;7.2;0
Bonneval-sur-Arc;45.37;7.04;31/07/2026;07:00;13.1;0;SOLEIL;5;6.1;0
Bonneval-sur-Arc;45.37;7.04;31/07/2026;08:00;14.2;0;SOLEIL;5;5.4;0
Bonneval-sur-Arc;45.37;7.04;31/07/2026;09:00;15.3;0;SOLEIL;5;4.7;0
Bonneval-sur-Arc;45.37;7.04;31/07/2026;10:00;16.4;0;SOLEIL;5;4.0;0
Bonneval-sur-Arc;45.37;7.04;31/07/2026;11:00;17.6;0;SOLEIL;5;4.0;0
Bonneval-sur-Arc;45.37;7.04;31/07/2026;12:00;18.7;0;SOLEIL;5;5.4;0
Bonneval-sur-Arc;45.37;7.04;31/07/2026;13:00;19.8;0;SOLEIL;5;7.6;0
Bonneval-sur-Arc;45.37;7.04;31/07/2026;14:00;20.9;0;SOLEIL;5;8.6;0
Bonneval-sur-Arc;45.37;7.04;31/07/2026;15:00;22.0;0;SOLEIL;5;7.6;0
Bonneval-sur-Arc;45.37;7.04;31/07/2026;16:00;20.9;0;SOLEIL;5;5.4;0
Bonneval-sur-Arc;45.37;7.04;31/07/2026;17:00;19.8;0;SOLEIL;5;4.0;0
Bonneval-sur-Arc;45.37;7.04;31/07/2026;18:00;18.7;0;SOLEIL;5;3.6;0
Bonneval-sur-Arc;45.37;7.04;31/07/2026;19:00;17.6;0;SOLEIL;5;3.6;0
Bonneval-sur-Arc;45.37;7.04;31/07/2026;20:00;16.4;0;SOLEIL;5;3.6;0
Bonneval-sur-Arc;45.37;7.04;31/07/2026;21:00;15.3;0;SOLEIL;5;4.0;0
Bonneval-sur-Arc;45.37;7.04;31/07/2026;22:00;14.2;0;SOLEIL;5;4.3;0
Bonneval-sur-Arc;45.37;7.04;31/07/2026;23:00;13.1;0;SOLEIL;5;4.3;0
Bonneval-sur-Arc;45.37;7.04;01/08/2026;00:00;12;0;SOLEIL;5;0.0;0
Bonneval-sur-Arc;45.37;7.04;01/08/2026;01:00;12;0;SOLEIL;5;0.0;0
Bonneval-sur-Arc;45.37;7.04;01/08/2026;02:00;12;0;SOLEIL;5;0.0;0
Bonneval-sur-Arc;45.37;7.04;01/08/2026;03:00;12;0;SOLEIL;5;0.0;0
Bonneval-sur-Arc;45.37;7.04;01/08/2026;04:00;12;0;SOLEIL;5;0.0;0
Bonneval-sur-Arc;45.37;7.04;01/08/2026;05:00;12;0;SOLEIL;5;0.0;0
Bonneval-sur-Arc;45.37;7.04;01/08/2026;06:00;12;0;SOLEIL;5;0.0;0
Bonneval-sur-Arc;45.37;7.04;01/08/2026;07:00;13.1;0;SOLEIL;5;0.0;0
Bonneval-sur-Arc;45.37;7.04;01/08/2026;08:00;14.2;0;SOLEIL;5;0.0;0
Bonneval-sur-Arc;45.37;7.04;01/08/2026;09:00;15.3;0;SOLEIL;5;0.0;0
Bonneval-sur-Arc;45.37;7.04;01/08/2026;10:00;16.4;0;SOLEIL;5;0.0;0
Bonneval-sur-Arc;45.37;7.04;01/08/2026;11:00;17.6;0;SOLEIL;5;0.0;0
Bonneval-sur-Arc;45.37;7.04;01/08/2026;12:00;18.7;0;SOLEIL;5;0.0;0
Bonneval-sur-Arc;45.37;7.04;01/08/2026;13:00;19.8;0;SOLEIL;5;0.0;0
Bonneval-sur-Arc;45.37;7.04;01/08/2026;14:00;20.9;0;SOLEIL;5;0.0;0
Bonneval-sur-Arc;45.37;7.04;01/08/2026;15:00;22.0;0;SOLEIL;5;0.0;0
Bonneval-sur-Arc;45.37;7.04;01/08/2026;16:00;20.9;0;SOLEIL;5;0.0;0
Bonneval-sur-Arc;45.37;7.04;01/08/2026;17:00;19.8;0;SOLEIL;5;0.0;0
Bonneval-sur-Arc;45.37;7.04;01/08/2026;18:00;18.7;0;SOLEIL;5;0.0;0
Bonneval-sur-Arc;45.37;7.04;01/08/2026;19:00;17.6;0;SOLEIL;5;0.0;0
Bonneval-sur-Arc;45.37;7.04;01/08/2026;20:00;16.4;0;SOLEIL;5;0.0;0
Bonneval-sur-Arc;45.37;7.04;01/08/2026;21:00;15.3;0;SOLEIL;5;0.0;0
Bonneval-sur-Arc;45.37;7.04;01/08/2026;22:00;14.2;0;SOLEIL;5;0.0;0
Bonneval-sur-Arc;45.37;7.04;01/08/2026;23:00;13.1;0;SOLEIL;5;0.0;0
Chambéry;45.56;5.91;17/07/2026;00:00;19.9;10;ORAGEUX;5;29.9;5.9
Chambéry;45.56;5.91;17/07/2026;01:00;19.1;10;ORAGEUX;6;28.8;4.2
Chambéry;45.56;5.91;17/07/2026;02:00;18.7;6;AVERSES;5;21.2;2.7
Chambéry;45.56;5.91;17/07/2026;03:00;19.6;6;AVERSES;7;17.3;0.1
Chambéry;45.56;5.91;17/07/2026;04:00;20;6;AVERSES;6;14.0;0.2
Chambéry;45.56;5.91;17/07/2026;05:00;20.1;6;AVERSES;6;13.7;0.1
Chambéry;45.56;5.91;17/07/2026;06:00;21;6;AVERSES;5;20.5;0.1
Chambéry;45.56;5.91;17/07/2026;07:00;22.2;0;SOLEIL;6;34.9;0
Chambéry;45.56;5.91;17/07/2026;08:00;24.1;0;SOLEIL;4;29.5;0
Chambéry;45.56;5.91;17/07/2026;09:00;25.1;0;SOLEIL;3;14.8;0
Chambéry;45.56;5.91;17/07/2026;10:00;24.2;0;SOLEIL;3;15.1;0
Chambéry;45.56;5.91;17/07/2026;11:00;24.7;0;SOLEIL;3;10.4;0
Chambéry;45.56;5.91;17/07/2026;12:00;25.7;0;SOLEIL;4;12.6;0
Chambéry;45.56;5.91;17/07/2026;13:00;26;0;SOLEIL;4;28.8;0
Chambéry;45.56;5.91;17/07/2026;14:00;26.4;0;SOLEIL;3;31.0;0
Chambéry;45.56;5.91;17/07/2026;15:00;26.5;0;SOLEIL;3;30.2;0
Chambéry;45.56;5.91;17/07/2026;16:00;25.2;0;SOLEIL;3;27.4;0
Chambéry;45.56;5.91;17/07/2026;17:00;25.4;0;SOLEIL;2;41.8;0
Chambéry;45.56;5.91;17/07/2026;18:00;24.2;6;AVERSES;2;50.0;0.1
Chambéry;45.56;5.91;17/07/2026;19:00;22.7;9;NEIGE;2;25.2;0.1
Chambéry;45.56;5.91;17/07/2026;20:00;21.2;9;NEIGE;2;17.6;0.1
Chambéry;45.56;5.91;17/07/2026;21:00;21.1;0;SOLEIL;2;22.7;0
Chambéry;45.56;5.91;17/07/2026;22:00;20.5;0;SOLEIL;2;18.7;0
Chambéry;45.56;5.91;17/07/2026;23:00;20;0;SOLEIL;2;9.4;0
Chambéry;45.56;5.91;18/07/2026;00:00;19.6;0;SOLEIL;2;9.4;0
Chambéry;45.56;5.91;18/07/2026;01:00;19.6;0;SOLEIL;2;10.8;0
Chambéry;45.56;5.91;18/07/2026;02:00;18.2;0;SOLEIL;1;8.6;0
Chambéry;45.56;5.91;18/07/2026;03:00;18.2;0;SOLEIL;1;7.9;0
Chambéry;45.56;5.91;18/07/2026;04:00;18.2;0;SOLEIL;1;7.9;0
Chambéry;45.56;5.91;18/07/2026;05:00;19.2;0;SOLEIL;1;7.2;0
Chambéry;45.56;5.91;18/07/2026;06:00;19.2;0;SOLEIL;1;7.6;0
Chambéry;45.56;5.91;18/07/2026;07:00;19.2;0;SOLEIL;1;6.1;0
Chambéry;45.56;5.91;18/07/2026;08:00;23.2;0;SOLEIL;3;6.5;0
Chambéry;45.56;5.91;18/07/2026;09:00;23.2;0;SOLEIL;3;6.5;0
Chambéry;45.56;5.91;18/07/2026;10:00;23.2;0;SOLEIL;3;6.8;0
Chambéry;45.56;5.91;18/07/2026;11:00;25.7;0;SOLEIL;3;9.7;0
Chambéry;45.56;5.91;18/07/2026;12:00;25.7;0;SOLEIL;3;13.3;0
Chambéry;45.56;5.91;18/07/2026;13:00;25.7;0;SOLEIL;3;17.6;0
Chambéry;45.56;5.91;18/07/2026;14:00;26.4;0;SOLEIL;3;20.3;0
Chambéry;45.56;5.91;18/07/2026;15:00;26.4;0;SOLEIL;3;24.1;0
Chambéry;45.56;5.91;18/07/2026;16:00;26.4;0;SOLEIL;3;25.2;0
Chambéry;45.56;5.91;18/07/2026;17:00;24.2;0;SOLEIL;2;24.8;0
Chambéry;45.56;5.91;18/07/2026;18:00;24.2;0;SOLEIL;2;23.4;0
Chambéry;45.56;5.91;18/07/2026;19:00;24.2;0;SOLEIL;2;22.3;0
Chambéry;45.56;5.91;18/07/2026;20:00;20.6;0;SOLEIL;1;15.5;0
Chambéry;45.56;5.91;18/07/2026;21:00;20.6;0;SOLEIL;1;9.0;0
Chambéry;45.56;5.91;18/07/2026;22:00;20.6;0;SOLEIL;1;5.8;0
Chambéry;45.56;5.91;18/07/2026;23:00;18.6;0;SOLEIL;1;6.5;0
Chambéry;45.56;5.91;19/07/2026;00:00;18.6;0;SOLEIL;1;5.8;0
Chambéry;45.56;5.91;19/07/2026;01:00;18.6;0;SOLEIL;1;3.6;0
Chambéry;45.56;5.91;19/07/2026;02:00;17.6;0;SOLEIL;1;3.6;0
Chambéry;45.56;5.91;19/07/2026;03:00;17.6;0;SOLEIL;1;1.8;0
Chambéry;45.56;5.91;19/07/2026;04:00;17.6;0;SOLEIL;1;2.2;0
Chambéry;45.56;5.91;19/07/2026;05:00;18.6;0;SOLEIL;1;2.5;0
Chambéry;45.56;5.91;19/07/2026;06:00;18.6;0;SOLEIL;1;2.9;0
Chambéry;45.56;5.91;19/07/2026;07:00;18.6;0;SOLEIL;1;3.2;0
Chambéry;45.56;5.91;19/07/2026;08:00;23.9;0;SOLEIL;3;2.9;0
Chambéry;45.56;5.91;19/07/2026;09:00;23.9;0;SOLEIL;3;6.1;0
Chambéry;45.56;5.91;19/07/2026;10:00;23.9;0;SOLEIL;3;10.4;0
Chambéry;45.56;5.91;19/07/2026;11:00;26;0;SOLEIL;3;13.7;0
Chambéry;45.56;5.91;19/07/2026;12:00;26;0;SOLEIL;3;18.0;0
Chambéry;45.56;5.91;19/07/2026;13:00;26;0;SOLEIL;3;22.0;0
Chambéry;45.56;5.91;19/07/2026;14:00;25.7;0;SOLEIL;3;23.8;0
Chambéry;45.56;5.91;19/07/2026;15:00;25.7;0;SOLEIL;3;27.4;0
Chambéry;45.56;5.91;19/07/2026;16:00;25.7;0;SOLEIL;3;27.4;0
Chambéry;45.56;5.91;19/07/2026;17:00;23.1;0;SOLEIL;2;30.6;0
Chambéry;45.56;5.91;19/07/2026;18:00;23.1;0;SOLEIL;2;32.0;0
Chambéry;45.56;5.91;19/07/2026;19:00;23.1;0;SOLEIL;2;32.4;0
Chambéry;45.56;5.91;19/07/2026;20:00;21.1;0;SOLEIL;5;28.1;0
Chambéry;45.56;5.91;19/07/2026;21:00;20.1;0;SOLEIL;5;22.3;0
Chambéry;45.56;5.91;19/07/2026;22:00;19.0;0;SOLEIL;5;15.1;0
Chambéry;45.56;5.91;19/07/2026;23:00;18.5;0;SOLEIL;1;9.4;0
Chambéry;45.56;5.91;20/07/2026;00:00;18.5;0;SOLEIL;1;7.2;0
Chambéry;45.56;5.91;20/07/2026;01:00;18.5;0;SOLEIL;1;6.5;0
Chambéry;45.56;5.91;20/07/2026;02:00;15.2;0;SOLEIL;5;6.5;0
Chambéry;45.56;5.91;20/07/2026;03:00;15.2;0;SOLEIL;5;6.1;0
Chambéry;45.56;5.91;20/07/2026;04:00;15.2;0;SOLEIL;5;6.5;0
Chambéry;45.56;5.91;20/07/2026;05:00;17.4;0;SOLEIL;1;7.2;0
Chambéry;45.56;5.91;20/07/2026;06:00;17.4;0;SOLEIL;1;9.0;0
Chambéry;45.56;5.91;20/07/2026;07:00;17.4;0;SOLEIL;1;11.2;0
Chambéry;45.56;5.91;20/07/2026;08:00;18.1;0;SOLEIL;5;13.3;0
Chambéry;45.56;5.91;20/07/2026;09:00;19.5;0;SOLEIL;5;15.5;0
Chambéry;45.56;5.91;20/07/2026;10:00;20.9;0;SOLEIL;5;17.3;0
Chambéry;45.56;5.91;20/07/2026;11:00;26.1;0;SOLEIL;3;19.8;0
Chambéry;45.56;5.91;20/07/2026;12:00;26.1;0;SOLEIL;3;23.0;0
Chambéry;45.56;5.91;20/07/2026;13:00;26.1;0;SOLEIL;3;27.0;0
Chambéry;45.56;5.91;20/07/2026;14:00;26.7;0;SOLEIL;5;29.5;0
Chambéry;45.56;5.91;20/07/2026;15:00;28.1;0;SOLEIL;5;30.6;0
Chambéry;45.56;5.91;20/07/2026;16:00;26.7;0;SOLEIL;5;30.6;0
Chambéry;45.56;5.91;20/07/2026;17:00;25.5;0;SOLEIL;3;29.9;0
Chambéry;45.56;5.91;20/07/2026;18:00;25.5;0;SOLEIL;3;27.7;0
Chambéry;45.56;5.91;20/07/2026;19:00;25.5;0;SOLEIL;3;24.5;0
Chambéry;45.56;5.91;20/07/2026;20:00;20.9;0;SOLEIL;5;21.2;0
Chambéry;45.56;5.91;20/07/2026;21:00;19.5;0;SOLEIL;5;17.6;0
Chambéry;45.56;5.91;20/07/2026;22:00;18.1;0;SOLEIL;5;14.0;0
Chambéry;45.56;5.91;20/07/2026;23:00;16.2;0;SOLEIL;1;11.5;0
Chambéry;45.56;5.91;21/07/2026;00:00;16.2;0;SOLEIL;1;10.8;0
Chambéry;45.56;5.91;21/07/2026;01:00;16.2;0;SOLEIL;1;11.2;0
Chambéry;45.56;5.91;21/07/2026;02:00;13.4;0;SOLEIL;5;11.5;0
Chambéry;45.56;5.91;21/07/2026;03:00;13.4;0;SOLEIL;5;10.8;0
Chambéry;45.56;5.91;21/07/2026;04:00;13.4;0;SOLEIL;5;10.1;0
Chambéry;45.56;5.91;21/07/2026;05:00;15.7;0;SOLEIL;1;9.7;0
Chambéry;45.56;5.91;21/07/2026;06:00;15.7;0;SOLEIL;1;10.4;0
Chambéry;45.56;5.91;21/07/2026;07:00;15.7;0;SOLEIL;1;11.5;0
Chambéry;45.56;5.91;21/07/2026;08:00;16.6;0;SOLEIL;5;14.0;0
Chambéry;45.56;5.91;21/07/2026;09:00;18.2;0;SOLEIL;5;18.4;0
Chambéry;45.56;5.91;21/07/2026;10:00;19.8;0;SOLEIL;5;24.1;0
Chambéry;45.56;5.91;21/07/2026;11:00;25.4;0;SOLEIL;3;29.5;0
Chambéry;45.56;5.91;21/07/2026;12:00;25.4;0;SOLEIL;3;33.7;0
Chambéry;45.56;5.91;21/07/2026;13:00;25.4;0;SOLEIL;3;38.7;0
Chambéry;45.56;5.91;21/07/2026;14:00;26.1;0;SOLEIL;5;43.2;0
Chambéry;45.56;5.91;21/07/2026;15:00;27.7;0;SOLEIL;5;46.4;0
Chambéry;45.56;5.91;21/07/2026;16:00;26.1;0;SOLEIL;5;47.9;0
Chambéry;45.56;5.91;21/07/2026;17:00;25.1;0;SOLEIL;4;48.2;0
Chambéry;45.56;5.91;21/07/2026;18:00;25.1;0;SOLEIL;4;47.2;0
Chambéry;45.56;5.91;21/07/2026;19:00;25.1;0;SOLEIL;4;45.0;0
Chambéry;45.56;5.91;21/07/2026;20:00;19.8;0;SOLEIL;5;40.7;0
Chambéry;45.56;5.91;21/07/2026;21:00;18.2;0;SOLEIL;5;32.8;0
Chambéry;45.56;5.91;21/07/2026;22:00;16.6;0;SOLEIL;5;23.0;0
Chambéry;45.56;5.91;21/07/2026;23:00;16.1;0;SOLEIL;0;14.8;0
Chambéry;45.56;5.91;22/07/2026;00:00;16.1;0;SOLEIL;0;10.1;0
Chambéry;45.56;5.91;22/07/2026;01:00;16.1;0;SOLEIL;0;6.8;0
Chambéry;45.56;5.91;22/07/2026;02:00;14;0;SOLEIL;5;5.0;0
Chambéry;45.56;5.91;22/07/2026;03:00;14;0;SOLEIL;5;4.3;0
Chambéry;45.56;5.91;22/07/2026;04:00;14;0;SOLEIL;5;4.3;0
Chambéry;45.56;5.91;22/07/2026;05:00;16;0;SOLEIL;0;4.7;0
Chambéry;45.56;5.91;22/07/2026;06:00;16;0;SOLEIL;0;5.0;0
Chambéry;45.56;5.91;22/07/2026;07:00;16;0;SOLEIL;0;5.4;0
Chambéry;45.56;5.91;22/07/2026;08:00;17.0;0;SOLEIL;5;6.1;0
Chambéry;45.56;5.91;22/07/2026;09:00;18.5;0;SOLEIL;5;7.6;0
Chambéry;45.56;5.91;22/07/2026;10:00;20.0;0;SOLEIL;5;9.4;0
Chambéry;45.56;5.91;22/07/2026;11:00;25.6;0;SOLEIL;3;11.5;0
Chambéry;45.56;5.91;22/07/2026;12:00;25.6;0;SOLEIL;3;14.4;0
Chambéry;45.56;5.91;22/07/2026;13:00;25.6;0;SOLEIL;3;17.3;0
Chambéry;45.56;5.91;22/07/2026;14:00;26.0;0;SOLEIL;5;19.8;0
Chambéry;45.56;5.91;22/07/2026;15:00;27.5;0;SOLEIL;5;21.2;0
Chambéry;45.56;5.91;22/07/2026;16:00;26.0;0;SOLEIL;5;22.0;0
Chambéry;45.56;5.91;22/07/2026;17:00;24.6;0;SOLEIL;2;21.2;0
Chambéry;45.56;5.91;22/07/2026;18:00;24.6;0;SOLEIL;2;19.1;0
Chambéry;45.56;5.91;22/07/2026;19:00;24.6;0;SOLEIL;2;15.5;0
Chambéry;45.56;5.91;22/07/2026;20:00;20.0;0;SOLEIL;5;11.9;0
Chambéry;45.56;5.91;22/07/2026;21:00;18.5;0;SOLEIL;5;8.3;0
Chambéry;45.56;5.91;22/07/2026;22:00;17.0;0;SOLEIL;5;5.0;0
Chambéry;45.56;5.91;22/07/2026;23:00;16.7;0;SOLEIL;0;2.9;0
Chambéry;45.56;5.91;23/07/2026;00:00;16.7;0;SOLEIL;0;2.9;0
Chambéry;45.56;5.91;23/07/2026;01:00;16.7;0;SOLEIL;0;4.3;0
Chambéry;45.56;5.91;23/07/2026;02:00;14.2;0;SOLEIL;5;5.4;0
Chambéry;45.56;5.91;23/07/2026;03:00;14.2;0;SOLEIL;5;5.8;0
Chambéry;45.56;5.91;23/07/2026;04:00;14.2;0;SOLEIL;5;5.8;0
Chambéry;45.56;5.91;23/07/2026;05:00;16.2;0;SOLEIL;0;5.8;0
Chambéry;45.56;5.91;23/07/2026;06:00;16.2;0;SOLEIL;0;5.8;0
Chambéry;45.56;5.91;23/07/2026;07:00;16.2;0;SOLEIL;0;5.8;0
Chambéry;45.56;5.91;23/07/2026;08:00;17.2;0;SOLEIL;5;6.5;0
Chambéry;45.56;5.91;23/07/2026;09:00;18.7;0;SOLEIL;5;8.3;0
Chambéry;45.56;5.91;23/07/2026;10:00;20.2;0;SOLEIL;5;10.8;0
Chambéry;45.56;5.91;23/07/2026;11:00;25.6;0;SOLEIL;4;14.0;0
Chambéry;45.56;5.91;23/07/2026;12:00;25.6;0;SOLEIL;4;17.6;0
Chambéry;45.56;5.91;23/07/2026;13:00;25.6;0;SOLEIL;4;22.0;0
Chambéry;45.56;5.91;23/07/2026;14:00;26.1;0;SOLEIL;5;25.9;0
Chambéry;45.56;5.91;23/07/2026;15:00;27.6;0;SOLEIL;5;29.5;0
Chambéry;45.56;5.91;23/07/2026;16:00;26.1;0;SOLEIL;5;32.8;0
Chambéry;45.56;5.91;23/07/2026;17:00;25.4;0;SOLEIL;4;34.2;0
Chambéry;45.56;5.91;23/07/2026;18:00;25.4;0;SOLEIL;4;33.5;0
Chambéry;45.56;5.91;23/07/2026;19:00;25.4;0;SOLEIL;4;31.0;0
Chambéry;45.56;5.91;23/07/2026;20:00;20.2;0;SOLEIL;5;27.0;0
Chambéry;45.56;5.91;23/07/2026;21:00;18.7;0;SOLEIL;5;20.5;0
Chambéry;45.56;5.91;23/07/2026;22:00;17.2;0;SOLEIL;5;12.6;0
Chambéry;45.56;5.91;23/07/2026;23:00;16.9;0;SOLEIL;0;6.8;0
Chambéry;45.56;5.91;24/07/2026;00:00;16.9;0;SOLEIL;0;9.1;0
Chambéry;45.56;5.91;24/07/2026;01:00;16.9;0;SOLEIL;0;11.9;0
Chambéry;45.56;5.91;24/07/2026;02:00;14.1;0;SOLEIL;5;13.2;0
Chambéry;45.56;5.91;24/07/2026;03:00;14.1;0;SOLEIL;5;13.3;0
Chambéry;45.56;5.91;24/07/2026;04:00;14.1;0;SOLEIL;5;11.9;0
Chambéry;45.56;5.91;24/07/2026;05:00;16.5;0;SOLEIL;1;10.4;0
Chambéry;45.56;5.91;24/07/2026;06:00;16.5;0;SOLEIL;1;9.7;0
Chambéry;45.56;5.91;24/07/2026;07:00;16.5;0;SOLEIL;1;9.0;0
Chambéry;45.56;5.91;24/07/2026;08:00;17.4;0;SOLEIL;5;9.4;0
Chambéry;45.56;5.91;24/07/2026;09:00;19.1;0;SOLEIL;5;10.4;0
Chambéry;45.56;5.91;24/07/2026;10:00;20.7;0;SOLEIL;5;12.6;0
Chambéry;45.56;5.91;24/07/2026;11:00;27.1;0;SOLEIL;2;15.1;0
Chambéry;45.56;5.91;24/07/2026;12:00;27.1;0;SOLEIL;2;17.6;0
Chambéry;45.56;5.91;24/07/2026;13:00;27.1;0;SOLEIL;2;20.2;0
Chambéry;45.56;5.91;24/07/2026;14:00;27.3;0;SOLEIL;5;21.6;0
Chambéry;45.56;5.91;24/07/2026;15:00;29.0;0;SOLEIL;5;22.7;0
Chambéry;45.56;5.91;24/07/2026;16:00;27.3;0;SOLEIL;5;23.0;0
Chambéry;45.56;5.91;24/07/2026;17:00;26;0;SOLEIL;2;23.4;0
Chambéry;45.56;5.91;24/07/2026;18:00;26;0;SOLEIL;2;23.4;0
Chambéry;45.56;5.91;24/07/2026;19:00;26;0;SOLEIL;2;23.0;0
Chambéry;45.56;5.91;24/07/2026;20:00;20.7;0;SOLEIL;5;22.3;0
Chambéry;45.56;5.91;24/07/2026;21:00;19.1;0;SOLEIL;5;20.9;0
Chambéry;45.56;5.91;24/07/2026;22:00;17.4;0;SOLEIL;5;18.7;0
Chambéry;45.56;5.91;24/07/2026;23:00;17.9;0;SOLEIL;1;15.8;0
Chambéry;45.56;5.91;25/07/2026;00:00;17.9;0;SOLEIL;1;13.3;0
Chambéry;45.56;5.91;25/07/2026;01:00;17.9;0;SOLEIL;1;11.2;0
Chambéry;45.56;5.91;25/07/2026;02:00;15.5;0;SOLEIL;5;10.1;0
Chambéry;45.56;5.91;25/07/2026;03:00;15.5;0;SOLEIL;5;9.7;0
Chambéry;45.56;5.91;25/07/2026;04:00;15.5;0;SOLEIL;5;10.1;0
Chambéry;45.56;5.91;25/07/2026;05:00;17.6;0;SOLEIL;2;11.2;0
Chambéry;45.56;5.91;25/07/2026;06:00;17.6;0;SOLEIL;2;12.2;0
Chambéry;45.56;5.91;25/07/2026;07:00;17.6;0;SOLEIL;2;13.3;0
Chambéry;45.56;5.91;25/07/2026;08:00;18.4;0;SOLEIL;5;14.4;0
Chambéry;45.56;5.91;25/07/2026;09:00;19.8;0;SOLEIL;5;15.5;0
Chambéry;45.56;5.91;25/07/2026;10:00;21.3;0;SOLEIL;5;16.6;0
Chambéry;45.56;5.91;25/07/2026;11:00;26.7;0;SOLEIL;3;17.6;0
Chambéry;45.56;5.91;25/07/2026;12:00;26.7;0;SOLEIL;3;18.7;0
Chambéry;45.56;5.91;25/07/2026;13:00;26.7;0;SOLEIL;3;19.8;0
Chambéry;45.56;5.91;25/07/2026;14:00;27.1;0;SOLEIL;5;20.9;0
Chambéry;45.56;5.91;25/07/2026;15:00;28.5;0;SOLEIL;5;22.0;0
Chambéry;45.56;5.91;25/07/2026;16:00;27.1;0;SOLEIL;5;23.4;0
Chambéry;45.56;5.91;25/07/2026;17:00;25.2;0;SOLEIL;2;24.8;0
Chambéry;45.56;5.91;25/07/2026;18:00;25.2;0;SOLEIL;2;25.9;0
Chambéry;45.56;5.91;25/07/2026;19:00;25.2;0;SOLEIL;2;27.0;0
Chambéry;45.56;5.91;25/07/2026;20:00;21.3;0;SOLEIL;5;27.7;0
Chambéry;45.56;5.91;25/07/2026;21:00;19.8;0;SOLEIL;5;28.1;0
Chambéry;45.56;5.91;25/07/2026;22:00;18.4;0;SOLEIL;5;28.1;0
Chambéry;45.56;5.91;25/07/2026;23:00;18;0;SOLEIL;1;28.1;0
Chambéry;45.56;5.91;26/07/2026;00:00;18;0;SOLEIL;1;28.1;0
Chambéry;45.56;5.91;26/07/2026;01:00;18;0;SOLEIL;1;27.7;0
Chambéry;45.56;5.91;26/07/2026;02:00;16;0;SOLEIL;5;27.4;0
Chambéry;45.56;5.91;26/07/2026;03:00;16;0;SOLEIL;5;27.0;0
Chambéry;45.56;5.91;26/07/2026;04:00;16;0;SOLEIL;5;26.3;0
Chambéry;45.56;5.91;26/07/2026;05:00;;0;SOLEIL;;25.9;0
Chambéry;45.56;5.91;26/07/2026;06:00;;0;SOLEIL;;25.2;0
Chambéry;45.56;5.91;26/07/2026;07:00;;0;SOLEIL;;24.8;0
Chambéry;45.56;5.91;26/07/2026;08:00;18.0;0;SOLEIL;5;24.5;0
Chambéry;45.56;5.91;26/07/2026;09:00;19.0;0;SOLEIL;5;24.5;0
Chambéry;45.56;5.91;26/07/2026;10:00;20.0;0;SOLEIL;5;24.8;0
Chambéry;45.56;5.91;26/07/2026;11:00;;0;SOLEIL;;25.2;0
Chambéry;45.56;5.91;26/07/2026;12:00;;0;SOLEIL;;25.9;0
Chambéry;45.56;5.91;26/07/2026;13:00;;0;SOLEIL;;26.3;0
Chambéry;45.56;5.91;26/07/2026;14:00;24.1;0;SOLEIL;5;26.6;0
Chambéry;45.56;5.91;26/07/2026;15:00;25.1;0;SOLEIL;5;27.0;0
Chambéry;45.56;5.91;26/07/2026;16:00;24.1;0;SOLEIL;5;27.4;0
Chambéry;45.56;5.91;26/07/2026;17:00;;0;SOLEIL;;27.7;0
Chambéry;45.56;5.91;26/07/2026;18:00;;0;SOLEIL;;28.1;0
Chambéry;45.56;5.91;26/07/2026;19:00;;0;SOLEIL;;27.7;0
Chambéry;45.56;5.91;26/07/2026;20:00;20.0;0;SOLEIL;5;27.0;0
Chambéry;45.56;5.91;26/07/2026;21:00;19.0;0;SOLEIL;5;25.6;0
Chambéry;45.56;5.91;26/07/2026;22:00;18.0;0;SOLEIL;5;23.0;0
Chambéry;45.56;5.91;26/07/2026;23:00;;0;SOLEIL;;20.5;0
Chambéry;45.56;5.91;27/07/2026;00:00;;0;SOLEIL;;18.0;0
Chambéry;45.56;5.91;27/07/2026;01:00;;0;SOLEIL;;15.5;0
Chambéry;45.56;5.91;27/07/2026;02:00;14.9;0;SOLEIL;5;13.7;0
Chambéry;45.56;5.91;27/07/2026;03:00;14.9;0;SOLEIL;5;12.6;0
Chambéry;45.56;5.91;27/07/2026;04:00;14.9;0;SOLEIL;5;11.5;0
Chambéry;45.56;5.91;27/07/2026;05:00;;0;SOLEIL;;10.8;0
Chambéry;45.56;5.91;27/07/2026;06:00;;0;SOLEIL;;10.4;0
Chambéry;45.56;5.91;27/07/2026;07:00;;0;SOLEIL;;10.1;0
Chambéry;45.56;5.91;27/07/2026;08:00;17.5;0;SOLEIL;5;10.1;0
Chambéry;45.56;5.91;27/07/2026;09:00;18.8;0;SOLEIL;5;10.4;0
Chambéry;45.56;5.91;27/07/2026;10:00;20.1;0;SOLEIL;5;11.2;0
Chambéry;45.56;5.91;27/07/2026;11:00;;0;SOLEIL;;11.9;0
Chambéry;45.56;5.91;27/07/2026;12:00;;0;SOLEIL;;13.0;0
Chambéry;45.56;5.91;27/07/2026;13:00;;0;SOLEIL;;13.7;0
Chambéry;45.56;5.91;27/07/2026;14:00;25.3;0;SOLEIL;5;14.4;0
Chambéry;45.56;5.91;27/07/2026;15:00;26.6;0;SOLEIL;5;14.8;0
Chambéry;45.56;5.91;27/07/2026;16:00;25.3;0;SOLEIL;5;15.5;0
Chambéry;45.56;5.91;27/07/2026;17:00;;0;SOLEIL;;15.8;0
Chambéry;45.56;5.91;27/07/2026;18:00;;0;SOLEIL;;16.2;0
Chambéry;45.56;5.91;27/07/2026;19:00;;0;SOLEIL;;16.2;0
Chambéry;45.56;5.91;27/07/2026;20:00;20.1;0;SOLEIL;5;16.6;0
Chambéry;45.56;5.91;27/07/2026;21:00;18.8;0;SOLEIL;5;16.9;0
Chambéry;45.56;5.91;27/07/2026;22:00;17.5;0;SOLEIL;5;17.3;0
Chambéry;45.56;5.91;27/07/2026;23:00;;0;SOLEIL;;17.6;0
Chambéry;45.56;5.91;28/07/2026;00:00;;0;SOLEIL;;18.0;0
Chambéry;45.56;5.91;28/07/2026;01:00;;0;SOLEIL;;17.6;0
Chambéry;45.56;5.91;28/07/2026;02:00;15.2;0;SOLEIL;5;17.3;0
Chambéry;45.56;5.91;28/07/2026;03:00;15.2;0;SOLEIL;5;16.2;0
Chambéry;45.56;5.91;28/07/2026;04:00;15.2;0;SOLEIL;5;14.0;0
Chambéry;45.56;5.91;28/07/2026;05:00;;0;SOLEIL;;11.9;0
Chambéry;45.56;5.91;28/07/2026;06:00;;0;SOLEIL;;9.7;0
Chambéry;45.56;5.91;28/07/2026;07:00;;0;SOLEIL;;8.3;0
Chambéry;45.56;5.91;28/07/2026;08:00;17.8;0;SOLEIL;5;7.9;0
Chambéry;45.56;5.91;28/07/2026;09:00;19.0;0;SOLEIL;5;9.0;0
Chambéry;45.56;5.91;28/07/2026;10:00;20.3;0;SOLEIL;5;11.2;0
Chambéry;45.56;5.91;28/07/2026;11:00;;0;SOLEIL;;14.0;0
Chambéry;45.56;5.91;28/07/2026;12:00;;0;SOLEIL;;17.3;0
Chambéry;45.56;5.91;28/07/2026;13:00;;0;SOLEIL;;19.8;0
Chambéry;45.56;5.91;28/07/2026;14:00;25.4;0;SOLEIL;5;21.6;0
Chambéry;45.56;5.91;28/07/2026;15:00;26.7;0;SOLEIL;5;22.3;0
Chambéry;45.56;5.91;28/07/2026;16:00;25.4;0;SOLEIL;5;23.0;0
Chambéry;45.56;5.91;28/07/2026;17:00;;0;SOLEIL;;23.0;0
Chambéry;45.56;5.91;28/07/2026;18:00;;0;SOLEIL;;22.7;0
Chambéry;45.56;5.91;28/07/2026;19:00;;0;SOLEIL;;22.3;0
Chambéry;45.56;5.91;28/07/2026;20:00;20.3;0;SOLEIL;5;21.6;0
Chambéry;45.56;5.91;28/07/2026;21:00;19.0;0;SOLEIL;5;20.9;0
Chambéry;45.56;5.91;28/07/2026;22:00;17.8;0;SOLEIL;5;19.4;0
Chambéry;45.56;5.91;28/07/2026;23:00;;6;AVERSES;;18.0;0
Chambéry;45.56;5.91;29/07/2026;00:00;;6;AVERSES;;16.6;0
Chambéry;45.56;5.91;29/07/2026;01:00;;6;AVERSES;;15.5;0
Chambéry;45.56;5.91;29/07/2026;02:00;15.2;6;AVERSES;5;14.4;0
Chambéry;45.56;5.91;29/07/2026;03:00;15.2;6;AVERSES;5;13.7;0
Chambéry;45.56;5.91;29/07/2026;04:00;15.2;6;AVERSES;5;13.3;0
Chambéry;45.56;5.91;29/07/2026;05:00;;6;AVERSES;;13.0;0
Chambéry;45.56;5.91;29/07/2026;06:00;;6;AVERSES;;13.0;0
Chambéry;45.56;5.91;29/07/2026;07:00;;6;AVERSES;;13.0;0
Chambéry;45.56;5.91;29/07/2026;08:00;17.9;6;AVERSES;5;13.3;0
Chambéry;45.56;5.91;29/07/2026;09:00;19.2;6;AVERSES;5;14.0;0
Chambéry;45.56;5.91;29/07/2026;10:00;20.5;6;AVERSES;5;15.1;0
Chambéry;45.56;5.91;29/07/2026;11:00;;6;AVERSES;;16.6;0
Chambéry;45.56;5.91;29/07/2026;12:00;;6;AVERSES;;18.0;0
Chambéry;45.56;5.91;29/07/2026;13:00;;6;AVERSES;;19.4;0
Chambéry;45.56;5.91;29/07/2026;14:00;25.9;6;AVERSES;5;20.5;0
Chambéry;45.56;5.91;29/07/2026;15:00;27.2;6;AVERSES;5;22.0;0
Chambéry;45.56;5.91;29/07/2026;16:00;25.9;6;AVERSES;5;23.4;0
Chambéry;45.56;5.91;29/07/2026;17:00;;6;AVERSES;;25.2;0
Chambéry;45.56;5.91;29/07/2026;18:00;;6;AVERSES;;26.3;0
Chambéry;45.56;5.91;29/07/2026;19:00;;6;AVERSES;;27.0;0
Chambéry;45.56;5.91;29/07/2026;20:00;20.5;6;AVERSES;5;26.6;0
Chambéry;45.56;5.91;29/07/2026;21:00;19.2;6;AVERSES;5;25.2;0
Chambéry;45.56;5.91;29/07/2026;22:00;17.9;6;AVERSES;5;22.3;0
Chambéry;45.56;5.91;29/07/2026;23:00;;0;SOLEIL;;19.1;0
Chambéry;45.56;5.91;30/07/2026;00:00;;0;SOLEIL;;15.5;0
Chambéry;45.56;5.91;30/07/2026;01:00;;0;SOLEIL;;12.6;0
Chambéry;45.56;5.91;30/07/2026;02:00;15.5;0;SOLEIL;5;10.8;0
Chambéry;45.56;5.91;30/07/2026;03:00;15.5;0;SOLEIL;5;10.1;0
Chambéry;45.56;5.91;30/07/2026;04:00;15.5;0;SOLEIL;5;9.7;0
Chambéry;45.56;5.91;30/07/2026;05:00;;0;SOLEIL;;9.7;0
Chambéry;45.56;5.91;30/07/2026;06:00;;0;SOLEIL;;10.4;0
Chambéry;45.56;5.91;30/07/2026;07:00;;0;SOLEIL;;11.2;0
Chambéry;45.56;5.91;30/07/2026;08:00;18.0;0;SOLEIL;5;12.2;0
Chambéry;45.56;5.91;30/07/2026;09:00;19.2;0;SOLEIL;5;13.7;0
Chambéry;45.56;5.91;30/07/2026;10:00;20.4;0;SOLEIL;5;15.5;0
Chambéry;45.56;5.91;30/07/2026;11:00;;0;SOLEIL;;17.3;0
Chambéry;45.56;5.91;30/07/2026;12:00;;0;SOLEIL;;19.4;0
Chambéry;45.56;5.91;30/07/2026;13:00;;0;SOLEIL;;21.2;0
Chambéry;45.56;5.91;30/07/2026;14:00;25.4;0;SOLEIL;5;23.0;0
Chambéry;45.56;5.91;30/07/2026;15:00;26.6;0;SOLEIL;5;24.5;0
Chambéry;45.56;5.91;30/07/2026;16:00;25.4;0;SOLEIL;5;26.3;0
Chambéry;45.56;5.91;30/07/2026;17:00;;0;SOLEIL;;27.7;0
Chambéry;45.56;5.91;30/07/2026;18:00;;0;SOLEIL;;29.2;0
Chambéry;45.56;5.91;30/07/2026;19:00;;0;SOLEIL;;29.5;0
Chambéry;45.56;5.91;30/07/2026;20:00;20.4;0;SOLEIL;5;29.5;0
Chambéry;45.56;5.91;30/07/2026;21:00;19.2;0;SOLEIL;5;28.1;0
Chambéry;45.56;5.91;30/07/2026;22:00;18.0;0;SOLEIL;5;25.9;0
Chambéry;45.56;5.91;30/07/2026;23:00;16.7;0;SOLEIL;5;23.0;0
Chambéry;45.56;5.91;31/07/2026;00:00;12;0;SOLEIL;5;15.7;0
Chambéry;45.56;5.91;31/07/2026;01:00;12;0;SOLEIL;5;9.9;0
Chambéry;45.56;5.91;31/07/2026;02:00;12;0;SOLEIL;5;5.6;0
Chambéry;45.56;5.91;31/07/2026;03:00;12;0;SOLEIL;5;2.5;0
Chambéry;45.56;5.91;31/07/2026;04:00;12;0;SOLEIL;5;3.2;0
Chambéry;45.56;5.91;31/07/2026;05:00;12;0;SOLEIL;5;3.6;0
Chambéry;45.56;5.91;31/07/2026;06:00;12;0;SOLEIL;5;3.6;0
Chambéry;45.56;5.91;31/07/2026;07:00;13.1;0;SOLEIL;5;3.6;0
Chambéry;45.56;5.91;31/07/2026;08:00;14.2;0;SOLEIL;5;4.0;0
Chambéry;45.56;5.91;31/07/2026;09:00;15.3;0;SOLEIL;5;5.4;0
Chambéry;45.56;5.91;31/07/2026;10:00;16.4;0;SOLEIL;5;7.2;0
Chambéry;45.56;5.91;31/07/2026;11:00;17.6;0;SOLEIL;5;8.6;0
Chambéry;45.56;5.91;31/07/2026;12:00;18.7;0;SOLEIL;5;9.0;0
Chambéry;45.56;5.91;31/07/2026;13:00;19.8;0;SOLEIL;5;9.4;0
Chambéry;45.56;5.91;31/07/2026;14:00;20.9;0;SOLEIL;5;9.4;0
Chambéry;45.56;5.91;31/07/2026;15:00;22.0;0;SOLEIL;5;10.1;0
Chambéry;45.56;5.91;31/07/2026;16:00;20.9;0;SOLEIL;5;10.8;0
Chambéry;45.56;5.91;31/07/2026;17:00;19.8;0;SOLEIL;5;11.2;0
Chambéry;45.56;5.91;31/07/2026;18:00;18.7;0;SOLEIL;5;10.4;0
Chambéry;45.56;5.91;31/07/2026;19:00;17.6;0;SOLEIL;5;9.0;0
Chambéry;45.56;5.91;31/07/2026;20:00;16.4;0;SOLEIL;5;7.6;0
Chambéry;45.56;5.91;31/07/2026;21:00;15.3;0;SOLEIL;5;6.1;0
Chambéry;45.56;5.91;31/07/2026;22:00;14.2;0;SOLEIL;5;5.0;0
Chambéry;45.56;5.91;31/07/2026;23:00;13.1;0;SOLEIL;5;4.0;0
Chambéry;45.56;5.91;01/08/2026;00:00;12;0;SOLEIL;5;0.0;0
Chambéry;45.56;5.91;01/08/2026;01:00;12;0;SOLEIL;5;0.0;0
Chambéry;45.56;5.91;01/08/2026;02:00;12;0;SOLEIL;5;0.0;0
Chambéry;45.56;5.91;01/08/2026;03:00;12;0;SOLEIL;5;0.0;0
Chambéry;45.56;5.91;01/08/2026;04:00;12;0;SOLEIL;5;0.0;0
Chambéry;45.56;5.91;01/08/2026;05:00;12;0;SOLEIL;5;0.0;0
Chambéry;45.56;5.91;01/08/2026;06:00;12;0;SOLEIL;5;0.0;0
Chambéry;45.56;5.91;01/08/2026;07:00;13.1;0;SOLEIL;5;0.0;0
Chambéry;45.56;5.91;01/08/2026;08:00;14.2;0;SOLEIL;5;0.0;0
Chambéry;45.56;5.91;01/08/2026;09:00;15.3;0;SOLEIL;5;0.0;0
Chambéry;45.56;5.91;01/08/2026;10:00;16.4;0;SOLEIL;5;0.0;0
Chambéry;45.56;5.91;01/08/2026;11:00;17.6;0;SOLEIL;5;0.0;0
Chambéry;45.56;5.91;01/08/2026;12:00;18.7;0;SOLEIL;5;0.0;0
Chambéry;45.56;5.91;01/08/2026;13:00;19.8;0;SOLEIL;5;0.0;0
Chambéry;45.56;5.91;01/08/2026;14:00;20.9;0;SOLEIL;5;0.0;0
Chambéry;45.56;5.91;01/08/2026;15:00;22.0;0;SOLEIL;5;0.0;0
Chambéry;45.56;5.91;01/08/2026;16:00;20.9;0;SOLEIL;5;0.0;0
Chambéry;45.56;5.91;01/08/2026;17:00;19.8;0;SOLEIL;5;0.0;0
Chambéry;45.56;5.91;01/08/2026;18:00;18.7;0;SOLEIL;5;0.0;0
Chambéry;45.56;5.91;01/08/2026;19:00;17.6;0;SOLEIL;5;0.0;0
Chambéry;45.56;5.91;01/08/2026;20:00;16.4;0;SOLEIL;5;0.0;0
Chambéry;45.56;5.91;01/08/2026;21:00;15.3;0;SOLEIL;5;0.0;0
Chambéry;45.56;5.91;01/08/2026;22:00;14.2;0;SOLEIL;5;0.0;0
Chambéry;45.56;5.91;01/08/2026;23:00;13.1;0;SOLEIL;5;0.0;0
Moûtiers;45.48;6.53;17/07/2026;00:00;19.6;10;ORAGEUX;1;15.5;3
Moûtiers;45.48;6.53;17/07/2026;01:00;18.7;10;ORAGEUX;2;10.8;8.1
Moûtiers;45.48;6.53;17/07/2026;02:00;18.6;6;AVERSES;3;15.5;4.9
Moûtiers;45.48;6.53;17/07/2026;03:00;18.2;6;AVERSES;2;17.6;2
Moûtiers;45.48;6.53;17/07/2026;04:00;18.2;6;AVERSES;3;9.0;0.2
Moûtiers;45.48;6.53;17/07/2026;05:00;18.5;6;AVERSES;2;11.9;0.3
Moûtiers;45.48;6.53;17/07/2026;06:00;18.6;6;AVERSES;3;9.7;0.9
Moûtiers;45.48;6.53;17/07/2026;07:00;19.5;6;AVERSES;3;15.5;0.1
Moûtiers;45.48;6.53;17/07/2026;08:00;22;0;SOLEIL;2;11.9;0
Moûtiers;45.48;6.53;17/07/2026;09:00;25.6;0;SOLEIL;1;11.9;0
Moûtiers;45.48;6.53;17/07/2026;10:00;26.9;0;SOLEIL;2;6.8;0
Moûtiers;45.48;6.53;17/07/2026;11:00;28.4;6;AVERSES;3;6.8;0.1
Moûtiers;45.48;6.53;17/07/2026;12:00;28.9;0;SOLEIL;3;6.8;0
Moûtiers;45.48;6.53;17/07/2026;13:00;29.1;0;SOLEIL;3;13.3;0
Moûtiers;45.48;6.53;17/07/2026;14:00;29.6;0;SOLEIL;4;16.9;0
Moûtiers;45.48;6.53;17/07/2026;15:00;29.9;0;SOLEIL;3;22.3;0
Moûtiers;45.48;6.53;17/07/2026;16:00;29.5;0;SOLEIL;3;23.4;0
Moûtiers;45.48;6.53;17/07/2026;17:00;27.5;0;SOLEIL;2;14.8;0
Moûtiers;45.48;6.53;17/07/2026;18:00;25.6;6;AVERSES;2;35.3;0.1
Moûtiers;45.48;6.53;17/07/2026;19:00;22.6;9;NEIGE;0;13.7;0.1
Moûtiers;45.48;6.53;17/07/2026;20:00;22.2;9;NEIGE;0;7.9;0.1
Moûtiers;45.48;6.53;17/07/2026;21:00;21.6;0;SOLEIL;0;9.7;0
Moûtiers;45.48;6.53;17/07/2026;22:00;20.4;0;SOLEIL;0;10.4;0
Moûtiers;45.48;6.53;17/07/2026;23:00;18.7;0;SOLEIL;0;11.2;0
Moûtiers;45.48;6.53;18/07/2026;00:00;19;0;SOLEIL;0;13.3;0
Moûtiers;45.48;6.53;18/07/2026;01:00;19;0;SOLEIL;0;13.3;0
Moûtiers;45.48;6.53;18/07/2026;02:00;17.2;0;SOLEIL;1;13.3;0
Moûtiers;45.48;6.53;18/07/2026;03:00;17.2;0;SOLEIL;1;13.3;0
Moûtiers;45.48;6.53;18/07/2026;04:00;17.2;0;SOLEIL;1;13.0;0
Moûtiers;45.48;6.53;18/07/2026;05:00;17.1;0;SOLEIL;1;13.0;0
Moûtiers;45.48;6.53;18/07/2026;06:00;17.1;0;SOLEIL;1;12.2;0
Moûtiers;45.48;6.53;18/07/2026;07:00;17.1;0;SOLEIL;1;11.2;0
Moûtiers;45.48;6.53;18/07/2026;08:00;24.2;0;SOLEIL;0;10.1;0
Moûtiers;45.48;6.53;18/07/2026;09:00;24.2;0;SOLEIL;0;5.0;0
Moûtiers;45.48;6.53;18/07/2026;10:00;24.2;0;SOLEIL;0;6.1;0
Moûtiers;45.48;6.53;18/07/2026;11:00;27.1;0;SOLEIL;2;9.0;0
Moûtiers;45.48;6.53;18/07/2026;12:00;27.1;0;SOLEIL;2;13.8;0
Moûtiers;45.48;6.53;18/07/2026;13:00;27.1;0;SOLEIL;2;18.7;0
Moûtiers;45.48;6.53;18/07/2026;14:00;30;0;SOLEIL;2;21.1;0
Moûtiers;45.48;6.53;18/07/2026;15:00;30;0;SOLEIL;2;24.1;0
Moûtiers;45.48;6.53;18/07/2026;16:00;30;0;SOLEIL;2;24.1;0
Moûtiers;45.48;6.53;18/07/2026;17:00;25.9;0;SOLEIL;1;24.1;0
Moûtiers;45.48;6.53;18/07/2026;18:00;25.9;0;SOLEIL;1;20.9;0
Moûtiers;45.48;6.53;18/07/2026;19:00;25.9;0;SOLEIL;1;17.3;0
Moûtiers;45.48;6.53;18/07/2026;20:00;20.1;0;SOLEIL;2;14.4;0
Moûtiers;45.48;6.53;18/07/2026;21:00;20.1;0;SOLEIL;2;9.7;0
Moûtiers;45.48;6.53;18/07/2026;22:00;20.1;0;SOLEIL;2;5.8;0
Moûtiers;45.48;6.53;18/07/2026;23:00;18.1;0;SOLEIL;1;3.6;0
Moûtiers;45.48;6.53;19/07/2026;00:00;18.1;0;SOLEIL;1;2.5;0
Moûtiers;45.48;6.53;19/07/2026;01:00;18.1;0;SOLEIL;1;4.3;0
Moûtiers;45.48;6.53;19/07/2026;02:00;16.2;0;SOLEIL;1;7.2;0
Moûtiers;45.48;6.53;19/07/2026;03:00;16.2;0;SOLEIL;1;7.9;0
Moûtiers;45.48;6.53;19/07/2026;04:00;16.2;0;SOLEIL;1;9.0;0
Moûtiers;45.48;6.53;19/07/2026;05:00;16.7;0;SOLEIL;1;8.6;0
Moûtiers;45.48;6.53;19/07/2026;06:00;16.7;0;SOLEIL;1;7.9;0
Moûtiers;45.48;6.53;19/07/2026;07:00;16.7;0;SOLEIL;1;9.0;0
Moûtiers;45.48;6.53;19/07/2026;08:00;24.1;0;SOLEIL;2;8.6;0
Moûtiers;45.48;6.53;19/07/2026;09:00;24.1;0;SOLEIL;2;7.6;0
Moûtiers;45.48;6.53;19/07/2026;10:00;24.1;0;SOLEIL;2;9.4;0
Moûtiers;45.48;6.53;19/07/2026;11:00;27.5;0;SOLEIL;2;14.0;0
Moûtiers;45.48;6.53;19/07/2026;12:00;27.5;0;SOLEIL;2;18.4;0
Moûtiers;45.48;6.53;19/07/2026;13:00;27.5;0;SOLEIL;2;20.5;0
Moûtiers;45.48;6.53;19/07/2026;14:00;28.5;0;SOLEIL;2;20.5;0
Moûtiers;45.48;6.53;19/07/2026;15:00;28.5;0;SOLEIL;2;22.7;0
Moûtiers;45.48;6.53;19/07/2026;16:00;28.5;0;SOLEIL;2;24.1;0
Moûtiers;45.48;6.53;19/07/2026;17:00;25.2;0;SOLEIL;2;25.9;0
Moûtiers;45.48;6.53;19/07/2026;18:00;25.2;0;SOLEIL;2;23.0;0
Moûtiers;45.48;6.53;19/07/2026;19:00;25.2;0;SOLEIL;2;18.7;0
Moûtiers;45.48;6.53;19/07/2026;20:00;21.2;0;SOLEIL;5;11.2;0
Moûtiers;45.48;6.53;19/07/2026;21:00;19.6;0;SOLEIL;5;8.6;0
Moûtiers;45.48;6.53;19/07/2026;22:00;18.1;0;SOLEIL;5;7.6;0
Moûtiers;45.48;6.53;19/07/2026;23:00;17.6;0;SOLEIL;0;6.5;0
Moûtiers;45.48;6.53;20/07/2026;00:00;17.6;0;SOLEIL;0;5.4;0
Moûtiers;45.48;6.53;20/07/2026;01:00;17.6;0;SOLEIL;0;4.3;0
Moûtiers;45.48;6.53;20/07/2026;02:00;15;0;SOLEIL;5;4.0;0
Moûtiers;45.48;6.53;20/07/2026;03:00;15;0;SOLEIL;5;4.0;0
Moûtiers;45.48;6.53;20/07/2026;04:00;15;0;SOLEIL;5;4.7;0
Moûtiers;45.48;6.53;20/07/2026;05:00;16.6;6;AVERSES;1;5.0;0
Moûtiers;45.48;6.53;20/07/2026;06:00;16.6;6;AVERSES;1;5.0;0
Moûtiers;45.48;6.53;20/07/2026;07:00;16.6;6;AVERSES;1;4.7;0
Moûtiers;45.48;6.53;20/07/2026;08:00;18.5;0;SOLEIL;5;6.1;0
Moûtiers;45.48;6.53;20/07/2026;09:00;20.2;0;SOLEIL;5;10.1;0
Moûtiers;45.48;6.53;20/07/2026;10:00;21.9;0;SOLEIL;5;15.8;0
Moûtiers;45.48;6.53;20/07/2026;11:00;28.7;0;SOLEIL;2;20.5;0
Moûtiers;45.48;6.53;20/07/2026;12:00;28.7;0;SOLEIL;2;23.4;0
Moûtiers;45.48;6.53;20/07/2026;13:00;28.7;0;SOLEIL;2;25.2;0
Moûtiers;45.48;6.53;20/07/2026;14:00;28.9;0;SOLEIL;5;26.3;0
Moûtiers;45.48;6.53;20/07/2026;15:00;30.6;0;SOLEIL;5;27.0;0
Moûtiers;45.48;6.53;20/07/2026;16:00;28.9;0;SOLEIL;5;27.0;0
Moûtiers;45.48;6.53;20/07/2026;17:00;26.6;0;SOLEIL;2;25.9;0
Moûtiers;45.48;6.53;20/07/2026;18:00;26.6;0;SOLEIL;2;23.8;0
Moûtiers;45.48;6.53;20/07/2026;19:00;26.6;0;SOLEIL;2;20.9;0
Moûtiers;45.48;6.53;20/07/2026;20:00;21.9;0;SOLEIL;5;17.3;0
Moûtiers;45.48;6.53;20/07/2026;21:00;20.2;0;SOLEIL;5;12.6;0
Moûtiers;45.48;6.53;20/07/2026;22:00;18.5;0;SOLEIL;5;7.6;0
Moûtiers;45.48;6.53;20/07/2026;23:00;18.1;0;SOLEIL;0;3.6;0
Moûtiers;45.48;6.53;21/07/2026;00:00;18.1;0;SOLEIL;0;2.2;0
Moûtiers;45.48;6.53;21/07/2026;01:00;18.1;0;SOLEIL;0;1.8;0
Moûtiers;45.48;6.53;21/07/2026;02:00;15.1;0;SOLEIL;5;1.8;0
Moûtiers;45.48;6.53;21/07/2026;03:00;15.1;0;SOLEIL;5;1.8;0
Moûtiers;45.48;6.53;21/07/2026;04:00;15.1;0;SOLEIL;5;2.2;0
Moûtiers;45.48;6.53;21/07/2026;05:00;16.5;0;SOLEIL;0;2.5;0
Moûtiers;45.48;6.53;21/07/2026;06:00;16.5;0;SOLEIL;0;2.5;0
Moûtiers;45.48;6.53;21/07/2026;07:00;16.5;0;SOLEIL;0;2.5;0
Moûtiers;45.48;6.53;21/07/2026;08:00;18.3;0;SOLEIL;5;4.0;0
Moûtiers;45.48;6.53;21/07/2026;09:00;20.0;0;SOLEIL;5;8.6;0
Moûtiers;45.48;6.53;21/07/2026;10:00;21.6;0;SOLEIL;5;14.8;0
Moûtiers;45.48;6.53;21/07/2026;11:00;28.4;0;SOLEIL;2;19.8;0
Moûtiers;45.48;6.53;21/07/2026;12:00;28.4;0;SOLEIL;2;23.8;0
Moûtiers;45.48;6.53;21/07/2026;13:00;28.4;0;SOLEIL;2;26.8;0
Moûtiers;45.48;6.53;21/07/2026;14:00;28.1;0;SOLEIL;5;28.6;0
Moûtiers;45.48;6.53;21/07/2026;15:00;29.7;0;SOLEIL;5;29.2;0
Moûtiers;45.48;6.53;21/07/2026;16:00;28.1;0;SOLEIL;5;28.1;0
Moûtiers;45.48;6.53;21/07/2026;17:00;26;0;SOLEIL;2;26.6;0
Moûtiers;45.48;6.53;21/07/2026;18:00;26;0;SOLEIL;2;25.2;0
Moûtiers;45.48;6.53;21/07/2026;19:00;26;0;SOLEIL;2;23.8;0
Moûtiers;45.48;6.53;21/07/2026;20:00;21.6;0;SOLEIL;5;21.2;0
Moûtiers;45.48;6.53;21/07/2026;21:00;20.0;0;SOLEIL;5;16.6;0
Moûtiers;45.48;6.53;21/07/2026;22:00;18.3;0;SOLEIL;5;11.2;0
Moûtiers;45.48;6.53;21/07/2026;23:00;17.1;0;SOLEIL;1;7.9;0
Moûtiers;45.48;6.53;22/07/2026;00:00;17.1;0;SOLEIL;1;8.6;0
Moûtiers;45.48;6.53;22/07/2026;01:00;17.1;0;SOLEIL;1;11.9;0
Moûtiers;45.48;6.53;22/07/2026;02:00;14;0;SOLEIL;5;14.0;0
Moûtiers;45.48;6.53;22/07/2026;03:00;14;0;SOLEIL;5;14.4;0
Moûtiers;45.48;6.53;22/07/2026;04:00;14;0;SOLEIL;5;14.4;0
Moûtiers;45.48;6.53;22/07/2026;05:00;15.6;0;SOLEIL;1;14.0;0
Moûtiers;45.48;6.53;22/07/2026;06:00;15.6;0;SOLEIL;1;13.0;0
Moûtiers;45.48;6.53;22/07/2026;07:00;15.6;0;SOLEIL;1;11.9;0
Moûtiers;45.48;6.53;22/07/2026;08:00;17.6;0;SOLEIL;5;11.9;0
Moûtiers;45.48;6.53;22/07/2026;09:00;19.4;0;SOLEIL;5;13.7;0
Moûtiers;45.48;6.53;22/07/2026;10:00;21.2;0;SOLEIL;5;16.2;0
Moûtiers;45.48;6.53;22/07/2026;11:00;28.1;0;SOLEIL;2;19.1;0
Moûtiers;45.48;6.53;22/07/2026;12:00;28.1;0;SOLEIL;2;22.3;0
Moûtiers;45.48;6.53;22/07/2026;13:00;28.1;0;SOLEIL;2;25.9;0
Moûtiers;45.48;6.53;22/07/2026;14:00;28.3;0;SOLEIL;5;28.4;0
Moûtiers;45.48;6.53;22/07/2026;15:00;30.1;0;SOLEIL;5;28.8;0
Moûtiers;45.48;6.53;22/07/2026;16:00;28.3;0;SOLEIL;5;28.1;0
Moûtiers;45.48;6.53;22/07/2026;17:00;26.5;0;SOLEIL;2;27.0;0
Moûtiers;45.48;6.53;22/07/2026;18:00;26.5;0;SOLEIL;2;25.2;0
Moûtiers;45.48;6.53;22/07/2026;19:00;26.5;0;SOLEIL;2;23.0;0
Moûtiers;45.48;6.53;22/07/2026;20:00;21.2;0;SOLEIL;5;20.5;0
Moûtiers;45.48;6.53;22/07/2026;21:00;19.4;0;SOLEIL;5;16.6;0
Moûtiers;45.48;6.53;22/07/2026;22:00;17.6;0;SOLEIL;5;12.2;0
Moûtiers;45.48;6.53;22/07/2026;23:00;17.6;0;SOLEIL;0;9.7;0
Moûtiers;45.48;6.53;23/07/2026;00:00;17.6;0;SOLEIL;0;10.8;0
Moûtiers;45.48;6.53;23/07/2026;01:00;17.6;0;SOLEIL;0;13.3;0
Moûtiers;45.48;6.53;23/07/2026;02:00;14.4;0;SOLEIL;5;15.8;0
Moûtiers;45.48;6.53;23/07/2026;03:00;14.4;0;SOLEIL;5;16.9;0
Moûtiers;45.48;6.53;23/07/2026;04:00;14.4;0;SOLEIL;5;17.6;0
Moûtiers;45.48;6.53;23/07/2026;05:00;16;0;SOLEIL;1;18.0;0
Moûtiers;45.48;6.53;23/07/2026;06:00;16;0;SOLEIL;1;18.0;0
Moûtiers;45.48;6.53;23/07/2026;07:00;16;0;SOLEIL;1;17.6;0
Moûtiers;45.48;6.53;23/07/2026;08:00;17.6;0;SOLEIL;5;18.0;0
Moûtiers;45.48;6.53;23/07/2026;09:00;19.3;0;SOLEIL;5;19.4;0
Moûtiers;45.48;6.53;23/07/2026;10:00;20.9;0;SOLEIL;5;21.6;0
Moûtiers;45.48;6.53;23/07/2026;11:00;27.1;0;SOLEIL;3;23.8;0
Moûtiers;45.48;6.53;23/07/2026;12:00;27.1;0;SOLEIL;3;25.9;0
Moûtiers;45.48;6.53;23/07/2026;13:00;27.1;0;SOLEIL;3;27.7;0
Moûtiers;45.48;6.53;23/07/2026;14:00;27.4;0;SOLEIL;5;29.2;0
Moûtiers;45.48;6.53;23/07/2026;15:00;29.0;0;SOLEIL;5;29.5;0
Moûtiers;45.48;6.53;23/07/2026;16:00;27.4;0;SOLEIL;5;29.2;0
Moûtiers;45.48;6.53;23/07/2026;17:00;26;0;SOLEIL;2;28.4;0
Moûtiers;45.48;6.53;23/07/2026;18:00;26;0;SOLEIL;2;27.4;0
Moûtiers;45.48;6.53;23/07/2026;19:00;26;0;SOLEIL;2;25.6;0
Moûtiers;45.48;6.53;23/07/2026;20:00;20.9;0;SOLEIL;5;23.0;0
Moûtiers;45.48;6.53;23/07/2026;21:00;19.3;0;SOLEIL;5;19.1;0
Moûtiers;45.48;6.53;23/07/2026;22:00;17.6;0;SOLEIL;5;14.8;0
Moûtiers;45.48;6.53;23/07/2026;23:00;17.1;0;SOLEIL;1;12.2;0
Moûtiers;45.48;6.53;24/07/2026;00:00;17.1;0;SOLEIL;1;17.1;0
Moûtiers;45.48;6.53;24/07/2026;01:00;17.1;0;SOLEIL;1;20.7;0
Moûtiers;45.48;6.53;24/07/2026;02:00;13.6;0;SOLEIL;5;21.2;0
Moûtiers;45.48;6.53;24/07/2026;03:00;13.6;0;SOLEIL;5;19.8;0
Moûtiers;45.48;6.53;24/07/2026;04:00;13.6;0;SOLEIL;5;17.6;0
Moûtiers;45.48;6.53;24/07/2026;05:00;15.5;0;SOLEIL;1;15.8;0
Moûtiers;45.48;6.53;24/07/2026;06:00;15.5;0;SOLEIL;1;14.8;0
Moûtiers;45.48;6.53;24/07/2026;07:00;15.5;0;SOLEIL;1;14.4;0
Moûtiers;45.48;6.53;24/07/2026;08:00;17.2;0;SOLEIL;5;14.8;0
Moûtiers;45.48;6.53;24/07/2026;09:00;19.1;0;SOLEIL;5;16.6;0
Moûtiers;45.48;6.53;24/07/2026;10:00;20.9;0;SOLEIL;5;20.2;0
Moûtiers;45.48;6.53;24/07/2026;11:00;28.5;0;SOLEIL;3;24.1;0
Moûtiers;45.48;6.53;24/07/2026;12:00;28.5;0;SOLEIL;3;28.1;0
Moûtiers;45.48;6.53;24/07/2026;13:00;28.5;0;SOLEIL;3;31.7;0
Moûtiers;45.48;6.53;24/07/2026;14:00;28.2;0;SOLEIL;5;34.2;0
Moûtiers;45.48;6.53;24/07/2026;15:00;30.0;0;SOLEIL;5;35.6;0
Moûtiers;45.48;6.53;24/07/2026;16:00;28.2;0;SOLEIL;5;36.4;0
Moûtiers;45.48;6.53;24/07/2026;17:00;25.5;0;SOLEIL;2;36.4;0
Moûtiers;45.48;6.53;24/07/2026;18:00;25.5;0;SOLEIL;2;36.0;0
Moûtiers;45.48;6.53;24/07/2026;19:00;25.5;0;SOLEIL;2;35.3;0
Moûtiers;45.48;6.53;24/07/2026;20:00;20.9;0;SOLEIL;5;34.2;0
Moûtiers;45.48;6.53;24/07/2026;21:00;19.1;0;SOLEIL;5;32.4;0
Moûtiers;45.48;6.53;24/07/2026;22:00;17.2;0;SOLEIL;5;29.5;0
Moûtiers;45.48;6.53;24/07/2026;23:00;18;0;SOLEIL;1;26.3;0
Moûtiers;45.48;6.53;25/07/2026;00:00;18;0;SOLEIL;1;23.0;0
Moûtiers;45.48;6.53;25/07/2026;01:00;18;0;SOLEIL;1;20.2;0
Moûtiers;45.48;6.53;25/07/2026;02:00;15;0;SOLEIL;5;18.4;0
Moûtiers;45.48;6.53;25/07/2026;03:00;15;0;SOLEIL;5;17.6;0
Moûtiers;45.48;6.53;25/07/2026;04:00;15;0;SOLEIL;5;17.3;0
Moûtiers;45.48;6.53;25/07/2026;05:00;17.1;0;SOLEIL;1;17.3;0
Moûtiers;45.48;6.53;25/07/2026;06:00;17.1;0;SOLEIL;1;17.6;0
Moûtiers;45.48;6.53;25/07/2026;07:00;17.1;0;SOLEIL;1;18.7;0
Moûtiers;45.48;6.53;25/07/2026;08:00;18.7;0;SOLEIL;5;19.8;0
Moûtiers;45.48;6.53;25/07/2026;09:00;20.5;0;SOLEIL;5;21.2;0
Moûtiers;45.48;6.53;25/07/2026;10:00;22.4;0;SOLEIL;5;23.4;0
Moûtiers;45.48;6.53;25/07/2026;11:00;30.6;0;SOLEIL;3;25.6;0
Moûtiers;45.48;6.53;25/07/2026;12:00;30.6;0;SOLEIL;3;28.1;0
Moûtiers;45.48;6.53;25/07/2026;13:00;30.6;0;SOLEIL;3;30.6;0
Moûtiers;45.48;6.53;25/07/2026;14:00;29.8;0;SOLEIL;5;33.1;0
Moûtiers;45.48;6.53;25/07/2026;15:00;31.6;0;SOLEIL;5;36.0;0
Moûtiers;45.48;6.53;25/07/2026;16:00;29.8;0;SOLEIL;5;39.2;0
Moûtiers;45.48;6.53;25/07/2026;17:00;25;0;SOLEIL;1;42.5;0
Moûtiers;45.48;6.53;25/07/2026;18:00;25;0;SOLEIL;1;45.4;0
Moûtiers;45.48;6.53;25/07/2026;19:00;25;0;SOLEIL;1;47.5;0
Moûtiers;45.48;6.53;25/07/2026;20:00;22.4;0;SOLEIL;5;48.6;0
Moûtiers;45.48;6.53;25/07/2026;21:00;20.5;0;SOLEIL;5;47.9;0
Moûtiers;45.48;6.53;25/07/2026;22:00;18.7;0;SOLEIL;5;45.7;0
Moûtiers;45.48;6.53;25/07/2026;23:00;18.5;0;SOLEIL;1;43.2;0
Moûtiers;45.48;6.53;26/07/2026;00:00;18.5;0;SOLEIL;1;40.0;0
Moûtiers;45.48;6.53;26/07/2026;01:00;18.5;0;SOLEIL;1;37.4;0
Moûtiers;45.48;6.53;26/07/2026;02:00;15.6;6;AVERSES;5;35.6;0
Moûtiers;45.48;6.53;26/07/2026;03:00;15.6;6;AVERSES;5;35.3;0
Moûtiers;45.48;6.53;26/07/2026;04:00;15.6;6;AVERSES;5;35.3;0
Moûtiers;45.48;6.53;26/07/2026;05:00;;6;AVERSES;;36.0;0
Moûtiers;45.48;6.53;26/07/2026;06:00;;6;AVERSES;;36.4;0
Moûtiers;45.48;6.53;26/07/2026;07:00;;6;AVERSES;;36.7;0
Moûtiers;45.48;6.53;26/07/2026;08:00;18.4;6;AVERSES;5;36.7;0
Moûtiers;45.48;6.53;26/07/2026;09:00;19.8;6;AVERSES;5;35.6;0
Moûtiers;45.48;6.53;26/07/2026;10:00;21.2;6;AVERSES;5;34.2;0
Moûtiers;45.48;6.53;26/07/2026;11:00;;6;AVERSES;;32.4;0
Moûtiers;45.48;6.53;26/07/2026;12:00;;6;AVERSES;;31.0;0
Moûtiers;45.48;6.53;26/07/2026;13:00;;6;AVERSES;;29.5;0
Moûtiers;45.48;6.53;26/07/2026;14:00;26.7;6;AVERSES;5;28.8;0
Moûtiers;45.48;6.53;26/07/2026;15:00;28.1;6;AVERSES;5;28.8;0
Moûtiers;45.48;6.53;26/07/2026;16:00;26.7;6;AVERSES;5;29.9;0
Moûtiers;45.48;6.53;26/07/2026;17:00;;6;AVERSES;;31.0;0
Moûtiers;45.48;6.53;26/07/2026;18:00;;6;AVERSES;;32.0;0
Moûtiers;45.48;6.53;26/07/2026;19:00;;6;AVERSES;;33.1;0
Moûtiers;45.48;6.53;26/07/2026;20:00;21.2;6;AVERSES;5;33.1;0
Moûtiers;45.48;6.53;26/07/2026;21:00;19.8;6;AVERSES;5;32.4;0
Moûtiers;45.48;6.53;26/07/2026;22:00;18.4;6;AVERSES;5;31.0;0
Moûtiers;45.48;6.53;26/07/2026;23:00;;6;AVERSES;;29.5;0
Moûtiers;45.48;6.53;27/07/2026;00:00;;6;AVERSES;;27.7;0
Moûtiers;45.48;6.53;27/07/2026;01:00;;6;AVERSES;;25.9;0
Moûtiers;45.48;6.53;27/07/2026;02:00;14.9;6;AVERSES;5;24.5;0
Moûtiers;45.48;6.53;27/07/2026;03:00;14.9;6;AVERSES;5;23.4;0
Moûtiers;45.48;6.53;27/07/2026;04:00;14.9;6;AVERSES;5;22.0;0
Moûtiers;45.48;6.53;27/07/2026;05:00;;6;AVERSES;;20.9;0
Moûtiers;45.48;6.53;27/07/2026;06:00;;6;AVERSES;;19.8;0
Moûtiers;45.48;6.53;27/07/2026;07:00;;6;AVERSES;;19.1;0
Moûtiers;45.48;6.53;27/07/2026;08:00;17.9;6;AVERSES;5;19.1;0
Moûtiers;45.48;6.53;27/07/2026;09:00;19.4;6;AVERSES;5;19.8;0
Moûtiers;45.48;6.53;27/07/2026;10:00;20.9;6;AVERSES;5;21.2;0
Moûtiers;45.48;6.53;27/07/2026;11:00;;6;AVERSES;;23.0;0
Moûtiers;45.48;6.53;27/07/2026;12:00;;6;AVERSES;;24.8;0
Moûtiers;45.48;6.53;27/07/2026;13:00;;6;AVERSES;;26.3;0
Moûtiers;45.48;6.53;27/07/2026;14:00;26.9;6;AVERSES;5;27.4;0
Moûtiers;45.48;6.53;27/07/2026;15:00;28.4;6;AVERSES;5;28.1;0
Moûtiers;45.48;6.53;27/07/2026;16:00;26.9;6;AVERSES;5;28.1;0
Moûtiers;45.48;6.53;27/07/2026;17:00;;6;AVERSES;;28.4;0
Moûtiers;45.48;6.53;27/07/2026;18:00;;6;AVERSES;;28.1;0
Moûtiers;45.48;6.53;27/07/2026;19:00;;6;AVERSES;;27.7;0
Moûtiers;45.48;6.53;27/07/2026;20:00;20.9;6;AVERSES;5;27.0;0
Moûtiers;45.48;6.53;27/07/2026;21:00;19.4;6;AVERSES;5;25.9;0
Moûtiers;45.48;6.53;27/07/2026;22:00;17.9;6;AVERSES;5;24.1;0
Moûtiers;45.48;6.53;27/07/2026;23:00;;6;AVERSES;;22.3;0
Moûtiers;45.48;6.53;28/07/2026;00:00;;6;AVERSES;;20.5;0
Moûtiers;45.48;6.53;28/07/2026;01:00;;6;AVERSES;;18.7;0
Moûtiers;45.48;6.53;28/07/2026;02:00;15.1;6;AVERSES;5;17.3;0
Moûtiers;45.48;6.53;28/07/2026;03:00;15.1;6;AVERSES;5;15.8;0
Moûtiers;45.48;6.53;28/07/2026;04:00;15.1;6;AVERSES;5;14.4;0
Moûtiers;45.48;6.53;28/07/2026;05:00;;6;AVERSES;;13.3;0
Moûtiers;45.48;6.53;28/07/2026;06:00;;6;AVERSES;;12.2;0
Moûtiers;45.48;6.53;28/07/2026;07:00;;6;AVERSES;;12.2;0
Moûtiers;45.48;6.53;28/07/2026;08:00;18.5;6;AVERSES;5;12.6;0
Moûtiers;45.48;6.53;28/07/2026;09:00;20.1;6;AVERSES;5;14.4;0
Moûtiers;45.48;6.53;28/07/2026;10:00;21.8;6;AVERSES;5;17.3;0
Moûtiers;45.48;6.53;28/07/2026;11:00;;6;AVERSES;;20.9;0
Moûtiers;45.48;6.53;28/07/2026;12:00;;6;AVERSES;;24.1;0
Moûtiers;45.48;6.53;28/07/2026;13:00;;6;AVERSES;;27.4;0
Moûtiers;45.48;6.53;28/07/2026;14:00;28.5;6;AVERSES;5;29.5;0
Moûtiers;45.48;6.53;28/07/2026;15:00;30.2;6;AVERSES;5;30.6;0
Moûtiers;45.48;6.53;28/07/2026;16:00;28.5;6;AVERSES;5;31.3;0
Moûtiers;45.48;6.53;28/07/2026;17:00;;6;AVERSES;;31.7;0
Moûtiers;45.48;6.53;28/07/2026;18:00;;6;AVERSES;;31.3;0
Moûtiers;45.48;6.53;28/07/2026;19:00;;6;AVERSES;;31.0;0
Moûtiers;45.48;6.53;28/07/2026;20:00;21.8;6;AVERSES;5;30.2;0
Moûtiers;45.48;6.53;28/07/2026;21:00;20.1;6;AVERSES;5;29.2;0
Moûtiers;45.48;6.53;28/07/2026;22:00;18.5;6;AVERSES;5;27.4;0
Moûtiers;45.48;6.53;28/07/2026;23:00;;6;AVERSES;;25.2;0
Moûtiers;45.48;6.53;29/07/2026;00:00;;6;AVERSES;;23.0;0
Moûtiers;45.48;6.53;29/07/2026;01:00;;6;AVERSES;;21.2;0
Moûtiers;45.48;6.53;29/07/2026;02:00;15.6;6;AVERSES;5;19.8;0
Moûtiers;45.48;6.53;29/07/2026;03:00;15.6;6;AVERSES;5;18.7;0
Moûtiers;45.48;6.53;29/07/2026;04:00;15.6;6;AVERSES;5;18.0;0
Moûtiers;45.48;6.53;29/07/2026;05:00;;6;AVERSES;;17.3;0
Moûtiers;45.48;6.53;29/07/2026;06:00;;6;AVERSES;;16.9;0
Moûtiers;45.48;6.53;29/07/2026;07:00;;6;AVERSES;;16.9;0
Moûtiers;45.48;6.53;29/07/2026;08:00;18.8;6;AVERSES;5;17.6;0
Moûtiers;45.48;6.53;29/07/2026;09:00;20.4;6;AVERSES;5;19.1;0
Moûtiers;45.48;6.53;29/07/2026;10:00;22.0;6;AVERSES;5;21.6;0
Moûtiers;45.48;6.53;29/07/2026;11:00;;6;AVERSES;;24.5;0
Moûtiers;45.48;6.53;29/07/2026;12:00;;6;AVERSES;;27.4;0
Moûtiers;45.48;6.53;29/07/2026;13:00;;6;AVERSES;;29.9;0
Moûtiers;45.48;6.53;29/07/2026;14:00;28.5;6;AVERSES;5;31.7;0
Moûtiers;45.48;6.53;29/07/2026;15:00;30.1;6;AVERSES;5;32.8;0
Moûtiers;45.48;6.53;29/07/2026;16:00;28.5;6;AVERSES;5;33.5;0
Moûtiers;45.48;6.53;29/07/2026;17:00;;6;AVERSES;;33.8;0
Moûtiers;45.48;6.53;29/07/2026;18:00;;6;AVERSES;;33.8;0
Moûtiers;45.48;6.53;29/07/2026;19:00;;6;AVERSES;;33.1;0
Moûtiers;45.48;6.53;29/07/2026;20:00;22.0;6;AVERSES;5;32.4;0
Moûtiers;45.48;6.53;29/07/2026;21:00;20.4;6;AVERSES;5;31.0;0
Moûtiers;45.48;6.53;29/07/2026;22:00;18.8;6;AVERSES;5;28.8;0
Moûtiers;45.48;6.53;29/07/2026;23:00;;6;AVERSES;;25.9;0
Moûtiers;45.48;6.53;30/07/2026;00:00;;6;AVERSES;;23.4;0
Moûtiers;45.48;6.53;30/07/2026;01:00;;6;AVERSES;;20.9;0
Moûtiers;45.48;6.53;30/07/2026;02:00;16;6;AVERSES;5;18.7;0
Moûtiers;45.48;6.53;30/07/2026;03:00;16;6;AVERSES;5;16.9;0
Moûtiers;45.48;6.53;30/07/2026;04:00;16;6;AVERSES;5;15.1;0
Moûtiers;45.48;6.53;30/07/2026;05:00;;6;AVERSES;;13.3;0
Moûtiers;45.48;6.53;30/07/2026;06:00;;6;AVERSES;;12.2;0
Moûtiers;45.48;6.53;30/07/2026;07:00;;6;AVERSES;;11.5;0
Moûtiers;45.48;6.53;30/07/2026;08:00;19.0;6;AVERSES;5;11.9;0
Moûtiers;45.48;6.53;30/07/2026;09:00;20.5;6;AVERSES;5;13.3;0
Moûtiers;45.48;6.53;30/07/2026;10:00;22.0;6;AVERSES;5;15.8;0
Moûtiers;45.48;6.53;30/07/2026;11:00;;6;AVERSES;;19.4;0
Moûtiers;45.48;6.53;30/07/2026;12:00;;6;AVERSES;;22.7;0
Moûtiers;45.48;6.53;30/07/2026;13:00;;6;AVERSES;;25.6;0
Moûtiers;45.48;6.53;30/07/2026;14:00;27.9;6;AVERSES;5;27.7;0
Moûtiers;45.48;6.53;30/07/2026;15:00;29.4;6;AVERSES;5;28.8;0
Moûtiers;45.48;6.53;30/07/2026;16:00;27.9;6;AVERSES;5;29.2;0
Moûtiers;45.48;6.53;30/07/2026;17:00;;6;AVERSES;;29.5;0
Moûtiers;45.48;6.53;30/07/2026;18:00;;6;AVERSES;;29.2;0
Moûtiers;45.48;6.53;30/07/2026;19:00;;6;AVERSES;;29.2;0
Moûtiers;45.48;6.53;30/07/2026;20:00;22.0;6;AVERSES;5;29.2;0
Moûtiers;45.48;6.53;30/07/2026;21:00;20.5;6;AVERSES;5;29.2;0
Moûtiers;45.48;6.53;30/07/2026;22:00;19.0;6;AVERSES;5;29.5;0
Moûtiers;45.48;6.53;30/07/2026;23:00;17.5;6;AVERSES;5;29.5;0
Moûtiers;45.48;6.53;31/07/2026;00:00;12;0;SOLEIL;5;23.2;0
Moûtiers;45.48;6.53;31/07/2026;01:00;12;0;SOLEIL;5;17.3;0
Moûtiers;45.48;6.53;31/07/2026;02:00;12;0;SOLEIL;5;11.4;0
Moûtiers;45.48;6.53;31/07/2026;03:00;12;0;SOLEIL;5;5.4;0
Moûtiers;45.48;6.53;31/07/2026;04:00;12;0;SOLEIL;5;4.7;0
Moûtiers;45.48;6.53;31/07/2026;05:00;12;0;SOLEIL;5;4.3;0
Moûtiers;45.48;6.53;31/07/2026;06:00;12;0;SOLEIL;5;3.6;0
Moûtiers;45.48;6.53;31/07/2026;07:00;13.1;0;SOLEIL;5;3.2;0
Moûtiers;45.48;6.53;31/07/2026;08:00;14.2;0;SOLEIL;5;3.2;0
Moûtiers;45.48;6.53;31/07/2026;09:00;15.3;0;SOLEIL;5;4.3;0
Moûtiers;45.48;6.53;31/07/2026;10:00;16.4;0;SOLEIL;5;5.8;0
Moûtiers;45.48;6.53;31/07/2026;11:00;17.6;0;SOLEIL;5;7.2;0
Moûtiers;45.48;6.53;31/07/2026;12:00;18.7;0;SOLEIL;5;7.9;0
Moûtiers;45.48;6.53;31/07/2026;13:00;19.8;0;SOLEIL;5;7.9;0
Moûtiers;45.48;6.53;31/07/2026;14:00;20.9;0;SOLEIL;5;7.9;0
Moûtiers;45.48;6.53;31/07/2026;15:00;22.0;0;SOLEIL;5;7.6;0
Moûtiers;45.48;6.53;31/07/2026;16:00;20.9;0;SOLEIL;5;6.8;0
Moûtiers;45.48;6.53;31/07/2026;17:00;19.8;0;SOLEIL;5;6.5;0
Moûtiers;45.48;6.53;31/07/2026;18:00;18.7;0;SOLEIL;5;6.1;0
Moûtiers;45.48;6.53;31/07/2026;19:00;17.6;0;SOLEIL;5;6.1;0
Moûtiers;45.48;6.53;31/07/2026;20:00;16.4;0;SOLEIL;5;5.8;0
Moûtiers;45.48;6.53;31/07/2026;21:00;15.3;0;SOLEIL;5;5.8;0
Moûtiers;45.48;6.53;31/07/2026;22:00;14.2;0;SOLEIL;5;5.4;0
Moûtiers;45.48;6.53;31/07/2026;23:00;13.1;0;SOLEIL;5;5.4;0
Moûtiers;45.48;6.53;01/08/2026;00:00;12;0;SOLEIL;5;0.0;0
Moûtiers;45.48;6.53;01/08/2026;01:00;12;0;SOLEIL;5;0.0;0
Moûtiers;45.48;6.53;01/08/2026;02:00;12;0;SOLEIL;5;0.0;0
Moûtiers;45.48;6.53;01/08/2026;03:00;12;0;SOLEIL;5;0.0;0
Moûtiers;45.48;6.53;01/08/2026;04:00;12;0;SOLEIL;5;0.0;0
Moûtiers;45.48;6.53;01/08/2026;05:00;12;0;SOLEIL;5;0.0;0
Moûtiers;45.48;6.53;01/08/2026;06:00;12;0;SOLEIL;5;0.0;0
Moûtiers;45.48;6.53;01/08/2026;07:00;13.1;0;SOLEIL;5;0.0;0
Moûtiers;45.48;6.53;01/08/2026;08:00;14.2;0;SOLEIL;5;0.0;0
Moûtiers;45.48;6.53;01/08/2026;09:00;15.3;0;SOLEIL;5;0.0;0
Moûtiers;45.48;6.53;01/08/2026;10:00;16.4;0;SOLEIL;5;0.0;0
Moûtiers;45.48;6.53;01/08/2026;11:00;17.6;0;SOLEIL;5;0.0;0
Moûtiers;45.48;6.53;01/08/2026;12:00;18.7;0;SOLEIL;5;0.0;0
Moûtiers;45.48;6.53;01/08/2026;13:00;19.8;0;SOLEIL;5;0.0;0
Moûtiers;45.48;6.53;01/08/2026;14:00;20.9;0;SOLEIL;5;0.0;0
Moûtiers;45.48;6.53;01/08/2026;15:00;22.0;0;SOLEIL;5;0.0;0
Moûtiers;45.48;6.53;01/08/2026;16:00;20.9;0;SOLEIL;5;0.0;0
Moûtiers;45.48;6.53;01/08/2026;17:00;19.8;0;SOLEIL;5;0.0;0
Moûtiers;45.48;6.53;01/08/2026;18:00;18.7;0;SOLEIL;5;0.0;0
Moûtiers;45.48;6.53;01/08/2026;19:00;17.6;0;SOLEIL;5;0.0;0
Moûtiers;45.48;6.53;01/08/2026;20:00;16.4;0;SOLEIL;5;0.0;0
Moûtiers;45.48;6.53;01/08/2026;21:00;15.3;0;SOLEIL;5;0.0;0
Moûtiers;45.48;6.53;01/08/2026;22:00;14.2;0;SOLEIL;5;0.0;0
Moûtiers;45.48;6.53;01/08/2026;23:00;13.1;0;SOLEIL;5;0.0;0
Annecy;45.9;6.12;17/07/2026;00:00;19.6;10;ORAGEUX;6;20.2;2.8
Annecy;45.9;6.12;17/07/2026;01:00;19.6;10;ORAGEUX;6;15.1;2.7
Annecy;45.9;6.12;17/07/2026;02:00;19.9;6;AVERSES;6;23.4;0.6
Annecy;45.9;6.12;17/07/2026;03:00;18.9;2;NUAGEUX;6;26.3;0
Annecy;45.9;6.12;17/07/2026;04:00;19.9;6;AVERSES;6;23.8;0.1
Annecy;45.9;6.12;17/07/2026;05:00;20.7;6;AVERSES;4;15.5;0.1
Annecy;45.9;6.12;17/07/2026;06:00;20.6;6;AVERSES;7;16.9;0.1
Annecy;45.9;6.12;17/07/2026;07:00;22.2;0;SOLEIL;4;28.1;0
Annecy;45.9;6.12;17/07/2026;08:00;22.7;0;SOLEIL;2;26.6;0
Annecy;45.9;6.12;17/07/2026;09:00;24.6;0;SOLEIL;3;14.0;0
Annecy;45.9;6.12;17/07/2026;10:00;25.2;0;SOLEIL;3;12.6;0
Annecy;45.9;6.12;17/07/2026;11:00;25.1;6;AVERSES;4;12.6;0.1
Annecy;45.9;6.12;17/07/2026;12:00;26.6;0;SOLEIL;4;20.5;0
Annecy;45.9;6.12;17/07/2026;13:00;27;0;SOLEIL;4;29.2;0
Annecy;45.9;6.12;17/07/2026;14:00;28.6;0;SOLEIL;4;31.3;0
Annecy;45.9;6.12;17/07/2026;15:00;28.5;0;SOLEIL;3;30.6;0
Annecy;45.9;6.12;17/07/2026;16:00;26.7;0;SOLEIL;3;29.2;0
Annecy;45.9;6.12;17/07/2026;17:00;25.4;0;SOLEIL;3;25.6;0
Annecy;45.9;6.12;17/07/2026;18:00;24.1;6;AVERSES;2;53.6;0.1
Annecy;45.9;6.12;17/07/2026;19:00;22.5;9;NEIGE;2;55.8;0.1
Annecy;45.9;6.12;17/07/2026;20:00;20.6;9;NEIGE;2;51.5;0.1
Annecy;45.9;6.12;17/07/2026;21:00;20.2;0;SOLEIL;3;37.1;0
Annecy;45.9;6.12;17/07/2026;22:00;19.4;0;SOLEIL;2;27.0;0
Annecy;45.9;6.12;17/07/2026;23:00;19.1;0;SOLEIL;2;11.2;0
Annecy;45.9;6.12;18/07/2026;00:00;19.4;0;SOLEIL;2;7.6;0
Annecy;45.9;6.12;18/07/2026;01:00;19.4;0;SOLEIL;2;6.1;0
Annecy;45.9;6.12;18/07/2026;02:00;18.6;0;SOLEIL;0;5.4;0
Annecy;45.9;6.12;18/07/2026;03:00;18.6;0;SOLEIL;0;4.7;0
Annecy;45.9;6.12;18/07/2026;04:00;18.6;0;SOLEIL;0;5.0;0
Annecy;45.9;6.12;18/07/2026;05:00;19;0;SOLEIL;0;4.0;0
Annecy;45.9;6.12;18/07/2026;06:00;19;0;SOLEIL;0;4.3;0
Annecy;45.9;6.12;18/07/2026;07:00;19;0;SOLEIL;0;4.0;0
Annecy;45.9;6.12;18/07/2026;08:00;23.1;0;SOLEIL;1;6.8;0
Annecy;45.9;6.12;18/07/2026;09:00;23.1;0;SOLEIL;1;5.0;0
Annecy;45.9;6.12;18/07/2026;10:00;23.1;0;SOLEIL;1;7.9;0
Annecy;45.9;6.12;18/07/2026;11:00;25.6;0;SOLEIL;2;11.5;0
Annecy;45.9;6.12;18/07/2026;12:00;25.6;0;SOLEIL;2;12.2;0
Annecy;45.9;6.12;18/07/2026;13:00;25.6;0;SOLEIL;2;13.1;0
Annecy;45.9;6.12;18/07/2026;14:00;26;0;SOLEIL;2;15.9;0
Annecy;45.9;6.12;18/07/2026;15:00;26;0;SOLEIL;2;20.9;0
Annecy;45.9;6.12;18/07/2026;16:00;26;0;SOLEIL;2;21.2;0
Annecy;45.9;6.12;18/07/2026;17:00;25.4;0;SOLEIL;1;19.4;0
Annecy;45.9;6.12;18/07/2026;18:00;25.4;0;SOLEIL;1;17.3;0
Annecy;45.9;6.12;18/07/2026;19:00;25.4;0;SOLEIL;1;17.3;0
Annecy;45.9;6.12;18/07/2026;20:00;20.7;0;SOLEIL;1;17.3;0
Annecy;45.9;6.12;18/07/2026;21:00;20.7;0;SOLEIL;1;13.7;0
Annecy;45.9;6.12;18/07/2026;22:00;20.7;0;SOLEIL;1;8.3;0
Annecy;45.9;6.12;18/07/2026;23:00;18.2;0;SOLEIL;1;5.4;0
Annecy;45.9;6.12;19/07/2026;00:00;18.2;0;SOLEIL;1;3.6;0
Annecy;45.9;6.12;19/07/2026;01:00;18.2;0;SOLEIL;1;2.9;0
Annecy;45.9;6.12;19/07/2026;02:00;16.6;0;SOLEIL;1;4.0;0
Annecy;45.9;6.12;19/07/2026;03:00;16.6;0;SOLEIL;1;5.4;0
Annecy;45.9;6.12;19/07/2026;04:00;16.6;0;SOLEIL;1;6.1;0
Annecy;45.9;6.12;19/07/2026;05:00;18.2;0;SOLEIL;1;6.5;0
Annecy;45.9;6.12;19/07/2026;06:00;18.2;0;SOLEIL;1;6.5;0
Annecy;45.9;6.12;19/07/2026;07:00;18.2;0;SOLEIL;1;6.8;0
Annecy;45.9;6.12;19/07/2026;08:00;23.1;0;SOLEIL;2;6.8;0
Annecy;45.9;6.12;19/07/2026;09:00;23.1;0;SOLEIL;2;7.2;0
Annecy;45.9;6.12;19/07/2026;10:00;23.1;0;SOLEIL;2;10.1;0
Annecy;45.9;6.12;19/07/2026;11:00;24.7;0;SOLEIL;2;11.5;0
Annecy;45.9;6.12;19/07/2026;12:00;24.7;0;SOLEIL;2;15.5;0
Annecy;45.9;6.12;19/07/2026;13:00;24.7;0;SOLEIL;2;16.2;0
Annecy;45.9;6.12;19/07/2026;14:00;25.1;0;SOLEIL;3;16.9;0
Annecy;45.9;6.12;19/07/2026;15:00;25.1;0;SOLEIL;3;21.6;0
Annecy;45.9;6.12;19/07/2026;16:00;25.1;0;SOLEIL;3;25.2;0
Annecy;45.9;6.12;19/07/2026;17:00;23.4;0;SOLEIL;2;36.0;0
Annecy;45.9;6.12;19/07/2026;18:00;23.4;0;SOLEIL;2;32.0;0
Annecy;45.9;6.12;19/07/2026;19:00;23.4;0;SOLEIL;2;29.2;0
Annecy;45.9;6.12;19/07/2026;20:00;20.3;0;SOLEIL;5;27.0;0
Annecy;45.9;6.12;19/07/2026;21:00;19.1;0;SOLEIL;5;20.5;0
Annecy;45.9;6.12;19/07/2026;22:00;17.9;0;SOLEIL;5;13.0;0
Annecy;45.9;6.12;19/07/2026;23:00;18;0;SOLEIL;2;7.2;0
Annecy;45.9;6.12;20/07/2026;00:00;18;0;SOLEIL;2;5.0;0
Annecy;45.9;6.12;20/07/2026;01:00;18;0;SOLEIL;2;5.4;0
Annecy;45.9;6.12;20/07/2026;02:00;14.4;0;SOLEIL;5;5.4;0
Annecy;45.9;6.12;20/07/2026;03:00;14.4;0;SOLEIL;5;5.0;0
Annecy;45.9;6.12;20/07/2026;04:00;14.4;0;SOLEIL;5;5.0;0
Annecy;45.9;6.12;20/07/2026;05:00;17;0;SOLEIL;3;5.0;0
Annecy;45.9;6.12;20/07/2026;06:00;17;0;SOLEIL;3;5.0;0
Annecy;45.9;6.12;20/07/2026;07:00;17;0;SOLEIL;3;5.8;0
Annecy;45.9;6.12;20/07/2026;08:00;17.5;0;SOLEIL;5;7.2;0
Annecy;45.9;6.12;20/07/2026;09:00;19.0;0;SOLEIL;5;10.4;0
Annecy;45.9;6.12;20/07/2026;10:00;20.5;0;SOLEIL;5;15.1;0
Annecy;45.9;6.12;20/07/2026;11:00;26.9;0;SOLEIL;2;19.1;0
Annecy;45.9;6.12;20/07/2026;12:00;26.9;0;SOLEIL;2;22.0;0
Annecy;45.9;6.12;20/07/2026;13:00;26.9;0;SOLEIL;2;24.8;0
Annecy;45.9;6.12;20/07/2026;14:00;26.7;0;SOLEIL;5;26.6;0
Annecy;45.9;6.12;20/07/2026;15:00;28.2;0;SOLEIL;5;27.7;0
Annecy;45.9;6.12;20/07/2026;16:00;26.7;0;SOLEIL;5;28.4;0
Annecy;45.9;6.12;20/07/2026;17:00;26.2;0;SOLEIL;4;28.4;0
Annecy;45.9;6.12;20/07/2026;18:00;26.2;0;SOLEIL;4;28.8;0
Annecy;45.9;6.12;20/07/2026;19:00;26.2;0;SOLEIL;4;28.8;0
Annecy;45.9;6.12;20/07/2026;20:00;20.5;0;SOLEIL;5;27.4;0
Annecy;45.9;6.12;20/07/2026;21:00;19.0;0;SOLEIL;5;23.4;0
Annecy;45.9;6.12;20/07/2026;22:00;17.5;0;SOLEIL;5;18.0;0
Annecy;45.9;6.12;20/07/2026;23:00;16.1;0;SOLEIL;4;13.7;0
Annecy;45.9;6.12;21/07/2026;00:00;16.1;0;SOLEIL;4;10.8;0
Annecy;45.9;6.12;21/07/2026;01:00;16.1;0;SOLEIL;4;9.0;0
Annecy;45.9;6.12;21/07/2026;02:00;12.9;0;SOLEIL;5;7.6;0
Annecy;45.9;6.12;21/07/2026;03:00;12.9;0;SOLEIL;5;6.1;0
Annecy;45.9;6.12;21/07/2026;04:00;12.9;0;SOLEIL;5;5.0;0
Annecy;45.9;6.12;21/07/2026;05:00;15.9;0;SOLEIL;3;4.7;0
Annecy;45.9;6.12;21/07/2026;06:00;15.9;0;SOLEIL;3;5.4;0
Annecy;45.9;6.12;21/07/2026;07:00;15.9;0;SOLEIL;3;6.5;0
Annecy;45.9;6.12;21/07/2026;08:00;16.0;0;SOLEIL;5;9.7;0
Annecy;45.9;6.12;21/07/2026;09:00;17.6;0;SOLEIL;5;15.1;0
Annecy;45.9;6.12;21/07/2026;10:00;19.2;0;SOLEIL;5;22.3;0
Annecy;45.9;6.12;21/07/2026;11:00;25.1;0;SOLEIL;4;29.5;0
Annecy;45.9;6.12;21/07/2026;12:00;25.1;0;SOLEIL;4;34.7;0
Annecy;45.9;6.12;21/07/2026;13:00;25.1;0;SOLEIL;4;40.1;0
Annecy;45.9;6.12;21/07/2026;14:00;25.4;0;SOLEIL;5;44.1;0
Annecy;45.9;6.12;21/07/2026;15:00;27.0;0;SOLEIL;5;46.4;0
Annecy;45.9;6.12;21/07/2026;16:00;25.4;0;SOLEIL;5;49.0;0
Annecy;45.9;6.12;21/07/2026;17:00;25.1;0;SOLEIL;4;49.3;0
Annecy;45.9;6.12;21/07/2026;18:00;25.1;0;SOLEIL;4;47.5;0
Annecy;45.9;6.12;21/07/2026;19:00;25.1;0;SOLEIL;4;44.3;0
Annecy;45.9;6.12;21/07/2026;20:00;19.2;0;SOLEIL;5;39.2;0
Annecy;45.9;6.12;21/07/2026;21:00;17.6;0;SOLEIL;5;31.7;0
Annecy;45.9;6.12;21/07/2026;22:00;16.0;0;SOLEIL;5;22.7;0
Annecy;45.9;6.12;21/07/2026;23:00;15.6;0;SOLEIL;3;15.5;0
Annecy;45.9;6.12;22/07/2026;00:00;15.6;0;SOLEIL;3;11.5;0
Annecy;45.9;6.12;22/07/2026;01:00;15.6;0;SOLEIL;3;9.7;0
Annecy;45.9;6.12;22/07/2026;02:00;13;0;SOLEIL;5;8.6;0
Annecy;45.9;6.12;22/07/2026;03:00;13;0;SOLEIL;5;8.3;0
Annecy;45.9;6.12;22/07/2026;04:00;13;0;SOLEIL;5;8.6;0
Annecy;45.9;6.12;22/07/2026;05:00;15.6;0;SOLEIL;3;9.0;0
Annecy;45.9;6.12;22/07/2026;06:00;15.6;0;SOLEIL;3;8.6;0
Annecy;45.9;6.12;22/07/2026;07:00;15.6;0;SOLEIL;3;8.6;0
Annecy;45.9;6.12;22/07/2026;08:00;16.4;0;SOLEIL;5;9.0;0
Annecy;45.9;6.12;22/07/2026;09:00;18.2;0;SOLEIL;5;10.4;0
Annecy;45.9;6.12;22/07/2026;10:00;19.9;0;SOLEIL;5;12.6;0
Annecy;45.9;6.12;22/07/2026;11:00;26.2;0;SOLEIL;3;14.8;0
Annecy;45.9;6.12;22/07/2026;12:00;26.2;0;SOLEIL;3;16.9;0
Annecy;45.9;6.12;22/07/2026;13:00;26.2;0;SOLEIL;3;19.1;0
Annecy;45.9;6.12;22/07/2026;14:00;26.8;0;SOLEIL;5;20.5;0
Annecy;45.9;6.12;22/07/2026;15:00;28.5;0;SOLEIL;5;20.5;0
Annecy;45.9;6.12;22/07/2026;16:00;26.8;0;SOLEIL;5;19.4;0
Annecy;45.9;6.12;22/07/2026;17:00;25.7;0;SOLEIL;3;18.0;0
Annecy;45.9;6.12;22/07/2026;18:00;25.7;0;SOLEIL;3;16.9;0
Annecy;45.9;6.12;22/07/2026;19:00;25.7;0;SOLEIL;3;15.1;0
Annecy;45.9;6.12;22/07/2026;20:00;19.9;0;SOLEIL;5;13.7;0
Annecy;45.9;6.12;22/07/2026;21:00;18.2;0;SOLEIL;5;11.5;0
Annecy;45.9;6.12;22/07/2026;22:00;16.4;0;SOLEIL;5;9.4;0
Annecy;45.9;6.12;22/07/2026;23:00;16.9;0;SOLEIL;3;7.9;0
Annecy;45.9;6.12;23/07/2026;00:00;16.9;0;SOLEIL;3;8.3;0
Annecy;45.9;6.12;23/07/2026;01:00;16.9;0;SOLEIL;3;9.4;0
Annecy;45.9;6.12;23/07/2026;02:00;13.7;0;SOLEIL;5;10.1;0
Annecy;45.9;6.12;23/07/2026;03:00;13.7;0;SOLEIL;5;10.1;0
Annecy;45.9;6.12;23/07/2026;04:00;13.7;0;SOLEIL;5;9.7;0
Annecy;45.9;6.12;23/07/2026;05:00;16.1;0;SOLEIL;2;9.4;0
Annecy;45.9;6.12;23/07/2026;06:00;16.1;0;SOLEIL;2;9.0;0
Annecy;45.9;6.12;23/07/2026;07:00;16.1;0;SOLEIL;2;9.0;0
Annecy;45.9;6.12;23/07/2026;08:00;16.5;0;SOLEIL;5;9.7;0
Annecy;45.9;6.12;23/07/2026;09:00;18.0;0;SOLEIL;5;11.5;0
Annecy;45.9;6.12;23/07/2026;10:00;19.4;0;SOLEIL;5;14.0;0
Annecy;45.9;6.12;23/07/2026;11:00;24.4;0;SOLEIL;3;16.9;0
Annecy;45.9;6.12;23/07/2026;12:00;24.4;0;SOLEIL;3;20.2;0
Annecy;45.9;6.12;23/07/2026;13:00;24.4;0;SOLEIL;3;23.4;0
Annecy;45.9;6.12;23/07/2026;14:00;25.1;0;SOLEIL;5;26.6;0
Annecy;45.9;6.12;23/07/2026;15:00;26.5;0;SOLEIL;5;29.9;0
Annecy;45.9;6.12;23/07/2026;16:00;25.1;0;SOLEIL;5;32.8;0
Annecy;45.9;6.12;23/07/2026;17:00;24.6;0;SOLEIL;4;33.8;0
Annecy;45.9;6.12;23/07/2026;18:00;24.6;0;SOLEIL;4;31.7;0
Annecy;45.9;6.12;23/07/2026;19:00;24.6;0;SOLEIL;4;27.4;0
Annecy;45.9;6.12;23/07/2026;20:00;19.4;0;SOLEIL;5;22.7;0
Annecy;45.9;6.12;23/07/2026;21:00;18.0;0;SOLEIL;5;17.6;0
Annecy;45.9;6.12;23/07/2026;22:00;16.5;0;SOLEIL;5;12.6;0
Annecy;45.9;6.12;23/07/2026;23:00;16.5;0;SOLEIL;3;9.4;0
Annecy;45.9;6.12;24/07/2026;00:00;16.5;0;SOLEIL;3;15.6;0
Annecy;45.9;6.12;24/07/2026;01:00;16.5;0;SOLEIL;3;21.2;0
Annecy;45.9;6.12;24/07/2026;02:00;13.4;0;SOLEIL;5;24.9;0
Annecy;45.9;6.12;24/07/2026;03:00;13.4;0;SOLEIL;5;25.6;0
Annecy;45.9;6.12;24/07/2026;04:00;13.4;0;SOLEIL;5;21.6;0
Annecy;45.9;6.12;24/07/2026;05:00;16.4;0;SOLEIL;2;17.3;0
Annecy;45.9;6.12;24/07/2026;06:00;16.4;0;SOLEIL;2;13.0;0
Annecy;45.9;6.12;24/07/2026;07:00;16.4;0;SOLEIL;2;10.1;0
Annecy;45.9;6.12;24/07/2026;08:00;16.9;0;SOLEIL;5;8.6;0
Annecy;45.9;6.12;24/07/2026;09:00;18.6;0;SOLEIL;5;9.4;0
Annecy;45.9;6.12;24/07/2026;10:00;20.4;0;SOLEIL;5;11.5;0
Annecy;45.9;6.12;24/07/2026;11:00;27.6;0;SOLEIL;3;14.8;0
Annecy;45.9;6.12;24/07/2026;12:00;27.6;0;SOLEIL;3;18.0;0
Annecy;45.9;6.12;24/07/2026;13:00;27.6;0;SOLEIL;3;21.2;0
Annecy;45.9;6.12;24/07/2026;14:00;27.4;0;SOLEIL;5;23.8;0
Annecy;45.9;6.12;24/07/2026;15:00;29.1;0;SOLEIL;5;25.6;0
Annecy;45.9;6.12;24/07/2026;16:00;27.4;0;SOLEIL;5;27.0;0
Annecy;45.9;6.12;24/07/2026;17:00;25.5;0;SOLEIL;3;28.1;0
Annecy;45.9;6.12;24/07/2026;18:00;25.5;0;SOLEIL;3;28.8;0
Annecy;45.9;6.12;24/07/2026;19:00;25.5;0;SOLEIL;3;29.2;0
Annecy;45.9;6.12;24/07/2026;20:00;20.4;0;SOLEIL;5;28.8;0
Annecy;45.9;6.12;24/07/2026;21:00;18.6;0;SOLEIL;5;27.7;0
Annecy;45.9;6.12;24/07/2026;22:00;16.9;0;SOLEIL;5;25.6;0
Annecy;45.9;6.12;24/07/2026;23:00;18.1;0;SOLEIL;2;22.7;0
Annecy;45.9;6.12;25/07/2026;00:00;18.1;0;SOLEIL;2;20.2;0
Annecy;45.9;6.12;25/07/2026;01:00;18.1;0;SOLEIL;2;18.0;0
Annecy;45.9;6.12;25/07/2026;02:00;15;0;SOLEIL;5;16.6;0
Annecy;45.9;6.12;25/07/2026;03:00;15;0;SOLEIL;5;16.2;0
Annecy;45.9;6.12;25/07/2026;04:00;15;0;SOLEIL;5;16.2;0
Annecy;45.9;6.12;25/07/2026;05:00;18.1;0;SOLEIL;2;16.6;0
Annecy;45.9;6.12;25/07/2026;06:00;18.1;0;SOLEIL;2;17.3;0
Annecy;45.9;6.12;25/07/2026;07:00;18.1;0;SOLEIL;2;18.4;0
Annecy;45.9;6.12;25/07/2026;08:00;18.1;0;SOLEIL;5;19.4;0
Annecy;45.9;6.12;25/07/2026;09:00;19.7;0;SOLEIL;5;20.9;0
Annecy;45.9;6.12;25/07/2026;10:00;21.2;0;SOLEIL;5;22.7;0
Annecy;45.9;6.12;25/07/2026;11:00;28;0;SOLEIL;3;24.5;0
Annecy;45.9;6.12;25/07/2026;12:00;28;0;SOLEIL;3;26.6;0
Annecy;45.9;6.12;25/07/2026;13:00;28;0;SOLEIL;3;28.4;0
Annecy;45.9;6.12;25/07/2026;14:00;27.4;0;SOLEIL;5;30.2;0
Annecy;45.9;6.12;25/07/2026;15:00;29.0;0;SOLEIL;5;31.7;0
Annecy;45.9;6.12;25/07/2026;16:00;27.4;0;SOLEIL;5;33.1;0
Annecy;45.9;6.12;25/07/2026;17:00;24.1;0;SOLEIL;3;34.2;0
Annecy;45.9;6.12;25/07/2026;18:00;24.1;0;SOLEIL;3;35.3;0
Annecy;45.9;6.12;25/07/2026;19:00;24.1;0;SOLEIL;3;36.0;0
Annecy;45.9;6.12;25/07/2026;20:00;21.2;0;SOLEIL;5;36.4;0
Annecy;45.9;6.12;25/07/2026;21:00;19.7;0;SOLEIL;5;36.4;0
Annecy;45.9;6.12;25/07/2026;22:00;18.1;0;SOLEIL;5;36.0;0
Annecy;45.9;6.12;25/07/2026;23:00;18.9;0;SOLEIL;0;35.3;0
Annecy;45.9;6.12;26/07/2026;00:00;18.9;0;SOLEIL;0;34.2;0
Annecy;45.9;6.12;26/07/2026;01:00;18.9;0;SOLEIL;0;32.8;0
Annecy;45.9;6.12;26/07/2026;02:00;15.4;0;SOLEIL;5;31.0;0
Annecy;45.9;6.12;26/07/2026;03:00;15.4;0;SOLEIL;5;28.4;0
Annecy;45.9;6.12;26/07/2026;04:00;15.4;0;SOLEIL;5;24.8;0
Annecy;45.9;6.12;26/07/2026;05:00;;0;SOLEIL;;20.9;0
Annecy;45.9;6.12;26/07/2026;06:00;;0;SOLEIL;;17.3;0
Annecy;45.9;6.12;26/07/2026;07:00;;0;SOLEIL;;14.4;0
Annecy;45.9;6.12;26/07/2026;08:00;17.5;0;SOLEIL;5;13.7;0
Annecy;45.9;6.12;26/07/2026;09:00;18.5;0;SOLEIL;5;15.1;0
Annecy;45.9;6.12;26/07/2026;10:00;19.5;0;SOLEIL;5;18.4;0
Annecy;45.9;6.12;26/07/2026;11:00;;0;SOLEIL;;22.3;0
Annecy;45.9;6.12;26/07/2026;12:00;;0;SOLEIL;;27.0;0
Annecy;45.9;6.12;26/07/2026;13:00;;0;SOLEIL;;31.0;0
Annecy;45.9;6.12;26/07/2026;14:00;23.7;0;SOLEIL;5;33.5;0
Annecy;45.9;6.12;26/07/2026;15:00;24.7;0;SOLEIL;5;34.9;0
Annecy;45.9;6.12;26/07/2026;16:00;23.7;0;SOLEIL;5;36.0;0
Annecy;45.9;6.12;26/07/2026;17:00;;0;SOLEIL;;36.7;0
Annecy;45.9;6.12;26/07/2026;18:00;;0;SOLEIL;;36.7;0
Annecy;45.9;6.12;26/07/2026;19:00;;0;SOLEIL;;36.4;0
Annecy;45.9;6.12;26/07/2026;20:00;19.5;0;SOLEIL;5;35.3;0
Annecy;45.9;6.12;26/07/2026;21:00;18.5;0;SOLEIL;5;33.5;0
Annecy;45.9;6.12;26/07/2026;22:00;17.5;0;SOLEIL;5;30.6;0
Annecy;45.9;6.12;26/07/2026;23:00;;0;SOLEIL;;27.0;0
Annecy;45.9;6.12;27/07/2026;00:00;;0;SOLEIL;;23.4;0
Annecy;45.9;6.12;27/07/2026;01:00;;0;SOLEIL;;20.2;0
Annecy;45.9;6.12;27/07/2026;02:00;14.1;0;SOLEIL;5;17.6;0
Annecy;45.9;6.12;27/07/2026;03:00;14.1;0;SOLEIL;5;15.5;0
Annecy;45.9;6.12;27/07/2026;04:00;14.1;0;SOLEIL;5;13.3;0
Annecy;45.9;6.12;27/07/2026;05:00;;0;SOLEIL;;11.2;0
Annecy;45.9;6.12;27/07/2026;06:00;;0;SOLEIL;;9.7;0
Annecy;45.9;6.12;27/07/2026;07:00;;0;SOLEIL;;9.0;0
Annecy;45.9;6.12;27/07/2026;08:00;17.0;0;SOLEIL;5;9.4;0
Annecy;45.9;6.12;27/07/2026;09:00;18.4;0;SOLEIL;5;11.2;0
Annecy;45.9;6.12;27/07/2026;10:00;19.9;0;SOLEIL;5;14.4;0
Annecy;45.9;6.12;27/07/2026;11:00;;0;SOLEIL;;18.0;0
Annecy;45.9;6.12;27/07/2026;12:00;;0;SOLEIL;;22.0;0
Annecy;45.9;6.12;27/07/2026;13:00;;0;SOLEIL;;25.6;0
Annecy;45.9;6.12;27/07/2026;14:00;25.7;0;SOLEIL;5;27.7;0
Annecy;45.9;6.12;27/07/2026;15:00;27.1;0;SOLEIL;5;28.8;0
Annecy;45.9;6.12;27/07/2026;16:00;25.7;0;SOLEIL;5;28.8;0
Annecy;45.9;6.12;27/07/2026;17:00;;0;SOLEIL;;28.4;0
Annecy;45.9;6.12;27/07/2026;18:00;;0;SOLEIL;;27.7;0
Annecy;45.9;6.12;27/07/2026;19:00;;0;SOLEIL;;27.0;0
Annecy;45.9;6.12;27/07/2026;20:00;19.9;0;SOLEIL;5;25.9;0
Annecy;45.9;6.12;27/07/2026;21:00;18.4;0;SOLEIL;5;24.8;0
Annecy;45.9;6.12;27/07/2026;22:00;17.0;0;SOLEIL;5;23.8;0
Annecy;45.9;6.12;27/07/2026;23:00;;6;AVERSES;;22.0;0
Annecy;45.9;6.12;28/07/2026;00:00;;6;AVERSES;;20.5;0
Annecy;45.9;6.12;28/07/2026;01:00;;6;AVERSES;;18.7;0
Annecy;45.9;6.12;28/07/2026;02:00;14.1;6;AVERSES;5;17.3;0
Annecy;45.9;6.12;28/07/2026;03:00;14.1;6;AVERSES;5;15.5;0
Annecy;45.9;6.12;28/07/2026;04:00;14.1;6;AVERSES;5;13.0;0
Annecy;45.9;6.12;28/07/2026;05:00;;6;AVERSES;;10.8;0
Annecy;45.9;6.12;28/07/2026;06:00;;6;AVERSES;;8.6;0
Annecy;45.9;6.12;28/07/2026;07:00;;6;AVERSES;;7.6;0
Annecy;45.9;6.12;28/07/2026;08:00;16.9;6;AVERSES;5;7.6;0
Annecy;45.9;6.12;28/07/2026;09:00;18.3;6;AVERSES;5;9.4;0
Annecy;45.9;6.12;28/07/2026;10:00;19.7;6;AVERSES;5;12.6;0
Annecy;45.9;6.12;28/07/2026;11:00;;6;AVERSES;;16.2;0
Annecy;45.9;6.12;28/07/2026;12:00;;6;AVERSES;;20.5;0
Annecy;45.9;6.12;28/07/2026;13:00;;6;AVERSES;;24.1;0
Annecy;45.9;6.12;28/07/2026;14:00;25.3;6;AVERSES;5;27.0;0
Annecy;45.9;6.12;28/07/2026;15:00;26.7;6;AVERSES;5;28.8;0
Annecy;45.9;6.12;28/07/2026;16:00;25.3;6;AVERSES;5;30.2;0
Annecy;45.9;6.12;28/07/2026;17:00;;6;AVERSES;;31.0;0
Annecy;45.9;6.12;28/07/2026;18:00;;6;AVERSES;;31.7;0
Annecy;45.9;6.12;28/07/2026;19:00;;6;AVERSES;;31.7;0
Annecy;45.9;6.12;28/07/2026;20:00;19.7;6;AVERSES;5;31.7;0
Annecy;45.9;6.12;28/07/2026;21:00;18.3;6;AVERSES;5;31.3;0
Annecy;45.9;6.12;28/07/2026;22:00;16.9;6;AVERSES;5;30.2;0
Annecy;45.9;6.12;28/07/2026;23:00;;6;AVERSES;;29.2;0
Annecy;45.9;6.12;29/07/2026;00:00;;6;AVERSES;;27.7;0
Annecy;45.9;6.12;29/07/2026;01:00;;6;AVERSES;;25.9;0
Annecy;45.9;6.12;29/07/2026;02:00;14.6;6;AVERSES;5;24.5;0
Annecy;45.9;6.12;29/07/2026;03:00;14.6;6;AVERSES;5;22.7;0
Annecy;45.9;6.12;29/07/2026;04:00;14.6;6;AVERSES;5;20.5;0
Annecy;45.9;6.12;29/07/2026;05:00;;6;AVERSES;;18.0;0
Annecy;45.9;6.12;29/07/2026;06:00;;6;AVERSES;;15.8;0
Annecy;45.9;6.12;29/07/2026;07:00;;6;AVERSES;;14.4;0
Annecy;45.9;6.12;29/07/2026;08:00;17.3;6;AVERSES;5;14.0;0
Annecy;45.9;6.12;29/07/2026;09:00;18.6;6;AVERSES;5;14.8;0
Annecy;45.9;6.12;29/07/2026;10:00;19.9;6;AVERSES;5;16.2;0
Annecy;45.9;6.12;29/07/2026;11:00;;6;AVERSES;;18.7;0
Annecy;45.9;6.12;29/07/2026;12:00;;6;AVERSES;;21.2;0
Annecy;45.9;6.12;29/07/2026;13:00;;6;AVERSES;;23.4;0
Annecy;45.9;6.12;29/07/2026;14:00;25.3;6;AVERSES;5;25.6;0
Annecy;45.9;6.12;29/07/2026;15:00;26.6;6;AVERSES;5;27.4;0
Annecy;45.9;6.12;29/07/2026;16:00;25.3;6;AVERSES;5;29.5;0
Annecy;45.9;6.12;29/07/2026;17:00;;6;AVERSES;;31.7;0
Annecy;45.9;6.12;29/07/2026;18:00;;6;AVERSES;;33.5;0
Annecy;45.9;6.12;29/07/2026;19:00;;6;AVERSES;;34.2;0
Annecy;45.9;6.12;29/07/2026;20:00;19.9;6;AVERSES;5;33.8;0
Annecy;45.9;6.12;29/07/2026;21:00;18.6;6;AVERSES;5;31.7;0
Annecy;45.9;6.12;29/07/2026;22:00;17.3;6;AVERSES;5;28.4;0
Annecy;45.9;6.12;29/07/2026;23:00;;0;SOLEIL;;24.1;0
Annecy;45.9;6.12;30/07/2026;00:00;;0;SOLEIL;;19.4;0
Annecy;45.9;6.12;30/07/2026;01:00;;0;SOLEIL;;15.5;0
Annecy;45.9;6.12;30/07/2026;02:00;15;0;SOLEIL;5;13.0;0
Annecy;45.9;6.12;30/07/2026;03:00;15;0;SOLEIL;5;11.5;0
Annecy;45.9;6.12;30/07/2026;04:00;15;0;SOLEIL;5;10.4;0
Annecy;45.9;6.12;30/07/2026;05:00;;0;SOLEIL;;9.7;0
Annecy;45.9;6.12;30/07/2026;06:00;;0;SOLEIL;;9.7;0
Annecy;45.9;6.12;30/07/2026;07:00;;0;SOLEIL;;10.4;0
Annecy;45.9;6.12;30/07/2026;08:00;17.6;0;SOLEIL;5;11.5;0
Annecy;45.9;6.12;30/07/2026;09:00;18.9;0;SOLEIL;5;13.7;0
Annecy;45.9;6.12;30/07/2026;10:00;20.2;0;SOLEIL;5;16.6;0
Annecy;45.9;6.12;30/07/2026;11:00;;0;SOLEIL;;20.2;0
Annecy;45.9;6.12;30/07/2026;12:00;;0;SOLEIL;;23.8;0
Annecy;45.9;6.12;30/07/2026;13:00;;0;SOLEIL;;27.0;0
Annecy;45.9;6.12;30/07/2026;14:00;25.3;0;SOLEIL;5;29.5;0
Annecy;45.9;6.12;30/07/2026;15:00;26.6;0;SOLEIL;5;31.3;0
Annecy;45.9;6.12;30/07/2026;16:00;25.3;0;SOLEIL;5;33.1;0
Annecy;45.9;6.12;30/07/2026;17:00;;0;SOLEIL;;34.6;0
Annecy;45.9;6.12;30/07/2026;18:00;;0;SOLEIL;;35.6;0
Annecy;45.9;6.12;30/07/2026;19:00;;0;SOLEIL;;36.0;0
Annecy;45.9;6.12;30/07/2026;20:00;20.2;0;SOLEIL;5;36.0;0
Annecy;45.9;6.12;30/07/2026;21:00;18.9;0;SOLEIL;5;35.3;0
Annecy;45.9;6.12;30/07/2026;22:00;17.6;0;SOLEIL;5;33.5;0
Annecy;45.9;6.12;30/07/2026;23:00;16.3;0;SOLEIL;5;31.3;0
Annecy;45.9;6.12;31/07/2026;00:00;12;0;SOLEIL;5;22.9;0
Annecy;45.9;6.12;31/07/2026;01:00;12;0;SOLEIL;5;15.8;0
Annecy;45.9;6.12;31/07/2026;02:00;12;0;SOLEIL;5;10.0;0
Annecy;45.9;6.12;31/07/2026;03:00;12;0;SOLEIL;5;4.7;0
Annecy;45.9;6.12;31/07/2026;04:00;12;0;SOLEIL;5;4.7;0
Annecy;45.9;6.12;31/07/2026;05:00;12;0;SOLEIL;5;5.4;0
Annecy;45.9;6.12;31/07/2026;06:00;12;0;SOLEIL;5;6.8;0
Annecy;45.9;6.12;31/07/2026;07:00;13.1;0;SOLEIL;5;8.6;0
Annecy;45.9;6.12;31/07/2026;08:00;14.2;0;SOLEIL;5;11.2;0
Annecy;45.9;6.12;31/07/2026;09:00;15.3;0;SOLEIL;5;14.4;0
Annecy;45.9;6.12;31/07/2026;10:00;16.4;0;SOLEIL;5;18.0;0
Annecy;45.9;6.12;31/07/2026;11:00;17.6;0;SOLEIL;5;20.9;0
Annecy;45.9;6.12;31/07/2026;12:00;18.7;0;SOLEIL;5;23.0;0
Annecy;45.9;6.12;31/07/2026;13:00;19.8;0;SOLEIL;5;24.8;0
Annecy;45.9;6.12;31/07/2026;14:00;20.9;0;SOLEIL;5;25.6;0
Annecy;45.9;6.12;31/07/2026;15:00;22.0;0;SOLEIL;5;24.8;0
Annecy;45.9;6.12;31/07/2026;16:00;20.9;0;SOLEIL;5;23.4;0
Annecy;45.9;6.12;31/07/2026;17:00;19.8;0;SOLEIL;5;23.0;0
Annecy;45.9;6.12;31/07/2026;18:00;18.7;0;SOLEIL;5;25.9;0
Annecy;45.9;6.12;31/07/2026;19:00;17.6;0;SOLEIL;5;30.2;0
Annecy;45.9;6.12;31/07/2026;20:00;16.4;0;SOLEIL;5;31.0;0
Annecy;45.9;6.12;31/07/2026;21:00;15.3;0;SOLEIL;5;25.6;0
Annecy;45.9;6.12;31/07/2026;22:00;14.2;0;SOLEIL;5;16.9;0
Annecy;45.9;6.12;31/07/2026;23:00;13.1;0;SOLEIL;5;10.1;0
Annecy;45.9;6.12;01/08/2026;00:00;12;0;SOLEIL;5;0.0;0
Annecy;45.9;6.12;01/08/2026;01:00;12;0;SOLEIL;5;0.0;0
Annecy;45.9;6.12;01/08/2026;02:00;12;0;SOLEIL;5;0.0;0
Annecy;45.9;6.12;01/08/2026;03:00;12;0;SOLEIL;5;0.0;0
Annecy;45.9;6.12;01/08/2026;04:00;12;0;SOLEIL;5;0.0;0
Annecy;45.9;6.12;01/08/2026;05:00;12;0;SOLEIL;5;0.0;0
Annecy;45.9;6.12;01/08/2026;06:00;12;0;SOLEIL;5;0.0;0
Annecy;45.9;6.12;01/08/2026;07:00;13.1;0;SOLEIL;5;0.0;0
Annecy;45.9;6.12;01/08/2026;08:00;14.2;0;SOLEIL;5;0.0;0
Annecy;45.9;6.12;01/08/2026;09:00;15.3;0;SOLEIL;5;0.0;0
Annecy;45.9;6.12;01/08/2026;10:00;16.4;0;SOLEIL;5;0.0;0
Annecy;45.9;6.12;01/08/2026;11:00;17.6;0;SOLEIL;5;0.0;0
Annecy;45.9;6.12;01/08/2026;12:00;18.7;0;SOLEIL;5;0.0;0
Annecy;45.9;6.12;01/08/2026;13:00;19.8;0;SOLEIL;5;0.0;0
Annecy;45.9;6.12;01/08/2026;14:00;20.9;0;SOLEIL;5;0.0;0
Annecy;45.9;6.12;01/08/2026;15:00;22.0;0;SOLEIL;5;0.0;0
Annecy;45.9;6.12;01/08/2026;16:00;20.9;0;SOLEIL;5;0.0;0
Annecy;45.9;6.12;01/08/2026;17:00;19.8;0;SOLEIL;5;0.0;0
Annecy;45.9;6.12;01/08/2026;18:00;18.7;0;SOLEIL;5;0.0;0
Annecy;45.9;6.12;01/08/2026;19:00;17.6;0;SOLEIL;5;0.0;0
Annecy;45.9;6.12;01/08/2026;20:00;16.4;0;SOLEIL;5;0.0;0
Annecy;45.9;6.12;01/08/2026;21:00;15.3;0;SOLEIL;5;0.0;0
Annecy;45.9;6.12;01/08/2026;22:00;14.2;0;SOLEIL;5;0.0;0
Annecy;45.9;6.12;01/08/2026;23:00;13.1;0;SOLEIL;5;0.0;0
Chamonix;45.92;6.86;17/07/2026;00:00;16;10;ORAGEUX;1;0;7.2
Chamonix;45.92;6.86;17/07/2026;01:00;16.1;10;ORAGEUX;2;0;4
Chamonix;45.92;6.86;17/07/2026;02:00;15.6;6;AVERSES;2;0;1.9
Chamonix;45.92;6.86;17/07/2026;03:00;15.1;6;AVERSES;2;0;1.3
Chamonix;45.92;6.86;17/07/2026;04:00;15.1;6;AVERSES;0;0;0.1
Chamonix;45.92;6.86;17/07/2026;05:00;15.1;6;AVERSES;1;0;0.1
Chamonix;45.92;6.86;17/07/2026;06:00;15.1;6;AVERSES;0;0;0.1
Chamonix;45.92;6.86;17/07/2026;07:00;14.6;6;AVERSES;0;0;0.1
Chamonix;45.92;6.86;17/07/2026;08:00;17.5;0;SOLEIL;1;0;0
Chamonix;45.92;6.86;17/07/2026;09:00;21.1;0;SOLEIL;1;0;0
Chamonix;45.92;6.86;17/07/2026;10:00;23.7;0;SOLEIL;1;0;0
Chamonix;45.92;6.86;17/07/2026;11:00;24.2;6;AVERSES;4;0;0.1
Chamonix;45.92;6.86;17/07/2026;12:00;24.9;0;SOLEIL;3;0;0
Chamonix;45.92;6.86;17/07/2026;13:00;25.7;0;SOLEIL;3;0;0
Chamonix;45.92;6.86;17/07/2026;14:00;24.9;0;SOLEIL;3;0;0
Chamonix;45.92;6.86;17/07/2026;15:00;23.7;0;SOLEIL;2;0;0
Chamonix;45.92;6.86;17/07/2026;16:00;22.2;0;SOLEIL;2;0;0
Chamonix;45.92;6.86;17/07/2026;17:00;21.6;2;NUAGEUX;2;0;0
Chamonix;45.92;6.86;17/07/2026;18:00;19.9;6;AVERSES;1;0;0.1
Chamonix;45.92;6.86;17/07/2026;19:00;18.6;6;AVERSES;1;0;0.1
Chamonix;45.92;6.86;17/07/2026;20:00;16.7;6;AVERSES;0;0;0.1
Chamonix;45.92;6.86;17/07/2026;21:00;15.6;6;AVERSES;0;0;0.1
Chamonix;45.92;6.86;17/07/2026;22:00;15.1;0;SOLEIL;0;0;0
Chamonix;45.92;6.86;17/07/2026;23:00;14.2;0;SOLEIL;0;0;0
Chamonix;45.92;6.86;18/07/2026;00:00;14;0;SOLEIL;0;0;0
Chamonix;45.92;6.86;18/07/2026;01:00;14;0;SOLEIL;0;0;0
Chamonix;45.92;6.86;18/07/2026;02:00;12.7;0;SOLEIL;3;0;0
Chamonix;45.92;6.86;18/07/2026;03:00;12.7;0;SOLEIL;3;0;0
Chamonix;45.92;6.86;18/07/2026;04:00;12.7;0;SOLEIL;3;0;0
Chamonix;45.92;6.86;18/07/2026;05:00;12.5;0;SOLEIL;2;0;0
Chamonix;45.92;6.86;18/07/2026;06:00;12.5;0;SOLEIL;2;0;0
Chamonix;45.92;6.86;18/07/2026;07:00;12.5;0;SOLEIL;2;0;0
Chamonix;45.92;6.86;18/07/2026;08:00;20.2;0;SOLEIL;1;0;0
Chamonix;45.92;6.86;18/07/2026;09:00;20.2;0;SOLEIL;1;0;0
Chamonix;45.92;6.86;18/07/2026;10:00;20.2;0;SOLEIL;1;0;0
Chamonix;45.92;6.86;18/07/2026;11:00;23.1;0;SOLEIL;3;0;0
Chamonix;45.92;6.86;18/07/2026;12:00;23.1;0;SOLEIL;3;0;0
Chamonix;45.92;6.86;18/07/2026;13:00;23.1;0;SOLEIL;3;0;0
Chamonix;45.92;6.86;18/07/2026;14:00;24.5;0;SOLEIL;3;0;0
Chamonix;45.92;6.86;18/07/2026;15:00;24.5;0;SOLEIL;3;0;0
Chamonix;45.92;6.86;18/07/2026;16:00;24.5;0;SOLEIL;3;0;0
Chamonix;45.92;6.86;18/07/2026;17:00;19.6;0;SOLEIL;1;0;0
Chamonix;45.92;6.86;18/07/2026;18:00;19.6;0;SOLEIL;1;0;0
Chamonix;45.92;6.86;18/07/2026;19:00;19.6;0;SOLEIL;1;0;0
Chamonix;45.92;6.86;18/07/2026;20:00;14.9;0;SOLEIL;2;0;0
Chamonix;45.92;6.86;18/07/2026;21:00;14.9;0;SOLEIL;2;0;0
Chamonix;45.92;6.86;18/07/2026;22:00;14.9;0;SOLEIL;2;0;0
Chamonix;45.92;6.86;18/07/2026;23:00;12.6;0;SOLEIL;3;0;0
Chamonix;45.92;6.86;19/07/2026;00:00;12.6;0;SOLEIL;3;0;0
Chamonix;45.92;6.86;19/07/2026;01:00;12.6;0;SOLEIL;3;0;0
Chamonix;45.92;6.86;19/07/2026;02:00;10.9;0;SOLEIL;0;0;0
Chamonix;45.92;6.86;19/07/2026;03:00;10.9;0;SOLEIL;0;0;0
Chamonix;45.92;6.86;19/07/2026;04:00;10.9;0;SOLEIL;0;0;0
Chamonix;45.92;6.86;19/07/2026;05:00;11.7;0;SOLEIL;2;0;0
Chamonix;45.92;6.86;19/07/2026;06:00;11.7;0;SOLEIL;2;0;0
Chamonix;45.92;6.86;19/07/2026;07:00;11.7;0;SOLEIL;2;0;0
Chamonix;45.92;6.86;19/07/2026;08:00;19;0;SOLEIL;2;0;0
Chamonix;45.92;6.86;19/07/2026;09:00;19;0;SOLEIL;2;0;0
Chamonix;45.92;6.86;19/07/2026;10:00;19;0;SOLEIL;2;0;0
Chamonix;45.92;6.86;19/07/2026;11:00;21.7;0;SOLEIL;2;12;0
Chamonix;45.92;6.86;19/07/2026;12:00;21.7;0;SOLEIL;2;12;0
Chamonix;45.92;6.86;19/07/2026;13:00;21.7;0;SOLEIL;2;12;0
Chamonix;45.92;6.86;19/07/2026;14:00;21.2;0;SOLEIL;3;12;0
Chamonix;45.92;6.86;19/07/2026;15:00;21.2;0;SOLEIL;3;12;0
Chamonix;45.92;6.86;19/07/2026;16:00;21.2;0;SOLEIL;3;12;0
Chamonix;45.92;6.86;19/07/2026;17:00;18.6;0;SOLEIL;2;0;0
Chamonix;45.92;6.86;19/07/2026;18:00;18.6;0;SOLEIL;2;0;0
Chamonix;45.92;6.86;19/07/2026;19:00;18.6;0;SOLEIL;2;0;0
Chamonix;45.92;6.86;19/07/2026;20:00;15.4;0;SOLEIL;5;0;0
Chamonix;45.92;6.86;19/07/2026;21:00;13.9;0;SOLEIL;5;0;0
Chamonix;45.92;6.86;19/07/2026;22:00;12.5;0;SOLEIL;5;0;0
Chamonix;45.92;6.86;19/07/2026;23:00;11.7;0;SOLEIL;3;0;0
Chamonix;45.92;6.86;20/07/2026;00:00;11.7;0;SOLEIL;3;0;0
Chamonix;45.92;6.86;20/07/2026;01:00;11.7;0;SOLEIL;3;0;0
Chamonix;45.92;6.86;20/07/2026;02:00;8.1;6;AVERSES;5;0;0
Chamonix;45.92;6.86;20/07/2026;03:00;8.1;6;AVERSES;5;0;0
Chamonix;45.92;6.86;20/07/2026;04:00;8.1;6;AVERSES;5;0;0
Chamonix;45.92;6.86;20/07/2026;05:00;9.6;0;SOLEIL;1;0;0
Chamonix;45.92;6.86;20/07/2026;06:00;9.6;0;SOLEIL;1;0;0
Chamonix;45.92;6.86;20/07/2026;07:00;9.6;0;SOLEIL;1;0;0
Chamonix;45.92;6.86;20/07/2026;08:00;11.8;6;AVERSES;5;0;0
Chamonix;45.92;6.86;20/07/2026;09:00;13.7;6;AVERSES;5;0;0
Chamonix;45.92;6.86;20/07/2026;10:00;15.6;6;AVERSES;5;0;0
Chamonix;45.92;6.86;20/07/2026;11:00;24.1;6;AVERSES;2;0;0
Chamonix;45.92;6.86;20/07/2026;12:00;24.1;6;AVERSES;2;0;0
Chamonix;45.92;6.86;20/07/2026;13:00;24.1;6;AVERSES;2;0;0
Chamonix;45.92;6.86;20/07/2026;14:00;23.0;6;AVERSES;5;0;0
Chamonix;45.92;6.86;20/07/2026;15:00;24.9;6;AVERSES;5;0;0
Chamonix;45.92;6.86;20/07/2026;16:00;23.0;6;AVERSES;5;0;0
Chamonix;45.92;6.86;20/07/2026;17:00;20.1;6;AVERSES;1;0;0
Chamonix;45.92;6.86;20/07/2026;18:00;20.1;6;AVERSES;1;0;0
Chamonix;45.92;6.86;20/07/2026;19:00;20.1;6;AVERSES;1;0;0
Chamonix;45.92;6.86;20/07/2026;20:00;15.6;6;AVERSES;5;0;0
Chamonix;45.92;6.86;20/07/2026;21:00;13.7;6;AVERSES;5;0;0
Chamonix;45.92;6.86;20/07/2026;22:00;11.8;6;AVERSES;5;0;0
Chamonix;45.92;6.86;20/07/2026;23:00;11.5;0;SOLEIL;0;0;0
Chamonix;45.92;6.86;21/07/2026;00:00;11.5;0;SOLEIL;0;0;0
Chamonix;45.92;6.86;21/07/2026;01:00;11.5;0;SOLEIL;0;0;0
Chamonix;45.92;6.86;21/07/2026;02:00;8.6;0;SOLEIL;5;0;0
Chamonix;45.92;6.86;21/07/2026;03:00;8.6;0;SOLEIL;5;0;0
Chamonix;45.92;6.86;21/07/2026;04:00;8.6;0;SOLEIL;5;0;0
Chamonix;45.92;6.86;21/07/2026;05:00;10.1;0;SOLEIL;0;0;0
Chamonix;45.92;6.86;21/07/2026;06:00;10.1;0;SOLEIL;0;0;0
Chamonix;45.92;6.86;21/07/2026;07:00;10.1;0;SOLEIL;0;0;0
Chamonix;45.92;6.86;21/07/2026;08:00;12.1;0;SOLEIL;5;0;0
Chamonix;45.92;6.86;21/07/2026;09:00;13.9;0;SOLEIL;5;0;0
Chamonix;45.92;6.86;21/07/2026;10:00;15.7;0;SOLEIL;5;0;0
Chamonix;45.92;6.86;21/07/2026;11:00;23.6;0;SOLEIL;2;0;0
Chamonix;45.92;6.86;21/07/2026;12:00;23.6;0;SOLEIL;2;0;0
Chamonix;45.92;6.86;21/07/2026;13:00;23.6;0;SOLEIL;2;0;0
Chamonix;45.92;6.86;21/07/2026;14:00;22.7;0;SOLEIL;5;0;0
Chamonix;45.92;6.86;21/07/2026;15:00;24.5;0;SOLEIL;5;0;0
Chamonix;45.92;6.86;21/07/2026;16:00;22.7;0;SOLEIL;5;0;0
Chamonix;45.92;6.86;21/07/2026;17:00;18.7;0;SOLEIL;1;0;0
Chamonix;45.92;6.86;21/07/2026;18:00;18.7;0;SOLEIL;1;0;0
Chamonix;45.92;6.86;21/07/2026;19:00;18.7;0;SOLEIL;1;0;0
Chamonix;45.92;6.86;21/07/2026;20:00;15.7;0;SOLEIL;5;0;0
Chamonix;45.92;6.86;21/07/2026;21:00;13.9;0;SOLEIL;5;0;0
Chamonix;45.92;6.86;21/07/2026;22:00;12.1;0;SOLEIL;5;0;0
Chamonix;45.92;6.86;21/07/2026;23:00;10;0;SOLEIL;1;0;0
Chamonix;45.92;6.86;22/07/2026;00:00;10;0;SOLEIL;1;0;0
Chamonix;45.92;6.86;22/07/2026;01:00;10;0;SOLEIL;1;0;0
Chamonix;45.92;6.86;22/07/2026;02:00;6.5;0;SOLEIL;5;0;0
Chamonix;45.92;6.86;22/07/2026;03:00;6.5;0;SOLEIL;5;0;0
Chamonix;45.92;6.86;22/07/2026;04:00;6.5;0;SOLEIL;5;0;0
Chamonix;45.92;6.86;22/07/2026;05:00;8.1;0;SOLEIL;1;0;0
Chamonix;45.92;6.86;22/07/2026;06:00;8.1;0;SOLEIL;1;0;0
Chamonix;45.92;6.86;22/07/2026;07:00;8.1;0;SOLEIL;1;0;0
Chamonix;45.92;6.86;22/07/2026;08:00;10.6;0;SOLEIL;5;0;0
Chamonix;45.92;6.86;22/07/2026;09:00;12.7;0;SOLEIL;5;0;0
Chamonix;45.92;6.86;22/07/2026;10:00;14.7;0;SOLEIL;5;0;0
Chamonix;45.92;6.86;22/07/2026;11:00;23.5;0;SOLEIL;2;0;0
Chamonix;45.92;6.86;22/07/2026;12:00;23.5;0;SOLEIL;2;0;0
Chamonix;45.92;6.86;22/07/2026;13:00;23.5;0;SOLEIL;2;0;0
Chamonix;45.92;6.86;22/07/2026;14:00;22.9;0;SOLEIL;5;0;0
Chamonix;45.92;6.86;22/07/2026;15:00;25.0;0;SOLEIL;5;0;0
Chamonix;45.92;6.86;22/07/2026;16:00;22.9;0;SOLEIL;5;0;0
Chamonix;45.92;6.86;22/07/2026;17:00;19.4;0;SOLEIL;1;0;0
Chamonix;45.92;6.86;22/07/2026;18:00;19.4;0;SOLEIL;1;0;0
Chamonix;45.92;6.86;22/07/2026;19:00;19.4;0;SOLEIL;1;0;0
Chamonix;45.92;6.86;22/07/2026;20:00;14.7;0;SOLEIL;5;0;0
Chamonix;45.92;6.86;22/07/2026;21:00;12.7;0;SOLEIL;5;0;0
Chamonix;45.92;6.86;22/07/2026;22:00;10.6;0;SOLEIL;5;0;0
Chamonix;45.92;6.86;22/07/2026;23:00;11.1;0;SOLEIL;1;0;0
Chamonix;45.92;6.86;23/07/2026;00:00;11.1;0;SOLEIL;1;0;0
Chamonix;45.92;6.86;23/07/2026;01:00;11.1;0;SOLEIL;1;0;0
Chamonix;45.92;6.86;23/07/2026;02:00;7.9;0;SOLEIL;5;0;0
Chamonix;45.92;6.86;23/07/2026;03:00;7.9;0;SOLEIL;5;0;0
Chamonix;45.92;6.86;23/07/2026;04:00;7.9;0;SOLEIL;5;0;0
Chamonix;45.92;6.86;23/07/2026;05:00;9.6;0;SOLEIL;1;0;0
Chamonix;45.92;6.86;23/07/2026;06:00;9.6;0;SOLEIL;1;0;0
Chamonix;45.92;6.86;23/07/2026;07:00;9.6;0;SOLEIL;1;0;0
Chamonix;45.92;6.86;23/07/2026;08:00;11.1;0;SOLEIL;5;0;0
Chamonix;45.92;6.86;23/07/2026;09:00;12.6;0;SOLEIL;5;0;0
Chamonix;45.92;6.86;23/07/2026;10:00;14.2;0;SOLEIL;5;0;0
Chamonix;45.92;6.86;23/07/2026;11:00;21;0;SOLEIL;2;0;0
Chamonix;45.92;6.86;23/07/2026;12:00;21;0;SOLEIL;2;0;0
Chamonix;45.92;6.86;23/07/2026;13:00;21;0;SOLEIL;2;0;0
Chamonix;45.92;6.86;23/07/2026;14:00;20.5;0;SOLEIL;5;0;0
Chamonix;45.92;6.86;23/07/2026;15:00;22.1;0;SOLEIL;5;0;0
Chamonix;45.92;6.86;23/07/2026;16:00;20.5;0;SOLEIL;5;0;0
Chamonix;45.92;6.86;23/07/2026;17:00;17.5;0;SOLEIL;1;0;0
Chamonix;45.92;6.86;23/07/2026;18:00;17.5;0;SOLEIL;1;0;0
Chamonix;45.92;6.86;23/07/2026;19:00;17.5;0;SOLEIL;1;0;0
Chamonix;45.92;6.86;23/07/2026;20:00;14.2;0;SOLEIL;5;0;0
Chamonix;45.92;6.86;23/07/2026;21:00;12.6;0;SOLEIL;5;0;0
Chamonix;45.92;6.86;23/07/2026;22:00;11.1;0;SOLEIL;5;0;0
Chamonix;45.92;6.86;23/07/2026;23:00;9.9;0;SOLEIL;1;0;0
Chamonix;45.92;6.86;24/07/2026;00:00;9.9;0;SOLEIL;1;0;0
Chamonix;45.92;6.86;24/07/2026;01:00;9.9;0;SOLEIL;1;0;0
Chamonix;45.92;6.86;24/07/2026;02:00;7.6;0;SOLEIL;5;0;0
Chamonix;45.92;6.86;24/07/2026;03:00;7.6;0;SOLEIL;5;0;0
Chamonix;45.92;6.86;24/07/2026;04:00;7.6;0;SOLEIL;5;0;0
Chamonix;45.92;6.86;24/07/2026;05:00;10.1;0;SOLEIL;1;0;0
Chamonix;45.92;6.86;24/07/2026;06:00;10.1;0;SOLEIL;1;0;0
Chamonix;45.92;6.86;24/07/2026;07:00;10.1;0;SOLEIL;1;0;0
Chamonix;45.92;6.86;24/07/2026;08:00;11.3;0;SOLEIL;5;0;0
Chamonix;45.92;6.86;24/07/2026;09:00;13.1;0;SOLEIL;5;0;0
Chamonix;45.92;6.86;24/07/2026;10:00;14.9;0;SOLEIL;5;0;0
Chamonix;45.92;6.86;24/07/2026;11:00;23.1;0;SOLEIL;2;0;0
Chamonix;45.92;6.86;24/07/2026;12:00;23.1;0;SOLEIL;2;0;0
Chamonix;45.92;6.86;24/07/2026;13:00;23.1;0;SOLEIL;2;0;0
Chamonix;45.92;6.86;24/07/2026;14:00;22.3;0;SOLEIL;5;0;0
Chamonix;45.92;6.86;24/07/2026;15:00;24.1;0;SOLEIL;5;0;0
Chamonix;45.92;6.86;24/07/2026;16:00;22.3;0;SOLEIL;5;0;0
Chamonix;45.92;6.86;24/07/2026;17:00;18.4;0;SOLEIL;1;0;0
Chamonix;45.92;6.86;24/07/2026;18:00;18.4;0;SOLEIL;1;0;0
Chamonix;45.92;6.86;24/07/2026;19:00;18.4;0;SOLEIL;1;0;0
Chamonix;45.92;6.86;24/07/2026;20:00;14.9;0;SOLEIL;5;0;0
Chamonix;45.92;6.86;24/07/2026;21:00;13.1;0;SOLEIL;5;0;0
Chamonix;45.92;6.86;24/07/2026;22:00;11.3;0;SOLEIL;5;0;0
Chamonix;45.92;6.86;24/07/2026;23:00;12.1;0;SOLEIL;1;0;0
Chamonix;45.92;6.86;25/07/2026;00:00;12.1;0;SOLEIL;1;0;0
Chamonix;45.92;6.86;25/07/2026;01:00;12.1;0;SOLEIL;1;0;0
Chamonix;45.92;6.86;25/07/2026;02:00;10.4;0;SOLEIL;5;0;0
Chamonix;45.92;6.86;25/07/2026;03:00;10.4;0;SOLEIL;5;0;0
Chamonix;45.92;6.86;25/07/2026;04:00;10.4;0;SOLEIL;5;0;0
Chamonix;45.92;6.86;25/07/2026;05:00;12.6;0;SOLEIL;1;0;0
Chamonix;45.92;6.86;25/07/2026;06:00;12.6;0;SOLEIL;1;0;0
Chamonix;45.92;6.86;25/07/2026;07:00;12.6;0;SOLEIL;1;0;0
Chamonix;45.92;6.86;25/07/2026;08:00;13.4;0;SOLEIL;5;0;0
Chamonix;45.92;6.86;25/07/2026;09:00;14.8;0;SOLEIL;5;0;0
Chamonix;45.92;6.86;25/07/2026;10:00;16.3;0;SOLEIL;5;0;0
Chamonix;45.92;6.86;25/07/2026;11:00;22.9;0;SOLEIL;2;0;0
Chamonix;45.92;6.86;25/07/2026;12:00;22.9;0;SOLEIL;2;0;0
Chamonix;45.92;6.86;25/07/2026;13:00;22.9;0;SOLEIL;2;0;0
Chamonix;45.92;6.86;25/07/2026;14:00;22.2;0;SOLEIL;5;0;0
Chamonix;45.92;6.86;25/07/2026;15:00;23.7;0;SOLEIL;5;0;0
Chamonix;45.92;6.86;25/07/2026;16:00;22.2;0;SOLEIL;5;0;0
Chamonix;45.92;6.86;25/07/2026;17:00;18.7;6;AVERSES;1;11;0
Chamonix;45.92;6.86;25/07/2026;18:00;18.7;6;AVERSES;1;11;0
Chamonix;45.92;6.86;25/07/2026;19:00;18.7;6;AVERSES;1;11;0
Chamonix;45.92;6.86;25/07/2026;20:00;16.3;0;SOLEIL;5;0;0
Chamonix;45.92;6.86;25/07/2026;21:00;14.8;0;SOLEIL;5;0;0
Chamonix;45.92;6.86;25/07/2026;22:00;13.4;0;SOLEIL;5;0;0
Chamonix;45.92;6.86;25/07/2026;23:00;13.6;0;SOLEIL;1;0;0
Chamonix;45.92;6.86;26/07/2026;00:00;13.6;0;SOLEIL;1;0;0
Chamonix;45.92;6.86;26/07/2026;01:00;13.6;0;SOLEIL;1;0;0
Chamonix;45.92;6.86;26/07/2026;02:00;11.1;6;AVERSES;5;0;0
Chamonix;45.92;6.86;26/07/2026;03:00;11.1;6;AVERSES;5;0;0
Chamonix;45.92;6.86;26/07/2026;04:00;11.1;6;AVERSES;5;0;0
Chamonix;45.92;6.86;26/07/2026;05:00;;6;AVERSES;;;0
Chamonix;45.92;6.86;26/07/2026;06:00;;6;AVERSES;;;0
Chamonix;45.92;6.86;26/07/2026;07:00;;6;AVERSES;;;0
Chamonix;45.92;6.86;26/07/2026;08:00;13.4;6;AVERSES;5;0;0
Chamonix;45.92;6.86;26/07/2026;09:00;14.6;6;AVERSES;5;0;0
Chamonix;45.92;6.86;26/07/2026;10:00;15.8;6;AVERSES;5;0;0
Chamonix;45.92;6.86;26/07/2026;11:00;;6;AVERSES;;;0
Chamonix;45.92;6.86;26/07/2026;12:00;;6;AVERSES;;;0
Chamonix;45.92;6.86;26/07/2026;13:00;;6;AVERSES;;;0
Chamonix;45.92;6.86;26/07/2026;14:00;20.4;6;AVERSES;5;0;0
Chamonix;45.92;6.86;26/07/2026;15:00;21.6;6;AVERSES;5;0;0
Chamonix;45.92;6.86;26/07/2026;16:00;20.4;6;AVERSES;5;0;0
Chamonix;45.92;6.86;26/07/2026;17:00;;6;AVERSES;;;0
Chamonix;45.92;6.86;26/07/2026;18:00;;6;AVERSES;;;0
Chamonix;45.92;6.86;26/07/2026;19:00;;6;AVERSES;;;0
Chamonix;45.92;6.86;26/07/2026;20:00;15.8;6;AVERSES;5;0;0
Chamonix;45.92;6.86;26/07/2026;21:00;14.6;6;AVERSES;5;0;0
Chamonix;45.92;6.86;26/07/2026;22:00;13.4;6;AVERSES;5;0;0
Chamonix;45.92;6.86;26/07/2026;23:00;;6;AVERSES;;;0
Chamonix;45.92;6.86;27/07/2026;00:00;;6;AVERSES;;;0
Chamonix;45.92;6.86;27/07/2026;01:00;;6;AVERSES;;;0
Chamonix;45.92;6.86;27/07/2026;02:00;9.7;6;AVERSES;5;0;0
Chamonix;45.92;6.86;27/07/2026;03:00;9.7;6;AVERSES;5;0;0
Chamonix;45.92;6.86;27/07/2026;04:00;9.7;6;AVERSES;5;0;0
Chamonix;45.92;6.86;27/07/2026;05:00;;6;AVERSES;;;0
Chamonix;45.92;6.86;27/07/2026;06:00;;6;AVERSES;;;0
Chamonix;45.92;6.86;27/07/2026;07:00;;6;AVERSES;;;0
Chamonix;45.92;6.86;27/07/2026;08:00;12.7;6;AVERSES;5;0;0
Chamonix;45.92;6.86;27/07/2026;09:00;14.2;6;AVERSES;5;0;0
Chamonix;45.92;6.86;27/07/2026;10:00;15.7;6;AVERSES;5;0;0
Chamonix;45.92;6.86;27/07/2026;11:00;;6;AVERSES;;;0
Chamonix;45.92;6.86;27/07/2026;12:00;;6;AVERSES;;;0
Chamonix;45.92;6.86;27/07/2026;13:00;;6;AVERSES;;;0
Chamonix;45.92;6.86;27/07/2026;14:00;21.7;6;AVERSES;5;0;0
Chamonix;45.92;6.86;27/07/2026;15:00;23.2;6;AVERSES;5;0;0
Chamonix;45.92;6.86;27/07/2026;16:00;21.7;6;AVERSES;5;0;0
Chamonix;45.92;6.86;27/07/2026;17:00;;6;AVERSES;;;0
Chamonix;45.92;6.86;27/07/2026;18:00;;6;AVERSES;;;0
Chamonix;45.92;6.86;27/07/2026;19:00;;6;AVERSES;;;0
Chamonix;45.92;6.86;27/07/2026;20:00;15.7;6;AVERSES;5;0;0
Chamonix;45.92;6.86;27/07/2026;21:00;14.2;6;AVERSES;5;0;0
Chamonix;45.92;6.86;27/07/2026;22:00;12.7;6;AVERSES;5;0;0
Chamonix;45.92;6.86;27/07/2026;23:00;;6;AVERSES;;;0
Chamonix;45.92;6.86;28/07/2026;00:00;;6;AVERSES;;;0
Chamonix;45.92;6.86;28/07/2026;01:00;;6;AVERSES;;;0
Chamonix;45.92;6.86;28/07/2026;02:00;9.6;6;AVERSES;5;0;0
Chamonix;45.92;6.86;28/07/2026;03:00;9.6;6;AVERSES;5;0;0
Chamonix;45.92;6.86;28/07/2026;04:00;9.6;6;AVERSES;5;0;0
Chamonix;45.92;6.86;28/07/2026;05:00;;6;AVERSES;;;0
Chamonix;45.92;6.86;28/07/2026;06:00;;6;AVERSES;;;0
Chamonix;45.92;6.86;28/07/2026;07:00;;6;AVERSES;;;0
Chamonix;45.92;6.86;28/07/2026;08:00;13.1;6;AVERSES;5;0;0
Chamonix;45.92;6.86;28/07/2026;09:00;14.8;6;AVERSES;5;0;0
Chamonix;45.92;6.86;28/07/2026;10:00;16.5;6;AVERSES;5;0;0
Chamonix;45.92;6.86;28/07/2026;11:00;;6;AVERSES;;;0
Chamonix;45.92;6.86;28/07/2026;12:00;;6;AVERSES;;;0
Chamonix;45.92;6.86;28/07/2026;13:00;;6;AVERSES;;;0
Chamonix;45.92;6.86;28/07/2026;14:00;23.5;6;AVERSES;5;0;0
Chamonix;45.92;6.86;28/07/2026;15:00;25.2;6;AVERSES;5;0;0
Chamonix;45.92;6.86;28/07/2026;16:00;23.5;6;AVERSES;5;0;0
Chamonix;45.92;6.86;28/07/2026;17:00;;6;AVERSES;;;0
Chamonix;45.92;6.86;28/07/2026;18:00;;6;AVERSES;;;0
Chamonix;45.92;6.86;28/07/2026;19:00;;6;AVERSES;;;0
Chamonix;45.92;6.86;28/07/2026;20:00;16.5;6;AVERSES;5;0;0
Chamonix;45.92;6.86;28/07/2026;21:00;14.8;6;AVERSES;5;0;0
Chamonix;45.92;6.86;28/07/2026;22:00;13.1;6;AVERSES;5;0;0
Chamonix;45.92;6.86;28/07/2026;23:00;;6;AVERSES;;;0
Chamonix;45.92;6.86;29/07/2026;00:00;;6;AVERSES;;;0
Chamonix;45.92;6.86;29/07/2026;01:00;;6;AVERSES;;;0
Chamonix;45.92;6.86;29/07/2026;02:00;10.5;6;AVERSES;5;0;0
Chamonix;45.92;6.86;29/07/2026;03:00;10.5;6;AVERSES;5;0;0
Chamonix;45.92;6.86;29/07/2026;04:00;10.5;6;AVERSES;5;0;0
Chamonix;45.92;6.86;29/07/2026;05:00;;6;AVERSES;;;0
Chamonix;45.92;6.86;29/07/2026;06:00;;6;AVERSES;;;0
Chamonix;45.92;6.86;29/07/2026;07:00;;6;AVERSES;;;0
Chamonix;45.92;6.86;29/07/2026;08:00;13.5;6;AVERSES;5;0;0
Chamonix;45.92;6.86;29/07/2026;09:00;15.0;6;AVERSES;5;0;0
Chamonix;45.92;6.86;29/07/2026;10:00;16.5;6;AVERSES;5;0;0
Chamonix;45.92;6.86;29/07/2026;11:00;;6;AVERSES;;;0
Chamonix;45.92;6.86;29/07/2026;12:00;;6;AVERSES;;;0
Chamonix;45.92;6.86;29/07/2026;13:00;;6;AVERSES;;;0
Chamonix;45.92;6.86;29/07/2026;14:00;22.6;6;AVERSES;5;0;0
Chamonix;45.92;6.86;29/07/2026;15:00;24.1;6;AVERSES;5;0;0
Chamonix;45.92;6.86;29/07/2026;16:00;22.6;6;AVERSES;5;0;0
Chamonix;45.92;6.86;29/07/2026;17:00;;6;AVERSES;;;0
Chamonix;45.92;6.86;29/07/2026;18:00;;6;AVERSES;;;0
Chamonix;45.92;6.86;29/07/2026;19:00;;6;AVERSES;;;0
Chamonix;45.92;6.86;29/07/2026;20:00;16.5;6;AVERSES;5;0;0
Chamonix;45.92;6.86;29/07/2026;21:00;15.0;6;AVERSES;5;0;0
Chamonix;45.92;6.86;29/07/2026;22:00;13.5;6;AVERSES;5;0;0
Chamonix;45.92;6.86;29/07/2026;23:00;;6;AVERSES;;;0
Chamonix;45.92;6.86;30/07/2026;00:00;;6;AVERSES;;;0
Chamonix;45.92;6.86;30/07/2026;01:00;;6;AVERSES;;;0
Chamonix;45.92;6.86;30/07/2026;02:00;10.6;6;AVERSES;5;0;0
Chamonix;45.92;6.86;30/07/2026;03:00;10.6;6;AVERSES;5;0;0
Chamonix;45.92;6.86;30/07/2026;04:00;10.6;6;AVERSES;5;0;0
Chamonix;45.92;6.86;30/07/2026;05:00;;6;AVERSES;;;0
Chamonix;45.92;6.86;30/07/2026;06:00;;6;AVERSES;;;0
Chamonix;45.92;6.86;30/07/2026;07:00;;6;AVERSES;;;0
Chamonix;45.92;6.86;30/07/2026;08:00;13.5;6;AVERSES;5;0;0
Chamonix;45.92;6.86;30/07/2026;09:00;14.9;6;AVERSES;5;0;0
Chamonix;45.92;6.86;30/07/2026;10:00;16.4;6;AVERSES;5;0;0
Chamonix;45.92;6.86;30/07/2026;11:00;;6;AVERSES;;;0
Chamonix;45.92;6.86;30/07/2026;12:00;;6;AVERSES;;;0
Chamonix;45.92;6.86;30/07/2026;13:00;;6;AVERSES;;;0
Chamonix;45.92;6.86;30/07/2026;14:00;22.2;6;AVERSES;5;0;0
Chamonix;45.92;6.86;30/07/2026;15:00;23.6;6;AVERSES;5;0;0
Chamonix;45.92;6.86;30/07/2026;16:00;22.2;6;AVERSES;5;0;0
Chamonix;45.92;6.86;30/07/2026;17:00;;6;AVERSES;;;0
Chamonix;45.92;6.86;30/07/2026;18:00;;6;AVERSES;;;0
Chamonix;45.92;6.86;30/07/2026;19:00;;6;AVERSES;;;0
Chamonix;45.92;6.86;30/07/2026;20:00;16.4;6;AVERSES;5;0;0
Chamonix;45.92;6.86;30/07/2026;21:00;14.9;6;AVERSES;5;0;0
Chamonix;45.92;6.86;30/07/2026;22:00;13.5;6;AVERSES;5;0;0
Chamonix;45.92;6.86;30/07/2026;23:00;12.0;6;AVERSES;5;0;0
Chamonix;45.92;6.86;31/07/2026;00:00;12;0;SOLEIL;5;0;0
Chamonix;45.92;6.86;31/07/2026;01:00;12;0;SOLEIL;5;0;0
Chamonix;45.92;6.86;31/07/2026;02:00;12;0;SOLEIL;5;0;0
Chamonix;45.92;6.86;31/07/2026;03:00;12;0;SOLEIL;5;0;0
Chamonix;45.92;6.86;31/07/2026;04:00;12;0;SOLEIL;5;0;0
Chamonix;45.92;6.86;31/07/2026;05:00;12;0;SOLEIL;5;0;0
Chamonix;45.92;6.86;31/07/2026;06:00;12;0;SOLEIL;5;0;0
Chamonix;45.92;6.86;31/07/2026;07:00;13.1;0;SOLEIL;5;0;0
Chamonix;45.92;6.86;31/07/2026;08:00;14.2;0;SOLEIL;5;0;0
Chamonix;45.92;6.86;31/07/2026;09:00;15.3;0;SOLEIL;5;0;0
Chamonix;45.92;6.86;31/07/2026;10:00;16.4;0;SOLEIL;5;0;0
Chamonix;45.92;6.86;31/07/2026;11:00;17.6;0;SOLEIL;5;0;0
Chamonix;45.92;6.86;31/07/2026;12:00;18.7;0;SOLEIL;5;0;0
Chamonix;45.92;6.86;31/07/2026;13:00;19.8;0;SOLEIL;5;0;0
Chamonix;45.92;6.86;31/07/2026;14:00;20.9;0;SOLEIL;5;0;0
Chamonix;45.92;6.86;31/07/2026;15:00;22.0;0;SOLEIL;5;0;0
Chamonix;45.92;6.86;31/07/2026;16:00;20.9;0;SOLEIL;5;0;0
Chamonix;45.92;6.86;31/07/2026;17:00;19.8;0;SOLEIL;5;0;0
Chamonix;45.92;6.86;31/07/2026;18:00;18.7;0;SOLEIL;5;0;0
Chamonix;45.92;6.86;31/07/2026;19:00;17.6;0;SOLEIL;5;0;0
Chamonix;45.92;6.86;31/07/2026;20:00;16.4;0;SOLEIL;5;0;0
Chamonix;45.92;6.86;31/07/2026;21:00;15.3;0;SOLEIL;5;0;0
Chamonix;45.92;6.86;31/07/2026;22:00;14.2;0;SOLEIL;5;0;0
Chamonix;45.92;6.86;31/07/2026;23:00;13.1;0;SOLEIL;5;0;0
Chamonix;45.92;6.86;01/08/2026;00:00;12;0;SOLEIL;5;0;0
Chamonix;45.92;6.86;01/08/2026;01:00;12;0;SOLEIL;5;0;0
Chamonix;45.92;6.86;01/08/2026;02:00;12;0;SOLEIL;5;0;0
Chamonix;45.92;6.86;01/08/2026;03:00;12;0;SOLEIL;5;0;0
Chamonix;45.92;6.86;01/08/2026;04:00;12;0;SOLEIL;5;0;0
Chamonix;45.92;6.86;01/08/2026;05:00;12;0;SOLEIL;5;0;0
Chamonix;45.92;6.86;01/08/2026;06:00;12;0;SOLEIL;5;0;0
Chamonix;45.92;6.86;01/08/2026;07:00;13.1;0;SOLEIL;5;0;0
Chamonix;45.92;6.86;01/08/2026;08:00;14.2;0;SOLEIL;5;0;0
Chamonix;45.92;6.86;01/08/2026;09:00;15.3;0;SOLEIL;5;0;0
Chamonix;45.92;6.86;01/08/2026;10:00;16.4;0;SOLEIL;5;0;0
Chamonix;45.92;6.86;01/08/2026;11:00;17.6;0;SOLEIL;5;0;0
Chamonix;45.92;6.86;01/08/2026;12:00;18.7;0;SOLEIL;5;0;0
Chamonix;45.92;6.86;01/08/2026;13:00;19.8;0;SOLEIL;5;0;0
Chamonix;45.92;6.86;01/08/2026;14:00;20.9;0;SOLEIL;5;0;0
Chamonix;45.92;6.86;01/08/2026;15:00;22.0;0;SOLEIL;5;0;0
Chamonix;45.92;6.86;01/08/2026;16:00;20.9;0;SOLEIL;5;0;0
Chamonix;45.92;6.86;01/08/2026;17:00;19.8;0;SOLEIL;5;0;0
Chamonix;45.92;6.86;01/08/2026;18:00;18.7;0;SOLEIL;5;0;0
Chamonix;45.92;6.86;01/08/2026;19:00;17.6;0;SOLEIL;5;0;0
Chamonix;45.92;6.86;01/08/2026;20:00;16.4;0;SOLEIL;5;0;0
Chamonix;45.92;6.86;01/08/2026;21:00;15.3;0;SOLEIL;5;0;0
Chamonix;45.92;6.86;01/08/2026;22:00;14.2;0;SOLEIL;5;0;0
Chamonix;45.92;6.86;01/08/2026;23:00;13.1;0;SOLEIL;5;0;0
Thonon-les-Bains;46.37;6.48;17/07/2026;00:00;19.6;10;ORAGEUX;5;28.1;0.6
Thonon-les-Bains;46.37;6.48;17/07/2026;01:00;19;10;ORAGEUX;5;19.4;0.4
Thonon-les-Bains;46.37;6.48;17/07/2026;02:00;19.1;5;SOLEIL VOILÉ;3;42.8;0
Thonon-les-Bains;46.37;6.48;17/07/2026;03:00;18;0;SOLEIL;6;26.6;0
Thonon-les-Bains;46.37;6.48;17/07/2026;04:00;18.4;6;AVERSES;4;25.6;0.1
Thonon-les-Bains;46.37;6.48;17/07/2026;05:00;18.6;6;AVERSES;2;20.9;0.1
Thonon-les-Bains;46.37;6.48;17/07/2026;06:00;20.1;6;AVERSES;2;25.2;0.1
Thonon-les-Bains;46.37;6.48;17/07/2026;07:00;21;6;AVERSES;2;24.1;0.1
Thonon-les-Bains;46.37;6.48;17/07/2026;08:00;23.1;0;SOLEIL;4;8.3;0
Thonon-les-Bains;46.37;6.48;17/07/2026;09:00;24.7;0;SOLEIL;5;7.9;0
Thonon-les-Bains;46.37;6.48;17/07/2026;10:00;26.1;0;SOLEIL;6;10.4;0
Thonon-les-Bains;46.37;6.48;17/07/2026;11:00;27.4;6;AVERSES;6;11.2;0.1
Thonon-les-Bains;46.37;6.48;17/07/2026;12:00;27.5;0;SOLEIL;6;14.0;0
Thonon-les-Bains;46.37;6.48;17/07/2026;13:00;28.6;0;SOLEIL;6;16.6;0
Thonon-les-Bains;46.37;6.48;17/07/2026;14:00;27.6;0;SOLEIL;7;23.4;0
Thonon-les-Bains;46.37;6.48;17/07/2026;15:00;28.1;0;SOLEIL;6;25.6;0
Thonon-les-Bains;46.37;6.48;17/07/2026;16:00;26;0;SOLEIL;6;22.3;0
Thonon-les-Bains;46.37;6.48;17/07/2026;17:00;25.5;0;SOLEIL;5;33.8;0
Thonon-les-Bains;46.37;6.48;17/07/2026;18:00;25.2;6;AVERSES;5;30.2;0.1
Thonon-les-Bains;46.37;6.48;17/07/2026;19:00;23.1;6;AVERSES;3;26.3;0.1
Thonon-les-Bains;46.37;6.48;17/07/2026;20:00;21.6;6;AVERSES;2;27.4;0.1
Thonon-les-Bains;46.37;6.48;17/07/2026;21:00;20.6;6;AVERSES;4;20.9;0.1
Thonon-les-Bains;46.37;6.48;17/07/2026;22:00;20.6;0;SOLEIL;2;16.6;0
Thonon-les-Bains;46.37;6.48;17/07/2026;23:00;20.6;0;SOLEIL;2;11.2;0
Thonon-les-Bains;46.37;6.48;18/07/2026;00:00;19;0;SOLEIL;2;11.2;0
Thonon-les-Bains;46.37;6.48;18/07/2026;01:00;19;0;SOLEIL;2;9.7;0
Thonon-les-Bains;46.37;6.48;18/07/2026;02:00;18;0;SOLEIL;2;6.8;0
Thonon-les-Bains;46.37;6.48;18/07/2026;03:00;18;0;SOLEIL;2;9.0;0
Thonon-les-Bains;46.37;6.48;18/07/2026;04:00;18;0;SOLEIL;2;10.8;0
Thonon-les-Bains;46.37;6.48;18/07/2026;05:00;21.5;0;SOLEIL;3;11.5;0
Thonon-les-Bains;46.37;6.48;18/07/2026;06:00;21.5;0;SOLEIL;3;10.8;0
Thonon-les-Bains;46.37;6.48;18/07/2026;07:00;21.5;0;SOLEIL;3;9.7;0
Thonon-les-Bains;46.37;6.48;18/07/2026;08:00;23.7;0;SOLEIL;2;6.8;0
Thonon-les-Bains;46.37;6.48;18/07/2026;09:00;23.7;0;SOLEIL;2;8.6;0
Thonon-les-Bains;46.37;6.48;18/07/2026;10:00;23.7;0;SOLEIL;2;8.3;0
Thonon-les-Bains;46.37;6.48;18/07/2026;11:00;26.6;0;SOLEIL;2;13.0;0
Thonon-les-Bains;46.37;6.48;18/07/2026;12:00;26.6;0;SOLEIL;2;13.1;0
Thonon-les-Bains;46.37;6.48;18/07/2026;13:00;26.6;0;SOLEIL;2;13.9;0
Thonon-les-Bains;46.37;6.48;18/07/2026;14:00;26.6;0;SOLEIL;2;16.7;0
Thonon-les-Bains;46.37;6.48;18/07/2026;15:00;26.6;0;SOLEIL;2;15.8;0
Thonon-les-Bains;46.37;6.48;18/07/2026;16:00;26.6;0;SOLEIL;2;12.6;0
Thonon-les-Bains;46.37;6.48;18/07/2026;17:00;26.2;0;SOLEIL;2;21.2;0
Thonon-les-Bains;46.37;6.48;18/07/2026;18:00;26.2;0;SOLEIL;2;18.4;0
Thonon-les-Bains;46.37;6.48;18/07/2026;19:00;26.2;0;SOLEIL;2;18.7;0
Thonon-les-Bains;46.37;6.48;18/07/2026;20:00;20.1;0;SOLEIL;2;12.6;0
Thonon-les-Bains;46.37;6.48;18/07/2026;21:00;20.1;0;SOLEIL;2;15.8;0
Thonon-les-Bains;46.37;6.48;18/07/2026;22:00;20.1;0;SOLEIL;2;16.6;0
Thonon-les-Bains;46.37;6.48;18/07/2026;23:00;17.4;0;SOLEIL;2;17.3;0
Thonon-les-Bains;46.37;6.48;19/07/2026;00:00;17.4;0;SOLEIL;2;16.9;0
Thonon-les-Bains;46.37;6.48;19/07/2026;01:00;17.4;0;SOLEIL;2;18.0;0
Thonon-les-Bains;46.37;6.48;19/07/2026;02:00;16.2;0;SOLEIL;2;17.6;0
Thonon-les-Bains;46.37;6.48;19/07/2026;03:00;16.2;0;SOLEIL;2;17.3;0
Thonon-les-Bains;46.37;6.48;19/07/2026;04:00;16.2;0;SOLEIL;2;16.9;0
Thonon-les-Bains;46.37;6.48;19/07/2026;05:00;20;0;SOLEIL;1;15.8;0
Thonon-les-Bains;46.37;6.48;19/07/2026;06:00;20;0;SOLEIL;1;14.0;0
Thonon-les-Bains;46.37;6.48;19/07/2026;07:00;20;0;SOLEIL;1;13.3;0
Thonon-les-Bains;46.37;6.48;19/07/2026;08:00;24.6;0;SOLEIL;2;12.2;0
Thonon-les-Bains;46.37;6.48;19/07/2026;09:00;24.6;0;SOLEIL;2;9.7;0
Thonon-les-Bains;46.37;6.48;19/07/2026;10:00;24.6;0;SOLEIL;2;8.6;0
Thonon-les-Bains;46.37;6.48;19/07/2026;11:00;24.6;0;SOLEIL;2;8.3;0
Thonon-les-Bains;46.37;6.48;19/07/2026;12:00;24.6;0;SOLEIL;2;9.4;0
Thonon-les-Bains;46.37;6.48;19/07/2026;13:00;24.6;0;SOLEIL;2;13.7;0
Thonon-les-Bains;46.37;6.48;19/07/2026;14:00;25.5;0;SOLEIL;3;16.9;0
Thonon-les-Bains;46.37;6.48;19/07/2026;15:00;25.5;0;SOLEIL;3;16.6;0
Thonon-les-Bains;46.37;6.48;19/07/2026;16:00;25.5;0;SOLEIL;3;23.4;0
Thonon-les-Bains;46.37;6.48;19/07/2026;17:00;23.1;0;SOLEIL;3;26.6;0
Thonon-les-Bains;46.37;6.48;19/07/2026;18:00;23.1;0;SOLEIL;3;29.5;0
Thonon-les-Bains;46.37;6.48;19/07/2026;19:00;23.1;0;SOLEIL;3;28.8;0
Thonon-les-Bains;46.37;6.48;19/07/2026;20:00;21.2;0;SOLEIL;5;27.7;0
Thonon-les-Bains;46.37;6.48;19/07/2026;21:00;20.0;0;SOLEIL;5;27.7;0
Thonon-les-Bains;46.37;6.48;19/07/2026;22:00;18.7;0;SOLEIL;5;27.4;0
Thonon-les-Bains;46.37;6.48;19/07/2026;23:00;17.1;0;SOLEIL;5;25.9;0
Thonon-les-Bains;46.37;6.48;20/07/2026;00:00;17.1;0;SOLEIL;5;22.3;0
Thonon-les-Bains;46.37;6.48;20/07/2026;01:00;17.1;0;SOLEIL;5;17.6;0
Thonon-les-Bains;46.37;6.48;20/07/2026;02:00;11.6;0;SOLEIL;5;13.7;0
Thonon-les-Bains;46.37;6.48;20/07/2026;03:00;11.6;0;SOLEIL;5;11.2;0
Thonon-les-Bains;46.37;6.48;20/07/2026;04:00;11.6;0;SOLEIL;5;9.7;0
Thonon-les-Bains;46.37;6.48;20/07/2026;05:00;15.9;0;SOLEIL;5;9.0;0
Thonon-les-Bains;46.37;6.48;20/07/2026;06:00;15.9;0;SOLEIL;5;9.0;0
Thonon-les-Bains;46.37;6.48;20/07/2026;07:00;15.9;0;SOLEIL;5;9.4;0
Thonon-les-Bains;46.37;6.48;20/07/2026;08:00;15.2;0;SOLEIL;5;11.2;0
Thonon-les-Bains;46.37;6.48;20/07/2026;09:00;17.0;0;SOLEIL;5;14.8;0
Thonon-les-Bains;46.37;6.48;20/07/2026;10:00;18.8;0;SOLEIL;5;19.8;0
Thonon-les-Bains;46.37;6.48;20/07/2026;11:00;25.1;0;SOLEIL;4;23.8;0
Thonon-les-Bains;46.37;6.48;20/07/2026;12:00;25.1;0;SOLEIL;4;26.3;0
Thonon-les-Bains;46.37;6.48;20/07/2026;13:00;25.1;0;SOLEIL;4;28.1;0
Thonon-les-Bains;46.37;6.48;20/07/2026;14:00;25.9;0;SOLEIL;5;29.5;0
Thonon-les-Bains;46.37;6.48;20/07/2026;15:00;27.7;0;SOLEIL;5;30.2;0
Thonon-les-Bains;46.37;6.48;20/07/2026;16:00;25.9;0;SOLEIL;5;30.6;0
Thonon-les-Bains;46.37;6.48;20/07/2026;17:00;24.4;0;SOLEIL;5;31.3;0
Thonon-les-Bains;46.37;6.48;20/07/2026;18:00;24.4;0;SOLEIL;5;34.2;0
Thonon-les-Bains;46.37;6.48;20/07/2026;19:00;24.4;0;SOLEIL;5;37.4;0
Thonon-les-Bains;46.37;6.48;20/07/2026;20:00;18.8;0;SOLEIL;5;37.8;0
Thonon-les-Bains;46.37;6.48;20/07/2026;21:00;17.0;0;SOLEIL;5;33.1;0
Thonon-les-Bains;46.37;6.48;20/07/2026;22:00;15.2;0;SOLEIL;5;25.9;0
Thonon-les-Bains;46.37;6.48;20/07/2026;23:00;13;0;SOLEIL;5;19.4;0
Thonon-les-Bains;46.37;6.48;21/07/2026;00:00;13;0;SOLEIL;5;15.5;0
Thonon-les-Bains;46.37;6.48;21/07/2026;01:00;13;0;SOLEIL;5;12.2;0
Thonon-les-Bains;46.37;6.48;21/07/2026;02:00;10.7;0;SOLEIL;5;10.1;0
Thonon-les-Bains;46.37;6.48;21/07/2026;03:00;10.7;0;SOLEIL;5;9.0;0
Thonon-les-Bains;46.37;6.48;21/07/2026;04:00;10.7;0;SOLEIL;5;9.0;0
Thonon-les-Bains;46.37;6.48;21/07/2026;05:00;15.1;0;SOLEIL;6;10.1;0
Thonon-les-Bains;46.37;6.48;21/07/2026;06:00;15.1;0;SOLEIL;6;12.2;0
Thonon-les-Bains;46.37;6.48;21/07/2026;07:00;15.1;0;SOLEIL;6;15.1;0
Thonon-les-Bains;46.37;6.48;21/07/2026;08:00;14.2;0;SOLEIL;5;19.4;0
Thonon-les-Bains;46.37;6.48;21/07/2026;09:00;16.0;0;SOLEIL;5;25.2;0
Thonon-les-Bains;46.37;6.48;21/07/2026;10:00;17.7;0;SOLEIL;5;32.4;0
Thonon-les-Bains;46.37;6.48;21/07/2026;11:00;24;0;SOLEIL;5;38.2;0
Thonon-les-Bains;46.37;6.48;21/07/2026;12:00;24;0;SOLEIL;5;43.8;0
Thonon-les-Bains;46.37;6.48;21/07/2026;13:00;24;0;SOLEIL;5;47.9;0
Thonon-les-Bains;46.37;6.48;21/07/2026;14:00;24.7;0;SOLEIL;5;51.0;0
Thonon-les-Bains;46.37;6.48;21/07/2026;15:00;26.5;0;SOLEIL;5;52.9;0
Thonon-les-Bains;46.37;6.48;21/07/2026;16:00;24.7;0;SOLEIL;5;52.6;0
Thonon-les-Bains;46.37;6.48;21/07/2026;17:00;22.4;0;SOLEIL;5;51.5;0
Thonon-les-Bains;46.37;6.48;21/07/2026;18:00;22.4;0;SOLEIL;5;50.0;0
Thonon-les-Bains;46.37;6.48;21/07/2026;19:00;22.4;0;SOLEIL;5;48.2;0
Thonon-les-Bains;46.37;6.48;21/07/2026;20:00;17.7;0;SOLEIL;5;45.0;0
Thonon-les-Bains;46.37;6.48;21/07/2026;21:00;16.0;0;SOLEIL;5;39.6;0
Thonon-les-Bains;46.37;6.48;21/07/2026;22:00;14.2;0;SOLEIL;5;32.8;0
Thonon-les-Bains;46.37;6.48;21/07/2026;23:00;12.1;0;SOLEIL;4;27.4;0
Thonon-les-Bains;46.37;6.48;22/07/2026;00:00;12.1;0;SOLEIL;4;24.1;0
Thonon-les-Bains;46.37;6.48;22/07/2026;01:00;12.1;0;SOLEIL;4;22.3;0
Thonon-les-Bains;46.37;6.48;22/07/2026;02:00;11.6;0;SOLEIL;5;20.5;0
Thonon-les-Bains;46.37;6.48;22/07/2026;03:00;11.6;0;SOLEIL;5;18.4;0
Thonon-les-Bains;46.37;6.48;22/07/2026;04:00;11.6;0;SOLEIL;5;15.8;0
Thonon-les-Bains;46.37;6.48;22/07/2026;05:00;15.6;0;SOLEIL;4;14.0;0
Thonon-les-Bains;46.37;6.48;22/07/2026;06:00;15.6;0;SOLEIL;4;12.2;0
Thonon-les-Bains;46.37;6.48;22/07/2026;07:00;15.6;0;SOLEIL;4;10.8;0
Thonon-les-Bains;46.37;6.48;22/07/2026;08:00;15.4;0;SOLEIL;5;10.8;0
Thonon-les-Bains;46.37;6.48;22/07/2026;09:00;17.3;0;SOLEIL;5;13.3;0
Thonon-les-Bains;46.37;6.48;22/07/2026;10:00;19.2;0;SOLEIL;5;17.6;0
Thonon-les-Bains;46.37;6.48;22/07/2026;11:00;26.5;0;SOLEIL;4;21.2;0
Thonon-les-Bains;46.37;6.48;22/07/2026;12:00;26.5;0;SOLEIL;4;23.8;0
Thonon-les-Bains;46.37;6.48;22/07/2026;13:00;26.5;0;SOLEIL;4;25.6;0
Thonon-les-Bains;46.37;6.48;22/07/2026;14:00;26.7;0;SOLEIL;5;26.6;0
Thonon-les-Bains;46.37;6.48;22/07/2026;15:00;28.6;0;SOLEIL;5;26.3;0
Thonon-les-Bains;46.37;6.48;22/07/2026;16:00;26.7;0;SOLEIL;5;24.8;0
Thonon-les-Bains;46.37;6.48;22/07/2026;17:00;25.6;0;SOLEIL;4;23.4;0
Thonon-les-Bains;46.37;6.48;22/07/2026;18:00;25.6;0;SOLEIL;4;22.7;0
Thonon-les-Bains;46.37;6.48;22/07/2026;19:00;25.6;0;SOLEIL;4;22.3;0
Thonon-les-Bains;46.37;6.48;22/07/2026;20:00;19.2;0;SOLEIL;5;22.0;0
Thonon-les-Bains;46.37;6.48;22/07/2026;21:00;17.3;0;SOLEIL;5;22.3;0
Thonon-les-Bains;46.37;6.48;22/07/2026;22:00;15.4;0;SOLEIL;5;23.4;0
Thonon-les-Bains;46.37;6.48;22/07/2026;23:00;14.1;0;SOLEIL;3;22.7;0
Thonon-les-Bains;46.37;6.48;23/07/2026;00:00;14.1;0;SOLEIL;3;19.4;0
Thonon-les-Bains;46.37;6.48;23/07/2026;01:00;14.1;0;SOLEIL;3;15.1;0
Thonon-les-Bains;46.37;6.48;23/07/2026;02:00;13.1;0;SOLEIL;5;11.5;0
Thonon-les-Bains;46.37;6.48;23/07/2026;03:00;13.1;0;SOLEIL;5;10.1;0
Thonon-les-Bains;46.37;6.48;23/07/2026;04:00;13.1;0;SOLEIL;5;9.7;0
Thonon-les-Bains;46.37;6.48;23/07/2026;05:00;16.6;0;SOLEIL;3;9.4;0
Thonon-les-Bains;46.37;6.48;23/07/2026;06:00;16.6;0;SOLEIL;3;8.6;0
Thonon-les-Bains;46.37;6.48;23/07/2026;07:00;16.6;0;SOLEIL;3;7.9;0
Thonon-les-Bains;46.37;6.48;23/07/2026;08:00;16.1;0;SOLEIL;5;7.9;0
Thonon-les-Bains;46.37;6.48;23/07/2026;09:00;17.6;0;SOLEIL;5;9.0;0
Thonon-les-Bains;46.37;6.48;23/07/2026;10:00;19.1;0;SOLEIL;5;10.4;0
Thonon-les-Bains;46.37;6.48;23/07/2026;11:00;24.5;0;SOLEIL;4;12.2;0
Thonon-les-Bains;46.37;6.48;23/07/2026;12:00;24.5;0;SOLEIL;4;14.4;0
Thonon-les-Bains;46.37;6.48;23/07/2026;13:00;24.5;0;SOLEIL;4;17.3;0
Thonon-les-Bains;46.37;6.48;23/07/2026;14:00;25.1;0;SOLEIL;5;18.4;0
Thonon-les-Bains;46.37;6.48;23/07/2026;15:00;26.6;0;SOLEIL;5;17.3;0
Thonon-les-Bains;46.37;6.48;23/07/2026;16:00;25.1;0;SOLEIL;5;14.8;0
Thonon-les-Bains;46.37;6.48;23/07/2026;17:00;24;0;SOLEIL;5;13.0;0
Thonon-les-Bains;46.37;6.48;23/07/2026;18:00;24;0;SOLEIL;5;13.3;0
Thonon-les-Bains;46.37;6.48;23/07/2026;19:00;24;0;SOLEIL;5;14.4;0
Thonon-les-Bains;46.37;6.48;23/07/2026;20:00;19.1;0;SOLEIL;5;14.8;0
Thonon-les-Bains;46.37;6.48;23/07/2026;21:00;17.6;0;SOLEIL;5;13.3;0
Thonon-les-Bains;46.37;6.48;23/07/2026;22:00;16.1;0;SOLEIL;5;10.8;0
Thonon-les-Bains;46.37;6.48;23/07/2026;23:00;13.9;0;SOLEIL;4;9.0;0
Thonon-les-Bains;46.37;6.48;24/07/2026;00:00;13.9;0;SOLEIL;4;16.7;0
Thonon-les-Bains;46.37;6.48;24/07/2026;01:00;13.9;0;SOLEIL;4;24.5;0
Thonon-les-Bains;46.37;6.48;24/07/2026;02:00;12.6;0;SOLEIL;5;31.2;0
Thonon-les-Bains;46.37;6.48;24/07/2026;03:00;12.6;0;SOLEIL;5;36.4;0
Thonon-les-Bains;46.37;6.48;24/07/2026;04:00;12.6;0;SOLEIL;5;33.1;0
Thonon-les-Bains;46.37;6.48;24/07/2026;05:00;16.4;0;SOLEIL;4;29.5;0
Thonon-les-Bains;46.37;6.48;24/07/2026;06:00;16.4;0;SOLEIL;4;25.9;0
Thonon-les-Bains;46.37;6.48;24/07/2026;07:00;16.4;0;SOLEIL;4;22.7;0
Thonon-les-Bains;46.37;6.48;24/07/2026;08:00;16.5;0;SOLEIL;5;20.9;0
Thonon-les-Bains;46.37;6.48;24/07/2026;09:00;18.4;0;SOLEIL;5;20.2;0
Thonon-les-Bains;46.37;6.48;24/07/2026;10:00;20.3;0;SOLEIL;5;20.5;0
Thonon-les-Bains;46.37;6.48;24/07/2026;11:00;28.1;0;SOLEIL;3;21.2;0
Thonon-les-Bains;46.37;6.48;24/07/2026;12:00;28.1;0;SOLEIL;3;22.3;0
Thonon-les-Bains;46.37;6.48;24/07/2026;13:00;28.1;0;SOLEIL;3;23.0;0
Thonon-les-Bains;46.37;6.48;24/07/2026;14:00;28.1;0;SOLEIL;5;23.4;0
Thonon-les-Bains;46.37;6.48;24/07/2026;15:00;30.0;0;SOLEIL;5;23.4;0
Thonon-les-Bains;46.37;6.48;24/07/2026;16:00;28.1;0;SOLEIL;5;23.0;0
Thonon-les-Bains;46.37;6.48;24/07/2026;17:00;26.9;0;SOLEIL;4;22.7;0
Thonon-les-Bains;46.37;6.48;24/07/2026;18:00;26.9;0;SOLEIL;4;22.3;0
Thonon-les-Bains;46.37;6.48;24/07/2026;19:00;26.9;0;SOLEIL;4;21.6;0
Thonon-les-Bains;46.37;6.48;24/07/2026;20:00;20.3;0;SOLEIL;5;20.9;0
Thonon-les-Bains;46.37;6.48;24/07/2026;21:00;18.4;0;SOLEIL;5;19.8;0
Thonon-les-Bains;46.37;6.48;24/07/2026;22:00;16.5;0;SOLEIL;5;18.7;0
Thonon-les-Bains;46.37;6.48;24/07/2026;23:00;16.6;0;SOLEIL;2;17.3;0
Thonon-les-Bains;46.37;6.48;25/07/2026;00:00;16.6;0;SOLEIL;2;15.8;0
Thonon-les-Bains;46.37;6.48;25/07/2026;01:00;16.6;0;SOLEIL;2;14.8;0
Thonon-les-Bains;46.37;6.48;25/07/2026;02:00;15.1;0;SOLEIL;5;13.7;0
Thonon-les-Bains;46.37;6.48;25/07/2026;03:00;15.1;0;SOLEIL;5;13.0;0
Thonon-les-Bains;46.37;6.48;25/07/2026;04:00;15.1;0;SOLEIL;5;12.2;0
Thonon-les-Bains;46.37;6.48;25/07/2026;05:00;19.1;0;SOLEIL;2;11.5;0
Thonon-les-Bains;46.37;6.48;25/07/2026;06:00;19.1;0;SOLEIL;2;11.2;0
Thonon-les-Bains;46.37;6.48;25/07/2026;07:00;19.1;0;SOLEIL;2;11.2;0
Thonon-les-Bains;46.37;6.48;25/07/2026;08:00;18.7;0;SOLEIL;5;11.5;0
Thonon-les-Bains;46.37;6.48;25/07/2026;09:00;20.5;0;SOLEIL;5;12.6;0
Thonon-les-Bains;46.37;6.48;25/07/2026;10:00;22.3;0;SOLEIL;5;14.0;0
Thonon-les-Bains;46.37;6.48;25/07/2026;11:00;30.1;0;SOLEIL;2;16.2;0
Thonon-les-Bains;46.37;6.48;25/07/2026;12:00;30.1;0;SOLEIL;2;18.4;0
Thonon-les-Bains;46.37;6.48;25/07/2026;13:00;30.1;0;SOLEIL;2;20.2;0
Thonon-les-Bains;46.37;6.48;25/07/2026;14:00;29.4;0;SOLEIL;5;22.0;0
Thonon-les-Bains;46.37;6.48;25/07/2026;15:00;31.2;0;SOLEIL;5;23.0;0
Thonon-les-Bains;46.37;6.48;25/07/2026;16:00;29.4;0;SOLEIL;5;23.8;0
Thonon-les-Bains;46.37;6.48;25/07/2026;17:00;26.4;0;SOLEIL;4;24.1;0
Thonon-les-Bains;46.37;6.48;25/07/2026;18:00;26.4;0;SOLEIL;4;25.2;0
Thonon-les-Bains;46.37;6.48;25/07/2026;19:00;26.4;0;SOLEIL;4;26.6;0
Thonon-les-Bains;46.37;6.48;25/07/2026;20:00;22.3;0;SOLEIL;5;29.5;0
Thonon-les-Bains;46.37;6.48;25/07/2026;21:00;20.5;0;SOLEIL;5;34.2;0
Thonon-les-Bains;46.37;6.48;25/07/2026;22:00;18.7;0;SOLEIL;5;41.0;0
Thonon-les-Bains;46.37;6.48;25/07/2026;23:00;17.7;0;SOLEIL;2;48.6;0
Thonon-les-Bains;46.37;6.48;26/07/2026;00:00;17.7;0;SOLEIL;2;55.4;0
Thonon-les-Bains;46.37;6.48;26/07/2026;01:00;17.7;0;SOLEIL;2;60.8;0
Thonon-les-Bains;46.37;6.48;26/07/2026;02:00;15.7;6;AVERSES;5;63.4;0
Thonon-les-Bains;46.37;6.48;26/07/2026;03:00;15.7;6;AVERSES;5;62.3;0
Thonon-les-Bains;46.37;6.48;26/07/2026;04:00;15.7;6;AVERSES;5;58.3;0
Thonon-les-Bains;46.37;6.48;26/07/2026;05:00;;6;AVERSES;;52.6;0
Thonon-les-Bains;46.37;6.48;26/07/2026;06:00;;6;AVERSES;;46.4;0
Thonon-les-Bains;46.37;6.48;26/07/2026;07:00;;6;AVERSES;;41.4;0
Thonon-les-Bains;46.37;6.48;26/07/2026;08:00;18.2;6;AVERSES;5;38.5;0
Thonon-les-Bains;46.37;6.48;26/07/2026;09:00;19.5;6;AVERSES;5;38.2;0
Thonon-les-Bains;46.37;6.48;26/07/2026;10:00;20.8;6;AVERSES;5;39.6;0
Thonon-les-Bains;46.37;6.48;26/07/2026;11:00;;6;AVERSES;;41.8;0
Thonon-les-Bains;46.37;6.48;26/07/2026;12:00;;6;AVERSES;;44.6;0
Thonon-les-Bains;46.37;6.48;26/07/2026;13:00;;6;AVERSES;;46.8;0
Thonon-les-Bains;46.37;6.48;26/07/2026;14:00;25.8;6;AVERSES;5;47.9;0
Thonon-les-Bains;46.37;6.48;26/07/2026;15:00;27.1;6;AVERSES;5;47.9;0
Thonon-les-Bains;46.37;6.48;26/07/2026;16:00;25.8;6;AVERSES;5;47.5;0
Thonon-les-Bains;46.37;6.48;26/07/2026;17:00;;6;AVERSES;;46.8;0
Thonon-les-Bains;46.37;6.48;26/07/2026;18:00;;6;AVERSES;;45.7;0
Thonon-les-Bains;46.37;6.48;26/07/2026;19:00;;6;AVERSES;;44.6;0
Thonon-les-Bains;46.37;6.48;26/07/2026;20:00;20.8;6;AVERSES;5;43.6;0
Thonon-les-Bains;46.37;6.48;26/07/2026;21:00;19.5;6;AVERSES;5;42.8;0
Thonon-les-Bains;46.37;6.48;26/07/2026;22:00;18.2;6;AVERSES;5;42.1;0
Thonon-les-Bains;46.37;6.48;26/07/2026;23:00;;6;AVERSES;;41.4;0
Thonon-les-Bains;46.37;6.48;27/07/2026;00:00;;6;AVERSES;;40.3;0
Thonon-les-Bains;46.37;6.48;27/07/2026;01:00;;6;AVERSES;;38.9;0
Thonon-les-Bains;46.37;6.48;27/07/2026;02:00;15.4;6;AVERSES;5;37.1;0
Thonon-les-Bains;46.37;6.48;27/07/2026;03:00;15.4;6;AVERSES;5;34.2;0
Thonon-les-Bains;46.37;6.48;27/07/2026;04:00;15.4;6;AVERSES;5;30.6;0
Thonon-les-Bains;46.37;6.48;27/07/2026;05:00;;6;AVERSES;;26.3;0
Thonon-les-Bains;46.37;6.48;27/07/2026;06:00;;6;AVERSES;;22.7;0
Thonon-les-Bains;46.37;6.48;27/07/2026;07:00;;6;AVERSES;;19.4;0
Thonon-les-Bains;46.37;6.48;27/07/2026;08:00;18.3;6;AVERSES;5;17.3;0
Thonon-les-Bains;46.37;6.48;27/07/2026;09:00;19.8;6;AVERSES;5;16.6;0
Thonon-les-Bains;46.37;6.48;27/07/2026;10:00;21.2;6;AVERSES;5;17.3;0
Thonon-les-Bains;46.37;6.48;27/07/2026;11:00;;6;AVERSES;;18.4;0
Thonon-les-Bains;46.37;6.48;27/07/2026;12:00;;6;AVERSES;;20.2;0
Thonon-les-Bains;46.37;6.48;27/07/2026;13:00;;6;AVERSES;;21.6;0
Thonon-les-Bains;46.37;6.48;27/07/2026;14:00;27.0;6;AVERSES;5;22.7;0
Thonon-les-Bains;46.37;6.48;27/07/2026;15:00;28.5;6;AVERSES;5;23.4;0
Thonon-les-Bains;46.37;6.48;27/07/2026;16:00;27.0;6;AVERSES;5;24.1;0
Thonon-les-Bains;46.37;6.48;27/07/2026;17:00;;6;AVERSES;;24.8;0
Thonon-les-Bains;46.37;6.48;27/07/2026;18:00;;6;AVERSES;;25.6;0
Thonon-les-Bains;46.37;6.48;27/07/2026;19:00;;6;AVERSES;;26.3;0
Thonon-les-Bains;46.37;6.48;27/07/2026;20:00;21.2;6;AVERSES;5;26.6;0
Thonon-les-Bains;46.37;6.48;27/07/2026;21:00;19.8;6;AVERSES;5;27.0;0
Thonon-les-Bains;46.37;6.48;27/07/2026;22:00;18.3;6;AVERSES;5;27.0;0
Thonon-les-Bains;46.37;6.48;27/07/2026;23:00;;6;AVERSES;;27.0;0
Thonon-les-Bains;46.37;6.48;28/07/2026;00:00;;6;AVERSES;;27.0;0
Thonon-les-Bains;46.37;6.48;28/07/2026;01:00;;6;AVERSES;;27.0;0
Thonon-les-Bains;46.37;6.48;28/07/2026;02:00;15.5;6;AVERSES;5;27.0;0
Thonon-les-Bains;46.37;6.48;28/07/2026;03:00;15.5;6;AVERSES;5;27.0;0
Thonon-les-Bains;46.37;6.48;28/07/2026;04:00;15.5;6;AVERSES;5;27.0;0
Thonon-les-Bains;46.37;6.48;28/07/2026;05:00;;6;AVERSES;;27.0;0
Thonon-les-Bains;46.37;6.48;28/07/2026;06:00;;6;AVERSES;;27.0;0
Thonon-les-Bains;46.37;6.48;28/07/2026;07:00;;6;AVERSES;;27.0;0
Thonon-les-Bains;46.37;6.48;28/07/2026;08:00;18.6;6;AVERSES;5;27.4;0
Thonon-les-Bains;46.37;6.48;28/07/2026;09:00;20.2;6;AVERSES;5;27.7;0
Thonon-les-Bains;46.37;6.48;28/07/2026;10:00;21.7;6;AVERSES;5;28.1;0
Thonon-les-Bains;46.37;6.48;28/07/2026;11:00;;6;AVERSES;;28.8;0
Thonon-les-Bains;46.37;6.48;28/07/2026;12:00;;6;AVERSES;;29.2;0
Thonon-les-Bains;46.37;6.48;28/07/2026;13:00;;6;AVERSES;;29.9;0
Thonon-les-Bains;46.37;6.48;28/07/2026;14:00;27.9;6;AVERSES;5;30.2;0
Thonon-les-Bains;46.37;6.48;28/07/2026;15:00;29.5;6;AVERSES;5;30.6;0
Thonon-les-Bains;46.37;6.48;28/07/2026;16:00;27.9;6;AVERSES;5;31.3;0
Thonon-les-Bains;46.37;6.48;28/07/2026;17:00;;6;AVERSES;;31.7;0
Thonon-les-Bains;46.37;6.48;28/07/2026;18:00;;6;AVERSES;;32.0;0
Thonon-les-Bains;46.37;6.48;28/07/2026;19:00;;6;AVERSES;;32.0;0
Thonon-les-Bains;46.37;6.48;28/07/2026;20:00;21.7;6;AVERSES;5;31.7;0
Thonon-les-Bains;46.37;6.48;28/07/2026;21:00;20.2;6;AVERSES;5;31.0;0
Thonon-les-Bains;46.37;6.48;28/07/2026;22:00;18.6;6;AVERSES;5;29.5;0
Thonon-les-Bains;46.37;6.48;28/07/2026;23:00;;6;AVERSES;;27.7;0
Thonon-les-Bains;46.37;6.48;29/07/2026;00:00;;6;AVERSES;;26.3;0
Thonon-les-Bains;46.37;6.48;29/07/2026;01:00;;6;AVERSES;;24.5;0
Thonon-les-Bains;46.37;6.48;29/07/2026;02:00;15.1;6;AVERSES;5;22.7;0
Thonon-les-Bains;46.37;6.48;29/07/2026;03:00;15.1;6;AVERSES;5;20.9;0
Thonon-les-Bains;46.37;6.48;29/07/2026;04:00;15.1;6;AVERSES;5;18.7;0
Thonon-les-Bains;46.37;6.48;29/07/2026;05:00;;6;AVERSES;;16.2;0
Thonon-les-Bains;46.37;6.48;29/07/2026;06:00;;6;AVERSES;;14.4;0
Thonon-les-Bains;46.37;6.48;29/07/2026;07:00;;6;AVERSES;;13.0;0
Thonon-les-Bains;46.37;6.48;29/07/2026;08:00;18.0;6;AVERSES;5;13.0;0
Thonon-les-Bains;46.37;6.48;29/07/2026;09:00;19.5;6;AVERSES;5;14.4;0
Thonon-les-Bains;46.37;6.48;29/07/2026;10:00;20.9;6;AVERSES;5;16.9;0
Thonon-les-Bains;46.37;6.48;29/07/2026;11:00;;6;AVERSES;;20.2;0
Thonon-les-Bains;46.37;6.48;29/07/2026;12:00;;6;AVERSES;;23.4;0
Thonon-les-Bains;46.37;6.48;29/07/2026;13:00;;6;AVERSES;;26.3;0
Thonon-les-Bains;46.37;6.48;29/07/2026;14:00;26.7;6;AVERSES;5;28.4;0
Thonon-les-Bains;46.37;6.48;29/07/2026;15:00;28.2;6;AVERSES;5;29.2;0
Thonon-les-Bains;46.37;6.48;29/07/2026;16:00;26.7;6;AVERSES;5;29.2;0
Thonon-les-Bains;46.37;6.48;29/07/2026;17:00;;6;AVERSES;;28.8;0
Thonon-les-Bains;46.37;6.48;29/07/2026;18:00;;6;AVERSES;;28.1;0
Thonon-les-Bains;46.37;6.48;29/07/2026;19:00;;6;AVERSES;;28.1;0
Thonon-les-Bains;46.37;6.48;29/07/2026;20:00;20.9;6;AVERSES;5;28.8;0
Thonon-les-Bains;46.37;6.48;29/07/2026;21:00;19.5;6;AVERSES;5;30.6;0
Thonon-les-Bains;46.37;6.48;29/07/2026;22:00;18.0;6;AVERSES;5;33.1;0
Thonon-les-Bains;46.37;6.48;29/07/2026;23:00;;6;AVERSES;;36.0;0
Thonon-les-Bains;46.37;6.48;30/07/2026;00:00;;6;AVERSES;;38.9;0
Thonon-les-Bains;46.37;6.48;30/07/2026;01:00;;6;AVERSES;;41.0;0
Thonon-les-Bains;46.37;6.48;30/07/2026;02:00;15.2;6;AVERSES;5;42.5;0
Thonon-les-Bains;46.37;6.48;30/07/2026;03:00;15.2;6;AVERSES;5;42.8;0
Thonon-les-Bains;46.37;6.48;30/07/2026;04:00;15.2;6;AVERSES;5;42.5;0
Thonon-les-Bains;46.37;6.48;30/07/2026;05:00;;6;AVERSES;;41.8;0
Thonon-les-Bains;46.37;6.48;30/07/2026;06:00;;6;AVERSES;;40.3;0
Thonon-les-Bains;46.37;6.48;30/07/2026;07:00;;6;AVERSES;;38.9;0
Thonon-les-Bains;46.37;6.48;30/07/2026;08:00;18.0;6;AVERSES;5;37.4;0
Thonon-les-Bains;46.37;6.48;30/07/2026;09:00;19.3;6;AVERSES;5;35.6;0
Thonon-les-Bains;46.37;6.48;30/07/2026;10:00;20.7;6;AVERSES;5;33.1;0
Thonon-les-Bains;46.37;6.48;30/07/2026;11:00;;6;AVERSES;;30.2;0
Thonon-les-Bains;46.37;6.48;30/07/2026;12:00;;6;AVERSES;;27.7;0
Thonon-les-Bains;46.37;6.48;30/07/2026;13:00;;6;AVERSES;;25.2;0
Thonon-les-Bains;46.37;6.48;30/07/2026;14:00;26.2;6;AVERSES;5;23.8;0
Thonon-les-Bains;46.37;6.48;30/07/2026;15:00;27.6;6;AVERSES;5;23.0;0
Thonon-les-Bains;46.37;6.48;30/07/2026;16:00;26.2;6;AVERSES;5;22.7;0
Thonon-les-Bains;46.37;6.48;30/07/2026;17:00;;6;AVERSES;;23.0;0
Thonon-les-Bains;46.37;6.48;30/07/2026;18:00;;6;AVERSES;;23.4;0
Thonon-les-Bains;46.37;6.48;30/07/2026;19:00;;6;AVERSES;;23.8;0
Thonon-les-Bains;46.37;6.48;30/07/2026;20:00;20.7;6;AVERSES;5;24.1;0
Thonon-les-Bains;46.37;6.48;30/07/2026;21:00;19.3;6;AVERSES;5;24.5;0
Thonon-les-Bains;46.37;6.48;30/07/2026;22:00;18.0;6;AVERSES;5;24.8;0
Thonon-les-Bains;46.37;6.48;30/07/2026;23:00;16.6;6;AVERSES;5;25.6;0
Thonon-les-Bains;46.37;6.48;31/07/2026;00:00;12;0;SOLEIL;5;21.1;0
Thonon-les-Bains;46.37;6.48;31/07/2026;01:00;12;0;SOLEIL;5;16.7;0
Thonon-les-Bains;46.37;6.48;31/07/2026;02:00;12;0;SOLEIL;5;12.1;0
Thonon-les-Bains;46.37;6.48;31/07/2026;03:00;12;0;SOLEIL;5;7.2;0
Thonon-les-Bains;46.37;6.48;31/07/2026;04:00;12;0;SOLEIL;5;6.8;0
Thonon-les-Bains;46.37;6.48;31/07/2026;05:00;12;0;SOLEIL;5;7.2;0
Thonon-les-Bains;46.37;6.48;31/07/2026;06:00;12;0;SOLEIL;5;7.9;0
Thonon-les-Bains;46.37;6.48;31/07/2026;07:00;13.1;0;SOLEIL;5;9.0;0
Thonon-les-Bains;46.37;6.48;31/07/2026;08:00;14.2;0;SOLEIL;5;10.1;0
Thonon-les-Bains;46.37;6.48;31/07/2026;09:00;15.3;0;SOLEIL;5;11.5;0
Thonon-les-Bains;46.37;6.48;31/07/2026;10:00;16.4;0;SOLEIL;5;13.3;0
Thonon-les-Bains;46.37;6.48;31/07/2026;11:00;17.6;0;SOLEIL;5;14.8;0
Thonon-les-Bains;46.37;6.48;31/07/2026;12:00;18.7;0;SOLEIL;5;15.8;0
Thonon-les-Bains;46.37;6.48;31/07/2026;13:00;19.8;0;SOLEIL;5;16.6;0
Thonon-les-Bains;46.37;6.48;31/07/2026;14:00;20.9;0;SOLEIL;5;16.9;0
Thonon-les-Bains;46.37;6.48;31/07/2026;15:00;22.0;0;SOLEIL;5;16.2;0
Thonon-les-Bains;46.37;6.48;31/07/2026;16:00;20.9;0;SOLEIL;5;15.5;0
Thonon-les-Bains;46.37;6.48;31/07/2026;17:00;19.8;0;SOLEIL;5;15.5;0
Thonon-les-Bains;46.37;6.48;31/07/2026;18:00;18.7;0;SOLEIL;5;18.4;0
Thonon-les-Bains;46.37;6.48;31/07/2026;19:00;17.6;0;SOLEIL;5;22.0;0
Thonon-les-Bains;46.37;6.48;31/07/2026;20:00;16.4;0;SOLEIL;5;23.4;0
Thonon-les-Bains;46.37;6.48;31/07/2026;21:00;15.3;0;SOLEIL;5;19.8;0
Thonon-les-Bains;46.37;6.48;31/07/2026;22:00;14.2;0;SOLEIL;5;13.7;0
Thonon-les-Bains;46.37;6.48;31/07/2026;23:00;13.1;0;SOLEIL;5;9.0;0
Thonon-les-Bains;46.37;6.48;01/08/2026;00:00;12;0;SOLEIL;5;0.0;0
Thonon-les-Bains;46.37;6.48;01/08/2026;01:00;12;0;SOLEIL;5;0.0;0
Thonon-les-Bains;46.37;6.48;01/08/2026;02:00;12;0;SOLEIL;5;0.0;0
Thonon-les-Bains;46.37;6.48;01/08/2026;03:00;12;0;SOLEIL;5;0.0;0
Thonon-les-Bains;46.37;6.48;01/08/2026;04:00;12;0;SOLEIL;5;0.0;0
Thonon-les-Bains;46.37;6.48;01/08/2026;05:00;12;0;SOLEIL;5;0.0;0
Thonon-les-Bains;46.37;6.48;01/08/2026;06:00;12;0;SOLEIL;5;0.0;0
Thonon-les-Bains;46.37;6.48;01/08/2026;07:00;13.1;0;SOLEIL;5;0.0;0
Thonon-les-Bains;46.37;6.48;01/08/2026;08:00;14.2;0;SOLEIL;5;0.0;0
Thonon-les-Bains;46.37;6.48;01/08/2026;09:00;15.3;0;SOLEIL;5;0.0;0
Thonon-les-Bains;46.37;6.48;01/08/2026;10:00;16.4;0;SOLEIL;5;0.0;0
Thonon-les-Bains;46.37;6.48;01/08/2026;11:00;17.6;0;SOLEIL;5;0.0;0
Thonon-les-Bains;46.37;6.48;01/08/2026;12:00;18.7;0;SOLEIL;5;0.0;0
Thonon-les-Bains;46.37;6.48;01/08/2026;13:00;19.8;0;SOLEIL;5;0.0;0
Thonon-les-Bains;46.37;6.48;01/08/2026;14:00;20.9;0;SOLEIL;5;0.0;0
Thonon-les-Bains;46.37;6.48;01/08/2026;15:00;22.0;0;SOLEIL;5;0.0;0
Thonon-les-Bains;46.37;6.48;01/08/2026;16:00;20.9;0;SOLEIL;5;0.0;0
Thonon-les-Bains;46.37;6.48;01/08/2026;17:00;19.8;0;SOLEIL;5;0.0;0
Thonon-les-Bains;46.37;6.48;01/08/2026;18:00;18.7;0;SOLEIL;5;0.0;0
Thonon-les-Bains;46.37;6.48;01/08/2026;19:00;17.6;0;SOLEIL;5;0.0;0
Thonon-les-Bains;46.37;6.48;01/08/2026;20:00;16.4;0;SOLEIL;5;0.0;0
Thonon-les-Bains;46.37;6.48;01/08/2026;21:00;15.3;0;SOLEIL;5;0.0;0
Thonon-les-Bains;46.37;6.48;01/08/2026;22:00;14.2;0;SOLEIL;5;0.0;0
Thonon-les-Bains;46.37;6.48;01/08/2026;23:00;13.1;0;SOLEIL;5;0.0;0
