Ville;Latitude;Longitude;Date;Heure;temperature_2m;relativehumidity_2m;dewpoint_2m;apparent_temperature;precipitation_probability;precipitation;rain;showers;snowfall;snow_depth;weathercode;pictogramme;condition_meteo;pressure_msl;surface_pressure;cloudcover;cloudcover_low;cloudcover_mid;cloudcover_high;visibility;evapotranspiration;vapour_pressure_deficit;windspeed_10m;windgusts_10m;winddirection_10m;soil_temperature_0cm;soil_temperature_6cm;soil_temperature_18cm;soil_temperature_54cm;soil_moisture_0_1cm;soil_moisture_1_3cm;soil_moisture_3_9cm;soil_moisture_9_27cm;soil_moisture_27_81cm
Nice;43.7032;7.2528;28/05/2026;00:00;23.9;71;18.4;26.3;0;0.0;0.0;0.0;0.0;0.0;1;P2;Éclaircies;1016.4;1013.0;44;0;27;21;37280.0;0.02;0.86;5.1;8.3;82;22.6;26.8;29.2;24.0;0.124;0.198;0.244;0.281;0.334
Nice;43.7032;7.2528;28/05/2026;01:00;23.3;73;18.2;25.6;0;0.0;0.0;0.0;0.0;0.0;0;P1;Ensoleillé;1016.8;1013.4;6;0;6;1;36300.0;0.03;0.77;5.4;9.4;90;22.3;26.1;28.8;24.0;0.127;0.197;0.244;0.281;0.334
Nice;43.7032;7.2528;28/05/2026;02:00;22.1;84;19.3;25.0;0;0.0;0.0;0.0;0.0;0.0;0;P1;Ensoleillé;1016.9;1013.5;0;0;0;0;27980.0;0.02;0.43;4.1;9.0;75;22.2;25.5;28.4;24.0;0.131;0.197;0.244;0.281;0.334
Nice;43.7032;7.2528;28/05/2026;03:00;21.6;87;19.3;24.6;0;0.0;0.0;0.0;0.0;0.0;0;P1;Ensoleillé;1016.4;1013.0;0;0;0;0;24760.0;0.02;0.34;3.7;7.2;61;21.9;24.9;28.0;24.1;0.134;0.196;0.243;0.281;0.334
Nice;43.7032;7.2528;28/05/2026;04:00;21.1;88;19.1;24.1;0;0.0;0.0;0.0;0.0;0.0;1;P2;Éclaircies;1016.4;1013.0;0;0;0;0;21420.0;0.01;0.3;3.4;6.1;58;21.7;24.4;27.6;24.1;0.137;0.196;0.243;0.281;0.334
Nice;43.7032;7.2528;28/05/2026;05:00;20.8;88;18.7;23.5;0;0.0;0.0;0.0;0.0;0.0;1;P2;Éclaircies;1015.9;1012.5;4;4;0;0;20460.0;0.01;0.29;4.1;6.5;45;21.4;23.9;27.3;24.1;0.172;0.211;0.249;0.285;0.34
Nice;43.7032;7.2528;28/05/2026;06:00;20.5;87;18.3;23.0;0;0.0;0.0;0.0;0.0;0.0;1;P2;Éclaircies;1016.6;1013.2;8;8;0;0;20260.0;0.02;0.31;4.1;7.2;38;21.2;23.4;26.9;24.1;0.175;0.211;0.249;0.285;0.34
Nice;43.7032;7.2528;28/05/2026;07:00;20.6;85;18.0;23.0;0;0.0;0.0;0.0;0.0;0.0;1;P2;Éclaircies;1017.1;1013.7;8;8;0;0;23240.0;0.02;0.37;3.9;7.2;22;21.7;23.2;26.5;24.1;0.178;0.21;0.249;0.285;0.34
Nice;43.7032;7.2528;28/05/2026;08:00;21.8;84;19.0;24.5;0;0.0;0.0;0.0;0.0;0.0;1;P2;Éclaircies;1017.3;1013.9;60;47;20;0;26100.0;0.02;0.42;4.7;6.5;94;23.4;23.8;26.2;24.1;0.18;0.21;0.248;0.285;0.34
Nice;43.7032;7.2528;28/05/2026;09:00;22.3;83;19.3;24.8;0;0.0;0.0;0.0;0.0;0.0;2;P8;Éclaircies;1017.7;1014.3;56;46;18;0;25800.0;0.05;0.46;7.6;14.4;90;25.2;25.4;26.0;24.1;0.179;0.21;0.248;0.285;0.34
Nice;43.7032;7.2528;28/05/2026;10:00;22.8;82;19.6;25.0;0;0.0;0.0;0.0;0.0;0.0;2;P8;Éclaircies;1018.3;1014.9;55;44;27;0;26160.0;0.07;0.5;10.2;18.4;98;26.8;27.4;26.0;24.1;0.175;0.209;0.248;0.285;0.34
Nice;43.7032;7.2528;28/05/2026;11:00;23.5;76;19.0;25.7;0;0.0;0.0;0.0;0.0;0.0;2;P8;Éclaircies;1018.0;1014.6;33;0;33;0;31400.0;0.09;0.69;10.4;18.7;104;28.7;29.7;26.2;24.1;0.168;0.209;0.248;0.285;0.34
Nice;43.7032;7.2528;28/05/2026;12:00;23.9;74;19.0;27.0;0;0.0;0.0;0.0;0.0;0.0;1;P2;Éclaircies;1018.5;1015.1;37;0;37;0;32620.0;0.11;0.77;9.9;19.8;109;29.9;31.7;26.5;24.1;0.16;0.208;0.247;0.285;0.34
Nice;43.7032;7.2528;28/05/2026;13:00;24.2;71;18.7;27.5;0;0.0;0.0;0.0;0.0;0.0;1;P2;Éclaircies;1018.6;1015.2;37;0;37;0;34580.0;0.12;0.88;10.2;19.8;108;30.8;33.5;26.9;24.1;0.152;0.207;0.247;0.285;0.34
Nice;43.7032;7.2528;28/05/2026;14:00;24.5;71;18.9;28.0;0;0.0;0.0;0.0;0.0;0.0;1;P2;Éclaircies;1018.3;1014.9;3;0;3;0;34480.0;0.12;0.89;10.8;19.4;127;31.3;34.8;27.4;24.1;0.144;0.206;0.247;0.285;0.34
Nice;43.7032;7.2528;28/05/2026;15:00;25.0;68;18.7;28.7;0;0.0;0.0;0.0;0.0;0.0;3;P4;Nuageux;1018.0;1014.6;100;0;11;100;36360.0;0.12;1.02;7.6;19.4;121;30.8;35.8;28.0;24.1;0.137;0.205;0.246;0.285;0.34
Nice;43.7032;7.2528;28/05/2026;16:00;25.2;65;18.2;27.1;0;0.0;0.0;0.0;0.0;0.0;3;P4;Nuageux;1017.3;1013.9;100;0;0;100;38020.0;0.1;1.12;8.2;16.6;128;29.1;35.4;28.5;24.2;0.133;0.204;0.246;0.285;0.34
Nice;43.7032;7.2528;28/05/2026;17:00;25.0;69;18.9;27.6;3;0.0;0.0;0.0;0.0;0.0;3;P4;Nuageux;1017.2;1013.8;100;0;3;100;36720.0;0.08;0.98;4.9;15.1;126;27.0;33.7;28.9;24.2;0.132;0.204;0.246;0.285;0.34
Nice;43.7032;7.2528;28/05/2026;18:00;24.7;70;18.9;27.2;0;0.0;0.0;0.0;0.0;0.0;3;P4;Nuageux;1017.2;1013.8;100;0;0;100;36620.0;0.06;0.93;5.4;11.2;138;26.0;32.2;29.1;24.2;0.132;0.203;0.246;0.285;0.34
Nice;43.7032;7.2528;28/05/2026;19:00;24.3;71;18.7;26.8;0;0.0;0.0;0.0;0.0;0.0;3;P4;Nuageux;1017.0;1013.6;100;0;0;100;36280.0;0.05;0.88;4.7;10.8;113;25.2;30.7;29.1;24.2;0.133;0.202;0.245;0.285;0.339
Nice;43.7032;7.2528;28/05/2026;20:00;23.5;76;19.0;26.5;0;0.0;0.0;0.0;0.0;0.0;3;P4;Nuageux;1017.4;1014.0;100;0;0;100;32980.0;0.04;0.69;2.8;9.0;140;24.0;29.2;29.0;24.3;0.135;0.201;0.245;0.285;0.339
Nice;43.7032;7.2528;28/05/2026;21:00;22.9;81;19.5;26.0;0;0.0;0.0;0.0;0.0;0.0;3;P4;Nuageux;1017.3;1013.9;100;0;0;100;28860.0;0.02;0.53;3.1;7.2;144;23.1;27.8;28.8;24.3;0.138;0.201;0.245;0.285;0.339
Nice;43.7032;7.2528;28/05/2026;22:00;22.5;86;20.0;26.1;0;0.0;0.0;0.0;0.0;0.0;3;P4;Nuageux;1017.4;1014.0;100;0;0;100;25100.0;0.01;0.38;1.8;5.4;191;22.7;26.7;28.6;24.3;0.141;0.2;0.245;0.285;0.339
Nice;43.7032;7.2528;28/05/2026;23:00;22.1;90;20.4;25.7;3;0.0;0.0;0.0;0.0;0.0;0;P1;Ensoleillé;1017.8;1014.4;0;0;0;0;19640.0;0.01;0.27;3.8;6.8;131;22.3;25.8;28.3;24.3;0.144;0.2;0.244;0.285;0.339
Nice;43.7032;7.2528;29/05/2026;00:00;21.9;91;20.4;25.8;3;0.0;0.0;0.0;0.0;0.0;0;P1;Ensoleillé;1018.3;1014.9;10;10;0;0;17000.0;0.01;0.24;1.5;6.5;104;22.1;25.2;27.9;24.3;0.147;0.199;0.244;0.285;0.339
Nice;43.7032;7.2528;29/05/2026;01:00;21.6;92;20.2;25.1;0;0.0;0.0;0.0;0.0;0.0;2;P8;Éclaircies;1018.9;1015.5;19;19;0;0;16580.0;0.01;0.21;3.5;5.8;66;21.9;24.7;27.6;24.4;0.151;0.199;0.244;0.285;0.339
Nice;43.7032;7.2528;29/05/2026;02:00;21.3;93;20.2;24.7;0;0.0;0.0;0.0;0.0;0.0;2;P8;Éclaircies;1018.8;1015.4;37;0;37;0;15840.0;0.01;0.18;4.0;6.8;350;21.7;24.2;27.2;24.4;0.154;0.199;0.244;0.285;0.339
Nice;43.7032;7.2528;29/05/2026;03:00;21.3;93;20.1;24.7;0;0.0;0.0;0.0;0.0;0.0;1;P2;Éclaircies;1018.6;1015.2;56;47;11;0;15380.0;0.01;0.18;3.3;6.8;13;21.6;23.8;26.9;24.4;0.157;0.199;0.244;0.285;0.339
Nice;43.7032;7.2528;29/05/2026;04:00;21.3;86;18.9;24.1;0;0.0;0.0;0.0;0.0;0.0;1;P2;Éclaircies;1017.9;1014.5;22;0;22;0;25980.0;0.01;0.35;3.4;5.4;328;21.4;23.5;26.5;24.4;0.16;0.199;0.244;0.285;0.339
Nice;43.7032;7.2528;29/05/2026;05:00;21.2;83;18.2;24.0;0;0.0;0.0;0.0;0.0;0.0;1;P2;Éclaircies;1017.9;1014.5;39;0;39;0;29120.0;0.01;0.43;1.5;5.0;45;21.2;23.1;26.2;24.4;0.163;0.198;0.243;0.285;0.339
Nice;43.7032;7.2528;29/05/2026;06:00;21.0;85;18.4;23.7;3;0.0;0.0;0.0;0.0;0.0;2;P8;Éclaircies;1018.7;1015.3;66;0;66;0;27400.0;0.01;0.37;2.9;4.7;83;21.2;22.8;25.9;24.4;0.165;0.198;0.243;0.285;0.339
Nice;43.7032;7.2528;29/05/2026;07:00;20.9;86;18.5;23.1;0;0.0;0.0;0.0;0.0;0.0;1;P2;Éclaircies;1019.9;1016.5;19;14;7;0;25960.0;0.02;0.35;6.5;10.4;360;21.7;22.7;25.6;24.4;0.167;0.199;0.243;0.285;0.339
Nice;43.7032;7.2528;29/05/2026;08:00;21.9;79;18.1;24.4;0;0.0;0.0;0.0;0.0;0.0;1;P2;Éclaircies;1020.1;1016.7;16;0;16;0;31520.0;0.03;0.55;3.1;11.9;21;23.4;23.4;25.3;24.4;0.168;0.199;0.243;0.285;0.339
Nice;43.7032;7.2528;29/05/2026;09:00;23.2;74;18.3;26.0;3;0.0;0.0;0.0;0.0;0.0;1;P2;Éclaircies;1020.4;1017.0;10;0;10;0;34800.0;0.04;0.74;1.6;4.7;153;25.4;25.1;25.2;24.3;0.167;0.199;0.243;0.285;0.339
Nice;43.7032;7.2528;29/05/2026;10:00;23.0;78;19.0;25.7;3;0.0;0.0;0.0;0.0;0.0;0;P1;Ensoleillé;1020.9;1017.5;0;0;0;0;30620.0;0.06;0.62;5.2;10.1;155;27.5;27.4;25.3;24.3;0.163;0.199;0.242;0.285;0.339
Nice;43.7032;7.2528;29/05/2026;11:00;23.5;76;19.0;26.1;0;0.0;0.0;0.0;0.0;0.0;0;P1;Ensoleillé;1021.3;1017.9;0;0;0;0;31480.0;0.09;0.69;9.5;18.0;151;29.0;29.7;25.5;24.3;0.157;0.198;0.242;0.284;0.339
Nice;43.7032;7.2528;29/05/2026;12:00;23.8;73;18.7;27.3;0;0.0;0.0;0.0;0.0;0.0;0;P1;Ensoleillé;1021.6;1018.2;0;0;0;0;33540.0;0.11;0.8;7.4;18.4;151;30.5;31.9;25.9;24.3;0.149;0.198;0.242;0.284;0.339
Nice;43.7032;7.2528;29/05/2026;13:00;24.5;71;18.9;28.6;0;0.0;0.0;0.0;0.0;0.0;0;P1;Ensoleillé;1021.7;1018.3;0;0;0;0;34540.0;0.11;0.89;7.2;14.4;186;31.6;34.0;26.5;24.3;0.14;0.197;0.242;0.284;0.339
Nice;43.7032;7.2528;29/05/2026;14:00;24.8;70;19.0;28.8;0;0.0;0.0;0.0;0.0;0.0;1;P2;Éclaircies;1021.2;1017.8;0;0;0;0;35500.0;0.12;0.94;9.2;17.3;191;32.0;35.5;27.1;24.3;0.132;0.197;0.241;0.284;0.339
Nice;43.7032;7.2528;29/05/2026;15:00;24.9;67;18.3;27.4;0;0.0;0.0;0.0;0.0;0.0;3;P4;Nuageux;1021.1;1017.7;100;0;0;100;37220.0;0.11;1.04;7.6;17.3;211;28.8;35.7;27.7;24.3;0.127;0.196;0.241;0.284;0.339
Nice;43.7032;7.2528;29/05/2026;16:00;25.1;65;18.1;27.1;3;0.0;0.0;0.0;0.0;0.0;3;P4;Nuageux;1021.1;1017.7;100;0;0;100;38100.0;0.08;1.12;7.0;15.5;201;28.8;34.1;28.2;24.4;0.125;0.195;0.241;0.284;0.339
Nice;43.7032;7.2528;29/05/2026;17:00;25.1;65;18.1;27.1;0;0.0;0.0;0.0;0.0;0.0;3;P4;Nuageux;1020.7;1017.3;100;0;0;100;38300.0;0.08;1.12;6.6;14.0;171;28.8;33.8;28.6;24.4;0.122;0.195;0.241;0.284;0.339
Nice;43.7032;7.2528;29/05/2026;18:00;25.5;62;17.7;27.5;5;0.0;0.0;0.0;0.0;0.0;3;P4;Nuageux;1020.5;1017.1;100;0;0;100;39340.0;0.08;1.24;5.3;12.2;208;28.1;33.4;28.9;24.4;0.12;0.194;0.24;0.284;0.339
Nice;43.7032;7.2528;29/05/2026;19:00;25.6;61;17.5;27.5;3;0.0;0.0;0.0;0.0;0.0;2;P8;Éclaircies;1020.5;1017.1;96;0;0;96;39720.0;0.07;1.28;5.2;10.8;214;26.8;32.6;29.1;24.4;0.119;0.194;0.24;0.284;0.339
Nice;43.7032;7.2528;29/05/2026;20:00;25.2;63;17.7;27.4;0;0.0;0.0;0.0;0.0;0.0;1;P2;Éclaircies;1020.4;1017.0;37;0;0;37;39380.0;0.06;1.19;4.3;10.4;222;25.2;31.2;29.2;24.4;0.12;0.193;0.24;0.284;0.339
Nice;43.7032;7.2528;29/05/2026;21:00;24.7;68;18.4;27.3;0;0.0;0.0;0.0;0.0;0.0;0;P1;Ensoleillé;1020.6;1017.2;1;0;0;1;38240.0;0.04;1.0;3.1;8.3;234;23.8;29.4;29.2;24.5;0.121;0.193;0.24;0.284;0.339
Nice;43.7032;7.2528;29/05/2026;22:00;24.0;74;19.1;27.1;0;0.0;0.0;0.0;0.0;0.0;0;P1;Ensoleillé;1020.8;1017.4;0;0;0;0;35700.0;0.02;0.78;2.8;5.0;320;23.2;27.9;29.0;24.5;0.124;0.192;0.24;0.284;0.339
Nice;43.7032;7.2528;29/05/2026;23:00;23.0;81;19.6;25.9;0;0.0;0.0;0.0;0.0;0.0;0;P1;Ensoleillé;1021.1;1017.7;0;0;0;0;30920.0;0.02;0.54;5.4;9.0;340;22.7;26.8;28.7;24.5;0.126;0.192;0.239;0.284;0.339
Nice;43.7032;7.2528;30/05/2026;00:00;22.8;79;19.0;25.3;0;0.0;0.0;0.0;0.0;0.0;0;P1;Ensoleillé;1021.0;1017.6;0;0;0;0;32140.0;0.02;0.58;5.9;10.1;346;22.3;25.9;28.4;24.5;0.129;0.191;0.239;0.284;0.339
Nice;43.7032;7.2528;30/05/2026;01:00;22.7;79;18.9;25.1;0;0.0;0.0;0.0;0.0;0.0;0;P1;Ensoleillé;1020.8;1017.4;0;0;0;0;32820.0;0.03;0.58;6.2;10.4;350;22.0;25.2;28.1;24.6;0.132;0.191;0.239;0.284;0.339
Nice;43.7032;7.2528;30/05/2026;02:00;22.6;80;19.0;25.0;0;0.0;0.0;0.0;0.0;0.0;0;P1;Ensoleillé;1020.4;1017.0;0;0;0;0;32240.0;0.03;0.55;6.6;11.2;351;21.9;24.6;27.7;24.6;0.134;0.191;0.239;0.284;0.339
Nice;43.7032;7.2528;30/05/2026;03:00;22.5;80;18.9;24.8;0;0.0;0.0;0.0;0.0;0.0;0;P1;Ensoleillé;1020.2;1016.8;0;0;0;0;32160.0;0.03;0.54;6.9;11.9;351;21.7;24.2;27.3;24.6;0.137;0.191;0.239;0.284;0.339
Nice;43.7032;7.2528;30/05/2026;04:00;22.4;74;17.6;24.2;0;0.0;0.0;0.0;0.0;0.0;0;P1;Ensoleillé;1020.0;1016.6;0;0;0;0;36120.0;0.04;0.71;6.8;11.9;357;21.5;23.8;27.0;24.6;0.14;0.19;0.239;0.284;0.339
Nice;43.7032;7.2528;30/05/2026;05:00;22.2;67;15.8;23.2;0;0.0;0.0;0.0;0.0;0.0;0;P1;Ensoleillé;1019.9;1016.5;0;0;0;0;38860.0;0.05;0.88;6.9;11.5;354;21.3;23.4;26.6;24.6;0.142;0.19;0.239;0.284;0.339
Nice;43.7032;7.2528;30/05/2026;06:00;21.8;65;15.0;22.4;0;0.0;0.0;0.0;0.0;0.0;0;P1;Ensoleillé;1020.0;1016.6;0;0;0;0;39340.0;0.05;0.92;7.3;11.9;351;21.1;23.0;26.3;24.6;0.143;0.19;0.239;0.284;0.339
Nice;43.7032;7.2528;30/05/2026;07:00;22.1;64;15.0;22.8;0;0.0;0.0;0.0;0.0;0.0;0;P1;Ensoleillé;1020.3;1016.9;0;0;0;0;39640.0;0.05;0.96;6.9;11.9;351;21.8;22.9;26.0;24.6;0.145;0.19;0.238;0.284;0.339
Nice;43.7032;7.2528;30/05/2026;08:00;23.8;58;15.0;24.7;0;0.0;0.0;0.0;0.0;0.0;0;P1;Ensoleillé;1020.4;1017.0;0;0;0;0;40580.0;0.07;1.24;5.4;11.5;356;23.8;23.7;25.7;24.6;0.145;0.19;0.238;0.284;0.338
Nice;43.7032;7.2528;30/05/2026;09:00;25.7;47;13.6;26.3;0;0.0;0.0;0.0;0.0;0.0;0;P1;Ensoleillé;1020.5;1017.1;0;0;0;0;42000.0;0.08;1.75;4.3;9.4;5;26.4;25.7;25.6;24.6;0.143;0.19;0.238;0.284;0.338
Nice;43.7032;7.2528;30/05/2026;10:00;27.2;42;13.2;28.2;0;0.0;0.0;0.0;0.0;0.0;0;P1;Ensoleillé;1020.3;1016.9;0;0;0;0;42680.0;0.09;2.1;0.7;7.9;90;28.5;28.5;25.7;24.5;0.138;0.189;0.238;0.284;0.338
Nice;43.7032;7.2528;30/05/2026;11:00;28.0;43;14.3;29.5;0;0.0;0.0;0.0;0.0;0.0;0;P1;Ensoleillé;1020.3;1017.0;0;0;0;0;42560.0;0.1;2.16;5.4;10.4;172;30.8;31.1;26.0;24.5;0.132;0.189;0.238;0.283;0.338
Nice;43.7032;7.2528;30/05/2026;12:00;28.0;44;14.7;29.8;0;0.0;0.0;0.0;0.0;0.0;1;P2;Éclaircies;1020.3;1017.0;0;0;0;0;42140.0;0.15;2.12;8.4;13.3;173;32.2;33.9;26.5;24.5;0.124;0.189;0.237;0.283;0.338
Nice;43.7032;7.2528;30/05/2026;13:00;28.1;45;15.1;30.2;0;0.0;0.0;0.0;0.0;0.0;1;P2;Éclaircies;1020.1;1016.8;0;0;0;0;41860.0;0.16;2.1;10.0;12.6;165;33.0;36.0;27.1;24.5;0.116;0.188;0.237;0.283;0.338
Nice;43.7032;7.2528;30/05/2026;14:00;28.1;46;15.4;30.4;0;0.0;0.0;0.0;0.0;0.0;3;P4;Nuageux;1019.6;1016.3;100;0;0;100;41720.0;0.16;2.05;10.1;13.3;163;33.4;37.6;27.9;24.5;0.109;0.188;0.237;0.283;0.338
Nice;43.7032;7.2528;30/05/2026;15:00;27.9;48;15.9;30.4;0;0.0;0.0;0.0;0.0;0.0;3;P4;Nuageux;1018.9;1015.6;100;0;0;100;41500.0;0.14;1.96;9.6;13.3;167;33.1;38.4;28.6;24.6;0.103;0.187;0.237;0.283;0.338
Nice;43.7032;7.2528;30/05/2026;16:00;27.6;50;16.2;29.4;0;0.0;0.0;0.0;0.0;0.0;2;P8;Éclaircies;1018.3;1015.0;100;0;0;100;41260.0;0.13;1.85;9.0;12.6;175;31.9;38.4;29.3;24.6;0.099;0.187;0.236;0.283;0.338
Nice;43.7032;7.2528;30/05/2026;17:00;27.1;52;16.4;28.4;0;0.0;0.0;0.0;0.0;0.0;3;P4;Nuageux;1017.9;1014.5;100;0;0;100;41020.0;0.1;1.73;6.9;15.1;189;29.9;37.2;29.9;24.6;0.098;0.186;0.236;0.283;0.338
Nice;43.7032;7.2528;30/05/2026;18:00;26.4;56;17.0;27.9;0;0.0;0.0;0.0;0.0;0.0;3;P4;Nuageux;1017.9;1014.5;100;0;0;100;40455.0;0.08;1.51;6.6;13.9;212;27.5;34.4;29.4;24.1;0.121;0.196;0.24;0.282;0.339
Nice;43.7032;7.2528;30/05/2026;19:00;25.5;62;17.8;27.4;0;0.0;0.0;0.0;0.0;0.0;3;P4;Nuageux;1017.5;1014.1;100;0;10;100;39280.0;0.06;1.23;6.3;14.0;217;26.2;31.4;28.6;23.5;0.146;0.206;0.243;0.282;0.34
Nice;43.7032;7.2528;30/05/2026;20:00;24.8;68;18.6;27.3;0;0.0;0.0;0.0;0.0;0.0;1;P2;Éclaircies;1016.9;1013.5;77;0;28;77;37555.0;0.05;0.98;4.0;11.5;211;24.9;29.1;27.7;23.0;0.171;0.216;0.246;0.281;0.34
Nice;43.7032;7.2528;30/05/2026;21:00;23.9;73;18.7;26.8;0;0.0;0.0;0.0;0.0;0.0;3;P4;Nuageux;1016.5;1013.1;100;0;0;100;35560.0;0.0;0.8;2.1;7.6;211;23.5;27.1;26.8;22.4;0.197;0.227;0.249;0.281;0.34
Nice;43.7032;7.2528;30/05/2026;22:00;23.3;77;19.0;26.6;0;0.0;0.0;0.0;0.0;0.0;3;P4;Nuageux;1016.6;1013.2;100;0;0;100;33720.0;0.0;0.66;0.8;3.6;63;22.8;26.0;26.6;22.4;0.2;0.227;0.249;0.281;0.34
Nice;43.7032;7.2528;30/05/2026;23:00;23.0;78;19.0;25.9;0;0.0;0.0;0.0;0.0;0.0;0;P1;Ensoleillé;1016.7;1013.3;5;0;0;5;33800.0;0.0;0.62;2.9;5.4;30;22.3;25.1;26.4;22.5;0.202;0.227;0.249;0.281;0.34
Nice;43.7032;7.2528;31/05/2026;00:00;22.4;82;19.1;25.3;0;0.0;0.0;0.0;0.0;0.0;0;P1;Ensoleillé;1016.6;1013.2;4;0;4;0;30920.0;0.0;0.49;3.7;6.5;29;21.9;24.3;26.2;22.5;0.204;0.228;0.249;0.281;0.34
Nice;43.7032;7.2528;31/05/2026;01:00;21.8;84;19.0;24.6;0;0.0;0.0;0.0;0.0;0.0;1;P2;Éclaircies;1016.5;1013.1;24;0;1;23;28980.0;0.0;0.42;3.7;6.8;29;21.5;23.7;25.9;22.5;0.206;0.228;0.249;0.281;0.34
Nice;43.7032;7.2528;31/05/2026;02:00;21.5;85;18.8;24.3;0;0.0;0.0;0.0;0.0;0.0;3;P4;Nuageux;1016.1;1012.7;95;0;16;90;28260.0;0.0;0.38;3.1;6.8;21;21.3;23.2;25.6;22.5;0.208;0.229;0.249;0.281;0.34
Nice;43.7032;7.2528;31/05/2026;03:00;21.1;81;17.7;23.3;0;0.0;0.0;0.0;0.0;0.0;3;P4;Nuageux;1015.7;1012.3;90;0;0;90;31000.0;0.0;0.48;4.1;7.2;15;21.0;22.7;25.3;22.5;0.209;0.229;0.249;0.281;0.34
Nice;43.7032;7.2528;31/05/2026;04:00;21.0;74;16.2;22.6;0;0.0;0.0;0.0;0.0;0.0;3;P4;Nuageux;1015.4;1012.0;100;0;0;100;35820.0;0.0;0.65;3.4;7.6;18;20.8;22.3;25.0;22.5;0.211;0.229;0.249;0.281;0.34
Nice;43.7032;7.2528;31/05/2026;05:00;20.8;71;15.4;22.2;0;0.0;0.0;0.0;0.0;0.0;3;P4;Nuageux;1015.2;1011.8;99;0;0;99;37500.0;0.0;0.71;3.1;5.8;36;20.4;22.0;24.7;22.5;0.212;0.229;0.249;0.281;0.34
Nice;43.7032;7.2528;31/05/2026;06:00;20.6;70;14.9;21.8;0;0.0;0.0;0.0;0.0;0.0;2;P8;Éclaircies;1015.3;1011.9;72;0;0;72;37800.0;0.0;0.73;3.3;5.4;41;20.2;21.5;24.4;22.5;0.213;0.23;0.249;0.281;0.34
Nice;43.7032;7.2528;31/05/2026;07:00;20.5;70;14.8;21.4;0;0.0;0.0;0.0;0.0;0.0;1;P2;Éclaircies;1015.5;1012.1;9;0;0;9;38000.0;0.0;0.72;4.2;7.2;31;20.9;21.3;24.2;22.5;0.214;0.23;0.249;0.281;0.34
Nice;43.7032;7.2528;31/05/2026;08:00;21.7;70;15.9;23.3;0;0.0;0.0;0.0;0.0;0.0;3;P4;Nuageux;1015.8;1012.4;95;0;0;95;37980.0;0.0;0.78;3.0;7.2;76;23.0;21.8;23.9;22.5;0.214;0.23;0.249;0.281;0.34
Nice;43.7032;7.2528;31/05/2026;09:00;23.4;66;16.7;25.1;0;0.0;0.0;0.0;0.0;0.0;0;P1;Ensoleillé;1016.2;1012.8;0;0;0;0;38480.0;0.0;0.98;4.3;9.7;138;25.8;23.3;23.8;22.5;0.212;0.23;0.249;0.281;0.34
Nice;43.7032;7.2528;31/05/2026;10:00;24.0;75;19.3;26.8;0;0.0;0.0;0.0;0.0;0.0;0;P1;Ensoleillé;1016.3;1012.9;0;0;0;0;32940.0;0.0;0.75;5.0;11.9;150;27.4;25.2;23.8;22.5;0.21;0.229;0.249;0.281;0.34
Nice;43.7032;7.2528;31/05/2026;11:00;24.8;70;19.0;27.9;0;0.0;0.0;0.0;0.0;0.0;0;P1;Ensoleillé;1016.4;1013.0;1;1;0;0;35700.0;0.0;0.94;6.7;15.1;144;29.0;27.0;23.9;22.5;0.207;0.228;0.248;0.28;0.34
Nice;43.7032;7.2528;31/05/2026;12:00;25.2;67;18.6;28.5;0;0.0;0.0;0.0;0.0;0.0;0;P1;Ensoleillé;1016.3;1012.9;3;3;0;0;36680.0;0.0;1.06;8.8;18.7;145;30.2;28.7;24.2;22.5;0.203;0.227;0.248;0.28;0.34
Nice;43.7032;7.2528;31/05/2026;13:00;25.1;72;19.7;29.2;0;0.0;0.0;0.0;0.0;0.0;1;P2;Éclaircies;1016.2;1012.8;14;14;0;0;33620.0;0.0;0.89;9.8;20.5;152;30.8;30.0;24.5;22.5;0.198;0.225;0.247;0.28;0.339
Nice;43.7032;7.2528;31/05/2026;14:00;25.2;74;20.2;29.8;0;0.0;0.0;0.0;0.0;0.0;1;P2;Éclaircies;1015.7;1012.3;32;32;0;0;30940.0;0.0;0.83;8.9;20.5;148;31.1;31.0;24.9;22.5;0.195;0.224;0.247;0.279;0.339
Nice;43.7032;7.2528;31/05/2026;15:00;25.4;73;20.2;29.6;0;0.0;0.0;0.0;0.0;0.0;1;P2;Éclaircies;1015.3;1011.9;28;28;0;0;31920.0;0.0;0.87;8.9;19.1;166;31.0;31.6;25.4;22.5;0.191;0.222;0.246;0.279;0.339
Nice;43.7032;7.2528;31/05/2026;16:00;25.1;74;20.1;29.0;0;0.0;0.0;0.0;0.0;0.0;3;P4;Nuageux;1015.0;1011.6;100;22;0;100;32240.0;0.0;0.83;6.8;20.2;180;29.4;31.7;25.8;22.5;0.189;0.221;0.246;0.279;0.339
Nice;43.7032;7.2528;31/05/2026;17:00;24.5;79;20.6;27.5;0;0.0;0.0;0.0;0.0;0.0;3;P4;Nuageux;1014.1;1010.7;100;24;0;100;27920.0;0.0;0.64;7.7;16.6;191;27.1;30.5;26.1;22.5;0.19;0.22;0.246;0.279;0.339
Nice;43.7032;7.2528;31/05/2026;18:00;24.3;77;20.0;27.2;0;0.0;0.0;0.0;0.0;0.0;3;P4;Nuageux;1013.6;1010.2;100;3;0;100;30520.0;0.0;0.7;5.9;16.6;194;26.9;29.6;26.3;22.6;0.19;0.22;0.245;0.279;0.339
Nice;43.7032;7.2528;31/05/2026;19:00;23.7;80;20.0;26.7;0;0.0;0.0;0.0;0.0;0.0;3;P4;Nuageux;1013.2;1009.8;100;18;0;100;27800.0;0.0;0.58;5.8;13.3;184;25.6;28.8;26.4;22.6;0.19;0.22;0.245;0.279;0.339
Nice;43.7032;7.2528;31/05/2026;20:00;22.8;89;20.9;26.4;0;0.0;0.0;0.0;0.0;0.0;3;P4;Nuageux;1013.2;1009.8;100;51;0;100;16300.0;0.0;0.31;5.1;12.6;188;24.2;27.7;26.4;22.6;0.192;0.22;0.245;0.278;0.339
Nice;43.7032;7.2528;31/05/2026;21:00;22.5;91;20.9;26.3;0;0.0;0.0;0.0;0.0;0.0;3;P4;Nuageux;1013.2;1009.8;100;54;0;100;16680.0;0.0;0.24;3.1;11.5;159;23.4;26.6;26.4;22.6;0.194;0.22;0.245;0.278;0.339
Nice;43.7032;7.2528;31/05/2026;22:00;22.2;92;20.8;26.0;0;0.0;0.0;0.0;0.0;0.0;3;P4;Nuageux;1013.3;1009.9;100;57;0;100;17040.0;0.0;0.21;3.3;10.1;103;22.7;25.5;26.2;22.6;0.196;0.221;0.244;0.278;0.339
Nice;43.7032;7.2528;31/05/2026;23:00;22.0;92;20.6;25.5;0;0.0;0.0;0.0;0.0;0.0;3;P4;Nuageux;1013.3;1009.9;100;60;0;100;17420.0;0.0;0.21;4.8;9.4;77;22.3;24.7;26.0;22.6;0.198;0.221;0.244;0.278;0.339
Nice;43.7032;7.2528;01/06/2026;00:00;22.0;92;20.6;25.4;0;0.0;0.0;0.0;0.0;0.0;3;P4;Nuageux;1013.1;1009.7;100;64;0;100;17960.0;0.0;0.21;4.8;9.4;77;22.1;24.1;25.8;22.6;0.199;0.221;0.244;0.278;0.339
Nice;43.7032;7.2528;01/06/2026;01:00;22.0;91;20.4;25.4;0;0.0;0.0;0.0;0.0;0.0;3;P4;Nuageux;1012.9;1009.5;100;68;0;100;18480.0;0.0;0.24;4.4;9.4;81;22.2;23.8;25.6;22.7;0.201;0.222;0.244;0.278;0.338
Nice;43.7032;7.2528;01/06/2026;02:00;22.0;90;20.2;25.4;0;0.0;0.0;0.0;0.0;0.0;3;P4;Nuageux;1012.6;1009.2;100;72;0;100;19020.0;0.0;0.26;3.6;9.4;84;22.2;23.5;25.4;22.7;0.202;0.222;0.244;0.278;0.338
Nice;43.7032;7.2528;01/06/2026;03:00;21.9;91;20.3;25.4;1;0.0;0.0;0.0;0.0;0.0;3;P4;Nuageux;1012.3;1008.9;100;73;10;100;18780.0;0.0;0.24;3.4;8.6;72;21.9;23.2;25.1;22.7;0.203;0.222;0.244;0.278;0.338
Nice;43.7032;7.2528;01/06/2026;04:00;21.7;92;20.3;25.2;1;0.0;0.0;0.0;0.0;0.0;3;P4;Nuageux;1012.0;1008.6;100;74;19;100;18520.0;0.0;0.21;3.9;7.6;56;21.7;23.0;24.9;22.7;0.205;0.223;0.245;0.278;0.338
Nice;43.7032;7.2528;01/06/2026;05:00;21.7;92;20.3;25.1;3;0.0;0.0;0.0;0.0;0.0;3;P4;Nuageux;1011.8;1008.4;100;75;29;100;18280.0;0.0;0.21;3.8;7.2;41;21.6;22.8;24.7;22.7;0.206;0.223;0.245;0.278;0.338
Nice;43.7032;7.2528;01/06/2026;06:00;21.6;89;19.7;24.8;4;0.0;0.0;0.0;0.0;0.0;2;P8;Éclaircies;1011.9;1008.5;90;72;19;70;22060.0;0.0;0.28;3.7;7.6;11;21.9;22.6;24.5;22.7;0.207;0.223;0.245;0.278;0.338
Nice;43.7032;7.2528;01/06/2026;07:00;21.7;84;18.8;24.3;4;0.0;0.0;0.0;0.0;0.0;2;P8;Éclaircies;1012.1;1008.7;79;70;10;41;25840.0;0.0;0.41;4.7;8.6;337;22.4;22.5;24.3;22.7;0.208;0.224;0.245;0.278;0.338
Nice;43.7032;7.2528;01/06/2026;08:00;22.0;80;18.3;24.4;5;0.0;0.0;0.0;0.0;0.0;2;P8;Éclaircies;1012.3;1008.9;69;67;0;11;29620.0;0.0;0.53;4.6;9.7;321;23.4;22.8;24.1;22.7;0.208;0.224;0.245;0.278;0.338
Nice;43.7032;7.2528;01/06/2026;09:00;22.8;77;18.6;25.7;5;0.0;0.0;0.0;0.0;0.0;1;P2;Éclaircies;1012.5;1009.1;54;51;2;8;30720.0;0.0;0.64;1.9;11.2;292;25.1;23.9;24.0;22.7;0.207;0.224;0.245;0.278;0.338
Nice;43.7032;7.2528;01/06/2026;10:00;24.0;75;19.3;27.0;6;0.0;0.0;0.0;0.0;0.0;1;P2;Éclaircies;1012.6;1009.2;40;35;3;6;31820.0;0.0;0.74;3.2;13.0;180;27.3;25.4;24.0;22.7;0.205;0.224;0.245;0.278;0.338
Nice;43.7032;7.2528;01/06/2026;11:00;24.9;73;19.7;27.7;6;0.0;0.0;0.0;0.0;0.0;1;P2;Éclaircies;1012.7;1009.3;25;19;5;3;32920.0;0.0;0.85;6.6;15.1;158;29.0;26.9;24.1;22.7;0.203;0.223;0.245;0.278;0.338
Nice;43.7032;7.2528;01/06/2026;12:00;25.4;72;20.0;28.7;6;0.0;0.0;0.0;0.0;0.0;2;P8;Éclaircies;1012.7;1009.3;33;26;5;6;33040.0;0.0;0.91;8.2;18.0;139;30.1;28.4;24.4;22.7;0.199;0.222;0.245;0.278;0.338
Nice;43.7032;7.2528;01/06/2026;13:00;25.7;71;20.0;29.3;5;0.0;0.0;0.0;0.0;0.0;2;P8;Éclaircies;1012.6;1009.2;41;33;4;8;33140.0;0.0;0.95;10.0;21.6;120;30.8;29.9;24.7;22.7;0.195;0.22;0.244;0.277;0.338
Nice;43.7032;7.2528;01/06/2026;14:00;25.8;71;20.1;29.5;5;0.0;0.0;0.0;0.0;0.0;2;P8;Éclaircies;1012.5;1009.2;49;40;4;11;33260.0;0.0;0.96;11.3;23.8;112;31.0;30.9;25.1;22.7;0.191;0.219;0.244;0.277;0.338
Nice;43.7032;7.2528;01/06/2026;15:00;25.7;71;20.0;29.3;4;0.0;0.0;0.0;0.0;0.0;3;P4;Nuageux;1012.2;1008.9;66;27;13;41;33180.0;0.0;0.95;11.3;24.5;112;30.6;31.4;25.5;22.7;0.188;0.218;0.244;0.277;0.338
Nice;43.7032;7.2528;01/06/2026;16:00;25.4;71;19.8;28.8;4;0.0;0.0;0.0;0.0;0.0;3;P4;Nuageux;1011.8;1008.4;83;14;23;70;33100.0;0.0;0.94;10.1;23.8;117;29.7;31.5;25.9;22.7;0.185;0.216;0.243;0.276;0.337
Nice;43.7032;7.2528;01/06/2026;17:00;25.1;73;19.9;28.0;3;0.0;0.0;0.0;0.0;0.0;3;P4;Nuageux;1011.5;1008.1;100;1;32;100;33020.0;0.0;0.86;8.8;22.3;125;28.6;31.3;26.2;22.7;0.184;0.215;0.243;0.276;0.337
Nice;43.7032;7.2528;01/06/2026;18:00;24.5;77;20.2;27.4;1;0.0;0.0;0.0;0.0;0.0;3;P4;Nuageux;1011.2;1007.8;100;13;21;100;29620.0;0.0;0.71;7.4;19.4;133;27.3;30.5;26.5;22.7;0.184;0.214;0.243;0.276;0.337
Nice;43.7032;7.2528;01/06/2026;19:00;23.9;81;20.4;27.1;1;0.0;0.0;0.0;0.0;0.0;3;P4;Nuageux;1011.0;1007.6;100;24;11;100;26220.0;0.0;0.56;5.7;15.5;145;25.9;29.4;26.6;22.8;0.185;0.214;0.243;0.276;0.337
Nice;43.7032;7.2528;01/06/2026;20:00;23.3;85;20.6;26.8;0;0.0;0.0;0.0;0.0;0.0;3;P4;Nuageux;1010.9;1007.5;100;36;0;100;22820.0;0.0;0.43;4.3;12.2;156;24.6;28.2;26.7;22.8;0.186;0.214;0.243;0.276;0.337
Nice;43.7032;7.2528;01/06/2026;21:00;22.9;87;20.6;26.6;0;0.0;0.0;0.0;0.0;0.0;1;P2;Éclaircies;1010.9;1007.5;82;31;0;76;22040.0;0.0;0.36;2.9;10.1;150;23.6;27.1;26.6;22.8;0.188;0.214;0.243;0.276;0.337
Nice;43.7032;7.2528;01/06/2026;22:00;22.6;88;20.5;26.3;0;0.0;0.0;0.0;0.0;0.0;1;P2;Éclaircies;1011.1;1007.7;64;25;0;52;21280.0;0.0;0.33;2.3;8.3;108;22.9;25.9;26.5;22.8;0.19;0.215;0.242;0.276;0.337
Nice;43.7032;7.2528;01/06/2026;23:00;22.3;89;20.4;26.1;0;0.0;0.0;0.0;0.0;0.0;1;P2;Éclaircies;1011.2;1007.8;46;20;0;28;20500.0;0.0;0.3;2.2;6.5;81;22.4;24.9;26.3;22.8;0.192;0.216;0.242;0.276;0.337
Nice;43.7032;7.2528;02/06/2026;00:00;22.1;90;20.3;25.9;0;0.0;0.0;0.0;0.0;0.0;3;P4;Nuageux;1011.3;1007.9;61;40;0;39;19160.0;0.0;0.27;1.4;4.7;90;22.1;24.3;26.1;22.8;0.194;0.216;0.242;0.276;0.337
Nice;43.7032;7.2528;02/06/2026;01:00;21.9;92;20.5;25.9;0;0.0;0.0;0.0;0.0;0.0;3;P4;Nuageux;1011.3;1007.9;75;61;0;50;17840.0;0.0;0.21;0.7;3.2;180;22.0;23.8;25.8;22.8;0.195;0.217;0.242;0.276;0.337
Nice;43.7032;7.2528;02/06/2026;02:00;21.7;93;20.5;25.5;0;0.0;0.0;0.0;0.0;0.0;3;P4;Nuageux;1011.2;1007.8;90;81;0;61;16500.0;0.0;0.18;1.6;2.2;207;21.9;23.5;25.6;22.8;0.197;0.217;0.242;0.276;0.337
Nice;43.7032;7.2528;02/06/2026;03:00;21.5;93;20.3;25.3;0;0.0;0.0;0.0;0.0;0.0;3;P4;Nuageux;1010.9;1007.5;90;81;0;62;15100.0;0.0;0.18;1.3;2.2;214;21.8;23.2;25.3;22.8;0.198;0.218;0.242;0.276;0.337
Nice;43.7032;7.2528;02/06/2026;04:00;21.4;93;20.2;25.3;0;0.0;0.0;0.0;0.0;0.0;3;P4;Nuageux;1010.5;1007.1;90;80;0;63;13720.0;0.0;0.18;0.5;2.5;225;21.7;23.1;25.1;22.9;0.2;0.218;0.242;0.276;0.337
Nice;43.7032;7.2528;02/06/2026;05:00;21.4;93;20.2;25.3;0;0.0;0.0;0.0;0.0;0.0;3;P4;Nuageux;1010.2;1006.8;90;80;0;64;12320.0;0.0;0.18;0.4;2.9;360;21.8;23.0;24.9;22.9;0.201;0.219;0.242;0.276;0.337
Nice;43.7032;7.2528;02/06/2026;06:00;21.4;92;20.1;25.2;0;0.0;0.0;0.0;0.0;0.0;2;P8;Éclaircies;1010.2;1006.8;79;72;0;43;14600.0;0.0;0.2;0.8;2.9;333;22.2;22.8;24.6;22.9;0.202;0.219;0.242;0.276;0.337
Nice;43.7032;7.2528;02/06/2026;07:00;21.5;91;20.0;25.2;0;0.0;0.0;0.0;0.0;0.0;2;P8;Éclaircies;1010.3;1006.9;68;65;0;21;16900.0;0.0;0.23;1.0;3.2;315;22.8;22.7;24.4;22.9;0.204;0.22;0.243;0.276;0.337
Nice;43.7032;7.2528;02/06/2026;08:00;21.8;89;19.9;25.5;0;0.0;0.0;0.0;0.0;0.0;2;P8;Éclaircies;1010.4;1007.0;57;57;0;0;19180.0;0.0;0.29;0.7;4.7;270;23.7;23.1;24.3;22.9;0.204;0.22;0.243;0.276;0.337
Nice;43.7032;7.2528;02/06/2026;09:00;22.4;87;20.1;25.9;2;0.0;0.0;0.0;0.0;0.0;2;P8;Éclaircies;1010.4;1007.0;55;55;0;0;21260.0;0.0;0.35;2.5;8.6;188;25.2;24.1;24.2;22.9;0.203;0.22;0.243;0.276;0.337
Nice;43.7032;7.2528;02/06/2026;10:00;23.0;84;20.2;26.1;4;0.0;0.0;0.0;0.0;0.0;2;P8;Éclaircies;1010.4;1007.0;54;54;0;0;23320.0;0.0;0.45;5.8;14.0;180;27.0;25.5;24.2;22.8;0.201;0.22;0.243;0.275;0.336
Nice;43.7032;7.2528;02/06/2026;11:00;23.6;81;20.2;26.3;7;0.0;0.0;0.0;0.0;0.0;2;P8;Éclaircies;1010.2;1006.8;52;52;0;0;25400.0;0.0;0.55;8.3;18.0;178;28.5;26.8;24.3;22.8;0.199;0.219;0.243;0.275;0.336
Nice;43.7032;7.2528;02/06/2026;12:00;24.2;76;19.8;27.1;13;0.0;0.0;0.0;0.0;0.0;3;P4;Nuageux;1009.9;1006.5;60;36;24;9;27235.0;0.0;0.71;8.8;18.8;174;29.4;28.1;24.5;22.8;0.19;0.213;0.24;0.277;0.338
Nice;43.7032;7.2528;02/06/2026;13:00;24.6;72;19.3;27.9;18;0.0;0.0;0.0;0.0;0.0;3;P4;Nuageux;1009.5;1006.2;66;20;40;20;24260.0;0.0;0.85;8.8;18.9;171;30.0;29.3;24.8;22.8;0.181;0.208;0.237;0.277;0.34
Nice;43.7032;7.2528;02/06/2026;14:00;25.2;68;18.9;28.7;24;0.0;0.0;0.0;0.0;0.0;3;P4;Nuageux;1009.2;1005.8;66;6;49;33;16465.0;0.0;1.02;8.3;20.3;177;30.3;30.2;25.0;22.8;0.171;0.202;0.234;0.279;0.343
Nice;43.7032;7.2528;02/06/2026;15:00;27.3;56;17.8;30.4;30;0.0;0.0;0.0;0.0;0.0;1;P2;Éclaircies;1008.2;1004.9;45;5;28;27;9960.0;0.0;1.6;8.0;26.6;234;30.6;31.1;25.3;22.8;0.161;0.197;0.231;0.28;0.345
Nice;43.7032;7.2528;02/06/2026;16:00;29.8;40;14.8;30.1;31;0.0;0.0;0.0;0.0;0.0;1;P2;Éclaircies;1006.9;1003.6;31;2;18;17;9780.0;0.0;2.52;15.1;33.8;271;30.8;31.8;25.7;22.8;0.158;0.196;0.23;0.279;0.344
Nice;43.7032;7.2528;02/06/2026;17:00;31.3;29;11.2;29.0;33;0.0;0.0;0.0;0.0;0.0;1;P2;Éclaircies;1006.0;1002.7;16;0;9;8;9580.0;0.0;3.25;21.2;38.9;280;30.5;32.1;26.1;22.8;0.155;0.195;0.23;0.279;0.344
Nice;43.7032;7.2528;02/06/2026;18:00;30.9;27;9.7;27.7;35;0.0;0.0;0.0;0.0;0.0;3;P4;Nuageux;1005.7;1002.4;44;0;6;39;10500.0;0.0;3.26;21.3;39.6;276;29.1;31.5;26.4;22.8;0.153;0.194;0.23;0.279;0.344
Nice;43.7032;7.2528;02/06/2026;19:00;29.5;30;10.1;26.7;36;0.0;0.0;0.0;0.0;0.0;3;P4;Nuageux;1005.6;1002.3;72;0;3;69;11440.0;0.0;2.88;19.1;37.4;266;27.2;30.4;26.7;22.9;0.152;0.194;0.229;0.279;0.344
Nice;43.7032;7.2528;02/06/2026;20:00;28.1;33;10.3;25.7;37;0.0;0.0;0.0;0.0;0.0;3;P4;Nuageux;1005.7;1002.4;100;0;0;100;12360.0;0.0;2.54;17.0;34.9;257;25.5;29.3;26.8;22.9;0.151;0.193;0.229;0.279;0.344
Nice;43.7032;7.2528;02/06/2026;21:00;27.0;35;10.2;24.8;38;0.0;0.0;0.0;0.0;0.0;3;P4;Nuageux;1005.8;1002.5;100;0;21;100;17260.0;0.0;2.32;15.6;32.0;255;24.5;28.1;26.8;22.9;0.151;0.193;0.229;0.279;0.344
Nice;43.7032;7.2528;02/06/2026;22:00;26.0;36;9.7;23.9;39;0.0;0.0;0.0;0.0;0.0;3;P4;Nuageux;1006.1;1002.8;100;0;43;100;22160.0;0.0;2.15;13.7;28.4;256;23.7;26.9;26.8;22.9;0.152;0.192;0.229;0.279;0.344
Nice;43.7032;7.2528;02/06/2026;23:00;25.0;38;9.7;23.2;40;0.0;0.0;0.0;0.0;0.0;3;P4;Nuageux;1006.2;1002.9;100;0;64;100;27060.0;0.0;1.96;11.7;24.5;261;23.1;25.8;26.6;22.9;0.153;0.192;0.229;0.279;0.344
Nice;43.7032;7.2528;03/06/2026;00:00;24.1;40;9.7;22.8;40;0.0;0.0;0.0;0.0;0.0;1;P2;Éclaircies;1006.2;1002.9;78;0;54;67;28180.0;0.0;1.8;8.6;19.8;270;22.4;25.1;26.4;22.9;0.154;0.192;0.229;0.279;0.344
Nice;43.7032;7.2528;03/06/2026;01:00;23.3;42;9.7;22.4;40;0.0;0.0;0.0;0.0;0.0;1;P2;Éclaircies;1006.1;1002.7;55;0;43;33;29280.0;0.0;1.66;5.8;14.8;292;21.8;24.4;26.2;23.0;0.154;0.192;0.228;0.279;0.344
Nice;43.7032;7.2528;03/06/2026;02:00;22.6;44;9.7;21.8;40;0.0;0.0;0.0;0.0;0.0;1;P2;Éclaircies;1006.0;1002.6;33;0;33;0;30400.0;0.0;1.53;4.9;11.2;324;21.3;23.8;25.9;23.0;0.155;0.192;0.228;0.279;0.344
Nice;43.7032;7.2528;03/06/2026;03:00;21.6;47;9.8;20.7;39;0.0;0.0;0.0;0.0;0.0;1;P2;Éclaircies;1005.9;1002.5;25;0;25;0;30400.0;0.0;1.36;5.7;10.8;342;20.8;23.0;25.6;23.0;0.156;0.192;0.228;0.279;0.344
Nice;43.7032;7.2528;03/06/2026;04:00;20.6;50;9.8;19.6;38;0.0;0.0;0.0;0.0;0.0;1;P2;Éclaircies;1005.8;1002.4;17;0;17;0;30380.0;0.0;1.21;6.6;11.9;351;20.4;22.3;25.3;23.0;0.157;0.192;0.228;0.278;0.344
Nice;43.7032;7.2528;03/06/2026;05:00;20.2;52;10.0;19.1;36;0.0;0.0;0.0;0.0;0.0;1;P2;Éclaircies;1005.9;1002.5;9;0;9;0;30380.0;0.0;1.13;7.2;13.0;354;20.4;21.7;25.0;23.0;0.158;0.192;0.228;0.278;0.344
Nice;43.7032;7.2528;03/06/2026;06:00;20.6;51;10.1;19.5;33;0.0;0.0;0.0;0.0;0.0;1;P2;Éclaircies;1006.3;1002.9;14;8;6;0;31340.0;0.0;1.19;7.6;13.3;360;20.9;21.4;24.7;23.0;0.159;0.192;0.228;0.278;0.344
Nice;43.7032;7.2528;03/06/2026;07:00;21.5;49;10.3;20.5;31;0.0;0.0;0.0;0.0;0.0;1;P2;Éclaircies;1006.8;1003.4;19;16;3;0;32300.0;0.0;1.31;7.2;13.3;3;21.8;21.4;24.4;23.0;0.16;0.193;0.228;0.278;0.344
Nice;43.7032;7.2528;03/06/2026;08:00;22.5;46;10.3;21.8;28;0.0;0.0;0.0;0.0;0.0;1;P2;Éclaircies;1007.3;1003.9;24;24;0;0;33260.0;0.0;1.47;5.8;13.7;4;23.1;21.9;24.1;23.0;0.16;0.193;0.228;0.278;0.344
Nice;43.7032;7.2528;03/06/2026;09:00;23.7;42;10.0;23.4;25;0.0;0.0;0.0;0.0;0.0;1;P2;Éclaircies;1007.6;1004.2;24;24;0;0;24200.0;0.0;1.7;1.8;14.4;349;25.0;23.2;24.0;23.0;0.159;0.193;0.228;0.278;0.344
Nice;43.7032;7.2528;03/06/2026;10:00;25.0;38;9.7;24.3;22;0.0;0.0;0.0;0.0;0.0;1;P2;Éclaircies;1007.9;1004.6;23;23;0;0;15160.0;0.0;1.96;4.0;15.5;207;27.3;25.1;24.0;22.9;0.157;0.193;0.227;0.277;0.343
Nice;43.7032;7.2528;03/06/2026;11:00;25.9;36;9.7;25.0;20;0.0;0.0;0.0;0.0;0.0;1;P2;Éclaircies;1008.2;1004.9;23;23;0;0;6100.0;0.0;2.14;8.1;16.9;193;29.2;26.8;24.1;22.9;0.154;0.192;0.227;0.277;0.343
Nice;43.7032;7.2528;03/06/2026;12:00;26.3;40;11.6;26.5;18;0.0;0.0;0.0;0.0;0.0;0;P1;Ensoleillé;1008.5;1005.2;15;15;0;0;9860.0;0.0;2.05;9.7;19.4;178;30.4;28.3;24.3;22.9;0.151;0.191;0.226;0.277;0.343
Nice;43.7032;7.2528;03/06/2026;13:00;26.3;46;13.7;27.6;16;0.0;0.0;0.0;0.0;0.0;0;P1;Ensoleillé;1008.8;1005.5;8;8;0;0;13600.0;0.0;1.84;10.7;22.7;160;31.1;29.7;24.7;22.9;0.148;0.19;0.226;0.276;0.342
Nice;43.7032;7.2528;03/06/2026;14:00;26.3;51;15.3;28.3;15;0.0;0.0;0.0;0.0;0.0;0;P1;Ensoleillé;1008.9;1005.6;0;0;0;0;17360.0;0.0;1.67;11.8;24.5;149;31.5;30.7;25.0;22.9;0.145;0.189;0.225;0.276;0.342
Nice;43.7032;7.2528;03/06/2026;15:00;26.4;52;15.7;28.5;14;0.0;0.0;0.0;0.0;0.0;0;P1;Ensoleillé;1008.7;1005.4;0;0;0;0;20020.0;0.0;1.65;11.6;24.1;144;31.3;31.4;25.4;22.9;0.143;0.188;0.225;0.276;0.342
Nice;43.7032;7.2528;03/06/2026;16:00;26.4;50;15.2;28.1;14;0.0;0.0;0.0;0.0;0.0;0;P1;Ensoleillé;1008.4;1005.1;0;0;0;0;22660.0;0.0;1.72;10.5;22.3;139;30.7;31.8;25.9;23.0;0.141;0.187;0.224;0.275;0.342
Nice;43.7032;7.2528;03/06/2026;17:00;26.3;50;15.0;27.4;15;0.0;0.0;0.0;0.0;0.0;0;P1;Ensoleillé;1008.2;1004.9;0;0;0;0;25320.0;0.0;1.71;8.9;20.2;133;29.7;31.7;26.2;23.0;0.14;0.186;0.224;0.275;0.342
Nice;43.7032;7.2528;03/06/2026;18:00;25.9;51;15.0;26.4;15;0.0;0.0;0.0;0.0;0.0;1;P2;Éclaircies;1008.1;1004.8;6;0;0;6;27960.0;0.0;1.63;7.3;17.6;123;28.2;31.0;26.5;23.0;0.14;0.185;0.224;0.275;0.342
Nice;43.7032;7.2528;03/06/2026;19:00;25.3;53;15.0;26.0;16;0.0;0.0;0.0;0.0;0.0;1;P2;Éclaircies;1008.1;1004.8;11;0;0;11;30620.0;0.0;1.51;6.0;14.4;107;26.4;29.9;26.7;23.0;0.14;0.185;0.224;0.275;0.342
Nice;43.7032;7.2528;03/06/2026;20:00;24.6;55;14.9;25.5;17;0.0;0.0;0.0;0.0;0.0;1;P2;Éclaircies;1008.3;1005.0;17;0;0;17;33260.0;0.0;1.39;5.1;12.2;86;24.8;28.7;26.8;23.0;0.141;0.185;0.224;0.275;0.342
Nice;43.7032;7.2528;03/06/2026;21:00;23.7;58;15.0;24.7;18;0.0;0.0;0.0;0.0;0.0;0;P1;Ensoleillé;1008.7;1005.3;11;0;0;11;30020.0;0.0;1.23;4.4;11.2;55;23.5;27.4;26.8;23.0;0.142;0.185;0.224;0.275;0.342
Nice;43.7032;7.2528;03/06/2026;22:00;22.8;61;14.9;23.7;19;0.0;0.0;0.0;0.0;0.0;0;P1;Ensoleillé;1009.2;1005.8;6;0;0;6;26780.0;0.0;1.08;4.9;10.8;17;22.5;25.9;26.6;23.1;0.144;0.185;0.223;0.275;0.341
Nice;43.7032;7.2528;03/06/2026;23:00;22.0;63;14.6;22.5;19;0.0;0.0;0.0;0.0;0.0;0;P1;Ensoleillé;1009.7;1006.3;0;0;0;0;23540.0;0.0;0.98;6.5;11.2;357;21.7;24.7;26.4;23.1;0.146;0.185;0.223;0.275;0.341
Nice;43.7032;7.2528;04/06/2026;00:00;21.5;63;14.2;21.7;20;0.0;0.0;0.0;0.0;0.0;0;P1;Ensoleillé;1010.0;1006.6;2;0;0;2;20280.0;0.0;0.95;7.8;12.6;347;21.3;23.8;26.2;23.1;0.147;0.185;0.223;0.275;0.341
Nice;43.7032;7.2528;04/06/2026;01:00;21.2;63;13.9;21.2;20;0.0;0.0;0.0;0.0;0.0;0;P1;Ensoleillé;1010.3;1006.9;3;0;0;3;17040.0;0.0;0.93;8.6;14.8;338;21.1;23.2;25.9;23.1;0.149;0.186;0.223;0.275;0.341
Nice;43.7032;7.2528;04/06/2026;02:00;20.9;62;13.4;20.6;20;0.0;0.0;0.0;0.0;0.0;0;P1;Ensoleillé;1010.5;1007.1;5;0;0;5;13800.0;0.0;0.94;9.2;16.2;334;20.9;22.6;25.6;23.1;0.15;0.186;0.223;0.275;0.341
Nice;43.7032;7.2528;04/06/2026;03:00;20.5;61;12.7;20.0;19;0.0;0.0;0.0;0.0;0.0;3;P4;Nuageux;1010.6;1007.2;37;0;12;37;16560.0;0.0;0.94;9.0;15.8;337;20.5;22.1;25.3;23.1;0.151;0.186;0.223;0.275;0.341
Nice;43.7032;7.2528;04/06/2026;04:00;20.1;60;12.1;19.5;19;0.0;0.0;0.0;0.0;0.0;3;P4;Nuageux;1010.7;1007.3;68;0;23;68;19320.0;0.0;0.94;8.3;14.4;342;20.2;21.8;24.9;23.1;0.152;0.187;0.223;0.275;0.341
Nice;43.7032;7.2528;04/06/2026;05:00;19.9;60;11.9;19.4;17;0.0;0.0;0.0;0.0;0.0;3;P4;Nuageux;1010.8;1007.4;100;0;35;100;22080.0;0.0;0.93;7.4;13.0;346;20.3;21.5;24.6;23.1;0.153;0.187;0.223;0.275;0.341
Nice;43.7032;7.2528;04/06/2026;06:00;20.2;61;12.5;20.2;16;0.0;0.0;0.0;0.0;0.0;3;P4;Nuageux;1010.9;1007.5;100;0;23;100;24840.0;0.0;0.92;5.6;11.5;345;20.9;21.3;24.3;23.1;0.154;0.187;0.223;0.275;0.341
Nice;43.7032;7.2528;04/06/2026;07:00;20.8;63;13.5;21.4;15;0.0;0.0;0.0;0.0;0.0;3;P4;Nuageux;1011.1;1007.7;100;0;12;100;27600.0;0.0;0.91;3.5;10.4;336;22.0;21.2;24.0;23.1;0.156;0.187;0.223;0.274;0.341
Nice;43.7032;7.2528;04/06/2026;08:00;21.5;63;14.2;22.7;13;0.0;0.0;0.0;0.0;0.0;3;P4;Nuageux;1011.3;1007.9;100;0;0;100;30360.0;0.0;0.95;1.3;10.4;304;23.3;21.7;23.8;23.1;0.156;0.187;0.223;0.274;0.341
Nice;43.7032;7.2528;04/06/2026;09:00;22.4;62;14.8;23.6;12;0.0;0.0;0.0;0.0;0.0;1;P2;Éclaircies;1011.6;1008.2;81;0;9;73;27140.0;0.0;1.03;2.5;12.2;180;25.3;23.0;23.7;23.1;0.155;0.187;0.223;0.274;0.341
Nice;43.7032;7.2528;04/06/2026;10:00;23.4;59;14.9;24.1;10;0.0;0.0;0.0;0.0;0.0;1;P2;Éclaircies;1011.9;1008.5;61;0;18;45;23920.0;0.0;1.18;6.3;15.5;167;27.6;24.8;23.7;23.0;0.153;0.186;0.223;0.274;0.341
Nice;43.7032;7.2528;04/06/2026;11:00;24.2;56;14.9;24.9;9;0.0;0.0;0.0;0.0;0.0;1;P2;Éclaircies;1012.0;1008.6;42;0;27;18;20700.0;0.0;1.33;9.1;18.4;162;29.1;26.4;23.8;23.0;0.151;0.186;0.223;0.274;0.341
Nice;43.7032;7.2528;04/06/2026;12:00;24.7;50;13.6;25.4;7;0.0;0.0;0.0;0.0;0.0;3;P4;Nuageux;1011.9;1008.5;61;0;46;45;17460.0;0.0;1.56;10.9;19.8;153;29.3;27.9;24.1;23.0;0.148;0.185;0.223;0.273;0.341
Nice;43.7032;7.2528;04/06/2026;13:00;25.1;44;12.0;25.4;6;0.0;0.0;0.0;0.0;0.0;3;P4;Nuageux;1011.5;1008.1;81;0;64;73;14240.0;0.0;1.78;12.1;20.9;143;28.7;29.2;24.4;23.0;0.145;0.185;0.222;0.273;0.34
Nice;43.7032;7.2528;04/06/2026;14:00;25.2;41;11.0;25.1;5;0.0;0.0;0.0;0.0;0.0;3;P4;Nuageux;1011.1;1007.7;100;0;83;100;11020.0;0.0;1.89;11.7;23.4;146;27.8;29.9;24.7;23.0;0.143;0.184;0.222;0.272;0.34
Nice;43.7032;7.2528;04/06/2026;15:00;25.1;45;12.3;24.9;4;0.0;0.0;0.0;0.0;0.0;61;P10;Pluie;1010.5;1007.1;100;12;89;100;11900.0;0.0;1.75;10.1;28.8;178;26.7;29.5;25.0;23.0;0.136;0.182;0.222;0.272;0.34
Nice;43.7032;7.2528;04/06/2026;16:00;24.8;52;14.2;24.2;4;0.0;0.0;0.0;0.0;0.0;61;P10;Pluie;1009.8;1006.4;100;25;94;100;12800.0;0.0;1.5;13.3;35.6;218;25.3;28.5;25.2;23.0;0.129;0.18;0.222;0.272;0.34
Nice;43.7032;7.2528;04/06/2026;17:00;24.1;61;16.1;23.6;3;0.0;0.0;0.0;0.0;0.0;61;P10;Pluie;1009.3;1005.9;100;37;100;100;13680.0;0.0;1.17;18.0;40.0;233;24.0;27.4;25.4;23.0;0.144;0.183;0.222;0.272;0.34
Nice;43.7032;7.2528;04/06/2026;18:00;22.7;72;17.4;22.6;2;1.2;1.2;0.0;0.0;0.0;61;P10;Pluie;1009.2;1005.8;100;54;99;100;14560.0;0.0;0.77;19.2;40.7;230;23.0;26.1;25.4;23.0;0.203;0.194;0.222;0.272;0.34
Nice;43.7032;7.2528;04/06/2026;19:00;21.0;85;18.3;21.3;2;1.2;1.2;0.0;0.0;0.0;61;P10;Pluie;1009.2;1005.8;100;71;98;100;15460.0;0.0;0.37;18.6;38.9;221;22.1;24.6;25.3;23.0;0.284;0.211;0.222;0.272;0.34
Nice;43.7032;7.2528;04/06/2026;20:00;19.7;93;18.5;20.4;2;1.2;1.2;0.0;0.0;0.0;61;P10;Pluie;1009.1;1005.7;100;88;97;100;16340.0;0.0;0.16;16.8;34.9;215;21.4;23.4;25.2;23.0;0.338;0.228;0.223;0.272;0.34
Nice;43.7032;7.2528;04/06/2026;21:00;19.5;94;18.5;20.9;1;0.4;0.4;0.0;0.0;0.0;3;P4;Nuageux;1008.8;1005.4;97;73;92;67;14080.0;0.0;0.14;11.5;27.7;219;21.2;22.7;25.0;23.0;0.34;0.246;0.226;0.272;0.34
Nice;43.7032;7.2528;04/06/2026;22:00;19.8;91;18.3;22.0;1;0.4;0.4;0.0;0.0;0.0;3;P4;Nuageux;1008.3;1004.9;94;57;86;33;11840.0;0.0;0.21;5.2;18.0;245;21.2;22.3;24.7;23.0;0.315;0.264;0.229;0.272;0.34
Nice;43.7032;7.2528;04/06/2026;23:00;19.9;88;17.9;22.2;1;0.4;0.4;0.0;0.0;0.0;3;P4;Nuageux;1007.9;1004.5;91;42;81;0;9600.0;0.0;0.28;3.8;11.2;319;21.1;21.9;24.4;23.0;0.293;0.276;0.232;0.272;0.34
Nice;43.7032;7.2528;05/06/2026;00:00;19.6;86;17.1;21.4;2;0.2;0.12;0.08;0.0;0.0;0;P1;Ensoleillé;1006.8;1003.4;71;25;64;25;7340.0;0.0;0.32;5.0;9.0;344;20.3;21.4;24.1;23.0;0.284;0.278;0.234;0.272;0.34
Nice;43.7032;7.2528;05/06/2026;01:00;18.9;87;16.7;20.3;6;0.4;0.25;0.15;0.0;0.0;0;P1;Ensoleillé;1005.8;1002.3;65;16;62;50;5100.0;0.0;0.28;6.7;9.4;174;19.2;21.0;23.9;23.0;0.279;0.274;0.236;0.272;0.339
Nice;43.7032;7.2528;05/06/2026;02:00;18.3;90;16.6;19.4;9;0.6;0.38;0.23;0.0;0.0;0;P1;Ensoleillé;1004.7;1001.2;75;15;75;70;2840.0;0.0;0.22;8.5;9.7;91;18.0;20.7;23.7;23.0;0.275;0.27;0.237;0.272;0.339
Nice;43.7032;7.2528;05/06/2026;03:00;17.8;92;16.6;18.7;13;2.8;0.7;2.1;0.0;0.0;63;P10;Pluie;1003.4;1000.0;99;19;100;82;6800.0;0.0;0.16;9.8;10.1;7;17.0;;;;;;;;
Nice;43.7032;7.2528;05/06/2026;04:00;17.6;94;16.7;18.6;13;2.8;0.7;2.1;0.0;0.0;63;P10;Pluie;1002.8;999.4;97;16;99;65;10760.0;0.0;0.12;9.4;10.1;7;17.0;;;;;;;;
Nice;43.7032;7.2528;05/06/2026;05:00;17.6;95;16.7;18.7;14;2.8;0.7;2.1;0.0;0.0;63;P10;Pluie;1002.1;998.7;95;12;96;46;14720.0;0.0;0.11;8.5;9.7;5;17.2;;;;;;;;
Nice;43.7032;7.2528;05/06/2026;06:00;17.7;94;16.7;19.0;15;2.8;0.7;2.1;0.0;0.0;63;P10;Pluie;1001.4;998.0;92;8;93;27;18660.0;0.0;0.13;7.0;7.9;1;17.6;;;;;;;;
Nice;43.7032;7.2528;05/06/2026;07:00;18.1;91;16.5;19.6;15;2.8;0.7;2.1;0.0;0.0;63;P10;Pluie;1000.8;997.4;88;5;87;11;22620.0;0.0;0.19;5.3;5.8;352;18.2;;;;;;;;
Nice;43.7032;7.2528;05/06/2026;08:00;18.7;85;16.2;20.2;16;2.8;0.7;2.1;0.0;0.0;63;P10;Pluie;1000.4;997.0;82;2;81;0;26580.0;0.0;0.31;3.9;4.3;326;19.1;;;;;;;;
Nice;43.7032;7.2528;05/06/2026;09:00;19.7;77;15.5;21.0;17;0.0;0.0;0.0;0.0;0.0;2;P8;Éclaircies;1000.1;996.7;73;1;72;0;29620.0;0.0;0.53;4.4;4.7;279;20.4;;;;;;;;
Nice;43.7032;7.2528;05/06/2026;10:00;21.3;66;14.6;21.7;18;0.0;0.0;0.0;0.0;0.0;2;P8;Éclaircies;999.9;996.5;62;0;61;0;32680.0;0.0;0.86;7.7;6.5;249;22.2;;;;;;;;
Nice;43.7032;7.2528;05/06/2026;11:00;23.0;55;13.6;22.4;19;0.0;0.0;0.0;0.0;0.0;1;P2;Éclaircies;999.8;996.5;49;0;48;0;35720.0;0.0;1.25;12.0;7.9;238;24.3;;;;;;;;
Nice;43.7032;7.2528;05/06/2026;12:00;24.7;47;12.6;23.5;20;0.0;0.0;0.0;0.0;0.0;1;P2;Éclaircies;999.8;996.5;36;0;36;0;38760.0;0.0;1.65;16.6;9.4;234;26.2;;;;;;;;
Nice;43.7032;7.2528;05/06/2026;13:00;26.1;41;11.7;24.7;20;0.0;0.0;0.0;0.0;0.0;1;P2;Éclaircies;999.8;996.5;25;0;25;0;41820.0;0.0;2.0;20.5;11.2;231;27.7;;;;;;;;
Nice;43.7032;7.2528;05/06/2026;14:00;26.8;38;11.1;25.3;20;0.0;0.0;0.0;0.0;0.0;0;P1;Ensoleillé;999.9;996.6;16;0;16;0;44860.0;0.0;2.2;23.0;12.2;231;28.4;;;;;;;;
Nice;43.7032;7.2528;05/06/2026;15:00;26.9;37;10.9;25.2;20;0.0;0.0;0.0;0.0;0.0;0;P1;Ensoleillé;1000.0;996.7;10;0;10;0;44020.0;0.0;2.24;24.2;12.6;231;28.2;;;;;;;;
Nice;43.7032;7.2528;05/06/2026;16:00;26.6;37;10.9;24.6;19;0.0;0.0;0.0;0.0;0.0;0;P1;Ensoleillé;1000.3;997.0;6;0;6;0;43180.0;0.0;2.18;24.3;12.2;231;27.3;;;;;;;;
Nice;43.7032;7.2528;05/06/2026;17:00;26.0;39;11.1;23.7;18;0.0;0.0;0.0;0.0;0.0;0;P1;Ensoleillé;1000.5;997.2;4;0;4;0;42340.0;0.0;2.03;23.7;11.2;232;25.9;;;;;;;;
Nice;43.7032;7.2528;05/06/2026;18:00;25.1;42;11.4;22.5;17;0.0;0.0;0.0;0.0;0.0;0;P1;Ensoleillé;1000.9;997.6;2;0;2;0;41480.0;0.0;1.85;22.5;8.3;233;24.3;;;;;;;;
Nice;43.7032;7.2528;05/06/2026;19:00;24.1;45;11.6;21.5;16;0.0;0.0;0.0;0.0;0.0;0;P1;Ensoleillé;1001.3;998.0;1;0;1;0;40640.0;0.0;1.64;21.0;5.0;234;22.7;;;;;;;;
Nice;43.7032;7.2528;05/06/2026;20:00;23.2;48;11.6;20.9;14;0.0;0.0;0.0;0.0;0.0;0;P1;Ensoleillé;1001.8;998.5;0;0;0;0;39800.0;0.0;1.48;19.4;3.2;236;21.3;;;;;;;;
Nice;43.7032;7.2528;05/06/2026;21:00;22.2;51;11.5;20.1;12;0.0;0.0;0.0;0.0;0.0;0;P1;Ensoleillé;1002.4;999.0;0;0;0;0;39140.0;0.0;1.32;17.2;4.7;237;19.8;;;;;;;;
Nice;43.7032;7.2528;05/06/2026;22:00;20.8;54;11.2;19.1;9;0.0;0.0;0.0;0.0;0.0;0;P1;Ensoleillé;1003.2;999.8;0;0;0;0;38500.0;0.0;1.13;14.0;8.3;239;18.1;;;;;;;;
Nice;43.7032;7.2528;05/06/2026;23:00;19.4;58;11.0;18.2;7;0.0;0.0;0.0;0.0;0.0;0;P1;Ensoleillé;1004.0;1000.6;0;0;0;0;37860.0;0.0;0.95;10.7;10.8;243;16.4;;;;;;;;
Nice;43.7032;7.2528;06/06/2026;00:00;18.1;62;10.7;17.3;4;0.0;0.0;0.0;0.0;0.0;0;P1;Ensoleillé;1004.8;1001.4;1;0;1;0;37200.0;0.0;0.8;7.3;11.9;250;14.8;;;;;;;;
Nice;43.7032;7.2528;06/06/2026;01:00;17.0;65;10.5;16.5;2;0.0;0.0;0.0;0.0;0.0;0;P1;Ensoleillé;1005.7;1002.3;2;0;2;0;36560.0;0.0;0.67;4.7;12.2;263;13.6;;;;;;;;
Nice;43.7032;7.2528;06/06/2026;02:00;16.4;68;10.4;16.0;0;0.0;0.0;0.0;0.0;0.0;0;P1;Ensoleillé;1006.4;1003.0;2;0;2;0;35900.0;0.0;0.6;3.4;13.0;286;13.1;;;;;;;;
Nice;43.7032;7.2528;06/06/2026;03:00;16.2;69;10.4;15.8;0;0.0;0.0;0.0;0.0;0.0;0;P1;Ensoleillé;1007.1;1003.7;1;0;1;0;35460.0;0.0;0.58;3.2;14.0;308;13.2;;;;;;;;
Nice;43.7032;7.2528;06/06/2026;04:00;16.4;69;10.6;16.0;0;0.0;0.0;0.0;0.0;0.0;0;P1;Ensoleillé;1007.7;1004.3;0;0;0;0;35000.0;0.0;0.59;3.6;15.1;319;14.0;;;;;;;;
Nice;43.7032;7.2528;06/06/2026;05:00;16.8;68;10.8;16.4;0;0.0;0.0;0.0;0.0;0.0;0;P1;Ensoleillé;1008.3;1004.9;0;0;0;0;34560.0;0.0;0.62;4.2;15.5;324;15.1;;;;;;;;
Nice;43.7032;7.2528;06/06/2026;06:00;17.3;66;11.0;17.0;0;0.0;0.0;0.0;0.0;0.0;0;P1;Ensoleillé;1008.9;1005.5;0;0;0;0;34120.0;0.0;0.66;4.5;14.0;320;16.4;;;;;;;;
Nice;43.7032;7.2528;06/06/2026;07:00;17.9;65;11.3;17.7;0;0.0;0.0;0.0;0.0;0.0;0;P1;Ensoleillé;1009.5;1006.1;0;0;0;0;33660.0;0.0;0.71;4.4;11.5;308;17.8;;;;;;;;
Nice;43.7032;7.2528;06/06/2026;08:00;18.5;64;11.6;18.4;0;0.0;0.0;0.0;0.0;0.0;0;P1;Ensoleillé;1010.0;1006.6;0;0;0;0;33220.0;0.0;0.77;4.2;10.4;288;19.1;;;;;;;;
Nice;43.7032;7.2528;06/06/2026;09:00;19.2;63;11.9;19.0;2;0.0;0.0;0.0;0.0;0.0;0;P1;Ensoleillé;1010.5;1007.1;6;0;6;0;29800.0;0.0;0.83;5.0;11.9;249;20.5;;;;;;;;
Nice;43.7032;7.2528;06/06/2026;10:00;20.0;61;12.2;19.4;4;0.0;0.0;0.0;0.0;0.0;0;P1;Ensoleillé;1011.0;1007.6;14;1;14;1;26380.0;0.0;0.91;8.7;14.4;222;22.2;;;;;;;;
Nice;43.7032;7.2528;06/06/2026;11:00;20.9;59;12.6;20.0;7;0.0;0.0;0.0;0.0;0.0;1;P2;Éclaircies;1011.5;1008.1;24;1;24;1;22960.0;0.0;1.01;13.7;16.6;210;24.0;;;;;;;;
Nice;43.7032;7.2528;06/06/2026;12:00;21.7;58;12.9;20.8;10;0.0;0.0;0.0;0.0;0.0;1;P2;Éclaircies;1012.0;1008.6;34;2;33;2;19520.0;0.0;1.1;18.7;17.6;205;25.5;;;;;;;;
Nice;43.7032;7.2528;06/06/2026;13:00;22.3;57;13.3;21.4;12;0.0;0.0;0.0;0.0;0.0;1;P2;Éclaircies;1012.4;1009.0;41;2;40;2;16100.0;0.0;1.17;22.8;18.0;203;26.7;;;;;;;;
Nice;43.7032;7.2528;06/06/2026;14:00;22.6;57;13.6;21.6;14;0.0;0.0;0.0;0.0;0.0;1;P2;Éclaircies;1012.7;1009.3;44;2;43;2;12680.0;0.0;1.19;24.8;18.4;202;27.2;;;;;;;;
Nice;43.7032;7.2528;06/06/2026;15:00;22.6;58;13.9;21.6;15;0.0;0.0;0.0;0.0;0.0;1;P2;Éclaircies;1013.0;1009.6;42;2;41;2;15620.0;0.0;1.15;24.6;19.8;201;26.9;;;;;;;;
Nice;43.7032;7.2528;06/06/2026;16:00;22.3;60;14.1;21.5;15;0.0;0.0;0.0;0.0;0.0;1;P2;Éclaircies;1013.1;1009.7;36;2;35;2;18560.0;0.0;1.08;22.6;20.9;202;26.0;;;;;;;;
Nice;43.7032;7.2528;06/06/2026;17:00;21.8;63;14.4;21.0;15;0.0;0.0;0.0;0.0;0.0;1;P2;Éclaircies;1013.3;1009.9;27;1;26;1;21500.0;0.0;0.98;19.7;20.5;204;24.6;;;;;;;;
Nice;43.7032;7.2528;06/06/2026;18:00;21.2;66;14.6;20.4;14;0.0;0.0;0.0;0.0;0.0;0;P1;Ensoleillé;1013.4;1010.0;18;1;17;1;24440.0;0.0;0.86;16.2;16.2;206;23.1;;;;;;;;
Nice;43.7032;7.2528;06/06/2026;19:00;20.6;69;14.7;20.3;13;0.0;0.0;0.0;0.0;0.0;0;P1;Ensoleillé;1013.5;1010.1;10;0;9;0;27380.0;0.0;0.75;12.6;10.4;209;21.6;;;;;;;;
Nice;43.7032;7.2528;06/06/2026;20:00;20.0;72;14.8;20.1;12;0.0;0.0;0.0;0.0;0.0;0;P1;Ensoleillé;1013.6;1010.2;4;0;4;0;30320.0;0.0;0.65;9.6;6.1;213;20.3;;;;;;;;
Nice;43.7032;7.2528;06/06/2026;21:00;19.3;75;14.7;19.8;10;0.0;0.0;0.0;0.0;0.0;0;P1;Ensoleillé;1013.7;1010.3;1;0;1;0;29220.0;0.0;0.56;7.1;5.8;218;19.2;;;;;;;;
Nice;43.7032;7.2528;06/06/2026;22:00;18.4;78;14.5;19.3;9;0.0;0.0;0.0;0.0;0.0;0;P1;Ensoleillé;1013.9;1010.5;0;0;0;0;28120.0;0.0;0.47;4.2;7.2;230;17.9;;;;;;;;
Nice;43.7032;7.2528;06/06/2026;23:00;17.5;81;14.3;18.6;7;0.0;0.0;0.0;0.0;0.0;0;P1;Ensoleillé;1014.0;1010.6;0;0;0;0;27040.0;0.0;0.38;2.0;8.6;270;16.6;;;;;;;;
Nice;43.7032;7.2528;07/06/2026;00:00;16.7;84;14.0;17.6;5;0.0;0.0;0.0;0.0;0.0;0;P1;Ensoleillé;1014.1;1010.6;0;0;0;0;25940.0;0.0;0.3;2.8;10.1;342;15.5;;;;;;;;
Nice;43.7032;7.2528;07/06/2026;01:00;16.0;86;13.7;16.5;3;0.0;0.0;0.0;0.0;0.0;0;P1;Ensoleillé;1014.1;1010.6;0;0;0;0;24840.0;0.0;0.25;4.9;11.5;360;14.7;;;;;;;;
Nice;43.7032;7.2528;07/06/2026;02:00;15.7;86;13.5;15.9;2;0.0;0.0;0.0;0.0;0.0;0;P1;Ensoleillé;1014.1;1010.6;0;0;0;0;23740.0;0.0;0.24;6.3;12.6;7;14.4;;;;;;;;
Nice;43.7032;7.2528;07/06/2026;03:00;15.8;85;13.2;15.7;1;0.0;0.0;0.0;0.0;0.0;0;P1;Ensoleillé;1014.0;1010.5;5;0;0;5;25320.0;0.0;0.28;7.3;13.7;7;14.5;;;;;;;;
Nice;43.7032;7.2528;07/06/2026;04:00;16.1;81;12.8;15.9;0;0.0;0.0;0.0;0.0;0.0;0;P1;Ensoleillé;1013.9;1010.4;12;0;0;12;26900.0;0.0;0.35;7.6;14.0;7;15.0;;;;;;;;
Nice;43.7032;7.2528;07/06/2026;05:00;16.6;76;12.5;16.3;0;0.0;0.0;0.0;0.0;0.0;1;P2;Éclaircies;1013.8;1010.3;21;1;0;21;28480.0;0.0;0.44;7.4;14.0;4;15.8;;;;;;;;
Nice;43.7032;7.2528;07/06/2026;06:00;17.3;72;12.2;16.9;0;0.0;0.0;0.0;0.0;0.0;1;P2;Éclaircies;1013.6;1010.1;29;1;0;29;30060.0;0.0;0.55;7.0;12.2;3;16.9;;;;;;;;
Nice;43.7032;7.2528;07/06/2026;07:00;18.0;68;12.0;17.7;0;0.0;0.0;0.0;0.0;0.0;1;P2;Éclaircies;1013.4;1010.0;36;1;0;37;31640.0;0.0;0.66;6.3;9.7;5;18.1;;;;;;;;
Nice;43.7032;7.2528;07/06/2026;08:00;18.6;66;12.1;18.4;0;0.0;0.0;0.0;0.0;0.0;1;P2;Éclaircies;1013.1;1009.7;41;1;0;41;33220.0;0.0;0.73;5.5;8.3;13;19.4;;;;;;;;
Nice;43.7032;7.2528;07/06/2026;09:00;19.2;65;12.5;19.3;1;0.0;0.0;0.0;0.0;0.0;1;P2;Éclaircies;1012.8;1009.4;43;1;0;43;31160.0;0.0;0.78;5.0;8.3;35;21.1;;;;;;;;
Nice;43.7032;7.2528;07/06/2026;10:00;20.1;64;13.1;20.2;2;0.0;0.0;0.0;0.0;0.0;1;P2;Éclaircies;1012.5;1009.1;43;1;0;43;29120.0;0.0;0.84;6.1;9.4;67;23.3;;;;;;;;
Nice;43.7032;7.2528;07/06/2026;11:00;20.9;64;13.9;21.3;3;0.0;0.0;0.0;0.0;0.0;1;P2;Éclaircies;1012.1;1008.7;41;1;0;42;27080.0;0.0;0.88;8.3;10.4;89;25.6;;;;;;;;
Nice;43.7032;7.2528;07/06/2026;12:00;21.7;65;14.7;22.7;4;0.0;0.0;0.0;0.0;0.0;1;P2;Éclaircies;1011.7;1008.3;39;0;0;39;25020.0;0.0;0.92;11.1;12.2;99;27.8;;;;;;;;
Nice;43.7032;7.2528;07/06/2026;13:00;22.2;66;15.5;23.7;5;0.0;0.0;0.0;0.0;0.0;1;P2;Éclaircies;1011.3;1007.9;36;0;0;36;22980.0;0.0;0.92;13.3;14.4;106;29.4;;;;;;;;
Nice;43.7032;7.2528;07/06/2026;14:00;22.5;67;16.0;24.3;6;0.0;0.0;0.0;0.0;0.0;1;P2;Éclaircies;1010.9;1007.5;33;0;0;33;20920.0;0.0;0.91;14.2;15.1;111;30.0;;;;;;;;
Nice;43.7032;7.2528;07/06/2026;15:00;22.4;69;16.4;24.4;6;0.2;0.1;0.1;0.0;0.0;51;P10;Pluie faible;1010.4;1007.0;29;0;1;29;21840.0;0.0;0.84;13.4;13.7;116;29.6;;;;;;;;
Nice;43.7032;7.2528;07/06/2026;16:00;22.0;72;16.8;24.1;6;0.2;0.1;0.1;0.0;0.0;51;P10;Pluie faible;1009.9;1006.5;25;0;2;23;22740.0;0.0;0.73;11.7;11.2;124;28.2;;;;;;;;
Nice;43.7032;7.2528;07/06/2026;17:00;21.4;77;17.1;23.4;6;0.2;0.1;0.1;0.0;0.0;51;P10;Pluie faible;1009.3;1005.9;19;0;3;16;23660.0;0.0;0.6;9.4;9.0;137;26.3;;;;;;;;
Nice;43.7032;7.2528;07/06/2026;18:00;20.7;80;17.2;22.2;5;0.2;0.1;0.1;0.0;0.0;51;P10;Pluie faible;1008.8;1005.4;14;1;4;9;24580.0;0.0;0.48;7.6;7.6;158;24.1;;;;;;;;
Nice;43.7032;7.2528;07/06/2026;19:00;20.0;83;17.0;21.4;5;0.2;0.1;0.1;0.0;0.0;51;P10;Pluie faible;1008.4;1005.0;9;1;5;4;25480.0;0.0;0.39;7.0;6.8;184;22.0;;;;;;;;
Nice;43.7032;7.2528;07/06/2026;20:00;19.3;84;16.5;20.4;4;0.2;0.1;0.1;0.0;0.0;51;P10;Pluie faible;1008.3;1004.9;6;1;5;0;26400.0;0.0;0.37;7.8;5.8;206;20.3;;;;;;;;
Nice;43.7032;7.2528;07/06/2026;21:00;18.7;81;15.3;19.2;4;0.0;0.0;0.0;0.0;0.0;0;P1;Ensoleillé;1008.5;1005.1;4;1;5;0;27980.0;0.0;0.41;8.8;4.7;221;18.9;;;;;;;;
Nice;43.7032;7.2528;07/06/2026;22:00;18.0;76;13.7;17.7;3;0.0;0.0;0.0;0.0;0.0;0;P1;Ensoleillé;1009.0;1005.6;2;1;4;0;29560.0;0.0;0.5;9.9;3.6;235;17.5;;;;;;;;
Nice;43.7032;7.2528;07/06/2026;23:00;17.3;70;11.7;16.1;3;0.0;0.0;0.0;0.0;0.0;0;P1;Ensoleillé;1009.6;1006.2;1;0;3;0;31140.0;0.0;0.6;11.5;3.2;245;16.2;;;;;;;;
Nice;43.7032;7.2528;08/06/2026;00:00;16.6;64;9.7;14.6;3;0.0;0.0;0.0;0.0;0.0;0;P1;Ensoleillé;1010.3;1006.9;0;0;2;0;32720.0;0.0;0.68;13.1;3.6;252;15.0;;;;;;;;
Nice;43.7032;7.2528;08/06/2026;01:00;16.0;59;8.0;13.4;2;0.0;0.0;0.0;0.0;0.0;0;P1;Ensoleillé;1010.9;1007.4;1;1;1;0;34300.0;0.0;0.75;14.3;4.3;255;14.1;;;;;;;;
Nice;43.7032;7.2528;08/06/2026;02:00;15.6;56;6.8;12.6;2;0.0;0.0;0.0;0.0;0.0;0;P1;Ensoleillé;1011.3;1007.8;2;2;0;0;35880.0;0.0;0.79;15.4;5.0;256;13.6;;;;;;;;
Nice;43.7032;7.2528;08/06/2026;03:00;15.3;55;6.3;12.1;2;0.0;0.0;0.0;0.0;0.0;0;P1;Ensoleillé;1011.5;1008.0;5;5;0;0;35880.0;0.0;0.78;15.8;5.0;253;13.4;;;;;;;;
Nice;43.7032;7.2528;08/06/2026;04:00;15.1;55;6.2;11.8;3;0.0;0.0;0.0;0.0;0.0;0;P1;Ensoleillé;1011.5;1008.0;10;10;0;0;35880.0;0.0;0.77;16.0;5.0;247;13.5;;;;;;;;
Nice;43.7032;7.2528;08/06/2026;05:00;15.0;57;6.4;11.7;3;0.0;0.0;0.0;0.0;0.0;0;P1;Ensoleillé;1011.4;1007.9;15;15;0;0;35880.0;0.0;0.74;16.1;4.7;240;13.9;;;;;;;;
Nice;43.7032;7.2528;08/06/2026;06:00;15.0;57;6.7;11.8;3;0.0;0.0;0.0;0.0;0.0;1;P2;Éclaircies;1011.3;1007.8;21;20;1;0;35880.0;0.0;0.73;16.3;4.3;233;14.5;;;;;;;;
Nice;43.7032;7.2528;08/06/2026;07:00;15.4;57;6.9;12.1;4;0.0;0.0;0.0;0.0;0.0;1;P2;Éclaircies;1011.2;1007.7;25;24;1;0;35880.0;0.0;0.75;16.7;3.6;227;15.4;;;;;;;;
Nice;43.7032;7.2528;08/06/2026;08:00;16.0;55;6.9;12.7;4;0.0;0.0;0.0;0.0;0.0;1;P2;Éclaircies;1011.2;1007.7;26;25;1;0;35880.0;0.0;0.82;17.1;3.6;226;16.7;;;;;;;;
Nice;43.7032;7.2528;08/06/2026;09:00;17.1;50;6.5;13.7;4;0.0;0.0;0.0;0.0;0.0;1;P2;Éclaircies;1011.3;1007.9;24;23;1;0;37380.0;0.0;0.98;17.4;4.3;229;18.6;;;;;;;;
Nice;43.7032;7.2528;08/06/2026;10:00;18.8;43;6.0;15.2;4;0.0;0.0;0.0;0.0;0.0;1;P2;Éclaircies;1011.3;1007.9;20;20;1;0;38880.0;0.0;1.24;18.1;5.4;236;21.3;;;;;;;;
Nice;43.7032;7.2528;08/06/2026;11:00;20.8;37;5.4;17.2;4;0.0;0.0;0.0;0.0;0.0;0;P1;Ensoleillé;1011.4;1008.0;15;15;1;0;40380.0;0.0;1.56;19.0;6.5;243;24.3;;;;;;;;
Nice;43.7032;7.2528;08/06/2026;12:00;22.7;31;4.8;19.5;4;0.0;0.0;0.0;0.0;0.0;0;P1;Ensoleillé;1011.5;1008.1;9;9;1;0;41880.0;0.0;1.9;19.9;7.2;250;27.1;;;;;;;;
Nice;43.7032;7.2528;08/06/2026;13:00;24.3;28;4.4;21.4;4;0.0;0.0;0.0;0.0;0.0;0;P1;Ensoleillé;1011.7;1008.3;4;4;1;0;43380.0;0.0;2.2;20.4;7.6;256;29.4;;;;;;;;
Nice;43.7032;7.2528;08/06/2026;14:00;25.3;26;4.2;22.7;4;0.0;0.0;0.0;0.0;0.0;0;P1;Ensoleillé;1011.8;1008.4;1;1;1;0;44880.0;0.0;2.39;20.3;7.9;260;30.6;;;;;;;;
Nice;43.7032;7.2528;08/06/2026;15:00;25.7;25;4.4;23.4;4;0.0;0.0;0.0;0.0;0.0;0;P1;Ensoleillé;1011.9;1008.6;0;0;1;0;44880.0;0.0;2.47;18.9;8.6;262;30.7;;;;;;;;
Nice;43.7032;7.2528;08/06/2026;16:00;25.8;26;5.0;23.7;4;0.0;0.0;0.0;0.0;0.0;0;P1;Ensoleillé;1012.0;1008.7;0;0;1;0;44860.0;0.0;2.45;16.3;9.0;264;29.9;;;;;;;;
Nice;43.7032;7.2528;08/06/2026;17:00;25.6;28;5.6;23.7;4;0.0;0.0;0.0;0.0;0.0;0;P1;Ensoleillé;1012.0;1008.7;0;0;1;0;44860.0;0.0;2.37;13.2;9.4;267;28.5;;;;;;;;
Nice;43.7032;7.2528;08/06/2026;18:00;25.1;30;6.3;23.0;4;0.0;0.0;0.0;0.0;0.0;0;P1;Ensoleillé;1012.2;1008.8;0;0;0;0;44860.0;0.0;2.22;9.9;9.0;270;26.9;;;;;;;;
Nice;43.7032;7.2528;08/06/2026;19:00;24.4;33;6.9;22.6;4;0.0;0.0;0.0;0.0;0.0;0;P1;Ensoleillé;1012.4;1009.0;0;0;0;0;44840.0;0.0;2.06;7.1;8.3;277;25.1;;;;;;;;
Nice;43.7032;7.2528;08/06/2026;20:00;23.6;35;7.3;22.1;4;0.0;0.0;0.0;0.0;0.0;0;P1;Ensoleillé;1012.8;1009.4;0;0;0;0;44840.0;0.0;1.9;5.3;7.6;288;23.5;;;;;;;;
Nice;43.7032;7.2528;08/06/2026;21:00;22.5;38;7.3;21.1;3;0.0;0.0;0.0;0.0;0.0;0;P1;Ensoleillé;1013.4;1010.0;1;0;0;1;43340.0;0.0;1.7;4.7;6.5;302;21.8;;;;;;;;
Nice;43.7032;7.2528;08/06/2026;22:00;20.9;41;7.2;19.4;3;0.0;0.0;0.0;0.0;0.0;0;P1;Ensoleillé;1014.3;1010.9;1;0;0;2;41860.0;0.0;1.45;5.0;5.0;314;19.8;;;;;;;;
Nice;43.7032;7.2528;08/06/2026;23:00;19.1;45;7.0;17.5;2;0.0;0.0;0.0;0.0;0.0;0;P1;Ensoleillé;1015.3;1011.9;3;0;0;3;40360.0;0.0;1.21;5.6;4.3;320;17.7;;;;;;;;
Nice;43.7032;7.2528;09/06/2026;00:00;17.3;50;6.8;15.6;1;0.0;0.0;0.0;0.0;0.0;0;P1;Ensoleillé;1016.2;1012.7;4;0;0;4;38860.0;0.0;0.99;6.4;5.4;324;15.7;;;;;;;;
Nice;43.7032;7.2528;09/06/2026;01:00;15.9;54;6.6;14.0;0;0.0;0.0;0.0;0.0;0.0;0;P1;Ensoleillé;1017.1;1013.6;4;0;0;4;37380.0;0.0;0.84;6.9;7.2;327;14.2;;;;;;;;
Nice;43.7032;7.2528;09/06/2026;02:00;15.1;57;6.6;13.2;0;0.0;0.0;0.0;0.0;0.0;0;P1;Ensoleillé;1017.7;1014.2;5;0;0;5;35880.0;0.0;0.75;7.3;8.6;330;13.5;;;;;;;;
Nice;43.7032;7.2528;09/06/2026;03:00;15.0;58;6.7;13.1;0;0.0;0.0;0.0;0.0;0.0;0;P1;Ensoleillé;1018.1;1014.6;5;0;0;5;35880.0;0.0;0.72;7.4;9.4;334;13.4;;;;;;;;
Nice;43.7032;7.2528;09/06/2026;04:00;15.3;58;7.0;13.4;1;0.0;0.0;0.0;0.0;0.0;0;P1;Ensoleillé;1018.3;1014.8;5;0;0;5;35880.0;0.0;0.74;7.4;9.4;338;14.0;;;;;;;;
Nice;43.7032;7.2528;09/06/2026;05:00;15.9;57;7.3;14.2;1;0.0;0.0;0.0;0.0;0.0;0;P1;Ensoleillé;1018.5;1015.0;5;0;0;5;35880.0;0.0;0.78;7.3;9.0;343;14.9;;;;;;;;
Nice;43.7032;7.2528;09/06/2026;06:00;16.8;55;7.7;15.1;1;0.0;0.0;0.0;0.0;0.0;0;P1;Ensoleillé;1018.5;1015.0;5;0;0;5;35880.0;0.0;0.86;7.2;7.2;347;16.2;;;;;;;;
Nice;43.7032;7.2528;09/06/2026;07:00;17.6;54;8.1;16.1;2;0.0;0.0;0.0;0.0;0.0;0;P1;Ensoleillé;1018.6;1015.1;4;0;0;4;35880.0;0.0;0.94;6.7;5.0;352;17.8;;;;;;;;
Nice;43.7032;7.2528;09/06/2026;08:00;18.3;53;8.5;17.1;2;0.0;0.0;0.0;0.0;0.0;0;P1;Ensoleillé;1018.7;1015.2;4;0;0;4;35880.0;0.0;1.0;5.9;4.0;358;19.5;;;;;;;;
Nice;43.7032;7.2528;09/06/2026;09:00;19.0;52;8.9;18.0;2;0.0;0.0;0.0;0.0;0.0;0;P1;Ensoleillé;1018.9;1015.5;3;0;0;2;33060.0;0.0;1.06;4.7;5.4;9;21.7;;;;;;;;
Nice;43.7032;7.2528;09/06/2026;10:00;19.9;51;9.3;19.2;2;0.0;0.0;0.0;0.0;0.0;0;P1;Ensoleillé;1019.1;1015.7;0;0;0;0;30240.0;0.0;1.15;3.5;8.3;35;24.7;;;;;;;;
Nice;43.7032;7.2528;09/06/2026;11:00;20.7;49;9.8;20.7;2;0.0;0.0;0.0;0.0;0.0;0;P1;Ensoleillé;1019.3;1015.9;0;0;0;0;27420.0;0.0;1.24;3.3;10.8;77;27.9;;;;;;;;
Nice;43.7032;7.2528;09/06/2026;12:00;21.5;49;10.2;22.3;2;0.0;0.0;0.0;0.0;0.0;0;P1;Ensoleillé;1019.4;1016.0;0;0;0;0;24600.0;0.0;1.31;4.6;12.6;108;30.9;;;;;;;;
Nice;43.7032;7.2528;09/06/2026;13:00;22.0;49;10.7;23.3;2;0.0;0.0;0.0;0.0;0.0;0;P1;Ensoleillé;1019.5;1016.1;0;0;1;0;21780.0;0.0;1.36;6.3;14.0;121;33.2;;;;;;;;
Nice;43.7032;7.2528;09/06/2026;14:00;22.3;50;11.2;23.8;2;0.0;0.0;0.0;0.0;0.0;0;P1;Ensoleillé;1019.5;1016.1;1;0;1;0;18960.0;0.0;1.36;7.3;14.8;126;34.2;;;;;;;;
Nice;43.7032;7.2528;09/06/2026;15:00;22.1;52;11.8;23.7;3;0.0;0.0;0.0;0.0;0.0;0;P1;Ensoleillé;1019.4;1016.0;13;1;2;12;16140.0;0.0;1.28;7.7;14.4;127;33.8;;;;;;;;
Nice;43.7032;7.2528;09/06/2026;16:00;21.7;56;12.5;23.2;5;0.0;0.0;0.0;0.0;0.0;1;P2;Éclaircies;1019.1;1015.7;32;3;2;30;13300.0;0.0;1.14;7.6;13.3;128;32.1;;;;;;;;
Nice;43.7032;7.2528;09/06/2026;17:00;21.0;61;13.2;22.2;6;0.0;0.0;0.0;0.0;0.0;2;P8;Éclaircies;1018.7;1015.3;53;6;3;51;10480.0;0.0;0.96;7.1;11.9;128;29.8;;;;;;;;
Nice;43.7032;7.2528;09/06/2026;18:00;20.2;67;13.9;20.9;7;0.0;0.0;0.0;0.0;0.0;2;P8;Éclaircies;1018.4;1015.0;73;8;4;71;7640.0;0.0;0.79;6.3;9.7;127;27.1;;;;;;;;
Nice;43.7032;7.2528;09/06/2026;19:00;19.5;72;14.4;20.1;8;0.0;0.0;0.0;0.0;0.0;3;P4;Nuageux;1018.1;1014.7;88;9;5;86;4820.0;0.0;0.63;5.4;7.6;124;24.6;;;;;;;;
Nice;43.7032;7.2528;09/06/2026;20:00;18.9;77;14.7;19.7;8;0.0;0.0;0.0;0.0;0.0;3;P4;Nuageux;1017.9;1014.5;94;10;5;92;1980.0;0.0;0.51;4.7;5.8;122;22.6;;;;;;;;
Nice;43.7032;7.2528;09/06/2026;21:00;18.4;79;14.7;19.4;7;0.0;0.0;0.0;0.0;0.0;3;P4;Nuageux;1017.8;1014.3;89;9;5;87;6700.0;0.0;0.44;3.8;5.4;121;21.0;;;;;;;;
Nice;43.7032;7.2528;09/06/2026;22:00;17.8;82;14.6;18.9;6;0.0;0.0;0.0;0.0;0.0;2;P8;Éclaircies;1017.8;1014.3;75;8;4;73;11400.0;0.0;0.38;2.7;5.8;113;19.5;;;;;;;;
Nice;43.7032;7.2528;09/06/2026;23:00;17.3;83;14.4;18.5;4;0.0;0.0;0.0;0.0;0.0;2;P8;Éclaircies;1017.9;1014.4;56;6;4;53;16120.0;0.0;0.34;1.7;6.5;103;18.0;;;;;;;;
Nice;43.7032;7.2528;10/06/2026;00:00;16.9;83;14.0;18.1;3;0.0;0.0;0.0;0.0;0.0;1;P2;Éclaircies;1018.0;1014.5;35;3;3;33;20840.0;0.0;0.33;1.0;8.3;59;16.8;;;;;;;;
Nice;43.7032;7.2528;10/06/2026;01:00;16.6;83;13.6;17.5;1;0.0;0.0;0.0;0.0;0.0;0;P1;Ensoleillé;1018.0;1014.5;17;1;3;15;25540.0;0.0;0.33;1.3;10.8;8;15.9;;;;;;;;
Nice;43.7032;7.2528;10/06/2026;02:00;16.4;81;13.2;17.2;0;0.0;0.0;0.0;0.0;0.0;0;P1;Ensoleillé;1018.1;1014.6;5;0;2;3;30260.0;0.0;0.35;1.8;12.2;354;15.5;;;;;;;;
Nice;43.7032;7.2528;10/06/2026;03:00;16.4;78;12.6;16.9;0;0.0;0.0;0.0;0.0;0.0;0;P1;Ensoleillé;1018.1;1014.6;0;0;1;0;31200.0;0.0;0.41;2.2;12.6;355;15.6;;;;;;;;
Nice;43.7032;7.2528;10/06/2026;04:00;16.6;73;11.7;16.7;0;0.0;0.0;0.0;0.0;0.0;0;P1;Ensoleillé;1018.2;1014.7;0;0;1;0;32120.0;0.0;0.51;2.5;11.9;4;16.0;;;;;;;;
Nice;43.7032;7.2528;10/06/2026;05:00;16.8;68;10.9;16.7;0;0.0;0.0;0.0;0.0;0.0;0;P1;Ensoleillé;1018.3;1014.8;0;0;0;0;33060.0;0.0;0.61;2.8;11.2;11;16.8;;;;;;;;
Nice;43.7032;7.2528;10/06/2026;06:00;17.2;63;10.1;16.8;0;0.0;0.0;0.0;0.0;0.0;0;P1;Ensoleillé;1018.3;1014.8;0;0;0;0;34000.0;0.0;0.72;2.9;9.7;22;17.9;;;;;;;;
Nice;43.7032;7.2528;10/06/2026;07:00;17.6;59;9.5;17.0;0;0.0;0.0;0.0;0.0;0.0;0;P1;Ensoleillé;1018.4;1014.9;0;0;0;0;34920.0;0.0;0.82;3.1;7.9;31;19.2;;;;;;;;
Nice;43.7032;7.2528;10/06/2026;08:00;18.0;57;9.4;17.4;0;0.0;0.0;0.0;0.0;0.0;0;P1;Ensoleillé;1018.4;1014.9;0;0;0;0;35860.0;0.0;0.89;3.1;6.5;40;20.7;;;;;;;;
Nice;43.7032;7.2528;10/06/2026;09:00;18.6;56;9.8;18.1;1;0.0;0.0;0.0;0.0;0.0;0;P1;Ensoleillé;1018.5;1015.0;2;0;2;0;32420.0;0.0;0.94;3.0;6.1;52;22.8;;;;;;;;
Nice;43.7032;7.2528;10/06/2026;10:00;19.3;57;10.6;19.0;3;0.0;0.0;0.0;0.0;0.0;0;P1;Ensoleillé;1018.6;1015.2;4;0;4;0;28980.0;0.0;0.97;3.2;6.5;74;25.7;;;;;;;;
Nice;43.7032;7.2528;10/06/2026;11:00;20.1;58;11.6;20.5;4;0.0;0.0;0.0;0.0;0.0;0;P1;Ensoleillé;1018.6;1015.2;7;1;8;1;25560.0;0.0;0.99;3.6;6.8;90;28.8;;;;;;;;
Nice;43.7032;7.2528;10/06/2026;12:00;20.9;60;12.8;22.4;6;0.0;0.0;0.0;0.0;0.0;0;P1;Ensoleillé;1018.7;1015.3;11;1;11;2;22120.0;0.0;1.0;4.2;7.2;108;31.6;;;;;;;;
Nice;43.7032;7.2528;10/06/2026;13:00;21.6;61;13.8;23.9;7;0.0;0.0;0.0;0.0;0.0;0;P1;Ensoleillé;1018.7;1015.3;14;1;13;3;18680.0;0.0;1.0;4.6;7.6;121;33.8;;;;;;;;
Nice;43.7032;7.2528;10/06/2026;14:00;22.0;62;14.5;24.8;8;0.0;0.0;0.0;0.0;0.0;0;P1;Ensoleillé;1018.6;1015.2;17;1;14;5;15240.0;0.0;1.0;5.1;7.9;135;34.7;;;;;;;;
Nice;43.7032;7.2528;10/06/2026;15:00;22.3;63;14.9;25.0;8;0.1;0.1;0.0;0.0;0.0;51;P10;Pluie faible;1018.4;1015.0;20;1;13;8;18220.0;0.0;0.99;5.6;7.9;153;34.3;;;;;;;;
Nice;43.7032;7.2528;10/06/2026;16:00;22.4;64;15.3;24.6;7;0.1;0.1;0.0;0.0;0.0;51;P10;Pluie faible;1018.0;1014.6;22;1;12;13;21220.0;0.0;0.96;7.1;7.2;174;32.7;;;;;;;;
Nice;43.7032;7.2528;10/06/2026;17:00;22.4;65;15.6;23.6;6;0.1;0.1;0.0;0.0;0.0;51;P10;Pluie faible;1017.7;1014.3;25;1;9;18;24200.0;0.0;0.94;9.3;6.8;189;30.5;;;;;;;;
Nice;43.7032;7.2528;10/06/2026;18:00;22.3;66;15.7;22.5;5;0.1;0.1;0.0;0.0;0.0;51;P10;Pluie faible;1017.3;1013.9;27;0;6;22;27180.0;0.0;0.91;11.4;6.1;198;27.9;;;;;;;;
Nice;43.7032;7.2528;10/06/2026;19:00;22.1;67;15.6;22.1;3;0.1;0.1;0.0;0.0;0.0;51;P10;Pluie faible;1016.9;1013.5;28;0;4;26;30180.0;0.0;0.88;13.0;5.0;204;25.4;;;;;;;;
Nice;43.7032;7.2528;10/06/2026;20:00;21.7;67;15.3;21.5;2;0.1;0.1;0.0;0.0;0.0;51;P10;Pluie faible;1016.6;1013.2;29;0;2;28;33160.0;0.0;0.86;13.8;5.0;209;23.5;;;;;;;;
Nice;43.7032;7.2528;10/06/2026;21:00;21.2;66;14.7;20.8;1;0.0;0.0;0.0;0.0;0.0;1;P2;Éclaircies;1016.4;1013.0;28;0;1;28;33620.0;0.0;0.84;13.0;6.8;214;21.8;;;;;;;;
Nice;43.7032;7.2528;10/06/2026;22:00;20.4;66;13.7;19.9;1;0.0;0.0;0.0;0.0;0.0;1;P2;Éclaircies;1016.2;1012.8;27;0;1;27;34060.0;0.0;0.82;11.5;9.4;221;20.2;;;;;;;;
Nice;43.7032;7.2528;10/06/2026;23:00;19.4;65;12.6;18.9;1;0.0;0.0;0.0;0.0;0.0;1;P2;Éclaircies;1016.1;1012.7;25;0;0;24;34520.0;0.0;0.8;9.4;11.5;232;18.6;;;;;;;;
Nice;43.7032;7.2528;11/06/2026;00:00;18.6;63;11.4;17.9;1;0.0;0.0;0.0;0.0;0.0;1;P2;Éclaircies;1016.0;1012.6;22;0;0;22;34960.0;0.0;0.79;7.6;11.9;251;17.3;;;;;;;;
Nice;43.7032;7.2528;11/06/2026;01:00;17.8;62;10.3;17.0;2;0.0;0.0;0.0;0.0;0.0;0;P1;Ensoleillé;1015.9;1012.4;19;0;0;19;35420.0;0.0;0.79;6.7;11.9;272;16.3;;;;;;;;
Nice;43.7032;7.2528;11/06/2026;02:00;17.4;60;9.6;16.3;2;0.0;0.0;0.0;0.0;0.0;0;P1;Ensoleillé;1015.9;1012.4;17;0;0;16;35860.0;0.0;0.79;6.6;11.5;291;15.8;;;;;;;;
Nice;43.7032;7.2528;11/06/2026;03:00;17.2;59;9.0;16.0;3;0.0;0.0;0.0;0.0;0.0;0;P1;Ensoleillé;1016.0;1012.5;14;0;0;12;36520.0;0.0;0.82;6.6;11.9;307;15.7;;;;;;;;
Nice;43.7032;7.2528;11/06/2026;04:00;17.3;56;8.6;16.0;3;0.0;0.0;0.0;0.0;0.0;0;P1;Ensoleillé;1016.1;1012.6;9;1;0;7;37180.0;0.0;0.86;6.8;12.2;323;16.1;;;;;;;;
Nice;43.7032;7.2528;11/06/2026;05:00;17.6;54;8.2;16.1;4;0.0;0.0;0.0;0.0;0.0;0;P1;Ensoleillé;1016.3;1012.8;4;1;0;2;37840.0;0.0;0.92;7.0;11.9;337;16.8;;;;;;;;
Nice;43.7032;7.2528;11/06/2026;06:00;17.9;52;8.0;16.3;5;0.0;0.0;0.0;0.0;0.0;0;P1;Ensoleillé;1016.5;1013.0;1;2;0;0;38480.0;0.0;0.98;7.5;10.1;349;17.8;;;;;;;;
Nice;43.7032;7.2528;11/06/2026;07:00;18.3;51;8.1;16.7;5;0.0;0.0;0.0;0.0;0.0;0;P1;Ensoleillé;1016.8;1013.4;0;3;0;0;39140.0;0.0;1.02;7.6;7.9;359;19.1;;;;;;;;
Nice;43.7032;7.2528;11/06/2026;08:00;18.7;51;8.4;17.2;6;0.0;0.0;0.0;0.0;0.0;0;P1;Ensoleillé;1017.0;1013.6;3;3;0;0;39800.0;0.0;1.06;7.2;6.1;6;20.6;;;;;;;;
Nice;43.7032;7.2528;11/06/2026;09:00;19.2;52;9.2;18.2;7;0.0;0.0;0.0;0.0;0.0;0;P1;Ensoleillé;1017.3;1013.9;12;3;1;9;36360.0;0.0;1.06;5.9;5.8;12;22.7;;;;;;;;
Nice;43.7032;7.2528;11/06/2026;10:00;19.9;55;10.5;19.5;7;0.0;0.0;0.0;0.0;0.0;1;P2;Éclaircies;1017.6;1014.2;26;4;3;24;32920.0;0.0;1.05;3.5;6.1;28;25.4;;;;;;;;
Nice;43.7032;7.2528;11/06/2026;11:00;20.6;58;12.0;21.4;8;0.0;0.0;0.0;0.0;0.0;1;P2;Éclaircies;1018.0;1014.6;43;4;5;41;29500.0;0.0;1.02;1.8;6.8;90;28.5;;;;;;;;
Nice;43.7032;7.2528;11/06/2026;12:00;21.2;61;13.5;23.1;9;0.0;0.0;0.0;0.0;0.0;2;P8;Éclaircies;1018.4;1015.0;60;4;7;58;26060.0;0.0;0.98;3.6;7.6;147;31.3;;;;;;;;
Nice;43.7032;7.2528;11/06/2026;13:00;21.8;64;14.6;24.3;9;0.0;0.0;0.0;0.0;0.0;2;P8;Éclaircies;1018.6;1015.2;73;4;8;71;22620.0;0.0;0.95;5.9;8.3;160;33.5;;;;;;;;
Nice;43.7032;7.2528;11/06/2026;14:00;22.3;65;15.3;24.9;10;0.0;0.0;0.0;0.0;0.0;3;P4;Nuageux;1018.8;1015.4;80;4;9;78;19180.0;0.0;0.95;7.3;8.6;164;34.7;;;;;;;;
Nice;43.7032;7.2528;11/06/2026;15:00;22.6;63;15.3;25.1;12;0.0;0.0;0.0;0.0;0.0;3;P4;Nuageux;1018.8;1015.4;80;4;9;78;22620.0;0.0;1.0;7.4;8.3;166;34.5;;;;;;;;
Nice;43.7032;7.2528;11/06/2026;16:00;22.8;60;14.7;24.8;13;0.0;0.0;0.0;0.0;0.0;2;P8;Éclaircies;1018.7;1015.3;74;3;9;72;26060.0;0.0;1.1;6.9;7.9;166;33.5;;;;;;;;
Nice;43.7032;7.2528;11/06/2026;17:00;23.0;57;14.0;24.2;15;0.0;0.0;0.0;0.0;0.0;2;P8;Éclaircies;1018.4;1015.0;66;3;8;63;29500.0;0.0;1.21;5.7;7.2;167;31.7;;;;;;;;
Nice;43.7032;7.2528;11/06/2026;18:00;23.1;53;13.1;23.4;17;0.0;0.0;0.0;0.0;0.0;2;P8;Éclaircies;1018.2;1014.8;55;2;7;52;32920.0;0.0;1.32;4.2;6.5;170;29.7;;;;;;;;
Nice;43.7032;7.2528;11/06/2026;19:00;23.0;51;12.3;23.3;18;0.0;0.0;0.0;0.0;0.0;1;P2;Éclaircies;1018.1;1014.7;46;1;6;42;36360.0;0.0;1.37;2.6;5.8;168;27.7;;;;;;;;
Nice;43.7032;7.2528;11/06/2026;20:00;22.8;50;11.9;23.2;18;0.0;0.0;0.0;0.0;0.0;1;P2;Éclaircies;1018.1;1014.7;38;1;5;34;39800.0;0.0;1.38;1.3;5.4;164;26.0;;;;;;;;
Nice;43.7032;7.2528;11/06/2026;21:00;22.3;52;11.9;22.9;16;0.0;0.0;0.0;0.0;0.0;1;P2;Éclaircies;1018.3;1014.9;31;1;5;27;38680.0;0.0;1.3;0.4;5.4;90;24.5;;;;;;;;
Nice;43.7032;7.2528;11/06/2026;22:00;21.6;55;12.2;22.0;14;0.0;0.0;0.0;0.0;0.0;1;P2;Éclaircies;1018.6;1015.2;23;0;5;19;37580.0;0.0;1.16;1.5;6.1;21;22.8;;;;;;;;
Nice;43.7032;7.2528;11/06/2026;23:00;20.7;60;12.6;21.1;11;0.0;0.0;0.0;0.0;0.0;0;P1;Ensoleillé;1019.0;1015.6;15;0;5;11;36480.0;0.0;0.99;3.2;6.8;16;21.1;;;;;;;;
Nice;43.7032;7.2528;12/06/2026;00:00;19.9;64;12.9;20.1;7;0.0;0.0;0.0;0.0;0.0;0;P1;Ensoleillé;1019.5;1016.1;9;0;4;5;35360.0;0.0;0.83;4.6;7.9;13;19.6;;;;;;;;
Nice;43.7032;7.2528;12/06/2026;01:00;19.2;68;13.2;19.3;4;0.0;0.0;0.0;0.0;0.0;0;P1;Ensoleillé;1019.8;1016.4;7;0;4;3;34260.0;0.0;0.71;5.9;9.4;14;18.5;;;;;;;;
Nice;43.7032;7.2528;12/06/2026;02:00;18.8;70;13.2;18.8;2;0.0;0.0;0.0;0.0;0.0;0;P1;Ensoleillé;1020.1;1016.6;9;0;4;5;33140.0;0.0;0.66;6.8;10.1;12;17.9;;;;;;;;
Nice;43.7032;7.2528;12/06/2026;03:00;18.8;68;12.8;18.6;1;0.0;0.0;0.0;0.0;0.0;0;P1;Ensoleillé;1020.2;1016.7;18;0;3;15;34260.0;0.0;0.69;7.5;10.4;10;17.8;;;;;;;;
Nice;43.7032;7.2528;12/06/2026;04:00;19.0;64;12.2;18.6;2;0.0;0.0;0.0;0.0;0.0;1;P2;Éclaircies;1020.3;1016.8;34;0;3;32;35360.0;0.0;0.78;7.8;10.4;7;18.2;;;;;;;;
Nice;43.7032;7.2528;12/06/2026;05:00;19.4;60;11.4;18.6;;0.0;0.0;0.0;0.0;0.0;2;P8;Éclaircies;1020.3;1016.9;54;0;2;52;36480.0;0.0;0.9;8.1;9.7;3;19.0;;;;;;;;
Nice;43.7032;7.2528;12/06/2026;06:00;19.9;55;10.6;18.9;;0.0;0.0;0.0;0.0;0.0;2;P8;Éclaircies;1020.3;1016.9;73;0;1;72;37580.0;0.0;1.04;8.1;7.9;360;20.0;;;;;;;;
Nice;43.7032;7.2528;12/06/2026;07:00;20.4;51;10.0;19.3;;0.0;0.0;0.0;0.0;0.0;3;P4;Nuageux;1020.3;1016.9;89;0;0;88;38700.0;0.0;1.16;7.7;5.8;359;21.4;;;;;;;;
Nice;43.7032;7.2528;12/06/2026;08:00;20.9;49;9.6;19.8;;0.0;0.0;0.0;0.0;0.0;3;P4;Nuageux;1020.3;1016.9;98;0;0;98;39800.0;0.0;1.27;6.8;4.0;360;23.0;;;;;;;;
Nice;43.7032;7.2528;12/06/2026;09:00;21.4;47;9.6;20.5;;0.0;0.0;0.0;0.0;0.0;3;P4;Nuageux;1020.4;1017.0;100;0;0;100;40640.0;0.0;1.36;5.2;3.6;6;25.1;;;;;;;;
Nice;43.7032;7.2528;12/06/2026;10:00;22.1;45;9.7;21.5;;0.0;0.0;0.0;0.0;0.0;3;P4;Nuageux;1020.4;1017.0;96;0;0;96;41480.0;0.0;1.45;3.3;3.6;29;27.8;;;;;;;;
Nice;43.7032;7.2528;12/06/2026;11:00;22.8;44;10.0;22.9;;0.0;0.0;0.0;0.0;0.0;3;P4;Nuageux;1020.5;1017.1;89;0;0;89;42320.0;0.0;1.55;2.7;4.3;82;30.9;;;;;;;;
Nice;43.7032;7.2528;12/06/2026;12:00;24.5;44;11.5;25.3;;0.0;0.0;0.0;0.0;0.0;3;P4;Nuageux;1020.3;1016.9;85;0;6;85;38390.0;0.0;1.72;6.0;5.8;131;33.8;;;;;;;;
Nice;43.7032;7.2528;12/06/2026;13:00;25.9;44;12.7;27.0;;0.0;0.0;0.0;0.0;0.0;2;P8;Éclaircies;1020.1;1016.7;86;0;6;86;34060.0;0.0;1.88;9.0;7.6;152;36.4;;;;;;;;
Nice;43.7032;7.2528;12/06/2026;14:00;26.8;44;13.7;28.1;;0.0;0.0;0.0;0.0;0.0;2;P8;Éclaircies;1019.6;1016.3;92;0;5;92;29310.0;0.0;1.97;10.8;9.0;167;38.1;;;;;;;;
Nice;43.7032;7.2528;12/06/2026;15:00;27.4;46;14.8;28.8;;0.0;0.0;0.0;0.0;0.0;3;P4;Nuageux;1019.0;1015.6;93;0;28;87;24140.0;0.0;1.97;11.2;9.7;176;;;;;;;;;
Nice;43.7032;7.2528;12/06/2026;16:00;26.9;47;14.6;28.2;;0.0;0.0;0.0;0.0;0.0;3;P4;Nuageux;1018.6;1015.2;85;0;60;69;24140.0;0.0;1.88;10.5;9.7;174;;;;;;;;;
Nice;43.7032;7.2528;12/06/2026;17:00;26.4;49;14.8;27.4;;0.0;0.0;0.0;0.0;0.0;3;P4;Nuageux;1018.2;1014.8;80;0;76;60;24140.0;0.0;1.75;9.1;9.4;171;;;;;;;;;
Nice;43.7032;7.2528;12/06/2026;18:00;25.6;52;15.0;26.2;;0.0;0.0;0.0;0.0;0.0;3;P4;Nuageux;1017.9;1014.5;85;0;60;70;24140.0;0.0;1.58;8.0;8.3;162;;;;;;;;;
Nice;43.7032;7.2528;12/06/2026;19:00;24.8;55;15.1;25.5;;0.0;0.0;0.0;0.0;0.0;3;P4;Nuageux;1017.7;1014.3;95;0;29;88;24140.0;0.0;1.4;6.5;6.8;146;;;;;;;;;
Nice;43.7032;7.2528;12/06/2026;20:00;24.0;58;15.2;24.9;;0.0;0.0;0.0;0.0;0.0;3;P4;Nuageux;1017.6;1014.2;99;0;5;99;24140.0;0.0;1.25;5.6;5.8;130;;;;;;;;;
Nice;43.7032;7.2528;12/06/2026;21:00;23.3;61;15.4;24.5;;0.0;0.0;0.0;0.0;0.0;3;P4;Nuageux;1017.7;1014.3;93;0;0;95;24140.0;0.0;1.12;4.2;5.0;110;;;;;;;;;
Nice;43.7032;7.2528;12/06/2026;22:00;22.8;64;15.6;24.1;;0.0;0.0;0.0;0.0;0.0;3;P4;Nuageux;1017.8;1014.4;82;0;0;83;24140.0;0.0;1.0;3.6;4.7;84;;;;;;;;;
Nice;43.7032;7.2528;12/06/2026;23:00;22.4;66;15.7;23.8;;0.0;0.0;0.0;0.0;0.0;2;P8;Éclaircies;1017.8;1014.4;67;0;0;67;24140.0;0.0;0.92;3.6;4.3;53;;;;;;;;;
Antibes;43.5823;7.1048;28/05/2026;00:00;22.4;82;19.2;23.3;0;0.0;0.0;0.0;0.0;0.0;3;P4;Nuageux;1016.6;1010.4;100;0;100;0;33640.0;0.02;0.49;11.1;14.4;29;21.4;24.4;25.4;20.7;0.14;0.184;0.226;0.29;0.354
Antibes;43.5823;7.1048;28/05/2026;01:00;22.0;87;19.7;23.0;0;0.0;0.0;0.0;0.0;0.0;0;P1;Ensoleillé;1016.8;1010.6;5;0;99;0;33640.0;0.02;0.34;13.1;21.6;32;20.6;23.8;25.1;20.7;0.141;0.185;0.226;0.29;0.354
Antibes;43.5823;7.1048;28/05/2026;02:00;21.7;89;19.8;23.9;0;0.0;0.0;0.0;0.0;0.0;3;P4;Nuageux;1016.5;1010.3;91;1;99;0;33640.0;0.02;0.28;10.6;18.7;24;19.7;23.3;24.9;20.7;0.143;0.184;0.226;0.315;0.373
Antibes;43.5823;7.1048;28/05/2026;03:00;21.6;89;19.7;23.3;0;0.0;0.0;0.0;0.0;0.0;0;P1;Ensoleillé;1016.5;1010.3;9;4;12;0;30740.0;0.01;0.28;11.9;22.7;61;19.0;22.9;24.6;20.8;0.145;0.185;0.227;0.315;0.373
Antibes;43.5823;7.1048;28/05/2026;04:00;21.3;91;19.7;22.9;0;0.0;0.0;0.0;0.0;0.0;0;P1;Ensoleillé;1016.7;1010.5;14;13;0;0;30740.0;0.01;0.23;12.6;22.3;53;18.5;22.5;24.3;20.8;0.147;0.185;0.227;0.315;0.373
Antibes;43.5823;7.1048;28/05/2026;05:00;21.2;90;19.5;23.0;0;0.0;0.0;0.0;0.0;0.0;0;P1;Ensoleillé;1016.9;1010.7;1;0;0;0;27400.0;0.01;0.25;14.0;26.6;55;17.9;22.2;24.1;20.8;0.149;0.185;0.227;0.315;0.373
Antibes;43.5823;7.1048;28/05/2026;06:00;20.9;93;19.7;22.8;0;0.0;0.0;0.0;0.0;0.0;0;P1;Ensoleillé;1016.9;1010.7;2;4;0;0;30740.0;0.01;0.17;12.6;24.5;37;17.9;22.0;23.8;20.8;0.151;0.186;0.228;0.315;0.372
Antibes;43.5823;7.1048;28/05/2026;07:00;21.4;89;19.5;23.0;0;0.0;0.0;0.0;0.0;0.0;0;P1;Ensoleillé;1017.6;1011.4;2;5;0;0;30740.0;0.01;0.28;13.0;22.3;48;20.9;21.9;23.6;20.8;0.153;0.186;0.228;0.314;0.372
Antibes;43.5823;7.1048;28/05/2026;08:00;22.5;84;19.6;23.9;0;0.0;0.0;0.0;0.0;0.0;1;P2;Éclaircies;1017.5;1011.3;30;7;0;0;33640.0;0.04;0.44;14.8;31.7;51;24.5;22.7;23.4;20.8;0.153;0.187;0.229;0.314;0.372
Antibes;43.5823;7.1048;28/05/2026;09:00;23.3;80;19.6;24.2;0;0.0;0.0;0.0;0.0;0.0;0;P1;Ensoleillé;1017.7;1011.5;18;1;0;0;33640.0;0.09;0.57;16.7;32.4;57;27.2;23.6;23.3;20.8;0.154;0.187;0.229;0.314;0.372
Antibes;43.5823;7.1048;28/05/2026;10:00;24.2;74;19.2;25.0;0;0.0;0.0;0.0;0.0;0.0;0;P1;Ensoleillé;1017.6;1011.4;0;1;0;0;33640.0;0.15;0.78;16.0;28.8;81;29.8;24.8;23.3;20.8;0.153;0.187;0.229;0.313;0.372
Antibes;43.5823;7.1048;28/05/2026;11:00;24.9;72;19.5;26.0;0;0.0;0.0;0.0;0.0;0.0;0;P1;Ensoleillé;1017.9;1011.7;1;1;0;0;33640.0;0.19;0.88;13.4;23.8;85;31.5;25.9;23.4;20.8;0.152;0.187;0.229;0.313;0.372
Antibes;43.5823;7.1048;28/05/2026;12:00;25.8;64;18.4;26.8;0;0.0;0.0;0.0;0.0;0.0;0;P1;Ensoleillé;1017.7;1011.6;0;0;0;0;36300.0;0.22;1.19;13.8;24.8;83;33.2;27.0;23.6;20.9;0.151;0.187;0.229;0.312;0.371
Antibes;43.5823;7.1048;28/05/2026;13:00;26.7;57;17.4;27.2;0;0.0;0.0;0.0;0.0;0.0;0;P1;Ensoleillé;1017.7;1011.6;0;0;0;0;36300.0;0.25;1.5;14.2;27.0;81;33.0;28.1;23.8;20.9;0.148;0.186;0.228;0.311;0.371
Antibes;43.5823;7.1048;28/05/2026;14:00;27.2;50;15.9;27.4;0;0.0;0.0;0.0;0.0;0.0;0;P1;Ensoleillé;1018.1;1012.0;0;0;0;0;36300.0;0.25;1.8;13.7;28.8;76;33.9;28.9;24.1;20.9;0.147;0.186;0.228;0.311;0.371
Antibes;43.5823;7.1048;28/05/2026;15:00;27.3;54;17.1;27.6;0;0.0;0.0;0.0;0.0;0.0;3;P4;Nuageux;1017.6;1011.5;100;0;100;0;36300.0;0.26;1.67;10.6;25.9;100;33.5;29.6;24.4;20.9;0.144;0.186;0.228;0.31;0.37
Antibes;43.5823;7.1048;28/05/2026;16:00;26.6;56;17.1;26.9;0;0.0;0.0;0.0;0.0;0.0;3;P4;Nuageux;1016.8;1010.7;100;0;100;0;10740.0;0.23;1.53;12.9;27.4;72;32.5;29.7;24.7;20.9;0.143;0.185;0.228;0.31;0.37
Antibes;43.5823;7.1048;28/05/2026;17:00;24.8;64;17.5;25.5;3;0.0;0.0;0.0;0.0;0.0;3;P4;Nuageux;1017.7;1011.6;100;0;100;0;4280.0;0.2;1.13;11.6;22.0;68;30.6;29.5;24.9;20.9;0.142;0.185;0.227;0.309;0.37
Antibes;43.5823;7.1048;28/05/2026;18:00;24.2;68;17.9;26.1;0;0.0;0.0;0.0;0.0;0.0;3;P4;Nuageux;1017.5;1011.4;100;0;100;0;33640.0;0.14;0.97;5.6;16.9;45;28.3;28.9;25.1;21.0;0.142;0.185;0.227;0.309;0.37
Antibes;43.5823;7.1048;28/05/2026;19:00;23.1;76;18.7;26.0;0;0.0;0.0;0.0;0.0;0.0;3;P4;Nuageux;1016.8;1010.6;100;0;100;0;36300.0;0.09;0.68;8.2;13.0;75;25.9;28.0;25.3;21.0;0.143;0.185;0.227;0.308;0.37
Antibes;43.5823;7.1048;28/05/2026;20:00;22.9;73;17.8;24.6;0;0.0;0.0;0.0;0.0;0.0;3;P4;Nuageux;1017.5;1011.3;100;0;100;100;40100.0;0.05;0.75;7.9;3.2;30;25.1;27.1;25.3;21.0;0.144;0.185;0.228;0.308;0.369
Antibes;43.5823;7.1048;28/05/2026;21:00;22.2;84;19.3;24.7;0;0.0;0.0;0.0;0.0;0.0;3;P4;Nuageux;1017.5;1011.3;100;1;100;100;36300.0;0.02;0.43;6.9;19.1;81;22.4;25.9;25.3;21.0;0.145;0.185;0.228;0.308;0.369
Antibes;43.5823;7.1048;28/05/2026;22:00;21.8;86;19.3;23.7;0;0.0;0.0;0.0;0.0;0.0;3;P4;Nuageux;1017.7;1011.5;100;6;100;0;33620.0;0.01;0.36;9.3;23.8;54;20.1;24.8;25.2;21.0;0.148;0.185;0.228;0.308;0.369
Antibes;43.5823;7.1048;28/05/2026;23:00;21.6;85;19.0;24.0;3;0.0;0.0;0.0;0.0;0.0;3;P4;Nuageux;1018.8;1012.6;100;0;100;0;33620.0;0.01;0.39;0.7;5.0;360;19.2;24.0;25.0;21.1;0.149;0.186;0.228;0.308;0.369
Antibes;43.5823;7.1048;29/05/2026;00:00;21.5;85;18.8;23.2;0;0.0;0.0;0.0;0.0;0.0;0;P1;Ensoleillé;1019.1;1012.9;4;0;100;3;30740.0;0.01;0.38;8.8;16.9;19;19.0;23.4;24.8;21.1;0.151;0.186;0.228;0.308;0.369
Antibes;43.5823;7.1048;29/05/2026;01:00;21.3;85;18.6;22.7;5;0.0;0.0;0.0;0.0;0.0;0;P1;Ensoleillé;1018.8;1012.5;1;0;0;95;30740.0;0.01;0.38;7.6;13.0;25;18.1;22.9;24.5;21.1;0.153;0.186;0.229;0.308;0.369
Antibes;43.5823;7.1048;29/05/2026;02:00;20.7;88;18.7;22.8;3;0.0;0.0;0.0;0.0;0.0;0;P1;Ensoleillé;1018.4;1012.1;0;0;0;0;30740.0;0.01;0.28;4.5;8.4;98;17.5;22.5;24.3;21.1;0.155;0.187;0.229;0.308;0.369
Antibes;43.5823;7.1048;29/05/2026;03:00;20.3;88;18.1;22.2;0;0.0;0.0;0.0;0.0;0.0;0;P1;Ensoleillé;1018.4;1012.1;0;0;0;2;33620.0;0.01;0.3;6.2;8.5;179;17.0;22.2;24.1;21.1;0.157;0.187;0.229;0.308;0.369
Antibes;43.5823;7.1048;29/05/2026;04:00;20.0;86;17.6;21.6;0;0.0;0.0;0.0;0.0;0.0;0;P1;Ensoleillé;1018.6;1012.3;0;0;0;25;33620.0;0.01;0.33;6.5;8.6;266;16.6;22.0;23.8;21.1;0.158;0.188;0.229;0.307;0.369
Antibes;43.5823;7.1048;29/05/2026;05:00;19.9;85;17.3;21.6;0;0.0;0.0;0.0;0.0;0.0;0;P1;Ensoleillé;1019.2;1012.9;0;0;0;0;36300.0;0.01;0.35;5.6;8.6;45;16.4;21.7;23.6;21.1;0.16;0.188;0.23;0.307;0.369
Antibes;43.5823;7.1048;29/05/2026;06:00;20.2;93;19.0;22.2;3;0.0;0.0;0.0;0.0;0.0;0;P1;Ensoleillé;1020.1;1013.8;2;4;0;0;33620.0;0.01;0.17;9.4;17.3;40;16.0;21.5;23.4;21.2;0.162;0.188;0.23;0.307;0.368
Antibes;43.5823;7.1048;29/05/2026;07:00;21.2;87;19.0;22.6;5;0.0;0.0;0.0;0.0;0.0;0;P1;Ensoleillé;1020.6;1014.3;2;3;0;0;33620.0;0.01;0.33;13.6;25.2;32;19.7;21.5;23.2;21.2;0.163;0.189;0.23;0.307;0.368
Antibes;43.5823;7.1048;29/05/2026;08:00;22.6;79;18.7;23.4;3;0.0;0.0;0.0;0.0;0.0;1;P2;Éclaircies;1020.7;1014.5;24;19;0;0;36300.0;0.04;0.57;16.8;31.0;59;24.5;21.9;23.0;21.2;0.164;0.189;0.23;0.307;0.368
Antibes;43.5823;7.1048;29/05/2026;09:00;23.4;71;17.9;24.3;0;0.0;0.0;0.0;0.0;0.0;0;P1;Ensoleillé;1020.8;1014.6;0;0;0;0;36300.0;0.09;0.84;13.5;31.0;56;28.3;23.0;22.9;21.2;0.164;0.189;0.231;0.307;0.368
Antibes;43.5823;7.1048;29/05/2026;10:00;24.4;65;17.4;25.4;3;0.0;0.0;0.0;0.0;0.0;0;P1;Ensoleillé;1020.9;1014.7;0;0;0;0;36300.0;0.17;1.07;11.6;25.6;68;30.7;24.6;22.9;21.2;0.162;0.189;0.23;0.306;0.368
Antibes;43.5823;7.1048;29/05/2026;11:00;25.1;63;17.6;26.3;0;0.0;0.0;0.0;0.0;0.0;0;P1;Ensoleillé;1021.3;1015.1;0;0;0;0;36300.0;0.22;1.18;10.9;24.1;84;32.2;26.0;23.1;21.2;0.16;0.189;0.23;0.306;0.368
Antibes;43.5823;7.1048;29/05/2026;12:00;26.1;53;15.7;26.0;0;0.0;0.0;0.0;0.0;0.0;0;P1;Ensoleillé;1021.7;1015.5;0;0;0;0;36280.0;0.24;1.59;13.7;29.5;95;32.5;27.1;23.3;21.2;0.158;0.189;0.23;0.305;0.367
Antibes;43.5823;7.1048;29/05/2026;13:00;26.2;55;16.4;26.5;0;0.0;0.0;0.0;0.0;0.0;0;P1;Ensoleillé;1021.8;1015.6;0;0;0;0;9860.0;0.25;1.53;12.7;28.8;98;32.8;28.0;23.5;21.2;0.155;0.188;0.23;0.305;0.367
Antibes;43.5823;7.1048;29/05/2026;14:00;26.7;51;15.7;27.2;0;0.0;0.0;0.0;0.0;0.0;0;P1;Ensoleillé;1021.8;1015.7;0;0;0;0;3140.0;0.23;1.71;9.4;27.7;72;35.3;28.4;23.8;21.2;0.153;0.188;0.229;0.304;0.367
Antibes;43.5823;7.1048;29/05/2026;15:00;27.1;47;14.8;27.5;0;0.0;0.0;0.0;0.0;0.0;0;P1;Ensoleillé;1021.7;1015.6;0;0;0;0;1560.0;0.22;1.9;8.2;24.5;128;33.8;28.5;24.1;21.2;0.151;0.188;0.229;0.304;0.366
Antibes;43.5823;7.1048;29/05/2026;16:00;27.2;46;14.5;27.7;3;0.0;0.0;0.0;0.0;0.0;3;P4;Nuageux;1021.7;1015.6;100;0;0;100;1100.0;0.2;1.94;6.9;21.2;186;33.2;28.6;24.3;21.2;0.15;0.187;0.229;0.303;0.366
Antibes;43.5823;7.1048;29/05/2026;17:00;27.3;41;12.9;27.6;0;0.0;0.0;0.0;0.0;0.0;3;P4;Nuageux;1021.2;1015.1;100;0;0;100;1580.0;0.17;2.14;4.1;17.3;135;31.2;28.6;24.6;21.2;0.148;0.187;0.229;0.303;0.366
Antibes;43.5823;7.1048;29/05/2026;18:00;26.8;40;12.1;26.3;0;0.0;0.0;0.0;0.0;0.0;3;P4;Nuageux;1020.7;1014.6;100;0;0;100;2160.0;0.15;2.12;7.7;19.8;101;30.9;28.4;24.8;21.2;0.148;0.187;0.228;0.303;0.366
Antibes;43.5823;7.1048;29/05/2026;19:00;27.1;39;12.0;27.1;0;0.0;0.0;0.0;0.0;0.0;3;P4;Nuageux;1020.8;1014.7;100;0;0;100;1300.0;0.11;2.19;4.1;16.9;75;28.9;28.0;24.9;21.2;0.147;0.186;0.228;0.302;0.366
Antibes;43.5823;7.1048;29/05/2026;20:00;26.2;43;12.7;26.7;0;0.0;0.0;0.0;0.0;0.0;3;P4;Nuageux;1020.9;1014.7;100;0;0;99;1060.0;0.07;1.94;2.6;12.2;106;26.5;27.3;25.0;21.3;0.148;0.186;0.228;0.302;0.366
Antibes;43.5823;7.1048;29/05/2026;21:00;25.5;43;12.0;25.2;0;0.0;0.0;0.0;0.0;0.0;0;P1;Ensoleillé;1020.9;1014.7;0;0;0;0;820.0;0.03;1.86;6.6;11.2;9;22.8;26.2;25.1;21.3;0.149;0.186;0.228;0.302;0.365
Antibes;43.5823;7.1048;29/05/2026;22:00;24.6;47;12.5;24.9;0;0.0;0.0;0.0;0.0;0.0;0;P1;Ensoleillé;1021.0;1014.8;0;0;0;0;1020.0;0.02;1.64;3.3;10.8;6;21.2;25.0;25.0;21.3;0.151;0.187;0.229;0.302;0.365
Antibes;43.5823;7.1048;29/05/2026;23:00;23.7;50;12.6;23.1;0;0.0;0.0;0.0;0.0;0.0;0;P1;Ensoleillé;1020.8;1014.6;3;0;0;3;2960.0;0.02;1.46;9.3;13.3;332;20.4;24.1;24.8;21.3;0.152;0.187;0.229;0.302;0.365
Antibes;43.5823;7.1048;30/05/2026;00:00;23.1;52;12.7;22.7;0;0.0;0.0;0.0;0.0;0.0;0;P1;Ensoleillé;1020.8;1014.6;0;0;0;0;7080.0;0.02;1.36;8.7;13.3;343;19.5;23.5;24.7;21.3;0.154;0.187;0.229;0.302;0.365
Antibes;43.5823;7.1048;30/05/2026;01:00;22.8;53;12.7;22.3;0;0.0;0.0;0.0;0.0;0.0;0;P1;Ensoleillé;1020.7;1014.5;0;0;0;0;15680.0;0.02;1.31;9.4;13.3;337;18.7;23.0;24.5;21.3;0.155;0.187;0.229;0.302;0.365
Antibes;43.5823;7.1048;30/05/2026;02:00;22.6;54;12.8;22.2;0;0.0;0.0;0.0;0.0;0.0;0;P1;Ensoleillé;1020.4;1014.2;0;0;0;0;36280.0;0.03;1.26;8.7;13.3;336;18.1;22.7;24.2;21.4;0.156;0.188;0.229;0.302;0.365
Antibes;43.5823;7.1048;30/05/2026;03:00;22.2;55;12.7;21.8;0;0.0;0.0;0.0;0.0;0.0;0;P1;Ensoleillé;1020.3;1014.1;0;0;0;0;36280.0;0.03;1.2;8.4;12.6;340;17.5;22.4;24.0;21.4;0.157;0.188;0.229;0.302;0.365
Antibes;43.5823;7.1048;30/05/2026;04:00;22.0;54;12.3;21.4;0;0.0;0.0;0.0;0.0;0.0;0;P1;Ensoleillé;1020.0;1013.8;0;0;0;0;36280.0;0.03;1.22;8.9;12.6;339;17.0;22.2;23.8;21.4;0.159;0.188;0.23;0.302;0.365
Antibes;43.5823;7.1048;30/05/2026;05:00;21.8;53;11.8;21.1;0;0.0;0.0;0.0;0.0;0.0;0;P1;Ensoleillé;1020.0;1013.8;0;0;0;0;36280.0;0.03;1.23;8.6;12.2;338;16.6;21.9;23.6;21.4;0.16;0.188;0.23;0.302;0.365
Antibes;43.5823;7.1048;30/05/2026;06:00;21.4;53;11.4;20.7;0;0.0;0.0;0.0;0.0;0.0;0;P1;Ensoleillé;1020.0;1013.8;0;0;0;0;36280.0;0.03;1.2;7.2;10.8;342;16.2;21.6;23.4;21.4;0.161;0.189;0.23;0.302;0.365
Antibes;43.5823;7.1048;30/05/2026;07:00;22.0;53;12.0;21.7;0;0.0;0.0;0.0;0.0;0.0;0;P1;Ensoleillé;1020.1;1013.9;0;0;0;0;36280.0;0.04;1.24;6.6;9.4;351;20.0;21.4;23.2;21.4;0.162;0.189;0.23;0.302;0.365
Antibes;43.5823;7.1048;30/05/2026;08:00;24.6;47;12.5;24.5;0;0.0;0.0;0.0;0.0;0.0;0;P1;Ensoleillé;1020.1;1013.9;0;0;0;0;36280.0;0.06;1.64;5.8;10.4;360;25.4;22.0;23.0;21.4;0.162;0.189;0.23;0.301;0.364
Antibes;43.5823;7.1048;30/05/2026;09:00;26.8;40;12.1;27.1;0;0.0;0.0;0.0;0.0;0.0;0;P1;Ensoleillé;1020.0;1013.9;0;0;0;0;36280.0;0.1;2.12;2.6;10.1;16;29.3;23.5;23.0;21.4;0.161;0.189;0.23;0.301;0.364
Antibes;43.5823;7.1048;30/05/2026;10:00;27.6;43;13.9;27.7;0;0.0;0.0;0.0;0.0;0.0;0;P1;Ensoleillé;1020.0;1013.9;0;0;0;0;40100.0;0.19;2.1;7.3;16.6;70;32.5;25.1;23.0;21.4;0.159;0.189;0.23;0.301;0.364
Antibes;43.5823;7.1048;30/05/2026;11:00;28.4;41;13.9;28.6;0;0.0;0.0;0.0;0.0;0.0;0;P1;Ensoleillé;1019.8;1013.7;3;0;0;3;40100.0;0.24;2.28;7.6;14.0;155;34.6;26.5;23.2;21.4;0.157;0.189;0.23;0.3;0.364
Antibes;43.5823;7.1048;30/05/2026;12:00;28.3;42;14.1;28.0;0;0.0;0.0;0.0;0.0;0.0;3;P4;Nuageux;1019.7;1013.6;81;0;0;77;40100.0;0.29;2.23;11.2;20.9;182;36.0;28.1;23.5;21.4;0.153;0.188;0.229;0.3;0.363
Antibes;43.5823;7.1048;30/05/2026;13:00;27.9;45;14.9;27.7;0;0.0;0.0;0.0;0.0;0.0;3;P4;Nuageux;1019.3;1013.2;99;0;0;99;40100.0;0.32;2.07;12.3;22.7;185;36.4;29.4;23.8;21.4;0.149;0.187;0.229;0.299;0.363
Antibes;43.5823;7.1048;30/05/2026;14:00;27.8;45;14.8;27.3;0;0.0;0.0;0.0;0.0;0.0;3;P4;Nuageux;1018.7;1012.6;99;0;0;99;40100.0;0.32;2.05;13.8;25.2;186;36.5;30.3;24.2;21.4;0.146;0.187;0.228;0.298;0.363
Antibes;43.5823;7.1048;30/05/2026;15:00;27.9;45;14.9;27.8;0;0.0;0.0;0.0;0.0;0.0;3;P4;Nuageux;1018.3;1012.2;100;0;0;100;40100.0;0.3;2.07;11.7;25.2;189;35.5;30.7;24.6;21.4;0.143;0.186;0.227;0.298;0.362
Antibes;43.5823;7.1048;30/05/2026;16:00;27.4;46;14.7;27.3;0;0.0;0.0;0.0;0.0;0.0;3;P4;Nuageux;1018.3;1012.2;100;0;0;100;40100.0;0.26;1.97;10.8;23.0;195;33.5;30.7;25.0;21.4;0.141;0.185;0.227;0.297;0.362
Antibes;43.5823;7.1048;30/05/2026;17:00;27.6;43;13.9;27.2;0;0.0;0.0;0.0;0.0;0.0;3;P4;Nuageux;1018.1;1012.0;100;0;0;100;40100.0;0.19;2.11;11.8;23.0;200;31.6;30.0;25.3;21.4;0.14;0.185;0.227;0.297;0.362
Antibes;43.5823;7.1048;30/05/2026;18:00;26.7;50;15.2;26.8;0;0.0;0.0;0.0;0.0;0.0;3;P4;Nuageux;1017.5;1011.4;100;0;0;100;40100.0;0.14;1.76;11.3;23.8;195;29.8;29.3;25.5;21.5;0.14;0.184;0.226;0.297;0.362
Antibes;43.5823;7.1048;30/05/2026;19:00;26.5;50;15.4;27.1;0;0.0;0.0;0.0;0.0;0.0;3;P4;Nuageux;1017.0;1010.9;100;0;0;100;40100.0;0.09;1.72;8.3;20.9;191;28.4;28.3;25.6;21.5;0.14;0.184;0.226;0.297;0.362
Antibes;43.5823;7.1048;30/05/2026;20:00;26.3;53;15.9;27.3;0;0.0;0.0;0.0;0.0;0.0;3;P4;Nuageux;1016.7;1010.6;100;0;0;100;36280.0;0.06;1.63;7.4;15.6;197;26.3;27.4;25.7;21.5;0.141;0.184;0.226;0.296;0.362
Antibes;43.5823;7.1048;30/05/2026;21:00;25.7;59;17.1;27.5;0;0.0;0.0;0.0;0.0;0.0;3;P4;Nuageux;1016.4;1010.3;95;0;0;95;36280.0;0.03;1.35;5.2;13.3;196;23.9;26.4;25.7;21.5;0.143;0.184;0.226;0.296;0.361
Antibes;43.5823;7.1048;30/05/2026;22:00;24.7;65;17.7;27.1;0;0.0;0.0;0.0;0.0;0.0;2;P8;Éclaircies;1016.6;1010.4;68;0;4;67;33600.0;0.01;1.09;2.5;9.0;188;21.2;25.3;25.5;21.5;0.144;0.184;0.226;0.296;0.361
Antibes;43.5823;7.1048;30/05/2026;23:00;24.0;71;18.4;26.8;0;0.0;0.0;0.0;0.0;0.0;2;P8;Éclaircies;1016.3;1010.1;64;0;15;58;33600.0;0.02;0.86;1.6;2.9;63;20.2;24.4;25.4;21.6;0.146;0.185;0.226;0.296;0.361
Antibes;43.5823;7.1048;31/05/2026;00:00;23.4;76;18.9;26.4;0;0.0;0.0;0.0;0.0;0.0;2;P8;Éclaircies;1016.1;1009.9;57;0;18;48;33600.0;0.02;0.69;1.6;2.5;63;19.6;23.7;25.2;21.6;0.148;0.185;0.227;0.296;0.361
Antibes;43.5823;7.1048;31/05/2026;01:00;23.2;75;18.5;25.9;0;0.0;0.0;0.0;0.0;0.0;3;P4;Nuageux;1015.7;1009.5;90;0;21;87;33600.0;0.02;0.71;2.5;2.5;8;19.1;23.2;24.9;21.6;0.149;0.185;0.227;0.296;0.361
Antibes;43.5823;7.1048;31/05/2026;02:00;23.2;71;17.7;25.4;0;0.0;0.0;0.0;0.0;0.0;3;P4;Nuageux;1015.3;1009.1;83;0;31;75;33600.0;0.02;0.82;3.6;4.0;354;18.5;22.8;24.7;21.6;0.151;0.185;0.227;0.296;0.361
Antibes;43.5823;7.1048;31/05/2026;03:00;22.8;76;18.4;24.9;0;0.0;0.0;0.0;0.0;0.0;2;P8;Éclaircies;1015.1;1008.9;76;0;16;71;33600.0;0.02;0.67;6.4;10.8;38;17.8;22.4;24.4;21.6;0.152;0.186;0.227;0.296;0.361
Antibes;43.5823;7.1048;31/05/2026;04:00;22.2;84;19.4;24.9;0;0.0;0.0;0.0;0.0;0.0;3;P4;Nuageux;1014.9;1008.7;90;0;3;90;33600.0;0.02;0.43;6.2;10.8;36;17.2;22.1;24.2;21.6;0.153;0.186;0.227;0.296;0.361
Antibes;43.5823;7.1048;31/05/2026;05:00;22.0;84;19.2;24.6;0;0.0;0.0;0.0;0.0;0.0;3;P4;Nuageux;1014.8;1008.6;89;0;0;89;33600.0;0.02;0.42;6.0;10.4;33;16.6;21.8;23.9;21.6;0.154;0.186;0.227;0.296;0.361
Antibes;43.5823;7.1048;31/05/2026;06:00;21.7;86;19.2;24.2;0;0.0;0.0;0.0;0.0;0.0;2;P8;Éclaircies;1014.7;1008.5;75;0;0;75;33600.0;0.02;0.36;6.2;11.2;21;16.0;21.5;23.7;21.6;0.156;0.186;0.227;0.296;0.361
Antibes;43.5823;7.1048;31/05/2026;07:00;21.9;84;19.0;24.5;0;0.0;0.0;0.0;0.0;0.0;2;P8;Éclaircies;1015.0;1008.8;59;0;1;59;33600.0;0.03;0.42;5.2;11.2;25;19.9;21.3;23.5;21.6;0.157;0.187;0.227;0.296;0.361
Antibes;43.5823;7.1048;31/05/2026;08:00;22.8;78;18.7;25.1;0;0.0;0.0;0.0;0.0;0.0;2;P8;Éclaircies;1015.3;1009.1;68;0;4;68;33600.0;0.04;0.61;6.4;12.6;52;24.2;21.9;23.3;21.6;0.157;0.187;0.228;0.296;0.361
Antibes;43.5823;7.1048;31/05/2026;09:00;23.7;72;18.4;25.3;0;0.0;0.0;0.0;0.0;0.0;2;P8;Éclaircies;1015.5;1009.3;58;0;5;57;33600.0;0.09;0.82;10.5;19.1;63;27.4;23.3;23.2;21.6;0.157;0.187;0.228;0.296;0.36
Antibes;43.5823;7.1048;31/05/2026;10:00;24.5;70;18.7;25.9;0;0.0;0.0;0.0;0.0;0.0;1;P2;Éclaircies;1015.7;1009.5;31;0;1;31;33600.0;0.16;0.92;12.5;23.4;72;30.1;24.7;23.2;21.6;0.156;0.187;0.227;0.295;0.36
Antibes;43.5823;7.1048;31/05/2026;11:00;25.2;67;18.6;27.1;0;0.0;0.0;0.0;0.0;0.0;1;P2;Éclaircies;1015.8;1009.7;25;0;1;25;33600.0;0.21;1.06;13.5;25.2;81;32.5;26.1;23.3;21.6;0.154;0.186;0.227;0.295;0.36
Antibes;43.5823;7.1048;31/05/2026;12:00;25.7;65;18.6;28.3;0;0.0;0.0;0.0;0.0;0.0;2;P8;Éclaircies;1016.0;1009.9;62;0;0;62;13800.0;0.24;1.16;13.7;26.3;87;34.0;27.4;23.5;21.6;0.152;0.186;0.227;0.294;0.36
Antibes;43.5823;7.1048;31/05/2026;13:00;26.0;66;19.1;29.2;0;0.0;0.0;0.0;0.0;0.0;3;P4;Nuageux;1015.9;1009.8;100;0;0;100;36280.0;0.27;1.14;13.3;27.0;92;34.7;28.7;23.8;21.6;0.149;0.185;0.226;0.294;0.359
Antibes;43.5823;7.1048;31/05/2026;14:00;26.0;66;19.2;29.6;0;0.0;0.0;0.0;0.0;0.0;3;P4;Nuageux;1015.7;1009.6;100;0;0;100;1040.0;0.26;1.14;11.8;26.3;110;34.5;29.6;24.2;21.6;0.146;0.185;0.226;0.293;0.359
Antibes;43.5823;7.1048;31/05/2026;15:00;26.2;66;19.3;29.7;0;0.0;0.0;0.0;0.0;0.0;3;P4;Nuageux;1015.3;1009.2;100;0;0;100;920.0;0.22;1.15;10.4;24.5;104;34.3;29.8;24.5;21.6;0.144;0.184;0.225;0.293;0.359
Antibes;43.5823;7.1048;31/05/2026;16:00;26.5;64;19.1;29.5;0;0.0;0.0;0.0;0.0;0.0;3;P4;Nuageux;1014.8;1008.7;100;0;0;100;900.0;0.21;1.24;9.4;22.7;108;30.6;30.0;24.8;21.7;0.143;0.184;0.225;0.293;0.359
Antibes;43.5823;7.1048;31/05/2026;17:00;26.4;64;19.0;28.5;0;0.0;0.0;0.0;0.0;0.0;3;P4;Nuageux;1014.4;1008.3;100;0;2;100;980.0;0.15;1.24;9.2;20.9;116;32.8;29.3;25.1;21.7;0.143;0.183;0.225;0.292;0.358
Antibes;43.5823;7.1048;31/05/2026;18:00;25.1;71;19.4;27.5;0;0.0;0.0;0.0;0.0;0.0;3;P4;Nuageux;1014.3;1008.2;100;0;8;100;1160.0;0.11;0.92;7.9;19.4;133;31.1;28.6;25.3;21.7;0.143;0.183;0.224;0.292;0.358
Antibes;43.5823;7.1048;31/05/2026;19:00;24.3;75;19.6;27.0;0;0.0;0.0;0.0;0.0;0.0;3;P4;Nuageux;1014.1;1007.9;91;0;13;89;840.0;0.08;0.76;6.6;14.4;167;28.2;28.1;25.4;21.7;0.143;0.183;0.224;0.292;0.358
Antibes;43.5823;7.1048;31/05/2026;20:00;23.6;80;19.9;26.2;0;0.0;0.0;0.0;0.0;0.0;3;P4;Nuageux;1014.2;1008.0;87;0;7;86;500.0;0.05;0.58;7.9;13.7;141;24.9;27.2;25.5;21.7;0.144;0.183;0.224;0.292;0.358
Antibes;43.5823;7.1048;31/05/2026;21:00;22.4;86;19.9;25.3;0;0.0;0.0;0.0;0.0;0.0;3;P4;Nuageux;1014.1;1007.9;82;0;0;82;380.0;0.03;0.38;6.2;14.0;97;22.4;26.1;25.4;21.7;0.145;0.183;0.224;0.292;0.358
Antibes;43.5823;7.1048;31/05/2026;22:00;21.8;90;20.0;25.1;0;0.0;0.0;0.0;0.0;0.0;1;P2;Éclaircies;1014.5;1008.3;33;5;0;29;340.0;0.02;0.26;3.4;11.2;122;21.1;25.0;25.3;21.8;0.147;0.183;0.224;0.292;0.358
Antibes;43.5823;7.1048;31/05/2026;23:00;21.5;91;20.0;25.0;0;0.0;0.0;0.0;0.0;0.0;1;P2;Éclaircies;1014.4;1008.2;42;4;0;39;660.0;0.01;0.23;2.2;6.8;81;20.7;24.0;25.2;21.8;0.149;0.183;0.224;0.292;0.358
Antibes;43.5823;7.1048;01/06/2026;00:00;21.2;94;20.2;24.3;0;0.0;0.0;0.0;0.0;0.0;3;P4;Nuageux;1014.3;1008.1;90;17;0;88;1340.0;0.01;0.15;6.2;9.7;54;20.4;23.4;25.0;21.8;0.151;0.183;0.224;0.292;0.358
Antibes;43.5823;7.1048;01/06/2026;01:00;20.8;97;20.3;23.8;0;0.0;0.0;0.0;0.0;0.0;3;P4;Nuageux;1014.1;1007.9;100;81;0;100;2160.0;0.01;0.07;7.0;11.5;55;19.0;23.1;24.8;21.8;0.152;0.184;0.225;0.292;0.358
Antibes;43.5823;7.1048;01/06/2026;02:00;20.6;98;20.2;23.4;0;0.0;0.0;0.0;0.0;0.0;3;P4;Nuageux;1013.8;1007.6;100;100;0;100;3200.0;0.01;0.05;7.8;13.3;56;18.1;22.8;24.5;21.8;0.154;0.184;0.225;0.292;0.358
Antibes;43.5823;7.1048;01/06/2026;03:00;20.5;96;19.8;23.1;1;0.0;0.0;0.0;0.0;0.0;3;P4;Nuageux;1013.5;1007.3;100;98;0;100;6440.0;0.01;0.1;8.4;15.1;59;17.6;22.5;24.3;21.8;0.156;0.184;0.225;0.292;0.358
Antibes;43.5823;7.1048;01/06/2026;04:00;20.5;96;19.8;22.8;1;0.0;0.0;0.0;0.0;0.0;3;P4;Nuageux;1013.1;1006.9;100;100;1;95;20120.0;0.01;0.1;10.0;17.3;64;16.8;22.2;24.1;21.8;0.157;0.185;0.225;0.292;0.357
Antibes;43.5823;7.1048;01/06/2026;05:00;20.4;97;19.9;22.7;2;0.0;0.0;0.0;0.0;0.0;3;P4;Nuageux;1013.0;1006.8;100;100;0;25;14000.0;0.01;0.07;10.6;18.7;66;17.0;22.1;23.9;21.8;0.159;0.185;0.225;0.292;0.357
Antibes;43.5823;7.1048;01/06/2026;06:00;20.5;95;19.7;22.8;3;0.0;0.0;0.0;0.0;0.0;3;P4;Nuageux;1012.9;1006.7;100;100;0;17;14020.0;0.01;0.12;9.8;18.4;73;16.5;22.0;23.7;21.8;0.16;0.185;0.225;0.292;0.357
Antibes;43.5823;7.1048;01/06/2026;07:00;20.7;93;19.5;22.9;4;0.0;0.0;0.0;0.0;0.0;3;P4;Nuageux;1012.9;1006.7;100;98;1;84;1860.0;-0.0;0.17;9.7;17.3;75;19.8;22.1;23.5;21.8;0.162;0.186;0.226;0.292;0.357
Antibes;43.5823;7.1048;01/06/2026;08:00;21.1;89;19.2;23.2;5;0.0;0.0;0.0;0.0;0.0;3;P4;Nuageux;1013.1;1006.9;100;100;0;84;2480.0;0.01;0.28;9.3;17.3;62;22.7;22.4;23.3;21.8;0.162;0.186;0.226;0.292;0.357
Antibes;43.5823;7.1048;01/06/2026;09:00;21.7;85;19.0;23.4;6;0.0;0.0;0.0;0.0;0.0;3;P4;Nuageux;1013.4;1007.2;99;98;0;72;12860.0;0.04;0.39;11.5;20.9;58;25.9;23.3;23.3;21.8;0.162;0.186;0.226;0.292;0.357
Antibes;43.5823;7.1048;01/06/2026;10:00;22.3;81;18.8;23.7;7;0.0;0.0;0.0;0.0;0.0;3;P4;Nuageux;1013.6;1007.4;97;91;0;60;23220.0;0.09;0.51;13.0;23.4;56;29.5;24.6;23.3;21.8;0.161;0.186;0.225;0.291;0.357
Antibes;43.5823;7.1048;01/06/2026;11:00;23.1;76;18.6;24.1;7;0.0;0.0;0.0;0.0;0.0;3;P4;Nuageux;1013.5;1007.3;88;77;0;49;33600.0;0.13;0.68;15.0;27.0;63;32.1;25.9;23.4;21.8;0.159;0.186;0.225;0.291;0.357
Antibes;43.5823;7.1048;01/06/2026;12:00;23.7;76;19.2;24.8;8;0.0;0.0;0.0;0.0;0.0;2;P8;Éclaircies;1013.6;1007.4;79;60;0;48;29380.0;0.18;0.7;16.6;29.9;72;33.1;27.1;23.6;21.8;0.156;0.185;0.225;0.29;0.357
Antibes;43.5823;7.1048;01/06/2026;13:00;24.1;74;19.2;26.4;8;0.0;0.0;0.0;0.0;0.0;2;P8;Éclaircies;1013.6;1007.4;67;34;0;50;25140.0;0.22;0.78;14.4;29.5;77;33.2;28.4;23.9;21.8;0.153;0.185;0.224;0.29;0.356
Antibes;43.5823;7.1048;01/06/2026;14:00;24.7;70;18.9;27.5;8;0.0;0.0;0.0;0.0;0.0;3;P4;Nuageux;1013.1;1007.0;80;23;0;74;20920.0;0.25;0.93;13.8;27.7;75;32.8;29.3;24.2;21.8;0.15;0.184;0.224;0.289;0.356
Antibes;43.5823;7.1048;01/06/2026;15:00;25.0;68;18.7;27.6;7;0.0;0.0;0.0;0.0;0.0;3;P4;Nuageux;1012.6;1006.5;85;7;0;85;24180.0;0.25;1.01;14.5;28.4;76;32.2;29.8;24.5;21.8;0.148;0.184;0.224;0.289;0.356
Antibes;43.5823;7.1048;01/06/2026;16:00;24.9;68;18.6;27.0;6;0.0;0.0;0.0;0.0;0.0;2;P8;Éclaircies;1012.4;1006.3;52;2;0;51;27420.0;0.24;1.01;14.9;28.4;83;31.3;30.0;24.9;21.8;0.145;0.183;0.223;0.288;0.355
Antibes;43.5823;7.1048;01/06/2026;17:00;24.5;72;19.1;26.6;4;0.0;0.0;0.0;0.0;0.0;2;P8;Éclaircies;1012.0;1005.9;51;1;0;51;30680.0;0.21;0.86;13.7;28.1;85;30.0;29.8;25.2;21.8;0.144;0.183;0.223;0.288;0.355
Antibes;43.5823;7.1048;01/06/2026;18:00;23.9;76;19.3;25.8;2;0.0;0.0;0.0;0.0;0.0;2;P8;Éclaircies;1011.8;1005.6;60;0;2;59;29560.0;0.17;0.72;10.7;23.5;88;28.3;29.2;25.4;21.8;0.144;0.183;0.223;0.288;0.355
Antibes;43.5823;7.1048;01/06/2026;19:00;23.2;80;19.4;25.5;1;0.0;0.0;0.0;0.0;0.0;3;P4;Nuageux;1011.5;1005.3;65;6;4;62;28420.0;0.13;0.58;8.7;17.6;85;26.2;28.3;25.5;21.9;0.144;0.182;0.222;0.288;0.355
Antibes;43.5823;7.1048;01/06/2026;20:00;22.4;82;19.2;24.8;0;0.0;0.0;0.0;0.0;0.0;3;P4;Nuageux;1011.4;1005.2;36;12;4;28;27300.0;0.09;0.49;7.5;12.1;87;24.3;27.3;25.6;21.9;0.145;0.182;0.222;0.288;0.355
Antibes;43.5823;7.1048;01/06/2026;21:00;21.7;83;18.8;24.1;0;0.0;0.0;0.0;0.0;0.0;0;P1;Ensoleillé;1011.5;1005.3;18;3;4;12;26220.0;0.06;0.43;6.1;7.6;93;22.6;26.2;25.5;21.9;0.146;0.182;0.222;0.288;0.355
Antibes;43.5823;7.1048;01/06/2026;22:00;21.0;87;18.8;23.6;0;0.0;0.0;0.0;0.0;0.0;1;P2;Éclaircies;1011.9;1005.7;26;2;2;23;25160.0;0.03;0.33;4.7;6.1;97;21.1;25.1;25.4;21.9;0.148;0.182;0.222;0.288;0.355
Antibes;43.5823;7.1048;01/06/2026;23:00;20.5;90;18.8;23.2;0;0.0;0.0;0.0;0.0;0.0;1;P2;Éclaircies;1012.2;1006.0;35;2;1;34;24080.0;0.01;0.24;3.3;4.7;103;19.8;24.2;25.3;21.9;0.15;0.182;0.222;0.288;0.355
Antibes;43.5823;7.1048;02/06/2026;00:00;20.0;92;18.6;22.8;0;0.0;0.0;0.0;0.0;0.0;1;P2;Éclaircies;1012.3;1006.1;40;0;0;40;22760.0;-0.0;0.19;2.3;3.6;108;18.6;23.5;25.1;21.9;0.152;0.182;0.222;0.288;0.355
Antibes;43.5823;7.1048;02/06/2026;01:00;19.5;94;18.5;22.4;0;0.0;0.0;0.0;0.0;0.0;1;P2;Éclaircies;1012.2;1006.0;45;0;0;45;21420.0;-0.0;0.14;1.2;2.9;117;17.7;23.0;24.8;22.0;0.153;0.183;0.223;0.288;0.354
Antibes;43.5823;7.1048;02/06/2026;02:00;19.1;95;18.3;22.1;0;0.0;0.0;0.0;0.0;0.0;2;P8;Éclaircies;1012.1;1005.9;53;2;0;52;20100.0;-0.0;0.11;0.5;2.5;135;17.1;22.5;24.6;22.0;0.155;0.183;0.223;0.288;0.354
Antibes;43.5823;7.1048;02/06/2026;03:00;18.8;97;18.2;21.8;0;0.0;0.0;0.0;0.0;0.0;2;P8;Éclaircies;1012.0;1005.7;68;32;0;63;13500.0;-0.0;0.07;0.2;3.2;90;16.8;22.2;24.3;22.0;0.157;0.183;0.223;0.288;0.354
Antibes;43.5823;7.1048;02/06/2026;04:00;18.5;98;18.2;21.5;0;0.0;0.0;0.0;0.0;0.0;3;P4;Nuageux;1011.8;1005.5;87;74;1;77;6920.0;-0.0;0.04;0.6;4.7;18;16.7;21.9;24.1;22.0;0.158;0.184;0.223;0.288;0.354
Antibes;43.5823;7.1048;02/06/2026;05:00;18.5;98;18.2;21.4;0;0.0;0.0;0.0;0.0;0.0;3;P4;Nuageux;1011.7;1005.4;99;97;1;86;320.0;-0.0;0.04;1.0;5.8;22;17.2;21.7;23.9;22.0;0.16;0.184;0.223;0.288;0.354
Antibes;43.5823;7.1048;02/06/2026;06:00;19.0;95;18.1;21.7;0;0.0;0.0;0.0;0.0;0.0;3;P4;Nuageux;1011.8;1005.6;100;87;0;89;2020.0;-0.0;0.11;1.7;5.4;32;18.5;21.6;23.6;22.0;0.161;0.184;0.223;0.288;0.354
Antibes;43.5823;7.1048;02/06/2026;07:00;19.6;90;18.0;22.3;0;0.0;0.0;0.0;0.0;0.0;3;P4;Nuageux;1012.1;1005.9;94;59;0;88;3700.0;-0.0;0.22;2.3;5.0;39;20.3;21.6;23.4;22.0;0.163;0.185;0.223;0.287;0.354
Antibes;43.5823;7.1048;02/06/2026;08:00;20.4;86;17.9;23.0;0;0.0;0.0;0.0;0.0;0.0;3;P4;Nuageux;1012.3;1006.1;91;34;3;87;5400.0;0.01;0.35;2.1;5.8;59;22.0;22.0;23.2;22.0;0.163;0.185;0.223;0.287;0.354
Antibes;43.5823;7.1048;02/06/2026;09:00;21.2;81;17.8;23.6;1;0.0;0.0;0.0;0.0;0.0;3;P4;Nuageux;1012.4;1006.2;93;19;35;88;10780.0;0.04;0.49;2.4;9.0;132;23.6;23.0;23.2;22.0;0.162;0.185;0.223;0.287;0.354
Antibes;43.5823;7.1048;02/06/2026;10:00;22.1;76;17.6;24.0;3;0.0;0.0;0.0;0.0;0.0;3;P4;Nuageux;1012.5;1006.3;97;8;77;88;16160.0;0.09;0.65;5.5;13.3;163;25.2;24.4;23.2;21.9;0.161;0.185;0.223;0.287;0.354
Antibes;43.5823;7.1048;02/06/2026;11:00;23.0;71;17.5;24.5;5;0.0;0.0;0.0;0.0;0.0;3;P4;Nuageux;1012.5;1006.3;100;0;98;90;21540.0;0.13;0.81;8.3;17.6;174;26.6;25.7;23.3;21.9;0.159;0.185;0.223;0.287;0.354
Antibes;43.5823;7.1048;02/06/2026;12:00;24.0;67;17.4;25.1;10;0.0;0.0;0.0;0.0;0.0;3;P4;Nuageux;1012.3;1006.2;100;0;77;96;25560.0;0.17;0.99;10.0;20.9;186;28.1;26.8;23.5;21.9;0.157;0.184;0.223;0.286;0.354
Antibes;43.5823;7.1048;02/06/2026;13:00;25.0;63;17.4;25.9;14;0.0;0.0;0.0;0.0;0.0;3;P4;Nuageux;1011.9;1005.8;100;0;36;100;29560.0;0.21;1.18;11.5;23.8;197;29.5;27.8;23.7;21.9;0.154;0.184;0.222;0.286;0.353
Antibes;43.5823;7.1048;02/06/2026;14:00;25.5;60;17.3;26.3;18;0.0;0.0;0.0;0.0;0.0;3;P4;Nuageux;1011.4;1005.3;99;0;5;99;33580.0;0.24;1.3;12.8;28.1;202;30.4;28.6;24.0;21.9;0.151;0.183;0.222;0.285;0.353
Antibes;43.5823;7.1048;02/06/2026;15:00;25.6;60;17.3;26.2;20;0.0;0.0;0.0;0.0;0.0;2;P8;Éclaircies;1010.8;1004.7;75;3;0;71;27460.0;0.26;1.32;14.0;36.4;198;30.6;29.4;24.4;21.9;0.148;0.182;0.221;0.285;0.353
Antibes;43.5823;7.1048;02/06/2026;16:00;25.4;61;17.4;26.0;20;0.0;0.0;0.0;0.0;0.0;1;P2;Éclaircies;1010.2;1004.1;43;8;3;32;21360.0;0.27;1.26;14.8;46.4;190;30.5;30.0;24.7;22.0;0.144;0.182;0.221;0.284;0.352
Antibes;43.5823;7.1048;02/06/2026;17:00;25.0;63;17.5;25.6;19;0.0;0.0;0.0;0.0;0.0;1;P2;Éclaircies;1009.7;1003.6;22;10;8;7;15240.0;0.27;1.17;14.5;51.8;186;29.8;30.2;25.0;22.0;0.141;0.181;0.22;0.284;0.352
Antibes;43.5823;7.1048;02/06/2026;18:00;24.4;66;17.6;25.5;19;0.2;0.2;0.0;0.0;0.0;51;P10;Pluie faible;1009.6;1003.5;24;8;9;10;13640.0;0.25;1.03;11.2;48.6;184;28.4;29.8;25.3;22.0;0.139;0.181;0.22;0.284;0.352
Antibes;43.5823;7.1048;02/06/2026;19:00;23.5;70;17.8;25.4;18;0.2;0.2;0.0;0.0;0.0;51;P10;Pluie faible;1009.7;1003.6;37;5;10;27;12060.0;0.23;0.87;6.5;41.0;183;26.4;28.9;25.5;22.0;0.139;0.18;0.219;0.283;0.352
Antibes;43.5823;7.1048;02/06/2026;20:00;22.8;74;17.9;25.3;17;0.2;0.2;0.0;0.0;0.0;51;P10;Pluie faible;1009.7;1003.5;48;2;12;41;10460.0;0.2;0.72;2.5;34.6;188;24.5;27.9;25.6;22.0;0.138;0.18;0.219;0.283;0.352
Antibes;43.5823;7.1048;02/06/2026;21:00;22.2;77;18.0;25.0;15;0.0;0.0;0.0;0.0;0.0;2;P8;Éclaircies;1009.5;1003.3;51;1;16;47;17200.0;0.17;0.61;0.9;31.7;259;22.5;26.9;25.6;22.0;0.138;0.18;0.219;0.283;0.352
Antibes;43.5823;7.1048;02/06/2026;22:00;21.6;80;18.0;24.2;14;0.0;0.0;0.0;0.0;0.0;2;P8;Éclaircies;1009.2;1003.0;52;0;22;51;23920.0;0.14;0.52;2.6;30.2;304;20.6;25.8;25.5;22.0;0.138;0.179;0.219;0.283;0.351
Antibes;43.5823;7.1048;02/06/2026;23:00;21.2;81;17.8;23.4;13;0.0;0.0;0.0;0.0;0.0;2;P8;Éclaircies;1008.9;1002.7;55;0;31;48;30660.0;0.11;0.49;4.2;28.8;301;19.2;24.8;25.4;22.0;0.138;0.179;0.219;0.283;0.351
Antibes;43.5823;7.1048;03/06/2026;00:00;21.0;78;17.0;22.5;12;0.1;0.0;0.1;0.0;0.0;51;P10;Pluie faible;1008.7;1002.5;64;0;48;35;31640.0;0.1;0.55;6.1;26.6;282;19.0;24.2;25.3;22.0;0.138;0.179;0.219;0.283;0.351
Antibes;43.5823;7.1048;03/06/2026;01:00;20.9;73;15.9;21.6;11;0.1;0.0;0.1;0.0;0.0;51;P10;Pluie faible;1008.4;1002.2;75;0;68;17;32600.0;0.09;0.66;8.7;24.1;266;19.4;23.8;25.1;22.1;0.139;0.179;0.219;0.283;0.351
Antibes;43.5823;7.1048;03/06/2026;02:00;20.5;70;14.8;20.6;10;0.1;0.0;0.1;0.0;0.0;51;P10;Pluie faible;1008.1;1001.9;77;0;77;3;33580.0;0.08;0.73;10.5;22.0;262;19.4;23.3;24.9;22.1;0.139;0.179;0.219;0.283;0.351
Antibes;43.5823;7.1048;03/06/2026;03:00;19.5;70;13.9;19.3;9;0.0;0.0;0.0;0.0;0.0;2;P8;Éclaircies;1007.6;1001.4;62;0;64;0;33580.0;0.07;0.69;10.3;19.8;267;18.1;22.6;24.6;22.1;0.14;0.179;0.219;0.283;0.351
Antibes;43.5823;7.1048;03/06/2026;04:00;18.4;71;13.0;18.0;9;0.0;0.0;0.0;0.0;0.0;1;P2;Éclaircies;1007.0;1000.8;39;0;39;1;33580.0;0.06;0.62;9.1;17.6;278;16.5;21.9;24.4;22.1;0.14;0.179;0.219;0.283;0.351
Antibes;43.5823;7.1048;03/06/2026;05:00;17.9;70;12.3;17.4;8;0.0;0.0;0.0;0.0;0.0;1;P2;Éclaircies;1006.5;1000.3;20;0;18;3;33580.0;0.06;0.62;8.4;15.8;286;15.9;21.4;24.1;22.1;0.141;0.179;0.219;0.283;0.351
Antibes;43.5823;7.1048;03/06/2026;06:00;18.8;63;11.7;18.0;8;0.0;0.0;0.0;0.0;0.0;0;P1;Ensoleillé;1006.1;999.9;9;0;8;2;34480.0;0.06;0.8;8.9;14.8;283;17.2;21.0;23.8;22.1;0.142;0.179;0.219;0.283;0.351
Antibes;43.5823;7.1048;03/06/2026;07:00;20.4;56;11.4;19.4;8;0.0;0.0;0.0;0.0;0.0;0;P1;Ensoleillé;1005.8;999.6;2;0;3;2;35360.0;0.06;1.05;9.4;14.4;274;19.7;20.8;23.5;22.1;0.143;0.179;0.219;0.283;0.351
Antibes;43.5823;7.1048;03/06/2026;08:00;21.5;53;11.6;20.9;7;0.0;0.0;0.0;0.0;0.0;0;P1;Ensoleillé;1005.8;999.6;1;0;0;1;36260.0;0.08;1.19;7.6;14.4;269;22.0;21.1;23.3;22.1;0.143;0.179;0.219;0.283;0.351
Antibes;43.5823;7.1048;03/06/2026;09:00;21.6;59;13.3;22.5;7;0.0;0.0;0.0;0.0;0.0;0;P1;Ensoleillé;1006.3;1000.1;9;11;0;0;29220.0;0.11;1.05;1.0;14.0;202;24.0;22.3;23.2;22.1;0.142;0.179;0.219;0.283;0.351
Antibes;43.5823;7.1048;03/06/2026;10:00;21.3;70;15.6;21.8;6;0.0;0.0;0.0;0.0;0.0;1;P2;Éclaircies;1007.1;1000.9;22;26;0;0;22200.0;0.16;0.76;9.6;14.0;99;25.8;24.0;23.1;22.1;0.14;0.178;0.218;0.282;0.35
Antibes;43.5823;7.1048;03/06/2026;11:00;21.3;77;17.1;22.2;6;0.0;0.0;0.0;0.0;0.0;1;P2;Éclaircies;1007.8;1001.6;34;34;0;0;15160.0;0.2;0.58;16.4;15.5;94;27.4;25.7;23.2;22.1;0.138;0.178;0.218;0.282;0.35
Antibes;43.5823;7.1048;03/06/2026;12:00;23.1;58;14.5;24.8;6;0.0;0.0;0.0;0.0;0.0;1;P2;Éclaircies;1007.6;1001.5;32;2;3;31;16440.0;0.25;1.18;8.9;19.4;61;29.0;27.1;23.4;22.1;0.135;0.177;0.217;0.281;0.35
Antibes;43.5823;7.1048;03/06/2026;13:00;23.5;60;15.3;25.2;5;0.0;0.0;0.0;0.0;0.0;1;P2;Éclaircies;1008.1;1002.0;42;3;6;39;17720.0;0.29;1.15;12.3;24.5;65;30.4;28.4;23.7;22.1;0.132;0.177;0.217;0.281;0.349
Antibes;43.5823;7.1048;03/06/2026;14:00;23.6;62;15.8;25.4;5;0.0;0.0;0.0;0.0;0.0;1;P2;Éclaircies;1008.3;1002.2;48;3;7;44;19000.0;0.32;1.12;14.3;28.4;67;31.0;29.3;24.1;22.1;0.13;0.176;0.216;0.28;0.349
Antibes;43.5823;7.1048;03/06/2026;15:00;23.6;62;16.0;25.4;5;0.0;0.0;0.0;0.0;0.0;2;P8;Éclaircies;1008.2;1002.1;50;3;7;46;21420.0;0.32;1.1;14.4;30.6;68;30.8;29.8;24.4;22.1;0.128;0.175;0.216;0.28;0.349
Antibes;43.5823;7.1048;03/06/2026;16:00;23.6;62;15.9;25.2;4;0.0;0.0;0.0;0.0;0.0;2;P8;Éclaircies;1008.0;1001.9;50;2;5;47;23860.0;0.3;1.1;13.1;31.3;69;29.9;29.8;24.8;22.1;0.127;0.175;0.215;0.279;0.349
Antibes;43.5823;7.1048;03/06/2026;17:00;23.5;62;15.8;24.8;4;0.0;0.0;0.0;0.0;0.0;1;P2;Éclaircies;1007.6;1001.5;49;2;4;47;26280.0;0.27;1.1;11.0;30.6;71;28.5;29.6;25.1;22.1;0.126;0.174;0.215;0.279;0.349
Antibes;43.5823;7.1048;03/06/2026;18:00;23.2;62;15.6;24.0;3;0.0;0.0;0.0;0.0;0.0;1;P2;Éclaircies;1007.2;1001.1;47;1;2;45;28700.0;0.23;1.08;8.5;27.0;73;27.0;29.1;25.3;22.1;0.126;0.174;0.215;0.279;0.349
Antibes;43.5823;7.1048;03/06/2026;19:00;22.9;63;15.4;23.8;2;0.0;0.0;0.0;0.0;0.0;1;P2;Éclaircies;1006.9;1000.8;45;0;1;44;31140.0;0.19;1.04;6.3;21.6;75;25.4;28.3;25.5;22.1;0.126;0.173;0.214;0.278;0.348
Antibes;43.5823;7.1048;03/06/2026;20:00;22.5;64;15.4;23.5;2;0.0;0.0;0.0;0.0;0.0;1;P2;Éclaircies;1006.7;1000.6;44;0;0;44;33560.0;0.15;0.97;5.0;17.3;75;24.0;27.3;25.6;22.1;0.126;0.173;0.214;0.278;0.348
Antibes;43.5823;7.1048;03/06/2026;21:00;21.8;67;15.4;22.9;1;0.0;0.0;0.0;0.0;0.0;1;P2;Éclaircies;1006.7;1000.5;44;0;0;45;31980.0;0.11;0.85;4.6;14.4;72;22.5;26.1;25.5;22.1;0.127;0.173;0.214;0.278;0.348
Antibes;43.5823;7.1048;03/06/2026;22:00;20.8;71;15.4;22.0;1;0.0;0.0;0.0;0.0;0.0;1;P2;Éclaircies;1006.9;1000.7;45;0;0;46;30380.0;0.07;0.7;4.3;12.6;66;20.8;24.7;25.4;22.2;0.129;0.173;0.214;0.278;0.348
Antibes;43.5823;7.1048;03/06/2026;23:00;19.7;77;15.6;20.9;1;0.0;0.0;0.0;0.0;0.0;1;P2;Éclaircies;1007.1;1000.9;47;0;0;47;28800.0;0.04;0.53;4.5;11.9;56;19.0;23.6;25.2;22.2;0.13;0.173;0.214;0.278;0.348
Antibes;43.5823;7.1048;04/06/2026;00:00;18.7;83;15.7;19.9;0;0.0;0.0;0.0;0.0;0.0;1;P2;Éclaircies;1007.3;1001.1;48;0;0;48;27220.0;0.03;0.37;5.0;13.0;49;17.5;22.8;25.0;22.2;0.131;0.173;0.214;0.278;0.348
Antibes;43.5823;7.1048;04/06/2026;01:00;17.9;88;15.8;19.1;0;0.0;0.0;0.0;0.0;0.0;1;P2;Éclaircies;1007.5;1001.3;48;0;0;48;25620.0;0.04;0.25;5.3;14.8;45;16.4;22.3;24.7;22.2;0.133;0.173;0.214;0.278;0.348
Antibes;43.5823;7.1048;04/06/2026;02:00;17.4;91;15.9;18.6;0;0.0;0.0;0.0;0.0;0.0;1;P2;Éclaircies;1007.7;1001.4;47;0;0;47;24040.0;0.04;0.17;5.3;16.2;45;15.8;21.8;24.4;22.2;0.134;0.173;0.214;0.278;0.348
Antibes;43.5823;7.1048;04/06/2026;03:00;17.2;93;16.0;18.5;0;0.0;0.0;0.0;0.0;0.0;1;P2;Éclaircies;1007.8;1001.5;44;0;0;44;24580.0;0.04;0.14;5.0;15.8;46;15.8;21.4;24.2;22.2;0.135;0.173;0.214;0.278;0.348
Antibes;43.5823;7.1048;04/06/2026;04:00;17.2;93;16.1;18.7;0;0.0;0.0;0.0;0.0;0.0;1;P2;Éclaircies;1007.9;1001.6;38;0;0;38;25120.0;0.05;0.14;4.6;14.8;51;16.4;21.1;23.9;22.2;0.135;0.173;0.214;0.278;0.348
Antibes;43.5823;7.1048;04/06/2026;05:00;17.5;92;16.2;19.1;1;0.0;0.0;0.0;0.0;0.0;1;P2;Éclaircies;1007.9;1001.6;32;0;0;32;25660.0;0.05;0.16;4.0;13.7;60;17.2;20.9;23.6;22.2;0.136;0.173;0.214;0.278;0.348
Antibes;43.5823;7.1048;04/06/2026;06:00;17.9;90;16.2;19.5;1;0.0;0.0;0.0;0.0;0.0;1;P2;Éclaircies;1008.0;1001.8;26;0;0;26;26180.0;0.05;0.2;3.6;12.2;72;18.5;20.6;23.3;22.2;0.137;0.173;0.214;0.278;0.348
Antibes;43.5823;7.1048;04/06/2026;07:00;18.5;88;16.4;20.1;2;0.0;0.0;0.0;0.0;0.0;1;P2;Éclaircies;1008.0;1001.8;23;0;0;23;26720.0;0.05;0.26;3.6;10.4;90;19.8;20.5;23.1;22.2;0.138;0.174;0.214;0.278;0.347
Antibes;43.5823;7.1048;04/06/2026;08:00;19.0;84;16.4;20.7;3;0.0;0.0;0.0;0.0;0.0;1;P2;Éclaircies;1008.0;1001.8;23;0;0;23;27260.0;0.06;0.34;3.9;10.1;103;21.2;20.9;22.9;22.2;0.138;0.174;0.214;0.278;0.347
Antibes;43.5823;7.1048;04/06/2026;09:00;19.9;80;16.4;21.4;3;0.0;0.0;0.0;0.0;0.0;1;P2;Éclaircies;1008.0;1001.8;28;0;0;28;26400.0;0.09;0.46;4.9;11.5;114;23.0;22.1;22.8;22.2;0.137;0.174;0.214;0.278;0.347
Antibes;43.5823;7.1048;04/06/2026;10:00;21.0;75;16.4;22.3;4;0.0;0.0;0.0;0.0;0.0;1;P2;Éclaircies;1008.1;1001.9;37;0;0;37;25560.0;0.14;0.64;6.5;14.0;120;25.3;23.7;22.8;22.1;0.136;0.173;0.213;0.277;0.347
Antibes;43.5823;7.1048;04/06/2026;11:00;22.4;69;16.3;23.6;4;0.0;0.0;0.0;0.0;0.0;1;P2;Éclaircies;1008.1;1001.9;49;0;0;48;24700.0;0.18;0.85;8.0;16.9;124;27.8;25.2;22.9;22.1;0.135;0.173;0.213;0.277;0.347
Antibes;43.5823;7.1048;04/06/2026;12:00;23.5;63;16.2;25.3;5;0.0;0.0;0.0;0.0;0.0;2;P8;Éclaircies;1008.1;1002.0;61;0;1;60;23840.0;0.22;1.06;9.6;20.2;127;30.0;26.4;23.1;22.1;0.133;0.173;0.212;0.276;0.347
Antibes;43.5823;7.1048;04/06/2026;13:00;24.5;60;16.1;26.6;5;0.0;0.0;0.0;0.0;0.0;2;P8;Éclaircies;1008.1;1002.0;72;0;3;71;23000.0;0.25;1.24;10.6;24.1;129;31.8;27.4;23.4;22.1;0.131;0.172;0.212;0.276;0.346
Antibes;43.5823;7.1048;04/06/2026;14:00;25.0;57;15.9;27.2;5;0.0;0.0;0.0;0.0;0.0;3;P4;Nuageux;1007.9;1001.8;80;0;7;79;22140.0;0.27;1.37;10.8;28.8;133;32.5;27.9;23.6;22.1;0.129;0.172;0.211;0.275;0.346
Antibes;43.5823;7.1048;04/06/2026;15:00;25.1;55;15.6;27.2;5;0.0;0.0;0.0;0.0;0.0;3;P4;Nuageux;1007.6;1001.5;86;0;13;85;24500.0;0.25;1.42;10.1;35.6;141;32.2;27.7;23.9;22.1;0.121;0.169;0.211;0.275;0.346
Antibes;43.5823;7.1048;04/06/2026;16:00;24.9;55;15.2;26.5;5;0.0;0.0;0.0;0.0;0.0;3;P4;Nuageux;1007.3;1001.2;90;0;21;89;26840.0;0.21;1.42;9.1;43.2;155;31.0;26.9;24.1;22.1;0.113;0.165;0.211;0.275;0.346
Antibes;43.5823;7.1048;04/06/2026;17:00;24.4;55;14.7;25.2;4;0.0;0.0;0.0;0.0;0.0;3;P4;Nuageux;1006.8;1000.7;93;0;30;93;29200.0;0.18;1.38;8.5;47.2;175;29.1;25.9;24.2;22.1;0.131;0.171;0.211;0.275;0.346
Antibes;43.5823;7.1048;04/06/2026;18:00;23.8;55;14.2;23.9;4;0.0;0.0;0.0;0.0;0.0;3;P4;Nuageux;1006.4;1000.3;95;0;40;96;31560.0;0.16;1.31;8.6;46.1;196;27.1;24.8;24.2;22.1;0.202;0.193;0.211;0.275;0.346
Antibes;43.5823;7.1048;04/06/2026;19:00;23.0;57;13.9;22.9;3;0.0;0.0;0.0;0.0;0.0;3;P4;Nuageux;1005.9;999.8;97;0;50;97;33900.0;0.14;1.22;9.0;41.4;211;25.0;23.5;24.2;22.1;0.298;0.225;0.211;0.275;0.346
Antibes;43.5823;7.1048;04/06/2026;20:00;22.3;58;13.8;22.2;3;0.0;0.0;0.0;0.0;0.0;3;P4;Nuageux;1005.5;999.4;99;0;58;98;36260.0;0.12;1.12;8.7;35.3;222;23.4;22.5;24.0;22.1;0.364;0.254;0.213;0.275;0.346
Antibes;43.5823;7.1048;04/06/2026;21:00;21.5;62;13.8;21.7;2;0.9;0.5;0.4;0.0;0.0;53;P10;Pluie faible;1005.1;998.9;100;4;67;98;30760.0;0.1;0.98;6.8;26.6;230;22.0;22.0;23.8;22.1;0.369;0.278;0.218;0.275;0.346
Antibes;43.5823;7.1048;04/06/2026;22:00;20.4;66;13.9;21.2;2;0.9;0.5;0.4;0.0;0.0;53;P10;Pluie faible;1004.8;998.6;100;9;76;97;25260.0;0.07;0.8;3.4;16.6;254;20.4;21.7;23.6;22.1;0.344;0.299;0.225;0.275;0.345
Antibes;43.5823;7.1048;04/06/2026;23:00;19.2;73;14.2;20.2;1;0.9;0.5;0.4;0.0;0.0;53;P10;Pluie faible;1004.5;998.3;100;15;85;95;19760.0;0.05;0.61;3.0;9.7;346;19.0;21.4;23.4;22.1;0.321;0.312;0.231;0.275;0.345
Antibes;43.5823;7.1048;05/06/2026;00:00;18.1;80;14.6;18.7;2;0.9;0.5;0.4;0.0;0.0;53;P10;Pluie faible;1004.1;997.9;100;21;93;92;14240.0;0.04;0.43;6.7;9.0;16;17.6;20.9;23.1;22.1;0.312;0.312;0.235;0.275;0.345
Antibes;43.5823;7.1048;05/06/2026;01:00;17.3;86;14.9;17.5;2;0.9;0.5;0.4;0.0;0.0;53;P10;Pluie faible;1003.8;997.6;100;25;99;87;8740.0;0.03;0.28;10.0;10.6;23;16.6;20.4;22.9;22.1;0.307;0.304;0.238;0.275;0.345
Antibes;43.5823;7.1048;05/06/2026;02:00;16.8;90;15.1;16.8;2;0.9;0.5;0.4;0.0;0.0;53;P10;Pluie faible;1003.4;997.2;100;27;100;80;3240.0;0.02;0.19;11.8;10.8;25;15.9;20.1;22.8;22.1;0.303;0.297;0.24;0.275;0.345
Antibes;43.5823;7.1048;05/06/2026;03:00;16.5;93;15.4;16.7;2;2.9;0.4;2.5;0.0;0.0;63;P10;Pluie;1002.9;996.7;95;26;97;69;7240.0;0.0;0.13;11.4;10.1;26;15.8;;;;;;;;
Antibes;43.5823;7.1048;05/06/2026;04:00;16.5;96;15.9;17.1;1;2.9;0.4;2.5;0.0;0.0;63;P10;Pluie;1002.4;996.2;87;23;89;55;11240.0;0.0;0.08;9.7;10.1;28;15.9;;;;;;;;
Antibes;43.5823;7.1048;05/06/2026;05:00;16.7;97;16.2;17.8;0;2.9;0.4;2.5;0.0;0.0;63;P10;Pluie;1001.9;995.7;79;18;79;39;15240.0;0.0;0.05;7.3;9.7;30;16.3;;;;;;;;
Antibes;43.5823;7.1048;05/06/2026;06:00;17.1;96;16.5;18.8;0;2.9;0.4;2.5;0.0;0.0;63;P10;Pluie;1001.4;995.2;69;13;68;23;19240.0;0.0;0.07;4.2;7.9;31;16.9;;;;;;;;
Antibes;43.5823;7.1048;05/06/2026;07:00;17.6;94;16.6;19.8;0;2.9;0.4;2.5;0.0;0.0;63;P10;Pluie;1000.9;994.7;60;8;57;9;23240.0;0.0;0.13;0.9;5.8;11;17.8;;;;;;;;
Antibes;43.5823;7.1048;05/06/2026;08:00;18.4;88;16.4;20.3;0;2.9;0.4;2.5;0.0;0.0;63;P10;Pluie;1000.6;994.4;51;5;48;0;27240.0;0.0;0.25;2.3;4.3;241;18.6;;;;;;;;
Antibes;43.5823;7.1048;05/06/2026;09:00;19.5;79;15.8;20.7;2;0.0;0.0;0.0;0.0;0.0;1;P2;Éclaircies;1000.4;994.2;42;3;40;0;30260.0;0.0;0.48;5.7;4.7;242;20.0;;;;;;;;
Antibes;43.5823;7.1048;05/06/2026;10:00;21.1;67;14.8;21.3;4;0.0;0.0;0.0;0.0;0.0;1;P2;Éclaircies;1000.3;994.2;33;2;31;0;33280.0;0.0;0.83;9.9;6.5;245;21.7;;;;;;;;
Antibes;43.5823;7.1048;05/06/2026;11:00;22.9;55;13.5;21.9;6;0.0;0.0;0.0;0.0;0.0;1;P2;Éclaircies;1000.2;994.1;24;1;22;0;36320.0;0.0;1.25;14.6;7.9;248;23.6;;;;;;;;
Antibes;43.5823;7.1048;05/06/2026;12:00;24.6;46;12.2;23.1;8;0.0;0.0;0.0;0.0;0.0;0;P1;Ensoleillé;1000.2;994.1;16;1;15;0;39340.0;0.0;1.67;19.1;9.4;249;25.4;;;;;;;;
Antibes;43.5823;7.1048;05/06/2026;13:00;26.0;40;11.2;24.2;9;0.0;0.0;0.0;0.0;0.0;0;P1;Ensoleillé;1000.3;994.3;8;0;8;0;42360.0;0.0;2.02;22.7;11.2;250;26.8;;;;;;;;
Antibes;43.5823;7.1048;05/06/2026;14:00;26.7;36;10.5;24.7;10;0.0;0.0;0.0;0.0;0.0;0;P1;Ensoleillé;1000.4;994.4;3;0;3;0;45380.0;0.0;2.23;25.0;12.2;249;27.5;;;;;;;;
Antibes;43.5823;7.1048;05/06/2026;15:00;26.8;36;10.2;24.7;12;0.0;0.0;0.0;0.0;0.0;0;P1;Ensoleillé;1000.6;994.6;0;0;0;0;44500.0;0.0;2.26;25.8;12.6;248;27.2;;;;;;;;
Antibes;43.5823;7.1048;05/06/2026;16:00;26.3;37;10.4;24.1;13;0.0;0.0;0.0;0.0;0.0;0;P1;Ensoleillé;1000.8;994.8;0;0;0;0;43620.0;0.0;2.16;25.5;12.2;247;26.4;;;;;;;;
Antibes;43.5823;7.1048;05/06/2026;17:00;25.5;39;10.6;23.1;13;0.0;0.0;0.0;0.0;0.0;0;P1;Ensoleillé;1001.1;995.1;0;0;0;0;42760.0;0.0;1.99;24.5;11.2;245;25.1;;;;;;;;
Antibes;43.5823;7.1048;05/06/2026;18:00;24.5;42;10.9;21.7;9;0.0;0.0;0.0;0.0;0.0;0;P1;Ensoleillé;1001.5;995.4;0;0;0;0;41880.0;0.0;1.78;22.9;8.3;242;23.7;;;;;;;;
Antibes;43.5823;7.1048;05/06/2026;19:00;23.5;45;11.1;20.8;4;0.0;0.0;0.0;0.0;0.0;0;P1;Ensoleillé;1001.9;995.8;0;0;0;0;41000.0;0.0;1.59;21.4;5.0;240;22.2;;;;;;;;
Antibes;43.5823;7.1048;05/06/2026;20:00;22.6;48;11.0;20.0;0;0.0;0.0;0.0;0.0;0.0;0;P1;Ensoleillé;1002.4;996.3;0;0;0;0;40120.0;0.0;1.44;20.1;3.2;239;21.0;;;;;;;;
Antibes;43.5823;7.1048;05/06/2026;21:00;21.8;49;10.6;19.2;1;0.0;0.0;0.0;0.0;0.0;0;P1;Ensoleillé;1003.0;996.9;0;0;0;0;39480.0;0.0;1.33;18.7;4.7;240;19.9;;;;;;;;
Antibes;43.5823;7.1048;05/06/2026;22:00;20.7;50;9.9;18.2;4;0.0;0.0;0.0;0.0;0.0;0;P1;Ensoleillé;1003.6;997.4;0;0;0;0;38820.0;0.0;1.22;17.1;8.3;242;18.5;;;;;;;;
Antibes;43.5823;7.1048;05/06/2026;23:00;19.6;51;9.1;17.1;6;0.0;0.0;0.0;0.0;0.0;0;P1;Ensoleillé;1004.4;998.2;1;0;1;0;38180.0;0.0;1.13;15.6;10.8;246;17.2;;;;;;;;
Antibes;43.5823;7.1048;06/06/2026;00:00;18.6;51;8.4;16.1;5;0.0;0.0;0.0;0.0;0.0;0;P1;Ensoleillé;1005.1;998.9;1;0;1;0;37540.0;0.0;1.04;13.9;11.9;250;16.1;;;;;;;;
Antibes;43.5823;7.1048;06/06/2026;01:00;17.8;52;7.8;15.4;4;0.0;0.0;0.0;0.0;0.0;0;P1;Ensoleillé;1005.8;999.6;2;0;2;0;36880.0;0.0;0.98;12.5;12.2;254;15.2;;;;;;;;
Antibes;43.5823;7.1048;06/06/2026;02:00;17.2;53;7.5;14.9;3;0.0;0.0;0.0;0.0;0.0;0;P1;Ensoleillé;1006.5;1000.2;2;0;2;0;36240.0;0.0;0.93;11.4;13.0;257;14.8;;;;;;;;
Antibes;43.5823;7.1048;06/06/2026;03:00;17.0;54;7.6;14.8;4;0.0;0.0;0.0;0.0;0.0;0;P1;Ensoleillé;1007.1;1000.8;1;0;1;0;36240.0;0.0;0.89;10.5;14.0;258;14.7;;;;;;;;
Antibes;43.5823;7.1048;06/06/2026;04:00;17.0;55;8.0;15.1;5;0.0;0.0;0.0;0.0;0.0;0;P1;Ensoleillé;1007.8;1001.5;0;0;0;0;36240.0;0.0;0.86;9.4;15.1;258;15.1;;;;;;;;
Antibes;43.5823;7.1048;06/06/2026;05:00;17.1;57;8.6;15.6;6;0.0;0.0;0.0;0.0;0.0;0;P1;Ensoleillé;1008.4;1002.1;0;0;0;0;36240.0;0.0;0.84;8.4;15.5;255;15.6;;;;;;;;
Antibes;43.5823;7.1048;06/06/2026;06:00;17.5;58;9.2;16.2;6;0.0;0.0;0.0;0.0;0.0;0;P1;Ensoleillé;1009.0;1002.7;0;0;0;0;36240.0;0.0;0.83;7.9;14.0;250;16.4;;;;;;;;
Antibes;43.5823;7.1048;06/06/2026;07:00;17.9;59;9.9;16.8;6;0.0;0.0;0.0;0.0;0.0;0;P1;Ensoleillé;1009.6;1003.3;0;0;0;0;36240.0;0.0;0.84;7.5;11.5;243;17.4;;;;;;;;
Antibes;43.5823;7.1048;06/06/2026;08:00;18.5;59;10.4;17.4;6;0.0;0.0;0.0;0.0;0.0;0;P1;Ensoleillé;1010.1;1003.9;0;0;0;0;36240.0;0.0;0.87;8.0;10.4;234;18.3;;;;;;;;
Antibes;43.5823;7.1048;06/06/2026;09:00;19.2;58;10.7;18.1;7;0.0;0.0;0.0;0.0;0.0;0;P1;Ensoleillé;1010.6;1004.4;7;0;6;0;35000.0;0.0;0.95;9.7;11.9;225;19.5;;;;;;;;
Antibes;43.5823;7.1048;06/06/2026;10:00;20.3;55;11.0;18.8;9;0.0;0.0;0.0;0.0;0.0;0;P1;Ensoleillé;1011.1;1004.9;17;0;16;1;33760.0;0.0;1.07;12.4;14.4;219;21.2;;;;;;;;
Antibes;43.5823;7.1048;06/06/2026;11:00;21.5;52;11.2;20.0;10;0.0;0.0;0.0;0.0;0.0;1;P2;Éclaircies;1011.5;1005.3;29;0;28;1;32520.0;0.0;1.24;15.8;16.6;214;23.0;;;;;;;;
Antibes;43.5823;7.1048;06/06/2026;12:00;22.6;49;11.5;21.3;11;0.0;0.0;0.0;0.0;0.0;1;P2;Éclaircies;1011.9;1005.7;40;0;38;2;31280.0;0.0;1.39;19.1;17.6;211;24.6;;;;;;;;
Antibes;43.5823;7.1048;06/06/2026;13:00;23.5;48;11.8;22.4;12;0.0;0.0;0.0;0.0;0.0;1;P2;Éclaircies;1012.3;1006.1;48;0;47;2;30040.0;0.0;1.52;21.5;18.0;210;25.8;;;;;;;;
Antibes;43.5823;7.1048;06/06/2026;14:00;24.0;47;12.1;22.9;13;0.0;0.0;0.0;0.0;0.0;2;P8;Éclaircies;1012.6;1006.5;52;0;50;2;28800.0;0.0;1.56;22.6;18.4;209;26.4;;;;;;;;
Antibes;43.5823;7.1048;06/06/2026;15:00;23.9;49;12.5;23.0;14;0.0;0.0;0.0;0.0;0.0;1;P2;Éclaircies;1012.8;1006.6;49;0;48;2;29600.0;0.0;1.51;22.0;19.8;209;26.1;;;;;;;;
Antibes;43.5823;7.1048;06/06/2026;16:00;23.4;52;13.0;22.6;16;0.0;0.0;0.0;0.0;0.0;1;P2;Éclaircies;1013.0;1006.8;42;0;41;2;30380.0;0.0;1.37;20.2;20.9;209;25.3;;;;;;;;
Antibes;43.5823;7.1048;06/06/2026;17:00;22.5;57;13.5;21.8;16;0.0;0.0;0.0;0.0;0.0;1;P2;Éclaircies;1013.2;1007.0;32;0;31;1;31180.0;0.0;1.19;17.8;20.5;210;24.0;;;;;;;;
Antibes;43.5823;7.1048;06/06/2026;18:00;21.6;62;13.9;20.8;15;0.0;0.0;0.0;0.0;0.0;1;P2;Éclaircies;1013.3;1007.1;21;0;21;1;31960.0;0.0;0.99;14.9;16.2;212;22.6;;;;;;;;
Antibes;43.5823;7.1048;06/06/2026;19:00;20.8;66;14.2;20.4;12;0.0;0.0;0.0;0.0;0.0;0;P1;Ensoleillé;1013.4;1007.2;12;0;11;0;32760.0;0.0;0.82;12.0;10.4;215;21.1;;;;;;;;
Antibes;43.5823;7.1048;06/06/2026;20:00;20.0;70;14.3;20.0;10;0.0;0.0;0.0;0.0;0.0;0;P1;Ensoleillé;1013.5;1007.3;5;0;5;0;33540.0;0.0;0.7;9.5;6.1;217;19.8;;;;;;;;
Antibes;43.5823;7.1048;06/06/2026;21:00;19.2;72;14.0;19.4;8;0.0;0.0;0.0;0.0;0.0;0;P1;Ensoleillé;1013.6;1007.3;1;0;2;0;33540.0;0.0;0.63;7.4;5.8;221;18.5;;;;;;;;
Antibes;43.5823;7.1048;06/06/2026;22:00;18.4;73;13.4;18.7;7;0.0;0.0;0.0;0.0;0.0;0;P1;Ensoleillé;1013.7;1007.4;0;0;0;0;33540.0;0.0;0.57;5.2;7.2;229;17.0;;;;;;;;
Antibes;43.5823;7.1048;06/06/2026;23:00;17.5;74;12.7;17.8;6;0.0;0.0;0.0;0.0;0.0;0;P1;Ensoleillé;1013.8;1007.5;0;0;0;0;33540.0;0.0;0.53;3.3;8.6;248;15.4;;;;;;;;
Antibes;43.5823;7.1048;07/06/2026;00:00;16.7;74;11.9;17.0;6;0.0;0.0;0.0;0.0;0.0;0;P1;Ensoleillé;1013.9;1007.6;0;0;0;0;33520.0;0.0;0.5;2.1;10.1;285;13.9;;;;;;;;
Antibes;43.5823;7.1048;07/06/2026;01:00;16.1;73;11.4;16.1;6;0.0;0.0;0.0;0.0;0.0;0;P1;Ensoleillé;1013.9;1007.6;0;0;0;0;33520.0;0.0;0.49;2.6;11.5;335;12.9;;;;;;;;
Antibes;43.5823;7.1048;07/06/2026;02:00;15.8;73;10.9;15.6;6;0.0;0.0;0.0;0.0;0.0;0;P1;Ensoleillé;1013.9;1007.6;0;0;0;0;33520.0;0.0;0.49;3.6;12.6;357;12.5;;;;;;;;
Antibes;43.5823;7.1048;07/06/2026;03:00;15.9;72;10.8;15.4;6;0.0;0.0;0.0;0.0;0.0;0;P1;Ensoleillé;1013.8;1007.5;2;0;0;2;33520.0;0.0;0.51;4.7;13.7;9;12.7;;;;;;;;
Antibes;43.5823;7.1048;07/06/2026;04:00;16.1;70;10.8;15.6;6;0.0;0.0;0.0;0.0;0.0;0;P1;Ensoleillé;1013.7;1007.4;6;1;0;6;33520.0;0.0;0.54;5.6;14.0;15;13.4;;;;;;;;
Antibes;43.5823;7.1048;07/06/2026;05:00;16.6;69;10.9;16.0;6;0.0;0.0;0.0;0.0;0.0;0;P1;Ensoleillé;1013.6;1007.3;10;1;0;10;33520.0;0.0;0.6;6.4;14.0;22;14.6;;;;;;;;
Antibes;43.5823;7.1048;07/06/2026;06:00;17.2;67;11.1;16.6;7;0.0;0.0;0.0;0.0;0.0;0;P1;Ensoleillé;1013.4;1007.1;15;2;0;14;33520.0;0.0;0.65;6.9;12.2;28;15.9;;;;;;;;
Antibes;43.5823;7.1048;07/06/2026;07:00;17.9;66;11.3;17.2;9;0.0;0.0;0.0;0.0;0.0;0;P1;Ensoleillé;1013.2;1006.9;19;2;0;18;33520.0;0.0;0.71;7.4;9.7;34;17.3;;;;;;;;
Antibes;43.5823;7.1048;07/06/2026;08:00;18.5;65;11.7;17.9;10;0.0;0.0;0.0;0.0;0.0;1;P2;Éclaircies;1013.0;1006.7;22;2;0;21;33520.0;0.0;0.75;7.6;8.3;43;18.6;;;;;;;;
Antibes;43.5823;7.1048;07/06/2026;09:00;19.1;65;12.3;18.6;10;0.0;0.0;0.0;0.0;0.0;1;P2;Éclaircies;1012.7;1006.4;24;2;0;23;31780.0;0.0;0.78;8.2;8.3;57;20.1;;;;;;;;
Antibes;43.5823;7.1048;07/06/2026;10:00;19.9;65;13.1;19.5;10;0.0;0.0;0.0;0.0;0.0;1;P2;Éclaircies;1012.4;1006.2;26;2;0;25;30060.0;0.0;0.82;9.6;9.4;74;22.0;;;;;;;;
Antibes;43.5823;7.1048;07/06/2026;11:00;20.8;65;14.1;20.7;10;0.0;0.0;0.0;0.0;0.0;1;P2;Éclaircies;1012.1;1005.9;27;1;0;27;28340.0;0.0;0.85;11.5;10.4;86;23.9;;;;;;;;
Antibes;43.5823;7.1048;07/06/2026;12:00;21.5;66;14.9;22.2;11;0.0;0.0;0.0;0.0;0.0;1;P2;Éclaircies;1011.7;1005.5;28;1;0;28;26600.0;0.0;0.87;13.6;12.2;96;25.6;;;;;;;;
Antibes;43.5823;7.1048;07/06/2026;13:00;22.0;67;15.6;23.4;12;0.0;0.0;0.0;0.0;0.0;1;P2;Éclaircies;1011.3;1005.1;28;0;0;28;24880.0;0.0;0.87;14.8;14.4;103;26.8;;;;;;;;
Antibes;43.5823;7.1048;07/06/2026;14:00;22.3;68;16.1;24.1;13;0.0;0.0;0.0;0.0;0.0;1;P2;Éclaircies;1010.9;1004.7;27;0;0;27;23140.0;0.0;0.86;14.7;15.1;108;27.3;;;;;;;;
Antibes;43.5823;7.1048;07/06/2026;15:00;22.2;69;16.3;24.3;13;0.3;0.2;0.1;0.0;0.0;51;P10;Pluie faible;1010.4;1004.2;25;0;1;24;24380.0;0.0;0.82;12.8;13.7;114;26.9;;;;;;;;
Antibes;43.5823;7.1048;07/06/2026;16:00;21.8;71;16.4;24.1;13;0.3;0.2;0.1;0.0;0.0;51;P10;Pluie faible;1009.9;1003.7;21;0;2;19;25620.0;0.0;0.74;9.4;11.2;126;25.6;;;;;;;;
Antibes;43.5823;7.1048;07/06/2026;17:00;21.1;73;16.2;23.4;13;0.3;0.2;0.1;0.0;0.0;51;P10;Pluie faible;1009.3;1003.1;17;0;3;14;26880.0;0.0;0.67;6.1;9.0;156;24.0;;;;;;;;
Antibes;43.5823;7.1048;07/06/2026;18:00;20.5;75;15.9;21.7;13;0.3;0.2;0.1;0.0;0.0;51;P10;Pluie faible;1008.8;1002.6;12;1;4;8;28120.0;0.0;0.59;6.2;7.6;206;22.0;;;;;;;;
Antibes;43.5823;7.1048;07/06/2026;19:00;19.7;76;15.4;20.2;13;0.3;0.2;0.1;0.0;0.0;51;P10;Pluie faible;1008.5;1002.3;8;1;5;3;29360.0;0.0;0.54;9.1;6.8;234;20.2;;;;;;;;
Antibes;43.5823;7.1048;07/06/2026;20:00;19.0;76;14.8;18.8;13;0.3;0.2;0.1;0.0;0.0;51;P10;Pluie faible;1008.4;1002.2;5;1;5;0;30600.0;0.0;0.52;12.1;5.8;243;18.8;;;;;;;;
Antibes;43.5823;7.1048;07/06/2026;21:00;18.3;74;13.6;17.5;12;0.0;0.0;0.0;0.0;0.0;0;P1;Ensoleillé;1008.7;1002.5;3;1;5;0;31540.0;0.0;0.54;13.8;4.7;248;17.6;;;;;;;;
Antibes;43.5823;7.1048;07/06/2026;22:00;17.5;71;12.1;16.0;12;0.0;0.0;0.0;0.0;0.0;0;P1;Ensoleillé;1009.2;1002.9;1;0;4;0;32480.0;0.0;0.58;14.9;3.6;251;16.4;;;;;;;;
Antibes;43.5823;7.1048;07/06/2026;23:00;16.6;67;10.5;14.6;11;0.0;0.0;0.0;0.0;0.0;0;P1;Ensoleillé;1010.0;1003.7;0;0;3;0;33420.0;0.0;0.63;15.2;3.2;253;15.3;;;;;;;;
Antibes;43.5823;7.1048;08/06/2026;00:00;15.9;63;8.8;13.3;10;0.0;0.0;0.0;0.0;0.0;0;P1;Ensoleillé;1010.7;1004.4;0;0;2;0;34360.0;0.0;0.67;15.5;3.6;255;14.4;;;;;;;;
Antibes;43.5823;7.1048;08/06/2026;01:00;15.1;60;7.4;12.2;10;0.0;0.0;0.0;0.0;0.0;0;P1;Ensoleillé;1011.4;1005.1;0;0;1;0;35300.0;0.0;0.69;15.8;4.3;255;13.6;;;;;;;;
Antibes;43.5823;7.1048;08/06/2026;02:00;14.7;58;6.4;11.4;10;0.0;0.0;0.0;0.0;0.0;0;P1;Ensoleillé;1011.8;1005.5;2;2;0;0;36240.0;0.0;0.71;16.5;5.0;254;13.1;;;;;;;;
Antibes;43.5823;7.1048;08/06/2026;03:00;14.4;57;6.1;10.8;11;0.0;0.0;0.0;0.0;0.0;0;P1;Ensoleillé;1012.0;1005.7;5;6;0;0;36240.0;0.0;0.7;17.6;5.0;250;12.9;;;;;;;;
Antibes;43.5823;7.1048;08/06/2026;04:00;14.1;59;6.1;10.3;12;0.0;0.0;0.0;0.0;0.0;0;P1;Ensoleillé;1011.9;1005.5;11;11;0;0;36240.0;0.0;0.66;19.0;5.0;244;12.9;;;;;;;;
Antibes;43.5823;7.1048;08/06/2026;05:00;13.9;60;6.3;9.9;13;0.0;0.0;0.0;0.0;0.0;0;P1;Ensoleillé;1011.8;1005.4;17;18;0;0;36240.0;0.0;0.63;20.9;4.7;238;13.1;;;;;;;;
Antibes;43.5823;7.1048;08/06/2026;06:00;13.9;62;6.7;9.7;14;0.0;0.0;0.0;0.0;0.0;1;P2;Éclaircies;1011.7;1005.3;23;24;0;0;36240.0;0.0;0.61;22.8;4.3;234;13.6;;;;;;;;
Antibes;43.5823;7.1048;08/06/2026;07:00;14.2;62;6.9;9.9;15;0.0;0.0;0.0;0.0;0.0;1;P2;Éclaircies;1011.6;1005.2;28;28;0;0;36240.0;0.0;0.62;24.2;3.6;231;14.2;;;;;;;;
Antibes;43.5823;7.1048;08/06/2026;08:00;14.8;59;6.9;10.4;16;0.0;0.0;0.0;0.0;0.0;1;P2;Éclaircies;1011.6;1005.3;30;30;0;0;36240.0;0.0;0.69;25.0;3.6;232;15.2;;;;;;;;
Antibes;43.5823;7.1048;08/06/2026;09:00;15.9;54;6.6;11.4;16;0.0;0.0;0.0;0.0;0.0;1;P2;Éclaircies;1011.7;1005.4;29;29;0;0;37760.0;0.0;0.84;25.0;4.3;235;16.9;;;;;;;;
Antibes;43.5823;7.1048;08/06/2026;10:00;17.7;46;6.1;13.1;16;0.0;0.0;0.0;0.0;0.0;1;P2;Éclaircies;1011.9;1005.6;25;25;1;0;39300.0;0.0;1.09;24.6;5.4;242;19.0;;;;;;;;
Antibes;43.5823;7.1048;08/06/2026;11:00;19.7;39;5.3;15.3;16;0.0;0.0;0.0;0.0;0.0;1;P2;Éclaircies;1012.2;1006.0;20;19;2;0;40820.0;0.0;1.4;24.4;6.5;251;21.5;;;;;;;;
Antibes;43.5823;7.1048;08/06/2026;12:00;21.6;33;4.8;17.7;16;0.0;0.0;0.0;0.0;0.0;0;P1;Ensoleillé;1012.4;1006.2;14;13;2;0;42340.0;0.0;1.73;24.5;7.2;260;23.9;;;;;;;;
Antibes;43.5823;7.1048;08/06/2026;13:00;23.2;29;4.2;19.6;16;0.0;0.0;0.0;0.0;0.0;0;P1;Ensoleillé;1012.6;1006.4;9;8;3;0;43880.0;0.0;2.02;24.7;7.6;267;25.8;;;;;;;;
Antibes;43.5823;7.1048;08/06/2026;14:00;24.3;27;4.1;20.9;16;0.0;0.0;0.0;0.0;0.0;0;P1;Ensoleillé;1012.8;1006.7;5;4;3;0;45400.0;0.0;2.22;24.3;7.9;273;26.9;;;;;;;;
Antibes;43.5823;7.1048;08/06/2026;15:00;24.7;27;4.2;21.5;17;0.0;0.0;0.0;0.0;0.0;0;P1;Ensoleillé;1012.8;1006.7;3;2;3;0;45400.0;0.0;2.29;23.0;8.6;275;27.0;;;;;;;;
Antibes;43.5823;7.1048;08/06/2026;16:00;24.7;27;4.6;21.7;17;0.0;0.0;0.0;0.0;0.0;0;P1;Ensoleillé;1012.7;1006.6;1;1;2;0;45380.0;0.0;2.27;20.7;9.0;278;26.4;;;;;;;;
Antibes;43.5823;7.1048;08/06/2026;17:00;24.4;29;5.1;21.5;18;0.0;0.0;0.0;0.0;0.0;0;P1;Ensoleillé;1012.6;1006.5;0;0;2;0;45380.0;0.0;2.18;17.9;9.4;280;25.3;;;;;;;;
Antibes;43.5823;7.1048;08/06/2026;18:00;23.8;31;5.7;20.8;19;0.0;0.0;0.0;0.0;0.0;0;P1;Ensoleillé;1012.6;1006.4;0;0;1;0;45380.0;0.0;2.03;14.9;9.0;281;24.0;;;;;;;;
Antibes;43.5823;7.1048;08/06/2026;19:00;23.1;34;6.2;20.4;19;0.0;0.0;0.0;0.0;0.0;0;P1;Ensoleillé;1012.6;1006.4;0;0;0;0;45360.0;0.0;1.88;12.0;8.3;283;22.5;;;;;;;;
Antibes;43.5823;7.1048;08/06/2026;20:00;22.3;36;6.7;20.0;19;0.0;0.0;0.0;0.0;0.0;0;P1;Ensoleillé;1012.9;1006.7;0;0;0;0;45360.0;0.0;1.71;9.9;7.6;286;21.0;;;;;;;;
Antibes;43.5823;7.1048;08/06/2026;21:00;21.2;40;7.0;19.2;18;0.0;0.0;0.0;0.0;0.0;0;P1;Ensoleillé;1013.5;1007.3;2;0;0;2;43840.0;0.0;1.52;8.4;6.5;289;19.5;;;;;;;;
Antibes;43.5823;7.1048;08/06/2026;22:00;19.7;45;7.3;18.0;17;0.0;0.0;0.0;0.0;0.0;0;P1;Ensoleillé;1014.3;1008.1;5;0;0;5;42320.0;0.0;1.27;7.0;5.0;291;17.4;;;;;;;;
Antibes;43.5823;7.1048;08/06/2026;23:00;18.0;50;7.6;16.6;15;0.0;0.0;0.0;0.0;0.0;0;P1;Ensoleillé;1015.2;1008.9;8;0;0;9;40800.0;0.0;1.03;5.7;4.3;294;15.2;;;;;;;;
Antibes;43.5823;7.1048;09/06/2026;00:00;16.5;56;7.8;15.2;13;0.0;0.0;0.0;0.0;0.0;0;P1;Ensoleillé;1016.2;1009.9;12;0;0;12;39260.0;0.0;0.82;4.8;5.4;295;13.3;;;;;;;;
Antibes;43.5823;7.1048;09/06/2026;01:00;15.2;62;7.9;14.1;12;0.0;0.0;0.0;0.0;0.0;0;P1;Ensoleillé;1017.1;1010.7;15;0;0;15;37740.0;0.0;0.66;3.9;7.2;298;11.8;;;;;;;;
Antibes;43.5823;7.1048;09/06/2026;02:00;14.6;65;8.0;13.6;10;0.0;0.0;0.0;0.0;0.0;0;P1;Ensoleillé;1017.7;1011.3;16;0;0;16;36220.0;0.0;0.58;3.0;8.6;303;11.1;;;;;;;;
Antibes;43.5823;7.1048;09/06/2026;03:00;14.6;65;7.9;13.6;9;0.0;0.0;0.0;0.0;0.0;0;P1;Ensoleillé;1018.1;1011.7;16;0;0;16;36880.0;0.0;0.59;2.6;9.4;309;11.4;;;;;;;;
Antibes;43.5823;7.1048;09/06/2026;04:00;15.1;61;7.8;14.2;8;0.0;0.0;0.0;0.0;0.0;0;P1;Ensoleillé;1018.3;1011.9;14;0;0;14;37520.0;0.0;0.66;2.2;9.4;318;12.4;;;;;;;;
Antibes;43.5823;7.1048;09/06/2026;05:00;15.9;57;7.5;15.0;7;0.0;0.0;0.0;0.0;0.0;0;P1;Ensoleillé;1018.5;1012.1;11;0;0;12;38180.0;0.0;0.78;2.1;9.0;322;13.9;;;;;;;;
Antibes;43.5823;7.1048;09/06/2026;06:00;17.0;53;7.3;16.0;6;0.0;0.0;0.0;0.0;0.0;0;P1;Ensoleillé;1018.5;1012.2;9;0;0;9;38840.0;0.0;0.91;1.8;7.2;323;15.6;;;;;;;;
Antibes;43.5823;7.1048;09/06/2026;07:00;18.0;50;7.2;17.0;6;0.0;0.0;0.0;0.0;0.0;0;P1;Ensoleillé;1018.6;1012.3;6;0;0;7;39480.0;0.0;1.04;1.5;5.0;330;17.5;;;;;;;;
Antibes;43.5823;7.1048;09/06/2026;08:00;18.8;48;7.5;18.0;6;0.0;0.0;0.0;0.0;0.0;0;P1;Ensoleillé;1018.7;1012.4;5;0;0;5;40140.0;0.0;1.13;0.9;4.0;360;19.1;;;;;;;;
Antibes;43.5823;7.1048;09/06/2026;09:00;19.5;48;8.1;18.8;7;0.0;0.0;0.0;0.0;0.0;0;P1;Ensoleillé;1018.9;1012.6;3;0;0;3;39480.0;0.0;1.18;1.1;5.4;81;20.9;;;;;;;;
Antibes;43.5823;7.1048;09/06/2026;10:00;20.2;48;8.9;19.5;9;0.0;0.0;0.0;0.0;0.0;0;P1;Ensoleillé;1019.1;1012.8;1;0;1;0;38840.0;0.0;1.22;2.7;8.3;110;23.0;;;;;;;;
Antibes;43.5823;7.1048;09/06/2026;11:00;21.0;49;9.9;20.8;11;0.0;0.0;0.0;0.0;0.0;0;P1;Ensoleillé;1019.3;1013.0;0;0;2;0;38180.0;0.0;1.26;4.5;10.8;119;25.1;;;;;;;;
Antibes;43.5823;7.1048;09/06/2026;12:00;21.6;51;11.0;22.4;13;0.0;0.0;0.0;0.0;0.0;0;P1;Ensoleillé;1019.4;1013.2;0;0;3;0;37520.0;0.0;1.27;6.4;12.6;122;27.1;;;;;;;;
Antibes;43.5823;7.1048;09/06/2026;13:00;22.1;53;11.9;23.5;15;0.0;0.0;0.0;0.0;0.0;0;P1;Ensoleillé;1019.5;1013.3;1;0;4;0;36880.0;0.0;1.26;7.9;14.0;123;28.5;;;;;;;;
Antibes;43.5823;7.1048;09/06/2026;14:00;22.3;55;12.7;24.1;16;0.0;0.0;0.0;0.0;0.0;0;P1;Ensoleillé;1019.5;1013.3;6;0;4;2;36220.0;0.0;1.22;8.7;14.8;124;29.1;;;;;;;;
Antibes;43.5823;7.1048;09/06/2026;15:00;22.2;57;13.2;24.1;17;0.0;0.0;0.0;0.0;0.0;0;P1;Ensoleillé;1019.3;1013.1;18;2;4;14;30300.0;0.0;1.15;8.7;14.4;124;28.8;;;;;;;;
Antibes;43.5823;7.1048;09/06/2026;16:00;21.9;60;13.8;23.7;18;0.0;0.0;0.0;0.0;0.0;1;P2;Éclaircies;1019.0;1012.8;36;5;4;32;24360.0;0.0;1.05;8.1;13.3;122;27.7;;;;;;;;
Antibes;43.5823;7.1048;09/06/2026;17:00;21.3;64;14.2;22.8;18;0.0;0.0;0.0;0.0;0.0;2;P8;Éclaircies;1018.7;1012.5;56;9;4;53;18440.0;0.0;0.91;7.0;11.9;122;26.0;;;;;;;;
Antibes;43.5823;7.1048;09/06/2026;18:00;20.7;68;14.5;21.7;18;0.0;0.0;0.0;0.0;0.0;2;P8;Éclaircies;1018.3;1012.0;75;12;4;73;12520.0;0.0;0.79;5.8;9.7;120;24.2;;;;;;;;
Antibes;43.5823;7.1048;09/06/2026;19:00;20.0;71;14.6;20.9;17;0.0;0.0;0.0;0.0;0.0;3;P4;Nuageux;1018.0;1011.7;90;15;4;87;6580.0;0.0;0.68;4.7;7.6;118;22.4;;;;;;;;
Antibes;43.5823;7.1048;09/06/2026;20:00;19.5;74;14.7;20.5;16;0.0;0.0;0.0;0.0;0.0;3;P4;Nuageux;1017.8;1011.5;95;16;4;93;660.0;0.0;0.59;3.8;5.8;115;20.9;;;;;;;;
Antibes;43.5823;7.1048;09/06/2026;21:00;19.0;75;14.5;20.0;14;0.0;0.0;0.0;0.0;0.0;3;P4;Nuageux;1017.7;1011.4;89;15;4;87;5640.0;0.0;0.54;3.0;5.4;115;19.5;;;;;;;;
Antibes;43.5823;7.1048;09/06/2026;22:00;18.3;77;14.1;19.4;11;0.0;0.0;0.0;0.0;0.0;2;P8;Éclaircies;1017.8;1011.5;75;13;3;73;10620.0;0.0;0.49;1.9;5.8;112;18.0;;;;;;;;
Antibes;43.5823;7.1048;09/06/2026;23:00;17.6;77;13.6;18.6;8;0.0;0.0;0.0;0.0;0.0;2;P8;Éclaircies;1017.8;1011.5;55;10;3;53;15620.0;0.0;0.47;1.0;6.5;112;16.5;;;;;;;;
Antibes;43.5823;7.1048;10/06/2026;00:00;17.0;77;13.0;18.0;5;0.0;0.0;0.0;0.0;0.0;1;P2;Éclaircies;1017.9;1011.6;35;6;2;32;20600.0;0.0;0.45;0.2;8.3;90;15.2;;;;;;;;
Antibes;43.5823;7.1048;10/06/2026;01:00;16.6;77;12.6;17.3;2;0.0;0.0;0.0;0.0;0.0;0;P1;Ensoleillé;1018.0;1011.7;17;4;1;14;25580.0;0.0;0.43;0.4;10.8;297;14.3;;;;;;;;
Antibes;43.5823;7.1048;10/06/2026;02:00;16.2;77;12.2;16.9;0;0.0;0.0;0.0;0.0;0.0;0;P1;Ensoleillé;1018.1;1011.8;5;2;1;2;30560.0;0.0;0.42;0.6;12.2;304;13.9;;;;;;;;
Antibes;43.5823;7.1048;10/06/2026;03:00;16.0;78;12.1;16.6;0;0.0;0.0;0.0;0.0;0.0;0;P1;Ensoleillé;1018.2;1011.8;0;2;1;0;27460.0;0.0;0.41;0.6;12.6;342;13.9;;;;;;;;
Antibes;43.5823;7.1048;10/06/2026;04:00;15.9;78;12.1;16.4;1;0.0;0.0;0.0;0.0;0.0;0;P1;Ensoleillé;1018.2;1011.8;0;3;0;0;24360.0;0.0;0.39;1.0;11.9;22;14.4;;;;;;;;
Antibes;43.5823;7.1048;10/06/2026;05:00;15.9;79;12.2;16.3;2;0.0;0.0;0.0;0.0;0.0;0;P1;Ensoleillé;1018.3;1011.9;0;4;0;0;21260.0;0.0;0.38;1.8;11.2;53;15.1;;;;;;;;
Antibes;43.5823;7.1048;10/06/2026;06:00;15.9;79;12.4;16.3;3;0.0;0.0;0.0;0.0;0.0;0;P1;Ensoleillé;1018.4;1012.0;2;5;0;0;18140.0;0.0;0.37;2.6;9.7;65;16.1;;;;;;;;
Antibes;43.5823;7.1048;10/06/2026;07:00;16.2;79;12.6;16.6;5;0.0;0.0;0.0;0.0;0.0;0;P1;Ensoleillé;1018.4;1012.1;5;6;0;0;15040.0;0.0;0.39;3.1;7.9;77;17.4;;;;;;;;
Antibes;43.5823;7.1048;10/06/2026;08:00;16.8;77;12.8;17.2;6;0.0;0.0;0.0;0.0;0.0;0;P1;Ensoleillé;1018.4;1012.1;7;7;0;0;11940.0;0.0;0.44;3.2;6.5;93;18.6;;;;;;;;
Antibes;43.5823;7.1048;10/06/2026;09:00;17.8;73;12.9;18.2;6;0.0;0.0;0.0;0.0;0.0;0;P1;Ensoleillé;1018.4;1012.1;9;7;2;0;11360.0;0.0;0.54;3.6;6.1;123;20.4;;;;;;;;
Antibes;43.5823;7.1048;10/06/2026;10:00;19.1;69;13.2;19.4;5;0.0;0.0;0.0;0.0;0.0;0;P1;Ensoleillé;1018.3;1012.0;11;6;5;1;10800.0;0.0;0.7;5.3;6.5;152;22.6;;;;;;;;
Antibes;43.5823;7.1048;10/06/2026;11:00;20.8;63;13.6;21.0;4;0.0;0.0;0.0;0.0;0.0;0;P1;Ensoleillé;1018.2;1012.0;14;6;8;1;10220.0;0.0;0.9;7.9;6.8;167;25.1;;;;;;;;
Antibes;43.5823;7.1048;10/06/2026;12:00;22.3;59;13.8;23.0;3;0.0;0.0;0.0;0.0;0.0;0;P1;Ensoleillé;1018.1;1011.9;16;5;11;2;9640.0;0.0;1.11;10.8;7.2;175;27.4;;;;;;;;
Antibes;43.5823;7.1048;10/06/2026;13:00;23.6;55;14.1;24.5;3;0.0;0.0;0.0;0.0;0.0;0;P1;Ensoleillé;1018.0;1011.8;18;4;14;4;9080.0;0.0;1.31;13.3;7.6;180;29.1;;;;;;;;
Antibes;43.5823;7.1048;10/06/2026;14:00;24.4;53;14.2;25.3;3;0.0;0.0;0.0;0.0;0.0;1;P2;Éclaircies;1017.8;1011.6;20;3;15;5;8500.0;0.0;1.44;15.0;7.9;184;30.0;;;;;;;;
Antibes;43.5823;7.1048;10/06/2026;15:00;24.6;53;14.3;25.4;4;0.1;0.1;0.0;0.0;0.0;51;P10;Pluie faible;1017.6;1011.4;21;2;14;7;13120.0;0.0;1.47;15.8;7.9;188;29.9;;;;;;;;
Antibes;43.5823;7.1048;10/06/2026;16:00;24.5;53;14.4;24.9;6;0.1;0.1;0.0;0.0;0.0;51;P10;Pluie faible;1017.4;1011.2;21;2;12;9;17740.0;0.0;1.45;16.2;7.2;193;29.0;;;;;;;;
Antibes;43.5823;7.1048;10/06/2026;17:00;24.2;54;14.4;24.0;8;0.1;0.1;0.0;0.0;0.0;51;P10;Pluie faible;1017.1;1010.9;20;1;10;12;22360.0;0.0;1.38;16.3;6.8;199;27.5;;;;;;;;
Antibes;43.5823;7.1048;10/06/2026;18:00;23.7;56;14.3;22.7;10;0.1;0.1;0.0;0.0;0.0;51;P10;Pluie faible;1016.9;1010.7;20;1;6;15;26980.0;0.0;1.3;16.2;6.1;204;25.9;;;;;;;;
Antibes;43.5823;7.1048;10/06/2026;19:00;23.1;57;14.1;22.1;11;0.1;0.1;0.0;0.0;0.0;51;P10;Pluie faible;1016.7;1010.5;20;0;4;17;31600.0;0.0;1.22;16.1;5.0;210;24.1;;;;;;;;
Antibes;43.5823;7.1048;10/06/2026;20:00;22.5;58;13.8;21.4;13;0.1;0.1;0.0;0.0;0.0;51;P10;Pluie faible;1016.5;1010.3;21;0;2;20;36220.0;0.0;1.15;15.7;5.0;216;22.8;;;;;;;;
Antibes;43.5823;7.1048;10/06/2026;21:00;21.9;58;13.1;20.6;14;0.0;0.0;0.0;0.0;0.0;1;P2;Éclaircies;1016.4;1010.2;23;0;1;23;36220.0;0.0;1.11;15.3;6.8;222;21.6;;;;;;;;
Antibes;43.5823;7.1048;10/06/2026;22:00;21.0;57;12.2;19.6;15;0.0;0.0;0.0;0.0;0.0;1;P2;Éclaircies;1016.3;1010.1;26;0;1;26;36220.0;0.0;1.07;14.6;9.4;231;20.3;;;;;;;;
Antibes;43.5823;7.1048;10/06/2026;23:00;20.1;56;11.1;18.4;16;0.0;0.0;0.0;0.0;0.0;1;P2;Éclaircies;1016.2;1009.9;30;0;1;30;36220.0;0.0;1.03;14.2;11.5;241;19.0;;;;;;;;
Antibes;43.5823;7.1048;11/06/2026;00:00;19.2;56;10.1;17.3;16;0.0;0.0;0.0;0.0;0.0;1;P2;Éclaircies;1016.2;1009.9;33;0;1;33;36220.0;0.0;0.99;13.9;11.9;251;17.9;;;;;;;;
Antibes;43.5823;7.1048;11/06/2026;01:00;18.5;56;9.4;16.3;16;0.0;0.0;0.0;0.0;0.0;1;P2;Éclaircies;1016.2;1009.9;35;0;1;34;36220.0;0.0;0.94;13.7;11.9;259;17.0;;;;;;;;
Antibes;43.5823;7.1048;11/06/2026;02:00;17.9;56;9.1;15.7;16;0.0;0.0;0.0;0.0;0.0;1;P2;Éclaircies;1016.2;1009.9;35;0;1;34;36220.0;0.0;0.9;13.2;11.5;265;16.5;;;;;;;;
Antibes;43.5823;7.1048;11/06/2026;03:00;17.5;58;9.2;15.5;15;0.0;0.0;0.0;0.0;0.0;1;P2;Éclaircies;1016.3;1010.0;31;0;1;30;35280.0;0.0;0.83;12.1;11.9;267;16.3;;;;;;;;
Antibes;43.5823;7.1048;11/06/2026;04:00;17.1;62;9.8;15.6;13;0.0;0.0;0.0;0.0;0.0;1;P2;Éclaircies;1016.4;1010.1;24;1;1;23;34320.0;0.0;0.74;10.5;12.2;267;16.4;;;;;;;;
Antibes;43.5823;7.1048;11/06/2026;05:00;17.0;66;10.6;15.9;11;0.0;0.0;0.0;0.0;0.0;0;P1;Ensoleillé;1016.5;1010.2;16;1;0;15;33380.0;0.0;0.65;8.3;11.9;264;16.8;;;;;;;;
Antibes;43.5823;7.1048;11/06/2026;06:00;16.9;71;11.6;16.5;9;0.0;0.0;0.0;0.0;0.0;0;P1;Ensoleillé;1016.7;1010.4;8;1;0;7;32440.0;0.0;0.56;5.9;10.1;258;17.4;;;;;;;;
Antibes;43.5823;7.1048;11/06/2026;07:00;17.0;74;12.3;17.2;8;0.0;0.0;0.0;0.0;0.0;0;P1;Ensoleillé;1016.9;1010.6;3;2;0;2;31480.0;0.0;0.51;3.8;7.9;245;18.2;;;;;;;;
Antibes;43.5823;7.1048;11/06/2026;08:00;17.3;75;12.8;17.8;6;0.0;0.0;0.0;0.0;0.0;0;P1;Ensoleillé;1017.1;1010.8;3;2;0;2;30540.0;0.0;0.5;2.3;6.1;219;19.3;;;;;;;;
Antibes;43.5823;7.1048;11/06/2026;09:00;18.0;72;12.9;18.6;5;0.0;0.0;0.0;0.0;0.0;0;P1;Ensoleillé;1017.4;1011.1;9;2;0;8;28160.0;0.0;0.57;1.9;5.8;163;20.9;;;;;;;;
Antibes;43.5823;7.1048;11/06/2026;10:00;18.9;68;12.9;19.3;4;0.0;0.0;0.0;0.0;0.0;1;P2;Éclaircies;1017.7;1011.4;20;2;1;19;25780.0;0.0;0.7;3.2;6.1;124;23.0;;;;;;;;
Antibes;43.5823;7.1048;11/06/2026;11:00;20.0;63;12.8;20.6;3;0.0;0.0;0.0;0.0;0.0;1;P2;Éclaircies;1018.0;1011.7;34;2;1;33;23400.0;0.0;0.87;5.2;6.8;112;25.5;;;;;;;;
Antibes;43.5823;7.1048;11/06/2026;12:00;21.2;58;12.6;22.1;3;0.0;0.0;0.0;0.0;0.0;1;P2;Éclaircies;1018.3;1012.1;49;2;1;48;21020.0;0.0;1.06;7.1;7.6;106;27.8;;;;;;;;
Antibes;43.5823;7.1048;11/06/2026;13:00;22.2;54;12.4;23.3;3;0.0;0.0;0.0;0.0;0.0;2;P8;Éclaircies;1018.6;1012.4;61;2;2;60;18640.0;0.0;1.24;8.5;8.3;102;29.5;;;;;;;;
Antibes;43.5823;7.1048;11/06/2026;14:00;22.9;51;12.1;24.1;3;0.0;0.0;0.0;0.0;0.0;2;P8;Éclaircies;1018.7;1012.5;68;2;2;67;16260.0;0.0;1.38;9.2;8.6;101;30.5;;;;;;;;
Antibes;43.5823;7.1048;11/06/2026;15:00;23.2;48;11.8;24.2;4;0.0;0.0;0.0;0.0;0.0;2;P8;Éclaircies;1018.7;1012.5;70;2;2;69;20240.0;0.0;1.47;9.0;8.3;100;30.4;;;;;;;;
Antibes;43.5823;7.1048;11/06/2026;16:00;23.5;46;11.3;24.1;6;0.0;0.0;0.0;0.0;0.0;2;P8;Éclaircies;1018.6;1012.4;70;1;2;69;24220.0;0.0;1.55;7.9;7.9;101;29.6;;;;;;;;
Antibes;43.5823;7.1048;11/06/2026;17:00;23.5;45;10.8;23.5;8;0.0;0.0;0.0;0.0;0.0;2;P8;Éclaircies;1018.4;1012.2;67;1;2;66;28200.0;0.0;1.59;6.4;7.2;101;28.4;;;;;;;;
Antibes;43.5823;7.1048;11/06/2026;18:00;23.4;44;10.3;22.7;10;0.0;0.0;0.0;0.0;0.0;2;P8;Éclaircies;1018.2;1012.0;62;1;2;61;32180.0;0.0;1.62;4.8;6.5;103;26.8;;;;;;;;
Antibes;43.5823;7.1048;11/06/2026;19:00;23.1;43;9.9;22.6;11;0.0;0.0;0.0;0.0;0.0;2;P8;Éclaircies;1018.1;1011.9;58;0;2;57;36160.0;0.0;1.62;3.4;5.8;106;25.2;;;;;;;;
Antibes;43.5823;7.1048;11/06/2026;20:00;22.9;43;9.7;22.5;13;0.0;0.0;0.0;0.0;0.0;2;P8;Éclaircies;1018.1;1011.9;53;0;2;52;40140.0;0.0;1.58;2.2;5.4;104;23.8;;;;;;;;
Antibes;43.5823;7.1048;11/06/2026;21:00;22.4;44;9.6;22.0;14;0.0;0.0;0.0;0.0;0.0;1;P2;Éclaircies;1018.3;1012.1;47;0;2;46;39480.0;0.0;1.5;1.6;5.4;96;22.2;;;;;;;;
Antibes;43.5823;7.1048;11/06/2026;22:00;21.6;47;9.8;21.4;15;0.0;0.0;0.0;0.0;0.0;1;P2;Éclaircies;1018.6;1012.4;39;0;1;38;38820.0;0.0;1.38;1.1;6.1;72;20.4;;;;;;;;
Antibes;43.5823;7.1048;11/06/2026;23:00;20.8;50;10.0;20.6;16;0.0;0.0;0.0;0.0;0.0;1;P2;Éclaircies;1018.9;1012.6;30;0;1;29;38180.0;0.0;1.23;1.2;6.8;39;18.4;;;;;;;;
Antibes;43.5823;7.1048;12/06/2026;00:00;20.0;53;10.2;19.9;16;0.0;0.0;0.0;0.0;0.0;1;P2;Éclaircies;1019.3;1013.0;22;0;1;22;37520.0;0.0;1.09;1.5;7.9;21;16.7;;;;;;;;
Antibes;43.5823;7.1048;12/06/2026;01:00;19.4;57;10.5;19.2;16;0.0;0.0;0.0;0.0;0.0;0;P1;Ensoleillé;1019.6;1013.3;17;0;0;17;36860.0;0.0;0.98;1.8;9.4;11;15.4;;;;;;;;
Antibes;43.5823;7.1048;12/06/2026;02:00;19.0;59;10.7;18.9;16;0.0;0.0;0.0;0.0;0.0;0;P1;Ensoleillé;1019.9;1013.6;18;0;0;18;36200.0;0.0;0.91;2.0;10.1;5;14.8;;;;;;;;
Antibes;43.5823;7.1048;12/06/2026;03:00;19.0;59;10.9;18.9;15;0.0;0.0;0.0;0.0;0.0;1;P2;Éclaircies;1020.1;1013.8;26;0;0;26;36200.0;0.0;0.89;2.0;10.4;355;15.0;;;;;;;;
Antibes;43.5823;7.1048;12/06/2026;04:00;19.0;60;11.0;19.1;14;0.0;0.0;0.0;0.0;0.0;1;P2;Éclaircies;1020.2;1013.9;39;0;0;39;36200.0;0.0;0.89;1.8;10.4;349;15.8;;;;;;;;
Antibes;43.5823;7.1048;12/06/2026;05:00;19.4;59;11.1;19.4;13;0.0;0.0;0.0;0.0;0.0;2;P8;Éclaircies;1020.3;1014.0;56;0;0;56;36200.0;0.0;0.92;1.8;9.7;336;17.0;;;;;;;;
Antibes;43.5823;7.1048;12/06/2026;06:00;19.8;58;11.3;19.9;12;0.0;0.0;0.0;0.0;0.0;2;P8;Éclaircies;1020.3;1014.0;73;0;0;73;36200.0;0.0;0.96;1.5;7.9;324;18.5;;;;;;;;
Antibes;43.5823;7.1048;12/06/2026;07:00;20.2;57;11.4;20.5;11;0.0;0.0;0.0;0.0;0.0;3;P4;Nuageux;1020.3;1014.0;88;0;0;88;36200.0;0.0;1.03;1.0;5.8;315;20.2;;;;;;;;
Antibes;43.5823;7.1048;12/06/2026;08:00;20.8;55;11.4;21.1;10;0.0;0.0;0.0;0.0;0.0;3;P4;Nuageux;1020.4;1014.1;98;0;0;98;36200.0;0.0;1.1;0.3;4.0;315;21.8;;;;;;;;
Antibes;43.5823;7.1048;12/06/2026;09:00;21.4;53;11.4;21.6;10;0.0;0.0;0.0;0.0;0.0;3;P4;Nuageux;1020.5;1014.2;100;0;0;100;37720.0;0.0;1.21;1.2;3.6;117;23.6;;;;;;;;
Antibes;43.5823;7.1048;12/06/2026;10:00;22.2;50;11.2;22.2;10;0.0;0.0;0.0;0.0;0.0;3;P4;Nuageux;1020.5;1014.3;100;0;0;100;39240.0;0.0;1.35;3.1;3.6;118;25.8;;;;;;;;
Antibes;43.5823;7.1048;12/06/2026;11:00;23.2;46;11.0;23.1;11;0.0;0.0;0.0;0.0;0.0;3;P4;Nuageux;1020.5;1014.3;100;0;0;100;40780.0;0.0;1.53;5.5;4.3;117;28.0;;;;;;;;
Antibes;43.5823;7.1048;12/06/2026;12:00;25.0;43;11.7;25.4;12;0.0;0.0;0.0;0.0;0.0;3;P4;Nuageux;1020.3;1014.2;98;0;1;98;37760.0;0.0;1.8;8.5;5.8;129;30.2;;;;;;;;
Antibes;43.5823;7.1048;12/06/2026;13:00;26.4;42;12.4;27.1;12;0.0;0.0;0.0;0.0;0.0;3;P4;Nuageux;1020.0;1013.9;97;0;2;97;33980.0;0.0;2.01;11.2;7.6;142;32.2;;;;;;;;
Antibes;43.5823;7.1048;12/06/2026;14:00;27.6;41;13.2;28.4;13;0.0;0.0;0.0;0.0;0.0;3;P4;Nuageux;1019.6;1013.5;98;0;6;98;29440.0;0.0;2.16;12.9;9.0;156;33.5;;;;;;;;
Antibes;43.5823;7.1048;12/06/2026;15:00;28.2;42;14.1;29.3;14;0.0;0.0;0.0;0.0;0.0;3;P4;Nuageux;1019.0;1012.9;92;0;24;83;24140.0;0.0;2.22;13.1;9.7;171;;;;;;;;;
Antibes;43.5823;7.1048;12/06/2026;16:00;28.0;42;13.9;28.9;14;0.0;0.0;0.0;0.0;0.0;3;P4;Nuageux;1018.6;1012.5;81;0;45;60;24140.0;0.0;2.19;12.1;9.7;170;;;;;;;;;
Antibes;43.5823;7.1048;12/06/2026;17:00;27.5;44;14.1;28.2;15;0.0;0.0;0.0;0.0;0.0;2;P8;Éclaircies;1018.2;1012.1;75;0;55;48;24140.0;0.0;2.05;10.7;9.4;166;;;;;;;;;
Antibes;43.5823;7.1048;12/06/2026;18:00;26.6;49;15.0;27.0;15;0.0;0.0;0.0;0.0;0.0;3;P4;Nuageux;1017.9;1011.8;82;0;44;61;24140.0;0.0;1.77;9.3;8.3;152;;;;;;;;;
Antibes;43.5823;7.1048;12/06/2026;19:00;25.5;55;15.8;26.2;16;0.0;0.0;0.0;0.0;0.0;3;P4;Nuageux;1017.7;1011.6;94;0;22;85;24140.0;0.0;1.47;8.4;6.8;130;;;;;;;;;
Antibes;43.5823;7.1048;12/06/2026;20:00;24.5;60;16.2;25.4;16;0.0;0.0;0.0;0.0;0.0;3;P4;Nuageux;1017.6;1011.4;100;0;5;100;24140.0;0.0;1.23;8.4;5.8;110;;;;;;;;;
Antibes;43.5823;7.1048;12/06/2026;21:00;23.8;64;16.6;25.0;16;0.0;0.0;0.0;0.0;0.0;3;P4;Nuageux;1017.7;1011.5;95;0;1;97;24140.0;0.0;1.06;7.6;5.0;93;;;;;;;;;
Antibes;43.5823;7.1048;12/06/2026;22:00;23.2;66;16.5;24.5;16;0.0;0.0;0.0;0.0;0.0;3;P4;Nuageux;1017.8;1011.6;83;0;2;84;24140.0;0.0;0.97;6.6;4.7;68;;;;;;;;;
Antibes;43.5823;7.1048;12/06/2026;23:00;22.8;68;16.6;24.1;16;0.0;0.0;0.0;0.0;0.0;2;P8;Éclaircies;1017.8;1011.6;68;0;3;68;24140.0;0.0;0.89;6.6;4.3;49;;;;;;;;;
Cannes;43.5454;7.0152;28/05/2026;00:00;24.7;69;18.6;26.6;0;0.0;0.0;0.0;0.0;0.0;3;P4;Nuageux;1016.3;1016.2;93;0;100;0;33640.0;0.02;0.96;6.8;7.6;72;22.0;24.7;25.7;21.0;0.14;0.184;0.226;0.29;0.354
Cannes;43.5454;7.0152;28/05/2026;01:00;23.5;72;18.1;25.1;0;0.0;0.0;0.0;0.0;0.0;1;P2;Éclaircies;1016.7;1016.6;20;0;46;0;33640.0;0.02;0.81;13.3;17.3;49;21.2;24.1;25.4;21.0;0.141;0.185;0.226;0.29;0.354
Cannes;43.5454;7.0152;28/05/2026;02:00;22.6;81;19.2;24.2;0;0.0;0.0;0.0;0.0;0.0;1;P2;Éclaircies;1016.4;1016.3;32;0;80;0;33640.0;0.02;0.52;16.3;27.0;45;20.3;23.6;25.2;21.0;0.143;0.184;0.226;0.315;0.373
Cannes;43.5454;7.0152;28/05/2026;03:00;22.1;85;19.5;23.7;0;0.0;0.0;0.0;0.0;0.0;0;P1;Ensoleillé;1016.4;1016.3;6;0;9;0;30740.0;0.01;0.4;15.6;28.8;71;19.6;23.2;24.9;21.1;0.145;0.185;0.227;0.315;0.373
Cannes;43.5454;7.0152;28/05/2026;04:00;21.8;87;19.6;23.3;0;0.0;0.0;0.0;0.0;0.0;0;P1;Ensoleillé;1016.6;1016.5;0;0;0;0;30740.0;0.01;0.34;15.3;28.8;66;19.1;22.8;24.6;21.1;0.147;0.185;0.227;0.315;0.373
Cannes;43.5454;7.0152;28/05/2026;05:00;21.7;88;19.6;23.7;0;0.0;0.0;0.0;0.0;0.0;0;P1;Ensoleillé;1016.9;1016.8;0;0;0;0;27400.0;0.01;0.31;14.8;25.2;72;18.5;22.5;24.4;21.1;0.149;0.185;0.227;0.315;0.373
Cannes;43.5454;7.0152;28/05/2026;06:00;21.4;88;19.3;24.0;0;0.0;0.0;0.0;0.0;0.0;0;P1;Ensoleillé;1016.9;1016.8;3;0;0;0;30740.0;0.01;0.31;8.9;16.2;40;18.5;22.3;24.1;21.1;0.151;0.186;0.228;0.315;0.372
Cannes;43.5454;7.0152;28/05/2026;07:00;21.8;87;19.5;23.7;0;0.0;0.0;0.0;0.0;0.0;0;P1;Ensoleillé;1017.5;1017.4;1;10;0;0;30740.0;0.01;0.34;12.6;18.7;59;21.5;22.2;23.9;21.1;0.153;0.186;0.228;0.314;0.372
Cannes;43.5454;7.0152;28/05/2026;08:00;23.1;80;19.4;24.4;0;0.0;0.0;0.0;0.0;0.0;0;P1;Ensoleillé;1017.4;1017.3;2;1;0;0;33640.0;0.04;0.56;16.1;34.9;66;25.1;23.0;23.7;21.1;0.153;0.187;0.229;0.314;0.372
Cannes;43.5454;7.0152;28/05/2026;09:00;24.0;75;19.3;24.2;0;0.0;0.0;0.0;0.0;0.0;0;P1;Ensoleillé;1017.4;1017.3;1;0;0;0;33640.0;0.09;0.74;20.4;39.6;69;27.9;23.9;23.6;21.1;0.154;0.187;0.229;0.314;0.372
Cannes;43.5454;7.0152;28/05/2026;10:00;24.5;72;19.1;24.9;0;0.0;0.0;0.0;0.0;0.0;0;P1;Ensoleillé;1017.4;1017.3;0;0;0;0;33640.0;0.15;0.86;19.5;35.3;87;30.4;25.1;23.6;21.1;0.153;0.187;0.229;0.313;0.372
Cannes;43.5454;7.0152;28/05/2026;11:00;25.1;71;19.4;25.5;0;0.0;0.0;0.0;0.0;0.0;0;P1;Ensoleillé;1017.8;1017.7;0;0;0;0;33640.0;0.19;0.92;16.6;29.2;95;32.1;26.2;23.7;21.1;0.152;0.187;0.229;0.313;0.372
Cannes;43.5454;7.0152;28/05/2026;12:00;25.7;64;18.4;26.1;0;0.0;0.0;0.0;0.0;0.0;0;P1;Ensoleillé;1017.6;1017.5;0;0;0;0;36300.0;0.22;1.19;18.8;30.2;93;33.8;27.3;23.9;21.2;0.151;0.187;0.229;0.312;0.371
Cannes;43.5454;7.0152;28/05/2026;13:00;26.4;58;17.5;26.8;0;0.0;0.0;0.0;0.0;0.0;0;P1;Ensoleillé;1017.5;1017.4;0;0;0;0;36300.0;0.25;1.45;17.7;31.7;95;33.6;28.4;24.1;21.2;0.148;0.186;0.228;0.311;0.371
Cannes;43.5454;7.0152;28/05/2026;14:00;26.9;53;16.5;26.6;0;0.0;0.0;0.0;0.0;0.0;0;P1;Ensoleillé;1017.9;1017.8;0;0;0;0;36300.0;0.25;1.66;17.3;33.8;102;34.5;29.2;24.4;21.2;0.147;0.186;0.228;0.311;0.371
Cannes;43.5454;7.0152;28/05/2026;15:00;26.4;59;17.8;27.1;0;0.0;0.0;0.0;0.0;0.0;3;P4;Nuageux;1017.4;1017.3;100;0;100;0;36300.0;0.26;1.41;15.6;31.0;109;34.1;29.9;24.7;21.2;0.144;0.186;0.228;0.31;0.37
Cannes;43.5454;7.0152;28/05/2026;16:00;27.2;55;17.3;26.7;0;0.0;0.0;0.0;0.0;0.0;3;P4;Nuageux;1016.8;1016.7;100;0;100;0;10740.0;0.23;1.62;16.6;30.2;108;33.1;30.0;25.0;21.2;0.143;0.185;0.228;0.31;0.37
Cannes;43.5454;7.0152;28/05/2026;17:00;25.6;57;16.5;26.2;3;0.0;0.0;0.0;0.0;0.0;3;P4;Nuageux;1017.6;1017.5;100;0;100;0;4280.0;0.2;1.41;14.1;27.4;94;31.3;29.8;25.2;21.2;0.142;0.185;0.227;0.309;0.37
Cannes;43.5454;7.0152;28/05/2026;18:00;23.0;81;19.5;26.3;0;0.0;0.0;0.0;0.0;0.0;3;P4;Nuageux;1017.6;1017.5;100;0;100;0;33640.0;0.14;0.53;9.2;11.9;141;28.9;29.2;25.4;21.3;0.142;0.185;0.227;0.309;0.37
Cannes;43.5454;7.0152;28/05/2026;19:00;23.4;76;18.9;25.4;0;0.0;0.0;0.0;0.0;0.0;3;P4;Nuageux;1016.7;1016.6;100;0;100;0;36300.0;0.09;0.69;10.8;12.2;116;26.5;28.3;25.6;21.3;0.143;0.185;0.227;0.308;0.37
Cannes;43.5454;7.0152;28/05/2026;20:00;23.8;67;17.3;25.8;0;0.0;0.0;0.0;0.0;0.0;3;P4;Nuageux;1017.4;1017.3;100;0;100;94;40100.0;0.05;0.97;3.8;7.2;73;25.8;27.4;25.6;21.3;0.144;0.185;0.228;0.308;0.369
Cannes;43.5454;7.0152;28/05/2026;21:00;22.5;84;19.6;24.9;0;0.0;0.0;0.0;0.0;0.0;3;P4;Nuageux;1017.5;1017.4;100;0;100;100;36300.0;0.02;0.44;7.2;16.2;87;23.0;26.2;25.6;21.3;0.145;0.185;0.228;0.308;0.369
Cannes;43.5454;7.0152;28/05/2026;22:00;22.2;84;19.4;23.8;0;0.0;0.0;0.0;0.0;0.0;3;P4;Nuageux;1017.5;1017.4;100;2;100;13;33620.0;0.01;0.43;11.6;32.0;64;20.7;25.1;25.5;21.3;0.148;0.185;0.228;0.308;0.369
Cannes;43.5454;7.0152;28/05/2026;23:00;22.4;79;18.5;24.5;3;0.0;0.0;0.0;0.0;0.0;3;P4;Nuageux;1018.7;1018.6;100;0;100;0;33620.0;0.01;0.57;6.8;10.8;90;19.8;24.3;25.3;21.4;0.149;0.186;0.228;0.308;0.369
Cannes;43.5454;7.0152;29/05/2026;00:00;22.1;78;18.1;23.8;0;0.0;0.0;0.0;0.0;0.0;0;P1;Ensoleillé;1019.1;1019.0;0;0;100;0;30740.0;0.01;0.59;8.0;18.7;54;19.6;23.7;25.1;21.4;0.151;0.186;0.228;0.308;0.369
Cannes;43.5454;7.0152;29/05/2026;01:00;21.9;80;18.3;24.1;5;0.0;0.0;0.0;0.0;0.0;0;P1;Ensoleillé;1018.8;1018.7;0;0;0;0;30740.0;0.01;0.52;4.0;6.8;360;18.8;23.2;24.8;21.4;0.153;0.186;0.229;0.308;0.369
Cannes;43.5454;7.0152;29/05/2026;02:00;21.8;84;19.0;24.3;3;0.0;0.0;0.0;0.0;0.0;0;P1;Ensoleillé;1018.4;1018.3;0;0;0;0;30740.0;0.01;0.4;3.2;9.0;74;18.1;22.8;24.6;21.4;0.155;0.187;0.229;0.308;0.369
Cannes;43.5454;7.0152;29/05/2026;03:00;21.2;86;18.9;24.1;0;0.0;0.0;0.0;0.0;0.0;0;P1;Ensoleillé;1018.4;1018.3;0;0;0;50;33620.0;0.01;0.34;3.8;7.9;213;17.6;22.5;24.4;21.4;0.157;0.187;0.229;0.308;0.369
Cannes;43.5454;7.0152;29/05/2026;04:00;20.8;88;18.9;23.6;0;0.0;0.0;0.0;0.0;0.0;0;P1;Ensoleillé;1018.6;1018.5;0;0;0;0;33620.0;0.01;0.28;3.1;4.7;235;17.3;22.3;24.1;21.4;0.158;0.188;0.229;0.307;0.369
Cannes;43.5454;7.0152;29/05/2026;05:00;20.5;87;18.2;23.0;0;0.0;0.0;0.0;0.0;0.0;0;P1;Ensoleillé;1019.1;1019.0;0;0;0;0;36300.0;0.01;0.31;3.1;2.5;54;17.0;22.0;23.9;21.4;0.16;0.188;0.23;0.307;0.369
Cannes;43.5454;7.0152;29/05/2026;06:00;21.0;90;19.3;22.7;3;0.0;0.0;0.0;0.0;0.0;0;P1;Ensoleillé;1020.0;1019.9;0;0;0;0;33620.0;0.01;0.25;12.8;23.0;68;16.7;21.8;23.7;21.5;0.162;0.188;0.23;0.307;0.368
Cannes;43.5454;7.0152;29/05/2026;07:00;22.0;82;18.8;23.0;5;0.0;0.0;0.0;0.0;0.0;0;P1;Ensoleillé;1020.4;1020.3;0;0;0;0;33620.0;0.01;0.47;15.1;29.9;57;20.3;21.8;23.5;21.5;0.163;0.189;0.23;0.307;0.368
Cannes;43.5454;7.0152;29/05/2026;08:00;23.0;78;18.9;24.0;3;0.0;0.0;0.0;0.0;0.0;0;P1;Ensoleillé;1020.7;1020.6;9;7;0;0;36300.0;0.04;0.62;16.1;36.7;70;25.1;22.2;23.3;21.5;0.164;0.189;0.23;0.307;0.368
Cannes;43.5454;7.0152;29/05/2026;09:00;23.8;70;18.0;24.7;0;0.0;0.0;0.0;0.0;0.0;0;P1;Ensoleillé;1020.8;1020.7;0;0;0;0;36300.0;0.09;0.88;13.3;31.0;71;28.9;23.3;23.2;21.5;0.164;0.189;0.231;0.307;0.368
Cannes;43.5454;7.0152;29/05/2026;10:00;24.8;60;16.5;25.1;3;0.0;0.0;0.0;0.0;0.0;0;P1;Ensoleillé;1020.9;1020.8;0;0;0;0;36300.0;0.17;1.25;13.4;27.4;85;31.3;24.9;23.2;21.5;0.162;0.189;0.23;0.306;0.368
Cannes;43.5454;7.0152;29/05/2026;11:00;25.1;63;17.5;25.8;0;0.0;0.0;0.0;0.0;0.0;0;P1;Ensoleillé;1021.3;1021.2;0;0;0;0;36300.0;0.22;1.18;13.4;27.0;98;32.9;26.3;23.4;21.5;0.16;0.189;0.23;0.306;0.368
Cannes;43.5454;7.0152;29/05/2026;12:00;25.7;55;16.0;25.5;0;0.0;0.0;0.0;0.0;0.0;0;P1;Ensoleillé;1021.6;1021.5;0;0;0;0;36280.0;0.24;1.49;15.7;31.0;101;33.1;27.4;23.6;21.5;0.158;0.189;0.23;0.305;0.367
Cannes;43.5454;7.0152;29/05/2026;13:00;25.6;58;16.7;25.8;0;0.0;0.0;0.0;0.0;0.0;0;P1;Ensoleillé;1021.8;1021.7;0;0;0;0;9860.0;0.25;1.38;14.7;31.3;107;33.4;28.3;23.8;21.5;0.155;0.188;0.23;0.305;0.367
Cannes;43.5454;7.0152;29/05/2026;14:00;26.4;53;16.0;26.8;0;0.0;0.0;0.0;0.0;0.0;0;P1;Ensoleillé;1021.8;1021.7;0;0;0;0;3140.0;0.23;1.61;11.3;29.9;97;35.9;28.7;24.1;21.5;0.153;0.188;0.229;0.304;0.367
Cannes;43.5454;7.0152;29/05/2026;15:00;26.4;49;14.8;26.4;0;0.0;0.0;0.0;0.0;0.0;3;P4;Nuageux;1021.7;1021.6;100;0;0;100;1560.0;0.22;1.76;11.0;26.3;122;34.4;28.8;24.4;21.5;0.151;0.188;0.229;0.304;0.366
Cannes;43.5454;7.0152;29/05/2026;16:00;26.1;48;14.2;26.7;3;0.0;0.0;0.0;0.0;0.0;3;P4;Nuageux;1021.8;1021.7;100;0;0;100;1100.0;0.2;1.75;5.1;23.4;176;33.8;28.9;24.6;21.5;0.15;0.187;0.229;0.303;0.366
Cannes;43.5454;7.0152;29/05/2026;17:00;26.0;51;15.1;26.8;0;0.0;0.0;0.0;0.0;0.0;3;P4;Nuageux;1021.2;1021.1;100;0;0;100;1580.0;0.17;1.64;5.8;13.7;184;31.9;28.9;24.9;21.5;0.148;0.187;0.229;0.303;0.366
Cannes;43.5454;7.0152;29/05/2026;18:00;26.5;44;13.3;26.4;0;0.0;0.0;0.0;0.0;0.0;3;P4;Nuageux;1020.8;1020.7;100;0;0;100;2160.0;0.15;1.94;7.8;22.0;112;31.5;28.7;25.1;21.5;0.148;0.187;0.228;0.303;0.366
Cannes;43.5454;7.0152;29/05/2026;19:00;26.9;41;12.6;27.1;0;0.0;0.0;0.0;0.0;0.0;3;P4;Nuageux;1020.9;1020.8;100;0;0;100;1300.0;0.11;2.09;4.1;15.5;135;29.5;28.3;25.2;21.5;0.147;0.186;0.228;0.302;0.366
Cannes;43.5454;7.0152;29/05/2026;20:00;26.2;44;13.0;26.8;0;0.0;0.0;0.0;0.0;0.0;3;P4;Nuageux;1021.0;1020.9;100;0;0;100;1060.0;0.07;1.91;2.3;11.5;129;27.1;27.6;25.3;21.6;0.148;0.186;0.228;0.302;0.366
Cannes;43.5454;7.0152;29/05/2026;21:00;24.8;56;15.4;26.2;0;0.0;0.0;0.0;0.0;0.0;1;P2;Éclaircies;1020.9;1020.8;36;0;0;59;820.0;0.03;1.38;3.3;2.5;283;23.4;26.5;25.4;21.6;0.149;0.186;0.228;0.302;0.365
Cannes;43.5454;7.0152;29/05/2026;22:00;25.5;44;12.4;25.7;0;0.0;0.0;0.0;0.0;0.0;0;P1;Ensoleillé;1021.0;1020.9;0;0;0;0;1020.0;0.02;1.83;4.0;9.4;5;21.8;25.3;25.3;21.6;0.151;0.187;0.229;0.302;0.365
Cannes;43.5454;7.0152;29/05/2026;23:00;24.9;46;12.5;24.7;0;0.0;0.0;0.0;0.0;0.0;1;P2;Éclaircies;1020.8;1020.7;24;0;0;25;2960.0;0.02;1.7;6.2;8.6;10;21.0;24.4;25.1;21.6;0.152;0.187;0.229;0.302;0.365
Cannes;43.5454;7.0152;30/05/2026;00:00;24.6;46;12.2;24.8;0;0.0;0.0;0.0;0.0;0.0;0;P1;Ensoleillé;1020.8;1020.7;0;0;0;0;7080.0;0.02;1.67;3.7;9.4;11;20.1;23.8;25.0;21.6;0.154;0.187;0.229;0.302;0.365
Cannes;43.5454;7.0152;30/05/2026;01:00;23.7;51;12.9;23.7;0;0.0;0.0;0.0;0.0;0.0;0;P1;Ensoleillé;1020.7;1020.6;0;0;0;0;15680.0;0.02;1.43;6.4;7.9;322;19.3;23.3;24.8;21.6;0.155;0.187;0.229;0.302;0.365
Cannes;43.5454;7.0152;30/05/2026;02:00;23.6;52;13.1;23.3;0;0.0;0.0;0.0;0.0;0.0;0;P1;Ensoleillé;1020.5;1020.4;0;0;0;0;36280.0;0.03;1.4;8.8;14.0;351;18.7;23.0;24.5;21.7;0.156;0.188;0.229;0.302;0.365
Cannes;43.5454;7.0152;30/05/2026;03:00;23.6;51;12.8;24.0;0;0.0;0.0;0.0;0.0;0.0;0;P1;Ensoleillé;1020.3;1020.2;0;0;0;0;36280.0;0.03;1.42;3.4;13.3;18;18.1;22.7;24.3;21.7;0.157;0.188;0.229;0.302;0.365
Cannes;43.5454;7.0152;30/05/2026;04:00;22.8;54;13.0;23.1;0;0.0;0.0;0.0;0.0;0.0;0;P1;Ensoleillé;1020.0;1019.9;0;0;0;0;36280.0;0.03;1.27;4.2;5.0;329;17.7;22.5;24.1;21.7;0.159;0.188;0.23;0.302;0.365
Cannes;43.5454;7.0152;30/05/2026;05:00;22.5;54;12.7;22.9;0;0.0;0.0;0.0;0.0;0.0;0;P1;Ensoleillé;1020.0;1019.9;0;0;0;0;36280.0;0.03;1.26;3.4;5.4;342;17.3;22.2;23.9;21.7;0.16;0.188;0.23;0.302;0.365
Cannes;43.5454;7.0152;30/05/2026;06:00;22.2;52;11.9;22.4;0;0.0;0.0;0.0;0.0;0.0;0;P1;Ensoleillé;1019.9;1019.8;0;0;0;0;36280.0;0.03;1.29;2.9;3.6;30;16.8;21.9;23.7;21.7;0.161;0.189;0.23;0.302;0.365
Cannes;43.5454;7.0152;30/05/2026;07:00;22.7;52;12.4;23.1;0;0.0;0.0;0.0;0.0;0.0;0;P1;Ensoleillé;1020.1;1020.0;0;0;0;0;36280.0;0.04;1.33;2.4;3.2;27;20.6;21.7;23.5;21.7;0.162;0.189;0.23;0.302;0.365
Cannes;43.5454;7.0152;30/05/2026;08:00;24.3;52;13.8;25.3;0;0.0;0.0;0.0;0.0;0.0;0;P1;Ensoleillé;1020.1;1020.0;0;0;0;0;36280.0;0.06;1.46;1.9;4.7;158;26.0;22.3;23.3;21.7;0.162;0.189;0.23;0.301;0.364
Cannes;43.5454;7.0152;30/05/2026;09:00;25.6;47;13.4;26.3;0;0.0;0.0;0.0;0.0;0.0;0;P1;Ensoleillé;1020.1;1020.0;0;0;0;0;36280.0;0.1;1.74;2.7;5.8;203;29.9;23.8;23.3;21.7;0.161;0.189;0.23;0.301;0.364
Cannes;43.5454;7.0152;30/05/2026;10:00;27.0;42;13.0;27.1;0;0.0;0.0;0.0;0.0;0.0;0;P1;Ensoleillé;1020.0;1019.9;0;0;0;0;40100.0;0.19;2.06;5.5;10.1;203;33.1;25.4;23.3;21.7;0.159;0.189;0.23;0.301;0.364
Cannes;43.5454;7.0152;30/05/2026;11:00;26.8;48;14.8;27.1;0;0.0;0.0;0.0;0.0;0.0;0;P1;Ensoleillé;1019.8;1019.7;0;0;0;0;40100.0;0.24;1.83;8.9;14.8;194;35.2;26.8;23.5;21.7;0.157;0.189;0.23;0.3;0.364
Cannes;43.5454;7.0152;30/05/2026;12:00;27.4;45;14.4;27.4;0;0.0;0.0;0.0;0.0;0.0;2;P8;Éclaircies;1019.7;1019.6;60;0;0;54;40100.0;0.29;2.01;10.2;17.6;188;36.6;28.4;23.8;21.7;0.153;0.188;0.229;0.3;0.363
Cannes;43.5454;7.0152;30/05/2026;13:00;27.3;48;15.3;27.4;0;0.0;0.0;0.0;0.0;0.0;3;P4;Nuageux;1019.3;1019.2;91;0;0;84;40100.0;0.32;1.88;11.1;19.4;193;37.0;29.7;24.1;21.7;0.149;0.187;0.229;0.299;0.363
Cannes;43.5454;7.0152;30/05/2026;14:00;27.3;47;15.0;27.3;0;0.0;0.0;0.0;0.0;0.0;3;P4;Nuageux;1018.7;1018.6;100;0;0;100;40100.0;0.32;1.92;11.9;20.5;178;37.1;30.6;24.5;21.7;0.146;0.187;0.228;0.298;0.363
Cannes;43.5454;7.0152;30/05/2026;15:00;26.8;53;16.4;27.5;0;0.0;0.0;0.0;0.0;0.0;3;P4;Nuageux;1018.3;1018.2;100;0;0;100;40100.0;0.3;1.65;9.8;20.9;188;36.1;31.0;24.9;21.7;0.143;0.186;0.227;0.298;0.362
Cannes;43.5454;7.0152;30/05/2026;16:00;26.1;57;16.9;27.4;0;0.0;0.0;0.0;0.0;0.0;3;P4;Nuageux;1018.4;1018.3;100;0;0;100;40100.0;0.26;1.45;7.3;18.7;189;34.2;31.0;25.3;21.7;0.141;0.185;0.227;0.297;0.362
Cannes;43.5454;7.0152;30/05/2026;17:00;26.0;55;16.3;26.9;0;0.0;0.0;0.0;0.0;0.0;3;P4;Nuageux;1018.1;1018.0;100;0;0;100;40100.0;0.19;1.51;9.0;17.6;196;32.3;30.3;25.6;21.7;0.14;0.185;0.227;0.297;0.362
Cannes;43.5454;7.0152;30/05/2026;18:00;26.2;55;16.4;27.3;0;0.0;0.0;0.0;0.0;0.0;3;P4;Nuageux;1017.5;1017.4;100;0;0;100;40100.0;0.14;1.56;8.1;19.9;185;30.4;29.6;25.8;21.8;0.14;0.184;0.226;0.297;0.362
Cannes;43.5454;7.0152;30/05/2026;19:00;26.8;52;16.2;28.1;0;0.0;0.0;0.0;0.0;0.0;3;P4;Nuageux;1017.2;1017.1;100;0;0;100;40100.0;0.09;1.69;5.6;16.9;178;29.0;28.6;25.9;21.8;0.14;0.184;0.226;0.297;0.362
Cannes;43.5454;7.0152;30/05/2026;20:00;27.0;53;16.6;28.5;0;0.0;0.0;0.0;0.0;0.0;3;P4;Nuageux;1017.0;1016.8;100;0;0;100;36280.0;0.06;1.69;5.1;13.0;189;26.9;27.7;26.0;21.8;0.141;0.184;0.226;0.296;0.362
Cannes;43.5454;7.0152;30/05/2026;21:00;26.8;57;17.6;29.0;0;0.0;0.0;0.0;0.0;0.0;3;P4;Nuageux;1016.6;1016.5;92;0;1;92;36280.0;0.03;1.52;3.9;10.8;214;24.5;26.7;26.0;21.8;0.143;0.184;0.226;0.296;0.361
Cannes;43.5454;7.0152;30/05/2026;22:00;26.0;61;17.9;28.5;0;0.0;0.0;0.0;0.0;0.0;2;P8;Éclaircies;1016.8;1016.7;62;0;4;61;33600.0;0.01;1.31;2.3;6.8;252;21.9;25.6;25.8;21.8;0.144;0.184;0.226;0.296;0.361
Cannes;43.5454;7.0152;30/05/2026;23:00;25.3;62;17.5;27.7;0;0.0;0.0;0.0;0.0;0.0;1;P2;Éclaircies;1016.5;1016.4;47;0;5;44;33600.0;0.02;1.23;1.9;2.9;338;20.9;24.7;25.7;21.9;0.146;0.185;0.226;0.296;0.361
Cannes;43.5454;7.0152;31/05/2026;00:00;24.8;62;17.0;26.9;0;0.0;0.0;0.0;0.0;0.0;1;P2;Éclaircies;1016.3;1016.2;41;0;3;39;33600.0;0.02;1.19;2.4;2.2;27;20.3;24.0;25.5;21.9;0.148;0.185;0.227;0.296;0.361
Cannes;43.5454;7.0152;31/05/2026;01:00;24.4;60;16.1;25.9;0;0.0;0.0;0.0;0.0;0.0;3;P4;Nuageux;1015.9;1015.8;89;0;4;88;33600.0;0.02;1.22;3.9;4.0;22;19.7;23.5;25.2;21.9;0.149;0.185;0.227;0.296;0.361
Cannes;43.5454;7.0152;31/05/2026;02:00;24.2;58;15.4;25.3;0;0.0;0.0;0.0;0.0;0.0;2;P8;Éclaircies;1015.5;1015.4;65;0;12;61;33600.0;0.02;1.27;4.4;4.3;9;19.1;23.1;25.0;21.9;0.151;0.185;0.227;0.296;0.361
Cannes;43.5454;7.0152;31/05/2026;03:00;24.0;61;16.0;25.4;0;0.0;0.0;0.0;0.0;0.0;2;P8;Éclaircies;1015.2;1015.1;79;0;11;77;33600.0;0.02;1.16;3.9;6.1;34;18.4;22.7;24.7;21.9;0.152;0.186;0.227;0.296;0.361
Cannes;43.5454;7.0152;31/05/2026;04:00;23.6;68;17.4;25.7;0;0.0;0.0;0.0;0.0;0.0;3;P4;Nuageux;1015.1;1015.0;99;0;5;99;33600.0;0.02;0.93;3.8;7.6;41;17.9;22.4;24.5;21.9;0.153;0.186;0.227;0.296;0.361
Cannes;43.5454;7.0152;31/05/2026;05:00;23.3;71;17.8;25.7;0;0.0;0.0;0.0;0.0;0.0;3;P4;Nuageux;1015.0;1014.9;92;0;1;92;33600.0;0.02;0.83;3.0;7.6;14;17.2;22.1;24.2;21.9;0.154;0.186;0.227;0.296;0.361
Cannes;43.5454;7.0152;31/05/2026;06:00;23.1;71;17.5;25.4;0;0.0;0.0;0.0;0.0;0.0;2;P8;Éclaircies;1014.9;1014.8;75;0;1;75;33600.0;0.02;0.82;2.6;5.0;344;16.7;21.8;24.0;21.9;0.156;0.186;0.227;0.296;0.361
Cannes;43.5454;7.0152;31/05/2026;07:00;23.2;73;18.1;26.0;0;0.0;0.0;0.0;0.0;0.0;2;P8;Éclaircies;1015.1;1015.0;61;0;4;61;33600.0;0.03;0.77;0.4;5.0;360;20.5;21.6;23.8;21.9;0.157;0.187;0.227;0.296;0.361
Cannes;43.5454;7.0152;31/05/2026;08:00;24.1;69;18.0;26.7;0;0.0;0.0;0.0;0.0;0.0;2;P8;Éclaircies;1015.5;1015.4;68;0;7;68;33600.0;0.04;0.93;2.3;5.4;108;24.8;22.2;23.6;21.9;0.157;0.187;0.228;0.296;0.361
Cannes;43.5454;7.0152;31/05/2026;09:00;25.3;65;18.3;27.6;0;0.0;0.0;0.0;0.0;0.0;2;P8;Éclaircies;1015.7;1015.6;55;0;3;53;33600.0;0.09;1.13;4.8;12.2;103;28.0;23.6;23.5;21.9;0.157;0.187;0.228;0.296;0.36
Cannes;43.5454;7.0152;31/05/2026;10:00;26.8;60;18.4;28.8;0;0.0;0.0;0.0;0.0;0.0;1;P2;Éclaircies;1015.9;1015.8;33;0;1;33;33600.0;0.16;1.41;7.2;17.3;117;30.8;25.0;23.5;21.9;0.156;0.187;0.227;0.295;0.36
Cannes;43.5454;7.0152;31/05/2026;11:00;28.0;56;18.4;30.3;0;0.0;0.0;0.0;0.0;0.0;1;P2;Éclaircies;1015.8;1015.7;41;0;0;41;33600.0;0.21;1.66;10.5;22.7;121;33.1;26.4;23.6;21.9;0.154;0.186;0.227;0.295;0.36
Cannes;43.5454;7.0152;31/05/2026;12:00;28.7;53;18.2;31.3;0;0.0;0.0;0.0;0.0;0.0;2;P8;Éclaircies;1016.0;1015.9;67;0;0;67;13800.0;0.24;1.85;12.9;27.4;117;34.6;27.7;23.8;21.9;0.152;0.186;0.227;0.294;0.36
Cannes;43.5454;7.0152;31/05/2026;13:00;29.1;53;18.5;32.0;0;0.0;0.0;0.0;0.0;0.0;3;P4;Nuageux;1016.0;1015.9;98;0;0;98;36280.0;0.27;1.89;14.0;29.5;116;35.3;29.0;24.1;21.9;0.149;0.185;0.226;0.294;0.359
Cannes;43.5454;7.0152;31/05/2026;14:00;28.8;55;18.9;31.9;0;0.0;0.0;0.0;0.0;0.0;3;P4;Nuageux;1015.7;1015.6;100;0;0;100;1040.0;0.26;1.78;13.9;29.9;127;35.2;29.9;24.5;21.9;0.146;0.185;0.226;0.293;0.359
Cannes;43.5454;7.0152;31/05/2026;15:00;28.7;57;19.4;31.9;0;0.0;0.0;0.0;0.0;0.0;3;P4;Nuageux;1015.3;1015.2;100;0;0;100;920.0;0.22;1.69;12.2;29.5;124;35.0;30.1;24.8;21.9;0.144;0.184;0.225;0.293;0.359
Cannes;43.5454;7.0152;31/05/2026;16:00;28.9;55;19.0;31.5;0;0.0;0.0;0.0;0.0;0.0;3;P4;Nuageux;1014.9;1014.8;100;0;0;100;900.0;0.21;1.79;11.3;27.0;127;31.2;30.3;25.1;22.0;0.143;0.184;0.225;0.293;0.359
Cannes;43.5454;7.0152;31/05/2026;17:00;28.7;56;19.1;30.6;0;0.0;0.0;0.0;0.0;0.0;3;P4;Nuageux;1014.5;1014.4;100;0;1;100;980.0;0.15;1.73;11.0;25.2;142;33.4;29.6;25.4;22.0;0.143;0.183;0.225;0.292;0.358
Cannes;43.5454;7.0152;31/05/2026;18:00;26.9;66;20.0;29.4;0;0.0;0.0;0.0;0.0;0.0;3;P4;Nuageux;1014.4;1014.3;100;0;4;100;1160.0;0.11;1.2;9.0;23.4;143;31.7;28.9;25.6;22.0;0.143;0.183;0.224;0.292;0.358
Cannes;43.5454;7.0152;31/05/2026;19:00;25.9;71;20.3;28.9;0;0.0;0.0;0.0;0.0;0.0;2;P8;Éclaircies;1014.3;1014.2;57;0;13;51;840.0;0.08;0.97;6.6;18.0;167;28.8;28.4;25.7;22.0;0.143;0.183;0.224;0.292;0.358
Cannes;43.5454;7.0152;31/05/2026;20:00;25.1;76;20.5;28.1;0;0.0;0.0;0.0;0.0;0.0;2;P8;Éclaircies;1014.3;1014.2;60;0;3;59;500.0;0.05;0.76;7.3;14.4;147;25.5;27.5;25.8;22.0;0.144;0.183;0.224;0.292;0.358
Cannes;43.5454;7.0152;31/05/2026;21:00;23.9;81;20.4;26.9;0;0.0;0.0;0.0;0.0;0.0;2;P8;Éclaircies;1014.2;1014.1;55;0;0;55;380.0;0.03;0.56;6.8;14.0;108;23.0;26.4;25.7;22.0;0.145;0.183;0.224;0.292;0.358
Cannes;43.5454;7.0152;31/05/2026;22:00;22.8;87;20.5;26.3;0;0.0;0.0;0.0;0.0;0.0;1;P2;Éclaircies;1014.7;1014.6;33;1;0;33;340.0;0.02;0.36;4.6;13.3;129;21.8;25.3;25.6;22.1;0.147;0.183;0.224;0.292;0.358
Cannes;43.5454;7.0152;31/05/2026;23:00;22.3;90;20.5;26.0;0;0.0;0.0;0.0;0.0;0.0;1;P2;Éclaircies;1014.5;1014.4;49;4;0;47;660.0;0.01;0.27;2.6;9.0;106;21.3;24.3;25.5;22.1;0.149;0.183;0.224;0.292;0.358
Cannes;43.5454;7.0152;01/06/2026;00:00;22.0;92;20.7;25.6;0;0.0;0.0;0.0;0.0;0.0;3;P4;Nuageux;1014.4;1014.3;88;3;0;88;1340.0;0.01;0.21;4.2;7.9;70;21.0;23.7;25.3;22.1;0.151;0.183;0.224;0.292;0.358
Cannes;43.5454;7.0152;01/06/2026;01:00;21.7;94;20.7;25.2;0;0.0;0.0;0.0;0.0;0.0;3;P4;Nuageux;1014.3;1014.2;100;30;0;100;2160.0;0.01;0.16;4.6;9.0;51;19.6;23.4;25.1;22.1;0.152;0.184;0.225;0.292;0.358
Cannes;43.5454;7.0152;01/06/2026;02:00;21.3;97;20.8;24.9;0;0.0;0.0;0.0;0.0;0.0;3;P4;Nuageux;1013.9;1013.8;100;94;0;100;3200.0;0.01;0.08;4.5;9.4;61;18.8;23.1;24.8;22.1;0.154;0.184;0.225;0.292;0.358
Cannes;43.5454;7.0152;01/06/2026;03:00;21.1;97;20.6;24.4;1;0.0;0.0;0.0;0.0;0.0;3;P4;Nuageux;1013.6;1013.5;100;100;0;100;6440.0;0.01;0.07;5.8;12.6;68;18.2;22.8;24.6;22.1;0.156;0.184;0.225;0.292;0.358
Cannes;43.5454;7.0152;01/06/2026;04:00;20.9;96;20.3;23.9;1;0.0;0.0;0.0;0.0;0.0;3;P4;Nuageux;1013.3;1013.2;100;100;5;97;20120.0;0.01;0.1;7.2;15.1;72;17.4;22.5;24.4;22.1;0.157;0.185;0.225;0.292;0.357
Cannes;43.5454;7.0152;01/06/2026;05:00;20.9;96;20.3;23.8;2;0.0;0.0;0.0;0.0;0.0;3;P4;Nuageux;1013.1;1013.0;100;100;0;31;14000.0;0.01;0.1;7.7;16.6;79;17.7;22.4;24.2;22.1;0.159;0.185;0.225;0.292;0.357
Cannes;43.5454;7.0152;01/06/2026;06:00;20.9;97;20.4;23.9;3;0.0;0.0;0.0;0.0;0.0;3;P4;Nuageux;1013.0;1012.9;100;100;1;41;14020.0;0.01;0.07;6.9;16.6;81;17.1;22.3;24.0;22.1;0.16;0.185;0.225;0.292;0.357
Cannes;43.5454;7.0152;01/06/2026;07:00;21.0;96;20.4;24.0;4;0.0;0.0;0.0;0.0;0.0;3;P4;Nuageux;1013.1;1013.0;100;100;2;97;1860.0;-0.0;0.1;7.2;15.5;87;20.4;22.4;23.8;22.1;0.162;0.186;0.226;0.292;0.357
Cannes;43.5454;7.0152;01/06/2026;08:00;21.5;91;20.0;24.3;5;0.0;0.0;0.0;0.0;0.0;3;P4;Nuageux;1013.3;1013.2;100;97;1;89;2480.0;0.01;0.23;7.6;16.6;82;23.3;22.7;23.6;22.1;0.162;0.186;0.226;0.292;0.357
Cannes;43.5454;7.0152;01/06/2026;09:00;22.3;86;19.8;24.7;6;0.0;0.0;0.0;0.0;0.0;3;P4;Nuageux;1013.6;1013.5;97;89;0;71;12860.0;0.04;0.38;8.8;20.2;78;26.5;23.6;23.6;22.1;0.162;0.186;0.226;0.292;0.357
Cannes;43.5454;7.0152;01/06/2026;10:00;23.3;80;19.7;25.6;7;0.0;0.0;0.0;0.0;0.0;3;P4;Nuageux;1013.8;1013.7;92;79;0;61;23220.0;0.09;0.57;10.0;23.0;77;30.1;24.9;23.6;22.1;0.161;0.186;0.225;0.291;0.357
Cannes;43.5454;7.0152;01/06/2026;11:00;24.6;73;19.5;26.5;7;0.0;0.0;0.0;0.0;0.0;2;P8;Éclaircies;1013.6;1013.5;74;48;0;51;33600.0;0.13;0.84;11.4;25.9;79;32.7;26.2;23.7;22.1;0.159;0.186;0.225;0.291;0.357
Cannes;43.5454;7.0152;01/06/2026;12:00;25.6;69;19.5;28.2;8;0.0;0.0;0.0;0.0;0.0;3;P4;Nuageux;1013.7;1013.6;86;70;0;51;29380.0;0.18;1.02;12.0;28.4;83;33.7;27.4;23.9;22.1;0.156;0.185;0.225;0.29;0.357
Cannes;43.5454;7.0152;01/06/2026;13:00;26.2;66;19.3;28.7;8;0.0;0.0;0.0;0.0;0.0;2;P8;Éclaircies;1013.6;1013.5;76;45;0;57;25140.0;0.22;1.15;13.0;29.5;88;33.8;28.7;24.2;22.1;0.153;0.185;0.224;0.29;0.356
Cannes;43.5454;7.0152;01/06/2026;14:00;26.9;63;19.2;29.8;8;0.0;0.0;0.0;0.0;0.0;3;P4;Nuageux;1013.2;1013.1;90;14;0;88;20920.0;0.25;1.31;14.0;31.3;90;33.4;29.6;24.5;22.1;0.15;0.184;0.224;0.289;0.356
Cannes;43.5454;7.0152;01/06/2026;15:00;27.2;60;18.8;30.0;7;0.0;0.0;0.0;0.0;0.0;2;P8;Éclaircies;1012.7;1012.6;75;1;0;75;24180.0;0.25;1.44;14.4;32.0;93;32.9;30.1;24.8;22.1;0.148;0.184;0.224;0.289;0.356
Cannes;43.5454;7.0152;01/06/2026;16:00;27.2;60;18.7;29.5;6;0.0;0.0;0.0;0.0;0.0;2;P8;Éclaircies;1012.4;1012.3;58;0;0;58;27420.0;0.24;1.44;14.5;32.0;97;31.9;30.3;25.2;22.1;0.145;0.183;0.223;0.288;0.355
Cannes;43.5454;7.0152;01/06/2026;17:00;26.7;62;18.8;28.6;4;0.0;0.0;0.0;0.0;0.0;2;P8;Éclaircies;1012.1;1012.0;73;0;0;73;30680.0;0.21;1.33;13.8;31.3;99;30.7;30.1;25.5;22.1;0.144;0.183;0.223;0.288;0.355
Cannes;43.5454;7.0152;01/06/2026;18:00;25.6;68;19.2;27.5;2;0.0;0.0;0.0;0.0;0.0;2;P8;Éclaircies;1011.8;1011.7;72;0;2;72;29560.0;0.17;1.05;10.8;25.9;100;28.9;29.5;25.7;22.1;0.144;0.183;0.223;0.288;0.355
Cannes;43.5454;7.0152;01/06/2026;19:00;24.4;75;19.5;26.7;1;0.0;0.0;0.0;0.0;0.0;3;P4;Nuageux;1011.6;1011.5;68;2;4;66;28420.0;0.13;0.78;8.9;19.1;95;26.9;28.6;25.8;22.2;0.144;0.182;0.222;0.288;0.355
Cannes;43.5454;7.0152;01/06/2026;20:00;23.3;80;19.5;25.8;0;0.0;0.0;0.0;0.0;0.0;2;P8;Éclaircies;1011.4;1011.3;34;4;4;28;27300.0;0.09;0.58;7.5;12.8;93;24.9;27.6;25.9;22.2;0.145;0.182;0.222;0.288;0.355
Cannes;43.5454;7.0152;01/06/2026;21:00;22.3;83;19.4;25.0;0;0.0;0.0;0.0;0.0;0.0;0;P1;Ensoleillé;1011.5;1011.4;18;3;4;12;26220.0;0.06;0.45;6.1;7.6;93;23.2;26.5;25.8;22.2;0.146;0.182;0.222;0.288;0.355
Cannes;43.5454;7.0152;01/06/2026;22:00;21.7;87;19.4;24.6;0;0.0;0.0;0.0;0.0;0.0;1;P2;Éclaircies;1011.9;1011.8;26;2;2;23;25160.0;0.03;0.34;4.7;6.1;97;21.7;25.4;25.7;22.2;0.148;0.182;0.222;0.288;0.355
Cannes;43.5454;7.0152;01/06/2026;23:00;21.1;90;19.4;24.2;0;0.0;0.0;0.0;0.0;0.0;1;P2;Éclaircies;1012.2;1012.1;35;2;1;34;24080.0;0.01;0.25;3.3;4.7;103;20.4;24.5;25.6;22.2;0.15;0.182;0.222;0.288;0.355
Cannes;43.5454;7.0152;02/06/2026;00:00;20.6;92;19.2;23.7;0;0.0;0.0;0.0;0.0;0.0;1;P2;Éclaircies;1012.3;1012.2;40;0;0;40;22760.0;-0.0;0.19;2.3;3.6;108;19.2;23.8;25.4;22.2;0.152;0.182;0.222;0.288;0.355
Cannes;43.5454;7.0152;02/06/2026;01:00;20.1;94;19.1;23.3;0;0.0;0.0;0.0;0.0;0.0;1;P2;Éclaircies;1012.2;1012.1;45;0;0;45;21420.0;-0.0;0.14;1.2;2.9;117;18.3;23.3;25.1;22.3;0.153;0.183;0.223;0.288;0.354
Cannes;43.5454;7.0152;02/06/2026;02:00;19.7;95;18.9;23.0;0;0.0;0.0;0.0;0.0;0.0;2;P8;Éclaircies;1012.1;1012.0;53;2;0;52;20100.0;-0.0;0.11;0.5;2.5;135;17.7;22.8;24.9;22.3;0.155;0.183;0.223;0.288;0.354
Cannes;43.5454;7.0152;02/06/2026;03:00;19.4;97;18.9;22.7;0;0.0;0.0;0.0;0.0;0.0;2;P8;Éclaircies;1012.0;1011.9;68;32;0;63;13500.0;-0.0;0.07;0.2;3.2;90;17.4;22.5;24.6;22.3;0.157;0.183;0.223;0.288;0.354
Cannes;43.5454;7.0152;02/06/2026;04:00;19.2;98;18.9;22.4;0;0.0;0.0;0.0;0.0;0.0;3;P4;Nuageux;1011.8;1011.7;87;74;1;77;6920.0;-0.0;0.04;0.6;4.7;18;17.3;22.2;24.4;22.3;0.158;0.184;0.223;0.288;0.354
Cannes;43.5454;7.0152;02/06/2026;05:00;19.2;98;18.9;22.4;0;0.0;0.0;0.0;0.0;0.0;3;P4;Nuageux;1011.7;1011.6;99;97;1;86;320.0;-0.0;0.04;1.0;5.8;22;17.8;22.0;24.2;22.3;0.16;0.184;0.223;0.288;0.354
Cannes;43.5454;7.0152;02/06/2026;06:00;19.6;95;18.8;22.6;0;0.0;0.0;0.0;0.0;0.0;3;P4;Nuageux;1011.8;1011.7;100;87;0;89;2020.0;-0.0;0.11;1.7;5.4;32;19.1;21.9;23.9;22.3;0.161;0.184;0.223;0.288;0.354
Cannes;43.5454;7.0152;02/06/2026;07:00;20.3;91;18.7;23.2;0;0.0;0.0;0.0;0.0;0.0;3;P4;Nuageux;1012.1;1012.0;94;59;0;88;3700.0;-0.0;0.23;2.3;5.0;39;20.9;21.9;23.7;22.3;0.163;0.185;0.223;0.287;0.354
Cannes;43.5454;7.0152;02/06/2026;08:00;21.0;86;18.5;23.9;0;0.0;0.0;0.0;0.0;0.0;3;P4;Nuageux;1012.3;1012.2;91;34;3;87;5400.0;0.01;0.36;2.1;5.8;59;22.7;22.3;23.5;22.3;0.163;0.185;0.223;0.287;0.354
Cannes;43.5454;7.0152;02/06/2026;09:00;21.8;81;18.4;24.6;1;0.0;0.0;0.0;0.0;0.0;3;P4;Nuageux;1012.4;1012.3;93;19;35;88;10780.0;0.04;0.5;2.4;9.0;132;24.3;23.3;23.5;22.3;0.162;0.185;0.223;0.287;0.354
Cannes;43.5454;7.0152;02/06/2026;10:00;22.7;76;18.2;25.0;3;0.0;0.0;0.0;0.0;0.0;3;P4;Nuageux;1012.5;1012.4;97;8;77;88;16160.0;0.09;0.67;5.5;13.3;163;25.8;24.7;23.5;22.2;0.161;0.185;0.223;0.287;0.354
Cannes;43.5454;7.0152;02/06/2026;11:00;23.6;71;18.1;25.4;5;0.0;0.0;0.0;0.0;0.0;3;P4;Nuageux;1012.5;1012.4;100;0;98;90;21540.0;0.13;0.84;8.3;17.6;174;27.3;26.0;23.6;22.2;0.159;0.185;0.223;0.287;0.354
Cannes;43.5454;7.0152;02/06/2026;12:00;24.6;67;18.0;26.1;10;0.0;0.0;0.0;0.0;0.0;3;P4;Nuageux;1012.3;1012.2;100;0;77;96;25560.0;0.17;1.02;10.0;20.9;186;28.7;27.1;23.8;22.2;0.157;0.184;0.223;0.286;0.354
Cannes;43.5454;7.0152;02/06/2026;13:00;25.6;63;18.0;26.8;14;0.0;0.0;0.0;0.0;0.0;3;P4;Nuageux;1011.9;1011.8;100;0;36;100;29560.0;0.21;1.22;11.5;23.8;197;30.1;28.1;24.0;22.2;0.154;0.184;0.222;0.286;0.353
Cannes;43.5454;7.0152;02/06/2026;14:00;26.2;60;17.9;27.2;18;0.0;0.0;0.0;0.0;0.0;3;P4;Nuageux;1011.4;1011.3;99;0;5;99;33580.0;0.24;1.34;12.8;28.1;202;31.0;28.9;24.3;22.2;0.151;0.183;0.222;0.285;0.353
Cannes;43.5454;7.0152;02/06/2026;15:00;26.3;60;17.9;27.1;20;0.0;0.0;0.0;0.0;0.0;2;P8;Éclaircies;1010.8;1010.7;75;3;0;71;27460.0;0.26;1.36;14.0;36.4;198;31.3;29.7;24.7;22.2;0.148;0.182;0.221;0.285;0.353
Cannes;43.5454;7.0152;02/06/2026;16:00;26.0;61;18.0;26.9;20;0.0;0.0;0.0;0.0;0.0;1;P2;Éclaircies;1010.2;1010.1;43;8;3;32;21360.0;0.27;1.31;14.8;46.4;190;31.1;30.3;25.0;22.3;0.144;0.182;0.221;0.284;0.352
Cannes;43.5454;7.0152;02/06/2026;17:00;25.6;63;18.1;26.5;19;0.0;0.0;0.0;0.0;0.0;1;P2;Éclaircies;1009.7;1009.6;22;10;8;7;15240.0;0.27;1.21;14.5;51.8;186;30.4;30.5;25.3;22.3;0.141;0.181;0.22;0.284;0.352
Cannes;43.5454;7.0152;02/06/2026;18:00;25.0;66;18.2;26.4;19;0.2;0.2;0.0;0.0;0.0;51;P10;Pluie faible;1009.6;1009.5;24;8;9;10;13640.0;0.25;1.07;11.2;48.6;184;29.0;30.1;25.6;22.3;0.139;0.181;0.22;0.284;0.352
Cannes;43.5454;7.0152;02/06/2026;19:00;24.2;70;18.4;26.3;18;0.2;0.2;0.0;0.0;0.0;51;P10;Pluie faible;1009.7;1009.6;37;5;10;27;12060.0;0.23;0.9;6.5;41.0;183;27.0;29.2;25.8;22.3;0.139;0.18;0.219;0.283;0.352
Cannes;43.5454;7.0152;02/06/2026;20:00;23.4;74;18.5;26.2;17;0.2;0.2;0.0;0.0;0.0;51;P10;Pluie faible;1009.7;1009.6;48;2;12;41;10460.0;0.2;0.75;2.5;34.6;188;25.1;28.2;25.9;22.3;0.138;0.18;0.219;0.283;0.352
Cannes;43.5454;7.0152;02/06/2026;21:00;22.8;77;18.6;25.9;15;0.0;0.0;0.0;0.0;0.0;2;P8;Éclaircies;1009.5;1009.4;51;1;16;47;17200.0;0.17;0.63;0.9;31.7;259;23.2;27.2;25.9;22.3;0.138;0.18;0.219;0.283;0.352
Cannes;43.5454;7.0152;02/06/2026;22:00;22.3;80;18.7;25.1;14;0.0;0.0;0.0;0.0;0.0;2;P8;Éclaircies;1009.2;1009.1;52;0;22;51;23920.0;0.14;0.54;2.6;30.2;304;21.2;26.1;25.8;22.3;0.138;0.179;0.219;0.283;0.351
Cannes;43.5454;7.0152;02/06/2026;23:00;21.8;81;18.4;24.3;13;0.0;0.0;0.0;0.0;0.0;2;P8;Éclaircies;1008.9;1008.8;55;0;31;48;30660.0;0.11;0.5;4.2;28.8;301;19.9;25.1;25.7;22.3;0.138;0.179;0.219;0.283;0.351
Cannes;43.5454;7.0152;03/06/2026;00:00;21.6;78;17.6;23.4;12;0.1;0.0;0.1;0.0;0.0;51;P10;Pluie faible;1008.7;1008.6;64;0;48;35;31640.0;0.1;0.57;6.1;26.6;282;19.6;24.5;25.6;22.3;0.138;0.179;0.219;0.283;0.351
Cannes;43.5454;7.0152;03/06/2026;01:00;21.5;73;16.5;22.5;11;0.1;0.0;0.1;0.0;0.0;51;P10;Pluie faible;1008.4;1008.3;75;0;68;17;32600.0;0.09;0.69;8.7;24.1;266;20.0;24.1;25.4;22.4;0.139;0.179;0.219;0.283;0.351
Cannes;43.5454;7.0152;03/06/2026;02:00;21.1;70;15.4;21.4;10;0.1;0.0;0.1;0.0;0.0;51;P10;Pluie faible;1008.1;1008.0;77;0;77;3;33580.0;0.08;0.75;10.5;22.0;262;20.0;23.6;25.2;22.4;0.139;0.179;0.219;0.283;0.351
Cannes;43.5454;7.0152;03/06/2026;03:00;20.2;70;14.5;20.2;9;0.0;0.0;0.0;0.0;0.0;2;P8;Éclaircies;1007.6;1007.5;62;0;64;0;33580.0;0.07;0.72;10.3;19.8;267;18.7;22.9;24.9;22.4;0.14;0.179;0.219;0.283;0.351
Cannes;43.5454;7.0152;03/06/2026;04:00;19.0;71;13.6;18.9;9;0.0;0.0;0.0;0.0;0.0;1;P2;Éclaircies;1007.0;1006.9;39;0;39;1;33580.0;0.06;0.64;9.1;17.6;278;17.1;22.2;24.7;22.4;0.14;0.179;0.219;0.283;0.351
Cannes;43.5454;7.0152;03/06/2026;05:00;18.5;70;12.9;18.2;8;0.0;0.0;0.0;0.0;0.0;1;P2;Éclaircies;1006.5;1006.4;20;0;18;3;33580.0;0.06;0.64;8.4;15.8;286;16.5;21.7;24.4;22.4;0.141;0.179;0.219;0.283;0.351
Cannes;43.5454;7.0152;03/06/2026;06:00;19.4;64;12.3;18.9;8;0.0;0.0;0.0;0.0;0.0;0;P1;Ensoleillé;1006.1;1006.0;9;0;8;2;34480.0;0.06;0.82;8.9;14.8;283;17.9;21.3;24.1;22.4;0.142;0.179;0.219;0.283;0.351
Cannes;43.5454;7.0152;03/06/2026;07:00;21.0;56;12.0;20.2;8;0.0;0.0;0.0;0.0;0.0;0;P1;Ensoleillé;1005.8;1005.7;2;0;3;2;35360.0;0.06;1.08;9.4;14.4;274;20.3;21.1;23.8;22.4;0.143;0.179;0.219;0.283;0.351
Cannes;43.5454;7.0152;03/06/2026;08:00;22.1;54;12.3;21.7;7;0.0;0.0;0.0;0.0;0.0;0;P1;Ensoleillé;1005.8;1005.7;1;0;0;1;36260.0;0.08;1.24;7.6;14.4;269;22.7;21.4;23.6;22.4;0.143;0.179;0.219;0.283;0.351
Cannes;43.5454;7.0152;03/06/2026;09:00;22.2;59;13.9;23.4;7;0.0;0.0;0.0;0.0;0.0;0;P1;Ensoleillé;1006.3;1006.2;9;11;0;0;29220.0;0.11;1.09;1.0;14.0;202;24.6;22.6;23.5;22.4;0.142;0.179;0.219;0.283;0.351
Cannes;43.5454;7.0152;03/06/2026;10:00;21.9;70;16.2;22.7;6;0.0;0.0;0.0;0.0;0.0;1;P2;Éclaircies;1007.1;1007.0;22;26;0;0;22200.0;0.16;0.79;9.6;14.0;99;26.4;24.3;23.4;22.4;0.14;0.178;0.218;0.282;0.35
Cannes;43.5454;7.0152;03/06/2026;11:00;21.9;77;17.8;23.1;6;0.0;0.0;0.0;0.0;0.0;1;P2;Éclaircies;1007.8;1007.7;34;34;0;0;15160.0;0.2;0.6;16.4;15.5;94;28.0;26.0;23.5;22.4;0.138;0.178;0.218;0.282;0.35
Cannes;43.5454;7.0152;03/06/2026;12:00;23.7;59;15.1;25.7;6;0.0;0.0;0.0;0.0;0.0;1;P2;Éclaircies;1007.6;1007.5;32;2;3;31;16440.0;0.25;1.22;8.9;19.4;61;29.6;27.4;23.7;22.4;0.135;0.177;0.217;0.281;0.35
Cannes;43.5454;7.0152;03/06/2026;13:00;24.1;60;15.9;26.1;5;0.0;0.0;0.0;0.0;0.0;1;P2;Éclaircies;1008.1;1008.0;42;3;6;39;17720.0;0.29;1.19;12.3;24.5;65;31.0;28.7;24.0;22.4;0.132;0.177;0.217;0.281;0.349
Cannes;43.5454;7.0152;03/06/2026;14:00;24.2;62;16.4;26.3;5;0.0;0.0;0.0;0.0;0.0;1;P2;Éclaircies;1008.3;1008.2;48;3;7;44;19000.0;0.32;1.16;14.3;28.4;67;31.6;29.6;24.4;22.4;0.13;0.176;0.216;0.28;0.349
Cannes;43.5454;7.0152;03/06/2026;15:00;24.3;62;16.6;26.3;5;0.0;0.0;0.0;0.0;0.0;2;P8;Éclaircies;1008.2;1008.1;50;3;7;46;21420.0;0.32;1.14;14.4;30.6;68;31.4;30.1;24.7;22.4;0.128;0.175;0.216;0.28;0.349
Cannes;43.5454;7.0152;03/06/2026;16:00;24.2;62;16.6;26.1;4;0.0;0.0;0.0;0.0;0.0;2;P8;Éclaircies;1008.0;1007.9;50;2;5;47;23860.0;0.3;1.14;13.1;31.3;69;30.5;30.1;25.1;22.4;0.127;0.175;0.215;0.279;0.349
Cannes;43.5454;7.0152;03/06/2026;17:00;24.1;62;16.4;25.7;4;0.0;0.0;0.0;0.0;0.0;1;P2;Éclaircies;1007.6;1007.5;49;2;4;47;26280.0;0.27;1.14;11.0;30.6;71;29.2;29.9;25.4;22.4;0.126;0.174;0.215;0.279;0.349
Cannes;43.5454;7.0152;03/06/2026;18:00;23.9;62;16.2;24.9;3;0.0;0.0;0.0;0.0;0.0;1;P2;Éclaircies;1007.2;1007.1;47;1;2;45;28700.0;0.23;1.12;8.5;27.0;73;27.6;29.4;25.6;22.4;0.126;0.174;0.215;0.279;0.349
Cannes;43.5454;7.0152;03/06/2026;19:00;23.5;63;16.0;24.7;2;0.0;0.0;0.0;0.0;0.0;1;P2;Éclaircies;1006.9;1006.8;45;0;1;44;31140.0;0.19;1.08;6.3;21.6;75;26.0;28.6;25.8;22.4;0.126;0.173;0.214;0.278;0.348
Cannes;43.5454;7.0152;03/06/2026;20:00;23.1;64;16.0;24.4;2;0.0;0.0;0.0;0.0;0.0;1;P2;Éclaircies;1006.7;1006.6;44;0;0;44;33560.0;0.15;1.01;5.0;17.3;75;24.6;27.6;25.9;22.4;0.126;0.173;0.214;0.278;0.348
Cannes;43.5454;7.0152;03/06/2026;21:00;22.4;67;16.0;23.8;1;0.0;0.0;0.0;0.0;0.0;1;P2;Éclaircies;1006.7;1006.6;44;0;0;45;31980.0;0.11;0.88;4.6;14.4;72;23.1;26.4;25.8;22.4;0.127;0.173;0.214;0.278;0.348
Cannes;43.5454;7.0152;03/06/2026;22:00;21.4;72;16.1;22.9;1;0.0;0.0;0.0;0.0;0.0;1;P2;Éclaircies;1006.9;1006.8;45;0;0;46;30380.0;0.07;0.73;4.3;12.6;66;21.4;25.0;25.7;22.5;0.129;0.173;0.214;0.278;0.348
Cannes;43.5454;7.0152;03/06/2026;23:00;20.3;77;16.2;21.8;1;0.0;0.0;0.0;0.0;0.0;1;P2;Éclaircies;1007.1;1007.0;47;0;0;47;28800.0;0.04;0.55;4.5;11.9;56;19.7;23.9;25.5;22.5;0.13;0.173;0.214;0.278;0.348
Cannes;43.5454;7.0152;04/06/2026;00:00;19.3;83;16.3;20.8;0;0.0;0.0;0.0;0.0;0.0;1;P2;Éclaircies;1007.3;1007.2;48;0;0;48;27220.0;0.03;0.39;5.0;13.0;49;18.1;23.1;25.3;22.5;0.131;0.173;0.214;0.278;0.348
Cannes;43.5454;7.0152;04/06/2026;01:00;18.5;88;16.4;19.9;0;0.0;0.0;0.0;0.0;0.0;1;P2;Éclaircies;1007.5;1007.4;48;0;0;48;25620.0;0.04;0.26;5.3;14.8;45;17.0;22.6;25.0;22.5;0.133;0.173;0.214;0.278;0.348
Cannes;43.5454;7.0152;04/06/2026;02:00;18.0;91;16.5;19.5;0;0.0;0.0;0.0;0.0;0.0;1;P2;Éclaircies;1007.7;1007.6;47;0;0;47;24040.0;0.04;0.18;5.3;16.2;45;16.4;22.1;24.7;22.5;0.134;0.173;0.214;0.278;0.348
Cannes;43.5454;7.0152;04/06/2026;03:00;17.8;93;16.6;19.4;0;0.0;0.0;0.0;0.0;0.0;1;P2;Éclaircies;1007.8;1007.7;44;0;0;44;24580.0;0.04;0.15;5.0;15.8;46;16.4;21.7;24.5;22.5;0.135;0.173;0.214;0.278;0.348
Cannes;43.5454;7.0152;04/06/2026;04:00;17.9;93;16.7;19.6;0;0.0;0.0;0.0;0.0;0.0;1;P2;Éclaircies;1007.9;1007.8;38;0;0;38;25120.0;0.05;0.14;4.6;14.8;51;17.0;21.4;24.2;22.5;0.135;0.173;0.214;0.278;0.348
Cannes;43.5454;7.0152;04/06/2026;05:00;18.1;92;16.8;20.0;1;0.0;0.0;0.0;0.0;0.0;1;P2;Éclaircies;1007.9;1007.8;32;0;0;32;25660.0;0.05;0.16;4.0;13.7;60;17.9;21.2;23.9;22.5;0.136;0.173;0.214;0.278;0.348
Cannes;43.5454;7.0152;04/06/2026;06:00;18.5;90;16.9;20.4;1;0.0;0.0;0.0;0.0;0.0;1;P2;Éclaircies;1008.0;1007.9;26;0;0;26;26180.0;0.05;0.21;3.6;12.2;72;19.1;20.9;23.6;22.5;0.137;0.173;0.214;0.278;0.348
Cannes;43.5454;7.0152;04/06/2026;07:00;19.1;88;17.0;21.0;2;0.0;0.0;0.0;0.0;0.0;1;P2;Éclaircies;1008.0;1007.9;23;0;0;23;26720.0;0.05;0.27;3.6;10.4;90;20.4;20.8;23.4;22.5;0.138;0.174;0.214;0.278;0.347
Cannes;43.5454;7.0152;04/06/2026;08:00;19.7;84;17.0;21.6;3;0.0;0.0;0.0;0.0;0.0;1;P2;Éclaircies;1008.0;1007.9;23;0;0;23;27260.0;0.06;0.36;3.9;10.1;103;21.8;21.2;23.2;22.5;0.138;0.174;0.214;0.278;0.347
Cannes;43.5454;7.0152;04/06/2026;09:00;20.5;80;17.0;22.3;3;0.0;0.0;0.0;0.0;0.0;1;P2;Éclaircies;1008.0;1007.9;28;0;0;28;26400.0;0.09;0.48;4.9;11.5;114;23.6;22.4;23.1;22.5;0.137;0.174;0.214;0.278;0.347
Cannes;43.5454;7.0152;04/06/2026;10:00;21.7;75;17.0;23.2;4;0.0;0.0;0.0;0.0;0.0;1;P2;Éclaircies;1008.1;1008.0;37;0;0;37;25560.0;0.14;0.66;6.5;14.0;120;25.9;24.0;23.1;22.4;0.136;0.173;0.213;0.277;0.347
Cannes;43.5454;7.0152;04/06/2026;11:00;23.0;69;16.9;24.5;4;0.0;0.0;0.0;0.0;0.0;1;P2;Éclaircies;1008.1;1008.0;49;0;0;48;24700.0;0.18;0.88;8.0;16.9;124;28.4;25.5;23.2;22.4;0.135;0.173;0.213;0.277;0.347
Cannes;43.5454;7.0152;04/06/2026;12:00;24.2;64;16.8;26.2;5;0.0;0.0;0.0;0.0;0.0;2;P8;Éclaircies;1008.1;1008.0;61;0;1;60;23840.0;0.22;1.1;9.6;20.2;127;30.7;26.7;23.4;22.4;0.133;0.173;0.212;0.276;0.347
Cannes;43.5454;7.0152;04/06/2026;13:00;25.1;60;16.7;27.4;5;0.0;0.0;0.0;0.0;0.0;2;P8;Éclaircies;1008.1;1008.0;72;0;3;71;23000.0;0.25;1.29;10.6;24.1;129;32.4;27.7;23.7;22.4;0.131;0.172;0.212;0.276;0.346
Cannes;43.5454;7.0152;04/06/2026;14:00;25.7;57;16.5;28.1;5;0.0;0.0;0.0;0.0;0.0;3;P4;Nuageux;1007.9;1007.8;80;0;7;79;22140.0;0.27;1.42;10.8;28.8;133;33.2;28.2;23.9;22.4;0.129;0.172;0.211;0.275;0.346
Cannes;43.5454;7.0152;04/06/2026;15:00;25.8;56;16.2;28.1;5;0.0;0.0;0.0;0.0;0.0;3;P4;Nuageux;1007.6;1007.5;86;0;13;85;24500.0;0.25;1.47;10.1;35.6;141;32.8;28.0;24.2;22.4;0.121;0.169;0.211;0.275;0.346
Cannes;43.5454;7.0152;04/06/2026;16:00;25.5;55;15.8;27.4;5;0.0;0.0;0.0;0.0;0.0;3;P4;Nuageux;1007.3;1007.2;90;0;21;89;26840.0;0.21;1.47;9.1;43.2;155;31.6;27.2;24.4;22.4;0.113;0.165;0.211;0.275;0.346
Cannes;43.5454;7.0152;04/06/2026;17:00;25.0;55;15.3;26.1;4;0.0;0.0;0.0;0.0;0.0;3;P4;Nuageux;1006.8;1006.7;93;0;30;93;29200.0;0.18;1.43;8.5;47.2;175;29.8;26.2;24.5;22.4;0.131;0.171;0.211;0.275;0.346
Cannes;43.5454;7.0152;04/06/2026;18:00;24.4;55;14.9;24.7;4;0.0;0.0;0.0;0.0;0.0;3;P4;Nuageux;1006.4;1006.3;95;0;40;96;31560.0;0.16;1.36;8.6;46.1;196;27.7;25.1;24.5;22.4;0.202;0.193;0.211;0.275;0.346
Cannes;43.5454;7.0152;04/06/2026;19:00;23.6;57;14.5;23.8;3;0.0;0.0;0.0;0.0;0.0;3;P4;Nuageux;1005.9;1005.8;97;0;50;97;33900.0;0.14;1.26;9.0;41.4;211;25.7;23.8;24.5;22.4;0.298;0.225;0.211;0.275;0.346
Cannes;43.5454;7.0152;04/06/2026;20:00;22.9;59;14.4;23.1;3;0.0;0.0;0.0;0.0;0.0;3;P4;Nuageux;1005.5;1005.4;99;0;58;98;36260.0;0.12;1.16;8.7;35.3;222;24.0;22.8;24.3;22.4;0.364;0.254;0.213;0.275;0.346
Cannes;43.5454;7.0152;04/06/2026;21:00;22.1;62;14.4;22.5;2;0.9;0.5;0.4;0.0;0.0;53;P10;Pluie faible;1005.1;1005.0;100;4;67;98;30760.0;0.1;1.01;6.8;26.6;230;22.6;22.3;24.1;22.4;0.369;0.278;0.218;0.275;0.346
Cannes;43.5454;7.0152;04/06/2026;22:00;21.0;67;14.6;22.1;2;0.9;0.5;0.4;0.0;0.0;53;P10;Pluie faible;1004.8;1004.7;100;9;76;97;25260.0;0.07;0.83;3.4;16.6;254;21.0;22.0;23.9;22.4;0.344;0.299;0.225;0.275;0.345
Cannes;43.5454;7.0152;04/06/2026;23:00;19.9;73;14.9;21.1;1;0.9;0.5;0.4;0.0;0.0;53;P10;Pluie faible;1004.5;1004.4;100;15;85;95;19760.0;0.05;0.63;3.0;9.7;346;19.6;21.7;23.7;22.4;0.321;0.312;0.231;0.275;0.345
Cannes;43.5454;7.0152;05/06/2026;00:00;18.8;80;15.2;19.5;1;0.9;0.5;0.4;0.0;0.0;53;P10;Pluie faible;1004.1;1004.0;100;21;93;92;14240.0;0.04;0.44;6.7;7.7;16;18.2;21.2;23.4;22.4;0.312;0.312;0.235;0.275;0.345
Cannes;43.5454;7.0152;05/06/2026;01:00;17.9;86;15.5;18.3;0;0.9;0.5;0.4;0.0;0.0;53;P10;Pluie faible;1003.8;1003.7;100;25;99;87;8740.0;0.03;0.29;10.0;7.4;23;17.2;20.7;23.2;22.4;0.307;0.304;0.238;0.275;0.345
Cannes;43.5454;7.0152;05/06/2026;02:00;17.4;90;15.8;17.6;0;0.9;0.5;0.4;0.0;0.0;53;P10;Pluie faible;1003.4;1003.3;100;27;100;80;3240.0;0.02;0.19;11.8;5.4;25;16.6;20.4;23.1;22.4;0.303;0.297;0.24;0.275;0.345
Cannes;43.5454;7.0152;05/06/2026;03:00;17.2;93;16.1;17.6;0;2.9;0.4;2.5;0.0;0.0;63;P10;Pluie;1002.9;1002.8;95;26;97;69;7240.0;0.0;0.13;11.4;2.2;26;16.4;;;;;;;;
Cannes;43.5454;7.0152;05/06/2026;04:00;17.1;96;16.5;18.0;0;2.9;0.4;2.5;0.0;0.0;63;P10;Pluie;1002.4;1002.3;87;23;89;55;11240.0;0.0;0.08;9.7;2.5;28;16.5;;;;;;;;
Cannes;43.5454;7.0152;05/06/2026;05:00;17.3;97;16.9;18.7;0;2.9;0.4;2.5;0.0;0.0;63;P10;Pluie;1001.9;1001.8;79;18;79;39;15240.0;0.0;0.06;7.3;2.9;30;16.9;;;;;;;;
Cannes;43.5454;7.0152;05/06/2026;06:00;17.7;96;17.1;19.7;0;2.9;0.4;2.5;0.0;0.0;63;P10;Pluie;1001.4;1001.3;69;13;68;23;19240.0;0.0;0.08;4.2;4.0;31;17.5;;;;;;;;
Cannes;43.5454;7.0152;05/06/2026;07:00;18.3;94;17.2;20.7;0;2.9;0.4;2.5;0.0;0.0;63;P10;Pluie;1000.9;1000.8;60;8;57;9;23240.0;0.0;0.13;0.9;5.8;11;18.4;;;;;;;;
Cannes;43.5454;7.0152;05/06/2026;08:00;19.0;88;17.0;21.2;0;2.9;0.4;2.5;0.0;0.0;63;P10;Pluie;1000.6;1000.5;51;5;48;0;27240.0;0.0;0.26;2.3;7.6;241;19.3;;;;;;;;
Cannes;43.5454;7.0152;05/06/2026;09:00;20.2;79;16.4;21.6;0;0.0;0.0;0.0;0.0;0.0;1;P2;Éclaircies;1000.4;1000.3;42;3;40;0;30260.0;0.0;0.5;5.7;9.7;242;20.6;;;;;;;;
Cannes;43.5454;7.0152;05/06/2026;10:00;21.8;67;15.4;22.2;0;0.0;0.0;0.0;0.0;0.0;1;P2;Éclaircies;1000.3;1000.2;33;2;31;0;33280.0;0.0;0.86;9.9;11.9;245;22.3;;;;;;;;
Cannes;43.5454;7.0152;05/06/2026;11:00;23.5;56;14.1;22.7;0;0.0;0.0;0.0;0.0;0.0;1;P2;Éclaircies;1000.2;1000.1;24;1;22;0;36320.0;0.0;1.29;14.6;14.0;248;24.2;;;;;;;;
Cannes;43.5454;7.0152;05/06/2026;12:00;25.2;46;12.9;23.9;1;0.0;0.0;0.0;0.0;0.0;0;P1;Ensoleillé;1000.2;1000.1;16;1;15;0;39340.0;0.0;1.73;19.1;15.8;249;26.0;;;;;;;;
Cannes;43.5454;7.0152;05/06/2026;13:00;26.6;40;11.8;25.0;2;0.0;0.0;0.0;0.0;0.0;0;P1;Ensoleillé;1000.3;1000.2;8;0;8;0;42360.0;0.0;2.09;22.7;16.9;250;27.4;;;;;;;;
Cannes;43.5454;7.0152;05/06/2026;14:00;27.3;36;11.1;25.6;3;0.0;0.0;0.0;0.0;0.0;0;P1;Ensoleillé;1000.4;1000.3;3;0;3;0;45380.0;0.0;2.31;25.0;18.0;249;28.1;;;;;;;;
Cannes;43.5454;7.0152;05/06/2026;15:00;27.4;36;10.9;25.5;3;0.0;0.0;0.0;0.0;0.0;0;P1;Ensoleillé;1000.6;1000.5;0;0;0;0;44500.0;0.0;2.34;25.8;18.7;248;27.9;;;;;;;;
Cannes;43.5454;7.0152;05/06/2026;16:00;26.9;37;11.0;24.9;3;0.0;0.0;0.0;0.0;0.0;0;P1;Ensoleillé;1000.8;1000.7;0;0;0;0;43620.0;0.0;2.24;25.5;18.7;247;27.0;;;;;;;;
Cannes;43.5454;7.0152;05/06/2026;17:00;26.2;39;11.2;23.9;3;0.0;0.0;0.0;0.0;0.0;0;P1;Ensoleillé;1001.1;1001.0;0;0;0;0;42760.0;0.0;2.06;24.5;17.6;245;25.8;;;;;;;;
Cannes;43.5454;7.0152;05/06/2026;18:00;25.2;42;11.5;22.6;2;0.0;0.0;0.0;0.0;0.0;0;P1;Ensoleillé;1001.5;1001.4;0;0;0;0;41880.0;0.0;1.84;22.9;14.4;242;24.3;;;;;;;;
Cannes;43.5454;7.0152;05/06/2026;19:00;24.2;46;11.7;21.6;1;0.0;0.0;0.0;0.0;0.0;0;P1;Ensoleillé;1001.9;1001.8;0;0;0;0;41000.0;0.0;1.64;21.4;10.1;240;22.9;;;;;;;;
Cannes;43.5454;7.0152;05/06/2026;20:00;23.3;48;11.6;20.9;0;0.0;0.0;0.0;0.0;0.0;0;P1;Ensoleillé;1002.4;1002.3;0;0;0;0;40120.0;0.0;1.49;20.1;6.8;239;21.6;;;;;;;;
Cannes;43.5454;7.0152;05/06/2026;21:00;22.4;49;11.2;20.0;1;0.0;0.0;0.0;0.0;0.0;0;P1;Ensoleillé;1003.0;1002.9;0;0;0;0;39480.0;0.0;1.38;18.7;6.5;240;20.5;;;;;;;;
Cannes;43.5454;7.0152;05/06/2026;22:00;21.3;50;10.5;19.0;2;0.0;0.0;0.0;0.0;0.0;0;P1;Ensoleillé;1003.6;1003.5;0;0;0;0;38820.0;0.0;1.27;17.1;7.2;242;19.2;;;;;;;;
Cannes;43.5454;7.0152;05/06/2026;23:00;20.2;51;9.7;17.9;3;0.0;0.0;0.0;0.0;0.0;0;P1;Ensoleillé;1004.4;1004.3;1;0;1;0;38180.0;0.0;1.17;15.6;8.3;246;17.9;;;;;;;;
Cannes;43.5454;7.0152;06/06/2026;00:00;19.2;51;9.0;16.9;3;0.0;0.0;0.0;0.0;0.0;0;P1;Ensoleillé;1005.1;1005.0;1;0;1;0;37540.0;0.0;1.08;13.9;9.0;250;16.7;;;;;;;;
Cannes;43.5454;7.0152;06/06/2026;01:00;18.4;52;8.4;16.2;3;0.0;0.0;0.0;0.0;0.0;0;P1;Ensoleillé;1005.8;1005.7;2;0;2;0;36880.0;0.0;1.02;12.5;10.1;254;15.8;;;;;;;;
Cannes;43.5454;7.0152;06/06/2026;02:00;17.9;53;8.1;15.7;3;0.0;0.0;0.0;0.0;0.0;0;P1;Ensoleillé;1006.5;1006.4;2;0;2;0;36240.0;0.0;0.97;11.4;10.8;257;15.4;;;;;;;;
Cannes;43.5454;7.0152;06/06/2026;03:00;17.6;54;8.2;15.6;3;0.0;0.0;0.0;0.0;0.0;0;P1;Ensoleillé;1007.1;1007.0;1;0;1;0;36240.0;0.0;0.93;10.5;11.2;258;15.3;;;;;;;;
Cannes;43.5454;7.0152;06/06/2026;04:00;17.6;56;8.6;15.9;3;0.0;0.0;0.0;0.0;0.0;0;P1;Ensoleillé;1007.8;1007.7;0;0;0;0;36240.0;0.0;0.9;9.4;10.8;258;15.7;;;;;;;;
Cannes;43.5454;7.0152;06/06/2026;05:00;17.8;57;9.2;16.4;3;0.0;0.0;0.0;0.0;0.0;0;P1;Ensoleillé;1008.4;1008.3;0;0;0;0;36240.0;0.0;0.87;8.4;11.2;255;16.3;;;;;;;;
Cannes;43.5454;7.0152;06/06/2026;06:00;18.1;59;9.9;17.0;4;0.0;0.0;0.0;0.0;0.0;0;P1;Ensoleillé;1009.0;1008.9;0;0;0;0;36240.0;0.0;0.86;7.9;11.5;250;17.0;;;;;;;;
Cannes;43.5454;7.0152;06/06/2026;07:00;18.5;59;10.5;17.6;5;0.0;0.0;0.0;0.0;0.0;0;P1;Ensoleillé;1009.6;1009.5;0;0;0;0;36240.0;0.0;0.87;7.5;11.9;243;18.0;;;;;;;;
Cannes;43.5454;7.0152;06/06/2026;08:00;19.1;59;11.0;18.2;6;0.0;0.0;0.0;0.0;0.0;0;P1;Ensoleillé;1010.1;1010.0;0;0;0;0;36240.0;0.0;0.9;8.0;13.7;234;18.9;;;;;;;;
Cannes;43.5454;7.0152;06/06/2026;09:00;19.9;58;11.3;18.9;6;0.0;0.0;0.0;0.0;0.0;0;P1;Ensoleillé;1010.6;1010.5;7;0;6;0;35000.0;0.0;0.98;9.7;18.0;225;20.2;;;;;;;;
Cannes;43.5454;7.0152;06/06/2026;10:00;20.9;55;11.6;19.6;6;0.0;0.0;0.0;0.0;0.0;0;P1;Ensoleillé;1011.1;1011.0;17;0;16;1;33760.0;0.0;1.11;12.4;24.1;219;21.8;;;;;;;;
Cannes;43.5454;7.0152;06/06/2026;11:00;22.2;52;11.9;20.8;6;0.0;0.0;0.0;0.0;0.0;1;P2;Éclaircies;1011.5;1011.4;29;0;28;1;32520.0;0.0;1.28;15.8;28.4;214;23.6;;;;;;;;
Cannes;43.5454;7.0152;06/06/2026;12:00;23.3;50;12.1;22.2;8;0.0;0.0;0.0;0.0;0.0;1;P2;Éclaircies;1011.9;1011.8;40;0;38;2;31280.0;0.0;1.44;19.1;30.2;211;25.2;;;;;;;;
Cannes;43.5454;7.0152;06/06/2026;13:00;24.2;48;12.4;23.2;11;0.0;0.0;0.0;0.0;0.0;1;P2;Éclaircies;1012.3;1012.2;48;0;47;2;30040.0;0.0;1.57;21.5;31.0;210;26.4;;;;;;;;
Cannes;43.5454;7.0152;06/06/2026;14:00;24.6;48;12.7;23.7;13;0.0;0.0;0.0;0.0;0.0;2;P8;Éclaircies;1012.6;1012.5;52;0;50;2;28800.0;0.0;1.62;22.6;31.3;209;27.0;;;;;;;;
Cannes;43.5454;7.0152;06/06/2026;15:00;24.5;49;13.1;23.8;13;0.0;0.0;0.0;0.0;0.0;1;P2;Éclaircies;1012.8;1012.7;49;0;48;2;29600.0;0.0;1.56;22.0;32.0;209;26.7;;;;;;;;
Cannes;43.5454;7.0152;06/06/2026;16:00;24.0;52;13.6;23.5;11;0.0;0.0;0.0;0.0;0.0;1;P2;Éclaircies;1013.0;1012.9;42;0;41;2;30380.0;0.0;1.42;20.2;32.4;209;25.9;;;;;;;;
Cannes;43.5454;7.0152;06/06/2026;17:00;23.2;57;14.1;22.7;10;0.0;0.0;0.0;0.0;0.0;1;P2;Éclaircies;1013.2;1013.1;32;0;31;1;31180.0;0.0;1.23;17.8;32.0;210;24.7;;;;;;;;
Cannes;43.5454;7.0152;06/06/2026;18:00;22.3;62;14.6;21.6;9;0.0;0.0;0.0;0.0;0.0;1;P2;Éclaircies;1013.3;1013.2;21;0;21;1;31960.0;0.0;1.03;14.9;29.9;212;23.2;;;;;;;;
Cannes;43.5454;7.0152;06/06/2026;19:00;21.4;66;14.9;21.2;7;0.0;0.0;0.0;0.0;0.0;0;P1;Ensoleillé;1013.4;1013.3;12;0;11;0;32760.0;0.0;0.85;12.0;26.6;215;21.7;;;;;;;;
Cannes;43.5454;7.0152;06/06/2026;20:00;20.6;70;14.9;20.8;6;0.0;0.0;0.0;0.0;0.0;0;P1;Ensoleillé;1013.5;1013.4;5;0;5;0;33540.0;0.0;0.73;9.5;23.8;217;20.4;;;;;;;;
Cannes;43.5454;7.0152;06/06/2026;21:00;19.8;72;14.6;20.3;5;0.0;0.0;0.0;0.0;0.0;0;P1;Ensoleillé;1013.6;1013.5;1;0;2;0;33540.0;0.0;0.65;7.4;21.2;221;19.1;;;;;;;;
Cannes;43.5454;7.0152;06/06/2026;22:00;19.0;73;14.1;19.5;4;0.0;0.0;0.0;0.0;0.0;0;P1;Ensoleillé;1013.7;1013.6;0;0;0;0;33540.0;0.0;0.59;5.2;18.7;229;17.6;;;;;;;;
Cannes;43.5454;7.0152;06/06/2026;23:00;18.1;74;13.3;18.7;3;0.0;0.0;0.0;0.0;0.0;0;P1;Ensoleillé;1013.8;1013.7;0;0;0;0;33540.0;0.0;0.54;3.3;17.3;248;16.0;;;;;;;;
Cannes;43.5454;7.0152;07/06/2026;00:00;17.3;74;12.6;17.8;4;0.0;0.0;0.0;0.0;0.0;0;P1;Ensoleillé;1013.9;1013.8;0;0;0;0;33520.0;0.0;0.52;2.1;17.6;285;14.6;;;;;;;;
Cannes;43.5454;7.0152;07/06/2026;01:00;16.7;74;12.0;17.0;5;0.0;0.0;0.0;0.0;0.0;0;P1;Ensoleillé;1013.9;1013.8;0;0;0;0;33520.0;0.0;0.5;2.6;18.7;335;13.6;;;;;;;;
Cannes;43.5454;7.0152;07/06/2026;02:00;16.4;73;11.6;16.4;6;0.0;0.0;0.0;0.0;0.0;0;P1;Ensoleillé;1013.9;1013.8;0;0;0;0;33520.0;0.0;0.5;3.6;19.1;357;13.1;;;;;;;;
Cannes;43.5454;7.0152;07/06/2026;03:00;16.5;72;11.4;16.2;6;0.0;0.0;0.0;0.0;0.0;0;P1;Ensoleillé;1013.8;1013.7;2;0;0;2;33520.0;0.0;0.52;4.7;17.6;9;13.3;;;;;;;;
Cannes;43.5454;7.0152;07/06/2026;04:00;16.8;70;11.4;16.4;6;0.0;0.0;0.0;0.0;0.0;0;P1;Ensoleillé;1013.7;1013.6;6;1;0;6;33520.0;0.0;0.56;5.6;15.8;15;14.1;;;;;;;;
Cannes;43.5454;7.0152;07/06/2026;05:00;17.3;69;11.5;16.8;6;0.0;0.0;0.0;0.0;0.0;0;P1;Ensoleillé;1013.6;1013.5;10;1;0;10;33520.0;0.0;0.62;6.4;15.5;22;15.2;;;;;;;;
Cannes;43.5454;7.0152;07/06/2026;06:00;17.9;67;11.7;17.4;8;0.0;0.0;0.0;0.0;0.0;0;P1;Ensoleillé;1013.4;1013.3;15;2;0;14;33520.0;0.0;0.68;6.9;17.6;28;16.5;;;;;;;;
Cannes;43.5454;7.0152;07/06/2026;07:00;18.5;66;11.9;18.0;11;0.0;0.0;0.0;0.0;0.0;0;P1;Ensoleillé;1013.2;1013.1;19;2;0;18;33520.0;0.0;0.73;7.4;21.2;34;17.9;;;;;;;;
Cannes;43.5454;7.0152;07/06/2026;08:00;19.1;65;12.3;18.7;13;0.0;0.0;0.0;0.0;0.0;1;P2;Éclaircies;1013.0;1012.9;22;2;0;21;33520.0;0.0;0.78;7.6;25.6;43;19.2;;;;;;;;
Cannes;43.5454;7.0152;07/06/2026;09:00;19.7;65;12.9;19.5;11;0.0;0.0;0.0;0.0;0.0;1;P2;Éclaircies;1012.7;1012.6;24;2;0;23;31780.0;0.0;0.81;8.2;31.0;57;20.7;;;;;;;;
Cannes;43.5454;7.0152;07/06/2026;10:00;20.5;65;13.7;20.3;8;0.0;0.0;0.0;0.0;0.0;1;P2;Éclaircies;1012.4;1012.3;26;2;0;25;30060.0;0.0;0.85;9.6;37.1;74;22.6;;;;;;;;
Cannes;43.5454;7.0152;07/06/2026;11:00;21.4;66;14.7;21.6;6;0.0;0.0;0.0;0.0;0.0;1;P2;Éclaircies;1012.1;1012.0;27;1;0;27;28340.0;0.0;0.88;11.5;40.3;86;24.5;;;;;;;;
Cannes;43.5454;7.0152;07/06/2026;12:00;22.1;66;15.5;23.1;7;0.0;0.0;0.0;0.0;0.0;1;P2;Éclaircies;1011.7;1011.6;28;1;0;28;26600.0;0.0;0.9;13.6;38.2;96;26.2;;;;;;;;
Cannes;43.5454;7.0152;07/06/2026;13:00;22.7;67;16.3;24.3;9;0.0;0.0;0.0;0.0;0.0;1;P2;Éclaircies;1011.3;1011.2;28;0;0;28;24880.0;0.0;0.9;14.8;32.8;103;27.4;;;;;;;;
Cannes;43.5454;7.0152;07/06/2026;14:00;22.9;68;16.7;25.0;11;0.0;0.0;0.0;0.0;0.0;1;P2;Éclaircies;1010.9;1010.8;27;0;0;27;23140.0;0.0;0.89;14.7;28.1;108;27.9;;;;;;;;
Cannes;43.5454;7.0152;07/06/2026;15:00;22.8;69;16.9;25.2;12;0.3;0.2;0.1;0.0;0.0;51;P10;Pluie faible;1010.4;1010.3;25;0;1;24;24380.0;0.0;0.85;12.8;25.6;114;27.5;;;;;;;;
Cannes;43.5454;7.0152;07/06/2026;16:00;22.4;72;17.0;25.0;12;0.3;0.2;0.1;0.0;0.0;51;P10;Pluie faible;1009.9;1009.8;21;0;2;19;25620.0;0.0;0.77;9.4;23.4;126;26.3;;;;;;;;
Cannes;43.5454;7.0152;07/06/2026;17:00;21.8;73;16.8;24.2;13;0.3;0.2;0.1;0.0;0.0;51;P10;Pluie faible;1009.3;1009.2;17;0;3;14;26880.0;0.0;0.69;6.1;20.9;156;24.6;;;;;;;;
Cannes;43.5454;7.0152;07/06/2026;18:00;21.1;75;16.6;22.5;13;0.3;0.2;0.1;0.0;0.0;51;P10;Pluie faible;1008.8;1008.7;12;1;4;8;28120.0;0.0;0.61;6.2;16.9;206;22.7;;;;;;;;
Cannes;43.5454;7.0152;07/06/2026;19:00;20.3;77;16.1;21.1;13;0.3;0.2;0.1;0.0;0.0;51;P10;Pluie faible;1008.5;1008.4;8;1;5;3;29360.0;0.0;0.56;9.1;12.2;234;20.9;;;;;;;;
Cannes;43.5454;7.0152;07/06/2026;20:00;19.6;76;15.4;19.7;13;0.3;0.2;0.1;0.0;0.0;51;P10;Pluie faible;1008.4;1008.3;5;1;5;0;30600.0;0.0;0.54;12.1;8.6;243;19.4;;;;;;;;
Cannes;43.5454;7.0152;07/06/2026;21:00;18.9;74;14.3;18.3;12;0.0;0.0;0.0;0.0;0.0;0;P1;Ensoleillé;1008.7;1008.6;3;1;5;0;31540.0;0.0;0.56;13.8;6.5;248;18.2;;;;;;;;
Cannes;43.5454;7.0152;07/06/2026;22:00;18.1;71;12.8;16.8;12;0.0;0.0;0.0;0.0;0.0;0;P1;Ensoleillé;1009.2;1009.1;1;0;4;0;32480.0;0.0;0.6;14.9;5.4;251;17.0;;;;;;;;
Cannes;43.5454;7.0152;07/06/2026;23:00;17.3;67;11.1;15.4;11;0.0;0.0;0.0;0.0;0.0;0;P1;Ensoleillé;1010.0;1009.9;0;0;3;0;33420.0;0.0;0.65;15.2;4.3;253;15.9;;;;;;;;
Cannes;43.5454;7.0152;08/06/2026;00:00;16.5;63;9.4;14.1;10;0.0;0.0;0.0;0.0;0.0;0;P1;Ensoleillé;1010.7;1010.6;0;0;2;0;34360.0;0.0;0.69;15.5;3.2;255;15.0;;;;;;;;
Cannes;43.5454;7.0152;08/06/2026;01:00;15.8;60;8.0;13.0;10;0.0;0.0;0.0;0.0;0.0;0;P1;Ensoleillé;1011.4;1011.3;0;0;1;0;35300.0;0.0;0.72;15.8;2.9;255;14.2;;;;;;;;
Cannes;43.5454;7.0152;08/06/2026;02:00;15.3;58;7.1;12.2;10;0.0;0.0;0.0;0.0;0.0;0;P1;Ensoleillé;1011.8;1011.7;2;2;0;0;36240.0;0.0;0.73;16.5;2.5;254;13.8;;;;;;;;
Cannes;43.5454;7.0152;08/06/2026;03:00;15.0;58;6.7;11.6;11;0.0;0.0;0.0;0.0;0.0;0;P1;Ensoleillé;1012.0;1011.9;5;6;0;0;36240.0;0.0;0.72;17.6;2.9;250;13.6;;;;;;;;
Cannes;43.5454;7.0152;08/06/2026;04:00;14.7;59;6.7;11.1;12;0.0;0.0;0.0;0.0;0.0;0;P1;Ensoleillé;1011.9;1011.8;11;11;0;0;36240.0;0.0;0.69;19.0;3.6;244;13.5;;;;;;;;
Cannes;43.5454;7.0152;08/06/2026;05:00;14.5;61;7.0;10.7;13;0.0;0.0;0.0;0.0;0.0;0;P1;Ensoleillé;1011.8;1011.7;17;18;0;0;36240.0;0.0;0.65;20.9;4.3;238;13.7;;;;;;;;
Cannes;43.5454;7.0152;08/06/2026;06:00;14.5;62;7.3;10.5;14;0.0;0.0;0.0;0.0;0.0;1;P2;Éclaircies;1011.7;1011.6;23;24;0;0;36240.0;0.0;0.63;22.8;5.4;234;14.2;;;;;;;;
Cannes;43.5454;7.0152;08/06/2026;07:00;14.8;62;7.6;10.7;15;0.0;0.0;0.0;0.0;0.0;1;P2;Éclaircies;1011.6;1011.5;28;28;0;0;36240.0;0.0;0.64;24.2;6.5;231;14.9;;;;;;;;
Cannes;43.5454;7.0152;08/06/2026;08:00;15.4;60;7.6;11.2;16;0.0;0.0;0.0;0.0;0.0;1;P2;Éclaircies;1011.6;1011.5;30;30;0;0;36240.0;0.0;0.71;25.0;7.6;232;15.9;;;;;;;;
Cannes;43.5454;7.0152;08/06/2026;09:00;16.6;54;7.2;12.2;16;0.0;0.0;0.0;0.0;0.0;1;P2;Éclaircies;1011.7;1011.6;29;29;0;0;37760.0;0.0;0.87;25.0;7.9;235;17.5;;;;;;;;
Cannes;43.5454;7.0152;08/06/2026;10:00;18.3;47;6.7;13.9;16;0.0;0.0;0.0;0.0;0.0;1;P2;Éclaircies;1011.9;1011.8;25;25;1;0;39300.0;0.0;1.13;24.6;7.9;242;19.7;;;;;;;;
Cannes;43.5454;7.0152;08/06/2026;11:00;20.3;39;6.0;16.1;16;0.0;0.0;0.0;0.0;0.0;1;P2;Éclaircies;1012.2;1012.1;20;19;2;0;40820.0;0.0;1.45;24.4;8.3;251;22.2;;;;;;;;
Cannes;43.5454;7.0152;08/06/2026;12:00;22.3;33;5.4;18.5;16;0.0;0.0;0.0;0.0;0.0;0;P1;Ensoleillé;1012.4;1012.3;14;13;2;0;42340.0;0.0;1.79;24.5;9.7;260;24.5;;;;;;;;
Cannes;43.5454;7.0152;08/06/2026;13:00;23.9;29;4.9;20.4;16;0.0;0.0;0.0;0.0;0.0;0;P1;Ensoleillé;1012.6;1012.5;9;8;3;0;43880.0;0.0;2.1;24.7;11.9;267;26.4;;;;;;;;
Cannes;43.5454;7.0152;08/06/2026;14:00;24.9;27;4.7;21.7;16;0.0;0.0;0.0;0.0;0.0;0;P1;Ensoleillé;1012.8;1012.7;5;4;3;0;45400.0;0.0;2.3;24.3;13.7;273;27.5;;;;;;;;
Cannes;43.5454;7.0152;08/06/2026;15:00;25.3;27;4.8;22.3;17;0.0;0.0;0.0;0.0;0.0;0;P1;Ensoleillé;1012.8;1012.7;3;2;3;0;45400.0;0.0;2.37;23.0;14.4;275;27.6;;;;;;;;
Cannes;43.5454;7.0152;08/06/2026;16:00;25.3;27;5.2;22.5;17;0.0;0.0;0.0;0.0;0.0;0;P1;Ensoleillé;1012.7;1012.6;1;1;2;0;45380.0;0.0;2.35;20.7;14.8;278;27.0;;;;;;;;
Cannes;43.5454;7.0152;08/06/2026;17:00;25.0;29;5.7;22.3;18;0.0;0.0;0.0;0.0;0.0;0;P1;Ensoleillé;1012.6;1012.5;0;0;2;0;45380.0;0.0;2.26;17.9;15.1;280;25.9;;;;;;;;
Cannes;43.5454;7.0152;08/06/2026;18:00;24.4;31;6.3;21.6;19;0.0;0.0;0.0;0.0;0.0;0;P1;Ensoleillé;1012.6;1012.5;0;0;1;0;45380.0;0.0;2.11;14.9;16.2;281;24.6;;;;;;;;
Cannes;43.5454;7.0152;08/06/2026;19:00;23.7;34;6.9;21.2;19;0.0;0.0;0.0;0.0;0.0;0;P1;Ensoleillé;1012.6;1012.5;0;0;0;0;45360.0;0.0;1.94;12.0;17.6;283;23.1;;;;;;;;
Cannes;43.5454;7.0152;08/06/2026;20:00;22.9;37;7.3;20.8;19;0.0;0.0;0.0;0.0;0.0;0;P1;Ensoleillé;1012.9;1012.8;0;0;0;0;45360.0;0.0;1.77;9.9;18.4;286;21.7;;;;;;;;
Cannes;43.5454;7.0152;08/06/2026;21:00;21.8;40;7.6;20.0;18;0.0;0.0;0.0;0.0;0.0;0;P1;Ensoleillé;1013.5;1013.4;2;0;0;2;43840.0;0.0;1.57;8.4;17.6;289;20.1;;;;;;;;
Cannes;43.5454;7.0152;08/06/2026;22:00;20.3;45;7.9;18.8;17;0.0;0.0;0.0;0.0;0.0;0;P1;Ensoleillé;1014.3;1014.2;5;0;0;5;42320.0;0.0;1.32;7.0;16.2;291;18.0;;;;;;;;
Cannes;43.5454;7.0152;08/06/2026;23:00;18.7;50;8.2;17.4;15;0.0;0.0;0.0;0.0;0.0;0;P1;Ensoleillé;1015.2;1015.1;8;0;0;9;40800.0;0.0;1.07;5.7;14.0;294;15.9;;;;;;;;
Cannes;43.5454;7.0152;09/06/2026;00:00;17.1;57;8.4;16.0;13;0.0;0.0;0.0;0.0;0.0;0;P1;Ensoleillé;1016.2;1016.1;12;0;0;12;39260.0;0.0;0.85;4.8;10.8;295;13.9;;;;;;;;
Cannes;43.5454;7.0152;09/06/2026;01:00;15.8;62;8.5;14.9;12;0.0;0.0;0.0;0.0;0.0;0;P1;Ensoleillé;1017.1;1017.0;15;0;0;15;37740.0;0.0;0.69;3.9;6.8;298;12.4;;;;;;;;
Cannes;43.5454;7.0152;09/06/2026;02:00;15.2;65;8.6;14.4;10;0.0;0.0;0.0;0.0;0.0;0;P1;Ensoleillé;1017.7;1017.6;16;0;0;16;36220.0;0.0;0.61;3.0;5.0;303;11.8;;;;;;;;
Cannes;43.5454;7.0152;09/06/2026;03:00;15.2;65;8.6;14.4;9;0.0;0.0;0.0;0.0;0.0;0;P1;Ensoleillé;1018.1;1018.0;16;0;0;16;36880.0;0.0;0.61;2.6;6.5;309;12.0;;;;;;;;
Cannes;43.5454;7.0152;09/06/2026;04:00;15.7;62;8.4;15.0;8;0.0;0.0;0.0;0.0;0.0;0;P1;Ensoleillé;1018.3;1018.2;14;0;0;14;37520.0;0.0;0.69;2.2;10.1;318;13.0;;;;;;;;
Cannes;43.5454;7.0152;09/06/2026;05:00;16.6;57;8.1;15.8;7;0.0;0.0;0.0;0.0;0.0;0;P1;Ensoleillé;1018.5;1018.4;11;0;0;12;38180.0;0.0;0.8;2.1;12.2;322;14.5;;;;;;;;
Cannes;43.5454;7.0152;09/06/2026;06:00;17.6;53;7.9;16.8;6;0.0;0.0;0.0;0.0;0.0;0;P1;Ensoleillé;1018.5;1018.4;9;0;0;9;38840.0;0.0;0.94;1.8;11.5;323;16.3;;;;;;;;
Cannes;43.5454;7.0152;09/06/2026;07:00;18.6;50;7.9;17.8;6;0.0;0.0;0.0;0.0;0.0;0;P1;Ensoleillé;1018.6;1018.5;6;0;0;7;39480.0;0.0;1.08;1.5;9.7;330;18.1;;;;;;;;
Cannes;43.5454;7.0152;09/06/2026;08:00;19.4;48;8.1;18.8;6;0.0;0.0;0.0;0.0;0.0;0;P1;Ensoleillé;1018.7;1018.6;5;0;0;5;40140.0;0.0;1.17;0.9;8.3;360;19.7;;;;;;;;
Cannes;43.5454;7.0152;09/06/2026;09:00;20.1;48;8.7;19.6;7;0.0;0.0;0.0;0.0;0.0;0;P1;Ensoleillé;1018.9;1018.8;3;0;0;3;39480.0;0.0;1.23;1.1;8.3;81;21.5;;;;;;;;
Cannes;43.5454;7.0152;09/06/2026;10:00;20.8;49;9.6;20.3;9;0.0;0.0;0.0;0.0;0.0;0;P1;Ensoleillé;1019.1;1019.0;1;0;1;0;38840.0;0.0;1.27;2.7;9.0;110;23.6;;;;;;;;
Cannes;43.5454;7.0152;09/06/2026;11:00;21.6;50;10.6;21.7;11;0.0;0.0;0.0;0.0;0.0;0;P1;Ensoleillé;1019.3;1019.2;0;0;2;0;38180.0;0.0;1.3;4.5;10.4;119;25.8;;;;;;;;
Cannes;43.5454;7.0152;09/06/2026;12:00;22.2;51;11.6;23.2;13;0.0;0.0;0.0;0.0;0.0;0;P1;Ensoleillé;1019.4;1019.3;0;0;3;0;37520.0;0.0;1.31;6.4;14.0;122;27.7;;;;;;;;
Cannes;43.5454;7.0152;09/06/2026;13:00;22.7;53;12.6;24.3;15;0.0;0.0;0.0;0.0;0.0;0;P1;Ensoleillé;1019.5;1019.4;1;0;4;0;36880.0;0.0;1.31;7.9;18.4;123;29.1;;;;;;;;
Cannes;43.5454;7.0152;09/06/2026;14:00;22.9;55;13.3;24.9;16;0.0;0.0;0.0;0.0;0.0;0;P1;Ensoleillé;1019.5;1019.4;6;0;4;2;36220.0;0.0;1.27;8.7;20.9;124;29.8;;;;;;;;
Cannes;43.5454;7.0152;09/06/2026;15:00;22.8;57;13.9;25.0;17;0.0;0.0;0.0;0.0;0.0;0;P1;Ensoleillé;1019.3;1019.2;18;2;4;14;30300.0;0.0;1.19;8.7;20.2;124;29.4;;;;;;;;
Cannes;43.5454;7.0152;09/06/2026;16:00;22.5;60;14.4;24.6;18;0.0;0.0;0.0;0.0;0.0;1;P2;Éclaircies;1019.0;1018.9;36;5;4;32;24360.0;0.0;1.08;8.1;17.3;122;28.3;;;;;;;;
Cannes;43.5454;7.0152;09/06/2026;17:00;21.9;64;14.8;23.7;18;0.0;0.0;0.0;0.0;0.0;2;P8;Éclaircies;1018.7;1018.6;56;9;4;53;18440.0;0.0;0.95;7.0;14.4;122;26.7;;;;;;;;
Cannes;43.5454;7.0152;09/06/2026;18:00;21.3;68;15.1;22.5;18;0.0;0.0;0.0;0.0;0.0;2;P8;Éclaircies;1018.3;1018.2;75;12;4;73;12520.0;0.0;0.82;5.8;11.2;120;24.8;;;;;;;;
Cannes;43.5454;7.0152;09/06/2026;19:00;20.7;71;15.3;21.8;17;0.0;0.0;0.0;0.0;0.0;3;P4;Nuageux;1018.0;1017.9;90;15;4;87;6580.0;0.0;0.7;4.7;7.6;118;23.0;;;;;;;;
Cannes;43.5454;7.0152;09/06/2026;20:00;20.1;74;15.3;21.4;16;0.0;0.0;0.0;0.0;0.0;3;P4;Nuageux;1017.8;1017.7;95;16;4;93;660.0;0.0;0.62;3.8;5.4;115;21.5;;;;;;;;
Cannes;43.5454;7.0152;09/06/2026;21:00;19.6;75;15.1;20.9;14;0.0;0.0;0.0;0.0;0.0;3;P4;Nuageux;1017.7;1017.6;89;15;4;87;5640.0;0.0;0.56;3.0;5.4;115;20.1;;;;;;;;
Cannes;43.5454;7.0152;09/06/2026;22:00;18.9;77;14.7;20.2;11;0.0;0.0;0.0;0.0;0.0;2;P8;Éclaircies;1017.8;1017.7;75;13;3;73;10620.0;0.0;0.51;1.9;6.5;112;18.6;;;;;;;;
Cannes;43.5454;7.0152;09/06/2026;23:00;18.3;77;14.2;19.5;8;0.0;0.0;0.0;0.0;0.0;2;P8;Éclaircies;1017.8;1017.7;55;10;3;53;15620.0;0.0;0.48;1.0;6.8;112;17.2;;;;;;;;
Cannes;43.5454;7.0152;10/06/2026;00:00;17.7;77;13.6;18.8;5;0.0;0.0;0.0;0.0;0.0;1;P2;Éclaircies;1017.9;1017.8;35;6;2;32;20600.0;0.0;0.46;0.2;5.8;90;15.9;;;;;;;;
Cannes;43.5454;7.0152;10/06/2026;01:00;17.2;77;13.2;18.2;2;0.0;0.0;0.0;0.0;0.0;0;P1;Ensoleillé;1018.0;1017.9;17;4;1;14;25580.0;0.0;0.45;0.4;3.6;297;14.9;;;;;;;;
Cannes;43.5454;7.0152;10/06/2026;02:00;16.9;77;12.9;17.7;0;0.0;0.0;0.0;0.0;0.0;0;P1;Ensoleillé;1018.1;1018.0;5;2;1;2;30560.0;0.0;0.44;0.6;2.5;304;14.5;;;;;;;;
Cannes;43.5454;7.0152;10/06/2026;03:00;16.7;78;12.8;17.5;0;0.0;0.0;0.0;0.0;0.0;0;P1;Ensoleillé;1018.2;1018.1;0;2;1;0;27460.0;0.0;0.42;0.6;2.9;342;14.5;;;;;;;;
Cannes;43.5454;7.0152;10/06/2026;04:00;16.5;79;12.8;17.3;1;0.0;0.0;0.0;0.0;0.0;0;P1;Ensoleillé;1018.2;1018.1;0;3;0;0;24360.0;0.0;0.4;1.0;3.6;22;15.0;;;;;;;;
Cannes;43.5454;7.0152;10/06/2026;05:00;16.5;79;12.9;17.1;2;0.0;0.0;0.0;0.0;0.0;0;P1;Ensoleillé;1018.3;1018.2;0;4;0;0;21260.0;0.0;0.39;1.8;4.0;53;15.7;;;;;;;;
Cannes;43.5454;7.0152;10/06/2026;06:00;16.6;80;13.0;17.2;3;0.0;0.0;0.0;0.0;0.0;0;P1;Ensoleillé;1018.4;1018.3;2;5;0;0;18140.0;0.0;0.39;2.6;2.9;65;16.7;;;;;;;;
Cannes;43.5454;7.0152;10/06/2026;07:00;16.9;79;13.2;17.5;5;0.0;0.0;0.0;0.0;0.0;0;P1;Ensoleillé;1018.4;1018.3;5;6;0;0;15040.0;0.0;0.4;3.1;1.8;77;18.0;;;;;;;;
Cannes;43.5454;7.0152;10/06/2026;08:00;17.4;77;13.4;18.0;6;0.0;0.0;0.0;0.0;0.0;0;P1;Ensoleillé;1018.4;1018.3;7;7;0;0;11940.0;0.0;0.46;3.2;1.1;93;19.3;;;;;;;;
Cannes;43.5454;7.0152;10/06/2026;09:00;18.4;74;13.6;19.0;6;0.0;0.0;0.0;0.0;0.0;0;P1;Ensoleillé;1018.4;1018.3;9;7;2;0;11360.0;0.0;0.56;3.6;2.2;123;21.0;;;;;;;;
Cannes;43.5454;7.0152;10/06/2026;10:00;19.8;69;13.9;20.3;5;0.0;0.0;0.0;0.0;0.0;0;P1;Ensoleillé;1018.3;1018.2;11;6;5;1;10800.0;0.0;0.72;5.3;4.0;152;23.3;;;;;;;;
Cannes;43.5454;7.0152;10/06/2026;11:00;21.4;64;14.2;21.9;4;0.0;0.0;0.0;0.0;0.0;0;P1;Ensoleillé;1018.2;1018.1;14;6;8;1;10220.0;0.0;0.93;7.9;5.8;167;25.7;;;;;;;;
Cannes;43.5454;7.0152;10/06/2026;12:00;22.9;59;14.4;23.8;3;0.0;0.0;0.0;0.0;0.0;0;P1;Ensoleillé;1018.1;1018.0;16;5;11;2;9640.0;0.0;1.15;10.8;7.9;175;28.0;;;;;;;;
Cannes;43.5454;7.0152;10/06/2026;13:00;24.2;55;14.7;25.4;3;0.0;0.0;0.0;0.0;0.0;0;P1;Ensoleillé;1018.0;1017.9;18;4;14;4;9080.0;0.0;1.35;13.3;9.7;180;29.8;;;;;;;;
Cannes;43.5454;7.0152;10/06/2026;14:00;25.0;53;14.8;26.2;3;0.0;0.0;0.0;0.0;0.0;1;P2;Éclaircies;1017.8;1017.7;20;3;15;5;8500.0;0.0;1.49;15.0;11.2;184;30.7;;;;;;;;
Cannes;43.5454;7.0152;10/06/2026;15:00;25.3;53;14.9;26.2;4;0.1;0.1;0.0;0.0;0.0;51;P10;Pluie faible;1017.6;1017.5;21;2;14;7;13120.0;0.0;1.52;15.8;11.2;188;30.5;;;;;;;;
Cannes;43.5454;7.0152;10/06/2026;16:00;25.2;53;15.0;25.8;6;0.1;0.1;0.0;0.0;0.0;51;P10;Pluie faible;1017.4;1017.3;21;2;12;9;17740.0;0.0;1.5;16.2;10.1;193;29.6;;;;;;;;
Cannes;43.5454;7.0152;10/06/2026;17:00;24.8;54;15.0;24.8;8;0.1;0.1;0.0;0.0;0.0;51;P10;Pluie faible;1017.1;1017.0;20;1;10;12;22360.0;0.0;1.43;16.3;9.7;199;28.2;;;;;;;;
Cannes;43.5454;7.0152;10/06/2026;18:00;24.3;56;14.9;23.6;10;0.1;0.1;0.0;0.0;0.0;51;P10;Pluie faible;1016.9;1016.8;20;1;6;15;26980.0;0.0;1.35;16.2;10.4;204;26.5;;;;;;;;
Cannes;43.5454;7.0152;10/06/2026;19:00;23.7;57;14.7;23.0;11;0.1;0.1;0.0;0.0;0.0;51;P10;Pluie faible;1016.7;1016.6;20;0;4;17;31600.0;0.0;1.26;16.1;11.5;210;24.8;;;;;;;;
Cannes;43.5454;7.0152;10/06/2026;20:00;23.1;58;14.4;22.3;13;0.1;0.1;0.0;0.0;0.0;51;P10;Pluie faible;1016.5;1016.4;21;0;2;20;36220.0;0.0;1.19;15.7;12.2;216;23.4;;;;;;;;
Cannes;43.5454;7.0152;10/06/2026;21:00;22.5;58;13.7;21.5;14;0.0;0.0;0.0;0.0;0.0;1;P2;Éclaircies;1016.4;1016.3;23;0;1;23;36220.0;0.0;1.15;15.3;11.9;222;22.2;;;;;;;;
Cannes;43.5454;7.0152;10/06/2026;22:00;21.6;57;12.8;20.4;15;0.0;0.0;0.0;0.0;0.0;1;P2;Éclaircies;1016.3;1016.2;26;0;1;26;36220.0;0.0;1.1;14.6;10.8;231;20.9;;;;;;;;
Cannes;43.5454;7.0152;10/06/2026;23:00;20.7;57;11.8;19.2;16;0.0;0.0;0.0;0.0;0.0;1;P2;Éclaircies;1016.2;1016.1;30;0;1;30;36220.0;0.0;1.06;14.2;9.4;241;19.6;;;;;;;;
Cannes;43.5454;7.0152;11/06/2026;00:00;19.9;56;10.8;18.1;16;0.0;0.0;0.0;0.0;0.0;1;P2;Éclaircies;1016.2;1016.1;33;0;1;33;36220.0;0.0;1.03;13.9;7.9;251;18.5;;;;;;;;
Cannes;43.5454;7.0152;11/06/2026;01:00;19.1;56;10.0;17.1;16;0.0;0.0;0.0;0.0;0.0;1;P2;Éclaircies;1016.2;1016.1;35;0;1;34;36220.0;0.0;0.98;13.7;6.1;259;17.6;;;;;;;;
Cannes;43.5454;7.0152;11/06/2026;02:00;18.5;56;9.7;16.5;16;0.0;0.0;0.0;0.0;0.0;1;P2;Éclaircies;1016.2;1016.1;35;0;1;34;36220.0;0.0;0.93;13.2;5.0;265;17.1;;;;;;;;
Cannes;43.5454;7.0152;11/06/2026;03:00;18.1;59;9.9;16.3;15;0.0;0.0;0.0;0.0;0.0;1;P2;Éclaircies;1016.3;1016.2;31;0;1;30;35280.0;0.0;0.86;12.1;4.7;267;16.9;;;;;;;;
Cannes;43.5454;7.0152;11/06/2026;04:00;17.8;62;10.4;16.4;13;0.0;0.0;0.0;0.0;0.0;1;P2;Éclaircies;1016.4;1016.3;24;1;1;23;34320.0;0.0;0.77;10.5;4.7;267;17.0;;;;;;;;
Cannes;43.5454;7.0152;11/06/2026;05:00;17.6;67;11.3;16.8;11;0.0;0.0;0.0;0.0;0.0;0;P1;Ensoleillé;1016.5;1016.4;16;1;0;15;33380.0;0.0;0.67;8.3;4.7;264;17.4;;;;;;;;
Cannes;43.5454;7.0152;11/06/2026;06:00;17.5;71;12.2;17.3;9;0.0;0.0;0.0;0.0;0.0;0;P1;Ensoleillé;1016.7;1016.6;8;1;0;7;32440.0;0.0;0.58;5.9;4.7;258;18.0;;;;;;;;
Cannes;43.5454;7.0152;11/06/2026;07:00;17.6;74;12.9;18.0;8;0.0;0.0;0.0;0.0;0.0;0;P1;Ensoleillé;1016.9;1016.8;3;2;0;2;31480.0;0.0;0.53;3.8;4.7;245;18.9;;;;;;;;
Cannes;43.5454;7.0152;11/06/2026;08:00;17.9;75;13.4;18.7;6;0.0;0.0;0.0;0.0;0.0;0;P1;Ensoleillé;1017.1;1017.0;3;2;0;2;30540.0;0.0;0.52;2.3;5.4;219;19.9;;;;;;;;
Cannes;43.5454;7.0152;11/06/2026;09:00;18.6;72;13.5;19.4;5;0.0;0.0;0.0;0.0;0.0;0;P1;Ensoleillé;1017.4;1017.3;9;2;0;8;28160.0;0.0;0.59;1.9;6.5;163;21.5;;;;;;;;
Cannes;43.5454;7.0152;11/06/2026;10:00;19.5;68;13.5;20.2;4;0.0;0.0;0.0;0.0;0.0;1;P2;Éclaircies;1017.7;1017.6;20;2;1;19;25780.0;0.0;0.72;3.2;8.3;124;23.7;;;;;;;;
Cannes;43.5454;7.0152;11/06/2026;11:00;20.7;63;13.4;21.4;3;0.0;0.0;0.0;0.0;0.0;1;P2;Éclaircies;1018.0;1017.9;34;2;1;33;23400.0;0.0;0.9;5.2;9.7;112;26.1;;;;;;;;
Cannes;43.5454;7.0152;11/06/2026;12:00;21.8;58;13.2;23.0;3;0.0;0.0;0.0;0.0;0.0;1;P2;Éclaircies;1018.3;1018.2;49;2;1;48;21020.0;0.0;1.1;7.1;11.9;106;28.4;;;;;;;;
Cannes;43.5454;7.0152;11/06/2026;13:00;22.8;54;13.0;24.2;3;0.0;0.0;0.0;0.0;0.0;2;P8;Éclaircies;1018.6;1018.5;61;2;2;60;18640.0;0.0;1.28;8.5;13.7;102;30.2;;;;;;;;
Cannes;43.5454;7.0152;11/06/2026;14:00;23.5;51;12.7;24.9;3;0.0;0.0;0.0;0.0;0.0;2;P8;Éclaircies;1018.7;1018.6;68;2;2;67;16260.0;0.0;1.43;9.2;14.4;101;31.1;;;;;;;;
Cannes;43.5454;7.0152;11/06/2026;15:00;23.9;49;12.4;25.1;4;0.0;0.0;0.0;0.0;0.0;2;P8;Éclaircies;1018.7;1018.6;70;2;2;69;20240.0;0.0;1.52;9.0;12.2;100;31.0;;;;;;;;
Cannes;43.5454;7.0152;11/06/2026;16:00;24.1;47;11.9;24.9;6;0.0;0.0;0.0;0.0;0.0;2;P8;Éclaircies;1018.6;1018.5;70;1;2;69;24220.0;0.0;1.6;7.9;9.0;101;30.2;;;;;;;;
Cannes;43.5454;7.0152;11/06/2026;17:00;24.1;45;11.4;24.3;8;0.0;0.0;0.0;0.0;0.0;2;P8;Éclaircies;1018.4;1018.3;67;1;2;66;28200.0;0.0;1.65;6.4;6.5;101;29.0;;;;;;;;
Cannes;43.5454;7.0152;11/06/2026;18:00;24.0;44;10.9;23.6;10;0.0;0.0;0.0;0.0;0.0;2;P8;Éclaircies;1018.2;1018.1;62;1;2;61;32180.0;0.0;1.67;4.8;5.8;103;27.4;;;;;;;;
Cannes;43.5454;7.0152;11/06/2026;19:00;23.8;43;10.5;23.5;11;0.0;0.0;0.0;0.0;0.0;2;P8;Éclaircies;1018.1;1018.0;58;0;2;57;36160.0;0.0;1.67;3.4;6.1;106;25.8;;;;;;;;
Cannes;43.5454;7.0152;11/06/2026;20:00;23.5;43;10.3;23.3;13;0.0;0.0;0.0;0.0;0.0;2;P8;Éclaircies;1018.1;1018.0;53;0;2;52;40140.0;0.0;1.64;2.2;6.8;104;24.4;;;;;;;;
Cannes;43.5454;7.0152;11/06/2026;21:00;23.0;45;10.3;22.8;14;0.0;0.0;0.0;0.0;0.0;1;P2;Éclaircies;1018.3;1018.2;47;0;2;46;39480.0;0.0;1.55;1.6;7.9;96;22.8;;;;;;;;
Cannes;43.5454;7.0152;11/06/2026;22:00;22.3;47;10.4;22.3;15;0.0;0.0;0.0;0.0;0.0;1;P2;Éclaircies;1018.6;1018.5;39;0;1;38;38820.0;0.0;1.43;1.1;9.0;72;21.0;;;;;;;;
Cannes;43.5454;7.0152;11/06/2026;23:00;21.4;50;10.6;21.5;16;0.0;0.0;0.0;0.0;0.0;1;P2;Éclaircies;1018.9;1018.8;30;0;1;29;38180.0;0.0;1.27;1.2;9.4;39;19.0;;;;;;;;
Cannes;43.5454;7.0152;12/06/2026;00:00;20.6;54;10.9;20.7;16;0.0;0.0;0.0;0.0;0.0;1;P2;Éclaircies;1019.3;1019.2;22;0;1;22;37520.0;0.0;1.13;1.5;8.3;21;17.3;;;;;;;;
Cannes;43.5454;7.0152;12/06/2026;01:00;20.0;57;11.1;20.1;16;0.0;0.0;0.0;0.0;0.0;0;P1;Ensoleillé;1019.6;1019.5;17;0;0;17;36860.0;0.0;1.01;1.8;6.5;11;16.0;;;;;;;;
Cannes;43.5454;7.0152;12/06/2026;02:00;19.6;59;11.3;19.7;16;0.0;0.0;0.0;0.0;0.0;0;P1;Ensoleillé;1019.9;1019.8;18;0;0;18;36200.0;0.0;0.94;2.0;5.0;5;15.4;;;;;;;;
Cannes;43.5454;7.0152;12/06/2026;03:00;19.6;60;11.5;19.7;15;0.0;0.0;0.0;0.0;0.0;1;P2;Éclaircies;1020.1;1020.0;26;0;0;26;36200.0;0.0;0.92;2.0;4.3;355;15.6;;;;;;;;
Cannes;43.5454;7.0152;12/06/2026;04:00;19.7;60;11.6;19.9;14;0.0;0.0;0.0;0.0;0.0;1;P2;Éclaircies;1020.2;1020.1;39;0;0;39;36200.0;0.0;0.92;1.8;4.0;349;16.4;;;;;;;;
Cannes;43.5454;7.0152;12/06/2026;05:00;20.0;59;11.8;20.3;13;0.0;0.0;0.0;0.0;0.0;2;P8;Éclaircies;1020.3;1020.2;56;0;0;56;36200.0;0.0;0.95;1.8;4.0;336;17.6;;;;;;;;
Cannes;43.5454;7.0152;12/06/2026;06:00;20.4;58;11.9;20.8;12;0.0;0.0;0.0;0.0;0.0;2;P8;Éclaircies;1020.3;1020.2;73;0;0;73;36200.0;0.0;1.0;1.5;4.3;324;19.2;;;;;;;;
Cannes;43.5454;7.0152;12/06/2026;07:00;20.9;57;12.0;21.4;11;0.0;0.0;0.0;0.0;0.0;3;P4;Nuageux;1020.3;1020.2;88;0;0;88;36200.0;0.0;1.06;1.0;5.4;315;20.8;;;;;;;;
Cannes;43.5454;7.0152;12/06/2026;08:00;21.4;55;12.0;22.0;10;0.0;0.0;0.0;0.0;0.0;3;P4;Nuageux;1020.4;1020.3;98;0;0;98;36200.0;0.0;1.14;0.3;6.1;315;22.4;;;;;;;;
Cannes;43.5454;7.0152;12/06/2026;09:00;22.0;53;12.0;22.5;10;0.0;0.0;0.0;0.0;0.0;3;P4;Nuageux;1020.5;1020.4;100;0;0;100;37720.0;0.0;1.25;1.2;6.5;117;24.2;;;;;;;;
Cannes;43.5454;7.0152;12/06/2026;10:00;22.9;50;11.8;23.0;10;0.0;0.0;0.0;0.0;0.0;3;P4;Nuageux;1020.5;1020.4;100;0;0;100;39240.0;0.0;1.4;3.1;6.8;118;26.4;;;;;;;;
Cannes;43.5454;7.0152;12/06/2026;11:00;23.8;46;11.6;24.0;11;0.0;0.0;0.0;0.0;0.0;3;P4;Nuageux;1020.5;1020.4;100;0;0;100;40780.0;0.0;1.58;5.5;7.9;117;28.7;;;;;;;;
Cannes;43.5454;7.0152;12/06/2026;12:00;25.5;44;12.2;26.1;12;0.0;0.0;0.0;0.0;0.0;3;P4;Nuageux;1020.3;1020.2;98;0;1;98;37760.0;0.0;1.85;8.5;10.8;129;30.9;;;;;;;;
Cannes;43.5454;7.0152;12/06/2026;13:00;26.9;42;12.9;27.8;12;0.0;0.0;0.0;0.0;0.0;3;P4;Nuageux;1019.9;1019.8;97;0;2;97;33980.0;0.0;2.06;11.2;15.1;142;32.8;;;;;;;;
Cannes;43.5454;7.0152;12/06/2026;14:00;28.0;41;13.6;28.9;13;0.0;0.0;0.0;0.0;0.0;3;P4;Nuageux;1019.5;1019.4;98;0;6;98;29440.0;0.0;2.22;12.9;18.4;156;34.1;;;;;;;;
Cannes;43.5454;7.0152;12/06/2026;15:00;28.6;42;14.4;29.7;14;0.0;0.0;0.0;0.0;0.0;3;P4;Nuageux;1018.6;1018.5;92;0;24;83;24140.0;0.0;2.27;13.1;20.9;171;;;;;;;;;
Cannes;43.5454;7.0152;12/06/2026;16:00;28.3;42;14.2;29.4;14;0.0;0.0;0.0;0.0;0.0;3;P4;Nuageux;1018.1;1018.0;81;0;45;60;24140.0;0.0;2.23;12.1;23.0;170;;;;;;;;;
Cannes;43.5454;7.0152;12/06/2026;17:00;27.8;44;14.5;28.7;15;0.0;0.0;0.0;0.0;0.0;2;P8;Éclaircies;1017.6;1017.5;75;0;55;48;24140.0;0.0;2.09;10.7;23.0;166;;;;;;;;;
Cannes;43.5454;7.0152;12/06/2026;18:00;26.9;49;15.3;27.4;15;0.0;0.0;0.0;0.0;0.0;3;P4;Nuageux;1017.4;1017.3;82;0;44;61;24140.0;0.0;1.81;9.3;19.4;152;;;;;;;;;
Cannes;43.5454;7.0152;12/06/2026;19:00;25.8;55;16.1;26.7;16;0.0;0.0;0.0;0.0;0.0;3;P4;Nuageux;1017.2;1017.1;94;0;22;85;24140.0;0.0;1.5;8.4;13.7;130;;;;;;;;;
Cannes;43.5454;7.0152;12/06/2026;20:00;24.8;60;16.5;25.9;16;0.0;0.0;0.0;0.0;0.0;3;P4;Nuageux;1017.2;1017.1;100;0;5;100;24140.0;0.0;1.25;8.4;9.7;110;;;;;;;;;
Cannes;43.5454;7.0152;12/06/2026;21:00;24.1;64;16.9;25.4;16;0.0;0.0;0.0;0.0;0.0;3;P4;Nuageux;1017.3;1017.2;95;0;1;97;24140.0;0.0;1.08;7.6;9.7;93;;;;;;;;;
Cannes;43.5454;7.0152;12/06/2026;22:00;23.6;66;16.8;25.0;16;0.0;0.0;0.0;0.0;0.0;3;P4;Nuageux;1017.5;1017.4;83;0;2;84;24140.0;0.0;0.99;6.6;11.9;68;;;;;;;;;
Cannes;43.5454;7.0152;12/06/2026;23:00;23.1;68;16.9;24.6;16;0.0;0.0;0.0;0.0;0.0;2;P8;Éclaircies;1017.6;1017.5;68;0;3;68;24140.0;0.0;0.91;6.6;13.7;49;;;;;;;;;
Cagnes-sur-Mer;43.6712;7.1502;28/05/2026;00:00;22.6;74;17.8;25.0;0;0.0;0.0;0.0;0.0;0.0;2;P8;Éclaircies;1016.5;1014.9;53;0;43;20;37000.0;0.01;0.71;2.8;5.0;50;20.9;23.7;25.0;20.5;0.114;0.164;0.21;0.269;0.345
Cagnes-sur-Mer;43.6712;7.1502;28/05/2026;01:00;23.5;71;17.9;25.9;0;0.0;0.0;0.0;0.0;0.0;1;P2;Éclaircies;1016.8;1015.2;15;0;15;0;37740.0;0.01;0.84;3.1;5.0;111;20.4;23.1;24.8;20.6;0.116;0.164;0.21;0.269;0.345
Cagnes-sur-Mer;43.6712;7.1502;28/05/2026;02:00;22.2;84;19.4;25.4;0;0.0;0.0;0.0;0.0;0.0;0;P1;Ensoleillé;1017.0;1015.4;0;0;0;0;27920.0;0.01;0.43;2.5;5.8;98;20.6;22.9;24.5;20.6;0.118;0.164;0.21;0.269;0.345
Cagnes-sur-Mer;43.6712;7.1502;28/05/2026;03:00;21.4;89;19.5;24.7;0;0.0;0.0;0.0;0.0;0.0;0;P1;Ensoleillé;1016.6;1015.0;7;7;0;0;20280.0;-0.0;0.28;2.2;5.0;81;19.7;22.4;24.3;20.6;0.12;0.163;0.21;0.269;0.345
Cagnes-sur-Mer;43.6712;7.1502;28/05/2026;04:00;20.8;94;19.8;24.4;0;0.0;0.0;0.0;0.0;0.0;1;P2;Éclaircies;1016.6;1014.9;56;56;0;0;3160.0;-0.0;0.15;1.1;3.6;90;19.3;22.0;24.0;20.6;0.122;0.164;0.21;0.269;0.344
Cagnes-sur-Mer;43.6712;7.1502;28/05/2026;05:00;20.8;93;19.6;24.1;0;0.0;0.0;0.0;0.0;0.0;45;brouillards;Brouillard;1016.0;1014.3;54;54;0;0;13960.0;-0.0;0.17;2.2;2.5;81;19.2;21.6;23.7;20.6;0.118;0.155;0.201;0.286;0.356
Cagnes-sur-Mer;43.6712;7.1502;28/05/2026;06:00;20.3;96;19.6;23.7;0;0.0;0.0;0.0;0.0;0.0;45;brouillards;Brouillard;1016.7;1015.0;60;60;0;0;1100.0;-0.0;0.1;1.8;3.6;53;18.9;21.3;23.4;20.6;0.12;0.155;0.201;0.285;0.356
Cagnes-sur-Mer;43.6712;7.1502;28/05/2026;07:00;20.5;97;20.0;24.1;0;0.0;0.0;0.0;0.0;0.0;45;brouillards;Brouillard;1017.2;1015.5;54;54;0;0;1260.0;-0.0;0.07;2.2;3.6;360;21.2;21.2;23.2;20.7;0.121;0.156;0.201;0.285;0.356
Cagnes-sur-Mer;43.6712;7.1502;28/05/2026;08:00;21.5;90;19.8;24.7;0;0.0;0.0;0.0;0.0;0.0;1;P2;Éclaircies;1017.4;1015.8;76;65;23;0;16040.0;0.02;0.26;3.6;5.4;84;24.6;21.9;23.0;20.7;0.122;0.156;0.201;0.285;0.355
Cagnes-sur-Mer;43.6712;7.1502;28/05/2026;09:00;22.6;84;19.8;25.4;0;0.0;0.0;0.0;0.0;0.0;2;P8;Éclaircies;1017.8;1016.2;65;52;25;0;22740.0;0.09;0.44;6.9;14.4;84;26.8;23.1;22.9;20.7;0.122;0.156;0.202;0.285;0.355
Cagnes-sur-Mer;43.6712;7.1502;28/05/2026;10:00;23.8;80;20.1;26.4;0;0.0;0.0;0.0;0.0;0.0;2;P8;Éclaircies;1018.3;1016.7;66;45;42;0;27060.0;0.17;0.59;9.0;18.4;95;29.2;24.3;22.9;20.7;0.121;0.156;0.202;0.285;0.355
Cagnes-sur-Mer;43.6712;7.1502;28/05/2026;11:00;24.8;74;19.9;27.2;0;0.0;0.0;0.0;0.0;0.0;2;P8;Éclaircies;1018.1;1016.5;50;0;50;0;31700.0;0.22;0.81;10.3;19.4;102;31.4;25.9;23.0;20.7;0.119;0.156;0.202;0.284;0.355
Cagnes-sur-Mer;43.6712;7.1502;28/05/2026;12:00;25.6;72;20.2;29.1;0;0.0;0.0;0.0;0.0;0.0;2;P8;Éclaircies;1018.6;1017.0;48;0;48;0;32520.0;0.27;0.92;9.9;21.2;109;33.6;27.1;23.2;20.7;0.117;0.156;0.202;0.283;0.355
Cagnes-sur-Mer;43.6712;7.1502;28/05/2026;13:00;26.2;68;19.8;30.0;0;0.0;0.0;0.0;0.0;0.0;1;P2;Éclaircies;1018.6;1017.0;36;0;36;0;34600.0;0.3;1.09;10.5;22.0;112;35.1;28.3;23.5;20.7;0.114;0.156;0.202;0.283;0.354
Cagnes-sur-Mer;43.6712;7.1502;28/05/2026;14:00;26.6;67;20.0;30.6;0;0.0;0.0;0.0;0.0;0.0;1;P2;Éclaircies;1018.3;1016.7;0;0;0;0;35340.0;0.31;1.15;11.5;22.0;129;35.6;29.2;23.8;20.7;0.111;0.156;0.202;0.282;0.354
Cagnes-sur-Mer;43.6712;7.1502;28/05/2026;15:00;27.1;66;20.2;31.6;0;0.0;0.0;0.0;0.0;0.0;3;P4;Nuageux;1018.1;1016.5;100;0;27;100;36420.0;0.3;1.22;8.0;22.0;117;35.3;30.0;24.1;20.7;0.108;0.155;0.202;0.282;0.354
Cagnes-sur-Mer;43.6712;7.1502;28/05/2026;16:00;27.1;64;19.7;30.3;0;0.0;0.0;0.0;0.0;0.0;3;P4;Nuageux;1017.3;1015.7;100;0;0;100;37420.0;0.25;1.29;8.4;18.4;130;33.7;30.0;24.5;20.7;0.106;0.155;0.202;0.281;0.353
Cagnes-sur-Mer;43.6712;7.1502;28/05/2026;17:00;26.3;64;19.0;28.8;3;0.0;0.0;0.0;0.0;0.0;3;P4;Nuageux;1017.2;1015.6;100;0;0;100;38400.0;0.17;1.23;6.1;17.3;118;29.6;28.8;24.8;20.8;0.106;0.155;0.203;0.281;0.353
Cagnes-sur-Mer;43.6712;7.1502;28/05/2026;18:00;25.6;68;19.2;28.3;0;0.0;0.0;0.0;0.0;0.0;3;P4;Nuageux;1017.3;1015.7;100;0;0;100;37020.0;0.1;1.05;5.4;13.3;138;28.0;28.0;24.9;20.8;0.106;0.155;0.203;0.281;0.353
Cagnes-sur-Mer;43.6712;7.1502;28/05/2026;19:00;25.0;70;19.1;27.7;0;0.0;0.0;0.0;0.0;0.0;3;P4;Nuageux;1017.0;1015.4;100;0;0;100;36600.0;0.06;0.95;4.7;11.5;122;26.5;27.2;25.0;20.8;0.107;0.155;0.203;0.28;0.353
Cagnes-sur-Mer;43.6712;7.1502;28/05/2026;20:00;23.9;78;19.8;27.2;0;0.0;0.0;0.0;0.0;0.0;3;P4;Nuageux;1017.5;1015.9;100;0;0;100;32360.0;0.04;0.65;2.7;9.4;113;24.2;26.1;25.0;20.8;0.108;0.154;0.203;0.28;0.353
Cagnes-sur-Mer;43.6712;7.1502;28/05/2026;21:00;23.1;83;20.0;26.6;0;0.0;0.0;0.0;0.0;0.0;3;P4;Nuageux;1017.3;1015.7;100;0;0;100;29120.0;0.01;0.48;2.5;7.2;135;22.5;25.2;24.9;20.9;0.11;0.154;0.203;0.28;0.353
Cagnes-sur-Mer;43.6712;7.1502;28/05/2026;22:00;22.3;87;20.1;25.9;0;0.0;0.0;0.0;0.0;0.0;3;P4;Nuageux;1017.5;1015.9;100;0;0;100;25600.0;0.01;0.35;1.8;4.3;191;21.4;24.2;24.8;20.9;0.112;0.154;0.203;0.28;0.353
Cagnes-sur-Mer;43.6712;7.1502;28/05/2026;23:00;21.2;93;20.0;24.6;3;0.0;0.0;0.0;0.0;0.0;0;P1;Ensoleillé;1017.8;1016.1;0;0;0;0;15840.0;-0.0;0.18;3.3;6.1;131;20.9;23.5;24.6;20.9;0.114;0.154;0.203;0.28;0.353
Cagnes-sur-Mer;43.6712;7.1502;29/05/2026;00:00;21.5;92;20.1;25.2;0;0.0;0.0;0.0;0.0;0.0;0;P1;Ensoleillé;1018.4;1016.7;0;0;0;0;18800.0;-0.0;0.2;1.1;5.8;90;20.1;22.9;24.4;20.9;0.116;0.154;0.204;0.28;0.353
Cagnes-sur-Mer;43.6712;7.1502;29/05/2026;01:00;21.1;91;19.6;24.5;5;0.0;0.0;0.0;0.0;0.0;1;P2;Éclaircies;1018.9;1017.2;46;46;0;0;16980.0;-0.0;0.23;2.3;3.6;51;20.0;22.4;24.1;20.9;0.117;0.155;0.204;0.28;0.353
Cagnes-sur-Mer;43.6712;7.1502;29/05/2026;02:00;20.7;93;19.5;23.7;3;0.0;0.0;0.0;0.0;0.0;1;P2;Éclaircies;1018.8;1017.1;15;0;15;0;15880.0;-0.0;0.17;4.3;8.3;5;20.4;22.2;23.9;20.9;0.119;0.155;0.204;0.28;0.353
Cagnes-sur-Mer;43.6712;7.1502;29/05/2026;03:00;20.4;92;19.1;23.4;0;0.0;0.0;0.0;0.0;0.0;1;P2;Éclaircies;1018.7;1017.0;39;39;0;0;18400.0;-0.0;0.19;3.2;8.3;360;19.8;21.9;23.6;20.9;0.121;0.155;0.204;0.28;0.353
Cagnes-sur-Mer;43.6712;7.1502;29/05/2026;04:00;19.8;91;18.3;22.5;0;0.0;0.0;0.0;0.0;0.0;0;P1;Ensoleillé;1018.0;1016.3;0;0;0;0;20220.0;-0.0;0.21;2.1;5.4;329;18.9;21.6;23.4;21.0;0.122;0.155;0.204;0.28;0.352
Cagnes-sur-Mer;43.6712;7.1502;29/05/2026;05:00;19.4;91;17.9;22.2;0;0.0;0.0;0.0;0.0;0.0;1;P2;Éclaircies;1017.9;1016.2;28;0;28;0;20300.0;-0.0;0.2;0.5;3.2;45;18.3;21.1;23.2;21.0;0.124;0.155;0.204;0.28;0.352
Cagnes-sur-Mer;43.6712;7.1502;29/05/2026;06:00;20.0;86;17.6;22.6;3;0.0;0.0;0.0;0.0;0.0;2;P8;Éclaircies;1018.7;1017.0;48;0;48;0;28080.0;-0.0;0.33;1.4;2.2;90;18.3;20.7;22.9;21.0;0.125;0.156;0.204;0.28;0.352
Cagnes-sur-Mer;43.6712;7.1502;29/05/2026;07:00;20.8;89;18.9;23.2;5;0.0;0.0;0.0;0.0;0.0;0;P1;Ensoleillé;1020.0;1018.3;0;0;0;0;23420.0;-0.0;0.27;6.5;11.5;341;21.2;20.7;22.7;21.0;0.127;0.156;0.205;0.28;0.352
Cagnes-sur-Mer;43.6712;7.1502;29/05/2026;08:00;22.3;84;19.5;25.5;3;0.0;0.0;0.0;0.0;0.0;1;P2;Éclaircies;1020.1;1018.5;18;0;18;0;26340.0;0.04;0.43;2.7;12.6;113;25.0;21.6;22.5;21.0;0.127;0.156;0.205;0.28;0.352
Cagnes-sur-Mer;43.6712;7.1502;29/05/2026;09:00;23.3;79;19.4;26.4;0;0.0;0.0;0.0;0.0;0.0;1;P2;Éclaircies;1020.5;1018.9;31;0;31;0;29100.0;0.11;0.6;3.1;7.2;159;27.4;23.0;22.4;21.0;0.127;0.157;0.205;0.28;0.352
Cagnes-sur-Mer;43.6712;7.1502;29/05/2026;10:00;24.0;74;19.1;26.4;3;0.0;0.0;0.0;0.0;0.0;0;P1;Ensoleillé;1021.1;1019.5;0;0;0;0;32920.0;0.19;0.77;6.6;14.4;151;29.9;24.4;22.5;21.0;0.126;0.157;0.205;0.279;0.352
Cagnes-sur-Mer;43.6712;7.1502;29/05/2026;11:00;24.9;71;19.3;27.4;0;0.0;0.0;0.0;0.0;0.0;0;P1;Ensoleillé;1021.3;1019.7;0;0;0;0;34320.0;0.26;0.91;10.6;21.6;152;31.7;25.8;22.7;21.0;0.123;0.157;0.205;0.279;0.352
Cagnes-sur-Mer;43.6712;7.1502;29/05/2026;12:00;25.0;70;19.1;28.6;0;0.0;0.0;0.0;0.0;0.0;0;P1;Ensoleillé;1021.8;1020.2;0;0;0;0;34060.0;0.3;0.95;8.2;22.3;151;33.9;27.0;22.9;21.0;0.12;0.157;0.205;0.278;0.351
Cagnes-sur-Mer;43.6712;7.1502;29/05/2026;13:00;25.8;65;18.7;29.8;0;0.0;0.0;0.0;0.0;0.0;0;P1;Ensoleillé;1021.9;1020.3;0;0;0;0;36840.0;0.32;1.16;7.3;16.6;171;35.2;28.3;23.2;21.0;0.117;0.157;0.205;0.277;0.351
Cagnes-sur-Mer;43.6712;7.1502;29/05/2026;14:00;26.3;62;18.4;29.8;0;0.0;0.0;0.0;0.0;0.0;1;P2;Éclaircies;1021.4;1019.8;3;0;0;3;37940.0;0.32;1.3;10.1;20.5;176;35.6;29.3;23.6;21.0;0.113;0.156;0.205;0.277;0.351
Cagnes-sur-Mer;43.6712;7.1502;29/05/2026;15:00;26.2;60;17.8;28.7;0;0.0;0.0;0.0;0.0;0.0;3;P4;Nuageux;1021.2;1019.6;100;0;0;100;39200.0;0.26;1.36;7.6;21.2;188;30.5;29.5;24.0;21.0;0.111;0.156;0.205;0.276;0.35
Cagnes-sur-Mer;43.6712;7.1502;29/05/2026;16:00;26.9;58;18.0;28.5;3;0.0;0.0;0.0;0.0;0.0;3;P4;Nuageux;1021.1;1019.5;100;0;0;100;39980.0;0.18;1.49;8.8;17.6;189;31.3;28.7;24.3;21.0;0.11;0.156;0.205;0.276;0.35
Cagnes-sur-Mer;43.6712;7.1502;29/05/2026;17:00;26.7;58;17.7;28.0;0;0.0;0.0;0.0;0.0;0.0;3;P4;Nuageux;1020.8;1019.2;100;0;0;100;39900.0;0.19;1.47;9.8;14.4;172;30.8;28.6;24.5;21.0;0.109;0.156;0.205;0.275;0.35
Cagnes-sur-Mer;43.6712;7.1502;29/05/2026;18:00;26.9;58;17.9;29.0;0;0.0;0.0;0.0;0.0;0.0;3;P4;Nuageux;1020.5;1018.9;100;0;0;100;39960.0;0.16;1.49;5.1;13.0;188;30.7;28.4;24.7;21.0;0.108;0.156;0.205;0.275;0.35
Cagnes-sur-Mer;43.6712;7.1502;29/05/2026;19:00;26.5;59;17.8;28.5;0;0.0;0.0;0.0;0.0;0.0;3;P4;Nuageux;1020.5;1018.9;100;0;0;100;39860.0;0.12;1.42;5.4;11.2;180;28.9;28.1;24.9;21.1;0.108;0.155;0.205;0.275;0.35
Cagnes-sur-Mer;43.6712;7.1502;29/05/2026;20:00;25.7;61;17.6;27.9;0;0.0;0.0;0.0;0.0;0.0;2;P8;Éclaircies;1020.5;1018.9;100;0;0;100;39680.0;0.07;1.29;3.8;11.2;197;25.9;27.3;25.0;21.1;0.108;0.155;0.205;0.275;0.35
Cagnes-sur-Mer;43.6712;7.1502;29/05/2026;21:00;24.6;68;18.3;27.4;0;0.0;0.0;0.0;0.0;0.0;0;P1;Ensoleillé;1020.7;1019.1;0;0;0;0;38880.0;0.03;0.99;2.1;6.8;239;22.8;26.1;25.0;21.1;0.109;0.155;0.205;0.275;0.349
Cagnes-sur-Mer;43.6712;7.1502;29/05/2026;22:00;22.8;76;18.4;25.3;0;0.0;0.0;0.0;0.0;0.0;0;P1;Ensoleillé;1021.0;1019.4;0;0;0;0;35140.0;0.01;0.67;4.4;7.6;325;21.8;24.8;24.9;21.1;0.111;0.155;0.205;0.275;0.349
Cagnes-sur-Mer;43.6712;7.1502;29/05/2026;23:00;22.2;80;18.6;24.5;0;0.0;0.0;0.0;0.0;0.0;0;P1;Ensoleillé;1021.2;1019.5;0;0;0;0;32520.0;0.01;0.53;5.8;10.4;330;21.5;23.9;24.8;21.1;0.113;0.155;0.205;0.275;0.349
Cagnes-sur-Mer;43.6712;7.1502;30/05/2026;00:00;21.8;79;18.0;23.8;0;0.0;0.0;0.0;0.0;0.0;0;P1;Ensoleillé;1021.1;1019.4;0;0;0;0;33080.0;0.01;0.55;6.1;11.2;332;21.0;23.3;24.6;21.1;0.114;0.155;0.205;0.275;0.349
Cagnes-sur-Mer;43.6712;7.1502;30/05/2026;01:00;21.6;79;17.8;23.5;0;0.0;0.0;0.0;0.0;0.0;0;P1;Ensoleillé;1020.9;1019.2;0;0;0;0;33060.0;0.01;0.54;6.3;11.2;336;20.7;22.9;24.3;21.2;0.116;0.155;0.206;0.275;0.349
Cagnes-sur-Mer;43.6712;7.1502;30/05/2026;02:00;21.5;81;18.1;23.5;0;0.0;0.0;0.0;0.0;0.0;0;P1;Ensoleillé;1020.6;1018.9;0;0;0;0;32280.0;0.01;0.49;6.4;11.2;344;20.4;22.5;24.1;21.2;0.118;0.155;0.206;0.275;0.349
Cagnes-sur-Mer;43.6712;7.1502;30/05/2026;03:00;21.2;80;17.6;23.0;0;0.0;0.0;0.0;0.0;0.0;0;P1;Ensoleillé;1020.3;1018.6;0;0;0;0;32780.0;0.01;0.5;6.3;11.5;347;20.0;22.1;23.9;21.2;0.119;0.155;0.206;0.275;0.349
Cagnes-sur-Mer;43.6712;7.1502;30/05/2026;04:00;20.7;81;17.3;22.5;0;0.0;0.0;0.0;0.0;0.0;0;P1;Ensoleillé;1020.1;1018.4;0;0;0;0;32300.0;0.01;0.46;5.8;11.5;353;19.5;21.8;23.6;21.2;0.121;0.155;0.206;0.275;0.349
Cagnes-sur-Mer;43.6712;7.1502;30/05/2026;05:00;20.2;82;17.1;21.9;0;0.0;0.0;0.0;0.0;0.0;0;P1;Ensoleillé;1020.1;1018.4;0;0;0;0;30740.0;0.01;0.43;5.6;10.8;345;19.1;21.5;23.4;21.2;0.122;0.156;0.206;0.275;0.349
Cagnes-sur-Mer;43.6712;7.1502;30/05/2026;06:00;19.9;84;17.1;21.6;0;0.0;0.0;0.0;0.0;0.0;0;P1;Ensoleillé;1020.2;1018.5;0;0;0;0;29800.0;0.01;0.37;5.7;10.1;342;18.8;21.1;23.2;21.2;0.123;0.156;0.206;0.275;0.349
Cagnes-sur-Mer;43.6712;7.1502;30/05/2026;07:00;20.6;82;17.4;22.5;0;0.0;0.0;0.0;0.0;0.0;0;P1;Ensoleillé;1020.4;1018.7;0;0;0;0;30600.0;0.01;0.44;5.6;10.1;345;20.8;21.0;22.9;21.2;0.125;0.156;0.206;0.275;0.349
Cagnes-sur-Mer;43.6712;7.1502;30/05/2026;08:00;23.4;78;19.3;26.4;0;0.0;0.0;0.0;0.0;0.0;0;P1;Ensoleillé;1020.5;1018.9;0;0;0;0;33240.0;0.04;0.63;3.3;9.7;6;25.5;21.8;22.8;21.2;0.125;0.156;0.206;0.274;0.349
Cagnes-sur-Mer;43.6712;7.1502;30/05/2026;09:00;25.9;61;17.8;28.3;0;0.0;0.0;0.0;0.0;0.0;0;P1;Ensoleillé;1020.6;1019.0;0;0;0;0;39860.0;0.12;1.3;3.1;7.6;54;29.3;23.4;22.7;21.2;0.125;0.157;0.206;0.274;0.349
Cagnes-sur-Mer;43.6712;7.1502;30/05/2026;10:00;27.5;53;17.0;29.6;0;0.0;0.0;0.0;0.0;0.0;0;P1;Ensoleillé;1020.5;1018.9;0;0;0;0;40980.0;0.24;1.72;2.3;7.6;108;31.6;25.2;22.8;21.2;0.123;0.157;0.206;0.274;0.348
Cagnes-sur-Mer;43.6712;7.1502;30/05/2026;11:00;28.5;49;16.8;30.9;0;0.0;0.0;0.0;0.0;0.0;0;P1;Ensoleillé;1020.5;1018.9;0;0;0;0;41320.0;0.31;1.99;5.5;12.6;157;34.4;26.8;23.0;21.2;0.119;0.157;0.206;0.273;0.348
Cagnes-sur-Mer;43.6712;7.1502;30/05/2026;12:00;29.0;46;16.2;31.2;0;0.0;0.0;0.0;0.0;0.0;2;P8;Éclaircies;1020.5;1018.9;79;0;0;79;41620.0;0.35;2.16;9.2;13.7;159;36.1;28.4;23.3;21.2;0.115;0.157;0.206;0.272;0.348
Cagnes-sur-Mer;43.6712;7.1502;30/05/2026;13:00;29.3;45;16.2;31.6;0;0.0;0.0;0.0;0.0;0.0;1;P2;Éclaircies;1020.3;1018.7;40;0;0;40;41620.0;0.36;2.24;11.6;14.8;158;36.9;29.6;23.7;21.2;0.111;0.156;0.206;0.272;0.347
Cagnes-sur-Mer;43.6712;7.1502;30/05/2026;14:00;29.4;45;16.2;31.7;0;0.0;0.0;0.0;0.0;0.0;3;P4;Nuageux;1019.8;1018.2;100;0;0;100;41580.0;0.35;2.25;12.0;15.5;159;37.0;30.5;24.1;21.2;0.107;0.156;0.206;0.271;0.347
Cagnes-sur-Mer;43.6712;7.1502;30/05/2026;15:00;29.1;46;16.3;31.2;0;0.0;0.0;0.0;0.0;0.0;3;P4;Nuageux;1019.1;1017.5;100;0;0;100;41420.0;0.31;2.17;11.5;15.5;160;36.3;31.0;24.6;21.2;0.104;0.156;0.206;0.27;0.347
Cagnes-sur-Mer;43.6712;7.1502;30/05/2026;16:00;28.7;48;16.6;30.3;0;0.0;0.0;0.0;0.0;0.0;2;P8;Éclaircies;1018.5;1016.9;100;0;0;100;41240.0;0.26;2.05;10.9;15.1;172;35.2;30.9;25.0;21.2;0.102;0.155;0.206;0.27;0.347
Cagnes-sur-Mer;43.6712;7.1502;30/05/2026;17:00;27.7;51;16.6;28.8;0;0.0;0.0;0.0;0.0;0.0;3;P4;Nuageux;1018.1;1016.5;100;0;0;100;40940.0;0.2;1.82;8.0;18.7;172;30.8;30.4;25.3;21.3;0.101;0.155;0.206;0.27;0.346
Cagnes-sur-Mer;43.6712;7.1502;30/05/2026;18:00;27.0;52;16.4;28.4;0;0.0;0.0;0.0;0.0;0.0;3;P4;Nuageux;1018.0;1016.4;100;1;2;100;40985.0;0.12;1.71;6.3;15.9;185;28.8;28.9;25.3;21.1;0.114;0.162;0.205;0.273;0.35
Cagnes-sur-Mer;43.6712;7.1502;30/05/2026;19:00;26.6;56;17.0;28.2;0;0.0;0.0;0.0;0.0;0.0;3;P4;Nuageux;1017.6;1015.9;100;0;27;100;40700.0;0.08;1.55;5.8;14.4;194;27.5;27.6;25.1;21.0;0.127;0.169;0.204;0.278;0.354
Cagnes-sur-Mer;43.6712;7.1502;30/05/2026;20:00;25.8;62;17.9;28.1;0;0.0;0.0;0.0;0.0;0.0;1;P2;Éclaircies;1017.0;1015.4;80;0;23;80;40100.0;0.06;1.28;3.7;11.5;157;25.4;26.5;24.9;20.9;0.14;0.176;0.203;0.282;0.357
Cagnes-sur-Mer;43.6712;7.1502;30/05/2026;21:00;24.2;73;19.1;27.4;0;0.0;0.0;0.0;0.0;0.0;3;P4;Nuageux;1016.6;1015.0;100;0;0;100;37920.0;0.0;0.82;1.8;7.6;101;22.7;25.3;24.6;20.8;0.155;0.182;0.202;0.286;0.361
Cagnes-sur-Mer;43.6712;7.1502;30/05/2026;22:00;23.1;79;19.2;26.0;0;0.0;0.0;0.0;0.0;0.0;3;P4;Nuageux;1016.8;1015.2;100;0;0;100;34540.0;0.0;0.59;3.6;5.0;6;21.5;24.3;24.5;20.8;0.157;0.182;0.203;0.286;0.36
Cagnes-sur-Mer;43.6712;7.1502;30/05/2026;23:00;21.8;82;18.6;24.3;0;0.0;0.0;0.0;0.0;0.0;0;P1;Ensoleillé;1016.9;1015.3;7;0;7;4;31680.0;0.0;0.47;4.7;7.6;4;20.8;23.5;24.3;20.8;0.158;0.181;0.203;0.286;0.36
Cagnes-sur-Mer;43.6712;7.1502;31/05/2026;00:00;21.6;77;17.4;23.6;0;0.0;0.0;0.0;0.0;0.0;0;P1;Ensoleillé;1016.8;1015.2;0;0;0;0;35120.0;0.0;0.59;4.2;7.9;340;20.0;22.8;24.1;20.9;0.16;0.181;0.203;0.286;0.36
Cagnes-sur-Mer;43.6712;7.1502;31/05/2026;01:00;21.3;76;16.9;23.1;0;0.0;0.0;0.0;0.0;0.0;2;P8;Éclaircies;1016.7;1015.0;70;0;0;70;36140.0;0.0;0.61;4.2;7.6;340;19.5;22.2;23.9;20.9;0.161;0.18;0.203;0.286;0.36
Cagnes-sur-Mer;43.6712;7.1502;31/05/2026;02:00;21.1;76;16.7;22.9;0;0.0;0.0;0.0;0.0;0.0;3;P4;Nuageux;1016.4;1014.7;98;0;1;97;36180.0;0.0;0.6;3.8;7.2;311;19.1;21.8;23.6;20.9;0.162;0.18;0.204;0.286;0.36
Cagnes-sur-Mer;43.6712;7.1502;31/05/2026;03:00;20.8;77;16.6;22.5;0;0.0;0.0;0.0;0.0;0.0;2;P8;Éclaircies;1015.9;1014.2;62;0;0;62;35840.0;0.0;0.57;4.6;7.2;315;18.9;21.4;23.4;20.9;0.163;0.18;0.204;0.286;0.36
Cagnes-sur-Mer;43.6712;7.1502;31/05/2026;04:00;20.6;78;16.6;22.3;0;0.0;0.0;0.0;0.0;0.0;3;P4;Nuageux;1015.6;1013.9;100;0;0;100;35740.0;0.0;0.53;3.8;7.2;311;18.5;21.0;23.1;20.9;0.164;0.18;0.204;0.286;0.36
Cagnes-sur-Mer;43.6712;7.1502;31/05/2026;05:00;20.6;76;16.2;22.3;0;0.0;0.0;0.0;0.0;0.0;2;P8;Éclaircies;1015.4;1013.7;57;0;0;57;37000.0;0.0;0.58;3.4;5.8;302;18.2;20.7;22.9;20.9;0.165;0.18;0.204;0.286;0.36
Cagnes-sur-Mer;43.6712;7.1502;31/05/2026;06:00;20.7;73;15.7;22.1;0;0.0;0.0;0.0;0.0;0.0;2;P8;Éclaircies;1015.5;1013.8;49;0;0;49;37960.0;0.0;0.66;3.7;4.7;299;17.7;20.4;22.6;20.9;0.166;0.18;0.205;0.286;0.36
Cagnes-sur-Mer;43.6712;7.1502;31/05/2026;07:00;21.2;73;16.1;22.8;0;0.0;0.0;0.0;0.0;0.0;2;P8;Éclaircies;1015.7;1014.1;57;0;1;56;37860.0;0.0;0.68;3.4;4.7;302;19.6;20.2;22.4;20.9;0.166;0.179;0.205;0.286;0.36
Cagnes-sur-Mer;43.6712;7.1502;31/05/2026;08:00;22.7;76;18.3;25.4;0;0.0;0.0;0.0;0.0;0.0;3;P4;Nuageux;1015.9;1014.3;89;0;0;89;35780.0;0.0;0.66;2.3;4.7;198;24.1;21.0;22.2;20.9;0.166;0.179;0.205;0.286;0.359
Cagnes-sur-Mer;43.6712;7.1502;31/05/2026;09:00;23.3;80;19.6;26.2;0;0.0;0.0;0.0;0.0;0.0;0;P1;Ensoleillé;1016.5;1014.9;1;1;0;0;29180.0;0.0;0.57;5.2;11.2;168;26.6;22.4;22.1;20.9;0.165;0.179;0.205;0.285;0.359
Cagnes-sur-Mer;43.6712;7.1502;31/05/2026;10:00;24.6;73;19.4;27.5;0;0.0;0.0;0.0;0.0;0.0;0;P1;Ensoleillé;1016.5;1014.9;9;9;0;0;34920.0;0.0;0.83;4.2;11.2;160;28.5;23.7;22.1;20.9;0.163;0.179;0.205;0.285;0.359
Cagnes-sur-Mer;43.6712;7.1502;31/05/2026;11:00;25.5;71;19.9;29.1;0;0.0;0.0;0.0;0.0;0.0;1;P2;Éclaircies;1016.5;1014.9;21;17;0;4;35280.0;0.0;0.95;6.0;13.7;147;30.6;25.0;22.3;20.9;0.161;0.179;0.204;0.284;0.359
Cagnes-sur-Mer;43.6712;7.1502;31/05/2026;12:00;26.4;69;20.3;30.7;0;0.0;0.0;0.0;0.0;0.0;1;P2;Éclaircies;1016.4;1014.8;28;28;0;0;35920.0;0.0;1.07;7.6;16.6;155;32.3;26.2;22.5;20.9;0.158;0.179;0.204;0.284;0.358
Cagnes-sur-Mer;43.6712;7.1502;31/05/2026;13:00;26.7;68;20.3;31.0;0;0.0;0.0;0.0;0.0;0.0;3;P4;Nuageux;1016.3;1014.7;84;28;0;72;35560.0;0.0;1.12;9.6;19.8;160;33.3;27.3;22.8;20.9;0.154;0.178;0.203;0.283;0.358
Cagnes-sur-Mer;43.6712;7.1502;31/05/2026;14:00;26.6;69;20.5;31.1;0;0.0;0.0;0.0;0.0;0.0;3;P4;Nuageux;1015.8;1014.2;96;35;0;95;34580.0;0.0;1.08;9.0;20.2;151;33.1;28.0;23.1;20.9;0.151;0.178;0.203;0.282;0.357
Cagnes-sur-Mer;43.6712;7.1502;31/05/2026;15:00;26.8;70;20.8;31.2;0;0.0;0.0;0.0;0.0;0.0;3;P4;Nuageux;1015.4;1013.8;91;36;0;86;34300.0;0.0;1.05;9.3;19.1;167;33.4;28.4;23.5;20.9;0.148;0.177;0.203;0.282;0.357
Cagnes-sur-Mer;43.6712;7.1502;31/05/2026;16:00;26.4;72;20.9;30.5;0;0.0;0.0;0.0;0.0;0.0;3;P4;Nuageux;1015.0;1013.4;100;39;0;100;34180.0;0.0;0.96;5.9;19.4;166;29.5;28.5;23.8;20.9;0.146;0.177;0.202;0.281;0.357
Cagnes-sur-Mer;43.6712;7.1502;31/05/2026;17:00;25.6;74;20.6;28.9;0;0.0;0.0;0.0;0.0;0.0;3;P4;Nuageux;1014.3;1012.7;100;36;0;100;33360.0;0.0;0.85;6.0;17.6;163;29.5;27.7;24.0;20.9;0.146;0.176;0.202;0.281;0.356
Cagnes-sur-Mer;43.6712;7.1502;31/05/2026;18:00;25.9;71;20.2;29.1;0;0.0;0.0;0.0;0.0;0.0;3;P4;Nuageux;1013.7;1012.1;100;23;0;100;35980.0;0.0;0.97;5.4;13.0;180;29.0;27.4;24.2;20.9;0.145;0.176;0.202;0.281;0.356
Cagnes-sur-Mer;43.6712;7.1502;31/05/2026;19:00;25.6;70;19.7;28.4;0;0.0;0.0;0.0;0.0;0.0;3;P4;Nuageux;1013.2;1011.6;100;4;0;100;36540.0;0.0;0.98;6.1;13.3;152;27.3;27.0;24.4;20.9;0.145;0.175;0.202;0.28;0.356
Cagnes-sur-Mer;43.6712;7.1502;31/05/2026;20:00;24.3;74;19.4;27.3;0;0.0;0.0;0.0;0.0;0.0;3;P4;Nuageux;1013.2;1011.6;99;5;0;97;35320.0;0.0;0.79;3.7;12.2;151;25.0;26.3;24.4;21.0;0.145;0.175;0.202;0.28;0.356
Cagnes-sur-Mer;43.6712;7.1502;31/05/2026;21:00;23.3;81;19.8;26.7;0;0.0;0.0;0.0;0.0;0.0;45;brouillards;Brouillard;1013.2;1011.6;99;24;0;98;23840.0;0.0;0.54;2.6;10.4;124;23.6;25.4;24.4;21.0;0.147;0.175;0.202;0.28;0.356
Cagnes-sur-Mer;43.6712;7.1502;31/05/2026;22:00;22.1;90;20.4;25.7;0;0.0;0.0;0.0;0.0;0.0;45;brouillards;Brouillard;1013.4;1011.8;100;42;0;99;12340.0;0.0;0.27;2.5;8.3;82;22.2;24.3;24.3;21.0;0.149;0.174;0.203;0.28;0.356
Cagnes-sur-Mer;43.6712;7.1502;31/05/2026;23:00;21.2;97;20.7;25.0;0;0.0;0.0;0.0;0.0;0.0;45;brouillards;Brouillard;1013.5;1011.9;100;61;0;100;860.0;0.0;0.08;3.1;6.8;54;21.3;23.5;24.2;21.0;0.151;0.174;0.203;0.28;0.356
Cagnes-sur-Mer;43.6712;7.1502;01/06/2026;00:00;21.2;98;20.8;25.1;0;0.0;0.0;0.0;0.0;0.0;3;P4;Nuageux;1013.4;1011.8;100;66;0;100;5140.0;0.0;0.05;2.6;5.4;56;21.1;23.0;24.1;21.0;0.152;0.174;0.203;0.28;0.356
Cagnes-sur-Mer;43.6712;7.1502;01/06/2026;01:00;21.5;96;20.8;25.5;0;0.0;0.0;0.0;0.0;0.0;3;P4;Nuageux;1013.2;1011.6;100;71;0;100;9420.0;0.0;0.1;1.6;4.7;63;21.3;22.8;23.9;21.0;0.154;0.173;0.203;0.28;0.355
Cagnes-sur-Mer;43.6712;7.1502;01/06/2026;02:00;21.7;95;20.8;25.8;0;0.0;0.0;0.0;0.0;0.0;3;P4;Nuageux;1012.9;1011.3;100;76;0;100;13700.0;0.0;0.13;1.1;4.0;90;21.5;22.6;23.7;21.0;0.155;0.173;0.203;0.28;0.355
Cagnes-sur-Mer;43.6712;7.1502;01/06/2026;03:00;21.4;96;20.8;25.5;1;0.0;0.0;0.0;0.0;0.0;45;brouillards;Brouillard;1012.6;1011.0;100;83;10;98;9320.0;0.0;0.1;1.1;4.3;72;21.3;22.4;23.5;21.0;0.157;0.173;0.203;0.28;0.355
Cagnes-sur-Mer;43.6712;7.1502;01/06/2026;04:00;21.0;97;20.5;24.9;1;0.0;0.0;0.0;0.0;0.0;45;brouillards;Brouillard;1012.2;1010.6;100;89;21;96;4940.0;0.0;0.07;1.8;5.0;53;21.0;22.1;23.3;21.1;0.159;0.173;0.204;0.281;0.355
Cagnes-sur-Mer;43.6712;7.1502;01/06/2026;05:00;20.9;97;20.4;24.6;2;0.0;0.0;0.0;0.0;0.0;45;brouillards;Brouillard;1012.0;1010.4;100;96;31;94;560.0;0.0;0.07;2.0;5.4;45;21.1;22.0;23.1;21.1;0.16;0.173;0.204;0.281;0.355
Cagnes-sur-Mer;43.6712;7.1502;01/06/2026;06:00;21.0;97;20.5;24.9;3;0.0;0.0;0.0;0.0;0.0;45;brouillards;Brouillard;1012.1;1010.5;93;90;21;64;1860.0;0.0;0.07;1.6;4.7;27;21.8;22.0;23.0;21.1;0.161;0.173;0.204;0.281;0.355
Cagnes-sur-Mer;43.6712;7.1502;01/06/2026;07:00;21.4;96;20.8;25.5;4;0.0;0.0;0.0;0.0;0.0;45;brouillards;Brouillard;1012.5;1010.9;85;84;10;34;3180.0;0.0;0.1;1.1;4.0;342;22.8;22.0;22.8;21.1;0.162;0.174;0.204;0.281;0.355
Cagnes-sur-Mer;43.6712;7.1502;01/06/2026;08:00;22.1;93;20.9;26.3;5;0.0;0.0;0.0;0.0;0.0;45;brouillards;Brouillard;1012.7;1011.1;78;78;0;4;4480.0;0.0;0.19;0.7;4.3;270;24.1;22.3;22.7;21.1;0.162;0.174;0.204;0.281;0.355
Cagnes-sur-Mer;43.6712;7.1502;01/06/2026;09:00;23.3;85;20.6;27.2;6;0.0;0.0;0.0;0.0;0.0;3;P4;Nuageux;1012.8;1011.2;78;75;8;3;15520.0;0.0;0.43;1.8;6.8;191;26.0;23.1;22.7;21.1;0.161;0.174;0.204;0.281;0.355
Cagnes-sur-Mer;43.6712;7.1502;01/06/2026;10:00;24.8;75;20.0;28.0;7;0.0;0.0;0.0;0.0;0.0;3;P4;Nuageux;1012.7;1011.1;77;72;17;1;26580.0;0.0;0.78;4.5;10.1;166;28.1;24.2;22.7;21.1;0.16;0.174;0.204;0.28;0.354
Cagnes-sur-Mer;43.6712;7.1502;01/06/2026;11:00;25.9;68;19.6;28.6;7;0.0;0.0;0.0;0.0;0.0;3;P4;Nuageux;1012.7;1011.1;77;69;25;0;37620.0;0.0;1.07;6.5;13.7;161;30.0;25.3;22.8;21.1;0.158;0.174;0.204;0.28;0.354
Cagnes-sur-Mer;43.6712;7.1502;01/06/2026;12:00;26.4;67;19.8;29.5;8;0.0;0.0;0.0;0.0;0.0;2;P8;Éclaircies;1012.7;1011.1;70;62;21;2;36380.0;0.0;1.14;8.4;17.3;155;31.6;26.3;23.0;21.1;0.155;0.174;0.203;0.279;0.354
Cagnes-sur-Mer;43.6712;7.1502;01/06/2026;13:00;26.6;68;20.2;30.1;8;0.0;0.0;0.0;0.0;0.0;2;P8;Éclaircies;1012.7;1011.1;62;54;16;4;35160.0;0.0;1.11;9.9;20.9;147;32.9;27.3;23.3;21.1;0.151;0.173;0.203;0.279;0.353
Cagnes-sur-Mer;43.6712;7.1502;01/06/2026;14:00;26.5;70;20.6;30.3;8;0.0;0.0;0.0;0.0;0.0;2;P8;Éclaircies;1012.6;1011.0;55;47;12;6;33920.0;0.0;1.04;11.1;23.0;144;33.5;28.0;23.5;21.1;0.148;0.173;0.202;0.278;0.353
Cagnes-sur-Mer;43.6712;7.1502;01/06/2026;15:00;26.4;71;20.7;30.3;7;0.0;0.0;0.0;0.0;0.0;3;P4;Nuageux;1012.3;1010.7;70;44;9;37;33660.0;0.0;1.0;10.9;22.7;146;32.9;28.5;23.8;21.1;0.145;0.173;0.202;0.277;0.353
Cagnes-sur-Mer;43.6712;7.1502;01/06/2026;16:00;26.1;72;20.6;29.8;6;0.0;0.0;0.0;0.0;0.0;3;P4;Nuageux;1012.0;1010.4;85;42;5;69;33380.0;0.0;0.94;10.0;21.2;150;31.5;28.6;24.2;21.1;0.143;0.172;0.201;0.277;0.352
Cagnes-sur-Mer;43.6712;7.1502;01/06/2026;17:00;25.6;73;20.4;28.8;4;0.0;0.0;0.0;0.0;0.0;3;P4;Nuageux;1011.7;1010.1;100;39;2;100;33120.0;0.0;0.89;8.9;18.7;153;29.9;28.5;24.4;21.1;0.142;0.172;0.201;0.276;0.352
Cagnes-sur-Mer;43.6712;7.1502;01/06/2026;18:00;25.1;75;20.3;28.0;2;0.0;0.0;0.0;0.0;0.0;3;P4;Nuageux;1011.4;1009.8;100;34;1;100;31920.0;0.0;0.79;7.3;15.5;160;28.3;28.0;24.6;21.1;0.141;0.172;0.201;0.276;0.352
Cagnes-sur-Mer;43.6712;7.1502;01/06/2026;19:00;24.4;77;20.1;27.5;1;0.0;0.0;0.0;0.0;0.0;3;P4;Nuageux;1011.2;1009.6;100;29;1;100;30720.0;0.0;0.7;5.2;11.9;168;26.5;27.3;24.7;21.2;0.141;0.171;0.201;0.276;0.352
Cagnes-sur-Mer;43.6712;7.1502;01/06/2026;20:00;23.7;80;20.0;27.0;0;0.0;0.0;0.0;0.0;0.0;3;P4;Nuageux;1011.1;1009.5;100;24;0;100;29520.0;0.0;0.58;3.6;8.3;174;24.8;26.4;24.8;21.2;0.142;0.171;0.201;0.276;0.352
Cagnes-sur-Mer;43.6712;7.1502;01/06/2026;21:00;23.0;84;20.1;26.6;0;0.0;0.0;0.0;0.0;0.0;2;P8;Éclaircies;1011.1;1009.5;82;28;0;73;26500.0;0.0;0.45;2.2;5.4;171;23.2;25.5;24.7;21.2;0.143;0.171;0.201;0.276;0.352
Cagnes-sur-Mer;43.6712;7.1502;01/06/2026;22:00;22.3;88;20.2;26.1;0;0.0;0.0;0.0;0.0;0.0;2;P8;Éclaircies;1011.3;1009.7;64;32;0;46;23500.0;0.0;0.32;1.3;2.9;124;21.7;24.4;24.6;21.2;0.145;0.17;0.201;0.276;0.351
Cagnes-sur-Mer;43.6712;7.1502;01/06/2026;23:00;21.7;92;20.4;25.6;0;0.0;0.0;0.0;0.0;0.0;2;P8;Éclaircies;1011.4;1009.8;46;36;0;19;20480.0;0.0;0.21;1.5;1.4;76;20.6;23.5;24.5;21.2;0.147;0.17;0.201;0.276;0.351
Cagnes-sur-Mer;43.6712;7.1502;02/06/2026;00:00;21.3;95;20.5;25.3;0;0.0;0.0;0.0;0.0;0.0;45;brouillards;Brouillard;1011.5;1009.9;62;52;0;37;13900.0;0.0;0.13;0.7;1.4;90;20.2;22.9;24.3;21.2;0.149;0.17;0.201;0.276;0.351
Cagnes-sur-Mer;43.6712;7.1502;02/06/2026;01:00;21.0;97;20.5;25.0;0;0.0;0.0;0.0;0.0;0.0;45;brouillards;Brouillard;1011.5;1009.9;78;69;0;56;7300.0;0.0;0.07;0.8;2.2;207;20.4;22.4;24.1;21.2;0.15;0.17;0.202;0.276;0.351
Cagnes-sur-Mer;43.6712;7.1502;02/06/2026;02:00;20.8;98;20.4;24.6;0;0.0;0.0;0.0;0.0;0.0;45;brouillards;Brouillard;1011.4;1009.8;94;85;0;74;720.0;0.0;0.05;1.5;2.5;225;20.5;22.1;23.8;21.2;0.152;0.17;0.202;0.276;0.351
Cagnes-sur-Mer;43.6712;7.1502;02/06/2026;03:00;20.6;98;20.3;24.4;0;0.0;0.0;0.0;0.0;0.0;45;brouillards;Brouillard;1011.1;1009.5;92;85;0;70;660.0;0.0;0.05;1.5;2.2;256;20.2;21.8;23.6;21.2;0.153;0.17;0.202;0.276;0.351
Cagnes-sur-Mer;43.6712;7.1502;02/06/2026;04:00;20.6;98;20.2;24.3;0;0.0;0.0;0.0;0.0;0.0;45;brouillards;Brouillard;1010.7;1009.1;90;84;0;66;600.0;0.0;0.05;1.9;1.8;292;19.8;21.7;23.4;21.2;0.155;0.17;0.202;0.276;0.351
Cagnes-sur-Mer;43.6712;7.1502;02/06/2026;05:00;20.6;97;20.1;24.3;0;0.0;0.0;0.0;0.0;0.0;45;brouillards;Brouillard;1010.4;1008.8;88;84;0;62;540.0;0.0;0.07;2.0;1.8;315;20.0;21.7;23.2;21.2;0.156;0.17;0.202;0.276;0.351
Cagnes-sur-Mer;43.6712;7.1502;02/06/2026;06:00;20.8;97;20.3;24.6;0;0.0;0.0;0.0;0.0;0.0;2;P8;Éclaircies;1010.4;1008.8;83;76;0;50;3820.0;0.0;0.07;1.0;2.2;315;20.9;21.6;23.0;21.2;0.157;0.17;0.202;0.276;0.351
Cagnes-sur-Mer;43.6712;7.1502;02/06/2026;07:00;21.1;96;20.4;25.0;0;0.0;0.0;0.0;0.0;0.0;2;P8;Éclaircies;1010.5;1008.9;77;69;0;38;7080.0;0.0;0.1;0.8;2.5;117;22.3;21.6;22.8;21.2;0.159;0.171;0.202;0.276;0.351
Cagnes-sur-Mer;43.6712;7.1502;02/06/2026;08:00;21.6;93;20.4;25.4;0;0.0;0.0;0.0;0.0;0.0;2;P8;Éclaircies;1010.5;1008.9;72;61;0;26;10360.0;0.0;0.18;2.3;4.3;141;24.0;21.9;22.7;21.2;0.159;0.171;0.202;0.276;0.351
Cagnes-sur-Mer;43.6712;7.1502;02/06/2026;09:00;22.6;87;20.3;26.0;1;0.0;0.0;0.0;0.0;0.0;2;P8;Éclaircies;1010.5;1008.9;68;61;0;17;18620.0;0.0;0.36;4.2;7.9;160;26.0;22.8;22.6;21.2;0.158;0.171;0.202;0.276;0.351
Cagnes-sur-Mer;43.6712;7.1502;02/06/2026;10:00;23.9;78;19.9;26.8;3;0.0;0.0;0.0;0.0;0.0;2;P8;Éclaircies;1010.4;1008.8;65;61;0;9;26880.0;0.0;0.65;6.2;12.2;173;28.3;24.0;22.6;21.2;0.156;0.171;0.202;0.275;0.35
Cagnes-sur-Mer;43.6712;7.1502;02/06/2026;11:00;24.9;72;19.5;27.4;5;0.0;0.0;0.0;0.0;0.0;2;P8;Éclaircies;1010.2;1008.6;61;61;0;0;35140.0;0.0;0.88;8.0;15.8;175;30.1;25.1;22.7;21.2;0.154;0.171;0.202;0.275;0.35
Cagnes-sur-Mer;43.6712;7.1502;02/06/2026;12:00;25.4;70;19.4;28.1;11;0.0;0.0;0.0;0.0;0.0;3;P4;Nuageux;1009.9;1008.3;70;44;26;17;32530.0;0.0;0.99;9.1;18.7;170;30.9;26.2;23.1;21.5;0.153;0.174;0.207;0.277;0.351
Cagnes-sur-Mer;43.6712;7.1502;02/06/2026;13:00;25.6;70;19.6;28.7;18;0.0;0.0;0.0;0.0;0.0;3;P4;Nuageux;1009.5;1007.9;82;26;44;44;26440.0;0.0;1.0;10.4;21.6;165;31.2;27.4;23.6;21.7;0.151;0.177;0.212;0.28;0.351
Cagnes-sur-Mer;43.6712;7.1502;02/06/2026;14:00;26.0;67;19.4;29.3;24;0.0;0.0;0.0;0.0;0.0;3;P4;Nuageux;1009.1;1007.5;99;8;54;82;16885.0;0.0;1.11;10.9;26.2;169;31.2;28.5;24.0;21.9;0.15;0.18;0.216;0.282;0.352
Cagnes-sur-Mer;43.6712;7.1502;02/06/2026;15:00;27.7;55;17.8;30.7;30;0.0;0.0;0.0;0.0;0.0;1;P2;Éclaircies;1008.2;1006.6;80;1;38;71;9960.0;0.0;1.67;8.2;36.4;232;31.1;29.7;24.6;22.2;0.148;0.182;0.221;0.285;0.353
Cagnes-sur-Mer;43.6712;7.1502;02/06/2026;16:00;29.6;40;14.6;29.4;31;0.0;0.0;0.0;0.0;0.0;1;P2;Éclaircies;1007.2;1005.6;61;1;34;42;9780.0;0.0;2.49;18.2;46.4;284;30.9;30.3;25.0;22.2;0.144;0.182;0.221;0.284;0.352
Cagnes-sur-Mer;43.6712;7.1502;02/06/2026;17:00;30.7;30;11.1;27.4;33;0.0;0.0;0.0;0.0;0.0;1;P2;Éclaircies;1006.5;1004.9;41;0;30;13;9580.0;0.0;3.08;26.8;51.8;292;30.2;30.5;25.3;22.2;0.141;0.181;0.22;0.284;0.352
Cagnes-sur-Mer;43.6712;7.1502;02/06/2026;18:00;30.1;29;10.1;26.5;35;0.0;0.0;0.0;0.0;0.0;3;P4;Nuageux;1006.2;1004.6;61;0;20;42;10500.0;0.0;3.03;25.3;48.6;287;28.9;30.0;25.5;22.2;0.139;0.181;0.22;0.284;0.352
Cagnes-sur-Mer;43.6712;7.1502;02/06/2026;19:00;28.7;32;10.4;25.9;36;0.0;0.0;0.0;0.0;0.0;3;P4;Nuageux;1006.2;1004.6;80;0;10;71;11440.0;0.0;2.68;19.8;41.0;273;27.0;29.1;25.7;22.3;0.139;0.18;0.219;0.283;0.352
Cagnes-sur-Mer;43.6712;7.1502;02/06/2026;20:00;27.4;35;10.6;25.1;37;0.0;0.0;0.0;0.0;0.0;3;P4;Nuageux;1006.2;1004.6;100;0;0;100;12360.0;0.0;2.37;16.3;34.6;256;25.5;28.1;25.9;22.3;0.138;0.18;0.219;0.283;0.352
Cagnes-sur-Mer;43.6712;7.1502;02/06/2026;21:00;26.4;37;10.5;24.2;38;0.0;0.0;0.0;0.0;0.0;3;P4;Nuageux;1006.3;1004.7;100;0;21;100;17260.0;0.0;2.16;15.6;31.7;251;24.5;27.1;25.9;22.3;0.138;0.18;0.219;0.283;0.352
Cagnes-sur-Mer;43.6712;7.1502;02/06/2026;22:00;25.4;38;10.1;23.3;39;0.0;0.0;0.0;0.0;0.0;3;P4;Nuageux;1006.5;1004.9;100;0;42;100;22160.0;0.0;2.01;14.7;30.2;253;23.7;26.0;25.8;22.3;0.138;0.179;0.219;0.283;0.351
Cagnes-sur-Mer;43.6712;7.1502;02/06/2026;23:00;24.6;39;9.7;22.5;40;0.0;0.0;0.0;0.0;0.0;3;P4;Nuageux;1006.6;1005.0;100;0;63;100;27060.0;0.0;1.88;13.6;28.8;258;23.0;25.1;25.7;22.3;0.138;0.179;0.219;0.283;0.351
Cagnes-sur-Mer;43.6712;7.1502;03/06/2026;00:00;24.0;39;9.2;22.1;40;0.0;0.0;0.0;0.0;0.0;1;P2;Éclaircies;1006.5;1004.9;76;0;51;67;28180.0;0.0;1.82;11.9;26.6;265;22.3;24.5;25.5;22.3;0.138;0.179;0.219;0.283;0.351
Cagnes-sur-Mer;43.6712;7.1502;03/06/2026;01:00;23.6;39;8.8;21.7;40;0.0;0.0;0.0;0.0;0.0;1;P2;Éclaircies;1006.3;1004.7;52;0;40;33;29280.0;0.0;1.77;10.5;24.1;276;21.7;24.0;25.3;22.3;0.139;0.179;0.219;0.283;0.351
Cagnes-sur-Mer;43.6712;7.1502;03/06/2026;02:00;23.0;40;8.6;21.2;40;0.0;0.0;0.0;0.0;0.0;1;P2;Éclaircies;1006.2;1004.6;28;0;28;0;30400.0;0.0;1.68;9.4;22.0;288;21.1;23.5;25.1;22.3;0.139;0.179;0.219;0.283;0.351
Cagnes-sur-Mer;43.6712;7.1502;03/06/2026;03:00;21.9;43;8.7;20.2;39;0.0;0.0;0.0;0.0;0.0;0;P1;Ensoleillé;1006.1;1004.5;20;0;20;0;30400.0;0.0;1.49;8.7;19.8;300;20.3;22.9;24.9;22.3;0.14;0.179;0.219;0.283;0.351
Cagnes-sur-Mer;43.6712;7.1502;03/06/2026;04:00;20.6;46;8.6;19.0;38;0.0;0.0;0.0;0.0;0.0;0;P1;Ensoleillé;1005.9;1004.3;11;0;11;0;30380.0;0.0;1.31;8.1;17.6;315;19.6;22.2;24.6;22.3;0.14;0.179;0.219;0.283;0.351
Cagnes-sur-Mer;43.6712;7.1502;03/06/2026;05:00;19.9;49;8.9;18.5;36;0.0;0.0;0.0;0.0;0.0;0;P1;Ensoleillé;1006.0;1004.4;3;0;3;0;30380.0;0.0;1.19;7.8;15.8;326;19.4;21.7;24.4;22.3;0.141;0.179;0.219;0.283;0.351
Cagnes-sur-Mer;43.6712;7.1502;03/06/2026;06:00;20.1;51;9.7;18.9;33;0.0;0.0;0.0;0.0;0.0;0;P1;Ensoleillé;1006.4;1004.8;2;0;2;0;31340.0;0.0;1.15;7.4;14.8;337;20.1;21.3;24.1;22.3;0.142;0.179;0.219;0.283;0.351
Cagnes-sur-Mer;43.6712;7.1502;03/06/2026;07:00;20.9;53;10.9;20.2;31;0.0;0.0;0.0;0.0;0.0;0;P1;Ensoleillé;1006.9;1005.3;1;0;1;0;32300.0;0.0;1.16;6.6;14.4;347;21.4;21.0;23.8;22.3;0.143;0.179;0.219;0.283;0.351
Cagnes-sur-Mer;43.6712;7.1502;03/06/2026;08:00;21.9;52;11.6;21.6;28;0.0;0.0;0.0;0.0;0.0;0;P1;Ensoleillé;1007.4;1005.8;0;0;0;0;33260.0;0.0;1.26;5.1;14.4;356;23.1;21.3;23.5;22.3;0.143;0.179;0.219;0.283;0.351
Cagnes-sur-Mer;43.6712;7.1502;03/06/2026;09:00;23.2;47;11.3;23.4;25;0.0;0.0;0.0;0.0;0.0;0;P1;Ensoleillé;1007.8;1006.2;1;1;0;0;24200.0;0.0;1.51;1.4;14.0;360;25.3;22.5;23.4;22.3;0.142;0.179;0.219;0.283;0.351
Cagnes-sur-Mer;43.6712;7.1502;03/06/2026;10:00;24.9;40;10.3;24.5;22;0.0;0.0;0.0;0.0;0.0;0;P1;Ensoleillé;1008.0;1006.4;1;1;0;0;15160.0;0.0;1.88;3.2;14.0;180;27.9;24.3;23.4;22.3;0.14;0.178;0.218;0.282;0.35
Cagnes-sur-Mer;43.6712;7.1502;03/06/2026;11:00;26.2;35;9.5;25.6;20;0.0;0.0;0.0;0.0;0.0;0;P1;Ensoleillé;1008.3;1006.7;2;2;0;0;6100.0;0.0;2.21;6.9;15.5;174;30.0;25.9;23.5;22.3;0.138;0.178;0.218;0.282;0.35
Cagnes-sur-Mer;43.6712;7.1502;03/06/2026;12:00;26.9;36;10.6;27.1;18;0.0;0.0;0.0;0.0;0.0;0;P1;Ensoleillé;1008.5;1006.9;1;1;0;0;9860.0;0.0;2.27;9.4;19.4;157;31.2;27.3;23.7;22.3;0.135;0.177;0.217;0.281;0.35
Cagnes-sur-Mer;43.6712;7.1502;03/06/2026;13:00;27.3;40;12.5;28.1;16;0.0;0.0;0.0;0.0;0.0;0;P1;Ensoleillé;1008.7;1007.1;1;1;0;0;13600.0;0.0;2.17;11.9;24.5;145;32.0;28.6;24.0;22.3;0.132;0.177;0.217;0.281;0.349
Cagnes-sur-Mer;43.6712;7.1502;03/06/2026;14:00;27.5;43;13.8;28.5;15;0.0;0.0;0.0;0.0;0.0;0;P1;Ensoleillé;1008.8;1007.2;0;0;0;0;17360.0;0.0;2.09;14.0;28.4;136;32.2;29.6;24.3;22.3;0.13;0.176;0.216;0.28;0.349
Cagnes-sur-Mer;43.6712;7.1502;03/06/2026;15:00;27.5;43;13.8;28.3;14;0.0;0.0;0.0;0.0;0.0;0;P1;Ensoleillé;1008.7;1007.1;2;0;2;0;20020.0;0.0;2.09;14.8;30.6;133;31.9;30.0;24.7;22.3;0.128;0.175;0.216;0.28;0.349
Cagnes-sur-Mer;43.6712;7.1502;03/06/2026;16:00;27.2;42;13.2;27.4;14;0.0;0.0;0.0;0.0;0.0;0;P1;Ensoleillé;1008.5;1006.9;3;0;3;0;22660.0;0.0;2.09;14.8;31.3;131;31.0;30.1;25.0;22.3;0.127;0.175;0.215;0.279;0.349
Cagnes-sur-Mer;43.6712;7.1502;03/06/2026;17:00;26.9;42;12.9;26.5;15;0.0;0.0;0.0;0.0;0.0;0;P1;Ensoleillé;1008.3;1006.7;5;0;5;0;25320.0;0.0;2.05;13.6;30.6;127;29.8;29.9;25.3;22.3;0.126;0.174;0.215;0.279;0.349
Cagnes-sur-Mer;43.6712;7.1502;03/06/2026;18:00;26.4;43;12.8;25.6;15;0.0;0.0;0.0;0.0;0.0;1;P2;Éclaircies;1008.2;1006.6;11;0;3;8;27960.0;0.0;1.96;11.6;27.0;120;28.2;29.4;25.6;22.3;0.126;0.174;0.215;0.279;0.349
Cagnes-sur-Mer;43.6712;7.1502;03/06/2026;19:00;25.8;45;13.0;25.4;16;0.0;0.0;0.0;0.0;0.0;1;P2;Éclaircies;1008.2;1006.6;17;0;2;15;30620.0;0.0;1.83;9.0;21.6;106;26.3;28.5;25.7;22.4;0.126;0.173;0.214;0.278;0.348
Cagnes-sur-Mer;43.6712;7.1502;03/06/2026;20:00;25.0;48;13.2;25.1;17;0.0;0.0;0.0;0.0;0.0;1;P2;Éclaircies;1008.4;1006.8;23;0;0;23;33260.0;0.0;1.65;6.5;17.3;87;24.6;27.6;25.8;22.4;0.126;0.173;0.214;0.278;0.348
Cagnes-sur-Mer;43.6712;7.1502;03/06/2026;21:00;23.9;54;14.0;24.5;18;0.0;0.0;0.0;0.0;0.0;0;P1;Ensoleillé;1008.8;1007.2;15;0;0;15;30020.0;0.0;1.36;4.2;14.4;59;23.1;26.4;25.8;22.4;0.127;0.173;0.214;0.278;0.348
Cagnes-sur-Mer;43.6712;7.1502;03/06/2026;22:00;22.5;61;14.6;23.5;19;0.0;0.0;0.0;0.0;0.0;0;P1;Ensoleillé;1009.4;1007.8;8;0;0;8;26780.0;0.0;1.06;4.0;12.6;360;21.8;25.0;25.7;22.4;0.129;0.173;0.214;0.278;0.348
Cagnes-sur-Mer;43.6712;7.1502;03/06/2026;23:00;21.5;65;14.7;22.2;19;0.0;0.0;0.0;0.0;0.0;0;P1;Ensoleillé;1009.9;1008.3;0;0;0;0;23540.0;0.0;0.9;5.8;11.9;330;20.9;23.8;25.5;22.4;0.13;0.173;0.214;0.278;0.348
Cagnes-sur-Mer;43.6712;7.1502;04/06/2026;00:00;21.1;63;13.8;21.2;20;0.0;0.0;0.0;0.0;0.0;0;P1;Ensoleillé;1010.2;1008.6;1;0;0;1;20280.0;0.0;0.93;7.4;13.0;321;20.4;23.1;25.2;22.4;0.131;0.173;0.214;0.278;0.348
Cagnes-sur-Mer;43.6712;7.1502;04/06/2026;01:00;21.0;59;12.7;20.6;20;0.0;0.0;0.0;0.0;0.0;0;P1;Ensoleillé;1010.5;1008.9;3;0;0;3;17040.0;0.0;1.02;8.7;14.8;318;20.3;22.5;25.0;22.4;0.133;0.173;0.214;0.278;0.348
Cagnes-sur-Mer;43.6712;7.1502;04/06/2026;02:00;20.9;55;11.5;20.1;20;0.0;0.0;0.0;0.0;0.0;0;P1;Ensoleillé;1010.7;1009.1;4;0;0;4;13800.0;0.0;1.11;8.9;16.2;317;20.2;22.1;24.7;22.4;0.134;0.173;0.214;0.278;0.348
Cagnes-sur-Mer;43.6712;7.1502;04/06/2026;03:00;20.6;54;10.9;19.6;19;0.0;0.0;0.0;0.0;0.0;3;P4;Nuageux;1010.8;1009.2;36;0;3;36;16560.0;0.0;1.11;8.7;15.8;318;19.8;21.7;24.4;22.4;0.135;0.173;0.214;0.278;0.348
Cagnes-sur-Mer;43.6712;7.1502;04/06/2026;04:00;20.2;55;10.8;19.3;19;0.0;0.0;0.0;0.0;0.0;3;P4;Nuageux;1010.7;1009.1;68;0;5;68;19320.0;0.0;1.06;7.7;14.8;323;19.4;21.3;24.1;22.4;0.135;0.173;0.214;0.278;0.348
Cagnes-sur-Mer;43.6712;7.1502;04/06/2026;05:00;20.0;56;11.0;19.3;17;0.0;0.0;0.0;0.0;0.0;3;P4;Nuageux;1010.8;1009.2;100;0;8;100;22080.0;0.0;1.03;6.7;13.7;324;19.4;21.1;23.9;22.4;0.136;0.173;0.214;0.278;0.348
Cagnes-sur-Mer;43.6712;7.1502;04/06/2026;06:00;20.2;60;12.1;20.0;16;0.0;0.0;0.0;0.0;0.0;3;P4;Nuageux;1011.0;1009.4;100;0;5;100;24840.0;0.0;0.94;5.6;12.2;320;20.2;20.9;23.6;22.4;0.137;0.173;0.214;0.278;0.348
Cagnes-sur-Mer;43.6712;7.1502;04/06/2026;07:00;20.5;65;13.7;21.1;15;0.0;0.0;0.0;0.0;0.0;3;P4;Nuageux;1011.3;1009.7;100;0;3;100;27600.0;0.0;0.84;4.1;10.4;315;21.4;20.8;23.3;22.4;0.138;0.174;0.214;0.278;0.347
Cagnes-sur-Mer;43.6712;7.1502;04/06/2026;08:00;21.2;66;14.6;22.3;13;0.0;0.0;0.0;0.0;0.0;3;P4;Nuageux;1011.5;1009.9;100;0;0;100;30360.0;0.0;0.85;2.4;10.1;297;22.9;21.1;23.1;22.4;0.138;0.174;0.214;0.278;0.347
Cagnes-sur-Mer;43.6712;7.1502;04/06/2026;09:00;22.3;60;14.1;23.4;12;0.0;0.0;0.0;0.0;0.0;1;P2;Éclaircies;1011.7;1010.1;77;0;7;70;27140.0;0.0;1.07;1.5;11.5;194;25.1;22.3;23.0;22.4;0.137;0.174;0.214;0.278;0.347
Cagnes-sur-Mer;43.6712;7.1502;04/06/2026;10:00;23.7;50;12.6;23.8;10;0.0;0.0;0.0;0.0;0.0;1;P2;Éclaircies;1012.0;1010.4;53;0;14;41;23920.0;0.0;1.46;4.9;14.0;163;27.6;24.0;23.0;22.4;0.136;0.173;0.213;0.277;0.347
Cagnes-sur-Mer;43.6712;7.1502;04/06/2026;11:00;24.8;43;11.3;24.5;9;0.0;0.0;0.0;0.0;0.0;1;P2;Éclaircies;1012.0;1010.4;30;0;21;11;20700.0;0.0;1.78;7.9;16.9;156;29.3;25.5;23.1;22.4;0.135;0.173;0.213;0.277;0.347
Cagnes-sur-Mer;43.6712;7.1502;04/06/2026;12:00;25.5;42;11.7;25.5;7;0.0;0.0;0.0;0.0;0.0;3;P4;Nuageux;1011.8;1010.2;53;0;42;41;17460.0;0.0;1.89;10.9;20.2;153;29.6;26.7;23.3;22.4;0.133;0.173;0.212;0.276;0.347
Cagnes-sur-Mer;43.6712;7.1502;04/06/2026;13:00;26.0;44;12.8;26.3;6;0.0;0.0;0.0;0.0;0.0;3;P4;Nuageux;1011.4;1009.8;77;0;63;70;14240.0;0.0;1.88;13.0;24.1;152;29.1;27.7;23.6;22.4;0.131;0.172;0.212;0.276;0.346
Cagnes-sur-Mer;43.6712;7.1502;04/06/2026;14:00;26.0;47;13.8;26.4;5;0.0;0.0;0.0;0.0;0.0;3;P4;Nuageux;1011.0;1009.4;100;0;84;100;11020.0;0.0;1.78;13.6;28.8;158;28.1;28.2;23.9;22.4;0.129;0.172;0.211;0.275;0.346
Cagnes-sur-Mer;43.6712;7.1502;04/06/2026;15:00;25.5;51;14.6;25.7;4;0.1;0.1;0.0;0.0;0.0;61;P10;Pluie;1010.5;1008.9;100;12;89;100;11900.0;0.0;1.6;11.6;35.6;187;26.7;27.9;24.1;22.4;0.121;0.169;0.211;0.275;0.346
Cagnes-sur-Mer;43.6712;7.1502;04/06/2026;16:00;24.7;57;15.6;24.5;4;0.1;0.1;0.0;0.0;0.0;61;P10;Pluie;1009.9;1008.3;100;23;95;100;12800.0;0.0;1.33;13.8;43.2;227;25.0;27.1;24.3;22.4;0.113;0.165;0.211;0.275;0.346
Cagnes-sur-Mer;43.6712;7.1502;04/06/2026;17:00;23.6;64;16.4;23.2;3;0.1;0.1;0.0;0.0;0.0;61;P10;Pluie;1009.4;1007.8;100;35;100;100;13680.0;0.0;1.05;17.9;47.2;242;23.5;26.2;24.5;22.4;0.131;0.171;0.211;0.275;0.346
Cagnes-sur-Mer;43.6712;7.1502;04/06/2026;18:00;22.3;74;17.4;22.2;2;1.7;1.7;0.0;0.0;0.0;63;P10;Pluie;1009.2;1007.6;100;52;99;100;14560.0;0.0;0.7;18.6;46.1;234;22.4;25.1;24.5;22.4;0.202;0.193;0.211;0.275;0.346
Cagnes-sur-Mer;43.6712;7.1502;04/06/2026;19:00;20.8;84;18.0;21.0;2;1.7;1.7;0.0;0.0;0.0;63;P10;Pluie;1009.1;1007.5;100;70;99;100;15460.0;0.0;0.39;17.9;41.4;218;21.6;23.8;24.4;22.4;0.298;0.225;0.211;0.275;0.346
Cagnes-sur-Mer;43.6712;7.1502;04/06/2026;20:00;19.8;92;18.4;20.4;2;1.7;1.7;0.0;0.0;0.0;63;P10;Pluie;1008.9;1007.3;100;87;98;100;16340.0;0.0;0.18;16.9;35.3;207;21.1;22.8;24.3;22.4;0.364;0.254;0.213;0.275;0.346
Cagnes-sur-Mer;43.6712;7.1502;04/06/2026;21:00;19.6;94;18.6;21.1;1;0.6;0.6;0.0;0.0;0.0;3;P4;Nuageux;1008.6;1007.0;96;69;91;67;14080.0;0.0;0.14;11.4;26.6;204;20.9;22.2;24.1;22.4;0.369;0.278;0.218;0.275;0.346
Cagnes-sur-Mer;43.6712;7.1502;04/06/2026;22:00;20.0;93;18.8;22.7;1;0.6;0.6;0.0;0.0;0.0;3;P4;Nuageux;1008.2;1006.6;92;51;84;33;11840.0;0.0;0.16;3.9;16.6;214;20.9;21.9;23.9;22.4;0.344;0.299;0.225;0.275;0.345
Cagnes-sur-Mer;43.6712;7.1502;04/06/2026;23:00;20.2;90;18.5;22.9;1;0.6;0.6;0.0;0.0;0.0;3;P4;Nuageux;1007.8;1006.2;88;33;77;0;9600.0;0.0;0.24;2.4;9.7;333;20.8;21.6;23.6;22.4;0.321;0.312;0.231;0.275;0.345
Cagnes-sur-Mer;43.6712;7.1502;05/06/2026;00:00;19.8;85;17.2;21.7;2;0.2;0.12;0.08;0.0;0.0;0;P1;Ensoleillé;1006.8;1005.1;69;20;62;25;7340.0;0.0;0.34;4.4;9.0;337;20.0;21.2;23.4;22.4;0.312;0.312;0.235;0.275;0.345
Cagnes-sur-Mer;43.6712;7.1502;05/06/2026;01:00;19.1;84;16.2;20.3;6;0.4;0.25;0.15;0.0;0.0;0;P1;Ensoleillé;1005.8;1004.1;64;15;62;50;5100.0;0.0;0.37;6.7;10.6;158;18.8;20.7;23.2;22.3;0.307;0.304;0.238;0.275;0.345
Cagnes-sur-Mer;43.6712;7.1502;05/06/2026;02:00;18.5;87;16.2;19.3;9;0.6;0.38;0.23;0.0;0.0;0;P1;Ensoleillé;1004.7;1003.0;75;15;75;70;2840.0;0.0;0.29;8.8;10.8;80;17.8;20.3;23.0;22.3;0.303;0.297;0.24;0.275;0.345
Cagnes-sur-Mer;43.6712;7.1502;05/06/2026;03:00;17.9;92;16.7;18.8;13;2.8;0.7;2.1;0.0;0.0;63;P10;Pluie;1003.4;1001.8;99;19;100;82;6800.0;0.0;0.16;9.8;10.1;7;17.1;;;;;;;;
Cagnes-sur-Mer;43.6712;7.1502;05/06/2026;04:00;17.7;94;16.8;18.7;13;2.8;0.7;2.1;0.0;0.0;63;P10;Pluie;1002.8;1001.2;97;16;99;65;10760.0;0.0;0.12;9.4;10.1;7;17.1;;;;;;;;
Cagnes-sur-Mer;43.6712;7.1502;05/06/2026;05:00;17.7;95;16.8;18.8;14;2.8;0.7;2.1;0.0;0.0;63;P10;Pluie;1002.1;1000.5;95;12;96;46;14720.0;0.0;0.11;8.5;9.7;5;17.3;;;;;;;;
Cagnes-sur-Mer;43.6712;7.1502;05/06/2026;06:00;17.8;94;16.8;19.2;15;2.8;0.7;2.1;0.0;0.0;63;P10;Pluie;1001.4;999.8;92;8;93;27;18660.0;0.0;0.13;7.0;7.9;1;17.7;;;;;;;;
Cagnes-sur-Mer;43.6712;7.1502;05/06/2026;07:00;18.2;91;16.6;19.7;15;2.8;0.7;2.1;0.0;0.0;63;P10;Pluie;1000.8;999.2;88;5;87;11;22620.0;0.0;0.19;5.3;5.8;352;18.3;;;;;;;;
Cagnes-sur-Mer;43.6712;7.1502;05/06/2026;08:00;18.8;85;16.3;20.4;16;2.8;0.7;2.1;0.0;0.0;63;P10;Pluie;1000.4;998.8;82;2;81;0;26580.0;0.0;0.32;3.9;4.3;326;19.2;;;;;;;;
Cagnes-sur-Mer;43.6712;7.1502;05/06/2026;09:00;19.8;77;15.6;21.1;17;0.0;0.0;0.0;0.0;0.0;2;P8;Éclaircies;1000.1;998.5;73;1;72;0;29620.0;0.0;0.54;4.4;4.7;279;20.5;;;;;;;;
Cagnes-sur-Mer;43.6712;7.1502;05/06/2026;10:00;21.4;66;14.7;21.8;18;0.0;0.0;0.0;0.0;0.0;2;P8;Éclaircies;999.9;998.3;62;0;61;0;32680.0;0.0;0.87;7.7;6.5;249;22.3;;;;;;;;
Cagnes-sur-Mer;43.6712;7.1502;05/06/2026;11:00;23.1;55;13.7;22.6;19;0.0;0.0;0.0;0.0;0.0;1;P2;Éclaircies;999.8;998.2;49;0;48;0;35720.0;0.0;1.26;12.0;7.9;238;24.4;;;;;;;;
Cagnes-sur-Mer;43.6712;7.1502;05/06/2026;12:00;24.8;47;12.7;23.6;20;0.0;0.0;0.0;0.0;0.0;1;P2;Éclaircies;999.8;998.2;36;0;36;0;38760.0;0.0;1.66;16.6;9.4;234;26.3;;;;;;;;
Cagnes-sur-Mer;43.6712;7.1502;05/06/2026;13:00;26.2;41;11.8;24.8;20;0.0;0.0;0.0;0.0;0.0;1;P2;Éclaircies;999.8;998.2;25;0;25;0;41820.0;0.0;2.01;20.5;11.2;231;27.8;;;;;;;;
Cagnes-sur-Mer;43.6712;7.1502;05/06/2026;14:00;26.9;38;11.2;25.4;20;0.0;0.0;0.0;0.0;0.0;0;P1;Ensoleillé;999.9;998.3;16;0;16;0;44860.0;0.0;2.22;23.0;12.2;231;28.5;;;;;;;;
Cagnes-sur-Mer;43.6712;7.1502;05/06/2026;15:00;27.0;37;11.0;25.3;20;0.0;0.0;0.0;0.0;0.0;0;P1;Ensoleillé;1000.0;998.4;10;0;10;0;44020.0;0.0;2.25;24.2;12.6;231;28.3;;;;;;;;
Cagnes-sur-Mer;43.6712;7.1502;05/06/2026;16:00;26.7;37;11.0;24.8;19;0.0;0.0;0.0;0.0;0.0;0;P1;Ensoleillé;1000.3;998.7;6;0;6;0;43180.0;0.0;2.19;24.3;12.2;231;27.4;;;;;;;;
Cagnes-sur-Mer;43.6712;7.1502;05/06/2026;17:00;26.1;39;11.2;23.8;18;0.0;0.0;0.0;0.0;0.0;0;P1;Ensoleillé;1000.5;998.9;4;0;4;0;42340.0;0.0;2.04;23.7;11.2;232;26.0;;;;;;;;
Cagnes-sur-Mer;43.6712;7.1502;05/06/2026;18:00;25.2;42;11.5;22.6;17;0.0;0.0;0.0;0.0;0.0;0;P1;Ensoleillé;1000.9;999.3;2;0;2;0;41480.0;0.0;1.85;22.5;8.3;233;24.4;;;;;;;;
Cagnes-sur-Mer;43.6712;7.1502;05/06/2026;19:00;24.2;45;11.7;21.7;16;0.0;0.0;0.0;0.0;0.0;0;P1;Ensoleillé;1001.3;999.7;1;0;1;0;40640.0;0.0;1.65;21.0;5.0;234;22.8;;;;;;;;
Cagnes-sur-Mer;43.6712;7.1502;05/06/2026;20:00;23.3;48;11.7;21.0;14;0.0;0.0;0.0;0.0;0.0;0;P1;Ensoleillé;1001.8;1000.2;0;0;0;0;39800.0;0.0;1.49;19.4;3.2;236;21.4;;;;;;;;
Cagnes-sur-Mer;43.6712;7.1502;05/06/2026;21:00;22.3;51;11.6;20.2;12;0.0;0.0;0.0;0.0;0.0;0;P1;Ensoleillé;1002.4;1000.8;0;0;0;0;39140.0;0.0;1.32;17.2;4.7;237;19.9;;;;;;;;
Cagnes-sur-Mer;43.6712;7.1502;05/06/2026;22:00;20.9;54;11.3;19.3;9;0.0;0.0;0.0;0.0;0.0;0;P1;Ensoleillé;1003.2;1001.6;0;0;0;0;38500.0;0.0;1.13;14.0;8.3;239;18.2;;;;;;;;
Cagnes-sur-Mer;43.6712;7.1502;05/06/2026;23:00;19.5;58;11.1;18.3;7;0.0;0.0;0.0;0.0;0.0;0;P1;Ensoleillé;1004.0;1002.4;0;0;0;0;37860.0;0.0;0.95;10.7;10.8;243;16.5;;;;;;;;
Cagnes-sur-Mer;43.6712;7.1502;06/06/2026;00:00;18.2;62;10.8;17.4;4;0.0;0.0;0.0;0.0;0.0;0;P1;Ensoleillé;1004.8;1003.2;1;0;1;0;37200.0;0.0;0.8;7.3;11.9;250;14.9;;;;;;;;
Cagnes-sur-Mer;43.6712;7.1502;06/06/2026;01:00;17.1;65;10.6;16.6;2;0.0;0.0;0.0;0.0;0.0;0;P1;Ensoleillé;1005.7;1004.0;2;0;2;0;36560.0;0.0;0.68;4.7;12.2;263;13.7;;;;;;;;
Cagnes-sur-Mer;43.6712;7.1502;06/06/2026;02:00;16.5;68;10.5;16.1;0;0.0;0.0;0.0;0.0;0.0;0;P1;Ensoleillé;1006.4;1004.7;2;0;2;0;35900.0;0.0;0.61;3.4;13.0;286;13.2;;;;;;;;
Cagnes-sur-Mer;43.6712;7.1502;06/06/2026;03:00;16.3;69;10.5;16.0;0;0.0;0.0;0.0;0.0;0.0;0;P1;Ensoleillé;1007.1;1005.4;1;0;1;0;35460.0;0.0;0.58;3.2;14.0;308;13.3;;;;;;;;
Cagnes-sur-Mer;43.6712;7.1502;06/06/2026;04:00;16.5;69;10.7;16.2;0;0.0;0.0;0.0;0.0;0.0;0;P1;Ensoleillé;1007.7;1006.0;0;0;0;0;35000.0;0.0;0.59;3.6;15.1;319;14.1;;;;;;;;
Cagnes-sur-Mer;43.6712;7.1502;06/06/2026;05:00;16.9;68;10.9;16.5;0;0.0;0.0;0.0;0.0;0.0;0;P1;Ensoleillé;1008.3;1006.6;0;0;0;0;34560.0;0.0;0.62;4.2;15.5;324;15.2;;;;;;;;
Cagnes-sur-Mer;43.6712;7.1502;06/06/2026;06:00;17.4;67;11.1;17.1;0;0.0;0.0;0.0;0.0;0.0;0;P1;Ensoleillé;1008.9;1007.2;0;0;0;0;34120.0;0.0;0.67;4.5;14.0;320;16.5;;;;;;;;
Cagnes-sur-Mer;43.6712;7.1502;06/06/2026;07:00;18.0;65;11.4;17.8;0;0.0;0.0;0.0;0.0;0.0;0;P1;Ensoleillé;1009.5;1007.8;0;0;0;0;33660.0;0.0;0.72;4.4;11.5;308;17.9;;;;;;;;
Cagnes-sur-Mer;43.6712;7.1502;06/06/2026;08:00;18.6;64;11.7;18.5;0;0.0;0.0;0.0;0.0;0.0;0;P1;Ensoleillé;1010.0;1008.3;0;0;0;0;33220.0;0.0;0.77;4.2;10.4;288;19.2;;;;;;;;
Cagnes-sur-Mer;43.6712;7.1502;06/06/2026;09:00;19.3;63;12.0;19.1;2;0.0;0.0;0.0;0.0;0.0;0;P1;Ensoleillé;1010.5;1008.8;6;0;6;0;29800.0;0.0;0.83;5.0;11.9;249;20.6;;;;;;;;
Cagnes-sur-Mer;43.6712;7.1502;06/06/2026;10:00;20.1;61;12.3;19.5;4;0.0;0.0;0.0;0.0;0.0;0;P1;Ensoleillé;1011.0;1009.4;14;1;14;1;26380.0;0.0;0.92;8.7;14.4;222;22.3;;;;;;;;
Cagnes-sur-Mer;43.6712;7.1502;06/06/2026;11:00;21.0;59;12.7;20.2;7;0.0;0.0;0.0;0.0;0.0;1;P2;Éclaircies;1011.5;1009.9;24;1;24;1;22960.0;0.0;1.02;13.7;16.6;210;24.1;;;;;;;;
Cagnes-sur-Mer;43.6712;7.1502;06/06/2026;12:00;21.8;58;13.0;21.0;10;0.0;0.0;0.0;0.0;0.0;1;P2;Éclaircies;1012.0;1010.4;34;2;33;2;19520.0;0.0;1.11;18.7;17.6;205;25.6;;;;;;;;
Cagnes-sur-Mer;43.6712;7.1502;06/06/2026;13:00;22.4;57;13.4;21.5;12;0.0;0.0;0.0;0.0;0.0;1;P2;Éclaircies;1012.4;1010.8;41;2;40;2;16100.0;0.0;1.18;22.8;18.0;203;26.8;;;;;;;;
Cagnes-sur-Mer;43.6712;7.1502;06/06/2026;14:00;22.7;57;13.7;21.8;14;0.0;0.0;0.0;0.0;0.0;1;P2;Éclaircies;1012.7;1011.1;44;2;43;2;12680.0;0.0;1.2;24.8;18.4;202;27.3;;;;;;;;
Cagnes-sur-Mer;43.6712;7.1502;06/06/2026;15:00;22.7;58;14.0;21.8;15;0.0;0.0;0.0;0.0;0.0;1;P2;Éclaircies;1013.0;1011.4;42;2;41;2;15620.0;0.0;1.16;24.6;19.8;201;27.0;;;;;;;;
Cagnes-sur-Mer;43.6712;7.1502;06/06/2026;16:00;22.4;60;14.2;21.6;15;0.0;0.0;0.0;0.0;0.0;1;P2;Éclaircies;1013.1;1011.5;36;2;35;2;18560.0;0.0;1.09;22.6;20.9;202;26.1;;;;;;;;
Cagnes-sur-Mer;43.6712;7.1502;06/06/2026;17:00;21.9;63;14.5;21.1;15;0.0;0.0;0.0;0.0;0.0;1;P2;Éclaircies;1013.3;1011.7;27;1;26;1;21500.0;0.0;0.98;19.7;20.5;204;24.7;;;;;;;;
Cagnes-sur-Mer;43.6712;7.1502;06/06/2026;18:00;21.3;66;14.7;20.5;14;0.0;0.0;0.0;0.0;0.0;0;P1;Ensoleillé;1013.4;1011.8;18;1;17;1;24440.0;0.0;0.87;16.2;16.2;206;23.2;;;;;;;;
Cagnes-sur-Mer;43.6712;7.1502;06/06/2026;19:00;20.7;69;14.8;20.4;13;0.0;0.0;0.0;0.0;0.0;0;P1;Ensoleillé;1013.5;1011.9;10;0;9;0;27380.0;0.0;0.75;12.6;10.4;209;21.7;;;;;;;;
Cagnes-sur-Mer;43.6712;7.1502;06/06/2026;20:00;20.1;72;14.9;20.3;12;0.0;0.0;0.0;0.0;0.0;0;P1;Ensoleillé;1013.6;1011.9;4;0;4;0;30320.0;0.0;0.66;9.6;6.1;213;20.4;;;;;;;;
Cagnes-sur-Mer;43.6712;7.1502;06/06/2026;21:00;19.4;75;14.8;19.9;10;0.0;0.0;0.0;0.0;0.0;0;P1;Ensoleillé;1013.7;1012.0;1;0;1;0;29220.0;0.0;0.56;7.1;5.8;218;19.3;;;;;;;;
Cagnes-sur-Mer;43.6712;7.1502;06/06/2026;22:00;18.5;78;14.6;19.4;9;0.0;0.0;0.0;0.0;0.0;0;P1;Ensoleillé;1013.9;1012.2;0;0;0;0;28120.0;0.0;0.47;4.2;7.2;230;18.0;;;;;;;;
Cagnes-sur-Mer;43.6712;7.1502;06/06/2026;23:00;17.6;81;14.4;18.8;7;0.0;0.0;0.0;0.0;0.0;0;P1;Ensoleillé;1014.0;1012.3;0;0;0;0;27040.0;0.0;0.38;2.0;8.6;270;16.7;;;;;;;;
Cagnes-sur-Mer;43.6712;7.1502;07/06/2026;00:00;16.8;84;14.1;17.7;5;0.0;0.0;0.0;0.0;0.0;0;P1;Ensoleillé;1014.1;1012.4;0;0;0;0;25940.0;0.0;0.3;2.8;10.1;342;15.6;;;;;;;;
Cagnes-sur-Mer;43.6712;7.1502;07/06/2026;01:00;16.1;86;13.8;16.6;3;0.0;0.0;0.0;0.0;0.0;0;P1;Ensoleillé;1014.1;1012.4;0;0;0;0;24840.0;0.0;0.25;4.9;11.5;360;14.8;;;;;;;;
Cagnes-sur-Mer;43.6712;7.1502;07/06/2026;02:00;15.8;86;13.6;16.0;2;0.0;0.0;0.0;0.0;0.0;0;P1;Ensoleillé;1014.1;1012.4;0;0;0;0;23740.0;0.0;0.24;6.3;12.6;7;14.5;;;;;;;;
Cagnes-sur-Mer;43.6712;7.1502;07/06/2026;03:00;15.9;85;13.3;15.9;1;0.0;0.0;0.0;0.0;0.0;0;P1;Ensoleillé;1014.0;1012.3;5;0;0;5;25320.0;0.0;0.28;7.3;13.7;7;14.6;;;;;;;;
Cagnes-sur-Mer;43.6712;7.1502;07/06/2026;04:00;16.2;81;12.9;16.0;0;0.0;0.0;0.0;0.0;0.0;0;P1;Ensoleillé;1013.9;1012.2;12;0;0;12;26900.0;0.0;0.35;7.6;14.0;7;15.1;;;;;;;;
Cagnes-sur-Mer;43.6712;7.1502;07/06/2026;05:00;16.7;77;12.6;16.4;0;0.0;0.0;0.0;0.0;0.0;1;P2;Éclaircies;1013.8;1012.1;21;1;0;21;28480.0;0.0;0.45;7.4;14.0;4;15.9;;;;;;;;
Cagnes-sur-Mer;43.6712;7.1502;07/06/2026;06:00;17.4;72;12.3;17.0;0;0.0;0.0;0.0;0.0;0.0;1;P2;Éclaircies;1013.6;1011.9;29;1;0;29;30060.0;0.0;0.56;7.0;12.2;3;17.0;;;;;;;;
Cagnes-sur-Mer;43.6712;7.1502;07/06/2026;07:00;18.1;68;12.1;17.8;0;0.0;0.0;0.0;0.0;0.0;1;P2;Éclaircies;1013.4;1011.7;36;1;0;37;31640.0;0.0;0.66;6.3;9.7;5;18.2;;;;;;;;
Cagnes-sur-Mer;43.6712;7.1502;07/06/2026;08:00;18.7;66;12.2;18.5;0;0.0;0.0;0.0;0.0;0.0;1;P2;Éclaircies;1013.1;1011.4;41;1;0;41;33220.0;0.0;0.73;5.5;8.3;13;19.5;;;;;;;;
Cagnes-sur-Mer;43.6712;7.1502;07/06/2026;09:00;19.3;65;12.6;19.4;1;0.0;0.0;0.0;0.0;0.0;1;P2;Éclaircies;1012.8;1011.1;43;1;0;43;31160.0;0.0;0.79;5.0;8.3;35;21.2;;;;;;;;
Cagnes-sur-Mer;43.6712;7.1502;07/06/2026;10:00;20.2;64;13.2;20.3;2;0.0;0.0;0.0;0.0;0.0;1;P2;Éclaircies;1012.5;1010.9;43;1;0;43;29120.0;0.0;0.84;6.1;9.4;67;23.4;;;;;;;;
Cagnes-sur-Mer;43.6712;7.1502;07/06/2026;11:00;21.0;64;14.0;21.4;3;0.0;0.0;0.0;0.0;0.0;1;P2;Éclaircies;1012.1;1010.5;41;1;0;42;27080.0;0.0;0.88;8.3;10.4;89;25.7;;;;;;;;
Cagnes-sur-Mer;43.6712;7.1502;07/06/2026;12:00;21.8;65;14.8;22.8;4;0.0;0.0;0.0;0.0;0.0;1;P2;Éclaircies;1011.7;1010.1;39;0;0;39;25020.0;0.0;0.92;11.1;12.2;99;27.9;;;;;;;;
Cagnes-sur-Mer;43.6712;7.1502;07/06/2026;13:00;22.3;66;15.6;23.9;5;0.0;0.0;0.0;0.0;0.0;1;P2;Éclaircies;1011.3;1009.7;36;0;0;36;22980.0;0.0;0.93;13.3;14.4;106;29.5;;;;;;;;
Cagnes-sur-Mer;43.6712;7.1502;07/06/2026;14:00;22.6;67;16.1;24.4;6;0.0;0.0;0.0;0.0;0.0;1;P2;Éclaircies;1010.9;1009.3;33;0;0;33;20920.0;0.0;0.91;14.2;15.1;111;30.1;;;;;;;;
Cagnes-sur-Mer;43.6712;7.1502;07/06/2026;15:00;22.5;69;16.5;24.5;6;0.2;0.1;0.1;0.0;0.0;51;P10;Pluie faible;1010.4;1008.8;29;0;1;29;21840.0;0.0;0.85;13.4;13.7;116;29.7;;;;;;;;
Cagnes-sur-Mer;43.6712;7.1502;07/06/2026;16:00;22.1;72;16.9;24.2;6;0.2;0.1;0.1;0.0;0.0;51;P10;Pluie faible;1009.9;1008.3;25;0;2;23;22740.0;0.0;0.73;11.7;11.2;124;28.3;;;;;;;;
Cagnes-sur-Mer;43.6712;7.1502;07/06/2026;17:00;21.5;77;17.2;23.5;6;0.2;0.1;0.1;0.0;0.0;51;P10;Pluie faible;1009.3;1007.7;19;0;3;16;23660.0;0.0;0.6;9.4;9.0;137;26.4;;;;;;;;
Cagnes-sur-Mer;43.6712;7.1502;07/06/2026;18:00;20.8;80;17.3;22.3;5;0.2;0.1;0.1;0.0;0.0;51;P10;Pluie faible;1008.8;1007.2;14;1;4;9;24580.0;0.0;0.48;7.6;7.6;158;24.2;;;;;;;;
Cagnes-sur-Mer;43.6712;7.1502;07/06/2026;19:00;20.1;83;17.1;21.6;5;0.2;0.1;0.1;0.0;0.0;51;P10;Pluie faible;1008.4;1006.8;9;1;5;4;25480.0;0.0;0.4;7.0;6.8;184;22.1;;;;;;;;
Cagnes-sur-Mer;43.6712;7.1502;07/06/2026;20:00;19.4;84;16.6;20.6;4;0.2;0.1;0.1;0.0;0.0;51;P10;Pluie faible;1008.3;1006.7;6;1;5;0;26400.0;0.0;0.37;7.8;5.8;206;20.4;;;;;;;;
Cagnes-sur-Mer;43.6712;7.1502;07/06/2026;21:00;18.8;81;15.4;19.3;4;0.0;0.0;0.0;0.0;0.0;0;P1;Ensoleillé;1008.5;1006.8;4;1;5;0;27980.0;0.0;0.41;8.8;4.7;221;19.0;;;;;;;;
Cagnes-sur-Mer;43.6712;7.1502;07/06/2026;22:00;18.1;76;13.8;17.8;3;0.0;0.0;0.0;0.0;0.0;0;P1;Ensoleillé;1009.0;1007.3;2;1;4;0;29560.0;0.0;0.5;9.9;3.6;235;17.6;;;;;;;;
Cagnes-sur-Mer;43.6712;7.1502;07/06/2026;23:00;17.4;70;11.8;16.2;3;0.0;0.0;0.0;0.0;0.0;0;P1;Ensoleillé;1009.6;1007.9;1;0;3;0;31140.0;0.0;0.6;11.5;3.2;245;16.3;;;;;;;;
Cagnes-sur-Mer;43.6712;7.1502;08/06/2026;00:00;16.7;64;9.8;14.7;3;0.0;0.0;0.0;0.0;0.0;0;P1;Ensoleillé;1010.3;1008.6;0;0;2;0;32720.0;0.0;0.69;13.1;3.6;252;15.1;;;;;;;;
Cagnes-sur-Mer;43.6712;7.1502;08/06/2026;01:00;16.1;59;8.1;13.5;2;0.0;0.0;0.0;0.0;0.0;0;P1;Ensoleillé;1010.9;1009.2;1;1;1;0;34300.0;0.0;0.75;14.3;4.3;255;14.2;;;;;;;;
Cagnes-sur-Mer;43.6712;7.1502;08/06/2026;02:00;15.7;56;6.9;12.7;2;0.0;0.0;0.0;0.0;0.0;0;P1;Ensoleillé;1011.3;1009.6;2;2;0;0;35880.0;0.0;0.79;15.4;5.0;256;13.7;;;;;;;;
Cagnes-sur-Mer;43.6712;7.1502;08/06/2026;03:00;15.4;55;6.4;12.2;2;0.0;0.0;0.0;0.0;0.0;0;P1;Ensoleillé;1011.5;1009.8;5;5;0;0;35880.0;0.0;0.79;15.8;5.0;253;13.5;;;;;;;;
Cagnes-sur-Mer;43.6712;7.1502;08/06/2026;04:00;15.2;55;6.3;12.0;3;0.0;0.0;0.0;0.0;0.0;0;P1;Ensoleillé;1011.5;1009.8;10;10;0;0;35880.0;0.0;0.77;16.0;5.0;247;13.6;;;;;;;;
Cagnes-sur-Mer;43.6712;7.1502;08/06/2026;05:00;15.1;57;6.5;11.8;3;0.0;0.0;0.0;0.0;0.0;0;P1;Ensoleillé;1011.4;1009.7;15;15;0;0;35880.0;0.0;0.74;16.1;4.7;240;14.0;;;;;;;;
Cagnes-sur-Mer;43.6712;7.1502;08/06/2026;06:00;15.1;57;6.8;11.9;3;0.0;0.0;0.0;0.0;0.0;1;P2;Éclaircies;1011.3;1009.6;21;20;1;0;35880.0;0.0;0.73;16.3;4.3;233;14.6;;;;;;;;
Cagnes-sur-Mer;43.6712;7.1502;08/06/2026;07:00;15.5;57;7.0;12.3;4;0.0;0.0;0.0;0.0;0.0;1;P2;Éclaircies;1011.2;1009.5;25;24;1;0;35880.0;0.0;0.75;16.7;3.6;227;15.5;;;;;;;;
Cagnes-sur-Mer;43.6712;7.1502;08/06/2026;08:00;16.1;55;7.0;12.8;4;0.0;0.0;0.0;0.0;0.0;1;P2;Éclaircies;1011.2;1009.5;26;25;1;0;35880.0;0.0;0.83;17.1;3.6;226;16.8;;;;;;;;
Cagnes-sur-Mer;43.6712;7.1502;08/06/2026;09:00;17.2;50;6.6;13.8;4;0.0;0.0;0.0;0.0;0.0;1;P2;Éclaircies;1011.3;1009.6;24;23;1;0;37380.0;0.0;0.99;17.4;4.3;229;18.7;;;;;;;;
Cagnes-sur-Mer;43.6712;7.1502;08/06/2026;10:00;18.9;43;6.1;15.3;4;0.0;0.0;0.0;0.0;0.0;1;P2;Éclaircies;1011.3;1009.6;20;20;1;0;38880.0;0.0;1.25;18.1;5.4;236;21.4;;;;;;;;
Cagnes-sur-Mer;43.6712;7.1502;08/06/2026;11:00;20.9;37;5.5;17.3;4;0.0;0.0;0.0;0.0;0.0;0;P1;Ensoleillé;1011.4;1009.8;15;15;1;0;40380.0;0.0;1.57;19.0;6.5;243;24.4;;;;;;;;
Cagnes-sur-Mer;43.6712;7.1502;08/06/2026;12:00;22.8;31;4.9;19.6;4;0.0;0.0;0.0;0.0;0.0;0;P1;Ensoleillé;1011.5;1009.9;9;9;1;0;41880.0;0.0;1.91;19.9;7.2;250;27.2;;;;;;;;
Cagnes-sur-Mer;43.6712;7.1502;08/06/2026;13:00;24.4;28;4.5;21.6;4;0.0;0.0;0.0;0.0;0.0;0;P1;Ensoleillé;1011.7;1010.1;4;4;1;0;43380.0;0.0;2.21;20.4;7.6;256;29.5;;;;;;;;
Cagnes-sur-Mer;43.6712;7.1502;08/06/2026;14:00;25.4;26;4.3;22.8;4;0.0;0.0;0.0;0.0;0.0;0;P1;Ensoleillé;1011.8;1010.2;1;1;1;0;44880.0;0.0;2.41;20.3;7.9;260;30.7;;;;;;;;
Cagnes-sur-Mer;43.6712;7.1502;08/06/2026;15:00;25.8;25;4.5;23.5;4;0.0;0.0;0.0;0.0;0.0;0;P1;Ensoleillé;1011.9;1010.3;0;0;1;0;44880.0;0.0;2.48;18.9;8.6;262;30.8;;;;;;;;
Cagnes-sur-Mer;43.6712;7.1502;08/06/2026;16:00;25.9;26;5.1;23.8;4;0.0;0.0;0.0;0.0;0.0;0;P1;Ensoleillé;1012.0;1010.4;0;0;1;0;44860.0;0.0;2.46;16.3;9.0;264;30.0;;;;;;;;
Cagnes-sur-Mer;43.6712;7.1502;08/06/2026;17:00;25.7;28;5.7;23.8;4;0.0;0.0;0.0;0.0;0.0;0;P1;Ensoleillé;1012.0;1010.4;0;0;1;0;44860.0;0.0;2.38;13.2;9.4;267;28.6;;;;;;;;
Cagnes-sur-Mer;43.6712;7.1502;08/06/2026;18:00;25.2;30;6.4;23.2;4;0.0;0.0;0.0;0.0;0.0;0;P1;Ensoleillé;1012.2;1010.6;0;0;0;0;44860.0;0.0;2.24;9.9;9.0;270;27.0;;;;;;;;
Cagnes-sur-Mer;43.6712;7.1502;08/06/2026;19:00;24.5;33;7.0;22.7;4;0.0;0.0;0.0;0.0;0.0;0;P1;Ensoleillé;1012.4;1010.8;0;0;0;0;44840.0;0.0;2.07;7.1;8.3;277;25.2;;;;;;;;
Cagnes-sur-Mer;43.6712;7.1502;08/06/2026;20:00;23.7;35;7.4;22.3;4;0.0;0.0;0.0;0.0;0.0;0;P1;Ensoleillé;1012.8;1011.2;0;0;0;0;44840.0;0.0;1.91;5.3;7.6;288;23.6;;;;;;;;
Cagnes-sur-Mer;43.6712;7.1502;08/06/2026;21:00;22.6;38;7.4;21.2;3;0.0;0.0;0.0;0.0;0.0;0;P1;Ensoleillé;1013.4;1011.8;1;0;0;1;43340.0;0.0;1.71;4.7;6.5;302;21.9;;;;;;;;
Cagnes-sur-Mer;43.6712;7.1502;08/06/2026;22:00;21.0;41;7.3;19.5;3;0.0;0.0;0.0;0.0;0.0;0;P1;Ensoleillé;1014.3;1012.7;1;0;0;2;41860.0;0.0;1.46;5.0;5.0;314;19.9;;;;;;;;
Cagnes-sur-Mer;43.6712;7.1502;08/06/2026;23:00;19.2;45;7.1;17.6;2;0.0;0.0;0.0;0.0;0.0;0;P1;Ensoleillé;1015.3;1013.6;3;0;0;3;40360.0;0.0;1.21;5.6;4.3;320;17.8;;;;;;;;
Cagnes-sur-Mer;43.6712;7.1502;09/06/2026;00:00;17.4;50;6.9;15.7;1;0.0;0.0;0.0;0.0;0.0;0;P1;Ensoleillé;1016.2;1014.5;4;0;0;4;38860.0;0.0;1.0;6.4;5.4;324;15.8;;;;;;;;
Cagnes-sur-Mer;43.6712;7.1502;09/06/2026;01:00;16.0;54;6.7;14.2;0;0.0;0.0;0.0;0.0;0.0;0;P1;Ensoleillé;1017.1;1015.4;4;0;0;4;37380.0;0.0;0.84;6.9;7.2;327;14.3;;;;;;;;
Cagnes-sur-Mer;43.6712;7.1502;09/06/2026;02:00;15.2;57;6.7;13.3;0;0.0;0.0;0.0;0.0;0.0;0;P1;Ensoleillé;1017.7;1016.0;5;0;0;5;35880.0;0.0;0.75;7.3;8.6;330;13.6;;;;;;;;
Cagnes-sur-Mer;43.6712;7.1502;09/06/2026;03:00;15.1;58;6.8;13.2;0;0.0;0.0;0.0;0.0;0.0;0;P1;Ensoleillé;1018.1;1016.4;5;0;0;5;35880.0;0.0;0.72;7.4;9.4;334;13.5;;;;;;;;
Cagnes-sur-Mer;43.6712;7.1502;09/06/2026;04:00;15.4;58;7.1;13.5;1;0.0;0.0;0.0;0.0;0.0;0;P1;Ensoleillé;1018.3;1016.6;5;0;0;5;35880.0;0.0;0.74;7.4;9.4;338;14.1;;;;;;;;
Cagnes-sur-Mer;43.6712;7.1502;09/06/2026;05:00;16.0;57;7.4;14.3;1;0.0;0.0;0.0;0.0;0.0;0;P1;Ensoleillé;1018.5;1016.8;5;0;0;5;35880.0;0.0;0.79;7.3;9.0;343;15.0;;;;;;;;
Cagnes-sur-Mer;43.6712;7.1502;09/06/2026;06:00;16.9;55;7.8;15.2;1;0.0;0.0;0.0;0.0;0.0;0;P1;Ensoleillé;1018.5;1016.8;5;0;0;5;35880.0;0.0;0.87;7.2;7.2;347;16.3;;;;;;;;
Cagnes-sur-Mer;43.6712;7.1502;09/06/2026;07:00;17.7;54;8.2;16.3;2;0.0;0.0;0.0;0.0;0.0;0;P1;Ensoleillé;1018.6;1016.9;4;0;0;4;35880.0;0.0;0.94;6.7;5.0;352;17.9;;;;;;;;
Cagnes-sur-Mer;43.6712;7.1502;09/06/2026;08:00;18.4;53;8.6;17.2;2;0.0;0.0;0.0;0.0;0.0;0;P1;Ensoleillé;1018.7;1017.0;4;0;0;4;35880.0;0.0;1.0;5.9;4.0;358;19.6;;;;;;;;
Cagnes-sur-Mer;43.6712;7.1502;09/06/2026;09:00;19.1;52;9.0;18.2;2;0.0;0.0;0.0;0.0;0.0;0;P1;Ensoleillé;1018.9;1017.2;3;0;0;2;33060.0;0.0;1.07;4.7;5.4;9;21.8;;;;;;;;
Cagnes-sur-Mer;43.6712;7.1502;09/06/2026;10:00;20.0;51;9.4;19.3;2;0.0;0.0;0.0;0.0;0.0;0;P1;Ensoleillé;1019.1;1017.4;0;0;0;0;30240.0;0.0;1.15;3.5;8.3;35;24.8;;;;;;;;
Cagnes-sur-Mer;43.6712;7.1502;09/06/2026;11:00;20.8;50;9.9;20.9;2;0.0;0.0;0.0;0.0;0.0;0;P1;Ensoleillé;1019.3;1017.6;0;0;0;0;27420.0;0.0;1.24;3.3;10.8;77;28.0;;;;;;;;
Cagnes-sur-Mer;43.6712;7.1502;09/06/2026;12:00;21.6;49;10.3;22.4;2;0.0;0.0;0.0;0.0;0.0;0;P1;Ensoleillé;1019.4;1017.7;0;0;0;0;24600.0;0.0;1.32;4.6;12.6;108;31.0;;;;;;;;
Cagnes-sur-Mer;43.6712;7.1502;09/06/2026;13:00;22.1;49;10.8;23.4;2;0.0;0.0;0.0;0.0;0.0;0;P1;Ensoleillé;1019.5;1017.9;0;0;1;0;21780.0;0.0;1.37;6.3;14.0;121;33.3;;;;;;;;
Cagnes-sur-Mer;43.6712;7.1502;09/06/2026;14:00;22.4;50;11.3;23.9;2;0.0;0.0;0.0;0.0;0.0;0;P1;Ensoleillé;1019.5;1017.9;1;0;1;0;18960.0;0.0;1.36;7.3;14.8;126;34.3;;;;;;;;
Cagnes-sur-Mer;43.6712;7.1502;09/06/2026;15:00;22.2;52;11.9;23.9;3;0.0;0.0;0.0;0.0;0.0;0;P1;Ensoleillé;1019.4;1017.8;13;1;2;12;16140.0;0.0;1.28;7.7;14.4;127;33.9;;;;;;;;
Cagnes-sur-Mer;43.6712;7.1502;09/06/2026;16:00;21.8;56;12.6;23.3;5;0.0;0.0;0.0;0.0;0.0;1;P2;Éclaircies;1019.1;1017.4;32;3;2;30;13300.0;0.0;1.15;7.6;13.3;128;32.2;;;;;;;;
Cagnes-sur-Mer;43.6712;7.1502;09/06/2026;17:00;21.1;61;13.3;22.3;6;0.0;0.0;0.0;0.0;0.0;2;P8;Éclaircies;1018.7;1017.0;53;6;3;51;10480.0;0.0;0.97;7.1;11.9;128;29.9;;;;;;;;
Cagnes-sur-Mer;43.6712;7.1502;09/06/2026;18:00;20.3;67;14.0;21.0;7;0.0;0.0;0.0;0.0;0.0;2;P8;Éclaircies;1018.4;1016.7;73;8;4;71;7640.0;0.0;0.79;6.3;9.7;127;27.2;;;;;;;;
Cagnes-sur-Mer;43.6712;7.1502;09/06/2026;19:00;19.6;72;14.5;20.2;8;0.0;0.0;0.0;0.0;0.0;3;P4;Nuageux;1018.1;1016.4;88;9;5;86;4820.0;0.0;0.63;5.4;7.6;124;24.7;;;;;;;;
Cagnes-sur-Mer;43.6712;7.1502;09/06/2026;20:00;19.0;77;14.8;19.9;8;0.0;0.0;0.0;0.0;0.0;3;P4;Nuageux;1017.9;1016.2;94;10;5;92;1980.0;0.0;0.51;4.7;5.8;122;22.7;;;;;;;;
Cagnes-sur-Mer;43.6712;7.1502;09/06/2026;21:00;18.5;79;14.8;19.5;7;0.0;0.0;0.0;0.0;0.0;3;P4;Nuageux;1017.8;1016.1;89;9;5;87;6700.0;0.0;0.44;3.8;5.4;121;21.1;;;;;;;;
Cagnes-sur-Mer;43.6712;7.1502;09/06/2026;22:00;17.9;82;14.7;19.1;6;0.0;0.0;0.0;0.0;0.0;2;P8;Éclaircies;1017.8;1016.1;75;8;4;73;11400.0;0.0;0.38;2.7;5.8;113;19.6;;;;;;;;
Cagnes-sur-Mer;43.6712;7.1502;09/06/2026;23:00;17.4;83;14.5;18.6;4;0.0;0.0;0.0;0.0;0.0;2;P8;Éclaircies;1017.9;1016.2;56;6;4;53;16120.0;0.0;0.34;1.7;6.5;103;18.1;;;;;;;;
Cagnes-sur-Mer;43.6712;7.1502;10/06/2026;00:00;17.0;83;14.1;18.2;3;0.0;0.0;0.0;0.0;0.0;1;P2;Éclaircies;1018.0;1016.3;35;3;3;33;20840.0;0.0;0.33;1.0;8.3;59;16.9;;;;;;;;
Cagnes-sur-Mer;43.6712;7.1502;10/06/2026;01:00;16.7;83;13.7;17.7;1;0.0;0.0;0.0;0.0;0.0;0;P1;Ensoleillé;1018.0;1016.3;17;1;3;15;25540.0;0.0;0.33;1.3;10.8;8;16.0;;;;;;;;
Cagnes-sur-Mer;43.6712;7.1502;10/06/2026;02:00;16.5;81;13.3;17.3;0;0.0;0.0;0.0;0.0;0.0;0;P1;Ensoleillé;1018.1;1016.4;5;0;2;3;30260.0;0.0;0.36;1.8;12.2;354;15.6;;;;;;;;
Cagnes-sur-Mer;43.6712;7.1502;10/06/2026;03:00;16.5;78;12.7;17.0;0;0.0;0.0;0.0;0.0;0.0;0;P1;Ensoleillé;1018.1;1016.4;0;0;1;0;31200.0;0.0;0.41;2.2;12.6;355;15.7;;;;;;;;
Cagnes-sur-Mer;43.6712;7.1502;10/06/2026;04:00;16.7;73;11.8;16.9;0;0.0;0.0;0.0;0.0;0.0;0;P1;Ensoleillé;1018.2;1016.5;0;0;1;0;32120.0;0.0;0.51;2.5;11.9;4;16.1;;;;;;;;
Cagnes-sur-Mer;43.6712;7.1502;10/06/2026;05:00;16.9;68;11.0;16.8;0;0.0;0.0;0.0;0.0;0.0;0;P1;Ensoleillé;1018.3;1016.6;0;0;0;0;33060.0;0.0;0.62;2.8;11.2;11;16.9;;;;;;;;
Cagnes-sur-Mer;43.6712;7.1502;10/06/2026;06:00;17.3;63;10.2;16.9;0;0.0;0.0;0.0;0.0;0.0;0;P1;Ensoleillé;1018.3;1016.6;0;0;0;0;34000.0;0.0;0.73;2.9;9.7;22;18.0;;;;;;;;
Cagnes-sur-Mer;43.6712;7.1502;10/06/2026;07:00;17.7;59;9.6;17.1;0;0.0;0.0;0.0;0.0;0.0;0;P1;Ensoleillé;1018.4;1016.7;0;0;0;0;34920.0;0.0;0.82;3.1;7.9;31;19.3;;;;;;;;
Cagnes-sur-Mer;43.6712;7.1502;10/06/2026;08:00;18.1;57;9.5;17.5;0;0.0;0.0;0.0;0.0;0.0;0;P1;Ensoleillé;1018.4;1016.7;0;0;0;0;35860.0;0.0;0.89;3.1;6.5;40;20.8;;;;;;;;
Cagnes-sur-Mer;43.6712;7.1502;10/06/2026;09:00;18.7;56;9.9;18.3;1;0.0;0.0;0.0;0.0;0.0;0;P1;Ensoleillé;1018.5;1016.8;2;0;2;0;32420.0;0.0;0.94;3.0;6.1;52;22.9;;;;;;;;
Cagnes-sur-Mer;43.6712;7.1502;10/06/2026;10:00;19.4;57;10.7;19.2;3;0.0;0.0;0.0;0.0;0.0;0;P1;Ensoleillé;1018.6;1016.9;4;0;4;0;28980.0;0.0;0.97;3.2;6.5;74;25.8;;;;;;;;
Cagnes-sur-Mer;43.6712;7.1502;10/06/2026;11:00;20.2;58;11.7;20.6;4;0.0;0.0;0.0;0.0;0.0;0;P1;Ensoleillé;1018.6;1016.9;7;1;8;1;25560.0;0.0;0.99;3.6;6.8;90;28.9;;;;;;;;
Cagnes-sur-Mer;43.6712;7.1502;10/06/2026;12:00;21.0;60;12.9;22.5;6;0.0;0.0;0.0;0.0;0.0;0;P1;Ensoleillé;1018.7;1017.0;11;1;11;2;22120.0;0.0;1.0;4.2;7.2;108;31.7;;;;;;;;
Cagnes-sur-Mer;43.6712;7.1502;10/06/2026;13:00;21.7;61;13.9;24.0;7;0.0;0.0;0.0;0.0;0.0;0;P1;Ensoleillé;1018.7;1017.0;14;1;13;3;18680.0;0.0;1.01;4.6;7.6;121;33.9;;;;;;;;
Cagnes-sur-Mer;43.6712;7.1502;10/06/2026;14:00;22.1;62;14.6;24.9;8;0.0;0.0;0.0;0.0;0.0;0;P1;Ensoleillé;1018.6;1017.0;17;1;14;5;15240.0;0.0;1.0;5.1;7.9;135;34.8;;;;;;;;
Cagnes-sur-Mer;43.6712;7.1502;10/06/2026;15:00;22.4;63;15.0;25.1;8;0.1;0.1;0.0;0.0;0.0;51;P10;Pluie faible;1018.4;1016.8;20;1;13;8;18220.0;0.0;1.0;5.6;7.9;153;34.4;;;;;;;;
Cagnes-sur-Mer;43.6712;7.1502;10/06/2026;16:00;22.5;64;15.4;24.7;7;0.1;0.1;0.0;0.0;0.0;51;P10;Pluie faible;1018.0;1016.4;22;1;12;13;21220.0;0.0;0.97;7.1;7.2;174;32.8;;;;;;;;
Cagnes-sur-Mer;43.6712;7.1502;10/06/2026;17:00;22.5;65;15.7;23.7;6;0.1;0.1;0.0;0.0;0.0;51;P10;Pluie faible;1017.7;1016.1;25;1;9;18;24200.0;0.0;0.94;9.3;6.8;189;30.6;;;;;;;;
Cagnes-sur-Mer;43.6712;7.1502;10/06/2026;18:00;22.4;66;15.8;22.7;5;0.1;0.1;0.0;0.0;0.0;51;P10;Pluie faible;1017.3;1015.7;27;0;6;22;27180.0;0.0;0.91;11.4;6.1;198;28.0;;;;;;;;
Cagnes-sur-Mer;43.6712;7.1502;10/06/2026;19:00;22.2;67;15.7;22.2;3;0.1;0.1;0.0;0.0;0.0;51;P10;Pluie faible;1016.9;1015.3;28;0;4;26;30180.0;0.0;0.89;13.0;5.0;204;25.5;;;;;;;;
Cagnes-sur-Mer;43.6712;7.1502;10/06/2026;20:00;21.8;67;15.4;21.6;2;0.1;0.1;0.0;0.0;0.0;51;P10;Pluie faible;1016.6;1015.0;29;0;2;28;33160.0;0.0;0.86;13.8;5.0;209;23.6;;;;;;;;
Cagnes-sur-Mer;43.6712;7.1502;10/06/2026;21:00;21.3;66;14.8;21.0;1;0.0;0.0;0.0;0.0;0.0;1;P2;Éclaircies;1016.4;1014.8;28;0;1;28;33620.0;0.0;0.85;13.0;6.8;214;21.9;;;;;;;;
Cagnes-sur-Mer;43.6712;7.1502;10/06/2026;22:00;20.5;66;13.8;20.0;1;0.0;0.0;0.0;0.0;0.0;1;P2;Éclaircies;1016.2;1014.5;27;0;1;27;34060.0;0.0;0.83;11.5;9.4;221;20.3;;;;;;;;
Cagnes-sur-Mer;43.6712;7.1502;10/06/2026;23:00;19.5;65;12.7;19.0;1;0.0;0.0;0.0;0.0;0.0;1;P2;Éclaircies;1016.1;1014.4;25;0;0;24;34520.0;0.0;0.8;9.4;11.5;232;18.7;;;;;;;;
Cagnes-sur-Mer;43.6712;7.1502;11/06/2026;00:00;18.7;63;11.5;18.0;1;0.0;0.0;0.0;0.0;0.0;1;P2;Éclaircies;1016.0;1014.3;22;0;0;22;34960.0;0.0;0.8;7.6;11.9;251;17.4;;;;;;;;
Cagnes-sur-Mer;43.6712;7.1502;11/06/2026;01:00;17.9;62;10.4;17.1;2;0.0;0.0;0.0;0.0;0.0;0;P1;Ensoleillé;1015.9;1014.2;19;0;0;19;35420.0;0.0;0.79;6.7;11.9;272;16.4;;;;;;;;
Cagnes-sur-Mer;43.6712;7.1502;11/06/2026;02:00;17.5;60;9.7;16.4;2;0.0;0.0;0.0;0.0;0.0;0;P1;Ensoleillé;1015.9;1014.2;17;0;0;16;35860.0;0.0;0.79;6.6;11.5;291;15.9;;;;;;;;
Cagnes-sur-Mer;43.6712;7.1502;11/06/2026;03:00;17.3;59;9.1;16.1;3;0.0;0.0;0.0;0.0;0.0;0;P1;Ensoleillé;1016.0;1014.3;14;0;0;12;36520.0;0.0;0.82;6.6;11.9;307;15.8;;;;;;;;
Cagnes-sur-Mer;43.6712;7.1502;11/06/2026;04:00;17.4;56;8.7;16.1;3;0.0;0.0;0.0;0.0;0.0;0;P1;Ensoleillé;1016.1;1014.4;9;1;0;7;37180.0;0.0;0.87;6.8;12.2;323;16.2;;;;;;;;
Cagnes-sur-Mer;43.6712;7.1502;11/06/2026;05:00;17.7;54;8.3;16.2;4;0.0;0.0;0.0;0.0;0.0;0;P1;Ensoleillé;1016.3;1014.6;4;1;0;2;37840.0;0.0;0.93;7.0;11.9;337;16.9;;;;;;;;
Cagnes-sur-Mer;43.6712;7.1502;11/06/2026;06:00;18.0;52;8.1;16.4;5;0.0;0.0;0.0;0.0;0.0;0;P1;Ensoleillé;1016.5;1014.8;1;2;0;0;38480.0;0.0;0.98;7.5;10.1;349;17.9;;;;;;;;
Cagnes-sur-Mer;43.6712;7.1502;11/06/2026;07:00;18.4;51;8.2;16.8;5;0.0;0.0;0.0;0.0;0.0;0;P1;Ensoleillé;1016.8;1015.1;0;3;0;0;39140.0;0.0;1.03;7.6;7.9;359;19.2;;;;;;;;
Cagnes-sur-Mer;43.6712;7.1502;11/06/2026;08:00;18.8;51;8.5;17.4;6;0.0;0.0;0.0;0.0;0.0;0;P1;Ensoleillé;1017.0;1015.3;3;3;0;0;39800.0;0.0;1.06;7.2;6.1;6;20.7;;;;;;;;
Cagnes-sur-Mer;43.6712;7.1502;11/06/2026;09:00;19.3;52;9.3;18.3;7;0.0;0.0;0.0;0.0;0.0;0;P1;Ensoleillé;1017.3;1015.6;12;3;1;9;36360.0;0.0;1.07;5.9;5.8;12;22.8;;;;;;;;
Cagnes-sur-Mer;43.6712;7.1502;11/06/2026;10:00;20.0;55;10.6;19.6;7;0.0;0.0;0.0;0.0;0.0;1;P2;Éclaircies;1017.6;1015.9;26;4;3;24;32920.0;0.0;1.06;3.5;6.1;28;25.5;;;;;;;;
Cagnes-sur-Mer;43.6712;7.1502;11/06/2026;11:00;20.7;58;12.1;21.5;8;0.0;0.0;0.0;0.0;0.0;1;P2;Éclaircies;1018.0;1016.3;43;4;5;41;29500.0;0.0;1.03;1.8;6.8;90;28.6;;;;;;;;
Cagnes-sur-Mer;43.6712;7.1502;11/06/2026;12:00;21.3;61;13.6;23.2;9;0.0;0.0;0.0;0.0;0.0;2;P8;Éclaircies;1018.4;1016.7;60;4;7;58;26060.0;0.0;0.98;3.6;7.6;147;31.4;;;;;;;;
Cagnes-sur-Mer;43.6712;7.1502;11/06/2026;13:00;21.9;64;14.7;24.4;9;0.0;0.0;0.0;0.0;0.0;2;P8;Éclaircies;1018.6;1017.0;73;4;8;71;22620.0;0.0;0.96;5.9;8.3;160;33.6;;;;;;;;
Cagnes-sur-Mer;43.6712;7.1502;11/06/2026;14:00;22.4;65;15.4;25.1;10;0.0;0.0;0.0;0.0;0.0;3;P4;Nuageux;1018.8;1017.2;80;4;9;78;19180.0;0.0;0.96;7.3;8.6;164;34.8;;;;;;;;
Cagnes-sur-Mer;43.6712;7.1502;11/06/2026;15:00;22.7;63;15.4;25.3;12;0.0;0.0;0.0;0.0;0.0;3;P4;Nuageux;1018.8;1017.2;80;4;9;78;22620.0;0.0;1.01;7.4;8.3;166;34.6;;;;;;;;
Cagnes-sur-Mer;43.6712;7.1502;11/06/2026;16:00;22.9;60;14.8;25.0;13;0.0;0.0;0.0;0.0;0.0;2;P8;Éclaircies;1018.7;1017.1;74;3;9;72;26060.0;0.0;1.11;6.9;7.9;166;33.6;;;;;;;;
Cagnes-sur-Mer;43.6712;7.1502;11/06/2026;17:00;23.1;57;14.1;24.4;15;0.0;0.0;0.0;0.0;0.0;2;P8;Éclaircies;1018.4;1016.8;66;3;8;63;29500.0;0.0;1.22;5.7;7.2;167;31.8;;;;;;;;
Cagnes-sur-Mer;43.6712;7.1502;11/06/2026;18:00;23.2;53;13.2;23.6;17;0.0;0.0;0.0;0.0;0.0;2;P8;Éclaircies;1018.2;1016.6;55;2;7;52;32920.0;0.0;1.32;4.2;6.5;170;29.8;;;;;;;;
Cagnes-sur-Mer;43.6712;7.1502;11/06/2026;19:00;23.1;51;12.4;23.4;18;0.0;0.0;0.0;0.0;0.0;1;P2;Éclaircies;1018.1;1016.5;46;1;6;42;36360.0;0.0;1.38;2.6;5.8;168;27.8;;;;;;;;
Cagnes-sur-Mer;43.6712;7.1502;11/06/2026;20:00;22.9;50;12.0;23.3;18;0.0;0.0;0.0;0.0;0.0;1;P2;Éclaircies;1018.1;1016.5;38;1;5;34;39800.0;0.0;1.38;1.3;5.4;164;26.1;;;;;;;;
Cagnes-sur-Mer;43.6712;7.1502;11/06/2026;21:00;22.4;52;12.0;23.0;16;0.0;0.0;0.0;0.0;0.0;1;P2;Éclaircies;1018.3;1016.7;31;1;5;27;38680.0;0.0;1.31;0.4;5.4;90;24.6;;;;;;;;
Cagnes-sur-Mer;43.6712;7.1502;11/06/2026;22:00;21.7;55;12.3;22.1;14;0.0;0.0;0.0;0.0;0.0;1;P2;Éclaircies;1018.6;1016.9;23;0;5;19;37580.0;0.0;1.16;1.5;6.1;21;22.9;;;;;;;;
Cagnes-sur-Mer;43.6712;7.1502;11/06/2026;23:00;20.8;60;12.7;21.2;11;0.0;0.0;0.0;0.0;0.0;0;P1;Ensoleillé;1019.0;1017.3;15;0;5;11;36480.0;0.0;0.99;3.2;6.8;16;21.2;;;;;;;;
Cagnes-sur-Mer;43.6712;7.1502;12/06/2026;00:00;20.0;64;13.0;20.2;7;0.0;0.0;0.0;0.0;0.0;0;P1;Ensoleillé;1019.5;1017.8;9;0;4;5;35360.0;0.0;0.83;4.6;7.9;13;19.7;;;;;;;;
Cagnes-sur-Mer;43.6712;7.1502;12/06/2026;01:00;19.3;68;13.3;19.4;4;0.0;0.0;0.0;0.0;0.0;0;P1;Ensoleillé;1019.8;1018.1;7;0;4;3;34260.0;0.0;0.71;5.9;9.4;14;18.6;;;;;;;;
Cagnes-sur-Mer;43.6712;7.1502;12/06/2026;02:00;18.9;70;13.3;19.0;2;0.0;0.0;0.0;0.0;0.0;0;P1;Ensoleillé;1020.1;1018.4;9;0;4;5;33140.0;0.0;0.66;6.8;10.1;12;18.0;;;;;;;;
Cagnes-sur-Mer;43.6712;7.1502;12/06/2026;03:00;18.9;68;12.9;18.7;1;0.0;0.0;0.0;0.0;0.0;0;P1;Ensoleillé;1020.2;1018.5;18;0;3;15;34260.0;0.0;0.7;7.5;10.4;10;17.9;;;;;;;;
Cagnes-sur-Mer;43.6712;7.1502;12/06/2026;04:00;19.1;65;12.3;18.7;2;0.0;0.0;0.0;0.0;0.0;1;P2;Éclaircies;1020.3;1018.6;34;0;3;32;35360.0;0.0;0.79;7.8;10.4;7;18.3;;;;;;;;
Cagnes-sur-Mer;43.6712;7.1502;12/06/2026;05:00;19.5;60;11.5;18.8;;0.0;0.0;0.0;0.0;0.0;2;P8;Éclaircies;1020.3;1018.6;54;0;2;52;36480.0;0.0;0.9;8.1;9.7;3;19.1;;;;;;;;
Cagnes-sur-Mer;43.6712;7.1502;12/06/2026;06:00;20.0;55;10.7;19.0;;0.0;0.0;0.0;0.0;0.0;2;P8;Éclaircies;1020.3;1018.6;73;0;1;72;37580.0;0.0;1.05;8.1;7.9;360;20.1;;;;;;;;
Cagnes-sur-Mer;43.6712;7.1502;12/06/2026;07:00;20.5;51;10.1;19.4;;0.0;0.0;0.0;0.0;0.0;3;P4;Nuageux;1020.3;1018.6;89;0;0;88;38700.0;0.0;1.17;7.7;5.8;359;21.5;;;;;;;;
Cagnes-sur-Mer;43.6712;7.1502;12/06/2026;08:00;21.0;49;9.7;19.9;;0.0;0.0;0.0;0.0;0.0;3;P4;Nuageux;1020.3;1018.6;98;0;0;98;39800.0;0.0;1.28;6.8;4.0;360;23.1;;;;;;;;
Cagnes-sur-Mer;43.6712;7.1502;12/06/2026;09:00;21.5;47;9.7;20.7;;0.0;0.0;0.0;0.0;0.0;3;P4;Nuageux;1020.4;1018.7;100;0;0;100;40640.0;0.0;1.37;5.2;3.6;6;25.2;;;;;;;;
Cagnes-sur-Mer;43.6712;7.1502;12/06/2026;10:00;22.2;45;9.8;21.6;;0.0;0.0;0.0;0.0;0.0;3;P4;Nuageux;1020.4;1018.7;96;0;0;96;41480.0;0.0;1.46;3.3;3.6;29;27.9;;;;;;;;
Cagnes-sur-Mer;43.6712;7.1502;12/06/2026;11:00;22.9;44;10.1;23.0;;0.0;0.0;0.0;0.0;0.0;3;P4;Nuageux;1020.5;1018.9;89;0;0;89;42320.0;0.0;1.55;2.7;4.3;82;31.0;;;;;;;;
Cagnes-sur-Mer;43.6712;7.1502;12/06/2026;12:00;24.6;44;11.4;25.4;;0.0;0.0;0.0;0.0;0.0;3;P4;Nuageux;1020.3;1018.7;85;0;1;85;38390.0;0.0;1.75;6.2;5.8;131;33.9;;;;;;;;
Cagnes-sur-Mer;43.6712;7.1502;12/06/2026;13:00;26.2;43;12.6;27.2;;0.0;0.0;0.0;0.0;0.0;2;P8;Éclaircies;1020.1;1018.5;86;0;2;86;34060.0;0.0;1.95;9.7;7.6;150;36.5;;;;;;;;
Cagnes-sur-Mer;43.6712;7.1502;12/06/2026;14:00;27.5;42;13.5;28.5;;0.0;0.0;0.0;0.0;0.0;2;P8;Éclaircies;1019.6;1018.0;92;0;6;92;29310.0;0.0;2.14;12.3;9.0;162;38.2;;;;;;;;
Cagnes-sur-Mer;43.6712;7.1502;12/06/2026;15:00;28.5;42;14.3;29.6;;0.0;0.0;0.0;0.0;0.0;3;P4;Nuageux;1019.0;1017.4;92;0;24;83;24140.0;0.0;2.25;13.1;9.7;171;;;;;;;;;
Cagnes-sur-Mer;43.6712;7.1502;12/06/2026;16:00;28.2;42;14.1;29.3;;0.0;0.0;0.0;0.0;0.0;3;P4;Nuageux;1018.6;1017.0;81;0;45;60;24140.0;0.0;2.22;12.1;9.7;170;;;;;;;;;
Cagnes-sur-Mer;43.6712;7.1502;12/06/2026;17:00;27.7;44;14.4;28.6;;0.0;0.0;0.0;0.0;0.0;2;P8;Éclaircies;1018.2;1016.6;75;0;55;48;24140.0;0.0;2.08;10.7;9.4;166;;;;;;;;;
Cagnes-sur-Mer;43.6712;7.1502;12/06/2026;18:00;26.8;49;15.2;27.3;;0.0;0.0;0.0;0.0;0.0;3;P4;Nuageux;1017.9;1016.3;82;0;44;61;24140.0;0.0;1.8;9.3;8.3;152;;;;;;;;;
Cagnes-sur-Mer;43.6712;7.1502;12/06/2026;19:00;25.7;55;16.0;26.6;;0.0;0.0;0.0;0.0;0.0;3;P4;Nuageux;1017.7;1016.1;94;0;22;85;24140.0;0.0;1.49;8.4;6.8;130;;;;;;;;;
Cagnes-sur-Mer;43.6712;7.1502;12/06/2026;20:00;24.7;60;16.4;25.7;;0.0;0.0;0.0;0.0;0.0;3;P4;Nuageux;1017.6;1016.0;100;0;5;100;24140.0;0.0;1.25;8.4;5.8;110;;;;;;;;;
Cagnes-sur-Mer;43.6712;7.1502;12/06/2026;21:00;24.0;64;16.8;25.3;;0.0;0.0;0.0;0.0;0.0;3;P4;Nuageux;1017.7;1016.1;95;0;1;97;24140.0;0.0;1.08;7.6;5.0;93;;;;;;;;;
Cagnes-sur-Mer;43.6712;7.1502;12/06/2026;22:00;23.5;66;16.8;24.9;;0.0;0.0;0.0;0.0;0.0;3;P4;Nuageux;1017.8;1016.2;83;0;2;84;24140.0;0.0;0.98;6.6;4.7;68;;;;;;;;;
Cagnes-sur-Mer;43.6712;7.1502;12/06/2026;23:00;23.0;68;16.8;24.5;;0.0;0.0;0.0;0.0;0.0;2;P8;Éclaircies;1017.8;1016.2;68;0;3;68;24140.0;0.0;0.9;6.6;4.3;49;;;;;;;;;
Grasse;43.656;6.937;28/05/2026;00:00;22.9;58;14.2;23.5;0;0.0;0.0;0.0;0.0;0.0;1;P2;Éclaircies;1016.5;994.8;19;0;0;19;40760.0;0.03;1.17;5.4;9.4;8;20.6;23.0;23.9;19.5;0.127;0.14;0.17;0.213;0.272
Grasse;43.656;6.937;28/05/2026;01:00;22.4;57;13.5;22.6;0;0.0;0.0;0.0;0.0;0.0;0;P1;Ensoleillé;1017.0;995.3;0;0;0;0;40860.0;0.03;1.16;6.1;9.7;360;20.2;22.4;23.6;19.5;0.128;0.14;0.17;0.213;0.272
Grasse;43.656;6.937;28/05/2026;02:00;21.8;62;14.2;22.4;0;0.0;0.0;0.0;0.0;0.0;0;P1;Ensoleillé;1017.1;995.4;1;0;0;1;40320.0;0.03;1.0;5.4;6.1;4;19.7;21.9;23.4;19.5;0.13;0.141;0.17;0.213;0.272
Grasse;43.656;6.937;28/05/2026;03:00;21.3;62;13.8;21.8;0;0.0;0.0;0.0;0.0;0.0;0;P1;Ensoleillé;1016.7;994.9;0;0;0;0;39500.0;0.02;0.97;5.1;8.6;356;19.2;21.5;23.1;19.5;0.131;0.142;0.17;0.213;0.272
Grasse;43.656;6.937;28/05/2026;04:00;21.0;64;14.0;21.6;0;0.0;0.0;0.0;0.0;0.0;1;P2;Éclaircies;1016.6;994.8;0;0;0;0;38700.0;0.02;0.9;5.2;8.6;344;18.9;21.1;22.8;19.5;0.132;0.142;0.17;0.213;0.272
Grasse;43.656;6.937;28/05/2026;05:00;20.9;63;13.6;21.4;0;0.0;0.0;0.0;0.0;0.0;1;P2;Éclaircies;1016.1;994.3;5;0;5;0;38800.0;0.02;0.92;4.7;8.6;356;18.6;20.8;22.6;19.6;0.143;0.15;0.174;0.223;0.282
Grasse;43.656;6.937;28/05/2026;06:00;20.7;64;13.6;21.2;0;0.0;0.0;0.0;0.0;0.0;1;P2;Éclaircies;1016.8;995.0;38;0;38;0;38140.0;0.02;0.88;4.7;7.9;356;18.5;20.5;22.3;19.6;0.144;0.151;0.174;0.223;0.282
Grasse;43.656;6.937;28/05/2026;07:00;20.5;71;15.1;21.6;0;0.0;0.0;0.0;0.0;0.0;1;P2;Éclaircies;1017.4;995.6;38;0;38;0;37500.0;0.03;0.7;4.3;7.9;5;19.7;20.3;22.0;19.6;0.145;0.151;0.174;0.223;0.281
Grasse;43.656;6.937;28/05/2026;08:00;22.1;80;18.5;24.8;0;0.0;0.0;0.0;0.0;0.0;1;P2;Éclaircies;1017.5;995.8;47;0;47;0;33140.0;0.05;0.53;3.3;6.8;84;23.7;21.0;21.9;19.6;0.145;0.152;0.174;0.223;0.281
Grasse;43.656;6.937;28/05/2026;09:00;22.7;80;19.1;25.4;0;0.0;0.0;0.0;0.0;0.0;2;P8;Éclaircies;1017.8;996.1;49;0;49;0;29720.0;0.13;0.55;5.1;10.1;94;25.7;22.2;21.8;19.6;0.144;0.152;0.174;0.223;0.281
Grasse;43.656;6.937;28/05/2026;10:00;23.6;80;19.9;26.4;0;0.0;0.0;0.0;0.0;0.0;2;P8;Éclaircies;1018.4;996.8;36;0;36;0;28620.0;0.21;0.58;7.2;14.0;96;27.8;23.4;21.8;19.6;0.142;0.152;0.174;0.222;0.281
Grasse;43.656;6.937;28/05/2026;11:00;24.7;74;19.7;27.3;0;0.0;0.0;0.0;0.0;0.0;1;P2;Éclaircies;1018.2;996.6;34;0;34;0;33560.0;0.31;0.81;10.6;19.4;100;29.6;24.6;21.9;19.6;0.139;0.151;0.173;0.222;0.281
Grasse;43.656;6.937;28/05/2026;12:00;25.3;72;19.9;28.7;0;0.0;0.0;0.0;0.0;0.0;1;P2;Éclaircies;1018.7;997.2;7;0;7;0;34080.0;0.37;0.9;11.4;22.0;101;31.4;25.7;22.1;19.6;0.136;0.15;0.173;0.221;0.28
Grasse;43.656;6.937;28/05/2026;13:00;26.1;66;19.3;29.6;0;0.0;0.0;0.0;0.0;0.0;0;P1;Ensoleillé;1018.6;997.1;0;0;0;0;36920.0;0.41;1.15;12.1;23.4;102;32.5;26.7;22.4;19.6;0.133;0.149;0.172;0.221;0.28
Grasse;43.656;6.937;28/05/2026;14:00;26.7;63;19.1;30.0;0;0.0;0.0;0.0;0.0;0.0;0;P1;Ensoleillé;1018.4;997.0;0;0;0;0;38400.0;0.42;1.29;13.2;23.4;112;32.7;27.3;22.6;19.6;0.129;0.147;0.172;0.22;0.28
Grasse;43.656;6.937;28/05/2026;15:00;27.3;58;18.3;30.4;0;0.0;0.0;0.0;0.0;0.0;0;P1;Ensoleillé;1018.1;996.7;0;0;0;0;39860.0;0.41;1.52;11.6;24.8;106;33.0;27.9;22.9;19.6;0.126;0.146;0.171;0.219;0.28
Grasse;43.656;6.937;28/05/2026;16:00;27.5;56;17.9;30.2;0;0.0;0.0;0.0;0.0;0.0;2;P8;Éclaircies;1017.4;996.1;100;0;0;100;40220.0;0.38;1.61;10.3;22.3;115;32.5;28.3;23.3;19.7;0.123;0.144;0.17;0.219;0.279
Grasse;43.656;6.937;28/05/2026;17:00;26.6;58;17.7;28.0;3;0.0;0.0;0.0;0.0;0.0;3;P4;Nuageux;1017.0;995.6;100;0;0;100;40320.0;0.24;1.47;9.9;19.8;109;27.6;27.1;23.5;19.7;0.125;0.144;0.17;0.218;0.279
Grasse;43.656;6.937;28/05/2026;18:00;26.1;60;17.8;27.9;3;0.0;0.0;0.0;0.0;0.0;3;P4;Nuageux;1017.5;996.1;100;0;0;100;40000.0;0.16;1.36;7.0;18.0;111;27.3;26.5;23.7;19.7;0.125;0.143;0.17;0.218;0.279
Grasse;43.656;6.937;28/05/2026;19:00;25.5;62;17.7;27.7;0;0.0;0.0;0.0;0.0;0.0;3;P4;Nuageux;1017.2;995.7;100;0;0;100;39700.0;0.1;1.24;4.5;13.0;104;25.8;25.8;23.7;19.7;0.126;0.143;0.17;0.218;0.279
Grasse;43.656;6.937;28/05/2026;20:00;24.4;70;18.6;27.1;3;0.0;0.0;0.0;0.0;0.0;3;P4;Nuageux;1017.6;996.0;100;0;0;100;37760.0;0.07;0.92;3.3;8.3;84;23.5;25.1;23.8;19.7;0.127;0.143;0.17;0.218;0.279
Grasse;43.656;6.937;28/05/2026;21:00;23.0;77;18.8;25.9;0;0.0;0.0;0.0;0.0;0.0;3;P4;Nuageux;1017.6;995.9;100;0;0;100;35380.0;0.02;0.65;2.9;5.8;30;21.3;24.1;23.7;19.8;0.13;0.143;0.17;0.218;0.279
Grasse;43.656;6.937;28/05/2026;22:00;22.0;81;18.6;24.3;0;0.0;0.0;0.0;0.0;0.0;3;P4;Nuageux;1017.9;996.1;100;0;0;100;32020.0;0.01;0.5;5.9;10.1;346;20.9;23.1;23.5;19.8;0.132;0.143;0.17;0.218;0.279
Grasse;43.656;6.937;28/05/2026;23:00;21.4;79;17.6;23.2;0;0.0;0.0;0.0;0.0;0.0;0;P1;Ensoleillé;1018.0;996.2;0;0;0;0;33500.0;0.01;0.53;6.1;10.8;332;20.2;22.5;23.4;19.8;0.134;0.143;0.17;0.218;0.279
Grasse;43.656;6.937;29/05/2026;00:00;21.5;71;16.0;22.7;3;0.0;0.0;0.0;0.0;0.0;0;P1;Ensoleillé;1018.7;996.9;0;0;0;0;37780.0;0.02;0.74;5.8;10.4;353;19.8;21.9;23.1;19.8;0.135;0.144;0.17;0.218;0.279
Grasse;43.656;6.937;29/05/2026;01:00;20.8;74;16.0;22.3;3;0.0;0.0;0.0;0.0;0.0;0;P1;Ensoleillé;1019.1;997.2;0;0;0;0;37140.0;0.02;0.64;4.1;9.4;15;19.2;21.5;22.9;19.8;0.136;0.145;0.17;0.218;0.279
Grasse;43.656;6.937;29/05/2026;02:00;20.4;75;15.9;21.4;3;0.0;0.0;0.0;0.0;0.0;0;P1;Ensoleillé;1018.9;997.0;0;0;0;0;35800.0;0.02;0.6;7.3;12.2;351;19.3;21.1;22.7;19.8;0.138;0.145;0.17;0.218;0.278
Grasse;43.656;6.937;29/05/2026;03:00;20.4;76;16.1;21.6;0;0.0;0.0;0.0;0.0;0.0;0;P1;Ensoleillé;1018.9;997.0;0;0;0;0;35780.0;0.02;0.58;6.2;12.6;7;19.0;20.9;22.4;19.9;0.138;0.146;0.17;0.218;0.278
Grasse;43.656;6.937;29/05/2026;04:00;20.2;77;16.1;21.3;0;0.0;0.0;0.0;0.0;0.0;0;P1;Ensoleillé;1018.3;996.4;0;0;0;0;34700.0;0.01;0.55;7.2;12.2;333;19.0;20.6;22.2;19.9;0.139;0.146;0.17;0.218;0.278
Grasse;43.656;6.937;29/05/2026;05:00;20.5;77;16.3;21.7;0;0.0;0.0;0.0;0.0;0.0;0;P1;Ensoleillé;1018.1;996.2;0;0;0;0;34780.0;0.01;0.55;6.9;12.2;332;19.0;20.5;22.0;19.9;0.14;0.147;0.171;0.218;0.278
Grasse;43.656;6.937;29/05/2026;06:00;20.7;75;16.1;21.8;3;0.0;0.0;0.0;0.0;0.0;1;P2;Éclaircies;1018.8;996.9;7;0;7;0;36200.0;0.01;0.61;7.3;12.2;340;19.1;20.3;21.8;19.9;0.141;0.148;0.171;0.218;0.278
Grasse;43.656;6.937;29/05/2026;07:00;19.9;89;18.1;21.4;8;0.0;0.0;0.0;0.0;0.0;2;P8;Éclaircies;1021.2;999.2;53;53;0;0;22840.0;0.02;0.26;10.5;17.3;59;20.2;20.3;21.6;19.9;0.142;0.148;0.171;0.218;0.278
Grasse;43.656;6.937;29/05/2026;08:00;22.0;82;18.8;24.9;5;0.0;0.0;0.0;0.0;0.0;0;P1;Ensoleillé;1020.2;998.4;0;0;0;0;31160.0;0.06;0.48;2.6;18.4;124;23.9;20.9;21.4;19.9;0.142;0.149;0.171;0.218;0.278
Grasse;43.656;6.937;29/05/2026;09:00;22.5;78;18.5;25.5;0;0.0;0.0;0.0;0.0;0.0;0;P1;Ensoleillé;1020.8;999.0;0;0;0;0;31140.0;0.15;0.6;1.3;5.0;214;25.6;22.1;21.4;19.9;0.141;0.149;0.171;0.218;0.278
Grasse;43.656;6.937;29/05/2026;10:00;23.7;80;20.0;26.3;5;0.0;0.0;0.0;0.0;0.0;1;P2;Éclaircies;1021.4;999.7;7;0;7;0;28520.0;0.24;0.59;8.5;15.8;144;28.3;23.3;21.4;19.9;0.139;0.149;0.17;0.217;0.278
Grasse;43.656;6.937;29/05/2026;11:00;24.8;74;19.8;28.1;15;0.0;0.0;0.0;0.0;0.0;1;P2;Éclaircies;1021.4;999.8;15;0;15;0;32960.0;0.32;0.81;8.0;16.9;172;30.4;24.6;21.6;19.9;0.136;0.148;0.17;0.217;0.277
Grasse;43.656;6.937;29/05/2026;12:00;24.8;72;19.4;28.2;30;0.0;0.0;0.0;0.0;0.0;1;P2;Éclaircies;1021.9;1000.3;42;42;0;0;33060.0;0.38;0.88;10.8;20.5;143;31.3;25.8;21.9;19.9;0.133;0.147;0.169;0.216;0.277
Grasse;43.656;6.937;29/05/2026;13:00;25.1;70;19.2;28.9;33;0.0;0.0;0.0;0.0;0.0;1;P2;Éclaircies;1022.2;1000.6;12;12;0;0;34220.0;0.39;0.96;9.5;19.1;127;32.5;26.7;22.2;19.9;0.129;0.146;0.169;0.216;0.277
Grasse;43.656;6.937;29/05/2026;14:00;25.7;66;18.9;29.9;33;0.0;0.0;0.0;0.0;0.0;3;P4;Nuageux;1021.8;1000.2;100;12;0;100;36640.0;0.41;1.13;7.6;18.4;155;32.4;27.5;22.5;19.9;0.126;0.144;0.168;0.215;0.277
Grasse;43.656;6.937;29/05/2026;15:00;25.6;64;18.3;27.7;23;0.0;0.0;0.0;0.0;0.0;3;P4;Nuageux;1021.6;1000.0;100;36;0;100;38380.0;0.3;1.18;6.8;15.5;183;29.0;27.3;22.8;19.9;0.125;0.143;0.167;0.214;0.276
Grasse;43.656;6.937;29/05/2026;16:00;26.1;62;18.3;28.2;23;0.0;0.0;0.0;0.0;0.0;3;P4;Nuageux;1021.4;999.9;100;0;0;100;39160.0;0.23;1.29;6.8;14.0;198;30.0;26.8;23.1;19.9;0.124;0.142;0.167;0.214;0.276
Grasse;43.656;6.937;29/05/2026;17:00;26.4;58;17.5;27.6;38;0.0;0.0;0.0;0.0;0.0;3;P4;Nuageux;1020.9;999.4;100;0;0;100;40260.0;0.25;1.44;10.1;13.3;182;28.3;26.8;23.3;19.9;0.123;0.141;0.167;0.214;0.276
Grasse;43.656;6.937;29/05/2026;18:00;26.3;57;17.1;28.3;10;0.0;0.0;0.0;0.0;0.0;3;P4;Nuageux;1020.9;999.4;100;0;0;100;40580.0;0.2;1.47;4.2;14.0;200;28.4;26.5;23.5;19.9;0.123;0.14;0.166;0.213;0.276
Grasse;43.656;6.937;29/05/2026;19:00;25.8;58;17.0;27.2;5;0.0;0.0;0.0;0.0;0.0;3;P4;Nuageux;1020.9;999.4;100;0;0;100;40360.0;0.15;1.4;7.2;13.3;186;26.6;26.3;23.6;19.9;0.122;0.14;0.166;0.213;0.276
Grasse;43.656;6.937;29/05/2026;20:00;24.7;64;17.4;26.8;0;0.0;0.0;0.0;0.0;0.0;3;P4;Nuageux;1021.0;999.4;100;0;0;100;39440.0;0.09;1.12;3.9;13.7;202;24.1;25.5;23.7;20.0;0.123;0.139;0.166;0.213;0.276
Grasse;43.656;6.937;29/05/2026;21:00;23.2;73;18.1;25.7;0;0.0;0.0;0.0;0.0;0.0;1;P2;Éclaircies;1021.3;999.6;35;0;0;35;37400.0;0.03;0.77;3.6;6.1;307;21.1;24.4;23.6;20.0;0.126;0.139;0.166;0.213;0.275
Grasse;43.656;6.937;29/05/2026;22:00;21.8;78;17.8;23.6;0;0.0;0.0;0.0;0.0;0.0;1;P2;Éclaircies;1021.6;999.8;5;0;0;5;34420.0;0.01;0.57;7.0;10.1;339;20.6;23.2;23.5;20.0;0.128;0.14;0.166;0.213;0.275
Grasse;43.656;6.937;29/05/2026;23:00;21.3;78;17.3;22.8;0;0.0;0.0;0.0;0.0;0.0;0;P1;Ensoleillé;1021.9;1000.0;1;0;0;1;34080.0;0.02;0.56;8.3;9.4;342;20.3;22.5;23.4;20.0;0.129;0.14;0.166;0.213;0.275
Grasse;43.656;6.937;30/05/2026;00:00;21.3;77;17.1;22.4;0;0.0;0.0;0.0;0.0;0.0;0;P1;Ensoleillé;1021.7;999.8;0;0;0;0;34900.0;0.02;0.58;9.4;11.2;342;20.2;22.0;23.1;20.0;0.131;0.14;0.166;0.213;0.275
Grasse;43.656;6.937;30/05/2026;01:00;21.4;75;16.8;22.6;0;0.0;0.0;0.0;0.0;0.0;0;P1;Ensoleillé;1021.5;999.6;0;0;0;0;36040.0;0.02;0.64;8.8;11.9;341;20.1;21.7;22.9;20.0;0.132;0.141;0.166;0.213;0.275
Grasse;43.656;6.937;30/05/2026;02:00;21.4;73;16.4;22.3;0;0.0;0.0;0.0;0.0;0.0;0;P1;Ensoleillé;1021.1;999.2;0;0;0;0;36760.0;0.02;0.69;8.6;11.9;338;19.8;21.4;22.7;20.1;0.133;0.141;0.166;0.213;0.275
Grasse;43.656;6.937;30/05/2026;03:00;21.2;73;16.2;22.0;0;0.0;0.0;0.0;0.0;0.0;0;P1;Ensoleillé;1020.8;998.9;0;0;0;0;36940.0;0.02;0.68;9.2;12.2;339;19.6;21.2;22.5;20.1;0.134;0.142;0.166;0.213;0.275
Grasse;43.656;6.937;30/05/2026;04:00;21.0;73;16.0;21.8;0;0.0;0.0;0.0;0.0;0.0;0;P1;Ensoleillé;1020.5;998.6;0;0;0;0;36980.0;0.02;0.67;9.2;13.0;339;19.4;21.0;22.3;20.1;0.134;0.142;0.166;0.213;0.275
Grasse;43.656;6.937;30/05/2026;05:00;20.6;74;15.8;21.3;0;0.0;0.0;0.0;0.0;0.0;0;P1;Ensoleillé;1020.4;998.5;0;0;0;0;36460.0;0.02;0.63;9.0;14.8;337;19.1;20.7;22.1;20.1;0.135;0.143;0.167;0.213;0.275
Grasse;43.656;6.937;30/05/2026;06:00;20.1;76;15.8;20.8;0;0.0;0.0;0.0;0.0;0.0;0;P1;Ensoleillé;1020.6;998.7;0;0;0;0;35400.0;0.02;0.57;9.0;15.5;337;18.7;20.5;21.9;20.1;0.136;0.143;0.167;0.213;0.275
Grasse;43.656;6.937;30/05/2026;07:00;20.7;77;16.6;21.8;0;0.0;0.0;0.0;0.0;0.0;0;P1;Ensoleillé;1020.8;998.9;0;0;0;0;34920.0;0.03;0.56;8.2;15.5;337;20.1;20.4;21.7;20.1;0.137;0.144;0.167;0.213;0.275
Grasse;43.656;6.937;30/05/2026;08:00;22.8;79;19.0;25.5;0;0.0;0.0;0.0;0.0;0.0;0;P1;Ensoleillé;1020.9;999.1;0;0;0;0;33880.0;0.07;0.58;4.2;13.7;329;24.1;20.9;21.6;20.1;0.137;0.144;0.167;0.213;0.275
Grasse;43.656;6.937;30/05/2026;09:00;25.4;64;18.1;27.7;0;0.0;0.0;0.0;0.0;0.0;0;P1;Ensoleillé;1021.0;999.4;0;0;0;0;39420.0;0.14;1.17;4.1;7.6;165;27.9;22.4;21.5;20.1;0.135;0.144;0.167;0.213;0.275
Grasse;43.656;6.937;30/05/2026;10:00;26.0;63;18.5;28.6;0;0.0;0.0;0.0;0.0;0.0;0;P1;Ensoleillé;1021.0;999.5;0;0;0;0;39460.0;0.28;1.25;4.1;9.0;165;29.6;24.0;21.6;20.1;0.132;0.144;0.166;0.212;0.275
Grasse;43.656;6.937;30/05/2026;11:00;27.3;60;18.8;30.4;3;0.0;0.0;0.0;0.0;0.0;0;P1;Ensoleillé;1020.9;999.5;0;0;0;0;39920.0;0.37;1.45;7.0;13.7;168;32.0;25.4;21.8;20.1;0.129;0.143;0.166;0.212;0.274
Grasse;43.656;6.937;30/05/2026;12:00;28.4;52;17.6;31.2;3;0.0;0.0;0.0;0.0;0.0;0;P1;Ensoleillé;1020.7;999.3;0;0;0;0;41000.0;0.43;1.86;10.0;12.2;165;33.5;26.7;22.1;20.1;0.124;0.141;0.165;0.211;0.274
Grasse;43.656;6.937;30/05/2026;13:00;29.1;47;16.6;31.4;5;0.0;0.0;0.0;0.0;0.0;2;P8;Éclaircies;1020.5;999.2;80;0;0;80;41620.0;0.47;2.13;12.3;14.4;165;34.3;27.8;22.5;20.1;0.12;0.14;0.164;0.21;0.274
Grasse;43.656;6.937;30/05/2026;14:00;29.2;44;15.7;31.0;30;0.0;0.0;0.0;0.0;0.0;3;P4;Nuageux;1020.0;998.7;100;0;0;100;42040.0;0.46;2.27;13.2;15.5;163;34.0;28.5;22.9;20.1;0.116;0.138;0.163;0.21;0.273
Grasse;43.656;6.937;30/05/2026;15:00;29.0;45;15.9;30.6;32;0.0;0.0;0.0;0.0;0.0;2;P8;Éclaircies;1019.4;998.1;22;0;0;22;41800.0;0.43;2.2;14.0;18.4;162;33.8;28.9;23.3;20.1;0.113;0.136;0.162;0.209;0.273
Grasse;43.656;6.937;30/05/2026;16:00;28.6;47;16.2;30.5;31;0.0;0.0;0.0;0.0;0.0;1;P2;Éclaircies;1018.8;997.5;19;0;0;19;41500.0;0.39;2.07;11.2;23.4;165;33.5;29.1;23.6;20.1;0.11;0.135;0.162;0.209;0.273
Grasse;43.656;6.937;30/05/2026;17:00;27.8;49;16.1;28.8;28;0.0;0.0;0.0;0.0;0.0;3;P4;Nuageux;1018.4;997.1;100;0;0;100;41420.0;0.32;1.91;10.0;21.6;159;29.7;28.8;24.0;20.1;0.109;0.133;0.161;0.208;0.272
Grasse;43.656;6.937;30/05/2026;18:00;27.2;51;16.1;28.1;21;0.0;0.0;0.0;0.0;0.0;3;P4;Nuageux;1018.3;996.9;100;0;0;100;41295.0;0.2;1.77;7.7;18.8;181;28.3;27.5;24.0;20.0;0.119;0.139;0.165;0.21;0.274
Grasse;43.656;6.937;30/05/2026;19:00;26.7;54;16.6;28.2;11;0.0;0.0;0.0;0.0;0.0;3;P4;Nuageux;1017.8;996.4;100;0;14;100;41090.0;0.14;1.61;5.3;14.0;180;26.5;26.4;23.9;19.9;0.13;0.146;0.169;0.212;0.275
Grasse;43.656;6.937;30/05/2026;20:00;25.5;61;17.5;27.7;3;0.0;0.0;0.0;0.0;0.0;3;P4;Nuageux;1017.1;995.6;100;0;0;100;40460.0;0.08;1.26;3.4;9.2;177;24.1;25.3;23.8;19.7;0.142;0.152;0.173;0.213;0.277
Grasse;43.656;6.937;30/05/2026;21:00;24.5;65;17.5;27.1;0;0.0;0.0;0.0;0.0;0.0;3;P4;Nuageux;1016.6;995.1;100;0;0;100;40420.0;0.0;1.08;0.7;5.0;360;21.9;24.0;23.5;19.6;0.155;0.16;0.177;0.215;0.279
Grasse;43.656;6.937;30/05/2026;22:00;22.6;71;17.1;24.6;0;0.0;0.0;0.0;0.0;0.0;3;P4;Nuageux;1016.8;995.1;98;0;6;97;38820.0;0.0;0.79;3.6;5.4;354;20.4;22.9;23.3;19.6;0.157;0.161;0.177;0.215;0.279
Grasse;43.656;6.937;30/05/2026;23:00;20.5;80;17.0;22.3;0;0.0;0.0;0.0;0.0;0.0;1;P2;Éclaircies;1016.9;995.1;26;0;24;2;32980.0;0.0;0.48;4.7;7.6;360;19.6;22.0;23.1;19.7;0.158;0.162;0.177;0.215;0.278
Grasse;43.656;6.937;31/05/2026;00:00;19.7;82;16.5;21.3;0;0.0;0.0;0.0;0.0;0.0;2;P8;Éclaircies;1016.9;995.0;49;0;0;49;31780.0;0.0;0.41;4.3;7.9;360;18.8;21.3;22.8;19.7;0.16;0.162;0.177;0.215;0.278
Grasse;43.656;6.937;31/05/2026;01:00;19.3;81;15.9;20.7;0;0.0;0.0;0.0;0.0;0.0;3;P4;Nuageux;1016.8;994.9;100;0;0;100;32440.0;0.0;0.43;4.0;7.9;350;18.2;20.7;22.5;19.7;0.161;0.163;0.177;0.215;0.278
Grasse;43.656;6.937;31/05/2026;02:00;19.2;80;15.7;20.5;0;0.0;0.0;0.0;0.0;0.0;2;P8;Éclaircies;1016.5;994.6;85;0;0;85;33620.0;0.0;0.44;4.1;7.2;345;18.0;20.2;22.1;19.7;0.162;0.164;0.178;0.215;0.278
Grasse;43.656;6.937;31/05/2026;03:00;18.6;82;15.5;19.9;0;0.0;0.0;0.0;0.0;0.0;2;P8;Éclaircies;1016.0;994.0;66;0;0;66;32280.0;0.0;0.39;3.9;7.2;326;17.4;19.8;21.8;19.7;0.163;0.165;0.178;0.215;0.278
Grasse;43.656;6.937;31/05/2026;04:00;18.5;83;15.6;20.0;0;0.0;0.0;0.0;0.0;0.0;3;P4;Nuageux;1015.7;993.7;91;0;0;91;32320.0;0.0;0.36;2.9;6.1;330;17.0;19.4;21.5;19.7;0.164;0.166;0.178;0.215;0.278
Grasse;43.656;6.937;31/05/2026;05:00;18.7;80;15.2;20.0;0;0.0;0.0;0.0;0.0;0.0;3;P4;Nuageux;1015.5;993.6;80;0;52;58;34920.0;0.0;0.43;3.1;4.7;324;16.7;19.0;21.2;19.7;0.165;0.167;0.178;0.215;0.278
Grasse;43.656;6.937;31/05/2026;06:00;18.8;77;14.7;19.9;0;0.0;0.0;0.0;0.0;0.0;2;P8;Éclaircies;1015.6;993.7;39;0;16;25;36600.0;0.0;0.5;3.3;4.7;347;16.4;18.7;20.9;19.7;0.166;0.168;0.178;0.215;0.278
Grasse;43.656;6.937;31/05/2026;07:00;19.2;77;15.1;20.5;0;0.0;0.0;0.0;0.0;0.0;2;P8;Éclaircies;1015.8;993.9;70;0;0;70;36780.0;0.0;0.51;3.0;4.7;346;18.0;18.5;20.6;19.7;0.166;0.168;0.178;0.215;0.278
Grasse;43.656;6.937;31/05/2026;08:00;21.3;77;17.1;23.7;0;0.0;0.0;0.0;0.0;0.0;1;P2;Éclaircies;1016.0;994.2;35;0;0;35;35900.0;0.0;0.58;0.5;5.0;135;22.3;19.5;20.4;19.7;0.167;0.169;0.179;0.215;0.278
Grasse;43.656;6.937;31/05/2026;09:00;22.9;76;18.4;25.4;0;0.0;0.0;0.0;0.0;0.0;0;P1;Ensoleillé;1016.4;994.7;0;0;0;0;35080.0;0.0;0.67;3.9;9.4;146;24.9;21.1;20.3;19.7;0.165;0.169;0.179;0.215;0.278
Grasse;43.656;6.937;31/05/2026;10:00;24.2;71;18.6;27.0;0;0.0;0.0;0.0;0.0;0.0;0;P1;Ensoleillé;1016.5;994.9;0;0;0;0;36520.0;0.0;0.88;3.4;9.0;148;26.8;22.6;20.5;19.7;0.164;0.168;0.178;0.214;0.278
Grasse;43.656;6.937;31/05/2026;11:00;25.6;69;19.5;29.1;0;0.0;0.0;0.0;0.0;0.0;0;P1;Ensoleillé;1016.4;994.9;1;0;0;1;37080.0;0.0;1.02;6.0;13.3;147;29.1;23.9;20.7;19.7;0.161;0.167;0.178;0.214;0.277
Grasse;43.656;6.937;31/05/2026;12:00;26.5;67;19.9;30.5;5;0.0;0.0;0.0;0.0;0.0;0;P1;Ensoleillé;1016.3;994.9;2;2;0;0;36940.0;0.0;1.14;7.9;17.3;156;30.4;25.2;21.1;19.7;0.159;0.166;0.177;0.213;0.277
Grasse;43.656;6.937;31/05/2026;13:00;26.8;64;19.4;30.7;6;0.0;0.0;0.0;0.0;0.0;3;P4;Nuageux;1016.2;994.8;100;7;0;100;37980.0;0.0;1.27;9.3;20.2;152;30.6;26.2;21.5;19.7;0.156;0.164;0.177;0.212;0.276
Grasse;43.656;6.937;31/05/2026;14:00;26.9;62;19.0;30.4;8;0.0;0.0;0.0;0.0;0.0;3;P4;Nuageux;1015.6;994.3;100;0;0;100;38880.0;0.0;1.35;9.2;20.2;141;30.9;26.7;22.0;19.7;0.154;0.163;0.176;0.212;0.276
Grasse;43.656;6.937;31/05/2026;15:00;27.1;63;19.5;31.1;10;0.0;0.0;0.0;0.0;0.0;3;P4;Nuageux;1015.2;993.9;100;1;0;100;38300.0;0.0;1.33;8.5;20.2;144;31.4;27.2;22.4;19.7;0.151;0.161;0.175;0.211;0.276
Grasse;43.656;6.937;31/05/2026;16:00;26.4;68;20.0;29.5;13;0.0;0.0;0.0;0.0;0.0;3;P4;Nuageux;1014.8;993.4;100;17;0;100;37340.0;0.0;1.1;6.6;20.5;131;27.4;27.0;22.8;19.7;0.151;0.16;0.175;0.211;0.276
Grasse;43.656;6.937;31/05/2026;17:00;26.0;68;19.7;28.9;16;0.0;0.0;0.0;0.0;0.0;3;P4;Nuageux;1014.2;992.8;100;0;0;100;37200.0;0.0;1.08;5.8;19.8;150;28.3;26.5;23.1;19.7;0.151;0.159;0.174;0.211;0.275
Grasse;43.656;6.937;31/05/2026;18:00;25.8;68;19.4;28.9;18;0.0;0.0;0.0;0.0;0.0;3;P4;Nuageux;1013.8;992.4;100;0;0;100;37580.0;0.0;1.06;3.5;15.1;156;28.1;26.2;23.3;19.7;0.151;0.158;0.174;0.21;0.275
Grasse;43.656;6.937;31/05/2026;19:00;25.3;69;19.2;27.9;20;0.0;0.0;0.0;0.0;0.0;3;P4;Nuageux;1013.2;991.8;100;0;0;100;37040.0;0.0;1.0;5.6;13.0;153;25.9;25.8;23.4;19.7;0.151;0.158;0.174;0.21;0.275
Grasse;43.656;6.937;31/05/2026;20:00;24.3;73;19.2;27.4;20;0.0;0.0;0.0;0.0;0.0;1;P2;Éclaircies;1013.1;991.6;22;0;0;22;35760.0;0.0;0.82;3.0;12.2;104;24.1;25.0;23.5;19.8;0.152;0.158;0.174;0.21;0.275
Grasse;43.656;6.937;31/05/2026;21:00;23.0;79;19.2;26.1;18;0.0;0.0;0.0;0.0;0.0;3;P4;Nuageux;1013.1;991.5;48;3;0;48;29720.0;0.0;0.59;3.0;9.7;76;22.5;24.0;23.4;19.8;0.154;0.158;0.174;0.21;0.275
Grasse;43.656;6.937;31/05/2026;22:00;21.4;88;19.4;24.5;15;0.0;0.0;0.0;0.0;0.0;3;P4;Nuageux;1013.2;991.5;74;6;0;74;23680.0;0.0;0.31;3.4;7.2;58;20.9;22.9;23.2;19.8;0.156;0.159;0.174;0.21;0.275
Grasse;43.656;6.937;31/05/2026;23:00;20.2;94;19.2;23.1;11;0.0;0.0;0.0;0.0;0.0;3;P4;Nuageux;1013.3;991.5;100;9;0;100;17640.0;0.0;0.14;3.6;5.4;45;19.7;21.9;23.0;19.8;0.158;0.16;0.174;0.21;0.275
Grasse;43.656;6.937;01/06/2026;00:00;19.6;97;19.2;22.6;6;0.0;0.0;0.0;0.0;0.0;3;P4;Nuageux;1013.3;991.5;100;36;0;100;11800.0;0.0;0.07;3.3;4.7;41;19.1;21.3;22.8;19.8;0.159;0.161;0.174;0.21;0.275
Grasse;43.656;6.937;01/06/2026;01:00;19.4;98;19.1;22.5;3;0.0;0.0;0.0;0.0;0.0;3;P4;Nuageux;1013.2;991.4;100;62;0;100;5940.0;0.0;0.05;2.8;5.0;40;19.0;20.9;22.5;19.9;0.16;0.162;0.174;0.21;0.275
Grasse;43.656;6.937;01/06/2026;02:00;19.3;98;19.0;22.3;0;0.0;0.0;0.0;0.0;0.0;3;P4;Nuageux;1013.0;991.2;100;89;0;100;100.0;0.0;0.04;2.3;5.0;39;19.0;20.6;22.2;19.9;0.161;0.163;0.174;0.21;0.275
Grasse;43.656;6.937;01/06/2026;03:00;19.1;99;18.9;22.1;0;0.0;0.0;0.0;0.0;0.0;45;brouillards;Brouillard;1012.7;990.8;100;92;12;95;100.0;0.0;0.02;2.0;4.7;45;18.7;20.3;21.9;19.9;0.162;0.164;0.174;0.21;0.275
Grasse;43.656;6.937;01/06/2026;04:00;18.9;99;18.7;21.8;0;0.0;0.0;0.0;0.0;0.0;45;brouillards;Brouillard;1012.4;990.5;100;95;25;89;120.0;0.0;0.02;2.0;4.7;45;18.5;20.1;21.6;19.9;0.163;0.164;0.175;0.21;0.275
Grasse;43.656;6.937;01/06/2026;05:00;18.9;99;18.7;21.9;0;0.0;0.0;0.0;0.0;0.0;45;brouillards;Brouillard;1012.2;990.3;100;98;37;84;120.0;0.0;0.02;1.8;4.3;53;18.7;20.0;21.4;19.9;0.164;0.165;0.175;0.21;0.275
Grasse;43.656;6.937;01/06/2026;06:00;19.0;100;19.0;22.2;0;0.0;0.0;0.0;0.0;0.0;45;brouillards;Brouillard;1012.3;990.4;99;97;25;56;400.0;0.0;0.0;1.3;3.6;56;19.2;19.9;21.1;19.9;0.165;0.166;0.175;0.21;0.275
Grasse;43.656;6.937;01/06/2026;07:00;19.2;100;19.2;22.7;0;0.0;0.0;0.0;0.0;0.0;45;brouillards;Brouillard;1012.6;990.8;97;97;12;28;680.0;0.0;0.0;0.4;3.2;90;20.1;19.9;20.9;19.9;0.166;0.167;0.176;0.211;0.274
Grasse;43.656;6.937;01/06/2026;08:00;19.9;99;19.8;23.6;0;0.0;0.0;0.0;0.0;0.0;45;brouillards;Brouillard;1012.8;991.0;96;96;0;0;960.0;0.0;0.02;0.7;3.6;180;21.4;20.3;20.8;19.9;0.166;0.168;0.176;0.211;0.274
Grasse;43.656;6.937;01/06/2026;09:00;21.4;91;19.9;24.9;0;0.0;0.0;0.0;0.0;0.0;2;P8;Éclaircies;1012.9;991.2;80;80;0;0;12780.0;0.0;0.23;1.8;5.4;180;23.6;21.3;20.8;19.9;0.165;0.168;0.176;0.211;0.274
Grasse;43.656;6.937;01/06/2026;10:00;23.3;79;19.4;26.4;1;0.0;0.0;0.0;0.0;0.0;2;P8;Éclaircies;1012.9;991.3;65;65;0;0;24620.0;0.0;0.6;3.2;8.3;180;26.2;22.6;20.9;19.8;0.164;0.168;0.175;0.21;0.274
Grasse;43.656;6.937;01/06/2026;11:00;24.8;71;19.2;27.6;2;0.0;0.0;0.0;0.0;0.0;2;P8;Éclaircies;1012.9;991.5;49;49;0;0;36440.0;0.0;0.91;4.7;11.5;171;28.1;23.8;21.1;19.8;0.162;0.167;0.175;0.21;0.274
Grasse;43.656;6.937;01/06/2026;12:00;25.5;69;19.4;28.6;3;0.0;0.0;0.0;0.0;0.0;2;P8;Éclaircies;1012.9;991.5;50;47;3;2;36200.0;0.0;1.01;6.8;16.2;162;28.8;24.7;21.4;19.8;0.16;0.166;0.175;0.209;0.274
Grasse;43.656;6.937;01/06/2026;13:00;25.8;69;19.7;29.2;4;0.0;0.0;0.0;0.0;0.0;2;P8;Éclaircies;1012.8;991.4;51;45;5;4;35940.0;0.0;1.03;9.2;21.2;154;28.9;25.5;21.7;19.8;0.157;0.164;0.174;0.209;0.273
Grasse;43.656;6.937;01/06/2026;14:00;25.9;70;20.0;29.3;5;0.0;0.0;0.0;0.0;0.0;2;P8;Éclaircies;1012.6;991.2;52;43;8;6;35700.0;0.0;1.0;10.8;24.5;150;28.8;26.1;22.1;19.8;0.155;0.162;0.174;0.208;0.273
Grasse;43.656;6.937;01/06/2026;15:00;25.9;70;20.0;29.0;7;0.0;0.0;0.0;0.0;0.0;3;P4;Nuageux;1012.3;990.9;68;40;7;37;35960.0;0.0;1.0;10.5;24.1;149;28.8;26.3;22.4;19.8;0.154;0.161;0.174;0.208;0.273
Grasse;43.656;6.937;01/06/2026;16:00;25.7;70;19.8;28.4;9;0.0;0.0;0.0;0.0;0.0;3;P4;Nuageux;1012.0;990.6;84;36;6;69;36240.0;0.0;0.99;9.1;21.6;146;28.5;26.2;22.7;19.9;0.153;0.16;0.173;0.207;0.272
Grasse;43.656;6.937;01/06/2026;17:00;25.3;70;19.5;27.9;11;0.0;0.0;0.0;0.0;0.0;3;P4;Nuageux;1011.7;990.3;100;33;5;100;36500.0;0.0;0.97;7.5;18.7;145;27.9;26.0;23.0;19.9;0.152;0.159;0.173;0.207;0.272
Grasse;43.656;6.937;01/06/2026;18:00;24.9;71;19.3;27.5;13;0.0;0.0;0.0;0.0;0.0;3;P4;Nuageux;1011.4;990.0;100;23;3;100;35840.0;0.0;0.91;6.0;15.8;147;26.7;25.7;23.1;19.9;0.152;0.158;0.173;0.207;0.272
Grasse;43.656;6.937;01/06/2026;19:00;24.3;72;19.0;27.0;15;0.0;0.0;0.0;0.0;0.0;3;P4;Nuageux;1011.2;989.8;100;13;2;100;35200.0;0.0;0.85;4.5;13.0;151;25.2;25.2;23.2;19.9;0.152;0.158;0.172;0.207;0.272
Grasse;43.656;6.937;01/06/2026;20:00;23.6;75;18.9;26.4;15;0.0;0.0;0.0;0.0;0.0;3;P4;Nuageux;1011.1;989.6;100;3;0;100;34540.0;0.0;0.73;3.2;10.1;153;23.7;24.6;23.3;19.9;0.153;0.158;0.172;0.207;0.272
Grasse;43.656;6.937;01/06/2026;21:00;22.5;81;19.1;25.7;14;0.0;0.0;0.0;0.0;0.0;2;P8;Éclaircies;1011.2;989.6;81;10;0;75;29260.0;0.0;0.52;2.1;7.2;149;22.0;23.7;23.2;19.9;0.154;0.158;0.172;0.207;0.272
Grasse;43.656;6.937;01/06/2026;22:00;21.3;87;19.0;24.6;11;0.0;0.0;0.0;0.0;0.0;2;P8;Éclaircies;1011.4;989.7;63;16;0;49;23980.0;0.0;0.33;0.8;4.7;117;20.3;22.6;23.1;20.0;0.156;0.159;0.172;0.207;0.272
Grasse;43.656;6.937;01/06/2026;23:00;20.3;93;19.2;23.7;8;0.0;0.0;0.0;0.0;0.0;2;P8;Éclaircies;1011.5;989.8;44;23;0;24;18700.0;0.0;0.17;0.8;2.9;63;19.0;21.7;22.9;20.0;0.158;0.16;0.172;0.207;0.272
Grasse;43.656;6.937;02/06/2026;00:00;19.8;96;19.2;23.2;5;0.0;0.0;0.0;0.0;0.0;45;brouillards;Brouillard;1011.6;989.8;63;42;0;49;12520.0;0.0;0.09;0.8;2.2;63;18.7;21.1;22.6;20.0;0.159;0.161;0.172;0.207;0.272
Grasse;43.656;6.937;02/06/2026;01:00;19.6;97;19.1;22.9;2;0.0;0.0;0.0;0.0;0.0;45;brouillards;Brouillard;1011.6;989.8;81;62;0;73;6340.0;0.0;0.07;0.8;1.8;117;18.8;20.6;22.3;20.0;0.16;0.162;0.173;0.207;0.271
Grasse;43.656;6.937;02/06/2026;02:00;19.4;98;19.1;22.7;0;0.0;0.0;0.0;0.0;0.0;45;brouillards;Brouillard;1011.5;989.7;100;81;0;98;160.0;0.0;0.05;0.8;2.2;117;18.9;20.3;22.0;20.0;0.161;0.163;0.173;0.207;0.271
Grasse;43.656;6.937;02/06/2026;03:00;19.1;98;18.8;22.3;0;0.0;0.0;0.0;0.0;0.0;3;P4;Nuageux;1011.2;989.4;96;82;0;72;120.0;0.0;0.04;0.8;2.9;27;18.6;20.0;21.7;20.0;0.162;0.164;0.173;0.207;0.271
Grasse;43.656;6.937;02/06/2026;04:00;18.9;97;18.4;21.6;0;0.0;0.0;0.0;0.0;0.0;3;P4;Nuageux;1010.7;988.9;91;84;0;47;100.0;0.0;0.07;2.5;4.3;360;18.4;19.9;21.5;20.0;0.163;0.164;0.173;0.207;0.271
Grasse;43.656;6.937;02/06/2026;05:00;18.8;96;18.2;21.4;0;0.0;0.0;0.0;0.0;0.0;3;P4;Nuageux;1010.4;988.6;87;85;0;21;60.0;0.0;0.09;3.3;5.4;354;18.5;19.9;21.2;20.0;0.164;0.165;0.173;0.207;0.271
Grasse;43.656;6.937;02/06/2026;06:00;18.9;96;18.2;21.5;0;0.0;0.0;0.0;0.0;0.0;45;brouillards;Brouillard;1010.4;988.6;89;87;0;43;80.0;0.0;0.09;2.5;5.4;360;19.1;19.7;21.0;20.0;0.165;0.166;0.173;0.207;0.271
Grasse;43.656;6.937;02/06/2026;07:00;19.1;97;18.6;22.1;0;0.0;0.0;0.0;0.0;0.0;45;brouillards;Brouillard;1010.5;988.7;91;88;0;64;100.0;0.0;0.07;1.3;5.4;34;20.0;19.7;20.8;20.0;0.165;0.167;0.174;0.207;0.271
Grasse;43.656;6.937;02/06/2026;08:00;19.7;94;18.7;22.9;0;0.0;0.0;0.0;0.0;0.0;45;brouillards;Brouillard;1010.6;988.8;93;90;0;86;120.0;0.0;0.14;0.8;5.8;117;21.4;20.0;20.7;20.0;0.165;0.167;0.174;0.207;0.271
Grasse;43.656;6.937;02/06/2026;09:00;21.1;86;18.7;24.2;2;0.0;0.0;0.0;0.0;0.0;1;P2;Éclaircies;1010.6;988.9;69;64;0;60;12900.0;0.0;0.35;1.4;6.8;180;23.5;20.9;20.7;20.0;0.164;0.167;0.174;0.207;0.271
Grasse;43.656;6.937;02/06/2026;10:00;22.9;75;18.3;25.6;4;0.0;0.0;0.0;0.0;0.0;1;P2;Éclaircies;1010.4;988.9;45;39;0;34;25700.0;0.0;0.7;2.9;8.3;210;26.0;22.3;20.7;19.9;0.162;0.166;0.173;0.206;0.271
Grasse;43.656;6.937;02/06/2026;11:00;24.5;67;18.0;27.0;7;0.0;0.0;0.0;0.0;0.0;1;P2;Éclaircies;1010.2;988.8;21;13;0;8;38480.0;0.0;1.01;4.0;10.8;207;28.1;23.5;20.9;19.9;0.16;0.165;0.173;0.206;0.271
Grasse;43.656;6.937;02/06/2026;12:00;26.1;61;17.8;28.7;9;0.0;0.0;0.0;0.0;0.0;2;P8;Éclaircies;1009.9;988.6;37;16;17;18;32710.0;0.0;1.34;7.0;20.1;189;30.3;24.9;21.5;20.3;0.144;0.155;0.173;0.203;0.272
Grasse;43.656;6.937;02/06/2026;13:00;27.8;54;17.2;29.9;12;0.0;0.0;0.0;0.0;0.0;2;P8;Éclaircies;1009.3;988.2;51;18;32;22;32030.0;0.0;1.77;11.4;28.4;194;32.2;26.3;22.2;20.6;0.127;0.146;0.172;0.2;0.273
Grasse;43.656;6.937;02/06/2026;14:00;29.4;44;15.3;30.3;13;0.0;0.0;0.0;0.0;0.0;2;P8;Éclaircies;1008.9;987.9;61;17;48;20;36430.0;0.0;2.35;15.2;35.6;219;33.5;27.3;22.8;20.9;0.112;0.139;0.173;0.197;0.274
Grasse;43.656;6.937;02/06/2026;15:00;30.1;34;12.5;29.3;14;0.0;0.0;0.0;0.0;0.0;2;P8;Éclaircies;1008.6;987.6;58;7;49;20;36140.0;0.0;2.81;18.9;47.5;261;33.4;28.1;23.4;21.2;0.097;0.132;0.173;0.194;0.275
Grasse;43.656;6.937;02/06/2026;16:00;29.1;34;11.7;27.2;16;0.0;0.0;0.0;0.0;0.0;2;P8;Éclaircies;1008.3;987.3;61;3;51;26;35780.0;0.0;2.66;23.2;58.3;282;31.4;28.2;23.8;21.2;0.095;0.131;0.173;0.194;0.274
Grasse;43.656;6.937;02/06/2026;17:00;28.1;35;11.2;25.1;18;0.0;0.0;0.0;0.0;0.0;2;P8;Éclaircies;1008.0;986.9;65;0;53;33;35440.0;0.0;2.47;26.3;64.8;292;29.3;28.0;24.1;21.2;0.093;0.131;0.173;0.193;0.274
Grasse;43.656;6.937;02/06/2026;18:00;27.0;37;11.1;23.7;19;0.0;0.0;0.0;0.0;0.0;3;P4;Nuageux;1007.8;986.6;77;0;35;55;27100.0;0.0;2.25;25.0;62.3;293;27.4;27.5;24.4;21.2;0.092;0.131;0.173;0.193;0.274
Grasse;43.656;6.937;02/06/2026;19:00;25.9;40;11.2;23.2;21;0.0;0.0;0.0;0.0;0.0;3;P4;Nuageux;1007.6;986.3;88;0;18;78;18760.0;0.0;2.0;20.7;55.1;290;25.5;26.7;24.5;21.2;0.092;0.131;0.173;0.193;0.274
Grasse;43.656;6.937;02/06/2026;20:00;24.8;42;11.0;22.6;23;0.0;0.0;0.0;0.0;0.0;3;P4;Nuageux;1007.6;986.3;100;0;0;100;10420.0;0.0;1.81;17.0;49.0;287;23.8;25.9;24.6;21.2;0.092;0.131;0.173;0.193;0.274
Grasse;43.656;6.937;02/06/2026;21:00;23.8;42;10.1;21.7;24;0.0;0.0;0.0;0.0;0.0;3;P4;Nuageux;1007.7;986.3;100;0;9;100;18200.0;0.0;1.71;14.8;46.8;288;22.5;25.1;24.5;21.2;0.092;0.131;0.173;0.193;0.274
Grasse;43.656;6.937;02/06/2026;22:00;23.0;41;9.0;20.8;26;0.0;0.0;0.0;0.0;0.0;3;P4;Nuageux;1008.0;986.5;100;0;18;100;26000.0;0.0;1.65;13.0;46.1;289;21.6;24.2;24.4;21.3;0.093;0.131;0.172;0.193;0.274
Grasse;43.656;6.937;02/06/2026;23:00;22.2;40;7.9;19.9;27;0.0;0.0;0.0;0.0;0.0;3;P4;Nuageux;1008.1;986.6;100;0;27;100;33780.0;0.0;1.6;11.8;44.6;293;20.8;23.4;24.2;21.3;0.093;0.131;0.172;0.193;0.274
Grasse;43.656;6.937;03/06/2026;00:00;21.5;41;7.7;19.2;28;0.0;0.0;0.0;0.0;0.0;2;P8;Éclaircies;1008.0;986.4;83;0;34;67;33780.0;0.0;1.51;11.3;40.7;297;20.0;22.8;24.0;21.3;0.093;0.131;0.172;0.193;0.274
Grasse;43.656;6.937;03/06/2026;01:00;20.8;42;7.4;18.5;28;0.0;0.0;0.0;0.0;0.0;2;P8;Éclaircies;1007.7;986.1;65;0;41;33;33780.0;0.0;1.43;11.6;36.0;300;19.3;22.3;23.8;21.3;0.094;0.13;0.172;0.192;0.274
Grasse;43.656;6.937;03/06/2026;02:00;20.3;43;7.3;18.0;28;0.0;0.0;0.0;0.0;0.0;2;P8;Éclaircies;1007.5;985.8;48;0;48;0;33780.0;0.0;1.36;11.4;32.4;305;18.8;21.9;23.5;21.3;0.094;0.13;0.172;0.192;0.274
Grasse;43.656;6.937;03/06/2026;03:00;20.0;43;7.0;17.6;27;0.0;0.0;0.0;0.0;0.0;0;P1;Ensoleillé;1007.2;985.5;32;0;32;0;33780.0;0.0;1.33;10.9;31.7;314;18.3;21.5;23.3;21.3;0.094;0.13;0.172;0.192;0.274
Grasse;43.656;6.937;03/06/2026;04:00;19.7;44;7.1;17.4;26;0.0;0.0;0.0;0.0;0.0;0;P1;Ensoleillé;1007.0;985.3;16;0;16;0;33780.0;0.0;1.29;10.8;32.4;323;18.0;21.1;23.0;21.3;0.095;0.13;0.172;0.192;0.274
Grasse;43.656;6.937;03/06/2026;05:00;19.8;44;7.2;17.5;24;0.0;0.0;0.0;0.0;0.0;0;P1;Ensoleillé;1006.9;985.2;0;0;0;0;33780.0;0.0;1.29;10.6;32.4;332;18.2;20.9;22.8;21.3;0.095;0.13;0.172;0.192;0.274
Grasse;43.656;6.937;03/06/2026;06:00;20.1;45;7.8;18.1;22;0.0;0.0;0.0;0.0;0.0;0;P1;Ensoleillé;1007.2;985.5;0;0;0;0;34680.0;0.0;1.3;9.8;30.2;336;19.2;20.6;22.5;21.3;0.095;0.13;0.172;0.192;0.274
Grasse;43.656;6.937;03/06/2026;07:00;20.8;47;9.0;19.3;19;0.0;0.0;0.0;0.0;0.0;0;P1;Ensoleillé;1007.6;986.0;0;0;0;0;35580.0;0.0;1.3;8.6;27.4;338;20.7;20.5;22.2;21.2;0.096;0.13;0.172;0.192;0.274
Grasse;43.656;6.937;03/06/2026;08:00;21.7;47;9.9;20.7;16;0.0;0.0;0.0;0.0;0.0;0;P1;Ensoleillé;1008.0;986.4;0;0;0;0;36480.0;0.0;1.37;6.5;24.1;341;22.7;20.8;22.1;21.2;0.096;0.13;0.172;0.192;0.274
Grasse;43.656;6.937;03/06/2026;09:00;23.0;43;9.8;22.4;13;0.0;0.0;0.0;0.0;0.0;0;P1;Ensoleillé;1008.3;986.8;0;0;0;0;35580.0;0.0;1.6;3.7;19.4;349;25.2;21.8;22.0;21.2;0.095;0.13;0.172;0.192;0.274
Grasse;43.656;6.937;03/06/2026;10:00;24.6;38;9.4;24.3;11;0.0;0.0;0.0;0.0;0.0;0;P1;Ensoleillé;1008.5;987.1;0;0;0;0;34680.0;0.0;1.92;1.3;14.4;56;28.0;23.2;22.1;21.2;0.094;0.129;0.171;0.191;0.273
Grasse;43.656;6.937;03/06/2026;11:00;26.1;34;9.0;26.2;8;0.0;0.0;0.0;0.0;0.0;0;P1;Ensoleillé;1008.6;987.3;0;0;0;0;33780.0;0.0;2.23;3.3;11.9;131;30.5;24.6;22.2;21.2;0.093;0.129;0.171;0.191;0.273
Grasse;43.656;6.937;03/06/2026;12:00;27.2;32;9.1;27.8;6;0.0;0.0;0.0;0.0;0.0;2;P8;Éclaircies;1008.6;987.4;26;15;20;0;28820.0;0.0;2.46;5.6;14.4;140;32.3;25.9;22.5;21.2;0.091;0.129;0.171;0.19;0.273
Grasse;43.656;6.937;03/06/2026;13:00;28.2;31;9.5;29.0;4;0.0;0.0;0.0;0.0;0.0;2;P8;Éclaircies;1008.6;987.5;51;30;40;0;23880.0;0.0;2.64;7.7;19.4;143;33.7;27.1;22.8;21.2;0.09;0.129;0.171;0.19;0.272
Grasse;43.656;6.937;03/06/2026;14:00;29.0;31;10.1;29.9;3;0.0;0.0;0.0;0.0;0.0;2;P8;Éclaircies;1008.5;987.4;77;45;60;0;18920.0;0.0;2.76;8.8;23.0;145;34.6;28.1;23.2;21.2;0.088;0.129;0.171;0.189;0.272
Grasse;43.656;6.937;03/06/2026;15:00;29.4;31;10.5;30.1;2;0.0;0.0;0.0;0.0;0.0;2;P8;Éclaircies;1008.4;987.4;68;31;55;0;21400.0;0.0;2.83;9.0;24.1;151;34.9;28.7;23.6;21.2;0.087;0.129;0.171;0.189;0.272
Grasse;43.656;6.937;03/06/2026;16:00;29.7;31;10.7;29.8;2;0.0;0.0;0.0;0.0;0.0;2;P8;Éclaircies;1008.2;987.2;58;18;51;0;23860.0;0.0;2.87;8.6;24.1;158;34.6;29.0;24.0;21.2;0.086;0.129;0.171;0.188;0.272
Grasse;43.656;6.937;03/06/2026;17:00;29.5;31;10.6;29.0;2;0.0;0.0;0.0;0.0;0.0;2;P8;Éclaircies;1008.1;987.1;49;4;46;0;26340.0;0.0;2.84;7.6;22.7;161;33.5;29.0;24.3;21.2;0.085;0.129;0.171;0.188;0.272
Grasse;43.656;6.937;03/06/2026;18:00;28.9;30;9.6;27.7;3;0.0;0.0;0.0;0.0;0.0;1;P2;Éclaircies;1008.1;987.0;38;3;31;5;28820.0;0.0;2.78;6.9;19.4;152;31.1;28.7;24.6;21.2;0.084;0.129;0.171;0.188;0.272
Grasse;43.656;6.937;03/06/2026;19:00;27.9;28;7.7;26.4;3;0.0;0.0;0.0;0.0;0.0;1;P2;Éclaircies;1008.3;987.2;27;1;15;11;31280.0;0.0;2.7;6.1;15.1;135;27.9;28.2;24.9;21.3;0.083;0.128;0.17;0.188;0.271
Grasse;43.656;6.937;03/06/2026;20:00;26.5;30;7.5;25.1;4;0.0;0.0;0.0;0.0;0.0;1;P2;Éclaircies;1008.6;987.4;16;0;0;16;33760.0;0.0;2.42;5.2;12.2;115;25.0;27.4;25.0;21.3;0.083;0.128;0.17;0.188;0.271
Grasse;43.656;6.937;03/06/2026;21:00;24.3;38;9.1;23.6;5;0.0;0.0;0.0;0.0;0.0;0;P1;Ensoleillé;1009.3;987.9;11;0;0;11;34860.0;0.0;1.89;3.1;12.6;69;22.6;26.1;25.0;21.3;0.084;0.128;0.17;0.188;0.271
Grasse;43.656;6.937;03/06/2026;22:00;21.8;49;10.6;21.3;6;0.0;0.0;0.0;0.0;0.0;0;P1;Ensoleillé;1010.2;988.6;5;0;0;5;35960.0;0.0;1.33;4.7;14.4;356;20.4;24.4;24.8;21.3;0.085;0.128;0.17;0.188;0.271
Grasse;43.656;6.937;03/06/2026;23:00;19.9;56;10.9;19.1;7;0.0;0.0;0.0;0.0;0.0;0;P1;Ensoleillé;1010.9;989.1;0;0;0;0;37060.0;0.0;1.02;7.6;16.2;341;18.9;23.0;24.6;21.3;0.086;0.128;0.17;0.188;0.271
Grasse;43.656;6.937;04/06/2026;00:00;19.4;54;9.8;18.0;7;0.0;0.0;0.0;0.0;0.0;0;P1;Ensoleillé;1011.3;989.5;1;0;0;1;38140.0;0.0;1.03;8.9;17.3;339;18.3;22.2;24.3;21.3;0.087;0.128;0.17;0.188;0.271
Grasse;43.656;6.937;04/06/2026;01:00;19.5;48;8.2;17.7;8;0.0;0.0;0.0;0.0;0.0;0;P1;Ensoleillé;1011.6;989.8;3;0;0;3;39240.0;0.0;1.18;8.9;18.4;339;18.3;21.7;24.0;21.3;0.087;0.127;0.17;0.188;0.271
Grasse;43.656;6.937;04/06/2026;02:00;19.7;44;7.1;17.6;8;0.0;0.0;0.0;0.0;0.0;0;P1;Ensoleillé;1011.7;989.9;4;0;0;4;40340.0;0.0;1.28;8.9;18.7;339;18.4;21.4;23.6;21.3;0.088;0.127;0.17;0.188;0.271
Grasse;43.656;6.937;04/06/2026;03:00;19.5;43;6.6;17.4;8;0.0;0.0;0.0;0.0;0.0;3;P4;Nuageux;1011.7;989.9;36;0;0;36;39700.0;0.0;1.29;8.9;18.4;339;18.0;21.0;23.3;21.3;0.089;0.127;0.17;0.188;0.271
Grasse;43.656;6.937;04/06/2026;04:00;19.4;44;6.8;17.3;8;0.0;0.0;0.0;0.0;0.0;3;P4;Nuageux;1011.6;989.8;68;0;0;68;39060.0;0.0;1.26;8.6;17.6;338;17.7;20.7;23.0;21.3;0.089;0.127;0.169;0.188;0.271
Grasse;43.656;6.937;04/06/2026;05:00;19.5;46;7.5;17.7;8;0.0;0.0;0.0;0.0;0.0;3;P4;Nuageux;1011.6;989.8;100;0;0;100;38420.0;0.0;1.22;7.8;16.9;338;18.0;20.5;22.7;21.3;0.09;0.127;0.169;0.188;0.271
Grasse;43.656;6.937;04/06/2026;06:00;20.0;49;8.9;18.7;7;0.0;0.0;0.0;0.0;0.0;3;P4;Nuageux;1011.7;989.9;100;0;0;100;37760.0;0.0;1.19;6.4;15.8;344;19.2;20.4;22.4;21.3;0.091;0.127;0.169;0.188;0.271
Grasse;43.656;6.937;04/06/2026;07:00;20.8;52;10.5;20.2;7;0.0;0.0;0.0;0.0;0.0;3;P4;Nuageux;1011.9;990.2;99;0;0;99;37120.0;0.0;1.18;4.7;14.4;351;21.1;20.4;22.2;21.3;0.091;0.127;0.169;0.188;0.271
Grasse;43.656;6.937;04/06/2026;08:00;21.8;53;11.8;21.9;7;0.0;0.0;0.0;0.0;0.0;3;P4;Nuageux;1012.0;990.4;99;0;0;99;36480.0;0.0;1.23;2.5;14.4;360;23.3;20.8;22.0;21.3;0.091;0.127;0.169;0.188;0.271
Grasse;43.656;6.937;04/06/2026;09:00;23.1;50;12.1;23.6;6;0.0;0.0;0.0;0.0;0.0;1;P2;Éclaircies;1012.2;990.7;73;0;7;66;37120.0;0.0;1.41;1.1;16.6;162;26.4;21.9;22.0;21.3;0.091;0.127;0.169;0.188;0.271
Grasse;43.656;6.937;04/06/2026;10:00;24.6;44;11.6;24.4;6;0.0;0.0;0.0;0.0;0.0;1;P2;Éclaircies;1012.3;990.9;48;0;15;33;37760.0;0.0;1.73;5.1;19.8;176;29.8;23.5;22.0;21.3;0.09;0.126;0.169;0.187;0.271
Grasse;43.656;6.937;04/06/2026;11:00;25.8;40;11.1;25.6;6;0.0;0.0;0.0;0.0;0.0;1;P2;Éclaircies;1012.3;990.9;22;0;22;0;38420.0;0.0;1.99;8.3;23.8;185;31.6;24.9;22.2;21.3;0.089;0.126;0.169;0.187;0.271
Grasse;43.656;6.937;04/06/2026;12:00;26.4;36;10.1;26.0;5;0.0;0.0;0.0;0.0;0.0;3;P4;Nuageux;1011.9;990.6;48;6;48;33;39060.0;0.0;2.2;10.8;28.1;201;30.4;25.9;22.5;21.3;0.087;0.126;0.169;0.187;0.271
Grasse;43.656;6.937;04/06/2026;13:00;26.7;34;9.6;25.7;5;0.0;0.0;0.0;0.0;0.0;3;P4;Nuageux;1011.4;990.1;74;13;74;67;39700.0;0.0;2.31;13.9;33.1;217;27.6;26.7;22.9;21.2;0.085;0.126;0.169;0.187;0.27
Grasse;43.656;6.937;04/06/2026;14:00;26.4;36;10.1;24.8;5;0.0;0.0;0.0;0.0;0.0;3;P4;Nuageux;1010.9;989.6;100;19;100;100;40340.0;0.0;2.2;16.0;37.4;226;25.1;26.9;23.2;21.2;0.086;0.126;0.169;0.187;0.27
Grasse;43.656;6.937;04/06/2026;15:00;25.0;48;13.2;23.8;5;0.4;0.4;0.0;0.0;0.0;61;P10;Pluie;1010.7;989.3;100;42;100;100;39240.0;0.0;1.64;15.1;41.8;232;23.5;26.3;23.4;21.2;0.085;0.118;0.169;0.187;0.27
Grasse;43.656;6.937;04/06/2026;16:00;22.9;64;15.7;23.0;5;0.4;0.4;0.0;0.0;0.0;61;P10;Pluie;1010.6;989.1;100;65;100;100;38140.0;0.0;1.01;12.9;46.1;240;22.2;25.2;23.5;21.2;0.087;0.109;0.168;0.187;0.269
Grasse;43.656;6.937;04/06/2026;17:00;21.2;78;17.2;22.1;5;0.4;0.4;0.0;0.0;0.0;61;P10;Pluie;1010.5;988.8;100;88;100;100;37060.0;0.0;0.55;11.1;47.9;245;21.1;24.1;23.6;21.2;0.117;0.126;0.168;0.187;0.269
Grasse;43.656;6.937;04/06/2026;18:00;20.0;86;17.5;21.2;5;3.2;3.2;0.1;0.0;0.0;63;P10;Pluie;1010.2;988.5;100;91;100;93;35960.0;0.0;0.33;10.2;46.4;238;20.3;23.1;23.5;21.2;0.202;0.192;0.167;0.187;0.269
Grasse;43.656;6.937;04/06/2026;19:00;19.0;92;17.7;20.3;5;3.2;3.2;0.1;0.0;0.0;63;P10;Pluie;1009.9;988.1;100;93;100;85;34860.0;0.0;0.18;10.2;42.8;225;19.8;22.1;23.3;21.2;0.313;0.284;0.167;0.187;0.269
Grasse;43.656;6.937;04/06/2026;20:00;18.5;94;17.5;19.8;5;3.2;3.2;0.1;0.0;0.0;63;P10;Pluie;1009.5;987.7;100;96;100;78;33760.0;0.0;0.13;9.5;38.5;217;19.3;21.4;23.1;21.2;0.39;0.349;0.173;0.187;0.269
Grasse;43.656;6.937;04/06/2026;21:00;18.6;93;17.4;20.3;5;1.3;1.2;0.1;0.0;0.0;2;P8;Éclaircies;1009.1;987.3;92;64;92;52;28620.0;0.0;0.15;6.6;32.8;225;19.0;21.0;22.8;21.2;0.399;0.364;0.191;0.187;0.269
Grasse;43.656;6.937;04/06/2026;22:00;19.0;89;17.2;21.0;5;1.3;1.2;0.1;0.0;0.0;2;P8;Éclaircies;1008.6;986.8;83;32;83;26;23480.0;0.0;0.24;3.6;26.3;264;18.9;20.7;22.6;21.2;0.374;0.353;0.215;0.187;0.269
Grasse;43.656;6.937;04/06/2026;23:00;19.2;84;16.4;20.7;5;1.3;1.2;0.1;0.0;0.0;2;P8;Éclaircies;1008.3;986.6;75;0;75;0;18340.0;0.0;0.36;4.8;23.0;312;18.5;20.4;22.3;21.2;0.349;0.34;0.234;0.187;0.269
Grasse;43.656;6.937;05/06/2026;00:00;18.4;79;14.7;19.0;7;0.4;0.1;0.3;0.0;0.0;0;P1;Ensoleillé;1007.1;985.4;62;19;62;25;13200.0;0.0;0.44;6.7;20.8;248;17.5;19.9;22.0;21.2;0.335;0.33;0.244;0.187;0.269
Grasse;43.656;6.937;05/06/2026;01:00;17.2;80;13.7;17.1;9;0.8;0.2;0.6;0.0;0.0;0;P1;Ensoleillé;1006.0;984.1;62;46;62;48;8060.0;0.0;0.4;8.5;19.3;176;16.3;19.3;21.7;21.2;0.321;0.317;0.248;0.188;0.269
Grasse;43.656;6.937;05/06/2026;02:00;16.2;86;13.7;16.0;10;1.2;0.3;0.9;0.0;0.0;0;P1;Ensoleillé;1004.6;982.7;75;74;75;68;2920.0;0.0;0.27;9.4;14.8;107;15.4;18.8;21.5;21.2;0.312;0.308;0.251;0.188;0.269
Grasse;43.656;6.937;05/06/2026;03:00;15.5;95;14.7;15.8;12;2.5;0.6;1.9;0.0;0.0;63;P10;Pluie;1003.1;981.2;91;94;92;79;6120.0;0.0;0.09;8.3;7.9;39;14.9;;;;;;;;
Grasse;43.656;6.937;05/06/2026;04:00;15.5;98;15.1;16.3;12;2.5;0.6;1.9;0.0;0.0;63;P10;Pluie;1002.6;980.7;78;80;78;63;9320.0;0.0;0.04;6.1;7.6;40;15.0;;;;;;;;
Grasse;43.656;6.937;05/06/2026;05:00;15.7;100;15.6;17.1;12;2.5;0.6;1.9;0.0;0.0;63;P10;Pluie;1002.1;980.2;63;61;61;44;12540.0;0.0;0.01;3.3;7.2;41;15.4;;;;;;;;
Grasse;43.656;6.937;05/06/2026;06:00;16.1;100;16.0;18.2;12;2.5;0.6;1.9;0.0;0.0;63;P10;Pluie;1001.6;979.8;47;41;42;26;15740.0;0.0;0.01;0.0;5.8;270;16.1;;;;;;;;
Grasse;43.656;6.937;05/06/2026;07:00;16.6;98;16.3;18.4;13;2.5;0.6;1.9;0.0;0.0;63;P10;Pluie;1001.2;979.4;33;22;26;11;18940.0;0.0;0.04;3.2;4.3;227;16.9;;;;;;;;
Grasse;43.656;6.937;05/06/2026;08:00;17.4;93;16.2;18.7;14;2.5;0.6;1.9;0.0;0.0;63;P10;Pluie;1000.9;979.2;23;10;15;0;22140.0;0.0;0.15;5.8;4.0;234;17.8;;;;;;;;
Grasse;43.656;6.937;05/06/2026;09:00;18.5;83;15.6;19.2;16;0.0;0.0;0.0;0.0;0.0;0;P1;Ensoleillé;1000.8;979.2;16;4;9;0;26060.0;0.0;0.35;8.5;5.8;243;19.2;;;;;;;;
Grasse;43.656;6.937;05/06/2026;10:00;20.0;72;14.8;20.0;19;0.0;0.0;0.0;0.0;0.0;0;P1;Ensoleillé;1000.7;979.2;12;0;6;0;29980.0;0.0;0.66;11.6;8.6;252;21.0;;;;;;;;
Grasse;43.656;6.937;05/06/2026;11:00;21.8;60;13.7;20.8;22;0.0;0.0;0.0;0.0;0.0;0;P1;Ensoleillé;1000.7;979.3;10;0;5;0;33920.0;0.0;1.04;14.9;11.2;257;23.0;;;;;;;;
Grasse;43.656;6.937;05/06/2026;12:00;23.4;51;12.6;22.2;25;0.0;0.0;0.0;0.0;0.0;0;P1;Ensoleillé;1000.8;979.5;8;0;5;0;37840.0;0.0;1.43;18.2;12.6;262;24.8;;;;;;;;
Grasse;43.656;6.937;05/06/2026;13:00;24.7;44;11.6;23.5;27;0.0;0.0;0.0;0.0;0.0;0;P1;Ensoleillé;1000.9;979.7;7;0;6;0;41760.0;0.0;1.75;20.8;13.7;265;26.3;;;;;;;;
Grasse;43.656;6.937;05/06/2026;14:00;25.5;40;10.9;24.2;29;0.0;0.0;0.0;0.0;0.0;0;P1;Ensoleillé;1001.1;980.0;5;0;5;0;45680.0;0.0;1.96;22.4;14.0;265;26.9;;;;;;;;
Grasse;43.656;6.937;05/06/2026;15:00;25.6;39;10.5;24.2;30;0.0;0.0;0.0;0.0;0.0;0;P1;Ensoleillé;1001.3;980.2;3;0;4;0;44800.0;0.0;2.01;22.6;13.7;265;26.7;;;;;;;;
Grasse;43.656;6.937;05/06/2026;16:00;25.1;40;10.5;23.7;31;0.0;0.0;0.0;0.0;0.0;0;P1;Ensoleillé;1001.5;980.3;2;0;3;0;43900.0;0.0;1.93;21.7;12.6;264;25.7;;;;;;;;
Grasse;43.656;6.937;05/06/2026;17:00;24.4;42;10.5;22.7;31;0.0;0.0;0.0;0.0;0.0;0;P1;Ensoleillé;1001.8;980.6;1;0;2;0;43020.0;0.0;1.79;20.2;11.5;262;24.4;;;;;;;;
Grasse;43.656;6.937;05/06/2026;18:00;23.5;44;10.6;21.4;30;0.0;0.0;0.0;0.0;0.0;0;P1;Ensoleillé;1002.1;980.8;1;0;1;0;42140.0;0.0;1.63;18.4;9.7;261;22.8;;;;;;;;
Grasse;43.656;6.937;05/06/2026;19:00;22.6;46;10.5;20.3;29;0.0;0.0;0.0;0.0;0.0;0;P1;Ensoleillé;1002.5;981.1;0;0;0;0;41240.0;0.0;1.47;16.7;7.6;259;21.2;;;;;;;;
Grasse;43.656;6.937;05/06/2026;20:00;21.8;48;10.3;19.7;27;0.0;0.0;0.0;0.0;0.0;0;P1;Ensoleillé;1002.9;981.5;0;0;0;0;40360.0;0.0;1.35;15.4;6.1;260;20.0;;;;;;;;
Grasse;43.656;6.937;05/06/2026;21:00;21.0;49;9.8;18.9;24;0.0;0.0;0.0;0.0;0.0;0;P1;Ensoleillé;1003.4;981.9;0;0;0;0;40360.0;0.0;1.27;14.3;5.4;263;18.9;;;;;;;;
Grasse;43.656;6.937;05/06/2026;22:00;20.1;49;9.1;17.9;19;0.0;0.0;0.0;0.0;0.0;0;P1;Ensoleillé;1004.1;982.5;0;0;0;0;40360.0;0.0;1.2;13.7;5.4;269;17.7;;;;;;;;
Grasse;43.656;6.937;05/06/2026;23:00;19.2;49;8.2;16.8;15;0.0;0.0;0.0;0.0;0.0;0;P1;Ensoleillé;1004.8;983.1;1;0;1;0;40360.0;0.0;1.13;13.1;5.8;277;16.6;;;;;;;;
Grasse;43.656;6.937;06/06/2026;00:00;18.3;49;7.5;15.8;10;0.0;0.0;0.0;0.0;0.0;0;P1;Ensoleillé;1005.5;983.7;1;0;1;0;40360.0;0.0;1.07;12.8;6.5;285;15.6;;;;;;;;
Grasse;43.656;6.937;06/06/2026;01:00;17.6;49;6.9;15.0;6;0.0;0.0;0.0;0.0;0.0;0;P1;Ensoleillé;1006.2;984.4;2;0;2;0;40360.0;0.0;1.02;12.7;7.6;291;14.9;;;;;;;;
Grasse;43.656;6.937;06/06/2026;02:00;17.2;50;6.6;14.5;2;0.0;0.0;0.0;0.0;0.0;0;P1;Ensoleillé;1006.9;985.0;2;0;2;0;40360.0;0.0;0.98;12.5;8.6;295;14.5;;;;;;;;
Grasse;43.656;6.937;06/06/2026;03:00;17.0;51;6.8;14.5;0;0.0;0.0;0.0;0.0;0.0;0;P1;Ensoleillé;1007.5;985.6;1;0;1;0;39720.0;0.0;0.95;11.8;9.7;295;14.6;;;;;;;;
Grasse;43.656;6.937;06/06/2026;04:00;16.9;53;7.4;14.7;0;0.0;0.0;0.0;0.0;0.0;0;P1;Ensoleillé;1008.1;986.2;0;0;0;0;39060.0;0.0;0.9;10.5;10.8;295;14.9;;;;;;;;
Grasse;43.656;6.937;06/06/2026;05:00;17.1;56;8.1;15.2;0;0.0;0.0;0.0;0.0;0.0;0;P1;Ensoleillé;1008.8;986.9;0;0;0;0;38420.0;0.0;0.87;9.4;11.2;293;15.5;;;;;;;;
Grasse;43.656;6.937;06/06/2026;06:00;17.4;57;8.9;15.9;0;0.0;0.0;0.0;0.0;0.0;0;P1;Ensoleillé;1009.3;987.4;0;0;0;0;37760.0;0.0;0.85;8.1;9.7;287;16.3;;;;;;;;
Grasse;43.656;6.937;06/06/2026;07:00;17.8;58;9.5;16.6;0;0.0;0.0;0.0;0.0;0.0;0;P1;Ensoleillé;1009.9;988.0;0;0;0;0;37120.0;0.0;0.85;7.3;7.9;279;17.2;;;;;;;;
Grasse;43.656;6.937;06/06/2026;08:00;18.3;58;9.9;17.3;0;0.0;0.0;0.0;0.0;0.0;0;P1;Ensoleillé;1010.4;988.5;0;0;0;0;36460.0;0.0;0.89;7.2;7.2;267;18.2;;;;;;;;
Grasse;43.656;6.937;06/06/2026;09:00;19.2;55;9.9;18.0;2;0.0;0.0;0.0;0.0;0.0;0;P1;Ensoleillé;1010.9;989.1;7;0;7;1;38000.0;0.0;1.0;8.2;9.7;256;19.5;;;;;;;;
Grasse;43.656;6.937;06/06/2026;10:00;20.4;50;9.6;18.9;4;0.0;0.0;0.0;0.0;0.0;0;P1;Ensoleillé;1011.3;989.6;19;0;18;2;39540.0;0.0;1.21;10.2;14.0;247;21.2;;;;;;;;
Grasse;43.656;6.937;06/06/2026;11:00;21.8;44;9.1;20.2;7;0.0;0.0;0.0;0.0;0.0;1;P2;Éclaircies;1011.7;990.1;32;0;31;3;41080.0;0.0;1.46;13.0;16.9;241;22.9;;;;;;;;
Grasse;43.656;6.937;06/06/2026;12:00;23.1;40;8.7;21.7;10;0.0;0.0;0.0;0.0;0.0;1;P2;Éclaircies;1012.1;990.6;44;0;42;4;42600.0;0.0;1.71;15.4;17.6;237;24.6;;;;;;;;
Grasse;43.656;6.937;06/06/2026;13:00;24.1;37;8.5;22.8;13;0.0;0.0;0.0;0.0;0.0;2;P8;Éclaircies;1012.4;990.9;53;0;51;5;44140.0;0.0;1.9;17.2;17.6;236;25.8;;;;;;;;
Grasse;43.656;6.937;06/06/2026;14:00;24.6;36;8.6;23.4;16;0.0;0.0;0.0;0.0;0.0;2;P8;Éclaircies;1012.7;991.2;57;0;55;5;45680.0;0.0;1.98;17.9;17.3;234;26.4;;;;;;;;
Grasse;43.656;6.937;06/06/2026;15:00;24.4;38;9.1;23.4;19;0.0;0.0;0.0;0.0;0.0;2;P8;Éclaircies;1013.0;991.5;54;0;52;5;43680.0;0.0;1.91;17.2;17.6;232;26.1;;;;;;;;
Grasse;43.656;6.937;06/06/2026;16:00;23.8;41;9.9;23.0;22;0.0;0.0;0.0;0.0;0.0;1;P2;Éclaircies;1013.2;991.7;46;0;44;4;41700.0;0.0;1.73;15.3;18.4;230;25.3;;;;;;;;
Grasse;43.656;6.937;06/06/2026;17:00;22.9;47;11.0;22.2;25;0.0;0.0;0.0;0.0;0.0;1;P2;Éclaircies;1013.3;991.7;35;0;34;3;39720.0;0.0;1.49;12.7;17.6;227;24.1;;;;;;;;
Grasse;43.656;6.937;06/06/2026;18:00;21.9;53;12.0;21.1;27;0.0;0.0;0.0;0.0;0.0;1;P2;Éclaircies;1013.5;991.8;23;0;22;2;37720.0;0.0;1.23;10.1;14.4;224;22.6;;;;;;;;
Grasse;43.656;6.937;06/06/2026;19:00;20.8;60;12.7;20.6;29;0.0;0.0;0.0;0.0;0.0;0;P1;Ensoleillé;1013.6;991.9;12;0;12;1;35740.0;0.0;0.99;7.4;10.1;219;21.1;;;;;;;;
Grasse;43.656;6.937;06/06/2026;20:00;20.0;65;13.1;20.2;29;0.0;0.0;0.0;0.0;0.0;0;P1;Ensoleillé;1013.7;991.9;5;0;5;0;33740.0;0.0;0.83;5.4;6.8;214;19.7;;;;;;;;
Grasse;43.656;6.937;06/06/2026;21:00;19.2;68;13.0;19.6;26;0.0;0.0;0.0;0.0;0.0;0;P1;Ensoleillé;1013.8;991.9;1;0;2;0;33740.0;0.0;0.72;3.9;6.1;214;18.3;;;;;;;;
Grasse;43.656;6.937;06/06/2026;22:00;18.3;69;12.5;18.8;21;0.0;0.0;0.0;0.0;0.0;0;P1;Ensoleillé;1013.9;992.0;0;0;0;0;33740.0;0.0;0.65;2.3;6.5;219;16.7;;;;;;;;
Grasse;43.656;6.937;06/06/2026;23:00;17.4;70;11.8;17.8;16;0.0;0.0;0.0;0.0;0.0;0;P1;Ensoleillé;1014.0;992.0;0;0;0;0;33740.0;0.0;0.6;1.1;6.8;252;15.0;;;;;;;;
Grasse;43.656;6.937;07/06/2026;00:00;16.6;70;11.1;16.8;11;0.0;0.0;0.0;0.0;0.0;0;P1;Ensoleillé;1014.0;991.9;0;0;0;0;33740.0;0.0;0.57;1.2;7.2;321;13.4;;;;;;;;
Grasse;43.656;6.937;07/06/2026;01:00;16.0;69;10.4;15.9;6;0.0;0.0;0.0;0.0;0.0;0;P1;Ensoleillé;1014.0;991.9;0;0;0;0;33740.0;0.0;0.56;2.2;7.9;351;12.3;;;;;;;;
Grasse;43.656;6.937;07/06/2026;02:00;15.7;69;10.1;15.3;2;0.0;0.0;0.0;0.0;0.0;0;P1;Ensoleillé;1014.0;991.9;0;0;0;0;33740.0;0.0;0.55;2.9;8.3;7;11.8;;;;;;;;
Grasse;43.656;6.937;07/06/2026;03:00;15.7;69;10.0;15.2;0;0.0;0.0;0.0;0.0;0.0;0;P1;Ensoleillé;1013.9;991.8;0;0;0;0;33740.0;0.0;0.55;3.6;8.3;20;12.0;;;;;;;;
Grasse;43.656;6.937;07/06/2026;04:00;15.9;69;10.1;15.3;0;0.0;0.0;0.0;0.0;0.0;0;P1;Ensoleillé;1013.8;991.7;0;1;0;0;33740.0;0.0;0.57;4.4;8.3;35;12.8;;;;;;;;
Grasse;43.656;6.937;07/06/2026;05:00;16.3;68;10.4;15.7;0;0.0;0.0;0.0;0.0;0.0;0;P1;Ensoleillé;1013.7;991.6;0;1;0;0;33740.0;0.0;0.6;5.1;7.9;45;14.0;;;;;;;;
Grasse;43.656;6.937;07/06/2026;06:00;16.9;67;10.7;16.2;0;0.0;0.0;0.0;0.0;0.0;0;P1;Ensoleillé;1013.5;991.5;1;2;0;0;33740.0;0.0;0.64;5.9;6.5;55;15.4;;;;;;;;
Grasse;43.656;6.937;07/06/2026;07:00;17.5;66;11.0;16.8;1;0.0;0.0;0.0;0.0;0.0;0;P1;Ensoleillé;1013.3;991.3;3;2;0;1;33740.0;0.0;0.68;6.8;4.3;63;16.9;;;;;;;;
Grasse;43.656;6.937;07/06/2026;08:00;18.1;65;11.4;17.4;2;0.0;0.0;0.0;0.0;0.0;0;P1;Ensoleillé;1013.0;991.1;5;2;0;3;33740.0;0.0;0.73;7.6;3.6;72;18.2;;;;;;;;
Grasse;43.656;6.937;07/06/2026;09:00;18.8;64;11.8;18.2;3;0.0;0.0;0.0;0.0;0.0;0;P1;Ensoleillé;1012.7;990.8;9;2;0;7;34200.0;0.0;0.79;8.5;5.8;83;19.7;;;;;;;;
Grasse;43.656;6.937;07/06/2026;10:00;19.8;62;12.3;19.0;4;0.0;0.0;0.0;0.0;0.0;0;P1;Ensoleillé;1012.4;990.6;15;2;0;13;34640.0;0.0;0.87;10.3;9.4;95;21.6;;;;;;;;
Grasse;43.656;6.937;07/06/2026;11:00;20.8;61;12.9;20.3;5;0.0;0.0;0.0;0.0;0.0;1;P2;Éclaircies;1012.0;990.3;21;1;0;20;35100.0;0.0;0.97;12.3;11.9;104;23.5;;;;;;;;
Grasse;43.656;6.937;07/06/2026;12:00;21.7;59;13.4;21.9;6;0.0;0.0;0.0;0.0;0.0;1;P2;Éclaircies;1011.6;990.0;27;1;0;27;35560.0;0.0;1.07;13.9;13.0;111;25.3;;;;;;;;
Grasse;43.656;6.937;07/06/2026;13:00;22.4;58;13.8;23.1;7;0.0;0.0;0.0;0.0;0.0;1;P2;Éclaircies;1011.2;989.6;31;0;0;31;36000.0;0.0;1.13;14.7;13.0;115;26.5;;;;;;;;
Grasse;43.656;6.937;07/06/2026;14:00;22.6;58;13.9;23.8;8;0.0;0.0;0.0;0.0;0.0;1;P2;Éclaircies;1010.8;989.2;33;0;0;33;36460.0;0.0;1.16;13.9;12.2;119;26.9;;;;;;;;
Grasse;43.656;6.937;07/06/2026;15:00;22.4;59;13.9;24.0;9;0.3;0.1;0.2;0.0;0.0;51;P10;Pluie faible;1010.4;988.8;31;0;1;31;36000.0;0.0;1.12;10.9;10.8;121;26.3;;;;;;;;
Grasse;43.656;6.937;07/06/2026;16:00;21.7;60;13.6;23.7;11;0.3;0.1;0.2;0.0;0.0;51;P10;Pluie faible;1009.9;988.3;27;0;1;25;35560.0;0.0;1.04;5.7;8.6;125;24.9;;;;;;;;
Grasse;43.656;6.937;07/06/2026;17:00;20.8;62;13.3;22.8;12;0.3;0.1;0.2;0.0;0.0;51;P10;Pluie faible;1009.3;987.6;20;0;2;18;35100.0;0.0;0.94;1.0;6.8;248;23.0;;;;;;;;
Grasse;43.656;6.937;07/06/2026;18:00;19.8;64;12.8;19.8;13;0.3;0.1;0.2;0.0;0.0;51;P10;Pluie faible;1008.9;987.2;14;1;3;11;34640.0;0.0;0.83;7.0;5.8;293;20.9;;;;;;;;
Grasse;43.656;6.937;07/06/2026;19:00;18.8;66;12.3;17.7;14;0.3;0.1;0.2;0.0;0.0;51;P10;Pluie faible;1008.6;986.8;8;1;4;4;34200.0;0.0;0.74;12.4;5.4;294;18.9;;;;;;;;
Grasse;43.656;6.937;07/06/2026;20:00;17.9;67;11.7;16.1;14;0.3;0.1;0.2;0.0;0.0;51;P10;Pluie faible;1008.6;986.8;4;1;4;0;33740.0;0.0;0.68;16.1;5.0;294;17.3;;;;;;;;
Grasse;43.656;6.937;07/06/2026;21:00;17.1;67;10.9;14.9;13;0.0;0.0;0.0;0.0;0.0;0;P1;Ensoleillé;1008.9;987.0;1;0;4;0;33740.0;0.0;0.65;17.7;5.0;292;16.1;;;;;;;;
Grasse;43.656;6.937;07/06/2026;22:00;16.3;66;10.0;13.7;11;0.0;0.0;0.0;0.0;0.0;0;P1;Ensoleillé;1009.5;987.5;0;0;3;0;33740.0;0.0;0.63;17.8;5.8;290;14.9;;;;;;;;
Grasse;43.656;6.937;07/06/2026;23:00;15.4;65;8.9;12.6;9;0.0;0.0;0.0;0.0;0.0;0;P1;Ensoleillé;1010.3;988.2;0;0;2;0;33740.0;0.0;0.61;17.3;6.1;287;13.9;;;;;;;;
Grasse;43.656;6.937;08/06/2026;00:00;14.6;64;7.9;11.7;7;0.0;0.0;0.0;0.0;0.0;0;P1;Ensoleillé;1011.1;988.9;0;0;1;0;33740.0;0.0;0.6;16.4;6.5;283;13.0;;;;;;;;
Grasse;43.656;6.937;08/06/2026;01:00;14.0;63;7.1;11.0;5;0.0;0.0;0.0;0.0;0.0;0;P1;Ensoleillé;1011.7;989.5;0;0;0;0;33740.0;0.0;0.59;15.6;7.2;278;12.4;;;;;;;;
Grasse;43.656;6.937;08/06/2026;02:00;13.5;63;6.5;10.4;4;0.0;0.0;0.0;0.0;0.0;0;P1;Ensoleillé;1012.2;989.9;2;2;0;0;33740.0;0.0;0.58;15.5;7.6;273;12.0;;;;;;;;
Grasse;43.656;6.937;08/06/2026;03:00;13.2;63;6.3;10.0;4;0.0;0.0;0.0;0.0;0.0;0;P1;Ensoleillé;1012.4;990.1;10;10;0;0;33740.0;0.0;0.56;16.0;7.9;268;11.8;;;;;;;;
Grasse;43.656;6.937;08/06/2026;04:00;13.0;64;6.4;9.6;4;0.0;0.0;0.0;0.0;0.0;1;P2;Éclaircies;1012.4;990.1;21;21;0;0;33740.0;0.0;0.54;16.9;8.3;263;11.9;;;;;;;;
Grasse;43.656;6.937;08/06/2026;05:00;12.9;65;6.6;9.5;4;0.0;0.0;0.0;0.0;0.0;1;P2;Éclaircies;1012.3;990.0;35;35;0;0;33740.0;0.0;0.52;17.9;7.9;257;12.2;;;;;;;;
Grasse;43.656;6.937;08/06/2026;06:00;13.0;66;6.8;9.5;5;0.0;0.0;0.0;0.0;0.0;1;P2;Éclaircies;1012.2;989.9;48;47;1;0;33740.0;0.0;0.51;19.0;6.8;253;12.7;;;;;;;;
Grasse;43.656;6.937;08/06/2026;07:00;13.3;65;7.0;9.7;5;0.0;0.0;0.0;0.0;0.0;2;P8;Éclaircies;1012.1;989.8;58;57;1;0;33740.0;0.0;0.53;20.0;5.0;251;13.4;;;;;;;;
Grasse;43.656;6.937;08/06/2026;08:00;13.9;63;7.0;10.2;6;0.0;0.0;0.0;0.0;0.0;2;P8;Éclaircies;1012.1;989.9;62;61;2;0;33740.0;0.0;0.59;20.7;4.3;252;14.4;;;;;;;;
Grasse;43.656;6.937;08/06/2026;09:00;15.0;58;6.8;11.2;7;0.0;0.0;0.0;0.0;0.0;2;P8;Éclaircies;1012.3;990.2;60;59;3;0;35740.0;0.0;0.72;21.0;5.4;256;15.9;;;;;;;;
Grasse;43.656;6.937;08/06/2026;10:00;16.6;51;6.4;12.6;7;0.0;0.0;0.0;0.0;0.0;2;P8;Éclaircies;1012.5;990.5;52;51;4;0;37720.0;0.0;0.93;21.3;7.6;262;18.0;;;;;;;;
Grasse;43.656;6.937;08/06/2026;11:00;18.4;44;6.0;14.5;8;0.0;0.0;0.0;0.0;0.0;1;P2;Éclaircies;1012.7;990.8;42;40;6;0;39720.0;0.0;1.19;21.8;10.1;270;20.4;;;;;;;;
Grasse;43.656;6.937;08/06/2026;12:00;20.2;38;5.5;16.6;9;0.0;0.0;0.0;0.0;0.0;1;P2;Éclaircies;1013.0;991.2;30;29;7;0;41700.0;0.0;1.46;22.7;13.0;278;22.6;;;;;;;;
Grasse;43.656;6.937;08/06/2026;13:00;21.7;34;5.2;18.4;9;0.0;0.0;0.0;0.0;0.0;0;P1;Ensoleillé;1013.2;991.5;19;18;8;0;43700.0;0.0;1.71;23.5;15.8;285;24.4;;;;;;;;
Grasse;43.656;6.937;08/06/2026;14:00;22.6;32;5.0;19.4;10;0.0;0.0;0.0;0.0;0.0;0;P1;Ensoleillé;1013.4;991.8;12;11;8;0;45680.0;0.0;1.87;24.0;17.6;290;25.3;;;;;;;;
Grasse;43.656;6.937;08/06/2026;15:00;22.9;31;4.9;19.7;10;0.0;0.0;0.0;0.0;0.0;0;P1;Ensoleillé;1013.4;991.8;7;7;7;0;45680.0;0.0;1.93;24.0;16.9;295;25.3;;;;;;;;
Grasse;43.656;6.937;08/06/2026;16:00;22.9;31;5.0;19.5;11;0.0;0.0;0.0;0.0;0.0;0;P1;Ensoleillé;1013.3;991.7;4;4;6;0;45680.0;0.0;1.92;23.8;15.1;299;24.6;;;;;;;;
Grasse;43.656;6.937;08/06/2026;17:00;22.5;32;5.1;18.8;11;0.0;0.0;0.0;0.0;0.0;0;P1;Ensoleillé;1013.2;991.6;1;2;4;0;45680.0;0.0;1.85;23.4;13.0;305;23.4;;;;;;;;
Grasse;43.656;6.937;08/06/2026;18:00;22.0;34;5.3;17.7;11;0.0;0.0;0.0;0.0;0.0;0;P1;Ensoleillé;1013.1;991.5;0;1;3;0;45680.0;0.0;1.75;22.8;10.4;309;21.9;;;;;;;;
Grasse;43.656;6.937;08/06/2026;19:00;21.3;36;5.5;17.0;11;0.0;0.0;0.0;0.0;0.0;0;P1;Ensoleillé;1013.2;991.5;0;1;1;0;45680.0;0.0;1.63;21.8;7.9;313;20.5;;;;;;;;
Grasse;43.656;6.937;08/06/2026;20:00;20.5;38;5.7;16.5;10;0.0;0.0;0.0;0.0;0.0;0;P1;Ensoleillé;1013.4;991.6;0;0;0;0;45680.0;0.0;1.5;20.4;5.8;316;19.1;;;;;;;;
Grasse;43.656;6.937;08/06/2026;21:00;19.5;41;5.9;15.8;9;0.0;0.0;0.0;0.0;0.0;0;P1;Ensoleillé;1013.9;992.1;3;0;0;4;43680.0;0.0;1.33;18.2;4.3;319;17.7;;;;;;;;
Grasse;43.656;6.937;08/06/2026;22:00;18.0;46;6.1;14.9;7;0.0;0.0;0.0;0.0;0.0;0;P1;Ensoleillé;1014.7;992.7;9;0;0;10;41700.0;0.0;1.13;15.0;3.6;320;16.0;;;;;;;;
Grasse;43.656;6.937;08/06/2026;23:00;16.4;51;6.3;13.9;5;0.0;0.0;0.0;0.0;0.0;0;P1;Ensoleillé;1015.5;993.4;16;0;0;17;39700.0;0.0;0.91;11.3;3.6;321;14.2;;;;;;;;
Grasse;43.656;6.937;09/06/2026;00:00;14.9;57;6.5;13.0;3;0.0;0.0;0.0;0.0;0.0;1;P2;Éclaircies;1016.4;994.2;23;0;0;24;37700.0;0.0;0.73;7.6;4.3;324;12.6;;;;;;;;
Grasse;43.656;6.937;09/06/2026;01:00;13.8;63;6.8;12.4;1;0.0;0.0;0.0;0.0;0.0;1;P2;Éclaircies;1017.2;994.9;28;0;0;29;35720.0;0.0;0.59;4.3;5.8;327;11.5;;;;;;;;
Grasse;43.656;6.937;09/06/2026;02:00;13.2;66;7.0;12.2;0;0.0;0.0;0.0;0.0;0.0;1;P2;Éclaircies;1017.8;995.4;31;0;0;31;33720.0;0.0;0.52;2.0;6.8;333;11.0;;;;;;;;
Grasse;43.656;6.937;09/06/2026;03:00;13.4;66;7.2;12.6;0;0.0;0.0;0.0;0.0;0.0;1;P2;Éclaircies;1018.2;995.8;30;0;0;30;34840.0;0.0;0.53;0.9;7.6;349;11.4;;;;;;;;
Grasse;43.656;6.937;09/06/2026;04:00;14.1;63;7.3;13.4;0;0.0;0.0;0.0;0.0;0.0;1;P2;Éclaircies;1018.4;996.1;26;0;0;27;35940.0;0.0;0.59;0.5;7.9;360;12.3;;;;;;;;
Grasse;43.656;6.937;09/06/2026;05:00;15.2;60;7.4;14.5;0;0.0;0.0;0.0;0.0;0.0;1;P2;Éclaircies;1018.5;996.2;21;0;0;22;37060.0;0.0;0.69;0.6;7.6;342;13.8;;;;;;;;
Grasse;43.656;6.937;09/06/2026;06:00;16.4;56;7.6;15.7;0;0.0;0.0;0.0;0.0;0.0;0;P1;Ensoleillé;1018.6;996.4;16;0;0;17;38160.0;0.0;0.82;0.8;6.1;315;15.4;;;;;;;;
Grasse;43.656;6.937;09/06/2026;07:00;17.6;53;7.8;17.0;0;0.0;0.0;0.0;0.0;0.0;0;P1;Ensoleillé;1018.6;996.5;11;0;0;12;39280.0;0.0;0.96;0.6;4.3;304;17.1;;;;;;;;
Grasse;43.656;6.937;09/06/2026;08:00;18.6;51;8.2;18.1;0;0.0;0.0;0.0;0.0;0.0;0;P1;Ensoleillé;1018.7;996.7;8;0;0;8;40380.0;0.0;1.06;0.4;3.6;207;18.7;;;;;;;;
Grasse;43.656;6.937;09/06/2026;09:00;19.5;50;8.7;18.9;1;0.0;0.0;0.0;0.0;0.0;0;P1;Ensoleillé;1018.8;996.8;6;0;1;5;40380.0;0.0;1.15;1.9;5.0;151;20.4;;;;;;;;
Grasse;43.656;6.937;09/06/2026;10:00;20.5;49;9.3;19.7;2;0.0;0.0;0.0;0.0;0.0;0;P1;Ensoleillé;1019.0;997.1;5;1;4;1;40380.0;0.0;1.24;4.1;7.2;146;22.5;;;;;;;;
Grasse;43.656;6.937;09/06/2026;11:00;21.4;48;10.0;21.0;3;0.0;0.0;0.0;0.0;0.0;0;P1;Ensoleillé;1019.1;997.3;4;1;6;0;40380.0;0.0;1.32;6.7;9.4;144;24.6;;;;;;;;
Grasse;43.656;6.937;09/06/2026;12:00;22.2;48;10.7;22.5;4;0.0;0.0;0.0;0.0;0.0;0;P1;Ensoleillé;1019.3;997.5;4;2;8;0;40380.0;0.0;1.38;9.1;10.8;142;26.5;;;;;;;;
Grasse;43.656;6.937;09/06/2026;13:00;22.8;48;11.3;23.5;6;0.0;0.0;0.0;0.0;0.0;0;P1;Ensoleillé;1019.3;997.6;7;2;10;0;40380.0;0.0;1.43;10.9;11.5;142;27.8;;;;;;;;
Grasse;43.656;6.937;09/06/2026;14:00;23.1;49;11.7;24.1;8;0.0;0.0;0.0;0.0;0.0;0;P1;Ensoleillé;1019.3;997.6;12;2;11;0;40380.0;0.0;1.45;11.8;12.2;142;28.4;;;;;;;;
Grasse;43.656;6.937;09/06/2026;15:00;23.0;50;11.9;24.1;10;0.0;0.0;0.0;0.0;0.0;1;P2;Éclaircies;1019.2;997.5;23;2;11;12;39720.0;0.0;1.42;11.4;12.6;143;28.1;;;;;;;;
Grasse;43.656;6.937;09/06/2026;16:00;22.6;51;12.0;23.6;13;0.0;0.0;0.0;0.0;0.0;1;P2;Éclaircies;1018.9;997.2;39;2;10;30;39080.0;0.0;1.35;10.2;12.2;146;27.0;;;;;;;;
Grasse;43.656;6.937;09/06/2026;17:00;22.1;52;11.9;22.6;15;0.0;0.0;0.0;0.0;0.0;2;P8;Éclaircies;1018.6;996.8;57;1;8;51;38420.0;0.0;1.27;8.5;11.5;148;25.4;;;;;;;;
Grasse;43.656;6.937;09/06/2026;18:00;21.4;54;11.8;21.3;17;0.0;0.0;0.0;0.0;0.0;2;P8;Éclaircies;1018.3;996.5;74;1;7;70;37760.0;0.0;1.16;6.6;9.0;154;23.5;;;;;;;;
Grasse;43.656;6.937;09/06/2026;19:00;20.6;56;11.6;20.4;18;0.0;0.0;0.0;0.0;0.0;3;P4;Nuageux;1018.1;996.2;87;0;5;85;37120.0;0.0;1.07;4.7;6.1;162;21.7;;;;;;;;
Grasse;43.656;6.937;09/06/2026;20:00;20.0;58;11.4;19.9;18;0.0;0.0;0.0;0.0;0.0;3;P4;Nuageux;1017.9;996.0;91;0;4;91;36460.0;0.0;0.99;3.5;4.0;171;20.1;;;;;;;;
Grasse;43.656;6.937;09/06/2026;21:00;19.3;59;11.1;19.3;16;0.0;0.0;0.0;0.0;0.0;3;P4;Nuageux;1017.8;995.9;85;0;3;85;36460.0;0.0;0.92;2.3;4.0;180;18.6;;;;;;;;
Grasse;43.656;6.937;09/06/2026;22:00;18.5;60;10.6;18.5;13;0.0;0.0;0.0;0.0;0.0;2;P8;Éclaircies;1017.8;995.8;70;0;3;71;36460.0;0.0;0.85;1.4;5.4;203;16.8;;;;;;;;
Grasse;43.656;6.937;09/06/2026;23:00;17.6;61;10.1;17.6;10;0.0;0.0;0.0;0.0;0.0;2;P8;Éclaircies;1017.8;995.7;51;0;2;51;36460.0;0.0;0.78;0.9;6.5;259;15.1;;;;;;;;
Grasse;43.656;6.937;10/06/2026;00:00;16.8;63;9.7;16.6;6;0.0;0.0;0.0;0.0;0.0;1;P2;Éclaircies;1017.9;995.8;30;0;2;30;36460.0;0.0;0.72;1.3;7.6;304;13.6;;;;;;;;
Grasse;43.656;6.937;10/06/2026;01:00;16.2;64;9.4;15.8;3;0.0;0.0;0.0;0.0;0.0;0;P1;Ensoleillé;1017.9;995.7;13;0;1;12;36460.0;0.0;0.66;1.8;8.6;323;12.5;;;;;;;;
Grasse;43.656;6.937;10/06/2026;02:00;15.8;66;9.4;15.3;0;0.0;0.0;0.0;0.0;0.0;0;P1;Ensoleillé;1018.0;995.8;1;0;1;0;36460.0;0.0;0.62;2.1;9.4;329;12.0;;;;;;;;
Grasse;43.656;6.937;10/06/2026;03:00;15.6;68;9.7;15.3;0;0.0;0.0;0.0;0.0;0.0;0;P1;Ensoleillé;1018.1;995.9;0;0;1;0;33100.0;0.0;0.56;1.9;9.4;338;12.2;;;;;;;;
Grasse;43.656;6.937;10/06/2026;04:00;15.5;71;10.3;15.4;0;0.0;0.0;0.0;0.0;0.0;0;P1;Ensoleillé;1018.2;996.0;0;1;1;0;29740.0;0.0;0.5;1.5;9.0;353;12.9;;;;;;;;
Grasse;43.656;6.937;10/06/2026;05:00;15.5;75;11.1;15.7;0;0.0;0.0;0.0;0.0;0.0;0;P1;Ensoleillé;1018.3;996.1;0;2;0;0;26400.0;0.0;0.44;1.2;8.3;27;13.9;;;;;;;;
Grasse;43.656;6.937;10/06/2026;06:00;15.7;78;11.9;16.1;0;0.0;0.0;0.0;0.0;0.0;0;P1;Ensoleillé;1018.3;996.1;0;2;0;0;23040.0;0.0;0.4;1.3;7.2;74;15.3;;;;;;;;
Grasse;43.656;6.937;10/06/2026;07:00;16.1;79;12.5;16.7;1;0.0;0.0;0.0;0.0;0.0;0;P1;Ensoleillé;1018.4;996.2;2;3;1;0;19680.0;0.0;0.38;1.7;5.8;108;16.8;;;;;;;;
Grasse;43.656;6.937;10/06/2026;08:00;16.8;78;12.9;17.4;2;0.0;0.0;0.0;0.0;0.0;0;P1;Ensoleillé;1018.4;996.3;4;3;1;0;16320.0;0.0;0.43;2.2;5.0;138;18.3;;;;;;;;
Grasse;43.656;6.937;10/06/2026;09:00;18.0;72;12.9;18.5;4;0.0;0.0;0.0;0.0;0.0;0;P1;Ensoleillé;1018.3;996.2;5;3;2;0;15100.0;0.0;0.58;3.1;5.4;170;20.1;;;;;;;;
Grasse;43.656;6.937;10/06/2026;10:00;19.6;64;12.6;19.7;8;0.0;0.0;0.0;0.0;0.0;0;P1;Ensoleillé;1018.2;996.3;7;2;3;1;13860.0;0.0;0.82;5.1;6.5;190;22.4;;;;;;;;
Grasse;43.656;6.937;10/06/2026;11:00;21.5;56;12.2;21.5;11;0.0;0.0;0.0;0.0;0.0;0;P1;Ensoleillé;1018.1;996.3;8;2;5;2;12640.0;0.0;1.14;7.5;7.6;200;24.8;;;;;;;;
Grasse;43.656;6.937;10/06/2026;12:00;23.2;49;11.8;23.4;15;0.0;0.0;0.0;0.0;0.0;0;P1;Ensoleillé;1017.9;996.2;10;1;6;2;11420.0;0.0;1.47;10.0;7.9;206;27.0;;;;;;;;
Grasse;43.656;6.937;10/06/2026;13:00;24.7;43;11.4;25.0;18;0.0;0.0;0.0;0.0;0.0;0;P1;Ensoleillé;1017.7;996.2;11;0;7;3;10180.0;0.0;1.77;12.0;8.3;210;28.7;;;;;;;;
Grasse;43.656;6.937;10/06/2026;14:00;25.6;41;11.2;25.8;22;0.0;0.0;0.0;0.0;0.0;0;P1;Ensoleillé;1017.6;996.1;13;0;8;5;8960.0;0.0;1.95;13.3;8.6;213;29.6;;;;;;;;
Grasse;43.656;6.937;10/06/2026;15:00;25.8;40;11.2;25.9;26;0.1;0.1;0.0;0.0;0.0;51;P10;Pluie faible;1017.5;996.0;15;0;8;7;14200.0;0.0;1.99;13.5;9.0;217;29.4;;;;;;;;
Grasse;43.656;6.937;10/06/2026;16:00;25.5;41;11.3;25.4;29;0.1;0.1;0.0;0.0;0.0;51;P10;Pluie faible;1017.3;995.8;17;0;8;10;19440.0;0.0;1.93;13.3;9.4;222;28.5;;;;;;;;
Grasse;43.656;6.937;10/06/2026;17:00;25.0;43;11.4;24.4;32;0.1;0.1;0.0;0.0;0.0;51;P10;Pluie faible;1017.2;995.7;19;0;8;14;24680.0;0.0;1.81;12.6;9.4;228;27.0;;;;;;;;
Grasse;43.656;6.937;10/06/2026;18:00;24.2;45;11.6;23.1;34;0.1;0.1;0.0;0.0;0.0;51;P10;Pluie faible;1017.0;995.4;21;1;7;17;29900.0;0.0;1.66;11.9;8.6;236;25.2;;;;;;;;
Grasse;43.656;6.937;10/06/2026;19:00;23.4;48;11.7;22.3;36;0.1;0.1;0.0;0.0;0.0;51;P10;Pluie faible;1016.9;995.3;22;1;7;19;35140.0;0.0;1.5;11.3;7.2;243;23.5;;;;;;;;
Grasse;43.656;6.937;10/06/2026;20:00;22.6;50;11.6;21.5;35;0.1;0.1;0.0;0.0;0.0;51;P10;Pluie faible;1016.8;995.1;23;1;6;21;40380.0;0.0;1.37;11.0;6.5;252;22.1;;;;;;;;
Grasse;43.656;6.937;10/06/2026;21:00;21.7;52;11.3;20.6;32;0.0;0.0;0.0;0.0;0.0;1;P2;Éclaircies;1016.7;995.0;23;1;5;21;39720.0;0.0;1.26;10.9;6.1;261;20.8;;;;;;;;
Grasse;43.656;6.937;10/06/2026;22:00;20.7;53;10.9;19.3;26;0.0;0.0;0.0;0.0;0.0;1;P2;Éclaircies;1016.7;994.9;22;1;4;21;39060.0;0.0;1.14;11.2;6.1;271;19.3;;;;;;;;
Grasse;43.656;6.937;10/06/2026;23:00;19.5;55;10.3;18.0;21;0.0;0.0;0.0;0.0;0.0;1;P2;Éclaircies;1016.7;994.8;21;1;3;20;38420.0;0.0;1.02;11.7;6.5;280;17.9;;;;;;;;
Grasse;43.656;6.937;11/06/2026;00:00;18.5;57;9.8;16.7;16;0.0;0.0;0.0;0.0;0.0;0;P1;Ensoleillé;1016.7;994.7;19;0;2;19;37760.0;0.0;0.92;12.3;7.6;288;16.6;;;;;;;;
Grasse;43.656;6.937;11/06/2026;01:00;17.5;59;9.4;15.6;10;0.0;0.0;0.0;0.0;0.0;0;P1;Ensoleillé;1016.8;994.7;18;0;2;17;37100.0;0.0;0.83;12.3;9.0;293;15.6;;;;;;;;
Grasse;43.656;6.937;11/06/2026;02:00;16.9;61;9.2;15.0;6;0.0;0.0;0.0;0.0;0.0;0;P1;Ensoleillé;1016.8;994.7;16;0;1;16;36440.0;0.0;0.76;11.6;9.7;298;15.0;;;;;;;;
Grasse;43.656;6.937;11/06/2026;03:00;16.5;63;9.4;14.9;5;0.0;0.0;0.0;0.0;0.0;0;P1;Ensoleillé;1016.8;994.7;13;0;1;14;35500.0;0.0;0.7;9.6;9.7;300;14.9;;;;;;;;
Grasse;43.656;6.937;11/06/2026;04:00;16.2;66;9.7;15.2;5;0.0;0.0;0.0;0.0;0.0;0;P1;Ensoleillé;1016.9;994.7;10;0;0;10;34540.0;0.0;0.63;6.5;8.6;304;15.0;;;;;;;;
Grasse;43.656;6.937;11/06/2026;05:00;16.1;68;10.2;15.8;6;0.0;0.0;0.0;0.0;0.0;0;P1;Ensoleillé;1017.0;994.8;6;1;0;6;33600.0;0.0;0.58;2.8;7.9;310;15.4;;;;;;;;
Grasse;43.656;6.937;11/06/2026;06:00;16.1;70;10.7;16.2;7;0.0;0.0;0.0;0.0;0.0;0;P1;Ensoleillé;1017.1;994.9;3;1;0;3;32640.0;0.0;0.54;1.3;6.8;106;16.1;;;;;;;;
Grasse;43.656;6.937;11/06/2026;07:00;16.4;72;11.2;16.1;10;0.0;0.0;0.0;0.0;0.0;0;P1;Ensoleillé;1017.2;995.0;2;1;0;2;31700.0;0.0;0.53;4.7;5.4;118;17.0;;;;;;;;
Grasse;43.656;6.937;11/06/2026;08:00;16.8;71;11.6;16.3;12;0.0;0.0;0.0;0.0;0.0;0;P1;Ensoleillé;1017.3;995.2;4;1;0;4;30740.0;0.0;0.55;7.3;4.7;120;18.1;;;;;;;;
Grasse;43.656;6.937;11/06/2026;09:00;17.7;69;11.8;17.0;15;0.0;0.0;0.0;0.0;0.0;0;P1;Ensoleillé;1017.5;995.4;11;1;0;11;32340.0;0.0;0.64;8.9;5.8;122;19.7;;;;;;;;
Grasse;43.656;6.937;11/06/2026;10:00;18.9;64;12.1;18.1;18;0.0;0.0;0.0;0.0;0.0;1;P2;Éclaircies;1017.7;995.7;22;1;1;21;33960.0;0.0;0.78;10.1;7.6;125;22.0;;;;;;;;
Grasse;43.656;6.937;11/06/2026;11:00;20.4;60;12.3;19.9;21;0.0;0.0;0.0;0.0;0.0;1;P2;Éclaircies;1017.9;996.0;35;1;2;34;35560.0;0.0;0.97;11.0;9.0;128;24.5;;;;;;;;
Grasse;43.656;6.937;11/06/2026;12:00;21.8;55;12.4;22.0;24;0.0;0.0;0.0;0.0;0.0;1;P2;Éclaircies;1018.2;996.4;48;0;2;47;37160.0;0.0;1.18;11.5;10.1;131;26.8;;;;;;;;
Grasse;43.656;6.937;11/06/2026;13:00;23.0;51;12.4;23.6;27;0.0;0.0;0.0;0.0;0.0;2;P8;Éclaircies;1018.4;996.7;59;0;3;58;38780.0;0.0;1.38;11.6;10.8;133;28.7;;;;;;;;
Grasse;43.656;6.937;11/06/2026;14:00;23.8;49;12.3;24.6;29;0.0;0.0;0.0;0.0;0.0;2;P8;Éclaircies;1018.5;996.9;67;0;3;66;40380.0;0.0;1.52;11.5;11.2;134;29.6;;;;;;;;
Grasse;43.656;6.937;11/06/2026;15:00;24.0;47;11.9;24.7;31;0.0;0.0;0.0;0.0;0.0;2;P8;Éclaircies;1018.5;996.9;71;0;3;70;40380.0;0.0;1.59;10.7;11.5;134;29.5;;;;;;;;
Grasse;43.656;6.937;11/06/2026;16:00;24.0;45;11.4;24.3;33;0.0;0.0;0.0;0.0;0.0;2;P8;Éclaircies;1018.5;996.9;74;0;2;73;40380.0;0.0;1.64;9.4;11.5;132;28.6;;;;;;;;
Grasse;43.656;6.937;11/06/2026;17:00;23.7;44;10.7;23.5;34;0.0;0.0;0.0;0.0;0.0;2;P8;Éclaircies;1018.4;996.8;75;0;2;74;40380.0;0.0;1.65;7.7;11.2;129;27.2;;;;;;;;
Grasse;43.656;6.937;11/06/2026;18:00;23.3;43;10.1;22.5;35;0.0;0.0;0.0;0.0;0.0;2;P8;Éclaircies;1018.3;996.6;74;0;1;74;40380.0;0.0;1.63;5.9;9.4;125;25.6;;;;;;;;
Grasse;43.656;6.937;11/06/2026;19:00;22.8;43;9.6;22.1;35;0.0;0.0;0.0;0.0;0.0;2;P8;Éclaircies;1018.3;996.6;72;0;0;72;40380.0;0.0;1.58;4.3;6.8;118;23.9;;;;;;;;
Grasse;43.656;6.937;11/06/2026;20:00;22.3;44;9.3;21.7;33;0.0;0.0;0.0;0.0;0.0;2;P8;Éclaircies;1018.4;996.7;69;0;0;69;40380.0;0.0;1.52;3.0;5.0;107;22.4;;;;;;;;
Grasse;43.656;6.937;11/06/2026;21:00;21.6;45;9.2;21.1;29;0.0;0.0;0.0;0.0;0.0;2;P8;Éclaircies;1018.6;996.8;63;0;0;63;39720.0;0.0;1.42;2.2;5.0;90;21.0;;;;;;;;
Grasse;43.656;6.937;11/06/2026;22:00;20.8;48;9.3;20.4;24;0.0;0.0;0.0;0.0;0.0;2;P8;Éclaircies;1018.9;997.0;53;0;0;53;39060.0;0.0;1.28;1.7;5.8;58;19.3;;;;;;;;
Grasse;43.656;6.937;11/06/2026;23:00;19.8;51;9.5;19.4;19;0.0;0.0;0.0;0.0;0.0;1;P2;Éclaircies;1019.2;997.3;43;0;0;43;38420.0;0.0;1.12;2.0;6.8;27;17.6;;;;;;;;
Grasse;43.656;6.937;12/06/2026;00:00;18.9;56;9.8;18.5;13;0.0;0.0;0.0;0.0;0.0;1;P2;Éclaircies;1019.6;997.6;33;0;0;33;37760.0;0.0;0.97;2.5;7.9;8;16.0;;;;;;;;
Grasse;43.656;6.937;12/06/2026;01:00;18.2;59;10.1;17.9;7;0.0;0.0;0.0;0.0;0.0;1;P2;Éclaircies;1019.9;997.8;26;0;0;26;37100.0;0.0;0.86;2.9;8.6;360;14.9;;;;;;;;
Grasse;43.656;6.937;12/06/2026;02:00;17.8;62;10.4;17.5;4;0.0;0.0;0.0;0.0;0.0;1;P2;Éclaircies;1020.1;998.0;25;0;0;25;36440.0;0.0;0.78;3.1;9.4;357;14.4;;;;;;;;
Grasse;43.656;6.937;12/06/2026;03:00;17.8;63;10.7;17.6;3;0.0;0.0;0.0;0.0;0.0;1;P2;Éclaircies;1020.2;998.1;31;0;0;31;36440.0;0.0;0.75;2.9;9.4;356;14.6;;;;;;;;
Grasse;43.656;6.937;12/06/2026;04:00;18.0;64;11.0;18.0;3;0.0;0.0;0.0;0.0;0.0;1;P2;Éclaircies;1020.3;998.2;43;0;0;43;36440.0;0.0;0.75;2.3;8.6;360;15.4;;;;;;;;
Grasse;43.656;6.937;12/06/2026;05:00;18.4;64;11.4;18.6;;0.0;0.0;0.0;0.0;0.0;2;P8;Éclaircies;1020.4;998.3;59;0;0;59;36440.0;0.0;0.76;1.6;7.9;6;16.5;;;;;;;;
Grasse;43.656;6.937;12/06/2026;06:00;18.9;63;11.7;19.3;;0.0;0.0;0.0;0.0;0.0;2;P8;Éclaircies;1020.4;998.4;75;0;0;75;36440.0;0.0;0.81;1.0;6.5;31;17.9;;;;;;;;
Grasse;43.656;6.937;12/06/2026;07:00;19.6;61;11.9;20.0;;0.0;0.0;0.0;0.0;0.0;3;P4;Nuageux;1020.5;998.5;89;0;0;89;36440.0;0.0;0.88;1.3;4.7;98;19.4;;;;;;;;
Grasse;43.656;6.937;12/06/2026;08:00;20.2;59;11.9;20.5;;0.0;0.0;0.0;0.0;0.0;3;P4;Nuageux;1020.5;998.6;98;0;0;98;36440.0;0.0;0.98;2.3;4.0;119;21.0;;;;;;;;
Grasse;43.656;6.937;12/06/2026;09:00;21.1;55;11.7;21.1;;0.0;0.0;0.0;0.0;0.0;3;P4;Nuageux;1020.5;998.6;100;0;0;100;37980.0;0.0;1.13;3.7;4.7;125;22.7;;;;;;;;
Grasse;43.656;6.937;12/06/2026;10:00;22.1;50;11.2;21.6;;0.0;0.0;0.0;0.0;0.0;3;P4;Nuageux;1020.5;998.7;100;0;0;100;39520.0;0.0;1.33;5.9;6.1;128;24.8;;;;;;;;
Grasse;43.656;6.937;12/06/2026;11:00;23.2;45;10.5;22.7;;0.0;0.0;0.0;0.0;0.0;3;P4;Nuageux;1020.5;998.8;100;0;0;100;41060.0;0.0;1.58;8.1;7.9;129;27.0;;;;;;;;
Grasse;43.656;6.937;12/06/2026;12:00;25.5;40;10.7;25.3;;0.0;0.0;0.0;0.0;0.0;3;P4;Nuageux;1020.1;998.5;100;0;2;100;37970.0;0.0;1.98;10.6;10.4;135;29.1;;;;;;;;
Grasse;43.656;6.937;12/06/2026;13:00;27.5;36;11.2;27.5;;0.0;0.0;0.0;0.0;0.0;3;P4;Nuageux;1019.6;998.2;100;0;3;100;34130.0;0.0;2.36;13.1;13.7;145;30.9;;;;;;;;
Grasse;43.656;6.937;12/06/2026;14:00;29.1;35;12.0;29.2;;0.0;0.0;0.0;0.0;0.0;3;P4;Nuageux;1019.0;997.7;100;0;4;100;29520.0;0.0;2.64;15.0;15.5;154;32.1;;;;;;;;
Grasse;43.656;6.937;12/06/2026;15:00;30.1;35;13.0;30.5;;0.0;0.0;0.0;0.0;0.0;3;P4;Nuageux;1018.1;996.9;97;0;5;96;24140.0;0.0;2.78;15.1;15.5;162;;;;;;;;;
Grasse;43.656;6.937;12/06/2026;16:00;29.7;35;12.6;29.9;;0.0;0.0;0.0;0.0;0.0;3;P4;Nuageux;1017.7;996.5;92;0;7;91;24140.0;0.0;2.71;14.1;14.4;161;;;;;;;;;
Grasse;43.656;6.937;12/06/2026;17:00;29.0;37;12.8;29.0;;0.0;0.0;0.0;0.0;0.0;3;P4;Nuageux;1017.4;996.2;90;0;7;89;24140.0;0.0;2.52;12.2;12.6;156;;;;;;;;;
Grasse;43.656;6.937;12/06/2026;18:00;27.9;42;13.8;27.7;;0.0;0.0;0.0;0.0;0.0;3;P4;Nuageux;1017.3;996.0;93;0;5;93;24140.0;0.0;2.18;10.3;10.1;144;;;;;;;;;
Grasse;43.656;6.937;12/06/2026;19:00;26.5;48;14.6;26.7;;0.0;0.0;0.0;0.0;0.0;3;P4;Nuageux;1017.2;995.8;99;0;2;99;24140.0;0.0;1.8;9.1;7.6;124;;;;;;;;;
Grasse;43.656;6.937;12/06/2026;20:00;25.3;53;15.0;25.8;;0.0;0.0;0.0;0.0;0.0;3;P4;Nuageux;1017.3;995.8;100;0;0;100;24140.0;0.0;1.51;8.2;5.4;105;;;;;;;;;
Grasse;43.656;6.937;12/06/2026;21:00;24.3;57;15.2;25.1;;0.0;0.0;0.0;0.0;0.0;3;P4;Nuageux;1017.5;995.9;94;0;0;94;24140.0;0.0;1.31;6.5;5.0;87;;;;;;;;;
Grasse;43.656;6.937;12/06/2026;22:00;23.4;61;15.4;24.5;;0.0;0.0;0.0;0.0;0.0;3;P4;Nuageux;1017.8;996.2;84;0;1;83;24140.0;0.0;1.12;4.7;5.4;58;;;;;;;;;
Grasse;43.656;6.937;12/06/2026;23:00;22.7;63;15.3;23.8;;0.0;0.0;0.0;0.0;0.0;2;P8;Éclaircies;1017.9;996.2;69;0;2;68;24140.0;0.0;1.02;4.5;5.8;29;;;;;;;;;
Le Cannet;43.5745;7.001;28/05/2026;00:00;25.1;63;17.6;25.8;0;0.0;0.0;0.0;0.0;0.0;3;P4;Nuageux;1016.6;1004.2;89;0;100;0;33640.0;0.03;1.18;6.8;9.7;58;21.3;24.7;25.1;20.4;0.118;0.161;0.198;0.255;0.315
Le Cannet;43.5745;7.001;28/05/2026;01:00;23.2;70;17.4;24.0;0;0.0;0.0;0.0;0.0;0.0;0;P1;Ensoleillé;1016.9;1004.4;19;0;31;0;33640.0;0.03;0.85;13.0;16.6;44;20.5;24.3;24.9;20.5;0.118;0.161;0.198;0.255;0.315
Le Cannet;43.5745;7.001;28/05/2026;02:00;22.0;81;18.6;23.6;0;0.0;0.0;0.0;0.0;0.0;2;P8;Éclaircies;1016.7;1004.2;74;0;96;0;33640.0;0.03;0.5;13.9;24.1;37;19.6;23.8;24.6;20.5;0.11;0.151;0.189;0.271;0.33
Le Cannet;43.5745;7.001;28/05/2026;03:00;21.6;85;19.0;22.9;0;0.0;0.0;0.0;0.0;0.0;0;P1;Ensoleillé;1016.6;1004.1;12;0;18;0;30740.0;0.02;0.39;12.8;24.8;68;18.9;23.4;24.4;20.5;0.111;0.151;0.189;0.271;0.33
Le Cannet;43.5745;7.001;28/05/2026;04:00;21.1;87;18.9;22.7;0;0.0;0.0;0.0;0.0;0.0;0;P1;Ensoleillé;1016.8;1004.3;0;0;3;0;30740.0;0.02;0.33;13.5;23.4;65;18.4;23.2;24.1;20.5;0.112;0.15;0.189;0.271;0.33
Le Cannet;43.5745;7.001;28/05/2026;05:00;21.2;85;18.6;23.3;0;0.0;0.0;0.0;0.0;0.0;0;P1;Ensoleillé;1017.1;1004.6;0;0;0;0;27400.0;0.02;0.38;9.0;19.1;67;17.8;22.9;23.9;20.6;0.112;0.15;0.189;0.271;0.33
Le Cannet;43.5745;7.001;28/05/2026;06:00;20.9;85;18.3;23.4;0;0.0;0.0;0.0;0.0;0.0;0;P1;Ensoleillé;1017.1;1004.5;10;0;0;0;30740.0;0.02;0.37;3.7;9.4;331;17.8;22.7;23.7;20.6;0.113;0.15;0.189;0.271;0.33
Le Cannet;43.5745;7.001;28/05/2026;07:00;20.9;90;19.2;23.2;0;0.0;0.0;0.0;0.0;0.0;1;P2;Éclaircies;1017.8;1005.2;23;32;0;0;30740.0;0.04;0.25;7.7;13.3;53;20.8;22.5;23.5;20.6;0.114;0.15;0.189;0.271;0.33
Le Cannet;43.5745;7.001;28/05/2026;08:00;22.5;81;19.1;24.6;0;0.0;0.0;0.0;0.0;0.0;0;P1;Ensoleillé;1017.6;1005.1;13;3;0;0;33640.0;0.08;0.52;12.4;29.5;60;24.4;23.2;23.3;20.6;0.114;0.15;0.189;0.27;0.33
Le Cannet;43.5745;7.001;28/05/2026;09:00;23.7;74;18.8;24.8;0;0.0;0.0;0.0;0.0;0.0;0;P1;Ensoleillé;1017.6;1005.2;4;1;0;0;33640.0;0.14;0.76;19.1;38.2;68;27.2;24.2;23.2;20.6;0.114;0.15;0.189;0.27;0.33
Le Cannet;43.5745;7.001;28/05/2026;10:00;24.8;68;18.5;26.1;0;0.0;0.0;0.0;0.0;0.0;0;P1;Ensoleillé;1017.5;1005.1;1;0;0;0;33640.0;0.23;1.0;17.0;34.2;84;29.7;25.2;23.3;20.6;0.114;0.149;0.189;0.27;0.33
Le Cannet;43.5745;7.001;28/05/2026;11:00;26.0;63;18.4;27.0;0;0.0;0.0;0.0;0.0;0.0;0;P1;Ensoleillé;1017.9;1005.5;0;0;0;0;33640.0;0.3;1.24;14.1;29.5;93;31.4;26.1;23.4;20.6;0.114;0.149;0.189;0.269;0.33
Le Cannet;43.5745;7.001;28/05/2026;12:00;27.1;57;17.8;27.5;0;0.0;0.0;0.0;0.0;0.0;0;P1;Ensoleillé;1017.7;1005.4;0;0;0;0;36300.0;0.33;1.54;15.1;29.2;93;33.1;27.1;23.6;20.6;0.112;0.149;0.188;0.268;0.329
Le Cannet;43.5745;7.001;28/05/2026;13:00;27.9;51;16.9;28.3;0;0.0;0.0;0.0;0.0;0.0;0;P1;Ensoleillé;1017.6;1005.3;0;0;0;0;36300.0;0.36;1.85;15.9;30.2;95;32.9;28.0;23.8;20.7;0.111;0.149;0.188;0.268;0.329
Le Cannet;43.5745;7.001;28/05/2026;14:00;28.6;42;14.5;27.4;3;0.0;0.0;0.0;0.0;0.0;0;P1;Ensoleillé;1017.9;1005.6;0;0;0;0;36300.0;0.36;2.28;17.4;33.8;96;33.8;28.6;24.1;20.7;0.109;0.149;0.188;0.267;0.329
Le Cannet;43.5745;7.001;28/05/2026;15:00;28.8;40;13.9;28.1;0;0.0;0.0;0.0;0.0;0.0;3;P4;Nuageux;1017.5;1005.3;100;0;100;0;36300.0;0.34;2.38;14.5;31.7;109;33.4;29.2;24.4;20.7;0.107;0.148;0.188;0.266;0.328
Le Cannet;43.5745;7.001;28/05/2026;16:00;29.7;36;13.1;27.6;0;0.0;0.0;0.0;0.0;0.0;3;P4;Nuageux;1016.9;1004.7;100;0;100;0;10740.0;0.3;2.68;13.0;29.5;88;32.4;29.3;24.7;20.7;0.106;0.148;0.188;0.266;0.328
Le Cannet;43.5745;7.001;28/05/2026;17:00;27.3;39;12.1;26.7;5;0.0;0.0;0.0;0.0;0.0;3;P4;Nuageux;1017.8;1005.5;100;0;100;0;4280.0;0.25;2.21;12.5;29.2;78;30.6;29.1;25.0;20.7;0.105;0.148;0.188;0.265;0.328
Le Cannet;43.5745;7.001;28/05/2026;18:00;24.4;70;18.6;27.3;3;0.0;0.0;0.0;0.0;0.0;3;P4;Nuageux;1017.6;1005.3;100;0;100;0;33640.0;0.17;0.92;6.5;22.7;177;28.2;28.4;25.2;20.8;0.105;0.148;0.188;0.265;0.328
Le Cannet;43.5745;7.001;28/05/2026;19:00;24.9;63;17.4;25.6;3;0.0;0.0;0.0;0.0;0.0;3;P4;Nuageux;1016.9;1004.5;100;1;100;14;36300.0;0.11;1.17;6.4;10.8;117;25.8;27.7;25.3;20.8;0.105;0.148;0.188;0.265;0.327
Le Cannet;43.5745;7.001;28/05/2026;20:00;24.1;63;16.7;26.2;3;0.0;0.0;0.0;0.0;0.0;3;P4;Nuageux;1017.5;1005.1;100;0;100;100;40100.0;0.06;1.11;4.7;7.6;32;25.1;26.8;25.3;20.8;0.106;0.147;0.188;0.264;0.327
Le Cannet;43.5745;7.001;28/05/2026;21:00;22.1;83;19.1;24.4;3;0.0;0.0;0.0;0.0;0.0;3;P4;Nuageux;1017.5;1005.0;100;5;100;100;36300.0;0.02;0.45;6.2;18.7;144;22.3;25.7;25.2;20.8;0.107;0.147;0.188;0.264;0.327
Le Cannet;43.5745;7.001;28/05/2026;22:00;22.2;74;17.3;23.3;0;0.0;0.0;0.0;0.0;0.0;3;P4;Nuageux;1017.8;1005.3;100;0;100;3;33620.0;-0.0;0.7;9.8;24.8;54;20.0;24.4;25.0;20.9;0.108;0.147;0.188;0.264;0.327
Le Cannet;43.5745;7.001;28/05/2026;23:00;22.0;74;17.1;23.5;0;0.0;0.0;0.0;0.0;0.0;3;P4;Nuageux;1018.9;1006.4;100;0;100;0;33620.0;0.01;0.69;5.8;9.0;83;19.1;23.7;24.8;20.9;0.11;0.147;0.188;0.264;0.327
Le Cannet;43.5745;7.001;29/05/2026;00:00;21.4;77;17.2;22.7;0;0.0;0.0;0.0;0.0;0.0;0;P1;Ensoleillé;1019.3;1006.7;0;0;100;0;30740.0;0.01;0.59;7.4;16.2;43;18.9;23.4;24.5;20.9;0.111;0.147;0.188;0.264;0.327
Le Cannet;43.5745;7.001;29/05/2026;01:00;21.0;83;18.0;22.9;3;0.0;0.0;0.0;0.0;0.0;0;P1;Ensoleillé;1018.9;1006.3;0;0;0;0;30740.0;0.01;0.42;5.2;8.6;16;18.1;23.1;24.3;20.9;0.112;0.147;0.188;0.264;0.327
Le Cannet;43.5745;7.001;29/05/2026;02:00;20.8;87;18.5;23.1;0;0.0;0.0;0.0;0.0;0.0;0;P1;Ensoleillé;1018.6;1006.0;0;0;0;0;30740.0;0.01;0.33;4.1;8.5;271;17.4;22.9;24.1;20.9;0.113;0.146;0.188;0.264;0.327
Le Cannet;43.5745;7.001;29/05/2026;03:00;20.5;84;17.6;22.3;0;0.0;0.0;0.0;0.0;0.0;0;P1;Ensoleillé;1018.5;1005.9;0;0;0;4;33620.0;0.01;0.4;5.5;9.4;215;16.9;22.7;23.8;21.0;0.114;0.146;0.188;0.264;0.327
Le Cannet;43.5745;7.001;29/05/2026;04:00;20.3;84;17.6;22.6;0;0.0;0.0;0.0;0.0;0.0;0;P1;Ensoleillé;1018.8;1006.2;0;0;0;6;33620.0;0.01;0.38;1.9;8.6;211;16.6;22.6;23.6;21.0;0.115;0.146;0.188;0.264;0.327
Le Cannet;43.5745;7.001;29/05/2026;05:00;19.9;82;16.8;22.2;3;0.0;0.0;0.0;0.0;0.0;0;P1;Ensoleillé;1019.2;1006.6;0;0;0;0;36300.0;0.01;0.42;0.8;4.7;333;16.3;22.5;23.4;21.0;0.116;0.146;0.189;0.264;0.327
Le Cannet;43.5745;7.001;29/05/2026;06:00;20.3;89;18.4;21.8;10;0.0;0.0;0.0;0.0;0.0;0;P1;Ensoleillé;1020.2;1007.6;0;0;0;0;33620.0;0.01;0.26;10.8;21.2;92;16.0;22.3;23.3;21.0;0.117;0.146;0.189;0.264;0.327
Le Cannet;43.5745;7.001;29/05/2026;07:00;20.9;85;18.3;22.6;3;0.0;0.0;0.0;0.0;0.0;0;P1;Ensoleillé;1020.7;1008.1;0;0;0;0;33620.0;0.02;0.37;9.7;24.5;51;19.6;22.3;23.1;21.0;0.194;0.146;0.189;0.264;0.327
Le Cannet;43.5745;7.001;29/05/2026;08:00;22.4;76;18.0;23.2;5;0.0;0.0;0.0;0.0;0.0;0;P1;Ensoleillé;1020.8;1008.3;2;2;0;0;36300.0;0.06;0.65;14.7;34.2;68;24.4;22.3;22.9;21.0;0.279;0.183;0.189;0.264;0.327
Le Cannet;43.5745;7.001;29/05/2026;09:00;23.8;65;16.8;24.3;0;0.0;0.0;0.0;0.0;0.0;0;P1;Ensoleillé;1021.0;1008.5;0;0;0;0;36300.0;0.15;1.03;12.8;29.5;74;28.2;23.2;22.8;21.0;0.247;0.196;0.189;0.264;0.327
Le Cannet;43.5745;7.001;29/05/2026;10:00;25.2;54;15.3;25.2;10;0.0;0.0;0.0;0.0;0.0;0;P1;Ensoleillé;1021.0;1008.6;0;0;0;0;36300.0;0.3;1.48;12.3;27.0;85;30.6;24.5;22.9;21.0;0.229;0.201;0.189;0.264;0.327
Le Cannet;43.5745;7.001;29/05/2026;11:00;26.1;53;15.8;26.3;8;0.0;0.0;0.0;0.0;0.0;0;P1;Ensoleillé;1021.3;1008.9;0;0;0;0;36300.0;0.38;1.59;12.1;26.3;102;32.2;25.6;23.0;21.0;0.217;0.202;0.189;0.263;0.327
Le Cannet;43.5745;7.001;29/05/2026;12:00;26.9;45;14.0;25.7;13;0.0;0.0;0.0;0.0;0.0;0;P1;Ensoleillé;1021.7;1009.3;0;0;0;0;36280.0;0.38;1.95;16.9;34.2;102;32.4;26.4;23.2;21.0;0.208;0.202;0.189;0.263;0.326
Le Cannet;43.5745;7.001;29/05/2026;13:00;26.6;50;15.4;26.1;23;0.0;0.0;0.0;0.0;0.0;0;P1;Ensoleillé;1021.8;1009.4;0;0;0;0;9860.0;0.37;1.75;15.9;35.3;108;32.7;26.8;23.4;21.0;0.342;0.224;0.189;0.262;0.326
Le Cannet;43.5745;7.001;29/05/2026;14:00;27.4;47;15.1;27.3;38;0.0;0.0;0.0;0.0;0.0;0;P1;Ensoleillé;1021.9;1009.6;0;0;0;0;3140.0;0.38;1.94;12.6;33.5;95;35.2;26.8;23.7;21.0;0.276;0.246;0.19;0.262;0.326
Le Cannet;43.5745;7.001;29/05/2026;15:00;27.7;41;13.3;26.7;30;0.0;0.0;0.0;0.0;0.0;3;P4;Nuageux;1021.7;1009.4;100;0;0;100;1560.0;0.35;2.19;14.0;29.5;125;33.7;27.1;23.9;21.0;0.256;0.247;0.191;0.261;0.326
Le Cannet;43.5745;7.001;29/05/2026;16:00;26.4;45;13.5;26.3;33;0.0;0.0;0.0;0.0;0.0;3;P4;Nuageux;1021.9;1009.5;100;0;0;100;1100.0;0.3;1.89;8.5;29.5;168;33.1;27.3;24.1;21.0;0.246;0.244;0.192;0.261;0.326
Le Cannet;43.5745;7.001;29/05/2026;17:00;26.6;43;13.0;26.6;33;0.0;0.0;0.0;0.0;0.0;3;P4;Nuageux;1021.3;1008.9;100;0;0;100;1580.0;0.25;1.99;7.1;19.4;165;31.2;27.3;24.2;21.0;0.238;0.24;0.192;0.261;0.325
Le Cannet;43.5745;7.001;29/05/2026;18:00;27.0;41;12.7;27.1;18;0.0;0.0;0.0;0.0;0.0;3;P4;Nuageux;1021.0;1008.7;100;0;0;100;2160.0;0.22;2.11;5.5;19.4;113;30.8;27.1;24.4;21.0;0.233;0.237;0.193;0.26;0.325
Le Cannet;43.5745;7.001;29/05/2026;19:00;27.1;40;12.3;27.3;5;0.0;0.0;0.0;0.0;0.0;3;P4;Nuageux;1021.1;1008.8;100;0;0;100;1300.0;0.17;2.15;3.3;15.1;41;28.8;26.7;24.5;21.1;0.229;0.234;0.194;0.26;0.325
Le Cannet;43.5745;7.001;29/05/2026;20:00;26.4;42;12.5;26.9;0;0.0;0.0;0.0;0.0;0.0;3;P4;Nuageux;1021.2;1008.8;100;0;0;100;1060.0;0.1;2.0;1.4;13.7;90;26.4;26.0;24.6;21.1;0.227;0.231;0.195;0.26;0.325
Le Cannet;43.5745;7.001;29/05/2026;21:00;25.4;42;11.6;25.0;0;0.0;0.0;0.0;0.0;0.0;3;P4;Nuageux;1021.1;1008.7;80;0;0;87;820.0;0.04;1.89;6.5;10.4;19;22.7;25.0;24.5;21.1;0.226;0.229;0.195;0.26;0.325
Le Cannet;43.5745;7.001;29/05/2026;22:00;24.7;45;12.0;24.3;0;0.0;0.0;0.0;0.0;0.0;0;P1;Ensoleillé;1021.2;1008.8;0;0;0;0;1020.0;0.01;1.71;6.6;10.4;331;21.1;23.9;24.4;21.1;0.225;0.227;0.196;0.26;0.325
Le Cannet;43.5745;7.001;29/05/2026;23:00;23.9;49;12.5;23.8;0;0.0;0.0;0.0;0.0;0.0;2;P8;Éclaircies;1021.1;1008.6;65;0;0;58;2960.0;0.01;1.51;6.2;10.1;10;20.3;23.2;24.2;21.1;0.225;0.225;0.197;0.26;0.325
Le Cannet;43.5745;7.001;30/05/2026;00:00;23.3;50;12.3;23.1;0;0.0;0.0;0.0;0.0;0.0;0;P1;Ensoleillé;1021.0;1008.5;0;0;0;0;7080.0;0.01;1.43;6.2;8.6;10;19.4;22.8;24.0;21.1;0.224;0.224;0.198;0.26;0.325
Le Cannet;43.5745;7.001;30/05/2026;01:00;22.4;54;12.6;21.9;0;0.0;0.0;0.0;0.0;0.0;0;P1;Ensoleillé;1021.0;1008.5;0;0;0;0;15680.0;0.02;1.25;8.8;12.2;325;18.6;22.5;23.7;21.1;0.222;0.223;0.198;0.26;0.325
Le Cannet;43.5745;7.001;30/05/2026;02:00;22.4;54;12.7;21.9;0;0.0;0.0;0.0;0.0;0.0;0;P1;Ensoleillé;1020.7;1008.2;0;0;0;0;36280.0;0.02;1.25;9.2;14.8;339;18.0;22.3;23.5;21.1;0.221;0.221;0.199;0.26;0.325
Le Cannet;43.5745;7.001;30/05/2026;03:00;22.0;55;12.5;21.8;0;0.0;0.0;0.0;0.0;0.0;0;P1;Ensoleillé;1020.5;1008.0;0;0;0;0;36280.0;0.02;1.19;7.0;13.7;348;17.4;22.1;23.3;21.2;0.219;0.22;0.199;0.26;0.325
Le Cannet;43.5745;7.001;30/05/2026;04:00;21.1;56;12.0;20.7;0;0.0;0.0;0.0;0.0;0.0;0;P1;Ensoleillé;1020.2;1007.6;0;0;0;0;36280.0;0.02;1.1;7.2;7.9;333;17.0;21.9;23.1;21.2;0.218;0.219;0.2;0.26;0.325
Le Cannet;43.5745;7.001;30/05/2026;05:00;20.9;56;11.8;20.3;0;0.0;0.0;0.0;0.0;0.0;0;P1;Ensoleillé;1020.2;1007.6;0;0;0;0;36280.0;0.02;1.09;8.0;9.7;333;16.6;21.8;22.9;21.2;0.217;0.218;0.2;0.26;0.325
Le Cannet;43.5745;7.001;30/05/2026;06:00;20.6;56;11.5;20.0;0;0.0;0.0;0.0;0.0;0.0;0;P1;Ensoleillé;1020.1;1007.5;0;0;0;0;36280.0;0.02;1.07;7.0;8.3;339;16.1;21.6;22.7;21.2;0.216;0.217;0.201;0.26;0.325
Le Cannet;43.5745;7.001;30/05/2026;07:00;21.6;54;11.9;21.4;0;0.0;0.0;0.0;0.0;0.0;0;P1;Ensoleillé;1020.3;1007.7;0;0;0;0;36280.0;0.03;1.19;5.2;7.2;335;19.9;21.5;22.6;21.1;0.215;0.217;0.201;0.26;0.325
Le Cannet;43.5745;7.001;30/05/2026;08:00;24.8;47;12.7;25.3;0;0.0;0.0;0.0;0.0;0.0;0;P1;Ensoleillé;1020.3;1007.9;0;0;0;0;36280.0;0.08;1.66;2.4;6.1;333;25.3;22.0;22.4;21.1;0.213;0.216;0.202;0.26;0.325
Le Cannet;43.5745;7.001;30/05/2026;09:00;26.9;39;11.8;27.2;0;0.0;0.0;0.0;0.0;0.0;0;P1;Ensoleillé;1020.2;1007.9;0;0;0;0;36280.0;0.15;2.16;1.5;7.6;225;29.2;23.4;22.4;21.1;0.21;0.214;0.202;0.259;0.325
Le Cannet;43.5745;7.001;30/05/2026;10:00;28.3;37;12.3;28.2;0;0.0;0.0;0.0;0.0;0.0;0;P1;Ensoleillé;1020.1;1007.8;0;0;0;0;40100.0;0.3;2.43;5.9;16.2;191;32.4;24.7;22.5;21.1;0.205;0.213;0.202;0.259;0.324
Le Cannet;43.5745;7.001;30/05/2026;11:00;28.3;38;12.7;27.7;0;0.0;0.0;0.0;0.0;0.0;0;P1;Ensoleillé;1019.9;1007.6;0;0;0;0;40100.0;0.38;2.39;9.8;20.9;172;34.5;25.9;22.7;21.1;0.2;0.211;0.202;0.258;0.324
Le Cannet;43.5745;7.001;30/05/2026;12:00;28.7;36;12.2;27.8;3;0.0;0.0;0.0;0.0;0.0;1;P2;Éclaircies;1019.8;1007.5;23;0;0;25;40100.0;0.43;2.53;11.0;22.7;169;35.9;27.2;23.0;21.1;0.194;0.208;0.201;0.258;0.324
Le Cannet;43.5745;7.001;30/05/2026;13:00;28.7;37;12.6;27.8;0;0.0;0.0;0.0;0.0;0.0;0;P1;Ensoleillé;1019.4;1007.2;11;0;0;13;40100.0;0.44;2.49;12.4;25.2;172;36.3;28.1;23.4;21.1;0.188;0.206;0.201;0.257;0.323
Le Cannet;43.5745;7.001;30/05/2026;14:00;28.5;40;13.6;27.6;20;0.0;0.0;0.0;0.0;0.0;3;P4;Nuageux;1018.8;1006.6;100;0;0;100;40100.0;0.4;2.33;14.1;27.4;165;36.4;28.6;23.8;21.1;0.183;0.203;0.2;0.257;0.323
Le Cannet;43.5745;7.001;30/05/2026;15:00;27.9;44;14.5;27.5;25;0.0;0.0;0.0;0.0;0.0;3;P4;Nuageux;1018.4;1006.1;100;0;0;100;40100.0;0.39;2.1;13.0;27.4;166;35.4;28.9;24.1;21.1;0.178;0.201;0.2;0.256;0.323
Le Cannet;43.5745;7.001;30/05/2026;16:00;27.4;44;14.1;26.8;30;0.0;0.0;0.0;0.0;0.0;3;P4;Nuageux;1018.4;1006.1;100;0;0;100;40100.0;0.34;2.05;13.3;26.6;167;33.5;28.8;24.5;21.2;0.174;0.199;0.2;0.255;0.323
Le Cannet;43.5745;7.001;30/05/2026;17:00;27.4;43;13.8;26.7;30;0.0;0.0;0.0;0.0;0.0;3;P4;Nuageux;1018.2;1005.9;100;0;0;100;40100.0;0.28;2.09;13.3;26.6;177;31.6;28.6;24.7;21.2;0.171;0.197;0.199;0.255;0.322
Le Cannet;43.5745;7.001;30/05/2026;18:00;26.8;48;14.9;26.8;24;0.0;0.0;0.0;0.0;0.0;3;P4;Nuageux;1017.6;1005.3;100;0;0;100;40100.0;0.19;1.83;11.1;25.8;173;29.7;27.9;24.9;21.2;0.169;0.195;0.199;0.255;0.322
Le Cannet;43.5745;7.001;30/05/2026;19:00;26.7;48;15.0;27.2;13;0.0;0.0;0.0;0.0;0.0;3;P4;Nuageux;1017.3;1005.0;99;0;0;100;40100.0;0.11;1.81;7.9;20.9;172;28.3;27.2;25.0;21.2;0.169;0.194;0.199;0.255;0.322
Le Cannet;43.5745;7.001;30/05/2026;20:00;26.5;52;15.8;27.6;5;0.0;0.0;0.0;0.0;0.0;3;P4;Nuageux;1017.0;1004.7;100;0;0;100;36280.0;0.07;1.68;6.0;14.9;186;26.2;26.4;25.0;21.2;0.169;0.192;0.199;0.255;0.322
Le Cannet;43.5745;7.001;30/05/2026;21:00;26.1;57;16.9;28.0;2;0.0;0.0;0.0;0.0;0.0;3;P4;Nuageux;1016.6;1004.3;92;0;1;92;36280.0;0.03;1.46;3.9;10.8;214;23.8;25.4;25.0;21.3;0.17;0.191;0.2;0.255;0.322
Le Cannet;43.5745;7.001;30/05/2026;22:00;25.3;61;17.2;27.5;1;0.0;0.0;0.0;0.0;0.0;2;P8;Éclaircies;1016.8;1004.4;62;0;4;61;33600.0;0.02;1.26;2.3;6.8;252;21.2;24.4;24.8;21.3;0.171;0.19;0.2;0.255;0.322
Le Cannet;43.5745;7.001;30/05/2026;23:00;24.6;62;16.9;26.8;0;0.0;0.0;0.0;0.0;0.0;1;P2;Éclaircies;1016.5;1004.1;47;0;5;44;33600.0;0.02;1.18;1.9;2.9;338;20.2;23.7;24.6;21.3;0.172;0.19;0.2;0.255;0.322
Le Cannet;43.5745;7.001;31/05/2026;00:00;24.1;62;16.3;25.9;0;0.0;0.0;0.0;0.0;0.0;1;P2;Éclaircies;1016.3;1003.9;41;0;3;39;33600.0;0.03;1.14;2.4;2.2;27;19.6;23.3;24.4;21.3;0.173;0.189;0.2;0.255;0.322
Le Cannet;43.5745;7.001;31/05/2026;01:00;23.7;60;15.5;25.0;0;0.0;0.0;0.0;0.0;0.0;3;P4;Nuageux;1015.9;1003.5;89;0;4;88;33600.0;0.02;1.17;3.9;4.0;22;19.0;23.0;24.2;21.3;0.173;0.188;0.2;0.255;0.322
Le Cannet;43.5745;7.001;31/05/2026;02:00;23.5;58;14.7;24.4;0;0.0;0.0;0.0;0.0;0.0;2;P8;Éclaircies;1015.5;1003.1;65;0;12;61;33600.0;0.02;1.21;4.4;4.3;9;18.4;22.8;24.0;21.3;0.173;0.188;0.2;0.255;0.322
Le Cannet;43.5745;7.001;31/05/2026;03:00;23.3;61;15.3;24.5;0;0.0;0.0;0.0;0.0;0.0;2;P8;Éclaircies;1015.2;1002.8;79;0;11;77;33600.0;0.02;1.11;3.9;6.1;34;17.7;22.6;23.7;21.3;0.174;0.187;0.2;0.255;0.322
Le Cannet;43.5745;7.001;31/05/2026;04:00;22.9;68;16.7;24.7;0;0.0;0.0;0.0;0.0;0.0;3;P4;Nuageux;1015.1;1002.7;99;0;5;99;33600.0;0.03;0.89;3.8;7.6;41;17.2;22.4;23.5;21.3;0.174;0.187;0.2;0.255;0.322
Le Cannet;43.5745;7.001;31/05/2026;05:00;22.6;71;17.1;24.7;0;0.0;0.0;0.0;0.0;0.0;3;P4;Nuageux;1015.0;1002.5;92;0;1;92;33600.0;0.03;0.8;3.0;7.6;14;16.5;22.2;23.4;21.3;0.174;0.186;0.201;0.255;0.322
Le Cannet;43.5745;7.001;31/05/2026;06:00;22.4;71;16.9;24.4;0;0.0;0.0;0.0;0.0;0.0;2;P8;Éclaircies;1014.9;1002.4;75;0;1;75;33600.0;0.03;0.78;2.6;5.0;344;16.0;22.0;23.2;21.3;0.173;0.186;0.201;0.254;0.322
Le Cannet;43.5745;7.001;31/05/2026;07:00;22.5;73;17.4;25.1;0;0.0;0.0;0.0;0.0;0.0;2;P8;Éclaircies;1015.1;1002.6;61;0;4;61;33600.0;0.05;0.73;0.4;5.0;360;19.8;21.9;23.0;21.3;0.173;0.186;0.201;0.254;0.322
Le Cannet;43.5745;7.001;31/05/2026;08:00;23.4;69;17.4;25.7;0;0.0;0.0;0.0;0.0;0.0;2;P8;Éclaircies;1015.5;1003.1;68;0;7;68;33600.0;0.1;0.89;2.3;5.4;108;24.1;22.3;22.8;21.3;0.172;0.185;0.201;0.254;0.322
Le Cannet;43.5745;7.001;31/05/2026;09:00;24.6;65;17.6;26.7;0;0.0;0.0;0.0;0.0;0.0;2;P8;Éclaircies;1015.7;1003.3;55;0;3;53;33600.0;0.16;1.08;4.8;12.2;103;27.3;23.6;22.8;21.3;0.171;0.185;0.2;0.254;0.322
Le Cannet;43.5745;7.001;31/05/2026;10:00;26.1;60;17.8;27.9;0;0.0;0.0;0.0;0.0;0.0;1;P2;Éclaircies;1015.9;1003.6;33;0;1;33;33600.0;0.27;1.35;7.2;17.3;117;30.1;24.9;22.9;21.3;0.168;0.185;0.2;0.254;0.322
Le Cannet;43.5745;7.001;31/05/2026;11:00;27.3;56;17.8;29.4;0;0.0;0.0;0.0;0.0;0.0;1;P2;Éclaircies;1015.8;1003.5;41;0;0;41;33600.0;0.33;1.6;10.5;22.7;121;32.4;26.1;23.1;21.3;0.165;0.184;0.199;0.253;0.321
Le Cannet;43.5745;7.001;31/05/2026;12:00;28.0;53;17.6;30.3;1;0.0;0.0;0.0;0.0;0.0;2;P8;Éclaircies;1016.0;1003.8;67;0;0;67;13800.0;0.35;1.78;12.9;27.4;117;33.9;27.2;23.3;21.3;0.162;0.183;0.199;0.252;0.321
Le Cannet;43.5745;7.001;31/05/2026;13:00;28.4;53;17.9;31.0;2;0.0;0.0;0.0;0.0;0.0;3;P4;Nuageux;1016.0;1003.8;98;0;0;98;36280.0;0.36;1.81;14.0;29.5;116;34.6;28.2;23.7;21.3;0.159;0.182;0.198;0.252;0.321
Le Cannet;43.5745;7.001;31/05/2026;14:00;28.1;55;18.2;30.9;3;0.0;0.0;0.0;0.0;0.0;3;P4;Nuageux;1015.7;1003.5;100;0;0;100;1040.0;0.35;1.71;13.9;29.9;127;34.5;28.9;24.0;21.3;0.156;0.182;0.198;0.251;0.32
Le Cannet;43.5745;7.001;31/05/2026;15:00;28.0;57;18.7;30.9;5;0.0;0.0;0.0;0.0;0.0;3;P4;Nuageux;1015.3;1003.1;100;0;0;100;920.0;0.32;1.63;12.2;29.5;124;34.3;29.2;24.4;21.3;0.153;0.181;0.197;0.251;0.32
Le Cannet;43.5745;7.001;31/05/2026;16:00;28.2;55;18.3;30.5;7;0.0;0.0;0.0;0.0;0.0;3;P4;Nuageux;1014.9;1002.7;100;0;0;100;900.0;0.27;1.72;11.3;27.0;127;30.5;29.1;24.7;21.3;0.151;0.18;0.197;0.25;0.32
Le Cannet;43.5745;7.001;31/05/2026;17:00;28.0;56;18.4;29.6;10;0.0;0.0;0.0;0.0;0.0;3;P4;Nuageux;1014.5;1002.3;100;0;1;100;980.0;0.21;1.66;11.0;25.2;142;32.7;28.9;25.0;21.4;0.149;0.179;0.197;0.25;0.32
Le Cannet;43.5745;7.001;31/05/2026;18:00;26.2;66;19.3;28.4;13;0.0;0.0;0.0;0.0;0.0;3;P4;Nuageux;1014.4;1002.1;100;0;4;100;1160.0;0.17;1.15;9.0;23.4;143;31.0;28.5;25.2;21.4;0.149;0.178;0.196;0.25;0.32
Le Cannet;43.5745;7.001;31/05/2026;19:00;25.2;71;19.6;27.9;14;0.0;0.0;0.0;0.0;0.0;2;P8;Éclaircies;1014.3;1002.0;57;0;13;51;840.0;0.12;0.93;6.6;18.0;167;28.1;28.0;25.3;21.4;0.149;0.178;0.196;0.25;0.32
Le Cannet;43.5745;7.001;31/05/2026;20:00;24.4;76;19.9;27.1;15;0.0;0.0;0.0;0.0;0.0;2;P8;Éclaircies;1014.3;1001.9;60;0;3;59;500.0;0.07;0.73;7.3;14.4;147;24.8;27.2;25.4;21.4;0.149;0.177;0.196;0.25;0.32
Le Cannet;43.5745;7.001;31/05/2026;21:00;23.2;81;19.7;25.9;14;0.0;0.0;0.0;0.0;0.0;2;P8;Éclaircies;1014.2;1001.8;55;0;0;55;380.0;0.04;0.54;6.8;14.0;108;22.3;26.2;25.4;21.4;0.15;0.176;0.196;0.25;0.32
Le Cannet;43.5745;7.001;31/05/2026;22:00;22.1;87;19.9;25.2;11;0.0;0.0;0.0;0.0;0.0;1;P2;Éclaircies;1014.7;1002.2;33;1;0;33;340.0;0.02;0.35;4.6;13.3;129;21.1;25.0;25.2;21.5;0.152;0.176;0.196;0.25;0.32
Le Cannet;43.5745;7.001;31/05/2026;23:00;21.6;90;19.9;25.0;8;0.0;0.0;0.0;0.0;0.0;1;P2;Éclaircies;1014.5;1002.0;49;4;0;47;660.0;0.01;0.26;2.6;9.0;106;20.6;24.0;25.0;21.5;0.154;0.175;0.196;0.25;0.32
Le Cannet;43.5745;7.001;01/06/2026;00:00;21.3;92;20.0;24.6;5;0.0;0.0;0.0;0.0;0.0;3;P4;Nuageux;1014.4;1001.9;88;3;0;88;1340.0;0.01;0.2;4.2;7.9;70;20.3;23.3;24.8;21.5;0.155;0.175;0.196;0.25;0.32
Le Cannet;43.5745;7.001;01/06/2026;01:00;21.0;94;20.0;24.2;2;0.0;0.0;0.0;0.0;0.0;3;P4;Nuageux;1014.3;1001.8;100;30;0;100;2160.0;0.01;0.15;4.6;9.0;51;18.9;22.9;24.5;21.5;0.155;0.174;0.196;0.25;0.319
Le Cannet;43.5745;7.001;01/06/2026;02:00;20.6;97;20.1;23.9;0;0.0;0.0;0.0;0.0;0.0;3;P4;Nuageux;1013.9;1001.4;100;94;0;100;3200.0;0.02;0.07;4.5;9.4;61;18.1;22.5;24.2;21.5;0.156;0.174;0.196;0.25;0.319
Le Cannet;43.5745;7.001;01/06/2026;03:00;20.4;97;19.9;23.3;0;0.0;0.0;0.0;0.0;0.0;3;P4;Nuageux;1013.6;1001.1;100;100;0;100;6440.0;0.02;0.07;5.8;12.6;68;17.5;22.1;23.9;21.5;0.157;0.174;0.196;0.25;0.319
Le Cannet;43.5745;7.001;01/06/2026;04:00;20.2;96;19.6;22.8;0;0.0;0.0;0.0;0.0;0.0;3;P4;Nuageux;1013.3;1000.8;100;100;5;97;20120.0;0.02;0.09;7.2;15.1;72;16.7;21.7;23.6;21.5;0.157;0.174;0.197;0.25;0.319
Le Cannet;43.5745;7.001;01/06/2026;05:00;20.2;96;19.6;22.8;0;0.0;0.0;0.0;0.0;0.0;3;P4;Nuageux;1013.1;1000.6;100;100;0;31;14000.0;0.02;0.09;7.7;16.6;79;17.0;21.4;23.4;21.5;0.158;0.174;0.197;0.25;0.319
Le Cannet;43.5745;7.001;01/06/2026;06:00;20.2;97;19.7;22.9;1;0.0;0.0;0.0;0.0;0.0;3;P4;Nuageux;1013.0;1000.5;100;100;1;41;14020.0;0.02;0.07;6.9;16.6;81;16.4;21.3;23.1;21.5;0.159;0.174;0.197;0.25;0.319
Le Cannet;43.5745;7.001;01/06/2026;07:00;20.3;96;19.7;23.0;2;0.0;0.0;0.0;0.0;0.0;3;P4;Nuageux;1013.1;1000.6;100;100;2;97;1860.0;0.01;0.1;7.2;15.5;87;19.7;21.3;22.8;21.5;0.159;0.173;0.197;0.25;0.319
Le Cannet;43.5745;7.001;01/06/2026;08:00;20.8;91;19.3;23.2;3;0.0;0.0;0.0;0.0;0.0;3;P4;Nuageux;1013.3;1000.8;100;97;1;89;2480.0;0.03;0.22;7.6;16.6;82;22.6;21.7;22.7;21.5;0.159;0.173;0.197;0.25;0.319
Le Cannet;43.5745;7.001;01/06/2026;09:00;21.6;86;19.1;23.7;3;0.0;0.0;0.0;0.0;0.0;3;P4;Nuageux;1013.6;1001.1;97;89;0;71;12860.0;0.08;0.36;8.8;20.2;78;25.8;22.7;22.6;21.5;0.158;0.173;0.197;0.25;0.319
Le Cannet;43.5745;7.001;01/06/2026;10:00;22.6;80;19.0;24.5;3;0.0;0.0;0.0;0.0;0.0;3;P4;Nuageux;1013.8;1001.4;92;79;0;61;23220.0;0.14;0.55;10.0;23.0;77;29.4;24.1;22.7;21.5;0.157;0.173;0.196;0.249;0.319
Le Cannet;43.5745;7.001;01/06/2026;11:00;23.9;73;18.8;25.5;2;0.0;0.0;0.0;0.0;0.0;2;P8;Éclaircies;1013.6;1001.2;74;48;0;51;33600.0;0.2;0.8;11.4;25.9;79;32.0;25.3;22.8;21.5;0.155;0.173;0.196;0.249;0.319
Le Cannet;43.5745;7.001;01/06/2026;12:00;24.9;69;18.8;27.2;2;0.0;0.0;0.0;0.0;0.0;3;P4;Nuageux;1013.7;1001.4;86;70;0;51;29380.0;0.25;0.98;12.0;28.4;83;33.0;26.4;23.1;21.5;0.152;0.172;0.195;0.248;0.319
Le Cannet;43.5745;7.001;01/06/2026;13:00;25.5;66;18.7;27.7;3;0.0;0.0;0.0;0.0;0.0;2;P8;Éclaircies;1013.6;1001.3;76;45;0;57;25140.0;0.3;1.11;13.0;29.5;88;33.1;27.3;23.4;21.5;0.149;0.172;0.195;0.248;0.318
Le Cannet;43.5745;7.001;01/06/2026;14:00;26.2;63;18.6;28.8;5;0.0;0.0;0.0;0.0;0.0;3;P4;Nuageux;1013.2;1000.9;90;14;0;88;20920.0;0.33;1.26;14.0;31.3;90;32.7;27.9;23.7;21.5;0.146;0.171;0.194;0.247;0.318
Le Cannet;43.5745;7.001;01/06/2026;15:00;26.5;60;18.1;29.0;10;0.0;0.0;0.0;0.0;0.0;2;P8;Éclaircies;1012.7;1000.4;75;1;0;75;24180.0;0.32;1.39;14.4;32.0;93;32.2;28.2;24.0;21.5;0.144;0.171;0.194;0.247;0.318
Le Cannet;43.5745;7.001;01/06/2026;16:00;26.5;60;18.1;28.5;16;0.0;0.0;0.0;0.0;0.0;2;P8;Éclaircies;1012.4;1000.1;58;0;0;58;27420.0;0.29;1.38;14.5;32.0;97;31.2;28.3;24.3;21.5;0.142;0.17;0.193;0.246;0.317
Le Cannet;43.5745;7.001;01/06/2026;17:00;26.0;62;18.2;27.6;24;0.0;0.0;0.0;0.0;0.0;2;P8;Éclaircies;1012.1;999.8;73;0;0;73;30680.0;0.25;1.28;13.8;31.3;99;30.0;28.1;24.5;21.5;0.141;0.17;0.193;0.246;0.317
Le Cannet;43.5745;7.001;01/06/2026;18:00;24.9;68;18.6;26.5;31;0.0;0.0;0.0;0.0;0.0;2;P8;Éclaircies;1011.8;999.5;72;0;2;72;29560.0;0.21;1.01;10.8;30.0;100;28.2;27.6;24.7;21.5;0.14;0.169;0.193;0.246;0.317
Le Cannet;43.5745;7.001;01/06/2026;19:00;23.7;75;18.9;25.7;36;0.0;0.0;0.0;0.0;0.0;3;P4;Nuageux;1011.6;999.2;68;2;4;66;28420.0;0.16;0.75;8.9;29.2;95;26.2;27.0;24.8;21.5;0.14;0.169;0.192;0.245;0.317
Le Cannet;43.5745;7.001;01/06/2026;20:00;22.6;80;18.9;24.8;38;0.0;0.0;0.0;0.0;0.0;2;P8;Éclaircies;1011.4;999.0;34;4;4;28;27300.0;0.11;0.56;7.5;29.2;93;24.2;26.2;24.9;21.5;0.141;0.168;0.192;0.245;0.317
Le Cannet;43.5745;7.001;01/06/2026;21:00;21.6;83;18.7;24.0;35;0.0;0.0;0.0;0.0;0.0;0;P1;Ensoleillé;1011.5;999.0;18;3;4;12;26220.0;0.07;0.43;6.1;28.1;93;22.5;25.3;24.8;21.5;0.142;0.168;0.192;0.245;0.317
Le Cannet;43.5745;7.001;01/06/2026;22:00;21.0;87;18.7;23.5;29;0.0;0.0;0.0;0.0;0.0;1;P2;Éclaircies;1011.9;999.4;26;2;2;23;25160.0;0.04;0.33;4.7;22.7;97;21.0;24.2;24.7;21.6;0.144;0.167;0.192;0.245;0.317
Le Cannet;43.5745;7.001;01/06/2026;23:00;20.4;90;18.7;23.1;21;0.0;0.0;0.0;0.0;0.0;1;P2;Éclaircies;1012.2;999.7;35;2;1;34;24080.0;0.01;0.24;3.3;19.1;103;19.7;23.3;24.5;21.6;0.146;0.167;0.192;0.245;0.317
Le Cannet;43.5745;7.001;02/06/2026;00:00;19.9;92;18.5;22.7;12;0.0;0.0;0.0;0.0;0.0;1;P2;Éclaircies;1012.3;999.8;40;0;0;40;22760.0;-0.0;0.19;2.3;18.0;108;18.5;22.7;24.3;21.6;0.147;0.167;0.192;0.245;0.317
Le Cannet;43.5745;7.001;02/06/2026;01:00;19.4;94;18.4;22.3;5;0.0;0.0;0.0;0.0;0.0;1;P2;Éclaircies;1012.2;999.6;45;0;0;45;21420.0;-0.0;0.14;1.2;18.4;117;17.6;22.2;24.0;21.6;0.149;0.167;0.192;0.245;0.317
Le Cannet;43.5745;7.001;02/06/2026;02:00;19.0;95;18.2;22.0;0;0.0;0.0;0.0;0.0;0.0;2;P8;Éclaircies;1012.1;999.5;53;2;0;52;20100.0;-0.0;0.11;0.5;19.8;135;17.0;21.7;23.7;21.6;0.15;0.167;0.192;0.245;0.317
Le Cannet;43.5745;7.001;02/06/2026;03:00;18.7;97;18.2;21.7;0;0.0;0.0;0.0;0.0;0.0;2;P8;Éclaircies;1012.0;999.4;68;32;0;63;13500.0;-0.0;0.07;0.2;22.0;90;16.7;21.4;23.4;21.6;0.151;0.167;0.192;0.245;0.317
Le Cannet;43.5745;7.001;02/06/2026;04:00;18.5;98;18.2;21.4;0;0.0;0.0;0.0;0.0;0.0;3;P4;Nuageux;1011.8;999.2;87;74;1;77;6920.0;0.01;0.04;0.6;25.2;18;16.6;21.1;23.2;21.6;0.152;0.167;0.193;0.245;0.317
Le Cannet;43.5745;7.001;02/06/2026;05:00;18.5;98;18.2;21.4;0;0.0;0.0;0.0;0.0;0.0;3;P4;Nuageux;1011.7;999.1;99;97;1;86;320.0;0.01;0.04;1.0;27.7;22;17.1;20.9;22.9;21.6;0.153;0.167;0.193;0.245;0.317
Le Cannet;43.5745;7.001;02/06/2026;06:00;18.9;95;18.1;21.6;0;0.0;0.0;0.0;0.0;0.0;3;P4;Nuageux;1011.8;999.2;100;87;0;89;2020.0;0.01;0.11;1.7;28.8;32;18.4;20.8;22.7;21.6;0.153;0.167;0.193;0.245;0.317
Le Cannet;43.5745;7.001;02/06/2026;07:00;19.6;90;18.0;22.2;0;0.0;0.0;0.0;0.0;0.0;3;P4;Nuageux;1012.1;999.6;94;59;0;88;3700.0;0.01;0.22;2.3;28.8;39;20.2;20.8;22.4;21.6;0.153;0.167;0.192;0.245;0.317
Le Cannet;43.5745;7.001;02/06/2026;08:00;20.3;86;17.8;22.9;0;0.0;0.0;0.0;0.0;0.0;3;P4;Nuageux;1012.3;999.8;91;34;3;87;5400.0;0.03;0.34;2.1;29.9;59;22.0;21.2;22.3;21.6;0.153;0.167;0.192;0.245;0.317
Le Cannet;43.5745;7.001;02/06/2026;09:00;21.1;81;17.7;23.6;4;0.0;0.0;0.0;0.0;0.0;3;P4;Nuageux;1012.4;999.9;93;19;35;88;10780.0;0.08;0.48;2.4;32.0;132;23.6;22.2;22.2;21.6;0.152;0.167;0.192;0.245;0.317
Le Cannet;43.5745;7.001;02/06/2026;10:00;22.0;76;17.5;24.0;9;0.0;0.0;0.0;0.0;0.0;3;P4;Nuageux;1012.5;1000.1;97;8;77;88;16160.0;0.14;0.65;5.5;34.6;163;25.1;23.7;22.3;21.5;0.151;0.166;0.191;0.244;0.317
Le Cannet;43.5745;7.001;02/06/2026;11:00;22.9;71;17.4;24.4;15;0.0;0.0;0.0;0.0;0.0;3;P4;Nuageux;1012.5;1000.1;100;0;98;90;21540.0;0.2;0.81;8.3;38.2;174;26.6;25.0;22.4;21.5;0.149;0.166;0.191;0.244;0.317
Le Cannet;43.5745;7.001;02/06/2026;12:00;23.9;67;17.3;25.1;18;0.0;0.0;0.0;0.0;0.0;3;P4;Nuageux;1012.3;999.9;100;0;77;96;25560.0;0.25;0.98;10.0;42.5;186;28.0;26.0;22.7;21.5;0.146;0.166;0.191;0.244;0.317
Le Cannet;43.5745;7.001;02/06/2026;13:00;24.9;63;17.3;25.8;19;0.0;0.0;0.0;0.0;0.0;3;P4;Nuageux;1011.9;999.6;100;0;36;100;29560.0;0.3;1.17;11.5;47.5;197;29.4;26.8;23.0;21.5;0.143;0.165;0.19;0.243;0.316
Le Cannet;43.5745;7.001;02/06/2026;14:00;25.5;60;17.2;26.2;17;0.0;0.0;0.0;0.0;0.0;3;P4;Nuageux;1011.4;999.1;99;0;5;99;33580.0;0.33;1.29;12.8;52.6;202;30.3;27.5;23.3;21.5;0.14;0.165;0.19;0.243;0.316
Le Cannet;43.5745;7.001;02/06/2026;15:00;25.6;60;17.2;26.1;14;0.0;0.0;0.0;0.0;0.0;2;P8;Éclaircies;1010.8;998.5;75;3;0;71;27460.0;0.35;1.31;14.0;57.6;198;30.6;28.0;23.7;21.5;0.137;0.165;0.19;0.242;0.316
Le Cannet;43.5745;7.001;02/06/2026;16:00;25.3;61;17.3;25.9;16;0.0;0.0;0.0;0.0;0.0;1;P2;Éclaircies;1010.2;997.9;43;8;3;32;21360.0;0.35;1.26;14.8;62.6;190;30.4;28.3;24.0;21.5;0.133;0.164;0.189;0.242;0.315
Le Cannet;43.5745;7.001;02/06/2026;17:00;24.9;63;17.4;25.5;18;0.0;0.0;0.0;0.0;0.0;1;P2;Éclaircies;1009.7;997.4;22;10;8;7;15240.0;0.34;1.17;14.5;65.9;186;29.7;28.3;24.3;21.5;0.13;0.164;0.189;0.241;0.315
Le Cannet;43.5745;7.001;02/06/2026;18:00;24.3;66;17.5;25.4;19;0.2;0.2;0.0;0.0;0.0;51;P10;Pluie faible;1009.6;997.3;24;8;9;10;13640.0;0.3;1.03;11.2;66.6;184;28.3;27.9;24.5;21.5;0.128;0.163;0.189;0.241;0.315
Le Cannet;43.5745;7.001;02/06/2026;19:00;23.5;70;17.7;25.3;21;0.2;0.2;0.0;0.0;0.0;51;P10;Pluie faible;1009.7;997.3;37;5;10;27;12060.0;0.23;0.86;6.5;65.5;183;26.3;27.1;24.7;21.6;0.127;0.163;0.189;0.24;0.314
Le Cannet;43.5745;7.001;02/06/2026;20:00;22.7;74;17.8;25.2;23;0.2;0.2;0.0;0.0;0.0;51;P10;Pluie faible;1009.7;997.3;48;2;12;41;10460.0;0.17;0.72;2.5;63.7;188;24.4;26.2;24.8;21.6;0.126;0.162;0.189;0.24;0.314
Le Cannet;43.5745;7.001;02/06/2026;21:00;22.1;77;17.9;24.9;24;0.0;0.0;0.0;0.0;0.0;2;P8;Éclaircies;1009.5;997.1;51;1;16;47;17200.0;0.12;0.61;0.9;62.3;259;22.5;25.3;24.7;21.6;0.126;0.162;0.189;0.24;0.314
Le Cannet;43.5745;7.001;02/06/2026;22:00;21.6;80;18.0;24.1;26;0.0;0.0;0.0;0.0;0.0;2;P8;Éclaircies;1009.2;996.8;52;0;22;51;23920.0;0.07;0.52;2.6;60.1;304;20.5;24.3;24.6;21.6;0.126;0.161;0.189;0.24;0.314
Le Cannet;43.5745;7.001;02/06/2026;23:00;21.1;81;17.7;23.3;27;0.0;0.0;0.0;0.0;0.0;2;P8;Éclaircies;1008.9;996.5;55;0;31;48;30660.0;0.04;0.48;4.2;56.5;301;19.2;23.5;24.4;21.6;0.126;0.161;0.189;0.24;0.314
Le Cannet;43.5745;7.001;03/06/2026;00:00;20.9;78;16.9;22.4;28;0.1;0.0;0.1;0.0;0.0;51;P10;Pluie faible;1008.7;996.3;64;0;48;35;31640.0;0.03;0.55;6.1;49.7;282;18.9;23.0;24.2;21.6;0.126;0.16;0.189;0.24;0.314
Le Cannet;43.5745;7.001;03/06/2026;01:00;20.8;73;15.8;21.5;28;0.1;0.0;0.1;0.0;0.0;51;P10;Pluie faible;1008.4;996.0;75;0;68;17;32600.0;0.04;0.66;8.7;41.0;266;19.3;22.6;24.0;21.6;0.126;0.16;0.189;0.24;0.314
Le Cannet;43.5745;7.001;03/06/2026;02:00;20.4;70;14.7;20.5;28;0.1;0.0;0.1;0.0;0.0;51;P10;Pluie faible;1008.1;995.6;77;0;77;3;33580.0;0.04;0.73;10.5;34.6;262;19.3;22.2;23.8;21.6;0.126;0.159;0.189;0.24;0.314
Le Cannet;43.5745;7.001;03/06/2026;03:00;19.5;70;13.8;19.2;27;0.0;0.0;0.0;0.0;0.0;2;P8;Éclaircies;1007.6;995.1;62;0;64;0;33580.0;0.04;0.69;10.3;31.7;267;18.0;21.7;23.5;21.6;0.126;0.159;0.189;0.24;0.314
Le Cannet;43.5745;7.001;03/06/2026;04:00;18.3;71;12.9;17.9;26;0.0;0.0;0.0;0.0;0.0;1;P2;Éclaircies;1007.0;994.5;39;0;39;1;33580.0;0.03;0.62;9.1;30.6;278;16.4;21.3;23.3;21.6;0.126;0.158;0.189;0.24;0.314
Le Cannet;43.5745;7.001;03/06/2026;05:00;17.8;70;12.2;17.3;24;0.0;0.0;0.0;0.0;0.0;1;P2;Éclaircies;1006.5;994.0;20;0;18;3;33580.0;0.03;0.62;8.4;29.2;286;15.8;21.0;23.0;21.6;0.126;0.158;0.189;0.24;0.314
Le Cannet;43.5745;7.001;03/06/2026;06:00;18.7;63;11.6;18.0;22;0.0;0.0;0.0;0.0;0.0;0;P1;Ensoleillé;1006.1;993.6;9;0;8;2;34480.0;0.03;0.79;8.9;27.0;283;17.2;20.7;22.8;21.6;0.126;0.158;0.189;0.24;0.314
Le Cannet;43.5745;7.001;03/06/2026;07:00;20.3;56;11.3;19.3;19;0.0;0.0;0.0;0.0;0.0;0;P1;Ensoleillé;1005.8;993.4;2;0;3;2;35360.0;0.04;1.04;9.4;24.5;274;19.6;20.6;22.5;21.6;0.127;0.157;0.188;0.24;0.314
Le Cannet;43.5745;7.001;03/06/2026;08:00;21.4;53;11.6;20.8;16;0.0;0.0;0.0;0.0;0.0;0;P1;Ensoleillé;1005.8;993.4;1;0;0;1;36260.0;0.07;1.19;7.6;22.3;269;22.0;20.8;22.3;21.6;0.127;0.157;0.188;0.24;0.314
Le Cannet;43.5745;7.001;03/06/2026;09:00;21.5;59;13.2;22.4;13;0.0;0.0;0.0;0.0;0.0;0;P1;Ensoleillé;1006.3;993.9;9;11;0;0;29220.0;0.13;1.05;1.0;19.4;202;23.9;21.9;22.3;21.6;0.126;0.157;0.188;0.239;0.314
Le Cannet;43.5745;7.001;03/06/2026;10:00;21.2;70;15.5;21.7;11;0.0;0.0;0.0;0.0;0.0;1;P2;Éclaircies;1007.1;994.7;22;26;0;0;22200.0;0.2;0.76;9.6;16.6;99;25.7;23.3;22.3;21.6;0.124;0.156;0.188;0.239;0.313
Le Cannet;43.5745;7.001;03/06/2026;11:00;21.2;77;17.1;22.1;8;0.0;0.0;0.0;0.0;0.0;1;P2;Éclaircies;1007.8;995.4;34;34;0;0;15160.0;0.26;0.58;16.4;16.2;94;27.3;24.7;22.4;21.6;0.122;0.156;0.188;0.238;0.313
Le Cannet;43.5745;7.001;03/06/2026;12:00;23.0;58;14.4;24.7;6;0.0;0.0;0.0;0.0;0.0;1;P2;Éclaircies;1007.6;995.3;32;2;3;31;16440.0;0.3;1.17;8.9;20.2;61;28.9;25.9;22.6;21.6;0.12;0.156;0.188;0.237;0.313
Le Cannet;43.5745;7.001;03/06/2026;13:00;23.4;60;15.2;25.2;4;0.0;0.0;0.0;0.0;0.0;1;P2;Éclaircies;1008.1;995.8;42;3;6;39;17720.0;0.34;1.14;12.3;27.0;65;30.3;27.0;23.0;21.5;0.117;0.155;0.188;0.237;0.312
Le Cannet;43.5745;7.001;03/06/2026;14:00;23.5;62;15.7;25.3;3;0.0;0.0;0.0;0.0;0.0;1;P2;Éclaircies;1008.3;996.0;48;3;7;44;19000.0;0.35;1.11;14.3;31.7;67;30.9;27.8;23.3;21.5;0.115;0.155;0.188;0.236;0.312
Le Cannet;43.5745;7.001;03/06/2026;15:00;23.6;62;15.9;25.4;2;0.0;0.0;0.0;0.0;0.0;2;P8;Éclaircies;1008.2;995.9;50;3;7;46;21420.0;0.33;1.1;14.4;33.1;68;30.7;28.1;23.7;21.5;0.113;0.155;0.188;0.236;0.312
Le Cannet;43.5745;7.001;03/06/2026;16:00;23.5;62;15.9;25.1;2;0.0;0.0;0.0;0.0;0.0;2;P8;Éclaircies;1008.0;995.7;50;2;5;47;23860.0;0.3;1.1;13.1;32.8;69;29.8;28.1;24.0;21.5;0.111;0.154;0.188;0.235;0.312
Le Cannet;43.5745;7.001;03/06/2026;17:00;23.4;62;15.7;24.7;2;0.0;0.0;0.0;0.0;0.0;1;P2;Éclaircies;1007.6;995.3;49;2;4;47;26280.0;0.26;1.1;11.0;31.7;71;28.5;27.9;24.3;21.5;0.11;0.154;0.188;0.235;0.312
Le Cannet;43.5745;7.001;03/06/2026;18:00;23.2;62;15.5;23.9;3;0.0;0.0;0.0;0.0;0.0;1;P2;Éclaircies;1007.2;994.9;47;1;2;45;28700.0;0.23;1.08;8.5;30.2;73;26.9;27.5;24.5;21.5;0.109;0.154;0.188;0.235;0.312
Le Cannet;43.5745;7.001;03/06/2026;19:00;22.8;63;15.3;23.7;3;0.0;0.0;0.0;0.0;0.0;1;P2;Éclaircies;1006.9;994.6;45;0;1;44;31140.0;0.19;1.04;6.3;28.4;75;25.3;26.9;24.7;21.6;0.109;0.153;0.188;0.234;0.311
Le Cannet;43.5745;7.001;03/06/2026;20:00;22.4;64;15.3;23.4;4;0.0;0.0;0.0;0.0;0.0;1;P2;Éclaircies;1006.7;994.3;44;0;0;44;33560.0;0.15;0.97;5.0;25.9;75;23.9;26.1;24.7;21.6;0.109;0.153;0.188;0.234;0.311
Le Cannet;43.5745;7.001;03/06/2026;21:00;21.7;67;15.3;22.8;5;0.0;0.0;0.0;0.0;0.0;1;P2;Éclaircies;1006.7;994.3;44;0;0;45;31980.0;0.1;0.85;4.6;22.3;72;22.4;24.9;24.6;21.6;0.11;0.153;0.188;0.234;0.311
Le Cannet;43.5745;7.001;03/06/2026;22:00;20.7;71;15.4;21.9;6;0.0;0.0;0.0;0.0;0.0;1;P2;Éclaircies;1006.9;994.5;45;0;0;46;30380.0;0.05;0.7;4.3;18.4;66;20.7;23.6;24.4;21.6;0.112;0.152;0.187;0.234;0.311
Le Cannet;43.5745;7.001;03/06/2026;23:00;19.6;77;15.5;20.8;7;0.0;0.0;0.0;0.0;0.0;1;P2;Éclaircies;1007.1;994.6;47;0;0;47;28800.0;0.02;0.53;4.5;15.8;56;19.0;22.6;24.2;21.6;0.113;0.152;0.187;0.234;0.311
Le Cannet;43.5745;7.001;04/06/2026;00:00;18.6;83;15.6;19.8;7;0.0;0.0;0.0;0.0;0.0;1;P2;Éclaircies;1007.3;994.8;48;0;0;48;27220.0;0.01;0.37;5.0;16.9;49;17.4;22.0;24.0;21.6;0.114;0.152;0.187;0.234;0.311
Le Cannet;43.5745;7.001;04/06/2026;01:00;17.8;88;15.7;19.0;8;0.0;0.0;0.0;0.0;0.0;1;P2;Éclaircies;1007.5;994.9;48;0;0;48;25620.0;0.02;0.25;5.3;19.8;45;16.3;21.7;23.7;21.6;0.114;0.151;0.187;0.234;0.311
Le Cannet;43.5745;7.001;04/06/2026;02:00;17.3;91;15.8;18.5;8;0.0;0.0;0.0;0.0;0.0;1;P2;Éclaircies;1007.7;995.1;47;0;0;47;24040.0;0.02;0.17;5.3;21.6;45;15.7;21.4;23.4;21.6;0.115;0.151;0.187;0.234;0.311
Le Cannet;43.5745;7.001;04/06/2026;03:00;17.1;93;15.9;18.5;8;0.0;0.0;0.0;0.0;0.0;1;P2;Éclaircies;1007.8;995.2;44;0;0;44;24580.0;0.02;0.14;5.0;21.6;46;15.7;21.1;23.2;21.6;0.115;0.151;0.187;0.234;0.311
Le Cannet;43.5745;7.001;04/06/2026;04:00;17.2;93;16.0;18.6;8;0.0;0.0;0.0;0.0;0.0;1;P2;Éclaircies;1007.9;995.3;38;0;0;38;25120.0;0.02;0.14;4.6;20.5;51;16.3;20.8;22.9;21.6;0.116;0.15;0.187;0.234;0.311
Le Cannet;43.5745;7.001;04/06/2026;05:00;17.4;92;16.1;19.0;8;0.0;0.0;0.0;0.0;0.0;1;P2;Éclaircies;1007.9;995.3;32;0;0;32;25660.0;0.02;0.16;4.0;19.8;60;17.2;20.6;22.7;21.6;0.116;0.15;0.187;0.234;0.311
Le Cannet;43.5745;7.001;04/06/2026;06:00;17.8;90;16.2;19.5;7;0.0;0.0;0.0;0.0;0.0;1;P2;Éclaircies;1008.0;995.4;26;0;0;26;26180.0;0.02;0.2;3.6;19.4;72;18.4;20.5;22.4;21.6;0.116;0.15;0.187;0.234;0.311
Le Cannet;43.5745;7.001;04/06/2026;07:00;18.4;88;16.3;20.0;7;0.0;0.0;0.0;0.0;0.0;1;P2;Éclaircies;1008.0;995.5;23;0;0;23;26720.0;0.03;0.26;3.6;19.1;90;19.7;20.5;22.2;21.6;0.117;0.15;0.187;0.234;0.311
Le Cannet;43.5745;7.001;04/06/2026;08:00;19.0;84;16.3;20.6;7;0.0;0.0;0.0;0.0;0.0;1;P2;Éclaircies;1008.0;995.5;23;0;0;23;27260.0;0.05;0.34;3.9;19.4;103;21.1;20.8;22.0;21.6;0.117;0.15;0.187;0.234;0.311
Le Cannet;43.5745;7.001;04/06/2026;09:00;19.8;80;16.3;21.3;6;0.0;0.0;0.0;0.0;0.0;1;P2;Éclaircies;1008.0;995.5;28;0;0;28;26400.0;0.11;0.46;4.9;21.2;114;22.9;21.8;22.0;21.6;0.116;0.15;0.187;0.233;0.311
Le Cannet;43.5745;7.001;04/06/2026;10:00;21.0;75;16.3;22.2;6;0.0;0.0;0.0;0.0;0.0;1;P2;Éclaircies;1008.1;995.7;37;0;0;37;25560.0;0.18;0.63;6.5;23.8;120;25.2;23.2;22.0;21.5;0.115;0.149;0.187;0.233;0.31
Le Cannet;43.5745;7.001;04/06/2026;11:00;22.3;69;16.2;23.5;6;0.0;0.0;0.0;0.0;0.0;1;P2;Éclaircies;1008.1;995.7;49;0;0;48;24700.0;0.24;0.84;8.0;27.0;124;27.7;24.5;22.2;21.5;0.114;0.149;0.187;0.232;0.31
Le Cannet;43.5745;7.001;04/06/2026;12:00;23.5;63;16.1;25.2;5;0.0;0.0;0.0;0.0;0.0;2;P8;Éclaircies;1008.1;995.8;61;0;1;60;23840.0;0.28;1.06;9.6;32.0;127;30.0;25.5;22.4;21.5;0.111;0.149;0.187;0.232;0.31
Le Cannet;43.5745;7.001;04/06/2026;13:00;24.4;59;16.0;26.5;5;0.0;0.0;0.0;0.0;0.0;2;P8;Éclaircies;1008.1;995.8;72;0;3;71;23000.0;0.31;1.24;10.6;37.8;129;31.7;26.3;22.8;21.5;0.108;0.149;0.186;0.231;0.309
Le Cannet;43.5745;7.001;04/06/2026;14:00;25.0;57;15.8;27.1;5;0.0;0.0;0.0;0.0;0.0;3;P4;Nuageux;1007.9;995.6;80;0;7;79;22140.0;0.31;1.37;10.8;42.5;133;32.5;26.7;23.1;21.5;0.109;0.149;0.186;0.231;0.309
Le Cannet;43.5745;7.001;04/06/2026;15:00;25.1;55;15.5;27.1;5;0.0;0.0;0.0;0.0;0.0;3;P4;Nuageux;1007.6;995.3;86;0;13;85;24500.0;0.28;1.42;10.1;45.7;141;32.1;26.2;23.3;21.5;0.108;0.143;0.186;0.231;0.309
Le Cannet;43.5745;7.001;04/06/2026;16:00;24.8;55;15.1;26.4;5;0.0;0.0;0.0;0.0;0.0;3;P4;Nuageux;1007.3;995.0;90;0;21;89;26840.0;0.23;1.42;9.1;47.9;155;30.9;25.3;23.5;21.5;0.112;0.138;0.186;0.23;0.309
Le Cannet;43.5745;7.001;04/06/2026;17:00;24.3;55;14.6;25.1;5;0.0;0.0;0.0;0.0;0.0;3;P4;Nuageux;1006.8;994.5;93;0;30;93;29200.0;0.18;1.38;8.5;49.3;175;29.1;24.3;23.5;21.5;0.137;0.148;0.186;0.23;0.309
Le Cannet;43.5745;7.001;04/06/2026;18:00;23.7;55;14.2;23.8;5;0.0;0.0;0.0;0.0;0.0;3;P4;Nuageux;1006.4;994.1;95;0;40;96;31560.0;0.15;1.31;8.6;50.4;196;27.0;23.4;23.5;21.5;0.207;0.189;0.185;0.23;0.309
Le Cannet;43.5745;7.001;04/06/2026;19:00;22.9;57;13.8;22.9;5;0.0;0.0;0.0;0.0;0.0;3;P4;Nuageux;1005.9;993.6;97;0;50;97;33900.0;0.12;1.22;9.0;51.1;211;25.0;22.4;23.3;21.5;0.3;0.246;0.184;0.23;0.309
Le Cannet;43.5745;7.001;04/06/2026;20:00;22.2;58;13.7;22.2;5;0.0;0.0;0.0;0.0;0.0;3;P4;Nuageux;1005.5;993.1;99;0;58;98;36260.0;0.09;1.12;8.7;50.0;222;23.3;21.7;23.1;21.5;0.365;0.292;0.187;0.23;0.309
Le Cannet;43.5745;7.001;04/06/2026;21:00;21.4;62;13.7;21.6;5;0.9;0.5;0.4;0.0;0.0;53;P10;Pluie faible;1005.1;992.7;100;4;67;98;30760.0;0.06;0.98;6.8;45.7;230;21.9;21.3;22.9;21.5;0.378;0.317;0.198;0.23;0.309
Le Cannet;43.5745;7.001;04/06/2026;22:00;20.3;66;13.9;21.1;5;0.9;0.5;0.4;0.0;0.0;53;P10;Pluie faible;1004.8;992.4;100;9;76;97;25260.0;0.03;0.8;3.4;39.6;254;20.3;21.0;22.7;21.5;0.363;0.331;0.214;0.23;0.309
Le Cannet;43.5745;7.001;04/06/2026;23:00;19.2;73;14.2;20.1;5;0.9;0.5;0.4;0.0;0.0;53;P10;Pluie faible;1004.5;992.0;100;15;85;95;19760.0;0.02;0.61;3.0;36.4;346;18.9;20.7;22.5;21.5;0.347;0.337;0.227;0.23;0.309
Le Cannet;43.5745;7.001;05/06/2026;00:00;18.1;80;14.5;18.6;4;0.9;0.5;0.4;0.0;0.0;53;P10;Pluie faible;1004.1;991.6;100;21;93;92;14240.0;0.03;0.43;6.7;30.0;16;17.5;20.2;22.2;21.5;0.336;0.332;0.235;0.23;0.309
Le Cannet;43.5745;7.001;05/06/2026;01:00;17.2;86;14.8;17.4;3;0.9;0.5;0.4;0.0;0.0;53;P10;Pluie faible;1003.8;991.3;100;25;99;87;8740.0;0.05;0.28;10.0;23.9;23;16.5;19.6;22.0;21.5;0.324;0.319;0.241;0.23;0.309
Le Cannet;43.5745;7.001;05/06/2026;02:00;16.7;90;15.1;16.7;1;0.9;0.5;0.4;0.0;0.0;53;P10;Pluie faible;1003.4;990.8;100;27;100;80;3240.0;0.06;0.18;11.8;15.3;25;15.9;19.2;21.8;21.5;0.315;0.309;0.245;0.23;0.309
Le Cannet;43.5745;7.001;05/06/2026;03:00;16.5;93;15.4;16.6;1;2.9;0.4;2.5;0.0;0.0;63;P10;Pluie;1002.9;990.3;95;26;97;69;7240.0;0.0;0.13;11.4;4.7;26;15.7;;;;;;;;
Le Cannet;43.5745;7.001;05/06/2026;04:00;16.4;96;15.8;17.0;2;2.9;0.4;2.5;0.0;0.0;63;P10;Pluie;1002.4;989.8;87;23;89;55;11240.0;0.0;0.08;9.7;4.7;28;15.8;;;;;;;;
Le Cannet;43.5745;7.001;05/06/2026;05:00;16.6;97;16.2;17.7;3;2.9;0.4;2.5;0.0;0.0;63;P10;Pluie;1001.9;989.4;79;18;79;39;15240.0;0.0;0.05;7.3;4.7;30;16.2;;;;;;;;
Le Cannet;43.5745;7.001;05/06/2026;06:00;17.0;96;16.4;18.7;2;2.9;0.4;2.5;0.0;0.0;63;P10;Pluie;1001.4;988.9;69;13;68;23;19240.0;0.0;0.07;4.2;4.3;31;16.8;;;;;;;;
Le Cannet;43.5745;7.001;05/06/2026;07:00;17.6;94;16.5;19.7;1;2.9;0.4;2.5;0.0;0.0;63;P10;Pluie;1000.9;988.4;60;8;57;9;23240.0;0.0;0.13;0.9;4.3;11;17.7;;;;;;;;
Le Cannet;43.5745;7.001;05/06/2026;08:00;18.3;88;16.3;20.2;0;2.9;0.4;2.5;0.0;0.0;63;P10;Pluie;1000.6;988.1;51;5;48;0;27240.0;0.0;0.25;2.3;5.8;241;18.6;;;;;;;;
Le Cannet;43.5745;7.001;05/06/2026;09:00;19.5;79;15.7;20.6;1;0.0;0.0;0.0;0.0;0.0;1;P2;Éclaircies;1000.4;988.0;42;3;40;0;30260.0;0.0;0.48;5.7;10.4;242;19.9;;;;;;;;
Le Cannet;43.5745;7.001;05/06/2026;10:00;21.1;67;14.7;21.2;2;0.0;0.0;0.0;0.0;0.0;1;P2;Éclaircies;1000.3;988.0;33;2;31;0;33280.0;0.0;0.83;9.9;16.9;245;21.6;;;;;;;;
Le Cannet;43.5745;7.001;05/06/2026;11:00;22.8;55;13.4;21.8;3;0.0;0.0;0.0;0.0;0.0;1;P2;Éclaircies;1000.2;987.9;24;1;22;0;36320.0;0.0;1.24;14.6;21.6;248;23.5;;;;;;;;
Le Cannet;43.5745;7.001;05/06/2026;12:00;24.5;46;12.2;23.0;4;0.0;0.0;0.0;0.0;0.0;0;P1;Ensoleillé;1000.2;988.0;16;1;15;0;39340.0;0.0;1.66;19.1;23.0;249;25.3;;;;;;;;
Le Cannet;43.5745;7.001;05/06/2026;13:00;25.9;40;11.1;24.1;5;0.0;0.0;0.0;0.0;0.0;0;P1;Ensoleillé;1000.3;988.2;8;0;8;0;42360.0;0.0;2.01;22.7;23.0;250;26.7;;;;;;;;
Le Cannet;43.5745;7.001;05/06/2026;14:00;26.6;36;10.4;24.7;6;0.0;0.0;0.0;0.0;0.0;0;P1;Ensoleillé;1000.4;988.3;3;0;3;0;45380.0;0.0;2.23;25.0;22.7;249;27.4;;;;;;;;
Le Cannet;43.5745;7.001;05/06/2026;15:00;26.7;36;10.2;24.6;5;0.0;0.0;0.0;0.0;0.0;0;P1;Ensoleillé;1000.6;988.5;0;0;0;0;44500.0;0.0;2.26;25.8;23.0;248;27.2;;;;;;;;
Le Cannet;43.5745;7.001;05/06/2026;16:00;26.2;37;10.3;24.0;4;0.0;0.0;0.0;0.0;0.0;0;P1;Ensoleillé;1000.8;988.7;0;0;0;0;43620.0;0.0;2.16;25.5;23.0;247;26.3;;;;;;;;
Le Cannet;43.5745;7.001;05/06/2026;17:00;25.5;39;10.5;23.0;3;0.0;0.0;0.0;0.0;0.0;0;P1;Ensoleillé;1001.1;988.9;0;0;0;0;42760.0;0.0;1.99;24.5;22.3;245;25.1;;;;;;;;
Le Cannet;43.5745;7.001;05/06/2026;18:00;24.5;42;10.8;21.7;2;0.0;0.0;0.0;0.0;0.0;0;P1;Ensoleillé;1001.5;989.3;0;0;0;0;41880.0;0.0;1.77;22.9;19.8;242;23.6;;;;;;;;
Le Cannet;43.5745;7.001;05/06/2026;19:00;23.5;45;11.0;20.7;1;0.0;0.0;0.0;0.0;0.0;0;P1;Ensoleillé;1001.9;989.6;0;0;0;0;41000.0;0.0;1.58;21.4;16.2;240;22.2;;;;;;;;
Le Cannet;43.5745;7.001;05/06/2026;20:00;22.6;48;10.9;20.0;0;0.0;0.0;0.0;0.0;0.0;0;P1;Ensoleillé;1002.4;990.1;0;0;0;0;40120.0;0.0;1.43;20.1;13.0;239;20.9;;;;;;;;
Le Cannet;43.5745;7.001;05/06/2026;21:00;21.7;49;10.5;19.1;1;0.0;0.0;0.0;0.0;0.0;0;P1;Ensoleillé;1003.0;990.7;0;0;0;0;39480.0;0.0;1.33;18.7;10.1;240;19.8;;;;;;;;
Le Cannet;43.5745;7.001;05/06/2026;22:00;20.6;50;9.8;18.1;2;0.0;0.0;0.0;0.0;0.0;0;P1;Ensoleillé;1003.6;991.2;0;0;0;0;38820.0;0.0;1.22;17.1;6.8;242;18.5;;;;;;;;
Le Cannet;43.5745;7.001;05/06/2026;23:00;19.5;51;9.0;17.0;3;0.0;0.0;0.0;0.0;0.0;0;P1;Ensoleillé;1004.4;991.9;1;0;1;0;38180.0;0.0;1.12;15.6;5.0;246;17.2;;;;;;;;
Le Cannet;43.5745;7.001;06/06/2026;00:00;18.5;51;8.3;16.1;3;0.0;0.0;0.0;0.0;0.0;0;P1;Ensoleillé;1005.1;992.6;1;0;1;0;37540.0;0.0;1.04;13.9;4.7;250;16.0;;;;;;;;
Le Cannet;43.5745;7.001;06/06/2026;01:00;17.7;52;7.7;15.3;3;0.0;0.0;0.0;0.0;0.0;0;P1;Ensoleillé;1005.8;993.3;2;0;2;0;36880.0;0.0;0.98;12.5;5.0;254;15.1;;;;;;;;
Le Cannet;43.5745;7.001;06/06/2026;02:00;17.2;53;7.4;14.9;3;0.0;0.0;0.0;0.0;0.0;0;P1;Ensoleillé;1006.5;993.9;2;0;2;0;36240.0;0.0;0.93;11.4;5.4;257;14.7;;;;;;;;
Le Cannet;43.5745;7.001;06/06/2026;03:00;16.9;54;7.5;14.8;3;0.0;0.0;0.0;0.0;0.0;0;P1;Ensoleillé;1007.1;994.5;1;0;1;0;36240.0;0.0;0.89;10.5;5.4;258;14.6;;;;;;;;
Le Cannet;43.5745;7.001;06/06/2026;04:00;16.9;55;7.9;15.0;3;0.0;0.0;0.0;0.0;0.0;0;P1;Ensoleillé;1007.8;995.2;0;0;0;0;36240.0;0.0;0.86;9.4;5.4;258;15.0;;;;;;;;
Le Cannet;43.5745;7.001;06/06/2026;05:00;17.1;57;8.5;15.5;3;0.0;0.0;0.0;0.0;0.0;0;P1;Ensoleillé;1008.4;995.8;0;0;0;0;36240.0;0.0;0.84;8.4;5.4;255;15.6;;;;;;;;
Le Cannet;43.5745;7.001;06/06/2026;06:00;17.4;58;9.2;16.1;4;0.0;0.0;0.0;0.0;0.0;0;P1;Ensoleillé;1009.0;996.4;0;0;0;0;36240.0;0.0;0.83;7.9;5.0;250;16.3;;;;;;;;
Le Cannet;43.5745;7.001;06/06/2026;07:00;17.8;59;9.8;16.7;5;0.0;0.0;0.0;0.0;0.0;0;P1;Ensoleillé;1009.6;997.0;0;0;0;0;36240.0;0.0;0.83;7.5;4.7;243;17.3;;;;;;;;
Le Cannet;43.5745;7.001;06/06/2026;08:00;18.4;59;10.3;17.3;6;0.0;0.0;0.0;0.0;0.0;0;P1;Ensoleillé;1010.1;997.5;0;0;0;0;36240.0;0.0;0.86;8.0;6.5;234;18.2;;;;;;;;
Le Cannet;43.5745;7.001;06/06/2026;09:00;19.2;58;10.6;18.0;7;0.0;0.0;0.0;0.0;0.0;0;P1;Ensoleillé;1010.6;998.1;7;0;6;0;35000.0;0.0;0.94;9.7;13.0;225;19.5;;;;;;;;
Le Cannet;43.5745;7.001;06/06/2026;10:00;20.2;55;10.9;18.7;9;0.0;0.0;0.0;0.0;0.0;0;P1;Ensoleillé;1011.1;998.6;17;0;16;1;33760.0;0.0;1.07;12.4;22.0;219;21.1;;;;;;;;
Le Cannet;43.5745;7.001;06/06/2026;11:00;21.5;52;11.2;19.9;10;0.0;0.0;0.0;0.0;0.0;1;P2;Éclaircies;1011.5;999.0;29;0;28;1;32520.0;0.0;1.23;15.8;28.4;214;22.9;;;;;;;;
Le Cannet;43.5745;7.001;06/06/2026;12:00;22.6;49;11.4;21.2;11;0.0;0.0;0.0;0.0;0.0;1;P2;Éclaircies;1011.9;999.5;40;0;38;2;31280.0;0.0;1.39;19.1;30.6;211;24.5;;;;;;;;
Le Cannet;43.5745;7.001;06/06/2026;13:00;23.5;48;11.7;22.3;12;0.0;0.0;0.0;0.0;0.0;1;P2;Éclaircies;1012.3;999.9;48;0;47;2;30040.0;0.0;1.52;21.5;30.6;210;25.7;;;;;;;;
Le Cannet;43.5745;7.001;06/06/2026;14:00;23.9;47;12.0;22.8;13;0.0;0.0;0.0;0.0;0.0;2;P8;Éclaircies;1012.6;1000.2;52;0;50;2;28800.0;0.0;1.56;22.6;30.2;209;26.3;;;;;;;;
Le Cannet;43.5745;7.001;06/06/2026;15:00;23.8;49;12.4;22.9;12;0.0;0.0;0.0;0.0;0.0;1;P2;Éclaircies;1012.8;1000.4;49;0;48;2;29600.0;0.0;1.5;22.0;31.0;209;26.0;;;;;;;;
Le Cannet;43.5745;7.001;06/06/2026;16:00;23.3;52;12.9;22.5;11;0.0;0.0;0.0;0.0;0.0;1;P2;Éclaircies;1013.0;1000.6;42;0;41;2;30380.0;0.0;1.37;20.2;31.7;209;25.2;;;;;;;;
Le Cannet;43.5745;7.001;06/06/2026;17:00;22.5;57;13.4;21.7;10;0.0;0.0;0.0;0.0;0.0;1;P2;Éclaircies;1013.2;1000.8;32;0;31;1;31180.0;0.0;1.18;17.8;31.0;210;24.0;;;;;;;;
Le Cannet;43.5745;7.001;06/06/2026;18:00;21.6;62;13.9;20.7;9;0.0;0.0;0.0;0.0;0.0;1;P2;Éclaircies;1013.3;1000.8;21;0;21;1;31960.0;0.0;0.99;14.9;27.7;212;22.5;;;;;;;;
Le Cannet;43.5745;7.001;06/06/2026;19:00;20.7;66;14.2;20.3;7;0.0;0.0;0.0;0.0;0.0;0;P1;Ensoleillé;1013.4;1000.9;12;0;11;0;32760.0;0.0;0.82;12.0;23.4;215;21.0;;;;;;;;
Le Cannet;43.5745;7.001;06/06/2026;20:00;19.9;70;14.2;19.9;6;0.0;0.0;0.0;0.0;0.0;0;P1;Ensoleillé;1013.5;1001.0;5;0;5;0;33540.0;0.0;0.7;9.5;19.1;217;19.7;;;;;;;;
Le Cannet;43.5745;7.001;06/06/2026;21:00;19.1;72;13.9;19.3;5;0.0;0.0;0.0;0.0;0.0;0;P1;Ensoleillé;1013.6;1001.0;1;0;2;0;33540.0;0.0;0.62;7.4;15.5;221;18.4;;;;;;;;
Le Cannet;43.5745;7.001;06/06/2026;22:00;18.3;73;13.4;18.6;4;0.0;0.0;0.0;0.0;0.0;0;P1;Ensoleillé;1013.7;1001.1;0;0;0;0;33540.0;0.0;0.57;5.2;12.2;229;16.9;;;;;;;;
Le Cannet;43.5745;7.001;06/06/2026;23:00;17.4;74;12.6;17.7;3;0.0;0.0;0.0;0.0;0.0;0;P1;Ensoleillé;1013.8;1001.1;0;0;0;0;33540.0;0.0;0.52;3.3;9.4;248;15.3;;;;;;;;
Le Cannet;43.5745;7.001;07/06/2026;00:00;16.6;74;11.9;16.9;4;0.0;0.0;0.0;0.0;0.0;0;P1;Ensoleillé;1013.9;1001.2;0;0;0;0;33520.0;0.0;0.5;2.1;7.6;285;13.9;;;;;;;;
Le Cannet;43.5745;7.001;07/06/2026;01:00;16.0;73;11.3;16.1;5;0.0;0.0;0.0;0.0;0.0;0;P1;Ensoleillé;1013.9;1001.2;0;0;0;0;33520.0;0.0;0.48;2.6;6.1;335;12.9;;;;;;;;
Le Cannet;43.5745;7.001;07/06/2026;02:00;15.7;73;10.9;15.5;6;0.0;0.0;0.0;0.0;0.0;0;P1;Ensoleillé;1013.9;1001.2;0;0;0;0;33520.0;0.0;0.49;3.6;5.4;357;12.4;;;;;;;;
Le Cannet;43.5745;7.001;07/06/2026;03:00;15.8;72;10.7;15.3;7;0.0;0.0;0.0;0.0;0.0;0;P1;Ensoleillé;1013.8;1001.1;2;0;0;2;33520.0;0.0;0.5;4.7;4.3;9;12.6;;;;;;;;
Le Cannet;43.5745;7.001;07/06/2026;04:00;16.1;70;10.7;15.5;8;0.0;0.0;0.0;0.0;0.0;0;P1;Ensoleillé;1013.7;1001.0;6;1;0;6;33520.0;0.0;0.54;5.6;3.6;15;13.4;;;;;;;;
Le Cannet;43.5745;7.001;07/06/2026;05:00;16.6;69;10.8;15.9;10;0.0;0.0;0.0;0.0;0.0;0;P1;Ensoleillé;1013.6;1000.9;10;1;0;10;33520.0;0.0;0.59;6.4;4.3;22;14.5;;;;;;;;
Le Cannet;43.5745;7.001;07/06/2026;06:00;17.2;67;11.0;16.5;12;0.0;0.0;0.0;0.0;0.0;0;P1;Ensoleillé;1013.4;1000.7;15;2;0;14;33520.0;0.0;0.65;6.9;6.8;28;15.8;;;;;;;;
Le Cannet;43.5745;7.001;07/06/2026;07:00;17.8;66;11.2;17.1;15;0.0;0.0;0.0;0.0;0.0;0;P1;Ensoleillé;1013.2;1000.6;19;2;0;18;33520.0;0.0;0.7;7.4;10.8;34;17.2;;;;;;;;
Le Cannet;43.5745;7.001;07/06/2026;08:00;18.4;65;11.6;17.8;16;0.0;0.0;0.0;0.0;0.0;1;P2;Éclaircies;1013.0;1000.4;22;2;0;21;33520.0;0.0;0.75;7.6;15.1;43;18.5;;;;;;;;
Le Cannet;43.5745;7.001;07/06/2026;09:00;19.0;65;12.2;18.5;13;0.0;0.0;0.0;0.0;0.0;1;P2;Éclaircies;1012.7;1000.1;24;2;0;23;31780.0;0.0;0.78;8.2;20.9;57;20.0;;;;;;;;
Le Cannet;43.5745;7.001;07/06/2026;10:00;19.8;65;13.0;19.4;9;0.0;0.0;0.0;0.0;0.0;1;P2;Éclaircies;1012.4;999.9;26;2;0;25;30060.0;0.0;0.81;9.6;27.4;74;21.9;;;;;;;;
Le Cannet;43.5745;7.001;07/06/2026;11:00;20.7;65;14.0;20.6;6;0.0;0.0;0.0;0.0;0.0;1;P2;Éclaircies;1012.1;999.6;27;1;0;27;28340.0;0.0;0.84;11.5;31.3;86;23.8;;;;;;;;
Le Cannet;43.5745;7.001;07/06/2026;12:00;21.4;66;14.8;22.1;8;0.0;0.0;0.0;0.0;0.0;1;P2;Éclaircies;1011.7;999.2;28;1;0;28;26600.0;0.0;0.87;13.6;30.6;96;25.5;;;;;;;;
Le Cannet;43.5745;7.001;07/06/2026;13:00;22.0;67;15.6;23.3;11;0.0;0.0;0.0;0.0;0.0;1;P2;Éclaircies;1011.3;998.9;28;0;0;28;24880.0;0.0;0.87;14.8;27.4;103;26.7;;;;;;;;
Le Cannet;43.5745;7.001;07/06/2026;14:00;22.2;68;16.0;24.0;13;0.0;0.0;0.0;0.0;0.0;1;P2;Éclaircies;1010.9;998.5;27;0;0;27;23140.0;0.0;0.86;14.7;23.8;108;27.2;;;;;;;;
Le Cannet;43.5745;7.001;07/06/2026;15:00;22.1;69;16.2;24.2;14;0.3;0.2;0.1;0.0;0.0;51;P10;Pluie faible;1010.4;998.0;25;0;1;24;24380.0;0.0;0.82;12.8;20.9;114;26.8;;;;;;;;
Le Cannet;43.5745;7.001;07/06/2026;16:00;21.7;71;16.3;24.0;13;0.3;0.2;0.1;0.0;0.0;51;P10;Pluie faible;1009.9;997.5;21;0;2;19;25620.0;0.0;0.74;9.4;17.6;126;25.6;;;;;;;;
Le Cannet;43.5745;7.001;07/06/2026;17:00;21.1;73;16.1;23.3;13;0.3;0.2;0.1;0.0;0.0;51;P10;Pluie faible;1009.3;996.9;17;0;3;14;26880.0;0.0;0.67;6.1;14.8;156;23.9;;;;;;;;
Le Cannet;43.5745;7.001;07/06/2026;18:00;20.4;75;15.9;21.6;13;0.3;0.2;0.1;0.0;0.0;51;P10;Pluie faible;1008.8;996.3;12;1;4;8;28120.0;0.0;0.59;6.2;11.9;206;22.0;;;;;;;;
Le Cannet;43.5745;7.001;07/06/2026;19:00;19.6;76;15.4;20.1;13;0.3;0.2;0.1;0.0;0.0;51;P10;Pluie faible;1008.5;996.0;8;1;5;3;29360.0;0.0;0.54;9.1;9.0;234;20.2;;;;;;;;
Le Cannet;43.5745;7.001;07/06/2026;20:00;18.9;76;14.7;18.7;13;0.3;0.2;0.1;0.0;0.0;51;P10;Pluie faible;1008.4;995.9;5;1;5;0;30600.0;0.0;0.52;12.1;6.5;243;18.7;;;;;;;;
Le Cannet;43.5745;7.001;07/06/2026;21:00;18.2;74;13.6;17.4;12;0.0;0.0;0.0;0.0;0.0;0;P1;Ensoleillé;1008.7;996.1;3;1;5;0;31540.0;0.0;0.54;13.8;5.0;248;17.5;;;;;;;;
Le Cannet;43.5745;7.001;07/06/2026;22:00;17.4;71;12.1;15.9;12;0.0;0.0;0.0;0.0;0.0;0;P1;Ensoleillé;1009.2;996.6;1;0;4;0;32480.0;0.0;0.58;14.9;4.0;251;16.3;;;;;;;;
Le Cannet;43.5745;7.001;07/06/2026;23:00;16.6;67;10.4;14.5;11;0.0;0.0;0.0;0.0;0.0;0;P1;Ensoleillé;1010.0;997.4;0;0;3;0;33420.0;0.0;0.62;15.2;3.2;253;15.2;;;;;;;;
Le Cannet;43.5745;7.001;08/06/2026;00:00;15.8;63;8.7;13.2;10;0.0;0.0;0.0;0.0;0.0;0;P1;Ensoleillé;1010.7;998.0;0;0;2;0;34360.0;0.0;0.67;15.5;3.2;255;14.3;;;;;;;;
Le Cannet;43.5745;7.001;08/06/2026;01:00;15.1;60;7.3;12.1;10;0.0;0.0;0.0;0.0;0.0;0;P1;Ensoleillé;1011.4;998.7;0;0;1;0;35300.0;0.0;0.69;15.8;3.6;255;13.5;;;;;;;;
Le Cannet;43.5745;7.001;08/06/2026;02:00;14.6;58;6.4;11.3;10;0.0;0.0;0.0;0.0;0.0;0;P1;Ensoleillé;1011.8;999.0;2;2;0;0;36240.0;0.0;0.71;16.5;4.0;254;13.1;;;;;;;;
Le Cannet;43.5745;7.001;08/06/2026;03:00;14.3;57;6.0;10.7;11;0.0;0.0;0.0;0.0;0.0;0;P1;Ensoleillé;1012.0;999.2;5;6;0;0;36240.0;0.0;0.69;17.6;4.3;250;12.9;;;;;;;;
Le Cannet;43.5745;7.001;08/06/2026;04:00;14.0;59;6.0;10.2;12;0.0;0.0;0.0;0.0;0.0;0;P1;Ensoleillé;1011.9;999.1;11;11;0;0;36240.0;0.0;0.66;19.0;5.0;244;12.8;;;;;;;;
Le Cannet;43.5745;7.001;08/06/2026;05:00;13.8;60;6.3;9.9;13;0.0;0.0;0.0;0.0;0.0;0;P1;Ensoleillé;1011.8;999.0;17;18;0;0;36240.0;0.0;0.63;20.9;5.4;238;13.0;;;;;;;;
Le Cannet;43.5745;7.001;08/06/2026;06:00;13.8;62;6.6;9.7;14;0.0;0.0;0.0;0.0;0.0;1;P2;Éclaircies;1011.7;998.9;23;24;0;0;36240.0;0.0;0.6;22.8;5.0;234;13.5;;;;;;;;
Le Cannet;43.5745;7.001;08/06/2026;07:00;14.1;62;6.9;9.8;15;0.0;0.0;0.0;0.0;0.0;1;P2;Éclaircies;1011.6;998.8;28;28;0;0;36240.0;0.0;0.62;24.2;4.3;231;14.2;;;;;;;;
Le Cannet;43.5745;7.001;08/06/2026;08:00;14.7;59;6.9;10.3;16;0.0;0.0;0.0;0.0;0.0;1;P2;Éclaircies;1011.6;998.9;30;30;0;0;36240.0;0.0;0.68;25.0;4.7;232;15.2;;;;;;;;
Le Cannet;43.5745;7.001;08/06/2026;09:00;15.9;54;6.5;11.4;16;0.0;0.0;0.0;0.0;0.0;1;P2;Éclaircies;1011.7;999.0;29;29;0;0;37760.0;0.0;0.83;25.0;6.5;235;16.8;;;;;;;;
Le Cannet;43.5745;7.001;08/06/2026;10:00;17.6;46;6.0;13.0;16;0.0;0.0;0.0;0.0;0.0;1;P2;Éclaircies;1011.9;999.3;25;25;1;0;39300.0;0.0;1.08;24.6;8.6;242;19.0;;;;;;;;
Le Cannet;43.5745;7.001;08/06/2026;11:00;19.6;39;5.3;15.2;16;0.0;0.0;0.0;0.0;0.0;1;P2;Éclaircies;1012.2;999.7;20;19;2;0;40820.0;0.0;1.4;24.4;11.2;251;21.5;;;;;;;;
Le Cannet;43.5745;7.001;08/06/2026;12:00;21.6;33;4.7;17.6;16;0.0;0.0;0.0;0.0;0.0;0;P1;Ensoleillé;1012.4;999.9;14;13;2;0;42340.0;0.0;1.73;24.5;13.3;260;23.8;;;;;;;;
Le Cannet;43.5745;7.001;08/06/2026;13:00;23.2;29;4.2;19.5;16;0.0;0.0;0.0;0.0;0.0;0;P1;Ensoleillé;1012.6;1000.2;9;8;3;0;43880.0;0.0;2.02;24.7;15.5;267;25.7;;;;;;;;
Le Cannet;43.5745;7.001;08/06/2026;14:00;24.2;27;4.0;20.8;16;0.0;0.0;0.0;0.0;0.0;0;P1;Ensoleillé;1012.8;1000.4;5;4;3;0;45400.0;0.0;2.21;24.3;16.6;273;26.8;;;;;;;;
Le Cannet;43.5745;7.001;08/06/2026;15:00;24.6;27;4.1;21.5;17;0.0;0.0;0.0;0.0;0.0;0;P1;Ensoleillé;1012.8;1000.5;3;2;3;0;45400.0;0.0;2.28;23.0;14.8;275;26.9;;;;;;;;
Le Cannet;43.5745;7.001;08/06/2026;16:00;24.6;27;4.5;21.7;17;0.0;0.0;0.0;0.0;0.0;0;P1;Ensoleillé;1012.7;1000.4;1;1;2;0;45380.0;0.0;2.26;20.7;11.9;278;26.3;;;;;;;;
Le Cannet;43.5745;7.001;08/06/2026;17:00;24.3;29;5.0;21.5;18;0.0;0.0;0.0;0.0;0.0;0;P1;Ensoleillé;1012.6;1000.2;0;0;2;0;45380.0;0.0;2.17;17.9;10.4;280;25.2;;;;;;;;
Le Cannet;43.5745;7.001;08/06/2026;18:00;23.7;31;5.6;20.8;19;0.0;0.0;0.0;0.0;0.0;0;P1;Ensoleillé;1012.6;1000.2;0;0;1;0;45380.0;0.0;2.03;14.9;13.0;281;23.9;;;;;;;;
Le Cannet;43.5745;7.001;08/06/2026;19:00;23.0;34;6.2;20.3;19;0.0;0.0;0.0;0.0;0.0;0;P1;Ensoleillé;1012.6;1000.2;0;0;0;0;45360.0;0.0;1.87;12.0;16.9;283;22.4;;;;;;;;
Le Cannet;43.5745;7.001;08/06/2026;20:00;22.2;36;6.6;19.9;19;0.0;0.0;0.0;0.0;0.0;0;P1;Ensoleillé;1012.9;1000.5;0;0;0;0;45360.0;0.0;1.71;9.9;18.4;286;21.0;;;;;;;;
Le Cannet;43.5745;7.001;08/06/2026;21:00;21.1;40;6.9;19.1;18;0.0;0.0;0.0;0.0;0.0;0;P1;Ensoleillé;1013.5;1001.0;2;0;0;2;43840.0;0.0;1.51;8.4;14.8;289;19.4;;;;;;;;
Le Cannet;43.5745;7.001;08/06/2026;22:00;19.6;45;7.2;17.9;17;0.0;0.0;0.0;0.0;0.0;0;P1;Ensoleillé;1014.3;1001.7;5;0;0;5;42320.0;0.0;1.27;7.0;8.6;291;17.3;;;;;;;;
Le Cannet;43.5745;7.001;08/06/2026;23:00;18.0;50;7.5;16.5;15;0.0;0.0;0.0;0.0;0.0;0;P1;Ensoleillé;1015.2;1002.5;8;0;0;9;40800.0;0.0;1.03;5.7;4.3;294;15.2;;;;;;;;
Le Cannet;43.5745;7.001;09/06/2026;00:00;16.4;56;7.7;15.1;13;0.0;0.0;0.0;0.0;0.0;0;P1;Ensoleillé;1016.2;1003.5;12;0;0;12;39260.0;0.0;0.81;4.8;3.2;295;13.2;;;;;;;;
Le Cannet;43.5745;7.001;09/06/2026;01:00;15.1;62;7.8;14.0;12;0.0;0.0;0.0;0.0;0.0;0;P1;Ensoleillé;1017.1;1004.3;15;0;0;15;37740.0;0.0;0.66;3.9;3.6;298;11.7;;;;;;;;
Le Cannet;43.5745;7.001;09/06/2026;02:00;14.5;65;7.9;13.5;10;0.0;0.0;0.0;0.0;0.0;0;P1;Ensoleillé;1017.7;1004.9;16;0;0;16;36220.0;0.0;0.58;3.0;4.3;303;11.1;;;;;;;;
Le Cannet;43.5745;7.001;09/06/2026;03:00;14.5;65;7.9;13.6;9;0.0;0.0;0.0;0.0;0.0;0;P1;Ensoleillé;1018.1;1005.3;16;0;0;16;36880.0;0.0;0.59;2.6;5.0;309;11.3;;;;;;;;
Le Cannet;43.5745;7.001;09/06/2026;04:00;15.0;61;7.7;14.1;8;0.0;0.0;0.0;0.0;0.0;0;P1;Ensoleillé;1018.3;1005.5;14;0;0;14;37520.0;0.0;0.66;2.2;6.1;318;12.3;;;;;;;;
Le Cannet;43.5745;7.001;09/06/2026;05:00;15.9;57;7.4;14.9;7;0.0;0.0;0.0;0.0;0.0;0;P1;Ensoleillé;1018.5;1005.7;11;0;0;12;38180.0;0.0;0.77;2.1;6.8;322;13.8;;;;;;;;
Le Cannet;43.5745;7.001;09/06/2026;06:00;16.9;53;7.2;15.9;6;0.0;0.0;0.0;0.0;0.0;0;P1;Ensoleillé;1018.5;1005.8;9;0;0;9;38840.0;0.0;0.91;1.8;6.1;323;15.6;;;;;;;;
Le Cannet;43.5745;7.001;09/06/2026;07:00;17.9;50;7.2;17.0;6;0.0;0.0;0.0;0.0;0.0;0;P1;Ensoleillé;1018.6;1005.9;6;0;0;7;39480.0;0.0;1.03;1.5;4.7;330;17.4;;;;;;;;
Le Cannet;43.5745;7.001;09/06/2026;08:00;18.7;48;7.4;17.9;6;0.0;0.0;0.0;0.0;0.0;0;P1;Ensoleillé;1018.7;1006.0;5;0;0;5;40140.0;0.0;1.12;0.9;4.3;360;19.0;;;;;;;;
Le Cannet;43.5745;7.001;09/06/2026;09:00;19.4;48;8.0;18.7;7;0.0;0.0;0.0;0.0;0.0;0;P1;Ensoleillé;1018.9;1006.3;3;0;0;3;39480.0;0.0;1.18;1.1;5.8;81;20.8;;;;;;;;
Le Cannet;43.5745;7.001;09/06/2026;10:00;20.1;48;8.9;19.5;9;0.0;0.0;0.0;0.0;0.0;0;P1;Ensoleillé;1019.1;1006.5;1;0;1;0;38840.0;0.0;1.22;2.7;8.3;110;22.9;;;;;;;;
Le Cannet;43.5745;7.001;09/06/2026;11:00;20.9;49;9.9;20.8;11;0.0;0.0;0.0;0.0;0.0;0;P1;Ensoleillé;1019.3;1006.7;0;0;2;0;38180.0;0.0;1.25;4.5;10.8;119;25.1;;;;;;;;
Le Cannet;43.5745;7.001;09/06/2026;12:00;21.5;51;10.9;22.3;13;0.0;0.0;0.0;0.0;0.0;0;P1;Ensoleillé;1019.4;1006.8;0;0;3;0;37520.0;0.0;1.26;6.4;13.0;122;27.0;;;;;;;;
Le Cannet;43.5745;7.001;09/06/2026;13:00;22.0;53;11.9;23.4;15;0.0;0.0;0.0;0.0;0.0;0;P1;Ensoleillé;1019.5;1007.0;1;0;4;0;36880.0;0.0;1.26;7.9;14.8;123;28.4;;;;;;;;
Le Cannet;43.5745;7.001;09/06/2026;14:00;22.2;55;12.6;24.0;16;0.0;0.0;0.0;0.0;0.0;0;P1;Ensoleillé;1019.5;1007.0;6;0;4;2;36220.0;0.0;1.22;8.7;15.8;124;29.1;;;;;;;;
Le Cannet;43.5745;7.001;09/06/2026;15:00;22.1;57;13.2;24.0;17;0.0;0.0;0.0;0.0;0.0;0;P1;Ensoleillé;1019.3;1006.8;18;2;4;14;30300.0;0.0;1.15;8.7;15.8;124;28.7;;;;;;;;
Le Cannet;43.5745;7.001;09/06/2026;16:00;21.8;60;13.7;23.6;18;0.0;0.0;0.0;0.0;0.0;1;P2;Éclaircies;1019.0;1006.5;36;5;4;32;24360.0;0.0;1.04;8.1;14.8;122;27.6;;;;;;;;
Le Cannet;43.5745;7.001;09/06/2026;17:00;21.2;64;14.1;22.8;18;0.0;0.0;0.0;0.0;0.0;2;P8;Éclaircies;1018.7;1006.1;56;9;4;53;18440.0;0.0;0.91;7.0;13.7;122;26.0;;;;;;;;
Le Cannet;43.5745;7.001;09/06/2026;18:00;20.6;68;14.4;21.6;18;0.0;0.0;0.0;0.0;0.0;2;P8;Éclaircies;1018.3;1005.7;75;12;4;73;12520.0;0.0;0.79;5.8;11.9;120;24.1;;;;;;;;
Le Cannet;43.5745;7.001;09/06/2026;19:00;20.0;71;14.6;20.8;17;0.0;0.0;0.0;0.0;0.0;3;P4;Nuageux;1018.0;1005.4;90;15;4;87;6580.0;0.0;0.68;4.7;9.7;118;22.3;;;;;;;;
Le Cannet;43.5745;7.001;09/06/2026;20:00;19.4;74;14.6;20.4;16;0.0;0.0;0.0;0.0;0.0;3;P4;Nuageux;1017.8;1005.2;95;16;4;93;660.0;0.0;0.59;3.8;7.9;115;20.8;;;;;;;;
Le Cannet;43.5745;7.001;09/06/2026;21:00;18.9;75;14.4;19.9;14;0.0;0.0;0.0;0.0;0.0;3;P4;Nuageux;1017.7;1005.1;89;15;4;87;5640.0;0.0;0.54;3.0;6.8;115;19.4;;;;;;;;
Le Cannet;43.5745;7.001;09/06/2026;22:00;18.2;77;14.0;19.3;11;0.0;0.0;0.0;0.0;0.0;2;P8;Éclaircies;1017.8;1005.1;75;13;3;73;10620.0;0.0;0.49;1.9;6.1;112;17.9;;;;;;;;
Le Cannet;43.5745;7.001;09/06/2026;23:00;17.6;77;13.5;18.6;8;0.0;0.0;0.0;0.0;0.0;2;P8;Éclaircies;1017.8;1005.1;55;10;3;53;15620.0;0.0;0.46;1.0;5.4;112;16.5;;;;;;;;
Le Cannet;43.5745;7.001;10/06/2026;00:00;17.0;77;12.9;17.9;5;0.0;0.0;0.0;0.0;0.0;1;P2;Éclaircies;1017.9;1005.2;35;6;2;32;20600.0;0.0;0.44;0.2;5.0;90;15.2;;;;;;;;
Le Cannet;43.5745;7.001;10/06/2026;01:00;16.5;77;12.5;17.3;2;0.0;0.0;0.0;0.0;0.0;0;P1;Ensoleillé;1018.0;1005.3;17;4;1;14;25580.0;0.0;0.43;0.4;5.0;297;14.2;;;;;;;;
Le Cannet;43.5745;7.001;10/06/2026;02:00;16.2;77;12.2;16.8;0;0.0;0.0;0.0;0.0;0.0;0;P1;Ensoleillé;1018.1;1005.3;5;2;1;2;30560.0;0.0;0.42;0.6;5.0;304;13.8;;;;;;;;
Le Cannet;43.5745;7.001;10/06/2026;03:00;16.0;78;12.1;16.6;0;0.0;0.0;0.0;0.0;0.0;0;P1;Ensoleillé;1018.2;1005.4;0;2;1;0;27460.0;0.0;0.41;0.6;5.4;342;13.8;;;;;;;;
Le Cannet;43.5745;7.001;10/06/2026;04:00;15.8;78;12.1;16.4;1;0.0;0.0;0.0;0.0;0.0;0;P1;Ensoleillé;1018.2;1005.4;0;3;0;0;24360.0;0.0;0.39;1.0;5.8;22;14.3;;;;;;;;
Le Cannet;43.5745;7.001;10/06/2026;05:00;15.8;79;12.2;16.2;2;0.0;0.0;0.0;0.0;0.0;0;P1;Ensoleillé;1018.3;1005.5;0;4;0;0;21260.0;0.0;0.37;1.8;5.8;53;15.0;;;;;;;;
Le Cannet;43.5745;7.001;10/06/2026;06:00;15.9;79;12.3;16.2;3;0.0;0.0;0.0;0.0;0.0;0;P1;Ensoleillé;1018.4;1005.6;2;5;0;0;18140.0;0.0;0.37;2.6;4.7;65;16.0;;;;;;;;
Le Cannet;43.5745;7.001;10/06/2026;07:00;16.2;79;12.5;16.5;5;0.0;0.0;0.0;0.0;0.0;0;P1;Ensoleillé;1018.4;1005.6;5;6;0;0;15040.0;0.0;0.39;3.1;2.9;77;17.3;;;;;;;;
Le Cannet;43.5745;7.001;10/06/2026;08:00;16.7;77;12.7;17.1;6;0.0;0.0;0.0;0.0;0.0;0;P1;Ensoleillé;1018.4;1005.7;7;7;0;0;11940.0;0.0;0.44;3.2;2.2;93;18.6;;;;;;;;
Le Cannet;43.5745;7.001;10/06/2026;09:00;17.7;73;12.9;18.1;6;0.0;0.0;0.0;0.0;0.0;0;P1;Ensoleillé;1018.4;1005.7;9;7;2;0;11360.0;0.0;0.54;3.6;3.2;123;20.3;;;;;;;;
Le Cannet;43.5745;7.001;10/06/2026;10:00;19.1;69;13.2;19.3;5;0.0;0.0;0.0;0.0;0.0;0;P1;Ensoleillé;1018.3;1005.7;11;6;5;1;10800.0;0.0;0.69;5.3;5.0;152;22.6;;;;;;;;
Le Cannet;43.5745;7.001;10/06/2026;11:00;20.7;63;13.5;21.0;4;0.0;0.0;0.0;0.0;0.0;0;P1;Ensoleillé;1018.2;1005.6;14;6;8;1;10220.0;0.0;0.89;7.9;6.8;167;25.0;;;;;;;;
Le Cannet;43.5745;7.001;10/06/2026;12:00;22.2;59;13.7;22.9;3;0.0;0.0;0.0;0.0;0.0;0;P1;Ensoleillé;1018.1;1005.6;16;5;11;2;9640.0;0.0;1.11;10.8;8.3;175;27.3;;;;;;;;
Le Cannet;43.5745;7.001;10/06/2026;13:00;23.5;55;14.0;24.4;3;0.0;0.0;0.0;0.0;0.0;0;P1;Ensoleillé;1018.0;1005.5;18;4;14;4;9080.0;0.0;1.31;13.3;9.7;180;29.1;;;;;;;;
Le Cannet;43.5745;7.001;10/06/2026;14:00;24.3;53;14.1;25.2;3;0.0;0.0;0.0;0.0;0.0;1;P2;Éclaircies;1017.8;1005.4;20;3;15;5;8500.0;0.0;1.43;15.0;10.8;184;30.0;;;;;;;;
Le Cannet;43.5745;7.001;10/06/2026;15:00;24.6;53;14.2;25.3;4;0.1;0.1;0.0;0.0;0.0;51;P10;Pluie faible;1017.6;1005.2;21;2;14;7;13120.0;0.0;1.47;15.8;10.8;188;29.8;;;;;;;;
Le Cannet;43.5745;7.001;10/06/2026;16:00;24.5;53;14.3;24.8;6;0.1;0.1;0.0;0.0;0.0;51;P10;Pluie faible;1017.4;1005.0;21;2;12;9;17740.0;0.0;1.44;16.2;10.4;193;28.9;;;;;;;;
Le Cannet;43.5745;7.001;10/06/2026;17:00;24.1;54;14.3;23.9;8;0.1;0.1;0.0;0.0;0.0;51;P10;Pluie faible;1017.1;1004.7;20;1;10;12;22360.0;0.0;1.38;16.3;9.7;199;27.5;;;;;;;;
Le Cannet;43.5745;7.001;10/06/2026;18:00;23.6;56;14.2;22.7;10;0.1;0.1;0.0;0.0;0.0;51;P10;Pluie faible;1016.9;1004.5;20;1;6;15;26980.0;0.0;1.3;16.2;8.6;204;25.8;;;;;;;;
Le Cannet;43.5745;7.001;10/06/2026;19:00;23.0;57;14.0;22.0;11;0.1;0.1;0.0;0.0;0.0;51;P10;Pluie faible;1016.7;1004.2;20;0;4;17;31600.0;0.0;1.21;16.1;7.6;210;24.1;;;;;;;;
Le Cannet;43.5745;7.001;10/06/2026;20:00;22.4;58;13.7;21.3;13;0.1;0.1;0.0;0.0;0.0;51;P10;Pluie faible;1016.5;1004.0;21;0;2;20;36220.0;0.0;1.15;15.7;6.5;216;22.7;;;;;;;;
Le Cannet;43.5745;7.001;10/06/2026;21:00;21.8;58;13.0;20.5;14;0.0;0.0;0.0;0.0;0.0;1;P2;Éclaircies;1016.4;1003.9;23;0;1;23;36220.0;0.0;1.11;15.3;6.1;222;21.5;;;;;;;;
Le Cannet;43.5745;7.001;10/06/2026;22:00;20.9;57;12.1;19.5;15;0.0;0.0;0.0;0.0;0.0;1;P2;Éclaircies;1016.3;1003.8;26;0;1;26;36220.0;0.0;1.06;14.6;6.1;231;20.2;;;;;;;;
Le Cannet;43.5745;7.001;10/06/2026;23:00;20.0;56;11.1;18.3;16;0.0;0.0;0.0;0.0;0.0;1;P2;Éclaircies;1016.2;1003.6;30;0;1;30;36220.0;0.0;1.02;14.2;6.1;241;18.9;;;;;;;;
Le Cannet;43.5745;7.001;11/06/2026;00:00;19.2;56;10.1;17.2;16;0.0;0.0;0.0;0.0;0.0;1;P2;Éclaircies;1016.2;1003.6;33;0;1;33;36220.0;0.0;0.99;13.9;6.5;251;17.8;;;;;;;;
Le Cannet;43.5745;7.001;11/06/2026;01:00;18.4;56;9.3;16.2;16;0.0;0.0;0.0;0.0;0.0;1;P2;Éclaircies;1016.2;1003.6;35;0;1;34;36220.0;0.0;0.94;13.7;6.8;259;16.9;;;;;;;;
Le Cannet;43.5745;7.001;11/06/2026;02:00;17.8;56;9.0;15.7;16;0.0;0.0;0.0;0.0;0.0;1;P2;Éclaircies;1016.2;1003.5;35;0;1;34;36220.0;0.0;0.9;13.2;6.8;265;16.4;;;;;;;;
Le Cannet;43.5745;7.001;11/06/2026;03:00;17.4;58;9.2;15.5;15;0.0;0.0;0.0;0.0;0.0;1;P2;Éclaircies;1016.3;1003.6;31;0;1;30;35280.0;0.0;0.83;12.1;6.8;267;16.2;;;;;;;;
Le Cannet;43.5745;7.001;11/06/2026;04:00;17.1;62;9.7;15.5;13;0.0;0.0;0.0;0.0;0.0;1;P2;Éclaircies;1016.4;1003.7;24;1;1;23;34320.0;0.0;0.74;10.5;6.5;267;16.3;;;;;;;;
Le Cannet;43.5745;7.001;11/06/2026;05:00;16.9;66;10.6;15.9;11;0.0;0.0;0.0;0.0;0.0;0;P1;Ensoleillé;1016.5;1003.8;16;1;0;15;33380.0;0.0;0.65;8.3;6.1;264;16.7;;;;;;;;
Le Cannet;43.5745;7.001;11/06/2026;06:00;16.8;71;11.5;16.4;9;0.0;0.0;0.0;0.0;0.0;0;P1;Ensoleillé;1016.7;1004.0;8;1;0;7;32440.0;0.0;0.56;5.9;5.0;258;17.3;;;;;;;;
Le Cannet;43.5745;7.001;11/06/2026;07:00;16.9;74;12.2;17.1;8;0.0;0.0;0.0;0.0;0.0;0;P1;Ensoleillé;1016.9;1004.2;3;2;0;2;31480.0;0.0;0.51;3.8;4.0;245;18.2;;;;;;;;
Le Cannet;43.5745;7.001;11/06/2026;08:00;17.2;75;12.7;17.8;6;0.0;0.0;0.0;0.0;0.0;0;P1;Ensoleillé;1017.1;1004.4;3;2;0;2;30540.0;0.0;0.5;2.3;3.6;219;19.2;;;;;;;;
Le Cannet;43.5745;7.001;11/06/2026;09:00;17.9;72;12.8;18.5;5;0.0;0.0;0.0;0.0;0.0;0;P1;Ensoleillé;1017.4;1004.7;9;2;0;8;28160.0;0.0;0.57;1.9;4.3;163;20.8;;;;;;;;
Le Cannet;43.5745;7.001;11/06/2026;10:00;18.8;68;12.8;19.3;4;0.0;0.0;0.0;0.0;0.0;1;P2;Éclaircies;1017.7;1005.1;20;2;1;19;25780.0;0.0;0.69;3.2;6.1;124;23.0;;;;;;;;
Le Cannet;43.5745;7.001;11/06/2026;11:00;20.0;63;12.7;20.5;3;0.0;0.0;0.0;0.0;0.0;1;P2;Éclaircies;1018.0;1005.4;34;2;1;33;23400.0;0.0;0.86;5.2;7.6;112;25.4;;;;;;;;
Le Cannet;43.5745;7.001;11/06/2026;12:00;21.1;58;12.5;22.0;3;0.0;0.0;0.0;0.0;0.0;1;P2;Éclaircies;1018.3;1005.7;49;2;1;48;21020.0;0.0;1.06;7.1;9.0;106;27.7;;;;;;;;
Le Cannet;43.5745;7.001;11/06/2026;13:00;22.1;54;12.3;23.3;3;0.0;0.0;0.0;0.0;0.0;2;P8;Éclaircies;1018.6;1006.1;61;2;2;60;18640.0;0.0;1.24;8.5;10.8;102;29.5;;;;;;;;
Le Cannet;43.5745;7.001;11/06/2026;14:00;22.8;51;12.0;24.0;3;0.0;0.0;0.0;0.0;0.0;2;P8;Éclaircies;1018.7;1006.2;68;2;2;67;16260.0;0.0;1.38;9.2;11.5;101;30.4;;;;;;;;
Le Cannet;43.5745;7.001;11/06/2026;15:00;23.2;48;11.7;24.1;4;0.0;0.0;0.0;0.0;0.0;2;P8;Éclaircies;1018.7;1006.2;70;2;2;69;20240.0;0.0;1.47;9.0;11.2;100;30.3;;;;;;;;
Le Cannet;43.5745;7.001;11/06/2026;16:00;23.4;46;11.2;24.0;6;0.0;0.0;0.0;0.0;0.0;2;P8;Éclaircies;1018.6;1006.1;70;1;2;69;24220.0;0.0;1.54;7.9;9.7;101;29.5;;;;;;;;
Le Cannet;43.5745;7.001;11/06/2026;17:00;23.4;45;10.7;23.4;8;0.0;0.0;0.0;0.0;0.0;2;P8;Éclaircies;1018.4;1005.9;67;1;2;66;28200.0;0.0;1.59;6.4;8.3;101;28.3;;;;;;;;
Le Cannet;43.5745;7.001;11/06/2026;18:00;23.3;44;10.2;22.7;10;0.0;0.0;0.0;0.0;0.0;2;P8;Éclaircies;1018.2;1005.7;62;1;2;61;32180.0;0.0;1.61;4.8;6.8;103;26.7;;;;;;;;
Le Cannet;43.5745;7.001;11/06/2026;19:00;23.1;43;9.8;22.6;11;0.0;0.0;0.0;0.0;0.0;2;P8;Éclaircies;1018.1;1005.6;58;0;2;57;36160.0;0.0;1.61;3.4;5.8;106;25.1;;;;;;;;
Le Cannet;43.5745;7.001;11/06/2026;20:00;22.8;43;9.6;22.4;13;0.0;0.0;0.0;0.0;0.0;2;P8;Éclaircies;1018.1;1005.6;53;0;2;52;40140.0;0.0;1.58;2.2;4.7;104;23.7;;;;;;;;
Le Cannet;43.5745;7.001;11/06/2026;21:00;22.3;44;9.6;22.0;14;0.0;0.0;0.0;0.0;0.0;1;P2;Éclaircies;1018.3;1005.8;47;0;2;46;39480.0;0.0;1.5;1.6;4.7;96;22.1;;;;;;;;
Le Cannet;43.5745;7.001;11/06/2026;22:00;21.6;47;9.7;21.4;15;0.0;0.0;0.0;0.0;0.0;1;P2;Éclaircies;1018.6;1006.1;39;0;1;38;38820.0;0.0;1.37;1.1;4.7;72;20.3;;;;;;;;
Le Cannet;43.5745;7.001;11/06/2026;23:00;20.7;50;9.9;20.6;16;0.0;0.0;0.0;0.0;0.0;1;P2;Éclaircies;1018.9;1006.3;30;0;1;29;38180.0;0.0;1.22;1.2;5.0;39;18.3;;;;;;;;
Le Cannet;43.5745;7.001;12/06/2026;00:00;19.9;53;10.2;19.8;16;0.0;0.0;0.0;0.0;0.0;1;P2;Éclaircies;1019.3;1006.7;22;0;1;22;37520.0;0.0;1.09;1.5;5.0;21;16.6;;;;;;;;
Le Cannet;43.5745;7.001;12/06/2026;01:00;19.3;57;10.4;19.2;16;0.0;0.0;0.0;0.0;0.0;0;P1;Ensoleillé;1019.6;1006.9;17;0;0;17;36860.0;0.0;0.97;1.8;5.4;11;15.3;;;;;;;;
Le Cannet;43.5745;7.001;12/06/2026;02:00;18.9;59;10.6;18.9;16;0.0;0.0;0.0;0.0;0.0;0;P1;Ensoleillé;1019.9;1007.2;18;0;0;18;36200.0;0.0;0.91;2.0;5.4;5;14.7;;;;;;;;
Le Cannet;43.5745;7.001;12/06/2026;03:00;18.9;59;10.8;18.8;15;0.0;0.0;0.0;0.0;0.0;1;P2;Éclaircies;1020.1;1007.4;26;0;0;26;36200.0;0.0;0.89;2.0;5.4;355;14.9;;;;;;;;
Le Cannet;43.5745;7.001;12/06/2026;04:00;19.0;60;10.9;19.0;14;0.0;0.0;0.0;0.0;0.0;1;P2;Éclaircies;1020.2;1007.5;39;0;0;39;36200.0;0.0;0.89;1.8;5.0;349;15.7;;;;;;;;
Le Cannet;43.5745;7.001;12/06/2026;05:00;19.3;59;11.1;19.4;13;0.0;0.0;0.0;0.0;0.0;2;P8;Éclaircies;1020.3;1007.6;56;0;0;56;36200.0;0.0;0.92;1.8;4.7;336;16.9;;;;;;;;
Le Cannet;43.5745;7.001;12/06/2026;06:00;19.7;58;11.2;19.8;12;0.0;0.0;0.0;0.0;0.0;2;P8;Éclaircies;1020.3;1007.7;73;0;0;73;36200.0;0.0;0.96;1.5;4.0;324;18.5;;;;;;;;
Le Cannet;43.5745;7.001;12/06/2026;07:00;20.2;57;11.3;20.5;11;0.0;0.0;0.0;0.0;0.0;3;P4;Nuageux;1020.3;1007.7;88;0;0;88;36200.0;0.0;1.02;1.0;3.2;315;20.1;;;;;;;;
Le Cannet;43.5745;7.001;12/06/2026;08:00;20.7;55;11.3;21.1;10;0.0;0.0;0.0;0.0;0.0;3;P4;Nuageux;1020.4;1007.8;98;0;0;98;36200.0;0.0;1.1;0.3;2.9;315;21.7;;;;;;;;
Le Cannet;43.5745;7.001;12/06/2026;09:00;21.3;53;11.3;21.6;10;0.0;0.0;0.0;0.0;0.0;3;P4;Nuageux;1020.5;1007.9;100;0;0;100;37720.0;0.0;1.2;1.2;3.6;117;23.5;;;;;;;;
Le Cannet;43.5745;7.001;12/06/2026;10:00;22.2;50;11.1;22.1;10;0.0;0.0;0.0;0.0;0.0;3;P4;Nuageux;1020.5;1008.0;100;0;0;100;39240.0;0.0;1.35;3.1;5.4;118;25.7;;;;;;;;
Le Cannet;43.5745;7.001;12/06/2026;11:00;23.1;46;10.9;23.1;11;0.0;0.0;0.0;0.0;0.0;3;P4;Nuageux;1020.5;1008.0;100;0;0;100;40780.0;0.0;1.53;5.5;7.2;117;28.0;;;;;;;;
Le Cannet;43.5745;7.001;12/06/2026;12:00;24.8;43;11.5;25.2;12;0.0;0.0;0.0;0.0;0.0;3;P4;Nuageux;1020.2;1007.8;98;0;1;98;37760.0;0.0;1.78;8.5;10.1;129;30.2;;;;;;;;
Le Cannet;43.5745;7.001;12/06/2026;13:00;26.2;42;12.3;26.9;12;0.0;0.0;0.0;0.0;0.0;3;P4;Nuageux;1019.8;1007.4;97;0;2;97;33980.0;0.0;1.99;11.2;13.3;142;32.1;;;;;;;;
Le Cannet;43.5745;7.001;12/06/2026;14:00;27.3;41;13.0;28.0;13;0.0;0.0;0.0;0.0;0.0;3;P4;Nuageux;1019.2;1006.9;98;0;6;98;29440.0;0.0;2.13;12.9;15.5;156;33.4;;;;;;;;
Le Cannet;43.5745;7.001;12/06/2026;15:00;27.9;42;13.8;28.8;14;0.0;0.0;0.0;0.0;0.0;3;P4;Nuageux;1018.1;1005.8;92;0;24;83;24140.0;0.0;2.18;13.1;15.1;171;;;;;;;;;
Le Cannet;43.5745;7.001;12/06/2026;16:00;27.6;42;13.6;28.5;14;0.0;0.0;0.0;0.0;0.0;3;P4;Nuageux;1017.4;1005.1;81;0;45;60;24140.0;0.0;2.15;12.1;14.0;170;;;;;;;;;
Le Cannet;43.5745;7.001;12/06/2026;17:00;27.1;44;13.8;27.7;15;0.0;0.0;0.0;0.0;0.0;2;P8;Éclaircies;1016.8;1004.5;75;0;55;48;24140.0;0.0;2.01;10.7;13.0;166;;;;;;;;;
Le Cannet;43.5745;7.001;12/06/2026;18:00;26.2;49;14.7;26.5;15;0.0;0.0;0.0;0.0;0.0;3;P4;Nuageux;1016.5;1004.2;82;0;44;61;24140.0;0.0;1.74;9.3;13.7;152;;;;;;;;;
Le Cannet;43.5745;7.001;12/06/2026;19:00;25.1;55;15.5;25.7;16;0.0;0.0;0.0;0.0;0.0;3;P4;Nuageux;1016.4;1004.0;94;0;22;85;24140.0;0.0;1.44;8.4;14.8;130;;;;;;;;;
Le Cannet;43.5745;7.001;12/06/2026;20:00;24.1;60;15.9;24.9;16;0.0;0.0;0.0;0.0;0.0;3;P4;Nuageux;1016.4;1004.0;100;0;5;100;24140.0;0.0;1.2;8.4;14.8;110;;;;;;;;;
Le Cannet;43.5745;7.001;12/06/2026;21:00;23.4;64;16.2;24.5;16;0.0;0.0;0.0;0.0;0.0;3;P4;Nuageux;1016.8;1004.4;95;0;1;97;24140.0;0.0;1.04;7.6;12.2;93;;;;;;;;;
Le Cannet;43.5745;7.001;12/06/2026;22:00;22.9;66;16.2;24.1;16;0.0;0.0;0.0;0.0;0.0;3;P4;Nuageux;1017.3;1004.8;83;0;2;84;24140.0;0.0;0.95;6.6;8.3;68;;;;;;;;;
Le Cannet;43.5745;7.001;12/06/2026;23:00;22.4;68;16.2;23.6;16;0.0;0.0;0.0;0.0;0.0;2;P8;Éclaircies;1017.6;1005.1;68;0;3;68;24140.0;0.0;0.87;6.6;5.4;49;;;;;;;;;
