Ville;Latitude;Longitude;Date;Heure;temperature_2m;relativehumidity_2m;dewpoint_2m;apparent_temperature;precipitation_probability;precipitation;rain;showers;snowfall;snow_depth;weathercode;pictogramme;condition_meteo;pressure_msl;surface_pressure;cloudcover;cloudcover_low;cloudcover_mid;cloudcover_high;visibility;evapotranspiration;vapour_pressure_deficit;windspeed_10m;windgusts_10m;winddirection_10m;soil_temperature_0cm;soil_temperature_6cm;soil_temperature_18cm;soil_temperature_54cm;soil_moisture_0_1cm;soil_moisture_1_3cm;soil_moisture_3_9cm;soil_moisture_9_27cm;soil_moisture_27_81cm
Ajaccio;41.92;8.73;28/05/2026;00:00;19.8;67;13.5;20.6;0;0.0;0.0;0.0;0.0;0.0;0;P1;Ensoleillé;1019.5;1007.2;0;0;0;0;37720.0;0.01;0.76;2.5;6.8;45;20.8;23.1;26.0;22.0;0.063;0.154;0.198;0.247;0.266
Ajaccio;41.92;8.73;28/05/2026;01:00;19.1;71;13.7;19.9;0;0.0;0.0;0.0;0.0;0.0;0;P1;Ensoleillé;1019.4;1007.1;0;0;0;0;36960.0;0.01;0.64;3.1;7.2;45;20.3;22.4;25.5;22.0;0.064;0.153;0.198;0.247;0.266
Ajaccio;41.92;8.73;28/05/2026;02:00;18.5;74;13.7;19.2;0;0.0;0.0;0.0;0.0;0.0;0;P1;Ensoleillé;1019.0;1006.7;0;0;0;0;35180.0;0.01;0.55;3.4;7.6;58;19.6;21.8;25.1;22.0;0.069;0.156;0.201;0.25;0.266
Ajaccio;41.92;8.73;28/05/2026;03:00;18.0;76;13.7;18.8;0;0.0;0.0;0.0;0.0;0.0;0;P1;Ensoleillé;1018.5;1006.2;0;0;0;0;34720.0;0.01;0.5;3.1;8.3;45;19.1;21.2;24.6;22.0;0.07;0.156;0.201;0.25;0.266
Ajaccio;41.92;8.73;28/05/2026;04:00;17.7;74;13.0;18.2;0;0.0;0.0;0.0;0.0;0.0;0;P1;Ensoleillé;1018.1;1005.8;0;0;0;0;35760.0;0.01;0.53;3.1;7.6;36;18.7;20.6;24.2;22.0;0.072;0.156;0.201;0.25;0.266
Ajaccio;41.92;8.73;28/05/2026;05:00;17.1;73;12.2;17.2;0;0.0;0.0;0.0;0.0;0.0;0;P1;Ensoleillé;1018.4;1006.0;0;0;0;0;36060.0;0.01;0.53;3.4;7.2;58;18.1;19.9;23.7;22.1;0.073;0.156;0.201;0.25;0.266
Ajaccio;41.92;8.73;28/05/2026;06:00;16.8;71;11.5;16.8;0;0.0;0.0;0.0;0.0;0.0;0;P1;Ensoleillé;1018.8;1006.4;0;0;0;0;37100.0;0.02;0.56;3.3;7.9;49;17.7;19.4;23.3;22.1;0.075;0.156;0.201;0.25;0.266
Ajaccio;41.92;8.73;28/05/2026;07:00;17.1;70;11.5;17.0;0;0.0;0.0;0.0;0.0;0.0;0;P1;Ensoleillé;1019.0;1006.6;0;0;0;0;36980.0;0.02;0.58;3.8;7.9;41;18.7;19.2;22.9;22.1;0.076;0.156;0.201;0.25;0.266
Ajaccio;41.92;8.73;28/05/2026;08:00;19.8;68;13.7;20.6;0;0.0;0.0;0.0;0.0;0.0;0;P1;Ensoleillé;1018.8;1006.5;0;0;0;0;37720.0;0.03;0.74;2.1;7.9;59;21.8;20.4;22.6;22.0;0.077;0.156;0.201;0.25;0.266
Ajaccio;41.92;8.73;28/05/2026;09:00;23.4;54;13.5;23.9;0;0.0;0.0;0.0;0.0;0.0;0;P1;Ensoleillé;1018.3;1006.2;0;0;0;0;40040.0;0.05;1.32;3.8;9.0;221;25.9;22.8;22.5;22.0;0.077;0.156;0.201;0.249;0.266
Ajaccio;41.92;8.73;28/05/2026;10:00;24.3;50;13.2;24.6;0;0.0;0.0;0.0;0.0;0.0;0;P1;Ensoleillé;1018.6;1006.5;0;0;0;0;40940.0;0.11;1.52;5.2;13.3;214;28.5;25.6;22.8;22.0;0.075;0.155;0.2;0.249;0.266
Ajaccio;41.92;8.73;28/05/2026;11:00;25.0;57;15.9;27.0;0;0.0;0.0;0.0;0.0;0.0;0;P1;Ensoleillé;1019.1;1007.0;0;0;0;0;38160.0;0.14;1.36;6.6;15.5;209;30.9;28.1;23.2;22.0;0.072;0.155;0.2;0.249;0.266
Ajaccio;41.92;8.73;28/05/2026;12:00;25.7;58;16.8;28.6;0;0.0;0.0;0.0;0.0;0.0;0;P1;Ensoleillé;1019.2;1007.2;0;0;0;0;36860.0;0.16;1.39;8.2;19.1;209;33.0;30.4;23.7;22.0;0.068;0.155;0.2;0.248;0.266
Ajaccio;41.92;8.73;28/05/2026;13:00;26.2;51;15.3;28.8;0;0.0;0.0;0.0;0.0;0.0;0;P1;Ensoleillé;1019.2;1007.2;0;0;0;0;39420.0;0.18;1.67;8.9;20.9;207;34.2;32.0;24.4;22.0;0.064;0.154;0.199;0.248;0.266
Ajaccio;41.92;8.73;28/05/2026;14:00;26.5;48;14.6;28.8;0;0.0;0.0;0.0;0.0;0.0;0;P1;Ensoleillé;1018.6;1006.6;0;0;0;0;40860.0;0.18;1.8;9.3;21.6;216;34.9;32.8;25.2;22.0;0.06;0.154;0.199;0.247;0.266
Ajaccio;41.92;8.73;28/05/2026;15:00;26.6;47;14.4;28.8;0;0.0;0.0;0.0;0.0;0.0;0;P1;Ensoleillé;1018.3;1006.3;0;0;0;0;41160.0;0.18;1.85;8.6;21.6;213;34.7;33.3;25.9;22.1;0.057;0.153;0.198;0.247;0.265
Ajaccio;41.92;8.73;28/05/2026;16:00;26.5;45;13.6;27.9;0;0.0;0.0;0.0;0.0;0.0;0;P1;Ensoleillé;1018.2;1006.2;0;0;0;0;41460.0;0.17;1.9;8.0;20.9;207;33.6;33.4;26.6;22.1;0.055;0.153;0.198;0.246;0.265
Ajaccio;41.92;8.73;28/05/2026;17:00;25.9;49;14.3;27.0;0;0.0;0.0;0.0;0.0;0.0;0;P1;Ensoleillé;1018.0;1006.0;0;0;0;0;40700.0;0.14;1.7;6.9;20.2;208;31.5;32.5;27.0;22.1;0.053;0.153;0.198;0.246;0.265
Ajaccio;41.92;8.73;28/05/2026;18:00;25.4;51;14.5;26.0;0;0.0;0.0;0.0;0.0;0.0;0;P1;Ensoleillé;1017.9;1005.9;0;0;0;0;39900.0;0.12;1.59;6.3;18.0;193;29.3;31.4;27.4;22.2;0.052;0.153;0.197;0.246;0.265
Ajaccio;41.92;8.73;28/05/2026;19:00;24.5;60;16.2;25.9;0;0.0;0.0;0.0;0.0;0.0;0;P1;Ensoleillé;1017.5;1005.4;0;0;0;0;38560.0;0.08;1.23;5.4;15.5;188;27.3;29.8;27.5;22.2;0.051;0.152;0.197;0.245;0.265
Ajaccio;41.92;8.73;28/05/2026;20:00;23.4;67;16.9;25.1;0;0.0;0.0;0.0;0.0;0.0;0;P1;Ensoleillé;1017.6;1005.5;0;0;0;0;37680.0;0.05;0.95;4.7;13.0;189;25.1;27.8;27.5;22.3;0.052;0.152;0.197;0.245;0.265
Ajaccio;41.92;8.73;28/05/2026;21:00;22.1;75;17.5;24.3;0;0.0;0.0;0.0;0.0;0.0;0;P1;Ensoleillé;1017.6;1005.4;0;0;0;0;33480.0;0.02;0.67;3.3;10.8;193;22.5;25.9;27.2;22.3;0.053;0.152;0.197;0.245;0.265
Ajaccio;41.92;8.73;28/05/2026;22:00;21.3;84;18.5;24.2;0;0.0;0.0;0.0;0.0;0.0;0;P1;Ensoleillé;1018.1;1005.9;0;0;0;0;29000.0;0.01;0.41;1.8;8.3;180;21.4;24.4;26.8;22.3;0.055;0.152;0.197;0.245;0.265
Ajaccio;41.92;8.73;28/05/2026;23:00;20.5;81;17.1;22.7;0;0.0;0.0;0.0;0.0;0.0;0;P1;Ensoleillé;1018.1;1005.9;0;0;0;0;31940.0;0.01;0.46;2.4;5.0;117;21.1;23.4;26.4;22.4;0.057;0.152;0.197;0.245;0.265
Ajaccio;41.92;8.73;29/05/2026;00:00;19.8;74;15.0;21.0;0;0.0;0.0;0.0;0.0;0.0;0;P1;Ensoleillé;1018.4;1006.1;0;0;0;0;35060.0;0.01;0.6;2.9;6.5;83;21.0;22.6;25.9;22.4;0.059;0.152;0.197;0.245;0.265
Ajaccio;41.92;8.73;29/05/2026;01:00;19.3;71;13.9;20.0;0;0.0;0.0;0.0;0.0;0.0;1;P2;Éclaircies;1018.7;1006.4;14;0;0;14;36900.0;0.01;0.65;3.7;8.3;61;20.4;22.0;25.4;22.4;0.06;0.152;0.197;0.245;0.265
Ajaccio;41.92;8.73;29/05/2026;02:00;18.8;72;13.7;19.4;0;0.0;0.0;0.0;0.0;0.0;3;P4;Nuageux;1018.5;1006.2;99;0;0;99;36600.0;0.01;0.61;3.9;7.9;68;20.0;21.4;24.9;22.4;0.062;0.152;0.197;0.245;0.265
Ajaccio;41.92;8.73;29/05/2026;03:00;18.4;73;13.4;18.8;0;0.0;0.0;0.0;0.0;0.0;0;P1;Ensoleillé;1018.1;1005.8;1;0;0;1;35560.0;0.02;0.57;4.7;9.0;67;19.4;21.0;24.4;22.5;0.063;0.152;0.197;0.245;0.265
Ajaccio;41.92;8.73;29/05/2026;04:00;17.8;76;13.5;18.3;0;0.0;0.0;0.0;0.0;0.0;0;P1;Ensoleillé;1017.9;1005.6;4;0;0;4;34360.0;0.02;0.49;4.5;9.0;61;19.0;20.5;24.0;22.5;0.065;0.152;0.197;0.244;0.265
Ajaccio;41.92;8.73;29/05/2026;05:00;17.5;78;13.6;17.9;0;0.0;0.0;0.0;0.0;0.0;0;P1;Ensoleillé;1018.1;1005.7;0;0;0;0;33540.0;0.02;0.44;4.9;9.4;54;18.7;20.1;23.6;22.5;0.067;0.152;0.197;0.244;0.265
Ajaccio;41.92;8.73;29/05/2026;06:00;17.5;78;13.6;17.8;0;0.0;0.0;0.0;0.0;0.0;0;P1;Ensoleillé;1018.4;1006.0;0;0;0;0;33300.0;0.02;0.44;5.4;10.4;48;18.3;19.6;23.1;22.5;0.068;0.152;0.197;0.244;0.265
Ajaccio;41.92;8.73;29/05/2026;07:00;17.9;77;13.8;18.4;0;0.0;0.0;0.0;0.0;0.0;1;P2;Éclaircies;1018.8;1006.5;5;0;3;3;33960.0;0.02;0.47;4.6;11.2;39;19.3;19.5;22.8;22.5;0.07;0.152;0.197;0.244;0.265
Ajaccio;41.92;8.73;29/05/2026;08:00;20.3;71;14.9;21.7;0;0.0;0.0;0.0;0.0;0.0;1;P2;Éclaircies;1018.9;1006.7;21;0;0;21;36140.0;0.03;0.69;1.5;9.7;45;22.1;20.5;22.5;22.4;0.071;0.152;0.197;0.244;0.265
Ajaccio;41.92;8.73;29/05/2026;09:00;22.9;56;13.7;23.8;0;0.0;0.0;0.0;0.0;0.0;1;P2;Éclaircies;1019.5;1007.4;10;0;7;4;40220.0;0.06;1.23;2.2;7.2;261;26.0;22.8;22.4;22.4;0.07;0.151;0.197;0.244;0.265
Ajaccio;41.92;8.73;29/05/2026;10:00;24.7;47;12.6;25.1;3;0.0;0.0;0.0;0.0;0.0;3;P4;Nuageux;1019.7;1007.6;59;0;0;59;41440.0;0.11;1.65;2.9;10.1;240;28.7;25.6;22.6;22.4;0.068;0.151;0.196;0.243;0.265
Ajaccio;41.92;8.73;29/05/2026;11:00;25.7;49;14.2;27.0;0;0.0;0.0;0.0;0.0;0.0;3;P4;Nuageux;1020.2;1008.2;90;0;14;84;41080.0;0.16;1.68;6.0;15.5;253;30.7;28.0;23.1;22.4;0.065;0.151;0.196;0.243;0.265
Ajaccio;41.92;8.73;29/05/2026;12:00;26.4;52;15.7;28.6;0;0.0;0.0;0.0;0.0;0.0;3;P4;Nuageux;1020.0;1008.0;93;0;0;93;40620.0;0.17;1.65;7.9;18.7;254;33.0;30.3;23.7;22.4;0.061;0.15;0.196;0.243;0.265
Ajaccio;41.92;8.73;29/05/2026;13:00;27.0;49;15.3;29.2;0;0.0;0.0;0.0;0.0;0.0;3;P4;Nuageux;1020.2;1008.2;100;0;0;100;40920.0;0.19;1.81;9.7;21.6;266;34.4;32.0;24.4;22.4;0.058;0.15;0.195;0.242;0.265
Ajaccio;41.92;8.73;29/05/2026;14:00;27.2;50;15.8;29.6;0;0.0;0.0;0.0;0.0;0.0;1;P2;Éclaircies;1019.8;1007.8;6;0;0;6;40780.0;0.19;1.8;10.1;22.7;270;34.8;32.9;25.2;22.4;0.055;0.15;0.195;0.242;0.265
Ajaccio;41.92;8.73;29/05/2026;15:00;27.4;49;15.8;29.8;0;0.0;0.0;0.0;0.0;0.0;1;P2;Éclaircies;1019.6;1007.6;35;27;0;12;40860.0;0.18;1.86;9.4;23.4;268;34.7;33.6;25.9;22.4;0.052;0.149;0.194;0.241;0.264
Ajaccio;41.92;8.73;29/05/2026;16:00;27.7;48;15.7;29.7;5;0.0;0.0;0.0;0.0;0.0;2;P8;Éclaircies;1019.4;1007.4;48;16;4;32;41080.0;0.16;1.93;8.6;21.6;268;34.4;33.9;26.6;22.4;0.05;0.149;0.194;0.241;0.264
Ajaccio;41.92;8.73;29/05/2026;17:00;27.7;48;15.7;28.8;3;0.0;0.0;0.0;0.0;0.0;3;P4;Nuageux;1019.1;1007.1;94;16;20;92;41240.0;0.13;1.93;8.4;19.8;277;32.6;33.7;27.2;22.5;0.049;0.149;0.194;0.241;0.264
Ajaccio;41.92;8.73;29/05/2026;18:00;27.3;46;14.6;27.8;0;0.0;0.0;0.0;0.0;0.0;3;P4;Nuageux;1019.0;1007.0;93;6;81;84;41700.0;0.11;1.95;7.1;18.7;285;30.3;32.7;27.7;22.5;0.048;0.148;0.193;0.24;0.264
Ajaccio;41.92;8.73;29/05/2026;19:00;26.8;46;14.2;27.5;8;0.0;0.0;0.0;0.0;0.0;3;P4;Nuageux;1019.1;1007.1;84;1;51;57;41840.0;0.07;1.9;4.8;16.6;283;29.0;31.1;28.0;22.6;0.048;0.148;0.193;0.24;0.264
Ajaccio;41.92;8.73;29/05/2026;20:00;26.1;50;14.9;27.2;0;0.0;0.0;0.0;0.0;0.0;3;P4;Nuageux;1019.1;1007.1;84;7;33;66;41280.0;0.05;1.69;3.3;11.5;283;26.9;29.3;28.0;22.6;0.048;0.148;0.193;0.24;0.264
Ajaccio;41.92;8.73;29/05/2026;21:00;25.0;58;16.1;26.7;0;0.0;0.0;0.0;0.0;0.0;1;P2;Éclaircies;1019.2;1007.1;41;11;13;20;38780.0;0.03;1.33;2.5;7.9;270;24.9;27.5;27.8;22.7;0.049;0.148;0.193;0.24;0.264
Ajaccio;41.92;8.73;29/05/2026;22:00;23.8;65;16.8;26.1;0;0.0;0.0;0.0;0.0;0.0;0;P1;Ensoleillé;1019.6;1007.5;7;1;0;7;36660.0;0.01;1.03;0.5;3.2;135;23.6;26.1;27.5;22.7;0.05;0.148;0.193;0.24;0.264
Ajaccio;41.92;8.73;29/05/2026;23:00;22.0;69;16.0;23.7;0;0.0;0.0;0.0;0.0;0.0;1;P2;Éclaircies;1020.0;1007.8;25;0;0;25;37320.0;0.01;0.82;2.3;5.8;72;22.5;25.0;27.1;22.7;0.052;0.148;0.193;0.24;0.264
Ajaccio;41.92;8.73;30/05/2026;00:00;21.7;72;16.4;23.4;0;0.0;0.0;0.0;0.0;0.0;0;P1;Ensoleillé;1020.0;1007.8;1;0;1;0;35800.0;0.01;0.72;3.6;7.9;45;21.9;24.4;27.0;22.8;0.053;0.148;0.193;0.24;0.264
Ajaccio;41.92;8.73;30/05/2026;01:00;21.3;73;16.3;22.9;0;0.0;0.0;0.0;0.0;0.0;0;P1;Ensoleillé;1019.9;1007.7;5;0;5;0;35480.0;0.01;0.68;4.1;8.3;45;21.4;23.8;26.5;22.8;0.054;0.148;0.193;0.24;0.264
Ajaccio;41.92;8.73;30/05/2026;02:00;21.0;72;15.7;22.3;0;0.0;0.0;0.0;0.0;0.0;0;P1;Ensoleillé;1019.7;1007.5;6;0;6;0;36160.0;0.01;0.69;4.1;8.3;38;21.3;23.3;26.1;22.9;0.056;0.148;0.193;0.24;0.264
Ajaccio;41.92;8.73;30/05/2026;03:00;20.7;72;15.4;22.0;0;0.0;0.0;0.0;0.0;0.0;1;P2;Éclaircies;1019.4;1007.2;17;2;12;5;36120.0;0.01;0.68;3.7;7.9;29;21.3;23.0;25.7;22.9;0.057;0.148;0.193;0.24;0.264
Ajaccio;41.92;8.73;30/05/2026;04:00;20.3;73;15.3;21.5;0;0.0;0.0;0.0;0.0;0.0;0;P1;Ensoleillé;1019.1;1006.8;13;3;11;0;35480.0;0.01;0.64;3.4;7.6;32;20.9;22.6;25.3;22.9;0.058;0.148;0.193;0.239;0.264
Ajaccio;41.92;8.73;30/05/2026;05:00;19.9;75;15.3;21.3;0;0.0;0.0;0.0;0.0;0.0;0;P1;Ensoleillé;1019.0;1006.7;12;6;8;0;34720.0;0.01;0.58;3.1;7.6;36;20.5;22.2;24.9;22.9;0.059;0.148;0.193;0.239;0.264
Ajaccio;41.92;8.73;30/05/2026;06:00;19.6;77;15.5;21.0;0;0.0;0.0;0.0;0.0;0.0;0;P1;Ensoleillé;1019.2;1006.9;4;3;1;0;33560.0;0.01;0.52;2.8;6.8;40;20.1;21.9;24.6;22.9;0.06;0.148;0.193;0.239;0.264
Ajaccio;41.92;8.73;30/05/2026;07:00;19.9;77;15.7;21.5;0;0.0;0.0;0.0;0.0;0.0;0;P1;Ensoleillé;1019.6;1007.3;3;2;1;0;33140.0;0.01;0.53;2.1;6.5;59;21.3;21.7;24.2;22.9;0.062;0.148;0.193;0.239;0.264
Ajaccio;41.92;8.73;30/05/2026;08:00;22.1;70;16.3;24.1;0;0.0;0.0;0.0;0.0;0.0;0;P1;Ensoleillé;1019.8;1007.6;0;0;0;0;36500.0;0.02;0.8;0.8;5.0;207;23.8;22.8;24.0;22.9;0.062;0.148;0.193;0.239;0.264
Ajaccio;41.92;8.73;30/05/2026;09:00;23.7;64;16.5;25.3;0;0.0;0.0;0.0;0.0;0.0;0;P1;Ensoleillé;1020.0;1007.9;0;0;0;0;37480.0;0.06;1.06;4.4;10.8;235;27.3;24.9;24.0;22.9;0.062;0.148;0.193;0.239;0.264
Ajaccio;41.92;8.73;30/05/2026;10:00;25.0;66;18.2;27.0;0;0.0;0.0;0.0;0.0;0.0;0;P1;Ensoleillé;1019.9;1007.8;0;0;0;0;35000.0;0.09;1.07;6.2;16.2;234;29.9;27.4;24.2;22.9;0.061;0.147;0.192;0.239;0.264
Ajaccio;41.92;8.73;30/05/2026;11:00;25.7;64;18.4;28.3;0;0.0;0.0;0.0;0.0;0.0;0;P1;Ensoleillé;1020.1;1008.1;2;2;0;0;36960.0;0.12;1.19;9.2;20.5;239;32.5;29.7;24.6;22.9;0.059;0.147;0.192;0.238;0.264
Ajaccio;41.92;8.73;30/05/2026;12:00;26.3;62;18.4;29.2;0;0.0;0.0;0.0;0.0;0.0;0;P1;Ensoleillé;1020.1;1008.1;5;5;0;0;37640.0;0.14;1.3;11.4;25.2;252;34.1;31.5;25.2;22.9;0.056;0.147;0.192;0.238;0.264
Ajaccio;41.92;8.73;30/05/2026;13:00;26.6;59;17.9;29.9;0;0.0;0.0;0.0;0.0;0.0;0;P1;Ensoleillé;1020.0;1008.0;0;0;0;0;38620.0;0.15;1.43;10.3;26.3;258;35.5;32.8;25.8;22.9;0.054;0.146;0.191;0.238;0.264
Ajaccio;41.92;8.73;30/05/2026;14:00;27.3;55;17.4;30.5;0;0.0;0.0;0.0;0.0;0.0;0;P1;Ensoleillé;1019.4;1007.4;5;0;0;5;39760.0;0.16;1.63;9.7;23.4;255;36.1;34.1;26.5;22.9;0.052;0.146;0.191;0.237;0.264
Ajaccio;41.92;8.73;30/05/2026;15:00;27.8;51;16.7;30.5;0;0.0;0.0;0.0;0.0;0.0;2;P8;Éclaircies;1018.9;1007.0;74;0;0;74;40600.0;0.16;1.83;9.4;21.6;263;35.5;34.9;27.2;23.0;0.05;0.146;0.19;0.237;0.263
Ajaccio;41.92;8.73;30/05/2026;16:00;27.8;47;15.5;29.4;0;0.0;0.0;0.0;0.0;0.0;3;P4;Nuageux;1018.4;1006.5;100;0;0;100;41280.0;0.15;1.98;10.5;23.0;274;34.3;34.8;27.8;23.0;0.048;0.145;0.19;0.236;0.263
Ajaccio;41.92;8.73;30/05/2026;17:00;27.4;45;14.4;27.6;0;0.0;0.0;0.0;0.0;0.0;3;P4;Nuageux;1018.0;1006.0;100;0;0;100;41700.0;0.12;2.0;9.3;22.7;283;32.3;34.0;28.3;23.0;0.047;0.145;0.19;0.236;0.263
Ajaccio;41.92;8.73;30/05/2026;18:00;27.1;47;14.8;27.5;0;0.0;0.0;0.0;0.0;0.0;3;P4;Nuageux;1017.7;1005.7;98;0;0;98;41500.0;0.1;1.9;8.0;20.9;278;31.0;33.1;28.7;23.1;0.047;0.145;0.19;0.236;0.263
Ajaccio;41.92;8.73;30/05/2026;19:00;26.4;51;15.5;27.2;0;0.0;0.0;0.0;0.0;0.0;1;P2;Éclaircies;1017.4;1005.4;27;0;0;27;41120.0;0.07;1.69;6.9;18.7;279;29.1;31.7;28.9;23.1;0.047;0.145;0.189;0.236;0.263
Ajaccio;41.92;8.73;30/05/2026;20:00;25.4;55;15.7;26.4;0;0.0;0.0;0.0;0.0;0.0;1;P2;Éclaircies;1017.5;1005.5;11;0;0;11;40540.0;0.04;1.46;6.1;16.9;298;26.6;29.9;28.9;23.2;0.047;0.145;0.189;0.236;0.263
Ajaccio;41.92;8.73;30/05/2026;21:00;24.3;58;15.5;25.6;0;0.0;0.0;0.0;0.0;0.0;2;P8;Éclaircies;1017.4;1005.3;76;0;0;76;39640.0;0.02;1.28;3.7;14.0;299;24.8;28.2;28.7;23.2;0.048;0.145;0.189;0.236;0.263
Ajaccio;41.92;8.73;30/05/2026;22:00;23.4;63;15.9;24.8;0;0.0;0.0;0.0;0.0;0.0;3;P4;Nuageux;1017.7;1005.6;100;0;0;100;38480.0;0.02;1.06;3.9;7.6;326;23.8;26.6;28.3;23.3;0.049;0.144;0.189;0.235;0.263
Ajaccio;41.92;8.73;30/05/2026;23:00;22.4;69;16.4;24.3;0;0.0;0.0;0.0;0.0;0.0;3;P4;Nuageux;1017.8;1005.7;100;0;0;100;37940.0;0.01;0.84;2.6;6.5;34;22.9;25.5;27.9;23.3;0.05;0.144;0.189;0.235;0.263
Ajaccio;41.92;8.73;31/05/2026;00:00;21.6;77;17.4;23.9;0;0.0;0.0;0.0;0.0;0.0;3;P4;Nuageux;1017.9;1005.7;100;0;0;100;34900.0;0.01;0.59;2.5;6.5;45;22.2;24.7;27.4;23.3;0.051;0.144;0.189;0.235;0.263
Ajaccio;41.92;8.73;31/05/2026;01:00;21.1;82;17.9;23.7;0;0.0;0.0;0.0;0.0;0.0;3;P4;Nuageux;1017.9;1005.7;100;0;0;100;29520.0;0.01;0.45;1.8;5.8;37;21.5;24.2;27.0;23.4;0.052;0.144;0.189;0.235;0.263
Ajaccio;41.92;8.73;31/05/2026;02:00;20.7;85;18.1;23.5;0;0.0;0.0;0.0;0.0;0.0;3;P4;Nuageux;1017.8;1005.6;91;0;77;87;26300.0;0.01;0.37;1.1;4.0;18;21.5;23.7;26.5;23.4;0.054;0.144;0.189;0.235;0.263
Ajaccio;41.92;8.73;31/05/2026;03:00;20.5;85;17.8;23.0;0;0.0;0.0;0.0;0.0;0.0;3;P4;Nuageux;1017.5;1005.3;81;0;80;25;26660.0;0.01;0.36;1.9;4.7;22;21.4;23.2;26.1;23.4;0.055;0.144;0.189;0.235;0.263
Ajaccio;41.92;8.73;31/05/2026;04:00;20.1;86;17.6;22.4;0;0.0;0.0;0.0;0.0;0.0;2;P8;Éclaircies;1017.3;1005.1;75;0;73;40;25120.0;0.01;0.33;2.5;6.1;45;21.0;22.8;25.7;23.4;0.056;0.144;0.189;0.235;0.263
Ajaccio;41.92;8.73;31/05/2026;05:00;19.5;88;17.5;21.8;0;0.0;0.0;0.0;0.0;0.0;3;P4;Nuageux;1017.0;1004.7;96;0;37;92;21940.0;0.01;0.27;2.8;6.8;40;20.7;22.4;25.3;23.4;0.058;0.144;0.189;0.235;0.263
Ajaccio;41.92;8.73;31/05/2026;06:00;19.1;90;17.4;21.2;0;0.0;0.0;0.0;0.0;0.0;3;P4;Nuageux;1016.9;1004.6;94;0;1;94;19680.0;0.01;0.22;3.6;7.6;53;20.2;22.0;24.9;23.4;0.059;0.144;0.189;0.235;0.263
Ajaccio;41.92;8.73;31/05/2026;07:00;19.4;88;17.3;21.5;0;0.0;0.0;0.0;0.0;0.0;2;P8;Éclaircies;1017.0;1004.7;62;0;0;62;22020.0;0.01;0.27;3.2;7.6;27;21.0;21.9;24.6;23.4;0.061;0.144;0.189;0.235;0.263
Ajaccio;41.92;8.73;31/05/2026;08:00;21.6;79;17.8;24.2;0;0.0;0.0;0.0;0.0;0.0;1;P2;Éclaircies;1017.2;1005.0;13;0;0;13;31360.0;0.02;0.54;1.1;6.5;72;23.7;22.8;24.3;23.4;0.061;0.144;0.189;0.235;0.263
Ajaccio;41.92;8.73;31/05/2026;09:00;23.9;67;17.4;26.0;0;0.0;0.0;0.0;0.0;0.0;0;P1;Ensoleillé;1017.4;1005.3;4;0;0;4;36920.0;0.05;0.98;3.6;10.1;225;27.4;25.0;24.2;23.4;0.061;0.144;0.189;0.235;0.263
Ajaccio;41.92;8.73;31/05/2026;10:00;25.1;63;17.5;26.9;0;0.0;0.0;0.0;0.0;0.0;0;P1;Ensoleillé;1017.6;1005.6;0;0;0;0;37460.0;0.09;1.18;6.1;15.5;230;30.0;27.5;24.4;23.4;0.06;0.143;0.188;0.234;0.263
Ajaccio;41.92;8.73;31/05/2026;11:00;25.8;56;16.4;27.4;0;0.0;0.0;0.0;0.0;0.0;0;P1;Ensoleillé;1017.9;1005.9;0;0;0;0;39100.0;0.13;1.46;10.0;22.7;232;32.6;29.8;24.8;23.4;0.058;0.143;0.188;0.234;0.263
Ajaccio;41.92;8.73;31/05/2026;12:00;26.2;59;17.5;28.8;0;0.0;0.0;0.0;0.0;0.0;0;P1;Ensoleillé;1018.0;1006.0;0;0;0;0;38080.0;0.15;1.39;11.0;24.5;232;34.0;31.5;25.4;23.4;0.055;0.143;0.188;0.234;0.263
Ajaccio;41.92;8.73;31/05/2026;13:00;26.6;59;17.9;29.6;0;0.0;0.0;0.0;0.0;0.0;0;P1;Ensoleillé;1017.8;1005.8;0;0;0;0;38160.0;0.15;1.42;11.7;25.9;236;34.9;32.9;26.0;23.4;0.053;0.142;0.187;0.233;0.263
Ajaccio;41.92;8.73;31/05/2026;14:00;26.9;57;17.6;29.8;0;0.0;0.0;0.0;0.0;0.0;0;P1;Ensoleillé;1017.3;1005.3;0;0;0;0;38860.0;0.15;1.52;12.6;27.7;239;35.2;33.7;26.7;23.4;0.051;0.142;0.187;0.233;0.262
Ajaccio;41.92;8.73;31/05/2026;15:00;26.8;57;17.5;29.6;0;0.0;0.0;0.0;0.0;0.0;0;P1;Ensoleillé;1016.7;1004.7;0;0;0;0;38860.0;0.15;1.51;11.5;28.1;229;35.0;34.0;27.3;23.4;0.049;0.142;0.187;0.233;0.262
Ajaccio;41.92;8.73;31/05/2026;16:00;26.4;58;17.5;28.6;0;0.0;0.0;0.0;0.0;0.0;0;P1;Ensoleillé;1016.2;1004.2;0;0;0;0;38420.0;0.13;1.45;12.5;28.1;231;33.8;33.8;27.9;23.5;0.047;0.141;0.186;0.232;0.262
Ajaccio;41.92;8.73;31/05/2026;17:00;25.7;64;18.3;27.6;0;0.0;0.0;0.0;0.0;0.0;0;P1;Ensoleillé;1016.0;1004.0;0;0;0;0;36600.0;0.11;1.19;11.5;28.4;229;32.1;32.9;28.3;23.5;0.047;0.141;0.186;0.232;0.262
Ajaccio;41.92;8.73;31/05/2026;18:00;24.9;66;18.1;26.4;0;0.0;0.0;0.0;0.0;0.0;0;P1;Ensoleillé;1016.0;1004.0;1;1;0;0;35740.0;0.09;1.07;9.4;25.6;227;30.1;31.8;28.5;23.5;0.046;0.141;0.186;0.232;0.262
Ajaccio;41.92;8.73;31/05/2026;19:00;24.1;70;18.2;26.1;0;0.0;0.0;0.0;0.0;0.0;0;P1;Ensoleillé;1016.0;1003.9;0;0;0;0;34660.0;0.06;0.9;6.4;22.0;207;27.6;30.3;28.6;23.6;0.047;0.141;0.186;0.232;0.262
Ajaccio;41.92;8.73;31/05/2026;20:00;23.3;74;18.4;25.5;0;0.0;0.0;0.0;0.0;0.0;0;P1;Ensoleillé;1016.2;1004.1;0;0;0;0;32360.0;0.03;0.74;5.4;16.6;184;25.7;28.7;28.5;23.6;0.047;0.141;0.186;0.232;0.262
Ajaccio;41.92;8.73;31/05/2026;21:00;22.5;78;18.5;25.0;0;0.0;0.0;0.0;0.0;0.0;0;P1;Ensoleillé;1016.3;1004.2;0;0;0;0;29440.0;0.02;0.6;4.4;12.6;171;24.0;27.2;28.2;23.7;0.048;0.141;0.186;0.232;0.262
Ajaccio;41.92;8.73;31/05/2026;22:00;21.8;83;18.7;24.5;0;0.0;0.0;0.0;0.0;0.0;0;P1;Ensoleillé;1016.4;1004.2;0;0;0;0;26540.0;0.01;0.44;3.4;8.6;162;22.5;25.7;27.8;23.7;0.05;0.141;0.185;0.231;0.262
Ajaccio;41.92;8.73;31/05/2026;23:00;21.1;86;18.6;23.8;0;0.0;0.0;0.0;0.0;0.0;0;P1;Ensoleillé;1016.4;1004.2;0;0;0;0;23620.0;0.01;0.35;2.8;6.5;140;21.5;24.5;27.4;23.7;0.051;0.141;0.185;0.231;0.262
Ajaccio;41.92;8.73;01/06/2026;00:00;20.5;86;18.0;22.9;0;0.0;0.0;0.0;0.0;0.0;2;P8;Éclaircies;1016.3;1004.1;24;18;0;13;23220.0;0.01;0.34;3.2;7.2;117;21.2;23.8;26.9;23.7;0.052;0.141;0.185;0.231;0.262
Ajaccio;41.92;8.73;01/06/2026;01:00;19.9;85;17.3;21.9;0;0.0;0.0;0.0;0.0;0.0;2;P8;Éclaircies;1016.2;1004.0;47;35;0;25;22800.0;0.01;0.35;4.4;9.4;99;21.4;23.5;26.5;23.8;0.053;0.14;0.185;0.231;0.262
Ajaccio;41.92;8.73;01/06/2026;02:00;19.5;83;16.5;21.0;0;0.0;0.0;0.0;0.0;0.0;2;P8;Éclaircies;1016.0;1003.8;71;53;0;38;22400.0;0.01;0.39;5.4;11.2;94;21.5;23.1;26.0;23.8;0.054;0.14;0.185;0.231;0.262
Ajaccio;41.92;8.73;01/06/2026;03:00;19.2;80;15.7;20.3;0;0.0;0.0;0.0;0.0;0.0;3;P4;Nuageux;1015.7;1003.4;74;55;0;43;25940.0;0.01;0.45;5.8;11.5;86;21.1;22.7;25.6;23.8;0.055;0.14;0.185;0.231;0.262
Ajaccio;41.92;8.73;01/06/2026;04:00;19.0;77;14.9;19.8;1;0.0;0.0;0.0;0.0;0.0;3;P4;Nuageux;1015.3;1003.0;78;57;0;49;29500.0;0.01;0.51;5.4;11.5;82;20.6;22.4;25.3;23.8;0.057;0.14;0.185;0.231;0.262
Ajaccio;41.92;8.73;01/06/2026;05:00;19.2;75;14.6;19.9;2;0.0;0.0;0.0;0.0;0.0;3;P4;Nuageux;1015.0;1002.8;81;59;0;54;33040.0;0.01;0.55;5.1;11.5;82;20.6;22.2;24.9;23.8;0.058;0.14;0.185;0.231;0.262
Ajaccio;41.92;8.73;01/06/2026;06:00;19.8;74;15.0;20.7;2;0.0;0.0;0.0;0.0;0.0;2;P8;Éclaircies;1014.9;1002.7;74;58;0;38;33480.0;0.01;0.6;4.7;10.8;86;21.3;22.1;24.6;23.8;0.059;0.14;0.185;0.231;0.262
Ajaccio;41.92;8.73;01/06/2026;07:00;20.7;73;15.7;22.1;3;0.0;0.0;0.0;0.0;0.0;2;P8;Éclaircies;1014.9;1002.7;67;58;0;23;33940.0;0.01;0.66;3.6;9.7;96;22.4;22.2;24.3;23.8;0.06;0.14;0.185;0.231;0.262
Ajaccio;41.92;8.73;01/06/2026;08:00;21.7;73;16.6;23.5;3;0.0;0.0;0.0;0.0;0.0;2;P8;Éclaircies;1014.9;1002.8;60;57;0;7;34380.0;0.02;0.7;3.4;10.8;122;23.9;22.8;24.1;23.8;0.06;0.14;0.185;0.231;0.262
Ajaccio;41.92;8.73;01/06/2026;09:00;22.7;73;17.6;24.6;3;0.0;0.0;0.0;0.0;0.0;3;P4;Nuageux;1014.9;1002.8;73;52;2;38;33040.0;0.04;0.74;5.4;15.5;160;26.1;24.4;24.1;23.8;0.06;0.14;0.185;0.231;0.262
Ajaccio;41.92;8.73;01/06/2026;10:00;23.7;74;18.8;25.7;2;0.0;0.0;0.0;0.0;0.0;3;P4;Nuageux;1014.9;1002.8;87;46;5;68;31700.0;0.06;0.76;9.0;22.0;175;28.7;26.5;24.3;23.7;0.059;0.139;0.185;0.23;0.262
Ajaccio;41.92;8.73;01/06/2026;11:00;24.6;74;19.6;26.5;2;0.0;0.0;0.0;0.0;0.0;3;P4;Nuageux;1014.9;1002.9;100;41;7;99;30360.0;0.08;0.8;11.9;27.0;183;30.9;28.5;24.6;23.7;0.058;0.139;0.185;0.23;0.262
Ajaccio;41.92;8.73;01/06/2026;12:00;25.1;73;19.9;27.7;1;0.0;0.0;0.0;0.0;0.0;3;P4;Nuageux;1014.8;1002.8;93;39;5;86;31140.0;0.1;0.86;13.1;29.5;189;32.4;30.3;25.1;23.7;0.056;0.139;0.185;0.23;0.262
Ajaccio;41.92;8.73;01/06/2026;13:00;25.3;71;19.7;28.5;0;0.0;0.0;0.0;0.0;0.0;3;P4;Nuageux;1014.7;1002.7;86;37;2;74;31900.0;0.12;0.94;13.2;30.6;197;33.4;31.9;25.7;23.7;0.054;0.138;0.184;0.229;0.261
Ajaccio;41.92;8.73;01/06/2026;14:00;25.4;69;19.3;28.7;0;0.0;0.0;0.0;0.0;0.0;3;P4;Nuageux;1014.6;1002.6;79;35;0;61;32680.0;0.13;1.0;13.2;31.0;202;33.8;33.0;26.3;23.7;0.052;0.138;0.184;0.229;0.261
Ajaccio;41.92;8.73;01/06/2026;15:00;25.2;66;18.4;28.1;0;0.0;0.0;0.0;0.0;0.0;1;P2;Éclaircies;1014.5;1002.5;61;32;0;41;34400.0;0.14;1.09;13.4;31.3;204;33.4;33.3;26.9;23.7;0.05;0.138;0.184;0.229;0.261
Ajaccio;41.92;8.73;01/06/2026;16:00;24.8;64;17.5;27.0;0;0.0;0.0;0.0;0.0;0.0;1;P2;Éclaircies;1014.3;1002.3;43;28;0;20;36120.0;0.14;1.13;13.0;31.0;204;32.4;33.0;27.4;23.8;0.049;0.138;0.183;0.228;0.261
Ajaccio;41.92;8.73;01/06/2026;17:00;24.4;62;16.7;25.7;0;0.0;0.0;0.0;0.0;0.0;1;P2;Éclaircies;1014.2;1002.2;25;25;0;0;37840.0;0.13;1.16;11.9;29.5;205;31.1;32.3;27.8;23.8;0.048;0.138;0.183;0.228;0.261
Ajaccio;41.92;8.73;01/06/2026;18:00;24.1;62;16.3;24.8;0;0.0;0.0;0.0;0.0;0.0;1;P2;Éclaircies;1014.2;1002.2;27;24;0;3;37960.0;0.11;1.14;10.1;26.3;207;29.3;31.3;28.1;23.8;0.048;0.138;0.183;0.228;0.261
Ajaccio;41.92;8.73;01/06/2026;19:00;23.6;63;16.2;24.6;0;0.0;0.0;0.0;0.0;0.0;1;P2;Éclaircies;1014.3;1002.2;29;24;0;7;38100.0;0.09;1.08;7.4;21.6;209;27.1;29.8;28.2;23.8;0.048;0.137;0.182;0.228;0.261
Ajaccio;41.92;8.73;01/06/2026;20:00;23.1;65;16.1;24.4;0;0.0;0.0;0.0;0.0;0.0;1;P2;Éclaircies;1014.4;1002.3;31;23;0;10;38220.0;0.07;0.99;5.0;17.3;210;25.2;28.4;28.1;23.9;0.049;0.137;0.182;0.228;0.261
Ajaccio;41.92;8.73;01/06/2026;21:00;22.3;69;16.3;24.0;0;0.0;0.0;0.0;0.0;0.0;3;P4;Nuageux;1014.6;1002.5;54;15;0;40;36640.0;0.05;0.83;3.0;13.3;194;23.8;26.9;27.9;23.9;0.05;0.137;0.182;0.228;0.261
Ajaccio;41.92;8.73;01/06/2026;22:00;21.3;73;16.3;23.1;0;0.0;0.0;0.0;0.0;0.0;3;P4;Nuageux;1014.8;1002.6;77;8;0;70;35080.0;0.03;0.68;2.3;9.7;141;22.5;25.4;27.5;23.9;0.05;0.137;0.182;0.228;0.261
Ajaccio;41.92;8.73;01/06/2026;23:00;20.4;76;16.0;22.0;0;0.0;0.0;0.0;0.0;0.0;3;P4;Nuageux;1014.9;1002.7;100;0;0;100;33500.0;0.02;0.58;3.3;7.6;103;21.6;24.2;27.1;23.9;0.051;0.137;0.182;0.228;0.261
Ajaccio;41.92;8.73;02/06/2026;00:00;19.7;76;15.3;20.9;0;0.0;0.0;0.0;0.0;0.0;1;P2;Éclaircies;1015.0;1002.8;78;0;0;77;34180.0;0.01;0.55;4.0;7.6;90;21.0;23.5;26.7;23.9;0.052;0.137;0.182;0.228;0.261
Ajaccio;41.92;8.73;02/06/2026;01:00;19.1;74;14.3;19.8;0;0.0;0.0;0.0;0.0;0.0;1;P2;Éclaircies;1015.0;1002.7;55;1;0;55;34840.0;0.01;0.57;4.4;9.0;81;20.6;23.0;26.2;24.0;0.053;0.137;0.182;0.228;0.261
Ajaccio;41.92;8.73;02/06/2026;02:00;18.5;73;13.6;19.0;0;0.0;0.0;0.0;0.0;0.0;1;P2;Éclaircies;1014.9;1002.6;33;1;0;32;35520.0;0.01;0.58;4.6;10.4;72;20.3;22.5;25.8;24.0;0.054;0.137;0.182;0.228;0.261
Ajaccio;41.92;8.73;02/06/2026;03:00;18.0;72;12.9;18.2;0;0.0;0.0;0.0;0.0;0.0;3;P4;Nuageux;1014.6;1002.3;50;15;0;42;35900.0;0.01;0.58;5.0;10.8;69;19.8;21.9;25.4;24.0;0.055;0.137;0.182;0.228;0.261
Ajaccio;41.92;8.73;02/06/2026;04:00;17.6;72;12.5;17.6;0;0.0;0.0;0.0;0.0;0.0;3;P4;Nuageux;1014.3;1002.0;67;28;0;53;36260.0;0.02;0.56;5.5;10.8;67;19.4;21.3;25.0;23.9;0.056;0.137;0.182;0.228;0.261
Ajaccio;41.92;8.73;02/06/2026;05:00;17.7;71;12.3;17.6;0;0.0;0.0;0.0;0.0;0.0;3;P4;Nuageux;1014.0;1001.7;84;42;0;63;36640.0;0.02;0.59;5.5;11.2;67;19.4;20.9;24.6;23.9;0.057;0.137;0.182;0.228;0.261
Ajaccio;41.92;8.73;02/06/2026;06:00;18.4;69;12.6;18.3;0;0.0;0.0;0.0;0.0;0.0;3;P4;Nuageux;1013.9;1001.6;89;29;13;75;37460.0;0.02;0.65;6.0;11.5;65;20.0;20.7;24.2;23.9;0.058;0.137;0.182;0.228;0.261
Ajaccio;41.92;8.73;02/06/2026;07:00;19.6;68;13.5;19.8;0;0.0;0.0;0.0;0.0;0.0;3;P4;Nuageux;1013.8;1001.6;95;15;26;88;38280.0;0.02;0.73;6.0;11.5;65;21.1;20.8;23.8;23.9;0.059;0.136;0.182;0.227;0.261
Ajaccio;41.92;8.73;02/06/2026;08:00;20.8;66;14.2;21.4;0;0.0;0.0;0.0;0.0;0.0;3;P4;Nuageux;1013.8;1001.6;100;2;39;100;39100.0;0.03;0.83;5.2;12.6;74;22.8;21.5;23.6;23.9;0.059;0.136;0.182;0.227;0.261
Ajaccio;41.92;8.73;02/06/2026;09:00;22.1;65;15.2;23.3;0;0.0;0.0;0.0;0.0;0.0;2;P8;Éclaircies;1013.8;1001.7;85;6;39;68;38520.0;0.04;0.93;3.4;14.4;108;25.6;23.6;23.7;23.9;0.058;0.136;0.182;0.227;0.261
Ajaccio;41.92;8.73;02/06/2026;10:00;23.4;64;16.2;24.8;0;0.0;0.0;0.0;0.0;0.0;2;P8;Éclaircies;1013.9;1001.8;69;10;39;37;37960.0;0.06;1.04;5.1;16.9;172;28.9;26.4;23.9;23.8;0.057;0.136;0.181;0.227;0.261
Ajaccio;41.92;8.73;02/06/2026;11:00;24.4;64;17.2;26.0;0;0.0;0.0;0.0;0.0;0.0;2;P8;Éclaircies;1013.9;1001.9;54;14;39;5;37380.0;0.08;1.1;8.0;19.4;190;31.6;28.8;24.2;23.8;0.056;0.136;0.181;0.227;0.261
Ajaccio;41.92;8.73;02/06/2026;12:00;24.8;65;17.9;27.0;0;0.0;0.0;0.0;0.0;0.0;2;P8;Éclaircies;1013.8;1001.8;52;21;35;4;33400.0;0.1;1.09;10.0;21.7;199;31.8;29.9;24.5;23.6;0.054;0.136;0.181;0.228;0.262
Ajaccio;41.92;8.73;02/06/2026;13:00;24.9;68;18.6;27.5;0;0.0;0.0;0.0;0.0;0.0;2;P8;Éclaircies;1013.8;1001.9;52;30;26;3;26110.0;0.11;1.01;11.1;23.8;209;31.2;30.4;24.9;23.4;0.053;0.134;0.181;0.227;0.262
Ajaccio;41.92;8.73;02/06/2026;14:00;25.0;69;18.9;27.5;0;0.0;0.0;0.0;0.0;0.0;2;P8;Éclaircies;1013.8;1001.8;53;42;16;2;15470.0;0.12;0.98;11.8;24.9;218;30.2;30.5;25.1;23.3;0.052;0.134;0.181;0.228;0.263
Ajaccio;41.92;8.73;02/06/2026;15:00;24.9;69;18.8;26.9;1;0.0;0.0;0.0;0.0;0.0;2;P8;Éclaircies;1013.6;1001.6;59;42;23;6;19440.0;0.0;0.97;12.0;24.5;226;28.5;30.0;25.4;23.1;0.051;0.134;0.181;0.229;0.264
Ajaccio;41.92;8.73;02/06/2026;16:00;24.6;70;18.7;26.1;2;0.0;0.0;0.0;0.0;0.0;2;P8;Éclaircies;1013.3;1001.3;66;43;35;11;28420.0;0.0;0.93;12.0;24.5;231;27.5;29.7;25.8;23.2;0.05;0.134;0.181;0.229;0.264
Ajaccio;41.92;8.73;02/06/2026;17:00;24.2;71;18.6;25.7;3;0.0;0.0;0.0;0.0;0.0;2;P8;Éclaircies;1013.0;1001.0;73;43;46;17;37400.0;0.0;0.87;11.6;23.4;234;26.4;29.1;26.1;23.2;0.05;0.134;0.181;0.229;0.264
Ajaccio;41.92;8.73;02/06/2026;18:00;23.8;73;18.6;25.6;4;0.0;0.0;0.0;0.0;0.0;3;P4;Nuageux;1012.7;1000.7;82;46;43;45;26980.0;0.0;0.79;9.8;21.2;234;25.4;28.4;26.2;23.2;0.05;0.134;0.181;0.229;0.264
Ajaccio;41.92;8.73;02/06/2026;19:00;23.3;75;18.6;25.4;5;0.0;0.0;0.0;0.0;0.0;3;P4;Nuageux;1012.4;1000.4;91;48;40;72;16580.0;0.0;0.71;6.9;18.0;231;24.4;27.5;26.3;23.2;0.05;0.134;0.18;0.228;0.264
Ajaccio;41.92;8.73;02/06/2026;20:00;22.8;78;18.8;25.5;7;0.0;0.0;0.0;0.0;0.0;3;P4;Nuageux;1012.2;1000.1;100;51;37;100;6160.0;0.0;0.61;4.3;14.8;228;23.5;26.6;26.3;23.2;0.051;0.134;0.18;0.228;0.264
Ajaccio;41.92;8.73;02/06/2026;21:00;22.4;81;19.0;25.4;8;0.0;0.0;0.0;0.0;0.0;3;P4;Nuageux;1012.2;1000.1;100;52;37;100;15560.0;0.0;0.52;2.5;11.5;225;22.8;25.6;26.1;23.2;0.052;0.134;0.18;0.228;0.264
Ajaccio;41.92;8.73;02/06/2026;22:00;22.0;84;19.2;25.3;9;0.0;0.0;0.0;0.0;0.0;3;P4;Nuageux;1012.4;1000.3;100;52;37;100;24940.0;0.0;0.42;1.1;8.6;198;22.3;24.7;25.9;23.2;0.052;0.133;0.18;0.228;0.264
Ajaccio;41.92;8.73;02/06/2026;23:00;21.7;87;19.4;25.1;10;0.0;0.0;0.0;0.0;0.0;3;P4;Nuageux;1012.4;1000.3;100;53;37;100;34340.0;0.0;0.34;1.3;6.8;124;21.9;23.9;25.6;23.2;0.053;0.133;0.18;0.228;0.264
Ajaccio;41.92;8.73;03/06/2026;00:00;21.4;88;19.3;24.5;11;0.0;0.0;0.0;0.0;0.0;3;P4;Nuageux;1012.2;1000.1;100;59;58;100;33120.0;0.0;0.31;2.6;7.2;106;21.7;23.4;25.4;23.2;0.054;0.133;0.18;0.228;0.264
Ajaccio;41.92;8.73;03/06/2026;01:00;21.2;89;19.3;24.0;12;0.0;0.0;0.0;0.0;0.0;3;P4;Nuageux;1011.8;999.7;100;64;79;100;31900.0;0.0;0.28;4.4;8.6;99;21.7;23.1;25.1;23.2;0.055;0.133;0.18;0.228;0.264
Ajaccio;41.92;8.73;03/06/2026;02:00;21.0;89;19.1;23.6;13;0.0;0.0;0.0;0.0;0.0;3;P4;Nuageux;1011.5;999.4;100;70;100;100;30680.0;0.0;0.27;5.5;10.1;101;21.6;22.9;24.8;23.2;0.057;0.133;0.18;0.228;0.264
Ajaccio;41.92;8.73;03/06/2026;03:00;20.8;89;18.9;23.2;13;0.0;0.0;0.0;0.0;0.0;3;P4;Nuageux;1011.2;999.1;97;69;89;67;30520.0;0.0;0.27;6.3;10.4;103;21.5;22.6;24.5;23.2;0.059;0.133;0.18;0.228;0.264
Ajaccio;41.92;8.73;03/06/2026;04:00;20.6;88;18.6;22.8;14;0.0;0.0;0.0;0.0;0.0;3;P4;Nuageux;1011.0;998.9;93;67;77;33;30340.0;0.0;0.29;7.1;10.8;105;21.3;22.3;24.2;23.2;0.062;0.133;0.18;0.228;0.264
Ajaccio;41.92;8.73;03/06/2026;05:00;20.6;86;18.2;22.7;14;0.0;0.0;0.0;0.0;0.0;3;P4;Nuageux;1010.9;998.8;90;66;66;0;30180.0;0.0;0.34;6.0;11.2;107;21.4;22.2;24.0;23.2;0.065;0.133;0.18;0.228;0.264
Ajaccio;41.92;8.73;03/06/2026;06:00;20.8;83;17.8;23.3;14;0.0;0.0;0.0;0.0;0.0;2;P8;Éclaircies;1011.0;998.9;85;63;58;0;30960.0;0.0;0.42;2.6;10.8;106;21.8;22.1;23.7;23.2;0.068;0.133;0.18;0.228;0.264
Ajaccio;41.92;8.73;03/06/2026;07:00;21.2;79;17.4;23.5;15;0.0;0.0;0.0;0.0;0.0;2;P8;Éclaircies;1011.2;999.1;79;59;49;0;31740.0;0.0;0.53;1.9;10.8;292;22.4;22.2;23.5;23.2;0.071;0.133;0.18;0.228;0.264
Ajaccio;41.92;8.73;03/06/2026;08:00;21.5;75;16.9;23.0;15;0.0;0.0;0.0;0.0;0.0;2;P8;Éclaircies;1011.4;999.3;74;56;41;0;32520.0;0.0;0.64;6.6;13.0;292;23.2;22.7;23.4;23.2;0.073;0.133;0.18;0.228;0.264
Ajaccio;41.92;8.73;03/06/2026;09:00;21.9;71;16.4;22.5;15;0.0;0.0;0.0;0.0;0.0;2;P8;Éclaircies;1011.7;999.6;68;56;27;0;34180.0;0.0;0.76;11.0;19.4;293;24.1;23.7;23.4;23.2;0.072;0.133;0.18;0.228;0.264
Ajaccio;41.92;8.73;03/06/2026;10:00;22.2;66;15.6;21.9;14;0.0;0.0;0.0;0.0;0.0;2;P8;Éclaircies;1012.0;999.9;61;55;14;0;35840.0;0.0;0.91;15.3;28.4;294;25.1;25.1;23.5;23.1;0.07;0.132;0.179;0.227;0.264
Ajaccio;41.92;8.73;03/06/2026;11:00;22.5;63;15.1;21.9;14;0.0;0.0;0.0;0.0;0.0;2;P8;Éclaircies;1012.2;1000.1;55;55;0;0;37500.0;0.0;1.01;18.2;34.9;295;25.9;26.3;23.7;23.1;0.067;0.132;0.179;0.227;0.264
Ajaccio;41.92;8.73;03/06/2026;12:00;22.7;61;14.8;22.4;14;0.0;0.0;0.0;0.0;0.0;2;P8;Éclaircies;1012.3;1000.2;56;56;0;0;38420.0;0.0;1.08;19.2;37.1;296;26.4;27.1;24.0;23.1;0.065;0.132;0.179;0.227;0.264
Ajaccio;41.92;8.73;03/06/2026;13:00;22.9;60;14.7;22.7;13;0.0;0.0;0.0;0.0;0.0;2;P8;Éclaircies;1012.4;1000.3;57;57;0;0;39320.0;0.0;1.12;19.2;36.7;298;26.8;27.8;24.3;23.1;0.063;0.131;0.178;0.226;0.263
Ajaccio;41.92;8.73;03/06/2026;14:00;23.0;59;14.5;22.8;13;0.0;0.0;0.0;0.0;0.0;2;P8;Éclaircies;1012.4;1000.3;58;58;0;0;40240.0;0.0;1.15;18.5;36.4;299;26.9;28.2;24.6;23.1;0.061;0.131;0.178;0.226;0.263
Ajaccio;41.92;8.73;03/06/2026;15:00;23.0;59;14.6;22.9;12;0.0;0.0;0.0;0.0;0.0;1;P2;Éclaircies;1012.4;1000.3;50;50;0;0;40240.0;0.0;1.15;18.4;36.7;298;26.8;28.4;24.9;23.1;0.059;0.131;0.178;0.226;0.263
Ajaccio;41.92;8.73;03/06/2026;16:00;23.0;59;14.6;22.7;11;0.0;0.0;0.0;0.0;0.0;1;P2;Éclaircies;1012.3;1000.2;43;43;0;0;40260.0;0.0;1.15;17.9;37.1;298;26.4;28.4;25.2;23.1;0.057;0.131;0.178;0.226;0.263
Ajaccio;41.92;8.73;03/06/2026;17:00;22.9;60;14.7;22.3;10;0.0;0.0;0.0;0.0;0.0;1;P2;Éclaircies;1012.3;1000.2;35;35;0;0;40260.0;0.0;1.12;17.1;36.4;298;25.8;28.1;25.5;23.1;0.056;0.131;0.178;0.226;0.263
Ajaccio;41.92;8.73;03/06/2026;18:00;22.7;61;14.8;22.0;9;0.0;0.0;0.0;0.0;0.0;2;P8;Éclaircies;1012.3;1000.2;46;45;0;0;40260.0;0.0;1.07;15.5;33.8;301;24.9;27.4;25.6;23.1;0.055;0.131;0.178;0.226;0.263
Ajaccio;41.92;8.73;03/06/2026;19:00;22.4;63;15.0;22.1;7;0.0;0.0;0.0;0.0;0.0;2;P8;Éclaircies;1012.4;1000.3;56;56;0;1;40280.0;0.0;1.0;13.6;30.2;307;23.7;26.4;25.7;23.1;0.054;0.13;0.177;0.225;0.263
Ajaccio;41.92;8.73;03/06/2026;20:00;21.9;65;15.0;22.1;6;0.0;0.0;0.0;0.0;0.0;2;P8;Éclaircies;1012.6;1000.5;67;66;0;1;40280.0;0.0;0.92;10.7;26.3;315;22.6;25.4;25.6;23.1;0.054;0.13;0.177;0.225;0.263
Ajaccio;41.92;8.73;03/06/2026;21:00;21.3;70;15.6;22.3;5;0.0;0.0;0.0;0.0;0.0;3;P4;Nuageux;1012.9;1000.8;78;52;0;34;39820.0;0.0;0.76;6.1;20.9;332;21.9;24.3;25.4;23.1;0.055;0.13;0.177;0.225;0.263
Ajaccio;41.92;8.73;03/06/2026;22:00;20.7;75;16.1;22.3;3;0.0;0.0;0.0;0.0;0.0;3;P4;Nuageux;1013.3;1001.1;89;39;0;67;39360.0;0.0;0.61;3.3;14.8;41;21.3;23.2;25.1;23.2;0.056;0.13;0.177;0.225;0.263
Ajaccio;41.92;8.73;03/06/2026;23:00;20.1;79;16.3;21.4;2;0.0;0.0;0.0;0.0;0.0;3;P4;Nuageux;1013.7;1001.5;100;25;0;100;38900.0;0.0;0.49;6.1;10.8;87;20.8;22.3;24.8;23.2;0.057;0.13;0.177;0.225;0.263
Ajaccio;41.92;8.73;04/06/2026;00:00;19.6;79;15.8;20.5;1;0.0;0.0;0.0;0.0;0.0;1;P2;Éclaircies;1013.9;1001.7;79;29;0;67;38420.0;0.0;0.48;7.2;10.4;96;20.5;21.7;24.5;23.2;0.058;0.13;0.177;0.225;0.263
Ajaccio;41.92;8.73;04/06/2026;01:00;19.2;78;15.2;19.9;0;0.0;0.0;0.0;0.0;0.0;1;P2;Éclaircies;1014.1;1001.9;58;33;0;33;37960.0;0.0;0.49;7.2;12.2;96;20.4;21.2;24.1;23.1;0.058;0.13;0.177;0.225;0.263
Ajaccio;41.92;8.73;04/06/2026;02:00;19.0;77;14.9;19.6;0;0.0;0.0;0.0;0.0;0.0;1;P2;Éclaircies;1014.2;1002.0;37;37;0;0;37500.0;0.0;0.5;6.9;13.7;96;20.3;20.9;23.7;23.1;0.059;0.13;0.177;0.225;0.263
Ajaccio;41.92;8.73;04/06/2026;03:00;19.0;77;14.9;19.6;0;0.0;0.0;0.0;0.0;0.0;2;P8;Éclaircies;1014.1;1001.9;41;41;0;0;37520.0;0.0;0.51;7.6;14.4;93;20.2;20.7;23.4;23.1;0.06;0.13;0.177;0.225;0.263
Ajaccio;41.92;8.73;04/06/2026;04:00;19.2;77;15.1;19.7;0;0.0;0.0;0.0;0.0;0.0;2;P8;Éclaircies;1014.0;1001.8;46;46;0;0;37520.0;0.0;0.51;8.3;14.8;85;20.1;20.5;23.1;23.1;0.06;0.13;0.177;0.225;0.263
Ajaccio;41.92;8.73;04/06/2026;05:00;19.6;76;15.3;20.2;1;0.0;0.0;0.0;0.0;0.0;2;P8;Éclaircies;1013.9;1001.7;50;50;0;0;37540.0;0.0;0.55;8.4;14.8;83;20.4;20.5;22.8;23.1;0.061;0.13;0.177;0.225;0.263
Ajaccio;41.92;8.73;04/06/2026;06:00;20.2;72;15.0;20.8;1;0.0;0.0;0.0;0.0;0.0;3;P4;Nuageux;1013.9;1001.7;61;51;0;20;37540.0;0.0;0.66;7.2;14.4;84;21.1;20.7;22.6;23.1;0.062;0.13;0.177;0.225;0.263
Ajaccio;41.92;8.73;04/06/2026;07:00;21.0;68;14.9;21.8;2;0.0;0.0;0.0;0.0;0.0;3;P4;Nuageux;1014.1;1001.9;71;52;0;39;37560.0;0.0;0.8;5.8;14.0;90;22.2;21.0;22.4;23.0;0.063;0.13;0.177;0.225;0.263
Ajaccio;41.92;8.73;04/06/2026;08:00;21.8;64;14.7;22.8;3;0.0;0.0;0.0;0.0;0.0;3;P4;Nuageux;1014.2;1002.1;82;53;0;59;37560.0;0.0;0.94;3.3;14.0;96;23.3;21.6;22.3;23.0;0.063;0.13;0.177;0.225;0.263
Ajaccio;41.92;8.73;04/06/2026;09:00;22.4;63;15.0;24.0;4;0.0;0.0;0.0;0.0;0.0;2;P8;Éclaircies;1014.4;1002.3;76;52;1;47;37580.0;0.0;1.0;0.8;15.1;243;24.4;22.9;22.4;23.0;0.062;0.13;0.177;0.225;0.263
Ajaccio;41.92;8.73;04/06/2026;10:00;23.0;63;15.6;24.1;5;0.0;0.0;0.0;0.0;0.0;2;P8;Éclaircies;1014.6;1002.5;70;51;1;34;37620.0;0.0;1.04;5.4;16.6;270;25.5;24.5;22.6;23.0;0.061;0.129;0.176;0.224;0.263
Ajaccio;41.92;8.73;04/06/2026;11:00;23.5;63;16.0;24.2;6;0.0;0.0;0.0;0.0;0.0;2;P8;Éclaircies;1014.7;1002.6;64;50;2;22;37640.0;0.0;1.07;9.0;18.4;272;26.5;26.0;22.9;22.9;0.059;0.129;0.176;0.224;0.263
Ajaccio;41.92;8.73;04/06/2026;12:00;23.9;63;16.4;24.9;7;0.0;0.0;0.0;0.0;0.0;2;P8;Éclaircies;1014.6;1002.5;67;48;17;18;37660.0;0.0;1.1;10.8;21.2;274;27.5;27.2;23.3;22.9;0.057;0.129;0.176;0.224;0.263
Ajaccio;41.92;8.73;04/06/2026;13:00;24.2;62;16.5;25.6;7;0.0;0.0;0.0;0.0;0.0;2;P8;Éclaircies;1014.4;1002.4;69;45;31;15;37700.0;0.0;1.15;11.2;24.5;274;28.4;28.4;23.8;22.9;0.056;0.128;0.175;0.223;0.262
Ajaccio;41.92;8.73;04/06/2026;14:00;24.5;62;16.7;26.2;8;0.0;0.0;0.0;0.0;0.0;2;P8;Éclaircies;1014.1;1002.1;72;43;46;11;37720.0;0.0;1.17;11.2;25.9;274;28.8;29.3;24.3;22.9;0.054;0.128;0.175;0.223;0.262
Ajaccio;41.92;8.73;04/06/2026;15:00;24.7;60;16.4;26.5;9;0.0;0.0;0.0;0.0;0.0;3;P4;Nuageux;1013.7;1001.7;80;39;52;37;37260.0;0.0;1.25;10.8;24.5;274;28.7;30.1;24.8;22.9;0.052;0.128;0.175;0.223;0.262
Ajaccio;41.92;8.73;04/06/2026;16:00;24.9;59;16.4;26.7;9;0.0;0.0;0.0;0.0;0.0;3;P4;Nuageux;1013.2;1001.2;89;35;59;62;36820.0;0.0;1.29;10.1;21.6;272;28.2;30.6;25.4;22.9;0.05;0.128;0.174;0.222;0.262
Ajaccio;41.92;8.73;04/06/2026;17:00;24.8;59;16.3;26.1;10;0.0;0.0;0.0;0.0;0.0;3;P4;Nuageux;1012.8;1000.8;97;31;65;88;36360.0;0.0;1.29;9.0;18.7;270;27.3;30.5;25.8;22.9;0.049;0.128;0.174;0.222;0.262
Ajaccio;41.92;8.73;04/06/2026;18:00;24.2;63;16.7;25.3;10;0.0;0.0;0.0;0.0;0.0;3;P4;Nuageux;1012.5;1000.5;98;35;77;92;35900.0;0.0;1.12;8.4;16.9;263;26.0;29.3;26.1;22.9;0.049;0.128;0.174;0.222;0.262
Ajaccio;41.92;8.73;04/06/2026;19:00;23.2;69;17.2;24.6;11;0.0;0.0;0.0;0.0;0.0;3;P4;Nuageux;1012.2;1000.1;99;40;88;96;35460.0;0.0;0.88;8.0;15.8;252;24.4;27.5;26.1;23.0;0.049;0.127;0.174;0.222;0.262
Ajaccio;41.92;8.73;04/06/2026;20:00;22.4;74;17.5;24.1;11;0.0;0.0;0.0;0.0;0.0;3;P4;Nuageux;1012.0;999.9;100;44;100;100;35000.0;0.0;0.7;6.9;14.4;242;23.1;26.0;26.1;23.0;0.049;0.127;0.174;0.222;0.262
Ajaccio;41.92;8.73;04/06/2026;21:00;22.0;76;17.6;24.2;11;0.0;0.0;0.0;0.0;0.0;3;P4;Nuageux;1012.1;1000.0;96;37;87;81;35020.0;0.0;0.64;4.1;12.6;218;22.5;25.0;26.0;23.0;0.048;0.127;0.174;0.222;0.262
Ajaccio;41.92;8.73;04/06/2026;22:00;21.8;77;17.6;24.1;12;0.0;0.0;0.0;0.0;0.0;3;P4;Nuageux;1012.2;1000.1;91;29;75;63;35020.0;0.0;0.6;3.3;10.4;139;22.2;24.4;25.7;23.0;0.047;0.127;0.174;0.222;0.262
Ajaccio;41.92;8.73;04/06/2026;23:00;21.7;78;17.7;23.7;12;0.0;0.0;0.0;0.0;0.0;3;P4;Nuageux;1012.3;1000.2;87;22;62;44;35040.0;0.0;0.57;5.2;10.1;115;22.0;23.8;25.4;23.0;0.051;0.127;0.174;0.222;0.262
Ajaccio;41.92;8.73;05/06/2026;00:00;21.0;80;17.5;23.2;12;0.23;0.15;0.08;0.0;0.0;61;P10;Pluie;1010.4;998.3;87;34;56;43;35060.0;0.0;0.49;4.0;10.4;133;20.8;23.4;25.1;23.0;0.067;0.127;0.174;0.222;0.262
Ajaccio;41.92;8.73;05/06/2026;01:00;20.3;81;16.9;22.1;12;0.15;0.1;0.05;0.0;0.0;61;P10;Pluie;1008.4;996.3;90;34;43;54;35060.0;0.0;0.45;4.2;10.1;162;19.3;23.1;24.8;23.0;0.088;0.127;0.174;0.222;0.262
Ajaccio;41.92;8.73;05/06/2026;02:00;19.6;80;16.1;21.0;12;0.08;0.05;0.03;0.0;0.0;61;P10;Pluie;1006.5;994.3;92;23;24;69;35080.0;0.0;0.45;5.1;7.7;150;17.8;22.9;24.6;23.0;0.103;0.127;0.174;0.222;0.262
Ajaccio;41.92;8.73;05/06/2026;03:00;19.1;79;15.4;20.1;13;0.0;0.0;0.0;0.0;0.0;3;P4;Nuageux;1004.5;992.4;91;6;6;82;30220.0;0.0;0.47;5.6;4.3;132;16.6;;;;;;;;
Ajaccio;41.92;8.73;05/06/2026;04:00;19.4;78;15.6;20.2;13;0.0;0.0;0.0;0.0;0.0;3;P4;Nuageux;1004.2;992.1;90;16;16;67;25360.0;0.0;0.49;7.4;4.7;141;17.4;;;;;;;;
Ajaccio;41.92;8.73;05/06/2026;05:00;19.8;78;15.9;20.4;14;0.0;0.0;0.0;0.0;0.0;3;P4;Nuageux;1004.0;991.9;86;26;28;48;20500.0;0.0;0.5;9.4;4.7;148;18.4;;;;;;;;
Ajaccio;41.92;8.73;05/06/2026;06:00;20.2;78;16.1;20.7;15;0.0;0.0;0.0;0.0;0.0;3;P4;Nuageux;1003.8;991.7;81;36;38;29;15640.0;0.0;0.53;11.2;3.6;152;19.5;;;;;;;;
Ajaccio;41.92;8.73;05/06/2026;07:00;20.6;77;16.5;21.1;15;0.0;0.0;0.0;0.0;0.0;2;P8;Éclaircies;1003.8;991.7;76;45;46;11;10780.0;0.0;0.56;12.3;2.2;157;20.8;;;;;;;;
Ajaccio;41.92;8.73;05/06/2026;08:00;21.0;76;16.6;21.5;16;0.0;0.0;0.0;0.0;0.0;2;P8;Éclaircies;1003.9;991.9;70;49;49;0;5920.0;0.0;0.6;12.3;1.4;162;22.0;;;;;;;;
Ajaccio;41.92;8.73;05/06/2026;09:00;21.4;75;16.6;22.1;18;1.1;0.3;0.8;0.0;0.0;55;P10;Pluie faible;1004.2;992.2;63;49;46;0;11260.0;0.0;0.65;11.1;2.5;172;23.2;;;;;;;;
Ajaccio;41.92;8.73;05/06/2026;10:00;21.8;73;16.6;22.8;19;1.1;0.3;0.8;0.0;0.0;55;P10;Pluie faible;1004.7;992.7;55;45;38;0;16600.0;0.0;0.72;9.4;4.7;191;24.7;;;;;;;;
Ajaccio;41.92;8.73;05/06/2026;11:00;22.2;71;16.6;23.2;21;1.1;0.3;0.8;0.0;0.0;55;P10;Pluie faible;1005.2;993.2;46;40;28;0;21940.0;0.0;0.78;8.8;6.5;219;26.2;;;;;;;;
Ajaccio;41.92;8.73;05/06/2026;12:00;22.5;69;16.5;23.8;22;1.1;0.3;0.8;0.0;0.0;55;P10;Pluie faible;1005.8;993.8;37;33;16;0;27280.0;0.0;0.85;10.3;7.9;245;27.5;;;;;;;;
Ajaccio;41.92;8.73;05/06/2026;13:00;22.8;67;16.4;24.2;24;1.1;0.3;0.8;0.0;0.0;55;P10;Pluie faible;1006.4;994.4;29;27;6;0;32620.0;0.0;0.92;12.3;9.7;260;28.5;;;;;;;;
Ajaccio;41.92;8.73;05/06/2026;14:00;22.8;66;16.1;24.2;24;1.1;0.3;0.8;0.0;0.0;55;P10;Pluie faible;1006.9;994.9;22;22;0;0;37960.0;0.0;0.95;13.5;10.4;268;28.6;;;;;;;;
Ajaccio;41.92;8.73;05/06/2026;15:00;22.6;65;15.7;24.0;23;0.0;0.0;0.0;0.0;0.0;0;P1;Ensoleillé;1007.3;995.3;17;18;0;0;38380.0;0.0;0.96;13.1;10.4;272;28.0;;;;;;;;
Ajaccio;41.92;8.73;05/06/2026;16:00;22.2;65;15.2;23.5;21;0.0;0.0;0.0;0.0;0.0;0;P1;Ensoleillé;1007.6;995.6;12;13;0;0;38800.0;0.0;0.95;11.4;10.1;275;26.8;;;;;;;;
Ajaccio;41.92;8.73;05/06/2026;17:00;21.8;64;14.6;22.8;19;0.0;0.0;0.0;0.0;0.0;0;P1;Ensoleillé;1007.9;995.8;8;9;0;0;39220.0;0.0;0.94;8.9;9.0;279;25.0;;;;;;;;
Ajaccio;41.92;8.73;05/06/2026;18:00;21.2;64;14.1;21.6;17;0.0;0.0;0.0;0.0;0.0;0;P1;Ensoleillé;1008.2;996.1;4;5;0;0;39620.0;0.0;0.91;6.2;7.2;285;23.1;;;;;;;;
Ajaccio;41.92;8.73;05/06/2026;19:00;20.5;64;13.4;21.1;14;0.0;0.0;0.0;0.0;0.0;0;P1;Ensoleillé;1008.6;996.5;2;2;0;0;40040.0;0.0;0.88;3.7;5.0;299;21.2;;;;;;;;
Ajaccio;41.92;8.73;05/06/2026;20:00;19.8;64;12.9;20.4;12;0.0;0.0;0.0;0.0;0.0;0;P1;Ensoleillé;1009.0;996.9;0;0;0;0;40460.0;0.0;0.82;2.2;3.6;325;19.6;;;;;;;;
Ajaccio;41.92;8.73;05/06/2026;21:00;18.9;66;12.3;19.3;11;0.0;0.0;0.0;0.0;0.0;0;P1;Ensoleillé;1009.5;997.3;0;0;0;0;34020.0;0.0;0.75;1.8;3.6;360;18.0;;;;;;;;
Ajaccio;41.92;8.73;05/06/2026;22:00;17.6;68;11.6;17.9;10;0.0;0.0;0.0;0.0;0.0;0;P1;Ensoleillé;1010.1;997.8;0;0;0;0;27580.0;0.0;0.65;1.8;4.3;37;16.3;;;;;;;;
Ajaccio;41.92;8.73;05/06/2026;23:00;16.4;70;10.9;16.3;10;0.0;0.0;0.0;0.0;0.0;0;P1;Ensoleillé;1010.8;998.5;1;1;0;0;21140.0;0.0;0.56;2.3;5.0;61;14.6;;;;;;;;
Ajaccio;41.92;8.73;06/06/2026;00:00;15.2;73;10.3;14.9;9;0.0;0.0;0.0;0.0;0.0;0;P1;Ensoleillé;1011.4;999.0;3;3;0;0;14700.0;0.0;0.47;2.8;6.1;79;13.1;;;;;;;;
Ajaccio;41.92;8.73;06/06/2026;01:00;14.3;75;9.9;13.8;9;0.0;0.0;0.0;0.0;0.0;0;P1;Ensoleillé;1012.0;999.6;4;4;0;0;8260.0;0.0;0.41;3.4;7.6;87;12.1;;;;;;;;
Ajaccio;41.92;8.73;06/06/2026;02:00;13.9;76;9.6;13.2;8;0.0;0.0;0.0;0.0;0.0;0;P1;Ensoleillé;1012.5;1000.1;5;5;0;0;1820.0;0.0;0.38;3.8;8.6;90;11.7;;;;;;;;
Ajaccio;41.92;8.73;06/06/2026;03:00;13.9;76;9.8;13.3;7;0.0;0.0;0.0;0.0;0.0;0;P1;Ensoleillé;1012.9;1000.5;6;6;0;0;2200.0;0.0;0.38;4.1;9.4;90;12.1;;;;;;;;
Ajaccio;41.92;8.73;06/06/2026;04:00;14.5;75;10.2;13.9;5;0.0;0.0;0.0;0.0;0.0;0;P1;Ensoleillé;1013.2;1000.8;6;6;0;0;2600.0;0.0;0.41;4.3;9.4;90;12.9;;;;;;;;
Ajaccio;41.92;8.73;06/06/2026;05:00;15.3;75;10.8;14.9;4;0.0;0.0;0.0;0.0;0.0;0;P1;Ensoleillé;1013.5;1001.1;7;7;0;0;2980.0;0.0;0.44;4.5;9.4;88;14.4;;;;;;;;
Ajaccio;41.92;8.73;06/06/2026;06:00;16.3;73;11.4;16.1;2;0.0;0.0;0.0;0.0;0.0;0;P1;Ensoleillé;1013.7;1001.3;7;7;0;0;3360.0;0.0;0.5;4.3;8.6;88;16.0;;;;;;;;
Ajaccio;41.92;8.73;06/06/2026;07:00;17.3;71;12.1;17.4;1;0.0;0.0;0.0;0.0;0.0;0;P1;Ensoleillé;1014.0;1001.7;7;7;0;0;3760.0;0.0;0.57;4.0;7.6;87;17.8;;;;;;;;
Ajaccio;41.92;8.73;06/06/2026;08:00;18.2;69;12.6;18.6;0;0.0;0.0;0.0;0.0;0.0;0;P1;Ensoleillé;1014.2;1001.9;7;7;0;0;4140.0;0.0;0.64;3.2;6.8;87;19.5;;;;;;;;
Ajaccio;41.92;8.73;06/06/2026;09:00;19.2;67;12.9;19.9;0;0.0;0.0;0.0;0.0;0.0;0;P1;Ensoleillé;1014.5;1002.3;6;6;0;0;6200.0;0.0;0.74;1.8;6.8;90;21.5;;;;;;;;
Ajaccio;41.92;8.73;06/06/2026;10:00;20.4;63;13.2;21.3;0;0.0;0.0;0.0;0.0;0.0;0;P1;Ensoleillé;1014.8;1002.6;5;5;0;0;8260.0;0.0;0.88;0.6;7.2;198;23.9;;;;;;;;
Ajaccio;41.92;8.73;06/06/2026;11:00;21.5;60;13.5;22.8;1;0.0;0.0;0.0;0.0;0.0;0;P1;Ensoleillé;1015.0;1002.9;4;4;0;0;10320.0;0.0;1.02;2.7;7.6;250;26.5;;;;;;;;
Ajaccio;41.92;8.73;06/06/2026;12:00;22.6;57;13.8;24.5;2;0.0;0.0;0.0;0.0;0.0;0;P1;Ensoleillé;1015.3;1003.2;2;2;0;0;12380.0;0.0;1.18;4.9;8.6;253;28.8;;;;;;;;
Ajaccio;41.92;8.73;06/06/2026;13:00;23.5;55;14.0;25.9;3;0.0;0.0;0.0;0.0;0.0;0;P1;Ensoleillé;1015.4;1003.3;1;1;0;0;14440.0;0.0;1.31;6.5;10.1;256;30.5;;;;;;;;
Ajaccio;41.92;8.73;06/06/2026;14:00;24.0;54;14.3;26.7;4;0.0;0.0;0.0;0.0;0.0;0;P1;Ensoleillé;1015.5;1003.4;0;0;0;0;16500.0;0.0;1.36;7.2;10.4;257;31.4;;;;;;;;
Ajaccio;41.92;8.73;06/06/2026;15:00;24.1;56;14.7;27.0;5;0.0;0.0;0.0;0.0;0.0;0;P1;Ensoleillé;1015.4;1003.4;0;0;0;0;19440.0;0.0;1.34;6.6;9.0;259;31.0;;;;;;;;
Ajaccio;41.92;8.73;06/06/2026;16:00;24.0;58;15.2;26.9;5;0.0;0.0;0.0;0.0;0.0;0;P1;Ensoleillé;1015.2;1003.1;0;0;0;0;22400.0;0.0;1.24;5.2;6.8;266;29.7;;;;;;;;
Ajaccio;41.92;8.73;06/06/2026;17:00;23.5;62;15.8;26.3;6;0.0;0.0;0.0;0.0;0.0;0;P1;Ensoleillé;1015.0;1002.9;0;0;0;0;25340.0;0.0;1.11;3.5;5.0;279;27.8;;;;;;;;
Ajaccio;41.92;8.73;06/06/2026;18:00;23.0;66;16.2;25.1;7;0.0;0.0;0.0;0.0;0.0;0;P1;Ensoleillé;1014.7;1002.6;0;0;0;0;28280.0;0.0;0.95;1.9;4.0;319;25.6;;;;;;;;
Ajaccio;41.92;8.73;06/06/2026;19:00;22.4;70;16.5;24.3;8;0.0;0.0;0.0;0.0;0.0;0;P1;Ensoleillé;1014.4;1002.3;0;0;0;0;31240.0;0.0;0.82;2.2;3.6;14;23.5;;;;;;;;
Ajaccio;41.92;8.73;06/06/2026;20:00;21.7;72;16.4;23.5;8;0.0;0.0;0.0;0.0;0.0;0;P1;Ensoleillé;1014.2;1002.1;0;0;0;0;34180.0;0.0;0.73;3.1;3.6;36;21.8;;;;;;;;
Ajaccio;41.92;8.73;06/06/2026;21:00;20.9;73;15.8;22.4;8;0.0;0.0;0.0;0.0;0.0;0;P1;Ensoleillé;1014.1;1001.9;0;0;0;0;35180.0;0.0;0.68;3.6;4.7;45;20.1;;;;;;;;
Ajaccio;41.92;8.73;06/06/2026;22:00;19.9;72;14.8;21.0;7;0.0;0.0;0.0;0.0;0.0;0;P1;Ensoleillé;1013.9;1001.7;0;0;0;0;36160.0;0.0;0.64;3.5;6.1;51;18.4;;;;;;;;
Ajaccio;41.92;8.73;06/06/2026;23:00;18.8;72;13.6;19.5;7;0.0;0.0;0.0;0.0;0.0;0;P1;Ensoleillé;1013.9;1001.7;0;0;0;0;37160.0;0.0;0.61;3.3;6.8;61;16.6;;;;;;;;
Ajaccio;41.92;8.73;07/06/2026;00:00;17.8;71;12.4;18.1;7;0.0;0.0;0.0;0.0;0.0;0;P1;Ensoleillé;1013.8;1001.5;0;0;0;0;38160.0;0.0;0.6;3.1;6.1;69;15.2;;;;;;;;
Ajaccio;41.92;8.73;07/06/2026;01:00;17.1;69;11.4;17.1;6;0.0;0.0;0.0;0.0;0.0;0;P1;Ensoleillé;1013.7;1001.4;0;0;0;2;39140.0;0.0;0.6;2.9;5.0;79;14.1;;;;;;;;
Ajaccio;41.92;8.73;07/06/2026;02:00;16.8;68;10.9;16.6;6;0.0;0.0;0.0;0.0;0.0;0;P1;Ensoleillé;1013.5;1001.2;5;0;0;5;40140.0;0.0;0.6;3.1;4.7;87;13.8;;;;;;;;
Ajaccio;41.92;8.73;07/06/2026;03:00;17.0;68;11.1;16.8;6;0.0;0.0;0.0;0.0;0.0;0;P1;Ensoleillé;1013.3;1001.0;16;0;10;12;39700.0;0.0;0.63;3.6;6.5;90;14.2;;;;;;;;
Ajaccio;41.92;8.73;07/06/2026;04:00;17.6;67;11.5;17.5;6;0.0;0.0;0.0;0.0;0.0;1;P2;Éclaircies;1013.1;1000.8;33;0;24;22;39260.0;0.0;0.66;4.5;9.4;92;15.2;;;;;;;;
Ajaccio;41.92;8.73;07/06/2026;05:00;18.5;67;12.2;18.4;6;0.0;0.0;0.0;0.0;0.0;2;P8;Éclaircies;1012.8;1000.6;52;0;41;33;38840.0;0.0;0.72;5.4;11.2;92;16.8;;;;;;;;
Ajaccio;41.92;8.73;07/06/2026;06:00;19.6;66;13.1;19.7;6;0.0;0.0;0.0;0.0;0.0;2;P8;Éclaircies;1012.6;1000.4;70;0;57;44;38400.0;0.0;0.78;6.1;10.8;93;18.5;;;;;;;;
Ajaccio;41.92;8.73;07/06/2026;07:00;20.7;65;13.9;21.1;6;0.0;0.0;0.0;0.0;0.0;3;P4;Nuageux;1012.3;1000.1;83;0;68;52;37960.0;0.0;0.86;6.1;9.0;93;20.4;;;;;;;;
Ajaccio;41.92;8.73;07/06/2026;08:00;21.6;64;14.6;22.3;6;0.0;0.0;0.0;0.0;0.0;3;P4;Nuageux;1012.1;1000.0;88;0;73;55;37520.0;0.0;0.93;5.6;7.9;96;22.1;;;;;;;;
Ajaccio;41.92;8.73;07/06/2026;09:00;22.6;63;15.1;23.8;6;0.0;0.0;0.0;0.0;0.0;3;P4;Nuageux;1011.9;999.8;82;0;68;52;38000.0;0.0;1.03;3.8;7.2;101;24.2;;;;;;;;
Ajaccio;41.92;8.73;07/06/2026;10:00;23.9;61;15.8;25.6;6;0.0;0.0;0.0;0.0;0.0;2;P8;Éclaircies;1011.7;999.7;67;0;57;44;38460.0;0.0;1.16;1.3;6.8;124;26.7;;;;;;;;
Ajaccio;41.92;8.73;07/06/2026;11:00;25.0;59;16.5;27.3;6;0.0;0.0;0.0;0.0;0.0;1;P2;Éclaircies;1011.4;999.4;48;0;41;33;38940.0;0.0;1.31;2.3;7.2;247;29.4;;;;;;;;
Ajaccio;41.92;8.73;07/06/2026;12:00;26.1;57;17.0;28.8;6;0.0;0.0;0.0;0.0;0.0;1;P2;Éclaircies;1011.3;999.4;28;0;24;22;39420.0;0.0;1.44;5.7;8.6;259;31.7;;;;;;;;
Ajaccio;41.92;8.73;07/06/2026;13:00;26.9;57;17.5;29.7;6;0.0;0.0;0.0;0.0;0.0;0;P1;Ensoleillé;1011.1;999.2;12;0;10;12;39880.0;0.0;1.53;8.4;10.8;261;33.3;;;;;;;;
Ajaccio;41.92;8.73;07/06/2026;14:00;27.1;56;17.8;30.0;6;0.0;0.0;0.0;0.0;0.0;0;P1;Ensoleillé;1011.1;999.2;5;0;0;5;40360.0;0.0;1.57;10.4;11.9;260;34.0;;;;;;;;
Ajaccio;41.92;8.73;07/06/2026;15:00;26.9;58;17.8;29.5;5;0.0;0.0;0.0;0.0;0.0;0;P1;Ensoleillé;1011.1;999.2;8;9;0;2;35380.0;0.0;1.5;11.5;10.8;256;33.3;;;;;;;;
Ajaccio;41.92;8.73;07/06/2026;16:00;26.1;60;17.8;28.4;5;0.0;0.0;0.0;0.0;0.0;0;P1;Ensoleillé;1011.2;999.3;19;22;0;0;30380.0;0.0;1.35;12.1;9.0;249;31.6;;;;;;;;
Ajaccio;41.92;8.73;07/06/2026;17:00;25.0;63;17.5;26.7;4;0.0;0.0;0.0;0.0;0.0;1;P2;Éclaircies;1011.4;999.4;34;37;0;0;25400.0;0.0;1.17;12.6;7.2;242;29.3;;;;;;;;
Ajaccio;41.92;8.73;07/06/2026;18:00;23.9;67;17.2;24.6;3;0.0;0.0;0.0;0.0;0.0;2;P8;Éclaircies;1011.6;999.6;50;51;0;0;20420.0;0.0;0.99;12.8;6.1;236;26.6;;;;;;;;
Ajaccio;41.92;8.73;07/06/2026;19:00;22.6;70;16.8;23.2;2;0.0;0.0;0.0;0.0;0.0;2;P8;Éclaircies;1011.9;999.8;61;62;0;0;15420.0;0.0;0.84;12.9;5.0;231;24.1;;;;;;;;
Ajaccio;41.92;8.73;07/06/2026;20:00;21.6;72;16.4;22.0;2;0.0;0.0;0.0;0.0;0.0;2;P8;Éclaircies;1012.3;1000.2;66;66;0;0;10440.0;0.0;0.73;12.5;4.3;231;22.1;;;;;;;;
Ajaccio;41.92;8.73;07/06/2026;21:00;20.8;73;15.8;21.1;2;0.2;0.1;0.1;0.0;0.0;51;P10;Pluie faible;1012.8;1000.6;61;62;0;0;14880.0;0.0;0.66;11.2;3.2;235;20.5;;;;;;;;
Ajaccio;41.92;8.73;07/06/2026;22:00;19.8;74;14.9;20.1;3;0.2;0.1;0.1;0.0;0.0;51;P10;Pluie faible;1013.5;1001.3;50;50;0;0;19320.0;0.0;0.61;9.4;2.5;244;18.9;;;;;;;;
Ajaccio;41.92;8.73;07/06/2026;23:00;18.9;74;14.1;19.1;3;0.2;0.1;0.1;0.0;0.0;51;P10;Pluie faible;1014.2;1001.9;35;35;0;0;23780.0;0.0;0.57;7.6;1.8;262;17.5;;;;;;;;
Ajaccio;41.92;8.73;08/06/2026;00:00;18.0;73;13.1;18.0;3;0.2;0.1;0.1;0.0;0.0;51;P10;Pluie faible;1014.9;1002.6;20;20;0;0;28220.0;0.0;0.55;7.1;1.8;286;16.2;;;;;;;;
Ajaccio;41.92;8.73;08/06/2026;01:00;17.3;73;12.4;16.9;4;0.2;0.1;0.1;0.0;0.0;51;P10;Pluie faible;1015.6;1003.3;8;8;0;0;32660.0;0.0;0.54;8.0;2.2;308;15.2;;;;;;;;
Ajaccio;41.92;8.73;08/06/2026;02:00;16.8;72;11.7;16.0;4;0.2;0.1;0.1;0.0;0.0;51;P10;Pluie faible;1016.2;1003.8;2;2;0;0;37100.0;0.0;0.54;9.4;2.9;317;14.6;;;;;;;;
Ajaccio;41.92;8.73;08/06/2026;03:00;16.5;71;11.2;15.3;4;0.0;0.0;0.0;0.0;0.0;0;P1;Ensoleillé;1016.7;1004.3;4;4;0;0;37060.0;0.0;0.55;11.0;4.0;318;14.6;;;;;;;;
Ajaccio;41.92;8.73;08/06/2026;04:00;16.5;69;10.8;14.9;3;0.0;0.0;0.0;0.0;0.0;0;P1;Ensoleillé;1017.1;1004.7;11;11;0;0;37020.0;0.0;0.58;12.5;5.4;316;14.9;;;;;;;;
Ajaccio;41.92;8.73;08/06/2026;05:00;16.6;67;10.5;14.7;3;0.0;0.0;0.0;0.0;0.0;1;P2;Éclaircies;1017.5;1005.1;21;21;0;0;36980.0;0.0;0.62;14.1;6.1;312;15.4;;;;;;;;
Ajaccio;41.92;8.73;08/06/2026;06:00;16.8;65;10.2;14.6;3;0.0;0.0;0.0;0.0;0.0;1;P2;Éclaircies;1017.8;1005.4;32;32;0;0;36940.0;0.0;0.66;15.8;5.0;308;16.2;;;;;;;;
Ajaccio;41.92;8.73;08/06/2026;07:00;17.0;63;10.0;14.6;2;0.0;0.0;0.0;0.0;0.0;1;P2;Éclaircies;1018.2;1005.8;42;42;0;0;36900.0;0.0;0.72;17.1;2.9;305;17.1;;;;;;;;
Ajaccio;41.92;8.73;08/06/2026;08:00;17.3;61;9.8;14.6;2;0.0;0.0;0.0;0.0;0.0;1;P2;Éclaircies;1018.5;1006.1;48;48;0;0;36860.0;0.0;0.76;18.3;2.2;302;18.1;;;;;;;;
Ajaccio;41.92;8.73;08/06/2026;09:00;17.6;59;9.6;14.8;2;0.0;0.0;0.0;0.0;0.0;2;P8;Éclaircies;1018.9;1006.5;50;50;1;0;34360.0;0.0;0.82;19.2;4.0;299;19.2;;;;;;;;
Ajaccio;41.92;8.73;08/06/2026;10:00;18.1;57;9.4;15.1;3;0.0;0.0;0.0;0.0;0.0;2;P8;Éclaircies;1019.3;1007.0;51;51;1;0;31860.0;0.0;0.9;20.0;7.2;296;20.8;;;;;;;;
Ajaccio;41.92;8.73;08/06/2026;11:00;18.7;54;9.2;15.7;4;0.0;0.0;0.0;0.0;0.0;2;P8;Éclaircies;1019.7;1007.4;50;50;2;0;29380.0;0.0;0.99;20.6;9.7;292;22.5;;;;;;;;
Ajaccio;41.92;8.73;08/06/2026;12:00;19.2;52;9.1;16.7;5;0.0;0.0;0.0;0.0;0.0;1;P2;Éclaircies;1020.0;1007.7;48;48;3;0;26880.0;0.0;1.07;21.1;11.2;289;24.0;;;;;;;;
Ajaccio;41.92;8.73;08/06/2026;13:00;19.6;51;9.2;17.5;6;0.0;0.0;0.0;0.0;0.0;1;P2;Éclaircies;1020.3;1008.0;45;45;4;0;24380.0;0.0;1.12;21.4;11.9;286;25.0;;;;;;;;
Ajaccio;41.92;8.73;08/06/2026;14:00;19.8;51;9.3;17.9;6;0.0;0.0;0.0;0.0;0.0;1;P2;Éclaircies;1020.4;1008.1;42;42;4;0;21880.0;0.0;1.14;21.0;11.9;284;25.5;;;;;;;;
Ajaccio;41.92;8.73;08/06/2026;15:00;19.9;52;9.6;18.1;6;0.0;0.0;0.0;0.0;0.0;1;P2;Éclaircies;1020.4;1008.1;38;38;4;0;24380.0;0.0;1.12;20.2;11.2;284;25.1;;;;;;;;
Ajaccio;41.92;8.73;08/06/2026;16:00;19.8;54;10.1;18.0;5;0.0;0.0;0.0;0.0;0.0;1;P2;Éclaircies;1020.2;1007.9;33;33;3;0;26860.0;0.0;1.06;18.7;9.7;284;24.2;;;;;;;;
Ajaccio;41.92;8.73;08/06/2026;17:00;19.5;57;10.8;17.7;4;0.0;0.0;0.0;0.0;0.0;1;P2;Éclaircies;1020.0;1007.7;28;28;3;0;29360.0;0.0;0.98;17.1;8.3;285;22.9;;;;;;;;
Ajaccio;41.92;8.73;08/06/2026;18:00;19.2;60;11.4;17.5;3;0.0;0.0;0.0;0.0;0.0;1;P2;Éclaircies;1019.8;1007.5;22;22;2;0;31860.0;0.0;0.89;15.0;6.8;286;21.4;;;;;;;;
Ajaccio;41.92;8.73;08/06/2026;19:00;18.9;64;11.8;17.5;3;0.0;0.0;0.0;0.0;0.0;0;P1;Ensoleillé;1019.6;1007.3;17;17;1;0;34340.0;0.0;0.79;12.8;5.4;287;19.9;;;;;;;;
Ajaccio;41.92;8.73;08/06/2026;20:00;18.3;67;12.1;17.4;2;0.0;0.0;0.0;0.0;0.0;0;P1;Ensoleillé;1019.5;1007.2;13;13;1;0;36840.0;0.0;0.7;10.4;4.7;288;18.6;;;;;;;;
Ajaccio;41.92;8.73;08/06/2026;21:00;17.5;70;12.0;17.0;2;0.0;0.0;0.0;0.0;0.0;0;P1;Ensoleillé;1019.5;1007.1;10;10;1;0;35140.0;0.0;0.6;7.6;5.4;289;17.4;;;;;;;;
Ajaccio;41.92;8.73;08/06/2026;22:00;16.4;74;11.8;16.4;2;0.0;0.0;0.0;0.0;0.0;0;P1;Ensoleillé;1019.7;1007.3;7;7;0;0;33440.0;0.0;0.49;4.0;7.2;291;15.9;;;;;;;;
Ajaccio;41.92;8.73;08/06/2026;23:00;15.1;78;11.4;15.5;2;0.0;0.0;0.0;0.0;0.0;0;P1;Ensoleillé;1019.8;1007.3;4;4;0;0;31760.0;0.0;0.38;0.5;8.3;315;14.4;;;;;;;;
Ajaccio;41.92;8.73;09/06/2026;00:00;14.1;82;10.9;13.9;2;0.0;0.0;0.0;0.0;0.0;0;P1;Ensoleillé;1020.0;1007.5;2;2;0;0;30060.0;0.0;0.3;3.1;8.6;103;13.2;;;;;;;;
Ajaccio;41.92;8.73;09/06/2026;01:00;13.2;85;10.6;12.5;2;0.0;0.0;0.0;0.0;0.0;0;P1;Ensoleillé;1020.1;1007.5;1;1;0;0;28360.0;0.0;0.23;6.0;8.3;106;12.4;;;;;;;;
Ajaccio;41.92;8.73;09/06/2026;02:00;12.8;86;10.5;11.8;2;0.0;0.0;0.0;0.0;0.0;0;P1;Ensoleillé;1020.2;1007.6;1;1;0;0;26660.0;0.0;0.21;7.9;8.3;107;12.1;;;;;;;;
Ajaccio;41.92;8.73;09/06/2026;03:00;13.0;85;10.6;11.9;2;0.0;0.0;0.0;0.0;0.0;0;P1;Ensoleillé;1020.2;1007.6;2;2;0;0;22520.0;0.0;0.22;8.7;8.6;108;12.4;;;;;;;;
Ajaccio;41.92;8.73;09/06/2026;04:00;13.6;83;10.9;12.6;2;0.0;0.0;0.0;0.0;0.0;0;P1;Ensoleillé;1020.0;1007.5;5;5;0;0;18400.0;0.0;0.26;8.8;8.6;109;13.2;;;;;;;;
Ajaccio;41.92;8.73;09/06/2026;05:00;14.4;81;11.2;13.6;2;0.0;0.0;0.0;0.0;0.0;0;P1;Ensoleillé;1019.9;1007.4;9;9;0;0;14260.0;0.0;0.32;8.2;8.3;112;14.4;;;;;;;;
Ajaccio;41.92;8.73;09/06/2026;06:00;15.5;77;11.6;14.9;2;0.0;0.0;0.0;0.0;0.0;0;P1;Ensoleillé;1019.7;1007.2;12;12;0;0;10120.0;0.0;0.4;7.3;6.1;115;15.9;;;;;;;;
Ajaccio;41.92;8.73;09/06/2026;07:00;16.5;74;11.9;16.2;2;0.0;0.0;0.0;0.0;0.0;0;P1;Ensoleillé;1019.6;1007.2;15;15;0;0;6000.0;0.0;0.48;6.1;3.6;122;17.5;;;;;;;;
Ajaccio;41.92;8.73;09/06/2026;08:00;17.4;71;12.1;17.3;2;0.0;0.0;0.0;0.0;0.0;0;P1;Ensoleillé;1019.5;1007.1;16;16;0;0;1860.0;0.0;0.58;5.2;2.2;134;19.0;;;;;;;;
Ajaccio;41.92;8.73;09/06/2026;09:00;18.2;68;12.2;18.2;2;0.0;0.0;0.0;0.0;0.0;0;P1;Ensoleillé;1019.5;1007.2;15;15;0;0;4220.0;0.0;0.68;4.8;3.2;158;20.9;;;;;;;;
Ajaccio;41.92;8.73;09/06/2026;10:00;19.2;64;12.2;19.1;2;0.0;0.0;0.0;0.0;0.0;0;P1;Ensoleillé;1019.6;1007.3;12;12;0;0;6580.0;0.0;0.8;5.7;5.8;189;23.2;;;;;;;;
Ajaccio;41.92;8.73;09/06/2026;11:00;20.1;60;12.2;20.2;2;0.0;0.0;0.0;0.0;0.0;0;P1;Ensoleillé;1019.8;1007.5;9;9;0;0;8940.0;0.0;0.94;8.0;7.9;208;25.6;;;;;;;;
Ajaccio;41.92;8.73;09/06/2026;12:00;21.0;57;12.1;21.5;2;0.0;0.0;0.0;0.0;0.0;0;P1;Ensoleillé;1019.9;1007.7;5;5;0;0;11300.0;0.0;1.07;10.5;9.0;219;27.8;;;;;;;;
Ajaccio;41.92;8.73;09/06/2026;13:00;21.6;55;12.1;22.4;2;0.0;0.0;0.0;0.0;0.0;0;P1;Ensoleillé;1020.0;1007.8;2;2;0;0;13660.0;0.0;1.18;12.5;9.7;225;29.4;;;;;;;;
Ajaccio;41.92;8.73;09/06/2026;14:00;22.0;54;12.1;22.9;2;0.0;0.0;0.0;0.0;0.0;0;P1;Ensoleillé;1020.0;1007.8;0;0;0;0;16020.0;0.0;1.23;13.4;10.1;229;30.0;;;;;;;;
Ajaccio;41.92;8.73;09/06/2026;15:00;22.0;54;12.2;23.0;2;0.0;0.0;0.0;0.0;0.0;0;P1;Ensoleillé;1019.9;1007.7;0;0;0;0;19500.0;0.0;1.23;12.8;10.4;232;29.6;;;;;;;;
Ajaccio;41.92;8.73;09/06/2026;16:00;21.8;55;12.4;22.8;2;0.0;0.0;0.0;0.0;0.0;0;P1;Ensoleillé;1019.7;1007.5;0;0;0;0;22980.0;0.0;1.17;11.2;10.1;237;28.3;;;;;;;;
Ajaccio;41.92;8.73;09/06/2026;17:00;21.4;57;12.6;22.1;2;0.0;0.0;0.0;0.0;0.0;0;P1;Ensoleillé;1019.5;1007.3;0;0;0;0;26480.0;0.0;1.08;9.0;9.7;244;26.5;;;;;;;;
Ajaccio;41.92;8.73;09/06/2026;18:00;20.9;60;12.9;21.1;2;0.0;0.0;0.0;0.0;0.0;0;P1;Ensoleillé;1019.3;1007.1;0;0;0;0;29960.0;0.0;0.98;6.7;8.6;256;24.3;;;;;;;;
Ajaccio;41.92;8.73;09/06/2026;19:00;20.2;63;12.9;20.4;2;0.0;0.0;0.0;0.0;0.0;0;P1;Ensoleillé;1019.1;1006.8;0;0;0;0;33440.0;0.0;0.87;4.9;7.2;274;22.1;;;;;;;;
Ajaccio;41.92;8.73;09/06/2026;20:00;19.6;65;12.9;19.9;2;0.0;0.0;0.0;0.0;0.0;0;P1;Ensoleillé;1019.0;1006.7;0;0;0;0;36920.0;0.0;0.79;4.0;6.1;297;20.3;;;;;;;;
Ajaccio;41.92;8.73;09/06/2026;21:00;18.9;68;12.8;19.2;2;0.0;0.0;0.0;0.0;0.0;0;P1;Ensoleillé;1019.0;1006.7;0;0;0;0;36380.0;0.0;0.7;3.7;6.1;313;18.5;;;;;;;;
Ajaccio;41.92;8.73;09/06/2026;22:00;17.9;71;12.6;18.2;1;0.0;0.0;0.0;0.0;0.0;0;P1;Ensoleillé;1019.0;1006.7;0;0;0;0;35840.0;0.0;0.6;3.3;6.1;331;16.6;;;;;;;;
Ajaccio;41.92;8.73;09/06/2026;23:00;16.9;74;12.2;17.2;1;0.0;0.0;0.0;0.0;0.0;0;P1;Ensoleillé;1019.1;1006.7;0;0;0;0;35320.0;0.0;0.5;3.0;6.5;346;14.6;;;;;;;;
Ajaccio;41.92;8.73;10/06/2026;00:00;15.9;76;11.8;16.1;1;0.0;0.0;0.0;0.0;0.0;0;P1;Ensoleillé;1019.2;1006.8;0;0;0;0;34780.0;0.0;0.43;2.7;6.5;4;12.9;;;;;;;;
Ajaccio;41.92;8.73;10/06/2026;01:00;15.2;78;11.4;15.2;0;0.0;0.0;0.0;0.0;0.0;0;P1;Ensoleillé;1019.3;1006.8;0;0;0;0;34240.0;0.0;0.38;2.8;6.1;18;11.6;;;;;;;;
Ajaccio;41.92;8.73;10/06/2026;02:00;14.8;78;11.0;14.6;0;0.0;0.0;0.0;0.0;0.0;0;P1;Ensoleillé;1019.4;1006.9;0;0;0;0;33700.0;0.0;0.37;3.1;6.1;31;11.1;;;;;;;;
Ajaccio;41.92;8.73;10/06/2026;03:00;14.6;76;10.5;14.2;0;0.0;0.0;0.0;0.0;0.0;0;P1;Ensoleillé;1019.4;1006.9;0;0;0;0;34700.0;0.0;0.39;3.6;6.5;37;11.3;;;;;;;;
Ajaccio;41.92;8.73;10/06/2026;04:00;14.6;73;9.9;14.0;1;0.0;0.0;0.0;0.0;0.0;0;P1;Ensoleillé;1019.4;1006.9;0;0;0;0;35700.0;0.0;0.45;4.2;7.2;43;12.1;;;;;;;;
Ajaccio;41.92;8.73;10/06/2026;05:00;14.9;69;9.2;14.1;1;0.0;0.0;0.0;0.0;0.0;0;P1;Ensoleillé;1019.4;1006.9;0;0;0;0;36700.0;0.0;0.53;4.7;7.2;47;13.4;;;;;;;;
Ajaccio;41.92;8.73;10/06/2026;06:00;15.4;65;8.7;14.3;1;0.0;0.0;0.0;0.0;0.0;0;P1;Ensoleillé;1019.4;1006.9;0;0;0;0;37680.0;0.0;0.62;5.1;6.1;48;14.9;;;;;;;;
Ajaccio;41.92;8.73;10/06/2026;07:00;15.9;61;8.4;14.8;2;0.0;0.0;0.0;0.0;0.0;0;P1;Ensoleillé;1019.5;1007.1;0;0;0;0;38680.0;0.0;0.71;5.2;4.3;46;16.8;;;;;;;;
Ajaccio;41.92;8.73;10/06/2026;08:00;16.6;58;8.2;15.5;2;0.0;0.0;0.0;0.0;0.0;0;P1;Ensoleillé;1019.5;1007.1;0;0;0;0;39680.0;0.0;0.8;4.9;3.6;39;18.5;;;;;;;;
Ajaccio;41.92;8.73;10/06/2026;09:00;17.7;55;8.6;16.7;2;0.0;0.0;0.0;0.0;0.0;0;P1;Ensoleillé;1019.6;1007.2;12;0;0;12;40280.0;0.0;0.91;4.0;4.0;21;20.8;;;;;;;;
Ajaccio;41.92;8.73;10/06/2026;10:00;19.1;53;9.2;18.4;2;0.0;0.0;0.0;0.0;0.0;1;P2;Éclaircies;1019.7;1007.4;30;0;0;30;40880.0;0.0;1.05;3.9;5.4;344;23.6;;;;;;;;
Ajaccio;41.92;8.73;10/06/2026;11:00;20.7;51;10.1;20.5;2;0.0;0.0;0.0;0.0;0.0;2;P8;Éclaircies;1019.8;1007.6;51;0;0;51;41480.0;0.0;1.21;5.4;6.5;312;26.7;;;;;;;;
Ajaccio;41.92;8.73;10/06/2026;12:00;22.2;49;10.9;22.7;2;0.0;0.0;0.0;0.0;0.0;2;P8;Éclaircies;1019.9;1007.7;71;0;0;71;42080.0;0.0;1.38;7.7;7.6;298;29.5;;;;;;;;
Ajaccio;41.92;8.73;10/06/2026;13:00;23.5;48;11.7;24.4;2;0.0;0.0;0.0;0.0;0.0;3;P4;Nuageux;1020.0;1007.9;85;0;0;85;42680.0;0.0;1.51;9.7;8.6;292;31.6;;;;;;;;
Ajaccio;41.92;8.73;10/06/2026;14:00;24.2;47;12.1;25.4;2;0.0;0.0;0.0;0.0;0.0;3;P4;Nuageux;1020.0;1007.9;91;0;0;91;43280.0;0.0;1.6;10.8;9.0;291;32.5;;;;;;;;
Ajaccio;41.92;8.73;10/06/2026;15:00;24.4;47;12.4;25.6;2;0.0;0.0;0.0;0.0;0.0;3;P4;Nuageux;1020.0;1007.9;85;0;0;85;42680.0;0.0;1.62;10.6;8.6;294;32.2;;;;;;;;
Ajaccio;41.92;8.73;10/06/2026;16:00;24.2;48;12.4;25.2;2;0.0;0.0;0.0;0.0;0.0;2;P8;Éclaircies;1019.9;1007.8;71;0;0;71;42080.0;0.0;1.58;9.7;7.9;301;30.6;;;;;;;;
Ajaccio;41.92;8.73;10/06/2026;17:00;23.8;49;12.4;24.2;2;0.0;0.0;0.0;0.0;0.0;2;P8;Éclaircies;1019.7;1007.6;51;0;0;51;41480.0;0.0;1.5;8.7;6.8;313;28.5;;;;;;;;
Ajaccio;41.92;8.73;10/06/2026;18:00;23.1;50;12.1;22.6;2;0.0;0.0;0.0;0.0;0.0;1;P2;Éclaircies;1019.6;1007.5;30;0;0;30;40880.0;0.0;1.41;7.9;5.0;330;26.0;;;;;;;;
Ajaccio;41.92;8.73;10/06/2026;19:00;22.3;51;11.7;21.7;2;0.0;0.0;0.0;0.0;0.0;0;P1;Ensoleillé;1019.5;1007.3;12;0;0;12;40280.0;0.0;1.32;7.6;2.9;346;23.5;;;;;;;;
Ajaccio;41.92;8.73;10/06/2026;20:00;21.5;51;11.1;20.7;2;0.0;0.0;0.0;0.0;0.0;0;P1;Ensoleillé;1019.5;1007.3;0;0;0;0;39680.0;0.0;1.25;7.4;1.8;357;21.5;;;;;;;;
Ajaccio;41.92;8.73;10/06/2026;21:00;20.5;51;9.9;19.5;2;0.0;0.0;0.0;0.0;0.0;0;P1;Ensoleillé;1019.5;1007.3;0;0;0;0;41280.0;0.0;1.19;6.9;2.9;5;19.5;;;;;;;;
Ajaccio;41.92;8.73;10/06/2026;22:00;19.2;49;8.4;17.9;1;0.0;0.0;0.0;0.0;0.0;0;P1;Ensoleillé;1019.7;1007.4;0;0;0;0;42880.0;0.0;1.13;5.7;5.4;13;17.4;;;;;;;;
Ajaccio;41.92;8.73;10/06/2026;23:00;17.8;48;6.6;16.2;1;0.0;0.0;0.0;0.0;0.0;0;P1;Ensoleillé;1019.8;1007.4;0;0;0;0;44480.0;0.0;1.06;4.5;7.2;23;15.2;;;;;;;;
Ajaccio;41.92;8.73;11/06/2026;00:00;16.4;46;4.9;14.7;1;0.0;0.0;0.0;0.0;0.0;0;P1;Ensoleillé;1019.9;1007.5;0;0;0;0;46060.0;0.0;1.0;3.5;7.6;39;13.4;;;;;;;;
Ajaccio;41.92;8.73;11/06/2026;01:00;15.4;45;3.5;13.4;0;0.0;0.0;0.0;0.0;0.0;0;P1;Ensoleillé;1020.0;1007.5;0;0;0;0;47660.0;0.0;0.96;2.9;7.2;60;12.0;;;;;;;;
Ajaccio;41.92;8.73;11/06/2026;02:00;14.8;45;3.0;12.8;0;0.0;0.0;0.0;0.0;0.0;0;P1;Ensoleillé;1020.1;1007.6;0;0;0;0;49260.0;0.0;0.93;2.8;6.8;75;11.4;;;;;;;;
Ajaccio;41.92;8.73;11/06/2026;03:00;14.8;46;3.2;12.8;0;0.0;0.0;0.0;0.0;0.0;0;P1;Ensoleillé;1020.1;1007.6;0;0;0;0;48280.0;0.0;0.92;2.9;7.2;79;11.8;;;;;;;;
Ajaccio;41.92;8.73;11/06/2026;04:00;15.2;47;4.0;13.3;1;0.0;0.0;0.0;0.0;0.0;0;P1;Ensoleillé;1020.1;1007.6;0;0;0;0;47280.0;0.0;0.91;3.1;7.9;80;12.9;;;;;;;;
Ajaccio;41.92;8.73;11/06/2026;05:00;15.9;49;5.2;14.2;1;0.0;0.0;0.0;0.0;0.0;0;P1;Ensoleillé;1020.0;1007.6;0;0;0;0;46300.0;0.0;0.92;3.4;7.9;74;14.4;;;;;;;;
Ajaccio;41.92;8.73;11/06/2026;06:00;16.8;51;6.7;15.4;1;0.0;0.0;0.0;0.0;0.0;0;P1;Ensoleillé;1019.9;1007.5;0;0;0;0;45300.0;0.0;0.93;3.3;6.8;68;16.4;;;;;;;;
Ajaccio;41.92;8.73;11/06/2026;07:00;17.7;53;7.9;16.7;2;0.0;0.0;0.0;0.0;0.0;0;P1;Ensoleillé;1019.8;1007.4;0;0;0;0;44320.0;0.0;0.96;3.0;5.0;57;18.3;;;;;;;;
Ajaccio;41.92;8.73;11/06/2026;08:00;18.5;53;8.8;17.9;2;0.0;0.0;0.0;0.0;0.0;0;P1;Ensoleillé;1019.8;1007.5;0;0;0;0;43320.0;0.0;1.0;2.4;4.3;42;20.2;;;;;;;;
Ajaccio;41.92;8.73;11/06/2026;09:00;19.5;52;9.3;19.1;3;0.0;0.0;0.0;0.0;0.0;0;P1;Ensoleillé;1019.8;1007.5;3;0;0;3;43320.0;0.0;1.1;1.8;5.0;354;22.3;;;;;;;;
Ajaccio;41.92;8.73;11/06/2026;10:00;20.6;49;9.6;20.0;3;0.0;0.0;0.0;0.0;0.0;0;P1;Ensoleillé;1019.8;1007.6;7;0;0;7;43320.0;0.0;1.24;3.5;6.5;298;24.9;;;;;;;;
Ajaccio;41.92;8.73;11/06/2026;11:00;21.9;46;9.8;21.4;4;0.0;0.0;0.0;0.0;0.0;0;P1;Ensoleillé;1019.8;1007.6;12;0;0;12;43340.0;0.0;1.42;6.3;7.9;285;27.6;;;;;;;;
Ajaccio;41.92;8.73;11/06/2026;12:00;23.0;44;10.0;23.0;5;0.0;0.0;0.0;0.0;0.0;0;P1;Ensoleillé;1019.8;1007.7;17;0;0;17;43340.0;0.0;1.58;9.1;9.0;278;30.0;;;;;;;;
Ajaccio;41.92;8.73;11/06/2026;13:00;23.8;42;10.1;24.0;5;0.0;0.0;0.0;0.0;0.0;1;P2;Éclaircies;1019.8;1007.7;21;0;0;21;43340.0;0.0;1.71;11.4;10.1;275;31.8;;;;;;;;
Ajaccio;41.92;8.73;11/06/2026;14:00;24.2;42;10.4;24.6;6;0.0;0.0;0.0;0.0;0.0;1;P2;Éclaircies;1019.7;1007.6;23;0;0;23;43340.0;0.0;1.75;12.6;10.4;272;32.5;;;;;;;;
Ajaccio;41.92;8.73;11/06/2026;15:00;24.0;44;10.9;24.6;7;0.0;0.0;0.0;0.0;0.0;1;P2;Éclaircies;1019.5;1007.4;22;0;0;22;42280.0;0.0;1.69;12.4;9.7;269;31.9;;;;;;;;
Ajaccio;41.92;8.73;11/06/2026;16:00;23.5;47;11.4;24.0;7;0.0;0.0;0.0;0.0;0.0;0;P1;Ensoleillé;1019.3;1007.2;18;0;0;18;41220.0;0.0;1.55;11.4;8.6;264;30.3;;;;;;;;
Ajaccio;41.92;8.73;11/06/2026;17:00;22.6;51;11.9;22.9;8;0.0;0.0;0.0;0.0;0.0;0;P1;Ensoleillé;1019.1;1006.9;14;0;0;14;40180.0;0.0;1.35;10.0;7.2;256;28.0;;;;;;;;
Ajaccio;41.92;8.73;11/06/2026;18:00;21.7;56;12.5;21.5;8;0.0;0.0;0.0;0.0;0.0;0;P1;Ensoleillé;1018.8;1006.6;10;0;0;10;39120.0;0.0;1.15;8.5;5.0;246;25.5;;;;;;;;
Ajaccio;41.92;8.73;11/06/2026;19:00;20.7;61;12.9;20.6;8;0.0;0.0;0.0;0.0;0.0;0;P1;Ensoleillé;1018.7;1006.5;8;0;0;8;38060.0;0.0;0.95;7.1;2.5;234;23.0;;;;;;;;
Ajaccio;41.92;8.73;11/06/2026;20:00;19.8;66;13.1;19.9;8;0.0;0.0;0.0;0.0;0.0;0;P1;Ensoleillé;1018.6;1006.3;11;0;0;11;37000.0;0.0;0.8;6.2;1.4;224;20.9;;;;;;;;
Ajaccio;41.92;8.73;11/06/2026;21:00;18.9;70;13.2;19.1;7;0.0;0.0;0.0;0.0;0.0;1;P2;Éclaircies;1018.7;1006.4;20;0;0;20;36460.0;0.0;0.67;5.3;2.9;215;19.0;;;;;;;;
Ajaccio;41.92;8.73;11/06/2026;22:00;17.9;74;13.1;18.3;7;0.0;0.0;0.0;0.0;0.0;1;P2;Éclaircies;1018.9;1006.6;34;0;0;34;35920.0;0.0;0.54;4.3;5.8;208;17.0;;;;;;;;
Ajaccio;41.92;8.73;11/06/2026;23:00;16.9;78;12.9;17.4;6;0.0;0.0;0.0;0.0;0.0;2;P8;Éclaircies;1019.1;1006.7;50;0;0;50;35380.0;0.0;0.43;3.0;7.6;194;15.1;;;;;;;;
Ajaccio;41.92;8.73;12/06/2026;00:00;16.0;81;12.7;16.6;5;0.0;0.0;0.0;0.0;0.0;2;P8;Éclaircies;1019.4;1007.0;66;0;0;66;34820.0;0.0;0.35;2.0;7.6;175;13.4;;;;;;;;
Ajaccio;41.92;8.73;12/06/2026;01:00;15.3;83;12.4;15.8;4;0.0;0.0;0.0;0.0;0.0;3;P4;Nuageux;1019.7;1007.2;81;0;0;81;34280.0;0.0;0.3;1.5;6.8;135;12.3;;;;;;;;
Ajaccio;41.92;8.73;12/06/2026;02:00;14.9;83;12.1;15.3;4;0.0;0.0;0.0;0.0;0.0;3;P4;Nuageux;1019.8;1007.3;90;0;0;90;33740.0;0.0;0.29;1.7;6.1;108;11.8;;;;;;;;
Ajaccio;41.92;8.73;12/06/2026;03:00;14.9;81;11.6;15.1;5;0.0;0.0;0.0;0.0;0.0;3;P4;Nuageux;1019.8;1007.3;95;0;0;95;34740.0;0.0;0.32;2.0;6.1;100;12.1;;;;;;;;
Ajaccio;41.92;8.73;12/06/2026;04:00;15.1;76;10.9;15.1;6;0.0;0.0;0.0;0.0;0.0;3;P4;Nuageux;1019.8;1007.3;96;0;0;96;35760.0;0.0;0.41;2.2;6.5;99;12.9;;;;;;;;
Ajaccio;41.92;8.73;12/06/2026;05:00;15.6;71;10.3;15.3;6;0.0;0.0;0.0;0.0;0.0;3;P4;Nuageux;1019.8;1007.3;96;0;0;96;36760.0;0.0;0.51;2.2;6.1;104;14.3;;;;;;;;
Ajaccio;41.92;8.73;12/06/2026;06:00;16.1;66;9.7;15.8;6;0.0;0.0;0.0;0.0;0.0;3;P4;Nuageux;1019.7;1007.3;94;0;0;94;37760.0;0.0;0.63;2.1;5.0;110;16.0;;;;;;;;
Ajaccio;41.92;8.73;12/06/2026;07:00;16.9;61;9.3;16.4;6;0.0;0.0;0.0;0.0;0.0;3;P4;Nuageux;1019.6;1007.2;90;0;0;90;38780.0;0.0;0.75;1.8;3.2;114;17.9;;;;;;;;
Ajaccio;41.92;8.73;12/06/2026;08:00;17.6;58;9.2;17.3;6;0.0;0.0;0.0;0.0;0.0;3;P4;Nuageux;1019.6;1007.2;86;0;0;86;39780.0;0.0;0.86;1.2;2.2;117;19.8;;;;;;;;
Ajaccio;41.92;8.73;12/06/2026;09:00;18.6;55;9.6;18.5;5;0.0;0.0;0.0;0.0;0.0;3;P4;Nuageux;1019.6;1007.3;80;0;0;80;39780.0;0.0;0.96;0.3;2.2;135;22.0;;;;;;;;
Ajaccio;41.92;8.73;12/06/2026;10:00;19.9;54;10.2;19.8;5;0.0;0.0;0.0;0.0;0.0;2;P8;Éclaircies;1019.6;1007.3;71;0;0;71;39780.0;0.0;1.07;1.2;2.9;297;24.8;;;;;;;;
Ajaccio;41.92;8.73;12/06/2026;11:00;21.2;53;11.1;21.8;4;0.0;0.0;0.0;0.0;0.0;2;P8;Éclaircies;1019.6;1007.4;62;0;0;62;39780.0;0.0;1.19;2.8;4.0;297;27.7;;;;;;;;
Ajaccio;41.92;8.73;12/06/2026;12:00;23.2;51;12.4;24.6;3;0.0;0.0;0.0;0.0;0.0;2;P8;Éclaircies;1019.8;1007.6;64;0;0;64;35870.0;0.0;1.41;5.3;5.8;292;30.5;;;;;;;;
Ajaccio;41.92;8.73;12/06/2026;13:00;24.5;50;13.3;26.2;3;0.0;0.0;0.0;0.0;0.0;1;P2;Éclaircies;1019.9;1007.8;72;0;0;71;31960.0;0.0;1.54;8.0;7.9;292;32.9;;;;;;;;
Ajaccio;41.92;8.73;12/06/2026;14:00;25.1;50;13.9;26.7;3;0.0;0.0;0.0;0.0;0.0;1;P2;Éclaircies;1020.0;1007.9;84;0;4;82;28050.0;0.0;1.59;10.3;9.4;294;34.6;;;;;;;;
Ajaccio;41.92;8.73;12/06/2026;15:00;25.3;51;14.4;26.5;4;0.0;0.0;0.0;0.0;0.0;3;P4;Nuageux;1019.9;1007.8;100;0;24;98;24140.0;0.0;1.58;11.7;9.4;304;;;;;;;;;
Ajaccio;41.92;8.73;12/06/2026;16:00;25.2;53;14.9;26.0;5;0.0;0.0;0.0;0.0;0.0;3;P4;Nuageux;1019.6;1007.5;100;0;50;100;24140.0;0.0;1.5;11.2;8.6;315;;;;;;;;;
Ajaccio;41.92;8.73;12/06/2026;17:00;25.0;55;15.3;25.3;6;0.0;0.0;0.0;0.0;0.0;3;P4;Nuageux;1019.3;1007.2;100;0;63;100;24140.0;0.0;1.42;11.1;7.6;324;;;;;;;;;
Ajaccio;41.92;8.73;12/06/2026;18:00;24.7;57;15.6;24.9;7;0.0;0.0;0.0;0.0;0.0;3;P4;Nuageux;1019.0;1006.9;98;0;49;98;24140.0;0.0;1.34;11.4;6.5;325;;;;;;;;;
Ajaccio;41.92;8.73;12/06/2026;19:00;24.3;60;16.0;24.7;9;0.0;0.0;0.0;0.0;0.0;3;P4;Nuageux;1018.7;1006.6;95;0;23;94;24140.0;0.0;1.22;11.3;5.4;323;;;;;;;;;
Ajaccio;41.92;8.73;12/06/2026;20:00;23.8;62;16.0;24.3;10;0.0;0.0;0.0;0.0;0.0;3;P4;Nuageux;1018.6;1006.5;85;0;3;83;24140.0;0.0;1.12;10.3;4.7;324;;;;;;;;;
Ajaccio;41.92;8.73;12/06/2026;21:00;22.8;64;15.6;23.7;10;0.0;0.0;0.0;0.0;0.0;2;P8;Éclaircies;1018.7;1006.6;61;0;0;58;24140.0;0.0;1.0;7.1;4.7;336;;;;;;;;;
Ajaccio;41.92;8.73;12/06/2026;22:00;21.7;66;15.1;22.8;10;0.0;0.0;0.0;0.0;0.0;1;P2;Éclaircies;1018.9;1006.7;30;0;2;25;24140.0;0.0;0.88;4.2;5.4;20;;;;;;;;;
Ajaccio;41.92;8.73;12/06/2026;23:00;20.9;67;14.5;21.6;10;0.0;0.0;0.0;0.0;0.0;0;P1;Ensoleillé;1019.0;1006.8;8;0;5;2;24140.0;0.0;0.81;5.2;5.8;65;;;;;;;;;
Figari;41.48;9.09;28/05/2026;00:00;22.4;49;11.2;21.4;0;0.0;0.0;0.0;0.0;0.0;0;P1;Ensoleillé;1019.0;1016.4;0;0;0;0;42280.0;0.04;1.39;10.0;23.4;283;22.4;23.4;24.1;20.7;0.035;0.072;0.099;0.15;0.236
Figari;41.48;9.09;28/05/2026;01:00;22.1;53;12.1;21.2;0;0.0;0.0;0.0;0.0;0.0;0;P1;Ensoleillé;1018.9;1016.3;0;0;0;0;41820.0;0.03;1.25;10.6;24.8;280;22.3;23.2;23.8;20.7;0.035;0.072;0.099;0.15;0.236
Figari;41.48;9.09;28/05/2026;02:00;21.6;58;13.0;21.1;0;0.0;0.0;0.0;0.0;0.0;0;P1;Ensoleillé;1018.5;1015.9;0;0;0;0;40780.0;0.03;1.08;9.5;25.2;281;21.9;22.8;23.6;20.7;0.034;0.066;0.096;0.161;0.247
Figari;41.48;9.09;28/05/2026;03:00;21.5;57;12.6;20.7;0;0.0;0.0;0.0;0.0;0.0;0;P1;Ensoleillé;1018.0;1015.4;0;0;0;0;41100.0;0.02;1.1;10.7;24.1;282;21.9;22.7;23.4;20.8;0.034;0.066;0.096;0.161;0.247
Figari;41.48;9.09;28/05/2026;04:00;21.5;55;12.1;20.6;0;0.0;0.0;0.0;0.0;0.0;0;P1;Ensoleillé;1017.6;1015.0;0;0;0;0;41560.0;0.02;1.16;10.7;25.2;282;21.9;22.5;23.2;20.8;0.034;0.066;0.096;0.161;0.247
Figari;41.48;9.09;28/05/2026;05:00;20.9;58;12.4;20.2;0;0.0;0.0;0.0;0.0;0.0;0;P1;Ensoleillé;1017.9;1015.3;0;0;0;0;40920.0;0.03;1.04;10.0;25.2;285;21.2;22.1;23.0;20.8;0.034;0.066;0.096;0.161;0.247
Figari;41.48;9.09;28/05/2026;06:00;20.9;57;12.1;20.0;0;0.0;0.0;0.0;0.0;0.0;0;P1;Ensoleillé;1018.3;1015.7;0;0;0;0;41160.0;0.03;1.06;10.5;24.5;286;21.2;22.0;22.9;20.8;0.035;0.066;0.096;0.161;0.247
Figari;41.48;9.09;28/05/2026;07:00;21.6;55;12.2;20.8;0;0.0;0.0;0.0;0.0;0.0;0;P1;Ensoleillé;1018.5;1015.9;0;0;0;0;41460.0;0.05;1.16;10.3;25.2;282;21.5;22.0;22.7;20.8;0.035;0.066;0.096;0.161;0.247
Figari;41.48;9.09;28/05/2026;08:00;23.2;54;13.4;23.0;0;0.0;0.0;0.0;0.0;0.0;0;P1;Ensoleillé;1018.5;1015.9;0;0;0;0;41420.0;0.09;1.31;8.7;24.1;277;23.2;22.4;22.6;20.8;0.035;0.066;0.096;0.16;0.246
Figari;41.48;9.09;28/05/2026;09:00;24.3;59;15.8;25.0;0;0.0;0.0;0.0;0.0;0.0;0;P1;Ensoleillé;1018.3;1015.7;0;0;0;0;39420.0;0.15;1.25;9.1;22.3;263;25.0;23.3;22.5;20.8;0.035;0.065;0.097;0.16;0.246
Figari;41.48;9.09;28/05/2026;10:00;25.3;61;17.3;26.4;0;0.0;0.0;0.0;0.0;0.0;0;P1;Ensoleillé;1018.6;1016.0;9;9;0;0;38060.0;0.19;1.26;10.2;23.8;252;27.4;24.5;22.6;20.8;0.035;0.065;0.097;0.159;0.246
Figari;41.48;9.09;28/05/2026;11:00;26.1;60;17.8;28.1;0;0.0;0.0;0.0;0.0;0.0;0;P1;Ensoleillé;1019.1;1016.5;7;7;0;0;38000.0;0.2;1.35;11.8;27.4;247;29.2;25.9;22.8;20.8;0.035;0.065;0.097;0.159;0.245
Figari;41.48;9.09;28/05/2026;12:00;27.0;57;17.7;29.4;0;0.0;0.0;0.0;0.0;0.0;0;P1;Ensoleillé;1019.2;1016.7;0;0;0;0;38900.0;0.21;1.53;13.0;31.0;246;29.8;26.9;23.1;20.8;0.034;0.065;0.097;0.158;0.245
Figari;41.48;9.09;28/05/2026;13:00;27.8;49;16.1;29.8;0;0.0;0.0;0.0;0.0;0.0;0;P1;Ensoleillé;1019.0;1016.5;0;0;0;0;40620.0;0.21;1.91;14.4;33.1;248;30.6;27.8;23.4;20.9;0.034;0.065;0.097;0.158;0.245
Figari;41.48;9.09;28/05/2026;14:00;28.6;41;14.1;29.6;0;0.0;0.0;0.0;0.0;0.0;0;P1;Ensoleillé;1018.3;1015.8;0;0;0;0;42440.0;0.21;2.31;15.5;38.2;257;31.0;28.4;23.8;20.9;0.034;0.065;0.097;0.157;0.244
Figari;41.48;9.09;28/05/2026;15:00;28.9;34;11.5;28.6;0;0.0;0.0;0.0;0.0;0.0;0;P1;Ensoleillé;1017.9;1015.4;0;0;0;0;44980.0;0.22;2.63;16.9;42.1;258;30.7;28.8;24.2;20.9;0.034;0.065;0.097;0.157;0.244
Figari;41.48;9.09;28/05/2026;16:00;28.9;31;10.1;27.7;0;0.0;0.0;0.0;0.0;0.0;0;P1;Ensoleillé;1017.8;1015.3;0;0;0;0;46780.0;0.21;2.75;17.2;42.5;259;30.0;28.8;24.5;20.9;0.033;0.065;0.097;0.156;0.244
Figari;41.48;9.09;28/05/2026;17:00;28.3;34;10.9;27.1;0;0.0;0.0;0.0;0.0;0.0;0;P1;Ensoleillé;1017.6;1015.1;0;0;0;0;45300.0;0.19;2.54;14.6;42.8;260;29.1;28.4;24.8;21.0;0.033;0.065;0.097;0.156;0.243
Figari;41.48;9.09;28/05/2026;18:00;27.7;36;11.3;26.2;0;0.0;0.0;0.0;0.0;0.0;0;P1;Ensoleillé;1017.6;1015.1;0;0;0;0;44540.0;0.15;2.38;13.0;38.9;256;27.9;28.0;25.0;21.0;0.033;0.065;0.097;0.155;0.243
Figari;41.48;9.09;28/05/2026;19:00;26.7;38;11.2;25.3;0;0.0;0.0;0.0;0.0;0.0;0;P1;Ensoleillé;1017.4;1014.9;0;0;0;0;44580.0;0.1;2.17;12.0;32.8;254;26.1;27.2;25.1;21.0;0.033;0.065;0.097;0.155;0.243
Figari;41.48;9.09;28/05/2026;20:00;25.1;44;12.0;24.2;0;0.0;0.0;0.0;0.0;0.0;0;P1;Ensoleillé;1017.6;1015.0;0;0;0;0;42780.0;0.06;1.78;10.6;28.8;260;23.9;26.1;25.1;21.1;0.033;0.065;0.097;0.155;0.243
Figari;41.48;9.09;28/05/2026;21:00;22.7;50;11.8;22.1;0;0.0;0.0;0.0;0.0;0.0;0;P1;Ensoleillé;1017.7;1015.1;0;0;0;0;40400.0;0.03;1.38;8.3;23.0;272;21.6;24.7;25.0;21.1;0.033;0.065;0.097;0.155;0.243
Figari;41.48;9.09;28/05/2026;22:00;21.3;57;12.4;21.2;0;0.0;0.0;0.0;0.0;0.0;0;P1;Ensoleillé;1018.3;1015.7;0;0;0;0;39320.0;0.02;1.09;5.9;20.9;284;21.0;23.6;24.7;21.1;0.033;0.065;0.097;0.155;0.243
Figari;41.48;9.09;28/05/2026;23:00;20.5;54;10.9;20.2;0;0.0;0.0;0.0;0.0;0.0;0;P1;Ensoleillé;1018.4;1015.8;0;0;0;0;41440.0;0.01;1.11;4.1;11.9;308;19.8;22.7;24.4;21.1;0.034;0.065;0.097;0.155;0.243
Figari;41.48;9.09;29/05/2026;00:00;20.3;42;7.0;18.9;0;0.0;0.0;0.0;0.0;0.0;0;P1;Ensoleillé;1018.8;1016.2;0;0;0;0;43120.0;0.01;1.39;4.3;9.0;336;18.9;21.7;24.0;21.2;0.034;0.065;0.097;0.155;0.243
Figari;41.48;9.09;29/05/2026;01:00;20.8;45;8.5;20.1;0;0.0;0.0;0.0;0.0;0.0;0;P1;Ensoleillé;1018.8;1016.2;0;0;0;0;42860.0;0.02;1.35;1.9;9.0;338;17.2;20.9;23.6;21.2;0.034;0.065;0.097;0.155;0.243
Figari;41.48;9.09;29/05/2026;02:00;21.1;49;10.0;20.8;0;0.0;0.0;0.0;0.0;0.0;3;P4;Nuageux;1018.5;1015.9;73;0;0;73;41820.0;0.01;1.28;2.2;4.7;279;16.8;20.0;23.2;21.2;0.034;0.065;0.097;0.155;0.243
Figari;41.48;9.09;29/05/2026;03:00;21.0;52;10.8;21.0;0;0.0;0.0;0.0;0.0;0.0;0;P1;Ensoleillé;1018.1;1015.5;6;0;0;6;40900.0;0.01;1.2;1.9;4.7;292;16.8;19.5;22.7;21.2;0.034;0.065;0.097;0.155;0.243
Figari;41.48;9.09;29/05/2026;04:00;20.8;55;11.5;21.2;0;0.0;0.0;0.0;0.0;0.0;0;P1;Ensoleillé;1017.9;1015.3;0;0;0;0;39180.0;0.01;1.11;0.7;3.6;270;16.2;19.0;22.3;21.2;0.035;0.065;0.097;0.155;0.243
Figari;41.48;9.09;29/05/2026;05:00;20.5;58;11.9;20.7;0;0.0;0.0;0.0;0.0;0.0;0;P1;Ensoleillé;1018.4;1015.8;0;0;0;0;39280.0;0.01;1.01;2.6;4.0;56;15.7;18.5;21.9;21.2;0.035;0.065;0.097;0.155;0.243
Figari;41.48;9.09;29/05/2026;06:00;20.0;53;10.2;19.5;0;0.0;0.0;0.0;0.0;0.0;0;P1;Ensoleillé;1018.7;1016.1;0;0;0;0;42180.0;0.01;1.1;3.9;6.1;34;14.9;18.0;21.4;21.2;0.035;0.065;0.097;0.155;0.243
Figari;41.48;9.09;29/05/2026;07:00;19.4;64;12.4;19.2;0;0.0;0.0;0.0;0.0;0.0;0;P1;Ensoleillé;1019.3;1016.7;0;0;0;0;39880.0;0.03;0.81;6.3;13.3;24;18.9;18.2;21.0;21.2;0.035;0.065;0.097;0.155;0.243
Figari;41.48;9.09;29/05/2026;08:00;22.2;72;16.9;23.9;0;0.0;0.0;0.0;0.0;0.0;0;P1;Ensoleillé;1019.5;1016.9;0;0;0;0;36780.0;0.07;0.75;4.9;14.4;54;22.7;19.8;20.8;21.1;0.036;0.065;0.097;0.155;0.243
Figari;41.48;9.09;29/05/2026;09:00;24.4;64;17.1;25.7;0;0.0;0.0;0.0;0.0;0.0;2;P8;Éclaircies;1020.0;1017.4;59;0;0;59;38900.0;0.13;1.1;8.6;24.1;88;24.6;21.7;20.8;21.1;0.036;0.065;0.097;0.154;0.242
Figari;41.48;9.09;29/05/2026;10:00;25.9;66;19.0;27.7;0;0.0;0.0;0.0;0.0;0.0;0;P1;Ensoleillé;1019.9;1017.3;8;0;0;8;37740.0;0.17;1.13;10.8;29.9;92;26.8;23.3;21.0;21.1;0.035;0.065;0.097;0.154;0.242
Figari;41.48;9.09;29/05/2026;11:00;27.5;51;16.5;28.9;0;0.0;0.0;0.0;0.0;0.0;0;P1;Ensoleillé;1020.1;1017.6;0;0;0;0;40980.0;0.22;1.8;12.3;30.6;97;28.8;24.9;21.4;21.1;0.035;0.065;0.097;0.153;0.242
Figari;41.48;9.09;29/05/2026;12:00;28.4;44;15.0;29.5;0;0.0;0.0;0.0;0.0;0.0;3;P4;Nuageux;1020.0;1017.5;96;0;0;96;41900.0;0.24;2.16;13.6;33.8;102;29.9;26.3;21.8;21.1;0.035;0.064;0.097;0.153;0.241
Figari;41.48;9.09;29/05/2026;13:00;28.7;41;14.2;29.6;0;0.0;0.0;0.0;0.0;0.0;3;P4;Nuageux;1020.2;1017.7;100;0;0;100;42460.0;0.24;2.33;14.8;36.4;103;30.5;27.2;22.3;21.1;0.035;0.064;0.097;0.152;0.241
Figari;41.48;9.09;29/05/2026;14:00;29.1;43;15.2;30.5;0;0.0;0.0;0.0;0.0;0.0;2;P8;Éclaircies;1019.9;1017.4;49;0;0;49;41920.0;0.22;2.29;14.7;35.6;101;31.4;28.1;22.8;21.1;0.034;0.064;0.097;0.152;0.241
Figari;41.48;9.09;29/05/2026;15:00;28.4;53;17.9;30.6;0;0.0;0.0;0.0;0.0;0.0;1;P2;Éclaircies;1019.8;1017.3;3;0;0;3;40260.0;0.19;1.82;16.9;40.7;89;30.1;28.5;23.4;21.1;0.034;0.064;0.097;0.151;0.24
Figari;41.48;9.09;29/05/2026;16:00;28.3;53;17.8;30.2;0;0.0;0.0;0.0;0.0;0.0;0;P1;Ensoleillé;1019.6;1017.1;1;0;0;1;40300.0;0.16;1.81;15.9;40.7;86;30.2;28.4;23.8;21.1;0.034;0.064;0.097;0.151;0.24
Figari;41.48;9.09;29/05/2026;17:00;28.1;55;18.2;29.5;0;0.0;0.0;0.0;0.0;0.0;3;P4;Nuageux;1019.3;1016.8;44;0;0;44;40140.0;0.14;1.71;14.8;38.5;87;28.7;28.3;24.2;21.1;0.034;0.064;0.097;0.15;0.24
Figari;41.48;9.09;29/05/2026;18:00;27.4;58;18.4;28.5;0;0.0;0.0;0.0;0.0;0.0;2;P8;Éclaircies;1019.3;1016.8;40;0;0;40;39600.0;0.11;1.53;13.3;33.8;87;27.7;27.7;24.5;21.1;0.034;0.064;0.097;0.15;0.24
Figari;41.48;9.09;29/05/2026;19:00;26.3;61;18.2;27.5;0;0.0;0.0;0.0;0.0;0.0;3;P4;Nuageux;1019.6;1017.0;60;0;0;60;39040.0;0.07;1.34;12.7;30.6;82;25.8;27.0;24.6;21.2;0.034;0.064;0.097;0.15;0.24
Figari;41.48;9.09;29/05/2026;20:00;25.0;67;18.4;26.5;0;0.0;0.0;0.0;0.0;0.0;3;P4;Nuageux;1019.8;1017.2;87;2;65;49;37980.0;0.04;1.04;11.1;33.1;77;23.8;25.8;24.7;21.2;0.034;0.064;0.097;0.15;0.239
Figari;41.48;9.09;29/05/2026;21:00;23.5;77;19.2;25.8;0;0.0;0.0;0.0;0.0;0.0;3;P4;Nuageux;1019.9;1017.3;90;0;54;79;32840.0;0.02;0.67;8.0;29.2;63;21.9;24.6;24.6;21.2;0.034;0.064;0.097;0.15;0.239
Figari;41.48;9.09;29/05/2026;22:00;22.6;83;19.6;25.1;0;0.0;0.0;0.0;0.0;0.0;3;P4;Nuageux;1020.2;1017.6;100;0;35;100;27680.0;0.01;0.47;7.8;24.1;56;21.5;23.7;24.4;21.2;0.035;0.064;0.097;0.15;0.239
Figari;41.48;9.09;29/05/2026;23:00;22.2;86;19.8;24.9;0;0.0;0.0;0.0;0.0;0.0;3;P4;Nuageux;1020.5;1017.9;89;0;0;89;23100.0;0.01;0.38;7.7;23.4;49;21.0;23.1;24.2;21.3;0.035;0.064;0.097;0.15;0.239
Figari;41.48;9.09;30/05/2026;00:00;21.8;80;18.2;23.6;0;0.0;0.0;0.0;0.0;0.0;0;P1;Ensoleillé;1020.7;1018.1;0;0;0;0;27960.0;0.02;0.52;8.4;25.2;50;20.3;22.6;24.0;21.3;0.035;0.064;0.097;0.15;0.239
Figari;41.48;9.09;30/05/2026;01:00;21.7;76;17.3;23.1;0;0.0;0.0;0.0;0.0;0.0;0;P1;Ensoleillé;1020.5;1017.9;2;0;0;2;33280.0;0.02;0.62;7.9;25.9;39;19.9;22.1;23.7;21.3;0.035;0.064;0.097;0.15;0.239
Figari;41.48;9.09;30/05/2026;02:00;21.5;69;15.6;22.4;0;0.0;0.0;0.0;0.0;0.0;0;P1;Ensoleillé;1020.1;1017.5;0;0;0;0;38600.0;0.03;0.79;7.0;24.1;35;19.6;21.7;23.4;21.3;0.035;0.064;0.097;0.15;0.239
Figari;41.48;9.09;30/05/2026;03:00;21.2;65;14.4;21.7;0;0.0;0.0;0.0;0.0;0.0;1;P2;Éclaircies;1019.8;1017.2;6;0;0;6;40000.0;0.03;0.88;6.8;22.0;32;19.1;21.3;23.1;21.3;0.035;0.064;0.097;0.15;0.239
Figari;41.48;9.09;30/05/2026;04:00;20.9;65;14.1;21.2;0;0.0;0.0;0.0;0.0;0.0;0;P1;Ensoleillé;1019.5;1016.9;0;0;0;0;41000.0;0.03;0.86;6.8;20.9;25;19.0;21.0;22.8;21.3;0.035;0.064;0.097;0.15;0.239
Figari;41.48;9.09;30/05/2026;05:00;20.6;68;14.5;21.1;0;0.0;0.0;0.0;0.0;0.0;0;P1;Ensoleillé;1019.4;1016.8;0;0;0;0;40640.0;0.03;0.78;6.8;18.7;25;18.8;20.7;22.5;21.3;0.036;0.064;0.097;0.15;0.239
Figari;41.48;9.09;30/05/2026;06:00;20.5;70;14.8;21.1;0;0.0;0.0;0.0;0.0;0.0;0;P1;Ensoleillé;1019.7;1017.1;1;0;0;1;40560.0;0.02;0.72;6.9;18.0;28;18.8;20.4;22.3;21.3;0.036;0.064;0.097;0.15;0.239
Figari;41.48;9.09;30/05/2026;07:00;21.3;72;16.1;22.5;0;0.0;0.0;0.0;0.0;0.0;0;P1;Ensoleillé;1020.0;1017.4;6;0;0;6;38500.0;0.04;0.71;6.5;19.4;34;20.1;20.4;22.0;21.3;0.036;0.064;0.097;0.15;0.239
Figari;41.48;9.09;30/05/2026;08:00;23.7;70;17.9;25.7;0;0.0;0.0;0.0;0.0;0.0;0;P1;Ensoleillé;1020.1;1017.5;0;0;0;0;38140.0;0.07;0.88;5.7;18.0;72;23.6;21.4;21.9;21.3;0.036;0.064;0.097;0.15;0.239
Figari;41.48;9.09;30/05/2026;09:00;25.0;63;17.5;26.6;0;0.0;0.0;0.0;0.0;0.0;0;P1;Ensoleillé;1020.3;1017.7;0;0;0;0;39440.0;0.13;1.17;7.6;21.2;93;25.6;23.0;21.9;21.3;0.036;0.064;0.097;0.15;0.239
Figari;41.48;9.09;30/05/2026;10:00;26.4;59;17.7;27.8;0;0.0;0.0;0.0;0.0;0.0;0;P1;Ensoleillé;1020.1;1017.5;0;0;0;0;39840.0;0.18;1.41;9.3;24.5;103;27.5;24.4;22.1;21.3;0.036;0.064;0.097;0.149;0.239
Figari;41.48;9.09;30/05/2026;11:00;27.7;52;17.0;29.7;0;0.0;0.0;0.0;0.0;0.0;0;P1;Ensoleillé;1020.1;1017.6;1;1;0;0;40800.0;0.22;1.79;9.8;25.2;114;30.0;26.0;22.4;21.3;0.035;0.064;0.097;0.149;0.238
Figari;41.48;9.09;30/05/2026;12:00;28.8;47;16.4;30.8;0;0.0;0.0;0.0;0.0;0.0;0;P1;Ensoleillé;1020.0;1017.5;3;3;0;0;41380.0;0.23;2.1;11.8;27.7;121;30.8;27.5;22.8;21.3;0.035;0.064;0.097;0.148;0.238
Figari;41.48;9.09;30/05/2026;13:00;29.4;45;16.3;31.6;3;0.0;0.0;0.0;0.0;0.0;0;P1;Ensoleillé;1019.7;1017.2;15;7;12;0;41580.0;0.22;2.26;11.8;29.5;128;31.7;28.5;23.3;21.3;0.035;0.064;0.097;0.148;0.238
Figari;41.48;9.09;30/05/2026;14:00;29.7;44;16.2;32.4;0;0.0;0.0;0.0;0.0;0.0;0;P1;Ensoleillé;1019.2;1016.7;22;14;17;0;41740.0;0.21;2.34;9.4;28.8;133;32.0;29.3;23.8;21.3;0.034;0.064;0.097;0.147;0.237
Figari;41.48;9.09;30/05/2026;15:00;29.6;44;16.1;32.4;1;0.0;0.0;0.0;0.0;0.0;1;P2;Éclaircies;1018.6;1016.1;23;19;10;0;41800.0;0.19;2.33;7.7;25.6;169;32.1;30.0;24.3;21.3;0.034;0.064;0.097;0.147;0.237
Figari;41.48;9.09;30/05/2026;16:00;29.2;46;16.4;31.3;2;0.0;0.0;0.0;0.0;0.0;1;P2;Éclaircies;1018.2;1015.7;28;23;0;9;41500.0;0.18;2.19;9.8;22.3;197;31.4;30.2;24.8;21.4;0.034;0.064;0.097;0.146;0.237
Figari;41.48;9.09;30/05/2026;17:00;28.7;51;17.6;30.5;3;0.0;0.0;0.0;0.0;0.0;1;P2;Éclaircies;1017.9;1015.4;20;10;0;12;40820.0;0.15;1.93;9.1;25.6;214;30.0;29.6;25.2;21.4;0.034;0.064;0.097;0.146;0.236
Figari;41.48;9.09;30/05/2026;18:00;28.3;50;16.9;29.6;3;0.0;0.0;0.0;0.0;0.0;0;P1;Ensoleillé;1017.7;1015.2;22;0;0;22;41180.0;0.12;1.92;7.9;21.6;227;29.1;29.2;25.5;21.4;0.034;0.064;0.097;0.145;0.236
Figari;41.48;9.09;30/05/2026;19:00;27.3;50;16.0;28.4;3;0.0;0.0;0.0;0.0;0.0;0;P1;Ensoleillé;1017.4;1014.9;16;0;0;16;41260.0;0.08;1.82;6.5;19.1;214;27.2;28.4;25.7;21.5;0.034;0.064;0.097;0.145;0.236
Figari;41.48;9.09;30/05/2026;20:00;25.6;58;16.8;27.3;3;0.0;0.0;0.0;0.0;0.0;0;P1;Ensoleillé;1017.4;1014.8;16;0;0;16;39720.0;0.05;1.38;5.2;16.2;192;24.7;27.2;25.7;21.5;0.034;0.064;0.097;0.145;0.236
Figari;41.48;9.09;30/05/2026;21:00;23.5;72;18.1;26.0;2;0.0;0.0;0.0;0.0;0.0;0;P1;Ensoleillé;1017.5;1014.9;15;0;0;15;36440.0;0.02;0.81;3.1;12.6;234;21.6;25.5;25.6;21.5;0.034;0.064;0.097;0.145;0.236
Figari;41.48;9.09;30/05/2026;22:00;22.5;74;17.7;24.9;1;0.0;0.0;0.0;0.0;0.0;3;P4;Nuageux;1017.8;1015.2;83;0;0;83;33980.0;0.01;0.71;2.5;10.1;278;21.2;24.1;25.4;21.6;0.034;0.064;0.097;0.145;0.236
Figari;41.48;9.09;30/05/2026;23:00;21.5;76;17.1;23.4;0;0.0;0.0;0.0;0.0;0.0;3;P4;Nuageux;1017.8;1015.2;89;0;0;89;31720.0;0.01;0.62;4.6;14.0;309;21.6;23.5;25.0;21.6;0.034;0.064;0.097;0.145;0.236
Figari;41.48;9.09;31/05/2026;00:00;21.5;75;16.9;23.1;0;0.0;0.0;0.0;0.0;0.0;3;P4;Nuageux;1017.9;1015.3;100;0;0;100;33380.0;0.01;0.64;5.4;14.0;290;21.3;23.1;24.7;21.6;0.034;0.064;0.097;0.145;0.236
Figari;41.48;9.09;31/05/2026;01:00;21.6;76;17.2;23.2;0;0.0;0.0;0.0;0.0;0.0;3;P4;Nuageux;1017.8;1015.2;100;0;0;100;33580.0;0.01;0.62;6.2;15.1;291;21.5;22.8;24.4;21.6;0.035;0.064;0.097;0.145;0.236
Figari;41.48;9.09;31/05/2026;02:00;21.7;74;16.8;23.1;0;0.0;0.0;0.0;0.0;0.0;2;P8;Éclaircies;1017.5;1014.9;67;0;0;67;35240.0;0.01;0.67;6.6;16.6;283;21.4;22.8;24.1;21.6;0.035;0.064;0.097;0.145;0.236
Figari;41.48;9.09;31/05/2026;03:00;21.6;72;16.3;22.7;0;0.0;0.0;0.0;0.0;0.0;1;P2;Éclaircies;1017.1;1014.5;22;0;0;22;36780.0;0.01;0.72;7.4;18.0;284;21.3;22.6;23.9;21.6;0.035;0.064;0.097;0.145;0.236
Figari;41.48;9.09;31/05/2026;04:00;21.5;70;15.8;22.3;0;0.0;0.0;0.0;0.0;0.0;2;P8;Éclaircies;1016.8;1014.2;50;0;16;40;37920.0;0.01;0.77;8.2;19.8;285;21.4;22.5;23.6;21.7;0.035;0.064;0.097;0.145;0.236
Figari;41.48;9.09;31/05/2026;05:00;21.5;68;15.4;22.1;0;0.0;0.0;0.0;0.0;0.0;1;P2;Éclaircies;1016.6;1014.0;19;0;16;3;38360.0;0.02;0.82;8.3;20.2;288;21.4;22.4;23.4;21.7;0.035;0.063;0.097;0.145;0.236
Figari;41.48;9.09;31/05/2026;06:00;21.4;69;15.5;22.0;0;0.0;0.0;0.0;0.0;0.0;1;P2;Éclaircies;1016.5;1013.9;55;0;54;8;37560.0;0.02;0.79;8.3;20.2;288;21.4;22.4;23.3;21.7;0.035;0.063;0.097;0.145;0.236
Figari;41.48;9.09;31/05/2026;07:00;22.0;71;16.5;23.2;0;0.0;0.0;0.0;0.0;0.0;2;P8;Éclaircies;1016.7;1014.1;75;0;51;54;37280.0;0.03;0.77;7.4;19.8;284;21.9;22.4;23.1;21.7;0.035;0.063;0.097;0.145;0.236
Figari;41.48;9.09;31/05/2026;08:00;23.7;66;17.0;25.0;0;0.0;0.0;0.0;0.0;0.0;1;P2;Éclaircies;1017.1;1014.5;25;0;0;25;38960.0;0.06;1.0;7.6;19.1;265;24.1;23.0;23.0;21.7;0.035;0.063;0.097;0.145;0.236
Figari;41.48;9.09;31/05/2026;09:00;24.5;71;18.9;26.6;0;0.0;0.0;0.0;0.0;0.0;2;P8;Éclaircies;1017.5;1014.9;50;3;0;48;36560.0;0.12;0.89;8.3;19.4;252;25.5;23.8;23.0;21.7;0.035;0.063;0.097;0.145;0.235
Figari;41.48;9.09;31/05/2026;10:00;25.4;67;18.9;27.2;0;0.0;0.0;0.0;0.0;0.0;0;P1;Ensoleillé;1017.5;1014.9;18;12;2;6;36600.0;0.17;1.07;10.4;24.8;250;27.0;24.9;23.1;21.7;0.035;0.063;0.097;0.144;0.235
Figari;41.48;9.09;31/05/2026;11:00;26.3;65;19.2;28.7;0;0.0;0.0;0.0;0.0;0.0;0;P1;Ensoleillé;1017.7;1015.1;15;13;0;2;36320.0;0.19;1.2;13.2;32.0;248;28.3;25.9;23.3;21.7;0.035;0.063;0.097;0.144;0.235
Figari;41.48;9.09;31/05/2026;12:00;26.9;63;19.2;29.2;0;0.0;0.0;0.0;0.0;0.0;0;P1;Ensoleillé;1017.7;1015.2;5;5;0;0;37300.0;0.19;1.31;17.5;40.7;251;28.8;26.7;23.5;21.7;0.035;0.063;0.097;0.143;0.234
Figari;41.48;9.09;31/05/2026;13:00;27.6;60;19.1;30.3;0;0.0;0.0;0.0;0.0;0.0;0;P1;Ensoleillé;1017.6;1015.1;1;1;0;0;38000.0;0.18;1.48;17.1;41.8;252;29.8;27.4;23.8;21.7;0.035;0.063;0.097;0.143;0.234
Figari;41.48;9.09;31/05/2026;14:00;27.8;56;18.3;30.2;0;0.0;0.0;0.0;0.0;0.0;0;P1;Ensoleillé;1017.1;1014.6;0;0;0;0;38780.0;0.18;1.65;17.5;41.4;251;30.0;28.0;24.1;21.7;0.034;0.063;0.097;0.142;0.234
Figari;41.48;9.09;31/05/2026;15:00;27.7;58;18.7;30.4;0;0.0;0.0;0.0;0.0;0.0;3;P4;Nuageux;1016.6;1014.1;50;11;0;39;37920.0;0.16;1.56;15.6;41.4;251;30.1;28.5;24.5;21.7;0.034;0.063;0.097;0.142;0.233
Figari;41.48;9.09;31/05/2026;16:00;27.4;59;18.7;29.7;0;0.0;0.0;0.0;0.0;0.0;3;P4;Nuageux;1016.1;1013.6;65;8;0;58;37800.0;0.14;1.5;15.1;37.4;252;28.8;28.5;24.8;21.7;0.034;0.063;0.097;0.141;0.233
Figari;41.48;9.09;31/05/2026;17:00;26.9;59;18.2;28.3;0;0.0;0.0;0.0;0.0;0.0;3;P4;Nuageux;1015.7;1013.2;54;10;0;44;37680.0;0.12;1.46;14.8;36.0;256;28.4;28.2;25.0;21.7;0.034;0.063;0.097;0.141;0.233
Figari;41.48;9.09;31/05/2026;18:00;26.5;59;17.9;27.4;0;0.0;0.0;0.0;0.0;0.0;2;P8;Éclaircies;1015.5;1013.0;24;0;0;24;38300.0;0.1;1.42;13.8;36.7;255;27.0;27.7;25.2;21.8;0.034;0.063;0.097;0.141;0.233
Figari;41.48;9.09;31/05/2026;19:00;25.8;60;17.5;26.5;0;0.0;0.0;0.0;0.0;0.0;0;P1;Ensoleillé;1015.5;1013.0;1;0;0;1;38400.0;0.07;1.33;13.5;34.9;261;25.7;26.9;25.3;21.8;0.034;0.063;0.097;0.141;0.233
Figari;41.48;9.09;31/05/2026;20:00;24.7;60;16.4;25.0;0;0.0;0.0;0.0;0.0;0.0;0;P1;Ensoleillé;1015.8;1013.2;0;0;0;0;38940.0;0.04;1.25;13.3;34.9;267;23.8;25.9;25.3;21.8;0.034;0.063;0.097;0.141;0.233
Figari;41.48;9.09;31/05/2026;21:00;23.8;63;16.3;24.0;0;0.0;0.0;0.0;0.0;0.0;1;P2;Éclaircies;1016.0;1013.4;9;4;0;6;38580.0;0.03;1.09;13.3;33.5;270;23.1;25.1;25.1;21.8;0.034;0.063;0.097;0.141;0.233
Figari;41.48;9.09;31/05/2026;22:00;22.7;66;16.1;22.9;0;0.0;0.0;0.0;0.0;0.0;1;P2;Éclaircies;1016.2;1013.6;17;7;0;11;38240.0;0.02;0.94;13.3;32.0;272;22.8;24.4;24.9;21.9;0.034;0.063;0.097;0.14;0.233
Figari;41.48;9.09;31/05/2026;23:00;22.0;71;16.5;22.3;0;0.0;0.0;0.0;0.0;0.0;1;P2;Éclaircies;1016.3;1013.7;26;11;0;17;37880.0;0.02;0.77;13.3;31.3;273;22.6;23.8;24.7;21.9;0.034;0.063;0.097;0.14;0.233
Figari;41.48;9.09;01/06/2026;00:00;21.7;77;17.5;22.4;0;0.0;0.0;0.0;0.0;0.0;0;P1;Ensoleillé;1016.2;1013.6;34;24;0;12;34200.0;0.02;0.6;13.7;32.4;275;22.3;23.4;24.5;21.9;0.034;0.063;0.097;0.14;0.233
Figari;41.48;9.09;01/06/2026;01:00;21.6;84;18.8;22.9;0;0.0;0.0;0.0;0.0;0.0;0;P1;Ensoleillé;1016.0;1013.4;41;36;0;7;30520.0;0.01;0.41;14.2;34.6;277;22.0;23.2;24.2;21.9;0.035;0.063;0.097;0.14;0.232
Figari;41.48;9.09;01/06/2026;02:00;21.6;89;19.7;23.2;0;0.0;0.0;0.0;0.0;0.0;0;P1;Ensoleillé;1015.7;1013.1;49;49;0;2;26840.0;0.01;0.28;14.9;36.7;277;21.8;23.0;24.0;21.9;0.035;0.063;0.097;0.14;0.232
Figari;41.48;9.09;01/06/2026;03:00;21.5;91;20.0;23.1;0;0.0;0.0;0.0;0.0;0.0;1;P2;Éclaircies;1015.3;1012.7;54;54;0;2;23580.0;0.01;0.23;15.5;38.5;275;21.6;22.8;23.8;21.9;0.035;0.063;0.097;0.14;0.232
Figari;41.48;9.09;01/06/2026;04:00;21.4;92;20.1;23.0;1;0.0;0.0;0.0;0.0;0.0;1;P2;Éclaircies;1015.0;1012.4;59;58;0;2;20300.0;-0.0;0.2;16.2;40.0;271;21.4;22.6;23.6;21.9;0.035;0.063;0.097;0.141;0.232
Figari;41.48;9.09;01/06/2026;05:00;21.5;92;20.1;22.9;2;0.0;0.0;0.0;0.0;0.0;1;P2;Éclaircies;1014.7;1012.1;64;63;0;2;17040.0;-0.0;0.2;16.9;41.4;269;21.4;22.5;23.4;21.9;0.035;0.063;0.097;0.141;0.232
Figari;41.48;9.09;01/06/2026;06:00;21.6;92;20.3;23.1;2;0.0;0.0;0.0;0.0;0.0;3;P4;Nuageux;1014.7;1012.1;76;62;0;35;18560.0;-0.0;0.21;17.3;42.5;266;21.5;22.4;23.2;21.9;0.035;0.063;0.097;0.141;0.232
Figari;41.48;9.09;01/06/2026;07:00;21.9;91;20.3;23.4;3;0.0;0.0;0.0;0.0;0.0;3;P4;Nuageux;1014.9;1012.3;88;61;0;67;20080.0;0.01;0.24;17.4;43.2;264;21.7;22.4;23.1;21.9;0.035;0.063;0.097;0.14;0.232
Figari;41.48;9.09;01/06/2026;08:00;22.3;89;20.4;23.8;3;0.0;0.0;0.0;0.0;0.0;3;P4;Nuageux;1015.0;1012.4;100;60;0;100;21600.0;0.02;0.3;17.5;44.3;262;22.2;22.5;23.0;21.9;0.035;0.063;0.097;0.14;0.232
Figari;41.48;9.09;01/06/2026;09:00;22.9;87;20.6;24.4;3;0.0;0.0;0.0;0.0;0.0;2;P8;Éclaircies;1015.1;1012.5;86;60;0;69;23660.0;0.04;0.36;18.0;46.4;258;23.1;22.8;22.9;21.9;0.035;0.063;0.097;0.14;0.232
Figari;41.48;9.09;01/06/2026;10:00;23.6;83;20.5;25.1;2;0.0;0.0;0.0;0.0;0.0;2;P8;Éclaircies;1015.2;1012.6;73;60;0;38;25720.0;0.07;0.49;18.2;49.0;256;24.4;23.4;22.9;21.9;0.036;0.063;0.097;0.14;0.232
Figari;41.48;9.09;01/06/2026;11:00;24.3;80;20.7;25.8;2;0.0;0.0;0.0;0.0;0.0;2;P8;Éclaircies;1015.2;1012.6;59;60;0;7;27780.0;0.1;0.61;19.0;51.1;255;25.5;24.0;22.9;21.9;0.036;0.063;0.097;0.14;0.232
Figari;41.48;9.09;01/06/2026;12:00;25.1;76;20.6;26.5;1;0.0;0.0;0.0;0.0;0.0;1;P2;Éclaircies;1015.0;1012.4;50;50;1;5;30360.0;0.12;0.77;20.1;52.6;255;26.7;24.9;23.1;21.9;0.036;0.063;0.097;0.139;0.232
Figari;41.48;9.09;01/06/2026;13:00;25.9;72;20.5;27.7;0;0.0;0.0;0.0;0.0;0.0;1;P2;Éclaircies;1014.7;1012.2;41;40;1;2;32920.0;0.15;0.93;21.0;53.6;257;27.8;25.9;23.3;21.9;0.035;0.063;0.097;0.139;0.231
Figari;41.48;9.09;01/06/2026;14:00;26.4;68;20.0;28.2;0;0.0;0.0;0.0;0.0;0.0;1;P2;Éclaircies;1014.4;1011.9;32;30;2;0;35500.0;0.16;1.1;22.0;54.4;260;28.3;26.7;23.5;21.9;0.035;0.063;0.097;0.138;0.231
Figari;41.48;9.09;01/06/2026;15:00;26.4;65;19.3;28.0;0;0.0;0.0;0.0;0.0;0.0;1;P2;Éclaircies;1014.1;1011.6;34;25;1;8;36660.0;0.16;1.21;22.2;54.7;262;28.1;27.0;23.8;21.9;0.035;0.063;0.097;0.138;0.231
Figari;41.48;9.09;01/06/2026;16:00;26.2;62;18.4;27.2;0;0.0;0.0;0.0;0.0;0.0;1;P2;Éclaircies;1013.8;1011.3;37;21;1;16;37800.0;0.16;1.29;22.0;54.7;265;27.4;27.0;24.1;21.9;0.035;0.063;0.097;0.137;0.23
Figari;41.48;9.09;01/06/2026;17:00;25.8;60;17.5;25.9;0;0.0;0.0;0.0;0.0;0.0;1;P2;Éclaircies;1013.6;1011.1;39;16;0;24;38960.0;0.15;1.33;22.0;54.4;268;26.4;26.7;24.3;21.9;0.035;0.063;0.097;0.137;0.23
Figari;41.48;9.09;01/06/2026;18:00;25.2;60;16.9;24.5;0;0.0;0.0;0.0;0.0;0.0;0;P1;Ensoleillé;1013.5;1011.0;26;11;0;16;39060.0;0.13;1.28;21.6;54.0;272;25.2;26.2;24.4;21.9;0.035;0.063;0.097;0.137;0.23
Figari;41.48;9.09;01/06/2026;19:00;24.3;62;16.6;23.6;0;0.0;0.0;0.0;0.0;0.0;0;P1;Ensoleillé;1013.5;1010.9;13;5;0;8;39180.0;0.11;1.16;20.7;53.3;277;23.9;25.3;24.4;21.9;0.034;0.063;0.097;0.136;0.23
Figari;41.48;9.09;01/06/2026;20:00;23.6;63;16.1;22.8;0;0.0;0.0;0.0;0.0;0.0;0;P1;Ensoleillé;1013.6;1011.0;0;0;0;0;39280.0;0.09;1.08;20.1;51.8;280;22.8;24.6;24.4;21.9;0.034;0.063;0.097;0.136;0.23
Figari;41.48;9.09;01/06/2026;21:00;23.0;63;15.6;22.1;0;0.0;0.0;0.0;0.0;0.0;3;P4;Nuageux;1013.8;1011.2;32;0;0;32;39500.0;0.07;1.04;19.4;49.3;281;22.2;24.1;24.3;21.9;0.034;0.063;0.097;0.136;0.23
Figari;41.48;9.09;01/06/2026;22:00;22.6;62;14.9;21.6;0;0.0;0.0;0.0;0.0;0.0;3;P4;Nuageux;1014.0;1011.4;65;0;0;65;39720.0;0.05;1.04;18.2;46.4;279;21.9;23.7;24.1;22.0;0.035;0.063;0.097;0.136;0.229
Figari;41.48;9.09;01/06/2026;23:00;22.2;61;14.4;21.1;0;0.0;0.0;0.0;0.0;0.0;3;P4;Nuageux;1014.1;1011.5;97;0;0;97;39940.0;0.03;1.05;17.5;44.3;278;21.7;23.3;23.9;22.0;0.035;0.063;0.097;0.136;0.229
Figari;41.48;9.09;02/06/2026;00:00;22.0;60;13.9;20.8;0;0.0;0.0;0.0;0.0;0.0;3;P4;Nuageux;1014.1;1011.5;98;1;0;98;39840.0;0.03;1.06;17.1;43.6;278;21.6;23.2;23.8;22.0;0.035;0.063;0.097;0.136;0.229
Figari;41.48;9.09;02/06/2026;01:00;22.0;59;13.6;20.6;0;0.0;0.0;0.0;0.0;0.0;3;P4;Nuageux;1013.9;1011.3;99;2;0;99;39740.0;0.03;1.08;17.5;43.9;279;21.6;23.1;23.7;22.0;0.035;0.063;0.097;0.136;0.229
Figari;41.48;9.09;02/06/2026;02:00;21.9;59;13.5;20.5;0;0.0;0.0;0.0;0.0;0.0;3;P4;Nuageux;1013.8;1011.2;100;3;0;100;39640.0;0.03;1.08;17.2;43.2;281;21.7;23.1;23.6;22.0;0.035;0.063;0.097;0.136;0.229
Figari;41.48;9.09;02/06/2026;03:00;21.7;60;13.6;20.5;0;0.0;0.0;0.0;0.0;0.0;1;P2;Éclaircies;1013.6;1011.0;82;5;0;80;39660.0;0.03;1.04;16.5;41.0;281;21.6;22.9;23.5;22.0;0.035;0.063;0.097;0.136;0.229
Figari;41.48;9.09;02/06/2026;04:00;21.6;62;14.0;20.6;0;0.0;0.0;0.0;0.0;0.0;1;P2;Éclaircies;1013.4;1010.8;63;8;0;59;39680.0;0.02;0.98;15.5;38.5;282;21.6;22.8;23.4;22.0;0.035;0.063;0.097;0.136;0.229
Figari;41.48;9.09;02/06/2026;05:00;21.6;65;14.7;21.1;0;0.0;0.0;0.0;0.0;0.0;1;P2;Éclaircies;1013.3;1010.7;45;10;0;39;39700.0;0.02;0.9;14.3;36.0;282;21.6;22.7;23.4;22.0;0.035;0.063;0.097;0.136;0.229
Figari;41.48;9.09;02/06/2026;06:00;21.7;70;16.0;21.8;0;0.0;0.0;0.0;0.0;0.0;3;P4;Nuageux;1013.3;1010.7;63;11;2;58;37940.0;0.02;0.78;13.5;33.8;279;21.6;22.7;23.3;22.0;0.035;0.063;0.097;0.136;0.229
Figari;41.48;9.09;02/06/2026;07:00;22.1;75;17.4;22.9;0;0.0;0.0;0.0;0.0;0.0;3;P4;Nuageux;1013.5;1010.9;81;11;3;78;36180.0;0.03;0.66;13.0;31.7;275;21.7;22.7;23.2;22.0;0.035;0.063;0.097;0.136;0.229
Figari;41.48;9.09;02/06/2026;08:00;22.6;78;18.6;23.9;0;0.0;0.0;0.0;0.0;0.0;3;P4;Nuageux;1013.6;1011.0;99;12;5;97;34420.0;0.04;0.6;13.0;31.3;270;22.2;23.0;23.1;22.0;0.035;0.063;0.097;0.136;0.229
Figari;41.48;9.09;02/06/2026;09:00;23.4;75;18.8;24.6;0;0.0;0.0;0.0;0.0;0.0;1;P2;Éclaircies;1013.7;1011.1;90;19;3;85;35560.0;0.07;0.72;14.1;33.1;266;23.6;23.5;23.1;22.0;0.035;0.063;0.097;0.136;0.229
Figari;41.48;9.09;02/06/2026;10:00;24.4;70;18.6;25.2;0;0.0;0.0;0.0;0.0;0.0;1;P2;Éclaircies;1013.7;1011.1;81;27;2;73;36680.0;0.12;0.92;16.3;36.7;262;25.5;24.1;23.1;22.0;0.035;0.063;0.097;0.135;0.228
Figari;41.48;9.09;02/06/2026;11:00;25.3;66;18.5;25.8;0;0.0;0.0;0.0;0.0;0.0;1;P2;Éclaircies;1013.7;1011.2;72;34;0;61;37820.0;0.15;1.1;17.9;39.6;261;26.9;24.8;23.1;22.0;0.035;0.063;0.097;0.135;0.228
Figari;41.48;9.09;02/06/2026;12:00;26.1;63;18.6;27.2;0;0.0;0.0;0.0;0.0;0.0;0;P1;Ensoleillé;1013.5;1011.0;59;24;1;47;37775.0;0.16;1.25;19.1;44.3;258;28.2;25.5;23.1;21.8;0.036;0.066;0.1;0.149;0.235
Figari;41.48;9.09;02/06/2026;13:00;27.0;60;18.4;28.3;0;0.0;0.0;0.0;0.0;0.0;0;P1;Ensoleillé;1013.3;1010.8;38;16;0;26;38330.0;0.17;1.45;20.3;48.6;257;29.3;26.3;23.3;21.6;0.037;0.068;0.103;0.162;0.241
Figari;41.48;9.09;02/06/2026;14:00;27.7;56;18.1;29.1;0;0.0;0.0;0.0;0.0;0.0;0;P1;Ensoleillé;1013.0;1010.5;10;10;0;0;39470.0;0.17;1.65;21.5;52.6;257;30.1;26.7;23.3;21.5;0.038;0.071;0.105;0.175;0.247
Figari;41.48;9.09;02/06/2026;15:00;27.8;54;17.7;28.7;0;0.0;0.0;0.0;0.0;0.0;3;P4;Nuageux;1012.6;1010.1;34;4;27;20;40360.0;0.0;1.72;21.6;54.7;259;29.9;26.6;23.4;21.3;0.039;0.074;0.108;0.188;0.253
Figari;41.48;9.09;02/06/2026;16:00;27.0;58;18.1;27.7;1;0.0;0.0;0.0;0.0;0.0;3;P4;Nuageux;1012.2;1009.7;63;2;54;40;40360.0;0.0;1.5;21.1;53.3;261;28.4;26.3;23.7;21.3;0.038;0.074;0.107;0.187;0.252
Figari;41.48;9.09;02/06/2026;17:00;26.2;61;18.1;26.2;2;0.0;0.0;0.0;0.0;0.0;3;P4;Nuageux;1011.9;1009.4;91;0;81;60;40380.0;0.0;1.32;20.3;52.6;263;27.0;26.0;23.9;21.3;0.038;0.074;0.107;0.187;0.252
Figari;41.48;9.09;02/06/2026;18:00;25.4;64;18.1;25.6;3;0.0;0.0;0.0;0.0;0.0;3;P4;Nuageux;1011.6;1009.1;94;3;70;73;34220.0;0.0;1.17;19.2;54.7;265;25.7;25.5;24.0;21.3;0.038;0.074;0.107;0.187;0.252
Figari;41.48;9.09;02/06/2026;19:00;24.6;67;18.1;25.0;3;0.0;0.0;0.0;0.0;0.0;3;P4;Nuageux;1011.4;1008.9;97;5;58;87;28080.0;0.0;1.02;17.7;57.6;266;24.4;25.0;24.0;21.3;0.038;0.074;0.107;0.186;0.252
Figari;41.48;9.09;02/06/2026;20:00;24.0;69;17.9;24.5;4;0.0;0.0;0.0;0.0;0.0;3;P4;Nuageux;1011.2;1008.6;100;8;47;100;21920.0;0.0;0.92;16.2;58.7;267;23.4;24.5;24.0;21.3;0.038;0.074;0.107;0.186;0.252
Figari;41.48;9.09;02/06/2026;21:00;23.5;68;17.3;23.9;5;0.0;0.0;0.0;0.0;0.0;3;P4;Nuageux;1011.2;1008.6;100;5;41;100;22040.0;0.0;0.93;15.1;55.8;269;22.8;24.0;23.9;21.3;0.038;0.074;0.107;0.186;0.252
Figari;41.48;9.09;02/06/2026;22:00;23.3;65;16.3;23.4;6;0.0;0.0;0.0;0.0;0.0;3;P4;Nuageux;1011.3;1008.7;100;3;35;100;22180.0;0.0;1.0;14.0;51.1;269;22.6;23.6;23.7;21.4;0.039;0.074;0.107;0.186;0.252
Figari;41.48;9.09;02/06/2026;23:00;23.0;63;15.6;23.0;7;0.0;0.0;0.0;0.0;0.0;3;P4;Nuageux;1011.3;1008.7;100;0;29;100;22300.0;0.0;1.04;13.3;48.2;268;22.4;23.2;23.6;21.4;0.039;0.074;0.107;0.186;0.252
Figari;41.48;9.09;03/06/2026;00:00;22.9;62;15.2;22.7;7;0.0;0.0;0.0;0.0;0.0;3;P4;Nuageux;1011.1;1008.5;100;0;53;100;28340.0;0.0;1.06;13.3;48.6;268;22.3;23.0;23.4;21.4;0.039;0.074;0.107;0.186;0.252
Figari;41.48;9.09;03/06/2026;01:00;22.8;62;15.1;22.5;8;0.0;0.0;0.0;0.0;0.0;3;P4;Nuageux;1010.8;1008.2;100;0;76;100;34380.0;0.0;1.05;13.7;50.4;267;22.2;22.9;23.3;21.4;0.039;0.074;0.107;0.186;0.252
Figari;41.48;9.09;03/06/2026;02:00;22.6;63;15.2;22.3;8;0.0;0.0;0.0;0.0;0.0;3;P4;Nuageux;1010.5;1007.9;100;0;100;100;40420.0;0.0;1.02;14.4;52.6;267;22.1;22.8;23.2;21.4;0.039;0.074;0.107;0.186;0.252
Figari;41.48;9.09;03/06/2026;03:00;22.3;66;15.7;22.1;8;0.0;0.0;0.0;0.0;0.0;3;P4;Nuageux;1010.3;1007.7;100;7;90;100;27280.0;0.0;0.92;15.1;54.4;267;21.9;22.6;23.0;21.4;0.039;0.074;0.107;0.186;0.252
Figari;41.48;9.09;03/06/2026;04:00;22.0;71;16.5;21.9;8;0.0;0.0;0.0;0.0;0.0;3;P4;Nuageux;1010.0;1007.4;100;14;81;100;14120.0;0.0;0.77;15.8;56.5;269;21.6;22.4;22.9;21.4;0.039;0.074;0.108;0.186;0.251
Figari;41.48;9.09;03/06/2026;05:00;21.8;73;16.7;21.7;8;0.0;0.0;0.0;0.0;0.0;3;P4;Nuageux;1009.9;1007.3;100;21;71;100;980.0;0.0;0.7;16.6;58.0;269;21.5;22.3;22.8;21.4;0.039;0.074;0.108;0.186;0.251
Figari;41.48;9.09;03/06/2026;06:00;21.8;71;16.3;21.6;7;0.0;0.0;0.0;0.0;0.0;1;P2;Éclaircies;1009.9;1007.3;77;18;56;67;11160.0;0.0;0.76;16.6;58.0;269;21.6;22.1;22.6;21.4;0.039;0.074;0.108;0.186;0.251
Figari;41.48;9.09;03/06/2026;07:00;22.0;68;15.8;21.6;7;0.0;0.0;0.0;0.0;0.0;1;P2;Éclaircies;1010.0;1007.4;54;16;42;33;21320.0;0.0;0.85;16.2;56.9;270;21.9;22.0;22.5;21.4;0.039;0.073;0.107;0.186;0.251
Figari;41.48;9.09;03/06/2026;08:00;22.3;64;15.2;21.7;6;0.0;0.0;0.0;0.0;0.0;1;P2;Éclaircies;1010.2;1007.6;31;13;27;0;31500.0;0.0;0.97;16.6;56.9;271;22.6;22.1;22.4;21.4;0.039;0.073;0.107;0.186;0.251
Figari;41.48;9.09;03/06/2026;09:00;22.9;61;15.0;21.9;6;0.0;0.0;0.0;0.0;0.0;1;P2;Éclaircies;1010.5;1007.9;28;16;18;0;34480.0;0.0;1.09;18.8;57.6;273;23.9;22.6;22.4;21.4;0.039;0.073;0.107;0.185;0.251
Figari;41.48;9.09;03/06/2026;10:00;23.7;58;15.0;22.2;5;0.0;0.0;0.0;0.0;0.0;1;P2;Éclaircies;1010.8;1008.2;24;18;9;0;37480.0;0.0;1.23;22.0;59.0;275;25.5;23.3;22.4;21.4;0.039;0.073;0.107;0.185;0.25
Figari;41.48;9.09;03/06/2026;11:00;24.3;56;15.0;23.0;4;0.0;0.0;0.0;0.0;0.0;1;P2;Éclaircies;1011.0;1008.4;21;21;0;0;40460.0;0.0;1.34;24.6;61.6;276;26.8;23.9;22.5;21.4;0.039;0.073;0.107;0.184;0.25
Figari;41.48;9.09;03/06/2026;12:00;24.7;55;15.0;23.6;4;0.0;0.0;0.0;0.0;0.0;1;P2;Éclaircies;1011.1;1008.6;22;22;0;0;41540.0;0.0;1.4;26.9;66.6;278;27.5;24.5;22.6;21.4;0.039;0.073;0.107;0.183;0.25
Figari;41.48;9.09;03/06/2026;13:00;24.9;54;15.0;23.8;3;0.0;0.0;0.0;0.0;0.0;1;P2;Éclaircies;1011.1;1008.6;24;24;0;0;42640.0;0.0;1.45;28.9;72.7;280;27.7;24.9;22.8;21.4;0.039;0.073;0.106;0.183;0.249
Figari;41.48;9.09;03/06/2026;14:00;25.0;53;14.7;23.8;3;0.0;0.0;0.0;0.0;0.0;1;P2;Éclaircies;1011.0;1008.5;25;25;0;0;43720.0;0.0;1.49;29.7;77.0;281;27.7;25.2;23.0;21.4;0.039;0.073;0.106;0.182;0.249
Figari;41.48;9.09;03/06/2026;15:00;24.9;52;14.4;23.5;3;0.0;0.0;0.0;0.0;0.0;1;P2;Éclaircies;1010.8;1008.3;20;20;0;0;42760.0;0.0;1.51;29.4;79.6;281;27.3;25.3;23.2;21.4;0.039;0.073;0.106;0.182;0.249
Figari;41.48;9.09;03/06/2026;16:00;24.6;52;14.1;23.1;2;0.0;0.0;0.0;0.0;0.0;1;P2;Éclaircies;1010.6;1008.1;15;15;0;0;41780.0;0.0;1.49;27.8;80.6;280;26.7;25.3;23.4;21.4;0.038;0.073;0.106;0.181;0.249
Figari;41.48;9.09;03/06/2026;17:00;24.2;53;14.0;22.4;2;0.0;0.0;0.0;0.0;0.0;1;P2;Éclaircies;1010.5;1007.9;10;10;0;0;40820.0;0.0;1.42;25.9;78.1;280;25.8;25.0;23.5;21.4;0.038;0.073;0.106;0.181;0.249
Figari;41.48;9.09;03/06/2026;18:00;23.6;55;14.0;21.5;1;0.0;0.0;0.0;0.0;0.0;1;P2;Éclaircies;1010.6;1008.0;13;7;0;6;39860.0;0.0;1.31;23.0;69.5;279;24.5;24.6;23.5;21.4;0.038;0.073;0.106;0.181;0.249
Figari;41.48;9.09;03/06/2026;19:00;22.8;58;14.1;21.3;1;0.0;0.0;0.0;0.0;0.0;1;P2;Éclaircies;1010.9;1008.3;16;3;0;13;38880.0;0.0;1.17;19.6;57.2;277;22.9;24.0;23.5;21.4;0.038;0.073;0.106;0.181;0.248
Figari;41.48;9.09;03/06/2026;20:00;22.1;61;14.2;21.0;1;0.0;0.0;0.0;0.0;0.0;1;P2;Éclaircies;1011.3;1008.7;19;0;0;19;37920.0;0.0;1.04;16.7;47.9;276;21.6;23.4;23.5;21.4;0.038;0.073;0.106;0.181;0.248
Figari;41.48;9.09;03/06/2026;21:00;21.4;63;14.1;20.6;0;0.0;0.0;0.0;0.0;0.0;0;P1;Ensoleillé;1011.8;1009.2;14;0;0;14;37920.0;0.0;0.94;14.4;44.3;274;20.7;22.8;23.3;21.4;0.038;0.073;0.106;0.181;0.248
Figari;41.48;9.09;03/06/2026;22:00;20.8;65;14.0;20.2;0;0.0;0.0;0.0;0.0;0.0;0;P1;Ensoleillé;1012.4;1009.8;9;0;0;9;37920.0;0.0;0.86;12.6;43.2;273;20.0;22.1;23.1;21.4;0.038;0.073;0.106;0.181;0.248
Figari;41.48;9.09;03/06/2026;23:00;20.3;66;13.8;19.9;0;0.0;0.0;0.0;0.0;0.0;0;P1;Ensoleillé;1012.8;1010.2;4;0;0;4;37920.0;0.0;0.81;11.5;43.2;272;19.6;21.6;22.9;21.4;0.038;0.073;0.106;0.181;0.248
Figari;41.48;9.09;04/06/2026;00:00;20.2;67;13.9;19.8;0;0.0;0.0;0.0;0.0;0.0;0;P1;Ensoleillé;1013.0;1010.4;3;0;0;3;37900.0;0.0;0.78;11.5;43.6;274;19.5;21.3;22.7;21.4;0.038;0.073;0.106;0.181;0.248
Figari;41.48;9.09;04/06/2026;01:00;20.3;68;14.2;20.0;0;0.0;0.0;0.0;0.0;0.0;0;P1;Ensoleillé;1013.2;1010.6;1;0;0;1;37900.0;0.0;0.76;12.0;45.0;277;19.7;21.2;22.4;21.4;0.039;0.073;0.106;0.181;0.248
Figari;41.48;9.09;04/06/2026;02:00;20.4;68;14.3;20.0;0;0.0;0.0;0.0;0.0;0.0;0;P1;Ensoleillé;1013.2;1010.6;0;0;0;0;37900.0;0.0;0.77;12.4;45.4;278;19.7;21.0;22.2;21.4;0.039;0.073;0.106;0.181;0.248
Figari;41.48;9.09;04/06/2026;03:00;20.3;69;14.4;20.0;0;0.0;0.0;0.0;0.0;0.0;0;P1;Ensoleillé;1013.1;1010.5;1;0;0;1;37420.0;0.0;0.74;12.1;43.6;280;19.5;20.9;22.0;21.4;0.039;0.073;0.106;0.181;0.248
Figari;41.48;9.09;04/06/2026;04:00;20.1;69;14.2;19.8;1;0.0;0.0;0.0;0.0;0.0;0;P1;Ensoleillé;1012.9;1010.3;1;0;0;1;36920.0;0.0;0.73;11.4;40.7;281;19.1;20.7;21.9;21.4;0.039;0.072;0.106;0.181;0.248
Figari;41.48;9.09;04/06/2026;05:00;20.2;69;14.3;20.0;1;0.0;0.0;0.0;0.0;0.0;0;P1;Ensoleillé;1012.8;1010.2;2;0;0;2;36440.0;0.0;0.73;10.9;38.9;279;19.3;20.7;21.7;21.4;0.039;0.072;0.106;0.181;0.248
Figari;41.48;9.09;04/06/2026;06:00;20.7;68;14.6;20.6;2;0.0;0.0;0.0;0.0;0.0;2;P8;Éclaircies;1012.9;1010.3;21;0;0;21;35960.0;0.0;0.78;10.9;38.2;276;20.1;20.7;21.6;21.4;0.039;0.072;0.106;0.181;0.248
Figari;41.48;9.09;04/06/2026;07:00;21.5;67;15.1;21.6;3;0.0;0.0;0.0;0.0;0.0;2;P8;Éclaircies;1013.2;1010.6;40;0;0;40;35460.0;0.0;0.85;10.8;38.5;268;21.5;20.8;21.4;21.3;0.039;0.072;0.106;0.18;0.248
Figari;41.48;9.09;04/06/2026;08:00;22.4;65;15.5;22.5;4;0.0;0.0;0.0;0.0;0.0;2;P8;Éclaircies;1013.4;1010.8;59;0;0;59;34980.0;0.0;0.95;11.9;39.6;265;22.9;21.1;21.4;21.3;0.039;0.072;0.106;0.18;0.248
Figari;41.48;9.09;04/06/2026;09:00;23.4;62;15.7;23.3;5;0.0;0.0;0.0;0.0;0.0;3;P4;Nuageux;1013.5;1010.9;73;5;0;73;35900.0;0.0;1.1;14.1;42.1;264;24.4;21.9;21.4;21.3;0.039;0.072;0.106;0.18;0.248
Figari;41.48;9.09;04/06/2026;10:00;24.6;59;16.0;24.1;5;0.0;0.0;0.0;0.0;0.0;3;P4;Nuageux;1013.5;1010.9;86;10;0;86;36840.0;0.0;1.27;17.3;45.7;265;26.1;22.9;21.5;21.3;0.039;0.072;0.105;0.179;0.247
Figari;41.48;9.09;04/06/2026;11:00;25.5;56;16.1;25.4;6;0.0;0.0;0.0;0.0;0.0;3;P4;Nuageux;1013.5;1011.0;100;15;0;100;37760.0;0.0;1.44;19.5;49.0;266;27.5;23.9;21.7;21.3;0.039;0.072;0.105;0.179;0.247
Figari;41.48;9.09;04/06/2026;12:00;26.3;54;16.2;26.6;7;0.0;0.0;0.0;0.0;0.0;3;P4;Nuageux;1013.4;1010.9;100;14;0;100;38680.0;0.0;1.57;20.6;51.5;265;28.6;24.7;22.0;21.3;0.039;0.072;0.105;0.178;0.247
Figari;41.48;9.09;04/06/2026;13:00;26.9;52;16.2;27.4;8;0.0;0.0;0.0;0.0;0.0;3;P4;Nuageux;1013.2;1010.7;100;14;0;100;39620.0;0.0;1.7;21.0;53.3;263;29.6;25.4;22.3;21.2;0.038;0.072;0.105;0.178;0.246
Figari;41.48;9.09;04/06/2026;14:00;27.2;51;16.2;27.7;8;0.0;0.0;0.0;0.0;0.0;3;P4;Nuageux;1013.0;1010.5;100;13;0;100;40540.0;0.0;1.77;21.1;54.4;262;30.0;25.9;22.7;21.2;0.038;0.072;0.105;0.177;0.246
Figari;41.48;9.09;04/06/2026;15:00;27.2;51;16.2;27.6;8;0.0;0.0;0.0;0.0;0.0;2;P8;Éclaircies;1012.6;1010.1;86;9;19;67;40560.0;0.0;1.77;20.8;54.4;261;29.6;26.1;23.0;21.2;0.038;0.072;0.105;0.177;0.246
Figari;41.48;9.09;04/06/2026;16:00;26.9;52;16.2;27.0;9;0.0;0.0;0.0;0.0;0.0;2;P8;Éclaircies;1012.2;1009.7;72;4;38;35;40580.0;0.0;1.7;20.5;53.6;260;28.6;26.1;23.3;21.2;0.038;0.072;0.104;0.176;0.245
Figari;41.48;9.09;04/06/2026;17:00;26.4;54;16.4;26.1;9;0.0;0.0;0.0;0.0;0.0;2;P8;Éclaircies;1011.8;1009.3;58;0;57;2;40600.0;0.0;1.59;19.4;52.2;259;27.5;25.9;23.5;21.2;0.038;0.072;0.104;0.176;0.245
Figari;41.48;9.09;04/06/2026;18:00;25.7;56;16.3;25.4;9;0.0;0.0;0.0;0.0;0.0;3;P4;Nuageux;1011.5;1009.0;72;0;67;34;40600.0;0.0;1.46;17.3;50.4;258;26.1;25.5;23.7;21.2;0.038;0.072;0.104;0.176;0.245
Figari;41.48;9.09;04/06/2026;19:00;24.8;58;16.0;24.7;9;0.0;0.0;0.0;0.0;0.0;3;P4;Nuageux;1011.4;1008.9;86;0;77;65;40620.0;0.0;1.32;15.1;48.2;258;24.5;25.0;23.8;21.3;0.038;0.072;0.104;0.175;0.245
Figari;41.48;9.09;04/06/2026;20:00;24.0;60;15.7;24.1;10;0.0;0.0;0.0;0.0;0.0;3;P4;Nuageux;1011.3;1008.7;100;0;87;97;40640.0;0.0;1.19;12.9;45.7;257;23.2;24.4;23.8;21.3;0.038;0.072;0.104;0.175;0.245
Figari;41.48;9.09;04/06/2026;21:00;23.3;62;15.6;23.5;10;0.0;0.0;0.0;0.0;0.0;3;P4;Nuageux;1011.4;1008.8;100;0;79;98;35560.0;0.0;1.09;11.7;42.5;259;22.4;23.9;23.7;21.3;0.038;0.072;0.104;0.175;0.245
Figari;41.48;9.09;04/06/2026;22:00;22.7;64;15.6;23.0;10;0.0;0.0;0.0;0.0;0.0;3;P4;Nuageux;1011.7;1009.1;100;0;72;99;30480.0;0.0;1.0;10.9;39.2;264;22.0;23.3;23.5;21.3;0.039;0.072;0.104;0.175;0.245
Figari;41.48;9.09;04/06/2026;23:00;22.2;67;15.8;22.6;10;0.0;0.0;0.0;0.0;0.0;3;P4;Nuageux;1011.8;1009.2;100;0;64;100;25400.0;0.0;0.89;10.8;38.5;268;21.7;22.9;23.4;21.3;0.039;0.072;0.104;0.175;0.245
Figari;41.48;9.09;05/06/2026;00:00;21.6;73;16.6;22.3;10;0.0;0.0;0.0;0.0;0.0;2;P8;Éclaircies;1010.2;1007.6;82;11;45;64;20320.0;0.0;0.7;11.1;33.3;218;21.2;22.5;23.2;21.3;0.039;0.072;0.104;0.175;0.245
Figari;41.48;9.09;05/06/2026;01:00;20.9;80;17.4;22.0;9;0.0;0.0;0.0;0.0;0.0;2;P8;Éclaircies;1008.4;1005.9;69;15;28;46;15240.0;0.0;0.49;10.7;27.4;161;20.4;22.3;23.0;21.3;0.04;0.072;0.104;0.175;0.245
Figari;41.48;9.09;05/06/2026;02:00;20.3;86;17.8;21.9;8;0.0;0.0;0.0;0.0;0.0;2;P8;Éclaircies;1006.8;1004.2;60;12;13;41;10160.0;0.0;0.35;8.1;18.3;102;19.7;22.1;22.8;21.3;0.04;0.072;0.104;0.175;0.245
Figari;41.48;9.09;05/06/2026;03:00;20.0;87;17.7;22.5;8;0.0;0.0;0.0;0.0;0.0;2;P8;Éclaircies;1005.1;1002.5;53;5;0;49;12340.0;0.0;0.31;2.6;8.3;34;19.3;;;;;;;;
Figari;41.48;9.09;05/06/2026;04:00;20.5;83;17.5;22.9;8;0.0;0.0;0.0;0.0;0.0;2;P8;Éclaircies;1004.8;1002.2;50;12;0;39;14500.0;0.0;0.4;2.0;11.2;260;20.0;;;;;;;;
Figari;41.48;9.09;05/06/2026;05:00;21.1;79;17.2;22.7;8;0.0;0.0;0.0;0.0;0.0;1;P2;Éclaircies;1004.6;1002.0;47;20;0;28;16680.0;0.0;0.53;6.7;13.7;239;21.1;;;;;;;;
Figari;41.48;9.09;05/06/2026;06:00;21.8;74;16.9;22.6;8;0.0;0.0;0.0;0.0;0.0;1;P2;Éclaircies;1004.4;1001.8;43;27;0;17;18860.0;0.0;0.69;11.7;15.1;236;22.4;;;;;;;;
Figari;41.48;9.09;05/06/2026;07:00;22.6;69;16.7;22.6;9;0.0;0.0;0.0;0.0;0.0;1;P2;Éclaircies;1004.2;1001.7;38;32;0;8;21020.0;0.0;0.84;15.9;16.2;237;23.9;;;;;;;;
Figari;41.48;9.09;05/06/2026;08:00;23.1;66;16.5;22.7;10;0.0;0.0;0.0;0.0;0.0;1;P2;Éclaircies;1004.2;1001.7;34;34;0;1;23200.0;0.0;0.95;18.6;16.9;240;25.2;;;;;;;;
Figari;41.48;9.09;05/06/2026;09:00;23.6;65;16.6;23.0;12;0.1;0.0;0.1;0.0;0.0;51;P10;Pluie faible;1004.3;1001.8;29;32;0;0;23900.0;0.0;1.03;19.8;18.0;245;26.9;;;;;;;;
Figari;41.48;9.09;05/06/2026;10:00;24.2;63;16.8;23.6;13;0.1;0.0;0.1;0.0;0.0;51;P10;Pluie faible;1004.6;1002.1;23;27;0;0;24620.0;0.0;1.11;20.5;18.7;253;29.0;;;;;;;;
Figari;41.48;9.09;05/06/2026;11:00;24.8;62;17.1;24.2;15;0.1;0.0;0.1;0.0;0.0;51;P10;Pluie faible;1004.9;1002.4;17;20;0;0;25320.0;0.0;1.18;21.1;19.1;262;31.2;;;;;;;;
Figari;41.48;9.09;05/06/2026;12:00;25.2;61;17.3;25.2;16;0.1;0.0;0.1;0.0;0.0;51;P10;Pluie faible;1005.3;1002.8;11;13;0;0;26020.0;0.0;1.24;21.8;19.1;271;33.2;;;;;;;;
Figari;41.48;9.09;05/06/2026;13:00;25.5;61;17.4;25.7;18;0.1;0.0;0.1;0.0;0.0;51;P10;Pluie faible;1005.7;1003.2;6;6;0;0;26740.0;0.0;1.27;22.6;18.7;279;34.5;;;;;;;;
Figari;41.48;9.09;05/06/2026;14:00;25.4;60;17.2;25.7;18;0.1;0.0;0.1;0.0;0.0;51;P10;Pluie faible;1006.1;1003.6;2;2;0;0;27440.0;0.0;1.29;23.3;18.4;283;34.9;;;;;;;;
Figari;41.48;9.09;05/06/2026;15:00;25.0;60;16.6;25.0;17;0.0;0.0;0.0;0.0;0.0;0;P1;Ensoleillé;1006.5;1004.0;0;0;0;0;29220.0;0.0;1.27;23.4;18.4;286;33.9;;;;;;;;
Figari;41.48;9.09;05/06/2026;16:00;24.2;59;15.7;23.7;16;0.0;0.0;0.0;0.0;0.0;0;P1;Ensoleillé;1006.9;1004.4;0;0;0;0;30980.0;0.0;1.23;22.9;18.7;288;31.9;;;;;;;;
Figari;41.48;9.09;05/06/2026;17:00;23.2;59;14.7;22.1;14;0.0;0.0;0.0;0.0;0.0;0;P1;Ensoleillé;1007.3;1004.7;0;0;0;0;32760.0;0.0;1.16;22.1;18.4;289;29.2;;;;;;;;
Figari;41.48;9.09;05/06/2026;18:00;22.1;59;13.7;20.2;12;0.0;0.0;0.0;0.0;0.0;0;P1;Ensoleillé;1007.7;1005.1;0;0;0;0;34540.0;0.0;1.09;21.0;16.9;291;26.4;;;;;;;;
Figari;41.48;9.09;05/06/2026;19:00;21.1;59;12.9;19.1;10;0.0;0.0;0.0;0.0;0.0;0;P1;Ensoleillé;1008.1;1005.5;0;0;0;0;36300.0;0.0;1.01;20.0;15.5;292;23.8;;;;;;;;
Figari;41.48;9.09;05/06/2026;20:00;20.3;60;12.3;18.3;8;0.0;0.0;0.0;0.0;0.0;0;P1;Ensoleillé;1008.6;1006.0;0;0;0;0;38080.0;0.0;0.95;19.1;15.1;293;21.8;;;;;;;;
Figari;41.48;9.09;05/06/2026;21:00;19.7;62;12.2;17.7;7;0.0;0.0;0.0;0.0;0.0;0;P1;Ensoleillé;1009.1;1006.5;1;1;0;0;35720.0;0.0;0.88;18.5;17.6;294;20.5;;;;;;;;
Figari;41.48;9.09;05/06/2026;22:00;19.2;64;12.3;17.4;7;0.0;0.0;0.0;0.0;0.0;0;P1;Ensoleillé;1009.7;1007.1;2;2;0;0;33360.0;0.0;0.8;17.9;21.6;295;19.4;;;;;;;;
Figari;41.48;9.09;05/06/2026;23:00;18.7;68;12.6;17.0;6;0.0;0.0;0.0;0.0;0.0;0;P1;Ensoleillé;1010.2;1007.6;3;4;0;0;31020.0;0.0;0.7;17.3;24.8;295;18.5;;;;;;;;
Figari;41.48;9.09;06/06/2026;00:00;18.4;71;13.0;16.9;5;0.0;0.0;0.0;0.0;0.0;0;P1;Ensoleillé;1010.8;1008.2;4;5;0;0;28660.0;0.0;0.61;16.7;26.6;296;17.9;;;;;;;;
Figari;41.48;9.09;06/06/2026;01:00;18.2;73;13.3;16.9;5;0.0;0.0;0.0;0.0;0.0;0;P1;Ensoleillé;1011.3;1008.7;6;6;0;0;26300.0;0.0;0.56;16.1;28.1;297;17.5;;;;;;;;
Figari;41.48;9.09;06/06/2026;02:00;18.1;74;13.4;16.9;4;0.0;0.0;0.0;0.0;0.0;0;P1;Ensoleillé;1011.8;1009.2;7;7;0;0;23940.0;0.0;0.54;15.6;29.5;297;17.4;;;;;;;;
Figari;41.48;9.09;06/06/2026;03:00;18.1;73;13.2;16.9;3;0.0;0.0;0.0;0.0;0.0;0;P1;Ensoleillé;1012.2;1009.6;8;7;0;2;26700.0;0.0;0.56;15.2;31.0;299;17.6;;;;;;;;
Figari;41.48;9.09;06/06/2026;04:00;18.3;71;13.0;17.1;2;0.0;0.0;0.0;0.0;0.0;0;P1;Ensoleillé;1012.6;1010.0;9;6;0;4;29460.0;0.0;0.61;14.7;32.4;301;18.1;;;;;;;;
Figari;41.48;9.09;06/06/2026;05:00;18.6;68;12.6;17.4;1;0.0;0.0;0.0;0.0;0.0;0;P1;Ensoleillé;1012.9;1010.3;11;5;0;7;32220.0;0.0;0.69;14.4;33.5;303;18.8;;;;;;;;
Figari;41.48;9.09;06/06/2026;06:00;19.0;65;12.2;17.7;0;0.0;0.0;0.0;0.0;0.0;0;P1;Ensoleillé;1013.2;1010.6;12;3;0;9;34980.0;0.0;0.78;14.0;33.8;305;19.8;;;;;;;;
Figari;41.48;9.09;06/06/2026;07:00;19.6;61;11.9;18.2;0;0.0;0.0;0.0;0.0;0.0;0;P1;Ensoleillé;1013.4;1010.8;12;2;0;11;37740.0;0.0;0.88;13.8;34.2;305;21.1;;;;;;;;
Figari;41.48;9.09;06/06/2026;08:00;20.2;58;11.8;18.8;0;0.0;0.0;0.0;0.0;0.0;0;P1;Ensoleillé;1013.7;1011.1;12;1;0;12;40500.0;0.0;0.98;13.4;34.2;302;22.6;;;;;;;;
Figari;41.48;9.09;06/06/2026;09:00;21.0;55;11.8;19.6;1;0.0;0.0;0.0;0.0;0.0;0;P1;Ensoleillé;1014.0;1011.4;10;1;0;10;37160.0;0.0;1.11;13.4;34.6;296;24.7;;;;;;;;
Figari;41.48;9.09;06/06/2026;10:00;22.2;52;11.8;20.7;2;0.0;0.0;0.0;0.0;0.0;0;P1;Ensoleillé;1014.2;1011.6;5;0;0;6;33820.0;0.0;1.29;14.2;34.6;286;27.6;;;;;;;;
Figari;41.48;9.09;06/06/2026;11:00;23.4;49;12.0;22.3;4;0.0;0.0;0.0;0.0;0.0;0;P1;Ensoleillé;1014.5;1011.9;1;0;0;1;30500.0;0.0;1.47;15.4;34.6;276;30.8;;;;;;;;
Figari;41.48;9.09;06/06/2026;12:00;24.6;46;12.1;24.0;5;0.0;0.0;0.0;0.0;0.0;0;P1;Ensoleillé;1014.7;1012.1;0;0;0;0;27160.0;0.0;1.68;16.7;33.5;268;33.7;;;;;;;;
Figari;41.48;9.09;06/06/2026;13:00;25.5;44;12.3;25.4;7;0.0;0.0;0.0;0.0;0.0;0;P1;Ensoleillé;1014.9;1012.3;0;0;0;0;23820.0;0.0;1.84;17.5;32.0;262;35.9;;;;;;;;
Figari;41.48;9.09;06/06/2026;14:00;26.1;42;12.3;26.3;8;0.0;0.0;0.0;0.0;0.0;0;P1;Ensoleillé;1015.0;1012.5;0;0;0;0;20480.0;0.0;1.94;17.0;31.3;257;36.9;;;;;;;;
Figari;41.48;9.09;06/06/2026;15:00;26.2;42;12.3;26.8;9;0.0;0.0;0.0;0.0;0.0;0;P1;Ensoleillé;1015.0;1012.5;11;0;6;11;24360.0;0.0;1.98;14.7;32.4;253;36.5;;;;;;;;
Figari;41.48;9.09;06/06/2026;16:00;26.0;42;12.2;26.8;9;0.0;0.0;0.0;0.0;0.0;1;P2;Éclaircies;1015.0;1012.5;28;0;15;28;28260.0;0.0;1.94;11.0;34.2;245;34.9;;;;;;;;
Figari;41.48;9.09;06/06/2026;17:00;25.6;43;12.1;26.4;9;0.0;0.0;0.0;0.0;0.0;1;P2;Éclaircies;1015.0;1012.5;48;0;25;48;32140.0;0.0;1.88;6.8;36.0;228;32.6;;;;;;;;
Figari;41.48;9.09;06/06/2026;18:00;25.1;44;12.0;25.3;9;0.0;0.0;0.0;0.0;0.0;2;P8;Éclaircies;1014.9;1012.3;68;0;35;67;36020.0;0.0;1.79;4.1;37.8;182;30.0;;;;;;;;
Figari;41.48;9.09;06/06/2026;19:00;24.5;45;11.9;24.3;8;0.0;0.0;0.0;0.0;0.0;3;P4;Nuageux;1014.8;1012.2;83;0;42;82;39920.0;0.0;1.68;5.6;39.2;130;27.6;;;;;;;;
Figari;41.48;9.09;06/06/2026;20:00;24.0;47;12.0;23.4;8;0.0;0.0;0.0;0.0;0.0;3;P4;Nuageux;1014.7;1012.1;90;0;45;89;43800.0;0.0;1.58;8.1;39.6;111;25.7;;;;;;;;
Figari;41.48;9.09;06/06/2026;21:00;23.4;50;12.2;22.7;8;0.0;0.0;0.0;0.0;0.0;3;P4;Nuageux;1014.6;1012.0;87;0;42;86;42820.0;0.0;1.45;9.7;37.8;101;24.2;;;;;;;;
Figari;41.48;9.09;06/06/2026;22:00;22.6;53;12.6;21.8;7;0.0;0.0;0.0;0.0;0.0;2;P8;Éclaircies;1014.5;1011.9;75;0;34;74;41820.0;0.0;1.28;10.6;34.6;93;22.8;;;;;;;;
Figari;41.48;9.09;06/06/2026;23:00;21.8;57;13.0;21.1;7;0.0;0.0;0.0;0.0;0.0;2;P8;Éclaircies;1014.4;1011.8;59;0;24;59;40840.0;0.0;1.11;11.4;32.0;85;21.5;;;;;;;;
Figari;41.48;9.09;07/06/2026;00:00;21.0;62;13.4;20.4;7;0.0;0.0;0.0;0.0;0.0;1;P2;Éclaircies;1014.3;1011.7;42;0;14;42;39860.0;0.0;0.96;11.8;32.0;77;20.4;;;;;;;;
Figari;41.48;9.09;07/06/2026;01:00;20.4;66;13.8;19.9;6;0.0;0.0;0.0;0.0;0.0;1;P2;Éclaircies;1014.1;1011.5;29;0;5;29;38860.0;0.0;0.83;12.4;33.1;71;19.7;;;;;;;;
Figari;41.48;9.09;07/06/2026;02:00;20.1;68;14.1;19.6;6;0.0;0.0;0.0;0.0;0.0;1;P2;Éclaircies;1014.0;1011.4;23;0;0;23;37880.0;0.0;0.75;13.0;32.0;68;19.3;;;;;;;;
Figari;41.48;9.09;07/06/2026;03:00;20.1;70;14.3;19.5;6;0.0;0.0;0.0;0.0;0.0;1;P2;Éclaircies;1013.9;1011.3;26;0;0;26;37900.0;0.0;0.72;13.5;26.3;67;19.3;;;;;;;;
Figari;41.48;9.09;07/06/2026;04:00;20.3;70;14.6;19.7;5;0.0;0.0;0.0;0.0;0.0;1;P2;Éclaircies;1013.7;1011.1;37;0;2;35;37900.0;0.0;0.72;14.1;18.4;67;19.6;;;;;;;;
Figari;41.48;9.09;07/06/2026;05:00;20.6;69;14.8;20.1;5;0.0;0.0;0.0;0.0;0.0;2;P8;Éclaircies;1013.5;1010.9;50;0;6;48;37920.0;0.0;0.74;14.4;13.0;67;20.1;;;;;;;;
Figari;41.48;9.09;07/06/2026;06:00;21.1;68;14.9;20.6;5;0.0;0.0;0.0;0.0;0.0;2;P8;Éclaircies;1013.4;1010.8;63;0;10;60;37920.0;0.0;0.8;14.4;11.9;68;21.0;;;;;;;;
Figari;41.48;9.09;07/06/2026;07:00;21.7;66;15.1;21.4;4;0.0;0.0;0.0;0.0;0.0;2;P8;Éclaircies;1013.2;1010.6;73;0;14;70;37940.0;0.0;0.88;14.0;13.3;70;22.3;;;;;;;;
Figari;41.48;9.09;07/06/2026;08:00;22.5;63;15.2;22.4;4;0.0;0.0;0.0;0.0;0.0;2;P8;Éclaircies;1012.9;1010.3;76;0;15;72;37940.0;0.0;1.0;13.2;14.0;73;24.0;;;;;;;;
Figari;41.48;9.09;07/06/2026;09:00;23.7;59;15.3;23.8;4;0.0;0.0;0.0;0.0;0.0;2;P8;Éclaircies;1012.6;1010.0;70;0;14;66;39760.0;0.0;1.2;11.9;13.3;80;26.7;;;;;;;;
Figari;41.48;9.09;07/06/2026;10:00;25.4;54;15.3;25.6;4;0.0;0.0;0.0;0.0;0.0;2;P8;Éclaircies;1012.1;1009.6;56;0;12;54;41560.0;0.0;1.5;10.5;11.9;94;30.4;;;;;;;;
Figari;41.48;9.09;07/06/2026;11:00;27.1;48;15.2;27.5;4;0.0;0.0;0.0;0.0;0.0;1;P2;Éclaircies;1011.7;1009.2;39;0;8;39;43380.0;0.0;1.86;9.8;10.4;113;34.6;;;;;;;;
Figari;41.48;9.09;07/06/2026;12:00;28.8;44;15.2;29.9;4;0.0;0.0;0.0;0.0;0.0;1;P2;Éclaircies;1011.2;1008.7;22;0;5;23;45200.0;0.0;2.23;9.7;8.3;132;38.4;;;;;;;;
Figari;41.48;9.09;07/06/2026;13:00;30.0;41;15.2;31.9;4;0.0;0.0;0.0;0.0;0.0;0;P1;Ensoleillé;1010.9;1008.4;8;0;2;9;47000.0;0.0;2.52;10.0;5.8;150;41.2;;;;;;;;
Figari;41.48;9.09;07/06/2026;14:00;30.5;40;15.4;32.8;4;0.0;0.0;0.0;0.0;0.0;0;P1;Ensoleillé;1010.7;1008.2;0;0;0;0;48820.0;0.0;2.61;9.8;5.8;167;42.3;;;;;;;;
Figari;41.48;9.09;07/06/2026;15:00;30.0;42;15.8;32.6;4;0.0;0.0;0.0;0.0;0.0;0;P1;Ensoleillé;1010.7;1008.2;0;4;0;0;43920.0;0.0;2.46;9.1;10.1;190;41.3;;;;;;;;
Figari;41.48;9.09;07/06/2026;16:00;28.9;47;16.4;31.3;4;0.0;0.0;0.0;0.0;0.0;0;P1;Ensoleillé;1010.7;1008.2;5;10;0;0;39020.0;0.0;2.12;9.8;16.6;221;38.6;;;;;;;;
Figari;41.48;9.09;07/06/2026;17:00;27.3;54;17.0;28.8;4;0.0;0.0;0.0;0.0;0.0;0;P1;Ensoleillé;1010.9;1008.4;13;17;0;0;34120.0;0.0;1.68;12.9;20.5;247;34.8;;;;;;;;
Figari;41.48;9.09;07/06/2026;18:00;25.5;62;17.6;25.8;4;0.0;0.0;0.0;0.0;0.0;1;P2;Éclaircies;1011.1;1008.6;21;24;0;0;29220.0;0.0;1.25;17.1;19.4;262;30.8;;;;;;;;
Figari;41.48;9.09;07/06/2026;19:00;23.8;69;17.9;23.6;4;0.0;0.0;0.0;0.0;0.0;1;P2;Éclaircies;1011.4;1008.8;28;29;0;0;24320.0;0.0;0.91;21.2;16.2;271;27.0;;;;;;;;
Figari;41.48;9.09;07/06/2026;20:00;22.5;75;17.8;21.8;4;0.0;0.0;0.0;0.0;0.0;1;P2;Éclaircies;1011.7;1009.1;31;31;0;0;19420.0;0.0;0.7;24.4;13.3;276;24.3;;;;;;;;
Figari;41.48;9.09;07/06/2026;21:00;21.6;76;17.1;20.3;3;0.1;0.0;0.1;0.0;0.0;51;P10;Pluie faible;1012.1;1009.5;29;29;0;0;22500.0;0.0;0.63;26.1;11.9;280;22.4;;;;;;;;
Figari;41.48;9.09;07/06/2026;22:00;20.7;74;15.9;18.9;3;0.1;0.0;0.1;0.0;0.0;51;P10;Pluie faible;1012.6;1010.0;24;24;0;0;25580.0;0.0;0.64;26.6;11.2;285;21.0;;;;;;;;
Figari;41.48;9.09;07/06/2026;23:00;20.0;71;14.5;17.6;2;0.1;0.0;0.1;0.0;0.0;51;P10;Pluie faible;1013.2;1010.6;17;17;0;0;28660.0;0.0;0.69;26.6;10.8;289;19.8;;;;;;;;
Figari;41.48;9.09;08/06/2026;00:00;19.3;67;13.0;16.4;1;0.1;0.0;0.1;0.0;0.0;51;P10;Pluie faible;1013.8;1011.2;10;10;0;0;31740.0;0.0;0.74;26.4;11.5;293;19.0;;;;;;;;
Figari;41.48;9.09;08/06/2026;01:00;18.8;64;11.8;15.5;1;0.1;0.0;0.1;0.0;0.0;51;P10;Pluie faible;1014.3;1011.7;4;4;0;0;34820.0;0.0;0.79;26.3;13.3;297;18.3;;;;;;;;
Figari;41.48;9.09;08/06/2026;02:00;18.4;62;10.9;14.8;0;0.1;0.0;0.1;0.0;0.0;51;P10;Pluie faible;1014.8;1012.2;1;1;0;0;37900.0;0.0;0.81;26.7;14.8;300;17.9;;;;;;;;
Figari;41.48;9.09;08/06/2026;03:00;18.1;62;10.6;14.3;0;0.0;0.0;0.0;0.0;0.0;0;P1;Ensoleillé;1015.2;1012.6;0;0;0;0;34960.0;0.0;0.8;27.3;16.2;300;17.7;;;;;;;;
Figari;41.48;9.09;08/06/2026;04:00;18.0;62;10.5;14.1;0;0.0;0.0;0.0;0.0;0.0;0;P1;Ensoleillé;1015.6;1013.0;0;0;0;0;32020.0;0.0;0.79;27.8;17.6;300;17.8;;;;;;;;
Figari;41.48;9.09;08/06/2026;05:00;17.9;62;10.6;14.0;0;0.0;0.0;0.0;0.0;0.0;0;P1;Ensoleillé;1016.0;1013.4;2;2;0;0;29080.0;0.0;0.77;28.3;19.1;299;18.2;;;;;;;;
Figari;41.48;9.09;08/06/2026;06:00;18.0;63;10.8;14.1;0;0.0;0.0;0.0;0.0;0.0;0;P1;Ensoleillé;1016.3;1013.7;4;4;0;0;26120.0;0.0;0.76;28.7;20.2;297;18.7;;;;;;;;
Figari;41.48;9.09;08/06/2026;07:00;18.2;63;11.0;14.2;0;0.0;0.0;0.0;0.0;0.0;0;P1;Ensoleillé;1016.6;1014.0;7;7;0;0;23180.0;0.0;0.78;29.2;20.9;296;19.5;;;;;;;;
Figari;41.48;9.09;08/06/2026;08:00;18.4;62;11.0;14.3;0;0.0;0.0;0.0;0.0;0.0;0;P1;Ensoleillé;1017.0;1014.4;11;11;0;0;20240.0;0.0;0.8;29.9;22.0;295;20.3;;;;;;;;
Figari;41.48;9.09;08/06/2026;09:00;18.8;60;10.8;14.5;1;0.0;0.0;0.0;0.0;0.0;0;P1;Ensoleillé;1017.4;1014.8;16;16;0;0;24140.0;0.0;0.87;30.8;23.8;293;21.6;;;;;;;;
Figari;41.48;9.09;08/06/2026;10:00;19.4;56;10.5;14.9;1;0.0;0.0;0.0;0.0;0.0;1;P2;Éclaircies;1017.8;1015.2;23;23;0;0;28060.0;0.0;0.98;31.8;25.6;292;23.4;;;;;;;;
Figari;41.48;9.09;08/06/2026;11:00;20.1;53;10.1;15.7;2;0.0;0.0;0.0;0.0;0.0;1;P2;Éclaircies;1018.3;1015.7;30;30;0;0;31960.0;0.0;1.11;33.1;27.7;291;25.4;;;;;;;;
Figari;41.48;9.09;08/06/2026;12:00;20.7;49;9.8;16.6;3;0.0;0.0;0.0;0.0;0.0;1;P2;Éclaircies;1018.7;1016.1;37;37;0;0;35860.0;0.0;1.24;34.0;29.9;289;27.2;;;;;;;;
Figari;41.48;9.09;08/06/2026;13:00;21.2;47;9.5;17.3;3;0.0;0.0;0.0;0.0;0.0;1;P2;Éclaircies;1019.0;1016.4;44;44;0;0;39780.0;0.0;1.33;34.7;32.4;288;28.5;;;;;;;;
Figari;41.48;9.09;08/06/2026;14:00;21.4;46;9.4;17.6;4;0.0;0.0;0.0;0.0;0.0;1;P2;Éclaircies;1019.2;1016.6;48;48;0;0;43680.0;0.0;1.37;34.8;34.2;288;29.0;;;;;;;;
Figari;41.48;9.09;08/06/2026;15:00;21.3;47;9.4;17.4;4;0.0;0.0;0.0;0.0;0.0;2;P8;Éclaircies;1019.3;1016.7;51;51;0;0;42680.0;0.0;1.36;34.3;35.3;288;28.4;;;;;;;;
Figari;41.48;9.09;08/06/2026;16:00;21.0;48;9.6;17.0;5;0.0;0.0;0.0;0.0;0.0;2;P8;Éclaircies;1019.2;1016.6;53;53;0;0;41660.0;0.0;1.29;33.2;36.0;289;27.1;;;;;;;;
Figari;41.48;9.09;08/06/2026;17:00;20.5;50;9.7;16.2;5;0.0;0.0;0.0;0.0;0.0;2;P8;Éclaircies;1019.0;1016.4;54;54;0;0;40660.0;0.0;1.2;31.8;36.4;289;25.3;;;;;;;;
Figari;41.48;9.09;08/06/2026;18:00;19.9;53;10.0;15.5;5;0.0;0.0;0.0;0.0;0.0;2;P8;Éclaircies;1018.9;1016.3;54;54;0;0;39640.0;0.0;1.09;30.3;35.6;290;23.3;;;;;;;;
Figari;41.48;9.09;08/06/2026;19:00;19.3;56;10.3;15.3;4;0.0;0.0;0.0;0.0;0.0;2;P8;Éclaircies;1018.7;1016.1;52;52;0;0;38640.0;0.0;0.99;28.5;34.6;291;21.5;;;;;;;;
Figari;41.48;9.09;08/06/2026;20:00;18.9;59;10.6;15.2;4;0.0;0.0;0.0;0.0;0.0;1;P2;Éclaircies;1018.7;1016.1;49;49;0;0;37620.0;0.0;0.9;26.7;33.5;292;20.1;;;;;;;;
Figari;41.48;9.09;08/06/2026;21:00;18.5;62;11.1;15.2;3;0.0;0.0;0.0;0.0;0.0;1;P2;Éclaircies;1018.8;1016.2;43;43;0;0;37100.0;0.0;0.81;24.7;33.1;292;19.0;;;;;;;;
Figari;41.48;9.09;08/06/2026;22:00;18.0;67;11.7;15.3;3;0.0;0.0;0.0;0.0;0.0;1;P2;Éclaircies;1018.9;1016.3;35;35;0;0;36580.0;0.0;0.69;22.5;32.8;293;18.0;;;;;;;;
Figari;41.48;9.09;08/06/2026;23:00;17.6;71;12.4;15.4;2;0.0;0.0;0.0;0.0;0.0;1;P2;Éclaircies;1019.1;1016.5;26;26;0;0;36060.0;0.0;0.58;20.2;32.0;294;17.2;;;;;;;;
Figari;41.48;9.09;09/06/2026;00:00;17.3;76;13.0;15.6;1;0.0;0.0;0.0;0.0;0.0;0;P1;Ensoleillé;1019.3;1016.7;16;16;0;0;35540.0;0.0;0.48;18.0;30.6;294;16.6;;;;;;;;
Figari;41.48;9.09;09/06/2026;01:00;17.1;79;13.5;15.9;0;0.0;0.0;0.0;0.0;0.0;0;P1;Ensoleillé;1019.5;1016.9;8;8;0;0;35020.0;0.0;0.4;15.9;28.4;295;16.2;;;;;;;;
Figari;41.48;9.09;09/06/2026;02:00;17.0;81;13.7;16.1;0;0.0;0.0;0.0;0.0;0.0;0;P1;Ensoleillé;1019.6;1017.0;2;2;0;0;34500.0;0.0;0.37;14.5;27.0;297;16.2;;;;;;;;
Figari;41.48;9.09;09/06/2026;03:00;17.2;80;13.7;16.4;0;0.0;0.0;0.0;0.0;0.0;0;P1;Ensoleillé;1019.6;1017.0;0;0;0;0;35000.0;0.0;0.39;13.5;25.9;299;16.5;;;;;;;;
Figari;41.48;9.09;09/06/2026;04:00;17.5;77;13.4;16.7;1;0.0;0.0;0.0;0.0;0.0;0;P1;Ensoleillé;1019.6;1017.0;0;0;0;0;35520.0;0.0;0.46;13.0;25.2;301;17.2;;;;;;;;
Figari;41.48;9.09;09/06/2026;05:00;17.9;73;13.1;17.0;1;0.0;0.0;0.0;0.0;0.0;0;P1;Ensoleillé;1019.5;1016.9;0;0;0;0;36020.0;0.0;0.55;12.8;25.2;302;18.1;;;;;;;;
Figari;41.48;9.09;09/06/2026;06:00;18.4;69;12.6;17.4;1;0.0;0.0;0.0;0.0;0.0;0;P1;Ensoleillé;1019.4;1016.8;0;0;0;0;36520.0;0.0;0.66;12.7;27.0;303;19.2;;;;;;;;
Figari;41.48;9.09;09/06/2026;07:00;19.0;65;12.2;17.8;2;0.0;0.0;0.0;0.0;0.0;0;P1;Ensoleillé;1019.3;1016.7;2;2;0;0;37040.0;0.0;0.78;12.9;29.9;303;20.5;;;;;;;;
Figari;41.48;9.09;09/06/2026;08:00;19.6;61;11.8;18.2;2;0.0;0.0;0.0;0.0;0.0;0;P1;Ensoleillé;1019.3;1016.7;2;2;0;0;37540.0;0.0;0.89;13.1;31.7;300;22.0;;;;;;;;
Figari;41.48;9.09;09/06/2026;09:00;20.3;57;11.5;18.8;2;0.0;0.0;0.0;0.0;0.0;0;P1;Ensoleillé;1019.3;1016.7;2;2;0;0;34360.0;0.0;1.02;13.6;31.0;293;23.9;;;;;;;;
Figari;41.48;9.09;09/06/2026;10:00;21.2;53;11.2;19.4;2;0.0;0.0;0.0;0.0;0.0;0;P1;Ensoleillé;1019.4;1016.8;1;1;0;0;31180.0;0.0;1.18;14.9;28.8;283;26.5;;;;;;;;
Figari;41.48;9.09;09/06/2026;11:00;22.2;49;10.9;20.5;2;0.0;0.0;0.0;0.0;0.0;0;P1;Ensoleillé;1019.6;1017.0;1;1;0;0;28000.0;0.0;1.37;17.1;27.4;274;29.2;;;;;;;;
Figari;41.48;9.09;09/06/2026;12:00;23.0;46;10.7;21.6;2;0.0;0.0;0.0;0.0;0.0;0;P1;Ensoleillé;1019.7;1017.1;1;1;0;0;24800.0;0.0;1.53;19.5;27.4;267;31.7;;;;;;;;
Figari;41.48;9.09;09/06/2026;13:00;23.7;43;10.5;22.4;2;0.0;0.0;0.0;0.0;0.0;0;P1;Ensoleillé;1019.7;1017.1;0;0;0;0;21620.0;0.0;1.66;21.2;27.7;263;33.5;;;;;;;;
Figari;41.48;9.09;09/06/2026;14:00;24.0;42;10.3;22.7;2;0.0;0.0;0.0;0.0;0.0;0;P1;Ensoleillé;1019.7;1017.1;0;0;0;0;18440.0;0.0;1.73;22.2;27.7;262;34.2;;;;;;;;
Figari;41.48;9.09;09/06/2026;15:00;23.9;42;10.3;22.6;2;0.0;0.0;0.0;0.0;0.0;0;P1;Ensoleillé;1019.6;1017.0;0;0;0;0;22100.0;0.0;1.71;21.9;26.6;264;33.6;;;;;;;;
Figari;41.48;9.09;09/06/2026;16:00;23.5;43;10.3;22.1;2;0.0;0.0;0.0;0.0;0.0;0;P1;Ensoleillé;1019.3;1016.7;0;0;0;0;25740.0;0.0;1.64;20.9;25.6;268;31.8;;;;;;;;
Figari;41.48;9.09;09/06/2026;17:00;22.8;45;10.4;21.1;2;0.0;0.0;0.0;0.0;0.0;0;P1;Ensoleillé;1019.0;1016.4;0;0;0;0;29400.0;0.0;1.52;19.5;24.5;274;29.4;;;;;;;;
Figari;41.48;9.09;09/06/2026;18:00;22.1;48;10.5;19.8;2;0.0;0.0;0.0;0.0;0.0;0;P1;Ensoleillé;1018.7;1016.1;0;0;0;0;33060.0;0.0;1.38;18.0;24.5;282;26.7;;;;;;;;
Figari;41.48;9.09;09/06/2026;19:00;21.2;51;10.7;19.0;2;0.0;0.0;0.0;0.0;0.0;0;P1;Ensoleillé;1018.5;1015.9;0;0;0;0;36700.0;0.0;1.24;16.6;24.5;290;24.1;;;;;;;;
Figari;41.48;9.09;09/06/2026;20:00;20.4;54;10.9;18.5;2;0.0;0.0;0.0;0.0;0.0;0;P1;Ensoleillé;1018.3;1015.7;0;0;0;0;40360.0;0.0;1.1;15.5;24.5;296;22.0;;;;;;;;
Figari;41.48;9.09;09/06/2026;21:00;19.5;59;11.2;17.8;2;0.0;0.0;0.0;0.0;0.0;0;P1;Ensoleillé;1018.3;1015.7;0;0;0;0;38260.0;0.0;0.94;13.9;24.1;301;20.2;;;;;;;;
Figari;41.48;9.09;09/06/2026;22:00;18.3;65;11.7;17.0;1;0.0;0.0;0.0;0.0;0.0;0;P1;Ensoleillé;1018.3;1015.7;0;0;0;0;36140.0;0.0;0.73;12.1;23.8;307;18.3;;;;;;;;
Figari;41.48;9.09;09/06/2026;23:00;17.0;73;12.2;16.2;1;0.0;0.0;0.0;0.0;0.0;0;P1;Ensoleillé;1018.4;1015.8;0;0;0;0;34040.0;0.0;0.52;10.1;22.7;311;16.5;;;;;;;;
Figari;41.48;9.09;10/06/2026;00:00;15.9;81;12.6;15.6;1;0.0;0.0;0.0;0.0;0.0;0;P1;Ensoleillé;1018.5;1015.9;0;0;0;0;31920.0;0.0;0.35;8.0;20.2;320;15.0;;;;;;;;
Figari;41.48;9.09;10/06/2026;01:00;15.1;87;12.9;15.1;0;0.0;0.0;0.0;0.0;0.0;0;P1;Ensoleillé;1018.6;1015.9;0;0;0;0;29820.0;0.0;0.23;6.2;16.6;330;14.0;;;;;;;;
Figari;41.48;9.09;10/06/2026;02:00;14.7;89;12.9;15.0;0;0.0;0.0;0.0;0.0;0.0;0;P1;Ensoleillé;1018.7;1016.0;0;0;0;0;27700.0;0.0;0.19;4.8;14.0;345;13.6;;;;;;;;
Figari;41.48;9.09;10/06/2026;03:00;14.9;86;12.7;15.2;0;0.0;0.0;0.0;0.0;0.0;0;P1;Ensoleillé;1018.8;1016.1;2;0;0;2;29800.0;0.0;0.23;4.0;13.3;8;14.0;;;;;;;;
Figari;41.48;9.09;10/06/2026;04:00;15.5;80;12.1;15.6;1;0.0;0.0;0.0;0.0;0.0;0;P1;Ensoleillé;1018.9;1016.3;6;0;0;6;31900.0;0.0;0.35;4.1;13.7;38;15.0;;;;;;;;
Figari;41.48;9.09;10/06/2026;05:00;16.5;72;11.5;16.2;1;0.0;0.0;0.0;0.0;0.0;0;P1;Ensoleillé;1019.1;1016.5;9;0;0;9;34000.0;0.0;0.52;4.9;13.3;62;16.5;;;;;;;;
Figari;41.48;9.09;10/06/2026;06:00;17.6;64;10.7;17.0;1;0.0;0.0;0.0;0.0;0.0;0;P1;Ensoleillé;1019.2;1016.6;14;0;0;14;36080.0;0.0;0.72;5.7;11.5;77;18.3;;;;;;;;
Figari;41.48;9.09;10/06/2026;07:00;18.7;57;10.0;17.9;2;0.0;0.0;0.0;0.0;0.0;0;P1;Ensoleillé;1019.3;1016.7;18;0;0;18;38180.0;0.0;0.93;6.1;9.4;85;20.3;;;;;;;;
Figari;41.48;9.09;10/06/2026;08:00;19.9;51;9.4;18.9;2;0.0;0.0;0.0;0.0;0.0;1;P2;Éclaircies;1019.4;1016.8;22;0;0;22;40280.0;0.0;1.14;5.6;7.9;92;22.3;;;;;;;;
Figari;41.48;9.09;10/06/2026;09:00;21.1;46;8.9;20.4;2;0.0;0.0;0.0;0.0;0.0;1;P2;Éclaircies;1019.4;1016.8;27;0;0;27;36520.0;0.0;1.36;3.1;7.6;103;24.8;;;;;;;;
Figari;41.48;9.09;10/06/2026;10:00;22.6;40;8.4;21.9;2;0.0;0.0;0.0;0.0;0.0;1;P2;Éclaircies;1019.5;1016.9;32;0;0;32;32740.0;0.0;1.65;1.8;7.6;217;28.0;;;;;;;;
Figari;41.48;9.09;10/06/2026;11:00;24.2;35;7.9;23.4;2;0.0;0.0;0.0;0.0;0.0;1;P2;Éclaircies;1019.5;1016.9;37;0;0;37;28980.0;0.0;1.96;6.3;7.6;252;31.4;;;;;;;;
Figari;41.48;9.09;10/06/2026;12:00;25.7;31;7.4;24.8;2;0.0;0.0;0.0;0.0;0.0;1;P2;Éclaircies;1019.5;1016.9;42;0;0;42;25220.0;0.0;2.27;11.1;6.8;258;34.5;;;;;;;;
Figari;41.48;9.09;10/06/2026;13:00;26.9;28;7.0;25.8;2;0.0;0.0;0.0;0.0;0.0;1;P2;Éclaircies;1019.4;1016.9;46;0;0;46;21440.0;0.0;2.54;14.8;6.1;260;36.8;;;;;;;;
Figari;41.48;9.09;10/06/2026;14:00;27.6;27;6.7;26.3;2;0.0;0.0;0.0;0.0;0.0;1;P2;Éclaircies;1019.4;1016.9;47;0;0;47;17680.0;0.0;2.71;16.7;5.4;262;37.9;;;;;;;;
Figari;41.48;9.09;10/06/2026;15:00;27.8;26;6.4;26.4;2;0.0;0.0;0.0;0.0;0.0;1;P2;Éclaircies;1019.3;1016.8;46;0;0;46;22920.0;0.0;2.77;16.1;5.4;264;37.5;;;;;;;;
Figari;41.48;9.09;10/06/2026;16:00;27.6;26;6.3;26.3;2;0.0;0.0;0.0;0.0;0.0;1;P2;Éclaircies;1019.2;1016.7;42;0;0;42;28160.0;0.0;2.74;13.7;5.4;266;35.9;;;;;;;;
Figari;41.48;9.09;10/06/2026;17:00;27.1;26;6.2;25.7;2;0.0;0.0;0.0;0.0;0.0;1;P2;Éclaircies;1019.0;1016.5;37;0;0;37;33400.0;0.0;2.65;10.4;5.8;272;33.6;;;;;;;;
Figari;41.48;9.09;10/06/2026;18:00;26.5;27;6.1;24.7;2;0.0;0.0;0.0;0.0;0.0;1;P2;Éclaircies;1018.9;1016.3;32;0;0;32;38620.0;0.0;2.52;7.0;5.8;283;30.9;;;;;;;;
Figari;41.48;9.09;10/06/2026;19:00;25.7;28;6.0;24.0;2;0.0;0.0;0.0;0.0;0.0;1;P2;Éclaircies;1018.8;1016.2;27;0;0;27;43860.0;0.0;2.37;4.6;5.8;306;28.3;;;;;;;;
Figari;41.48;9.09;10/06/2026;20:00;24.9;30;5.9;23.2;2;0.0;0.0;0.0;0.0;0.0;1;P2;Éclaircies;1018.7;1016.1;22;0;0;22;49100.0;0.0;2.22;4.3;5.8;332;26.1;;;;;;;;
Figari;41.48;9.09;10/06/2026;21:00;23.9;31;5.7;22.1;2;0.0;0.0;0.0;0.0;0.0;0;P1;Ensoleillé;1018.7;1016.1;18;0;0;18;49100.0;0.0;2.05;4.9;5.8;343;24.1;;;;;;;;
Figari;41.48;9.09;10/06/2026;22:00;22.6;33;5.4;20.6;1;0.0;0.0;0.0;0.0;0.0;0;P1;Ensoleillé;1018.8;1016.2;14;0;0;14;49080.0;0.0;1.84;5.6;6.1;343;21.9;;;;;;;;
Figari;41.48;9.09;10/06/2026;23:00;21.1;35;5.2;19.0;1;0.0;0.0;0.0;0.0;0.0;0;P1;Ensoleillé;1018.9;1016.3;9;0;0;9;49080.0;0.0;1.62;6.8;6.1;338;19.8;;;;;;;;
Figari;41.48;9.09;11/06/2026;00:00;19.8;38;5.0;17.4;1;0.0;0.0;0.0;0.0;0.0;0;P1;Ensoleillé;1019.0;1016.4;6;0;0;6;49080.0;0.0;1.44;7.8;6.1;334;17.9;;;;;;;;
Figari;41.48;9.09;11/06/2026;01:00;18.7;40;4.8;16.2;0;0.0;0.0;0.0;0.0;0.0;0;P1;Ensoleillé;1019.1;1016.5;2;0;0;2;49060.0;0.0;1.3;8.6;6.1;329;16.5;;;;;;;;
Figari;41.48;9.09;11/06/2026;02:00;18.1;42;4.9;15.4;0;0.0;0.0;0.0;0.0;0.0;0;P1;Ensoleillé;1019.2;1016.6;0;0;0;0;49060.0;0.0;1.21;9.5;6.1;324;15.8;;;;;;;;
Figari;41.48;9.09;11/06/2026;03:00;17.9;43;5.1;15.3;0;0.0;0.0;0.0;0.0;0.0;0;P1;Ensoleillé;1019.2;1016.6;0;0;0;0;48180.0;0.0;1.18;10.1;6.8;320;15.9;;;;;;;;
Figari;41.48;9.09;11/06/2026;04:00;18.1;43;5.4;15.5;0;0.0;0.0;0.0;0.0;0.0;0;P1;Ensoleillé;1019.2;1016.6;0;0;0;0;47300.0;0.0;1.18;10.6;7.9;314;16.6;;;;;;;;
Figari;41.48;9.09;11/06/2026;05:00;18.6;43;5.9;16.0;0;0.0;0.0;0.0;0.0;0.0;0;P1;Ensoleillé;1019.1;1016.5;0;0;1;0;46440.0;0.0;1.22;11.3;8.6;309;17.8;;;;;;;;
Figari;41.48;9.09;11/06/2026;06:00;19.3;43;6.4;16.6;0;0.0;0.0;0.0;0.0;0.0;0;P1;Ensoleillé;1019.1;1016.5;0;0;1;0;45560.0;0.0;1.28;11.8;8.3;303;19.4;;;;;;;;
Figari;41.48;9.09;11/06/2026;07:00;20.0;43;6.9;17.3;0;0.0;0.0;0.0;0.0;0.0;0;P1;Ensoleillé;1019.0;1016.4;0;0;1;0;44680.0;0.0;1.34;12.8;7.6;298;21.1;;;;;;;;
Figari;41.48;9.09;11/06/2026;08:00;20.7;42;7.4;18.0;0;0.0;0.0;0.0;0.0;0.0;0;P1;Ensoleillé;1019.0;1016.4;1;0;1;0;43800.0;0.0;1.41;13.8;7.2;294;22.8;;;;;;;;
Figari;41.48;9.09;11/06/2026;09:00;21.5;41;7.8;18.8;0;0.0;0.0;0.0;0.0;0.0;0;P1;Ensoleillé;1019.0;1016.4;3;0;1;2;44680.0;0.0;1.51;15.1;7.9;290;25.0;;;;;;;;
Figari;41.48;9.09;11/06/2026;10:00;22.6;40;8.3;19.7;1;0.0;0.0;0.0;0.0;0.0;0;P1;Ensoleillé;1019.1;1016.5;6;0;1;5;45560.0;0.0;1.65;16.9;9.4;287;27.8;;;;;;;;
Figari;41.48;9.09;11/06/2026;11:00;23.8;38;8.7;21.2;1;0.0;0.0;0.0;0.0;0.0;0;P1;Ensoleillé;1019.1;1016.5;9;0;1;9;46440.0;0.0;1.83;18.7;10.1;284;30.7;;;;;;;;
Figari;41.48;9.09;11/06/2026;12:00;24.9;37;9.2;22.8;1;0.0;0.0;0.0;0.0;0.0;0;P1;Ensoleillé;1019.2;1016.6;12;0;0;12;47320.0;0.0;1.99;20.4;9.4;282;33.4;;;;;;;;
Figari;41.48;9.09;11/06/2026;13:00;25.7;36;9.6;24.0;2;0.0;0.0;0.0;0.0;0.0;0;P1;Ensoleillé;1019.2;1016.6;15;0;0;15;48200.0;0.0;2.1;21.6;7.9;281;35.3;;;;;;;;
Figari;41.48;9.09;11/06/2026;14:00;26.0;37;10.1;24.5;2;0.0;0.0;0.0;0.0;0.0;0;P1;Ensoleillé;1019.2;1016.6;16;0;0;16;49080.0;0.0;2.12;22.3;6.8;280;36.0;;;;;;;;
Figari;41.48;9.09;11/06/2026;15:00;25.6;39;10.6;24.3;3;0.0;0.0;0.0;0.0;0.0;0;P1;Ensoleillé;1019.1;1016.5;15;0;0;15;47180.0;0.0;2.01;22.3;6.5;279;35.2;;;;;;;;
Figari;41.48;9.09;11/06/2026;16:00;24.8;43;11.2;23.5;3;0.0;0.0;0.0;0.0;0.0;0;P1;Ensoleillé;1018.9;1016.3;12;0;0;12;45300.0;0.0;1.8;21.5;6.8;280;33.1;;;;;;;;
Figari;41.48;9.09;11/06/2026;17:00;23.7;47;11.8;22.1;4;0.0;0.0;0.0;0.0;0.0;0;P1;Ensoleillé;1018.7;1016.1;8;0;0;8;43400.0;0.0;1.55;20.5;6.5;281;30.3;;;;;;;;
Figari;41.48;9.09;11/06/2026;18:00;22.5;53;12.3;20.5;5;0.0;0.0;0.0;0.0;0.0;0;P1;Ensoleillé;1018.5;1015.9;5;0;0;5;41500.0;0.0;1.29;19.3;5.4;281;27.3;;;;;;;;
Figari;41.48;9.09;11/06/2026;19:00;21.3;59;12.9;19.6;6;0.0;0.0;0.0;0.0;0.0;0;P1;Ensoleillé;1018.4;1015.8;3;0;0;3;39620.0;0.0;1.04;17.7;4.3;282;24.4;;;;;;;;
Figari;41.48;9.09;11/06/2026;20:00;20.3;64;13.3;19.0;6;0.0;0.0;0.0;0.0;0.0;0;P1;Ensoleillé;1018.4;1015.8;4;0;0;4;37720.0;0.0;0.85;16.1;3.2;284;22.1;;;;;;;;
Figari;41.48;9.09;11/06/2026;21:00;19.4;69;13.6;18.5;6;0.0;0.0;0.0;0.0;0.0;0;P1;Ensoleillé;1018.5;1015.9;9;0;0;9;36040.0;0.0;0.7;14.3;2.9;285;20.4;;;;;;;;
Figari;41.48;9.09;11/06/2026;22:00;18.5;75;14.0;18.0;5;0.0;0.0;0.0;0.0;0.0;0;P1;Ensoleillé;1018.7;1016.1;16;0;0;16;34340.0;0.0;0.54;12.2;3.2;287;18.7;;;;;;;;
Figari;41.48;9.09;11/06/2026;23:00;17.7;81;14.3;17.7;5;0.0;0.0;0.0;0.0;0.0;1;P2;Éclaircies;1019.0;1016.4;25;0;0;25;32660.0;0.0;0.39;10.0;3.6;290;17.2;;;;;;;;
Figari;41.48;9.09;12/06/2026;00:00;16.9;86;14.5;17.3;5;0.0;0.0;0.0;0.0;0.0;1;P2;Éclaircies;1019.3;1016.7;35;0;0;35;30980.0;0.0;0.27;7.6;4.7;295;16.0;;;;;;;;
Figari;41.48;9.09;12/06/2026;01:00;16.4;89;14.6;17.2;4;0.0;0.0;0.0;0.0;0.0;1;P2;Éclaircies;1019.5;1016.9;44;0;0;44;29280.0;0.0;0.2;5.5;6.1;302;15.3;;;;;;;;
Figari;41.48;9.09;12/06/2026;02:00;16.3;90;14.6;17.2;4;0.0;0.0;0.0;0.0;0.0;2;P8;Éclaircies;1019.7;1017.1;51;0;0;51;27600.0;0.0;0.19;3.9;7.2;313;15.1;;;;;;;;
Figari;41.48;9.09;12/06/2026;03:00;16.5;87;14.3;17.5;4;0.0;0.0;0.0;0.0;0.0;2;P8;Éclaircies;1019.8;1017.2;57;0;0;57;29720.0;0.0;0.24;2.9;7.6;330;15.5;;;;;;;;
Figari;41.48;9.09;12/06/2026;04:00;17.0;82;13.8;17.9;4;0.0;0.0;0.0;0.0;0.0;2;P8;Éclaircies;1019.8;1017.2;63;1;0;63;31840.0;0.0;0.35;2.3;7.6;360;16.4;;;;;;;;
Figari;41.48;9.09;12/06/2026;05:00;17.7;75;13.3;18.4;5;0.0;0.0;0.0;0.0;0.0;2;P8;Éclaircies;1019.7;1017.1;68;1;0;68;33980.0;0.0;0.5;2.4;6.8;27;17.8;;;;;;;;
Figari;41.48;9.09;12/06/2026;06:00;18.6;68;12.6;19.0;6;0.0;0.0;0.0;0.0;0.0;2;P8;Éclaircies;1019.6;1017.0;72;2;0;72;36100.0;0.0;0.69;2.9;4.7;47;19.5;;;;;;;;
Figari;41.48;9.09;12/06/2026;07:00;19.6;62;12.1;19.8;6;0.0;0.0;0.0;0.0;0.0;2;P8;Éclaircies;1019.6;1017.0;75;2;0;75;38220.0;0.0;0.87;3.5;2.2;62;21.4;;;;;;;;
Figari;41.48;9.09;12/06/2026;08:00;20.6;57;11.7;20.6;6;0.0;0.0;0.0;0.0;0.0;2;P8;Éclaircies;1019.5;1016.9;77;2;0;77;40340.0;0.0;1.05;3.9;1.1;77;23.5;;;;;;;;
Figari;41.48;9.09;12/06/2026;09:00;21.7;52;11.5;21.5;6;0.0;0.0;0.0;0.0;0.0;2;P8;Éclaircies;1019.4;1016.8;76;2;0;76;41800.0;0.0;1.23;4.3;3.2;92;26.0;;;;;;;;
Figari;41.48;9.09;12/06/2026;10:00;23.0;48;11.4;22.7;5;0.0;0.0;0.0;0.0;0.0;2;P8;Éclaircies;1019.4;1016.8;74;2;0;74;43260.0;0.0;1.46;4.9;7.2;107;29.2;;;;;;;;
Figari;41.48;9.09;12/06/2026;11:00;24.4;44;11.3;24.4;4;0.0;0.0;0.0;0.0;0.0;2;P8;Éclaircies;1019.3;1016.7;70;1;0;70;44740.0;0.0;1.71;5.9;11.2;121;32.5;;;;;;;;
Figari;41.48;9.09;12/06/2026;12:00;26.8;39;11.9;27.5;3;0.0;0.0;0.0;0.0;0.0;2;P8;Éclaircies;1019.5;1016.9;74;1;0;74;40685.0;0.0;2.16;8.2;14.0;155;35.7;;;;;;;;
Figari;41.48;9.09;12/06/2026;13:00;28.9;36;12.5;29.9;3;0.0;0.0;0.0;0.0;0.0;2;P8;Éclaircies;1019.5;1017.0;80;0;1;80;35900.0;0.0;2.55;10.8;16.6;186;38.5;;;;;;;;
Figari;41.48;9.09;12/06/2026;14:00;30.3;35;12.9;31.2;3;0.0;0.0;0.0;0.0;0.0;2;P8;Éclaircies;1019.6;1017.1;90;0;2;90;30385.0;0.0;2.84;13.2;19.1;215;40.4;;;;;;;;
Figari;41.48;9.09;12/06/2026;15:00;31.3;32;12.7;31.7;4;0.0;0.0;0.0;0.0;0.0;3;P4;Nuageux;1019.5;1017.0;97;0;3;96;24140.0;0.0;3.11;14.9;22.3;250;;;;;;;;;
Figari;41.48;9.09;12/06/2026;16:00;31.2;31;12.1;30.9;5;0.0;0.0;0.0;0.0;0.0;3;P4;Nuageux;1019.0;1016.5;92;0;3;91;24140.0;0.0;3.13;15.2;25.2;263;;;;;;;;;
Figari;41.48;9.09;12/06/2026;17:00;30.5;33;12.4;29.8;6;0.0;0.0;0.0;0.0;0.0;3;P4;Nuageux;1018.7;1016.2;88;0;10;86;24140.0;0.0;2.92;14.4;26.3;271;;;;;;;;;
Figari;41.48;9.09;12/06/2026;18:00;29.0;40;14.0;28.7;7;0.0;0.0;0.0;0.0;0.0;3;P4;Nuageux;1018.5;1016.0;88;0;33;83;24140.0;0.0;2.4;11.2;23.4;270;;;;;;;;;
Figari;41.48;9.09;12/06/2026;19:00;26.9;50;15.6;27.9;9;0.0;0.0;0.0;0.0;0.0;3;P4;Nuageux;1018.3;1015.8;89;0;64;79;24140.0;0.0;1.78;6.6;18.4;257;;;;;;;;;
Figari;41.48;9.09;12/06/2026;20:00;25.0;59;16.4;26.7;10;0.0;0.0;0.0;0.0;0.0;3;P4;Nuageux;1018.3;1015.7;83;0;78;70;24140.0;0.0;1.3;3.4;14.4;238;;;;;;;;;
Figari;41.48;9.09;12/06/2026;21:00;23.1;66;16.4;25.1;11;0.0;0.0;0.0;0.0;0.0;2;P8;Éclaircies;1018.5;1015.9;62;0;61;49;24140.0;0.0;0.96;1.5;11.9;284;;;;;;;;;
Figari;41.48;9.09;12/06/2026;22:00;21.3;71;15.8;22.7;11;0.0;0.0;0.0;0.0;0.0;1;P2;Éclaircies;1018.7;1016.1;33;0;29;22;24140.0;0.0;0.73;3.7;10.4;349;;;;;;;;;
Figari;41.48;9.09;12/06/2026;23:00;20.0;73;15.0;20.8;12;0.0;0.0;0.0;0.0;0.0;0;P1;Ensoleillé;1018.8;1016.2;11;0;5;2;24140.0;0.0;0.63;6.2;9.7;353;;;;;;;;;
Porto-Vecchio;41.59;9.27;28/05/2026;00:00;21.4;50;10.6;20.9;0;0.0;0.0;0.0;0.0;0.0;0;P1;Ensoleillé;1018.2;1011.0;0;0;0;0;41740.0;0.02;1.28;5.1;11.2;274;20.8;25.3;28.1;21.1;0.033;0.072;0.099;0.106;0.174
Porto-Vecchio;41.59;9.27;28/05/2026;01:00;21.0;49;9.9;20.2;0;0.0;0.0;0.0;0.0;0.0;0;P1;Ensoleillé;1018.2;1011.0;0;0;0;0;41800.0;0.02;1.27;5.4;12.6;262;20.8;24.5;27.6;21.2;0.033;0.072;0.099;0.106;0.174
Porto-Vecchio;41.59;9.27;28/05/2026;02:00;20.8;48;9.4;19.8;0;0.0;0.0;0.0;0.0;0.0;0;P1;Ensoleillé;1017.7;1010.5;0;0;0;0;41980.0;0.02;1.28;5.4;13.7;274;20.6;23.9;27.1;21.2;0.034;0.072;0.099;0.106;0.174
Porto-Vecchio;41.59;9.27;28/05/2026;03:00;20.6;46;8.6;19.5;0;0.0;0.0;0.0;0.0;0.0;0;P1;Ensoleillé;1017.1;1009.9;0;0;0;0;42260.0;0.02;1.31;5.4;13.0;270;20.5;23.3;26.6;21.3;0.034;0.072;0.099;0.106;0.174
Porto-Vecchio;41.59;9.27;28/05/2026;04:00;20.4;44;7.8;19.0;0;0.0;0.0;0.0;0.0;0.0;0;P1;Ensoleillé;1016.8;1009.6;0;0;0;0;42600.0;0.02;1.34;5.4;13.3;262;20.2;22.8;26.1;21.3;0.034;0.072;0.098;0.106;0.174
Porto-Vecchio;41.59;9.27;28/05/2026;05:00;19.9;46;7.9;18.5;0;0.0;0.0;0.0;0.0;0.0;0;P1;Ensoleillé;1017.2;1010.0;0;0;0;0;42220.0;0.02;1.25;5.4;13.3;274;19.6;22.2;25.6;21.3;0.034;0.072;0.098;0.106;0.174
Porto-Vecchio;41.59;9.27;28/05/2026;06:00;19.6;45;7.4;18.2;0;0.0;0.0;0.0;0.0;0.0;0;P1;Ensoleillé;1017.6;1010.4;0;0;0;0;42400.0;0.02;1.26;5.4;11.9;270;19.3;21.9;25.1;21.3;0.034;0.072;0.098;0.106;0.174
Porto-Vecchio;41.59;9.27;28/05/2026;07:00;20.3;50;9.5;19.5;0;0.0;0.0;0.0;0.0;0.0;0;P1;Ensoleillé;1017.9;1010.7;1;0;0;1;41800.0;0.04;1.19;4.3;11.9;270;21.0;21.8;24.6;21.3;0.034;0.072;0.098;0.106;0.174
Porto-Vecchio;41.59;9.27;28/05/2026;08:00;23.0;53;12.9;23.7;0;0.0;0.0;0.0;0.0;0.0;0;P1;Ensoleillé;1018.0;1010.9;0;0;0;0;41320.0;0.08;1.32;1.6;9.7;297;26.4;23.0;24.2;21.3;0.034;0.072;0.098;0.106;0.174
Porto-Vecchio;41.59;9.27;28/05/2026;09:00;25.5;39;10.6;25.5;0;0.0;0.0;0.0;0.0;0.0;0;P1;Ensoleillé;1017.7;1010.6;0;0;0;0;43800.0;0.16;1.99;1.0;6.5;225;29.0;25.4;24.2;21.3;0.034;0.072;0.098;0.106;0.174
Porto-Vecchio;41.59;9.27;28/05/2026;10:00;26.9;39;11.8;27.3;0;0.0;0.0;0.0;0.0;0.0;0;P1;Ensoleillé;1018.0;1011.0;0;0;0;0;43420.0;0.23;2.17;1.1;7.6;252;31.1;27.9;24.5;21.3;0.034;0.072;0.098;0.105;0.174
Porto-Vecchio;41.59;9.27;28/05/2026;11:00;28.3;42;14.1;30.3;0;0.0;0.0;0.0;0.0;0.0;0;P1;Ensoleillé;1018.3;1011.3;0;0;0;0;42740.0;0.26;2.23;2.5;9.4;180;33.4;30.5;24.9;21.4;0.033;0.072;0.098;0.105;0.173
Porto-Vecchio;41.59;9.27;28/05/2026;12:00;29.4;40;14.4;32.0;0;0.0;0.0;0.0;0.0;0.0;0;P1;Ensoleillé;1018.2;1011.2;0;0;0;0;42480.0;0.27;2.46;4.0;14.8;190;35.3;32.6;25.5;21.4;0.033;0.071;0.098;0.105;0.173
Porto-Vecchio;41.59;9.27;28/05/2026;13:00;30.2;39;14.7;32.9;0;0.0;0.0;0.0;0.0;0.0;0;P1;Ensoleillé;1018.0;1011.0;0;0;0;0;42500.0;0.25;2.62;6.8;19.4;212;36.4;34.1;26.2;21.4;0.033;0.071;0.098;0.105;0.173
Porto-Vecchio;41.59;9.27;28/05/2026;14:00;31.1;30;11.5;32.0;0;0.0;0.0;0.0;0.0;0.0;0;P1;Ensoleillé;1017.1;1010.2;0;0;0;0;45700.0;0.23;3.17;11.5;27.4;224;36.9;35.2;26.9;21.4;0.032;0.071;0.098;0.104;0.173
Porto-Vecchio;41.59;9.27;28/05/2026;15:00;31.9;24;8.8;31.4;0;0.0;0.0;0.0;0.0;0.0;0;P1;Ensoleillé;1016.4;1009.5;0;0;0;0;49480.0;0.23;3.59;13.5;31.7;241;37.7;36.3;27.6;21.5;0.032;0.071;0.098;0.104;0.172
Porto-Vecchio;41.59;9.27;28/05/2026;16:00;31.4;21;6.4;30.1;0;0.0;0.0;0.0;0.0;0.0;0;P1;Ensoleillé;1016.3;1009.4;0;0;0;0;52200.0;0.21;3.63;12.3;31.0;255;36.7;36.6;28.4;21.6;0.032;0.071;0.098;0.104;0.172
Porto-Vecchio;41.59;9.27;28/05/2026;17:00;29.7;22;5.7;28.0;0;0.0;0.0;0.0;0.0;0.0;0;P1;Ensoleillé;1016.3;1009.3;0;0;0;0;52120.0;0.18;3.25;9.0;28.1;272;33.4;34.7;28.9;21.6;0.032;0.071;0.098;0.104;0.172
Porto-Vecchio;41.59;9.27;28/05/2026;18:00;28.6;27;7.8;27.2;0;0.0;0.0;0.0;0.0;0.0;0;P1;Ensoleillé;1016.8;1009.8;0;0;0;0;47200.0;0.16;2.86;6.1;20.9;332;31.1;34.2;29.2;21.7;0.032;0.071;0.098;0.104;0.172
Porto-Vecchio;41.59;9.27;28/05/2026;19:00;27.5;27;6.8;26.1;0;0.0;0.0;0.0;0.0;0.0;0;P1;Ensoleillé;1016.7;1009.7;0;0;0;0;45180.0;0.11;2.68;3.9;18.4;68;28.5;32.3;29.2;21.8;0.032;0.071;0.098;0.104;0.172
Porto-Vecchio;41.59;9.27;28/05/2026;20:00;25.2;46;12.8;25.3;0;0.0;0.0;0.0;0.0;0.0;0;P1;Ensoleillé;1017.2;1010.1;0;0;0;0;47060.0;0.06;1.73;5.2;17.6;106;23.9;29.9;29.1;21.9;0.032;0.071;0.098;0.104;0.172
Porto-Vecchio;41.59;9.27;28/05/2026;21:00;22.3;69;16.3;24.0;0;0.0;0.0;0.0;0.0;0.0;0;P1;Ensoleillé;1017.3;1010.2;0;0;0;0;40480.0;0.02;0.83;2.9;13.0;120;21.0;27.4;28.8;22.0;0.032;0.071;0.098;0.104;0.172
Porto-Vecchio;41.59;9.27;28/05/2026;22:00;20.8;78;16.8;22.9;0;0.0;0.0;0.0;0.0;0.0;0;P1;Ensoleillé;1018.0;1010.8;0;0;0;0;30560.0;0.01;0.54;1.5;3.2;315;19.6;26.0;28.4;22.1;0.032;0.071;0.098;0.104;0.172
Porto-Vecchio;41.59;9.27;28/05/2026;23:00;19.6;66;13.0;19.8;0;0.0;0.0;0.0;0.0;0.0;0;P1;Ensoleillé;1018.1;1010.9;0;0;0;0;40720.0;0.01;0.77;4.8;6.5;297;19.0;25.0;27.9;22.2;0.033;0.071;0.098;0.104;0.172
Porto-Vecchio;41.59;9.27;29/05/2026;00:00;18.2;60;10.3;17.5;0;0.0;0.0;0.0;0.0;0.0;0;P1;Ensoleillé;1018.6;1011.3;0;0;0;0;40420.0;0.01;0.84;5.6;10.4;285;19.1;23.7;27.4;22.2;0.033;0.071;0.098;0.104;0.172
Porto-Vecchio;41.59;9.27;29/05/2026;01:00;17.6;55;8.5;16.3;0;0.0;0.0;0.0;0.0;0.0;0;P1;Ensoleillé;1018.6;1011.3;0;0;0;0;41400.0;0.02;0.91;6.5;13.3;276;18.4;22.7;26.9;22.3;0.033;0.07;0.098;0.104;0.172
Porto-Vecchio;41.59;9.27;29/05/2026;02:00;17.8;51;7.5;16.2;0;0.0;0.0;0.0;0.0;0.0;3;P4;Nuageux;1018.2;1010.9;100;0;0;100;42660.0;0.02;1.0;6.8;13.0;273;18.2;21.7;26.4;22.2;0.033;0.07;0.098;0.104;0.172
Porto-Vecchio;41.59;9.27;29/05/2026;03:00;17.8;53;8.1;16.5;0;0.0;0.0;0.0;0.0;0.0;0;P1;Ensoleillé;1017.9;1010.6;1;0;0;1;42580.0;0.02;0.96;5.8;13.0;277;17.8;20.9;25.9;22.3;0.034;0.07;0.098;0.104;0.172
Porto-Vecchio;41.59;9.27;29/05/2026;04:00;17.8;55;8.7;16.7;0;0.0;0.0;0.0;0.0;0.0;0;P1;Ensoleillé;1017.8;1010.5;0;0;0;0;42760.0;0.02;0.92;5.4;10.8;290;17.2;20.0;25.5;22.3;0.034;0.07;0.098;0.104;0.172
Porto-Vecchio;41.59;9.27;29/05/2026;05:00;17.6;53;7.9;16.3;0;0.0;0.0;0.0;0.0;0.0;0;P1;Ensoleillé;1018.3;1011.0;0;0;0;0;43380.0;0.01;0.95;5.2;10.1;295;17.1;19.2;24.7;22.3;0.034;0.07;0.098;0.104;0.172
Porto-Vecchio;41.59;9.27;29/05/2026;06:00;17.6;59;9.5;16.8;0;0.0;0.0;0.0;0.0;0.0;0;P1;Ensoleillé;1018.7;1011.4;0;0;0;0;41280.0;0.01;0.83;4.6;10.8;315;17.0;18.7;23.9;22.2;0.034;0.07;0.098;0.104;0.172
Porto-Vecchio;41.59;9.27;29/05/2026;07:00;19.3;67;13.0;19.8;0;0.0;0.0;0.0;0.0;0.0;0;P1;Ensoleillé;1019.2;1012.0;15;5;0;11;40240.0;0.01;0.74;3.1;9.0;324;20.0;18.8;23.3;22.2;0.034;0.07;0.098;0.104;0.172
Porto-Vecchio;41.59;9.27;29/05/2026;08:00;21.8;64;14.7;23.0;0;0.0;0.0;0.0;0.0;0.0;0;P1;Ensoleillé;1019.5;1012.3;0;0;0;0;39380.0;0.05;0.94;2.2;8.3;81;25.3;21.2;22.8;22.2;0.035;0.07;0.098;0.104;0.172
Porto-Vecchio;41.59;9.27;29/05/2026;09:00;23.2;68;16.9;24.5;0;0.0;0.0;0.0;0.0;0.0;3;P4;Nuageux;1020.2;1013.1;100;0;0;100;37360.0;0.12;0.91;7.8;19.4;77;26.9;24.7;22.8;22.2;0.034;0.07;0.098;0.104;0.172
Porto-Vecchio;41.59;9.27;29/05/2026;10:00;24.7;65;17.7;26.1;0;0.0;0.0;0.0;0.0;0.0;1;P2;Éclaircies;1020.1;1013.0;0;0;0;0;37480.0;0.16;1.09;9.3;23.0;74;29.6;27.2;23.2;22.1;0.034;0.07;0.098;0.103;0.172
Porto-Vecchio;41.59;9.27;29/05/2026;11:00;26.1;52;15.5;27.3;0;0.0;0.0;0.0;0.0;0.0;0;P1;Ensoleillé;1020.4;1013.3;16;0;0;16;40620.0;0.23;1.62;10.5;23.4;86;31.4;29.6;23.8;22.1;0.034;0.07;0.098;0.103;0.171
Porto-Vecchio;41.59;9.27;29/05/2026;12:00;26.6;44;13.3;27.4;0;0.0;0.0;0.0;0.0;0.0;3;P4;Nuageux;1020.3;1013.2;100;0;0;100;41640.0;0.27;1.95;11.5;27.4;94;32.2;31.3;24.7;22.1;0.033;0.07;0.098;0.103;0.171
Porto-Vecchio;41.59;9.27;29/05/2026;13:00;26.6;46;14.0;27.7;0;0.0;0.0;0.0;0.0;0.0;3;P4;Nuageux;1020.7;1013.6;100;0;0;100;41360.0;0.25;1.88;12.3;30.2;95;32.8;32.2;25.7;22.1;0.033;0.07;0.098;0.103;0.171
Porto-Vecchio;41.59;9.27;29/05/2026;14:00;26.3;49;14.8;27.4;0;0.0;0.0;0.0;0.0;0.0;3;P4;Nuageux;1020.6;1013.5;66;0;0;66;40740.0;0.22;1.75;14.9;34.2;83;32.8;32.5;26.3;22.1;0.033;0.07;0.098;0.102;0.171
Porto-Vecchio;41.59;9.27;29/05/2026;15:00;25.8;56;16.3;27.1;0;0.0;0.0;0.0;0.0;0.0;1;P2;Éclaircies;1020.5;1013.4;68;5;0;66;39480.0;0.18;1.46;16.4;37.1;71;31.5;32.1;26.8;22.1;0.033;0.069;0.098;0.102;0.171
Porto-Vecchio;41.59;9.27;29/05/2026;16:00;25.6;58;16.7;26.9;0;0.0;0.0;0.0;0.0;0.0;3;P4;Nuageux;1020.1;1013.0;100;2;0;100;38980.0;0.15;1.38;13.8;36.7;70;30.8;31.4;27.2;22.2;0.033;0.069;0.098;0.102;0.171
Porto-Vecchio;41.59;9.27;29/05/2026;17:00;25.0;60;16.7;25.7;0;0.0;0.0;0.0;0.0;0.0;3;P4;Nuageux;1019.7;1012.6;100;0;0;100;38940.0;0.12;1.27;11.5;31.3;76;28.7;30.4;27.4;22.2;0.033;0.069;0.098;0.102;0.17
Porto-Vecchio;41.59;9.27;29/05/2026;18:00;24.3;68;18.0;25.8;0;0.0;0.0;0.0;0.0;0.0;3;P4;Nuageux;1019.7;1012.6;100;15;0;100;37000.0;0.09;0.97;9.2;27.0;79;26.9;29.2;27.5;22.3;0.033;0.069;0.098;0.102;0.17
Porto-Vecchio;41.59;9.27;29/05/2026;19:00;23.4;70;17.6;25.1;0;0.0;0.0;0.0;0.0;0.0;3;P4;Nuageux;1020.0;1012.9;100;11;20;100;36880.0;0.05;0.86;7.2;23.0;72;24.5;27.9;27.5;22.3;0.033;0.069;0.098;0.102;0.17
Porto-Vecchio;41.59;9.27;29/05/2026;20:00;22.5;76;18.1;24.7;0;0.0;0.0;0.0;0.0;0.0;3;P4;Nuageux;1020.1;1012.9;100;14;92;100;33480.0;0.03;0.65;5.6;17.6;75;22.8;26.7;27.3;22.4;0.033;0.069;0.098;0.102;0.17
Porto-Vecchio;41.59;9.27;29/05/2026;21:00;21.4;83;18.4;24.1;0;0.0;0.0;0.0;0.0;0.0;3;P4;Nuageux;1020.0;1012.8;100;18;70;100;28880.0;0.01;0.43;3.0;14.0;76;21.9;25.6;27.0;22.4;0.033;0.069;0.098;0.102;0.17
Porto-Vecchio;41.59;9.27;29/05/2026;22:00;20.8;87;18.6;23.7;0;0.0;0.0;0.0;0.0;0.0;3;P4;Nuageux;1020.3;1013.1;100;25;40;100;25160.0;-0.0;0.32;2.4;9.7;63;21.1;24.7;26.7;22.4;0.034;0.069;0.098;0.102;0.17
Porto-Vecchio;41.59;9.27;29/05/2026;23:00;20.4;90;18.7;23.3;0;0.0;0.0;0.0;0.0;0.0;3;P4;Nuageux;1020.6;1013.4;98;27;11;96;20940.0;-0.0;0.24;2.1;7.9;31;20.2;24.1;26.4;22.5;0.034;0.069;0.097;0.102;0.17
Porto-Vecchio;41.59;9.27;30/05/2026;00:00;19.3;86;16.9;21.3;0;0.0;0.0;0.0;0.0;0.0;0;P1;Ensoleillé;1020.9;1013.7;16;16;0;0;26180.0;-0.0;0.31;3.2;7.9;360;18.7;22.4;26.4;22.5;0.034;0.069;0.097;0.102;0.17
Porto-Vecchio;41.59;9.27;30/05/2026;01:00;19.0;84;16.2;20.7;0;0.0;0.0;0.0;0.0;0.0;0;P1;Ensoleillé;1020.6;1013.4;19;5;10;5;28320.0;-0.0;0.35;3.1;7.6;324;18.3;21.2;25.9;22.5;0.034;0.069;0.097;0.102;0.17
Porto-Vecchio;41.59;9.27;30/05/2026;02:00;19.0;79;15.2;20.4;0;0.0;0.0;0.0;0.0;0.0;2;P8;Éclaircies;1020.2;1013.0;33;0;0;33;32860.0;-0.0;0.46;2.1;6.8;329;17.8;20.2;25.2;22.4;0.034;0.069;0.097;0.102;0.17
Porto-Vecchio;41.59;9.27;30/05/2026;03:00;18.9;76;14.6;20.0;0;0.0;0.0;0.0;0.0;0.0;1;P2;Éclaircies;1019.8;1012.6;13;0;0;13;35360.0;0.01;0.52;2.6;6.5;344;17.3;19.3;24.5;22.4;0.035;0.069;0.097;0.102;0.17
Porto-Vecchio;41.59;9.27;30/05/2026;04:00;18.7;73;13.8;19.5;0;0.0;0.0;0.0;0.0;0.0;0;P1;Ensoleillé;1019.6;1012.4;0;0;0;0;38500.0;0.01;0.58;3.3;7.6;354;17.1;18.5;23.8;22.4;0.035;0.069;0.097;0.102;0.17
Porto-Vecchio;41.59;9.27;30/05/2026;05:00;18.5;72;13.4;19.1;0;0.0;0.0;0.0;0.0;0.0;0;P1;Ensoleillé;1019.5;1012.2;0;0;0;0;39540.0;0.01;0.6;3.4;7.9;342;16.9;17.9;23.1;22.4;0.035;0.069;0.097;0.102;0.17
Porto-Vecchio;41.59;9.27;30/05/2026;06:00;18.4;71;13.1;18.9;0;0.0;0.0;0.0;0.0;0.0;0;P1;Ensoleillé;1019.8;1012.5;0;0;0;0;39880.0;0.01;0.62;3.4;7.9;328;16.8;17.4;22.5;22.3;0.036;0.069;0.097;0.102;0.17
Porto-Vecchio;41.59;9.27;30/05/2026;07:00;19.4;70;13.8;20.3;0;0.0;0.0;0.0;0.0;0.0;0;P1;Ensoleillé;1020.0;1012.8;0;0;0;0;39860.0;0.02;0.68;2.6;7.9;326;19.9;17.7;21.9;22.3;0.036;0.069;0.097;0.102;0.17
Porto-Vecchio;41.59;9.27;30/05/2026;08:00;22.0;63;14.6;23.2;0;0.0;0.0;0.0;0.0;0.0;0;P1;Ensoleillé;1020.2;1013.0;0;0;0;0;39180.0;0.05;0.98;2.2;7.9;90;25.3;20.4;21.6;22.2;0.036;0.069;0.097;0.102;0.17
Porto-Vecchio;41.59;9.27;30/05/2026;09:00;23.7;60;15.5;24.9;0;0.0;0.0;0.0;0.0;0.0;0;P1;Ensoleillé;1020.5;1013.4;0;0;0;0;39660.0;0.13;1.17;4.3;13.7;95;28.0;24.0;21.7;22.2;0.036;0.069;0.097;0.102;0.17
Porto-Vecchio;41.59;9.27;30/05/2026;10:00;25.1;56;15.7;26.1;0;0.0;0.0;0.0;0.0;0.0;0;P1;Ensoleillé;1020.2;1013.1;0;0;0;0;40020.0;0.19;1.4;6.8;17.6;93;30.4;27.3;22.2;22.2;0.035;0.068;0.097;0.102;0.17
Porto-Vecchio;41.59;9.27;30/05/2026;11:00;26.4;52;15.7;28.0;0;0.0;0.0;0.0;0.0;0.0;0;P1;Ensoleillé;1020.3;1013.2;0;0;0;0;40640.0;0.23;1.65;8.5;20.5;102;32.3;30.1;22.9;22.1;0.035;0.068;0.097;0.102;0.17
Porto-Vecchio;41.59;9.27;30/05/2026;12:00;27.2;46;14.6;28.8;0;0.0;0.0;0.0;0.0;0.0;0;P1;Ensoleillé;1020.3;1013.3;0;0;0;0;41300.0;0.25;1.95;10.5;24.8;106;33.8;32.1;23.8;22.1;0.034;0.068;0.097;0.102;0.17
Porto-Vecchio;41.59;9.27;30/05/2026;13:00;27.8;43;14.1;29.5;0;0.0;0.0;0.0;0.0;0.0;0;P1;Ensoleillé;1020.1;1013.1;0;0;0;0;41560.0;0.25;2.13;11.2;26.3;105;34.7;33.5;24.9;22.1;0.034;0.068;0.097;0.102;0.17
Porto-Vecchio;41.59;9.27;30/05/2026;14:00;28.1;43;14.3;30.0;0;0.0;0.0;0.0;0.0;0.0;0;P1;Ensoleillé;1019.5;1012.5;0;0;0;0;41620.0;0.23;2.16;11.3;26.6;107;35.5;34.7;26.1;22.1;0.033;0.068;0.097;0.101;0.169
Porto-Vecchio;41.59;9.27;30/05/2026;15:00;28.2;43;14.4;30.1;0;0.0;0.0;0.0;0.0;0.0;0;P1;Ensoleillé;1018.8;1011.8;2;2;0;0;41660.0;0.21;2.18;10.0;26.6;111;35.1;35.3;27.2;22.1;0.033;0.068;0.097;0.101;0.169
Porto-Vecchio;41.59;9.27;30/05/2026;16:00;28.3;42;14.1;29.9;0;0.0;0.0;0.0;0.0;0.0;0;P1;Ensoleillé;1018.3;1011.3;10;10;0;0;41820.0;0.19;2.23;8.5;24.1;126;34.7;35.3;27.9;22.2;0.033;0.068;0.097;0.101;0.169
Porto-Vecchio;41.59;9.27;30/05/2026;17:00;28.0;43;14.2;28.8;0;0.0;0.0;0.0;0.0;0.0;1;P2;Éclaircies;1017.8;1010.8;9;9;0;0;41700.0;0.16;2.15;8.2;21.2;139;32.6;34.5;28.4;22.2;0.032;0.068;0.097;0.101;0.169
Porto-Vecchio;41.59;9.27;30/05/2026;18:00;27.4;47;15.1;28.2;0;0.0;0.0;0.0;0.0;0.0;0;P1;Ensoleillé;1017.7;1010.7;6;6;0;0;41320.0;0.13;1.94;6.4;21.2;142;30.0;33.2;28.8;22.3;0.032;0.068;0.097;0.101;0.169
Porto-Vecchio;41.59;9.27;30/05/2026;19:00;26.3;49;14.7;26.9;0;0.0;0.0;0.0;0.0;0.0;0;P1;Ensoleillé;1017.4;1010.3;6;6;0;0;41260.0;0.09;1.74;6.4;18.0;133;27.2;31.5;28.9;22.3;0.032;0.068;0.097;0.101;0.169
Porto-Vecchio;41.59;9.27;30/05/2026;20:00;24.6;54;14.7;25.6;0;0.0;0.0;0.0;0.0;0.0;1;P2;Éclaircies;1017.3;1010.2;9;9;0;0;40860.0;0.05;1.42;3.6;15.8;135;24.3;29.5;28.9;22.4;0.033;0.068;0.097;0.101;0.169
Porto-Vecchio;41.59;9.27;30/05/2026;21:00;22.4;70;16.6;24.3;0;0.0;0.0;0.0;0.0;0.0;0;P1;Ensoleillé;1017.3;1010.2;11;0;0;11;39460.0;0.02;0.81;2.6;9.4;196;21.3;27.4;28.7;22.4;0.033;0.068;0.097;0.101;0.169
Porto-Vecchio;41.59;9.27;30/05/2026;22:00;21.0;76;16.6;22.7;0;0.0;0.0;0.0;0.0;0.0;3;P4;Nuageux;1017.5;1010.3;98;0;0;98;36220.0;0.01;0.6;3.9;9.0;248;20.6;25.9;28.3;22.5;0.033;0.068;0.097;0.101;0.169
Porto-Vecchio;41.59;9.27;30/05/2026;23:00;20.1;77;15.9;21.4;0;0.0;0.0;0.0;0.0;0.0;3;P4;Nuageux;1017.5;1010.3;100;0;0;100;35520.0;0.01;0.54;4.8;9.7;257;20.2;24.7;27.8;22.5;0.033;0.068;0.097;0.101;0.169
Porto-Vecchio;41.59;9.27;31/05/2026;00:00;19.4;80;15.9;20.7;0;0.0;0.0;0.0;0.0;0.0;3;P4;Nuageux;1017.5;1010.3;100;0;0;100;32780.0;0.01;0.45;4.7;10.4;261;19.9;23.6;27.4;22.5;0.033;0.068;0.097;0.101;0.169
Porto-Vecchio;41.59;9.27;31/05/2026;01:00;19.4;80;15.8;20.6;0;0.0;0.0;0.0;0.0;0.0;3;P4;Nuageux;1017.3;1010.1;99;0;0;99;32820.0;0.01;0.45;5.1;11.2;262;19.8;22.9;26.9;22.6;0.034;0.068;0.096;0.101;0.169
Porto-Vecchio;41.59;9.27;31/05/2026;02:00;19.6;78;15.6;20.7;0;0.0;0.0;0.0;0.0;0.0;3;P4;Nuageux;1017.0;1009.8;92;0;0;92;35140.0;0.01;0.5;5.4;11.5;262;19.7;22.2;26.1;22.5;0.034;0.068;0.096;0.101;0.169
Porto-Vecchio;41.59;9.27;31/05/2026;03:00;19.6;76;15.2;20.5;0;0.0;0.0;0.0;0.0;0.0;2;P8;Éclaircies;1016.5;1009.3;39;0;0;39;35600.0;0.01;0.55;5.8;12.2;263;19.5;21.7;25.5;22.5;0.034;0.068;0.096;0.101;0.169
Porto-Vecchio;41.59;9.27;31/05/2026;04:00;19.4;75;14.9;20.3;0;0.0;0.0;0.0;0.0;0.0;1;P2;Éclaircies;1016.3;1009.1;49;0;14;47;36520.0;0.01;0.56;5.4;12.2;266;19.3;21.3;25.0;22.5;0.034;0.067;0.096;0.101;0.169
Porto-Vecchio;41.59;9.27;31/05/2026;05:00;19.3;76;14.9;20.2;0;0.0;0.0;0.0;0.0;0.0;2;P8;Éclaircies;1016.1;1008.9;50;0;50;5;35080.0;0.01;0.54;4.7;11.2;270;19.0;20.8;24.4;22.5;0.034;0.067;0.096;0.101;0.169
Porto-Vecchio;41.59;9.27;31/05/2026;06:00;19.0;80;15.5;20.2;0;0.0;0.0;0.0;0.0;0.0;2;P8;Éclaircies;1016.1;1008.9;66;0;36;41;32900.0;0.01;0.44;4.5;10.1;284;18.5;20.3;23.9;22.5;0.035;0.067;0.096;0.101;0.169
Porto-Vecchio;41.59;9.27;31/05/2026;07:00;20.0;78;16.0;21.6;0;0.0;0.0;0.0;0.0;0.0;2;P8;Éclaircies;1016.4;1009.2;79;0;73;72;34260.0;0.02;0.51;3.1;8.3;291;20.8;20.2;23.4;22.4;0.035;0.067;0.096;0.101;0.169
Porto-Vecchio;41.59;9.27;31/05/2026;08:00;23.1;69;17.1;25.5;0;0.0;0.0;0.0;0.0;0.0;1;P2;Éclaircies;1016.8;1009.7;27;0;0;27;37440.0;0.05;0.88;1.1;6.5;90;26.3;22.2;23.1;22.4;0.035;0.067;0.096;0.101;0.169
Porto-Vecchio;41.59;9.27;31/05/2026;09:00;25.1;58;16.3;27.0;0;0.0;0.0;0.0;0.0;0.0;2;P8;Éclaircies;1017.1;1010.0;47;0;10;39;40180.0;0.13;1.34;2.2;8.3;189;29.4;25.7;23.2;22.4;0.035;0.067;0.096;0.101;0.169
Porto-Vecchio;41.59;9.27;31/05/2026;10:00;26.9;54;16.8;28.6;0;0.0;0.0;0.0;0.0;0.0;1;P2;Éclaircies;1016.9;1009.9;7;0;0;7;40480.0;0.19;1.63;4.6;13.7;198;31.6;28.2;23.7;22.4;0.034;0.067;0.096;0.101;0.168
Porto-Vecchio;41.59;9.27;31/05/2026;11:00;28.4;50;17.0;30.7;0;0.0;0.0;0.0;0.0;0.0;0;P1;Ensoleillé;1016.8;1009.8;0;0;0;0;40940.0;0.23;1.94;7.9;19.8;210;33.8;31.0;24.5;22.4;0.034;0.067;0.096;0.101;0.168
Porto-Vecchio;41.59;9.27;31/05/2026;12:00;29.5;41;14.9;31.1;0;0.0;0.0;0.0;0.0;0.0;0;P1;Ensoleillé;1016.5;1009.5;6;4;2;0;42060.0;0.25;2.44;11.2;26.6;225;36.2;33.0;25.5;22.3;0.033;0.067;0.096;0.1;0.168
Porto-Vecchio;41.59;9.27;31/05/2026;13:00;30.6;35;13.4;31.8;0;0.0;0.0;0.0;0.0;0.0;0;P1;Ensoleillé;1016.2;1009.3;8;0;7;1;43580.0;0.24;2.85;12.3;29.2;238;38.0;34.7;26.4;22.4;0.033;0.067;0.096;0.1;0.168
Porto-Vecchio;41.59;9.27;31/05/2026;14:00;31.2;33;13.0;32.4;0;0.0;0.0;0.0;0.0;0.0;3;P4;Nuageux;1015.6;1008.7;50;0;0;50;44240.0;0.22;3.05;12.4;30.6;234;38.3;36.2;27.2;22.4;0.032;0.067;0.096;0.1;0.168
Porto-Vecchio;41.59;9.27;31/05/2026;15:00;30.7;33;12.6;31.7;0;0.0;0.0;0.0;0.0;0.0;3;P4;Nuageux;1015.2;1008.3;100;13;0;100;44340.0;0.19;2.96;10.1;30.2;235;36.1;36.1;28.0;22.4;0.032;0.067;0.096;0.1;0.167
Porto-Vecchio;41.59;9.27;31/05/2026;16:00;29.6;38;13.8;30.6;0;0.0;0.0;0.0;0.0;0.0;3;P4;Nuageux;1014.9;1007.9;100;1;0;100;42800.0;0.16;2.57;5.4;29.5;266;33.5;35.0;28.6;22.5;0.032;0.067;0.096;0.1;0.167
Porto-Vecchio;41.59;9.27;31/05/2026;17:00;29.3;40;14.3;29.4;0;0.0;0.0;0.0;0.0;0.0;3;P4;Nuageux;1014.5;1007.5;100;0;0;100;42440.0;0.14;2.44;9.0;25.2;241;32.6;33.9;29.0;22.5;0.032;0.067;0.096;0.1;0.167
Porto-Vecchio;41.59;9.27;31/05/2026;18:00;28.9;35;11.9;27.6;0;0.0;0.0;0.0;0.0;0.0;3;P4;Nuageux;1014.3;1007.3;100;0;0;100;43920.0;0.12;2.58;12.9;30.2;240;31.2;32.4;29.3;22.6;0.032;0.067;0.096;0.1;0.167
Porto-Vecchio;41.59;9.27;31/05/2026;19:00;28.2;34;10.8;26.4;0;0.0;0.0;0.0;0.0;0.0;3;P4;Nuageux;1014.2;1007.2;87;0;0;87;44440.0;0.1;2.52;13.9;31.0;253;28.3;31.6;29.3;22.7;0.032;0.067;0.096;0.1;0.167
Porto-Vecchio;41.59;9.27;31/05/2026;20:00;26.4;38;11.0;25.3;0;0.0;0.0;0.0;0.0;0.0;3;P4;Nuageux;1014.5;1007.5;53;0;0;53;43520.0;0.07;2.14;10.0;29.9;257;25.5;30.6;29.3;22.7;0.032;0.067;0.096;0.1;0.167
Porto-Vecchio;41.59;9.27;31/05/2026;21:00;25.2;42;11.4;24.2;0;0.0;0.0;0.0;0.0;0.0;1;P2;Éclaircies;1014.7;1007.6;40;0;0;40;42820.0;0.05;1.86;9.6;28.1;257;24.1;29.1;29.2;22.8;0.032;0.067;0.096;0.1;0.167
Porto-Vecchio;41.59;9.27;31/05/2026;22:00;23.8;47;11.8;23.1;0;0.0;0.0;0.0;0.0;0.0;1;P2;Éclaircies;1015.0;1007.9;28;0;0;28;42140.0;0.04;1.57;9.1;25.2;252;23.0;27.6;28.9;22.9;0.032;0.067;0.096;0.1;0.167
Porto-Vecchio;41.59;9.27;31/05/2026;23:00;22.8;52;12.5;22.3;0;0.0;0.0;0.0;0.0;0.0;1;P2;Éclaircies;1015.1;1008.0;15;0;0;15;41440.0;0.03;1.33;8.9;23.8;249;22.3;26.3;28.5;22.9;0.032;0.067;0.096;0.1;0.167
Porto-Vecchio;41.59;9.27;01/06/2026;00:00;22.4;55;12.9;21.9;0;0.0;0.0;0.0;0.0;0.0;0;P1;Ensoleillé;1015.0;1007.9;10;0;0;10;41440.0;0.03;1.22;9.7;24.8;248;21.8;25.6;28.1;23.0;0.032;0.067;0.096;0.1;0.167
Porto-Vecchio;41.59;9.27;01/06/2026;01:00;22.3;56;13.1;21.6;0;0.0;0.0;0.0;0.0;0.0;0;P1;Ensoleillé;1014.8;1007.7;5;0;0;5;41420.0;0.03;1.18;11.0;27.0;247;21.6;25.1;27.7;23.0;0.033;0.066;0.096;0.1;0.167
Porto-Vecchio;41.59;9.27;01/06/2026;02:00;22.2;59;13.8;21.6;0;0.0;0.0;0.0;0.0;0.0;0;P1;Ensoleillé;1014.5;1007.4;0;0;0;0;41420.0;0.03;1.1;12.1;29.2;247;21.5;24.8;27.3;23.0;0.033;0.066;0.096;0.1;0.167
Porto-Vecchio;41.59;9.27;01/06/2026;03:00;22.0;64;14.9;21.7;0;0.0;0.0;0.0;0.0;0.0;1;P2;Éclaircies;1014.1;1007.0;6;4;0;2;40240.0;0.03;0.95;12.8;31.0;248;21.3;24.4;26.9;23.0;0.033;0.066;0.096;0.1;0.167
Porto-Vecchio;41.59;9.27;01/06/2026;04:00;21.8;70;16.1;21.9;1;0.0;0.0;0.0;0.0;0.0;1;P2;Éclaircies;1013.6;1006.5;12;8;1;5;39080.0;0.02;0.78;13.4;33.1;250;21.3;24.0;26.6;23.0;0.033;0.066;0.096;0.1;0.167
Porto-Vecchio;41.59;9.27;01/06/2026;05:00;21.8;74;17.0;22.2;2;0.0;0.0;0.0;0.0;0.0;1;P2;Éclaircies;1013.3;1006.2;18;12;1;7;37900.0;0.02;0.68;14.2;35.3;249;21.6;23.9;26.3;23.0;0.033;0.066;0.096;0.1;0.167
Porto-Vecchio;41.59;9.27;01/06/2026;06:00;22.2;73;17.2;22.5;2;0.0;0.0;0.0;0.0;0.0;3;P4;Nuageux;1013.3;1006.2;45;10;1;38;38160.0;0.02;0.72;15.5;37.4;248;22.6;23.9;25.9;23.0;0.033;0.066;0.096;0.1;0.167
Porto-Vecchio;41.59;9.27;01/06/2026;07:00;22.8;70;17.1;22.9;3;0.0;0.0;0.0;0.0;0.0;3;P4;Nuageux;1013.5;1006.4;73;7;0;69;38400.0;0.03;0.83;16.8;39.6;247;24.0;24.2;25.6;23.0;0.034;0.066;0.096;0.1;0.167
Porto-Vecchio;41.59;9.27;01/06/2026;08:00;23.6;66;16.9;23.4;3;0.0;0.0;0.0;0.0;0.0;3;P4;Nuageux;1013.7;1006.6;100;5;0;100;38660.0;0.04;0.99;18.1;42.5;247;25.7;24.9;25.4;23.0;0.034;0.066;0.096;0.1;0.167
Porto-Vecchio;41.59;9.27;01/06/2026;09:00;24.5;64;17.3;24.2;3;0.0;0.0;0.0;0.0;0.0;3;P4;Nuageux;1013.8;1006.7;88;10;0;84;38760.0;0.07;1.11;19.8;46.4;245;27.6;26.3;25.4;23.0;0.034;0.066;0.096;0.1;0.167
Porto-Vecchio;41.59;9.27;01/06/2026;10:00;25.6;61;17.5;25.1;2;0.0;0.0;0.0;0.0;0.0;3;P4;Nuageux;1013.8;1006.8;76;16;0;67;38840.0;0.11;1.28;22.1;51.1;244;29.7;28.1;25.5;23.0;0.034;0.066;0.095;0.1;0.167
Porto-Vecchio;41.59;9.27;01/06/2026;11:00;26.7;58;17.7;26.4;2;0.0;0.0;0.0;0.0;0.0;3;P4;Nuageux;1013.8;1006.8;64;21;0;51;38940.0;0.14;1.47;23.2;54.0;244;31.5;29.8;25.8;23.0;0.034;0.066;0.095;0.1;0.167
Porto-Vecchio;41.59;9.27;01/06/2026;12:00;27.7;54;17.5;28.0;1;0.0;0.0;0.0;0.0;0.0;1;P2;Éclaircies;1013.6;1006.6;44;14;0;35;39740.0;0.16;1.71;23.1;54.4;247;33.1;31.6;26.3;23.0;0.034;0.066;0.095;0.1;0.167
Porto-Vecchio;41.59;9.27;01/06/2026;13:00;28.7;49;16.9;29.3;0;0.0;0.0;0.0;0.0;0.0;1;P2;Éclaircies;1013.4;1006.4;23;7;0;19;40520.0;0.18;2.0;22.3;53.3;252;34.4;33.3;26.9;23.0;0.033;0.066;0.095;0.1;0.166
Porto-Vecchio;41.59;9.27;01/06/2026;14:00;29.2;44;15.7;29.7;0;0.0;0.0;0.0;0.0;0.0;1;P2;Éclaircies;1013.1;1006.1;3;0;0;3;41320.0;0.19;2.27;21.6;51.8;255;35.0;34.5;27.5;23.0;0.033;0.066;0.095;0.1;0.166
Porto-Vecchio;41.59;9.27;01/06/2026;15:00;29.3;40;14.3;29.2;0;0.0;0.0;0.0;0.0;0.0;3;P4;Nuageux;1012.8;1005.8;32;0;4;32;41920.0;0.19;2.44;21.1;51.1;256;34.6;35.0;28.1;23.0;0.033;0.066;0.095;0.1;0.166
Porto-Vecchio;41.59;9.27;01/06/2026;16:00;28.9;35;11.9;27.8;0;0.0;0.0;0.0;0.0;0.0;3;P4;Nuageux;1012.5;1005.5;61;0;8;60;42520.0;0.19;2.59;20.4;50.0;256;33.4;34.9;28.7;23.0;0.032;0.066;0.095;0.1;0.166
Porto-Vecchio;41.59;9.27;01/06/2026;17:00;28.3;33;10.5;26.2;0;0.0;0.0;0.0;0.0;0.0;3;P4;Nuageux;1012.3;1005.3;90;0;12;89;43120.0;0.18;2.57;19.4;48.2;255;31.7;34.4;29.1;23.1;0.032;0.066;0.095;0.1;0.166
Porto-Vecchio;41.59;9.27;01/06/2026;18:00;27.2;33;9.5;24.5;0;0.0;0.0;0.0;0.0;0.0;0;P1;Ensoleillé;1012.2;1005.2;60;0;8;59;43140.0;0.16;2.41;17.7;44.6;253;29.4;33.2;29.4;23.1;0.032;0.066;0.095;0.1;0.166
Porto-Vecchio;41.59;9.27;01/06/2026;19:00;25.8;35;9.2;23.2;0;0.0;0.0;0.0;0.0;0.0;0;P1;Ensoleillé;1012.3;1005.3;30;0;4;30;43160.0;0.14;2.16;15.8;40.3;253;26.6;31.5;29.5;23.2;0.032;0.066;0.095;0.1;0.165
Porto-Vecchio;41.59;9.27;01/06/2026;20:00;24.5;37;8.9;22.2;0;0.0;0.0;0.0;0.0;0.0;0;P1;Ensoleillé;1012.4;1005.3;0;0;0;0;43180.0;0.12;1.94;13.8;36.0;250;24.3;29.8;29.5;23.2;0.032;0.066;0.095;0.1;0.165
Porto-Vecchio;41.59;9.27;01/06/2026;21:00;23.6;40;9.2;21.6;0;0.0;0.0;0.0;0.0;0.0;1;P2;Éclaircies;1012.6;1005.5;14;0;0;14;42940.0;0.09;1.75;12.0;32.4;249;22.9;28.4;29.2;23.3;0.032;0.066;0.095;0.1;0.165
Porto-Vecchio;41.59;9.27;01/06/2026;22:00;22.8;43;9.6;21.2;0;0.0;0.0;0.0;0.0;0.0;1;P2;Éclaircies;1012.9;1005.8;27;0;0;27;42700.0;0.06;1.58;10.2;28.8;247;22.1;27.0;28.9;23.3;0.033;0.065;0.095;0.1;0.165
Porto-Vecchio;41.59;9.27;01/06/2026;23:00;22.2;46;10.0;20.9;0;0.0;0.0;0.0;0.0;0.0;1;P2;Éclaircies;1013.1;1006.0;41;0;0;41;42460.0;0.04;1.44;8.7;25.6;246;21.5;25.8;28.4;23.3;0.033;0.065;0.095;0.1;0.165
Porto-Vecchio;41.59;9.27;02/06/2026;00:00;21.7;49;10.5;20.7;0;0.0;0.0;0.0;0.0;0.0;1;P2;Éclaircies;1013.1;1006.0;35;0;0;35;42080.0;0.03;1.32;7.6;23.0;245;21.0;25.0;28.0;23.3;0.033;0.065;0.095;0.1;0.165
Porto-Vecchio;41.59;9.27;02/06/2026;01:00;21.3;51;10.8;20.6;0;0.0;0.0;0.0;0.0;0.0;1;P2;Éclaircies;1013.1;1006.0;30;0;0;30;41680.0;0.03;1.24;6.8;20.9;245;20.7;24.4;27.5;23.3;0.033;0.065;0.095;0.1;0.165
Porto-Vecchio;41.59;9.27;02/06/2026;02:00;21.0;54;11.4;20.5;0;0.0;0.0;0.0;0.0;0.0;1;P2;Éclaircies;1013.0;1005.9;24;0;0;24;41300.0;0.03;1.15;6.1;19.4;242;20.4;23.9;27.0;23.3;0.033;0.065;0.095;0.1;0.165
Porto-Vecchio;41.59;9.27;02/06/2026;03:00;20.7;57;11.9;20.4;0;0.0;0.0;0.0;0.0;0.0;1;P2;Éclaircies;1012.9;1005.7;32;0;0;32;41000.0;0.03;1.05;5.8;18.4;240;20.0;23.3;26.5;23.3;0.033;0.065;0.095;0.1;0.165
Porto-Vecchio;41.59;9.27;02/06/2026;04:00;20.3;59;12.0;20.1;0;0.0;0.0;0.0;0.0;0.0;1;P2;Éclaircies;1012.8;1005.6;39;0;0;39;40700.0;0.02;0.98;6.0;18.0;237;19.6;22.7;25.9;23.3;0.033;0.065;0.095;0.1;0.165
Porto-Vecchio;41.59;9.27;02/06/2026;05:00;20.4;61;12.6;20.2;0;0.0;0.0;0.0;0.0;0.0;1;P2;Éclaircies;1012.7;1005.5;47;0;0;47;40400.0;0.02;0.93;6.5;18.7;236;19.9;22.5;25.5;23.3;0.033;0.065;0.095;0.1;0.165
Porto-Vecchio;41.59;9.27;02/06/2026;06:00;20.9;61;13.1;20.8;0;0.0;0.0;0.0;0.0;0.0;3;P4;Nuageux;1012.8;1005.7;65;0;0;65;40420.0;0.02;0.97;7.5;21.2;235;21.1;22.5;25.0;23.3;0.033;0.065;0.095;0.1;0.165
Porto-Vecchio;41.59;9.27;02/06/2026;07:00;21.8;60;13.7;21.7;0;0.0;0.0;0.0;0.0;0.0;3;P4;Nuageux;1012.9;1005.8;82;0;1;82;40440.0;0.02;1.05;9.1;24.5;236;23.0;22.8;24.6;23.3;0.034;0.065;0.095;0.1;0.165
Porto-Vecchio;41.59;9.27;02/06/2026;08:00;22.9;58;14.2;22.7;0;0.0;0.0;0.0;0.0;0.0;3;P4;Nuageux;1013.0;1005.9;100;0;1;100;40460.0;0.04;1.17;10.7;28.1;237;25.2;23.6;24.4;23.2;0.034;0.065;0.095;0.1;0.165
Porto-Vecchio;41.59;9.27;02/06/2026;09:00;24.2;54;14.3;23.8;0;0.0;0.0;0.0;0.0;0.0;3;P4;Nuageux;1013.0;1005.9;98;2;1;97;40760.0;0.08;1.39;12.2;31.0;242;27.7;25.1;24.4;23.2;0.034;0.065;0.095;0.1;0.165
Porto-Vecchio;41.59;9.27;02/06/2026;10:00;25.6;48;13.8;24.8;0;0.0;0.0;0.0;0.0;0.0;3;P4;Nuageux;1012.9;1005.9;95;4;0;94;41040.0;0.12;1.71;13.9;33.5;245;30.5;27.0;24.6;23.2;0.033;0.065;0.095;0.1;0.165
Porto-Vecchio;41.59;9.27;02/06/2026;11:00;26.9;44;13.6;25.9;0;0.0;0.0;0.0;0.0;0.0;3;P4;Nuageux;1012.8;1005.8;93;6;0;91;41340.0;0.16;1.98;15.7;36.7;250;32.6;28.8;25.0;23.2;0.033;0.065;0.095;0.1;0.165
Porto-Vecchio;41.59;9.27;02/06/2026;12:00;27.8;43;13.9;27.0;0;0.0;0.0;0.0;0.0;0.0;0;P1;Ensoleillé;1012.6;1005.6;64;4;0;62;43125.0;0.18;2.13;19.0;41.8;251;32.4;30.0;25.3;23.0;0.033;0.064;0.095;0.1;0.161
Porto-Vecchio;41.59;9.27;02/06/2026;13:00;28.5;42;14.5;28.1;0;0.0;0.0;0.0;0.0;0.0;0;P1;Ensoleillé;1012.2;1005.3;32;2;0;32;44890.0;0.19;2.24;22.4;46.8;251;31.6;30.9;25.5;22.9;0.032;0.063;0.094;0.1;0.157
Porto-Vecchio;41.59;9.27;02/06/2026;14:00;29.0;43;15.1;28.7;0;0.0;0.0;0.0;0.0;0.0;0;P1;Ensoleillé;1012.0;1005.0;0;0;0;0;46635.0;0.19;2.3;24.8;49.9;250;30.5;31.0;25.5;22.7;0.032;0.062;0.094;0.1;0.153
Porto-Vecchio;41.59;9.27;02/06/2026;15:00;28.8;46;16.0;28.3;0;0.0;0.0;0.0;0.0;0.0;3;P4;Nuageux;1011.6;1004.6;33;0;33;28;46800.0;0.0;2.13;26.2;51.8;249;28.7;30.2;25.5;22.6;0.032;0.061;0.094;0.1;0.149
Porto-Vecchio;41.59;9.27;02/06/2026;16:00;27.9;49;16.2;27.1;0;0.0;0.0;0.0;0.0;0.0;3;P4;Nuageux;1011.3;1004.3;67;0;67;57;45260.0;0.0;1.92;26.1;52.9;252;27.5;29.8;25.9;22.6;0.032;0.061;0.094;0.1;0.148
Porto-Vecchio;41.59;9.27;02/06/2026;17:00;27.1;52;16.4;25.8;0;0.0;0.0;0.0;0.0;0.0;3;P4;Nuageux;1011.0;1004.0;100;0;100;85;43700.0;0.0;1.72;25.1;52.2;254;26.2;29.2;26.2;22.6;0.032;0.061;0.094;0.1;0.148
Porto-Vecchio;41.59;9.27;02/06/2026;18:00;26.3;55;16.6;25.2;0;0.0;0.0;0.0;0.0;0.0;3;P4;Nuageux;1010.8;1003.8;100;0;100;90;33320.0;0.0;1.54;23.2;48.2;254;25.2;28.4;26.3;22.6;0.032;0.061;0.094;0.1;0.148
Porto-Vecchio;41.59;9.27;02/06/2026;19:00;25.6;57;16.5;24.9;0;0.0;0.0;0.0;0.0;0.0;3;P4;Nuageux;1010.5;1003.5;100;0;99;95;22960.0;0.0;1.41;20.6;42.8;251;24.3;27.4;26.3;22.7;0.032;0.061;0.094;0.1;0.148
Porto-Vecchio;41.59;9.27;02/06/2026;20:00;25.0;58;16.2;24.5;0;0.0;0.0;0.0;0.0;0.0;3;P4;Nuageux;1010.4;1003.4;100;0;99;100;12580.0;0.0;1.33;18.3;37.8;248;23.5;26.6;26.2;22.7;0.032;0.061;0.094;0.1;0.148
Porto-Vecchio;41.59;9.27;02/06/2026;21:00;24.7;55;15.1;23.9;0;0.0;0.0;0.0;0.0;0.0;3;P4;Nuageux;1010.4;1003.4;100;0;89;100;22960.0;0.0;1.4;16.9;34.6;246;23.1;25.9;26.1;22.7;0.032;0.061;0.094;0.1;0.148
Porto-Vecchio;41.59;9.27;02/06/2026;22:00;24.6;51;13.8;23.5;0;0.0;0.0;0.0;0.0;0.0;3;P4;Nuageux;1010.5;1003.5;100;0;78;100;33340.0;0.0;1.51;15.8;32.0;246;22.9;25.3;25.8;22.7;0.032;0.061;0.094;0.1;0.148
Porto-Vecchio;41.59;9.27;02/06/2026;23:00;24.4;48;12.6;23.0;0;0.0;0.0;0.0;0.0;0.0;3;P4;Nuageux;1010.5;1003.5;100;0;68;100;43720.0;0.0;1.59;15.1;30.2;245;22.8;24.9;25.6;22.7;0.032;0.061;0.094;0.1;0.148
Porto-Vecchio;41.59;9.27;03/06/2026;00:00;24.1;48;12.4;22.6;0;0.0;0.0;0.0;0.0;0.0;3;P4;Nuageux;1010.3;1003.2;100;0;79;100;43740.0;0.0;1.56;15.0;29.9;243;22.6;24.5;25.4;22.7;0.032;0.061;0.094;0.1;0.148
Porto-Vecchio;41.59;9.27;03/06/2026;01:00;23.8;50;12.7;22.4;0;0.0;0.0;0.0;0.0;0.0;3;P4;Nuageux;1010.1;1003.0;100;0;89;100;43740.0;0.0;1.47;15.3;30.2;243;22.5;24.3;25.2;22.7;0.032;0.06;0.094;0.1;0.148
Porto-Vecchio;41.59;9.27;03/06/2026;02:00;23.4;53;13.3;22.2;0;0.0;0.0;0.0;0.0;0.0;3;P4;Nuageux;1009.8;1002.7;100;0;100;100;43760.0;0.0;1.35;15.8;31.3;243;22.4;24.1;25.0;22.7;0.032;0.06;0.094;0.1;0.148
Porto-Vecchio;41.59;9.27;03/06/2026;03:00;23.0;57;14.0;21.9;0;0.0;0.0;0.0;0.0;0.0;3;P4;Nuageux;1009.5;1002.4;100;0;93;100;43780.0;0.0;1.21;16.7;33.1;245;22.1;23.9;24.8;22.7;0.032;0.06;0.094;0.1;0.148
Porto-Vecchio;41.59;9.27;03/06/2026;04:00;22.6;60;14.4;21.4;0;0.0;0.0;0.0;0.0;0.0;3;P4;Nuageux;1009.3;1002.2;100;0;87;100;43780.0;0.0;1.09;18.2;35.3;245;21.9;23.7;24.6;22.7;0.033;0.06;0.094;0.1;0.148
Porto-Vecchio;41.59;9.27;03/06/2026;05:00;22.4;62;14.8;21.2;1;0.0;0.0;0.0;0.0;0.0;3;P4;Nuageux;1009.1;1002.0;100;0;80;100;43800.0;0.0;1.03;19.1;36.7;248;21.9;23.5;24.4;22.7;0.033;0.06;0.094;0.1;0.148
Porto-Vecchio;41.59;9.27;03/06/2026;06:00;22.7;59;14.2;21.3;1;0.0;0.0;0.0;0.0;0.0;1;P2;Éclaircies;1009.1;1002.0;75;0;62;67;43800.0;0.0;1.13;19.1;36.7;250;22.3;23.4;24.2;22.7;0.033;0.06;0.094;0.1;0.148
Porto-Vecchio;41.59;9.27;03/06/2026;07:00;23.2;54;13.4;21.5;1;0.0;0.0;0.0;0.0;0.0;1;P2;Éclaircies;1009.2;1002.1;51;0;44;33;43800.0;0.0;1.31;19.1;36.0;254;23.0;23.4;24.0;22.7;0.033;0.06;0.093;0.1;0.148
Porto-Vecchio;41.59;9.27;03/06/2026;08:00;23.8;49;12.4;21.6;2;0.0;0.0;0.0;0.0;0.0;1;P2;Éclaircies;1009.4;1002.3;26;0;26;0;43800.0;0.0;1.5;19.9;37.1;257;23.8;23.7;23.9;22.7;0.033;0.06;0.093;0.1;0.148
Porto-Vecchio;41.59;9.27;03/06/2026;09:00;24.3;46;12.0;21.7;2;0.0;0.0;0.0;0.0;0.0;0;P1;Ensoleillé;1009.7;1002.7;17;0;17;0;43800.0;0.0;1.64;22.3;41.8;261;24.9;24.6;23.9;22.7;0.033;0.06;0.093;0.1;0.148
Porto-Vecchio;41.59;9.27;03/06/2026;10:00;24.9;44;11.8;21.8;2;0.0;0.0;0.0;0.0;0.0;0;P1;Ensoleillé;1010.1;1003.1;9;0;9;0;43800.0;0.0;1.77;25.0;48.2;263;26.0;25.7;24.0;22.7;0.032;0.06;0.093;0.1;0.148
Porto-Vecchio;41.59;9.27;03/06/2026;11:00;25.4;43;11.9;22.5;3;0.0;0.0;0.0;0.0;0.0;0;P1;Ensoleillé;1010.4;1003.4;0;0;0;0;43800.0;0.0;1.85;27.8;54.0;266;26.9;26.7;24.2;22.7;0.032;0.06;0.093;0.1;0.148
Porto-Vecchio;41.59;9.27;03/06/2026;12:00;25.7;43;12.2;23.0;3;0.0;0.0;0.0;0.0;0.0;0;P1;Ensoleillé;1010.4;1003.4;0;0;0;0;45320.0;0.0;1.88;30.3;58.7;268;27.4;27.5;24.4;22.7;0.032;0.06;0.093;0.1;0.148
Porto-Vecchio;41.59;9.27;03/06/2026;13:00;25.9;43;12.3;23.4;3;0.0;0.0;0.0;0.0;0.0;0;P1;Ensoleillé;1010.3;1003.3;0;0;0;0;46860.0;0.0;1.9;32.0;62.3;270;27.5;28.1;24.7;22.7;0.032;0.06;0.093;0.1;0.147
Porto-Vecchio;41.59;9.27;03/06/2026;14:00;25.9;43;12.4;23.4;3;0.0;0.0;0.0;0.0;0.0;0;P1;Ensoleillé;1010.1;1003.1;0;0;0;0;48380.0;0.0;1.91;33.1;64.8;271;27.4;28.5;25.0;22.7;0.032;0.06;0.093;0.1;0.147
Porto-Vecchio;41.59;9.27;03/06/2026;15:00;25.9;43;12.4;23.3;3;0.0;0.0;0.0;0.0;0.0;0;P1;Ensoleillé;1009.9;1002.9;0;0;0;0;47080.0;0.0;1.91;32.8;65.9;273;27.2;28.6;25.3;22.7;0.032;0.06;0.093;0.1;0.147
Porto-Vecchio;41.59;9.27;03/06/2026;16:00;25.8;43;12.3;23.1;3;0.0;0.0;0.0;0.0;0.0;0;P1;Ensoleillé;1009.7;1002.7;0;0;0;0;45800.0;0.0;1.9;31.4;65.9;274;26.7;28.5;25.5;22.7;0.032;0.06;0.093;0.1;0.147
Porto-Vecchio;41.59;9.27;03/06/2026;17:00;25.5;43;12.0;22.5;2;0.0;0.0;0.0;0.0;0.0;0;P1;Ensoleillé;1009.7;1002.7;0;0;0;0;44520.0;0.0;1.86;29.2;63.4;274;26.0;28.2;25.7;22.7;0.032;0.06;0.093;0.1;0.147
Porto-Vecchio;41.59;9.27;03/06/2026;18:00;24.9;44;11.8;21.7;2;0.0;0.0;0.0;0.0;0.0;0;P1;Ensoleillé;1009.9;1002.9;0;0;0;0;43220.0;0.0;1.77;25.6;56.9;270;24.9;27.6;25.8;22.7;0.032;0.06;0.093;0.1;0.147
Porto-Vecchio;41.59;9.27;03/06/2026;19:00;24.1;46;11.7;21.5;2;0.0;0.0;0.0;0.0;0.0;0;P1;Ensoleillé;1010.3;1003.2;1;0;0;1;41940.0;0.0;1.62;21.1;47.5;262;23.5;26.7;25.9;22.8;0.032;0.06;0.093;0.1;0.146
Porto-Vecchio;41.59;9.27;03/06/2026;20:00;23.3;48;11.7;21.2;1;0.0;0.0;0.0;0.0;0.0;0;P1;Ensoleillé;1010.7;1003.6;1;0;0;1;40640.0;0.0;1.49;17.9;39.6;255;22.4;25.8;25.8;22.8;0.032;0.06;0.093;0.1;0.146
Porto-Vecchio;41.59;9.27;03/06/2026;21:00;22.7;50;11.7;20.9;1;0.0;0.0;0.0;0.0;0.0;0;P1;Ensoleillé;1011.2;1004.1;1;0;0;1;40220.0;0.0;1.38;15.7;33.8;254;21.7;24.9;25.6;22.8;0.032;0.06;0.093;0.1;0.146
Porto-Vecchio;41.59;9.27;03/06/2026;22:00;22.1;51;11.5;20.5;0;0.0;0.0;0.0;0.0;0.0;0;P1;Ensoleillé;1011.8;1004.7;0;0;0;0;39800.0;0.0;1.3;13.9;29.2;260;21.3;23.8;25.3;22.8;0.032;0.06;0.093;0.1;0.146
Porto-Vecchio;41.59;9.27;03/06/2026;23:00;21.6;52;11.3;20.2;0;0.0;0.0;0.0;0.0;0.0;0;P1;Ensoleillé;1012.2;1005.1;0;0;0;0;39400.0;0.0;1.24;12.7;25.6;263;21.0;23.0;25.0;22.8;0.032;0.06;0.093;0.1;0.146
Porto-Vecchio;41.59;9.27;04/06/2026;00:00;21.4;52;11.2;20.0;0;0.0;0.0;0.0;0.0;0.0;0;P1;Ensoleillé;1012.4;1005.3;0;0;0;0;38980.0;0.0;1.22;12.0;23.8;263;20.8;22.6;24.7;22.8;0.032;0.06;0.093;0.1;0.146
Porto-Vecchio;41.59;9.27;04/06/2026;01:00;21.4;51;10.8;19.9;0;0.0;0.0;0.0;0.0;0.0;0;P1;Ensoleillé;1012.6;1005.5;0;0;0;0;38560.0;0.0;1.25;11.7;23.0;261;20.7;22.3;24.4;22.8;0.033;0.06;0.093;0.1;0.146
Porto-Vecchio;41.59;9.27;04/06/2026;02:00;21.4;51;10.8;20.0;0;0.0;0.0;0.0;0.0;0.0;0;P1;Ensoleillé;1012.6;1005.5;0;0;0;0;38140.0;0.0;1.25;11.3;22.3;261;20.6;22.1;24.1;22.8;0.033;0.06;0.093;0.1;0.146
Porto-Vecchio;41.59;9.27;04/06/2026;03:00;21.2;52;11.0;19.9;0;0.0;0.0;0.0;0.0;0.0;1;P2;Éclaircies;1012.5;1005.4;5;0;0;5;38560.0;0.0;1.21;10.9;21.6;262;20.4;21.8;23.8;22.8;0.033;0.06;0.093;0.1;0.146
Porto-Vecchio;41.59;9.27;04/06/2026;04:00;21.1;54;11.4;20.0;1;0.0;0.0;0.0;0.0;0.0;1;P2;Éclaircies;1012.2;1005.1;9;0;0;9;38980.0;0.0;1.15;10.5;20.9;264;20.2;21.5;23.5;22.7;0.033;0.06;0.093;0.1;0.146
Porto-Vecchio;41.59;9.27;04/06/2026;05:00;21.2;54;11.5;20.2;1;0.0;0.0;0.0;0.0;0.0;1;P2;Éclaircies;1012.1;1005.0;14;0;0;14;39400.0;0.0;1.16;10.5;20.9;264;20.4;21.4;23.3;22.7;0.033;0.06;0.093;0.1;0.146
Porto-Vecchio;41.59;9.27;04/06/2026;06:00;21.9;51;11.3;20.7;2;0.0;0.0;0.0;0.0;0.0;2;P8;Éclaircies;1012.3;1005.2;30;0;0;30;39800.0;0.0;1.29;10.7;20.9;258;21.4;21.5;23.0;22.7;0.033;0.06;0.093;0.1;0.146
Porto-Vecchio;41.59;9.27;04/06/2026;07:00;22.9;47;11.0;21.5;3;0.0;0.0;0.0;0.0;0.0;2;P8;Éclaircies;1012.6;1005.5;45;0;0;45;40220.0;0.0;1.48;11.0;21.6;251;22.8;21.8;22.8;22.7;0.033;0.06;0.093;0.1;0.146
Porto-Vecchio;41.59;9.27;04/06/2026;08:00;23.8;44;10.8;22.3;4;0.0;0.0;0.0;0.0;0.0;2;P8;Éclaircies;1012.8;1005.7;61;0;0;61;40640.0;0.0;1.65;12.2;23.8;246;24.2;22.5;22.7;22.7;0.033;0.06;0.093;0.1;0.146
Porto-Vecchio;41.59;9.27;04/06/2026;09:00;24.7;44;11.6;23.0;5;0.0;0.0;0.0;0.0;0.0;3;P4;Nuageux;1012.9;1005.8;74;0;0;74;41180.0;0.0;1.74;15.0;28.8;246;25.4;23.7;22.8;22.7;0.033;0.06;0.093;0.1;0.146
Porto-Vecchio;41.59;9.27;04/06/2026;10:00;25.6;45;12.8;23.8;6;0.0;0.0;0.0;0.0;0.0;3;P4;Nuageux;1012.9;1005.9;87;0;0;87;41720.0;0.0;1.81;18.3;34.9;248;26.6;25.3;23.0;22.6;0.032;0.06;0.093;0.1;0.146
Porto-Vecchio;41.59;9.27;04/06/2026;11:00;26.4;46;13.9;25.2;6;0.0;0.0;0.0;0.0;0.0;3;P4;Nuageux;1012.9;1005.9;100;0;0;100;42280.0;0.0;1.86;20.9;40.3;249;27.5;26.8;23.3;22.6;0.032;0.06;0.093;0.1;0.146
Porto-Vecchio;41.59;9.27;04/06/2026;12:00;27.2;45;14.2;26.3;7;0.0;0.0;0.0;0.0;0.0;3;P4;Nuageux;1012.7;1005.7;100;0;0;100;42820.0;0.0;1.98;22.5;43.6;248;28.3;27.9;23.7;22.6;0.032;0.06;0.093;0.1;0.146
Porto-Vecchio;41.59;9.27;04/06/2026;13:00;27.8;43;14.1;27.1;8;0.0;0.0;0.0;0.0;0.0;3;P4;Nuageux;1012.5;1005.5;100;0;0;100;43360.0;0.0;2.13;23.6;45.4;249;28.9;28.9;24.2;22.6;0.032;0.06;0.093;0.1;0.145
Porto-Vecchio;41.59;9.27;04/06/2026;14:00;28.2;42;14.1;27.5;8;0.0;0.0;0.0;0.0;0.0;3;P4;Nuageux;1012.2;1005.2;100;0;0;100;43900.0;0.0;2.22;24.1;46.8;248;29.0;29.6;24.6;22.6;0.032;0.06;0.093;0.1;0.145
Porto-Vecchio;41.59;9.27;04/06/2026;15:00;28.3;42;14.1;27.4;8;0.0;0.0;0.0;0.0;0.0;2;P8;Éclaircies;1011.8;1004.8;85;0;19;67;42500.0;0.0;2.23;23.9;48.2;249;28.6;29.8;25.1;22.6;0.032;0.06;0.093;0.1;0.145
Porto-Vecchio;41.59;9.27;04/06/2026;16:00;28.0;42;13.9;26.8;8;0.0;0.0;0.0;0.0;0.0;2;P8;Éclaircies;1011.4;1004.4;71;0;37;33;41080.0;0.0;2.19;23.5;49.3;249;27.8;29.7;25.5;22.6;0.032;0.06;0.093;0.1;0.145
Porto-Vecchio;41.59;9.27;04/06/2026;17:00;27.6;43;13.9;25.9;9;0.0;0.0;0.0;0.0;0.0;2;P8;Éclaircies;1011.0;1004.0;56;0;56;0;39680.0;0.0;2.11;22.3;48.2;249;26.9;29.3;25.8;22.6;0.032;0.06;0.093;0.1;0.145
Porto-Vecchio;41.59;9.27;04/06/2026;18:00;27.0;44;13.7;25.3;9;0.0;0.0;0.0;0.0;0.0;3;P4;Nuageux;1010.8;1003.8;68;0;66;21;38280.0;0.0;2.0;20.0;43.6;247;25.9;28.7;26.0;22.6;0.032;0.06;0.093;0.1;0.145
Porto-Vecchio;41.59;9.27;04/06/2026;19:00;26.3;45;13.4;24.8;9;0.0;0.0;0.0;0.0;0.0;3;P4;Nuageux;1010.6;1003.6;79;0;76;43;36860.0;0.0;1.88;17.2;36.7;241;24.7;27.9;26.2;22.7;0.032;0.06;0.092;0.1;0.145
Porto-Vecchio;41.59;9.27;04/06/2026;20:00;25.5;47;13.3;24.3;9;0.0;0.0;0.0;0.0;0.0;3;P4;Nuageux;1010.6;1003.6;91;0;86;64;35460.0;0.0;1.73;15.1;31.0;237;23.8;27.1;26.2;22.7;0.032;0.06;0.092;0.1;0.145
Porto-Vecchio;41.59;9.27;04/06/2026;21:00;24.7;49;13.3;23.7;8;0.0;0.0;0.0;0.0;0.0;3;P4;Nuageux;1010.8;1003.8;94;0;82;76;32800.0;0.0;1.59;13.8;27.7;237;23.2;26.2;26.1;22.7;0.032;0.06;0.092;0.1;0.145
Porto-Vecchio;41.59;9.27;04/06/2026;22:00;24.0;52;13.5;23.2;8;0.0;0.0;0.0;0.0;0.0;3;P4;Nuageux;1011.1;1004.0;97;0;77;88;30140.0;0.0;1.43;12.9;25.6;240;22.8;25.4;25.9;22.7;0.032;0.06;0.092;0.1;0.145
Porto-Vecchio;41.59;9.27;04/06/2026;23:00;23.3;56;14.0;22.7;8;0.0;0.0;0.0;0.0;0.0;3;P4;Nuageux;1011.3;1004.2;100;0;73;100;27500.0;0.0;1.26;12.6;25.2;243;22.4;24.7;25.6;22.7;0.032;0.06;0.092;0.1;0.145
Porto-Vecchio;41.59;9.27;05/06/2026;00:00;22.0;65;15.1;22.1;7;0.0;0.0;0.0;0.0;0.0;0;P1;Ensoleillé;1009.9;1002.8;68;1;38;67;24840.0;0.0;0.93;11.2;21.4;189;21.5;24.1;25.4;22.7;0.032;0.06;0.092;0.1;0.145
Porto-Vecchio;41.59;9.27;05/06/2026;01:00;21.0;72;15.7;21.6;6;0.0;0.0;0.0;0.0;0.0;0;P1;Ensoleillé;1008.3;1001.2;50;1;13;50;22180.0;0.0;0.7;9.3;17.5;300;20.6;23.6;25.1;22.8;0.032;0.06;0.092;0.1;0.145
Porto-Vecchio;41.59;9.27;05/06/2026;02:00;20.3;76;15.9;21.4;4;0.0;0.0;0.0;0.0;0.0;0;P1;Ensoleillé;1006.8;999.7;49;1;1;47;19520.0;0.0;0.58;6.6;12.7;302;19.9;23.3;24.9;22.8;0.032;0.06;0.092;0.1;0.145
Porto-Vecchio;41.59;9.27;05/06/2026;03:00;20.1;76;15.8;21.5;2;0.0;0.0;0.0;0.0;0.0;2;P8;Éclaircies;1005.2;998.1;60;4;0;56;18920.0;0.0;0.56;4.5;8.3;286;19.6;;;;;;;;
Porto-Vecchio;41.59;9.27;05/06/2026;04:00;20.6;74;15.7;21.5;2;0.0;0.0;0.0;0.0;0.0;2;P8;Éclaircies;1004.8;997.7;56;10;0;45;18320.0;0.0;0.64;7.3;11.2;263;20.3;;;;;;;;
Porto-Vecchio;41.59;9.27;05/06/2026;05:00;21.3;71;15.7;21.7;3;0.0;0.0;0.0;0.0;0.0;2;P8;Éclaircies;1004.4;997.3;51;18;0;33;17720.0;0.0;0.74;10.8;13.7;252;21.3;;;;;;;;
Porto-Vecchio;41.59;9.27;05/06/2026;06:00;22.0;67;15.7;21.8;4;0.0;0.0;0.0;0.0;0.0;1;P2;Éclaircies;1004.1;997.0;45;25;0;20;17120.0;0.0;0.86;14.7;15.1;246;22.5;;;;;;;;
Porto-Vecchio;41.59;9.27;05/06/2026;07:00;22.7;64;15.7;22.1;5;0.0;0.0;0.0;0.0;0.0;1;P2;Éclaircies;1003.8;996.8;39;30;0;10;16520.0;0.0;0.98;18.0;16.2;244;23.8;;;;;;;;
Porto-Vecchio;41.59;9.27;05/06/2026;08:00;23.4;62;15.7;22.4;6;0.0;0.0;0.0;0.0;0.0;1;P2;Éclaircies;1003.7;996.7;34;32;0;2;15920.0;0.0;1.09;20.4;16.9;244;25.2;;;;;;;;
Porto-Vecchio;41.59;9.27;05/06/2026;09:00;24.1;60;15.8;22.9;8;0.1;0.1;0.0;0.0;0.0;51;P10;Pluie faible;1003.7;996.7;29;31;0;0;16720.0;0.0;1.2;21.6;18.0;246;26.8;;;;;;;;
Porto-Vecchio;41.59;9.27;05/06/2026;10:00;24.9;58;16.1;23.7;9;0.1;0.1;0.0;0.0;0.0;51;P10;Pluie faible;1003.9;996.9;23;27;0;0;17500.0;0.0;1.32;22.3;18.7;250;29.0;;;;;;;;
Porto-Vecchio;41.59;9.27;05/06/2026;11:00;25.7;56;16.4;24.7;11;0.1;0.1;0.0;0.0;0.0;51;P10;Pluie faible;1004.1;997.1;18;21;1;0;18300.0;0.0;1.45;22.6;19.1;254;31.2;;;;;;;;
Porto-Vecchio;41.59;9.27;05/06/2026;12:00;26.4;55;16.5;26.0;12;0.1;0.1;0.0;0.0;0.0;51;P10;Pluie faible;1004.4;997.4;13;15;1;0;19080.0;0.0;1.56;22.6;19.1;259;33.2;;;;;;;;
Porto-Vecchio;41.59;9.27;05/06/2026;13:00;26.8;53;16.6;26.9;14;0.1;0.1;0.0;0.0;0.0;51;P10;Pluie faible;1004.8;997.8;8;9;1;0;19880.0;0.0;1.64;22.5;18.7;263;34.6;;;;;;;;
Porto-Vecchio;41.59;9.27;05/06/2026;14:00;26.9;52;16.3;27.1;14;0.1;0.1;0.0;0.0;0.0;51;P10;Pluie faible;1005.1;998.1;5;5;1;0;20660.0;0.0;1.68;22.2;18.4;265;35.0;;;;;;;;
Porto-Vecchio;41.59;9.27;05/06/2026;15:00;26.4;52;15.7;26.5;13;0.0;0.0;0.0;0.0;0.0;0;P1;Ensoleillé;1005.5;998.5;3;3;1;0;24020.0;0.0;1.67;21.6;18.4;267;34.1;;;;;;;;
Porto-Vecchio;41.59;9.27;05/06/2026;16:00;25.6;51;14.7;25.2;12;0.0;0.0;0.0;0.0;0.0;0;P1;Ensoleillé;1005.8;998.8;1;1;1;0;27380.0;0.0;1.6;20.5;18.7;268;32.2;;;;;;;;
Porto-Vecchio;41.59;9.27;05/06/2026;17:00;24.4;51;13.6;23.4;10;0.0;0.0;0.0;0.0;0.0;0;P1;Ensoleillé;1006.3;999.3;0;0;1;0;30740.0;0.0;1.5;19.3;18.4;270;29.7;;;;;;;;
Porto-Vecchio;41.59;9.27;05/06/2026;18:00;23.2;51;12.5;21.4;8;0.0;0.0;0.0;0.0;0.0;0;P1;Ensoleillé;1006.7;999.7;0;0;0;0;34100.0;0.0;1.4;17.8;16.9;271;26.9;;;;;;;;
Porto-Vecchio;41.59;9.27;05/06/2026;19:00;22.0;51;11.5;20.1;6;0.0;0.0;0.0;0.0;0.0;0;P1;Ensoleillé;1007.2;1000.1;0;0;0;0;37460.0;0.0;1.29;16.4;15.5;272;24.4;;;;;;;;
Porto-Vecchio;41.59;9.27;05/06/2026;20:00;21.1;52;10.9;19.2;4;0.0;0.0;0.0;0.0;0.0;0;P1;Ensoleillé;1007.7;1000.6;0;0;0;0;40820.0;0.0;1.21;15.3;15.1;273;22.4;;;;;;;;
Porto-Vecchio;41.59;9.27;05/06/2026;21:00;20.4;54;10.6;18.5;3;0.0;0.0;0.0;0.0;0.0;0;P1;Ensoleillé;1008.2;1001.1;0;0;0;0;40380.0;0.0;1.11;14.4;17.6;273;21.0;;;;;;;;
Porto-Vecchio;41.59;9.27;05/06/2026;22:00;19.6;56;10.7;17.9;3;0.0;0.0;0.0;0.0;0.0;0;P1;Ensoleillé;1008.9;1001.7;1;2;0;0;39940.0;0.0;1.0;13.5;21.6;272;19.6;;;;;;;;
Porto-Vecchio;41.59;9.27;05/06/2026;23:00;18.9;60;10.9;17.4;3;0.0;0.0;0.0;0.0;0.0;0;P1;Ensoleillé;1009.5;1002.3;2;3;0;0;39520.0;0.0;0.89;12.8;24.8;271;18.5;;;;;;;;
Porto-Vecchio;41.59;9.27;06/06/2026;00:00;18.4;63;11.1;17.0;3;0.0;0.0;0.0;0.0;0.0;0;P1;Ensoleillé;1010.1;1002.9;3;4;0;0;39080.0;0.0;0.79;12.1;26.6;269;17.7;;;;;;;;
Porto-Vecchio;41.59;9.27;06/06/2026;01:00;18.0;65;11.3;16.7;2;0.0;0.0;0.0;0.0;0.0;0;P1;Ensoleillé;1010.7;1003.5;4;6;0;0;38640.0;0.0;0.72;11.5;28.1;267;17.1;;;;;;;;
Porto-Vecchio;41.59;9.27;06/06/2026;02:00;17.8;66;11.4;16.6;2;0.0;0.0;0.0;0.0;0.0;0;P1;Ensoleillé;1011.2;1004.0;6;6;0;0;38200.0;0.0;0.7;11.2;29.5;266;16.9;;;;;;;;
Porto-Vecchio;41.59;9.27;06/06/2026;03:00;17.9;65;11.3;16.7;2;0.0;0.0;0.0;0.0;0.0;0;P1;Ensoleillé;1011.6;1004.4;8;6;0;3;38620.0;0.0;0.71;11.0;31.0;266;17.1;;;;;;;;
Porto-Vecchio;41.59;9.27;06/06/2026;04:00;18.1;64;11.1;16.9;1;0.0;0.0;0.0;0.0;0.0;0;P1;Ensoleillé;1012.0;1004.8;12;5;0;7;39020.0;0.0;0.75;10.8;32.4;266;17.7;;;;;;;;
Porto-Vecchio;41.59;9.27;06/06/2026;05:00;18.5;61;10.9;17.2;1;0.0;0.0;0.0;0.0;0.0;0;P1;Ensoleillé;1012.3;1005.1;15;4;0;11;39440.0;0.0;0.82;11.0;33.5;266;18.5;;;;;;;;
Porto-Vecchio;41.59;9.27;06/06/2026;06:00;19.0;59;10.7;17.7;1;0.0;0.0;0.0;0.0;0.0;0;P1;Ensoleillé;1012.6;1005.4;18;3;0;16;39840.0;0.0;0.91;11.0;33.8;266;19.7;;;;;;;;
Porto-Vecchio;41.59;9.27;06/06/2026;07:00;19.7;55;10.5;18.3;0;0.0;0.0;0.0;0.0;0.0;1;P2;Éclaircies;1012.8;1005.6;20;2;0;19;40260.0;0.0;1.03;11.2;34.2;265;21.1;;;;;;;;
Porto-Vecchio;41.59;9.27;06/06/2026;08:00;20.6;52;10.3;19.1;0;0.0;0.0;0.0;0.0;0.0;1;P2;Éclaircies;1013.1;1005.9;21;1;0;20;40660.0;0.0;1.17;11.1;34.2;263;22.8;;;;;;;;
Porto-Vecchio;41.59;9.27;06/06/2026;09:00;21.8;47;10.1;20.3;0;0.0;0.0;0.0;0.0;0.0;0;P1;Ensoleillé;1013.3;1006.2;18;1;0;18;41980.0;0.0;1.38;11.1;34.6;258;25.2;;;;;;;;
Porto-Vecchio;41.59;9.27;06/06/2026;10:00;23.6;42;9.8;21.9;0;0.0;0.0;0.0;0.0;0.0;0;P1;Ensoleillé;1013.5;1006.4;13;0;0;12;43320.0;0.0;1.7;11.5;34.6;250;28.5;;;;;;;;
Porto-Vecchio;41.59;9.27;06/06/2026;11:00;25.5;37;9.5;24.2;0;0.0;0.0;0.0;0.0;0.0;0;P1;Ensoleillé;1013.7;1006.7;6;0;0;6;44640.0;0.0;2.07;12.0;34.6;242;32.0;;;;;;;;
Porto-Vecchio;41.59;9.27;06/06/2026;12:00;27.2;32;9.3;26.6;0;0.0;0.0;0.0;0.0;0.0;0;P1;Ensoleillé;1013.9;1006.9;0;0;0;0;45960.0;0.0;2.44;12.4;33.5;236;35.3;;;;;;;;
Porto-Vecchio;41.59;9.27;06/06/2026;13:00;28.6;30;9.3;28.5;1;0.0;0.0;0.0;0.0;0.0;0;P1;Ensoleillé;1014.0;1007.0;0;0;0;0;47300.0;0.0;2.74;12.7;32.0;230;37.7;;;;;;;;
Porto-Vecchio;41.59;9.27;06/06/2026;14:00;29.1;30;9.6;29.4;2;0.0;0.0;0.0;0.0;0.0;0;P1;Ensoleillé;1014.2;1007.2;0;0;0;0;48620.0;0.0;2.84;12.2;31.3;225;38.7;;;;;;;;
Porto-Vecchio;41.59;9.27;06/06/2026;15:00;28.8;32;10.4;29.5;4;0.0;0.0;0.0;0.0;0.0;0;P1;Ensoleillé;1014.4;1007.4;10;0;5;10;46360.0;0.0;2.7;10.9;32.4;220;37.9;;;;;;;;
Porto-Vecchio;41.59;9.27;06/06/2026;16:00;27.6;37;11.6;28.7;5;0.0;0.0;0.0;0.0;0.0;1;P2;Éclaircies;1014.6;1007.6;28;0;13;27;44120.0;0.0;2.34;8.7;34.2;212;35.8;;;;;;;;
Porto-Vecchio;41.59;9.27;06/06/2026;17:00;26.1;44;12.9;27.2;7;0.0;0.0;0.0;0.0;0.0;1;P2;Éclaircies;1014.8;1007.8;48;0;21;47;41880.0;0.0;1.89;6.5;36.0;199;32.8;;;;;;;;
Porto-Vecchio;41.59;9.27;06/06/2026;18:00;24.4;53;14.3;25.3;8;0.0;0.0;0.0;0.0;0.0;2;P8;Éclaircies;1015.0;1007.9;67;0;30;67;39620.0;0.0;1.43;4.7;37.8;178;29.6;;;;;;;;
Porto-Vecchio;41.59;9.27;06/06/2026;19:00;22.8;63;15.3;24.1;9;0.0;0.0;0.0;0.0;0.0;3;P4;Nuageux;1015.1;1008.0;82;0;36;81;37380.0;0.0;1.04;4.0;39.2;144;26.5;;;;;;;;
Porto-Vecchio;41.59;9.27;06/06/2026;20:00;21.7;70;15.9;23.2;10;0.0;0.0;0.0;0.0;0.0;3;P4;Nuageux;1015.2;1008.1;89;0;38;88;35120.0;0.0;0.79;4.3;39.6;118;24.3;;;;;;;;
Porto-Vecchio;41.59;9.27;06/06/2026;21:00;21.0;72;15.9;22.4;10;0.0;0.0;0.0;0.0;0.0;3;P4;Nuageux;1015.2;1008.0;84;0;35;84;35620.0;0.0;0.69;4.4;37.8;102;22.6;;;;;;;;
Porto-Vecchio;41.59;9.27;06/06/2026;22:00;20.5;73;15.4;21.7;9;0.0;0.0;0.0;0.0;0.0;2;P8;Éclaircies;1015.1;1007.9;71;0;28;71;36120.0;0.0;0.66;4.3;34.6;85;21.2;;;;;;;;
Porto-Vecchio;41.59;9.27;06/06/2026;23:00;20.0;71;14.6;21.0;8;0.0;0.0;0.0;0.0;0.0;2;P8;Éclaircies;1015.0;1007.8;53;0;18;54;36620.0;0.0;0.68;4.1;32.0;67;20.0;;;;;;;;
Porto-Vecchio;41.59;9.27;07/06/2026;00:00;19.8;68;13.8;20.4;7;0.0;0.0;0.0;0.0;0.0;1;P2;Éclaircies;1014.8;1007.6;35;0;9;36;37100.0;0.0;0.73;4.2;32.0;50;19.0;;;;;;;;
Porto-Vecchio;41.59;9.27;07/06/2026;01:00;19.6;66;13.1;20.0;5;0.0;0.0;0.0;0.0;0.0;1;P2;Éclaircies;1014.7;1007.5;21;0;2;22;37600.0;0.0;0.78;4.6;33.1;36;18.4;;;;;;;;
Porto-Vecchio;41.59;9.27;07/06/2026;02:00;19.6;65;12.8;19.7;4;0.0;0.0;0.0;0.0;0.0;0;P1;Ensoleillé;1014.5;1007.3;15;0;0;15;38100.0;0.0;0.8;5.1;32.0;32;18.2;;;;;;;;
Porto-Vecchio;41.59;9.27;07/06/2026;03:00;19.6;65;13.0;19.8;4;0.0;0.0;0.0;0.0;0.0;1;P2;Éclaircies;1014.4;1007.2;20;0;5;18;38100.0;0.0;0.79;5.6;26.3;33;18.4;;;;;;;;
Porto-Vecchio;41.59;9.27;07/06/2026;04:00;19.8;67;13.4;20.0;4;0.0;0.0;0.0;0.0;0.0;1;P2;Éclaircies;1014.2;1007.0;34;0;16;28;38100.0;0.0;0.77;6.2;18.4;38;19.0;;;;;;;;
Porto-Vecchio;41.59;9.27;07/06/2026;05:00;20.2;68;14.1;20.5;4;0.0;0.0;0.0;0.0;0.0;2;P8;Éclaircies;1014.1;1006.9;51;0;29;41;38120.0;0.0;0.76;6.7;13.0;44;20.0;;;;;;;;
Porto-Vecchio;41.59;9.27;07/06/2026;06:00;20.6;69;14.7;21.2;4;0.0;0.0;0.0;0.0;0.0;2;P8;Éclaircies;1013.9;1006.7;68;0;41;55;38120.0;0.0;0.76;7.0;11.9;50;21.2;;;;;;;;
Porto-Vecchio;41.59;9.27;07/06/2026;07:00;21.2;69;15.3;21.9;4;0.0;0.0;0.0;0.0;0.0;3;P4;Nuageux;1013.7;1006.6;81;0;51;65;38120.0;0.0;0.77;7.3;13.3;57;22.7;;;;;;;;
Porto-Vecchio;41.59;9.27;07/06/2026;08:00;21.8;68;15.7;22.8;4;0.0;0.0;0.0;0.0;0.0;3;P4;Nuageux;1013.4;1006.3;86;0;55;69;38120.0;0.0;0.83;7.1;14.0;63;24.4;;;;;;;;
Porto-Vecchio;41.59;9.27;07/06/2026;09:00;22.8;65;15.9;23.9;4;0.0;0.0;0.0;0.0;0.0;3;P4;Nuageux;1013.0;1005.9;80;0;52;65;39100.0;0.0;0.96;6.6;13.3;73;26.8;;;;;;;;
Porto-Vecchio;41.59;9.27;07/06/2026;10:00;24.1;61;16.1;25.2;5;0.0;0.0;0.0;0.0;0.0;2;P8;Éclaircies;1012.6;1005.5;67;0;43;55;40100.0;0.0;1.17;6.5;11.9;88;30.1;;;;;;;;
Porto-Vecchio;41.59;9.27;07/06/2026;11:00;25.5;56;16.1;26.8;5;0.0;0.0;0.0;0.0;0.0;1;P2;Éclaircies;1012.1;1005.1;49;0;31;41;41080.0;0.0;1.44;6.6;10.4;107;33.6;;;;;;;;
Porto-Vecchio;41.59;9.27;07/06/2026;12:00;26.8;52;16.2;28.9;5;0.0;0.0;0.0;0.0;0.0;1;P2;Éclaircies;1011.6;1004.6;31;0;18;27;42060.0;0.0;1.69;7.0;8.3;125;36.8;;;;;;;;
Porto-Vecchio;41.59;9.27;07/06/2026;13:00;27.8;49;16.2;30.5;6;0.0;0.0;0.0;0.0;0.0;0;P1;Ensoleillé;1011.2;1004.2;15;0;7;15;43060.0;0.0;1.9;7.3;5.8;140;39.1;;;;;;;;
Porto-Vecchio;41.59;9.27;07/06/2026;14:00;28.3;48;16.2;31.4;6;0.0;0.0;0.0;0.0;0.0;0;P1;Ensoleillé;1010.9;1003.9;6;0;0;6;44040.0;0.0;2.0;6.9;5.8;155;40.0;;;;;;;;
Porto-Vecchio;41.59;9.27;07/06/2026;15:00;28.1;49;16.2;31.4;6;0.0;0.0;0.0;0.0;0.0;0;P1;Ensoleillé;1010.7;1003.7;4;4;0;2;42200.0;0.0;1.95;6.1;10.1;182;39.1;;;;;;;;
Porto-Vecchio;41.59;9.27;07/06/2026;16:00;27.4;51;16.3;30.2;5;0.0;0.0;0.0;0.0;0.0;0;P1;Ensoleillé;1010.5;1003.5;8;9;0;0;40340.0;0.0;1.79;6.9;16.6;219;36.8;;;;;;;;
Porto-Vecchio;41.59;9.27;07/06/2026;17:00;26.4;54;16.4;28.1;4;0.0;0.0;0.0;0.0;0.0;0;P1;Ensoleillé;1010.4;1003.4;14;16;0;0;38500.0;0.0;1.57;10.1;20.5;246;33.6;;;;;;;;
Porto-Vecchio;41.59;9.27;07/06/2026;18:00;25.2;59;16.5;25.5;3;0.0;0.0;0.0;0.0;0.0;1;P2;Éclaircies;1010.3;1003.3;21;22;0;0;36660.0;0.0;1.33;13.9;19.4;259;30.1;;;;;;;;
Porto-Vecchio;41.59;9.27;07/06/2026;19:00;24.0;62;16.3;23.7;3;0.0;0.0;0.0;0.0;0.0;1;P2;Éclaircies;1010.4;1003.3;26;26;0;0;34800.0;0.0;1.13;17.7;16.2;265;26.8;;;;;;;;
Porto-Vecchio;41.59;9.27;07/06/2026;20:00;23.0;65;16.0;22.2;2;0.0;0.0;0.0;0.0;0.0;1;P2;Éclaircies;1010.6;1003.5;28;28;0;0;32960.0;0.0;0.99;20.0;13.3;269;24.3;;;;;;;;
Porto-Vecchio;41.59;9.27;07/06/2026;21:00;22.1;66;15.4;21.0;2;0.0;0.0;0.0;0.0;0.0;1;P2;Éclaircies;1011.0;1003.9;26;26;0;0;33820.0;0.0;0.91;20.5;11.9;272;22.6;;;;;;;;
Porto-Vecchio;41.59;9.27;07/06/2026;22:00;21.1;66;14.6;19.8;1;0.0;0.0;0.0;0.0;0.0;1;P2;Éclaircies;1011.5;1004.4;21;22;0;0;34680.0;0.0;0.85;19.7;11.2;274;21.0;;;;;;;;
Porto-Vecchio;41.59;9.27;07/06/2026;23:00;20.2;66;13.6;18.7;1;0.0;0.0;0.0;0.0;0.0;0;P1;Ensoleillé;1012.2;1005.0;15;16;0;0;35560.0;0.0;0.81;18.1;10.8;276;19.8;;;;;;;;
Porto-Vecchio;41.59;9.27;08/06/2026;00:00;19.3;65;12.6;17.7;1;0.0;0.0;0.0;0.0;0.0;0;P1;Ensoleillé;1012.8;1005.6;9;9;0;0;36420.0;0.0;0.78;16.4;11.5;279;18.8;;;;;;;;
Porto-Vecchio;41.59;9.27;08/06/2026;01:00;18.5;64;11.7;16.9;0;0.0;0.0;0.0;0.0;0.0;0;P1;Ensoleillé;1013.5;1006.3;4;4;0;0;37280.0;0.0;0.76;15.1;13.3;282;18.0;;;;;;;;
Porto-Vecchio;41.59;9.27;08/06/2026;02:00;18.0;64;11.0;16.2;0;0.0;0.0;0.0;0.0;0.0;0;P1;Ensoleillé;1014.0;1006.8;1;1;0;0;38140.0;0.0;0.75;14.7;14.8;285;17.6;;;;;;;;
Porto-Vecchio;41.59;9.27;08/06/2026;03:00;17.7;64;10.7;15.6;0;0.0;0.0;0.0;0.0;0.0;0;P1;Ensoleillé;1014.4;1007.2;0;0;0;0;35360.0;0.0;0.74;15.6;16.2;286;17.4;;;;;;;;
Porto-Vecchio;41.59;9.27;08/06/2026;04:00;17.5;63;10.5;15.2;0;0.0;0.0;0.0;0.0;0.0;0;P1;Ensoleillé;1014.8;1007.6;0;0;0;0;32560.0;0.0;0.74;16.9;17.6;287;17.6;;;;;;;;
Porto-Vecchio;41.59;9.27;08/06/2026;05:00;17.6;63;10.4;15.0;0;0.0;0.0;0.0;0.0;0.0;0;P1;Ensoleillé;1015.1;1007.9;2;2;0;0;29780.0;0.0;0.75;18.6;19.1;286;18.1;;;;;;;;
Porto-Vecchio;41.59;9.27;08/06/2026;06:00;17.7;62;10.4;14.9;0;0.0;0.0;0.0;0.0;0.0;0;P1;Ensoleillé;1015.4;1008.2;4;4;0;0;26980.0;0.0;0.77;20.4;20.2;286;18.8;;;;;;;;
Porto-Vecchio;41.59;9.27;08/06/2026;07:00;17.9;61;10.3;14.8;0;0.0;0.0;0.0;0.0;0.0;0;P1;Ensoleillé;1015.7;1008.5;7;7;0;0;24200.0;0.0;0.8;22.2;20.9;285;19.7;;;;;;;;
Porto-Vecchio;41.59;9.27;08/06/2026;08:00;18.3;59;10.1;14.9;0;0.0;0.0;0.0;0.0;0.0;0;P1;Ensoleillé;1016.0;1008.8;11;11;0;0;21400.0;0.0;0.86;23.6;22.0;285;20.6;;;;;;;;
Porto-Vecchio;41.59;9.27;08/06/2026;09:00;18.8;55;9.7;15.2;0;0.0;0.0;0.0;0.0;0.0;0;P1;Ensoleillé;1016.4;1009.2;16;16;0;0;25160.0;0.0;0.97;24.8;23.8;284;22.0;;;;;;;;
Porto-Vecchio;41.59;9.27;08/06/2026;10:00;19.6;51;9.2;15.7;1;0.0;0.0;0.0;0.0;0.0;1;P2;Éclaircies;1016.8;1009.6;24;24;0;0;28900.0;0.0;1.12;25.8;25.6;283;23.9;;;;;;;;
Porto-Vecchio;41.59;9.27;08/06/2026;11:00;20.5;46;8.5;16.6;1;0.0;0.0;0.0;0.0;0.0;1;P2;Éclaircies;1017.2;1010.0;32;32;0;0;32660.0;0.0;1.31;26.8;27.7;282;25.9;;;;;;;;
Porto-Vecchio;41.59;9.27;08/06/2026;12:00;21.4;42;8.0;17.7;1;0.0;0.0;0.0;0.0;0.0;1;P2;Éclaircies;1017.5;1010.3;40;40;0;0;36420.0;0.0;1.48;27.6;29.9;281;27.8;;;;;;;;
Porto-Vecchio;41.59;9.27;08/06/2026;13:00;22.0;40;7.6;18.5;2;0.0;0.0;0.0;0.0;0.0;1;P2;Éclaircies;1017.8;1010.6;47;47;0;0;40160.0;0.0;1.6;28.3;32.4;280;29.2;;;;;;;;
Porto-Vecchio;41.59;9.27;08/06/2026;14:00;22.3;38;7.4;18.9;2;0.0;0.0;0.0;0.0;0.0;2;P8;Éclaircies;1018.0;1010.8;52;52;0;0;43920.0;0.0;1.66;28.6;34.2;279;29.7;;;;;;;;
Porto-Vecchio;41.59;9.27;08/06/2026;15:00;22.1;39;7.6;18.6;2;0.0;0.0;0.0;0.0;0.0;2;P8;Éclaircies;1018.0;1010.8;56;56;0;0;43380.0;0.0;1.62;28.7;35.3;278;29.1;;;;;;;;
Porto-Vecchio;41.59;9.27;08/06/2026;16:00;21.7;41;8.0;18.0;3;0.0;0.0;0.0;0.0;0.0;2;P8;Éclaircies;1017.9;1010.7;59;59;0;0;42820.0;0.0;1.52;28.7;36.0;278;27.7;;;;;;;;
Porto-Vecchio;41.59;9.27;08/06/2026;17:00;21.0;45;8.5;17.0;3;0.0;0.0;0.0;0.0;0.0;2;P8;Éclaircies;1017.8;1010.6;62;62;0;0;42280.0;0.0;1.38;28.5;36.4;278;25.7;;;;;;;;
Porto-Vecchio;41.59;9.27;08/06/2026;18:00;20.2;49;9.1;15.9;3;0.0;0.0;0.0;0.0;0.0;2;P8;Éclaircies;1017.6;1010.4;63;63;0;0;41720.0;0.0;1.21;28.0;35.6;277;23.6;;;;;;;;
Porto-Vecchio;41.59;9.27;08/06/2026;19:00;19.5;53;9.7;15.5;4;0.0;0.0;0.0;0.0;0.0;2;P8;Éclaircies;1017.5;1010.3;62;62;0;0;41180.0;0.0;1.06;27.0;34.6;277;21.5;;;;;;;;
Porto-Vecchio;41.59;9.27;08/06/2026;20:00;18.9;57;10.2;15.3;4;0.0;0.0;0.0;0.0;0.0;2;P8;Éclaircies;1017.5;1010.3;59;59;0;0;40620.0;0.0;0.93;25.5;33.5;276;20.0;;;;;;;;
Porto-Vecchio;41.59;9.27;08/06/2026;21:00;18.3;61;10.7;15.2;4;0.0;0.0;0.0;0.0;0.0;2;P8;Éclaircies;1017.7;1010.5;52;52;0;0;39680.0;0.0;0.81;23.1;33.1;275;18.7;;;;;;;;
Porto-Vecchio;41.59;9.27;08/06/2026;22:00;17.6;66;11.3;15.1;3;0.0;0.0;0.0;0.0;0.0;1;P2;Éclaircies;1017.9;1010.6;42;42;0;0;38740.0;0.0;0.68;20.0;32.8;274;17.5;;;;;;;;
Porto-Vecchio;41.59;9.27;08/06/2026;23:00;17.0;71;11.8;15.2;3;0.0;0.0;0.0;0.0;0.0;1;P2;Éclaircies;1018.2;1010.9;31;31;0;0;37800.0;0.0;0.55;16.4;32.0;271;16.4;;;;;;;;
Porto-Vecchio;41.59;9.27;09/06/2026;00:00;16.5;76;12.3;15.3;3;0.0;0.0;0.0;0.0;0.0;0;P1;Ensoleillé;1018.6;1011.3;19;19;0;0;36860.0;0.0;0.45;12.8;30.6;268;15.5;;;;;;;;
Porto-Vecchio;41.59;9.27;09/06/2026;01:00;16.1;79;12.6;15.5;2;0.0;0.0;0.0;0.0;0.0;0;P1;Ensoleillé;1018.8;1011.5;8;8;0;0;35920.0;0.0;0.38;9.8;28.4;263;15.0;;;;;;;;
Porto-Vecchio;41.59;9.27;09/06/2026;02:00;16.1;80;12.7;15.8;2;0.0;0.0;0.0;0.0;0.0;0;P1;Ensoleillé;1019.0;1011.7;1;1;0;0;34980.0;0.0;0.36;7.9;27.0;258;14.9;;;;;;;;
Porto-Vecchio;41.59;9.27;09/06/2026;03:00;16.3;78;12.5;16.1;2;0.0;0.0;0.0;0.0;0.0;0;P1;Ensoleillé;1019.1;1011.8;0;0;0;0;35920.0;0.0;0.4;7.0;25.9;258;15.4;;;;;;;;
Porto-Vecchio;41.59;9.27;09/06/2026;04:00;16.8;74;12.1;16.5;2;0.0;0.0;0.0;0.0;0.0;0;P1;Ensoleillé;1019.0;1011.7;0;0;0;0;36860.0;0.0;0.5;6.7;25.2;262;16.2;;;;;;;;
Porto-Vecchio;41.59;9.27;09/06/2026;05:00;17.5;69;11.6;17.0;2;0.0;0.0;0.0;0.0;0.0;0;P1;Ensoleillé;1019.0;1011.7;0;0;0;0;37800.0;0.0;0.63;6.8;25.2;268;17.5;;;;;;;;
Porto-Vecchio;41.59;9.27;09/06/2026;06:00;18.3;62;11.0;17.6;2;0.0;0.0;0.0;0.0;0.0;0;P1;Ensoleillé;1018.9;1011.6;0;0;0;0;38720.0;0.0;0.79;7.6;27.0;274;19.0;;;;;;;;
Porto-Vecchio;41.59;9.27;09/06/2026;07:00;19.2;57;10.4;18.2;2;0.0;0.0;0.0;0.0;0.0;0;P1;Ensoleillé;1018.8;1011.6;0;0;0;0;39660.0;0.0;0.97;8.4;29.9;277;20.6;;;;;;;;
Porto-Vecchio;41.59;9.27;09/06/2026;08:00;20.1;51;9.8;18.8;2;0.0;0.0;0.0;0.0;0.0;0;P1;Ensoleillé;1018.7;1011.5;0;0;0;0;40600.0;0.0;1.15;9.0;31.7;276;22.4;;;;;;;;
Porto-Vecchio;41.59;9.27;09/06/2026;09:00;21.2;46;9.1;19.6;2;0.0;0.0;0.0;0.0;0.0;0;P1;Ensoleillé;1018.7;1011.5;0;0;0;0;41980.0;0.0;1.37;9.9;31.0;270;24.7;;;;;;;;
Porto-Vecchio;41.59;9.27;09/06/2026;10:00;22.6;40;8.3;20.6;3;0.0;0.0;0.0;0.0;0.0;0;P1;Ensoleillé;1018.7;1011.6;0;0;0;0;43380.0;0.0;1.66;11.1;28.8;262;27.7;;;;;;;;
Porto-Vecchio;41.59;9.27;09/06/2026;11:00;24.1;34;7.4;22.2;3;0.0;0.0;0.0;0.0;0.0;0;P1;Ensoleillé;1018.7;1011.6;0;0;0;0;44760.0;0.0;1.98;12.7;27.4;254;30.8;;;;;;;;
Porto-Vecchio;41.59;9.27;09/06/2026;12:00;25.5;30;6.6;23.9;3;0.0;0.0;0.0;0.0;0.0;0;P1;Ensoleillé;1018.7;1011.6;0;0;0;0;46140.0;0.0;2.28;14.5;27.4;249;33.7;;;;;;;;
Porto-Vecchio;41.59;9.27;09/06/2026;13:00;26.5;27;6.1;25.1;4;0.0;0.0;0.0;0.0;0.0;0;P1;Ensoleillé;1018.7;1011.6;0;0;0;0;47540.0;0.0;2.53;15.7;27.7;245;35.8;;;;;;;;
Porto-Vecchio;41.59;9.27;09/06/2026;14:00;27.1;26;5.8;25.7;4;0.0;0.0;0.0;0.0;0.0;0;P1;Ensoleillé;1018.6;1011.6;0;0;0;0;48920.0;0.0;2.66;16.3;27.7;244;36.7;;;;;;;;
Porto-Vecchio;41.59;9.27;09/06/2026;15:00;27.0;26;5.9;25.7;4;0.0;0.0;0.0;0.0;0.0;0;P1;Ensoleillé;1018.5;1011.5;0;0;0;0;48100.0;0.0;2.65;15.8;26.6;244;36.1;;;;;;;;
Porto-Vecchio;41.59;9.27;09/06/2026;16:00;26.6;27;6.3;25.2;3;0.0;0.0;0.0;0.0;0.0;0;P1;Ensoleillé;1018.3;1011.2;0;0;0;0;47280.0;0.0;2.53;14.7;25.6;246;34.3;;;;;;;;
Porto-Vecchio;41.59;9.27;09/06/2026;17:00;25.8;30;6.9;24.2;3;0.0;0.0;0.0;0.0;0.0;0;P1;Ensoleillé;1018.0;1010.9;0;0;0;0;46460.0;0.0;2.32;13.2;24.5;250;31.7;;;;;;;;
Porto-Vecchio;41.59;9.27;09/06/2026;18:00;24.8;33;7.6;22.8;3;0.0;0.0;0.0;0.0;0.0;0;P1;Ensoleillé;1017.8;1010.7;0;0;0;0;45640.0;0.0;2.09;11.6;24.5;255;28.8;;;;;;;;
Porto-Vecchio;41.59;9.27;09/06/2026;19:00;23.7;37;8.2;21.8;2;0.0;0.0;0.0;0.0;0.0;0;P1;Ensoleillé;1017.7;1010.6;0;0;0;0;44820.0;0.0;1.85;10.0;24.5;261;26.0;;;;;;;;
Porto-Vecchio;41.59;9.27;09/06/2026;20:00;22.7;41;8.6;21.1;2;0.0;0.0;0.0;0.0;0.0;0;P1;Ensoleillé;1017.6;1010.5;0;0;0;0;44000.0;0.0;1.65;8.7;24.5;265;23.7;;;;;;;;
Porto-Vecchio;41.59;9.27;09/06/2026;21:00;21.6;44;8.8;20.2;2;0.0;0.0;0.0;0.0;0.0;0;P1;Ensoleillé;1017.7;1010.5;0;0;0;0;43000.0;0.0;1.44;7.4;24.1;270;21.7;;;;;;;;
Porto-Vecchio;41.59;9.27;09/06/2026;22:00;20.1;48;8.9;18.9;1;0.0;0.0;0.0;0.0;0.0;0;P1;Ensoleillé;1017.8;1010.6;0;0;0;0;42000.0;0.0;1.21;6.0;23.8;273;19.5;;;;;;;;
Porto-Vecchio;41.59;9.27;09/06/2026;23:00;18.6;53;8.9;17.7;1;0.0;0.0;0.0;0.0;0.0;0;P1;Ensoleillé;1018.0;1010.8;0;0;0;0;41000.0;0.0;1.0;4.4;22.7;282;17.5;;;;;;;;
Porto-Vecchio;41.59;9.27;10/06/2026;00:00;17.2;58;8.9;16.5;1;0.0;0.0;0.0;0.0;0.0;0;P1;Ensoleillé;1018.2;1010.9;0;0;0;0;40000.0;0.0;0.82;3.1;20.2;291;15.7;;;;;;;;
Porto-Vecchio;41.59;9.27;10/06/2026;01:00;16.1;63;9.0;15.6;0;0.0;0.0;0.0;0.0;0.0;0;P1;Ensoleillé;1018.4;1011.1;0;0;0;0;39000.0;0.0;0.68;1.9;16.6;304;14.5;;;;;;;;
Porto-Vecchio;41.59;9.27;10/06/2026;02:00;15.5;67;9.4;15.2;0;0.0;0.0;0.0;0.0;0.0;0;P1;Ensoleillé;1018.6;1011.3;0;0;0;0;38000.0;0.0;0.58;1.2;14.0;333;14.0;;;;;;;;
Porto-Vecchio;41.59;9.27;10/06/2026;03:00;15.5;70;10.0;15.4;0;0.0;0.0;0.0;0.0;0.0;0;P1;Ensoleillé;1018.8;1011.5;2;0;0;2;37500.0;0.0;0.53;0.7;13.3;14;14.3;;;;;;;;
Porto-Vecchio;41.59;9.27;10/06/2026;04:00;15.9;73;11.0;16.1;1;0.0;0.0;0.0;0.0;0.0;0;P1;Ensoleillé;1018.9;1011.6;4;0;0;4;37000.0;0.0;0.5;0.8;13.7;63;15.4;;;;;;;;
Porto-Vecchio;41.59;9.27;10/06/2026;05:00;16.7;74;12.1;17.2;1;0.0;0.0;0.0;0.0;0.0;0;P1;Ensoleillé;1019.1;1011.8;7;0;0;7;36500.0;0.0;0.49;1.1;13.3;108;16.9;;;;;;;;
Porto-Vecchio;41.59;9.27;10/06/2026;06:00;17.6;75;13.1;18.4;1;0.0;0.0;0.0;0.0;0.0;0;P1;Ensoleillé;1019.3;1012.0;10;0;0;10;36000.0;0.0;0.51;1.8;11.5;127;18.9;;;;;;;;
Porto-Vecchio;41.59;9.27;10/06/2026;07:00;18.7;74;13.9;19.6;2;0.0;0.0;0.0;0.0;0.0;0;P1;Ensoleillé;1019.4;1012.2;14;0;0;14;35500.0;0.0;0.57;2.4;9.4;138;20.9;;;;;;;;
Porto-Vecchio;41.59;9.27;10/06/2026;08:00;19.7;71;14.2;20.6;2;0.0;0.0;0.0;0.0;0.0;0;P1;Ensoleillé;1019.5;1012.3;17;0;0;17;35000.0;0.0;0.68;3.2;7.9;142;23.0;;;;;;;;
Porto-Vecchio;41.59;9.27;10/06/2026;09:00;20.8;64;13.9;21.5;2;0.0;0.0;0.0;0.0;0.0;1;P2;Éclaircies;1019.5;1012.3;21;0;0;21;37320.0;0.0;0.88;4.0;7.6;144;25.5;;;;;;;;
Porto-Vecchio;41.59;9.27;10/06/2026;10:00;22.2;56;13.1;22.5;3;0.0;0.0;0.0;0.0;0.0;1;P2;Éclaircies;1019.5;1012.3;25;0;0;25;39640.0;0.0;1.18;5.0;7.6;150;28.7;;;;;;;;
Porto-Vecchio;41.59;9.27;10/06/2026;11:00;23.7;48;12.0;24.1;3;0.0;0.0;0.0;0.0;0.0;1;P2;Éclaircies;1019.5;1012.4;29;0;0;29;41960.0;0.0;1.53;6.0;7.6;153;32.1;;;;;;;;
Porto-Vecchio;41.59;9.27;10/06/2026;12:00;25.1;41;10.9;25.8;3;0.0;0.0;0.0;0.0;0.0;1;P2;Éclaircies;1019.5;1012.4;33;0;0;33;44280.0;0.0;1.89;7.0;6.8;154;35.1;;;;;;;;
Porto-Vecchio;41.59;9.27;10/06/2026;13:00;26.2;36;10.1;27.1;4;0.0;0.0;0.0;0.0;0.0;1;P2;Éclaircies;1019.4;1012.3;36;0;0;36;46600.0;0.0;2.16;7.6;6.1;155;37.3;;;;;;;;
Porto-Vecchio;41.59;9.27;10/06/2026;14:00;26.7;35;9.8;27.8;4;0.0;0.0;0.0;0.0;0.0;1;P2;Éclaircies;1019.4;1012.3;38;0;0;38;48920.0;0.0;2.29;7.7;5.4;152;38.2;;;;;;;;
Porto-Vecchio;41.59;9.27;10/06/2026;15:00;26.6;36;10.2;27.7;4;0.0;0.0;0.0;0.0;0.0;1;P2;Éclaircies;1019.4;1012.3;39;0;0;39;47100.0;0.0;2.24;7.5;5.4;147;37.4;;;;;;;;
Porto-Vecchio;41.59;9.27;10/06/2026;16:00;26.0;39;11.1;27.1;3;0.0;0.0;0.0;0.0;0.0;1;P2;Éclaircies;1019.3;1012.2;39;0;0;39;45280.0;0.0;2.03;7.3;5.4;136;35.3;;;;;;;;
Porto-Vecchio;41.59;9.27;10/06/2026;17:00;25.0;45;12.3;25.9;3;0.0;0.0;0.0;0.0;0.0;1;P2;Éclaircies;1019.3;1012.2;38;0;0;38;43480.0;0.0;1.74;7.0;5.8;122;32.4;;;;;;;;
Porto-Vecchio;41.59;9.27;10/06/2026;18:00;23.9;52;13.4;24.2;3;0.0;0.0;0.0;0.0;0.0;1;P2;Éclaircies;1019.2;1012.1;36;0;0;36;41660.0;0.0;1.43;7.0;5.8;108;29.2;;;;;;;;
Porto-Vecchio;41.59;9.27;10/06/2026;19:00;22.9;58;14.2;23.2;2;0.0;0.0;0.0;0.0;0.0;1;P2;Éclaircies;1019.2;1012.1;34;0;0;34;39840.0;0.0;1.17;7.1;5.8;97;26.2;;;;;;;;
Porto-Vecchio;41.59;9.27;10/06/2026;20:00;22.0;61;14.2;22.4;2;0.0;0.0;0.0;0.0;0.0;1;P2;Éclaircies;1019.1;1011.9;31;0;0;31;38020.0;0.0;1.02;6.7;5.8;88;23.8;;;;;;;;
Porto-Vecchio;41.59;9.27;10/06/2026;21:00;21.2;61;13.3;21.4;2;0.0;0.0;0.0;0.0;0.0;1;P2;Éclaircies;1019.1;1011.9;27;0;0;27;39840.0;0.0;0.99;5.5;5.8;81;21.8;;;;;;;;
Porto-Vecchio;41.59;9.27;10/06/2026;22:00;20.2;58;11.7;20.2;1;0.0;0.0;0.0;0.0;0.0;1;P2;Éclaircies;1019.0;1011.8;21;0;0;21;41660.0;0.0;0.99;3.9;6.1;68;19.9;;;;;;;;
Porto-Vecchio;41.59;9.27;10/06/2026;23:00;19.3;54;9.8;19.0;1;0.0;0.0;0.0;0.0;0.0;0;P1;Ensoleillé;1019.0;1011.8;15;0;0;15;43480.0;0.0;1.03;2.3;6.1;29;18.2;;;;;;;;
Porto-Vecchio;41.59;9.27;11/06/2026;00:00;18.6;49;7.7;17.6;1;0.0;0.0;0.0;0.0;0.0;0;P1;Ensoleillé;1018.9;1011.7;9;0;0;9;45300.0;0.0;1.09;2.7;6.1;332;16.8;;;;;;;;
Porto-Vecchio;41.59;9.27;11/06/2026;01:00;18.0;45;5.8;16.4;0;0.0;0.0;0.0;0.0;0.0;0;P1;Ensoleillé;1018.9;1011.6;4;0;0;4;47120.0;0.0;1.15;4.2;6.1;306;15.8;;;;;;;;
Porto-Vecchio;41.59;9.27;11/06/2026;02:00;17.8;41;4.3;15.7;0;0.0;0.0;0.0;0.0;0.0;0;P1;Ensoleillé;1018.8;1011.5;0;0;0;0;48940.0;0.0;1.21;5.7;6.1;298;15.5;;;;;;;;
Porto-Vecchio;41.59;9.27;11/06/2026;03:00;18.0;37;3.2;15.5;0;0.0;0.0;0.0;0.0;0.0;0;P1;Ensoleillé;1018.7;1011.4;0;0;0;0;48960.0;0.0;1.3;6.5;6.8;294;15.9;;;;;;;;
Porto-Vecchio;41.59;9.27;11/06/2026;04:00;18.6;34;2.2;15.9;1;0.0;0.0;0.0;0.0;0.0;0;P1;Ensoleillé;1018.6;1011.4;0;0;0;0;48960.0;0.0;1.42;6.6;7.9;292;17.0;;;;;;;;
Porto-Vecchio;41.59;9.27;11/06/2026;05:00;19.4;30;1.4;16.5;1;0.0;0.0;0.0;0.0;0.0;0;P1;Ensoleillé;1018.5;1011.3;0;0;1;0;48980.0;0.0;1.58;6.7;8.6;289;18.5;;;;;;;;
Porto-Vecchio;41.59;9.27;11/06/2026;06:00;20.3;27;0.8;17.3;1;0.0;0.0;0.0;0.0;0.0;0;P1;Ensoleillé;1018.4;1011.2;0;0;1;0;49000.0;0.0;1.73;6.6;8.3;286;20.3;;;;;;;;
Porto-Vecchio;41.59;9.27;11/06/2026;07:00;21.2;25;0.5;18.2;2;0.0;0.0;0.0;0.0;0.0;0;P1;Ensoleillé;1018.3;1011.1;0;0;1;0;49000.0;0.0;1.89;6.8;7.6;282;22.2;;;;;;;;
Porto-Vecchio;41.59;9.27;11/06/2026;08:00;22.2;24;0.6;19.0;2;0.0;0.0;0.0;0.0;0.0;0;P1;Ensoleillé;1018.2;1011.0;1;0;1;0;49020.0;0.0;2.04;7.8;7.2;279;24.1;;;;;;;;
Porto-Vecchio;41.59;9.27;11/06/2026;09:00;23.2;24;1.4;19.9;2;0.0;0.0;0.0;0.0;0.0;0;P1;Ensoleillé;1018.1;1011.0;4;0;1;3;49020.0;0.0;2.18;10.0;7.9;277;26.2;;;;;;;;
Porto-Vecchio;41.59;9.27;11/06/2026;10:00;24.5;24;2.7;21.0;3;0.0;0.0;0.0;0.0;0.0;0;P1;Ensoleillé;1018.1;1011.0;9;0;1;8;49000.0;0.0;2.34;13.0;9.4;276;28.8;;;;;;;;
Porto-Vecchio;41.59;9.27;11/06/2026;11:00;25.9;25;4.4;22.7;3;0.0;0.0;0.0;0.0;0.0;0;P1;Ensoleillé;1018.1;1011.0;14;0;1;14;49000.0;0.0;2.51;16.5;10.1;276;31.4;;;;;;;;
Porto-Vecchio;41.59;9.27;11/06/2026;12:00;27.1;26;6.1;24.4;3;0.0;0.0;0.0;0.0;0.0;0;P1;Ensoleillé;1018.1;1011.1;19;0;0;19;48980.0;0.0;2.65;19.5;9.4;275;33.8;;;;;;;;
Porto-Vecchio;41.59;9.27;11/06/2026;13:00;28.0;27;7.5;25.8;4;0.0;0.0;0.0;0.0;0.0;1;P2;Éclaircies;1018.0;1011.0;23;0;0;23;48980.0;0.0;2.75;21.9;7.9;275;35.6;;;;;;;;
Porto-Vecchio;41.59;9.27;11/06/2026;14:00;28.4;29;8.4;26.5;4;0.0;0.0;0.0;0.0;0.0;1;P2;Éclaircies;1018.0;1011.0;25;0;0;25;48960.0;0.0;2.77;22.4;6.8;275;36.3;;;;;;;;
Porto-Vecchio;41.59;9.27;11/06/2026;15:00;28.2;29;8.7;26.5;5;0.0;0.0;0.0;0.0;0.0;1;P2;Éclaircies;1017.9;1010.9;24;0;0;24;48960.0;0.0;2.71;21.0;6.5;275;35.7;;;;;;;;
Porto-Vecchio;41.59;9.27;11/06/2026;16:00;27.5;30;8.5;26.0;6;0.0;0.0;0.0;0.0;0.0;1;P2;Éclaircies;1017.9;1010.9;20;0;0;20;48960.0;0.0;2.57;17.9;6.8;275;34.1;;;;;;;;
Porto-Vecchio;41.59;9.27;11/06/2026;17:00;26.6;31;8.0;25.0;7;0.0;0.0;0.0;0.0;0.0;0;P1;Ensoleillé;1017.8;1010.8;14;0;0;14;48980.0;0.0;2.41;13.9;6.5;275;31.8;;;;;;;;
Porto-Vecchio;41.59;9.27;11/06/2026;18:00;25.4;32;7.5;23.4;8;0.0;0.0;0.0;0.0;0.0;0;P1;Ensoleillé;1017.7;1010.6;9;0;0;9;48980.0;0.0;2.21;9.8;5.4;275;29.2;;;;;;;;
Porto-Vecchio;41.59;9.27;11/06/2026;19:00;24.2;33;7.1;22.6;8;0.0;0.0;0.0;0.0;0.0;0;P1;Ensoleillé;1017.7;1010.6;6;0;0;6;48980.0;0.0;2.02;6.0;4.3;277;26.7;;;;;;;;
Porto-Vecchio;41.59;9.27;11/06/2026;20:00;23.2;35;7.0;21.9;8;0.0;0.0;0.0;0.0;0.0;0;P1;Ensoleillé;1017.8;1010.7;7;0;0;7;48980.0;0.0;1.84;3.5;3.2;279;24.7;;;;;;;;
Porto-Vecchio;41.59;9.27;11/06/2026;21:00;22.1;39;7.4;21.1;7;0.0;0.0;0.0;0.0;0.0;0;P1;Ensoleillé;1018.0;1010.8;12;0;0;12;47160.0;0.0;1.64;2.2;2.9;284;22.8;;;;;;;;
Porto-Vecchio;41.59;9.27;11/06/2026;22:00;20.9;43;7.9;20.1;6;0.0;0.0;0.0;0.0;0.0;1;P2;Éclaircies;1018.3;1011.1;20;0;0;20;45340.0;0.0;1.41;1.9;3.2;292;20.9;;;;;;;;
Porto-Vecchio;41.59;9.27;11/06/2026;23:00;19.7;49;8.6;19.1;5;0.0;0.0;0.0;0.0;0.0;1;P2;Éclaircies;1018.6;1011.4;30;0;0;30;43520.0;0.0;1.18;2.3;3.6;299;19.0;;;;;;;;
Porto-Vecchio;41.59;9.27;12/06/2026;00:00;18.7;55;9.4;18.2;4;0.0;0.0;0.0;0.0;0.0;1;P2;Éclaircies;1018.9;1011.7;41;0;0;41;41680.0;0.0;0.98;2.5;4.7;300;17.4;;;;;;;;
Porto-Vecchio;41.59;9.27;12/06/2026;01:00;17.8;60;10.1;17.5;3;0.0;0.0;0.0;0.0;0.0;2;P8;Éclaircies;1019.2;1011.9;51;0;0;51;39860.0;0.0;0.81;2.7;6.1;302;16.2;;;;;;;;
Porto-Vecchio;41.59;9.27;12/06/2026;02:00;17.4;65;10.7;17.3;2;0.0;0.0;0.0;0.0;0.0;2;P8;Éclaircies;1019.4;1012.1;59;0;0;59;38040.0;0.0;0.7;2.4;7.2;312;15.8;;;;;;;;
Porto-Vecchio;41.59;9.27;12/06/2026;03:00;17.5;67;11.3;17.6;2;0.0;0.0;0.0;0.0;0.0;2;P8;Éclaircies;1019.5;1012.2;65;0;0;65;38040.0;0.0;0.66;1.9;7.6;338;16.1;;;;;;;;
Porto-Vecchio;41.59;9.27;12/06/2026;04:00;17.8;68;11.9;18.2;4;0.0;0.0;0.0;0.0;0.0;2;P8;Éclaircies;1019.6;1012.3;71;1;0;71;38040.0;0.0;0.65;1.9;7.6;22;17.0;;;;;;;;
Porto-Vecchio;41.59;9.27;12/06/2026;05:00;18.5;68;12.5;18.8;5;0.0;0.0;0.0;0.0;0.0;2;P8;Éclaircies;1019.6;1012.3;75;1;0;75;38040.0;0.0;0.68;3.1;6.8;50;18.4;;;;;;;;
Porto-Vecchio;41.59;9.27;12/06/2026;06:00;19.3;67;13.0;19.6;6;0.0;0.0;0.0;0.0;0.0;2;P8;Éclaircies;1019.6;1012.4;79;2;0;79;38040.0;0.0;0.74;4.6;4.7;64;20.1;;;;;;;;
Porto-Vecchio;41.59;9.27;12/06/2026;07:00;20.2;65;13.4;20.4;6;0.0;0.0;0.0;0.0;0.0;3;P4;Nuageux;1019.6;1012.4;82;2;0;82;38040.0;0.0;0.83;5.9;2.2;72;21.9;;;;;;;;
Porto-Vecchio;41.59;9.27;12/06/2026;08:00;21.0;62;13.6;21.1;6;0.0;0.0;0.0;0.0;0.0;3;P4;Nuageux;1019.6;1012.4;84;2;0;84;38040.0;0.0;0.94;7.2;1.1;77;23.8;;;;;;;;
Porto-Vecchio;41.59;9.27;12/06/2026;09:00;22.0;59;13.5;21.9;6;0.0;0.0;0.0;0.0;0.0;3;P4;Nuageux;1019.6;1012.4;85;2;0;85;39880.0;0.0;1.1;8.2;3.2;82;26.0;;;;;;;;
Porto-Vecchio;41.59;9.27;12/06/2026;10:00;23.1;54;13.2;22.7;5;0.0;0.0;0.0;0.0;0.0;3;P4;Nuageux;1019.5;1012.4;84;2;0;84;41700.0;0.0;1.31;9.4;7.2;87;28.6;;;;;;;;
Porto-Vecchio;41.59;9.27;12/06/2026;11:00;24.3;49;12.7;24.1;4;0.0;0.0;0.0;0.0;0.0;3;P4;Nuageux;1019.4;1012.3;82;1;0;82;43540.0;0.0;1.56;10.3;11.2;91;31.3;;;;;;;;
Porto-Vecchio;41.59;9.27;12/06/2026;12:00;26.9;41;12.4;27.3;3;0.0;0.0;0.0;0.0;0.0;3;P4;Nuageux;1019.5;1012.5;85;1;0;85;40070.0;0.0;2.15;10.8;14.0;110;33.9;;;;;;;;
Porto-Vecchio;41.59;9.27;12/06/2026;13:00;29.3;36;12.4;30.2;3;0.0;0.0;0.0;0.0;0.0;2;P8;Éclaircies;1019.7;1012.7;89;0;0;89;35670.0;0.0;2.68;11.3;16.6;125;36.2;;;;;;;;
Porto-Vecchio;41.59;9.27;12/06/2026;14:00;31.2;33;12.8;32.4;3;0.0;0.0;0.0;0.0;0.0;2;P8;Éclaircies;1019.6;1012.7;94;0;5;94;30365.0;0.0;3.1;11.0;19.1;137;37.8;;;;;;;;
Porto-Vecchio;41.59;9.27;12/06/2026;15:00;32.5;31;13.2;34.1;4;0.0;0.0;0.0;0.0;0.0;3;P4;Nuageux;1019.5;1012.6;94;0;23;94;24140.0;0.0;3.38;9.0;22.3;143;;;;;;;;;
Porto-Vecchio;41.59;9.27;12/06/2026;16:00;32.1;31;12.9;33.5;5;0.0;0.0;0.0;0.0;0.0;3;P4;Nuageux;1019.0;1012.1;86;0;44;86;24140.0;0.0;3.3;6.9;25.2;133;;;;;;;;;
Porto-Vecchio;41.59;9.27;12/06/2026;17:00;31.3;33;13.1;32.3;6;0.0;0.0;0.0;0.0;0.0;2;P8;Éclaircies;1018.7;1011.8;79;0;60;77;24140.0;0.0;3.06;4.8;26.3;117;;;;;;;;;
Porto-Vecchio;41.59;9.27;12/06/2026;18:00;29.9;39;14.5;30.9;7;0.0;0.0;0.0;0.0;0.0;2;P8;Éclaircies;1018.5;1011.5;77;0;69;65;24140.0;0.0;2.58;3.7;23.4;101;;;;;;;;;
Porto-Vecchio;41.59;9.27;12/06/2026;19:00;28.2;47;15.8;29.7;9;0.0;0.0;0.0;0.0;0.0;2;P8;Éclaircies;1018.3;1011.3;76;0;72;52;24140.0;0.0;2.02;2.9;18.4;83;;;;;;;;;
Porto-Vecchio;41.59;9.27;12/06/2026;20:00;26.4;53;16.0;28.2;10;0.0;0.0;0.0;0.0;0.0;2;P8;Éclaircies;1018.3;1011.2;70;0;68;38;24140.0;0.0;1.62;2.0;14.4;45;;;;;;;;;
Porto-Vecchio;41.59;9.27;12/06/2026;21:00;24.4;57;15.4;25.9;11;0.0;0.0;0.0;0.0;0.0;2;P8;Éclaircies;1018.5;1011.4;51;0;50;24;24140.0;0.0;1.32;2.4;11.9;333;;;;;;;;;
Porto-Vecchio;41.59;9.27;12/06/2026;22:00;22.4;59;14.0;23.1;11;0.0;0.0;0.0;0.0;0.0;1;P2;Éclaircies;1018.7;1011.5;27;0;24;9;24140.0;0.0;1.11;4.7;10.4;302;;;;;;;;;
Porto-Vecchio;41.59;9.27;12/06/2026;23:00;21.0;59;12.7;20.9;12;0.0;0.0;0.0;0.0;0.0;0;P1;Ensoleillé;1018.8;1011.6;9;0;5;0;24140.0;0.0;1.02;6.4;9.7;297;;;;;;;;;
Sartène;41.62;8.97;28/05/2026;00:00;17.2;76;12.9;17.4;0;0.0;0.0;0.0;0.0;0.0;0;P1;Ensoleillé;1019.9;988.7;0;0;0;0;35640.0;0.01;0.47;4.8;16.6;48;16.0;18.7;20.6;17.6;0.053;0.107;0.146;0.199;0.252
Sartène;41.62;8.97;28/05/2026;01:00;16.6;76;12.4;16.6;0;0.0;0.0;0.0;0.0;0.0;0;P1;Ensoleillé;1019.9;988.6;0;0;0;0;35540.0;0.01;0.45;5.2;16.9;56;15.6;18.3;20.2;17.7;0.054;0.107;0.146;0.199;0.252
Sartène;41.62;8.97;28/05/2026;02:00;16.4;73;11.5;16.0;0;0.0;0.0;0.0;0.0;0.0;0;P1;Ensoleillé;1019.5;988.2;0;0;0;0;37040.0;0.01;0.5;5.4;17.6;48;15.4;18.0;19.9;17.7;0.05;0.102;0.143;0.218;0.271
Sartène;41.62;8.97;28/05/2026;03:00;16.0;72;10.9;15.5;0;0.0;0.0;0.0;0.0;0.0;0;P1;Ensoleillé;1018.9;987.6;0;0;0;0;37340.0;0.01;0.51;5.2;16.6;56;14.9;17.6;19.5;17.7;0.05;0.102;0.143;0.218;0.271
Sartène;41.62;8.97;28/05/2026;04:00;15.6;74;10.9;15.0;0;0.0;0.0;0.0;0.0;0.0;0;P1;Ensoleillé;1018.6;987.2;2;0;2;0;36540.0;0.01;0.46;5.5;17.3;58;14.7;17.2;19.1;17.7;0.051;0.102;0.143;0.218;0.271
Sartène;41.62;8.97;28/05/2026;05:00;14.9;77;10.9;14.4;0;0.0;0.0;0.0;0.0;0.0;0;P1;Ensoleillé;1019.0;987.6;0;0;0;0;34920.0;0.01;0.39;5.4;18.0;48;13.9;16.6;18.8;17.7;0.051;0.102;0.143;0.218;0.271
Sartène;41.62;8.97;28/05/2026;06:00;14.7;76;10.5;14.1;0;0.0;0.0;0.0;0.0;0.0;0;P1;Ensoleillé;1019.4;987.9;0;0;0;0;35420.0;0.01;0.4;5.3;17.3;62;13.8;16.4;18.4;17.7;0.051;0.102;0.143;0.218;0.27
Sartène;41.62;8.97;28/05/2026;07:00;15.5;79;11.8;15.2;0;0.0;0.0;0.0;0.0;0.0;0;P1;Ensoleillé;1019.5;988.1;0;0;0;0;33760.0;0.03;0.37;5.5;18.0;67;15.7;16.4;18.1;17.7;0.052;0.102;0.143;0.218;0.27
Sartène;41.62;8.97;28/05/2026;08:00;19.2;79;15.4;20.5;0;0.0;0.0;0.0;0.0;0.0;0;P1;Ensoleillé;1019.3;988.3;0;0;0;0;34280.0;0.09;0.47;3.3;17.6;41;21.0;17.5;18.0;17.7;0.052;0.102;0.143;0.217;0.27
Sartène;41.62;8.97;28/05/2026;09:00;22.8;53;12.7;23.2;0;0.0;0.0;0.0;0.0;0.0;0;P1;Ensoleillé;1018.7;988.1;0;0;0;0;41640.0;0.21;1.3;2.6;12.6;286;24.3;19.4;18.0;17.7;0.052;0.101;0.143;0.217;0.27
Sartène;41.62;8.97;28/05/2026;10:00;24.1;54;14.2;24.9;0;0.0;0.0;0.0;0.0;0.0;0;P1;Ensoleillé;1018.9;988.4;0;0;0;0;41300.0;0.39;1.38;4.5;14.8;284;25.9;20.8;18.3;17.6;0.051;0.101;0.143;0.216;0.27
Sartène;41.62;8.97;28/05/2026;11:00;25.5;55;15.8;27.6;0;0.0;0.0;0.0;0.0;0.0;0;P1;Ensoleillé;1019.3;988.9;0;0;0;0;40800.0;0.48;1.46;6.5;18.7;270;28.2;22.0;18.6;17.6;0.051;0.101;0.142;0.215;0.269
Sartène;41.62;8.97;28/05/2026;12:00;26.8;44;13.5;28.4;0;0.0;0.0;0.0;0.0;0.0;0;P1;Ensoleillé;1019.3;989.1;0;0;0;0;42160.0;0.5;1.97;8.7;23.0;275;29.7;23.3;19.1;17.6;0.049;0.1;0.141;0.214;0.269
Sartène;41.62;8.97;28/05/2026;13:00;27.5;40;12.7;29.1;0;0.0;0.0;0.0;0.0;0.0;0;P1;Ensoleillé;1019.2;989.1;0;0;0;0;42860.0;0.49;2.2;9.8;26.6;278;30.5;24.2;19.6;17.6;0.048;0.1;0.14;0.213;0.268
Sartène;41.62;8.97;28/05/2026;14:00;27.9;34;10.6;28.8;0;0.0;0.0;0.0;0.0;0.0;0;P1;Ensoleillé;1018.6;988.5;0;0;0;0;44800.0;0.47;2.48;10.5;28.8;278;30.9;24.9;20.1;17.7;0.047;0.099;0.14;0.213;0.268
Sartène;41.62;8.97;28/05/2026;15:00;28.0;30;8.8;28.2;0;0.0;0.0;0.0;0.0;0.0;0;P1;Ensoleillé;1018.2;988.1;0;0;0;0;47060.0;0.44;2.65;10.6;29.9;280;30.6;25.3;20.6;17.7;0.046;0.099;0.139;0.212;0.267
Sartène;41.62;8.97;28/05/2026;16:00;27.8;27;7.1;27.2;0;0.0;0.0;0.0;0.0;0.0;0;P1;Ensoleillé;1018.2;988.1;0;0;0;0;48840.0;0.4;2.73;9.9;29.2;280;29.8;25.5;21.0;17.7;0.044;0.098;0.138;0.211;0.267
Sartène;41.62;8.97;28/05/2026;17:00;27.0;29;7.4;25.8;0;0.0;0.0;0.0;0.0;0.0;0;P1;Ensoleillé;1018.2;988.0;0;0;0;0;47680.0;0.35;2.52;9.1;28.1;277;28.2;25.2;21.4;17.7;0.044;0.098;0.138;0.21;0.267
Sartène;41.62;8.97;28/05/2026;18:00;26.3;30;7.3;24.5;0;0.0;0.0;0.0;0.0;0.0;0;P1;Ensoleillé;1018.1;987.9;0;0;0;0;47420.0;0.27;2.39;7.3;25.9;279;26.7;24.8;21.7;17.8;0.043;0.098;0.138;0.21;0.266
Sartène;41.62;8.97;28/05/2026;19:00;25.2;33;7.7;23.8;0;0.0;0.0;0.0;0.0;0.0;0;P1;Ensoleillé;1017.8;987.5;0;0;0;0;46220.0;0.17;2.14;5.5;22.0;281;24.6;24.2;21.9;17.8;0.043;0.097;0.137;0.21;0.266
Sartène;41.62;8.97;28/05/2026;20:00;22.8;49;11.5;22.9;0;0.0;0.0;0.0;0.0;0.0;0;P1;Ensoleillé;1018.1;987.5;0;0;0;0;42500.0;0.08;1.42;2.9;16.9;270;20.5;23.1;21.9;17.8;0.042;0.097;0.137;0.209;0.266
Sartène;41.62;8.97;28/05/2026;21:00;20.3;60;12.3;20.9;0;0.0;0.0;0.0;0.0;0.0;0;P1;Ensoleillé;1018.0;987.2;0;0;0;0;41500.0;0.01;0.95;1.0;8.3;135;15.9;21.2;21.7;17.9;0.043;0.097;0.137;0.209;0.266
Sartène;41.62;8.97;28/05/2026;22:00;19.2;60;11.2;19.0;0;0.0;0.0;0.0;0.0;0.0;0;P1;Ensoleillé;1018.6;987.6;0;0;0;0;41800.0;-0.0;0.89;4.0;6.1;100;14.8;19.4;21.4;17.9;0.044;0.097;0.138;0.209;0.266
Sartène;41.62;8.97;28/05/2026;23:00;17.2;66;10.7;16.5;0;0.0;0.0;0.0;0.0;0.0;0;P1;Ensoleillé;1018.7;987.5;0;0;0;0;40100.0;-0.0;0.67;5.8;10.8;86;15.5;18.5;20.9;17.9;0.044;0.097;0.138;0.209;0.266
Sartène;41.62;8.97;29/05/2026;00:00;15.4;69;9.7;14.3;0;0.0;0.0;0.0;0.0;0.0;0;P1;Ensoleillé;1019.2;987.8;0;0;0;0;38000.0;0.01;0.54;6.8;14.4;90;15.0;18.1;20.4;18.0;0.045;0.097;0.138;0.209;0.266
Sartène;41.62;8.97;29/05/2026;01:00;15.8;59;7.8;14.4;0;0.0;0.0;0.0;0.0;0.0;0;P1;Ensoleillé;1019.3;987.9;0;0;0;0;40980.0;0.02;0.73;5.2;13.7;78;14.6;17.7;20.0;18.0;0.045;0.097;0.138;0.209;0.266
Sartène;41.62;8.97;29/05/2026;02:00;15.5;62;8.3;14.3;0;0.0;0.0;0.0;0.0;0.0;3;P4;Nuageux;1019.0;987.6;100;0;0;100;40060.0;0.01;0.67;5.0;10.1;60;14.3;17.3;19.6;18.0;0.046;0.097;0.138;0.209;0.266
Sartène;41.62;8.97;29/05/2026;03:00;15.3;63;8.3;14.0;0;0.0;0.0;0.0;0.0;0.0;0;P1;Ensoleillé;1018.7;987.3;0;0;0;0;39360.0;0.01;0.64;5.3;10.8;62;14.3;17.0;19.2;18.0;0.046;0.097;0.138;0.209;0.266
Sartène;41.62;8.97;29/05/2026;04:00;15.2;62;7.9;13.8;0;0.0;0.0;0.0;0.0;0.0;0;P1;Ensoleillé;1018.5;987.1;0;0;0;0;39940.0;0.01;0.66;5.5;11.5;67;14.1;16.8;18.9;18.0;0.046;0.097;0.138;0.209;0.266
Sartène;41.62;8.97;29/05/2026;05:00;15.4;57;6.9;13.7;0;0.0;0.0;0.0;0.0;0.0;0;P1;Ensoleillé;1018.8;987.4;0;0;0;0;41940.0;0.01;0.75;5.6;13.7;75;14.3;16.5;18.6;18.0;0.047;0.097;0.138;0.209;0.266
Sartène;41.62;8.97;29/05/2026;06:00;15.0;62;7.8;13.4;0;0.0;0.0;0.0;0.0;0.0;0;P1;Ensoleillé;1019.0;987.6;0;0;0;0;42580.0;0.02;0.65;6.8;17.3;93;14.2;16.4;18.3;18.0;0.047;0.097;0.138;0.209;0.266
Sartène;41.62;8.97;29/05/2026;07:00;16.4;82;13.3;16.5;0;0.0;0.0;0.0;0.0;0.0;0;P1;Ensoleillé;1019.3;988.0;0;0;0;0;32700.0;0.04;0.34;6.5;18.0;93;16.9;16.5;18.0;18.0;0.048;0.097;0.138;0.209;0.266
Sartène;41.62;8.97;29/05/2026;08:00;20.4;76;16.0;21.8;0;0.0;0.0;0.0;0.0;0.0;0;P1;Ensoleillé;1019.4;988.5;0;0;0;0;35440.0;0.09;0.58;4.8;18.0;103;22.3;17.9;17.9;17.9;0.048;0.097;0.138;0.209;0.266
Sartène;41.62;8.97;29/05/2026;09:00;23.7;60;15.5;24.9;0;0.0;0.0;0.0;0.0;0.0;3;P4;Nuageux;1019.7;989.2;83;0;0;83;40580.0;0.22;1.17;4.4;18.7;145;24.9;19.8;18.0;17.9;0.048;0.097;0.138;0.209;0.265
Sartène;41.62;8.97;29/05/2026;10:00;25.0;57;15.9;26.6;0;0.0;0.0;0.0;0.0;0.0;0;P1;Ensoleillé;1019.7;989.3;0;0;0;0;40820.0;0.38;1.36;3.7;19.1;151;27.0;21.2;18.3;17.9;0.047;0.097;0.137;0.208;0.265
Sartène;41.62;8.97;29/05/2026;11:00;26.5;53;16.1;29.3;0;0.0;0.0;0.0;0.0;0.0;3;P4;Nuageux;1020.0;989.7;56;0;0;56;41080.0;0.48;1.63;3.6;18.0;180;29.5;22.6;18.8;17.9;0.047;0.096;0.136;0.207;0.264
Sartène;41.62;8.97;29/05/2026;12:00;27.7;49;16.0;30.9;0;0.0;0.0;0.0;0.0;0.0;3;P4;Nuageux;1019.7;989.6;100;8;0;100;41360.0;0.49;1.89;4.2;15.1;200;30.8;23.9;19.3;17.9;0.046;0.096;0.136;0.206;0.264
Sartène;41.62;8.97;29/05/2026;13:00;28.0;49;16.3;31.2;0;0.0;0.0;0.0;0.0;0.0;3;P4;Nuageux;1020.0;989.9;100;10;0;100;41360.0;0.46;1.93;5.9;18.4;218;31.5;24.9;19.8;17.9;0.045;0.096;0.135;0.205;0.263
Sartène;41.62;8.97;29/05/2026;14:00;28.3;46;15.6;31.1;0;0.0;0.0;0.0;0.0;0.0;1;P2;Éclaircies;1019.7;989.6;22;14;0;9;41580.0;0.42;2.08;6.9;20.5;219;32.3;25.5;20.4;17.9;0.044;0.096;0.134;0.204;0.263
Sartène;41.62;8.97;29/05/2026;15:00;28.7;43;14.9;31.4;0;0.0;0.0;0.0;0.0;0.0;1;P2;Éclaircies;1019.4;989.4;18;17;0;1;42120.0;0.41;2.24;7.1;21.2;204;32.3;26.2;21.0;17.9;0.043;0.096;0.134;0.204;0.263
Sartène;41.62;8.97;29/05/2026;16:00;28.2;48;16.2;30.7;0;0.0;0.0;0.0;0.0;0.0;1;P2;Éclaircies;1019.3;989.2;22;20;0;2;41380.0;0.35;1.99;7.5;22.0;215;31.1;26.4;21.5;18.0;0.042;0.096;0.133;0.203;0.262
Sartène;41.62;8.97;29/05/2026;17:00;27.5;54;17.4;29.8;0;0.0;0.0;0.0;0.0;0.0;3;P4;Nuageux;1019.2;989.1;79;31;0;68;40600.0;0.28;1.69;6.4;22.3;232;29.2;26.2;21.9;18.0;0.042;0.096;0.133;0.202;0.262
Sartène;41.62;8.97;29/05/2026;18:00;26.6;59;17.9;28.5;5;0.0;0.0;0.0;0.0;0.0;3;P4;Nuageux;1019.2;989.0;85;34;0;76;39600.0;0.2;1.42;6.1;18.0;230;27.6;25.7;22.2;18.0;0.042;0.096;0.132;0.202;0.262
Sartène;41.62;8.97;29/05/2026;19:00;25.6;64;18.3;28.3;0;0.0;0.0;0.0;0.0;0.0;3;P4;Nuageux;1019.6;989.3;99;24;60;99;39020.0;0.11;1.18;2.4;17.3;243;25.5;25.1;22.4;18.1;0.042;0.096;0.132;0.202;0.262
Sartène;41.62;8.97;29/05/2026;20:00;24.1;69;18.1;26.6;0;0.0;0.0;0.0;0.0;0.0;3;P4;Nuageux;1019.7;989.2;91;27;75;46;38040.0;0.05;0.93;3.0;12.2;194;22.9;24.1;22.5;18.1;0.042;0.096;0.132;0.202;0.262
Sartène;41.62;8.97;29/05/2026;21:00;21.8;77;17.5;24.0;0;0.0;0.0;0.0;0.0;0.0;3;P4;Nuageux;1019.8;989.1;84;0;27;76;35680.0;0.02;0.6;2.9;13.3;97;19.2;22.6;22.4;18.2;0.042;0.096;0.132;0.202;0.262
Sartène;41.62;8.97;29/05/2026;22:00;20.3;75;15.7;21.3;0;0.0;0.0;0.0;0.0;0.0;3;P4;Nuageux;1020.2;989.3;100;0;5;100;34740.0;0.01;0.59;5.8;17.3;68;19.2;21.4;22.1;18.2;0.043;0.095;0.132;0.202;0.261
Sartène;41.62;8.97;29/05/2026;23:00;19.4;76;15.1;20.1;0;0.0;0.0;0.0;0.0;0.0;3;P4;Nuageux;1020.5;989.5;88;0;0;88;34680.0;0.01;0.54;6.8;18.7;72;18.8;20.8;21.8;18.2;0.043;0.095;0.132;0.202;0.261
Sartène;41.62;8.97;30/05/2026;00:00;19.3;63;12.1;18.8;0;0.0;0.0;0.0;0.0;0.0;0;P1;Ensoleillé;1020.6;989.6;1;0;0;1;39840.0;0.02;0.83;7.7;20.9;79;18.6;20.7;21.8;18.3;0.042;0.095;0.132;0.201;0.261
Sartène;41.62;8.97;30/05/2026;01:00;18.9;60;11.0;18.1;0;0.0;0.0;0.0;0.0;0.0;1;P2;Éclaircies;1020.6;989.5;15;12;0;3;40380.0;0.02;0.87;7.8;21.2;77;18.2;20.3;21.4;18.3;0.042;0.095;0.132;0.201;0.261
Sartène;41.62;8.97;30/05/2026;02:00;18.5;62;11.1;17.7;0;0.0;0.0;0.0;0.0;0.0;1;P2;Éclaircies;1020.2;989.1;12;11;0;1;40060.0;0.02;0.81;7.8;20.9;77;17.8;19.9;21.1;18.3;0.043;0.095;0.132;0.201;0.261
Sartène;41.62;8.97;30/05/2026;03:00;18.1;63;10.9;17.3;0;0.0;0.0;0.0;0.0;0.0;0;P1;Ensoleillé;1019.8;988.7;20;4;13;3;39740.0;0.02;0.77;7.8;20.5;77;17.4;19.5;20.8;18.4;0.043;0.095;0.132;0.201;0.261
Sartène;41.62;8.97;30/05/2026;04:00;17.7;65;11.0;16.9;0;0.0;0.0;0.0;0.0;0.0;0;P1;Ensoleillé;1019.6;988.4;0;0;0;0;39400.0;0.02;0.71;7.4;18.7;76;17.0;19.1;20.5;18.4;0.043;0.095;0.132;0.201;0.261
Sartène;41.62;8.97;30/05/2026;05:00;17.2;67;11.0;16.4;3;0.0;0.0;0.0;0.0;0.0;0;P1;Ensoleillé;1019.5;988.3;0;0;0;0;38740.0;0.02;0.65;7.3;16.9;79;16.5;18.8;20.2;18.4;0.043;0.095;0.132;0.201;0.261
Sartène;41.62;8.97;30/05/2026;06:00;16.9;69;11.2;16.2;0;0.0;0.0;0.0;0.0;0.0;0;P1;Ensoleillé;1019.8;988.6;0;0;0;0;38120.0;0.01;0.6;7.3;16.2;79;16.3;18.5;19.9;18.4;0.044;0.095;0.132;0.201;0.261
Sartène;41.62;8.97;30/05/2026;07:00;17.9;75;13.4;18.0;0;0.0;0.0;0.0;0.0;0.0;0;P1;Ensoleillé;1020.1;988.9;0;0;0;0;35760.0;0.04;0.51;6.6;16.2;77;18.1;18.4;19.7;18.4;0.044;0.095;0.132;0.201;0.261
Sartène;41.62;8.97;30/05/2026;08:00;21.1;78;17.1;23.0;0;0.0;0.0;0.0;0.0;0.0;0;P1;Ensoleillé;1020.1;989.3;0;0;0;0;34060.0;0.1;0.55;4.2;15.8;70;23.2;19.3;19.5;18.4;0.044;0.095;0.132;0.201;0.261
Sartène;41.62;8.97;30/05/2026;09:00;24.4;56;15.0;25.8;0;0.0;0.0;0.0;0.0;0.0;0;P1;Ensoleillé;1020.2;989.7;0;0;0;0;41060.0;0.22;1.34;1.6;13.0;207;26.0;21.2;19.5;18.4;0.044;0.095;0.132;0.201;0.261
Sartène;41.62;8.97;30/05/2026;10:00;25.0;59;16.4;26.9;0;0.0;0.0;0.0;0.0;0.0;0;P1;Ensoleillé;1020.1;989.7;0;0;0;0;40360.0;0.39;1.3;3.2;13.0;243;27.2;22.4;19.8;18.4;0.044;0.094;0.131;0.2;0.26
Sartène;41.62;8.97;30/05/2026;11:00;26.1;58;17.2;29.0;0;0.0;0.0;0.0;0.0;0.0;0;P1;Ensoleillé;1020.2;989.9;0;0;0;0;40160.0;0.46;1.42;5.1;14.4;266;29.5;23.5;20.1;18.4;0.043;0.094;0.131;0.199;0.26
Sartène;41.62;8.97;30/05/2026;12:00;26.9;55;17.1;29.7;0;0.0;0.0;0.0;0.0;0.0;1;P2;Éclaircies;1020.1;989.9;29;20;11;0;40440.0;0.44;1.59;7.6;20.2;270;29.9;24.5;20.5;18.4;0.043;0.094;0.13;0.198;0.259
Sartène;41.62;8.97;30/05/2026;13:00;27.2;53;16.7;29.2;3;0.0;0.0;0.0;0.0;0.0;3;P4;Nuageux;1020.0;989.8;94;1;9;85;40640.0;0.4;1.69;10.1;27.4;272;29.7;24.9;20.9;18.4;0.042;0.094;0.129;0.198;0.259
Sartène;41.62;8.97;30/05/2026;14:00;27.1;50;15.7;28.5;13;0.0;0.0;0.0;0.0;0.0;3;P4;Nuageux;1019.6;989.4;99;15;13;85;41100.0;0.36;1.79;10.2;27.4;280;28.6;25.1;21.3;18.4;0.042;0.094;0.129;0.197;0.259
Sartène;41.62;8.97;30/05/2026;15:00;27.8;47;15.5;29.2;15;0.0;0.0;0.0;0.0;0.0;3;P4;Nuageux;1018.9;988.8;99;7;13;85;41420.0;0.35;1.98;9.8;25.9;276;30.8;25.5;21.6;18.4;0.042;0.094;0.128;0.196;0.258
Sartène;41.62;8.97;30/05/2026;16:00;27.7;48;15.7;28.8;15;0.0;0.0;0.0;0.0;0.0;3;P4;Nuageux;1018.4;988.3;100;42;1;100;41380.0;0.31;1.93;9.9;26.3;289;29.2;25.7;22.0;18.5;0.041;0.094;0.128;0.196;0.258
Sartène;41.62;8.97;30/05/2026;17:00;27.4;47;15.1;27.6;15;0.0;0.0;0.0;0.0;0.0;3;P4;Nuageux;1018.0;987.9;97;30;10;90;41500.0;0.26;1.93;9.8;25.9;294;28.3;25.5;22.3;18.5;0.041;0.094;0.128;0.195;0.258
Sartène;41.62;8.97;30/05/2026;18:00;27.2;46;14.5;27.5;13;0.0;0.0;0.0;0.0;0.0;3;P4;Nuageux;1017.9;987.8;95;4;0;92;41720.0;0.22;1.94;8.0;25.9;297;28.0;25.4;22.5;18.5;0.041;0.094;0.127;0.195;0.258
Sartène;41.62;8.97;30/05/2026;19:00;26.4;49;14.8;27.0;11;0.0;0.0;0.0;0.0;0.0;2;P8;Éclaircies;1017.6;987.4;80;0;0;80;41400.0;0.15;1.75;6.2;21.6;280;26.1;25.1;22.6;18.6;0.04;0.094;0.127;0.195;0.257
Sartène;41.62;8.97;30/05/2026;20:00;24.4;58;15.6;25.7;8;0.0;0.0;0.0;0.0;0.0;1;P2;Éclaircies;1017.7;987.3;7;0;0;7;40500.0;0.07;1.28;4.4;16.9;261;22.8;24.2;22.7;18.6;0.041;0.093;0.127;0.195;0.257
Sartène;41.62;8.97;30/05/2026;21:00;21.6;75;16.9;23.8;5;0.0;0.0;0.0;0.0;0.0;3;P4;Nuageux;1017.8;987.1;97;0;0;97;38040.0;0.02;0.64;1.1;10.4;270;18.6;22.6;22.6;18.6;0.041;0.093;0.127;0.194;0.257
Sartène;41.62;8.97;30/05/2026;22:00;20.5;74;15.7;21.7;2;0.0;0.0;0.0;0.0;0.0;3;P4;Nuageux;1018.2;987.4;91;0;0;91;36500.0;-0.0;0.63;5.3;9.7;62;17.9;21.2;22.3;18.7;0.042;0.093;0.127;0.195;0.257
Sartène;41.62;8.97;30/05/2026;23:00;18.7;87;16.4;20.1;0;0.0;0.0;0.0;0.0;0.0;3;P4;Nuageux;1018.3;987.3;100;0;0;100;29180.0;-0.0;0.28;5.6;13.0;75;18.2;20.5;21.9;18.7;0.042;0.093;0.127;0.195;0.257
Sartène;41.62;8.97;31/05/2026;00:00;18.0;94;17.0;19.7;0;0.0;0.0;0.0;0.0;0.0;3;P4;Nuageux;1018.5;987.4;100;25;0;100;8980.0;-0.0;0.12;5.2;13.3;65;17.7;20.1;21.6;18.7;0.043;0.093;0.127;0.195;0.257
Sartène;41.62;8.97;31/05/2026;01:00;17.7;96;17.1;19.4;0;0.0;0.0;0.0;0.0;0.0;3;P4;Nuageux;1018.5;987.4;100;34;0;100;3080.0;-0.0;0.08;5.3;14.4;62;17.4;19.7;21.2;18.7;0.043;0.093;0.127;0.195;0.257
Sartène;41.62;8.97;31/05/2026;02:00;17.4;96;16.8;19.0;0;0.0;0.0;0.0;0.0;0.0;2;P8;Éclaircies;1018.3;987.2;70;31;0;48;3880.0;-0.0;0.08;5.0;14.4;60;16.8;19.3;20.9;18.7;0.044;0.093;0.127;0.195;0.257
Sartène;41.62;8.97;31/05/2026;03:00;16.9;95;16.1;18.2;0;0.0;0.0;0.0;0.0;0.0;2;P8;Éclaircies;1017.9;986.7;60;28;0;37;5260.0;-0.0;0.1;5.3;15.1;62;16.4;18.9;20.6;18.8;0.044;0.093;0.127;0.195;0.257
Sartène;41.62;8.97;31/05/2026;04:00;16.6;96;15.9;17.9;0;0.0;0.0;0.0;0.0;0.0;2;P8;Éclaircies;1017.8;986.6;66;29;51;6;3400.0;-0.0;0.08;4.6;15.5;51;16.1;18.5;20.3;18.8;0.045;0.093;0.127;0.195;0.257
Sartène;41.62;8.97;31/05/2026;05:00;16.3;96;15.7;17.5;0;0.0;0.0;0.0;0.0;0.0;3;P4;Nuageux;1017.5;986.3;83;31;72;2;2680.0;-0.0;0.07;5.0;15.8;60;16.0;18.2;20.0;18.8;0.046;0.093;0.127;0.195;0.257
Sartène;41.62;8.97;31/05/2026;06:00;16.1;96;15.5;17.1;0;0.0;0.0;0.0;0.0;0.0;3;P4;Nuageux;1017.4;986.1;88;35;74;45;1920.0;-0.0;0.07;5.6;16.2;63;15.9;18.0;19.7;18.7;0.046;0.092;0.128;0.195;0.257
Sartène;41.62;8.97;31/05/2026;07:00;17.2;93;16.1;18.6;0;0.0;0.0;0.0;0.0;0.0;2;P8;Éclaircies;1017.5;986.4;53;20;4;32;13740.0;0.01;0.14;4.8;15.8;63;17.9;18.0;19.4;18.7;0.047;0.092;0.128;0.195;0.257
Sartène;41.62;8.97;31/05/2026;08:00;20.8;88;18.7;23.7;0;0.0;0.0;0.0;0.0;0.0;2;P8;Éclaircies;1017.6;986.8;75;0;10;67;24860.0;0.06;0.29;2.0;15.5;45;23.0;19.1;19.3;18.7;0.047;0.092;0.128;0.194;0.257
Sartène;41.62;8.97;31/05/2026;09:00;23.1;73;18.0;25.4;0;0.0;0.0;0.0;0.0;0.0;1;P2;Éclaircies;1017.9;987.4;41;0;0;41;35460.0;0.19;0.76;4.0;14.4;280;25.4;20.8;19.3;18.7;0.047;0.092;0.127;0.194;0.257
Sartène;41.62;8.97;31/05/2026;10:00;24.4;67;17.9;26.4;0;0.0;0.0;0.0;0.0;0.0;0;P1;Ensoleillé;1017.8;987.4;6;0;0;6;38280.0;0.34;1.01;6.5;18.7;276;26.7;22.0;19.6;18.7;0.047;0.092;0.127;0.194;0.256
Sartène;41.62;8.97;31/05/2026;11:00;25.5;57;16.4;27.5;0;0.0;0.0;0.0;0.0;0.0;0;P1;Ensoleillé;1018.0;987.7;0;0;0;0;40280.0;0.46;1.4;8.4;23.8;280;28.4;23.0;19.9;18.7;0.046;0.092;0.126;0.193;0.256
Sartène;41.62;8.97;31/05/2026;12:00;26.3;54;16.3;28.6;0;0.0;0.0;0.0;0.0;0.0;0;P1;Ensoleillé;1018.0;987.8;0;0;0;0;40600.0;0.46;1.57;10.6;28.1;280;29.7;24.0;20.3;18.7;0.045;0.092;0.125;0.192;0.256
Sartène;41.62;8.97;31/05/2026;13:00;27.1;49;15.4;29.5;0;0.0;0.0;0.0;0.0;0.0;0;P1;Ensoleillé;1017.8;987.6;0;0;0;0;41080.0;0.44;1.82;10.6;29.5;280;31.0;24.9;20.7;18.7;0.044;0.092;0.125;0.191;0.255
Sartène;41.62;8.97;31/05/2026;14:00;27.7;46;15.0;30.0;0;0.0;0.0;0.0;0.0;0.0;0;P1;Ensoleillé;1017.2;987.1;0;0;0;0;41480.0;0.41;2.0;10.9;29.9;278;31.4;25.7;21.2;18.7;0.043;0.092;0.124;0.19;0.255
Sartène;41.62;8.97;31/05/2026;15:00;27.6;46;14.9;29.7;0;0.0;0.0;0.0;0.0;0.0;1;P2;Éclaircies;1016.7;986.6;11;0;0;11;41500.0;0.38;1.99;11.2;31.3;276;31.1;26.1;21.6;18.7;0.043;0.092;0.124;0.19;0.254
Sartène;41.62;8.97;31/05/2026;16:00;27.4;45;14.4;28.8;0;0.0;0.0;0.0;0.0;0.0;1;P2;Éclaircies;1016.2;986.1;14;0;0;14;41700.0;0.33;2.0;10.5;31.0;274;30.4;26.2;22.1;18.7;0.042;0.092;0.123;0.189;0.254
Sartène;41.62;8.97;31/05/2026;17:00;26.5;46;13.9;27.1;0;0.0;0.0;0.0;0.0;0.0;1;P2;Éclaircies;1016.0;985.8;25;0;0;25;41640.0;0.28;1.87;10.1;28.4;274;28.4;26.0;22.4;18.8;0.041;0.091;0.123;0.188;0.254
Sartène;41.62;8.97;31/05/2026;18:00;25.4;50;14.2;25.5;0;0.0;0.0;0.0;0.0;0.0;0;P1;Ensoleillé;1016.0;985.7;2;0;0;2;41200.0;0.22;1.62;8.8;27.0;279;26.7;25.4;22.6;18.8;0.041;0.091;0.122;0.188;0.253
Sartène;41.62;8.97;31/05/2026;19:00;24.2;55;14.5;24.6;0;0.0;0.0;0.0;0.0;0.0;0;P1;Ensoleillé;1016.2;985.8;0;0;0;0;40660.0;0.13;1.36;7.1;25.6;285;24.4;24.7;22.8;18.8;0.041;0.091;0.122;0.188;0.253
Sartène;41.62;8.97;31/05/2026;20:00;22.5;64;15.3;23.5;0;0.0;0.0;0.0;0.0;0.0;0;P1;Ensoleillé;1016.5;985.9;0;0;0;0;39300.0;0.06;0.98;5.1;22.3;278;21.4;23.6;22.7;18.9;0.041;0.091;0.122;0.188;0.253
Sartène;41.62;8.97;31/05/2026;21:00;20.9;72;15.6;22.4;0;0.0;0.0;0.0;0.0;0.0;0;P1;Ensoleillé;1016.7;986.0;0;0;0;0;36120.0;0.03;0.69;2.5;18.0;278;18.9;22.2;22.5;18.9;0.042;0.091;0.122;0.188;0.253
Sartène;41.62;8.97;31/05/2026;22:00;19.3;80;15.7;21.1;0;0.0;0.0;0.0;0.0;0.0;0;P1;Ensoleillé;1016.9;986.0;1;0;0;1;32940.0;0.02;0.45;0.4;12.6;90;16.4;20.5;22.1;18.9;0.042;0.091;0.122;0.188;0.253
Sartène;41.62;8.97;31/05/2026;23:00;18.0;86;15.6;19.5;0;0.0;0.0;0.0;0.0;0.0;0;P1;Ensoleillé;1017.0;985.9;1;0;0;1;29760.0;0.01;0.29;2.5;9.0;90;14.7;19.1;21.7;19.0;0.043;0.091;0.122;0.188;0.253
Sartène;41.62;8.97;01/06/2026;00:00;17.2;90;15.5;18.6;0;0.0;0.0;0.0;0.0;0.0;2;P8;Éclaircies;1017.0;985.9;26;24;0;12;20040.0;-0.0;0.2;3.6;8.6;90;14.2;18.3;21.2;19.0;0.043;0.091;0.122;0.188;0.253
Sartène;41.62;8.97;01/06/2026;01:00;16.8;92;15.5;18.1;0;0.0;0.0;0.0;0.0;0.0;2;P8;Éclaircies;1016.9;985.7;52;48;0;24;10300.0;-0.0;0.15;4.0;9.7;85;14.4;17.7;20.7;19.0;0.044;0.09;0.122;0.188;0.253
Sartène;41.62;8.97;01/06/2026;02:00;16.6;94;15.6;17.9;0;0.0;0.0;0.0;0.0;0.0;2;P8;Éclaircies;1016.7;985.5;77;72;0;35;580.0;-0.0;0.11;4.0;10.4;80;14.8;17.3;20.2;19.0;0.044;0.09;0.122;0.188;0.253
Sartène;41.62;8.97;01/06/2026;03:00;16.5;95;15.7;17.9;0;0.0;0.0;0.0;0.0;0.0;45;brouillards;Brouillard;1016.4;985.2;77;74;0;23;4820.0;-0.0;0.09;3.8;10.1;73;14.8;17.2;19.8;19.0;0.045;0.09;0.122;0.188;0.253
Sartène;41.62;8.97;01/06/2026;04:00;16.6;94;15.6;18.0;0;0.0;0.0;0.0;0.0;0.0;45;brouillards;Brouillard;1015.9;984.7;77;75;0;12;9080.0;0.0;0.11;3.1;9.7;54;14.9;17.2;19.5;18.9;0.045;0.09;0.122;0.188;0.253
Sartène;41.62;8.97;01/06/2026;05:00;16.9;94;15.9;18.6;0;0.0;0.0;0.0;0.0;0.0;45;brouillards;Brouillard;1015.6;984.5;77;77;0;0;13320.0;0.0;0.12;2.5;9.7;45;15.5;17.4;19.2;18.9;0.046;0.09;0.122;0.188;0.253
Sartène;41.62;8.97;01/06/2026;06:00;17.6;94;16.6;19.7;0;0.0;0.0;0.0;0.0;0.0;45;brouillards;Brouillard;1015.5;984.5;85;76;0;33;11140.0;0.0;0.12;1.5;10.1;45;17.0;17.7;19.0;18.9;0.046;0.09;0.122;0.188;0.253
Sartène;41.62;8.97;01/06/2026;07:00;18.6;95;17.7;21.3;0;0.0;0.0;0.0;0.0;0.0;45;brouillards;Brouillard;1015.5;984.6;92;74;0;67;8960.0;0.0;0.11;0.5;10.4;45;19.0;18.0;18.8;18.9;0.047;0.09;0.123;0.188;0.253
Sartène;41.62;8.97;01/06/2026;08:00;19.6;94;18.6;22.6;0;0.0;0.0;0.0;0.0;0.0;45;brouillards;Brouillard;1015.6;984.8;100;73;0;100;6780.0;0.01;0.14;1.0;12.2;225;21.0;18.5;18.7;18.9;0.047;0.09;0.123;0.188;0.253
Sartène;41.62;8.97;01/06/2026;09:00;20.6;91;19.1;23.5;0;0.0;0.0;0.0;0.0;0.0;2;P8;Éclaircies;1015.7;985.0;93;70;1;81;13040.0;0.06;0.22;3.4;15.8;238;22.7;19.3;18.7;18.9;0.047;0.09;0.123;0.188;0.253
Sartène;41.62;8.97;01/06/2026;10:00;21.7;87;19.4;24.3;0;0.0;0.0;0.0;0.0;0.0;2;P8;Éclaircies;1015.8;985.2;86;67;2;62;19320.0;0.12;0.34;6.4;20.9;243;24.3;20.3;18.9;18.8;0.048;0.09;0.122;0.187;0.252
Sartène;41.62;8.97;01/06/2026;11:00;22.7;82;19.5;25.0;0;0.0;0.0;0.0;0.0;0.0;2;P8;Éclaircies;1015.8;985.3;79;64;3;43;25580.0;0.19;0.5;9.0;25.6;247;25.7;21.3;19.2;18.8;0.048;0.09;0.122;0.187;0.252
Sartène;41.62;8.97;01/06/2026;12:00;23.8;77;19.5;25.9;0;0.0;0.0;0.0;0.0;0.0;1;P2;Éclaircies;1015.6;985.2;66;54;4;29;28760.0;0.26;0.68;10.6;29.5;252;27.2;22.4;19.5;18.8;0.048;0.09;0.121;0.186;0.252
Sartène;41.62;8.97;01/06/2026;13:00;24.8;72;19.4;27.6;0;0.0;0.0;0.0;0.0;0.0;1;P2;Éclaircies;1015.2;984.9;53;44;6;14;31920.0;0.33;0.87;11.4;33.5;257;28.5;23.4;19.9;18.8;0.047;0.089;0.121;0.186;0.251
Sartène;41.62;8.97;01/06/2026;14:00;25.4;68;19.0;28.4;0;0.0;0.0;0.0;0.0;0.0;1;P2;Éclaircies;1014.9;984.7;40;34;7;0;35100.0;0.37;1.03;12.0;36.0;261;29.1;24.2;20.3;18.8;0.046;0.089;0.12;0.185;0.251
Sartène;41.62;8.97;01/06/2026;15:00;25.4;64;18.1;28.1;0;0.0;0.0;0.0;0.0;0.0;0;P1;Ensoleillé;1014.7;984.5;28;24;5;0;36560.0;0.37;1.16;12.3;36.7;265;28.8;24.5;20.7;18.8;0.045;0.089;0.12;0.184;0.251
Sartène;41.62;8.97;01/06/2026;16:00;24.9;60;16.6;26.8;0;0.0;0.0;0.0;0.0;0.0;0;P1;Ensoleillé;1014.5;984.2;16;13;2;1;38040.0;0.35;1.26;12.2;36.0;270;27.7;24.6;21.2;18.8;0.045;0.089;0.119;0.184;0.25
Sartène;41.62;8.97;01/06/2026;17:00;24.2;59;15.7;25.2;0;0.0;0.0;0.0;0.0;0.0;0;P1;Ensoleillé;1014.4;984.1;4;3;0;1;39500.0;0.31;1.24;11.9;34.9;273;26.3;24.4;21.5;18.8;0.044;0.089;0.119;0.183;0.25
Sartène;41.62;8.97;01/06/2026;18:00;23.3;62;15.6;23.6;0;0.0;0.0;0.0;0.0;0.0;1;P2;Éclaircies;1014.4;984.0;7;7;0;1;38500.0;0.26;1.09;10.9;33.5;276;24.5;23.9;21.7;18.8;0.044;0.089;0.119;0.183;0.25
Sartène;41.62;8.97;01/06/2026;19:00;22.2;67;15.7;22.8;0;0.0;0.0;0.0;0.0;0.0;1;P2;Éclaircies;1014.5;984.0;11;10;0;0;37520.0;0.19;0.88;9.1;31.7;279;22.4;23.1;21.8;18.9;0.044;0.089;0.118;0.182;0.25
Sartène;41.62;8.97;01/06/2026;20:00;20.9;72;15.7;21.8;0;0.0;0.0;0.0;0.0;0.0;1;P2;Éclaircies;1014.6;983.9;14;14;0;0;36520.0;0.13;0.69;7.3;28.8;281;20.2;22.2;21.7;18.9;0.044;0.089;0.118;0.182;0.25
Sartène;41.62;8.97;01/06/2026;21:00;19.5;78;15.6;20.6;0;0.0;0.0;0.0;0.0;0.0;3;P4;Nuageux;1014.8;984.0;43;9;0;33;34240.0;0.08;0.5;5.6;24.1;285;17.9;21.0;21.5;18.9;0.044;0.089;0.118;0.182;0.25
Sartène;41.62;8.97;01/06/2026;22:00;18.0;83;15.1;19.2;0;0.0;0.0;0.0;0.0;0.0;3;P4;Nuageux;1015.0;984.0;71;5;0;67;31940.0;0.04;0.35;3.8;18.4;287;15.6;19.6;21.2;18.9;0.045;0.088;0.119;0.182;0.25
Sartène;41.62;8.97;01/06/2026;23:00;16.9;87;14.7;18.1;0;0.0;0.0;0.0;0.0;0.0;3;P4;Nuageux;1015.2;984.1;100;0;0;100;29660.0;0.01;0.25;2.6;14.4;286;13.8;18.4;20.9;18.9;0.045;0.088;0.119;0.182;0.25
Sartène;41.62;8.97;02/06/2026;00:00;16.5;87;14.3;17.5;0;0.0;0.0;0.0;0.0;0.0;3;P4;Nuageux;1015.2;984.0;98;2;0;98;30660.0;-0.0;0.24;2.6;13.3;286;12.9;17.5;20.4;18.9;0.046;0.088;0.119;0.182;0.25
Sartène;41.62;8.97;02/06/2026;01:00;16.4;85;13.9;17.2;0;0.0;0.0;0.0;0.0;0.0;3;P4;Nuageux;1015.1;983.9;95;3;1;95;31680.0;-0.0;0.28;3.0;13.3;284;12.7;16.9;20.0;18.9;0.046;0.088;0.119;0.182;0.25
Sartène;41.62;8.97;02/06/2026;02:00;16.4;84;13.7;17.1;0;0.0;0.0;0.0;0.0;0.0;3;P4;Nuageux;1015.0;983.8;93;5;1;93;32680.0;-0.0;0.3;3.3;13.7;283;12.5;16.4;19.5;18.9;0.047;0.088;0.119;0.182;0.25
Sartène;41.62;8.97;02/06/2026;03:00;16.3;84;13.5;17.0;0;0.0;0.0;0.0;0.0;0.0;2;P8;Éclaircies;1014.8;983.6;80;17;1;71;32280.0;-0.0;0.3;3.0;13.3;284;11.8;15.8;19.0;18.9;0.047;0.088;0.119;0.182;0.25
Sartène;41.62;8.97;02/06/2026;04:00;16.2;85;13.6;16.9;0;0.0;0.0;0.0;0.0;0.0;2;P8;Éclaircies;1014.5;983.3;67;28;0;49;31860.0;-0.0;0.28;2.7;12.6;293;11.3;15.4;18.6;18.9;0.048;0.088;0.119;0.182;0.25
Sartène;41.62;8.97;02/06/2026;05:00;16.4;86;14.1;17.4;0;0.0;0.0;0.0;0.0;0.0;2;P8;Éclaircies;1014.3;983.2;54;40;0;27;31460.0;-0.0;0.26;2.4;12.2;297;11.9;15.3;18.2;18.8;0.048;0.088;0.119;0.182;0.25
Sartène;41.62;8.97;02/06/2026;06:00;17.2;86;14.8;18.5;0;0.0;0.0;0.0;0.0;0.0;3;P4;Nuageux;1014.3;983.3;69;28;4;51;30740.0;0.0;0.27;1.8;11.2;307;14.5;15.5;17.9;18.8;0.049;0.088;0.119;0.182;0.25
Sartène;41.62;8.97;02/06/2026;07:00;18.3;86;15.9;20.2;0;0.0;0.0;0.0;0.0;0.0;3;P4;Nuageux;1014.4;983.5;84;17;9;74;30040.0;0.0;0.29;0.8;10.4;333;18.2;16.1;17.6;18.8;0.05;0.087;0.119;0.182;0.25
Sartène;41.62;8.97;02/06/2026;08:00;19.5;84;16.7;21.7;0;0.0;0.0;0.0;0.0;0.0;3;P4;Nuageux;1014.4;983.6;99;5;13;98;29320.0;0.01;0.36;0.8;11.2;333;21.4;17.0;17.4;18.7;0.05;0.087;0.119;0.182;0.25
Sartène;41.62;8.97;02/06/2026;09:00;20.8;79;17.0;23.0;0;0.0;0.0;0.0;0.0;0.0;1;P2;Éclaircies;1014.4;983.7;84;19;9;71;32160.0;0.08;0.52;2.3;14.8;288;23.5;18.2;17.6;18.7;0.05;0.087;0.119;0.182;0.25
Sartène;41.62;8.97;02/06/2026;10:00;22.2;72;16.9;23.8;1;0.0;0.0;0.0;0.0;0.0;1;P2;Éclaircies;1014.4;983.9;69;34;4;43;34980.0;0.18;0.75;5.4;20.2;278;25.2;19.7;17.9;18.7;0.05;0.087;0.118;0.181;0.249
Sartène;41.62;8.97;02/06/2026;11:00;23.4;67;16.9;24.7;2;0.0;0.0;0.0;0.0;0.0;1;P2;Éclaircies;1014.3;983.9;54;48;0;16;37820.0;0.26;0.95;8.0;24.8;275;26.5;21.1;18.2;18.6;0.049;0.087;0.118;0.181;0.249
Sartène;41.62;8.97;02/06/2026;12:00;24.4;63;17.0;25.9;2;0.0;0.0;0.0;0.0;0.0;1;P2;Éclaircies;1014.1;983.8;50;41;2;14;36750.0;0.31;1.12;11.3;37.9;273;27.3;22.4;19.3;19.0;0.048;0.09;0.123;0.185;0.249
Sartène;41.62;8.97;02/06/2026;13:00;25.3;61;17.2;26.9;2;0.0;0.0;0.0;0.0;0.0;1;P2;Éclaircies;1013.9;983.7;42;34;2;8;30070.0;0.34;1.26;14.1;51.1;270;27.8;23.5;20.3;19.3;0.049;0.093;0.127;0.19;0.248
Sartène;41.62;8.97;02/06/2026;14:00;25.9;60;17.4;27.5;1;0.0;0.0;0.0;0.0;0.0;1;P2;Éclaircies;1013.7;983.6;29;28;1;0;17805.0;0.36;1.34;16.2;64.5;271;27.8;24.3;21.1;19.7;0.049;0.095;0.132;0.194;0.248
Sartène;41.62;8.97;02/06/2026;15:00;25.9;61;17.8;27.2;0;0.0;0.0;0.0;0.0;0.0;3;P4;Nuageux;1013.4;983.3;45;30;24;10;9120.0;0.0;1.3;17.7;77.8;272;27.3;24.7;21.9;20.1;0.049;0.098;0.138;0.198;0.248
Sartène;41.62;8.97;02/06/2026;16:00;25.3;64;18.0;26.3;1;0.0;0.0;0.0;0.0;0.0;3;P4;Nuageux;1013.1;982.9;67;36;47;20;7280.0;0.0;1.16;17.3;80.3;274;26.6;24.5;22.2;20.1;0.048;0.098;0.137;0.198;0.247
Sartène;41.62;8.97;02/06/2026;17:00;24.7;67;18.1;25.2;2;0.0;0.0;0.0;0.0;0.0;3;P4;Nuageux;1012.8;982.6;88;42;71;30;5420.0;0.0;1.02;16.6;80.3;275;25.7;24.3;22.4;20.1;0.048;0.098;0.137;0.197;0.247
Sartène;41.62;8.97;02/06/2026;18:00;23.9;70;18.1;24.6;3;0.0;0.0;0.0;0.0;0.0;3;P4;Nuageux;1012.6;982.3;92;40;61;53;3980.0;0.0;0.89;15.6;77.0;278;24.5;23.9;22.5;20.1;0.048;0.098;0.137;0.197;0.247
Sartène;41.62;8.97;02/06/2026;19:00;23.0;74;18.1;23.9;3;0.0;0.0;0.0;0.0;0.0;3;P4;Nuageux;1012.3;981.9;96;39;52;77;2520.0;0.0;0.73;14.1;71.6;283;23.0;23.4;22.5;20.1;0.048;0.097;0.136;0.197;0.247
Sartène;41.62;8.97;02/06/2026;20:00;22.3;76;17.8;23.2;4;0.0;0.0;0.0;0.0;0.0;3;P4;Nuageux;1012.2;981.7;100;37;42;100;1080.0;0.0;0.64;12.9;66.6;288;21.8;22.9;22.5;20.1;0.048;0.097;0.136;0.197;0.247
Sartène;41.62;8.97;02/06/2026;21:00;21.6;76;17.2;22.4;5;0.0;0.0;0.0;0.0;0.0;3;P4;Nuageux;1012.2;981.7;100;25;38;100;7500.0;0.0;0.62;12.0;61.9;291;21.0;22.4;22.4;20.1;0.048;0.097;0.136;0.197;0.247
Sartène;41.62;8.97;02/06/2026;22:00;21.1;74;16.3;21.7;6;0.0;0.0;0.0;0.0;0.0;3;P4;Nuageux;1012.3;981.7;100;12;34;100;13920.0;0.0;0.65;11.0;57.6;293;20.5;21.9;22.2;20.2;0.049;0.097;0.136;0.197;0.247
Sartène;41.62;8.97;02/06/2026;23:00;20.7;73;15.7;21.1;7;0.0;0.0;0.0;0.0;0.0;3;P4;Nuageux;1012.3;981.7;100;0;30;100;20340.0;0.0;0.66;10.6;55.8;294;20.2;21.5;22.1;20.2;0.049;0.097;0.136;0.197;0.247
Sartène;41.62;8.97;03/06/2026;00:00;20.6;72;15.3;20.8;7;0.0;0.0;0.0;0.0;0.0;3;P4;Nuageux;1012.1;981.5;100;0;51;100;28280.0;0.0;0.68;10.6;58.0;294;20.1;21.3;21.9;20.2;0.049;0.097;0.136;0.197;0.247
Sartène;41.62;8.97;03/06/2026;01:00;20.6;71;15.1;20.7;8;0.0;0.0;0.0;0.0;0.0;3;P4;Nuageux;1011.8;981.2;100;0;71;100;36240.0;0.0;0.7;10.8;61.9;291;20.1;21.2;21.7;20.2;0.05;0.097;0.136;0.197;0.247
Sartène;41.62;8.97;03/06/2026;02:00;20.5;71;15.1;20.6;8;0.0;0.0;0.0;0.0;0.0;3;P4;Nuageux;1011.5;980.9;100;0;92;100;44180.0;0.0;0.7;11.2;65.5;291;20.1;21.1;21.6;20.2;0.05;0.097;0.136;0.197;0.247
Sartène;41.62;8.97;03/06/2026;03:00;20.3;74;15.5;20.4;8;0.0;0.0;0.0;0.0;0.0;2;P8;Éclaircies;1011.3;980.7;89;13;77;67;44200.0;0.0;0.62;11.5;67.0;290;20.0;20.9;21.4;20.2;0.05;0.097;0.136;0.197;0.247
Sartène;41.62;8.97;03/06/2026;04:00;20.0;78;16.0;20.3;8;0.0;0.0;0.0;0.0;0.0;2;P8;Éclaircies;1011.1;980.4;78;25;62;33;44200.0;0.0;0.51;12.0;67.3;291;19.8;20.7;21.3;20.2;0.051;0.097;0.136;0.197;0.247
Sartène;41.62;8.97;03/06/2026;05:00;19.8;80;16.3;20.2;8;0.0;0.0;0.0;0.0;0.0;2;P8;Éclaircies;1011.0;980.3;67;38;47;0;44220.0;0.0;0.46;12.4;68.0;292;19.8;20.5;21.2;20.2;0.051;0.097;0.136;0.197;0.247
Sartène;41.62;8.97;03/06/2026;06:00;19.9;79;16.2;20.1;7;0.0;0.0;0.0;0.0;0.0;1;P2;Éclaircies;1011.0;980.3;56;33;41;0;42380.0;0.0;0.49;12.9;68.4;293;19.9;20.4;21.0;20.2;0.051;0.097;0.136;0.197;0.247
Sartène;41.62;8.97;03/06/2026;07:00;20.1;75;15.5;20.0;7;0.0;0.0;0.0;0.0;0.0;1;P2;Éclaircies;1011.0;980.4;45;28;34;0;40560.0;0.0;0.59;13.2;69.1;292;20.3;20.4;20.9;20.1;0.051;0.097;0.136;0.196;0.247
Sartène;41.62;8.97;03/06/2026;08:00;20.5;72;15.2;20.1;6;0.0;0.0;0.0;0.0;0.0;1;P2;Éclaircies;1011.1;980.5;34;23;28;0;38720.0;0.0;0.67;14.7;70.6;292;20.8;20.5;20.8;20.1;0.051;0.097;0.136;0.196;0.247
Sartène;41.62;8.97;03/06/2026;09:00;20.9;69;15.0;20.0;6;0.0;0.0;0.0;0.0;0.0;1;P2;Éclaircies;1011.3;980.7;35;27;19;0;38720.0;0.0;0.77;17.7;74.2;290;21.7;20.9;20.7;20.1;0.051;0.097;0.136;0.196;0.247
Sartène;41.62;8.97;03/06/2026;10:00;21.5;66;14.9;20.0;5;0.0;0.0;0.0;0.0;0.0;1;P2;Éclaircies;1011.5;981.0;35;32;9;0;38700.0;0.0;0.87;21.6;78.8;288;22.8;21.4;20.8;20.1;0.051;0.097;0.135;0.195;0.246
Sartène;41.62;8.97;03/06/2026;11:00;22.0;64;14.8;20.4;4;0.0;0.0;0.0;0.0;0.0;1;P2;Éclaircies;1011.7;981.2;36;36;0;0;38700.0;0.0;0.95;24.6;82.1;288;23.7;21.9;20.8;20.1;0.051;0.097;0.135;0.195;0.246
Sartène;41.62;8.97;03/06/2026;12:00;22.3;62;14.6;20.9;4;0.0;0.0;0.0;0.0;0.0;2;P8;Éclaircies;1011.8;981.3;40;40;0;0;39520.0;0.0;1.02;26.6;81.0;289;24.3;22.3;20.9;20.1;0.051;0.097;0.134;0.194;0.246
Sartène;41.62;8.97;03/06/2026;13:00;22.5;61;14.6;21.2;3;0.0;0.0;0.0;0.0;0.0;2;P8;Éclaircies;1011.8;981.4;43;43;0;0;40320.0;0.0;1.06;28.0;78.1;290;24.6;22.6;21.1;20.1;0.05;0.096;0.134;0.194;0.245
Sartène;41.62;8.97;03/06/2026;14:00;22.6;60;14.4;21.3;3;0.0;0.0;0.0;0.0;0.0;2;P8;Éclaircies;1011.8;981.4;47;47;0;0;41140.0;0.0;1.1;28.3;79.2;292;24.7;22.8;21.3;20.1;0.05;0.096;0.133;0.193;0.245
Sartène;41.62;8.97;03/06/2026;15:00;22.6;60;14.4;21.3;3;0.0;0.0;0.0;0.0;0.0;1;P2;Éclaircies;1011.7;981.3;45;45;0;0;40280.0;0.0;1.09;27.5;89.6;292;24.5;22.9;21.4;20.1;0.05;0.096;0.133;0.193;0.245
Sartène;41.62;8.97;03/06/2026;16:00;22.4;60;14.2;21.0;2;0.0;0.0;0.0;0.0;0.0;1;P2;Éclaircies;1011.5;981.1;43;43;0;0;39420.0;0.0;1.08;25.7;103.7;292;24.0;23.0;21.5;20.1;0.049;0.096;0.132;0.192;0.245
Sartène;41.62;8.97;03/06/2026;17:00;22.1;61;14.2;20.5;2;0.0;0.0;0.0;0.0;0.0;1;P2;Éclaircies;1011.5;981.0;41;41;0;0;38560.0;0.0;1.03;23.4;110.9;293;23.3;22.8;21.6;20.1;0.049;0.096;0.132;0.192;0.245
Sartène;41.62;8.97;03/06/2026;18:00;21.6;62;14.0;19.8;1;0.0;0.0;0.0;0.0;0.0;2;P8;Éclaircies;1011.6;981.1;50;39;0;14;37700.0;0.0;0.98;21.1;105.1;295;22.3;22.5;21.7;20.1;0.049;0.096;0.132;0.192;0.245
Sartène;41.62;8.97;03/06/2026;19:00;20.9;63;13.6;19.3;1;0.0;0.0;0.0;0.0;0.0;2;P8;Éclaircies;1011.9;981.3;60;38;0;28;36840.0;0.0;0.91;18.7;92.5;298;21.1;22.0;21.7;20.1;0.049;0.096;0.132;0.191;0.244
Sartène;41.62;8.97;03/06/2026;20:00;20.3;65;13.5;19.0;1;0.0;0.0;0.0;0.0;0.0;2;P8;Éclaircies;1012.2;981.5;69;36;0;42;35980.0;0.0;0.83;16.3;81.0;301;20.0;21.5;21.6;20.1;0.049;0.096;0.132;0.191;0.244
Sartène;41.62;8.97;03/06/2026;21:00;19.7;67;13.4;18.8;0;0.0;0.0;0.0;0.0;0.0;1;P2;Éclaircies;1012.7;982.0;54;24;0;36;36840.0;0.0;0.76;13.9;73.1;301;19.3;21.0;21.5;20.1;0.049;0.096;0.132;0.191;0.244
Sartène;41.62;8.97;03/06/2026;22:00;19.1;69;13.3;18.5;0;0.0;0.0;0.0;0.0;0.0;1;P2;Éclaircies;1013.3;982.5;40;12;0;31;37700.0;0.0;0.69;11.4;65.9;298;18.6;20.5;21.3;20.1;0.05;0.096;0.132;0.191;0.244
Sartène;41.62;8.97;03/06/2026;23:00;18.7;71;13.3;18.2;0;0.0;0.0;0.0;0.0;0.0;1;P2;Éclaircies;1013.7;982.8;25;0;0;25;38580.0;0.0;0.62;10.0;60.5;296;18.2;20.0;21.1;20.1;0.05;0.096;0.132;0.191;0.244
Sartène;41.62;8.97;04/06/2026;00:00;18.3;73;13.4;18.0;0;0.0;0.0;0.0;0.0;0.0;0;P1;Ensoleillé;1013.9;983.0;17;0;0;17;39440.0;0.0;0.57;9.5;57.2;295;17.9;19.6;20.9;20.1;0.05;0.096;0.132;0.191;0.244
Sartène;41.62;8.97;04/06/2026;01:00;18.1;74;13.4;17.8;0;0.0;0.0;0.0;0.0;0.0;0;P1;Ensoleillé;1014.1;983.2;8;0;0;8;40300.0;0.0;0.54;9.7;55.4;297;17.8;19.3;20.6;20.0;0.05;0.095;0.132;0.191;0.244
Sartène;41.62;8.97;04/06/2026;02:00;18.0;75;13.5;17.7;0;0.0;0.0;0.0;0.0;0.0;0;P1;Ensoleillé;1014.1;983.1;0;0;0;0;41160.0;0.0;0.52;9.8;54.4;298;17.8;19.0;20.4;20.0;0.05;0.095;0.132;0.191;0.244
Sartène;41.62;8.97;04/06/2026;03:00;18.0;76;13.7;17.7;0;0.0;0.0;0.0;0.0;0.0;0;P1;Ensoleillé;1014.0;983.0;0;0;0;0;39720.0;0.0;0.49;9.9;53.6;303;17.6;18.9;20.3;20.0;0.05;0.095;0.132;0.191;0.244
Sartène;41.62;8.97;04/06/2026;04:00;18.0;76;13.7;17.8;1;0.0;0.0;0.0;0.0;0.0;0;P1;Ensoleillé;1013.8;982.9;0;0;0;0;38280.0;0.0;0.5;9.8;53.6;306;17.4;18.9;20.1;20.0;0.051;0.095;0.132;0.191;0.244
Sartène;41.62;8.97;04/06/2026;05:00;18.3;75;13.8;18.1;1;0.0;0.0;0.0;0.0;0.0;0;P1;Ensoleillé;1013.7;982.8;0;0;0;0;36860.0;0.0;0.53;10.0;53.6;308;17.7;18.9;20.0;20.0;0.051;0.095;0.132;0.191;0.244
Sartène;41.62;8.97;04/06/2026;06:00;19.0;73;14.0;18.8;2;0.0;0.0;0.0;0.0;0.0;2;P8;Éclaircies;1013.8;983.0;26;0;0;26;35420.0;0.0;0.59;9.9;52.6;303;18.5;19.0;19.8;20.0;0.051;0.095;0.132;0.191;0.244
Sartène;41.62;8.97;04/06/2026;07:00;19.8;69;14.0;19.6;3;0.0;0.0;0.0;0.0;0.0;2;P8;Éclaircies;1014.0;983.2;53;0;0;53;33980.0;0.0;0.72;10.0;51.8;296;19.8;19.2;19.7;19.9;0.052;0.095;0.131;0.191;0.244
Sartène;41.62;8.97;04/06/2026;08:00;20.7;66;14.1;20.5;4;0.0;0.0;0.0;0.0;0.0;2;P8;Éclaircies;1014.1;983.4;79;0;0;79;32540.0;0.0;0.83;10.7;52.6;290;21.1;19.5;19.7;19.9;0.052;0.095;0.131;0.191;0.244
Sartène;41.62;8.97;04/06/2026;09:00;21.7;64;14.5;21.3;5;0.0;0.0;0.0;0.0;0.0;3;P4;Nuageux;1014.2;983.6;86;10;0;86;33980.0;0.0;0.93;12.4;56.9;287;22.5;20.2;19.7;19.9;0.052;0.095;0.131;0.19;0.244
Sartène;41.62;8.97;04/06/2026;10:00;22.7;63;15.2;22.2;5;0.0;0.0;0.0;0.0;0.0;3;P4;Nuageux;1014.2;983.7;93;21;0;93;35440.0;0.0;1.02;14.9;63.4;285;23.9;21.0;19.8;19.9;0.051;0.095;0.13;0.19;0.243
Sartène;41.62;8.97;04/06/2026;11:00;23.6;61;15.6;23.4;6;0.0;0.0;0.0;0.0;0.0;3;P4;Nuageux;1014.2;983.8;100;31;0;100;36880.0;0.0;1.13;16.8;68.4;285;25.1;21.8;20.0;19.8;0.051;0.095;0.13;0.189;0.243
Sartène;41.62;8.97;04/06/2026;12:00;24.3;59;15.7;24.6;7;0.0;0.0;0.0;0.0;0.0;3;P4;Nuageux;1014.1;983.8;97;30;0;94;38320.0;0.0;1.24;17.5;71.6;284;26.1;22.5;20.3;19.8;0.05;0.095;0.129;0.188;0.243
Sartène;41.62;8.97;04/06/2026;13:00;24.9;57;15.8;25.5;8;0.0;0.0;0.0;0.0;0.0;3;P4;Nuageux;1013.9;983.6;94;30;0;88;39780.0;0.0;1.35;17.8;73.4;284;26.9;23.2;20.6;19.8;0.05;0.094;0.129;0.188;0.242
Sartène;41.62;8.97;04/06/2026;14:00;25.3;56;15.8;26.0;8;0.0;0.0;0.0;0.0;0.0;3;P4;Nuageux;1013.7;983.5;91;29;0;82;41220.0;0.0;1.41;17.7;74.2;283;27.4;23.7;20.9;19.8;0.049;0.094;0.128;0.187;0.242
Sartène;41.62;8.97;04/06/2026;15:00;25.5;55;15.8;26.2;8;0.0;0.0;0.0;0.0;0.0;2;P8;Éclaircies;1013.3;983.1;76;19;15;57;41240.0;0.0;1.47;17.3;73.4;282;27.4;24.0;21.2;19.8;0.049;0.094;0.128;0.187;0.242
Sartène;41.62;8.97;04/06/2026;16:00;25.6;54;15.6;26.0;9;0.0;0.0;0.0;0.0;0.0;2;P8;Éclaircies;1012.9;982.7;62;10;30;31;41260.0;0.0;1.51;16.5;70.9;281;27.0;24.2;21.5;19.8;0.048;0.094;0.127;0.186;0.242
Sartène;41.62;8.97;04/06/2026;17:00;25.3;54;15.3;25.1;9;0.0;0.0;0.0;0.0;0.0;2;P8;Éclaircies;1012.5;982.3;47;0;45;6;41280.0;0.0;1.48;15.4;67.7;281;26.3;24.1;21.8;19.8;0.048;0.094;0.127;0.186;0.242
Sartène;41.62;8.97;04/06/2026;18:00;24.4;56;15.1;24.1;9;0.0;0.0;0.0;0.0;0.0;3;P4;Nuageux;1012.2;982.0;65;0;62;37;41300.0;0.0;1.34;13.8;62.3;279;24.8;23.8;21.9;19.8;0.048;0.094;0.127;0.186;0.242
Sartène;41.62;8.97;04/06/2026;19:00;23.3;60;15.1;23.2;9;0.0;0.0;0.0;0.0;0.0;3;P4;Nuageux;1012.1;981.7;82;0;78;69;41320.0;0.0;1.14;11.6;55.4;277;23.0;23.3;22.0;19.9;0.047;0.094;0.127;0.185;0.242
Sartène;41.62;8.97;04/06/2026;20:00;22.2;64;15.1;22.4;10;0.0;0.0;0.0;0.0;0.0;3;P4;Nuageux;1012.0;981.5;100;0;95;100;41340.0;0.0;0.96;10.1;50.8;276;21.5;22.7;22.1;19.9;0.047;0.094;0.127;0.185;0.242
Sartène;41.62;8.97;04/06/2026;21:00;21.4;67;15.0;21.7;10;0.0;0.0;0.0;0.0;0.0;3;P4;Nuageux;1012.2;981.7;100;6;83;100;40500.0;0.0;0.84;9.1;49.3;279;20.6;22.2;22.0;19.9;0.047;0.094;0.127;0.185;0.242
Sartène;41.62;8.97;04/06/2026;22:00;20.8;71;15.3;21.2;10;0.0;0.0;0.0;0.0;0.0;3;P4;Nuageux;1012.5;981.9;100;12;71;100;39660.0;0.0;0.71;9.0;49.7;286;20.1;21.6;21.8;19.9;0.048;0.093;0.127;0.185;0.242
Sartène;41.62;8.97;04/06/2026;23:00;20.3;74;15.5;20.8;10;0.0;0.0;0.0;0.0;0.0;3;P4;Nuageux;1012.6;981.9;100;18;59;100;38840.0;0.0;0.62;9.2;51.5;291;19.8;21.1;21.7;19.9;0.048;0.093;0.127;0.185;0.242
Sartène;41.62;8.97;05/06/2026;00:00;19.7;76;15.5;20.2;10;0.0;0.0;0.0;0.0;0.0;3;P4;Nuageux;1010.8;980.1;87;27;47;66;38000.0;0.0;0.54;9.2;43.0;239;19.0;20.8;21.5;19.9;0.048;0.093;0.127;0.185;0.242
Sartène;41.62;8.97;05/06/2026;01:00;19.1;78;15.1;19.5;9;0.0;0.0;0.0;0.0;0.0;3;P4;Nuageux;1008.9;978.3;77;26;34;48;37160.0;0.0;0.48;9.1;33.5;183;17.9;20.6;21.3;19.9;0.049;0.093;0.127;0.185;0.241
Sartène;41.62;8.97;05/06/2026;02:00;18.4;79;14.7;18.8;8;0.0;0.0;0.0;0.0;0.0;3;P4;Nuageux;1007.2;976.5;70;18;18;47;36320.0;0.0;0.44;7.6;21.1;131;16.7;20.5;21.2;19.9;0.049;0.093;0.127;0.185;0.241
Sartène;41.62;8.97;05/06/2026;03:00;17.9;79;14.2;18.7;8;0.1;0.0;0.1;0.0;0.0;51;P10;Pluie faible;1005.4;974.7;63;6;0;57;31600.0;0.0;0.43;4.1;8.3;92;15.9;;;;;;;;
Sartène;41.62;8.97;05/06/2026;04:00;18.1;80;14.6;19.3;8;0.1;0.0;0.1;0.0;0.0;51;P10;Pluie faible;1005.1;974.4;62;16;0;46;26880.0;0.0;0.42;3.0;11.2;142;16.5;;;;;;;;
Sartène;41.62;8.97;05/06/2026;05:00;18.6;81;15.2;19.6;8;0.1;0.0;0.1;0.0;0.0;51;P10;Pluie faible;1004.9;974.3;59;27;0;33;22160.0;0.0;0.41;5.2;13.7;192;17.5;;;;;;;;
Sartène;41.62;8.97;05/06/2026;06:00;19.1;81;15.8;19.9;8;0.1;0.0;0.1;0.0;0.0;51;P10;Pluie faible;1004.7;974.1;57;37;0;20;17440.0;0.0;0.42;8.5;15.1;209;18.6;;;;;;;;
Sartène;41.62;8.97;05/06/2026;07:00;19.7;80;16.2;20.2;9;0.1;0.0;0.1;0.0;0.0;51;P10;Pluie faible;1004.6;974.1;54;46;0;9;12720.0;0.0;0.45;11.6;16.2;217;19.8;;;;;;;;
Sartène;41.62;8.97;05/06/2026;08:00;20.1;80;16.6;20.4;10;0.1;0.0;0.1;0.0;0.0;51;P10;Pluie faible;1004.6;974.1;51;51;0;1;8000.0;0.0;0.46;13.5;16.9;224;20.9;;;;;;;;
Sartène;41.62;8.97;05/06/2026;09:00;20.5;80;16.8;20.8;12;0.6;0.1;0.5;0.0;0.0;53;P10;Pluie faible;1004.8;974.4;49;52;0;0;9660.0;0.0;0.49;14.1;18.0;232;22.1;;;;;;;;
Sartène;41.62;8.97;05/06/2026;10:00;20.9;78;17.0;21.3;13;0.6;0.1;0.5;0.0;0.0;53;P10;Pluie faible;1005.1;974.7;46;50;0;0;11300.0;0.0;0.54;14.3;18.7;245;23.6;;;;;;;;
Sartène;41.62;8.97;05/06/2026;11:00;21.3;77;17.0;21.6;15;0.6;0.1;0.5;0.0;0.0;53;P10;Pluie faible;1005.6;975.2;43;47;0;0;12960.0;0.0;0.59;14.7;19.1;258;25.2;;;;;;;;
Sartène;41.62;8.97;05/06/2026;12:00;21.6;75;17.0;22.3;16;0.6;0.1;0.5;0.0;0.0;53;P10;Pluie faible;1006.0;975.7;40;42;0;0;14600.0;0.0;0.64;15.7;19.1;271;26.5;;;;;;;;
Sartène;41.62;8.97;05/06/2026;13:00;21.8;74;16.9;22.7;18;0.6;0.1;0.5;0.0;0.0;53;P10;Pluie faible;1006.5;976.2;37;37;0;0;16260.0;0.0;0.69;16.7;18.7;281;27.5;;;;;;;;
Sartène;41.62;8.97;05/06/2026;14:00;21.7;73;16.6;22.5;18;0.6;0.1;0.5;0.0;0.0;53;P10;Pluie faible;1006.9;976.5;33;32;0;0;17900.0;0.0;0.71;17.7;18.4;287;27.6;;;;;;;;
Sartène;41.62;8.97;05/06/2026;15:00;21.3;72;16.1;21.8;17;0.0;0.0;0.0;0.0;0.0;1;P2;Éclaircies;1007.3;976.9;28;27;0;0;20940.0;0.0;0.7;18.1;18.4;290;27.0;;;;;;;;
Sartène;41.62;8.97;05/06/2026;16:00;20.7;72;15.4;20.8;16;0.0;0.0;0.0;0.0;0.0;1;P2;Éclaircies;1007.6;977.1;21;21;0;0;24000.0;0.0;0.69;17.7;18.7;292;25.5;;;;;;;;
Sartène;41.62;8.97;05/06/2026;17:00;19.9;72;14.6;19.4;14;0.0;0.0;0.0;0.0;0.0;0;P1;Ensoleillé;1007.9;977.3;14;14;0;0;27040.0;0.0;0.66;17.1;18.4;294;23.5;;;;;;;;
Sartène;41.62;8.97;05/06/2026;18:00;19.0;71;13.8;17.9;12;0.0;0.0;0.0;0.0;0.0;0;P1;Ensoleillé;1008.3;977.6;8;8;0;0;30080.0;0.0;0.63;16.1;16.9;295;21.5;;;;;;;;
Sartène;41.62;8.97;05/06/2026;19:00;18.2;71;12.9;16.9;10;0.0;0.0;0.0;0.0;0.0;0;P1;Ensoleillé;1008.7;977.9;3;3;0;0;33140.0;0.0;0.6;14.9;15.5;297;19.5;;;;;;;;
Sartène;41.62;8.97;05/06/2026;20:00;17.5;71;12.2;16.2;8;0.0;0.0;0.0;0.0;0.0;0;P1;Ensoleillé;1009.1;978.2;0;0;0;0;36180.0;0.0;0.58;13.8;15.1;299;17.9;;;;;;;;
Sartène;41.62;8.97;05/06/2026;21:00;16.9;71;11.6;15.5;7;0.0;0.0;0.0;0.0;0.0;0;P1;Ensoleillé;1009.6;978.7;0;0;0;0;36620.0;0.0;0.56;12.5;17.6;302;16.5;;;;;;;;
Sartène;41.62;8.97;05/06/2026;22:00;16.1;71;10.9;14.8;7;0.0;0.0;0.0;0.0;0.0;0;P1;Ensoleillé;1010.2;979.2;2;2;0;0;37060.0;0.0;0.53;11.0;21.6;308;15.1;;;;;;;;
Sartène;41.62;8.97;05/06/2026;23:00;15.4;71;10.2;14.1;6;0.0;0.0;0.0;0.0;0.0;0;P1;Ensoleillé;1010.8;979.7;5;6;0;0;37500.0;0.0;0.51;9.5;24.8;316;13.9;;;;;;;;
Sartène;41.62;8.97;06/06/2026;00:00;14.9;71;9.7;13.6;5;0.0;0.0;0.0;0.0;0.0;0;P1;Ensoleillé;1011.4;980.2;9;10;0;0;37940.0;0.0;0.49;8.1;26.6;325;12.9;;;;;;;;
Sartène;41.62;8.97;06/06/2026;01:00;14.5;71;9.3;13.2;5;0.0;0.0;0.0;0.0;0.0;0;P1;Ensoleillé;1011.9;980.6;13;13;0;0;38380.0;0.0;0.48;7.6;28.1;335;12.2;;;;;;;;
Sartène;41.62;8.97;06/06/2026;02:00;14.4;70;9.0;13.0;4;0.0;0.0;0.0;0.0;0.0;0;P1;Ensoleillé;1012.4;981.1;15;15;0;0;38820.0;0.0;0.49;7.2;29.5;341;12.1;;;;;;;;
Sartène;41.62;8.97;06/06/2026;03:00;14.4;69;8.9;13.1;3;0.0;0.0;0.0;0.0;0.0;0;P1;Ensoleillé;1012.8;981.5;16;15;0;2;38800.0;0.0;0.51;7.3;31.0;343;12.4;;;;;;;;
Sartène;41.62;8.97;06/06/2026;04:00;14.8;68;9.0;13.4;2;0.0;0.0;0.0;0.0;0.0;0;P1;Ensoleillé;1013.1;981.8;17;13;0;4;38800.0;0.0;0.54;7.8;32.4;341;13.1;;;;;;;;
Sartène;41.62;8.97;06/06/2026;05:00;15.3;67;9.2;13.8;1;0.0;0.0;0.0;0.0;0.0;0;P1;Ensoleillé;1013.4;982.2;17;11;0;7;38780.0;0.0;0.57;8.6;33.5;337;14.1;;;;;;;;
Sartène;41.62;8.97;06/06/2026;06:00;15.9;66;9.5;14.5;0;0.0;0.0;0.0;0.0;0.0;0;P1;Ensoleillé;1013.6;982.4;17;9;0;10;38760.0;0.0;0.63;9.2;33.8;332;15.4;;;;;;;;
Sartène;41.62;8.97;06/06/2026;07:00;16.7;64;9.8;15.2;0;0.0;0.0;0.0;0.0;0.0;0;P1;Ensoleillé;1013.9;982.8;17;7;0;12;38760.0;0.0;0.69;9.9;34.2;327;16.9;;;;;;;;
Sartène;41.62;8.97;06/06/2026;08:00;17.5;61;9.9;15.9;0;0.0;0.0;0.0;0.0;0.0;0;P1;Ensoleillé;1014.1;983.1;16;5;0;13;38740.0;0.0;0.77;10.4;34.2;323;18.4;;;;;;;;
Sartène;41.62;8.97;06/06/2026;09:00;18.4;58;10.1;16.9;1;0.0;0.0;0.0;0.0;0.0;0;P1;Ensoleillé;1014.4;983.5;13;4;0;11;34680.0;0.0;0.88;10.8;34.6;317;20.1;;;;;;;;
Sartène;41.62;8.97;06/06/2026;10:00;19.5;55;10.1;18.0;2;0.0;0.0;0.0;0.0;0.0;0;P1;Ensoleillé;1014.7;983.9;8;3;0;8;30620.0;0.0;1.03;11.4;34.6;311;22.5;;;;;;;;
Sartène;41.62;8.97;06/06/2026;11:00;20.9;51;10.2;19.7;4;0.0;0.0;0.0;0.0;0.0;0;P1;Ensoleillé;1015.0;984.3;3;2;0;3;26560.0;0.0;1.22;12.2;34.6;304;24.9;;;;;;;;
Sartène;41.62;8.97;06/06/2026;12:00;22.0;48;10.4;21.6;5;0.0;0.0;0.0;0.0;0.0;0;P1;Ensoleillé;1015.2;984.6;0;1;0;0;22500.0;0.0;1.39;12.8;33.5;298;27.0;;;;;;;;
Sartène;41.62;8.97;06/06/2026;13:00;23.0;45;10.5;23.2;7;0.0;0.0;0.0;0.0;0.0;0;P1;Ensoleillé;1015.4;984.9;0;0;0;0;18440.0;0.0;1.54;13.1;32.0;293;28.7;;;;;;;;
Sartène;41.62;8.97;06/06/2026;14:00;23.6;44;10.6;24.1;8;0.0;0.0;0.0;0.0;0.0;0;P1;Ensoleillé;1015.5;985.1;0;0;0;0;14380.0;0.0;1.63;12.8;31.3;289;29.5;;;;;;;;
Sartène;41.62;8.97;06/06/2026;15:00;23.8;44;10.9;24.5;9;0.0;0.0;0.0;0.0;0.0;0;P1;Ensoleillé;1015.5;985.1;10;0;11;8;19380.0;0.0;1.64;11.5;32.4;284;29.2;;;;;;;;
Sartène;41.62;8.97;06/06/2026;16:00;23.8;46;11.3;24.6;9;0.0;0.0;0.0;0.0;0.0;1;P2;Éclaircies;1015.3;984.9;26;0;27;20;24380.0;0.0;1.6;9.4;34.2;278;28.1;;;;;;;;
Sartène;41.62;8.97;06/06/2026;17:00;23.5;48;11.7;24.1;9;0.0;0.0;0.0;0.0;0.0;1;P2;Éclaircies;1015.1;984.7;45;0;46;35;29400.0;0.0;1.51;7.2;36.0;267;26.5;;;;;;;;
Sartène;41.62;8.97;06/06/2026;18:00;23.0;50;12.0;23.1;9;0.0;0.0;0.0;0.0;0.0;2;P8;Éclaircies;1014.9;984.4;64;0;64;50;34400.0;0.0;1.41;5.2;37.8;250;24.5;;;;;;;;
Sartène;41.62;8.97;06/06/2026;19:00;22.5;52;12.2;22.6;8;0.0;0.0;0.0;0.0;0.0;2;P8;Éclaircies;1014.7;984.2;78;0;77;61;39400.0;0.0;1.3;3.8;39.2;221;22.7;;;;;;;;
Sartène;41.62;8.97;06/06/2026;20:00;21.9;54;12.2;22.1;8;0.0;0.0;0.0;0.0;0.0;3;P4;Nuageux;1014.5;983.9;84;0;82;66;44400.0;0.0;1.21;3.5;39.6;192;21.2;;;;;;;;
Sartène;41.62;8.97;06/06/2026;21:00;21.1;55;11.8;21.2;8;0.0;0.0;0.0;0.0;0.0;3;P4;Nuageux;1014.4;983.8;80;0;77;63;43880.0;0.0;1.12;3.2;37.8;164;19.9;;;;;;;;
Sartène;41.62;8.97;06/06/2026;22:00;20.0;57;11.1;19.9;7;0.0;0.0;0.0;0.0;0.0;2;P8;Éclaircies;1014.2;983.4;67;0;63;54;43340.0;0.0;1.02;3.1;34.6;126;18.5;;;;;;;;
Sartène;41.62;8.97;06/06/2026;23:00;18.8;58;10.2;18.3;7;0.0;0.0;0.0;0.0;0.0;2;P8;Éclaircies;1014.1;983.2;51;0;45;41;42820.0;0.0;0.92;4.0;32.0;95;17.1;;;;;;;;
Sartène;41.62;8.97;07/06/2026;00:00;17.8;58;9.4;16.8;7;0.0;0.0;0.0;0.0;0.0;1;P2;Éclaircies;1014.0;983.0;34;0;25;28;42300.0;0.0;0.85;5.4;32.0;76;16.0;;;;;;;;
Sartène;41.62;8.97;07/06/2026;01:00;17.0;59;8.9;15.7;6;0.0;0.0;0.0;0.0;0.0;1;P2;Éclaircies;1013.8;982.7;21;0;9;19;41760.0;0.0;0.79;6.9;33.1;67;15.2;;;;;;;;
Sartène;41.62;8.97;07/06/2026;02:00;16.6;60;8.8;15.2;6;0.0;0.0;0.0;0.0;0.0;0;P1;Ensoleillé;1013.7;982.6;15;0;0;15;41240.0;0.0;0.77;7.6;32.0;63;15.1;;;;;;;;
Sartène;41.62;8.97;07/06/2026;03:00;17.0;60;9.1;15.6;6;0.0;0.0;0.0;0.0;0.0;0;P1;Ensoleillé;1013.5;982.5;19;0;0;20;41260.0;0.0;0.77;8.0;26.3;65;15.4;;;;;;;;
Sartène;41.62;8.97;07/06/2026;04:00;17.7;60;9.9;16.5;5;0.0;0.0;0.0;0.0;0.0;1;P2;Éclaircies;1013.4;982.4;31;0;2;31;41260.0;0.0;0.81;7.8;18.4;67;16.5;;;;;;;;
Sartène;41.62;8.97;07/06/2026;05:00;18.8;61;10.9;18.0;5;0.0;0.0;0.0;0.0;0.0;1;P2;Éclaircies;1013.2;982.3;46;0;9;45;41280.0;0.0;0.85;7.2;13.0;71;17.8;;;;;;;;
Sartène;41.62;8.97;07/06/2026;06:00;20.0;60;12.0;19.6;5;0.0;0.0;0.0;0.0;0.0;2;P8;Éclaircies;1013.1;982.4;61;0;16;58;41300.0;0.0;0.93;6.5;11.9;76;19.3;;;;;;;;
Sartène;41.62;8.97;07/06/2026;07:00;21.1;59;12.9;21.3;4;0.0;0.0;0.0;0.0;0.0;2;P8;Éclaircies;1012.9;982.3;73;0;22;68;41300.0;0.0;1.02;5.3;13.3;80;21.0;;;;;;;;
Sartène;41.62;8.97;07/06/2026;08:00;22.2;58;13.6;22.8;4;0.0;0.0;0.0;0.0;0.0;2;P8;Éclaircies;1012.7;982.2;77;0;25;72;41320.0;0.0;1.12;3.8;14.0;82;22.5;;;;;;;;
Sartène;41.62;8.97;07/06/2026;09:00;23.3;55;13.8;24.3;4;0.0;0.0;0.0;0.0;0.0;2;P8;Éclaircies;1012.5;982.1;71;0;23;67;41860.0;0.0;1.28;1.7;13.3;72;24.4;;;;;;;;
Sartène;41.62;8.97;07/06/2026;10:00;24.6;51;13.8;25.6;4;0.0;0.0;0.0;0.0;0.0;2;P8;Éclaircies;1012.2;982.0;58;0;19;56;42380.0;0.0;1.52;1.6;11.9;297;26.7;;;;;;;;
Sartène;41.62;8.97;07/06/2026;11:00;25.9;47;13.6;26.6;4;0.0;0.0;0.0;0.0;0.0;1;P2;Éclaircies;1011.9;981.8;42;0;14;42;42920.0;0.0;1.78;5.1;10.4;280;29.1;;;;;;;;
Sartène;41.62;8.97;07/06/2026;12:00;27.0;43;13.5;28.0;4;0.0;0.0;0.0;0.0;0.0;1;P2;Éclaircies;1011.6;981.6;25;0;8;27;43460.0;0.0;2.02;8.6;8.3;278;31.2;;;;;;;;
Sartène;41.62;8.97;07/06/2026;13:00;27.8;41;13.4;28.8;4;0.0;0.0;0.0;0.0;0.0;0;P1;Ensoleillé;1011.4;981.5;11;0;3;13;43980.0;0.0;2.19;11.6;5.8;278;32.7;;;;;;;;
Sartène;41.62;8.97;07/06/2026;14:00;27.9;41;13.5;28.9;4;0.0;0.0;0.0;0.0;0.0;0;P1;Ensoleillé;1011.3;981.4;4;0;0;4;44520.0;0.0;2.21;13.8;5.8;278;33.1;;;;;;;;
Sartène;41.62;8.97;07/06/2026;15:00;27.3;44;13.9;28.2;4;0.0;0.0;0.0;0.0;0.0;0;P1;Ensoleillé;1011.3;981.4;5;6;0;0;38880.0;0.0;2.04;15.1;10.1;278;32.2;;;;;;;;
Sartène;41.62;8.97;07/06/2026;16:00;26.0;49;14.5;26.7;4;0.0;0.0;0.0;0.0;0.0;0;P1;Ensoleillé;1011.4;981.3;13;16;0;0;33220.0;0.0;1.72;16.0;16.6;278;30.4;;;;;;;;
Sartène;41.62;8.97;07/06/2026;17:00;24.5;56;15.2;24.7;4;0.0;0.0;0.0;0.0;0.0;1;P2;Éclaircies;1011.6;981.4;24;26;0;0;27580.0;0.0;1.34;16.4;20.5;279;27.9;;;;;;;;
Sartène;41.62;8.97;07/06/2026;18:00;22.7;65;15.8;22.4;4;0.0;0.0;0.0;0.0;0.0;1;P2;Éclaircies;1011.9;981.5;35;36;0;0;21940.0;0.0;0.96;16.4;19.4;279;25.1;;;;;;;;
Sartène;41.62;8.97;07/06/2026;19:00;21.0;74;16.1;20.8;4;0.0;0.0;0.0;0.0;0.0;1;P2;Éclaircies;1012.2;981.6;44;44;0;0;16280.0;0.0;0.66;16.5;16.2;281;22.5;;;;;;;;
Sartène;41.62;8.97;07/06/2026;20:00;19.8;80;16.1;19.4;4;0.0;0.0;0.0;0.0;0.0;1;P2;Éclaircies;1012.5;981.8;47;47;0;0;10640.0;0.0;0.47;16.7;13.3;284;20.5;;;;;;;;
Sartène;41.62;8.97;07/06/2026;21:00;18.8;82;15.6;18.2;3;0.1;0.0;0.1;0.0;0.0;51;P10;Pluie faible;1012.9;982.1;44;44;0;0;9600.0;0.0;0.39;17.0;11.9;287;19.0;;;;;;;;
Sartène;41.62;8.97;07/06/2026;22:00;17.9;82;14.7;16.9;3;0.1;0.0;0.1;0.0;0.0;51;P10;Pluie faible;1013.4;982.4;36;36;0;0;8560.0;0.0;0.37;17.2;11.2;293;17.8;;;;;;;;
Sartène;41.62;8.97;07/06/2026;23:00;17.0;80;13.6;15.6;2;0.1;0.0;0.1;0.0;0.0;51;P10;Pluie faible;1014.0;982.9;25;26;0;0;7520.0;0.0;0.39;17.6;10.8;298;16.6;;;;;;;;
Sartène;41.62;8.97;08/06/2026;00:00;16.4;77;12.3;14.4;1;0.1;0.0;0.1;0.0;0.0;51;P10;Pluie faible;1014.6;983.5;15;15;0;0;6480.0;0.0;0.43;18.1;11.5;303;15.6;;;;;;;;
Sartène;41.62;8.97;08/06/2026;01:00;15.8;75;11.2;13.4;1;0.1;0.0;0.1;0.0;0.0;51;P10;Pluie faible;1015.1;983.9;7;7;0;0;5440.0;0.0;0.45;18.9;13.3;308;14.9;;;;;;;;
Sartène;41.62;8.97;08/06/2026;02:00;15.4;73;10.5;12.7;0;0.1;0.0;0.1;0.0;0.0;51;P10;Pluie faible;1015.6;984.3;3;3;0;0;4400.0;0.0;0.47;19.5;14.8;310;14.5;;;;;;;;
Sartène;41.62;8.97;08/06/2026;03:00;15.1;72;10.1;12.2;0;0.0;0.0;0.0;0.0;0.0;0;P1;Ensoleillé;1016.0;984.7;5;5;0;0;6820.0;0.0;0.48;20.3;16.2;311;14.4;;;;;;;;
Sartène;41.62;8.97;08/06/2026;04:00;15.0;72;9.9;11.9;0;0.0;0.0;0.0;0.0;0.0;0;P1;Ensoleillé;1016.4;985.1;10;10;0;0;9240.0;0.0;0.48;21.0;17.6;312;14.5;;;;;;;;
Sartène;41.62;8.97;08/06/2026;05:00;15.0;72;9.9;11.8;0;0.0;0.0;0.0;0.0;0.0;0;P1;Ensoleillé;1016.8;985.4;18;18;0;0;11660.0;0.0;0.49;21.7;19.1;312;14.9;;;;;;;;
Sartène;41.62;8.97;08/06/2026;06:00;15.1;71;9.9;11.9;0;0.0;0.0;0.0;0.0;0.0;1;P2;Éclaircies;1017.2;985.8;26;26;0;0;14080.0;0.0;0.5;22.5;20.2;311;15.4;;;;;;;;
Sartène;41.62;8.97;08/06/2026;07:00;15.4;70;9.9;11.9;0;0.0;0.0;0.0;0.0;0.0;1;P2;Éclaircies;1017.5;986.2;34;34;0;0;16500.0;0.0;0.52;23.3;20.9;310;16.1;;;;;;;;
Sartène;41.62;8.97;08/06/2026;08:00;15.6;69;9.9;12.1;0;0.0;0.0;0.0;0.0;0.0;1;P2;Éclaircies;1017.9;986.6;40;40;0;0;18920.0;0.0;0.55;23.8;22.0;309;16.9;;;;;;;;
Sartène;41.62;8.97;08/06/2026;09:00;15.9;66;9.6;12.2;1;0.0;0.0;0.0;0.0;0.0;1;P2;Éclaircies;1018.3;987.0;44;44;0;0;22620.0;0.0;0.61;24.7;23.8;307;17.8;;;;;;;;
Sartène;41.62;8.97;08/06/2026;10:00;16.4;63;9.4;12.5;1;0.0;0.0;0.0;0.0;0.0;1;P2;Éclaircies;1018.7;987.4;48;48;0;0;26320.0;0.0;0.68;25.6;25.6;305;19.1;;;;;;;;
Sartène;41.62;8.97;08/06/2026;11:00;17.0;60;9.2;13.2;2;0.0;0.0;0.0;0.0;0.0;2;P8;Éclaircies;1019.0;987.8;51;51;0;0;30040.0;0.0;0.77;26.6;27.7;303;20.5;;;;;;;;
Sartène;41.62;8.97;08/06/2026;12:00;17.5;57;8.9;14.0;3;0.0;0.0;0.0;0.0;0.0;2;P8;Éclaircies;1019.4;988.2;53;53;0;0;33740.0;0.0;0.86;27.4;29.9;301;21.8;;;;;;;;
Sartène;41.62;8.97;08/06/2026;13:00;18.0;55;8.9;14.7;3;0.0;0.0;0.0;0.0;0.0;2;P8;Éclaircies;1019.6;988.5;55;55;0;0;37440.0;0.0;0.92;28.0;32.4;299;22.7;;;;;;;;
Sartène;41.62;8.97;08/06/2026;14:00;18.1;55;8.8;15.0;4;0.0;0.0;0.0;0.0;0.0;2;P8;Éclaircies;1019.8;988.7;57;57;0;0;41140.0;0.0;0.94;28.0;34.2;298;23.0;;;;;;;;
Sartène;41.62;8.97;08/06/2026;15:00;18.0;55;8.9;14.8;4;0.0;0.0;0.0;0.0;0.0;2;P8;Éclaircies;1019.8;988.7;58;58;0;0;37520.0;0.0;0.92;27.5;35.3;298;22.7;;;;;;;;
Sartène;41.62;8.97;08/06/2026;16:00;17.8;57;9.2;14.5;5;0.0;0.0;0.0;0.0;0.0;2;P8;Éclaircies;1019.8;988.6;60;60;0;0;33900.0;0.0;0.87;26.7;36.0;298;21.8;;;;;;;;
Sartène;41.62;8.97;08/06/2026;17:00;17.4;60;9.5;13.8;5;0.0;0.0;0.0;0.0;0.0;2;P8;Éclaircies;1019.6;988.4;61;61;0;0;30300.0;0.0;0.79;25.5;36.4;298;20.5;;;;;;;;
Sartène;41.62;8.97;08/06/2026;18:00;16.9;63;9.9;13.3;5;0.0;0.0;0.0;0.0;0.0;2;P8;Éclaircies;1019.5;988.3;61;61;0;0;26680.0;0.0;0.7;23.8;35.6;299;19.0;;;;;;;;
Sartène;41.62;8.97;08/06/2026;19:00;16.4;67;10.2;13.2;4;0.0;0.0;0.0;0.0;0.0;2;P8;Éclaircies;1019.3;988.0;59;59;0;0;23060.0;0.0;0.61;22.0;34.6;300;17.6;;;;;;;;
Sartène;41.62;8.97;08/06/2026;20:00;15.9;70;10.4;13.1;4;0.0;0.0;0.0;0.0;0.0;2;P8;Éclaircies;1019.3;988.0;56;56;0;0;19440.0;0.0;0.54;19.9;33.5;301;16.4;;;;;;;;
Sartène;41.62;8.97;08/06/2026;21:00;15.3;73;10.6;13.0;3;0.0;0.0;0.0;0.0;0.0;2;P8;Éclaircies;1019.4;988.0;50;50;0;0;20140.0;0.0;0.46;17.3;33.1;304;15.2;;;;;;;;
Sartène;41.62;8.97;08/06/2026;22:00;14.6;77;10.6;12.7;3;0.0;0.0;0.0;0.0;0.0;1;P2;Éclaircies;1019.5;988.0;40;40;0;0;20820.0;0.0;0.38;14.0;32.8;308;13.9;;;;;;;;
Sartène;41.62;8.97;08/06/2026;23:00;13.8;81;10.6;12.5;2;0.0;0.0;0.0;0.0;0.0;1;P2;Éclaircies;1019.7;988.1;29;29;0;0;21520.0;0.0;0.3;10.4;32.0;316;12.6;;;;;;;;
Sartène;41.62;8.97;09/06/2026;00:00;13.1;85;10.7;12.3;1;0.0;0.0;0.0;0.0;0.0;0;P1;Ensoleillé;1019.9;988.2;19;19;0;0;22200.0;0.0;0.23;7.6;30.6;332;11.4;;;;;;;;
Sartène;41.62;8.97;09/06/2026;01:00;12.7;87;10.6;12.1;0;0.0;0.0;0.0;0.0;0.0;0;P1;Ensoleillé;1020.0;988.3;9;9;0;0;22900.0;0.0;0.19;5.8;28.4;353;10.7;;;;;;;;
Sartène;41.62;8.97;09/06/2026;02:00;12.6;88;10.6;12.0;0;0.0;0.0;0.0;0.0;0.0;0;P1;Ensoleillé;1020.1;988.4;3;3;0;0;23580.0;0.0;0.18;5.2;27.0;14;10.5;;;;;;;;
Sartène;41.62;8.97;09/06/2026;03:00;12.8;86;10.5;12.2;0;0.0;0.0;0.0;0.0;0.0;0;P1;Ensoleillé;1020.1;988.4;0;0;0;0;26100.0;0.0;0.21;4.9;25.9;24;10.9;;;;;;;;
Sartène;41.62;8.97;09/06/2026;04:00;13.4;82;10.3;12.8;1;0.0;0.0;0.0;0.0;0.0;0;P1;Ensoleillé;1020.1;988.5;0;0;0;0;28600.0;0.0;0.28;4.4;25.2;27;12.0;;;;;;;;
Sartène;41.62;8.97;09/06/2026;05:00;14.1;77;10.1;13.6;1;0.0;0.0;0.0;0.0;0.0;0;P1;Ensoleillé;1020.0;988.4;0;0;0;0;31120.0;0.0;0.37;3.8;25.2;19;13.4;;;;;;;;
Sartène;41.62;8.97;09/06/2026;06:00;14.9;72;9.9;14.5;1;0.0;0.0;0.0;0.0;0.0;0;P1;Ensoleillé;1019.9;988.4;1;1;0;0;33620.0;0.0;0.48;3.2;27.0;360;14.9;;;;;;;;
Sartène;41.62;8.97;09/06/2026;07:00;15.9;67;9.7;15.3;2;0.0;0.0;0.0;0.0;0.0;0;P1;Ensoleillé;1019.8;988.4;3;3;0;0;36140.0;0.0;0.6;3.1;29.9;336;16.6;;;;;;;;
Sartène;41.62;8.97;09/06/2026;08:00;16.6;63;9.6;16.0;2;0.0;0.0;0.0;0.0;0.0;0;P1;Ensoleillé;1019.8;988.5;3;3;0;0;38640.0;0.0;0.7;3.8;31.7;315;18.2;;;;;;;;
Sartène;41.62;8.97;09/06/2026;09:00;17.5;59;9.4;16.6;2;0.0;0.0;0.0;0.0;0.0;0;P1;Ensoleillé;1019.8;988.6;3;3;0;0;34360.0;0.0;0.82;5.2;31.0;299;20.0;;;;;;;;
Sartène;41.62;8.97;09/06/2026;10:00;18.5;55;9.4;17.3;2;0.0;0.0;0.0;0.0;0.0;0;P1;Ensoleillé;1019.9;988.8;2;2;0;0;30080.0;0.0;0.95;7.4;28.8;288;22.1;;;;;;;;
Sartène;41.62;8.97;09/06/2026;11:00;19.5;52;9.4;18.6;2;0.0;0.0;0.0;0.0;0.0;0;P1;Ensoleillé;1020.0;989.0;2;2;0;0;25800.0;0.0;1.1;10.0;27.4;283;24.3;;;;;;;;
Sartène;41.62;8.97;09/06/2026;12:00;20.5;49;9.4;19.9;2;0.0;0.0;0.0;0.0;0.0;0;P1;Ensoleillé;1020.1;989.2;1;1;0;0;21520.0;0.0;1.23;12.4;27.4;279;26.2;;;;;;;;
Sartène;41.62;8.97;09/06/2026;13:00;21.1;47;9.4;20.8;2;0.0;0.0;0.0;0.0;0.0;0;P1;Ensoleillé;1020.1;989.3;0;0;0;0;17240.0;0.0;1.32;14.2;27.7;278;27.6;;;;;;;;
Sartène;41.62;8.97;09/06/2026;14:00;21.4;47;9.6;21.2;2;0.0;0.0;0.0;0.0;0.0;0;P1;Ensoleillé;1020.1;989.3;0;0;0;0;12960.0;0.0;1.35;15.1;27.7;278;28.1;;;;;;;;
Sartène;41.62;8.97;09/06/2026;15:00;21.1;48;9.9;21.1;2;0.0;0.0;0.0;0.0;0.0;0;P1;Ensoleillé;1020.0;989.2;0;0;0;0;16760.0;0.0;1.29;14.8;26.6;280;27.5;;;;;;;;
Sartène;41.62;8.97;09/06/2026;16:00;20.5;52;10.3;20.5;2;0.0;0.0;0.0;0.0;0.0;0;P1;Ensoleillé;1019.8;988.9;0;0;0;0;20580.0;0.0;1.17;13.5;25.6;283;26.1;;;;;;;;
Sartène;41.62;8.97;09/06/2026;17:00;19.7;56;10.8;19.4;2;0.0;0.0;0.0;0.0;0.0;0;P1;Ensoleillé;1019.6;988.7;0;0;0;0;24380.0;0.0;1.0;11.8;24.5;289;24.1;;;;;;;;
Sartène;41.62;8.97;09/06/2026;18:00;18.7;62;11.3;18.0;2;0.0;0.0;0.0;0.0;0.0;0;P1;Ensoleillé;1019.4;988.4;0;0;0;0;28180.0;0.0;0.82;10.1;24.5;297;21.8;;;;;;;;
Sartène;41.62;8.97;09/06/2026;19:00;17.7;67;11.6;17.0;2;0.0;0.0;0.0;0.0;0.0;0;P1;Ensoleillé;1019.2;988.1;0;0;0;0;32000.0;0.0;0.66;8.4;24.5;305;19.5;;;;;;;;
Sartène;41.62;8.97;09/06/2026;20:00;16.9;72;11.7;16.3;2;0.0;0.0;0.0;0.0;0.0;0;P1;Ensoleillé;1019.1;987.9;0;0;0;0;35800.0;0.0;0.54;7.1;24.5;315;17.7;;;;;;;;
Sartène;41.62;8.97;09/06/2026;21:00;15.9;75;11.5;15.6;2;0.0;0.0;0.0;0.0;0.0;0;P1;Ensoleillé;1019.0;987.7;0;0;0;0;35800.0;0.0;0.46;5.9;24.1;322;15.9;;;;;;;;
Sartène;41.62;8.97;09/06/2026;22:00;14.9;78;11.1;14.6;1;0.0;0.0;0.0;0.0;0.0;0;P1;Ensoleillé;1019.0;987.6;0;0;0;0;35800.0;0.0;0.37;4.7;23.8;332;14.1;;;;;;;;
Sartène;41.62;8.97;09/06/2026;23:00;13.8;81;10.6;13.5;1;0.0;0.0;0.0;0.0;0.0;0;P1;Ensoleillé;1019.0;987.4;0;0;0;0;35800.0;0.0;0.3;3.4;22.7;344;12.2;;;;;;;;
Sartène;41.62;8.97;10/06/2026;00:00;12.9;83;9.9;12.5;1;0.0;0.0;0.0;0.0;0.0;0;P1;Ensoleillé;1019.0;987.3;0;0;0;0;35800.0;0.0;0.26;2.5;20.2;8;10.6;;;;;;;;
Sartène;41.62;8.97;10/06/2026;01:00;12.2;82;9.4;11.8;0;0.0;0.0;0.0;0.0;0.0;0;P1;Ensoleillé;1019.1;987.4;0;0;0;0;35800.0;0.0;0.25;2.2;16.6;35;9.6;;;;;;;;
Sartène;41.62;8.97;10/06/2026;02:00;12.1;80;8.8;11.4;0;0.0;0.0;0.0;0.0;0.0;0;P1;Ensoleillé;1019.1;987.4;0;0;0;0;35800.0;0.0;0.28;2.3;14.0;58;9.2;;;;;;;;
Sartène;41.62;8.97;10/06/2026;03:00;12.4;75;8.1;11.5;0;0.0;0.0;0.0;0.0;0.0;0;P1;Ensoleillé;1019.1;987.4;0;0;0;0;38000.0;0.0;0.36;2.7;13.3;67;9.7;;;;;;;;
Sartène;41.62;8.97;10/06/2026;04:00;13.2;67;7.3;12.1;1;0.0;0.0;0.0;0.0;0.0;0;P1;Ensoleillé;1019.1;987.5;0;0;0;0;40220.0;0.0;0.5;3.0;13.7;73;10.9;;;;;;;;
Sartène;41.62;8.97;10/06/2026;05:00;14.4;59;6.5;13.0;1;0.0;0.0;0.0;0.0;0.0;0;P1;Ensoleillé;1019.2;987.7;0;0;0;0;42420.0;0.0;0.67;3.4;13.3;74;12.7;;;;;;;;
Sartène;41.62;8.97;10/06/2026;06:00;15.6;52;5.8;14.1;1;0.0;0.0;0.0;0.0;0.0;0;P1;Ensoleillé;1019.2;987.8;0;0;0;0;44620.0;0.0;0.85;3.2;11.5;71;14.7;;;;;;;;
Sartène;41.62;8.97;10/06/2026;07:00;16.9;46;5.3;15.3;2;0.0;0.0;0.0;0.0;0.0;0;P1;Ensoleillé;1019.2;988.0;1;0;0;1;46840.0;0.0;1.03;3.0;9.4;65;16.8;;;;;;;;
Sartène;41.62;8.97;10/06/2026;08:00;18.0;43;5.2;16.5;2;0.0;0.0;0.0;0.0;0.0;0;P1;Ensoleillé;1019.3;988.2;5;0;0;5;49040.0;0.0;1.17;2.2;7.9;48;18.6;;;;;;;;
Sartène;41.62;8.97;10/06/2026;09:00;19.0;41;5.6;17.6;2;0.0;0.0;0.0;0.0;0.0;0;P1;Ensoleillé;1019.4;988.4;12;0;0;12;48280.0;0.0;1.28;1.8;7.6;349;20.6;;;;;;;;
Sartène;41.62;8.97;10/06/2026;10:00;20.1;41;6.3;18.6;2;0.0;0.0;0.0;0.0;0.0;1;P2;Éclaircies;1019.5;988.6;23;0;0;23;47520.0;0.0;1.39;4.0;7.6;306;23.0;;;;;;;;
Sartène;41.62;8.97;10/06/2026;11:00;21.2;41;7.3;20.2;2;0.0;0.0;0.0;0.0;0.0;1;P2;Éclaircies;1019.7;988.9;35;0;0;35;46780.0;0.0;1.49;7.3;7.6;295;25.5;;;;;;;;
Sartène;41.62;8.97;10/06/2026;12:00;22.2;41;8.4;21.7;2;0.0;0.0;0.0;0.0;0.0;1;P2;Éclaircies;1019.8;989.1;46;0;0;46;46020.0;0.0;1.57;10.5;6.8;290;27.6;;;;;;;;
Sartène;41.62;8.97;10/06/2026;13:00;23.0;42;9.3;22.8;2;0.0;0.0;0.0;0.0;0.0;2;P8;Éclaircies;1019.9;989.3;55;0;0;55;45260.0;0.0;1.63;13.1;6.1;288;29.2;;;;;;;;
Sartène;41.62;8.97;10/06/2026;14:00;23.4;43;9.9;23.4;2;0.0;0.0;0.0;0.0;0.0;2;P8;Éclaircies;1019.9;989.3;61;0;0;61;44500.0;0.0;1.65;14.4;5.4;288;30.0;;;;;;;;
Sartène;41.62;8.97;10/06/2026;15:00;23.4;43;10.2;23.4;2;0.0;0.0;0.0;0.0;0.0;2;P8;Éclaircies;1019.8;989.2;62;0;0;62;43960.0;0.0;1.63;14.3;5.4;289;29.6;;;;;;;;
Sartène;41.62;8.97;10/06/2026;16:00;23.1;45;10.6;23.0;2;0.0;0.0;0.0;0.0;0.0;2;P8;Éclaircies;1019.7;989.1;61;0;0;61;43420.0;0.0;1.55;13.3;5.4;291;28.4;;;;;;;;
Sartène;41.62;8.97;10/06/2026;17:00;22.6;47;10.7;22.2;2;0.0;0.0;0.0;0.0;0.0;2;P8;Éclaircies;1019.5;988.9;57;0;0;57;42880.0;0.0;1.46;11.7;5.8;295;26.6;;;;;;;;
Sartène;41.62;8.97;10/06/2026;18:00;22.0;49;10.7;21.0;2;0.0;0.0;0.0;0.0;0.0;2;P8;Éclaircies;1019.4;988.7;52;0;0;52;42340.0;0.0;1.35;9.8;5.8;300;24.5;;;;;;;;
Sartène;41.62;8.97;10/06/2026;19:00;21.2;50;10.4;20.2;2;0.0;0.0;0.0;0.0;0.0;1;P2;Éclaircies;1019.2;988.4;46;0;0;46;41800.0;0.0;1.25;8.1;5.8;307;22.4;;;;;;;;
Sartène;41.62;8.97;10/06/2026;20:00;20.5;51;9.9;19.5;2;0.0;0.0;0.0;0.0;0.0;1;P2;Éclaircies;1019.2;988.3;41;0;0;41;41260.0;0.0;1.19;6.7;5.8;314;20.5;;;;;;;;
Sartène;41.62;8.97;10/06/2026;21:00;19.6;50;8.9;18.5;2;0.0;0.0;0.0;0.0;0.0;1;P2;Éclaircies;1019.3;988.4;35;0;0;35;42580.0;0.0;1.15;5.8;5.8;321;18.6;;;;;;;;
Sartène;41.62;8.97;10/06/2026;22:00;18.6;48;7.4;17.3;1;0.0;0.0;0.0;0.0;0.0;1;P2;Éclaircies;1019.4;988.3;27;0;0;27;43900.0;0.0;1.12;4.8;6.1;331;16.4;;;;;;;;
Sartène;41.62;8.97;10/06/2026;23:00;17.5;46;5.8;15.9;1;0.0;0.0;0.0;0.0;0.0;0;P1;Ensoleillé;1019.6;988.4;19;0;0;19;45220.0;0.0;1.08;3.8;6.1;343;14.2;;;;;;;;
Sartène;41.62;8.97;11/06/2026;00:00;16.5;44;4.1;14.6;1;0.0;0.0;0.0;0.0;0.0;0;P1;Ensoleillé;1019.8;988.5;11;0;0;11;46520.0;0.0;1.06;3.2;6.1;360;12.2;;;;;;;;
Sartène;41.62;8.97;11/06/2026;01:00;15.7;42;2.7;13.6;0;0.0;0.0;0.0;0.0;0.0;0;P1;Ensoleillé;1019.9;988.5;5;0;0;5;47840.0;0.0;1.04;3.1;6.1;13;10.8;;;;;;;;
Sartène;41.62;8.97;11/06/2026;02:00;15.2;40;1.7;13.0;0;0.0;0.0;0.0;0.0;0.0;0;P1;Ensoleillé;1020.0;988.6;0;0;0;0;49160.0;0.0;1.04;3.1;6.1;21;10.1;;;;;;;;
Sartène;41.62;8.97;11/06/2026;03:00;15.2;39;1.2;12.8;0;0.0;0.0;0.0;0.0;0.0;0;P1;Ensoleillé;1020.0;988.6;0;0;0;0;49160.0;0.0;1.07;3.2;6.8;19;10.4;;;;;;;;
Sartène;41.62;8.97;11/06/2026;04:00;15.6;37;0.9;13.1;0;0.0;0.0;0.0;0.0;0.0;0;P1;Ensoleillé;1020.0;988.6;0;0;0;0;49140.0;0.0;1.11;3.3;7.9;9;11.6;;;;;;;;
Sartène;41.62;8.97;11/06/2026;05:00;16.0;36;0.9;13.6;0;0.0;0.0;0.0;0.0;0.0;0;P1;Ensoleillé;1019.9;988.6;0;0;0;0;49140.0;0.0;1.17;3.6;8.6;360;13.3;;;;;;;;
Sartène;41.62;8.97;11/06/2026;06:00;16.7;35;1.1;14.2;0;0.0;0.0;0.0;0.0;0.0;0;P1;Ensoleillé;1019.8;988.5;0;0;0;0;49140.0;0.0;1.24;4.1;8.3;345;15.2;;;;;;;;
Sartène;41.62;8.97;11/06/2026;07:00;17.4;35;1.6;14.8;0;0.0;0.0;0.0;0.0;0.0;0;P1;Ensoleillé;1019.7;988.5;0;0;0;0;49120.0;0.0;1.3;4.8;7.6;335;17.3;;;;;;;;
Sartène;41.62;8.97;11/06/2026;08:00;18.1;35;2.2;15.5;0;0.0;0.0;0.0;0.0;0.0;0;P1;Ensoleillé;1019.7;988.6;0;0;0;0;49120.0;0.0;1.36;5.8;7.2;326;19.1;;;;;;;;
Sartène;41.62;8.97;11/06/2026;09:00;18.9;36;3.3;16.3;0;0.0;0.0;0.0;0.0;0.0;0;P1;Ensoleillé;1019.7;988.7;1;0;0;1;48360.0;0.0;1.41;7.4;7.9;319;21.0;;;;;;;;
Sartène;41.62;8.97;11/06/2026;10:00;19.9;37;4.8;17.3;1;0.0;0.0;0.0;0.0;0.0;0;P1;Ensoleillé;1019.8;988.9;3;0;0;3;47600.0;0.0;1.47;9.3;9.4;313;23.3;;;;;;;;
Sartène;41.62;8.97;11/06/2026;11:00;21.0;39;6.4;18.9;1;0.0;0.0;0.0;0.0;0.0;0;P1;Ensoleillé;1019.8;989.0;4;0;0;4;46860.0;0.0;1.52;11.5;10.1;309;25.6;;;;;;;;
Sartène;41.62;8.97;11/06/2026;12:00;21.9;41;8.1;20.7;1;0.0;0.0;0.0;0.0;0.0;0;P1;Ensoleillé;1019.9;989.2;6;0;0;6;46100.0;0.0;1.55;13.6;9.4;306;27.7;;;;;;;;
Sartène;41.62;8.97;11/06/2026;13:00;22.5;44;9.6;22.0;2;0.0;0.0;0.0;0.0;0.0;0;P1;Ensoleillé;1019.9;989.2;7;0;0;7;45340.0;0.0;1.54;15.3;7.9;304;29.1;;;;;;;;
Sartène;41.62;8.97;11/06/2026;14:00;22.8;46;10.6;22.7;2;0.0;0.0;0.0;0.0;0.0;0;P1;Ensoleillé;1019.9;989.3;8;0;0;8;44580.0;0.0;1.49;15.9;6.8;303;29.7;;;;;;;;
Sartène;41.62;8.97;11/06/2026;15:00;22.5;49;11.4;22.6;3;0.0;0.0;0.0;0.0;0.0;0;P1;Ensoleillé;1019.8;989.1;7;0;0;7;43140.0;0.0;1.38;15.4;6.5;302;29.0;;;;;;;;
Sartène;41.62;8.97;11/06/2026;16:00;21.7;53;11.8;21.8;3;0.0;0.0;0.0;0.0;0.0;0;P1;Ensoleillé;1019.6;988.9;5;0;0;5;41680.0;0.0;1.21;14.1;6.8;300;27.5;;;;;;;;
Sartène;41.62;8.97;11/06/2026;17:00;20.7;58;12.1;20.6;4;0.0;0.0;0.0;0.0;0.0;0;P1;Ensoleillé;1019.4;988.6;2;0;0;2;40240.0;0.0;1.03;12.2;6.5;298;25.3;;;;;;;;
Sartène;41.62;8.97;11/06/2026;18:00;19.5;62;12.1;18.9;5;0.0;0.0;0.0;0.0;0.0;0;P1;Ensoleillé;1019.1;988.1;0;0;0;0;38780.0;0.0;0.86;10.1;5.4;295;22.9;;;;;;;;
Sartène;41.62;8.97;11/06/2026;19:00;18.4;67;12.1;17.9;6;0.0;0.0;0.0;0.0;0.0;0;P1;Ensoleillé;1019.0;987.9;0;0;0;0;37340.0;0.0;0.7;8.2;4.3;292;20.5;;;;;;;;
Sartène;41.62;8.97;11/06/2026;20:00;17.5;70;11.9;17.2;6;0.0;0.0;0.0;0.0;0.0;0;P1;Ensoleillé;1018.9;987.7;2;0;0;2;35880.0;0.0;0.6;6.5;3.2;289;18.6;;;;;;;;
Sartène;41.62;8.97;11/06/2026;21:00;16.7;72;11.6;16.5;6;0.0;0.0;0.0;0.0;0.0;0;P1;Ensoleillé;1019.0;987.8;8;0;0;8;36360.0;0.0;0.53;5.0;2.9;289;17.0;;;;;;;;
Sartène;41.62;8.97;11/06/2026;22:00;15.9;73;11.1;15.7;5;0.0;0.0;0.0;0.0;0.0;0;P1;Ensoleillé;1019.1;987.8;16;0;0;16;36840.0;0.0;0.48;3.5;3.2;294;15.1;;;;;;;;
Sartène;41.62;8.97;11/06/2026;23:00;15.1;74;10.4;14.9;5;0.0;0.0;0.0;0.0;0.0;1;P2;Éclaircies;1019.3;987.9;26;0;0;26;37320.0;0.0;0.45;2.2;3.6;305;13.5;;;;;;;;
Sartène;41.62;8.97;12/06/2026;00:00;14.4;74;9.7;14.1;5;0.0;0.0;0.0;0.0;0.0;1;P2;Éclaircies;1019.5;988.0;37;0;0;37;37800.0;0.0;0.43;1.3;4.7;344;12.1;;;;;;;;
Sartène;41.62;8.97;12/06/2026;01:00;13.9;73;9.1;13.5;4;0.0;0.0;0.0;0.0;0.0;1;P2;Éclaircies;1019.7;988.1;46;0;0;46;38280.0;0.0;0.43;1.3;6.1;34;11.2;;;;;;;;
Sartène;41.62;8.97;12/06/2026;02:00;13.8;72;8.8;13.2;4;0.0;0.0;0.0;0.0;0.0;2;P8;Éclaircies;1019.8;988.2;54;0;0;54;38760.0;0.0;0.45;1.9;7.2;61;10.9;;;;;;;;
Sartène;41.62;8.97;12/06/2026;03:00;14.1;69;8.6;13.3;4;0.0;0.0;0.0;0.0;0.0;2;P8;Éclaircies;1019.8;988.2;60;0;0;60;39200.0;0.0;0.49;2.2;7.6;76;11.4;;;;;;;;
Sartène;41.62;8.97;12/06/2026;04:00;14.6;67;8.5;13.9;4;0.0;0.0;0.0;0.0;0.0;2;P8;Éclaircies;1019.8;988.3;65;0;0;65;39620.0;0.0;0.56;2.7;7.6;86;12.5;;;;;;;;
Sartène;41.62;8.97;12/06/2026;05:00;15.4;63;8.5;14.6;5;0.0;0.0;0.0;0.0;0.0;2;P8;Éclaircies;1019.8;988.4;70;0;0;70;40060.0;0.0;0.65;2.9;6.8;97;14.1;;;;;;;;
Sartène;41.62;8.97;12/06/2026;06:00;16.4;60;8.6;15.6;6;0.0;0.0;0.0;0.0;0.0;2;P8;Éclaircies;1019.7;988.4;73;0;0;74;40480.0;0.0;0.75;2.8;4.7;105;15.9;;;;;;;;
Sartène;41.62;8.97;12/06/2026;07:00;17.4;57;8.9;16.7;6;0.0;0.0;0.0;0.0;0.0;2;P8;Éclaircies;1019.6;988.4;76;0;0;76;40920.0;0.0;0.84;2.6;2.2;115;17.9;;;;;;;;
Sartène;41.62;8.97;12/06/2026;08:00;18.3;55;9.1;17.8;6;0.0;0.0;0.0;0.0;0.0;2;P8;Éclaircies;1019.6;988.5;78;0;0;78;41340.0;0.0;0.94;1.9;1.1;131;19.7;;;;;;;;
Sartène;41.62;8.97;12/06/2026;09:00;19.3;54;9.6;19.0;6;0.0;0.0;0.0;0.0;0.0;2;P8;Éclaircies;1019.6;988.6;79;1;0;78;41340.0;0.0;1.04;1.3;3.2;188;21.6;;;;;;;;
Sartène;41.62;8.97;12/06/2026;10:00;20.5;52;10.4;20.2;5;0.0;0.0;0.0;0.0;0.0;2;P8;Éclaircies;1019.5;988.6;78;3;0;77;41340.0;0.0;1.15;2.6;7.2;245;23.9;;;;;;;;
Sartène;41.62;8.97;12/06/2026;11:00;21.6;51;11.1;21.9;4;0.0;0.0;0.0;0.0;0.0;2;P8;Éclaircies;1019.5;988.8;76;6;0;74;41340.0;0.0;1.26;5.1;11.2;260;26.2;;;;;;;;
Sartène;41.62;8.97;12/06/2026;12:00;24.4;46;11.6;25.1;3;0.0;0.0;0.0;0.0;0.0;2;P8;Éclaircies;1019.7;989.2;80;6;0;78;37040.0;0.0;1.73;8.5;14.0;264;28.5;;;;;;;;
Sartène;41.62;8.97;12/06/2026;13:00;26.8;40;11.8;27.6;3;0.0;0.0;0.0;0.0;0.0;2;P8;Éclaircies;1019.7;989.5;85;5;0;83;32740.0;0.0;2.19;10.9;16.6;264;30.4;;;;;;;;
Sartène;41.62;8.97;12/06/2026;14:00;28.6;36;11.9;29.3;3;0.0;0.0;0.0;0.0;0.0;2;P8;Éclaircies;1019.7;989.6;89;3;2;87;28440.0;0.0;2.55;12.4;19.1;264;31.7;;;;;;;;
Sartène;41.62;8.97;12/06/2026;15:00;29.4;33;11.4;29.7;4;0.0;0.0;0.0;0.0;0.0;3;P4;Nuageux;1019.5;989.5;91;0;5;89;24140.0;0.0;2.74;12.3;22.3;267;;;;;;;;;
Sartène;41.62;8.97;12/06/2026;16:00;28.3;36;11.8;28.5;5;0.0;0.0;0.0;0.0;0.0;3;P4;Nuageux;1019.0;988.9;86;0;10;83;24140.0;0.0;2.46;11.2;25.2;274;;;;;;;;;
Sartène;41.62;8.97;12/06/2026;17:00;27.2;39;12.0;26.9;6;0.0;0.0;0.0;0.0;0.0;3;P4;Nuageux;1018.7;988.5;84;0;12;81;24140.0;0.0;2.2;9.9;26.3;280;;;;;;;;;
Sartène;41.62;8.97;12/06/2026;18:00;26.1;44;12.9;25.8;7;0.0;0.0;0.0;0.0;0.0;3;P4;Nuageux;1018.5;988.2;91;0;11;89;24140.0;0.0;1.89;8.1;23.4;283;;;;;;;;;
Sartène;41.62;8.97;12/06/2026;19:00;24.9;50;13.8;25.2;9;0.0;0.0;0.0;0.0;0.0;3;P4;Nuageux;1018.3;987.9;100;0;7;100;24140.0;0.0;1.58;6.4;18.4;286;;;;;;;;;
Sartène;41.62;8.97;12/06/2026;20:00;23.7;55;14.1;24.4;10;0.0;0.0;0.0;0.0;0.0;3;P4;Nuageux;1018.3;987.8;100;0;5;100;24140.0;0.0;1.32;4.3;14.4;294;;;;;;;;;
Sartène;41.62;8.97;12/06/2026;21:00;22.2;58;13.5;22.8;11;0.0;0.0;0.0;0.0;0.0;2;P8;Éclaircies;1018.5;987.8;75;0;5;74;24140.0;0.0;1.12;3.2;11.9;333;;;;;;;;;
Sartène;41.62;8.97;12/06/2026;22:00;20.5;59;12.2;20.6;11;0.0;0.0;0.0;0.0;0.0;1;P2;Éclaircies;1018.7;987.9;38;0;5;36;24140.0;0.0;0.99;4.5;10.4;14;;;;;;;;;
Sartène;41.62;8.97;12/06/2026;23:00;19.4;59;11.1;18.8;12;0.0;0.0;0.0;0.0;0.0;0;P1;Ensoleillé;1018.8;987.8;11;0;5;7;24140.0;0.0;0.92;6.1;9.7;28;;;;;;;;;
Zévaco;41.89;9.05;28/05/2026;00:00;16.1;64;9.3;15.1;0;0.0;0.0;0.0;0.0;0.0;0;P1;Ensoleillé;1021.2;947.9;0;0;0;0;40100.0;0.02;0.66;5.7;13.7;72;15.6;17.8;19.2;16.0;0.067;0.109;0.144;0.172;0.191
Zévaco;41.89;9.05;28/05/2026;01:00;16.1;67;10.0;15.4;0;0.0;0.0;0.0;0.0;0.0;0;P1;Ensoleillé;1021.0;947.7;0;0;0;0;40060.0;0.01;0.61;5.0;11.9;69;14.1;17.2;18.8;16.0;0.068;0.109;0.144;0.172;0.191
Zévaco;41.89;9.05;28/05/2026;02:00;16.6;63;9.6;15.7;0;0.0;0.0;0.0;0.0;0.0;0;P1;Ensoleillé;1020.5;947.4;0;0;0;0;40840.0;0.01;0.7;5.8;10.4;60;14.0;16.8;18.4;16.0;0.068;0.109;0.143;0.174;0.192
Zévaco;41.89;9.05;28/05/2026;03:00;16.4;62;9.1;15.4;0;0.0;0.0;0.0;0.0;0.0;0;P1;Ensoleillé;1019.9;946.8;0;0;0;0;41000.0;0.01;0.71;5.6;9.4;63;13.3;16.1;18.0;16.0;0.068;0.108;0.143;0.174;0.192
Zévaco;41.89;9.05;28/05/2026;04:00;16.2;61;8.7;15.0;0;0.0;0.0;0.0;0.0;0.0;0;P1;Ensoleillé;1019.5;946.4;0;0;0;0;41220.0;0.01;0.72;6.3;9.0;59;12.8;15.6;17.6;16.0;0.069;0.108;0.143;0.174;0.192
Zévaco;41.89;9.05;28/05/2026;05:00;15.9;61;8.4;14.7;0;0.0;0.0;0.0;0.0;0.0;0;P1;Ensoleillé;1019.7;946.5;0;0;0;0;41320.0;0.01;0.7;5.5;9.7;58;11.8;14.9;17.2;16.0;0.069;0.108;0.143;0.174;0.192
Zévaco;41.89;9.05;28/05/2026;06:00;15.5;60;7.8;14.1;0;0.0;0.0;0.0;0.0;0.0;0;P1;Ensoleillé;1020.1;946.8;6;0;0;6;41500.0;0.01;0.71;5.8;9.0;60;11.6;14.5;16.8;16.0;0.07;0.108;0.143;0.174;0.192
Zévaco;41.89;9.05;28/05/2026;07:00;16.7;60;8.9;15.6;0;0.0;0.0;0.0;0.0;0.0;0;P1;Ensoleillé;1020.2;947.1;0;0;0;0;41500.0;0.01;0.76;5.8;9.4;60;15.0;14.6;16.4;16.0;0.07;0.108;0.143;0.174;0.192
Zévaco;41.89;9.05;28/05/2026;08:00;19.7;62;12.2;20.1;0;0.0;0.0;0.0;0.0;0.0;0;P1;Ensoleillé;1020.0;947.7;0;0;0;0;40760.0;0.06;0.87;1.9;9.4;68;21.1;16.4;16.3;16.0;0.07;0.108;0.143;0.173;0.192
Zévaco;41.89;9.05;28/05/2026;09:00;22.5;46;10.3;22.1;0;0.0;0.0;0.0;0.0;0.0;0;P1;Ensoleillé;1019.3;947.7;0;0;0;0;42700.0;0.22;1.47;3.6;10.1;264;23.0;18.3;16.4;16.0;0.07;0.107;0.142;0.173;0.192
Zévaco;41.89;9.05;28/05/2026;10:00;23.5;45;10.9;23.4;0;0.0;0.0;0.0;0.0;0.0;0;P1;Ensoleillé;1019.6;948.2;0;0;0;0;42680.0;0.38;1.59;4.3;12.6;265;24.5;19.6;16.7;16.0;0.069;0.107;0.142;0.172;0.192
Zévaco;41.89;9.05;28/05/2026;11:00;24.8;43;11.4;25.4;0;0.0;0.0;0.0;0.0;0.0;0;P1;Ensoleillé;1019.9;948.8;0;0;0;0;42560.0;0.45;1.78;7.1;19.1;255;26.6;20.7;17.2;15.9;0.068;0.106;0.141;0.171;0.192
Zévaco;41.89;9.05;28/05/2026;12:00;26.0;40;11.4;27.0;0;0.0;0.0;0.0;0.0;0.0;0;P1;Ensoleillé;1019.9;949.0;0;0;0;0;42800.0;0.43;2.02;8.7;24.1;263;28.3;21.9;17.7;15.9;0.066;0.105;0.14;0.171;0.191
Zévaco;41.89;9.05;28/05/2026;13:00;26.8;39;11.7;28.2;0;0.0;0.0;0.0;0.0;0.0;0;P1;Ensoleillé;1019.7;949.0;0;0;0;0;42740.0;0.39;2.15;10.1;27.0;266;29.3;23.0;18.2;16.0;0.064;0.104;0.139;0.17;0.191
Zévaco;41.89;9.05;28/05/2026;14:00;27.2;38;11.7;28.5;0;0.0;0.0;0.0;0.0;0.0;0;P1;Ensoleillé;1019.2;948.7;4;4;0;0;42720.0;0.35;2.24;10.8;29.5;268;29.5;23.8;18.8;16.0;0.062;0.104;0.138;0.169;0.191
Zévaco;41.89;9.05;28/05/2026;15:00;27.1;35;10.4;27.7;0;0.0;0.0;0.0;0.0;0.0;0;P1;Ensoleillé;1018.8;948.3;12;7;0;9;43680.0;0.32;2.34;10.4;29.2;270;29.1;24.1;19.4;16.0;0.061;0.103;0.138;0.169;0.19
Zévaco;41.89;9.05;28/05/2026;16:00;26.9;33;9.3;26.9;0;0.0;0.0;0.0;0.0;0.0;0;P1;Ensoleillé;1018.8;948.2;2;2;0;0;44620.0;0.3;2.38;9.7;27.7;270;28.6;24.3;19.8;16.0;0.059;0.103;0.137;0.168;0.19
Zévaco;41.89;9.05;28/05/2026;17:00;26.1;34;9.0;25.4;0;0.0;0.0;0.0;0.0;0.0;0;P1;Ensoleillé;1018.8;948.0;0;0;0;0;44520.0;0.26;2.23;9.0;26.6;268;27.2;24.1;20.2;16.1;0.058;0.103;0.136;0.168;0.19
Zévaco;41.89;9.05;28/05/2026;18:00;25.2;36;9.1;23.8;0;0.0;0.0;0.0;0.0;0.0;0;P1;Ensoleillé;1018.8;947.8;0;0;0;0;44240.0;0.22;2.05;8.0;24.1;265;25.5;23.8;20.5;16.1;0.056;0.102;0.136;0.167;0.19
Zévaco;41.89;9.05;28/05/2026;19:00;24.1;38;8.9;23.0;0;0.0;0.0;0.0;0.0;0.0;0;P1;Ensoleillé;1018.7;947.5;0;0;0;0;43660.0;0.15;1.86;5.8;20.9;266;23.7;23.1;20.7;16.2;0.056;0.102;0.136;0.167;0.19
Zévaco;41.89;9.05;28/05/2026;20:00;22.2;50;11.3;22.3;0;0.0;0.0;0.0;0.0;0.0;0;P1;Ensoleillé;1019.0;947.3;0;0;0;0;42180.0;0.08;1.34;2.5;15.1;262;20.2;22.2;20.7;16.2;0.055;0.102;0.135;0.167;0.19
Zévaco;41.89;9.05;28/05/2026;21:00;20.0;59;11.7;20.2;0;0.0;0.0;0.0;0.0;0.0;0;P1;Ensoleillé;1018.9;946.7;0;0;0;0;41640.0;0.01;0.96;2.4;4.7;63;16.0;20.4;20.6;16.2;0.056;0.102;0.135;0.167;0.19
Zévaco;41.89;9.05;28/05/2026;22:00;18.7;55;9.5;17.9;0;0.0;0.0;0.0;0.0;0.0;0;P1;Ensoleillé;1019.5;947.0;0;0;0;0;41880.0;0.01;0.97;4.7;9.0;94;15.3;18.8;20.2;16.3;0.056;0.101;0.135;0.167;0.19
Zévaco;41.89;9.05;28/05/2026;23:00;18.2;57;9.6;17.3;0;0.0;0.0;0.0;0.0;0.0;0;P1;Ensoleillé;1019.5;946.9;0;0;0;0;41760.0;0.01;0.9;5.8;9.0;86;14.6;17.9;19.8;16.3;0.057;0.101;0.135;0.167;0.19
Zévaco;41.89;9.05;29/05/2026;00:00;17.0;64;10.1;16.3;0;0.0;0.0;0.0;0.0;0.0;0;P1;Ensoleillé;1020.0;947.0;0;0;0;0;40780.0;0.01;0.7;5.4;10.4;90;14.9;17.4;19.3;16.3;0.057;0.101;0.135;0.167;0.19
Zévaco;41.89;9.05;29/05/2026;01:00;16.6;67;10.5;15.9;0;0.0;0.0;0.0;0.0;0.0;3;P4;Nuageux;1020.2;947.1;90;0;0;90;40340.0;0.01;0.63;6.2;9.7;69;14.2;17.0;18.9;16.4;0.058;0.101;0.135;0.167;0.19
Zévaco;41.89;9.05;29/05/2026;02:00;16.3;73;11.4;16.0;0;0.0;0.0;0.0;0.0;0.0;3;P4;Nuageux;1019.9;946.8;94;0;0;94;38780.0;0.01;0.5;5.1;11.9;82;14.6;16.8;18.5;16.4;0.058;0.101;0.135;0.167;0.19
Zévaco;41.89;9.05;29/05/2026;03:00;16.1;75;11.7;15.8;0;0.0;0.0;0.0;0.0;0.0;1;P2;Éclaircies;1019.5;946.3;24;0;0;24;37960.0;-0.0;0.46;5.9;10.4;79;14.3;16.4;18.1;16.4;0.059;0.101;0.135;0.167;0.19
Zévaco;41.89;9.05;29/05/2026;04:00;15.6;78;11.8;15.4;0;0.0;0.0;0.0;0.0;0.0;1;P2;Éclaircies;1019.3;946.0;39;0;0;39;36160.0;-0.0;0.39;5.4;10.1;82;14.0;16.1;17.8;16.4;0.06;0.101;0.135;0.167;0.19
Zévaco;41.89;9.05;29/05/2026;05:00;15.7;80;12.3;15.7;0;0.0;0.0;0.0;0.0;0.0;0;P1;Ensoleillé;1019.5;946.3;3;0;3;0;35340.0;-0.0;0.36;5.4;10.8;86;14.1;15.9;17.5;16.4;0.06;0.101;0.135;0.167;0.19
Zévaco;41.89;9.05;29/05/2026;06:00;16.0;82;13.0;16.1;0;0.0;0.0;0.0;0.0;0.0;0;P1;Ensoleillé;1019.9;946.7;0;0;0;0;33880.0;-0.0;0.33;6.3;12.2;77;14.7;15.8;17.2;16.4;0.061;0.101;0.135;0.167;0.19
Zévaco;41.89;9.05;29/05/2026;07:00;17.5;81;14.2;18.1;0;0.0;0.0;0.0;0.0;0.0;0;P1;Ensoleillé;1020.1;947.2;0;0;0;0;33280.0;0.01;0.38;5.5;13.0;67;17.5;16.2;17.0;16.3;0.061;0.1;0.135;0.167;0.19
Zévaco;41.89;9.05;29/05/2026;08:00;20.8;78;16.9;22.8;0;0.0;0.0;0.0;0.0;0.0;3;P4;Nuageux;1020.1;948.0;100;0;0;100;34280.0;0.07;0.54;2.9;11.2;60;22.1;17.5;16.9;16.3;0.061;0.1;0.135;0.167;0.19
Zévaco;41.89;9.05;29/05/2026;09:00;23.1;60;15.0;24.8;3;0.0;0.0;0.0;0.0;0.0;2;P8;Éclaircies;1020.3;948.7;50;0;0;50;40200.0;0.21;1.13;0.0;8.6;270;24.1;19.2;17.1;16.3;0.061;0.1;0.134;0.166;0.19
Zévaco;41.89;9.05;29/05/2026;10:00;24.3;57;15.2;25.7;3;0.0;0.0;0.0;0.0;0.0;1;P2;Éclaircies;1020.3;949.0;26;7;1;19;40460.0;0.34;1.31;3.7;13.3;259;25.7;20.5;17.4;16.3;0.06;0.099;0.134;0.166;0.189
Zévaco;41.89;9.05;29/05/2026;11:00;24.7;56;15.4;26.3;5;0.0;0.0;0.0;0.0;0.0;3;P4;Nuageux;1020.8;949.6;100;28;1;100;40320.0;0.41;1.37;8.7;23.0;263;26.5;21.4;17.9;16.3;0.06;0.099;0.133;0.165;0.189
Zévaco;41.89;9.05;29/05/2026;12:00;25.2;54;15.2;26.8;8;0.0;0.0;0.0;0.0;0.0;3;P4;Nuageux;1020.7;949.6;100;33;9;100;40480.0;0.36;1.47;8.8;24.1;258;27.4;22.1;18.3;16.3;0.059;0.099;0.132;0.164;0.189
Zévaco;41.89;9.05;29/05/2026;13:00;25.7;51;14.8;27.4;18;0.0;0.0;0.0;0.0;0.0;3;P4;Nuageux;1020.9;949.9;100;61;9;100;40960.0;0.33;1.62;7.2;23.0;270;27.8;22.9;18.8;16.3;0.058;0.099;0.131;0.163;0.188
Zévaco;41.89;9.05;29/05/2026;14:00;26.2;48;14.4;27.9;38;0.0;0.0;0.0;0.0;0.0;2;P8;Éclaircies;1020.4;949.5;82;57;41;18;41140.0;0.32;1.77;6.7;19.4;254;28.6;23.6;19.2;16.3;0.056;0.099;0.131;0.163;0.188
Zévaco;41.89;9.05;29/05/2026;15:00;24.4;54;14.5;26.1;38;0.3;0.0;0.3;0.0;0.0;80;P9;Averses;1020.9;949.6;100;46;40;100;41000.0;0.28;1.41;2.2;21.6;270;24.9;23.6;19.7;16.4;0.078;0.099;0.13;0.162;0.188
Zévaco;41.89;9.05;29/05/2026;16:00;24.9;51;14.1;25.5;28;0.0;0.0;0.0;0.0;0.0;3;P4;Nuageux;1020.5;949.3;100;45;50;100;41080.0;0.25;1.54;4.7;14.8;279;26.6;23.4;20.0;16.4;0.076;0.099;0.13;0.162;0.188
Zévaco;41.89;9.05;29/05/2026;17:00;24.5;54;14.6;25.4;38;0.0;0.0;0.0;0.0;0.0;3;P4;Nuageux;1020.4;949.2;100;64;44;100;40760.0;0.2;1.41;3.9;16.2;292;25.0;23.2;20.3;16.4;0.075;0.099;0.129;0.162;0.188
Zévaco;41.89;9.05;29/05/2026;18:00;24.0;54;14.2;24.8;15;0.0;0.0;0.0;0.0;0.0;3;P4;Nuageux;1020.3;949.0;100;55;13;100;40820.0;0.15;1.38;3.8;11.9;343;24.2;22.9;20.5;16.5;0.073;0.099;0.129;0.161;0.187
Zévaco;41.89;9.05;29/05/2026;19:00;23.4;57;14.4;24.5;3;0.0;0.0;0.0;0.0;0.0;3;P4;Nuageux;1020.7;949.2;100;41;100;100;40780.0;0.09;1.24;2.3;12.2;51;23.2;22.5;20.6;16.5;0.072;0.099;0.129;0.161;0.187
Zévaco;41.89;9.05;29/05/2026;20:00;21.9;67;15.5;23.3;0;0.0;0.0;0.0;0.0;0.0;3;P4;Nuageux;1020.9;949.0;100;16;56;100;39780.0;0.05;0.87;3.7;7.9;79;20.6;21.8;20.6;16.5;0.072;0.099;0.129;0.161;0.187
Zévaco;41.89;9.05;29/05/2026;21:00;19.7;73;14.7;20.5;0;0.0;0.0;0.0;0.0;0.0;3;P4;Nuageux;1021.2;948.8;100;1;0;100;37280.0;0.02;0.62;5.2;10.4;78;18.4;20.7;20.5;16.6;0.072;0.098;0.129;0.161;0.187
Zévaco;41.89;9.05;29/05/2026;22:00;18.4;73;13.5;18.6;0;0.0;0.0;0.0;0.0;0.0;3;P4;Nuageux;1021.7;948.9;100;0;0;100;37180.0;0.01;0.57;6.0;13.0;73;17.6;19.7;20.2;16.6;0.072;0.098;0.129;0.161;0.187
Zévaco;41.89;9.05;29/05/2026;23:00;17.5;71;12.2;17.3;0;0.0;0.0;0.0;0.0;0.0;3;P4;Nuageux;1022.1;949.1;100;0;4;100;38220.0;0.02;0.58;6.2;13.3;69;17.0;19.0;19.9;16.6;0.072;0.098;0.129;0.161;0.187
Zévaco;41.89;9.05;30/05/2026;00:00;16.7;80;13.2;16.8;0;0.0;0.0;0.0;0.0;0.0;1;P2;Éclaircies;1022.3;949.1;6;0;0;6;33220.0;0.01;0.38;6.0;13.3;73;16.2;18.2;19.5;16.6;0.066;0.098;0.129;0.161;0.187
Zévaco;41.89;9.05;30/05/2026;01:00;16.5;79;12.9;16.5;0;0.0;0.0;0.0;0.0;0.0;0;P1;Ensoleillé;1022.2;949.0;5;0;0;5;34500.0;0.01;0.4;6.4;14.0;74;16.2;17.9;19.2;16.6;0.066;0.098;0.128;0.161;0.187
Zévaco;41.89;9.05;30/05/2026;02:00;16.3;77;12.3;16.1;0;0.0;0.0;0.0;0.0;0.0;0;P1;Ensoleillé;1021.9;948.6;6;0;0;6;35500.0;0.01;0.43;6.4;13.7;74;15.8;17.6;18.8;16.7;0.066;0.098;0.128;0.161;0.187
Zévaco;41.89;9.05;30/05/2026;03:00;15.9;75;11.5;15.5;0;0.0;0.0;0.0;0.0;0.0;1;P2;Éclaircies;1021.5;948.2;12;0;0;12;36560.0;0.01;0.45;6.4;13.7;74;15.4;17.3;18.5;16.7;0.067;0.098;0.128;0.161;0.187
Zévaco;41.89;9.05;30/05/2026;04:00;15.7;71;10.4;14.9;0;0.0;0.0;0.0;0.0;0.0;0;P1;Ensoleillé;1021.2;947.8;0;0;0;0;37980.0;0.01;0.52;6.3;14.0;77;15.2;17.0;18.3;16.7;0.067;0.098;0.128;0.161;0.187
Zévaco;41.89;9.05;30/05/2026;05:00;15.5;69;9.9;14.5;0;0.0;0.0;0.0;0.0;0.0;0;P1;Ensoleillé;1021.1;947.7;2;0;0;2;38560.0;0.01;0.55;6.7;14.4;74;15.0;16.7;18.0;16.7;0.067;0.098;0.128;0.161;0.187
Zévaco;41.89;9.05;30/05/2026;06:00;15.4;69;9.8;14.4;0;0.0;0.0;0.0;0.0;0.0;0;P1;Ensoleillé;1021.3;947.8;0;0;0;0;38760.0;0.01;0.54;7.2;15.1;72;15.0;16.5;17.7;16.7;0.067;0.098;0.128;0.161;0.187
Zévaco;41.89;9.05;30/05/2026;07:00;16.9;68;11.0;16.3;0;0.0;0.0;0.0;0.0;0.0;0;P1;Ensoleillé;1021.4;948.3;0;0;0;0;38920.0;0.03;0.62;6.4;15.5;74;17.1;16.6;17.5;16.6;0.067;0.098;0.128;0.161;0.187
Zévaco;41.89;9.05;30/05/2026;08:00;20.1;69;14.3;21.0;0;0.0;0.0;0.0;0.0;0.0;0;P1;Ensoleillé;1021.3;949.0;0;0;0;0;38760.0;0.09;0.73;3.5;13.7;66;21.5;17.6;17.4;16.6;0.067;0.097;0.128;0.161;0.187
Zévaco;41.89;9.05;30/05/2026;09:00;22.6;53;12.6;23.3;0;0.0;0.0;0.0;0.0;0.0;0;P1;Ensoleillé;1021.2;949.5;0;0;0;0;41340.0;0.22;1.29;1.3;9.4;34;23.9;19.3;17.5;16.6;0.066;0.097;0.128;0.16;0.187
Zévaco;41.89;9.05;30/05/2026;10:00;24.0;49;12.6;24.7;0;0.0;0.0;0.0;0.0;0.0;0;P1;Ensoleillé;1020.8;949.4;0;0;0;0;41680.0;0.36;1.52;2.7;10.1;293;25.7;20.6;17.8;16.6;0.065;0.097;0.127;0.16;0.187
Zévaco;41.89;9.05;30/05/2026;11:00;25.1;48;13.3;26.8;3;0.0;0.0;0.0;0.0;0.0;1;P2;Éclaircies;1020.8;949.7;27;27;0;0;41560.0;0.43;1.66;4.1;14.8;285;27.3;21.8;18.2;16.6;0.064;0.097;0.126;0.159;0.186
Zévaco;41.89;9.05;30/05/2026;12:00;26.2;43;12.7;27.7;0;0.0;0.0;0.0;0.0;0.0;2;P8;Éclaircies;1020.5;949.6;68;30;52;0;42140.0;0.4;1.94;5.2;17.6;282;29.4;22.8;18.7;16.6;0.062;0.097;0.125;0.158;0.186
Zévaco;41.89;9.05;30/05/2026;13:00;25.5;49;14.0;26.2;20;0.0;0.0;0.0;0.0;0.0;2;P8;Éclaircies;1020.8;949.8;67;35;40;8;41020.0;0.35;1.66;12.4;31.3;262;28.0;23.4;19.2;16.6;0.061;0.097;0.125;0.157;0.186
Zévaco;41.89;9.05;30/05/2026;14:00;24.5;62;16.8;27.3;55;0.4;0.0;0.4;0.0;0.0;80;P9;Averses;1021.0;949.7;97;47;21;86;37680.0;0.3;1.17;5.8;34.2;240;27.8;23.2;19.6;16.6;0.095;0.097;0.124;0.157;0.186
Zévaco;41.89;9.05;30/05/2026;15:00;24.7;60;16.5;26.4;68;0.1;0.0;0.1;0.0;0.0;3;P4;Nuageux;1020.2;949.0;100;43;11;100;38240.0;0.27;1.25;6.8;24.5;288;26.6;23.3;19.9;16.7;0.094;0.097;0.124;0.157;0.185
Zévaco;41.89;9.05;30/05/2026;16:00;24.4;66;17.6;26.4;77;0.2;0.0;0.2;0.0;0.0;3;P4;Nuageux;1019.8;948.6;100;51;8;100;36140.0;0.25;1.04;6.6;24.8;292;26.4;23.5;20.2;16.7;0.098;0.097;0.123;0.156;0.185
Zévaco;41.89;9.05;30/05/2026;17:00;23.1;74;18.2;25.4;78;0.5;0.0;0.5;0.0;0.0;80;P9;Averses;1019.9;948.4;100;48;4;100;31460.0;0.22;0.73;4.8;24.5;318;25.0;23.3;20.5;16.7;0.134;0.098;0.123;0.156;0.185
Zévaco;41.89;9.05;30/05/2026;18:00;23.3;70;17.6;25.6;64;0.2;0.0;0.2;0.0;0.0;80;P9;Averses;1019.4;948.0;100;46;0;100;34940.0;0.21;0.86;2.9;19.4;300;24.7;23.0;20.6;16.7;0.144;0.099;0.123;0.156;0.185
Zévaco;41.89;9.05;30/05/2026;19:00;23.1;70;17.3;25.4;42;0.0;0.0;0.0;0.0;0.0;3;P4;Nuageux;1019.0;947.5;100;7;0;100;36060.0;0.15;0.85;1.9;14.0;292;23.4;22.7;20.7;16.8;0.142;0.1;0.122;0.156;0.185
Zévaco;41.89;9.05;30/05/2026;20:00;22.1;74;17.3;24.2;23;0.0;0.0;0.0;0.0;0.0;1;P2;Éclaircies;1019.0;947.3;27;5;0;23;35720.0;0.08;0.69;3.4;7.6;288;20.9;22.0;20.8;16.8;0.138;0.102;0.122;0.155;0.185
Zévaco;41.89;9.05;30/05/2026;21:00;19.8;82;16.6;21.7;12;0.0;0.0;0.0;0.0;0.0;3;P4;Nuageux;1019.2;946.9;86;1;0;86;33840.0;0.02;0.42;2.9;7.2;7;17.2;20.6;20.6;16.8;0.136;0.103;0.122;0.155;0.185
Zévaco;41.89;9.05;30/05/2026;22:00;18.3;87;16.1;19.7;5;0.0;0.0;0.0;0.0;0.0;3;P4;Nuageux;1019.7;947.0;100;0;0;100;29440.0;-0.0;0.27;4.9;9.0;73;16.9;19.2;20.3;16.9;0.134;0.104;0.122;0.155;0.185
Zévaco;41.89;9.05;30/05/2026;23:00;17.7;87;15.5;18.9;0;0.0;0.0;0.0;0.0;0.0;3;P4;Nuageux;1019.7;946.9;100;0;0;100;30240.0;0.0;0.26;4.8;9.4;63;16.1;18.5;20.0;16.9;0.133;0.104;0.122;0.155;0.185
Zévaco;41.89;9.05;31/05/2026;00:00;17.2;85;14.6;18.0;0;0.0;0.0;0.0;0.0;0.0;3;P4;Nuageux;1019.9;947.0;100;1;0;100;31540.0;0.0;0.29;5.2;9.7;74;16.3;18.0;19.6;16.9;0.131;0.105;0.122;0.155;0.185
Zévaco;41.89;9.05;31/05/2026;01:00;16.8;84;14.1;17.5;0;0.0;0.0;0.0;0.0;0.0;3;P4;Nuageux;1019.8;946.8;92;6;0;88;31980.0;-0.0;0.31;4.8;9.7;77;15.8;17.8;19.2;16.9;0.13;0.106;0.122;0.155;0.185
Zévaco;41.89;9.05;31/05/2026;02:00;16.5;83;13.6;16.9;0;0.0;0.0;0.0;0.0;0.0;2;P8;Éclaircies;1019.6;946.5;55;6;12;52;32820.0;-0.0;0.32;4.9;10.4;73;15.3;17.3;18.9;16.9;0.129;0.107;0.122;0.155;0.185
Zévaco;41.89;9.05;31/05/2026;03:00;16.3;83;13.4;16.6;0;0.0;0.0;0.0;0.0;0.0;2;P8;Éclaircies;1019.2;946.1;83;5;81;18;33040.0;-0.0;0.32;5.7;11.5;72;15.1;16.9;18.6;16.9;0.127;0.107;0.122;0.155;0.185
Zévaco;41.89;9.05;31/05/2026;04:00;16.2;81;13.0;16.5;0;0.0;0.0;0.0;0.0;0.0;2;P8;Éclaircies;1018.9;945.8;76;5;75;6;34300.0;-0.0;0.35;4.9;11.5;73;14.9;16.7;18.2;16.9;0.126;0.108;0.122;0.155;0.185
Zévaco;41.89;9.05;31/05/2026;05:00;16.1;80;12.7;16.3;0;0.0;0.0;0.0;0.0;0.0;3;P4;Nuageux;1018.6;945.5;90;2;89;18;35320.0;-0.0;0.37;5.0;10.1;69;14.3;16.3;17.9;16.9;0.125;0.108;0.122;0.155;0.185
Zévaco;41.89;9.05;31/05/2026;06:00;15.9;79;12.3;15.7;0;0.0;0.0;0.0;0.0;0.0;3;P4;Nuageux;1018.5;945.4;93;1;39;83;35660.0;-0.0;0.38;6.0;10.8;65;14.4;16.0;17.7;16.9;0.124;0.109;0.122;0.155;0.185
Zévaco;41.89;9.05;31/05/2026;07:00;16.6;77;12.6;16.8;0;0.0;0.0;0.0;0.0;0.0;1;P2;Éclaircies;1018.6;945.6;26;1;11;16;37320.0;0.01;0.44;4.7;11.2;67;16.4;16.1;17.4;16.9;0.123;0.109;0.122;0.155;0.185
Zévaco;41.89;9.05;31/05/2026;08:00;19.5;77;15.4;21.0;0;0.0;0.0;0.0;0.0;0.0;2;P8;Éclaircies;1018.6;946.3;40;0;1;40;36060.0;0.07;0.52;2.3;10.1;72;20.8;17.4;17.3;16.9;0.122;0.11;0.122;0.155;0.185
Zévaco;41.89;9.05;31/05/2026;09:00;22.0;58;13.4;22.8;0;0.0;0.0;0.0;0.0;0.0;1;P2;Éclaircies;1018.7;947.0;8;0;0;8;40700.0;0.22;1.11;2.2;10.1;279;23.1;19.0;17.4;16.9;0.119;0.11;0.122;0.155;0.185
Zévaco;41.89;9.05;31/05/2026;10:00;23.2;56;14.0;24.1;0;0.0;0.0;0.0;0.0;0.0;0;P1;Ensoleillé;1018.6;947.2;1;0;1;0;40620.0;0.35;1.25;4.7;15.1;274;24.8;20.3;17.7;16.8;0.114;0.109;0.121;0.154;0.185
Zévaco;41.89;9.05;31/05/2026;11:00;24.2;55;14.6;25.9;0;0.0;0.0;0.0;0.0;0.0;0;P1;Ensoleillé;1018.7;947.5;3;2;0;0;40660.0;0.43;1.36;7.2;19.4;276;26.2;21.4;18.1;16.8;0.11;0.109;0.121;0.154;0.184
Zévaco;41.89;9.05;31/05/2026;12:00;25.2;52;14.6;27.4;2;0.0;0.0;0.0;0.0;0.0;0;P1;Ensoleillé;1018.6;947.6;9;9;0;0;40740.0;0.43;1.54;8.4;23.8;280;27.8;22.5;18.5;16.8;0.105;0.108;0.12;0.153;0.184
Zévaco;41.89;9.05;31/05/2026;13:00;25.9;50;14.7;28.2;3;0.0;0.0;0.0;0.0;0.0;0;P1;Ensoleillé;1018.4;947.6;11;9;0;3;40800.0;0.38;1.67;9.4;25.6;277;28.7;23.4;19.0;16.8;0.1;0.107;0.119;0.152;0.184
Zévaco;41.89;9.05;31/05/2026;14:00;26.5;45;13.6;28.4;3;0.0;0.0;0.0;0.0;0.0;1;P2;Éclaircies;1017.8;947.2;55;9;0;55;41560.0;0.35;1.9;9.4;25.6;274;29.4;24.2;19.6;16.8;0.096;0.107;0.119;0.152;0.183
Zévaco;41.89;9.05;31/05/2026;15:00;26.4;45;13.6;27.9;3;0.0;0.0;0.0;0.0;0.0;3;P4;Nuageux;1017.3;946.7;100;9;0;100;41620.0;0.32;1.9;9.8;27.7;276;28.9;24.7;20.1;16.9;0.092;0.106;0.118;0.151;0.183
Zévaco;41.89;9.05;31/05/2026;16:00;26.3;44;13.1;27.2;3;0.0;0.0;0.0;0.0;0.0;3;P4;Nuageux;1016.7;946.1;100;7;0;100;41900.0;0.28;1.92;9.0;26.6;272;28.1;24.7;20.5;16.9;0.088;0.105;0.118;0.151;0.183
Zévaco;41.89;9.05;31/05/2026;17:00;25.7;44;12.6;25.8;3;0.0;0.0;0.0;0.0;0.0;2;P8;Éclaircies;1016.5;945.8;60;4;0;59;41800.0;0.25;1.85;9.4;25.6;270;27.2;24.6;20.9;16.9;0.085;0.105;0.117;0.15;0.183
Zévaco;41.89;9.05;31/05/2026;18:00;24.4;51;13.6;24.4;3;0.0;0.0;0.0;0.0;0.0;0;P1;Ensoleillé;1016.6;945.6;14;0;0;14;40940.0;0.2;1.5;8.7;25.2;275;25.3;24.2;21.2;17.0;0.083;0.104;0.117;0.15;0.183
Zévaco;41.89;9.05;31/05/2026;19:00;22.9;55;13.4;23.0;3;0.0;0.0;0.0;0.0;0.0;0;P1;Ensoleillé;1016.9;945.5;8;0;0;8;40580.0;0.14;1.26;6.5;23.0;273;23.1;23.3;21.3;17.0;0.082;0.104;0.117;0.15;0.183
Zévaco;41.89;9.05;31/05/2026;20:00;21.2;61;13.4;21.8;3;0.0;0.0;0.0;0.0;0.0;0;P1;Ensoleillé;1017.4;945.6;4;0;0;4;40140.0;0.07;0.98;3.4;19.1;288;20.4;22.2;21.3;17.0;0.081;0.104;0.117;0.15;0.183
Zévaco;41.89;9.05;31/05/2026;21:00;19.3;65;12.6;19.9;3;0.0;0.0;0.0;0.0;0.0;0;P1;Ensoleillé;1017.7;945.4;4;0;0;4;39760.0;0.04;0.79;1.6;17.6;333;18.1;20.9;21.0;17.1;0.081;0.104;0.117;0.15;0.183
Zévaco;41.89;9.05;31/05/2026;22:00;17.4;69;11.7;17.6;2;0.0;0.0;0.0;0.0;0.0;0;P1;Ensoleillé;1017.9;945.2;4;0;0;4;39380.0;0.02;0.62;2.6;16.6;56;16.0;19.4;20.7;17.1;0.081;0.103;0.117;0.15;0.183
Zévaco;41.89;9.05;31/05/2026;23:00;15.9;71;10.6;15.5;1;0.0;0.0;0.0;0.0;0.0;0;P1;Ensoleillé;1018.0;944.9;4;0;0;4;39000.0;0.01;0.52;4.3;15.5;66;14.4;18.1;20.2;17.1;0.081;0.103;0.117;0.15;0.183
Zévaco;41.89;9.05;01/06/2026;00:00;15.0;71;9.8;14.2;1;0.0;0.0;0.0;0.0;0.0;2;P8;Éclaircies;1017.9;944.6;26;0;0;26;39080.0;0.01;0.49;5.2;14.8;65;13.6;17.2;19.7;17.1;0.081;0.103;0.117;0.15;0.183
Zévaco;41.89;9.05;01/06/2026;01:00;14.4;70;9.0;13.4;0;0.0;0.0;0.0;0.0;0.0;2;P8;Éclaircies;1017.7;944.3;47;0;0;47;39140.0;0.01;0.49;5.3;14.0;62;13.4;16.6;19.2;17.1;0.081;0.103;0.117;0.15;0.183
Zévaco;41.89;9.05;01/06/2026;02:00;14.1;69;8.5;13.0;0;0.0;0.0;0.0;0.0;0.0;2;P8;Éclaircies;1017.4;943.9;69;0;0;69;39220.0;0.01;0.5;5.0;13.7;60;13.2;16.0;18.7;17.1;0.081;0.103;0.117;0.15;0.183
Zévaco;41.89;9.05;01/06/2026;03:00;13.9;70;8.6;12.9;0;0.0;0.0;0.0;0.0;0.0;1;P2;Éclaircies;1017.0;943.5;51;2;0;50;39400.0;0.01;0.48;4.4;13.7;55;12.4;15.6;18.3;17.1;0.081;0.103;0.117;0.15;0.183
Zévaco;41.89;9.05;01/06/2026;04:00;13.9;71;8.8;13.1;1;0.0;0.0;0.0;0.0;0.0;1;P2;Éclaircies;1016.4;942.9;34;3;0;30;39580.0;0.01;0.46;3.6;13.7;53;11.7;15.2;17.9;17.1;0.082;0.102;0.117;0.15;0.183
Zévaco;41.89;9.05;01/06/2026;05:00;14.3;72;9.3;13.7;1;0.0;0.0;0.0;0.0;0.0;1;P2;Éclaircies;1016.1;942.7;16;5;0;11;39760.0;0.01;0.46;3.1;14.0;54;11.8;15.1;17.5;17.1;0.082;0.102;0.117;0.15;0.183
Zévaco;41.89;9.05;01/06/2026;06:00;15.1;74;10.5;14.8;2;0.0;0.0;0.0;0.0;0.0;3;P4;Nuageux;1016.1;943.0;44;5;0;40;38260.0;-0.0;0.45;3.5;14.4;66;13.6;15.1;17.1;17.1;0.082;0.102;0.117;0.15;0.183
Zévaco;41.89;9.05;01/06/2026;07:00;16.4;75;11.9;16.4;3;0.0;0.0;0.0;0.0;0.0;3;P4;Nuageux;1016.2;943.3;71;5;0;69;36780.0;-0.0;0.47;4.0;15.5;80;16.3;15.4;16.8;17.1;0.082;0.102;0.117;0.15;0.183
Zévaco;41.89;9.05;01/06/2026;08:00;17.8;76;13.6;18.5;3;0.0;0.0;0.0;0.0;0.0;3;P4;Nuageux;1016.3;943.8;99;5;0;98;35280.0;0.02;0.49;3.6;16.6;84;19.0;16.0;16.6;17.0;0.082;0.102;0.117;0.15;0.183
Zévaco;41.89;9.05;01/06/2026;09:00;19.6;75;15.0;21.1;3;0.0;0.0;0.0;0.0;0.0;3;P4;Nuageux;1016.3;944.2;95;16;0;90;35340.0;0.09;0.57;1.1;18.4;90;21.2;17.4;16.7;17.0;0.081;0.101;0.116;0.149;0.183
Zévaco;41.89;9.05;01/06/2026;10:00;21.5;73;16.4;23.3;3;0.0;0.0;0.0;0.0;0.0;3;P4;Nuageux;1016.2;944.6;91;28;0;82;35400.0;0.17;0.69;3.0;20.5;256;23.4;19.2;17.0;17.0;0.08;0.101;0.116;0.149;0.182
Zévaco;41.89;9.05;01/06/2026;11:00;23.1;69;17.1;25.5;3;0.0;0.0;0.0;0.0;0.0;3;P4;Nuageux;1016.1;944.8;87;39;0;74;35460.0;0.25;0.88;6.2;23.4;263;25.2;20.8;17.4;16.9;0.079;0.1;0.115;0.148;0.182
Zévaco;41.89;9.05;01/06/2026;12:00;24.2;63;16.7;26.9;3;0.0;0.0;0.0;0.0;0.0;1;P2;Éclaircies;1015.9;944.9;65;28;1;53;37260.0;0.3;1.12;8.3;27.0;270;26.7;21.9;17.9;16.9;0.077;0.1;0.114;0.147;0.182
Zévaco;41.89;9.05;01/06/2026;13:00;25.0;56;15.6;27.3;3;0.0;0.0;0.0;0.0;0.0;1;P2;Éclaircies;1015.6;944.8;43;18;1;33;39040.0;0.33;1.39;10.1;31.3;274;27.7;22.8;18.4;16.9;0.075;0.099;0.114;0.147;0.181
Zévaco;41.89;9.05;01/06/2026;14:00;25.4;50;14.2;27.2;3;0.0;0.0;0.0;0.0;0.0;1;P2;Éclaircies;1015.3;944.6;21;7;2;12;40840.0;0.35;1.62;11.3;33.8;277;28.2;23.4;19.0;16.9;0.073;0.099;0.113;0.146;0.181
Zévaco;41.89;9.05;01/06/2026;15:00;25.3;47;13.2;26.7;3;0.0;0.0;0.0;0.0;0.0;0;P1;Ensoleillé;1015.0;944.3;14;5;1;8;41000.0;0.34;1.71;10.9;33.8;278;28.1;23.8;19.5;16.9;0.071;0.099;0.113;0.146;0.181
Zévaco;41.89;9.05;01/06/2026;16:00;24.9;46;12.5;25.9;2;0.0;0.0;0.0;0.0;0.0;0;P1;Ensoleillé;1014.8;944.0;7;2;1;4;41140.0;0.31;1.7;9.8;32.4;278;27.3;24.0;20.0;17.0;0.069;0.099;0.112;0.145;0.18
Zévaco;41.89;9.05;01/06/2026;17:00;24.1;47;12.1;24.5;2;0.0;0.0;0.0;0.0;0.0;0;P1;Ensoleillé;1014.7;943.8;0;0;0;0;41300.0;0.27;1.59;8.4;30.2;277;26.0;23.8;20.3;17.0;0.067;0.099;0.112;0.145;0.18
Zévaco;41.89;9.05;01/06/2026;18:00;22.8;50;11.8;22.5;1;0.0;0.0;0.0;0.0;0.0;0;P1;Ensoleillé;1014.8;943.6;0;0;0;0;40900.0;0.23;1.39;6.6;27.4;279;23.9;23.2;20.6;17.0;0.066;0.099;0.112;0.145;0.18
Zévaco;41.89;9.05;01/06/2026;19:00;21.1;55;11.7;21.0;0;0.0;0.0;0.0;0.0;0.0;0;P1;Ensoleillé;1015.1;943.4;0;0;0;0;40520.0;0.18;1.13;4.5;24.1;284;21.1;22.3;20.7;17.0;0.065;0.098;0.111;0.144;0.18
Zévaco;41.89;9.05;01/06/2026;20:00;19.3;61;11.6;19.4;0;0.0;0.0;0.0;0.0;0.0;0;P1;Ensoleillé;1015.4;943.3;0;0;0;0;40120.0;0.13;0.87;2.4;21.2;297;18.6;21.2;20.6;17.1;0.065;0.098;0.111;0.144;0.18
Zévaco;41.89;9.05;01/06/2026;21:00;17.2;70;11.7;17.6;0;0.0;0.0;0.0;0.0;0.0;3;P4;Nuageux;1015.8;943.2;33;0;0;33;36060.0;0.08;0.59;1.1;19.4;18;16.5;19.8;20.4;17.1;0.065;0.098;0.111;0.144;0.18
Zévaco;41.89;9.05;01/06/2026;22:00;15.1;80;11.7;15.2;0;0.0;0.0;0.0;0.0;0.0;3;P4;Nuageux;1016.3;943.1;67;0;0;67;32020.0;0.04;0.34;3.0;18.0;76;14.6;18.2;19.9;17.1;0.066;0.098;0.111;0.144;0.18
Zévaco;41.89;9.05;01/06/2026;23:00;13.6;86;11.3;13.3;0;0.0;0.0;0.0;0.0;0.0;3;P4;Nuageux;1016.6;943.0;100;0;0;100;27960.0;0.01;0.22;4.7;16.9;81;13.1;16.9;19.5;17.1;0.066;0.098;0.111;0.144;0.18
Zévaco;41.89;9.05;02/06/2026;00:00;13.2;85;10.7;12.7;0;0.0;0.0;0.0;0.0;0.0;3;P4;Nuageux;1016.6;942.9;100;0;0;100;31240.0;-0.0;0.23;4.8;16.2;77;12.4;16.1;19.0;17.1;0.066;0.098;0.111;0.144;0.18
Zévaco;41.89;9.05;02/06/2026;01:00;13.4;79;9.8;12.7;0;0.0;0.0;0.0;0.0;0.0;3;P4;Nuageux;1016.4;942.8;100;0;0;100;34520.0;0.01;0.32;4.2;15.8;70;12.1;15.7;18.5;17.1;0.067;0.097;0.111;0.144;0.18
Zévaco;41.89;9.05;02/06/2026;02:00;13.5;75;9.1;12.7;0;0.0;0.0;0.0;0.0;0.0;3;P4;Nuageux;1016.2;942.6;100;0;0;100;37800.0;0.01;0.39;4.0;15.8;63;11.8;15.3;18.0;17.1;0.067;0.097;0.111;0.144;0.18
Zévaco;41.89;9.05;02/06/2026;03:00;13.0;75;8.7;12.1;0;0.0;0.0;0.0;0.0;0.0;1;P2;Éclaircies;1016.0;942.3;77;0;0;77;37580.0;0.01;0.38;4.3;16.2;66;11.0;14.7;17.6;17.1;0.067;0.097;0.111;0.144;0.18
Zévaco;41.89;9.05;02/06/2026;04:00;12.5;75;8.2;11.4;0;0.0;0.0;0.0;0.0;0.0;1;P2;Éclaircies;1015.7;941.9;54;0;0;54;37360.0;0.01;0.36;4.6;16.6;72;10.3;14.2;17.1;17.1;0.068;0.096;0.111;0.144;0.18
Zévaco;41.89;9.05;02/06/2026;05:00;12.6;76;8.5;11.5;0;0.0;0.0;0.0;0.0;0.0;1;P2;Éclaircies;1015.5;941.8;31;0;0;31;37140.0;0.01;0.35;4.5;16.6;76;10.5;14.0;16.7;17.0;0.068;0.096;0.111;0.144;0.18
Zévaco;41.89;9.05;02/06/2026;06:00;13.6;76;9.5;12.9;0;0.0;0.0;0.0;0.0;0.0;3;P4;Nuageux;1015.4;941.9;54;0;3;54;36680.0;0.01;0.38;4.4;15.8;81;12.6;14.1;16.3;17.0;0.068;0.096;0.111;0.144;0.18
Zévaco;41.89;9.05;02/06/2026;07:00;15.3;77;11.3;15.2;0;0.0;0.0;0.0;0.0;0.0;3;P4;Nuageux;1015.3;942.3;77;0;7;77;36220.0;0.01;0.4;4.0;14.4;85;15.8;14.4;16.0;17.0;0.068;0.096;0.111;0.144;0.18
Zévaco;41.89;9.05;02/06/2026;08:00;17.1;75;12.6;17.5;0;0.0;0.0;0.0;0.0;0.0;3;P4;Nuageux;1015.2;942.6;100;0;10;100;35760.0;0.03;0.49;2.9;14.0;90;18.8;15.2;15.8;16.9;0.068;0.096;0.111;0.144;0.18
Zévaco;41.89;9.05;02/06/2026;09:00;18.9;70;13.3;19.8;0;0.0;0.0;0.0;0.0;0.0;2;P8;Éclaircies;1015.1;942.9;83;6;18;68;37060.0;0.09;0.66;1.1;14.8;72;21.3;16.6;16.0;16.9;0.068;0.096;0.111;0.144;0.18
Zévaco;41.89;9.05;02/06/2026;10:00;20.9;64;13.8;21.9;0;0.0;0.0;0.0;0.0;0.0;2;P8;Éclaircies;1014.9;943.2;65;12;26;37;38340.0;0.17;0.89;1.3;16.6;304;23.7;18.4;16.3;16.9;0.067;0.095;0.11;0.143;0.18
Zévaco;41.89;9.05;02/06/2026;11:00;22.4;59;14.0;23.7;0;0.0;0.0;0.0;0.0;0.0;2;P8;Éclaircies;1014.8;943.5;48;18;34;5;39640.0;0.23;1.11;3.4;19.1;288;25.3;19.9;16.7;16.8;0.066;0.095;0.11;0.143;0.18
Zévaco;41.89;9.05;02/06/2026;12:00;23.2;58;14.5;24.8;0;0.0;0.0;0.0;0.0;0.0;1;P2;Éclaircies;1014.6;943.5;46;24;27;2;37890.0;0.27;1.18;6.6;26.5;279;25.9;20.9;17.4;17.0;0.065;0.095;0.111;0.145;0.188
Zévaco;41.89;9.05;02/06/2026;13:00;23.5;59;15.0;25.2;0;0.0;0.0;0.0;0.0;0.0;1;P2;Éclaircies;1014.5;943.4;50;34;23;1;30130.0;0.29;1.19;9.5;33.8;271;25.9;21.7;18.1;17.1;0.064;0.095;0.112;0.148;0.194
Zévaco;41.89;9.05;02/06/2026;14:00;23.7;60;15.6;25.2;0;0.0;0.0;0.0;0.0;0.0;1;P2;Éclaircies;1014.4;943.4;64;52;22;0;16320.0;0.31;1.15;11.7;39.3;267;25.8;22.1;18.6;17.3;0.064;0.096;0.113;0.149;0.202
Zévaco;41.89;9.05;02/06/2026;15:00;23.4;62;15.7;24.7;1;0.0;0.0;0.0;0.0;0.0;2;P8;Éclaircies;1014.1;943.0;73;56;31;5;19920.0;0.0;1.1;12.6;42.5;265;25.1;22.3;19.1;17.5;0.063;0.096;0.115;0.152;0.209
Zévaco;41.89;9.05;02/06/2026;16:00;22.8;65;15.9;23.8;2;0.0;0.0;0.0;0.0;0.0;2;P8;Éclaircies;1013.8;942.6;76;57;38;11;31160.0;0.0;0.97;11.9;42.8;267;24.0;22.3;19.5;17.5;0.062;0.095;0.114;0.151;0.208
Zévaco;41.89;9.05;02/06/2026;17:00;22.1;68;15.9;22.5;4;0.0;0.0;0.0;0.0;0.0;2;P8;Éclaircies;1013.6;942.3;80;57;45;16;42420.0;0.0;0.85;10.8;42.1;268;22.8;22.1;19.7;17.5;0.062;0.095;0.114;0.151;0.208
Zévaco;41.89;9.05;02/06/2026;18:00;21.2;73;16.2;22.1;5;0.0;0.0;0.0;0.0;0.0;3;P4;Nuageux;1013.4;941.9;87;58;40;44;41720.0;0.0;0.68;9.0;40.0;272;21.5;21.7;19.9;17.5;0.062;0.095;0.114;0.151;0.208
Zévaco;41.89;9.05;02/06/2026;19:00;20.2;79;16.5;21.5;7;0.0;0.0;0.0;0.0;0.0;3;P4;Nuageux;1013.4;941.7;93;58;35;72;41020.0;0.0;0.5;6.9;37.1;279;20.1;21.1;19.9;17.5;0.062;0.095;0.113;0.151;0.208
Zévaco;41.89;9.05;02/06/2026;20:00;19.2;85;16.6;20.8;9;0.0;0.0;0.0;0.0;0.0;3;P4;Nuageux;1013.3;941.3;100;59;30;100;40320.0;0.0;0.33;4.7;34.6;293;18.8;20.4;19.9;17.5;0.062;0.095;0.113;0.151;0.208
Zévaco;41.89;9.05;02/06/2026;21:00;17.9;90;16.3;19.7;11;0.0;0.0;0.0;0.0;0.0;3;P4;Nuageux;1013.3;941.0;100;54;36;100;41020.0;0.0;0.21;2.8;33.1;320;17.6;19.6;19.7;17.5;0.062;0.095;0.113;0.151;0.208
Zévaco;41.89;9.05;02/06/2026;22:00;16.7;94;15.7;18.3;13;0.0;0.0;0.0;0.0;0.0;3;P4;Nuageux;1013.4;940.8;100;49;42;100;41740.0;0.0;0.11;2.6;32.4;16;16.4;18.7;19.5;17.5;0.063;0.094;0.113;0.151;0.208
Zévaco;41.89;9.05;02/06/2026;23:00;15.7;96;15.1;16.9;14;0.0;0.0;0.0;0.0;0.0;3;P4;Nuageux;1013.4;940.6;100;44;48;100;42440.0;0.0;0.07;3.6;31.7;45;15.5;17.9;19.3;17.5;0.063;0.094;0.113;0.151;0.208
Zévaco;41.89;9.05;03/06/2026;00:00;15.4;96;14.8;16.5;16;0.0;0.0;0.0;0.0;0.0;3;P4;Nuageux;1013.2;940.3;100;35;65;100;43380.0;0.0;0.07;3.8;30.2;49;15.1;17.5;19.0;17.5;0.063;0.094;0.113;0.151;0.208
Zévaco;41.89;9.05;03/06/2026;01:00;15.5;94;14.6;16.5;17;0.0;0.0;0.0;0.0;0.0;3;P4;Nuageux;1012.9;940.1;100;26;83;100;44320.0;0.0;0.11;3.6;28.8;37;15.0;17.2;18.7;17.5;0.064;0.094;0.113;0.151;0.208
Zévaco;41.89;9.05;03/06/2026;02:00;15.5;93;14.4;16.5;18;0.0;0.0;0.0;0.0;0.0;3;P4;Nuageux;1012.6;939.8;100;17;100;100;45260.0;0.0;0.12;3.2;27.7;27;14.9;16.9;18.4;17.5;0.064;0.094;0.113;0.151;0.208
Zévaco;41.89;9.05;03/06/2026;03:00;15.2;93;14.1;16.1;19;0.0;0.0;0.0;0.0;0.0;3;P4;Nuageux;1012.4;939.5;97;32;93;67;45280.0;0.0;0.12;3.2;26.6;27;14.5;16.5;18.1;17.5;0.064;0.094;0.113;0.151;0.208
Zévaco;41.89;9.05;03/06/2026;04:00;14.9;94;14.0;15.8;19;0.0;0.0;0.0;0.0;0.0;3;P4;Nuageux;1012.1;939.2;93;48;86;33;45280.0;0.0;0.1;2.9;25.9;30;14.0;16.2;17.9;17.5;0.065;0.094;0.113;0.151;0.208
Zévaco;41.89;9.05;03/06/2026;05:00;14.9;94;14.0;15.9;20;0.0;0.0;0.0;0.0;0.0;3;P4;Nuageux;1012.0;939.1;90;63;79;0;45300.0;0.0;0.1;2.6;26.6;16;14.1;16.1;17.7;17.5;0.065;0.094;0.113;0.151;0.208
Zévaco;41.89;9.05;03/06/2026;06:00;15.6;92;14.3;16.6;20;0.0;0.0;0.0;0.0;0.0;3;P4;Nuageux;1012.0;939.3;88;60;74;0;44380.0;0.0;0.14;2.6;30.6;344;15.3;16.2;17.4;17.4;0.065;0.094;0.113;0.151;0.208
Zévaco;41.89;9.05;03/06/2026;07:00;16.5;90;14.9;17.6;21;0.0;0.0;0.0;0.0;0.0;3;P4;Nuageux;1012.1;939.6;87;56;68;0;43460.0;0.0;0.19;3.6;36.4;307;17.1;16.5;17.2;17.4;0.066;0.093;0.113;0.151;0.208
Zévaco;41.89;9.05;03/06/2026;08:00;17.4;86;15.1;18.3;21;0.0;0.0;0.0;0.0;0.0;3;P4;Nuageux;1012.2;939.9;85;53;63;0;42540.0;0.0;0.28;6.0;41.0;295;18.7;17.0;17.1;17.4;0.066;0.093;0.113;0.151;0.208
Zévaco;41.89;9.05;03/06/2026;09:00;18.1;80;14.6;18.3;21;0.0;0.0;0.0;0.0;0.0;2;P8;Éclaircies;1012.3;940.1;80;59;42;0;33580.0;0.0;0.42;9.2;43.9;291;19.6;17.6;17.2;17.4;0.066;0.093;0.113;0.151;0.208
Zévaco;41.89;9.05;03/06/2026;10:00;18.6;73;13.7;17.9;21;0.0;0.0;0.0;0.0;0.0;2;P8;Éclaircies;1012.4;940.4;75;64;21;0;24600.0;0.0;0.58;13.3;45.4;289;20.3;18.4;17.3;17.3;0.065;0.093;0.112;0.15;0.208
Zévaco;41.89;9.05;03/06/2026;11:00;19.1;67;12.8;18.1;21;0.0;0.0;0.0;0.0;0.0;2;P8;Éclaircies;1012.5;940.6;70;70;0;0;15640.0;0.0;0.73;15.9;47.2;288;20.9;19.1;17.5;17.3;0.065;0.093;0.112;0.15;0.208
Zévaco;41.89;9.05;03/06/2026;12:00;19.5;64;12.5;18.9;21;0.0;0.0;0.0;0.0;0.0;2;P8;Éclaircies;1012.6;940.7;67;67;0;0;24600.0;0.0;0.82;16.7;49.3;289;21.7;19.6;17.7;17.3;0.065;0.093;0.112;0.15;0.208
Zévaco;41.89;9.05;03/06/2026;13:00;19.8;62;12.3;19.5;20;0.0;0.0;0.0;0.0;0.0;2;P8;Éclaircies;1012.6;940.8;63;63;0;0;33580.0;0.0;0.88;16.6;51.1;288;22.5;20.0;18.0;17.3;0.064;0.092;0.111;0.149;0.207
Zévaco;41.89;9.05;03/06/2026;14:00;20.0;61;12.3;19.8;20;0.0;0.0;0.0;0.0;0.0;2;P8;Éclaircies;1012.7;941.0;60;60;0;0;42540.0;0.0;0.91;15.9;51.8;288;22.8;20.3;18.2;17.3;0.064;0.092;0.111;0.149;0.207
Zévaco;41.89;9.05;03/06/2026;15:00;20.0;61;12.3;19.8;19;0.0;0.0;0.0;0.0;0.0;2;P8;Éclaircies;1012.7;941.0;61;61;0;0;42540.0;0.0;0.91;15.3;51.1;289;22.7;20.5;18.5;17.3;0.063;0.092;0.111;0.148;0.207
Zévaco;41.89;9.05;03/06/2026;16:00;19.9;62;12.4;19.6;18;0.0;0.0;0.0;0.0;0.0;2;P8;Éclaircies;1012.7;940.9;62;62;0;0;42540.0;0.0;0.88;14.1;49.0;289;22.1;20.6;18.7;17.3;0.063;0.092;0.11;0.148;0.206
Zévaco;41.89;9.05;03/06/2026;17:00;19.6;63;12.4;19.0;17;0.0;0.0;0.0;0.0;0.0;2;P8;Éclaircies;1012.8;940.9;63;63;0;0;42560.0;0.0;0.84;12.6;46.4;290;21.3;20.5;18.8;17.3;0.062;0.092;0.11;0.147;0.206
Zévaco;41.89;9.05;03/06/2026;18:00;19.1;65;12.4;18.2;15;0.0;0.0;0.0;0.0;0.0;2;P8;Éclaircies;1012.9;940.9;59;53;0;8;42560.0;0.0;0.77;11.2;43.6;291;20.1;20.1;18.9;17.3;0.062;0.092;0.11;0.147;0.206
Zévaco;41.89;9.05;03/06/2026;19:00;18.4;67;12.2;17.7;14;0.0;0.0;0.0;0.0;0.0;2;P8;Éclaircies;1013.1;940.9;54;44;0;17;42560.0;0.0;0.7;9.6;40.3;290;18.7;19.6;19.0;17.3;0.061;0.092;0.11;0.147;0.206
Zévaco;41.89;9.05;03/06/2026;20:00;17.5;71;12.2;17.1;12;0.0;0.0;0.0;0.0;0.0;2;P8;Éclaircies;1013.4;941.0;50;34;0;25;42560.0;0.0;0.58;7.4;36.7;293;17.1;18.9;18.9;17.3;0.061;0.092;0.11;0.147;0.206
Zévaco;41.89;9.05;03/06/2026;21:00;16.3;77;12.2;16.3;10;0.0;0.0;0.0;0.0;0.0;2;P8;Éclaircies;1013.8;941.1;55;23;0;38;43560.0;0.0;0.43;4.9;32.4;306;15.2;17.8;18.7;17.3;0.061;0.092;0.11;0.147;0.206
Zévaco;41.89;9.05;03/06/2026;22:00;14.9;84;12.2;15.0;9;0.0;0.0;0.0;0.0;0.0;2;P8;Éclaircies;1014.4;941.3;60;11;0;52;44540.0;0.0;0.27;3.7;28.1;349;13.0;16.6;18.4;17.3;0.062;0.091;0.11;0.147;0.206
Zévaco;41.89;9.05;03/06/2026;23:00;13.7;89;12.0;13.8;8;0.0;0.0;0.0;0.0;0.0;2;P8;Éclaircies;1014.8;941.4;65;0;0;65;45540.0;0.0;0.17;4.0;25.2;27;11.5;15.6;18.1;17.3;0.062;0.091;0.11;0.147;0.206
Zévaco;41.89;9.05;04/06/2026;00:00;13.0;88;11.0;12.7;6;0.0;0.0;0.0;0.0;0.0;0;P1;Ensoleillé;1015.1;941.5;43;0;0;43;46540.0;0.0;0.18;4.3;25.6;48;11.1;15.0;17.7;17.3;0.062;0.091;0.11;0.147;0.206
Zévaco;41.89;9.05;04/06/2026;01:00;12.4;84;9.8;11.7;5;0.0;0.0;0.0;0.0;0.0;0;P1;Ensoleillé;1015.3;941.5;22;0;0;22;47520.0;0.0;0.23;4.8;27.7;63;11.4;14.7;17.3;17.2;0.063;0.091;0.11;0.147;0.206
Zévaco;41.89;9.05;04/06/2026;02:00;12.1;82;9.1;11.1;5;0.0;0.0;0.0;0.0;0.0;0;P1;Ensoleillé;1015.4;941.6;0;0;0;0;48520.0;0.0;0.25;5.0;29.9;69;11.6;14.5;16.9;17.2;0.063;0.091;0.11;0.147;0.206
Zévaco;41.89;9.05;04/06/2026;03:00;11.7;86;9.4;10.7;5;0.0;0.0;0.0;0.0;0.0;1;P2;Éclaircies;1015.4;941.5;9;9;0;0;48000.0;0.0;0.19;5.5;31.3;67;11.4;14.2;16.6;17.2;0.063;0.091;0.11;0.147;0.206
Zévaco;41.89;9.05;04/06/2026;04:00;11.4;91;10.0;10.7;5;0.0;0.0;0.0;0.0;0.0;1;P2;Éclaircies;1015.4;941.4;17;17;0;0;47480.0;0.0;0.12;5.5;32.8;58;11.2;13.9;16.3;17.2;0.064;0.09;0.11;0.147;0.206
Zévaco;41.89;9.05;04/06/2026;05:00;11.9;94;11.0;11.4;6;0.0;0.0;0.0;0.0;0.0;1;P2;Éclaircies;1015.3;941.4;26;26;0;0;46960.0;0.0;0.08;5.6;33.5;50;11.8;13.9;16.1;17.1;0.064;0.09;0.11;0.147;0.206
Zévaco;41.89;9.05;04/06/2026;06:00;13.5;90;11.9;13.4;6;0.0;0.0;0.0;0.0;0.0;3;P4;Nuageux;1015.2;941.7;49;17;0;32;46420.0;0.0;0.15;4.8;32.4;42;13.9;14.2;15.8;17.1;0.064;0.09;0.11;0.147;0.206
Zévaco;41.89;9.05;04/06/2026;07:00;15.8;83;12.9;16.1;7;0.0;0.0;0.0;0.0;0.0;3;P4;Nuageux;1015.1;942.2;73;9;0;64;45900.0;0.0;0.31;3.9;30.2;34;16.9;14.7;15.6;17.1;0.064;0.09;0.11;0.147;0.206
Zévaco;41.89;9.05;04/06/2026;08:00;17.7;77;13.7;18.5;8;0.0;0.0;0.0;0.0;0.0;3;P4;Nuageux;1015.0;942.6;96;0;0;96;45380.0;0.0;0.47;2.9;29.9;360;19.5;15.4;15.6;17.0;0.064;0.09;0.11;0.147;0.206
Zévaco;41.89;9.05;04/06/2026;09:00;19.0;72;13.8;19.6;9;0.0;0.0;0.0;0.0;0.0;3;P4;Nuageux;1015.1;942.9;97;15;0;97;44920.0;0.0;0.62;4.3;32.0;312;21.0;16.5;15.7;17.0;0.064;0.09;0.109;0.147;0.206
Zévaco;41.89;9.05;04/06/2026;10:00;19.9;68;13.8;20.0;10;0.0;0.0;0.0;0.0;0.0;3;P4;Nuageux;1015.3;943.3;99;29;0;99;44460.0;0.0;0.74;7.6;36.0;289;22.1;17.7;16.1;17.0;0.064;0.09;0.109;0.146;0.205
Zévaco;41.89;9.05;04/06/2026;11:00;20.7;64;13.7;20.9;11;0.0;0.0;0.0;0.0;0.0;3;P4;Nuageux;1015.3;943.5;100;44;0;100;44000.0;0.0;0.88;10.7;39.2;284;23.1;18.8;16.4;16.9;0.063;0.09;0.108;0.146;0.205
Zévaco;41.89;9.05;04/06/2026;12:00;21.7;61;13.8;22.3;12;0.0;0.0;0.0;0.0;0.0;1;P2;Éclaircies;1015.1;943.6;80;41;0;70;43540.0;0.0;1.01;12.1;41.8;282;24.3;19.8;16.8;16.9;0.062;0.09;0.108;0.145;0.205
Zévaco;41.89;9.05;04/06/2026;13:00;22.6;58;13.9;23.5;13;0.0;0.0;0.0;0.0;0.0;1;P2;Éclaircies;1014.8;943.5;59;37;0;40;43080.0;0.0;1.15;12.5;44.3;282;25.4;20.6;17.2;16.9;0.061;0.089;0.107;0.145;0.205
Zévaco;41.89;9.05;04/06/2026;14:00;23.2;56;13.9;24.2;13;0.0;0.0;0.0;0.0;0.0;1;P2;Éclaircies;1014.5;943.4;39;34;0;10;42620.0;0.0;1.25;12.5;45.7;282;26.0;21.2;17.7;16.9;0.06;0.089;0.107;0.144;0.205
Zévaco;41.89;9.05;04/06/2026;15:00;23.4;55;13.9;24.4;13;0.0;0.0;0.0;0.0;0.0;2;P8;Éclaircies;1014.1;943.0;51;28;13;22;42280.0;0.0;1.3;12.8;46.4;281;25.8;21.7;18.1;16.9;0.059;0.089;0.107;0.144;0.205
Zévaco;41.89;9.05;04/06/2026;16:00;23.4;54;13.6;24.0;13;0.0;0.0;0.0;0.0;0.0;2;P8;Éclaircies;1013.7;942.7;63;23;27;33;41960.0;0.0;1.33;12.8;46.4;281;25.0;21.9;18.5;16.9;0.059;0.089;0.106;0.143;0.204
Zévaco;41.89;9.05;04/06/2026;17:00;23.0;56;13.7;23.0;13;0.0;0.0;0.0;0.0;0.0;2;P8;Éclaircies;1013.3;942.2;75;17;40;45;41620.0;0.0;1.24;12.1;44.6;282;23.9;21.9;18.9;16.9;0.058;0.089;0.106;0.143;0.204
Zévaco;41.89;9.05;04/06/2026;18:00;21.9;61;14.0;21.7;13;0.0;0.0;0.0;0.0;0.0;3;P4;Nuageux;1013.1;941.8;83;13;59;63;41280.0;0.0;1.02;10.0;39.6;283;22.3;21.3;19.1;16.9;0.058;0.089;0.106;0.143;0.204
Zévaco;41.89;9.05;04/06/2026;19:00;20.3;69;14.5;20.8;12;0.0;0.0;0.0;0.0;0.0;3;P4;Nuageux;1012.9;941.2;92;10;79;82;40960.0;0.0;0.74;6.9;32.8;279;20.2;20.5;19.2;16.9;0.057;0.089;0.106;0.142;0.204
Zévaco;41.89;9.05;04/06/2026;20:00;19.0;77;14.9;20.0;12;0.0;0.0;0.0;0.0;0.0;3;P4;Nuageux;1012.9;940.9;100;6;98;100;40620.0;0.0;0.51;4.4;27.7;279;18.5;19.7;19.2;16.9;0.057;0.089;0.106;0.142;0.204
Zévaco;41.89;9.05;04/06/2026;21:00;17.9;85;15.4;19.4;12;0.0;0.0;0.0;0.0;0.0;45;brouillards;Brouillard;1013.1;940.8;100;27;87;100;40640.0;0.0;0.31;2.3;25.9;288;17.3;19.0;19.1;16.9;0.057;0.089;0.106;0.142;0.204
Zévaco;41.89;9.05;04/06/2026;22:00;17.0;94;16.1;19.0;11;0.0;0.0;0.0;0.0;0.0;45;brouillards;Brouillard;1013.4;940.9;100;48;77;100;40640.0;0.0;0.12;0.8;25.9;333;16.4;18.4;18.9;16.9;0.057;0.088;0.106;0.142;0.204
Zévaco;41.89;9.05;04/06/2026;23:00;16.4;100;16.4;18.5;11;0.0;0.0;0.0;0.0;0.0;45;brouillards;Brouillard;1013.5;940.8;100;69;66;100;40660.0;0.0;0.0;1.0;26.6;45;15.9;17.8;18.7;16.9;0.058;0.088;0.106;0.142;0.204
Zévaco;41.89;9.05;05/06/2026;00:00;16.5;92;15.0;17.9;11;0.23;0.23;0.0;0.0;0.0;61;P10;Pluie;1011.6;939.1;92;59;57;68;40680.0;0.0;0.16;1.6;22.9;245;15.5;17.4;18.5;16.9;0.061;0.088;0.106;0.142;0.204
Zévaco;41.89;9.05;05/06/2026;01:00;16.5;84;13.6;17.1;12;0.15;0.15;0.0;0.0;0.0;61;P10;Pluie;1009.7;937.3;86;45;44;54;40680.0;0.0;0.31;4.5;19.1;204;14.8;17.0;18.1;17.0;0.065;0.088;0.106;0.142;0.204
Zévaco;41.89;9.05;05/06/2026;02:00;16.6;77;12.4;16.4;13;0.08;0.08;0.0;0.0;0.0;61;P10;Pluie;1007.8;935.6;82;25;26;56;40700.0;0.0;0.44;6.4;13.8;183;13.8;16.8;17.9;17.0;0.068;0.088;0.106;0.142;0.204
Zévaco;41.89;9.05;05/06/2026;03:00;16.7;72;11.5;16.0;15;0.1;0.1;0.0;0.0;0.0;51;P10;Pluie faible;1006.0;933.9;76;8;4;68;35000.0;0.0;0.54;7.7;7.6;164;13.2;;;;;;;;
Zévaco;41.89;9.05;05/06/2026;04:00;16.6;74;11.9;16.1;15;0.1;0.1;0.0;0.0;0.0;51;P10;Pluie faible;1005.8;933.7;74;18;3;55;29300.0;0.0;0.5;7.7;7.6;162;14.0;;;;;;;;
Zévaco;41.89;9.05;05/06/2026;05:00;16.7;77;12.5;16.3;16;0.1;0.1;0.0;0.0;0.0;51;P10;Pluie faible;1005.6;933.6;71;31;2;40;23600.0;0.0;0.45;7.6;7.6;162;15.1;;;;;;;;
Zévaco;41.89;9.05;05/06/2026;06:00;16.8;79;13.2;16.8;17;0.1;0.1;0.0;0.0;0.0;51;P10;Pluie faible;1005.5;933.5;68;44;1;23;17900.0;0.0;0.4;7.2;7.2;162;16.3;;;;;;;;
Zévaco;41.89;9.05;05/06/2026;07:00;17.0;81;13.8;17.2;17;0.1;0.1;0.0;0.0;0.0;51;P10;Pluie faible;1005.5;933.5;66;56;0;9;12200.0;0.0;0.36;6.7;6.5;166;17.5;;;;;;;;
Zévaco;41.89;9.05;05/06/2026;08:00;17.1;83;14.3;17.6;18;0.1;0.1;0.0;0.0;0.0;51;P10;Pluie faible;1005.5;933.6;66;66;0;0;6500.0;0.0;0.33;6.2;5.8;173;18.4;;;;;;;;
Zévaco;41.89;9.05;05/06/2026;09:00;17.3;85;14.8;18.1;19;0.9;0.5;0.4;0.0;0.0;53;P10;Pluie faible;1005.7;933.8;70;74;0;0;6540.0;0.0;0.3;5.6;5.4;187;19.2;;;;;;;;
Zévaco;41.89;9.05;05/06/2026;10:00;17.6;87;15.4;18.5;20;0.9;0.5;0.4;0.0;0.0;53;P10;Pluie faible;1006.0;934.2;77;83;0;0;6600.0;0.0;0.26;5.7;5.4;212;20.0;;;;;;;;
Zévaco;41.89;9.05;05/06/2026;11:00;17.9;89;16.0;18.9;21;0.9;0.5;0.4;0.0;0.0;53;P10;Pluie faible;1006.3;934.5;86;91;1;0;6640.0;0.0;0.23;6.8;5.4;233;20.7;;;;;;;;
Zévaco;41.89;9.05;05/06/2026;12:00;18.2;90;16.4;19.5;22;0.9;0.5;0.4;0.0;0.0;53;P10;Pluie faible;1006.7;934.9;93;96;1;0;6680.0;0.0;0.22;8.5;6.1;246;21.2;;;;;;;;
Zévaco;41.89;9.05;05/06/2026;13:00;18.3;90;16.6;20.0;23;0.9;0.5;0.4;0.0;0.0;53;P10;Pluie faible;1007.1;935.3;97;98;2;0;6740.0;0.0;0.22;9.8;7.6;256;21.6;;;;;;;;
Zévaco;41.89;9.05;05/06/2026;14:00;18.3;88;16.3;20.0;24;0.9;0.5;0.4;0.0;0.0;53;P10;Pluie faible;1007.5;935.7;95;95;2;0;6780.0;0.0;0.25;10.5;8.3;262;21.5;;;;;;;;
Zévaco;41.89;9.05;05/06/2026;15:00;18.0;85;15.4;19.5;25;0.1;0.0;0.1;0.0;0.0;51;P10;Pluie faible;1007.8;935.9;85;85;2;0;12780.0;0.0;0.32;10.3;8.6;269;21.1;;;;;;;;
Zévaco;41.89;9.05;05/06/2026;16:00;17.7;79;14.0;18.6;26;0.1;0.0;0.1;0.0;0.0;51;P10;Pluie faible;1008.2;936.2;69;69;2;0;18780.0;0.0;0.43;9.1;8.3;277;20.3;;;;;;;;
Zévaco;41.89;9.05;05/06/2026;17:00;17.2;73;12.3;17.3;26;0.1;0.0;0.1;0.0;0.0;51;P10;Pluie faible;1008.5;936.4;49;49;1;0;24780.0;0.0;0.53;7.9;7.6;290;19.2;;;;;;;;
Zévaco;41.89;9.05;05/06/2026;18:00;16.6;67;10.6;15.8;26;0.1;0.0;0.1;0.0;0.0;51;P10;Pluie faible;1008.9;936.6;29;29;1;0;30760.0;0.0;0.62;6.8;5.4;305;18.0;;;;;;;;
Zévaco;41.89;9.05;05/06/2026;19:00;16.0;63;9.0;14.8;26;0.1;0.0;0.1;0.0;0.0;51;P10;Pluie faible;1009.3;936.8;12;12;0;0;36760.0;0.0;0.67;6.4;2.9;324;16.7;;;;;;;;
Zévaco;41.89;9.05;05/06/2026;20:00;15.4;61;7.9;13.9;25;0.1;0.0;0.1;0.0;0.0;51;P10;Pluie faible;1009.7;937.1;0;0;0;0;42760.0;0.0;0.69;6.5;1.8;337;15.5;;;;;;;;
Zévaco;41.89;9.05;05/06/2026;21:00;14.7;61;7.2;13.0;23;0.0;0.0;0.0;0.0;0.0;0;P1;Ensoleillé;1010.2;937.4;0;0;0;0;42400.0;0.0;0.66;6.3;4.3;345;14.1;;;;;;;;
Zévaco;41.89;9.05;05/06/2026;22:00;13.8;62;6.7;12.0;21;0.0;0.0;0.0;0.0;0.0;0;P1;Ensoleillé;1010.8;937.7;0;0;0;0;42020.0;0.0;0.59;6.0;9.0;353;12.4;;;;;;;;
Zévaco;41.89;9.05;05/06/2026;23:00;12.8;65;6.4;11.1;18;0.0;0.0;0.0;0.0;0.0;0;P1;Ensoleillé;1011.4;938.0;0;0;0;0;41660.0;0.0;0.52;5.6;12.2;358;10.6;;;;;;;;
Zévaco;41.89;9.05;06/06/2026;00:00;12.0;68;6.3;10.3;15;0.0;0.0;0.0;0.0;0.0;0;P1;Ensoleillé;1012.0;938.4;0;0;0;0;41300.0;0.0;0.45;5.1;13.3;6;9.0;;;;;;;;
Zévaco;41.89;9.05;06/06/2026;01:00;11.3;71;6.2;9.7;13;0.0;0.0;0.0;0.0;0.0;0;P1;Ensoleillé;1012.5;938.7;0;0;0;0;40920.0;0.0;0.39;4.6;13.7;11;7.9;;;;;;;;
Zévaco;41.89;9.05;06/06/2026;02:00;11.1;72;6.2;9.5;10;0.0;0.0;0.0;0.0;0.0;0;P1;Ensoleillé;1013.0;939.1;1;1;0;0;40560.0;0.0;0.37;4.5;13.7;14;7.5;;;;;;;;
Zévaco;41.89;9.05;06/06/2026;03:00;11.3;72;6.4;9.7;7;0.0;0.0;0.0;0.0;0.0;0;P1;Ensoleillé;1013.3;939.4;2;1;0;0;40920.0;0.0;0.38;4.5;14.0;14;8.0;;;;;;;;
Zévaco;41.89;9.05;06/06/2026;04:00;11.9;70;6.7;10.3;5;0.0;0.0;0.0;0.0;0.0;0;P1;Ensoleillé;1013.6;939.8;2;2;0;1;41260.0;0.0;0.41;4.6;14.4;13;9.2;;;;;;;;
Zévaco;41.89;9.05;06/06/2026;05:00;12.7;69;7.1;11.2;3;0.0;0.0;0.0;0.0;0.0;0;P1;Ensoleillé;1013.8;940.2;3;2;0;1;41620.0;0.0;0.46;4.8;14.4;11;10.8;;;;;;;;
Zévaco;41.89;9.05;06/06/2026;06:00;13.6;67;7.5;12.2;1;0.0;0.0;0.0;0.0;0.0;0;P1;Ensoleillé;1014.0;940.6;4;3;0;2;41980.0;0.0;0.52;4.9;14.4;4;12.7;;;;;;;;
Zévaco;41.89;9.05;06/06/2026;07:00;14.6;64;8.0;13.3;0;0.0;0.0;0.0;0.0;0.0;0;P1;Ensoleillé;1014.2;941.1;5;3;0;2;42320.0;0.0;0.59;5.0;13.7;358;14.7;;;;;;;;
Zévaco;41.89;9.05;06/06/2026;08:00;15.6;62;8.3;14.4;0;0.0;0.0;0.0;0.0;0.0;0;P1;Ensoleillé;1014.4;941.5;5;3;0;2;42680.0;0.0;0.68;4.9;12.6;350;16.5;;;;;;;;
Zévaco;41.89;9.05;06/06/2026;09:00;16.8;58;8.5;15.6;2;0.0;0.0;0.0;0.0;0.0;0;P1;Ensoleillé;1014.6;941.9;4;3;0;2;40220.0;0.0;0.8;5.0;9.7;334;18.4;;;;;;;;
Zévaco;41.89;9.05;06/06/2026;10:00;18.2;53;8.5;17.0;5;0.0;0.0;0.0;0.0;0.0;0;P1;Ensoleillé;1014.9;942.6;2;2;0;2;37760.0;0.0;0.98;5.3;6.1;315;20.6;;;;;;;;
Zévaco;41.89;9.05;06/06/2026;11:00;19.7;49;8.6;19.2;8;0.0;0.0;0.0;0.0;0.0;0;P1;Ensoleillé;1015.2;943.2;0;2;0;1;35320.0;0.0;1.18;6.4;4.0;299;22.9;;;;;;;;
Zévaco;41.89;9.05;06/06/2026;12:00;21.1;45;8.7;21.2;11;0.0;0.0;0.0;0.0;0.0;0;P1;Ensoleillé;1015.4;943.7;0;1;0;1;32860.0;0.0;1.38;7.7;4.0;288;25.0;;;;;;;;
Zévaco;41.89;9.05;06/06/2026;13:00;22.2;42;8.8;22.8;15;0.0;0.0;0.0;0.0;0.0;0;P1;Ensoleillé;1015.6;944.2;0;0;0;0;30400.0;0.0;1.54;8.8;5.0;281;26.5;;;;;;;;
Zévaco;41.89;9.05;06/06/2026;14:00;22.9;42;9.1;23.7;18;0.0;0.0;0.0;0.0;0.0;0;P1;Ensoleillé;1015.7;944.4;0;0;0;0;27940.0;0.0;1.63;9.4;6.1;275;27.3;;;;;;;;
Zévaco;41.89;9.05;06/06/2026;15:00;23.0;43;9.7;23.9;20;0.0;0.0;0.0;0.0;0.0;0;P1;Ensoleillé;1015.7;944.4;5;0;6;0;30040.0;0.0;1.6;9.2;6.8;271;27.1;;;;;;;;
Zévaco;41.89;9.05;06/06/2026;16:00;22.6;46;10.6;23.5;21;0.0;0.0;0.0;0.0;0.0;0;P1;Ensoleillé;1015.7;944.3;14;0;14;0;32120.0;0.0;1.47;8.5;7.2;268;26.2;;;;;;;;
Zévaco;41.89;9.05;06/06/2026;17:00;22.0;51;11.5;22.7;21;0.0;0.0;0.0;0.0;0.0;1;P2;Éclaircies;1015.6;944.1;24;0;24;0;34220.0;0.0;1.29;7.5;7.2;262;24.7;;;;;;;;
Zévaco;41.89;9.05;06/06/2026;18:00;21.3;57;12.3;21.4;21;0.0;0.0;0.0;0.0;0.0;1;P2;Éclaircies;1015.4;943.8;33;0;33;0;36320.0;0.0;1.09;6.2;6.1;255;23.0;;;;;;;;
Zévaco;41.89;9.05;06/06/2026;19:00;20.5;62;12.9;20.6;21;0.0;0.0;0.0;0.0;0.0;1;P2;Éclaircies;1015.3;943.5;40;0;40;0;38400.0;0.0;0.93;5.2;4.3;245;21.3;;;;;;;;
Zévaco;41.89;9.05;06/06/2026;20:00;20.0;64;13.0;20.2;20;0.0;0.0;0.0;0.0;0.0;1;P2;Éclaircies;1015.2;943.3;43;0;43;0;40500.0;0.0;0.84;4.5;3.6;233;19.8;;;;;;;;
Zévaco;41.89;9.05;06/06/2026;21:00;19.5;63;12.4;19.7;18;0.0;0.0;0.0;0.0;0.0;1;P2;Éclaircies;1015.1;943.1;40;0;40;0;41880.0;0.0;0.83;4.0;4.3;219;18.2;;;;;;;;
Zévaco;41.89;9.05;06/06/2026;22:00;19.0;61;11.2;18.8;16;0.0;0.0;0.0;0.0;0.0;1;P2;Éclaircies;1015.0;942.9;33;0;32;0;43260.0;0.0;0.87;3.9;5.8;202;16.4;;;;;;;;
Zévaco;41.89;9.05;06/06/2026;23:00;18.6;56;9.7;17.9;13;0.0;0.0;0.0;0.0;0.0;1;P2;Éclaircies;1014.9;942.7;23;0;21;0;44640.0;0.0;0.93;4.0;6.8;188;14.6;;;;;;;;
Zévaco;41.89;9.05;07/06/2026;00:00;18.2;52;8.3;17.1;10;0.0;0.0;0.0;0.0;0.0;0;P1;Ensoleillé;1014.8;942.5;13;0;11;0;46020.0;0.0;0.99;4.2;6.8;173;13.0;;;;;;;;
Zévaco;41.89;9.05;07/06/2026;01:00;18.0;49;7.1;16.5;8;0.0;0.0;0.0;0.0;0.0;0;P1;Ensoleillé;1014.7;942.3;7;0;3;2;47400.0;0.0;1.05;4.5;6.5;164;11.9;;;;;;;;
Zévaco;41.89;9.05;07/06/2026;02:00;18.0;47;6.5;16.4;6;0.0;0.0;0.0;0.0;0.0;0;P1;Ensoleillé;1014.6;942.2;6;0;0;6;48780.0;0.0;1.09;4.8;6.1;160;11.6;;;;;;;;
Zévaco;41.89;9.05;07/06/2026;03:00;18.3;46;6.5;16.7;5;0.0;0.0;0.0;0.0;0.0;0;P1;Ensoleillé;1014.4;942.1;13;0;3;13;48260.0;0.0;1.13;4.8;5.8;160;12.2;;;;;;;;
Zévaco;41.89;9.05;07/06/2026;04:00;18.8;46;7.0;17.3;6;0.0;0.0;0.0;0.0;0.0;1;P2;Éclaircies;1014.3;942.1;27;0;12;24;47720.0;0.0;1.16;4.4;5.8;161;13.7;;;;;;;;
Zévaco;41.89;9.05;07/06/2026;05:00;19.4;47;7.8;18.2;6;0.0;0.0;0.0;0.0;0.0;1;P2;Éclaircies;1014.1;942.1;44;0;23;36;47200.0;0.0;1.19;4.1;5.8;165;15.7;;;;;;;;
Zévaco;41.89;9.05;07/06/2026;06:00;20.2;48;8.7;19.3;6;0.0;0.0;0.0;0.0;0.0;2;P8;Éclaircies;1013.9;942.1;60;0;33;47;46660.0;0.0;1.24;3.6;6.1;174;17.9;;;;;;;;
Zévaco;41.89;9.05;07/06/2026;07:00;21.0;48;9.5;20.3;7;0.0;0.0;0.0;0.0;0.0;2;P8;Éclaircies;1013.7;942.1;72;0;42;55;46140.0;0.0;1.3;3.4;6.1;186;20.1;;;;;;;;
Zévaco;41.89;9.05;07/06/2026;08:00;21.7;47;10.0;21.1;8;0.0;0.0;0.0;0.0;0.0;2;P8;Éclaircies;1013.5;942.1;77;0;45;58;45600.0;0.0;1.36;3.6;6.8;200;21.9;;;;;;;;
Zévaco;41.89;9.05;07/06/2026;09:00;22.5;46;10.2;21.9;9;0.0;0.0;0.0;0.0;0.0;2;P8;Éclaircies;1013.3;942.1;72;0;42;54;46140.0;0.0;1.49;4.4;7.6;215;23.7;;;;;;;;
Zévaco;41.89;9.05;07/06/2026;10:00;23.6;43;10.2;22.8;11;0.0;0.0;0.0;0.0;0.0;2;P8;Éclaircies;1013.0;942.1;60;0;35;45;46680.0;0.0;1.66;5.9;8.3;225;25.6;;;;;;;;
Zévaco;41.89;9.05;07/06/2026;11:00;24.6;40;10.1;23.9;13;0.0;0.0;0.0;0.0;0.0;1;P2;Éclaircies;1012.8;942.1;43;0;25;33;47220.0;0.0;1.86;7.5;9.7;230;27.6;;;;;;;;
Zévaco;41.89;9.05;07/06/2026;12:00;25.5;38;10.0;25.2;15;0.0;0.0;0.0;0.0;0.0;1;P2;Éclaircies;1012.5;942.0;26;0;15;21;47740.0;0.0;2.04;9.3;12.2;234;29.2;;;;;;;;
Zévaco;41.89;9.05;07/06/2026;13:00;26.0;37;10.0;26.0;16;0.0;0.0;0.0;0.0;0.0;0;P1;Ensoleillé;1012.4;942.1;11;0;6;9;48280.0;0.0;2.13;10.5;15.5;237;30.2;;;;;;;;
Zévaco;41.89;9.05;07/06/2026;14:00;26.0;37;10.3;26.1;18;0.0;0.0;0.0;0.0;0.0;0;P1;Ensoleillé;1012.3;942.0;2;0;0;2;48820.0;0.0;2.11;11.3;17.3;239;30.4;;;;;;;;
Zévaco;41.89;9.05;07/06/2026;15:00;25.3;40;10.9;25.6;20;0.0;0.0;0.0;0.0;0.0;0;P1;Ensoleillé;1012.3;941.8;0;2;0;0;44480.0;0.0;1.93;11.4;16.6;241;29.5;;;;;;;;
Zévaco;41.89;9.05;07/06/2026;16:00;24.0;46;11.8;24.3;21;0.0;0.0;0.0;0.0;0.0;0;P1;Ensoleillé;1012.4;941.6;0;4;0;0;40120.0;0.0;1.6;10.9;14.0;243;27.7;;;;;;;;
Zévaco;41.89;9.05;07/06/2026;17:00;22.4;55;12.8;22.6;22;0.0;0.0;0.0;0.0;0.0;0;P1;Ensoleillé;1012.5;941.3;3;7;0;0;35780.0;0.0;1.23;10.2;11.5;244;25.3;;;;;;;;
Zévaco;41.89;9.05;07/06/2026;18:00;20.6;65;13.7;20.6;23;0.0;0.0;0.0;0.0;0.0;0;P1;Ensoleillé;1012.7;941.1;7;9;0;0;31440.0;0.0;0.86;9.4;9.0;246;22.7;;;;;;;;
Zévaco;41.89;9.05;07/06/2026;19:00;18.9;76;14.5;19.1;23;0.0;0.0;0.0;0.0;0.0;0;P1;Ensoleillé;1013.0;941.0;11;12;0;0;27080.0;0.0;0.53;8.4;6.5;250;20.2;;;;;;;;
Zévaco;41.89;9.05;07/06/2026;20:00;17.5;84;14.8;17.9;22;0.0;0.0;0.0;0.0;0.0;0;P1;Ensoleillé;1013.3;940.9;14;14;0;0;22740.0;0.0;0.32;7.8;4.7;257;18.3;;;;;;;;
Zévaco;41.89;9.05;07/06/2026;21:00;16.3;90;14.6;16.7;19;0.2;0.1;0.1;0.0;0.0;51;P10;Pluie faible;1013.7;941.0;15;15;0;0;23520.0;0.0;0.19;7.2;3.6;267;16.7;;;;;;;;
Zévaco;41.89;9.05;07/06/2026;22:00;15.1;93;14.0;15.4;16;0.2;0.1;0.1;0.0;0.0;51;P10;Pluie faible;1014.3;941.3;16;16;0;0;24320.0;0.0;0.11;6.8;2.9;282;15.2;;;;;;;;
Zévaco;41.89;9.05;07/06/2026;23:00;14.0;95;13.2;13.9;12;0.2;0.1;0.1;0.0;0.0;51;P10;Pluie faible;1014.9;941.5;16;16;0;0;25100.0;0.0;0.08;7.0;2.9;299;13.9;;;;;;;;
Zévaco;41.89;9.05;08/06/2026;00:00;13.0;96;12.4;12.6;8;0.2;0.1;0.1;0.0;0.0;51;P10;Pluie faible;1015.5;941.9;17;17;0;0;25880.0;0.0;0.06;7.9;3.2;313;12.7;;;;;;;;
Zévaco;41.89;9.05;08/06/2026;01:00;12.2;95;11.5;11.3;5;0.2;0.1;0.1;0.0;0.0;51;P10;Pluie faible;1016.1;942.2;18;18;0;0;26680.0;0.0;0.06;9.1;3.6;321;11.8;;;;;;;;
Zévaco;41.89;9.05;08/06/2026;02:00;11.6;95;10.9;10.4;2;0.2;0.1;0.1;0.0;0.0;51;P10;Pluie faible;1016.6;942.5;21;21;0;0;27460.0;0.0;0.06;10.2;4.3;323;11.2;;;;;;;;
Zévaco;41.89;9.05;08/06/2026;03:00;11.3;95;10.5;9.8;1;0.0;0.0;0.0;0.0;0.0;1;P2;Éclaircies;1017.0;942.8;26;26;0;0;24560.0;0.0;0.07;11.1;5.0;321;10.9;;;;;;;;
Zévaco;41.89;9.05;08/06/2026;04:00;11.2;93;10.1;9.4;0;0.0;0.0;0.0;0.0;0.0;1;P2;Éclaircies;1017.4;943.2;32;32;0;0;21680.0;0.0;0.09;12.2;5.4;316;10.9;;;;;;;;
Zévaco;41.89;9.05;08/06/2026;05:00;11.2;91;9.8;9.2;0;0.0;0.0;0.0;0.0;0.0;1;P2;Éclaircies;1017.7;943.5;39;39;0;0;18800.0;0.0;0.12;13.4;5.8;311;11.1;;;;;;;;
Zévaco;41.89;9.05;08/06/2026;06:00;11.4;89;9.6;9.1;0;0.0;0.0;0.0;0.0;0.0;1;P2;Éclaircies;1018.0;943.8;46;46;0;0;15900.0;0.0;0.15;14.7;5.4;306;11.6;;;;;;;;
Zévaco;41.89;9.05;08/06/2026;07:00;11.7;86;9.4;9.2;1;0.0;0.0;0.0;0.0;0.0;2;P8;Éclaircies;1018.2;944.0;51;51;0;0;13020.0;0.0;0.2;15.8;4.3;302;12.1;;;;;;;;
Zévaco;41.89;9.05;08/06/2026;08:00;12.0;83;9.1;9.2;2;0.0;0.0;0.0;0.0;0.0;2;P8;Éclaircies;1018.5;944.4;54;54;0;0;10120.0;0.0;0.24;17.0;5.0;298;12.8;;;;;;;;
Zévaco;41.89;9.05;08/06/2026;09:00;12.4;79;8.9;9.4;4;0.1;0.0;0.1;0.0;0.0;51;P10;Pluie faible;1018.8;944.8;54;54;0;0;11180.0;0.0;0.3;18.2;8.3;296;13.7;;;;;;;;
Zévaco;41.89;9.05;08/06/2026;10:00;13.1;74;8.7;9.9;6;0.1;0.0;0.1;0.0;0.0;51;P10;Pluie faible;1019.1;945.2;51;51;0;0;12220.0;0.0;0.39;19.5;12.6;293;15.0;;;;;;;;
Zévaco;41.89;9.05;08/06/2026;11:00;13.9;70;8.4;10.4;9;0.1;0.0;0.1;0.0;0.0;51;P10;Pluie faible;1019.3;945.6;47;47;0;0;13280.0;0.0;0.48;20.9;16.2;290;16.4;;;;;;;;
Zévaco;41.89;9.05;08/06/2026;12:00;14.6;66;8.3;11.5;12;0.1;0.0;0.1;0.0;0.0;51;P10;Pluie faible;1019.5;946.0;43;43;0;0;14320.0;0.0;0.57;22.0;18.4;289;17.7;;;;;;;;
Zévaco;41.89;9.05;08/06/2026;13:00;15.2;63;8.2;12.3;14;0.1;0.0;0.1;0.0;0.0;51;P10;Pluie faible;1019.7;946.3;40;40;0;0;15380.0;0.0;0.64;22.6;20.2;287;18.7;;;;;;;;
Zévaco;41.89;9.05;08/06/2026;14:00;15.4;62;8.2;12.8;16;0.1;0.0;0.1;0.0;0.0;51;P10;Pluie faible;1019.9;946.5;38;38;0;0;16420.0;0.0;0.67;22.4;20.2;287;19.1;;;;;;;;
Zévaco;41.89;9.05;08/06/2026;15:00;15.4;63;8.3;12.8;17;0.1;0.0;0.1;0.0;0.0;51;P10;Pluie faible;1020.0;946.6;39;39;0;0;16040.0;0.0;0.65;21.3;18.0;289;18.9;;;;;;;;
Zévaco;41.89;9.05;08/06/2026;16:00;15.1;65;8.6;12.6;17;0.1;0.0;0.1;0.0;0.0;51;P10;Pluie faible;1020.0;946.5;42;42;0;0;15640.0;0.0;0.6;19.4;14.8;292;18.1;;;;;;;;
Zévaco;41.89;9.05;08/06/2026;17:00;14.6;69;8.9;12.0;17;0.1;0.0;0.1;0.0;0.0;51;P10;Pluie faible;1020.0;946.4;46;46;0;0;15260.0;0.0;0.52;17.1;11.5;297;17.0;;;;;;;;
Zévaco;41.89;9.05;08/06/2026;18:00;14.1;73;9.3;11.7;16;0.1;0.0;0.1;0.0;0.0;51;P10;Pluie faible;1020.0;946.3;49;49;0;0;14860.0;0.0;0.44;14.8;9.4;304;15.8;;;;;;;;
Zévaco;41.89;9.05;08/06/2026;19:00;13.5;77;9.5;11.5;15;0.1;0.0;0.1;0.0;0.0;51;P10;Pluie faible;1020.0;946.2;51;51;0;0;14480.0;0.0;0.36;12.8;7.2;312;14.5;;;;;;;;
Zévaco;41.89;9.05;08/06/2026;20:00;13.0;80;9.6;11.2;14;0.1;0.0;0.1;0.0;0.0;51;P10;Pluie faible;1020.0;946.0;50;50;0;0;14080.0;0.0;0.3;11.1;5.8;320;13.4;;;;;;;;
Zévaco;41.89;9.05;08/06/2026;21:00;12.4;83;9.6;10.9;12;0.0;0.0;0.0;0.0;0.0;1;P2;Éclaircies;1020.1;946.0;45;45;0;0;15640.0;0.0;0.25;9.7;5.0;326;12.2;;;;;;;;
Zévaco;41.89;9.05;08/06/2026;22:00;11.7;86;9.4;10.3;10;0.0;0.0;0.0;0.0;0.0;1;P2;Éclaircies;1020.2;945.9;37;37;0;0;17180.0;0.0;0.19;8.2;5.0;334;10.8;;;;;;;;
Zévaco;41.89;9.05;08/06/2026;23:00;11.0;89;9.2;9.7;8;0.0;0.0;0.0;0.0;0.0;1;P2;Éclaircies;1020.4;945.9;27;27;0;0;18740.0;0.0;0.15;6.9;5.0;343;9.4;;;;;;;;
Zévaco;41.89;9.05;09/06/2026;00:00;10.3;91;8.9;9.2;6;0.0;0.0;0.0;0.0;0.0;0;P1;Ensoleillé;1020.5;945.8;17;17;0;0;20280.0;0.0;0.11;5.8;4.7;353;8.2;;;;;;;;
Zévaco;41.89;9.05;09/06/2026;01:00;9.9;92;8.6;8.8;4;0.0;0.0;0.0;0.0;0.0;0;P1;Ensoleillé;1020.6;945.8;8;8;0;0;21840.0;0.0;0.1;4.9;4.3;4;7.4;;;;;;;;
Zévaco;41.89;9.05;09/06/2026;02:00;9.9;90;8.3;8.8;2;0.0;0.0;0.0;0.0;0.0;0;P1;Ensoleillé;1020.6;945.8;2;2;0;0;23380.0;0.0;0.12;4.3;4.0;15;7.3;;;;;;;;
Zévaco;41.89;9.05;09/06/2026;03:00;10.3;86;8.0;9.2;1;0.0;0.0;0.0;0.0;0.0;0;P1;Ensoleillé;1020.5;945.8;0;0;0;0;26620.0;0.0;0.18;3.9;3.6;22;7.9;;;;;;;;
Zévaco;41.89;9.05;09/06/2026;04:00;11.0;80;7.6;9.8;0;0.0;0.0;0.0;0.0;0.0;0;P1;Ensoleillé;1020.4;945.9;0;0;0;0;29840.0;0.0;0.27;3.4;3.6;25;9.0;;;;;;;;
Zévaco;41.89;9.05;09/06/2026;05:00;11.9;73;7.2;10.7;0;0.0;0.0;0.0;0.0;0.0;0;P1;Ensoleillé;1020.2;946.0;0;0;0;0;33080.0;0.0;0.38;3.0;3.6;25;10.6;;;;;;;;
Zévaco;41.89;9.05;09/06/2026;06:00;13.0;66;6.8;11.8;0;0.0;0.0;0.0;0.0;0.0;0;P1;Ensoleillé;1020.0;946.0;0;0;0;0;36300.0;0.0;0.51;2.3;4.0;18;12.4;;;;;;;;
Zévaco;41.89;9.05;09/06/2026;07:00;14.1;60;6.5;12.9;0;0.0;0.0;0.0;0.0;0.0;0;P1;Ensoleillé;1019.8;946.1;0;0;0;0;39540.0;0.0;0.64;1.8;4.7;360;14.3;;;;;;;;
Zévaco;41.89;9.05;09/06/2026;08:00;15.0;56;6.3;13.8;0;0.0;0.0;0.0;0.0;0.0;0;P1;Ensoleillé;1019.7;946.3;0;0;0;0;42760.0;0.0;0.75;1.5;5.8;324;15.9;;;;;;;;
Zévaco;41.89;9.05;09/06/2026;09:00;16.0;52;6.3;14.7;1;0.0;0.0;0.0;0.0;0.0;0;P1;Ensoleillé;1019.7;946.5;0;0;0;0;38480.0;0.0;0.87;2.4;6.8;283;17.7;;;;;;;;
Zévaco;41.89;9.05;09/06/2026;10:00;17.1;49;6.3;15.6;3;0.0;0.0;0.0;0.0;0.0;0;P1;Ensoleillé;1019.8;946.9;0;0;0;0;34220.0;0.0;1.0;4.1;8.3;268;19.7;;;;;;;;
Zévaco;41.89;9.05;09/06/2026;11:00;18.3;46;6.5;17.3;4;0.0;0.0;0.0;0.0;0.0;0;P1;Ensoleillé;1019.9;947.2;0;0;0;0;29940.0;0.0;1.13;6.4;9.7;262;21.7;;;;;;;;
Zévaco;41.89;9.05;09/06/2026;12:00;19.3;44;6.7;18.8;5;0.0;0.0;0.0;0.0;0.0;0;P1;Ensoleillé;1020.0;947.6;0;0;0;0;25660.0;0.0;1.25;8.6;11.2;259;23.5;;;;;;;;
Zévaco;41.89;9.05;09/06/2026;13:00;20.0;43;7.0;19.9;7;0.0;0.0;0.0;0.0;0.0;0;P1;Ensoleillé;1020.1;947.8;0;0;0;0;21400.0;0.0;1.34;10.3;12.2;259;24.8;;;;;;;;
Zévaco;41.89;9.05;09/06/2026;14:00;20.4;43;7.4;20.5;8;0.0;0.0;0.0;0.0;0.0;0;P1;Ensoleillé;1020.1;947.9;0;0;0;0;17120.0;0.0;1.36;11.0;12.6;259;25.3;;;;;;;;
Zévaco;41.89;9.05;09/06/2026;15:00;20.2;46;8.1;20.5;8;0.0;0.0;0.0;0.0;0.0;0;P1;Ensoleillé;1020.0;947.8;0;0;0;0;20600.0;0.0;1.29;10.8;11.9;260;24.9;;;;;;;;
Zévaco;41.89;9.05;09/06/2026;16:00;19.7;51;9.1;20.0;8;0.0;0.0;0.0;0.0;0.0;0;P1;Ensoleillé;1019.9;947.6;0;0;0;0;24080.0;0.0;1.13;10.0;10.4;264;23.8;;;;;;;;
Zévaco;41.89;9.05;09/06/2026;17:00;18.9;57;10.2;19.0;8;0.0;0.0;0.0;0.0;0.0;0;P1;Ensoleillé;1019.8;947.3;0;0;0;0;27580.0;0.0;0.93;8.6;9.0;270;22.2;;;;;;;;
Zévaco;41.89;9.05;09/06/2026;18:00;17.9;65;11.2;17.6;8;0.0;0.0;0.0;0.0;0.0;0;P1;Ensoleillé;1019.6;946.9;0;0;0;0;31060.0;0.0;0.73;7.3;7.6;279;20.2;;;;;;;;
Zévaco;41.89;9.05;09/06/2026;19:00;17.0;71;11.8;16.6;7;0.0;0.0;0.0;0.0;0.0;0;P1;Ensoleillé;1019.5;946.5;0;0;0;0;34540.0;0.0;0.55;6.1;6.1;289;18.3;;;;;;;;
Zévaco;41.89;9.05;09/06/2026;20:00;16.2;75;11.7;15.9;6;0.0;0.0;0.0;0.0;0.0;0;P1;Ensoleillé;1019.4;946.3;0;0;0;0;38020.0;0.0;0.46;5.2;5.0;299;16.6;;;;;;;;
Zévaco;41.89;9.05;09/06/2026;21:00;15.4;74;10.8;15.0;5;0.0;0.0;0.0;0.0;0.0;0;P1;Ensoleillé;1019.4;946.1;0;0;0;0;39300.0;0.0;0.45;4.2;4.7;310;14.7;;;;;;;;
Zévaco;41.89;9.05;09/06/2026;22:00;14.5;71;9.2;13.8;4;0.0;0.0;0.0;0.0;0.0;0;P1;Ensoleillé;1019.3;945.8;0;0;0;0;40600.0;0.0;0.48;3.3;4.7;324;12.6;;;;;;;;
Zévaco;41.89;9.05;09/06/2026;23:00;13.5;66;7.3;12.4;3;0.0;0.0;0.0;0.0;0.0;0;P1;Ensoleillé;1019.3;945.5;0;0;0;0;41880.0;0.0;0.53;2.6;5.0;348;10.4;;;;;;;;
Zévaco;41.89;9.05;10/06/2026;00:00;12.8;60;5.2;11.2;2;0.0;0.0;0.0;0.0;0.0;0;P1;Ensoleillé;1019.4;945.4;0;0;0;0;43160.0;0.0;0.59;2.4;5.4;17;8.5;;;;;;;;
Zévaco;41.89;9.05;10/06/2026;01:00;12.2;55;3.5;10.3;1;0.0;0.0;0.0;0.0;0.0;0;P1;Ensoleillé;1019.4;945.3;0;0;0;0;44460.0;0.0;0.64;2.7;6.1;37;7.1;;;;;;;;
Zévaco;41.89;9.05;10/06/2026;02:00;12.1;51;2.4;9.9;0;0.0;0.0;0.0;0.0;0.0;0;P1;Ensoleillé;1019.4;945.3;0;0;0;0;45740.0;0.0;0.68;3.1;6.5;45;6.7;;;;;;;;
Zévaco;41.89;9.05;10/06/2026;03:00;12.4;49;1.9;10.1;0;0.0;0.0;0.0;0.0;0.0;0;P1;Ensoleillé;1019.4;945.3;0;0;0;0;46300.0;0.0;0.74;3.2;6.8;43;7.3;;;;;;;;
Zévaco;41.89;9.05;10/06/2026;04:00;13.1;46;1.8;10.8;0;0.0;0.0;0.0;0.0;0.0;0;P1;Ensoleillé;1019.4;945.5;0;0;0;0;46840.0;0.0;0.81;3.2;7.2;38;8.8;;;;;;;;
Zévaco;41.89;9.05;10/06/2026;05:00;14.1;44;2.0;11.8;0;0.0;0.0;0.0;0.0;0.0;0;P1;Ensoleillé;1019.5;945.8;0;0;0;0;47400.0;0.0;0.9;3.2;6.8;27;11.0;;;;;;;;
Zévaco;41.89;9.05;10/06/2026;06:00;15.2;42;2.3;13.0;0;0.0;0.0;0.0;0.0;0.0;0;P1;Ensoleillé;1019.5;946.1;0;0;0;0;47960.0;0.0;1.0;3.1;5.4;10;13.3;;;;;;;;
Zévaco;41.89;9.05;10/06/2026;07:00;16.3;40;2.7;14.1;1;0.0;0.0;0.0;0.0;0.0;0;P1;Ensoleillé;1019.5;946.4;0;0;0;0;48500.0;0.0;1.11;3.5;3.6;351;15.7;;;;;;;;
Zévaco;41.89;9.05;10/06/2026;08:00;17.2;39;3.1;15.1;2;0.0;0.0;0.0;0.0;0.0;0;P1;Ensoleillé;1019.6;946.7;2;0;0;2;49060.0;0.0;1.2;3.8;2.9;335;17.7;;;;;;;;
Zévaco;41.89;9.05;10/06/2026;09:00;18.2;38;3.6;16.0;3;0.0;0.0;0.0;0.0;0.0;0;P1;Ensoleillé;1019.7;947.0;9;0;0;9;49060.0;0.0;1.3;4.6;3.6;315;19.6;;;;;;;;
Zévaco;41.89;9.05;10/06/2026;10:00;19.3;37;4.1;17.0;5;0.0;0.0;0.0;0.0;0.0;1;P2;Éclaircies;1019.8;947.4;20;0;0;20;49060.0;0.0;1.42;6.2;5.4;300;21.6;;;;;;;;
Zévaco;41.89;9.05;10/06/2026;11:00;20.4;36;4.7;18.7;7;0.0;0.0;0.0;0.0;0.0;1;P2;Éclaircies;1019.9;947.7;33;0;0;33;49080.0;0.0;1.54;8.2;6.8;289;23.7;;;;;;;;
Zévaco;41.89;9.05;10/06/2026;12:00;21.4;35;5.4;20.3;9;0.0;0.0;0.0;0.0;0.0;1;P2;Éclaircies;1020.0;948.1;45;0;0;45;49080.0;0.0;1.66;10.2;8.3;283;25.4;;;;;;;;
Zévaco;41.89;9.05;10/06/2026;13:00;22.2;35;6.0;21.5;11;0.0;0.0;0.0;0.0;0.0;2;P8;Éclaircies;1020.0;948.2;54;0;0;54;49080.0;0.0;1.74;11.7;9.4;281;26.7;;;;;;;;
Zévaco;41.89;9.05;10/06/2026;14:00;22.5;36;6.5;22.0;12;0.0;0.0;0.0;0.0;0.0;2;P8;Éclaircies;1020.1;948.4;58;0;0;58;49080.0;0.0;1.75;12.4;9.7;279;27.2;;;;;;;;
Zévaco;41.89;9.05;10/06/2026;15:00;22.3;37;7.0;21.9;13;0.0;0.0;0.0;0.0;0.0;2;P8;Éclaircies;1020.1;948.4;56;0;0;56;48040.0;0.0;1.69;12.0;8.6;279;26.8;;;;;;;;
Zévaco;41.89;9.05;10/06/2026;16:00;21.7;40;7.6;21.3;13;0.0;0.0;0.0;0.0;0.0;2;P8;Éclaircies;1020.2;948.3;50;0;0;50;47000.0;0.0;1.55;10.8;6.5;281;25.6;;;;;;;;
Zévaco;41.89;9.05;10/06/2026;17:00;20.8;44;8.1;20.1;13;0.0;0.0;0.0;0.0;0.0;1;P2;Éclaircies;1020.2;948.1;40;0;0;40;45960.0;0.0;1.38;9.3;4.7;285;23.9;;;;;;;;
Zévaco;41.89;9.05;10/06/2026;18:00;19.8;48;8.4;18.5;13;0.0;0.0;0.0;0.0;0.0;1;P2;Éclaircies;1020.2;947.9;30;0;0;30;44920.0;0.0;1.21;7.5;4.0;290;21.9;;;;;;;;
Zévaco;41.89;9.05;10/06/2026;19:00;18.9;51;8.5;17.6;13;0.0;0.0;0.0;0.0;0.0;1;P2;Éclaircies;1020.2;947.6;21;0;0;21;43880.0;0.0;1.07;5.9;3.2;297;19.9;;;;;;;;
Zévaco;41.89;9.05;10/06/2026;20:00;18.1;52;8.1;16.9;12;0.0;0.0;0.0;0.0;0.0;0;P1;Ensoleillé;1020.2;947.5;14;0;0;14;42840.0;0.0;0.99;4.6;3.6;306;18.1;;;;;;;;
Zévaco;41.89;9.05;10/06/2026;21:00;17.3;51;7.0;16.0;10;0.0;0.0;0.0;0.0;0.0;0;P1;Ensoleillé;1020.3;947.4;10;0;0;10;43900.0;0.0;0.97;3.8;5.0;315;16.3;;;;;;;;
Zévaco;41.89;9.05;10/06/2026;22:00;16.5;47;5.3;14.9;8;0.0;0.0;0.0;0.0;0.0;0;P1;Ensoleillé;1020.3;947.2;7;0;0;7;44960.0;0.0;0.99;3.0;7.2;322;14.1;;;;;;;;
Zévaco;41.89;9.05;10/06/2026;23:00;15.8;43;3.3;13.8;6;0.0;0.0;0.0;0.0;0.0;0;P1;Ensoleillé;1020.4;947.1;4;0;0;4;46020.0;0.0;1.02;2.3;8.6;337;11.8;;;;;;;;
Zévaco;41.89;9.05;11/06/2026;00:00;15.1;39;1.3;12.9;4;0.0;0.0;0.0;0.0;0.0;0;P1;Ensoleillé;1020.5;947.0;3;0;0;3;47060.0;0.0;1.05;2.0;9.0;360;9.9;;;;;;;;
Zévaco;41.89;9.05;11/06/2026;01:00;14.6;36;-0.3;12.1;2;0.0;0.0;0.0;0.0;0.0;0;P1;Ensoleillé;1020.6;947.0;1;0;0;1;48120.0;0.0;1.06;2.1;9.0;15;8.5;;;;;;;;
Zévaco;41.89;9.05;11/06/2026;02:00;14.4;34;-1.1;11.8;0;0.0;0.0;0.0;0.0;0.0;0;P1;Ensoleillé;1020.6;946.9;0;0;0;0;49180.0;0.0;1.08;2.2;8.6;24;8.0;;;;;;;;
Zévaco;41.89;9.05;11/06/2026;03:00;14.6;34;-0.9;11.9;0;0.0;0.0;0.0;0.0;0.0;0;P1;Ensoleillé;1020.6;947.0;0;0;0;0;48620.0;0.0;1.09;2.6;8.3;25;8.5;;;;;;;;
Zévaco;41.89;9.05;11/06/2026;04:00;15.0;36;-0.1;12.3;0;0.0;0.0;0.0;0.0;0.0;0;P1;Ensoleillé;1020.5;947.0;0;0;0;0;48060.0;0.0;1.1;3.1;7.9;24;10.0;;;;;;;;
Zévaco;41.89;9.05;11/06/2026;05:00;15.6;38;1.1;13.1;0;0.0;0.0;0.0;0.0;0.0;0;P1;Ensoleillé;1020.4;947.0;0;0;0;0;47520.0;0.0;1.11;3.6;7.6;18;12.0;;;;;;;;
Zévaco;41.89;9.05;11/06/2026;06:00;16.3;40;2.6;14.0;0;0.0;0.0;0.0;0.0;0.0;0;P1;Ensoleillé;1020.3;947.1;0;0;0;0;46960.0;0.0;1.12;4.2;6.8;10;14.3;;;;;;;;
Zévaco;41.89;9.05;11/06/2026;07:00;17.0;42;3.9;14.9;0;0.0;0.0;0.0;0.0;0.0;0;P1;Ensoleillé;1020.2;947.2;0;0;0;0;46400.0;0.0;1.13;4.7;6.1;2;16.5;;;;;;;;
Zévaco;41.89;9.05;11/06/2026;08:00;17.7;43;5.0;15.7;0;0.0;0.0;0.0;0.0;0.0;0;P1;Ensoleillé;1020.2;947.4;0;0;0;0;45840.0;0.0;1.15;5.1;5.4;354;18.3;;;;;;;;
Zévaco;41.89;9.05;11/06/2026;09:00;18.4;44;5.8;16.5;2;0.0;0.0;0.0;0.0;0.0;0;P1;Ensoleillé;1020.2;947.5;3;0;0;3;45840.0;0.0;1.19;5.7;5.0;342;20.0;;;;;;;;
Zévaco;41.89;9.05;11/06/2026;10:00;19.2;44;6.5;17.3;5;0.0;0.0;0.0;0.0;0.0;0;P1;Ensoleillé;1020.2;947.7;7;0;0;7;45840.0;0.0;1.25;6.6;4.7;327;21.9;;;;;;;;
Zévaco;41.89;9.05;11/06/2026;11:00;20.0;43;7.2;18.7;8;0.0;0.0;0.0;0.0;0.0;0;P1;Ensoleillé;1020.3;948.0;12;0;0;12;45840.0;0.0;1.32;8.3;5.0;316;23.7;;;;;;;;
Zévaco;41.89;9.05;11/06/2026;12:00;20.7;44;7.9;20.2;11;0.0;0.0;0.0;0.0;0.0;0;P1;Ensoleillé;1020.4;948.3;16;0;0;16;45840.0;0.0;1.38;9.8;6.5;308;25.2;;;;;;;;
Zévaco;41.89;9.05;11/06/2026;13:00;21.2;44;8.4;21.2;14;0.0;0.0;0.0;0.0;0.0;1;P2;Éclaircies;1020.4;948.4;20;0;0;20;45840.0;0.0;1.42;10.9;8.3;303;26.2;;;;;;;;
Zévaco;41.89;9.05;11/06/2026;14:00;21.4;45;8.9;21.6;16;0.0;0.0;0.0;0.0;0.0;1;P2;Éclaircies;1020.3;948.3;22;0;0;22;45840.0;0.0;1.4;11.6;9.4;300;26.5;;;;;;;;
Zévaco;41.89;9.05;11/06/2026;15:00;21.1;47;9.3;21.4;18;0.0;0.0;0.0;0.0;0.0;1;P2;Éclaircies;1020.1;948.1;22;0;0;22;44980.0;0.0;1.33;11.4;9.0;297;26.0;;;;;;;;
Zévaco;41.89;9.05;11/06/2026;16:00;20.5;50;9.7;20.7;18;0.0;0.0;0.0;0.0;0.0;0;P1;Ensoleillé;1019.9;947.7;19;0;0;19;44120.0;0.0;1.2;10.5;7.6;295;24.7;;;;;;;;
Zévaco;41.89;9.05;11/06/2026;17:00;19.6;54;10.0;19.5;19;0.0;0.0;0.0;0.0;0.0;0;P1;Ensoleillé;1019.6;947.3;16;0;0;16;43280.0;0.0;1.06;9.1;6.1;292;23.0;;;;;;;;
Zévaco;41.89;9.05;11/06/2026;18:00;18.6;58;10.2;17.9;19;0.0;0.0;0.0;0.0;0.0;0;P1;Ensoleillé;1019.3;946.8;13;0;0;13;42420.0;0.0;0.9;7.6;5.0;289;21.0;;;;;;;;
Zévaco;41.89;9.05;11/06/2026;19:00;17.6;62;10.2;16.8;19;0.0;0.0;0.0;0.0;0.0;0;P1;Ensoleillé;1019.1;946.3;10;0;0;10;41560.0;0.0;0.77;6.2;3.6;285;19.0;;;;;;;;
Zévaco;41.89;9.05;11/06/2026;20:00;16.8;64;10.0;16.0;18;0.0;0.0;0.0;0.0;0.0;0;P1;Ensoleillé;1019.0;946.0;10;0;0;10;40700.0;0.0;0.68;5.0;3.2;283;17.3;;;;;;;;
Zévaco;41.89;9.05;11/06/2026;21:00;15.9;66;9.5;15.2;16;0.0;0.0;0.0;0.0;0.0;0;P1;Ensoleillé;1019.0;945.8;11;0;0;11;41060.0;0.0;0.62;3.8;4.0;281;15.6;;;;;;;;
Zévaco;41.89;9.05;11/06/2026;22:00;14.8;66;8.6;14.1;14;0.0;0.0;0.0;0.0;0.0;0;P1;Ensoleillé;1019.2;945.7;14;0;0;14;41440.0;0.0;0.57;2.4;5.8;283;13.6;;;;;;;;
Zévaco;41.89;9.05;11/06/2026;23:00;13.8;66;7.6;12.9;11;0.0;0.0;0.0;0.0;0.0;0;P1;Ensoleillé;1019.4;945.7;17;0;0;17;41820.0;0.0;0.53;1.2;6.8;297;11.7;;;;;;;;
Zévaco;41.89;9.05;12/06/2026;00:00;12.9;66;6.6;11.9;8;0.0;0.0;0.0;0.0;0.0;1;P2;Éclaircies;1019.6;945.6;21;0;0;21;42180.0;0.0;0.51;0.7;6.8;14;10.1;;;;;;;;
Zévaco;41.89;9.05;12/06/2026;01:00;12.2;65;5.8;10.9;5;0.0;0.0;0.0;0.0;0.0;1;P2;Éclaircies;1019.8;945.7;26;0;0;26;42560.0;0.0;0.5;1.5;6.1;60;8.9;;;;;;;;
Zévaco;41.89;9.05;12/06/2026;02:00;12.1;64;5.5;10.6;6;0.0;0.0;0.0;0.0;0.0;1;P2;Éclaircies;1019.9;945.7;32;0;0;32;42920.0;0.0;0.51;1.9;5.8;68;8.6;;;;;;;;
Zévaco;41.89;9.05;12/06/2026;03:00;12.5;63;5.6;11.1;7;0.0;0.0;0.0;0.0;0.0;1;P2;Éclaircies;1019.9;945.8;40;0;0;40;42920.0;0.0;0.54;2.1;6.1;70;9.2;;;;;;;;
Zévaco;41.89;9.05;12/06/2026;04:00;13.3;62;6.2;12.0;8;0.0;0.0;0.0;0.0;0.0;2;P8;Éclaircies;1019.9;946.0;50;0;0;50;42920.0;0.0;0.58;2.2;6.8;66;10.6;;;;;;;;
Zévaco;41.89;9.05;12/06/2026;05:00;14.4;61;6.9;13.3;7;0.0;0.0;0.0;0.0;0.0;2;P8;Éclaircies;1019.8;946.2;62;0;0;62;42940.0;0.0;0.64;1.9;6.8;61;12.5;;;;;;;;
Zévaco;41.89;9.05;12/06/2026;06:00;15.7;59;7.8;14.9;5;0.0;0.0;0.0;0.0;0.0;2;P8;Éclaircies;1019.7;946.4;72;0;0;72;42940.0;0.0;0.72;1.4;6.1;40;14.7;;;;;;;;
Zévaco;41.89;9.05;12/06/2026;07:00;16.9;58;8.6;16.3;4;0.0;0.0;0.0;0.0;0.0;3;P4;Nuageux;1019.6;946.6;80;0;0;80;42940.0;0.0;0.8;1.1;4.7;9;16.9;;;;;;;;
Zévaco;41.89;9.05;12/06/2026;08:00;18.0;57;9.3;17.6;3;0.0;0.0;0.0;0.0;0.0;3;P4;Nuageux;1019.6;946.9;84;0;0;84;42940.0;0.0;0.89;1.3;4.0;315;18.8;;;;;;;;
Zévaco;41.89;9.05;12/06/2026;09:00;19.0;55;9.8;18.5;4;0.0;0.0;0.0;0.0;0.0;3;P4;Nuageux;1019.6;947.1;83;0;0;83;43440.0;0.0;0.98;2.4;4.0;283;20.6;;;;;;;;
Zévaco;41.89;9.05;12/06/2026;10:00;20.0;53;10.3;19.5;5;0.0;0.0;0.0;0.0;0.0;2;P8;Éclaircies;1019.6;947.4;77;1;0;77;43940.0;0.0;1.09;4.3;4.3;272;22.5;;;;;;;;
Zévaco;41.89;9.05;12/06/2026;11:00;21.0;52;10.8;21.0;7;0.0;0.0;0.0;0.0;0.0;2;P8;Éclaircies;1019.6;947.6;69;1;0;69;44440.0;0.0;1.2;6.5;5.0;267;24.4;;;;;;;;
Zévaco;41.89;9.05;12/06/2026;12:00;23.6;45;10.7;23.9;9;0.0;0.0;0.0;0.0;0.0;2;P8;Éclaircies;1019.8;948.3;69;1;1;69;39740.0;0.0;1.66;9.1;6.8;265;26.1;;;;;;;;
Zévaco;41.89;9.05;12/06/2026;13:00;26.1;39;10.6;26.6;11;0.0;0.0;0.0;0.0;0.0;2;P8;Éclaircies;1019.7;948.9;70;1;2;66;34790.0;0.0;2.17;11.1;9.4;265;27.6;;;;;;;;
Zévaco;41.89;9.05;12/06/2026;14:00;28.3;33;10.0;28.7;13;0.0;0.0;0.0;0.0;0.0;1;P2;Éclaircies;1019.5;949.2;73;0;4;68;29590.0;0.0;2.65;12.2;10.8;267;28.7;;;;;;;;
Zévaco;41.89;9.05;12/06/2026;15:00;29.4;28;9.0;29.2;15;0.0;0.0;0.0;0.0;0.0;3;P4;Nuageux;1019.3;949.2;87;0;5;81;24140.0;0.0;2.95;12.2;11.2;270;;;;;;;;;
Zévaco;41.89;9.05;12/06/2026;16:00;28.3;29;8.6;27.6;16;0.0;0.0;0.0;0.0;0.0;3;P4;Nuageux;1019.1;948.8;96;0;5;94;24140.0;0.0;2.74;11.2;10.8;272;;;;;;;;;
Zévaco;41.89;9.05;12/06/2026;17:00;27.1;32;9.0;25.8;17;0.0;0.0;0.0;0.0;0.0;3;P4;Nuageux;1019.0;948.4;100;0;5;100;24140.0;0.0;2.44;10.1;9.7;274;;;;;;;;;
Zévaco;41.89;9.05;12/06/2026;18:00;25.8;37;10.0;24.5;18;0.0;0.0;0.0;0.0;0.0;3;P4;Nuageux;1018.9;948.1;92;0;5;93;24140.0;0.0;2.09;8.7;7.9;277;;;;;;;;;
Zévaco;41.89;9.05;12/06/2026;19:00;24.3;43;10.9;23.6;18;0.0;0.0;0.0;0.0;0.0;2;P8;Éclaircies;1018.8;947.6;78;0;5;79;24140.0;0.0;1.73;7.0;5.4;282;;;;;;;;;
Zévaco;41.89;9.05;12/06/2026;20:00;22.8;48;11.2;22.4;19;0.0;0.0;0.0;0.0;0.0;2;P8;Éclaircies;1018.8;947.3;64;0;7;62;24140.0;0.0;1.44;5.0;4.0;291;;;;;;;;;
Zévaco;41.89;9.05;12/06/2026;21:00;21.2;50;10.4;20.9;19;0.0;0.0;0.0;0.0;0.0;2;P8;Éclaircies;1018.9;947.0;50;0;13;41;24140.0;0.0;1.26;2.7;4.3;337;;;;;;;;;
Zévaco;41.89;9.05;12/06/2026;22:00;19.5;49;8.5;18.5;20;0.0;0.0;0.0;0.0;0.0;1;P2;Éclaircies;1019.1;946.8;36;0;20;18;24140.0;0.0;1.16;4.3;5.4;48;;;;;;;;;
Zévaco;41.89;9.05;12/06/2026;23:00;18.4;48;7.2;16.6;20;0.0;0.0;0.0;0.0;0.0;1;P2;Éclaircies;1019.2;946.6;25;0;23;2;24140.0;0.0;1.1;7.1;6.1;60;;;;;;;;;
Bastia;42.69;9.45;28/05/2026;00:00;23.2;43;9.9;21.7;0;0.0;0.0;0.0;0.0;0.0;0;P1;Ensoleillé;1018.0;1018.0;0;0;0;0;43200.0;0.1;1.62;10.5;22.0;276;22.5;24.2;25.2;20.7;0.157;0.169;0.192;0.22;0.269
Bastia;42.69;9.45;28/05/2026;01:00;22.8;43;9.6;21.3;0;0.0;0.0;0.0;0.0;0.0;0;P1;Ensoleillé;1017.8;1017.8;0;0;0;0;43160.0;0.1;1.58;9.8;21.2;276;22.1;23.7;25.0;20.7;0.157;0.169;0.191;0.22;0.269
Bastia;42.69;9.45;28/05/2026;02:00;21.8;47;10.0;20.6;0;0.0;0.0;0.0;0.0;0.0;1;P2;Éclaircies;1017.7;1017.7;0;0;0;0;42320.0;0.08;1.39;8.7;19.8;277;21.5;23.2;24.7;20.7;0.158;0.169;0.191;0.22;0.269
Bastia;42.69;9.45;28/05/2026;03:00;20.8;53;10.9;19.9;0;0.0;0.0;0.0;0.0;0.0;0;P1;Ensoleillé;1017.3;1017.3;0;0;0;0;41060.0;0.07;1.16;8.7;18.4;275;20.8;22.6;24.4;20.8;0.159;0.169;0.191;0.22;0.269
Bastia;42.69;9.45;28/05/2026;04:00;20.2;57;11.4;19.5;0;0.0;0.0;0.0;0.0;0.0;1;P2;Éclaircies;1017.0;1017.0;17;0;0;17;40780.0;0.06;1.02;7.9;16.2;273;20.4;22.2;24.1;20.8;0.16;0.169;0.191;0.22;0.269
Bastia;42.69;9.45;28/05/2026;05:00;19.2;65;12.5;18.9;0;0.0;0.0;0.0;0.0;0.0;1;P2;Éclaircies;1017.3;1017.3;0;0;0;0;39420.0;0.06;0.78;7.6;15.8;275;19.7;21.3;23.8;20.8;0.161;0.17;0.191;0.22;0.269
Bastia;42.69;9.45;28/05/2026;06:00;18.9;67;12.7;18.7;0;0.0;0.0;0.0;0.0;0.0;0;P1;Ensoleillé;1017.7;1017.7;0;0;0;0;39140.0;0.05;0.72;7.3;14.8;279;19.4;20.8;23.4;20.8;0.162;0.17;0.191;0.22;0.269
Bastia;42.69;9.45;28/05/2026;07:00;19.7;70;14.1;20.3;0;0.0;0.0;0.0;0.0;0.0;0;P1;Ensoleillé;1018.2;1018.2;0;0;0;0;38460.0;0.06;0.69;5.2;13.7;282;20.6;20.5;23.1;20.8;0.163;0.17;0.191;0.22;0.269
Bastia;42.69;9.45;28/05/2026;08:00;22.0;73;17.0;24.3;0;0.0;0.0;0.0;0.0;0.0;0;P1;Ensoleillé;1018.4;1018.4;2;0;2;0;38860.0;0.07;0.72;1.6;9.0;27;24.1;21.5;22.9;20.8;0.163;0.171;0.19;0.219;0.269
Bastia;42.69;9.45;28/05/2026;09:00;23.0;80;19.4;25.8;0;0.0;0.0;0.0;0.0;0.0;1;P2;Éclaircies;1018.1;1018.1;5;5;0;0;28100.0;0.13;0.56;4.9;12.6;73;26.3;23.1;22.8;20.8;0.163;0.171;0.19;0.219;0.269
Bastia;42.69;9.45;28/05/2026;10:00;23.9;74;19.0;26.5;0;0.0;0.0;0.0;0.0;0.0;0;P1;Ensoleillé;1018.4;1018.4;3;3;0;0;32480.0;0.19;0.77;5.4;14.0;82;27.8;25.0;22.8;20.8;0.162;0.17;0.19;0.219;0.268
Bastia;42.69;9.45;28/05/2026;11:00;25.0;64;17.8;27.7;0;0.0;0.0;0.0;0.0;0.0;0;P1;Ensoleillé;1018.6;1018.6;0;0;0;0;39340.0;0.26;1.14;6.9;18.4;96;29.2;26.6;22.9;20.8;0.16;0.17;0.189;0.219;0.268
Bastia;42.69;9.45;28/05/2026;12:00;25.8;56;16.4;28.3;0;0.0;0.0;0.0;0.0;0.0;0;P1;Ensoleillé;1018.8;1018.8;0;0;0;0;41980.0;0.3;1.46;8.3;20.9;95;30.2;27.9;23.1;20.8;0.158;0.169;0.189;0.218;0.268
Bastia;42.69;9.45;28/05/2026;13:00;26.1;54;16.1;28.8;0;0.0;0.0;0.0;0.0;0.0;0;P1;Ensoleillé;1019.0;1019.0;0;0;0;0;42880.0;0.31;1.55;9.1;23.4;97;30.7;29.0;23.4;20.9;0.156;0.168;0.188;0.218;0.268
Bastia;42.69;9.45;28/05/2026;14:00;26.0;59;17.4;29.5;0;0.0;0.0;0.0;0.0;0.0;0;P1;Ensoleillé;1018.6;1018.6;0;0;0;0;40460.0;0.3;1.38;8.6;23.4;88;31.0;29.7;24.2;20.9;0.153;0.166;0.187;0.217;0.268
Bastia;42.69;9.45;28/05/2026;15:00;26.3;58;17.4;29.6;0;0.0;0.0;0.0;0.0;0.0;0;P1;Ensoleillé;1018.1;1018.1;0;0;0;0;41520.0;0.28;1.44;8.3;21.6;90;30.7;30.3;24.6;20.9;0.151;0.165;0.187;0.217;0.267
Bastia;42.69;9.45;28/05/2026;16:00;26.1;58;17.2;28.6;0;0.0;0.0;0.0;0.0;0.0;1;P2;Éclaircies;1018.0;1018.0;20;0;20;0;41460.0;0.25;1.42;8.3;19.8;85;29.9;30.4;24.9;20.9;0.149;0.164;0.186;0.216;0.267
Bastia;42.69;9.45;28/05/2026;17:00;25.7;70;19.8;29.1;0;0.0;0.0;0.0;0.0;0.0;1;P2;Éclaircies;1017.7;1017.7;16;0;16;0;37040.0;0.22;0.99;5.2;19.8;74;28.6;29.9;25.2;20.9;0.149;0.164;0.185;0.216;0.267
Bastia;42.69;9.45;28/05/2026;18:00;25.4;69;19.3;28.5;0;0.0;0.0;0.0;0.0;0.0;1;P2;Éclaircies;1017.4;1017.4;16;0;16;0;37660.0;0.17;1.01;3.6;14.0;84;27.2;29.2;25.5;20.9;0.15;0.163;0.185;0.216;0.267
Bastia;42.69;9.45;28/05/2026;19:00;25.2;69;19.1;28.1;0;0.0;0.0;0.0;0.0;0.0;1;P2;Éclaircies;1017.0;1017.0;26;12;17;0;37940.0;0.11;0.99;3.3;9.4;84;26.2;28.4;25.6;21.0;0.15;0.163;0.185;0.216;0.267
Bastia;42.69;9.45;28/05/2026;20:00;23.9;70;18.1;26.5;5;0.0;0.0;0.0;0.0;0.0;1;P2;Éclaircies;1017.4;1017.4;24;0;24;0;37760.0;0.07;0.89;2.9;7.9;90;23.8;27.0;25.6;21.0;0.152;0.163;0.184;0.216;0.267
Bastia;42.69;9.45;28/05/2026;21:00;22.6;79;18.8;25.7;8;0.0;0.0;0.0;0.0;0.0;1;P2;Éclaircies;1017.6;1017.6;17;0;12;6;34140.0;0.02;0.58;1.3;7.2;124;22.3;25.4;25.5;21.0;0.155;0.164;0.184;0.216;0.267
Bastia;42.69;9.45;28/05/2026;22:00;22.0;83;19.0;25.1;10;0.0;0.0;0.0;0.0;0.0;3;P4;Nuageux;1018.2;1018.2;87;0;0;87;31820.0;0.01;0.45;1.4;3.6;270;21.5;24.0;25.4;21.0;0.157;0.165;0.184;0.216;0.267
Bastia;42.69;9.45;28/05/2026;23:00;21.7;85;19.1;25.1;3;0.0;0.0;0.0;0.0;0.0;3;P4;Nuageux;1018.2;1018.2;100;0;40;100;29480.0;-0.0;0.39;0.7;3.2;270;21.0;22.9;25.0;21.1;0.159;0.165;0.184;0.216;0.267
Bastia;42.69;9.45;29/05/2026;00:00;21.2;87;18.9;23.7;5;0.0;0.0;0.0;0.0;0.0;3;P4;Nuageux;1018.7;1018.7;100;0;42;100;25640.0;0.01;0.33;5.7;8.3;305;20.6;22.3;24.5;21.1;0.161;0.166;0.184;0.216;0.267
Bastia;42.69;9.45;29/05/2026;01:00;21.0;83;18.0;22.9;18;0.0;0.0;0.0;0.0;0.0;3;P4;Nuageux;1018.5;1018.5;100;0;46;100;30120.0;0.02;0.42;6.8;15.1;273;21.7;22.1;24.0;21.1;0.162;0.167;0.185;0.216;0.267
Bastia;42.69;9.45;29/05/2026;02:00;20.9;75;16.3;22.2;28;0.0;0.0;0.0;0.0;0.0;3;P4;Nuageux;1018.4;1018.4;100;0;92;100;36280.0;0.03;0.62;6.2;15.8;277;21.4;22.0;23.6;21.1;0.163;0.168;0.185;0.216;0.267
Bastia;42.69;9.45;29/05/2026;03:00;20.9;74;16.1;22.4;38;0.0;0.0;0.0;0.0;0.0;3;P4;Nuageux;1018.2;1018.2;100;0;79;100;38920.0;0.04;0.64;3.8;13.7;17;21.2;21.8;23.4;21.1;0.163;0.168;0.185;0.215;0.267
Bastia;42.69;9.45;29/05/2026;04:00;20.7;87;18.5;23.2;38;0.0;0.0;0.0;0.0;0.0;3;P4;Nuageux;1018.4;1018.4;100;0;93;100;28860.0;0.02;0.32;5.0;11.2;150;20.8;21.5;23.2;21.1;0.164;0.169;0.185;0.215;0.267
Bastia;42.69;9.45;29/05/2026;05:00;20.4;91;18.9;23.1;25;0.0;0.0;0.0;0.0;0.0;3;P4;Nuageux;1018.5;1018.5;100;0;77;100;20340.0;0.01;0.22;4.4;9.4;215;20.5;21.2;22.9;21.1;0.166;0.169;0.185;0.215;0.267
Bastia;42.69;9.45;29/05/2026;06:00;20.0;94;19.0;23.0;20;0.0;0.0;0.0;0.0;0.0;3;P4;Nuageux;1019.4;1019.4;100;57;36;100;10380.0;-0.0;0.14;2.5;10.8;180;20.5;20.9;22.8;21.1;0.167;0.17;0.185;0.215;0.267
Bastia;42.69;9.45;29/05/2026;07:00;20.2;95;19.4;23.0;25;0.0;0.0;0.0;0.0;0.0;3;P4;Nuageux;1020.1;1020.1;100;28;52;100;1060.0;0.01;0.12;5.1;10.8;39;21.7;20.9;22.8;21.1;0.168;0.171;0.185;0.215;0.266
Bastia;42.69;9.45;29/05/2026;08:00;20.7;86;18.3;23.3;3;0.0;0.0;0.0;0.0;0.0;3;P4;Nuageux;1019.6;1019.6;100;8;25;100;20200.0;0.05;0.34;3.6;14.4;233;23.1;21.5;22.6;21.1;0.168;0.171;0.186;0.215;0.266
Bastia;42.69;9.45;29/05/2026;09:00;22.7;69;16.7;24.7;0;0.0;0.0;0.0;0.0;0.0;3;P4;Nuageux;1019.9;1019.9;98;0;68;96;36980.0;0.12;0.85;2.6;8.3;146;25.9;22.6;22.5;21.1;0.168;0.171;0.185;0.215;0.266
Bastia;42.69;9.45;29/05/2026;10:00;23.3;66;16.6;24.8;3;0.0;0.0;0.0;0.0;0.0;2;P8;Éclaircies;1020.4;1020.4;81;0;55;67;38200.0;0.21;0.97;5.7;15.8;72;26.9;24.1;22.5;21.1;0.167;0.171;0.185;0.215;0.266
Bastia;42.69;9.45;29/05/2026;11:00;23.7;63;16.2;24.9;5;0.2;0.0;0.2;0.0;0.0;80;P9;Averses;1021.0;1021.0;100;0;39;100;39160.0;0.27;1.08;7.2;16.6;53;26.8;25.4;22.7;21.1;0.18;0.172;0.185;0.215;0.266
Bastia;42.69;9.45;29/05/2026;12:00;23.8;64;16.6;25.3;3;0.0;0.0;0.0;0.0;0.0;3;P4;Nuageux;1021.1;1021.1;97;0;47;92;38520.0;0.29;1.06;9.1;22.3;72;28.7;26.1;22.9;21.1;0.172;0.173;0.185;0.214;0.266
Bastia;42.69;9.45;29/05/2026;13:00;24.5;63;17.0;27.4;8;0.0;0.0;0.0;0.0;0.0;3;P4;Nuageux;1021.1;1021.1;100;1;27;100;39000.0;0.28;1.14;6.3;21.2;77;29.4;27.3;23.1;21.1;0.167;0.172;0.184;0.214;0.266
Bastia;42.69;9.45;29/05/2026;14:00;25.1;59;16.6;27.5;3;0.0;0.0;0.0;0.0;0.0;2;P8;Éclaircies;1021.0;1021.0;53;0;33;32;40940.0;0.28;1.31;9.4;22.7;88;30.1;28.3;23.5;21.1;0.163;0.171;0.184;0.213;0.265
Bastia;42.69;9.45;29/05/2026;15:00;25.6;55;15.9;28.1;5;0.0;0.0;0.0;0.0;0.0;2;P8;Éclaircies;1020.8;1020.8;82;2;24;72;40920.0;0.29;1.48;8.3;22.7;95;30.5;29.2;23.8;21.1;0.159;0.169;0.183;0.213;0.265
Bastia;42.69;9.45;29/05/2026;16:00;25.0;61;17.0;27.3;0;0.0;0.0;0.0;0.0;0.0;1;P2;Éclaircies;1020.7;1020.7;42;1;25;17;40680.0;0.25;1.24;8.7;22.0;83;29.3;29.3;24.2;21.1;0.157;0.168;0.183;0.213;0.265
Bastia;42.69;9.45;29/05/2026;17:00;24.9;63;17.4;27.0;0;0.0;0.0;0.0;0.0;0.0;2;P8;Éclaircies;1020.3;1020.3;84;0;75;33;40620.0;0.21;1.17;6.5;20.5;90;28.6;29.2;24.5;21.1;0.156;0.167;0.182;0.213;0.265
Bastia;42.69;9.45;29/05/2026;18:00;24.8;64;17.5;26.7;0;0.0;0.0;0.0;0.0;0.0;1;P2;Éclaircies;1020.1;1020.1;44;0;44;8;40220.0;0.17;1.13;5.2;17.3;106;27.5;28.7;24.8;21.1;0.155;0.166;0.182;0.212;0.265
Bastia;42.69;9.45;29/05/2026;19:00;24.2;67;17.7;26.3;0;0.0;0.0;0.0;0.0;0.0;0;P1;Ensoleillé;1020.3;1020.3;16;0;15;1;39300.0;0.12;1.0;5.1;14.4;98;25.8;27.9;25.0;21.2;0.156;0.166;0.182;0.212;0.265
Bastia;42.69;9.45;29/05/2026;20:00;23.6;71;18.0;26.3;0;0.0;0.0;0.0;0.0;0.0;1;P2;Éclaircies;1020.1;1020.1;10;0;0;10;37180.0;0.06;0.84;1.8;13.3;180;24.2;26.7;25.0;21.2;0.157;0.166;0.181;0.212;0.265
Bastia;42.69;9.45;29/05/2026;21:00;23.0;75;18.4;25.7;0;0.0;0.0;0.0;0.0;0.0;1;P2;Éclaircies;1020.0;1020.0;36;0;0;36;37380.0;0.02;0.7;2.9;4.7;277;22.4;25.4;25.0;21.2;0.159;0.166;0.181;0.212;0.265
Bastia;42.69;9.45;29/05/2026;22:00;22.1;80;18.5;24.6;0;0.0;0.0;0.0;0.0;0.0;1;P2;Éclaircies;1020.3;1020.3;38;0;0;37;34580.0;0.01;0.53;4.3;7.9;270;21.6;24.0;24.9;21.2;0.161;0.167;0.181;0.212;0.265
Bastia;42.69;9.45;29/05/2026;23:00;21.5;81;18.1;23.9;0;0.0;0.0;0.0;0.0;0.0;1;P2;Éclaircies;1020.6;1020.6;12;0;2;10;32920.0;0.01;0.49;4.4;7.9;261;21.2;23.0;24.6;21.2;0.163;0.167;0.181;0.212;0.265
Bastia;42.69;9.45;30/05/2026;00:00;21.0;83;18.0;23.1;0;0.0;0.0;0.0;0.0;0.0;2;P8;Éclaircies;1020.7;1020.7;65;0;0;65;31120.0;0.01;0.42;5.8;9.0;277;20.8;22.3;24.5;21.2;0.169;0.173;0.184;0.212;0.265
Bastia;42.69;9.45;30/05/2026;01:00;20.6;84;17.8;22.6;0;0.0;0.0;0.0;0.0;0.0;1;P2;Éclaircies;1020.6;1020.6;48;1;0;48;29860.0;0.02;0.39;5.8;9.0;274;20.5;21.7;24.2;21.3;0.17;0.173;0.184;0.212;0.265
Bastia;42.69;9.45;30/05/2026;02:00;20.4;86;18.0;22.7;0;0.0;0.0;0.0;0.0;0.0;0;P1;Ensoleillé;1020.4;1020.4;12;1;0;11;29280.0;0.01;0.34;4.3;9.0;294;20.1;21.2;23.9;21.3;0.171;0.173;0.184;0.212;0.265
Bastia;42.69;9.45;30/05/2026;03:00;20.5;86;18.1;23.0;0;0.0;0.0;0.0;0.0;0.0;0;P1;Ensoleillé;1020.3;1020.3;0;0;0;0;28620.0;0.01;0.34;3.8;6.5;287;19.7;20.7;23.5;21.3;0.172;0.174;0.184;0.212;0.264
Bastia;42.69;9.45;30/05/2026;04:00;20.4;87;18.2;22.8;0;0.0;0.0;0.0;0.0;0.0;0;P1;Ensoleillé;1020.0;1020.0;0;0;0;0;27000.0;0.01;0.31;4.5;6.1;284;19.3;20.2;23.2;21.3;0.172;0.174;0.185;0.212;0.264
Bastia;42.69;9.45;30/05/2026;05:00;20.2;88;18.2;22.6;0;0.0;0.0;0.0;0.0;0.0;0;P1;Ensoleillé;1019.8;1019.8;0;0;0;0;25160.0;0.01;0.28;4.5;6.8;284;18.9;19.7;22.9;21.3;0.173;0.175;0.185;0.213;0.264
Bastia;42.69;9.45;30/05/2026;06:00;20.5;85;17.9;22.6;0;0.0;0.0;0.0;0.0;0.0;0;P1;Ensoleillé;1019.9;1019.9;0;0;0;0;29300.0;0.01;0.36;5.8;6.8;266;18.9;19.4;22.5;21.3;0.174;0.175;0.185;0.213;0.264
Bastia;42.69;9.45;30/05/2026;07:00;21.5;79;17.7;23.5;0;0.0;0.0;0.0;0.0;0.0;0;P1;Ensoleillé;1020.0;1020.0;0;0;0;0;34160.0;0.01;0.54;5.8;7.9;266;21.4;19.5;22.2;21.2;0.174;0.176;0.185;0.213;0.264
Bastia;42.69;9.45;30/05/2026;08:00;23.5;73;18.4;26.1;0;0.0;0.0;0.0;0.0;0.0;0;P1;Ensoleillé;1020.0;1020.0;0;0;0;0;37020.0;0.06;0.78;3.5;7.6;246;24.8;20.9;22.0;21.2;0.173;0.176;0.185;0.212;0.264
Bastia;42.69;9.45;30/05/2026;09:00;25.7;51;14.8;26.9;0;0.0;0.0;0.0;0.0;0.0;0;P1;Ensoleillé;1020.2;1020.2;0;0;0;0;41680.0;0.15;1.62;3.1;7.6;111;27.5;23.1;22.0;21.2;0.171;0.176;0.185;0.212;0.264
Bastia;42.69;9.45;30/05/2026;10:00;26.4;50;15.1;27.4;0;0.0;0.0;0.0;0.0;0.0;0;P1;Ensoleillé;1020.1;1020.1;0;0;0;0;41740.0;0.26;1.72;4.7;11.9;99;29.1;25.2;22.1;21.2;0.168;0.174;0.185;0.212;0.264
Bastia;42.69;9.45;30/05/2026;11:00;27.0;49;15.4;28.8;0;0.0;0.0;0.0;0.0;0.0;0;P1;Ensoleillé;1020.2;1020.2;0;0;0;0;41940.0;0.32;1.82;6.5;16.2;96;30.4;26.9;22.4;21.2;0.164;0.173;0.184;0.212;0.264
Bastia;42.69;9.45;30/05/2026;12:00;27.6;48;15.6;30.0;0;0.0;0.0;0.0;0.0;0.0;0;P1;Ensoleillé;1020.1;1020.1;0;0;0;0;42480.0;0.33;1.92;7.7;18.4;101;31.6;28.5;22.8;21.2;0.16;0.171;0.183;0.211;0.264
Bastia;42.69;9.45;30/05/2026;13:00;28.0;51;16.9;31.0;0;0.0;0.0;0.0;0.0;0.0;0;P1;Ensoleillé;1019.9;1019.9;0;0;0;0;41860.0;0.33;1.85;9.5;23.0;101;32.0;29.7;23.3;21.2;0.157;0.169;0.183;0.211;0.263
Bastia;42.69;9.45;30/05/2026;14:00;28.1;53;17.7;31.6;0;0.0;0.0;0.0;0.0;0.0;0;P1;Ensoleillé;1019.3;1019.3;0;0;0;0;41720.0;0.31;1.79;9.6;24.8;103;32.1;30.5;23.8;21.2;0.154;0.168;0.182;0.21;0.263
Bastia;42.69;9.45;30/05/2026;15:00;28.2;55;18.3;31.8;0;0.0;0.0;0.0;0.0;0.0;0;P1;Ensoleillé;1018.7;1018.7;0;0;0;0;41220.0;0.29;1.72;9.3;25.2;106;32.1;31.1;24.3;21.2;0.151;0.166;0.181;0.21;0.263
Bastia;42.69;9.45;30/05/2026;16:00;28.3;54;18.1;31.5;0;0.0;0.0;0.0;0.0;0.0;0;P1;Ensoleillé;1018.2;1018.2;0;0;0;0;41140.0;0.26;1.77;7.9;24.8;106;31.7;31.3;24.8;21.2;0.149;0.165;0.181;0.21;0.263
Bastia;42.69;9.45;30/05/2026;17:00;28.5;52;17.7;31.1;0;0.0;0.0;0.0;0.0;0.0;1;P2;Éclaircies;1017.6;1017.6;8;0;0;8;41320.0;0.23;1.87;5.7;20.2;108;30.8;31.3;25.2;21.2;0.148;0.163;0.18;0.209;0.263
Bastia;42.69;9.45;30/05/2026;18:00;28.5;52;17.7;30.7;0;0.0;0.0;0.0;0.0;0.0;1;P2;Éclaircies;1017.4;1017.4;33;0;0;33;41740.0;0.18;1.87;4.0;13.7;100;29.6;30.9;25.5;21.3;0.147;0.162;0.18;0.209;0.263
Bastia;42.69;9.45;30/05/2026;19:00;27.8;54;17.7;30.2;0;0.0;0.0;0.0;0.0;0.0;2;P8;Éclaircies;1017.1;1017.1;62;0;0;62;41440.0;0.13;1.72;2.5;8.3;45;28.2;30.0;25.8;21.3;0.147;0.162;0.179;0.209;0.262
Bastia;42.69;9.45;30/05/2026;20:00;27.0;56;17.5;29.1;0;0.0;0.0;0.0;0.0;0.0;3;P4;Nuageux;1017.1;1017.1;99;0;0;99;40880.0;0.07;1.57;3.8;8.3;319;25.4;28.5;26.0;21.3;0.148;0.161;0.179;0.209;0.262
Bastia;42.69;9.45;30/05/2026;21:00;24.7;63;17.2;26.2;0;0.0;0.0;0.0;0.0;0.0;3;P4;Nuageux;1017.2;1017.2;100;0;0;100;39840.0;0.05;1.15;7.4;14.0;293;23.2;26.8;26.0;21.3;0.15;0.161;0.179;0.209;0.262
Bastia;42.69;9.45;30/05/2026;22:00;23.4;69;17.4;24.8;0;0.0;0.0;0.0;0.0;0.0;2;P8;Éclaircies;1017.4;1017.4;84;0;0;84;38380.0;0.05;0.89;8.8;17.6;279;22.9;25.4;25.9;21.4;0.151;0.161;0.179;0.209;0.262
Bastia;42.69;9.45;30/05/2026;23:00;22.7;70;16.9;23.9;0;0.0;0.0;0.0;0.0;0.0;3;P4;Nuageux;1017.4;1017.4;100;0;0;100;38080.0;0.05;0.83;8.4;17.6;280;22.8;24.4;25.8;21.4;0.153;0.162;0.179;0.209;0.262
Bastia;42.69;9.45;31/05/2026;00:00;22.3;69;16.4;23.4;0;0.0;0.0;0.0;0.0;0.0;3;P4;Nuageux;1017.4;1017.4;100;0;0;100;38660.0;0.04;0.84;7.6;16.9;278;22.6;23.8;25.5;21.4;0.154;0.162;0.179;0.209;0.262
Bastia;42.69;9.45;31/05/2026;01:00;21.8;71;16.3;22.9;0;0.0;0.0;0.0;0.0;0.0;3;P4;Nuageux;1017.3;1017.3;100;0;84;100;37860.0;0.04;0.76;7.7;15.5;281;22.0;23.3;25.3;21.4;0.155;0.162;0.179;0.209;0.262
Bastia;42.69;9.45;31/05/2026;02:00;21.6;73;16.5;22.7;0;0.0;0.0;0.0;0.0;0.0;3;P4;Nuageux;1017.0;1017.0;99;0;90;95;37100.0;0.04;0.7;7.9;14.8;286;21.7;23.0;24.8;21.4;0.155;0.162;0.179;0.209;0.262
Bastia;42.69;9.45;31/05/2026;03:00;21.7;76;17.3;23.2;0;0.0;0.0;0.0;0.0;0.0;3;P4;Nuageux;1016.8;1016.8;98;0;92;95;36040.0;0.04;0.62;8.0;14.8;288;21.6;22.7;24.3;21.4;0.156;0.163;0.179;0.209;0.262
Bastia;42.69;9.45;31/05/2026;04:00;21.8;77;17.6;23.5;0;0.0;0.0;0.0;0.0;0.0;3;P4;Nuageux;1016.7;1016.7;100;0;98;100;34780.0;0.03;0.6;7.6;14.8;289;21.8;22.5;24.0;21.4;0.157;0.163;0.179;0.209;0.262
Bastia;42.69;9.45;31/05/2026;05:00;21.1;81;17.7;22.9;0;0.0;0.0;0.0;0.0;0.0;2;P8;Éclaircies;1016.4;1016.4;63;0;57;22;32000.0;0.03;0.48;6.6;15.1;279;21.2;22.3;23.8;21.5;0.158;0.163;0.179;0.209;0.262
Bastia;42.69;9.45;31/05/2026;06:00;20.1;84;17.3;21.8;0;0.0;0.0;0.0;0.0;0.0;1;P2;Éclaircies;1016.3;1016.3;30;0;30;0;28760.0;0.03;0.38;6.2;13.3;280;20.5;21.8;23.5;21.5;0.159;0.164;0.179;0.209;0.262
Bastia;42.69;9.45;31/05/2026;07:00;20.5;84;17.7;22.6;0;0.0;0.0;0.0;0.0;0.0;2;P8;Éclaircies;1016.4;1016.4;61;0;61;0;28920.0;0.04;0.39;5.1;10.8;274;21.8;21.5;23.3;21.5;0.159;0.164;0.179;0.209;0.262
Bastia;42.69;9.45;31/05/2026;08:00;23.0;82;19.8;26.7;0;0.0;0.0;0.0;0.0;0.0;0;P1;Ensoleillé;1016.7;1016.7;0;0;0;0;29540.0;0.05;0.51;0.8;8.6;63;24.9;22.3;23.1;21.5;0.159;0.164;0.179;0.209;0.262
Bastia;42.69;9.45;31/05/2026;09:00;24.4;71;18.8;27.1;0;0.0;0.0;0.0;0.0;0.0;0;P1;Ensoleillé;1016.9;1016.9;0;0;0;0;36820.0;0.14;0.89;4.1;9.7;105;26.9;24.0;23.1;21.5;0.158;0.164;0.179;0.208;0.262
Bastia;42.69;9.45;31/05/2026;10:00;25.5;70;19.7;28.7;0;0.0;0.0;0.0;0.0;0.0;0;P1;Ensoleillé;1016.8;1016.8;0;0;0;0;37180.0;0.21;0.98;3.5;10.4;114;28.8;25.7;23.1;21.5;0.156;0.164;0.179;0.208;0.262
Bastia;42.69;9.45;31/05/2026;11:00;26.7;68;20.3;30.8;0;0.0;0.0;0.0;0.0;0.0;0;P1;Ensoleillé;1016.9;1016.9;0;0;0;0;39740.0;0.26;1.12;5.8;13.3;86;30.4;27.3;23.3;21.5;0.154;0.163;0.178;0.208;0.262
Bastia;42.69;9.45;31/05/2026;12:00;27.4;66;20.5;32.2;0;0.0;0.0;0.0;0.0;0.0;0;P1;Ensoleillé;1017.1;1017.1;15;12;3;0;42820.0;0.29;1.24;6.2;14.4;80;31.6;28.9;23.8;21.5;0.151;0.162;0.177;0.207;0.261
Bastia;42.69;9.45;31/05/2026;13:00;27.5;65;20.3;32.1;0;0.0;0.0;0.0;0.0;0.0;0;P1;Ensoleillé;1017.1;1017.1;12;12;1;0;39780.0;0.29;1.28;8.6;19.8;75;32.2;30.1;24.3;21.5;0.148;0.16;0.177;0.207;0.261
Bastia;42.69;9.45;31/05/2026;14:00;27.2;69;21.1;32.2;0;0.0;0.0;0.0;0.0;0.0;0;P1;Ensoleillé;1016.8;1016.8;11;11;0;0;37840.0;0.28;1.12;9.7;23.4;90;32.0;30.9;24.7;21.5;0.145;0.159;0.176;0.206;0.261
Bastia;42.69;9.45;31/05/2026;15:00;27.0;73;21.7;31.9;0;0.0;0.0;0.0;0.0;0.0;0;P1;Ensoleillé;1016.3;1016.3;9;9;0;0;34000.0;0.25;0.96;10.6;26.3;100;31.5;31.3;25.1;21.5;0.143;0.158;0.176;0.206;0.261
Bastia;42.69;9.45;31/05/2026;16:00;27.3;61;19.1;30.6;0;0.0;0.0;0.0;0.0;0.0;1;P2;Éclaircies;1015.5;1015.5;10;10;0;0;39280.0;0.22;1.41;9.1;25.6;108;31.2;31.2;25.5;21.5;0.142;0.157;0.175;0.206;0.261
Bastia;42.69;9.45;31/05/2026;17:00;27.2;59;18.5;29.5;0;0.0;0.0;0.0;0.0;0.0;0;P1;Ensoleillé;1014.9;1014.9;0;0;0;0;41060.0;0.21;1.48;8.4;23.4;97;30.0;31.1;25.8;21.5;0.141;0.156;0.175;0.206;0.261
Bastia;42.69;9.45;31/05/2026;18:00;26.7;62;18.8;29.1;0;0.0;0.0;0.0;0.0;0.0;0;P1;Ensoleillé;1014.7;1014.7;0;0;0;0;40680.0;0.17;1.33;6.2;19.8;80;28.6;30.4;26.1;21.6;0.141;0.155;0.174;0.205;0.26
Bastia;42.69;9.45;31/05/2026;19:00;25.8;66;19.0;28.4;0;0.0;0.0;0.0;0.0;0.0;0;P1;Ensoleillé;1014.7;1014.7;0;0;0;0;40720.0;0.12;1.13;5.2;12.6;65;27.0;29.4;26.3;21.6;0.141;0.155;0.174;0.205;0.26
Bastia;42.69;9.45;31/05/2026;20:00;24.3;76;19.8;27.7;0;0.0;0.0;0.0;0.0;0.0;0;P1;Ensoleillé;1014.9;1014.9;0;0;0;0;37700.0;0.06;0.73;2.9;11.2;90;24.9;28.0;26.3;21.6;0.143;0.155;0.174;0.205;0.26
Bastia;42.69;9.45;31/05/2026;21:00;23.6;79;19.7;27.2;0;0.0;0.0;0.0;0.0;0.0;0;P1;Ensoleillé;1014.9;1014.9;1;1;0;0;35660.0;0.03;0.61;0.8;8.6;117;23.6;26.7;26.3;21.6;0.145;0.155;0.174;0.205;0.26
Bastia;42.69;9.45;31/05/2026;22:00;22.9;81;19.5;26.3;0;0.0;0.0;0.0;0.0;0.0;0;P1;Ensoleillé;1015.0;1015.0;1;1;0;0;33600.0;0.02;0.53;1.5;6.5;225;22.5;25.3;26.1;21.6;0.147;0.156;0.173;0.205;0.26
Bastia;42.69;9.45;31/05/2026;23:00;22.3;83;19.3;25.4;0;0.0;0.0;0.0;0.0;0.0;0;P1;Ensoleillé;1014.9;1014.9;2;2;0;0;31560.0;0.01;0.46;2.9;5.0;240;21.7;24.1;25.9;21.7;0.149;0.156;0.173;0.205;0.26
Bastia;42.69;9.45;01/06/2026;00:00;21.8;85;19.2;24.8;0;0.0;0.0;0.0;0.0;0.0;2;P8;Éclaircies;1014.7;1014.7;20;1;0;18;29780.0;0.01;0.39;2.9;4.3;240;21.1;23.2;25.6;21.7;0.151;0.157;0.173;0.205;0.26
Bastia;42.69;9.45;01/06/2026;01:00;21.3;87;19.1;24.5;0;0.0;0.0;0.0;0.0;0.0;2;P8;Éclaircies;1014.3;1014.3;37;1;0;37;28000.0;0.01;0.33;2.1;4.0;239;20.7;22.5;25.2;21.7;0.152;0.157;0.174;0.205;0.26
Bastia;42.69;9.45;01/06/2026;02:00;21.0;88;19.0;24.2;0;0.0;0.0;0.0;0.0;0.0;2;P8;Éclaircies;1014.0;1014.0;55;0;0;55;26220.0;0.01;0.3;1.6;4.0;243;20.3;21.9;24.8;21.7;0.153;0.158;0.174;0.205;0.26
Bastia;42.69;9.45;01/06/2026;03:00;20.8;86;18.4;23.6;0;0.0;0.0;0.0;0.0;0.0;3;P4;Nuageux;1013.6;1013.6;70;0;11;69;29920.0;0.01;0.34;1.9;3.6;248;19.5;21.1;24.4;21.7;0.154;0.158;0.174;0.205;0.26
Bastia;42.69;9.45;01/06/2026;04:00;20.6;82;17.5;22.9;0;0.0;0.0;0.0;0.0;0.0;3;P4;Nuageux;1013.3;1013.3;84;0;22;84;33620.0;0.01;0.44;2.6;3.2;254;18.8;20.4;24.0;21.7;0.155;0.159;0.174;0.205;0.26
Bastia;42.69;9.45;01/06/2026;05:00;20.7;79;16.9;22.8;0;0.0;0.0;0.0;0.0;0.0;3;P4;Nuageux;1013.0;1013.0;99;0;33;98;37320.0;0.01;0.51;2.3;3.6;252;18.9;20.0;23.7;21.7;0.156;0.159;0.174;0.205;0.26
Bastia;42.69;9.45;01/06/2026;06:00;21.0;79;17.3;23.4;0;0.0;0.0;0.0;0.0;0.0;2;P8;Éclaircies;1012.9;1012.9;82;12;22;71;35520.0;0.01;0.52;1.3;4.7;214;20.5;20.0;23.3;21.7;0.157;0.16;0.174;0.205;0.26
Bastia;42.69;9.45;01/06/2026;07:00;21.6;81;18.2;24.2;0;0.0;0.0;0.0;0.0;0.0;2;P8;Éclaircies;1013.0;1013.0;66;25;11;44;33740.0;0.01;0.49;2.5;6.1;135;22.9;20.4;23.0;21.7;0.157;0.161;0.175;0.205;0.26
Bastia;42.69;9.45;01/06/2026;08:00;22.2;82;19.0;24.9;0;0.0;0.0;0.0;0.0;0.0;2;P8;Éclaircies;1013.1;1013.1;49;37;0;17;31940.0;0.03;0.48;4.3;8.6;114;25.0;21.1;22.7;21.7;0.157;0.161;0.175;0.205;0.26
Bastia;42.69;9.45;01/06/2026;09:00;22.7;82;19.5;25.6;0;0.0;0.0;0.0;0.0;0.0;2;P8;Éclaircies;1013.2;1013.2;58;44;1;24;29520.0;0.07;0.5;5.6;12.6;105;26.5;22.5;22.7;21.7;0.156;0.161;0.175;0.205;0.26
Bastia;42.69;9.45;01/06/2026;10:00;23.3;81;19.9;26.2;0;0.0;0.0;0.0;0.0;0.0;2;P8;Éclaircies;1013.3;1013.3;68;52;3;31;27100.0;0.12;0.54;6.8;16.9;93;27.7;24.3;22.7;21.7;0.155;0.161;0.174;0.204;0.26
Bastia;42.69;9.45;01/06/2026;11:00;23.8;80;20.2;26.9;0;0.0;0.0;0.0;0.0;0.0;2;P8;Éclaircies;1013.4;1013.4;77;59;4;38;24680.0;0.16;0.59;7.9;20.2;87;28.7;25.8;22.9;21.7;0.153;0.16;0.174;0.204;0.26
Bastia;42.69;9.45;01/06/2026;12:00;24.3;78;20.2;27.9;0;0.0;0.0;0.0;0.0;0.0;3;P4;Nuageux;1013.4;1013.4;82;55;3;52;26920.0;0.19;0.67;8.7;21.2;83;29.7;27.0;23.1;21.7;0.151;0.159;0.174;0.204;0.26
Bastia;42.69;9.45;01/06/2026;13:00;24.7;75;20.0;28.6;0;0.0;0.0;0.0;0.0;0.0;3;P4;Nuageux;1013.3;1013.3;86;51;2;66;29140.0;0.22;0.78;8.8;20.9;81;30.4;28.0;23.4;21.7;0.149;0.158;0.173;0.203;0.259
Bastia;42.69;9.45;01/06/2026;14:00;25.0;73;19.9;29.1;0;0.0;0.0;0.0;0.0;0.0;3;P4;Nuageux;1013.1;1013.1;91;47;1;80;31380.0;0.24;0.86;8.8;20.2;78;30.8;28.8;23.8;21.7;0.147;0.157;0.173;0.203;0.259
Bastia;42.69;9.45;01/06/2026;15:00;25.3;72;19.9;29.5;0;0.0;0.0;0.0;0.0;0.0;1;P2;Éclaircies;1012.8;1012.8;75;45;1;53;32360.0;0.24;0.9;8.1;19.8;77;30.6;29.3;24.1;21.7;0.145;0.156;0.172;0.203;0.259
Bastia;42.69;9.45;01/06/2026;16:00;25.5;72;20.1;29.6;0;0.0;0.0;0.0;0.0;0.0;1;P2;Éclaircies;1012.3;1012.3;58;44;0;27;33360.0;0.23;0.92;7.1;19.4;75;30.0;29.6;24.5;21.7;0.143;0.156;0.172;0.203;0.259
Bastia;42.69;9.45;01/06/2026;17:00;25.5;72;20.1;29.1;0;0.0;0.0;0.0;0.0;0.0;1;P2;Éclaircies;1012.0;1012.0;42;42;0;0;34340.0;0.21;0.92;6.2;18.4;69;29.0;29.5;24.8;21.7;0.142;0.155;0.171;0.203;0.259
Bastia;42.69;9.45;01/06/2026;18:00;25.4;72;20.0;28.5;0;0.0;0.0;0.0;0.0;0.0;0;P1;Ensoleillé;1011.8;1011.8;29;29;0;0;34580.0;0.18;0.91;5.2;16.6;56;27.7;29.1;25.1;21.7;0.142;0.155;0.171;0.203;0.259
Bastia;42.69;9.45;01/06/2026;19:00;25.0;73;19.9;28.2;0;0.0;0.0;0.0;0.0;0.0;0;P1;Ensoleillé;1011.7;1011.7;17;17;0;0;34800.0;0.15;0.86;4.4;14.0;35;26.0;28.4;25.3;21.7;0.142;0.154;0.17;0.202;0.258
Bastia;42.69;9.45;01/06/2026;20:00;24.4;75;19.7;27.6;0;0.0;0.0;0.0;0.0;0.0;0;P1;Ensoleillé;1011.8;1011.8;4;4;0;0;35040.0;0.11;0.77;4.1;11.9;15;24.5;27.4;25.4;21.7;0.143;0.154;0.17;0.202;0.258
Bastia;42.69;9.45;01/06/2026;21:00;23.4;79;19.6;26.6;0;0.0;0.0;0.0;0.0;0.0;3;P4;Nuageux;1012.1;1012.1;36;11;0;33;32220.0;0.07;0.61;3.3;9.7;354;23.3;26.2;25.4;21.7;0.144;0.154;0.17;0.202;0.258
Bastia;42.69;9.45;01/06/2026;22:00;22.2;84;19.4;25.4;0;0.0;0.0;0.0;0.0;0.0;3;P4;Nuageux;1012.5;1012.5;68;17;0;67;29420.0;0.04;0.43;2.8;7.2;310;22.3;24.8;25.2;21.8;0.146;0.155;0.17;0.202;0.258
Bastia;42.69;9.45;01/06/2026;23:00;21.3;88;19.2;24.4;0;0.0;0.0;0.0;0.0;0.0;3;P4;Nuageux;1012.8;1012.8;100;24;0;100;26600.0;0.01;0.3;2.9;5.4;277;21.5;23.6;25.1;21.8;0.148;0.155;0.17;0.202;0.258
Bastia;42.69;9.45;02/06/2026;00:00;20.9;92;19.6;24.2;0;0.0;0.0;0.0;0.0;0.0;45;brouillards;Brouillard;1012.9;1012.9;93;38;0;84;20480.0;-0.0;0.2;2.5;4.0;262;21.1;22.8;24.8;21.8;0.149;0.155;0.17;0.202;0.258
Bastia;42.69;9.45;02/06/2026;01:00;20.9;96;20.2;24.6;0;0.0;0.0;0.0;0.0;0.0;45;brouillards;Brouillard;1013.0;1013.0;87;52;0;68;14360.0;0.01;0.1;1.9;3.2;248;21.0;22.3;24.5;21.8;0.151;0.156;0.171;0.202;0.258
Bastia;42.69;9.45;02/06/2026;02:00;20.7;98;20.4;24.6;0;0.0;0.0;0.0;0.0;0.0;45;brouillards;Brouillard;1012.9;1012.9;80;66;0;52;8240.0;0.01;0.05;1.8;3.2;217;20.9;21.8;24.2;21.8;0.152;0.156;0.171;0.202;0.258
Bastia;42.69;9.45;02/06/2026;03:00;20.3;98;20.0;23.7;0;0.0;0.0;0.0;0.0;0.0;3;P4;Nuageux;1012.7;1012.7;81;52;0;57;10100.0;0.01;0.05;3.0;4.7;194;20.5;21.2;23.9;21.8;0.153;0.156;0.171;0.202;0.258
Bastia;42.69;9.45;02/06/2026;04:00;19.8;97;19.3;22.7;0;0.0;0.0;0.0;0.0;0.0;3;P4;Nuageux;1012.5;1012.5;82;39;0;63;11940.0;-0.0;0.07;4.3;7.2;185;20.1;20.7;23.6;21.8;0.153;0.157;0.171;0.202;0.258
Bastia;42.69;9.45;02/06/2026;05:00;19.6;95;18.8;22.2;0;0.0;0.0;0.0;0.0;0.0;3;P4;Nuageux;1012.3;1012.3;83;25;0;68;13800.0;-0.0;0.11;5.4;9.0;180;20.2;20.5;23.4;21.8;0.154;0.157;0.171;0.202;0.258
Bastia;42.69;9.45;02/06/2026;06:00;20.0;93;18.9;22.6;0;0.0;0.0;0.0;0.0;0.0;3;P4;Nuageux;1012.3;1012.3;85;32;0;70;17660.0;-0.0;0.16;5.1;9.7;172;21.2;20.6;23.1;21.8;0.155;0.158;0.171;0.202;0.258
Bastia;42.69;9.45;02/06/2026;07:00;20.7;90;19.0;23.5;0;0.0;0.0;0.0;0.0;0.0;3;P4;Nuageux;1012.4;1012.4;88;38;0;71;21540.0;-0.0;0.24;4.6;10.4;162;22.6;20.9;22.8;21.7;0.155;0.159;0.171;0.202;0.258
Bastia;42.69;9.45;02/06/2026;08:00;21.5;87;19.3;24.4;0;0.0;0.0;0.0;0.0;0.0;3;P4;Nuageux;1012.5;1012.5;90;45;0;73;25400.0;0.02;0.33;4.4;11.5;145;24.1;21.6;22.7;21.7;0.155;0.159;0.171;0.202;0.258
Bastia;42.69;9.45;02/06/2026;09:00;22.4;84;19.6;25.3;0;0.0;0.0;0.0;0.0;0.0;2;P8;Éclaircies;1012.5;1012.5;82;46;12;49;26540.0;0.06;0.43;5.4;14.4;127;25.7;22.6;22.6;21.7;0.154;0.159;0.171;0.202;0.258
Bastia;42.69;9.45;02/06/2026;10:00;23.2;81;19.8;26.0;0;0.0;0.0;0.0;0.0;0.0;2;P8;Éclaircies;1012.4;1012.4;73;47;24;24;27660.0;0.1;0.54;6.8;17.6;115;27.4;24.0;22.7;21.7;0.153;0.159;0.171;0.202;0.258
Bastia;42.69;9.45;02/06/2026;11:00;24.0;78;20.0;26.7;0;0.0;0.0;0.0;0.0;0.0;2;P8;Éclaircies;1012.3;1012.3;65;48;36;0;28800.0;0.15;0.66;8.3;20.9;108;28.7;25.3;22.8;21.7;0.152;0.158;0.171;0.202;0.258
Bastia;42.69;9.45;02/06/2026;12:00;25.4;71;19.6;28.3;0;0.0;0.0;0.0;0.0;0.0;2;P8;Éclaircies;1012.1;1012.1;62;38;37;2;32465.0;0.19;0.97;8.0;20.4;93;30.0;27.1;23.4;22.2;0.121;0.135;0.155;0.196;0.255
Bastia;42.69;9.45;02/06/2026;13:00;26.6;64;19.1;30.1;2;0.0;0.0;0.0;0.0;0.0;2;P8;Éclaircies;1011.9;1011.9;60;26;38;9;35770.0;0.23;1.28;6.7;18.0;72;31.1;28.7;24.2;22.6;0.09;0.113;0.138;0.188;0.251
Bastia;42.69;9.45;02/06/2026;14:00;27.6;58;18.5;31.5;2;0.0;0.0;0.0;0.0;0.0;2;P8;Éclaircies;1011.6;1011.6;57;14;40;19;38740.0;0.25;1.57;5.0;15.4;292;32.0;30.0;25.1;23.1;0.062;0.092;0.122;0.181;0.248
Bastia;42.69;9.45;02/06/2026;15:00;28.5;52;17.7;31.5;3;0.0;0.0;0.0;0.0;0.0;1;P2;Éclaircies;1011.1;1011.1;49;0;44;21;32240.0;0.0;1.87;6.9;16.9;313;32.3;30.9;26.0;23.5;0.034;0.071;0.106;0.175;0.245
Bastia;42.69;9.45;02/06/2026;16:00;28.6;50;17.2;29.8;4;0.0;0.0;0.0;0.0;0.0;1;P2;Éclaircies;1010.5;1010.5;45;0;45;18;24340.0;0.0;1.96;12.7;24.8;299;31.4;30.8;26.5;23.5;0.033;0.07;0.106;0.174;0.245
Bastia;42.69;9.45;02/06/2026;17:00;28.5;48;16.4;28.3;5;0.0;0.0;0.0;0.0;0.0;1;P2;Éclaircies;1010.0;1010.0;41;0;46;14;16460.0;0.0;2.02;16.3;31.7;292;30.2;30.5;26.9;23.5;0.033;0.07;0.106;0.174;0.245
Bastia;42.69;9.45;02/06/2026;18:00;28.0;47;15.7;27.6;5;0.0;0.0;0.0;0.0;0.0;2;P8;Éclaircies;1009.7;1009.7;49;0;53;12;21260.0;0.0;2.01;16.3;36.4;284;28.6;29.7;27.1;23.5;0.033;0.07;0.106;0.174;0.245
Bastia;42.69;9.45;02/06/2026;19:00;27.3;45;14.4;26.6;6;0.0;0.0;0.0;0.0;0.0;2;P8;Éclaircies;1009.4;1009.4;58;0;59;9;26080.0;0.0;2.0;15.1;39.6;271;26.7;28.6;27.1;23.6;0.033;0.07;0.106;0.173;0.244
Bastia;42.69;9.45;02/06/2026;20:00;26.6;45;13.7;25.8;7;0.0;0.0;0.0;0.0;0.0;2;P8;Éclaircies;1009.3;1009.3;66;0;66;7;30880.0;0.0;1.92;14.2;40.7;261;25.2;27.6;27.1;23.6;0.033;0.07;0.106;0.173;0.244
Bastia;42.69;9.45;02/06/2026;21:00;26.0;46;13.5;25.2;7;0.0;0.0;0.0;0.0;0.0;3;P4;Nuageux;1009.5;1009.5;77;0;65;38;30880.0;0.0;1.82;13.6;37.8;258;24.3;26.8;26.9;23.6;0.033;0.07;0.106;0.173;0.244
Bastia;42.69;9.45;02/06/2026;22:00;25.4;47;13.3;24.6;8;0.0;0.0;0.0;0.0;0.0;3;P4;Nuageux;1009.7;1009.7;89;0;63;69;30860.0;0.0;1.72;12.6;32.8;257;23.8;26.0;26.7;23.6;0.034;0.07;0.106;0.173;0.244
Bastia;42.69;9.45;02/06/2026;23:00;25.0;48;13.2;24.3;9;0.0;0.0;0.0;0.0;0.0;3;P4;Nuageux;1009.8;1009.8;100;0;62;100;30860.0;0.0;1.65;11.9;28.8;256;23.5;25.4;26.5;23.7;0.034;0.07;0.106;0.173;0.244
Bastia;42.69;9.45;03/06/2026;00:00;24.9;47;12.8;24.1;9;0.0;0.0;0.0;0.0;0.0;3;P4;Nuageux;1009.4;1009.4;100;0;71;100;30860.0;0.0;1.67;11.2;27.0;249;23.4;25.1;26.2;23.7;0.034;0.07;0.106;0.173;0.244
Bastia;42.69;9.45;03/06/2026;01:00;25.0;45;12.2;24.1;10;0.0;0.0;0.0;0.0;0.0;3;P4;Nuageux;1008.8;1008.8;100;0;80;100;30860.0;0.0;1.74;10.6;26.3;242;23.4;24.9;25.9;23.7;0.034;0.07;0.106;0.173;0.244
Bastia;42.69;9.45;03/06/2026;02:00;24.9;45;12.2;24.0;10;0.0;0.0;0.0;0.0;0.0;3;P4;Nuageux;1008.3;1008.3;100;0;89;100;30860.0;0.0;1.74;10.8;26.6;240;23.4;24.7;25.7;23.7;0.034;0.07;0.106;0.173;0.244
Bastia;42.69;9.45;03/06/2026;03:00;24.5;48;12.8;23.7;10;0.0;0.0;0.0;0.0;0.0;0;P1;Ensoleillé;1008.1;1008.1;67;0;59;67;24800.0;0.0;1.6;11.2;27.7;249;22.9;24.3;25.4;23.7;0.034;0.07;0.106;0.173;0.244
Bastia;42.69;9.45;03/06/2026;04:00;23.8;52;13.4;23.1;10;0.0;0.0;0.0;0.0;0.0;0;P1;Ensoleillé;1008.0;1008.0;33;0;30;33;18760.0;0.0;1.42;12.8;29.9;260;22.4;24.0;25.2;23.7;0.034;0.07;0.106;0.173;0.244
Bastia;42.69;9.45;03/06/2026;05:00;23.4;54;13.6;22.5;11;0.0;0.0;0.0;0.0;0.0;0;P1;Ensoleillé;1008.0;1008.0;0;0;0;0;12700.0;0.0;1.33;14.4;32.0;266;22.2;23.7;25.0;23.7;0.034;0.07;0.106;0.173;0.244
Bastia;42.69;9.45;03/06/2026;06:00;23.3;54;13.5;22.1;11;0.0;0.0;0.0;0.0;0.0;1;P2;Éclaircies;1008.2;1008.2;5;0;5;0;9040.0;0.0;1.32;16.0;34.2;262;22.5;23.5;24.8;23.7;0.034;0.07;0.106;0.173;0.244
Bastia;42.69;9.45;03/06/2026;07:00;23.4;52;13.0;21.8;11;0.0;0.0;0.0;0.0;0.0;1;P2;Éclaircies;1008.5;1008.5;11;0;11;0;5400.0;0.0;1.39;17.9;36.4;255;23.2;23.4;24.5;23.6;0.034;0.07;0.106;0.173;0.244
Bastia;42.69;9.45;03/06/2026;08:00;23.7;50;12.7;21.6;11;0.0;0.0;0.0;0.0;0.0;1;P2;Éclaircies;1008.7;1008.7;16;0;16;0;1740.0;0.0;1.46;20.0;39.6;252;24.2;23.7;24.4;23.6;0.034;0.07;0.106;0.173;0.244
Bastia;42.69;9.45;03/06/2026;09:00;24.2;48;12.5;21.6;11;0.0;0.0;0.0;0.0;0.0;0;P1;Ensoleillé;1008.8;1008.8;11;0;11;0;14500.0;0.0;1.57;23.2;45.7;254;25.5;24.5;24.3;23.6;0.034;0.07;0.106;0.172;0.244
Bastia;42.69;9.45;03/06/2026;10:00;25.0;45;12.2;21.7;11;0.0;0.0;0.0;0.0;0.0;0;P1;Ensoleillé;1008.9;1008.9;5;0;5;0;27280.0;0.0;1.74;27.3;52.6;257;27.1;25.8;24.4;23.6;0.034;0.07;0.105;0.172;0.243
Bastia;42.69;9.45;03/06/2026;11:00;25.6;43;12.1;22.6;11;0.0;0.0;0.0;0.0;0.0;0;P1;Ensoleillé;1009.0;1009.0;0;0;0;0;40040.0;0.0;1.87;29.7;57.2;260;28.4;26.9;24.6;23.6;0.034;0.07;0.105;0.171;0.243
Bastia;42.69;9.45;03/06/2026;12:00;25.8;42;12.0;23.4;10;0.0;0.0;0.0;0.0;0.0;0;P1;Ensoleillé;1009.2;1009.2;0;0;0;0;41760.0;0.0;1.93;29.7;56.9;263;29.2;27.8;24.9;23.6;0.034;0.07;0.105;0.171;0.243
Bastia;42.69;9.45;03/06/2026;13:00;26.0;43;12.4;24.3;10;0.0;0.0;0.0;0.0;0.0;0;P1;Ensoleillé;1009.4;1009.4;0;0;0;0;43460.0;0.0;1.92;28.1;54.4;268;29.8;28.7;25.2;23.6;0.033;0.07;0.105;0.17;0.242
Bastia;42.69;9.45;03/06/2026;14:00;26.0;43;12.4;24.6;10;0.0;0.0;0.0;0.0;0.0;0;P1;Ensoleillé;1009.6;1009.6;0;0;0;0;45180.0;0.0;1.92;27.0;51.8;272;29.9;29.2;25.6;23.6;0.033;0.07;0.105;0.17;0.242
Bastia;42.69;9.45;03/06/2026;15:00;26.0;44;12.8;24.7;10;0.0;0.0;0.0;0.0;0.0;0;P1;Ensoleillé;1009.7;1009.7;0;0;0;0;45180.0;0.0;1.88;26.3;51.1;274;29.5;29.4;25.9;23.6;0.033;0.07;0.105;0.17;0.242
Bastia;42.69;9.45;03/06/2026;16:00;25.9;45;13.1;24.5;9;0.0;0.0;0.0;0.0;0.0;0;P1;Ensoleillé;1009.7;1009.7;0;0;0;0;45180.0;0.0;1.84;25.3;50.8;276;28.8;29.4;26.2;23.6;0.033;0.07;0.105;0.169;0.241
Bastia;42.69;9.45;03/06/2026;17:00;25.6;46;13.2;23.9;9;0.0;0.0;0.0;0.0;0.0;0;P1;Ensoleillé;1009.8;1009.8;0;0;0;0;45200.0;0.0;1.78;23.9;49.0;276;27.8;29.0;26.4;23.6;0.033;0.07;0.105;0.169;0.241
Bastia;42.69;9.45;03/06/2026;18:00;25.2;47;13.1;23.1;8;0.0;0.0;0.0;0.0;0.0;0;P1;Ensoleillé;1010.0;1010.0;0;0;0;0;45200.0;0.0;1.7;21.3;45.7;276;26.5;28.4;26.6;23.6;0.033;0.07;0.105;0.169;0.241
Bastia;42.69;9.45;03/06/2026;19:00;24.7;49;13.3;23.2;7;0.0;0.0;0.0;0.0;0.0;0;P1;Ensoleillé;1010.2;1010.2;0;0;0;0;45200.0;0.0;1.59;17.7;41.0;274;24.9;27.4;26.6;23.7;0.033;0.069;0.104;0.168;0.241
Bastia;42.69;9.45;03/06/2026;20:00;24.1;50;13.0;23.0;6;0.0;0.0;0.0;0.0;0.0;0;P1;Ensoleillé;1010.5;1010.5;0;0;0;0;45200.0;0.0;1.5;14.0;35.6;270;23.5;26.4;26.5;23.7;0.033;0.069;0.104;0.168;0.241
Bastia;42.69;9.45;03/06/2026;21:00;23.3;50;12.3;22.6;6;0.0;0.0;0.0;0.0;0.0;3;P4;Nuageux;1010.9;1010.9;33;0;0;33;44360.0;0.0;1.43;10.2;28.4;260;22.3;25.3;26.3;23.7;0.033;0.069;0.104;0.168;0.241
Bastia;42.69;9.45;03/06/2026;22:00;22.6;50;11.6;22.1;5;0.0;0.0;0.0;0.0;0.0;3;P4;Nuageux;1011.3;1011.3;67;0;0;67;43520.0;0.0;1.37;6.8;20.5;238;21.3;24.0;25.9;23.7;0.033;0.069;0.104;0.168;0.241
Bastia;42.69;9.45;03/06/2026;23:00;21.9;50;11.0;21.4;4;0.0;0.0;0.0;0.0;0.0;3;P4;Nuageux;1011.6;1011.6;100;0;0;100;42680.0;0.0;1.31;5.6;14.8;207;20.6;22.9;25.5;23.7;0.033;0.069;0.104;0.168;0.241
Bastia;42.69;9.45;04/06/2026;00:00;21.4;50;10.5;20.7;4;0.0;0.0;0.0;0.0;0.0;0;P1;Ensoleillé;1011.8;1011.8;67;0;0;67;41840.0;0.0;1.27;5.8;12.6;184;20.2;22.3;25.1;23.7;0.033;0.069;0.104;0.168;0.241
Bastia;42.69;9.45;04/06/2026;01:00;21.0;51;10.5;20.4;3;0.0;0.0;0.0;0.0;0.0;0;P1;Ensoleillé;1012.0;1012.0;33;0;0;33;41000.0;0.0;1.22;5.9;13.0;169;20.0;21.9;24.7;23.7;0.034;0.069;0.105;0.168;0.241
Bastia;42.69;9.45;04/06/2026;02:00;20.8;51;10.3;20.0;3;0.0;0.0;0.0;0.0;0.0;0;P1;Ensoleillé;1012.1;1012.1;0;0;0;0;40160.0;0.0;1.2;5.8;12.6;158;19.8;21.4;24.3;23.7;0.034;0.069;0.105;0.168;0.241
Bastia;42.69;9.45;04/06/2026;03:00;20.5;51;10.1;19.7;3;0.0;0.0;0.0;0.0;0.0;2;P8;Éclaircies;1012.1;1012.1;20;0;0;20;39540.0;0.0;1.19;5.6;10.8;153;19.0;20.8;23.9;23.7;0.034;0.069;0.105;0.168;0.241
Bastia;42.69;9.45;04/06/2026;04:00;20.3;52;10.2;19.7;3;0.0;0.0;0.0;0.0;0.0;2;P8;Éclaircies;1012.0;1012.0;39;0;0;39;38920.0;0.0;1.15;4.5;8.6;151;18.2;20.1;23.5;23.7;0.034;0.069;0.105;0.168;0.241
Bastia;42.69;9.45;04/06/2026;05:00;20.5;52;10.3;20.0;3;0.0;0.0;0.0;0.0;0.0;2;P8;Éclaircies;1012.0;1012.0;59;0;0;59;38320.0;0.0;1.16;4.2;7.9;149;18.3;19.8;23.1;23.6;0.034;0.069;0.105;0.168;0.241
Bastia;42.69;9.45;04/06/2026;06:00;21.1;52;10.9;20.6;3;0.0;0.0;0.0;0.0;0.0;3;P4;Nuageux;1012.1;1012.1;70;0;0;70;37700.0;0.0;1.2;5.1;9.4;141;19.7;19.9;22.7;23.6;0.034;0.069;0.105;0.168;0.241
Bastia;42.69;9.45;04/06/2026;07:00;22.0;51;11.4;21.5;3;0.0;0.0;0.0;0.0;0.0;3;P4;Nuageux;1012.3;1012.3;80;0;0;80;37080.0;0.0;1.3;6.6;11.9;131;22.1;20.3;22.4;23.5;0.035;0.069;0.105;0.168;0.241
Bastia;42.69;9.45;04/06/2026;08:00;23.0;50;12.1;22.7;4;0.0;0.0;0.0;0.0;0.0;3;P4;Nuageux;1012.5;1012.5;91;0;0;91;36460.0;0.0;1.41;6.4;14.0;128;24.3;21.2;22.2;23.5;0.035;0.069;0.105;0.168;0.241
Bastia;42.69;9.45;04/06/2026;09:00;24.0;48;12.4;24.3;4;0.0;0.0;0.0;0.0;0.0;3;P4;Nuageux;1012.7;1012.7;94;0;0;94;33100.0;0.0;1.56;3.1;14.0;111;26.5;22.9;22.3;23.4;0.035;0.069;0.105;0.168;0.241
Bastia;42.69;9.45;04/06/2026;10:00;25.1;45;12.4;25.4;4;0.0;0.0;0.0;0.0;0.0;3;P4;Nuageux;1012.9;1012.9;96;0;0;96;29740.0;0.0;1.76;3.0;13.7;346;28.6;25.0;22.7;23.4;0.034;0.069;0.104;0.167;0.24
Bastia;42.69;9.45;04/06/2026;11:00;26.0;43;12.5;26.6;5;0.0;0.0;0.0;0.0;0.0;3;P4;Nuageux;1013.0;1013.0;99;0;0;99;26380.0;0.0;1.92;7.4;16.2;317;30.0;26.9;23.1;23.4;0.034;0.069;0.104;0.167;0.24
Bastia;42.69;9.45;04/06/2026;12:00;26.8;44;13.5;27.5;5;0.0;0.0;0.0;0.0;0.0;1;P2;Éclaircies;1012.9;1012.9;68;0;0;68;23020.0;0.0;1.97;12.2;24.1;298;30.6;28.4;23.6;23.4;0.034;0.069;0.104;0.166;0.24
Bastia;42.69;9.45;04/06/2026;13:00;27.4;46;14.8;28.0;5;0.0;0.0;0.0;0.0;0.0;1;P2;Éclaircies;1012.6;1012.6;38;0;0;38;19660.0;0.0;1.97;18.0;34.6;286;30.5;29.5;24.3;23.3;0.033;0.069;0.104;0.166;0.239
Bastia;42.69;9.45;04/06/2026;14:00;27.7;47;15.4;27.8;5;0.0;0.0;0.0;0.0;0.0;1;P2;Éclaircies;1012.3;1012.3;7;0;0;7;16300.0;0.0;1.97;22.7;43.2;280;30.1;30.2;24.9;23.3;0.033;0.069;0.104;0.165;0.239
Bastia;42.69;9.45;04/06/2026;15:00;27.6;46;14.9;26.9;5;0.0;0.0;0.0;0.0;0.0;3;P4;Nuageux;1012.0;1012.0;38;0;14;38;18780.0;0.0;1.99;25.0;49.0;277;29.5;30.1;25.4;23.3;0.033;0.069;0.104;0.165;0.239
Bastia;42.69;9.45;04/06/2026;16:00;27.2;45;14.2;25.6;5;0.0;0.0;0.0;0.0;0.0;3;P4;Nuageux;1011.6;1011.6;69;0;29;69;21280.0;0.0;1.98;26.0;52.6;275;28.6;29.6;25.8;23.4;0.033;0.069;0.103;0.164;0.239
Bastia;42.69;9.45;04/06/2026;17:00;26.6;45;13.7;24.4;5;0.0;0.0;0.0;0.0;0.0;3;P4;Nuageux;1011.3;1011.3;100;0;43;100;23760.0;0.0;1.91;24.9;52.6;273;27.6;28.9;26.1;23.4;0.033;0.069;0.103;0.164;0.239
Bastia;42.69;9.45;04/06/2026;18:00;25.7;47;13.5;23.7;5;0.1;0.1;0.0;0.0;0.0;61;P10;Pluie;1011.1;1011.1;100;8;62;100;26240.0;0.0;1.75;21.3;46.8;275;26.2;28.0;26.2;23.4;0.029;0.069;0.103;0.164;0.239
Bastia;42.69;9.45;04/06/2026;19:00;24.6;52;14.1;23.6;4;0.1;0.1;0.0;0.0;0.0;61;P10;Pluie;1010.9;1010.9;100;17;81;100;28740.0;0.0;1.49;16.0;37.4;279;24.6;27.0;26.2;23.4;0.025;0.069;0.103;0.164;0.238
Bastia;42.69;9.45;04/06/2026;20:00;23.5;57;14.5;23.5;4;0.1;0.1;0.0;0.0;0.0;61;P10;Pluie;1010.8;1010.8;100;25;100;100;31220.0;0.0;1.25;10.5;28.8;286;23.2;25.9;26.1;23.4;0.033;0.069;0.103;0.164;0.238
Bastia;42.69;9.45;04/06/2026;21:00;22.4;65;15.5;23.5;4;0.6;0.6;0.0;0.0;0.0;61;P10;Pluie;1010.8;1010.8;96;22;93;69;28620.0;0.0;0.95;5.3;21.2;298;22.4;24.8;25.9;23.4;0.06;0.067;0.103;0.164;0.238
Bastia;42.69;9.45;04/06/2026;22:00;21.4;75;16.8;23.5;4;0.6;0.6;0.0;0.0;0.0;61;P10;Pluie;1010.8;1010.8;92;19;86;37;26000.0;0.0;0.64;1.8;14.8;37;21.7;23.7;25.5;23.4;0.098;0.066;0.103;0.164;0.238
Bastia;42.69;9.45;04/06/2026;23:00;20.6;82;17.4;22.5;3;0.6;0.6;0.0;0.0;0.0;61;P10;Pluie;1010.7;1010.7;88;16;79;6;23400.0;0.0;0.44;5.0;11.2;90;21.3;22.8;25.2;23.4;0.136;0.07;0.103;0.164;0.238
Bastia;42.69;9.45;05/06/2026;00:00;20.3;85;17.7;22.0;5;0.52;0.45;0.08;0.0;0.0;2;P8;Éclaircies;1009.1;1009.1;85;21;54;28;20780.0;0.0;0.36;7.1;11.0;121;20.8;22.2;24.8;23.4;0.175;0.086;0.103;0.164;0.238
Bastia;42.69;9.45;05/06/2026;01:00;20.1;87;17.9;21.8;5;0.35;0.3;0.05;0.0;0.0;2;P8;Éclaircies;1007.5;1007.5;86;22;33;51;18180.0;0.0;0.31;8.0;10.8;141;20.2;21.8;24.4;23.4;0.215;0.108;0.103;0.164;0.238
Bastia;42.69;9.45;05/06/2026;02:00;19.9;89;18.0;21.7;4;0.17;0.15;0.03;0.0;0.0;2;P8;Éclaircies;1005.8;1005.8;90;18;17;74;15560.0;0.0;0.26;7.5;7.5;148;19.8;21.5;24.1;23.4;0.243;0.124;0.103;0.164;0.238
Bastia;42.69;9.45;05/06/2026;03:00;19.8;91;18.2;22.0;3;0.1;0.0;0.1;0.0;0.0;51;P10;Pluie faible;1004.1;1004.1;88;9;5;88;16460.0;0.0;0.21;5.8;2.2;146;19.8;;;;;;;;
Bastia;42.69;9.45;05/06/2026;04:00;19.9;90;18.3;22.3;2;0.1;0.0;0.1;0.0;0.0;51;P10;Pluie faible;1003.6;1003.6;71;8;3;71;17360.0;0.0;0.23;5.1;1.4;141;20.3;;;;;;;;
Bastia;42.69;9.45;05/06/2026;05:00;20.2;89;18.4;22.7;2;0.1;0.0;0.1;0.0;0.0;51;P10;Pluie faible;1003.0;1003.0;50;6;2;50;18260.0;0.0;0.26;4.6;1.4;132;21.2;;;;;;;;
Bastia;42.69;9.45;05/06/2026;06:00;20.6;87;18.4;23.1;3;0.1;0.0;0.1;0.0;0.0;51;P10;Pluie faible;1002.5;1002.5;30;4;1;30;19160.0;0.0;0.3;4.0;1.8;120;22.2;;;;;;;;
Bastia;42.69;9.45;05/06/2026;07:00;21.1;85;18.5;23.7;4;0.1;0.0;0.1;0.0;0.0;51;P10;Pluie faible;1002.2;1002.2;13;3;1;12;20060.0;0.0;0.37;3.4;2.5;106;23.4;;;;;;;;
Bastia;42.69;9.45;05/06/2026;08:00;21.6;82;18.5;24.4;6;0.1;0.0;0.1;0.0;0.0;51;P10;Pluie faible;1002.0;1002.0;2;2;1;0;20960.0;0.0;0.46;2.7;3.2;86;24.6;;;;;;;;
Bastia;42.69;9.45;05/06/2026;09:00;22.4;79;18.6;25.3;9;0.2;0.1;0.1;0.0;0.0;51;P10;Pluie faible;1002.1;1002.1;0;2;3;0;18980.0;0.0;0.57;2.1;4.3;52;26.2;;;;;;;;
Bastia;42.69;9.45;05/06/2026;10:00;23.4;76;18.9;26.5;13;0.2;0.1;0.1;0.0;0.0;51;P10;Pluie faible;1002.3;1002.3;0;2;6;0;17000.0;0.0;0.7;2.2;5.4;9;28.2;;;;;;;;
Bastia;42.69;9.45;05/06/2026;11:00;24.6;71;19.1;27.6;17;0.2;0.1;0.1;0.0;0.0;51;P10;Pluie faible;1002.7;1002.7;5;2;10;0;15020.0;0.0;0.88;3.5;6.5;339;30.4;;;;;;;;
Bastia;42.69;9.45;05/06/2026;12:00;25.6;68;19.2;29.2;21;0.2;0.1;0.1;0.0;0.0;51;P10;Pluie faible;1003.1;1003.1;11;2;13;0;13040.0;0.0;1.07;5.2;7.9;326;32.4;;;;;;;;
Bastia;42.69;9.45;05/06/2026;13:00;26.4;63;18.9;30.1;24;0.2;0.1;0.1;0.0;0.0;51;P10;Pluie faible;1003.5;1003.5;16;2;16;0;11060.0;0.0;1.27;6.9;9.4;319;33.7;;;;;;;;
Bastia;42.69;9.45;05/06/2026;14:00;26.8;59;18.1;30.1;27;0.2;0.1;0.1;0.0;0.0;51;P10;Pluie faible;1003.9;1003.9;18;2;17;0;9080.0;0.0;1.46;8.5;10.4;314;34.2;;;;;;;;
Bastia;42.69;9.45;05/06/2026;15:00;26.8;53;16.5;29.1;29;0.0;0.0;0.0;0.0;0.0;0;P1;Ensoleillé;1004.2;1004.2;17;2;16;0;15120.0;0.0;1.64;10.1;11.2;310;33.6;;;;;;;;
Bastia;42.69;9.45;05/06/2026;16:00;26.3;47;14.3;27.2;30;0.0;0.0;0.0;0.0;0.0;0;P1;Ensoleillé;1004.5;1004.5;14;1;13;0;21160.0;0.0;1.8;11.8;11.2;306;32.0;;;;;;;;
Bastia;42.69;9.45;05/06/2026;17:00;25.7;42;11.7;24.8;30;0.0;0.0;0.0;0.0;0.0;0;P1;Ensoleillé;1004.7;1004.7;10;1;10;0;27200.0;0.0;1.93;13.7;10.8;303;29.9;;;;;;;;
Bastia;42.69;9.45;05/06/2026;18:00;24.9;37;9.1;22.4;30;0.0;0.0;0.0;0.0;0.0;0;P1;Ensoleillé;1005.0;1005.0;6;1;6;0;33220.0;0.0;1.99;15.2;9.0;300;27.5;;;;;;;;
Bastia;42.69;9.45;05/06/2026;19:00;24.0;33;6.9;20.9;29;0.0;0.0;0.0;0.0;0.0;0;P1;Ensoleillé;1005.4;1005.4;2;0;2;0;39260.0;0.0;2.0;16.1;6.1;298;25.3;;;;;;;;
Bastia;42.69;9.45;05/06/2026;20:00;23.3;31;5.3;19.7;27;0.0;0.0;0.0;0.0;0.0;0;P1;Ensoleillé;1005.8;1005.8;0;0;0;0;45300.0;0.0;1.97;16.6;4.3;297;23.4;;;;;;;;
Bastia;42.69;9.45;05/06/2026;21:00;22.5;31;4.5;18.8;24;0.0;0.0;0.0;0.0;0.0;0;P1;Ensoleillé;1006.4;1006.4;0;0;0;0;45260.0;0.0;1.88;16.1;4.0;297;21.8;;;;;;;;
Bastia;42.69;9.45;05/06/2026;22:00;21.5;32;4.2;18.0;21;0.0;0.0;0.0;0.0;0.0;0;P1;Ensoleillé;1007.0;1007.0;0;0;0;0;45220.0;0.0;1.75;14.7;4.3;297;20.2;;;;;;;;
Bastia;42.69;9.45;05/06/2026;23:00;20.6;34;4.2;17.3;17;0.0;0.0;0.0;0.0;0.0;0;P1;Ensoleillé;1007.8;1007.8;0;0;0;0;45200.0;0.0;1.6;13.0;4.7;297;18.6;;;;;;;;
Bastia;42.69;9.45;06/06/2026;00:00;19.7;37;4.4;16.8;13;0.0;0.0;0.0;0.0;0.0;0;P1;Ensoleillé;1008.5;1008.5;0;0;0;0;45160.0;0.0;1.46;11.2;4.3;298;17.3;;;;;;;;
Bastia;42.69;9.45;06/06/2026;01:00;19.0;39;4.8;16.4;9;0.0;0.0;0.0;0.0;0.0;0;P1;Ensoleillé;1009.2;1009.2;0;0;0;0;45120.0;0.0;1.34;9.5;4.0;299;16.5;;;;;;;;
Bastia;42.69;9.45;06/06/2026;02:00;18.7;41;5.3;16.4;6;0.0;0.0;0.0;0.0;0.0;0;P1;Ensoleillé;1009.8;1009.8;0;0;0;0;45080.0;0.0;1.27;8.1;4.0;301;16.1;;;;;;;;
Bastia;42.69;9.45;06/06/2026;03:00;18.7;43;5.9;16.6;3;0.0;0.0;0.0;0.0;0.0;0;P1;Ensoleillé;1010.3;1010.3;0;0;0;0;44240.0;0.0;1.23;7.4;4.3;302;16.4;;;;;;;;
Bastia;42.69;9.45;06/06/2026;04:00;18.9;45;6.8;17.1;1;0.0;0.0;0.0;0.0;0.0;0;P1;Ensoleillé;1010.8;1010.8;0;0;0;0;43420.0;0.0;1.2;7.0;5.4;302;17.2;;;;;;;;
Bastia;42.69;9.45;06/06/2026;05:00;19.4;47;7.8;17.8;0;0.0;0.0;0.0;0.0;0.0;0;P1;Ensoleillé;1011.2;1011.2;0;0;0;0;42600.0;0.0;1.19;6.7;6.5;304;18.5;;;;;;;;
Bastia;42.69;9.45;06/06/2026;06:00;20.0;49;8.8;18.7;0;0.0;0.0;0.0;0.0;0.0;0;P1;Ensoleillé;1011.6;1011.6;0;0;0;0;41760.0;0.0;1.2;6.6;7.9;305;20.0;;;;;;;;
Bastia;42.69;9.45;06/06/2026;07:00;20.7;49;9.7;19.7;0;0.0;0.0;0.0;0.0;0.0;0;P1;Ensoleillé;1012.0;1012.0;0;0;0;0;40940.0;0.0;1.23;6.3;9.7;307;21.7;;;;;;;;
Bastia;42.69;9.45;06/06/2026;08:00;21.4;49;10.3;20.7;0;0.0;0.0;0.0;0.0;0.0;0;P1;Ensoleillé;1012.4;1012.4;0;0;0;0;40100.0;0.0;1.29;5.6;11.9;310;23.4;;;;;;;;
Bastia;42.69;9.45;06/06/2026;09:00;22.2;48;10.7;21.8;3;0.0;0.0;0.0;0.0;0.0;0;P1;Ensoleillé;1012.9;1012.9;1;0;1;0;40920.0;0.0;1.4;4.6;14.0;315;25.7;;;;;;;;
Bastia;42.69;9.45;06/06/2026;10:00;23.4;45;10.8;23.1;6;0.0;0.0;0.0;0.0;0.0;0;P1;Ensoleillé;1013.3;1013.3;2;0;2;0;41740.0;0.0;1.58;3.7;16.6;325;28.5;;;;;;;;
Bastia;42.69;9.45;06/06/2026;11:00;24.5;42;10.9;25.0;10;0.0;0.0;0.0;0.0;0.0;0;P1;Ensoleillé;1013.8;1013.8;4;0;4;0;42560.0;0.0;1.78;2.8;18.4;345;31.6;;;;;;;;
Bastia;42.69;9.45;06/06/2026;12:00;25.7;39;10.8;27.1;14;0.0;0.0;0.0;0.0;0.0;0;P1;Ensoleillé;1014.3;1014.3;5;0;5;0;43360.0;0.0;2.0;2.3;19.1;18;34.3;;;;;;;;
Bastia;42.69;9.45;06/06/2026;13:00;26.5;37;10.7;28.6;17;0.0;0.0;0.0;0.0;0.0;0;P1;Ensoleillé;1014.6;1014.6;6;0;7;0;44180.0;0.0;2.18;2.5;19.4;45;36.4;;;;;;;;
Bastia;42.69;9.45;06/06/2026;14:00;27.0;36;10.6;29.2;20;0.0;0.0;0.0;0.0;0.0;0;P1;Ensoleillé;1014.9;1014.9;7;0;7;0;45000.0;0.0;2.29;3.0;19.4;65;37.2;;;;;;;;
Bastia;42.69;9.45;06/06/2026;15:00;27.0;35;10.3;28.9;22;0.0;0.0;0.0;0.0;0.0;0;P1;Ensoleillé;1015.0;1015.0;7;0;7;0;45000.0;0.0;2.31;3.3;19.4;77;36.6;;;;;;;;
Bastia;42.69;9.45;06/06/2026;16:00;26.6;35;9.8;27.9;23;0.0;0.0;0.0;0.0;0.0;0;P1;Ensoleillé;1015.0;1015.0;6;0;5;1;45000.0;0.0;2.28;3.6;18.7;90;34.9;;;;;;;;
Bastia;42.69;9.45;06/06/2026;17:00;26.0;35;9.3;26.3;24;0.0;0.0;0.0;0.0;0.0;0;P1;Ensoleillé;1015.0;1015.0;5;0;4;1;45000.0;0.0;2.2;3.7;18.4;104;32.4;;;;;;;;
Bastia;42.69;9.45;06/06/2026;18:00;25.3;35;8.8;24.4;24;0.0;0.0;0.0;0.0;0.0;0;P1;Ensoleillé;1014.9;1014.9;4;0;2;2;45000.0;0.0;2.09;4.1;17.6;113;29.6;;;;;;;;
Bastia;42.69;9.45;06/06/2026;19:00;24.5;37;8.7;23.5;24;0.0;0.0;0.0;0.0;0.0;0;P1;Ensoleillé;1014.8;1014.8;3;0;1;2;45000.0;0.0;1.95;4.2;17.3;121;26.9;;;;;;;;
Bastia;42.69;9.45;06/06/2026;20:00;23.7;39;8.9;22.8;22;0.0;0.0;0.0;0.0;0.0;0;P1;Ensoleillé;1014.7;1014.7;2;0;0;2;45000.0;0.0;1.79;4.3;16.6;123;24.8;;;;;;;;
Bastia;42.69;9.45;06/06/2026;21:00;22.8;43;9.7;22.2;19;0.0;0.0;0.0;0.0;0.0;0;P1;Ensoleillé;1014.7;1014.7;1;0;0;2;42060.0;0.0;1.58;4.0;15.8;122;22.9;;;;;;;;
Bastia;42.69;9.45;06/06/2026;22:00;21.7;50;10.9;21.5;15;0.0;0.0;0.0;0.0;0.0;0;P1;Ensoleillé;1014.7;1014.7;0;0;0;1;39120.0;0.0;1.3;3.6;15.1;120;21.0;;;;;;;;
Bastia;42.69;9.45;06/06/2026;23:00;20.6;60;12.4;20.9;11;0.0;0.0;0.0;0.0;0.0;0;P1;Ensoleillé;1014.7;1014.7;0;0;0;0;36180.0;0.0;0.98;2.9;14.8;112;19.2;;;;;;;;
Bastia;42.69;9.45;07/06/2026;00:00;19.5;70;14.0;20.5;7;0.0;0.0;0.0;0.0;0.0;0;P1;Ensoleillé;1014.6;1014.6;0;0;0;0;33240.0;0.0;0.68;2.4;15.5;103;17.7;;;;;;;;
Bastia;42.69;9.45;07/06/2026;01:00;18.7;81;15.3;20.2;3;0.0;0.0;0.0;0.0;0.0;0;P1;Ensoleillé;1014.6;1014.6;0;0;0;0;30300.0;0.0;0.42;2.2;16.9;90;16.7;;;;;;;;
Bastia;42.69;9.45;07/06/2026;02:00;18.2;88;16.3;20.1;0;0.0;0.0;0.0;0.0;0.0;0;P1;Ensoleillé;1014.5;1014.5;0;0;0;0;27360.0;0.0;0.24;2.2;18.0;85;16.2;;;;;;;;
Bastia;42.69;9.45;07/06/2026;03:00;18.1;92;16.8;20.2;0;0.0;0.0;0.0;0.0;0.0;0;P1;Ensoleillé;1014.4;1014.4;3;1;0;2;27360.0;0.0;0.17;2.3;17.6;90;16.5;;;;;;;;
Bastia;42.69;9.45;07/06/2026;04:00;18.3;92;17.0;20.4;0;0.0;0.0;0.0;0.0;0.0;0;P1;Ensoleillé;1014.2;1014.2;7;3;0;5;27360.0;0.0;0.16;2.9;16.6;97;17.4;;;;;;;;
Bastia;42.69;9.45;07/06/2026;05:00;18.7;90;17.0;20.7;0;0.0;0.0;0.0;0.0;0.0;0;P1;Ensoleillé;1014.0;1014.0;12;5;0;8;27360.0;0.0;0.21;3.6;16.6;108;18.7;;;;;;;;
Bastia;42.69;9.45;07/06/2026;06:00;19.2;87;17.0;21.1;1;0.0;0.0;0.0;0.0;0.0;0;P1;Ensoleillé;1013.7;1013.7;17;6;0;12;27360.0;0.0;0.29;4.3;18.0;112;20.3;;;;;;;;
Bastia;42.69;9.45;07/06/2026;07:00;19.9;83;17.0;21.6;1;0.0;0.0;0.0;0.0;0.0;1;P2;Éclaircies;1013.5;1013.5;21;8;0;15;27360.0;0.0;0.39;5.1;20.5;117;22.1;;;;;;;;
Bastia;42.69;9.45;07/06/2026;08:00;20.6;80;17.0;22.3;2;0.0;0.0;0.0;0.0;0.0;1;P2;Éclaircies;1013.2;1013.2;23;9;0;16;27360.0;0.0;0.48;5.7;22.0;118;23.8;;;;;;;;
Bastia;42.69;9.45;07/06/2026;09:00;21.4;77;17.2;23.1;2;0.0;0.0;0.0;0.0;0.0;1;P2;Éclaircies;1012.9;1012.9;23;9;1;16;28100.0;0.0;0.59;6.4;22.3;119;25.9;;;;;;;;
Bastia;42.69;9.45;07/06/2026;10:00;22.6;73;17.5;24.2;2;0.0;0.0;0.0;0.0;0.0;1;P2;Éclaircies;1012.5;1012.5;22;9;1;15;28840.0;0.0;0.74;7.5;21.6;120;28.5;;;;;;;;
Bastia;42.69;9.45;07/06/2026;11:00;23.8;69;17.8;25.7;2;0.0;0.0;0.0;0.0;0.0;1;P2;Éclaircies;1012.1;1012.1;20;8;2;13;29600.0;0.0;0.92;8.3;20.5;120;31.3;;;;;;;;
Bastia;42.69;9.45;07/06/2026;12:00;25.0;65;18.0;27.5;2;0.0;0.0;0.0;0.0;0.0;0;P1;Ensoleillé;1011.7;1011.7;18;7;3;11;30340.0;0.0;1.1;9.0;18.0;120;33.8;;;;;;;;
Bastia;42.69;9.45;07/06/2026;13:00;25.9;62;18.2;29.0;2;0.0;0.0;0.0;0.0;0.0;0;P1;Ensoleillé;1011.3;1011.3;16;7;4;9;31080.0;0.0;1.26;9.3;15.1;119;35.7;;;;;;;;
Bastia;42.69;9.45;07/06/2026;14:00;26.5;60;18.2;29.9;2;0.0;0.0;0.0;0.0;0.0;0;P1;Ensoleillé;1011.0;1011.0;15;8;4;7;31820.0;0.0;1.37;8.6;12.2;116;36.5;;;;;;;;
Bastia;42.69;9.45;07/06/2026;15:00;26.6;59;18.0;30.2;2;0.0;0.0;0.0;0.0;0.0;0;P1;Ensoleillé;1010.7;1010.7;16;10;4;6;32140.0;0.0;1.42;7.2;10.1;108;36.0;;;;;;;;
Bastia;42.69;9.45;07/06/2026;16:00;26.5;59;17.8;29.9;1;0.0;0.0;0.0;0.0;0.0;0;P1;Ensoleillé;1010.3;1010.3;18;14;3;4;32480.0;0.0;1.42;5.6;8.6;88;34.5;;;;;;;;
Bastia;42.69;9.45;07/06/2026;17:00;26.1;59;17.5;28.8;1;0.0;0.0;0.0;0.0;0.0;1;P2;Éclaircies;1009.9;1009.9;21;17;2;3;32800.0;0.0;1.38;4.9;7.2;54;32.4;;;;;;;;
Bastia;42.69;9.45;07/06/2026;18:00;25.5;59;17.0;27.2;1;0.0;0.0;0.0;0.0;0.0;1;P2;Éclaircies;1009.6;1009.6;23;21;1;2;33120.0;0.0;1.33;6.0;6.1;21;29.9;;;;;;;;
Bastia;42.69;9.45;07/06/2026;19:00;24.9;60;16.5;26.1;0;0.0;0.0;0.0;0.0;0.0;1;P2;Éclaircies;1009.5;1009.5;24;23;1;1;33460.0;0.0;1.27;7.7;5.8;360;27.6;;;;;;;;
Bastia;42.69;9.45;07/06/2026;20:00;24.2;60;15.9;24.9;0;0.0;0.0;0.0;0.0;0.0;1;P2;Éclaircies;1009.5;1009.5;24;24;0;0;33780.0;0.0;1.22;9.3;5.0;347;25.7;;;;;;;;
Bastia;42.69;9.45;07/06/2026;21:00;23.4;60;15.1;23.7;0;0.0;0.0;0.0;0.0;0.0;1;P2;Éclaircies;1009.8;1009.8;22;22;0;0;30160.0;0.0;1.16;10.3;4.3;333;24.2;;;;;;;;
Bastia;42.69;9.45;07/06/2026;22:00;22.4;60;14.2;22.1;0;0.0;0.0;0.0;0.0;0.0;0;P1;Ensoleillé;1010.4;1010.4;17;18;0;0;26520.0;0.0;1.09;11.7;3.6;319;22.6;;;;;;;;
Bastia;42.69;9.45;07/06/2026;23:00;21.3;60;13.1;20.3;0;0.0;0.0;0.0;0.0;0.0;0;P1;Ensoleillé;1011.1;1011.1;12;12;0;0;22900.0;0.0;1.03;13.4;3.2;305;21.1;;;;;;;;
Bastia;42.69;9.45;08/06/2026;00:00;20.2;59;12.0;18.6;0;0.0;0.0;0.0;0.0;0.0;0;P1;Ensoleillé;1011.8;1011.8;7;7;0;0;19260.0;0.0;0.96;15.5;4.3;295;19.8;;;;;;;;
Bastia;42.69;9.45;08/06/2026;01:00;19.3;59;11.1;17.1;0;0.0;0.0;0.0;0.0;0.0;0;P1;Ensoleillé;1012.5;1012.5;2;3;0;0;15640.0;0.0;0.92;17.7;5.8;287;18.8;;;;;;;;
Bastia;42.69;9.45;08/06/2026;02:00;18.6;58;10.3;15.9;0;0.0;0.0;0.0;0.0;0.0;0;P1;Ensoleillé;1013.0;1013.0;0;0;0;0;12000.0;0.0;0.89;19.5;6.5;282;18.1;;;;;;;;
Bastia;42.69;9.45;08/06/2026;03:00;18.2;58;9.9;15.2;0;0.0;0.0;0.0;0.0;0.0;0;P1;Ensoleillé;1013.3;1013.3;0;0;0;0;12860.0;0.0;0.88;20.9;5.8;278;17.8;;;;;;;;
Bastia;42.69;9.45;08/06/2026;04:00;18.0;58;9.6;14.8;0;0.0;0.0;0.0;0.0;0.0;0;P1;Ensoleillé;1013.6;1013.6;1;1;0;0;13720.0;0.0;0.87;21.9;4.7;275;17.9;;;;;;;;
Bastia;42.69;9.45;08/06/2026;05:00;18.0;58;9.5;14.6;0;0.0;0.0;0.0;0.0;0.0;0;P1;Ensoleillé;1013.7;1013.7;3;3;0;0;14580.0;0.0;0.87;22.7;4.3;271;18.1;;;;;;;;
Bastia;42.69;9.45;08/06/2026;06:00;18.1;57;9.4;14.6;0;0.0;0.0;0.0;0.0;0.0;0;P1;Ensoleillé;1013.9;1013.9;6;6;0;0;15440.0;0.0;0.89;23.2;5.4;268;18.7;;;;;;;;
Bastia;42.69;9.45;08/06/2026;07:00;18.3;56;9.3;14.7;0;0.0;0.0;0.0;0.0;0.0;0;P1;Ensoleillé;1014.0;1014.0;8;8;0;0;16300.0;0.0;0.94;23.5;7.2;265;19.6;;;;;;;;
Bastia;42.69;9.45;08/06/2026;08:00;18.8;53;8.9;15.1;0;0.0;0.0;0.0;0.0;0.0;0;P1;Ensoleillé;1014.2;1014.2;9;9;0;0;17160.0;0.0;1.03;23.6;8.3;263;20.7;;;;;;;;
Bastia;42.69;9.45;08/06/2026;09:00;19.6;48;8.3;15.8;1;0.0;0.0;0.0;0.0;0.0;0;P1;Ensoleillé;1014.4;1014.4;9;9;0;0;21800.0;0.0;1.18;23.1;7.6;261;22.6;;;;;;;;
Bastia;42.69;9.45;08/06/2026;10:00;20.8;42;7.6;17.0;1;0.0;0.0;0.0;0.0;0.0;0;P1;Ensoleillé;1014.6;1014.6;8;8;0;0;26440.0;0.0;1.42;22.1;6.1;261;25.2;;;;;;;;
Bastia;42.69;9.45;08/06/2026;11:00;22.2;37;6.7;18.8;2;0.0;0.0;0.0;0.0;0.0;0;P1;Ensoleillé;1014.9;1014.9;7;7;0;0;31100.0;0.0;1.69;20.7;5.4;260;28.1;;;;;;;;
Bastia;42.69;9.45;08/06/2026;12:00;23.5;32;5.9;20.8;3;0.0;0.0;0.0;0.0;0.0;0;P1;Ensoleillé;1015.1;1015.1;5;5;0;0;35740.0;0.0;1.98;19.2;6.1;259;30.8;;;;;;;;
Bastia;42.69;9.45;08/06/2026;13:00;24.6;29;5.3;22.4;3;0.0;0.0;0.0;0.0;0.0;0;P1;Ensoleillé;1015.3;1015.3;4;4;0;0;40380.0;0.0;2.2;18.0;7.2;258;32.9;;;;;;;;
Bastia;42.69;9.45;08/06/2026;14:00;25.1;27;4.9;23.2;4;0.0;0.0;0.0;0.0;0.0;0;P1;Ensoleillé;1015.4;1015.4;3;3;0;0;45020.0;0.0;2.33;17.5;8.3;258;33.7;;;;;;;;
Bastia;42.69;9.45;08/06/2026;15:00;25.1;27;5.0;23.0;5;0.0;0.0;0.0;0.0;0.0;0;P1;Ensoleillé;1015.5;1015.5;2;2;0;0;45020.0;0.0;2.31;17.9;9.0;258;33.2;;;;;;;;
Bastia;42.69;9.45;08/06/2026;16:00;24.6;29;5.3;22.1;5;0.0;0.0;0.0;0.0;0.0;0;P1;Ensoleillé;1015.5;1015.5;2;2;0;0;45000.0;0.0;2.21;19.0;9.4;257;31.5;;;;;;;;
Bastia;42.69;9.45;08/06/2026;17:00;23.9;31;5.7;20.8;6;0.0;0.0;0.0;0.0;0.0;0;P1;Ensoleillé;1015.5;1015.5;1;1;0;0;45000.0;0.0;2.06;20.3;10.1;257;29.2;;;;;;;;
Bastia;42.69;9.45;08/06/2026;18:00;23.0;34;6.3;19.1;6;0.0;0.0;0.0;0.0;0.0;0;P1;Ensoleillé;1015.5;1015.5;1;1;0;0;45000.0;0.0;1.86;21.6;11.5;257;26.6;;;;;;;;
Bastia;42.69;9.45;08/06/2026;19:00;22.2;37;6.8;18.2;6;0.0;0.0;0.0;0.0;0.0;0;P1;Ensoleillé;1015.6;1015.6;0;0;0;0;44980.0;0.0;1.69;21.9;13.0;258;24.1;;;;;;;;
Bastia;42.69;9.45;08/06/2026;20:00;21.4;40;7.1;17.6;6;0.0;0.0;0.0;0.0;0.0;0;P1;Ensoleillé;1015.7;1015.7;0;0;0;0;44980.0;0.0;1.54;21.3;13.7;258;22.1;;;;;;;;
Bastia;42.69;9.45;08/06/2026;21:00;20.7;42;7.3;17.2;5;0.0;0.0;0.0;0.0;0.0;0;P1;Ensoleillé;1016.0;1016.0;0;0;0;0;44160.0;0.0;1.43;19.2;12.2;259;20.4;;;;;;;;
Bastia;42.69;9.45;08/06/2026;22:00;19.9;44;7.4;17.0;4;0.0;0.0;0.0;0.0;0.0;0;P1;Ensoleillé;1016.3;1016.3;0;0;0;0;43340.0;0.0;1.3;15.8;10.1;262;18.7;;;;;;;;
Bastia;42.69;9.45;08/06/2026;23:00;19.1;47;7.4;16.7;3;0.0;0.0;0.0;0.0;0.0;0;P1;Ensoleillé;1016.7;1016.7;0;0;0;0;42540.0;0.0;1.18;11.7;8.6;266;17.0;;;;;;;;
Bastia;42.69;9.45;09/06/2026;00:00;18.4;49;7.4;16.6;2;0.0;0.0;0.0;0.0;0.0;0;P1;Ensoleillé;1017.1;1017.1;0;0;0;0;41720.0;0.0;1.08;7.8;9.0;274;15.7;;;;;;;;
Bastia;42.69;9.45;09/06/2026;01:00;17.9;51;7.5;16.6;1;0.0;0.0;0.0;0.0;0.0;0;P1;Ensoleillé;1017.5;1017.5;0;0;0;0;40900.0;0.0;1.01;4.3;9.7;292;14.8;;;;;;;;
Bastia;42.69;9.45;09/06/2026;02:00;17.6;53;7.8;16.7;0;0.0;0.0;0.0;0.0;0.0;0;P1;Ensoleillé;1017.8;1017.8;0;0;0;0;40080.0;0.0;0.96;2.7;10.4;332;14.6;;;;;;;;
Bastia;42.69;9.45;09/06/2026;03:00;17.7;54;8.3;16.9;0;0.0;0.0;0.0;0.0;0.0;0;P1;Ensoleillé;1018.0;1018.0;1;0;0;1;39460.0;0.0;0.93;2.6;10.4;16;15.1;;;;;;;;
Bastia;42.69;9.45;09/06/2026;04:00;18.1;55;9.0;17.5;0;0.0;0.0;0.0;0.0;0.0;0;P1;Ensoleillé;1018.2;1018.2;2;0;0;2;38820.0;0.0;0.93;3.1;10.1;45;16.2;;;;;;;;
Bastia;42.69;9.45;09/06/2026;05:00;18.7;56;9.8;18.1;0;0.0;0.0;0.0;0.0;0.0;0;P1;Ensoleillé;1018.4;1018.4;3;0;0;3;38200.0;0.0;0.94;3.6;9.7;63;17.7;;;;;;;;
Bastia;42.69;9.45;09/06/2026;06:00;19.4;57;10.5;19.0;0;0.0;0.0;0.0;0.0;0.0;0;P1;Ensoleillé;1018.5;1018.5;4;0;0;4;37560.0;0.0;0.98;4.1;9.4;77;19.6;;;;;;;;
Bastia;42.69;9.45;09/06/2026;07:00;20.1;57;11.2;19.8;0;0.0;0.0;0.0;0.0;0.0;0;P1;Ensoleillé;1018.6;1018.6;4;0;0;5;36940.0;0.0;1.02;4.7;9.4;88;21.5;;;;;;;;
Bastia;42.69;9.45;09/06/2026;08:00;20.8;56;11.7;20.6;0;0.0;0.0;0.0;0.0;0.0;0;P1;Ensoleillé;1018.7;1018.7;5;0;0;5;36300.0;0.0;1.08;5.2;9.0;96;23.4;;;;;;;;
Bastia;42.69;9.45;09/06/2026;09:00;21.5;55;12.0;21.3;2;0.0;0.0;0.0;0.0;0.0;0;P1;Ensoleillé;1018.8;1018.8;5;0;1;4;36940.0;0.0;1.16;5.9;8.6;102;25.5;;;;;;;;
Bastia;42.69;9.45;09/06/2026;10:00;22.5;52;12.2;22.2;4;0.0;0.0;0.0;0.0;0.0;0;P1;Ensoleillé;1018.9;1018.9;4;0;1;3;37560.0;0.0;1.3;6.6;8.6;111;28.2;;;;;;;;
Bastia;42.69;9.45;09/06/2026;11:00;23.4;50;12.3;23.7;6;0.0;0.0;0.0;0.0;0.0;0;P1;Ensoleillé;1019.0;1019.0;3;0;2;1;38200.0;0.0;1.46;7.2;8.6;118;31.0;;;;;;;;
Bastia;42.69;9.45;09/06/2026;12:00;24.3;47;12.3;25.3;8;0.0;0.0;0.0;0.0;0.0;0;P1;Ensoleillé;1019.1;1019.1;2;0;3;0;38820.0;0.0;1.6;7.6;9.4;124;33.5;;;;;;;;
Bastia;42.69;9.45;09/06/2026;13:00;24.9;46;12.4;26.5;10;0.0;0.0;0.0;0.0;0.0;0;P1;Ensoleillé;1019.1;1019.1;3;0;4;0;39460.0;0.0;1.71;7.8;10.4;130;35.3;;;;;;;;
Bastia;42.69;9.45;09/06/2026;14:00;25.2;45;12.6;27.2;12;0.0;0.0;0.0;0.0;0.0;0;P1;Ensoleillé;1019.1;1019.1;4;0;4;0;40080.0;0.0;1.76;7.4;11.9;133;36.0;;;;;;;;
Bastia;42.69;9.45;09/06/2026;15:00;25.1;47;12.9;27.3;13;0.0;0.0;0.0;0.0;0.0;0;P1;Ensoleillé;1019.0;1019.0;8;0;4;4;39000.0;0.0;1.71;6.0;13.7;136;35.4;;;;;;;;
Bastia;42.69;9.45;09/06/2026;16:00;24.7;49;13.2;26.9;14;0.0;0.0;0.0;0.0;0.0;0;P1;Ensoleillé;1018.8;1018.8;13;0;4;9;37920.0;0.0;1.6;4.0;15.8;141;33.7;;;;;;;;
Bastia;42.69;9.45;09/06/2026;17:00;24.1;52;13.6;26.1;15;0.0;0.0;0.0;0.0;0.0;0;P1;Ensoleillé;1018.6;1018.6;19;0;3;16;36860.0;0.0;1.45;1.5;17.6;159;31.3;;;;;;;;
Bastia;42.69;9.45;09/06/2026;18:00;23.4;55;13.9;24.5;15;0.0;0.0;0.0;0.0;0.0;1;P2;Éclaircies;1018.4;1018.4;25;1;3;22;35780.0;0.0;1.29;1.5;18.7;277;28.6;;;;;;;;
Bastia;42.69;9.45;09/06/2026;19:00;22.6;59;14.3;23.5;15;0.0;0.0;0.0;0.0;0.0;1;P2;Éclaircies;1018.2;1018.2;29;1;2;27;34700.0;0.0;1.12;3.7;19.1;299;26.0;;;;;;;;
Bastia;42.69;9.45;09/06/2026;20:00;21.9;63;14.5;22.6;14;0.0;0.0;0.0;0.0;0.0;1;P2;Éclaircies;1018.1;1018.1;31;1;2;29;33620.0;0.0;0.98;5.1;19.1;302;23.9;;;;;;;;
Bastia;42.69;9.45;09/06/2026;21:00;21.0;67;14.6;21.7;12;0.0;0.0;0.0;0.0;0.0;1;P2;Éclaircies;1018.1;1018.1;29;1;2;27;28500.0;0.0;0.83;5.7;18.4;305;22.2;;;;;;;;
Bastia;42.69;9.45;09/06/2026;22:00;20.0;71;14.7;20.8;10;0.0;0.0;0.0;0.0;0.0;1;P2;Éclaircies;1018.2;1018.2;25;2;1;23;23360.0;0.0;0.67;5.7;16.9;305;20.4;;;;;;;;
Bastia;42.69;9.45;09/06/2026;23:00;19.0;76;14.7;19.8;8;0.0;0.0;0.0;0.0;0.0;0;P1;Ensoleillé;1018.4;1018.4;19;2;1;16;18240.0;0.0;0.52;5.4;15.5;307;18.7;;;;;;;;
Bastia;42.69;9.45;10/06/2026;00:00;18.0;81;14.6;18.8;6;0.0;0.0;0.0;0.0;0.0;0;P1;Ensoleillé;1018.5;1018.5;13;3;1;10;13100.0;0.0;0.4;4.9;14.0;309;17.3;;;;;;;;
Bastia;42.69;9.45;10/06/2026;01:00;17.2;84;14.5;18.1;4;0.0;0.0;0.0;0.0;0.0;0;P1;Ensoleillé;1018.7;1018.7;7;3;0;4;7980.0;0.0;0.31;4.5;12.6;310;16.3;;;;;;;;
Bastia;42.69;9.45;10/06/2026;02:00;16.8;86;14.4;17.7;2;0.0;0.0;0.0;0.0;0.0;0;P1;Ensoleillé;1018.8;1018.8;3;3;0;0;2840.0;0.0;0.27;4.2;11.2;310;15.9;;;;;;;;
Bastia;42.69;9.45;10/06/2026;03:00;16.8;85;14.3;17.7;1;0.0;0.0;0.0;0.0;0.0;0;P1;Ensoleillé;1018.9;1018.9;0;3;0;0;8420.0;0.0;0.29;4.1;9.7;308;16.2;;;;;;;;
Bastia;42.69;9.45;10/06/2026;04:00;17.1;83;14.1;17.8;1;0.0;0.0;0.0;0.0;0.0;0;P1;Ensoleillé;1018.9;1018.9;0;2;0;0;13980.0;0.0;0.34;4.3;8.6;303;17.0;;;;;;;;
Bastia;42.69;9.45;10/06/2026;05:00;17.6;79;13.8;18.2;1;0.0;0.0;0.0;0.0;0.0;0;P1;Ensoleillé;1019.0;1019.0;0;2;0;0;19560.0;0.0;0.43;4.4;7.6;300;18.3;;;;;;;;
Bastia;42.69;9.45;10/06/2026;06:00;18.2;75;13.6;18.7;1;0.0;0.0;0.0;0.0;0.0;0;P1;Ensoleillé;1019.0;1019.0;0;1;0;0;25140.0;0.0;0.53;4.4;6.8;297;19.8;;;;;;;;
Bastia;42.69;9.45;10/06/2026;07:00;18.9;70;13.3;19.3;2;0.0;0.0;0.0;0.0;0.0;0;P1;Ensoleillé;1019.0;1019.0;0;0;0;0;30700.0;0.0;0.66;4.5;6.5;293;21.5;;;;;;;;
Bastia;42.69;9.45;10/06/2026;08:00;19.7;65;13.0;20.0;2;0.0;0.0;0.0;0.0;0.0;0;P1;Ensoleillé;1019.1;1019.1;0;0;0;0;36280.0;0.0;0.79;4.2;7.2;290;23.3;;;;;;;;
Bastia;42.69;9.45;10/06/2026;09:00;20.6;61;12.8;21.0;2;0.0;0.0;0.0;0.0;0.0;0;P1;Ensoleillé;1019.2;1019.2;11;0;0;11;32660.0;0.0;0.96;3.5;9.4;285;25.5;;;;;;;;
Bastia;42.69;9.45;10/06/2026;10:00;21.8;56;12.6;22.3;3;0.0;0.0;0.0;0.0;0.0;1;P2;Éclaircies;1019.3;1019.3;28;0;0;28;29060.0;0.0;1.16;2.7;12.6;278;28.2;;;;;;;;
Bastia;42.69;9.45;10/06/2026;11:00;23.1;51;12.3;23.7;3;0.0;0.0;0.0;0.0;0.0;1;P2;Éclaircies;1019.4;1019.4;48;1;0;47;25460.0;0.0;1.39;1.8;15.1;259;31.2;;;;;;;;
Bastia;42.69;9.45;10/06/2026;12:00;24.3;46;12.0;25.8;3;0.0;0.0;0.0;0.0;0.0;2;P8;Éclaircies;1019.6;1019.6;66;1;0;65;21840.0;0.0;1.63;1.3;16.2;225;33.9;;;;;;;;
Bastia;42.69;9.45;10/06/2026;13:00;25.2;43;11.7;27.3;3;0.0;0.0;0.0;0.0;0.0;3;P4;Nuageux;1019.7;1019.7;80;2;0;79;18240.0;0.0;1.84;1.3;16.9;188;35.9;;;;;;;;
Bastia;42.69;9.45;10/06/2026;14:00;25.8;40;11.2;28.1;4;0.0;0.0;0.0;0.0;0.0;3;P4;Nuageux;1019.7;1019.7;85;2;0;84;14620.0;0.0;1.99;1.3;16.9;172;36.7;;;;;;;;
Bastia;42.69;9.45;10/06/2026;15:00;25.8;38;10.4;27.9;5;0.0;0.0;0.0;0.0;0.0;3;P4;Nuageux;1019.7;1019.7;80;2;0;78;19680.0;0.0;2.07;0.7;16.6;180;36.1;;;;;;;;
Bastia;42.69;9.45;10/06/2026;16:00;25.6;36;9.5;27.0;7;0.0;0.0;0.0;0.0;0.0;2;P8;Éclaircies;1019.7;1019.7;66;2;0;64;24740.0;0.0;2.1;0.6;15.8;304;34.4;;;;;;;;
Bastia;42.69;9.45;10/06/2026;17:00;25.0;35;8.4;25.2;8;0.0;0.0;0.0;0.0;0.0;1;P2;Éclaircies;1019.6;1019.6;47;2;1;46;29800.0;0.0;2.07;2.2;15.1;318;32.0;;;;;;;;
Bastia;42.69;9.45;10/06/2026;18:00;24.3;34;7.4;23.1;9;0.0;0.0;0.0;0.0;0.0;1;P2;Éclaircies;1019.5;1019.5;27;1;1;26;34840.0;0.0;2.01;3.7;15.1;325;29.3;;;;;;;;
Bastia;42.69;9.45;10/06/2026;19:00;23.6;34;6.7;22.0;10;0.0;0.0;0.0;0.0;0.0;0;P1;Ensoleillé;1019.4;1019.4;11;1;1;10;39900.0;0.0;1.93;4.9;15.1;324;26.7;;;;;;;;
Bastia;42.69;9.45;10/06/2026;20:00;22.9;34;6.3;21.2;10;0.0;0.0;0.0;0.0;0.0;0;P1;Ensoleillé;1019.3;1019.3;1;1;1;0;44960.0;0.0;1.84;5.5;14.8;324;24.5;;;;;;;;
Bastia;42.69;9.45;10/06/2026;21:00;22.1;36;6.3;20.4;9;0.0;0.0;0.0;0.0;0.0;0;P1;Ensoleillé;1019.2;1019.2;0;1;1;0;43520.0;0.0;1.7;5.4;13.7;323;22.6;;;;;;;;
Bastia;42.69;9.45;10/06/2026;22:00;21.0;40;6.8;19.5;7;0.0;0.0;0.0;0.0;0.0;0;P1;Ensoleillé;1019.1;1019.1;2;1;1;2;42060.0;0.0;1.51;4.7;12.6;320;20.6;;;;;;;;
Bastia;42.69;9.45;10/06/2026;23:00;20.0;44;7.5;18.8;5;0.0;0.0;0.0;0.0;0.0;0;P1;Ensoleillé;1019.0;1019.0;9;0;1;8;40620.0;0.0;1.3;3.8;11.2;315;18.7;;;;;;;;
Bastia;42.69;9.45;11/06/2026;00:00;19.0;50;8.2;18.1;3;0.0;0.0;0.0;0.0;0.0;0;P1;Ensoleillé;1018.8;1018.8;16;0;0;16;39180.0;0.0;1.11;2.8;10.1;305;17.1;;;;;;;;
Bastia;42.69;9.45;11/06/2026;01:00;18.2;54;8.8;17.6;1;0.0;0.0;0.0;0.0;0.0;1;P2;Éclaircies;1018.7;1018.7;22;0;0;22;37720.0;0.0;0.96;2.2;8.6;294;16.0;;;;;;;;
Bastia;42.69;9.45;11/06/2026;02:00;17.9;57;9.2;17.5;0;0.0;0.0;0.0;0.0;0.0;1;P2;Éclaircies;1018.6;1018.6;24;0;0;24;36280.0;0.0;0.89;1.7;8.3;288;15.6;;;;;;;;
Bastia;42.69;9.45;11/06/2026;03:00;18.1;57;9.3;17.7;0;0.0;0.0;0.0;0.0;0.0;1;P2;Éclaircies;1018.5;1018.5;23;0;0;22;36920.0;0.0;0.9;1.5;9.0;300;16.0;;;;;;;;
Bastia;42.69;9.45;11/06/2026;04:00;18.6;55;9.4;18.3;0;0.0;0.0;0.0;0.0;0.0;0;P1;Ensoleillé;1018.4;1018.4;19;0;0;19;37540.0;0.0;0.97;1.7;10.1;319;17.1;;;;;;;;
Bastia;42.69;9.45;11/06/2026;05:00;19.4;52;9.3;19.0;0;0.0;0.0;0.0;0.0;0.0;0;P1;Ensoleillé;1018.2;1018.2;14;0;1;13;38180.0;0.0;1.08;2.1;10.8;340;18.7;;;;;;;;
Bastia;42.69;9.45;11/06/2026;06:00;20.3;49;9.2;19.7;0;0.0;0.0;0.0;0.0;0.0;0;P1;Ensoleillé;1018.1;1018.1;9;0;1;8;38800.0;0.0;1.23;2.9;10.8;353;20.6;;;;;;;;
Bastia;42.69;9.45;11/06/2026;07:00;21.3;45;8.9;20.5;0;0.0;0.0;0.0;0.0;0.0;0;P1;Ensoleillé;1018.0;1018.0;4;0;1;3;39440.0;0.0;1.39;3.8;10.4;355;22.6;;;;;;;;
Bastia;42.69;9.45;11/06/2026;08:00;22.1;42;8.6;21.2;0;0.0;0.0;0.0;0.0;0.0;0;P1;Ensoleillé;1018.0;1018.0;1;0;1;0;40060.0;0.0;1.55;4.3;10.4;355;24.6;;;;;;;;
Bastia;42.69;9.45;11/06/2026;09:00;23.0;39;8.2;21.9;2;0.0;0.0;0.0;0.0;0.0;0;P1;Ensoleillé;1018.0;1018.0;0;0;1;0;40880.0;0.0;1.73;4.9;11.5;352;26.9;;;;;;;;
Bastia;42.69;9.45;11/06/2026;10:00;24.1;35;7.5;22.7;5;0.0;0.0;0.0;0.0;0.0;0;P1;Ensoleillé;1018.1;1018.1;0;0;1;0;41700.0;0.0;1.96;5.4;13.0;345;29.7;;;;;;;;
Bastia;42.69;9.45;11/06/2026;11:00;25.2;31;6.8;24.1;8;0.0;0.0;0.0;0.0;0.0;0;P1;Ensoleillé;1018.2;1018.2;0;0;1;0;42540.0;0.0;2.21;6.0;14.0;339;32.7;;;;;;;;
Bastia;42.69;9.45;11/06/2026;12:00;26.2;28;6.1;25.6;11;0.0;0.0;0.0;0.0;0.0;0;P1;Ensoleillé;1018.3;1018.3;0;0;0;0;43360.0;0.0;2.46;6.6;14.4;334;35.3;;;;;;;;
Bastia;42.69;9.45;11/06/2026;13:00;26.8;26;5.5;26.6;13;0.0;0.0;0.0;0.0;0.0;0;P1;Ensoleillé;1018.4;1018.4;1;0;0;1;44180.0;0.0;2.63;7.1;14.4;330;37.2;;;;;;;;
Bastia;42.69;9.45;11/06/2026;14:00;27.1;24;5.1;27.0;16;0.0;0.0;0.0;0.0;0.0;0;P1;Ensoleillé;1018.4;1018.4;1;0;0;1;45000.0;0.0;2.72;7.4;13.7;328;37.9;;;;;;;;
Bastia;42.69;9.45;11/06/2026;15:00;26.9;24;4.8;26.6;18;0.0;0.0;0.0;0.0;0.0;0;P1;Ensoleillé;1018.4;1018.4;1;0;0;1;45000.0;0.0;2.68;7.5;11.9;327;37.1;;;;;;;;
Bastia;42.69;9.45;11/06/2026;16:00;26.3;25;4.5;25.6;20;0.0;0.0;0.0;0.0;0.0;0;P1;Ensoleillé;1018.3;1018.3;0;0;0;0;44980.0;0.0;2.58;7.3;9.4;327;35.1;;;;;;;;
Bastia;42.69;9.45;11/06/2026;17:00;25.4;26;4.3;24.1;22;0.0;0.0;0.0;0.0;0.0;0;P1;Ensoleillé;1018.1;1018.1;0;0;0;0;44980.0;0.0;2.41;7.0;7.6;328;32.3;;;;;;;;
Bastia;42.69;9.45;11/06/2026;18:00;24.3;27;4.2;22.2;23;0.0;0.0;0.0;0.0;0.0;0;P1;Ensoleillé;1018.0;1018.0;0;0;1;0;44980.0;0.0;2.22;6.5;6.5;328;29.3;;;;;;;;
Bastia;42.69;9.45;11/06/2026;19:00;23.3;29;4.4;21.1;24;0.0;0.0;0.0;0.0;0.0;0;P1;Ensoleillé;1018.0;1018.0;0;0;1;0;44960.0;0.0;2.02;6.0;6.1;327;26.4;;;;;;;;
Bastia;42.69;9.45;11/06/2026;20:00;22.3;32;4.7;20.3;24;0.0;0.0;0.0;0.0;0.0;0;P1;Ensoleillé;1018.0;1018.0;1;0;1;0;44960.0;0.0;1.84;5.6;5.8;327;24.1;;;;;;;;
Bastia;42.69;9.45;11/06/2026;21:00;21.4;35;5.5;19.5;22;0.0;0.0;0.0;0.0;0.0;0;P1;Ensoleillé;1018.2;1018.2;5;0;1;4;43060.0;0.0;1.65;5.1;5.8;324;22.2;;;;;;;;
Bastia;42.69;9.45;11/06/2026;22:00;20.3;41;6.5;18.7;18;0.0;0.0;0.0;0.0;0.0;0;P1;Ensoleillé;1018.4;1018.4;12;0;1;11;41160.0;0.0;1.41;4.7;5.8;317;20.3;;;;;;;;
Bastia;42.69;9.45;11/06/2026;23:00;19.2;48;7.8;18.0;14;0.0;0.0;0.0;0.0;0.0;0;P1;Ensoleillé;1018.8;1018.8;19;0;1;19;39260.0;0.0;1.16;4.2;6.1;306;18.6;;;;;;;;
Bastia;42.69;9.45;12/06/2026;00:00;18.2;55;9.1;17.4;9;0.0;0.0;0.0;0.0;0.0;1;P2;Éclaircies;1019.1;1019.1;26;0;1;26;37360.0;0.0;0.94;3.9;7.2;298;17.2;;;;;;;;
Bastia;42.69;9.45;12/06/2026;01:00;17.5;62;10.2;17.1;4;0.0;0.0;0.0;0.0;0.0;1;P2;Éclaircies;1019.4;1019.4;32;0;1;31;35460.0;0.0;0.76;3.8;8.3;289;16.3;;;;;;;;
Bastia;42.69;9.45;12/06/2026;02:00;17.2;66;10.9;17.0;3;0.0;0.0;0.0;0.0;0.0;1;P2;Éclaircies;1019.6;1019.6;34;0;1;34;33560.0;0.0;0.66;3.5;9.0;285;15.9;;;;;;;;
Bastia;42.69;9.45;12/06/2026;03:00;17.4;67;11.3;17.4;2;0.0;0.0;0.0;0.0;0.0;1;P2;Éclaircies;1019.7;1019.7;32;0;1;32;34020.0;0.0;0.65;3.4;9.4;286;16.3;;;;;;;;
Bastia;42.69;9.45;12/06/2026;04:00;18.0;66;11.5;18.0;4;0.0;0.0;0.0;0.0;0.0;1;P2;Éclaircies;1019.8;1019.8;27;0;1;27;34460.0;0.0;0.71;3.2;9.0;297;17.4;;;;;;;;
Bastia;42.69;9.45;12/06/2026;05:00;18.8;63;11.5;18.8;3;0.0;0.0;0.0;0.0;0.0;1;P2;Éclaircies;1019.8;1019.8;20;0;1;20;34920.0;0.0;0.81;3.2;8.3;308;18.9;;;;;;;;
Bastia;42.69;9.45;12/06/2026;06:00;19.8;58;11.3;19.8;3;0.0;0.0;0.0;0.0;0.0;0;P1;Ensoleillé;1019.8;1019.8;13;0;0;13;35360.0;0.0;0.97;3.1;6.5;320;20.7;;;;;;;;
Bastia;42.69;9.45;12/06/2026;07:00;20.8;54;11.1;20.7;3;0.0;0.0;0.0;0.0;0.0;0;P1;Ensoleillé;1019.8;1019.8;8;0;0;8;35820.0;0.0;1.13;3.0;3.6;335;22.6;;;;;;;;
Bastia;42.69;9.45;12/06/2026;08:00;21.7;50;10.9;21.7;3;0.0;0.0;0.0;0.0;0.0;0;P1;Ensoleillé;1019.8;1019.8;7;0;0;7;36260.0;0.0;1.3;2.5;2.2;352;24.5;;;;;;;;
Bastia;42.69;9.45;12/06/2026;09:00;22.7;46;10.5;22.6;3;0.0;0.0;0.0;0.0;0.0;0;P1;Ensoleillé;1019.8;1019.8;10;0;0;10;37720.0;0.0;1.49;2.0;2.5;27;26.6;;;;;;;;
Bastia;42.69;9.45;12/06/2026;10:00;23.9;41;10.0;23.5;2;0.0;0.0;0.0;0.0;0.0;0;P1;Ensoleillé;1019.7;1019.7;17;0;0;17;39180.0;0.0;1.74;2.6;3.6;78;29.0;;;;;;;;
Bastia;42.69;9.45;12/06/2026;11:00;25.0;37;9.4;24.8;2;0.0;0.0;0.0;0.0;0.0;1;P2;Éclaircies;1019.7;1019.7;25;0;0;25;40640.0;0.0;2.0;4.4;4.7;99;31.6;;;;;;;;
Bastia;42.69;9.45;12/06/2026;12:00;26.5;37;10.4;27.0;2;0.0;0.0;0.0;0.0;0.0;1;P2;Éclaircies;1019.7;1019.7;50;0;1;50;37595.0;0.0;2.18;6.1;5.0;107;34.0;;;;;;;;
Bastia;42.69;9.45;12/06/2026;13:00;27.6;38;11.8;28.8;2;0.0;0.0;0.0;0.0;0.0;1;P2;Éclaircies;1019.7;1019.7;71;0;2;71;33840.0;0.0;2.27;7.9;5.4;117;36.1;;;;;;;;
Bastia;42.69;9.45;12/06/2026;14:00;28.2;42;13.7;30.0;3;0.0;0.0;0.0;0.0;0.0;1;P2;Éclaircies;1019.6;1019.6;87;0;4;87;29355.0;0.0;2.23;8.8;5.4;124;37.6;;;;;;;;
Bastia;42.69;9.45;12/06/2026;15:00;27.9;46;15.2;30.3;4;0.0;0.0;0.0;0.0;0.0;3;P4;Nuageux;1019.4;1019.4;100;0;6;100;24140.0;0.0;2.03;6.9;5.0;129;;;;;;;;;
Bastia;42.69;9.45;12/06/2026;16:00;27.1;47;14.8;29.6;5;0.0;0.0;0.0;0.0;0.0;3;P4;Nuageux;1019.3;1019.3;100;0;5;100;24140.0;0.0;1.9;3.3;4.7;131;;;;;;;;;
Bastia;42.69;9.45;12/06/2026;17:00;26.3;49;14.8;28.5;6;0.0;0.0;0.0;0.0;0.0;3;P4;Nuageux;1019.1;1019.1;98;0;5;95;24140.0;0.0;1.75;1.1;4.7;180;;;;;;;;;
Bastia;42.69;9.45;12/06/2026;18:00;25.8;52;15.2;27.2;7;0.0;0.0;0.0;0.0;0.0;3;P4;Nuageux;1018.8;1018.8;81;0;4;77;24140.0;0.0;1.59;2.3;5.0;231;;;;;;;;;
Bastia;42.69;9.45;12/06/2026;19:00;25.3;56;15.9;26.8;9;0.0;0.0;0.0;0.0;0.0;2;P8;Éclaircies;1018.6;1018.6;57;0;4;54;24140.0;0.0;1.42;4.1;5.4;232;;;;;;;;;
Bastia;42.69;9.45;12/06/2026;20:00;24.7;59;16.2;26.0;10;0.0;0.0;0.0;0.0;0.0;1;P2;Éclaircies;1018.4;1018.4;38;0;5;33;24140.0;0.0;1.28;5.7;5.8;235;;;;;;;;;
Bastia;42.69;9.45;12/06/2026;21:00;23.9;62;16.2;25.1;11;0.0;0.0;0.0;0.0;0.0;1;P2;Éclaircies;1018.4;1018.4;28;0;9;19;24140.0;0.0;1.13;6.3;6.5;246;;;;;;;;;
Bastia;42.69;9.45;12/06/2026;22:00;23.0;64;15.8;23.9;13;0.0;0.0;0.0;0.0;0.0;1;P2;Éclaircies;1018.6;1018.6;23;0;14;7;24140.0;0.0;1.01;7.0;7.2;258;;;;;;;;;
Bastia;42.69;9.45;12/06/2026;23:00;22.2;66;15.6;23.0;14;0.0;0.0;0.0;0.0;0.0;0;P1;Ensoleillé;1018.6;1018.6;18;0;17;0;24140.0;0.0;0.91;7.6;7.6;267;;;;;;;;;
Calvi;42.56;8.75;28/05/2026;00:00;23.3;37;7.8;21.4;0;0.0;0.0;0.0;0.0;0.0;0;P1;Ensoleillé;1018.3;1016.3;0;0;0;0;44900.0;0.08;1.81;9.2;17.6;201;19.8;24.3;26.0;21.3;0.053;0.07;0.097;0.122;0.172
Calvi;42.56;8.75;28/05/2026;01:00;23.0;39;8.3;21.2;0;0.0;0.0;0.0;0.0;0.0;0;P1;Ensoleillé;1018.1;1016.1;1;0;0;1;44260.0;0.08;1.71;8.9;16.2;201;19.1;23.5;25.7;21.3;0.054;0.07;0.097;0.122;0.172
Calvi;42.56;8.75;28/05/2026;02:00;23.2;37;7.7;21.3;0;0.0;0.0;0.0;0.0;0.0;2;P8;Éclaircies;1017.7;1015.7;52;0;0;52;44760.0;0.08;1.79;9.0;15.8;196;19.4;23.2;25.3;21.3;0.055;0.071;0.098;0.123;0.173
Calvi;42.56;8.75;28/05/2026;03:00;22.9;38;7.8;21.2;0;0.0;0.0;0.0;0.0;0.0;3;P4;Nuageux;1017.1;1015.1;100;0;0;100;44380.0;0.08;1.73;8.0;16.2;198;19.1;22.8;25.0;21.3;0.056;0.071;0.098;0.123;0.173
Calvi;42.56;8.75;28/05/2026;04:00;22.4;41;8.5;21.0;0;0.0;0.0;0.0;0.0;0.0;3;P4;Nuageux;1016.8;1014.8;86;0;0;86;43480.0;0.08;1.6;7.2;14.0;198;18.6;22.4;24.7;21.3;0.056;0.071;0.098;0.123;0.173
Calvi;42.56;8.75;28/05/2026;05:00;21.4;46;9.3;20.2;0;0.0;0.0;0.0;0.0;0.0;1;P2;Éclaircies;1017.1;1015.1;0;0;0;0;42360.0;0.07;1.38;7.7;13.0;191;17.5;21.6;24.3;21.4;0.057;0.071;0.098;0.123;0.173
Calvi;42.56;8.75;28/05/2026;06:00;21.3;45;8.9;20.0;0;0.0;0.0;0.0;0.0;0.0;0;P1;Ensoleillé;1017.4;1015.4;0;0;0;0;42360.0;0.07;1.39;6.9;13.3;186;17.4;21.2;24.0;21.4;0.057;0.071;0.098;0.122;0.173
Calvi;42.56;8.75;28/05/2026;07:00;21.9;48;10.4;21.1;0;0.0;0.0;0.0;0.0;0.0;0;P1;Ensoleillé;1017.6;1015.6;0;0;0;0;42000.0;0.07;1.37;6.2;13.3;173;20.7;21.1;23.7;21.4;0.057;0.071;0.098;0.122;0.173
Calvi;42.56;8.75;28/05/2026;08:00;24.6;45;11.9;24.7;0;0.0;0.0;0.0;0.0;0.0;0;P1;Ensoleillé;1017.6;1015.6;0;0;0;0;42780.0;0.08;1.71;3.4;10.8;212;27.2;22.3;23.5;21.4;0.057;0.071;0.098;0.122;0.173
Calvi;42.56;8.75;28/05/2026;09:00;27.0;28;7.0;25.5;0;0.0;0.0;0.0;0.0;0.0;0;P1;Ensoleillé;1017.2;1015.2;0;0;0;0;48460.0;0.13;2.57;5.5;10.1;281;32.7;24.5;23.4;21.4;0.057;0.071;0.097;0.122;0.172
Calvi;42.56;8.75;28/05/2026;10:00;27.6;28;7.5;26.0;0;0.0;0.0;0.0;0.0;0.0;0;P1;Ensoleillé;1017.5;1015.5;0;0;0;0;48840.0;0.18;2.67;6.6;13.0;283;34.8;26.8;23.5;21.4;0.055;0.071;0.097;0.122;0.172
Calvi;42.56;8.75;28/05/2026;11:00;28.1;32;9.9;27.7;0;0.0;0.0;0.0;0.0;0.0;0;P1;Ensoleillé;1017.9;1015.9;0;0;0;0;46420.0;0.2;2.59;9.4;16.2;288;37.8;28.7;23.7;21.4;0.054;0.071;0.097;0.121;0.172
Calvi;42.56;8.75;28/05/2026;12:00;28.5;34;11.2;28.9;0;0.0;0.0;0.0;0.0;0.0;0;P1;Ensoleillé;1018.1;1016.1;0;0;0;0;45160.0;0.21;2.57;10.8;18.0;291;40.4;30.6;24.1;21.4;0.052;0.071;0.097;0.121;0.172
Calvi;42.56;8.75;28/05/2026;13:00;28.6;36;12.1;29.8;0;0.0;0.0;0.0;0.0;0.0;0;P1;Ensoleillé;1018.2;1016.2;0;0;0;0;43940.0;0.21;2.5;10.0;17.6;308;41.4;32.3;24.5;21.4;0.05;0.07;0.097;0.12;0.171
Calvi;42.56;8.75;28/05/2026;14:00;28.0;42;13.9;30.0;0;0.0;0.0;0.0;0.0;0.0;0;P1;Ensoleillé;1018.0;1016.0;0;0;0;0;41320.0;0.2;2.2;10.2;17.3;318;41.1;33.5;25.1;21.4;0.049;0.07;0.097;0.12;0.171
Calvi;42.56;8.75;28/05/2026;15:00;27.7;43;14.0;29.7;0;0.0;0.0;0.0;0.0;0.0;0;P1;Ensoleillé;1017.7;1015.7;0;0;0;0;41200.0;0.19;2.12;8.9;17.6;320;39.7;34.2;25.6;21.4;0.048;0.07;0.097;0.119;0.171
Calvi;42.56;8.75;28/05/2026;16:00;27.5;44;14.2;29.2;0;0.0;0.0;0.0;0.0;0.0;0;P1;Ensoleillé;1017.5;1015.5;0;0;0;0;41440.0;0.16;2.06;7.7;15.1;319;37.5;34.2;26.1;21.4;0.047;0.07;0.097;0.119;0.171
Calvi;42.56;8.75;28/05/2026;17:00;26.4;50;15.2;27.6;0;0.0;0.0;0.0;0.0;0.0;0;P1;Ensoleillé;1017.6;1015.6;0;0;0;0;40080.0;0.13;1.73;8.5;13.7;324;34.3;33.5;26.5;21.5;0.047;0.069;0.098;0.119;0.171
Calvi;42.56;8.75;28/05/2026;18:00;25.8;54;15.8;26.9;0;0.0;0.0;0.0;0.0;0.0;0;P1;Ensoleillé;1017.4;1015.4;0;0;0;0;39600.0;0.11;1.53;6.1;13.3;320;31.3;32.6;26.9;21.5;0.047;0.069;0.097;0.119;0.17
Calvi;42.56;8.75;28/05/2026;19:00;24.9;57;15.8;26.2;0;0.0;0.0;0.0;0.0;0.0;0;P1;Ensoleillé;1017.0;1015.0;0;0;0;0;39220.0;0.07;1.36;4.8;9.7;312;28.3;31.3;27.1;21.5;0.048;0.069;0.097;0.118;0.17
Calvi;42.56;8.75;28/05/2026;20:00;23.9;63;16.4;25.4;0;0.0;0.0;0.0;0.0;0.0;0;P1;Ensoleillé;1017.1;1015.1;0;0;0;0;38200.0;0.04;1.1;4.8;7.9;333;24.1;29.8;27.1;21.6;0.049;0.069;0.097;0.118;0.17
Calvi;42.56;8.75;28/05/2026;21:00;21.9;73;16.9;23.8;0;0.0;0.0;0.0;0.0;0.0;0;P1;Ensoleillé;1017.2;1015.2;0;0;0;0;34960.0;0.01;0.71;3.7;8.6;349;20.8;28.1;27.1;21.6;0.05;0.069;0.097;0.118;0.17
Calvi;42.56;8.75;28/05/2026;22:00;20.9;86;18.5;23.1;0;0.0;0.0;0.0;0.0;0.0;0;P1;Ensoleillé;1017.8;1015.8;7;0;0;7;27960.0;0.01;0.35;6.3;10.1;13;19.7;26.4;27.0;21.6;0.052;0.068;0.097;0.118;0.17
Calvi;42.56;8.75;28/05/2026;23:00;20.1;88;18.0;22.8;0;0.0;0.0;0.0;0.0;0.0;0;P1;Ensoleillé;1017.6;1015.6;1;0;0;1;23520.0;0.01;0.28;1.5;11.9;315;18.7;25.2;26.7;21.6;0.053;0.068;0.097;0.118;0.17
Calvi;42.56;8.75;29/05/2026;00:00;19.6;92;18.3;21.5;0;0.0;0.0;0.0;0.0;0.0;1;P2;Éclaircies;1018.7;1016.7;25;7;2;19;19000.0;0.01;0.18;7.5;13.3;17;19.7;24.1;26.4;21.7;0.055;0.068;0.097;0.118;0.17
Calvi;42.56;8.75;29/05/2026;01:00;19.2;90;17.6;22.0;0;0.0;0.0;0.0;0.0;0.0;3;P4;Nuageux;1018.6;1016.6;100;0;0;100;22180.0;0.01;0.22;0.0;12.6;270;18.4;23.5;26.1;21.7;0.056;0.068;0.097;0.118;0.17
Calvi;42.56;8.75;29/05/2026;02:00;19.7;89;17.9;22.4;0;0.0;0.0;0.0;0.0;0.0;3;P4;Nuageux;1018.4;1016.4;100;0;9;100;25040.0;0.01;0.25;1.6;2.5;153;18.4;22.9;25.7;21.7;0.057;0.069;0.097;0.118;0.17
Calvi;42.56;8.75;29/05/2026;03:00;19.9;87;17.7;22.2;0;0.0;0.0;0.0;0.0;0.0;3;P4;Nuageux;1017.7;1015.7;100;0;18;100;27440.0;0.01;0.3;2.9;4.0;187;18.4;22.4;25.4;21.7;0.058;0.069;0.096;0.118;0.17
Calvi;42.56;8.75;29/05/2026;04:00;19.9;85;17.3;22.1;3;0.0;0.0;0.0;0.0;0.0;1;P2;Éclaircies;1017.3;1015.3;23;0;7;17;27880.0;0.01;0.35;2.7;9.0;203;18.8;22.2;25.0;21.7;0.059;0.069;0.096;0.118;0.17
Calvi;42.56;8.75;29/05/2026;05:00;19.5;87;17.3;21.3;8;0.0;0.0;0.0;0.0;0.0;1;P2;Éclaircies;1017.8;1015.8;10;0;10;0;27000.0;0.01;0.3;5.7;7.6;325;17.3;21.8;24.7;21.8;0.06;0.069;0.096;0.118;0.17
Calvi;42.56;8.75;29/05/2026;06:00;18.4;95;17.6;20.2;5;0.0;0.0;0.0;0.0;0.0;2;P8;Éclaircies;1019.2;1017.2;52;32;32;0;2500.0;-0.0;0.11;6.9;13.3;28;18.4;21.5;24.4;21.8;0.061;0.069;0.096;0.118;0.17
Calvi;42.56;8.75;29/05/2026;07:00;18.9;93;17.8;21.3;5;0.0;0.0;0.0;0.0;0.0;1;P2;Éclaircies;1019.4;1017.4;29;3;22;7;16640.0;0.01;0.15;3.0;11.9;346;20.4;21.3;24.1;21.8;0.062;0.069;0.096;0.118;0.17
Calvi;42.56;8.75;29/05/2026;08:00;20.7;81;17.4;23.1;3;0.0;0.0;0.0;0.0;0.0;1;P2;Éclaircies;1019.3;1017.3;46;15;17;21;26580.0;0.04;0.47;2.1;7.2;59;25.2;21.9;23.8;21.8;0.062;0.07;0.096;0.118;0.17
Calvi;42.56;8.75;29/05/2026;09:00;22.1;71;16.6;23.8;3;0.0;0.0;0.0;0.0;0.0;3;P4;Nuageux;1019.5;1017.5;100;0;0;100;35160.0;0.08;0.77;4.7;10.8;328;27.3;23.6;23.6;21.8;0.061;0.07;0.096;0.118;0.17
Calvi;42.56;8.75;29/05/2026;10:00;23.9;61;16.0;25.5;3;0.0;0.0;0.0;0.0;0.0;3;P4;Nuageux;1019.8;1017.8;100;0;17;100;38820.0;0.11;1.16;3.7;8.3;281;30.5;24.9;23.6;21.8;0.06;0.07;0.096;0.118;0.17
Calvi;42.56;8.75;29/05/2026;11:00;24.8;58;16.0;25.9;0;0.0;0.0;0.0;0.0;0.0;3;P4;Nuageux;1020.5;1018.5;94;0;25;89;38280.0;0.15;1.32;9.2;16.6;334;33.2;26.5;23.7;21.8;0.058;0.07;0.096;0.118;0.17
Calvi;42.56;8.75;29/05/2026;12:00;24.9;60;16.6;26.9;10;0.0;0.0;0.0;0.0;0.0;3;P4;Nuageux;1020.7;1018.7;100;25;10;100;35900.0;0.18;1.26;9.3;19.1;344;34.8;28.6;23.9;21.8;0.057;0.07;0.096;0.117;0.17
Calvi;42.56;8.75;29/05/2026;13:00;25.4;59;16.9;27.9;23;0.0;0.0;0.0;0.0;0.0;3;P4;Nuageux;1020.8;1018.8;100;1;8;100;37580.0;0.19;1.33;9.1;17.3;353;36.4;30.0;24.3;21.8;0.055;0.07;0.095;0.117;0.169
Calvi;42.56;8.75;29/05/2026;14:00;26.0;56;16.5;28.4;35;0.0;0.0;0.0;0.0;0.0;3;P4;Nuageux;1020.5;1018.5;90;18;40;79;36880.0;0.17;1.48;9.8;18.7;354;38.0;31.6;24.7;21.8;0.053;0.07;0.095;0.116;0.169
Calvi;42.56;8.75;29/05/2026;15:00;25.8;60;17.4;28.3;38;0.0;0.0;0.0;0.0;0.0;3;P4;Nuageux;1020.3;1018.3;90;14;86;71;34640.0;0.15;1.33;9.8;18.0;352;35.8;32.4;25.1;21.8;0.052;0.07;0.095;0.116;0.169
Calvi;42.56;8.75;29/05/2026;16:00;25.5;64;18.2;27.8;33;0.0;0.0;0.0;0.0;0.0;3;P4;Nuageux;1020.2;1018.2;95;2;92;78;33960.0;0.13;1.18;8.6;18.7;360;33.1;32.4;25.6;21.8;0.051;0.069;0.095;0.116;0.169
Calvi;42.56;8.75;29/05/2026;17:00;25.8;59;17.2;27.3;28;0.0;0.0;0.0;0.0;0.0;3;P4;Nuageux;1019.7;1017.7;80;0;76;22;38080.0;0.11;1.36;7.0;16.6;348;31.7;31.9;25.9;21.8;0.051;0.069;0.095;0.116;0.169
Calvi;42.56;8.75;29/05/2026;18:00;25.7;56;16.3;27.0;8;0.0;0.0;0.0;0.0;0.0;2;P8;Éclaircies;1019.4;1017.4;65;0;54;35;39100.0;0.09;1.45;5.9;13.3;346;30.2;31.2;26.2;21.8;0.051;0.069;0.095;0.115;0.169
Calvi;42.56;8.75;29/05/2026;19:00;24.8;63;17.3;26.5;3;0.0;0.0;0.0;0.0;0.0;2;P8;Éclaircies;1019.5;1017.5;54;0;0;54;37180.0;0.07;1.16;6.3;12.6;347;27.8;30.2;26.4;21.9;0.052;0.069;0.095;0.115;0.168
Calvi;42.56;8.75;29/05/2026;20:00;24.0;66;17.3;26.2;0;0.0;0.0;0.0;0.0;0.0;0;P1;Ensoleillé;1019.4;1017.4;1;0;0;1;37280.0;0.04;1.01;2.5;10.4;352;24.2;29.0;26.5;21.9;0.052;0.069;0.095;0.115;0.168
Calvi;42.56;8.75;29/05/2026;21:00;23.0;73;17.9;25.8;0;0.0;0.0;0.0;0.0;0.0;0;P1;Ensoleillé;1019.3;1017.3;0;0;0;0;38100.0;0.01;0.76;0.7;5.8;270;21.1;27.6;26.5;21.9;0.053;0.069;0.095;0.115;0.168
Calvi;42.56;8.75;29/05/2026;22:00;22.1;78;18.1;25.0;0;0.0;0.0;0.0;0.0;0.0;0;P1;Ensoleillé;1019.7;1017.7;0;0;0;0;33900.0;-0.0;0.59;1.1;2.2;180;19.6;26.0;26.4;21.9;0.055;0.069;0.095;0.115;0.168
Calvi;42.56;8.75;29/05/2026;23:00;20.9;85;18.3;23.2;0;0.0;0.0;0.0;0.0;0.0;0;P1;Ensoleillé;1020.0;1018.0;0;0;0;0;28500.0;-0.0;0.37;4.9;7.6;163;19.8;24.7;26.1;22.0;0.056;0.069;0.094;0.115;0.168
Calvi;42.56;8.75;30/05/2026;00:00;20.6;82;17.5;22.6;0;0.0;0.0;0.0;0.0;0.0;1;P2;Éclaircies;1020.1;1018.1;44;0;0;44;30700.0;0.01;0.44;5.2;8.3;155;19.4;24.3;26.3;22.0;0.054;0.068;0.094;0.115;0.168
Calvi;42.56;8.75;30/05/2026;01:00;20.4;81;17.1;22.2;0;0.0;0.0;0.0;0.0;0.0;2;P8;Éclaircies;1020.0;1018.0;51;0;0;51;31560.0;0.01;0.46;5.0;8.3;159;19.0;23.6;26.0;22.1;0.055;0.068;0.094;0.115;0.168
Calvi;42.56;8.75;30/05/2026;02:00;20.2;80;16.7;21.9;0;0.0;0.0;0.0;0.0;0.0;1;P2;Éclaircies;1019.9;1017.9;6;0;0;6;32060.0;0.01;0.47;5.0;7.9;159;18.6;23.0;25.6;22.1;0.056;0.068;0.093;0.115;0.168
Calvi;42.56;8.75;30/05/2026;03:00;19.9;79;16.2;21.4;0;0.0;0.0;0.0;0.0;0.0;0;P1;Ensoleillé;1019.6;1017.6;0;0;0;0;32280.0;0.01;0.49;4.8;8.3;153;18.3;22.5;25.3;22.1;0.056;0.068;0.093;0.115;0.168
Calvi;42.56;8.75;30/05/2026;04:00;19.6;77;15.5;20.7;0;0.0;0.0;0.0;0.0;0.0;0;P1;Ensoleillé;1019.2;1017.2;0;0;0;0;33480.0;0.01;0.53;5.8;9.0;158;17.9;22.0;25.0;22.1;0.057;0.068;0.093;0.115;0.168
Calvi;42.56;8.75;30/05/2026;05:00;19.3;74;14.5;19.8;0;0.0;0.0;0.0;0.0;0.0;0;P1;Ensoleillé;1019.0;1017.0;0;0;0;0;35800.0;0.01;0.58;6.5;10.1;161;17.4;21.6;24.6;22.1;0.058;0.068;0.093;0.115;0.168
Calvi;42.56;8.75;30/05/2026;06:00;19.2;71;13.8;19.4;0;0.0;0.0;0.0;0.0;0.0;0;P1;Ensoleillé;1019.1;1017.1;0;0;0;0;37540.0;0.01;0.65;6.8;10.8;162;17.3;21.1;24.3;22.1;0.058;0.068;0.093;0.115;0.168
Calvi;42.56;8.75;30/05/2026;07:00;20.3;67;14.0;20.8;0;0.0;0.0;0.0;0.0;0.0;0;P1;Ensoleillé;1019.2;1017.2;0;0;0;0;38660.0;0.02;0.79;5.7;10.4;162;20.6;21.0;24.0;22.1;0.058;0.068;0.093;0.115;0.168
Calvi;42.56;8.75;30/05/2026;08:00;23.5;59;15.1;24.7;0;0.0;0.0;0.0;0.0;0.0;0;P1;Ensoleillé;1019.5;1017.5;0;0;0;0;40140.0;0.04;1.19;3.5;8.6;204;27.5;21.9;23.7;22.1;0.058;0.068;0.093;0.115;0.168
Calvi;42.56;8.75;30/05/2026;09:00;25.2;55;15.6;26.3;0;0.0;0.0;0.0;0.0;0.0;0;P1;Ensoleillé;1019.8;1017.8;0;0;0;0;40060.0;0.09;1.45;5.9;10.1;281;31.6;24.1;23.6;22.1;0.057;0.068;0.093;0.115;0.168
Calvi;42.56;8.75;30/05/2026;10:00;26.1;53;15.8;27.1;0;0.0;0.0;0.0;0.0;0.0;0;P1;Ensoleillé;1019.8;1017.8;0;0;0;0;39920.0;0.13;1.59;6.8;13.0;288;33.7;26.3;23.6;22.1;0.056;0.068;0.093;0.115;0.168
Calvi;42.56;8.75;30/05/2026;11:00;26.4;54;16.4;28.1;0;0.0;0.0;0.0;0.0;0.0;0;P1;Ensoleillé;1020.1;1018.1;0;0;0;0;39660.0;0.15;1.59;9.7;16.2;297;35.6;28.3;23.9;22.1;0.054;0.068;0.093;0.114;0.168
Calvi;42.56;8.75;30/05/2026;12:00;27.0;52;16.4;29.3;3;0.0;0.0;0.0;0.0;0.0;0;P1;Ensoleillé;1020.0;1018.0;0;0;0;0;40100.0;0.16;1.72;8.2;16.2;285;37.5;30.3;24.2;22.1;0.053;0.068;0.093;0.114;0.168
Calvi;42.56;8.75;30/05/2026;13:00;27.6;49;15.9;29.7;13;0.0;0.0;0.0;0.0;0.0;0;P1;Ensoleillé;1019.8;1017.8;3;3;0;0;40040.0;0.17;1.88;10.8;20.5;285;38.9;31.8;24.6;22.1;0.051;0.068;0.093;0.114;0.167
Calvi;42.56;8.75;30/05/2026;14:00;27.8;47;15.5;29.9;20;0.0;0.0;0.0;0.0;0.0;0;P1;Ensoleillé;1019.4;1017.4;0;0;0;0;40380.0;0.17;1.98;10.9;20.9;297;39.9;33.1;25.1;22.1;0.05;0.068;0.092;0.113;0.167
Calvi;42.56;8.75;30/05/2026;15:00;27.8;46;15.1;29.6;25;0.0;0.0;0.0;0.0;0.0;0;P1;Ensoleillé;1018.8;1016.8;0;0;0;0;40480.0;0.17;2.02;11.1;20.2;299;38.9;34.0;25.6;22.1;0.048;0.067;0.092;0.113;0.167
Calvi;42.56;8.75;30/05/2026;16:00;27.6;48;15.6;29.3;28;0.0;0.0;0.0;0.0;0.0;0;P1;Ensoleillé;1018.4;1016.4;0;0;0;0;40340.0;0.15;1.92;10.4;19.4;290;37.5;34.3;26.2;22.1;0.048;0.067;0.092;0.113;0.167
Calvi;42.56;8.75;30/05/2026;17:00;27.4;49;15.8;28.7;28;0.0;0.0;0.0;0.0;0.0;0;P1;Ensoleillé;1017.9;1015.9;0;0;0;0;40400.0;0.12;1.87;9.4;17.6;274;35.1;34.1;26.6;22.1;0.047;0.067;0.092;0.113;0.166
Calvi;42.56;8.75;30/05/2026;18:00;26.7;54;16.7;27.8;20;0.0;0.0;0.0;0.0;0.0;0;P1;Ensoleillé;1017.8;1015.8;1;0;1;0;39760.0;0.1;1.62;8.7;16.9;287;32.1;33.4;27.0;22.2;0.047;0.067;0.092;0.113;0.166
Calvi;42.56;8.75;30/05/2026;19:00;25.9;60;17.5;27.5;9;0.0;0.0;0.0;0.0;0.0;1;P2;Éclaircies;1017.5;1015.5;20;0;0;20;38900.0;0.07;1.34;7.2;15.1;276;28.9;32.1;27.3;22.2;0.048;0.067;0.092;0.112;0.166
Calvi;42.56;8.75;30/05/2026;20:00;24.6;67;18.1;26.6;0;0.0;0.0;0.0;0.0;0.0;3;P4;Nuageux;1017.4;1015.4;100;0;0;100;37000.0;0.04;1.02;6.8;13.0;273;24.6;30.6;27.4;22.2;0.048;0.066;0.092;0.112;0.166
Calvi;42.56;8.75;30/05/2026;21:00;22.9;75;18.2;25.3;0;0.0;0.0;0.0;0.0;0.0;3;P4;Nuageux;1017.4;1015.4;100;0;0;100;35220.0;0.01;0.7;4.4;11.5;261;21.2;28.8;27.4;22.2;0.049;0.066;0.092;0.112;0.166
Calvi;42.56;8.75;30/05/2026;22:00;21.6;84;18.8;24.3;0;0.0;0.0;0.0;0.0;0.0;3;P4;Nuageux;1017.5;1015.5;100;0;0;100;29360.0;0.01;0.41;4.0;8.3;185;20.2;27.0;27.3;22.3;0.05;0.066;0.092;0.112;0.166
Calvi;42.56;8.75;30/05/2026;23:00;21.4;81;18.0;23.8;0;0.0;0.0;0.0;0.0;0.0;3;P4;Nuageux;1017.5;1015.5;100;0;0;100;32460.0;0.01;0.48;3.3;7.2;174;19.8;25.7;27.0;22.3;0.051;0.066;0.092;0.112;0.166
Calvi;42.56;8.75;31/05/2026;00:00;21.2;77;17.1;23.3;0;0.0;0.0;0.0;0.0;0.0;3;P4;Nuageux;1017.5;1015.5;100;0;87;100;34720.0;0.01;0.58;3.0;6.5;166;19.2;24.6;26.7;22.3;0.052;0.066;0.092;0.112;0.166
Calvi;42.56;8.75;31/05/2026;01:00;21.1;75;16.5;22.9;0;0.0;0.0;0.0;0.0;0.0;3;P4;Nuageux;1017.5;1015.5;100;0;74;100;35620.0;0.01;0.63;3.3;7.6;186;18.7;23.8;26.4;22.3;0.053;0.066;0.091;0.112;0.166
Calvi;42.56;8.75;31/05/2026;02:00;20.9;74;16.1;22.6;0;0.0;0.0;0.0;0.0;0.0;3;P4;Nuageux;1017.4;1015.4;100;0;70;100;36640.0;0.01;0.64;3.3;7.6;221;18.0;23.2;26.0;22.3;0.053;0.066;0.091;0.112;0.166
Calvi;42.56;8.75;31/05/2026;03:00;20.8;73;15.8;22.1;0;0.0;0.0;0.0;0.0;0.0;3;P4;Nuageux;1017.0;1015.0;100;0;98;99;37180.0;0.02;0.67;5.1;10.1;184;18.5;22.6;25.7;22.4;0.054;0.066;0.091;0.112;0.166
Calvi;42.56;8.75;31/05/2026;04:00;21.0;71;15.5;22.2;0;0.0;0.0;0.0;0.0;0.0;3;P4;Nuageux;1016.7;1014.7;96;0;64;91;37860.0;0.02;0.72;4.3;10.1;185;18.6;22.3;25.3;22.4;0.054;0.066;0.091;0.112;0.166
Calvi;42.56;8.75;31/05/2026;05:00;20.7;72;15.5;22.0;0;0.0;0.0;0.0;0.0;0.0;2;P8;Éclaircies;1016.3;1014.3;76;0;20;64;38060.0;0.02;0.69;4.3;9.0;175;17.5;21.9;25.0;22.4;0.055;0.066;0.091;0.112;0.166
Calvi;42.56;8.75;31/05/2026;06:00;20.2;70;14.6;20.9;0;0.0;0.0;0.0;0.0;0.0;1;P2;Éclaircies;1016.2;1014.2;27;0;26;0;38320.0;0.02;0.71;5.6;10.1;165;17.2;21.5;24.6;22.4;0.055;0.066;0.091;0.112;0.166
Calvi;42.56;8.75;31/05/2026;07:00;21.2;65;14.4;21.8;0;0.0;0.0;0.0;0.0;0.0;1;P2;Éclaircies;1016.2;1014.2;10;0;10;0;39300.0;0.03;0.88;6.0;11.5;163;21.0;21.3;24.3;22.4;0.056;0.066;0.091;0.112;0.166
Calvi;42.56;8.75;31/05/2026;08:00;24.5;55;14.9;25.6;0;0.0;0.0;0.0;0.0;0.0;0;P1;Ensoleillé;1016.4;1014.4;0;0;0;0;40620.0;0.05;1.38;3.7;11.2;209;28.1;22.3;24.0;22.4;0.056;0.066;0.091;0.112;0.166
Calvi;42.56;8.75;31/05/2026;09:00;26.7;38;11.2;25.9;0;0.0;0.0;0.0;0.0;0.0;1;P2;Éclaircies;1016.6;1014.6;7;0;7;0;42980.0;0.1;2.18;8.6;14.4;255;33.6;24.7;23.9;22.4;0.054;0.066;0.091;0.112;0.166
Calvi;42.56;8.75;31/05/2026;10:00;27.4;39;12.2;26.2;0;0.0;0.0;0.0;0.0;0.0;0;P1;Ensoleillé;1016.7;1014.7;2;2;1;0;42520.0;0.14;2.23;13.1;21.6;262;35.8;27.2;24.0;22.4;0.053;0.066;0.091;0.112;0.166
Calvi;42.56;8.75;31/05/2026;11:00;27.9;41;13.4;27.4;0;0.0;0.0;0.0;0.0;0.0;0;P1;Ensoleillé;1016.9;1014.9;10;2;9;0;42020.0;0.16;2.22;15.8;25.9;258;37.8;29.1;24.3;22.4;0.051;0.066;0.091;0.112;0.166
Calvi;42.56;8.75;31/05/2026;12:00;28.4;41;13.9;28.2;2;0.0;0.0;0.0;0.0;0.0;0;P1;Ensoleillé;1016.8;1014.8;1;0;1;0;41920.0;0.17;2.29;19.4;32.0;259;38.5;30.6;24.6;22.4;0.05;0.066;0.09;0.112;0.165
Calvi;42.56;8.75;31/05/2026;13:00;29.0;38;13.3;29.0;3;0.0;0.0;0.0;0.0;0.0;0;P1;Ensoleillé;1016.6;1014.6;0;0;0;0;42620.0;0.18;2.49;19.8;32.8;260;40.3;32.0;25.0;22.4;0.048;0.066;0.09;0.112;0.165
Calvi;42.56;8.75;31/05/2026;14:00;29.0;38;13.2;28.9;3;0.0;0.0;0.0;0.0;0.0;0;P1;Ensoleillé;1016.1;1014.1;0;0;0;0;42780.0;0.17;2.48;20.2;33.5;259;39.3;33.0;25.5;22.4;0.047;0.066;0.09;0.112;0.165
Calvi;42.56;8.75;31/05/2026;15:00;29.2;38;13.4;29.1;3;0.0;0.0;0.0;0.0;0.0;0;P1;Ensoleillé;1015.4;1013.5;0;0;0;0;42880.0;0.16;2.51;19.3;32.8;261;39.7;33.7;25.9;22.4;0.046;0.065;0.09;0.112;0.165
Calvi;42.56;8.75;31/05/2026;16:00;28.8;40;13.9;28.7;2;0.0;0.0;0.0;0.0;0.0;0;P1;Ensoleillé;1014.9;1013.0;0;0;0;0;42360.0;0.15;2.37;17.3;31.7;265;38.5;33.9;26.4;22.4;0.045;0.065;0.09;0.112;0.164
Calvi;42.56;8.75;31/05/2026;17:00;28.2;40;13.4;27.6;2;0.0;0.0;0.0;0.0;0.0;0;P1;Ensoleillé;1014.6;1012.6;0;0;0;0;42280.0;0.13;2.3;16.0;28.1;261;36.3;33.8;26.8;22.4;0.045;0.065;0.09;0.112;0.164
Calvi;42.56;8.75;31/05/2026;18:00;27.5;43;13.8;26.3;1;0.0;0.0;0.0;0.0;0.0;0;P1;Ensoleillé;1014.5;1012.5;0;0;0;0;41960.0;0.1;2.09;16.9;25.6;259;32.1;33.1;27.1;22.4;0.045;0.065;0.09;0.112;0.164
Calvi;42.56;8.75;31/05/2026;19:00;26.8;45;13.9;25.9;0;0.0;0.0;0.0;0.0;0.0;1;P2;Éclaircies;1014.3;1012.3;20;0;0;20;41820.0;0.08;1.94;14.9;25.6;250;28.5;31.9;27.4;22.4;0.045;0.065;0.09;0.112;0.164
Calvi;42.56;8.75;31/05/2026;20:00;26.3;45;13.5;25.9;0;0.0;0.0;0.0;0.0;0.0;0;P1;Ensoleillé;1014.2;1012.2;0;0;0;0;42100.0;0.07;1.89;10.7;22.3;237;25.4;30.5;27.5;22.5;0.046;0.064;0.09;0.111;0.164
Calvi;42.56;8.75;31/05/2026;21:00;25.0;48;13.3;24.9;0;0.0;0.0;0.0;0.0;0.0;2;P8;Éclaircies;1014.2;1012.2;23;0;0;23;41660.0;0.06;1.65;8.4;18.4;227;22.7;29.0;27.5;22.5;0.047;0.064;0.09;0.111;0.164
Calvi;42.56;8.75;31/05/2026;22:00;23.5;51;12.8;23.5;0;0.0;0.0;0.0;0.0;0.0;2;P8;Éclaircies;1014.4;1012.4;46;0;0;46;41200.0;0.05;1.42;6.3;13.3;211;20.6;27.2;27.3;22.5;0.047;0.064;0.09;0.111;0.164
Calvi;42.56;8.75;31/05/2026;23:00;22.5;52;12.2;22.4;0;0.0;0.0;0.0;0.0;0.0;2;P8;Éclaircies;1014.3;1012.3;69;0;0;69;40760.0;0.04;1.31;5.4;10.4;188;19.3;25.7;27.1;22.5;0.048;0.064;0.09;0.111;0.164
Calvi;42.56;8.75;01/06/2026;00:00;22.5;50;11.6;22.1;0;0.0;0.0;0.0;0.0;0.0;1;P2;Éclaircies;1013.9;1011.9;50;0;0;50;41380.0;0.04;1.37;6.5;11.2;174;19.3;24.7;26.8;22.5;0.049;0.064;0.09;0.111;0.164
Calvi;42.56;8.75;01/06/2026;01:00;23.0;46;10.8;22.1;0;0.0;0.0;0.0;0.0;0.0;1;P2;Éclaircies;1013.4;1011.4;31;0;0;31;41980.0;0.04;1.52;8.1;13.7;167;20.0;23.9;26.5;22.6;0.049;0.064;0.089;0.111;0.164
Calvi;42.56;8.75;01/06/2026;02:00;23.2;46;11.0;22.3;0;0.0;0.0;0.0;0.0;0.0;1;P2;Éclaircies;1013.0;1011.0;12;0;0;12;42600.0;0.04;1.54;8.4;14.8;160;20.4;23.3;26.1;22.6;0.05;0.064;0.089;0.111;0.164
Calvi;42.56;8.75;01/06/2026;03:00;22.6;53;12.5;22.4;0;0.0;0.0;0.0;0.0;0.0;3;P4;Nuageux;1012.7;1010.7;41;0;0;41;40900.0;0.03;1.29;6.9;13.0;141;19.3;22.8;25.8;22.6;0.05;0.064;0.089;0.111;0.164
Calvi;42.56;8.75;01/06/2026;04:00;21.7;64;14.6;22.4;0;0.0;0.0;0.0;0.0;0.0;3;P4;Nuageux;1012.5;1010.5;71;0;0;71;39200.0;0.03;0.93;5.7;10.1;108;17.7;22.4;25.5;22.6;0.051;0.064;0.089;0.111;0.164
Calvi;42.56;8.75;01/06/2026;05:00;21.4;71;16.0;22.6;0;0.0;0.0;0.0;0.0;0.0;3;P4;Nuageux;1012.3;1010.3;100;0;0;100;37500.0;0.02;0.74;5.8;7.6;83;17.9;22.3;25.1;22.6;0.051;0.064;0.089;0.111;0.164
Calvi;42.56;8.75;01/06/2026;06:00;22.5;69;16.5;24.1;0;0.0;0.0;0.0;0.0;0.0;3;P4;Nuageux;1012.1;1010.1;99;0;13;98;37920.0;0.02;0.84;4.8;5.0;77;21.2;22.2;24.8;22.6;0.052;0.064;0.089;0.111;0.164
Calvi;42.56;8.75;01/06/2026;07:00;24.2;64;17.0;26.3;0;0.0;0.0;0.0;0.0;0.0;3;P4;Nuageux;1012.0;1010.0;98;0;26;96;38320.0;0.01;1.09;2.6;3.2;74;26.2;22.2;24.4;22.6;0.052;0.064;0.089;0.111;0.164
Calvi;42.56;8.75;01/06/2026;08:00;25.7;58;16.9;28.1;0;0.0;0.0;0.0;0.0;0.0;3;P4;Nuageux;1012.0;1010.0;97;0;39;94;38740.0;0.02;1.39;0.5;3.2;315;30.7;22.9;24.2;22.6;0.052;0.064;0.089;0.111;0.164
Calvi;42.56;8.75;01/06/2026;09:00;26.7;53;16.4;28.3;0;0.0;0.0;0.0;0.0;0.0;1;P2;Éclaircies;1012.2;1010.2;72;4;26;66;39140.0;0.05;1.65;4.5;7.6;284;33.9;24.7;24.2;22.6;0.051;0.064;0.089;0.111;0.164
Calvi;42.56;8.75;01/06/2026;10:00;27.5;48;15.6;28.1;0;0.0;0.0;0.0;0.0;0.0;1;P2;Éclaircies;1012.5;1010.5;46;8;13;38;39520.0;0.08;1.91;9.3;14.0;286;36.5;27.1;24.3;22.6;0.049;0.064;0.089;0.111;0.163
Calvi;42.56;8.75;01/06/2026;11:00;28.1;45;15.1;28.6;0;0.0;0.0;0.0;0.0;0.0;1;P2;Éclaircies;1012.7;1010.8;21;12;0;10;39920.0;0.11;2.1;12.8;19.1;286;38.7;29.3;24.5;22.6;0.048;0.064;0.089;0.111;0.163
Calvi;42.56;8.75;01/06/2026;12:00;28.6;44;15.2;29.5;0;0.0;0.0;0.0;0.0;0.0;1;P2;Éclaircies;1012.7;1010.8;26;15;0;12;40000.0;0.13;2.19;14.2;20.2;291;40.5;31.0;24.8;22.6;0.047;0.064;0.089;0.111;0.163
Calvi;42.56;8.75;01/06/2026;13:00;28.8;45;15.7;30.3;0;0.0;0.0;0.0;0.0;0.0;1;P2;Éclaircies;1012.6;1010.7;30;19;0;13;40080.0;0.14;2.18;14.5;19.4;297;41.9;32.5;25.3;22.6;0.046;0.063;0.088;0.111;0.162
Calvi;42.56;8.75;01/06/2026;14:00;28.9;45;15.8;30.6;0;0.0;0.0;0.0;0.0;0.0;1;P2;Éclaircies;1012.4;1010.5;35;22;0;15;40160.0;0.14;2.2;14.7;19.4;298;42.1;33.6;25.7;22.6;0.045;0.063;0.088;0.111;0.162
Calvi;42.56;8.75;01/06/2026;15:00;29.0;43;15.2;30.1;0;0.0;0.0;0.0;0.0;0.0;0;P1;Ensoleillé;1012.1;1010.2;26;17;0;10;41120.0;0.14;2.28;15.4;21.2;291;40.9;34.3;26.2;22.6;0.044;0.063;0.088;0.111;0.162
Calvi;42.56;8.75;01/06/2026;16:00;28.9;40;13.9;29.0;0;0.0;0.0;0.0;0.0;0.0;0;P1;Ensoleillé;1011.7;1009.8;17;13;0;5;42060.0;0.13;2.39;16.5;23.8;280;38.6;34.6;26.7;22.6;0.043;0.063;0.088;0.111;0.162
Calvi;42.56;8.75;01/06/2026;17:00;28.5;39;13.2;27.5;0;0.0;0.0;0.0;0.0;0.0;0;P1;Ensoleillé;1011.5;1009.6;8;8;0;0;43020.0;0.12;2.37;17.6;26.6;269;35.7;34.4;27.1;22.6;0.043;0.063;0.088;0.111;0.162
Calvi;42.56;8.75;01/06/2026;18:00;27.5;41;13.1;25.5;0;0.0;0.0;0.0;0.0;0.0;2;P8;Éclaircies;1011.6;1009.6;29;5;0;23;42600.0;0.12;2.17;20.0;31.3;256;31.9;33.4;27.5;22.6;0.043;0.063;0.088;0.111;0.162
Calvi;42.56;8.75;01/06/2026;19:00;26.2;45;13.3;23.8;0;0.0;0.0;0.0;0.0;0.0;2;P8;Éclaircies;1011.8;1009.8;49;3;0;47;42160.0;0.11;1.87;23.5;36.7;245;27.5;31.9;27.7;22.7;0.043;0.062;0.088;0.111;0.161
Calvi;42.56;8.75;01/06/2026;20:00;25.1;48;13.3;22.5;0;0.0;0.0;0.0;0.0;0.0;2;P8;Éclaircies;1012.0;1010.0;70;0;0;70;41740.0;0.11;1.66;25.2;39.2;236;24.1;30.3;27.8;22.7;0.044;0.062;0.088;0.111;0.161
Calvi;42.56;8.75;01/06/2026;21:00;24.5;48;12.8;22.0;0;0.0;0.0;0.0;0.0;0.0;1;P2;Éclaircies;1012.3;1010.3;58;0;0;58;42080.0;0.1;1.6;23.2;36.7;227;22.6;28.9;27.8;22.7;0.045;0.062;0.088;0.111;0.161
Calvi;42.56;8.75;01/06/2026;22:00;24.2;46;11.8;21.9;0;0.0;0.0;0.0;0.0;0.0;1;P2;Éclaircies;1012.6;1010.6;45;0;0;45;42400.0;0.09;1.63;20.0;31.3;214;22.2;27.6;27.6;22.7;0.045;0.062;0.088;0.111;0.161
Calvi;42.56;8.75;01/06/2026;23:00;23.9;44;10.9;21.6;0;0.0;0.0;0.0;0.0;0.0;1;P2;Éclaircies;1012.8;1010.8;33;0;0;33;42740.0;0.08;1.67;18.4;27.4;203;22.0;26.5;27.4;22.7;0.046;0.062;0.088;0.111;0.161
Calvi;42.56;8.75;02/06/2026;00:00;23.8;43;10.5;21.2;0;0.0;0.0;0.0;0.0;0.0;1;P2;Éclaircies;1012.9;1010.9;28;0;0;28;42760.0;0.08;1.68;18.8;27.4;200;21.7;25.8;27.2;22.8;0.046;0.062;0.088;0.111;0.161
Calvi;42.56;8.75;02/06/2026;01:00;23.7;43;10.4;21.0;0;0.0;0.0;0.0;0.0;0.0;1;P2;Éclaircies;1013.0;1011.0;23;0;0;23;42800.0;0.09;1.68;19.9;28.8;202;21.7;25.4;26.9;22.8;0.047;0.062;0.087;0.111;0.161
Calvi;42.56;8.75;02/06/2026;02:00;23.6;43;10.3;20.8;0;0.0;0.0;0.0;0.0;0.0;1;P2;Éclaircies;1012.9;1010.9;18;0;0;18;42820.0;0.09;1.66;20.1;29.2;204;21.5;25.0;26.7;22.8;0.047;0.062;0.087;0.111;0.161
Calvi;42.56;8.75;02/06/2026;03:00;23.1;46;10.9;20.7;0;0.0;0.0;0.0;0.0;0.0;2;P8;Éclaircies;1012.6;1010.6;38;0;0;38;42420.0;0.09;1.53;18.5;27.0;207;20.7;24.5;26.4;22.8;0.048;0.062;0.087;0.111;0.161
Calvi;42.56;8.75;02/06/2026;04:00;22.6;49;11.3;20.7;0;0.0;0.0;0.0;0.0;0.0;2;P8;Éclaircies;1012.2;1010.2;59;0;0;59;42000.0;0.08;1.4;16.1;24.1;209;19.8;24.1;26.1;22.8;0.048;0.061;0.087;0.111;0.161
Calvi;42.56;8.75;02/06/2026;05:00;22.5;51;11.9;20.9;0;0.0;0.0;0.0;0.0;0.0;2;P8;Éclaircies;1011.8;1009.8;79;0;0;79;41600.0;0.08;1.34;14.6;22.0;213;19.9;23.8;25.9;22.8;0.049;0.061;0.087;0.111;0.161
Calvi;42.56;8.75;02/06/2026;06:00;23.1;49;11.8;21.6;0;0.0;0.0;0.0;0.0;0.0;3;P4;Nuageux;1011.6;1009.6;86;0;22;86;42120.0;0.08;1.45;14.4;21.2;217;21.7;23.7;25.6;22.8;0.049;0.061;0.087;0.111;0.161
Calvi;42.56;8.75;02/06/2026;07:00;24.3;44;11.3;22.5;0;0.0;0.0;0.0;0.0;0.0;3;P4;Nuageux;1011.6;1009.6;93;0;43;93;42660.0;0.07;1.7;15.0;21.6;222;24.6;23.7;25.4;22.8;0.049;0.061;0.087;0.111;0.161
Calvi;42.56;8.75;02/06/2026;08:00;25.4;40;10.9;23.3;0;0.0;0.0;0.0;0.0;0.0;3;P4;Nuageux;1011.5;1009.5;100;0;65;100;43180.0;0.08;1.95;16.5;23.4;226;27.6;24.2;25.2;22.8;0.049;0.061;0.087;0.111;0.161
Calvi;42.56;8.75;02/06/2026;09:00;26.7;36;10.4;24.0;0;0.0;0.0;0.0;0.0;0.0;1;P2;Éclaircies;1011.4;1009.4;79;0;56;68;44000.0;0.1;2.24;19.4;27.4;228;30.7;25.3;25.1;22.8;0.048;0.061;0.087;0.111;0.161
Calvi;42.56;8.75;02/06/2026;10:00;27.9;33;10.2;24.6;0;0.0;0.0;0.0;0.0;0.0;1;P2;Éclaircies;1011.3;1009.4;59;0;47;35;44800.0;0.13;2.52;23.2;33.1;229;33.8;26.8;25.1;22.8;0.048;0.061;0.087;0.11;0.161
Calvi;42.56;8.75;02/06/2026;11:00;28.9;31;10.1;25.0;0;0.0;0.0;0.0;0.0;0.0;1;P2;Éclaircies;1011.2;1009.3;38;0;38;3;45620.0;0.15;2.75;26.8;38.9;230;36.2;28.2;25.1;22.8;0.047;0.061;0.087;0.11;0.161
Calvi;42.56;8.75;02/06/2026;12:00;29.3;34;11.8;26.6;0;0.0;0.0;0.0;0.0;0.0;3;P4;Nuageux;1011.6;1009.6;54;0;21;36;43715.0;0.16;2.68;26.5;44.5;225;35.9;28.9;25.1;22.9;0.045;0.068;0.095;0.131;0.184
Calvi;42.56;8.75;02/06/2026;13:00;29.4;39;13.9;28.1;1;0.0;0.0;0.0;0.0;0.0;3;P4;Nuageux;1012.0;1010.0;74;0;10;68;41600.0;0.17;2.5;25.3;48.6;221;34.7;29.3;25.1;22.9;0.043;0.075;0.103;0.152;0.205
Calvi;42.56;8.75;02/06/2026;14:00;29.3;43;15.4;29.1;2;0.0;0.0;0.0;0.0;0.0;3;P4;Nuageux;1012.3;1010.4;100;0;7;100;39235.0;0.18;2.33;23.3;49.3;217;33.2;29.2;25.2;22.9;0.041;0.082;0.111;0.171;0.228
Calvi;42.56;8.75;02/06/2026;15:00;28.7;48;16.7;29.1;4;0.0;0.0;0.0;0.0;0.0;3;P4;Nuageux;1012.6;1010.7;98;3;23;93;26780.0;0.0;2.05;20.6;47.5;213;30.6;28.5;25.2;22.9;0.039;0.089;0.119;0.192;0.251
Calvi;42.56;8.75;02/06/2026;16:00;27.9;51;16.8;27.6;5;0.0;0.0;0.0;0.0;0.0;3;P4;Nuageux;1012.4;1010.4;96;7;37;87;15680.0;0.0;1.84;20.6;47.2;213;28.9;28.0;25.5;22.9;0.039;0.088;0.118;0.191;0.251
Calvi;42.56;8.75;02/06/2026;17:00;27.0;54;16.9;26.5;6;0.0;0.0;0.0;0.0;0.0;3;P4;Nuageux;1012.2;1010.2;94;10;51;80;4600.0;0.0;1.64;19.9;46.1;212;27.3;27.5;25.6;22.9;0.039;0.088;0.118;0.191;0.251
Calvi;42.56;8.75;02/06/2026;18:00;26.2;56;16.7;26.0;8;0.0;0.0;0.0;0.0;0.0;2;P8;Éclaircies;1012.0;1010.0;83;7;51;61;14860.0;0.0;1.5;17.6;44.3;208;26.2;27.0;25.7;22.9;0.039;0.088;0.118;0.191;0.251
Calvi;42.56;8.75;02/06/2026;19:00;25.4;57;16.3;25.5;9;0.0;0.0;0.0;0.0;0.0;2;P8;Éclaircies;1011.9;1009.9;71;3;50;41;25140.0;0.0;1.4;14.6;41.4;200;25.3;26.3;25.7;22.9;0.039;0.088;0.117;0.191;0.251
Calvi;42.56;8.75;02/06/2026;20:00;24.7;58;15.9;24.9;11;0.0;0.0;0.0;0.0;0.0;2;P8;Éclaircies;1011.8;1009.8;60;0;50;22;35400.0;0.0;1.31;12.6;38.9;193;24.5;25.7;25.6;22.9;0.039;0.088;0.117;0.191;0.251
Calvi;42.56;8.75;02/06/2026;21:00;24.1;61;16.1;24.5;12;0.0;0.0;0.0;0.0;0.0;3;P4;Nuageux;1011.9;1009.9;73;1;66;48;30140.0;0.0;1.17;11.7;36.0;191;23.8;25.1;25.4;22.9;0.039;0.088;0.117;0.191;0.251
Calvi;42.56;8.75;02/06/2026;22:00;23.5;64;16.3;24.0;14;0.0;0.0;0.0;0.0;0.0;3;P4;Nuageux;1012.1;1010.1;87;2;83;74;24860.0;0.0;1.04;11.4;33.1;191;23.2;24.5;25.2;23.0;0.04;0.088;0.117;0.19;0.251
Calvi;42.56;8.75;02/06/2026;23:00;23.0;66;16.4;23.6;15;0.0;0.0;0.0;0.0;0.0;3;P4;Nuageux;1012.1;1010.1;100;3;99;100;19600.0;0.0;0.96;11.3;31.3;189;22.8;24.0;25.0;23.0;0.04;0.088;0.117;0.19;0.251
Calvi;42.56;8.75;03/06/2026;00:00;22.9;65;16.0;23.3;16;0.0;0.0;0.0;0.0;0.0;3;P4;Nuageux;1011.8;1009.8;100;3;86;100;14500.0;0.0;0.98;11.6;31.7;185;22.6;23.8;24.8;23.0;0.04;0.088;0.117;0.19;0.251
Calvi;42.56;8.75;03/06/2026;01:00;23.0;63;15.6;23.2;17;0.0;0.0;0.0;0.0;0.0;3;P4;Nuageux;1011.2;1009.2;100;3;74;100;9400.0;0.0;1.04;11.9;33.1;180;22.7;23.7;24.5;23.0;0.041;0.087;0.117;0.19;0.251
Calvi;42.56;8.75;03/06/2026;02:00;22.9;62;15.3;22.9;18;0.0;0.0;0.0;0.0;0.0;3;P4;Nuageux;1010.8;1008.8;100;3;61;100;4300.0;0.0;1.06;12.2;34.6;178;22.6;23.5;24.3;23.0;0.041;0.087;0.117;0.19;0.251
Calvi;42.56;8.75;03/06/2026;03:00;22.6;64;15.5;22.7;19;0.0;0.0;0.0;0.0;0.0;2;P8;Éclaircies;1010.5;1008.5;86;11;55;67;7320.0;0.0;0.99;12.2;35.3;182;22.3;23.3;24.1;23.0;0.041;0.087;0.117;0.19;0.251
Calvi;42.56;8.75;03/06/2026;04:00;22.2;67;15.8;22.5;19;0.0;0.0;0.0;0.0;0.0;2;P8;Éclaircies;1010.3;1008.3;71;20;49;33;10360.0;0.0;0.89;12.0;35.6;189;21.8;23.1;24.0;22.9;0.041;0.087;0.118;0.19;0.251
Calvi;42.56;8.75;03/06/2026;05:00;21.9;69;16.0;22.2;19;0.0;0.0;0.0;0.0;0.0;2;P8;Éclaircies;1010.3;1008.3;57;28;43;0;13380.0;0.0;0.82;12.3;36.0;195;21.7;22.9;23.8;22.9;0.041;0.087;0.118;0.19;0.251
Calvi;42.56;8.75;03/06/2026;06:00;21.8;71;16.4;22.2;20;0.0;0.0;0.0;0.0;0.0;1;P2;Éclaircies;1010.5;1008.5;48;29;29;0;18540.0;0.0;0.76;12.9;36.7;198;22.0;22.8;23.7;22.9;0.041;0.087;0.118;0.19;0.251
Calvi;42.56;8.75;03/06/2026;07:00;21.9;72;16.6;22.3;20;0.0;0.0;0.0;0.0;0.0;1;P2;Éclaircies;1010.8;1008.8;40;30;14;0;23720.0;0.0;0.74;13.2;37.1;197;22.5;22.7;23.5;22.9;0.042;0.087;0.117;0.19;0.25
Calvi;42.56;8.75;03/06/2026;08:00;22.0;72;16.8;22.4;20;0.0;0.0;0.0;0.0;0.0;1;P2;Éclaircies;1011.1;1009.1;31;31;0;0;28880.0;0.0;0.74;13.9;38.2;201;23.3;22.8;23.4;22.9;0.042;0.087;0.117;0.19;0.25
Calvi;42.56;8.75;03/06/2026;09:00;22.3;70;16.6;22.5;20;0.0;0.0;0.0;0.0;0.0;2;P8;Éclaircies;1011.4;1009.4;44;44;0;0;31980.0;0.0;0.81;14.5;39.6;210;24.2;23.2;23.3;22.9;0.042;0.087;0.117;0.19;0.25
Calvi;42.56;8.75;03/06/2026;10:00;22.7;67;16.3;22.7;20;0.0;0.0;0.0;0.0;0.0;2;P8;Éclaircies;1011.6;1009.6;58;58;0;0;35060.0;0.0;0.91;15.3;41.4;219;25.3;23.9;23.4;22.8;0.042;0.086;0.116;0.189;0.25
Calvi;42.56;8.75;03/06/2026;11:00;23.1;65;16.2;23.3;19;0.0;0.0;0.0;0.0;0.0;2;P8;Éclaircies;1011.8;1009.8;71;71;0;0;38160.0;0.0;0.99;16.3;42.8;227;26.2;24.5;23.4;22.8;0.042;0.086;0.116;0.189;0.25
Calvi;42.56;8.75;03/06/2026;12:00;23.4;63;16.0;23.9;19;0.0;0.0;0.0;0.0;0.0;2;P8;Éclaircies;1012.0;1010.0;71;71;0;0;41080.0;0.0;1.06;17.1;43.2;229;27.0;25.0;23.6;22.8;0.042;0.086;0.116;0.188;0.25
Calvi;42.56;8.75;03/06/2026;13:00;23.7;62;16.0;24.4;19;0.0;0.0;0.0;0.0;0.0;2;P8;Éclaircies;1012.1;1010.1;70;70;0;0;44020.0;0.0;1.11;17.1;42.8;229;27.7;25.4;23.7;22.8;0.041;0.086;0.115;0.188;0.249
Calvi;42.56;8.75;03/06/2026;14:00;23.9;61;15.9;24.6;18;0.0;0.0;0.0;0.0;0.0;2;P8;Éclaircies;1012.2;1010.2;70;70;0;0;46940.0;0.0;1.16;17.3;42.5;228;28.0;25.7;23.9;22.8;0.041;0.086;0.115;0.187;0.249
Calvi;42.56;8.75;03/06/2026;15:00;24.0;60;15.8;24.7;17;0.0;0.0;0.0;0.0;0.0;2;P8;Éclaircies;1012.2;1010.2;65;65;0;0;46940.0;0.0;1.2;17.3;42.1;227;27.9;26.0;24.1;22.8;0.041;0.086;0.115;0.187;0.249
Calvi;42.56;8.75;03/06/2026;16:00;24.1;60;15.9;24.7;16;0.0;0.0;0.0;0.0;0.0;2;P8;Éclaircies;1012.1;1010.1;59;59;0;0;46940.0;0.0;1.2;16.5;41.8;224;27.4;26.1;24.3;22.8;0.041;0.086;0.114;0.186;0.249
Calvi;42.56;8.75;03/06/2026;17:00;24.0;60;15.8;24.2;15;0.0;0.0;0.0;0.0;0.0;2;P8;Éclaircies;1012.1;1010.1;54;54;0;0;46940.0;0.0;1.19;15.6;40.3;220;26.7;26.0;24.4;22.8;0.041;0.086;0.114;0.186;0.249
Calvi;42.56;8.75;03/06/2026;18:00;23.6;62;15.9;23.6;13;0.0;0.0;0.0;0.0;0.0;3;P4;Nuageux;1012.1;1010.1;67;45;0;29;46940.0;0.0;1.11;13.8;37.1;213;25.3;25.6;24.5;22.8;0.041;0.086;0.114;0.186;0.249
Calvi;42.56;8.75;03/06/2026;19:00;23.0;64;15.8;23.3;12;0.0;0.0;0.0;0.0;0.0;3;P4;Nuageux;1012.2;1010.2;81;37;0;59;46940.0;0.0;1.01;11.6;33.1;202;23.7;24.9;24.5;22.8;0.041;0.086;0.114;0.185;0.249
Calvi;42.56;8.75;03/06/2026;20:00;22.4;66;15.8;22.9;10;0.0;0.0;0.0;0.0;0.0;3;P4;Nuageux;1012.3;1010.3;94;28;0;88;46940.0;0.0;0.92;10.6;29.9;190;22.3;24.3;24.5;22.8;0.041;0.086;0.114;0.185;0.249
Calvi;42.56;8.75;03/06/2026;21:00;22.0;66;15.4;22.3;8;0.0;0.0;0.0;0.0;0.0;0;P1;Ensoleillé;1012.6;1010.6;63;19;0;59;46060.0;0.0;0.9;10.1;28.1;178;21.5;23.6;24.3;22.8;0.041;0.086;0.114;0.185;0.249
Calvi;42.56;8.75;03/06/2026;22:00;21.6;65;14.7;21.7;7;0.0;0.0;0.0;0.0;0.0;0;P1;Ensoleillé;1013.1;1011.1;31;9;0;29;45200.0;0.0;0.9;10.3;27.4;168;21.1;23.0;24.1;22.8;0.042;0.085;0.114;0.185;0.249
Calvi;42.56;8.75;03/06/2026;23:00;21.3;63;14.0;21.1;6;0.0;0.0;0.0;0.0;0.0;0;P1;Ensoleillé;1013.4;1011.4;0;0;0;0;44320.0;0.0;0.94;10.5;27.0;164;20.8;22.5;23.8;22.8;0.042;0.085;0.114;0.185;0.249
Calvi;42.56;8.75;04/06/2026;00:00;21.4;59;13.1;20.8;4;0.0;0.0;0.0;0.0;0.0;0;P1;Ensoleillé;1013.5;1011.5;0;0;0;0;43440.0;0.0;1.05;10.6;27.4;170;20.7;22.2;23.6;22.8;0.042;0.085;0.114;0.185;0.249
Calvi;42.56;8.75;04/06/2026;01:00;21.6;54;11.9;20.6;4;0.0;0.0;0.0;0.0;0.0;0;P1;Ensoleillé;1013.5;1011.5;0;0;0;0;42580.0;0.0;1.19;10.8;28.4;180;20.8;22.1;23.4;22.8;0.042;0.085;0.114;0.185;0.248
Calvi;42.56;8.75;04/06/2026;02:00;21.7;52;11.5;20.6;3;0.0;0.0;0.0;0.0;0.0;0;P1;Ensoleillé;1013.5;1011.5;0;0;0;0;41700.0;0.0;1.25;11.2;29.5;186;20.9;22.0;23.2;22.8;0.042;0.085;0.114;0.185;0.248
Calvi;42.56;8.75;04/06/2026;03:00;21.6;55;12.2;20.6;3;0.0;0.0;0.0;0.0;0.0;1;P2;Éclaircies;1013.5;1011.5;10;11;0;2;41120.0;0.0;1.16;11.5;30.2;184;20.8;21.9;23.0;22.7;0.042;0.085;0.114;0.185;0.248
Calvi;42.56;8.75;04/06/2026;04:00;21.4;61;13.6;20.8;3;0.0;0.0;0.0;0.0;0.0;1;P2;Éclaircies;1013.6;1011.6;21;21;0;3;40540.0;0.0;0.99;11.9;31.3;178;20.7;21.8;22.9;22.7;0.042;0.085;0.114;0.185;0.248
Calvi;42.56;8.75;04/06/2026;05:00;21.4;64;14.3;21.1;3;0.0;0.0;0.0;0.0;0.0;1;P2;Éclaircies;1013.6;1011.6;31;32;0;5;39960.0;0.0;0.92;11.9;31.7;175;20.8;21.8;22.7;22.7;0.042;0.085;0.114;0.185;0.248
Calvi;42.56;8.75;04/06/2026;06:00;21.7;63;14.4;21.5;4;0.0;0.0;0.0;0.0;0.0;1;P2;Éclaircies;1013.6;1011.6;34;21;0;17;39360.0;0.0;0.96;11.9;31.3;175;21.4;21.8;22.6;22.7;0.042;0.085;0.114;0.185;0.248
Calvi;42.56;8.75;04/06/2026;07:00;22.2;59;13.9;21.8;5;0.0;0.0;0.0;0.0;0.0;1;P2;Éclaircies;1013.7;1011.7;38;11;0;29;38780.0;0.0;1.1;11.5;31.0;178;22.2;21.9;22.5;22.6;0.042;0.084;0.113;0.185;0.248
Calvi;42.56;8.75;04/06/2026;08:00;22.9;56;13.7;22.5;5;0.0;0.0;0.0;0.0;0.0;1;P2;Éclaircies;1013.8;1011.8;41;0;0;41;38200.0;0.0;1.23;11.5;31.0;184;23.4;22.2;22.5;22.6;0.042;0.084;0.113;0.185;0.248
Calvi;42.56;8.75;04/06/2026;09:00;23.8;55;14.3;23.5;6;0.0;0.0;0.0;0.0;0.0;1;P2;Éclaircies;1014.0;1012.0;32;1;0;31;37760.0;0.0;1.33;12.0;32.4;196;25.2;23.0;22.5;22.6;0.042;0.084;0.113;0.184;0.248
Calvi;42.56;8.75;04/06/2026;10:00;24.9;55;15.2;24.8;7;0.0;0.0;0.0;0.0;0.0;1;P2;Éclaircies;1014.3;1012.3;23;3;0;20;37320.0;0.0;1.42;12.9;34.9;210;27.4;24.1;22.7;22.6;0.042;0.084;0.113;0.184;0.248
Calvi;42.56;8.75;04/06/2026;11:00;25.8;55;16.1;26.2;8;0.0;0.0;0.0;0.0;0.0;1;P2;Éclaircies;1014.4;1012.4;14;4;0;10;36880.0;0.0;1.49;14.3;37.1;219;29.1;25.0;22.9;22.6;0.042;0.084;0.113;0.183;0.248
Calvi;42.56;8.75;04/06/2026;12:00;26.4;53;16.1;27.4;9;0.0;0.0;0.0;0.0;0.0;2;P8;Éclaircies;1014.4;1012.4;27;4;9;15;36420.0;0.0;1.62;15.8;39.6;223;30.1;25.9;23.2;22.6;0.042;0.084;0.113;0.182;0.248
Calvi;42.56;8.75;04/06/2026;13:00;26.9;51;15.9;28.1;9;0.0;0.0;0.0;0.0;0.0;2;P8;Éclaircies;1014.2;1012.2;39;4;18;20;35980.0;0.0;1.74;16.8;42.5;225;30.8;26.7;23.6;22.5;0.041;0.084;0.112;0.182;0.247
Calvi;42.56;8.75;04/06/2026;14:00;27.1;49;15.5;28.3;10;0.0;0.0;0.0;0.0;0.0;2;P8;Éclaircies;1014.0;1012.0;52;4;27;25;35540.0;0.0;1.83;16.8;43.2;227;30.7;27.2;24.0;22.5;0.041;0.084;0.112;0.181;0.247
Calvi;42.56;8.75;04/06/2026;15:00;26.8;49;15.2;27.8;10;0.0;0.0;0.0;0.0;0.0;3;P4;Nuageux;1013.7;1011.7;68;23;42;50;35120.0;0.0;1.8;15.9;41.0;231;29.4;27.3;24.3;22.5;0.041;0.084;0.112;0.181;0.247
Calvi;42.56;8.75;04/06/2026;16:00;26.3;50;15.1;26.9;11;0.0;0.0;0.0;0.0;0.0;3;P4;Nuageux;1013.3;1011.3;84;43;58;75;34680.0;0.0;1.71;14.1;36.7;232;27.5;27.2;24.6;22.6;0.04;0.084;0.112;0.18;0.246
Calvi;42.56;8.75;04/06/2026;17:00;25.7;51;14.8;25.6;11;0.0;0.0;0.0;0.0;0.0;3;P4;Nuageux;1012.9;1010.9;100;62;73;100;34260.0;0.0;1.62;12.4;32.8;234;25.8;26.8;24.8;22.6;0.04;0.084;0.112;0.18;0.246
Calvi;42.56;8.75;04/06/2026;18:00;25.0;53;14.8;25.0;11;0.0;0.0;0.0;0.0;0.0;3;P4;Nuageux;1012.6;1010.6;100;41;81;100;33820.0;0.0;1.49;10.5;29.2;229;24.7;26.1;24.9;22.6;0.04;0.084;0.112;0.18;0.246
Calvi;42.56;8.75;04/06/2026;19:00;24.3;55;14.7;24.6;12;0.0;0.0;0.0;0.0;0.0;3;P4;Nuageux;1012.3;1010.3;100;21;90;100;33400.0;0.0;1.37;8.7;25.6;218;23.8;25.2;24.8;22.6;0.04;0.083;0.112;0.18;0.246
Calvi;42.56;8.75;04/06/2026;20:00;23.6;57;14.6;24.0;12;0.0;0.0;0.0;0.0;0.0;3;P4;Nuageux;1012.1;1010.1;100;0;98;100;32960.0;0.0;1.26;8.4;24.5;205;23.1;24.4;24.7;22.6;0.04;0.083;0.112;0.18;0.246
Calvi;42.56;8.75;04/06/2026;21:00;23.2;57;14.3;23.2;12;0.0;0.0;0.0;0.0;0.0;61;P10;Pluie;1011.9;1009.9;95;5;90;67;33000.0;0.0;1.23;9.8;27.7;197;22.7;23.9;24.5;22.6;0.039;0.083;0.112;0.18;0.246
Calvi;42.56;8.75;04/06/2026;22:00;23.0;57;14.0;22.5;12;0.0;0.0;0.0;0.0;0.0;61;P10;Pluie;1011.7;1009.7;90;11;82;33;33040.0;0.0;1.21;12.2;33.5;194;22.5;23.7;24.4;22.6;0.039;0.083;0.112;0.18;0.246
Calvi;42.56;8.75;04/06/2026;23:00;22.7;59;14.3;22.1;13;0.0;0.0;0.0;0.0;0.0;61;P10;Pluie;1011.6;1009.6;85;16;74;0;33080.0;0.0;1.13;14.0;39.2;192;22.2;23.4;24.2;22.6;0.043;0.083;0.112;0.18;0.246
Calvi;42.56;8.75;05/06/2026;00:00;21.8;70;15.9;22.1;11;0.15;0.08;0.08;0.0;0.0;80;P9;Averses;1010.0;1008.0;75;26;55;12;33120.0;0.0;0.8;11.6;33.8;151;21.3;23.1;24.0;22.6;0.054;0.083;0.112;0.18;0.246
Calvi;42.56;8.75;05/06/2026;01:00;20.8;78;16.8;22.0;8;0.1;0.05;0.05;0.0;0.0;80;P9;Averses;1008.2;1006.2;66;27;36;24;33160.0;0.0;0.55;8.7;26.1;119;20.2;22.8;23.8;22.6;0.07;0.083;0.112;0.18;0.246
Calvi;42.56;8.75;05/06/2026;02:00;20.2;80;16.7;21.7;6;0.05;0.03;0.03;0.0;0.0;80;P9;Averses;1006.3;1004.3;57;18;20;34;33200.0;0.0;0.48;5.9;16.3;101;19.4;22.6;23.6;22.6;0.081;0.083;0.112;0.18;0.246
Calvi;42.56;8.75;05/06/2026;03:00;20.2;76;15.8;21.7;5;0.0;0.0;0.0;0.0;0.0;1;P2;Éclaircies;1004.1;1002.1;48;7;5;39;34160.0;0.0;0.57;3.5;5.0;125;19.3;;;;;;;;
Calvi;42.56;8.75;05/06/2026;04:00;21.0;71;15.5;22.0;7;0.0;0.0;0.0;0.0;0.0;2;P8;Éclaircies;1003.4;1001.4;50;17;7;32;35120.0;0.0;0.73;6.7;5.4;164;20.4;;;;;;;;
Calvi;42.56;8.75;05/06/2026;05:00;22.1;66;15.3;22.2;9;0.0;0.0;0.0;0.0;0.0;2;P8;Éclaircies;1002.7;1000.7;52;28;8;22;36080.0;0.0;0.92;11.7;5.4;180;21.9;;;;;;;;
Calvi;42.56;8.75;05/06/2026;06:00;23.1;61;15.1;22.4;11;0.0;0.0;0.0;0.0;0.0;2;P8;Éclaircies;1002.0;1000.0;53;39;10;13;37040.0;0.0;1.11;17.0;4.3;187;23.5;;;;;;;;
Calvi;42.56;8.75;05/06/2026;07:00;24.0;57;15.0;22.6;13;0.0;0.0;0.0;0.0;0.0;2;P8;Éclaircies;1001.6;999.6;53;48;11;5;38000.0;0.0;1.28;21.8;2.2;190;25.0;;;;;;;;
Calvi;42.56;8.75;05/06/2026;08:00;24.5;55;15.0;22.6;14;0.0;0.0;0.0;0.0;0.0;2;P8;Éclaircies;1001.5;999.5;52;52;11;0;38960.0;0.0;1.37;25.2;1.4;194;26.1;;;;;;;;
Calvi;42.56;8.75;05/06/2026;09:00;24.6;56;15.3;22.5;15;0.1;0.1;0.0;0.0;0.0;51;P10;Pluie faible;1001.8;999.8;48;51;10;0;36720.0;0.0;1.36;27.0;2.5;197;26.9;;;;;;;;
Calvi;42.56;8.75;05/06/2026;10:00;24.4;59;15.9;22.4;16;0.1;0.1;0.0;0.0;0.0;51;P10;Pluie faible;1002.4;1000.4;43;46;8;0;34460.0;0.0;1.26;28.1;4.3;203;27.6;;;;;;;;
Calvi;42.56;8.75;05/06/2026;11:00;24.1;63;16.5;22.2;16;0.1;0.1;0.0;0.0;0.0;51;P10;Pluie faible;1003.3;1001.3;36;39;6;0;32220.0;0.0;1.12;28.7;5.8;208;28.2;;;;;;;;
Calvi;42.56;8.75;05/06/2026;12:00;23.6;67;17.0;22.2;16;0.1;0.1;0.0;0.0;0.0;51;P10;Pluie faible;1004.2;1002.2;30;31;4;0;29980.0;0.0;0.98;29.0;6.8;213;28.7;;;;;;;;
Calvi;42.56;8.75;05/06/2026;13:00;23.2;69;17.2;22.1;16;0.1;0.1;0.0;0.0;0.0;51;P10;Pluie faible;1005.0;1003.0;23;24;1;0;27720.0;0.0;0.87;29.3;7.6;217;28.8;;;;;;;;
Calvi;42.56;8.75;05/06/2026;14:00;22.8;69;16.9;21.8;16;0.1;0.1;0.0;0.0;0.0;51;P10;Pluie faible;1005.7;1003.7;18;18;0;0;25480.0;0.0;0.85;29.6;7.6;218;28.6;;;;;;;;
Calvi;42.56;8.75;05/06/2026;15:00;22.5;66;15.9;21.1;16;0.0;0.0;0.0;0.0;0.0;0;P1;Ensoleillé;1006.2;1004.2;14;14;0;0;28240.0;0.0;0.93;29.5;6.8;216;28.0;;;;;;;;
Calvi;42.56;8.75;05/06/2026;16:00;22.3;60;14.2;20.2;15;0.0;0.0;0.0;0.0;0.0;0;P1;Ensoleillé;1006.5;1004.5;10;10;0;0;30980.0;0.0;1.07;29.0;5.8;212;26.9;;;;;;;;
Calvi;42.56;8.75;05/06/2026;17:00;22.0;54;12.2;19.0;14;0.0;0.0;0.0;0.0;0.0;0;P1;Ensoleillé;1006.8;1004.8;7;7;0;0;33740.0;0.0;1.22;28.5;4.7;207;25.5;;;;;;;;
Calvi;42.56;8.75;05/06/2026;18:00;21.7;48;10.1;17.6;13;0.0;0.0;0.0;0.0;0.0;0;P1;Ensoleillé;1007.1;1005.1;4;4;0;0;36500.0;0.0;1.36;28.2;4.3;201;24.1;;;;;;;;
Calvi;42.56;8.75;05/06/2026;19:00;21.4;43;8.4;17.0;11;0.0;0.0;0.0;0.0;0.0;0;P1;Ensoleillé;1007.4;1005.4;2;2;0;0;39240.0;0.0;1.45;27.9;4.7;196;22.7;;;;;;;;
Calvi;42.56;8.75;05/06/2026;20:00;21.1;41;7.3;16.4;10;0.0;0.0;0.0;0.0;0.0;0;P1;Ensoleillé;1007.8;1005.8;0;0;0;0;42000.0;0.0;1.49;27.8;4.7;192;21.7;;;;;;;;
Calvi;42.56;8.75;05/06/2026;21:00;20.8;40;6.8;16.0;9;0.0;0.0;0.0;0.0;0.0;0;P1;Ensoleillé;1008.3;1006.3;0;0;0;0;41960.0;0.0;1.47;27.4;4.7;189;20.8;;;;;;;;
Calvi;42.56;8.75;05/06/2026;22:00;20.4;41;6.7;15.7;8;0.0;0.0;0.0;0.0;0.0;0;P1;Ensoleillé;1009.0;1007.0;0;0;0;0;41900.0;0.0;1.42;26.9;4.7;187;20.0;;;;;;;;
Calvi;42.56;8.75;05/06/2026;23:00;20.0;43;6.9;15.4;7;0.0;0.0;0.0;0.0;0.0;0;P1;Ensoleillé;1009.6;1007.6;0;0;0;0;41860.0;0.0;1.35;26.2;4.7;186;19.2;;;;;;;;
Calvi;42.56;8.75;06/06/2026;00:00;19.7;45;7.3;15.3;6;0.0;0.0;0.0;0.0;0.0;0;P1;Ensoleillé;1010.3;1008.3;0;0;0;0;41820.0;0.0;1.28;25.6;4.7;184;18.6;;;;;;;;
Calvi;42.56;8.75;06/06/2026;01:00;19.5;47;7.8;15.3;5;0.0;0.0;0.0;0.0;0.0;0;P1;Ensoleillé;1010.9;1008.9;1;1;0;0;41760.0;0.0;1.21;24.9;4.3;184;18.3;;;;;;;;
Calvi;42.56;8.75;06/06/2026;02:00;19.4;48;8.2;15.4;4;0.0;0.0;0.0;0.0;0.0;0;P1;Ensoleillé;1011.4;1009.4;2;2;0;0;41720.0;0.0;1.17;24.2;4.3;184;18.2;;;;;;;;
Calvi;42.56;8.75;06/06/2026;03:00;19.4;49;8.5;15.6;3;0.0;0.0;0.0;0.0;0.0;0;P1;Ensoleillé;1011.8;1009.8;4;4;0;0;41080.0;0.0;1.15;23.7;4.3;185;18.5;;;;;;;;
Calvi;42.56;8.75;06/06/2026;04:00;19.6;50;9.0;16.0;2;0.0;0.0;0.0;0.0;0.0;0;P1;Ensoleillé;1012.1;1010.1;7;7;0;0;40440.0;0.0;1.14;23.0;4.7;186;19.0;;;;;;;;
Calvi;42.56;8.75;06/06/2026;05:00;19.9;51;9.5;16.6;1;0.0;0.0;0.0;0.0;0.0;0;P1;Ensoleillé;1012.4;1010.4;10;10;0;0;39820.0;0.0;1.14;22.4;4.7;189;19.7;;;;;;;;
Calvi;42.56;8.75;06/06/2026;06:00;20.3;52;10.0;17.2;0;0.0;0.0;0.0;0.0;0.0;0;P1;Ensoleillé;1012.7;1010.7;13;13;0;0;39180.0;0.0;1.16;21.9;4.0;192;20.6;;;;;;;;
Calvi;42.56;8.75;06/06/2026;07:00;20.7;52;10.6;17.8;0;0.0;0.0;0.0;0.0;0.0;0;P1;Ensoleillé;1012.9;1010.9;15;15;0;0;38540.0;0.0;1.17;21.5;2.5;196;21.7;;;;;;;;
Calvi;42.56;8.75;06/06/2026;08:00;21.1;53;11.2;18.5;0;0.0;0.0;0.0;0.0;0.0;0;P1;Ensoleillé;1013.2;1011.2;16;16;0;0;37900.0;0.0;1.18;21.0;2.2;201;23.0;;;;;;;;
Calvi;42.56;8.75;06/06/2026;09:00;21.6;54;11.9;19.2;0;0.0;0.0;0.0;0.0;0.0;0;P1;Ensoleillé;1013.5;1011.5;15;15;0;0;37860.0;0.0;1.19;20.9;3.2;207;24.8;;;;;;;;
Calvi;42.56;8.75;06/06/2026;10:00;22.3;55;12.7;20.0;1;0.0;0.0;0.0;0.0;0.0;0;P1;Ensoleillé;1013.9;1011.9;12;12;0;0;37820.0;0.0;1.22;21.4;5.0;216;27.1;;;;;;;;
Calvi;42.56;8.75;06/06/2026;11:00;23.0;55;13.6;21.2;2;0.0;0.0;0.0;0.0;0.0;0;P1;Ensoleillé;1014.2;1012.2;8;9;0;0;37800.0;0.0;1.25;22.5;6.1;225;29.7;;;;;;;;
Calvi;42.56;8.75;06/06/2026;12:00;23.6;56;14.4;22.6;3;0.0;0.0;0.0;0.0;0.0;0;P1;Ensoleillé;1014.6;1012.6;5;5;0;0;37760.0;0.0;1.28;23.7;6.5;232;32.0;;;;;;;;
Calvi;42.56;8.75;06/06/2026;13:00;24.1;57;15.1;23.8;3;0.0;0.0;0.0;0.0;0.0;0;P1;Ensoleillé;1014.8;1012.8;2;2;0;0;37720.0;0.0;1.29;24.4;6.1;238;33.7;;;;;;;;
Calvi;42.56;8.75;06/06/2026;14:00;24.2;58;15.5;24.4;4;0.0;0.0;0.0;0.0;0.0;0;P1;Ensoleillé;1015.0;1013.0;0;0;0;0;37680.0;0.0;1.27;23.8;5.8;242;34.4;;;;;;;;
Calvi;42.56;8.75;06/06/2026;15:00;24.0;59;15.6;24.7;4;0.0;0.0;0.0;0.0;0.0;0;P1;Ensoleillé;1015.1;1013.1;0;0;0;1;37240.0;0.0;1.21;21.3;5.0;246;33.8;;;;;;;;
Calvi;42.56;8.75;06/06/2026;16:00;23.5;61;15.5;24.5;4;0.0;0.0;0.0;0.0;0.0;0;P1;Ensoleillé;1015.0;1013.0;2;0;0;3;36800.0;0.0;1.14;17.3;4.3;250;32.3;;;;;;;;
Calvi;42.56;8.75;06/06/2026;17:00;22.9;62;15.3;24.0;4;0.0;0.0;0.0;0.0;0.0;0;P1;Ensoleillé;1015.0;1013.0;4;0;0;5;36380.0;0.0;1.05;12.4;3.6;257;30.1;;;;;;;;
Calvi;42.56;8.75;06/06/2026;18:00;22.2;64;15.0;23.0;4;0.0;0.0;0.0;0.0;0.0;0;P1;Ensoleillé;1014.8;1012.8;6;0;0;7;35940.0;0.0;0.97;7.7;2.9;270;27.7;;;;;;;;
Calvi;42.56;8.75;06/06/2026;19:00;21.5;65;14.7;22.4;4;0.0;0.0;0.0;0.0;0.0;0;P1;Ensoleillé;1014.7;1012.7;8;0;0;8;35500.0;0.0;0.89;4.4;1.8;302;25.3;;;;;;;;
Calvi;42.56;8.75;06/06/2026;20:00;20.9;66;14.4;21.8;4;0.0;0.0;0.0;0.0;0.0;0;P1;Ensoleillé;1014.6;1012.6;9;0;0;9;35060.0;0.0;0.83;4.1;2.2;347;23.4;;;;;;;;
Calvi;42.56;8.75;06/06/2026;21:00;20.5;68;14.3;21.3;4;0.0;0.0;0.0;0.0;0.0;0;P1;Ensoleillé;1014.5;1012.5;8;0;0;8;35080.0;0.0;0.78;4.6;4.3;9;21.7;;;;;;;;
Calvi;42.56;8.75;06/06/2026;22:00;20.0;70;14.3;20.7;4;0.0;0.0;0.0;0.0;0.0;0;P1;Ensoleillé;1014.4;1012.4;7;0;0;7;35080.0;0.0;0.71;4.8;7.6;22;19.8;;;;;;;;
Calvi;42.56;8.75;06/06/2026;23:00;19.5;71;14.2;20.3;4;0.0;0.0;0.0;0.0;0.0;0;P1;Ensoleillé;1014.3;1012.3;4;0;0;4;35100.0;0.0;0.65;4.5;9.4;34;18.0;;;;;;;;
Calvi;42.56;8.75;07/06/2026;00:00;19.2;73;14.1;19.9;4;0.0;0.0;0.0;0.0;0.0;0;P1;Ensoleillé;1014.1;1012.1;2;0;0;2;35100.0;0.0;0.61;4.2;8.6;43;16.6;;;;;;;;
Calvi;42.56;8.75;07/06/2026;01:00;19.0;73;13.9;19.7;4;0.0;0.0;0.0;0.0;0.0;0;P1;Ensoleillé;1014.0;1012.0;0;0;0;0;35120.0;0.0;0.6;3.9;6.8;53;15.7;;;;;;;;
Calvi;42.56;8.75;07/06/2026;02:00;19.1;70;13.6;19.7;4;0.0;0.0;0.0;0.0;0.0;0;P1;Ensoleillé;1013.8;1011.8;0;0;0;0;35120.0;0.0;0.65;3.6;5.8;57;15.5;;;;;;;;
Calvi;42.56;8.75;07/06/2026;03:00;19.5;66;13.0;19.9;4;0.0;0.0;0.0;0.0;0.0;0;P1;Ensoleillé;1013.6;1011.6;1;0;0;1;37080.0;0.0;0.77;3.6;6.1;57;16.2;;;;;;;;
Calvi;42.56;8.75;07/06/2026;04:00;20.2;60;12.1;20.3;3;0.0;0.0;0.0;0.0;0.0;0;P1;Ensoleillé;1013.3;1011.3;3;0;0;3;39040.0;0.0;0.96;3.7;7.2;51;17.7;;;;;;;;
Calvi;42.56;8.75;07/06/2026;05:00;21.1;53;11.1;20.9;3;0.0;0.0;0.0;0.0;0.0;0;P1;Ensoleillé;1013.0;1011.0;5;0;0;5;41020.0;0.0;1.18;3.7;7.6;43;19.7;;;;;;;;
Calvi;42.56;8.75;07/06/2026;06:00;22.0;47;10.2;21.6;3;0.0;0.0;0.0;0.0;0.0;0;P1;Ensoleillé;1012.6;1010.6;8;0;0;8;42980.0;0.0;1.4;3.6;6.8;33;22.0;;;;;;;;
Calvi;42.56;8.75;07/06/2026;07:00;22.9;43;9.6;22.3;2;0.0;0.0;0.0;0.0;0.0;0;P1;Ensoleillé;1012.4;1010.4;11;0;0;11;44940.0;0.0;1.61;3.6;5.8;20;24.3;;;;;;;;
Calvi;42.56;8.75;07/06/2026;08:00;23.6;40;9.3;22.9;2;0.0;0.0;0.0;0.0;0.0;0;P1;Ensoleillé;1012.1;1010.1;13;0;0;13;46900.0;0.0;1.75;3.8;5.0;3;26.5;;;;;;;;
Calvi;42.56;8.75;07/06/2026;09:00;24.2;39;9.5;23.5;2;0.0;0.0;0.0;0.0;0.0;0;P1;Ensoleillé;1011.9;1009.9;15;0;0;15;46040.0;0.0;1.84;4.5;4.7;344;28.8;;;;;;;;
Calvi;42.56;8.75;07/06/2026;10:00;24.8;40;10.1;24.0;2;0.0;0.0;0.0;0.0;0.0;0;P1;Ensoleillé;1011.7;1009.7;18;0;0;18;45180.0;0.0;1.9;6.2;5.0;330;31.6;;;;;;;;
Calvi;42.56;8.75;07/06/2026;11:00;25.4;40;10.9;24.9;2;0.0;0.0;0.0;0.0;0.0;1;P2;Éclaircies;1011.5;1009.5;20;0;0;21;44320.0;0.0;1.94;8.2;5.8;322;34.4;;;;;;;;
Calvi;42.56;8.75;07/06/2026;12:00;25.8;42;11.8;26.1;2;0.0;0.0;0.0;0.0;0.0;1;P2;Éclaircies;1011.4;1009.4;22;0;0;24;43440.0;0.0;1.94;10.1;8.3;314;36.9;;;;;;;;
Calvi;42.56;8.75;07/06/2026;13:00;26.1;44;12.8;26.9;2;0.0;0.0;0.0;0.0;0.0;1;P2;Éclaircies;1011.2;1009.2;24;0;0;25;42580.0;0.0;1.9;11.3;11.5;306;38.5;;;;;;;;
Calvi;42.56;8.75;07/06/2026;14:00;26.1;46;13.6;27.3;2;0.0;0.0;0.0;0.0;0.0;1;P2;Éclaircies;1011.1;1009.1;25;0;0;25;41720.0;0.0;1.82;12.1;13.0;295;39.0;;;;;;;;
Calvi;42.56;8.75;07/06/2026;15:00;25.8;50;14.5;27.2;2;0.0;0.0;0.0;0.0;0.0;1;P2;Éclaircies;1010.9;1008.9;26;3;0;23;38580.0;0.0;1.68;12.8;11.5;276;37.9;;;;;;;;
Calvi;42.56;8.75;07/06/2026;16:00;25.3;55;15.6;26.4;2;0.0;0.0;0.0;0.0;0.0;1;P2;Éclaircies;1010.7;1008.7;26;7;0;18;35440.0;0.0;1.45;15.2;8.3;253;35.6;;;;;;;;
Calvi;42.56;8.75;07/06/2026;17:00;24.6;61;16.7;24.9;2;0.0;0.0;0.0;0.0;0.0;1;P2;Éclaircies;1010.4;1008.4;25;12;0;13;32300.0;0.0;1.19;19.5;5.8;236;32.4;;;;;;;;
Calvi;42.56;8.75;07/06/2026;18:00;23.8;68;17.6;23.0;2;0.0;0.0;0.0;0.0;0.0;1;P2;Éclaircies;1010.3;1008.3;25;17;0;8;29140.0;0.0;0.93;24.8;4.3;226;29.0;;;;;;;;
Calvi;42.56;8.75;07/06/2026;19:00;23.0;75;18.3;21.7;2;0.0;0.0;0.0;0.0;0.0;1;P2;Éclaircies;1010.3;1008.3;24;20;0;3;26000.0;0.0;0.71;29.5;3.2;220;25.8;;;;;;;;
Calvi;42.56;8.75;07/06/2026;20:00;22.2;79;18.4;20.6;2;0.0;0.0;0.0;0.0;0.0;1;P2;Éclaircies;1010.5;1008.5;22;22;0;0;22860.0;0.0;0.56;32.4;3.2;217;23.4;;;;;;;;
Calvi;42.56;8.75;07/06/2026;21:00;21.5;80;18.0;19.6;2;0.3;0.1;0.2;0.0;0.0;51;P10;Pluie faible;1011.0;1009.0;19;21;0;0;19600.0;0.0;0.51;33.0;4.7;216;21.7;;;;;;;;
Calvi;42.56;8.75;07/06/2026;22:00;20.7;79;16.9;18.6;1;0.3;0.1;0.2;0.0;0.0;51;P10;Pluie faible;1011.8;1009.8;15;17;0;0;16340.0;0.0;0.52;31.7;6.5;215;20.3;;;;;;;;
Calvi;42.56;8.75;07/06/2026;23:00;19.9;76;15.6;17.6;1;0.3;0.1;0.2;0.0;0.0;51;P10;Pluie faible;1012.8;1010.8;11;12;0;0;13080.0;0.0;0.55;29.3;8.6;215;19.1;;;;;;;;
Calvi;42.56;8.75;08/06/2026;00:00;19.2;73;14.2;16.7;1;0.3;0.1;0.2;0.0;0.0;51;P10;Pluie faible;1013.8;1011.8;6;7;0;0;9820.0;0.0;0.6;26.6;10.1;216;18.2;;;;;;;;
Calvi;42.56;8.75;08/06/2026;01:00;18.5;70;13.0;16.0;0;0.3;0.1;0.2;0.0;0.0;51;P10;Pluie faible;1014.7;1012.7;4;4;0;0;6560.0;0.0;0.64;24.2;11.5;217;17.5;;;;;;;;
Calvi;42.56;8.75;08/06/2026;02:00;18.0;68;12.1;15.4;0;0.3;0.1;0.2;0.0;0.0;51;P10;Pluie faible;1015.4;1013.4;3;3;0;0;3300.0;0.0;0.65;23.1;12.6;218;17.1;;;;;;;;
Calvi;42.56;8.75;08/06/2026;03:00;17.7;68;11.7;14.9;0;0.0;0.0;0.0;0.0;0.0;0;P1;Ensoleillé;1015.9;1013.9;5;5;0;0;8540.0;0.0;0.66;23.1;13.0;220;16.9;;;;;;;;
Calvi;42.56;8.75;08/06/2026;04:00;17.5;68;11.5;14.5;1;0.0;0.0;0.0;0.0;0.0;0;P1;Ensoleillé;1016.3;1014.3;9;9;0;0;13780.0;0.0;0.65;23.8;13.3;223;17.0;;;;;;;;
Calvi;42.56;8.75;08/06/2026;05:00;17.4;68;11.4;14.2;2;0.0;0.0;0.0;0.0;0.0;0;P1;Ensoleillé;1016.7;1014.7;15;15;0;0;19040.0;0.0;0.65;25.2;14.4;226;17.4;;;;;;;;
Calvi;42.56;8.75;08/06/2026;06:00;17.4;68;11.4;14.0;3;0.0;0.0;0.0;0.0;0.0;1;P2;Éclaircies;1017.0;1015.0;21;21;0;0;24280.0;0.0;0.65;26.6;17.3;228;17.9;;;;;;;;
Calvi;42.56;8.75;08/06/2026;07:00;17.5;67;11.4;13.9;4;0.0;0.0;0.0;0.0;0.0;1;P2;Éclaircies;1017.2;1015.2;27;27;0;0;29520.0;0.0;0.65;28.1;21.2;230;18.6;;;;;;;;
Calvi;42.56;8.75;08/06/2026;08:00;17.7;67;11.4;13.9;4;0.0;0.0;0.0;0.0;0.0;1;P2;Éclaircies;1017.5;1015.5;31;31;0;0;34760.0;0.0;0.67;29.3;24.8;230;19.5;;;;;;;;
Calvi;42.56;8.75;08/06/2026;09:00;18.0;65;11.4;14.0;4;0.0;0.0;0.0;0.0;0.0;1;P2;Éclaircies;1017.8;1015.8;35;35;0;0;34160.0;0.0;0.72;30.4;27.0;230;20.7;;;;;;;;
Calvi;42.56;8.75;08/06/2026;10:00;18.5;63;11.4;14.3;3;0.0;0.0;0.0;0.0;0.0;1;P2;Éclaircies;1018.1;1016.1;38;38;0;0;33540.0;0.0;0.78;31.9;28.8;230;22.3;;;;;;;;
Calvi;42.56;8.75;08/06/2026;11:00;19.1;61;11.4;14.8;3;0.0;0.0;0.0;0.0;0.0;1;P2;Éclaircies;1018.3;1016.3;41;41;0;0;32940.0;0.0;0.86;33.3;30.2;229;24.1;;;;;;;;
Calvi;42.56;8.75;08/06/2026;12:00;19.6;59;11.4;15.7;3;0.0;0.0;0.0;0.0;0.0;1;P2;Éclaircies;1018.6;1016.6;44;44;0;0;32320.0;0.0;0.94;34.4;32.4;228;25.8;;;;;;;;
Calvi;42.56;8.75;08/06/2026;13:00;20.1;57;11.4;16.5;2;0.0;0.0;0.0;0.0;0.0;1;P2;Éclaircies;1018.7;1016.7;44;44;0;0;31720.0;0.0;1.01;35.1;34.2;226;27.0;;;;;;;;
Calvi;42.56;8.75;08/06/2026;14:00;20.4;56;11.4;16.9;2;0.0;0.0;0.0;0.0;0.0;1;P2;Éclaircies;1018.8;1016.8;43;43;0;0;31100.0;0.0;1.04;35.0;35.6;224;27.5;;;;;;;;
Calvi;42.56;8.75;08/06/2026;15:00;20.4;56;11.4;17.1;2;0.0;0.0;0.0;0.0;0.0;1;P2;Éclaircies;1018.8;1016.8;39;39;0;0;30440.0;0.0;1.05;34.0;35.6;220;27.1;;;;;;;;
Calvi;42.56;8.75;08/06/2026;16:00;20.3;57;11.5;16.9;3;0.0;0.0;0.0;0.0;0.0;1;P2;Éclaircies;1018.6;1016.6;31;31;0;0;29800.0;0.0;1.03;32.6;34.9;215;26.0;;;;;;;;
Calvi;42.56;8.75;08/06/2026;17:00;20.0;58;11.5;16.5;3;0.0;0.0;0.0;0.0;0.0;1;P2;Éclaircies;1018.4;1016.4;23;22;0;0;29140.0;0.0;0.99;31.0;34.2;208;24.4;;;;;;;;
Calvi;42.56;8.75;08/06/2026;18:00;19.7;59;11.5;15.9;3;0.0;0.0;0.0;0.0;0.0;0;P1;Ensoleillé;1018.2;1016.2;14;13;0;0;28480.0;0.0;0.95;29.6;33.5;201;22.6;;;;;;;;
Calvi;42.56;8.75;08/06/2026;19:00;19.5;60;11.4;15.7;4;0.0;0.0;0.0;0.0;0.0;0;P1;Ensoleillé;1018.1;1016.1;6;5;0;0;27840.0;0.0;0.91;28.9;32.8;194;21.1;;;;;;;;
Calvi;42.56;8.75;08/06/2026;20:00;19.3;60;11.3;15.6;4;0.0;0.0;0.0;0.0;0.0;0;P1;Ensoleillé;1018.0;1016.0;1;0;0;0;27180.0;0.0;0.9;28.4;32.0;188;19.9;;;;;;;;
Calvi;42.56;8.75;08/06/2026;21:00;19.1;59;11.0;15.4;4;0.0;0.0;0.0;0.0;0.0;0;P1;Ensoleillé;1018.0;1016.0;0;0;0;0;28900.0;0.0;0.9;28.1;31.0;184;19.2;;;;;;;;
Calvi;42.56;8.75;08/06/2026;22:00;19.0;58;10.6;15.2;3;0.0;0.0;0.0;0.0;0.0;0;P1;Ensoleillé;1018.1;1016.1;0;0;0;0;30620.0;0.0;0.92;27.9;29.5;180;18.5;;;;;;;;
Calvi;42.56;8.75;08/06/2026;23:00;18.9;57;10.2;15.0;2;0.0;0.0;0.0;0.0;0.0;0;P1;Ensoleillé;1018.3;1016.3;0;0;0;0;32340.0;0.0;0.94;27.6;28.1;177;18.0;;;;;;;;
Calvi;42.56;8.75;09/06/2026;00:00;18.8;55;9.7;14.8;1;0.0;0.0;0.0;0.0;0.0;0;P1;Ensoleillé;1018.4;1016.4;0;0;0;0;34060.0;0.0;0.97;27.1;26.6;175;17.6;;;;;;;;
Calvi;42.56;8.75;09/06/2026;01:00;18.8;54;9.3;14.8;1;0.0;0.0;0.0;0.0;0.0;0;P1;Ensoleillé;1018.5;1016.5;0;0;0;0;35780.0;0.0;1.0;26.4;25.6;174;17.5;;;;;;;;
Calvi;42.56;8.75;09/06/2026;02:00;18.9;53;9.1;15.0;0;0.0;0.0;0.0;0.0;0.0;0;P1;Ensoleillé;1018.6;1016.6;0;0;0;0;37500.0;0.0;1.03;25.2;24.8;174;17.7;;;;;;;;
Calvi;42.56;8.75;09/06/2026;03:00;19.2;51;8.9;15.5;0;0.0;0.0;0.0;0.0;0.0;0;P1;Ensoleillé;1018.6;1016.6;0;0;0;0;38120.0;0.0;1.08;23.3;25.6;176;18.1;;;;;;;;
Calvi;42.56;8.75;09/06/2026;04:00;19.5;50;8.7;16.2;0;0.0;0.0;0.0;0.0;0.0;0;P1;Ensoleillé;1018.5;1016.5;0;0;0;0;38760.0;0.0;1.14;20.7;27.4;179;18.8;;;;;;;;
Calvi;42.56;8.75;09/06/2026;05:00;19.9;48;8.6;17.0;0;0.0;0.0;0.0;0.0;0.0;0;P1;Ensoleillé;1018.4;1016.4;0;0;0;0;39380.0;0.0;1.21;18.1;27.7;186;19.7;;;;;;;;
Calvi;42.56;8.75;09/06/2026;06:00;20.3;47;8.6;17.7;0;0.0;0.0;0.0;0.0;0.0;0;P1;Ensoleillé;1018.3;1016.3;0;0;0;0;40000.0;0.0;1.27;15.8;26.3;195;20.7;;;;;;;;
Calvi;42.56;8.75;09/06/2026;07:00;20.8;46;8.7;18.4;0;0.0;0.0;0.0;0.0;0.0;0;P1;Ensoleillé;1018.2;1016.2;0;0;0;0;40640.0;0.0;1.33;14.2;23.8;206;21.9;;;;;;;;
Calvi;42.56;8.75;09/06/2026;08:00;21.1;46;9.1;18.9;0;0.0;0.0;0.0;0.0;0.0;0;P1;Ensoleillé;1018.2;1016.2;0;0;0;0;41260.0;0.0;1.35;13.5;21.2;217;23.2;;;;;;;;
Calvi;42.56;8.75;09/06/2026;09:00;21.5;47;9.7;19.5;1;0.0;0.0;0.0;0.0;0.0;0;P1;Ensoleillé;1018.3;1016.3;0;0;0;0;40180.0;0.0;1.36;13.6;19.4;227;25.0;;;;;;;;
Calvi;42.56;8.75;09/06/2026;10:00;21.9;49;10.6;20.0;1;0.0;0.0;0.0;0.0;0.0;0;P1;Ensoleillé;1018.6;1016.6;0;0;1;0;39080.0;0.0;1.35;14.5;18.0;235;27.2;;;;;;;;
Calvi;42.56;8.75;09/06/2026;11:00;22.3;51;11.7;21.1;2;0.0;0.0;0.0;0.0;0.0;0;P1;Ensoleillé;1018.8;1016.8;0;1;1;0;38000.0;0.0;1.31;15.5;16.6;242;29.6;;;;;;;;
Calvi;42.56;8.75;09/06/2026;12:00;22.6;54;12.8;22.3;3;0.0;0.0;0.0;0.0;0.0;0;P1;Ensoleillé;1019.1;1017.1;0;1;2;0;36920.0;0.0;1.26;16.7;15.1;246;31.7;;;;;;;;
Calvi;42.56;8.75;09/06/2026;13:00;22.8;57;13.7;23.2;3;0.0;0.0;0.0;0.0;0.0;0;P1;Ensoleillé;1019.3;1017.3;0;1;2;0;35820.0;0.0;1.2;17.5;13.7;249;33.2;;;;;;;;
Calvi;42.56;8.75;09/06/2026;14:00;22.8;59;14.4;23.5;4;0.0;0.0;0.0;0.0;0.0;0;P1;Ensoleillé;1019.4;1017.4;2;1;2;0;34740.0;0.0;1.14;18.0;11.9;250;33.7;;;;;;;;
Calvi;42.56;8.75;09/06/2026;15:00;22.6;61;14.7;23.5;4;0.0;0.0;0.0;0.0;0.0;0;P1;Ensoleillé;1019.4;1017.4;5;1;2;4;34240.0;0.0;1.06;17.7;9.7;249;32.9;;;;;;;;
Calvi;42.56;8.75;09/06/2026;16:00;22.1;63;14.8;22.8;4;0.0;0.0;0.0;0.0;0.0;0;P1;Ensoleillé;1019.3;1017.3;11;1;2;9;33740.0;0.0;0.98;17.1;7.6;246;31.1;;;;;;;;
Calvi;42.56;8.75;09/06/2026;17:00;21.6;65;14.8;21.9;4;0.0;0.0;0.0;0.0;0.0;0;P1;Ensoleillé;1019.1;1017.1;16;1;1;15;33240.0;0.0;0.89;16.0;6.1;241;28.6;;;;;;;;
Calvi;42.56;8.75;09/06/2026;18:00;21.0;67;14.7;20.6;4;0.0;0.0;0.0;0.0;0.0;1;P2;Éclaircies;1018.9;1016.9;22;0;1;21;32720.0;0.0;0.81;15.1;5.8;235;25.9;;;;;;;;
Calvi;42.56;8.75;09/06/2026;19:00;20.4;69;14.5;19.9;4;0.0;0.0;0.0;0.0;0.0;1;P2;Éclaircies;1018.8;1016.8;26;0;0;25;32220.0;0.0;0.75;14.3;6.1;229;23.4;;;;;;;;
Calvi;42.56;8.75;09/06/2026;20:00;19.9;70;14.3;19.4;4;0.0;0.0;0.0;0.0;0.0;1;P2;Éclaircies;1018.7;1016.7;27;0;0;27;31720.0;0.0;0.7;13.5;6.8;224;21.5;;;;;;;;
Calvi;42.56;8.75;09/06/2026;21:00;19.5;71;14.0;19.0;4;0.0;0.0;0.0;0.0;0.0;1;P2;Éclaircies;1018.7;1016.7;25;0;0;25;32220.0;0.0;0.66;12.7;7.9;220;20.0;;;;;;;;
Calvi;42.56;8.75;09/06/2026;22:00;19.0;71;13.7;18.6;3;0.0;0.0;0.0;0.0;0.0;1;P2;Éclaircies;1018.8;1016.8;21;0;0;21;32720.0;0.0;0.64;11.5;9.0;215;18.5;;;;;;;;
Calvi;42.56;8.75;09/06/2026;23:00;18.5;71;13.2;18.1;3;0.0;0.0;0.0;0.0;0.0;0;P1;Ensoleillé;1018.8;1016.8;15;0;0;15;33240.0;0.0;0.61;10.4;9.4;210;17.3;;;;;;;;
Calvi;42.56;8.75;10/06/2026;00:00;18.2;71;12.8;17.7;3;0.0;0.0;0.0;0.0;0.0;0;P1;Ensoleillé;1018.9;1016.9;9;0;0;9;33740.0;0.0;0.61;9.4;8.6;206;16.3;;;;;;;;
Calvi;42.56;8.75;10/06/2026;01:00;17.9;70;12.3;17.4;2;0.0;0.0;0.0;0.0;0.0;0;P1;Ensoleillé;1019.0;1017.0;4;0;0;4;34240.0;0.0;0.63;8.7;7.2;202;15.7;;;;;;;;
Calvi;42.56;8.75;10/06/2026;02:00;17.9;68;11.8;17.2;2;0.0;0.0;0.0;0.0;0.0;0;P1;Ensoleillé;1019.1;1017.1;0;0;0;0;34740.0;0.0;0.67;8.4;6.1;200;15.5;;;;;;;;
Calvi;42.56;8.75;10/06/2026;03:00;18.1;64;11.2;17.2;2;0.0;0.0;0.0;0.0;0.0;0;P1;Ensoleillé;1019.1;1017.1;0;0;0;0;35820.0;0.0;0.74;8.5;5.0;201;16.0;;;;;;;;
Calvi;42.56;8.75;10/06/2026;04:00;18.5;60;10.5;17.3;1;0.0;0.0;0.0;0.0;0.0;0;P1;Ensoleillé;1019.2;1017.2;0;0;0;0;36920.0;0.0;0.86;9.1;4.0;205;16.9;;;;;;;;
Calvi;42.56;8.75;10/06/2026;05:00;19.0;55;9.8;17.6;1;0.0;0.0;0.0;0.0;0.0;0;P1;Ensoleillé;1019.2;1017.2;0;0;0;0;38000.0;0.0;0.99;9.9;4.0;209;18.3;;;;;;;;
Calvi;42.56;8.75;10/06/2026;06:00;19.6;51;9.2;17.9;1;0.0;0.0;0.0;0.0;0.0;0;P1;Ensoleillé;1019.2;1017.2;0;0;0;0;39080.0;0.0;1.12;10.7;5.8;215;19.9;;;;;;;;
Calvi;42.56;8.75;10/06/2026;07:00;20.2;48;8.8;18.2;0;0.0;0.0;0.0;0.0;0.0;0;P1;Ensoleillé;1019.2;1017.2;0;0;0;0;40180.0;0.0;1.24;11.8;8.6;220;21.5;;;;;;;;
Calvi;42.56;8.75;10/06/2026;08:00;20.7;46;8.8;18.6;0;0.0;0.0;0.0;0.0;0.0;0;P1;Ensoleillé;1019.3;1017.3;0;0;0;0;41260.0;0.0;1.32;12.3;10.8;224;23.1;;;;;;;;
Calvi;42.56;8.75;10/06/2026;09:00;21.2;47;9.3;19.1;0;0.0;0.0;0.0;0.0;0.0;0;P1;Ensoleillé;1019.4;1017.4;13;0;0;13;40640.0;0.0;1.34;12.9;11.9;230;25.0;;;;;;;;
Calvi;42.56;8.75;10/06/2026;10:00;21.7;48;10.3;19.9;1;0.0;0.0;0.0;0.0;0.0;1;P2;Éclaircies;1019.6;1017.6;32;0;0;32;40000.0;0.0;1.35;13.5;12.6;237;27.2;;;;;;;;
Calvi;42.56;8.75;10/06/2026;11:00;22.2;51;11.6;21.1;1;0.0;0.0;0.0;0.0;0.0;2;P8;Éclaircies;1019.8;1017.8;55;0;0;55;39380.0;0.0;1.31;14.5;13.0;243;29.5;;;;;;;;
Calvi;42.56;8.75;10/06/2026;12:00;22.6;54;12.9;22.4;1;0.0;0.0;0.0;0.0;0.0;2;P8;Éclaircies;1020.0;1018.0;75;0;0;75;38760.0;0.0;1.26;15.2;13.0;249;31.6;;;;;;;;
Calvi;42.56;8.75;10/06/2026;13:00;23.0;56;13.8;23.4;2;0.0;0.0;0.0;0.0;0.0;3;P4;Nuageux;1020.1;1018.1;91;0;0;91;38120.0;0.0;1.23;15.8;12.6;253;33.1;;;;;;;;
Calvi;42.56;8.75;10/06/2026;14:00;23.1;57;14.2;23.9;2;0.0;0.0;0.0;0.0;0.0;3;P4;Nuageux;1020.2;1018.2;97;0;0;97;37500.0;0.0;1.21;15.9;13.0;255;33.6;;;;;;;;
Calvi;42.56;8.75;10/06/2026;15:00;23.1;57;14.1;23.8;2;0.0;0.0;0.0;0.0;0.0;3;P4;Nuageux;1020.2;1018.2;91;0;0;91;38120.0;0.0;1.21;15.3;14.4;255;33.0;;;;;;;;
Calvi;42.56;8.75;10/06/2026;16:00;22.9;56;13.7;23.3;3;0.0;0.0;0.0;0.0;0.0;2;P8;Éclaircies;1020.1;1018.1;75;0;0;75;38760.0;0.0;1.22;13.9;16.2;253;31.4;;;;;;;;
Calvi;42.56;8.75;10/06/2026;17:00;22.6;54;12.9;22.5;3;0.0;0.0;0.0;0.0;0.0;2;P8;Éclaircies;1020.0;1018.0;54;0;0;54;39380.0;0.0;1.25;12.4;17.3;249;29.3;;;;;;;;
Calvi;42.56;8.75;10/06/2026;18:00;22.2;52;12.0;21.2;3;0.0;0.0;0.0;0.0;0.0;1;P2;Éclaircies;1019.9;1017.9;32;0;0;32;40000.0;0.0;1.27;10.9;17.6;243;26.9;;;;;;;;
Calvi;42.56;8.75;10/06/2026;19:00;21.8;50;10.8;20.7;4;0.0;0.0;0.0;0.0;0.0;0;P1;Ensoleillé;1019.8;1017.8;13;0;0;13;40640.0;0.0;1.32;9.7;17.3;235;24.7;;;;;;;;
Calvi;42.56;8.75;10/06/2026;20:00;21.6;46;9.5;20.1;4;0.0;0.0;0.0;0.0;0.0;0;P1;Ensoleillé;1019.7;1017.7;0;0;0;0;41260.0;0.0;1.39;9.3;16.2;226;23.1;;;;;;;;
Calvi;42.56;8.75;10/06/2026;21:00;21.3;41;7.6;19.4;4;0.0;0.0;0.0;0.0;0.0;0;P1;Ensoleillé;1019.6;1017.6;0;0;0;0;42180.0;0.0;1.49;9.5;14.4;217;21.9;;;;;;;;
Calvi;42.56;8.75;10/06/2026;22:00;21.1;35;5.1;18.4;3;0.0;0.0;0.0;0.0;0.0;0;P1;Ensoleillé;1019.6;1017.6;0;0;0;0;43080.0;0.0;1.62;10.5;11.5;209;20.7;;;;;;;;
Calvi;42.56;8.75;10/06/2026;23:00;20.9;30;2.5;17.5;2;0.0;0.0;0.0;0.0;0.0;0;P1;Ensoleillé;1019.5;1017.5;0;0;0;0;44000.0;0.0;1.74;11.7;9.7;203;19.8;;;;;;;;
Calvi;42.56;8.75;11/06/2026;00:00;20.7;25;0.0;16.7;1;0.0;0.0;0.0;0.0;0.0;0;P1;Ensoleillé;1019.5;1017.5;0;0;0;0;44900.0;0.0;1.83;13.2;9.0;197;19.1;;;;;;;;
Calvi;42.56;8.75;11/06/2026;01:00;20.6;22;-1.8;16.1;0;0.0;0.0;0.0;0.0;0.0;0;P1;Ensoleillé;1019.4;1017.4;4;0;0;4;45820.0;0.0;1.89;14.7;9.0;194;18.7;;;;;;;;
Calvi;42.56;8.75;11/06/2026;02:00;20.6;21;-2.5;15.8;0;0.0;0.0;0.0;0.0;0.0;0;P1;Ensoleillé;1019.3;1017.3;5;0;0;5;46720.0;0.0;1.93;16.0;8.6;192;18.6;;;;;;;;
Calvi;42.56;8.75;11/06/2026;03:00;20.8;22;-1.9;15.9;0;0.0;0.0;0.0;0.0;0.0;0;P1;Ensoleillé;1019.2;1017.2;5;0;0;5;45820.0;0.0;1.93;17.4;8.3;191;19.0;;;;;;;;
Calvi;42.56;8.75;11/06/2026;04:00;21.2;24;-0.1;16.3;1;0.0;0.0;0.0;0.0;0.0;0;P1;Ensoleillé;1019.0;1017.0;4;0;0;4;44900.0;0.0;1.91;18.8;7.6;189;19.7;;;;;;;;
Calvi;42.56;8.75;11/06/2026;05:00;21.7;28;2.3;17.0;1;0.0;0.0;0.0;0.0;0.0;0;P1;Ensoleillé;1018.9;1016.9;3;0;0;3;44000.0;0.0;1.87;20.0;7.2;189;20.7;;;;;;;;
Calvi;42.56;8.75;11/06/2026;06:00;22.2;33;4.9;17.9;1;0.0;0.0;0.0;0.0;0.0;0;P1;Ensoleillé;1018.7;1016.7;1;0;0;1;43080.0;0.0;1.81;21.1;7.2;189;22.0;;;;;;;;
Calvi;42.56;8.75;11/06/2026;07:00;22.6;37;7.2;18.7;2;0.0;0.0;0.0;0.0;0.0;0;P1;Ensoleillé;1018.6;1016.6;0;0;0;0;42180.0;0.0;1.73;22.1;7.2;190;23.3;;;;;;;;
Calvi;42.56;8.75;11/06/2026;08:00;23.1;40;8.8;19.5;2;0.0;0.0;0.0;0.0;0.0;0;P1;Ensoleillé;1018.5;1016.5;0;0;0;0;41260.0;0.0;1.69;22.5;7.9;192;24.7;;;;;;;;
Calvi;42.56;8.75;11/06/2026;09:00;23.5;41;9.6;20.1;3;0.0;0.0;0.0;0.0;0.0;0;P1;Ensoleillé;1018.5;1016.5;0;0;0;0;42160.0;0.0;1.71;22.7;9.4;198;26.5;;;;;;;;
Calvi;42.56;8.75;11/06/2026;10:00;24.1;41;9.9;20.7;3;0.0;0.0;0.0;0.0;0.0;0;P1;Ensoleillé;1018.6;1016.6;1;0;0;1;43060.0;0.0;1.78;22.9;11.5;205;28.7;;;;;;;;
Calvi;42.56;8.75;11/06/2026;11:00;24.6;39;9.8;21.6;4;0.0;0.0;0.0;0.0;0.0;0;P1;Ensoleillé;1018.7;1016.7;1;0;0;1;43960.0;0.0;1.89;23.5;13.0;214;31.1;;;;;;;;
Calvi;42.56;8.75;11/06/2026;12:00;25.1;38;9.8;22.6;5;0.0;0.0;0.0;0.0;0.0;0;P1;Ensoleillé;1018.8;1016.8;2;0;0;2;44860.0;0.0;1.98;24.2;13.3;222;33.2;;;;;;;;
Calvi;42.56;8.75;11/06/2026;13:00;25.3;37;9.8;23.2;5;0.0;0.0;0.0;0.0;0.0;0;P1;Ensoleillé;1018.9;1016.9;3;0;0;3;45760.0;0.0;2.02;25.0;12.6;229;34.7;;;;;;;;
Calvi;42.56;8.75;11/06/2026;14:00;25.3;38;10.1;23.5;6;0.0;0.0;0.0;0.0;0.0;0;P1;Ensoleillé;1018.9;1016.9;3;0;0;3;46660.0;0.0;1.99;24.9;12.2;233;35.1;;;;;;;;
Calvi;42.56;8.75;11/06/2026;15:00;24.9;41;10.7;23.4;6;0.0;0.0;0.0;0.0;0.0;0;P1;Ensoleillé;1018.8;1016.8;2;0;0;2;44160.0;0.0;1.86;23.9;11.9;235;34.3;;;;;;;;
Calvi;42.56;8.75;11/06/2026;16:00;24.2;45;11.6;23.0;7;0.0;0.0;0.0;0.0;0.0;0;P1;Ensoleillé;1018.6;1016.6;0;0;0;0;41660.0;0.0;1.65;22.0;11.2;235;32.4;;;;;;;;
Calvi;42.56;8.75;11/06/2026;17:00;23.3;51;12.6;22.3;7;0.0;0.0;0.0;0.0;0.0;0;P1;Ensoleillé;1018.3;1016.3;0;0;0;0;39180.0;0.0;1.4;19.5;10.4;234;29.8;;;;;;;;
Calvi;42.56;8.75;11/06/2026;18:00;22.3;58;13.6;21.3;7;0.0;0.0;0.0;0.0;0.0;0;P1;Ensoleillé;1018.1;1016.1;0;0;0;0;36680.0;0.0;1.14;16.6;9.0;233;27.0;;;;;;;;
Calvi;42.56;8.75;11/06/2026;19:00;21.3;65;14.4;20.8;6;0.0;0.0;0.0;0.0;0.0;0;P1;Ensoleillé;1017.9;1015.9;0;0;0;0;34180.0;0.0;0.9;13.8;7.2;231;24.4;;;;;;;;
Calvi;42.56;8.75;11/06/2026;20:00;20.6;71;15.0;20.6;6;0.0;0.0;0.0;0.0;0.0;0;P1;Ensoleillé;1017.9;1015.9;0;0;0;0;31680.0;0.0;0.72;11.4;5.8;231;22.3;;;;;;;;
Calvi;42.56;8.75;11/06/2026;21:00;19.9;75;15.4;20.4;5;0.0;0.0;0.0;0.0;0.0;0;P1;Ensoleillé;1018.1;1016.1;9;0;0;9;31080.0;0.0;0.58;9.1;5.8;231;20.5;;;;;;;;
Calvi;42.56;8.75;11/06/2026;22:00;19.2;79;15.6;20.1;5;0.0;0.0;0.0;0.0;0.0;1;P2;Éclaircies;1018.4;1016.4;22;0;0;22;30480.0;0.0;0.46;6.9;6.1;229;18.8;;;;;;;;
Calvi;42.56;8.75;11/06/2026;23:00;18.6;83;15.7;19.9;4;0.0;0.0;0.0;0.0;0.0;1;P2;Éclaircies;1018.8;1016.8;38;0;0;38;29900.0;0.0;0.36;4.7;6.5;230;17.1;;;;;;;;
Calvi;42.56;8.75;12/06/2026;00:00;18.0;86;15.6;19.6;3;0.0;0.0;0.0;0.0;0.0;2;P8;Éclaircies;1019.2;1017.2;53;0;0;53;29300.0;0.0;0.29;2.4;6.5;228;15.8;;;;;;;;
Calvi;42.56;8.75;12/06/2026;01:00;17.7;87;15.5;19.5;2;0.0;0.0;0.0;0.0;0.0;2;P8;Éclaircies;1019.6;1017.6;66;0;0;66;28700.0;0.0;0.26;0.4;6.1;243;15.0;;;;;;;;
Calvi;42.56;8.75;12/06/2026;02:00;17.6;87;15.4;19.2;4;0.0;0.0;0.0;0.0;0.0;2;P8;Éclaircies;1019.8;1017.8;75;0;0;75;28100.0;0.0;0.26;1.5;5.8;30;14.7;;;;;;;;
Calvi;42.56;8.75;12/06/2026;03:00;17.8;85;15.2;19.1;6;0.0;0.0;0.0;0.0;0.0;2;P8;Éclaircies;1019.8;1017.8;79;0;0;79;29200.0;0.0;0.31;3.1;5.8;31;15.2;;;;;;;;
Calvi;42.56;8.75;12/06/2026;04:00;18.2;81;14.8;19.1;6;0.0;0.0;0.0;0.0;0.0;3;P4;Nuageux;1019.8;1017.8;81;0;0;81;30300.0;0.0;0.41;5.2;6.1;29;16.2;;;;;;;;
Calvi;42.56;8.75;12/06/2026;05:00;18.9;75;14.4;19.4;7;0.0;0.0;0.0;0.0;0.0;3;P4;Nuageux;1019.7;1017.7;80;0;0;80;31400.0;0.0;0.54;6.8;6.1;27;17.7;;;;;;;;
Calvi;42.56;8.75;12/06/2026;06:00;19.6;70;14.0;19.8;6;0.0;0.0;0.0;0.0;0.0;2;P8;Éclaircies;1019.5;1017.5;78;0;0;78;32500.0;0.0;0.68;8.3;6.1;24;19.5;;;;;;;;
Calvi;42.56;8.75;12/06/2026;07:00;20.4;66;13.7;20.2;6;0.0;0.0;0.0;0.0;0.0;2;P8;Éclaircies;1019.4;1017.4;74;0;0;74;33600.0;0.0;0.82;9.5;5.8;21;21.5;;;;;;;;
Calvi;42.56;8.75;12/06/2026;08:00;21.1;62;13.6;20.7;6;0.0;0.0;0.0;0.0;0.0;2;P8;Éclaircies;1019.3;1017.3;70;0;0;70;34700.0;0.0;0.94;10.4;5.8;18;23.5;;;;;;;;
Calvi;42.56;8.75;12/06/2026;09:00;21.8;60;13.7;21.4;7;0.0;0.0;0.0;0.0;0.0;2;P8;Éclaircies;1019.3;1017.3;64;0;0;64;35160.0;0.0;1.04;10.7;5.4;14;25.9;;;;;;;;
Calvi;42.56;8.75;12/06/2026;10:00;22.6;58;14.0;22.4;8;0.0;0.0;0.0;0.0;0.0;2;P8;Éclaircies;1019.3;1017.3;56;0;0;56;35620.0;0.0;1.15;10.9;4.7;6;28.7;;;;;;;;
Calvi;42.56;8.75;12/06/2026;11:00;23.4;57;14.3;23.8;9;0.0;0.0;0.0;0.0;0.0;1;P2;Éclaircies;1019.3;1017.3;46;0;0;46;36100.0;0.0;1.25;11.0;5.0;357;31.7;;;;;;;;
Calvi;42.56;8.75;12/06/2026;12:00;24.7;54;14.8;26.0;10;0.0;0.0;0.0;0.0;0.0;1;P2;Éclaircies;1019.7;1017.7;52;0;1;52;33455.0;0.0;1.43;10.4;6.8;327;34.5;;;;;;;;
Calvi;42.56;8.75;12/06/2026;13:00;25.5;52;14.8;27.3;11;0.0;0.0;0.0;0.0;0.0;1;P2;Éclaircies;1019.8;1017.8;60;0;2;59;30580.0;0.0;1.57;10.7;9.0;298;37.0;;;;;;;;
Calvi;42.56;8.75;12/06/2026;14:00;25.9;49;14.4;27.7;13;0.0;0.0;0.0;0.0;0.0;1;P2;Éclaircies;1019.8;1017.9;71;0;5;69;27475.0;0.0;1.69;11.4;11.2;274;38.7;;;;;;;;
Calvi;42.56;8.75;12/06/2026;15:00;26.0;48;14.1;27.6;15;0.0;0.0;0.0;0.0;0.0;3;P4;Nuageux;1019.7;1017.7;91;0;24;88;24140.0;0.0;1.75;11.5;12.2;250;;;;;;;;;
Calvi;42.56;8.75;12/06/2026;16:00;26.0;48;14.1;27.1;17;0.0;0.0;0.0;0.0;0.0;3;P4;Nuageux;1019.5;1017.5;97;0;48;94;24140.0;0.0;1.75;11.1;13.0;245;;;;;;;;;
Calvi;42.56;8.75;12/06/2026;17:00;25.8;50;14.6;26.4;19;0.0;0.0;0.0;0.0;0.0;3;P4;Nuageux;1019.2;1017.2;93;0;59;90;24140.0;0.0;1.66;10.8;13.3;240;;;;;;;;;
Calvi;42.56;8.75;12/06/2026;18:00;25.4;54;15.4;25.6;21;0.0;0.0;0.0;0.0;0.0;2;P8;Éclaircies;1019.0;1017.0;69;0;48;64;24140.0;0.0;1.49;10.5;13.0;239;;;;;;;;;
Calvi;42.56;8.75;12/06/2026;19:00;24.8;59;16.2;25.5;22;0.0;0.0;0.0;0.0;0.0;1;P2;Éclaircies;1018.9;1016.9;35;0;24;28;24140.0;0.0;1.28;10.2;12.2;238;;;;;;;;;
Calvi;42.56;8.75;12/06/2026;20:00;24.2;62;16.5;25.1;23;0.0;0.0;0.0;0.0;0.0;0;P1;Ensoleillé;1018.8;1016.8;10;0;7;2;24140.0;0.0;1.15;9.3;11.2;234;;;;;;;;;
Calvi;42.56;8.75;12/06/2026;21:00;23.6;62;15.9;24.5;23;0.0;0.0;0.0;0.0;0.0;0;P1;Ensoleillé;1018.8;1016.8;4;0;3;0;24140.0;0.0;1.11;7.9;9.7;223;;;;;;;;;
Calvi;42.56;8.75;12/06/2026;22:00;23.0;61;15.1;23.7;22;0.0;0.0;0.0;0.0;0.0;0;P1;Ensoleillé;1018.9;1016.9;7;0;4;0;24140.0;0.0;1.1;6.8;8.3;205;;;;;;;;;
Calvi;42.56;8.75;12/06/2026;23:00;22.6;59;14.2;23.0;21;0.0;0.0;0.0;0.0;0.0;0;P1;Ensoleillé;1018.9;1016.9;10;0;5;2;24140.0;0.0;1.12;6.9;7.6;189;;;;;;;;;
Cervione;42.33;9.49;28/05/2026;00:00;19.4;59;11.2;18.4;0;0.0;0.0;0.0;0.0;0.0;0;P1;Ensoleillé;1018.4;980.0;0;0;0;0;40520.0;0.05;0.93;9.4;19.1;277;18.3;20.1;20.9;17.1;0.191;0.195;0.208;0.24;0.293
Cervione;42.33;9.49;28/05/2026;01:00;19.3;58;10.9;18.3;0;0.0;0.0;0.0;0.0;0.0;0;P1;Ensoleillé;1018.2;979.8;0;0;0;0;40680.0;0.05;0.94;9.1;19.4;277;18.1;19.7;20.7;17.1;0.191;0.196;0.208;0.24;0.293
Cervione;42.33;9.49;28/05/2026;02:00;18.8;60;10.9;17.9;0;0.0;0.0;0.0;0.0;0.0;0;P1;Ensoleillé;1018.0;979.6;0;0;0;0;40360.0;0.05;0.87;8.4;18.7;280;17.5;19.4;20.4;17.2;0.194;0.198;0.21;0.245;0.297
Cervione;42.33;9.49;28/05/2026;03:00;18.3;64;11.3;17.6;0;0.0;0.0;0.0;0.0;0.0;0;P1;Ensoleillé;1017.6;979.1;0;0;0;0;39820.0;0.04;0.76;7.8;17.3;283;17.0;19.0;20.2;17.2;0.195;0.198;0.211;0.245;0.297
Cervione;42.33;9.49;28/05/2026;04:00;18.5;63;11.3;17.8;0;0.0;0.0;0.0;0.0;0.0;0;P1;Ensoleillé;1017.3;978.9;0;0;0;0;40020.0;0.04;0.79;7.1;16.6;285;17.0;18.7;20.0;17.2;0.195;0.199;0.211;0.244;0.297
Cervione;42.33;9.49;28/05/2026;05:00;18.2;65;11.5;17.9;0;0.0;0.0;0.0;0.0;0.0;3;P4;Nuageux;1017.5;979.0;0;0;0;0;40040.0;0.04;0.73;5.0;14.8;270;15.8;18.2;19.7;17.2;0.197;0.2;0.211;0.244;0.297
Cervione;42.33;9.49;28/05/2026;06:00;18.6;64;11.7;18.6;0;0.0;0.0;0.0;0.0;0.0;0;P1;Ensoleillé;1017.9;979.5;0;0;0;0;40880.0;0.02;0.77;4.0;9.4;275;14.6;17.8;19.4;17.2;0.198;0.2;0.211;0.244;0.297
Cervione;42.33;9.49;28/05/2026;07:00;20.2;60;12.2;20.5;0;0.0;0.0;0.0;0.0;0.0;0;P1;Ensoleillé;1018.3;980.0;0;0;0;0;41340.0;-0.0;0.95;2.5;5.8;315;17.5;17.5;19.2;17.2;0.2;0.202;0.211;0.244;0.297
Cervione;42.33;9.49;28/05/2026;08:00;22.1;69;16.1;24.0;0;0.0;0.0;0.0;0.0;0.0;0;P1;Ensoleillé;1018.5;980.5;0;0;0;0;40040.0;0.05;0.82;1.4;4.0;360;22.5;18.7;19.0;17.2;0.2;0.203;0.212;0.244;0.296
Cervione;42.33;9.49;28/05/2026;09:00;22.6;63;15.2;24.0;0;0.0;0.0;0.0;0.0;0.0;0;P1;Ensoleillé;1018.1;980.2;0;0;0;0;39900.0;0.25;1.01;2.2;6.5;81;23.4;19.9;19.0;17.2;0.199;0.202;0.211;0.244;0.296
Cervione;42.33;9.49;28/05/2026;10:00;23.1;67;16.7;25.0;0;0.0;0.0;0.0;0.0;0.0;0;P1;Ensoleillé;1018.5;980.6;0;0;0;0;38220.0;0.37;0.93;4.0;10.8;100;24.9;20.8;19.0;17.2;0.197;0.202;0.211;0.243;0.296
Cervione;42.33;9.49;28/05/2026;11:00;24.3;65;17.3;27.1;0;0.0;0.0;0.0;0.0;0.0;0;P1;Ensoleillé;1018.8;981.0;0;0;0;0;38240.0;0.44;1.06;5.6;13.7;130;26.8;21.7;19.2;17.3;0.195;0.2;0.21;0.242;0.295
Cervione;42.33;9.49;28/05/2026;12:00;25.2;62;17.4;28.5;0;0.0;0.0;0.0;0.0;0.0;0;P1;Ensoleillé;1018.9;981.2;0;0;0;0;38780.0;0.45;1.22;7.4;19.4;133;28.1;22.6;19.4;17.3;0.193;0.199;0.21;0.242;0.295
Cervione;42.33;9.49;28/05/2026;13:00;25.8;58;16.9;29.4;0;0.0;0.0;0.0;0.0;0.0;0;P1;Ensoleillé;1018.9;981.3;0;0;0;0;39660.0;0.46;1.4;7.9;20.5;114;29.3;23.4;19.7;17.3;0.191;0.197;0.209;0.241;0.294
Cervione;42.33;9.49;28/05/2026;14:00;25.4;60;17.1;28.9;0;0.0;0.0;0.0;0.0;0.0;3;P4;Nuageux;1018.6;981.0;0;0;0;0;39080.0;0.43;1.3;8.0;20.9;108;28.2;24.0;20.0;17.3;0.188;0.196;0.208;0.24;0.294
Cervione;42.33;9.49;28/05/2026;15:00;25.1;61;17.1;27.8;0;0.0;0.0;0.0;0.0;0.0;3;P4;Nuageux;1018.2;980.6;100;0;0;100;39520.0;0.33;1.24;5.1;20.2;94;28.2;24.0;20.2;17.3;0.187;0.195;0.208;0.24;0.294
Cervione;42.33;9.49;28/05/2026;16:00;25.8;60;17.4;28.6;0;0.0;0.0;0.0;0.0;0.0;3;P4;Nuageux;1018.0;980.5;100;0;0;100;39340.0;0.33;1.33;6.5;18.0;90;28.6;24.3;20.5;17.3;0.186;0.193;0.207;0.239;0.293
Cervione;42.33;9.49;28/05/2026;17:00;25.1;64;17.8;27.5;0;0.0;0.0;0.0;0.0;0.0;3;P4;Nuageux;1017.8;980.2;88;0;0;88;38060.0;0.29;1.15;6.0;18.0;73;27.2;24.4;20.8;17.3;0.185;0.192;0.207;0.239;0.293
Cervione;42.33;9.49;28/05/2026;18:00;24.3;64;17.1;26.3;0;0.0;0.0;0.0;0.0;0.0;3;P4;Nuageux;1017.7;980.0;99;0;0;99;38760.0;0.24;1.09;3.4;15.1;72;25.6;24.1;21.0;17.4;0.185;0.192;0.207;0.238;0.293
Cervione;42.33;9.49;28/05/2026;19:00;23.8;68;17.6;26.2;0;0.0;0.0;0.0;0.0;0.0;1;P2;Éclaircies;1017.3;979.5;13;0;13;0;37740.0;0.15;0.94;2.2;10.8;90;24.3;23.6;21.1;17.4;0.186;0.192;0.206;0.238;0.292
Cervione;42.33;9.49;28/05/2026;20:00;22.5;78;18.4;25.3;0;0.0;0.0;0.0;0.0;0.0;1;P2;Éclaircies;1017.6;979.7;39;0;39;0;33180.0;0.07;0.6;2.3;7.9;72;21.7;22.9;21.2;17.4;0.188;0.192;0.206;0.238;0.292
Cervione;42.33;9.49;28/05/2026;21:00;21.1;87;18.8;24.1;0;0.0;0.0;0.0;0.0;0.0;2;P8;Éclaircies;1017.7;979.6;56;0;56;0;28800.0;0.01;0.32;2.0;5.8;315;19.2;21.9;21.2;17.4;0.19;0.193;0.206;0.238;0.292
Cervione;42.33;9.49;28/05/2026;22:00;20.4;88;18.4;22.9;0;0.0;0.0;0.0;0.0;0.0;1;P2;Éclaircies;1018.4;980.2;23;0;23;0;28720.0;-0.0;0.29;3.9;5.0;326;18.0;20.8;21.0;17.5;0.192;0.194;0.206;0.238;0.292
Cervione;42.33;9.49;28/05/2026;23:00;19.8;89;17.9;22.0;0;0.0;0.0;0.0;0.0;0.0;1;P2;Éclaircies;1018.4;980.1;7;0;7;0;26980.0;0.0;0.25;4.3;6.5;294;17.7;20.0;20.8;17.5;0.194;0.195;0.206;0.238;0.292
Cervione;42.33;9.49;29/05/2026;00:00;19.3;89;17.4;21.2;0;0.0;0.0;0.0;0.0;0.0;2;P8;Éclaircies;1018.7;980.3;54;0;17;39;25760.0;0.0;0.25;5.0;9.7;291;18.1;19.6;20.6;17.5;0.195;0.197;0.207;0.238;0.292
Cervione;42.33;9.49;29/05/2026;01:00;18.8;86;16.4;20.0;3;0.0;0.0;0.0;0.0;0.0;2;P8;Éclaircies;1018.8;980.3;70;0;29;48;27460.0;0.01;0.3;6.6;13.3;292;17.9;19.4;20.4;17.5;0.196;0.198;0.207;0.238;0.292
Cervione;42.33;9.49;29/05/2026;02:00;19.0;79;15.2;19.6;13;0.0;0.0;0.0;0.0;0.0;3;P4;Nuageux;1018.5;980.1;100;0;95;100;33520.0;0.02;0.46;7.7;16.6;281;18.2;19.2;20.2;17.5;0.197;0.198;0.207;0.238;0.292
Cervione;42.33;9.49;29/05/2026;03:00;18.7;74;13.9;19.0;23;0.0;0.0;0.0;0.0;0.0;3;P4;Nuageux;1018.2;979.8;100;0;95;100;36420.0;0.03;0.56;6.4;16.6;297;17.6;19.0;20.0;17.5;0.197;0.199;0.207;0.238;0.292
Cervione;42.33;9.49;29/05/2026;04:00;18.3;90;16.7;19.8;30;0.0;0.0;0.0;0.0;0.0;3;P4;Nuageux;1018.5;980.0;100;0;95;100;21880.0;0.02;0.21;6.0;13.3;327;17.6;18.8;19.8;17.5;0.198;0.2;0.208;0.238;0.292
Cervione;42.33;9.49;29/05/2026;05:00;18.5;81;15.2;19.4;23;0.0;0.0;0.0;0.0;0.0;3;P4;Nuageux;1018.8;980.3;100;0;51;100;33160.0;0.01;0.4;5.2;13.7;304;17.2;18.7;19.6;17.6;0.199;0.2;0.208;0.238;0.291
Cervione;42.33;9.49;29/05/2026;06:00;18.1;87;15.9;19.2;30;0.0;0.0;0.0;0.0;0.0;3;P4;Nuageux;1019.5;980.9;100;0;44;99;26700.0;0.01;0.27;5.8;12.2;353;17.2;18.5;19.4;17.6;0.199;0.201;0.208;0.238;0.291
Cervione;42.33;9.49;29/05/2026;07:00;18.4;87;16.2;19.9;30;0.0;0.0;0.0;0.0;0.0;2;P8;Éclaircies;1019.7;981.2;51;0;44;19;27520.0;0.02;0.27;4.2;12.2;301;18.2;18.4;19.3;17.6;0.2;0.202;0.208;0.238;0.291
Cervione;42.33;9.49;29/05/2026;08:00;20.2;81;16.9;21.9;8;0.0;0.0;0.0;0.0;0.0;3;P4;Nuageux;1020.1;981.8;99;0;42;99;32680.0;0.07;0.45;4.9;16.6;343;20.8;18.8;19.1;17.6;0.2;0.202;0.209;0.238;0.291
Cervione;42.33;9.49;29/05/2026;09:00;22.1;74;17.2;24.1;5;0.0;0.0;0.0;0.0;0.0;1;P2;Éclaircies;1020.3;982.2;26;0;26;0;36040.0;0.2;0.69;3.5;11.5;156;23.7;19.8;19.1;17.6;0.199;0.202;0.209;0.238;0.291
Cervione;42.33;9.49;29/05/2026;10:00;23.2;71;17.6;25.2;5;0.0;0.0;0.0;0.0;0.0;3;P4;Nuageux;1020.4;982.4;100;0;54;100;36640.0;0.33;0.82;5.2;18.4;102;25.0;20.8;19.2;17.6;0.197;0.201;0.208;0.237;0.291
Cervione;42.33;9.49;29/05/2026;11:00;23.7;64;16.5;25.5;13;0.0;0.0;0.0;0.0;0.0;3;P4;Nuageux;1020.9;983.0;100;0;51;100;39220.0;0.41;1.05;5.4;19.8;110;25.8;21.5;19.3;17.6;0.196;0.2;0.208;0.236;0.29
Cervione;42.33;9.49;29/05/2026;12:00;22.7;70;17.0;24.6;15;0.4;0.0;0.4;0.0;0.0;80;P9;Averses;1020.7;982.7;100;0;53;100;37180.0;0.34;0.83;3.7;18.7;79;24.3;21.6;19.5;17.6;0.211;0.207;0.208;0.236;0.29
Cervione;42.33;9.49;29/05/2026;13:00;22.8;72;17.5;24.9;13;0.0;0.0;0.0;0.0;0.0;3;P4;Nuageux;1021.3;983.3;100;1;77;100;34320.0;0.35;0.78;7.1;19.1;66;25.7;22.0;19.6;17.6;0.205;0.207;0.208;0.235;0.289
Cervione;42.33;9.49;29/05/2026;14:00;23.0;67;16.6;24.9;18;0.0;0.0;0.0;0.0;0.0;3;P4;Nuageux;1021.2;983.2;100;2;82;100;37340.0;0.35;0.93;6.2;18.4;83;25.5;22.4;19.8;17.6;0.202;0.205;0.208;0.235;0.289
Cervione;42.33;9.49;29/05/2026;15:00;23.5;63;16.1;25.3;18;0.0;0.0;0.0;0.0;0.0;3;P4;Nuageux;1021.0;983.1;100;9;51;100;38780.0;0.32;1.07;4.9;16.9;107;26.3;22.6;19.9;17.6;0.199;0.203;0.208;0.235;0.289
Cervione;42.33;9.49;29/05/2026;16:00;23.9;64;16.7;25.7;18;0.0;0.0;0.0;0.0;0.0;3;P4;Nuageux;1020.7;982.8;100;0;79;100;38500.0;0.33;1.07;6.3;15.8;114;25.2;23.0;20.1;17.6;0.197;0.201;0.207;0.234;0.288
Cervione;42.33;9.49;29/05/2026;17:00;23.1;69;17.1;25.0;10;0.0;0.0;0.0;0.0;0.0;3;P4;Nuageux;1020.5;982.5;100;13;99;100;36940.0;0.23;0.87;3.9;15.8;68;24.1;22.8;20.3;17.6;0.196;0.2;0.207;0.234;0.288
Cervione;42.33;9.49;29/05/2026;18:00;23.0;71;17.4;25.3;8;0.0;0.0;0.0;0.0;0.0;3;P4;Nuageux;1020.3;982.3;100;0;70;100;36360.0;0.17;0.81;2.1;11.2;59;23.9;22.6;20.4;17.6;0.196;0.199;0.207;0.234;0.288
Cervione;42.33;9.49;29/05/2026;19:00;22.8;72;17.5;25.2;3;0.0;0.0;0.0;0.0;0.0;3;P4;Nuageux;1020.5;982.5;100;0;35;100;36320.0;0.12;0.78;1.6;7.2;117;23.0;22.3;20.5;17.6;0.196;0.199;0.207;0.233;0.288
Cervione;42.33;9.49;29/05/2026;20:00;21.9;80;18.3;24.6;0;0.0;0.0;0.0;0.0;0.0;3;P4;Nuageux;1020.4;982.3;100;0;20;100;34540.0;0.06;0.53;2.6;5.8;214;20.8;21.9;20.6;17.7;0.197;0.199;0.207;0.233;0.288
Cervione;42.33;9.49;29/05/2026;21:00;20.0;89;18.2;22.2;0;0.0;0.0;0.0;0.0;0.0;3;P4;Nuageux;1020.3;981.9;100;9;7;100;24540.0;0.02;0.26;5.9;11.9;259;18.8;21.0;20.5;17.7;0.198;0.2;0.207;0.233;0.288
Cervione;42.33;9.49;29/05/2026;22:00;19.0;86;16.6;20.4;0;0.0;0.0;0.0;0.0;0.0;3;P4;Nuageux;1020.7;982.2;100;20;24;100;27460.0;0.01;0.31;6.1;13.0;270;18.0;20.2;20.4;17.7;0.199;0.2;0.208;0.233;0.288
Cervione;42.33;9.49;29/05/2026;23:00;18.3;82;15.2;19.1;0;0.0;0.0;0.0;0.0;0.0;3;P4;Nuageux;1021.0;982.4;85;0;16;74;30840.0;0.02;0.38;6.8;14.8;270;17.5;19.6;20.3;17.7;0.199;0.201;0.208;0.233;0.287
Cervione;42.33;9.49;30/05/2026;00:00;18.0;79;14.3;18.2;0;0.0;0.0;0.0;0.0;0.0;3;P4;Nuageux;1021.0;982.4;100;0;0;100;33800.0;0.02;0.43;8.3;17.3;272;17.3;19.0;20.1;17.7;0.195;0.197;0.205;0.233;0.287
Cervione;42.33;9.49;30/05/2026;01:00;18.2;77;14.1;18.3;0;0.0;0.0;0.0;0.0;0.0;3;P4;Nuageux;1020.8;982.2;100;0;0;100;35140.0;0.02;0.48;8.3;17.6;275;17.3;18.8;19.9;17.7;0.196;0.198;0.206;0.233;0.287
Cervione;42.33;9.49;30/05/2026;02:00;17.9;77;13.8;18.0;0;0.0;0.0;0.0;0.0;0.0;2;P8;Éclaircies;1020.5;981.9;56;0;0;56;35000.0;0.02;0.47;8.1;17.3;283;17.0;18.6;19.7;17.7;0.196;0.198;0.206;0.233;0.287
Cervione;42.33;9.49;30/05/2026;03:00;17.6;77;13.5;17.5;0;0.0;0.0;0.0;0.0;0.0;0;P1;Ensoleillé;1020.4;981.7;1;0;0;1;34920.0;0.02;0.46;8.0;16.6;297;16.6;18.3;19.5;17.7;0.196;0.199;0.206;0.233;0.287
Cervione;42.33;9.49;30/05/2026;04:00;17.8;76;13.5;18.0;0;0.0;0.0;0.0;0.0;0.0;0;P1;Ensoleillé;1020.1;981.5;0;0;0;0;36060.0;0.02;0.49;6.3;16.2;294;16.6;18.1;19.3;17.7;0.197;0.199;0.206;0.233;0.287
Cervione;42.33;9.49;30/05/2026;05:00;17.7;75;13.2;18.0;0;0.0;0.0;0.0;0.0;0.0;0;P1;Ensoleillé;1019.9;981.3;0;0;0;0;37060.0;0.02;0.51;5.4;13.0;278;16.0;17.9;19.1;17.7;0.197;0.199;0.206;0.233;0.287
Cervione;42.33;9.49;30/05/2026;06:00;17.1;77;13.0;17.1;0;0.0;0.0;0.0;0.0;0.0;0;P1;Ensoleillé;1020.2;981.5;0;0;0;0;36080.0;0.02;0.45;6.1;12.2;270;15.8;17.6;18.9;17.7;0.198;0.2;0.207;0.233;0.287
Cervione;42.33;9.49;30/05/2026;07:00;17.9;76;13.6;18.1;0;0.0;0.0;0.0;0.0;0.0;0;P1;Ensoleillé;1020.3;981.7;0;0;0;0;36360.0;0.05;0.49;6.5;13.7;267;17.6;17.6;18.8;17.7;0.198;0.2;0.207;0.233;0.287
Cervione;42.33;9.49;30/05/2026;08:00;20.8;77;16.6;22.3;0;0.0;0.0;0.0;0.0;0.0;0;P1;Ensoleillé;1020.3;982.0;0;0;0;0;36040.0;0.12;0.56;5.2;13.0;286;21.4;18.2;18.6;17.7;0.198;0.2;0.207;0.233;0.287
Cervione;42.33;9.49;30/05/2026;09:00;24.1;57;15.1;25.3;0;0.0;0.0;0.0;0.0;0.0;0;P1;Ensoleillé;1020.4;982.6;0;0;0;0;40980.0;0.22;1.29;3.2;10.8;117;24.5;19.7;18.6;17.7;0.196;0.2;0.207;0.233;0.286
Cervione;42.33;9.49;30/05/2026;10:00;24.5;62;16.7;26.3;0;0.0;0.0;0.0;0.0;0.0;0;P1;Ensoleillé;1020.3;982.5;0;0;0;0;39760.0;0.39;1.17;4.4;11.5;99;25.8;20.9;18.8;17.7;0.194;0.198;0.206;0.232;0.286
Cervione;42.33;9.49;30/05/2026;11:00;25.3;59;16.7;27.9;0;0.0;0.0;0.0;0.0;0.0;0;P1;Ensoleillé;1020.5;982.8;0;0;0;0;40000.0;0.47;1.32;5.9;15.5;101;27.4;21.8;19.0;17.7;0.191;0.197;0.205;0.231;0.285
Cervione;42.33;9.49;30/05/2026;12:00;25.9;55;16.2;28.8;0;0.0;0.0;0.0;0.0;0.0;0;P1;Ensoleillé;1020.4;982.8;0;0;0;0;40460.0;0.48;1.51;7.4;18.7;104;28.5;22.8;19.2;17.7;0.188;0.195;0.205;0.231;0.285
Cervione;42.33;9.49;30/05/2026;13:00;26.4;54;16.3;29.3;0;0.0;0.0;0.0;0.0;0.0;0;P1;Ensoleillé;1020.2;982.6;0;0;0;0;40440.0;0.44;1.58;7.8;20.2;112;29.5;23.5;19.6;17.7;0.186;0.193;0.204;0.23;0.285
Cervione;42.33;9.49;30/05/2026;14:00;26.5;55;16.7;29.7;0;0.0;0.0;0.0;0.0;0.0;0;P1;Ensoleillé;1019.6;982.1;0;0;0;0;40100.0;0.42;1.56;8.5;22.0;118;29.3;24.2;19.9;17.7;0.183;0.191;0.203;0.229;0.284
Cervione;42.33;9.49;30/05/2026;15:00;26.7;54;16.6;29.4;0;0.0;0.0;0.0;0.0;0.0;0;P1;Ensoleillé;1018.9;981.4;0;0;0;0;40200.0;0.37;1.61;8.8;21.6;125;29.7;24.5;20.2;17.7;0.181;0.19;0.202;0.229;0.284
Cervione;42.33;9.49;30/05/2026;16:00;26.7;55;16.9;29.3;0;0.0;0.0;0.0;0.0;0.0;0;P1;Ensoleillé;1018.4;980.9;0;0;0;0;40080.0;0.35;1.57;9.3;23.0;126;29.3;24.8;20.6;17.7;0.179;0.188;0.202;0.228;0.284
Cervione;42.33;9.49;30/05/2026;17:00;26.3;56;16.8;28.2;0;0.0;0.0;0.0;0.0;0.0;0;P1;Ensoleillé;1018.0;980.5;0;0;0;0;40020.0;0.3;1.51;8.4;23.0;133;27.8;24.8;20.9;17.7;0.178;0.187;0.201;0.228;0.283
Cervione;42.33;9.49;30/05/2026;18:00;25.8;56;16.4;27.0;0;0.0;0.0;0.0;0.0;0.0;1;P2;Éclaircies;1017.8;980.3;14;0;0;14;40480.0;0.24;1.46;7.4;20.5;141;26.3;24.6;21.1;17.8;0.177;0.186;0.2;0.228;0.283
Cervione;42.33;9.49;30/05/2026;19:00;25.3;56;15.9;26.4;0;0.0;0.0;0.0;0.0;0.0;2;P8;Éclaircies;1017.5;979.9;52;36;0;23;40720.0;0.17;1.42;6.2;18.4;159;24.9;24.1;21.3;17.8;0.177;0.185;0.2;0.227;0.283
Cervione;42.33;9.49;30/05/2026;20:00;23.8;65;16.8;25.6;0;0.0;0.0;0.0;0.0;0.0;2;P8;Éclaircies;1017.4;979.6;77;25;0;58;39800.0;0.09;1.03;3.7;14.4;169;22.3;23.4;21.4;17.8;0.179;0.185;0.2;0.227;0.283
Cervione;42.33;9.49;30/05/2026;21:00;22.0;72;16.7;23.8;0;0.0;0.0;0.0;0.0;0.0;3;P4;Nuageux;1017.5;979.5;100;44;0;100;38540.0;0.02;0.74;4.1;6.8;255;19.5;22.2;21.4;17.8;0.181;0.185;0.2;0.227;0.283
Cervione;42.33;9.49;30/05/2026;22:00;20.4;80;16.9;21.8;0;0.0;0.0;0.0;0.0;0.0;3;P4;Nuageux;1017.7;979.5;100;2;0;100;32920.0;0.02;0.48;7.3;15.5;281;19.6;21.3;21.3;17.8;0.182;0.186;0.2;0.227;0.283
Cervione;42.33;9.49;30/05/2026;23:00;20.0;81;16.7;21.3;0;0.0;0.0;0.0;0.0;0.0;3;P4;Nuageux;1017.7;979.4;95;2;0;95;32620.0;0.02;0.44;7.4;15.5;284;19.0;20.8;21.1;17.9;0.183;0.187;0.2;0.227;0.283
Cervione;42.33;9.49;31/05/2026;00:00;19.5;80;16.0;20.4;0;0.0;0.0;0.0;0.0;0.0;3;P4;Nuageux;1017.8;979.5;96;1;0;96;33160.0;0.02;0.45;7.9;15.8;286;18.5;20.3;21.0;17.9;0.184;0.187;0.199;0.227;0.282
Cervione;42.33;9.49;31/05/2026;01:00;19.4;80;15.9;20.3;0;0.0;0.0;0.0;0.0;0.0;3;P4;Nuageux;1017.6;979.3;93;1;0;93;32680.0;0.02;0.45;7.7;16.2;281;18.6;19.9;20.8;17.9;0.185;0.188;0.199;0.227;0.282
Cervione;42.33;9.49;31/05/2026;02:00;19.2;80;15.6;20.0;0;0.0;0.0;0.0;0.0;0.0;3;P4;Nuageux;1017.3;979.0;90;0;79;89;32600.0;0.02;0.44;7.3;15.8;281;18.3;19.7;20.6;17.9;0.186;0.189;0.2;0.227;0.282
Cervione;42.33;9.49;31/05/2026;03:00;18.9;79;15.2;19.6;0;0.0;0.0;0.0;0.0;0.0;3;P4;Nuageux;1017.0;978.6;87;0;75;83;33860.0;0.02;0.46;7.5;15.5;287;17.9;19.4;20.4;17.9;0.187;0.189;0.2;0.227;0.282
Cervione;42.33;9.49;31/05/2026;04:00;18.7;78;14.8;19.2;0;0.0;0.0;0.0;0.0;0.0;3;P4;Nuageux;1016.8;978.4;90;0;60;74;34480.0;0.02;0.48;7.4;15.5;293;17.7;19.2;20.2;17.9;0.187;0.19;0.2;0.227;0.282
Cervione;42.33;9.49;31/05/2026;05:00;18.9;77;14.8;19.5;0;0.0;0.0;0.0;0.0;0.0;3;P4;Nuageux;1016.7;978.3;90;0;86;70;35340.0;0.02;0.5;6.4;15.5;297;17.6;19.0;20.0;17.9;0.188;0.19;0.2;0.227;0.282
Cervione;42.33;9.49;31/05/2026;06:00;18.9;77;14.8;19.8;0;0.0;0.0;0.0;0.0;0.0;2;P8;Éclaircies;1016.7;978.3;72;0;72;5;36140.0;0.02;0.5;4.7;13.3;279;17.0;18.8;19.8;17.9;0.189;0.191;0.2;0.227;0.282
Cervione;42.33;9.49;31/05/2026;07:00;19.8;78;15.8;21.3;0;0.0;0.0;0.0;0.0;0.0;1;P2;Éclaircies;1016.8;978.5;30;0;30;1;36920.0;0.02;0.51;3.3;9.0;257;18.9;18.6;19.6;17.9;0.19;0.191;0.2;0.227;0.282
Cervione;42.33;9.49;31/05/2026;08:00;21.7;84;18.9;24.8;0;0.0;0.0;0.0;0.0;0.0;2;P8;Éclaircies;1017.0;979.0;46;0;46;0;30560.0;0.08;0.41;1.1;6.5;252;22.9;19.3;19.5;17.9;0.189;0.192;0.2;0.227;0.282
Cervione;42.33;9.49;31/05/2026;09:00;23.0;71;17.5;25.3;0;0.0;0.0;0.0;0.0;0.0;1;P2;Éclaircies;1017.2;979.3;12;0;12;0;37120.0;0.22;0.82;2.6;8.3;124;24.5;20.4;19.5;17.9;0.188;0.191;0.2;0.227;0.282
Cervione;42.33;9.49;31/05/2026;10:00;24.2;70;18.4;26.6;0;0.0;0.0;0.0;0.0;0.0;0;P1;Ensoleillé;1017.1;979.4;0;0;0;0;37080.0;0.33;0.9;5.2;13.3;124;26.1;21.5;19.6;17.9;0.186;0.191;0.199;0.227;0.281
Cervione;42.33;9.49;31/05/2026;11:00;24.9;67;18.4;27.9;0;0.0;0.0;0.0;0.0;0.0;0;P1;Ensoleillé;1017.2;979.6;0;0;0;0;37520.0;0.42;1.04;6.6;16.9;119;27.1;22.3;19.7;17.9;0.184;0.189;0.199;0.226;0.281
Cervione;42.33;9.49;31/05/2026;12:00;25.5;66;18.7;29.0;25;0.0;0.0;0.0;0.0;0.0;3;P4;Nuageux;1017.4;979.8;100;0;0;100;37080.0;0.41;1.11;5.4;17.6;110;28.7;23.0;19.9;17.9;0.182;0.188;0.198;0.225;0.28
Cervione;42.33;9.49;31/05/2026;13:00;26.2;65;19.1;29.8;32;0.0;0.0;0.0;0.0;0.0;3;P4;Nuageux;1017.3;979.8;100;0;0;100;37260.0;0.38;1.19;6.0;17.6;107;29.7;23.7;20.2;18.0;0.18;0.187;0.197;0.225;0.28
Cervione;42.33;9.49;31/05/2026;14:00;26.4;62;18.5;29.8;38;0.0;0.0;0.0;0.0;0.0;3;P4;Nuageux;1016.9;979.5;100;31;0;100;39000.0;0.39;1.31;8.1;20.2;122;28.3;24.4;20.5;18.0;0.178;0.185;0.197;0.224;0.28
Cervione;42.33;9.49;31/05/2026;15:00;26.2;58;17.3;27.8;44;0.0;0.0;0.0;0.0;0.0;3;P4;Nuageux;1016.5;979.1;100;0;0;100;40080.0;0.3;1.43;7.6;20.9;121;29.7;24.3;20.7;18.0;0.177;0.184;0.196;0.224;0.279
Cervione;42.33;9.49;31/05/2026;16:00;25.9;57;16.7;27.9;50;0.0;0.0;0.0;0.0;0.0;3;P4;Nuageux;1015.8;978.3;100;0;0;100;40540.0;0.33;1.43;6.6;20.5;131;27.1;24.6;21.0;18.0;0.175;0.183;0.196;0.223;0.279
Cervione;42.33;9.49;31/05/2026;17:00;25.9;57;16.7;27.1;57;0.0;0.0;0.0;0.0;0.0;3;P4;Nuageux;1015.2;977.8;100;0;0;100;40080.0;0.28;1.43;7.9;19.4;133;27.5;24.6;21.2;18.0;0.173;0.181;0.195;0.223;0.279
Cervione;42.33;9.49;31/05/2026;18:00;25.7;55;16.0;26.7;61;0.0;0.0;0.0;0.0;0.0;3;P4;Nuageux;1014.8;977.4;100;0;0;100;40480.0;0.25;1.48;6.7;19.4;144;26.5;24.5;21.4;18.0;0.172;0.18;0.195;0.223;0.279
Cervione;42.33;9.49;31/05/2026;19:00;24.8;59;16.2;26.1;64;0.0;0.0;0.0;0.0;0.0;3;P4;Nuageux;1014.9;977.3;99;0;1;99;40120.0;0.17;1.28;5.6;16.6;130;24.7;24.1;21.6;18.0;0.172;0.18;0.194;0.222;0.279
Cervione;42.33;9.49;31/05/2026;20:00;22.9;70;17.1;25.1;63;0.0;0.0;0.0;0.0;0.0;0;P1;Ensoleillé;1015.1;977.3;5;2;1;5;37760.0;0.09;0.84;2.3;13.3;141;21.9;23.4;21.6;18.1;0.173;0.179;0.194;0.222;0.278
Cervione;42.33;9.49;31/05/2026;21:00;21.5;74;16.7;23.6;58;0.0;0.0;0.0;0.0;0.0;0;P1;Ensoleillé;1015.2;977.2;4;1;1;4;35900.0;0.05;0.67;1.6;13.0;243;20.5;22.4;21.6;18.1;0.175;0.179;0.194;0.222;0.278
Cervione;42.33;9.49;31/05/2026;22:00;20.1;78;16.1;21.5;48;0.0;0.0;0.0;0.0;0.0;0;P1;Ensoleillé;1015.2;977.0;3;1;0;3;34060.0;0.03;0.52;4.7;13.7;274;19.2;21.3;21.4;18.1;0.177;0.18;0.194;0.222;0.278
Cervione;42.33;9.49;31/05/2026;23:00;18.9;81;15.6;19.8;36;0.0;0.0;0.0;0.0;0.0;0;P1;Ensoleillé;1015.2;976.9;2;0;0;2;32200.0;0.01;0.42;6.9;14.0;279;18.2;20.4;21.3;18.1;0.179;0.181;0.194;0.222;0.278
Cervione;42.33;9.49;01/06/2026;00:00;18.3;82;15.1;18.9;23;0.0;0.0;0.0;0.0;0.0;1;P2;Éclaircies;1015.0;976.6;5;0;0;5;32500.0;0.01;0.38;7.6;14.4;278;17.5;19.8;21.1;18.1;0.18;0.182;0.194;0.222;0.278
Cervione;42.33;9.49;01/06/2026;01:00;17.9;82;14.8;18.5;13;0.0;0.0;0.0;0.0;0.0;1;P2;Éclaircies;1014.7;976.3;9;0;0;9;32780.0;0.01;0.37;7.2;14.4;276;17.1;19.4;20.8;18.2;0.181;0.182;0.194;0.222;0.278
Cervione;42.33;9.49;01/06/2026;02:00;17.6;80;14.1;18.0;5;0.0;0.0;0.0;0.0;0.0;1;P2;Éclaircies;1014.3;975.9;12;0;0;12;33080.0;0.02;0.4;6.9;14.8;276;16.7;19.1;20.6;18.2;0.181;0.183;0.194;0.222;0.278
Cervione;42.33;9.49;01/06/2026;03:00;17.1;74;12.4;16.8;1;0.0;0.0;0.0;0.0;0.0;1;P2;Éclaircies;1013.9;975.4;12;0;0;12;35480.0;0.02;0.51;7.2;15.5;276;16.0;18.6;20.3;18.2;0.181;0.183;0.194;0.222;0.278
Cervione;42.33;9.49;01/06/2026;04:00;16.6;65;10.0;15.5;0;0.0;0.0;0.0;0.0;0.0;1;P2;Éclaircies;1013.4;974.9;12;0;0;12;37900.0;0.02;0.66;8.0;15.8;278;15.4;18.2;20.1;18.2;0.181;0.184;0.194;0.222;0.278
Cervione;42.33;9.49;01/06/2026;05:00;16.7;61;9.2;15.4;0;0.0;0.0;0.0;0.0;0.0;1;P2;Éclaircies;1013.1;974.6;12;0;0;12;40300.0;0.03;0.74;7.7;16.2;281;15.6;18.0;19.8;18.2;0.181;0.184;0.194;0.222;0.278
Cervione;42.33;9.49;01/06/2026;06:00;17.8;65;11.1;17.2;0;0.0;0.0;0.0;0.0;0.0;1;P2;Éclaircies;1013.0;974.6;21;0;2;20;38000.0;0.04;0.71;6.0;15.5;287;17.3;17.9;19.6;18.2;0.181;0.184;0.194;0.222;0.278
Cervione;42.33;9.49;01/06/2026;07:00;19.3;74;14.6;20.3;0;0.0;0.0;0.0;0.0;0.0;1;P2;Éclaircies;1013.1;974.9;31;0;3;28;35680.0;0.04;0.58;3.7;14.0;299;19.7;18.0;19.3;18.2;0.181;0.185;0.194;0.222;0.278
Cervione;42.33;9.49;01/06/2026;08:00;20.7;81;17.3;23.1;0;0.0;0.0;0.0;0.0;0.0;1;P2;Éclaircies;1013.2;975.2;40;0;5;36;33380.0;0.07;0.46;1.9;13.3;338;22.0;18.4;19.2;18.2;0.181;0.185;0.194;0.222;0.278
Cervione;42.33;9.49;01/06/2026;09:00;21.7;83;18.7;24.7;1;0.0;0.0;0.0;0.0;0.0;2;P8;Éclaircies;1013.3;975.4;51;20;3;33;29480.0;0.13;0.44;1.9;14.0;68;23.8;19.4;19.2;18.2;0.18;0.185;0.194;0.222;0.278
Cervione;42.33;9.49;01/06/2026;10:00;22.6;83;19.5;25.6;4;0.0;0.0;0.0;0.0;0.0;2;P8;Éclaircies;1013.5;975.7;61;41;2;30;25560.0;0.21;0.47;4.0;15.1;95;25.5;20.7;19.2;18.1;0.179;0.184;0.193;0.221;0.277
Cervione;42.33;9.49;01/06/2026;11:00;23.2;82;20.0;27.1;7;0.0;0.0;0.0;0.0;0.0;2;P8;Éclaircies;1013.5;975.8;72;61;0;27;21660.0;0.27;0.51;5.8;16.9;94;26.6;21.8;19.4;18.1;0.178;0.183;0.193;0.221;0.277
Cervione;42.33;9.49;01/06/2026;12:00;23.7;80;20.1;28.0;10;0.0;0.0;0.0;0.0;0.0;3;P4;Nuageux;1013.4;975.8;81;58;9;51;23780.0;0.31;0.59;6.7;19.1;74;27.2;22.5;19.6;18.1;0.177;0.182;0.192;0.22;0.277
Cervione;42.33;9.49;01/06/2026;13:00;24.0;78;19.9;28.1;13;0.0;0.0;0.0;0.0;0.0;3;P4;Nuageux;1013.2;975.6;91;54;19;76;25900.0;0.34;0.66;8.4;22.0;50;27.3;23.0;19.8;18.1;0.175;0.181;0.192;0.22;0.276
Cervione;42.33;9.49;01/06/2026;14:00;24.3;76;19.8;28.0;15;0.0;0.0;0.0;0.0;0.0;3;P4;Nuageux;1013.0;975.5;100;51;28;100;28020.0;0.35;0.73;10.0;24.1;38;27.2;23.4;20.1;18.1;0.174;0.18;0.191;0.219;0.276
Cervione;42.33;9.49;01/06/2026;15:00;24.5;74;19.5;27.7;17;0.0;0.0;0.0;0.0;0.0;2;P8;Éclaircies;1012.7;975.2;83;47;27;67;30220.0;0.33;0.8;10.6;25.6;35;27.2;23.7;20.3;18.1;0.173;0.179;0.191;0.219;0.276
Cervione;42.33;9.49;01/06/2026;16:00;24.5;72;19.1;27.2;18;0.0;0.0;0.0;0.0;0.0;2;P8;Éclaircies;1012.3;974.8;65;44;27;33;32420.0;0.3;0.86;10.4;26.3;34;27.1;23.9;20.6;18.2;0.172;0.178;0.19;0.218;0.275
Cervione;42.33;9.49;01/06/2026;17:00;24.4;71;18.8;26.4;20;0.0;0.0;0.0;0.0;0.0;2;P8;Éclaircies;1012.0;974.5;48;40;26;0;34620.0;0.26;0.88;9.7;25.9;31;26.5;23.9;20.8;18.2;0.171;0.177;0.19;0.218;0.275
Cervione;42.33;9.49;01/06/2026;18:00;23.9;71;18.3;25.7;20;0.0;0.0;0.0;0.0;0.0;2;P8;Éclaircies;1011.9;974.4;47;42;17;0;35020.0;0.22;0.86;8.7;24.5;30;25.2;23.7;21.0;18.2;0.171;0.177;0.19;0.218;0.275
Cervione;42.33;9.49;01/06/2026;19:00;23.2;72;17.9;25.0;21;0.0;0.0;0.0;0.0;0.0;2;P8;Éclaircies;1011.9;974.3;47;44;9;0;35440.0;0.17;0.8;7.2;22.3;27;23.4;23.2;21.1;18.2;0.171;0.177;0.189;0.218;0.275
Cervione;42.33;9.49;01/06/2026;20:00;22.4;74;17.5;24.2;20;0.0;0.0;0.0;0.0;0.0;2;P8;Éclaircies;1012.0;974.3;46;46;0;0;35840.0;0.13;0.7;5.7;19.4;18;21.8;22.7;21.2;18.2;0.172;0.177;0.189;0.218;0.275
Cervione;42.33;9.49;01/06/2026;21:00;21.3;80;17.7;23.4;18;0.0;0.0;0.0;0.0;0.0;3;P4;Nuageux;1012.3;974.4;64;31;0;33;31000.0;0.09;0.51;4.7;15.8;360;20.3;21.9;21.2;18.2;0.173;0.177;0.189;0.218;0.275
Cervione;42.33;9.49;01/06/2026;22:00;20.1;88;18.0;22.4;15;0.0;0.0;0.0;0.0;0.0;3;P4;Nuageux;1012.7;974.6;82;17;0;66;26140.0;0.04;0.28;4.3;11.9;336;19.0;21.0;21.1;18.2;0.175;0.178;0.189;0.218;0.274
Cervione;42.33;9.49;01/06/2026;23:00;19.0;92;17.7;21.1;12;0.0;0.0;0.0;0.0;0.0;3;P4;Nuageux;1013.0;974.8;100;2;0;99;21300.0;0.01;0.18;4.8;9.4;318;17.9;20.2;20.9;18.2;0.176;0.178;0.189;0.218;0.274
Cervione;42.33;9.49;02/06/2026;00:00;18.4;91;16.9;20.0;8;0.0;0.0;0.0;0.0;0.0;3;P4;Nuageux;1013.1;974.8;100;1;0;99;24960.0;-0.0;0.19;5.4;9.4;307;17.2;19.5;20.7;18.2;0.177;0.179;0.189;0.218;0.274
Cervione;42.33;9.49;02/06/2026;01:00;17.9;86;15.5;19.0;5;0.0;0.0;0.0;0.0;0.0;3;P4;Nuageux;1013.1;974.7;100;1;0;100;28600.0;-0.0;0.29;5.8;10.8;300;16.8;18.9;20.5;18.3;0.178;0.179;0.189;0.218;0.274
Cervione;42.33;9.49;02/06/2026;02:00;17.5;82;14.4;18.0;3;0.0;0.0;0.0;0.0;0.0;3;P4;Nuageux;1013.1;974.7;100;0;0;100;32260.0;-0.0;0.36;6.3;12.2;294;16.4;18.4;20.2;18.3;0.179;0.18;0.189;0.218;0.274
Cervione;42.33;9.49;02/06/2026;03:00;16.8;79;13.1;16.8;1;0.0;0.0;0.0;0.0;0.0;1;P2;Éclaircies;1013.0;974.5;80;1;0;79;33460.0;-0.0;0.4;6.3;13.0;283;15.7;18.0;20.0;18.3;0.179;0.18;0.189;0.218;0.274
Cervione;42.33;9.49;02/06/2026;04:00;16.1;77;12.0;15.8;0;0.0;0.0;0.0;0.0;0.0;1;P2;Éclaircies;1012.8;974.2;60;1;0;59;34640.0;0.01;0.42;6.1;13.7;270;15.1;17.7;19.7;18.3;0.179;0.181;0.19;0.218;0.274
Cervione;42.33;9.49;02/06/2026;05:00;15.9;76;11.7;15.5;0;0.0;0.0;0.0;0.0;0.0;1;P2;Éclaircies;1012.7;974.1;40;2;0;38;35840.0;0.02;0.43;6.2;14.0;260;15.1;17.5;19.5;18.3;0.179;0.181;0.19;0.218;0.274
Cervione;42.33;9.49;02/06/2026;06:00;16.6;78;12.8;16.6;0;0.0;0.0;0.0;0.0;0.0;3;P4;Nuageux;1012.7;974.2;60;1;0;59;34240.0;0.02;0.42;6.0;14.0;253;16.4;17.4;19.2;18.3;0.179;0.181;0.19;0.218;0.274
Cervione;42.33;9.49;02/06/2026;07:00;17.9;82;14.8;18.7;0;0.0;0.0;0.0;0.0;0.0;3;P4;Nuageux;1012.7;974.4;80;1;0;79;32660.0;0.02;0.37;5.5;14.4;247;18.3;17.5;19.0;18.2;0.179;0.182;0.19;0.218;0.274
Cervione;42.33;9.49;02/06/2026;08:00;19.3;83;16.3;20.8;0;0.0;0.0;0.0;0.0;0.0;3;P4;Nuageux;1012.7;974.5;100;0;0;100;31060.0;0.05;0.38;4.6;15.5;231;20.3;17.8;18.9;18.2;0.179;0.182;0.19;0.218;0.274
Cervione;42.33;9.49;02/06/2026;09:00;20.9;79;17.1;22.7;4;0.0;0.0;0.0;0.0;0.0;2;P8;Éclaircies;1012.7;974.7;91;0;10;84;33360.0;0.12;0.52;5.1;18.7;188;22.4;18.7;18.8;18.2;0.178;0.182;0.19;0.218;0.274
Cervione;42.33;9.49;02/06/2026;10:00;22.7;71;17.1;24.0;10;0.0;0.0;0.0;0.0;0.0;2;P8;Éclaircies;1012.6;974.9;83;0;19;68;35660.0;0.2;0.8;8.0;23.0;162;24.6;19.9;18.9;18.2;0.177;0.181;0.189;0.217;0.273
Cervione;42.33;9.49;02/06/2026;11:00;24.0;66;17.3;25.3;17;0.0;0.0;0.0;0.0;0.0;2;P8;Éclaircies;1012.5;974.9;74;0;29;52;37960.0;0.28;1.02;10.5;26.3;149;26.3;21.0;19.0;18.2;0.175;0.18;0.189;0.217;0.273
Cervione;42.33;9.49;02/06/2026;12:00;24.8;65;17.8;27.0;19;0.0;0.0;0.0;0.0;0.0;2;P8;Éclaircies;1012.4;974.9;61;12;32;28;34885.0;0.33;1.09;10.2;28.2;141;27.2;22.1;19.4;18.4;0.183;0.189;0.197;0.222;0.276
Cervione;42.33;9.49;02/06/2026;13:00;25.4;64;18.2;28.7;16;0.0;0.0;0.0;0.0;0.0;2;P8;Éclaircies;1012.2;974.9;54;24;34;10;26730.0;0.37;1.15;9.3;29.7;131;28.0;23.0;19.9;18.6;0.19;0.196;0.206;0.227;0.278
Cervione;42.33;9.49;02/06/2026;14:00;26.1;64;18.7;29.9;9;0.0;0.0;0.0;0.0;0.0;2;P8;Éclaircies;1012.0;974.7;52;34;36;0;13520.0;0.4;1.21;8.3;31.6;124;28.6;23.8;20.4;18.7;0.199;0.205;0.213;0.231;0.281
Cervione;42.33;9.49;02/06/2026;15:00;26.3;66;19.4;30.2;0;0.1;0.0;0.1;0.0;0.0;2;P8;Éclaircies;1011.5;974.3;50;25;37;6;8520.0;0.0;1.16;6.6;32.4;119;28.6;24.1;20.8;18.9;0.209;0.214;0.221;0.237;0.284
Cervione;42.33;9.49;02/06/2026;16:00;25.7;68;19.3;28.8;0;0.1;0.0;0.1;0.0;0.0;2;P8;Éclaircies;1010.8;973.5;52;18;44;11;11400.0;0.0;1.05;4.8;30.2;117;27.9;24.0;21.1;18.9;0.21;0.214;0.221;0.236;0.283
Cervione;42.33;9.49;02/06/2026;17:00;25.1;70;19.2;28.1;0;0.1;0.0;0.1;0.0;0.0;2;P8;Éclaircies;1010.3;973.0;53;10;50;17;14260.0;0.0;0.95;3.2;28.1;117;26.9;23.9;21.3;18.9;0.211;0.214;0.22;0.236;0.283
Cervione;42.33;9.49;02/06/2026;18:00;24.7;69;18.6;27.5;0;0.0;0.0;0.0;0.0;0.0;3;P4;Nuageux;1010.0;972.6;69;7;52;45;20520.0;0.0;0.97;2.8;25.6;130;25.5;23.8;21.5;18.9;0.211;0.213;0.22;0.236;0.283
Cervione;42.33;9.49;02/06/2026;19:00;24.3;67;17.8;26.7;0;0.0;0.0;0.0;0.0;0.0;3;P4;Nuageux;1009.9;972.5;84;3;53;72;26760.0;0.0;1.0;3.2;22.7;153;23.8;23.7;21.6;19.0;0.21;0.213;0.219;0.235;0.283
Cervione;42.33;9.49;02/06/2026;20:00;23.8;65;16.8;25.7;0;0.0;0.0;0.0;0.0;0.0;3;P4;Nuageux;1009.8;972.3;100;0;55;100;33020.0;0.0;1.03;3.2;21.2;180;22.3;23.4;21.7;19.0;0.209;0.212;0.219;0.235;0.283
Cervione;42.33;9.49;02/06/2026;21:00;22.7;62;15.0;23.8;0;0.0;0.0;0.0;0.0;0.0;3;P4;Nuageux;1009.9;972.3;100;0;70;100;22140.0;0.0;1.05;3.6;22.3;225;21.2;22.7;21.7;19.0;0.209;0.212;0.219;0.235;0.283
Cervione;42.33;9.49;02/06/2026;22:00;21.4;58;12.8;21.5;0;0.0;0.0;0.0;0.0;0.0;3;P4;Nuageux;1010.1;972.3;100;0;85;100;11260.0;0.0;1.07;5.6;24.8;255;20.3;21.9;21.7;19.0;0.209;0.212;0.219;0.235;0.283
Cervione;42.33;9.49;02/06/2026;23:00;20.5;55;11.2;19.8;0;0.0;0.0;0.0;0.0;0.0;3;P4;Nuageux;1010.1;972.2;100;0;100;100;380.0;0.0;1.09;7.6;27.4;265;19.8;21.2;21.6;19.0;0.209;0.212;0.219;0.235;0.283
Cervione;42.33;9.49;03/06/2026;00:00;20.4;55;11.1;19.5;0;0.0;0.0;0.0;0.0;0.0;3;P4;Nuageux;1009.8;971.9;100;0;100;100;520.0;0.0;1.08;8.8;30.2;261;19.7;20.9;21.4;19.0;0.209;0.212;0.219;0.235;0.283
Cervione;42.33;9.49;03/06/2026;01:00;20.8;56;11.7;19.9;0;0.0;0.0;0.0;0.0;0.0;3;P4;Nuageux;1009.4;971.6;100;0;100;100;640.0;0.0;1.08;9.7;33.5;255;20.0;20.7;21.3;19.0;0.208;0.212;0.219;0.235;0.283
Cervione;42.33;9.49;03/06/2026;02:00;21.0;57;12.1;20.2;0;0.0;0.0;0.0;0.0;0.0;3;P4;Nuageux;1009.0;971.2;100;0;100;100;780.0;0.0;1.07;9.8;35.3;253;20.2;20.6;21.1;19.0;0.208;0.212;0.219;0.235;0.283
Cervione;42.33;9.49;03/06/2026;03:00;20.8;56;11.7;20.0;0;0.0;0.0;0.0;0.0;0.0;1;P2;Éclaircies;1008.6;970.8;77;0;77;67;1240.0;0.0;1.08;9.5;34.6;259;19.9;20.5;21.0;19.0;0.208;0.212;0.219;0.235;0.283
Cervione;42.33;9.49;03/06/2026;04:00;20.6;55;11.2;19.6;0;0.0;0.0;0.0;0.0;0.0;1;P2;Éclaircies;1008.3;970.5;53;0;53;33;1680.0;0.0;1.09;9.0;32.8;270;19.4;20.5;20.9;19.0;0.208;0.211;0.218;0.235;0.282
Cervione;42.33;9.49;03/06/2026;05:00;20.4;55;11.0;19.5;1;0.0;0.0;0.0;0.0;0.0;1;P2;Éclaircies;1008.1;970.2;30;0;30;0;2140.0;0.0;1.08;8.4;31.0;280;19.2;20.4;20.8;19.0;0.208;0.211;0.218;0.235;0.282
Cervione;42.33;9.49;03/06/2026;06:00;20.1;57;11.3;19.4;1;0.0;0.0;0.0;0.0;0.0;0;P1;Ensoleillé;1008.2;970.3;20;0;20;0;13840.0;0.0;1.01;7.7;30.2;281;19.3;20.0;20.6;19.0;0.208;0.211;0.218;0.235;0.282
Cervione;42.33;9.49;03/06/2026;07:00;19.9;61;12.2;19.6;1;0.0;0.0;0.0;0.0;0.0;0;P1;Ensoleillé;1008.6;970.7;10;0;10;0;25520.0;0.0;0.91;6.9;29.5;279;19.7;19.6;20.5;19.0;0.208;0.21;0.218;0.235;0.282
Cervione;42.33;9.49;03/06/2026;08:00;20.2;62;12.7;20.2;1;0.0;0.0;0.0;0.0;0.0;0;P1;Ensoleillé;1008.8;970.9;0;0;0;0;37220.0;0.0;0.9;5.8;28.1;277;20.4;19.5;20.4;19.0;0.207;0.21;0.218;0.235;0.282
Cervione;42.33;9.49;03/06/2026;09:00;21.3;58;12.7;21.6;2;0.0;0.0;0.0;0.0;0.0;0;P1;Ensoleillé;1008.9;971.1;0;0;0;0;30880.0;0.0;1.07;4.0;25.2;270;21.8;20.1;20.3;19.0;0.205;0.209;0.217;0.234;0.282
Cervione;42.33;9.49;03/06/2026;10:00;23.0;52;12.6;23.4;2;0.0;0.0;0.0;0.0;0.0;0;P1;Ensoleillé;1008.9;971.3;0;0;0;0;24560.0;0.0;1.35;2.4;21.2;243;23.7;21.1;20.3;19.0;0.203;0.208;0.216;0.234;0.281
Cervione;42.33;9.49;03/06/2026;11:00;24.3;48;12.6;26.0;2;0.0;0.0;0.0;0.0;0.0;0;P1;Ensoleillé;1008.9;971.5;0;0;0;0;18220.0;0.0;1.58;1.1;19.8;180;25.3;22.0;20.4;19.0;0.201;0.207;0.215;0.233;0.281
Cervione;42.33;9.49;03/06/2026;12:00;25.2;47;13.1;27.6;3;0.0;0.0;0.0;0.0;0.0;2;P8;Éclaircies;1008.9;971.6;22;0;22;0;16640.0;0.0;1.7;1.9;22.3;68;26.6;22.8;20.5;19.0;0.199;0.205;0.214;0.232;0.281
Cervione;42.33;9.49;03/06/2026;13:00;25.7;47;13.6;28.0;3;0.0;0.0;0.0;0.0;0.0;2;P8;Éclaircies;1008.8;971.6;44;0;44;0;15040.0;0.0;1.75;5.1;26.6;45;27.7;23.6;20.7;19.0;0.196;0.203;0.213;0.232;0.28
Cervione;42.33;9.49;03/06/2026;14:00;26.0;48;14.1;28.1;3;0.0;0.0;0.0;0.0;0.0;2;P8;Éclaircies;1008.8;971.6;66;0;66;0;13460.0;0.0;1.74;7.6;30.2;45;28.2;24.2;20.9;19.0;0.194;0.201;0.212;0.231;0.28
Cervione;42.33;9.49;03/06/2026;15:00;25.8;50;14.6;27.8;3;0.0;0.0;0.0;0.0;0.0;1;P2;Éclaircies;1008.9;971.7;50;3;47;0;16960.0;0.0;1.66;8.7;32.0;52;28.0;24.5;21.2;19.0;0.192;0.199;0.211;0.231;0.28
Cervione;42.33;9.49;03/06/2026;16:00;25.3;53;15.1;26.9;3;0.0;0.0;0.0;0.0;0.0;1;P2;Éclaircies;1009.0;971.7;33;5;29;0;20460.0;0.0;1.52;9.3;33.1;62;27.2;24.7;21.4;19.0;0.19;0.197;0.211;0.23;0.279
Cervione;42.33;9.49;03/06/2026;17:00;24.7;57;15.6;25.8;4;0.0;0.0;0.0;0.0;0.0;1;P2;Éclaircies;1009.2;971.8;17;8;10;0;23960.0;0.0;1.34;9.1;33.1;72;26.1;24.6;21.6;19.0;0.189;0.196;0.21;0.23;0.279
Cervione;42.33;9.49;03/06/2026;18:00;23.8;63;16.4;24.8;4;0.0;0.0;0.0;0.0;0.0;1;P2;Éclaircies;1009.6;972.1;24;15;7;4;27440.0;0.0;1.09;8.3;31.0;85;24.6;24.2;21.8;19.0;0.189;0.196;0.209;0.23;0.279
Cervione;42.33;9.49;03/06/2026;19:00;22.7;69;16.7;24.0;4;0.0;0.0;0.0;0.0;0.0;1;P2;Éclaircies;1010.0;972.4;32;23;3;9;30940.0;0.0;0.86;7.2;27.7;108;22.8;23.7;21.9;19.1;0.19;0.196;0.209;0.23;0.279
Cervione;42.33;9.49;03/06/2026;20:00;21.6;72;16.4;22.9;4;0.0;0.0;0.0;0.0;0.0;1;P2;Éclaircies;1010.5;972.7;39;30;0;13;34440.0;0.0;0.72;6.1;25.2;130;21.2;23.0;21.9;19.1;0.191;0.196;0.208;0.23;0.279
Cervione;42.33;9.49;03/06/2026;21:00;20.4;69;14.5;21.3;5;0.0;0.0;0.0;0.0;0.0;3;P4;Nuageux;1011.1;973.1;59;20;0;42;33860.0;0.0;0.74;3.7;24.8;169;19.8;22.1;21.9;19.1;0.192;0.196;0.208;0.23;0.279
Cervione;42.33;9.49;03/06/2026;22:00;19.1;63;11.9;19.0;5;0.0;0.0;0.0;0.0;0.0;3;P4;Nuageux;1011.7;973.5;80;10;0;71;33280.0;0.0;0.82;4.7;25.2;247;18.6;21.1;21.7;19.1;0.193;0.197;0.208;0.23;0.279
Cervione;42.33;9.49;03/06/2026;23:00;18.1;58;9.7;16.9;5;0.0;0.0;0.0;0.0;0.0;3;P4;Nuageux;1012.2;973.9;100;0;0;100;32700.0;0.0;0.87;8.0;25.2;265;17.7;20.2;21.5;19.1;0.194;0.197;0.208;0.23;0.279
Cervione;42.33;9.49;04/06/2026;00:00;17.7;54;8.3;16.0;5;0.0;0.0;0.0;0.0;0.0;0;P1;Ensoleillé;1012.5;974.1;67;0;0;67;32100.0;0.0;0.93;9.0;23.8;268;17.2;19.7;21.3;19.1;0.194;0.197;0.208;0.23;0.279
Cervione;42.33;9.49;04/06/2026;01:00;17.6;50;7.1;15.5;5;0.0;0.0;0.0;0.0;0.0;0;P1;Ensoleillé;1012.7;974.3;33;0;0;33;31520.0;0.0;1.01;9.0;21.6;265;17.0;19.3;21.0;19.1;0.194;0.198;0.207;0.23;0.279
Cervione;42.33;9.49;04/06/2026;02:00;17.5;48;6.3;15.2;5;0.0;0.0;0.0;0.0;0.0;0;P1;Ensoleillé;1012.8;974.4;0;0;0;0;30940.0;0.0;1.04;9.0;20.9;265;16.8;18.9;20.8;19.1;0.194;0.198;0.207;0.23;0.279
Cervione;42.33;9.49;04/06/2026;03:00;17.1;48;6.0;14.7;5;0.0;0.0;0.0;0.0;0.0;0;P1;Ensoleillé;1012.8;974.4;0;0;0;0;31520.0;0.0;1.01;9.4;22.3;268;16.3;18.6;20.5;19.1;0.194;0.198;0.207;0.23;0.279
Cervione;42.33;9.49;04/06/2026;04:00;16.7;50;6.2;14.3;5;0.0;0.0;0.0;0.0;0.0;0;P1;Ensoleillé;1012.6;974.1;0;0;0;0;32080.0;0.0;0.95;9.4;24.8;270;15.8;18.4;20.3;19.1;0.194;0.198;0.207;0.23;0.279
Cervione;42.33;9.49;04/06/2026;05:00;16.6;53;7.0;14.5;5;0.0;0.0;0.0;0.0;0.0;0;P1;Ensoleillé;1012.6;974.1;0;0;0;0;32660.0;0.0;0.89;9.0;26.6;272;15.9;18.2;20.1;19.1;0.194;0.198;0.207;0.23;0.279
Cervione;42.33;9.49;04/06/2026;06:00;17.2;57;8.6;15.5;5;0.0;0.0;0.0;0.0;0.0;2;P8;Éclaircies;1012.7;974.3;21;0;0;21;33220.0;0.0;0.84;8.7;26.3;275;16.7;18.1;19.8;19.1;0.194;0.198;0.207;0.23;0.279
Cervione;42.33;9.49;04/06/2026;07:00;18.1;62;10.7;17.2;5;0.0;0.0;0.0;0.0;0.0;2;P8;Éclaircies;1012.9;974.6;41;0;0;41;33800.0;0.0;0.79;8.0;24.8;280;18.0;18.0;19.6;19.1;0.194;0.198;0.207;0.229;0.278
Cervione;42.33;9.49;04/06/2026;08:00;19.2;65;12.5;19.1;4;0.0;0.0;0.0;0.0;0.0;2;P8;Éclaircies;1013.1;974.9;62;0;0;62;34360.0;0.0;0.78;6.2;24.1;280;19.5;18.2;19.5;19.1;0.194;0.198;0.207;0.229;0.278
Cervione;42.33;9.49;04/06/2026;09:00;20.5;64;13.4;21.2;4;0.0;0.0;0.0;0.0;0.0;3;P4;Nuageux;1013.2;975.2;75;0;0;75;35240.0;0.0;0.87;2.3;24.1;252;21.2;18.9;19.4;19.1;0.193;0.197;0.207;0.229;0.278
Cervione;42.33;9.49;04/06/2026;10:00;21.9;62;14.3;22.7;4;0.0;0.0;0.0;0.0;0.0;3;P4;Nuageux;1013.2;975.4;87;0;0;87;36120.0;0.0;1.0;4.1;24.8;142;23.1;20.0;19.4;19.0;0.192;0.196;0.206;0.228;0.277
Cervione;42.33;9.49;04/06/2026;11:00;23.1;60;14.9;24.3;4;0.0;0.0;0.0;0.0;0.0;3;P4;Nuageux;1013.2;975.5;100;0;0;100;37020.0;0.0;1.13;7.8;26.3;124;24.6;21.0;19.5;19.0;0.19;0.195;0.205;0.228;0.277
Cervione;42.33;9.49;04/06/2026;12:00;23.9;60;15.7;25.9;3;0.0;0.0;0.0;0.0;0.0;3;P4;Nuageux;1013.1;975.5;96;12;7;91;37900.0;0.0;1.19;9.1;29.2;108;25.9;21.9;19.7;19.0;0.188;0.194;0.204;0.227;0.277
Cervione;42.33;9.49;04/06/2026;13:00;24.6;61;16.6;27.0;3;0.0;0.0;0.0;0.0;0.0;3;P4;Nuageux;1013.0;975.5;92;25;15;81;38780.0;0.0;1.2;10.1;32.4;90;26.8;22.7;19.9;19.0;0.187;0.192;0.203;0.227;0.276
Cervione;42.33;9.49;04/06/2026;14:00;24.8;61;16.8;27.2;3;0.0;0.0;0.0;0.0;0.0;3;P4;Nuageux;1012.8;975.3;88;37;22;72;39660.0;0.0;1.22;10.9;34.9;82;27.2;23.2;20.2;19.0;0.185;0.191;0.202;0.226;0.276
Cervione;42.33;9.49;04/06/2026;15:00;24.6;60;16.3;26.5;3;0.0;0.0;0.0;0.0;0.0;3;P4;Nuageux;1012.5;975.0;92;38;31;81;38800.0;0.0;1.24;11.2;36.0;86;26.6;23.5;20.4;19.0;0.183;0.19;0.202;0.226;0.276
Cervione;42.33;9.49;04/06/2026;16:00;24.1;58;15.3;25.1;3;0.0;0.0;0.0;0.0;0.0;3;P4;Nuageux;1012.2;974.7;96;38;40;91;37960.0;0.0;1.26;11.3;36.0;97;25.3;23.5;20.7;19.0;0.182;0.189;0.201;0.225;0.276
Cervione;42.33;9.49;04/06/2026;17:00;23.4;58;14.7;23.6;2;0.0;0.0;0.0;0.0;0.0;3;P4;Nuageux;1011.9;974.3;100;39;49;100;37100.0;0.0;1.21;10.4;34.2;104;24.1;23.3;20.9;19.0;0.181;0.188;0.201;0.225;0.276
Cervione;42.33;9.49;04/06/2026;18:00;22.7;62;15.0;23.3;2;0.0;0.0;0.0;0.0;0.0;3;P4;Nuageux;1011.7;974.0;100;45;66;100;36240.0;0.0;1.05;7.3;28.8;101;22.9;22.9;21.0;19.0;0.18;0.187;0.201;0.225;0.276
Cervione;42.33;9.49;04/06/2026;19:00;21.8;67;15.4;23.2;2;0.0;0.0;0.0;0.0;0.0;3;P4;Nuageux;1011.5;973.7;100;50;83;100;35400.0;0.0;0.86;2.9;22.0;83;21.7;22.3;21.1;19.0;0.18;0.186;0.2;0.224;0.275
Cervione;42.33;9.49;04/06/2026;20:00;20.9;73;15.8;22.7;1;0.0;0.0;0.0;0.0;0.0;3;P4;Nuageux;1011.3;973.4;100;56;100;100;34540.0;0.0;0.67;1.4;17.6;360;20.6;21.7;21.1;19.0;0.183;0.187;0.2;0.224;0.275
Cervione;42.33;9.49;04/06/2026;21:00;20.0;78;16.0;21.9;1;0.2;0.0;0.2;0.0;0.0;80;P9;Averses;1011.3;973.3;100;45;94;97;28900.0;0.0;0.51;1.1;19.1;288;19.7;21.1;21.0;19.0;0.192;0.19;0.2;0.224;0.275
Cervione;42.33;9.49;04/06/2026;22:00;19.1;83;16.2;20.9;1;0.2;0.0;0.2;0.0;0.0;80;P9;Averses;1011.3;973.2;99;34;88;93;23260.0;0.0;0.38;2.4;23.4;207;18.8;20.6;20.9;19.0;0.203;0.195;0.2;0.224;0.275
Cervione;42.33;9.49;04/06/2026;23:00;18.4;87;16.2;20.1;1;0.2;0.0;0.2;0.0;0.0;80;P9;Averses;1011.2;973.0;99;23;82;90;17620.0;0.0;0.28;3.4;26.3;198;18.1;20.2;20.8;19.0;0.211;0.199;0.2;0.224;0.275
Cervione;42.33;9.49;05/06/2026;00:00;18.1;91;16.6;19.6;2;0.0;0.0;0.0;0.0;0.0;2;P8;Éclaircies;1009.6;971.4;92;45;54;69;11980.0;0.0;0.2;5.5;20.6;204;17.9;19.8;20.7;19.0;0.21;0.201;0.201;0.224;0.275
Cervione;42.33;9.49;05/06/2026;01:00;18.1;93;17.0;19.3;2;0.0;0.0;0.0;0.0;0.0;2;P8;Éclaircies;1008.0;969.9;90;69;31;62;6340.0;0.0;0.14;8.7;14.6;219;17.8;19.4;20.5;19.0;0.206;0.202;0.201;0.224;0.275
Cervione;42.33;9.49;05/06/2026;02:00;18.2;95;17.3;19.0;2;0.0;0.0;0.0;0.0;0.0;2;P8;Éclaircies;1006.3;968.3;92;89;13;68;700.0;0.0;0.11;12.4;9.7;211;17.9;19.1;20.3;19.0;0.202;0.202;0.202;0.224;0.275
Cervione;42.33;9.49;05/06/2026;03:00;18.5;94;17.5;18.9;1;0.0;0.0;0.0;0.0;0.0;3;P4;Nuageux;1004.5;966.5;90;95;0;80;760.0;0.0;0.12;15.1;6.1;183;18.4;;;;;;;;
Cervione;42.33;9.49;05/06/2026;04:00;18.8;91;17.3;19.4;2;0.0;0.0;0.0;0.0;0.0;2;P8;Éclaircies;1004.0;966.1;73;80;0;64;800.0;0.0;0.19;13.5;6.8;185;18.9;;;;;;;;
Cervione;42.33;9.49;05/06/2026;05:00;19.1;88;17.0;20.0;2;0.0;0.0;0.0;0.0;0.0;2;P8;Éclaircies;1003.4;965.6;54;59;0;46;860.0;0.0;0.27;11.4;6.8;186;19.6;;;;;;;;
Cervione;42.33;9.49;05/06/2026;06:00;19.6;83;16.6;20.7;2;0.0;0.0;0.0;0.0;0.0;1;P2;Éclaircies;1002.9;965.2;34;38;0;28;920.0;0.0;0.39;8.9;5.8;188;20.5;;;;;;;;
Cervione;42.33;9.49;05/06/2026;07:00;20.3;78;16.2;21.5;3;0.0;0.0;0.0;0.0;0.0;0;P1;Ensoleillé;1002.5;964.9;18;19;0;12;960.0;0.0;0.53;6.6;4.3;191;21.6;;;;;;;;
Cervione;42.33;9.49;05/06/2026;08:00;21.0;72;15.8;22.3;4;0.0;0.0;0.0;0.0;0.0;0;P1;Ensoleillé;1002.2;964.7;7;6;1;1;1020.0;0.0;0.69;4.8;3.6;193;22.8;;;;;;;;
Cervione;42.33;9.49;05/06/2026;09:00;22.0;66;15.2;23.3;5;0.1;0.0;0.1;0.0;0.0;51;P10;Pluie faible;1002.1;964.7;4;0;4;0;1900.0;0.0;0.91;3.1;3.6;193;24.5;;;;;;;;
Cervione;42.33;9.49;05/06/2026;10:00;23.3;58;14.6;24.6;7;0.1;0.0;0.1;0.0;0.0;51;P10;Pluie faible;1002.2;964.9;5;0;7;0;2780.0;0.0;1.19;1.6;4.3;180;26.6;;;;;;;;
Cervione;42.33;9.49;05/06/2026;11:00;24.7;51;13.9;26.1;9;0.1;0.0;0.1;0.0;0.0;51;P10;Pluie faible;1002.3;965.2;10;0;12;0;3680.0;0.0;1.52;0.7;5.0;104;29.0;;;;;;;;
Cervione;42.33;9.49;05/06/2026;12:00;26.0;45;13.2;27.8;11;0.1;0.0;0.1;0.0;0.0;51;P10;Pluie faible;1002.5;965.5;16;1;16;0;4560.0;0.0;1.83;1.9;5.4;61;31.0;;;;;;;;
Cervione;42.33;9.49;05/06/2026;13:00;27.0;41;12.5;29.0;12;0.1;0.0;0.1;0.0;0.0;51;P10;Pluie faible;1002.8;966.0;20;2;19;0;5440.0;0.0;2.11;3.0;5.8;52;32.6;;;;;;;;
Cervione;42.33;9.49;05/06/2026;14:00;27.4;38;11.9;29.4;14;0.1;0.0;0.1;0.0;0.0;51;P10;Pluie faible;1003.1;966.3;22;3;20;0;6320.0;0.0;2.25;3.7;6.1;55;33.2;;;;;;;;
Cervione;42.33;9.49;05/06/2026;15:00;27.1;37;11.2;28.8;16;0.2;0.1;0.1;0.0;0.0;51;P10;Pluie faible;1003.4;966.6;20;2;19;0;12460.0;0.0;2.27;4.2;6.1;65;32.5;;;;;;;;
Cervione;42.33;9.49;05/06/2026;16:00;26.5;37;10.6;27.3;18;0.2;0.1;0.1;0.0;0.0;51;P10;Pluie faible;1003.9;967.0;17;2;15;0;18620.0;0.0;2.18;4.9;6.1;82;31.1;;;;;;;;
Cervione;42.33;9.49;05/06/2026;17:00;25.5;38;9.9;25.3;19;0.2;0.1;0.1;0.0;0.0;51;P10;Pluie faible;1004.3;967.2;12;1;11;0;24760.0;0.0;2.03;5.8;6.1;97;29.0;;;;;;;;
Cervione;42.33;9.49;05/06/2026;18:00;24.2;39;9.2;23.1;20;0.2;0.1;0.1;0.0;0.0;51;P10;Pluie faible;1004.8;967.6;7;1;7;0;30900.0;0.0;1.86;6.8;5.4;108;26.6;;;;;;;;
Cervione;42.33;9.49;05/06/2026;19:00;23.0;40;8.6;21.6;20;0.2;0.1;0.1;0.0;0.0;51;P10;Pluie faible;1005.4;968.0;3;0;3;0;37060.0;0.0;1.7;7.4;4.7;116;24.4;;;;;;;;
Cervione;42.33;9.49;05/06/2026;20:00;21.9;41;8.1;20.3;20;0.2;0.1;0.1;0.0;0.0;51;P10;Pluie faible;1005.9;968.3;0;0;0;0;43200.0;0.0;1.55;7.4;4.3;119;22.5;;;;;;;;
Cervione;42.33;9.49;05/06/2026;21:00;20.7;43;7.6;19.1;19;0.0;0.0;0.0;0.0;0.0;0;P1;Ensoleillé;1006.5;968.8;0;0;0;0;42620.0;0.0;1.4;6.3;4.3;121;20.6;;;;;;;;
Cervione;42.33;9.49;05/06/2026;22:00;19.2;45;7.0;17.9;16;0.0;0.0;0.0;0.0;0.0;0;P1;Ensoleillé;1007.1;969.1;0;0;0;0;42040.0;0.0;1.23;4.0;5.0;122;18.7;;;;;;;;
Cervione;42.33;9.49;05/06/2026;23:00;17.8;48;6.5;16.7;14;0.0;0.0;0.0;0.0;0.0;0;P1;Ensoleillé;1007.7;969.5;0;0;0;0;41460.0;0.0;1.06;1.3;5.4;135;16.8;;;;;;;;
Cervione;42.33;9.49;06/06/2026;00:00;16.4;51;6.1;15.2;11;0.0;0.0;0.0;0.0;0.0;0;P1;Ensoleillé;1008.4;970.0;0;1;0;0;40880.0;0.0;0.92;1.5;5.8;291;15.1;;;;;;;;
Cervione;42.33;9.49;06/06/2026;01:00;15.4;53;5.8;13.8;9;0.0;0.0;0.0;0.0;0.0;0;P1;Ensoleillé;1009.0;970.5;0;1;0;0;40300.0;0.0;0.83;3.7;5.8;299;13.9;;;;;;;;
Cervione;42.33;9.49;06/06/2026;02:00;14.9;54;5.6;13.0;6;0.0;0.0;0.0;0.0;0.0;0;P1;Ensoleillé;1009.6;971.0;1;1;0;0;39720.0;0.0;0.78;4.9;6.1;298;13.4;;;;;;;;
Cervione;42.33;9.49;06/06/2026;03:00;14.9;54;5.7;13.1;4;0.0;0.0;0.0;0.0;0.0;0;P1;Ensoleillé;1010.1;971.5;1;1;0;1;40260.0;0.0;0.78;5.1;6.5;297;13.7;;;;;;;;
Cervione;42.33;9.49;06/06/2026;04:00;15.4;53;5.8;13.8;2;0.0;0.0;0.0;0.0;0.0;0;P1;Ensoleillé;1010.6;972.0;2;1;0;1;40800.0;0.0;0.83;4.4;6.8;297;14.6;;;;;;;;
Cervione;42.33;9.49;06/06/2026;05:00;16.3;51;6.2;14.8;1;0.0;0.0;0.0;0.0;0.0;0;P1;Ensoleillé;1011.1;972.6;3;1;0;2;41360.0;0.0;0.91;3.4;6.8;295;16.0;;;;;;;;
Cervione;42.33;9.49;06/06/2026;06:00;17.4;49;6.5;16.2;0;0.0;0.0;0.0;0.0;0.0;0;P1;Ensoleillé;1011.6;973.2;3;0;0;3;41900.0;0.0;1.01;2.1;6.1;290;17.7;;;;;;;;
Cervione;42.33;9.49;06/06/2026;07:00;18.4;47;6.9;17.5;0;0.0;0.0;0.0;0.0;0.0;0;P1;Ensoleillé;1012.0;973.7;4;0;0;4;42440.0;0.0;1.11;0.7;5.0;270;19.4;;;;;;;;
Cervione;42.33;9.49;06/06/2026;08:00;19.2;46;7.2;18.4;0;0.0;0.0;0.0;0.0;0.0;0;P1;Ensoleillé;1012.5;974.3;4;0;0;4;42980.0;0.0;1.21;0.8;4.7;135;21.0;;;;;;;;
Cervione;42.33;9.49;06/06/2026;09:00;20.1;44;7.6;19.2;1;0.0;0.0;0.0;0.0;0.0;0;P1;Ensoleillé;1013.0;974.9;4;0;0;4;43700.0;0.0;1.31;2.0;5.8;117;22.8;;;;;;;;
Cervione;42.33;9.49;06/06/2026;10:00;21.0;43;8.1;20.0;4;0.0;0.0;0.0;0.0;0.0;0;P1;Ensoleillé;1013.5;975.5;3;0;0;3;44420.0;0.0;1.42;3.6;7.2;108;24.9;;;;;;;;
Cervione;42.33;9.49;06/06/2026;11:00;22.0;42;8.4;21.5;6;0.0;0.0;0.0;0.0;0.0;0;P1;Ensoleillé;1014.0;976.1;2;0;0;2;45140.0;0.0;1.55;5.4;8.6;104;27.1;;;;;;;;
Cervione;42.33;9.49;06/06/2026;12:00;22.9;41;8.9;23.1;8;0.0;0.0;0.0;0.0;0.0;0;P1;Ensoleillé;1014.4;976.6;1;0;0;1;45840.0;0.0;1.65;6.9;9.4;104;29.0;;;;;;;;
Cervione;42.33;9.49;06/06/2026;13:00;23.6;40;9.2;24.2;10;0.0;0.0;0.0;0.0;0.0;0;P1;Ensoleillé;1014.8;977.1;1;0;0;1;46560.0;0.0;1.75;8.1;9.4;103;30.5;;;;;;;;
Cervione;42.33;9.49;06/06/2026;14:00;23.9;40;9.4;24.7;12;0.0;0.0;0.0;0.0;0.0;0;P1;Ensoleillé;1015.1;977.4;0;0;0;0;47280.0;0.0;1.78;8.9;9.7;104;31.0;;;;;;;;
Cervione;42.33;9.49;06/06/2026;15:00;23.9;40;9.6;24.5;13;0.0;0.0;0.0;0.0;0.0;0;P1;Ensoleillé;1015.2;977.5;0;0;0;0;46560.0;0.0;1.77;9.1;10.4;107;30.5;;;;;;;;
Cervione;42.33;9.49;06/06/2026;16:00;23.5;41;9.5;23.8;12;0.0;0.0;0.0;0.0;0.0;0;P1;Ensoleillé;1015.3;977.6;0;0;0;0;45820.0;0.0;1.71;8.9;11.2;111;29.2;;;;;;;;
Cervione;42.33;9.49;06/06/2026;17:00;22.9;42;9.4;22.6;12;0.0;0.0;0.0;0.0;0.0;0;P1;Ensoleillé;1015.2;977.4;0;0;0;0;45100.0;0.0;1.61;8.4;11.5;118;27.3;;;;;;;;
Cervione;42.33;9.49;06/06/2026;18:00;22.2;44;9.3;21.0;12;0.0;0.0;0.0;0.0;0.0;0;P1;Ensoleillé;1015.2;977.3;0;0;0;0;44380.0;0.0;1.5;7.9;11.5;125;25.2;;;;;;;;
Cervione;42.33;9.49;06/06/2026;19:00;21.4;46;9.2;20.1;11;0.0;0.0;0.0;0.0;0.0;0;P1;Ensoleillé;1015.1;977.1;0;0;0;0;43640.0;0.0;1.39;7.4;11.5;133;23.1;;;;;;;;
Cervione;42.33;9.49;06/06/2026;20:00;20.7;48;9.2;19.5;10;0.0;0.0;0.0;0.0;0.0;0;P1;Ensoleillé;1015.0;976.9;0;0;0;0;42920.0;0.0;1.28;6.9;11.2;141;21.4;;;;;;;;
Cervione;42.33;9.49;06/06/2026;21:00;19.9;50;9.2;18.8;9;0.0;0.0;0.0;0.0;0.0;0;P1;Ensoleillé;1014.9;976.7;0;0;0;0;41940.0;0.0;1.16;6.3;10.1;149;19.9;;;;;;;;
Cervione;42.33;9.49;06/06/2026;22:00;18.9;53;9.1;17.9;7;0.0;0.0;0.0;0.0;0.0;0;P1;Ensoleillé;1014.9;976.6;0;0;0;0;40960.0;0.0;1.02;5.5;9.0;161;18.2;;;;;;;;
Cervione;42.33;9.49;06/06/2026;23:00;17.9;56;9.1;16.9;6;0.0;0.0;0.0;0.0;0.0;0;P1;Ensoleillé;1014.8;976.4;0;0;0;0;39980.0;0.0;0.9;5.1;8.3;176;16.6;;;;;;;;
Cervione;42.33;9.49;07/06/2026;00:00;17.0;60;9.1;16.0;4;0.0;0.0;0.0;0.0;0.0;0;P1;Ensoleillé;1014.7;976.2;0;0;0;0;38980.0;0.0;0.77;4.8;8.3;193;15.4;;;;;;;;
Cervione;42.33;9.49;07/06/2026;01:00;16.2;64;9.4;15.3;3;0.0;0.0;0.0;0.0;0.0;0;P1;Ensoleillé;1014.6;976.0;0;0;0;0;38000.0;0.0;0.66;5.0;8.6;206;14.4;;;;;;;;
Cervione;42.33;9.49;07/06/2026;02:00;15.9;68;9.9;15.0;2;0.0;0.0;0.0;0.0;0.0;0;P1;Ensoleillé;1014.5;975.8;2;0;1;2;37020.0;0.0;0.59;5.3;9.0;213;14.1;;;;;;;;
Cervione;42.33;9.49;07/06/2026;03:00;15.9;71;10.7;15.3;2;0.0;0.0;0.0;0.0;0.0;0;P1;Ensoleillé;1014.4;975.7;10;6;2;6;31140.0;0.0;0.52;5.6;9.0;213;14.4;;;;;;;;
Cervione;42.33;9.49;07/06/2026;04:00;16.2;76;11.9;16.0;2;0.0;0.0;0.0;0.0;0.0;1;P2;Éclaircies;1014.3;975.7;22;15;3;11;25240.0;0.0;0.45;6.1;9.4;210;15.3;;;;;;;;
Cervione;42.33;9.49;07/06/2026;05:00;16.8;80;13.4;17.0;3;0.0;0.0;0.0;0.0;0.0;1;P2;Éclaircies;1014.1;975.6;36;25;5;18;19360.0;0.0;0.38;6.4;9.4;205;16.6;;;;;;;;
Cervione;42.33;9.49;07/06/2026;06:00;17.5;84;14.8;18.1;4;0.0;0.0;0.0;0.0;0.0;1;P2;Éclaircies;1014.0;975.6;49;34;7;24;13480.0;0.0;0.32;6.7;9.7;199;18.1;;;;;;;;
Cervione;42.33;9.49;07/06/2026;07:00;18.3;85;15.8;19.2;5;0.0;0.0;0.0;0.0;0.0;2;P8;Éclaircies;1013.8;975.5;59;41;8;28;7580.0;0.0;0.31;7.2;9.7;192;19.8;;;;;;;;
Cervione;42.33;9.49;07/06/2026;08:00;19.0;84;16.4;20.1;6;0.0;0.0;0.0;0.0;0.0;2;P8;Éclaircies;1013.5;975.3;63;44;8;30;1700.0;0.0;0.34;7.6;10.1;187;21.4;;;;;;;;
Cervione;42.33;9.49;07/06/2026;09:00;20.0;79;16.2;20.9;7;0.0;0.0;0.0;0.0;0.0;2;P8;Éclaircies;1013.2;975.1;60;41;7;29;8600.0;0.0;0.48;8.5;10.4;181;23.1;;;;;;;;
Cervione;42.33;9.49;07/06/2026;10:00;21.0;71;15.6;21.6;9;0.0;0.0;0.0;0.0;0.0;2;P8;Éclaircies;1012.7;974.8;51;34;6;25;15500.0;0.0;0.72;9.7;10.8;176;25.2;;;;;;;;
Cervione;42.33;9.49;07/06/2026;11:00;22.2;63;14.8;22.4;10;0.0;0.0;0.0;0.0;0.0;1;P2;Éclaircies;1012.3;974.5;38;25;4;20;22420.0;0.0;1.01;11.3;11.2;171;27.5;;;;;;;;
Cervione;42.33;9.49;07/06/2026;12:00;23.4;55;13.8;23.6;11;0.0;0.0;0.0;0.0;0.0;1;P2;Éclaircies;1011.8;974.2;25;15;3;14;29320.0;0.0;1.29;12.4;11.5;167;29.5;;;;;;;;
Cervione;42.33;9.49;07/06/2026;13:00;24.2;50;13.0;24.6;12;0.0;0.0;0.0;0.0;0.0;0;P1;Ensoleillé;1011.3;973.8;13;6;1;9;36220.0;0.0;1.52;12.9;11.5;164;30.9;;;;;;;;
Cervione;42.33;9.49;07/06/2026;14:00;24.7;47;12.6;25.3;12;0.0;0.0;0.0;0.0;0.0;0;P1;Ensoleillé;1010.9;973.5;5;0;0;5;43120.0;0.0;1.65;12.5;11.5;160;31.5;;;;;;;;
Cervione;42.33;9.49;07/06/2026;15:00;24.8;47;12.7;25.7;11;0.0;0.0;0.0;0.0;0.0;0;P1;Ensoleillé;1010.5;973.1;1;0;0;3;42160.0;0.0;1.65;10.4;10.8;152;31.1;;;;;;;;
Cervione;42.33;9.49;07/06/2026;16:00;24.5;49;13.1;25.8;10;0.0;0.0;0.0;0.0;0.0;0;P1;Ensoleillé;1010.1;972.7;0;0;0;2;41180.0;0.0;1.57;7.4;9.4;135;30.0;;;;;;;;
Cervione;42.33;9.49;07/06/2026;17:00;24.0;53;13.6;25.1;9;0.0;0.0;0.0;0.0;0.0;0;P1;Ensoleillé;1009.6;972.1;0;0;0;1;40220.0;0.0;1.41;5.6;8.3;97;28.2;;;;;;;;
Cervione;42.33;9.49;07/06/2026;18:00;23.3;57;14.2;23.7;7;0.0;0.0;0.0;0.0;0.0;0;P1;Ensoleillé;1009.3;971.8;0;0;0;1;39240.0;0.0;1.24;6.8;7.2;55;26.2;;;;;;;;
Cervione;42.33;9.49;07/06/2026;19:00;22.5;61;14.6;22.7;6;0.0;0.0;0.0;0.0;0.0;0;P1;Ensoleillé;1009.1;971.5;0;0;0;0;38280.0;0.0;1.07;9.4;6.1;36;24.4;;;;;;;;
Cervione;42.33;9.49;07/06/2026;20:00;21.8;64;14.7;21.8;4;0.0;0.0;0.0;0.0;0.0;0;P1;Ensoleillé;1009.1;971.4;0;0;0;0;37300.0;0.0;0.94;10.6;5.4;28;22.7;;;;;;;;
Cervione;42.33;9.49;07/06/2026;21:00;20.9;67;14.4;20.9;3;0.0;0.0;0.0;0.0;0.0;0;P1;Ensoleillé;1009.4;971.6;0;0;0;0;37280.0;0.0;0.83;10.1;5.0;24;21.2;;;;;;;;
Cervione;42.33;9.49;07/06/2026;22:00;19.8;69;13.9;19.9;3;0.0;0.0;0.0;0.0;0.0;0;P1;Ensoleillé;1009.9;971.9;0;0;0;0;37240.0;0.0;0.72;8.0;4.7;18;19.6;;;;;;;;
Cervione;42.33;9.49;07/06/2026;23:00;18.6;71;13.3;19.0;2;0.0;0.0;0.0;0.0;0.0;0;P1;Ensoleillé;1010.5;972.3;0;0;0;0;37220.0;0.0;0.62;5.1;5.0;10;18.0;;;;;;;;
Cervione;42.33;9.49;08/06/2026;00:00;17.5;73;12.6;18.0;1;0.0;0.0;0.0;0.0;0.0;0;P1;Ensoleillé;1011.2;972.9;0;0;0;0;37200.0;0.0;0.55;2.2;6.1;336;16.6;;;;;;;;
Cervione;42.33;9.49;08/06/2026;01:00;16.5;73;11.7;16.7;1;0.0;0.0;0.0;0.0;0.0;0;P1;Ensoleillé;1011.9;973.4;0;0;0;0;37160.0;0.0;0.51;2.5;7.9;249;15.6;;;;;;;;
Cervione;42.33;9.49;08/06/2026;02:00;15.9;72;10.9;15.6;0;0.0;0.0;0.0;0.0;0.0;0;P1;Ensoleillé;1012.4;973.8;0;0;0;0;37140.0;0.0;0.51;4.6;9.4;228;14.9;;;;;;;;
Cervione;42.33;9.49;08/06/2026;03:00;15.6;69;10.0;14.8;0;0.0;0.0;0.0;0.0;0.0;0;P1;Ensoleillé;1012.8;974.2;1;1;0;0;38120.0;0.0;0.55;6.2;10.4;218;14.8;;;;;;;;
Cervione;42.33;9.49;08/06/2026;04:00;15.6;65;9.0;14.1;0;0.0;0.0;0.0;0.0;0.0;0;P1;Ensoleillé;1013.2;974.5;2;2;0;0;39100.0;0.0;0.62;7.9;11.5;210;15.0;;;;;;;;
Cervione;42.33;9.49;08/06/2026;05:00;15.6;60;7.9;13.7;0;0.0;0.0;0.0;0.0;0.0;0;P1;Ensoleillé;1013.5;974.8;3;3;0;0;40100.0;0.0;0.71;9.3;11.5;204;15.5;;;;;;;;
Cervione;42.33;9.49;08/06/2026;06:00;15.9;55;6.8;13.5;0;0.0;0.0;0.0;0.0;0.0;0;P1;Ensoleillé;1013.8;975.2;4;4;0;0;41080.0;0.0;0.82;10.6;10.4;199;16.3;;;;;;;;
Cervione;42.33;9.49;08/06/2026;07:00;16.3;50;5.9;13.6;0;0.0;0.0;0.0;0.0;0.0;0;P1;Ensoleillé;1014.1;975.5;5;5;0;0;42060.0;0.0;0.92;11.4;9.0;196;17.4;;;;;;;;
Cervione;42.33;9.49;08/06/2026;08:00;16.9;46;5.1;14.0;0;0.0;0.0;0.0;0.0;0.0;0;P1;Ensoleillé;1014.3;975.8;5;5;0;0;43040.0;0.0;1.05;11.7;7.2;194;18.6;;;;;;;;
Cervione;42.33;9.49;08/06/2026;09:00;17.9;41;4.4;14.9;1;0.0;0.0;0.0;0.0;0.0;0;P1;Ensoleillé;1014.5;976.1;5;5;0;0;43760.0;0.0;1.21;11.2;5.8;195;20.6;;;;;;;;
Cervione;42.33;9.49;08/06/2026;10:00;19.2;36;3.8;16.3;3;0.0;0.0;0.0;0.0;0.0;0;P1;Ensoleillé;1014.5;976.3;4;4;0;0;44500.0;0.0;1.43;9.8;4.3;198;23.2;;;;;;;;
Cervione;42.33;9.49;08/06/2026;11:00;20.8;31;3.2;18.5;4;0.0;0.0;0.0;0.0;0.0;0;P1;Ensoleillé;1014.6;976.6;3;3;1;0;45240.0;0.0;1.69;8.2;3.6;203;26.2;;;;;;;;
Cervione;42.33;9.49;08/06/2026;12:00;22.3;28;2.8;21.0;6;0.0;0.0;0.0;0.0;0.0;0;P1;Ensoleillé;1014.6;976.7;2;2;1;0;45960.0;0.0;1.94;6.5;4.3;212;29.0;;;;;;;;
Cervione;42.33;9.49;08/06/2026;13:00;23.4;26;2.8;23.0;7;0.0;0.0;0.0;0.0;0.0;0;P1;Ensoleillé;1014.7;977.0;1;1;1;0;46700.0;0.0;2.13;5.0;6.1;221;31.0;;;;;;;;
Cervione;42.33;9.49;08/06/2026;14:00;24.0;25;3.0;24.1;8;0.0;0.0;0.0;0.0;0.0;0;P1;Ensoleillé;1014.8;977.1;1;1;1;0;47420.0;0.0;2.22;3.7;7.6;227;31.8;;;;;;;;
Cervione;42.33;9.49;08/06/2026;15:00;23.8;27;3.8;24.2;8;0.0;0.0;0.0;0.0;0.0;0;P1;Ensoleillé;1015.0;977.3;1;1;1;0;46100.0;0.0;2.14;2.4;8.6;222;31.2;;;;;;;;
Cervione;42.33;9.49;08/06/2026;16:00;23.1;31;5.1;23.6;7;0.0;0.0;0.0;0.0;0.0;0;P1;Ensoleillé;1015.2;977.4;1;1;1;0;44780.0;0.0;1.95;1.5;9.7;173;29.5;;;;;;;;
Cervione;42.33;9.49;08/06/2026;17:00;22.0;37;6.6;21.9;6;0.0;0.0;0.0;0.0;0.0;0;P1;Ensoleillé;1015.4;977.5;1;1;1;0;43480.0;0.0;1.68;2.5;9.7;120;27.0;;;;;;;;
Cervione;42.33;9.49;08/06/2026;18:00;20.9;44;8.1;19.9;5;0.0;0.0;0.0;0.0;0.0;0;P1;Ensoleillé;1015.6;977.5;2;2;0;0;42160.0;0.0;1.38;4.3;7.9;105;24.4;;;;;;;;
Cervione;42.33;9.49;08/06/2026;19:00;19.6;52;9.4;18.7;3;0.0;0.0;0.0;0.0;0.0;0;P1;Ensoleillé;1015.9;977.7;2;2;0;0;40840.0;0.0;1.11;5.5;5.0;101;21.8;;;;;;;;
Cervione;42.33;9.49;08/06/2026;20:00;18.6;58;10.1;17.8;2;0.0;0.0;0.0;0.0;0.0;0;P1;Ensoleillé;1016.1;977.7;2;2;0;0;39520.0;0.0;0.91;5.8;3.2;99;19.8;;;;;;;;
Cervione;42.33;9.49;08/06/2026;21:00;17.6;61;10.1;16.9;2;0.0;0.0;0.0;0.0;0.0;0;P1;Ensoleillé;1016.4;977.9;2;2;0;0;39080.0;0.0;0.78;4.9;3.6;98;18.1;;;;;;;;
Cervione;42.33;9.49;08/06/2026;22:00;16.5;64;9.6;15.9;2;0.0;0.0;0.0;0.0;0.0;0;P1;Ensoleillé;1016.6;977.9;1;1;0;0;38640.0;0.0;0.68;3.1;5.0;100;16.5;;;;;;;;
Cervione;42.33;9.49;08/06/2026;23:00;15.4;65;8.8;14.9;2;0.0;0.0;0.0;0.0;0.0;0;P1;Ensoleillé;1016.9;978.1;1;1;0;0;38200.0;0.0;0.61;0.8;6.5;135;14.9;;;;;;;;
Cervione;42.33;9.49;09/06/2026;00:00;14.4;65;7.9;13.6;2;0.0;0.0;0.0;0.0;0.0;0;P1;Ensoleillé;1017.2;978.2;1;1;0;0;37740.0;0.0;0.58;1.8;6.8;259;13.7;;;;;;;;
Cervione;42.33;9.49;09/06/2026;01:00;13.7;65;7.2;12.4;2;0.0;0.0;0.0;0.0;0.0;0;P1;Ensoleillé;1017.5;978.4;0;0;0;0;37300.0;0.0;0.56;4.0;7.2;267;12.9;;;;;;;;
Cervione;42.33;9.49;09/06/2026;02:00;13.4;64;6.7;11.8;2;0.0;0.0;0.0;0.0;0.0;0;P1;Ensoleillé;1017.7;978.6;0;0;0;0;36860.0;0.0;0.56;5.0;7.6;272;12.6;;;;;;;;
Cervione;42.33;9.49;09/06/2026;03:00;13.6;62;6.6;12.0;2;0.0;0.0;0.0;0.0;0.0;0;P1;Ensoleillé;1017.9;978.8;0;0;0;0;37860.0;0.0;0.59;5.3;7.9;278;13.0;;;;;;;;
Cervione;42.33;9.49;09/06/2026;04:00;14.3;60;6.7;12.7;1;0.0;0.0;0.0;0.0;0.0;0;P1;Ensoleillé;1018.1;979.1;0;0;0;0;38860.0;0.0;0.65;5.1;8.6;287;14.0;;;;;;;;
Cervione;42.33;9.49;09/06/2026;05:00;15.2;57;6.8;13.8;1;0.0;0.0;0.0;0.0;0.0;0;P1;Ensoleillé;1018.3;979.4;0;0;0;0;39860.0;0.0;0.74;4.8;9.0;299;15.4;;;;;;;;
Cervione;42.33;9.49;09/06/2026;06:00;16.3;54;7.1;14.9;1;0.0;0.0;0.0;0.0;0.0;0;P1;Ensoleillé;1018.5;979.7;0;0;0;0;40860.0;0.0;0.84;4.3;9.0;315;17.0;;;;;;;;
Cervione;42.33;9.49;09/06/2026;07:00;17.4;52;7.4;16.1;0;0.0;0.0;0.0;0.0;0.0;0;P1;Ensoleillé;1018.7;980.1;0;0;0;0;41860.0;0.0;0.95;4.0;9.0;330;18.8;;;;;;;;
Cervione;42.33;9.49;09/06/2026;08:00;18.2;51;7.8;17.1;0;0.0;0.0;0.0;0.0;0.0;0;P1;Ensoleillé;1018.8;980.3;0;0;0;0;42860.0;0.0;1.03;3.5;9.0;348;20.3;;;;;;;;
Cervione;42.33;9.49;09/06/2026;09:00;19.0;50;8.2;18.1;0;0.0;0.0;0.0;0.0;0.0;0;P1;Ensoleillé;1018.9;980.5;1;0;1;0;42860.0;0.0;1.11;2.8;9.0;15;22.0;;;;;;;;
Cervione;42.33;9.49;09/06/2026;10:00;19.9;49;8.7;19.1;1;0.0;0.0;0.0;0.0;0.0;0;P1;Ensoleillé;1019.0;980.7;2;0;2;0;42860.0;0.0;1.19;3.1;8.6;62;24.1;;;;;;;;
Cervione;42.33;9.49;09/06/2026;11:00;20.6;48;9.2;20.4;2;0.0;0.0;0.0;0.0;0.0;0;P1;Ensoleillé;1019.1;980.9;3;0;3;0;42860.0;0.0;1.27;4.9;8.3;92;26.2;;;;;;;;
Cervione;42.33;9.49;09/06/2026;12:00;21.4;48;9.9;21.8;3;0.0;0.0;0.0;0.0;0.0;0;P1;Ensoleillé;1019.2;981.1;4;1;4;0;42860.0;0.0;1.33;7.0;7.9;103;28.1;;;;;;;;
Cervione;42.33;9.49;09/06/2026;13:00;21.9;48;10.4;22.8;3;0.0;0.0;0.0;0.0;0.0;0;P1;Ensoleillé;1019.2;981.1;5;1;5;0;42860.0;0.0;1.37;8.8;7.6;109;29.5;;;;;;;;
Cervione;42.33;9.49;09/06/2026;14:00;22.2;49;10.9;23.2;4;0.0;0.0;0.0;0.0;0.0;0;P1;Ensoleillé;1019.2;981.2;6;1;6;0;42860.0;0.0;1.37;9.8;7.2;110;30.0;;;;;;;;
Cervione;42.33;9.49;09/06/2026;15:00;22.2;50;11.4;23.3;5;0.0;0.0;0.0;0.0;0.0;0;P1;Ensoleillé;1019.1;981.1;7;1;6;0;41860.0;0.0;1.33;9.7;6.5;109;29.6;;;;;;;;
Cervione;42.33;9.49;09/06/2026;16:00;22.0;53;11.9;22.9;6;0.0;0.0;0.0;0.0;0.0;0;P1;Ensoleillé;1018.8;980.7;7;1;6;0;40860.0;0.0;1.24;8.8;5.4;107;28.4;;;;;;;;
Cervione;42.33;9.49;09/06/2026;17:00;21.5;56;12.4;22.2;7;0.0;0.0;0.0;0.0;0.0;0;P1;Ensoleillé;1018.6;980.5;7;2;6;1;39880.0;0.0;1.13;7.5;4.7;101;26.6;;;;;;;;
Cervione;42.33;9.49;09/06/2026;18:00;21.0;60;12.9;21.0;8;0.0;0.0;0.0;0.0;0.0;0;P1;Ensoleillé;1018.3;980.1;7;2;6;1;38880.0;0.0;1.0;5.9;3.6;92;24.6;;;;;;;;
Cervione;42.33;9.49;09/06/2026;19:00;20.4;64;13.2;20.7;8;0.0;0.0;0.0;0.0;0.0;0;P1;Ensoleillé;1018.1;979.9;7;2;5;1;37880.0;0.0;0.87;4.8;2.5;79;22.7;;;;;;;;
Cervione;42.33;9.49;09/06/2026;20:00;19.7;67;13.5;20.3;8;0.0;0.0;0.0;0.0;0.0;0;P1;Ensoleillé;1018.0;979.7;7;2;5;1;36880.0;0.0;0.75;3.9;2.2;68;21.0;;;;;;;;
Cervione;42.33;9.49;09/06/2026;21:00;18.9;71;13.6;19.5;7;0.0;0.0;0.0;0.0;0.0;0;P1;Ensoleillé;1018.0;979.6;6;2;4;1;35260.0;0.0;0.62;3.1;3.2;59;19.5;;;;;;;;
Cervione;42.33;9.49;09/06/2026;22:00;17.8;76;13.5;18.5;6;0.0;0.0;0.0;0.0;0.0;0;P1;Ensoleillé;1018.1;979.5;5;1;3;1;33640.0;0.0;0.48;2.4;4.7;42;17.8;;;;;;;;
Cervione;42.33;9.49;09/06/2026;23:00;16.5;81;13.3;17.4;4;0.0;0.0;0.0;0.0;0.0;0;P1;Ensoleillé;1018.3;979.6;4;1;2;1;32040.0;0.0;0.36;1.7;6.1;18;16.1;;;;;;;;
Cervione;42.33;9.49;10/06/2026;00:00;15.4;86;13.1;16.2;3;0.0;0.0;0.0;0.0;0.0;0;P1;Ensoleillé;1018.5;979.6;2;1;1;0;30420.0;0.0;0.25;1.5;6.5;346;14.6;;;;;;;;
Cervione;42.33;9.49;10/06/2026;01:00;14.6;90;12.9;15.3;1;0.0;0.0;0.0;0.0;0.0;0;P1;Ensoleillé;1018.7;979.7;1;0;1;0;28800.0;0.0;0.17;1.5;6.5;315;13.6;;;;;;;;
Cervione;42.33;9.49;10/06/2026;02:00;14.2;92;12.9;14.9;0;0.0;0.0;0.0;0.0;0.0;0;P1;Ensoleillé;1018.8;979.7;0;0;0;0;27180.0;0.0;0.14;1.6;6.5;297;13.2;;;;;;;;
Cervione;42.33;9.49;10/06/2026;03:00;14.3;91;12.9;15.0;0;0.0;0.0;0.0;0.0;0.0;0;P1;Ensoleillé;1018.9;979.9;0;0;0;0;28300.0;0.0;0.15;1.5;6.8;284;13.6;;;;;;;;
Cervione;42.33;9.49;10/06/2026;04:00;14.8;88;12.9;15.4;0;0.0;0.0;0.0;0.0;0.0;0;P1;Ensoleillé;1018.9;979.9;0;0;0;0;29440.0;0.0;0.19;1.5;6.8;256;14.5;;;;;;;;
Cervione;42.33;9.49;10/06/2026;05:00;15.5;85;12.9;16.2;0;0.0;0.0;0.0;0.0;0.0;0;P1;Ensoleillé;1019.0;980.1;0;0;0;0;30560.0;0.0;0.27;1.3;7.2;225;15.9;;;;;;;;
Cervione;42.33;9.49;10/06/2026;06:00;16.4;81;13.0;17.1;1;0.0;0.0;0.0;0.0;0.0;0;P1;Ensoleillé;1019.0;980.2;0;0;0;0;31680.0;0.0;0.36;1.7;7.2;193;17.5;;;;;;;;
Cervione;42.33;9.49;10/06/2026;07:00;17.1;77;13.1;17.8;1;0.0;0.0;0.0;0.0;0.0;0;P1;Ensoleillé;1019.1;980.4;0;0;0;0;32820.0;0.0;0.45;2.2;7.2;171;19.0;;;;;;;;
Cervione;42.33;9.49;10/06/2026;08:00;17.9;74;13.2;18.5;2;0.0;0.0;0.0;0.0;0.0;0;P1;Ensoleillé;1019.2;980.6;0;0;0;0;33940.0;0.0;0.52;2.9;7.9;158;20.3;;;;;;;;
Cervione;42.33;9.49;10/06/2026;09:00;18.5;73;13.4;19.0;2;0.2;0.1;0.1;0.0;0.0;51;P10;Pluie faible;1019.3;980.8;11;2;3;10;29480.0;0.0;0.58;3.7;9.7;145;21.5;;;;;;;;
Cervione;42.33;9.49;10/06/2026;10:00;19.1;71;13.8;19.6;3;0.2;0.1;0.1;0.0;0.0;51;P10;Pluie faible;1019.5;981.1;28;5;7;25;25000.0;0.0;0.64;5.1;12.6;132;22.9;;;;;;;;
Cervione;42.33;9.49;10/06/2026;11:00;19.8;70;14.1;20.6;3;0.2;0.1;0.1;0.0;0.0;51;P10;Pluie faible;1019.7;981.3;47;9;12;42;20540.0;0.0;0.7;6.6;15.1;125;24.2;;;;;;;;
Cervione;42.33;9.49;10/06/2026;12:00;20.4;68;14.4;21.8;3;0.2;0.1;0.1;0.0;0.0;51;P10;Pluie faible;1019.9;981.6;65;12;17;58;16080.0;0.0;0.75;8.0;17.6;121;25.5;;;;;;;;
Cervione;42.33;9.49;10/06/2026;13:00;20.8;67;14.6;22.6;4;0.2;0.1;0.1;0.0;0.0;51;P10;Pluie faible;1020.0;981.8;78;15;20;70;11600.0;0.0;0.8;9.2;20.5;118;26.2;;;;;;;;
Cervione;42.33;9.49;10/06/2026;14:00;21.0;67;14.7;23.0;4;0.2;0.1;0.1;0.0;0.0;51;P10;Pluie faible;1020.1;981.9;84;16;22;75;7140.0;0.0;0.82;9.8;21.6;116;26.6;;;;;;;;
Cervione;42.33;9.49;10/06/2026;15:00;21.1;67;14.8;22.9;4;0.1;0.1;0.0;0.0;0.0;51;P10;Pluie faible;1020.1;981.9;80;15;22;70;11600.0;0.0;0.82;9.8;20.5;116;26.4;;;;;;;;
Cervione;42.33;9.49;10/06/2026;16:00;21.0;67;14.7;22.4;5;0.1;0.1;0.0;0.0;0.0;51;P10;Pluie faible;1020.0;981.8;68;13;20;58;16060.0;0.0;0.82;9.4;18.0;116;25.5;;;;;;;;
Cervione;42.33;9.49;10/06/2026;17:00;20.9;67;14.6;21.6;5;0.1;0.1;0.0;0.0;0.0;51;P10;Pluie faible;1019.9;981.7;51;10;17;42;20520.0;0.0;0.8;8.7;15.5;117;24.5;;;;;;;;
Cervione;42.33;9.49;10/06/2026;18:00;20.5;68;14.4;20.8;5;0.1;0.1;0.0;0.0;0.0;51;P10;Pluie faible;1019.8;981.5;34;8;14;24;24980.0;0.0;0.77;7.7;13.3;118;23.1;;;;;;;;
Cervione;42.33;9.49;10/06/2026;19:00;20.0;70;14.3;20.5;6;0.1;0.1;0.0;0.0;0.0;51;P10;Pluie faible;1019.6;981.3;19;6;10;9;29440.0;0.0;0.72;6.8;11.5;119;21.9;;;;;;;;
Cervione;42.33;9.49;10/06/2026;20:00;19.5;71;14.1;20.1;6;0.1;0.1;0.0;0.0;0.0;51;P10;Pluie faible;1019.5;981.1;11;6;8;0;33900.0;0.0;0.66;5.8;10.4;120;20.6;;;;;;;;
Cervione;42.33;9.49;10/06/2026;21:00;18.8;74;14.0;19.4;6;0.0;0.0;0.0;0.0;0.0;0;P1;Ensoleillé;1019.4;980.9;10;9;6;0;28580.0;0.0;0.57;4.7;11.2;122;19.2;;;;;;;;
Cervione;42.33;9.49;10/06/2026;22:00;17.7;78;13.8;18.4;5;0.0;0.0;0.0;0.0;0.0;0;P1;Ensoleillé;1019.3;980.7;15;14;5;0;23240.0;0.0;0.45;3.3;12.6;126;17.6;;;;;;;;
Cervione;42.33;9.49;10/06/2026;23:00;16.5;83;13.6;17.4;4;0.0;0.0;0.0;0.0;0.0;1;P2;Éclaircies;1019.2;980.4;22;20;3;2;17920.0;0.0;0.32;1.9;14.0;131;15.9;;;;;;;;
Cervione;42.33;9.49;11/06/2026;00:00;15.4;88;13.4;16.4;3;0.0;0.0;0.0;0.0;0.0;1;P2;Éclaircies;1019.1;980.2;30;26;2;6;12580.0;0.0;0.21;0.7;15.5;166;14.4;;;;;;;;
Cervione;42.33;9.49;11/06/2026;01:00;14.6;92;13.3;15.6;3;0.0;0.0;0.0;0.0;0.0;1;P2;Éclaircies;1019.0;980.0;36;30;1;9;7260.0;0.0;0.14;0.7;16.6;256;13.4;;;;;;;;
Cervione;42.33;9.49;11/06/2026;02:00;14.3;93;13.2;15.1;2;0.0;0.0;0.0;0.0;0.0;1;P2;Éclaircies;1018.9;979.9;38;31;0;11;1920.0;0.0;0.11;1.3;16.9;278;13.0;;;;;;;;
Cervione;42.33;9.49;11/06/2026;03:00;14.5;92;13.1;15.3;2;0.0;0.0;0.0;0.0;0.0;1;P2;Éclaircies;1018.8;979.8;34;29;0;10;7260.0;0.0;0.14;1.4;15.8;293;13.4;;;;;;;;
Cervione;42.33;9.49;11/06/2026;04:00;15.1;88;13.1;16.0;2;0.0;0.0;0.0;0.0;0.0;1;P2;Éclaircies;1018.6;979.7;27;24;0;9;12620.0;0.0;0.21;1.3;13.7;304;14.6;;;;;;;;
Cervione;42.33;9.49;11/06/2026;05:00;16.1;83;13.2;17.0;2;0.0;0.0;0.0;0.0;0.0;0;P1;Ensoleillé;1018.5;979.7;18;17;0;6;17960.0;0.0;0.31;1.0;13.0;329;16.1;;;;;;;;
Cervione;42.33;9.49;11/06/2026;06:00;17.1;78;13.2;18.1;2;0.0;0.0;0.0;0.0;0.0;0;P1;Ensoleillé;1018.3;979.7;9;10;0;4;23300.0;0.0;0.43;0.9;14.4;11;17.9;;;;;;;;
Cervione;42.33;9.49;11/06/2026;07:00;18.1;74;13.4;19.0;2;0.0;0.0;0.0;0.0;0.0;0;P1;Ensoleillé;1018.2;979.7;2;4;0;1;28660.0;0.0;0.55;1.4;16.9;40;19.6;;;;;;;;
Cervione;42.33;9.49;11/06/2026;08:00;19.0;70;13.4;19.7;2;0.0;0.0;0.0;0.0;0.0;0;P1;Ensoleillé;1018.2;979.8;0;0;0;0;34000.0;0.0;0.65;2.1;18.4;59;21.1;;;;;;;;
Cervione;42.33;9.49;11/06/2026;09:00;19.6;68;13.5;20.3;2;0.1;0.0;0.1;0.0;0.0;51;P10;Pluie faible;1018.2;979.9;4;0;6;0;30060.0;0.0;0.74;3.1;18.0;69;22.7;;;;;;;;
Cervione;42.33;9.49;11/06/2026;10:00;20.4;65;13.6;20.9;1;0.1;0.0;0.1;0.0;0.0;51;P10;Pluie faible;1018.3;980.1;12;0;15;0;26140.0;0.0;0.83;4.5;16.9;76;24.5;;;;;;;;
Cervione;42.33;9.49;11/06/2026;11:00;21.0;63;13.8;21.9;1;0.1;0.0;0.1;0.0;0.0;51;P10;Pluie faible;1018.5;980.3;23;0;26;0;22200.0;0.0;0.92;6.0;16.2;80;26.2;;;;;;;;
Cervione;42.33;9.49;11/06/2026;12:00;21.6;61;13.9;23.1;1;0.1;0.0;0.1;0.0;0.0;51;P10;Pluie faible;1018.6;980.5;34;0;36;0;18260.0;0.0;1.0;7.5;16.2;82;27.7;;;;;;;;
Cervione;42.33;9.49;11/06/2026;13:00;22.1;60;14.0;23.9;1;0.1;0.0;0.1;0.0;0.0;51;P10;Pluie faible;1018.7;980.7;42;1;43;0;14340.0;0.0;1.06;8.5;16.2;83;28.8;;;;;;;;
Cervione;42.33;9.49;11/06/2026;14:00;22.3;60;14.1;24.3;2;0.1;0.0;0.1;0.0;0.0;51;P10;Pluie faible;1018.7;980.7;46;1;46;0;10400.0;0.0;1.09;8.9;15.5;83;29.2;;;;;;;;
Cervione;42.33;9.49;11/06/2026;15:00;22.3;59;14.0;24.2;4;0.0;0.0;0.0;0.0;0.0;1;P2;Éclaircies;1018.6;980.6;43;1;43;0;14820.0;0.0;1.09;8.5;13.3;83;28.8;;;;;;;;
Cervione;42.33;9.49;11/06/2026;16:00;22.1;60;13.9;23.7;6;0.0;0.0;0.0;0.0;0.0;1;P2;Éclaircies;1018.5;980.5;36;1;36;0;19240.0;0.0;1.07;7.6;10.1;83;27.8;;;;;;;;
Cervione;42.33;9.49;11/06/2026;17:00;21.7;61;13.8;22.7;8;0.0;0.0;0.0;0.0;0.0;1;P2;Éclaircies;1018.3;980.2;26;1;26;1;23660.0;0.0;1.02;6.4;7.6;82;26.2;;;;;;;;
Cervione;42.33;9.49;11/06/2026;18:00;21.2;62;13.6;21.7;10;0.0;0.0;0.0;0.0;0.0;0;P1;Ensoleillé;1018.1;980.0;16;0;15;1;28060.0;0.0;0.97;5.1;5.4;80;24.5;;;;;;;;
Cervione;42.33;9.49;11/06/2026;19:00;20.6;63;13.4;21.2;11;0.0;0.0;0.0;0.0;0.0;0;P1;Ensoleillé;1018.0;979.8;9;0;6;3;32480.0;0.0;0.89;3.7;4.0;79;22.8;;;;;;;;
Cervione;42.33;9.49;11/06/2026;20:00;20.0;65;13.3;20.7;12;0.0;0.0;0.0;0.0;0.0;0;P1;Ensoleillé;1018.0;979.7;5;0;0;5;36900.0;0.0;0.82;2.6;2.9;74;21.2;;;;;;;;
Cervione;42.33;9.49;11/06/2026;21:00;19.2;68;13.2;20.0;11;0.0;0.0;0.0;0.0;0.0;0;P1;Ensoleillé;1018.1;979.7;7;0;0;9;35820.0;0.0;0.7;1.7;3.2;72;19.8;;;;;;;;
Cervione;42.33;9.49;11/06/2026;22:00;18.1;73;13.2;19.0;10;0.0;0.0;0.0;0.0;0.0;0;P1;Ensoleillé;1018.4;979.9;12;0;0;15;34740.0;0.0;0.55;0.8;4.3;63;18.0;;;;;;;;
Cervione;42.33;9.49;11/06/2026;23:00;16.9;79;13.2;17.9;8;0.0;0.0;0.0;0.0;0.0;0;P1;Ensoleillé;1018.7;980.0;19;0;0;22;33660.0;0.0;0.4;0.2;5.4;360;16.3;;;;;;;;
Cervione;42.33;9.49;12/06/2026;00:00;15.8;85;13.2;16.7;6;0.0;0.0;0.0;0.0;0.0;1;P2;Éclaircies;1019.0;980.1;27;0;0;29;32560.0;0.0;0.28;0.7;5.8;284;14.8;;;;;;;;
Cervione;42.33;9.49;12/06/2026;01:00;15.0;88;12.9;15.7;3;0.0;0.0;0.0;0.0;0.0;1;P2;Éclaircies;1019.3;980.3;34;0;0;34;31480.0;0.0;0.21;1.3;5.8;286;13.8;;;;;;;;
Cervione;42.33;9.49;12/06/2026;02:00;14.6;87;12.5;15.2;3;0.0;0.0;0.0;0.0;0.0;1;P2;Éclaircies;1019.5;980.5;37;0;0;37;30400.0;0.0;0.22;1.9;5.8;299;13.3;;;;;;;;
Cervione;42.33;9.49;12/06/2026;03:00;14.9;81;11.6;15.0;3;0.0;0.0;0.0;0.0;0.0;1;P2;Éclaircies;1019.6;980.6;36;0;0;36;32500.0;0.0;0.32;2.7;6.1;318;13.6;;;;;;;;
Cervione;42.33;9.49;12/06/2026;04:00;15.5;72;10.4;15.1;4;0.0;0.0;0.0;0.0;0.0;1;P2;Éclaircies;1019.7;980.8;33;0;0;33;34580.0;0.0;0.5;4.0;6.5;333;14.6;;;;;;;;
Cervione;42.33;9.49;12/06/2026;05:00;16.5;62;9.1;15.4;3;0.0;0.0;0.0;0.0;0.0;1;P2;Éclaircies;1019.7;980.9;28;0;0;28;36680.0;0.0;0.72;5.7;6.5;342;15.9;;;;;;;;
Cervione;42.33;9.49;12/06/2026;06:00;17.5;53;7.8;15.9;3;0.0;0.0;0.0;0.0;0.0;1;P2;Éclaircies;1019.7;981.1;24;0;0;24;38760.0;0.0;0.95;7.3;5.8;349;17.5;;;;;;;;
Cervione;42.33;9.49;12/06/2026;07:00;18.6;46;6.7;16.5;3;0.0;0.0;0.0;0.0;0.0;1;P2;Éclaircies;1019.7;981.2;21;0;0;21;40860.0;0.0;1.17;8.7;4.7;354;19.2;;;;;;;;
Cervione;42.33;9.49;12/06/2026;08:00;19.6;41;6.0;17.2;3;0.0;0.0;0.0;0.0;0.0;1;P2;Éclaircies;1019.7;981.3;22;0;0;22;42940.0;0.0;1.35;9.5;4.0;359;20.9;;;;;;;;
Cervione;42.33;9.49;12/06/2026;09:00;20.5;38;5.8;18.1;3;0.0;0.0;0.0;0.0;0.0;1;P2;Éclaircies;1019.7;981.4;27;0;0;27;43700.0;0.0;1.49;9.8;4.0;6;22.6;;;;;;;;
Cervione;42.33;9.49;12/06/2026;10:00;21.5;37;6.1;19.1;2;0.0;0.0;0.0;0.0;0.0;1;P2;Éclaircies;1019.7;981.6;36;0;0;36;44460.0;0.0;1.63;9.8;4.7;17;24.6;;;;;;;;
Cervione;42.33;9.49;12/06/2026;11:00;22.6;35;6.6;20.9;2;0.0;0.0;0.0;0.0;0.0;1;P2;Éclaircies;1019.6;981.6;46;0;0;46;45220.0;0.0;1.77;10.0;5.4;30;26.8;;;;;;;;
Cervione;42.33;9.49;12/06/2026;12:00;24.1;36;8.2;23.4;2;0.0;0.0;0.0;0.0;0.0;2;P8;Éclaircies;1019.7;981.9;68;0;1;68;40505.0;0.0;1.91;10.3;6.5;65;28.9;;;;;;;;
Cervione;42.33;9.49;12/06/2026;13:00;25.0;38;9.7;25.0;2;0.0;0.0;0.0;0.0;0.0;2;P8;Éclaircies;1019.7;982.0;83;0;5;83;35430.0;0.0;1.95;10.8;7.9;91;30.6;;;;;;;;
Cervione;42.33;9.49;12/06/2026;14:00;25.4;41;11.1;25.8;3;0.0;0.0;0.0;0.0;0.0;2;P8;Éclaircies;1019.7;982.0;92;0;14;92;29975.0;0.0;1.93;11.0;8.6;111;31.9;;;;;;;;
Cervione;42.33;9.49;12/06/2026;15:00;25.5;43;12.0;26.0;4;0.0;0.0;0.0;0.0;0.0;3;P4;Nuageux;1019.5;981.9;100;0;31;100;24140.0;0.0;1.86;10.0;8.3;128;;;;;;;;;
Cervione;42.33;9.49;12/06/2026;16:00;25.3;44;12.2;25.8;5;0.0;0.0;0.0;0.0;0.0;3;P4;Nuageux;1019.2;981.6;100;0;47;100;24140.0;0.0;1.81;8.8;6.8;125;;;;;;;;;
Cervione;42.33;9.49;12/06/2026;17:00;25.0;46;12.6;25.2;6;0.0;0.0;0.0;0.0;0.0;3;P4;Nuageux;1019.0;981.3;100;0;53;100;24140.0;0.0;1.71;7.3;5.8;123;;;;;;;;;
Cervione;42.33;9.49;12/06/2026;18:00;24.4;51;13.6;24.6;7;0.0;0.0;0.0;0.0;0.0;3;P4;Nuageux;1018.8;981.1;84;0;41;82;24140.0;0.0;1.5;6.2;5.0;126;;;;;;;;;
Cervione;42.33;9.49;12/06/2026;19:00;23.6;57;14.6;24.4;9;0.0;0.0;0.0;0.0;0.0;2;P8;Éclaircies;1018.6;980.8;60;0;21;57;24140.0;0.0;1.25;4.8;4.0;132;;;;;;;;;
Cervione;42.33;9.49;12/06/2026;20:00;22.7;62;15.0;23.9;10;0.0;0.0;0.0;0.0;0.0;1;P2;Éclaircies;1018.5;980.6;40;0;5;35;24140.0;0.0;1.05;3.3;3.6;139;;;;;;;;;
Cervione;42.33;9.49;12/06/2026;21:00;21.6;64;14.5;23.0;11;0.0;0.0;0.0;0.0;0.0;1;P2;Éclaircies;1018.5;980.4;26;0;2;19;24140.0;0.0;0.93;1.1;3.6;180;;;;;;;;;
Cervione;42.33;9.49;12/06/2026;22:00;20.5;66;14.0;21.4;13;0.0;0.0;0.0;0.0;0.0;0;P1;Ensoleillé;1018.6;980.4;14;0;3;7;24140.0;0.0;0.82;2.9;4.0;277;;;;;;;;;
Cervione;42.33;9.49;12/06/2026;23:00;19.7;66;13.2;20.0;14;0.0;0.0;0.0;0.0;0.0;0;P1;Ensoleillé;1018.6;980.3;7;0;5;0;24140.0;0.0;0.78;5.0;4.3;291;;;;;;;;;
Corte;42.3;9.15;28/05/2026;00:00;22.0;50;11.1;21.4;0;0.0;0.0;0.0;0.0;0.0;0;P1;Ensoleillé;1019.7;973.2;0;0;0;0;41800.0;0.02;1.32;6.2;14.8;260;20.3;21.5;22.2;18.4;0.041;0.088;0.11;0.135;0.223
Corte;42.3;9.15;28/05/2026;01:00;21.8;51;11.2;21.4;0;0.0;0.0;0.0;0.0;0.0;0;P1;Ensoleillé;1019.5;973.0;0;0;0;0;41740.0;0.02;1.28;5.4;13.3;262;19.5;21.1;21.9;18.4;0.042;0.088;0.11;0.135;0.223
Corte;42.3;9.15;28/05/2026;02:00;22.3;47;10.5;21.6;0;0.0;0.0;0.0;0.0;0.0;0;P1;Ensoleillé;1019.0;972.6;0;0;0;0;42240.0;0.02;1.43;6.2;11.2;260;20.4;21.2;21.6;18.4;0.041;0.087;0.109;0.137;0.225
Corte;42.3;9.15;28/05/2026;03:00;22.2;45;9.7;21.2;0;0.0;0.0;0.0;0.0;0.0;0;P1;Ensoleillé;1018.4;972.0;0;0;0;0;42600.0;0.02;1.47;6.2;13.7;260;20.2;21.0;21.3;18.4;0.041;0.087;0.109;0.137;0.225
Corte;42.3;9.15;28/05/2026;04:00;22.0;43;8.8;20.8;0;0.0;0.0;0.0;0.0;0.0;1;P2;Éclaircies;1018.0;971.6;21;0;0;21;43380.0;0.02;1.51;5.8;13.3;263;19.4;20.6;21.1;18.4;0.041;0.087;0.109;0.137;0.225
Corte;42.3;9.15;28/05/2026;05:00;21.8;42;8.3;20.5;0;0.0;0.0;0.0;0.0;0.0;1;P2;Éclaircies;1018.2;971.7;0;0;0;0;43580.0;0.02;1.52;5.8;11.5;263;19.2;20.4;20.9;18.5;0.041;0.087;0.109;0.137;0.225
Corte;42.3;9.15;28/05/2026;06:00;21.6;41;7.8;20.3;0;0.0;0.0;0.0;0.0;0.0;0;P1;Ensoleillé;1018.6;972.1;0;0;0;0;43900.0;0.02;1.53;5.4;12.2;262;18.8;20.1;20.6;18.5;0.041;0.086;0.109;0.137;0.225
Corte;42.3;9.15;28/05/2026;07:00;22.1;49;10.9;22.0;0;0.0;0.0;0.0;0.0;0.0;0;P1;Ensoleillé;1018.9;972.5;0;0;0;0;43680.0;0.04;1.36;2.9;11.2;263;19.8;19.8;20.4;18.5;0.042;0.086;0.109;0.137;0.225
Corte;42.3;9.15;28/05/2026;08:00;24.1;53;13.9;25.3;0;0.0;0.0;0.0;0.0;0.0;0;P1;Ensoleillé;1019.1;973.0;0;0;0;0;41660.0;0.07;1.41;0.5;3.6;135;24.7;21.1;20.3;18.5;0.042;0.086;0.109;0.137;0.225
Corte;42.3;9.15;28/05/2026;09:00;25.3;43;11.8;25.3;0;0.0;0.0;0.0;0.0;0.0;0;P1;Ensoleillé;1018.6;972.6;0;0;0;0;42720.0;0.22;1.84;3.6;11.2;90;26.5;22.4;20.4;18.5;0.042;0.086;0.109;0.136;0.225
Corte;42.3;9.15;28/05/2026;10:00;26.7;42;12.7;27.0;0;0.0;0.0;0.0;0.0;0.0;0;P1;Ensoleillé;1018.7;973.0;0;0;0;0;42800.0;0.32;2.03;4.7;14.0;99;28.5;23.5;20.6;18.5;0.041;0.086;0.108;0.136;0.224
Corte;42.3;9.15;28/05/2026;11:00;28.1;38;12.5;29.0;0;0.0;0.0;0.0;0.0;0.0;0;P1;Ensoleillé;1018.9;973.4;0;0;0;0;43280.0;0.37;2.36;7.2;19.4;108;30.4;24.7;21.0;18.5;0.041;0.086;0.108;0.135;0.224
Corte;42.3;9.15;28/05/2026;12:00;29.3;38;13.5;31.0;0;0.0;0.0;0.0;0.0;0.0;0;P1;Ensoleillé;1018.8;973.4;0;0;0;0;42880.0;0.35;2.52;8.7;23.8;107;31.9;25.8;21.4;18.5;0.041;0.086;0.108;0.134;0.224
Corte;42.3;9.15;28/05/2026;13:00;30.0;39;14.6;32.2;3;0.0;0.0;0.0;0.0;0.0;0;P1;Ensoleillé;1018.5;973.3;0;0;0;0;42400.0;0.3;2.59;10.2;27.7;108;32.6;26.7;21.9;18.5;0.04;0.085;0.107;0.134;0.223
Corte;42.3;9.15;28/05/2026;14:00;29.4;47;16.9;32.3;35;0.0;0.0;0.0;0.0;0.0;3;P4;Nuageux;1018.2;972.9;100;73;4;100;41160.0;0.27;2.17;10.0;28.8;111;31.1;27.0;22.4;18.5;0.04;0.085;0.107;0.133;0.223
Corte;42.3;9.15;28/05/2026;15:00;29.7;43;15.8;31.8;88;0.2;0.0;0.2;0.0;0.0;3;P4;Nuageux;1017.9;972.6;100;26;23;100;41740.0;0.26;2.37;8.0;28.1;108;32.4;27.3;22.8;18.6;0.052;0.085;0.107;0.133;0.223
Corte;42.3;9.15;28/05/2026;16:00;29.2;45;16.1;31.0;60;0.0;0.0;0.0;0.0;0.0;3;P4;Nuageux;1017.8;972.5;100;51;0;100;41540.0;0.23;2.23;8.2;25.6;119;31.1;27.4;23.2;18.6;0.05;0.085;0.107;0.132;0.223
Corte;42.3;9.15;28/05/2026;17:00;29.1;48;16.9;30.5;43;0.0;0.0;0.0;0.0;0.0;3;P4;Nuageux;1017.7;972.4;97;13;6;96;41200.0;0.19;2.09;8.0;26.6;95;30.3;27.4;23.4;18.6;0.086;0.086;0.106;0.132;0.222
Corte;42.3;9.15;28/05/2026;18:00;27.7;50;16.4;28.6;30;0.0;0.0;0.0;0.0;0.0;1;P2;Éclaircies;1017.8;972.2;7;7;0;0;41060.0;0.19;1.86;8.9;24.8;111;27.9;27.0;23.7;18.7;0.082;0.086;0.106;0.132;0.222
Corte;42.3;9.15;28/05/2026;19:00;26.5;52;15.8;27.5;0;0.0;0.0;0.0;0.0;0.0;0;P1;Ensoleillé;1017.8;972.1;0;0;0;0;41040.0;0.14;1.66;6.3;24.1;114;26.4;26.1;23.8;18.7;0.079;0.086;0.106;0.131;0.222
Corte;42.3;9.15;28/05/2026;20:00;24.8;59;16.2;26.3;0;0.0;0.0;0.0;0.0;0.0;0;P1;Ensoleillé;1018.1;972.1;0;0;0;0;40440.0;0.08;1.28;4.4;16.2;99;23.6;25.1;23.7;18.8;0.077;0.086;0.106;0.131;0.222
Corte;42.3;9.15;28/05/2026;21:00;22.2;71;16.7;24.3;0;0.0;0.0;0.0;0.0;0.0;1;P2;Éclaircies;1018.6;972.2;18;0;18;0;39560.0;0.02;0.77;1.1;9.7;72;19.9;23.5;23.5;18.8;0.077;0.086;0.106;0.131;0.222
Corte;42.3;9.15;28/05/2026;22:00;21.0;74;16.2;22.6;3;0.0;0.0;0.0;0.0;0.0;1;P2;Éclaircies;1019.2;972.6;15;0;15;0;39220.0;-0.0;0.65;3.1;3.2;306;18.5;21.9;23.2;18.8;0.077;0.086;0.106;0.131;0.222
Corte;42.3;9.15;28/05/2026;23:00;20.4;73;15.4;21.9;5;0.0;0.0;0.0;0.0;0.0;0;P1;Ensoleillé;1019.3;972.6;9;0;9;0;39220.0;-0.0;0.65;2.3;3.6;288;17.8;20.9;22.7;18.9;0.077;0.086;0.106;0.131;0.222
Corte;42.3;9.15;29/05/2026;00:00;19.9;74;15.1;21.5;3;0.0;0.0;0.0;0.0;0.0;1;P2;Éclaircies;1019.7;972.9;28;0;0;28;38800.0;-0.0;0.61;1.3;2.2;304;17.2;20.1;22.2;18.9;0.077;0.086;0.106;0.131;0.222
Corte;42.3;9.15;29/05/2026;01:00;20.0;73;15.0;21.2;0;0.0;0.0;0.0;0.0;0.0;2;P8;Éclaircies;1019.8;973.0;55;0;3;55;39340.0;-0.0;0.63;3.3;4.7;283;17.0;19.5;21.7;18.9;0.077;0.086;0.106;0.131;0.222
Corte;42.3;9.15;29/05/2026;02:00;20.1;72;14.9;21.3;3;0.0;0.0;0.0;0.0;0.0;3;P4;Nuageux;1019.5;972.7;98;0;13;97;39660.0;-0.0;0.66;2.5;4.7;278;16.7;19.1;21.2;18.9;0.078;0.086;0.106;0.131;0.222
Corte;42.3;9.15;29/05/2026;03:00;20.3;73;15.3;21.5;8;0.0;0.0;0.0;0.0;0.0;3;P4;Nuageux;1018.9;972.2;100;0;53;100;39640.0;-0.0;0.64;4.0;5.0;260;16.9;18.8;20.8;18.9;0.078;0.086;0.106;0.131;0.222
Corte;42.3;9.15;29/05/2026;04:00;19.9;75;15.4;21.4;13;0.0;0.0;0.0;0.0;0.0;3;P4;Nuageux;1018.9;972.1;100;0;32;100;38900.0;-0.0;0.58;1.9;4.3;158;16.8;18.6;20.4;18.9;0.078;0.086;0.106;0.131;0.222
Corte;42.3;9.15;29/05/2026;05:00;19.0;80;15.4;20.5;13;0.0;0.0;0.0;0.0;0.0;1;P2;Éclaircies;1019.5;972.5;17;0;16;1;36640.0;-0.0;0.44;2.4;4.3;207;16.0;18.4;20.1;18.9;0.078;0.086;0.106;0.131;0.222
Corte;42.3;9.15;29/05/2026;06:00;18.1;83;15.2;19.8;10;0.0;0.0;0.0;0.0;0.0;1;P2;Éclaircies;1020.2;973.1;33;0;33;0;34600.0;-0.0;0.35;0.5;3.6;225;15.0;17.8;19.8;18.9;0.078;0.086;0.106;0.131;0.222
Corte;42.3;9.15;29/05/2026;07:00;18.9;85;16.3;20.5;13;0.0;0.0;0.0;0.0;0.0;1;P2;Éclaircies;1020.5;973.5;22;0;14;10;32660.0;-0.0;0.33;3.8;4.3;253;18.4;17.7;19.4;18.9;0.079;0.086;0.106;0.131;0.222
Corte;42.3;9.15;29/05/2026;08:00;21.3;77;17.1;23.4;10;0.0;0.0;0.0;0.0;0.0;2;P8;Éclaircies;1020.8;974.1;62;34;46;2;33140.0;0.05;0.58;2.9;8.6;120;22.7;19.4;19.3;18.8;0.078;0.086;0.106;0.131;0.222
Corte;42.3;9.15;29/05/2026;09:00;23.1;67;16.6;24.6;0;0.0;0.0;0.0;0.0;0.0;3;P4;Nuageux;1020.8;974.4;100;0;14;100;37760.0;0.15;0.93;5.3;15.1;118;24.1;20.9;19.4;18.8;0.077;0.086;0.106;0.131;0.222
Corte;42.3;9.15;29/05/2026;10:00;24.5;58;15.7;25.4;0;0.0;0.0;0.0;0.0;0.0;3;P4;Nuageux;1020.7;974.5;100;0;4;100;40020.0;0.24;1.29;7.0;19.4;102;26.1;22.2;19.6;18.8;0.075;0.086;0.106;0.131;0.222
Corte;42.3;9.15;29/05/2026;11:00;25.4;48;13.6;26.1;3;0.0;0.0;0.0;0.0;0.0;3;P4;Nuageux;1021.1;975.1;100;0;7;100;41520.0;0.32;1.69;6.2;21.2;111;26.9;23.0;20.0;18.8;0.072;0.086;0.105;0.13;0.222
Corte;42.3;9.15;29/05/2026;12:00;25.7;47;13.6;26.1;0;0.0;0.0;0.0;0.0;0.0;3;P4;Nuageux;1021.1;975.1;100;2;3;100;41660.0;0.32;1.75;7.2;28.4;117;27.0;23.4;20.3;18.8;0.07;0.086;0.105;0.129;0.221
Corte;42.3;9.15;29/05/2026;13:00;26.0;49;14.5;26.4;20;0.0;0.0;0.0;0.0;0.0;3;P4;Nuageux;1021.1;975.1;100;1;6;100;41300.0;0.28;1.72;7.2;19.8;117;27.6;23.8;20.7;18.8;0.068;0.086;0.105;0.129;0.221
Corte;42.3;9.15;29/05/2026;14:00;26.2;50;14.9;26.8;45;0.0;0.0;0.0;0.0;0.0;3;P4;Nuageux;1020.7;974.8;100;19;35;100;41160.0;0.27;1.7;9.5;25.2;115;25.6;24.5;21.0;18.8;0.066;0.086;0.104;0.128;0.221
Corte;42.3;9.15;29/05/2026;15:00;25.3;56;15.9;26.2;35;0.3;0.0;0.3;0.0;0.0;80;P9;Averses;1021.0;974.9;100;30;73;100;40320.0;0.23;1.42;7.7;26.3;127;26.3;24.2;21.3;18.8;0.084;0.086;0.104;0.128;0.221
Corte;42.3;9.15;29/05/2026;16:00;25.2;58;16.4;26.4;33;0.0;0.0;0.0;0.0;0.0;3;P4;Nuageux;1020.9;974.8;100;30;55;100;39940.0;0.2;1.35;7.3;22.7;110;26.7;24.2;21.6;18.8;0.082;0.086;0.104;0.128;0.221
Corte;42.3;9.15;29/05/2026;17:00;24.8;62;17.0;26.2;33;0.0;0.0;0.0;0.0;0.0;3;P4;Nuageux;1020.7;974.6;100;51;83;100;39040.0;0.16;1.19;6.8;21.2;108;25.4;24.1;21.7;18.8;0.079;0.086;0.104;0.127;0.22
Corte;42.3;9.15;29/05/2026;18:00;23.7;70;17.9;26.1;18;0.5;0.0;0.5;0.0;0.0;80;P9;Averses;1021.0;974.7;100;4;86;100;37160.0;0.13;0.88;3.1;18.4;126;23.7;23.6;21.9;18.8;0.123;0.086;0.104;0.127;0.22
Corte;42.3;9.15;29/05/2026;19:00;22.8;76;18.4;25.3;8;0.5;0.0;0.5;0.0;0.0;80;P9;Averses;1021.2;974.8;100;15;59;100;34400.0;0.11;0.67;3.9;12.2;146;22.5;23.1;21.9;18.8;0.163;0.088;0.104;0.127;0.22
Corte;42.3;9.15;29/05/2026;20:00;22.1;82;18.9;25.0;5;0.0;0.0;0.0;0.0;0.0;3;P4;Nuageux;1021.3;974.7;100;1;1;100;32760.0;0.06;0.48;2.6;10.8;146;21.3;22.3;21.8;18.8;0.156;0.091;0.104;0.127;0.22
Corte;42.3;9.15;29/05/2026;21:00;20.7;85;18.1;23.5;0;0.0;0.0;0.0;0.0;0.0;3;P4;Nuageux;1021.3;974.5;100;1;0;100;32420.0;0.01;0.37;1.5;5.4;135;18.6;21.3;21.7;18.9;0.151;0.093;0.104;0.127;0.22
Corte;42.3;9.15;29/05/2026;22:00;19.5;88;17.4;21.8;0;0.0;0.0;0.0;0.0;0.0;3;P4;Nuageux;1021.8;974.8;100;0;0;100;28660.0;-0.0;0.27;2.2;2.2;270;17.1;20.1;21.4;18.9;0.147;0.095;0.104;0.127;0.22
Corte;42.3;9.15;29/05/2026;23:00;19.1;87;16.9;21.0;0;0.0;0.0;0.0;0.0;0.0;2;P8;Éclaircies;1022.0;974.9;79;0;0;79;30700.0;-0.0;0.29;3.3;4.3;276;16.2;19.1;21.0;18.9;0.144;0.096;0.104;0.127;0.22
Corte;42.3;9.15;30/05/2026;00:00;18.8;81;15.4;20.1;0;0.0;0.0;0.0;0.0;0.0;2;P8;Éclaircies;1022.1;975.0;42;0;0;42;36120.0;-0.0;0.41;3.6;5.0;270;15.2;18.1;20.5;18.8;0.144;0.097;0.104;0.127;0.22
Corte;42.3;9.15;30/05/2026;01:00;18.6;79;14.9;19.6;0;0.0;0.0;0.0;0.0;0.0;1;P2;Éclaircies;1022.0;974.9;39;0;0;39;37220.0;-0.0;0.45;4.7;5.4;270;14.7;17.5;20.0;18.8;0.141;0.098;0.104;0.127;0.22
Corte;42.3;9.15;30/05/2026;02:00;18.5;77;14.4;19.3;0;0.0;0.0;0.0;0.0;0.0;2;P8;Éclaircies;1021.6;974.5;49;0;0;49;37900.0;-0.0;0.49;4.7;5.8;279;14.2;17.0;19.6;18.8;0.139;0.1;0.104;0.127;0.22
Corte;42.3;9.15;30/05/2026;03:00;18.3;76;14.0;18.9;0;0.0;0.0;0.0;0.0;0.0;0;P1;Ensoleillé;1021.2;974.1;6;0;0;6;38660.0;-0.0;0.51;4.7;5.8;274;13.8;16.5;19.2;18.8;0.137;0.101;0.104;0.127;0.22
Corte;42.3;9.15;30/05/2026;04:00;18.1;75;13.6;18.5;0;0.0;0.0;0.0;0.0;0.0;0;P1;Ensoleillé;1021.0;973.8;0;0;0;0;39100.0;-0.0;0.52;5.1;6.1;266;13.3;16.1;18.8;18.8;0.135;0.102;0.104;0.127;0.22
Corte;42.3;9.15;30/05/2026;05:00;17.9;75;13.4;18.2;0;0.0;0.0;0.0;0.0;0.0;0;P1;Ensoleillé;1020.9;973.7;0;0;0;0;38940.0;-0.0;0.51;5.1;6.1;266;12.9;15.7;18.4;18.8;0.134;0.102;0.104;0.127;0.22
Corte;42.3;9.15;30/05/2026;06:00;17.6;75;13.1;17.8;0;0.0;0.0;0.0;0.0;0.0;0;P1;Ensoleillé;1021.1;973.9;0;0;0;0;38800.0;-0.0;0.5;5.4;6.5;266;12.5;15.3;18.0;18.7;0.132;0.103;0.104;0.127;0.22
Corte;42.3;9.15;30/05/2026;07:00;18.8;73;13.9;19.3;0;0.0;0.0;0.0;0.0;0.0;0;P1;Ensoleillé;1021.4;974.3;0;0;0;0;39120.0;0.01;0.59;5.4;9.0;262;16.5;15.4;17.7;18.7;0.131;0.104;0.104;0.127;0.22
Corte;42.3;9.15;30/05/2026;08:00;21.0;76;16.6;22.9;0;0.0;0.0;0.0;0.0;0.0;0;P1;Ensoleillé;1021.5;974.8;0;0;0;0;36420.0;0.07;0.6;2.3;9.4;252;21.9;17.6;17.6;18.6;0.128;0.104;0.104;0.127;0.22
Corte;42.3;9.15;30/05/2026;09:00;23.3;57;14.3;24.6;0;0.0;0.0;0.0;0.0;0.0;0;P1;Ensoleillé;1021.5;975.1;0;0;0;0;40480.0;0.22;1.23;0.5;5.8;135;23.7;19.6;17.8;18.6;0.124;0.105;0.104;0.127;0.22
Corte;42.3;9.15;30/05/2026;10:00;25.1;51;14.2;26.2;0;0.0;0.0;0.0;0.0;0.0;0;P1;Ensoleillé;1021.0;974.9;0;0;0;0;41260.0;0.33;1.56;3.1;10.8;111;26.5;21.2;18.2;18.6;0.118;0.105;0.103;0.127;0.22
Corte;42.3;9.15;30/05/2026;11:00;26.5;47;14.2;28.3;0;0.0;0.0;0.0;0.0;0.0;0;P1;Ensoleillé;1020.9;975.0;0;0;0;0;41660.0;0.4;1.83;5.4;16.2;110;28.4;22.8;18.7;18.5;0.112;0.104;0.103;0.126;0.22
Corte;42.3;9.15;30/05/2026;12:00;27.8;41;13.3;29.6;0;0.0;0.0;0.0;0.0;0.0;0;P1;Ensoleillé;1020.6;974.9;0;0;0;0;42400.0;0.41;2.2;7.4;20.5;113;29.8;24.1;19.3;18.5;0.105;0.104;0.103;0.125;0.219
Corte;42.3;9.15;30/05/2026;13:00;28.7;39;13.4;30.7;0;0.0;0.0;0.0;0.0;0.0;0;P1;Ensoleillé;1020.2;974.7;0;0;0;0;42660.0;0.38;2.4;8.7;24.1;114;30.8;25.3;20.0;18.5;0.099;0.104;0.102;0.125;0.219
Corte;42.3;9.15;30/05/2026;14:00;28.7;40;13.7;30.1;3;0.0;0.0;0.0;0.0;0.0;0;P1;Ensoleillé;1019.5;974.0;4;1;4;0;42420.0;0.32;2.36;11.5;31.0;104;29.8;26.0;20.6;18.5;0.094;0.103;0.102;0.124;0.219
Corte;42.3;9.15;30/05/2026;15:00;28.7;39;13.4;30.2;9;0.1;0.0;0.1;0.0;0.0;1;P2;Éclaircies;1018.9;973.4;8;1;7;0;42580.0;0.3;2.4;8.7;31.3;114;30.4;26.3;21.2;18.5;0.101;0.103;0.102;0.124;0.219
Corte;42.3;9.15;30/05/2026;16:00;28.6;38;12.9;29.0;17;0.0;0.0;0.0;0.0;0.0;2;P8;Éclaircies;1018.4;973.0;67;30;31;37;43160.0;0.26;2.43;9.8;26.6;118;29.7;26.4;21.7;18.5;0.096;0.103;0.102;0.123;0.218
Corte;42.3;9.15;30/05/2026;17:00;28.2;41;13.7;28.7;20;0.1;0.0;0.1;0.0;0.0;2;P8;Éclaircies;1018.3;972.8;51;33;37;0;42480.0;0.24;2.25;5.8;26.3;90;29.4;26.4;22.2;18.6;0.097;0.102;0.102;0.123;0.218
Corte;42.3;9.15;30/05/2026;18:00;27.6;43;13.9;27.7;15;0.0;0.0;0.0;0.0;0.0;1;P2;Éclaircies;1018.2;972.6;9;3;3;4;42300.0;0.2;2.1;7.6;20.2;93;27.8;26.1;22.5;18.6;0.093;0.102;0.102;0.123;0.218
Corte;42.3;9.15;30/05/2026;19:00;26.3;47;14.1;26.6;7;0.0;0.0;0.0;0.0;0.0;0;P1;Ensoleillé;1018.1;972.3;6;3;0;2;41700.0;0.14;1.82;7.0;20.2;102;25.8;25.4;22.7;18.6;0.09;0.102;0.102;0.122;0.218
Corte;42.3;9.15;30/05/2026;20:00;24.6;55;15.0;25.7;0;0.0;0.0;0.0;0.0;0.0;1;P2;Éclaircies;1018.4;972.4;24;4;0;20;41040.0;0.08;1.39;4.0;18.0;95;23.2;24.4;22.8;18.7;0.088;0.102;0.102;0.122;0.218
Corte;42.3;9.15;30/05/2026;21:00;22.3;67;15.8;24.2;0;0.0;0.0;0.0;0.0;0.0;3;P4;Nuageux;1018.5;972.1;100;0;0;100;40280.0;0.02;0.89;0.8;8.3;27;19.3;22.7;22.7;18.7;0.088;0.102;0.102;0.122;0.218
Corte;42.3;9.15;30/05/2026;22:00;21.2;71;15.8;22.5;0;0.0;0.0;0.0;0.0;0.0;3;P4;Nuageux;1018.9;972.3;100;0;0;100;39880.0;-0.0;0.73;4.7;5.4;293;18.1;21.1;22.3;18.7;0.088;0.101;0.102;0.122;0.218
Corte;42.3;9.15;30/05/2026;23:00;20.6;73;15.6;21.8;0;0.0;0.0;0.0;0.0;0.0;3;P4;Nuageux;1019.0;972.3;100;0;0;100;38280.0;0.01;0.66;5.1;10.4;274;19.0;20.4;21.9;18.7;0.088;0.101;0.102;0.122;0.218
Corte;42.3;9.15;31/05/2026;00:00;20.7;72;15.4;21.8;0;0.0;0.0;0.0;0.0;0.0;3;P4;Nuageux;1019.0;972.3;100;0;0;100;38040.0;0.01;0.68;4.7;10.8;279;19.4;20.4;21.5;18.7;0.088;0.101;0.102;0.122;0.218
Corte;42.3;9.15;31/05/2026;01:00;20.6;71;15.2;21.7;0;0.0;0.0;0.0;0.0;0.0;3;P4;Nuageux;1018.9;972.2;84;0;0;84;38720.0;0.01;0.7;4.8;10.8;257;18.7;20.1;21.2;18.8;0.088;0.101;0.102;0.122;0.218
Corte;42.3;9.15;31/05/2026;02:00;20.7;70;15.0;21.7;0;0.0;0.0;0.0;0.0;0.0;3;P4;Nuageux;1018.5;971.9;91;0;86;79;39100.0;0.01;0.73;4.7;10.1;266;18.7;19.9;20.9;18.8;0.087;0.101;0.102;0.122;0.218
Corte;42.3;9.15;31/05/2026;03:00;20.6;68;14.5;21.4;0;0.0;0.0;0.0;0.0;0.0;3;P4;Nuageux;1018.1;971.5;99;0;81;95;39680.0;0.01;0.78;4.3;9.0;270;17.8;19.6;20.6;18.8;0.087;0.101;0.102;0.122;0.218
Corte;42.3;9.15;31/05/2026;04:00;20.4;65;13.6;20.9;0;0.0;0.0;0.0;0.0;0.0;3;P4;Nuageux;1017.8;971.1;96;0;89;93;40400.0;0.01;0.84;4.7;7.9;270;17.3;19.1;20.4;18.8;0.087;0.1;0.102;0.122;0.218
Corte;42.3;9.15;31/05/2026;05:00;20.1;62;12.6;20.3;0;0.0;0.0;0.0;0.0;0.0;3;P4;Nuageux;1017.6;970.9;96;0;83;83;40980.0;0.01;0.9;4.7;7.9;274;16.6;18.6;20.1;18.8;0.087;0.1;0.102;0.122;0.218
Corte;42.3;9.15;31/05/2026;06:00;20.0;58;11.5;19.7;0;0.0;0.0;0.0;0.0;0.0;2;P8;Éclaircies;1017.5;970.8;72;0;49;47;41320.0;0.01;0.98;5.1;9.0;266;17.0;18.3;19.8;18.7;0.087;0.1;0.102;0.122;0.218
Corte;42.3;9.15;31/05/2026;07:00;20.9;57;12.0;20.9;0;0.0;0.0;0.0;0.0;0.0;1;P2;Éclaircies;1017.6;971.0;19;0;13;8;41480.0;0.03;1.06;4.0;9.0;265;18.9;18.4;19.5;18.7;0.086;0.1;0.102;0.122;0.218
Corte;42.3;9.15;31/05/2026;08:00;22.6;63;15.2;24.2;0;0.0;0.0;0.0;0.0;0.0;0;P1;Ensoleillé;1017.8;971.5;2;0;0;2;40200.0;0.06;1.01;0.5;6.8;135;23.2;19.9;19.4;18.7;0.086;0.1;0.102;0.122;0.218
Corte;42.3;9.15;31/05/2026;09:00;24.5;51;13.7;25.1;0;0.0;0.0;0.0;0.0;0.0;0;P1;Ensoleillé;1017.9;971.9;4;0;4;0;41260.0;0.2;1.5;3.7;11.5;79;25.8;21.5;19.6;18.7;0.084;0.099;0.102;0.122;0.218
Corte;42.3;9.15;31/05/2026;10:00;26.1;49;14.5;27.2;0;0.0;0.0;0.0;0.0;0.0;0;P1;Ensoleillé;1017.7;971.9;0;0;0;0;41300.0;0.28;1.72;4.0;12.2;95;28.0;22.9;19.9;18.7;0.081;0.099;0.102;0.121;0.218
Corte;42.3;9.15;31/05/2026;11:00;27.9;41;13.5;29.3;0;0.0;0.0;0.0;0.0;0.0;0;P1;Ensoleillé;1017.4;971.9;3;3;0;0;42460.0;0.35;2.22;6.2;17.6;97;30.0;24.4;20.3;18.7;0.078;0.099;0.102;0.121;0.217
Corte;42.3;9.15;31/05/2026;12:00;28.9;39;13.6;30.5;22;0.0;0.0;0.0;0.0;0.0;2;P8;Éclaircies;1017.2;971.9;74;11;63;0;42820.0;0.36;2.43;7.4;21.6;113;30.9;25.5;20.8;18.7;0.075;0.098;0.102;0.12;0.217
Corte;42.3;9.15;31/05/2026;13:00;28.0;52;17.3;30.2;28;0.2;0.0;0.2;0.0;0.0;3;P4;Nuageux;1017.4;971.9;97;63;51;89;40780.0;0.31;1.82;10.2;28.1;129;28.8;26.1;21.3;18.7;0.087;0.098;0.101;0.12;0.217
Corte;42.3;9.15;31/05/2026;14:00;26.5;64;19.1;29.9;33;0.8;0.0;0.8;0.0;0.0;95;P10;Orageux;1017.7;972.0;100;32;17;100;37600.0;0.33;1.24;4.9;27.7;144;28.9;25.6;21.8;18.7;0.149;0.099;0.101;0.119;0.216
Corte;42.3;9.15;31/05/2026;15:00;26.7;61;18.5;30.3;38;0.4;0.0;0.4;0.0;0.0;80;P9;Averses;1017.3;971.6;100;40;8;100;39020.0;0.33;1.36;3.9;18.4;146;28.9;26.0;22.1;18.7;0.165;0.101;0.101;0.119;0.216
Corte;42.3;9.15;31/05/2026;16:00;26.5;61;18.3;29.0;42;0.3;0.0;0.3;0.0;0.0;80;P9;Averses;1016.4;970.7;100;55;43;100;39300.0;0.29;1.35;4.7;18.7;157;27.4;25.9;22.4;18.7;0.168;0.103;0.101;0.119;0.216
Corte;42.3;9.15;31/05/2026;17:00;26.4;65;19.3;29.2;47;0.3;0.0;0.3;0.0;0.0;80;P9;Averses;1015.8;970.1;100;39;0;100;38260.0;0.25;1.2;4.9;22.0;144;27.6;25.6;22.7;18.8;0.178;0.107;0.101;0.118;0.216
Corte;42.3;9.15;31/05/2026;18:00;25.6;67;19.0;28.5;50;0.5;0.0;0.5;0.0;0.0;80;P9;Averses;1015.6;969.8;100;42;0;100;38080.0;0.22;1.08;3.3;21.6;139;25.8;25.3;22.8;18.8;0.205;0.112;0.101;0.118;0.216
Corte;42.3;9.15;31/05/2026;19:00;25.0;67;18.5;27.4;51;0.3;0.0;0.3;0.0;0.0;80;P9;Averses;1015.7;969.8;100;36;0;100;38780.0;0.17;1.05;4.8;16.2;77;24.5;24.6;22.9;18.8;0.208;0.121;0.101;0.118;0.216
Corte;42.3;9.15;31/05/2026;20:00;24.1;71;18.5;26.7;50;0.0;0.0;0.0;0.0;0.0;3;P4;Nuageux;1015.8;969.8;100;21;0;100;37800.0;0.09;0.87;3.4;12.2;122;22.9;23.9;22.8;18.9;0.193;0.127;0.101;0.118;0.216
Corte;42.3;9.15;31/05/2026;21:00;23.1;66;16.4;25.0;45;0.0;0.0;0.0;0.0;0.0;1;P2;Éclaircies;1015.9;969.7;70;14;0;70;39520.0;0.06;0.96;1.6;9.7;153;20.7;22.6;22.6;18.9;0.189;0.131;0.101;0.118;0.216
Corte;42.3;9.15;31/05/2026;22:00;22.0;58;13.4;22.7;36;0.0;0.0;0.0;0.0;0.0;1;P2;Éclaircies;1016.1;969.8;40;7;0;40;41260.0;0.03;1.11;2.9;7.2;240;18.3;21.1;22.3;18.9;0.18;0.134;0.102;0.118;0.216
Corte;42.3;9.15;31/05/2026;23:00;21.2;52;10.9;20.7;26;0.0;0.0;0.0;0.0;0.0;1;P2;Éclaircies;1016.1;969.6;10;0;0;10;42980.0;0.02;1.21;5.2;6.1;254;16.5;19.7;21.9;18.9;0.173;0.136;0.102;0.118;0.216
Corte;42.3;9.15;01/06/2026;00:00;20.7;49;9.6;19.6;15;0.0;0.0;0.0;0.0;0.0;1;P2;Éclaircies;1015.9;969.4;10;0;0;10;43360.0;0.02;1.24;6.4;7.2;254;15.7;18.8;21.4;18.9;0.169;0.138;0.102;0.118;0.216
Corte;42.3;9.15;01/06/2026;01:00;20.4;47;8.7;19.1;6;0.0;0.0;0.0;0.0;0.0;1;P2;Éclaircies;1015.5;969.0;11;0;0;11;43760.0;0.02;1.27;6.5;9.4;251;15.5;18.0;20.8;18.9;0.165;0.139;0.102;0.118;0.216
Corte;42.3;9.15;01/06/2026;02:00;20.2;47;8.5;18.9;0;0.0;0.0;0.0;0.0;0.0;1;P2;Éclaircies;1015.1;968.5;11;0;0;11;44140.0;0.02;1.26;6.2;10.4;249;15.3;17.4;20.3;18.9;0.162;0.14;0.102;0.118;0.216
Corte;42.3;9.15;01/06/2026;03:00;19.9;51;9.5;19.0;0;0.0;0.0;0.0;0.0;0.0;3;P4;Nuageux;1014.6;968.0;40;0;0;40;43220.0;0.02;1.14;5.5;8.6;247;14.5;16.9;19.8;18.9;0.159;0.141;0.102;0.118;0.216
Corte;42.3;9.15;01/06/2026;04:00;19.7;58;11.2;19.5;0;0.0;0.0;0.0;0.0;0.0;3;P4;Nuageux;1014.1;967.5;69;0;0;69;42280.0;0.01;0.97;4.0;6.1;243;13.6;16.4;19.4;18.9;0.157;0.141;0.103;0.118;0.216
Corte;42.3;9.15;01/06/2026;05:00;19.9;63;12.6;20.3;0;0.0;0.0;0.0;0.0;0.0;3;P4;Nuageux;1013.8;967.2;98;0;0;98;41360.0;0.01;0.86;2.9;4.0;240;14.0;16.3;19.0;18.9;0.155;0.141;0.103;0.118;0.216
Corte;42.3;9.15;01/06/2026;06:00;20.6;65;13.8;21.5;0;0.0;0.0;0.0;0.0;0.0;2;P8;Éclaircies;1013.7;967.3;90;0;0;90;41180.0;-0.0;0.85;1.8;3.2;217;16.4;16.6;18.6;18.9;0.154;0.141;0.103;0.118;0.216
Corte;42.3;9.15;01/06/2026;07:00;21.7;66;15.1;23.2;0;0.0;0.0;0.0;0.0;0.0;2;P8;Éclaircies;1013.8;967.5;83;0;0;83;41020.0;0.0;0.88;1.4;3.6;180;20.1;17.2;18.3;18.8;0.154;0.141;0.103;0.118;0.216
Corte;42.3;9.15;01/06/2026;08:00;23.1;64;15.9;24.9;0;0.0;0.0;0.0;0.0;0.0;2;P8;Éclaircies;1013.8;967.7;75;0;0;75;40840.0;0.01;1.02;1.9;5.0;158;23.4;18.3;18.2;18.8;0.152;0.141;0.103;0.118;0.216
Corte;42.3;9.15;01/06/2026;09:00;25.0;58;16.2;26.8;0;0.0;0.0;0.0;0.0;0.0;2;P8;Éclaircies;1013.6;967.8;68;0;0;68;41400.0;0.1;1.33;2.5;7.9;180;26.0;20.0;18.4;18.8;0.147;0.14;0.103;0.118;0.216
Corte;42.3;9.15;01/06/2026;10:00;27.2;50;15.9;28.7;0;0.0;0.0;0.0;0.0;0.0;2;P8;Éclaircies;1013.3;967.9;61;0;0;61;41940.0;0.23;1.81;3.8;12.2;197;28.4;22.2;18.9;18.8;0.141;0.139;0.102;0.117;0.215
Corte;42.3;9.15;01/06/2026;11:00;28.9;43;15.1;30.8;0;0.0;0.0;0.0;0.0;0.0;2;P8;Éclaircies;1013.1;967.9;54;0;0;54;42500.0;0.33;2.27;5.3;16.2;208;30.2;24.1;19.4;18.7;0.134;0.138;0.102;0.117;0.215
Corte;42.3;9.15;01/06/2026;12:00;29.9;39;14.4;32.0;0;0.0;0.0;0.0;0.0;0.0;2;P8;Éclaircies;1012.9;967.9;61;0;0;61;43100.0;0.38;2.57;6.9;20.5;219;31.4;25.5;20.1;18.7;0.126;0.136;0.102;0.116;0.215
Corte;42.3;9.15;01/06/2026;13:00;30.3;35;13.2;32.3;0;0.0;0.0;0.0;0.0;0.0;2;P8;Éclaircies;1012.8;967.9;68;0;0;68;43720.0;0.41;2.81;8.1;24.8;225;32.1;26.6;20.8;18.7;0.117;0.134;0.101;0.116;0.214
Corte;42.3;9.15;01/06/2026;14:00;30.5;33;12.4;32.2;0;0.0;0.0;0.0;0.0;0.0;2;P8;Éclaircies;1012.6;967.7;75;0;0;75;44320.0;0.41;2.93;9.4;27.7;230;32.4;27.4;21.5;18.7;0.109;0.132;0.101;0.115;0.214
Corte;42.3;9.15;01/06/2026;15:00;30.6;32;12.0;31.9;1;0.0;0.0;0.0;0.0;0.0;0;P1;Ensoleillé;1012.3;967.4;51;0;0;51;44680.0;0.39;2.98;9.7;28.4;231;32.3;27.9;22.1;18.7;0.102;0.13;0.101;0.115;0.214
Corte;42.3;9.15;01/06/2026;16:00;30.4;31;11.4;31.0;2;0.0;0.0;0.0;0.0;0.0;0;P1;Ensoleillé;1012.0;967.1;26;0;0;26;45040.0;0.34;2.99;9.7;27.7;231;31.7;28.1;22.7;18.7;0.097;0.129;0.101;0.114;0.214
Corte;42.3;9.15;01/06/2026;17:00;29.7;32;11.3;29.7;3;0.0;0.0;0.0;0.0;0.0;0;P1;Ensoleillé;1011.8;966.8;2;0;0;2;45400.0;0.29;2.84;9.2;26.6;231;30.5;27.9;23.2;18.8;0.092;0.127;0.101;0.114;0.214
Corte;42.3;9.15;01/06/2026;18:00;28.5;34;11.1;27.6;4;0.0;0.0;0.0;0.0;0.0;0;P1;Ensoleillé;1011.9;966.7;2;0;0;2;44740.0;0.25;2.56;8.4;25.6;230;28.5;27.3;23.5;18.8;0.088;0.126;0.101;0.114;0.214
Corte;42.3;9.15;01/06/2026;19:00;26.9;38;11.4;26.2;5;0.0;0.0;0.0;0.0;0.0;0;P1;Ensoleillé;1012.2;966.8;1;0;0;1;44080.0;0.2;2.19;7.6;23.8;225;25.9;26.4;23.7;18.9;0.086;0.124;0.101;0.113;0.213
Corte;42.3;9.15;01/06/2026;20:00;25.2;40;10.7;24.5;5;0.0;0.0;0.0;0.0;0.0;0;P1;Ensoleillé;1012.5;966.8;1;0;0;1;43420.0;0.16;1.93;6.6;21.6;225;23.5;25.2;23.7;18.9;0.084;0.123;0.101;0.113;0.213
Corte;42.3;9.15;01/06/2026;21:00;23.6;39;8.9;22.5;5;0.0;0.0;0.0;0.0;0.0;3;P4;Nuageux;1012.9;967.0;34;0;0;34;44580.0;0.12;1.78;5.9;18.4;232;21.3;23.9;23.5;19.0;0.083;0.122;0.101;0.113;0.213
Corte;42.3;9.15;01/06/2026;22:00;22.1;36;6.3;20.4;4;0.0;0.0;0.0;0.0;0.0;3;P4;Nuageux;1013.4;967.2;67;0;0;67;45740.0;0.07;1.7;5.3;14.8;242;19.3;22.3;23.2;19.0;0.082;0.122;0.101;0.113;0.213
Corte;42.3;9.15;01/06/2026;23:00;20.8;35;4.8;18.8;3;0.0;0.0;0.0;0.0;0.0;3;P4;Nuageux;1013.7;967.3;100;0;0;100;46900.0;0.04;1.6;4.9;11.5;253;17.6;20.9;22.7;19.0;0.082;0.121;0.101;0.113;0.213
Corte;42.3;9.15;02/06/2026;00:00;20.1;38;5.4;18.3;2;0.0;0.0;0.0;0.0;0.0;2;P8;Éclaircies;1013.8;967.3;93;0;0;93;46100.0;0.02;1.46;4.5;8.6;256;16.3;19.8;22.2;19.0;0.082;0.12;0.101;0.113;0.213
Corte;42.3;9.15;02/06/2026;01:00;19.7;43;6.8;18.4;1;0.0;0.0;0.0;0.0;0.0;2;P8;Éclaircies;1013.8;967.2;85;0;0;85;45320.0;0.02;1.31;3.7;5.8;259;15.2;18.8;21.7;19.1;0.083;0.12;0.101;0.113;0.213
Corte;42.3;9.15;02/06/2026;02:00;19.3;48;8.0;18.3;0;0.0;0.0;0.0;0.0;0.0;2;P8;Éclaircies;1013.7;967.1;78;0;0;78;44520.0;0.01;1.17;3.3;4.0;257;14.2;17.9;21.1;19.1;0.084;0.119;0.101;0.113;0.213
Corte;42.3;9.15;02/06/2026;03:00;18.6;52;8.5;17.8;0;0.0;0.0;0.0;0.0;0.0;2;P8;Éclaircies;1013.6;966.9;70;0;0;70;43660.0;-0.0;1.03;3.0;2.9;256;13.1;17.0;20.5;19.1;0.085;0.118;0.101;0.113;0.213
Corte;42.3;9.15;02/06/2026;04:00;17.8;56;8.9;17.1;0;0.0;0.0;0.0;0.0;0.0;2;P8;Éclaircies;1013.4;966.5;63;0;0;63;42780.0;-0.0;0.9;2.6;2.5;254;12.1;16.3;19.9;19.0;0.086;0.118;0.101;0.113;0.213
Corte;42.3;9.15;02/06/2026;05:00;17.4;59;9.3;17.0;0;0.0;0.0;0.0;0.0;0.0;2;P8;Éclaircies;1013.3;966.4;55;0;0;55;41920.0;-0.0;0.82;1.9;2.9;248;12.3;15.9;19.4;19.0;0.087;0.117;0.101;0.113;0.213
Corte;42.3;9.15;02/06/2026;06:00;17.7;63;10.5;17.7;0;0.0;0.0;0.0;0.0;0.0;3;P4;Nuageux;1013.4;966.5;70;0;4;70;41200.0;-0.0;0.75;0.8;3.2;243;14.4;15.9;18.9;19.0;0.088;0.117;0.101;0.113;0.213
Corte;42.3;9.15;02/06/2026;07:00;18.4;66;12.0;18.9;0;0.0;0.0;0.0;0.0;0.0;3;P4;Nuageux;1013.5;966.7;85;0;8;85;40460.0;-0.0;0.72;0.8;4.3;117;17.7;16.4;18.4;19.0;0.089;0.117;0.102;0.113;0.213
Corte;42.3;9.15;02/06/2026;08:00;19.7;66;13.1;20.4;0;0.0;0.0;0.0;0.0;0.0;3;P4;Nuageux;1013.5;966.9;100;0;12;100;39740.0;0.02;0.78;2.2;6.5;99;20.9;17.3;18.2;18.9;0.089;0.116;0.102;0.113;0.213
Corte;42.3;9.15;02/06/2026;09:00;21.9;60;13.8;22.5;0;0.0;0.0;0.0;0.0;0.0;1;P2;Éclaircies;1013.3;967.1;76;0;17;67;40600.0;0.09;1.05;3.9;10.1;112;23.8;19.0;18.3;18.9;0.088;0.115;0.102;0.113;0.213
Corte;42.3;9.15;02/06/2026;10:00;24.6;51;13.8;24.9;1;0.0;0.0;0.0;0.0;0.0;1;P2;Éclaircies;1013.0;967.2;51;0;22;33;41460.0;0.17;1.51;5.8;14.4;120;26.7;21.0;18.6;18.9;0.086;0.113;0.101;0.112;0.213
Corte;42.3;9.15;02/06/2026;11:00;26.8;43;13.2;27.4;2;0.0;0.0;0.0;0.0;0.0;1;P2;Éclaircies;1012.6;967.1;27;0;27;0;42320.0;0.25;2.01;6.1;19.1;130;28.9;22.9;19.0;18.8;0.083;0.112;0.101;0.112;0.213
Corte;42.3;9.15;02/06/2026;12:00;28.1;38;12.5;29.4;2;0.0;0.0;0.0;0.0;0.0;2;P8;Éclaircies;1012.3;967.1;31;4;29;0;40625.0;0.3;2.36;5.5;24.8;182;30.5;24.9;20.2;19.0;0.073;0.108;0.101;0.11;0.214
Corte;42.3;9.15;02/06/2026;13:00;28.8;36;12.2;30.1;2;0.0;0.0;0.0;0.0;0.0;2;P8;Éclaircies;1012.0;966.9;38;14;32;0;31850.0;0.34;2.53;8.1;28.4;227;31.2;26.5;21.4;19.1;0.065;0.103;0.101;0.109;0.213
Corte;42.3;9.15;02/06/2026;14:00;28.9;36;12.2;29.9;3;0.0;0.0;0.0;0.0;0.0;2;P8;Éclaircies;1011.8;966.7;48;30;36;0;15970.0;0.36;2.56;10.1;30.8;241;31.3;27.4;22.3;19.3;0.058;0.1;0.1;0.107;0.214
Corte;42.3;9.15;02/06/2026;15:00;28.3;39;13.0;28.9;4;0.0;0.0;0.0;0.0;0.0;3;P4;Nuageux;1011.6;966.4;65;33;54;4;20440.0;0.0;2.34;10.9;33.5;243;30.6;27.6;23.2;19.5;0.052;0.097;0.1;0.106;0.215
Corte;42.3;9.15;02/06/2026;16:00;27.4;43;13.7;27.3;5;0.0;0.0;0.0;0.0;0.0;3;P4;Nuageux;1011.3;966.0;83;27;77;8;34180.0;0.0;2.08;11.4;36.4;242;29.3;27.1;23.5;19.5;0.051;0.096;0.1;0.106;0.214
Corte;42.3;9.15;02/06/2026;17:00;26.4;47;14.2;26.0;6;0.0;0.0;0.0;0.0;0.0;3;P4;Nuageux;1011.1;965.7;100;21;100;12;47900.0;0.0;1.82;11.9;38.2;241;27.8;26.5;23.7;19.5;0.05;0.096;0.1;0.106;0.214
Corte;42.3;9.15;02/06/2026;18:00;25.2;50;14.1;24.9;8;0.0;0.0;0.0;0.0;0.0;3;P4;Nuageux;1011.1;965.5;100;14;80;41;47900.0;0.0;1.61;11.4;37.4;242;25.9;25.7;23.7;19.5;0.05;0.096;0.1;0.106;0.214
Corte;42.3;9.15;02/06/2026;19:00;24.0;52;13.5;23.6;9;0.0;0.0;0.0;0.0;0.0;3;P4;Nuageux;1011.1;965.3;100;7;59;71;47900.0;0.0;1.43;10.6;35.6;242;23.8;24.9;23.7;19.6;0.05;0.095;0.1;0.106;0.214
Corte;42.3;9.15;02/06/2026;20:00;22.9;53;12.8;22.4;11;0.0;0.0;0.0;0.0;0.0;3;P4;Nuageux;1011.2;965.2;100;0;39;100;47900.0;0.0;1.31;9.7;33.5;243;22.2;24.0;23.6;19.6;0.05;0.095;0.1;0.106;0.214
Corte;42.3;9.15;02/06/2026;21:00;22.1;54;12.3;21.5;12;0.0;0.0;0.0;0.0;0.0;3;P4;Nuageux;1011.3;965.2;100;7;56;100;46740.0;0.0;1.22;9.4;31.0;247;21.2;23.2;23.3;19.6;0.05;0.095;0.1;0.106;0.214
Corte;42.3;9.15;02/06/2026;22:00;21.4;54;11.7;20.6;14;0.0;0.0;0.0;0.0;0.0;3;P4;Nuageux;1011.4;965.2;100;15;72;100;45560.0;0.0;1.18;9.6;28.4;250;20.7;22.3;23.0;19.6;0.05;0.095;0.1;0.106;0.214
Corte;42.3;9.15;02/06/2026;23:00;20.9;54;11.3;19.9;15;0.0;0.0;0.0;0.0;0.0;3;P4;Nuageux;1011.4;965.1;100;22;89;100;44400.0;0.0;1.14;9.8;27.0;253;20.4;21.7;22.7;19.7;0.05;0.095;0.1;0.106;0.214
Corte;42.3;9.15;03/06/2026;00:00;20.6;54;11.0;19.5;16;0.0;0.0;0.0;0.0;0.0;3;P4;Nuageux;1011.2;964.9;100;18;93;100;43400.0;0.0;1.12;9.9;27.4;251;20.1;21.3;22.4;19.7;0.05;0.095;0.1;0.106;0.214
Corte;42.3;9.15;03/06/2026;01:00;20.5;55;11.2;19.4;17;0.0;0.0;0.0;0.0;0.0;3;P4;Nuageux;1010.8;964.5;100;15;96;100;42420.0;0.0;1.09;10.2;28.8;247;20.0;21.1;22.1;19.7;0.05;0.094;0.1;0.106;0.214
Corte;42.3;9.15;03/06/2026;02:00;20.4;55;11.1;19.2;18;0.0;0.0;0.0;0.0;0.0;3;P4;Nuageux;1010.5;964.2;100;11;100;100;41420.0;0.0;1.08;10.5;30.2;243;19.9;20.9;21.8;19.7;0.05;0.094;0.1;0.106;0.214
Corte;42.3;9.15;03/06/2026;03:00;20.3;55;11.0;19.0;19;0.0;0.0;0.0;0.0;0.0;2;P8;Éclaircies;1010.2;963.9;83;15;80;67;40680.0;0.0;1.07;10.8;32.0;244;19.6;20.7;21.6;19.7;0.05;0.094;0.1;0.106;0.214
Corte;42.3;9.15;03/06/2026;04:00;20.2;55;10.9;18.8;19;0.0;0.0;0.0;0.0;0.0;2;P8;Éclaircies;1009.8;963.5;66;18;61;33;39960.0;0.0;1.06;11.4;33.8;246;19.4;20.5;21.4;19.7;0.05;0.093;0.1;0.106;0.214
Corte;42.3;9.15;03/06/2026;05:00;20.2;54;10.6;18.7;19;0.0;0.0;0.0;0.0;0.0;2;P8;Éclaircies;1009.6;963.3;49;22;41;0;39220.0;0.0;1.09;11.6;35.3;248;19.5;20.4;21.2;19.7;0.05;0.093;0.1;0.106;0.214
Corte;42.3;9.15;03/06/2026;06:00;20.3;52;10.2;18.7;20;0.0;0.0;0.0;0.0;0.0;0;P1;Ensoleillé;1009.6;963.3;33;15;27;0;31440.0;0.0;1.15;11.6;35.3;248;20.1;20.3;21.0;19.7;0.05;0.093;0.1;0.106;0.214
Corte;42.3;9.15;03/06/2026;07:00;20.6;49;9.5;18.8;20;0.0;0.0;0.0;0.0;0.0;0;P1;Ensoleillé;1009.8;963.5;16;7;14;0;23660.0;0.0;1.24;11.2;34.9;249;21.1;20.3;20.8;19.6;0.049;0.092;0.1;0.106;0.214
Corte;42.3;9.15;03/06/2026;08:00;21.0;46;9.0;19.1;20;0.0;0.0;0.0;0.0;0.0;0;P1;Ensoleillé;1009.9;963.7;0;0;0;0;15880.0;0.0;1.35;11.2;35.3;249;22.2;20.5;20.7;19.6;0.049;0.092;0.1;0.106;0.214
Corte;42.3;9.15;03/06/2026;09:00;21.7;43;8.6;19.6;20;0.0;0.0;0.0;0.0;0.0;0;P1;Ensoleillé;1009.9;963.8;0;0;0;0;26580.0;0.0;1.48;11.8;37.4;250;23.6;21.3;20.7;19.6;0.049;0.092;0.1;0.106;0.214
Corte;42.3;9.15;03/06/2026;10:00;22.6;41;8.7;20.5;20;0.0;0.0;0.0;0.0;0.0;0;P1;Ensoleillé;1009.9;963.9;0;0;0;0;37260.0;0.0;1.62;12.8;40.7;254;25.1;22.4;20.8;19.6;0.048;0.092;0.1;0.105;0.213
Corte;42.3;9.15;03/06/2026;11:00;23.5;38;8.4;22.1;20;0.0;0.0;0.0;0.0;0.0;0;P1;Ensoleillé;1009.9;964.1;0;0;0;0;47960.0;0.0;1.79;13.4;42.8;256;26.6;23.4;21.0;19.6;0.048;0.092;0.1;0.105;0.213
Corte;42.3;9.15;03/06/2026;12:00;24.5;35;8.0;23.7;19;0.0;0.0;0.0;0.0;0.0;0;P1;Ensoleillé;1009.8;964.1;0;0;0;0;47980.0;0.0;2.0;13.2;43.6;259;28.2;24.4;21.3;19.6;0.047;0.092;0.1;0.105;0.213
Corte;42.3;9.15;03/06/2026;13:00;25.5;32;7.6;25.1;19;0.0;0.0;0.0;0.0;0.0;0;P1;Ensoleillé;1009.7;964.2;0;0;0;0;48000.0;0.0;2.22;13.1;43.6;262;29.7;25.3;21.7;19.6;0.046;0.091;0.1;0.105;0.212
Corte;42.3;9.15;03/06/2026;14:00;26.2;30;7.3;25.9;18;0.0;0.0;0.0;0.0;0.0;0;P1;Ensoleillé;1009.6;964.2;0;0;0;0;48020.0;0.0;2.39;12.7;42.5;263;30.5;26.0;22.0;19.6;0.045;0.091;0.1;0.105;0.212
Corte;42.3;9.15;03/06/2026;15:00;26.5;29;7.0;26.2;17;0.0;0.0;0.0;0.0;0.0;0;P1;Ensoleillé;1009.5;964.1;0;0;0;0;48020.0;0.0;2.46;12.0;40.0;263;30.4;26.4;22.4;19.6;0.044;0.091;0.1;0.105;0.212
Corte;42.3;9.15;03/06/2026;16:00;26.4;29;7.0;25.9;16;0.0;0.0;0.0;0.0;0.0;0;P1;Ensoleillé;1009.5;964.1;0;0;0;0;48020.0;0.0;2.45;11.3;36.7;261;29.6;26.7;22.8;19.6;0.043;0.09;0.1;0.104;0.212
Corte;42.3;9.15;03/06/2026;17:00;25.9;31;7.5;24.9;14;0.0;0.0;0.0;0.0;0.0;0;P1;Ensoleillé;1009.7;964.2;0;0;0;0;48040.0;0.0;2.3;10.7;33.5;258;28.1;26.5;23.1;19.6;0.043;0.09;0.1;0.104;0.212
Corte;42.3;9.15;03/06/2026;18:00;24.6;35;8.1;22.9;12;0.0;0.0;0.0;0.0;0.0;1;P2;Éclaircies;1010.2;964.5;12;0;0;12;48040.0;0.0;2.01;9.8;31.0;253;25.8;25.8;23.3;19.7;0.043;0.09;0.1;0.104;0.212
Corte;42.3;9.15;03/06/2026;19:00;22.8;41;8.9;21.2;10;0.0;0.0;0.0;0.0;0.0;1;P2;Éclaircies;1010.8;964.8;25;0;0;25;48040.0;0.0;1.64;9.2;29.2;244;22.8;24.6;23.4;19.7;0.043;0.089;0.1;0.104;0.211
Corte;42.3;9.15;03/06/2026;20:00;21.3;46;9.2;19.7;9;0.0;0.0;0.0;0.0;0.0;1;P2;Éclaircies;1011.5;965.3;37;0;0;37;48040.0;0.0;1.37;9.2;27.4;239;20.4;23.4;23.3;19.7;0.043;0.089;0.1;0.104;0.211
Corte;42.3;9.15;03/06/2026;21:00;20.1;48;8.8;18.5;7;0.0;0.0;0.0;0.0;0.0;1;P2;Éclaircies;1012.2;965.8;28;0;0;28;48040.0;0.0;1.23;9.3;26.3;242;19.1;22.2;23.0;19.7;0.043;0.089;0.1;0.104;0.211
Corte;42.3;9.15;03/06/2026;22:00;19.1;48;7.9;17.1;5;0.0;0.0;0.0;0.0;0.0;1;P2;Éclaircies;1012.8;966.2;20;0;0;20;48020.0;0.0;1.15;9.9;25.6;251;18.4;21.0;22.6;19.8;0.043;0.089;0.1;0.104;0.211
Corte;42.3;9.15;03/06/2026;23:00;18.5;48;7.3;16.3;3;0.0;0.0;0.0;0.0;0.0;1;P2;Éclaircies;1013.3;966.6;11;0;0;11;48020.0;0.0;1.11;10.4;24.8;256;17.9;20.1;22.1;19.8;0.043;0.089;0.1;0.104;0.211
Corte;42.3;9.15;04/06/2026;00:00;18.3;47;6.8;16.1;2;0.0;0.0;0.0;0.0;0.0;0;P1;Ensoleillé;1013.5;966.7;7;0;0;7;48020.0;0.0;1.12;10.0;23.4;255;17.6;19.7;21.7;19.8;0.043;0.089;0.1;0.104;0.211
Corte;42.3;9.15;04/06/2026;01:00;18.5;45;6.3;16.2;1;0.0;0.0;0.0;0.0;0.0;0;P1;Ensoleillé;1013.6;966.8;4;0;0;4;48000.0;0.0;1.17;9.4;22.0;252;17.5;19.5;21.4;19.7;0.043;0.088;0.1;0.104;0.211
Corte;42.3;9.15;04/06/2026;02:00;18.6;44;6.1;16.3;0;0.0;0.0;0.0;0.0;0.0;0;P1;Ensoleillé;1013.6;966.9;0;0;0;0;48000.0;0.0;1.2;9.2;21.2;249;17.5;19.4;21.0;19.7;0.043;0.088;0.1;0.104;0.211
Corte;42.3;9.15;04/06/2026;03:00;18.3;46;6.5;16.1;0;0.0;0.0;0.0;0.0;0.0;0;P1;Ensoleillé;1013.6;966.8;0;0;0;0;48000.0;0.0;1.14;9.6;22.0;250;17.1;19.1;20.7;19.7;0.043;0.088;0.1;0.104;0.211
Corte;42.3;9.15;04/06/2026;04:00;18.0;50;7.5;15.9;0;0.0;0.0;0.0;0.0;0.0;0;P1;Ensoleillé;1013.5;966.7;0;0;0;0;48000.0;0.0;1.04;10.2;23.4;252;16.8;18.7;20.4;19.7;0.044;0.088;0.1;0.104;0.211
Corte;42.3;9.15;04/06/2026;05:00;18.2;52;8.2;16.2;0;0.0;0.0;0.0;0.0;0.0;0;P1;Ensoleillé;1013.4;966.6;0;0;0;0;48020.0;0.0;1.0;10.5;24.1;254;17.2;18.6;20.2;19.7;0.044;0.088;0.1;0.104;0.211
Corte;42.3;9.15;04/06/2026;06:00;19.0;49;8.0;17.1;1;0.0;0.0;0.0;0.0;0.0;3;P4;Nuageux;1013.5;966.8;28;0;0;28;48020.0;0.0;1.12;9.7;23.4;255;18.5;18.7;19.9;19.7;0.044;0.088;0.1;0.104;0.211
Corte;42.3;9.15;04/06/2026;07:00;20.2;45;7.9;18.5;2;0.0;0.0;0.0;0.0;0.0;3;P4;Nuageux;1013.6;967.1;55;0;0;55;48020.0;0.0;1.31;8.2;22.0;255;20.6;18.9;19.7;19.7;0.044;0.087;0.099;0.104;0.211
Corte;42.3;9.15;04/06/2026;08:00;21.6;41;7.8;20.0;3;0.0;0.0;0.0;0.0;0.0;3;P4;Nuageux;1013.6;967.3;83;0;0;83;48020.0;0.0;1.52;6.8;20.9;252;22.7;19.6;19.7;19.6;0.044;0.087;0.099;0.104;0.211
Corte;42.3;9.15;04/06/2026;09:00;23.1;40;8.8;21.9;4;0.0;0.0;0.0;0.0;0.0;3;P4;Nuageux;1013.5;967.5;89;0;0;89;47440.0;0.0;1.7;5.7;20.9;235;25.0;20.9;19.8;19.6;0.044;0.087;0.099;0.104;0.211
Corte;42.3;9.15;04/06/2026;10:00;24.7;40;10.2;24.0;5;0.0;0.0;0.0;0.0;0.0;3;P4;Nuageux;1013.3;967.5;94;0;0;94;46880.0;0.0;1.87;5.5;21.2;212;27.4;22.7;20.1;19.6;0.043;0.086;0.099;0.103;0.21
Corte;42.3;9.15;04/06/2026;11:00;26.1;39;11.1;26.6;6;0.0;0.0;0.0;0.0;0.0;3;P4;Nuageux;1013.1;967.5;100;0;0;100;46300.0;0.0;2.07;5.8;21.6;202;29.5;24.3;20.5;19.6;0.043;0.086;0.099;0.103;0.21
Corte;42.3;9.15;04/06/2026;12:00;27.3;36;10.9;28.5;7;0.0;0.0;0.0;0.0;0.0;2;P8;Éclaircies;1012.8;967.4;83;10;0;74;45720.0;0.0;2.32;4.8;22.0;222;31.3;25.6;21.0;19.6;0.042;0.086;0.099;0.103;0.21
Corte;42.3;9.15;04/06/2026;13:00;28.2;33;10.4;29.6;8;0.0;0.0;0.0;0.0;0.0;2;P8;Éclaircies;1012.4;967.2;65;19;0;49;45160.0;0.0;2.57;5.2;22.7;258;32.8;26.8;21.6;19.6;0.042;0.086;0.099;0.103;0.209
Corte;42.3;9.15;04/06/2026;14:00;28.7;31;9.9;29.6;8;0.0;0.0;0.0;0.0;0.0;2;P8;Éclaircies;1012.1;966.9;48;29;0;23;44580.0;0.0;2.71;6.1;22.7;273;33.2;27.5;22.2;19.6;0.041;0.086;0.099;0.103;0.209
Corte;42.3;9.15;04/06/2026;15:00;28.4;32;10.2;29.2;8;0.0;0.0;0.0;0.0;0.0;3;P4;Nuageux;1011.8;966.6;65;19;24;49;43720.0;0.0;2.64;5.2;22.3;254;31.8;27.7;22.7;19.6;0.041;0.086;0.099;0.103;0.209
Corte;42.3;9.15;04/06/2026;16:00;27.7;34;10.4;27.7;8;0.0;0.0;0.0;0.0;0.0;3;P4;Nuageux;1011.5;966.2;83;10;48;74;42840.0;0.0;2.45;5.8;21.2;210;29.4;27.5;23.2;19.6;0.04;0.085;0.099;0.102;0.209
Corte;42.3;9.15;04/06/2026;17:00;26.6;37;10.8;25.8;9;0.0;0.0;0.0;0.0;0.0;3;P4;Nuageux;1011.4;966.0;100;0;72;100;41980.0;0.0;2.2;7.3;20.9;191;27.1;26.9;23.5;19.6;0.04;0.085;0.099;0.102;0.209
Corte;42.3;9.15;04/06/2026;18:00;25.2;42;11.4;24.6;9;0.0;0.0;0.0;0.0;0.0;3;P4;Nuageux;1011.4;965.8;100;21;76;100;41120.0;0.0;1.86;7.3;21.2;189;25.1;25.9;23.6;19.7;0.04;0.085;0.099;0.102;0.209
Corte;42.3;9.15;04/06/2026;19:00;23.5;47;11.6;23.1;9;0.0;0.0;0.0;0.0;0.0;3;P4;Nuageux;1011.6;965.7;100;41;81;100;40240.0;0.0;1.54;6.3;22.3;193;23.2;24.6;23.6;19.7;0.04;0.085;0.099;0.102;0.208
Corte;42.3;9.15;04/06/2026;20:00;22.1;52;11.8;21.9;9;0.0;0.0;0.0;0.0;0.0;3;P4;Nuageux;1011.7;965.6;100;62;85;100;39380.0;0.0;1.28;5.7;23.0;198;21.7;23.4;23.4;19.7;0.04;0.085;0.099;0.102;0.208
Corte;42.3;9.15;04/06/2026;21:00;21.3;55;11.9;21.0;8;0.0;0.0;0.0;0.0;0.0;3;P4;Nuageux;1011.7;965.5;97;57;79;85;32880.0;0.0;1.14;6.4;23.8;207;20.9;22.7;23.2;19.7;0.04;0.085;0.099;0.102;0.208
Corte;42.3;9.15;04/06/2026;22:00;20.9;56;11.8;20.4;8;0.0;0.0;0.0;0.0;0.0;3;P4;Nuageux;1011.7;965.4;93;52;74;71;26380.0;0.0;1.09;7.3;24.8;213;20.5;22.1;22.9;19.8;0.04;0.084;0.099;0.102;0.208
Corte;42.3;9.15;04/06/2026;23:00;20.5;58;11.9;19.9;8;0.0;0.0;0.0;0.0;0.0;3;P4;Nuageux;1011.6;965.2;90;47;68;56;19900.0;0.0;1.01;8.2;25.6;218;20.2;21.6;22.5;19.8;0.04;0.084;0.099;0.102;0.208
Corte;42.3;9.15;05/06/2026;00:00;19.8;63;12.6;19.6;9;0.0;0.0;0.0;0.0;0.0;2;P8;Éclaircies;1010.0;963.6;87;47;48;50;13400.0;0.0;0.85;7.4;21.1;209;19.2;21.2;22.2;19.8;0.04;0.084;0.099;0.102;0.208
Corte;42.3;9.15;05/06/2026;01:00;19.2;67;12.9;19.1;8;0.0;0.0;0.0;0.0;0.0;2;P8;Éclaircies;1008.3;962.0;88;46;32;55;6900.0;0.0;0.75;6.9;16.0;200;18.1;20.9;21.9;19.8;0.041;0.084;0.099;0.102;0.208
Corte;42.3;9.15;05/06/2026;02:00;18.8;68;12.7;18.8;5;0.0;0.0;0.0;0.0;0.0;2;P8;Éclaircies;1006.6;960.3;89;43;20;67;400.0;0.0;0.71;6.1;10.4;190;17.1;20.7;21.7;19.8;0.041;0.084;0.099;0.102;0.208
Corte;42.3;9.15;05/06/2026;03:00;18.6;67;12.3;18.6;2;0.0;0.0;0.0;0.0;0.0;3;P4;Nuageux;1004.9;958.6;86;35;8;80;7300.0;0.0;0.71;5.0;5.0;178;16.7;;;;;;;;
Corte;42.3;9.15;05/06/2026;04:00;19.0;65;12.3;19.1;1;0.0;0.0;0.0;0.0;0.0;2;P8;Éclaircies;1004.4;958.1;73;34;6;64;14200.0;0.0;0.77;4.5;5.4;178;17.6;;;;;;;;
Corte;42.3;9.15;05/06/2026;05:00;19.5;63;12.4;19.7;1;0.0;0.0;0.0;0.0;0.0;2;P8;Éclaircies;1003.9;957.8;58;31;4;46;21100.0;0.0;0.83;3.8;5.4;177;18.9;;;;;;;;
Corte;42.3;9.15;05/06/2026;06:00;20.2;61;12.5;20.6;1;0.0;0.0;0.0;0.0;0.0;1;P2;Éclaircies;1003.5;957.5;43;27;2;27;27980.0;0.0;0.92;2.9;4.3;180;20.5;;;;;;;;
Corte;42.3;9.15;05/06/2026;07:00;20.9;59;12.7;21.4;2;0.0;0.0;0.0;0.0;0.0;1;P2;Éclaircies;1003.2;957.3;30;24;0;11;34880.0;0.0;1.0;2.4;2.5;189;22.1;;;;;;;;
Corte;42.3;9.15;05/06/2026;08:00;21.5;58;12.8;22.1;4;0.0;0.0;0.0;0.0;0.0;1;P2;Éclaircies;1003.0;957.2;23;23;0;0;41780.0;0.0;1.09;2.4;1.8;207;23.6;;;;;;;;
Corte;42.3;9.15;05/06/2026;09:00;22.3;56;13.1;22.8;7;0.0;0.0;0.0;0.0;0.0;1;P2;Éclaircies;1003.0;957.3;22;24;2;0;38280.0;0.0;1.19;3.4;2.9;227;25.3;;;;;;;;
Corte;42.3;9.15;05/06/2026;10:00;23.4;54;13.6;23.8;12;0.0;0.0;0.0;0.0;0.0;1;P2;Éclaircies;1003.1;957.6;26;26;6;0;34780.0;0.0;1.32;5.5;5.0;238;27.3;;;;;;;;
Corte;42.3;9.15;05/06/2026;11:00;24.4;53;14.1;24.6;16;0.0;0.0;0.0;0.0;0.0;1;P2;Éclaircies;1003.3;957.9;32;28;11;0;31300.0;0.0;1.45;8.0;6.5;242;29.4;;;;;;;;
Corte;42.3;9.15;05/06/2026;12:00;25.4;51;14.5;26.0;20;0.0;0.0;0.0;0.0;0.0;1;P2;Éclaircies;1003.6;958.3;39;30;15;0;27800.0;0.0;1.59;10.2;7.2;244;31.3;;;;;;;;
Corte;42.3;9.15;05/06/2026;13:00;26.0;49;14.6;26.9;24;0.0;0.0;0.0;0.0;0.0;1;P2;Éclaircies;1003.9;958.7;44;32;19;0;24300.0;0.0;1.7;12.2;7.2;246;32.6;;;;;;;;
Corte;42.3;9.15;05/06/2026;14:00;26.2;48;14.3;27.1;27;0.0;0.0;0.0;0.0;0.0;1;P2;Éclaircies;1004.3;959.1;45;31;20;0;20800.0;0.0;1.78;13.3;7.2;247;32.9;;;;;;;;
Corte;42.3;9.15;05/06/2026;15:00;25.9;46;13.4;26.4;29;0.0;0.0;0.0;0.0;0.0;1;P2;Éclaircies;1004.7;959.5;41;28;19;0;25360.0;0.0;1.8;13.4;7.6;248;32.2;;;;;;;;
Corte;42.3;9.15;05/06/2026;16:00;25.1;44;11.9;24.9;29;0.0;0.0;0.0;0.0;0.0;1;P2;Éclaircies;1005.2;959.8;33;22;16;0;29920.0;0.0;1.8;12.9;7.9;250;30.5;;;;;;;;
Corte;42.3;9.15;05/06/2026;17:00;24.1;41;10.1;23.0;29;0.0;0.0;0.0;0.0;0.0;1;P2;Éclaircies;1005.7;960.2;24;16;11;0;34480.0;0.0;1.76;12.0;7.6;252;28.2;;;;;;;;
Corte;42.3;9.15;05/06/2026;18:00;22.9;39;8.3;20.9;28;0.0;0.0;0.0;0.0;0.0;0;P1;Ensoleillé;1006.3;960.6;14;9;7;0;39020.0;0.0;1.69;10.8;6.5;255;25.7;;;;;;;;
Corte;42.3;9.15;05/06/2026;19:00;21.7;38;6.8;19.5;27;0.0;0.0;0.0;0.0;0.0;0;P1;Ensoleillé;1006.8;960.8;6;4;3;0;43580.0;0.0;1.61;9.8;5.0;257;23.2;;;;;;;;
Corte;42.3;9.15;05/06/2026;20:00;20.5;38;5.7;18.2;25;0.0;0.0;0.0;0.0;0.0;0;P1;Ensoleillé;1007.4;961.2;0;0;0;0;48140.0;0.0;1.5;9.1;4.0;261;21.2;;;;;;;;
Corte;42.3;9.15;05/06/2026;21:00;19.3;39;5.2;16.9;22;0.0;0.0;0.0;0.0;0.0;0;P1;Ensoleillé;1008.0;961.6;0;0;0;0;47040.0;0.0;1.36;8.9;4.3;264;19.3;;;;;;;;
Corte;42.3;9.15;05/06/2026;22:00;17.9;42;4.9;15.4;19;0.0;0.0;0.0;0.0;0.0;0;P1;Ensoleillé;1008.6;962.0;0;0;0;0;45960.0;0.0;1.19;8.8;5.0;269;17.3;;;;;;;;
Corte;42.3;9.15;05/06/2026;23:00;16.5;46;4.8;14.0;16;0.0;0.0;0.0;0.0;0.0;0;P1;Ensoleillé;1009.3;962.4;0;0;0;0;44860.0;0.0;1.02;8.8;5.8;274;15.4;;;;;;;;
Corte;42.3;9.15;06/06/2026;00:00;15.3;50;5.0;12.8;13;0.0;0.0;0.0;0.0;0.0;0;P1;Ensoleillé;1010.0;962.9;0;0;0;0;43760.0;0.0;0.87;9.1;6.1;277;13.8;;;;;;;;
Corte;42.3;9.15;06/06/2026;01:00;14.3;54;5.2;11.9;9;0.0;0.0;0.0;0.0;0.0;0;P1;Ensoleillé;1010.6;963.3;0;0;0;0;42680.0;0.0;0.75;9.1;6.1;279;12.7;;;;;;;;
Corte;42.3;9.15;06/06/2026;02:00;13.9;57;5.5;11.5;6;0.0;0.0;0.0;0.0;0.0;0;P1;Ensoleillé;1011.1;963.7;0;0;0;0;41580.0;0.0;0.68;9.1;6.1;280;12.2;;;;;;;;
Corte;42.3;9.15;06/06/2026;03:00;14.0;58;5.9;11.7;4;0.0;0.0;0.0;0.0;0.0;0;P1;Ensoleillé;1011.6;964.2;0;0;0;0;41560.0;0.0;0.68;9.1;6.5;280;12.6;;;;;;;;
Corte;42.3;9.15;06/06/2026;04:00;14.6;58;6.5;12.3;2;0.0;0.0;0.0;0.0;0.0;0;P1;Ensoleillé;1012.0;964.7;0;0;0;0;41560.0;0.0;0.69;9.5;6.5;279;13.6;;;;;;;;
Corte;42.3;9.15;06/06/2026;05:00;15.5;58;7.2;13.4;1;0.0;0.0;0.0;0.0;0.0;0;P1;Ensoleillé;1012.4;965.2;1;1;0;0;41540.0;0.0;0.75;9.8;6.5;277;15.0;;;;;;;;
Corte;42.3;9.15;06/06/2026;06:00;16.6;56;7.9;14.7;0;0.0;0.0;0.0;0.0;0.0;0;P1;Ensoleillé;1012.7;965.7;1;1;0;0;41520.0;0.0;0.83;9.8;6.1;275;16.8;;;;;;;;
Corte;42.3;9.15;06/06/2026;07:00;17.8;55;8.5;16.1;0;0.0;0.0;0.0;0.0;0.0;0;P1;Ensoleillé;1013.0;966.2;1;1;0;0;41520.0;0.0;0.92;9.2;5.4;271;18.8;;;;;;;;
Corte;42.3;9.15;06/06/2026;08:00;18.9;52;8.9;17.5;0;0.0;0.0;0.0;0.0;0.0;0;P1;Ensoleillé;1013.3;966.6;1;1;0;0;41500.0;0.0;1.05;7.9;5.0;266;20.7;;;;;;;;
Corte;42.3;9.15;06/06/2026;09:00;20.2;49;9.1;19.1;1;0.0;0.0;0.0;0.0;0.0;0;P1;Ensoleillé;1013.6;967.1;1;1;0;0;42600.0;0.0;1.21;5.9;5.4;252;23.0;;;;;;;;
Corte;42.3;9.15;06/06/2026;10:00;21.8;45;9.2;21.0;4;0.0;0.0;0.0;0.0;0.0;0;P1;Ensoleillé;1013.8;967.5;1;1;0;0;43700.0;0.0;1.45;3.8;6.1;211;25.8;;;;;;;;
Corte;42.3;9.15;06/06/2026;11:00;23.4;40;9.2;23.2;6;0.0;0.0;0.0;0.0;0.0;0;P1;Ensoleillé;1014.0;968.0;1;1;0;0;44820.0;0.0;1.71;5.4;7.2;159;28.8;;;;;;;;
Corte;42.3;9.15;06/06/2026;12:00;24.9;37;9.1;24.9;8;0.0;0.0;0.0;0.0;0.0;0;P1;Ensoleillé;1014.2;968.4;0;0;0;0;45920.0;0.0;1.99;8.9;8.3;140;31.5;;;;;;;;
Corte;42.3;9.15;06/06/2026;13:00;26.0;34;9.0;26.0;10;0.0;0.0;0.0;0.0;0.0;0;P1;Ensoleillé;1014.4;968.8;0;0;0;0;47020.0;0.0;2.22;12.1;9.4;132;33.5;;;;;;;;
Corte;42.3;9.15;06/06/2026;14:00;26.6;33;8.9;26.5;12;0.0;0.0;0.0;0.0;0.0;0;P1;Ensoleillé;1014.6;969.0;0;0;0;0;48120.0;0.0;2.34;14.1;10.1;129;34.4;;;;;;;;
Corte;42.3;9.15;06/06/2026;15:00;26.4;33;8.9;26.1;13;0.0;0.0;0.0;0.0;0.0;0;P1;Ensoleillé;1014.8;969.2;0;0;0;0;47540.0;0.0;2.31;14.5;9.7;127;33.8;;;;;;;;
Corte;42.3;9.15;06/06/2026;16:00;25.8;34;8.9;25.2;14;0.0;0.0;0.0;0.0;0.0;0;P1;Ensoleillé;1015.0;969.3;0;0;0;0;46940.0;0.0;2.18;13.6;8.6;126;32.2;;;;;;;;
Corte;42.3;9.15;06/06/2026;17:00;24.7;37;8.9;23.8;15;0.0;0.0;0.0;0.0;0.0;0;P1;Ensoleillé;1015.1;969.2;0;0;0;0;46360.0;0.0;1.98;12.2;7.9;126;29.8;;;;;;;;
Corte;42.3;9.15;06/06/2026;18:00;23.5;39;8.9;22.0;15;0.0;0.0;0.0;0.0;0.0;0;P1;Ensoleillé;1015.3;969.2;0;0;0;0;45760.0;0.0;1.76;10.3;7.2;126;27.1;;;;;;;;
Corte;42.3;9.15;06/06/2026;19:00;22.4;42;8.8;20.9;15;0.0;0.0;0.0;0.0;0.0;0;P1;Ensoleillé;1015.4;969.2;0;0;0;0;45180.0;0.0;1.57;8.5;6.5;126;24.5;;;;;;;;
Corte;42.3;9.15;06/06/2026;20:00;21.4;44;8.8;20.1;14;0.0;0.0;0.0;0.0;0.0;0;P1;Ensoleillé;1015.4;969.0;0;0;0;0;44580.0;0.0;1.42;6.9;6.1;127;22.4;;;;;;;;
Corte;42.3;9.15;06/06/2026;21:00;20.6;46;8.7;19.4;12;0.0;0.0;0.0;0.0;0.0;0;P1;Ensoleillé;1015.4;968.9;0;0;0;0;44580.0;0.0;1.3;5.7;6.1;127;20.4;;;;;;;;
Corte;42.3;9.15;06/06/2026;22:00;19.6;49;8.5;18.7;10;0.0;0.0;0.0;0.0;0.0;0;P1;Ensoleillé;1015.3;968.6;0;0;0;0;44580.0;0.0;1.18;4.0;6.1;129;18.3;;;;;;;;
Corte;42.3;9.15;06/06/2026;23:00;18.7;51;8.3;17.9;7;0.0;0.0;0.0;0.0;0.0;0;P1;Ensoleillé;1015.2;968.4;0;0;0;0;44600.0;0.0;1.06;2.5;6.1;135;16.3;;;;;;;;
Corte;42.3;9.15;07/06/2026;00:00;17.9;53;8.2;17.3;4;0.0;0.0;0.0;0.0;0.0;0;P1;Ensoleillé;1015.0;968.1;0;0;0;0;44600.0;0.0;0.97;1.2;6.1;153;14.6;;;;;;;;
Corte;42.3;9.15;07/06/2026;01:00;17.4;54;8.1;16.8;2;0.0;0.0;0.0;0.0;0.0;0;P1;Ensoleillé;1014.9;967.9;0;0;0;0;44600.0;0.0;0.91;0.6;5.8;214;13.4;;;;;;;;
Corte;42.3;9.15;07/06/2026;02:00;17.2;55;8.2;16.6;0;0.0;0.0;0.0;0.0;0.0;0;P1;Ensoleillé;1014.7;967.7;2;0;2;0;44600.0;0.0;0.87;1.0;5.8;248;13.0;;;;;;;;
Corte;42.3;9.15;07/06/2026;03:00;17.3;56;8.4;16.8;0;0.0;0.0;0.0;0.0;0.0;0;P1;Ensoleillé;1014.6;967.6;9;0;8;3;40740.0;0.0;0.87;1.0;5.4;248;13.5;;;;;;;;
Corte;42.3;9.15;07/06/2026;04:00;17.7;56;8.7;17.3;0;0.0;0.0;0.0;0.0;0.0;1;P2;Éclaircies;1014.4;967.5;20;0;16;7;36880.0;0.0;0.9;0.8;5.0;207;14.8;;;;;;;;
Corte;42.3;9.15;07/06/2026;05:00;18.4;55;9.2;18.0;1;0.0;0.0;0.0;0.0;0.0;1;P2;Éclaircies;1014.3;967.5;32;1;25;11;33040.0;0.0;0.95;1.1;5.0;162;16.6;;;;;;;;
Corte;42.3;9.15;07/06/2026;06:00;19.2;54;9.7;18.9;2;0.0;0.0;0.0;0.0;0.0;1;P2;Éclaircies;1014.1;967.4;43;1;34;16;29180.0;0.0;1.03;2.2;5.0;138;18.8;;;;;;;;
Corte;42.3;9.15;07/06/2026;07:00;20.2;53;10.2;19.8;3;0.0;0.0;0.0;0.0;0.0;2;P8;Éclaircies;1013.9;967.4;51;1;41;19;25320.0;0.0;1.12;3.3;5.0;135;21.1;;;;;;;;
Corte;42.3;9.15;07/06/2026;08:00;21.2;51;10.7;20.9;4;0.0;0.0;0.0;0.0;0.0;2;P8;Éclaircies;1013.6;967.3;55;1;43;21;21460.0;0.0;1.23;4.3;5.4;135;23.3;;;;;;;;
Corte;42.3;9.15;07/06/2026;09:00;22.6;49;11.5;22.2;5;0.0;0.0;0.0;0.0;0.0;2;P8;Éclaircies;1013.2;967.1;53;1;40;21;25340.0;0.0;1.39;5.6;6.5;135;25.8;;;;;;;;
Corte;42.3;9.15;07/06/2026;10:00;24.3;48;12.4;24.0;5;0.0;0.0;0.0;0.0;0.0;1;P2;Éclaircies;1012.6;966.8;46;1;33;19;29220.0;0.0;1.59;7.0;7.9;136;28.9;;;;;;;;
Corte;42.3;9.15;07/06/2026;11:00;26.1;46;13.5;26.4;6;0.0;0.0;0.0;0.0;0.0;1;P2;Éclaircies;1012.0;966.5;36;1;24;17;33100.0;0.0;1.84;8.7;9.7;137;32.2;;;;;;;;
Corte;42.3;9.15;07/06/2026;12:00;27.8;44;14.3;28.8;7;0.0;0.0;0.0;0.0;0.0;1;P2;Éclaircies;1011.4;966.2;25;0;14;14;36980.0;0.0;2.11;9.9;12.2;138;35.1;;;;;;;;
Corte;42.3;9.15;07/06/2026;13:00;29.2;42;14.8;30.7;7;0.0;0.0;0.0;0.0;0.0;0;P1;Ensoleillé;1010.8;965.8;16;0;6;11;40860.0;0.0;2.37;10.9;14.8;140;37.2;;;;;;;;
Corte;42.3;9.15;07/06/2026;14:00;29.8;40;14.6;31.5;8;0.0;0.0;0.0;0.0;0.0;0;P1;Ensoleillé;1010.4;965.5;9;0;0;9;44740.0;0.0;2.54;10.9;15.8;142;38.1;;;;;;;;
Corte;42.3;9.15;07/06/2026;15:00;29.8;37;13.6;31.2;9;0.0;0.0;0.0;0.0;0.0;0;P1;Ensoleillé;1010.1;965.2;5;0;0;7;45340.0;0.0;2.64;9.9;14.8;148;37.5;;;;;;;;
Corte;42.3;9.15;07/06/2026;16:00;29.1;34;11.8;29.9;9;0.0;0.0;0.0;0.0;0.0;0;P1;Ensoleillé;1009.8;964.8;3;0;0;5;45920.0;0.0;2.66;8.3;12.2;160;35.6;;;;;;;;
Corte;42.3;9.15;07/06/2026;17:00;28.1;31;9.5;28.0;10;0.0;0.0;0.0;0.0;0.0;0;P1;Ensoleillé;1009.6;964.5;1;0;0;4;46520.0;0.0;2.62;6.7;9.7;180;32.9;;;;;;;;
Corte;42.3;9.15;07/06/2026;18:00;26.9;29;7.3;25.4;10;0.0;0.0;0.0;0.0;0.0;0;P1;Ensoleillé;1009.5;964.2;1;0;0;2;47120.0;0.0;2.52;6.2;6.8;206;29.9;;;;;;;;
Corte;42.3;9.15;07/06/2026;19:00;25.6;28;5.5;23.5;10;0.0;0.0;0.0;0.0;0.0;0;P1;Ensoleillé;1009.5;964.0;1;0;0;1;47700.0;0.0;2.38;6.9;4.0;229;27.1;;;;;;;;
Corte;42.3;9.15;07/06/2026;20:00;24.4;27;4.4;21.9;10;0.0;0.0;0.0;0.0;0.0;0;P1;Ensoleillé;1009.7;964.0;1;1;0;0;48300.0;0.0;2.22;7.8;2.2;241;24.8;;;;;;;;
Corte;42.3;9.15;07/06/2026;21:00;23.1;29;4.3;20.6;9;0.0;0.0;0.0;0.0;0.0;0;P1;Ensoleillé;1010.1;964.2;2;2;0;0;40520.0;0.0;2.0;8.2;2.9;247;22.9;;;;;;;;
Corte;42.3;9.15;07/06/2026;22:00;21.6;33;4.8;19.2;7;0.0;0.0;0.0;0.0;0.0;0;P1;Ensoleillé;1010.8;964.7;3;4;0;0;32760.0;0.0;1.73;8.0;5.0;252;21.0;;;;;;;;
Corte;42.3;9.15;07/06/2026;23:00;20.1;39;5.6;17.9;5;0.0;0.0;0.0;0.0;0.0;0;P1;Ensoleillé;1011.6;965.2;6;6;0;0;24980.0;0.0;1.44;7.5;6.5;255;19.3;;;;;;;;
Corte;42.3;9.15;08/06/2026;00:00;18.6;46;6.6;16.8;3;0.0;0.0;0.0;0.0;0.0;0;P1;Ensoleillé;1012.5;965.8;8;9;0;0;17200.0;0.0;1.17;6.9;6.8;256;17.7;;;;;;;;
Corte;42.3;9.15;08/06/2026;01:00;17.4;52;7.5;15.8;1;0.0;0.0;0.0;0.0;0.0;0;P1;Ensoleillé;1013.2;966.3;11;11;0;0;9440.0;0.0;0.95;6.2;6.8;258;16.5;;;;;;;;
Corte;42.3;9.15;08/06/2026;02:00;16.5;57;8.0;15.1;0;0.0;0.0;0.0;0.0;0.0;0;P1;Ensoleillé;1013.8;966.7;15;15;0;0;1660.0;0.0;0.8;6.1;6.8;258;15.8;;;;;;;;
Corte;42.3;9.15;08/06/2026;03:00;15.9;60;8.1;14.6;0;0.0;0.0;0.0;0.0;0.0;1;P2;Éclaircies;1014.2;967.0;20;20;0;0;1560.0;0.0;0.73;6.2;6.8;255;15.5;;;;;;;;
Corte;42.3;9.15;08/06/2026;04:00;15.6;60;7.9;14.2;0;0.0;0.0;0.0;0.0;0.0;1;P2;Éclaircies;1014.5;967.3;26;26;0;0;1460.0;0.0;0.71;6.4;6.8;248;15.5;;;;;;;;
Corte;42.3;9.15;08/06/2026;05:00;15.6;60;7.7;14.0;0;0.0;0.0;0.0;0.0;0.0;1;P2;Éclaircies;1014.7;967.4;33;33;0;0;1360.0;0.0;0.72;6.9;6.8;242;15.9;;;;;;;;
Corte;42.3;9.15;08/06/2026;06:00;15.6;58;7.4;13.9;0;0.0;0.0;0.0;0.0;0.0;1;P2;Éclaircies;1014.8;967.5;39;39;0;0;1240.0;0.0;0.75;7.7;6.1;237;16.6;;;;;;;;
Corte;42.3;9.15;08/06/2026;07:00;15.9;56;7.1;14.0;1;0.0;0.0;0.0;0.0;0.0;1;P2;Éclaircies;1014.9;967.7;44;44;0;0;1140.0;0.0;0.8;8.4;5.4;235;17.5;;;;;;;;
Corte;42.3;9.15;08/06/2026;08:00;16.3;54;6.8;14.1;2;0.0;0.0;0.0;0.0;0.0;1;P2;Éclaircies;1015.1;967.9;47;47;0;0;1040.0;0.0;0.86;9.2;5.8;237;18.6;;;;;;;;
Corte;42.3;9.15;08/06/2026;09:00;16.9;51;6.6;14.6;3;0.0;0.0;0.0;0.0;0.0;1;P2;Éclaircies;1015.3;968.2;48;48;0;0;8900.0;0.0;0.96;10.4;8.6;242;20.1;;;;;;;;
Corte;42.3;9.15;08/06/2026;10:00;18.0;46;6.3;15.3;4;0.0;0.0;0.0;0.0;0.0;1;P2;Éclaircies;1015.4;968.5;46;46;0;0;16780.0;0.0;1.11;11.9;13.0;250;22.3;;;;;;;;
Corte;42.3;9.15;08/06/2026;11:00;19.1;42;6.0;16.1;5;0.0;0.0;0.0;0.0;0.0;1;P2;Éclaircies;1015.6;968.9;44;44;0;0;24640.0;0.0;1.28;13.9;16.2;257;24.7;;;;;;;;
Corte;42.3;9.15;08/06/2026;12:00;20.2;39;5.7;17.6;6;0.0;0.0;0.0;0.0;0.0;1;P2;Éclaircies;1015.7;969.1;41;41;0;0;32500.0;0.0;1.46;15.8;16.9;262;26.9;;;;;;;;
Corte;42.3;9.15;08/06/2026;13:00;21.1;36;5.5;18.8;7;0.0;0.0;0.0;0.0;0.0;1;P2;Éclaircies;1015.9;969.4;38;38;0;0;40380.0;0.0;1.6;17.4;16.9;265;28.6;;;;;;;;
Corte;42.3;9.15;08/06/2026;14:00;21.6;35;5.5;19.4;8;0.0;0.0;0.0;0.0;0.0;1;P2;Éclaircies;1016.0;969.6;35;35;0;0;48240.0;0.0;1.68;18.2;15.8;267;29.3;;;;;;;;
Corte;42.3;9.15;08/06/2026;15:00;21.5;35;5.5;19.3;8;0.0;0.0;0.0;0.0;0.0;1;P2;Éclaircies;1016.1;969.7;33;33;0;0;47640.0;0.0;1.67;18.0;14.0;267;28.8;;;;;;;;
Corte;42.3;9.15;08/06/2026;16:00;21.1;37;5.7;18.8;8;0.0;0.0;0.0;0.0;0.0;1;P2;Éclaircies;1016.2;969.7;31;31;0;0;47040.0;0.0;1.59;17.3;11.9;268;27.4;;;;;;;;
Corte;42.3;9.15;08/06/2026;17:00;20.5;39;6.0;17.8;8;0.0;0.0;0.0;0.0;0.0;1;P2;Éclaircies;1016.3;969.7;30;30;0;0;46460.0;0.0;1.48;16.0;10.1;267;25.4;;;;;;;;
Corte;42.3;9.15;08/06/2026;18:00;19.7;42;6.3;16.7;7;0.0;0.0;0.0;0.0;0.0;1;P2;Éclaircies;1016.4;969.7;28;28;0;0;45860.0;0.0;1.35;14.4;9.4;267;23.1;;;;;;;;
Corte;42.3;9.15;08/06/2026;19:00;18.9;45;6.6;16.2;7;0.0;0.0;0.0;0.0;0.0;1;P2;Éclaircies;1016.6;969.8;25;25;0;0;45260.0;0.0;1.22;13.0;9.0;267;21.0;;;;;;;;
Corte;42.3;9.15;08/06/2026;20:00;18.2;48;6.9;15.7;6;0.0;0.0;0.0;0.0;0.0;1;P2;Éclaircies;1016.8;969.9;23;23;0;0;44660.0;0.0;1.1;11.9;9.4;267;19.3;;;;;;;;
Corte;42.3;9.15;08/06/2026;21:00;17.5;52;7.4;15.2;5;0.0;0.0;0.0;0.0;0.0;1;P2;Éclaircies;1017.1;970.0;20;20;0;0;37860.0;0.0;0.97;11.0;10.4;267;17.9;;;;;;;;
Corte;42.3;9.15;08/06/2026;22:00;16.6;57;8.0;14.6;5;0.0;0.0;0.0;0.0;0.0;0;P1;Ensoleillé;1017.5;970.3;16;16;0;0;31060.0;0.0;0.82;10.3;11.9;268;16.4;;;;;;;;
Corte;42.3;9.15;08/06/2026;23:00;15.7;63;8.7;13.9;4;0.0;0.0;0.0;0.0;0.0;0;P1;Ensoleillé;1017.9;970.5;12;12;0;0;24280.0;0.0;0.66;9.7;12.6;270;15.0;;;;;;;;
Corte;42.3;9.15;09/06/2026;00:00;14.9;69;9.2;13.4;3;0.0;0.0;0.0;0.0;0.0;0;P1;Ensoleillé;1018.3;970.8;9;9;0;0;17480.0;0.0;0.53;9.0;12.2;271;13.8;;;;;;;;
Corte;42.3;9.15;09/06/2026;01:00;14.4;73;9.6;13.1;3;0.0;0.0;0.0;0.0;0.0;0;P1;Ensoleillé;1018.7;971.1;5;5;0;0;10680.0;0.0;0.45;8.3;11.2;274;13.1;;;;;;;;
Corte;42.3;9.15;09/06/2026;02:00;14.2;74;9.5;13.0;2;0.0;0.0;0.0;0.0;0.0;0;P1;Ensoleillé;1018.9;971.2;3;3;0;0;3880.0;0.0;0.43;7.6;10.8;275;12.9;;;;;;;;
Corte;42.3;9.15;09/06/2026;03:00;14.4;70;8.9;13.2;2;0.0;0.0;0.0;0.0;0.0;0;P1;Ensoleillé;1019.0;971.4;1;1;0;0;11280.0;0.0;0.5;6.9;11.2;279;13.3;;;;;;;;
Corte;42.3;9.15;09/06/2026;04:00;15.0;62;7.8;13.6;1;0.0;0.0;0.0;0.0;0.0;0;P1;Ensoleillé;1019.1;971.5;0;1;0;0;18680.0;0.0;0.65;6.3;12.2;283;14.3;;;;;;;;
Corte;42.3;9.15;09/06/2026;05:00;15.9;54;6.5;14.2;1;0.0;0.0;0.0;0.0;0.0;0;P1;Ensoleillé;1019.1;971.7;0;0;0;0;26080.0;0.0;0.84;5.7;12.6;288;15.6;;;;;;;;
Corte;42.3;9.15;09/06/2026;06:00;16.9;46;5.2;15.0;1;0.0;0.0;0.0;0.0;0.0;0;P1;Ensoleillé;1019.1;971.8;0;0;0;0;33460.0;0.0;1.04;4.9;11.9;294;17.2;;;;;;;;
Corte;42.3;9.15;09/06/2026;07:00;17.9;40;4.3;16.0;1;0.0;0.0;0.0;0.0;0.0;0;P1;Ensoleillé;1019.0;971.9;0;0;0;0;40860.0;0.0;1.23;4.0;10.4;300;19.0;;;;;;;;
Corte;42.3;9.15;09/06/2026;08:00;18.9;37;4.0;17.1;2;0.0;0.0;0.0;0.0;0.0;0;P1;Ensoleillé;1019.0;972.1;0;0;0;0;48260.0;0.0;1.37;2.6;9.4;309;20.8;;;;;;;;
Corte;42.3;9.15;09/06/2026;09:00;19.9;36;4.5;18.5;3;0.0;0.0;0.0;0.0;0.0;0;P1;Ensoleillé;1019.0;972.2;0;0;1;0;47660.0;0.0;1.49;0.7;9.4;360;22.9;;;;;;;;
Corte;42.3;9.15;09/06/2026;10:00;21.2;36;5.7;19.7;4;0.0;0.0;0.0;0.0;0.0;0;P1;Ensoleillé;1018.9;972.3;1;0;2;0;47060.0;0.0;1.6;2.8;9.4;108;25.6;;;;;;;;
Corte;42.3;9.15;09/06/2026;11:00;22.4;37;7.2;21.7;5;0.0;0.0;0.0;0.0;0.0;0;P1;Ensoleillé;1018.8;972.4;2;0;3;0;46480.0;0.0;1.7;6.0;10.1;115;28.4;;;;;;;;
Corte;42.3;9.15;09/06/2026;12:00;23.6;39;8.8;23.6;6;0.0;0.0;0.0;0.0;0.0;0;P1;Ensoleillé;1018.8;972.6;3;0;4;0;45880.0;0.0;1.78;9.1;11.2;117;30.9;;;;;;;;
Corte;42.3;9.15;09/06/2026;13:00;24.5;41;10.2;25.0;8;0.0;0.0;0.0;0.0;0.0;0;P1;Ensoleillé;1018.7;972.6;4;0;5;0;45280.0;0.0;1.83;11.6;12.6;118;32.8;;;;;;;;
Corte;42.3;9.15;09/06/2026;14:00;24.9;42;11.2;25.7;10;0.0;0.0;0.0;0.0;0.0;0;P1;Ensoleillé;1018.6;972.6;5;0;5;0;44680.0;0.0;1.82;13.0;13.3;117;33.6;;;;;;;;
Corte;42.3;9.15;09/06/2026;15:00;24.9;44;11.8;25.7;12;0.0;0.0;0.0;0.0;0.0;0;P1;Ensoleillé;1018.5;972.5;6;0;5;1;44160.0;0.0;1.77;13.0;13.0;115;33.1;;;;;;;;
Corte;42.3;9.15;09/06/2026;16:00;24.5;46;12.2;25.1;15;0.0;0.0;0.0;0.0;0.0;0;P1;Ensoleillé;1018.4;972.4;8;1;4;3;43620.0;0.0;1.66;12.0;11.5;111;31.7;;;;;;;;
Corte;42.3;9.15;09/06/2026;17:00;23.9;49;12.5;24.0;17;0.0;0.0;0.0;0.0;0.0;0;P1;Ensoleillé;1018.3;972.2;10;1;3;6;43100.0;0.0;1.53;10.4;10.1;105;29.5;;;;;;;;
Corte;42.3;9.15;09/06/2026;18:00;23.1;51;12.5;22.6;19;0.0;0.0;0.0;0.0;0.0;0;P1;Ensoleillé;1018.2;971.9;11;2;2;8;42580.0;0.0;1.37;8.9;8.3;97;27.0;;;;;;;;
Corte;42.3;9.15;09/06/2026;19:00;22.2;54;12.5;21.9;20;0.0;0.0;0.0;0.0;0.0;0;P1;Ensoleillé;1018.2;971.8;12;2;1;9;42040.0;0.0;1.23;7.4;6.1;87;24.5;;;;;;;;
Corte;42.3;9.15;09/06/2026;20:00;21.3;57;12.3;21.1;20;0.0;0.0;0.0;0.0;0.0;0;P1;Ensoleillé;1018.2;971.7;12;2;0;10;41520.0;0.0;1.1;6.2;5.0;78;22.4;;;;;;;;
Corte;42.3;9.15;09/06/2026;21:00;20.2;59;12.0;20.1;18;0.0;0.0;0.0;0.0;0.0;0;P1;Ensoleillé;1018.3;971.6;11;2;0;9;41140.0;0.0;0.96;5.1;5.0;72;20.3;;;;;;;;
Corte;42.3;9.15;09/06/2026;22:00;18.8;63;11.6;18.8;15;0.0;0.0;0.0;0.0;0.0;0;P1;Ensoleillé;1018.4;971.5;9;2;0;8;40740.0;0.0;0.81;3.7;6.1;67;17.9;;;;;;;;
Corte;42.3;9.15;09/06/2026;23:00;17.4;66;11.0;17.4;12;0.0;0.0;0.0;0.0;0.0;0;P1;Ensoleillé;1018.6;971.4;6;1;0;6;40360.0;0.0;0.67;2.3;6.8;58;15.5;;;;;;;;
Corte;42.3;9.15;10/06/2026;00:00;16.0;69;10.3;16.0;8;0.0;0.0;0.0;0.0;0.0;0;P1;Ensoleillé;1018.7;971.3;4;1;0;3;39960.0;0.0;0.57;1.0;6.8;31;13.4;;;;;;;;
Corte;42.3;9.15;10/06/2026;01:00;15.0;70;9.5;14.8;5;0.0;0.0;0.0;0.0;0.0;0;P1;Ensoleillé;1018.9;971.3;2;0;0;1;39580.0;0.0;0.52;0.8;6.8;315;11.9;;;;;;;;
Corte;42.3;9.15;10/06/2026;02:00;14.5;68;8.7;14.0;2;0.0;0.0;0.0;0.0;0.0;0;P1;Ensoleillé;1019.0;971.4;0;0;0;0;39180.0;0.0;0.53;1.3;6.8;278;11.2;;;;;;;;
Corte;42.3;9.15;10/06/2026;03:00;14.6;63;7.6;13.8;1;0.0;0.0;0.0;0.0;0.0;0;P1;Ensoleillé;1019.1;971.5;0;0;0;0;34680.0;0.0;0.62;1.4;7.2;270;11.7;;;;;;;;
Corte;42.3;9.15;10/06/2026;04:00;15.1;55;6.2;14.0;1;0.0;0.0;0.0;0.0;0.0;0;P1;Ensoleillé;1019.2;971.7;0;0;0;0;30180.0;0.0;0.77;1.5;7.6;263;13.0;;;;;;;;
Corte;42.3;9.15;10/06/2026;05:00;16.0;47;4.7;14.6;1;0.0;0.0;0.0;0.0;0.0;0;P1;Ensoleillé;1019.3;971.9;0;0;0;0;25680.0;0.0;0.96;1.1;7.6;252;14.9;;;;;;;;
Corte;42.3;9.15;10/06/2026;06:00;17.0;40;3.4;15.4;2;0.0;0.0;0.0;0.0;0.0;0;P1;Ensoleillé;1019.3;972.1;0;0;0;0;21160.0;0.0;1.16;0.9;7.2;217;17.0;;;;;;;;
Corte;42.3;9.15;10/06/2026;07:00;18.1;36;2.6;16.3;3;0.0;0.0;0.0;0.0;0.0;0;P1;Ensoleillé;1019.4;972.3;0;0;0;0;16660.0;0.0;1.34;1.0;6.5;158;19.2;;;;;;;;
Corte;42.3;9.15;10/06/2026;08:00;19.0;33;2.5;17.1;4;0.0;0.0;0.0;0.0;0.0;0;P1;Ensoleillé;1019.4;972.5;0;0;0;0;12160.0;0.0;1.47;1.8;6.1;135;21.2;;;;;;;;
Corte;42.3;9.15;10/06/2026;09:00;20.0;34;3.4;18.0;6;0.1;0.0;0.1;0.0;0.0;51;P10;Pluie faible;1019.4;972.6;11;0;4;10;10960.0;0.0;1.56;3.2;6.1;124;23.1;;;;;;;;
Corte;42.3;9.15;10/06/2026;10:00;21.1;36;5.2;19.2;7;0.1;0.0;0.1;0.0;0.0;51;P10;Pluie faible;1019.4;972.8;27;0;9;25;9760.0;0.0;1.61;5.2;6.1;117;25.4;;;;;;;;
Corte;42.3;9.15;10/06/2026;11:00;22.2;39;7.4;21.2;9;0.1;0.0;0.1;0.0;0.0;51;P10;Pluie faible;1019.4;973.0;45;0;15;42;8580.0;0.0;1.65;7.5;7.2;114;27.7;;;;;;;;
Corte;42.3;9.15;10/06/2026;12:00;23.2;42;9.8;23.2;11;0.1;0.0;0.1;0.0;0.0;51;P10;Pluie faible;1019.4;973.1;63;0;21;58;7380.0;0.0;1.64;9.5;10.1;112;29.7;;;;;;;;
Corte;42.3;9.15;10/06/2026;13:00;24.0;47;11.9;24.9;12;0.1;0.0;0.1;0.0;0.0;51;P10;Pluie faible;1019.4;973.2;76;1;25;70;6180.0;0.0;1.6;11.2;14.0;112;31.1;;;;;;;;
Corte;42.3;9.15;10/06/2026;14:00;24.4;50;13.4;25.8;14;0.1;0.0;0.1;0.0;0.0;51;P10;Pluie faible;1019.4;973.3;82;2;27;75;4980.0;0.0;1.53;12.0;15.8;111;31.6;;;;;;;;
Corte;42.3;9.15;10/06/2026;15:00;24.4;54;14.3;25.9;16;0.6;0.2;0.4;0.0;0.0;53;P10;Pluie faible;1019.4;973.3;79;4;26;70;6180.0;0.0;1.42;11.9;14.0;110;31.1;;;;;;;;
Corte;42.3;9.15;10/06/2026;16:00;24.0;57;15.0;25.5;18;0.6;0.2;0.4;0.0;0.0;53;P10;Pluie faible;1019.5;973.3;69;7;23;59;7380.0;0.0;1.28;11.2;10.4;111;29.7;;;;;;;;
Corte;42.3;9.15;10/06/2026;17:00;23.4;61;15.5;24.6;20;0.6;0.2;0.4;0.0;0.0;53;P10;Pluie faible;1019.5;973.2;55;10;18;43;8600.0;0.0;1.13;9.8;7.6;110;27.8;;;;;;;;
Corte;42.3;9.15;10/06/2026;18:00;22.6;65;15.7;23.4;21;0.6;0.2;0.4;0.0;0.0;53;P10;Pluie faible;1019.6;973.2;40;13;13;26;9800.0;0.0;0.96;8.3;6.5;110;25.6;;;;;;;;
Corte;42.3;9.15;10/06/2026;19:00;21.8;69;15.8;22.8;22;0.6;0.2;0.4;0.0;0.0;53;P10;Pluie faible;1019.6;973.1;26;15;8;11;11000.0;0.0;0.82;6.7;6.1;110;23.3;;;;;;;;
Corte;42.3;9.15;10/06/2026;20:00;21.0;71;15.6;22.1;22;0.6;0.2;0.4;0.0;0.0;53;P10;Pluie faible;1019.6;973.0;16;16;5;1;12200.0;0.0;0.71;5.4;5.8;110;21.4;;;;;;;;
Corte;42.3;9.15;10/06/2026;21:00;20.0;74;15.2;21.2;20;0.0;0.0;0.0;0.0;0.0;0;P1;Ensoleillé;1019.6;972.8;10;15;3;0;16700.0;0.0;0.61;4.0;5.4;111;19.5;;;;;;;;
Corte;42.3;9.15;10/06/2026;22:00;18.7;76;14.5;19.9;17;0.0;0.0;0.0;0.0;0.0;0;P1;Ensoleillé;1019.6;972.6;7;12;2;0;21200.0;0.0;0.51;2.5;5.8;111;17.4;;;;;;;;
Corte;42.3;9.15;10/06/2026;23:00;17.4;78;13.5;18.4;13;0.0;0.0;0.0;0.0;0.0;0;P1;Ensoleillé;1019.5;972.3;4;9;1;0;25700.0;0.0;0.44;1.0;5.8;112;15.2;;;;;;;;
Corte;42.3;9.15;11/06/2026;00:00;16.2;79;12.5;17.0;9;0.0;0.0;0.0;0.0;0.0;0;P1;Ensoleillé;1019.5;972.1;3;5;1;0;30200.0;0.0;0.39;0.5;6.1;270;13.3;;;;;;;;
Corte;42.3;9.15;11/06/2026;01:00;15.4;78;11.6;15.6;5;0.0;0.0;0.0;0.0;0.0;0;P1;Ensoleillé;1019.4;971.9;2;2;0;0;34700.0;0.0;0.38;1.8;6.8;281;12.0;;;;;;;;
Corte;42.3;9.15;11/06/2026;02:00;15.0;76;10.8;14.9;2;0.0;0.0;0.0;0.0;0.0;0;P1;Ensoleillé;1019.3;971.7;1;0;0;1;39200.0;0.0;0.42;2.9;7.2;281;11.5;;;;;;;;
Corte;42.3;9.15;11/06/2026;03:00;15.3;72;10.2;14.8;1;0.0;0.0;0.0;0.0;0.0;0;P1;Ensoleillé;1019.2;971.7;0;0;0;1;40740.0;0.0;0.49;3.8;7.6;281;11.9;;;;;;;;
Corte;42.3;9.15;11/06/2026;04:00;16.0;66;9.6;15.2;0;0.0;0.0;0.0;0.0;0.0;0;P1;Ensoleillé;1019.0;971.6;0;0;0;1;42260.0;0.0;0.62;4.8;7.9;281;13.1;;;;;;;;
Corte;42.3;9.15;11/06/2026;05:00;17.0;60;9.1;16.0;0;0.0;0.0;0.0;0.0;0.0;0;P1;Ensoleillé;1018.9;971.7;0;0;0;1;43800.0;0.0;0.78;5.5;7.9;281;14.9;;;;;;;;
Corte;42.3;9.15;11/06/2026;06:00;18.2;54;8.6;17.0;0;0.0;0.0;0.0;0.0;0.0;0;P1;Ensoleillé;1018.7;971.7;1;0;0;0;45340.0;0.0;0.98;6.0;7.6;280;17.0;;;;;;;;
Corte;42.3;9.15;11/06/2026;07:00;19.5;48;8.2;18.1;1;0.0;0.0;0.0;0.0;0.0;0;P1;Ensoleillé;1018.6;971.8;1;0;0;0;46860.0;0.0;1.18;6.3;6.5;277;19.2;;;;;;;;
Corte;42.3;9.15;11/06/2026;08:00;20.6;43;7.7;19.1;2;0.0;0.0;0.0;0.0;0.0;0;P1;Ensoleillé;1018.4;971.8;1;0;0;0;48400.0;0.0;1.38;6.5;6.1;270;21.3;;;;;;;;
Corte;42.3;9.15;11/06/2026;09:00;21.9;38;7.0;20.2;5;0.0;0.0;0.0;0.0;0.0;0;P1;Ensoleillé;1018.2;971.8;1;0;0;0;48420.0;0.0;1.62;6.6;5.8;257;23.6;;;;;;;;
Corte;42.3;9.15;11/06/2026;10:00;23.3;33;6.3;21.4;8;0.0;0.0;0.0;0.0;0.0;0;P1;Ensoleillé;1018.0;971.8;0;0;0;0;48420.0;0.0;1.91;7.2;5.8;238;26.5;;;;;;;;
Corte;42.3;9.15;11/06/2026;11:00;24.8;29;5.5;23.2;12;0.0;0.0;0.0;0.0;0.0;0;P1;Ensoleillé;1017.8;971.8;0;0;0;0;48440.0;0.0;2.24;8.5;6.5;222;29.5;;;;;;;;
Corte;42.3;9.15;11/06/2026;12:00;26.1;26;4.9;24.9;16;0.0;0.0;0.0;0.0;0.0;0;P1;Ensoleillé;1017.6;971.8;0;0;0;0;48440.0;0.0;2.52;10.0;8.6;210;32.2;;;;;;;;
Corte;42.3;9.15;11/06/2026;13:00;27.1;24;4.6;26.2;20;0.0;0.0;0.0;0.0;0.0;0;P1;Ensoleillé;1017.5;971.9;0;0;0;0;48460.0;0.0;2.75;11.4;11.9;201;34.1;;;;;;;;
Corte;42.3;9.15;11/06/2026;14:00;27.5;23;4.8;26.8;24;0.0;0.0;0.0;0.0;0.0;0;P1;Ensoleillé;1017.4;971.8;0;0;0;0;48460.0;0.0;2.82;11.7;13.7;195;34.9;;;;;;;;
Corte;42.3;9.15;11/06/2026;15:00;27.3;25;5.7;26.8;27;0.0;0.0;0.0;0.0;0.0;0;P1;Ensoleillé;1017.4;971.8;2;1;0;2;46920.0;0.0;2.71;10.9;13.0;188;34.3;;;;;;;;
Corte;42.3;9.15;11/06/2026;16:00;26.4;30;7.3;26.1;30;0.0;0.0;0.0;0.0;0.0;0;P1;Ensoleillé;1017.5;971.8;6;2;0;4;45380.0;0.0;2.43;9.4;11.2;175;32.5;;;;;;;;
Corte;42.3;9.15;11/06/2026;17:00;25.3;36;9.2;24.9;32;0.0;0.0;0.0;0.0;0.0;0;P1;Ensoleillé;1017.6;971.7;10;4;0;6;43860.0;0.0;2.06;8.2;9.4;154;30.0;;;;;;;;
Corte;42.3;9.15;11/06/2026;18:00;23.9;45;11.1;23.2;33;0.0;0.0;0.0;0.0;0.0;0;P1;Ensoleillé;1017.8;971.7;14;5;0;9;42320.0;0.0;1.64;7.8;7.2;130;27.2;;;;;;;;
Corte;42.3;9.15;11/06/2026;19:00;22.5;54;12.7;22.2;34;0.0;0.0;0.0;0.0;0.0;0;P1;Ensoleillé;1018.0;971.7;17;7;0;12;40780.0;0.0;1.26;8.2;5.0;112;24.4;;;;;;;;
Corte;42.3;9.15;11/06/2026;20:00;21.4;62;13.8;21.4;33;0.0;0.0;0.0;0.0;0.0;1;P2;Éclaircies;1018.2;971.7;20;7;0;14;39240.0;0.0;0.97;8.3;4.0;101;22.2;;;;;;;;
Corte;42.3;9.15;11/06/2026;21:00;20.2;69;14.3;20.6;29;0.0;0.0;0.0;0.0;0.0;1;P2;Éclaircies;1018.5;971.8;22;7;0;16;38780.0;0.0;0.74;7.3;4.3;97;20.3;;;;;;;;
Corte;42.3;9.15;11/06/2026;22:00;19.0;76;14.6;19.8;24;0.0;0.0;0.0;0.0;0.0;1;P2;Éclaircies;1018.9;972.0;23;5;0;18;38320.0;0.0;0.54;5.2;5.8;94;18.3;;;;;;;;
Corte;42.3;9.15;11/06/2026;23:00;17.7;82;14.6;18.9;19;0.0;0.0;0.0;0.0;0.0;1;P2;Éclaircies;1019.3;972.2;23;4;0;20;37880.0;0.0;0.37;2.7;6.8;90;16.3;;;;;;;;
Corte;42.3;9.15;12/06/2026;00:00;16.6;86;14.3;18.0;13;0.0;0.0;0.0;0.0;0.0;1;P2;Éclaircies;1019.6;972.3;24;2;0;22;37420.0;0.0;0.27;0.3;6.8;315;14.7;;;;;;;;
Corte;42.3;9.15;12/06/2026;01:00;15.8;88;13.8;16.6;7;0.0;0.0;0.0;0.0;0.0;1;P2;Éclaircies;1020.0;972.5;25;1;0;24;36960.0;0.0;0.22;2.7;6.5;278;13.6;;;;;;;;
Corte;42.3;9.15;12/06/2026;02:00;15.4;86;13.0;15.8;6;0.0;0.0;0.0;0.0;0.0;1;P2;Éclaircies;1020.2;972.7;27;0;0;27;36500.0;0.0;0.25;4.6;6.1;279;13.1;;;;;;;;
Corte;42.3;9.15;12/06/2026;03:00;15.6;78;11.8;15.3;6;0.0;0.0;0.0;0.0;0.0;1;P2;Éclaircies;1020.3;972.8;30;0;0;30;38500.0;0.0;0.39;5.9;6.1;282;13.4;;;;;;;;
Corte;42.3;9.15;12/06/2026;04:00;16.1;66;9.9;15.1;7;0.0;0.0;0.0;0.0;0.0;1;P2;Éclaircies;1020.4;973.0;33;0;0;34;40480.0;0.0;0.62;6.9;6.5;287;14.3;;;;;;;;
Corte;42.3;9.15;12/06/2026;05:00;17.0;54;7.8;15.3;7;0.0;0.0;0.0;0.0;0.0;1;P2;Éclaircies;1020.4;973.1;38;0;0;38;42480.0;0.0;0.89;8.1;6.1;291;15.8;;;;;;;;
Corte;42.3;9.15;12/06/2026;06:00;18.1;44;5.8;15.8;6;0.0;0.0;0.0;0.0;0.0;1;P2;Éclaircies;1020.3;973.2;42;0;0;42;44480.0;0.0;1.15;8.5;4.7;294;17.5;;;;;;;;
Corte;42.3;9.15;12/06/2026;07:00;19.2;37;4.2;16.6;6;0.0;0.0;0.0;0.0;0.0;1;P2;Éclaircies;1020.3;973.3;45;0;0;45;46460.0;0.0;1.4;8.5;2.9;297;19.5;;;;;;;;
Corte;42.3;9.15;12/06/2026;08:00;20.2;33;3.5;17.6;6;0.0;0.0;0.0;0.0;0.0;1;P2;Éclaircies;1020.2;973.4;48;0;0;48;48460.0;0.0;1.58;7.7;2.2;300;21.3;;;;;;;;
Corte;42.3;9.15;12/06/2026;09:00;21.2;32;3.8;19.0;7;0.0;0.0;0.0;0.0;0.0;2;P8;Éclaircies;1020.1;973.5;50;0;0;50;48460.0;0.0;1.72;5.7;3.2;305;23.4;;;;;;;;
Corte;42.3;9.15;12/06/2026;10:00;22.5;32;4.8;20.9;8;0.0;0.0;0.0;0.0;0.0;2;P8;Éclaircies;1020.0;973.6;52;0;0;52;48460.0;0.0;1.86;2.7;5.4;323;25.9;;;;;;;;
Corte;42.3;9.15;12/06/2026;11:00;23.8;33;6.3;23.3;9;0.0;0.0;0.0;0.0;0.0;2;P8;Éclaircies;1019.8;973.6;53;1;0;53;48480.0;0.0;1.99;2.3;7.6;67;28.5;;;;;;;;
Corte;42.3;9.15;12/06/2026;12:00;26.2;34;9.3;26.5;10;0.0;0.0;0.0;0.0;0.0;2;P8;Éclaircies;1019.5;973.7;66;1;4;66;42395.0;0.0;2.24;6.3;10.4;87;31.1;;;;;;;;
Corte;42.3;9.15;12/06/2026;13:00;28.8;34;11.4;29.7;11;0.0;0.0;0.0;0.0;0.0;2;P8;Éclaircies;1019.3;973.8;77;0;14;77;36310.0;0.0;2.64;8.3;13.3;87;33.2;;;;;;;;
Corte;42.3;9.15;12/06/2026;14:00;31.1;33;12.8;32.5;13;0.0;0.0;0.0;0.0;0.0;2;P8;Éclaircies;1019.0;973.9;89;0;27;89;30225.0;0.0;3.06;8.4;14.4;85;34.7;;;;;;;;
Corte;42.3;9.15;12/06/2026;15:00;32.1;33;13.8;33.6;15;0.0;0.0;0.0;0.0;0.0;3;P4;Nuageux;1018.7;973.7;100;0;30;100;24140.0;0.0;3.21;8.2;12.6;75;;;;;;;;;
Corte;42.3;9.15;12/06/2026;16:00;30.9;36;14.1;32.0;17;0.0;0.0;0.0;0.0;0.0;3;P4;Nuageux;1018.6;973.5;100;0;17;100;24140.0;0.0;2.86;9.6;9.0;70;;;;;;;;;
Corte;42.3;9.15;12/06/2026;17:00;29.6;40;14.6;30.2;19;0.0;0.0;0.0;0.0;0.0;3;P4;Nuageux;1018.5;973.2;100;0;7;100;24140.0;0.0;2.48;9.8;6.1;66;;;;;;;;;
Corte;42.3;9.15;12/06/2026;18:00;28.2;47;15.8;28.9;21;0.0;0.0;0.0;0.0;0.0;3;P4;Nuageux;1018.5;973.0;83;0;4;82;24140.0;0.0;2.03;8.9;5.4;69;;;;;;;;;
Corte;42.3;9.15;12/06/2026;19:00;26.8;54;16.7;28.1;22;0.0;0.0;0.0;0.0;0.0;2;P8;Éclaircies;1018.5;972.8;59;0;3;57;24140.0;0.0;1.62;6.8;5.4;72;;;;;;;;;
Corte;42.3;9.15;12/06/2026;20:00;25.3;59;16.7;27.0;23;0.0;0.0;0.0;0.0;0.0;1;P2;Éclaircies;1018.6;972.7;39;0;3;35;24140.0;0.0;1.32;4.0;5.8;80;;;;;;;;;
Corte;42.3;9.15;12/06/2026;21:00;23.7;58;15.0;25.3;23;0.0;0.0;0.0;0.0;0.0;1;P2;Éclaircies;1018.7;972.5;26;0;3;20;24140.0;0.0;1.23;0.7;5.8;180;;;;;;;;;
Corte;42.3;9.15;12/06/2026;22:00;22.2;54;12.4;22.2;22;0.0;0.0;0.0;0.0;0.0;0;P1;Ensoleillé;1018.8;972.4;17;0;4;9;24140.0;0.0;1.23;5.4;6.1;250;;;;;;;;;
Corte;42.3;9.15;12/06/2026;23:00;21.1;49;9.9;19.7;21;0.0;0.0;0.0;0.0;0.0;0;P1;Ensoleillé;1018.7;972.1;10;0;5;2;24140.0;0.0;1.27;9.1;6.5;252;;;;;;;;;
Pietralba;42.54;9.18;28/05/2026;00:00;18.7;56;9.8;18.4;0;0.0;0.0;0.0;0.0;0.0;0;P1;Ensoleillé;1019.5;957.6;0;0;0;0;41900.0;-0.0;0.95;1.8;3.2;143;13.8;17.9;20.7;17.2;0.036;0.081;0.119;0.188;0.263
Pietralba;42.54;9.18;28/05/2026;01:00;18.0;59;9.9;17.8;0;0.0;0.0;0.0;0.0;0.0;0;P1;Ensoleillé;1019.4;957.4;0;0;0;0;41420.0;-0.0;0.85;1.0;2.9;135;13.1;17.2;20.1;17.2;0.036;0.081;0.119;0.188;0.263
Pietralba;42.54;9.18;28/05/2026;02:00;17.5;61;9.9;17.3;0;0.0;0.0;0.0;0.0;0.0;0;P1;Ensoleillé;1019.1;957.0;0;0;0;0;41220.0;-0.0;0.78;1.6;1.8;153;12.9;16.7;19.6;17.2;0.035;0.079;0.119;0.194;0.263
Pietralba;42.54;9.18;28/05/2026;03:00;17.0;62;9.7;16.7;0;0.0;0.0;0.0;0.0;0.0;1;P2;Éclaircies;1018.5;956.3;10;0;0;10;40980.0;-0.0;0.74;1.6;1.8;117;12.4;16.2;19.1;17.2;0.035;0.079;0.119;0.194;0.263
Pietralba;42.54;9.18;28/05/2026;04:00;17.0;60;9.2;16.6;0;0.0;0.0;0.0;0.0;0.0;1;P2;Éclaircies;1018.1;956.0;14;0;0;14;41200.0;-0.0;0.78;1.5;1.8;76;12.1;15.6;18.6;17.2;0.036;0.079;0.119;0.194;0.263
Pietralba;42.54;9.18;28/05/2026;05:00;16.0;67;9.9;15.9;0;0.0;0.0;0.0;0.0;0.0;1;P2;Éclaircies;1018.4;956.1;0;0;0;0;40160.0;-0.0;0.6;1.0;1.4;45;11.5;15.0;18.1;17.2;0.036;0.079;0.119;0.194;0.263
Pietralba;42.54;9.18;28/05/2026;06:00;15.7;68;9.9;15.5;0;0.0;0.0;0.0;0.0;0.0;0;P1;Ensoleillé;1018.8;956.4;0;0;0;0;40020.0;-0.0;0.57;1.6;1.4;63;11.2;14.7;17.6;17.2;0.036;0.079;0.119;0.194;0.263
Pietralba;42.54;9.18;28/05/2026;07:00;17.1;64;10.2;16.9;0;0.0;0.0;0.0;0.0;0.0;0;P1;Ensoleillé;1019.1;956.9;0;0;0;0;40700.0;-0.0;0.7;1.8;1.8;79;15.4;14.8;17.2;17.2;0.037;0.079;0.119;0.194;0.263
Pietralba;42.54;9.18;28/05/2026;08:00;19.5;65;12.7;20.3;0;0.0;0.0;0.0;0.0;0.0;0;P1;Ensoleillé;1019.1;957.4;0;0;0;0;39680.0;0.03;0.79;0.5;2.9;135;21.6;17.0;17.1;17.2;0.037;0.079;0.119;0.194;0.263
Pietralba;42.54;9.18;28/05/2026;09:00;22.8;56;13.6;23.8;0;0.0;0.0;0.0;0.0;0.0;0;P1;Ensoleillé;1018.3;957.3;0;0;0;0;40880.0;0.17;1.22;1.0;6.1;135;25.7;19.2;17.2;17.1;0.037;0.079;0.119;0.194;0.263
Pietralba;42.54;9.18;28/05/2026;10:00;25.6;41;11.4;26.1;0;0.0;0.0;0.0;0.0;0.0;0;P1;Ensoleillé;1018.4;958.0;0;0;0;0;43040.0;0.3;1.94;0.5;5.0;315;28.8;21.4;17.6;17.1;0.036;0.079;0.119;0.193;0.263
Pietralba;42.54;9.18;28/05/2026;11:00;27.3;40;12.6;29.2;0;0.0;0.0;0.0;0.0;0.0;0;P1;Ensoleillé;1018.4;958.3;0;0;0;0;43000.0;0.38;2.18;1.6;10.4;27;31.6;23.3;18.2;17.1;0.036;0.079;0.119;0.192;0.262
Pietralba;42.54;9.18;28/05/2026;12:00;28.6;36;12.1;30.4;0;0.0;0.0;0.0;0.0;0.0;0;P1;Ensoleillé;1018.3;958.5;0;0;0;0;43960.0;0.4;2.5;5.1;15.5;356;33.7;24.9;18.8;17.1;0.035;0.079;0.118;0.192;0.262
Pietralba;42.54;9.18;28/05/2026;13:00;28.7;39;13.4;30.6;0;0.0;0.0;0.0;0.0;0.0;0;P1;Ensoleillé;1018.4;958.6;3;3;0;0;42980.0;0.39;2.41;9.7;24.8;358;34.7;26.4;19.6;17.1;0.035;0.079;0.118;0.191;0.262
Pietralba;42.54;9.18;28/05/2026;14:00;28.7;40;13.8;30.4;0;0.0;0.0;0.0;0.0;0.0;1;P2;Éclaircies;1018.0;958.2;8;7;1;0;42460.0;0.37;2.36;11.5;25.9;4;34.2;27.1;20.3;17.1;0.034;0.079;0.118;0.19;0.261
Pietralba;42.54;9.18;28/05/2026;15:00;28.5;38;12.8;30.0;0;0.0;0.0;0.0;0.0;0.0;0;P1;Ensoleillé;1017.7;957.9;5;4;1;0;43220.0;0.35;2.42;9.4;28.4;358;34.1;27.5;21.0;17.2;0.034;0.079;0.117;0.189;0.261
Pietralba;42.54;9.18;28/05/2026;16:00;28.4;38;12.7;29.5;0;0.0;0.0;0.0;0.0;0.0;0;P1;Ensoleillé;1017.6;957.8;3;3;0;0;43220.0;0.31;2.4;8.0;23.8;350;33.5;27.8;21.7;17.2;0.033;0.079;0.117;0.189;0.26
Pietralba;42.54;9.18;28/05/2026;17:00;27.7;41;13.3;28.4;0;0.0;0.0;0.0;0.0;0.0;0;P1;Ensoleillé;1017.6;957.6;0;0;0;0;42560.0;0.27;2.2;7.6;21.6;357;31.2;27.5;22.2;17.2;0.033;0.079;0.117;0.188;0.26
Pietralba;42.54;9.18;28/05/2026;18:00;27.0;42;13.0;26.9;0;0.0;0.0;0.0;0.0;0.0;0;P1;Ensoleillé;1017.5;957.4;0;0;0;0;42400.0;0.22;2.07;6.8;19.1;357;28.9;26.9;22.5;17.3;0.033;0.079;0.117;0.188;0.26
Pietralba;42.54;9.18;28/05/2026;19:00;25.9;44;12.7;26.0;0;0.0;0.0;0.0;0.0;0.0;0;P1;Ensoleillé;1017.3;957.0;3;0;3;0;42140.0;0.14;1.87;4.9;16.9;343;26.4;26.0;22.8;17.4;0.033;0.079;0.117;0.188;0.26
Pietralba;42.54;9.18;28/05/2026;20:00;24.3;48;12.6;24.6;3;0.0;0.0;0.0;0.0;0.0;0;P1;Ensoleillé;1017.7;957.1;4;0;4;0;41720.0;0.07;1.58;4.0;12.6;350;22.9;24.7;22.8;17.4;0.034;0.079;0.117;0.188;0.26
Pietralba;42.54;9.18;28/05/2026;21:00;22.0;59;13.7;22.7;3;0.0;0.0;0.0;0.0;0.0;0;P1;Ensoleillé;1018.0;956.9;4;0;4;0;40560.0;0.02;1.09;3.4;9.0;32;19.1;22.9;22.7;17.5;0.034;0.079;0.117;0.188;0.26
Pietralba;42.54;9.18;28/05/2026;22:00;20.6;69;14.7;21.5;3;0.0;0.0;0.0;0.0;0.0;1;P2;Éclaircies;1018.7;957.3;12;0;1;11;38520.0;0.01;0.75;4.7;7.6;58;18.0;21.3;22.3;17.5;0.034;0.078;0.117;0.188;0.26
Pietralba;42.54;9.18;28/05/2026;23:00;19.5;76;15.2;20.7;5;0.0;0.0;0.0;0.0;0.0;0;P1;Ensoleillé;1018.7;957.1;1;1;0;0;36680.0;-0.0;0.55;4.4;6.8;99;17.0;20.3;21.9;17.6;0.035;0.078;0.117;0.188;0.259
Pietralba;42.54;9.18;29/05/2026;00:00;19.1;79;15.4;20.5;0;0.0;0.0;0.0;0.0;0.0;1;P2;Éclaircies;1019.3;957.5;38;1;8;29;35380.0;-0.0;0.46;2.9;7.9;97;16.4;19.6;21.5;17.6;0.035;0.078;0.117;0.188;0.259
Pietralba;42.54;9.18;29/05/2026;01:00;18.8;80;15.3;20.4;3;0.0;0.0;0.0;0.0;0.0;3;P4;Nuageux;1019.3;957.5;100;1;67;100;34880.0;-0.0;0.44;1.8;5.4;90;16.0;18.9;21.0;17.6;0.036;0.078;0.117;0.188;0.259
Pietralba;42.54;9.18;29/05/2026;02:00;18.6;81;15.3;20.1;10;0.0;0.0;0.0;0.0;0.0;3;P4;Nuageux;1019.3;957.4;100;0;63;100;34220.0;-0.0;0.41;1.8;4.3;79;16.1;18.5;20.5;17.6;0.037;0.078;0.117;0.188;0.259
Pietralba;42.54;9.18;29/05/2026;03:00;18.2;82;15.1;19.9;10;0.0;0.0;0.0;0.0;0.0;3;P4;Nuageux;1018.7;956.8;100;0;88;100;33660.0;-0.0;0.38;0.5;4.3;135;15.9;18.3;20.1;17.7;0.037;0.078;0.117;0.188;0.259
Pietralba;42.54;9.18;29/05/2026;04:00;18.6;71;13.2;18.9;25;0.0;0.0;0.0;0.0;0.0;3;P4;Nuageux;1018.6;956.8;100;0;54;100;40000.0;-0.0;0.62;5.1;8.3;94;16.5;18.1;19.8;17.7;0.038;0.078;0.117;0.188;0.259
Pietralba;42.54;9.18;29/05/2026;05:00;18.1;71;12.8;18.2;20;0.0;0.0;0.0;0.0;0.0;1;P2;Éclaircies;1019.0;957.1;50;0;43;16;38140.0;0.01;0.6;5.9;13.0;101;16.7;18.1;19.5;17.7;0.038;0.078;0.117;0.188;0.259
Pietralba;42.54;9.18;29/05/2026;06:00;17.7;75;13.3;17.9;10;0.0;0.0;0.0;0.0;0.0;1;P2;Éclaircies;1019.8;957.7;44;0;43;5;36560.0;0.01;0.51;5.8;13.3;90;16.2;17.9;19.2;17.7;0.038;0.078;0.117;0.188;0.259
Pietralba;42.54;9.18;29/05/2026;07:00;18.1;78;14.2;18.7;15;0.0;0.0;0.0;0.0;0.0;1;P2;Éclaircies;1020.0;958.0;42;0;42;2;34380.0;0.02;0.46;5.1;11.5;82;18.2;17.9;18.9;17.7;0.039;0.078;0.117;0.188;0.259
Pietralba;42.54;9.18;29/05/2026;08:00;20.9;68;14.8;21.5;8;0.0;0.0;0.0;0.0;0.0;1;P2;Éclaircies;1020.0;958.5;28;1;13;16;38460.0;0.07;0.79;6.7;16.6;126;22.6;19.0;18.8;17.7;0.039;0.078;0.117;0.187;0.259
Pietralba;42.54;9.18;29/05/2026;09:00;22.6;58;13.9;22.9;8;0.0;0.0;0.0;0.0;0.0;3;P4;Nuageux;1020.1;959.0;95;0;0;95;40440.0;0.18;1.15;6.6;17.6;119;25.2;20.5;18.9;17.7;0.039;0.078;0.117;0.187;0.259
Pietralba;42.54;9.18;29/05/2026;10:00;24.4;52;13.9;24.8;8;0.0;0.0;0.0;0.0;0.0;3;P4;Nuageux;1020.2;959.4;100;0;52;100;41220.0;0.27;1.47;5.9;17.6;101;28.0;22.1;19.1;17.6;0.038;0.078;0.117;0.187;0.259
Pietralba;42.54;9.18;29/05/2026;11:00;25.1;50;13.9;25.7;5;0.0;0.0;0.0;0.0;0.0;3;P4;Nuageux;1020.6;959.9;100;0;35;100;41200.0;0.32;1.59;5.4;19.1;90;28.3;23.3;19.5;17.6;0.037;0.078;0.117;0.186;0.258
Pietralba;42.54;9.18;29/05/2026;12:00;25.0;50;13.9;26.4;30;0.1;0.0;0.1;0.0;0.0;3;P4;Nuageux;1021.0;960.3;100;44;43;100;41260.0;0.33;1.58;3.3;16.9;283;26.8;24.4;19.9;17.7;0.051;0.078;0.116;0.185;0.258
Pietralba;42.54;9.18;29/05/2026;13:00;24.2;58;15.5;25.8;53;0.1;0.0;0.1;0.0;0.0;3;P4;Nuageux;1021.2;960.3;100;11;68;100;39860.0;0.3;1.27;3.4;18.4;342;29.3;24.3;20.4;17.7;0.055;0.078;0.116;0.185;0.258
Pietralba;42.54;9.18;29/05/2026;14:00;25.4;54;15.4;27.6;50;0.1;0.0;0.1;0.0;0.0;3;P4;Nuageux;1020.8;960.2;100;43;86;100;39960.0;0.3;1.49;2.3;13.3;18;29.4;25.1;20.7;17.7;0.052;0.078;0.116;0.184;0.258
Pietralba;42.54;9.18;29/05/2026;15:00;24.7;57;15.6;25.9;53;0.2;0.0;0.2;0.0;0.0;3;P4;Nuageux;1020.6;959.9;100;5;99;100;40040.0;0.3;1.34;4.9;16.2;73;27.4;25.1;21.1;17.7;0.065;0.078;0.116;0.184;0.257
Pietralba;42.54;9.18;29/05/2026;16:00;24.5;60;16.2;26.1;48;0.0;0.0;0.0;0.0;0.0;3;P4;Nuageux;1020.8;960.0;100;10;94;100;38880.0;0.23;1.23;4.0;14.8;90;27.0;24.7;21.4;17.7;0.061;0.078;0.116;0.184;0.257
Pietralba;42.54;9.18;29/05/2026;17:00;24.5;59;16.0;26.3;40;0.0;0.0;0.0;0.0;0.0;3;P4;Nuageux;1020.5;959.7;100;48;99;100;39140.0;0.19;1.26;2.3;14.8;129;26.8;24.5;21.6;17.8;0.058;0.078;0.116;0.183;0.257
Pietralba;42.54;9.18;29/05/2026;18:00;24.6;59;16.1;26.2;20;0.0;0.0;0.0;0.0;0.0;2;P8;Éclaircies;1020.3;959.6;74;48;31;19;39380.0;0.18;1.27;2.9;9.4;150;26.4;24.6;21.8;17.8;0.056;0.078;0.116;0.183;0.257
Pietralba;42.54;9.18;29/05/2026;19:00;24.0;63;16.5;25.6;0;0.0;0.0;0.0;0.0;0.0;3;P4;Nuageux;1020.5;959.6;99;36;68;99;38780.0;0.11;1.1;4.7;12.2;113;24.4;24.1;21.9;17.8;0.054;0.078;0.115;0.183;0.257
Pietralba;42.54;9.18;29/05/2026;20:00;22.6;71;17.1;24.5;0;0.0;0.0;0.0;0.0;0.0;3;P4;Nuageux;1020.6;959.5;100;3;6;100;36120.0;0.06;0.8;4.4;14.8;125;21.8;23.1;21.9;17.9;0.053;0.078;0.115;0.183;0.257
Pietralba;42.54;9.18;29/05/2026;21:00;20.8;80;17.2;22.7;0;0.0;0.0;0.0;0.0;0.0;0;P1;Ensoleillé;1020.7;959.2;3;0;0;3;32160.0;0.02;0.49;4.2;10.4;110;18.7;21.8;21.8;17.9;0.053;0.078;0.116;0.183;0.256
Pietralba;42.54;9.18;29/05/2026;22:00;19.3;86;16.9;21.2;0;0.0;0.0;0.0;0.0;0.0;2;P8;Éclaircies;1021.1;959.3;68;0;0;68;29100.0;-0.0;0.31;3.9;8.6;124;17.2;20.4;21.5;17.9;0.053;0.078;0.116;0.183;0.256
Pietralba;42.54;9.18;29/05/2026;23:00;18.1;89;16.3;19.6;0;0.0;0.0;0.0;0.0;0.0;1;P2;Éclaircies;1021.5;959.4;29;1;0;29;24800.0;-0.0;0.23;4.2;8.3;110;16.6;19.5;21.1;17.9;0.054;0.078;0.116;0.183;0.256
Pietralba;42.54;9.18;30/05/2026;00:00;17.2;91;15.7;18.6;0;0.0;0.0;0.0;0.0;0.0;3;P4;Nuageux;1021.7;959.4;100;1;0;100;22580.0;-0.0;0.18;3.5;5.8;114;15.1;18.2;20.4;18.0;0.093;0.086;0.116;0.183;0.257
Pietralba;42.54;9.18;30/05/2026;01:00;16.5;91;15.1;17.7;0;0.0;0.0;0.0;0.0;0.0;2;P8;Éclaircies;1021.6;959.2;67;1;0;67;22960.0;-0.0;0.17;3.4;5.8;122;14.4;17.5;20.0;18.0;0.093;0.086;0.116;0.183;0.257
Pietralba;42.54;9.18;30/05/2026;02:00;16.1;89;14.3;17.1;0;0.0;0.0;0.0;0.0;0.0;1;P2;Éclaircies;1021.4;958.9;38;1;0;37;25060.0;-0.0;0.2;3.4;5.8;108;13.7;16.9;19.6;18.0;0.093;0.087;0.116;0.183;0.257
Pietralba;42.54;9.18;30/05/2026;03:00;15.9;87;13.8;16.6;0;0.0;0.0;0.0;0.0;0.0;0;P1;Ensoleillé;1021.1;958.6;1;1;0;0;28580.0;-0.0;0.24;3.7;5.0;101;13.2;16.3;19.1;18.0;0.093;0.087;0.116;0.183;0.257
Pietralba;42.54;9.18;30/05/2026;04:00;15.6;84;12.9;16.0;0;0.0;0.0;0.0;0.0;0.0;0;P1;Ensoleillé;1020.8;958.2;1;1;0;0;31000.0;-0.0;0.28;3.4;5.4;108;12.7;15.8;18.7;18.0;0.092;0.087;0.116;0.183;0.257
Pietralba;42.54;9.18;30/05/2026;05:00;15.2;84;12.6;15.5;0;0.0;0.0;0.0;0.0;0.0;0;P1;Ensoleillé;1020.7;958.0;0;0;0;0;31380.0;-0.0;0.28;3.9;6.1;112;12.4;15.4;18.3;17.9;0.092;0.087;0.116;0.183;0.256
Pietralba;42.54;9.18;30/05/2026;06:00;15.0;84;12.3;15.1;0;0.0;0.0;0.0;0.0;0.0;0;P1;Ensoleillé;1020.9;958.2;0;0;0;0;31500.0;-0.0;0.27;4.0;6.8;117;12.1;15.0;17.9;17.9;0.092;0.088;0.116;0.183;0.256
Pietralba;42.54;9.18;30/05/2026;07:00;15.9;82;12.8;16.2;0;0.0;0.0;0.0;0.0;0.0;0;P1;Ensoleillé;1021.1;958.6;0;0;0;0;32480.0;0.01;0.33;4.0;7.9;117;15.3;15.1;17.5;17.9;0.091;0.088;0.116;0.183;0.256
Pietralba;42.54;9.18;30/05/2026;08:00;19.0;79;15.3;20.3;0;0.0;0.0;0.0;0.0;0.0;0;P1;Ensoleillé;1021.1;959.2;0;0;0;0;33700.0;0.05;0.46;3.3;9.4;131;21.3;16.9;17.3;17.9;0.09;0.088;0.116;0.183;0.256
Pietralba;42.54;9.18;30/05/2026;09:00;22.5;60;14.4;23.4;0;0.0;0.0;0.0;0.0;0.0;0;P1;Ensoleillé;1021.0;959.8;0;0;0;0;40160.0;0.17;1.09;4.2;13.3;160;25.6;19.5;17.5;17.8;0.086;0.088;0.116;0.183;0.256
Pietralba;42.54;9.18;30/05/2026;10:00;24.4;52;13.9;25.4;0;0.0;0.0;0.0;0.0;0.0;0;P1;Ensoleillé;1020.6;959.8;0;0;0;0;41180.0;0.31;1.47;3.8;13.0;131;27.8;21.7;17.9;17.8;0.081;0.088;0.116;0.183;0.256
Pietralba;42.54;9.18;30/05/2026;11:00;25.9;46;13.4;27.7;0;0.0;0.0;0.0;0.0;0.0;0;P1;Ensoleillé;1020.5;960.0;0;0;0;0;41900.0;0.4;1.81;3.9;13.0;112;30.0;23.3;18.5;17.8;0.074;0.088;0.116;0.182;0.256
Pietralba;42.54;9.18;30/05/2026;12:00;27.0;41;12.6;28.9;0;0.0;0.0;0.0;0.0;0.0;0;P1;Ensoleillé;1020.2;959.9;3;1;2;0;42740.0;0.43;2.1;4.3;14.4;90;30.9;24.7;19.1;17.8;0.068;0.088;0.115;0.181;0.255
Pietralba;42.54;9.18;30/05/2026;13:00;28.0;37;12.0;30.4;5;0.0;0.0;0.0;0.0;0.0;0;P1;Ensoleillé;1019.8;959.8;3;1;2;0;43680.0;0.43;2.39;3.4;14.4;58;32.8;25.9;19.8;17.8;0.062;0.088;0.115;0.181;0.255
Pietralba;42.54;9.18;30/05/2026;14:00;28.2;40;13.3;30.2;23;0.0;0.0;0.0;0.0;0.0;0;P1;Ensoleillé;1019.2;959.2;7;5;2;0;42540.0;0.41;2.29;8.3;21.6;355;34.2;27.0;20.5;17.8;0.056;0.088;0.115;0.18;0.255
Pietralba;42.54;9.18;30/05/2026;15:00;27.5;46;14.8;29.4;25;0.0;0.0;0.0;0.0;0.0;2;P8;Éclaircies;1018.8;958.7;62;37;42;0;41460.0;0.35;1.98;9.5;24.5;335;32.5;27.3;21.2;17.8;0.052;0.088;0.114;0.179;0.254
Pietralba;42.54;9.18;30/05/2026;16:00;27.1;47;14.9;28.6;25;0.0;0.0;0.0;0.0;0.0;2;P8;Éclaircies;1018.5;958.4;49;29;21;11;41440.0;0.3;1.91;8.7;23.8;322;31.2;27.3;21.8;17.8;0.05;0.088;0.114;0.179;0.254
Pietralba;42.54;9.18;30/05/2026;17:00;26.7;49;15.1;27.5;23;0.0;0.0;0.0;0.0;0.0;0;P1;Ensoleillé;1018.2;958.0;7;6;1;0;41240.0;0.26;1.79;9.2;21.2;315;29.9;26.9;22.2;17.9;0.049;0.088;0.114;0.178;0.254
Pietralba;42.54;9.18;30/05/2026;18:00;26.1;51;15.2;26.5;18;0.0;0.0;0.0;0.0;0.0;0;P1;Ensoleillé;1018.1;957.8;9;9;0;0;41100.0;0.21;1.66;8.9;22.0;320;28.0;26.4;22.6;17.9;0.047;0.088;0.114;0.178;0.253
Pietralba;42.54;9.18;30/05/2026;19:00;25.1;54;15.1;25.8;11;0.0;0.0;0.0;0.0;0.0;0;P1;Ensoleillé;1018.0;957.5;15;5;0;13;40740.0;0.14;1.47;6.9;20.9;317;25.6;25.5;22.7;18.0;0.046;0.088;0.114;0.178;0.253
Pietralba;42.54;9.18;30/05/2026;20:00;23.8;57;14.8;24.8;5;0.0;0.0;0.0;0.0;0.0;3;P4;Nuageux;1018.1;957.3;99;0;0;99;40540.0;0.07;1.27;3.8;16.2;319;22.5;24.3;22.8;18.0;0.045;0.087;0.114;0.178;0.253
Pietralba;42.54;9.18;30/05/2026;21:00;21.6;68;15.5;23.1;2;0.0;0.0;0.0;0.0;0.0;3;P4;Nuageux;1018.3;957.1;100;13;0;100;39380.0;0.02;0.83;2.9;9.4;330;18.9;22.6;22.6;18.0;0.045;0.087;0.114;0.178;0.253
Pietralba;42.54;9.18;30/05/2026;22:00;20.1;76;15.8;21.9;1;0.0;0.0;0.0;0.0;0.0;3;P4;Nuageux;1018.7;957.2;100;0;0;100;36940.0;-0.0;0.57;1.6;5.0;297;17.5;21.1;22.3;18.1;0.046;0.087;0.114;0.178;0.253
Pietralba;42.54;9.18;30/05/2026;23:00;19.3;80;15.8;21.0;0;0.0;0.0;0.0;0.0;0.0;3;P4;Nuageux;1018.7;957.0;100;0;0;100;35440.0;-0.0;0.45;1.6;2.5;153;16.4;19.9;21.8;18.1;0.046;0.087;0.114;0.178;0.253
Pietralba;42.54;9.18;31/05/2026;00:00;18.8;81;15.5;20.5;0;0.0;0.0;0.0;0.0;0.0;3;P4;Nuageux;1018.8;957.0;100;0;0;100;34120.0;-0.0;0.41;1.0;2.2;135;16.0;19.1;21.4;18.1;0.047;0.087;0.114;0.178;0.253
Pietralba;42.54;9.18;31/05/2026;01:00;18.3;83;15.4;19.9;0;0.0;0.0;0.0;0.0;0.0;3;P4;Nuageux;1018.7;956.8;100;0;91;100;32520.0;-0.0;0.36;1.6;2.5;153;15.5;18.5;20.9;18.2;0.047;0.087;0.114;0.178;0.253
Pietralba;42.54;9.18;31/05/2026;02:00;17.9;84;15.2;19.6;0;0.0;0.0;0.0;0.0;0.0;3;P4;Nuageux;1018.4;956.4;100;0;82;100;31000.0;-0.0;0.33;0.8;2.5;63;15.0;18.0;20.4;18.2;0.048;0.087;0.114;0.178;0.253
Pietralba;42.54;9.18;31/05/2026;03:00;17.3;87;15.2;18.8;0;0.0;0.0;0.0;0.0;0.0;3;P4;Nuageux;1018.1;956.0;100;0;74;100;28360.0;-0.0;0.26;1.8;2.2;11;14.5;17.5;20.0;18.2;0.048;0.087;0.114;0.178;0.253
Pietralba;42.54;9.18;31/05/2026;04:00;16.9;87;14.8;18.2;0;0.0;0.0;0.0;0.0;0.0;3;P4;Nuageux;1017.9;955.8;96;0;96;90;28340.0;-0.0;0.25;2.5;3.6;360;14.4;17.1;19.6;18.2;0.049;0.087;0.114;0.178;0.253
Pietralba;42.54;9.18;31/05/2026;05:00;16.5;88;14.5;17.8;0;0.0;0.0;0.0;0.0;0.0;2;P8;Éclaircies;1017.7;955.5;81;0;81;3;26360.0;-0.0;0.23;1.1;2.5;108;13.7;16.7;19.2;18.2;0.049;0.086;0.114;0.178;0.253
Pietralba;42.54;9.18;31/05/2026;06:00;16.2;86;13.9;17.4;0;0.0;0.0;0.0;0.0;0.0;1;P2;Éclaircies;1017.6;955.3;35;0;35;0;29520.0;-0.0;0.26;1.0;2.2;135;12.8;16.2;18.8;18.2;0.05;0.086;0.114;0.178;0.253
Pietralba;42.54;9.18;31/05/2026;07:00;16.8;85;14.3;18.1;0;0.0;0.0;0.0;0.0;0.0;1;P2;Éclaircies;1017.7;955.6;32;0;32;0;30700.0;-0.0;0.29;0.8;1.8;117;16.3;16.1;18.4;18.1;0.05;0.086;0.114;0.178;0.253
Pietralba;42.54;9.18;31/05/2026;08:00;19.5;78;15.6;21.3;0;0.0;0.0;0.0;0.0;0.0;0;P1;Ensoleillé;1017.7;956.1;4;0;4;0;33280.0;0.04;0.5;0.8;4.0;117;22.0;17.9;18.2;18.1;0.05;0.086;0.114;0.178;0.253
Pietralba;42.54;9.18;31/05/2026;09:00;22.8;55;13.3;23.6;0;0.0;0.0;0.0;0.0;0.0;0;P1;Ensoleillé;1017.8;956.9;0;0;0;0;40620.0;0.17;1.25;1.6;5.4;207;25.7;20.1;18.3;18.1;0.049;0.086;0.114;0.178;0.253
Pietralba;42.54;9.18;31/05/2026;10:00;24.8;47;12.7;25.6;0;0.0;0.0;0.0;0.0;0.0;0;P1;Ensoleillé;1017.5;957.0;0;0;0;0;41740.0;0.31;1.66;1.8;6.1;281;28.2;21.9;18.6;18.1;0.048;0.086;0.114;0.177;0.252
Pietralba;42.54;9.18;31/05/2026;11:00;26.5;44;13.3;28.1;0;0.0;0.0;0.0;0.0;0.0;0;P1;Ensoleillé;1017.4;957.2;1;1;0;0;42100.0;0.37;1.94;3.9;11.2;304;31.0;23.7;19.1;18.1;0.046;0.086;0.114;0.176;0.252
Pietralba;42.54;9.18;31/05/2026;12:00;27.1;45;14.1;28.8;6;0.0;0.0;0.0;0.0;0.0;0;P1;Ensoleillé;1017.2;957.1;11;4;4;9;41840.0;0.38;1.97;7.6;18.7;315;31.9;25.3;19.7;18.1;0.044;0.086;0.113;0.176;0.252
Pietralba;42.54;9.18;31/05/2026;13:00;27.7;45;14.7;30.2;8;0.0;0.0;0.0;0.0;0.0;0;P1;Ensoleillé;1017.1;957.2;15;5;4;12;41700.0;0.37;2.04;7.1;19.8;330;34.3;26.7;20.4;18.1;0.042;0.086;0.113;0.175;0.251
Pietralba;42.54;9.18;31/05/2026;14:00;27.8;44;14.4;30.3;10;0.0;0.0;0.0;0.0;0.0;2;P8;Éclaircies;1016.6;956.7;73;17;53;16;41760.0;0.35;2.09;4.8;18.7;318;32.5;27.5;21.1;18.1;0.04;0.086;0.113;0.174;0.251
Pietralba;42.54;9.18;31/05/2026;15:00;27.5;44;14.2;29.9;12;0.1;0.0;0.1;0.0;0.0;1;P2;Éclaircies;1016.3;956.4;47;31;16;18;41860.0;0.32;2.06;1.1;17.6;198;30.9;27.1;21.8;18.1;0.045;0.085;0.113;0.174;0.251
Pietralba;42.54;9.18;31/05/2026;16:00;27.1;49;15.5;29.0;15;0.3;0.0;0.3;0.0;0.0;3;P4;Nuageux;1016.0;956.0;100;60;9;100;40740.0;0.29;1.83;4.7;14.4;148;30.6;26.9;22.2;18.1;0.043;0.085;0.112;0.173;0.25
Pietralba;42.54;9.18;31/05/2026;17:00;26.7;51;15.7;28.3;19;0.1;0.0;0.1;0.0;0.0;3;P4;Nuageux;1015.4;955.4;100;43;55;100;40980.0;0.25;1.72;2.5;16.9;180;28.9;26.7;22.6;18.2;0.047;0.085;0.112;0.173;0.25
Pietralba;42.54;9.18;31/05/2026;18:00;25.9;53;15.6;27.4;21;0.1;0.0;0.1;0.0;0.0;2;P8;Éclaircies;1015.2;955.0;65;25;0;46;40920.0;0.22;1.57;2.8;11.9;220;26.9;25.9;22.8;18.2;0.052;0.085;0.112;0.173;0.25
Pietralba;42.54;9.18;31/05/2026;19:00;25.6;54;15.6;27.4;23;0.0;0.0;0.0;0.0;0.0;0;P1;Ensoleillé;1015.1;954.9;13;6;0;12;40720.0;0.14;1.51;0.7;6.8;180;26.4;25.5;22.9;18.3;0.05;0.085;0.112;0.173;0.25
Pietralba;42.54;9.18;31/05/2026;20:00;24.6;61;16.6;26.5;23;0.0;0.0;0.0;0.0;0.0;1;P2;Éclaircies;1015.3;954.9;30;18;0;13;39920.0;0.07;1.21;3.2;5.0;153;23.5;24.7;23.0;18.3;0.049;0.085;0.112;0.173;0.25
Pietralba;42.54;9.18;31/05/2026;21:00;23.1;68;16.9;25.1;21;0.0;0.0;0.0;0.0;0.0;0;P1;Ensoleillé;1015.5;954.8;20;12;0;9;38100.0;0.04;0.91;3.1;4.3;144;21.2;23.4;22.8;18.3;0.049;0.085;0.112;0.173;0.25
Pietralba;42.54;9.18;31/05/2026;22:00;21.3;75;16.7;23.2;17;0.0;0.0;0.0;0.0;0.0;0;P1;Ensoleillé;1015.7;954.6;10;6;0;4;36260.0;0.02;0.63;3.1;5.4;135;18.8;21.8;22.5;18.4;0.05;0.085;0.112;0.173;0.25
Pietralba;42.54;9.18;31/05/2026;23:00;19.7;80;16.1;21.4;12;0.0;0.0;0.0;0.0;0.0;0;P1;Ensoleillé;1015.8;954.4;0;0;0;0;34440.0;0.01;0.46;3.1;6.1;126;16.8;20.4;22.1;18.4;0.05;0.085;0.112;0.173;0.25
Pietralba;42.54;9.18;01/06/2026;00:00;18.5;80;15.0;19.7;7;0.0;0.0;0.0;0.0;0.0;2;P8;Éclaircies;1015.7;954.0;16;0;0;16;35660.0;-0.0;0.43;3.4;6.1;122;15.4;19.3;21.7;18.5;0.05;0.085;0.112;0.173;0.25
Pietralba;42.54;9.18;01/06/2026;01:00;17.7;78;13.8;18.4;3;0.0;0.0;0.0;0.0;0.0;2;P8;Éclaircies;1015.4;953.6;31;0;0;31;36880.0;-0.0;0.45;3.9;6.1;124;14.4;18.4;21.1;18.5;0.051;0.084;0.112;0.173;0.25
Pietralba;42.54;9.18;01/06/2026;02:00;17.0;74;12.4;17.2;0;0.0;0.0;0.0;0.0;0.0;2;P8;Éclaircies;1015.1;953.2;47;0;0;47;38100.0;-0.0;0.51;4.2;6.1;121;13.7;17.6;20.6;18.5;0.051;0.084;0.112;0.173;0.25
Pietralba;42.54;9.18;01/06/2026;03:00;16.6;69;10.9;16.3;0;0.0;0.0;0.0;0.0;0.0;1;P2;Éclaircies;1014.7;952.7;42;0;0;42;39200.0;-0.0;0.59;4.0;6.5;117;13.0;17.0;20.1;18.5;0.051;0.084;0.112;0.173;0.25
Pietralba;42.54;9.18;01/06/2026;04:00;16.4;63;9.4;15.8;0;0.0;0.0;0.0;0.0;0.0;1;P2;Éclaircies;1014.2;952.2;38;1;0;38;40320.0;0.01;0.69;3.3;7.2;103;12.7;16.5;19.6;18.4;0.051;0.084;0.112;0.173;0.25
Pietralba;42.54;9.18;01/06/2026;05:00;16.6;59;8.6;15.9;0;0.0;0.0;0.0;0.0;0.0;1;P2;Éclaircies;1013.9;952.0;33;1;0;33;41420.0;0.01;0.78;2.9;7.6;97;13.3;16.4;19.2;18.4;0.051;0.084;0.112;0.173;0.25
Pietralba;42.54;9.18;01/06/2026;06:00;17.3;60;9.5;16.8;0;0.0;0.0;0.0;0.0;0.0;0;P1;Ensoleillé;1013.8;952.0;24;1;0;24;41060.0;0.01;0.79;3.0;7.6;104;15.6;16.5;18.7;18.4;0.051;0.084;0.112;0.173;0.25
Pietralba;42.54;9.18;01/06/2026;07:00;18.4;63;11.3;18.3;0;0.0;0.0;0.0;0.0;0.0;0;P1;Ensoleillé;1013.8;952.2;15;0;0;15;40700.0;0.01;0.79;3.4;7.6;108;18.9;16.8;18.4;18.4;0.051;0.084;0.112;0.172;0.25
Pietralba;42.54;9.18;01/06/2026;08:00;19.9;63;12.7;20.3;0;0.0;0.0;0.0;0.0;0.0;0;P1;Ensoleillé;1013.7;952.4;6;0;0;6;40340.0;0.03;0.86;3.1;7.9;111;22.2;17.8;18.2;18.4;0.05;0.084;0.112;0.172;0.25
Pietralba;42.54;9.18;01/06/2026;09:00;22.3;57;13.4;23.2;1;0.0;0.0;0.0;0.0;0.0;2;P8;Éclaircies;1013.5;952.7;21;1;1;19;41080.0;0.11;1.16;1.5;9.4;76;25.5;19.7;18.4;18.4;0.049;0.084;0.112;0.172;0.25
Pietralba;42.54;9.18;01/06/2026;10:00;25.0;48;13.3;25.7;1;0.0;0.0;0.0;0.0;0.0;2;P8;Éclaircies;1013.2;953.0;36;3;3;31;41800.0;0.21;1.65;2.9;11.5;353;28.9;22.2;18.8;18.3;0.047;0.084;0.112;0.171;0.249
Pietralba;42.54;9.18;01/06/2026;11:00;27.0;42;13.0;28.2;3;0.0;0.0;0.0;0.0;0.0;2;P8;Éclaircies;1013.0;953.2;51;4;4;44;42540.0;0.29;2.07;5.0;14.0;339;31.4;24.4;19.3;18.3;0.045;0.084;0.112;0.171;0.249
Pietralba;42.54;9.18;01/06/2026;12:00;27.6;42;13.5;29.3;4;0.0;0.0;0.0;0.0;0.0;1;P2;Éclaircies;1012.9;953.2;51;15;4;36;42120.0;0.33;2.14;6.8;17.6;335;32.7;25.8;20.0;18.3;0.043;0.084;0.112;0.17;0.249
Pietralba;42.54;9.18;01/06/2026;13:00;27.3;46;14.7;29.6;4;0.0;0.0;0.0;0.0;0.0;1;P2;Éclaircies;1012.9;953.1;50;26;4;29;41700.0;0.35;1.96;8.2;21.2;331;33.2;26.9;20.7;18.3;0.042;0.083;0.111;0.17;0.248
Pietralba;42.54;9.18;01/06/2026;14:00;27.0;49;15.4;29.5;5;0.0;0.0;0.0;0.0;0.0;1;P2;Éclaircies;1012.8;953.0;50;37;4;21;41280.0;0.36;1.82;9.0;23.8;331;33.2;27.6;21.4;18.3;0.04;0.083;0.111;0.169;0.248
Pietralba;42.54;9.18;01/06/2026;15:00;26.9;49;15.3;29.2;5;0.0;0.0;0.0;0.0;0.0;2;P8;Éclaircies;1012.5;952.7;54;45;3;14;41260.0;0.35;1.81;8.5;23.8;332;32.6;27.9;22.0;18.3;0.039;0.083;0.111;0.169;0.248
Pietralba;42.54;9.18;01/06/2026;16:00;26.8;49;15.2;28.7;6;0.0;0.0;0.0;0.0;0.0;2;P8;Éclaircies;1012.2;952.4;58;53;2;7;41220.0;0.32;1.8;7.2;22.0;333;31.5;27.9;22.6;18.4;0.038;0.083;0.11;0.168;0.247
Pietralba;42.54;9.18;01/06/2026;17:00;26.3;51;15.4;27.8;6;0.0;0.0;0.0;0.0;0.0;2;P8;Éclaircies;1012.0;952.1;62;61;1;0;41200.0;0.28;1.68;6.0;20.2;335;30.0;27.6;23.0;18.4;0.037;0.083;0.11;0.168;0.247
Pietralba;42.54;9.18;01/06/2026;18:00;25.5;55;15.8;26.7;6;0.0;0.0;0.0;0.0;0.0;1;P2;Éclaircies;1012.0;951.9;51;50;1;0;40040.0;0.23;1.47;5.2;18.4;335;27.8;27.0;23.3;18.5;0.037;0.083;0.11;0.168;0.247
Pietralba;42.54;9.18;01/06/2026;19:00;24.4;62;16.6;26.1;5;0.0;0.0;0.0;0.0;0.0;1;P2;Éclaircies;1012.2;951.9;39;39;0;0;38860.0;0.17;1.16;4.0;16.2;333;25.3;26.0;23.5;18.5;0.037;0.083;0.11;0.167;0.246
Pietralba;42.54;9.18;01/06/2026;20:00;23.1;69;17.1;25.2;5;0.0;0.0;0.0;0.0;0.0;1;P2;Éclaircies;1012.4;951.8;28;28;0;0;37700.0;0.12;0.88;3.1;14.0;339;22.8;24.9;23.5;18.6;0.037;0.083;0.11;0.167;0.246
Pietralba;42.54;9.18;01/06/2026;21:00;21.5;79;17.7;24.0;4;0.0;0.0;0.0;0.0;0.0;45;brouillards;Brouillard;1012.8;951.9;52;39;0;33;27700.0;0.07;0.54;2.2;11.2;351;20.6;23.4;23.3;18.6;0.037;0.083;0.11;0.167;0.246
Pietralba;42.54;9.18;01/06/2026;22:00;19.8;91;18.3;22.6;4;0.0;0.0;0.0;0.0;0.0;45;brouillards;Brouillard;1013.3;952.0;76;51;0;67;17700.0;0.03;0.21;1.9;7.9;22;18.4;21.6;22.9;18.6;0.038;0.082;0.11;0.167;0.246
Pietralba;42.54;9.18;01/06/2026;23:00;18.5;98;18.2;21.2;3;0.0;0.0;0.0;0.0;0.0;45;brouillards;Brouillard;1013.6;952.1;100;62;0;100;7700.0;-0.0;0.04;2.0;5.8;45;16.6;20.2;22.4;18.7;0.038;0.082;0.11;0.167;0.246
Pietralba;42.54;9.18;02/06/2026;00:00;17.8;99;17.6;20.2;1;0.0;0.0;0.0;0.0;0.0;1;P2;Éclaircies;1013.7;952.0;79;43;0;78;11840.0;0.0;0.02;2.0;4.7;45;15.5;19.3;21.9;18.7;0.039;0.082;0.11;0.167;0.246
Pietralba;42.54;9.18;02/06/2026;01:00;17.4;95;16.6;19.5;1;0.0;0.0;0.0;0.0;0.0;1;P2;Éclaircies;1013.8;952.0;58;24;0;55;15980.0;-0.0;0.1;1.3;4.7;34;14.7;18.6;21.4;18.7;0.039;0.082;0.11;0.167;0.246
Pietralba;42.54;9.18;02/06/2026;02:00;17.1;91;15.6;18.8;0;0.0;0.0;0.0;0.0;0.0;1;P2;Éclaircies;1013.7;951.9;37;5;0;33;20120.0;-0.0;0.18;1.1;4.3;18;14.0;18.0;20.9;18.7;0.04;0.082;0.11;0.167;0.246
Pietralba;42.54;9.18;02/06/2026;03:00;16.6;86;14.2;17.9;0;0.0;0.0;0.0;0.0;0.0;2;P8;Éclaircies;1013.5;951.6;50;3;0;47;26100.0;-0.0;0.26;0.8;3.6;27;12.8;17.2;20.4;18.7;0.04;0.082;0.11;0.167;0.246
Pietralba;42.54;9.18;02/06/2026;04:00;16.2;80;12.7;17.0;0;0.0;0.0;0.0;0.0;0.0;2;P8;Éclaircies;1013.3;951.3;63;2;0;62;32080.0;-0.0;0.37;0.7;3.2;90;11.8;16.4;19.9;18.7;0.041;0.082;0.11;0.167;0.246
Pietralba;42.54;9.18;02/06/2026;05:00;16.1;74;11.5;16.4;0;0.0;0.0;0.0;0.0;0.0;2;P8;Éclaircies;1013.1;951.1;76;0;0;76;38060.0;-0.0;0.48;1.1;3.2;108;11.9;15.9;19.4;18.7;0.041;0.082;0.11;0.167;0.246
Pietralba;42.54;9.18;02/06/2026;06:00;16.6;70;11.1;16.7;0;0.0;0.0;0.0;0.0;0.0;3;P4;Nuageux;1013.0;951.1;84;0;0;84;38800.0;-0.0;0.57;2.1;4.7;121;14.1;15.9;18.9;18.7;0.041;0.082;0.11;0.167;0.246
Pietralba;42.54;9.18;02/06/2026;07:00;17.5;67;11.3;17.5;0;0.0;0.0;0.0;0.0;0.0;3;P4;Nuageux;1013.1;951.4;92;0;0;92;39540.0;-0.0;0.66;2.9;6.5;120;17.6;16.3;18.4;18.6;0.042;0.081;0.11;0.167;0.246
Pietralba;42.54;9.18;02/06/2026;08:00;18.8;62;11.4;18.8;0;0.0;0.0;0.0;0.0;0.0;3;P4;Nuageux;1013.0;951.6;100;0;0;100;40280.0;0.02;0.83;3.4;8.3;122;21.0;17.2;18.2;18.6;0.042;0.081;0.11;0.167;0.246
Pietralba;42.54;9.18;02/06/2026;09:00;20.9;55;11.5;20.9;1;0.0;0.0;0.0;0.0;0.0;1;P2;Éclaircies;1012.9;951.9;81;0;14;68;41240.0;0.08;1.11;3.4;9.0;122;24.2;18.9;18.2;18.6;0.042;0.081;0.11;0.167;0.246
Pietralba;42.54;9.18;02/06/2026;10:00;23.3;46;11.1;23.2;2;0.0;0.0;0.0;0.0;0.0;1;P2;Éclaircies;1012.7;952.2;62;0;27;36;42200.0;0.17;1.55;3.1;9.4;126;27.4;21.0;18.5;18.6;0.041;0.081;0.11;0.166;0.246
Pietralba;42.54;9.18;02/06/2026;11:00;25.3;40;10.8;25.3;4;0.0;0.0;0.0;0.0;0.0;1;P2;Éclaircies;1012.4;952.3;43;0;41;4;43160.0;0.24;1.94;2.6;10.8;106;29.9;22.8;18.9;18.5;0.04;0.081;0.11;0.166;0.246
Pietralba;42.54;9.18;02/06/2026;12:00;26.7;37;10.9;27.1;6;0.0;0.0;0.0;0.0;0.0;2;P8;Éclaircies;1012.0;952.2;48;2;36;16;39830.0;0.29;2.19;4.4;15.8;133;31.6;24.5;19.7;18.8;0.04;0.085;0.111;0.168;0.246
Pietralba;42.54;9.18;02/06/2026;13:00;27.7;35;10.8;28.2;6;0.0;0.0;0.0;0.0;0.0;2;P8;Éclaircies;1011.6;952.0;45;2;31;20;30380.0;0.32;2.43;7.7;22.0;181;33.1;26.0;20.6;19.0;0.04;0.089;0.111;0.171;0.247
Pietralba;42.54;9.18;02/06/2026;14:00;28.5;32;10.0;28.5;6;0.0;0.0;0.0;0.0;0.0;2;P8;Éclaircies;1011.3;951.8;35;2;24;16;14825.0;0.34;2.67;10.8;26.7;241;34.2;27.2;21.4;19.2;0.039;0.092;0.113;0.174;0.247
Pietralba;42.54;9.18;02/06/2026;15:00;28.6;30;9.3;27.8;6;0.0;0.0;0.0;0.0;0.0;3;P4;Nuageux;1010.9;951.5;51;0;47;33;6540.0;0.0;2.74;12.7;29.9;299;33.9;27.6;22.3;19.5;0.039;0.096;0.114;0.177;0.248
Pietralba;42.54;9.18;02/06/2026;16:00;27.9;34;10.6;26.8;7;0.0;0.0;0.0;0.0;0.0;3;P4;Nuageux;1010.4;950.9;75;0;73;56;7500.0;0.0;2.48;13.4;31.0;284;31.8;27.2;22.8;19.5;0.038;0.095;0.114;0.176;0.247
Pietralba;42.54;9.18;02/06/2026;17:00;27.1;37;11.1;25.3;8;0.0;0.0;0.0;0.0;0.0;3;P4;Nuageux;1010.1;950.4;100;0;100;80;8460.0;0.0;2.25;14.1;31.7;274;29.6;26.7;23.2;19.5;0.038;0.095;0.114;0.176;0.247
Pietralba;42.54;9.18;02/06/2026;18:00;26.1;39;11.0;24.4;9;0.0;0.0;0.0;0.0;0.0;3;P4;Nuageux;1010.0;950.2;100;0;82;87;16000.0;0.0;2.06;13.7;31.7;268;27.3;26.1;23.5;19.6;0.038;0.095;0.114;0.176;0.247
Pietralba;42.54;9.18;02/06/2026;19:00;24.9;41;10.8;23.3;10;0.0;0.0;0.0;0.0;0.0;3;P4;Nuageux;1010.1;950.0;100;0;63;93;23560.0;0.0;1.86;12.3;31.3;263;24.9;25.3;23.5;19.6;0.038;0.094;0.113;0.175;0.247
Pietralba;42.54;9.18;02/06/2026;20:00;23.8;43;10.5;22.4;11;0.0;0.0;0.0;0.0;0.0;3;P4;Nuageux;1010.2;949.9;100;0;45;100;31100.0;0.0;1.68;11.0;29.9;259;22.9;24.4;23.5;19.6;0.038;0.094;0.113;0.175;0.247
Pietralba;42.54;9.18;02/06/2026;21:00;22.8;44;9.9;21.3;12;0.0;0.0;0.0;0.0;0.0;3;P4;Nuageux;1010.4;949.9;100;0;63;100;24300.0;0.0;1.55;9.5;26.6;259;21.4;23.4;23.4;19.6;0.038;0.094;0.113;0.175;0.247
Pietralba;42.54;9.18;02/06/2026;22:00;21.8;45;9.3;20.4;13;0.0;0.0;0.0;0.0;0.0;3;P4;Nuageux;1010.7;950.0;100;0;82;100;17480.0;0.0;1.43;8.4;22.0;263;20.3;22.3;23.1;19.7;0.038;0.094;0.113;0.175;0.247
Pietralba;42.54;9.18;02/06/2026;23:00;21.0;46;8.9;19.7;13;0.0;0.0;0.0;0.0;0.0;3;P4;Nuageux;1010.8;949.9;100;0;100;100;10680.0;0.0;1.34;7.2;19.1;264;19.5;21.4;22.8;19.7;0.038;0.094;0.113;0.175;0.247
Pietralba;42.54;9.18;03/06/2026;00:00;20.7;46;8.7;19.4;14;0.0;0.0;0.0;0.0;0.0;3;P4;Nuageux;1010.4;949.5;100;0;100;100;7320.0;0.0;1.32;6.7;18.7;254;19.2;21.0;22.5;19.7;0.038;0.094;0.113;0.175;0.247
Pietralba;42.54;9.18;03/06/2026;01:00;20.7;47;9.0;19.4;15;0.0;0.0;0.0;0.0;0.0;3;P4;Nuageux;1009.8;948.9;100;0;100;100;3940.0;0.0;1.3;6.9;20.2;242;19.1;20.8;22.1;19.7;0.039;0.093;0.113;0.175;0.247
Pietralba;42.54;9.18;03/06/2026;02:00;20.7;46;8.6;19.2;15;0.0;0.0;0.0;0.0;0.0;3;P4;Nuageux;1009.3;948.4;100;0;100;100;580.0;0.0;1.32;7.5;20.9;235;18.9;20.5;21.8;19.7;0.039;0.093;0.113;0.175;0.247
Pietralba;42.54;9.18;03/06/2026;03:00;20.4;44;7.7;18.7;15;0.0;0.0;0.0;0.0;0.0;2;P8;Éclaircies;1009.0;948.1;93;0;93;67;2680.0;0.0;1.34;7.4;20.5;241;18.3;20.2;21.5;19.7;0.039;0.093;0.113;0.175;0.247
Pietralba;42.54;9.18;03/06/2026;04:00;20.0;41;6.3;18.0;15;0.0;0.0;0.0;0.0;0.0;2;P8;Éclaircies;1008.8;947.8;86;0;86;33;4800.0;0.0;1.38;7.3;19.8;250;17.6;19.8;21.3;19.7;0.039;0.093;0.114;0.175;0.247
Pietralba;42.54;9.18;03/06/2026;05:00;19.7;39;5.4;17.4;15;0.0;0.0;0.0;0.0;0.0;2;P8;Éclaircies;1008.7;947.7;79;0;79;0;6900.0;0.0;1.4;7.7;20.2;259;17.5;19.5;21.0;19.7;0.039;0.093;0.114;0.175;0.247
Pietralba;42.54;9.18;03/06/2026;06:00;19.7;40;5.7;17.3;15;0.0;0.0;0.0;0.0;0.0;0;P1;Ensoleillé;1008.9;947.9;53;0;53;0;5880.0;0.0;1.37;8.7;22.0;263;18.1;19.3;20.7;19.7;0.039;0.093;0.114;0.175;0.247
Pietralba;42.54;9.18;03/06/2026;07:00;19.7;43;6.8;17.4;14;0.0;0.0;0.0;0.0;0.0;0;P1;Ensoleillé;1009.2;948.2;26;0;26;0;4840.0;0.0;1.31;10.2;24.8;262;19.3;19.2;20.4;19.7;0.039;0.092;0.113;0.175;0.247
Pietralba;42.54;9.18;03/06/2026;08:00;20.1;44;7.4;17.6;14;0.0;0.0;0.0;0.0;0.0;0;P1;Ensoleillé;1009.4;948.4;0;0;0;0;3820.0;0.0;1.31;12.0;28.1;263;21.0;19.5;20.3;19.7;0.039;0.092;0.113;0.175;0.247
Pietralba;42.54;9.18;03/06/2026;09:00;20.9;42;7.5;18.2;13;0.0;0.0;0.0;0.0;0.0;0;P1;Ensoleillé;1009.5;948.7;0;0;0;0;18200.0;0.0;1.44;14.2;31.7;263;23.5;20.6;20.3;19.7;0.039;0.092;0.113;0.174;0.247
Pietralba;42.54;9.18;03/06/2026;10:00;22.0;39;7.4;19.1;12;0.0;0.0;0.0;0.0;0.0;0;P1;Ensoleillé;1009.5;948.9;0;0;0;0;32600.0;0.0;1.61;16.0;35.6;262;26.5;22.1;20.4;19.6;0.038;0.091;0.113;0.174;0.246
Pietralba;42.54;9.18;03/06/2026;11:00;23.0;36;7.1;20.6;12;0.0;0.0;0.0;0.0;0.0;0;P1;Ensoleillé;1009.5;949.1;0;0;0;0;46980.0;0.0;1.79;17.8;38.5;263;28.8;23.5;20.6;19.6;0.038;0.091;0.113;0.173;0.246
Pietralba;42.54;9.18;03/06/2026;12:00;23.7;34;6.9;21.9;11;0.0;0.0;0.0;0.0;0.0;0;P1;Ensoleillé;1009.6;949.3;0;0;0;0;47020.0;0.0;1.93;18.4;40.0;268;30.2;24.7;21.0;19.6;0.037;0.091;0.113;0.173;0.246
Pietralba;42.54;9.18;03/06/2026;13:00;24.2;33;6.9;22.8;11;0.0;0.0;0.0;0.0;0.0;0;P1;Ensoleillé;1009.7;949.5;0;0;0;0;47040.0;0.0;2.02;18.8;40.7;273;30.9;25.7;21.5;19.6;0.037;0.091;0.112;0.172;0.245
Pietralba;42.54;9.18;03/06/2026;14:00;24.5;33;7.2;23.2;10;0.0;0.0;0.0;0.0;0.0;0;P1;Ensoleillé;1009.8;949.7;0;0;0;0;47080.0;0.0;2.06;18.9;41.0;279;31.0;26.4;21.9;19.6;0.036;0.091;0.112;0.172;0.245
Pietralba;42.54;9.18;03/06/2026;15:00;24.5;33;7.2;23.1;9;0.0;0.0;0.0;0.0;0.0;0;P1;Ensoleillé;1009.8;949.7;0;0;0;0;47080.0;0.0;2.06;18.8;41.0;282;30.4;26.7;22.4;19.6;0.036;0.091;0.112;0.171;0.245
Pietralba;42.54;9.18;03/06/2026;16:00;24.2;34;7.4;22.4;9;0.0;0.0;0.0;0.0;0.0;0;P1;Ensoleillé;1009.9;949.7;0;0;0;0;47080.0;0.0;1.99;18.6;40.7;285;29.1;26.6;22.8;19.7;0.035;0.09;0.111;0.171;0.244
Pietralba;42.54;9.18;03/06/2026;17:00;23.8;35;7.4;21.6;8;0.0;0.0;0.0;0.0;0.0;0;P1;Ensoleillé;1010.0;949.7;0;0;0;0;47080.0;0.0;1.92;17.2;39.2;286;27.5;26.2;23.1;19.7;0.035;0.09;0.111;0.17;0.244
Pietralba;42.54;9.18;03/06/2026;18:00;23.3;34;6.6;20.4;7;0.0;0.0;0.0;0.0;0.0;0;P1;Ensoleillé;1010.2;949.8;0;0;0;0;47060.0;0.0;1.89;15.0;37.1;287;25.4;25.5;23.2;19.7;0.035;0.09;0.111;0.17;0.244
Pietralba;42.54;9.18;03/06/2026;19:00;22.6;33;5.5;19.8;7;0.0;0.0;0.0;0.0;0.0;0;P1;Ensoleillé;1010.5;950.0;1;0;0;1;47060.0;0.0;1.84;12.0;34.2;286;22.9;24.5;23.3;19.7;0.035;0.09;0.111;0.17;0.244
Pietralba;42.54;9.18;03/06/2026;20:00;21.7;34;5.1;19.2;6;0.0;0.0;0.0;0.0;0.0;0;P1;Ensoleillé;1010.9;950.1;1;0;0;1;47060.0;0.0;1.71;8.8;30.2;282;20.6;23.3;23.2;19.7;0.035;0.09;0.111;0.17;0.244
Pietralba;42.54;9.18;03/06/2026;21:00;20.2;37;5.0;18.1;5;0.0;0.0;0.0;0.0;0.0;1;P2;Éclaircies;1011.4;950.3;13;0;0;13;45440.0;0.0;1.49;6.5;24.5;267;18.4;21.9;22.9;19.7;0.035;0.09;0.111;0.17;0.244
Pietralba;42.54;9.18;03/06/2026;22:00;18.4;42;5.3;16.5;5;0.0;0.0;0.0;0.0;0.0;1;P2;Éclaircies;1012.0;950.5;26;0;0;26;43820.0;0.0;1.23;5.2;17.6;236;16.3;20.3;22.5;19.8;0.036;0.089;0.111;0.17;0.244
Pietralba;42.54;9.18;03/06/2026;23:00;16.9;46;5.2;15.0;4;0.0;0.0;0.0;0.0;0.0;1;P2;Éclaircies;1012.5;950.7;38;0;0;38;42220.0;0.0;1.04;5.3;13.0;208;14.7;19.0;22.0;19.8;0.036;0.089;0.111;0.17;0.244
Pietralba;42.54;9.18;04/06/2026;00:00;15.8;48;4.8;13.8;4;0.0;0.0;0.0;0.0;0.0;0;P1;Ensoleillé;1012.8;950.7;25;0;0;25;40600.0;0.0;0.93;5.4;11.9;188;13.8;18.1;21.5;19.8;0.036;0.089;0.111;0.17;0.244
Pietralba;42.54;9.18;04/06/2026;01:00;15.0;50;4.6;12.8;3;0.0;0.0;0.0;0.0;0.0;0;P1;Ensoleillé;1012.9;950.7;13;0;0;13;38980.0;0.0;0.85;5.6;12.6;165;13.4;17.5;21.0;19.8;0.037;0.089;0.111;0.17;0.243
Pietralba;42.54;9.18;04/06/2026;02:00;14.4;51;4.3;12.1;3;0.0;0.0;0.0;0.0;0.0;0;P1;Ensoleillé;1013.0;950.6;0;0;0;0;37360.0;0.0;0.8;6.0;13.3;155;13.1;17.0;20.4;19.8;0.037;0.089;0.111;0.17;0.243
Pietralba;42.54;9.18;04/06/2026;03:00;13.9;51;3.9;11.6;3;0.0;0.0;0.0;0.0;0.0;1;P2;Éclaircies;1013.0;950.5;2;0;0;2;38980.0;0.0;0.78;6.1;13.3;152;12.5;16.5;19.9;19.7;0.037;0.089;0.111;0.17;0.243
Pietralba;42.54;9.18;04/06/2026;04:00;13.8;51;3.8;11.4;3;0.0;0.0;0.0;0.0;0.0;1;P2;Éclaircies;1012.9;950.4;5;0;0;5;40580.0;0.0;0.77;6.3;13.3;156;11.9;16.0;19.5;19.7;0.038;0.088;0.111;0.17;0.243
Pietralba;42.54;9.18;04/06/2026;05:00;14.1;51;4.1;11.9;3;0.0;0.0;0.0;0.0;0.0;1;P2;Éclaircies;1012.9;950.5;7;0;0;7;42200.0;0.0;0.79;5.8;13.7;158;12.4;15.9;19.1;19.7;0.038;0.088;0.111;0.17;0.243
Pietralba;42.54;9.18;04/06/2026;06:00;15.3;53;5.7;13.4;3;0.0;0.0;0.0;0.0;0.0;3;P4;Nuageux;1013.0;950.8;37;0;0;37;43800.0;0.0;0.82;5.8;14.0;150;14.5;15.9;18.7;19.6;0.038;0.088;0.111;0.17;0.243
Pietralba;42.54;9.18;04/06/2026;07:00;16.9;56;8.1;15.6;4;0.0;0.0;0.0;0.0;0.0;3;P4;Nuageux;1013.1;951.3;68;0;0;68;45420.0;0.0;0.85;5.6;14.4;135;17.7;16.3;18.3;19.6;0.039;0.088;0.111;0.169;0.243
Pietralba;42.54;9.18;04/06/2026;08:00;18.7;56;9.8;18.0;4;0.0;0.0;0.0;0.0;0.0;3;P4;Nuageux;1013.2;951.7;98;0;0;98;47020.0;0.0;0.95;4.2;15.5;121;20.9;17.1;18.2;19.6;0.039;0.088;0.111;0.169;0.243
Pietralba;42.54;9.18;04/06/2026;09:00;20.7;50;9.9;20.4;4;0.0;0.0;0.0;0.0;0.0;3;P4;Nuageux;1013.2;952.1;99;0;0;99;47020.0;0.0;1.22;2.0;17.3;45;23.9;18.9;18.3;19.5;0.039;0.088;0.111;0.169;0.243
Pietralba;42.54;9.18;04/06/2026;10:00;22.9;40;8.5;21.5;5;0.0;0.0;0.0;0.0;0.0;3;P4;Nuageux;1013.2;952.5;99;0;0;99;47020.0;0.0;1.67;6.4;20.2;344;26.9;21.3;18.7;19.5;0.038;0.087;0.111;0.168;0.243
Pietralba;42.54;9.18;04/06/2026;11:00;24.5;34;7.6;23.1;5;0.0;0.0;0.0;0.0;0.0;3;P4;Nuageux;1013.1;952.8;100;0;0;100;47040.0;0.0;2.03;10.8;24.1;330;29.3;23.3;19.2;19.5;0.037;0.087;0.111;0.168;0.243
Pietralba;42.54;9.18;04/06/2026;12:00;25.4;33;8.0;24.3;5;0.0;0.0;0.0;0.0;0.0;2;P8;Éclaircies;1012.9;952.8;83;0;16;68;47040.0;0.0;2.17;13.5;30.6;314;30.8;24.6;19.8;19.5;0.037;0.087;0.111;0.168;0.243
Pietralba;42.54;9.18;04/06/2026;13:00;25.8;35;9.1;24.9;5;0.0;0.0;0.0;0.0;0.0;2;P8;Éclaircies;1012.7;952.6;66;0;32;36;47040.0;0.0;2.15;16.4;38.2;299;31.6;25.6;20.5;19.4;0.036;0.087;0.11;0.167;0.242
Pietralba;42.54;9.18;04/06/2026;14:00;25.8;37;10.0;24.9;5;0.0;0.0;0.0;0.0;0.0;2;P8;Éclaircies;1012.5;952.5;49;0;48;4;47040.0;0.0;2.09;18.6;43.6;292;31.7;26.1;21.1;19.4;0.036;0.087;0.11;0.167;0.242
Pietralba;42.54;9.18;04/06/2026;15:00;25.5;39;10.5;24.5;5;0.0;0.0;0.0;0.0;0.0;3;P4;Nuageux;1012.2;952.1;66;0;53;36;45460.0;0.0;1.99;18.8;45.4;290;30.7;26.2;21.6;19.4;0.036;0.087;0.11;0.166;0.242
Pietralba;42.54;9.18;04/06/2026;16:00;24.8;42;11.0;23.7;5;0.0;0.0;0.0;0.0;0.0;3;P4;Nuageux;1011.9;951.7;83;0;57;68;43860.0;0.0;1.82;17.3;44.6;293;28.9;25.8;22.1;19.5;0.035;0.086;0.109;0.166;0.241
Pietralba;42.54;9.18;04/06/2026;17:00;24.0;45;11.3;22.5;4;0.0;0.0;0.0;0.0;0.0;3;P4;Nuageux;1011.7;951.4;100;0;62;100;42280.0;0.0;1.64;15.1;42.1;295;26.8;25.3;22.4;19.5;0.035;0.086;0.109;0.165;0.241
Pietralba;42.54;9.18;04/06/2026;18:00;23.1;47;11.1;21.7;4;0.1;0.1;0.0;0.0;0.0;61;P10;Pluie;1011.5;951.0;100;20;75;100;40700.0;0.0;1.49;11.9;36.4;299;24.5;24.5;22.5;19.5;0.035;0.086;0.109;0.165;0.241
Pietralba;42.54;9.18;04/06/2026;19:00;21.9;49;10.7;21.0;3;0.1;0.1;0.0;0.0;0.0;61;P10;Pluie;1011.4;950.7;100;41;87;100;39100.0;0.0;1.34;8.0;28.8;306;22.0;23.5;22.6;19.5;0.035;0.086;0.109;0.165;0.241
Pietralba;42.54;9.18;04/06/2026;20:00;20.9;53;10.9;20.5;3;0.1;0.1;0.0;0.0;0.0;61;P10;Pluie;1011.3;950.4;100;61;100;100;37520.0;0.0;1.16;4.6;22.3;321;19.9;22.5;22.5;19.5;0.036;0.086;0.109;0.165;0.241
Pietralba;42.54;9.18;04/06/2026;21:00;19.9;60;11.9;20.2;2;0.1;0.1;0.0;0.0;0.0;61;P10;Pluie;1011.2;950.1;96;51;93;67;37540.0;0.0;0.93;2.2;18.0;360;18.8;21.6;22.3;19.5;0.038;0.086;0.109;0.165;0.241
Pietralba;42.54;9.18;04/06/2026;22:00;19.0;69;13.1;19.6;2;0.1;0.1;0.0;0.0;0.0;61;P10;Pluie;1011.1;949.8;91;42;85;33;37540.0;0.0;0.68;2.7;14.8;67;18.1;20.7;22.0;19.5;0.04;0.085;0.109;0.165;0.241
Pietralba;42.54;9.18;04/06/2026;23:00;18.2;76;13.9;18.9;1;0.1;0.1;0.0;0.0;0.0;61;P10;Pluie;1011.0;949.6;87;32;78;0;37560.0;0.0;0.5;4.0;13.0;95;17.6;20.0;21.6;19.5;0.043;0.085;0.109;0.165;0.241
Pietralba;42.54;9.18;05/06/2026;00:00;17.6;78;13.7;18.2;4;0.0;0.0;0.0;0.0;0.0;2;P8;Éclaircies;1009.5;948.0;82;29;54;24;37580.0;0.0;0.44;4.0;10.7;107;16.9;19.4;21.3;19.5;0.046;0.085;0.109;0.165;0.241
Pietralba;42.54;9.18;05/06/2026;01:00;17.0;78;13.1;17.6;4;0.0;0.0;0.0;0.0;0.0;2;P8;Éclaircies;1007.8;946.3;84;23;40;50;37580.0;0.0;0.42;2.6;9.4;126;16.2;19.0;20.9;19.5;0.05;0.085;0.109;0.165;0.241
Pietralba;42.54;9.18;05/06/2026;02:00;16.6;76;12.3;17.1;3;0.0;0.0;0.0;0.0;0.0;2;P8;Éclaircies;1006.2;944.7;88;13;32;73;37600.0;0.0;0.46;1.8;7.4;178;15.6;18.7;20.6;19.5;0.053;0.085;0.109;0.165;0.241
Pietralba;42.54;9.18;05/06/2026;03:00;16.7;71;11.4;16.9;2;0.0;0.0;0.0;0.0;0.0;3;P4;Nuageux;1004.4;943.0;89;2;26;87;31740.0;0.0;0.55;1.8;5.4;180;15.7;;;;;;;;
Pietralba;42.54;9.18;05/06/2026;04:00;17.3;68;11.4;17.3;1;0.0;0.0;0.0;0.0;0.0;2;P8;Éclaircies;1003.9;942.7;74;4;22;71;25860.0;0.0;0.63;3.2;5.8;164;16.7;;;;;;;;
Pietralba;42.54;9.18;05/06/2026;05:00;18.2;64;11.2;17.9;1;0.0;0.0;0.0;0.0;0.0;2;P8;Éclaircies;1003.3;942.3;57;7;16;50;20000.0;0.0;0.76;5.0;6.5;154;18.1;;;;;;;;
Pietralba;42.54;9.18;05/06/2026;06:00;19.2;60;11.2;18.6;1;0.0;0.0;0.0;0.0;0.0;1;P2;Éclaircies;1002.9;942.1;39;10;9;30;14140.0;0.0;0.89;6.6;6.8;151;19.8;;;;;;;;
Pietralba;42.54;9.18;05/06/2026;07:00;20.2;56;11.1;19.5;2;0.0;0.0;0.0;0.0;0.0;1;P2;Éclaircies;1002.5;942.0;23;12;4;12;8260.0;0.0;1.05;7.7;6.8;149;21.6;;;;;;;;
Pietralba;42.54;9.18;05/06/2026;08:00;21.2;53;11.1;20.4;4;0.0;0.0;0.0;0.0;0.0;0;P1;Ensoleillé;1002.3;942.0;13;13;1;0;2400.0;0.0;1.2;7.9;7.2;153;23.3;;;;;;;;
Pietralba;42.54;9.18;05/06/2026;09:00;22.2;50;11.1;21.6;7;0.1;0.1;0.0;0.0;0.0;51;P10;Pluie faible;1002.3;942.2;8;13;1;0;5680.0;0.0;1.35;6.8;7.6;163;25.3;;;;;;;;
Pietralba;42.54;9.18;05/06/2026;10:00;23.4;47;11.4;23.0;10;0.1;0.1;0.0;0.0;0.0;51;P10;Pluie faible;1002.4;942.5;7;11;2;0;8960.0;0.0;1.53;5.5;7.9;189;27.8;;;;;;;;
Pietralba;42.54;9.18;05/06/2026;11:00;24.6;44;11.6;24.4;13;0.1;0.1;0.0;0.0;0.0;51;P10;Pluie faible;1002.6;942.9;9;9;4;0;12240.0;0.0;1.74;5.7;8.3;226;30.4;;;;;;;;
Pietralba;42.54;9.18;05/06/2026;12:00;25.7;41;11.6;25.9;16;0.1;0.1;0.0;0.0;0.0;51;P10;Pluie faible;1002.8;943.3;11;7;7;0;15520.0;0.0;1.94;7.7;8.6;252;32.7;;;;;;;;
Pietralba;42.54;9.18;05/06/2026;13:00;26.5;39;11.4;26.7;19;0.1;0.1;0.0;0.0;0.0;51;P10;Pluie faible;1003.1;943.7;13;5;9;0;18800.0;0.0;2.11;10.3;9.0;265;34.3;;;;;;;;
Pietralba;42.54;9.18;05/06/2026;14:00;26.8;37;10.7;26.7;22;0.1;0.1;0.0;0.0;0.0;51;P10;Pluie faible;1003.5;944.2;13;3;10;0;22080.0;0.0;2.23;12.1;9.0;271;34.8;;;;;;;;
Pietralba;42.54;9.18;05/06/2026;15:00;26.5;34;9.4;25.9;24;0.0;0.0;0.0;0.0;0.0;0;P1;Ensoleillé;1003.9;944.5;11;2;9;0;26260.0;0.0;2.27;12.8;9.4;274;34.0;;;;;;;;
Pietralba;42.54;9.18;05/06/2026;16:00;25.7;31;7.5;24.4;26;0.0;0.0;0.0;0.0;0.0;0;P1;Ensoleillé;1004.4;944.8;9;1;8;0;30440.0;0.0;2.27;13.0;9.4;276;32.2;;;;;;;;
Pietralba;42.54;9.18;05/06/2026;17:00;24.6;29;5.3;22.3;27;0.0;0.0;0.0;0.0;0.0;0;P1;Ensoleillé;1004.9;945.1;7;1;6;0;34640.0;0.0;2.21;12.9;9.0;277;29.6;;;;;;;;
Pietralba;42.54;9.18;05/06/2026;18:00;23.4;27;3.1;20.0;28;0.0;0.0;0.0;0.0;0.0;0;P1;Ensoleillé;1005.4;945.3;4;1;3;0;38820.0;0.0;2.11;12.2;7.9;278;26.8;;;;;;;;
Pietralba;42.54;9.18;05/06/2026;19:00;22.1;25;1.3;18.6;28;0.0;0.0;0.0;0.0;0.0;0;P1;Ensoleillé;1006.0;945.6;2;0;1;0;43000.0;0.0;2.0;11.5;6.1;279;24.0;;;;;;;;
Pietralba;42.54;9.18;05/06/2026;20:00;21.0;25;0.2;17.3;27;0.0;0.0;0.0;0.0;0.0;0;P1;Ensoleillé;1006.6;946.0;0;0;0;0;47180.0;0.0;1.87;10.8;5.4;280;21.7;;;;;;;;
Pietralba;42.54;9.18;05/06/2026;21:00;19.9;26;-0.3;16.2;24;0.0;0.0;0.0;0.0;0.0;0;P1;Ensoleillé;1007.2;946.3;0;0;0;0;47160.0;0.0;1.72;10.0;6.1;278;19.5;;;;;;;;
Pietralba;42.54;9.18;05/06/2026;22:00;18.5;28;-0.2;15.0;21;0.0;0.0;0.0;0.0;0.0;0;P1;Ensoleillé;1007.9;946.7;0;0;0;0;47140.0;0.0;1.53;8.9;7.9;276;17.2;;;;;;;;
Pietralba;42.54;9.18;05/06/2026;23:00;17.1;32;0.2;13.9;17;0.0;0.0;0.0;0.0;0.0;0;P1;Ensoleillé;1008.7;947.2;0;0;0;0;47140.0;0.0;1.34;7.7;9.4;273;14.9;;;;;;;;
Pietralba;42.54;9.18;06/06/2026;00:00;15.9;36;0.8;12.9;13;0.0;0.0;0.0;0.0;0.0;0;P1;Ensoleillé;1009.4;947.6;0;0;0;0;47120.0;0.0;1.16;6.7;9.7;267;12.9;;;;;;;;
Pietralba;42.54;9.18;06/06/2026;01:00;14.9;40;1.5;12.2;9;0.0;0.0;0.0;0.0;0.0;0;P1;Ensoleillé;1010.0;947.9;0;0;0;0;47100.0;0.0;1.02;5.7;9.4;261;11.6;;;;;;;;
Pietralba;42.54;9.18;06/06/2026;02:00;14.5;43;2.0;12.0;6;0.0;0.0;0.0;0.0;0.0;0;P1;Ensoleillé;1010.6;948.4;0;0;0;0;47080.0;0.0;0.95;4.7;9.7;254;11.1;;;;;;;;
Pietralba;42.54;9.18;06/06/2026;03:00;14.6;44;2.5;12.3;4;0.0;0.0;0.0;0.0;0.0;0;P1;Ensoleillé;1011.1;948.9;0;0;0;0;46420.0;0.0;0.92;3.7;10.8;247;11.5;;;;;;;;
Pietralba;42.54;9.18;06/06/2026;04:00;15.1;45;3.2;13.0;2;0.0;0.0;0.0;0.0;0.0;0;P1;Ensoleillé;1011.5;949.4;0;0;0;0;45740.0;0.0;0.94;3.0;12.6;237;12.8;;;;;;;;
Pietralba;42.54;9.18;06/06/2026;05:00;15.8;45;3.9;14.0;1;0.0;0.0;0.0;0.0;0.0;0;P1;Ensoleillé;1011.8;949.8;0;1;0;0;45080.0;0.0;0.99;2.2;13.7;222;14.6;;;;;;;;
Pietralba;42.54;9.18;06/06/2026;06:00;16.8;45;4.7;15.2;0;0.0;0.0;0.0;0.0;0.0;0;P1;Ensoleillé;1012.1;950.3;0;1;0;0;44400.0;0.0;1.06;1.5;14.0;201;16.8;;;;;;;;
Pietralba;42.54;9.18;06/06/2026;07:00;17.8;44;5.3;16.4;0;0.0;0.0;0.0;0.0;0.0;0;P1;Ensoleillé;1012.4;950.8;0;1;0;0;43740.0;0.0;1.14;1.1;14.4;162;19.0;;;;;;;;
Pietralba;42.54;9.18;06/06/2026;08:00;18.8;43;5.9;17.6;0;0.0;0.0;0.0;0.0;0.0;0;P1;Ensoleillé;1012.7;951.3;1;1;0;0;43060.0;0.0;1.23;1.1;14.0;108;21.2;;;;;;;;
Pietralba;42.54;9.18;06/06/2026;09:00;19.9;42;6.5;18.7;1;0.0;0.0;0.0;0.0;0.0;0;P1;Ensoleillé;1013.0;951.8;4;1;3;0;40240.0;0.0;1.36;1.9;13.3;61;23.6;;;;;;;;
Pietralba;42.54;9.18;06/06/2026;10:00;21.3;40;7.0;20.0;4;0.0;0.0;0.0;0.0;0.0;0;P1;Ensoleillé;1013.3;952.3;7;1;7;0;37420.0;0.0;1.53;3.5;12.2;35;26.6;;;;;;;;
Pietralba;42.54;9.18;06/06/2026;11:00;22.8;37;7.4;22.0;6;0.0;0.0;0.0;0.0;0.0;0;P1;Ensoleillé;1013.6;952.9;12;1;11;0;34620.0;0.0;1.74;5.5;11.2;23;29.8;;;;;;;;
Pietralba;42.54;9.18;06/06/2026;12:00;24.1;36;7.9;24.0;8;0.0;0.0;0.0;0.0;0.0;0;P1;Ensoleillé;1013.8;953.4;16;0;16;0;31800.0;0.0;1.94;7.6;10.1;18;32.5;;;;;;;;
Pietralba;42.54;9.18;06/06/2026;13:00;25.1;35;8.4;25.4;10;0.0;0.0;0.0;0.0;0.0;0;P1;Ensoleillé;1014.1;953.8;19;0;19;0;28980.0;0.0;2.09;9.1;9.4;15;34.5;;;;;;;;
Pietralba;42.54;9.18;06/06/2026;14:00;25.5;35;8.9;26.0;12;0.0;0.0;0.0;0.0;0.0;1;P2;Éclaircies;1014.3;954.1;20;0;20;0;26160.0;0.0;2.14;10.0;8.6;15;35.3;;;;;;;;
Pietralba;42.54;9.18;06/06/2026;15:00;25.2;37;9.4;25.6;13;0.0;0.0;0.0;0.0;0.0;0;P1;Ensoleillé;1014.5;954.2;19;0;19;1;28000.0;0.0;2.04;10.3;8.3;15;34.5;;;;;;;;
Pietralba;42.54;9.18;06/06/2026;16:00;24.4;40;10.1;24.6;14;0.0;0.0;0.0;0.0;0.0;0;P1;Ensoleillé;1014.7;954.3;17;0;16;1;29820.0;0.0;1.82;9.7;8.3;16;32.5;;;;;;;;
Pietralba;42.54;9.18;06/06/2026;17:00;23.2;46;10.8;23.0;14;0.0;0.0;0.0;0.0;0.0;0;P1;Ensoleillé;1014.9;954.2;13;0;11;2;31660.0;0.0;1.55;8.9;8.6;19;29.7;;;;;;;;
Pietralba;42.54;9.18;06/06/2026;18:00;21.9;51;11.4;21.1;14;0.0;0.0;0.0;0.0;0.0;0;P1;Ensoleillé;1015.0;954.0;10;0;7;3;33480.0;0.0;1.28;7.8;10.1;22;26.6;;;;;;;;
Pietralba;42.54;9.18;06/06/2026;19:00;20.5;57;11.6;20.1;13;0.0;0.0;0.0;0.0;0.0;0;P1;Ensoleillé;1015.1;953.9;6;0;3;4;35320.0;0.0;1.05;6.8;11.9;25;23.6;;;;;;;;
Pietralba;42.54;9.18;06/06/2026;20:00;19.5;60;11.6;19.2;12;0.0;0.0;0.0;0.0;0.0;0;P1;Ensoleillé;1015.1;953.7;4;0;0;4;37140.0;0.0;0.9;5.6;13.3;29;21.3;;;;;;;;
Pietralba;42.54;9.18;06/06/2026;21:00;18.6;62;11.1;18.3;10;0.0;0.0;0.0;0.0;0.0;0;P1;Ensoleillé;1015.1;953.5;2;0;0;4;38120.0;0.0;0.82;4.3;13.7;33;19.4;;;;;;;;
Pietralba;42.54;9.18;06/06/2026;22:00;17.6;62;10.2;17.3;8;0.0;0.0;0.0;0.0;0.0;0;P1;Ensoleillé;1015.0;953.2;1;0;0;3;39100.0;0.0;0.77;2.7;13.3;42;17.5;;;;;;;;
Pietralba;42.54;9.18;06/06/2026;23:00;16.7;61;9.1;16.3;6;0.0;0.0;0.0;0.0;0.0;0;P1;Ensoleillé;1014.8;952.8;0;0;0;2;40100.0;0.0;0.75;1.3;13.0;74;15.6;;;;;;;;
Pietralba;42.54;9.18;07/06/2026;00:00;16.0;58;7.8;15.3;4;0.0;0.0;0.0;0.0;0.0;0;P1;Ensoleillé;1014.7;952.6;0;0;0;1;41080.0;0.0;0.76;1.2;13.0;153;14.2;;;;;;;;
Pietralba;42.54;9.18;07/06/2026;01:00;15.5;56;6.8;14.3;2;0.0;0.0;0.0;0.0;0.0;0;P1;Ensoleillé;1014.5;952.3;0;0;0;0;42060.0;0.0;0.77;2.5;13.0;176;13.2;;;;;;;;
Pietralba;42.54;9.18;07/06/2026;02:00;15.4;54;6.1;14.0;0;0.0;0.0;0.0;0.0;0.0;0;P1;Ensoleillé;1014.3;952.1;0;0;0;0;43040.0;0.0;0.82;3.4;12.2;183;13.1;;;;;;;;
Pietralba;42.54;9.18;07/06/2026;03:00;15.9;51;5.6;14.2;0;0.0;0.0;0.0;0.0;0.0;0;P1;Ensoleillé;1014.1;952.0;1;0;0;1;43720.0;0.0;0.89;4.1;10.4;182;13.7;;;;;;;;
Pietralba;42.54;9.18;07/06/2026;04:00;16.7;47;5.2;14.9;0;0.0;0.0;0.0;0.0;0.0;0;P1;Ensoleillé;1013.9;952.0;2;0;0;2;44400.0;0.0;1.01;4.7;8.3;182;15.1;;;;;;;;
Pietralba;42.54;9.18;07/06/2026;05:00;17.9;43;5.1;15.9;0;0.0;0.0;0.0;0.0;0.0;0;P1;Ensoleillé;1013.6;951.9;3;0;0;4;45080.0;0.0;1.17;4.9;6.8;178;17.0;;;;;;;;
Pietralba;42.54;9.18;07/06/2026;06:00;19.1;40;5.1;17.2;0;0.0;0.0;0.0;0.0;0.0;0;P1;Ensoleillé;1013.4;952.0;5;0;0;6;45740.0;0.0;1.34;4.9;6.8;176;19.2;;;;;;;;
Pietralba;42.54;9.18;07/06/2026;07:00;20.4;37;5.2;18.5;0;0.0;0.0;0.0;0.0;0.0;0;P1;Ensoleillé;1013.1;952.0;7;0;0;8;46420.0;0.0;1.5;4.4;7.2;173;21.5;;;;;;;;
Pietralba;42.54;9.18;07/06/2026;08:00;21.5;35;5.6;19.9;0;0.0;0.0;0.0;0.0;0.0;0;P1;Ensoleillé;1012.8;951.9;9;0;0;9;47100.0;0.0;1.65;3.3;7.6;171;23.5;;;;;;;;
Pietralba;42.54;9.18;07/06/2026;09:00;22.5;35;6.2;21.4;1;0.0;0.0;0.0;0.0;0.0;0;P1;Ensoleillé;1012.5;951.8;12;3;0;9;46460.0;0.0;1.78;1.1;7.2;171;25.8;;;;;;;;
Pietralba;42.54;9.18;07/06/2026;10:00;23.7;34;7.1;22.6;2;0.0;0.0;0.0;0.0;0.0;0;P1;Ensoleillé;1012.1;951.7;16;6;1;10;45800.0;0.0;1.92;2.2;6.8;355;28.4;;;;;;;;
Pietralba;42.54;9.18;07/06/2026;11:00;24.9;35;8.2;24.0;3;0.0;0.0;0.0;0.0;0.0;1;P2;Éclaircies;1011.7;951.5;20;11;1;10;45160.0;0.0;2.06;6.0;6.8;351;31.1;;;;;;;;
Pietralba;42.54;9.18;07/06/2026;12:00;25.9;35;9.3;25.4;4;0.0;0.0;0.0;0.0;0.0;1;P2;Éclaircies;1011.4;951.5;24;15;2;9;44520.0;0.0;2.17;9.6;8.6;352;33.5;;;;;;;;
Pietralba;42.54;9.18;07/06/2026;13:00;26.6;36;10.4;26.5;5;0.0;0.0;0.0;0.0;0.0;1;P2;Éclaircies;1011.0;951.2;26;18;2;9;43860.0;0.0;2.23;12.5;10.8;353;35.2;;;;;;;;
Pietralba;42.54;9.18;07/06/2026;14:00;27.0;38;11.3;27.1;6;0.0;0.0;0.0;0.0;0.0;1;P2;Éclaircies;1010.7;951.0;27;20;2;8;43220.0;0.0;2.23;13.9;11.9;354;35.8;;;;;;;;
Pietralba;42.54;9.18;07/06/2026;15:00;26.9;40;12.1;27.1;6;0.0;0.0;0.0;0.0;0.0;1;P2;Éclaircies;1010.4;950.7;26;20;2;7;42260.0;0.0;2.12;13.7;10.4;358;35.2;;;;;;;;
Pietralba;42.54;9.18;07/06/2026;16:00;26.4;44;13.1;26.8;6;0.0;0.0;0.0;0.0;0.0;1;P2;Éclaircies;1010.0;950.2;22;18;2;6;41300.0;0.0;1.93;12.3;8.3;5;33.5;;;;;;;;
Pietralba;42.54;9.18;07/06/2026;17:00;25.5;49;13.9;26.0;5;0.0;0.0;0.0;0.0;0.0;0;P1;Ensoleillé;1009.6;949.7;18;15;1;4;40360.0;0.0;1.68;10.7;6.5;16;31.1;;;;;;;;
Pietralba;42.54;9.18;07/06/2026;18:00;24.5;54;14.6;24.7;4;0.0;0.0;0.0;0.0;0.0;0;P1;Ensoleillé;1009.3;949.2;13;11;1;2;39400.0;0.0;1.43;9.0;6.5;30;28.5;;;;;;;;
Pietralba;42.54;9.18;07/06/2026;19:00;23.5;59;14.9;23.9;3;0.0;0.0;0.0;0.0;0.0;0;P1;Ensoleillé;1009.2;948.9;9;8;0;1;38440.0;0.0;1.19;7.9;7.2;45;25.9;;;;;;;;
Pietralba;42.54;9.18;07/06/2026;20:00;22.4;62;14.8;23.0;2;0.0;0.0;0.0;0.0;0.0;0;P1;Ensoleillé;1009.3;948.8;6;6;0;0;37480.0;0.0;1.03;6.8;7.6;55;23.8;;;;;;;;
Pietralba;42.54;9.18;07/06/2026;21:00;21.2;64;14.1;21.8;2;0.0;0.0;0.0;0.0;0.0;0;P1;Ensoleillé;1009.7;948.9;4;4;0;0;37860.0;0.0;0.9;5.4;6.5;56;21.8;;;;;;;;
Pietralba;42.54;9.18;07/06/2026;22:00;19.8;65;12.9;20.2;1;0.0;0.0;0.0;0.0;0.0;0;P1;Ensoleillé;1010.5;949.4;2;2;0;0;38240.0;0.0;0.81;3.4;5.0;47;19.8;;;;;;;;
Pietralba;42.54;9.18;07/06/2026;23:00;18.2;65;11.4;18.4;1;0.0;0.0;0.0;0.0;0.0;0;P1;Ensoleillé;1011.4;949.9;0;1;0;0;38640.0;0.0;0.74;1.8;4.0;354;17.8;;;;;;;;
Pietralba;42.54;9.18;08/06/2026;00:00;16.8;64;9.8;16.2;1;0.0;0.0;0.0;0.0;0.0;0;P1;Ensoleillé;1012.3;950.5;0;0;0;0;39020.0;0.0;0.7;3.2;3.6;297;15.9;;;;;;;;
Pietralba;42.54;9.18;08/06/2026;01:00;15.6;62;8.4;14.3;0;0.0;0.0;0.0;0.0;0.0;0;P1;Ensoleillé;1013.2;951.1;0;0;0;0;39400.0;0.0;0.66;5.7;3.6;281;14.6;;;;;;;;
Pietralba;42.54;9.18;08/06/2026;02:00;14.7;61;7.3;12.9;0;0.0;0.0;0.0;0.0;0.0;0;P1;Ensoleillé;1013.8;951.5;0;0;0;0;39780.0;0.0;0.65;8.0;3.6;275;13.8;;;;;;;;
Pietralba;42.54;9.18;08/06/2026;03:00;14.2;61;6.8;12.0;0;0.0;0.0;0.0;0.0;0.0;0;P1;Ensoleillé;1014.2;951.7;2;2;0;0;39760.0;0.0;0.64;9.9;4.0;272;13.5;;;;;;;;
Pietralba;42.54;9.18;08/06/2026;04:00;14.1;60;6.3;11.5;1;0.0;0.0;0.0;0.0;0.0;0;P1;Ensoleillé;1014.4;951.9;6;6;0;0;39760.0;0.0;0.65;11.7;4.0;270;13.8;;;;;;;;
Pietralba;42.54;9.18;08/06/2026;05:00;14.1;59;6.2;11.2;1;0.0;0.0;0.0;0.0;0.0;0;P1;Ensoleillé;1014.5;952.0;11;11;0;0;39740.0;0.0;0.67;13.5;4.3;269;14.4;;;;;;;;
Pietralba;42.54;9.18;08/06/2026;06:00;14.4;57;6.0;11.2;1;0.0;0.0;0.0;0.0;0.0;0;P1;Ensoleillé;1014.6;952.1;16;16;0;0;39720.0;0.0;0.71;15.1;4.0;269;15.4;;;;;;;;
Pietralba;42.54;9.18;08/06/2026;07:00;14.8;55;5.8;11.3;2;0.0;0.0;0.0;0.0;0.0;1;P2;Éclaircies;1014.7;952.3;20;20;0;0;39720.0;0.0;0.76;16.6;3.6;268;16.5;;;;;;;;
Pietralba;42.54;9.18;08/06/2026;08:00;15.3;52;5.6;11.6;2;0.0;0.0;0.0;0.0;0.0;1;P2;Éclaircies;1014.8;952.5;22;22;0;0;39700.0;0.0;0.83;17.7;4.3;266;17.9;;;;;;;;
Pietralba;42.54;9.18;08/06/2026;09:00;16.1;49;5.2;12.2;3;0.0;0.0;0.0;0.0;0.0;1;P2;Éclaircies;1014.9;952.8;22;22;0;0;40940.0;0.0;0.94;18.4;7.9;265;19.8;;;;;;;;
Pietralba;42.54;9.18;08/06/2026;10:00;17.2;44;4.8;13.2;4;0.0;0.0;0.0;0.0;0.0;1;P2;Éclaircies;1015.0;953.1;21;21;0;0;42160.0;0.0;1.11;19.1;13.3;262;22.4;;;;;;;;
Pietralba;42.54;9.18;08/06/2026;11:00;18.5;39;4.4;14.8;5;0.0;0.0;0.0;0.0;0.0;0;P1;Ensoleillé;1015.1;953.5;19;19;0;0;43400.0;0.0;1.3;19.4;16.6;260;25.2;;;;;;;;
Pietralba;42.54;9.18;08/06/2026;12:00;19.8;35;4.0;16.5;6;0.0;0.0;0.0;0.0;0.0;0;P1;Ensoleillé;1015.2;953.8;16;16;0;0;44640.0;0.0;1.5;19.5;16.6;258;27.9;;;;;;;;
Pietralba;42.54;9.18;08/06/2026;13:00;20.8;33;3.7;17.9;7;0.0;0.0;0.0;0.0;0.0;0;P1;Ensoleillé;1015.4;954.2;13;13;0;0;45860.0;0.0;1.65;19.4;14.8;257;29.8;;;;;;;;
Pietralba;42.54;9.18;08/06/2026;14:00;21.2;31;3.6;18.7;8;0.0;0.0;0.0;0.0;0.0;0;P1;Ensoleillé;1015.5;954.4;11;11;0;0;47100.0;0.0;1.73;19.1;13.0;256;30.6;;;;;;;;
Pietralba;42.54;9.18;08/06/2026;15:00;21.2;32;3.7;18.7;9;0.0;0.0;0.0;0.0;0.0;0;P1;Ensoleillé;1015.7;954.6;9;9;0;0;46420.0;0.0;1.72;18.7;11.9;257;30.0;;;;;;;;
Pietralba;42.54;9.18;08/06/2026;16:00;20.8;33;3.9;18.1;11;0.0;0.0;0.0;0.0;0.0;0;P1;Ensoleillé;1015.8;954.6;7;7;0;0;45740.0;0.0;1.64;17.9;11.2;260;28.4;;;;;;;;
Pietralba;42.54;9.18;08/06/2026;17:00;20.0;35;4.2;17.1;12;0.0;0.0;0.0;0.0;0.0;0;P1;Ensoleillé;1016.0;954.6;5;5;0;0;45060.0;0.0;1.52;17.1;10.1;263;26.0;;;;;;;;
Pietralba;42.54;9.18;08/06/2026;18:00;19.2;38;4.7;15.7;13;0.0;0.0;0.0;0.0;0.0;0;P1;Ensoleillé;1016.2;954.6;3;3;0;0;44360.0;0.0;1.37;16.1;8.3;266;23.4;;;;;;;;
Pietralba;42.54;9.18;08/06/2026;19:00;18.3;42;5.0;14.9;14;0.0;0.0;0.0;0.0;0.0;0;P1;Ensoleillé;1016.4;954.6;1;1;0;0;43680.0;0.0;1.23;14.8;6.1;269;20.9;;;;;;;;
Pietralba;42.54;9.18;08/06/2026;20:00;17.5;45;5.3;14.4;14;0.0;0.0;0.0;0.0;0.0;0;P1;Ensoleillé;1016.6;954.7;0;0;0;0;43000.0;0.0;1.11;13.1;4.7;272;18.9;;;;;;;;
Pietralba;42.54;9.18;08/06/2026;21:00;16.6;48;5.6;14.0;12;0.0;0.0;0.0;0.0;0.0;0;P1;Ensoleillé;1016.8;954.7;0;0;0;0;37940.0;0.0;0.99;10.8;5.0;271;17.1;;;;;;;;
Pietralba;42.54;9.18;08/06/2026;22:00;15.6;52;5.9;13.4;10;0.0;0.0;0.0;0.0;0.0;0;P1;Ensoleillé;1017.1;954.7;0;0;0;0;32880.0;0.0;0.84;7.7;6.1;267;15.4;;;;;;;;
Pietralba;42.54;9.18;08/06/2026;23:00;14.6;57;6.2;12.9;7;0.0;0.0;0.0;0.0;0.0;0;P1;Ensoleillé;1017.4;954.8;0;0;0;0;27840.0;0.0;0.71;4.6;7.2;257;13.6;;;;;;;;
Pietralba;42.54;9.18;09/06/2026;00:00;13.6;62;6.4;12.4;4;0.0;0.0;0.0;0.0;0.0;0;P1;Ensoleillé;1017.7;954.9;0;0;0;0;22780.0;0.0;0.6;2.2;7.6;215;12.2;;;;;;;;
Pietralba;42.54;9.18;09/06/2026;01:00;13.0;65;6.5;11.7;2;0.0;0.0;0.0;0.0;0.0;0;P1;Ensoleillé;1017.9;954.9;0;0;0;0;17720.0;0.0;0.53;2.9;7.2;150;11.2;;;;;;;;
Pietralba;42.54;9.18;09/06/2026;02:00;12.8;65;6.3;11.2;0;0.0;0.0;0.0;0.0;0.0;0;P1;Ensoleillé;1018.1;955.1;0;0;0;0;12660.0;0.0;0.52;4.6;7.2;132;11.0;;;;;;;;
Pietralba;42.54;9.18;09/06/2026;03:00;13.2;60;5.6;11.3;0;0.0;0.0;0.0;0.0;0.0;0;P1;Ensoleillé;1018.3;955.4;0;0;0;0;18400.0;0.0;0.61;5.5;7.2;128;11.6;;;;;;;;
Pietralba;42.54;9.18;09/06/2026;04:00;14.0;52;4.4;11.8;0;0.0;0.0;0.0;0.0;0.0;0;P1;Ensoleillé;1018.4;955.6;0;0;0;1;24140.0;0.0;0.76;6.1;7.6;130;12.9;;;;;;;;
Pietralba;42.54;9.18;09/06/2026;05:00;15.1;44;3.0;12.6;0;0.0;0.0;0.0;0.0;0.0;0;P1;Ensoleillé;1018.5;956.0;0;0;0;1;29880.0;0.0;0.96;6.2;7.2;134;14.7;;;;;;;;
Pietralba;42.54;9.18;09/06/2026;06:00;16.4;37;1.8;13.7;0;0.0;0.0;0.0;0.0;0.0;0;P1;Ensoleillé;1018.5;956.2;0;0;0;2;35600.0;0.0;1.17;6.1;5.8;137;16.8;;;;;;;;
Pietralba;42.54;9.18;09/06/2026;07:00;17.6;33;0.9;14.8;0;0.0;0.0;0.0;0.0;0.0;0;P1;Ensoleillé;1018.6;956.6;1;0;0;2;41340.0;0.0;1.36;5.5;4.3;139;18.9;;;;;;;;
Pietralba;42.54;9.18;09/06/2026;08:00;18.5;30;0.9;15.9;0;0.0;0.0;0.0;0.0;0.0;0;P1;Ensoleillé;1018.7;956.9;2;0;0;2;47080.0;0.0;1.49;4.6;3.6;135;20.9;;;;;;;;
Pietralba;42.54;9.18;09/06/2026;09:00;19.4;31;1.8;17.1;1;0.0;0.0;0.0;0.0;0.0;0;P1;Ensoleillé;1018.8;957.1;4;1;3;2;40940.0;0.0;1.56;3.1;5.4;114;23.0;;;;;;;;
Pietralba;42.54;9.18;09/06/2026;10:00;20.3;33;3.4;18.3;3;0.0;0.0;0.0;0.0;0.0;0;P1;Ensoleillé;1018.9;957.4;8;2;7;1;34820.0;0.0;1.6;2.9;7.9;60;25.5;;;;;;;;
Pietralba;42.54;9.18;09/06/2026;11:00;21.1;36;5.4;19.9;5;0.0;0.0;0.0;0.0;0.0;0;P1;Ensoleillé;1019.0;957.7;12;4;11;0;28680.0;0.0;1.6;5.3;10.4;24;28.0;;;;;;;;
Pietralba;42.54;9.18;09/06/2026;12:00;21.8;40;7.7;21.5;7;0.0;0.0;0.0;0.0;0.0;0;P1;Ensoleillé;1019.0;957.8;16;5;16;0;22540.0;0.0;1.56;8.3;11.9;11;30.2;;;;;;;;
Pietralba;42.54;9.18;09/06/2026;13:00;22.2;45;9.6;22.6;9;0.0;0.0;0.0;0.0;0.0;1;P2;Éclaircies;1019.1;958.0;20;6;20;0;16420.0;0.0;1.49;10.7;12.6;7;31.8;;;;;;;;
Pietralba;42.54;9.18;09/06/2026;14:00;22.4;48;11.0;23.1;10;0.0;0.0;0.0;0.0;0.0;1;P2;Éclaircies;1019.1;958.0;23;7;22;0;10280.0;0.0;1.4;12.1;13.3;4;32.4;;;;;;;;
Pietralba;42.54;9.18;09/06/2026;15:00;22.1;52;11.9;22.9;11;0.1;0.0;0.1;0.0;0.0;51;P10;Pluie faible;1019.1;958.0;26;7;23;3;13400.0;0.0;1.28;12.3;13.7;3;31.7;;;;;;;;
Pietralba;42.54;9.18;09/06/2026;16:00;21.6;56;12.4;22.1;12;0.1;0.0;0.1;0.0;0.0;51;P10;Pluie faible;1019.0;957.8;30;6;23;9;16500.0;0.0;1.14;11.5;14.0;3;30.0;;;;;;;;
Pietralba;42.54;9.18;09/06/2026;17:00;20.8;60;12.6;20.9;12;0.1;0.0;0.1;0.0;0.0;51;P10;Pluie faible;1018.8;957.4;34;5;22;15;19620.0;0.0;0.99;10.1;14.0;3;27.6;;;;;;;;
Pietralba;42.54;9.18;09/06/2026;18:00;19.9;64;12.8;19.5;12;0.1;0.0;0.1;0.0;0.0;51;P10;Pluie faible;1018.7;957.1;37;4;21;20;22720.0;0.0;0.85;8.5;14.0;2;25.0;;;;;;;;
Pietralba;42.54;9.18;09/06/2026;19:00;19.0;68;12.9;18.9;12;0.1;0.0;0.1;0.0;0.0;51;P10;Pluie faible;1018.6;956.8;39;3;19;24;25840.0;0.0;0.71;6.7;13.7;3;22.5;;;;;;;;
Pietralba;42.54;9.18;09/06/2026;20:00;18.1;72;12.9;18.2;12;0.1;0.0;0.1;0.0;0.0;51;P10;Pluie faible;1018.6;956.7;39;3;17;26;28940.0;0.0;0.58;5.4;12.6;4;20.4;;;;;;;;
Pietralba;42.54;9.18;09/06/2026;21:00;17.2;76;13.0;17.5;11;0.0;0.0;0.0;0.0;0.0;1;P2;Éclaircies;1018.7;956.6;37;4;15;24;24400.0;0.0;0.46;4.3;10.4;5;18.5;;;;;;;;
Pietralba;42.54;9.18;09/06/2026;22:00;16.1;82;13.0;16.6;9;0.0;0.0;0.0;0.0;0.0;1;P2;Éclaircies;1018.8;956.4;33;6;12;20;19860.0;0.0;0.33;3.1;7.9;7;16.5;;;;;;;;
Pietralba;42.54;9.18;09/06/2026;23:00;15.0;88;12.9;15.6;7;0.0;0.0;0.0;0.0;0.0;1;P2;Éclaircies;1018.9;956.3;28;9;8;15;15320.0;0.0;0.21;2.0;5.8;10;14.6;;;;;;;;
Pietralba;42.54;9.18;10/06/2026;00:00;14.0;92;12.8;14.7;5;0.0;0.0;0.0;0.0;0.0;1;P2;Éclaircies;1019.1;956.3;22;11;5;9;10780.0;0.0;0.12;1.0;5.0;31;13.0;;;;;;;;
Pietralba;42.54;9.18;10/06/2026;01:00;13.2;96;12.6;14.0;3;0.0;0.0;0.0;0.0;0.0;0;P1;Ensoleillé;1019.2;956.2;17;13;2;3;6240.0;0.0;0.06;0.7;4.7;90;11.9;;;;;;;;
Pietralba;42.54;9.18;10/06/2026;02:00;12.9;98;12.5;13.5;2;0.0;0.0;0.0;0.0;0.0;0;P1;Ensoleillé;1019.3;956.2;13;13;0;0;1700.0;0.0;0.03;1.2;4.7;129;11.4;;;;;;;;
Pietralba;42.54;9.18;10/06/2026;03:00;12.9;96;12.4;13.4;1;0.0;0.0;0.0;0.0;0.0;0;P1;Ensoleillé;1019.3;956.2;9;12;0;0;7580.0;0.0;0.05;1.8;4.7;135;11.7;;;;;;;;
Pietralba;42.54;9.18;10/06/2026;04:00;13.2;93;12.1;13.5;1;0.0;0.0;0.0;0.0;0.0;0;P1;Ensoleillé;1019.4;956.4;4;10;0;0;13460.0;0.0;0.11;2.6;5.0;129;12.6;;;;;;;;
Pietralba;42.54;9.18;10/06/2026;05:00;13.9;88;11.9;14.0;1;0.0;0.0;0.0;0.0;0.0;0;P1;Ensoleillé;1019.4;956.5;0;7;0;0;19340.0;0.0;0.19;3.2;5.0;124;13.9;;;;;;;;
Pietralba;42.54;9.18;10/06/2026;06:00;14.6;82;11.6;14.6;1;0.0;0.0;0.0;0.0;0.0;0;P1;Ensoleillé;1019.4;956.7;0;4;0;0;25200.0;0.0;0.29;3.6;4.7;117;15.6;;;;;;;;
Pietralba;42.54;9.18;10/06/2026;07:00;15.4;77;11.4;15.3;2;0.0;0.0;0.0;0.0;0.0;0;P1;Ensoleillé;1019.4;956.9;0;2;0;0;31080.0;0.0;0.41;3.8;4.7;109;17.5;;;;;;;;
Pietralba;42.54;9.18;10/06/2026;08:00;16.3;72;11.2;16.2;2;0.0;0.0;0.0;0.0;0.0;0;P1;Ensoleillé;1019.4;957.0;0;0;0;0;36960.0;0.0;0.52;3.6;4.7;99;19.3;;;;;;;;
Pietralba;42.54;9.18;10/06/2026;09:00;17.3;67;11.1;17.2;2;0.0;0.0;0.0;0.0;0.0;0;P1;Ensoleillé;1019.5;957.3;10;0;2;11;37960.0;0.0;0.65;3.0;5.4;73;21.5;;;;;;;;
Pietralba;42.54;9.18;10/06/2026;10:00;18.5;62;11.1;18.4;3;0.0;0.0;0.0;0.0;0.0;1;P2;Éclaircies;1019.5;957.6;27;0;4;28;38940.0;0.0;0.81;3.6;6.5;30;24.2;;;;;;;;
Pietralba;42.54;9.18;10/06/2026;11:00;19.9;57;11.1;19.6;3;0.0;0.0;0.0;0.0;0.0;1;P2;Éclaircies;1019.6;958.0;46;0;7;47;39940.0;0.0;1.01;5.6;7.6;4;27.1;;;;;;;;
Pietralba;42.54;9.18;10/06/2026;12:00;21.1;52;11.0;21.3;4;0.0;0.0;0.0;0.0;0.0;2;P8;Éclaircies;1019.7;958.3;65;0;10;65;40940.0;0.0;1.2;8.0;9.0;352;29.7;;;;;;;;
Pietralba;42.54;9.18;10/06/2026;13:00;22.1;49;10.9;22.6;4;0.0;0.0;0.0;0.0;0.0;2;P8;Éclaircies;1019.8;958.6;79;0;12;78;41920.0;0.0;1.35;10.0;10.8;347;31.6;;;;;;;;
Pietralba;42.54;9.18;10/06/2026;14:00;22.6;47;10.8;23.1;6;0.0;0.0;0.0;0.0;0.0;3;P4;Nuageux;1019.8;958.7;85;1;13;83;42920.0;0.0;1.45;11.2;11.5;345;32.5;;;;;;;;
Pietralba;42.54;9.18;10/06/2026;15:00;22.5;47;10.6;22.9;9;0.0;0.0;0.0;0.0;0.0;3;P4;Nuageux;1019.8;958.7;81;3;12;78;42340.0;0.0;1.46;11.2;10.8;344;31.9;;;;;;;;
Pietralba;42.54;9.18;10/06/2026;16:00;22.1;47;10.2;22.1;12;0.0;0.0;0.0;0.0;0.0;2;P8;Éclaircies;1019.8;958.6;70;5;10;64;41760.0;0.0;1.42;10.5;9.7;344;30.2;;;;;;;;
Pietralba;42.54;9.18;10/06/2026;17:00;21.4;48;9.8;20.8;15;0.0;0.0;0.0;0.0;0.0;2;P8;Éclaircies;1019.8;958.5;54;8;7;46;41200.0;0.0;1.34;9.3;8.3;344;28.0;;;;;;;;
Pietralba;42.54;9.18;10/06/2026;18:00;20.5;49;9.4;19.3;17;0.0;0.0;0.0;0.0;0.0;1;P2;Éclaircies;1019.8;958.3;37;10;4;27;40620.0;0.0;1.24;7.6;7.2;345;25.3;;;;;;;;
Pietralba;42.54;9.18;10/06/2026;19:00;19.6;51;9.2;18.6;20;0.0;0.0;0.0;0.0;0.0;1;P2;Éclaircies;1019.8;958.1;23;12;2;10;40040.0;0.0;1.12;6.1;6.1;346;22.8;;;;;;;;
Pietralba;42.54;9.18;10/06/2026;20:00;18.8;53;9.1;17.9;20;0.0;0.0;0.0;0.0;0.0;0;P1;Ensoleillé;1019.7;957.8;13;13;0;0;39460.0;0.0;1.01;4.8;5.0;349;20.7;;;;;;;;
Pietralba;42.54;9.18;10/06/2026;21:00;17.9;57;9.3;17.2;18;0.0;0.0;0.0;0.0;0.0;0;P1;Ensoleillé;1019.6;957.6;9;12;0;0;38020.0;0.0;0.87;3.4;4.3;354;18.9;;;;;;;;
Pietralba;42.54;9.18;10/06/2026;22:00;16.7;64;9.8;16.4;15;0.0;0.0;0.0;0.0;0.0;0;P1;Ensoleillé;1019.6;957.3;8;10;0;0;36560.0;0.0;0.69;2.0;4.0;5;16.9;;;;;;;;
Pietralba;42.54;9.18;10/06/2026;23:00;15.5;72;10.4;15.5;11;0.0;0.0;0.0;0.0;0.0;0;P1;Ensoleillé;1019.5;957.0;9;7;0;2;35120.0;0.0;0.5;1.0;4.0;68;14.9;;;;;;;;
Pietralba;42.54;9.18;11/06/2026;00:00;14.4;80;10.9;14.5;7;0.0;0.0;0.0;0.0;0.0;0;P1;Ensoleillé;1019.4;956.7;11;4;0;7;33660.0;0.0;0.34;1.8;4.0;127;13.3;;;;;;;;
Pietralba;42.54;9.18;11/06/2026;01:00;13.8;84;11.1;13.7;3;0.0;0.0;0.0;0.0;0.0;0;P1;Ensoleillé;1019.2;956.3;13;2;0;11;32220.0;0.0;0.25;2.9;4.0;137;12.2;;;;;;;;
Pietralba;42.54;9.18;11/06/2026;02:00;13.6;84;10.9;13.4;0;0.0;0.0;0.0;0.0;0.0;0;P1;Ensoleillé;1019.1;956.2;13;0;0;13;30760.0;0.0;0.25;3.5;4.3;141;11.9;;;;;;;;
Pietralba;42.54;9.18;11/06/2026;03:00;14.1;77;10.1;13.6;0;0.0;0.0;0.0;0.0;0.0;0;P1;Ensoleillé;1018.9;956.1;11;0;0;12;33500.0;0.0;0.37;3.7;4.7;141;12.6;;;;;;;;
Pietralba;42.54;9.18;11/06/2026;04:00;15.1;65;8.7;14.3;0;0.0;0.0;0.0;0.0;0.0;0;P1;Ensoleillé;1018.8;956.2;9;0;0;10;36220.0;0.0;0.6;3.6;5.0;139;14.1;;;;;;;;
Pietralba;42.54;9.18;11/06/2026;05:00;16.5;54;7.1;15.3;0;0.0;0.0;0.0;0.0;0.0;0;P1;Ensoleillé;1018.6;956.3;6;0;0;7;38960.0;0.0;0.87;3.2;5.4;133;16.0;;;;;;;;
Pietralba;42.54;9.18;11/06/2026;06:00;18.0;43;5.3;16.6;0;0.0;0.0;0.0;0.0;0.0;0;P1;Ensoleillé;1018.4;956.5;4;0;0;4;41700.0;0.0;1.18;2.3;5.0;122;18.4;;;;;;;;
Pietralba;42.54;9.18;11/06/2026;07:00;19.5;36;4.0;17.8;0;0.0;0.0;0.0;0.0;0.0;0;P1;Ensoleillé;1018.2;956.6;2;0;0;2;44420.0;0.0;1.46;1.7;4.3;103;20.8;;;;;;;;
Pietralba;42.54;9.18;11/06/2026;08:00;20.8;31;3.0;19.0;0;0.0;0.0;0.0;0.0;0.0;0;P1;Ensoleillé;1018.0;956.6;0;0;0;0;47160.0;0.0;1.69;1.0;4.0;45;22.9;;;;;;;;
Pietralba;42.54;9.18;11/06/2026;09:00;21.9;28;2.5;19.8;2;0.0;0.0;0.0;0.0;0.0;0;P1;Ensoleillé;1017.8;956.7;0;0;0;0;47180.0;0.0;1.89;2.4;4.0;343;25.2;;;;;;;;
Pietralba;42.54;9.18;11/06/2026;10:00;23.1;25;2.3;20.6;4;0.0;0.0;0.0;0.0;0.0;0;P1;Ensoleillé;1017.6;956.7;0;0;0;0;47180.0;0.0;2.11;5.2;4.0;326;28.1;;;;;;;;
Pietralba;42.54;9.18;11/06/2026;11:00;24.4;24;2.3;22.0;6;0.0;0.0;0.0;0.0;0.0;0;P1;Ensoleillé;1017.5;956.9;0;0;0;0;47200.0;0.0;2.32;8.5;5.0;322;31.0;;;;;;;;
Pietralba;42.54;9.18;11/06/2026;12:00;25.4;23;2.6;23.3;8;0.0;0.0;0.0;0.0;0.0;0;P1;Ensoleillé;1017.3;956.9;0;0;0;0;47220.0;0.0;2.5;11.6;7.2;319;33.5;;;;;;;;
Pietralba;42.54;9.18;11/06/2026;13:00;26.0;23;3.1;24.2;10;0.0;0.0;0.0;0.0;0.0;0;P1;Ensoleillé;1017.2;956.9;1;0;0;1;47220.0;0.0;2.6;13.9;10.4;319;35.3;;;;;;;;
Pietralba;42.54;9.18;11/06/2026;14:00;26.1;24;3.8;24.6;12;0.0;0.0;0.0;0.0;0.0;0;P1;Ensoleillé;1017.2;956.9;1;0;0;1;47240.0;0.0;2.58;14.8;12.2;319;35.9;;;;;;;;
Pietralba;42.54;9.18;11/06/2026;15:00;25.5;27;5.1;24.3;14;0.0;0.0;0.0;0.0;0.0;0;P1;Ensoleillé;1017.3;956.9;1;0;0;1;45060.0;0.0;2.4;14.1;12.2;320;35.0;;;;;;;;
Pietralba;42.54;9.18;11/06/2026;16:00;24.4;32;6.8;23.5;16;0.0;0.0;0.0;0.0;0.0;0;P1;Ensoleillé;1017.4;956.8;0;0;0;0;42900.0;0.0;2.07;12.1;10.8;323;32.8;;;;;;;;
Pietralba;42.54;9.18;11/06/2026;17:00;22.9;40;8.7;22.3;18;0.0;0.0;0.0;0.0;0.0;0;P1;Ensoleillé;1017.6;956.7;0;0;0;0;40720.0;0.0;1.66;9.2;9.4;329;29.8;;;;;;;;
Pietralba;42.54;9.18;11/06/2026;18:00;21.2;51;10.6;20.7;19;0.0;0.0;0.0;0.0;0.0;0;P1;Ensoleillé;1017.9;956.6;0;0;0;0;38540.0;0.0;1.24;6.5;7.6;341;26.5;;;;;;;;
Pietralba;42.54;9.18;11/06/2026;19:00;19.7;62;12.2;19.8;20;0.0;0.0;0.0;0.0;0.0;0;P1;Ensoleillé;1018.1;956.5;0;0;0;0;36380.0;0.0;0.87;4.3;5.4;360;23.4;;;;;;;;
Pietralba;42.54;9.18;11/06/2026;20:00;18.5;71;13.2;19.0;20;0.0;0.0;0.0;0.0;0.0;0;P1;Ensoleillé;1018.4;956.6;0;0;0;0;34200.0;0.0;0.61;3.4;4.0;25;20.9;;;;;;;;
Pietralba;42.54;9.18;11/06/2026;21:00;17.5;78;13.7;18.3;18;0.0;0.0;0.0;0.0;0.0;0;P1;Ensoleillé;1018.7;956.6;4;0;0;4;34180.0;0.0;0.44;2.8;4.0;40;18.9;;;;;;;;
Pietralba;42.54;9.18;11/06/2026;22:00;16.7;83;13.8;17.6;16;0.0;0.0;0.0;0.0;0.0;0;P1;Ensoleillé;1019.0;956.8;11;0;0;11;34160.0;0.0;0.32;2.2;4.7;48;16.9;;;;;;;;
Pietralba;42.54;9.18;11/06/2026;23:00;15.9;86;13.6;16.9;13;0.0;0.0;0.0;0.0;0.0;0;P1;Ensoleillé;1019.3;956.9;19;0;1;19;34160.0;0.0;0.25;1.5;5.4;60;15.1;;;;;;;;
Pietralba;42.54;9.18;12/06/2026;00:00;15.4;87;13.1;16.3;9;0.0;0.0;0.0;0.0;0.0;1;P2;Éclaircies;1019.6;957.0;26;0;1;26;34140.0;0.0;0.23;0.6;5.0;72;13.6;;;;;;;;
Pietralba;42.54;9.18;12/06/2026;01:00;14.9;85;12.5;15.7;6;0.0;0.0;0.0;0.0;0.0;1;P2;Éclaircies;1019.9;957.2;33;0;1;33;34120.0;0.0;0.25;0.2;4.7;180;12.6;;;;;;;;
Pietralba;42.54;9.18;12/06/2026;02:00;14.9;82;11.8;15.4;6;0.0;0.0;0.0;0.0;0.0;1;P2;Éclaircies;1020.1;957.4;37;0;1;37;34100.0;0.0;0.31;0.4;4.3;207;12.3;;;;;;;;
Pietralba;42.54;9.18;12/06/2026;03:00;15.2;75;10.8;15.4;6;0.0;0.0;0.0;0.0;0.0;1;P2;Éclaircies;1020.2;957.6;39;0;1;39;36280.0;0.0;0.43;0.4;5.0;180;12.8;;;;;;;;
Pietralba;42.54;9.18;12/06/2026;04:00;15.8;66;9.4;15.6;7;0.0;0.0;0.0;0.0;0.0;1;P2;Éclaircies;1020.2;957.7;39;0;1;39;38460.0;0.0;0.61;0.4;6.1;153;14.0;;;;;;;;
Pietralba;42.54;9.18;12/06/2026;05:00;16.6;57;7.9;16.0;7;0.0;0.0;0.0;0.0;0.0;1;P2;Éclaircies;1020.2;957.9;37;0;1;37;40640.0;0.0;0.82;0.5;6.5;90;15.7;;;;;;;;
Pietralba;42.54;9.18;12/06/2026;06:00;17.5;48;6.4;16.5;6;0.0;0.0;0.0;0.0;0.0;1;P2;Éclaircies;1020.2;958.1;35;0;0;35;42800.0;0.0;1.04;1.1;5.0;72;17.7;;;;;;;;
Pietralba;42.54;9.18;12/06/2026;07:00;18.6;41;5.2;17.2;6;0.0;0.0;0.0;0.0;0.0;1;P2;Éclaircies;1020.1;958.2;34;0;0;34;44980.0;0.0;1.27;1.8;2.9;66;19.9;;;;;;;;
Pietralba;42.54;9.18;12/06/2026;08:00;19.7;36;4.2;18.0;6;0.0;0.0;0.0;0.0;0.0;1;P2;Éclaircies;1020.0;958.3;33;0;0;33;47160.0;0.0;1.47;2.5;1.8;60;22.1;;;;;;;;
Pietralba;42.54;9.18;12/06/2026;09:00;20.9;32;3.7;18.9;7;0.0;0.0;0.0;0.0;0.0;1;P2;Éclaircies;1019.9;958.5;33;0;0;33;47180.0;0.0;1.68;3.4;2.9;58;24.5;;;;;;;;
Pietralba;42.54;9.18;12/06/2026;10:00;22.4;29;3.5;20.2;8;0.0;0.0;0.0;0.0;0.0;1;P2;Éclaircies;1019.7;958.6;33;0;0;33;47180.0;0.0;1.93;4.7;4.7;58;27.5;;;;;;;;
Pietralba;42.54;9.18;12/06/2026;11:00;24.0;26;3.3;22.2;9;0.0;0.0;0.0;0.0;0.0;1;P2;Éclaircies;1019.4;958.6;33;0;0;33;47200.0;0.0;2.2;6.0;7.2;57;30.5;;;;;;;;
Pietralba;42.54;9.18;12/06/2026;12:00;25.8;27;5.0;24.6;10;0.0;0.0;0.0;0.0;0.0;1;P2;Éclaircies;1019.2;958.8;50;0;1;50;41450.0;0.0;2.43;8.5;10.1;127;33.5;;;;;;;;
Pietralba;42.54;9.18;12/06/2026;13:00;27.3;28;6.8;26.6;11;0.0;0.0;0.0;0.0;0.0;1;P2;Éclaircies;1019.0;958.9;66;0;2;66;35680.0;0.0;2.61;10.9;13.3;199;36.0;;;;;;;;
Pietralba;42.54;9.18;12/06/2026;14:00;28.2;30;8.8;27.8;13;0.0;0.0;0.0;0.0;0.0;1;P2;Éclaircies;1018.8;958.8;82;0;4;80;29915.0;0.0;2.66;12.7;15.1;272;37.7;;;;;;;;
Pietralba;42.54;9.18;12/06/2026;15:00;27.9;34;10.6;27.8;15;0.0;0.0;0.0;0.0;0.0;3;P4;Nuageux;1018.6;958.6;100;0;11;100;24140.0;0.0;2.48;13.1;14.0;344;;;;;;;;;
Pietralba;42.54;9.18;12/06/2026;16:00;26.9;37;10.9;26.7;17;0.0;0.0;0.0;0.0;0.0;3;P4;Nuageux;1018.5;958.3;100;0;17;100;24140.0;0.0;2.23;11.4;11.5;342;;;;;;;;;
Pietralba;42.54;9.18;12/06/2026;17:00;25.8;40;11.1;25.3;19;0.0;0.0;0.0;0.0;0.0;3;P4;Nuageux;1018.5;958.1;100;0;20;100;24140.0;0.0;1.99;9.6;9.4;340;;;;;;;;;
Pietralba;42.54;9.18;12/06/2026;18:00;24.7;45;12.0;24.1;21;0.0;0.0;0.0;0.0;0.0;2;P8;Éclaircies;1018.4;957.8;76;0;17;74;24140.0;0.0;1.71;8.6;8.3;345;;;;;;;;;
Pietralba;42.54;9.18;12/06/2026;19:00;23.6;51;12.8;23.4;22;0.0;0.0;0.0;0.0;0.0;1;P2;Éclaircies;1018.4;957.6;43;0;12;37;24140.0;0.0;1.42;7.3;7.2;351;;;;;;;;;
Pietralba;42.54;9.18;12/06/2026;20:00;22.4;56;13.2;22.5;23;0.0;0.0;0.0;0.0;0.0;0;P1;Ensoleillé;1018.4;957.3;18;0;7;10;24140.0;0.0;1.19;5.8;6.5;356;;;;;;;;;
Pietralba;42.54;9.18;12/06/2026;21:00;20.9;60;12.8;21.4;23;0.0;0.0;0.0;0.0;0.0;0;P1;Ensoleillé;1018.6;957.2;9;0;6;1;24140.0;0.0;0.99;2.6;5.4;344;;;;;;;;;
Pietralba;42.54;9.18;12/06/2026;22:00;19.3;63;12.1;19.6;22;0.0;0.0;0.0;0.0;0.0;0;P1;Ensoleillé;1018.8;957.1;9;0;5;0;24140.0;0.0;0.83;2.3;4.7;219;;;;;;;;;
Pietralba;42.54;9.18;12/06/2026;23:00;18.2;63;11.0;17.7;21;0.0;0.0;0.0;0.0;0.0;0;P1;Ensoleillé;1018.8;956.9;10;0;5;2;24140.0;0.0;0.77;5.0;4.0;201;;;;;;;;;
Prunelli-di-Fiumorbo;42.01;9.32;28/05/2026;00:00;21.1;52;10.9;20.2;0;0.0;0.0;0.0;0.0;0.0;0;P1;Ensoleillé;1018.9;963.2;0;0;0;0;41480.0;0.03;1.2;8.0;17.3;262;20.4;20.8;21.0;17.4;0.038;0.084;0.118;0.187;0.261
Prunelli-di-Fiumorbo;42.01;9.32;28/05/2026;01:00;20.8;52;10.6;19.8;0;0.0;0.0;0.0;0.0;0.0;0;P1;Ensoleillé;1018.8;963.0;0;0;0;0;41460.0;0.03;1.18;7.6;17.3;262;20.1;20.6;20.8;17.4;0.038;0.084;0.118;0.187;0.261
Prunelli-di-Fiumorbo;42.01;9.32;28/05/2026;02:00;20.6;50;9.8;19.5;0;0.0;0.0;0.0;0.0;0.0;0;P1;Ensoleillé;1018.4;962.6;0;0;0;0;41640.0;0.03;1.22;7.3;16.2;261;20.0;20.6;20.6;17.5;0.035;0.08;0.118;0.199;0.261
Prunelli-di-Fiumorbo;42.01;9.32;28/05/2026;03:00;20.1;51;9.7;19.0;0;0.0;0.0;0.0;0.0;0.0;0;P1;Ensoleillé;1017.8;962.0;0;0;0;0;41600.0;0.03;1.16;7.2;15.5;264;19.4;20.2;20.4;17.5;0.035;0.08;0.118;0.199;0.261
Prunelli-di-Fiumorbo;42.01;9.32;28/05/2026;04:00;19.5;51;9.1;18.2;0;0.0;0.0;0.0;0.0;0.0;0;P1;Ensoleillé;1017.6;961.7;0;0;0;0;41600.0;0.02;1.11;6.9;15.1;264;18.8;19.9;20.2;17.5;0.036;0.08;0.118;0.199;0.261
Prunelli-di-Fiumorbo;42.01;9.32;28/05/2026;05:00;18.8;53;9.0;17.6;0;0.0;0.0;0.0;0.0;0.0;0;P1;Ensoleillé;1017.9;961.8;2;0;0;2;41360.0;0.02;1.02;6.5;14.8;264;17.9;19.4;20.0;17.5;0.036;0.08;0.118;0.199;0.261
Prunelli-di-Fiumorbo;42.01;9.32;28/05/2026;06:00;18.5;52;8.4;17.1;0;0.0;0.0;0.0;0.0;0.0;0;P1;Ensoleillé;1018.2;962.0;1;0;0;1;41460.0;0.02;1.02;6.5;13.3;264;17.6;19.1;19.7;17.5;0.036;0.079;0.118;0.199;0.261
Prunelli-di-Fiumorbo;42.01;9.32;28/05/2026;07:00;18.8;63;11.6;18.5;0;0.0;0.0;0.0;0.0;0.0;0;P1;Ensoleillé;1018.6;962.5;0;0;0;0;40320.0;0.06;0.8;5.2;13.3;258;18.3;18.8;19.5;17.5;0.036;0.079;0.118;0.199;0.261
Prunelli-di-Fiumorbo;42.01;9.32;28/05/2026;08:00;21.9;73;16.8;24.2;0;0.0;0.0;0.0;0.0;0.0;0;P1;Ensoleillé;1018.7;963.1;0;0;0;0;37880.0;0.1;0.71;0.8;10.1;207;22.9;19.7;19.4;17.5;0.037;0.079;0.118;0.199;0.261
Prunelli-di-Fiumorbo;42.01;9.32;28/05/2026;09:00;22.8;63;15.4;24.1;0;0.0;0.0;0.0;0.0;0.0;0;P1;Ensoleillé;1018.5;963.1;0;0;0;0;39880.0;0.26;1.03;3.2;10.8;90;23.4;20.7;19.4;17.5;0.037;0.079;0.118;0.198;0.26
Prunelli-di-Fiumorbo;42.01;9.32;28/05/2026;10:00;23.5;64;16.3;25.1;0;0.0;0.0;0.0;0.0;0.0;0;P1;Ensoleillé;1018.7;963.4;0;0;0;0;39580.0;0.39;1.04;4.5;13.3;104;24.5;21.3;19.5;17.5;0.037;0.079;0.118;0.198;0.26
Prunelli-di-Fiumorbo;42.01;9.32;28/05/2026;11:00;24.5;61;16.5;27.0;0;0.0;0.0;0.0;0.0;0.0;0;P1;Ensoleillé;1019.2;964.1;1;1;0;0;39360.0;0.46;1.2;6.0;17.3;115;26.4;22.1;19.7;17.5;0.037;0.079;0.117;0.197;0.26
Prunelli-di-Fiumorbo;42.01;9.32;28/05/2026;12:00;25.5;56;16.1;28.1;0;0.0;0.0;0.0;0.0;0.0;0;P1;Ensoleillé;1019.2;964.3;4;4;0;0;39960.0;0.45;1.43;7.8;21.6;112;27.5;22.8;19.9;17.6;0.037;0.079;0.117;0.196;0.259
Prunelli-di-Fiumorbo;42.01;9.32;28/05/2026;13:00;26.2;49;14.7;28.5;0;0.0;0.0;0.0;0.0;0.0;0;P1;Ensoleillé;1019.1;964.3;9;9;0;0;41020.0;0.43;1.74;8.7;23.8;107;28.2;23.5;20.2;17.6;0.037;0.079;0.116;0.195;0.259
Prunelli-di-Fiumorbo;42.01;9.32;28/05/2026;14:00;26.4;47;14.2;28.3;0;0.0;0.0;0.0;0.0;0.0;2;P8;Éclaircies;1018.6;963.8;30;10;24;4;41240.0;0.4;1.82;9.2;24.5;101;28.3;23.9;20.5;17.6;0.037;0.079;0.116;0.194;0.258
Prunelli-di-Fiumorbo;42.01;9.32;28/05/2026;15:00;26.2;46;13.7;27.8;0;0.0;0.0;0.0;0.0;0.0;1;P2;Éclaircies;1018.2;963.4;19;3;12;8;41400.0;0.36;1.84;8.7;25.6;95;28.0;24.2;20.8;17.6;0.037;0.079;0.115;0.194;0.258
Prunelli-di-Fiumorbo;42.01;9.32;28/05/2026;16:00;26.1;47;13.9;27.3;0;0.0;0.0;0.0;0.0;0.0;1;P2;Éclaircies;1018.1;963.3;13;2;10;0;41360.0;0.32;1.79;8.3;23.4;92;27.3;24.3;21.1;17.6;0.036;0.079;0.115;0.193;0.257
Prunelli-di-Fiumorbo;42.01;9.32;28/05/2026;17:00;25.1;53;14.8;26.0;0;0.0;0.0;0.0;0.0;0.0;1;P2;Éclaircies;1018.2;963.2;94;1;0;94;40640.0;0.27;1.5;7.6;23.8;90;26.1;23.9;21.3;17.7;0.037;0.079;0.115;0.193;0.257
Prunelli-di-Fiumorbo;42.01;9.32;28/05/2026;18:00;24.4;54;14.5;25.1;0;0.0;0.0;0.0;0.0;0.0;0;P1;Ensoleillé;1018.1;963.0;0;0;0;0;40540.0;0.21;1.41;5.8;20.9;94;25.0;23.6;21.4;17.7;0.037;0.079;0.115;0.192;0.257
Prunelli-di-Fiumorbo;42.01;9.32;28/05/2026;19:00;23.8;56;14.5;24.9;0;0.0;0.0;0.0;0.0;0.0;0;P1;Ensoleillé;1017.7;962.5;0;0;0;0;40500.0;0.13;1.3;2.9;15.8;97;23.8;23.2;21.5;17.7;0.037;0.079;0.115;0.192;0.257
Prunelli-di-Fiumorbo;42.01;9.32;28/05/2026;20:00;22.5;63;15.1;24.0;0;0.0;0.0;0.0;0.0;0.0;0;P1;Ensoleillé;1018.0;962.6;0;0;0;0;40040.0;0.06;1.01;1.5;9.0;104;21.1;22.5;21.5;17.7;0.037;0.079;0.115;0.192;0.257
Prunelli-di-Fiumorbo;42.01;9.32;28/05/2026;21:00;20.7;71;15.3;22.2;0;0.0;0.0;0.0;0.0;0.0;0;P1;Ensoleillé;1018.1;962.4;0;0;0;0;39540.0;0.01;0.71;1.8;3.2;307;17.7;21.2;21.3;17.8;0.038;0.079;0.115;0.192;0.257
Prunelli-di-Fiumorbo;42.01;9.32;28/05/2026;22:00;20.2;71;14.7;21.3;0;0.0;0.0;0.0;0.0;0.0;1;P2;Éclaircies;1018.6;962.7;8;0;8;0;39880.0;-0.0;0.69;3.1;3.6;291;16.9;20.0;21.1;17.8;0.038;0.079;0.115;0.192;0.257
Prunelli-di-Fiumorbo;42.01;9.32;28/05/2026;23:00;20.1;69;14.2;20.9;3;0.0;0.0;0.0;0.0;0.0;1;P2;Éclaircies;1018.7;962.8;20;0;20;0;40060.0;-0.0;0.73;3.5;4.3;294;16.4;19.2;20.7;17.8;0.039;0.079;0.115;0.192;0.257
Prunelli-di-Fiumorbo;42.01;9.32;29/05/2026;00:00;20.1;67;13.8;20.8;0;0.0;0.0;0.0;0.0;0.0;1;P2;Éclaircies;1019.0;963.1;20;0;20;0;40440.0;-0.0;0.78;3.7;4.7;281;15.8;18.7;20.3;17.8;0.04;0.079;0.115;0.192;0.257
Prunelli-di-Fiumorbo;42.01;9.32;29/05/2026;01:00;20.0;67;13.7;20.5;0;0.0;0.0;0.0;0.0;0.0;3;P4;Nuageux;1019.1;963.2;100;0;31;100;40560.0;-0.0;0.77;5.1;6.5;309;16.0;18.2;19.9;17.8;0.04;0.078;0.115;0.192;0.257
Prunelli-di-Fiumorbo;42.01;9.32;29/05/2026;02:00;19.9;66;13.3;20.6;3;0.0;0.0;0.0;0.0;0.0;1;P2;Éclaircies;1018.8;962.9;36;0;30;7;40720.0;-0.0;0.79;2.1;6.5;329;15.3;18.0;19.6;17.8;0.041;0.078;0.115;0.192;0.257
Prunelli-di-Fiumorbo;42.01;9.32;29/05/2026;03:00;19.3;68;13.2;19.9;3;0.0;0.0;0.0;0.0;0.0;3;P4;Nuageux;1018.4;962.4;100;0;37;100;40540.0;-0.0;0.72;2.5;4.3;278;15.0;17.5;19.3;17.8;0.041;0.078;0.115;0.192;0.257
Prunelli-di-Fiumorbo;42.01;9.32;29/05/2026;04:00;18.3;73;13.4;18.9;3;0.0;0.0;0.0;0.0;0.0;3;P4;Nuageux;1018.6;962.4;84;0;37;63;39780.0;-0.0;0.57;2.7;4.0;23;14.7;17.3;18.9;17.8;0.042;0.078;0.115;0.192;0.257
Prunelli-di-Fiumorbo;42.01;9.32;29/05/2026;05:00;18.4;73;13.5;19.1;5;0.0;0.0;0.0;0.0;0.0;3;P4;Nuageux;1018.9;962.7;99;0;12;99;39400.0;-0.0;0.57;3.2;5.0;297;14.6;16.9;18.6;17.8;0.043;0.078;0.115;0.192;0.257
Prunelli-di-Fiumorbo;42.01;9.32;29/05/2026;06:00;17.8;75;13.3;18.3;3;0.0;0.0;0.0;0.0;0.0;1;P2;Éclaircies;1019.6;963.2;22;11;12;0;38980.0;-0.0;0.51;3.7;4.7;331;13.8;16.6;18.4;17.8;0.043;0.078;0.115;0.192;0.257
Prunelli-di-Fiumorbo;42.01;9.32;29/05/2026;07:00;19.0;76;14.7;20.1;10;0.0;0.0;0.0;0.0;0.0;3;P4;Nuageux;1019.9;963.7;98;28;0;97;38120.0;-0.0;0.53;3.6;5.0;307;18.2;16.7;18.1;17.8;0.044;0.078;0.115;0.192;0.257
Prunelli-di-Fiumorbo;42.01;9.32;29/05/2026;08:00;19.7;79;16.0;21.1;8;0.0;0.0;0.0;0.0;0.0;2;P8;Éclaircies;1020.7;964.6;68;51;25;4;32780.0;0.05;0.48;4.4;11.9;55;20.2;18.3;18.0;17.8;0.044;0.078;0.115;0.192;0.256
Prunelli-di-Fiumorbo;42.01;9.32;29/05/2026;09:00;21.7;75;17.0;23.8;3;0.0;0.0;0.0;0.0;0.0;3;P4;Nuageux;1020.6;964.9;100;23;1;100;34600.0;0.17;0.65;2.5;16.2;188;23.4;19.1;18.1;17.7;0.044;0.078;0.115;0.192;0.256
Prunelli-di-Fiumorbo;42.01;9.32;29/05/2026;10:00;22.6;74;17.8;24.6;0;0.0;0.0;0.0;0.0;0.0;1;P2;Éclaircies;1020.7;965.2;9;2;7;1;34860.0;0.3;0.71;5.7;15.8;108;24.2;20.0;18.2;17.7;0.044;0.078;0.115;0.191;0.256
Prunelli-di-Fiumorbo;42.01;9.32;29/05/2026;11:00;23.7;61;15.7;25.3;3;0.0;0.0;0.0;0.0;0.0;3;P4;Nuageux;1021.1;965.7;100;4;2;100;39960.0;0.46;1.14;7.6;20.5;95;24.3;20.8;18.5;17.7;0.044;0.078;0.114;0.19;0.255
Prunelli-di-Fiumorbo;42.01;9.32;29/05/2026;12:00;24.3;52;13.8;25.1;0;0.0;0.0;0.0;0.0;0.0;3;P4;Nuageux;1021.0;965.8;100;2;12;100;41120.0;0.46;1.46;8.0;21.2;95;24.5;21.3;18.8;17.7;0.044;0.078;0.113;0.189;0.255
Prunelli-di-Fiumorbo;42.01;9.32;29/05/2026;13:00;24.5;56;15.2;25.5;5;0.0;0.0;0.0;0.0;0.0;3;P4;Nuageux;1021.2;966.0;100;3;9;100;40240.0;0.4;1.35;9.4;25.2;97;25.6;21.8;19.1;17.7;0.043;0.078;0.113;0.189;0.255
Prunelli-di-Fiumorbo;42.01;9.32;29/05/2026;14:00;23.3;63;15.8;24.4;0;0.0;0.0;0.0;0.0;0.0;3;P4;Nuageux;1021.5;966.0;100;14;51;100;38460.0;0.32;1.06;9.4;26.6;92;24.4;22.0;19.4;17.7;0.043;0.078;0.112;0.188;0.254
Prunelli-di-Fiumorbo;42.01;9.32;29/05/2026;15:00;22.9;67;16.5;24.5;0;0.0;0.0;0.0;0.0;0.0;3;P4;Nuageux;1021.3;965.8;100;33;48;100;36880.0;0.26;0.92;6.5;25.2;96;24.3;22.0;19.7;17.7;0.043;0.078;0.112;0.188;0.254
Prunelli-di-Fiumorbo;42.01;9.32;29/05/2026;16:00;23.1;69;17.1;25.0;0;0.0;0.0;0.0;0.0;0.0;3;P4;Nuageux;1021.1;965.6;100;32;78;100;36200.0;0.22;0.87;4.2;19.1;70;24.2;22.0;19.9;17.7;0.043;0.078;0.112;0.187;0.254
Prunelli-di-Fiumorbo;42.01;9.32;29/05/2026;17:00;23.4;69;17.4;25.6;0;0.0;0.0;0.0;0.0;0.0;3;P4;Nuageux;1020.7;965.3;100;4;84;100;36200.0;0.19;0.89;3.4;14.8;58;24.4;22.1;20.1;17.7;0.042;0.078;0.112;0.187;0.254
Prunelli-di-Fiumorbo;42.01;9.32;29/05/2026;18:00;23.0;70;17.3;25.0;0;0.0;0.0;0.0;0.0;0.0;3;P4;Nuageux;1020.6;965.1;100;4;63;100;36140.0;0.13;0.84;3.9;11.9;56;23.1;21.9;20.2;17.7;0.042;0.078;0.111;0.187;0.253
Prunelli-di-Fiumorbo;42.01;9.32;29/05/2026;19:00;21.9;76;17.5;24.2;0;0.1;0.0;0.1;0.0;0.0;3;P4;Nuageux;1021.1;965.4;100;3;100;100;33580.0;0.07;0.63;2.3;12.2;18;21.5;21.5;20.3;17.7;0.043;0.078;0.111;0.187;0.253
Prunelli-di-Fiumorbo;42.01;9.32;29/05/2026;20:00;21.2;83;18.2;24.0;0;0.0;0.0;0.0;0.0;0.0;3;P4;Nuageux;1020.9;965.1;100;14;29;100;31840.0;0.03;0.43;1.5;6.1;256;20.3;20.9;20.3;17.7;0.043;0.078;0.111;0.187;0.253
Prunelli-di-Fiumorbo;42.01;9.32;29/05/2026;21:00;19.8;87;17.6;21.9;0;0.0;0.0;0.0;0.0;0.0;3;P4;Nuageux;1020.8;964.7;100;0;0;100;29520.0;-0.0;0.3;4.5;7.6;284;17.7;20.1;20.2;17.8;0.043;0.077;0.111;0.187;0.253
Prunelli-di-Fiumorbo;42.01;9.32;29/05/2026;22:00;18.7;80;15.2;19.6;0;0.0;0.0;0.0;0.0;0.0;3;P4;Nuageux;1021.2;964.9;100;8;0;100;32440.0;-0.0;0.43;6.1;13.7;270;18.3;19.4;20.0;17.8;0.044;0.077;0.111;0.187;0.253
Prunelli-di-Fiumorbo;42.01;9.32;29/05/2026;23:00;18.7;72;13.6;19.0;0;0.0;0.0;0.0;0.0;0.0;3;P4;Nuageux;1021.4;965.1;100;0;0;100;37840.0;0.01;0.61;6.2;13.7;277;18.1;19.2;19.8;17.8;0.044;0.077;0.111;0.187;0.253
Prunelli-di-Fiumorbo;42.01;9.32;30/05/2026;00:00;17.7;80;14.2;18.2;0;0.0;0.0;0.0;0.0;0.0;0;P1;Ensoleillé;1021.6;965.1;1;0;0;1;33500.0;0.01;0.41;6.1;13.0;267;17.2;18.4;19.4;17.8;0.095;0.085;0.111;0.187;0.253
Prunelli-di-Fiumorbo;42.01;9.32;30/05/2026;01:00;17.9;78;14.0;18.2;0;0.0;0.0;0.0;0.0;0.0;1;P2;Éclaircies;1021.4;965.0;33;0;0;33;34820.0;0.01;0.45;6.8;15.1;273;17.5;18.3;19.2;17.8;0.094;0.085;0.111;0.187;0.253
Prunelli-di-Fiumorbo;42.01;9.32;30/05/2026;02:00;18.1;71;12.8;18.0;0;0.0;0.0;0.0;0.0;0.0;2;P8;Éclaircies;1021.0;964.6;69;0;0;69;38100.0;0.02;0.6;6.5;15.1;276;17.3;18.2;19.0;17.8;0.093;0.086;0.111;0.187;0.253
Prunelli-di-Fiumorbo;42.01;9.32;30/05/2026;03:00;17.8;68;11.8;17.5;0;0.0;0.0;0.0;0.0;0.0;2;P8;Éclaircies;1020.6;964.2;57;0;0;57;38900.0;0.02;0.65;6.2;13.3;277;16.9;18.0;18.8;17.7;0.091;0.086;0.111;0.187;0.253
Prunelli-di-Fiumorbo;42.01;9.32;30/05/2026;04:00;17.5;66;11.1;17.0;0;0.0;0.0;0.0;0.0;0.0;0;P1;Ensoleillé;1020.4;963.9;0;0;0;0;39440.0;0.02;0.68;6.2;13.3;280;16.6;17.8;18.6;17.7;0.09;0.086;0.111;0.187;0.253
Prunelli-di-Fiumorbo;42.01;9.32;30/05/2026;05:00;17.3;65;10.7;16.6;0;0.0;0.0;0.0;0.0;0.0;0;P1;Ensoleillé;1020.3;963.8;0;0;0;0;39780.0;0.02;0.69;6.6;13.7;279;16.3;17.5;18.4;17.7;0.089;0.086;0.111;0.187;0.253
Prunelli-di-Fiumorbo;42.01;9.32;30/05/2026;06:00;17.3;64;10.4;16.4;0;0.0;0.0;0.0;0.0;0.0;0;P1;Ensoleillé;1020.5;964.0;0;0;0;0;40020.0;0.02;0.71;7.0;14.4;282;16.4;17.4;18.3;17.7;0.088;0.086;0.111;0.187;0.253
Prunelli-di-Fiumorbo;42.01;9.32;30/05/2026;07:00;18.3;69;12.5;18.1;0;0.0;0.0;0.0;0.0;0.0;0;P1;Ensoleillé;1020.7;964.4;0;0;0;0;39280.0;0.06;0.65;6.6;14.8;279;17.9;17.5;18.1;17.7;0.087;0.087;0.111;0.187;0.253
Prunelli-di-Fiumorbo;42.01;9.32;30/05/2026;08:00;21.0;74;16.2;22.6;0;0.0;0.0;0.0;0.0;0.0;0;P1;Ensoleillé;1020.7;964.9;0;0;0;0;37720.0;0.12;0.65;4.0;14.0;270;21.5;18.4;18.0;17.7;0.085;0.087;0.111;0.187;0.253
Prunelli-di-Fiumorbo;42.01;9.32;30/05/2026;09:00;23.0;58;14.3;24.0;0;0.0;0.0;0.0;0.0;0.0;0;P1;Ensoleillé;1020.9;965.4;0;0;0;0;40920.0;0.26;1.18;2.5;8.6;82;22.9;19.8;18.2;17.7;0.083;0.087;0.111;0.186;0.253
Prunelli-di-Fiumorbo;42.01;9.32;30/05/2026;10:00;23.8;59;15.3;25.1;0;0.0;0.0;0.0;0.0;0.0;0;P1;Ensoleillé;1020.7;965.4;0;0;0;0;40580.0;0.42;1.21;4.0;12.2;90;24.2;20.7;18.4;17.6;0.08;0.087;0.11;0.185;0.252
Prunelli-di-Fiumorbo;42.01;9.32;30/05/2026;11:00;25.0;54;15.0;26.7;0;0.0;0.0;0.0;0.0;0.0;0;P1;Ensoleillé;1020.7;965.6;3;3;0;0;40840.0;0.5;1.45;6.8;19.1;90;25.8;21.5;18.7;17.6;0.077;0.087;0.11;0.184;0.252
Prunelli-di-Fiumorbo;42.01;9.32;30/05/2026;12:00;25.8;50;14.6;27.7;0;0.0;0.0;0.0;0.0;0.0;0;P1;Ensoleillé;1020.6;965.6;3;3;2;0;41160.0;0.49;1.66;8.4;23.0;97;27.1;22.5;19.1;17.6;0.074;0.087;0.11;0.184;0.251
Prunelli-di-Fiumorbo;42.01;9.32;30/05/2026;13:00;26.3;49;14.7;28.4;0;0.0;0.0;0.0;0.0;0.0;0;P1;Ensoleillé;1020.4;965.5;3;3;2;0;41140.0;0.45;1.74;9.5;25.9;99;27.8;23.2;19.5;17.6;0.071;0.087;0.109;0.183;0.251
Prunelli-di-Fiumorbo;42.01;9.32;30/05/2026;14:00;26.5;50;15.3;28.9;0;0.0;0.0;0.0;0.0;0.0;0;P1;Ensoleillé;1019.8;965.0;3;3;1;0;40940.0;0.39;1.73;9.4;26.3;108;28.3;23.8;19.9;17.6;0.068;0.087;0.109;0.182;0.251
Prunelli-di-Fiumorbo;42.01;9.32;30/05/2026;15:00;26.5;51;15.5;28.6;0;0.0;0.0;0.0;0.0;0.0;0;P1;Ensoleillé;1019.2;964.4;4;4;1;0;40820.0;0.35;1.69;10.0;27.4;105;28.0;24.2;20.4;17.6;0.065;0.087;0.108;0.182;0.25
Prunelli-di-Fiumorbo;42.01;9.32;30/05/2026;16:00;26.3;50;15.0;27.9;0;0.0;0.0;0.0;0.0;0.0;0;P1;Ensoleillé;1018.7;963.9;4;4;0;0;40900.0;0.31;1.71;9.3;27.0;106;27.5;24.3;20.7;17.7;0.063;0.087;0.108;0.181;0.25
Prunelli-di-Fiumorbo;42.01;9.32;30/05/2026;17:00;25.8;48;14.0;26.5;0;0.0;0.0;0.0;0.0;0.0;0;P1;Ensoleillé;1018.4;963.6;5;4;0;2;41300.0;0.27;1.73;7.9;25.6;106;26.5;24.2;21.0;17.7;0.061;0.087;0.108;0.181;0.25
Prunelli-di-Fiumorbo;42.01;9.32;30/05/2026;18:00;25.3;49;13.8;25.7;0;0.0;0.0;0.0;0.0;0.0;0;P1;Ensoleillé;1018.3;963.4;3;2;0;0;41380.0;0.22;1.64;5.7;20.9;108;25.6;23.9;21.2;17.7;0.059;0.086;0.108;0.18;0.249
Prunelli-di-Fiumorbo;42.01;9.32;30/05/2026;19:00;24.4;53;14.2;25.1;0;0.0;0.0;0.0;0.0;0.0;1;P2;Éclaircies;1018.1;963.0;11;1;0;9;40920.0;0.14;1.43;4.4;15.5;125;24.0;23.4;21.4;17.7;0.058;0.086;0.108;0.18;0.249
Prunelli-di-Fiumorbo;42.01;9.32;30/05/2026;20:00;22.9;65;15.9;24.6;0;0.0;0.0;0.0;0.0;0.0;0;P1;Ensoleillé;1017.9;962.6;5;2;0;4;40160.0;0.07;0.98;1.9;12.2;158;21.1;22.5;21.4;17.8;0.057;0.086;0.108;0.18;0.249
Prunelli-di-Fiumorbo;42.01;9.32;30/05/2026;21:00;21.1;69;15.2;22.3;0;0.0;0.0;0.0;0.0;0.0;3;P4;Nuageux;1017.9;962.2;100;1;0;100;40220.0;-0.0;0.78;3.7;4.0;281;17.4;21.0;21.3;17.8;0.057;0.086;0.108;0.18;0.249
Prunelli-di-Fiumorbo;42.01;9.32;30/05/2026;22:00;20.3;67;13.9;20.7;0;0.0;0.0;0.0;0.0;0.0;3;P4;Nuageux;1018.2;962.4;100;0;0;100;39740.0;-0.0;0.79;5.8;10.8;277;18.2;19.8;21.0;17.8;0.058;0.086;0.108;0.18;0.249
Prunelli-di-Fiumorbo;42.01;9.32;30/05/2026;23:00;19.2;74;14.4;19.6;0;0.0;0.0;0.0;0.0;0.0;3;P4;Nuageux;1018.3;962.3;100;0;0;100;36720.0;0.01;0.58;6.9;15.1;264;19.0;19.7;20.7;17.8;0.058;0.086;0.108;0.18;0.249
Prunelli-di-Fiumorbo;42.01;9.32;31/05/2026;00:00;19.6;71;14.2;19.9;0;0.0;0.0;0.0;0.0;0.0;3;P4;Nuageux;1018.2;962.2;100;0;0;100;38120.0;0.02;0.66;6.8;15.5;267;19.0;19.7;20.4;17.9;0.058;0.086;0.108;0.18;0.249
Prunelli-di-Fiumorbo;42.01;9.32;31/05/2026;01:00;19.7;65;13.0;19.7;0;0.0;0.0;0.0;0.0;0.0;3;P4;Nuageux;1018.1;962.2;84;0;0;84;40020.0;0.02;0.8;6.8;14.8;267;19.1;19.6;20.2;17.9;0.057;0.086;0.108;0.18;0.249
Prunelli-di-Fiumorbo;42.01;9.32;31/05/2026;02:00;19.7;61;12.0;19.3;0;0.0;0.0;0.0;0.0;0.0;1;P2;Éclaircies;1017.8;961.9;22;0;3;20;40480.0;0.02;0.9;7.2;15.8;267;19.0;19.5;20.0;17.9;0.057;0.086;0.108;0.18;0.249
Prunelli-di-Fiumorbo;42.01;9.32;31/05/2026;03:00;19.7;63;12.5;19.5;0;0.0;0.0;0.0;0.0;0.0;2;P8;Éclaircies;1017.3;961.4;77;0;71;21;39980.0;0.02;0.85;6.8;15.8;267;18.9;19.4;19.8;17.9;0.057;0.085;0.108;0.18;0.249
Prunelli-di-Fiumorbo;42.01;9.32;31/05/2026;04:00;19.4;66;12.9;19.4;0;0.0;0.0;0.0;0.0;0.0;2;P8;Éclaircies;1017.1;961.2;80;0;80;16;39440.0;0.02;0.77;6.5;14.4;267;18.7;19.3;19.6;17.9;0.057;0.085;0.108;0.18;0.249
Prunelli-di-Fiumorbo;42.01;9.32;31/05/2026;05:00;18.9;69;13.1;19.0;0;0.0;0.0;0.0;0.0;0.0;2;P8;Éclaircies;1017.0;961.0;78;0;77;64;38700.0;0.02;0.68;5.8;13.7;274;17.9;19.0;19.5;17.9;0.057;0.085;0.108;0.18;0.249
Prunelli-di-Fiumorbo;42.01;9.32;31/05/2026;06:00;18.4;70;12.9;18.5;0;0.0;0.0;0.0;0.0;0.0;3;P4;Nuageux;1017.1;961.0;94;0;73;81;38540.0;0.02;0.64;5.4;11.5;274;17.4;18.7;19.3;17.9;0.057;0.085;0.108;0.18;0.249
Prunelli-di-Fiumorbo;42.01;9.32;31/05/2026;07:00;19.2;73;14.2;20.0;0;0.0;0.0;0.0;0.0;0.0;3;P4;Nuageux;1017.2;961.2;95;0;36;92;38260.0;0.04;0.6;4.0;10.8;265;18.7;18.6;19.1;17.9;0.057;0.085;0.108;0.18;0.249
Prunelli-di-Fiumorbo;42.01;9.32;31/05/2026;08:00;21.6;80;18.0;24.4;0;0.0;0.0;0.0;0.0;0.0;0;P1;Ensoleillé;1017.4;961.9;1;0;0;1;33740.0;0.09;0.52;1.3;7.9;124;22.5;19.5;19.0;17.9;0.056;0.085;0.108;0.18;0.249
Prunelli-di-Fiumorbo;42.01;9.32;31/05/2026;09:00;22.4;68;16.2;24.0;0;0.0;0.0;0.0;0.0;0.0;0;P1;Ensoleillé;1017.7;962.3;1;0;0;1;38120.0;0.26;0.87;4.0;11.5;100;23.2;20.4;19.1;17.9;0.056;0.085;0.108;0.179;0.249
Prunelli-di-Fiumorbo;42.01;9.32;31/05/2026;10:00;23.7;69;17.7;25.8;0;0.0;0.0;0.0;0.0;0.0;1;P2;Éclaircies;1017.6;962.4;7;1;7;0;37620.0;0.36;0.91;4.9;14.0;107;24.8;21.3;19.2;17.9;0.055;0.085;0.107;0.179;0.248
Prunelli-di-Fiumorbo;42.01;9.32;31/05/2026;11:00;25.1;61;17.0;27.6;0;0.0;0.0;0.0;0.0;0.0;0;P1;Ensoleillé;1017.5;962.6;3;3;0;0;39540.0;0.46;1.24;7.0;19.4;111;26.2;22.1;19.5;17.9;0.054;0.085;0.107;0.178;0.248
Prunelli-di-Fiumorbo;42.01;9.32;31/05/2026;12:00;26.0;60;17.6;29.0;2;0.0;0.0;0.0;0.0;0.0;0;P1;Ensoleillé;1017.5;962.7;6;5;2;0;39240.0;0.44;1.34;8.8;23.8;109;27.5;23.0;19.8;17.9;0.053;0.085;0.106;0.177;0.247
Prunelli-di-Fiumorbo;42.01;9.32;31/05/2026;13:00;26.7;57;17.5;29.9;3;0.0;0.0;0.0;0.0;0.0;3;P4;Nuageux;1017.5;962.9;100;5;0;100;39620.0;0.4;1.5;9.0;25.2;106;28.4;23.8;20.2;17.9;0.052;0.084;0.106;0.176;0.247
Prunelli-di-Fiumorbo;42.01;9.32;31/05/2026;14:00;26.6;53;16.3;29.3;3;0.0;0.0;0.0;0.0;0.0;3;P4;Nuageux;1017.3;962.7;100;5;24;100;40280.0;0.37;1.64;8.3;25.6;88;27.8;24.3;20.6;17.9;0.05;0.084;0.105;0.176;0.246
Prunelli-di-Fiumorbo;42.01;9.32;31/05/2026;15:00;26.5;54;16.4;28.8;3;0.1;0.0;0.1;0.0;0.0;3;P4;Nuageux;1016.8;962.2;100;4;0;100;40220.0;0.31;1.59;4.5;22.7;119;28.3;24.3;20.9;17.9;0.049;0.084;0.105;0.175;0.246
Prunelli-di-Fiumorbo;42.01;9.32;31/05/2026;16:00;26.3;55;16.6;28.2;3;0.0;0.0;0.0;0.0;0.0;3;P4;Nuageux;1016.2;961.6;100;5;1;100;40200.0;0.29;1.54;5.9;22.7;101;27.6;24.4;21.2;17.9;0.048;0.084;0.105;0.175;0.246
Prunelli-di-Fiumorbo;42.01;9.32;31/05/2026;17:00;25.5;57;16.4;26.7;3;0.0;0.0;0.0;0.0;0.0;3;P4;Nuageux;1015.6;960.9;100;17;0;100;40100.0;0.23;1.4;6.8;20.2;108;25.9;24.2;21.5;17.9;0.048;0.084;0.105;0.174;0.246
Prunelli-di-Fiumorbo;42.01;9.32;31/05/2026;18:00;25.1;59;16.5;26.5;3;0.0;0.0;0.0;0.0;0.0;3;P4;Nuageux;1015.3;960.5;100;38;23;100;39880.0;0.18;1.3;5.5;19.1;113;25.3;23.8;21.6;18.0;0.047;0.084;0.105;0.174;0.245
Prunelli-di-Fiumorbo;42.01;9.32;31/05/2026;19:00;24.1;63;16.6;25.8;3;0.0;0.0;0.0;0.0;0.0;3;P4;Nuageux;1015.2;960.2;100;20;0;100;39080.0;0.11;1.11;4.1;15.8;105;23.7;23.4;21.7;18.0;0.047;0.084;0.104;0.174;0.245
Prunelli-di-Fiumorbo;42.01;9.32;31/05/2026;20:00;22.8;72;17.5;25.2;3;0.0;0.0;0.0;0.0;0.0;3;P4;Nuageux;1015.4;960.2;100;1;0;100;37780.0;0.05;0.78;1.5;11.5;104;21.7;22.6;21.7;18.0;0.047;0.083;0.104;0.174;0.245
Prunelli-di-Fiumorbo;42.01;9.32;31/05/2026;21:00;21.5;70;15.8;23.3;3;0.0;0.0;0.0;0.0;0.0;0;P1;Ensoleillé;1015.5;960.0;67;1;0;67;38560.0;0.02;0.77;1.1;11.5;252;20.5;21.7;21.5;18.0;0.047;0.083;0.104;0.174;0.245
Prunelli-di-Fiumorbo;42.01;9.32;31/05/2026;22:00;20.1;66;13.5;20.6;2;0.0;0.0;0.0;0.0;0.0;0;P1;Ensoleillé;1015.7;960.0;33;0;0;33;39360.0;0.01;0.8;4.0;13.0;260;19.5;20.7;21.2;18.1;0.048;0.083;0.105;0.174;0.245
Prunelli-di-Fiumorbo;42.01;9.32;31/05/2026;23:00;19.0;61;11.3;18.5;2;0.0;0.0;0.0;0.0;0.0;0;P1;Ensoleillé;1015.7;959.8;0;0;0;0;40140.0;0.01;0.86;6.2;14.0;260;18.6;19.8;20.9;18.1;0.048;0.083;0.105;0.174;0.245
Prunelli-di-Fiumorbo;42.01;9.32;01/06/2026;00:00;18.6;55;9.4;17.5;1;0.0;0.0;0.0;0.0;0.0;1;P2;Éclaircies;1015.5;959.5;4;0;0;4;40860.0;0.01;0.97;6.9;14.4;261;18.1;19.4;20.6;18.1;0.048;0.083;0.105;0.174;0.245
Prunelli-di-Fiumorbo;42.01;9.32;01/06/2026;01:00;18.6;49;7.7;17.0;0;0.0;0.0;0.0;0.0;0.0;1;P2;Éclaircies;1015.1;959.1;7;0;0;7;41580.0;0.02;1.09;6.9;14.4;264;17.8;19.2;20.4;18.1;0.047;0.083;0.105;0.174;0.245
Prunelli-di-Fiumorbo;42.01;9.32;01/06/2026;02:00;18.5;47;7.0;16.8;0;0.0;0.0;0.0;0.0;0.0;1;P2;Éclaircies;1014.7;958.7;11;0;0;11;42300.0;0.03;1.13;6.9;14.4;264;17.5;19.0;20.1;18.1;0.047;0.083;0.105;0.174;0.245
Prunelli-di-Fiumorbo;42.01;9.32;01/06/2026;03:00;18.2;51;7.9;16.7;0;0.0;0.0;0.0;0.0;0.0;0;P1;Ensoleillé;1014.2;958.2;10;1;0;9;41660.0;0.03;1.03;6.9;14.0;264;16.6;18.6;19.8;18.1;0.047;0.083;0.105;0.174;0.245
Prunelli-di-Fiumorbo;42.01;9.32;01/06/2026;04:00;18.0;58;9.6;16.9;0;0.0;0.0;0.0;0.0;0.0;0;P1;Ensoleillé;1013.7;957.7;8;1;0;7;41000.0;0.02;0.87;6.5;13.0;264;15.8;18.2;19.5;18.1;0.047;0.082;0.105;0.174;0.245
Prunelli-di-Fiumorbo;42.01;9.32;01/06/2026;05:00;18.1;65;11.4;17.7;0;0.0;0.0;0.0;0.0;0.0;0;P1;Ensoleillé;1013.4;957.4;7;2;0;5;40360.0;0.02;0.73;5.4;12.2;262;15.8;18.0;19.3;18.1;0.047;0.082;0.105;0.174;0.245
Prunelli-di-Fiumorbo;42.01;9.32;01/06/2026;06:00;18.8;70;13.2;19.3;0;0.0;0.0;0.0;0.0;0.0;3;P4;Nuageux;1013.3;957.5;37;1;1;35;38920.0;0.01;0.65;3.8;10.8;253;17.4;18.0;19.0;18.1;0.047;0.082;0.105;0.174;0.245
Prunelli-di-Fiumorbo;42.01;9.32;01/06/2026;07:00;19.9;75;15.4;21.5;0;0.0;0.0;0.0;0.0;0.0;3;P4;Nuageux;1013.4;957.8;66;1;3;66;37500.0;-0.0;0.58;1.8;9.0;217;19.9;18.3;18.7;18.1;0.048;0.082;0.105;0.173;0.245
Prunelli-di-Fiumorbo;42.01;9.32;01/06/2026;08:00;21.2;77;17.0;23.3;0;0.0;0.0;0.0;0.0;0.0;3;P4;Nuageux;1013.5;958.1;96;0;4;96;36060.0;0.02;0.58;2.1;9.0;149;22.2;18.8;18.6;18.1;0.048;0.082;0.105;0.173;0.245
Prunelli-di-Fiumorbo;42.01;9.32;01/06/2026;09:00;22.5;75;17.9;24.8;0;0.0;0.0;0.0;0.0;0.0;1;P2;Éclaircies;1013.5;958.3;70;0;4;68;36620.0;0.11;0.68;3.9;12.6;124;23.9;19.7;18.7;18.1;0.048;0.082;0.105;0.173;0.245
Prunelli-di-Fiumorbo;42.01;9.32;01/06/2026;10:00;24.0;71;18.4;26.2;0;0.0;0.0;0.0;0.0;0.0;1;P2;Éclaircies;1013.5;958.6;43;1;4;40;37160.0;0.24;0.86;5.8;18.4;120;25.4;20.9;18.9;18.0;0.047;0.082;0.104;0.172;0.244
Prunelli-di-Fiumorbo;42.01;9.32;01/06/2026;11:00;25.2;66;18.4;28.0;0;0.0;0.0;0.0;0.0;0.0;1;P2;Éclaircies;1013.4;958.7;17;1;4;12;37720.0;0.34;1.09;7.1;22.3;114;26.7;22.0;19.2;18.0;0.047;0.082;0.104;0.172;0.244
Prunelli-di-Fiumorbo;42.01;9.32;01/06/2026;12:00;26.3;61;18.2;29.7;0;0.0;0.0;0.0;0.0;0.0;3;P4;Nuageux;1013.2;958.7;45;1;3;41;38560.0;0.39;1.33;7.3;23.4;110;28.0;23.1;19.6;18.0;0.046;0.082;0.103;0.171;0.244
Prunelli-di-Fiumorbo;42.01;9.32;01/06/2026;13:00;27.1;56;17.6;30.8;0;0.0;0.0;0.0;0.0;0.0;3;P4;Nuageux;1012.9;958.6;72;0;1;71;39420.0;0.41;1.58;7.3;22.7;101;29.2;24.2;20.1;18.0;0.046;0.081;0.103;0.171;0.243
Prunelli-di-Fiumorbo;42.01;9.32;01/06/2026;14:00;27.5;53;17.1;31.1;0;0.0;0.0;0.0;0.0;0.0;3;P4;Nuageux;1012.7;958.5;100;0;0;100;40260.0;0.41;1.73;7.3;22.7;99;29.7;24.9;20.5;18.0;0.045;0.081;0.102;0.17;0.243
Prunelli-di-Fiumorbo;42.01;9.32;01/06/2026;15:00;27.3;52;16.6;30.3;0;0.0;0.0;0.0;0.0;0.0;3;P4;Nuageux;1012.5;958.2;98;0;0;98;40420.0;0.39;1.74;8.0;24.1;98;29.2;25.1;20.9;18.0;0.044;0.081;0.102;0.169;0.243
Prunelli-di-Fiumorbo;42.01;9.32;01/06/2026;16:00;26.6;52;15.9;28.7;1;0.0;0.0;0.0;0.0;0.0;3;P4;Nuageux;1012.3;957.9;96;0;0;96;40600.0;0.34;1.67;9.1;26.3;99;27.9;25.0;21.3;18.1;0.044;0.081;0.102;0.169;0.242
Prunelli-di-Fiumorbo;42.01;9.32;01/06/2026;17:00;25.7;53;15.4;26.7;2;0.0;0.0;0.0;0.0;0.0;3;P4;Nuageux;1012.2;957.7;94;0;0;94;40760.0;0.29;1.55;9.5;27.0;101;26.4;24.7;21.6;18.1;0.043;0.081;0.102;0.168;0.242
Prunelli-di-Fiumorbo;42.01;9.32;01/06/2026;18:00;24.6;57;15.5;25.2;2;0.0;0.0;0.0;0.0;0.0;0;P1;Ensoleillé;1012.2;957.5;63;0;0;63;40280.0;0.23;1.33;8.6;25.6;105;24.8;24.2;21.8;18.1;0.043;0.081;0.102;0.168;0.242
Prunelli-di-Fiumorbo;42.01;9.32;01/06/2026;19:00;23.3;62;15.6;24.2;3;0.0;0.0;0.0;0.0;0.0;0;P1;Ensoleillé;1012.3;957.3;31;0;0;31;39780.0;0.17;1.09;6.8;22.3;108;23.0;23.5;21.9;18.1;0.043;0.08;0.101;0.168;0.241
Prunelli-di-Fiumorbo;42.01;9.32;01/06/2026;20:00;22.0;64;14.9;22.9;3;0.0;0.0;0.0;0.0;0.0;0;P1;Ensoleillé;1012.4;957.2;0;0;0;0;39300.0;0.12;0.95;4.8;19.1;117;21.1;22.6;21.8;18.2;0.043;0.08;0.101;0.168;0.241
Prunelli-di-Fiumorbo;42.01;9.32;01/06/2026;21:00;20.9;58;12.4;21.3;3;0.0;0.0;0.0;0.0;0.0;2;P8;Éclaircies;1012.7;957.3;24;0;0;24;41900.0;0.08;1.04;2.5;15.1;135;19.1;21.4;21.6;18.2;0.043;0.08;0.101;0.168;0.241
Prunelli-di-Fiumorbo;42.01;9.32;01/06/2026;22:00;19.9;48;8.6;19.3;2;0.0;0.0;0.0;0.0;0.0;2;P8;Éclaircies;1013.0;957.4;49;0;0;49;44520.0;0.04;1.21;1.6;10.8;207;17.1;19.9;21.3;18.2;0.044;0.08;0.101;0.168;0.241
Prunelli-di-Fiumorbo;42.01;9.32;01/06/2026;23:00;19.1;41;5.6;17.6;2;0.0;0.0;0.0;0.0;0.0;2;P8;Éclaircies;1013.3;957.5;73;0;0;73;47120.0;0.01;1.31;2.9;7.6;240;15.7;18.8;20.9;18.2;0.044;0.08;0.101;0.168;0.241
Prunelli-di-Fiumorbo;42.01;9.32;02/06/2026;00:00;18.7;40;4.8;16.9;1;0.0;0.0;0.0;0.0;0.0;3;P4;Nuageux;1013.4;957.5;82;0;0;82;46720.0;-0.0;1.29;3.4;6.5;238;15.2;18.2;20.5;18.2;0.044;0.08;0.101;0.168;0.241
Prunelli-di-Fiumorbo;42.01;9.32;02/06/2026;01:00;18.4;43;5.6;16.8;0;0.0;0.0;0.0;0.0;0.0;3;P4;Nuageux;1013.4;957.5;91;0;0;91;46300.0;-0.0;1.21;3.3;6.5;229;15.2;18.0;20.1;18.3;0.045;0.08;0.102;0.168;0.241
Prunelli-di-Fiumorbo;42.01;9.32;02/06/2026;02:00;18.1;46;6.3;16.7;0;0.0;0.0;0.0;0.0;0.0;3;P4;Nuageux;1013.4;957.4;100;0;0;100;45900.0;-0.0;1.12;3.3;6.5;221;15.1;17.7;19.7;18.3;0.045;0.08;0.102;0.168;0.241
Prunelli-di-Fiumorbo;42.01;9.32;02/06/2026;03:00;17.4;49;6.6;16.0;0;0.0;0.0;0.0;0.0;0.0;1;P2;Éclaircies;1013.3;957.2;80;0;0;80;44480.0;-0.0;1.02;3.6;6.1;217;14.1;17.2;19.3;18.3;0.046;0.08;0.102;0.168;0.241
Prunelli-di-Fiumorbo;42.01;9.32;02/06/2026;04:00;16.7;53;7.1;15.4;0;0.0;0.0;0.0;0.0;0.0;1;P2;Éclaircies;1013.1;956.9;60;0;0;60;43080.0;-0.0;0.9;3.9;6.1;214;12.9;16.6;18.9;18.2;0.046;0.079;0.102;0.168;0.241
Prunelli-di-Fiumorbo;42.01;9.32;02/06/2026;05:00;16.5;58;8.2;15.5;0;0.0;0.0;0.0;0.0;0.0;1;P2;Éclaircies;1013.0;956.7;40;0;0;40;41660.0;-0.0;0.79;3.7;6.5;209;12.8;16.3;18.6;18.2;0.047;0.079;0.102;0.168;0.241
Prunelli-di-Fiumorbo;42.01;9.32;02/06/2026;06:00;16.9;66;10.5;16.6;0;0.0;0.0;0.0;0.0;0.0;3;P4;Nuageux;1013.0;956.8;60;0;0;60;38980.0;-0.0;0.65;3.2;6.8;207;14.6;16.3;18.2;18.2;0.047;0.079;0.102;0.168;0.241
Prunelli-di-Fiumorbo;42.01;9.32;02/06/2026;07:00;17.7;74;13.0;18.3;0;0.0;0.0;0.0;0.0;0.0;3;P4;Nuageux;1013.1;957.1;80;0;0;80;36300.0;-0.0;0.53;2.6;7.2;196;17.4;16.6;17.9;18.2;0.047;0.079;0.102;0.168;0.241
Prunelli-di-Fiumorbo;42.01;9.32;02/06/2026;08:00;18.8;80;15.3;20.2;0;0.0;0.0;0.0;0.0;0.0;3;P4;Nuageux;1013.1;957.3;100;0;0;100;33620.0;0.03;0.43;2.6;9.4;164;19.9;17.2;17.7;18.1;0.047;0.079;0.102;0.168;0.241
Prunelli-di-Fiumorbo;42.01;9.32;02/06/2026;09:00;20.1;81;16.8;21.9;0;0.0;0.0;0.0;0.0;0.0;2;P8;Éclaircies;1013.1;957.5;92;17;14;72;32980.0;0.1;0.45;4.3;14.4;132;21.6;18.2;17.8;18.1;0.047;0.079;0.102;0.167;0.241
Prunelli-di-Fiumorbo;42.01;9.32;02/06/2026;10:00;21.7;79;17.9;23.6;0;0.0;0.0;0.0;0.0;0.0;2;P8;Éclaircies;1013.1;957.8;84;33;28;43;32340.0;0.19;0.55;6.9;20.9;118;23.1;19.5;18.0;18.1;0.047;0.079;0.101;0.167;0.24
Prunelli-di-Fiumorbo;42.01;9.32;02/06/2026;11:00;23.3;75;18.6;25.4;0;0.0;0.0;0.0;0.0;0.0;2;P8;Éclaircies;1013.0;958.0;76;50;42;15;31700.0;0.27;0.71;9.0;25.9;113;24.5;20.7;18.2;18.1;0.047;0.079;0.101;0.166;0.24
Prunelli-di-Fiumorbo;42.01;9.32;02/06/2026;12:00;24.6;66;17.7;27.1;0;0.0;0.0;0.0;0.0;0.0;1;P2;Éclaircies;1012.6;957.8;62;37;25;19;28830.0;0.32;1.06;8.8;26.1;114;26.6;21.6;18.3;17.7;0.056;0.084;0.106;0.169;0.245
Prunelli-di-Fiumorbo;42.01;9.32;02/06/2026;13:00;25.6;56;16.3;28.4;0;0.0;0.0;0.0;0.0;0.0;1;P2;Éclaircies;1012.0;957.5;40;23;12;14;23530.0;0.36;1.43;7.7;24.7;111;28.3;22.6;18.3;17.4;0.064;0.088;0.111;0.174;0.249
Prunelli-di-Fiumorbo;42.01;9.32;02/06/2026;14:00;26.2;52;15.4;29.3;0;0.0;0.0;0.0;0.0;0.0;1;P2;Éclaircies;1011.5;957.1;10;8;4;0;15800.0;0.38;1.66;6.7;22.2;103;29.1;23.4;18.3;17.0;0.071;0.092;0.116;0.178;0.255
Prunelli-di-Fiumorbo;42.01;9.32;02/06/2026;15:00;26.5;51;15.5;29.6;0;0.0;0.0;0.0;0.0;0.0;3;P4;Nuageux;1010.9;956.6;33;0;33;33;18800.0;0.0;1.69;4.0;16.9;95;29.2;23.7;18.3;16.7;0.078;0.097;0.122;0.182;0.26
Prunelli-di-Fiumorbo;42.01;9.32;02/06/2026;16:00;26.6;50;15.4;29.1;1;0.0;0.0;0.0;0.0;0.0;3;P4;Nuageux;1010.2;955.9;67;0;67;67;30320.0;0.0;1.74;1.0;12.2;45;28.9;23.7;18.7;16.7;0.077;0.096;0.121;0.181;0.259
Prunelli-di-Fiumorbo;42.01;9.32;02/06/2026;17:00;26.4;50;15.2;27.8;1;0.0;0.0;0.0;0.0;0.0;3;P4;Nuageux;1009.7;955.4;100;0;100;100;41860.0;0.0;1.72;2.3;9.0;309;27.8;23.5;19.1;16.7;0.076;0.096;0.121;0.181;0.259
Prunelli-di-Fiumorbo;42.01;9.32;02/06/2026;18:00;25.7;49;14.2;26.5;1;0.0;0.0;0.0;0.0;0.0;3;P4;Nuageux;1009.5;955.1;100;0;100;100;41860.0;0.0;1.68;3.6;9.0;307;25.6;23.2;19.4;16.7;0.075;0.096;0.121;0.181;0.259
Prunelli-di-Fiumorbo;42.01;9.32;02/06/2026;19:00;24.5;47;12.5;24.7;2;0.0;0.0;0.0;0.0;0.0;3;P4;Nuageux;1009.5;954.9;100;0;100;100;41880.0;0.0;1.63;4.1;10.8;308;22.8;22.8;19.6;16.7;0.075;0.095;0.121;0.181;0.259
Prunelli-di-Fiumorbo;42.01;9.32;02/06/2026;20:00;23.3;47;11.3;23.1;3;0.0;0.0;0.0;0.0;0.0;3;P4;Nuageux;1009.6;954.8;100;0;100;100;41880.0;0.0;1.51;4.1;11.9;308;20.2;22.1;19.7;16.7;0.075;0.095;0.121;0.181;0.259
Prunelli-di-Fiumorbo;42.01;9.32;02/06/2026;21:00;22.0;50;11.1;21.7;3;0.0;0.0;0.0;0.0;0.0;3;P4;Nuageux;1009.7;954.6;100;0;93;100;41880.0;0.0;1.32;3.9;11.2;304;18.3;21.1;19.7;16.7;0.076;0.095;0.121;0.181;0.259
Prunelli-di-Fiumorbo;42.01;9.32;02/06/2026;22:00;20.6;53;10.7;20.3;4;0.0;0.0;0.0;0.0;0.0;3;P4;Nuageux;1009.8;954.5;100;0;86;100;41880.0;0.0;1.14;3.7;10.1;299;16.8;19.8;19.7;16.7;0.078;0.094;0.121;0.181;0.259
Prunelli-di-Fiumorbo;42.01;9.32;02/06/2026;23:00;19.4;56;10.4;19.0;4;0.0;0.0;0.0;0.0;0.0;3;P4;Nuageux;1009.8;954.3;100;0;79;100;41880.0;0.0;0.99;3.8;9.4;287;15.8;18.8;19.5;16.7;0.079;0.094;0.121;0.181;0.259
Prunelli-di-Fiumorbo;42.01;9.32;03/06/2026;00:00;18.7;56;9.8;18.1;4;0.0;0.0;0.0;0.0;0.0;3;P4;Nuageux;1009.7;954.0;100;0;86;100;41900.0;0.0;0.95;4.0;9.7;275;15.7;18.2;19.4;16.7;0.08;0.094;0.121;0.181;0.259
Prunelli-di-Fiumorbo;42.01;9.32;03/06/2026;01:00;18.3;55;9.1;17.4;5;0.0;0.0;0.0;0.0;0.0;3;P4;Nuageux;1009.4;953.7;100;0;93;100;41900.0;0.0;0.95;4.7;10.8;261;16.1;17.9;19.1;16.8;0.08;0.094;0.121;0.181;0.259
Prunelli-di-Fiumorbo;42.01;9.32;03/06/2026;02:00;18.0;54;8.5;16.8;5;0.0;0.0;0.0;0.0;0.0;3;P4;Nuageux;1009.1;953.3;100;0;100;100;41920.0;0.0;0.95;5.5;11.9;259;16.4;17.6;18.9;16.8;0.081;0.094;0.121;0.181;0.259
Prunelli-di-Fiumorbo;42.01;9.32;03/06/2026;03:00;17.7;54;8.3;16.4;5;0.0;0.0;0.0;0.0;0.0;1;P2;Éclaircies;1008.6;952.8;69;0;69;67;41180.0;0.0;0.93;6.2;13.7;260;16.1;17.5;18.7;16.8;0.081;0.094;0.121;0.181;0.259
Prunelli-di-Fiumorbo;42.01;9.32;03/06/2026;04:00;17.7;54;8.3;16.2;5;0.0;0.0;0.0;0.0;0.0;1;P2;Éclaircies;1008.1;952.3;38;0;38;33;40460.0;0.0;0.93;6.8;15.5;267;15.7;17.4;18.6;16.8;0.082;0.094;0.122;0.181;0.259
Prunelli-di-Fiumorbo;42.01;9.32;03/06/2026;05:00;17.8;55;8.6;16.4;5;0.0;0.0;0.0;0.0;0.0;1;P2;Éclaircies;1007.8;952.1;7;0;7;0;39720.0;0.0;0.92;7.2;16.6;270;15.9;17.4;18.4;16.8;0.082;0.094;0.122;0.181;0.259
Prunelli-di-Fiumorbo;42.01;9.32;03/06/2026;06:00;18.1;57;9.4;17.0;5;0.0;0.0;0.0;0.0;0.0;0;P1;Ensoleillé;1007.9;952.2;5;0;5;0;40480.0;0.0;0.89;6.5;15.8;273;17.0;17.2;18.2;16.8;0.082;0.094;0.122;0.181;0.259
Prunelli-di-Fiumorbo;42.01;9.32;03/06/2026;07:00;18.6;59;10.5;18.0;5;0.0;0.0;0.0;0.0;0.0;0;P1;Ensoleillé;1008.2;952.6;2;0;2;0;41240.0;0.0;0.88;5.5;14.4;281;18.6;17.0;18.1;16.8;0.082;0.095;0.122;0.181;0.258
Prunelli-di-Fiumorbo;42.01;9.32;03/06/2026;08:00;19.5;58;11.0;19.1;5;0.0;0.0;0.0;0.0;0.0;0;P1;Ensoleillé;1008.5;953.1;0;0;0;0;42000.0;0.0;0.95;5.2;14.0;286;20.6;17.2;18.0;16.8;0.082;0.095;0.122;0.181;0.258
Prunelli-di-Fiumorbo;42.01;9.32;03/06/2026;09:00;21.1;50;10.3;20.2;5;0.0;0.0;0.0;0.0;0.0;0;P1;Ensoleillé;1008.6;953.4;0;0;0;0;42980.0;0.0;1.25;6.6;16.2;283;23.1;18.3;18.0;16.8;0.08;0.095;0.121;0.18;0.258
Prunelli-di-Fiumorbo;42.01;9.32;03/06/2026;10:00;23.0;38;7.9;21.2;5;0.0;0.0;0.0;0.0;0.0;0;P1;Ensoleillé;1008.6;953.8;0;0;0;0;43960.0;0.0;1.74;8.7;19.8;277;25.9;19.9;18.0;16.8;0.078;0.094;0.121;0.18;0.257
Prunelli-di-Fiumorbo;42.01;9.32;03/06/2026;11:00;24.5;29;5.3;23.0;5;0.0;0.0;0.0;0.0;0.0;0;P1;Ensoleillé;1008.6;954.1;0;0;0;0;44940.0;0.0;2.19;10.1;22.7;276;28.2;21.3;18.2;16.8;0.076;0.094;0.12;0.179;0.257
Prunelli-di-Fiumorbo;42.01;9.32;03/06/2026;12:00;25.5;26;4.6;24.4;5;0.0;0.0;0.0;0.0;0.0;0;P1;Ensoleillé;1008.5;954.1;0;0;0;0;46140.0;0.0;2.41;11.3;24.5;279;29.9;22.5;18.4;16.8;0.074;0.094;0.12;0.178;0.257
Prunelli-di-Fiumorbo;42.01;9.32;03/06/2026;13:00;26.1;26;5.1;25.4;5;0.0;0.0;0.0;0.0;0.0;0;P1;Ensoleillé;1008.3;954.1;0;0;0;0;47320.0;0.0;2.51;12.2;25.6;284;31.1;23.6;18.7;16.8;0.071;0.093;0.119;0.178;0.256
Prunelli-di-Fiumorbo;42.01;9.32;03/06/2026;14:00;26.4;27;5.9;26.2;5;0.0;0.0;0.0;0.0;0.0;0;P1;Ensoleillé;1008.2;954.0;0;0;0;0;48520.0;0.0;2.52;11.3;26.3;292;31.4;24.5;19.1;16.8;0.069;0.093;0.119;0.177;0.256
Prunelli-di-Fiumorbo;42.01;9.32;03/06/2026;15:00;26.5;29;7.0;27.0;5;0.0;0.0;0.0;0.0;0.0;0;P1;Ensoleillé;1008.2;954.0;0;0;0;0;48520.0;0.0;2.46;8.2;25.9;319;30.7;25.0;19.4;16.8;0.067;0.092;0.119;0.176;0.256
Prunelli-di-Fiumorbo;42.01;9.32;03/06/2026;16:00;26.3;32;8.3;26.5;5;0.0;0.0;0.0;0.0;0.0;0;P1;Ensoleillé;1008.3;954.1;0;0;0;0;48520.0;0.0;2.33;8.4;25.2;7;29.1;25.4;19.8;16.8;0.065;0.092;0.118;0.176;0.255
Prunelli-di-Fiumorbo;42.01;9.32;03/06/2026;17:00;25.7;36;9.5;25.0;5;0.0;0.0;0.0;0.0;0.0;0;P1;Ensoleillé;1008.6;954.3;0;0;0;0;48540.0;0.0;2.11;10.7;23.8;33;27.2;25.3;20.2;16.8;0.064;0.091;0.118;0.175;0.255
Prunelli-di-Fiumorbo;42.01;9.32;03/06/2026;18:00;24.5;43;11.1;23.5;4;0.0;0.0;0.0;0.0;0.0;2;P8;Éclaircies;1009.1;954.5;16;0;0;16;48540.0;0.0;1.76;9.7;21.6;39;24.7;24.7;20.4;16.8;0.064;0.091;0.118;0.175;0.255
Prunelli-di-Fiumorbo;42.01;9.32;03/06/2026;19:00;23.0;52;12.6;22.9;4;0.0;0.0;0.0;0.0;0.0;2;P8;Éclaircies;1009.7;954.8;31;0;0;31;48540.0;0.0;1.35;6.1;18.7;40;21.8;23.7;20.6;16.8;0.065;0.09;0.118;0.175;0.255
Prunelli-di-Fiumorbo;42.01;9.32;03/06/2026;20:00;21.2;58;12.6;21.5;4;0.0;0.0;0.0;0.0;0.0;2;P8;Éclaircies;1010.3;955.1;47;0;0;47;48540.0;0.0;1.06;3.1;16.2;36;19.2;22.6;20.7;16.8;0.066;0.09;0.118;0.175;0.255
Prunelli-di-Fiumorbo;42.01;9.32;03/06/2026;21:00;18.8;61;11.2;19.0;4;0.0;0.0;0.0;0.0;0.0;0;P1;Ensoleillé;1010.9;955.2;32;0;0;32;47940.0;0.0;0.85;1.3;14.0;326;16.9;21.1;20.6;16.9;0.068;0.09;0.118;0.175;0.255
Prunelli-di-Fiumorbo;42.01;9.32;03/06/2026;22:00;16.2;61;8.7;15.4;4;0.0;0.0;0.0;0.0;0.0;0;P1;Ensoleillé;1011.4;955.2;18;0;0;18;47360.0;0.0;0.72;3.6;11.9;270;14.8;19.4;20.4;16.9;0.07;0.089;0.118;0.175;0.255
Prunelli-di-Fiumorbo;42.01;9.32;03/06/2026;23:00;14.2;62;7.0;12.6;3;0.0;0.0;0.0;0.0;0.0;0;P1;Ensoleillé;1011.9;955.3;3;0;0;3;46760.0;0.0;0.62;5.8;10.8;263;13.2;18.0;20.2;16.9;0.072;0.089;0.118;0.175;0.255
Prunelli-di-Fiumorbo;42.01;9.32;04/06/2026;00:00;13.1;63;6.2;11.2;3;0.0;0.0;0.0;0.0;0.0;0;P1;Ensoleillé;1012.2;955.4;2;0;0;2;46160.0;0.0;0.56;6.5;10.8;264;12.4;17.1;19.9;16.9;0.073;0.089;0.118;0.175;0.255
Prunelli-di-Fiumorbo;42.01;9.32;04/06/2026;01:00;12.6;63;5.8;10.6;3;0.0;0.0;0.0;0.0;0.0;0;P1;Ensoleillé;1012.4;955.5;1;0;0;1;45580.0;0.0;0.54;6.5;11.9;264;12.1;16.4;19.5;16.9;0.074;0.089;0.118;0.175;0.255
Prunelli-di-Fiumorbo;42.01;9.32;04/06/2026;02:00;12.3;64;5.7;10.3;3;0.0;0.0;0.0;0.0;0.0;0;P1;Ensoleillé;1012.5;955.5;0;0;0;0;44980.0;0.0;0.52;6.5;12.6;267;11.9;15.9;19.1;16.9;0.075;0.089;0.118;0.175;0.255
Prunelli-di-Fiumorbo;42.01;9.32;04/06/2026;03:00;12.0;65;5.6;9.9;3;0.0;0.0;0.0;0.0;0.0;0;P1;Ensoleillé;1012.5;955.4;1;0;0;1;45580.0;0.0;0.49;6.8;13.3;270;11.4;15.4;18.8;16.9;0.076;0.089;0.118;0.175;0.255
Prunelli-di-Fiumorbo;42.01;9.32;04/06/2026;04:00;11.8;66;5.6;9.7;3;0.0;0.0;0.0;0.0;0.0;0;P1;Ensoleillé;1012.4;955.3;1;0;0;1;46160.0;0.0;0.47;6.8;14.0;270;11.1;15.0;18.4;16.9;0.076;0.089;0.118;0.175;0.255
Prunelli-di-Fiumorbo;42.01;9.32;04/06/2026;05:00;12.2;67;6.2;10.3;3;0.0;0.0;0.0;0.0;0.0;0;P1;Ensoleillé;1012.3;955.3;2;0;0;2;46760.0;0.0;0.47;6.5;14.4;270;11.6;14.8;18.1;16.9;0.077;0.089;0.118;0.175;0.255
Prunelli-di-Fiumorbo;42.01;9.32;04/06/2026;06:00;13.4;69;7.8;12.0;3;0.0;0.0;0.0;0.0;0.0;2;P8;Éclaircies;1012.4;955.6;25;0;0;25;47340.0;0.0;0.48;5.4;13.0;266;13.8;14.7;17.8;16.9;0.078;0.089;0.118;0.175;0.255
Prunelli-di-Fiumorbo;42.01;9.32;04/06/2026;07:00;15.1;72;10.1;14.6;3;0.0;0.0;0.0;0.0;0.0;2;P8;Éclaircies;1012.6;956.1;48;0;0;48;47940.0;0.0;0.48;4.2;11.2;250;16.8;14.8;17.5;16.9;0.079;0.09;0.118;0.175;0.254
Prunelli-di-Fiumorbo;42.01;9.32;04/06/2026;08:00;17.0;71;11.7;17.1;3;0.0;0.0;0.0;0.0;0.0;2;P8;Éclaircies;1012.7;956.6;71;0;0;71;48520.0;0.0;0.56;2.8;10.8;220;19.7;15.3;17.3;16.9;0.079;0.09;0.118;0.175;0.254
Prunelli-di-Fiumorbo;42.01;9.32;04/06/2026;09:00;18.9;65;12.2;19.1;3;0.0;0.0;0.0;0.0;0.0;3;P4;Nuageux;1012.8;957.0;81;0;0;81;47440.0;0.0;0.77;3.4;12.6;162;22.1;16.6;17.2;16.9;0.078;0.09;0.118;0.175;0.254
Prunelli-di-Fiumorbo;42.01;9.32;04/06/2026;10:00;21.0;56;11.9;20.7;3;0.0;0.0;0.0;0.0;0.0;3;P4;Nuageux;1012.9;957.5;90;0;0;90;46360.0;0.0;1.1;6.1;15.8;135;24.2;18.4;17.3;16.9;0.077;0.09;0.117;0.174;0.254
Prunelli-di-Fiumorbo;42.01;9.32;04/06/2026;11:00;22.7;49;11.4;22.6;3;0.0;0.0;0.0;0.0;0.0;3;P4;Nuageux;1012.9;957.8;100;0;0;100;45300.0;0.0;1.41;8.9;19.8;122;25.8;19.9;17.4;16.9;0.075;0.09;0.117;0.174;0.254
Prunelli-di-Fiumorbo;42.01;9.32;04/06/2026;12:00;23.7;44;10.8;23.6;3;0.0;0.0;0.0;0.0;0.0;3;P4;Nuageux;1012.7;957.8;98;1;3;96;44220.0;0.0;1.64;11.5;24.8;110;26.6;21.0;17.6;16.9;0.073;0.09;0.117;0.173;0.254
Prunelli-di-Fiumorbo;42.01;9.32;04/06/2026;13:00;24.3;41;10.2;23.8;3;0.0;0.0;0.0;0.0;0.0;3;P4;Nuageux;1012.5;957.7;97;3;7;93;43140.0;0.0;1.8;13.8;29.9;99;26.9;21.9;17.9;16.8;0.071;0.089;0.117;0.173;0.253
Prunelli-di-Fiumorbo;42.01;9.32;04/06/2026;14:00;24.6;39;9.8;23.7;3;0.0;0.0;0.0;0.0;0.0;3;P4;Nuageux;1012.2;957.5;95;4;10;89;42060.0;0.0;1.89;15.2;33.1;94;26.9;22.5;18.2;16.8;0.07;0.089;0.117;0.172;0.253
Prunelli-di-Fiumorbo;42.01;9.32;04/06/2026;15:00;24.6;40;10.1;23.5;3;0.0;0.0;0.0;0.0;0.0;3;P4;Nuageux;1011.9;957.2;97;3;11;93;40720.0;0.0;1.85;14.8;32.4;91;27.0;22.8;18.5;16.8;0.069;0.089;0.117;0.172;0.253
Prunelli-di-Fiumorbo;42.01;9.32;04/06/2026;16:00;24.2;42;10.5;23.1;3;0.0;0.0;0.0;0.0;0.0;3;P4;Nuageux;1011.6;956.8;98;1;12;96;39380.0;0.0;1.76;13.0;29.5;92;26.9;22.8;18.7;16.8;0.068;0.089;0.116;0.171;0.252
Prunelli-di-Fiumorbo;42.01;9.32;04/06/2026;17:00;23.6;46;11.3;22.4;2;0.0;0.0;0.0;0.0;0.0;3;P4;Nuageux;1011.4;956.5;100;0;13;100;38060.0;0.0;1.58;11.2;26.3;90;26.1;22.7;19.0;16.8;0.068;0.089;0.116;0.171;0.252
Prunelli-di-Fiumorbo;42.01;9.32;04/06/2026;18:00;22.8;51;12.1;22.1;2;0.0;0.0;0.0;0.0;0.0;3;P4;Nuageux;1011.2;956.2;100;0;39;100;36720.0;0.0;1.36;9.0;22.7;88;24.2;22.4;19.2;16.8;0.068;0.089;0.116;0.171;0.252
Prunelli-di-Fiumorbo;42.01;9.32;04/06/2026;19:00;21.8;56;12.6;21.6;2;0.0;0.0;0.0;0.0;0.0;3;P4;Nuageux;1011.0;955.8;100;0;66;100;35380.0;0.0;1.15;6.8;18.4;87;21.7;21.9;19.4;16.9;0.068;0.088;0.116;0.171;0.251
Prunelli-di-Fiumorbo;42.01;9.32;04/06/2026;20:00;20.7;62;13.2;21.1;2;0.0;0.0;0.0;0.0;0.0;3;P4;Nuageux;1010.9;955.6;100;0;92;100;34040.0;0.0;0.93;4.7;14.4;86;19.5;21.3;19.5;16.9;0.069;0.088;0.116;0.171;0.251
Prunelli-di-Fiumorbo;42.01;9.32;04/06/2026;21:00;19.7;69;13.8;20.5;1;0.0;0.0;0.0;0.0;0.0;3;P4;Nuageux;1010.9;955.4;100;10;78;100;35040.0;0.0;0.71;3.0;10.4;104;17.9;20.5;19.5;16.9;0.07;0.088;0.116;0.171;0.251
Prunelli-di-Fiumorbo;42.01;9.32;04/06/2026;22:00;18.6;75;14.1;19.6;1;0.0;0.0;0.0;0.0;0.0;3;P4;Nuageux;1011.0;955.3;100;20;64;100;36020.0;0.0;0.54;2.8;6.8;140;16.5;19.5;19.4;16.9;0.072;0.087;0.116;0.171;0.251
Prunelli-di-Fiumorbo;42.01;9.32;04/06/2026;23:00;17.8;80;14.3;18.9;1;0.0;0.0;0.0;0.0;0.0;3;P4;Nuageux;1011.0;955.1;100;30;50;100;37020.0;0.0;0.41;2.6;4.7;164;15.6;18.7;19.3;16.9;0.073;0.087;0.116;0.171;0.251
Prunelli-di-Fiumorbo;42.01;9.32;05/06/2026;00:00;17.4;79;13.8;18.5;2;0.0;0.0;0.0;0.0;0.0;2;P8;Éclaircies;1009.5;953.6;82;28;38;69;38000.0;0.0;0.41;0.8;4.3;135;15.1;17.9;19.1;16.9;0.074;0.087;0.116;0.171;0.251
Prunelli-di-Fiumorbo;42.01;9.32;05/06/2026;01:00;17.2;76;12.9;18.0;4;0.0;0.0;0.0;0.0;0.0;2;P8;Éclaircies;1007.9;952.1;72;22;26;54;39000.0;0.0;0.47;1.1;4.3;191;14.8;17.2;18.9;16.9;0.076;0.088;0.116;0.171;0.251
Prunelli-di-Fiumorbo;42.01;9.32;05/06/2026;02:00;17.1;72;12.1;17.6;4;0.0;0.0;0.0;0.0;0.0;2;P8;Éclaircies;1006.5;950.7;69;13;14;54;39980.0;0.0;0.55;1.6;3.6;217;14.6;16.8;18.7;16.9;0.077;0.088;0.116;0.171;0.251
Prunelli-di-Fiumorbo;42.01;9.32;05/06/2026;03:00;17.3;69;11.5;17.6;5;0.0;0.0;0.0;0.0;0.0;2;P8;Éclaircies;1004.9;949.2;72;9;2;64;35780.0;0.0;0.62;1.3;2.5;278;14.8;;;;;;;;
Prunelli-di-Fiumorbo;42.01;9.32;05/06/2026;04:00;17.6;68;11.6;17.9;5;0.0;0.0;0.0;0.0;0.0;2;P8;Éclaircies;1004.5;948.9;73;21;1;51;31600.0;0.0;0.64;1.6;2.9;270;15.6;;;;;;;;
Prunelli-di-Fiumorbo;42.01;9.32;05/06/2026;05:00;18.0;68;11.9;18.3;5;0.0;0.0;0.0;0.0;0.0;2;P8;Éclaircies;1004.0;948.5;73;36;0;37;27420.0;0.0;0.67;2.0;3.2;265;16.8;;;;;;;;
Prunelli-di-Fiumorbo;42.01;9.32;05/06/2026;06:00;18.5;67;12.3;19.0;5;0.0;0.0;0.0;0.0;0.0;2;P8;Éclaircies;1003.5;948.2;72;51;0;22;23220.0;0.0;0.7;2.2;3.6;261;18.1;;;;;;;;
Prunelli-di-Fiumorbo;42.01;9.32;05/06/2026;07:00;19.2;66;12.7;19.7;6;0.0;0.0;0.0;0.0;0.0;2;P8;Éclaircies;1003.2;948.0;71;62;0;9;19040.0;0.0;0.75;2.6;4.3;258;19.6;;;;;;;;
Prunelli-di-Fiumorbo;42.01;9.32;05/06/2026;08:00;19.9;64;13.0;20.4;8;0.0;0.0;0.0;0.0;0.0;2;P8;Éclaircies;1002.9;947.8;69;69;0;0;14840.0;0.0;0.83;3.0;5.0;256;21.0;;;;;;;;
Prunelli-di-Fiumorbo;42.01;9.32;05/06/2026;09:00;20.9;62;13.2;21.4;11;0.1;0.1;0.0;0.0;0.0;51;P10;Pluie faible;1002.7;947.8;67;70;1;0;14420.0;0.0;0.95;3.8;5.8;253;22.6;;;;;;;;
Prunelli-di-Fiumorbo;42.01;9.32;05/06/2026;10:00;22.2;58;13.6;22.7;14;0.1;0.1;0.0;0.0;0.0;51;P10;Pluie faible;1002.7;948.1;64;67;4;0;13980.0;0.0;1.13;4.6;6.1;252;24.7;;;;;;;;
Prunelli-di-Fiumorbo;42.01;9.32;05/06/2026;11:00;23.7;54;13.9;24.1;18;0.1;0.1;0.0;0.0;0.0;51;P10;Pluie faible;1002.7;948.3;60;62;6;0;13560.0;0.0;1.34;5.6;6.8;249;26.9;;;;;;;;
Prunelli-di-Fiumorbo;42.01;9.32;05/06/2026;12:00;25.0;51;14.1;26.1;21;0.1;0.1;0.0;0.0;0.0;51;P10;Pluie faible;1002.7;948.6;56;55;8;0;13140.0;0.0;1.57;6.4;7.2;248;28.8;;;;;;;;
Prunelli-di-Fiumorbo;42.01;9.32;05/06/2026;13:00;26.0;48;14.0;27.5;24;0.1;0.1;0.0;0.0;0.0;51;P10;Pluie faible;1002.9;948.9;51;48;10;0;12700.0;0.0;1.76;7.0;7.9;247;30.1;;;;;;;;
Prunelli-di-Fiumorbo;42.01;9.32;05/06/2026;14:00;26.3;46;13.7;28.0;27;0.1;0.1;0.0;0.0;0.0;51;P10;Pluie faible;1003.2;949.3;46;41;11;0;12280.0;0.0;1.86;7.4;7.9;248;30.6;;;;;;;;
Prunelli-di-Fiumorbo;42.01;9.32;05/06/2026;15:00;26.0;45;13.0;27.4;29;0.0;0.0;0.0;0.0;0.0;1;P2;Éclaircies;1003.6;949.6;39;34;10;0;17760.0;0.0;1.86;7.1;7.6;251;29.9;;;;;;;;
Prunelli-di-Fiumorbo;42.01;9.32;05/06/2026;16:00;25.0;44;11.8;25.9;30;0.0;0.0;0.0;0.0;0.0;1;P2;Éclaircies;1004.2;950.0;31;27;9;0;23240.0;0.0;1.79;6.4;6.8;254;28.4;;;;;;;;
Prunelli-di-Fiumorbo;42.01;9.32;05/06/2026;17:00;23.7;43;10.4;23.8;31;0.0;0.0;0.0;0.0;0.0;1;P2;Éclaircies;1004.9;950.4;22;19;6;0;28740.0;0.0;1.67;5.5;5.8;259;26.3;;;;;;;;
Prunelli-di-Fiumorbo;42.01;9.32;05/06/2026;18:00;22.3;43;9.0;21.3;31;0.0;0.0;0.0;0.0;0.0;0;P1;Ensoleillé;1005.6;950.8;13;11;4;0;34220.0;0.0;1.54;4.9;4.7;266;23.9;;;;;;;;
Prunelli-di-Fiumorbo;42.01;9.32;05/06/2026;19:00;20.8;43;7.8;19.6;30;0.0;0.0;0.0;0.0;0.0;0;P1;Ensoleillé;1006.3;951.2;5;5;1;0;39700.0;0.0;1.4;4.3;3.2;272;21.6;;;;;;;;
Prunelli-di-Fiumorbo;42.01;9.32;05/06/2026;20:00;19.5;44;6.9;18.1;29;0.0;0.0;0.0;0.0;0.0;0;P1;Ensoleillé;1007.0;951.6;0;0;0;0;45180.0;0.0;1.27;4.2;2.5;277;19.7;;;;;;;;
Prunelli-di-Fiumorbo;42.01;9.32;05/06/2026;21:00;18.2;46;6.3;16.6;26;0.0;0.0;0.0;0.0;0.0;0;P1;Ensoleillé;1007.6;952.0;0;0;0;0;44300.0;0.0;1.14;4.5;2.5;277;18.0;;;;;;;;
Prunelli-di-Fiumorbo;42.01;9.32;05/06/2026;22:00;16.6;49;5.8;14.8;23;0.0;0.0;0.0;0.0;0.0;0;P1;Ensoleillé;1008.2;952.2;0;0;0;0;43420.0;0.0;0.97;5.2;2.5;274;16.2;;;;;;;;
Prunelli-di-Fiumorbo;42.01;9.32;05/06/2026;23:00;15.1;53;5.6;13.2;19;0.0;0.0;0.0;0.0;0.0;0;P1;Ensoleillé;1008.8;952.5;0;0;0;0;42540.0;0.0;0.81;6.1;2.9;268;14.4;;;;;;;;
Prunelli-di-Fiumorbo;42.01;9.32;06/06/2026;00:00;13.8;57;5.4;11.6;15;0.0;0.0;0.0;0.0;0.0;0;P1;Ensoleillé;1009.4;952.8;0;0;0;0;41640.0;0.0;0.68;7.2;2.9;266;12.9;;;;;;;;
Prunelli-di-Fiumorbo;42.01;9.32;06/06/2026;01:00;12.8;61;5.4;10.6;11;0.0;0.0;0.0;0.0;0.0;0;P1;Ensoleillé;1009.9;953.1;0;0;0;0;40760.0;0.0;0.59;8.0;2.5;264;11.8;;;;;;;;
Prunelli-di-Fiumorbo;42.01;9.32;06/06/2026;02:00;12.4;63;5.4;10.1;8;0.0;0.0;0.0;0.0;0.0;0;P1;Ensoleillé;1010.4;953.5;0;0;0;0;39880.0;0.0;0.54;8.4;2.5;261;11.4;;;;;;;;
Prunelli-di-Fiumorbo;42.01;9.32;06/06/2026;03:00;12.6;63;5.7;10.3;5;0.0;0.0;0.0;0.0;0.0;0;P1;Ensoleillé;1010.9;954.0;2;0;0;2;40760.0;0.0;0.55;8.6;2.5;260;11.7;;;;;;;;
Prunelli-di-Fiumorbo;42.01;9.32;06/06/2026;04:00;13.4;61;6.1;11.3;4;0.0;0.0;0.0;0.0;0.0;0;P1;Ensoleillé;1011.3;954.6;5;0;0;5;41620.0;0.0;0.6;8.4;2.5;260;12.7;;;;;;;;
Prunelli-di-Fiumorbo;42.01;9.32;06/06/2026;05:00;14.6;59;6.7;12.6;2;0.0;0.0;0.0;0.0;0.0;0;P1;Ensoleillé;1011.7;955.2;9;0;0;9;42500.0;0.0;0.68;8.3;2.9;259;14.1;;;;;;;;
Prunelli-di-Fiumorbo;42.01;9.32;06/06/2026;06:00;15.9;56;7.3;14.1;1;0.0;0.0;0.0;0.0;0.0;0;P1;Ensoleillé;1012.1;955.8;12;0;0;12;43360.0;0.0;0.79;7.9;3.2;258;15.8;;;;;;;;
Prunelli-di-Fiumorbo;42.01;9.32;06/06/2026;07:00;17.2;54;7.7;15.6;0;0.0;0.0;0.0;0.0;0.0;0;P1;Ensoleillé;1012.4;956.3;15;0;0;15;44240.0;0.0;0.91;7.1;4.0;255;17.5;;;;;;;;
Prunelli-di-Fiumorbo;42.01;9.32;06/06/2026;08:00;18.4;51;8.0;17.0;0;0.0;0.0;0.0;0.0;0.0;0;P1;Ensoleillé;1012.8;956.9;16;0;0;16;45100.0;0.0;1.04;6.1;4.7;251;19.1;;;;;;;;
Prunelli-di-Fiumorbo;42.01;9.32;06/06/2026;09:00;19.5;48;8.0;18.3;1;0.0;0.0;0.0;0.0;0.0;0;P1;Ensoleillé;1013.2;957.5;15;0;0;15;45700.0;0.0;1.19;4.6;5.0;239;20.9;;;;;;;;
Prunelli-di-Fiumorbo;42.01;9.32;06/06/2026;10:00;20.7;44;7.9;19.7;2;0.0;0.0;0.0;0.0;0.0;0;P1;Ensoleillé;1013.6;958.1;12;0;0;12;46300.0;0.0;1.38;3.1;5.0;204;23.1;;;;;;;;
Prunelli-di-Fiumorbo;42.01;9.32;06/06/2026;11:00;22.0;40;7.6;21.7;4;0.0;0.0;0.0;0.0;0.0;0;P1;Ensoleillé;1014.0;958.7;9;0;0;9;46900.0;0.0;1.6;3.9;5.4;152;25.3;;;;;;;;
Prunelli-di-Fiumorbo;42.01;9.32;06/06/2026;12:00;23.0;36;7.3;23.2;6;0.0;0.0;0.0;0.0;0.0;0;P1;Ensoleillé;1014.3;959.2;5;0;0;5;47500.0;0.0;1.79;6.0;6.8;131;27.3;;;;;;;;
Prunelli-di-Fiumorbo;42.01;9.32;06/06/2026;13:00;23.8;34;7.2;24.2;8;0.0;0.0;0.0;0.0;0.0;0;P1;Ensoleillé;1014.7;959.7;2;0;0;2;48100.0;0.0;1.94;8.0;8.6;121;28.8;;;;;;;;
Prunelli-di-Fiumorbo;42.01;9.32;06/06/2026;14:00;24.2;34;7.3;24.6;10;0.0;0.0;0.0;0.0;0.0;0;P1;Ensoleillé;1014.9;960.0;0;0;0;0;48700.0;0.0;1.99;9.3;9.7;117;29.4;;;;;;;;
Prunelli-di-Fiumorbo;42.01;9.32;06/06/2026;15:00;24.0;35;7.8;24.3;11;0.0;0.0;0.0;0.0;0.0;0;P1;Ensoleillé;1015.1;960.1;0;0;1;0;47600.0;0.0;1.93;9.4;8.6;114;28.9;;;;;;;;
Prunelli-di-Fiumorbo;42.01;9.32;06/06/2026;16:00;23.3;39;8.5;23.6;12;0.0;0.0;0.0;0.0;0.0;0;P1;Ensoleillé;1015.2;960.1;0;0;2;0;46480.0;0.0;1.75;8.6;6.8;110;27.6;;;;;;;;
Prunelli-di-Fiumorbo;42.01;9.32;06/06/2026;17:00;22.3;44;9.4;22.3;13;0.0;0.0;0.0;0.0;0.0;0;P1;Ensoleillé;1015.3;960.0;2;0;3;0;45380.0;0.0;1.51;7.3;5.0;106;25.7;;;;;;;;
Prunelli-di-Fiumorbo;42.01;9.32;06/06/2026;18:00;21.2;49;10.2;20.7;14;0.0;0.0;0.0;0.0;0.0;0;P1;Ensoleillé;1015.3;959.8;3;0;4;0;44260.0;0.0;1.27;5.8;3.6;99;23.5;;;;;;;;
Prunelli-di-Fiumorbo;42.01;9.32;06/06/2026;19:00;20.1;55;10.8;19.7;14;0.0;0.0;0.0;0.0;0.0;0;P1;Ensoleillé;1015.3;959.6;5;0;5;0;43160.0;0.0;1.05;4.5;2.5;90;21.5;;;;;;;;
Prunelli-di-Fiumorbo;42.01;9.32;06/06/2026;20:00;19.2;60;11.2;19.1;14;0.0;0.0;0.0;0.0;0.0;0;P1;Ensoleillé;1015.3;959.4;5;0;5;0;42040.0;0.0;0.9;3.6;1.8;81;19.8;;;;;;;;
Prunelli-di-Fiumorbo;42.01;9.32;06/06/2026;21:00;18.5;62;11.1;18.4;13;0.0;0.0;0.0;0.0;0.0;0;P1;Ensoleillé;1015.3;959.3;4;0;4;0;42040.0;0.0;0.81;2.8;2.5;75;18.4;;;;;;;;
Prunelli-di-Fiumorbo;42.01;9.32;06/06/2026;22:00;17.6;64;10.6;17.6;11;0.0;0.0;0.0;0.0;0.0;0;P1;Ensoleillé;1015.2;959.0;1;0;1;0;42060.0;0.0;0.74;2.0;3.6;63;16.8;;;;;;;;
Prunelli-di-Fiumorbo;42.01;9.32;06/06/2026;23:00;16.8;64;10.0;16.7;9;0.0;0.0;0.0;0.0;0.0;0;P1;Ensoleillé;1015.2;958.9;0;0;0;0;42060.0;0.0;0.69;1.3;4.7;56;15.4;;;;;;;;
Prunelli-di-Fiumorbo;42.01;9.32;07/06/2026;00:00;16.2;64;9.3;15.9;7;0.0;0.0;0.0;0.0;0.0;0;P1;Ensoleillé;1015.1;958.7;0;0;0;0;42060.0;0.0;0.67;0.6;5.4;18;14.1;;;;;;;;
Prunelli-di-Fiumorbo;42.01;9.32;07/06/2026;01:00;15.7;64;8.8;15.4;5;0.0;0.0;0.0;0.0;0.0;0;P1;Ensoleillé;1014.9;958.4;0;0;0;0;42080.0;0.0;0.65;0.5;5.8;315;13.3;;;;;;;;
Prunelli-di-Fiumorbo;42.01;9.32;07/06/2026;02:00;15.6;64;8.7;15.2;4;0.0;0.0;0.0;0.0;0.0;0;P1;Ensoleillé;1014.8;958.3;0;0;0;0;42080.0;0.0;0.65;0.6;5.8;288;13.1;;;;;;;;
Prunelli-di-Fiumorbo;42.01;9.32;07/06/2026;03:00;15.8;64;8.9;15.5;4;0.0;0.0;0.0;0.0;0.0;0;P1;Ensoleillé;1014.6;958.1;12;0;10;7;42080.0;0.0;0.65;0.4;5.8;270;13.5;;;;;;;;
Prunelli-di-Fiumorbo;42.01;9.32;07/06/2026;04:00;16.2;63;9.2;16.0;4;0.0;0.0;0.0;0.0;0.0;1;P2;Éclaircies;1014.5;958.1;29;0;25;19;42080.0;0.0;0.68;0.2;5.4;90;14.5;;;;;;;;
Prunelli-di-Fiumorbo;42.01;9.32;07/06/2026;05:00;16.9;63;9.8;16.8;5;0.0;0.0;0.0;0.0;0.0;2;P8;Éclaircies;1014.3;958.1;50;1;42;32;42100.0;0.0;0.72;0.7;5.0;104;15.9;;;;;;;;
Prunelli-di-Fiumorbo;42.01;9.32;07/06/2026;06:00;17.7;62;10.4;17.6;6;0.0;0.0;0.0;0.0;0.0;2;P8;Éclaircies;1014.0;957.9;69;1;59;44;42100.0;0.0;0.77;1.7;3.6;103;17.5;;;;;;;;
Prunelli-di-Fiumorbo;42.01;9.32;07/06/2026;07:00;18.6;62;11.1;18.6;7;0.0;0.0;0.0;0.0;0.0;3;P4;Nuageux;1013.8;957.9;84;1;71;53;42100.0;0.0;0.82;2.6;2.2;102;19.2;;;;;;;;
Prunelli-di-Fiumorbo;42.01;9.32;07/06/2026;08:00;19.5;61;11.9;19.6;8;0.0;0.0;0.0;0.0;0.0;3;P4;Nuageux;1013.5;957.8;90;1;76;57;42100.0;0.0;0.87;3.4;1.8;106;20.8;;;;;;;;
Prunelli-di-Fiumorbo;42.01;9.32;07/06/2026;09:00;20.4;62;12.8;20.7;9;0.0;0.0;0.0;0.0;0.0;3;P4;Nuageux;1013.2;957.7;85;1;71;54;41740.0;0.0;0.92;4.3;4.3;107;22.6;;;;;;;;
Prunelli-di-Fiumorbo;42.01;9.32;07/06/2026;10:00;21.6;62;14.1;22.2;11;0.0;0.0;0.0;0.0;0.0;2;P8;Éclaircies;1012.8;957.5;72;1;59;46;41360.0;0.0;0.98;5.5;8.3;109;24.7;;;;;;;;
Prunelli-di-Fiumorbo;42.01;9.32;07/06/2026;11:00;22.9;63;15.4;24.0;12;0.0;0.0;0.0;0.0;0.0;2;P8;Éclaircies;1012.3;957.3;54;0;43;35;41000.0;0.0;1.04;7.0;11.5;111;26.9;;;;;;;;
Prunelli-di-Fiumorbo;42.01;9.32;07/06/2026;12:00;24.0;63;16.6;26.1;13;0.0;0.0;0.0;0.0;0.0;1;P2;Éclaircies;1011.9;957.1;35;0;25;24;40640.0;0.0;1.09;8.0;13.0;113;28.9;;;;;;;;
Prunelli-di-Fiumorbo;42.01;9.32;07/06/2026;13:00;24.9;63;17.4;27.7;15;0.0;0.0;0.0;0.0;0.0;0;P1;Ensoleillé;1011.5;956.9;17;0;10;13;40260.0;0.0;1.16;8.7;13.7;114;30.4;;;;;;;;
Prunelli-di-Fiumorbo;42.01;9.32;07/06/2026;14:00;25.4;62;17.5;28.4;16;0.0;0.0;0.0;0.0;0.0;0;P1;Ensoleillé;1011.1;956.6;6;0;0;6;39900.0;0.0;1.24;8.9;13.7;117;31.0;;;;;;;;
Prunelli-di-Fiumorbo;42.01;9.32;07/06/2026;15:00;25.4;59;16.8;28.3;17;0.0;0.0;0.0;0.0;0.0;0;P1;Ensoleillé;1010.7;956.2;0;0;0;2;40800.0;0.0;1.33;8.1;13.0;122;30.7;;;;;;;;
Prunelli-di-Fiumorbo;42.01;9.32;07/06/2026;16:00;25.2;55;15.4;27.5;18;0.0;0.0;0.0;0.0;0.0;0;P1;Ensoleillé;1010.3;955.8;0;0;0;0;41700.0;0.0;1.46;6.8;11.9;132;29.6;;;;;;;;
Prunelli-di-Fiumorbo;42.01;9.32;07/06/2026;17:00;24.7;50;13.7;26.0;18;0.0;0.0;0.0;0.0;0.0;0;P1;Ensoleillé;1009.9;955.3;0;0;0;0;42600.0;0.0;1.55;5.3;10.1;147;28.0;;;;;;;;
Prunelli-di-Fiumorbo;42.01;9.32;07/06/2026;18:00;24.0;46;11.8;24.0;18;0.0;0.0;0.0;0.0;0.0;0;P1;Ensoleillé;1009.6;954.9;0;0;0;0;43480.0;0.0;1.61;4.7;7.2;171;26.1;;;;;;;;
Prunelli-di-Fiumorbo;42.01;9.32;07/06/2026;19:00;23.2;44;10.2;22.6;17;0.0;0.0;0.0;0.0;0.0;0;P1;Ensoleillé;1009.5;954.7;0;0;0;0;44380.0;0.0;1.61;4.8;4.0;195;24.2;;;;;;;;
Prunelli-di-Fiumorbo;42.01;9.32;07/06/2026;20:00;22.4;43;9.1;21.4;16;0.0;0.0;0.0;0.0;0.0;0;P1;Ensoleillé;1009.5;954.5;2;2;0;0;45280.0;0.0;1.55;5.2;2.2;209;22.5;;;;;;;;
Prunelli-di-Fiumorbo;42.01;9.32;07/06/2026;21:00;21.3;44;8.6;20.2;14;0.0;0.0;0.0;0.0;0.0;0;P1;Ensoleillé;1009.8;954.6;6;6;0;0;38120.0;0.0;1.41;5.0;2.9;215;20.8;;;;;;;;
Prunelli-di-Fiumorbo;42.01;9.32;07/06/2026;22:00;19.9;48;8.5;18.9;11;0.0;0.0;0.0;0.0;0.0;0;P1;Ensoleillé;1010.4;954.9;11;12;0;0;30960.0;0.0;1.21;4.5;5.0;217;18.9;;;;;;;;
Prunelli-di-Fiumorbo;42.01;9.32;07/06/2026;23:00;18.4;53;8.7;17.5;8;0.0;0.0;0.0;0.0;0.0;0;P1;Ensoleillé;1011.1;955.3;18;18;0;0;23800.0;0.0;0.99;3.9;6.5;217;17.0;;;;;;;;
Prunelli-di-Fiumorbo;42.01;9.32;08/06/2026;00:00;16.9;59;8.9;16.2;5;0.0;0.0;0.0;0.0;0.0;1;P2;Éclaircies;1011.8;955.7;25;26;0;0;16640.0;0.0;0.78;2.8;6.8;215;15.2;;;;;;;;
Prunelli-di-Fiumorbo;42.01;9.32;08/06/2026;01:00;15.6;65;9.1;15.1;2;0.0;0.0;0.0;0.0;0.0;1;P2;Éclaircies;1012.5;956.1;33;33;0;0;9480.0;0.0;0.62;2.3;6.5;212;13.8;;;;;;;;
Prunelli-di-Fiumorbo;42.01;9.32;08/06/2026;02:00;14.8;69;9.1;14.2;0;0.0;0.0;0.0;0.0;0.0;1;P2;Éclaircies;1013.1;956.5;40;40;0;0;2320.0;0.0;0.53;2.3;6.1;209;12.9;;;;;;;;
Prunelli-di-Fiumorbo;42.01;9.32;08/06/2026;03:00;14.3;70;8.8;13.7;0;0.0;0.0;0.0;0.0;0.0;1;P2;Éclaircies;1013.5;956.8;48;48;0;0;3260.0;0.0;0.5;2.7;6.1;208;12.7;;;;;;;;
Prunelli-di-Fiumorbo;42.01;9.32;08/06/2026;04:00;14.1;69;8.4;13.2;0;0.0;0.0;0.0;0.0;0.0;2;P8;Éclaircies;1013.9;957.2;58;58;0;0;4200.0;0.0;0.51;3.5;6.5;208;13.0;;;;;;;;
Prunelli-di-Fiumorbo;42.01;9.32;08/06/2026;05:00;14.2;66;8.0;13.0;0;0.0;0.0;0.0;0.0;0.0;2;P8;Éclaircies;1014.2;957.4;67;67;0;0;5140.0;0.0;0.55;4.5;6.5;209;13.6;;;;;;;;
Prunelli-di-Fiumorbo;42.01;9.32;08/06/2026;06:00;14.4;63;7.5;12.9;0;0.0;0.0;0.0;0.0;0.0;2;P8;Éclaircies;1014.4;957.7;76;76;0;0;6060.0;0.0;0.6;5.7;6.5;208;14.4;;;;;;;;
Prunelli-di-Fiumorbo;42.01;9.32;08/06/2026;07:00;14.7;61;7.1;13.0;1;0.0;0.0;0.0;0.0;0.0;3;P4;Nuageux;1014.7;958.0;82;82;0;0;7000.0;0.0;0.66;6.7;6.5;211;15.4;;;;;;;;
Prunelli-di-Fiumorbo;42.01;9.32;08/06/2026;08:00;15.1;58;6.8;13.2;2;0.0;0.0;0.0;0.0;0.0;3;P4;Nuageux;1014.9;958.3;84;84;0;0;7940.0;0.0;0.72;7.4;7.2;212;16.5;;;;;;;;
Prunelli-di-Fiumorbo;42.01;9.32;08/06/2026;09:00;15.7;55;6.6;13.7;3;0.0;0.0;0.0;0.0;0.0;3;P4;Nuageux;1015.1;958.6;81;81;0;0;14160.0;0.0;0.81;8.0;8.6;216;17.8;;;;;;;;
Prunelli-di-Fiumorbo;42.01;9.32;08/06/2026;10:00;16.6;51;6.4;14.5;5;0.0;0.0;0.0;0.0;0.0;2;P8;Éclaircies;1015.3;959.0;73;73;0;0;20360.0;0.0;0.93;8.6;10.8;219;19.5;;;;;;;;
Prunelli-di-Fiumorbo;42.01;9.32;08/06/2026;11:00;17.7;47;6.3;15.4;6;0.0;0.0;0.0;0.0;0.0;2;P8;Éclaircies;1015.5;959.3;64;64;0;0;26580.0;0.0;1.07;9.0;13.0;223;21.4;;;;;;;;
Prunelli-di-Fiumorbo;42.01;9.32;08/06/2026;12:00;18.7;44;6.2;17.0;7;0.0;0.0;0.0;0.0;0.0;2;P8;Éclaircies;1015.7;959.7;53;53;0;0;32800.0;0.0;1.21;9.4;16.2;227;23.1;;;;;;;;
Prunelli-di-Fiumorbo;42.01;9.32;08/06/2026;13:00;19.4;42;6.2;18.3;9;0.0;0.0;0.0;0.0;0.0;1;P2;Éclaircies;1015.9;960.0;43;43;0;0;39000.0;0.0;1.31;9.6;19.8;230;24.4;;;;;;;;
Prunelli-di-Fiumorbo;42.01;9.32;08/06/2026;14:00;19.8;41;6.2;18.9;10;0.0;0.0;0.0;0.0;0.0;1;P2;Éclaircies;1016.0;960.2;36;36;0;0;45220.0;0.0;1.37;9.8;20.9;234;24.9;;;;;;;;
Prunelli-di-Fiumorbo;42.01;9.32;08/06/2026;15:00;19.8;41;6.3;18.8;11;0.0;0.0;0.0;0.0;0.0;1;P2;Éclaircies;1016.1;960.3;32;32;0;0;44700.0;0.0;1.35;9.7;17.3;239;24.6;;;;;;;;
Prunelli-di-Fiumorbo;42.01;9.32;08/06/2026;16:00;19.5;43;6.4;18.2;12;0.0;0.0;0.0;0.0;0.0;1;P2;Éclaircies;1016.1;960.2;29;29;0;0;44200.0;0.0;1.3;9.4;11.5;244;23.6;;;;;;;;
Prunelli-di-Fiumorbo;42.01;9.32;08/06/2026;17:00;18.9;45;6.6;17.2;12;0.0;0.0;0.0;0.0;0.0;1;P2;Éclaircies;1016.1;960.1;27;27;0;0;43680.0;0.0;1.21;9.1;7.6;249;22.1;;;;;;;;
Prunelli-di-Fiumorbo;42.01;9.32;08/06/2026;18:00;18.3;47;6.8;16.2;12;0.0;0.0;0.0;0.0;0.0;1;P2;Éclaircies;1016.1;960.0;25;25;0;0;43160.0;0.0;1.11;8.9;7.2;256;20.4;;;;;;;;
Prunelli-di-Fiumorbo;42.01;9.32;08/06/2026;19:00;17.5;50;7.1;15.6;12;0.0;0.0;0.0;0.0;0.0;1;P2;Éclaircies;1016.1;959.9;24;24;0;0;42660.0;0.0;1.0;8.6;8.6;262;18.8;;;;;;;;
Prunelli-di-Fiumorbo;42.01;9.32;08/06/2026;20:00;16.8;54;7.3;14.9;12;0.0;0.0;0.0;0.0;0.0;1;P2;Éclaircies;1016.3;959.9;24;24;0;0;42140.0;0.0;0.89;8.5;10.1;265;17.4;;;;;;;;
Prunelli-di-Fiumorbo;42.01;9.32;08/06/2026;21:00;16.0;58;7.6;14.1;11;0.0;0.0;0.0;0.0;0.0;1;P2;Éclaircies;1016.6;960.1;25;25;0;0;35280.0;0.0;0.77;8.5;10.8;266;16.1;;;;;;;;
Prunelli-di-Fiumorbo;42.01;9.32;08/06/2026;22:00;14.9;64;8.0;13.2;9;0.0;0.0;0.0;0.0;0.0;1;P2;Éclaircies;1017.0;960.2;26;26;0;0;28400.0;0.0;0.62;8.3;11.2;266;14.6;;;;;;;;
Prunelli-di-Fiumorbo;42.01;9.32;08/06/2026;23:00;13.7;70;8.4;12.1;7;0.0;0.0;0.0;0.0;0.0;1;P2;Éclaircies;1017.4;960.4;29;29;0;0;21540.0;0.0;0.47;8.3;11.5;264;13.2;;;;;;;;
Prunelli-di-Fiumorbo;42.01;9.32;09/06/2026;00:00;12.7;77;8.8;11.2;5;0.0;0.0;0.0;0.0;0.0;1;P2;Éclaircies;1017.8;960.6;31;31;0;0;14680.0;0.0;0.34;8.0;11.2;262;12.0;;;;;;;;
Prunelli-di-Fiumorbo;42.01;9.32;09/06/2026;01:00;11.9;82;9.0;10.6;3;0.0;0.0;0.0;0.0;0.0;1;P2;Éclaircies;1018.2;960.8;32;32;0;0;7800.0;0.0;0.25;7.7;10.1;261;11.1;;;;;;;;
Prunelli-di-Fiumorbo;42.01;9.32;09/06/2026;02:00;11.7;84;9.1;10.5;2;0.0;0.0;0.0;0.0;0.0;1;P2;Éclaircies;1018.5;961.0;31;31;0;0;940.0;0.0;0.22;7.0;9.7;258;10.9;;;;;;;;
Prunelli-di-Fiumorbo;42.01;9.32;09/06/2026;03:00;12.1;80;8.8;11.0;1;0.0;0.0;0.0;0.0;0.0;1;P2;Éclaircies;1018.6;961.2;28;28;0;0;8320.0;0.0;0.28;5.9;10.1;256;11.4;;;;;;;;
Prunelli-di-Fiumorbo;42.01;9.32;09/06/2026;04:00;13.0;73;8.2;11.9;1;0.0;0.0;0.0;0.0;0.0;1;P2;Éclaircies;1018.7;961.5;22;22;0;0;15700.0;0.0;0.41;4.6;11.2;257;12.5;;;;;;;;
Prunelli-di-Fiumorbo;42.01;9.32;09/06/2026;05:00;14.2;64;7.5;13.2;1;0.0;0.0;0.0;0.0;0.0;0;P1;Ensoleillé;1018.7;961.7;15;15;0;0;23080.0;0.0;0.58;3.0;11.5;253;14.0;;;;;;;;
Prunelli-di-Fiumorbo;42.01;9.32;09/06/2026;06:00;15.6;56;6.9;14.6;1;0.0;0.0;0.0;0.0;0.0;0;P1;Ensoleillé;1018.7;962.0;9;9;0;0;30460.0;0.0;0.78;1.5;10.8;240;15.7;;;;;;;;
Prunelli-di-Fiumorbo;42.01;9.32;09/06/2026;07:00;16.9;50;6.5;15.9;1;0.0;0.0;0.0;0.0;0.0;0;P1;Ensoleillé;1018.7;962.2;3;3;0;0;37840.0;0.0;0.96;0.6;9.7;146;17.4;;;;;;;;
Prunelli-di-Fiumorbo;42.01;9.32;09/06/2026;08:00;17.9;47;6.5;16.8;2;0.0;0.0;0.0;0.0;0.0;0;P1;Ensoleillé;1018.7;962.4;0;0;0;0;45220.0;0.0;1.09;1.9;9.0;107;19.0;;;;;;;;
Prunelli-di-Fiumorbo;42.01;9.32;09/06/2026;09:00;18.8;47;7.2;17.6;3;0.0;0.0;0.0;0.0;0.0;0;P1;Ensoleillé;1018.8;962.7;0;0;0;0;44700.0;0.0;1.16;3.5;8.6;102;20.6;;;;;;;;
Prunelli-di-Fiumorbo;42.01;9.32;09/06/2026;10:00;19.7;48;8.3;18.5;5;0.0;0.0;0.0;0.0;0.0;0;P1;Ensoleillé;1018.8;962.8;1;1;0;0;44180.0;0.0;1.2;5.3;8.3;102;22.4;;;;;;;;
Prunelli-di-Fiumorbo;42.01;9.32;09/06/2026;11:00;20.6;50;9.7;20.3;6;0.0;0.0;0.0;0.0;0.0;0;P1;Ensoleillé;1018.9;963.1;4;4;0;0;43680.0;0.0;1.22;7.2;8.3;102;24.3;;;;;;;;
Prunelli-di-Fiumorbo;42.01;9.32;09/06/2026;12:00;21.3;52;11.1;22.0;7;0.0;0.0;0.0;0.0;0.0;0;P1;Ensoleillé;1019.0;963.3;7;7;0;0;43160.0;0.0;1.22;8.6;8.6;102;26.0;;;;;;;;
Prunelli-di-Fiumorbo;42.01;9.32;09/06/2026;13:00;21.8;55;12.3;23.2;9;0.0;0.0;0.0;0.0;0.0;0;P1;Ensoleillé;1019.0;963.4;9;9;0;0;42640.0;0.0;1.19;10.0;9.4;103;27.2;;;;;;;;
Prunelli-di-Fiumorbo;42.01;9.32;09/06/2026;14:00;22.1;56;13.0;23.9;10;0.0;0.0;0.0;0.0;0.0;0;P1;Ensoleillé;1019.0;963.5;10;10;0;0;42120.0;0.0;1.17;10.5;9.4;102;27.7;;;;;;;;
Prunelli-di-Fiumorbo;42.01;9.32;09/06/2026;15:00;22.1;57;13.3;24.0;11;0.0;0.0;0.0;0.0;0.0;0;P1;Ensoleillé;1018.9;963.4;9;9;0;0;41740.0;0.0;1.14;10.3;8.6;101;27.3;;;;;;;;
Prunelli-di-Fiumorbo;42.01;9.32;09/06/2026;16:00;21.9;59;13.4;23.5;11;0.0;0.0;0.0;0.0;0.0;0;P1;Ensoleillé;1018.7;963.1;8;8;0;0;41340.0;0.0;1.09;9.5;7.6;99;26.3;;;;;;;;
Prunelli-di-Fiumorbo;42.01;9.32;09/06/2026;17:00;21.4;60;13.3;22.6;11;0.0;0.0;0.0;0.0;0.0;0;P1;Ensoleillé;1018.5;962.9;6;6;0;0;40960.0;0.0;1.03;8.1;6.1;95;24.9;;;;;;;;
Prunelli-di-Fiumorbo;42.01;9.32;09/06/2026;18:00;20.8;61;12.9;21.1;11;0.0;0.0;0.0;0.0;0.0;0;P1;Ensoleillé;1018.2;962.5;3;3;0;0;40580.0;0.0;0.97;6.8;4.7;92;23.1;;;;;;;;
Prunelli-di-Fiumorbo;42.01;9.32;09/06/2026;19:00;20.2;61;12.5;20.2;11;0.0;0.0;0.0;0.0;0.0;0;P1;Ensoleillé;1018.1;962.3;1;1;0;0;40180.0;0.0;0.92;5.4;2.9;86;21.4;;;;;;;;
Prunelli-di-Fiumorbo;42.01;9.32;09/06/2026;20:00;19.4;62;12.0;19.4;10;0.0;0.0;0.0;0.0;0.0;0;P1;Ensoleillé;1018.0;962.0;0;0;0;0;39800.0;0.0;0.86;4.4;2.2;81;19.8;;;;;;;;
Prunelli-di-Fiumorbo;42.01;9.32;09/06/2026;21:00;18.5;63;11.3;18.4;9;0.0;0.0;0.0;0.0;0.0;0;P1;Ensoleillé;1018.0;961.8;0;0;0;0;40200.0;0.0;0.79;3.3;3.2;77;18.1;;;;;;;;
Prunelli-di-Fiumorbo;42.01;9.32;09/06/2026;22:00;17.3;64;10.3;17.1;7;0.0;0.0;0.0;0.0;0.0;0;P1;Ensoleillé;1018.2;961.8;0;0;0;0;40600.0;0.0;0.72;2.3;5.0;72;16.0;;;;;;;;
Prunelli-di-Fiumorbo;42.01;9.32;09/06/2026;23:00;15.9;65;9.3;15.6;6;0.0;0.0;0.0;0.0;0.0;0;P1;Ensoleillé;1018.4;961.7;0;0;0;0;41000.0;0.0;0.64;1.0;6.1;59;14.0;;;;;;;;
Prunelli-di-Fiumorbo;42.01;9.32;10/06/2026;00:00;14.7;65;8.2;14.3;5;0.0;0.0;0.0;0.0;0.0;0;P1;Ensoleillé;1018.6;961.7;0;0;0;0;41380.0;0.0;0.59;0.3;5.4;315;12.1;;;;;;;;
Prunelli-di-Fiumorbo;42.01;9.32;10/06/2026;01:00;13.8;65;7.2;13.0;3;0.0;0.0;0.0;0.0;0.0;0;P1;Ensoleillé;1018.8;961.7;0;0;0;0;41780.0;0.0;0.56;0.9;4.0;270;10.8;;;;;;;;
Prunelli-di-Fiumorbo;42.01;9.32;10/06/2026;02:00;13.3;63;6.4;12.3;2;0.0;0.0;0.0;0.0;0.0;0;P1;Ensoleillé;1018.9;961.7;0;0;0;0;42180.0;0.0;0.57;1.3;2.9;262;10.2;;;;;;;;
Prunelli-di-Fiumorbo;42.01;9.32;10/06/2026;03:00;13.4;59;5.7;12.2;1;0.0;0.0;0.0;0.0;0.0;0;P1;Ensoleillé;1019.0;961.8;0;0;0;0;43320.0;0.0;0.63;1.3;3.2;254;10.6;;;;;;;;
Prunelli-di-Fiumorbo;42.01;9.32;10/06/2026;04:00;14.0;54;4.9;12.6;1;0.0;0.0;0.0;0.0;0.0;0;P1;Ensoleillé;1019.1;962.0;0;0;0;0;44460.0;0.0;0.73;1.0;4.7;248;11.8;;;;;;;;
Prunelli-di-Fiumorbo;42.01;9.32;10/06/2026;05:00;14.8;49;4.2;13.4;1;0.0;0.0;0.0;0.0;0.0;0;P1;Ensoleillé;1019.1;962.2;0;0;0;0;45600.0;0.0;0.86;0.4;5.4;207;13.5;;;;;;;;
Prunelli-di-Fiumorbo;42.01;9.32;10/06/2026;06:00;15.8;44;3.7;14.2;1;0.0;0.0;0.0;0.0;0.0;0;P1;Ensoleillé;1019.2;962.5;0;0;0;0;46720.0;0.0;1.0;0.9;5.8;127;15.4;;;;;;;;
Prunelli-di-Fiumorbo;42.01;9.32;10/06/2026;07:00;16.8;41;3.6;15.1;1;0.0;0.0;0.0;0.0;0.0;0;P1;Ensoleillé;1019.2;962.7;0;0;0;0;47860.0;0.0;1.12;1.5;5.8;111;17.3;;;;;;;;
Prunelli-di-Fiumorbo;42.01;9.32;10/06/2026;08:00;17.6;40;4.0;15.8;2;0.0;0.0;0.0;0.0;0.0;0;P1;Ensoleillé;1019.3;962.9;0;0;0;0;49000.0;0.0;1.2;2.4;5.8;107;18.8;;;;;;;;
Prunelli-di-Fiumorbo;42.01;9.32;10/06/2026;09:00;18.3;42;5.1;16.7;3;0.2;0.1;0.1;0.0;0.0;51;P10;Pluie faible;1019.4;963.1;6;2;2;4;42080.0;0.0;1.23;3.4;6.1;106;20.3;;;;;;;;
Prunelli-di-Fiumorbo;42.01;9.32;10/06/2026;10:00;19.1;45;6.9;17.7;4;0.2;0.1;0.1;0.0;0.0;51;P10;Pluie faible;1019.5;963.4;15;5;4;9;35160.0;0.0;1.22;4.6;6.8;103;21.9;;;;;;;;
Prunelli-di-Fiumorbo;42.01;9.32;10/06/2026;11:00;19.9;50;9.1;19.5;5;0.2;0.1;0.1;0.0;0.0;51;P10;Pluie faible;1019.6;963.6;25;9;7;15;28240.0;0.0;1.17;5.9;7.9;104;23.5;;;;;;;;
Prunelli-di-Fiumorbo;42.01;9.32;10/06/2026;12:00;20.6;55;11.4;21.5;6;0.2;0.1;0.1;0.0;0.0;51;P10;Pluie faible;1019.7;963.9;35;13;10;21;21300.0;0.0;1.09;7.0;9.4;103;24.9;;;;;;;;
Prunelli-di-Fiumorbo;42.01;9.32;10/06/2026;13:00;21.1;61;13.4;23.0;8;0.2;0.1;0.1;0.0;0.0;51;P10;Pluie faible;1019.8;964.0;44;16;12;27;14380.0;0.0;0.97;7.9;11.2;103;25.8;;;;;;;;
Prunelli-di-Fiumorbo;42.01;9.32;10/06/2026;14:00;21.4;66;14.8;24.0;10;0.2;0.1;0.1;0.0;0.0;51;P10;Pluie faible;1019.8;964.1;49;18;13;30;7460.0;0.0;0.86;8.3;11.9;103;26.2;;;;;;;;
Prunelli-di-Fiumorbo;42.01;9.32;10/06/2026;15:00;21.3;71;15.8;24.2;13;0.1;0.0;0.1;0.0;0.0;51;P10;Pluie faible;1019.8;964.1;51;19;12;32;11040.0;0.0;0.75;8.1;10.8;102;25.9;;;;;;;;
Prunelli-di-Fiumorbo;42.01;9.32;10/06/2026;16:00;21.0;76;16.5;23.8;17;0.1;0.0;0.1;0.0;0.0;51;P10;Pluie faible;1019.8;964.0;51;19;10;32;14600.0;0.0;0.6;7.5;8.3;101;25.0;;;;;;;;
Prunelli-di-Fiumorbo;42.01;9.32;10/06/2026;17:00;20.5;81;17.0;23.0;20;0.1;0.0;0.1;0.0;0.0;51;P10;Pluie faible;1019.8;963.9;49;18;7;32;18180.0;0.0;0.47;6.6;6.1;99;23.7;;;;;;;;
Prunelli-di-Fiumorbo;42.01;9.32;10/06/2026;18:00;19.9;85;17.2;21.7;23;0.1;0.0;0.1;0.0;0.0;51;P10;Pluie faible;1019.8;963.8;46;17;4;31;21740.0;0.0;0.36;5.6;4.3;97;22.2;;;;;;;;
Prunelli-di-Fiumorbo;42.01;9.32;10/06/2026;19:00;19.2;88;17.1;21.1;25;0.1;0.0;0.1;0.0;0.0;51;P10;Pluie faible;1019.8;963.7;42;16;2;29;25320.0;0.0;0.27;4.5;2.5;97;20.6;;;;;;;;
Prunelli-di-Fiumorbo;42.01;9.32;10/06/2026;20:00;18.5;88;16.5;20.3;25;0.1;0.0;0.1;0.0;0.0;51;P10;Pluie faible;1019.7;963.5;38;14;0;27;28880.0;0.0;0.26;3.4;1.4;96;19.2;;;;;;;;
Prunelli-di-Fiumorbo;42.01;9.32;10/06/2026;21:00;17.7;85;15.1;19.1;22;0.0;0.0;0.0;0.0;0.0;1;P2;Éclaircies;1019.6;963.2;33;12;0;24;31620.0;0.0;0.31;2.4;1.8;99;17.7;;;;;;;;
Prunelli-di-Fiumorbo;42.01;9.32;10/06/2026;22:00;16.7;79;13.0;17.5;18;0.0;0.0;0.0;0.0;0.0;1;P2;Éclaircies;1019.5;962.9;26;10;0;19;34380.0;0.0;0.4;1.1;3.2;108;16.0;;;;;;;;
Prunelli-di-Fiumorbo;42.01;9.32;10/06/2026;23:00;15.7;71;10.5;15.8;13;0.0;0.0;0.0;0.0;0.0;0;P1;Ensoleillé;1019.4;962.6;18;7;0;13;37120.0;0.0;0.51;0.5;4.0;225;14.2;;;;;;;;
Prunelli-di-Fiumorbo;42.01;9.32;11/06/2026;00:00;14.7;64;8.1;14.0;8;0.0;0.0;0.0;0.0;0.0;0;P1;Ensoleillé;1019.3;962.4;11;4;0;8;39860.0;0.0;0.6;1.7;4.0;252;12.6;;;;;;;;
Prunelli-di-Fiumorbo;42.01;9.32;11/06/2026;01:00;14.1;59;6.1;12.8;3;0.0;0.0;0.0;0.0;0.0;0;P1;Ensoleillé;1019.1;962.1;4;2;0;3;42620.0;0.0;0.67;2.8;3.6;259;11.5;;;;;;;;
Prunelli-di-Fiumorbo;42.01;9.32;11/06/2026;02:00;13.9;55;5.0;12.2;0;0.0;0.0;0.0;0.0;0.0;0;P1;Ensoleillé;1019.0;961.9;0;0;0;0;45360.0;0.0;0.72;3.5;3.6;258;11.1;;;;;;;;
Prunelli-di-Fiumorbo;42.01;9.32;11/06/2026;03:00;14.3;53;4.9;12.5;0;0.0;0.0;0.0;0.0;0.0;0;P1;Ensoleillé;1018.9;961.9;0;0;0;0;45360.0;0.0;0.77;4.1;4.0;257;11.7;;;;;;;;
Prunelli-di-Fiumorbo;42.01;9.32;11/06/2026;04:00;15.1;53;5.6;13.4;0;0.0;0.0;0.0;0.0;0.0;0;P1;Ensoleillé;1018.7;961.9;0;0;0;0;45360.0;0.0;0.81;4.3;4.3;253;12.9;;;;;;;;
Prunelli-di-Fiumorbo;42.01;9.32;11/06/2026;05:00;16.2;53;6.7;14.7;0;0.0;0.0;0.0;0.0;0.0;0;P1;Ensoleillé;1018.6;962.0;0;0;0;0;45380.0;0.0;0.87;4.6;4.7;249;14.7;;;;;;;;
Prunelli-di-Fiumorbo;42.01;9.32;11/06/2026;06:00;17.5;53;7.9;16.3;0;0.0;0.0;0.0;0.0;0.0;0;P1;Ensoleillé;1018.4;962.0;0;0;0;0;45380.0;0.0;0.93;4.6;5.4;244;16.6;;;;;;;;
Prunelli-di-Fiumorbo;42.01;9.32;11/06/2026;07:00;18.7;53;9.0;17.8;1;0.0;0.0;0.0;0.0;0.0;0;P1;Ensoleillé;1018.3;962.2;0;0;0;0;45380.0;0.0;1.01;4.5;5.8;241;18.6;;;;;;;;
Prunelli-di-Fiumorbo;42.01;9.32;11/06/2026;08:00;19.8;52;9.6;19.1;2;0.0;0.0;0.0;0.0;0.0;0;P1;Ensoleillé;1018.2;962.3;0;0;0;0;45380.0;0.0;1.11;4.0;6.5;238;20.4;;;;;;;;
Prunelli-di-Fiumorbo;42.01;9.32;11/06/2026;09:00;20.8;49;9.7;20.3;4;0.0;0.0;0.0;0.0;0.0;0;P1;Ensoleillé;1018.1;962.4;2;0;0;2;46000.0;0.0;1.25;3.2;6.8;232;22.3;;;;;;;;
Prunelli-di-Fiumorbo;42.01;9.32;11/06/2026;10:00;21.9;45;9.4;21.5;7;0.0;0.0;0.0;0.0;0.0;0;P1;Ensoleillé;1018.1;962.6;5;0;1;4;46620.0;0.0;1.46;2.1;7.2;218;24.4;;;;;;;;
Prunelli-di-Fiumorbo;42.01;9.32;11/06/2026;11:00;23.0;40;8.9;23.3;10;0.0;0.0;0.0;0.0;0.0;0;P1;Ensoleillé;1018.0;962.7;8;0;1;8;47240.0;0.0;1.68;1.1;7.6;171;26.6;;;;;;;;
Prunelli-di-Fiumorbo;42.01;9.32;11/06/2026;12:00;23.9;37;8.4;24.9;13;0.0;0.0;0.0;0.0;0.0;0;P1;Ensoleillé;1018.0;962.8;11;0;2;11;47860.0;0.0;1.87;1.8;9.0;114;28.5;;;;;;;;
Prunelli-di-Fiumorbo;42.01;9.32;11/06/2026;13:00;24.6;35;8.1;25.9;15;0.0;0.0;0.0;0.0;0.0;0;P1;Ensoleillé;1018.0;963.0;14;0;2;13;48480.0;0.0;2.01;2.9;10.4;94;29.8;;;;;;;;
Prunelli-di-Fiumorbo;42.01;9.32;11/06/2026;14:00;24.8;35;8.2;26.3;18;0.0;0.0;0.0;0.0;0.0;0;P1;Ensoleillé;1018.0;963.0;16;0;2;15;49100.0;0.0;2.05;4.0;11.2;90;30.3;;;;;;;;
Prunelli-di-Fiumorbo;42.01;9.32;11/06/2026;15:00;24.5;37;8.8;25.9;20;0.0;0.0;0.0;0.0;0.0;0;P1;Ensoleillé;1018.0;963.0;17;0;2;16;47560.0;0.0;1.95;4.7;10.4;90;29.7;;;;;;;;
Prunelli-di-Fiumorbo;42.01;9.32;11/06/2026;16:00;23.8;41;9.9;24.9;22;0.0;0.0;0.0;0.0;0.0;0;P1;Ensoleillé;1018.0;962.8;16;0;2;15;46040.0;0.0;1.73;5.4;8.6;90;28.3;;;;;;;;
Prunelli-di-Fiumorbo;42.01;9.32;11/06/2026;17:00;22.8;48;11.1;23.4;24;0.0;0.0;0.0;0.0;0.0;0;P1;Ensoleillé;1018.0;962.6;15;1;1;15;44500.0;0.0;1.45;5.9;6.8;92;26.2;;;;;;;;
Prunelli-di-Fiumorbo;42.01;9.32;11/06/2026;18:00;21.6;56;12.3;21.6;25;0.0;0.0;0.0;0.0;0.0;0;P1;Ensoleillé;1018.0;962.4;14;1;1;14;42960.0;0.0;1.14;6.3;4.7;93;23.9;;;;;;;;
Prunelli-di-Fiumorbo;42.01;9.32;11/06/2026;19:00;20.4;63;13.2;20.5;26;0.0;0.0;0.0;0.0;0.0;0;P1;Ensoleillé;1018.1;962.3;14;1;0;14;41440.0;0.0;0.89;6.3;2.5;95;21.7;;;;;;;;
Prunelli-di-Fiumorbo;42.01;9.32;11/06/2026;20:00;19.5;68;13.5;19.8;25;0.0;0.0;0.0;0.0;0.0;0;P1;Ensoleillé;1018.2;962.2;15;1;0;15;39900.0;0.0;0.71;6.0;1.1;95;19.9;;;;;;;;
Prunelli-di-Fiumorbo;42.01;9.32;11/06/2026;21:00;18.6;71;13.2;18.9;23;0.0;0.0;0.0;0.0;0.0;0;P1;Ensoleillé;1018.4;962.2;17;1;0;17;40300.0;0.0;0.63;5.1;1.8;96;18.3;;;;;;;;
Prunelli-di-Fiumorbo;42.01;9.32;11/06/2026;22:00;17.6;71;12.3;17.8;19;0.0;0.0;0.0;0.0;0.0;1;P2;Éclaircies;1018.7;962.3;20;1;0;20;40680.0;0.0;0.58;3.6;3.2;99;16.7;;;;;;;;
Prunelli-di-Fiumorbo;42.01;9.32;11/06/2026;23:00;16.6;70;11.1;16.6;15;0.0;0.0;0.0;0.0;0.0;1;P2;Éclaircies;1019.0;962.4;23;1;0;23;41080.0;0.0;0.57;2.1;4.7;105;15.1;;;;;;;;
Prunelli-di-Fiumorbo;42.01;9.32;12/06/2026;00:00;15.7;68;9.8;15.6;11;0.0;0.0;0.0;0.0;0.0;1;P2;Éclaircies;1019.3;962.6;27;0;0;27;41480.0;0.0;0.57;0.6;5.0;162;13.7;;;;;;;;
Prunelli-di-Fiumorbo;42.01;9.32;12/06/2026;01:00;15.1;66;8.7;14.6;6;0.0;0.0;0.0;0.0;0.0;1;P2;Éclaircies;1019.5;962.6;31;0;0;31;41860.0;0.0;0.59;1.3;4.7;254;12.8;;;;;;;;
Prunelli-di-Fiumorbo;42.01;9.32;12/06/2026;02:00;14.9;63;8.0;14.1;6;0.0;0.0;0.0;0.0;0.0;1;P2;Éclaircies;1019.7;962.8;35;0;0;35;42260.0;0.0;0.62;2.0;4.7;265;12.4;;;;;;;;
Prunelli-di-Fiumorbo;42.01;9.32;12/06/2026;03:00;15.0;61;7.6;14.1;7;0.0;0.0;0.0;0.0;0.0;1;P2;Éclaircies;1019.8;962.9;40;0;0;40;42780.0;0.0;0.66;2.2;4.7;279;12.8;;;;;;;;
Prunelli-di-Fiumorbo;42.01;9.32;12/06/2026;04:00;15.5;59;7.4;14.6;8;0.0;0.0;0.0;0.0;0.0;1;P2;Éclaircies;1019.8;963.0;46;0;0;46;43320.0;0.0;0.73;2.2;4.7;294;13.7;;;;;;;;
Prunelli-di-Fiumorbo;42.01;9.32;12/06/2026;05:00;16.3;56;7.4;15.3;7;0.0;0.0;0.0;0.0;0.0;2;P8;Éclaircies;1019.9;963.2;52;0;0;53;43840.0;0.0;0.82;2.2;4.3;318;15.1;;;;;;;;
Prunelli-di-Fiumorbo;42.01;9.32;12/06/2026;06:00;17.2;53;7.5;16.2;5;0.0;0.0;0.0;0.0;0.0;2;P8;Éclaircies;1019.8;963.3;58;0;0;58;44360.0;0.0;0.93;2.4;3.6;343;16.7;;;;;;;;
Prunelli-di-Fiumorbo;42.01;9.32;12/06/2026;07:00;18.1;50;7.6;17.1;4;0.0;0.0;0.0;0.0;0.0;2;P8;Éclaircies;1019.8;963.5;63;0;0;63;44900.0;0.0;1.03;2.9;2.9;4;18.4;;;;;;;;
Prunelli-di-Fiumorbo;42.01;9.32;12/06/2026;08:00;18.9;49;7.8;17.9;3;0.0;0.0;0.0;0.0;0.0;2;P8;Éclaircies;1019.8;963.6;66;0;0;66;45420.0;0.0;1.13;3.4;2.9;18;19.9;;;;;;;;
Prunelli-di-Fiumorbo;42.01;9.32;12/06/2026;09:00;19.8;47;8.1;18.7;4;0.0;0.0;0.0;0.0;0.0;2;P8;Éclaircies;1019.8;963.8;67;2;0;66;45420.0;0.0;1.23;3.9;4.0;34;21.5;;;;;;;;
Prunelli-di-Fiumorbo;42.01;9.32;12/06/2026;10:00;20.7;46;8.6;19.7;5;0.0;0.0;0.0;0.0;0.0;2;P8;Éclaircies;1019.8;964.0;66;4;1;65;45420.0;0.0;1.33;4.8;5.4;53;23.3;;;;;;;;
Prunelli-di-Fiumorbo;42.01;9.32;12/06/2026;11:00;21.7;44;9.1;21.4;7;0.0;0.0;0.0;0.0;0.0;2;P8;Éclaircies;1019.8;964.1;64;7;2;62;45440.0;0.0;1.45;5.9;6.8;67;25.1;;;;;;;;
Prunelli-di-Fiumorbo;42.01;9.32;12/06/2026;12:00;23.6;42;9.7;23.7;9;0.0;0.0;0.0;0.0;0.0;2;P8;Éclaircies;1019.7;964.4;72;7;5;69;40115.0;0.0;1.71;8.3;8.3;86;26.8;;;;;;;;
Prunelli-di-Fiumorbo;42.01;9.32;12/06/2026;13:00;24.9;39;9.8;24.9;11;0.0;0.0;0.0;0.0;0.0;2;P8;Éclaircies;1019.6;964.5;80;6;14;78;34790.0;0.0;1.94;10.4;9.7;100;28.2;;;;;;;;
Prunelli-di-Fiumorbo;42.01;9.32;12/06/2026;14:00;25.6;38;10.0;25.4;13;0.0;0.0;0.0;0.0;0.0;2;P8;Éclaircies;1019.4;964.5;90;3;25;88;29465.0;0.0;2.06;11.4;10.1;111;29.3;;;;;;;;
Prunelli-di-Fiumorbo;42.01;9.32;12/06/2026;15:00;25.9;37;10.1;25.4;15;0.0;0.0;0.0;0.0;0.0;3;P4;Nuageux;1019.1;964.2;100;0;33;100;24140.0;0.0;2.1;11.3;9.4;117;;;;;;;;;
Prunelli-di-Fiumorbo;42.01;9.32;12/06/2026;16:00;25.5;39;10.5;25.1;16;0.0;0.0;0.0;0.0;0.0;3;P4;Nuageux;1018.8;963.9;100;0;29;100;24140.0;0.0;1.99;10.2;7.9;108;;;;;;;;;
Prunelli-di-Fiumorbo;42.01;9.32;12/06/2026;17:00;24.8;42;11.0;24.3;17;0.0;0.0;0.0;0.0;0.0;3;P4;Nuageux;1018.7;963.7;100;0;26;100;24140.0;0.0;1.82;9.1;6.1;99;;;;;;;;;
Prunelli-di-Fiumorbo;42.01;9.32;12/06/2026;18:00;23.9;47;11.9;23.3;18;0.0;0.0;0.0;0.0;0.0;3;P4;Nuageux;1018.7;963.5;86;0;27;79;24140.0;0.0;1.58;8.3;4.3;92;;;;;;;;;
Prunelli-di-Fiumorbo;42.01;9.32;12/06/2026;19:00;22.8;54;13.0;22.7;18;0.0;0.0;0.0;0.0;0.0;2;P8;Éclaircies;1018.8;963.4;66;0;28;51;24140.0;0.0;1.28;7.2;2.2;84;;;;;;;;;
Prunelli-di-Fiumorbo;42.01;9.32;12/06/2026;20:00;21.7;58;13.1;21.9;19;0.0;0.0;0.0;0.0;0.0;1;P2;Éclaircies;1018.9;963.3;47;0;27;27;24140.0;0.0;1.09;5.5;1.1;79;;;;;;;;;
Prunelli-di-Fiumorbo;42.01;9.32;12/06/2026;21:00;20.6;59;12.3;21.1;19;0.0;0.0;0.0;0.0;0.0;1;P2;Éclaircies;1019.0;963.2;31;0;21;13;24140.0;0.0;1.0;2.1;2.2;59;;;;;;;;;
Prunelli-di-Fiumorbo;42.01;9.32;12/06/2026;22:00;19.5;59;11.3;19.5;20;0.0;0.0;0.0;0.0;0.0;0;P1;Ensoleillé;1019.0;963.0;18;0;12;5;24140.0;0.0;0.93;3.0;4.3;284;;;;;;;;;
Prunelli-di-Fiumorbo;42.01;9.32;12/06/2026;23:00;18.7;57;10.0;17.9;20;0.0;0.0;0.0;0.0;0.0;0;P1;Ensoleillé;1019.0;962.8;8;0;5;0;24140.0;0.0;0.93;6.1;6.1;273;;;;;;;;;
Rogliano;42.95;9.41;28/05/2026;00:00;23.4;35;7.1;20.9;0;0.0;0.0;0.0;0.0;0.0;0;P1;Ensoleillé;1018.5;980.5;0;0;0;0;45760.0;0.08;1.87;12.0;56.2;237;21.5;22.0;22.1;19.2;0.05;0.112;0.16;0.238;0.262
Rogliano;42.95;9.41;28/05/2026;01:00;23.2;36;7.3;20.8;0;0.0;0.0;0.0;0.0;0.0;1;P2;Éclaircies;1018.3;980.3;10;0;0;10;45300.0;0.08;1.83;11.8;55.1;239;21.4;21.9;22.0;19.2;0.049;0.112;0.161;0.237;0.262
Rogliano;42.95;9.41;28/05/2026;02:00;22.9;37;7.4;20.8;0;0.0;0.0;0.0;0.0;0.0;1;P2;Éclaircies;1018.1;980.1;0;0;0;0;45020.0;0.08;1.76;9.6;52.9;236;21.1;21.7;21.9;19.3;0.048;0.111;0.159;0.243;0.263
Rogliano;42.95;9.41;28/05/2026;03:00;22.4;38;7.4;20.6;0;0.0;0.0;0.0;0.0;0.0;0;P1;Ensoleillé;1017.6;979.5;0;0;0;0;44720.0;0.07;1.69;8.0;48.6;234;20.6;21.5;21.7;19.3;0.048;0.111;0.159;0.243;0.263
Rogliano;42.95;9.41;28/05/2026;04:00;21.8;40;7.6;20.2;0;0.0;0.0;0.0;0.0;0.0;1;P2;Éclaircies;1017.2;979.1;17;0;0;17;44360.0;0.06;1.57;6.8;41.8;238;19.9;21.0;21.5;19.3;0.048;0.111;0.159;0.243;0.263
Rogliano;42.95;9.41;28/05/2026;05:00;20.7;45;8.3;19.4;0;0.0;0.0;0.0;0.0;0.0;0;P1;Ensoleillé;1017.7;979.4;0;0;0;0;42680.0;0.06;1.34;6.2;40.3;234;19.3;20.4;21.3;19.3;0.048;0.111;0.159;0.242;0.263
Rogliano;42.95;9.41;28/05/2026;06:00;20.2;48;8.8;19.1;0;0.0;0.0;0.0;0.0;0.0;0;P1;Ensoleillé;1018.0;979.6;0;0;0;0;42300.0;0.04;1.23;5.4;37.4;233;18.8;20.0;21.1;19.3;0.049;0.111;0.16;0.242;0.263
Rogliano;42.95;9.41;28/05/2026;07:00;20.9;49;9.8;20.4;0;0.0;0.0;0.0;0.0;0.0;0;P1;Ensoleillé;1018.4;980.1;0;0;0;0;42860.0;0.05;1.26;3.3;36.0;221;19.9;19.8;20.8;19.3;0.049;0.111;0.16;0.242;0.263
Rogliano;42.95;9.41;28/05/2026;08:00;22.1;54;12.4;22.8;0;0.0;0.0;0.0;0.0;0.0;0;P1;Ensoleillé;1018.5;980.4;4;0;4;0;41460.0;0.07;1.23;0.8;31.3;117;22.4;20.8;20.7;19.3;0.049;0.111;0.16;0.242;0.263
Rogliano;42.95;9.41;28/05/2026;09:00;24.3;39;9.5;24.1;0;0.0;0.0;0.0;0.0;0.0;0;P1;Ensoleillé;1017.8;980.0;0;0;0;0;43840.0;0.16;1.86;1.0;28.4;315;24.9;22.0;20.7;19.3;0.049;0.11;0.159;0.241;0.263
Rogliano;42.95;9.41;28/05/2026;10:00;25.6;32;7.7;24.6;0;0.0;0.0;0.0;0.0;0.0;0;P1;Ensoleillé;1018.3;980.6;0;0;0;0;46740.0;0.23;2.23;3.1;28.8;324;27.0;23.4;20.9;19.3;0.048;0.11;0.159;0.24;0.262
Rogliano;42.95;9.41;28/05/2026;11:00;27.0;25;5.3;26.2;0;0.0;0.0;0.0;0.0;0.0;0;P1;Ensoleillé;1018.4;980.9;0;0;0;0;51220.0;0.26;2.68;4.5;28.8;299;28.8;24.9;21.2;19.3;0.048;0.11;0.159;0.24;0.262
Rogliano;42.95;9.41;28/05/2026;12:00;27.4;24;5.1;27.1;0;0.0;0.0;0.0;0.0;0.0;0;P1;Ensoleillé;1018.8;981.3;0;0;0;0;51080.0;0.27;2.78;5.9;32.4;313;29.7;26.1;21.6;19.3;0.046;0.109;0.158;0.239;0.262
Rogliano;42.95;9.41;28/05/2026;13:00;27.5;28;7.4;28.1;0;0.0;0.0;0.0;0.0;0.0;0;P1;Ensoleillé;1018.9;981.4;0;0;0;0;47920.0;0.25;2.65;5.9;29.5;322;30.2;27.0;22.1;19.3;0.045;0.109;0.158;0.238;0.262
Rogliano;42.95;9.41;28/05/2026;14:00;27.1;34;9.9;28.3;0;0.0;0.0;0.0;0.0;0.0;1;P2;Éclaircies;1018.6;981.1;43;0;43;0;44300.0;0.23;2.37;6.4;28.4;308;30.2;27.5;22.6;19.4;0.044;0.109;0.157;0.238;0.261
Rogliano;42.95;9.41;28/05/2026;15:00;26.4;35;9.7;26.9;0;0.0;0.0;0.0;0.0;0.0;1;P2;Éclaircies;1018.3;980.7;41;0;41;0;43840.0;0.22;2.24;7.6;32.0;289;29.1;27.5;23.1;19.4;0.044;0.108;0.157;0.237;0.261
Rogliano;42.95;9.41;28/05/2026;16:00;25.9;37;10.1;26.0;0;0.0;0.0;0.0;0.0;0.0;2;P8;Éclaircies;1018.3;980.6;47;0;47;0;43160.0;0.19;2.11;7.5;32.0;287;28.5;27.2;23.5;19.4;0.043;0.108;0.157;0.237;0.261
Rogliano;42.95;9.41;28/05/2026;17:00;24.8;46;12.4;24.6;0;0.0;0.0;0.0;0.0;0.0;2;P8;Éclaircies;1018.1;980.3;39;0;39;0;41460.0;0.16;1.7;9.0;31.7;268;26.6;26.5;23.7;19.5;0.043;0.108;0.157;0.236;0.261
Rogliano;42.95;9.41;28/05/2026;18:00;24.3;46;11.9;23.7;0;0.0;0.0;0.0;0.0;0.0;1;P2;Éclaircies;1017.8;980.0;28;19;13;0;41360.0;0.12;1.64;8.3;33.1;265;25.5;25.9;23.8;19.5;0.043;0.108;0.157;0.236;0.261
Rogliano;42.95;9.41;28/05/2026;19:00;23.5;45;10.9;22.8;10;0.0;0.0;0.0;0.0;0.0;1;P2;Éclaircies;1017.4;979.5;39;20;32;2;41800.0;0.09;1.6;6.9;32.4;261;24.1;25.1;23.8;19.6;0.043;0.108;0.157;0.236;0.261
Rogliano;42.95;9.41;28/05/2026;20:00;22.3;50;11.4;22.0;5;0.0;0.0;0.0;0.0;0.0;3;P4;Nuageux;1017.6;979.5;100;0;35;100;41220.0;0.06;1.35;5.2;29.9;258;22.2;24.1;23.7;19.6;0.043;0.108;0.157;0.235;0.261
Rogliano;42.95;9.41;28/05/2026;21:00;20.3;70;14.7;21.2;13;0.8;0.0;0.8;0.0;0.0;80;P9;Averses;1018.0;979.7;100;12;52;100;38180.0;0.05;0.72;4.5;27.0;299;20.5;22.8;23.5;19.6;0.13;0.108;0.157;0.235;0.261
Rogliano;42.95;9.41;28/05/2026;22:00;19.5;78;15.6;21.0;23;0.2;0.0;0.2;0.0;0.0;80;P9;Averses;1018.2;979.8;100;0;49;100;35120.0;0.04;0.5;3.4;28.4;198;19.9;21.7;23.2;19.7;0.148;0.11;0.157;0.235;0.261
Rogliano;42.95;9.41;28/05/2026;23:00;19.1;68;13.1;19.5;15;0.4;0.0;0.4;0.0;0.0;80;P9;Averses;1018.3;979.8;100;0;78;100;38440.0;0.03;0.71;3.6;19.4;143;19.3;21.1;22.8;19.7;0.173;0.113;0.157;0.235;0.261
Rogliano;42.95;9.41;29/05/2026;00:00;18.5;70;12.9;18.7;23;0.4;0.0;0.4;0.0;0.0;80;P9;Averses;1019.1;980.5;100;0;65;100;38200.0;0.04;0.64;4.8;15.5;283;18.7;20.4;22.4;19.7;0.196;0.119;0.157;0.235;0.261
Rogliano;42.95;9.41;29/05/2026;01:00;19.1;69;13.3;19.8;28;0.0;0.0;0.0;0.0;0.0;3;P4;Nuageux;1018.8;980.3;100;0;94;100;40080.0;0.03;0.69;2.5;21.2;180;18.9;20.0;22.0;19.7;0.182;0.125;0.157;0.235;0.261
Rogliano;42.95;9.41;29/05/2026;02:00;19.4;63;12.2;19.7;55;0.0;0.0;0.0;0.0;0.0;3;P4;Nuageux;1018.7;980.2;100;0;55;100;40780.0;0.02;0.84;3.0;12.6;256;18.7;19.8;21.6;19.7;0.173;0.129;0.158;0.235;0.261
Rogliano;42.95;9.41;29/05/2026;03:00;19.7;61;12.0;19.7;68;0.1;0.0;0.1;0.0;0.0;3;P4;Nuageux;1018.1;979.7;100;0;53;100;40900.0;0.02;0.9;4.4;9.0;99;18.8;19.6;21.3;19.7;0.174;0.133;0.158;0.235;0.261
Rogliano;42.95;9.41;29/05/2026;04:00;18.1;70;12.6;17.6;48;0.0;0.0;0.0;0.0;0.0;3;P4;Nuageux;1018.0;979.4;100;0;61;100;38820.0;0.07;0.63;9.0;22.3;92;18.0;19.1;21.0;19.7;0.168;0.135;0.158;0.235;0.261
Rogliano;42.95;9.41;29/05/2026;05:00;18.5;79;14.8;18.4;35;0.4;0.0;0.4;0.0;0.0;80;P9;Averses;1018.7;980.1;88;0;82;75;35220.0;0.1;0.45;11.3;26.3;83;18.4;18.8;20.7;19.7;0.195;0.14;0.158;0.235;0.261
Rogliano;42.95;9.41;29/05/2026;06:00;18.1;86;15.8;18.8;33;0.1;0.0;0.1;0.0;0.0;3;P4;Nuageux;1019.1;980.4;100;0;23;100;28220.0;0.05;0.29;9.0;25.2;92;18.4;18.8;20.4;19.7;0.192;0.146;0.158;0.234;0.261
Rogliano;42.95;9.41;29/05/2026;07:00;18.8;83;15.9;19.1;15;0.0;0.0;0.0;0.0;0.0;3;P4;Nuageux;1020.1;981.5;99;0;42;99;30680.0;0.07;0.37;11.9;28.8;88;19.2;18.9;20.2;19.7;0.181;0.15;0.158;0.234;0.261
Rogliano;42.95;9.41;29/05/2026;08:00;20.2;75;15.6;20.6;18;0.0;0.0;0.0;0.0;0.0;3;P4;Nuageux;1019.4;981.0;100;0;0;100;36640.0;0.14;0.59;10.2;33.5;108;20.1;19.3;20.0;19.7;0.172;0.152;0.159;0.234;0.261
Rogliano;42.95;9.41;29/05/2026;09:00;22.1;66;15.5;23.1;5;0.0;0.0;0.0;0.0;0.0;3;P4;Nuageux;1019.7;981.5;100;0;0;100;39520.0;0.22;0.91;6.5;29.5;87;22.2;20.2;20.0;19.7;0.165;0.154;0.158;0.234;0.26
Rogliano;42.95;9.41;29/05/2026;10:00;22.7;63;15.3;23.5;5;0.0;0.0;0.0;0.0;0.0;3;P4;Nuageux;1020.1;982.0;100;0;0;100;39640.0;0.31;1.02;7.3;25.6;101;23.4;21.1;20.0;19.7;0.157;0.154;0.158;0.233;0.26
Rogliano;42.95;9.41;29/05/2026;11:00;22.9;63;15.5;23.1;5;0.0;0.0;0.0;0.0;0.0;3;P4;Nuageux;1020.9;982.8;90;0;81;74;39260.0;0.3;1.03;11.5;31.0;76;23.4;21.9;20.2;19.6;0.15;0.153;0.158;0.233;0.26
Rogliano;42.95;9.41;29/05/2026;12:00;24.1;58;15.3;25.6;5;0.0;0.0;0.0;0.0;0.0;3;P4;Nuageux;1020.8;982.8;92;0;17;85;39780.0;0.3;1.26;10.5;31.0;86;26.5;23.1;20.5;19.6;0.142;0.153;0.158;0.232;0.26
Rogliano;42.95;9.41;29/05/2026;13:00;24.9;54;15.0;26.8;10;0.0;0.0;0.0;0.0;0.0;3;P4;Nuageux;1020.9;983.0;90;0;0;90;40540.0;0.3;1.45;10.7;31.0;78;27.2;24.3;20.8;19.6;0.134;0.151;0.158;0.231;0.26
Rogliano;42.95;9.41;29/05/2026;14:00;24.9;59;16.3;26.9;0;0.0;0.0;0.0;0.0;0.0;2;P8;Éclaircies;1020.7;982.8;78;0;68;49;39480.0;0.26;1.29;10.7;32.0;76;27.3;24.8;21.3;19.6;0.126;0.15;0.157;0.231;0.259
Rogliano;42.95;9.41;29/05/2026;15:00;25.0;60;16.7;27.2;0;0.0;0.0;0.0;0.0;0.0;1;P2;Éclaircies;1020.6;982.8;42;0;42;21;38780.0;0.24;1.27;11.7;31.7;81;27.5;25.3;21.7;19.6;0.12;0.149;0.157;0.23;0.259
Rogliano;42.95;9.41;29/05/2026;16:00;25.3;55;15.7;27.1;0;0.0;0.0;0.0;0.0;0.0;1;P2;Éclaircies;1020.4;982.6;20;0;9;14;40120.0;0.22;1.46;9.7;32.4;94;27.6;25.5;22.0;19.6;0.114;0.148;0.157;0.23;0.259
Rogliano;42.95;9.41;29/05/2026;17:00;25.6;52;15.0;26.6;0;0.0;0.0;0.0;0.0;0.0;2;P8;Éclaircies;1020.0;982.2;72;0;9;66;40760.0;0.21;1.58;8.3;27.7;92;26.9;25.6;22.4;19.7;0.109;0.146;0.157;0.229;0.259
Rogliano;42.95;9.41;29/05/2026;18:00;25.0;52;14.5;25.3;0;0.0;0.0;0.0;0.0;0.0;1;P2;Éclaircies;1019.8;982.0;42;0;32;12;40780.0;0.17;1.52;8.6;24.8;92;25.8;25.2;22.7;19.7;0.105;0.145;0.157;0.229;0.259
Rogliano;42.95;9.41;29/05/2026;19:00;24.2;55;14.6;24.6;0;0.0;0.0;0.0;0.0;0.0;0;P1;Ensoleillé;1020.0;982.1;1;0;1;0;40640.0;0.12;1.36;8.0;24.8;100;24.3;24.5;22.8;19.7;0.102;0.144;0.157;0.229;0.259
Rogliano;42.95;9.41;29/05/2026;20:00;23.2;60;15.1;23.9;0;0.0;0.0;0.0;0.0;0.0;1;P2;Éclaircies;1019.9;981.9;19;0;0;19;40160.0;0.08;1.14;6.8;24.5;108;22.6;23.6;22.8;19.7;0.101;0.143;0.157;0.229;0.259
Rogliano;42.95;9.41;29/05/2026;21:00;21.3;70;15.7;22.4;0;0.0;0.0;0.0;0.0;0.0;1;P2;Éclaircies;1019.9;981.6;33;0;1;33;37680.0;0.05;0.76;6.0;22.7;107;21.0;22.5;22.7;19.7;0.101;0.142;0.157;0.229;0.259
Rogliano;42.95;9.41;29/05/2026;22:00;20.0;76;15.7;21.1;0;0.0;0.0;0.0;0.0;0.0;0;P1;Ensoleillé;1020.2;981.7;3;0;0;3;35040.0;0.03;0.56;6.2;20.5;111;20.2;21.5;22.5;19.8;0.102;0.142;0.157;0.229;0.259
Rogliano;42.95;9.41;29/05/2026;23:00;19.6;78;15.7;20.6;0;0.0;0.0;0.0;0.0;0.0;1;P2;Éclaircies;1020.5;982.0;32;0;0;32;33760.0;0.03;0.5;6.6;20.9;112;19.8;20.9;22.2;19.8;0.103;0.141;0.157;0.228;0.259
Rogliano;42.95;9.41;30/05/2026;00:00;19.6;73;14.6;20.1;0;0.0;0.0;0.0;0.0;0.0;1;P2;Éclaircies;1020.6;982.1;18;0;0;18;36440.0;0.03;0.62;7.0;23.0;111;19.9;21.0;22.5;20.0;0.065;0.108;0.155;0.228;0.258
Rogliano;42.95;9.41;30/05/2026;01:00;19.3;72;14.2;19.7;0;0.0;0.0;0.0;0.0;0.0;0;P1;Ensoleillé;1020.5;981.9;0;0;0;0;37000.0;0.03;0.63;7.2;22.0;108;19.6;20.7;22.2;20.0;0.065;0.108;0.155;0.228;0.258
Rogliano;42.95;9.41;30/05/2026;02:00;19.5;72;14.3;19.6;0;0.0;0.0;0.0;0.0;0.0;1;P2;Éclaircies;1020.4;981.9;7;0;0;7;37140.0;0.03;0.63;8.7;24.5;97;19.8;20.5;21.9;20.0;0.065;0.108;0.156;0.228;0.258
Rogliano;42.95;9.41;30/05/2026;03:00;19.5;80;16.0;20.3;0;0.0;0.0;0.0;0.0;0.0;0;P1;Ensoleillé;1020.1;981.6;0;0;0;0;33280.0;0.03;0.45;8.8;25.9;102;19.7;20.3;21.6;20.0;0.065;0.108;0.156;0.228;0.258
Rogliano;42.95;9.41;30/05/2026;04:00;19.4;79;15.7;20.2;0;0.0;0.0;0.0;0.0;0.0;0;P1;Ensoleillé;1019.8;981.3;0;0;0;0;33300.0;0.02;0.47;8.2;25.9;105;19.6;20.2;21.4;20.0;0.065;0.108;0.156;0.228;0.258
Rogliano;42.95;9.41;30/05/2026;05:00;19.5;74;14.7;19.9;0;0.0;0.0;0.0;0.0;0.0;0;P1;Ensoleillé;1019.5;981.0;0;0;0;0;36300.0;0.03;0.59;8.2;27.4;113;19.5;20.0;21.1;20.0;0.066;0.108;0.156;0.228;0.258
Rogliano;42.95;9.41;30/05/2026;06:00;19.4;72;14.2;19.6;0;0.0;0.0;0.0;0.0;0.0;0;P1;Ensoleillé;1019.7;981.2;0;0;0;0;37300.0;0.03;0.63;7.8;28.4;112;19.3;19.8;20.9;20.0;0.066;0.108;0.156;0.228;0.258
Rogliano;42.95;9.41;30/05/2026;07:00;20.1;72;14.9;20.8;0;0.0;0.0;0.0;0.0;0.0;0;P1;Ensoleillé;1019.8;981.4;0;0;0;0;37240.0;0.05;0.66;6.9;28.4;118;20.3;19.9;20.7;20.0;0.066;0.108;0.156;0.228;0.258
Rogliano;42.95;9.41;30/05/2026;08:00;22.8;70;17.0;24.5;0;0.0;0.0;0.0;0.0;0.0;0;P1;Ensoleillé;1019.9;981.8;0;0;0;0;37760.0;0.09;0.83;5.2;27.4;106;23.0;20.7;20.6;20.0;0.066;0.108;0.156;0.227;0.258
Rogliano;42.95;9.41;30/05/2026;09:00;24.9;56;15.6;26.0;0;0.0;0.0;0.0;0.0;0.0;0;P1;Ensoleillé;1020.1;982.3;0;0;0;0;40420.0;0.18;1.39;5.4;24.8;86;25.1;22.2;20.7;19.9;0.065;0.108;0.156;0.227;0.258
Rogliano;42.95;9.41;30/05/2026;10:00;25.9;54;15.9;27.1;0;0.0;0.0;0.0;0.0;0.0;0;P1;Ensoleillé;1019.9;982.2;0;0;0;0;40520.0;0.26;1.54;6.2;25.2;97;27.2;23.5;20.9;19.9;0.064;0.108;0.155;0.226;0.258
Rogliano;42.95;9.41;30/05/2026;11:00;27.2;50;15.9;29.5;0;0.0;0.0;0.0;0.0;0.0;0;P1;Ensoleillé;1020.0;982.4;0;0;0;0;40840.0;0.27;1.8;5.2;25.2;102;29.4;25.1;21.3;19.9;0.062;0.107;0.155;0.226;0.258
Rogliano;42.95;9.41;30/05/2026;12:00;28.3;46;15.6;31.4;0;0.0;0.0;0.0;0.0;0.0;0;P1;Ensoleillé;1019.8;982.4;0;0;0;0;41200.0;0.27;2.08;4.2;22.3;110;30.7;26.5;21.8;19.9;0.059;0.107;0.154;0.225;0.257
Rogliano;42.95;9.41;30/05/2026;13:00;29.0;42;14.8;32.5;0;0.0;0.0;0.0;0.0;0.0;1;P2;Éclaircies;1019.6;982.3;6;6;0;0;41760.0;0.26;2.33;2.7;16.9;67;31.4;27.5;22.3;19.9;0.057;0.107;0.154;0.224;0.257
Rogliano;42.95;9.41;30/05/2026;14:00;28.9;44;15.4;32.6;3;0.0;0.0;0.0;0.0;0.0;1;P2;Éclaircies;1019.2;981.9;29;29;0;0;41840.0;0.23;2.23;3.4;10.4;18;30.9;27.9;22.9;20.0;0.055;0.106;0.153;0.224;0.257
Rogliano;42.95;9.41;30/05/2026;15:00;28.4;44;15.0;31.8;3;0.0;0.0;0.0;0.0;0.0;2;P8;Éclaircies;1018.6;981.2;39;39;0;0;41660.0;0.19;2.17;2.1;11.5;301;30.5;27.9;23.4;20.0;0.053;0.106;0.153;0.223;0.257
Rogliano;42.95;9.41;30/05/2026;16:00;26.7;56;17.2;29.6;3;0.0;0.0;0.0;0.0;0.0;0;P1;Ensoleillé;1018.5;980.9;0;0;0;0;39860.0;0.17;1.54;6.2;18.7;280;29.3;28.1;23.8;20.0;0.052;0.106;0.153;0.223;0.256
Rogliano;42.95;9.41;30/05/2026;17:00;26.0;56;16.5;27.9;3;0.0;0.0;0.0;0.0;0.0;1;P2;Éclaircies;1018.2;980.6;32;0;0;32;40160.0;0.15;1.48;6.9;18.4;276;28.3;27.6;24.1;20.0;0.051;0.106;0.152;0.222;0.256
Rogliano;42.95;9.41;30/05/2026;18:00;25.0;57;15.9;26.1;2;0.0;0.0;0.0;0.0;0.0;3;P4;Nuageux;1018.0;980.3;100;0;0;100;40100.0;0.11;1.37;6.6;18.4;257;26.6;27.0;24.3;20.1;0.05;0.106;0.152;0.222;0.256
Rogliano;42.95;9.41;30/05/2026;19:00;23.6;62;15.9;24.6;1;0.0;0.0;0.0;0.0;0.0;3;P4;Nuageux;1017.8;979.9;100;0;0;100;39200.0;0.07;1.11;7.1;20.2;255;24.3;25.8;24.4;20.1;0.05;0.106;0.152;0.222;0.256
Rogliano;42.95;9.41;30/05/2026;20:00;22.4;70;16.7;23.8;0;0.0;0.0;0.0;0.0;0.0;3;P4;Nuageux;1017.8;979.7;100;0;0;100;36820.0;0.04;0.81;6.6;22.3;248;22.6;24.6;24.3;20.2;0.05;0.105;0.152;0.222;0.256
Rogliano;42.95;9.41;30/05/2026;21:00;21.3;77;17.1;22.9;0;0.0;0.0;0.0;0.0;0.0;3;P4;Nuageux;1017.6;979.4;100;0;0;100;33820.0;0.03;0.58;6.4;22.3;232;21.4;23.5;24.1;20.2;0.05;0.105;0.152;0.222;0.256
Rogliano;42.95;9.41;30/05/2026;22:00;20.8;81;17.5;22.6;0;0.0;0.0;0.0;0.0;0.0;3;P4;Nuageux;1017.8;979.5;100;0;0;100;31720.0;0.02;0.47;6.1;23.8;220;21.0;22.7;23.8;20.2;0.051;0.105;0.152;0.222;0.256
Rogliano;42.95;9.41;30/05/2026;23:00;20.6;81;17.2;22.4;0;0.0;0.0;0.0;0.0;0.0;3;P4;Nuageux;1017.9;979.6;100;0;0;100;31640.0;0.02;0.46;5.6;24.8;230;20.6;22.1;23.5;20.2;0.052;0.105;0.153;0.222;0.256
Rogliano;42.95;9.41;31/05/2026;00:00;20.2;81;16.9;21.9;0;0.0;0.0;0.0;0.0;0.0;3;P4;Nuageux;1017.8;979.5;98;0;76;96;31980.0;0.02;0.45;5.1;26.3;219;20.0;21.6;23.1;20.3;0.052;0.105;0.153;0.222;0.256
Rogliano;42.95;9.41;31/05/2026;01:00;20.1;79;16.4;21.5;0;0.0;0.0;0.0;0.0;0.0;3;P4;Nuageux;1017.7;979.3;99;0;76;96;33440.0;0.02;0.5;5.9;29.5;232;20.0;21.2;22.8;20.3;0.053;0.105;0.153;0.222;0.256
Rogliano;42.95;9.41;31/05/2026;02:00;20.0;83;17.0;21.5;0;0.0;0.0;0.0;0.0;0.0;3;P4;Nuageux;1017.6;979.2;91;0;5;88;30360.0;0.02;0.4;6.7;34.2;234;19.9;21.0;22.5;20.3;0.053;0.105;0.153;0.222;0.256
Rogliano;42.95;9.41;31/05/2026;03:00;20.0;82;16.9;21.3;0;0.0;0.0;0.0;0.0;0.0;3;P4;Nuageux;1017.3;979.0;100;0;53;100;30520.0;0.02;0.42;7.8;38.9;236;20.0;20.8;22.2;20.3;0.054;0.105;0.153;0.222;0.256
Rogliano;42.95;9.41;31/05/2026;04:00;20.2;75;15.7;21.0;0;0.0;0.0;0.0;0.0;0.0;3;P4;Nuageux;1017.1;978.8;86;0;79;83;35720.0;0.02;0.59;7.9;40.3;231;19.8;20.7;21.9;20.3;0.055;0.105;0.153;0.221;0.256
Rogliano;42.95;9.41;31/05/2026;05:00;20.1;72;14.9;20.7;0;0.0;0.0;0.0;0.0;0.0;2;P8;Éclaircies;1016.7;978.4;76;0;76;0;37360.0;0.03;0.66;7.4;40.3;231;19.6;20.5;21.7;20.3;0.055;0.105;0.153;0.221;0.256
Rogliano;42.95;9.41;31/05/2026;06:00;20.0;72;14.8;20.6;0;0.0;0.0;0.0;0.0;0.0;2;P8;Éclaircies;1016.6;978.3;66;2;64;0;37540.0;0.03;0.65;6.9;38.5;223;19.5;20.2;21.4;20.3;0.056;0.105;0.153;0.221;0.256
Rogliano;42.95;9.41;31/05/2026;07:00;20.5;71;15.1;21.5;0;0.0;0.0;0.0;0.0;0.0;1;P2;Éclaircies;1016.7;978.4;28;23;10;0;37880.0;0.05;0.7;5.1;36.7;219;20.5;20.2;21.2;20.3;0.056;0.105;0.153;0.221;0.256
Rogliano;42.95;9.41;31/05/2026;08:00;22.4;65;15.5;23.5;0;0.0;0.0;0.0;0.0;0.0;1;P2;Éclaircies;1016.8;978.8;19;18;1;0;39400.0;0.09;0.95;5.4;32.4;228;22.7;21.0;21.1;20.3;0.056;0.105;0.153;0.221;0.256
Rogliano;42.95;9.41;31/05/2026;09:00;23.8;57;14.8;24.4;0;0.0;0.0;0.0;0.0;0.0;1;P2;Éclaircies;1017.0;979.1;22;18;3;0;40100.0;0.19;1.27;6.4;34.9;243;24.3;22.1;21.1;20.3;0.056;0.105;0.153;0.221;0.256
Rogliano;42.95;9.41;31/05/2026;10:00;24.6;53;14.4;24.9;0;0.0;0.0;0.0;0.0;0.0;1;P2;Éclaircies;1017.1;979.3;19;18;2;0;40220.0;0.26;1.46;8.3;37.4;265;26.0;23.1;21.2;20.2;0.055;0.105;0.152;0.22;0.255
Rogliano;42.95;9.41;31/05/2026;11:00;24.9;55;15.3;26.1;0;0.0;0.0;0.0;0.0;0.0;1;P2;Éclaircies;1017.5;979.8;30;29;1;0;39900.0;0.26;1.42;10.4;41.8;268;26.8;24.1;21.5;20.2;0.054;0.105;0.152;0.219;0.255
Rogliano;42.95;9.41;31/05/2026;12:00;25.1;55;15.5;26.7;4;0.0;0.0;0.0;0.0;0.0;1;P2;Éclaircies;1017.7;980.0;29;28;1;0;40080.0;0.24;1.44;12.0;44.6;263;27.4;24.8;21.8;20.2;0.053;0.104;0.151;0.219;0.255
Rogliano;42.95;9.41;31/05/2026;13:00;25.4;52;14.9;27.1;5;0.0;0.0;0.0;0.0;0.0;1;P2;Éclaircies;1017.5;979.8;10;10;0;0;40340.0;0.23;1.56;12.4;44.6;260;28.0;25.4;22.1;20.2;0.052;0.104;0.151;0.218;0.255
Rogliano;42.95;9.41;31/05/2026;14:00;25.5;52;14.9;27.2;5;0.0;0.0;0.0;0.0;0.0;0;P1;Ensoleillé;1017.2;979.5;0;0;0;0;40160.0;0.22;1.57;12.8;45.4;260;28.0;25.8;22.5;20.2;0.05;0.104;0.15;0.218;0.254
Rogliano;42.95;9.41;31/05/2026;15:00;25.6;51;14.7;27.2;5;0.0;0.0;0.0;0.0;0.0;0;P1;Ensoleillé;1016.6;979.0;0;0;0;0;40360.0;0.2;1.61;11.7;44.6;261;28.1;26.0;22.8;20.3;0.049;0.104;0.15;0.217;0.254
Rogliano;42.95;9.41;31/05/2026;16:00;25.4;51;14.5;26.6;5;0.0;0.0;0.0;0.0;0.0;0;P1;Ensoleillé;1015.9;978.3;0;0;0;0;40580.0;0.18;1.59;10.9;41.4;262;27.6;26.1;23.1;20.3;0.048;0.104;0.15;0.217;0.254
Rogliano;42.95;9.41;31/05/2026;17:00;24.7;55;15.1;25.4;4;0.0;0.0;0.0;0.0;0.0;0;P1;Ensoleillé;1015.5;977.8;0;0;0;0;40360.0;0.16;1.4;11.3;42.5;263;26.3;25.8;23.4;20.3;0.048;0.103;0.15;0.217;0.254
Rogliano;42.95;9.41;31/05/2026;18:00;23.8;61;15.9;24.1;4;0.0;0.0;0.0;0.0;0.0;0;P1;Ensoleillé;1015.5;977.7;0;0;0;0;39480.0;0.12;1.15;11.8;47.9;258;25.0;25.2;23.5;20.3;0.047;0.103;0.149;0.216;0.254
Rogliano;42.95;9.41;31/05/2026;19:00;23.1;64;15.9;23.6;3;0.0;0.0;0.0;0.0;0.0;0;P1;Ensoleillé;1015.2;977.3;0;0;0;0;39080.0;0.08;1.02;10.3;48.6;245;23.7;24.5;23.5;20.3;0.047;0.103;0.149;0.216;0.254
Rogliano;42.95;9.41;31/05/2026;20:00;22.6;63;15.2;23.5;3;0.0;0.0;0.0;0.0;0.0;0;P1;Ensoleillé;1015.1;977.2;0;0;0;0;39380.0;0.05;1.02;6.5;46.8;236;22.5;23.7;23.5;20.4;0.047;0.103;0.149;0.216;0.254
Rogliano;42.95;9.41;31/05/2026;21:00;21.5;72;16.3;23.2;3;0.0;0.0;0.0;0.0;0.0;1;P2;Éclaircies;1015.1;977.0;3;0;0;3;33860.0;0.03;0.72;3.4;43.2;212;21.5;22.8;23.3;20.4;0.047;0.103;0.149;0.216;0.254
Rogliano;42.95;9.41;31/05/2026;22:00;20.3;83;17.3;22.5;3;0.0;0.0;0.0;0.0;0.0;1;P2;Éclaircies;1015.1;976.9;5;0;0;5;28340.0;0.03;0.4;3.1;37.4;126;20.6;21.9;23.0;20.4;0.048;0.103;0.15;0.216;0.254
Rogliano;42.95;9.41;31/05/2026;23:00;19.3;90;17.7;21.3;3;0.0;0.0;0.0;0.0;0.0;1;P2;Éclaircies;1015.0;976.6;8;0;0;8;22820.0;0.02;0.22;5.5;33.1;101;19.9;21.2;22.7;20.4;0.049;0.103;0.15;0.216;0.254
Rogliano;42.95;9.41;01/06/2026;00:00;18.9;88;16.9;20.4;3;0.0;0.0;0.0;0.0;0.0;3;P4;Nuageux;1014.7;976.3;37;0;0;37;26360.0;0.01;0.26;6.6;32.4;99;19.5;20.7;22.4;20.4;0.05;0.103;0.15;0.216;0.254
Rogliano;42.95;9.41;01/06/2026;01:00;18.8;81;15.5;19.8;3;0.0;0.0;0.0;0.0;0.0;3;P4;Nuageux;1014.4;976.0;66;0;0;66;29880.0;0.01;0.41;6.3;33.1;103;19.4;20.4;22.1;20.4;0.05;0.103;0.15;0.216;0.254
Rogliano;42.95;9.41;01/06/2026;02:00;18.9;77;14.8;19.6;3;0.0;0.0;0.0;0.0;0.0;3;P4;Nuageux;1014.0;975.6;95;0;0;95;33420.0;0.01;0.5;6.4;33.8;106;19.4;20.2;21.8;20.4;0.051;0.103;0.15;0.216;0.254
Rogliano;42.95;9.41;01/06/2026;03:00;19.0;79;15.3;19.8;3;0.0;0.0;0.0;0.0;0.0;3;P4;Nuageux;1013.6;975.3;97;1;8;97;31740.0;0.01;0.46;6.5;34.2;109;19.4;20.1;21.5;20.4;0.052;0.103;0.15;0.216;0.254
Rogliano;42.95;9.41;01/06/2026;04:00;19.3;83;16.3;20.5;3;0.0;0.0;0.0;0.0;0.0;3;P4;Nuageux;1013.2;974.9;98;1;15;98;30040.0;0.02;0.38;7.0;34.2;111;19.4;20.1;21.3;20.4;0.052;0.103;0.15;0.216;0.254
Rogliano;42.95;9.41;01/06/2026;05:00;19.7;85;17.1;21.2;3;0.0;0.0;0.0;0.0;0.0;3;P4;Nuageux;1012.9;974.7;100;2;23;100;28360.0;0.02;0.34;7.0;34.2;111;19.8;20.1;21.1;20.4;0.053;0.103;0.15;0.216;0.254
Rogliano;42.95;9.41;01/06/2026;06:00;20.3;84;17.5;22.0;3;0.0;0.0;0.0;0.0;0.0;3;P4;Nuageux;1012.8;974.7;99;4;38;98;29760.0;0.02;0.38;6.8;33.8;108;20.5;20.2;20.9;20.4;0.053;0.103;0.15;0.216;0.254
Rogliano;42.95;9.41;01/06/2026;07:00;21.0;81;17.7;22.8;3;0.0;0.0;0.0;0.0;0.0;3;P4;Nuageux;1012.8;974.7;99;5;52;95;31180.0;0.02;0.47;6.7;33.1;106;21.4;20.3;20.7;20.3;0.054;0.103;0.15;0.215;0.254
Rogliano;42.95;9.41;01/06/2026;08:00;21.8;78;17.8;23.7;3;0.0;0.0;0.0;0.0;0.0;3;P4;Nuageux;1012.9;974.9;98;7;67;93;32580.0;0.04;0.58;6.6;33.1;103;22.6;20.7;20.7;20.3;0.054;0.103;0.15;0.215;0.254
Rogliano;42.95;9.41;01/06/2026;09:00;22.8;77;18.6;25.1;3;0.0;0.0;0.0;0.0;0.0;1;P2;Éclaircies;1013.0;975.2;80;19;45;62;32120.0;0.08;0.64;6.2;35.3;97;24.2;21.7;20.8;20.3;0.054;0.103;0.15;0.215;0.254
Rogliano;42.95;9.41;01/06/2026;10:00;23.8;77;19.5;26.6;2;0.0;0.0;0.0;0.0;0.0;1;P2;Éclaircies;1013.1;975.4;62;31;22;32;31660.0;0.14;0.68;5.8;37.8;90;26.0;23.1;20.9;20.3;0.054;0.102;0.149;0.214;0.253
Rogliano;42.95;9.41;01/06/2026;11:00;24.7;74;19.8;28.4;2;0.0;0.0;0.0;0.0;0.0;1;P2;Éclaircies;1013.2;975.6;44;43;0;1;31200.0;0.18;0.81;5.1;37.8;82;27.5;24.3;21.2;20.3;0.053;0.102;0.149;0.214;0.253
Rogliano;42.95;9.41;01/06/2026;12:00;25.6;66;18.8;29.8;1;0.0;0.0;0.0;0.0;0.0;1;P2;Éclaircies;1013.2;975.7;36;33;0;2;34420.0;0.2;1.12;4.0;31.3;63;28.7;25.4;21.6;20.3;0.052;0.102;0.148;0.213;0.253
Rogliano;42.95;9.41;01/06/2026;13:00;26.5;56;17.0;30.5;0;0.0;0.0;0.0;0.0;0.0;1;P2;Éclaircies;1013.1;975.7;27;24;0;4;37640.0;0.21;1.52;3.4;22.3;32;29.6;26.3;22.1;20.3;0.051;0.102;0.148;0.213;0.252
Rogliano;42.95;9.41;01/06/2026;14:00;26.9;50;15.6;30.4;0;0.0;0.0;0.0;0.0;0.0;1;P2;Éclaircies;1013.0;975.7;19;14;0;5;40860.0;0.21;1.77;4.0;16.6;355;29.9;27.0;22.6;20.3;0.05;0.102;0.147;0.212;0.252
Rogliano;42.95;9.41;01/06/2026;15:00;26.7;49;15.1;29.5;0;0.0;0.0;0.0;0.0;0.0;0;P1;Ensoleillé;1012.8;975.4;13;10;0;3;40460.0;0.21;1.79;6.1;17.3;332;29.5;27.3;23.1;20.3;0.049;0.102;0.147;0.212;0.252
Rogliano;42.95;9.41;01/06/2026;16:00;26.0;52;15.4;28.1;0;0.0;0.0;0.0;0.0;0.0;0;P1;Ensoleillé;1012.6;975.2;7;5;0;2;40040.0;0.21;1.62;8.7;21.6;322;28.6;27.4;23.5;20.3;0.048;0.101;0.146;0.211;0.252
Rogliano;42.95;9.41;01/06/2026;17:00;25.1;57;16.0;26.5;0;0.0;0.0;0.0;0.0;0.0;0;P1;Ensoleillé;1012.4;974.9;1;1;0;0;39640.0;0.19;1.37;9.9;27.0;314;27.3;27.1;23.9;20.4;0.047;0.101;0.146;0.211;0.252
Rogliano;42.95;9.41;01/06/2026;18:00;23.8;65;16.8;24.8;0;0.0;0.0;0.0;0.0;0.0;1;P2;Éclaircies;1012.3;974.6;6;4;0;2;36080.0;0.15;1.03;9.3;33.8;298;25.5;26.2;24.0;20.4;0.047;0.101;0.146;0.211;0.252
Rogliano;42.95;9.41;01/06/2026;19:00;22.2;75;17.6;23.7;0;0.0;0.0;0.0;0.0;0.0;1;P2;Éclaircies;1012.4;974.5;10;7;0;4;32500.0;0.11;0.67;8.7;41.8;275;23.4;25.0;24.1;20.4;0.047;0.101;0.146;0.211;0.252
Rogliano;42.95;9.41;01/06/2026;20:00;21.1;80;17.6;22.5;0;0.0;0.0;0.0;0.0;0.0;1;P2;Éclaircies;1012.4;974.4;15;10;0;6;28940.0;0.07;0.5;9.4;49.3;252;21.9;23.9;24.0;20.4;0.047;0.101;0.146;0.211;0.252
Rogliano;42.95;9.41;01/06/2026;21:00;21.1;75;16.5;21.6;0;0.0;0.0;0.0;0.0;0.0;3;P4;Nuageux;1012.5;974.5;43;19;1;37;32840.0;0.05;0.63;11.8;56.5;239;21.4;23.2;23.8;20.5;0.047;0.101;0.146;0.211;0.252
Rogliano;42.95;9.41;01/06/2026;22:00;21.6;65;14.7;21.1;0;0.0;0.0;0.0;0.0;0.0;3;P4;Nuageux;1012.6;974.6;72;27;3;69;36740.0;0.04;0.9;14.1;62.6;232;21.6;22.7;23.5;20.5;0.048;0.101;0.146;0.21;0.251
Rogliano;42.95;9.41;01/06/2026;23:00;22.0;57;13.1;20.7;0;0.0;0.0;0.0;0.0;0.0;3;P4;Nuageux;1012.7;974.8;100;36;4;100;40640.0;0.04;1.14;15.8;66.2;229;21.8;22.3;23.2;20.5;0.048;0.101;0.146;0.21;0.251
Rogliano;42.95;9.41;02/06/2026;00:00;22.1;54;12.4;20.6;0;0.0;0.0;0.0;0.0;0.0;2;P8;Éclaircies;1012.8;974.9;81;24;8;76;40840.0;0.04;1.22;15.6;64.4;230;21.8;22.2;23.0;20.5;0.048;0.101;0.146;0.21;0.251
Rogliano;42.95;9.41;02/06/2026;01:00;22.0;52;11.7;20.5;0;0.0;0.0;0.0;0.0;0.0;2;P8;Éclaircies;1012.9;975.0;62;12;12;53;41060.0;0.05;1.27;14.4;59.4;233;21.8;22.2;22.8;20.5;0.048;0.101;0.146;0.21;0.251
Rogliano;42.95;9.41;02/06/2026;02:00;22.0;52;11.7;20.6;0;0.0;0.0;0.0;0.0;0.0;2;P8;Éclaircies;1012.9;975.0;43;0;16;29;41260.0;0.06;1.27;13.5;56.2;236;21.7;22.2;22.6;20.5;0.048;0.101;0.146;0.21;0.251
Rogliano;42.95;9.41;02/06/2026;03:00;21.9;52;11.6;20.4;0;0.0;0.0;0.0;0.0;0.0;3;P4;Nuageux;1012.7;974.8;62;4;11;52;41220.0;0.06;1.26;13.5;57.6;236;21.6;22.1;22.4;20.5;0.048;0.101;0.146;0.21;0.251
Rogliano;42.95;9.41;02/06/2026;04:00;21.7;53;11.8;20.3;0;0.0;0.0;0.0;0.0;0.0;3;P4;Nuageux;1012.3;974.4;80;8;5;75;41160.0;0.06;1.22;13.4;60.5;234;21.4;21.9;22.3;20.5;0.048;0.101;0.146;0.21;0.251
Rogliano;42.95;9.41;02/06/2026;05:00;21.6;54;11.9;20.5;0;0.0;0.0;0.0;0.0;0.0;3;P4;Nuageux;1012.1;974.1;99;12;0;98;41120.0;0.06;1.19;12.3;59.8;232;21.4;21.8;22.1;20.5;0.048;0.101;0.146;0.21;0.251
Rogliano;42.95;9.41;02/06/2026;06:00;21.5;57;12.7;21.2;0;0.0;0.0;0.0;0.0;0.0;3;P4;Nuageux;1012.1;974.1;99;8;19;99;40900.0;0.06;1.11;7.9;51.1;231;21.5;21.6;22.0;20.5;0.048;0.101;0.146;0.21;0.251
Rogliano;42.95;9.41;02/06/2026;07:00;21.4;61;13.6;22.2;0;0.0;0.0;0.0;0.0;0.0;3;P4;Nuageux;1012.1;974.1;100;4;37;99;40700.0;0.05;1.0;2.5;38.9;225;21.7;21.4;21.8;20.5;0.049;0.101;0.146;0.21;0.251
Rogliano;42.95;9.41;02/06/2026;08:00;21.7;62;14.1;22.9;0;0.0;0.0;0.0;0.0;0.0;3;P4;Nuageux;1012.2;974.3;100;0;56;100;40480.0;0.06;0.99;1.1;29.5;72;22.3;21.5;21.7;20.5;0.049;0.101;0.146;0.21;0.251
Rogliano;42.95;9.41;02/06/2026;09:00;22.5;59;14.1;23.7;0;0.0;0.0;0.0;0.0;0.0;2;P8;Éclaircies;1012.2;974.4;91;2;60;67;40680.0;0.09;1.12;1.5;26.6;45;23.5;22.2;21.7;20.5;0.049;0.101;0.146;0.209;0.251
Rogliano;42.95;9.41;02/06/2026;10:00;23.7;55;14.1;24.9;1;0.0;0.0;0.0;0.0;0.0;2;P8;Éclaircies;1012.2;974.5;82;5;65;33;40900.0;0.14;1.32;1.0;26.6;315;25.1;23.1;21.7;20.5;0.048;0.1;0.145;0.209;0.251
Rogliano;42.95;9.41;02/06/2026;11:00;24.6;51;13.8;25.5;2;0.0;0.0;0.0;0.0;0.0;2;P8;Éclaircies;1012.2;974.6;73;7;69;0;41100.0;0.18;1.52;2.5;27.7;270;26.6;24.0;21.8;20.5;0.048;0.1;0.145;0.208;0.251
Rogliano;42.95;9.41;02/06/2026;12:00;25.1;53;14.9;26.6;2;0.0;0.0;0.0;0.0;0.0;3;P4;Nuageux;1012.1;974.6;80;6;60;32;40035.0;0.2;1.49;4.4;29.2;228;27.6;24.6;21.8;20.3;0.048;0.098;0.139;0.205;0.252
Rogliano;42.95;9.41;02/06/2026;13:00;25.5;55;15.8;27.8;3;0.0;0.0;0.0;0.0;0.0;3;P4;Nuageux;1011.9;974.4;88;8;48;62;39650.0;0.21;1.47;5.5;29.7;201;28.6;25.2;21.8;20.1;0.049;0.095;0.131;0.202;0.252
Rogliano;42.95;9.41;02/06/2026;14:00;25.9;56;16.3;28.8;3;0.0;0.0;0.0;0.0;0.0;3;P4;Nuageux;1011.7;974.3;96;16;36;90;39920.0;0.21;1.49;4.4;29.8;186;29.1;25.4;21.8;19.9;0.048;0.093;0.124;0.199;0.254
Rogliano;42.95;9.41;02/06/2026;15:00;26.1;56;16.6;29.2;3;0.0;0.0;0.0;0.0;0.0;1;P2;Éclaircies;1011.3;973.9;74;15;33;60;34180.0;0.0;1.49;1.8;32.4;233;28.8;25.3;21.8;19.7;0.049;0.091;0.118;0.196;0.255
Rogliano;42.95;9.41;02/06/2026;16:00;26.0;56;16.5;27.9;4;0.0;0.0;0.0;0.0;0.0;1;P2;Éclaircies;1010.8;973.4;54;7;32;33;28720.0;0.0;1.47;4.4;38.2;279;28.3;25.4;22.2;19.7;0.048;0.091;0.117;0.195;0.254
Rogliano;42.95;9.41;02/06/2026;17:00;25.7;55;15.9;26.7;5;0.0;0.0;0.0;0.0;0.0;1;P2;Éclaircies;1010.3;972.9;33;0;32;6;23280.0;0.0;1.48;7.0;44.6;282;27.4;25.2;22.5;19.7;0.048;0.091;0.117;0.195;0.254
Rogliano;42.95;9.41;02/06/2026;18:00;25.2;51;14.3;25.3;5;0.0;0.0;0.0;0.0;0.0;2;P8;Éclaircies;1009.9;972.5;46;0;45;5;26600.0;0.0;1.57;9.4;52.6;268;26.1;24.8;22.6;19.7;0.048;0.091;0.117;0.195;0.254
Rogliano;42.95;9.41;02/06/2026;19:00;24.7;47;12.6;23.7;6;0.0;0.0;0.0;0.0;0.0;2;P8;Éclaircies;1009.5;972.0;59;0;58;5;29940.0;0.0;1.64;12.1;61.2;253;24.4;24.2;22.7;19.8;0.047;0.09;0.117;0.194;0.254
Rogliano;42.95;9.41;02/06/2026;20:00;24.1;43;10.7;22.2;7;0.0;0.0;0.0;0.0;0.0;2;P8;Éclaircies;1009.2;971.7;72;0;71;4;33260.0;0.0;1.71;14.7;67.3;245;23.1;23.6;22.8;19.8;0.047;0.09;0.117;0.194;0.254
Rogliano;42.95;9.41;02/06/2026;21:00;23.7;42;10.0;21.4;7;0.0;0.0;0.0;0.0;0.0;3;P4;Nuageux;1009.2;971.6;81;0;71;36;32300.0;0.0;1.7;15.6;69.1;244;22.5;23.2;22.7;19.8;0.047;0.09;0.117;0.194;0.254
Rogliano;42.95;9.41;02/06/2026;22:00;23.3;41;9.3;20.8;8;0.0;0.0;0.0;0.0;0.0;3;P4;Nuageux;1009.4;971.8;91;0;70;68;31360.0;0.0;1.68;15.8;68.0;243;22.3;22.8;22.6;19.8;0.046;0.09;0.117;0.194;0.253
Rogliano;42.95;9.41;02/06/2026;23:00;23.0;42;9.4;20.5;9;0.0;0.0;0.0;0.0;0.0;3;P4;Nuageux;1009.4;971.7;100;0;70;100;30400.0;0.0;1.63;15.6;67.7;244;22.2;22.5;22.5;19.8;0.046;0.09;0.117;0.194;0.253
Rogliano;42.95;9.41;03/06/2026;00:00;22.8;43;9.6;20.5;9;0.0;0.0;0.0;0.0;0.0;3;P4;Nuageux;1009.1;971.4;100;0;79;100;29300.0;0.0;1.58;15.0;68.0;246;22.1;22.3;22.3;19.8;0.046;0.09;0.117;0.194;0.253
Rogliano;42.95;9.41;03/06/2026;01:00;22.8;45;10.2;20.7;10;0.0;0.0;0.0;0.0;0.0;3;P4;Nuageux;1008.6;970.9;100;0;87;100;28180.0;0.0;1.52;14.2;69.1;249;22.1;22.2;22.2;19.9;0.045;0.089;0.117;0.194;0.253
Rogliano;42.95;9.41;03/06/2026;02:00;22.6;47;10.7;20.7;10;0.0;0.0;0.0;0.0;0.0;3;P4;Nuageux;1008.2;970.5;100;0;96;100;27080.0;0.0;1.45;14.0;70.6;252;21.9;22.1;22.1;19.9;0.045;0.089;0.117;0.194;0.253
Rogliano;42.95;9.41;03/06/2026;03:00;22.0;51;11.4;20.2;10;0.0;0.0;0.0;0.0;0.0;1;P2;Éclaircies;1007.9;970.2;76;0;74;67;21760.0;0.0;1.3;15.4;73.4;254;21.5;21.9;22.0;19.9;0.045;0.089;0.117;0.194;0.253
Rogliano;42.95;9.41;03/06/2026;04:00;21.4;56;12.2;19.5;10;0.0;0.0;0.0;0.0;0.0;1;P2;Éclaircies;1007.8;970.0;53;0;51;33;16460.0;0.0;1.12;17.7;77.0;253;21.0;21.6;21.8;19.9;0.045;0.089;0.117;0.193;0.253
Rogliano;42.95;9.41;03/06/2026;05:00;20.9;59;12.5;18.8;11;0.0;0.0;0.0;0.0;0.0;1;P2;Éclaircies;1007.7;969.8;29;0;29;0;11140.0;0.0;1.01;19.6;80.6;253;20.6;21.3;21.7;19.9;0.045;0.089;0.117;0.193;0.253
Rogliano;42.95;9.41;03/06/2026;06:00;20.6;59;12.3;18.3;11;0.0;0.0;0.0;0.0;0.0;2;P8;Éclaircies;1007.8;969.9;34;0;34;0;17600.0;0.0;1.0;20.9;83.9;251;20.5;21.0;21.6;19.9;0.045;0.089;0.117;0.193;0.253
Rogliano;42.95;9.41;03/06/2026;07:00;20.5;58;12.0;17.9;11;0.0;0.0;0.0;0.0;0.0;2;P8;Éclaircies;1008.1;970.2;40;0;40;0;24040.0;0.0;1.01;22.1;87.5;248;20.5;20.8;21.4;19.9;0.046;0.089;0.117;0.193;0.253
Rogliano;42.95;9.41;03/06/2026;08:00;20.7;57;11.8;17.9;11;0.0;0.0;0.0;0.0;0.0;2;P8;Éclaircies;1008.3;970.4;45;0;45;0;30500.0;0.0;1.05;23.1;91.1;247;20.9;20.8;21.3;19.9;0.046;0.089;0.117;0.193;0.253
Rogliano;42.95;9.41;03/06/2026;09:00;21.2;57;12.3;18.4;11;0.0;0.0;0.0;0.0;0.0;0;P1;Ensoleillé;1008.5;970.6;31;1;30;0;33540.0;0.0;1.08;23.6;96.1;249;21.9;21.1;21.2;19.9;0.046;0.089;0.117;0.192;0.253
Rogliano;42.95;9.41;03/06/2026;10:00;21.9;57;13.0;19.3;11;0.0;0.0;0.0;0.0;0.0;0;P1;Ensoleillé;1008.7;970.9;18;3;15;0;36600.0;0.0;1.13;23.9;101.5;252;23.1;21.7;21.2;19.9;0.045;0.088;0.116;0.192;0.252
Rogliano;42.95;9.41;03/06/2026;11:00;22.5;56;13.2;20.6;11;0.0;0.0;0.0;0.0;0.0;0;P1;Ensoleillé;1008.9;971.2;4;4;0;0;39640.0;0.0;1.2;24.3;104.0;255;24.2;22.3;21.2;19.9;0.045;0.088;0.116;0.191;0.252
Rogliano;42.95;9.41;03/06/2026;12:00;22.8;55;13.3;21.5;10;0.0;0.0;0.0;0.0;0.0;0;P1;Ensoleillé;1009.1;971.4;3;3;0;0;41260.0;0.0;1.25;24.4;101.2;257;24.7;22.8;21.3;19.9;0.045;0.088;0.116;0.191;0.252
Rogliano;42.95;9.41;03/06/2026;13:00;23.1;54;13.2;22.2;10;0.0;0.0;0.0;0.0;0.0;0;P1;Ensoleillé;1009.3;971.6;1;1;0;0;42860.0;0.0;1.3;24.1;95.4;260;25.1;23.2;21.4;19.9;0.044;0.088;0.115;0.19;0.251
Rogliano;42.95;9.41;03/06/2026;14:00;23.2;52;12.8;22.4;10;0.0;0.0;0.0;0.0;0.0;0;P1;Ensoleillé;1009.4;971.7;0;0;0;0;44480.0;0.0;1.37;23.7;89.3;261;25.2;23.5;21.6;19.9;0.044;0.088;0.115;0.19;0.251
Rogliano;42.95;9.41;03/06/2026;15:00;23.4;50;12.4;22.5;10;0.0;0.0;0.0;0.0;0.0;0;P1;Ensoleillé;1009.5;971.9;0;0;0;0;44480.0;0.0;1.44;22.6;84.2;262;25.1;23.7;21.7;19.9;0.044;0.088;0.115;0.19;0.251
Rogliano;42.95;9.41;03/06/2026;16:00;23.5;48;11.9;22.3;9;0.0;0.0;0.0;0.0;0.0;0;P1;Ensoleillé;1009.5;971.9;0;0;0;0;44460.0;0.0;1.51;21.1;78.8;262;24.9;23.8;21.9;19.9;0.043;0.088;0.114;0.189;0.251
Rogliano;42.95;9.41;03/06/2026;17:00;23.5;47;11.5;21.7;9;0.0;0.0;0.0;0.0;0.0;0;P1;Ensoleillé;1009.6;972.0;0;0;0;0;44460.0;0.0;1.53;19.7;74.5;262;24.4;23.7;22.0;19.9;0.043;0.088;0.114;0.189;0.251
Rogliano;42.95;9.41;03/06/2026;18:00;23.1;47;11.1;20.7;8;0.0;0.0;0.0;0.0;0.0;0;P1;Ensoleillé;1009.8;972.1;0;0;0;0;44460.0;0.0;1.49;18.2;71.6;261;23.5;23.4;22.1;19.9;0.043;0.088;0.114;0.189;0.251
Rogliano;42.95;9.41;03/06/2026;19:00;22.5;48;10.9;20.3;7;0.0;0.0;0.0;0.0;0.0;0;P1;Ensoleillé;1009.9;972.1;0;0;0;0;44440.0;0.0;1.41;16.5;69.1;259;22.3;22.9;22.1;19.9;0.043;0.087;0.114;0.188;0.25
Rogliano;42.95;9.41;03/06/2026;20:00;21.9;49;10.7;19.9;6;0.0;0.0;0.0;0.0;0.0;0;P1;Ensoleillé;1010.2;972.3;0;0;0;0;44440.0;0.0;1.34;14.8;65.9;256;21.3;22.4;22.1;19.9;0.043;0.087;0.114;0.188;0.25
Rogliano;42.95;9.41;03/06/2026;21:00;21.5;48;10.0;19.5;6;0.0;0.0;0.0;0.0;0.0;3;P4;Nuageux;1010.5;972.6;30;0;0;30;43640.0;0.0;1.33;13.1;60.5;254;20.7;21.9;22.0;19.9;0.043;0.087;0.114;0.188;0.25
Rogliano;42.95;9.41;03/06/2026;22:00;21.1;46;9.0;19.2;5;0.0;0.0;0.0;0.0;0.0;3;P4;Nuageux;1010.9;972.9;61;0;0;61;42820.0;0.0;1.35;11.2;53.6;249;20.4;21.3;21.8;19.9;0.043;0.087;0.114;0.188;0.25
Rogliano;42.95;9.41;03/06/2026;23:00;20.6;46;8.6;18.8;4;0.0;0.0;0.0;0.0;0.0;3;P4;Nuageux;1011.3;973.2;91;0;0;91;42020.0;0.0;1.31;9.5;47.5;245;19.9;20.8;21.6;19.9;0.043;0.087;0.114;0.188;0.25
Rogliano;42.95;9.41;04/06/2026;00:00;19.9;47;8.3;18.3;4;0.0;0.0;0.0;0.0;0.0;0;P1;Ensoleillé;1011.6;973.4;61;0;0;61;41220.0;0.0;1.23;7.8;42.1;236;19.2;20.4;21.4;19.9;0.043;0.087;0.114;0.188;0.25
Rogliano;42.95;9.41;04/06/2026;01:00;19.1;50;8.4;17.7;3;0.0;0.0;0.0;0.0;0.0;0;P1;Ensoleillé;1011.8;973.5;30;0;0;30;40400.0;0.0;1.11;6.6;37.1;225;18.4;19.9;21.2;19.9;0.043;0.086;0.114;0.188;0.25
Rogliano;42.95;9.41;04/06/2026;02:00;18.3;53;8.6;17.1;3;0.0;0.0;0.0;0.0;0.0;0;P1;Ensoleillé;1012.0;973.6;0;0;0;0;39600.0;0.0;0.99;5.7;32.4;215;17.7;19.5;21.0;19.9;0.043;0.086;0.114;0.188;0.25
Rogliano;42.95;9.41;04/06/2026;03:00;17.4;57;8.8;16.3;3;0.0;0.0;0.0;0.0;0.0;3;P4;Nuageux;1012.1;973.6;31;0;0;31;38980.0;0.0;0.86;5.5;27.7;212;16.9;18.9;20.7;19.9;0.043;0.086;0.114;0.188;0.25
Rogliano;42.95;9.41;04/06/2026;04:00;16.6;61;9.0;15.5;3;0.0;0.0;0.0;0.0;0.0;3;P4;Nuageux;1012.1;973.5;63;0;0;63;38360.0;0.0;0.74;5.2;23.8;214;16.2;18.3;20.4;19.9;0.044;0.086;0.114;0.188;0.25
Rogliano;42.95;9.41;04/06/2026;05:00;16.4;65;9.8;15.6;3;0.0;0.0;0.0;0.0;0.0;3;P4;Nuageux;1012.1;973.5;94;0;0;94;37740.0;0.0;0.65;5.0;21.2;210;16.2;18.0;20.1;19.9;0.044;0.086;0.114;0.188;0.25
Rogliano;42.95;9.41;04/06/2026;06:00;17.2;68;11.2;16.9;3;0.0;0.0;0.0;0.0;0.0;3;P4;Nuageux;1012.2;973.7;92;0;0;92;37100.0;0.0;0.63;4.7;22.0;184;17.4;18.0;19.8;19.9;0.044;0.086;0.114;0.188;0.25
Rogliano;42.95;9.41;04/06/2026;07:00;18.7;70;13.1;18.9;3;0.0;0.0;0.0;0.0;0.0;3;P4;Nuageux;1012.4;974.1;90;0;0;90;36480.0;0.0;0.65;5.5;24.1;157;19.4;18.3;19.6;19.8;0.044;0.086;0.114;0.187;0.25
Rogliano;42.95;9.41;04/06/2026;08:00;20.2;69;14.3;20.7;4;0.0;0.0;0.0;0.0;0.0;3;P4;Nuageux;1012.6;974.4;88;0;0;88;35860.0;0.0;0.73;5.7;25.9;145;21.3;18.8;19.4;19.8;0.044;0.086;0.114;0.187;0.25
Rogliano;42.95;9.41;04/06/2026;09:00;21.4;63;14.1;22.1;4;0.0;0.0;0.0;0.0;0.0;3;P4;Nuageux;1012.8;974.8;89;0;0;89;37280.0;0.0;0.94;4.0;26.3;153;22.9;19.8;19.5;19.8;0.044;0.086;0.114;0.187;0.25
Rogliano;42.95;9.41;04/06/2026;10:00;22.6;54;12.8;23.1;4;0.0;0.0;0.0;0.0;0.0;3;P4;Nuageux;1013.0;975.1;91;0;0;91;38700.0;0.0;1.26;2.1;25.9;211;24.6;21.0;19.6;19.8;0.044;0.085;0.113;0.186;0.249
Rogliano;42.95;9.41;04/06/2026;11:00;23.6;47;11.6;24.2;5;0.0;0.0;0.0;0.0;0.0;3;P4;Nuageux;1013.1;975.4;92;0;0;92;40120.0;0.0;1.54;3.3;25.9;264;25.9;22.2;19.9;19.7;0.044;0.085;0.113;0.186;0.249
Rogliano;42.95;9.41;04/06/2026;12:00;24.5;46;12.1;26.0;5;0.0;0.0;0.0;0.0;0.0;3;P4;Nuageux;1013.0;975.4;89;1;18;80;41540.0;0.0;1.66;3.6;24.8;276;27.1;23.4;20.2;19.7;0.043;0.085;0.113;0.185;0.249
Rogliano;42.95;9.41;04/06/2026;13:00;25.2;47;13.1;27.7;5;0.0;0.0;0.0;0.0;0.0;3;P4;Nuageux;1012.8;975.3;86;3;37;69;42960.0;0.0;1.7;3.3;24.1;283;28.0;24.5;20.7;19.7;0.043;0.085;0.112;0.185;0.248
Rogliano;42.95;9.41;04/06/2026;14:00;25.6;48;13.7;28.2;5;0.0;0.0;0.0;0.0;0.0;3;P4;Nuageux;1012.5;975.0;83;4;55;57;44380.0;0.0;1.7;4.4;27.0;279;28.3;25.2;21.1;19.7;0.042;0.085;0.112;0.184;0.248
Rogliano;42.95;9.41;04/06/2026;15:00;25.5;46;13.0;27.0;5;0.0;0.0;0.0;0.0;0.0;3;P4;Nuageux;1012.2;974.7;89;3;47;71;43000.0;0.0;1.76;7.9;38.2;273;27.7;25.3;21.5;19.7;0.042;0.085;0.112;0.184;0.248
Rogliano;42.95;9.41;04/06/2026;16:00;25.1;44;11.9;25.0;5;0.0;0.0;0.0;0.0;0.0;3;P4;Nuageux;1011.8;974.3;94;1;40;86;41640.0;0.0;1.78;12.2;53.6;270;26.4;25.0;21.9;19.7;0.041;0.085;0.111;0.183;0.247
Rogliano;42.95;9.41;04/06/2026;17:00;24.4;44;11.3;22.8;5;0.0;0.0;0.0;0.0;0.0;3;P4;Nuageux;1011.4;973.8;100;0;32;100;40260.0;0.0;1.71;15.5;63.7;267;25.0;24.6;22.2;19.7;0.041;0.085;0.111;0.183;0.247
Rogliano;42.95;9.41;04/06/2026;18:00;23.4;46;11.1;21.4;5;0.0;0.0;0.0;0.0;0.0;61;P10;Pluie;1011.1;973.4;100;24;55;99;38880.0;0.0;1.55;15.9;64.1;265;23.6;24.0;22.4;19.7;0.033;0.084;0.111;0.183;0.247
Rogliano;42.95;9.41;04/06/2026;19:00;22.2;51;11.6;20.5;4;0.0;0.0;0.0;0.0;0.0;61;P10;Pluie;1010.9;973.1;100;48;77;98;37520.0;0.0;1.31;14.9;59.4;262;22.2;23.2;22.4;19.8;0.025;0.083;0.111;0.182;0.247
Rogliano;42.95;9.41;04/06/2026;20:00;21.0;57;12.2;19.7;4;0.0;0.0;0.0;0.0;0.0;61;P10;Pluie;1010.7;972.7;100;72;100;97;36140.0;0.0;1.07;13.3;54.4;257;20.9;22.3;22.3;19.8;0.041;0.084;0.111;0.182;0.247
Rogliano;42.95;9.41;04/06/2026;21:00;19.7;67;13.4;19.2;4;1.4;1.3;0.0;0.0;0.0;61;P10;Pluie;1010.7;972.6;100;63;100;98;33680.0;0.0;0.76;10.6;49.7;252;19.9;21.4;22.1;19.8;0.103;0.083;0.111;0.182;0.247
Rogliano;42.95;9.41;04/06/2026;22:00;18.4;79;14.7;18.9;4;1.4;1.3;0.0;0.0;0.0;61;P10;Pluie;1010.9;972.6;100;53;100;99;31240.0;0.0;0.44;7.4;44.3;241;19.1;20.5;21.7;19.8;0.189;0.085;0.11;0.182;0.247
Rogliano;42.95;9.41;04/06/2026;23:00;17.5;87;15.3;18.5;3;1.4;1.3;0.0;0.0;0.0;61;P10;Pluie;1010.8;972.4;100;44;100;100;28780.0;0.0;0.26;5.6;42.1;220;18.5;19.7;21.4;19.8;0.257;0.105;0.111;0.182;0.247
Rogliano;42.95;9.41;05/06/2026;00:00;17.8;86;15.4;18.4;4;1.2;0.97;0.23;0.0;0.0;2;P8;Éclaircies;1009.0;970.7;91;37;64;75;26320.0;0.0;0.29;8.5;34.7;188;18.4;19.3;21.1;19.8;0.288;0.161;0.114;0.182;0.247
Rogliano;42.95;9.41;05/06/2026;01:00;18.2;84;15.4;18.4;4;0.8;0.65;0.15;0.0;0.0;2;P8;Éclaircies;1007.3;969.1;88;28;36;66;23880.0;0.0;0.34;11.5;27.2;176;18.4;19.1;20.8;19.8;0.299;0.236;0.119;0.182;0.247
Rogliano;42.95;9.41;05/06/2026;02:00;18.4;84;15.7;18.5;4;0.4;0.32;0.08;0.0;0.0;2;P8;Éclaircies;1005.7;967.6;90;20;15;74;21420.0;0.0;0.34;12.7;15.8;169;18.5;18.9;20.6;19.8;0.306;0.29;0.122;0.182;0.247
Rogliano;42.95;9.41;05/06/2026;03:00;18.7;85;16.1;19.0;4;0.1;0.0;0.1;0.0;0.0;51;P10;Pluie faible;1004.0;966.0;88;9;2;87;21500.0;0.0;0.33;12.1;2.2;162;18.9;;;;;;;;
Rogliano;42.95;9.41;05/06/2026;04:00;18.9;85;16.3;19.5;4;0.1;0.0;0.1;0.0;0.0;51;P10;Pluie faible;1003.5;965.5;71;8;1;70;21580.0;0.0;0.32;10.4;1.4;159;19.4;;;;;;;;
Rogliano;42.95;9.41;05/06/2026;05:00;19.2;85;16.5;20.2;4;0.1;0.0;0.1;0.0;0.0;51;P10;Pluie faible;1002.9;965.0;51;7;1;50;21660.0;0.0;0.34;8.5;1.4;152;20.3;;;;;;;;
Rogliano;42.95;9.41;05/06/2026;06:00;19.5;83;16.6;20.9;4;0.1;0.0;0.1;0.0;0.0;51;P10;Pluie faible;1002.4;964.5;31;5;1;30;21720.0;0.0;0.38;6.4;1.8;144;21.2;;;;;;;;
Rogliano;42.95;9.41;05/06/2026;07:00;19.9;82;16.7;21.6;5;0.1;0.0;0.1;0.0;0.0;51;P10;Pluie faible;1002.1;964.3;15;4;1;12;21800.0;0.0;0.43;4.5;2.5;133;22.2;;;;;;;;
Rogliano;42.95;9.41;05/06/2026;08:00;20.3;80;16.7;22.2;6;0.1;0.0;0.1;0.0;0.0;51;P10;Pluie faible;1001.9;964.2;4;4;1;0;21880.0;0.0;0.48;2.6;3.2;129;23.2;;;;;;;;
Rogliano;42.95;9.41;05/06/2026;09:00;20.7;78;16.7;22.9;7;0.1;0.0;0.1;0.0;0.0;51;P10;Pluie faible;1002.0;964.3;1;5;2;0;22100.0;0.0;0.54;0.8;4.3;207;24.4;;;;;;;;
Rogliano;42.95;9.41;05/06/2026;10:00;21.2;76;16.8;23.0;9;0.1;0.0;0.1;0.0;0.0;51;P10;Pluie faible;1002.3;964.7;2;6;4;0;22300.0;0.0;0.61;3.8;5.4;265;25.8;;;;;;;;
Rogliano;42.95;9.41;05/06/2026;11:00;21.8;73;16.8;23.1;10;0.1;0.0;0.1;0.0;0.0;51;P10;Pluie faible;1002.7;965.1;7;7;6;0;22520.0;0.0;0.7;7.6;6.5;269;27.3;;;;;;;;
Rogliano;42.95;9.41;05/06/2026;12:00;22.3;70;16.6;23.7;11;0.1;0.0;0.1;0.0;0.0;51;P10;Pluie faible;1003.2;965.7;13;9;8;0;22740.0;0.0;0.8;11.3;7.9;269;28.6;;;;;;;;
Rogliano;42.95;9.41;05/06/2026;13:00;22.6;67;16.2;23.9;12;0.1;0.0;0.1;0.0;0.0;51;P10;Pluie faible;1003.7;966.2;18;10;9;0;22940.0;0.0;0.91;14.6;9.4;269;29.5;;;;;;;;
Rogliano;42.95;9.41;05/06/2026;14:00;22.8;63;15.4;23.6;12;0.1;0.0;0.1;0.0;0.0;51;P10;Pluie faible;1004.1;966.6;20;10;10;0;23160.0;0.0;1.02;16.9;10.4;268;29.7;;;;;;;;
Rogliano;42.95;9.41;05/06/2026;15:00;22.6;58;14.0;22.7;11;0.0;0.0;0.0;0.0;0.0;0;P1;Ensoleillé;1004.4;966.9;19;9;9;0;26740.0;0.0;1.15;18.2;11.2;267;29.0;;;;;;;;
Rogliano;42.95;9.41;05/06/2026;16:00;22.3;52;12.0;21.3;9;0.0;0.0;0.0;0.0;0.0;0;P1;Ensoleillé;1004.7;967.1;15;7;8;0;30320.0;0.0;1.28;19.0;11.2;265;27.7;;;;;;;;
Rogliano;42.95;9.41;05/06/2026;17:00;21.8;47;9.8;19.6;7;0.0;0.0;0.0;0.0;0.0;0;P1;Ensoleillé;1005.0;967.3;11;5;6;0;33900.0;0.0;1.39;19.2;10.8;262;25.9;;;;;;;;
Rogliano;42.95;9.41;05/06/2026;18:00;21.2;41;7.6;17.8;5;0.0;0.0;0.0;0.0;0.0;0;P1;Ensoleillé;1005.3;967.5;7;3;3;0;37460.0;0.0;1.47;19.2;9.0;260;23.9;;;;;;;;
Rogliano;42.95;9.41;05/06/2026;19:00;20.7;38;5.7;16.8;3;0.0;0.0;0.0;0.0;0.0;0;P1;Ensoleillé;1005.6;967.8;3;1;1;0;41040.0;0.0;1.52;19.0;6.1;257;22.1;;;;;;;;
Rogliano;42.95;9.41;05/06/2026;20:00;20.2;36;4.5;16.1;2;0.0;0.0;0.0;0.0;0.0;0;P1;Ensoleillé;1006.0;968.1;0;0;0;0;44620.0;0.0;1.52;18.8;4.3;255;20.7;;;;;;;;
Rogliano;42.95;9.41;05/06/2026;21:00;19.7;35;3.9;15.5;2;0.0;0.0;0.0;0.0;0.0;0;P1;Ensoleillé;1006.5;968.5;0;0;0;0;43780.0;0.0;1.48;18.6;4.0;253;19.6;;;;;;;;
Rogliano;42.95;9.41;05/06/2026;22:00;19.1;36;3.7;15.0;2;0.0;0.0;0.0;0.0;0.0;0;P1;Ensoleillé;1007.1;969.0;0;0;0;0;42940.0;0.0;1.42;18.0;4.3;250;18.6;;;;;;;;
Rogliano;42.95;9.41;05/06/2026;23:00;18.6;37;3.8;14.5;2;0.0;0.0;0.0;0.0;0.0;0;P1;Ensoleillé;1007.8;969.6;0;0;0;0;42120.0;0.0;1.34;17.5;4.7;248;17.8;;;;;;;;
Rogliano;42.95;9.41;06/06/2026;00:00;18.1;40;4.1;14.2;2;0.0;0.0;0.0;0.0;0.0;0;P1;Ensoleillé;1008.4;970.1;0;0;0;0;41280.0;0.0;1.25;16.7;4.3;245;17.1;;;;;;;;
Rogliano;42.95;9.41;06/06/2026;01:00;17.7;42;4.6;14.0;2;0.0;0.0;0.0;0.0;0.0;0;P1;Ensoleillé;1009.0;970.7;0;0;0;0;40440.0;0.0;1.18;16.2;4.0;243;16.6;;;;;;;;
Rogliano;42.95;9.41;06/06/2026;02:00;17.5;44;5.0;14.0;2;0.0;0.0;0.0;0.0;0.0;0;P1;Ensoleillé;1009.6;971.2;0;0;0;0;39600.0;0.0;1.13;15.6;4.0;241;16.5;;;;;;;;
Rogliano;42.95;9.41;06/06/2026;03:00;17.5;45;5.5;14.2;2;0.0;0.0;0.0;0.0;0.0;0;P1;Ensoleillé;1010.1;971.7;0;0;0;0;38980.0;0.0;1.1;15.2;4.3;241;16.7;;;;;;;;
Rogliano;42.95;9.41;06/06/2026;04:00;17.7;47;6.3;14.6;1;0.0;0.0;0.0;0.0;0.0;0;P1;Ensoleillé;1010.6;972.2;0;0;0;0;38340.0;0.0;1.07;14.8;5.4;243;17.2;;;;;;;;
Rogliano;42.95;9.41;06/06/2026;05:00;18.0;49;7.1;15.2;1;0.0;0.0;0.0;0.0;0.0;0;P1;Ensoleillé;1011.0;972.6;0;0;0;0;37720.0;0.0;1.06;14.4;6.5;244;17.9;;;;;;;;
Rogliano;42.95;9.41;06/06/2026;06:00;18.4;50;7.9;15.8;1;0.0;0.0;0.0;0.0;0.0;0;P1;Ensoleillé;1011.4;973.1;0;0;0;0;37080.0;0.0;1.05;14.1;7.9;247;18.9;;;;;;;;
Rogliano;42.95;9.41;06/06/2026;07:00;18.9;51;8.5;16.5;0;0.0;0.0;0.0;0.0;0.0;0;P1;Ensoleillé;1011.8;973.5;0;0;0;0;36460.0;0.0;1.07;13.6;9.7;248;20.1;;;;;;;;
Rogliano;42.95;9.41;06/06/2026;08:00;19.5;50;8.9;17.3;0;0.0;0.0;0.0;0.0;0.0;0;P1;Ensoleillé;1012.3;974.1;0;0;0;0;35820.0;0.0;1.12;12.7;11.9;249;21.5;;;;;;;;
Rogliano;42.95;9.41;06/06/2026;09:00;20.3;48;8.8;18.2;0;0.0;0.0;0.0;0.0;0.0;0;P1;Ensoleillé;1012.8;974.6;0;0;0;0;37240.0;0.0;1.25;11.6;14.0;249;23.5;;;;;;;;
Rogliano;42.95;9.41;06/06/2026;10:00;21.3;43;8.3;19.4;1;0.0;0.0;0.0;0.0;0.0;0;P1;Ensoleillé;1013.4;975.4;0;0;0;0;38660.0;0.0;1.44;10.3;16.6;247;26.2;;;;;;;;
Rogliano;42.95;9.41;06/06/2026;11:00;22.4;39;7.7;21.1;2;0.0;0.0;0.0;0.0;0.0;0;P1;Ensoleillé;1013.9;976.0;0;0;0;0;40100.0;0.0;1.66;8.8;18.4;244;29.1;;;;;;;;
Rogliano;42.95;9.41;06/06/2026;12:00;23.5;35;7.1;23.0;3;0.0;0.0;0.0;0.0;0.0;0;P1;Ensoleillé;1014.5;976.7;0;0;0;0;41520.0;0.0;1.88;7.3;19.1;240;31.8;;;;;;;;
Rogliano;42.95;9.41;06/06/2026;13:00;24.3;32;6.7;24.6;3;0.0;0.0;0.0;0.0;0.0;0;P1;Ensoleillé;1014.9;977.2;0;0;0;0;42940.0;0.0;2.05;5.8;19.4;236;33.8;;;;;;;;
Rogliano;42.95;9.41;06/06/2026;14:00;24.7;31;6.6;25.5;4;0.0;0.0;0.0;0.0;0.0;0;P1;Ensoleillé;1015.2;977.5;0;0;0;0;44360.0;0.0;2.13;4.5;19.4;230;34.6;;;;;;;;
Rogliano;42.95;9.41;06/06/2026;15:00;24.6;32;6.8;25.6;4;0.0;0.0;0.0;0.0;0.0;0;P1;Ensoleillé;1015.3;977.6;0;0;0;0;42940.0;0.0;2.1;3.1;19.4;225;33.9;;;;;;;;
Rogliano;42.95;9.41;06/06/2026;16:00;24.1;34;7.3;25.0;5;0.0;0.0;0.0;0.0;0.0;0;P1;Ensoleillé;1015.3;977.5;0;0;0;0;41500.0;0.0;1.97;1.5;18.7;216;32.2;;;;;;;;
Rogliano;42.95;9.41;06/06/2026;17:00;23.3;37;7.9;23.9;5;0.0;0.0;0.0;0.0;0.0;0;P1;Ensoleillé;1015.3;977.4;0;0;0;0;40080.0;0.0;1.8;0.3;18.4;135;29.7;;;;;;;;
Rogliano;42.95;9.41;06/06/2026;18:00;22.4;41;8.6;21.9;5;0.0;0.0;0.0;0.0;0.0;0;P1;Ensoleillé;1015.1;977.1;0;0;0;0;38660.0;0.0;1.59;1.6;17.6;63;27.0;;;;;;;;
Rogliano;42.95;9.41;06/06/2026;19:00;21.6;46;9.4;21.0;4;0.0;0.0;0.0;0.0;0.0;0;P1;Ensoleillé;1015.0;976.9;0;0;0;0;37220.0;0.0;1.39;2.7;17.3;58;24.4;;;;;;;;
Rogliano;42.95;9.41;06/06/2026;20:00;20.8;51;10.2;20.3;4;0.0;0.0;0.0;0.0;0.0;0;P1;Ensoleillé;1014.9;976.7;0;0;0;0;35800.0;0.0;1.22;3.6;16.6;63;22.5;;;;;;;;
Rogliano;42.95;9.41;06/06/2026;21:00;20.1;56;11.0;19.8;3;0.0;0.0;0.0;0.0;0.0;0;P1;Ensoleillé;1014.8;976.6;0;0;0;0;33800.0;0.0;1.04;4.2;15.8;70;21.0;;;;;;;;
Rogliano;42.95;9.41;06/06/2026;22:00;19.3;62;12.0;19.2;3;0.0;0.0;0.0;0.0;0.0;0;P1;Ensoleillé;1014.8;976.5;0;0;0;0;31780.0;0.0;0.84;4.6;15.1;79;19.5;;;;;;;;
Rogliano;42.95;9.41;06/06/2026;23:00;18.5;70;13.0;18.7;2;0.0;0.0;0.0;0.0;0.0;0;P1;Ensoleillé;1014.7;976.3;0;0;0;0;29780.0;0.0;0.64;5.0;14.8;90;18.3;;;;;;;;
Rogliano;42.95;9.41;07/06/2026;00:00;17.8;78;13.9;18.2;1;0.0;0.0;0.0;0.0;0.0;0;P1;Ensoleillé;1014.6;976.1;0;0;0;0;27780.0;0.0;0.44;5.5;15.5;99;17.2;;;;;;;;
Rogliano;42.95;9.41;07/06/2026;01:00;17.3;85;14.7;17.9;0;0.0;0.0;0.0;0.0;0.0;0;P1;Ensoleillé;1014.5;975.9;0;0;0;0;25760.0;0.0;0.3;6.1;16.9;109;16.5;;;;;;;;
Rogliano;42.95;9.41;07/06/2026;02:00;17.0;90;15.3;17.8;0;0.0;0.0;0.0;0.0;0.0;0;P1;Ensoleillé;1014.4;975.8;0;0;0;0;23760.0;0.0;0.19;6.8;18.0;117;16.2;;;;;;;;
Rogliano;42.95;9.41;07/06/2026;03:00;17.0;92;15.6;17.7;0;0.0;0.0;0.0;0.0;0.0;0;P1;Ensoleillé;1014.2;975.6;4;2;0;2;24520.0;0.0;0.16;7.8;17.6;124;16.4;;;;;;;;
Rogliano;42.95;9.41;07/06/2026;04:00;17.2;91;15.7;17.8;1;0.0;0.0;0.0;0.0;0.0;0;P1;Ensoleillé;1014.0;975.4;10;5;0;6;25300.0;0.0;0.17;9.1;16.6;129;16.9;;;;;;;;
Rogliano;42.95;9.41;07/06/2026;05:00;17.5;89;15.7;18.0;1;0.0;0.0;0.0;0.0;0.0;0;P1;Ensoleillé;1013.8;975.3;17;9;0;10;26060.0;0.0;0.22;10.3;16.6;134;17.8;;;;;;;;
Rogliano;42.95;9.41;07/06/2026;06:00;18.1;86;15.6;18.3;1;0.0;0.0;0.0;0.0;0.0;1;P2;Éclaircies;1013.6;975.1;24;13;0;14;26820.0;0.0;0.3;11.6;18.0;138;18.9;;;;;;;;
Rogliano;42.95;9.41;07/06/2026;07:00;18.7;82;15.5;18.7;2;0.0;0.0;0.0;0.0;0.0;1;P2;Éclaircies;1013.3;974.9;29;15;0;17;27600.0;0.0;0.39;12.7;20.5;141;20.2;;;;;;;;
Rogliano;42.95;9.41;07/06/2026;08:00;19.4;78;15.4;19.2;2;0.0;0.0;0.0;0.0;0.0;1;P2;Éclaircies;1013.0;974.7;32;17;0;18;28360.0;0.0;0.5;13.6;22.0;143;21.6;;;;;;;;
Rogliano;42.95;9.41;07/06/2026;09:00;20.3;73;15.4;20.0;2;0.0;0.0;0.0;0.0;0.0;1;P2;Éclaircies;1012.7;974.6;31;17;0;18;29600.0;0.0;0.64;14.5;22.3;143;23.5;;;;;;;;
Rogliano;42.95;9.41;07/06/2026;10:00;21.6;68;15.3;21.1;2;0.0;0.0;0.0;0.0;0.0;1;P2;Éclaircies;1012.2;974.2;28;15;1;16;30840.0;0.0;0.83;15.2;21.6;141;25.9;;;;;;;;
Rogliano;42.95;9.41;07/06/2026;11:00;22.9;62;15.2;22.4;2;0.0;0.0;0.0;0.0;0.0;1;P2;Éclaircies;1011.8;974.0;23;12;2;13;32080.0;0.0;1.07;16.1;20.5;140;28.5;;;;;;;;
Rogliano;42.95;9.41;07/06/2026;12:00;24.2;57;15.2;24.2;2;0.0;0.0;0.0;0.0;0.0;0;P1;Ensoleillé;1011.4;973.8;18;9;2;10;33320.0;0.0;1.29;16.3;18.0;139;30.9;;;;;;;;
Rogliano;42.95;9.41;07/06/2026;13:00;25.1;54;15.1;25.7;2;0.0;0.0;0.0;0.0;0.0;0;P1;Ensoleillé;1011.0;973.5;14;8;3;7;34560.0;0.0;1.47;15.9;15.1;138;32.6;;;;;;;;
Rogliano;42.95;9.41;07/06/2026;14:00;25.6;52;15.1;26.6;2;0.0;0.0;0.0;0.0;0.0;0;P1;Ensoleillé;1010.7;973.3;13;8;3;5;35800.0;0.0;1.56;14.6;12.2;140;33.3;;;;;;;;
Rogliano;42.95;9.41;07/06/2026;15:00;25.4;53;15.1;26.9;2;0.0;0.0;0.0;0.0;0.0;0;P1;Ensoleillé;1010.4;973.0;15;11;3;4;33720.0;0.0;1.52;11.7;10.1;144;32.7;;;;;;;;
Rogliano;42.95;9.41;07/06/2026;16:00;24.7;56;15.3;26.7;1;0.0;0.0;0.0;0.0;0.0;0;P1;Ensoleillé;1010.2;972.7;19;17;2;3;31640.0;0.0;1.37;7.8;8.6;157;31.1;;;;;;;;
Rogliano;42.95;9.41;07/06/2026;17:00;23.8;60;15.5;25.7;1;0.0;0.0;0.0;0.0;0.0;1;P2;Éclaircies;1010.0;972.4;25;23;2;2;29580.0;0.0;1.18;4.7;7.2;196;28.9;;;;;;;;
Rogliano;42.95;9.41;07/06/2026;18:00;22.7;64;15.6;23.7;1;0.0;0.0;0.0;0.0;0.0;1;P2;Éclaircies;1009.9;972.2;30;29;1;1;27500.0;0.0;0.98;6.0;6.1;253;26.4;;;;;;;;
Rogliano;42.95;9.41;07/06/2026;19:00;21.6;69;15.6;22.0;0;0.0;0.0;0.0;0.0;0.0;1;P2;Éclaircies;1009.8;971.9;34;34;0;0;25420.0;0.0;0.8;10.1;5.8;271;24.0;;;;;;;;
Rogliano;42.95;9.41;07/06/2026;20:00;20.7;71;15.3;20.5;0;0.0;0.0;0.0;0.0;0.0;1;P2;Éclaircies;1009.9;971.9;35;35;0;0;23340.0;0.0;0.7;13.4;5.0;275;22.2;;;;;;;;
Rogliano;42.95;9.41;07/06/2026;21:00;19.9;72;14.7;19.1;0;0.0;0.0;0.0;0.0;0.0;1;P2;Éclaircies;1010.2;972.1;32;32;0;0;21520.0;0.0;0.65;15.7;4.3;274;20.8;;;;;;;;
Rogliano;42.95;9.41;07/06/2026;22:00;19.1;71;13.8;17.7;0;0.0;0.0;0.0;0.0;0.0;1;P2;Éclaircies;1010.6;972.4;26;26;0;0;19680.0;0.0;0.63;17.5;3.6;269;19.5;;;;;;;;
Rogliano;42.95;9.41;07/06/2026;23:00;18.3;70;12.7;16.4;0;0.0;0.0;0.0;0.0;0.0;0;P1;Ensoleillé;1011.1;972.8;18;18;0;0;17860.0;0.0;0.64;19.0;3.2;264;18.4;;;;;;;;
Rogliano;42.95;9.41;08/06/2026;00:00;17.6;68;11.6;15.0;0;0.0;0.0;0.0;0.0;0.0;0;P1;Ensoleillé;1011.7;973.2;10;10;0;0;16020.0;0.0;0.65;20.5;4.3;259;17.5;;;;;;;;
Rogliano;42.95;9.41;08/06/2026;01:00;17.0;66;10.6;13.9;0;0.0;0.0;0.0;0.0;0.0;0;P1;Ensoleillé;1012.2;973.6;4;4;0;0;14200.0;0.0;0.66;22.4;5.8;255;16.7;;;;;;;;
Rogliano;42.95;9.41;08/06/2026;02:00;16.5;65;9.8;12.9;0;0.0;0.0;0.0;0.0;0.0;0;P1;Ensoleillé;1012.6;974.0;0;0;0;0;12360.0;0.0;0.66;24.4;6.5;252;16.2;;;;;;;;
Rogliano;42.95;9.41;08/06/2026;03:00;16.1;64;9.4;12.0;0;0.0;0.0;0.0;0.0;0.0;0;P1;Ensoleillé;1012.9;974.2;0;0;0;0;12940.0;0.0;0.65;26.8;5.8;251;15.9;;;;;;;;
Rogliano;42.95;9.41;08/06/2026;04:00;15.9;64;9.1;11.3;1;0.0;0.0;0.0;0.0;0.0;0;P1;Ensoleillé;1013.1;974.4;1;1;0;0;13500.0;0.0;0.65;29.4;4.7;250;15.8;;;;;;;;
Rogliano;42.95;9.41;08/06/2026;05:00;15.7;64;8.9;10.7;1;0.0;0.0;0.0;0.0;0.0;0;P1;Ensoleillé;1013.2;974.4;4;4;0;0;14080.0;0.0;0.64;32.2;4.3;250;15.9;;;;;;;;
Rogliano;42.95;9.41;08/06/2026;06:00;15.6;64;8.7;10.2;1;0.0;0.0;0.0;0.0;0.0;0;P1;Ensoleillé;1013.3;974.5;8;8;0;0;14640.0;0.0;0.65;34.8;5.4;249;16.2;;;;;;;;
Rogliano;42.95;9.41;08/06/2026;07:00;15.7;63;8.6;10.0;2;0.0;0.0;0.0;0.0;0.0;0;P1;Ensoleillé;1013.5;974.7;11;11;0;0;15220.0;0.0;0.67;36.8;7.2;249;16.7;;;;;;;;
Rogliano;42.95;9.41;08/06/2026;08:00;15.9;61;8.5;9.9;2;0.0;0.0;0.0;0.0;0.0;0;P1;Ensoleillé;1013.7;975.0;12;12;0;0;15780.0;0.0;0.7;38.2;8.3;249;17.3;;;;;;;;
Rogliano;42.95;9.41;08/06/2026;09:00;16.4;59;8.3;10.3;2;0.0;0.0;0.0;0.0;0.0;0;P1;Ensoleillé;1014.0;975.3;12;12;0;0;19740.0;0.0;0.77;38.7;7.6;249;18.4;;;;;;;;
Rogliano;42.95;9.41;08/06/2026;10:00;17.1;55;8.1;11.0;2;0.0;0.0;0.0;0.0;0.0;0;P1;Ensoleillé;1014.4;975.8;10;10;0;0;23700.0;0.0;0.87;38.6;6.1;250;20.0;;;;;;;;
Rogliano;42.95;9.41;08/06/2026;11:00;18.0;51;7.9;12.2;2;0.0;0.0;0.0;0.0;0.0;0;P1;Ensoleillé;1014.7;976.2;8;8;0;0;27680.0;0.0;1.0;38.1;5.4;250;21.8;;;;;;;;
Rogliano;42.95;9.41;08/06/2026;12:00;18.9;48;7.7;13.6;2;0.0;0.0;0.0;0.0;0.0;0;P1;Ensoleillé;1015.1;976.7;6;6;0;0;31640.0;0.0;1.13;37.2;6.1;251;23.4;;;;;;;;
Rogliano;42.95;9.41;08/06/2026;13:00;19.5;46;7.5;14.8;2;0.0;0.0;0.0;0.0;0.0;0;P1;Ensoleillé;1015.4;977.1;3;3;0;0;35600.0;0.0;1.23;36.1;7.2;251;24.7;;;;;;;;
Rogliano;42.95;9.41;08/06/2026;14:00;19.9;44;7.4;15.5;2;0.0;0.0;0.0;0.0;0.0;0;P1;Ensoleillé;1015.6;977.3;2;2;0;0;39560.0;0.0;1.29;35.2;8.3;251;25.2;;;;;;;;
Rogliano;42.95;9.41;08/06/2026;15:00;19.9;44;7.4;15.6;2;0.0;0.0;0.0;0.0;0.0;0;P1;Ensoleillé;1015.7;977.4;1;1;0;0;39560.0;0.0;1.3;34.1;9.0;251;24.9;;;;;;;;
Rogliano;42.95;9.41;08/06/2026;16:00;19.7;45;7.4;15.3;3;0.0;0.0;0.0;0.0;0.0;0;P1;Ensoleillé;1015.6;977.3;1;1;0;0;39560.0;0.0;1.27;33.1;9.4;250;24.0;;;;;;;;
Rogliano;42.95;9.41;08/06/2026;17:00;19.3;46;7.4;14.7;3;0.0;0.0;0.0;0.0;0.0;0;P1;Ensoleillé;1015.5;977.1;0;0;0;0;39560.0;0.0;1.21;31.7;10.1;249;22.7;;;;;;;;
Rogliano;42.95;9.41;08/06/2026;18:00;18.9;47;7.4;13.8;3;0.0;0.0;0.0;0.0;0.0;0;P1;Ensoleillé;1015.4;977.0;0;0;0;0;39560.0;0.0;1.15;30.4;11.5;248;21.2;;;;;;;;
Rogliano;42.95;9.41;08/06/2026;19:00;18.4;48;7.3;13.5;4;0.0;0.0;0.0;0.0;0.0;0;P1;Ensoleillé;1015.3;976.8;0;0;0;0;39560.0;0.0;1.09;28.6;13.0;247;19.7;;;;;;;;
Rogliano;42.95;9.41;08/06/2026;20:00;18.1;49;7.2;13.5;4;0.0;0.0;0.0;0.0;0.0;0;P1;Ensoleillé;1015.4;976.9;0;0;0;0;39560.0;0.0;1.06;26.6;13.7;247;18.7;;;;;;;;
Rogliano;42.95;9.41;08/06/2026;21:00;17.8;49;7.0;13.5;4;0.0;0.0;0.0;0.0;0.0;0;P1;Ensoleillé;1015.6;977.0;0;0;0;0;39560.0;0.0;1.03;24.2;12.2;246;17.8;;;;;;;;
Rogliano;42.95;9.41;08/06/2026;22:00;17.4;49;6.6;13.4;3;0.0;0.0;0.0;0.0;0.0;0;P1;Ensoleillé;1016.0;977.4;0;0;0;0;39560.0;0.0;1.01;21.3;10.1;246;17.0;;;;;;;;
Rogliano;42.95;9.41;08/06/2026;23:00;17.1;49;6.2;13.5;2;0.0;0.0;0.0;0.0;0.0;0;P1;Ensoleillé;1016.4;977.7;0;0;0;0;39560.0;0.0;1.01;18.0;8.6;246;16.2;;;;;;;;
Rogliano;42.95;9.41;09/06/2026;00:00;16.9;48;5.8;13.7;1;0.0;0.0;0.0;0.0;0.0;0;P1;Ensoleillé;1016.9;978.2;0;0;0;0;39540.0;0.0;1.0;14.8;9.0;246;15.6;;;;;;;;
Rogliano;42.95;9.41;09/06/2026;01:00;16.7;48;5.5;13.9;0;0.0;0.0;0.0;0.0;0.0;0;P1;Ensoleillé;1017.3;978.5;0;0;0;0;39540.0;0.0;1.0;11.8;9.7;245;15.3;;;;;;;;
Rogliano;42.95;9.41;09/06/2026;02:00;16.7;47;5.4;14.3;0;0.0;0.0;0.0;0.0;0.0;0;P1;Ensoleillé;1017.6;978.8;0;0;0;0;39540.0;0.0;1.0;8.9;10.4;243;15.4;;;;;;;;
Rogliano;42.95;9.41;09/06/2026;03:00;16.9;47;5.5;14.9;0;0.0;0.0;0.0;0.0;0.0;0;P1;Ensoleillé;1017.9;979.1;0;0;0;0;39540.0;0.0;1.02;6.4;10.4;241;15.9;;;;;;;;
Rogliano;42.95;9.41;09/06/2026;04:00;17.2;47;5.8;15.6;1;0.0;0.0;0.0;0.0;0.0;0;P1;Ensoleillé;1018.1;979.4;1;0;0;1;39540.0;0.0;1.04;3.9;10.1;236;16.7;;;;;;;;
Rogliano;42.95;9.41;09/06/2026;05:00;17.7;47;6.1;16.4;1;0.0;0.0;0.0;0.0;0.0;0;P1;Ensoleillé;1018.3;979.6;1;0;0;1;39540.0;0.0;1.08;1.7;9.7;212;17.9;;;;;;;;
Rogliano;42.95;9.41;09/06/2026;06:00;18.2;46;6.5;17.1;1;0.0;0.0;0.0;0.0;0.0;0;P1;Ensoleillé;1018.4;979.8;1;0;0;1;39540.0;0.0;1.12;1.3;9.4;124;19.2;;;;;;;;
Rogliano;42.95;9.41;09/06/2026;07:00;18.7;46;6.9;17.5;2;0.0;0.0;0.0;0.0;0.0;0;P1;Ensoleillé;1018.6;980.0;2;0;0;2;39540.0;0.0;1.17;3.1;9.4;97;20.6;;;;;;;;
Rogliano;42.95;9.41;09/06/2026;08:00;19.3;46;7.3;17.8;2;0.0;0.0;0.0;0.0;0.0;0;P1;Ensoleillé;1018.7;980.2;2;0;0;2;39540.0;0.0;1.21;4.9;9.0;90;21.9;;;;;;;;
Rogliano;42.95;9.41;09/06/2026;09:00;19.9;45;7.6;18.3;2;0.0;0.0;0.0;0.0;0.0;0;P1;Ensoleillé;1018.8;980.4;1;0;0;2;39540.0;0.0;1.28;6.7;8.6;92;23.6;;;;;;;;
Rogliano;42.95;9.41;09/06/2026;10:00;20.7;44;8.0;18.9;1;0.0;0.0;0.0;0.0;0.0;0;P1;Ensoleillé;1018.9;980.6;0;0;0;0;39540.0;0.0;1.36;8.7;8.6;94;25.6;;;;;;;;
Rogliano;42.95;9.41;09/06/2026;11:00;21.5;43;8.5;20.0;1;0.0;0.0;0.0;0.0;0.0;0;P1;Ensoleillé;1019.0;980.8;0;0;0;0;39540.0;0.0;1.45;10.7;8.6;97;27.7;;;;;;;;
Rogliano;42.95;9.41;09/06/2026;12:00;22.2;42;8.9;21.4;1;0.0;0.0;0.0;0.0;0.0;0;P1;Ensoleillé;1019.1;981.0;0;0;0;0;39540.0;0.0;1.54;12.2;9.4;98;29.6;;;;;;;;
Rogliano;42.95;9.41;09/06/2026;13:00;22.7;42;9.3;22.4;0;0.0;0.0;0.0;0.0;0.0;0;P1;Ensoleillé;1019.1;981.0;0;0;0;0;39540.0;0.0;1.59;13.0;10.4;100;30.9;;;;;;;;
Rogliano;42.95;9.41;09/06/2026;14:00;22.9;43;9.7;23.0;0;0.0;0.0;0.0;0.0;0.0;0;P1;Ensoleillé;1019.1;981.0;1;0;0;1;39540.0;0.0;1.59;12.8;11.9;100;31.4;;;;;;;;
Rogliano;42.95;9.41;09/06/2026;15:00;22.7;45;10.1;23.1;0;0.0;0.0;0.0;0.0;0.0;0;P1;Ensoleillé;1019.0;980.9;7;0;0;6;38460.0;0.0;1.53;11.3;13.7;97;30.7;;;;;;;;
Rogliano;42.95;9.41;09/06/2026;16:00;22.2;47;10.5;22.8;1;0.0;0.0;0.0;0.0;0.0;0;P1;Ensoleillé;1018.8;980.7;15;0;1;15;37400.0;0.0;1.41;8.3;15.8;92;29.2;;;;;;;;
Rogliano;42.95;9.41;09/06/2026;17:00;21.5;51;10.9;22.1;2;0.0;0.0;0.0;0.0;0.0;1;P2;Éclaircies;1018.6;980.4;25;0;2;24;36320.0;0.0;1.27;4.9;17.6;80;27.2;;;;;;;;
Rogliano;42.95;9.41;09/06/2026;18:00;20.7;55;11.2;20.8;3;0.0;0.0;0.0;0.0;0.0;1;P2;Éclaircies;1018.4;980.1;35;0;2;33;35240.0;0.0;1.11;2.7;18.7;32;24.9;;;;;;;;
Rogliano;42.95;9.41;09/06/2026;19:00;19.9;59;11.5;19.8;4;0.0;0.0;0.0;0.0;0.0;1;P2;Éclaircies;1018.3;979.9;42;0;3;39;34180.0;0.0;0.96;3.7;19.1;331;22.7;;;;;;;;
Rogliano;42.95;9.41;09/06/2026;20:00;19.2;62;11.7;18.9;4;0.0;0.0;0.0;0.0;0.0;1;P2;Éclaircies;1018.2;979.7;45;0;3;42;33100.0;0.0;0.84;5.4;19.1;312;21.0;;;;;;;;
Rogliano;42.95;9.41;09/06/2026;21:00;18.4;65;11.8;18.1;4;0.0;0.0;0.0;0.0;0.0;1;P2;Éclaircies;1018.2;979.6;43;1;3;39;28100.0;0.0;0.73;6.1;18.4;302;19.5;;;;;;;;
Rogliano;42.95;9.41;09/06/2026;22:00;17.6;69;11.9;17.2;3;0.0;0.0;0.0;0.0;0.0;1;P2;Éclaircies;1018.3;979.6;37;2;2;33;23120.0;0.0;0.62;6.2;16.9;292;17.9;;;;;;;;
Rogliano;42.95;9.41;09/06/2026;23:00;16.7;73;11.8;16.4;2;0.0;0.0;0.0;0.0;0.0;1;P2;Éclaircies;1018.4;979.6;28;3;2;24;18140.0;0.0;0.52;6.2;15.5;278;16.5;;;;;;;;
Rogliano;42.95;9.41;10/06/2026;00:00;16.0;76;11.7;15.6;1;0.0;0.0;0.0;0.0;0.0;0;P1;Ensoleillé;1018.5;979.6;19;4;1;14;13140.0;0.0;0.44;6.1;14.0;267;15.3;;;;;;;;
Rogliano;42.95;9.41;10/06/2026;01:00;15.4;78;11.6;15.0;0;0.0;0.0;0.0;0.0;0.0;0;P1;Ensoleillé;1018.6;979.6;11;5;0;6;8160.0;0.0;0.39;6.3;12.6;255;14.5;;;;;;;;
Rogliano;42.95;9.41;10/06/2026;02:00;15.2;78;11.3;14.6;0;0.0;0.0;0.0;0.0;0.0;0;P1;Ensoleillé;1018.7;979.7;5;5;0;0;3160.0;0.0;0.39;6.6;11.2;248;14.2;;;;;;;;
Rogliano;42.95;9.41;10/06/2026;03:00;15.4;75;10.9;14.6;0;0.0;0.0;0.0;0.0;0.0;0;P1;Ensoleillé;1018.8;979.8;1;5;0;0;8600.0;0.0;0.44;7.0;9.7;244;14.5;;;;;;;;
Rogliano;42.95;9.41;10/06/2026;04:00;15.8;70;10.4;14.9;1;0.0;0.0;0.0;0.0;0.0;0;P1;Ensoleillé;1018.8;979.8;0;4;0;0;14020.0;0.0;0.53;7.3;8.6;242;15.4;;;;;;;;
Rogliano;42.95;9.41;10/06/2026;05:00;16.5;64;9.8;15.3;2;0.0;0.0;0.0;0.0;0.0;0;P1;Ensoleillé;1018.8;979.9;0;3;0;0;19460.0;0.0;0.67;7.7;7.6;240;16.6;;;;;;;;
Rogliano;42.95;9.41;10/06/2026;06:00;17.3;59;9.2;15.9;3;0.0;0.0;0.0;0.0;0.0;0;P1;Ensoleillé;1018.9;980.1;0;2;0;0;24880.0;0.0;0.81;7.7;6.8;239;18.1;;;;;;;;
Rogliano;42.95;9.41;10/06/2026;07:00;18.1;54;8.6;16.6;4;0.0;0.0;0.0;0.0;0.0;0;P1;Ensoleillé;1018.9;980.2;0;1;0;0;30300.0;0.0;0.95;7.5;6.5;240;19.7;;;;;;;;
Rogliano;42.95;9.41;10/06/2026;08:00;18.8;50;8.2;17.3;4;0.0;0.0;0.0;0.0;0.0;0;P1;Ensoleillé;1019.0;980.4;0;0;0;0;35740.0;0.0;1.08;7.1;7.2;240;21.3;;;;;;;;
Rogliano;42.95;9.41;10/06/2026;09:00;19.6;47;8.0;18.1;4;0.0;0.0;0.0;0.0;0.0;0;P1;Ensoleillé;1019.1;980.6;12;0;0;12;37160.0;0.0;1.2;6.2;9.4;240;23.2;;;;;;;;
Rogliano;42.95;9.41;10/06/2026;10:00;20.5;44;7.9;19.2;3;0.0;0.0;0.0;0.0;0.0;1;P2;Éclaircies;1019.3;980.9;30;0;0;30;38600.0;0.0;1.34;4.6;12.6;244;25.7;;;;;;;;
Rogliano;42.95;9.41;10/06/2026;11:00;21.4;42;7.9;20.8;2;0.0;0.0;0.0;0.0;0.0;2;P8;Éclaircies;1019.5;981.2;51;0;0;51;40020.0;0.0;1.48;3.0;15.1;253;28.3;;;;;;;;
Rogliano;42.95;9.41;10/06/2026;12:00;22.2;40;7.9;22.7;1;0.0;0.0;0.0;0.0;0.0;2;P8;Éclaircies;1019.7;981.5;71;1;0;71;41440.0;0.0;1.62;1.6;16.2;276;30.6;;;;;;;;
Rogliano;42.95;9.41;10/06/2026;13:00;22.9;38;7.8;24.0;1;0.0;0.0;0.0;0.0;0.0;3;P4;Nuageux;1019.8;981.7;85;1;0;85;42880.0;0.0;1.73;1.2;16.9;333;32.3;;;;;;;;
Rogliano;42.95;9.41;10/06/2026;14:00;23.2;36;7.5;24.4;0;0.0;0.0;0.0;0.0;0.0;3;P4;Nuageux;1019.9;981.8;91;1;0;91;44300.0;0.0;1.8;1.5;16.9;353;33.0;;;;;;;;
Rogliano;42.95;9.41;10/06/2026;15:00;23.1;35;6.9;24.1;0;0.0;0.0;0.0;0.0;0.0;3;P4;Nuageux;1019.9;981.8;85;1;0;85;44300.0;0.0;1.83;1.2;16.6;333;32.4;;;;;;;;
Rogliano;42.95;9.41;10/06/2026;16:00;22.8;34;6.2;23.2;0;0.0;0.0;0.0;0.0;0.0;2;P8;Éclaircies;1019.8;981.7;69;1;0;69;44300.0;0.0;1.83;1.5;15.8;284;30.8;;;;;;;;
Rogliano;42.95;9.41;10/06/2026;17:00;22.3;33;5.4;21.6;0;0.0;0.0;0.0;0.0;0.0;1;P2;Éclaircies;1019.7;981.5;49;1;0;49;44300.0;0.0;1.8;2.6;15.1;254;28.6;;;;;;;;
Rogliano;42.95;9.41;10/06/2026;18:00;21.7;33;4.6;19.7;0;0.0;0.0;0.0;0.0;0.0;1;P2;Éclaircies;1019.6;981.4;28;0;0;28;44300.0;0.0;1.74;4.2;15.1;245;26.2;;;;;;;;
Rogliano;42.95;9.41;10/06/2026;19:00;21.0;33;4.0;18.8;0;0.0;0.0;0.0;0.0;0.0;0;P1;Ensoleillé;1019.4;981.1;10;0;0;10;44300.0;0.0;1.68;5.6;15.1;239;23.8;;;;;;;;
Rogliano;42.95;9.41;10/06/2026;20:00;20.4;33;3.6;17.9;0;0.0;0.0;0.0;0.0;0.0;0;P1;Ensoleillé;1019.3;980.9;0;0;0;0;44300.0;0.0;1.61;6.5;14.8;238;21.9;;;;;;;;
Rogliano;42.95;9.41;10/06/2026;21:00;19.8;34;3.5;17.2;0;0.0;0.0;0.0;0.0;0.0;0;P1;Ensoleillé;1019.2;980.7;0;0;0;0;43500.0;0.0;1.52;6.9;13.7;239;20.2;;;;;;;;
Rogliano;42.95;9.41;10/06/2026;22:00;19.0;36;3.6;16.4;0;0.0;0.0;0.0;0.0;0.0;0;P1;Ensoleillé;1019.0;980.4;6;0;0;6;42700.0;0.0;1.4;6.9;12.6;239;18.5;;;;;;;;
Rogliano;42.95;9.41;10/06/2026;23:00;18.1;39;3.9;15.7;0;0.0;0.0;0.0;0.0;0.0;0;P1;Ensoleillé;1018.9;980.2;16;0;0;16;41920.0;0.0;1.27;6.9;11.2;240;16.8;;;;;;;;
Rogliano;42.95;9.41;11/06/2026;00:00;17.4;42;4.3;15.0;0;0.0;0.0;0.0;0.0;0.0;1;P2;Éclaircies;1018.8;980.0;26;0;0;26;41120.0;0.0;1.15;6.6;10.1;241;15.5;;;;;;;;
Rogliano;42.95;9.41;11/06/2026;01:00;16.9;44;4.7;14.6;0;0.0;0.0;0.0;0.0;0.0;1;P2;Éclaircies;1018.6;979.8;35;0;0;35;40320.0;0.0;1.07;6.4;8.6;241;14.6;;;;;;;;
Rogliano;42.95;9.41;11/06/2026;02:00;16.7;46;5.0;14.6;0;0.0;0.0;0.0;0.0;0.0;1;P2;Éclaircies;1018.5;979.7;38;0;0;38;39520.0;0.0;1.03;6.0;8.3;241;14.3;;;;;;;;
Rogliano;42.95;9.41;11/06/2026;03:00;16.9;46;5.3;14.9;0;0.0;0.0;0.0;0.0;0.0;1;P2;Éclaircies;1018.4;979.6;36;0;0;36;39520.0;0.0;1.03;5.5;9.0;238;14.9;;;;;;;;
Rogliano;42.95;9.41;11/06/2026;04:00;17.4;46;5.8;15.7;0;0.0;0.0;0.0;0.0;0.0;1;P2;Éclaircies;1018.3;979.6;30;0;0;30;39520.0;0.0;1.07;4.8;10.1;236;16.1;;;;;;;;
Rogliano;42.95;9.41;11/06/2026;05:00;18.2;46;6.3;16.6;0;0.0;0.0;0.0;0.0;0.0;1;P2;Éclaircies;1018.2;979.6;22;0;1;21;39520.0;0.0;1.13;4.1;10.8;229;17.7;;;;;;;;
Rogliano;42.95;9.41;11/06/2026;06:00;19.0;45;6.7;17.7;0;0.0;0.0;0.0;0.0;0.0;0;P1;Ensoleillé;1018.1;979.6;13;0;1;13;39520.0;0.0;1.22;3.5;10.8;219;19.7;;;;;;;;
Rogliano;42.95;9.41;11/06/2026;07:00;19.9;43;6.8;18.6;0;0.0;0.0;0.0;0.0;0.0;0;P1;Ensoleillé;1018.0;979.6;6;0;1;5;39520.0;0.0;1.33;3.0;10.4;213;21.6;;;;;;;;
Rogliano;42.95;9.41;11/06/2026;08:00;20.6;40;6.7;19.3;0;0.0;0.0;0.0;0.0;0.0;0;P1;Ensoleillé;1018.0;979.7;1;0;1;0;39520.0;0.0;1.45;2.8;10.4;207;23.5;;;;;;;;
Rogliano;42.95;9.41;11/06/2026;09:00;21.4;37;6.0;19.9;0;0.0;0.0;0.0;0.0;0.0;0;P1;Ensoleillé;1018.1;979.9;0;0;1;0;40320.0;0.0;1.61;2.9;11.5;210;25.5;;;;;;;;
Rogliano;42.95;9.41;11/06/2026;10:00;22.2;33;4.9;20.5;0;0.0;0.0;0.0;0.0;0.0;0;P1;Ensoleillé;1018.2;980.1;0;0;1;0;41120.0;0.0;1.8;3.0;13.0;218;27.9;;;;;;;;
Rogliano;42.95;9.41;11/06/2026;11:00;23.0;28;3.6;21.5;0;0.0;0.0;0.0;0.0;0.0;0;P1;Ensoleillé;1018.3;980.3;0;0;0;0;41940.0;0.0;2.02;3.3;14.0;225;30.3;;;;;;;;
Rogliano;42.95;9.41;11/06/2026;12:00;23.7;25;2.3;22.8;0;0.0;0.0;0.0;0.0;0.0;0;P1;Ensoleillé;1018.5;980.6;0;0;0;0;42740.0;0.0;2.21;3.9;14.4;233;32.5;;;;;;;;
Rogliano;42.95;9.41;11/06/2026;13:00;24.2;22;1.2;23.6;0;0.0;0.0;0.0;0.0;0.0;0;P1;Ensoleillé;1018.6;980.7;1;0;0;0;43540.0;0.0;2.36;4.4;14.4;238;34.0;;;;;;;;
Rogliano;42.95;9.41;11/06/2026;14:00;24.4;21;0.5;23.9;0;0.0;0.0;0.0;0.0;0.0;0;P1;Ensoleillé;1018.6;980.8;1;0;0;1;44340.0;0.0;2.42;5.1;13.7;243;34.5;;;;;;;;
Rogliano;42.95;9.41;11/06/2026;15:00;24.2;21;0.3;23.4;0;0.0;0.0;0.0;0.0;0.0;0;P1;Ensoleillé;1018.5;980.6;1;0;0;1;44340.0;0.0;2.4;5.8;11.9;244;33.7;;;;;;;;
Rogliano;42.95;9.41;11/06/2026;16:00;23.7;21;0.3;22.4;1;0.0;0.0;0.0;0.0;0.0;0;P1;Ensoleillé;1018.4;980.5;1;0;1;0;44340.0;0.0;2.31;6.7;9.4;246;31.8;;;;;;;;
Rogliano;42.95;9.41;11/06/2026;17:00;23.0;23;0.5;20.9;1;0.0;0.0;0.0;0.0;0.0;0;P1;Ensoleillé;1018.2;980.2;0;0;1;0;44340.0;0.0;2.18;7.5;7.6;246;29.3;;;;;;;;
Rogliano;42.95;9.41;11/06/2026;18:00;22.2;24;0.9;19.1;1;0.0;0.0;0.0;0.0;0.0;0;P1;Ensoleillé;1018.0;979.9;0;0;2;0;44340.0;0.0;2.03;8.4;6.5;247;26.6;;;;;;;;
Rogliano;42.95;9.41;11/06/2026;19:00;21.4;27;1.4;18.2;2;0.0;0.0;0.0;0.0;0.0;0;P1;Ensoleillé;1017.9;979.7;1;0;2;0;44340.0;0.0;1.87;9.0;6.1;248;23.9;;;;;;;;
Rogliano;42.95;9.41;11/06/2026;20:00;20.6;29;2.1;17.5;2;0.0;0.0;0.0;0.0;0.0;0;P1;Ensoleillé;1017.9;979.6;2;0;2;0;44340.0;0.0;1.71;9.1;5.8;249;21.9;;;;;;;;
Rogliano;42.95;9.41;11/06/2026;21:00;19.8;33;3.0;16.9;2;0.0;0.0;0.0;0.0;0.0;0;P1;Ensoleillé;1018.1;979.7;4;0;2;2;42460.0;0.0;1.55;8.8;5.8;251;20.2;;;;;;;;
Rogliano;42.95;9.41;11/06/2026;22:00;18.8;38;4.2;16.2;2;0.0;0.0;0.0;0.0;0.0;0;P1;Ensoleillé;1018.3;979.7;7;0;2;6;40580.0;0.0;1.34;8.1;5.8;252;18.5;;;;;;;;
Rogliano;42.95;9.41;11/06/2026;23:00;17.8;45;5.5;15.6;2;0.0;0.0;0.0;0.0;0.0;0;P1;Ensoleillé;1018.7;980.0;11;0;1;10;38700.0;0.0;1.13;7.3;6.1;254;16.9;;;;;;;;
Rogliano;42.95;9.41;12/06/2026;00:00;16.9;52;6.9;15.2;2;0.0;0.0;0.0;0.0;0.0;0;P1;Ensoleillé;1019.0;980.2;15;0;1;14;36800.0;0.0;0.93;6.2;7.2;258;15.6;;;;;;;;
Rogliano;42.95;9.41;12/06/2026;01:00;16.2;59;8.1;14.9;2;0.0;0.0;0.0;0.0;0.0;0;P1;Ensoleillé;1019.4;980.5;18;0;0;17;34920.0;0.0;0.76;5.4;8.3;266;14.8;;;;;;;;
Rogliano;42.95;9.41;12/06/2026;02:00;15.9;64;9.1;15.0;2;0.0;0.0;0.0;0.0;0.0;0;P1;Ensoleillé;1019.6;980.6;19;0;0;19;33040.0;0.0;0.65;4.7;9.0;274;14.5;;;;;;;;
Rogliano;42.95;9.41;12/06/2026;03:00;16.0;67;10.0;15.4;3;0.0;0.0;0.0;0.0;0.0;0;P1;Ensoleillé;1019.7;980.7;18;0;0;18;33040.0;0.0;0.59;4.3;9.4;287;14.8;;;;;;;;
Rogliano;42.95;9.41;12/06/2026;04:00;16.4;69;10.8;16.0;4;0.0;0.0;0.0;0.0;0.0;0;P1;Ensoleillé;1019.8;980.9;16;0;0;16;33040.0;0.0;0.57;4.5;9.0;304;15.7;;;;;;;;
Rogliano;42.95;9.41;12/06/2026;05:00;17.0;70;11.4;16.7;5;0.0;0.0;0.0;0.0;0.0;0;P1;Ensoleillé;1019.9;981.1;12;0;0;13;33040.0;0.0;0.59;5.1;8.3;318;17.1;;;;;;;;
Rogliano;42.95;9.41;12/06/2026;06:00;17.8;68;11.9;17.6;5;0.0;0.0;0.0;0.0;0.0;0;P1;Ensoleillé;1019.9;981.2;9;0;0;10;33040.0;0.0;0.65;5.8;6.5;330;18.7;;;;;;;;
Rogliano;42.95;9.41;12/06/2026;07:00;18.6;66;12.2;18.4;6;0.0;0.0;0.0;0.0;0.0;0;P1;Ensoleillé;1019.9;981.3;8;0;0;8;33040.0;0.0;0.72;6.4;3.6;338;20.4;;;;;;;;
Rogliano;42.95;9.41;12/06/2026;08:00;19.4;63;12.2;19.1;6;0.0;0.0;0.0;0.0;0.0;0;P1;Ensoleillé;1019.9;981.4;9;0;0;9;33040.0;0.0;0.83;6.8;2.2;348;22.1;;;;;;;;
Rogliano;42.95;9.41;12/06/2026;09:00;20.3;58;11.8;19.8;6;0.0;0.0;0.0;0.0;0.0;0;P1;Ensoleillé;1019.9;981.5;13;0;0;13;34920.0;0.0;1.0;6.8;2.5;357;24.1;;;;;;;;
Rogliano;42.95;9.41;12/06/2026;10:00;21.3;52;11.0;20.6;5;0.0;0.0;0.0;0.0;0.0;1;P2;Éclaircies;1019.8;981.5;21;0;0;21;36780.0;0.0;1.23;7.0;3.6;10;26.4;;;;;;;;
Rogliano;42.95;9.41;12/06/2026;11:00;22.4;45;9.9;21.8;5;0.0;0.0;0.0;0.0;0.0;1;P2;Éclaircies;1019.8;981.7;29;0;0;29;38660.0;0.0;1.49;7.3;4.7;23;28.9;;;;;;;;
Rogliano;42.95;9.41;12/06/2026;12:00;23.8;42;10.0;24.2;4;0.0;0.0;0.0;0.0;0.0;1;P2;Éclaircies;1019.8;981.8;54;0;3;54;36440.0;0.0;1.72;6.4;5.0;48;31.2;;;;;;;;
Rogliano;42.95;9.41;12/06/2026;13:00;25.0;41;10.9;26.0;4;0.0;0.0;0.0;0.0;0.0;1;P2;Éclaircies;1019.7;981.9;73;0;10;73;33270.0;0.0;1.85;6.9;5.4;79;33.3;;;;;;;;
Rogliano;42.95;9.41;12/06/2026;14:00;25.8;44;12.4;27.3;3;0.0;0.0;0.0;0.0;0.0;2;P8;Éclaircies;1019.6;981.9;88;0;20;88;29175.0;0.0;1.85;7.4;5.4;101;34.7;;;;;;;;
Rogliano;42.95;9.41;12/06/2026;15:00;25.8;49;14.2;28.0;3;0.0;0.0;0.0;0.0;0.0;3;P4;Nuageux;1019.4;981.7;100;0;21;100;24140.0;0.0;1.69;5.7;5.0;125;;;;;;;;;
Rogliano;42.95;9.41;12/06/2026;16:00;25.1;50;14.0;27.3;3;0.0;0.0;0.0;0.0;0.0;3;P4;Nuageux;1019.3;981.5;100;0;12;100;24140.0;0.0;1.59;3.6;4.7;143;;;;;;;;;
Rogliano;42.95;9.41;12/06/2026;17:00;24.5;52;14.0;26.2;3;0.0;0.0;0.0;0.0;0.0;3;P4;Nuageux;1019.1;981.2;98;0;5;97;24140.0;0.0;1.47;2.5;4.7;188;;;;;;;;;
Rogliano;42.95;9.41;12/06/2026;18:00;23.9;55;14.3;24.9;3;0.0;0.0;0.0;0.0;0.0;2;P8;Éclaircies;1018.8;980.9;71;0;1;70;24140.0;0.0;1.34;3.1;5.0;225;;;;;;;;;
Rogliano;42.95;9.41;12/06/2026;19:00;23.3;58;14.6;24.2;3;0.0;0.0;0.0;0.0;0.0;1;P2;Éclaircies;1018.6;980.6;35;0;0;34;24140.0;0.0;1.2;4.2;5.4;250;;;;;;;;;
Rogliano;42.95;9.41;12/06/2026;20:00;22.7;61;14.7;23.4;3;0.0;0.0;0.0;0.0;0.0;0;P1;Ensoleillé;1018.4;980.3;14;0;5;7;24140.0;0.0;1.07;5.5;5.8;259;;;;;;;;;
Rogliano;42.95;9.41;12/06/2026;21:00;21.7;63;14.4;22.1;3;0.0;0.0;0.0;0.0;0.0;1;P2;Éclaircies;1018.4;980.2;23;0;23;0;24140.0;0.0;0.96;6.9;6.5;264;;;;;;;;;
Rogliano;42.95;9.41;12/06/2026;22:00;20.7;65;13.9;20.8;3;0.0;0.0;0.0;0.0;0.0;1;P2;Éclaircies;1018.6;980.3;46;0;47;0;24140.0;0.0;0.85;7.9;7.2;270;;;;;;;;;
Rogliano;42.95;9.41;12/06/2026;23:00;20.0;66;13.4;19.8;3;0.0;0.0;0.0;0.0;0.0;2;P8;Éclaircies;1018.6;980.2;60;0;60;0;24140.0;0.0;0.79;8.6;7.6;272;;;;;;;;;
Vico;42.16;8.8;28/05/2026;00:00;17.7;54;8.3;16.3;0;0.0;0.0;0.0;0.0;0.0;0;P1;Ensoleillé;1020.4;973.2;0;0;0;0;41500.0;0.03;0.93;6.9;14.4;47;17.2;19.2;20.6;17.3;0.089;0.145;0.189;0.244;0.26
Vico;42.16;8.8;28/05/2026;01:00;17.2;56;8.3;15.8;0;0.0;0.0;0.0;0.0;0.0;0;P1;Ensoleillé;1020.3;973.0;0;0;0;0;41320.0;0.03;0.86;6.4;14.0;47;16.7;18.7;20.2;17.3;0.09;0.145;0.189;0.244;0.26
Vico;42.16;8.8;28/05/2026;02:00;17.3;56;8.5;16.0;0;0.0;0.0;0.0;0.0;0.0;0;P1;Ensoleillé;1019.9;972.7;0;0;0;0;41220.0;0.03;0.87;6.4;13.3;47;16.8;18.5;19.9;17.4;0.09;0.144;0.189;0.257;0.261
Vico;42.16;8.8;28/05/2026;03:00;17.0;56;8.2;15.6;0;0.0;0.0;0.0;0.0;0.0;0;P1;Ensoleillé;1019.3;972.1;0;0;0;0;41120.0;0.03;0.86;6.6;14.0;49;16.5;18.1;19.6;17.4;0.09;0.144;0.189;0.257;0.261
Vico;42.16;8.8;28/05/2026;04:00;16.9;55;7.8;15.4;0;0.0;0.0;0.0;0.0;0.0;0;P1;Ensoleillé;1018.9;971.6;0;0;0;0;41240.0;0.03;0.87;6.4;14.0;47;16.2;17.8;19.3;17.4;0.09;0.144;0.189;0.256;0.261
Vico;42.16;8.8;28/05/2026;05:00;16.2;57;7.7;14.7;0;0.0;0.0;0.0;0.0;0.0;0;P1;Ensoleillé;1019.2;971.8;0;0;0;0;40900.0;0.03;0.79;6.6;13.7;45;15.6;17.4;19.0;17.4;0.091;0.144;0.189;0.256;0.261
Vico;42.16;8.8;28/05/2026;06:00;16.0;57;7.5;14.4;0;0.0;0.0;0.0;0.0;0.0;0;P1;Ensoleillé;1019.6;972.2;0;0;0;0;40940.0;0.03;0.78;6.6;14.4;45;15.4;17.1;18.7;17.4;0.091;0.144;0.19;0.256;0.261
Vico;42.16;8.8;28/05/2026;07:00;17.4;59;9.3;16.3;0;0.0;0.0;0.0;0.0;0.0;0;P1;Ensoleillé;1019.6;972.4;0;0;0;0;40720.0;0.05;0.81;6.1;14.4;45;16.4;17.0;18.5;17.4;0.092;0.143;0.19;0.256;0.261
Vico;42.16;8.8;28/05/2026;08:00;20.4;63;13.1;20.8;0;0.0;0.0;0.0;0.0;0.0;0;P1;Ensoleillé;1019.4;972.7;0;0;0;0;40520.0;0.1;0.89;3.8;13.0;41;20.8;18.1;18.3;17.4;0.092;0.143;0.19;0.255;0.261
Vico;42.16;8.8;28/05/2026;09:00;23.1;59;14.7;24.3;0;0.0;0.0;0.0;0.0;0.0;0;P1;Ensoleillé;1018.7;972.4;0;0;0;0;40760.0;0.21;1.16;2.4;7.9;207;23.5;19.7;18.3;17.4;0.092;0.143;0.189;0.255;0.261
Vico;42.16;8.8;28/05/2026;10:00;24.3;46;11.9;24.5;0;0.0;0.0;0.0;0.0;0.0;0;P1;Ensoleillé;1019.0;972.9;0;0;0;0;42760.0;0.41;1.64;3.6;10.4;233;24.5;20.8;18.5;17.4;0.091;0.142;0.189;0.254;0.261
Vico;42.16;8.8;28/05/2026;11:00;25.5;43;12.0;26.3;0;0.0;0.0;0.0;0.0;0.0;0;P1;Ensoleillé;1019.4;973.4;0;0;0;0;42540.0;0.47;1.86;6.1;15.8;230;26.8;22.0;18.8;17.4;0.088;0.141;0.188;0.252;0.26
Vico;42.16;8.8;28/05/2026;12:00;26.6;41;12.3;27.9;0;0.0;0.0;0.0;0.0;0.0;0;P1;Ensoleillé;1019.5;973.7;0;0;0;0;42780.0;0.47;2.05;8.1;21.6;238;28.4;23.2;19.2;17.4;0.086;0.141;0.187;0.251;0.26
Vico;42.16;8.8;28/05/2026;13:00;27.2;41;12.8;28.9;0;0.0;0.0;0.0;0.0;0.0;0;P1;Ensoleillé;1019.4;973.7;0;0;0;0;42480.0;0.43;2.13;9.2;24.1;239;29.2;24.2;19.7;17.4;0.083;0.14;0.186;0.25;0.26
Vico;42.16;8.8;28/05/2026;14:00;27.2;42;13.2;29.1;0;0.0;0.0;0.0;0.0;0.0;0;P1;Ensoleillé;1019.0;973.3;0;0;0;0;42140.0;0.39;2.09;9.5;25.9;241;29.4;24.8;20.1;17.4;0.079;0.139;0.186;0.249;0.259
Vico;42.16;8.8;28/05/2026;15:00;27.1;38;11.6;28.3;0;0.0;0.0;0.0;0.0;0.0;0;P1;Ensoleillé;1018.6;972.9;0;0;0;0;42980.0;0.37;2.23;9.2;25.9;239;29.2;25.2;20.6;17.4;0.076;0.139;0.185;0.249;0.259
Vico;42.16;8.8;28/05/2026;16:00;27.0;37;11.1;27.7;0;0.0;0.0;0.0;0.0;0.0;0;P1;Ensoleillé;1018.5;972.8;0;0;0;0;43340.0;0.33;2.25;8.3;24.1;236;28.8;25.3;21.0;17.5;0.074;0.138;0.185;0.248;0.259
Vico;42.16;8.8;28/05/2026;17:00;26.3;41;12.0;26.6;0;0.0;0.0;0.0;0.0;0.0;0;P1;Ensoleillé;1018.4;972.6;23;0;23;0;42560.0;0.29;2.02;7.5;22.3;235;27.4;25.1;21.4;17.5;0.071;0.138;0.184;0.247;0.259
Vico;42.16;8.8;28/05/2026;18:00;25.9;41;11.7;25.5;0;0.0;0.0;0.0;0.0;0.0;1;P2;Éclaircies;1018.3;972.5;14;0;14;0;42740.0;0.23;1.98;6.4;20.2;232;26.4;24.8;21.6;17.6;0.069;0.137;0.184;0.247;0.259
Vico;42.16;8.8;28/05/2026;19:00;25.1;44;12.0;25.0;0;0.0;0.0;0.0;0.0;0.0;0;P1;Ensoleillé;1018.0;972.0;0;0;0;0;42360.0;0.15;1.78;4.6;16.9;225;24.7;24.2;21.8;17.6;0.068;0.137;0.184;0.246;0.258
Vico;42.16;8.8;28/05/2026;20:00;23.4;54;13.6;24.2;0;0.0;0.0;0.0;0.0;0.0;0;P1;Ensoleillé;1018.1;971.9;0;0;0;0;41360.0;0.08;1.33;2.8;12.2;220;21.8;23.3;21.9;17.6;0.068;0.137;0.184;0.246;0.258
Vico;42.16;8.8;28/05/2026;21:00;21.4;66;14.8;22.7;0;0.0;0.0;0.0;0.0;0.0;0;P1;Ensoleillé;1018.1;971.6;0;0;0;0;40540.0;0.01;0.87;2.2;6.8;81;18.6;21.8;21.8;17.7;0.069;0.137;0.184;0.246;0.258
Vico;42.16;8.8;28/05/2026;22:00;19.5;62;12.1;19.3;0;0.0;0.0;0.0;0.0;0.0;0;P1;Ensoleillé;1018.6;971.8;0;0;0;0;40420.0;0.01;0.86;6.1;13.0;62;18.6;20.5;21.5;17.7;0.071;0.137;0.184;0.246;0.258
Vico;42.16;8.8;28/05/2026;23:00;18.9;59;10.7;18.2;0;0.0;0.0;0.0;0.0;0.0;0;P1;Ensoleillé;1018.6;971.7;0;0;0;0;40600.0;0.03;0.9;5.9;13.7;52;18.1;20.0;21.2;17.7;0.072;0.137;0.184;0.245;0.258
Vico;42.16;8.8;29/05/2026;00:00;18.5;63;11.3;18.0;0;0.0;0.0;0.0;0.0;0.0;0;P1;Ensoleillé;1018.9;971.9;0;0;0;0;40160.0;0.02;0.79;6.1;12.6;50;17.7;19.5;20.8;17.8;0.072;0.137;0.184;0.245;0.258
Vico;42.16;8.8;29/05/2026;01:00;18.0;70;12.5;18.1;0;0.0;0.0;0.0;0.0;0.0;1;P2;Éclaircies;1019.2;972.1;28;0;0;28;38840.0;0.02;0.62;5.1;12.2;45;17.2;19.1;20.5;17.8;0.073;0.137;0.184;0.245;0.258
Vico;42.16;8.8;29/05/2026;02:00;17.9;72;12.8;18.1;0;0.0;0.0;0.0;0.0;0.0;1;P2;Éclaircies;1019.1;972.0;46;0;0;46;38360.0;0.01;0.58;5.2;10.4;34;16.9;18.7;20.2;17.8;0.074;0.137;0.184;0.245;0.258
Vico;42.16;8.8;29/05/2026;03:00;17.4;75;12.9;17.7;0;0.0;0.0;0.0;0.0;0.0;1;P2;Éclaircies;1018.7;971.5;39;0;0;39;37340.0;0.01;0.5;4.3;9.4;42;16.2;18.3;19.9;17.8;0.076;0.136;0.184;0.245;0.258
Vico;42.16;8.8;29/05/2026;04:00;17.1;76;12.9;17.4;0;0.0;0.0;0.0;0.0;0.0;2;P8;Éclaircies;1018.4;971.2;57;0;0;57;37360.0;0.01;0.47;4.6;8.6;45;15.9;17.9;19.6;17.8;0.077;0.136;0.184;0.245;0.258
Vico;42.16;8.8;29/05/2026;05:00;17.0;75;12.5;17.0;0;0.0;0.0;0.0;0.0;0.0;0;P1;Ensoleillé;1018.6;971.4;0;0;0;0;37380.0;0.01;0.48;5.4;10.8;48;16.0;17.6;19.3;17.8;0.078;0.136;0.184;0.244;0.258
Vico;42.16;8.8;29/05/2026;06:00;16.9;78;13.0;17.1;0;0.0;0.0;0.0;0.0;0.0;0;P1;Ensoleillé;1019.0;971.7;2;0;0;2;36340.0;0.01;0.42;5.4;11.2;48;15.9;17.4;19.0;17.8;0.08;0.136;0.184;0.244;0.258
Vico;42.16;8.8;29/05/2026;07:00;17.8;83;14.9;18.8;0;0.0;0.0;0.0;0.0;0.0;0;P1;Ensoleillé;1019.3;972.2;5;0;0;5;31300.0;0.02;0.35;4.4;11.5;35;17.9;17.5;18.7;17.8;0.081;0.136;0.185;0.244;0.258
Vico;42.16;8.8;29/05/2026;08:00;20.3;86;17.9;22.9;3;0.0;0.0;0.0;0.0;0.0;1;P2;Éclaircies;1019.4;972.7;23;0;12;11;26120.0;0.06;0.33;1.8;9.4;259;21.4;18.6;18.6;17.8;0.082;0.136;0.184;0.244;0.258
Vico;42.16;8.8;29/05/2026;09:00;22.2;64;15.1;23.1;5;0.0;0.0;0.0;0.0;0.0;3;P4;Nuageux;1019.9;973.4;100;2;1;100;39440.0;0.22;0.96;5.1;14.4;231;22.5;19.9;18.7;17.8;0.082;0.136;0.184;0.243;0.258
Vico;42.16;8.8;29/05/2026;10:00;22.8;64;15.7;24.0;5;0.0;0.0;0.0;0.0;0.0;3;P4;Nuageux;1020.3;973.9;100;2;8;100;39300.0;0.35;1.0;5.0;14.0;249;23.9;20.8;18.8;17.8;0.081;0.135;0.184;0.242;0.258
Vico;42.16;8.8;29/05/2026;11:00;24.0;57;14.9;25.3;0;0.0;0.0;0.0;0.0;0.0;2;P8;Éclaircies;1020.9;974.7;72;1;9;66;40340.0;0.41;1.28;6.4;18.0;254;25.6;21.6;19.1;17.8;0.08;0.135;0.183;0.242;0.258
Vico;42.16;8.8;29/05/2026;12:00;25.3;46;12.9;26.5;0;0.0;0.0;0.0;0.0;0.0;3;P4;Nuageux;1020.6;974.6;100;3;0;100;41840.0;0.45;1.75;7.9;21.2;246;27.5;22.7;19.4;17.8;0.078;0.134;0.182;0.241;0.257
Vico;42.16;8.8;29/05/2026;13:00;25.9;47;13.8;27.5;10;0.0;0.0;0.0;0.0;0.0;3;P4;Nuageux;1020.7;974.8;100;4;2;100;41580.0;0.44;1.78;9.0;24.1;247;27.4;23.6;19.8;17.8;0.075;0.133;0.181;0.24;0.257
Vico;42.16;8.8;29/05/2026;14:00;26.7;47;14.4;28.7;18;0.0;0.0;0.0;0.0;0.0;1;P2;Éclaircies;1020.3;974.5;20;3;0;20;41280.0;0.39;1.86;9.2;24.8;244;29.2;24.4;20.2;17.8;0.073;0.133;0.181;0.239;0.257
Vico;42.16;8.8;29/05/2026;15:00;26.8;46;14.3;28.5;20;0.0;0.0;0.0;0.0;0.0;0;P1;Ensoleillé;1020.1;974.3;19;3;0;19;41480.0;0.35;1.91;9.2;25.6;249;28.5;24.9;20.7;17.8;0.07;0.132;0.18;0.238;0.256
Vico;42.16;8.8;29/05/2026;16:00;26.4;47;14.2;27.0;18;0.0;0.0;0.0;0.0;0.0;3;P4;Nuageux;1020.0;974.2;100;27;6;100;41580.0;0.3;1.82;9.0;25.6;247;27.3;24.8;21.1;17.9;0.068;0.132;0.18;0.238;0.256
Vico;42.16;8.8;29/05/2026;17:00;26.2;47;14.0;26.5;15;0.0;0.0;0.0;0.0;0.0;3;P4;Nuageux;1019.8;973.9;100;13;83;100;41660.0;0.25;1.81;7.1;23.4;255;27.0;24.7;21.4;17.9;0.067;0.131;0.179;0.237;0.256
Vico;42.16;8.8;29/05/2026;18:00;25.9;47;13.7;26.2;10;0.0;0.0;0.0;0.0;0.0;3;P4;Nuageux;1019.7;973.8;100;2;81;100;41700.0;0.18;1.77;6.3;19.1;246;26.1;24.5;21.6;17.9;0.065;0.131;0.179;0.237;0.256
Vico;42.16;8.8;29/05/2026;19:00;25.0;49;13.6;25.5;3;0.0;0.0;0.0;0.0;0.0;2;P8;Éclaircies;1019.9;973.9;70;1;20;60;41540.0;0.12;1.62;4.8;16.9;228;24.7;24.0;21.8;18.0;0.065;0.131;0.179;0.236;0.256
Vico;42.16;8.8;29/05/2026;20:00;23.6;56;14.3;24.5;0;0.0;0.0;0.0;0.0;0.0;1;P2;Éclaircies;1020.1;973.8;47;2;6;44;40960.0;0.07;1.28;3.3;12.6;221;22.2;23.2;21.8;18.0;0.064;0.131;0.179;0.236;0.256
Vico;42.16;8.8;29/05/2026;21:00;21.8;68;15.7;23.5;3;0.0;0.0;0.0;0.0;0.0;1;P2;Éclaircies;1020.2;973.7;29;6;0;24;40340.0;0.02;0.84;1.6;7.2;63;19.3;21.9;21.7;18.0;0.066;0.131;0.179;0.236;0.256
Vico;42.16;8.8;29/05/2026;22:00;20.1;72;14.9;20.9;0;0.0;0.0;0.0;0.0;0.0;1;P2;Éclaircies;1020.6;973.8;10;4;1;5;38000.0;0.01;0.66;5.3;10.8;62;19.1;20.8;21.5;18.1;0.067;0.131;0.179;0.236;0.256
Vico;42.16;8.8;29/05/2026;23:00;19.6;78;15.6;20.6;0;0.0;0.0;0.0;0.0;0.0;2;P8;Éclaircies;1021.0;974.1;78;0;0;78;34940.0;0.01;0.5;6.4;13.3;47;19.1;20.4;21.2;18.1;0.068;0.131;0.179;0.236;0.256
Vico;42.16;8.8;30/05/2026;00:00;19.6;76;15.2;20.4;0;0.0;0.0;0.0;0.0;0.0;0;P1;Ensoleillé;1021.1;974.2;0;0;0;0;35880.0;0.01;0.55;6.4;14.4;52;19.0;20.2;21.1;18.1;0.067;0.131;0.179;0.236;0.256
Vico;42.16;8.8;30/05/2026;01:00;19.5;72;14.3;19.9;0;0.0;0.0;0.0;0.0;0.0;0;P1;Ensoleillé;1021.0;974.1;0;0;0;0;37060.0;0.01;0.63;6.7;14.4;54;18.8;19.9;20.8;18.1;0.068;0.131;0.179;0.236;0.256
Vico;42.16;8.8;30/05/2026;02:00;19.3;70;13.7;19.5;0;0.0;0.0;0.0;0.0;0.0;0;P1;Ensoleillé;1020.7;973.7;0;0;0;0;38280.0;0.02;0.67;6.9;14.8;51;18.6;19.7;20.6;18.2;0.068;0.131;0.179;0.235;0.256
Vico;42.16;8.8;30/05/2026;03:00;19.1;68;13.0;19.0;0;0.0;0.0;0.0;0.0;0.0;0;P1;Ensoleillé;1020.3;973.3;0;0;0;0;38740.0;0.02;0.71;6.9;14.4;51;18.3;19.5;20.3;18.2;0.069;0.131;0.179;0.235;0.256
Vico;42.16;8.8;30/05/2026;04:00;18.8;68;12.8;18.7;0;0.0;0.0;0.0;0.0;0.0;0;P1;Ensoleillé;1020.0;973.0;0;0;0;0;38840.0;0.02;0.7;6.9;14.8;51;18.1;19.2;20.1;18.2;0.069;0.131;0.179;0.235;0.256
Vico;42.16;8.8;30/05/2026;05:00;18.7;67;12.4;18.4;0;0.0;0.0;0.0;0.0;0.0;0;P1;Ensoleillé;1019.9;972.9;0;0;0;0;39120.0;0.02;0.71;7.2;15.1;53;17.9;19.0;19.9;18.2;0.07;0.131;0.179;0.235;0.256
Vico;42.16;8.8;30/05/2026;06:00;18.6;66;12.2;18.3;0;0.0;0.0;0.0;0.0;0.0;0;P1;Ensoleillé;1020.1;973.1;0;0;0;0;39400.0;0.02;0.73;7.1;15.1;49;17.8;18.8;19.7;18.2;0.07;0.131;0.179;0.235;0.256
Vico;42.16;8.8;30/05/2026;07:00;19.8;67;13.5;20.0;0;0.0;0.0;0.0;0.0;0.0;0;P1;Ensoleillé;1020.3;973.4;0;0;0;0;39260.0;0.05;0.76;6.1;15.1;50;18.9;18.8;19.5;18.2;0.071;0.131;0.179;0.235;0.256
Vico;42.16;8.8;30/05/2026;08:00;22.0;71;16.5;23.8;0;0.0;0.0;0.0;0.0;0.0;0;P1;Ensoleillé;1020.4;973.9;0;0;0;0;38760.0;0.1;0.77;2.8;13.3;50;22.6;19.6;19.4;18.2;0.071;0.13;0.179;0.234;0.256
Vico;42.16;8.8;30/05/2026;09:00;23.9;60;15.7;25.3;0;0.0;0.0;0.0;0.0;0.0;0;P1;Ensoleillé;1020.5;974.3;0;0;0;0;40340.0;0.24;1.19;3.6;10.4;225;24.4;21.0;19.5;18.2;0.071;0.13;0.178;0.234;0.255
Vico;42.16;8.8;30/05/2026;10:00;24.4;61;16.4;25.9;0;0.0;0.0;0.0;0.0;0.0;0;P1;Ensoleillé;1020.4;974.2;0;0;0;0;40060.0;0.38;1.19;5.6;15.5;243;25.5;21.9;19.7;18.2;0.07;0.129;0.178;0.233;0.255
Vico;42.16;8.8;30/05/2026;11:00;25.2;60;16.9;27.5;0;0.0;0.0;0.0;0.0;0.0;0;P1;Ensoleillé;1020.6;974.5;1;1;0;0;39720.0;0.41;1.28;7.6;20.9;245;27.3;22.9;19.9;18.2;0.069;0.129;0.177;0.232;0.255
Vico;42.16;8.8;30/05/2026;12:00;25.7;62;17.9;28.9;0;0.0;0.0;0.0;0.0;0.0;1;P2;Éclaircies;1020.7;974.7;40;7;0;35;38540.0;0.38;1.25;8.9;24.5;249;28.5;23.9;20.3;18.2;0.068;0.128;0.176;0.232;0.254
Vico;42.16;8.8;30/05/2026;13:00;26.0;59;17.4;29.0;10;0.0;0.0;0.0;0.0;0.0;3;P4;Nuageux;1020.5;974.6;100;20;6;100;39140.0;0.35;1.38;8.7;23.4;253;28.7;24.5;20.7;18.2;0.067;0.128;0.176;0.231;0.254
Vico;42.16;8.8;30/05/2026;14:00;26.3;55;16.6;29.1;23;0.0;0.0;0.0;0.0;0.0;3;P4;Nuageux;1020.0;974.1;100;7;1;100;40120.0;0.32;1.54;6.5;23.4;267;28.7;25.0;21.1;18.2;0.065;0.127;0.175;0.23;0.254
Vico;42.16;8.8;30/05/2026;15:00;26.9;53;16.5;29.3;27;0.0;0.0;0.0;0.0;0.0;3;P4;Nuageux;1019.4;973.7;100;43;2;100;40380.0;0.32;1.66;9.8;25.9;253;28.9;25.6;21.5;18.2;0.064;0.127;0.175;0.229;0.254
Vico;42.16;8.8;30/05/2026;16:00;26.3;55;16.5;28.0;29;0.1;0.0;0.1;0.0;0.0;3;P4;Nuageux;1019.2;973.4;100;15;4;100;40080.0;0.26;1.54;6.5;25.6;276;28.3;25.4;21.8;18.3;0.062;0.126;0.174;0.229;0.254
Vico;42.16;8.8;30/05/2026;17:00;25.9;60;17.6;28.2;28;0.4;0.0;0.4;0.0;0.0;80;P9;Averses;1018.8;972.9;100;5;4;100;39160.0;0.27;1.34;3.1;18.4;249;27.6;25.3;22.1;18.3;0.094;0.126;0.174;0.228;0.253
Vico;42.16;8.8;30/05/2026;18:00;26.0;59;17.4;27.8;22;0.0;0.0;0.0;0.0;0.0;3;P4;Nuageux;1018.4;972.6;100;7;0;100;39680.0;0.23;1.38;6.2;16.6;249;26.7;25.2;22.3;18.3;0.091;0.126;0.173;0.228;0.253
Vico;42.16;8.8;30/05/2026;19:00;24.9;63;17.4;26.6;12;0.0;0.0;0.0;0.0;0.0;0;P1;Ensoleillé;1018.3;972.3;6;6;0;0;38960.0;0.14;1.16;6.3;18.0;246;25.0;24.7;22.5;18.4;0.089;0.126;0.173;0.228;0.253
Vico;42.16;8.8;30/05/2026;20:00;23.5;68;17.2;25.5;5;0.0;0.0;0.0;0.0;0.0;1;P2;Éclaircies;1018.3;972.1;28;3;0;25;38080.0;0.07;0.93;4.1;16.2;232;22.8;23.8;22.5;18.4;0.088;0.126;0.173;0.228;0.253
Vico;42.16;8.8;30/05/2026;21:00;21.3;82;18.1;24.2;2;0.0;0.0;0.0;0.0;0.0;3;P4;Nuageux;1018.4;971.9;100;0;0;100;34620.0;0.02;0.46;0.5;10.1;225;19.8;22.5;22.4;18.4;0.089;0.126;0.173;0.228;0.253
Vico;42.16;8.8;30/05/2026;22:00;20.6;83;17.6;22.7;1;0.0;0.0;0.0;0.0;0.0;3;P4;Nuageux;1018.7;972.0;100;0;0;100;33200.0;-0.0;0.41;4.5;6.8;61;19.0;21.3;22.1;18.5;0.09;0.126;0.173;0.228;0.253
Vico;42.16;8.8;30/05/2026;23:00;19.7;87;17.5;21.6;0;0.0;0.0;0.0;0.0;0.0;3;P4;Nuageux;1018.8;972.0;100;0;0;100;27840.0;0.01;0.3;5.1;10.4;51;19.4;20.7;21.8;18.5;0.09;0.126;0.173;0.227;0.253
Vico;42.16;8.8;31/05/2026;00:00;19.4;86;17.0;21.2;0;0.0;0.0;0.0;0.0;0.0;3;P4;Nuageux;1018.8;972.0;100;0;0;100;29040.0;0.01;0.32;5.4;11.2;48;19.0;20.5;21.5;18.5;0.091;0.126;0.173;0.227;0.253
Vico;42.16;8.8;31/05/2026;01:00;19.2;85;16.6;20.7;0;0.0;0.0;0.0;0.0;0.0;3;P4;Nuageux;1018.8;971.9;100;0;34;100;30100.0;0.01;0.33;5.4;11.5;48;18.7;20.1;21.2;18.5;0.091;0.126;0.173;0.227;0.253
Vico;42.16;8.8;31/05/2026;02:00;18.6;86;16.2;20.0;0;0.0;0.0;0.0;0.0;0.0;3;P4;Nuageux;1018.7;971.7;91;0;91;86;28040.0;0.01;0.3;5.4;11.2;48;18.3;19.8;21.0;18.6;0.092;0.126;0.173;0.227;0.253
Vico;42.16;8.8;31/05/2026;03:00;18.2;87;16.0;19.6;0;0.0;0.0;0.0;0.0;0.0;3;P4;Nuageux;1018.4;971.4;95;0;62;89;27600.0;0.01;0.27;4.6;11.2;39;17.8;19.4;20.7;18.6;0.093;0.126;0.173;0.227;0.253
Vico;42.16;8.8;31/05/2026;04:00;17.8;88;15.8;19.1;0;0.0;0.0;0.0;0.0;0.0;3;P4;Nuageux;1018.2;971.1;100;0;93;100;25880.0;0.01;0.25;4.8;10.4;42;17.6;19.1;20.4;18.6;0.093;0.126;0.173;0.227;0.253
Vico;42.16;8.8;31/05/2026;05:00;17.6;87;15.4;18.8;0;0.0;0.0;0.0;0.0;0.0;3;P4;Nuageux;1017.9;970.8;100;0;36;100;27300.0;0.01;0.26;4.8;10.8;48;17.2;18.8;20.1;18.6;0.094;0.126;0.173;0.227;0.253
Vico;42.16;8.8;31/05/2026;06:00;17.3;86;14.9;18.1;0;0.0;0.0;0.0;0.0;0.0;1;P2;Éclaircies;1017.7;970.6;10;0;1;9;29380.0;0.01;0.28;5.9;12.6;47;16.8;18.5;19.9;18.6;0.095;0.126;0.173;0.227;0.253
Vico;42.16;8.8;31/05/2026;07:00;18.3;81;15.0;19.2;0;0.0;0.0;0.0;0.0;0.0;1;P2;Éclaircies;1017.8;970.8;26;0;0;26;32960.0;0.02;0.4;5.4;12.6;42;18.4;18.4;19.6;18.6;0.095;0.126;0.173;0.227;0.253
Vico;42.16;8.8;31/05/2026;08:00;21.2;79;17.4;23.5;0;0.0;0.0;0.0;0.0;0.0;0;P1;Ensoleillé;1017.8;971.3;1;0;0;1;34280.0;0.08;0.53;2.5;11.9;45;22.1;19.4;19.5;18.6;0.095;0.126;0.173;0.227;0.253
Vico;42.16;8.8;31/05/2026;09:00;23.3;67;16.8;25.2;0;0.0;0.0;0.0;0.0;0.0;0;P1;Ensoleillé;1018.0;971.8;3;0;0;3;38540.0;0.21;0.94;3.1;9.7;225;24.2;20.8;19.5;18.6;0.094;0.126;0.173;0.226;0.253
Vico;42.16;8.8;31/05/2026;10:00;24.2;63;16.7;25.8;0;0.0;0.0;0.0;0.0;0.0;0;P1;Ensoleillé;1018.1;972.0;5;0;5;0;39660.0;0.36;1.12;5.8;15.8;240;25.2;21.9;19.7;18.5;0.092;0.126;0.172;0.225;0.253
Vico;42.16;8.8;31/05/2026;11:00;25.0;57;15.9;26.9;0;0.0;0.0;0.0;0.0;0.0;0;P1;Ensoleillé;1018.3;972.3;1;1;0;0;40200.0;0.43;1.37;8.2;22.0;241;26.8;22.8;20.0;18.5;0.09;0.125;0.171;0.225;0.252
Vico;42.16;8.8;31/05/2026;12:00;25.7;49;14.2;27.5;2;0.0;0.0;0.0;0.0;0.0;0;P1;Ensoleillé;1018.4;972.5;1;1;0;0;41180.0;0.44;1.69;8.7;23.0;240;28.1;23.8;20.3;18.5;0.086;0.125;0.171;0.224;0.252
Vico;42.16;8.8;31/05/2026;13:00;26.2;50;15.0;28.6;3;0.0;0.0;0.0;0.0;0.0;0;P1;Ensoleillé;1018.2;972.4;4;1;0;3;40900.0;0.41;1.7;8.9;24.1;238;29.1;24.6;20.7;18.5;0.083;0.124;0.17;0.223;0.252
Vico;42.16;8.8;31/05/2026;14:00;26.6;49;15.0;29.0;3;0.0;0.0;0.0;0.0;0.0;0;P1;Ensoleillé;1017.7;972.0;9;0;0;9;40940.0;0.37;1.77;9.8;25.9;242;29.3;25.3;21.2;18.6;0.079;0.123;0.169;0.222;0.251
Vico;42.16;8.8;31/05/2026;15:00;26.7;47;14.5;28.9;3;0.0;0.0;0.0;0.0;0.0;0;P1;Ensoleillé;1017.0;971.3;5;0;0;5;41200.0;0.34;1.86;9.3;25.9;234;29.4;25.7;21.6;18.6;0.076;0.123;0.169;0.222;0.251
Vico;42.16;8.8;31/05/2026;16:00;26.5;49;14.9;28.3;2;0.0;0.0;0.0;0.0;0.0;0;P1;Ensoleillé;1016.5;970.8;0;0;0;0;41020.0;0.3;1.76;9.4;24.8;238;28.7;25.9;22.0;18.6;0.073;0.123;0.168;0.221;0.251
Vico;42.16;8.8;31/05/2026;17:00;25.6;52;15.0;26.6;2;0.0;0.0;0.0;0.0;0.0;0;P1;Ensoleillé;1016.3;970.5;0;0;0;0;40760.0;0.25;1.57;9.2;25.2;239;27.3;25.6;22.3;18.6;0.071;0.122;0.168;0.221;0.251
Vico;42.16;8.8;31/05/2026;18:00;24.5;57;15.5;25.2;1;0.0;0.0;0.0;0.0;0.0;0;P1;Ensoleillé;1016.4;970.4;0;0;0;0;40020.0;0.19;1.33;8.4;24.1;239;25.8;25.1;22.5;18.7;0.07;0.122;0.168;0.22;0.25
Vico;42.16;8.8;31/05/2026;19:00;23.4;63;16.0;24.6;0;0.0;0.0;0.0;0.0;0.0;0;P1;Ensoleillé;1016.5;970.4;0;0;0;0;38800.0;0.11;1.07;6.2;22.0;234;24.0;24.3;22.6;18.7;0.069;0.122;0.167;0.22;0.25
Vico;42.16;8.8;31/05/2026;20:00;22.2;72;17.0;24.2;0;0.0;0.0;0.0;0.0;0.0;1;P2;Éclaircies;1016.7;970.4;11;0;0;11;36240.0;0.05;0.75;3.1;16.6;225;21.9;23.4;22.6;18.7;0.069;0.122;0.167;0.22;0.25
Vico;42.16;8.8;31/05/2026;21:00;20.8;74;16.0;22.9;0;0.0;0.0;0.0;0.0;0.0;0;P1;Ensoleillé;1016.8;970.3;7;0;0;7;36820.0;0.02;0.64;0.4;15.1;180;20.3;22.3;22.4;18.8;0.069;0.122;0.167;0.22;0.25
Vico;42.16;8.8;31/05/2026;22:00;19.3;75;14.8;20.4;0;0.0;0.0;0.0;0.0;0.0;0;P1;Ensoleillé;1017.0;970.2;4;0;0;4;37420.0;0.01;0.56;3.3;14.0;49;19.0;21.1;22.1;18.8;0.07;0.121;0.167;0.22;0.25
Vico;42.16;8.8;31/05/2026;23:00;18.2;74;13.5;18.5;0;0.0;0.0;0.0;0.0;0.0;0;P1;Ensoleillé;1017.0;970.0;0;0;0;0;38000.0;0.01;0.54;5.6;13.3;50;17.9;20.2;21.8;18.8;0.071;0.121;0.167;0.22;0.25
Vico;42.16;8.8;01/06/2026;00:00;17.6;73;12.7;17.5;0;0.0;0.0;0.0;0.0;0.0;2;P8;Éclaircies;1016.9;969.8;17;1;0;16;38240.0;0.01;0.54;6.4;13.3;52;17.4;19.6;21.4;18.8;0.071;0.121;0.167;0.22;0.25
Vico;42.16;8.8;01/06/2026;01:00;17.3;71;12.0;17.1;0;0.0;0.0;0.0;0.0;0.0;2;P8;Éclaircies;1016.7;969.6;34;3;0;32;38480.0;0.02;0.57;6.2;13.3;54;17.1;19.2;21.0;18.8;0.072;0.121;0.167;0.22;0.25
Vico;42.16;8.8;01/06/2026;02:00;17.2;69;11.5;16.8;0;0.0;0.0;0.0;0.0;0.0;2;P8;Éclaircies;1016.4;969.3;51;4;0;48;38720.0;0.02;0.61;5.7;13.3;55;16.9;18.8;20.7;18.8;0.072;0.121;0.167;0.22;0.25
Vico;42.16;8.8;01/06/2026;03:00;17.0;67;10.8;16.4;0;0.0;0.0;0.0;0.0;0.0;1;P2;Éclaircies;1016.1;969.0;48;3;0;46;39200.0;0.02;0.64;5.5;12.2;58;16.3;18.4;20.4;18.8;0.072;0.121;0.167;0.22;0.25
Vico;42.16;8.8;01/06/2026;04:00;16.9;65;10.3;16.3;0;0.0;0.0;0.0;0.0;0.0;1;P2;Éclaircies;1015.7;968.6;44;1;0;43;39700.0;0.02;0.68;5.0;11.2;60;15.7;18.1;20.1;18.8;0.073;0.121;0.167;0.219;0.25
Vico;42.16;8.8;01/06/2026;05:00;17.2;64;10.4;16.7;0;0.0;0.0;0.0;0.0;0.0;1;P2;Éclaircies;1015.4;968.4;41;0;0;41;40180.0;0.02;0.71;4.5;10.4;61;15.8;17.9;19.8;18.8;0.073;0.121;0.167;0.219;0.25
Vico;42.16;8.8;01/06/2026;06:00;18.0;66;11.6;18.0;0;0.0;0.0;0.0;0.0;0.0;1;P2;Éclaircies;1015.3;968.4;34;1;0;34;39560.0;0.02;0.7;3.9;10.8;68;17.2;18.0;19.5;18.8;0.073;0.121;0.167;0.219;0.25
Vico;42.16;8.8;01/06/2026;07:00;19.2;70;13.6;19.9;0;0.0;0.0;0.0;0.0;0.0;1;P2;Éclaircies;1015.2;968.5;27;1;0;26;38920.0;0.02;0.67;3.0;11.5;76;19.3;18.2;19.2;18.8;0.073;0.121;0.167;0.219;0.25
Vico;42.16;8.8;01/06/2026;08:00;20.4;72;15.2;21.9;0;0.0;0.0;0.0;0.0;0.0;1;P2;Éclaircies;1015.2;968.7;20;2;0;19;38300.0;0.05;0.67;2.2;13.0;99;21.4;18.7;19.1;18.8;0.073;0.121;0.167;0.219;0.25
Vico;42.16;8.8;01/06/2026;09:00;21.8;72;16.6;23.8;0;0.0;0.0;0.0;0.0;0.0;3;P4;Nuageux;1015.2;968.9;44;10;3;39;37880.0;0.13;0.73;2.1;14.4;149;23.5;19.8;19.1;18.8;0.073;0.121;0.166;0.218;0.25
Vico;42.16;8.8;01/06/2026;10:00;23.3;70;17.6;25.5;0;0.0;0.0;0.0;0.0;0.0;3;P4;Nuageux;1015.2;969.1;67;17;7;60;37460.0;0.23;0.86;4.0;16.6;180;25.6;21.2;19.3;18.7;0.072;0.12;0.166;0.218;0.249
Vico;42.16;8.8;01/06/2026;11:00;24.6;67;18.1;27.5;0;0.0;0.0;0.0;0.0;0.0;3;P4;Nuageux;1015.2;969.3;91;25;10;80;37040.0;0.31;1.02;5.6;19.1;195;27.3;22.5;19.6;18.7;0.071;0.12;0.165;0.217;0.249
Vico;42.16;8.8;01/06/2026;12:00;25.6;63;18.1;29.0;0;0.0;0.0;0.0;0.0;0.0;3;P4;Nuageux;1015.0;969.3;90;25;7;78;38080.0;0.35;1.22;7.4;23.0;209;28.4;23.5;20.0;18.7;0.07;0.119;0.164;0.216;0.249
Vico;42.16;8.8;01/06/2026;13:00;26.4;57;17.2;29.4;0;0.0;0.0;0.0;0.0;0.0;3;P4;Nuageux;1014.7;969.1;88;26;3;76;39120.0;0.36;1.48;9.7;27.7;219;29.1;24.5;20.5;18.7;0.068;0.119;0.164;0.216;0.248
Vico;42.16;8.8;01/06/2026;14:00;26.7;54;16.6;29.3;0;0.0;0.0;0.0;0.0;0.0;3;P4;Nuageux;1014.5;968.9;87;26;0;74;40160.0;0.36;1.61;11.2;31.0;225;29.2;25.1;20.9;18.7;0.066;0.118;0.163;0.215;0.248
Vico;42.16;8.8;01/06/2026;15:00;26.4;54;16.3;28.7;0;0.0;0.0;0.0;0.0;0.0;1;P2;Éclaircies;1014.3;968.7;67;26;0;49;39940.0;0.34;1.58;11.7;32.0;227;28.7;25.4;21.3;18.7;0.064;0.118;0.163;0.215;0.248
Vico;42.16;8.8;01/06/2026;16:00;25.6;56;16.2;27.6;0;0.0;0.0;0.0;0.0;0.0;1;P2;Éclaircies;1014.2;968.5;47;27;0;25;39700.0;0.3;1.45;11.7;32.0;227;27.7;25.4;21.7;18.8;0.062;0.117;0.162;0.214;0.248
Vico;42.16;8.8;01/06/2026;17:00;24.7;58;15.9;25.9;0;0.0;0.0;0.0;0.0;0.0;1;P2;Éclaircies;1014.2;968.4;27;27;0;0;39480.0;0.26;1.31;11.0;31.0;229;26.4;25.1;22.0;18.8;0.061;0.117;0.162;0.214;0.248
Vico;42.16;8.8;01/06/2026;18:00;23.6;61;15.6;24.1;0;0.0;0.0;0.0;0.0;0.0;1;P2;Éclaircies;1014.4;968.4;26;24;0;2;38800.0;0.21;1.14;9.7;28.4;228;24.6;24.5;22.2;18.8;0.06;0.117;0.162;0.214;0.248
Vico;42.16;8.8;01/06/2026;19:00;22.3;64;15.2;22.9;0;0.0;0.0;0.0;0.0;0.0;1;P2;Éclaircies;1014.6;968.4;24;20;0;5;38120.0;0.16;0.97;7.7;25.2;229;22.6;23.7;22.3;18.8;0.06;0.116;0.162;0.213;0.247
Vico;42.16;8.8;01/06/2026;20:00;20.9;68;14.8;21.8;0;0.0;0.0;0.0;0.0;0.0;1;P2;Éclaircies;1014.9;968.5;23;17;0;7;37440.0;0.11;0.79;5.4;22.0;228;20.8;22.7;22.3;18.9;0.06;0.116;0.162;0.213;0.247
Vico;42.16;8.8;01/06/2026;21:00;19.5;74;14.8;20.9;0;0.0;0.0;0.0;0.0;0.0;3;P4;Nuageux;1015.2;968.5;49;11;0;38;34780.0;0.07;0.59;1.8;19.1;217;19.3;21.6;22.1;18.9;0.06;0.116;0.162;0.213;0.247
Vico;42.16;8.8;01/06/2026;22:00;18.1;81;14.8;19.3;0;0.0;0.0;0.0;0.0;0.0;3;P4;Nuageux;1015.5;968.6;74;6;0;69;32140.0;0.03;0.39;2.6;16.2;56;18.1;20.4;21.7;18.9;0.061;0.116;0.162;0.213;0.247
Vico;42.16;8.8;01/06/2026;23:00;17.0;85;14.4;17.7;0;0.0;0.0;0.0;0.0;0.0;3;P4;Nuageux;1015.7;968.6;100;0;0;100;29480.0;0.01;0.29;5.4;14.0;53;17.2;19.5;21.4;18.9;0.062;0.116;0.162;0.213;0.247
Vico;42.16;8.8;02/06/2026;00:00;16.4;82;13.4;16.6;0;0.0;0.0;0.0;0.0;0.0;1;P2;Éclaircies;1015.8;968.6;70;0;0;70;32100.0;-0.0;0.34;6.1;13.3;50;16.5;18.9;21.0;18.9;0.063;0.116;0.162;0.213;0.247
Vico;42.16;8.8;02/06/2026;01:00;16.2;76;12.0;16.0;0;0.0;0.0;0.0;0.0;0.0;1;P2;Éclaircies;1015.7;968.5;40;0;0;40;34740.0;0.01;0.44;5.9;13.3;47;16.2;18.6;20.7;18.9;0.063;0.116;0.162;0.213;0.247
Vico;42.16;8.8;02/06/2026;02:00;16.0;72;11.0;15.5;0;0.0;0.0;0.0;0.0;0.0;1;P2;Éclaircies;1015.6;968.4;10;0;0;10;37360.0;0.01;0.51;5.6;13.7;45;15.9;18.3;20.3;18.9;0.064;0.116;0.162;0.213;0.247
Vico;42.16;8.8;02/06/2026;03:00;15.6;71;10.3;14.9;0;0.0;0.0;0.0;0.0;0.0;2;P8;Éclaircies;1015.3;968.0;29;0;0;29;37440.0;0.01;0.51;5.6;13.7;45;15.4;17.9;20.0;18.9;0.064;0.116;0.162;0.213;0.247
Vico;42.16;8.8;02/06/2026;04:00;15.2;71;10.0;14.3;0;0.0;0.0;0.0;0.0;0.0;2;P8;Éclaircies;1015.0;967.7;49;0;0;49;37500.0;0.01;0.5;6.1;14.0;45;14.9;17.5;19.7;18.9;0.065;0.116;0.162;0.213;0.247
Vico;42.16;8.8;02/06/2026;05:00;15.3;72;10.3;14.5;0;0.0;0.0;0.0;0.0;0.0;2;P8;Éclaircies;1014.7;967.4;68;0;0;68;37580.0;0.01;0.49;5.9;14.0;47;15.2;17.3;19.4;18.9;0.065;0.116;0.162;0.213;0.247
Vico;42.16;8.8;02/06/2026;06:00;16.3;73;11.5;16.1;0;0.0;0.0;0.0;0.0;0.0;3;P4;Nuageux;1014.5;967.4;79;0;9;79;37560.0;0.01;0.5;5.1;13.3;51;16.5;17.4;19.1;18.9;0.065;0.116;0.162;0.213;0.247
Vico;42.16;8.8;02/06/2026;07:00;17.9;74;13.2;18.3;0;0.0;0.0;0.0;0.0;0.0;3;P4;Nuageux;1014.4;967.5;89;0;19;89;37540.0;0.01;0.53;4.1;12.6;52;18.4;17.6;18.8;18.9;0.065;0.116;0.161;0.212;0.247
Vico;42.16;8.8;02/06/2026;08:00;19.5;73;14.5;20.6;0;0.0;0.0;0.0;0.0;0.0;3;P4;Nuageux;1014.3;967.7;100;0;28;100;37520.0;0.04;0.61;2.6;12.2;56;20.5;18.1;18.7;18.8;0.065;0.116;0.161;0.212;0.247
Vico;42.16;8.8;02/06/2026;09:00;21.0;69;15.1;22.6;0;0.0;0.0;0.0;0.0;0.0;1;P2;Éclaircies;1014.3;967.9;80;1;30;70;38360.0;0.11;0.77;1.1;12.6;108;22.6;19.2;18.7;18.8;0.065;0.115;0.161;0.212;0.247
Vico;42.16;8.8;02/06/2026;10:00;22.6;62;15.0;23.9;1;0.0;0.0;0.0;0.0;0.0;1;P2;Éclaircies;1014.2;968.1;59;2;33;40;39180.0;0.21;1.04;2.5;13.3;180;24.8;20.6;18.9;18.8;0.064;0.115;0.16;0.211;0.247
Vico;42.16;8.8;02/06/2026;11:00;23.8;58;15.1;25.4;2;0.0;0.0;0.0;0.0;0.0;1;P2;Éclaircies;1014.2;968.2;39;3;35;10;40020.0;0.29;1.24;4.3;15.8;204;26.3;21.7;19.1;18.8;0.063;0.114;0.16;0.211;0.247
Vico;42.16;8.8;02/06/2026;12:00;24.4;57;15.3;26.1;2;0.0;0.0;0.0;0.0;0.0;2;P8;Éclaircies;1014.1;968.2;51;20;35;8;39835.0;0.32;1.32;7.3;21.6;223;26.8;22.5;19.5;18.8;0.063;0.114;0.16;0.211;0.249
Vico;42.16;8.8;02/06/2026;13:00;24.7;58;15.7;26.5;2;0.0;0.0;0.0;0.0;0.0;2;P8;Éclaircies;1014.0;968.2;62;38;33;4;37530.0;0.33;1.32;10.2;28.3;232;26.8;23.1;19.9;18.7;0.062;0.113;0.16;0.211;0.25
Vico;42.16;8.8;02/06/2026;14:00;24.8;59;16.3;26.6;1;0.0;0.0;0.0;0.0;0.0;2;P8;Éclaircies;1014.0;968.1;74;58;26;0;33095.0;0.33;1.28;12.1;32.1;233;26.8;23.4;20.2;18.6;0.062;0.114;0.16;0.211;0.252
Vico;42.16;8.8;02/06/2026;15:00;24.5;62;16.7;26.1;1;0.0;0.0;0.0;0.0;0.0;2;P8;Éclaircies;1013.8;967.9;75;62;27;3;31960.0;0.0;1.17;12.3;31.7;230;26.4;23.5;20.4;18.6;0.062;0.114;0.16;0.212;0.254
Vico;42.16;8.8;02/06/2026;16:00;23.8;67;17.3;25.1;2;0.0;0.0;0.0;0.0;0.0;2;P8;Éclaircies;1013.5;967.6;75;62;35;6;32940.0;0.0;0.97;11.2;29.5;228;25.5;23.3;20.7;18.6;0.062;0.113;0.159;0.211;0.254
Vico;42.16;8.8;02/06/2026;17:00;23.0;71;17.5;24.3;3;0.0;0.0;0.0;0.0;0.0;2;P8;Éclaircies;1013.3;967.3;75;61;43;9;33920.0;0.0;0.82;9.9;27.0;226;24.4;23.0;20.9;18.6;0.062;0.113;0.159;0.211;0.254
Vico;42.16;8.8;02/06/2026;18:00;22.3;75;17.6;23.9;4;0.0;0.0;0.0;0.0;0.0;3;P4;Nuageux;1013.1;966.9;83;59;44;39;34020.0;0.0;0.67;8.1;24.5;225;23.2;22.6;21.0;18.6;0.064;0.113;0.159;0.211;0.254
Vico;42.16;8.8;02/06/2026;19:00;21.4;78;17.4;23.2;5;0.0;0.0;0.0;0.0;0.0;3;P4;Nuageux;1012.8;966.5;92;58;44;70;34140.0;0.0;0.56;6.1;22.0;220;21.8;22.1;21.1;18.6;0.067;0.113;0.159;0.211;0.253
Vico;42.16;8.8;02/06/2026;20:00;20.6;82;17.4;22.7;7;0.0;0.0;0.0;0.0;0.0;3;P4;Nuageux;1012.7;966.3;100;56;45;100;34240.0;0.0;0.44;3.9;19.1;214;20.6;21.6;21.1;18.6;0.069;0.113;0.159;0.211;0.253
Vico;42.16;8.8;02/06/2026;21:00;19.6;87;17.4;22.0;8;0.0;0.0;0.0;0.0;0.0;45;brouillards;Brouillard;1012.8;966.2;100;56;46;100;35780.0;0.0;0.3;1.8;15.8;191;19.6;20.9;21.0;18.6;0.07;0.113;0.159;0.211;0.253
Vico;42.16;8.8;02/06/2026;22:00;18.5;93;17.4;21.0;9;0.0;0.0;0.0;0.0;0.0;45;brouillards;Brouillard;1013.0;966.3;100;55;46;100;37320.0;0.0;0.15;1.4;12.6;90;18.7;20.1;20.8;18.7;0.071;0.113;0.159;0.211;0.253
Vico;42.16;8.8;02/06/2026;23:00;17.7;97;17.3;19.8;10;0.0;0.0;0.0;0.0;0.0;45;brouillards;Brouillard;1013.0;966.2;100;55;47;100;38860.0;0.0;0.06;3.4;10.8;72;18.1;19.5;20.6;18.7;0.071;0.113;0.159;0.211;0.253
Vico;42.16;8.8;03/06/2026;00:00;17.3;98;17.0;19.1;11;0.0;0.0;0.0;0.0;0.0;3;P4;Nuageux;1012.7;965.8;100;52;63;100;39660.0;0.0;0.04;4.5;11.9;76;17.6;19.1;20.4;18.7;0.072;0.113;0.159;0.211;0.253
Vico;42.16;8.8;03/06/2026;01:00;17.0;97;16.6;18.5;12;0.0;0.0;0.0;0.0;0.0;3;P4;Nuageux;1012.4;965.5;100;48;78;100;40480.0;0.0;0.06;5.4;14.4;82;17.4;18.8;20.1;18.7;0.072;0.113;0.159;0.21;0.253
Vico;42.16;8.8;03/06/2026;02:00;16.9;95;16.1;18.1;13;0.0;0.0;0.0;0.0;0.0;3;P4;Nuageux;1012.0;965.1;100;45;94;100;41280.0;0.0;0.1;6.1;16.6;87;17.2;18.6;19.9;18.7;0.073;0.113;0.159;0.21;0.253
Vico;42.16;8.8;03/06/2026;03:00;16.7;93;15.6;17.6;13;0.0;0.0;0.0;0.0;0.0;3;P4;Nuageux;1011.7;964.7;96;52;85;67;32720.0;0.0;0.13;6.8;16.9;87;16.9;18.4;19.6;18.7;0.074;0.113;0.159;0.21;0.253
Vico;42.16;8.8;03/06/2026;04:00;16.6;91;15.1;17.3;14;0.0;0.0;0.0;0.0;0.0;3;P4;Nuageux;1011.5;964.5;92;59;77;33;24160.0;0.0;0.17;7.2;16.9;87;16.8;18.1;19.4;18.6;0.074;0.113;0.159;0.21;0.253
Vico;42.16;8.8;03/06/2026;05:00;16.7;90;15.0;17.4;14;0.0;0.0;0.0;0.0;0.0;3;P4;Nuageux;1011.4;964.5;88;66;68;0;15600.0;0.0;0.19;6.5;16.6;90;17.0;18.0;19.2;18.6;0.075;0.113;0.159;0.21;0.253
Vico;42.16;8.8;03/06/2026;06:00;17.2;90;15.5;18.5;14;0.0;0.0;0.0;0.0;0.0;2;P8;Éclaircies;1011.5;964.6;79;64;45;0;14700.0;0.0;0.2;3.6;15.8;96;17.8;18.1;19.0;18.6;0.077;0.113;0.159;0.21;0.253
Vico;42.16;8.8;03/06/2026;07:00;17.9;90;16.3;19.9;15;0.0;0.0;0.0;0.0;0.0;2;P8;Éclaircies;1011.7;964.9;69;62;23;0;13820.0;0.0;0.21;1.1;14.8;198;18.9;18.2;18.9;18.6;0.079;0.113;0.159;0.21;0.253
Vico;42.16;8.8;03/06/2026;08:00;18.6;89;16.7;20.3;15;0.0;0.0;0.0;0.0;0.0;2;P8;Éclaircies;1011.9;965.2;60;60;0;0;12920.0;0.0;0.24;4.2;15.8;250;19.9;18.5;18.8;18.6;0.081;0.113;0.159;0.21;0.253
Vico;42.16;8.8;03/06/2026;09:00;19.0;84;16.3;20.1;15;0.0;0.0;0.0;0.0;0.0;2;P8;Éclaircies;1012.1;965.5;65;65;0;0;16020.0;0.0;0.35;7.3;20.5;259;20.3;19.0;18.8;18.6;0.081;0.113;0.158;0.21;0.253
Vico;42.16;8.8;03/06/2026;10:00;19.4;78;15.5;19.8;14;0.0;0.0;0.0;0.0;0.0;2;P8;Éclaircies;1012.3;965.7;70;70;0;0;19120.0;0.0;0.5;10.2;27.0;262;20.6;19.5;18.9;18.5;0.081;0.112;0.158;0.209;0.253
Vico;42.16;8.8;03/06/2026;11:00;19.8;72;14.6;19.7;14;0.0;0.0;0.0;0.0;0.0;2;P8;Éclaircies;1012.4;965.9;75;75;0;0;22220.0;0.0;0.65;11.9;32.0;265;21.1;20.1;19.0;18.5;0.08;0.112;0.157;0.209;0.253
Vico;42.16;8.8;03/06/2026;12:00;20.3;67;14.0;20.4;14;0.0;0.0;0.0;0.0;0.0;2;P8;Éclaircies;1012.5;966.1;72;72;0;0;29640.0;0.0;0.79;12.6;33.5;265;22.0;20.6;19.1;18.5;0.079;0.112;0.156;0.208;0.253
Vico;42.16;8.8;03/06/2026;13:00;20.9;63;13.6;21.2;13;0.0;0.0;0.0;0.0;0.0;2;P8;Éclaircies;1012.6;966.3;68;68;0;0;37060.0;0.0;0.91;12.3;33.1;267;23.2;21.1;19.3;18.5;0.077;0.111;0.156;0.208;0.252
Vico;42.16;8.8;03/06/2026;14:00;21.2;61;13.4;21.6;13;0.0;0.0;0.0;0.0;0.0;2;P8;Éclaircies;1012.6;966.3;65;65;0;0;44480.0;0.0;0.98;11.9;32.8;267;23.9;21.5;19.5;18.5;0.076;0.111;0.155;0.207;0.252
Vico;42.16;8.8;03/06/2026;15:00;21.3;60;13.3;21.7;12;0.0;0.0;0.0;0.0;0.0;2;P8;Éclaircies;1012.6;966.3;62;62;0;0;43560.0;0.0;1.02;11.5;32.8;266;23.9;21.8;19.7;18.5;0.075;0.111;0.155;0.207;0.252
Vico;42.16;8.8;03/06/2026;16:00;21.3;61;13.5;21.6;11;0.0;0.0;0.0;0.0;0.0;2;P8;Éclaircies;1012.5;966.2;58;58;0;0;42640.0;0.0;0.99;11.2;32.8;268;23.5;21.9;20.0;18.5;0.073;0.11;0.154;0.206;0.251
Vico;42.16;8.8;03/06/2026;17:00;21.0;63;13.7;21.0;10;0.0;0.0;0.0;0.0;0.0;2;P8;Éclaircies;1012.5;966.2;55;55;0;0;41720.0;0.0;0.92;10.4;31.7;268;22.8;21.8;20.1;18.5;0.072;0.11;0.154;0.206;0.251
Vico;42.16;8.8;03/06/2026;18:00;20.6;65;13.8;20.6;9;0.0;0.0;0.0;0.0;0.0;2;P8;Éclaircies;1012.6;966.2;56;52;0;10;40780.0;0.0;0.85;9.0;28.4;265;21.7;21.5;20.2;18.5;0.071;0.11;0.154;0.206;0.251
Vico;42.16;8.8;03/06/2026;19:00;20.0;69;14.2;20.3;7;0.0;0.0;0.0;0.0;0.0;2;P8;Éclaircies;1012.7;966.2;58;48;0;19;39860.0;0.0;0.73;7.3;24.5;261;20.3;21.1;20.3;18.5;0.07;0.11;0.154;0.205;0.251
Vico;42.16;8.8;03/06/2026;20:00;19.2;73;14.2;19.9;6;0.0;0.0;0.0;0.0;0.0;2;P8;Éclaircies;1013.0;966.4;59;45;0;29;38940.0;0.0;0.6;4.8;21.2;257;18.9;20.5;20.3;18.5;0.07;0.11;0.154;0.205;0.251
Vico;42.16;8.8;03/06/2026;21:00;17.8;80;14.3;19.1;5;0.0;0.0;0.0;0.0;0.0;2;P8;Éclaircies;1013.4;966.5;59;40;0;30;39340.0;0.0;0.41;0.8;19.8;243;17.6;19.6;20.1;18.5;0.07;0.11;0.154;0.205;0.251
Vico;42.16;8.8;03/06/2026;22:00;16.1;89;14.3;17.0;3;0.0;0.0;0.0;0.0;0.0;2;P8;Éclaircies;1014.0;966.9;58;36;0;31;39740.0;0.0;0.2;4.1;19.1;75;16.3;18.6;19.9;18.5;0.071;0.11;0.154;0.205;0.251
Vico;42.16;8.8;03/06/2026;23:00;14.8;94;13.9;15.0;2;0.0;0.0;0.0;0.0;0.0;2;P8;Éclaircies;1014.4;967.0;58;31;0;32;40140.0;0.0;0.1;7.5;18.7;73;15.3;17.7;19.6;18.5;0.072;0.11;0.154;0.205;0.251
Vico;42.16;8.8;04/06/2026;00:00;14.2;92;13.0;14.0;1;0.0;0.0;0.0;0.0;0.0;1;P2;Éclaircies;1014.6;967.1;47;29;0;21;40540.0;0.0;0.13;8.3;18.7;72;14.7;17.2;19.3;18.5;0.072;0.11;0.154;0.205;0.251
Vico;42.16;8.8;04/06/2026;01:00;14.0;86;11.7;13.4;0;0.0;0.0;0.0;0.0;0.0;1;P2;Éclaircies;1014.7;967.2;35;26;0;11;40940.0;0.0;0.22;7.6;18.7;71;14.4;16.9;19.0;18.5;0.073;0.11;0.154;0.205;0.251
Vico;42.16;8.8;04/06/2026;02:00;13.9;82;10.9;13.2;0;0.0;0.0;0.0;0.0;0.0;1;P2;Éclaircies;1014.8;967.3;24;24;0;0;41340.0;0.0;0.29;7.3;19.1;70;14.2;16.7;18.7;18.5;0.073;0.11;0.154;0.205;0.251
Vico;42.16;8.8;04/06/2026;03:00;13.9;84;11.3;13.2;0;0.0;0.0;0.0;0.0;0.0;2;P8;Éclaircies;1014.8;967.3;31;31;0;0;41340.0;0.0;0.26;8.1;19.8;69;14.1;16.4;18.4;18.5;0.073;0.11;0.154;0.205;0.251
Vico;42.16;8.8;04/06/2026;04:00;14.1;88;12.1;13.5;0;0.0;0.0;0.0;0.0;0.0;2;P8;Éclaircies;1014.7;967.2;38;38;0;0;41340.0;0.0;0.19;8.9;20.9;69;14.3;16.2;18.2;18.4;0.074;0.11;0.154;0.205;0.251
Vico;42.16;8.8;04/06/2026;05:00;14.6;89;12.8;14.3;1;0.0;0.0;0.0;0.0;0.0;2;P8;Éclaircies;1014.6;967.2;45;45;0;0;41360.0;0.0;0.18;8.8;21.6;71;14.8;16.2;17.9;18.4;0.074;0.11;0.154;0.205;0.251
Vico;42.16;8.8;04/06/2026;06:00;15.8;86;13.5;15.8;1;0.0;0.0;0.0;0.0;0.0;3;P4;Nuageux;1014.6;967.4;58;41;0;22;41360.0;0.0;0.25;7.7;20.9;79;16.1;16.4;17.7;18.4;0.074;0.11;0.154;0.205;0.251
Vico;42.16;8.8;04/06/2026;07:00;17.4;80;14.0;17.8;2;0.0;0.0;0.0;0.0;0.0;3;P4;Nuageux;1014.6;967.6;72;37;0;45;41360.0;0.0;0.4;6.5;19.8;93;17.9;16.8;17.6;18.4;0.074;0.11;0.153;0.205;0.251
Vico;42.16;8.8;04/06/2026;08:00;18.9;75;14.4;19.6;3;0.0;0.0;0.0;0.0;0.0;3;P4;Nuageux;1014.6;967.9;85;33;0;67;41360.0;0.0;0.55;4.7;19.4;113;19.6;17.4;17.5;18.3;0.074;0.11;0.153;0.205;0.251
Vico;42.16;8.8;04/06/2026;09:00;20.0;71;14.6;21.1;4;0.0;0.0;0.0;0.0;0.0;2;P8;Éclaircies;1014.8;968.2;82;42;0;58;40960.0;0.0;0.68;2.9;20.5;173;21.1;18.2;17.6;18.3;0.074;0.11;0.153;0.204;0.251
Vico;42.16;8.8;04/06/2026;10:00;20.9;68;14.8;21.7;5;0.0;0.0;0.0;0.0;0.0;2;P8;Éclaircies;1015.0;968.5;79;51;0;48;40580.0;0.0;0.79;5.6;22.3;230;22.4;19.2;17.9;18.3;0.073;0.109;0.152;0.204;0.25
Vico;42.16;8.8;04/06/2026;11:00;21.7;66;15.1;22.5;6;0.0;0.0;0.0;0.0;0.0;2;P8;Éclaircies;1015.1;968.8;76;60;0;39;40200.0;0.0;0.88;8.9;24.5;243;23.5;20.2;18.1;18.3;0.072;0.109;0.152;0.203;0.25
Vico;42.16;8.8;04/06/2026;12:00;22.4;64;15.3;23.7;7;0.0;0.0;0.0;0.0;0.0;2;P8;Éclaircies;1015.0;968.8;75;53;17;29;39800.0;0.0;0.98;10.6;27.4;246;24.5;21.0;18.4;18.3;0.071;0.108;0.151;0.203;0.25
Vico;42.16;8.8;04/06/2026;13:00;23.1;63;15.7;24.8;7;0.0;0.0;0.0;0.0;0.0;2;P8;Éclaircies;1014.7;968.6;74;46;33;18;39420.0;0.0;1.05;11.0;30.6;247;25.4;21.8;18.8;18.2;0.069;0.108;0.151;0.202;0.249
Vico;42.16;8.8;04/06/2026;14:00;23.5;62;15.8;25.4;8;0.0;0.0;0.0;0.0;0.0;2;P8;Éclaircies;1014.4;968.4;73;39;50;8;39020.0;0.0;1.1;11.2;32.4;249;25.8;22.4;19.2;18.2;0.068;0.107;0.15;0.202;0.249
Vico;42.16;8.8;04/06/2026;15:00;23.7;61;15.7;25.5;9;0.0;0.0;0.0;0.0;0.0;3;P4;Nuageux;1014.0;968.0;82;42;51;39;39040.0;0.0;1.14;11.4;32.0;252;25.6;22.8;19.6;18.2;0.067;0.107;0.15;0.201;0.249
Vico;42.16;8.8;04/06/2026;16:00;23.6;60;15.4;25.1;9;0.0;0.0;0.0;0.0;0.0;3;P4;Nuageux;1013.6;967.6;91;45;53;69;39060.0;0.0;1.17;10.8;30.2;255;25.0;23.0;19.9;18.2;0.065;0.106;0.149;0.201;0.249
Vico;42.16;8.8;04/06/2026;17:00;23.2;61;15.3;24.0;10;0.0;0.0;0.0;0.0;0.0;3;P4;Nuageux;1013.2;967.2;100;48;54;100;39100.0;0.0;1.11;10.0;27.4;257;24.1;22.9;20.2;18.2;0.064;0.106;0.149;0.2;0.249
Vico;42.16;8.8;04/06/2026;18:00;22.3;66;15.7;23.0;10;0.0;0.0;0.0;0.0;0.0;3;P4;Nuageux;1012.9;966.8;100;42;68;100;39120.0;0.0;0.92;8.5;22.7;258;22.7;22.3;20.4;18.2;0.063;0.106;0.149;0.2;0.249
Vico;42.16;8.8;04/06/2026;19:00;21.1;74;16.3;22.4;11;0.0;0.0;0.0;0.0;0.0;3;P4;Nuageux;1012.6;966.3;100;36;83;100;39140.0;0.0;0.65;6.3;16.9;257;21.1;21.5;20.5;18.3;0.063;0.106;0.149;0.2;0.249
Vico;42.16;8.8;04/06/2026;20:00;20.0;81;16.7;21.8;11;0.0;0.0;0.0;0.0;0.0;3;P4;Nuageux;1012.4;965.9;100;30;97;100;39160.0;0.0;0.45;3.9;13.0;248;19.8;20.8;20.5;18.3;0.064;0.106;0.149;0.2;0.249
Vico;42.16;8.8;04/06/2026;21:00;19.3;87;17.1;21.6;11;0.0;0.0;0.0;0.0;0.0;45;brouillards;Brouillard;1012.5;965.9;96;36;88;70;40100.0;0.0;0.29;1.3;11.9;214;19.1;20.2;20.4;18.3;0.059;0.106;0.149;0.2;0.249
Vico;42.16;8.8;04/06/2026;22:00;18.7;93;17.5;21.0;12;0.0;0.0;0.0;0.0;0.0;45;brouillards;Brouillard;1012.7;966.0;92;43;79;41;41020.0;0.0;0.15;2.7;12.6;113;18.7;19.8;20.2;18.3;0.054;0.106;0.149;0.2;0.249
Vico;42.16;8.8;04/06/2026;23:00;18.2;97;17.7;20.3;12;0.0;0.0;0.0;0.0;0.0;45;brouillards;Brouillard;1012.8;966.0;88;49;70;11;41960.0;0.0;0.06;4.5;13.7;104;18.4;19.4;20.0;18.3;0.07;0.106;0.149;0.2;0.249
Vico;42.16;8.8;05/06/2026;00:00;17.9;89;15.7;19.3;12;1.05;0.9;0.15;0.0;0.0;63;P10;Pluie;1011.0;964.3;89;49;59;32;42880.0;0.0;0.24;4.8;12.2;105;17.4;19.1;19.8;18.3;0.126;0.107;0.149;0.2;0.249
Vico;42.16;8.8;05/06/2026;01:00;17.7;77;13.2;18.2;14;0.7;0.6;0.1;0.0;0.0;63;P10;Pluie;1009.0;962.3;93;41;45;56;43820.0;0.0;0.46;5.0;10.8;112;16.2;18.9;19.6;18.3;0.203;0.109;0.149;0.2;0.249
Vico;42.16;8.8;05/06/2026;02:00;17.5;67;10.9;17.0;14;0.35;0.3;0.05;0.0;0.0;63;P10;Pluie;1007.1;960.5;98;24;26;78;44740.0;0.0;0.67;6.0;8.5;110;14.9;18.7;19.5;18.3;0.258;0.11;0.149;0.2;0.249
Vico;42.16;8.8;05/06/2026;03:00;17.4;59;9.2;16.0;15;0.1;0.0;0.1;0.0;0.0;51;P10;Pluie faible;1005.2;958.7;99;10;3;89;38380.0;0.0;0.82;7.9;5.8;103;14.1;;;;;;;;
Vico;42.16;8.8;05/06/2026;04:00;17.2;63;10.1;15.9;15;0.1;0.0;0.1;0.0;0.0;51;P10;Pluie faible;1005.0;958.4;97;24;4;72;32000.0;0.0;0.74;9.6;6.1;107;14.4;;;;;;;;
Vico;42.16;8.8;05/06/2026;05:00;17.2;68;11.2;15.9;16;0.1;0.0;0.1;0.0;0.0;51;P10;Pluie faible;1004.8;958.2;93;41;5;52;25640.0;0.0;0.63;11.2;5.8;112;15.1;;;;;;;;
Vico;42.16;8.8;05/06/2026;06:00;17.2;74;12.5;16.2;17;0.1;0.0;0.1;0.0;0.0;51;P10;Pluie faible;1004.7;958.2;89;58;5;31;19280.0;0.0;0.51;12.6;4.3;115;15.9;;;;;;;;
Vico;42.16;8.8;05/06/2026;07:00;17.2;79;13.6;16.5;17;0.1;0.0;0.1;0.0;0.0;51;P10;Pluie faible;1004.6;958.1;85;73;5;12;12900.0;0.0;0.41;13.3;2.9;118;16.8;;;;;;;;
Vico;42.16;8.8;05/06/2026;08:00;17.4;83;14.5;17.0;18;0.1;0.0;0.1;0.0;0.0;51;P10;Pluie faible;1004.7;958.2;83;83;5;0;6540.0;0.0;0.33;12.8;2.2;121;17.5;;;;;;;;
Vico;42.16;8.8;05/06/2026;09:00;17.5;86;15.1;17.7;19;0.5;0.1;0.4;0.0;0.0;53;P10;Pluie faible;1004.9;958.4;84;89;5;0;7880.0;0.0;0.29;10.8;4.0;127;18.1;;;;;;;;
Vico;42.16;8.8;05/06/2026;10:00;17.9;87;15.6;18.6;21;0.5;0.1;0.4;0.0;0.0;53;P10;Pluie faible;1005.3;958.8;86;93;4;0;9200.0;0.0;0.27;7.8;6.5;140;18.9;;;;;;;;
Vico;42.16;8.8;05/06/2026;11:00;18.2;87;16.0;19.5;23;0.5;0.1;0.4;0.0;0.0;53;P10;Pluie faible;1005.8;959.4;89;95;3;0;10540.0;0.0;0.27;5.3;8.6;172;19.6;;;;;;;;
Vico;42.16;8.8;05/06/2026;12:00;18.5;87;16.3;19.9;25;0.5;0.1;0.4;0.0;0.0;53;P10;Pluie faible;1006.3;959.9;91;95;2;0;11880.0;0.0;0.28;5.6;9.4;220;20.4;;;;;;;;
Vico;42.16;8.8;05/06/2026;13:00;18.8;86;16.4;20.2;26;0.5;0.1;0.4;0.0;0.0;53;P10;Pluie faible;1006.9;960.5;90;92;1;0;13200.0;0.0;0.3;7.8;9.7;244;20.8;;;;;;;;
Vico;42.16;8.8;05/06/2026;14:00;18.8;84;16.1;20.1;27;0.5;0.1;0.4;0.0;0.0;53;P10;Pluie faible;1007.3;960.9;86;86;0;0;14540.0;0.0;0.34;9.4;9.4;253;20.9;;;;;;;;
Vico;42.16;8.8;05/06/2026;15:00;18.6;82;15.4;19.8;26;0.0;0.0;0.0;0.0;0.0;2;P8;Éclaircies;1007.7;961.2;76;76;0;0;18640.0;0.0;0.39;9.4;8.6;257;20.6;;;;;;;;
Vico;42.16;8.8;05/06/2026;16:00;18.4;78;14.5;19.3;25;0.0;0.0;0.0;0.0;0.0;2;P8;Éclaircies;1008.0;961.5;61;61;0;0;22740.0;0.0;0.46;8.1;7.6;258;20.1;;;;;;;;
Vico;42.16;8.8;05/06/2026;17:00;18.0;74;13.3;18.5;23;0.0;0.0;0.0;0.0;0.0;1;P2;Éclaircies;1008.3;961.7;43;43;0;0;26860.0;0.0;0.54;6.2;6.5;258;19.3;;;;;;;;
Vico;42.16;8.8;05/06/2026;18:00;17.5;70;12.0;17.6;21;0.0;0.0;0.0;0.0;0.0;1;P2;Éclaircies;1008.6;961.9;25;25;0;0;30960.0;0.0;0.6;3.8;5.4;259;18.4;;;;;;;;
Vico;42.16;8.8;05/06/2026;19:00;17.0;67;10.8;17.0;18;0.0;0.0;0.0;0.0;0.0;0;P1;Ensoleillé;1009.0;962.2;10;10;0;0;35060.0;0.0;0.65;1.7;4.3;257;17.4;;;;;;;;
Vico;42.16;8.8;05/06/2026;20:00;16.4;65;9.8;16.3;16;0.0;0.0;0.0;0.0;0.0;0;P1;Ensoleillé;1009.4;962.5;0;0;0;0;39160.0;0.0;0.66;0.3;4.0;315;16.5;;;;;;;;
Vico;42.16;8.8;05/06/2026;21:00;15.6;64;8.9;15.2;14;0.0;0.0;0.0;0.0;0.0;0;P1;Ensoleillé;1009.9;962.9;0;0;0;0;39140.0;0.0;0.64;1.0;4.7;45;15.4;;;;;;;;
Vico;42.16;8.8;05/06/2026;22:00;14.6;64;7.9;13.8;13;0.0;0.0;0.0;0.0;0.0;0;P1;Ensoleillé;1010.5;963.3;0;0;0;0;39120.0;0.0;0.6;2.1;5.8;52;13.9;;;;;;;;
Vico;42.16;8.8;05/06/2026;23:00;13.6;65;7.1;12.4;12;0.0;0.0;0.0;0.0;0.0;0;P1;Ensoleillé;1011.1;963.7;0;0;0;0;39120.0;0.0;0.55;3.0;6.8;52;12.5;;;;;;;;
Vico;42.16;8.8;06/06/2026;00:00;12.6;66;6.3;11.1;11;0.0;0.0;0.0;0.0;0.0;0;P1;Ensoleillé;1011.7;964.1;0;0;0;0;39100.0;0.0;0.5;3.7;7.6;51;11.2;;;;;;;;
Vico;42.16;8.8;06/06/2026;01:00;11.9;67;5.9;10.3;9;0.0;0.0;0.0;0.0;0.0;0;P1;Ensoleillé;1012.3;964.6;3;3;0;0;39080.0;0.0;0.46;4.1;8.6;49;10.2;;;;;;;;
Vico;42.16;8.8;06/06/2026;02:00;11.6;67;5.8;9.9;8;0.0;0.0;0.0;0.0;0.0;0;P1;Ensoleillé;1012.8;965.0;5;5;0;0;39060.0;0.0;0.45;4.3;9.0;48;9.9;;;;;;;;
Vico;42.16;8.8;06/06/2026;03:00;11.8;68;6.1;10.2;7;0.0;0.0;0.0;0.0;0.0;0;P1;Ensoleillé;1013.2;965.4;5;5;0;0;39060.0;0.0;0.45;4.2;9.4;47;10.4;;;;;;;;
Vico;42.16;8.8;06/06/2026;04:00;12.4;69;6.8;11.0;5;0.0;0.0;0.0;0.0;0.0;0;P1;Ensoleillé;1013.5;965.8;6;6;0;0;39040.0;0.0;0.45;3.8;9.0;45;11.2;;;;;;;;
Vico;42.16;8.8;06/06/2026;05:00;13.3;69;7.8;12.3;4;0.0;0.0;0.0;0.0;0.0;0;P1;Ensoleillé;1013.8;966.2;6;6;0;0;39040.0;0.0;0.47;3.2;8.6;43;12.6;;;;;;;;
Vico;42.16;8.8;06/06/2026;06:00;14.3;69;8.8;13.6;3;0.0;0.0;0.0;0.0;0.0;0;P1;Ensoleillé;1014.0;966.6;6;6;0;0;39040.0;0.0;0.5;2.3;7.2;39;14.1;;;;;;;;
Vico;42.16;8.8;06/06/2026;07:00;15.4;69;9.8;15.1;2;0.0;0.0;0.0;0.0;0.0;0;P1;Ensoleillé;1014.3;967.0;5;5;0;0;39020.0;0.0;0.54;1.5;5.4;30;15.6;;;;;;;;
Vico;42.16;8.8;06/06/2026;08:00;16.3;68;10.4;16.4;2;0.0;0.0;0.0;0.0;0.0;0;P1;Ensoleillé;1014.5;967.4;5;5;0;0;39020.0;0.0;0.59;0.5;4.3;360;17.0;;;;;;;;
Vico;42.16;8.8;06/06/2026;09:00;17.3;66;10.9;17.5;3;0.0;0.0;0.0;0.0;0.0;0;P1;Ensoleillé;1014.8;967.8;4;4;0;0;35400.0;0.0;0.67;0.8;4.3;243;18.5;;;;;;;;
Vico;42.16;8.8;06/06/2026;10:00;18.5;63;11.3;18.5;6;0.0;0.0;0.0;0.0;0.0;0;P1;Ensoleillé;1015.1;968.3;3;4;0;0;31780.0;0.0;0.78;2.4;5.0;222;20.3;;;;;;;;
Vico;42.16;8.8;06/06/2026;11:00;19.6;60;11.6;20.1;8;0.0;0.0;0.0;0.0;0.0;0;P1;Ensoleillé;1015.3;968.6;2;3;0;0;28160.0;0.0;0.92;4.1;6.1;218;22.1;;;;;;;;
Vico;42.16;8.8;06/06/2026;12:00;20.7;57;11.9;21.9;10;0.0;0.0;0.0;0.0;0.0;0;P1;Ensoleillé;1015.6;969.1;1;1;0;0;24520.0;0.0;1.05;5.7;7.2;217;23.7;;;;;;;;
Vico;42.16;8.8;06/06/2026;13:00;21.5;55;12.1;23.3;12;0.0;0.0;0.0;0.0;0.0;0;P1;Ensoleillé;1015.7;969.3;0;1;0;0;20900.0;0.0;1.16;6.6;8.6;215;24.9;;;;;;;;
Vico;42.16;8.8;06/06/2026;14:00;22.0;54;12.4;24.1;14;0.0;0.0;0.0;0.0;0.0;0;P1;Ensoleillé;1015.8;969.5;0;0;0;0;17280.0;0.0;1.22;7.1;9.0;214;25.4;;;;;;;;
Vico;42.16;8.8;06/06/2026;15:00;22.1;55;12.8;24.3;15;0.0;0.0;0.0;0.0;0.0;0;P1;Ensoleillé;1015.7;969.4;0;0;0;0;20900.0;0.0;1.19;6.8;8.3;212;25.1;;;;;;;;
Vico;42.16;8.8;06/06/2026;16:00;21.8;58;13.2;23.9;15;0.0;0.0;0.0;0.0;0.0;0;P1;Ensoleillé;1015.6;969.3;0;0;0;1;24520.0;0.0;1.09;5.7;6.8;208;24.3;;;;;;;;
Vico;42.16;8.8;06/06/2026;17:00;21.1;62;13.7;23.0;15;0.0;0.0;0.0;0.0;0.0;0;P1;Ensoleillé;1015.4;969.0;1;0;0;1;28140.0;0.0;0.94;4.4;5.4;199;23.0;;;;;;;;
Vico;42.16;8.8;06/06/2026;18:00;20.5;66;14.0;21.7;15;0.0;0.0;0.0;0.0;0.0;0;P1;Ensoleillé;1015.1;968.6;1;0;0;2;31760.0;0.0;0.81;2.9;4.0;184;21.5;;;;;;;;
Vico;42.16;8.8;06/06/2026;19:00;19.8;70;14.1;20.8;15;0.0;0.0;0.0;0.0;0.0;0;P1;Ensoleillé;1014.9;968.3;2;0;0;2;35380.0;0.0;0.7;2.1;2.5;149;20.0;;;;;;;;
Vico;42.16;8.8;06/06/2026;20:00;19.3;71;13.9;20.2;14;0.0;0.0;0.0;0.0;0.0;0;P1;Ensoleillé;1014.7;968.0;2;0;0;2;39000.0;0.0;0.65;2.3;2.2;119;18.8;;;;;;;;
Vico;42.16;8.8;06/06/2026;21:00;18.9;69;13.1;19.4;13;0.0;0.0;0.0;0.0;0.0;0;P1;Ensoleillé;1014.6;967.9;1;0;0;2;39940.0;0.0;0.67;2.8;3.6;101;17.6;;;;;;;;
Vico;42.16;8.8;06/06/2026;22:00;18.3;66;11.9;18.4;11;0.0;0.0;0.0;0.0;0.0;0;P1;Ensoleillé;1014.5;967.7;0;0;0;1;40900.0;0.0;0.71;3.4;6.1;87;16.2;;;;;;;;
Vico;42.16;8.8;06/06/2026;23:00;17.8;62;10.3;17.3;10;0.0;0.0;0.0;0.0;0.0;0;P1;Ensoleillé;1014.5;967.6;0;0;0;0;41840.0;0.0;0.78;4.0;7.9;80;14.9;;;;;;;;
Vico;42.16;8.8;07/06/2026;00:00;17.4;57;8.8;16.4;9;0.0;0.0;0.0;0.0;0.0;0;P1;Ensoleillé;1014.4;967.4;0;0;0;0;42780.0;0.0;0.85;4.5;7.6;76;13.6;;;;;;;;
Vico;42.16;8.8;07/06/2026;01:00;17.1;54;7.6;15.7;7;0.0;0.0;0.0;0.0;0.0;0;P1;Ensoleillé;1014.3;967.3;0;0;0;0;43740.0;0.0;0.91;5.0;6.5;75;12.9;;;;;;;;
Vico;42.16;8.8;07/06/2026;02:00;17.1;51;7.0;15.5;6;0.0;0.0;0.0;0.0;0.0;0;P1;Ensoleillé;1014.2;967.2;0;0;0;0;44680.0;0.0;0.95;5.6;5.8;75;12.7;;;;;;;;
Vico;42.16;8.8;07/06/2026;03:00;17.4;51;7.1;15.7;5;0.0;0.0;0.0;0.0;0.0;0;P1;Ensoleillé;1014.0;967.1;13;0;13;3;44160.0;0.0;0.98;6.2;6.1;78;13.2;;;;;;;;
Vico;42.16;8.8;07/06/2026;04:00;18.0;50;7.6;16.4;4;0.0;0.0;0.0;0.0;0.0;1;P2;Éclaircies;1013.8;967.0;33;0;33;7;43620.0;0.0;1.02;6.9;6.8;81;14.3;;;;;;;;
Vico;42.16;8.8;07/06/2026;05:00;18.8;51;8.4;17.2;4;0.0;0.0;0.0;0.0;0.0;2;P8;Éclaircies;1013.5;966.8;55;0;56;12;43100.0;0.0;1.06;7.6;7.2;86;15.8;;;;;;;;
Vico;42.16;8.8;07/06/2026;06:00;19.6;51;9.3;18.2;4;0.0;0.0;0.0;0.0;0.0;2;P8;Éclaircies;1013.3;966.7;77;0;78;17;42580.0;0.0;1.11;8.3;7.2;90;17.5;;;;;;;;
Vico;42.16;8.8;07/06/2026;07:00;20.5;52;10.2;19.3;4;0.0;0.0;0.0;0.0;0.0;3;P4;Nuageux;1013.0;966.6;93;0;94;21;42040.0;0.0;1.17;8.5;7.2;95;19.2;;;;;;;;
Vico;42.16;8.8;07/06/2026;08:00;21.2;52;10.9;20.3;4;0.0;0.0;0.0;0.0;0.0;3;P4;Nuageux;1012.8;966.5;100;0;100;23;41520.0;0.0;1.22;8.2;7.6;99;20.6;;;;;;;;
Vico;42.16;8.8;07/06/2026;09:00;22.1;51;11.4;21.5;5;0.0;0.0;0.0;0.0;0.0;3;P4;Nuageux;1012.6;966.4;95;0;94;23;42060.0;0.0;1.32;7.3;8.3;106;22.1;;;;;;;;
Vico;42.16;8.8;07/06/2026;10:00;23.1;49;11.8;22.8;5;0.0;0.0;0.0;0.0;0.0;3;P4;Nuageux;1012.3;966.3;80;0;78;22;42600.0;0.0;1.44;5.9;9.0;117;23.9;;;;;;;;
Vico;42.16;8.8;07/06/2026;11:00;24.1;47;12.1;24.5;6;0.0;0.0;0.0;0.0;0.0;2;P8;Éclaircies;1012.1;966.3;60;0;56;20;43140.0;0.0;1.59;4.7;10.1;140;25.6;;;;;;;;
Vico;42.16;8.8;07/06/2026;12:00;25.0;46;12.4;26.2;7;0.0;0.0;0.0;0.0;0.0;1;P2;Éclaircies;1011.9;966.2;39;0;33;17;43680.0;0.0;1.71;4.6;11.9;169;27.0;;;;;;;;
Vico;42.16;8.8;07/06/2026;13:00;25.5;45;12.8;27.2;7;0.0;0.0;0.0;0.0;0.0;1;P2;Éclaircies;1011.8;966.2;22;0;13;14;44220.0;0.0;1.79;5.4;14.0;194;28.0;;;;;;;;
Vico;42.16;8.8;07/06/2026;14:00;25.5;46;13.1;27.4;8;0.0;0.0;0.0;0.0;0.0;0;P1;Ensoleillé;1011.7;966.1;12;0;0;12;44760.0;0.0;1.76;6.5;15.1;204;28.4;;;;;;;;
Vico;42.16;8.8;07/06/2026;15:00;25.0;49;13.6;26.8;8;0.0;0.0;0.0;0.0;0.0;0;P1;Ensoleillé;1011.7;966.0;11;6;0;10;39200.0;0.0;1.62;7.7;13.7;210;27.8;;;;;;;;
Vico;42.16;8.8;07/06/2026;16:00;24.0;54;14.1;25.5;9;0.0;0.0;0.0;0.0;0.0;0;P1;Ensoleillé;1011.8;966.0;17;15;0;8;33640.0;0.0;1.37;8.8;11.2;211;26.4;;;;;;;;
Vico;42.16;8.8;07/06/2026;17:00;22.7;60;14.6;23.7;9;0.0;0.0;0.0;0.0;0.0;1;P2;Éclaircies;1012.0;966.0;25;25;0;5;28100.0;0.0;1.09;9.9;8.6;212;24.5;;;;;;;;
Vico;42.16;8.8;07/06/2026;18:00;21.2;68;15.1;21.5;9;0.0;0.0;0.0;0.0;0.0;1;P2;Éclaircies;1012.2;965.9;34;34;0;3;22540.0;0.0;0.81;10.6;6.8;212;22.5;;;;;;;;
Vico;42.16;8.8;07/06/2026;19:00;19.8;75;15.3;20.0;9;0.0;0.0;0.0;0.0;0.0;1;P2;Éclaircies;1012.4;965.9;42;41;0;1;16980.0;0.0;0.57;10.9;5.0;213;20.5;;;;;;;;
Vico;42.16;8.8;07/06/2026;20:00;18.5;81;15.3;18.8;8;0.0;0.0;0.0;0.0;0.0;1;P2;Éclaircies;1012.8;966.1;44;44;0;0;11420.0;0.0;0.4;10.6;4.0;215;18.8;;;;;;;;
Vico;42.16;8.8;07/06/2026;21:00;17.4;86;14.9;17.7;7;0.2;0.1;0.1;0.0;0.0;51;P10;Pluie faible;1013.3;966.4;40;41;0;0;15000.0;0.0;0.29;9.5;4.0;219;17.4;;;;;;;;
Vico;42.16;8.8;07/06/2026;22:00;16.2;89;14.3;16.5;6;0.2;0.1;0.1;0.0;0.0;51;P10;Pluie faible;1013.9;966.8;31;32;0;0;18560.0;0.0;0.21;7.6;4.3;227;15.9;;;;;;;;
Vico;42.16;8.8;07/06/2026;23:00;15.1;90;13.4;15.3;5;0.2;0.1;0.1;0.0;0.0;51;P10;Pluie faible;1014.6;967.3;21;21;0;0;22140.0;0.0;0.17;5.6;4.7;241;14.4;;;;;;;;
Vico;42.16;8.8;08/06/2026;00:00;14.0;91;12.6;14.2;4;0.2;0.1;0.1;0.0;0.0;51;P10;Pluie faible;1015.3;967.8;10;11;0;0;25720.0;0.0;0.14;4.3;4.7;270;13.1;;;;;;;;
Vico;42.16;8.8;08/06/2026;01:00;13.1;92;11.8;12.9;3;0.2;0.1;0.1;0.0;0.0;51;P10;Pluie faible;1015.9;968.2;3;3;0;0;29280.0;0.0;0.13;4.8;4.7;299;12.1;;;;;;;;
Vico;42.16;8.8;08/06/2026;02:00;12.5;91;11.1;12.0;2;0.2;0.1;0.1;0.0;0.0;51;P10;Pluie faible;1016.5;968.7;1;1;0;0;32860.0;0.0;0.12;6.0;4.7;311;11.5;;;;;;;;
Vico;42.16;8.8;08/06/2026;03:00;12.2;91;10.7;11.3;2;0.0;0.0;0.0;0.0;0.0;0;P1;Ensoleillé;1017.0;969.1;7;7;0;0;30140.0;0.0;0.13;7.5;5.4;312;11.2;;;;;;;;
Vico;42.16;8.8;08/06/2026;04:00;12.1;89;10.4;10.9;2;0.0;0.0;0.0;0.0;0.0;0;P1;Ensoleillé;1017.4;969.5;18;18;0;0;27440.0;0.0;0.16;9.3;6.1;310;11.4;;;;;;;;
Vico;42.16;8.8;08/06/2026;05:00;12.2;87;10.1;10.7;2;0.0;0.0;0.0;0.0;0.0;1;P2;Éclaircies;1017.7;969.8;32;32;0;0;24740.0;0.0;0.19;11.2;6.8;305;11.7;;;;;;;;
Vico;42.16;8.8;08/06/2026;06:00;12.5;84;9.9;10.6;2;0.0;0.0;0.0;0.0;0.0;1;P2;Éclaircies;1018.1;970.2;47;47;0;0;22020.0;0.0;0.23;13.0;6.8;301;12.2;;;;;;;;
Vico;42.16;8.8;08/06/2026;07:00;12.9;81;9.8;10.7;3;0.0;0.0;0.0;0.0;0.0;2;P8;Éclaircies;1018.4;970.5;59;59;0;0;19320.0;0.0;0.28;14.7;6.1;298;12.9;;;;;;;;
Vico;42.16;8.8;08/06/2026;08:00;13.1;79;9.6;10.8;4;0.0;0.0;0.0;0.0;0.0;2;P8;Éclaircies;1018.7;970.9;65;65;0;0;16600.0;0.0;0.32;15.7;6.5;295;13.5;;;;;;;;
Vico;42.16;8.8;08/06/2026;09:00;13.6;77;9.5;11.0;6;0.1;0.1;0.0;0.0;0.0;51;P10;Pluie faible;1019.0;971.2;65;65;0;0;16120.0;0.0;0.37;16.4;8.3;293;14.4;;;;;;;;
Vico;42.16;8.8;08/06/2026;10:00;14.1;73;9.4;11.6;8;0.1;0.1;0.0;0.0;0.0;51;P10;Pluie faible;1019.4;971.7;61;61;0;0;15640.0;0.0;0.43;16.7;10.4;289;15.5;;;;;;;;
Vico;42.16;8.8;08/06/2026;11:00;14.8;70;9.4;12.2;10;0.1;0.1;0.0;0.0;0.0;51;P10;Pluie faible;1019.7;972.1;54;54;0;0;15160.0;0.0;0.5;17.2;12.6;285;16.8;;;;;;;;
Vico;42.16;8.8;08/06/2026;12:00;15.4;67;9.4;13.3;12;0.1;0.1;0.0;0.0;0.0;51;P10;Pluie faible;1020.0;972.5;46;46;0;0;14660.0;0.0;0.57;17.1;14.0;282;17.9;;;;;;;;
Vico;42.16;8.8;08/06/2026;13:00;15.9;66;9.5;14.2;13;0.1;0.1;0.0;0.0;0.0;51;P10;Pluie faible;1020.3;972.8;39;39;0;0;14180.0;0.0;0.63;16.9;15.1;279;18.8;;;;;;;;
Vico;42.16;8.8;08/06/2026;14:00;16.2;65;9.6;14.8;14;0.1;0.1;0.0;0.0;0.0;51;P10;Pluie faible;1020.4;973.0;34;34;0;0;13700.0;0.0;0.65;16.5;15.5;276;19.2;;;;;;;;
Vico;42.16;8.8;08/06/2026;15:00;16.2;66;9.8;14.9;14;0.0;0.0;0.0;0.0;0.0;1;P2;Éclaircies;1020.4;973.0;32;32;1;0;15280.0;0.0;0.63;15.5;14.8;275;19.0;;;;;;;;
Vico;42.16;8.8;08/06/2026;16:00;16.1;67;10.1;14.7;13;0.0;0.0;0.0;0.0;0.0;1;P2;Éclaircies;1020.3;972.9;32;32;1;0;16860.0;0.0;0.6;14.3;13.3;274;18.5;;;;;;;;
Vico;42.16;8.8;08/06/2026;17:00;15.8;70;10.4;14.1;12;0.0;0.0;0.0;0.0;0.0;1;P2;Éclaircies;1020.1;972.6;32;32;2;0;18440.0;0.0;0.54;12.6;11.9;274;17.6;;;;;;;;
Vico;42.16;8.8;08/06/2026;18:00;15.4;73;10.6;14.1;11;0.0;0.0;0.0;0.0;0.0;1;P2;Éclaircies;1019.9;972.4;33;32;3;0;20020.0;0.0;0.47;10.7;10.4;275;16.7;;;;;;;;
Vico;42.16;8.8;08/06/2026;19:00;15.0;76;10.8;14.0;9;0.0;0.0;0.0;0.0;0.0;1;P2;Éclaircies;1019.8;972.2;33;32;4;0;21600.0;0.0;0.41;8.9;9.0;276;15.7;;;;;;;;
Vico;42.16;8.8;08/06/2026;20:00;14.6;78;10.9;13.8;8;0.0;0.0;0.0;0.0;0.0;1;P2;Éclaircies;1019.7;972.0;31;30;4;0;23180.0;0.0;0.36;7.3;7.9;279;14.8;;;;;;;;
Vico;42.16;8.8;08/06/2026;21:00;13.9;81;10.7;13.3;7;0.0;0.0;0.0;0.0;0.0;1;P2;Éclaircies;1019.7;971.9;27;26;4;0;20380.0;0.0;0.31;5.8;7.6;284;13.9;;;;;;;;
Vico;42.16;8.8;08/06/2026;22:00;13.1;83;10.4;12.6;6;0.0;0.0;0.0;0.0;0.0;1;P2;Éclaircies;1019.9;972.0;22;21;3;0;17580.0;0.0;0.25;4.3;7.9;298;12.8;;;;;;;;
Vico;42.16;8.8;08/06/2026;23:00;12.2;86;9.9;11.7;5;0.0;0.0;0.0;0.0;0.0;0;P1;Ensoleillé;1020.0;971.9;16;16;2;0;14800.0;0.0;0.2;3.3;7.9;324;11.7;;;;;;;;
Vico;42.16;8.8;09/06/2026;00:00;11.4;88;9.6;10.8;4;0.0;0.0;0.0;0.0;0.0;0;P1;Ensoleillé;1020.1;971.9;11;10;1;0;12000.0;0.0;0.16;3.3;7.9;354;10.8;;;;;;;;
Vico;42.16;8.8;09/06/2026;01:00;10.9;89;9.1;10.0;3;0.0;0.0;0.0;0.0;0.0;0;P1;Ensoleillé;1020.3;972.0;6;5;1;0;9200.0;0.0;0.14;3.9;8.3;16;10.1;;;;;;;;
Vico;42.16;8.8;09/06/2026;02:00;10.7;88;8.8;9.7;2;0.0;0.0;0.0;0.0;0.0;0;P1;Ensoleillé;1020.3;972.0;2;2;0;0;6400.0;0.0;0.16;4.5;8.3;29;9.9;;;;;;;;
Vico;42.16;8.8;09/06/2026;03:00;11.0;84;8.4;9.9;1;0.0;0.0;0.0;0.0;0.0;0;P1;Ensoleillé;1020.2;971.9;0;0;0;0;12240.0;0.0;0.21;5.0;8.6;38;10.2;;;;;;;;
Vico;42.16;8.8;09/06/2026;04:00;11.7;78;8.0;10.4;0;0.0;0.0;0.0;0.0;0.0;0;P1;Ensoleillé;1020.1;972.0;0;0;0;0;18060.0;0.0;0.3;5.4;9.0;42;11.1;;;;;;;;
Vico;42.16;8.8;09/06/2026;05:00;12.6;71;7.6;11.2;0;0.0;0.0;0.0;0.0;0.0;0;P1;Ensoleillé;1020.0;972.0;0;0;0;0;23900.0;0.0;0.42;5.5;9.0;49;12.2;;;;;;;;
Vico;42.16;8.8;09/06/2026;06:00;13.7;65;7.3;12.2;0;0.0;0.0;0.0;0.0;0.0;0;P1;Ensoleillé;1019.8;972.0;0;0;0;0;29740.0;0.0;0.55;5.4;9.0;53;13.4;;;;;;;;
Vico;42.16;8.8;09/06/2026;07:00;14.8;60;7.2;13.3;0;0.0;0.0;0.0;0.0;0.0;0;P1;Ensoleillé;1019.7;972.1;0;0;0;0;35560.0;0.0;0.67;5.1;8.6;58;14.8;;;;;;;;
Vico;42.16;8.8;09/06/2026;08:00;15.6;58;7.3;14.3;0;0.0;0.0;0.0;0.0;0.0;0;P1;Ensoleillé;1019.6;972.1;0;0;0;0;41400.0;0.0;0.76;4.3;8.3;66;16.0;;;;;;;;
Vico;42.16;8.8;09/06/2026;09:00;16.5;56;7.8;15.5;1;0.0;0.0;0.0;0.0;0.0;0;P1;Ensoleillé;1019.6;972.3;0;0;0;0;40980.0;0.0;0.82;3.1;7.6;83;17.5;;;;;;;;
Vico;42.16;8.8;09/06/2026;10:00;17.5;56;8.6;16.8;1;0.0;0.0;0.0;0.0;0.0;0;P1;Ensoleillé;1019.7;972.5;0;0;0;0;40560.0;0.0;0.87;2.3;7.2;129;19.1;;;;;;;;
Vico;42.16;8.8;09/06/2026;11:00;18.4;57;9.6;18.5;2;0.0;0.0;0.0;0.0;0.0;0;P1;Ensoleillé;1019.9;972.8;0;0;0;0;40140.0;0.0;0.91;3.6;6.8;177;20.8;;;;;;;;
Vico;42.16;8.8;09/06/2026;12:00;19.1;58;10.7;20.1;3;0.0;0.0;0.0;0.0;0.0;0;P1;Ensoleillé;1020.0;973.0;0;0;0;0;39720.0;0.0;0.93;5.8;7.2;194;22.4;;;;;;;;
Vico;42.16;8.8;09/06/2026;13:00;19.8;59;11.6;21.2;4;0.0;0.0;0.0;0.0;0.0;0;P1;Ensoleillé;1020.1;973.2;0;0;0;0;39300.0;0.0;0.94;7.7;7.9;201;23.5;;;;;;;;
Vico;42.16;8.8;09/06/2026;14:00;20.0;61;12.2;21.8;4;0.0;0.0;0.0;0.0;0.0;0;P1;Ensoleillé;1020.1;973.3;0;0;0;0;38880.0;0.0;0.91;8.8;8.6;203;23.9;;;;;;;;
Vico;42.16;8.8;09/06/2026;15:00;19.9;63;12.7;21.7;4;0.0;0.0;0.0;0.0;0.0;0;P1;Ensoleillé;1020.0;973.2;0;0;0;0;38420.0;0.0;0.86;8.9;9.0;204;23.6;;;;;;;;
Vico;42.16;8.8;09/06/2026;16:00;19.5;67;13.1;21.2;3;0.0;0.0;0.0;0.0;0.0;0;P1;Ensoleillé;1019.9;973.0;1;0;0;1;37960.0;0.0;0.75;8.1;9.4;204;22.7;;;;;;;;
Vico;42.16;8.8;09/06/2026;17:00;18.8;71;13.4;20.2;3;0.0;0.0;0.0;0.0;0.0;0;P1;Ensoleillé;1019.7;972.7;2;0;0;2;37520.0;0.0;0.63;6.7;9.0;204;21.4;;;;;;;;
Vico;42.16;8.8;09/06/2026;18:00;18.0;75;13.5;18.8;3;0.0;0.0;0.0;0.0;0.0;0;P1;Ensoleillé;1019.5;972.4;2;0;0;2;37060.0;0.0;0.52;5.2;7.6;200;19.8;;;;;;;;
Vico;42.16;8.8;09/06/2026;19:00;17.2;77;13.2;17.7;2;0.0;0.0;0.0;0.0;0.0;0;P1;Ensoleillé;1019.4;972.2;3;0;0;3;36600.0;0.0;0.45;3.8;5.4;197;18.2;;;;;;;;
Vico;42.16;8.8;09/06/2026;20:00;16.5;77;12.5;17.0;2;0.0;0.0;0.0;0.0;0.0;0;P1;Ensoleillé;1019.3;972.0;3;0;0;3;36140.0;0.0;0.43;2.6;4.3;192;16.8;;;;;;;;
Vico;42.16;8.8;09/06/2026;21:00;15.9;73;11.0;15.9;2;0.0;0.0;0.0;0.0;0.0;0;P1;Ensoleillé;1019.3;971.9;3;0;0;3;38260.0;0.0;0.49;1.6;4.7;180;15.3;;;;;;;;
Vico;42.16;8.8;09/06/2026;22:00;14.9;66;8.8;14.5;1;0.0;0.0;0.0;0.0;0.0;0;P1;Ensoleillé;1019.4;971.8;2;0;0;2;40380.0;0.0;0.57;1.0;6.1;149;13.4;;;;;;;;
Vico;42.16;8.8;09/06/2026;23:00;14.1;59;6.2;13.0;1;0.0;0.0;0.0;0.0;0.0;0;P1;Ensoleillé;1019.5;971.8;2;0;0;2;42500.0;0.0;0.66;1.1;7.2;90;11.6;;;;;;;;
Vico;42.16;8.8;10/06/2026;00:00;13.4;52;3.7;11.6;1;0.0;0.0;0.0;0.0;0.0;0;P1;Ensoleillé;1019.6;971.7;1;0;0;1;44600.0;0.0;0.74;1.8;7.6;66;10.0;;;;;;;;
Vico;42.16;8.8;10/06/2026;01:00;12.8;47;1.8;10.6;0;0.0;0.0;0.0;0.0;0.0;0;P1;Ensoleillé;1019.6;971.7;0;0;0;0;46720.0;0.0;0.79;2.3;7.9;58;8.9;;;;;;;;
Vico;42.16;8.8;10/06/2026;02:00;12.6;44;0.8;10.2;0;0.0;0.0;0.0;0.0;0.0;0;P1;Ensoleillé;1019.7;971.7;0;0;0;0;48840.0;0.0;0.81;3.0;7.9;52;8.4;;;;;;;;
Vico;42.16;8.8;10/06/2026;03:00;12.8;44;0.9;10.3;0;0.0;0.0;0.0;0.0;0.0;0;P1;Ensoleillé;1019.7;971.8;0;0;0;0;48160.0;0.0;0.83;3.3;8.3;49;8.9;;;;;;;;
Vico;42.16;8.8;10/06/2026;04:00;13.4;46;1.9;11.0;1;0.0;0.0;0.0;0.0;0.0;0;P1;Ensoleillé;1019.7;971.8;0;0;0;0;47480.0;0.0;0.83;3.7;8.3;51;10.0;;;;;;;;
Vico;42.16;8.8;10/06/2026;05:00;14.1;49;3.5;12.0;1;0.0;0.0;0.0;0.0;0.0;0;P1;Ensoleillé;1019.6;971.9;0;0;0;0;46800.0;0.0;0.83;3.9;7.9;53;11.6;;;;;;;;
Vico;42.16;8.8;10/06/2026;06:00;15.0;52;5.2;13.3;1;0.0;0.0;0.0;0.0;0.0;0;P1;Ensoleillé;1019.6;972.0;0;0;0;0;46120.0;0.0;0.82;3.7;6.5;51;13.4;;;;;;;;
Vico;42.16;8.8;10/06/2026;07:00;15.9;55;6.8;14.6;2;0.0;0.0;0.0;0.0;0.0;0;P1;Ensoleillé;1019.6;972.2;0;0;0;0;45440.0;0.0;0.82;3.5;4.3;51;15.3;;;;;;;;
Vico;42.16;8.8;10/06/2026;08:00;16.8;56;7.8;15.8;2;0.0;0.0;0.0;0.0;0.0;0;P1;Ensoleillé;1019.6;972.3;0;0;0;0;44760.0;0.0;0.85;2.8;3.6;45;16.9;;;;;;;;
Vico;42.16;8.8;10/06/2026;09:00;17.6;55;8.4;17.0;3;0.0;0.0;0.0;0.0;0.0;0;P1;Ensoleillé;1019.7;972.5;12;0;0;12;44760.0;0.0;0.91;1.6;5.0;27;18.5;;;;;;;;
Vico;42.16;8.8;10/06/2026;10:00;18.6;53;8.9;18.1;3;0.0;0.0;0.0;0.0;0.0;1;P2;Éclaircies;1019.8;972.8;31;0;0;31;44760.0;0.0;1.01;1.5;7.6;306;20.2;;;;;;;;
Vico;42.16;8.8;10/06/2026;11:00;19.7;51;9.1;19.7;4;0.0;0.0;0.0;0.0;0.0;2;P8;Éclaircies;1020.0;973.1;52;0;0;52;44760.0;0.0;1.14;3.4;9.4;270;22.0;;;;;;;;
Vico;42.16;8.8;10/06/2026;12:00;20.6;48;9.3;21.1;5;0.0;0.0;0.0;0.0;0.0;2;P8;Éclaircies;1020.2;973.5;71;0;0;71;44740.0;0.0;1.26;5.6;10.1;263;23.5;;;;;;;;
Vico;42.16;8.8;10/06/2026;13:00;21.3;47;9.4;22.1;5;0.0;0.0;0.0;0.0;0.0;3;P4;Nuageux;1020.3;973.7;86;0;0;86;44740.0;0.0;1.35;7.3;10.4;259;24.5;;;;;;;;
Vico;42.16;8.8;10/06/2026;14:00;21.6;46;9.6;22.6;6;0.0;0.0;0.0;0.0;0.0;3;P4;Nuageux;1020.4;973.8;92;0;0;92;44740.0;0.0;1.39;8.3;10.1;259;25.0;;;;;;;;
Vico;42.16;8.8;10/06/2026;15:00;21.5;48;10.0;22.5;6;0.0;0.0;0.0;0.0;0.0;3;P4;Nuageux;1020.4;973.8;87;0;0;87;44200.0;0.0;1.34;8.0;9.0;260;24.8;;;;;;;;
Vico;42.16;8.8;10/06/2026;16:00;21.1;51;10.6;21.9;7;0.0;0.0;0.0;0.0;0.0;2;P8;Éclaircies;1020.3;973.6;72;0;0;72;43640.0;0.0;1.24;7.3;7.6;261;23.9;;;;;;;;
Vico;42.16;8.8;10/06/2026;17:00;20.5;55;11.0;20.8;7;0.0;0.0;0.0;0.0;0.0;2;P8;Éclaircies;1020.2;973.4;53;0;0;53;43100.0;0.0;1.09;6.0;6.5;265;22.5;;;;;;;;
Vico;42.16;8.8;10/06/2026;18:00;19.6;59;11.3;19.4;7;0.0;0.0;0.0;0.0;0.0;1;P2;Éclaircies;1020.1;973.2;32;0;0;32;42560.0;0.0;0.95;4.5;5.4;272;21.0;;;;;;;;
Vico;42.16;8.8;10/06/2026;19:00;18.9;61;11.2;18.8;7;0.0;0.0;0.0;0.0;0.0;0;P1;Ensoleillé;1020.0;973.0;14;0;0;14;42000.0;0.0;0.84;3.2;4.7;286;19.5;;;;;;;;
Vico;42.16;8.8;10/06/2026;20:00;18.1;62;10.7;18.0;6;0.0;0.0;0.0;0.0;0.0;0;P1;Ensoleillé;1020.0;972.9;2;0;0;2;41460.0;0.0;0.79;2.3;4.7;302;18.0;;;;;;;;
Vico;42.16;8.8;10/06/2026;21:00;17.3;59;9.2;16.9;5;0.0;0.0;0.0;0.0;0.0;0;P1;Ensoleillé;1020.0;972.8;0;0;0;0;42700.0;0.0;0.81;1.7;5.4;328;16.6;;;;;;;;
Vico;42.16;8.8;10/06/2026;22:00;16.4;54;6.9;15.3;4;0.0;0.0;0.0;0.0;0.0;0;P1;Ensoleillé;1020.1;972.7;0;0;0;0;43940.0;0.0;0.86;1.6;6.8;6;14.9;;;;;;;;
Vico;42.16;8.8;10/06/2026;23:00;15.4;47;4.2;13.7;3;0.0;0.0;0.0;0.0;0.0;0;P1;Ensoleillé;1020.2;972.6;0;0;0;0;45200.0;0.0;0.92;2.1;7.9;38;13.1;;;;;;;;
Vico;42.16;8.8;11/06/2026;00:00;14.6;42;1.8;12.3;2;0.0;0.0;0.0;0.0;0.0;0;P1;Ensoleillé;1020.3;972.6;0;0;0;0;46440.0;0.0;0.96;2.8;7.9;50;11.5;;;;;;;;
Vico;42.16;8.8;11/06/2026;01:00;13.9;38;-0.2;11.2;1;0.0;0.0;0.0;0.0;0.0;0;P1;Ensoleillé;1020.4;972.6;0;0;0;0;47680.0;0.0;0.98;3.6;7.9;60;10.4;;;;;;;;
Vico;42.16;8.8;11/06/2026;02:00;13.6;37;-0.9;10.8;0;0.0;0.0;0.0;0.0;0.0;0;P1;Ensoleillé;1020.4;972.6;0;0;0;0;48920.0;0.0;0.99;4.0;7.6;60;9.9;;;;;;;;
Vico;42.16;8.8;11/06/2026;03:00;13.9;38;-0.3;11.1;0;0.0;0.0;0.0;0.0;0.0;0;P1;Ensoleillé;1020.4;972.6;0;0;0;0;47680.0;0.0;0.99;4.3;7.6;57;10.4;;;;;;;;
Vico;42.16;8.8;11/06/2026;04:00;14.4;41;1.4;11.8;0;0.0;0.0;0.0;0.0;0.0;0;P1;Ensoleillé;1020.3;972.6;0;0;0;0;46440.0;0.0;0.96;4.5;7.6;50;11.4;;;;;;;;
Vico;42.16;8.8;11/06/2026;05:00;15.1;46;3.8;13.0;0;0.0;0.0;0.0;0.0;0.0;0;P1;Ensoleillé;1020.2;972.6;0;0;0;0;45200.0;0.0;0.92;4.6;7.2;42;13.1;;;;;;;;
Vico;42.16;8.8;11/06/2026;06:00;16.0;52;6.2;14.4;0;0.0;0.0;0.0;0.0;0.0;0;P1;Ensoleillé;1020.1;972.7;0;0;0;0;43960.0;0.0;0.88;4.5;5.8;34;14.8;;;;;;;;
Vico;42.16;8.8;11/06/2026;07:00;17.0;57;8.4;15.9;0;0.0;0.0;0.0;0.0;0.0;0;P1;Ensoleillé;1020.1;972.8;0;0;0;0;42720.0;0.0;0.83;4.3;3.6;24;16.5;;;;;;;;
Vico;42.16;8.8;11/06/2026;08:00;17.8;60;9.8;17.2;0;0.0;0.0;0.0;0.0;0.0;0;P1;Ensoleillé;1020.0;972.8;0;0;0;0;41480.0;0.0;0.82;3.7;2.9;14;18.0;;;;;;;;
Vico;42.16;8.8;11/06/2026;09:00;18.5;59;10.4;18.3;1;0.0;0.0;0.0;0.0;0.0;0;P1;Ensoleillé;1020.0;973.0;6;0;0;6;42040.0;0.0;0.88;2.8;4.0;349;19.5;;;;;;;;
Vico;42.16;8.8;11/06/2026;10:00;19.5;55;10.4;19.3;2;0.0;0.0;0.0;0.0;0.0;0;P1;Ensoleillé;1020.0;973.1;15;0;0;15;42580.0;0.0;1.01;2.7;6.1;293;21.1;;;;;;;;
Vico;42.16;8.8;11/06/2026;11:00;20.5;51;10.1;20.4;4;0.0;0.0;0.0;0.0;0.0;1;P2;Éclaircies;1020.0;973.3;25;0;0;25;43140.0;0.0;1.18;4.9;7.9;262;22.8;;;;;;;;
Vico;42.16;8.8;11/06/2026;12:00;21.4;48;9.8;21.7;6;0.0;0.0;0.0;0.0;0.0;1;P2;Éclaircies;1020.0;973.4;35;0;0;35;43700.0;0.0;1.33;7.2;8.6;251;24.2;;;;;;;;
Vico;42.16;8.8;11/06/2026;13:00;21.9;45;9.4;22.4;8;0.0;0.0;0.0;0.0;0.0;1;P2;Éclaircies;1020.0;973.5;42;0;0;42;44240.0;0.0;1.45;9.2;8.6;244;25.2;;;;;;;;
Vico;42.16;8.8;11/06/2026;14:00;22.1;44;9.3;22.6;10;0.0;0.0;0.0;0.0;0.0;1;P2;Éclaircies;1019.9;973.4;46;0;0;46;44800.0;0.0;1.49;10.1;8.6;241;25.5;;;;;;;;
Vico;42.16;8.8;11/06/2026;15:00;21.8;45;9.5;22.4;12;0.0;0.0;0.0;0.0;0.0;1;P2;Éclaircies;1019.7;973.2;44;0;0;44;43840.0;0.0;1.42;9.6;8.3;237;25.0;;;;;;;;
Vico;42.16;8.8;11/06/2026;16:00;21.1;49;9.9;21.7;15;0.0;0.0;0.0;0.0;0.0;1;P2;Éclaircies;1019.5;972.9;38;0;0;38;42880.0;0.0;1.29;8.2;7.2;230;23.8;;;;;;;;
Vico;42.16;8.8;11/06/2026;17:00;20.1;53;10.3;20.5;17;0.0;0.0;0.0;0.0;0.0;1;P2;Éclaircies;1019.3;972.5;29;0;0;29;41920.0;0.0;1.11;6.3;6.5;219;22.2;;;;;;;;
Vico;42.16;8.8;11/06/2026;18:00;19.0;58;10.6;18.9;19;0.0;0.0;0.0;0.0;0.0;1;P2;Éclaircies;1019.0;972.1;21;0;0;21;40960.0;0.0;0.92;4.6;5.4;201;20.4;;;;;;;;
Vico;42.16;8.8;11/06/2026;19:00;18.0;63;10.9;17.7;20;0.0;0.0;0.0;0.0;0.0;0;P1;Ensoleillé;1018.9;971.8;15;0;0;15;40000.0;0.0;0.75;3.8;4.3;172;18.6;;;;;;;;
Vico;42.16;8.8;11/06/2026;20:00;17.0;67;10.9;16.8;20;0.0;0.0;0.0;0.0;0.0;0;P1;Ensoleillé;1018.8;971.6;14;0;0;14;39040.0;0.0;0.64;3.8;4.0;149;17.1;;;;;;;;
Vico;42.16;8.8;11/06/2026;21:00;16.1;69;10.6;15.8;18;0.0;0.0;0.0;0.0;0.0;1;P2;Éclaircies;1018.9;971.5;20;0;0;20;39040.0;0.0;0.56;3.6;4.7;135;15.7;;;;;;;;
Vico;42.16;8.8;11/06/2026;22:00;15.1;71;9.9;14.7;16;0.0;0.0;0.0;0.0;0.0;1;P2;Éclaircies;1019.1;971.6;30;0;0;30;39020.0;0.0;0.51;3.1;6.1;121;14.1;;;;;;;;
Vico;42.16;8.8;11/06/2026;23:00;14.2;71;9.1;13.6;13;0.0;0.0;0.0;0.0;0.0;1;P2;Éclaircies;1019.3;971.6;43;0;0;43;39020.0;0.0;0.47;2.6;7.2;106;12.6;;;;;;;;
Vico;42.16;8.8;12/06/2026;00:00;13.4;71;8.2;12.6;9;0.0;0.0;0.0;0.0;0.0;2;P8;Éclaircies;1019.6;971.7;56;0;0;56;39000.0;0.0;0.44;2.0;7.2;85;11.4;;;;;;;;
Vico;42.16;8.8;12/06/2026;01:00;12.8;71;7.7;11.9;6;0.0;0.0;0.0;0.0;0.0;2;P8;Éclaircies;1019.8;971.8;68;0;0;68;39000.0;0.0;0.43;1.9;6.8;61;10.4;;;;;;;;
Vico;42.16;8.8;12/06/2026;02:00;12.6;70;7.3;11.6;6;0.0;0.0;0.0;0.0;0.0;2;P8;Éclaircies;1019.9;971.9;77;0;0;77;38980.0;0.0;0.43;1.9;6.5;49;10.2;;;;;;;;
Vico;42.16;8.8;12/06/2026;03:00;12.9;69;7.4;12.0;7;0.0;0.0;0.0;0.0;0.0;3;P4;Nuageux;1019.9;972.0;83;0;0;83;39400.0;0.0;0.45;1.9;6.8;49;10.7;;;;;;;;
Vico;42.16;8.8;12/06/2026;04:00;13.6;68;7.8;12.8;8;0.0;0.0;0.0;0.0;0.0;3;P4;Nuageux;1019.9;972.1;88;0;0;89;39820.0;0.0;0.5;1.9;7.2;56;11.8;;;;;;;;
Vico;42.16;8.8;12/06/2026;05:00;14.6;66;8.4;14.0;7;0.0;0.0;0.0;0.0;0.0;3;P4;Nuageux;1019.8;972.1;92;0;0;93;40260.0;0.0;0.56;1.7;7.2;72;13.3;;;;;;;;
Vico;42.16;8.8;12/06/2026;06:00;15.8;64;9.1;15.3;5;0.0;0.0;0.0;0.0;0.0;3;P4;Nuageux;1019.7;972.2;94;0;0;95;40680.0;0.0;0.64;1.6;5.8;90;15.0;;;;;;;;
Vico;42.16;8.8;12/06/2026;07:00;17.0;62;9.6;16.6;4;0.0;0.0;0.0;0.0;0.0;3;P4;Nuageux;1019.6;972.3;94;0;0;95;41100.0;0.0;0.74;1.5;3.6;111;16.8;;;;;;;;
Vico;42.16;8.8;12/06/2026;08:00;17.9;60;10.0;17.7;3;0.0;0.0;0.0;0.0;0.0;3;P4;Nuageux;1019.6;972.5;91;0;0;91;41520.0;0.0;0.82;1.3;2.2;146;18.2;;;;;;;;
Vico;42.16;8.8;12/06/2026;09:00;18.8;57;10.2;18.6;4;0.0;0.0;0.0;0.0;0.0;3;P4;Nuageux;1019.6;972.6;84;0;2;82;42080.0;0.0;0.93;1.7;2.5;198;19.6;;;;;;;;
Vico;42.16;8.8;12/06/2026;10:00;19.7;55;10.3;19.3;5;0.0;0.0;0.0;0.0;0.0;2;P8;Éclaircies;1019.6;972.8;73;0;4;69;42640.0;0.0;1.04;3.2;3.6;223;21.2;;;;;;;;
Vico;42.16;8.8;12/06/2026;11:00;20.6;52;10.4;20.6;7;0.0;0.0;0.0;0.0;0.0;2;P8;Éclaircies;1019.7;973.0;59;0;8;53;43200.0;0.0;1.18;5.3;4.7;232;22.7;;;;;;;;
Vico;42.16;8.8;12/06/2026;12:00;23.0;46;10.8;23.4;9;0.0;0.0;0.0;0.0;0.0;1;P2;Éclaircies;1019.8;973.5;60;0;9;53;38840.0;0.0;1.56;8.2;6.1;239;24.1;;;;;;;;
Vico;42.16;8.8;12/06/2026;13:00;25.3;41;11.0;25.8;11;0.0;0.0;0.0;0.0;0.0;1;P2;Éclaircies;1019.9;973.9;67;0;8;62;34220.0;0.0;1.97;11.1;7.6;244;25.3;;;;;;;;
Vico;42.16;8.8;12/06/2026;14:00;27.3;37;11.1;27.7;13;0.0;0.0;0.0;0.0;0.0;1;P2;Éclaircies;1019.9;974.2;82;0;8;78;29320.0;0.0;2.33;12.8;8.6;249;26.1;;;;;;;;
Vico;42.16;8.8;12/06/2026;15:00;28.7;33;10.8;28.8;15;0.0;0.0;0.0;0.0;0.0;3;P4;Nuageux;1019.7;974.2;100;0;5;100;24140.0;0.0;2.63;13.2;8.3;253;;;;;;;;;
Vico;42.16;8.8;12/06/2026;16:00;28.3;33;10.5;28.0;16;0.0;0.0;0.0;0.0;0.0;3;P4;Nuageux;1019.4;973.9;100;0;5;100;24140.0;0.0;2.57;12.1;7.6;253;;;;;;;;;
Vico;42.16;8.8;12/06/2026;17:00;27.5;35;10.7;26.8;17;0.0;0.0;0.0;0.0;0.0;3;P4;Nuageux;1019.1;973.5;100;0;5;100;24140.0;0.0;2.38;10.6;6.5;252;;;;;;;;;
Vico;42.16;8.8;12/06/2026;18:00;26.2;41;11.9;25.5;18;0.0;0.0;0.0;0.0;0.0;3;P4;Nuageux;1018.9;973.1;82;0;4;83;24140.0;0.0;2.01;9.0;5.4;254;;;;;;;;;
Vico;42.16;8.8;12/06/2026;19:00;24.6;48;12.8;24.4;18;0.0;0.0;0.0;0.0;0.0;2;P8;Éclaircies;1018.8;972.7;58;0;3;58;24140.0;0.0;1.61;7.4;4.0;256;;;;;;;;;
Vico;42.16;8.8;12/06/2026;20:00;23.1;54;13.3;23.4;19;0.0;0.0;0.0;0.0;0.0;1;P2;Éclaircies;1018.8;972.5;37;0;3;37;24140.0;0.0;1.3;4.7;3.2;261;;;;;;;;;
Vico;42.16;8.8;12/06/2026;21:00;21.7;55;12.2;22.2;19;0.0;0.0;0.0;0.0;0.0;1;P2;Éclaircies;1018.9;972.4;24;0;4;22;24140.0;0.0;1.17;1.3;4.0;326;;;;;;;;;
Vico;42.16;8.8;12/06/2026;22:00;20.4;55;11.0;20.0;20;0.0;0.0;0.0;0.0;0.0;0;P1;Ensoleillé;1019.2;972.5;14;0;4;11;24140.0;0.0;1.08;5.1;5.4;51;;;;;;;;;
Vico;42.16;8.8;12/06/2026;23:00;19.5;53;9.6;18.1;20;0.0;0.0;0.0;0.0;0.0;0;P1;Ensoleillé;1019.2;972.3;8;0;5;3;24140.0;0.0;1.06;8.9;6.5;58;;;;;;;;;
