Ville;Latitude;Longitude;Date;weathercode;pictogramme;condition_meteo;temperature_2m_max;temperature_2m_min;apparent_temperature_max;apparent_temperature_min;sunrise;sunset;uv_index_max;uv_index_clear_sky_max;precipitation_sum;rain_sum;showers_sum;snowfall_sum;precipitation_hours;precipitation_probability_max;windspeed_10m_max;windgusts_10m_max;winddirection_10m_dominant;shortwave_radiation_sum
AMIENS;49.894;2.295;28/05/2026;3;P4;Nuageux;32.4;18.8;33.7;17.2;05:50;21:45;6.8;7.0;0.0;0.0;0.0;0.0;0.0;17;17.3;34.6;125;26.45
AMIENS;49.894;2.295;29/05/2026;3;P4;Nuageux;31.9;24.0;32.9;24.5;05:49;21:47;6.5;7.05;0.0;0.0;0.0;0.0;0.0;4;13.3;32.4;223;18.87
AMIENS;49.894;2.295;30/05/2026;3;P4;Nuageux;31.2;21.5;33.2;20.8;05:48;21:48;6.7;7.05;0.0;0.0;0.0;0.0;0.0;39;13.3;29.9;306;20.97
AMIENS;49.894;2.295;31/05/2026;3;P4;Nuageux;22.1;16.3;21.3;14.7;05:47;21:49;6.05;7.0;0.0;0.0;0.0;0.0;0.0;37;21.5;47.9;281;18.74
AMIENS;49.894;2.295;01/06/2026;3;P4;Nuageux;22.6;13.4;21.6;12.3;05:47;21:50;6.15;7.1;0.0;0.0;0.0;0.0;0.0;29;15.5;36.4;260;19.4
AMIENS;49.894;2.295;02/06/2026;53;P10;Pluie faible;18.8;14.1;18.2;12.4;05:46;21:51;6.65;6.85;9.3;2.1;7.2;0.0;21.0;86;21.4;49.0;248;21.87
AMIENS;49.894;2.295;03/06/2026;63;P10;Pluie;17.3;11.9;14.5;10.2;05:45;21:52;6.2;6.75;17.7;6.3;11.4;0.0;12.0;73;24.7;59.8;212;11.19
AMIENS;49.894;2.295;04/06/2026;53;P10;Pluie faible;16.6;12.7;14.7;9.2;05:45;21:53;5.95;6.75;4.8;1.2;3.6;0.0;18.0;84;27.0;64.4;225;20.03
AMIENS;49.894;2.295;05/06/2026;53;P10;Pluie faible;17.4;12.1;16.4;10.8;05:44;21:54;6.45;6.75;4.5;1.2;3.3;0.0;15.0;77;15.4;39.6;258;23.52
AMIENS;49.894;2.295;06/06/2026;51;P10;Pluie faible;16.4;10.4;15.4;8.8;05:44;21:55;2.3;6.55;4.5;1.5;3.0;0.0;21.0;52;14.3;39.2;217;24.84
AMIENS;49.894;2.295;07/06/2026;51;P10;Pluie faible;17.8;9.9;15.9;9.0;05:43;21:55;3.4;6.55;1.2;1.2;0.0;0.0;12.0;39;16.1;34.2;45;18.62
AMIENS;49.894;2.295;08/06/2026;51;P10;Pluie faible;18.2;11.8;17.9;9.2;05:43;21:56;6.25;6.6;2.7;1.5;1.2;0.0;15.0;27;16.7;41.0;317;23.52
AMIENS;49.894;2.295;09/06/2026;51;P10;Pluie faible;14.7;11.4;12.4;10.2;05:42;21:57;5.9;6.65;1.5;0.9;0.6;0.0;15.0;25;14.6;38.5;244;18.1
AMIENS;49.894;2.295;10/06/2026;51;P10;Pluie faible;17.0;11.2;15.8;11.1;05:42;21:58;5.75;6.8;2.7;1.5;1.2;0.0;15.0;35;14.9;36.0;308;21.21
AMIENS;49.894;2.295;11/06/2026;51;P10;Pluie faible;18.6;11.0;18.6;9.8;05:42;21:58;6.25;6.8;1.2;1.2;0.0;0.0;6.0;27;12.3;33.5;272;23.36
AMIENS;49.894;2.295;12/06/2026;51;P10;Pluie faible;26.1;11.1;27.0;10.3;05:41;21:59;5.65;6.85;0.3;0.0;0.3;0.0;3.0;;18.4;27.9;229;22.95
BREST;48.39;-4.48;28/05/2026;3;P4;Nuageux;27.1;17.0;28.4;16.0;06:23;22:06;6.65;7.3;0.0;0.0;0.0;0.0;0.0;3;16.8;31.0;177;26.85
BREST;48.39;-4.48;29/05/2026;3;P4;Nuageux;21.4;15.4;19.0;14.1;06:23;22:07;3.85;7.35;0.0;0.0;0.0;0.0;0.0;3;18.3;38.9;5;17.69
BREST;48.39;-4.48;30/05/2026;3;P4;Nuageux;23.7;14.6;21.0;13.0;06:22;22:08;7.25;7.3;0.0;0.0;0.0;0.0;0.0;3;15.9;33.4;357;29.46
BREST;48.39;-4.48;31/05/2026;3;P4;Nuageux;21.2;15.0;19.3;14.2;06:21;22:09;7.2;7.25;0.0;0.0;0.0;0.0;0.0;5;17.3;35.3;270;21.41
BREST;48.39;-4.48;01/06/2026;53;P10;Pluie faible;20.5;15.5;19.7;14.6;06:20;22:10;1.25;7.1;2.4;1.65;0.75;0.0;6.0;55;24.7;52.6;219;19.69
BREST;48.39;-4.48;02/06/2026;51;P10;Pluie faible;16.9;13.3;14.8;11.5;06:20;22:11;6.8;7.25;3.9;3.0;0.9;0.0;21.0;45;24.7;51.5;273;24.69
BREST;48.39;-4.48;03/06/2026;63;P10;Pluie;15.9;13.2;12.3;9.4;06:19;22:12;3.25;7.0;12.6;8.1;4.5;0.0;15.0;41;39.1;84.2;238;15.62
BREST;48.39;-4.48;04/06/2026;51;P10;Pluie faible;14.9;12.8;12.2;9.6;06:19;22:13;7.0;7.0;2.7;2.1;0.6;0.0;15.0;37;27.9;80.3;284;21.22
BREST;48.39;-4.48;05/06/2026;51;P10;Pluie faible;14.6;11.4;11.8;8.2;06:18;22:14;6.35;6.95;3.6;1.2;2.4;0.0;24.0;55;23.7;51.5;282;23.82
BREST;48.39;-4.48;06/06/2026;53;P10;Pluie faible;13.7;10.1;11.6;7.5;06:18;22:15;5.9;6.85;6.3;1.5;4.8;0.0;15.0;48;19.1;47.9;211;21.01
BREST;48.39;-4.48;07/06/2026;51;P10;Pluie faible;16.5;9.4;14.4;8.3;06:17;22:15;6.85;6.85;1.8;0.6;1.2;0.0;12.0;42;20.5;48.6;338;23.91
BREST;48.39;-4.48;08/06/2026;51;P10;Pluie faible;16.4;12.5;14.8;10.1;06:17;22:16;6.2;6.95;1.2;0.6;0.6;0.0;6.0;52;19.9;45.0;297;26.59
BREST;48.39;-4.48;09/06/2026;61;P10;Pluie;13.1;10.9;12.0;9.4;06:17;22:17;6.65;7.0;20.4;15.0;5.4;0.0;18.0;27;12.8;36.0;71;5.09
BREST;48.39;-4.48;10/06/2026;3;P4;Nuageux;17.2;9.2;16.3;7.6;06:16;22:18;6.2;7.0;0.0;0.0;0.0;0.0;0.0;20;13.7;36.0;324;26.42
BREST;48.39;-4.48;11/06/2026;3;P4;Nuageux;16.4;12.3;14.6;11.4;06:16;22:18;5.4;7.0;0.0;0.0;0.0;0.0;0.0;23;16.8;38.2;217;15.15
BREST;48.39;-4.48;12/06/2026;2;P8;Éclaircies;24.6;12.7;25.1;11.2;06:16;22:19;7.1;7.15;0.0;0.0;0.0;0.0;0.0;16;21.4;38.9;91;28.56
RENNES;48.11;-1.67;28/05/2026;3;P4;Nuageux;34.6;20.6;34.6;21.3;06:13;21:54;6.7;7.3;0.0;0.0;0.0;0.0;0.0;5;13.8;25.6;147;27.74
RENNES;48.11;-1.67;29/05/2026;3;P4;Nuageux;29.0;17.5;29.3;17.2;06:12;21:55;6.8;7.35;0.0;0.0;0.0;0.0;0.0;0;17.9;36.4;359;24.11
RENNES;48.11;-1.67;30/05/2026;3;P4;Nuageux;28.0;18.0;26.5;16.2;06:12;21:56;7.25;7.25;0.0;0.0;0.0;0.0;0.0;3;19.5;35.8;353;25.21
RENNES;48.11;-1.67;31/05/2026;3;P4;Nuageux;25.6;16.1;24.8;14.7;06:11;21:57;5.75;7.25;0.0;0.0;0.0;0.0;0.0;8;20.9;37.4;333;21.2
RENNES;48.11;-1.67;01/06/2026;53;P10;Pluie faible;27.9;15.7;28.3;15.7;06:10;21:58;7.0;7.25;2.1;0.0;2.1;0.0;3.0;32;19.6;42.8;222;26.96
RENNES;48.11;-1.67;02/06/2026;53;P10;Pluie faible;20.4;15.2;18.9;14.5;06:10;21:59;6.35;7.05;3.0;2.7;0.3;0.0;15.0;52;18.6;43.2;260;21.47
RENNES;48.11;-1.67;03/06/2026;63;P10;Pluie;16.9;12.4;14.2;11.5;06:09;22:00;0.95;6.8;14.1;6.9;7.2;0.0;12.0;45;29.6;70.9;219;11.29
RENNES;48.11;-1.67;04/06/2026;55;P10;Pluie faible;17.8;11.8;17.0;10.7;06:09;22:01;6.6;6.95;7.2;2.7;4.5;0.0;9.0;45;23.2;62.6;248;20.85
RENNES;48.11;-1.67;05/06/2026;53;P10;Pluie faible;17.0;10.2;16.0;9.0;06:08;22:01;4.35;6.9;5.1;1.8;3.3;0.0;18.0;55;14.5;45.0;245;23.61
RENNES;48.11;-1.67;06/06/2026;51;P10;Pluie faible;16.5;8.9;15.8;7.6;06:08;22:02;4.5;6.85;3.3;1.2;2.1;0.0;12.0;43;12.9;38.2;193;23.88
RENNES;48.11;-1.67;07/06/2026;61;P10;Pluie;12.3;10.8;11.1;9.5;06:07;22:03;6.35;6.8;19.8;11.1;8.7;0.0;21.0;41;15.4;35.3;350;6.53
RENNES;48.11;-1.67;08/06/2026;55;P10;Pluie faible;17.6;11.2;16.8;8.7;06:07;22:04;5.9;6.9;6.9;2.1;4.8;0.0;15.0;37;17.1;40.3;291;22.32
RENNES;48.11;-1.67;09/06/2026;61;P10;Pluie;12.7;10.8;12.6;10.3;06:07;22:04;4.3;6.85;10.8;7.2;3.6;0.0;18.0;35;5.3;25.9;201;5.7
RENNES;48.11;-1.67;10/06/2026;61;P10;Pluie;17.9;10.6;16.6;9.7;06:06;22:05;6.25;7.05;4.5;2.7;1.8;0.0;9.0;23;15.9;40.3;338;27.25
RENNES;48.11;-1.67;11/06/2026;3;P4;Nuageux;19.5;10.1;18.8;9.6;06:06;22:06;4.55;7.05;0.0;0.0;0.0;0.0;0.0;26;10.4;33.8;237;18.8
RENNES;48.11;-1.67;12/06/2026;1;P2;Éclaircies;28.7;12.3;29.9;11.3;06:06;22:06;7.05;7.1;0.0;0.0;0.0;0.0;0.0;27;21.0;37.8;12;28.54
CHERBOURG;49.63;-1.62;28/05/2026;3;P4;Nuageux;30.1;18.2;32.5;19.0;06:07;22:00;5.95;7.05;0.0;0.0;0.0;0.0;0.0;10;10.7;24.1;177;24.09
CHERBOURG;49.63;-1.62;29/05/2026;3;P4;Nuageux;19.5;15.5;20.3;15.6;06:06;22:01;5.4;7.05;0.0;0.0;0.0;0.0;0.0;3;10.8;25.2;342;21.74
CHERBOURG;49.63;-1.62;30/05/2026;3;P4;Nuageux;19.5;14.0;18.8;13.6;06:05;22:02;7.0;7.05;0.0;0.0;0.0;0.0;0.0;3;20.5;43.6;324;26.13
CHERBOURG;49.63;-1.62;31/05/2026;3;P4;Nuageux;18.7;14.4;17.1;13.1;06:04;22:03;6.5;6.8;0.0;0.0;0.0;0.0;0.0;5;24.1;48.2;268;17.68
CHERBOURG;49.63;-1.62;01/06/2026;61;P10;Pluie;18.8;14.6;16.4;13.4;06:03;22:04;2.7;6.95;1.8;0.6;0.9;0.0;9.0;62;26.4;50.0;224;10.15
CHERBOURG;49.63;-1.62;02/06/2026;80;P9;Averses;16.9;14.4;15.3;10.3;06:03;22:05;6.75;6.85;1.2;0.45;0.9;0.0;6.0;58;44.3;75.1;255;19.56
CHERBOURG;49.63;-1.62;03/06/2026;3;P4;Nuageux;17.8;14.0;15.7;10.1;06:02;22:06;5.35;6.65;1.2;0.9;0.3;0.0;3.0;56;39.3;66.6;244;13.45
CHERBOURG;49.63;-1.62;04/06/2026;3;P4;Nuageux;16.6;14.2;11.8;9.1;06:02;22:07;6.7;6.7;0.9;0.0;0.9;0.0;6.0;58;42.3;70.6;247;19.93
CHERBOURG;49.63;-1.62;05/06/2026;51;P10;Pluie faible;16.0;12.1;15.0;9.5;06:01;22:08;6.0;6.7;1.35;0.0;1.35;0.0;15.0;67;26.1;45.6;260;26.12
CHERBOURG;49.63;-1.62;06/06/2026;51;P10;Pluie faible;15.7;11.1;15.2;8.5;06:01;22:09;5.4;6.7;3.9;0.9;3.0;0.0;15.0;47;18.4;42.5;230;26.13
CHERBOURG;49.63;-1.62;07/06/2026;51;P10;Pluie faible;14.8;10.2;13.5;8.7;06:00;22:10;6.6;6.6;0.9;0.3;0.6;0.0;9.0;31;18.6;35.3;16;14.45
CHERBOURG;49.63;-1.62;08/06/2026;51;P10;Pluie faible;15.8;13.1;15.2;10.8;06:00;22:11;6.65;6.65;1.8;0.0;1.8;0.0;12.0;33;19.2;39.2;303;25.35
CHERBOURG;49.63;-1.62;09/06/2026;51;P10;Pluie faible;14.1;11.4;12.4;9.7;05:59;22:11;6.55;6.7;2.4;1.2;1.2;0.0;12.0;25;15.3;38.9;264;13.76
CHERBOURG;49.63;-1.62;10/06/2026;51;P10;Pluie faible;16.0;9.5;15.2;8.1;05:59;22:12;6.05;6.85;0.6;0.0;0.6;0.0;6.0;31;16.9;38.9;308;27.99
CHERBOURG;49.63;-1.62;11/06/2026;3;P4;Nuageux;17.2;12.5;15.6;11.1;05:59;22:13;5.9;6.8;0.0;0.0;0.0;0.0;0.0;24;17.5;38.5;250;17.45
CHERBOURG;49.63;-1.62;12/06/2026;2;P8;Éclaircies;23.9;12.3;24.8;11.1;05:58;22:13;6.7;6.9;0.0;0.0;0.0;0.0;0.0;;16.1;32.4;244;27.66
ROUEN;49.44;1.1;28/05/2026;3;P4;Nuageux;32.4;20.6;34.9;21.8;05:57;21:48;6.9;7.0;0.0;0.0;0.0;0.0;0.0;20;10.9;32.8;141;25.83
ROUEN;49.44;1.1;29/05/2026;3;P4;Nuageux;31.7;21.2;35.2;20.7;05:56;21:49;6.05;7.1;0.0;0.0;0.0;0.0;0.0;10;10.8;26.3;352;25.07
ROUEN;49.44;1.1;30/05/2026;80;P9;Averses;31.5;18.4;34.6;17.3;05:55;21:50;6.75;7.05;0.0;0.0;0.0;0.0;0.0;3;13.2;31.6;337;25.04
ROUEN;49.44;1.1;31/05/2026;3;P4;Nuageux;20.3;14.8;18.8;14.3;05:54;21:51;5.55;7.05;0.1;0.0;0.1;0.0;1.0;14;20.9;45.0;284;14.37
ROUEN;49.44;1.1;01/06/2026;61;P10;Pluie;22.5;14.1;22.5;14.1;05:53;21:53;5.85;7.1;0.3;0.3;0.0;0.0;3.0;49;12.5;31.7;235;14.86
ROUEN;49.44;1.1;02/06/2026;95;P10;Orageux;18.8;14.7;18.6;12.2;05:53;21:54;5.25;6.85;7.5;0.9;6.6;0.0;24.0;80;32.3;70.6;253;18.57
ROUEN;49.44;1.1;03/06/2026;80;P9;Averses;20.4;13.5;16.9;11.1;05:52;21:54;3.0;6.7;5.7;0.9;4.8;0.0;18.0;64;27.2;48.2;237;16.67
ROUEN;49.44;1.1;04/06/2026;80;P9;Averses;18.8;14.4;16.1;12.8;05:52;21:55;6.45;6.75;2.1;0.0;2.4;0.0;9.0;70;30.3;63.7;240;18.47
ROUEN;49.44;1.1;05/06/2026;53;P10;Pluie faible;14.5;11.7;13.9;10.7;05:51;21:56;6.35;6.8;7.8;2.1;5.7;0.0;15.0;72;14.9;37.4;253;22.37
ROUEN;49.44;1.1;06/06/2026;53;P10;Pluie faible;16.6;9.9;15.6;8.3;05:51;21:57;2.35;6.7;4.8;0.9;3.9;0.0;15.0;51;13.2;35.3;215;24.63
ROUEN;49.44;1.1;07/06/2026;53;P10;Pluie faible;16.4;10.4;14.7;9.1;05:50;21:58;6.05;6.55;3.6;1.5;2.1;0.0;9.0;27;14.5;36.0;38;17.03
ROUEN;49.44;1.1;08/06/2026;53;P10;Pluie faible;16.6;12.2;15.6;10.8;05:50;21:59;6.3;6.6;6.6;1.5;5.1;0.0;15.0;32;14.1;37.1;299;20.42
ROUEN;49.44;1.1;09/06/2026;51;P10;Pluie faible;12.8;11.1;11.7;9.8;05:49;21:59;6.1;6.7;3.6;1.5;2.1;0.0;15.0;28;10.0;31.0;250;13.84
ROUEN;49.44;1.1;10/06/2026;51;P10;Pluie faible;16.4;11.0;15.5;11.0;05:49;22:00;5.35;6.8;1.8;0.3;1.5;0.0;15.0;30;13.8;36.4;309;22.22
ROUEN;49.44;1.1;11/06/2026;51;P10;Pluie faible;18.8;10.2;18.1;9.3;05:49;22:01;6.1;6.8;0.6;0.0;0.6;0.0;6.0;31;11.7;33.1;265;24.0
ROUEN;49.44;1.1;12/06/2026;51;P10;Pluie faible;26.1;11.2;28.9;10.5;05:48;22:01;6.1;6.85;0.6;0.0;0.6;0.0;3.0;;17.4;25.6;1;26.08
PARIS;48.85;2.35;28/05/2026;3;P4;Nuageux;32.9;21.0;34.3;22.1;05:54;21:41;7.15;7.2;0.0;0.0;0.0;0.0;0.0;23;10.2;19.4;121;27.78
PARIS;48.85;2.35;29/05/2026;3;P4;Nuageux;33.7;21.4;34.1;22.1;05:53;21:42;6.4;7.25;0.0;0.0;0.0;0.0;0.0;3;9.9;21.6;163;27.12
PARIS;48.85;2.35;30/05/2026;80;P9;Averses;34.2;22.2;36.2;23.7;05:53;21:43;6.9;7.25;0.08;0.0;0.08;0.0;1.0;8;14.8;31.7;297;24.66
PARIS;48.85;2.35;31/05/2026;3;P4;Nuageux;23.4;16.1;23.4;14.8;05:52;21:44;6.15;7.2;0.1;0.0;0.0;0.0;1.0;8;15.8;36.4;300;17.76
PARIS;48.85;2.35;01/06/2026;3;P4;Nuageux;24.5;15.1;22.8;14.9;05:51;21:45;6.45;7.3;0.0;0.0;0.0;0.0;0.0;13;13.0;30.2;237;17.84
PARIS;48.85;2.35;02/06/2026;80;P9;Averses;22.0;16.1;20.2;15.4;05:50;21:46;6.95;7.05;12.15;8.4;3.45;0.0;9.0;84;22.5;57.6;250;17.4
PARIS;48.85;2.35;03/06/2026;3;P4;Nuageux;21.9;14.3;18.4;12.5;05:50;21:47;5.55;6.95;0.0;0.0;0.0;0.0;0.0;45;21.9;49.0;235;17.22
PARIS;48.85;2.35;04/06/2026;80;P9;Averses;20.3;15.7;17.8;14.2;05:49;21:48;5.25;6.9;5.7;0.0;5.7;0.0;12.0;54;23.1;61.9;230;16.97
PARIS;48.85;2.35;05/06/2026;53;P10;Pluie faible;18.5;12.1;18.0;10.8;05:49;21:48;4.15;6.9;6.0;1.95;4.05;0.0;24.0;44;12.9;35.3;248;23.55
PARIS;48.85;2.35;06/06/2026;53;P10;Pluie faible;16.9;10.7;15.7;9.4;05:48;21:49;4.35;6.75;4.5;0.9;3.6;0.0;15.0;37;11.4;36.7;211;22.33
PARIS;48.85;2.35;07/06/2026;63;P10;Pluie;15.6;11.0;14.3;9.5;05:48;21:50;4.7;6.75;25.2;14.7;10.5;0.0;15.0;21;18.1;37.8;23;12.15
PARIS;48.85;2.35;08/06/2026;61;P10;Pluie;18.9;11.6;18.0;8.5;05:47;21:51;6.25;6.75;12.6;8.1;4.5;0.0;21.0;17;21.8;44.6;297;20.46
PARIS;48.85;2.35;09/06/2026;51;P10;Pluie faible;16.5;11.4;14.5;10.8;05:47;21:52;5.5;6.85;2.4;0.9;1.5;0.0;15.0;24;12.1;32.8;249;19.68
PARIS;48.85;2.35;10/06/2026;61;P10;Pluie;15.9;11.6;14.6;11.3;05:47;21:52;5.75;6.95;16.2;10.5;5.7;0.0;21.0;29;11.2;33.8;318;10.31
PARIS;48.85;2.35;11/06/2026;3;P4;Nuageux;20.1;10.8;20.2;9.7;05:47;21:53;5.75;6.95;0.0;0.0;0.0;0.0;0.0;22;8.9;28.4;272;25.64
PARIS;48.85;2.35;12/06/2026;51;P10;Pluie faible;31.3;12.6;33.0;12.6;05:46;21:53;6.8;7.0;0.6;0.0;0.6;0.0;6.0;;10.1;27.4;92;24.89
LILLE;50.62;3.05;28/05/2026;3;P4;Nuageux;30.8;17.6;31.4;14.8;05:43;21:46;6.8;6.9;0.0;0.0;0.0;0.0;0.0;22;20.9;53.6;100;27.27
LILLE;50.62;3.05;29/05/2026;3;P4;Nuageux;32.7;21.4;33.5;21.3;05:43;21:47;6.6;7.0;0.0;0.0;0.0;0.0;0.0;15;17.6;46.4;193;19.08
LILLE;50.62;3.05;30/05/2026;3;P4;Nuageux;29.0;20.3;30.7;20.7;05:42;21:48;6.7;7.0;0.0;0.0;0.0;0.0;0.0;57;14.8;29.5;39;23.86
LILLE;50.62;3.05;31/05/2026;3;P4;Nuageux;24.1;16.5;23.0;14.7;05:41;21:49;6.4;6.95;0.05;0.03;0.03;0.0;1.0;37;22.9;50.4;269;20.98
LILLE;50.62;3.05;01/06/2026;3;P4;Nuageux;22.4;13.6;20.3;12.8;05:40;21:50;4.75;7.0;0.0;0.0;0.0;0.0;0.0;25;16.2;39.6;244;17.7
LILLE;50.62;3.05;02/06/2026;55;P10;Pluie faible;20.1;14.6;18.1;13.0;05:39;21:51;5.05;6.75;8.7;2.7;6.0;0.0;15.0;81;24.7;56.5;234;22.35
LILLE;50.62;3.05;03/06/2026;61;P10;Pluie;17.0;12.8;14.5;11.1;05:39;21:52;4.25;6.7;12.0;7.5;4.5;0.0;12.0;78;21.8;50.8;206;13.11
LILLE;50.62;3.05;04/06/2026;53;P10;Pluie faible;17.0;12.2;13.9;8.9;05:38;21:53;6.0;6.65;4.5;2.1;2.4;0.0;15.0;89;31.3;68.8;224;19.01
LILLE;50.62;3.05;05/06/2026;51;P10;Pluie faible;16.7;12.2;14.6;11.2;05:37;21:54;6.55;6.7;3.0;1.2;1.8;0.0;12.0;61;14.2;40.7;244;20.09
LILLE;50.62;3.05;06/06/2026;51;P10;Pluie faible;17.0;11.7;14.9;10.3;05:37;21:55;3.45;6.6;1.8;0.6;1.2;0.0;18.0;38;18.2;44.3;222;22.91
LILLE;50.62;3.05;07/06/2026;51;P10;Pluie faible;18.8;10.4;17.8;9.5;05:36;21:56;3.4;6.55;1.2;1.2;0.0;0.0;12.0;35;16.9;33.5;42;22.63
LILLE;50.62;3.05;08/06/2026;51;P10;Pluie faible;18.9;13.3;17.7;11.4;05:36;21:57;6.3;6.55;1.8;0.9;0.9;0.0;9.0;25;16.9;39.2;338;25.08
LILLE;50.62;3.05;09/06/2026;51;P10;Pluie faible;15.8;11.4;12.7;10.6;05:36;21:58;6.55;6.65;3.0;1.5;1.5;0.0;21.0;27;20.9;46.8;243;21.0
LILLE;50.62;3.05;10/06/2026;53;P10;Pluie faible;18.4;10.5;18.4;9.4;05:35;21:58;6.25;6.75;3.6;1.2;2.4;0.0;12.0;36;8.9;34.2;287;24.26
LILLE;50.62;3.05;11/06/2026;51;P10;Pluie faible;19.4;10.1;18.8;9.7;05:35;21:59;6.7;6.75;0.6;0.0;0.6;0.0;6.0;29;15.7;38.9;252;26.51
LILLE;50.62;3.05;12/06/2026;3;P4;Nuageux;24.7;11.7;25.4;10.8;05:35;22:00;5.8;6.8;0.0;0.0;0.0;0.0;0.0;;11.1;36.0;219;21.08
REIMS;49.25;4.03;28/05/2026;3;P4;Nuageux;30.0;16.5;31.7;17.3;05:46;21:36;7.1;7.1;0.0;0.0;0.0;0.0;0.0;0;8.0;19.8;73;28.0
REIMS;49.25;4.03;29/05/2026;3;P4;Nuageux;32.3;17.6;34.5;18.7;05:45;21:37;6.85;7.15;0.0;0.0;0.0;0.0;0.0;0;8.0;16.2;201;27.51
REIMS;49.25;4.03;30/05/2026;3;P4;Nuageux;32.2;20.5;35.0;22.7;05:44;21:38;6.45;7.15;0.0;0.0;0.0;0.0;0.0;13;7.9;21.6;288;24.15
REIMS;49.25;4.03;31/05/2026;3;P4;Nuageux;23.5;16.6;24.9;15.5;05:43;21:39;5.9;6.95;0.0;0.0;0.0;0.0;0.0;25;19.1;43.2;289;20.77
REIMS;49.25;4.03;01/06/2026;3;P4;Nuageux;22.6;13.4;22.0;12.9;05:43;21:40;6.45;7.2;0.0;0.0;0.0;0.0;0.0;16;11.7;27.0;242;17.83
REIMS;49.25;4.03;02/06/2026;80;P9;Averses;20.2;15.2;18.6;14.0;05:42;21:41;5.5;6.8;12.3;9.15;3.15;0.0;12.0;77;24.3;55.1;239;13.24
REIMS;49.25;4.03;03/06/2026;3;P4;Nuageux;21.0;13.4;17.5;10.9;05:41;21:42;5.65;6.8;0.0;0.0;0.0;0.0;0.0;60;23.8;45.7;237;16.91
REIMS;49.25;4.03;04/06/2026;80;P9;Averses;19.7;14.2;16.6;12.9;05:41;21:43;6.05;6.85;2.4;0.0;2.4;0.0;12.0;69;27.5;62.6;225;16.77
REIMS;49.25;4.03;05/06/2026;53;P10;Pluie faible;17.1;11.9;15.1;10.8;05:40;21:44;4.0;6.8;8.25;3.9;4.35;0.0;21.0;60;15.6;37.4;252;13.92
REIMS;49.25;4.03;06/06/2026;53;P10;Pluie faible;16.1;10.9;14.8;9.0;05:40;21:45;5.55;6.8;4.2;1.2;3.0;0.0;12.0;36;15.4;40.7;217;22.83
REIMS;49.25;4.03;07/06/2026;61;P10;Pluie;17.6;10.0;15.6;8.7;05:39;21:45;2.7;6.7;18.0;7.5;10.5;0.0;15.0;28;15.1;34.6;62;16.95
REIMS;49.25;4.03;08/06/2026;61;P10;Pluie;18.2;11.1;16.4;8.6;05:39;21:46;6.45;6.7;16.5;10.5;6.0;0.0;24.0;20;21.5;45.0;320;17.34
REIMS;49.25;4.03;09/06/2026;51;P10;Pluie faible;16.6;10.9;14.9;9.8;05:38;21:47;6.4;6.8;3.0;0.9;2.1;0.0;24.0;25;13.8;34.9;247;21.37
REIMS;49.25;4.03;10/06/2026;53;P10;Pluie faible;13.9;11.8;12.7;10.6;05:38;21:48;6.55;6.9;6.9;5.1;1.8;0.0;15.0;33;11.2;24.1;303;7.57
REIMS;49.25;4.03;11/06/2026;51;P10;Pluie faible;18.5;10.1;18.7;8.7;05:38;21:48;6.25;6.9;1.2;0.0;1.2;0.0;12.0;22;10.5;25.6;272;26.47
REIMS;49.25;4.03;12/06/2026;2;P8;Éclaircies;25.9;11.3;29.3;11.1;05:38;21:49;6.5;6.95;0.0;0.0;0.0;0.0;0.0;;7.9;18.4;66;26.58
METZ;49.11;6.17;28/05/2026;1;P2;Éclaircies;29.1;16.3;29.2;16.2;05:38;21:26;6.8;6.8;0.0;0.0;0.0;0.0;0.0;0;11.5;27.0;23;28.03
METZ;49.11;6.17;29/05/2026;3;P4;Nuageux;32.2;15.8;33.1;15.9;05:37;21:28;6.85;6.85;0.0;0.0;0.0;0.0;0.0;3;10.1;20.2;58;27.58
METZ;49.11;6.17;30/05/2026;80;P9;Averses;33.0;19.2;32.4;19.6;05:36;21:29;6.5;6.9;0.0;0.0;0.0;0.0;0.0;20;11.3;27.7;218;23.08
METZ;49.11;6.17;31/05/2026;80;P9;Averses;26.4;18.7;25.5;18.2;05:35;21:30;6.05;6.75;0.6;0.0;0.6;0.0;2.0;35;19.0;46.8;281;20.39
METZ;49.11;6.17;01/06/2026;3;P4;Nuageux;22.9;15.2;21.2;14.6;05:35;21:31;6.8;6.9;0.0;0.0;0.0;0.0;0.0;11;13.0;34.2;264;18.6
METZ;49.11;6.17;02/06/2026;80;P9;Averses;19.0;15.5;18.5;15.2;05:34;21:32;6.0;6.65;4.95;1.65;3.3;0.0;12.0;89;21.9;48.2;233;11.05
METZ;49.11;6.17;03/06/2026;80;P9;Averses;19.9;13.3;17.3;11.9;05:33;21:33;3.85;6.2;3.0;0.0;3.0;0.0;15.0;80;21.7;47.9;245;17.76
METZ;49.11;6.17;04/06/2026;80;P9;Averses;21.5;14.9;18.7;13.4;05:33;21:34;5.7;6.45;5.7;0.0;5.7;0.0;9.0;61;26.6;55.4;226;16.51
METZ;49.11;6.17;05/06/2026;53;P10;Pluie faible;17.0;12.9;15.0;11.4;05:32;21:34;4.35;6.6;5.4;2.4;3.0;0.0;18.0;56;17.2;42.1;245;13.66
METZ;49.11;6.17;06/06/2026;51;P10;Pluie faible;17.7;11.4;16.1;10.2;05:32;21:35;6.6;6.7;0.6;0.6;0.0;0.0;6.0;39;15.4;40.3;242;24.03
METZ;49.11;6.17;07/06/2026;53;P10;Pluie faible;18.2;10.5;15.9;9.6;05:31;21:36;3.3;6.35;6.3;2.7;3.6;0.0;9.0;24;18.2;43.9;112;20.33
METZ;49.11;6.17;08/06/2026;53;P10;Pluie faible;17.3;10.3;15.6;8.7;05:31;21:37;6.35;6.35;9.3;6.3;3.0;0.0;21.0;19;20.8;48.6;266;11.01
METZ;49.11;6.17;09/06/2026;53;P10;Pluie faible;16.6;11.2;14.8;10.0;05:30;21:38;6.35;6.45;5.1;0.3;4.8;0.0;15.0;19;14.3;36.0;241;15.51
METZ;49.11;6.17;10/06/2026;61;P10;Pluie;14.3;11.1;14.6;9.4;05:30;21:38;6.5;6.6;19.2;7.2;12.0;0.0;24.0;24;13.3;26.3;271;7.87
METZ;49.11;6.17;11/06/2026;55;P10;Pluie faible;18.4;9.9;17.4;8.5;05:30;21:39;5.9;6.65;4.5;2.1;2.4;0.0;15.0;26;12.8;25.9;286;19.9
METZ;49.11;6.17;12/06/2026;51;P10;Pluie faible;28.1;10.6;28.3;10.2;05:30;21:40;3.9;6.65;0.3;0.0;0.3;0.0;3.0;;7.5;17.3;358;20.47
NANTES;47.21;-1.55;28/05/2026;3;P4;Nuageux;36.7;18.9;35.7;20.7;06:16;21:50;7.35;7.35;0.0;0.0;0.0;0.0;0.0;0;12.0;26.3;262;28.07
NANTES;47.21;-1.55;29/05/2026;3;P4;Nuageux;36.5;23.0;36.5;23.0;06:16;21:51;6.7;7.45;0.0;0.0;0.0;0.0;0.0;3;17.8;35.3;351;24.93
NANTES;47.21;-1.55;30/05/2026;3;P4;Nuageux;32.6;19.1;31.5;18.0;06:15;21:52;7.3;7.4;0.0;0.0;0.0;0.0;0.0;3;22.1;37.1;356;27.95
NANTES;47.21;-1.55;31/05/2026;3;P4;Nuageux;28.0;18.9;26.0;15.6;06:14;21:53;6.0;7.4;0.0;0.0;0.0;0.0;0.0;9;23.8;46.1;323;24.81
NANTES;47.21;-1.55;01/06/2026;3;P4;Nuageux;29.1;18.3;28.9;16.6;06:14;21:54;7.45;7.45;0.0;0.0;0.0;0.0;0.0;20;22.8;43.0;296;26.02
NANTES;47.21;-1.55;02/06/2026;53;P10;Pluie faible;20.5;15.6;19.0;14.0;06:13;21:54;6.15;7.2;5.7;2.7;3.0;0.0;18.0;63;24.1;54.0;262;24.93
NANTES;47.21;-1.55;03/06/2026;61;P10;Pluie;18.5;14.0;14.5;12.2;06:13;21:55;1.1;6.95;8.1;4.8;3.3;0.0;15.0;41;34.4;71.3;231;12.51
NANTES;47.21;-1.55;04/06/2026;53;P10;Pluie faible;15.7;13.6;13.9;11.7;06:12;21:56;6.05;7.05;9.6;2.1;7.5;0.0;24.0;45;25.3;65.2;257;14.31
NANTES;47.21;-1.55;05/06/2026;51;P10;Pluie faible;16.4;11.6;14.2;10.2;06:12;21:57;3.85;6.95;3.9;0.9;3.0;0.0;18.0;52;18.2;50.0;260;21.5
NANTES;47.21;-1.55;06/06/2026;53;P10;Pluie faible;16.5;9.9;15.6;8.7;06:11;21:58;5.85;7.0;8.7;3.0;5.7;0.0;24.0;45;15.1;44.6;211;24.34
NANTES;47.21;-1.55;07/06/2026;61;P10;Pluie;13.3;11.2;11.6;9.8;06:11;21:59;6.1;6.85;21.9;12.3;9.6;0.0;21.0;29;14.3;34.2;318;10.26
NANTES;47.21;-1.55;08/06/2026;51;P10;Pluie faible;18.2;11.1;16.3;9.2;06:10;21:59;6.4;7.0;1.2;0.0;1.2;0.0;12.0;39;21.0;51.5;276;26.27
NANTES;47.21;-1.55;09/06/2026;55;P10;Pluie faible;13.9;11.7;13.6;10.7;06:10;22:00;2.1;6.95;9.3;6.0;3.3;0.0;15.0;19;12.7;43.6;215;8.48
NANTES;47.21;-1.55;10/06/2026;55;P10;Pluie faible;19.0;11.9;18.3;10.5;06:10;22:01;6.15;7.15;6.9;3.0;3.9;0.0;9.0;23;14.9;36.4;329;26.16
NANTES;47.21;-1.55;11/06/2026;3;P4;Nuageux;20.1;11.1;20.9;10.2;06:10;22:01;3.8;7.1;0.0;0.0;0.0;0.0;0.0;20;9.2;25.6;234;25.0
NANTES;47.21;-1.55;12/06/2026;1;P2;Éclaircies;32.2;13.6;33.3;12.5;06:09;22:02;7.2;7.2;0.0;0.0;0.0;0.0;0.0;20;17.7;37.8;15;29.01
TOURS;47.39;0.68;28/05/2026;3;P4;Nuageux;34.2;19.0;36.1;20.6;06:07;21:41;7.3;7.3;0.0;0.0;0.0;0.0;0.0;0;8.9;19.1;76;28.55
TOURS;47.39;0.68;29/05/2026;3;P4;Nuageux;34.5;19.9;35.0;21.0;06:06;21:42;6.8;7.35;0.0;0.0;0.0;0.0;0.0;0;10.0;19.4;93;27.45
TOURS;47.39;0.68;30/05/2026;3;P4;Nuageux;33.9;20.6;35.8;22.0;06:05;21:43;7.3;7.35;0.0;0.0;0.0;0.0;0.0;5;15.3;30.0;286;26.06
TOURS;47.39;0.68;31/05/2026;3;P4;Nuageux;22.9;15.1;22.7;14.0;06:05;21:44;5.9;7.35;0.0;0.0;0.0;0.0;0.0;2;16.8;35.6;296;21.27
TOURS;47.39;0.68;01/06/2026;3;P4;Nuageux;25.6;15.0;24.5;15.3;06:04;21:45;7.05;7.4;0.0;0.0;0.0;0.0;0.0;7;17.8;38.9;250;24.84
TOURS;47.39;0.68;02/06/2026;80;P9;Averses;21.7;16.1;18.1;13.9;06:03;21:46;6.65;7.2;15.9;12.9;3.0;0.0;9.0;65;28.7;52.9;256;19.75
TOURS;47.39;0.68;03/06/2026;61;P10;Pluie;19.3;12.5;17.4;11.2;06:03;21:47;1.35;7.0;0.6;0.0;0.6;0.0;3.0;31;25.0;50.8;223;10.75
TOURS;47.39;0.68;04/06/2026;80;P9;Averses;20.1;15.7;16.9;13.7;06:02;21:48;6.4;7.0;2.4;0.0;2.4;0.0;9.0;36;31.5;65.9;239;18.45
TOURS;47.39;0.68;05/06/2026;61;P10;Pluie;17.9;11.1;16.8;9.9;06:02;21:49;2.2;7.0;9.75;0.3;9.45;0.0;18.0;50;15.5;44.3;247;21.11
TOURS;47.39;0.68;06/06/2026;51;P10;Pluie faible;17.0;10.2;14.7;8.4;06:01;21:50;4.5;6.85;2.1;0.6;1.5;0.0;15.0;27;15.0;45.4;221;22.01
TOURS;47.39;0.68;07/06/2026;61;P10;Pluie;13.6;10.6;13.1;9.1;06:01;21:50;5.85;6.8;21.6;5.4;16.2;0.0;21.0;15;20.1;43.9;340;8.36
TOURS;47.39;0.68;08/06/2026;53;P10;Pluie faible;18.1;11.0;15.7;8.7;06:01;21:51;6.45;6.85;5.4;3.6;1.8;0.0;21.0;20;19.2;43.2;275;20.44
TOURS;47.39;0.68;09/06/2026;51;P10;Pluie faible;16.9;10.9;15.1;10.2;06:00;21:52;2.85;6.95;2.4;2.1;0.3;0.0;9.0;18;10.0;31.3;234;16.1
TOURS;47.39;0.68;10/06/2026;53;P10;Pluie faible;18.4;12.3;17.1;11.7;06:00;21:52;6.6;7.1;10.8;3.9;6.9;0.0;15.0;19;13.2;35.3;289;21.11
TOURS;47.39;0.68;11/06/2026;3;P4;Nuageux;20.2;10.3;21.7;9.7;06:00;21:53;5.55;7.05;0.0;0.0;0.0;0.0;0.0;17;8.0;25.9;330;28.56
TOURS;47.39;0.68;12/06/2026;2;P8;Éclaircies;32.7;12.6;33.9;11.5;06:00;21:54;7.15;7.15;0.0;0.0;0.0;0.0;0.0;;15.6;39.6;33;28.96
AUXERRE;47.79;3.57;28/05/2026;3;P4;Nuageux;31.6;16.0;33.0;17.2;05:54;21:31;7.3;7.3;0.0;0.0;0.0;0.0;0.0;0;12.7;25.6;26;28.44
AUXERRE;47.79;3.57;29/05/2026;3;P4;Nuageux;32.4;15.2;33.8;15.7;05:53;21:32;7.3;7.35;0.0;0.0;0.0;0.0;0.0;0;10.6;23.4;33;28.22
AUXERRE;47.79;3.57;30/05/2026;3;P4;Nuageux;33.2;16.6;35.4;17.2;05:52;21:33;7.25;7.35;0.0;0.0;0.0;0.0;0.0;3;7.6;17.5;55;25.43
AUXERRE;47.79;3.57;31/05/2026;3;P4;Nuageux;24.8;17.3;24.6;16.4;05:51;21:34;6.3;7.25;0.0;0.0;0.0;0.0;0.0;5;17.3;32.8;285;22.88
AUXERRE;47.79;3.57;01/06/2026;3;P4;Nuageux;24.5;14.1;24.6;14.7;05:51;21:35;6.65;7.35;0.0;0.0;0.0;0.0;0.0;5;12.3;24.8;251;17.9
AUXERRE;47.79;3.57;02/06/2026;80;P9;Averses;22.1;16.0;18.6;15.0;05:50;21:36;4.55;7.05;9.75;7.2;2.55;0.0;9.0;74;28.4;56.5;241;15.58
AUXERRE;47.79;3.57;03/06/2026;3;P4;Nuageux;21.1;13.9;17.5;11.4;05:50;21:37;6.75;7.05;0.3;0.0;0.3;0.0;3.0;50;24.8;45.7;243;17.62
AUXERRE;47.79;3.57;04/06/2026;80;P9;Averses;21.7;14.8;18.0;13.5;05:49;21:38;2.95;6.95;1.5;0.0;1.5;0.0;9.0;50;30.4;63.0;230;16.31
AUXERRE;47.79;3.57;05/06/2026;53;P10;Pluie faible;18.3;11.8;16.8;10.2;05:48;21:39;5.8;7.1;5.25;1.05;4.2;0.0;24.0;48;16.2;40.0;244;20.52
AUXERRE;47.79;3.57;06/06/2026;51;P10;Pluie faible;17.4;10.8;15.5;8.9;05:48;21:40;6.0;7.05;2.1;0.9;1.2;0.0;15.0;35;15.0;36.4;219;23.18
AUXERRE;47.79;3.57;07/06/2026;61;P10;Pluie;14.9;10.1;14.5;9.1;05:48;21:41;2.85;6.85;17.1;6.3;10.8;0.0;15.0;29;22.6;46.4;214;12.26
AUXERRE;47.79;3.57;08/06/2026;61;P10;Pluie;16.8;10.4;15.1;6.8;05:47;21:41;6.85;6.85;18.9;10.5;8.4;0.0;21.0;24;27.3;67.3;284;11.19
AUXERRE;47.79;3.57;09/06/2026;51;P10;Pluie faible;16.4;11.4;14.9;10.0;05:47;21:42;6.7;6.95;0.9;0.3;0.6;0.0;9.0;29;13.5;28.4;237;14.39
AUXERRE;47.79;3.57;10/06/2026;55;P10;Pluie faible;15.0;11.9;14.9;10.5;05:47;21:43;6.9;7.1;14.1;5.1;9.0;0.0;21.0;28;12.3;41.0;283;10.76
AUXERRE;47.79;3.57;11/06/2026;3;P4;Nuageux;18.8;9.9;19.3;8.8;05:46;21:43;5.4;7.1;0.0;0.0;0.0;0.0;0.0;23;7.8;29.9;295;26.99
AUXERRE;47.79;3.57;12/06/2026;2;P8;Éclaircies;30.9;11.4;32.6;10.8;05:46;21:44;6.7;7.15;0.0;0.0;0.0;0.0;0.0;;14.0;20.2;225;27.14
CHAUMONT;48.11;5.14;28/05/2026;1;P2;Éclaircies;30.3;16.1;30.7;16.7;05:46;21:26;7.0;7.0;0.0;0.0;0.0;0.0;0.0;0;16.6;32.0;35;27.84
CHAUMONT;48.11;5.14;29/05/2026;3;P4;Nuageux;31.9;13.1;31.9;13.2;05:45;21:28;7.0;7.0;0.0;0.0;0.0;0.0;0.0;0;12.0;28.4;74;28.54
CHAUMONT;48.11;5.14;30/05/2026;3;P4;Nuageux;32.4;15.1;32.8;14.8;05:44;21:29;5.7;7.05;0.0;0.0;0.0;0.0;0.0;3;10.5;20.9;158;25.43
CHAUMONT;48.11;5.14;31/05/2026;3;P4;Nuageux;25.2;17.4;24.1;17.1;05:44;21:30;5.8;6.8;0.0;0.0;0.0;0.0;0.0;18;19.8;39.6;283;24.14
CHAUMONT;48.11;5.14;01/06/2026;3;P4;Nuageux;24.5;12.3;23.3;12.2;05:43;21:31;5.9;6.9;0.0;0.0;0.0;0.0;0.0;8;11.9;27.0;262;22.81
CHAUMONT;48.11;5.14;02/06/2026;80;P9;Averses;19.6;15.0;17.0;13.8;05:42;21:31;5.8;6.95;7.65;3.9;3.6;0.0;9.0;88;22.5;52.9;243;12.55
CHAUMONT;48.11;5.14;03/06/2026;80;P9;Averses;20.2;12.5;16.9;10.4;05:42;21:32;5.6;6.55;3.3;0.0;3.3;0.0;12.0;84;21.6;41.4;245;17.25
CHAUMONT;48.11;5.14;04/06/2026;80;P9;Averses;21.4;13.4;17.5;11.7;05:41;21:33;2.5;6.4;4.5;0.0;4.2;0.0;9.0;47;27.6;55.1;225;13.8
CHAUMONT;48.11;5.14;05/06/2026;51;P10;Pluie faible;16.7;12.1;14.6;10.3;05:41;21:34;4.8;6.75;3.6;1.2;2.4;0.0;18.0;55;16.3;40.7;239;16.73
CHAUMONT;48.11;5.14;06/06/2026;51;P10;Pluie faible;16.6;10.2;14.7;8.4;05:40;21:35;6.8;6.8;1.8;0.0;1.8;0.0;12.0;43;15.8;37.8;225;23.42
CHAUMONT;48.11;5.14;07/06/2026;53;P10;Pluie faible;14.8;9.6;14.3;7.7;05:40;21:36;1.6;6.25;10.8;3.6;7.2;0.0;12.0;32;20.9;48.6;139;15.05
CHAUMONT;48.11;5.14;08/06/2026;61;P10;Pluie;13.8;9.5;13.1;6.4;05:40;21:36;6.35;6.55;14.1;6.3;7.8;0.0;21.0;24;21.1;49.3;263;8.97
CHAUMONT;48.11;5.14;09/06/2026;51;P10;Pluie faible;15.2;10.2;13.9;8.6;05:39;21:37;6.45;6.65;1.8;0.6;1.2;0.0;18.0;24;13.4;28.8;238;11.36
CHAUMONT;48.11;5.14;10/06/2026;55;P10;Pluie faible;12.9;9.8;12.4;8.4;05:39;21:38;6.8;6.85;14.1;5.7;8.4;0.0;21.0;32;11.3;29.5;261;8.51
CHAUMONT;48.11;5.14;11/06/2026;51;P10;Pluie faible;17.8;8.6;17.5;6.9;05:39;21:38;5.55;6.8;0.6;0.0;0.6;0.0;6.0;29;8.3;26.6;287;23.22
CHAUMONT;48.11;5.14;12/06/2026;2;P8;Éclaircies;27.9;9.9;29.9;8.7;05:39;21:39;6.1;6.8;0.0;0.0;0.0;0.0;0.0;;12.0;22.0;95;25.09
STRASBOURG;48.57;7.75;28/05/2026;0;P1;Ensoleillé;28.1;17.5;27.5;16.4;05:34;21:18;6.9;6.9;0.0;0.0;0.0;0.0;0.0;0;14.2;32.0;30;27.84
STRASBOURG;48.57;7.75;29/05/2026;3;P4;Nuageux;31.5;17.0;30.2;15.4;05:33;21:19;6.9;6.9;0.0;0.0;0.0;0.0;0.0;0;11.0;24.1;27;27.92
STRASBOURG;48.57;7.75;30/05/2026;3;P4;Nuageux;32.3;19.0;32.5;19.0;05:32;21:20;6.35;6.95;0.0;0.0;0.0;0.0;0.0;18;8.3;20.2;153;23.71
STRASBOURG;48.57;7.75;31/05/2026;80;P9;Averses;30.2;19.5;31.2;19.2;05:31;21:21;6.7;6.9;1.1;0.0;1.1;0.0;5.0;70;16.1;43.2;256;19.62
STRASBOURG;48.57;7.75;01/06/2026;3;P4;Nuageux;25.0;17.4;23.5;18.0;05:31;21:22;6.1;6.85;0.0;0.0;0.0;0.0;0.0;53;8.7;27.7;299;18.7
STRASBOURG;48.57;7.75;02/06/2026;80;P9;Averses;23.5;16.0;23.0;15.9;05:30;21:23;5.55;6.75;7.95;1.2;6.3;0.0;12.0;81;11.8;39.8;204;11.57
STRASBOURG;48.57;7.75;03/06/2026;80;P9;Averses;21.3;14.1;19.0;13.9;05:29;21:24;2.8;6.35;4.2;0.0;4.2;0.0;12.0;85;16.5;47.9;233;17.35
STRASBOURG;48.57;7.75;04/06/2026;80;P9;Averses;24.4;15.9;22.2;14.2;05:29;21:25;4.6;6.6;3.9;3.3;0.9;0.0;6.0;48;16.8;42.8;193;13.74
STRASBOURG;48.57;7.75;05/06/2026;61;P10;Pluie;18.2;14.4;18.1;13.9;05:28;21:26;5.45;6.75;20.25;16.2;4.05;0.0;21.0;48;15.6;40.7;217;12.38
STRASBOURG;48.57;7.75;06/06/2026;53;P10;Pluie faible;19.5;12.9;18.2;12.1;05:28;21:26;6.15;6.7;4.5;2.7;1.8;0.0;21.0;46;9.6;32.0;200;18.83
STRASBOURG;48.57;7.75;07/06/2026;61;P10;Pluie;18.2;11.3;18.2;11.5;05:28;21:27;6.45;6.65;11.4;6.0;5.4;0.0;12.0;34;9.9;32.4;110;12.91
STRASBOURG;48.57;7.75;08/06/2026;55;P10;Pluie faible;15.1;11.7;15.9;9.5;05:27;21:28;6.45;6.45;15.0;7.8;7.2;0.0;24.0;20;17.0;37.1;206;10.0
STRASBOURG;48.57;7.75;09/06/2026;53;P10;Pluie faible;18.7;11.9;18.5;10.2;05:27;21:29;5.5;6.55;2.7;1.5;1.2;0.0;15.0;27;15.0;32.4;187;20.49
STRASBOURG;48.57;7.75;10/06/2026;61;P10;Pluie;16.5;12.6;16.8;12.6;05:26;21:29;6.65;6.65;18.0;7.8;10.2;0.0;21.0;26;8.1;27.7;210;8.76
STRASBOURG;48.57;7.75;11/06/2026;53;P10;Pluie faible;19.0;11.9;18.8;10.4;05:26;21:30;5.95;6.75;6.0;1.2;4.8;0.0;15.0;29;12.8;27.4;294;20.98
STRASBOURG;48.57;7.75;12/06/2026;51;P10;Pluie faible;25.6;11.4;26.9;11.8;05:26;21:31;2.3;6.7;0.9;0.3;0.6;0.0;3.0;;6.3;15.0;87;16.22
BOURGES;47.08;2.39;28/05/2026;1;P2;Éclaircies;32.8;15.6;33.5;16.2;06:01;21:33;7.4;7.4;0.0;0.0;0.0;0.0;0.0;0;15.0;25.2;46;28.85
BOURGES;47.08;2.39;29/05/2026;3;P4;Nuageux;33.5;17.2;34.4;17.5;06:00;21:34;7.1;7.4;0.0;0.0;0.0;0.0;0.0;0;13.4;27.7;63;28.75
BOURGES;47.08;2.39;30/05/2026;3;P4;Nuageux;34.6;19.0;35.8;19.7;06:00;21:35;7.45;7.45;0.0;0.0;0.0;0.0;0.0;0;11.4;22.9;161;27.44
BOURGES;47.08;2.39;31/05/2026;3;P4;Nuageux;25.7;17.2;24.3;16.0;05:59;21:36;6.75;7.4;0.0;0.0;0.0;0.0;0.0;8;19.2;37.8;283;24.02
BOURGES;47.08;2.39;01/06/2026;3;P4;Nuageux;26.2;14.4;25.4;14.6;05:58;21:37;6.8;7.45;0.0;0.0;0.0;0.0;0.0;3;15.3;32.0;250;22.29
BOURGES;47.08;2.39;02/06/2026;80;P9;Averses;22.1;15.4;19.1;14.7;05:58;21:38;5.75;7.2;9.3;6.9;2.4;0.0;9.0;71;27.0;57.6;253;17.98
BOURGES;47.08;2.39;03/06/2026;61;P10;Pluie;21.2;13.5;18.2;11.9;05:57;21:39;4.6;7.1;0.9;0.3;0.3;0.0;9.0;41;23.7;42.5;240;15.49
BOURGES;47.08;2.39;04/06/2026;3;P4;Nuageux;21.9;15.8;17.8;13.5;05:57;21:40;4.05;7.05;0.9;0.0;0.9;0.0;9.0;40;31.2;68.4;238;17.68
BOURGES;47.08;2.39;05/06/2026;51;P10;Pluie faible;18.0;11.7;16.5;9.8;05:56;21:41;4.75;7.1;4.35;1.95;2.4;0.0;21.0;38;17.2;46.8;250;23.49
BOURGES;47.08;2.39;06/06/2026;51;P10;Pluie faible;17.0;11.1;14.9;9.1;05:56;21:41;4.0;7.1;0.6;0.0;0.6;0.0;6.0;31;15.1;42.1;226;22.29
BOURGES;47.08;2.39;07/06/2026;53;P10;Pluie faible;15.1;11.1;12.3;8.5;05:55;21:42;5.15;6.85;7.5;4.2;3.3;0.0;21.0;20;27.6;58.7;221;14.09
BOURGES;47.08;2.39;08/06/2026;53;P10;Pluie faible;18.2;10.6;15.6;6.8;05:55;21:43;6.6;6.95;6.9;3.6;3.3;0.0;21.0;15;27.1;52.9;272;21.73
BOURGES;47.08;2.39;09/06/2026;51;P10;Pluie faible;16.0;11.0;15.1;9.7;05:55;21:44;6.5;7.05;1.2;0.9;0.3;0.0;3.0;22;12.3;36.0;247;15.51
BOURGES;47.08;2.39;10/06/2026;61;P10;Pluie;17.1;12.4;15.5;11.9;05:55;21:44;7.05;7.2;13.8;3.3;10.5;0.0;21.0;20;17.9;45.0;290;16.51
BOURGES;47.08;2.39;11/06/2026;3;P4;Nuageux;20.3;10.4;20.8;9.8;05:54;21:45;5.6;7.15;0.0;0.0;0.0;0.0;0.0;17;6.8;27.4;318;27.49
BOURGES;47.08;2.39;12/06/2026;1;P2;Éclaircies;31.9;11.9;32.2;10.6;05:54;21:45;7.2;7.25;0.0;0.0;0.0;0.0;0.0;;19.4;27.7;154;29.03
BELFORT;47.63;6.86;28/05/2026;2;P8;Éclaircies;28.5;17.1;27.8;16.5;05:41;21:18;7.05;7.05;0.0;0.0;0.0;0.0;0.0;3;16.4;37.4;77;28.04
BELFORT;47.63;6.86;29/05/2026;1;P2;Éclaircies;29.7;14.2;28.6;13.3;05:40;21:19;7.05;7.05;0.0;0.0;0.0;0.0;0.0;0;15.2;33.1;73;28.4
BELFORT;47.63;6.86;30/05/2026;3;P4;Nuageux;30.9;16.4;30.4;15.6;05:40;21:20;5.95;7.1;0.0;0.0;0.0;0.0;0.0;3;10.0;22.3;64;23.25
BELFORT;47.63;6.86;31/05/2026;80;P9;Averses;25.8;16.2;25.4;16.6;05:39;21:21;6.7;7.05;2.0;0.0;2.0;0.0;5.0;60;24.0;52.9;267;21.49
BELFORT;47.63;6.86;01/06/2026;3;P4;Nuageux;24.0;15.2;22.8;14.4;05:38;21:22;6.65;7.05;0.0;0.0;0.0;0.0;0.0;28;13.8;29.2;269;23.17
BELFORT;47.63;6.86;02/06/2026;80;P9;Averses;21.6;14.8;20.4;13.8;05:38;21:23;6.2;6.9;16.5;3.0;13.5;0.0;12.0;92;24.8;47.1;249;13.49
BELFORT;47.63;6.86;03/06/2026;80;P9;Averses;19.9;12.8;17.0;10.9;05:37;21:23;4.6;6.55;3.0;0.0;3.0;0.0;12.0;93;24.1;45.0;248;18.21
BELFORT;47.63;6.86;04/06/2026;63;P10;Pluie;19.0;14.7;16.5;12.7;05:37;21:24;6.25;6.8;6.0;4.5;1.5;0.0;9.0;69;27.3;56.2;236;12.2
BELFORT;47.63;6.86;05/06/2026;80;P9;Averses;15.6;11.5;14.8;9.7;05:36;21:25;5.9;6.9;22.2;13.2;9.0;0.0;21.0;73;17.5;45.0;262;13.96
BELFORT;47.63;6.86;06/06/2026;53;P10;Pluie faible;17.2;10.6;16.5;8.8;05:36;21:26;6.3;6.8;4.2;1.2;3.0;0.0;18.0;57;13.7;35.6;255;24.3
BELFORT;47.63;6.86;07/06/2026;61;P10;Pluie;14.9;10.1;14.1;7.3;05:35;21:27;6.6;6.7;15.0;6.6;8.4;0.0;21.0;42;21.4;45.0;67;12.77
BELFORT;47.63;6.86;08/06/2026;53;P10;Pluie faible;11.9;8.8;9.9;5.1;05:35;21:27;6.55;6.6;11.1;6.3;4.8;0.0;24.0;33;26.0;52.6;242;8.56
BELFORT;47.63;6.86;09/06/2026;53;P10;Pluie faible;17.1;9.7;16.8;8.7;05:35;21:28;5.7;6.7;2.7;1.5;1.2;0.0;15.0;29;11.8;35.3;272;23.16
BELFORT;47.63;6.86;10/06/2026;61;P10;Pluie;13.8;11.1;13.3;9.2;05:34;21:29;6.8;6.8;16.5;5.1;11.4;0.0;21.0;38;15.2;37.1;240;13.64
BELFORT;47.63;6.86;11/06/2026;53;P10;Pluie faible;17.1;9.2;16.6;6.9;05:34;21:29;6.2;6.85;2.1;0.3;1.8;0.0;9.0;33;15.3;36.7;265;21.82
BELFORT;47.63;6.86;12/06/2026;51;P10;Pluie faible;28.0;10.9;29.8;9.6;05:34;21:30;5.25;6.85;0.3;0.0;0.3;0.0;3.0;;10.9;26.3;62;24.03
LIMOGES;45.83;1.26;28/05/2026;1;P2;Éclaircies;33.9;16.9;34.4;17.5;06:10;21:33;7.55;7.55;0.0;0.0;0.0;0.0;0.0;0;12.4;34.2;46;28.84
LIMOGES;45.83;1.26;29/05/2026;3;P4;Nuageux;33.5;17.2;32.3;17.4;06:10;21:34;7.55;7.6;0.0;0.0;0.0;0.0;0.0;0;13.6;31.7;68;28.67
LIMOGES;45.83;1.26;30/05/2026;3;P4;Nuageux;31.4;16.7;33.3;17.0;06:09;21:35;7.3;7.6;0.0;0.0;0.0;0.0;0.0;0;13.9;30.1;239;27.43
LIMOGES;45.83;1.26;31/05/2026;3;P4;Nuageux;24.7;16.7;25.5;17.5;06:08;21:36;4.15;7.5;0.0;0.0;0.0;0.0;0.0;0;15.5;34.2;276;15.86
LIMOGES;45.83;1.26;01/06/2026;3;P4;Nuageux;25.4;13.8;24.9;14.0;06:08;21:37;7.55;7.65;0.0;0.0;0.0;0.0;0.0;3;13.9;28.4;279;23.33
LIMOGES;45.83;1.26;02/06/2026;80;P9;Averses;21.1;14.3;18.1;12.3;06:07;21:38;5.0;7.25;7.2;2.4;4.5;0.0;9.0;65;28.5;55.5;260;18.68
LIMOGES;45.83;1.26;03/06/2026;3;P4;Nuageux;17.3;12.9;15.2;11.6;06:07;21:39;4.9;7.25;0.3;0.0;0.3;0.0;3.0;35;22.1;38.9;231;9.27
LIMOGES;45.83;1.26;04/06/2026;61;P10;Pluie;20.4;13.7;16.5;12.0;06:06;21:39;4.25;7.15;1.8;0.6;1.2;0.0;6.0;53;35.1;65.9;238;18.33
LIMOGES;45.83;1.26;05/06/2026;53;P10;Pluie faible;14.8;11.0;13.1;9.0;06:06;21:40;4.75;7.25;7.05;2.55;4.5;0.0;21.0;43;16.1;43.9;251;17.22
LIMOGES;45.83;1.26;06/06/2026;51;P10;Pluie faible;16.0;9.4;14.2;7.6;06:05;21:41;6.5;7.2;2.4;0.6;1.8;0.0;18.0;28;15.7;38.5;198;16.68
LIMOGES;45.83;1.26;07/06/2026;53;P10;Pluie faible;13.4;10.1;10.6;7.0;06:05;21:42;5.8;6.95;12.0;5.4;6.6;0.0;21.0;20;23.3;61.9;221;17.22
LIMOGES;45.83;1.26;08/06/2026;53;P10;Pluie faible;17.8;9.2;15.2;6.1;06:05;21:42;5.05;7.1;3.0;2.4;0.6;0.0;9.0;19;22.3;52.6;271;22.38
LIMOGES;45.83;1.26;09/06/2026;51;P10;Pluie faible;16.9;9.4;15.1;8.3;06:04;21:43;3.15;7.15;0.9;0.3;0.6;0.0;3.0;19;8.6;36.7;208;16.85
LIMOGES;45.83;1.26;10/06/2026;61;P10;Pluie;16.8;11.9;16.1;10.1;06:04;21:44;7.2;7.35;17.7;3.3;14.4;0.0;21.0;24;19.4;47.9;232;15.09
LIMOGES;45.83;1.26;11/06/2026;3;P4;Nuageux;20.4;9.3;21.4;8.6;06:04;21:44;5.85;7.3;0.0;0.0;0.0;0.0;0.0;18;8.8;29.5;7;27.72
LIMOGES;45.83;1.26;12/06/2026;1;P2;Éclaircies;32.4;11.6;34.5;9.5;06:04;21:45;7.35;7.4;0.0;0.0;0.0;0.0;0.0;;11.9;23.4;83;29.23
VICHY;46.12;3.42;28/05/2026;1;P2;Éclaircies;32.4;14.2;32.6;14.0;06:01;21:26;7.5;7.5;0.0;0.0;0.0;0.0;0.0;0;16.6;36.4;41;28.44
VICHY;46.12;3.42;29/05/2026;3;P4;Nuageux;33.1;14.9;31.5;15.0;06:00;21:26;7.55;7.55;0.0;0.0;0.0;0.0;0.0;0;16.6;35.6;44;28.98
VICHY;46.12;3.42;30/05/2026;3;P4;Nuageux;33.5;14.8;33.5;14.1;05:59;21:27;6.7;7.6;0.0;0.0;0.0;0.0;0.0;5;8.7;19.1;122;26.59
VICHY;46.12;3.42;31/05/2026;3;P4;Nuageux;26.1;17.8;25.5;17.1;05:59;21:28;6.8;7.55;0.1;0.0;0.1;0.0;1.0;18;18.8;37.8;304;19.4
VICHY;46.12;3.42;01/06/2026;3;P4;Nuageux;26.4;12.8;26.0;12.3;05:58;21:29;7.6;7.6;0.0;0.0;0.0;0.0;0.0;5;8.7;16.9;341;22.69
VICHY;46.12;3.42;02/06/2026;80;P9;Averses;22.7;16.0;20.6;14.7;05:58;21:30;4.65;7.45;6.9;4.8;1.95;0.0;9.0;59;26.9;56.5;263;17.48
VICHY;46.12;3.42;03/06/2026;61;P10;Pluie;22.1;12.6;19.5;11.8;05:57;21:31;6.8;7.25;0.3;0.3;0.0;0.0;3.0;59;18.7;36.4;264;15.11
VICHY;46.12;3.42;04/06/2026;80;P9;Averses;20.8;14.0;18.2;12.7;05:57;21:32;5.85;7.3;2.4;1.2;1.2;0.0;9.0;36;22.7;49.3;212;9.96
VICHY;46.12;3.42;05/06/2026;53;P10;Pluie faible;19.4;11.9;17.8;9.9;05:56;21:33;5.95;7.35;6.15;1.2;4.95;0.0;21.0;41;15.3;37.4;244;23.97
VICHY;46.12;3.42;06/06/2026;53;P10;Pluie faible;18.0;10.4;17.6;8.8;05:56;21:33;5.65;7.3;4.2;0.6;3.6;0.0;12.0;42;10.5;36.7;205;24.52
VICHY;46.12;3.42;07/06/2026;61;P10;Pluie;14.6;10.1;12.0;7.8;05:55;21:34;2.65;7.05;17.7;2.1;15.6;0.0;21.0;32;24.3;55.1;231;12.32
VICHY;46.12;3.42;08/06/2026;53;P10;Pluie faible;18.0;10.1;16.5;6.5;05:55;21:35;6.7;7.15;4.5;2.1;2.4;0.0;15.0;23;23.5;50.0;266;19.74
VICHY;46.12;3.42;09/06/2026;51;P10;Pluie faible;18.8;10.9;18.8;9.5;05:55;21:35;5.95;7.2;0.3;0.3;0.0;0.0;3.0;20;9.9;26.6;240;24.74
VICHY;46.12;3.42;10/06/2026;53;P10;Pluie faible;17.2;11.6;16.3;11.1;05:54;21:36;7.25;7.35;9.9;2.7;7.2;0.0;21.0;24;13.8;46.4;258;16.05
VICHY;46.12;3.42;11/06/2026;51;P10;Pluie faible;19.0;9.8;18.9;8.9;05:54;21:37;6.3;7.3;0.6;0.0;0.6;0.0;6.0;18;9.9;28.4;340;25.54
VICHY;46.12;3.42;12/06/2026;1;P2;Éclaircies;35.8;9.9;36.7;9.0;05:54;21:37;7.35;7.35;0.0;0.0;0.0;0.0;0.0;;24.5;26.6;302;29.24
CHALON/S.;46.78;4.85;28/05/2026;0;P1;Ensoleillé;31.6;17.9;30.7;17.4;05:52;21:22;7.45;7.45;0.0;0.0;0.0;0.0;0.0;0;19.4;40.0;26;28.54
CHALON/S.;46.78;4.85;29/05/2026;2;P8;Éclaircies;32.3;17.8;30.5;16.4;05:52;21:23;7.4;7.4;0.0;0.0;0.0;0.0;0.0;0;19.8;39.6;25;28.84
CHALON/S.;46.78;4.85;30/05/2026;3;P4;Nuageux;32.0;17.9;32.5;18.3;05:51;21:24;7.05;7.45;0.0;0.0;0.0;0.0;0.0;0;6.5;12.2;95;26.83
CHALON/S.;46.78;4.85;31/05/2026;80;P9;Averses;27.9;17.4;28.0;17.5;05:50;21:25;6.65;7.4;0.7;0.0;0.7;0.0;2.0;25;20.2;36.7;279;20.12
CHALON/S.;46.78;4.85;01/06/2026;3;P4;Nuageux;26.7;14.9;26.7;15.0;05:50;21:26;7.1;7.5;0.0;0.0;0.0;0.0;0.0;3;8.9;15.5;355;21.81
CHALON/S.;46.78;4.85;02/06/2026;61;P10;Pluie;22.0;16.3;20.0;15.4;05:49;21:27;5.75;7.35;6.45;5.7;0.75;0.0;6.0;62;23.4;52.2;254;16.17
CHALON/S.;46.78;4.85;03/06/2026;3;P4;Nuageux;23.2;14.4;20.2;12.4;05:49;21:28;6.75;7.15;0.0;0.0;0.0;0.0;0.0;62;20.2;38.9;256;22.02
CHALON/S.;46.78;4.85;04/06/2026;95;P10;Orageux;20.4;15.7;19.2;15.2;05:48;21:29;5.6;7.2;10.5;3.6;6.9;0.0;15.0;35;23.1;49.3;196;10.93
CHALON/S.;46.78;4.85;05/06/2026;51;P10;Pluie faible;19.5;13.4;18.4;11.5;05:48;21:30;5.8;7.25;3.0;1.5;1.5;0.0;21.0;33;18.0;40.7;261;25.3
CHALON/S.;46.78;4.85;06/06/2026;51;P10;Pluie faible;17.9;13.0;16.1;11.6;05:47;21:30;7.05;7.2;3.0;1.2;1.8;0.0;12.0;30;12.0;37.1;207;22.58
CHALON/S.;46.78;4.85;07/06/2026;63;P10;Pluie;15.4;12.3;14.9;9.6;05:47;21:31;2.4;7.0;22.8;7.2;15.6;0.0;18.0;22;19.9;45.0;184;12.1
CHALON/S.;46.78;4.85;08/06/2026;53;P10;Pluie faible;17.1;10.6;16.3;5.8;05:47;21:32;6.4;6.95;10.8;7.2;3.6;0.0;18.0;20;32.4;67.0;244;6.33
CHALON/S.;46.78;4.85;09/06/2026;51;P10;Pluie faible;18.9;10.8;19.0;9.1;05:46;21:32;5.55;7.1;0.9;0.3;0.6;0.0;9.0;20;11.1;25.9;230;25.23
CHALON/S.;46.78;4.85;10/06/2026;53;P10;Pluie faible;19.2;12.6;17.7;11.4;05:46;21:33;7.2;7.25;7.5;3.3;4.2;0.0;21.0;25;15.7;38.9;242;14.4
CHALON/S.;46.78;4.85;11/06/2026;3;P4;Nuageux;19.8;9.5;20.2;8.8;05:46;21:34;6.45;7.2;0.0;0.0;0.0;0.0;0.0;18;8.4;34.6;34;25.89
CHALON/S.;46.78;4.85;12/06/2026;3;P4;Nuageux;30.8;12.0;31.7;10.5;05:46;21:34;5.7;7.25;0.0;0.0;0.0;0.0;0.0;;12.0;19.4;59;23.66
LYON;45.76;4.83;28/05/2026;1;P2;Éclaircies;32.9;19.4;31.9;21.0;05:56;21:18;7.6;7.6;0.0;0.0;0.0;0.0;0.0;0;21.6;45.4;359;28.49
LYON;45.76;4.83;29/05/2026;1;P2;Éclaircies;33.2;19.3;33.6;19.3;05:56;21:19;7.6;7.6;0.0;0.0;0.0;0.0;0.0;0;14.1;30.6;357;28.7
LYON;45.76;4.83;30/05/2026;3;P4;Nuageux;33.2;19.2;34.4;20.0;05:55;21:20;7.35;7.65;0.0;0.0;0.0;0.0;0.0;0;7.2;16.9;101;27.06
LYON;45.76;4.83;31/05/2026;3;P4;Nuageux;28.6;18.8;30.1;19.7;05:54;21:21;7.3;7.6;0.7;0.0;0.7;0.0;7.0;64;14.1;35.6;338;22.89
LYON;45.76;4.83;01/06/2026;3;P4;Nuageux;26.7;17.1;26.2;16.5;05:54;21:22;7.45;7.65;0.0;0.0;0.0;0.0;0.0;20;12.7;32.4;353;26.43
LYON;45.76;4.83;02/06/2026;95;P10;Orageux;23.7;18.0;24.2;19.3;05:53;21:23;6.25;7.55;4.95;2.7;2.4;0.0;6.0;55;12.0;40.7;297;16.23
LYON;45.76;4.83;03/06/2026;3;P4;Nuageux;24.0;15.8;22.5;15.8;05:53;21:24;6.85;7.3;0.0;0.0;0.0;0.0;0.0;56;8.5;20.9;329;19.07
LYON;45.76;4.83;04/06/2026;61;P10;Pluie;22.2;15.7;20.3;15.8;05:52;21:25;6.6;7.4;6.3;5.7;0.6;0.0;9.0;32;17.4;38.2;178;10.57
LYON;45.76;4.83;05/06/2026;53;P10;Pluie faible;19.5;14.4;19.9;14.2;05:52;21:26;7.2;7.4;13.65;7.65;6.0;0.0;21.0;54;6.8;31.3;298;26.09
LYON;45.76;4.83;06/06/2026;53;P10;Pluie faible;18.1;12.3;19.5;12.4;05:51;21:26;6.8;7.35;9.9;1.5;8.4;0.0;21.0;33;3.7;33.8;187;25.33
LYON;45.76;4.83;07/06/2026;63;P10;Pluie;16.5;13.1;16.1;11.6;05:51;21:27;4.35;7.25;23.1;6.9;16.2;0.0;21.0;25;12.7;42.5;196;11.1
LYON;45.76;4.83;08/06/2026;53;P10;Pluie faible;15.4;11.1;14.9;8.7;05:51;21:28;7.2;7.2;7.2;3.6;3.6;0.0;18.0;16;13.9;36.7;195;9.95
LYON;45.76;4.83;09/06/2026;51;P10;Pluie faible;19.7;9.5;21.7;9.1;05:50;21:28;7.25;7.3;1.5;0.3;1.2;0.0;9.0;18;7.1;19.4;221;25.45
LYON;45.76;4.83;10/06/2026;61;P10;Pluie;16.6;13.4;16.8;14.0;05:50;21:29;7.3;7.4;16.8;2.1;14.7;0.0;18.0;18;15.5;41.8;172;18.98
LYON;45.76;4.83;11/06/2026;51;P10;Pluie faible;19.4;11.7;19.1;11.2;05:50;21:30;7.1;7.4;0.3;0.0;0.3;0.0;3.0;23;12.0;32.4;338;27.59
LYON;45.76;4.83;12/06/2026;3;P4;Nuageux;33.5;12.8;34.6;11.7;05:50;21:30;6.75;7.4;0.0;0.0;0.0;0.0;0.0;;17.4;26.6;217;25.9
PONTARLIER;46.9;6.35;28/05/2026;2;P8;Éclaircies;25.9;15.5;26.6;14.1;05:46;21:17;7.15;7.3;0.0;0.0;0.0;0.0;0.0;0;18.6;42.1;60;28.66
PONTARLIER;46.9;6.35;29/05/2026;1;P2;Éclaircies;27.4;16.8;26.5;14.4;05:45;21:18;7.3;7.3;0.0;0.0;0.0;0.0;0.0;0;14.2;32.8;81;29.77
PONTARLIER;46.9;6.35;30/05/2026;3;P4;Nuageux;27.7;15.6;27.1;13.0;05:45;21:19;6.55;7.35;0.0;0.0;0.0;0.0;0.0;0;10.2;22.7;98;25.81
PONTARLIER;46.9;6.35;31/05/2026;95;P10;Orageux;22.5;15.3;23.0;15.2;05:44;21:20;7.05;7.25;8.5;0.0;8.5;0.0;12.0;92;15.5;43.9;247;19.37
PONTARLIER;46.9;6.35;01/06/2026;3;P4;Nuageux;19.8;12.0;19.0;11.6;05:43;21:21;7.05;7.35;0.0;0.0;0.0;0.0;0.0;44;9.4;28.1;311;23.65
PONTARLIER;46.9;6.35;02/06/2026;80;P9;Averses;18.2;12.0;17.3;9.2;05:43;21:22;6.4;7.2;17.25;6.15;11.1;0.0;15.0;91;25.3;61.5;241;14.36
PONTARLIER;46.9;6.35;03/06/2026;80;P9;Averses;16.1;9.9;12.7;7.0;05:42;21:22;5.75;6.85;9.0;0.0;9.0;0.0;9.0;95;21.1;44.6;246;19.71
PONTARLIER;46.9;6.35;04/06/2026;80;P9;Averses;16.2;11.4;14.0;9.6;05:42;21:23;6.55;7.05;7.8;5.1;2.7;0.0;12.0;55;20.2;50.0;212;10.58
PONTARLIER;46.9;6.35;05/06/2026;95;P10;Orageux;12.9;8.9;10.9;6.0;05:41;21:24;6.55;7.1;18.6;11.25;7.35;0.0;21.0;61;18.2;40.3;251;15.21
PONTARLIER;46.9;6.35;06/06/2026;53;P10;Pluie faible;13.8;8.1;12.2;5.8;05:41;21:25;6.85;7.05;5.4;0.6;4.8;0.0;18.0;55;12.7;38.2;233;19.71
PONTARLIER;46.9;6.35;07/06/2026;61;P10;Pluie;14.6;7.3;13.7;3.0;05:40;21:26;3.75;6.7;18.3;8.7;9.6;0.0;21.0;42;23.2;47.2;162;12.61
PONTARLIER;46.9;6.35;08/06/2026;63;P10;Pluie;9.3;6.5;6.9;1.5;05:40;21:26;4.45;6.7;35.4;24.9;10.5;0.0;24.0;25;28.3;62.3;233;3.6
PONTARLIER;46.9;6.35;09/06/2026;51;P10;Pluie faible;14.3;7.3;13.3;4.4;05:40;21:27;6.95;6.95;3.3;0.0;3.3;0.0;15.0;34;14.2;35.3;229;24.82
PONTARLIER;46.9;6.35;10/06/2026;55;P10;Pluie faible;12.2;8.8;9.8;6.6;05:39;21:28;7.1;7.1;15.6;7.2;8.4;0.0;21.0;32;21.2;46.8;214;14.88
PONTARLIER;46.9;6.35;11/06/2026;51;P10;Pluie faible;14.2;6.6;12.6;5.2;05:39;21:28;6.45;7.1;1.8;1.2;0.6;0.0;9.0;37;10.6;45.0;331;20.11
PONTARLIER;46.9;6.35;12/06/2026;3;P4;Nuageux;27.0;7.5;26.3;5.3;05:39;21:29;6.1;7.1;0.0;0.0;0.0;0.0;0.0;;15.7;26.6;169;24.9
LA ROCHELLE;46.16;-1.15;28/05/2026;3;P4;Nuageux;35.3;20.0;33.0;20.4;06:19;21:44;7.5;7.5;0.0;0.0;0.0;0.0;0.0;0;14.4;28.8;308;28.61
LA ROCHELLE;46.16;-1.15;29/05/2026;3;P4;Nuageux;33.3;24.7;31.7;23.6;06:18;21:45;7.45;7.55;0.0;0.0;0.0;0.0;0.0;0;17.6;32.4;219;26.61
LA ROCHELLE;46.16;-1.15;30/05/2026;3;P4;Nuageux;26.9;22.4;28.5;23.4;06:17;21:46;7.55;7.55;0.0;0.0;0.0;0.0;0.0;0;19.3;36.0;239;27.61
LA ROCHELLE;46.16;-1.15;31/05/2026;3;P4;Nuageux;29.4;21.1;27.0;19.0;06:17;21:47;7.05;7.55;0.0;0.0;0.0;0.0;0.0;3;35.1;57.2;301;25.4
LA ROCHELLE;46.16;-1.15;01/06/2026;3;P4;Nuageux;28.2;19.2;27.0;18.5;06:16;21:48;7.55;7.55;0.0;0.0;0.0;0.0;0.0;5;26.6;44.3;308;27.07
LA ROCHELLE;46.16;-1.15;02/06/2026;53;P10;Pluie faible;19.6;16.9;18.9;14.5;06:16;21:49;6.75;7.35;5.1;1.8;3.3;0.0;18.0;63;27.4;60.1;274;23.27
LA ROCHELLE;46.16;-1.15;03/06/2026;51;P10;Pluie faible;18.6;15.9;15.1;12.7;06:15;21:49;4.3;7.2;4.8;3.3;1.5;0.0;21.0;43;38.0;93.2;244;13.78
LA ROCHELLE;46.16;-1.15;04/06/2026;53;P10;Pluie faible;17.2;14.1;13.8;10.6;06:15;21:50;7.15;7.2;9.9;4.8;5.1;0.0;21.0;50;36.5;84.6;258;12.28
LA ROCHELLE;46.16;-1.15;05/06/2026;53;P10;Pluie faible;16.7;14.1;13.9;11.4;06:14;21:51;3.4;7.15;6.6;2.4;4.2;0.0;24.0;42;24.9;61.9;279;24.51
LA ROCHELLE;46.16;-1.15;06/06/2026;61;P10;Pluie;17.2;10.9;15.1;9.0;06:14;21:52;6.7;7.15;15.0;3.6;11.4;0.0;24.0;37;18.8;53.6;225;24.18
LA ROCHELLE;46.16;-1.15;07/06/2026;63;P10;Pluie;15.2;12.5;12.2;10.0;06:13;21:53;6.95;6.95;22.5;12.0;10.5;0.0;21.0;25;28.9;66.6;276;17.81
LA ROCHELLE;46.16;-1.15;08/06/2026;51;P10;Pluie faible;17.7;14.0;15.2;10.7;06:13;21:53;7.05;7.1;1.2;0.6;0.6;0.0;12.0;42;26.6;61.2;294;26.92
LA ROCHELLE;46.16;-1.15;09/06/2026;61;P10;Pluie;17.8;14.6;15.7;13.3;06:13;21:54;3.05;7.05;6.0;2.1;3.9;0.0;21.0;23;13.0;58.3;237;14.59
LA ROCHELLE;46.16;-1.15;10/06/2026;61;P10;Pluie;18.9;14.4;17.1;12.7;06:13;21:55;6.95;7.25;11.4;5.7;5.7;0.0;15.0;16;20.3;55.1;289;24.35
LA ROCHELLE;46.16;-1.15;11/06/2026;3;P4;Nuageux;20.9;12.6;22.5;11.8;06:12;21:55;3.5;7.2;0.0;0.0;0.0;0.0;0.0;23;12.0;47.5;20;28.03
LA ROCHELLE;46.16;-1.15;12/06/2026;1;P2;Éclaircies;26.8;14.1;28.6;11.8;06:12;21:56;7.3;7.3;0.0;0.0;0.0;0.0;0.0;19;17.1;31.7;144;29.31
BORDEAUX;44.83;-0.57;28/05/2026;2;P8;Éclaircies;35.5;21.5;37.4;23.6;06:21;21:37;7.35;7.4;0.0;0.0;0.0;0.0;0.0;3;10.3;19.4;18;29.1
BORDEAUX;44.83;-0.57;29/05/2026;3;P4;Nuageux;34.5;20.9;36.2;21.2;06:21;21:38;7.4;7.45;0.0;0.0;0.0;0.0;0.0;0;14.1;27.4;40;28.39
BORDEAUX;44.83;-0.57;30/05/2026;3;P4;Nuageux;27.1;19.9;29.7;21.0;06:20;21:39;7.5;7.5;0.0;0.0;0.0;0.0;0.0;0;17.3;34.9;250;26.39
BORDEAUX;44.83;-0.57;31/05/2026;3;P4;Nuageux;26.0;17.8;26.4;18.0;06:19;21:40;6.65;7.4;0.0;0.0;0.0;0.0;0.0;0;16.8;36.0;286;22.74
BORDEAUX;44.83;-0.57;01/06/2026;3;P4;Nuageux;25.8;15.5;26.9;16.5;06:19;21:40;7.5;7.5;0.0;0.0;0.0;0.0;0.0;3;15.6;33.8;275;19.74
BORDEAUX;44.83;-0.57;02/06/2026;80;P9;Averses;22.0;16.5;19.8;15.9;06:18;21:41;7.45;7.3;1.5;0.3;1.2;0.0;3.0;45;25.0;51.9;267;19.29
BORDEAUX;44.83;-0.57;03/06/2026;61;P10;Pluie;19.4;15.1;19.3;14.9;06:18;21:42;6.8;7.1;0.3;0.3;0.0;0.0;3.0;23;16.8;33.5;228;5.4
BORDEAUX;44.83;-0.57;04/06/2026;80;P9;Averses;22.0;16.3;19.1;15.5;06:17;21:43;4.3;6.95;2.1;0.0;1.5;0.0;6.0;35;26.3;56.9;259;17.6
BORDEAUX;44.83;-0.57;05/06/2026;53;P10;Pluie faible;18.3;12.2;16.8;11.6;06:17;21:44;4.9;7.05;5.85;0.75;5.1;0.0;21.0;37;14.9;46.4;256;22.95
BORDEAUX;44.83;-0.57;06/06/2026;51;P10;Pluie faible;19.9;11.8;19.0;11.0;06:17;21:44;6.6;7.05;2.4;1.2;1.2;0.0;12.0;23;14.6;38.5;224;26.02
BORDEAUX;44.83;-0.57;07/06/2026;55;P10;Pluie faible;16.4;11.9;13.8;10.1;06:16;21:45;5.9;6.85;12.3;5.1;7.2;0.0;21.0;16;22.3;60.1;271;19.77
BORDEAUX;44.83;-0.57;08/06/2026;51;P10;Pluie faible;19.5;12.2;18.1;10.9;06:16;21:46;6.45;7.1;2.7;2.1;0.6;0.0;21.0;7;18.6;45.7;270;24.98
BORDEAUX;44.83;-0.57;09/06/2026;3;P4;Nuageux;19.2;11.1;18.5;10.6;06:16;21:46;5.6;7.1;0.0;0.0;0.0;0.0;0.0;16;6.7;38.9;166;17.76
BORDEAUX;44.83;-0.57;10/06/2026;51;P10;Pluie faible;19.5;13.0;18.3;12.8;06:15;21:47;7.05;7.2;3.0;1.2;1.8;0.0;18.0;18;17.3;43.6;267;23.32
BORDEAUX;44.83;-0.57;11/06/2026;3;P4;Nuageux;22.9;12.6;24.0;12.5;06:15;21:47;5.0;7.2;0.0;0.0;0.0;0.0;0.0;15;9.0;35.3;21;27.77
BORDEAUX;44.83;-0.57;12/06/2026;0;P1;Ensoleillé;34.3;14.1;36.3;13.1;06:15;21:48;7.25;7.25;0.0;0.0;0.0;0.0;0.0;;15.0;27.4;37;28.94
BIARRITZ;43.48;-1.56;28/05/2026;3;P4;Nuageux;27.0;19.9;28.7;21.2;06:30;21:36;7.45;7.45;0.0;0.0;0.0;0.0;0.0;0;17.3;31.7;303;28.7
BIARRITZ;43.48;-1.56;29/05/2026;3;P4;Nuageux;22.3;19.8;23.7;19.3;06:29;21:37;7.15;7.5;0.0;0.0;0.0;0.0;0.0;0;22.8;35.6;273;24.01
BIARRITZ;43.48;-1.56;30/05/2026;3;P4;Nuageux;21.6;19.5;22.0;18.8;06:29;21:38;7.55;7.55;0.0;0.0;0.0;0.0;0.0;0;22.3;35.3;276;18.04
BIARRITZ;43.48;-1.56;31/05/2026;3;P4;Nuageux;22.3;19.0;23.0;17.8;06:28;21:39;6.55;7.5;0.0;0.0;0.0;0.0;0.0;8;25.2;39.2;271;25.91
BIARRITZ;43.48;-1.56;01/06/2026;3;P4;Nuageux;24.0;17.4;25.5;18.1;06:28;21:40;7.6;7.6;0.0;0.0;0.0;0.0;0.0;3;17.1;31.8;297;25.92
BIARRITZ;43.48;-1.56;02/06/2026;53;P10;Pluie faible;20.3;16.0;19.0;15.2;06:27;21:40;6.3;7.4;3.6;1.5;2.1;0.0;12.0;29;19.6;46.1;264;14.14
BIARRITZ;43.48;-1.56;03/06/2026;53;P10;Pluie faible;24.1;14.8;26.4;14.3;06:27;21:41;7.3;7.3;3.6;0.6;3.0;0.0;12.0;35;14.5;37.1;268;28.44
BIARRITZ;43.48;-1.56;04/06/2026;61;P10;Pluie;18.6;14.2;18.0;11.3;06:26;21:42;3.95;7.05;20.4;9.0;11.4;0.0;24.0;31;26.3;54.4;261;5.33
BIARRITZ;43.48;-1.56;05/06/2026;61;P10;Pluie;17.4;12.7;15.1;10.9;06:26;21:43;6.2;7.2;21.0;8.7;12.3;0.0;24.0;29;22.2;56.5;266;21.2
BIARRITZ;43.48;-1.56;06/06/2026;53;P10;Pluie faible;20.3;11.6;21.5;10.3;06:26;21:43;6.85;7.15;4.5;1.2;3.3;0.0;12.0;32;16.3;44.6;192;26.75
BIARRITZ;43.48;-1.56;07/06/2026;63;P10;Pluie;16.0;10.9;15.5;6.7;06:25;21:44;6.2;7.0;41.4;6.0;35.4;0.0;24.0;29;35.3;86.0;274;21.55
BIARRITZ;43.48;-1.56;08/06/2026;63;P10;Pluie;17.6;12.1;16.4;8.8;06:25;21:45;6.95;7.2;31.8;3.0;28.8;0.0;15.0;32;25.9;69.1;269;21.61
BIARRITZ;43.48;-1.56;09/06/2026;3;P4;Nuageux;20.1;10.3;21.1;9.0;06:25;21:45;7.25;7.25;0.0;0.0;0.0;0.0;0.0;26;10.3;28.4;137;22.0
BIARRITZ;43.48;-1.56;10/06/2026;51;P10;Pluie faible;18.8;14.7;17.6;13.7;06:25;21:46;7.3;7.3;3.0;1.2;1.8;0.0;18.0;32;19.1;46.8;273;19.63
BIARRITZ;43.48;-1.56;11/06/2026;3;P4;Nuageux;21.7;12.0;23.0;11.7;06:24;21:46;6.5;7.25;0.0;0.0;0.0;0.0;0.0;32;10.7;32.8;78;26.71
BIARRITZ;43.48;-1.56;12/06/2026;0;P1;Ensoleillé;29.1;14.6;32.5;12.9;06:24;21:47;7.3;7.3;0.0;0.0;0.0;0.0;0.0;36;13.4;25.2;94;28.75
TARBES;43.23;0.07;28/05/2026;0;P1;Ensoleillé;33.6;16.5;34.1;15.5;06:24;21:29;7.55;7.55;0.0;0.0;0.0;0.0;0.0;0;14.9;31.0;100;29.57
TARBES;43.23;0.07;29/05/2026;3;P4;Nuageux;31.6;15.7;33.0;14.8;06:24;21:30;7.55;7.55;0.0;0.0;0.0;0.0;0.0;0;10.2;19.1;321;29.33
TARBES;43.23;0.07;30/05/2026;45;brouillards;Brouillard;27.7;17.2;30.3;18.3;06:23;21:30;7.35;7.65;0.0;0.0;0.0;0.0;0.0;0;16.2;34.2;289;25.27
TARBES;43.23;0.07;31/05/2026;3;P4;Nuageux;21.5;16.6;21.4;16.3;06:23;21:31;5.55;7.45;0.0;0.0;0.0;0.0;0.0;0;16.0;34.6;278;12.79
TARBES;43.23;0.07;01/06/2026;3;P4;Nuageux;24.9;15.6;26.0;16.0;06:22;21:32;7.35;7.6;0.0;0.0;0.0;0.0;0.0;0;10.1;22.0;304;17.16
TARBES;43.23;0.07;02/06/2026;3;P4;Nuageux;18.8;15.1;19.0;13.7;06:22;21:33;4.05;7.15;0.0;0.0;0.0;0.0;0.0;14;26.6;50.8;268;8.02
TARBES;43.23;0.07;03/06/2026;3;P4;Nuageux;21.2;13.8;19.9;12.0;06:21;21:34;7.3;7.3;0.0;0.0;0.0;0.0;0.0;15;14.8;28.4;276;20.39
TARBES;43.23;0.07;04/06/2026;61;P10;Pluie;17.5;15.4;19.0;13.7;06:21;21:34;7.1;7.3;9.3;8.1;1.5;0.0;15.0;33;20.0;39.2;248;3.63
TARBES;43.23;0.07;05/06/2026;51;P10;Pluie faible;15.9;11.2;13.4;8.5;06:20;21:35;6.7;7.3;2.55;1.65;0.9;0.0;21.0;43;20.4;44.6;270;20.45
TARBES;43.23;0.07;06/06/2026;51;P10;Pluie faible;18.5;10.6;17.9;9.1;06:20;21:36;7.05;7.2;1.2;1.2;0.0;0.0;12.0;33;10.7;33.1;176;19.38
TARBES;43.23;0.07;07/06/2026;53;P10;Pluie faible;15.0;10.2;13.8;6.5;06:20;21:37;1.25;6.9;6.6;3.6;3.0;0.0;21.0;24;27.0;70.2;273;21.74
TARBES;43.23;0.07;08/06/2026;51;P10;Pluie faible;16.9;10.6;15.1;6.2;06:19;21:37;7.1;7.25;3.6;1.8;1.8;0.0;21.0;17;26.4;58.3;268;24.36
TARBES;43.23;0.07;09/06/2026;61;P10;Pluie;21.8;9.6;23.0;8.6;06:19;21:38;7.35;7.35;8.4;0.0;8.4;0.0;6.0;18;8.3;32.0;91;24.84
TARBES;43.23;0.07;10/06/2026;51;P10;Pluie faible;18.1;12.8;16.3;11.9;06:19;21:38;7.35;7.35;2.4;1.8;0.6;0.0;12.0;27;17.7;40.3;272;16.92
TARBES;43.23;0.07;11/06/2026;3;P4;Nuageux;20.7;11.1;20.8;10.8;06:19;21:39;6.85;7.3;0.0;0.0;0.0;0.0;0.0;24;11.2;35.3;33;24.9
TARBES;43.23;0.07;12/06/2026;0;P1;Ensoleillé;33.4;13.9;36.2;12.7;06:19;21:39;7.4;7.4;0.0;0.0;0.0;0.0;0.0;;9.4;20.9;76;28.93
TOULOUSE;43.6;1.44;28/05/2026;1;P2;Éclaircies;34.9;20.0;35.4;20.7;06:18;21:24;7.55;7.55;0.0;0.0;0.0;0.0;0.0;0;13.5;33.1;344;29.37
TOULOUSE;43.6;1.44;29/05/2026;3;P4;Nuageux;34.3;19.8;34.7;20.6;06:17;21:25;7.55;7.55;0.0;0.0;0.0;0.0;0.0;0;14.5;31.3;22;29.73
TOULOUSE;43.6;1.44;30/05/2026;45;brouillards;Brouillard;30.4;18.4;33.3;19.9;06:16;21:26;6.75;7.65;0.0;0.0;0.0;0.0;0.0;0;16.8;42.8;281;24.58
TOULOUSE;43.6;1.44;31/05/2026;3;P4;Nuageux;24.8;18.2;24.5;18.4;06:16;21:27;5.15;7.45;0.0;0.0;0.0;0.0;0.0;3;16.3;39.2;287;14.71
TOULOUSE;43.6;1.44;01/06/2026;3;P4;Nuageux;27.0;16.1;27.4;16.4;06:15;21:28;7.65;7.65;0.0;0.0;0.0;0.0;0.0;0;12.5;29.5;291;22.87
TOULOUSE;43.6;1.44;02/06/2026;80;P9;Averses;22.4;17.1;21.2;14.8;06:15;21:29;4.7;7.35;0.6;0.0;0.6;0.0;6.0;21;31.9;57.6;282;11.85
TOULOUSE;43.6;1.44;03/06/2026;3;P4;Nuageux;23.3;14.1;21.7;12.7;06:14;21:30;7.1;7.3;0.0;0.0;0.0;0.0;0.0;20;19.2;33.8;285;19.26
TOULOUSE;43.6;1.44;04/06/2026;80;P9;Averses;18.5;16.3;19.5;14.7;06:14;21:30;6.95;7.3;11.4;9.9;1.5;0.0;9.0;26;17.8;30.6;256;4.08
TOULOUSE;43.6;1.44;05/06/2026;51;P10;Pluie faible;18.7;12.3;16.4;10.2;06:14;21:31;6.3;7.3;3.0;1.35;1.65;0.0;12.0;39;18.7;46.8;283;20.13
TOULOUSE;43.6;1.44;06/06/2026;51;P10;Pluie faible;20.0;12.4;21.0;11.9;06:13;21:32;7.2;7.25;3.6;1.8;1.8;0.0;21.0;25;9.7;36.0;294;22.08
TOULOUSE;43.6;1.44;07/06/2026;51;P10;Pluie faible;17.1;13.1;14.1;9.4;06:13;21:32;1.55;6.95;3.0;1.2;1.8;0.0;12.0;13;29.9;74.2;263;20.99
TOULOUSE;43.6;1.44;08/06/2026;51;P10;Pluie faible;20.4;11.6;18.1;8.5;06:13;21:33;7.05;7.25;1.8;0.6;1.2;0.0;12.0;8;22.0;59.8;275;23.82
TOULOUSE;43.6;1.44;09/06/2026;51;P10;Pluie faible;23.0;12.1;24.3;12.2;06:12;21:34;7.35;7.3;0.6;0.6;0.0;0.0;6.0;8;9.6;39.6;41;26.3
TOULOUSE;43.6;1.44;10/06/2026;51;P10;Pluie faible;21.0;13.8;19.0;13.6;06:12;21:34;7.4;7.4;2.4;2.4;0.0;0.0;12.0;14;17.0;42.1;281;18.69
TOULOUSE;43.6;1.44;11/06/2026;2;P8;Éclaircies;23.1;12.8;22.8;12.2;06:12;21:35;6.75;7.3;0.0;0.0;0.0;0.0;0.0;14;12.2;40.3;321;25.86
TOULOUSE;43.6;1.44;12/06/2026;3;P4;Nuageux;37.2;14.2;39.4;13.2;06:12;21:35;7.3;7.4;0.0;0.0;0.0;0.0;0.0;;10.3;25.2;117;28.82
AURILLAC;44.92;2.44;28/05/2026;3;P4;Nuageux;30.2;14.7;29.7;13.1;06:09;21:25;7.55;7.55;0.0;0.0;0.0;0.0;0.0;0;14.9;31.7;26;29.8
AURILLAC;44.92;2.44;29/05/2026;3;P4;Nuageux;29.8;14.6;29.1;13.6;06:08;21:26;7.55;7.55;0.0;0.0;0.0;0.0;0.0;0;16.9;33.1;68;30.2
AURILLAC;44.92;2.44;30/05/2026;3;P4;Nuageux;27.8;16.1;29.8;14.9;06:08;21:27;7.2;7.6;0.0;0.0;0.0;0.0;0.0;0;13.5;28.1;262;26.87
AURILLAC;44.92;2.44;31/05/2026;45;brouillards;Brouillard;22.6;17.0;22.1;17.8;06:07;21:28;6.9;7.55;0.0;0.0;0.0;0.0;0.0;5;18.2;32.4;294;13.98
AURILLAC;44.92;2.44;01/06/2026;3;P4;Nuageux;23.5;11.8;23.2;11.1;06:07;21:29;7.55;7.65;0.0;0.0;0.0;0.0;0.0;5;16.3;28.4;315;25.89
AURILLAC;44.92;2.44;02/06/2026;80;P9;Averses;18.3;13.5;16.6;11.3;06:06;21:30;3.1;7.3;5.7;2.25;3.3;0.0;9.0;60;23.1;55.4;274;12.93
AURILLAC;44.92;2.44;03/06/2026;3;P4;Nuageux;15.6;11.7;15.4;10.0;06:06;21:30;7.35;7.25;0.0;0.0;0.0;0.0;0.0;61;14.6;32.0;280;9.4
AURILLAC;44.92;2.44;04/06/2026;80;P9;Averses;14.9;12.8;14.5;11.5;06:05;21:31;6.35;7.3;12.6;9.3;3.6;0.0;21.0;57;17.7;49.0;235;3.74
AURILLAC;44.92;2.44;05/06/2026;55;P10;Pluie faible;14.1;8.6;12.7;6.1;06:05;21:32;5.95;7.3;10.65;2.4;8.25;0.0;21.0;59;14.9;39.6;281;20.59
AURILLAC;44.92;2.44;06/06/2026;51;P10;Pluie faible;14.4;7.3;13.0;6.2;06:04;21:33;6.45;7.25;3.0;0.0;3.0;0.0;18.0;37;11.2;32.4;210;19.19
AURILLAC;44.92;2.44;07/06/2026;61;P10;Pluie;11.6;8.1;9.2;4.9;06:04;21:33;3.2;6.85;22.5;3.3;19.2;0.0;21.0;27;18.6;47.2;216;9.23
AURILLAC;44.92;2.44;08/06/2026;53;P10;Pluie faible;13.2;6.7;10.6;2.7;06:04;21:34;7.2;7.2;7.5;2.7;4.8;0.0;21.0;20;23.6;46.4;281;15.85
AURILLAC;44.92;2.44;09/06/2026;3;P4;Nuageux;16.3;7.7;16.2;6.6;06:03;21:35;6.95;7.25;0.0;0.0;0.0;0.0;0.0;27;7.8;32.8;209;24.11
AURILLAC;44.92;2.44;10/06/2026;61;P10;Pluie;13.9;10.4;12.4;9.2;06:03;21:35;7.4;7.35;18.6;1.8;16.8;0.0;18.0;24;15.1;42.5;266;14.42
AURILLAC;44.92;2.44;11/06/2026;3;P4;Nuageux;17.3;7.5;16.2;6.4;06:03;21:36;6.6;7.3;0.0;0.0;0.0;0.0;0.0;18;14.7;38.5;334;27.53
AURILLAC;44.92;2.44;12/06/2026;2;P8;Éclaircies;32.2;10.2;33.3;7.1;06:03;21:36;7.4;7.4;0.0;0.0;0.0;0.0;0.0;;16.6;31.3;98;29.58
GAP;44.55;6.07;28/05/2026;3;P4;Nuageux;29.6;15.2;32.1;14.3;05:56;21:09;7.7;7.7;0.0;0.0;0.0;0.0;0.0;35;14.1;28.4;95;26.8
GAP;44.55;6.07;29/05/2026;96;P10;Orageux;28.9;14.2;29.0;13.8;05:55;21:10;7.35;7.6;1.2;1.1;0.1;0.0;3.0;78;16.4;43.2;222;23.76
GAP;44.55;6.07;30/05/2026;95;P10;Orageux;25.9;13.3;27.4;13.2;05:55;21:11;7.0;7.7;1.45;1.3;0.15;0.0;2.0;45;20.7;42.5;24;22.11
GAP;44.55;6.07;31/05/2026;3;P4;Nuageux;29.2;13.2;29.9;12.9;05:54;21:12;7.7;7.7;0.0;0.0;0.0;0.0;0.0;0;11.8;25.2;303;27.91
GAP;44.55;6.07;01/06/2026;3;P4;Nuageux;27.6;15.1;29.1;15.3;05:53;21:13;7.35;7.75;0.0;0.0;0.0;0.0;0.0;0;6.1;16.6;335;27.93
GAP;44.55;6.07;02/06/2026;3;P4;Nuageux;22.0;13.0;21.4;11.7;05:53;21:14;5.7;7.5;0.6;0.0;0.6;0.0;3.0;25;22.7;45.4;269;18.36
GAP;44.55;6.07;03/06/2026;2;P8;Éclaircies;22.4;11.7;21.0;10.3;05:52;21:14;7.45;7.45;0.0;0.0;0.0;0.0;0.0;28;15.4;31.0;297;29.97
GAP;44.55;6.07;04/06/2026;63;P10;Pluie;20.5;10.3;19.4;8.5;05:52;21:15;7.55;7.55;18.9;17.1;1.5;0.0;9.0;26;7.8;15.1;88;14.28
GAP;44.55;6.07;05/06/2026;63;P10;Pluie;19.5;12.3;19.4;12.0;05:52;21:16;7.5;7.5;25.8;12.0;13.8;0.0;21.0;32;10.3;31.3;301;27.79
GAP;44.55;6.07;06/06/2026;51;P10;Pluie faible;18.0;9.5;17.5;8.7;05:51;21:17;7.45;7.5;3.3;1.5;1.8;0.0;15.0;21;8.7;30.2;12;23.55
GAP;44.55;6.07;07/06/2026;53;P10;Pluie faible;21.6;8.9;19.2;8.1;05:51;21:17;7.5;7.45;7.2;1.5;5.7;0.0;24.0;16;21.2;62.3;167;26.3
GAP;44.55;6.07;08/06/2026;51;P10;Pluie faible;15.0;6.8;12.7;5.0;05:51;21:18;7.45;7.45;1.5;0.6;0.9;0.0;15.0;13;16.4;51.8;300;21.61
GAP;44.55;6.07;09/06/2026;2;P8;Éclaircies;20.0;5.6;19.9;3.3;05:50;21:19;7.45;7.45;0.0;0.0;0.0;0.0;0.0;14;8.1;32.4;279;30.46
GAP;44.55;6.07;10/06/2026;55;P10;Pluie faible;15.0;10.5;14.5;10.0;05:50;21:19;7.5;7.55;8.1;2.1;6.0;0.0;15.0;25;6.2;30.2;101;19.52
GAP;44.55;6.07;11/06/2026;51;P10;Pluie faible;20.7;8.6;21.7;7.4;05:50;21:20;7.3;7.5;0.3;0.3;0.0;0.0;3.0;29;8.8;25.9;328;28.71
GAP;44.55;6.07;12/06/2026;3;P4;Nuageux;29.4;8.6;31.4;7.1;05:50;21:20;7.5;7.55;0.0;0.0;0.0;0.0;0.0;;9.1;18.7;323;28.57
PERPIGNAN;42.69;2.89;28/05/2026;3;P4;Nuageux;38.8;24.8;34.2;24.0;06:15;21:16;7.65;7.65;0.0;0.0;0.0;0.0;0.0;0;28.1;45.7;305;28.65
PERPIGNAN;42.69;2.89;29/05/2026;3;P4;Nuageux;30.8;23.5;30.1;23.2;06:14;21:17;7.65;7.65;0.0;0.0;0.0;0.0;0.0;0;14.9;31.3;88;28.71
PERPIGNAN;42.69;2.89;30/05/2026;3;P4;Nuageux;31.2;20.5;32.9;23.2;06:14;21:17;7.75;7.75;0.0;0.0;0.0;0.0;0.0;0;13.5;27.4;94;26.16
PERPIGNAN;42.69;2.89;31/05/2026;3;P4;Nuageux;35.6;24.9;35.9;22.8;06:13;21:18;7.6;7.6;0.0;0.0;0.0;0.0;0.0;0;28.2;49.3;310;28.92
PERPIGNAN;42.69;2.89;01/06/2026;3;P4;Nuageux;33.9;24.5;35.3;22.8;06:13;21:19;7.7;7.7;0.15;0.15;0.0;0.0;3.0;2;27.8;47.2;310;25.72
PERPIGNAN;42.69;2.89;02/06/2026;61;P10;Pluie;28.0;20.9;28.2;18.3;06:12;21:20;2.85;7.55;8.7;3.3;5.4;0.0;15.0;17;27.0;56.9;296;21.27
PERPIGNAN;42.69;2.89;03/06/2026;2;P8;Éclaircies;26.2;17.4;27.7;14.0;06:12;21:21;7.35;7.35;0.0;0.0;0.0;0.0;0.0;18;31.6;63.0;313;27.98
PERPIGNAN;42.69;2.89;04/06/2026;61;P10;Pluie;22.2;17.9;23.5;16.4;06:11;21:21;7.4;7.4;10.8;5.1;5.7;0.0;9.0;10;20.5;47.5;274;17.35
PERPIGNAN;42.69;2.89;05/06/2026;51;P10;Pluie faible;23.1;15.6;22.3;11.1;06:11;21:22;6.75;7.4;1.8;0.9;0.9;0.0;9.0;23;31.7;63.7;309;26.11
PERPIGNAN;42.69;2.89;06/06/2026;51;P10;Pluie faible;18.6;15.2;17.3;13.9;06:11;21:23;6.2;7.35;0.6;0.0;0.6;0.0;6.0;19;13.0;34.9;55;18.99
PERPIGNAN;42.69;2.89;07/06/2026;51;P10;Pluie faible;19.0;15.8;17.2;12.4;06:10;21:23;7.1;7.3;0.6;0.6;0.0;0.0;6.0;10;30.0;67.0;301;20.59
PERPIGNAN;42.69;2.89;08/06/2026;0;P1;Ensoleillé;23.7;15.5;19.9;11.2;06:10;21:24;7.05;7.35;0.0;0.0;0.0;0.0;0.0;26;28.8;70.6;303;27.52
PERPIGNAN;42.69;2.89;09/06/2026;51;P10;Pluie faible;21.6;15.4;22.4;13.9;06:10;21:25;7.4;7.4;0.9;0.9;0.0;0.0;9.0;19;18.0;49.3;325;27.2
PERPIGNAN;42.69;2.89;10/06/2026;51;P10;Pluie faible;25.8;15.4;26.3;15.6;06:10;21:25;7.45;7.45;0.3;0.3;0.0;0.0;3.0;20;19.0;41.0;303;24.25
PERPIGNAN;42.69;2.89;11/06/2026;3;P4;Nuageux;26.8;17.5;24.9;15.9;06:09;21:26;7.2;7.4;0.0;0.0;0.0;0.0;0.0;29;18.7;47.9;314;28.61
PERPIGNAN;42.69;2.89;12/06/2026;2;P8;Éclaircies;26.4;17.7;27.6;16.8;06:09;21:26;6.8;7.45;0.0;0.0;0.0;0.0;0.0;24;15.8;39.6;82;25.86
MONTPELLIER;43.61;3.87;28/05/2026;2;P8;Éclaircies;35.9;18.9;36.1;19.9;06:08;21:15;7.55;7.55;0.0;0.0;0.0;0.0;0.0;0;14.8;31.3;352;28.94
MONTPELLIER;43.61;3.87;29/05/2026;1;P2;Éclaircies;30.8;20.4;32.4;20.0;06:07;21:16;7.55;7.55;0.0;0.0;0.0;0.0;0.0;0;17.4;37.1;175;28.57
MONTPELLIER;43.61;3.87;30/05/2026;3;P4;Nuageux;29.8;18.5;31.6;20.3;06:07;21:17;7.4;7.6;0.0;0.0;0.0;0.0;0.0;3;17.2;37.1;208;27.11
MONTPELLIER;43.61;3.87;31/05/2026;3;P4;Nuageux;34.0;19.4;35.7;21.7;06:06;21:17;7.55;7.55;0.0;0.0;0.0;0.0;0.0;3;21.8;42.5;309;27.34
MONTPELLIER;43.61;3.87;01/06/2026;3;P4;Nuageux;31.4;21.3;33.3;21.8;06:05;21:18;7.65;7.65;0.0;0.0;0.0;0.0;0.0;1;10.8;23.8;302;27.04
MONTPELLIER;43.61;3.87;02/06/2026;3;P4;Nuageux;26.2;20.5;23.6;18.3;06:05;21:19;4.35;7.5;0.3;0.0;0.3;0.0;3.0;18;24.0;49.7;293;19.14
MONTPELLIER;43.61;3.87;03/06/2026;2;P8;Éclaircies;26.3;16.5;23.8;14.9;06:05;21:20;7.3;7.3;0.0;0.0;0.0;0.0;0.0;20;29.7;55.8;304;26.21
MONTPELLIER;43.61;3.87;04/06/2026;61;P10;Pluie;23.5;17.3;23.9;17.2;06:04;21:21;7.35;7.4;4.2;2.1;2.1;0.0;3.0;12;11.7;23.0;260;9.08
MONTPELLIER;43.61;3.87;05/06/2026;3;P4;Nuageux;23.0;16.1;21.5;13.4;06:04;21:21;6.9;7.35;3.3;2.1;1.2;0.0;3.0;18;21.2;49.7;300;27.54
MONTPELLIER;43.61;3.87;06/06/2026;53;P10;Pluie faible;20.3;14.9;20.1;13.5;06:03;21:22;6.65;7.35;2.1;0.6;1.5;0.0;9.0;12;13.6;39.6;229;24.09
MONTPELLIER;43.61;3.87;07/06/2026;53;P10;Pluie faible;19.2;15.1;18.9;12.1;06:03;21:23;7.25;7.25;7.5;2.4;5.1;0.0;15.0;5;23.0;52.6;277;16.87
MONTPELLIER;43.61;3.87;08/06/2026;1;P2;Éclaircies;21.9;13.1;19.9;10.3;06:03;21:23;7.25;7.3;0.0;0.0;0.0;0.0;0.0;1;25.2;59.0;288;27.2
MONTPELLIER;43.61;3.87;09/06/2026;3;P4;Nuageux;21.5;13.6;22.2;12.7;06:03;21:24;7.25;7.3;0.0;0.0;0.0;0.0;0.0;4;11.1;35.3;232;28.24
MONTPELLIER;43.61;3.87;10/06/2026;51;P10;Pluie faible;24.7;14.9;25.6;15.6;06:02;21:25;7.4;7.4;0.6;0.6;0.0;0.0;6.0;3;14.4;33.1;288;24.04
MONTPELLIER;43.61;3.87;11/06/2026;2;P8;Éclaircies;25.1;15.6;25.2;14.5;06:02;21:25;7.15;7.35;0.0;0.0;0.0;0.0;0.0;10;15.4;32.8;352;29.15
MONTPELLIER;43.61;3.87;12/06/2026;3;P4;Nuageux;29.0;16.8;29.6;14.5;06:02;21:26;7.25;7.4;0.0;0.0;0.0;0.0;0.0;;16.4;32.0;93;28.59
MARSEILLE;43.296;5.381;28/05/2026;3;P4;Nuageux;29.8;21.1;30.9;22.7;06:03;21:08;7.75;7.75;0.0;0.0;0.0;0.0;0.0;0;14.5;24.8;248;28.38
MARSEILLE;43.296;5.381;29/05/2026;3;P4;Nuageux;30.2;21.3;29.7;24.4;06:02;21:09;7.75;7.75;0.0;0.0;0.0;0.0;0.0;35;13.8;31.3;264;27.3
MARSEILLE;43.296;5.381;30/05/2026;3;P4;Nuageux;29.0;22.5;28.5;23.9;06:02;21:09;7.55;7.75;0.0;0.0;0.0;0.0;0.0;10;15.0;30.6;246;26.69
MARSEILLE;43.296;5.381;31/05/2026;2;P8;Éclaircies;30.1;22.7;31.4;22.9;06:01;21:10;7.7;7.7;0.0;0.0;0.0;0.0;0.0;8;13.4;24.1;235;28.52
MARSEILLE;43.296;5.381;01/06/2026;3;P4;Nuageux;33.4;21.8;32.0;22.2;06:01;21:11;7.3;7.75;0.0;0.0;0.0;0.0;0.0;3;24.9;47.5;285;28.58
MARSEILLE;43.296;5.381;02/06/2026;80;P9;Averses;23.4;19.6;26.2;20.2;06:00;21:12;4.05;7.75;4.2;1.5;2.7;0.0;6.0;16;20.6;42.8;180;21.32
MARSEILLE;43.296;5.381;03/06/2026;2;P8;Éclaircies;22.9;18.9;22.4;16.4;06:00;21:13;7.35;7.45;0.0;0.0;0.0;0.0;0.0;18;24.8;60.1;285;29.8
MARSEILLE;43.296;5.381;04/06/2026;63;P10;Pluie;23.0;18.2;25.1;19.5;05:59;21:13;7.55;7.5;8.7;3.9;4.8;0.0;9.0;9;21.8;54.7;151;25.83
MARSEILLE;43.296;5.381;05/06/2026;63;P10;Pluie;21.1;16.9;19.8;15.1;05:59;21:14;7.5;7.5;11.7;4.5;7.2;0.0;9.0;10;22.4;57.6;286;28.67
MARSEILLE;43.296;5.381;06/06/2026;51;P10;Pluie faible;19.9;16.3;21.5;15.6;05:59;21:15;6.85;7.5;1.2;0.3;0.9;0.0;3.0;16;16.7;50.8;243;26.04
MARSEILLE;43.296;5.381;07/06/2026;51;P10;Pluie faible;19.9;16.0;19.3;11.4;05:58;21:16;6.45;7.45;4.2;1.5;2.7;0.0;15.0;13;31.1;69.5;131;23.04
MARSEILLE;43.296;5.381;08/06/2026;1;P2;Éclaircies;20.9;14.1;17.6;9.5;05:58;21:16;7.35;7.45;0.0;0.0;0.0;0.0;0.0;16;29.8;70.6;302;25.92
MARSEILLE;43.296;5.381;09/06/2026;3;P4;Nuageux;20.8;14.9;21.5;12.7;05:58;21:17;7.5;7.5;0.0;0.0;0.0;0.0;0.0;12;16.6;47.9;287;29.57
MARSEILLE;43.296;5.381;10/06/2026;1;P2;Éclaircies;20.7;15.6;21.8;16.6;05:58;21:17;7.55;7.55;0.0;0.0;0.0;0.0;0.0;3;12.9;37.8;201;26.81
MARSEILLE;43.296;5.381;11/06/2026;2;P8;Éclaircies;23.5;16.0;20.3;13.4;05:57;21:18;7.45;7.55;0.0;0.0;0.0;0.0;0.0;8;30.5;76.3;326;29.7
MARSEILLE;43.296;5.381;12/06/2026;3;P4;Nuageux;24.2;16.4;25.0;15.8;05:57;21:18;5.65;7.55;0.0;0.0;0.0;0.0;0.0;10;14.8;56.5;184;24.39
NICE;43.71;7.26;28/05/2026;3;P4;Nuageux;25.2;20.5;28.7;23.0;05:54;21:02;7.55;7.55;0.0;0.0;0.0;0.0;0.0;3;10.8;19.8;104;22.4
NICE;43.71;7.26;29/05/2026;3;P4;Nuageux;25.6;20.9;28.8;23.1;05:53;21:02;7.3;7.45;0.0;0.0;0.0;0.0;0.0;5;9.5;18.4;184;23.99
NICE;43.71;7.26;30/05/2026;3;P4;Nuageux;28.1;21.8;30.4;22.4;05:53;21:03;7.55;7.55;0.0;0.0;0.0;0.0;0.0;0;10.1;15.1;217;25.31
NICE;43.71;7.26;31/05/2026;3;P4;Nuageux;25.3;20.4;29.8;21.4;05:52;21:04;7.45;7.5;0.0;0.0;0.0;0.0;0.0;0;9.8;20.5;138;24.9
NICE;43.71;7.26;01/06/2026;3;P4;Nuageux;25.7;21.6;29.5;24.3;05:52;21:05;7.0;7.45;0.0;0.0;0.0;0.0;0.0;6;11.3;24.5;112;23.66
NICE;43.71;7.26;02/06/2026;3;P4;Nuageux;31.3;21.3;30.3;23.2;05:51;21:06;5.35;7.45;0.0;0.0;0.0;0.0;0.0;40;21.3;39.6;248;24.09
NICE;43.71;7.26;03/06/2026;1;P2;Éclaircies;26.4;20.1;28.4;19.1;05:51;21:07;7.05;7.15;0.0;0.0;0.0;0.0;0.0;40;11.8;24.5;108;27.13
NICE;43.71;7.26;04/06/2026;61;P10;Pluie;25.1;19.4;25.4;19.4;05:50;21:07;7.2;7.35;4.8;4.8;0.0;0.0;6.0;20;19.2;40.7;226;19.78
NICE;43.71;7.26;05/06/2026;63;P10;Pluie;26.9;17.6;25.2;18.1;05:50;21:08;7.3;7.3;18.0;4.95;13.05;0.0;9.0;20;24.3;55.8;242;25.66
NICE;43.71;7.26;06/06/2026;1;P2;Éclaircies;22.6;16.2;21.6;15.8;05:50;21:09;7.3;7.3;0.0;0.0;0.0;0.0;0.0;15;24.8;60.1;217;27.59
NICE;43.71;7.26;07/06/2026;51;P10;Pluie faible;22.5;15.7;24.4;15.7;05:49;21:10;7.1;7.3;1.2;0.6;0.6;0.0;6.0;6;14.2;39.6;96;28.0
NICE;43.71;7.26;08/06/2026;1;P2;Éclaircies;25.8;15.0;23.7;11.7;05:49;21:10;7.2;7.2;0.0;0.0;0.0;0.0;0.0;4;20.4;54.0;252;29.12
NICE;43.71;7.26;09/06/2026;3;P4;Nuageux;22.3;15.0;23.8;13.0;05:49;21:11;7.05;7.15;0.0;0.0;0.0;0.0;0.0;8;7.7;30.2;52;29.37
NICE;43.71;7.26;10/06/2026;51;P10;Pluie faible;22.4;16.4;25.0;16.7;05:49;21:11;7.3;7.3;0.6;0.6;0.0;0.0;6.0;8;13.8;46.8;188;27.3
NICE;43.71;7.26;11/06/2026;3;P4;Nuageux;23.1;17.2;25.1;15.9;05:48;21:12;7.3;7.3;0.0;0.0;0.0;0.0;0.0;18;7.6;37.4;300;27.68
NICE;43.71;7.26;12/06/2026;3;P4;Nuageux;27.4;18.8;28.8;18.5;05:48;21:12;6.65;7.4;0.0;0.0;0.0;0.0;0.0;;11.2;27.0;87;27.3
AJACCIO;41.92;8.73;28/05/2026;0;P1;Ensoleillé;26.6;16.8;28.8;16.8;05:54;20:50;7.95;7.95;0.0;0.0;0.0;0.0;0.0;0;9.3;21.6;193;28.11
AJACCIO;41.92;8.73;29/05/2026;3;P4;Nuageux;27.7;17.5;29.8;17.8;05:53;20:51;7.85;7.85;0.0;0.0;0.0;0.0;0.0;8;10.1;23.4;289;26.88
AJACCIO;41.92;8.73;30/05/2026;3;P4;Nuageux;27.8;19.6;30.5;21.0;05:53;20:52;7.85;7.85;0.0;0.0;0.0;0.0;0.0;0;11.4;26.3;280;27.15
AJACCIO;41.92;8.73;31/05/2026;3;P4;Nuageux;26.9;19.1;29.8;21.2;05:52;20:52;7.9;7.9;0.0;0.0;0.0;0.0;0.0;0;12.6;28.4;224;27.94
AJACCIO;41.92;8.73;01/06/2026;3;P4;Nuageux;25.4;19.0;28.7;19.8;05:52;20:53;7.85;7.85;0.0;0.0;0.0;0.0;0.0;3;13.4;31.3;176;25.99
AJACCIO;41.92;8.73;02/06/2026;3;P4;Nuageux;25.0;17.6;27.5;17.6;05:51;20:54;7.95;7.95;0.0;0.0;0.0;0.0;0.0;10;12.0;24.9;193;21.65
AJACCIO;41.92;8.73;03/06/2026;3;P4;Nuageux;23.0;20.1;24.5;21.4;05:51;20:55;7.55;7.55;0.0;0.0;0.0;0.0;0.0;15;19.2;37.1;305;24.2
AJACCIO;41.92;8.73;04/06/2026;3;P4;Nuageux;24.9;19.0;26.7;19.6;05:50;20:55;7.65;7.65;0.0;0.0;0.0;0.0;0.0;12;11.2;25.9;251;22.4
AJACCIO;41.92;8.73;05/06/2026;61;P10;Pluie;22.8;16.4;24.2;16.3;05:50;20:56;7.7;7.7;7.05;2.1;4.95;0.0;9.0;24;13.5;43.6;209;24.78
AJACCIO;41.92;8.73;06/06/2026;0;P1;Ensoleillé;24.1;13.9;27.0;13.2;05:50;20:57;7.7;7.7;0.0;0.0;0.0;0.0;0.0;9;7.2;23.4;55;28.96
AJACCIO;41.92;8.73;07/06/2026;51;P10;Pluie faible;27.1;16.8;30.0;16.6;05:49;20:57;7.6;7.65;0.6;0.3;0.3;0.0;3.0;7;12.9;33.1;232;27.12
AJACCIO;41.92;8.73;08/06/2026;51;P10;Pluie faible;19.9;15.1;18.1;14.6;05:49;20:58;7.6;7.65;0.6;0.3;0.3;0.0;3.0;6;21.4;53.3;295;25.83
AJACCIO;41.92;8.73;09/06/2026;0;P1;Ensoleillé;22.0;12.8;23.0;11.8;05:49;20:59;7.65;7.65;0.0;0.0;0.0;0.0;0.0;2;13.4;35.6;195;29.67
AJACCIO;41.92;8.73;10/06/2026;3;P4;Nuageux;24.4;14.6;25.6;14.0;05:49;20:59;7.7;7.7;0.0;0.0;0.0;0.0;0.0;2;10.8;28.1;342;28.44
AJACCIO;41.92;8.73;11/06/2026;2;P8;Éclaircies;24.2;14.8;24.6;12.8;05:49;21:00;7.75;7.75;0.0;0.0;0.0;0.0;0.0;8;12.6;32.0;264;29.25
AJACCIO;41.92;8.73;12/06/2026;3;P4;Nuageux;25.3;14.9;26.7;15.1;05:49;21:00;6.95;7.7;0.0;0.0;0.0;0.0;0.0;10;11.7;18.7;322;26.7
BASTIA;42.69;9.45;28/05/2026;3;P4;Nuageux;26.3;18.9;29.6;18.7;05:49;20:49;7.65;7.75;0.0;0.0;0.0;0.0;0.0;10;10.5;23.4;39;27.19
BASTIA;42.69;9.45;29/05/2026;80;P9;Averses;25.6;20.0;28.1;22.2;05:48;20:50;7.35;7.6;0.2;0.0;0.2;0.0;1.0;38;9.4;22.7;85;24.27
BASTIA;42.69;9.45;30/05/2026;3;P4;Nuageux;28.5;20.2;31.8;22.6;05:48;20:51;7.65;7.65;0.0;0.0;0.0;0.0;0.0;0;9.6;25.2;225;27.84
BASTIA;42.69;9.45;31/05/2026;3;P4;Nuageux;27.5;20.1;32.2;21.8;05:47;20:52;7.65;7.65;0.0;0.0;0.0;0.0;0.0;0;10.6;26.3;68;27.06
BASTIA;42.69;9.45;01/06/2026;3;P4;Nuageux;25.5;20.6;29.6;22.8;05:47;20:53;7.65;7.65;0.0;0.0;0.0;0.0;0.0;0;8.8;21.2;77;25.32
BASTIA;42.69;9.45;02/06/2026;45;brouillards;Brouillard;28.6;19.6;31.5;22.2;05:46;20:53;7.7;7.7;0.0;0.0;0.0;0.0;0.0;9;16.3;40.7;255;22.61
BASTIA;42.69;9.45;03/06/2026;3;P4;Nuageux;26.0;21.9;24.7;21.4;05:46;20:54;7.15;7.3;0.0;0.0;0.0;0.0;0.0;11;29.7;57.2;262;29.49
BASTIA;42.69;9.45;04/06/2026;61;P10;Pluie;27.7;20.3;28.0;19.7;05:45;20:55;7.45;7.5;2.1;2.1;0.0;0.0;6.0;5;26.0;52.6;269;26.46
BASTIA;42.69;9.45;05/06/2026;51;P10;Pluie faible;26.8;19.8;30.1;17.3;05:45;20:56;7.5;7.5;2.85;1.5;1.35;0.0;15.0;30;16.6;63.7;302;25.91
BASTIA;42.69;9.45;06/06/2026;0;P1;Ensoleillé;27.0;18.7;29.2;16.4;05:45;20:56;7.5;7.5;0.0;0.0;0.0;0.0;0.0;24;11.2;54.0;325;28.57
BASTIA;42.69;9.45;07/06/2026;1;P2;Éclaircies;26.6;18.1;30.2;20.1;05:44;20:57;7.45;7.45;0.0;0.0;0.0;0.0;0.0;7;13.4;53.3;75;26.55
BASTIA;42.69;9.45;08/06/2026;0;P1;Ensoleillé;25.1;18.0;23.2;14.6;05:44;20:58;7.3;7.4;0.0;0.0;0.0;0.0;0.0;6;23.6;92.5;265;28.9
BASTIA;42.69;9.45;09/06/2026;1;P2;Éclaircies;25.2;17.6;27.3;16.6;05:44;20:58;7.45;7.45;0.0;0.0;0.0;0.0;0.0;15;7.8;76.7;99;28.72
BASTIA;42.69;9.45;10/06/2026;3;P4;Nuageux;25.8;16.8;28.1;17.7;05:44;20:59;7.45;7.45;0.0;0.0;0.0;0.0;0.0;10;5.5;25.9;304;26.63
BASTIA;42.69;9.45;11/06/2026;1;P2;Éclaircies;27.1;17.9;27.0;17.5;05:44;20:59;7.5;7.5;0.0;0.0;0.0;0.0;0.0;24;7.5;33.8;330;28.9
BASTIA;42.69;9.45;12/06/2026;3;P4;Nuageux;28.2;17.2;30.3;17.0;05:43;21:00;6.85;7.5;0.0;0.0;0.0;0.0;0.0;14;8.8;23.4;235;27.35
ALENÇON;48.43;0.09;28/05/2026;3;P4;Nuageux;31.6;18.5;32.7;20.1;06:05;21:48;6.75;7.15;0.0;0.0;0.0;0.0;0.0;10;9.7;18.4;137;24.12
ALENÇON;48.43;0.09;29/05/2026;3;P4;Nuageux;31.8;19.6;33.0;20.7;06:04;21:49;6.75;7.25;0.0;0.0;0.0;0.0;0.0;0;10.7;19.8;154;25.71
ALENÇON;48.43;0.09;30/05/2026;3;P4;Nuageux;32.4;17.2;34.0;16.0;06:03;21:50;7.05;7.2;0.03;0.0;0.03;0.0;1.0;8;18.1;34.9;326;25.69
ALENÇON;48.43;0.09;31/05/2026;3;P4;Nuageux;21.8;13.2;20.1;12.2;06:03;21:51;6.05;7.2;0.0;0.0;0.0;0.0;0.0;8;23.6;42.1;294;18.05
ALENÇON;48.43;0.09;01/06/2026;3;P4;Nuageux;23.6;11.9;22.2;11.5;06:02;21:52;6.85;7.25;0.0;0.0;0.0;0.0;0.0;28;20.2;38.9;227;21.56
ALENÇON;48.43;0.09;02/06/2026;80;P9;Averses;20.3;14.3;16.0;12.7;06:01;21:53;4.9;7.0;2.4;0.0;2.4;0.0;9.0;65;31.0;57.6;258;20.1
ALENÇON;48.43;0.09;03/06/2026;3;P4;Nuageux;19.4;12.0;15.7;9.6;06:01;21:54;1.1;6.7;0.6;0.3;0.3;0.0;6.0;51;30.1;51.1;230;16.06
ALENÇON;48.43;0.09;04/06/2026;95;P10;Orageux;18.3;13.2;15.1;11.9;06:00;21:55;5.25;6.85;9.6;0.0;9.6;0.0;18.0;59;31.7;61.9;238;17.05
ALENÇON;48.43;0.09;05/06/2026;53;P10;Pluie faible;16.9;10.2;15.8;8.4;06:00;21:56;4.9;6.85;4.2;0.75;3.45;0.0;18.0;55;15.2;36.4;251;21.86
ALENÇON;48.43;0.09;06/06/2026;51;P10;Pluie faible;15.9;8.2;14.1;6.6;05:59;21:57;5.5;6.9;1.8;0.3;1.5;0.0;18.0;38;15.5;36.7;213;23.16
ALENÇON;48.43;0.09;07/06/2026;61;P10;Pluie;13.5;9.3;11.8;8.4;05:59;21:57;5.95;6.7;19.8;7.8;12.0;0.0;24.0;24;17.8;38.2;354;7.19
ALENÇON;48.43;0.09;08/06/2026;53;P10;Pluie faible;15.7;11.0;15.1;8.8;05:58;21:58;5.95;6.75;5.7;1.5;4.2;0.0;15.0;29;16.9;42.5;291;21.39
ALENÇON;48.43;0.09;09/06/2026;53;P10;Pluie faible;13.1;9.8;11.8;8.7;05:58;21:59;6.0;6.85;6.0;4.5;1.5;0.0;15.0;27;9.5;25.9;222;11.82
ALENÇON;48.43;0.09;10/06/2026;55;P10;Pluie faible;17.2;10.4;16.2;9.0;05:58;21:59;5.2;6.9;9.0;3.3;5.7;0.0;21.0;28;14.0;33.5;349;22.01
ALENÇON;48.43;0.09;11/06/2026;3;P4;Nuageux;18.0;8.9;17.5;7.4;05:57;22:00;5.45;6.95;0.0;0.0;0.0;0.0;0.0;29;9.1;28.4;276;23.72
ALENÇON;48.43;0.09;12/06/2026;3;P4;Nuageux;28.1;11.1;30.4;10.2;05:57;22:01;6.2;7.0;0.0;0.0;0.0;0.0;0.0;;19.8;33.1;36;25.43
BOURG-ST-M.;45.62;6.77;28/05/2026;81;P9;Averses;29.1;15.8;30.4;14.3;05:49;21:10;7.95;7.95;4.8;4.7;0.0;0.0;2.0;55;16.9;53.3;298;27.32
BOURG-ST-M.;45.62;6.77;29/05/2026;2;P8;Éclaircies;29.2;15.6;29.4;14.4;05:48;21:11;7.8;7.8;0.0;0.0;0.0;0.0;0.0;98;11.3;22.3;325;28.32
BOURG-ST-M.;45.62;6.77;30/05/2026;3;P4;Nuageux;28.3;16.2;28.6;14.9;05:48;21:12;7.35;7.9;0.03;0.0;0.03;0.0;1.0;86;9.0;17.3;310;25.58
BOURG-ST-M.;45.62;6.77;31/05/2026;3;P4;Nuageux;24.2;15.3;25.5;14.9;05:47;21:13;7.8;7.85;0.5;0.0;0.3;0.0;5.0;65;7.9;22.3;242;21.74
BOURG-ST-M.;45.62;6.77;01/06/2026;3;P4;Nuageux;22.9;14.0;23.1;14.4;05:47;21:14;7.45;7.95;0.0;0.0;0.0;0.0;0.0;27;8.0;20.2;239;25.14
BOURG-ST-M.;45.62;6.77;02/06/2026;80;P9;Averses;19.9;13.2;20.1;12.5;05:46;21:15;6.8;7.9;14.1;8.7;5.4;0.0;9.0;80;15.2;59.0;281;16.34
BOURG-ST-M.;45.62;6.77;03/06/2026;61;P10;Pluie;17.3;11.7;15.8;10.7;05:46;21:16;6.4;7.5;0.9;0.6;0.0;0.0;9.0;90;12.4;33.5;281;18.72
BOURG-ST-M.;45.62;6.77;04/06/2026;63;P10;Pluie;20.0;12.6;19.3;10.5;05:45;21:16;7.65;7.7;27.3;26.7;0.3;0.0;9.0;59;10.7;36.7;221;17.87
BOURG-ST-M.;45.62;6.77;05/06/2026;61;P10;Pluie;14.1;11.3;13.7;10.2;05:45;21:17;7.5;7.65;22.35;18.15;4.2;0.0;24.0;73;6.7;31.1;300;12.77
BOURG-ST-M.;45.62;6.77;06/06/2026;53;P10;Pluie faible;15.9;9.3;15.8;7.3;05:44;21:18;7.25;7.65;5.1;1.2;3.9;0.0;21.0;59;5.1;40.7;264;23.11
BOURG-ST-M.;45.62;6.77;07/06/2026;71;P12;Neige;20.4;6.9;20.4;5.5;05:44;21:19;6.25;7.55;19.2;4.5;14.4;0.21;9.0;49;11.0;78.1;135;24.77
BOURG-ST-M.;45.62;6.77;08/06/2026;75;P12;Neige;7.1;5.0;5.8;3.4;05:44;21:19;4.2;7.3;26.4;1.5;1.2;16.59;21.0;28;4.0;41.8;308;6.74
BOURG-ST-M.;45.62;6.77;09/06/2026;51;P10;Pluie faible;15.1;3.2;16.6;0.7;05:43;21:20;7.55;7.6;0.3;0.3;0.0;0.0;3.0;38;4.9;25.2;46;32.07
BOURG-ST-M.;45.62;6.77;10/06/2026;55;P10;Pluie faible;12.8;8.3;12.6;6.9;05:43;21:21;7.7;7.7;13.5;4.8;8.7;0.0;24.0;45;4.3;37.8;54;13.5
BOURG-ST-M.;45.62;6.77;11/06/2026;53;P10;Pluie faible;17.3;8.8;16.3;8.3;05:43;21:21;7.65;7.7;2.4;0.9;1.5;0.0;9.0;49;6.2;28.1;327;19.45
BOURG-ST-M.;45.62;6.77;12/06/2026;51;P10;Pluie faible;26.6;7.3;26.5;5.8;05:43;21:22;5.2;7.6;0.9;0.3;0.6;0.0;6.0;;10.1;24.3;315;20.79
AGEN;44.2;0.61;28/05/2026;3;P4;Nuageux;35.5;18.2;37.5;20.3;06:19;21:30;7.45;7.45;0.0;0.0;0.0;0.0;0.0;0;16.1;27.4;31;28.89
AGEN;44.2;0.61;29/05/2026;3;P4;Nuageux;35.1;17.9;37.2;18.5;06:18;21:31;7.45;7.45;0.0;0.0;0.0;0.0;0.0;0;10.0;16.2;348;29.2
AGEN;44.2;0.61;30/05/2026;45;brouillards;Brouillard;30.9;18.5;34.1;20.0;06:18;21:32;7.55;7.55;0.0;0.0;0.0;0.0;0.0;0;15.9;31.3;274;23.73
AGEN;44.2;0.61;31/05/2026;3;P4;Nuageux;26.2;18.3;26.8;19.3;06:17;21:33;6.35;7.4;0.0;0.0;0.0;0.0;0.0;0;14.7;28.8;292;17.81
AGEN;44.2;0.61;01/06/2026;3;P4;Nuageux;27.2;14.7;27.9;15.5;06:16;21:33;7.35;7.55;0.0;0.0;0.0;0.0;0.0;1;11.5;22.7;310;22.82
AGEN;44.2;0.61;02/06/2026;3;P4;Nuageux;23.9;15.9;20.7;14.9;06:16;21:34;3.35;7.0;1.8;0.3;1.5;0.0;3.0;30;28.2;51.8;274;15.52
AGEN;44.2;0.61;03/06/2026;3;P4;Nuageux;20.5;14.2;19.6;13.6;06:15;21:35;7.0;7.15;0.0;0.0;0.0;0.0;0.0;20;20.2;37.8;254;11.63
AGEN;44.2;0.61;04/06/2026;80;P9;Averses;22.2;16.0;19.8;15.0;06:15;21:36;6.35;7.15;2.1;0.3;1.8;0.0;9.0;28;24.9;46.1;256;8.37
AGEN;44.2;0.61;05/06/2026;53;P10;Pluie faible;19.5;12.1;18.0;10.4;06:15;21:37;5.8;7.1;4.8;1.05;3.75;0.0;15.0;40;16.2;46.8;265;20.16
AGEN;44.2;0.61;06/06/2026;51;P10;Pluie faible;19.6;11.3;20.2;10.1;06:14;21:37;6.8;7.1;1.2;0.0;1.2;0.0;12.0;22;13.6;32.0;207;24.06
AGEN;44.2;0.61;07/06/2026;61;P10;Pluie;17.0;12.2;14.8;8.9;06:14;21:38;3.75;6.85;11.1;3.9;7.2;0.0;21.0;16;28.9;64.8;258;21.7
AGEN;44.2;0.61;08/06/2026;51;P10;Pluie faible;19.0;11.0;17.7;7.7;06:14;21:39;5.5;7.0;3.9;1.5;2.4;0.0;21.0;10;23.3;56.5;274;24.34
AGEN;44.2;0.61;09/06/2026;51;P10;Pluie faible;19.9;10.4;19.9;10.1;06:13;21:39;7.2;7.2;0.3;0.0;0.3;0.0;3.0;15;7.8;32.0;70;22.12
AGEN;44.2;0.61;10/06/2026;51;P10;Pluie faible;20.5;13.2;19.6;13.1;06:13;21:40;7.25;7.25;2.1;1.8;0.3;0.0;21.0;20;17.7;40.7;268;19.39
AGEN;44.2;0.61;11/06/2026;2;P8;Éclaircies;22.4;11.6;23.5;11.0;06:13;21:40;6.05;7.2;0.0;0.0;0.0;0.0;0.0;16;11.6;37.1;328;27.68
AGEN;44.2;0.61;12/06/2026;3;P4;Nuageux;33.1;13.6;37.0;11.9;06:13;21:41;7.3;7.3;0.0;0.0;0.0;0.0;0.0;;14.0;28.8;80;28.8
LAON;49.56;3.62;28/05/2026;3;P4;Nuageux;31.9;17.2;32.8;16.4;05:46;21:39;6.95;7.0;0.0;0.0;0.0;0.0;0.0;14;10.1;24.8;93;28.52
LAON;49.56;3.62;29/05/2026;3;P4;Nuageux;32.6;22.0;33.1;22.0;05:45;21:40;6.35;7.1;0.0;0.0;0.0;0.0;0.0;6;12.6;31.0;210;25.74
LAON;49.56;3.62;30/05/2026;3;P4;Nuageux;33.8;23.2;35.6;24.2;05:44;21:41;6.95;7.05;0.0;0.0;0.0;0.0;0.0;31;11.2;27.4;225;26.73
LAON;49.56;3.62;31/05/2026;61;P10;Pluie;26.8;16.8;29.1;15.6;05:44;21:42;6.35;7.05;1.7;1.7;0.0;0.0;3.0;24;40.3;83.9;282;20.28
LAON;49.56;3.62;01/06/2026;3;P4;Nuageux;22.4;13.0;22.6;11.9;05:43;21:43;6.2;7.1;0.0;0.0;0.0;0.0;0.0;14;13.3;29.9;250;22.6
LAON;49.56;3.62;02/06/2026;51;P10;Pluie faible;20.6;15.1;19.5;14.3;05:42;21:44;5.2;6.75;3.9;1.8;2.1;0.0;21.0;91;20.4;45.0;238;21.1
LAON;49.56;3.62;03/06/2026;61;P10;Pluie;17.5;11.9;15.1;10.3;05:41;21:45;5.15;6.75;12.9;3.3;9.6;0.0;12.0;68;26.1;58.0;207;15.71
LAON;49.56;3.62;04/06/2026;55;P10;Pluie faible;18.0;12.4;15.6;9.1;05:41;21:46;6.05;6.75;11.4;3.9;7.5;0.0;24.0;95;26.2;59.8;217;20.01
LAON;49.56;3.62;05/06/2026;53;P10;Pluie faible;16.5;11.8;15.6;10.8;05:40;21:47;5.05;6.75;7.2;4.5;2.7;0.0;21.0;60;14.6;36.0;246;16.54
LAON;49.56;3.62;06/06/2026;51;P10;Pluie faible;15.6;10.6;13.7;8.8;05:40;21:48;4.6;6.7;1.2;0.0;1.2;0.0;12.0;51;17.1;37.1;221;21.43
LAON;49.56;3.62;07/06/2026;61;P10;Pluie;17.8;9.8;16.4;8.7;05:39;21:48;2.65;6.6;9.9;5.1;4.8;0.0;9.0;33;17.7;40.0;59;18.09
LAON;49.56;3.62;08/06/2026;61;P10;Pluie;18.3;11.6;17.0;8.6;05:39;21:49;6.4;6.6;19.8;10.5;9.3;0.0;24.0;27;24.6;47.9;322;20.3
LAON;49.56;3.62;09/06/2026;51;P10;Pluie faible;16.5;10.9;14.5;9.8;05:39;21:50;6.45;6.7;2.4;1.5;0.9;0.0;18.0;23;16.3;36.4;245;21.02
LAON;49.56;3.62;10/06/2026;61;P10;Pluie;14.4;11.5;14.5;11.1;05:38;21:51;6.4;6.8;14.7;6.3;8.4;0.0;21.0;43;9.1;23.4;279;10.82
LAON;49.56;3.62;11/06/2026;51;P10;Pluie faible;18.8;9.9;19.3;8.8;05:38;21:51;6.45;6.8;0.6;0.6;0.0;0.0;6.0;29;8.9;25.2;269;25.91
LAON;49.56;3.62;12/06/2026;51;P10;Pluie faible;26.3;11.1;29.2;10.7;05:38;21:52;6.5;6.9;0.3;0.0;0.3;0.0;3.0;;9.3;22.9;104;27.07
CAEN;49.18;-0.37;28/05/2026;80;P9;Averses;33.1;20.8;34.9;22.7;06:04;21:53;6.95;7.05;0.2;0.0;0.2;0.0;2.0;10;10.8;24.8;177;22.56
CAEN;49.18;-0.37;29/05/2026;3;P4;Nuageux;25.1;17.8;27.8;17.7;06:03;21:54;6.05;7.1;0.0;0.0;0.0;0.0;0.0;3;11.5;27.0;351;23.53
CAEN;49.18;-0.37;30/05/2026;3;P4;Nuageux;24.9;16.2;27.8;15.6;06:02;21:55;6.8;7.05;0.0;0.0;0.0;0.0;0.0;3;14.8;31.0;336;25.56
CAEN;49.18;-0.37;31/05/2026;3;P4;Nuageux;21.4;13.5;19.2;12.2;06:01;21:56;5.9;7.05;0.0;0.0;0.0;0.0;0.0;13;24.9;50.0;278;16.44
CAEN;49.18;-0.37;01/06/2026;3;P4;Nuageux;23.0;14.3;21.2;14.1;06:00;21:57;6.25;7.15;0.3;0.0;0.3;0.0;3.0;53;17.8;39.2;236;14.67
CAEN;49.18;-0.37;02/06/2026;80;P9;Averses;19.3;14.8;17.7;11.9;06:00;21:58;5.05;6.85;2.4;0.0;2.25;0.0;15.0;60;35.4;73.8;254;20.88
CAEN;49.18;-0.37;03/06/2026;80;P9;Averses;20.4;13.4;17.3;11.0;05:59;21:59;1.8;6.6;0.9;0.3;0.6;0.0;6.0;57;27.2;54.7;237;16.58
CAEN;49.18;-0.37;04/06/2026;3;P4;Nuageux;19.9;14.5;16.0;11.5;05:59;22:00;6.45;6.8;0.0;0.0;0.0;0.0;0.0;60;34.9;64.1;245;21.05
CAEN;49.18;-0.37;05/06/2026;51;P10;Pluie faible;16.0;11.6;15.1;10.0;05:58;22:01;6.4;6.75;2.4;1.2;1.2;0.0;12.0;62;19.7;38.2;252;23.64
CAEN;49.18;-0.37;06/06/2026;51;P10;Pluie faible;17.4;10.1;16.4;8.1;05:58;22:02;5.75;6.75;1.5;0.0;1.5;0.0;15.0;42;13.6;33.5;215;25.27
CAEN;49.18;-0.37;07/06/2026;51;P10;Pluie faible;15.0;10.4;13.1;9.0;05:57;22:03;6.5;6.6;3.6;0.6;3.0;0.0;24.0;30;17.1;39.2;4;13.53
CAEN;49.18;-0.37;08/06/2026;53;P10;Pluie faible;16.6;12.7;16.0;10.6;05:57;22:03;6.25;6.65;4.5;1.8;2.7;0.0;15.0;31;17.6;37.4;292;22.29
CAEN;49.18;-0.37;09/06/2026;51;P10;Pluie faible;13.9;11.1;13.0;9.5;05:56;22:04;5.95;6.75;3.3;2.7;0.6;0.0;15.0;24;11.6;27.7;242;9.56
CAEN;49.18;-0.37;10/06/2026;51;P10;Pluie faible;17.0;10.6;16.7;9.8;05:56;22:05;5.85;6.85;2.1;0.9;1.2;0.0;9.0;30;13.6;37.4;310;27.01
CAEN;49.18;-0.37;11/06/2026;3;P4;Nuageux;18.9;11.2;18.0;9.7;05:56;22:05;5.75;6.85;0.0;0.0;0.0;0.0;0.0;22;12.2;32.0;249;21.72
CAEN;49.18;-0.37;12/06/2026;2;P8;Éclaircies;25.8;12.0;27.5;11.1;05:56;22:06;5.8;6.9;0.0;0.0;0.0;0.0;0.0;;17.4;26.6;71;26.01
POITIERS;46.58;0.34;28/05/2026;2;P8;Éclaircies;34.6;19.2;36.1;20.6;06:11;21:40;7.4;7.4;0.0;0.0;0.0;0.0;0.0;5;10.2;25.6;73;28.89
POITIERS;46.58;0.34;29/05/2026;3;P4;Nuageux;34.2;19.6;34.2;20.6;06:11;21:41;7.35;7.5;0.0;0.0;0.0;0.0;0.0;0;10.1;24.1;95;27.27
POITIERS;46.58;0.34;30/05/2026;3;P4;Nuageux;32.7;20.2;34.4;20.9;06:10;21:42;7.45;7.45;0.0;0.0;0.0;0.0;0.0;3;15.9;33.7;226;25.85
POITIERS;46.58;0.34;31/05/2026;3;P4;Nuageux;24.7;15.0;24.0;14.2;06:09;21:42;6.6;7.45;0.0;0.0;0.0;0.0;0.0;3;13.6;29.2;307;21.77
POITIERS;46.58;0.34;01/06/2026;3;P4;Nuageux;25.3;14.3;24.0;14.8;06:09;21:43;7.4;7.5;0.0;0.0;0.0;0.0;0.0;3;16.9;36.7;261;22.79
POITIERS;46.58;0.34;02/06/2026;80;P9;Averses;22.0;15.4;19.0;13.8;06:08;21:44;7.15;7.3;7.5;4.8;2.7;0.0;6.0;55;29.0;54.7;251;21.03
POITIERS;46.58;0.34;03/06/2026;80;P9;Averses;19.2;13.1;16.8;12.1;06:08;21:45;2.7;7.1;0.9;0.3;0.6;0.0;6.0;36;22.2;44.3;222;7.93
POITIERS;46.58;0.34;04/06/2026;80;P9;Averses;20.3;14.5;16.2;12.8;06:07;21:46;6.45;7.1;1.5;0.0;1.5;0.0;3.0;45;34.6;70.9;238;19.56
POITIERS;46.58;0.34;05/06/2026;51;P10;Pluie faible;18.0;11.1;15.5;9.8;06:07;21:47;6.15;7.1;1.35;0.0;1.35;0.0;15.0;38;19.9;49.3;248;22.22
POITIERS;46.58;0.34;06/06/2026;53;P10;Pluie faible;17.5;9.9;15.4;8.3;06:06;21:48;5.55;7.0;3.6;1.2;2.4;0.0;12.0;24;18.0;48.6;212;24.87
POITIERS;46.58;0.34;07/06/2026;55;P10;Pluie faible;14.8;10.5;12.6;8.3;06:06;21:48;4.2;6.9;17.7;7.2;10.5;0.0;21.0;14;22.4;49.7;293;14.4
POITIERS;46.58;0.34;08/06/2026;53;P10;Pluie faible;18.5;10.4;16.1;8.4;06:05;21:49;4.85;7.0;2.1;1.2;0.9;0.0;9.0;20;19.8;49.3;273;23.22
POITIERS;46.58;0.34;09/06/2026;51;P10;Pluie faible;16.4;10.4;16.1;9.3;06:05;21:50;2.7;7.05;2.4;1.5;0.9;0.0;15.0;14;11.2;39.6;234;12.96
POITIERS;46.58;0.34;10/06/2026;53;P10;Pluie faible;18.8;12.3;17.0;11.4;06:05;21:50;7.2;7.2;6.6;1.5;5.1;0.0;21.0;16;16.4;38.9;294;21.19
POITIERS;46.58;0.34;11/06/2026;3;P4;Nuageux;20.6;10.4;21.6;9.5;06:05;21:51;4.2;7.2;0.0;0.0;0.0;0.0;0.0;18;9.8;31.3;339;28.78
POITIERS;46.58;0.34;12/06/2026;1;P2;Éclaircies;33.2;12.2;33.5;10.8;06:04;21:51;7.25;7.25;0.0;0.0;0.0;0.0;0.0;;16.9;28.1;202;29.23
BESANÇON;47.23;6.02;28/05/2026;2;P8;Éclaircies;30.0;17.1;30.2;16.8;05:46;21:19;7.05;7.1;0.0;0.0;0.0;0.0;0.0;0;18.1;37.4;56;27.12
BESANÇON;47.23;6.02;29/05/2026;1;P2;Éclaircies;31.4;16.9;30.2;15.4;05:45;21:20;7.1;7.1;0.0;0.0;0.0;0.0;0.0;0;17.7;36.4;63;28.69
BESANÇON;47.23;6.02;30/05/2026;3;P4;Nuageux;31.0;14.8;31.2;13.0;05:45;21:21;6.4;7.15;0.0;0.0;0.0;0.0;0.0;0;9.1;19.8;174;25.04
BESANÇON;47.23;6.02;31/05/2026;80;P9;Averses;25.4;18.3;25.6;18.5;05:44;21:22;6.45;7.1;3.0;0.0;3.0;0.0;5.0;85;17.6;46.1;229;20.98
BESANÇON;47.23;6.02;01/06/2026;3;P4;Nuageux;24.8;16.2;24.7;16.5;05:43;21:23;7.0;7.1;0.0;0.0;0.0;0.0;0.0;29;7.2;18.4;254;22.05
BESANÇON;47.23;6.02;02/06/2026;95;P10;Orageux;19.8;15.7;19.7;15.0;05:43;21:24;5.25;6.95;10.65;4.35;6.6;0.0;15.0;86;21.3;52.5;218;12.0
BESANÇON;47.23;6.02;03/06/2026;80;P9;Averses;21.3;13.7;18.6;12.0;05:42;21:25;5.55;6.7;4.5;0.0;4.5;0.0;12.0;90;19.8;43.2;232;20.53
BESANÇON;47.23;6.02;04/06/2026;95;P10;Orageux;20.0;15.4;18.6;14.1;05:42;21:26;6.2;6.9;9.6;6.3;3.3;0.0;9.0;58;22.1;51.5;211;11.89
BESANÇON;47.23;6.02;05/06/2026;61;P10;Pluie;16.9;12.4;16.1;10.5;05:41;21:27;5.2;6.95;24.45;8.1;16.35;0.0;21.0;58;17.6;42.8;219;17.01
BESANÇON;47.23;6.02;06/06/2026;51;P10;Pluie faible;18.1;12.0;18.3;10.4;05:41;21:28;6.8;6.85;3.0;1.2;1.8;0.0;18.0;45;13.5;38.9;220;27.18
BESANÇON;47.23;6.02;07/06/2026;61;P10;Pluie;16.0;11.2;15.8;8.0;05:40;21:28;4.3;6.65;22.8;7.8;15.0;0.0;21.0;35;21.5;51.8;132;10.4
BESANÇON;47.23;6.02;08/06/2026;61;P10;Pluie;13.0;10.0;11.4;6.5;05:40;21:29;6.45;6.65;27.9;14.1;13.8;0.0;24.0;19;22.9;56.5;218;5.7
BESANÇON;47.23;6.02;09/06/2026;51;P10;Pluie faible;18.2;10.8;18.5;8.7;05:40;21:30;6.55;6.75;0.9;0.3;0.6;0.0;9.0;25;15.6;33.8;218;25.83
BESANÇON;47.23;6.02;10/06/2026;55;P10;Pluie faible;17.2;11.8;16.5;10.3;05:39;21:30;6.9;6.9;11.7;3.3;8.4;0.0;21.0;25;19.2;41.4;210;15.97
BESANÇON;47.23;6.02;11/06/2026;51;P10;Pluie faible;18.5;10.0;18.8;9.0;05:39;21:31;6.35;6.9;2.1;0.9;1.2;0.0;9.0;24;11.7;41.4;250;25.65
BESANÇON;47.23;6.02;12/06/2026;3;P4;Nuageux;29.6;11.5;31.1;10.1;05:39;21:31;6.1;6.9;0.0;0.0;0.0;0.0;0.0;;10.2;21.2;83;25.31
DIJON;47.32;5.04;28/05/2026;1;P2;Éclaircies;31.2;19.1;31.3;18.8;05:50;21:24;7.15;7.25;0.0;0.0;0.0;0.0;0.0;0;14.9;35.6;30;28.51
DIJON;47.32;5.04;29/05/2026;3;P4;Nuageux;32.0;18.0;31.0;17.6;05:49;21:25;7.25;7.25;0.0;0.0;0.0;0.0;0.0;0;11.8;28.4;33;28.8
DIJON;47.32;5.04;30/05/2026;3;P4;Nuageux;32.5;18.6;32.1;18.2;05:48;21:26;6.65;7.3;0.0;0.0;0.0;0.0;0.0;3;6.9;16.0;122;25.71
DIJON;47.32;5.04;31/05/2026;96;P10;Orageux;26.9;17.6;26.3;17.7;05:47;21:27;6.25;7.2;4.2;0.0;4.2;0.0;3.0;15;18.0;39.6;287;23.35
DIJON;47.32;5.04;01/06/2026;3;P4;Nuageux;25.1;14.7;24.7;14.3;05:47;21:28;6.9;7.3;0.0;0.0;0.0;0.0;0.0;3;10.0;24.1;291;21.01
DIJON;47.32;5.04;02/06/2026;3;P4;Nuageux;21.2;16.2;19.7;16.0;05:46;21:29;5.7;7.2;6.6;6.15;0.45;0.0;6.0;64;28.5;57.2;258;15.75
DIJON;47.32;5.04;03/06/2026;3;P4;Nuageux;21.8;13.4;18.1;11.0;05:46;21:29;5.65;6.95;0.0;0.0;0.0;0.0;0.0;57;22.9;46.1;257;21.47
DIJON;47.32;5.04;04/06/2026;80;P9;Averses;21.7;15.2;17.7;13.4;05:45;21:30;4.1;6.95;3.6;1.8;1.8;0.0;9.0;36;28.0;59.4;228;14.1
DIJON;47.32;5.04;05/06/2026;51;P10;Pluie faible;18.5;12.9;16.3;11.4;05:45;21:31;5.65;7.05;2.4;1.2;1.2;0.0;18.0;41;15.3;40.3;257;21.51
DIJON;47.32;5.04;06/06/2026;51;P10;Pluie faible;17.9;11.6;15.7;9.9;05:44;21:32;7.05;7.05;1.8;0.6;1.2;0.0;6.0;41;12.4;39.6;234;22.38
DIJON;47.32;5.04;07/06/2026;61;P10;Pluie;14.8;10.9;14.2;8.6;05:44;21:33;2.25;6.75;17.4;4.2;13.2;0.0;12.0;27;17.8;41.4;182;14.18
DIJON;47.32;5.04;08/06/2026;55;P10;Pluie faible;13.6;9.9;12.6;5.9;05:44;21:33;5.5;6.8;13.8;7.2;6.6;0.0;18.0;20;29.0;64.4;263;7.69
DIJON;47.32;5.04;09/06/2026;51;P10;Pluie faible;18.0;10.2;16.9;8.8;05:43;21:34;4.5;6.9;1.8;1.2;0.6;0.0;9.0;22;10.9;28.4;245;22.04
DIJON;47.32;5.04;10/06/2026;53;P10;Pluie faible;13.7;11.3;13.6;9.3;05:43;21:35;7.05;7.05;12.0;3.6;8.4;0.0;21.0;25;17.6;39.2;259;12.78
DIJON;47.32;5.04;11/06/2026;51;P10;Pluie faible;18.4;9.4;18.6;8.1;05:43;21:35;6.55;7.05;0.6;0.0;0.6;0.0;6.0;20;10.3;38.5;316;25.84
DIJON;47.32;5.04;12/06/2026;3;P4;Nuageux;32.4;11.3;33.1;9.9;05:43;21:36;6.35;7.1;0.0;0.0;0.0;0.0;0.0;;13.2;22.1;342;26.58
GRENOBLE;45.18;5.72;28/05/2026;2;P8;Éclaircies;32.2;19.1;32.8;20.1;05:55;21:13;7.5;7.5;0.0;0.0;0.0;0.0;0.0;0;20.4;48.6;319;27.54
GRENOBLE;45.18;5.72;29/05/2026;2;P8;Éclaircies;31.8;17.8;32.7;17.9;05:54;21:14;7.45;7.45;0.0;0.0;0.0;0.0;0.0;30;17.9;38.9;301;26.74
GRENOBLE;45.18;5.72;30/05/2026;3;P4;Nuageux;32.4;19.0;32.3;19.9;05:54;21:15;5.85;7.55;0.0;0.0;0.0;0.0;0.0;3;14.0;27.7;316;25.86
GRENOBLE;45.18;5.72;31/05/2026;80;P9;Averses;29.7;17.0;31.0;17.6;05:53;21:16;7.45;7.45;0.5;0.0;0.5;0.0;4.0;53;16.4;37.4;312;25.17
GRENOBLE;45.18;5.72;01/06/2026;3;P4;Nuageux;27.2;17.5;27.0;16.8;05:52;21:17;7.35;7.55;0.0;0.0;0.0;0.0;0.0;19;15.0;34.9;305;27.39
GRENOBLE;45.18;5.72;02/06/2026;80;P9;Averses;23.9;15.7;24.7;16.0;05:52;21:17;5.55;7.4;5.1;1.2;3.9;0.0;9.0;78;9.5;40.0;5;16.85
GRENOBLE;45.18;5.72;03/06/2026;3;P4;Nuageux;22.8;15.6;21.6;15.3;05:51;21:18;5.3;7.1;0.0;0.0;0.0;0.0;0.0;88;9.8;27.0;345;21.41
GRENOBLE;45.18;5.72;04/06/2026;63;P10;Pluie;23.8;15.0;23.8;13.6;05:51;21:19;7.2;7.3;16.8;16.8;0.3;0.0;9.0;56;11.8;29.9;188;13.06
GRENOBLE;45.18;5.72;05/06/2026;63;P10;Pluie;19.2;14.9;19.2;15.5;05:51;21:20;7.3;7.3;22.95;15.9;7.05;0.0;24.0;69;5.5;29.5;313;14.78
GRENOBLE;45.18;5.72;06/06/2026;53;P10;Pluie faible;20.4;12.7;21.7;13.0;05:50;21:21;6.8;7.25;5.1;1.5;3.6;0.0;18.0;42;5.4;32.8;312;16.64
GRENOBLE;45.18;5.72;07/06/2026;63;P10;Pluie;21.6;11.0;22.8;10.6;05:50;21:21;6.35;7.2;22.8;3.0;19.8;0.0;24.0;30;7.4;64.8;248;20.16
GRENOBLE;45.18;5.72;08/06/2026;55;P10;Pluie faible;16.0;10.5;15.5;10.0;05:50;21:22;3.6;7.0;18.0;10.8;7.2;0.0;21.0;18;4.9;27.7;75;7.78
GRENOBLE;45.18;5.72;09/06/2026;2;P8;Éclaircies;22.2;9.0;24.0;8.1;05:49;21:23;7.2;7.2;0.0;0.0;0.0;0.0;0.0;26;4.5;20.5;101;27.44
GRENOBLE;45.18;5.72;10/06/2026;81;P9;Averses;20.2;13.7;20.9;14.4;05:49;21:23;7.3;7.3;27.9;3.0;24.9;0.0;21.0;23;7.2;41.8;238;17.27
GRENOBLE;45.18;5.72;11/06/2026;55;P10;Pluie faible;21.0;12.5;20.7;12.7;05:49;21:24;7.1;7.3;3.9;1.8;2.1;0.0;9.0;25;10.5;43.9;317;24.79
GRENOBLE;45.18;5.72;12/06/2026;51;P10;Pluie faible;34.6;11.6;37.0;11.3;05:49;21:24;7.1;7.3;0.3;0.3;0.0;0.0;3.0;;13.8;32.4;219;26.12
CLERMONT-FERRAND;45.78;3.08;28/05/2026;2;P8;Éclaircies;31.3;16.5;30.9;15.8;06:03;21:26;7.65;7.65;0.0;0.0;0.0;0.0;0.0;0;15.1;36.4;354;29.14
CLERMONT-FERRAND;45.78;3.08;29/05/2026;3;P4;Nuageux;32.1;17.9;31.2;16.8;06:03;21:27;7.65;7.65;0.0;0.0;0.0;0.0;0.0;0;15.8;37.1;2;29.41
CLERMONT-FERRAND;45.78;3.08;30/05/2026;3;P4;Nuageux;33.1;18.8;33.1;17.9;06:02;21:28;7.2;7.7;0.0;0.0;0.0;0.0;0.0;8;9.8;27.5;272;27.0
CLERMONT-FERRAND;45.78;3.08;31/05/2026;3;P4;Nuageux;27.5;19.4;27.6;18.0;06:01;21:28;6.75;7.65;0.1;0.0;0.1;0.0;1.0;19;14.8;40.3;290;23.18
CLERMONT-FERRAND;45.78;3.08;01/06/2026;3;P4;Nuageux;27.0;14.7;26.2;13.6;06:01;21:29;7.7;7.75;0.0;0.0;0.0;0.0;0.0;7;8.9;28.4;21;22.24
CLERMONT-FERRAND;45.78;3.08;02/06/2026;61;P10;Pluie;22.7;15.9;19.8;13.4;06:00;21:30;4.3;7.55;2.1;1.05;1.05;0.0;6.0;35;22.7;55.8;265;18.28
CLERMONT-FERRAND;45.78;3.08;03/06/2026;3;P4;Nuageux;21.7;13.7;19.1;12.0;06:00;21:31;7.15;7.4;0.0;0.0;0.0;0.0;0.0;27;18.4;44.3;265;17.7
CLERMONT-FERRAND;45.78;3.08;04/06/2026;61;P10;Pluie;19.1;14.3;17.4;12.3;05:59;21:32;6.85;7.45;3.3;3.0;0.0;0.0;9.0;10;22.6;55.4;245;10.47
CLERMONT-FERRAND;45.78;3.08;05/06/2026;53;P10;Pluie faible;18.6;11.2;17.1;9.0;05:59;21:33;6.1;7.45;5.55;0.15;5.4;0.0;9.0;51;12.8;36.4;256;24.43
CLERMONT-FERRAND;45.78;3.08;06/06/2026;51;P10;Pluie faible;17.2;9.8;15.5;8.8;05:58;21:33;5.2;7.4;0.6;0.0;0.6;0.0;6.0;42;6.7;29.9;223;18.41
CLERMONT-FERRAND;45.78;3.08;07/06/2026;53;P10;Pluie faible;14.1;10.8;12.7;7.5;05:58;21:34;2.6;7.15;7.5;2.4;5.1;0.0;21.0;29;21.2;61.2;232;11.96
CLERMONT-FERRAND;45.78;3.08;08/06/2026;51;P10;Pluie faible;17.2;9.6;15.1;6.1;05:58;21:35;7.15;7.25;3.3;2.4;0.9;0.0;15.0;26;21.4;54.7;277;23.61
CLERMONT-FERRAND;45.78;3.08;09/06/2026;51;P10;Pluie faible;17.9;9.0;17.3;8.1;05:57;21:35;6.6;7.35;0.9;0.9;0.0;0.0;9.0;29;11.0;33.5;145;24.35
CLERMONT-FERRAND;45.78;3.08;10/06/2026;53;P10;Pluie faible;17.5;11.6;16.1;11.2;05:57;21:36;7.4;7.45;10.5;3.9;6.6;0.0;21.0;33;17.1;50.8;275;22.92
CLERMONT-FERRAND;45.78;3.08;11/06/2026;51;P10;Pluie faible;18.4;9.6;17.5;9.0;05:57;21:37;6.05;7.4;0.6;0.6;0.0;0.0;6.0;29;10.4;33.1;10;24.9
CLERMONT-FERRAND;45.78;3.08;12/06/2026;2;P8;Éclaircies;33.9;11.3;34.9;10.3;05:57;21:37;7.4;7.5;0.0;0.0;0.0;0.0;0.0;;16.6;25.6;266;29.15
VALENCE;44.93;4.89;28/05/2026;1;P2;Éclaircies;32.6;17.8;31.3;17.6;05:59;21:15;7.45;7.45;0.0;0.0;0.0;0.0;0.0;0;26.0;49.3;6;28.35
VALENCE;44.93;4.89;29/05/2026;1;P2;Éclaircies;32.5;18.3;32.4;17.0;05:58;21:16;7.45;7.45;0.0;0.0;0.0;0.0;0.0;0;19.5;36.7;13;28.44
VALENCE;44.93;4.89;30/05/2026;3;P4;Nuageux;33.1;17.4;33.8;18.2;05:58;21:17;7.15;7.5;0.0;0.0;0.0;0.0;0.0;0;13.8;25.9;197;25.96
VALENCE;44.93;4.89;31/05/2026;80;P9;Averses;29.1;18.7;29.7;20.4;05:57;21:18;7.45;7.45;0.6;0.0;0.6;0.0;3.0;13;23.5;46.1;359;22.6
VALENCE;44.93;4.89;01/06/2026;3;P4;Nuageux;27.3;18.4;24.6;16.7;05:57;21:19;7.45;7.55;0.0;0.0;0.0;0.0;0.0;4;28.9;56.5;4;27.19
VALENCE;44.93;4.89;02/06/2026;61;P10;Pluie;23.5;16.9;24.9;17.4;05:56;21:20;4.7;7.45;1.95;0.9;1.05;0.0;3.0;30;10.6;33.6;34;17.57
VALENCE;44.93;4.89;03/06/2026;2;P8;Éclaircies;24.2;15.6;21.2;15.0;05:56;21:21;7.2;7.2;0.0;0.0;0.0;0.0;0.0;33;21.3;39.6;17;20.58
VALENCE;44.93;4.89;04/06/2026;61;P10;Pluie;19.5;14.0;19.2;13.8;05:55;21:21;7.05;7.3;10.8;10.5;0.3;0.0;12.0;32;12.4;26.3;184;10.35
VALENCE;44.93;4.89;05/06/2026;53;P10;Pluie faible;20.1;14.9;19.7;15.2;05:55;21:22;7.1;7.25;10.5;5.7;4.8;0.0;21.0;41;12.0;47.2;360;25.59
VALENCE;44.93;4.89;06/06/2026;51;P10;Pluie faible;19.9;12.4;17.5;12.3;05:54;21:23;6.6;7.25;0.9;0.9;0.0;0.0;9.0;27;16.9;43.9;188;18.54
VALENCE;44.93;4.89;07/06/2026;63;P10;Pluie;17.9;13.6;17.7;12.1;05:54;21:24;6.95;7.15;29.7;7.5;22.2;0.0;21.0;22;16.5;73.8;208;17.78
VALENCE;44.93;4.89;08/06/2026;53;P10;Pluie faible;16.0;11.2;15.5;9.3;05:54;21:24;7.1;7.15;6.6;3.0;3.6;0.0;18.0;16;11.3;42.8;123;18.79
VALENCE;44.93;4.89;09/06/2026;3;P4;Nuageux;21.1;9.9;22.8;9.2;05:53;21:25;7.2;7.2;0.0;0.0;0.0;0.0;0.0;20;10.3;28.4;47;27.09
VALENCE;44.93;4.89;10/06/2026;53;P10;Pluie faible;18.8;15.2;19.2;14.7;05:53;21:25;7.25;7.3;8.1;4.2;3.9;0.0;15.0;16;14.7;49.7;191;20.64
VALENCE;44.93;4.89;11/06/2026;51;P10;Pluie faible;20.0;12.1;17.7;10.8;05:53;21:26;6.65;7.25;0.9;0.6;0.3;0.0;3.0;16;25.0;57.2;4;28.24
VALENCE;44.93;4.89;12/06/2026;2;P8;Éclaircies;34.8;12.9;34.0;11.5;05:53;21:27;6.95;7.3;0.0;0.0;0.0;0.0;0.0;;19.6;49.3;230;27.19
Gorges du Tarn Causses;44.318;3.447;28/05/2026;3;P4;Nuageux;26.7;14.3;25.6;12.4;06:07;21:19;7.65;7.65;0.0;0.0;0.0;0.0;0.0;0;21.9;41.8;14;29.93
Gorges du Tarn Causses;44.318;3.447;29/05/2026;3;P4;Nuageux;27.2;14.7;27.3;12.8;06:06;21:20;7.65;7.65;0.0;0.0;0.0;0.0;0.0;3;16.5;37.1;21;28.1
Gorges du Tarn Causses;44.318;3.447;30/05/2026;3;P4;Nuageux;26.8;14.1;26.7;13.4;06:06;21:21;7.3;7.7;0.0;0.0;0.0;0.0;0.0;8;17.9;34.4;274;25.36
Gorges du Tarn Causses;44.318;3.447;31/05/2026;3;P4;Nuageux;22.9;15.3;22.3;15.9;06:05;21:22;7.2;7.65;0.0;0.0;0.0;0.0;0.0;3;24.0;51.1;289;25.82
Gorges du Tarn Causses;44.318;3.447;01/06/2026;3;P4;Nuageux;22.6;12.3;21.1;11.2;06:05;21:23;7.75;7.75;0.0;0.0;0.0;0.0;0.0;1;19.7;41.8;302;25.91
Gorges du Tarn Causses;44.318;3.447;02/06/2026;61;P10;Pluie;16.5;11.0;13.4;7.3;06:04;21:23;5.0;7.5;0.75;0.3;0.45;0.0;3.0;18;29.0;60.5;286;16.24
Gorges du Tarn Causses;44.318;3.447;03/06/2026;3;P4;Nuageux;15.7;8.9;11.2;5.5;06:04;21:24;7.4;7.4;0.0;0.0;0.0;0.0;0.0;18;27.6;55.1;304;18.19
Gorges du Tarn Causses;44.318;3.447;04/06/2026;63;P10;Pluie;14.8;10.2;13.1;8.0;06:03;21:25;7.15;7.45;12.6;12.3;0.6;0.0;9.0;16;17.0;32.4;275;6.14
Gorges du Tarn Causses;44.318;3.447;05/06/2026;51;P10;Pluie faible;13.2;6.5;10.0;2.6;06:03;21:26;7.3;7.45;3.45;1.05;2.4;0.0;21.0;26;21.3;51.1;295;20.33
Gorges du Tarn Causses;44.318;3.447;06/06/2026;51;P10;Pluie faible;13.7;5.3;11.6;3.5;06:03;21:26;6.2;7.4;1.5;0.6;0.9;0.0;9.0;27;12.4;38.9;229;20.17
Gorges du Tarn Causses;44.318;3.447;07/06/2026;55;P10;Pluie faible;10.9;6.2;8.9;2.1;06:02;21:27;4.4;7.0;9.0;2.4;6.6;0.0;24.0;19;24.8;59.0;252;13.58
Gorges du Tarn Causses;44.318;3.447;08/06/2026;51;P10;Pluie faible;12.2;4.7;8.2;-0.1;06:02;21:28;7.35;7.4;2.7;1.2;1.5;0.0;21.0;12;26.2;62.6;291;18.9
Gorges du Tarn Causses;44.318;3.447;09/06/2026;3;P4;Nuageux;17.4;4.1;16.2;2.6;06:02;21:28;7.4;7.4;0.0;0.0;0.0;0.0;0.0;14;8.8;45.4;270;27.11
Gorges du Tarn Causses;44.318;3.447;10/06/2026;51;P10;Pluie faible;15.1;8.6;12.8;7.4;06:01;21:29;7.45;7.5;2.4;0.0;2.4;0.0;12.0;15;18.8;51.1;278;21.44
Gorges du Tarn Causses;44.318;3.447;11/06/2026;2;P8;Éclaircies;16.7;7.2;15.0;4.9;06:01;21:29;6.8;7.45;0.0;0.0;0.0;0.0;0.0;12;14.3;43.6;334;28.66
Gorges du Tarn Causses;44.318;3.447;12/06/2026;3;P4;Nuageux;29.8;6.2;30.3;4.6;06:01;21:30;7.6;7.5;0.0;0.0;0.0;0.0;0.0;;11.5;33.8;263;29.48
Saint-Paul-de-Jarrat;42.913;1.636;28/05/2026;3;P4;Nuageux;31.4;20.7;29.3;16.8;06:19;21:21;7.7;7.7;0.0;0.0;0.0;0.0;0.0;0;12.2;38.5;216;28.86
Saint-Paul-de-Jarrat;42.913;1.636;29/05/2026;3;P4;Nuageux;31.7;22.8;29.7;19.3;06:18;21:22;7.7;7.7;0.0;0.0;0.0;0.0;0.0;0;17.1;37.4;233;29.71
Saint-Paul-de-Jarrat;42.913;1.636;30/05/2026;3;P4;Nuageux;30.2;17.7;29.6;19.0;06:18;21:23;7.15;7.8;0.0;0.0;0.0;0.0;0.0;3;15.6;34.2;296;26.01
Saint-Paul-de-Jarrat;42.913;1.636;31/05/2026;3;P4;Nuageux;27.4;18.9;30.4;21.0;06:17;21:24;7.45;7.65;0.0;0.0;0.0;0.0;0.0;3;12.0;31.0;10;27.26
Saint-Paul-de-Jarrat;42.913;1.636;01/06/2026;53;P10;Pluie faible;27.9;18.5;30.4;20.4;06:17;21:25;7.7;7.75;1.4;1.4;0.0;0.0;7.0;6;10.7;27.0;17;26.62
Saint-Paul-de-Jarrat;42.913;1.636;02/06/2026;53;P10;Pluie faible;21.0;15.3;20.6;14.0;06:16;21:26;3.45;7.3;5.1;2.4;2.7;0.0;21.0;21;18.1;45.7;268;14.85
Saint-Paul-de-Jarrat;42.913;1.636;03/06/2026;2;P8;Éclaircies;22.2;12.3;23.6;11.1;06:16;21:26;7.45;7.45;0.0;0.0;0.0;0.0;0.0;23;15.7;39.6;284;28.88
Saint-Paul-de-Jarrat;42.913;1.636;04/06/2026;61;P10;Pluie;17.1;12.9;17.2;11.4;06:16;21:27;7.4;7.45;19.5;12.3;7.2;0.0;21.0;24;15.5;40.7;320;8.61
Saint-Paul-de-Jarrat;42.913;1.636;05/06/2026;61;P10;Pluie;16.6;10.8;15.2;8.1;06:15;21:28;5.5;7.45;12.3;5.1;7.2;0.0;18.0;35;18.8;50.8;284;22.59
Saint-Paul-de-Jarrat;42.913;1.636;06/06/2026;51;P10;Pluie faible;16.2;10.3;16.9;10.0;06:15;21:29;7.15;7.4;3.0;1.8;1.2;0.0;15.0;27;6.9;31.7;8;17.43
Saint-Paul-de-Jarrat;42.913;1.636;07/06/2026;53;P10;Pluie faible;13.0;9.5;10.7;7.9;06:15;21:29;0.95;6.9;3.6;2.4;1.2;0.0;12.0;32;20.6;56.2;267;17.58
Saint-Paul-de-Jarrat;42.913;1.636;08/06/2026;51;P10;Pluie faible;17.1;10.4;15.6;6.6;06:14;21:30;7.0;7.4;1.2;1.2;0.0;0.0;6.0;45;20.5;56.2;274;24.44
Saint-Paul-de-Jarrat;42.913;1.636;09/06/2026;53;P10;Pluie faible;20.3;11.1;22.3;10.1;06:14;21:30;7.45;7.45;4.2;1.2;3.0;0.0;6.0;36;7.4;31.3;109;25.56
Saint-Paul-de-Jarrat;42.913;1.636;10/06/2026;51;P10;Pluie faible;17.9;11.9;17.0;11.4;06:14;21:31;7.5;7.5;2.1;0.9;1.2;0.0;15.0;42;12.9;34.2;290;15.82
Saint-Paul-de-Jarrat;42.913;1.636;11/06/2026;51;P10;Pluie faible;19.1;12.5;19.5;11.9;06:14;21:31;7.3;7.45;0.9;0.3;0.6;0.0;3.0;42;11.4;30.2;312;23.42
Saint-Paul-de-Jarrat;42.913;1.636;12/06/2026;51;P10;Pluie faible;34.2;12.8;36.4;11.8;06:14;21:32;7.45;7.5;0.3;0.0;0.3;0.0;3.0;42;10.7;20.9;111;29.08
Puylagarde;44.298;1.837;28/05/2026;2;P8;Éclaircies;32.5;16.9;32.3;16.2;06:14;21:25;7.35;7.5;0.0;0.0;0.0;0.0;0.0;0;19.7;32.4;21;29.41
Puylagarde;44.298;1.837;29/05/2026;3;P4;Nuageux;32.3;16.8;31.4;15.7;06:13;21:26;7.5;7.5;0.0;0.0;0.0;0.0;0.0;0;15.1;27.0;53;29.97
Puylagarde;44.298;1.837;30/05/2026;3;P4;Nuageux;28.2;16.0;29.6;16.4;06:12;21:27;6.95;7.55;0.0;0.0;0.0;0.0;0.0;0;14.2;28.1;243;24.87
Puylagarde;44.298;1.837;31/05/2026;3;P4;Nuageux;25.3;16.8;24.4;17.1;06:12;21:28;3.85;7.35;0.0;0.0;0.0;0.0;0.0;3;17.8;32.8;291;16.7
Puylagarde;44.298;1.837;01/06/2026;3;P4;Nuageux;26.2;14.0;26.4;14.2;06:11;21:29;7.6;7.6;0.0;0.0;0.0;0.0;0.0;0;14.5;28.1;298;24.4
Puylagarde;44.298;1.837;02/06/2026;80;P9;Averses;21.3;15.1;18.2;12.8;06:11;21:30;4.4;7.2;2.85;1.35;1.65;0.0;6.0;27;28.3;56.5;278;13.09
Puylagarde;44.298;1.837;03/06/2026;3;P4;Nuageux;19.9;12.5;17.6;11.0;06:10;21:30;6.65;7.15;0.0;0.0;0.0;0.0;0.0;25;18.5;35.3;277;13.39
Puylagarde;44.298;1.837;04/06/2026;80;P9;Averses;17.3;14.5;16.7;13.1;06:10;21:31;6.5;7.25;11.7;9.3;2.7;0.0;15.0;30;15.0;43.2;239;4.18
Puylagarde;44.298;1.837;05/06/2026;53;P10;Pluie faible;15.8;10.6;14.0;8.4;06:09;21:32;6.55;7.25;10.65;3.0;7.65;0.0;21.0;45;17.9;39.6;272;18.02
Puylagarde;44.298;1.837;06/06/2026;51;P10;Pluie faible;18.2;9.7;18.7;8.7;06:09;21:33;6.65;7.2;0.6;0.0;0.6;0.0;6.0;27;10.8;29.2;252;25.19
Puylagarde;44.298;1.837;07/06/2026;55;P10;Pluie faible;14.9;10.9;12.5;7.0;06:09;21:33;2.0;6.85;12.6;3.3;9.3;0.0;21.0;17;25.9;56.9;241;16.41
Puylagarde;44.298;1.837;08/06/2026;51;P10;Pluie faible;17.2;8.7;15.2;5.5;06:08;21:34;7.15;7.15;2.4;0.3;2.1;0.0;21.0;10;22.0;51.1;271;18.84
Puylagarde;44.298;1.837;09/06/2026;3;P4;Nuageux;19.5;9.9;20.5;9.2;06:08;21:35;7.25;7.25;0.0;0.0;0.0;0.0;0.0;18;9.4;30.6;68;25.44
Puylagarde;44.298;1.837;10/06/2026;53;P10;Pluie faible;17.5;12.6;16.2;11.8;06:08;21:35;7.3;7.3;5.4;1.8;3.6;0.0;18.0;22;15.4;38.2;253;16.32
Puylagarde;44.298;1.837;11/06/2026;3;P4;Nuageux;20.2;10.9;19.6;10.4;06:08;21:36;6.95;7.25;0.0;0.0;0.0;0.0;0.0;16;12.4;30.2;342;26.95
Puylagarde;44.298;1.837;12/06/2026;3;P4;Nuageux;33.5;12.6;35.4;10.7;06:08;21:36;7.35;7.35;0.0;0.0;0.0;0.0;0.0;;11.3;22.3;64;29.16
Empuré;46.024;0.054;28/05/2026;1;P2;Éclaircies;35.0;18.1;36.6;18.7;06:15;21:39;7.5;7.5;0.0;0.0;0.0;0.0;0.0;18;12.0;20.9;43;29.09
Empuré;46.024;0.054;29/05/2026;3;P4;Nuageux;34.9;19.5;35.3;19.4;06:14;21:40;7.3;7.55;0.0;0.0;0.0;0.0;0.0;0;15.6;28.4;70;27.71
Empuré;46.024;0.054;30/05/2026;3;P4;Nuageux;31.2;20.0;34.0;19.6;06:13;21:41;7.55;7.55;0.0;0.0;0.0;0.0;0.0;0;18.9;32.7;233;27.36
Empuré;46.024;0.054;31/05/2026;45;brouillards;Brouillard;24.8;16.6;24.2;18.6;06:13;21:41;6.25;7.5;0.0;0.0;0.0;0.0;0.0;0;18.2;32.0;300;22.49
Empuré;46.024;0.054;01/06/2026;3;P4;Nuageux;25.0;16.0;24.6;17.1;06:12;21:42;7.55;7.55;0.0;0.0;0.0;0.0;0.0;5;20.0;33.8;277;21.11
Empuré;46.024;0.054;02/06/2026;80;P9;Averses;21.5;15.2;18.5;14.2;06:11;21:43;7.25;7.35;5.1;0.6;4.5;0.0;9.0;60;30.2;54.4;259;21.34
Empuré;46.024;0.054;03/06/2026;3;P4;Nuageux;18.3;13.9;16.9;12.9;06:11;21:44;3.4;7.15;1.8;0.6;1.2;0.0;15.0;29;24.5;42.8;219;6.36
Empuré;46.024;0.054;04/06/2026;80;P9;Averses;21.7;14.6;17.4;13.0;06:10;21:45;4.25;7.15;2.4;0.0;2.4;0.0;15.0;50;35.8;70.6;246;20.97
Empuré;46.024;0.054;05/06/2026;51;P10;Pluie faible;17.9;11.2;15.7;10.0;06:10;21:46;5.95;7.15;3.15;1.2;1.95;0.0;15.0;36;21.1;46.1;249;24.05
Empuré;46.024;0.054;06/06/2026;53;P10;Pluie faible;17.5;10.4;16.2;8.9;06:10;21:46;5.8;7.1;3.9;1.2;2.7;0.0;15.0;25;15.4;46.8;212;24.92
Empuré;46.024;0.054;07/06/2026;61;P10;Pluie;14.4;10.8;12.6;7.9;06:09;21:47;5.25;6.95;23.1;6.3;16.8;0.0;24.0;15;23.8;55.4;266;18.47
Empuré;46.024;0.054;08/06/2026;51;P10;Pluie faible;18.6;10.2;17.2;8.2;06:09;21:48;5.35;7.1;2.4;2.1;0.3;0.0;15.0;20;20.6;47.2;273;26.9
Empuré;46.024;0.054;09/06/2026;51;P10;Pluie faible;17.4;10.4;16.1;9.6;06:09;21:49;2.5;7.1;1.2;0.0;1.2;0.0;9.0;15;9.7;39.2;219;17.19
Empuré;46.024;0.054;10/06/2026;53;P10;Pluie faible;18.5;12.2;17.3;11.5;06:08;21:49;7.1;7.3;6.0;1.8;4.2;0.0;21.0;13;12.6;36.4;276;20.16
Empuré;46.024;0.054;11/06/2026;3;P4;Nuageux;20.7;10.6;22.2;9.8;06:08;21:50;3.4;7.25;0.0;0.0;0.0;0.0;0.0;15;7.8;23.0;36;28.75
Empuré;46.024;0.054;12/06/2026;2;P8;Éclaircies;31.2;12.8;33.0;10.7;06:08;21:50;7.3;7.3;0.0;0.0;0.0;0.0;0.0;;13.8;23.0;119;29.33
Berné;47.994;-3.391;28/05/2026;3;P4;Nuageux;31.1;15.9;30.6;17.5;06:21;22:00;7.1;7.35;0.0;0.0;0.0;0.0;0.0;3;14.3;28.8;169;26.31
Berné;47.994;-3.391;29/05/2026;3;P4;Nuageux;25.1;15.4;24.3;14.2;06:20;22:01;6.45;7.4;0.0;0.0;0.0;0.0;0.0;3;16.5;32.4;20;18.43
Berné;47.994;-3.391;30/05/2026;3;P4;Nuageux;26.8;15.7;25.2;14.1;06:19;22:02;7.05;7.3;0.0;0.0;0.0;0.0;0.0;0;19.3;37.1;3;28.56
Berné;47.994;-3.391;31/05/2026;3;P4;Nuageux;24.3;15.4;23.4;13.3;06:18;22:03;6.65;7.25;0.0;0.0;0.0;0.0;0.0;3;17.7;39.6;295;21.49
Berné;47.994;-3.391;01/06/2026;51;P10;Pluie faible;24.0;15.9;24.2;15.3;06:18;22:04;6.45;7.3;0.75;0.6;0.15;0.0;6.0;40;18.6;39.8;226;22.97
Berné;47.994;-3.391;02/06/2026;61;P10;Pluie;18.7;13.3;16.6;12.1;06:17;22:05;4.95;7.2;5.7;3.0;2.7;0.0;15.0;45;23.7;49.3;271;23.79
Berné;47.994;-3.391;03/06/2026;63;P10;Pluie;16.4;11.4;14.5;9.8;06:17;22:06;1.6;6.95;18.6;13.8;4.8;0.0;12.0;42;33.5;72.7;235;11.73
Berné;47.994;-3.391;04/06/2026;51;P10;Pluie faible;15.6;11.8;13.4;9.6;06:16;22:07;6.45;7.0;3.0;0.6;2.4;0.0;12.0;41;22.9;66.2;274;18.79
Berné;47.994;-3.391;05/06/2026;53;P10;Pluie faible;13.6;9.7;11.7;7.6;06:16;22:08;6.9;7.0;4.8;1.2;3.6;0.0;12.0;53;18.0;44.6;268;23.53
Berné;47.994;-3.391;06/06/2026;53;P10;Pluie faible;15.9;7.4;13.9;5.8;06:15;22:09;2.3;6.8;6.3;0.9;5.4;0.0;15.0;55;18.9;48.2;195;23.79
Berné;47.994;-3.391;07/06/2026;51;P10;Pluie faible;16.5;8.9;14.2;7.8;06:15;22:09;6.4;6.9;3.3;1.5;1.8;0.0;21.0;46;22.2;43.2;350;19.04
Berné;47.994;-3.391;08/06/2026;51;P10;Pluie faible;17.8;10.3;16.5;7.9;06:14;22:10;5.55;6.95;0.6;0.0;0.6;0.0;6.0;45;18.5;44.6;294;25.93
Berné;47.994;-3.391;09/06/2026;61;P10;Pluie;12.5;10.2;11.8;9.7;06:14;22:11;4.75;7.0;17.1;12.3;4.8;0.0;21.0;30;13.8;36.7;97;4.72
Berné;47.994;-3.391;10/06/2026;51;P10;Pluie faible;17.9;9.5;17.0;7.6;06:14;22:11;6.2;7.05;0.9;0.9;0.0;0.0;3.0;23;14.4;33.8;341;27.07
Berné;47.994;-3.391;11/06/2026;3;P4;Nuageux;17.9;9.9;16.5;8.9;06:13;22:12;5.2;7.1;0.0;0.0;0.0;0.0;0.0;25;11.5;29.2;229;18.31
Berné;47.994;-3.391;12/06/2026;3;P4;Nuageux;28.8;10.8;31.7;9.4;06:13;22:13;7.25;7.2;0.0;0.0;0.0;0.0;0.0;17;17.7;31.3;92;27.14
Attray;48.219;2.11;28/05/2026;3;P4;Nuageux;31.9;15.8;33.5;16.5;05:58;21:39;7.2;7.2;0.0;0.0;0.0;0.0;0.0;0;12.2;15.1;80;27.98
Attray;48.219;2.11;29/05/2026;3;P4;Nuageux;32.3;16.0;32.9;16.4;05:57;21:40;6.85;7.3;0.0;0.0;0.0;0.0;0.0;0;10.2;16.6;130;27.67
Attray;48.219;2.11;30/05/2026;3;P4;Nuageux;33.2;16.4;35.3;16.6;05:56;21:41;7.25;7.3;0.0;0.0;0.0;0.0;0.0;3;12.0;18.4;263;26.9
Attray;48.219;2.11;31/05/2026;3;P4;Nuageux;22.6;13.4;23.1;11.6;05:55;21:42;6.3;7.25;0.0;0.0;0.0;0.0;0.0;0;18.0;31.7;299;20.2
Attray;48.219;2.11;01/06/2026;3;P4;Nuageux;24.1;12.4;22.8;12.2;05:55;21:43;6.05;7.3;0.0;0.0;0.0;0.0;0.0;6;17.6;31.0;240;20.9
Attray;48.219;2.11;02/06/2026;80;P9;Averses;21.5;14.7;17.9;13.3;05:54;21:44;6.45;7.1;14.7;12.6;2.1;0.0;6.0;75;32.0;54.7;250;18.8
Attray;48.219;2.11;03/06/2026;3;P4;Nuageux;20.1;12.5;16.5;10.1;05:54;21:45;4.95;6.95;0.3;0.0;0.3;0.0;3.0;44;27.1;46.4;232;18.93
Attray;48.219;2.11;04/06/2026;80;P9;Averses;19.4;13.7;15.3;11.9;05:53;21:46;5.25;6.9;5.4;0.0;5.4;0.0;12.0;51;31.9;66.2;234;16.82
Attray;48.219;2.11;05/06/2026;51;P10;Pluie faible;17.2;11.4;16.4;9.3;05:52;21:47;4.7;6.95;3.0;1.95;1.05;0.0;21.0;47;16.5;39.6;251;24.64
Attray;48.219;2.11;06/06/2026;51;P10;Pluie faible;16.0;10.1;14.5;7.8;05:52;21:47;4.9;6.9;3.0;1.2;1.8;0.0;12.0;33;15.6;36.4;222;23.09
Attray;48.219;2.11;07/06/2026;61;P10;Pluie;13.4;9.9;12.8;8.6;05:52;21:48;5.3;6.75;23.1;9.9;13.2;0.0;15.0;22;22.0;38.2;9;9.49
Attray;48.219;2.11;08/06/2026;61;P10;Pluie;18.2;11.2;17.7;7.9;05:51;21:49;6.7;6.75;9.3;4.5;4.8;0.0;21.0;20;23.7;45.7;289;22.59
Attray;48.219;2.11;09/06/2026;53;P10;Pluie faible;16.0;10.6;14.6;9.3;05:51;21:50;6.45;6.9;3.3;2.4;0.9;0.0;9.0;20;11.5;29.2;249;15.72
Attray;48.219;2.11;10/06/2026;53;P10;Pluie faible;16.3;11.2;15.4;10.6;05:51;21:50;6.6;7.0;10.5;5.4;5.1;0.0;21.0;31;15.7;34.9;358;13.42
Attray;48.219;2.11;11/06/2026;3;P4;Nuageux;19.0;9.4;19.6;8.2;05:50;21:51;5.7;7.0;0.0;0.0;0.0;0.0;0.0;24;8.7;21.6;278;26.13
Attray;48.219;2.11;12/06/2026;2;P8;Éclaircies;29.9;11.4;32.9;11.0;05:50;21:52;7.1;7.05;0.0;0.0;0.0;0.0;0.0;;17.5;31.7;356;28.63
Fontenoy-la-Joute;48.453;6.66;28/05/2026;1;P2;Éclaircies;28.4;15.0;28.5;14.7;05:39;21:22;6.9;6.9;0.0;0.0;0.0;0.0;0.0;0;15.2;27.0;34;28.46
Fontenoy-la-Joute;48.453;6.66;29/05/2026;3;P4;Nuageux;30.6;13.8;29.8;13.2;05:38;21:23;6.95;6.95;0.0;0.0;0.0;0.0;0.0;0;15.3;26.6;35;28.28
Fontenoy-la-Joute;48.453;6.66;30/05/2026;3;P4;Nuageux;31.0;16.0;30.4;15.6;05:37;21:24;6.65;6.95;0.0;0.0;0.0;0.0;0.0;8;8.7;16.9;238;23.08
Fontenoy-la-Joute;48.453;6.66;31/05/2026;95;P10;Orageux;27.2;16.0;26.1;16.1;05:36;21:25;6.25;6.9;1.2;0.0;1.2;0.0;2.0;65;20.3;44.6;257;21.81
Fontenoy-la-Joute;48.453;6.66;01/06/2026;3;P4;Nuageux;23.8;14.1;22.6;14.2;05:36;21:26;6.75;6.95;0.0;0.0;0.0;0.0;0.0;20;13.7;31.7;264;21.56
Fontenoy-la-Joute;48.453;6.66;02/06/2026;95;P10;Orageux;20.6;14.3;19.7;13.9;05:35;21:27;5.3;6.8;6.45;0.45;6.0;0.0;15.0;84;17.1;50.8;225;12.19
Fontenoy-la-Joute;48.453;6.66;03/06/2026;80;P9;Averses;19.2;12.3;17.5;11.2;05:34;21:28;4.0;6.35;3.3;0.0;3.3;0.0;12.0;84;19.2;48.6;235;16.88
Fontenoy-la-Joute;48.453;6.66;04/06/2026;95;P10;Orageux;19.5;14.8;16.9;12.9;05:34;21:29;5.65;6.6;11.1;0.6;10.5;0.0;12.0;60;24.2;56.5;212;13.64
Fontenoy-la-Joute;48.453;6.66;05/06/2026;53;P10;Pluie faible;16.9;12.1;15.6;11.2;05:33;21:30;4.0;6.75;12.3;6.45;5.85;0.0;24.0;53;17.6;43.9;237;16.63
Fontenoy-la-Joute;48.453;6.66;06/06/2026;51;P10;Pluie faible;15.3;10.8;13.5;9.8;05:33;21:30;6.65;6.75;2.4;0.3;2.1;0.0;15.0;43;16.3;36.7;211;21.77
Fontenoy-la-Joute;48.453;6.66;07/06/2026;61;P10;Pluie;15.2;9.3;14.6;7.8;05:32;21:31;5.2;6.5;11.4;6.9;4.5;0.0;15.0;37;15.0;34.6;131;15.41
Fontenoy-la-Joute;48.453;6.66;08/06/2026;53;P10;Pluie faible;13.8;9.7;12.3;6.6;05:32;21:32;5.85;6.45;10.8;4.2;6.6;0.0;18.0;19;18.7;40.3;233;11.56
Fontenoy-la-Joute;48.453;6.66;09/06/2026;51;P10;Pluie faible;15.6;10.6;15.4;8.2;05:32;21:33;5.4;6.6;3.3;2.1;1.2;0.0;18.0;23;16.8;33.8;228;16.07
Fontenoy-la-Joute;48.453;6.66;10/06/2026;61;P10;Pluie;14.9;11.0;13.8;9.5;05:31;21:33;6.7;6.75;18.3;6.6;11.7;0.0;24.0;35;12.3;31.0;241;10.34
Fontenoy-la-Joute;48.453;6.66;11/06/2026;53;P10;Pluie faible;17.9;9.6;17.5;7.9;05:31;21:34;5.35;6.75;3.6;1.8;1.8;0.0;21.0;32;12.3;29.9;273;20.58
Fontenoy-la-Joute;48.453;6.66;12/06/2026;53;P10;Pluie faible;28.1;9.7;28.2;8.9;05:31;21:34;5.35;6.75;1.8;0.0;1.8;0.0;3.0;;13.6;25.9;326;21.75
Clermont-en-Argonne;49.102;5.071;28/05/2026;1;P2;Éclaircies;28.6;15.8;30.1;15.3;05:42;21:31;6.9;6.9;0.0;0.0;0.0;0.0;0.0;0;12.6;22.3;67;28.21
Clermont-en-Argonne;49.102;5.071;29/05/2026;45;brouillards;Brouillard;30.7;12.1;32.5;12.1;05:41;21:32;6.95;6.95;0.0;0.0;0.0;0.0;0.0;0;5.5;10.4;87;28.0
Clermont-en-Argonne;49.102;5.071;30/05/2026;3;P4;Nuageux;31.7;15.0;32.3;15.2;05:41;21:33;5.55;6.95;0.0;0.0;0.0;0.0;0.0;10;9.8;19.1;229;24.44
Clermont-en-Argonne;49.102;5.071;31/05/2026;3;P4;Nuageux;23.6;16.5;23.6;16.7;05:40;21:34;5.15;6.7;0.1;0.0;0.1;0.0;1.0;23;19.0;40.0;287;21.18
Clermont-en-Argonne;49.102;5.071;01/06/2026;3;P4;Nuageux;21.6;13.8;21.1;13.8;05:39;21:35;6.3;6.95;0.0;0.0;0.0;0.0;0.0;11;12.3;26.3;260;20.1
Clermont-en-Argonne;49.102;5.071;02/06/2026;80;P9;Averses;18.1;14.6;16.8;13.7;05:38;21:36;5.3;6.6;11.7;5.7;6.0;0.0;15.0;86;19.7;51.8;226;10.59
Clermont-en-Argonne;49.102;5.071;03/06/2026;80;P9;Averses;19.3;12.0;16.8;10.2;05:38;21:37;5.05;6.45;3.0;0.0;3.0;0.0;12.0;73;22.7;46.4;238;17.3
Clermont-en-Argonne;49.102;5.071;04/06/2026;80;P9;Averses;19.6;13.6;16.8;12.3;05:37;21:38;5.0;6.55;3.3;0.0;3.3;0.0;9.0;60;26.0;65.5;225;15.75
Clermont-en-Argonne;49.102;5.071;05/06/2026;51;P10;Pluie faible;16.7;11.5;15.0;10.3;05:37;21:39;4.95;6.55;4.35;1.2;3.15;0.0;24.0;64;17.1;39.2;237;16.79
Clermont-en-Argonne;49.102;5.071;06/06/2026;53;P10;Pluie faible;16.0;10.2;14.1;8.5;05:36;21:40;6.35;6.65;3.9;0.6;3.3;0.0;15.0;52;17.1;39.6;217;21.5
Clermont-en-Argonne;49.102;5.071;07/06/2026;53;P10;Pluie faible;17.7;9.4;15.4;7.9;05:36;21:40;3.0;6.35;4.8;1.8;3.0;0.0;6.0;33;20.7;37.1;133;18.28
Clermont-en-Argonne;49.102;5.071;08/06/2026;55;P10;Pluie faible;15.8;10.3;14.6;8.2;05:35;21:41;6.55;6.5;8.7;3.3;5.4;0.0;21.0;20;19.7;42.1;264;12.14
Clermont-en-Argonne;49.102;5.071;09/06/2026;51;P10;Pluie faible;16.1;10.5;14.1;9.3;05:35;21:42;6.5;6.55;3.0;1.2;1.8;0.0;24.0;27;15.6;36.0;232;16.14
Clermont-en-Argonne;49.102;5.071;10/06/2026;53;P10;Pluie faible;12.1;10.1;11.8;8.7;05:35;21:43;6.5;6.65;7.5;5.7;1.8;0.0;21.0;28;11.8;23.0;297;6.64
Clermont-en-Argonne;49.102;5.071;11/06/2026;51;P10;Pluie faible;18.0;8.4;18.1;7.2;05:34;21:43;5.95;6.7;0.6;0.0;0.6;0.0;6.0;24;8.9;25.6;275;21.11
Clermont-en-Argonne;49.102;5.071;12/06/2026;3;P4;Nuageux;26.1;10.9;28.7;10.4;05:34;21:44;5.9;6.7;0.0;0.0;0.0;0.0;0.0;;10.8;20.5;64;24.96
Boulogne-sur-Mer;50.726;1.614;28/05/2026;80;P9;Averses;31.1;18.5;32.8;16.6;05:49;21:52;6.9;6.9;0.1;0.0;0.1;0.0;1.0;3;17.0;36.0;130;25.78
Boulogne-sur-Mer;50.726;1.614;29/05/2026;3;P4;Nuageux;24.4;19.1;26.1;19.1;05:48;21:53;5.5;6.95;0.0;0.0;0.0;0.0;0.0;5;14.0;32.8;205;20.02
Boulogne-sur-Mer;50.726;1.614;30/05/2026;3;P4;Nuageux;25.0;16.8;26.7;16.8;05:47;21:54;6.85;6.95;0.0;0.0;0.0;0.0;0.0;10;10.4;25.9;306;25.84
Boulogne-sur-Mer;50.726;1.614;31/05/2026;3;P4;Nuageux;17.0;15.6;16.5;13.2;05:46;21:55;5.8;6.9;0.0;0.0;0.0;0.0;0.0;8;26.4;47.5;252;13.36
Boulogne-sur-Mer;50.726;1.614;01/06/2026;3;P4;Nuageux;16.6;15.0;15.1;13.0;05:45;21:56;5.6;6.95;1.2;0.9;0.3;0.0;9.0;59;23.0;41.0;233;10.71
Boulogne-sur-Mer;50.726;1.614;02/06/2026;80;P9;Averses;16.3;14.5;14.8;9.9;05:45;21:58;6.7;6.85;4.2;1.2;3.0;0.0;15.0;69;41.0;72.4;237;20.91
Boulogne-sur-Mer;50.726;1.614;03/06/2026;80;P9;Averses;16.9;14.2;15.0;9.9;05:44;21:59;5.95;6.6;6.6;0.9;6.0;0.0;12.0;49;35.2;61.2;241;22.74
Boulogne-sur-Mer;50.726;1.614;04/06/2026;80;P9;Averses;16.3;14.7;13.0;10.3;05:43;22:00;6.65;6.6;3.6;0.0;3.6;0.0;15.0;58;40.1;70.9;236;19.92
Boulogne-sur-Mer;50.726;1.614;05/06/2026;51;P10;Pluie faible;15.9;13.1;14.2;11.3;05:43;22:00;6.6;6.65;0.75;0.0;0.75;0.0;9.0;53;24.4;49.3;246;26.49
Boulogne-sur-Mer;50.726;1.614;06/06/2026;51;P10;Pluie faible;15.0;12.2;12.3;10.4;05:42;22:01;4.8;6.65;3.0;1.2;1.8;0.0;12.0;43;25.4;56.5;229;25.93
Boulogne-sur-Mer;50.726;1.614;07/06/2026;51;P10;Pluie faible;17.5;10.6;16.0;8.9;05:42;22:02;5.75;6.5;0.6;0.0;0.6;0.0;6.0;35;17.3;42.1;44;23.1
Boulogne-sur-Mer;50.726;1.614;08/06/2026;51;P10;Pluie faible;16.4;13.2;15.7;11.0;05:41;22:03;6.45;6.5;2.7;1.2;1.5;0.0;15.0;35;20.3;41.4;339;24.07
Boulogne-sur-Mer;50.726;1.614;09/06/2026;51;P10;Pluie faible;14.2;12.6;11.8;10.4;05:41;22:04;6.6;6.6;2.1;1.2;0.9;0.0;15.0;37;19.8;42.8;246;20.73
Boulogne-sur-Mer;50.726;1.614;10/06/2026;51;P10;Pluie faible;15.9;12.0;16.1;10.3;05:40;22:05;6.2;6.7;1.2;1.2;0.0;0.0;12.0;29;13.3;42.1;274;27.34
Boulogne-sur-Mer;50.726;1.614;11/06/2026;51;P10;Pluie faible;16.5;12.2;14.5;11.6;05:40;22:05;6.55;6.7;0.6;0.0;0.6;0.0;6.0;27;22.9;51.1;241;26.71
Boulogne-sur-Mer;50.726;1.614;12/06/2026;3;P4;Nuageux;22.7;13.1;23.5;11.8;05:40;22:06;5.8;6.75;0.0;0.0;0.0;0.0;0.0;;14.1;42.1;231;22.63
Prémont;50.012;3.414;28/05/2026;3;P4;Nuageux;28.7;14.8;31.1;13.2;05:45;21:41;6.85;7.0;0.0;0.0;0.0;0.0;0.0;18;15.8;28.4;101;28.03
Prémont;50.012;3.414;29/05/2026;3;P4;Nuageux;30.0;18.8;31.2;18.4;05:44;21:43;6.75;7.05;0.0;0.0;0.0;0.0;0.0;16;12.2;26.6;177;19.76
Prémont;50.012;3.414;30/05/2026;3;P4;Nuageux;30.6;19.1;33.3;19.7;05:43;21:44;6.75;7.05;0.0;0.0;0.0;0.0;0.0;47;15.5;28.8;19;25.49
Prémont;50.012;3.414;31/05/2026;3;P4;Nuageux;22.5;16.1;22.0;14.6;05:42;21:45;6.15;7.0;0.08;0.0;0.08;0.0;1.0;28;30.2;56.2;270;20.81
Prémont;50.012;3.414;01/06/2026;51;P10;Pluie faible;21.2;12.2;21.0;11.2;05:42;21:46;6.2;7.1;0.3;0.3;0.0;0.0;3.0;14;15.5;30.6;240;18.17
Prémont;50.012;3.414;02/06/2026;53;P10;Pluie faible;20.0;13.8;18.5;11.9;05:41;21:47;5.4;6.7;5.1;1.5;3.6;0.0;18.0;93;22.2;49.3;236;20.58
Prémont;50.012;3.414;03/06/2026;61;P10;Pluie;16.5;11.2;14.4;9.4;05:40;21:48;5.1;6.7;14.7;6.6;8.1;0.0;12.0;72;21.8;56.5;201;15.22
Prémont;50.012;3.414;04/06/2026;53;P10;Pluie faible;16.1;12.2;13.3;8.3;05:40;21:49;5.4;6.75;6.3;3.0;3.3;0.0;18.0;92;30.3;60.1;215;20.07
Prémont;50.012;3.414;05/06/2026;53;P10;Pluie faible;15.6;11.6;14.3;10.5;05:39;21:50;4.6;6.75;7.8;2.4;5.4;0.0;21.0;72;15.7;36.7;236;18.93
Prémont;50.012;3.414;06/06/2026;51;P10;Pluie faible;16.0;10.4;14.2;8.5;05:38;21:51;4.25;6.65;2.4;0.0;2.4;0.0;18.0;50;18.5;41.4;216;21.39
Prémont;50.012;3.414;07/06/2026;61;P10;Pluie;17.8;9.6;16.2;8.4;05:38;21:51;2.55;6.55;9.3;5.1;4.2;0.0;9.0;39;16.2;37.8;79;19.93
Prémont;50.012;3.414;08/06/2026;61;P10;Pluie;18.0;11.6;16.8;8.7;05:38;21:52;6.55;6.6;11.7;6.9;4.8;0.0;21.0;31;22.3;42.1;324;22.73
Prémont;50.012;3.414;09/06/2026;51;P10;Pluie faible;14.3;10.4;12.0;9.4;05:37;21:53;6.35;6.65;1.5;0.3;1.2;0.0;15.0;28;18.2;38.9;240;20.44
Prémont;50.012;3.414;10/06/2026;51;P10;Pluie faible;15.1;10.4;14.1;9.8;05:37;21:54;6.15;6.8;3.3;2.1;1.2;0.0;21.0;35;8.7;32.0;297;16.39
Prémont;50.012;3.414;11/06/2026;51;P10;Pluie faible;18.2;9.6;18.3;8.6;05:37;21:54;6.45;6.8;2.4;1.2;1.2;0.0;6.0;30;10.4;28.1;257;23.66
Prémont;50.012;3.414;12/06/2026;51;P10;Pluie faible;23.7;10.5;25.3;9.7;05:36;21:55;5.15;6.9;0.9;0.0;0.9;0.0;3.0;;11.0;23.8;208;23.36
Morannes-sur-Sarthe-Daumeray;47.644;-0.416;28/05/2026;3;P4;Nuageux;34.5;17.2;36.3;18.6;06:10;21:47;7.25;7.25;0.0;0.0;0.0;0.0;0.0;3;11.3;19.8;117;28.23
Morannes-sur-Sarthe-Daumeray;47.644;-0.416;29/05/2026;3;P4;Nuageux;33.6;18.9;34.8;19.6;06:09;21:48;6.9;7.3;0.0;0.0;0.0;0.0;0.0;0;8.3;16.6;134;27.01
Morannes-sur-Sarthe-Daumeray;47.644;-0.416;30/05/2026;3;P4;Nuageux;33.3;18.1;35.0;16.8;06:09;21:49;6.9;7.25;0.0;0.0;0.0;0.0;0.0;5;19.6;35.3;308;25.2
Morannes-sur-Sarthe-Daumeray;47.644;-0.416;31/05/2026;3;P4;Nuageux;23.3;12.8;22.1;12.0;06:08;21:50;6.35;7.3;0.0;0.0;0.0;0.0;0.0;5;17.1;34.2;296;18.13
Morannes-sur-Sarthe-Daumeray;47.644;-0.416;01/06/2026;3;P4;Nuageux;24.6;12.4;23.3;12.4;06:07;21:51;7.25;7.35;0.0;0.0;0.0;0.0;0.0;21;22.3;40.3;247;24.04
Morannes-sur-Sarthe-Daumeray;47.644;-0.416;02/06/2026;95;P10;Orageux;21.5;15.6;17.5;13.1;06:07;21:52;6.5;7.15;4.2;0.3;3.6;0.0;6.0;55;31.4;57.6;256;21.31
Morannes-sur-Sarthe-Daumeray;47.644;-0.416;03/06/2026;3;P4;Nuageux;19.5;11.8;18.5;10.2;06:06;21:53;0.7;6.85;2.1;1.8;0.3;0.0;9.0;42;22.1;46.1;230;10.98
Morannes-sur-Sarthe-Daumeray;47.644;-0.416;04/06/2026;80;P9;Averses;20.0;15.4;16.5;13.0;06:06;21:53;6.6;6.9;2.1;0.0;2.1;0.0;12.0;45;33.0;64.4;242;17.76
Morannes-sur-Sarthe-Daumeray;47.644;-0.416;05/06/2026;53;P10;Pluie faible;16.3;11.2;14.0;9.9;06:05;21:54;4.25;6.9;5.1;0.9;4.2;0.0;15.0;47;20.7;44.6;249;24.24
Morannes-sur-Sarthe-Daumeray;47.644;-0.416;06/06/2026;51;P10;Pluie faible;16.9;10.1;15.1;8.4;06:05;21:55;6.15;6.95;4.2;1.5;2.7;0.0;15.0;28;13.9;41.0;213;22.55
Morannes-sur-Sarthe-Daumeray;47.644;-0.416;07/06/2026;63;P10;Pluie;12.7;11.0;12.7;9.2;06:04;21:56;5.4;6.75;42.9;28.2;14.7;0.0;24.0;18;19.5;47.5;329;3.8
Morannes-sur-Sarthe-Daumeray;47.644;-0.416;08/06/2026;51;P10;Pluie faible;18.3;10.9;17.0;8.5;06:04;21:57;6.45;6.85;5.4;3.3;2.1;0.0;18.0;20;19.0;41.0;282;22.5
Morannes-sur-Sarthe-Daumeray;47.644;-0.416;09/06/2026;53;P10;Pluie faible;15.2;10.6;15.3;10.0;06:04;21:57;2.85;6.9;8.1;5.7;2.4;0.0;18.0;16;7.1;31.3;215;10.98
Morannes-sur-Sarthe-Daumeray;47.644;-0.416;10/06/2026;55;P10;Pluie faible;18.5;11.9;17.4;11.3;06:03;21:58;5.0;7.0;8.4;6.3;2.1;0.0;15.0;20;17.0;34.9;342;24.53
Morannes-sur-Sarthe-Daumeray;47.644;-0.416;11/06/2026;3;P4;Nuageux;20.3;9.3;20.9;8.3;06:03;21:59;5.3;7.0;0.0;0.0;0.0;0.0;0.0;20;9.1;31.3;295;25.78
Morannes-sur-Sarthe-Daumeray;47.644;-0.416;12/06/2026;1;P2;Éclaircies;32.9;12.8;34.3;11.3;06:03;21:59;7.15;7.15;0.0;0.0;0.0;0.0;0.0;;19.5;28.4;28;29.02
